Initializing PostgreSQL database ycsb...
Done initializing ycsb.
Initializing PostgreSQL database ycsb_unchange...
Done initializing ycsb_unchange.
=== Executing the load phase ===
Initial-load verification - TotalSize:1000000 ExpectedFieldLength:100
Arrangement completed. Output saved to ../analysis/Data/Workload_data/postgresql_array_run2_zipfian_light_mixed.csv
Reference-load verification - TotalSize:1000000 ExpectedFieldLength:100
=== Setting parameter values for extend phase ===
=== Executing the extend phase with extendproportion=1 and other proportions=0 ===
Arrangement completed. Output saved to ../analysis/Data/Workload_data/postgresql_array_run2_zipfian_light_mixed.csv
Size computation started
Extend verification - Min:1000 Max:40300 Avg:2000 (Expected avg per record: ~1000 bytes initially)
Generating histogram from key size log: key_sizes_zipfian_light_mixed.csv
Histogram written to histogram_postgresql_array_zipfian_light_mixed_2.txt (BlockSize = 100)
Appending first iteration...
First iteration: Appended values from key_sizes_zipfian_light_mixed.csv to ../analysis/Data/Value_size_data/value_sizes_postgresql_array_run2_zipfian_light_mixed_before.csv
VACUUM start: 1773505581
VACUUM end: 1773505581
=== Setting parameter values for run phase ===
Checking query plan before run phase
=== Executing the run phase with extendproportion=0 and read/update proportions=0.5 ===
Arrangement completed. Output saved to ../analysis/Data/Workload_data/postgresql_array_run2_zipfian_light_mixed.csv
Arrangement completed. Output saved to ../analysis/Data/Workload_data/postgresql_array_run2_zipfian_light_mixed.csv
Backing up the database started
Backing up the database finished
Arrangement completed. Output saved to ../analysis/Data/Workload_data/postgresql_array_run2_zipfian_light_mixed.csv
Size computation started
Appending first iteration...
First iteration: Appended values from key_sizes_zipfian_light_mixed.csv to ../analysis/Data/Value_size_data/value_sizes_postgresql_array_run2_zipfian_light_mixed_after.csv
Total size: 2471500, Field length average: 247
Workload file fieldlength set to: 247 (expected: 247)
=== Executing the load phase for the comparison study ===
Comparison-load verification - Epoch:1 Run:1 TotalSize:2470000 ExpectedFieldLength:247
Avg-run verification - Epoch:1 Run:1 Iteration:1 TotalSize:2470000 ExpectedFieldLength:247
=== Executing the run phase with extendproportion=0 and read/update proportions=0.5 ===
Arrangement completed. Output saved to ../analysis/Data/Workload_data/postgresql_array_run2_zipfian_light_mixed.csv
=== Setting parameter values for extend phase ===
=== Executing the extend phase with extendproportion=1 and other proportions=0 ===
Arrangement completed. Output saved to ../analysis/Data/Workload_data/postgresql_array_run2_zipfian_light_mixed.csv
Size computation started
Extend verification - Min:2200 Max:42600 Avg:3438 (Expected avg per record: ~1000 bytes initially)
Generating histogram from key size log: key_sizes_zipfian_light_mixed.csv
Histogram written to histogram_postgresql_array_zipfian_light_mixed_2.txt (BlockSize = 100)
Appending subsequent iteration 2...
Iteration 2: Appended new size values from key_sizes_zipfian_light_mixed.csv to ../analysis/Data/Value_size_data/value_sizes_postgresql_array_run2_zipfian_light_mixed_before.csv
VACUUM start: 1773505865
VACUUM end: 1773505865
=== Setting parameter values for run phase ===
Checking query plan before run phase
=== Executing the run phase with extendproportion=0 and read/update proportions=0.5 ===
Arrangement completed. Output saved to ../analysis/Data/Workload_data/postgresql_array_run2_zipfian_light_mixed.csv
Arrangement completed. Output saved to ../analysis/Data/Workload_data/postgresql_array_run2_zipfian_light_mixed.csv
Backing up the database started
Backing up the database finished
Arrangement completed. Output saved to ../analysis/Data/Workload_data/postgresql_array_run2_zipfian_light_mixed.csv
Size computation started
Appending subsequent iteration 2...
Iteration 2: Appended new size values from key_sizes_zipfian_light_mixed.csv to ../analysis/Data/Value_size_data/value_sizes_postgresql_array_run2_zipfian_light_mixed_after.csv
Total size: 3985300, Field length average: 398
Workload file fieldlength set to: 398 (expected: 398)
=== Executing the load phase for the comparison study ===
Comparison-load verification - Epoch:1 Run:2 TotalSize:3980000 ExpectedFieldLength:398
Avg-run verification - Epoch:1 Run:2 Iteration:2 TotalSize:3980000 ExpectedFieldLength:398
=== Executing the run phase with extendproportion=0 and read/update proportions=0.5 ===
Arrangement completed. Output saved to ../analysis/Data/Workload_data/postgresql_array_run2_zipfian_light_mixed.csv
=== Setting parameter values for extend phase ===
=== Executing the extend phase with extendproportion=1 and other proportions=0 ===
Arrangement completed. Output saved to ../analysis/Data/Workload_data/postgresql_array_run2_zipfian_light_mixed.csv
Size computation started
Extend verification - Min:3500 Max:46000 Avg:4956 (Expected avg per record: ~1000 bytes initially)
Generating histogram from key size log: key_sizes_zipfian_light_mixed.csv
Histogram written to histogram_postgresql_array_zipfian_light_mixed_2.txt (BlockSize = 100)
Appending subsequent iteration 3...
Iteration 3: Appended new size values from key_sizes_zipfian_light_mixed.csv to ../analysis/Data/Value_size_data/value_sizes_postgresql_array_run2_zipfian_light_mixed_before.csv
VACUUM start: 1773506147
VACUUM end: 1773506147
=== Setting parameter values for run phase ===
Checking query plan before run phase
=== Executing the run phase with extendproportion=0 and read/update proportions=0.5 ===
Arrangement completed. Output saved to ../analysis/Data/Workload_data/postgresql_array_run2_zipfian_light_mixed.csv
Arrangement completed. Output saved to ../analysis/Data/Workload_data/postgresql_array_run2_zipfian_light_mixed.csv
Backing up the database started
Backing up the database finished
Arrangement completed. Output saved to ../analysis/Data/Workload_data/postgresql_array_run2_zipfian_light_mixed.csv
Size computation started
Appending subsequent iteration 3...
Iteration 3: Appended new size values from key_sizes_zipfian_light_mixed.csv to ../analysis/Data/Value_size_data/value_sizes_postgresql_array_run2_zipfian_light_mixed_after.csv
Total size: 5442500, Field length average: 544
Workload file fieldlength set to: 544 (expected: 544)
=== Executing the load phase for the comparison study ===
Comparison-load verification - Epoch:1 Run:3 TotalSize:5440000 ExpectedFieldLength:544
Avg-run verification - Epoch:1 Run:3 Iteration:3 TotalSize:5440000 ExpectedFieldLength:544
=== Executing the run phase with extendproportion=0 and read/update proportions=0.5 ===
Arrangement completed. Output saved to ../analysis/Data/Workload_data/postgresql_array_run2_zipfian_light_mixed.csv
=== Setting parameter values for extend phase ===
=== Executing the extend phase with extendproportion=1 and other proportions=0 ===
Arrangement completed. Output saved to ../analysis/Data/Workload_data/postgresql_array_run2_zipfian_light_mixed.csv
Size computation started
Extend verification - Min:5100 Max:44400 Avg:6446 (Expected avg per record: ~1000 bytes initially)
Generating histogram from key size log: key_sizes_zipfian_light_mixed.csv
Histogram written to histogram_postgresql_array_zipfian_light_mixed_2.txt (BlockSize = 100)
Appending subsequent iteration 4...
Iteration 4: Appended new size values from key_sizes_zipfian_light_mixed.csv to ../analysis/Data/Value_size_data/value_sizes_postgresql_array_run2_zipfian_light_mixed_before.csv
VACUUM start: 1773506436
VACUUM end: 1773506436
=== Setting parameter values for run phase ===
Checking query plan before run phase
=== Executing the run phase with extendproportion=0 and read/update proportions=0.5 ===
Arrangement completed. Output saved to ../analysis/Data/Workload_data/postgresql_array_run2_zipfian_light_mixed.csv
Arrangement completed. Output saved to ../analysis/Data/Workload_data/postgresql_array_run2_zipfian_light_mixed.csv
Backing up the database started
Backing up the database finished
Arrangement completed. Output saved to ../analysis/Data/Workload_data/postgresql_array_run2_zipfian_light_mixed.csv
Size computation started
Appending subsequent iteration 4...
Iteration 4: Appended new size values from key_sizes_zipfian_light_mixed.csv to ../analysis/Data/Value_size_data/value_sizes_postgresql_array_run2_zipfian_light_mixed_after.csv
Total size: 6959400, Field length average: 695
Workload file fieldlength set to: 695 (expected: 695)
=== Executing the load phase for the comparison study ===
Comparison-load verification - Epoch:1 Run:4 TotalSize:6950000 ExpectedFieldLength:695
Avg-run verification - Epoch:1 Run:4 Iteration:4 TotalSize:6950000 ExpectedFieldLength:695
=== Executing the run phase with extendproportion=0 and read/update proportions=0.5 ===
Arrangement completed. Output saved to ../analysis/Data/Workload_data/postgresql_array_run2_zipfian_light_mixed.csv
=== Setting parameter values for extend phase ===
=== Executing the extend phase with extendproportion=1 and other proportions=0 ===
Arrangement completed. Output saved to ../analysis/Data/Workload_data/postgresql_array_run2_zipfian_light_mixed.csv
Size computation started
Extend verification - Min:6600 Max:45900 Avg:7966 (Expected avg per record: ~1000 bytes initially)
Generating histogram from key size log: key_sizes_zipfian_light_mixed.csv
Histogram written to histogram_postgresql_array_zipfian_light_mixed_2.txt (BlockSize = 100)
Appending subsequent iteration 5...
Iteration 5: Appended new size values from key_sizes_zipfian_light_mixed.csv to ../analysis/Data/Value_size_data/value_sizes_postgresql_array_run2_zipfian_light_mixed_before.csv
VACUUM start: 1773506731
VACUUM end: 1773506732
=== Setting parameter values for run phase ===
Checking query plan before run phase
=== Executing the run phase with extendproportion=0 and read/update proportions=0.5 ===
Arrangement completed. Output saved to ../analysis/Data/Workload_data/postgresql_array_run2_zipfian_light_mixed.csv
Arrangement completed. Output saved to ../analysis/Data/Workload_data/postgresql_array_run2_zipfian_light_mixed.csv
Backing up the database started
Backing up the database finished
Arrangement completed. Output saved to ../analysis/Data/Workload_data/postgresql_array_run2_zipfian_light_mixed.csv
Size computation started
Appending subsequent iteration 5...
Iteration 5: Appended new size values from key_sizes_zipfian_light_mixed.csv to ../analysis/Data/Value_size_data/value_sizes_postgresql_array_run2_zipfian_light_mixed_after.csv
Total size: 8442000, Field length average: 844
Workload file fieldlength set to: 844 (expected: 844)
=== Executing the load phase for the comparison study ===
Comparison-load verification - Epoch:1 Run:5 TotalSize:8440000 ExpectedFieldLength:844
Avg-run verification - Epoch:1 Run:5 Iteration:5 TotalSize:8440000 ExpectedFieldLength:844
=== Executing the run phase with extendproportion=0 and read/update proportions=0.5 ===
Arrangement completed. Output saved to ../analysis/Data/Workload_data/postgresql_array_run2_zipfian_light_mixed.csv
=== Setting parameter values for extend phase ===
=== Executing the extend phase with extendproportion=1 and other proportions=0 ===
Arrangement completed. Output saved to ../analysis/Data/Workload_data/postgresql_array_run2_zipfian_light_mixed.csv
Size computation started
Extend verification - Min:7800 Max:46200 Avg:9446 (Expected avg per record: ~1000 bytes initially)
Generating histogram from key size log: key_sizes_zipfian_light_mixed.csv
Histogram written to histogram_postgresql_array_zipfian_light_mixed_2.txt (BlockSize = 100)
Appending subsequent iteration 6...
Iteration 6: Appended new size values from key_sizes_zipfian_light_mixed.csv to ../analysis/Data/Value_size_data/value_sizes_postgresql_array_run2_zipfian_light_mixed_before.csv
VACUUM start: 1773507025
VACUUM end: 1773507026
=== Setting parameter values for run phase ===
Checking query plan before run phase
=== Executing the run phase with extendproportion=0 and read/update proportions=0.5 ===
Arrangement completed. Output saved to ../analysis/Data/Workload_data/postgresql_array_run2_zipfian_light_mixed.csv
Arrangement completed. Output saved to ../analysis/Data/Workload_data/postgresql_array_run2_zipfian_light_mixed.csv
Backing up the database started
Backing up the database finished
Arrangement completed. Output saved to ../analysis/Data/Workload_data/postgresql_array_run2_zipfian_light_mixed.csv
Size computation started
Appending subsequent iteration 6...
Iteration 6: Appended new size values from key_sizes_zipfian_light_mixed.csv to ../analysis/Data/Value_size_data/value_sizes_postgresql_array_run2_zipfian_light_mixed_after.csv
Total size: 9969000, Field length average: 996
Workload file fieldlength set to: 996 (expected: 996)
=== Executing the load phase for the comparison study ===
Comparison-load verification - Epoch:1 Run:6 TotalSize:9960000 ExpectedFieldLength:996
Avg-run verification - Epoch:1 Run:6 Iteration:6 TotalSize:9960000 ExpectedFieldLength:996
=== Executing the run phase with extendproportion=0 and read/update proportions=0.5 ===
Arrangement completed. Output saved to ../analysis/Data/Workload_data/postgresql_array_run2_zipfian_light_mixed.csv
=== Setting parameter values for extend phase ===
=== Executing the extend phase with extendproportion=1 and other proportions=0 ===
Arrangement completed. Output saved to ../analysis/Data/Workload_data/postgresql_array_run2_zipfian_light_mixed.csv
Size computation started
Extend verification - Min:9000 Max:48300 Avg:10960 (Expected avg per record: ~1000 bytes initially)
Generating histogram from key size log: key_sizes_zipfian_light_mixed.csv
Histogram written to histogram_postgresql_array_zipfian_light_mixed_2.txt (BlockSize = 100)
Appending subsequent iteration 7...
Iteration 7: Appended new size values from key_sizes_zipfian_light_mixed.csv to ../analysis/Data/Value_size_data/value_sizes_postgresql_array_run2_zipfian_light_mixed_before.csv
VACUUM start: 1773507322
VACUUM end: 1773507323
=== Setting parameter values for run phase ===
Checking query plan before run phase
=== Executing the run phase with extendproportion=0 and read/update proportions=0.5 ===
Arrangement completed. Output saved to ../analysis/Data/Workload_data/postgresql_array_run2_zipfian_light_mixed.csv
Arrangement completed. Output saved to ../analysis/Data/Workload_data/postgresql_array_run2_zipfian_light_mixed.csv
Backing up the database started
Backing up the database finished
Arrangement completed. Output saved to ../analysis/Data/Workload_data/postgresql_array_run2_zipfian_light_mixed.csv
Size computation started
Appending subsequent iteration 7...
Iteration 7: Appended new size values from key_sizes_zipfian_light_mixed.csv to ../analysis/Data/Value_size_data/value_sizes_postgresql_array_run2_zipfian_light_mixed_after.csv
Total size: 11451900, Field length average: 1145
Workload file fieldlength set to: 1145 (expected: 1145)
=== Executing the load phase for the comparison study ===
Comparison-load verification - Epoch:1 Run:7 TotalSize:11450000 ExpectedFieldLength:1145
Avg-run verification - Epoch:1 Run:7 Iteration:7 TotalSize:11450000 ExpectedFieldLength:1145
=== Executing the run phase with extendproportion=0 and read/update proportions=0.5 ===
Arrangement completed. Output saved to ../analysis/Data/Workload_data/postgresql_array_run2_zipfian_light_mixed.csv
=== Setting parameter values for extend phase ===
=== Executing the extend phase with extendproportion=1 and other proportions=0 ===
Arrangement completed. Output saved to ../analysis/Data/Workload_data/postgresql_array_run2_zipfian_light_mixed.csv
Size computation started
Extend verification - Min:10800 Max:49500 Avg:12472 (Expected avg per record: ~1000 bytes initially)
Generating histogram from key size log: key_sizes_zipfian_light_mixed.csv
Histogram written to histogram_postgresql_array_zipfian_light_mixed_2.txt (BlockSize = 100)
Appending subsequent iteration 8...
Iteration 8: Appended new size values from key_sizes_zipfian_light_mixed.csv to ../analysis/Data/Value_size_data/value_sizes_postgresql_array_run2_zipfian_light_mixed_before.csv
VACUUM start: 1773507615
VACUUM end: 1773507615
=== Setting parameter values for run phase ===
Checking query plan before run phase
=== Executing the run phase with extendproportion=0 and read/update proportions=0.5 ===
Arrangement completed. Output saved to ../analysis/Data/Workload_data/postgresql_array_run2_zipfian_light_mixed.csv
Arrangement completed. Output saved to ../analysis/Data/Workload_data/postgresql_array_run2_zipfian_light_mixed.csv
Backing up the database started
Backing up the database finished
Arrangement completed. Output saved to ../analysis/Data/Workload_data/postgresql_array_run2_zipfian_light_mixed.csv
Size computation started
Appending subsequent iteration 8...
Iteration 8: Appended new size values from key_sizes_zipfian_light_mixed.csv to ../analysis/Data/Value_size_data/value_sizes_postgresql_array_run2_zipfian_light_mixed_after.csv
Total size: 12982900, Field length average: 1298
Workload file fieldlength set to: 1298 (expected: 1298)
=== Executing the load phase for the comparison study ===
Comparison-load verification - Epoch:1 Run:8 TotalSize:12980000 ExpectedFieldLength:1298
Avg-run verification - Epoch:1 Run:8 Iteration:8 TotalSize:12980000 ExpectedFieldLength:1298
=== Executing the run phase with extendproportion=0 and read/update proportions=0.5 ===
Arrangement completed. Output saved to ../analysis/Data/Workload_data/postgresql_array_run2_zipfian_light_mixed.csv
=== Setting parameter values for extend phase ===
=== Executing the extend phase with extendproportion=1 and other proportions=0 ===
Arrangement completed. Output saved to ../analysis/Data/Workload_data/postgresql_array_run2_zipfian_light_mixed.csv
Size computation started
Extend verification - Min:12100 Max:51600 Avg:14002 (Expected avg per record: ~1000 bytes initially)
Generating histogram from key size log: key_sizes_zipfian_light_mixed.csv
Histogram written to histogram_postgresql_array_zipfian_light_mixed_2.txt (BlockSize = 100)
Appending subsequent iteration 9...
Iteration 9: Appended new size values from key_sizes_zipfian_light_mixed.csv to ../analysis/Data/Value_size_data/value_sizes_postgresql_array_run2_zipfian_light_mixed_before.csv
VACUUM start: 1773507913
VACUUM end: 1773507913
=== Setting parameter values for run phase ===
Checking query plan before run phase
=== Executing the run phase with extendproportion=0 and read/update proportions=0.5 ===
Arrangement completed. Output saved to ../analysis/Data/Workload_data/postgresql_array_run2_zipfian_light_mixed.csv
Arrangement completed. Output saved to ../analysis/Data/Workload_data/postgresql_array_run2_zipfian_light_mixed.csv
Backing up the database started
Backing up the database finished
Arrangement completed. Output saved to ../analysis/Data/Workload_data/postgresql_array_run2_zipfian_light_mixed.csv
Size computation started
Appending subsequent iteration 9...
Iteration 9: Appended new size values from key_sizes_zipfian_light_mixed.csv to ../analysis/Data/Value_size_data/value_sizes_postgresql_array_run2_zipfian_light_mixed_after.csv
Total size: 14466800, Field length average: 1446
Workload file fieldlength set to: 1446 (expected: 1446)
=== Executing the load phase for the comparison study ===
Comparison-load verification - Epoch:1 Run:9 TotalSize:14460000 ExpectedFieldLength:1446
Avg-run verification - Epoch:1 Run:9 Iteration:9 TotalSize:14460000 ExpectedFieldLength:1446
=== Executing the run phase with extendproportion=0 and read/update proportions=0.5 ===
Arrangement completed. Output saved to ../analysis/Data/Workload_data/postgresql_array_run2_zipfian_light_mixed.csv
=== Setting parameter values for extend phase ===
=== Executing the extend phase with extendproportion=1 and other proportions=0 ===
Arrangement completed. Output saved to ../analysis/Data/Workload_data/postgresql_array_run2_zipfian_light_mixed.csv
Size computation started
Extend verification - Min:13200 Max:51600 Avg:15461 (Expected avg per record: ~1000 bytes initially)
Generating histogram from key size log: key_sizes_zipfian_light_mixed.csv
Histogram written to histogram_postgresql_array_zipfian_light_mixed_2.txt (BlockSize = 100)
Appending subsequent iteration 10...
Iteration 10: Appended new size values from key_sizes_zipfian_light_mixed.csv to ../analysis/Data/Value_size_data/value_sizes_postgresql_array_run2_zipfian_light_mixed_before.csv
VACUUM start: 1773508214
VACUUM end: 1773508214
=== Setting parameter values for run phase ===
Checking query plan before run phase
=== Executing the run phase with extendproportion=0 and read/update proportions=0.5 ===
Arrangement completed. Output saved to ../analysis/Data/Workload_data/postgresql_array_run2_zipfian_light_mixed.csv
Arrangement completed. Output saved to ../analysis/Data/Workload_data/postgresql_array_run2_zipfian_light_mixed.csv
Backing up the database started
Backing up the database finished
Arrangement completed. Output saved to ../analysis/Data/Workload_data/postgresql_array_run2_zipfian_light_mixed.csv
Size computation started
Appending subsequent iteration 10...
Iteration 10: Appended new size values from key_sizes_zipfian_light_mixed.csv to ../analysis/Data/Value_size_data/value_sizes_postgresql_array_run2_zipfian_light_mixed_after.csv
Total size: 15952500, Field length average: 1595
Workload file fieldlength set to: 1595 (expected: 1595)
=== Executing the load phase for the comparison study ===
Comparison-load verification - Epoch:1 Run:10 TotalSize:15950000 ExpectedFieldLength:1595
Avg-run verification - Epoch:1 Run:10 Iteration:10 TotalSize:15950000 ExpectedFieldLength:1595
=== Executing the run phase with extendproportion=0 and read/update proportions=0.5 ===
Arrangement completed. Output saved to ../analysis/Data/Workload_data/postgresql_array_run2_zipfian_light_mixed.csv
=== Setting parameter values for extend phase ===
=== Executing the extend phase with extendproportion=1 and other proportions=0 ===
Arrangement completed. Output saved to ../analysis/Data/Workload_data/postgresql_array_run2_zipfian_light_mixed.csv
Size computation started
Extend verification - Min:14900 Max:58000 Avg:16965 (Expected avg per record: ~1000 bytes initially)
Generating histogram from key size log: key_sizes_zipfian_light_mixed.csv
Histogram written to histogram_postgresql_array_zipfian_light_mixed_2.txt (BlockSize = 100)
Appending subsequent iteration 11...
Iteration 11: Appended new size values from key_sizes_zipfian_light_mixed.csv to ../analysis/Data/Value_size_data/value_sizes_postgresql_array_run2_zipfian_light_mixed_before.csv
VACUUM start: 1773508517
VACUUM end: 1773508517
=== Setting parameter values for run phase ===
Checking query plan before run phase
=== Executing the run phase with extendproportion=0 and read/update proportions=0.5 ===
Arrangement completed. Output saved to ../analysis/Data/Workload_data/postgresql_array_run2_zipfian_light_mixed.csv
Arrangement completed. Output saved to ../analysis/Data/Workload_data/postgresql_array_run2_zipfian_light_mixed.csv
Backing up the database started
Backing up the database finished
Arrangement completed. Output saved to ../analysis/Data/Workload_data/postgresql_array_run2_zipfian_light_mixed.csv
Size computation started
Appending subsequent iteration 11...
Iteration 11: Appended new size values from key_sizes_zipfian_light_mixed.csv to ../analysis/Data/Value_size_data/value_sizes_postgresql_array_run2_zipfian_light_mixed_after.csv
Total size: 17438200, Field length average: 1743
Workload file fieldlength set to: 1743 (expected: 1743)
=== Executing the load phase for the comparison study ===
Comparison-load verification - Epoch:2 Run:1 TotalSize:17430000 ExpectedFieldLength:1743
Avg-run verification - Epoch:2 Run:1 Iteration:11 TotalSize:17430000 ExpectedFieldLength:1743
=== Executing the run phase with extendproportion=0 and read/update proportions=0.5 ===
Arrangement completed. Output saved to ../analysis/Data/Workload_data/postgresql_array_run2_zipfian_light_mixed.csv
=== Setting parameter values for extend phase ===
=== Executing the extend phase with extendproportion=1 and other proportions=0 ===
Arrangement completed. Output saved to ../analysis/Data/Workload_data/postgresql_array_run2_zipfian_light_mixed.csv
Size computation started
Extend verification - Min:15900 Max:58500 Avg:18448 (Expected avg per record: ~1000 bytes initially)
Generating histogram from key size log: key_sizes_zipfian_light_mixed.csv
Histogram written to histogram_postgresql_array_zipfian_light_mixed_2.txt (BlockSize = 100)
Appending subsequent iteration 12...
Iteration 12: Appended new size values from key_sizes_zipfian_light_mixed.csv to ../analysis/Data/Value_size_data/value_sizes_postgresql_array_run2_zipfian_light_mixed_before.csv
VACUUM start: 1773508816
VACUUM end: 1773508817
=== Setting parameter values for run phase ===
Checking query plan before run phase
=== Executing the run phase with extendproportion=0 and read/update proportions=0.5 ===
Arrangement completed. Output saved to ../analysis/Data/Workload_data/postgresql_array_run2_zipfian_light_mixed.csv
Arrangement completed. Output saved to ../analysis/Data/Workload_data/postgresql_array_run2_zipfian_light_mixed.csv
Backing up the database started
Backing up the database finished
Arrangement completed. Output saved to ../analysis/Data/Workload_data/postgresql_array_run2_zipfian_light_mixed.csv
Size computation started
Appending subsequent iteration 12...
Iteration 12: Appended new size values from key_sizes_zipfian_light_mixed.csv to ../analysis/Data/Value_size_data/value_sizes_postgresql_array_run2_zipfian_light_mixed_after.csv
Total size: 18952000, Field length average: 1895
Workload file fieldlength set to: 1895 (expected: 1895)
=== Executing the load phase for the comparison study ===
Comparison-load verification - Epoch:2 Run:2 TotalSize:18950000 ExpectedFieldLength:1895
Avg-run verification - Epoch:2 Run:2 Iteration:12 TotalSize:18950000 ExpectedFieldLength:1895
=== Executing the run phase with extendproportion=0 and read/update proportions=0.5 ===
Arrangement completed. Output saved to ../analysis/Data/Workload_data/postgresql_array_run2_zipfian_light_mixed.csv
=== Setting parameter values for extend phase ===
=== Executing the extend phase with extendproportion=1 and other proportions=0 ===
Arrangement completed. Output saved to ../analysis/Data/Workload_data/postgresql_array_run2_zipfian_light_mixed.csv
Size computation started
Extend verification - Min:17500 Max:56900 Avg:19962 (Expected avg per record: ~1000 bytes initially)
Generating histogram from key size log: key_sizes_zipfian_light_mixed.csv
Histogram written to histogram_postgresql_array_zipfian_light_mixed_2.txt (BlockSize = 100)
Appending subsequent iteration 13...
Iteration 13: Appended new size values from key_sizes_zipfian_light_mixed.csv to ../analysis/Data/Value_size_data/value_sizes_postgresql_array_run2_zipfian_light_mixed_before.csv
VACUUM start: 1773509117
VACUUM end: 1773509117
=== Setting parameter values for run phase ===
Checking query plan before run phase
=== Executing the run phase with extendproportion=0 and read/update proportions=0.5 ===
Arrangement completed. Output saved to ../analysis/Data/Workload_data/postgresql_array_run2_zipfian_light_mixed.csv
Arrangement completed. Output saved to ../analysis/Data/Workload_data/postgresql_array_run2_zipfian_light_mixed.csv
Backing up the database started
Backing up the database finished
Arrangement completed. Output saved to ../analysis/Data/Workload_data/postgresql_array_run2_zipfian_light_mixed.csv
Size computation started
Appending subsequent iteration 13...
Iteration 13: Appended new size values from key_sizes_zipfian_light_mixed.csv to ../analysis/Data/Value_size_data/value_sizes_postgresql_array_run2_zipfian_light_mixed_after.csv
Total size: 20422800, Field length average: 2042
Workload file fieldlength set to: 2042 (expected: 2042)
=== Executing the load phase for the comparison study ===
Comparison-load verification - Epoch:2 Run:3 TotalSize:20420000 ExpectedFieldLength:2042
Avg-run verification - Epoch:2 Run:3 Iteration:13 TotalSize:20420000 ExpectedFieldLength:2042
=== Executing the run phase with extendproportion=0 and read/update proportions=0.5 ===
Arrangement completed. Output saved to ../analysis/Data/Workload_data/postgresql_array_run2_zipfian_light_mixed.csv
=== Setting parameter values for extend phase ===
=== Executing the extend phase with extendproportion=1 and other proportions=0 ===
Arrangement completed. Output saved to ../analysis/Data/Workload_data/postgresql_array_run2_zipfian_light_mixed.csv
Size computation started
Extend verification - Min:18300 Max:60700 Avg:21436 (Expected avg per record: ~1000 bytes initially)
Generating histogram from key size log: key_sizes_zipfian_light_mixed.csv
Histogram written to histogram_postgresql_array_zipfian_light_mixed_2.txt (BlockSize = 100)
Appending subsequent iteration 14...
Iteration 14: Appended new size values from key_sizes_zipfian_light_mixed.csv to ../analysis/Data/Value_size_data/value_sizes_postgresql_array_run2_zipfian_light_mixed_before.csv
VACUUM start: 1773509410
VACUUM end: 1773509411
=== Setting parameter values for run phase ===
Checking query plan before run phase
=== Executing the run phase with extendproportion=0 and read/update proportions=0.5 ===
Arrangement completed. Output saved to ../analysis/Data/Workload_data/postgresql_array_run2_zipfian_light_mixed.csv
Arrangement completed. Output saved to ../analysis/Data/Workload_data/postgresql_array_run2_zipfian_light_mixed.csv
Backing up the database started
Backing up the database finished
Arrangement completed. Output saved to ../analysis/Data/Workload_data/postgresql_array_run2_zipfian_light_mixed.csv
Size computation started
Appending subsequent iteration 14...
Iteration 14: Appended new size values from key_sizes_zipfian_light_mixed.csv to ../analysis/Data/Value_size_data/value_sizes_postgresql_array_run2_zipfian_light_mixed_after.csv
Total size: 21926600, Field length average: 2192
Workload file fieldlength set to: 2192 (expected: 2192)
=== Executing the load phase for the comparison study ===
Comparison-load verification - Epoch:2 Run:4 TotalSize:21920000 ExpectedFieldLength:2192
Avg-run verification - Epoch:2 Run:4 Iteration:14 TotalSize:21920000 ExpectedFieldLength:2192
=== Executing the run phase with extendproportion=0 and read/update proportions=0.5 ===
Arrangement completed. Output saved to ../analysis/Data/Workload_data/postgresql_array_run2_zipfian_light_mixed.csv
=== Setting parameter values for extend phase ===
=== Executing the extend phase with extendproportion=1 and other proportions=0 ===
Arrangement completed. Output saved to ../analysis/Data/Workload_data/postgresql_array_run2_zipfian_light_mixed.csv
Size computation started
Extend verification - Min:20000 Max:61300 Avg:22911 (Expected avg per record: ~1000 bytes initially)
Generating histogram from key size log: key_sizes_zipfian_light_mixed.csv
Histogram written to histogram_postgresql_array_zipfian_light_mixed_2.txt (BlockSize = 100)
Appending subsequent iteration 15...
Iteration 15: Appended new size values from key_sizes_zipfian_light_mixed.csv to ../analysis/Data/Value_size_data/value_sizes_postgresql_array_run2_zipfian_light_mixed_before.csv
VACUUM start: 1773509703
VACUUM end: 1773509704
=== Setting parameter values for run phase ===
Checking query plan before run phase
=== Executing the run phase with extendproportion=0 and read/update proportions=0.5 ===
Arrangement completed. Output saved to ../analysis/Data/Workload_data/postgresql_array_run2_zipfian_light_mixed.csv
Arrangement completed. Output saved to ../analysis/Data/Workload_data/postgresql_array_run2_zipfian_light_mixed.csv
Backing up the database started
Backing up the database finished
Arrangement completed. Output saved to ../analysis/Data/Workload_data/postgresql_array_run2_zipfian_light_mixed.csv
Size computation started
Appending subsequent iteration 15...
Iteration 15: Appended new size values from key_sizes_zipfian_light_mixed.csv to ../analysis/Data/Value_size_data/value_sizes_postgresql_array_run2_zipfian_light_mixed_after.csv
Total size: 23401400, Field length average: 2340
Workload file fieldlength set to: 2340 (expected: 2340)
=== Executing the load phase for the comparison study ===
Comparison-load verification - Epoch:2 Run:5 TotalSize:23400000 ExpectedFieldLength:2340
Avg-run verification - Epoch:2 Run:5 Iteration:15 TotalSize:23400000 ExpectedFieldLength:2340
=== Executing the run phase with extendproportion=0 and read/update proportions=0.5 ===
Arrangement completed. Output saved to ../analysis/Data/Workload_data/postgresql_array_run2_zipfian_light_mixed.csv
=== Setting parameter values for extend phase ===
=== Executing the extend phase with extendproportion=1 and other proportions=0 ===
Arrangement completed. Output saved to ../analysis/Data/Workload_data/postgresql_array_run2_zipfian_light_mixed.csv
Size computation started
Extend verification - Min:21200 Max:62000 Avg:24402 (Expected avg per record: ~1000 bytes initially)
Generating histogram from key size log: key_sizes_zipfian_light_mixed.csv
Histogram written to histogram_postgresql_array_zipfian_light_mixed_2.txt (BlockSize = 100)
Appending subsequent iteration 16...
Iteration 16: Appended new size values from key_sizes_zipfian_light_mixed.csv to ../analysis/Data/Value_size_data/value_sizes_postgresql_array_run2_zipfian_light_mixed_before.csv
VACUUM start: 1773510003
VACUUM end: 1773510004
=== Setting parameter values for run phase ===
Checking query plan before run phase
=== Executing the run phase with extendproportion=0 and read/update proportions=0.5 ===
Arrangement completed. Output saved to ../analysis/Data/Workload_data/postgresql_array_run2_zipfian_light_mixed.csv
Arrangement completed. Output saved to ../analysis/Data/Workload_data/postgresql_array_run2_zipfian_light_mixed.csv
Backing up the database started
Backing up the database finished
Arrangement completed. Output saved to ../analysis/Data/Workload_data/postgresql_array_run2_zipfian_light_mixed.csv
Size computation started
Appending subsequent iteration 16...
Iteration 16: Appended new size values from key_sizes_zipfian_light_mixed.csv to ../analysis/Data/Value_size_data/value_sizes_postgresql_array_run2_zipfian_light_mixed_after.csv
Total size: 24915500, Field length average: 2491
Workload file fieldlength set to: 2491 (expected: 2491)
=== Executing the load phase for the comparison study ===
Comparison-load verification - Epoch:2 Run:6 TotalSize:24910000 ExpectedFieldLength:2491
Avg-run verification - Epoch:2 Run:6 Iteration:16 TotalSize:24910000 ExpectedFieldLength:2491
=== Executing the run phase with extendproportion=0 and read/update proportions=0.5 ===
Arrangement completed. Output saved to ../analysis/Data/Workload_data/postgresql_array_run2_zipfian_light_mixed.csv
=== Setting parameter values for extend phase ===
=== Executing the extend phase with extendproportion=1 and other proportions=0 ===
Arrangement completed. Output saved to ../analysis/Data/Workload_data/postgresql_array_run2_zipfian_light_mixed.csv
Size computation started
Extend verification - Min:22900 Max:61700 Avg:25927 (Expected avg per record: ~1000 bytes initially)
Generating histogram from key size log: key_sizes_zipfian_light_mixed.csv
Histogram written to histogram_postgresql_array_zipfian_light_mixed_2.txt (BlockSize = 100)
Appending subsequent iteration 17...
Iteration 17: Appended new size values from key_sizes_zipfian_light_mixed.csv to ../analysis/Data/Value_size_data/value_sizes_postgresql_array_run2_zipfian_light_mixed_before.csv
VACUUM start: 1773510312
VACUUM end: 1773510313
=== Setting parameter values for run phase ===
Checking query plan before run phase
=== Executing the run phase with extendproportion=0 and read/update proportions=0.5 ===
Arrangement completed. Output saved to ../analysis/Data/Workload_data/postgresql_array_run2_zipfian_light_mixed.csv
Arrangement completed. Output saved to ../analysis/Data/Workload_data/postgresql_array_run2_zipfian_light_mixed.csv
Backing up the database started
Backing up the database finished
Arrangement completed. Output saved to ../analysis/Data/Workload_data/postgresql_array_run2_zipfian_light_mixed.csv
Size computation started
Appending subsequent iteration 17...
Iteration 17: Appended new size values from key_sizes_zipfian_light_mixed.csv to ../analysis/Data/Value_size_data/value_sizes_postgresql_array_run2_zipfian_light_mixed_after.csv
Total size: 26395100, Field length average: 2639
Workload file fieldlength set to: 2639 (expected: 2639)
=== Executing the load phase for the comparison study ===
Comparison-load verification - Epoch:2 Run:7 TotalSize:26390000 ExpectedFieldLength:2639
Avg-run verification - Epoch:2 Run:7 Iteration:17 TotalSize:26390000 ExpectedFieldLength:2639
=== Executing the run phase with extendproportion=0 and read/update proportions=0.5 ===
Arrangement completed. Output saved to ../analysis/Data/Workload_data/postgresql_array_run2_zipfian_light_mixed.csv
=== Setting parameter values for extend phase ===
=== Executing the extend phase with extendproportion=1 and other proportions=0 ===
Arrangement completed. Output saved to ../analysis/Data/Workload_data/postgresql_array_run2_zipfian_light_mixed.csv
Size computation started
Extend verification - Min:24100 Max:65000 Avg:27400 (Expected avg per record: ~1000 bytes initially)
Generating histogram from key size log: key_sizes_zipfian_light_mixed.csv
Histogram written to histogram_postgresql_array_zipfian_light_mixed_2.txt (BlockSize = 100)
Appending subsequent iteration 18...
Iteration 18: Appended new size values from key_sizes_zipfian_light_mixed.csv to ../analysis/Data/Value_size_data/value_sizes_postgresql_array_run2_zipfian_light_mixed_before.csv
VACUUM start: 1773510616
VACUUM end: 1773510617
=== Setting parameter values for run phase ===
Checking query plan before run phase
=== Executing the run phase with extendproportion=0 and read/update proportions=0.5 ===
Arrangement completed. Output saved to ../analysis/Data/Workload_data/postgresql_array_run2_zipfian_light_mixed.csv
Arrangement completed. Output saved to ../analysis/Data/Workload_data/postgresql_array_run2_zipfian_light_mixed.csv
Backing up the database started
Backing up the database finished
Arrangement completed. Output saved to ../analysis/Data/Workload_data/postgresql_array_run2_zipfian_light_mixed.csv
Size computation started
Appending subsequent iteration 18...
Iteration 18: Appended new size values from key_sizes_zipfian_light_mixed.csv to ../analysis/Data/Value_size_data/value_sizes_postgresql_array_run2_zipfian_light_mixed_after.csv
Total size: 27891500, Field length average: 2789
Workload file fieldlength set to: 2789 (expected: 2789)
=== Executing the load phase for the comparison study ===
Comparison-load verification - Epoch:2 Run:8 TotalSize:27890000 ExpectedFieldLength:2789
Avg-run verification - Epoch:2 Run:8 Iteration:18 TotalSize:27890000 ExpectedFieldLength:2789
=== Executing the run phase with extendproportion=0 and read/update proportions=0.5 ===
Arrangement completed. Output saved to ../analysis/Data/Workload_data/postgresql_array_run2_zipfian_light_mixed.csv
=== Setting parameter values for extend phase ===
=== Executing the extend phase with extendproportion=1 and other proportions=0 ===
Arrangement completed. Output saved to ../analysis/Data/Workload_data/postgresql_array_run2_zipfian_light_mixed.csv
Size computation started
Extend verification - Min:25200 Max:68100 Avg:28873 (Expected avg per record: ~1000 bytes initially)
Generating histogram from key size log: key_sizes_zipfian_light_mixed.csv
Histogram written to histogram_postgresql_array_zipfian_light_mixed_2.txt (BlockSize = 100)
Appending subsequent iteration 19...
Iteration 19: Appended new size values from key_sizes_zipfian_light_mixed.csv to ../analysis/Data/Value_size_data/value_sizes_postgresql_array_run2_zipfian_light_mixed_before.csv
VACUUM start: 1773510913
VACUUM end: 1773510914
=== Setting parameter values for run phase ===
Checking query plan before run phase
=== Executing the run phase with extendproportion=0 and read/update proportions=0.5 ===
Arrangement completed. Output saved to ../analysis/Data/Workload_data/postgresql_array_run2_zipfian_light_mixed.csv
Arrangement completed. Output saved to ../analysis/Data/Workload_data/postgresql_array_run2_zipfian_light_mixed.csv
Backing up the database started
Backing up the database finished
Arrangement completed. Output saved to ../analysis/Data/Workload_data/postgresql_array_run2_zipfian_light_mixed.csv
Size computation started
Appending subsequent iteration 19...
Iteration 19: Appended new size values from key_sizes_zipfian_light_mixed.csv to ../analysis/Data/Value_size_data/value_sizes_postgresql_array_run2_zipfian_light_mixed_after.csv
Total size: 29351400, Field length average: 2935
Workload file fieldlength set to: 2935 (expected: 2935)
=== Executing the load phase for the comparison study ===
Comparison-load verification - Epoch:2 Run:9 TotalSize:29350000 ExpectedFieldLength:2935
Avg-run verification - Epoch:2 Run:9 Iteration:19 TotalSize:29350000 ExpectedFieldLength:2935
=== Executing the run phase with extendproportion=0 and read/update proportions=0.5 ===
Arrangement completed. Output saved to ../analysis/Data/Workload_data/postgresql_array_run2_zipfian_light_mixed.csv
=== Setting parameter values for extend phase ===
=== Executing the extend phase with extendproportion=1 and other proportions=0 ===
Arrangement completed. Output saved to ../analysis/Data/Workload_data/postgresql_array_run2_zipfian_light_mixed.csv
Size computation started
Extend verification - Min:26500 Max:70600 Avg:30357 (Expected avg per record: ~1000 bytes initially)
Generating histogram from key size log: key_sizes_zipfian_light_mixed.csv
Histogram written to histogram_postgresql_array_zipfian_light_mixed_2.txt (BlockSize = 100)
Appending subsequent iteration 20...
Iteration 20: Appended new size values from key_sizes_zipfian_light_mixed.csv to ../analysis/Data/Value_size_data/value_sizes_postgresql_array_run2_zipfian_light_mixed_before.csv
VACUUM start: 1773511218
VACUUM end: 1773511219
=== Setting parameter values for run phase ===
Checking query plan before run phase
=== Executing the run phase with extendproportion=0 and read/update proportions=0.5 ===
Arrangement completed. Output saved to ../analysis/Data/Workload_data/postgresql_array_run2_zipfian_light_mixed.csv
Arrangement completed. Output saved to ../analysis/Data/Workload_data/postgresql_array_run2_zipfian_light_mixed.csv
Backing up the database started
Backing up the database finished
Arrangement completed. Output saved to ../analysis/Data/Workload_data/postgresql_array_run2_zipfian_light_mixed.csv
Size computation started
Appending subsequent iteration 20...
Iteration 20: Appended new size values from key_sizes_zipfian_light_mixed.csv to ../analysis/Data/Value_size_data/value_sizes_postgresql_array_run2_zipfian_light_mixed_after.csv
Total size: 30830200, Field length average: 3083
Workload file fieldlength set to: 3083 (expected: 3083)
=== Executing the load phase for the comparison study ===
Comparison-load verification - Epoch:2 Run:10 TotalSize:30830000 ExpectedFieldLength:3083
Avg-run verification - Epoch:2 Run:10 Iteration:20 TotalSize:30830000 ExpectedFieldLength:3083
=== Executing the run phase with extendproportion=0 and read/update proportions=0.5 ===
Arrangement completed. Output saved to ../analysis/Data/Workload_data/postgresql_array_run2_zipfian_light_mixed.csv
=== Setting parameter values for extend phase ===
=== Executing the extend phase with extendproportion=1 and other proportions=0 ===
Arrangement completed. Output saved to ../analysis/Data/Workload_data/postgresql_array_run2_zipfian_light_mixed.csv
Size computation started
Extend verification - Min:28600 Max:70100 Avg:31844 (Expected avg per record: ~1000 bytes initially)
Generating histogram from key size log: key_sizes_zipfian_light_mixed.csv
Histogram written to histogram_postgresql_array_zipfian_light_mixed_2.txt (BlockSize = 100)
Appending subsequent iteration 21...
Iteration 21: Appended new size values from key_sizes_zipfian_light_mixed.csv to ../analysis/Data/Value_size_data/value_sizes_postgresql_array_run2_zipfian_light_mixed_before.csv
VACUUM start: 1773511520
VACUUM end: 1773511521
=== Setting parameter values for run phase ===
Checking query plan before run phase
=== Executing the run phase with extendproportion=0 and read/update proportions=0.5 ===
Arrangement completed. Output saved to ../analysis/Data/Workload_data/postgresql_array_run2_zipfian_light_mixed.csv
Arrangement completed. Output saved to ../analysis/Data/Workload_data/postgresql_array_run2_zipfian_light_mixed.csv
Backing up the database started
Backing up the database finished
Arrangement completed. Output saved to ../analysis/Data/Workload_data/postgresql_array_run2_zipfian_light_mixed.csv
Size computation started
Appending subsequent iteration 21...
Iteration 21: Appended new size values from key_sizes_zipfian_light_mixed.csv to ../analysis/Data/Value_size_data/value_sizes_postgresql_array_run2_zipfian_light_mixed_after.csv
Total size: 32319200, Field length average: 3231
Workload file fieldlength set to: 3231 (expected: 3231)
=== Executing the load phase for the comparison study ===
Comparison-load verification - Epoch:3 Run:1 TotalSize:32310000 ExpectedFieldLength:3231
Avg-run verification - Epoch:3 Run:1 Iteration:21 TotalSize:32310000 ExpectedFieldLength:3231
=== Executing the run phase with extendproportion=0 and read/update proportions=0.5 ===
Arrangement completed. Output saved to ../analysis/Data/Workload_data/postgresql_array_run2_zipfian_light_mixed.csv
=== Setting parameter values for extend phase ===
=== Executing the extend phase with extendproportion=1 and other proportions=0 ===
Arrangement completed. Output saved to ../analysis/Data/Workload_data/postgresql_array_run2_zipfian_light_mixed.csv
Size computation started
Extend verification - Min:29100 Max:68700 Avg:33311 (Expected avg per record: ~1000 bytes initially)
Generating histogram from key size log: key_sizes_zipfian_light_mixed.csv
Histogram written to histogram_postgresql_array_zipfian_light_mixed_2.txt (BlockSize = 100)
Appending subsequent iteration 22...
Iteration 22: Appended new size values from key_sizes_zipfian_light_mixed.csv to ../analysis/Data/Value_size_data/value_sizes_postgresql_array_run2_zipfian_light_mixed_before.csv
VACUUM start: 1773511831
VACUUM end: 1773511832
=== Setting parameter values for run phase ===
Checking query plan before run phase
=== Executing the run phase with extendproportion=0 and read/update proportions=0.5 ===
Arrangement completed. Output saved to ../analysis/Data/Workload_data/postgresql_array_run2_zipfian_light_mixed.csv
Arrangement completed. Output saved to ../analysis/Data/Workload_data/postgresql_array_run2_zipfian_light_mixed.csv
Backing up the database started
Backing up the database finished
Arrangement completed. Output saved to ../analysis/Data/Workload_data/postgresql_array_run2_zipfian_light_mixed.csv
Size computation started
Appending subsequent iteration 22...
Iteration 22: Appended new size values from key_sizes_zipfian_light_mixed.csv to ../analysis/Data/Value_size_data/value_sizes_postgresql_array_run2_zipfian_light_mixed_after.csv
Total size: 33796700, Field length average: 3379
Workload file fieldlength set to: 3379 (expected: 3379)
=== Executing the load phase for the comparison study ===
Comparison-load verification - Epoch:3 Run:2 TotalSize:33790000 ExpectedFieldLength:3379
Avg-run verification - Epoch:3 Run:2 Iteration:22 TotalSize:33790000 ExpectedFieldLength:3379
=== Executing the run phase with extendproportion=0 and read/update proportions=0.5 ===
Arrangement completed. Output saved to ../analysis/Data/Workload_data/postgresql_array_run2_zipfian_light_mixed.csv
=== Setting parameter values for extend phase ===
=== Executing the extend phase with extendproportion=1 and other proportions=0 ===
Arrangement completed. Output saved to ../analysis/Data/Workload_data/postgresql_array_run2_zipfian_light_mixed.csv
Size computation started
Extend verification - Min:31000 Max:69500 Avg:34771 (Expected avg per record: ~1000 bytes initially)
Generating histogram from key size log: key_sizes_zipfian_light_mixed.csv
Histogram written to histogram_postgresql_array_zipfian_light_mixed_2.txt (BlockSize = 100)
Appending subsequent iteration 23...
Iteration 23: Appended new size values from key_sizes_zipfian_light_mixed.csv to ../analysis/Data/Value_size_data/value_sizes_postgresql_array_run2_zipfian_light_mixed_before.csv
VACUUM start: 1773512139
VACUUM end: 1773512140
=== Setting parameter values for run phase ===
Checking query plan before run phase
=== Executing the run phase with extendproportion=0 and read/update proportions=0.5 ===
Arrangement completed. Output saved to ../analysis/Data/Workload_data/postgresql_array_run2_zipfian_light_mixed.csv
Arrangement completed. Output saved to ../analysis/Data/Workload_data/postgresql_array_run2_zipfian_light_mixed.csv
Backing up the database started
Backing up the database finished
Arrangement completed. Output saved to ../analysis/Data/Workload_data/postgresql_array_run2_zipfian_light_mixed.csv
Size computation started
Appending subsequent iteration 23...
Iteration 23: Appended new size values from key_sizes_zipfian_light_mixed.csv to ../analysis/Data/Value_size_data/value_sizes_postgresql_array_run2_zipfian_light_mixed_after.csv
Total size: 35217000, Field length average: 3521
Workload file fieldlength set to: 3521 (expected: 3521)
=== Executing the load phase for the comparison study ===
Comparison-load verification - Epoch:3 Run:3 TotalSize:35210000 ExpectedFieldLength:3521
Avg-run verification - Epoch:3 Run:3 Iteration:23 TotalSize:35210000 ExpectedFieldLength:3521
=== Executing the run phase with extendproportion=0 and read/update proportions=0.5 ===
Arrangement completed. Output saved to ../analysis/Data/Workload_data/postgresql_array_run2_zipfian_light_mixed.csv
=== Setting parameter values for extend phase ===
=== Executing the extend phase with extendproportion=1 and other proportions=0 ===
Arrangement completed. Output saved to ../analysis/Data/Workload_data/postgresql_array_run2_zipfian_light_mixed.csv
Size computation started
Extend verification - Min:32100 Max:70100 Avg:36255 (Expected avg per record: ~1000 bytes initially)
Generating histogram from key size log: key_sizes_zipfian_light_mixed.csv
Histogram written to histogram_postgresql_array_zipfian_light_mixed_2.txt (BlockSize = 100)
Appending subsequent iteration 24...
Iteration 24: Appended new size values from key_sizes_zipfian_light_mixed.csv to ../analysis/Data/Value_size_data/value_sizes_postgresql_array_run2_zipfian_light_mixed_before.csv
VACUUM start: 1773512448
VACUUM end: 1773512449
=== Setting parameter values for run phase ===
Checking query plan before run phase
=== Executing the run phase with extendproportion=0 and read/update proportions=0.5 ===
Arrangement completed. Output saved to ../analysis/Data/Workload_data/postgresql_array_run2_zipfian_light_mixed.csv
Arrangement completed. Output saved to ../analysis/Data/Workload_data/postgresql_array_run2_zipfian_light_mixed.csv
Backing up the database started
Backing up the database finished
Arrangement completed. Output saved to ../analysis/Data/Workload_data/postgresql_array_run2_zipfian_light_mixed.csv
Size computation started
Appending subsequent iteration 24...
Iteration 24: Appended new size values from key_sizes_zipfian_light_mixed.csv to ../analysis/Data/Value_size_data/value_sizes_postgresql_array_run2_zipfian_light_mixed_after.csv
Total size: 36741600, Field length average: 3674
Workload file fieldlength set to: 3674 (expected: 3674)
=== Executing the load phase for the comparison study ===
Comparison-load verification - Epoch:3 Run:4 TotalSize:36740000 ExpectedFieldLength:3674
Avg-run verification - Epoch:3 Run:4 Iteration:24 TotalSize:36740000 ExpectedFieldLength:3674
=== Executing the run phase with extendproportion=0 and read/update proportions=0.5 ===
Arrangement completed. Output saved to ../analysis/Data/Workload_data/postgresql_array_run2_zipfian_light_mixed.csv
=== Setting parameter values for extend phase ===
=== Executing the extend phase with extendproportion=1 and other proportions=0 ===
Arrangement completed. Output saved to ../analysis/Data/Workload_data/postgresql_array_run2_zipfian_light_mixed.csv
Size computation started
Extend verification - Min:33200 Max:75800 Avg:37729 (Expected avg per record: ~1000 bytes initially)
Generating histogram from key size log: key_sizes_zipfian_light_mixed.csv
Histogram written to histogram_postgresql_array_zipfian_light_mixed_2.txt (BlockSize = 100)
Appending subsequent iteration 25...
Iteration 25: Appended new size values from key_sizes_zipfian_light_mixed.csv to ../analysis/Data/Value_size_data/value_sizes_postgresql_array_run2_zipfian_light_mixed_before.csv
VACUUM start: 1773512752
VACUUM end: 1773512753
=== Setting parameter values for run phase ===
Checking query plan before run phase
=== Executing the run phase with extendproportion=0 and read/update proportions=0.5 ===
Arrangement completed. Output saved to ../analysis/Data/Workload_data/postgresql_array_run2_zipfian_light_mixed.csv
Arrangement completed. Output saved to ../analysis/Data/Workload_data/postgresql_array_run2_zipfian_light_mixed.csv
Backing up the database started
Backing up the database finished
Arrangement completed. Output saved to ../analysis/Data/Workload_data/postgresql_array_run2_zipfian_light_mixed.csv
Size computation started
Appending subsequent iteration 25...
Iteration 25: Appended new size values from key_sizes_zipfian_light_mixed.csv to ../analysis/Data/Value_size_data/value_sizes_postgresql_array_run2_zipfian_light_mixed_after.csv
Total size: 38214400, Field length average: 3821
Workload file fieldlength set to: 3821 (expected: 3821)
=== Executing the load phase for the comparison study ===
Comparison-load verification - Epoch:3 Run:5 TotalSize:38210000 ExpectedFieldLength:3821
Avg-run verification - Epoch:3 Run:5 Iteration:25 TotalSize:38210000 ExpectedFieldLength:3821
=== Executing the run phase with extendproportion=0 and read/update proportions=0.5 ===
Arrangement completed. Output saved to ../analysis/Data/Workload_data/postgresql_array_run2_zipfian_light_mixed.csv
=== Setting parameter values for extend phase ===
=== Executing the extend phase with extendproportion=1 and other proportions=0 ===
Arrangement completed. Output saved to ../analysis/Data/Workload_data/postgresql_array_run2_zipfian_light_mixed.csv
Size computation started
Extend verification - Min:34900 Max:77700 Avg:39208 (Expected avg per record: ~1000 bytes initially)
Generating histogram from key size log: key_sizes_zipfian_light_mixed.csv
Histogram written to histogram_postgresql_array_zipfian_light_mixed_2.txt (BlockSize = 100)
Appending subsequent iteration 26...
Iteration 26: Appended new size values from key_sizes_zipfian_light_mixed.csv to ../analysis/Data/Value_size_data/value_sizes_postgresql_array_run2_zipfian_light_mixed_before.csv
VACUUM start: 1773513064
VACUUM end: 1773513065
=== Setting parameter values for run phase ===
Checking query plan before run phase
=== Executing the run phase with extendproportion=0 and read/update proportions=0.5 ===
Arrangement completed. Output saved to ../analysis/Data/Workload_data/postgresql_array_run2_zipfian_light_mixed.csv
Arrangement completed. Output saved to ../analysis/Data/Workload_data/postgresql_array_run2_zipfian_light_mixed.csv
Backing up the database started
Backing up the database finished
Arrangement completed. Output saved to ../analysis/Data/Workload_data/postgresql_array_run2_zipfian_light_mixed.csv
Size computation started
Appending subsequent iteration 26...
Iteration 26: Appended new size values from key_sizes_zipfian_light_mixed.csv to ../analysis/Data/Value_size_data/value_sizes_postgresql_array_run2_zipfian_light_mixed_after.csv
Total size: 39647200, Field length average: 3964
Workload file fieldlength set to: 3964 (expected: 3964)
=== Executing the load phase for the comparison study ===
Comparison-load verification - Epoch:3 Run:6 TotalSize:39640000 ExpectedFieldLength:3964
Avg-run verification - Epoch:3 Run:6 Iteration:26 TotalSize:39640000 ExpectedFieldLength:3964
=== Executing the run phase with extendproportion=0 and read/update proportions=0.5 ===
Arrangement completed. Output saved to ../analysis/Data/Workload_data/postgresql_array_run2_zipfian_light_mixed.csv
=== Setting parameter values for extend phase ===
=== Executing the extend phase with extendproportion=1 and other proportions=0 ===
Arrangement completed. Output saved to ../analysis/Data/Workload_data/postgresql_array_run2_zipfian_light_mixed.csv
Size computation started
Extend verification - Min:35600 Max:77600 Avg:40674 (Expected avg per record: ~1000 bytes initially)
Generating histogram from key size log: key_sizes_zipfian_light_mixed.csv
Histogram written to histogram_postgresql_array_zipfian_light_mixed_2.txt (BlockSize = 100)
Appending subsequent iteration 27...
Iteration 27: Appended new size values from key_sizes_zipfian_light_mixed.csv to ../analysis/Data/Value_size_data/value_sizes_postgresql_array_run2_zipfian_light_mixed_before.csv
VACUUM start: 1773513369
VACUUM end: 1773513370
=== Setting parameter values for run phase ===
Checking query plan before run phase
=== Executing the run phase with extendproportion=0 and read/update proportions=0.5 ===
Arrangement completed. Output saved to ../analysis/Data/Workload_data/postgresql_array_run2_zipfian_light_mixed.csv
Arrangement completed. Output saved to ../analysis/Data/Workload_data/postgresql_array_run2_zipfian_light_mixed.csv
Backing up the database started
Backing up the database finished
Arrangement completed. Output saved to ../analysis/Data/Workload_data/postgresql_array_run2_zipfian_light_mixed.csv
Size computation started
Appending subsequent iteration 27...
Iteration 27: Appended new size values from key_sizes_zipfian_light_mixed.csv to ../analysis/Data/Value_size_data/value_sizes_postgresql_array_run2_zipfian_light_mixed_after.csv
Total size: 41150300, Field length average: 4115
Workload file fieldlength set to: 4115 (expected: 4115)
=== Executing the load phase for the comparison study ===
Comparison-load verification - Epoch:3 Run:7 TotalSize:41150000 ExpectedFieldLength:4115
Avg-run verification - Epoch:3 Run:7 Iteration:27 TotalSize:41150000 ExpectedFieldLength:4115
=== Executing the run phase with extendproportion=0 and read/update proportions=0.5 ===
Arrangement completed. Output saved to ../analysis/Data/Workload_data/postgresql_array_run2_zipfian_light_mixed.csv
=== Setting parameter values for extend phase ===
=== Executing the extend phase with extendproportion=1 and other proportions=0 ===
Arrangement completed. Output saved to ../analysis/Data/Workload_data/postgresql_array_run2_zipfian_light_mixed.csv
Size computation started
Extend verification - Min:37300 Max:77600 Avg:42185 (Expected avg per record: ~1000 bytes initially)
Generating histogram from key size log: key_sizes_zipfian_light_mixed.csv
Histogram written to histogram_postgresql_array_zipfian_light_mixed_2.txt (BlockSize = 100)
Appending subsequent iteration 28...
Iteration 28: Appended new size values from key_sizes_zipfian_light_mixed.csv to ../analysis/Data/Value_size_data/value_sizes_postgresql_array_run2_zipfian_light_mixed_before.csv
VACUUM start: 1773513687
VACUUM end: 1773513688
=== Setting parameter values for run phase ===
Checking query plan before run phase
=== Executing the run phase with extendproportion=0 and read/update proportions=0.5 ===
Arrangement completed. Output saved to ../analysis/Data/Workload_data/postgresql_array_run2_zipfian_light_mixed.csv
Arrangement completed. Output saved to ../analysis/Data/Workload_data/postgresql_array_run2_zipfian_light_mixed.csv
Backing up the database started
Backing up the database finished
Arrangement completed. Output saved to ../analysis/Data/Workload_data/postgresql_array_run2_zipfian_light_mixed.csv
Size computation started
Appending subsequent iteration 28...
Iteration 28: Appended new size values from key_sizes_zipfian_light_mixed.csv to ../analysis/Data/Value_size_data/value_sizes_postgresql_array_run2_zipfian_light_mixed_after.csv
Total size: 42607700, Field length average: 4260
Workload file fieldlength set to: 4260 (expected: 4260)
=== Executing the load phase for the comparison study ===
Comparison-load verification - Epoch:3 Run:8 TotalSize:42600000 ExpectedFieldLength:4260
Avg-run verification - Epoch:3 Run:8 Iteration:28 TotalSize:42600000 ExpectedFieldLength:4260
=== Executing the run phase with extendproportion=0 and read/update proportions=0.5 ===
Arrangement completed. Output saved to ../analysis/Data/Workload_data/postgresql_array_run2_zipfian_light_mixed.csv
=== Setting parameter values for extend phase ===
=== Executing the extend phase with extendproportion=1 and other proportions=0 ===
Arrangement completed. Output saved to ../analysis/Data/Workload_data/postgresql_array_run2_zipfian_light_mixed.csv
Size computation started
Extend verification - Min:38600 Max:83500 Avg:43634 (Expected avg per record: ~1000 bytes initially)
Generating histogram from key size log: key_sizes_zipfian_light_mixed.csv
Histogram written to histogram_postgresql_array_zipfian_light_mixed_2.txt (BlockSize = 100)
Appending subsequent iteration 29...
Iteration 29: Appended new size values from key_sizes_zipfian_light_mixed.csv to ../analysis/Data/Value_size_data/value_sizes_postgresql_array_run2_zipfian_light_mixed_before.csv
VACUUM start: 1773514010
VACUUM end: 1773514013
=== Setting parameter values for run phase ===
Checking query plan before run phase
=== Executing the run phase with extendproportion=0 and read/update proportions=0.5 ===
Arrangement completed. Output saved to ../analysis/Data/Workload_data/postgresql_array_run2_zipfian_light_mixed.csv
Arrangement completed. Output saved to ../analysis/Data/Workload_data/postgresql_array_run2_zipfian_light_mixed.csv
Backing up the database started
Backing up the database finished
Arrangement completed. Output saved to ../analysis/Data/Workload_data/postgresql_array_run2_zipfian_light_mixed.csv
Size computation started
Appending subsequent iteration 29...
Iteration 29: Appended new size values from key_sizes_zipfian_light_mixed.csv to ../analysis/Data/Value_size_data/value_sizes_postgresql_array_run2_zipfian_light_mixed_after.csv
Total size: 44122900, Field length average: 4412
Workload file fieldlength set to: 4412 (expected: 4412)
=== Executing the load phase for the comparison study ===
Comparison-load verification - Epoch:3 Run:9 TotalSize:44120000 ExpectedFieldLength:4412
Avg-run verification - Epoch:3 Run:9 Iteration:29 TotalSize:44120000 ExpectedFieldLength:4412
=== Executing the run phase with extendproportion=0 and read/update proportions=0.5 ===
Arrangement completed. Output saved to ../analysis/Data/Workload_data/postgresql_array_run2_zipfian_light_mixed.csv
=== Setting parameter values for extend phase ===
=== Executing the extend phase with extendproportion=1 and other proportions=0 ===
Arrangement completed. Output saved to ../analysis/Data/Workload_data/postgresql_array_run2_zipfian_light_mixed.csv
Size computation started
Extend verification - Min:39400 Max:79200 Avg:45098 (Expected avg per record: ~1000 bytes initially)
Generating histogram from key size log: key_sizes_zipfian_light_mixed.csv
Histogram written to histogram_postgresql_array_zipfian_light_mixed_2.txt (BlockSize = 100)
Appending subsequent iteration 30...
Iteration 30: Appended new size values from key_sizes_zipfian_light_mixed.csv to ../analysis/Data/Value_size_data/value_sizes_postgresql_array_run2_zipfian_light_mixed_before.csv
VACUUM start: 1773514330
VACUUM end: 1773514331
=== Setting parameter values for run phase ===
Checking query plan before run phase
=== Executing the run phase with extendproportion=0 and read/update proportions=0.5 ===
Arrangement completed. Output saved to ../analysis/Data/Workload_data/postgresql_array_run2_zipfian_light_mixed.csv
Arrangement completed. Output saved to ../analysis/Data/Workload_data/postgresql_array_run2_zipfian_light_mixed.csv
Backing up the database started
Backing up the database finished
Arrangement completed. Output saved to ../analysis/Data/Workload_data/postgresql_array_run2_zipfian_light_mixed.csv
Size computation started
Appending subsequent iteration 30...
Iteration 30: Appended new size values from key_sizes_zipfian_light_mixed.csv to ../analysis/Data/Value_size_data/value_sizes_postgresql_array_run2_zipfian_light_mixed_after.csv
Total size: 45569700, Field length average: 4556
Workload file fieldlength set to: 4556 (expected: 4556)
=== Executing the load phase for the comparison study ===
Comparison-load verification - Epoch:3 Run:10 TotalSize:45560000 ExpectedFieldLength:4556
Avg-run verification - Epoch:3 Run:10 Iteration:30 TotalSize:45560000 ExpectedFieldLength:4556
=== Executing the run phase with extendproportion=0 and read/update proportions=0.5 ===
Arrangement completed. Output saved to ../analysis/Data/Workload_data/postgresql_array_run2_zipfian_light_mixed.csv
=== Setting parameter values for extend phase ===
=== Executing the extend phase with extendproportion=1 and other proportions=0 ===
Arrangement completed. Output saved to ../analysis/Data/Workload_data/postgresql_array_run2_zipfian_light_mixed.csv
Size computation started
Extend verification - Min:40900 Max:84600 Avg:46516 (Expected avg per record: ~1000 bytes initially)
Generating histogram from key size log: key_sizes_zipfian_light_mixed.csv
Histogram written to histogram_postgresql_array_zipfian_light_mixed_2.txt (BlockSize = 100)
Appending subsequent iteration 31...
Iteration 31: Appended new size values from key_sizes_zipfian_light_mixed.csv to ../analysis/Data/Value_size_data/value_sizes_postgresql_array_run2_zipfian_light_mixed_before.csv
VACUUM start: 1773514655
VACUUM end: 1773514656
=== Setting parameter values for run phase ===
Checking query plan before run phase
=== Executing the run phase with extendproportion=0 and read/update proportions=0.5 ===
Arrangement completed. Output saved to ../analysis/Data/Workload_data/postgresql_array_run2_zipfian_light_mixed.csv
Arrangement completed. Output saved to ../analysis/Data/Workload_data/postgresql_array_run2_zipfian_light_mixed.csv
Backing up the database started
Backing up the database finished
Arrangement completed. Output saved to ../analysis/Data/Workload_data/postgresql_array_run2_zipfian_light_mixed.csv
Size computation started
Appending subsequent iteration 31...
Iteration 31: Appended new size values from key_sizes_zipfian_light_mixed.csv to ../analysis/Data/Value_size_data/value_sizes_postgresql_array_run2_zipfian_light_mixed_after.csv
Total size: 47015000, Field length average: 4701
Workload file fieldlength set to: 4701 (expected: 4701)
=== Executing the load phase for the comparison study ===
Comparison-load verification - Epoch:4 Run:1 TotalSize:47010000 ExpectedFieldLength:4701
Avg-run verification - Epoch:4 Run:1 Iteration:31 TotalSize:47010000 ExpectedFieldLength:4701
=== Executing the run phase with extendproportion=0 and read/update proportions=0.5 ===
Arrangement completed. Output saved to ../analysis/Data/Workload_data/postgresql_array_run2_zipfian_light_mixed.csv
=== Setting parameter values for extend phase ===
=== Executing the extend phase with extendproportion=1 and other proportions=0 ===
Arrangement completed. Output saved to ../analysis/Data/Workload_data/postgresql_array_run2_zipfian_light_mixed.csv
Size computation started
Extend verification - Min:42700 Max:84200 Avg:47984 (Expected avg per record: ~1000 bytes initially)
Generating histogram from key size log: key_sizes_zipfian_light_mixed.csv
Histogram written to histogram_postgresql_array_zipfian_light_mixed_2.txt (BlockSize = 100)
Appending subsequent iteration 32...
Iteration 32: Appended new size values from key_sizes_zipfian_light_mixed.csv to ../analysis/Data/Value_size_data/value_sizes_postgresql_array_run2_zipfian_light_mixed_before.csv
VACUUM start: 1773514979
VACUUM end: 1773514981
=== Setting parameter values for run phase ===
Checking query plan before run phase
=== Executing the run phase with extendproportion=0 and read/update proportions=0.5 ===
Arrangement completed. Output saved to ../analysis/Data/Workload_data/postgresql_array_run2_zipfian_light_mixed.csv
Arrangement completed. Output saved to ../analysis/Data/Workload_data/postgresql_array_run2_zipfian_light_mixed.csv
Backing up the database started
Backing up the database finished
Arrangement completed. Output saved to ../analysis/Data/Workload_data/postgresql_array_run2_zipfian_light_mixed.csv
Size computation started
Appending subsequent iteration 32...
Iteration 32: Appended new size values from key_sizes_zipfian_light_mixed.csv to ../analysis/Data/Value_size_data/value_sizes_postgresql_array_run2_zipfian_light_mixed_after.csv
Total size: 48409600, Field length average: 4840
Workload file fieldlength set to: 4840 (expected: 4840)
=== Executing the load phase for the comparison study ===
Comparison-load verification - Epoch:4 Run:2 TotalSize:48400000 ExpectedFieldLength:4840
Avg-run verification - Epoch:4 Run:2 Iteration:32 TotalSize:48400000 ExpectedFieldLength:4840
=== Executing the run phase with extendproportion=0 and read/update proportions=0.5 ===
Arrangement completed. Output saved to ../analysis/Data/Workload_data/postgresql_array_run2_zipfian_light_mixed.csv
=== Setting parameter values for extend phase ===
=== Executing the extend phase with extendproportion=1 and other proportions=0 ===
Arrangement completed. Output saved to ../analysis/Data/Workload_data/postgresql_array_run2_zipfian_light_mixed.csv
Size computation started
Extend verification - Min:43900 Max:86300 Avg:49449 (Expected avg per record: ~1000 bytes initially)
Generating histogram from key size log: key_sizes_zipfian_light_mixed.csv
Histogram written to histogram_postgresql_array_zipfian_light_mixed_2.txt (BlockSize = 100)
Appending subsequent iteration 33...
Iteration 33: Appended new size values from key_sizes_zipfian_light_mixed.csv to ../analysis/Data/Value_size_data/value_sizes_postgresql_array_run2_zipfian_light_mixed_before.csv
VACUUM start: 1773515309
VACUUM end: 1773515310
=== Setting parameter values for run phase ===
Checking query plan before run phase
=== Executing the run phase with extendproportion=0 and read/update proportions=0.5 ===
Arrangement completed. Output saved to ../analysis/Data/Workload_data/postgresql_array_run2_zipfian_light_mixed.csv
Arrangement completed. Output saved to ../analysis/Data/Workload_data/postgresql_array_run2_zipfian_light_mixed.csv
Backing up the database started
Backing up the database finished
Arrangement completed. Output saved to ../analysis/Data/Workload_data/postgresql_array_run2_zipfian_light_mixed.csv
Size computation started
Appending subsequent iteration 33...
Iteration 33: Appended new size values from key_sizes_zipfian_light_mixed.csv to ../analysis/Data/Value_size_data/value_sizes_postgresql_array_run2_zipfian_light_mixed_after.csv
Total size: 49920300, Field length average: 4992
Workload file fieldlength set to: 4992 (expected: 4992)
=== Executing the load phase for the comparison study ===
Comparison-load verification - Epoch:4 Run:3 TotalSize:49920000 ExpectedFieldLength:4992
Avg-run verification - Epoch:4 Run:3 Iteration:33 TotalSize:49920000 ExpectedFieldLength:4992
=== Executing the run phase with extendproportion=0 and read/update proportions=0.5 ===
Arrangement completed. Output saved to ../analysis/Data/Workload_data/postgresql_array_run2_zipfian_light_mixed.csv
=== Setting parameter values for extend phase ===
=== Executing the extend phase with extendproportion=1 and other proportions=0 ===
Arrangement completed. Output saved to ../analysis/Data/Workload_data/postgresql_array_run2_zipfian_light_mixed.csv
Size computation started
Extend verification - Min:45300 Max:89700 Avg:50933 (Expected avg per record: ~1000 bytes initially)
Generating histogram from key size log: key_sizes_zipfian_light_mixed.csv
Histogram written to histogram_postgresql_array_zipfian_light_mixed_2.txt (BlockSize = 100)
Appending subsequent iteration 34...
Iteration 34: Appended new size values from key_sizes_zipfian_light_mixed.csv to ../analysis/Data/Value_size_data/value_sizes_postgresql_array_run2_zipfian_light_mixed_before.csv
VACUUM start: 1773515636
VACUUM end: 1773515637
=== Setting parameter values for run phase ===
Checking query plan before run phase
=== Executing the run phase with extendproportion=0 and read/update proportions=0.5 ===
Arrangement completed. Output saved to ../analysis/Data/Workload_data/postgresql_array_run2_zipfian_light_mixed.csv
Arrangement completed. Output saved to ../analysis/Data/Workload_data/postgresql_array_run2_zipfian_light_mixed.csv
Backing up the database started
Backing up the database finished
Arrangement completed. Output saved to ../analysis/Data/Workload_data/postgresql_array_run2_zipfian_light_mixed.csv
Size computation started
Appending subsequent iteration 34...
Iteration 34: Appended new size values from key_sizes_zipfian_light_mixed.csv to ../analysis/Data/Value_size_data/value_sizes_postgresql_array_run2_zipfian_light_mixed_after.csv
Total size: 51378400, Field length average: 5137
Workload file fieldlength set to: 5137 (expected: 5137)
=== Executing the load phase for the comparison study ===
Comparison-load verification - Epoch:4 Run:4 TotalSize:51370000 ExpectedFieldLength:5137
Avg-run verification - Epoch:4 Run:4 Iteration:34 TotalSize:51370000 ExpectedFieldLength:5137
=== Executing the run phase with extendproportion=0 and read/update proportions=0.5 ===
Arrangement completed. Output saved to ../analysis/Data/Workload_data/postgresql_array_run2_zipfian_light_mixed.csv
=== Setting parameter values for extend phase ===
=== Executing the extend phase with extendproportion=1 and other proportions=0 ===
Arrangement completed. Output saved to ../analysis/Data/Workload_data/postgresql_array_run2_zipfian_light_mixed.csv
Size computation started
Extend verification - Min:46400 Max:95000 Avg:52386 (Expected avg per record: ~1000 bytes initially)
Generating histogram from key size log: key_sizes_zipfian_light_mixed.csv
Histogram written to histogram_postgresql_array_zipfian_light_mixed_2.txt (BlockSize = 100)
Appending subsequent iteration 35...
Iteration 35: Appended new size values from key_sizes_zipfian_light_mixed.csv to ../analysis/Data/Value_size_data/value_sizes_postgresql_array_run2_zipfian_light_mixed_before.csv
VACUUM start: 1773515970
VACUUM end: 1773515971
=== Setting parameter values for run phase ===
Checking query plan before run phase
=== Executing the run phase with extendproportion=0 and read/update proportions=0.5 ===
Arrangement completed. Output saved to ../analysis/Data/Workload_data/postgresql_array_run2_zipfian_light_mixed.csv
Arrangement completed. Output saved to ../analysis/Data/Workload_data/postgresql_array_run2_zipfian_light_mixed.csv
Backing up the database started
Backing up the database finished
Arrangement completed. Output saved to ../analysis/Data/Workload_data/postgresql_array_run2_zipfian_light_mixed.csv
Size computation started
Appending subsequent iteration 35...
Iteration 35: Appended new size values from key_sizes_zipfian_light_mixed.csv to ../analysis/Data/Value_size_data/value_sizes_postgresql_array_run2_zipfian_light_mixed_after.csv
Total size: 52854000, Field length average: 5285
Workload file fieldlength set to: 5285 (expected: 5285)
=== Executing the load phase for the comparison study ===
Comparison-load verification - Epoch:4 Run:5 TotalSize:52850000 ExpectedFieldLength:5285
Avg-run verification - Epoch:4 Run:5 Iteration:35 TotalSize:52850000 ExpectedFieldLength:5285
=== Executing the run phase with extendproportion=0 and read/update proportions=0.5 ===
Arrangement completed. Output saved to ../analysis/Data/Workload_data/postgresql_array_run2_zipfian_light_mixed.csv
=== Setting parameter values for extend phase ===
=== Executing the extend phase with extendproportion=1 and other proportions=0 ===
Arrangement completed. Output saved to ../analysis/Data/Workload_data/postgresql_array_run2_zipfian_light_mixed.csv
Size computation started
Extend verification - Min:48100 Max:86600 Avg:53832 (Expected avg per record: ~1000 bytes initially)
Generating histogram from key size log: key_sizes_zipfian_light_mixed.csv
Histogram written to histogram_postgresql_array_zipfian_light_mixed_2.txt (BlockSize = 100)
Appending subsequent iteration 36...
Iteration 36: Appended new size values from key_sizes_zipfian_light_mixed.csv to ../analysis/Data/Value_size_data/value_sizes_postgresql_array_run2_zipfian_light_mixed_before.csv
VACUUM start: 1773516298
VACUUM end: 1773516299
=== Setting parameter values for run phase ===
Checking query plan before run phase
=== Executing the run phase with extendproportion=0 and read/update proportions=0.5 ===
Arrangement completed. Output saved to ../analysis/Data/Workload_data/postgresql_array_run2_zipfian_light_mixed.csv
Arrangement completed. Output saved to ../analysis/Data/Workload_data/postgresql_array_run2_zipfian_light_mixed.csv
Backing up the database started
Backing up the database finished
Arrangement completed. Output saved to ../analysis/Data/Workload_data/postgresql_array_run2_zipfian_light_mixed.csv
Size computation started
Appending subsequent iteration 36...
Iteration 36: Appended new size values from key_sizes_zipfian_light_mixed.csv to ../analysis/Data/Value_size_data/value_sizes_postgresql_array_run2_zipfian_light_mixed_after.csv
Total size: 54296200, Field length average: 5429
Workload file fieldlength set to: 5429 (expected: 5429)
=== Executing the load phase for the comparison study ===
Comparison-load verification - Epoch:4 Run:6 TotalSize:54290000 ExpectedFieldLength:5429
Avg-run verification - Epoch:4 Run:6 Iteration:36 TotalSize:54290000 ExpectedFieldLength:5429
=== Executing the run phase with extendproportion=0 and read/update proportions=0.5 ===
Arrangement completed. Output saved to ../analysis/Data/Workload_data/postgresql_array_run2_zipfian_light_mixed.csv
=== Setting parameter values for extend phase ===
=== Executing the extend phase with extendproportion=1 and other proportions=0 ===
Arrangement completed. Output saved to ../analysis/Data/Workload_data/postgresql_array_run2_zipfian_light_mixed.csv
Size computation started
Extend verification - Min:49700 Max:92600 Avg:55244 (Expected avg per record: ~1000 bytes initially)
Generating histogram from key size log: key_sizes_zipfian_light_mixed.csv
Histogram written to histogram_postgresql_array_zipfian_light_mixed_2.txt (BlockSize = 100)
Appending subsequent iteration 37...
Iteration 37: Appended new size values from key_sizes_zipfian_light_mixed.csv to ../analysis/Data/Value_size_data/value_sizes_postgresql_array_run2_zipfian_light_mixed_before.csv
VACUUM start: 1773516635
VACUUM end: 1773516636
=== Setting parameter values for run phase ===
Checking query plan before run phase
=== Executing the run phase with extendproportion=0 and read/update proportions=0.5 ===
Arrangement completed. Output saved to ../analysis/Data/Workload_data/postgresql_array_run2_zipfian_light_mixed.csv
Arrangement completed. Output saved to ../analysis/Data/Workload_data/postgresql_array_run2_zipfian_light_mixed.csv
Backing up the database started
Backing up the database finished
Arrangement completed. Output saved to ../analysis/Data/Workload_data/postgresql_array_run2_zipfian_light_mixed.csv
Size computation started
Appending subsequent iteration 37...
Iteration 37: Appended new size values from key_sizes_zipfian_light_mixed.csv to ../analysis/Data/Value_size_data/value_sizes_postgresql_array_run2_zipfian_light_mixed_after.csv
Total size: 55753800, Field length average: 5575
Workload file fieldlength set to: 5575 (expected: 5575)
=== Executing the load phase for the comparison study ===
Comparison-load verification - Epoch:4 Run:7 TotalSize:55750000 ExpectedFieldLength:5575
Avg-run verification - Epoch:4 Run:7 Iteration:37 TotalSize:55750000 ExpectedFieldLength:5575
=== Executing the run phase with extendproportion=0 and read/update proportions=0.5 ===
Arrangement completed. Output saved to ../analysis/Data/Workload_data/postgresql_array_run2_zipfian_light_mixed.csv
=== Setting parameter values for extend phase ===
=== Executing the extend phase with extendproportion=1 and other proportions=0 ===
Arrangement completed. Output saved to ../analysis/Data/Workload_data/postgresql_array_run2_zipfian_light_mixed.csv
Size computation started
Extend verification - Min:50300 Max:94700 Avg:56702 (Expected avg per record: ~1000 bytes initially)
Generating histogram from key size log: key_sizes_zipfian_light_mixed.csv
Histogram written to histogram_postgresql_array_zipfian_light_mixed_2.txt (BlockSize = 100)
Appending subsequent iteration 38...
Iteration 38: Appended new size values from key_sizes_zipfian_light_mixed.csv to ../analysis/Data/Value_size_data/value_sizes_postgresql_array_run2_zipfian_light_mixed_before.csv
VACUUM start: 1773516967
VACUUM end: 1773516969
=== Setting parameter values for run phase ===
Checking query plan before run phase
=== Executing the run phase with extendproportion=0 and read/update proportions=0.5 ===
Arrangement completed. Output saved to ../analysis/Data/Workload_data/postgresql_array_run2_zipfian_light_mixed.csv
Arrangement completed. Output saved to ../analysis/Data/Workload_data/postgresql_array_run2_zipfian_light_mixed.csv
Backing up the database started
Backing up the database finished
Arrangement completed. Output saved to ../analysis/Data/Workload_data/postgresql_array_run2_zipfian_light_mixed.csv
Size computation started
Appending subsequent iteration 38...
Iteration 38: Appended new size values from key_sizes_zipfian_light_mixed.csv to ../analysis/Data/Value_size_data/value_sizes_postgresql_array_run2_zipfian_light_mixed_after.csv
Total size: 57167300, Field length average: 5716
Workload file fieldlength set to: 5716 (expected: 5716)
=== Executing the load phase for the comparison study ===
Comparison-load verification - Epoch:4 Run:8 TotalSize:57160000 ExpectedFieldLength:5716
Avg-run verification - Epoch:4 Run:8 Iteration:38 TotalSize:57160000 ExpectedFieldLength:5716
=== Executing the run phase with extendproportion=0 and read/update proportions=0.5 ===
Arrangement completed. Output saved to ../analysis/Data/Workload_data/postgresql_array_run2_zipfian_light_mixed.csv
=== Setting parameter values for extend phase ===
=== Executing the extend phase with extendproportion=1 and other proportions=0 ===
Arrangement completed. Output saved to ../analysis/Data/Workload_data/postgresql_array_run2_zipfian_light_mixed.csv
Size computation started
Extend verification - Min:51600 Max:94000 Avg:58146 (Expected avg per record: ~1000 bytes initially)
Generating histogram from key size log: key_sizes_zipfian_light_mixed.csv
Histogram written to histogram_postgresql_array_zipfian_light_mixed_2.txt (BlockSize = 100)
Appending subsequent iteration 39...
Iteration 39: Appended new size values from key_sizes_zipfian_light_mixed.csv to ../analysis/Data/Value_size_data/value_sizes_postgresql_array_run2_zipfian_light_mixed_before.csv
VACUUM start: 1773517305
VACUUM end: 1773517307
=== Setting parameter values for run phase ===
Checking query plan before run phase
=== Executing the run phase with extendproportion=0 and read/update proportions=0.5 ===
Arrangement completed. Output saved to ../analysis/Data/Workload_data/postgresql_array_run2_zipfian_light_mixed.csv
Arrangement completed. Output saved to ../analysis/Data/Workload_data/postgresql_array_run2_zipfian_light_mixed.csv
Backing up the database started
Backing up the database finished
Arrangement completed. Output saved to ../analysis/Data/Workload_data/postgresql_array_run2_zipfian_light_mixed.csv
Size computation started
Appending subsequent iteration 39...
Iteration 39: Appended new size values from key_sizes_zipfian_light_mixed.csv to ../analysis/Data/Value_size_data/value_sizes_postgresql_array_run2_zipfian_light_mixed_after.csv
Total size: 58593100, Field length average: 5859
Workload file fieldlength set to: 5859 (expected: 5859)
=== Executing the load phase for the comparison study ===
Comparison-load verification - Epoch:4 Run:9 TotalSize:58590000 ExpectedFieldLength:5859
Avg-run verification - Epoch:4 Run:9 Iteration:39 TotalSize:58590000 ExpectedFieldLength:5859
=== Executing the run phase with extendproportion=0 and read/update proportions=0.5 ===
Arrangement completed. Output saved to ../analysis/Data/Workload_data/postgresql_array_run2_zipfian_light_mixed.csv
=== Setting parameter values for extend phase ===
=== Executing the extend phase with extendproportion=1 and other proportions=0 ===
Arrangement completed. Output saved to ../analysis/Data/Workload_data/postgresql_array_run2_zipfian_light_mixed.csv
Size computation started
Extend verification - Min:52000 Max:98700 Avg:59631 (Expected avg per record: ~1000 bytes initially)
Generating histogram from key size log: key_sizes_zipfian_light_mixed.csv
Histogram written to histogram_postgresql_array_zipfian_light_mixed_2.txt (BlockSize = 100)
Appending subsequent iteration 40...
Iteration 40: Appended new size values from key_sizes_zipfian_light_mixed.csv to ../analysis/Data/Value_size_data/value_sizes_postgresql_array_run2_zipfian_light_mixed_before.csv
VACUUM start: 1773517639
VACUUM end: 1773517640
=== Setting parameter values for run phase ===
Checking query plan before run phase
=== Executing the run phase with extendproportion=0 and read/update proportions=0.5 ===
Arrangement completed. Output saved to ../analysis/Data/Workload_data/postgresql_array_run2_zipfian_light_mixed.csv
Arrangement completed. Output saved to ../analysis/Data/Workload_data/postgresql_array_run2_zipfian_light_mixed.csv
Backing up the database started
Backing up the database finished
Arrangement completed. Output saved to ../analysis/Data/Workload_data/postgresql_array_run2_zipfian_light_mixed.csv
Size computation started
Appending subsequent iteration 40...
Iteration 40: Appended new size values from key_sizes_zipfian_light_mixed.csv to ../analysis/Data/Value_size_data/value_sizes_postgresql_array_run2_zipfian_light_mixed_after.csv
Total size: 60075000, Field length average: 6007
Workload file fieldlength set to: 6007 (expected: 6007)
=== Executing the load phase for the comparison study ===
Comparison-load verification - Epoch:4 Run:10 TotalSize:60070000 ExpectedFieldLength:6007
Avg-run verification - Epoch:4 Run:10 Iteration:40 TotalSize:60070000 ExpectedFieldLength:6007
=== Executing the run phase with extendproportion=0 and read/update proportions=0.5 ===
Arrangement completed. Output saved to ../analysis/Data/Workload_data/postgresql_array_run2_zipfian_light_mixed.csv
=== Setting parameter values for extend phase ===
=== Executing the extend phase with extendproportion=1 and other proportions=0 ===
Arrangement completed. Output saved to ../analysis/Data/Workload_data/postgresql_array_run2_zipfian_light_mixed.csv
Size computation started
Extend verification - Min:54200 Max:99200 Avg:61089 (Expected avg per record: ~1000 bytes initially)
Generating histogram from key size log: key_sizes_zipfian_light_mixed.csv
Histogram written to histogram_postgresql_array_zipfian_light_mixed_2.txt (BlockSize = 100)
Appending subsequent iteration 41...
Iteration 41: Appended new size values from key_sizes_zipfian_light_mixed.csv to ../analysis/Data/Value_size_data/value_sizes_postgresql_array_run2_zipfian_light_mixed_before.csv
VACUUM start: 1773517981
VACUUM end: 1773517983
=== Setting parameter values for run phase ===
Checking query plan before run phase
=== Executing the run phase with extendproportion=0 and read/update proportions=0.5 ===
Arrangement completed. Output saved to ../analysis/Data/Workload_data/postgresql_array_run2_zipfian_light_mixed.csv
Arrangement completed. Output saved to ../analysis/Data/Workload_data/postgresql_array_run2_zipfian_light_mixed.csv
Backing up the database started
Backing up the database finished
Arrangement completed. Output saved to ../analysis/Data/Workload_data/postgresql_array_run2_zipfian_light_mixed.csv
Size computation started
Appending subsequent iteration 41...
Iteration 41: Appended new size values from key_sizes_zipfian_light_mixed.csv to ../analysis/Data/Value_size_data/value_sizes_postgresql_array_run2_zipfian_light_mixed_after.csv
Total size: 61550600, Field length average: 6155
Workload file fieldlength set to: 6155 (expected: 6155)
=== Executing the load phase for the comparison study ===
Comparison-load verification - Epoch:5 Run:1 TotalSize:61550000 ExpectedFieldLength:6155
Avg-run verification - Epoch:5 Run:1 Iteration:41 TotalSize:61550000 ExpectedFieldLength:6155
=== Executing the run phase with extendproportion=0 and read/update proportions=0.5 ===
Arrangement completed. Output saved to ../analysis/Data/Workload_data/postgresql_array_run2_zipfian_light_mixed.csv
=== Setting parameter values for extend phase ===
=== Executing the extend phase with extendproportion=1 and other proportions=0 ===
Arrangement completed. Output saved to ../analysis/Data/Workload_data/postgresql_array_run2_zipfian_light_mixed.csv
Size computation started
Extend verification - Min:55900 Max:99400 Avg:62504 (Expected avg per record: ~1000 bytes initially)
Generating histogram from key size log: key_sizes_zipfian_light_mixed.csv
Histogram written to histogram_postgresql_array_zipfian_light_mixed_2.txt (BlockSize = 100)
Appending subsequent iteration 42...
Iteration 42: Appended new size values from key_sizes_zipfian_light_mixed.csv to ../analysis/Data/Value_size_data/value_sizes_postgresql_array_run2_zipfian_light_mixed_before.csv
VACUUM start: 1773518328
VACUUM end: 1773518330
=== Setting parameter values for run phase ===
Checking query plan before run phase
=== Executing the run phase with extendproportion=0 and read/update proportions=0.5 ===
Arrangement completed. Output saved to ../analysis/Data/Workload_data/postgresql_array_run2_zipfian_light_mixed.csv
Arrangement completed. Output saved to ../analysis/Data/Workload_data/postgresql_array_run2_zipfian_light_mixed.csv
Backing up the database started
Backing up the database finished
Arrangement completed. Output saved to ../analysis/Data/Workload_data/postgresql_array_run2_zipfian_light_mixed.csv
Size computation started
Appending subsequent iteration 42...
Iteration 42: Appended new size values from key_sizes_zipfian_light_mixed.csv to ../analysis/Data/Value_size_data/value_sizes_postgresql_array_run2_zipfian_light_mixed_after.csv
Total size: 62932600, Field length average: 6293
Workload file fieldlength set to: 6293 (expected: 6293)
=== Executing the load phase for the comparison study ===
Comparison-load verification - Epoch:5 Run:2 TotalSize:62930000 ExpectedFieldLength:6293
Avg-run verification - Epoch:5 Run:2 Iteration:42 TotalSize:62930000 ExpectedFieldLength:6293
=== Executing the run phase with extendproportion=0 and read/update proportions=0.5 ===
Arrangement completed. Output saved to ../analysis/Data/Workload_data/postgresql_array_run2_zipfian_light_mixed.csv
=== Setting parameter values for extend phase ===
=== Executing the extend phase with extendproportion=1 and other proportions=0 ===
Arrangement completed. Output saved to ../analysis/Data/Workload_data/postgresql_array_run2_zipfian_light_mixed.csv
Size computation started
Extend verification - Min:57400 Max:103100 Avg:63952 (Expected avg per record: ~1000 bytes initially)
Generating histogram from key size log: key_sizes_zipfian_light_mixed.csv
Histogram written to histogram_postgresql_array_zipfian_light_mixed_2.txt (BlockSize = 100)
Appending subsequent iteration 43...
Iteration 43: Appended new size values from key_sizes_zipfian_light_mixed.csv to ../analysis/Data/Value_size_data/value_sizes_postgresql_array_run2_zipfian_light_mixed_before.csv
VACUUM start: 1773518679
VACUUM end: 1773518683
=== Setting parameter values for run phase ===
Checking query plan before run phase
=== Executing the run phase with extendproportion=0 and read/update proportions=0.5 ===
Arrangement completed. Output saved to ../analysis/Data/Workload_data/postgresql_array_run2_zipfian_light_mixed.csv
Arrangement completed. Output saved to ../analysis/Data/Workload_data/postgresql_array_run2_zipfian_light_mixed.csv
Backing up the database started
Backing up the database finished
Arrangement completed. Output saved to ../analysis/Data/Workload_data/postgresql_array_run2_zipfian_light_mixed.csv
Size computation started
Appending subsequent iteration 43...
Iteration 43: Appended new size values from key_sizes_zipfian_light_mixed.csv to ../analysis/Data/Value_size_data/value_sizes_postgresql_array_run2_zipfian_light_mixed_after.csv
Total size: 64392500, Field length average: 6439
Workload file fieldlength set to: 6439 (expected: 6439)
=== Executing the load phase for the comparison study ===
Comparison-load verification - Epoch:5 Run:3 TotalSize:64390000 ExpectedFieldLength:6439
Avg-run verification - Epoch:5 Run:3 Iteration:43 TotalSize:64390000 ExpectedFieldLength:6439
=== Executing the run phase with extendproportion=0 and read/update proportions=0.5 ===
Arrangement completed. Output saved to ../analysis/Data/Workload_data/postgresql_array_run2_zipfian_light_mixed.csv
=== Setting parameter values for extend phase ===
=== Executing the extend phase with extendproportion=1 and other proportions=0 ===
Arrangement completed. Output saved to ../analysis/Data/Workload_data/postgresql_array_run2_zipfian_light_mixed.csv
Size computation started
Extend verification - Min:58400 Max:103600 Avg:65396 (Expected avg per record: ~1000 bytes initially)
Generating histogram from key size log: key_sizes_zipfian_light_mixed.csv
Histogram written to histogram_postgresql_array_zipfian_light_mixed_2.txt (BlockSize = 100)
Appending subsequent iteration 44...
Iteration 44: Appended new size values from key_sizes_zipfian_light_mixed.csv to ../analysis/Data/Value_size_data/value_sizes_postgresql_array_run2_zipfian_light_mixed_before.csv
VACUUM start: 1773519031
VACUUM end: 1773519034
=== Setting parameter values for run phase ===
Checking query plan before run phase
=== Executing the run phase with extendproportion=0 and read/update proportions=0.5 ===
Arrangement completed. Output saved to ../analysis/Data/Workload_data/postgresql_array_run2_zipfian_light_mixed.csv
Arrangement completed. Output saved to ../analysis/Data/Workload_data/postgresql_array_run2_zipfian_light_mixed.csv
Backing up the database started
Backing up the database finished
Arrangement completed. Output saved to ../analysis/Data/Workload_data/postgresql_array_run2_zipfian_light_mixed.csv
Size computation started
Appending subsequent iteration 44...
Iteration 44: Appended new size values from key_sizes_zipfian_light_mixed.csv to ../analysis/Data/Value_size_data/value_sizes_postgresql_array_run2_zipfian_light_mixed_after.csv
Total size: 65824700, Field length average: 6582
Workload file fieldlength set to: 6582 (expected: 6582)
=== Executing the load phase for the comparison study ===
Comparison-load verification - Epoch:5 Run:4 TotalSize:65820000 ExpectedFieldLength:6582
Avg-run verification - Epoch:5 Run:4 Iteration:44 TotalSize:65820000 ExpectedFieldLength:6582
=== Executing the run phase with extendproportion=0 and read/update proportions=0.5 ===
Arrangement completed. Output saved to ../analysis/Data/Workload_data/postgresql_array_run2_zipfian_light_mixed.csv
=== Setting parameter values for extend phase ===
=== Executing the extend phase with extendproportion=1 and other proportions=0 ===
Arrangement completed. Output saved to ../analysis/Data/Workload_data/postgresql_array_run2_zipfian_light_mixed.csv
Size computation started
Extend verification - Min:59600 Max:103600 Avg:66864 (Expected avg per record: ~1000 bytes initially)
Generating histogram from key size log: key_sizes_zipfian_light_mixed.csv
Histogram written to histogram_postgresql_array_zipfian_light_mixed_2.txt (BlockSize = 100)
Appending subsequent iteration 45...
Iteration 45: Appended new size values from key_sizes_zipfian_light_mixed.csv to ../analysis/Data/Value_size_data/value_sizes_postgresql_array_run2_zipfian_light_mixed_before.csv
VACUUM start: 1773519388
VACUUM end: 1773519392
=== Setting parameter values for run phase ===
Checking query plan before run phase
=== Executing the run phase with extendproportion=0 and read/update proportions=0.5 ===
Arrangement completed. Output saved to ../analysis/Data/Workload_data/postgresql_array_run2_zipfian_light_mixed.csv
Arrangement completed. Output saved to ../analysis/Data/Workload_data/postgresql_array_run2_zipfian_light_mixed.csv
Backing up the database started
Backing up the database finished
Arrangement completed. Output saved to ../analysis/Data/Workload_data/postgresql_array_run2_zipfian_light_mixed.csv
Size computation started
Appending subsequent iteration 45...
Iteration 45: Appended new size values from key_sizes_zipfian_light_mixed.csv to ../analysis/Data/Value_size_data/value_sizes_postgresql_array_run2_zipfian_light_mixed_after.csv
Total size: 67284100, Field length average: 6728
Workload file fieldlength set to: 6728 (expected: 6728)
=== Executing the load phase for the comparison study ===
Comparison-load verification - Epoch:5 Run:5 TotalSize:67280000 ExpectedFieldLength:6728
Avg-run verification - Epoch:5 Run:5 Iteration:45 TotalSize:67280000 ExpectedFieldLength:6728
=== Executing the run phase with extendproportion=0 and read/update proportions=0.5 ===
Arrangement completed. Output saved to ../analysis/Data/Workload_data/postgresql_array_run2_zipfian_light_mixed.csv
=== Setting parameter values for extend phase ===
=== Executing the extend phase with extendproportion=1 and other proportions=0 ===
Arrangement completed. Output saved to ../analysis/Data/Workload_data/postgresql_array_run2_zipfian_light_mixed.csv
Size computation started
Extend verification - Min:61000 Max:109000 Avg:68312 (Expected avg per record: ~1000 bytes initially)
Generating histogram from key size log: key_sizes_zipfian_light_mixed.csv
Histogram written to histogram_postgresql_array_zipfian_light_mixed_2.txt (BlockSize = 100)
Appending subsequent iteration 46...
Iteration 46: Appended new size values from key_sizes_zipfian_light_mixed.csv to ../analysis/Data/Value_size_data/value_sizes_postgresql_array_run2_zipfian_light_mixed_before.csv
VACUUM start: 1773519744
VACUUM end: 1773519747
=== Setting parameter values for run phase ===
Checking query plan before run phase
=== Executing the run phase with extendproportion=0 and read/update proportions=0.5 ===
Arrangement completed. Output saved to ../analysis/Data/Workload_data/postgresql_array_run2_zipfian_light_mixed.csv
Arrangement completed. Output saved to ../analysis/Data/Workload_data/postgresql_array_run2_zipfian_light_mixed.csv
Backing up the database started
Backing up the database finished
Arrangement completed. Output saved to ../analysis/Data/Workload_data/postgresql_array_run2_zipfian_light_mixed.csv
Size computation started
Appending subsequent iteration 46...
Iteration 46: Appended new size values from key_sizes_zipfian_light_mixed.csv to ../analysis/Data/Value_size_data/value_sizes_postgresql_array_run2_zipfian_light_mixed_after.csv
Total size: 68735800, Field length average: 6873
Workload file fieldlength set to: 6873 (expected: 6873)
=== Executing the load phase for the comparison study ===
Comparison-load verification - Epoch:5 Run:6 TotalSize:68730000 ExpectedFieldLength:6873
Avg-run verification - Epoch:5 Run:6 Iteration:46 TotalSize:68730000 ExpectedFieldLength:6873
=== Executing the run phase with extendproportion=0 and read/update proportions=0.5 ===
Arrangement completed. Output saved to ../analysis/Data/Workload_data/postgresql_array_run2_zipfian_light_mixed.csv
=== Setting parameter values for extend phase ===
=== Executing the extend phase with extendproportion=1 and other proportions=0 ===
Arrangement completed. Output saved to ../analysis/Data/Workload_data/postgresql_array_run2_zipfian_light_mixed.csv
Size computation started
Extend verification - Min:62000 Max:102300 Avg:69707 (Expected avg per record: ~1000 bytes initially)
Generating histogram from key size log: key_sizes_zipfian_light_mixed.csv
Histogram written to histogram_postgresql_array_zipfian_light_mixed_2.txt (BlockSize = 100)
Appending subsequent iteration 47...
Iteration 47: Appended new size values from key_sizes_zipfian_light_mixed.csv to ../analysis/Data/Value_size_data/value_sizes_postgresql_array_run2_zipfian_light_mixed_before.csv
VACUUM start: 1773520098
VACUUM end: 1773520100
=== Setting parameter values for run phase ===
Checking query plan before run phase
=== Executing the run phase with extendproportion=0 and read/update proportions=0.5 ===
Arrangement completed. Output saved to ../analysis/Data/Workload_data/postgresql_array_run2_zipfian_light_mixed.csv
Arrangement completed. Output saved to ../analysis/Data/Workload_data/postgresql_array_run2_zipfian_light_mixed.csv
Backing up the database started
Backing up the database finished
Arrangement completed. Output saved to ../analysis/Data/Workload_data/postgresql_array_run2_zipfian_light_mixed.csv
Size computation started
Appending subsequent iteration 47...
Iteration 47: Appended new size values from key_sizes_zipfian_light_mixed.csv to ../analysis/Data/Value_size_data/value_sizes_postgresql_array_run2_zipfian_light_mixed_after.csv
Total size: 70202600, Field length average: 7020
Workload file fieldlength set to: 7020 (expected: 7020)
=== Executing the load phase for the comparison study ===
Comparison-load verification - Epoch:5 Run:7 TotalSize:70200000 ExpectedFieldLength:7020
Avg-run verification - Epoch:5 Run:7 Iteration:47 TotalSize:70200000 ExpectedFieldLength:7020
=== Executing the run phase with extendproportion=0 and read/update proportions=0.5 ===
Arrangement completed. Output saved to ../analysis/Data/Workload_data/postgresql_array_run2_zipfian_light_mixed.csv
=== Setting parameter values for extend phase ===
=== Executing the extend phase with extendproportion=1 and other proportions=0 ===
Arrangement completed. Output saved to ../analysis/Data/Workload_data/postgresql_array_run2_zipfian_light_mixed.csv
Size computation started
Extend verification - Min:63000 Max:106300 Avg:71140 (Expected avg per record: ~1000 bytes initially)
Generating histogram from key size log: key_sizes_zipfian_light_mixed.csv
Histogram written to histogram_postgresql_array_zipfian_light_mixed_2.txt (BlockSize = 100)
Appending subsequent iteration 48...
Iteration 48: Appended new size values from key_sizes_zipfian_light_mixed.csv to ../analysis/Data/Value_size_data/value_sizes_postgresql_array_run2_zipfian_light_mixed_before.csv
VACUUM start: 1773520454
VACUUM end: 1773520456
=== Setting parameter values for run phase ===
Checking query plan before run phase
=== Executing the run phase with extendproportion=0 and read/update proportions=0.5 ===
Arrangement completed. Output saved to ../analysis/Data/Workload_data/postgresql_array_run2_zipfian_light_mixed.csv
Arrangement completed. Output saved to ../analysis/Data/Workload_data/postgresql_array_run2_zipfian_light_mixed.csv
Backing up the database started
Backing up the database finished
Arrangement completed. Output saved to ../analysis/Data/Workload_data/postgresql_array_run2_zipfian_light_mixed.csv
Size computation started
Appending subsequent iteration 48...
Iteration 48: Appended new size values from key_sizes_zipfian_light_mixed.csv to ../analysis/Data/Value_size_data/value_sizes_postgresql_array_run2_zipfian_light_mixed_after.csv
Total size: 71543400, Field length average: 7154
Workload file fieldlength set to: 7154 (expected: 7154)
=== Executing the load phase for the comparison study ===
Comparison-load verification - Epoch:5 Run:8 TotalSize:71540000 ExpectedFieldLength:7154
Avg-run verification - Epoch:5 Run:8 Iteration:48 TotalSize:71540000 ExpectedFieldLength:7154
=== Executing the run phase with extendproportion=0 and read/update proportions=0.5 ===
Arrangement completed. Output saved to ../analysis/Data/Workload_data/postgresql_array_run2_zipfian_light_mixed.csv
=== Setting parameter values for extend phase ===
=== Executing the extend phase with extendproportion=1 and other proportions=0 ===
Arrangement completed. Output saved to ../analysis/Data/Workload_data/postgresql_array_run2_zipfian_light_mixed.csv
Size computation started
Extend verification - Min:64900 Max:109000 Avg:72610 (Expected avg per record: ~1000 bytes initially)
Generating histogram from key size log: key_sizes_zipfian_light_mixed.csv
Histogram written to histogram_postgresql_array_zipfian_light_mixed_2.txt (BlockSize = 100)
Appending subsequent iteration 49...
Iteration 49: Appended new size values from key_sizes_zipfian_light_mixed.csv to ../analysis/Data/Value_size_data/value_sizes_postgresql_array_run2_zipfian_light_mixed_before.csv
VACUUM start: 1773520810
VACUUM end: 1773520813
=== Setting parameter values for run phase ===
Checking query plan before run phase
=== Executing the run phase with extendproportion=0 and read/update proportions=0.5 ===
Arrangement completed. Output saved to ../analysis/Data/Workload_data/postgresql_array_run2_zipfian_light_mixed.csv
Arrangement completed. Output saved to ../analysis/Data/Workload_data/postgresql_array_run2_zipfian_light_mixed.csv
Backing up the database started
Backing up the database finished
Arrangement completed. Output saved to ../analysis/Data/Workload_data/postgresql_array_run2_zipfian_light_mixed.csv
Size computation started
Appending subsequent iteration 49...
Iteration 49: Appended new size values from key_sizes_zipfian_light_mixed.csv to ../analysis/Data/Value_size_data/value_sizes_postgresql_array_run2_zipfian_light_mixed_after.csv
Total size: 73038500, Field length average: 7303
Workload file fieldlength set to: 7303 (expected: 7303)
=== Executing the load phase for the comparison study ===
Comparison-load verification - Epoch:5 Run:9 TotalSize:73030000 ExpectedFieldLength:7303
Avg-run verification - Epoch:5 Run:9 Iteration:49 TotalSize:73030000 ExpectedFieldLength:7303
=== Executing the run phase with extendproportion=0 and read/update proportions=0.5 ===
Arrangement completed. Output saved to ../analysis/Data/Workload_data/postgresql_array_run2_zipfian_light_mixed.csv
=== Setting parameter values for extend phase ===
=== Executing the extend phase with extendproportion=1 and other proportions=0 ===
Arrangement completed. Output saved to ../analysis/Data/Workload_data/postgresql_array_run2_zipfian_light_mixed.csv
Size computation started
Extend verification - Min:66100 Max:109400 Avg:74078 (Expected avg per record: ~1000 bytes initially)
Generating histogram from key size log: key_sizes_zipfian_light_mixed.csv
Histogram written to histogram_postgresql_array_zipfian_light_mixed_2.txt (BlockSize = 100)
Appending subsequent iteration 50...
Iteration 50: Appended new size values from key_sizes_zipfian_light_mixed.csv to ../analysis/Data/Value_size_data/value_sizes_postgresql_array_run2_zipfian_light_mixed_before.csv
VACUUM start: 1773521169
VACUUM end: 1773521171
=== Setting parameter values for run phase ===
Checking query plan before run phase
=== Executing the run phase with extendproportion=0 and read/update proportions=0.5 ===
Arrangement completed. Output saved to ../analysis/Data/Workload_data/postgresql_array_run2_zipfian_light_mixed.csv
Arrangement completed. Output saved to ../analysis/Data/Workload_data/postgresql_array_run2_zipfian_light_mixed.csv
Backing up the database started
Backing up the database finished
Arrangement completed. Output saved to ../analysis/Data/Workload_data/postgresql_array_run2_zipfian_light_mixed.csv
Size computation started
Appending subsequent iteration 50...
Iteration 50: Appended new size values from key_sizes_zipfian_light_mixed.csv to ../analysis/Data/Value_size_data/value_sizes_postgresql_array_run2_zipfian_light_mixed_after.csv
Total size: 74470100, Field length average: 7447
Workload file fieldlength set to: 7447 (expected: 7447)
=== Executing the load phase for the comparison study ===
Comparison-load verification - Epoch:5 Run:10 TotalSize:74470000 ExpectedFieldLength:7447
Avg-run verification - Epoch:5 Run:10 Iteration:50 TotalSize:74470000 ExpectedFieldLength:7447
=== Executing the run phase with extendproportion=0 and read/update proportions=0.5 ===
Arrangement completed. Output saved to ../analysis/Data/Workload_data/postgresql_array_run2_zipfian_light_mixed.csv
=== Setting parameter values for extend phase ===
=== Executing the extend phase with extendproportion=1 and other proportions=0 ===
Arrangement completed. Output saved to ../analysis/Data/Workload_data/postgresql_array_run2_zipfian_light_mixed.csv
Size computation started
Extend verification - Min:66700 Max:111600 Avg:75500 (Expected avg per record: ~1000 bytes initially)
Generating histogram from key size log: key_sizes_zipfian_light_mixed.csv
Histogram written to histogram_postgresql_array_zipfian_light_mixed_2.txt (BlockSize = 100)
Appending subsequent iteration 51...
Iteration 51: Appended new size values from key_sizes_zipfian_light_mixed.csv to ../analysis/Data/Value_size_data/value_sizes_postgresql_array_run2_zipfian_light_mixed_before.csv
VACUUM start: 1773521532
VACUUM end: 1773521534
=== Setting parameter values for run phase ===
Checking query plan before run phase
=== Executing the run phase with extendproportion=0 and read/update proportions=0.5 ===
Arrangement completed. Output saved to ../analysis/Data/Workload_data/postgresql_array_run2_zipfian_light_mixed.csv
Arrangement completed. Output saved to ../analysis/Data/Workload_data/postgresql_array_run2_zipfian_light_mixed.csv
Backing up the database started
Backing up the database finished
Arrangement completed. Output saved to ../analysis/Data/Workload_data/postgresql_array_run2_zipfian_light_mixed.csv
Size computation started
Appending subsequent iteration 51...
Iteration 51: Appended new size values from key_sizes_zipfian_light_mixed.csv to ../analysis/Data/Value_size_data/value_sizes_postgresql_array_run2_zipfian_light_mixed_after.csv
Total size: 75984000, Field length average: 7598
Workload file fieldlength set to: 7598 (expected: 7598)
=== Executing the load phase for the comparison study ===
Comparison-load verification - Epoch:6 Run:1 TotalSize:75980000 ExpectedFieldLength:7598
Avg-run verification - Epoch:6 Run:1 Iteration:51 TotalSize:75980000 ExpectedFieldLength:7598
=== Executing the run phase with extendproportion=0 and read/update proportions=0.5 ===
Arrangement completed. Output saved to ../analysis/Data/Workload_data/postgresql_array_run2_zipfian_light_mixed.csv
=== Setting parameter values for extend phase ===
=== Executing the extend phase with extendproportion=1 and other proportions=0 ===
Arrangement completed. Output saved to ../analysis/Data/Workload_data/postgresql_array_run2_zipfian_light_mixed.csv
Size computation started
Extend verification - Min:68000 Max:113300 Avg:76957 (Expected avg per record: ~1000 bytes initially)
Generating histogram from key size log: key_sizes_zipfian_light_mixed.csv
Histogram written to histogram_postgresql_array_zipfian_light_mixed_2.txt (BlockSize = 100)
Appending subsequent iteration 52...
Iteration 52: Appended new size values from key_sizes_zipfian_light_mixed.csv to ../analysis/Data/Value_size_data/value_sizes_postgresql_array_run2_zipfian_light_mixed_before.csv
VACUUM start: 1773521896
VACUUM end: 1773521899
=== Setting parameter values for run phase ===
Checking query plan before run phase
=== Executing the run phase with extendproportion=0 and read/update proportions=0.5 ===
Arrangement completed. Output saved to ../analysis/Data/Workload_data/postgresql_array_run2_zipfian_light_mixed.csv
Arrangement completed. Output saved to ../analysis/Data/Workload_data/postgresql_array_run2_zipfian_light_mixed.csv
Backing up the database started
Backing up the database finished
Arrangement completed. Output saved to ../analysis/Data/Workload_data/postgresql_array_run2_zipfian_light_mixed.csv
Size computation started
Appending subsequent iteration 52...
Iteration 52: Appended new size values from key_sizes_zipfian_light_mixed.csv to ../analysis/Data/Value_size_data/value_sizes_postgresql_array_run2_zipfian_light_mixed_after.csv
Total size: 77381300, Field length average: 7738
Workload file fieldlength set to: 7738 (expected: 7738)
=== Executing the load phase for the comparison study ===
Comparison-load verification - Epoch:6 Run:2 TotalSize:77380000 ExpectedFieldLength:7738
Avg-run verification - Epoch:6 Run:2 Iteration:52 TotalSize:77380000 ExpectedFieldLength:7738
=== Executing the run phase with extendproportion=0 and read/update proportions=0.5 ===
Arrangement completed. Output saved to ../analysis/Data/Workload_data/postgresql_array_run2_zipfian_light_mixed.csv
=== Setting parameter values for extend phase ===
=== Executing the extend phase with extendproportion=1 and other proportions=0 ===
Arrangement completed. Output saved to ../analysis/Data/Workload_data/postgresql_array_run2_zipfian_light_mixed.csv
Size computation started
Extend verification - Min:70000 Max:113200 Avg:78338 (Expected avg per record: ~1000 bytes initially)
Generating histogram from key size log: key_sizes_zipfian_light_mixed.csv
Histogram written to histogram_postgresql_array_zipfian_light_mixed_2.txt (BlockSize = 100)
Appending subsequent iteration 53...
Iteration 53: Appended new size values from key_sizes_zipfian_light_mixed.csv to ../analysis/Data/Value_size_data/value_sizes_postgresql_array_run2_zipfian_light_mixed_before.csv
VACUUM start: 1773522265
VACUUM end: 1773522267
=== Setting parameter values for run phase ===
Checking query plan before run phase
=== Executing the run phase with extendproportion=0 and read/update proportions=0.5 ===
Arrangement completed. Output saved to ../analysis/Data/Workload_data/postgresql_array_run2_zipfian_light_mixed.csv
Arrangement completed. Output saved to ../analysis/Data/Workload_data/postgresql_array_run2_zipfian_light_mixed.csv
Backing up the database started
Backing up the database finished
Arrangement completed. Output saved to ../analysis/Data/Workload_data/postgresql_array_run2_zipfian_light_mixed.csv
Size computation started
Appending subsequent iteration 53...
Iteration 53: Appended new size values from key_sizes_zipfian_light_mixed.csv to ../analysis/Data/Value_size_data/value_sizes_postgresql_array_run2_zipfian_light_mixed_after.csv
Total size: 78779800, Field length average: 7877
Workload file fieldlength set to: 7877 (expected: 7877)
=== Executing the load phase for the comparison study ===
Comparison-load verification - Epoch:6 Run:3 TotalSize:78770000 ExpectedFieldLength:7877
Avg-run verification - Epoch:6 Run:3 Iteration:53 TotalSize:78770000 ExpectedFieldLength:7877
=== Executing the run phase with extendproportion=0 and read/update proportions=0.5 ===
Arrangement completed. Output saved to ../analysis/Data/Workload_data/postgresql_array_run2_zipfian_light_mixed.csv
=== Setting parameter values for extend phase ===
=== Executing the extend phase with extendproportion=1 and other proportions=0 ===
Arrangement completed. Output saved to ../analysis/Data/Workload_data/postgresql_array_run2_zipfian_light_mixed.csv
Size computation started
Extend verification - Min:71300 Max:116300 Avg:79800 (Expected avg per record: ~1000 bytes initially)
Generating histogram from key size log: key_sizes_zipfian_light_mixed.csv
Histogram written to histogram_postgresql_array_zipfian_light_mixed_2.txt (BlockSize = 100)
Appending subsequent iteration 54...
Iteration 54: Appended new size values from key_sizes_zipfian_light_mixed.csv to ../analysis/Data/Value_size_data/value_sizes_postgresql_array_run2_zipfian_light_mixed_before.csv
VACUUM start: 1773522641
VACUUM end: 1773522644
=== Setting parameter values for run phase ===
Checking query plan before run phase
=== Executing the run phase with extendproportion=0 and read/update proportions=0.5 ===
Arrangement completed. Output saved to ../analysis/Data/Workload_data/postgresql_array_run2_zipfian_light_mixed.csv
Arrangement completed. Output saved to ../analysis/Data/Workload_data/postgresql_array_run2_zipfian_light_mixed.csv
Backing up the database started
Backing up the database finished
Arrangement completed. Output saved to ../analysis/Data/Workload_data/postgresql_array_run2_zipfian_light_mixed.csv
Size computation started
Appending subsequent iteration 54...
Iteration 54: Appended new size values from key_sizes_zipfian_light_mixed.csv to ../analysis/Data/Value_size_data/value_sizes_postgresql_array_run2_zipfian_light_mixed_after.csv
Total size: 80250100, Field length average: 8025
Workload file fieldlength set to: 8025 (expected: 8025)
=== Executing the load phase for the comparison study ===
Comparison-load verification - Epoch:6 Run:4 TotalSize:80250000 ExpectedFieldLength:8025
Avg-run verification - Epoch:6 Run:4 Iteration:54 TotalSize:80250000 ExpectedFieldLength:8025
=== Executing the run phase with extendproportion=0 and read/update proportions=0.5 ===
Arrangement completed. Output saved to ../analysis/Data/Workload_data/postgresql_array_run2_zipfian_light_mixed.csv
=== Setting parameter values for extend phase ===
=== Executing the extend phase with extendproportion=1 and other proportions=0 ===
Arrangement completed. Output saved to ../analysis/Data/Workload_data/postgresql_array_run2_zipfian_light_mixed.csv
Size computation started
Extend verification - Min:73000 Max:117100 Avg:81247 (Expected avg per record: ~1000 bytes initially)
Generating histogram from key size log: key_sizes_zipfian_light_mixed.csv
Histogram written to histogram_postgresql_array_zipfian_light_mixed_2.txt (BlockSize = 100)
Appending subsequent iteration 55...
Iteration 55: Appended new size values from key_sizes_zipfian_light_mixed.csv to ../analysis/Data/Value_size_data/value_sizes_postgresql_array_run2_zipfian_light_mixed_before.csv
VACUUM start: 1773523017
VACUUM end: 1773523019
=== Setting parameter values for run phase ===
Checking query plan before run phase
=== Executing the run phase with extendproportion=0 and read/update proportions=0.5 ===
Arrangement completed. Output saved to ../analysis/Data/Workload_data/postgresql_array_run2_zipfian_light_mixed.csv
Arrangement completed. Output saved to ../analysis/Data/Workload_data/postgresql_array_run2_zipfian_light_mixed.csv
Backing up the database started
Backing up the database finished
Arrangement completed. Output saved to ../analysis/Data/Workload_data/postgresql_array_run2_zipfian_light_mixed.csv
Size computation started
Appending subsequent iteration 55...
Iteration 55: Appended new size values from key_sizes_zipfian_light_mixed.csv to ../analysis/Data/Value_size_data/value_sizes_postgresql_array_run2_zipfian_light_mixed_after.csv
Total size: 81678400, Field length average: 8167
Workload file fieldlength set to: 8167 (expected: 8167)
=== Executing the load phase for the comparison study ===
Comparison-load verification - Epoch:6 Run:5 TotalSize:81670000 ExpectedFieldLength:8167
Avg-run verification - Epoch:6 Run:5 Iteration:55 TotalSize:81670000 ExpectedFieldLength:8167
=== Executing the run phase with extendproportion=0 and read/update proportions=0.5 ===
Arrangement completed. Output saved to ../analysis/Data/Workload_data/postgresql_array_run2_zipfian_light_mixed.csv
=== Setting parameter values for extend phase ===
=== Executing the extend phase with extendproportion=1 and other proportions=0 ===
Arrangement completed. Output saved to ../analysis/Data/Workload_data/postgresql_array_run2_zipfian_light_mixed.csv
Size computation started
Extend verification - Min:73900 Max:120300 Avg:82676 (Expected avg per record: ~1000 bytes initially)
Generating histogram from key size log: key_sizes_zipfian_light_mixed.csv
Histogram written to histogram_postgresql_array_zipfian_light_mixed_2.txt (BlockSize = 100)
Appending subsequent iteration 56...
Iteration 56: Appended new size values from key_sizes_zipfian_light_mixed.csv to ../analysis/Data/Value_size_data/value_sizes_postgresql_array_run2_zipfian_light_mixed_before.csv
VACUUM start: 1773523403
VACUUM end: 1773523407
=== Setting parameter values for run phase ===
Checking query plan before run phase
=== Executing the run phase with extendproportion=0 and read/update proportions=0.5 ===
Arrangement completed. Output saved to ../analysis/Data/Workload_data/postgresql_array_run2_zipfian_light_mixed.csv
Arrangement completed. Output saved to ../analysis/Data/Workload_data/postgresql_array_run2_zipfian_light_mixed.csv
Backing up the database started
Backing up the database finished
Arrangement completed. Output saved to ../analysis/Data/Workload_data/postgresql_array_run2_zipfian_light_mixed.csv
Size computation started
Appending subsequent iteration 56...
Iteration 56: Appended new size values from key_sizes_zipfian_light_mixed.csv to ../analysis/Data/Value_size_data/value_sizes_postgresql_array_run2_zipfian_light_mixed_after.csv
Total size: 83086800, Field length average: 8308
Workload file fieldlength set to: 8308 (expected: 8308)
=== Executing the load phase for the comparison study ===
Comparison-load verification - Epoch:6 Run:6 TotalSize:83080000 ExpectedFieldLength:8308
Avg-run verification - Epoch:6 Run:6 Iteration:56 TotalSize:83080000 ExpectedFieldLength:8308
=== Executing the run phase with extendproportion=0 and read/update proportions=0.5 ===
Arrangement completed. Output saved to ../analysis/Data/Workload_data/postgresql_array_run2_zipfian_light_mixed.csv
=== Setting parameter values for extend phase ===
=== Executing the extend phase with extendproportion=1 and other proportions=0 ===
Arrangement completed. Output saved to ../analysis/Data/Workload_data/postgresql_array_run2_zipfian_light_mixed.csv
Size computation started
Extend verification - Min:74800 Max:123900 Avg:84129 (Expected avg per record: ~1000 bytes initially)
Generating histogram from key size log: key_sizes_zipfian_light_mixed.csv
Histogram written to histogram_postgresql_array_zipfian_light_mixed_2.txt (BlockSize = 100)
Appending subsequent iteration 57...
Iteration 57: Appended new size values from key_sizes_zipfian_light_mixed.csv to ../analysis/Data/Value_size_data/value_sizes_postgresql_array_run2_zipfian_light_mixed_before.csv
VACUUM start: 1773523790
VACUUM end: 1773523792
=== Setting parameter values for run phase ===
Checking query plan before run phase
=== Executing the run phase with extendproportion=0 and read/update proportions=0.5 ===
Arrangement completed. Output saved to ../analysis/Data/Workload_data/postgresql_array_run2_zipfian_light_mixed.csv
Arrangement completed. Output saved to ../analysis/Data/Workload_data/postgresql_array_run2_zipfian_light_mixed.csv
Backing up the database started
Backing up the database finished
Arrangement completed. Output saved to ../analysis/Data/Workload_data/postgresql_array_run2_zipfian_light_mixed.csv
Size computation started
Appending subsequent iteration 57...
Iteration 57: Appended new size values from key_sizes_zipfian_light_mixed.csv to ../analysis/Data/Value_size_data/value_sizes_postgresql_array_run2_zipfian_light_mixed_after.csv
Total size: 84567900, Field length average: 8456
Workload file fieldlength set to: 8456 (expected: 8456)
=== Executing the load phase for the comparison study ===
Comparison-load verification - Epoch:6 Run:7 TotalSize:84560000 ExpectedFieldLength:8456
Avg-run verification - Epoch:6 Run:7 Iteration:57 TotalSize:84560000 ExpectedFieldLength:8456
=== Executing the run phase with extendproportion=0 and read/update proportions=0.5 ===
Arrangement completed. Output saved to ../analysis/Data/Workload_data/postgresql_array_run2_zipfian_light_mixed.csv
=== Setting parameter values for extend phase ===
=== Executing the extend phase with extendproportion=1 and other proportions=0 ===
Arrangement completed. Output saved to ../analysis/Data/Workload_data/postgresql_array_run2_zipfian_light_mixed.csv
Size computation started
Extend verification - Min:76800 Max:118400 Avg:85581 (Expected avg per record: ~1000 bytes initially)
Generating histogram from key size log: key_sizes_zipfian_light_mixed.csv
Histogram written to histogram_postgresql_array_zipfian_light_mixed_2.txt (BlockSize = 100)
Appending subsequent iteration 58...
Iteration 58: Appended new size values from key_sizes_zipfian_light_mixed.csv to ../analysis/Data/Value_size_data/value_sizes_postgresql_array_run2_zipfian_light_mixed_before.csv
VACUUM start: 1773524170
VACUUM end: 1773524173
=== Setting parameter values for run phase ===
Checking query plan before run phase
=== Executing the run phase with extendproportion=0 and read/update proportions=0.5 ===
Arrangement completed. Output saved to ../analysis/Data/Workload_data/postgresql_array_run2_zipfian_light_mixed.csv
Arrangement completed. Output saved to ../analysis/Data/Workload_data/postgresql_array_run2_zipfian_light_mixed.csv
Backing up the database started
Backing up the database finished
Arrangement completed. Output saved to ../analysis/Data/Workload_data/postgresql_array_run2_zipfian_light_mixed.csv
Size computation started
Appending subsequent iteration 58...
Iteration 58: Appended new size values from key_sizes_zipfian_light_mixed.csv to ../analysis/Data/Value_size_data/value_sizes_postgresql_array_run2_zipfian_light_mixed_after.csv
Total size: 86012500, Field length average: 8601
Workload file fieldlength set to: 8601 (expected: 8601)
=== Executing the load phase for the comparison study ===
Comparison-load verification - Epoch:6 Run:8 TotalSize:86010000 ExpectedFieldLength:8601
Avg-run verification - Epoch:6 Run:8 Iteration:58 TotalSize:86010000 ExpectedFieldLength:8601
=== Executing the run phase with extendproportion=0 and read/update proportions=0.5 ===
Arrangement completed. Output saved to ../analysis/Data/Workload_data/postgresql_array_run2_zipfian_light_mixed.csv
=== Setting parameter values for extend phase ===
=== Executing the extend phase with extendproportion=1 and other proportions=0 ===
Arrangement completed. Output saved to ../analysis/Data/Workload_data/postgresql_array_run2_zipfian_light_mixed.csv
Size computation started
Extend verification - Min:77800 Max:126900 Avg:87004 (Expected avg per record: ~1000 bytes initially)
Generating histogram from key size log: key_sizes_zipfian_light_mixed.csv
Histogram written to histogram_postgresql_array_zipfian_light_mixed_2.txt (BlockSize = 100)
Appending subsequent iteration 59...
Iteration 59: Appended new size values from key_sizes_zipfian_light_mixed.csv to ../analysis/Data/Value_size_data/value_sizes_postgresql_array_run2_zipfian_light_mixed_before.csv
VACUUM start: 1773524554
VACUUM end: 1773524557
=== Setting parameter values for run phase ===
Checking query plan before run phase
=== Executing the run phase with extendproportion=0 and read/update proportions=0.5 ===
Arrangement completed. Output saved to ../analysis/Data/Workload_data/postgresql_array_run2_zipfian_light_mixed.csv
Arrangement completed. Output saved to ../analysis/Data/Workload_data/postgresql_array_run2_zipfian_light_mixed.csv
Backing up the database started
Backing up the database finished
Arrangement completed. Output saved to ../analysis/Data/Workload_data/postgresql_array_run2_zipfian_light_mixed.csv
Size computation started
Appending subsequent iteration 59...
Iteration 59: Appended new size values from key_sizes_zipfian_light_mixed.csv to ../analysis/Data/Value_size_data/value_sizes_postgresql_array_run2_zipfian_light_mixed_after.csv
Total size: 87458900, Field length average: 8745
Workload file fieldlength set to: 8745 (expected: 8745)
=== Executing the load phase for the comparison study ===
Comparison-load verification - Epoch:6 Run:9 TotalSize:87450000 ExpectedFieldLength:8745
Avg-run verification - Epoch:6 Run:9 Iteration:59 TotalSize:87450000 ExpectedFieldLength:8745
=== Executing the run phase with extendproportion=0 and read/update proportions=0.5 ===
Arrangement completed. Output saved to ../analysis/Data/Workload_data/postgresql_array_run2_zipfian_light_mixed.csv
=== Setting parameter values for extend phase ===
=== Executing the extend phase with extendproportion=1 and other proportions=0 ===
Arrangement completed. Output saved to ../analysis/Data/Workload_data/postgresql_array_run2_zipfian_light_mixed.csv
Size computation started
Extend verification - Min:79400 Max:126400 Avg:88429 (Expected avg per record: ~1000 bytes initially)
Generating histogram from key size log: key_sizes_zipfian_light_mixed.csv
Histogram written to histogram_postgresql_array_zipfian_light_mixed_2.txt (BlockSize = 100)
Appending subsequent iteration 60...
Iteration 60: Appended new size values from key_sizes_zipfian_light_mixed.csv to ../analysis/Data/Value_size_data/value_sizes_postgresql_array_run2_zipfian_light_mixed_before.csv
VACUUM start: 1773524948
VACUUM end: 1773524951
=== Setting parameter values for run phase ===
Checking query plan before run phase
=== Executing the run phase with extendproportion=0 and read/update proportions=0.5 ===
Arrangement completed. Output saved to ../analysis/Data/Workload_data/postgresql_array_run2_zipfian_light_mixed.csv
Arrangement completed. Output saved to ../analysis/Data/Workload_data/postgresql_array_run2_zipfian_light_mixed.csv
Backing up the database started
Backing up the database finished
Arrangement completed. Output saved to ../analysis/Data/Workload_data/postgresql_array_run2_zipfian_light_mixed.csv
Size computation started
Appending subsequent iteration 60...
Iteration 60: Appended new size values from key_sizes_zipfian_light_mixed.csv to ../analysis/Data/Value_size_data/value_sizes_postgresql_array_run2_zipfian_light_mixed_after.csv
Total size: 88912900, Field length average: 8891
Workload file fieldlength set to: 8891 (expected: 8891)
=== Executing the load phase for the comparison study ===
Comparison-load verification - Epoch:6 Run:10 TotalSize:88910000 ExpectedFieldLength:8891
Avg-run verification - Epoch:6 Run:10 Iteration:60 TotalSize:88910000 ExpectedFieldLength:8891
=== Executing the run phase with extendproportion=0 and read/update proportions=0.5 ===
Arrangement completed. Output saved to ../analysis/Data/Workload_data/postgresql_array_run2_zipfian_light_mixed.csv
=== Setting parameter values for extend phase ===
=== Executing the extend phase with extendproportion=1 and other proportions=0 ===
Arrangement completed. Output saved to ../analysis/Data/Workload_data/postgresql_array_run2_zipfian_light_mixed.csv
Size computation started
Extend verification - Min:81000 Max:132100 Avg:89893 (Expected avg per record: ~1000 bytes initially)
Generating histogram from key size log: key_sizes_zipfian_light_mixed.csv
Histogram written to histogram_postgresql_array_zipfian_light_mixed_2.txt (BlockSize = 100)
Appending subsequent iteration 61...
Iteration 61: Appended new size values from key_sizes_zipfian_light_mixed.csv to ../analysis/Data/Value_size_data/value_sizes_postgresql_array_run2_zipfian_light_mixed_before.csv
VACUUM start: 1773525339
VACUUM end: 1773525343
=== Setting parameter values for run phase ===
Checking query plan before run phase
=== Executing the run phase with extendproportion=0 and read/update proportions=0.5 ===
Arrangement completed. Output saved to ../analysis/Data/Workload_data/postgresql_array_run2_zipfian_light_mixed.csv
Arrangement completed. Output saved to ../analysis/Data/Workload_data/postgresql_array_run2_zipfian_light_mixed.csv
Backing up the database started
Backing up the database finished
Arrangement completed. Output saved to ../analysis/Data/Workload_data/postgresql_array_run2_zipfian_light_mixed.csv
Size computation started
Appending subsequent iteration 61...
Iteration 61: Appended new size values from key_sizes_zipfian_light_mixed.csv to ../analysis/Data/Value_size_data/value_sizes_postgresql_array_run2_zipfian_light_mixed_after.csv
Total size: 90304600, Field length average: 9030
Workload file fieldlength set to: 9030 (expected: 9030)
=== Executing the load phase for the comparison study ===
Comparison-load verification - Epoch:7 Run:1 TotalSize:90300000 ExpectedFieldLength:9030
Avg-run verification - Epoch:7 Run:1 Iteration:61 TotalSize:90300000 ExpectedFieldLength:9030
=== Executing the run phase with extendproportion=0 and read/update proportions=0.5 ===
Arrangement completed. Output saved to ../analysis/Data/Workload_data/postgresql_array_run2_zipfian_light_mixed.csv
=== Setting parameter values for extend phase ===
=== Executing the extend phase with extendproportion=1 and other proportions=0 ===
Arrangement completed. Output saved to ../analysis/Data/Workload_data/postgresql_array_run2_zipfian_light_mixed.csv
Size computation started
Extend verification - Min:81300 Max:129500 Avg:91249 (Expected avg per record: ~1000 bytes initially)
Generating histogram from key size log: key_sizes_zipfian_light_mixed.csv
Histogram written to histogram_postgresql_array_zipfian_light_mixed_2.txt (BlockSize = 100)
Appending subsequent iteration 62...
Iteration 62: Appended new size values from key_sizes_zipfian_light_mixed.csv to ../analysis/Data/Value_size_data/value_sizes_postgresql_array_run2_zipfian_light_mixed_before.csv
VACUUM start: 1773525736
VACUUM end: 1773525739
=== Setting parameter values for run phase ===
Checking query plan before run phase
=== Executing the run phase with extendproportion=0 and read/update proportions=0.5 ===
Arrangement completed. Output saved to ../analysis/Data/Workload_data/postgresql_array_run2_zipfian_light_mixed.csv
Arrangement completed. Output saved to ../analysis/Data/Workload_data/postgresql_array_run2_zipfian_light_mixed.csv
Backing up the database started
Backing up the database finished
Arrangement completed. Output saved to ../analysis/Data/Workload_data/postgresql_array_run2_zipfian_light_mixed.csv
Size computation started
Appending subsequent iteration 62...
Iteration 62: Appended new size values from key_sizes_zipfian_light_mixed.csv to ../analysis/Data/Value_size_data/value_sizes_postgresql_array_run2_zipfian_light_mixed_after.csv
Total size: 91646400, Field length average: 9164
Workload file fieldlength set to: 9164 (expected: 9164)
=== Executing the load phase for the comparison study ===
Comparison-load verification - Epoch:7 Run:2 TotalSize:91640000 ExpectedFieldLength:9164
Avg-run verification - Epoch:7 Run:2 Iteration:62 TotalSize:91640000 ExpectedFieldLength:9164
=== Executing the run phase with extendproportion=0 and read/update proportions=0.5 ===
Arrangement completed. Output saved to ../analysis/Data/Workload_data/postgresql_array_run2_zipfian_light_mixed.csv
=== Setting parameter values for extend phase ===
=== Executing the extend phase with extendproportion=1 and other proportions=0 ===
Arrangement completed. Output saved to ../analysis/Data/Workload_data/postgresql_array_run2_zipfian_light_mixed.csv
Size computation started
Extend verification - Min:82800 Max:130000 Avg:92682 (Expected avg per record: ~1000 bytes initially)
Generating histogram from key size log: key_sizes_zipfian_light_mixed.csv
Histogram written to histogram_postgresql_array_zipfian_light_mixed_2.txt (BlockSize = 100)
Appending subsequent iteration 63...
Iteration 63: Appended new size values from key_sizes_zipfian_light_mixed.csv to ../analysis/Data/Value_size_data/value_sizes_postgresql_array_run2_zipfian_light_mixed_before.csv
VACUUM start: 1773526138
VACUUM end: 1773526141
=== Setting parameter values for run phase ===
Checking query plan before run phase
=== Executing the run phase with extendproportion=0 and read/update proportions=0.5 ===
Arrangement completed. Output saved to ../analysis/Data/Workload_data/postgresql_array_run2_zipfian_light_mixed.csv
Arrangement completed. Output saved to ../analysis/Data/Workload_data/postgresql_array_run2_zipfian_light_mixed.csv
Backing up the database started
Backing up the database finished
Arrangement completed. Output saved to ../analysis/Data/Workload_data/postgresql_array_run2_zipfian_light_mixed.csv
Size computation started
Appending subsequent iteration 63...
Iteration 63: Appended new size values from key_sizes_zipfian_light_mixed.csv to ../analysis/Data/Value_size_data/value_sizes_postgresql_array_run2_zipfian_light_mixed_after.csv
Total size: 93125400, Field length average: 9312
Workload file fieldlength set to: 9312 (expected: 9312)
=== Executing the load phase for the comparison study ===
Comparison-load verification - Epoch:7 Run:3 TotalSize:93120000 ExpectedFieldLength:9312
Avg-run verification - Epoch:7 Run:3 Iteration:63 TotalSize:93120000 ExpectedFieldLength:9312
=== Executing the run phase with extendproportion=0 and read/update proportions=0.5 ===
Arrangement completed. Output saved to ../analysis/Data/Workload_data/postgresql_array_run2_zipfian_light_mixed.csv
=== Setting parameter values for extend phase ===
=== Executing the extend phase with extendproportion=1 and other proportions=0 ===
Arrangement completed. Output saved to ../analysis/Data/Workload_data/postgresql_array_run2_zipfian_light_mixed.csv
Size computation started
Extend verification - Min:74500 Max:126800 Avg:94042 (Expected avg per record: ~1000 bytes initially)
Generating histogram from key size log: key_sizes_zipfian_light_mixed.csv
Histogram written to histogram_postgresql_array_zipfian_light_mixed_2.txt (BlockSize = 100)
Appending subsequent iteration 64...
Iteration 64: Appended new size values from key_sizes_zipfian_light_mixed.csv to ../analysis/Data/Value_size_data/value_sizes_postgresql_array_run2_zipfian_light_mixed_before.csv
VACUUM start: 1773526536
VACUUM end: 1773526539
=== Setting parameter values for run phase ===
Checking query plan before run phase
=== Executing the run phase with extendproportion=0 and read/update proportions=0.5 ===
Arrangement completed. Output saved to ../analysis/Data/Workload_data/postgresql_array_run2_zipfian_light_mixed.csv
Arrangement completed. Output saved to ../analysis/Data/Workload_data/postgresql_array_run2_zipfian_light_mixed.csv
Backing up the database started
Backing up the database finished
Arrangement completed. Output saved to ../analysis/Data/Workload_data/postgresql_array_run2_zipfian_light_mixed.csv
Size computation started
Appending subsequent iteration 64...
Iteration 64: Appended new size values from key_sizes_zipfian_light_mixed.csv to ../analysis/Data/Value_size_data/value_sizes_postgresql_array_run2_zipfian_light_mixed_after.csv
Total size: 94478200, Field length average: 9447
Workload file fieldlength set to: 9447 (expected: 9447)
=== Executing the load phase for the comparison study ===
Comparison-load verification - Epoch:7 Run:4 TotalSize:94470000 ExpectedFieldLength:9447
Avg-run verification - Epoch:7 Run:4 Iteration:64 TotalSize:94470000 ExpectedFieldLength:9447
=== Executing the run phase with extendproportion=0 and read/update proportions=0.5 ===
Arrangement completed. Output saved to ../analysis/Data/Workload_data/postgresql_array_run2_zipfian_light_mixed.csv
=== Setting parameter values for extend phase ===
=== Executing the extend phase with extendproportion=1 and other proportions=0 ===
Arrangement completed. Output saved to ../analysis/Data/Workload_data/postgresql_array_run2_zipfian_light_mixed.csv
Size computation started
Extend verification - Min:85400 Max:129000 Avg:95378 (Expected avg per record: ~1000 bytes initially)
Generating histogram from key size log: key_sizes_zipfian_light_mixed.csv
Histogram written to histogram_postgresql_array_zipfian_light_mixed_2.txt (BlockSize = 100)
Appending subsequent iteration 65...
Iteration 65: Appended new size values from key_sizes_zipfian_light_mixed.csv to ../analysis/Data/Value_size_data/value_sizes_postgresql_array_run2_zipfian_light_mixed_before.csv
VACUUM start: 1773526935
VACUUM end: 1773526938
=== Setting parameter values for run phase ===
Checking query plan before run phase
=== Executing the run phase with extendproportion=0 and read/update proportions=0.5 ===
Arrangement completed. Output saved to ../analysis/Data/Workload_data/postgresql_array_run2_zipfian_light_mixed.csv
Arrangement completed. Output saved to ../analysis/Data/Workload_data/postgresql_array_run2_zipfian_light_mixed.csv
Backing up the database started
Backing up the database finished
Arrangement completed. Output saved to ../analysis/Data/Workload_data/postgresql_array_run2_zipfian_light_mixed.csv
Size computation started
Appending subsequent iteration 65...
Iteration 65: Appended new size values from key_sizes_zipfian_light_mixed.csv to ../analysis/Data/Value_size_data/value_sizes_postgresql_array_run2_zipfian_light_mixed_after.csv
Total size: 95854700, Field length average: 9585
Workload file fieldlength set to: 9585 (expected: 9585)
=== Executing the load phase for the comparison study ===
Comparison-load verification - Epoch:7 Run:5 TotalSize:95850000 ExpectedFieldLength:9585
Avg-run verification - Epoch:7 Run:5 Iteration:65 TotalSize:95850000 ExpectedFieldLength:9585
=== Executing the run phase with extendproportion=0 and read/update proportions=0.5 ===
Arrangement completed. Output saved to ../analysis/Data/Workload_data/postgresql_array_run2_zipfian_light_mixed.csv
=== Setting parameter values for extend phase ===
=== Executing the extend phase with extendproportion=1 and other proportions=0 ===
Arrangement completed. Output saved to ../analysis/Data/Workload_data/postgresql_array_run2_zipfian_light_mixed.csv
Size computation started
Extend verification - Min:85900 Max:134500 Avg:96793 (Expected avg per record: ~1000 bytes initially)
Generating histogram from key size log: key_sizes_zipfian_light_mixed.csv
Histogram written to histogram_postgresql_array_zipfian_light_mixed_2.txt (BlockSize = 100)
Appending subsequent iteration 66...
Iteration 66: Appended new size values from key_sizes_zipfian_light_mixed.csv to ../analysis/Data/Value_size_data/value_sizes_postgresql_array_run2_zipfian_light_mixed_before.csv
VACUUM start: 1773527329
VACUUM end: 1773527334
=== Setting parameter values for run phase ===
Checking query plan before run phase
=== Executing the run phase with extendproportion=0 and read/update proportions=0.5 ===
Arrangement completed. Output saved to ../analysis/Data/Workload_data/postgresql_array_run2_zipfian_light_mixed.csv
Arrangement completed. Output saved to ../analysis/Data/Workload_data/postgresql_array_run2_zipfian_light_mixed.csv
Backing up the database started
Backing up the database finished
Arrangement completed. Output saved to ../analysis/Data/Workload_data/postgresql_array_run2_zipfian_light_mixed.csv
Size computation started
Appending subsequent iteration 66...
Iteration 66: Appended new size values from key_sizes_zipfian_light_mixed.csv to ../analysis/Data/Value_size_data/value_sizes_postgresql_array_run2_zipfian_light_mixed_after.csv
Total size: 97219000, Field length average: 9721
Workload file fieldlength set to: 9721 (expected: 9721)
=== Executing the load phase for the comparison study ===
Comparison-load verification - Epoch:7 Run:6 TotalSize:97210000 ExpectedFieldLength:9721
Avg-run verification - Epoch:7 Run:6 Iteration:66 TotalSize:97210000 ExpectedFieldLength:9721
=== Executing the run phase with extendproportion=0 and read/update proportions=0.5 ===
Arrangement completed. Output saved to ../analysis/Data/Workload_data/postgresql_array_run2_zipfian_light_mixed.csv
=== Setting parameter values for extend phase ===
=== Executing the extend phase with extendproportion=1 and other proportions=0 ===
Arrangement completed. Output saved to ../analysis/Data/Workload_data/postgresql_array_run2_zipfian_light_mixed.csv
Size computation started
Extend verification - Min:86800 Max:135700 Avg:98188 (Expected avg per record: ~1000 bytes initially)
Generating histogram from key size log: key_sizes_zipfian_light_mixed.csv
Histogram written to histogram_postgresql_array_zipfian_light_mixed_2.txt (BlockSize = 100)
Appending subsequent iteration 67...
Iteration 67: Appended new size values from key_sizes_zipfian_light_mixed.csv to ../analysis/Data/Value_size_data/value_sizes_postgresql_array_run2_zipfian_light_mixed_before.csv
VACUUM start: 1773527733
VACUUM end: 1773527736
=== Setting parameter values for run phase ===
Checking query plan before run phase
=== Executing the run phase with extendproportion=0 and read/update proportions=0.5 ===
Arrangement completed. Output saved to ../analysis/Data/Workload_data/postgresql_array_run2_zipfian_light_mixed.csv
Arrangement completed. Output saved to ../analysis/Data/Workload_data/postgresql_array_run2_zipfian_light_mixed.csv
Backing up the database started
Backing up the database finished
Arrangement completed. Output saved to ../analysis/Data/Workload_data/postgresql_array_run2_zipfian_light_mixed.csv
Size computation started
Appending subsequent iteration 67...
Iteration 67: Appended new size values from key_sizes_zipfian_light_mixed.csv to ../analysis/Data/Value_size_data/value_sizes_postgresql_array_run2_zipfian_light_mixed_after.csv
Total size: 98552600, Field length average: 9855
Workload file fieldlength set to: 9855 (expected: 9855)
=== Executing the load phase for the comparison study ===
Comparison-load verification - Epoch:7 Run:7 TotalSize:98550000 ExpectedFieldLength:9855
Avg-run verification - Epoch:7 Run:7 Iteration:67 TotalSize:98550000 ExpectedFieldLength:9855
=== Executing the run phase with extendproportion=0 and read/update proportions=0.5 ===
Arrangement completed. Output saved to ../analysis/Data/Workload_data/postgresql_array_run2_zipfian_light_mixed.csv
=== Setting parameter values for extend phase ===
=== Executing the extend phase with extendproportion=1 and other proportions=0 ===
Arrangement completed. Output saved to ../analysis/Data/Workload_data/postgresql_array_run2_zipfian_light_mixed.csv
Size computation started
Extend verification - Min:79300 Max:129800 Avg:99593 (Expected avg per record: ~1000 bytes initially)
Generating histogram from key size log: key_sizes_zipfian_light_mixed.csv
Histogram written to histogram_postgresql_array_zipfian_light_mixed_2.txt (BlockSize = 100)
Appending subsequent iteration 68...
Iteration 68: Appended new size values from key_sizes_zipfian_light_mixed.csv to ../analysis/Data/Value_size_data/value_sizes_postgresql_array_run2_zipfian_light_mixed_before.csv
VACUUM start: 1773528137
VACUUM end: 1773528140
=== Setting parameter values for run phase ===
Checking query plan before run phase
=== Executing the run phase with extendproportion=0 and read/update proportions=0.5 ===
Arrangement completed. Output saved to ../analysis/Data/Workload_data/postgresql_array_run2_zipfian_light_mixed.csv
Arrangement completed. Output saved to ../analysis/Data/Workload_data/postgresql_array_run2_zipfian_light_mixed.csv
Backing up the database started
Backing up the database finished
Arrangement completed. Output saved to ../analysis/Data/Workload_data/postgresql_array_run2_zipfian_light_mixed.csv
Size computation started
Appending subsequent iteration 68...
Iteration 68: Appended new size values from key_sizes_zipfian_light_mixed.csv to ../analysis/Data/Value_size_data/value_sizes_postgresql_array_run2_zipfian_light_mixed_after.csv
Total size: 99956300, Field length average: 9995
Workload file fieldlength set to: 9995 (expected: 9995)
=== Executing the load phase for the comparison study ===
Comparison-load verification - Epoch:7 Run:8 TotalSize:99950000 ExpectedFieldLength:9995
Avg-run verification - Epoch:7 Run:8 Iteration:68 TotalSize:99950000 ExpectedFieldLength:9995
=== Executing the run phase with extendproportion=0 and read/update proportions=0.5 ===
Arrangement completed. Output saved to ../analysis/Data/Workload_data/postgresql_array_run2_zipfian_light_mixed.csv
=== Setting parameter values for extend phase ===
=== Executing the extend phase with extendproportion=1 and other proportions=0 ===
Arrangement completed. Output saved to ../analysis/Data/Workload_data/postgresql_array_run2_zipfian_light_mixed.csv
Size computation started
Extend verification - Min:88600 Max:140400 Avg:101026 (Expected avg per record: ~1000 bytes initially)
Generating histogram from key size log: key_sizes_zipfian_light_mixed.csv
Histogram written to histogram_postgresql_array_zipfian_light_mixed_2.txt (BlockSize = 100)
Appending subsequent iteration 69...
Iteration 69: Appended new size values from key_sizes_zipfian_light_mixed.csv to ../analysis/Data/Value_size_data/value_sizes_postgresql_array_run2_zipfian_light_mixed_before.csv
VACUUM start: 1773528555
VACUUM end: 1773528558
=== Setting parameter values for run phase ===
Checking query plan before run phase
=== Executing the run phase with extendproportion=0 and read/update proportions=0.5 ===
Arrangement completed. Output saved to ../analysis/Data/Workload_data/postgresql_array_run2_zipfian_light_mixed.csv
Arrangement completed. Output saved to ../analysis/Data/Workload_data/postgresql_array_run2_zipfian_light_mixed.csv
Backing up the database started
Backing up the database finished
Arrangement completed. Output saved to ../analysis/Data/Workload_data/postgresql_array_run2_zipfian_light_mixed.csv
Size computation started
Appending subsequent iteration 69...
Iteration 69: Appended new size values from key_sizes_zipfian_light_mixed.csv to ../analysis/Data/Value_size_data/value_sizes_postgresql_array_run2_zipfian_light_mixed_after.csv
Total size: 101400100, Field length average: 10140
Workload file fieldlength set to: 10140 (expected: 10140)
=== Executing the load phase for the comparison study ===
Comparison-load verification - Epoch:7 Run:9 TotalSize:101400000 ExpectedFieldLength:10140
Avg-run verification - Epoch:7 Run:9 Iteration:69 TotalSize:101400000 ExpectedFieldLength:10140
=== Executing the run phase with extendproportion=0 and read/update proportions=0.5 ===
Arrangement completed. Output saved to ../analysis/Data/Workload_data/postgresql_array_run2_zipfian_light_mixed.csv
=== Setting parameter values for extend phase ===
=== Executing the extend phase with extendproportion=1 and other proportions=0 ===
Arrangement completed. Output saved to ../analysis/Data/Workload_data/postgresql_array_run2_zipfian_light_mixed.csv
Size computation started
Extend verification - Min:91600 Max:136800 Avg:102438 (Expected avg per record: ~1000 bytes initially)
Generating histogram from key size log: key_sizes_zipfian_light_mixed.csv
Histogram written to histogram_postgresql_array_zipfian_light_mixed_2.txt (BlockSize = 100)
Appending subsequent iteration 70...
Iteration 70: Appended new size values from key_sizes_zipfian_light_mixed.csv to ../analysis/Data/Value_size_data/value_sizes_postgresql_array_run2_zipfian_light_mixed_before.csv
VACUUM start: 1773528983
VACUUM end: 1773528987
=== Setting parameter values for run phase ===
Checking query plan before run phase
=== Executing the run phase with extendproportion=0 and read/update proportions=0.5 ===
Arrangement completed. Output saved to ../analysis/Data/Workload_data/postgresql_array_run2_zipfian_light_mixed.csv
Arrangement completed. Output saved to ../analysis/Data/Workload_data/postgresql_array_run2_zipfian_light_mixed.csv
Backing up the database started
Backing up the database finished
Arrangement completed. Output saved to ../analysis/Data/Workload_data/postgresql_array_run2_zipfian_light_mixed.csv
Size computation started
Appending subsequent iteration 70...
Iteration 70: Appended new size values from key_sizes_zipfian_light_mixed.csv to ../analysis/Data/Value_size_data/value_sizes_postgresql_array_run2_zipfian_light_mixed_after.csv
Total size: 102861700, Field length average: 10286
Workload file fieldlength set to: 10286 (expected: 10286)
=== Executing the load phase for the comparison study ===
Comparison-load verification - Epoch:7 Run:10 TotalSize:102860000 ExpectedFieldLength:10286
Avg-run verification - Epoch:7 Run:10 Iteration:70 TotalSize:102860000 ExpectedFieldLength:10286
=== Executing the run phase with extendproportion=0 and read/update proportions=0.5 ===
Arrangement completed. Output saved to ../analysis/Data/Workload_data/postgresql_array_run2_zipfian_light_mixed.csv
=== Setting parameter values for extend phase ===
=== Executing the extend phase with extendproportion=1 and other proportions=0 ===
Arrangement completed. Output saved to ../analysis/Data/Workload_data/postgresql_array_run2_zipfian_light_mixed.csv
Size computation started
Extend verification - Min:93200 Max:143000 Avg:103891 (Expected avg per record: ~1000 bytes initially)
Generating histogram from key size log: key_sizes_zipfian_light_mixed.csv
Histogram written to histogram_postgresql_array_zipfian_light_mixed_2.txt (BlockSize = 100)
Appending subsequent iteration 71...
Iteration 71: Appended new size values from key_sizes_zipfian_light_mixed.csv to ../analysis/Data/Value_size_data/value_sizes_postgresql_array_run2_zipfian_light_mixed_before.csv
VACUUM start: 1773529404
VACUUM end: 1773529408
=== Setting parameter values for run phase ===
Checking query plan before run phase
=== Executing the run phase with extendproportion=0 and read/update proportions=0.5 ===
Arrangement completed. Output saved to ../analysis/Data/Workload_data/postgresql_array_run2_zipfian_light_mixed.csv
Arrangement completed. Output saved to ../analysis/Data/Workload_data/postgresql_array_run2_zipfian_light_mixed.csv
Backing up the database started
Backing up the database finished
Arrangement completed. Output saved to ../analysis/Data/Workload_data/postgresql_array_run2_zipfian_light_mixed.csv
Size computation started
Appending subsequent iteration 71...
Iteration 71: Appended new size values from key_sizes_zipfian_light_mixed.csv to ../analysis/Data/Value_size_data/value_sizes_postgresql_array_run2_zipfian_light_mixed_after.csv
Total size: 104282600, Field length average: 10428
Workload file fieldlength set to: 10428 (expected: 10428)
=== Executing the load phase for the comparison study ===
Comparison-load verification - Epoch:8 Run:1 TotalSize:104280000 ExpectedFieldLength:10428
Avg-run verification - Epoch:8 Run:1 Iteration:71 TotalSize:104280000 ExpectedFieldLength:10428
=== Executing the run phase with extendproportion=0 and read/update proportions=0.5 ===
Arrangement completed. Output saved to ../analysis/Data/Workload_data/postgresql_array_run2_zipfian_light_mixed.csv
=== Setting parameter values for extend phase ===
=== Executing the extend phase with extendproportion=1 and other proportions=0 ===
Arrangement completed. Output saved to ../analysis/Data/Workload_data/postgresql_array_run2_zipfian_light_mixed.csv
Size computation started
Extend verification - Min:94000 Max:142000 Avg:105326 (Expected avg per record: ~1000 bytes initially)
Generating histogram from key size log: key_sizes_zipfian_light_mixed.csv
Histogram written to histogram_postgresql_array_zipfian_light_mixed_2.txt (BlockSize = 100)
Appending subsequent iteration 72...
Iteration 72: Appended new size values from key_sizes_zipfian_light_mixed.csv to ../analysis/Data/Value_size_data/value_sizes_postgresql_array_run2_zipfian_light_mixed_before.csv
VACUUM start: 1773529840
VACUUM end: 1773529844
=== Setting parameter values for run phase ===
Checking query plan before run phase
=== Executing the run phase with extendproportion=0 and read/update proportions=0.5 ===
Arrangement completed. Output saved to ../analysis/Data/Workload_data/postgresql_array_run2_zipfian_light_mixed.csv
Arrangement completed. Output saved to ../analysis/Data/Workload_data/postgresql_array_run2_zipfian_light_mixed.csv
Backing up the database started
Backing up the database finished
Arrangement completed. Output saved to ../analysis/Data/Workload_data/postgresql_array_run2_zipfian_light_mixed.csv
Size computation started
Appending subsequent iteration 72...
Iteration 72: Appended new size values from key_sizes_zipfian_light_mixed.csv to ../analysis/Data/Value_size_data/value_sizes_postgresql_array_run2_zipfian_light_mixed_after.csv
Total size: 105768100, Field length average: 10576
Workload file fieldlength set to: 10576 (expected: 10576)
=== Executing the load phase for the comparison study ===
Comparison-load verification - Epoch:8 Run:2 TotalSize:105760000 ExpectedFieldLength:10576
Avg-run verification - Epoch:8 Run:2 Iteration:72 TotalSize:105760000 ExpectedFieldLength:10576
=== Executing the run phase with extendproportion=0 and read/update proportions=0.5 ===
Arrangement completed. Output saved to ../analysis/Data/Workload_data/postgresql_array_run2_zipfian_light_mixed.csv
=== Setting parameter values for extend phase ===
=== Executing the extend phase with extendproportion=1 and other proportions=0 ===
Arrangement completed. Output saved to ../analysis/Data/Workload_data/postgresql_array_run2_zipfian_light_mixed.csv
Size computation started
Extend verification - Min:95600 Max:142000 Avg:106764 (Expected avg per record: ~1000 bytes initially)
Generating histogram from key size log: key_sizes_zipfian_light_mixed.csv
Histogram written to histogram_postgresql_array_zipfian_light_mixed_2.txt (BlockSize = 100)
Appending subsequent iteration 73...
Iteration 73: Appended new size values from key_sizes_zipfian_light_mixed.csv to ../analysis/Data/Value_size_data/value_sizes_postgresql_array_run2_zipfian_light_mixed_before.csv
VACUUM start: 1773530263
VACUUM end: 1773530267
=== Setting parameter values for run phase ===
Checking query plan before run phase
=== Executing the run phase with extendproportion=0 and read/update proportions=0.5 ===
Arrangement completed. Output saved to ../analysis/Data/Workload_data/postgresql_array_run2_zipfian_light_mixed.csv
Arrangement completed. Output saved to ../analysis/Data/Workload_data/postgresql_array_run2_zipfian_light_mixed.csv
Backing up the database started
Backing up the database finished
Arrangement completed. Output saved to ../analysis/Data/Workload_data/postgresql_array_run2_zipfian_light_mixed.csv
Size computation started
Appending subsequent iteration 73...
Iteration 73: Appended new size values from key_sizes_zipfian_light_mixed.csv to ../analysis/Data/Value_size_data/value_sizes_postgresql_array_run2_zipfian_light_mixed_after.csv
Total size: 107170200, Field length average: 10717
Workload file fieldlength set to: 10717 (expected: 10717)
=== Executing the load phase for the comparison study ===
Comparison-load verification - Epoch:8 Run:3 TotalSize:107170000 ExpectedFieldLength:10717
Avg-run verification - Epoch:8 Run:3 Iteration:73 TotalSize:107170000 ExpectedFieldLength:10717
=== Executing the run phase with extendproportion=0 and read/update proportions=0.5 ===
Arrangement completed. Output saved to ../analysis/Data/Workload_data/postgresql_array_run2_zipfian_light_mixed.csv
=== Setting parameter values for extend phase ===
=== Executing the extend phase with extendproportion=1 and other proportions=0 ===
Arrangement completed. Output saved to ../analysis/Data/Workload_data/postgresql_array_run2_zipfian_light_mixed.csv
Size computation started
Extend verification - Min:97000 Max:144100 Avg:108140 (Expected avg per record: ~1000 bytes initially)
Generating histogram from key size log: key_sizes_zipfian_light_mixed.csv
Histogram written to histogram_postgresql_array_zipfian_light_mixed_2.txt (BlockSize = 100)
Appending subsequent iteration 74...
Iteration 74: Appended new size values from key_sizes_zipfian_light_mixed.csv to ../analysis/Data/Value_size_data/value_sizes_postgresql_array_run2_zipfian_light_mixed_before.csv
VACUUM start: 1773530690
VACUUM end: 1773530693
=== Setting parameter values for run phase ===
Checking query plan before run phase
=== Executing the run phase with extendproportion=0 and read/update proportions=0.5 ===
Arrangement completed. Output saved to ../analysis/Data/Workload_data/postgresql_array_run2_zipfian_light_mixed.csv
Arrangement completed. Output saved to ../analysis/Data/Workload_data/postgresql_array_run2_zipfian_light_mixed.csv
Backing up the database started
Backing up the database finished
Arrangement completed. Output saved to ../analysis/Data/Workload_data/postgresql_array_run2_zipfian_light_mixed.csv
Size computation started
Appending subsequent iteration 74...
Iteration 74: Appended new size values from key_sizes_zipfian_light_mixed.csv to ../analysis/Data/Value_size_data/value_sizes_postgresql_array_run2_zipfian_light_mixed_after.csv
Total size: 108537900, Field length average: 10853
Workload file fieldlength set to: 10853 (expected: 10853)
=== Executing the load phase for the comparison study ===
Comparison-load verification - Epoch:8 Run:4 TotalSize:108530000 ExpectedFieldLength:10853
Avg-run verification - Epoch:8 Run:4 Iteration:74 TotalSize:108530000 ExpectedFieldLength:10853
=== Executing the run phase with extendproportion=0 and read/update proportions=0.5 ===
Arrangement completed. Output saved to ../analysis/Data/Workload_data/postgresql_array_run2_zipfian_light_mixed.csv
=== Setting parameter values for extend phase ===
=== Executing the extend phase with extendproportion=1 and other proportions=0 ===
Arrangement completed. Output saved to ../analysis/Data/Workload_data/postgresql_array_run2_zipfian_light_mixed.csv
Size computation started
Extend verification - Min:97700 Max:147300 Avg:109534 (Expected avg per record: ~1000 bytes initially)
Generating histogram from key size log: key_sizes_zipfian_light_mixed.csv
Histogram written to histogram_postgresql_array_zipfian_light_mixed_2.txt (BlockSize = 100)
Appending subsequent iteration 75...
Iteration 75: Appended new size values from key_sizes_zipfian_light_mixed.csv to ../analysis/Data/Value_size_data/value_sizes_postgresql_array_run2_zipfian_light_mixed_before.csv
VACUUM start: 1773531121
VACUUM end: 1773531125
=== Setting parameter values for run phase ===
Checking query plan before run phase
=== Executing the run phase with extendproportion=0 and read/update proportions=0.5 ===
Arrangement completed. Output saved to ../analysis/Data/Workload_data/postgresql_array_run2_zipfian_light_mixed.csv
Arrangement completed. Output saved to ../analysis/Data/Workload_data/postgresql_array_run2_zipfian_light_mixed.csv
Backing up the database started
Backing up the database finished
Arrangement completed. Output saved to ../analysis/Data/Workload_data/postgresql_array_run2_zipfian_light_mixed.csv
Size computation started
Appending subsequent iteration 75...
Iteration 75: Appended new size values from key_sizes_zipfian_light_mixed.csv to ../analysis/Data/Value_size_data/value_sizes_postgresql_array_run2_zipfian_light_mixed_after.csv
Total size: 109950400, Field length average: 10995
Workload file fieldlength set to: 10995 (expected: 10995)
=== Executing the load phase for the comparison study ===
Comparison-load verification - Epoch:8 Run:5 TotalSize:109950000 ExpectedFieldLength:10995
Avg-run verification - Epoch:8 Run:5 Iteration:75 TotalSize:109950000 ExpectedFieldLength:10995
=== Executing the run phase with extendproportion=0 and read/update proportions=0.5 ===
Arrangement completed. Output saved to ../analysis/Data/Workload_data/postgresql_array_run2_zipfian_light_mixed.csv
=== Setting parameter values for extend phase ===
=== Executing the extend phase with extendproportion=1 and other proportions=0 ===
Arrangement completed. Output saved to ../analysis/Data/Workload_data/postgresql_array_run2_zipfian_light_mixed.csv
Size computation started
Extend verification - Min:99500 Max:147400 Avg:110969 (Expected avg per record: ~1000 bytes initially)
Generating histogram from key size log: key_sizes_zipfian_light_mixed.csv
Histogram written to histogram_postgresql_array_zipfian_light_mixed_2.txt (BlockSize = 100)
Appending subsequent iteration 76...
Iteration 76: Appended new size values from key_sizes_zipfian_light_mixed.csv to ../analysis/Data/Value_size_data/value_sizes_postgresql_array_run2_zipfian_light_mixed_before.csv
VACUUM start: 1773531557
VACUUM end: 1773531560
=== Setting parameter values for run phase ===
Checking query plan before run phase
=== Executing the run phase with extendproportion=0 and read/update proportions=0.5 ===
Arrangement completed. Output saved to ../analysis/Data/Workload_data/postgresql_array_run2_zipfian_light_mixed.csv
Arrangement completed. Output saved to ../analysis/Data/Workload_data/postgresql_array_run2_zipfian_light_mixed.csv
Backing up the database started
Backing up the database finished
Arrangement completed. Output saved to ../analysis/Data/Workload_data/postgresql_array_run2_zipfian_light_mixed.csv
Size computation started
Appending subsequent iteration 76...
Iteration 76: Appended new size values from key_sizes_zipfian_light_mixed.csv to ../analysis/Data/Value_size_data/value_sizes_postgresql_array_run2_zipfian_light_mixed_after.csv
Total size: 111332500, Field length average: 11133
Workload file fieldlength set to: 11133 (expected: 11133)
=== Executing the load phase for the comparison study ===
Comparison-load verification - Epoch:8 Run:6 TotalSize:111330000 ExpectedFieldLength:11133
Avg-run verification - Epoch:8 Run:6 Iteration:76 TotalSize:111330000 ExpectedFieldLength:11133
=== Executing the run phase with extendproportion=0 and read/update proportions=0.5 ===
Arrangement completed. Output saved to ../analysis/Data/Workload_data/postgresql_array_run2_zipfian_light_mixed.csv
=== Setting parameter values for extend phase ===
=== Executing the extend phase with extendproportion=1 and other proportions=0 ===
Arrangement completed. Output saved to ../analysis/Data/Workload_data/postgresql_array_run2_zipfian_light_mixed.csv
Size computation started
Extend verification - Min:100300 Max:153800 Avg:112352 (Expected avg per record: ~1000 bytes initially)
Generating histogram from key size log: key_sizes_zipfian_light_mixed.csv
Histogram written to histogram_postgresql_array_zipfian_light_mixed_2.txt (BlockSize = 100)
Appending subsequent iteration 77...
Iteration 77: Appended new size values from key_sizes_zipfian_light_mixed.csv to ../analysis/Data/Value_size_data/value_sizes_postgresql_array_run2_zipfian_light_mixed_before.csv
VACUUM start: 1773531985
VACUUM end: 1773531989
=== Setting parameter values for run phase ===
Checking query plan before run phase
=== Executing the run phase with extendproportion=0 and read/update proportions=0.5 ===
Arrangement completed. Output saved to ../analysis/Data/Workload_data/postgresql_array_run2_zipfian_light_mixed.csv
Arrangement completed. Output saved to ../analysis/Data/Workload_data/postgresql_array_run2_zipfian_light_mixed.csv
Backing up the database started
Backing up the database finished
Arrangement completed. Output saved to ../analysis/Data/Workload_data/postgresql_array_run2_zipfian_light_mixed.csv
Size computation started
Appending subsequent iteration 77...
Iteration 77: Appended new size values from key_sizes_zipfian_light_mixed.csv to ../analysis/Data/Value_size_data/value_sizes_postgresql_array_run2_zipfian_light_mixed_after.csv
Total size: 112795200, Field length average: 11279
Workload file fieldlength set to: 11279 (expected: 11279)
=== Executing the load phase for the comparison study ===
Comparison-load verification - Epoch:8 Run:7 TotalSize:112790000 ExpectedFieldLength:11279
Avg-run verification - Epoch:8 Run:7 Iteration:77 TotalSize:112790000 ExpectedFieldLength:11279
=== Executing the run phase with extendproportion=0 and read/update proportions=0.5 ===
Arrangement completed. Output saved to ../analysis/Data/Workload_data/postgresql_array_run2_zipfian_light_mixed.csv
=== Setting parameter values for extend phase ===
=== Executing the extend phase with extendproportion=1 and other proportions=0 ===
Arrangement completed. Output saved to ../analysis/Data/Workload_data/postgresql_array_run2_zipfian_light_mixed.csv
Size computation started
Extend verification - Min:102100 Max:148100 Avg:113692 (Expected avg per record: ~1000 bytes initially)
Generating histogram from key size log: key_sizes_zipfian_light_mixed.csv
Histogram written to histogram_postgresql_array_zipfian_light_mixed_2.txt (BlockSize = 100)
Appending subsequent iteration 78...
Iteration 78: Appended new size values from key_sizes_zipfian_light_mixed.csv to ../analysis/Data/Value_size_data/value_sizes_postgresql_array_run2_zipfian_light_mixed_before.csv
VACUUM start: 1773532410
VACUUM end: 1773532414
=== Setting parameter values for run phase ===
Checking query plan before run phase
=== Executing the run phase with extendproportion=0 and read/update proportions=0.5 ===
Arrangement completed. Output saved to ../analysis/Data/Workload_data/postgresql_array_run2_zipfian_light_mixed.csv
Arrangement completed. Output saved to ../analysis/Data/Workload_data/postgresql_array_run2_zipfian_light_mixed.csv
Backing up the database started
Backing up the database finished
Arrangement completed. Output saved to ../analysis/Data/Workload_data/postgresql_array_run2_zipfian_light_mixed.csv
Size computation started
Appending subsequent iteration 78...
Iteration 78: Appended new size values from key_sizes_zipfian_light_mixed.csv to ../analysis/Data/Value_size_data/value_sizes_postgresql_array_run2_zipfian_light_mixed_after.csv
Total size: 114093200, Field length average: 11409
Workload file fieldlength set to: 11409 (expected: 11409)
=== Executing the load phase for the comparison study ===
Comparison-load verification - Epoch:8 Run:8 TotalSize:114090000 ExpectedFieldLength:11409
Avg-run verification - Epoch:8 Run:8 Iteration:78 TotalSize:114090000 ExpectedFieldLength:11409
=== Executing the run phase with extendproportion=0 and read/update proportions=0.5 ===
Arrangement completed. Output saved to ../analysis/Data/Workload_data/postgresql_array_run2_zipfian_light_mixed.csv
=== Setting parameter values for extend phase ===
=== Executing the extend phase with extendproportion=1 and other proportions=0 ===
Arrangement completed. Output saved to ../analysis/Data/Workload_data/postgresql_array_run2_zipfian_light_mixed.csv
Size computation started
Extend verification - Min:103400 Max:151700 Avg:115146 (Expected avg per record: ~1000 bytes initially)
Generating histogram from key size log: key_sizes_zipfian_light_mixed.csv
Histogram written to histogram_postgresql_array_zipfian_light_mixed_2.txt (BlockSize = 100)
Appending subsequent iteration 79...
Iteration 79: Appended new size values from key_sizes_zipfian_light_mixed.csv to ../analysis/Data/Value_size_data/value_sizes_postgresql_array_run2_zipfian_light_mixed_before.csv
VACUUM start: 1773532837
VACUUM end: 1773532841
=== Setting parameter values for run phase ===
Checking query plan before run phase
=== Executing the run phase with extendproportion=0 and read/update proportions=0.5 ===
Arrangement completed. Output saved to ../analysis/Data/Workload_data/postgresql_array_run2_zipfian_light_mixed.csv
Arrangement completed. Output saved to ../analysis/Data/Workload_data/postgresql_array_run2_zipfian_light_mixed.csv
Backing up the database started
Backing up the database finished
Arrangement completed. Output saved to ../analysis/Data/Workload_data/postgresql_array_run2_zipfian_light_mixed.csv
Size computation started
Appending subsequent iteration 79...
Iteration 79: Appended new size values from key_sizes_zipfian_light_mixed.csv to ../analysis/Data/Value_size_data/value_sizes_postgresql_array_run2_zipfian_light_mixed_after.csv
Total size: 115624900, Field length average: 11562
Workload file fieldlength set to: 11562 (expected: 11562)
=== Executing the load phase for the comparison study ===
Comparison-load verification - Epoch:8 Run:9 TotalSize:115620000 ExpectedFieldLength:11562
Avg-run verification - Epoch:8 Run:9 Iteration:79 TotalSize:115620000 ExpectedFieldLength:11562
=== Executing the run phase with extendproportion=0 and read/update proportions=0.5 ===
Arrangement completed. Output saved to ../analysis/Data/Workload_data/postgresql_array_run2_zipfian_light_mixed.csv
=== Setting parameter values for extend phase ===
=== Executing the extend phase with extendproportion=1 and other proportions=0 ===
Arrangement completed. Output saved to ../analysis/Data/Workload_data/postgresql_array_run2_zipfian_light_mixed.csv
Size computation started
Extend verification - Min:104400 Max:152000 Avg:116557 (Expected avg per record: ~1000 bytes initially)
Generating histogram from key size log: key_sizes_zipfian_light_mixed.csv
Histogram written to histogram_postgresql_array_zipfian_light_mixed_2.txt (BlockSize = 100)
Appending subsequent iteration 80...
Iteration 80: Appended new size values from key_sizes_zipfian_light_mixed.csv to ../analysis/Data/Value_size_data/value_sizes_postgresql_array_run2_zipfian_light_mixed_before.csv
VACUUM start: 1773533264
VACUUM end: 1773533267
=== Setting parameter values for run phase ===
Checking query plan before run phase
=== Executing the run phase with extendproportion=0 and read/update proportions=0.5 ===
Arrangement completed. Output saved to ../analysis/Data/Workload_data/postgresql_array_run2_zipfian_light_mixed.csv
Arrangement completed. Output saved to ../analysis/Data/Workload_data/postgresql_array_run2_zipfian_light_mixed.csv
Backing up the database started
Backing up the database finished
Arrangement completed. Output saved to ../analysis/Data/Workload_data/postgresql_array_run2_zipfian_light_mixed.csv
Size computation started
Appending subsequent iteration 80...
Iteration 80: Appended new size values from key_sizes_zipfian_light_mixed.csv to ../analysis/Data/Value_size_data/value_sizes_postgresql_array_run2_zipfian_light_mixed_after.csv
Total size: 116958800, Field length average: 11695
Workload file fieldlength set to: 11695 (expected: 11695)
=== Executing the load phase for the comparison study ===
Comparison-load verification - Epoch:8 Run:10 TotalSize:116950000 ExpectedFieldLength:11695
Avg-run verification - Epoch:8 Run:10 Iteration:80 TotalSize:116950000 ExpectedFieldLength:11695
=== Executing the run phase with extendproportion=0 and read/update proportions=0.5 ===
Arrangement completed. Output saved to ../analysis/Data/Workload_data/postgresql_array_run2_zipfian_light_mixed.csv
=== Setting parameter values for extend phase ===
=== Executing the extend phase with extendproportion=1 and other proportions=0 ===
Arrangement completed. Output saved to ../analysis/Data/Workload_data/postgresql_array_run2_zipfian_light_mixed.csv
Size computation started
Extend verification - Min:105600 Max:156000 Avg:117996 (Expected avg per record: ~1000 bytes initially)
Generating histogram from key size log: key_sizes_zipfian_light_mixed.csv
Histogram written to histogram_postgresql_array_zipfian_light_mixed_2.txt (BlockSize = 100)
Appending subsequent iteration 81...
Iteration 81: Appended new size values from key_sizes_zipfian_light_mixed.csv to ../analysis/Data/Value_size_data/value_sizes_postgresql_array_run2_zipfian_light_mixed_before.csv
VACUUM start: 1773533703
VACUUM end: 1773533709
=== Setting parameter values for run phase ===
Checking query plan before run phase
=== Executing the run phase with extendproportion=0 and read/update proportions=0.5 ===
Arrangement completed. Output saved to ../analysis/Data/Workload_data/postgresql_array_run2_zipfian_light_mixed.csv
Arrangement completed. Output saved to ../analysis/Data/Workload_data/postgresql_array_run2_zipfian_light_mixed.csv
Backing up the database started
Backing up the database finished
Arrangement completed. Output saved to ../analysis/Data/Workload_data/postgresql_array_run2_zipfian_light_mixed.csv
Size computation started
Appending subsequent iteration 81...
Iteration 81: Appended new size values from key_sizes_zipfian_light_mixed.csv to ../analysis/Data/Value_size_data/value_sizes_postgresql_array_run2_zipfian_light_mixed_after.csv
Total size: 118421100, Field length average: 11842
Workload file fieldlength set to: 11842 (expected: 11842)
=== Executing the load phase for the comparison study ===
Comparison-load verification - Epoch:9 Run:1 TotalSize:118420000 ExpectedFieldLength:11842
Avg-run verification - Epoch:9 Run:1 Iteration:81 TotalSize:118420000 ExpectedFieldLength:11842
=== Executing the run phase with extendproportion=0 and read/update proportions=0.5 ===
Arrangement completed. Output saved to ../analysis/Data/Workload_data/postgresql_array_run2_zipfian_light_mixed.csv
=== Setting parameter values for extend phase ===
=== Executing the extend phase with extendproportion=1 and other proportions=0 ===
Arrangement completed. Output saved to ../analysis/Data/Workload_data/postgresql_array_run2_zipfian_light_mixed.csv
Size computation started
Extend verification - Min:106600 Max:159000 Avg:119374 (Expected avg per record: ~1000 bytes initially)
Generating histogram from key size log: key_sizes_zipfian_light_mixed.csv
Histogram written to histogram_postgresql_array_zipfian_light_mixed_2.txt (BlockSize = 100)
Appending subsequent iteration 82...
Iteration 82: Appended new size values from key_sizes_zipfian_light_mixed.csv to ../analysis/Data/Value_size_data/value_sizes_postgresql_array_run2_zipfian_light_mixed_before.csv
VACUUM start: 1773534134
VACUUM end: 1773534138
=== Setting parameter values for run phase ===
Checking query plan before run phase
=== Executing the run phase with extendproportion=0 and read/update proportions=0.5 ===
Arrangement completed. Output saved to ../analysis/Data/Workload_data/postgresql_array_run2_zipfian_light_mixed.csv
Arrangement completed. Output saved to ../analysis/Data/Workload_data/postgresql_array_run2_zipfian_light_mixed.csv
Backing up the database started
Backing up the database finished
Arrangement completed. Output saved to ../analysis/Data/Workload_data/postgresql_array_run2_zipfian_light_mixed.csv
Size computation started
Appending subsequent iteration 82...
Iteration 82: Appended new size values from key_sizes_zipfian_light_mixed.csv to ../analysis/Data/Value_size_data/value_sizes_postgresql_array_run2_zipfian_light_mixed_after.csv
Total size: 119842700, Field length average: 11984
Workload file fieldlength set to: 11984 (expected: 11984)
=== Executing the load phase for the comparison study ===
Comparison-load verification - Epoch:9 Run:2 TotalSize:119840000 ExpectedFieldLength:11984
Avg-run verification - Epoch:9 Run:2 Iteration:82 TotalSize:119840000 ExpectedFieldLength:11984
=== Executing the run phase with extendproportion=0 and read/update proportions=0.5 ===
Arrangement completed. Output saved to ../analysis/Data/Workload_data/postgresql_array_run2_zipfian_light_mixed.csv
=== Setting parameter values for extend phase ===
=== Executing the extend phase with extendproportion=1 and other proportions=0 ===
Arrangement completed. Output saved to ../analysis/Data/Workload_data/postgresql_array_run2_zipfian_light_mixed.csv
Size computation started
Extend verification - Min:108000 Max:157800 Avg:120783 (Expected avg per record: ~1000 bytes initially)
Generating histogram from key size log: key_sizes_zipfian_light_mixed.csv
Histogram written to histogram_postgresql_array_zipfian_light_mixed_2.txt (BlockSize = 100)
Appending subsequent iteration 83...
Iteration 83: Appended new size values from key_sizes_zipfian_light_mixed.csv to ../analysis/Data/Value_size_data/value_sizes_postgresql_array_run2_zipfian_light_mixed_before.csv
VACUUM start: 1773534583
VACUUM end: 1773534590
=== Setting parameter values for run phase ===
Checking query plan before run phase
=== Executing the run phase with extendproportion=0 and read/update proportions=0.5 ===
Arrangement completed. Output saved to ../analysis/Data/Workload_data/postgresql_array_run2_zipfian_light_mixed.csv
Arrangement completed. Output saved to ../analysis/Data/Workload_data/postgresql_array_run2_zipfian_light_mixed.csv
Backing up the database started
Backing up the database finished
Arrangement completed. Output saved to ../analysis/Data/Workload_data/postgresql_array_run2_zipfian_light_mixed.csv
Size computation started
Appending subsequent iteration 83...
Iteration 83: Appended new size values from key_sizes_zipfian_light_mixed.csv to ../analysis/Data/Value_size_data/value_sizes_postgresql_array_run2_zipfian_light_mixed_after.csv
Total size: 121180500, Field length average: 12118
Workload file fieldlength set to: 12118 (expected: 12118)
=== Executing the load phase for the comparison study ===
Comparison-load verification - Epoch:9 Run:3 TotalSize:121180000 ExpectedFieldLength:12118
Avg-run verification - Epoch:9 Run:3 Iteration:83 TotalSize:121180000 ExpectedFieldLength:12118
=== Executing the run phase with extendproportion=0 and read/update proportions=0.5 ===
Arrangement completed. Output saved to ../analysis/Data/Workload_data/postgresql_array_run2_zipfian_light_mixed.csv
=== Setting parameter values for extend phase ===
=== Executing the extend phase with extendproportion=1 and other proportions=0 ===
Arrangement completed. Output saved to ../analysis/Data/Workload_data/postgresql_array_run2_zipfian_light_mixed.csv
Size computation started
Extend verification - Min:108500 Max:160900 Avg:122131 (Expected avg per record: ~1000 bytes initially)
Generating histogram from key size log: key_sizes_zipfian_light_mixed.csv
Histogram written to histogram_postgresql_array_zipfian_light_mixed_2.txt (BlockSize = 100)
Appending subsequent iteration 84...
Iteration 84: Appended new size values from key_sizes_zipfian_light_mixed.csv to ../analysis/Data/Value_size_data/value_sizes_postgresql_array_run2_zipfian_light_mixed_before.csv
VACUUM start: 1773535043
VACUUM end: 1773535047
=== Setting parameter values for run phase ===
Checking query plan before run phase
=== Executing the run phase with extendproportion=0 and read/update proportions=0.5 ===
Arrangement completed. Output saved to ../analysis/Data/Workload_data/postgresql_array_run2_zipfian_light_mixed.csv
Arrangement completed. Output saved to ../analysis/Data/Workload_data/postgresql_array_run2_zipfian_light_mixed.csv
Backing up the database started
Backing up the database finished
Arrangement completed. Output saved to ../analysis/Data/Workload_data/postgresql_array_run2_zipfian_light_mixed.csv
Size computation started
Appending subsequent iteration 84...
Iteration 84: Appended new size values from key_sizes_zipfian_light_mixed.csv to ../analysis/Data/Value_size_data/value_sizes_postgresql_array_run2_zipfian_light_mixed_after.csv
Total size: 122520000, Field length average: 12252
Workload file fieldlength set to: 12252 (expected: 12252)
=== Executing the load phase for the comparison study ===
Comparison-load verification - Epoch:9 Run:4 TotalSize:122520000 ExpectedFieldLength:12252
Avg-run verification - Epoch:9 Run:4 Iteration:84 TotalSize:122520000 ExpectedFieldLength:12252
=== Executing the run phase with extendproportion=0 and read/update proportions=0.5 ===
Arrangement completed. Output saved to ../analysis/Data/Workload_data/postgresql_array_run2_zipfian_light_mixed.csv
=== Setting parameter values for extend phase ===
=== Executing the extend phase with extendproportion=1 and other proportions=0 ===
Arrangement completed. Output saved to ../analysis/Data/Workload_data/postgresql_array_run2_zipfian_light_mixed.csv
Size computation started
Extend verification - Min:110200 Max:159500 Avg:123580 (Expected avg per record: ~1000 bytes initially)
Generating histogram from key size log: key_sizes_zipfian_light_mixed.csv
Histogram written to histogram_postgresql_array_zipfian_light_mixed_2.txt (BlockSize = 100)
Appending subsequent iteration 85...
Iteration 85: Appended new size values from key_sizes_zipfian_light_mixed.csv to ../analysis/Data/Value_size_data/value_sizes_postgresql_array_run2_zipfian_light_mixed_before.csv
VACUUM start: 1773535500
VACUUM end: 1773535504
=== Setting parameter values for run phase ===
Checking query plan before run phase
=== Executing the run phase with extendproportion=0 and read/update proportions=0.5 ===
Arrangement completed. Output saved to ../analysis/Data/Workload_data/postgresql_array_run2_zipfian_light_mixed.csv
Arrangement completed. Output saved to ../analysis/Data/Workload_data/postgresql_array_run2_zipfian_light_mixed.csv
Backing up the database started
Backing up the database finished
Arrangement completed. Output saved to ../analysis/Data/Workload_data/postgresql_array_run2_zipfian_light_mixed.csv
Size computation started
Appending subsequent iteration 85...
Iteration 85: Appended new size values from key_sizes_zipfian_light_mixed.csv to ../analysis/Data/Value_size_data/value_sizes_postgresql_array_run2_zipfian_light_mixed_after.csv
Total size: 124003000, Field length average: 12400
Workload file fieldlength set to: 12400 (expected: 12400)
=== Executing the load phase for the comparison study ===
Comparison-load verification - Epoch:9 Run:5 TotalSize:124000000 ExpectedFieldLength:12400
Avg-run verification - Epoch:9 Run:5 Iteration:85 TotalSize:124000000 ExpectedFieldLength:12400
=== Executing the run phase with extendproportion=0 and read/update proportions=0.5 ===
Arrangement completed. Output saved to ../analysis/Data/Workload_data/postgresql_array_run2_zipfian_light_mixed.csv
=== Setting parameter values for extend phase ===
=== Executing the extend phase with extendproportion=1 and other proportions=0 ===
Arrangement completed. Output saved to ../analysis/Data/Workload_data/postgresql_array_run2_zipfian_light_mixed.csv
Size computation started
Extend verification - Min:112300 Max:164800 Avg:125040 (Expected avg per record: ~1000 bytes initially)
Generating histogram from key size log: key_sizes_zipfian_light_mixed.csv
Histogram written to histogram_postgresql_array_zipfian_light_mixed_2.txt (BlockSize = 100)
Appending subsequent iteration 86...
Iteration 86: Appended new size values from key_sizes_zipfian_light_mixed.csv to ../analysis/Data/Value_size_data/value_sizes_postgresql_array_run2_zipfian_light_mixed_before.csv
VACUUM start: 1773535963
VACUUM end: 1773535971
=== Setting parameter values for run phase ===
Checking query plan before run phase
=== Executing the run phase with extendproportion=0 and read/update proportions=0.5 ===
Arrangement completed. Output saved to ../analysis/Data/Workload_data/postgresql_array_run2_zipfian_light_mixed.csv
Arrangement completed. Output saved to ../analysis/Data/Workload_data/postgresql_array_run2_zipfian_light_mixed.csv
Backing up the database started
Backing up the database finished
Arrangement completed. Output saved to ../analysis/Data/Workload_data/postgresql_array_run2_zipfian_light_mixed.csv
Size computation started
Appending subsequent iteration 86...
Iteration 86: Appended new size values from key_sizes_zipfian_light_mixed.csv to ../analysis/Data/Value_size_data/value_sizes_postgresql_array_run2_zipfian_light_mixed_after.csv
Total size: 125328700, Field length average: 12532
Workload file fieldlength set to: 12532 (expected: 12532)
=== Executing the load phase for the comparison study ===
Comparison-load verification - Epoch:9 Run:6 TotalSize:125320000 ExpectedFieldLength:12532
Avg-run verification - Epoch:9 Run:6 Iteration:86 TotalSize:125320000 ExpectedFieldLength:12532
=== Executing the run phase with extendproportion=0 and read/update proportions=0.5 ===
Arrangement completed. Output saved to ../analysis/Data/Workload_data/postgresql_array_run2_zipfian_light_mixed.csv
=== Setting parameter values for extend phase ===
=== Executing the extend phase with extendproportion=1 and other proportions=0 ===
Arrangement completed. Output saved to ../analysis/Data/Workload_data/postgresql_array_run2_zipfian_light_mixed.csv
Size computation started
Extend verification - Min:111800 Max:166500 Avg:126322 (Expected avg per record: ~1000 bytes initially)
Generating histogram from key size log: key_sizes_zipfian_light_mixed.csv
Histogram written to histogram_postgresql_array_zipfian_light_mixed_2.txt (BlockSize = 100)
Appending subsequent iteration 87...
Iteration 87: Appended new size values from key_sizes_zipfian_light_mixed.csv to ../analysis/Data/Value_size_data/value_sizes_postgresql_array_run2_zipfian_light_mixed_before.csv
VACUUM start: 1773536431
VACUUM end: 1773536435
=== Setting parameter values for run phase ===
Checking query plan before run phase
=== Executing the run phase with extendproportion=0 and read/update proportions=0.5 ===
Arrangement completed. Output saved to ../analysis/Data/Workload_data/postgresql_array_run2_zipfian_light_mixed.csv
Arrangement completed. Output saved to ../analysis/Data/Workload_data/postgresql_array_run2_zipfian_light_mixed.csv
Backing up the database started
Backing up the database finished
Arrangement completed. Output saved to ../analysis/Data/Workload_data/postgresql_array_run2_zipfian_light_mixed.csv
Size computation started
Appending subsequent iteration 87...
Iteration 87: Appended new size values from key_sizes_zipfian_light_mixed.csv to ../analysis/Data/Value_size_data/value_sizes_postgresql_array_run2_zipfian_light_mixed_after.csv
Total size: 126621200, Field length average: 12662
Workload file fieldlength set to: 12662 (expected: 12662)
=== Executing the load phase for the comparison study ===
Comparison-load verification - Epoch:9 Run:7 TotalSize:126620000 ExpectedFieldLength:12662
Avg-run verification - Epoch:9 Run:7 Iteration:87 TotalSize:126620000 ExpectedFieldLength:12662
=== Executing the run phase with extendproportion=0 and read/update proportions=0.5 ===
Arrangement completed. Output saved to ../analysis/Data/Workload_data/postgresql_array_run2_zipfian_light_mixed.csv
=== Setting parameter values for extend phase ===
=== Executing the extend phase with extendproportion=1 and other proportions=0 ===
Arrangement completed. Output saved to ../analysis/Data/Workload_data/postgresql_array_run2_zipfian_light_mixed.csv
Size computation started
Extend verification - Min:113400 Max:165600 Avg:127670 (Expected avg per record: ~1000 bytes initially)
Generating histogram from key size log: key_sizes_zipfian_light_mixed.csv
Histogram written to histogram_postgresql_array_zipfian_light_mixed_2.txt (BlockSize = 100)
Appending subsequent iteration 88...
Iteration 88: Appended new size values from key_sizes_zipfian_light_mixed.csv to ../analysis/Data/Value_size_data/value_sizes_postgresql_array_run2_zipfian_light_mixed_before.csv
VACUUM start: 1773536892
VACUUM end: 1773536896
=== Setting parameter values for run phase ===
Checking query plan before run phase
=== Executing the run phase with extendproportion=0 and read/update proportions=0.5 ===
Arrangement completed. Output saved to ../analysis/Data/Workload_data/postgresql_array_run2_zipfian_light_mixed.csv
Arrangement completed. Output saved to ../analysis/Data/Workload_data/postgresql_array_run2_zipfian_light_mixed.csv
Backing up the database started
Backing up the database finished
Arrangement completed. Output saved to ../analysis/Data/Workload_data/postgresql_array_run2_zipfian_light_mixed.csv
Size computation started
Appending subsequent iteration 88...
Iteration 88: Appended new size values from key_sizes_zipfian_light_mixed.csv to ../analysis/Data/Value_size_data/value_sizes_postgresql_array_run2_zipfian_light_mixed_after.csv
Total size: 128000600, Field length average: 12800
Workload file fieldlength set to: 12800 (expected: 12800)
=== Executing the load phase for the comparison study ===
Comparison-load verification - Epoch:9 Run:8 TotalSize:128000000 ExpectedFieldLength:12800
Avg-run verification - Epoch:9 Run:8 Iteration:88 TotalSize:128000000 ExpectedFieldLength:12800
=== Executing the run phase with extendproportion=0 and read/update proportions=0.5 ===
Arrangement completed. Output saved to ../analysis/Data/Workload_data/postgresql_array_run2_zipfian_light_mixed.csv
=== Setting parameter values for extend phase ===
=== Executing the extend phase with extendproportion=1 and other proportions=0 ===
Arrangement completed. Output saved to ../analysis/Data/Workload_data/postgresql_array_run2_zipfian_light_mixed.csv
Size computation started
Extend verification - Min:115800 Max:164100 Avg:129092 (Expected avg per record: ~1000 bytes initially)
Generating histogram from key size log: key_sizes_zipfian_light_mixed.csv
Histogram written to histogram_postgresql_array_zipfian_light_mixed_2.txt (BlockSize = 100)
Appending subsequent iteration 89...
Iteration 89: Appended new size values from key_sizes_zipfian_light_mixed.csv to ../analysis/Data/Value_size_data/value_sizes_postgresql_array_run2_zipfian_light_mixed_before.csv
VACUUM start: 1773537362
VACUUM end: 1773537366
=== Setting parameter values for run phase ===
Checking query plan before run phase
=== Executing the run phase with extendproportion=0 and read/update proportions=0.5 ===
Arrangement completed. Output saved to ../analysis/Data/Workload_data/postgresql_array_run2_zipfian_light_mixed.csv
Arrangement completed. Output saved to ../analysis/Data/Workload_data/postgresql_array_run2_zipfian_light_mixed.csv
Backing up the database started
Backing up the database finished
Arrangement completed. Output saved to ../analysis/Data/Workload_data/postgresql_array_run2_zipfian_light_mixed.csv
Size computation started
Appending subsequent iteration 89...
Iteration 89: Appended new size values from key_sizes_zipfian_light_mixed.csv to ../analysis/Data/Value_size_data/value_sizes_postgresql_array_run2_zipfian_light_mixed_after.csv
Total size: 129391500, Field length average: 12939
Workload file fieldlength set to: 12939 (expected: 12939)
=== Executing the load phase for the comparison study ===
Comparison-load verification - Epoch:9 Run:9 TotalSize:129390000 ExpectedFieldLength:12939
Avg-run verification - Epoch:9 Run:9 Iteration:89 TotalSize:129390000 ExpectedFieldLength:12939
=== Executing the run phase with extendproportion=0 and read/update proportions=0.5 ===
Arrangement completed. Output saved to ../analysis/Data/Workload_data/postgresql_array_run2_zipfian_light_mixed.csv
=== Setting parameter values for extend phase ===
=== Executing the extend phase with extendproportion=1 and other proportions=0 ===
Arrangement completed. Output saved to ../analysis/Data/Workload_data/postgresql_array_run2_zipfian_light_mixed.csv
Size computation started
Extend verification - Min:117100 Max:166900 Avg:130492 (Expected avg per record: ~1000 bytes initially)
Generating histogram from key size log: key_sizes_zipfian_light_mixed.csv
Histogram written to histogram_postgresql_array_zipfian_light_mixed_2.txt (BlockSize = 100)
Appending subsequent iteration 90...
Iteration 90: Appended new size values from key_sizes_zipfian_light_mixed.csv to ../analysis/Data/Value_size_data/value_sizes_postgresql_array_run2_zipfian_light_mixed_before.csv
VACUUM start: 1773537835
VACUUM end: 1773537839
=== Setting parameter values for run phase ===
Checking query plan before run phase
=== Executing the run phase with extendproportion=0 and read/update proportions=0.5 ===
Arrangement completed. Output saved to ../analysis/Data/Workload_data/postgresql_array_run2_zipfian_light_mixed.csv
Arrangement completed. Output saved to ../analysis/Data/Workload_data/postgresql_array_run2_zipfian_light_mixed.csv
Backing up the database started
Backing up the database finished
Arrangement completed. Output saved to ../analysis/Data/Workload_data/postgresql_array_run2_zipfian_light_mixed.csv
Size computation started
Appending subsequent iteration 90...
Iteration 90: Appended new size values from key_sizes_zipfian_light_mixed.csv to ../analysis/Data/Value_size_data/value_sizes_postgresql_array_run2_zipfian_light_mixed_after.csv
Total size: 130804600, Field length average: 13080
Workload file fieldlength set to: 13080 (expected: 13080)
=== Executing the load phase for the comparison study ===
Comparison-load verification - Epoch:9 Run:10 TotalSize:130800000 ExpectedFieldLength:13080
Avg-run verification - Epoch:9 Run:10 Iteration:90 TotalSize:130800000 ExpectedFieldLength:13080
=== Executing the run phase with extendproportion=0 and read/update proportions=0.5 ===
Arrangement completed. Output saved to ../analysis/Data/Workload_data/postgresql_array_run2_zipfian_light_mixed.csv
=== Setting parameter values for extend phase ===
=== Executing the extend phase with extendproportion=1 and other proportions=0 ===
Arrangement completed. Output saved to ../analysis/Data/Workload_data/postgresql_array_run2_zipfian_light_mixed.csv
Size computation started
Extend verification - Min:118000 Max:166600 Avg:131901 (Expected avg per record: ~1000 bytes initially)
Generating histogram from key size log: key_sizes_zipfian_light_mixed.csv
Histogram written to histogram_postgresql_array_zipfian_light_mixed_2.txt (BlockSize = 100)
Appending subsequent iteration 91...
Iteration 91: Appended new size values from key_sizes_zipfian_light_mixed.csv to ../analysis/Data/Value_size_data/value_sizes_postgresql_array_run2_zipfian_light_mixed_before.csv
VACUUM start: 1773538303
VACUUM end: 1773538307
=== Setting parameter values for run phase ===
Checking query plan before run phase
=== Executing the run phase with extendproportion=0 and read/update proportions=0.5 ===
Arrangement completed. Output saved to ../analysis/Data/Workload_data/postgresql_array_run2_zipfian_light_mixed.csv
Arrangement completed. Output saved to ../analysis/Data/Workload_data/postgresql_array_run2_zipfian_light_mixed.csv
Backing up the database started
Backing up the database finished
Arrangement completed. Output saved to ../analysis/Data/Workload_data/postgresql_array_run2_zipfian_light_mixed.csv
Size computation started
Appending subsequent iteration 91...
Iteration 91: Appended new size values from key_sizes_zipfian_light_mixed.csv to ../analysis/Data/Value_size_data/value_sizes_postgresql_array_run2_zipfian_light_mixed_after.csv
Total size: 132348800, Field length average: 13234
Workload file fieldlength set to: 13234 (expected: 13234)
=== Executing the load phase for the comparison study ===
Comparison-load verification - Epoch:10 Run:1 TotalSize:132340000 ExpectedFieldLength:13234
Avg-run verification - Epoch:10 Run:1 Iteration:91 TotalSize:132340000 ExpectedFieldLength:13234
=== Executing the run phase with extendproportion=0 and read/update proportions=0.5 ===
Arrangement completed. Output saved to ../analysis/Data/Workload_data/postgresql_array_run2_zipfian_light_mixed.csv
=== Setting parameter values for extend phase ===
=== Executing the extend phase with extendproportion=1 and other proportions=0 ===
Arrangement completed. Output saved to ../analysis/Data/Workload_data/postgresql_array_run2_zipfian_light_mixed.csv
Size computation started
Extend verification - Min:117800 Max:174200 Avg:133252 (Expected avg per record: ~1000 bytes initially)
Generating histogram from key size log: key_sizes_zipfian_light_mixed.csv
Histogram written to histogram_postgresql_array_zipfian_light_mixed_2.txt (BlockSize = 100)
Appending subsequent iteration 92...
Iteration 92: Appended new size values from key_sizes_zipfian_light_mixed.csv to ../analysis/Data/Value_size_data/value_sizes_postgresql_array_run2_zipfian_light_mixed_before.csv
VACUUM start: 1773538767
VACUUM end: 1773538771
=== Setting parameter values for run phase ===
Checking query plan before run phase
=== Executing the run phase with extendproportion=0 and read/update proportions=0.5 ===
Arrangement completed. Output saved to ../analysis/Data/Workload_data/postgresql_array_run2_zipfian_light_mixed.csv
Arrangement completed. Output saved to ../analysis/Data/Workload_data/postgresql_array_run2_zipfian_light_mixed.csv
Backing up the database started
Backing up the database finished
Arrangement completed. Output saved to ../analysis/Data/Workload_data/postgresql_array_run2_zipfian_light_mixed.csv
Size computation started
Appending subsequent iteration 92...
Iteration 92: Appended new size values from key_sizes_zipfian_light_mixed.csv to ../analysis/Data/Value_size_data/value_sizes_postgresql_array_run2_zipfian_light_mixed_after.csv
Total size: 133610000, Field length average: 13361
Workload file fieldlength set to: 13361 (expected: 13361)
=== Executing the load phase for the comparison study ===
Comparison-load verification - Epoch:10 Run:2 TotalSize:133610000 ExpectedFieldLength:13361
Avg-run verification - Epoch:10 Run:2 Iteration:92 TotalSize:133610000 ExpectedFieldLength:13361
=== Executing the run phase with extendproportion=0 and read/update proportions=0.5 ===
Arrangement completed. Output saved to ../analysis/Data/Workload_data/postgresql_array_run2_zipfian_light_mixed.csv
=== Setting parameter values for extend phase ===
=== Executing the extend phase with extendproportion=1 and other proportions=0 ===
Arrangement completed. Output saved to ../analysis/Data/Workload_data/postgresql_array_run2_zipfian_light_mixed.csv
Size computation started
Extend verification - Min:119500 Max:171900 Avg:134648 (Expected avg per record: ~1000 bytes initially)
Generating histogram from key size log: key_sizes_zipfian_light_mixed.csv
Histogram written to histogram_postgresql_array_zipfian_light_mixed_2.txt (BlockSize = 100)
Appending subsequent iteration 93...
Iteration 93: Appended new size values from key_sizes_zipfian_light_mixed.csv to ../analysis/Data/Value_size_data/value_sizes_postgresql_array_run2_zipfian_light_mixed_before.csv
VACUUM start: 1773539230
VACUUM end: 1773539235
=== Setting parameter values for run phase ===
Checking query plan before run phase
=== Executing the run phase with extendproportion=0 and read/update proportions=0.5 ===
Arrangement completed. Output saved to ../analysis/Data/Workload_data/postgresql_array_run2_zipfian_light_mixed.csv
Arrangement completed. Output saved to ../analysis/Data/Workload_data/postgresql_array_run2_zipfian_light_mixed.csv
Backing up the database started
Backing up the database finished
Arrangement completed. Output saved to ../analysis/Data/Workload_data/postgresql_array_run2_zipfian_light_mixed.csv
Size computation started
Appending subsequent iteration 93...
Iteration 93: Appended new size values from key_sizes_zipfian_light_mixed.csv to ../analysis/Data/Value_size_data/value_sizes_postgresql_array_run2_zipfian_light_mixed_after.csv
Total size: 135036700, Field length average: 13503
Workload file fieldlength set to: 13503 (expected: 13503)
=== Executing the load phase for the comparison study ===
Comparison-load verification - Epoch:10 Run:3 TotalSize:135030000 ExpectedFieldLength:13503
Avg-run verification - Epoch:10 Run:3 Iteration:93 TotalSize:135030000 ExpectedFieldLength:13503
=== Executing the run phase with extendproportion=0 and read/update proportions=0.5 ===
Arrangement completed. Output saved to ../analysis/Data/Workload_data/postgresql_array_run2_zipfian_light_mixed.csv
=== Setting parameter values for extend phase ===
=== Executing the extend phase with extendproportion=1 and other proportions=0 ===
Arrangement completed. Output saved to ../analysis/Data/Workload_data/postgresql_array_run2_zipfian_light_mixed.csv
Size computation started
Extend verification - Min:119600 Max:173000 Avg:135975 (Expected avg per record: ~1000 bytes initially)
Generating histogram from key size log: key_sizes_zipfian_light_mixed.csv
Histogram written to histogram_postgresql_array_zipfian_light_mixed_2.txt (BlockSize = 100)
Appending subsequent iteration 94...
Iteration 94: Appended new size values from key_sizes_zipfian_light_mixed.csv to ../analysis/Data/Value_size_data/value_sizes_postgresql_array_run2_zipfian_light_mixed_before.csv
VACUUM start: 1773539691
VACUUM end: 1773539695
=== Setting parameter values for run phase ===
Checking query plan before run phase
=== Executing the run phase with extendproportion=0 and read/update proportions=0.5 ===
Arrangement completed. Output saved to ../analysis/Data/Workload_data/postgresql_array_run2_zipfian_light_mixed.csv
Arrangement completed. Output saved to ../analysis/Data/Workload_data/postgresql_array_run2_zipfian_light_mixed.csv
Backing up the database started
Backing up the database finished
Arrangement completed. Output saved to ../analysis/Data/Workload_data/postgresql_array_run2_zipfian_light_mixed.csv
Size computation started
Appending subsequent iteration 94...
Iteration 94: Appended new size values from key_sizes_zipfian_light_mixed.csv to ../analysis/Data/Value_size_data/value_sizes_postgresql_array_run2_zipfian_light_mixed_after.csv
Total size: 136373900, Field length average: 13637
Workload file fieldlength set to: 13637 (expected: 13637)
=== Executing the load phase for the comparison study ===
Comparison-load verification - Epoch:10 Run:4 TotalSize:136370000 ExpectedFieldLength:13637
Avg-run verification - Epoch:10 Run:4 Iteration:94 TotalSize:136370000 ExpectedFieldLength:13637
=== Executing the run phase with extendproportion=0 and read/update proportions=0.5 ===
Arrangement completed. Output saved to ../analysis/Data/Workload_data/postgresql_array_run2_zipfian_light_mixed.csv
=== Setting parameter values for extend phase ===
=== Executing the extend phase with extendproportion=1 and other proportions=0 ===
Arrangement completed. Output saved to ../analysis/Data/Workload_data/postgresql_array_run2_zipfian_light_mixed.csv
Size computation started
Extend verification - Min:122700 Max:173800 Avg:137364 (Expected avg per record: ~1000 bytes initially)
Generating histogram from key size log: key_sizes_zipfian_light_mixed.csv
Histogram written to histogram_postgresql_array_zipfian_light_mixed_2.txt (BlockSize = 100)
Appending subsequent iteration 95...
Iteration 95: Appended new size values from key_sizes_zipfian_light_mixed.csv to ../analysis/Data/Value_size_data/value_sizes_postgresql_array_run2_zipfian_light_mixed_before.csv
VACUUM start: 1773540160
VACUUM end: 1773540165
=== Setting parameter values for run phase ===
Checking query plan before run phase
=== Executing the run phase with extendproportion=0 and read/update proportions=0.5 ===
Arrangement completed. Output saved to ../analysis/Data/Workload_data/postgresql_array_run2_zipfian_light_mixed.csv
Arrangement completed. Output saved to ../analysis/Data/Workload_data/postgresql_array_run2_zipfian_light_mixed.csv
Backing up the database started
Backing up the database finished
Arrangement completed. Output saved to ../analysis/Data/Workload_data/postgresql_array_run2_zipfian_light_mixed.csv
Size computation started
Appending subsequent iteration 95...
Iteration 95: Appended new size values from key_sizes_zipfian_light_mixed.csv to ../analysis/Data/Value_size_data/value_sizes_postgresql_array_run2_zipfian_light_mixed_after.csv
Total size: 137760600, Field length average: 13776
Workload file fieldlength set to: 13776 (expected: 13776)
=== Executing the load phase for the comparison study ===
Comparison-load verification - Epoch:10 Run:5 TotalSize:137760000 ExpectedFieldLength:13776
Avg-run verification - Epoch:10 Run:5 Iteration:95 TotalSize:137760000 ExpectedFieldLength:13776
=== Executing the run phase with extendproportion=0 and read/update proportions=0.5 ===
Arrangement completed. Output saved to ../analysis/Data/Workload_data/postgresql_array_run2_zipfian_light_mixed.csv
=== Setting parameter values for extend phase ===
=== Executing the extend phase with extendproportion=1 and other proportions=0 ===
Arrangement completed. Output saved to ../analysis/Data/Workload_data/postgresql_array_run2_zipfian_light_mixed.csv
Size computation started
Extend verification - Min:123300 Max:177100 Avg:138708 (Expected avg per record: ~1000 bytes initially)
Generating histogram from key size log: key_sizes_zipfian_light_mixed.csv
Histogram written to histogram_postgresql_array_zipfian_light_mixed_2.txt (BlockSize = 100)
Appending subsequent iteration 96...
Iteration 96: Appended new size values from key_sizes_zipfian_light_mixed.csv to ../analysis/Data/Value_size_data/value_sizes_postgresql_array_run2_zipfian_light_mixed_before.csv
VACUUM start: 1773540634
VACUUM end: 1773540638
=== Setting parameter values for run phase ===
Checking query plan before run phase
=== Executing the run phase with extendproportion=0 and read/update proportions=0.5 ===
Arrangement completed. Output saved to ../analysis/Data/Workload_data/postgresql_array_run2_zipfian_light_mixed.csv
Arrangement completed. Output saved to ../analysis/Data/Workload_data/postgresql_array_run2_zipfian_light_mixed.csv
Backing up the database started
Backing up the database finished
Arrangement completed. Output saved to ../analysis/Data/Workload_data/postgresql_array_run2_zipfian_light_mixed.csv
Size computation started
Appending subsequent iteration 96...
Iteration 96: Appended new size values from key_sizes_zipfian_light_mixed.csv to ../analysis/Data/Value_size_data/value_sizes_postgresql_array_run2_zipfian_light_mixed_after.csv
Total size: 138956600, Field length average: 13895
Workload file fieldlength set to: 13895 (expected: 13895)
=== Executing the load phase for the comparison study ===
Comparison-load verification - Epoch:10 Run:6 TotalSize:138950000 ExpectedFieldLength:13895
Avg-run verification - Epoch:10 Run:6 Iteration:96 TotalSize:138950000 ExpectedFieldLength:13895
=== Executing the run phase with extendproportion=0 and read/update proportions=0.5 ===
Arrangement completed. Output saved to ../analysis/Data/Workload_data/postgresql_array_run2_zipfian_light_mixed.csv
=== Setting parameter values for extend phase ===
=== Executing the extend phase with extendproportion=1 and other proportions=0 ===
Arrangement completed. Output saved to ../analysis/Data/Workload_data/postgresql_array_run2_zipfian_light_mixed.csv
Size computation started
Extend verification - Min:124500 Max:177900 Avg:140079 (Expected avg per record: ~1000 bytes initially)
Generating histogram from key size log: key_sizes_zipfian_light_mixed.csv
Histogram written to histogram_postgresql_array_zipfian_light_mixed_2.txt (BlockSize = 100)
Appending subsequent iteration 97...
Iteration 97: Appended new size values from key_sizes_zipfian_light_mixed.csv to ../analysis/Data/Value_size_data/value_sizes_postgresql_array_run2_zipfian_light_mixed_before.csv
VACUUM start: 1773541110
VACUUM end: 1773541114
=== Setting parameter values for run phase ===
Checking query plan before run phase
=== Executing the run phase with extendproportion=0 and read/update proportions=0.5 ===
Arrangement completed. Output saved to ../analysis/Data/Workload_data/postgresql_array_run2_zipfian_light_mixed.csv
Arrangement completed. Output saved to ../analysis/Data/Workload_data/postgresql_array_run2_zipfian_light_mixed.csv
Backing up the database started
Backing up the database finished
Arrangement completed. Output saved to ../analysis/Data/Workload_data/postgresql_array_run2_zipfian_light_mixed.csv
Size computation started
Appending subsequent iteration 97...
Iteration 97: Appended new size values from key_sizes_zipfian_light_mixed.csv to ../analysis/Data/Value_size_data/value_sizes_postgresql_array_run2_zipfian_light_mixed_after.csv
Total size: 140520600, Field length average: 14052
Workload file fieldlength set to: 14052 (expected: 14052)
=== Executing the load phase for the comparison study ===
Comparison-load verification - Epoch:10 Run:7 TotalSize:140520000 ExpectedFieldLength:14052
Avg-run verification - Epoch:10 Run:7 Iteration:97 TotalSize:140520000 ExpectedFieldLength:14052
=== Executing the run phase with extendproportion=0 and read/update proportions=0.5 ===
Arrangement completed. Output saved to ../analysis/Data/Workload_data/postgresql_array_run2_zipfian_light_mixed.csv
=== Setting parameter values for extend phase ===
=== Executing the extend phase with extendproportion=1 and other proportions=0 ===
Arrangement completed. Output saved to ../analysis/Data/Workload_data/postgresql_array_run2_zipfian_light_mixed.csv
Size computation started
Extend verification - Min:126900 Max:182300 Avg:141445 (Expected avg per record: ~1000 bytes initially)
Generating histogram from key size log: key_sizes_zipfian_light_mixed.csv
Histogram written to histogram_postgresql_array_zipfian_light_mixed_2.txt (BlockSize = 100)
Appending subsequent iteration 98...
Iteration 98: Appended new size values from key_sizes_zipfian_light_mixed.csv to ../analysis/Data/Value_size_data/value_sizes_postgresql_array_run2_zipfian_light_mixed_before.csv
VACUUM start: 1773541605
VACUUM end: 1773541611
=== Setting parameter values for run phase ===
Checking query plan before run phase
=== Executing the run phase with extendproportion=0 and read/update proportions=0.5 ===
Arrangement completed. Output saved to ../analysis/Data/Workload_data/postgresql_array_run2_zipfian_light_mixed.csv
Arrangement completed. Output saved to ../analysis/Data/Workload_data/postgresql_array_run2_zipfian_light_mixed.csv
Backing up the database started
Backing up the database finished
Arrangement completed. Output saved to ../analysis/Data/Workload_data/postgresql_array_run2_zipfian_light_mixed.csv
Size computation started
Appending subsequent iteration 98...
Iteration 98: Appended new size values from key_sizes_zipfian_light_mixed.csv to ../analysis/Data/Value_size_data/value_sizes_postgresql_array_run2_zipfian_light_mixed_after.csv
Total size: 141865100, Field length average: 14186
Workload file fieldlength set to: 14186 (expected: 14186)
=== Executing the load phase for the comparison study ===
Comparison-load verification - Epoch:10 Run:8 TotalSize:141860000 ExpectedFieldLength:14186
Avg-run verification - Epoch:10 Run:8 Iteration:98 TotalSize:141860000 ExpectedFieldLength:14186
=== Executing the run phase with extendproportion=0 and read/update proportions=0.5 ===
Arrangement completed. Output saved to ../analysis/Data/Workload_data/postgresql_array_run2_zipfian_light_mixed.csv
=== Setting parameter values for extend phase ===
=== Executing the extend phase with extendproportion=1 and other proportions=0 ===
Arrangement completed. Output saved to ../analysis/Data/Workload_data/postgresql_array_run2_zipfian_light_mixed.csv
Size computation started
Extend verification - Min:127400 Max:178800 Avg:142735 (Expected avg per record: ~1000 bytes initially)
Generating histogram from key size log: key_sizes_zipfian_light_mixed.csv
Histogram written to histogram_postgresql_array_zipfian_light_mixed_2.txt (BlockSize = 100)
Appending subsequent iteration 99...
Iteration 99: Appended new size values from key_sizes_zipfian_light_mixed.csv to ../analysis/Data/Value_size_data/value_sizes_postgresql_array_run2_zipfian_light_mixed_before.csv
VACUUM start: 1773542103
VACUUM end: 1773542108
=== Setting parameter values for run phase ===
Checking query plan before run phase
=== Executing the run phase with extendproportion=0 and read/update proportions=0.5 ===
Arrangement completed. Output saved to ../analysis/Data/Workload_data/postgresql_array_run2_zipfian_light_mixed.csv
Arrangement completed. Output saved to ../analysis/Data/Workload_data/postgresql_array_run2_zipfian_light_mixed.csv
Backing up the database started
Backing up the database finished
Arrangement completed. Output saved to ../analysis/Data/Workload_data/postgresql_array_run2_zipfian_light_mixed.csv
Size computation started
Appending subsequent iteration 99...
Iteration 99: Appended new size values from key_sizes_zipfian_light_mixed.csv to ../analysis/Data/Value_size_data/value_sizes_postgresql_array_run2_zipfian_light_mixed_after.csv
Total size: 143142800, Field length average: 14314
Workload file fieldlength set to: 14314 (expected: 14314)
=== Executing the load phase for the comparison study ===
Comparison-load verification - Epoch:10 Run:9 TotalSize:143140000 ExpectedFieldLength:14314
Avg-run verification - Epoch:10 Run:9 Iteration:99 TotalSize:143140000 ExpectedFieldLength:14314
=== Executing the run phase with extendproportion=0 and read/update proportions=0.5 ===
Arrangement completed. Output saved to ../analysis/Data/Workload_data/postgresql_array_run2_zipfian_light_mixed.csv
=== Setting parameter values for extend phase ===
=== Executing the extend phase with extendproportion=1 and other proportions=0 ===
Arrangement completed. Output saved to ../analysis/Data/Workload_data/postgresql_array_run2_zipfian_light_mixed.csv
Size computation started
Extend verification - Min:127800 Max:180700 Avg:144040 (Expected avg per record: ~1000 bytes initially)
Generating histogram from key size log: key_sizes_zipfian_light_mixed.csv
Histogram written to histogram_postgresql_array_zipfian_light_mixed_2.txt (BlockSize = 100)
Appending subsequent iteration 100...
Iteration 100: Appended new size values from key_sizes_zipfian_light_mixed.csv to ../analysis/Data/Value_size_data/value_sizes_postgresql_array_run2_zipfian_light_mixed_before.csv
VACUUM start: 1773542601
VACUUM end: 1773542607
=== Setting parameter values for run phase ===
Checking query plan before run phase
=== Executing the run phase with extendproportion=0 and read/update proportions=0.5 ===
Arrangement completed. Output saved to ../analysis/Data/Workload_data/postgresql_array_run2_zipfian_light_mixed.csv
Arrangement completed. Output saved to ../analysis/Data/Workload_data/postgresql_array_run2_zipfian_light_mixed.csv
Backing up the database started
Backing up the database finished
Arrangement completed. Output saved to ../analysis/Data/Workload_data/postgresql_array_run2_zipfian_light_mixed.csv
Size computation started
Appending subsequent iteration 100...
Iteration 100: Appended new size values from key_sizes_zipfian_light_mixed.csv to ../analysis/Data/Value_size_data/value_sizes_postgresql_array_run2_zipfian_light_mixed_after.csv
Total size: 144456800, Field length average: 14445
Workload file fieldlength set to: 14445 (expected: 14445)
=== Executing the load phase for the comparison study ===
Comparison-load verification - Epoch:10 Run:10 TotalSize:144450000 ExpectedFieldLength:14445
Avg-run verification - Epoch:10 Run:10 Iteration:100 TotalSize:144450000 ExpectedFieldLength:14445
=== Executing the run phase with extendproportion=0 and read/update proportions=0.5 ===
Arrangement completed. Output saved to ../analysis/Data/Workload_data/postgresql_array_run2_zipfian_light_mixed.csv
=== All steps completed. Results are logged in ./ycsb_postgresql_array_results_zipfian_light_mixed.log ===
