Initializing PostgreSQL database ycsb...
Done initializing ycsb.
Initializing PostgreSQL database ycsb_unchange...
Done initializing ycsb_unchange.
=== Executing the load phase ===
Initial-load verification - TotalSize:1000000 ExpectedFieldLength:100
Arrangement completed. Output saved to ../analysis/Data/Workload_data/postgresql_arrayjson_vacuum_notfull_run2_uniform_light_mixed.csv
Reference-load verification - TotalSize:1000000 ExpectedFieldLength:100
=== Setting parameter values for extend phase ===
=== Executing the extend phase with extendproportion=1 and other proportions=0 ===
Arrangement completed. Output saved to ../analysis/Data/Workload_data/postgresql_arrayjson_vacuum_notfull_run2_uniform_light_mixed.csv
Size computation started
Extend verification - Min:1100 Max:3100 Avg:2000 (Expected avg per record: ~1000 bytes initially)
Generating histogram from key size log: key_sizes_postgresql_arrayjson_vacuum_notfull_uniform_light_mixed_run2.csv
Histogram written to histogram.txt (BlockSize = 100)
Appending first iteration...
First iteration: Appended values from key_sizes_postgresql_arrayjson_vacuum_notfull_uniform_light_mixed_run2.csv to ../analysis/Data/Value_size_data/value_sizes_postgresql_arrayjson_vacuum_notfull_run2_uniform_light_before_mixed.csv
VACUUM start: 1774618640
VACUUM end: 1774618640
=== Setting parameter values for run phase ===
Checking query plan before run phase
=== Executing the run phase with extendproportion=0 and read/update proportions=0.5 ===
Arrangement completed. Output saved to ../analysis/Data/Workload_data/postgresql_arrayjson_vacuum_notfull_run2_uniform_light_mixed.csv
Arrangement completed. Output saved to ../analysis/Data/Workload_data/postgresql_arrayjson_vacuum_notfull_run2_uniform_light_mixed.csv
Backing up the database started
Backing up the database finished
Arrangement completed. Output saved to ../analysis/Data/Workload_data/postgresql_arrayjson_vacuum_notfull_run2_uniform_light_mixed.csv
Size computation started
Appending first iteration...
First iteration: Appended values from key_sizes_postgresql_arrayjson_vacuum_notfull_uniform_light_mixed_run2.csv to ../analysis/Data/Value_size_data/value_sizes_postgresql_arrayjson_vacuum_notfull_run2_uniform_light_after_mixed.csv
Total size: 2542700, Field length average: 254
Workload file fieldlength set to: 254 (expected: 254)
=== Executing the load phase for the comparison study ===
Comparison-load verification - Epoch:1 Run:1 TotalSize:2540000 ExpectedFieldLength:254
Avg-run verification - Epoch:1 Run:1 Iteration:1 TotalSize:2540000 ExpectedFieldLength:254
=== Executing the run phase with extendproportion=0 and read/update proportions=0.5 ===
Arrangement completed. Output saved to ../analysis/Data/Workload_data/postgresql_arrayjson_vacuum_notfull_run2_uniform_light_mixed.csv
=== Setting parameter values for extend phase ===
=== Executing the extend phase with extendproportion=1 and other proportions=0 ===
Arrangement completed. Output saved to ../analysis/Data/Workload_data/postgresql_arrayjson_vacuum_notfull_run2_uniform_light_mixed.csv
Size computation started
Extend verification - Min:2500 Max:4900 Avg:3532 (Expected avg per record: ~1000 bytes initially)
Generating histogram from key size log: key_sizes_postgresql_arrayjson_vacuum_notfull_uniform_light_mixed_run2.csv
Histogram written to histogram.txt (BlockSize = 100)
Appending subsequent iteration 2...
Iteration 2: Appended new size values from key_sizes_postgresql_arrayjson_vacuum_notfull_uniform_light_mixed_run2.csv to ../analysis/Data/Value_size_data/value_sizes_postgresql_arrayjson_vacuum_notfull_run2_uniform_light_before_mixed.csv
VACUUM start: 1774618910
VACUUM end: 1774618910
=== Setting parameter values for run phase ===
Checking query plan before run phase
=== Executing the run phase with extendproportion=0 and read/update proportions=0.5 ===
Arrangement completed. Output saved to ../analysis/Data/Workload_data/postgresql_arrayjson_vacuum_notfull_run2_uniform_light_mixed.csv
Arrangement completed. Output saved to ../analysis/Data/Workload_data/postgresql_arrayjson_vacuum_notfull_run2_uniform_light_mixed.csv
Backing up the database started
Backing up the database finished
Arrangement completed. Output saved to ../analysis/Data/Workload_data/postgresql_arrayjson_vacuum_notfull_run2_uniform_light_mixed.csv
Size computation started
Appending subsequent iteration 2...
Iteration 2: Appended new size values from key_sizes_postgresql_arrayjson_vacuum_notfull_uniform_light_mixed_run2.csv to ../analysis/Data/Value_size_data/value_sizes_postgresql_arrayjson_vacuum_notfull_run2_uniform_light_after_mixed.csv
Total size: 3951600, Field length average: 395
Workload file fieldlength set to: 395 (expected: 395)
=== Executing the load phase for the comparison study ===
Comparison-load verification - Epoch:1 Run:2 TotalSize:3950000 ExpectedFieldLength:395
Avg-run verification - Epoch:1 Run:2 Iteration:2 TotalSize:3950000 ExpectedFieldLength:395
=== Executing the run phase with extendproportion=0 and read/update proportions=0.5 ===
Arrangement completed. Output saved to ../analysis/Data/Workload_data/postgresql_arrayjson_vacuum_notfull_run2_uniform_light_mixed.csv
=== Setting parameter values for extend phase ===
=== Executing the extend phase with extendproportion=1 and other proportions=0 ===
Arrangement completed. Output saved to ../analysis/Data/Workload_data/postgresql_arrayjson_vacuum_notfull_run2_uniform_light_mixed.csv
Size computation started
Extend verification - Min:4000 Max:6300 Avg:4948 (Expected avg per record: ~1000 bytes initially)
Generating histogram from key size log: key_sizes_postgresql_arrayjson_vacuum_notfull_uniform_light_mixed_run2.csv
Histogram written to histogram.txt (BlockSize = 100)
Appending subsequent iteration 3...
Iteration 3: Appended new size values from key_sizes_postgresql_arrayjson_vacuum_notfull_uniform_light_mixed_run2.csv to ../analysis/Data/Value_size_data/value_sizes_postgresql_arrayjson_vacuum_notfull_run2_uniform_light_before_mixed.csv
VACUUM start: 1774619184
VACUUM end: 1774619184
=== Setting parameter values for run phase ===
Checking query plan before run phase
=== Executing the run phase with extendproportion=0 and read/update proportions=0.5 ===
Arrangement completed. Output saved to ../analysis/Data/Workload_data/postgresql_arrayjson_vacuum_notfull_run2_uniform_light_mixed.csv
Arrangement completed. Output saved to ../analysis/Data/Workload_data/postgresql_arrayjson_vacuum_notfull_run2_uniform_light_mixed.csv
Backing up the database started
Backing up the database finished
Arrangement completed. Output saved to ../analysis/Data/Workload_data/postgresql_arrayjson_vacuum_notfull_run2_uniform_light_mixed.csv
Size computation started
Appending subsequent iteration 3...
Iteration 3: Appended new size values from key_sizes_postgresql_arrayjson_vacuum_notfull_uniform_light_mixed_run2.csv to ../analysis/Data/Value_size_data/value_sizes_postgresql_arrayjson_vacuum_notfull_run2_uniform_light_after_mixed.csv
Total size: 5504800, Field length average: 550
Workload file fieldlength set to: 550 (expected: 550)
=== Executing the load phase for the comparison study ===
Comparison-load verification - Epoch:1 Run:3 TotalSize:5500000 ExpectedFieldLength:550
Avg-run verification - Epoch:1 Run:3 Iteration:3 TotalSize:5500000 ExpectedFieldLength:550
=== Executing the run phase with extendproportion=0 and read/update proportions=0.5 ===
Arrangement completed. Output saved to ../analysis/Data/Workload_data/postgresql_arrayjson_vacuum_notfull_run2_uniform_light_mixed.csv
=== Setting parameter values for extend phase ===
=== Executing the extend phase with extendproportion=1 and other proportions=0 ===
Arrangement completed. Output saved to ../analysis/Data/Workload_data/postgresql_arrayjson_vacuum_notfull_run2_uniform_light_mixed.csv
Size computation started
Extend verification - Min:5500 Max:7900 Avg:6490 (Expected avg per record: ~1000 bytes initially)
Generating histogram from key size log: key_sizes_postgresql_arrayjson_vacuum_notfull_uniform_light_mixed_run2.csv
Histogram written to histogram.txt (BlockSize = 100)
Appending subsequent iteration 4...
Iteration 4: Appended new size values from key_sizes_postgresql_arrayjson_vacuum_notfull_uniform_light_mixed_run2.csv to ../analysis/Data/Value_size_data/value_sizes_postgresql_arrayjson_vacuum_notfull_run2_uniform_light_before_mixed.csv
VACUUM start: 1774619471
VACUUM end: 1774619471
=== Setting parameter values for run phase ===
Checking query plan before run phase
=== Executing the run phase with extendproportion=0 and read/update proportions=0.5 ===
Arrangement completed. Output saved to ../analysis/Data/Workload_data/postgresql_arrayjson_vacuum_notfull_run2_uniform_light_mixed.csv
Arrangement completed. Output saved to ../analysis/Data/Workload_data/postgresql_arrayjson_vacuum_notfull_run2_uniform_light_mixed.csv
Backing up the database started
Backing up the database finished
Arrangement completed. Output saved to ../analysis/Data/Workload_data/postgresql_arrayjson_vacuum_notfull_run2_uniform_light_mixed.csv
Size computation started
Appending subsequent iteration 4...
Iteration 4: Appended new size values from key_sizes_postgresql_arrayjson_vacuum_notfull_uniform_light_mixed_run2.csv to ../analysis/Data/Value_size_data/value_sizes_postgresql_arrayjson_vacuum_notfull_run2_uniform_light_after_mixed.csv
Total size: 6924800, Field length average: 692
Workload file fieldlength set to: 692 (expected: 692)
=== Executing the load phase for the comparison study ===
Comparison-load verification - Epoch:1 Run:4 TotalSize:6920000 ExpectedFieldLength:692
Avg-run verification - Epoch:1 Run:4 Iteration:4 TotalSize:6920000 ExpectedFieldLength:692
=== Executing the run phase with extendproportion=0 and read/update proportions=0.5 ===
Arrangement completed. Output saved to ../analysis/Data/Workload_data/postgresql_arrayjson_vacuum_notfull_run2_uniform_light_mixed.csv
=== Setting parameter values for extend phase ===
=== Executing the extend phase with extendproportion=1 and other proportions=0 ===
Arrangement completed. Output saved to ../analysis/Data/Workload_data/postgresql_arrayjson_vacuum_notfull_run2_uniform_light_mixed.csv
Size computation started
Extend verification - Min:6600 Max:9400 Avg:7925 (Expected avg per record: ~1000 bytes initially)
Generating histogram from key size log: key_sizes_postgresql_arrayjson_vacuum_notfull_uniform_light_mixed_run2.csv
Histogram written to histogram.txt (BlockSize = 100)
Appending subsequent iteration 5...
Iteration 5: Appended new size values from key_sizes_postgresql_arrayjson_vacuum_notfull_uniform_light_mixed_run2.csv to ../analysis/Data/Value_size_data/value_sizes_postgresql_arrayjson_vacuum_notfull_run2_uniform_light_before_mixed.csv
VACUUM start: 1774619754
VACUUM end: 1774619754
=== Setting parameter values for run phase ===
Checking query plan before run phase
=== Executing the run phase with extendproportion=0 and read/update proportions=0.5 ===
Arrangement completed. Output saved to ../analysis/Data/Workload_data/postgresql_arrayjson_vacuum_notfull_run2_uniform_light_mixed.csv
Arrangement completed. Output saved to ../analysis/Data/Workload_data/postgresql_arrayjson_vacuum_notfull_run2_uniform_light_mixed.csv
Backing up the database started
Backing up the database finished
Arrangement completed. Output saved to ../analysis/Data/Workload_data/postgresql_arrayjson_vacuum_notfull_run2_uniform_light_mixed.csv
Size computation started
Appending subsequent iteration 5...
Iteration 5: Appended new size values from key_sizes_postgresql_arrayjson_vacuum_notfull_uniform_light_mixed_run2.csv to ../analysis/Data/Value_size_data/value_sizes_postgresql_arrayjson_vacuum_notfull_run2_uniform_light_after_mixed.csv
Total size: 8443600, Field length average: 844
Workload file fieldlength set to: 844 (expected: 844)
=== Executing the load phase for the comparison study ===
Comparison-load verification - Epoch:1 Run:5 TotalSize:8440000 ExpectedFieldLength:844
Avg-run verification - Epoch:1 Run:5 Iteration:5 TotalSize:8440000 ExpectedFieldLength:844
=== Executing the run phase with extendproportion=0 and read/update proportions=0.5 ===
Arrangement completed. Output saved to ../analysis/Data/Workload_data/postgresql_arrayjson_vacuum_notfull_run2_uniform_light_mixed.csv
=== Setting parameter values for extend phase ===
=== Executing the extend phase with extendproportion=1 and other proportions=0 ===
Arrangement completed. Output saved to ../analysis/Data/Workload_data/postgresql_arrayjson_vacuum_notfull_run2_uniform_light_mixed.csv
Size computation started
Extend verification - Min:7800 Max:10800 Avg:9446 (Expected avg per record: ~1000 bytes initially)
Generating histogram from key size log: key_sizes_postgresql_arrayjson_vacuum_notfull_uniform_light_mixed_run2.csv
Histogram written to histogram.txt (BlockSize = 100)
Appending subsequent iteration 6...
Iteration 6: Appended new size values from key_sizes_postgresql_arrayjson_vacuum_notfull_uniform_light_mixed_run2.csv to ../analysis/Data/Value_size_data/value_sizes_postgresql_arrayjson_vacuum_notfull_run2_uniform_light_before_mixed.csv
VACUUM start: 1774620039
VACUUM end: 1774620039
=== Setting parameter values for run phase ===
Checking query plan before run phase
=== Executing the run phase with extendproportion=0 and read/update proportions=0.5 ===
Arrangement completed. Output saved to ../analysis/Data/Workload_data/postgresql_arrayjson_vacuum_notfull_run2_uniform_light_mixed.csv
Arrangement completed. Output saved to ../analysis/Data/Workload_data/postgresql_arrayjson_vacuum_notfull_run2_uniform_light_mixed.csv
Backing up the database started
Backing up the database finished
Arrangement completed. Output saved to ../analysis/Data/Workload_data/postgresql_arrayjson_vacuum_notfull_run2_uniform_light_mixed.csv
Size computation started
Appending subsequent iteration 6...
Iteration 6: Appended new size values from key_sizes_postgresql_arrayjson_vacuum_notfull_uniform_light_mixed_run2.csv to ../analysis/Data/Value_size_data/value_sizes_postgresql_arrayjson_vacuum_notfull_run2_uniform_light_after_mixed.csv
Total size: 9903700, Field length average: 990
Workload file fieldlength set to: 990 (expected: 990)
=== Executing the load phase for the comparison study ===
Comparison-load verification - Epoch:1 Run:6 TotalSize:9900000 ExpectedFieldLength:990
Avg-run verification - Epoch:1 Run:6 Iteration:6 TotalSize:9900000 ExpectedFieldLength:990
=== Executing the run phase with extendproportion=0 and read/update proportions=0.5 ===
Arrangement completed. Output saved to ../analysis/Data/Workload_data/postgresql_arrayjson_vacuum_notfull_run2_uniform_light_mixed.csv
=== Setting parameter values for extend phase ===
=== Executing the extend phase with extendproportion=1 and other proportions=0 ===
Arrangement completed. Output saved to ../analysis/Data/Workload_data/postgresql_arrayjson_vacuum_notfull_run2_uniform_light_mixed.csv
Size computation started
Extend verification - Min:9700 Max:12000 Avg:10906 (Expected avg per record: ~1000 bytes initially)
Generating histogram from key size log: key_sizes_postgresql_arrayjson_vacuum_notfull_uniform_light_mixed_run2.csv
Histogram written to histogram.txt (BlockSize = 100)
Appending subsequent iteration 7...
Iteration 7: Appended new size values from key_sizes_postgresql_arrayjson_vacuum_notfull_uniform_light_mixed_run2.csv to ../analysis/Data/Value_size_data/value_sizes_postgresql_arrayjson_vacuum_notfull_run2_uniform_light_before_mixed.csv
VACUUM start: 1774620324
VACUUM end: 1774620324
=== Setting parameter values for run phase ===
Checking query plan before run phase
=== Executing the run phase with extendproportion=0 and read/update proportions=0.5 ===
Arrangement completed. Output saved to ../analysis/Data/Workload_data/postgresql_arrayjson_vacuum_notfull_run2_uniform_light_mixed.csv
Arrangement completed. Output saved to ../analysis/Data/Workload_data/postgresql_arrayjson_vacuum_notfull_run2_uniform_light_mixed.csv
Backing up the database started
Backing up the database finished
Arrangement completed. Output saved to ../analysis/Data/Workload_data/postgresql_arrayjson_vacuum_notfull_run2_uniform_light_mixed.csv
Size computation started
Appending subsequent iteration 7...
Iteration 7: Appended new size values from key_sizes_postgresql_arrayjson_vacuum_notfull_uniform_light_mixed_run2.csv to ../analysis/Data/Value_size_data/value_sizes_postgresql_arrayjson_vacuum_notfull_run2_uniform_light_after_mixed.csv
Total size: 11414900, Field length average: 1141
Workload file fieldlength set to: 1141 (expected: 1141)
=== Executing the load phase for the comparison study ===
Comparison-load verification - Epoch:1 Run:7 TotalSize:11410000 ExpectedFieldLength:1141
Avg-run verification - Epoch:1 Run:7 Iteration:7 TotalSize:11410000 ExpectedFieldLength:1141
=== Executing the run phase with extendproportion=0 and read/update proportions=0.5 ===
Arrangement completed. Output saved to ../analysis/Data/Workload_data/postgresql_arrayjson_vacuum_notfull_run2_uniform_light_mixed.csv
=== Setting parameter values for extend phase ===
=== Executing the extend phase with extendproportion=1 and other proportions=0 ===
Arrangement completed. Output saved to ../analysis/Data/Workload_data/postgresql_arrayjson_vacuum_notfull_run2_uniform_light_mixed.csv
Size computation started
Extend verification - Min:10900 Max:13600 Avg:12413 (Expected avg per record: ~1000 bytes initially)
Generating histogram from key size log: key_sizes_postgresql_arrayjson_vacuum_notfull_uniform_light_mixed_run2.csv
Histogram written to histogram.txt (BlockSize = 100)
Appending subsequent iteration 8...
Iteration 8: Appended new size values from key_sizes_postgresql_arrayjson_vacuum_notfull_uniform_light_mixed_run2.csv to ../analysis/Data/Value_size_data/value_sizes_postgresql_arrayjson_vacuum_notfull_run2_uniform_light_before_mixed.csv
VACUUM start: 1774620610
VACUUM end: 1774620610
=== Setting parameter values for run phase ===
Checking query plan before run phase
=== Executing the run phase with extendproportion=0 and read/update proportions=0.5 ===
Arrangement completed. Output saved to ../analysis/Data/Workload_data/postgresql_arrayjson_vacuum_notfull_run2_uniform_light_mixed.csv
Arrangement completed. Output saved to ../analysis/Data/Workload_data/postgresql_arrayjson_vacuum_notfull_run2_uniform_light_mixed.csv
Backing up the database started
Backing up the database finished
Arrangement completed. Output saved to ../analysis/Data/Workload_data/postgresql_arrayjson_vacuum_notfull_run2_uniform_light_mixed.csv
Size computation started
Appending subsequent iteration 8...
Iteration 8: Appended new size values from key_sizes_postgresql_arrayjson_vacuum_notfull_uniform_light_mixed_run2.csv to ../analysis/Data/Value_size_data/value_sizes_postgresql_arrayjson_vacuum_notfull_run2_uniform_light_after_mixed.csv
Total size: 12899900, Field length average: 1289
Workload file fieldlength set to: 1289 (expected: 1289)
=== Executing the load phase for the comparison study ===
Comparison-load verification - Epoch:1 Run:8 TotalSize:12890000 ExpectedFieldLength:1289
Avg-run verification - Epoch:1 Run:8 Iteration:8 TotalSize:12890000 ExpectedFieldLength:1289
=== Executing the run phase with extendproportion=0 and read/update proportions=0.5 ===
Arrangement completed. Output saved to ../analysis/Data/Workload_data/postgresql_arrayjson_vacuum_notfull_run2_uniform_light_mixed.csv
=== Setting parameter values for extend phase ===
=== Executing the extend phase with extendproportion=1 and other proportions=0 ===
Arrangement completed. Output saved to ../analysis/Data/Workload_data/postgresql_arrayjson_vacuum_notfull_run2_uniform_light_mixed.csv
Size computation started
Extend verification - Min:12300 Max:14900 Avg:13906 (Expected avg per record: ~1000 bytes initially)
Generating histogram from key size log: key_sizes_postgresql_arrayjson_vacuum_notfull_uniform_light_mixed_run2.csv
Histogram written to histogram.txt (BlockSize = 100)
Appending subsequent iteration 9...
Iteration 9: Appended new size values from key_sizes_postgresql_arrayjson_vacuum_notfull_uniform_light_mixed_run2.csv to ../analysis/Data/Value_size_data/value_sizes_postgresql_arrayjson_vacuum_notfull_run2_uniform_light_before_mixed.csv
VACUUM start: 1774620876
VACUUM end: 1774620876
=== Setting parameter values for run phase ===
Checking query plan before run phase
=== Executing the run phase with extendproportion=0 and read/update proportions=0.5 ===
Arrangement completed. Output saved to ../analysis/Data/Workload_data/postgresql_arrayjson_vacuum_notfull_run2_uniform_light_mixed.csv
Arrangement completed. Output saved to ../analysis/Data/Workload_data/postgresql_arrayjson_vacuum_notfull_run2_uniform_light_mixed.csv
Backing up the database started
Backing up the database finished
Arrangement completed. Output saved to ../analysis/Data/Workload_data/postgresql_arrayjson_vacuum_notfull_run2_uniform_light_mixed.csv
Size computation started
Appending subsequent iteration 9...
Iteration 9: Appended new size values from key_sizes_postgresql_arrayjson_vacuum_notfull_uniform_light_mixed_run2.csv to ../analysis/Data/Value_size_data/value_sizes_postgresql_arrayjson_vacuum_notfull_run2_uniform_light_after_mixed.csv
Total size: 13984500, Field length average: 1398
Workload file fieldlength set to: 1398 (expected: 1398)
=== Executing the load phase for the comparison study ===
Comparison-load verification - Epoch:1 Run:9 TotalSize:13980000 ExpectedFieldLength:1398
Avg-run verification - Epoch:1 Run:9 Iteration:9 TotalSize:13980000 ExpectedFieldLength:1398
=== Executing the run phase with extendproportion=0 and read/update proportions=0.5 ===
Arrangement completed. Output saved to ../analysis/Data/Workload_data/postgresql_arrayjson_vacuum_notfull_run2_uniform_light_mixed.csv
=== Setting parameter values for extend phase ===
=== Executing the extend phase with extendproportion=1 and other proportions=0 ===
Arrangement completed. Output saved to ../analysis/Data/Workload_data/postgresql_arrayjson_vacuum_notfull_run2_uniform_light_mixed.csv
Size computation started
Extend verification - Min:13000 Max:15900 Avg:14980 (Expected avg per record: ~1000 bytes initially)
Generating histogram from key size log: key_sizes_postgresql_arrayjson_vacuum_notfull_uniform_light_mixed_run2.csv
Histogram written to histogram.txt (BlockSize = 100)
Appending subsequent iteration 10...
Iteration 10: Appended new size values from key_sizes_postgresql_arrayjson_vacuum_notfull_uniform_light_mixed_run2.csv to ../analysis/Data/Value_size_data/value_sizes_postgresql_arrayjson_vacuum_notfull_run2_uniform_light_before_mixed.csv
VACUUM start: 1774621139
VACUUM end: 1774621139
=== Setting parameter values for run phase ===
Checking query plan before run phase
=== Executing the run phase with extendproportion=0 and read/update proportions=0.5 ===
Arrangement completed. Output saved to ../analysis/Data/Workload_data/postgresql_arrayjson_vacuum_notfull_run2_uniform_light_mixed.csv
Arrangement completed. Output saved to ../analysis/Data/Workload_data/postgresql_arrayjson_vacuum_notfull_run2_uniform_light_mixed.csv
Backing up the database started
Backing up the database finished
Arrangement completed. Output saved to ../analysis/Data/Workload_data/postgresql_arrayjson_vacuum_notfull_run2_uniform_light_mixed.csv
Size computation started
Appending subsequent iteration 10...
Iteration 10: Appended new size values from key_sizes_postgresql_arrayjson_vacuum_notfull_uniform_light_mixed_run2.csv to ../analysis/Data/Value_size_data/value_sizes_postgresql_arrayjson_vacuum_notfull_run2_uniform_light_after_mixed.csv
Total size: 14983800, Field length average: 1498
Workload file fieldlength set to: 1498 (expected: 1498)
=== Executing the load phase for the comparison study ===
Comparison-load verification - Epoch:1 Run:10 TotalSize:14980000 ExpectedFieldLength:1498
Avg-run verification - Epoch:1 Run:10 Iteration:10 TotalSize:14980000 ExpectedFieldLength:1498
=== Executing the run phase with extendproportion=0 and read/update proportions=0.5 ===
Arrangement completed. Output saved to ../analysis/Data/Workload_data/postgresql_arrayjson_vacuum_notfull_run2_uniform_light_mixed.csv
=== Setting parameter values for extend phase ===
=== Executing the extend phase with extendproportion=1 and other proportions=0 ===
Arrangement completed. Output saved to ../analysis/Data/Workload_data/postgresql_arrayjson_vacuum_notfull_run2_uniform_light_mixed.csv
Size computation started
Extend verification - Min:14100 Max:17100 Avg:15980 (Expected avg per record: ~1000 bytes initially)
Generating histogram from key size log: key_sizes_postgresql_arrayjson_vacuum_notfull_uniform_light_mixed_run2.csv
Histogram written to histogram.txt (BlockSize = 100)
Appending subsequent iteration 11...
Iteration 11: Appended new size values from key_sizes_postgresql_arrayjson_vacuum_notfull_uniform_light_mixed_run2.csv to ../analysis/Data/Value_size_data/value_sizes_postgresql_arrayjson_vacuum_notfull_run2_uniform_light_before_mixed.csv
VACUUM start: 1774621405
VACUUM end: 1774621405
=== Setting parameter values for run phase ===
Checking query plan before run phase
=== Executing the run phase with extendproportion=0 and read/update proportions=0.5 ===
Arrangement completed. Output saved to ../analysis/Data/Workload_data/postgresql_arrayjson_vacuum_notfull_run2_uniform_light_mixed.csv
Arrangement completed. Output saved to ../analysis/Data/Workload_data/postgresql_arrayjson_vacuum_notfull_run2_uniform_light_mixed.csv
Backing up the database started
Backing up the database finished
Arrangement completed. Output saved to ../analysis/Data/Workload_data/postgresql_arrayjson_vacuum_notfull_run2_uniform_light_mixed.csv
Size computation started
Appending subsequent iteration 11...
Iteration 11: Appended new size values from key_sizes_postgresql_arrayjson_vacuum_notfull_uniform_light_mixed_run2.csv to ../analysis/Data/Value_size_data/value_sizes_postgresql_arrayjson_vacuum_notfull_run2_uniform_light_after_mixed.csv
Total size: 16502500, Field length average: 1650
Workload file fieldlength set to: 1650 (expected: 1650)
=== Executing the load phase for the comparison study ===
Comparison-load verification - Epoch:2 Run:1 TotalSize:16500000 ExpectedFieldLength:1650
Avg-run verification - Epoch:2 Run:1 Iteration:11 TotalSize:16500000 ExpectedFieldLength:1650
=== Executing the run phase with extendproportion=0 and read/update proportions=0.5 ===
Arrangement completed. Output saved to ../analysis/Data/Workload_data/postgresql_arrayjson_vacuum_notfull_run2_uniform_light_mixed.csv
=== Setting parameter values for extend phase ===
=== Executing the extend phase with extendproportion=1 and other proportions=0 ===
Arrangement completed. Output saved to ../analysis/Data/Workload_data/postgresql_arrayjson_vacuum_notfull_run2_uniform_light_mixed.csv
Size computation started
Extend verification - Min:15300 Max:18700 Avg:17496 (Expected avg per record: ~1000 bytes initially)
Generating histogram from key size log: key_sizes_postgresql_arrayjson_vacuum_notfull_uniform_light_mixed_run2.csv
Histogram written to histogram.txt (BlockSize = 100)
Appending subsequent iteration 12...
Iteration 12: Appended new size values from key_sizes_postgresql_arrayjson_vacuum_notfull_uniform_light_mixed_run2.csv to ../analysis/Data/Value_size_data/value_sizes_postgresql_arrayjson_vacuum_notfull_run2_uniform_light_before_mixed.csv
VACUUM start: 1774621670
VACUUM end: 1774621670
=== Setting parameter values for run phase ===
Checking query plan before run phase
=== Executing the run phase with extendproportion=0 and read/update proportions=0.5 ===
Arrangement completed. Output saved to ../analysis/Data/Workload_data/postgresql_arrayjson_vacuum_notfull_run2_uniform_light_mixed.csv
Arrangement completed. Output saved to ../analysis/Data/Workload_data/postgresql_arrayjson_vacuum_notfull_run2_uniform_light_mixed.csv
Backing up the database started
Backing up the database finished
Arrangement completed. Output saved to ../analysis/Data/Workload_data/postgresql_arrayjson_vacuum_notfull_run2_uniform_light_mixed.csv
Size computation started
Appending subsequent iteration 12...
Iteration 12: Appended new size values from key_sizes_postgresql_arrayjson_vacuum_notfull_uniform_light_mixed_run2.csv to ../analysis/Data/Value_size_data/value_sizes_postgresql_arrayjson_vacuum_notfull_run2_uniform_light_after_mixed.csv
Total size: 17916900, Field length average: 1791
Workload file fieldlength set to: 1791 (expected: 1791)
=== Executing the load phase for the comparison study ===
Comparison-load verification - Epoch:2 Run:2 TotalSize:17910000 ExpectedFieldLength:1791
Avg-run verification - Epoch:2 Run:2 Iteration:12 TotalSize:17910000 ExpectedFieldLength:1791
=== Executing the run phase with extendproportion=0 and read/update proportions=0.5 ===
Arrangement completed. Output saved to ../analysis/Data/Workload_data/postgresql_arrayjson_vacuum_notfull_run2_uniform_light_mixed.csv
=== Setting parameter values for extend phase ===
=== Executing the extend phase with extendproportion=1 and other proportions=0 ===
Arrangement completed. Output saved to ../analysis/Data/Workload_data/postgresql_arrayjson_vacuum_notfull_run2_uniform_light_mixed.csv
Size computation started
Extend verification - Min:16500 Max:20200 Avg:18917 (Expected avg per record: ~1000 bytes initially)
Generating histogram from key size log: key_sizes_postgresql_arrayjson_vacuum_notfull_uniform_light_mixed_run2.csv
Histogram written to histogram.txt (BlockSize = 100)
Appending subsequent iteration 13...
Iteration 13: Appended new size values from key_sizes_postgresql_arrayjson_vacuum_notfull_uniform_light_mixed_run2.csv to ../analysis/Data/Value_size_data/value_sizes_postgresql_arrayjson_vacuum_notfull_run2_uniform_light_before_mixed.csv
VACUUM start: 1774621940
VACUUM end: 1774621941
=== Setting parameter values for run phase ===
Checking query plan before run phase
=== Executing the run phase with extendproportion=0 and read/update proportions=0.5 ===
Arrangement completed. Output saved to ../analysis/Data/Workload_data/postgresql_arrayjson_vacuum_notfull_run2_uniform_light_mixed.csv
Arrangement completed. Output saved to ../analysis/Data/Workload_data/postgresql_arrayjson_vacuum_notfull_run2_uniform_light_mixed.csv
Backing up the database started
Backing up the database finished
Arrangement completed. Output saved to ../analysis/Data/Workload_data/postgresql_arrayjson_vacuum_notfull_run2_uniform_light_mixed.csv
Size computation started
Appending subsequent iteration 13...
Iteration 13: Appended new size values from key_sizes_postgresql_arrayjson_vacuum_notfull_uniform_light_mixed_run2.csv to ../analysis/Data/Value_size_data/value_sizes_postgresql_arrayjson_vacuum_notfull_run2_uniform_light_after_mixed.csv
Total size: 19428700, Field length average: 1942
Workload file fieldlength set to: 1942 (expected: 1942)
=== Executing the load phase for the comparison study ===
Comparison-load verification - Epoch:2 Run:3 TotalSize:19420000 ExpectedFieldLength:1942
Avg-run verification - Epoch:2 Run:3 Iteration:13 TotalSize:19420000 ExpectedFieldLength:1942
=== Executing the run phase with extendproportion=0 and read/update proportions=0.5 ===
Arrangement completed. Output saved to ../analysis/Data/Workload_data/postgresql_arrayjson_vacuum_notfull_run2_uniform_light_mixed.csv
=== Setting parameter values for extend phase ===
=== Executing the extend phase with extendproportion=1 and other proportions=0 ===
Arrangement completed. Output saved to ../analysis/Data/Workload_data/postgresql_arrayjson_vacuum_notfull_run2_uniform_light_mixed.csv
Size computation started
Extend verification - Min:18000 Max:21700 Avg:20435 (Expected avg per record: ~1000 bytes initially)
Generating histogram from key size log: key_sizes_postgresql_arrayjson_vacuum_notfull_uniform_light_mixed_run2.csv
Histogram written to histogram.txt (BlockSize = 100)
Appending subsequent iteration 14...
Iteration 14: Appended new size values from key_sizes_postgresql_arrayjson_vacuum_notfull_uniform_light_mixed_run2.csv to ../analysis/Data/Value_size_data/value_sizes_postgresql_arrayjson_vacuum_notfull_run2_uniform_light_before_mixed.csv
VACUUM start: 1774622208
VACUUM end: 1774622208
=== Setting parameter values for run phase ===
Checking query plan before run phase
=== Executing the run phase with extendproportion=0 and read/update proportions=0.5 ===
Arrangement completed. Output saved to ../analysis/Data/Workload_data/postgresql_arrayjson_vacuum_notfull_run2_uniform_light_mixed.csv
Arrangement completed. Output saved to ../analysis/Data/Workload_data/postgresql_arrayjson_vacuum_notfull_run2_uniform_light_mixed.csv
Backing up the database started
Backing up the database finished
Arrangement completed. Output saved to ../analysis/Data/Workload_data/postgresql_arrayjson_vacuum_notfull_run2_uniform_light_mixed.csv
Size computation started
Appending subsequent iteration 14...
Iteration 14: Appended new size values from key_sizes_postgresql_arrayjson_vacuum_notfull_uniform_light_mixed_run2.csv to ../analysis/Data/Value_size_data/value_sizes_postgresql_arrayjson_vacuum_notfull_run2_uniform_light_after_mixed.csv
Total size: 20885900, Field length average: 2088
Workload file fieldlength set to: 2088 (expected: 2088)
=== Executing the load phase for the comparison study ===
Comparison-load verification - Epoch:2 Run:4 TotalSize:20880000 ExpectedFieldLength:2088
Avg-run verification - Epoch:2 Run:4 Iteration:14 TotalSize:20880000 ExpectedFieldLength:2088
=== Executing the run phase with extendproportion=0 and read/update proportions=0.5 ===
Arrangement completed. Output saved to ../analysis/Data/Workload_data/postgresql_arrayjson_vacuum_notfull_run2_uniform_light_mixed.csv
=== Setting parameter values for extend phase ===
=== Executing the extend phase with extendproportion=1 and other proportions=0 ===
Arrangement completed. Output saved to ../analysis/Data/Workload_data/postgresql_arrayjson_vacuum_notfull_run2_uniform_light_mixed.csv
Size computation started
Extend verification - Min:19700 Max:23400 Avg:21883 (Expected avg per record: ~1000 bytes initially)
Generating histogram from key size log: key_sizes_postgresql_arrayjson_vacuum_notfull_uniform_light_mixed_run2.csv
Histogram written to histogram.txt (BlockSize = 100)
Appending subsequent iteration 15...
Iteration 15: Appended new size values from key_sizes_postgresql_arrayjson_vacuum_notfull_uniform_light_mixed_run2.csv to ../analysis/Data/Value_size_data/value_sizes_postgresql_arrayjson_vacuum_notfull_run2_uniform_light_before_mixed.csv
VACUUM start: 1774622478
VACUUM end: 1774622478
=== Setting parameter values for run phase ===
Checking query plan before run phase
=== Executing the run phase with extendproportion=0 and read/update proportions=0.5 ===
Arrangement completed. Output saved to ../analysis/Data/Workload_data/postgresql_arrayjson_vacuum_notfull_run2_uniform_light_mixed.csv
Arrangement completed. Output saved to ../analysis/Data/Workload_data/postgresql_arrayjson_vacuum_notfull_run2_uniform_light_mixed.csv
Backing up the database started
Backing up the database finished
Arrangement completed. Output saved to ../analysis/Data/Workload_data/postgresql_arrayjson_vacuum_notfull_run2_uniform_light_mixed.csv
Size computation started
Appending subsequent iteration 15...
Iteration 15: Appended new size values from key_sizes_postgresql_arrayjson_vacuum_notfull_uniform_light_mixed_run2.csv to ../analysis/Data/Value_size_data/value_sizes_postgresql_arrayjson_vacuum_notfull_run2_uniform_light_after_mixed.csv
Total size: 22392900, Field length average: 2239
Workload file fieldlength set to: 2239 (expected: 2239)
=== Executing the load phase for the comparison study ===
Comparison-load verification - Epoch:2 Run:5 TotalSize:22390000 ExpectedFieldLength:2239
Avg-run verification - Epoch:2 Run:5 Iteration:15 TotalSize:22390000 ExpectedFieldLength:2239
=== Executing the run phase with extendproportion=0 and read/update proportions=0.5 ===
Arrangement completed. Output saved to ../analysis/Data/Workload_data/postgresql_arrayjson_vacuum_notfull_run2_uniform_light_mixed.csv
=== Setting parameter values for extend phase ===
=== Executing the extend phase with extendproportion=1 and other proportions=0 ===
Arrangement completed. Output saved to ../analysis/Data/Workload_data/postgresql_arrayjson_vacuum_notfull_run2_uniform_light_mixed.csv
Size computation started
Extend verification - Min:20900 Max:24700 Avg:23398 (Expected avg per record: ~1000 bytes initially)
Generating histogram from key size log: key_sizes_postgresql_arrayjson_vacuum_notfull_uniform_light_mixed_run2.csv
Histogram written to histogram.txt (BlockSize = 100)
Appending subsequent iteration 16...
Iteration 16: Appended new size values from key_sizes_postgresql_arrayjson_vacuum_notfull_uniform_light_mixed_run2.csv to ../analysis/Data/Value_size_data/value_sizes_postgresql_arrayjson_vacuum_notfull_run2_uniform_light_before_mixed.csv
VACUUM start: 1774622751
VACUUM end: 1774622751
=== Setting parameter values for run phase ===
Checking query plan before run phase
=== Executing the run phase with extendproportion=0 and read/update proportions=0.5 ===
Arrangement completed. Output saved to ../analysis/Data/Workload_data/postgresql_arrayjson_vacuum_notfull_run2_uniform_light_mixed.csv
Arrangement completed. Output saved to ../analysis/Data/Workload_data/postgresql_arrayjson_vacuum_notfull_run2_uniform_light_mixed.csv
Backing up the database started
Backing up the database finished
Arrangement completed. Output saved to ../analysis/Data/Workload_data/postgresql_arrayjson_vacuum_notfull_run2_uniform_light_mixed.csv
Size computation started
Appending subsequent iteration 16...
Iteration 16: Appended new size values from key_sizes_postgresql_arrayjson_vacuum_notfull_uniform_light_mixed_run2.csv to ../analysis/Data/Value_size_data/value_sizes_postgresql_arrayjson_vacuum_notfull_run2_uniform_light_after_mixed.csv
Total size: 23847100, Field length average: 2384
Workload file fieldlength set to: 2384 (expected: 2384)
=== Executing the load phase for the comparison study ===
Comparison-load verification - Epoch:2 Run:6 TotalSize:23840000 ExpectedFieldLength:2384
Avg-run verification - Epoch:2 Run:6 Iteration:16 TotalSize:23840000 ExpectedFieldLength:2384
=== Executing the run phase with extendproportion=0 and read/update proportions=0.5 ===
Arrangement completed. Output saved to ../analysis/Data/Workload_data/postgresql_arrayjson_vacuum_notfull_run2_uniform_light_mixed.csv
=== Setting parameter values for extend phase ===
=== Executing the extend phase with extendproportion=1 and other proportions=0 ===
Arrangement completed. Output saved to ../analysis/Data/Workload_data/postgresql_arrayjson_vacuum_notfull_run2_uniform_light_mixed.csv
Size computation started
Extend verification - Min:22300 Max:25800 Avg:24870 (Expected avg per record: ~1000 bytes initially)
Generating histogram from key size log: key_sizes_postgresql_arrayjson_vacuum_notfull_uniform_light_mixed_run2.csv
Histogram written to histogram.txt (BlockSize = 100)
Appending subsequent iteration 17...
Iteration 17: Appended new size values from key_sizes_postgresql_arrayjson_vacuum_notfull_uniform_light_mixed_run2.csv to ../analysis/Data/Value_size_data/value_sizes_postgresql_arrayjson_vacuum_notfull_run2_uniform_light_before_mixed.csv
VACUUM start: 1774623027
VACUUM end: 1774623027
=== Setting parameter values for run phase ===
Checking query plan before run phase
=== Executing the run phase with extendproportion=0 and read/update proportions=0.5 ===
Arrangement completed. Output saved to ../analysis/Data/Workload_data/postgresql_arrayjson_vacuum_notfull_run2_uniform_light_mixed.csv
Arrangement completed. Output saved to ../analysis/Data/Workload_data/postgresql_arrayjson_vacuum_notfull_run2_uniform_light_mixed.csv
Backing up the database started
Backing up the database finished
Arrangement completed. Output saved to ../analysis/Data/Workload_data/postgresql_arrayjson_vacuum_notfull_run2_uniform_light_mixed.csv
Size computation started
Appending subsequent iteration 17...
Iteration 17: Appended new size values from key_sizes_postgresql_arrayjson_vacuum_notfull_uniform_light_mixed_run2.csv to ../analysis/Data/Value_size_data/value_sizes_postgresql_arrayjson_vacuum_notfull_run2_uniform_light_after_mixed.csv
Total size: 24952100, Field length average: 2495
Workload file fieldlength set to: 2495 (expected: 2495)
=== Executing the load phase for the comparison study ===
Comparison-load verification - Epoch:2 Run:7 TotalSize:24950000 ExpectedFieldLength:2495
Avg-run verification - Epoch:2 Run:7 Iteration:17 TotalSize:24950000 ExpectedFieldLength:2495
=== Executing the run phase with extendproportion=0 and read/update proportions=0.5 ===
Arrangement completed. Output saved to ../analysis/Data/Workload_data/postgresql_arrayjson_vacuum_notfull_run2_uniform_light_mixed.csv
=== Setting parameter values for extend phase ===
=== Executing the extend phase with extendproportion=1 and other proportions=0 ===
Arrangement completed. Output saved to ../analysis/Data/Workload_data/postgresql_arrayjson_vacuum_notfull_run2_uniform_light_mixed.csv
Size computation started
Extend verification - Min:22900 Max:27200 Avg:25955 (Expected avg per record: ~1000 bytes initially)
Generating histogram from key size log: key_sizes_postgresql_arrayjson_vacuum_notfull_uniform_light_mixed_run2.csv
Histogram written to histogram.txt (BlockSize = 100)
Appending subsequent iteration 18...
Iteration 18: Appended new size values from key_sizes_postgresql_arrayjson_vacuum_notfull_uniform_light_mixed_run2.csv to ../analysis/Data/Value_size_data/value_sizes_postgresql_arrayjson_vacuum_notfull_run2_uniform_light_before_mixed.csv
VACUUM start: 1774623303
VACUUM end: 1774623303
=== Setting parameter values for run phase ===
Checking query plan before run phase
=== Executing the run phase with extendproportion=0 and read/update proportions=0.5 ===
Arrangement completed. Output saved to ../analysis/Data/Workload_data/postgresql_arrayjson_vacuum_notfull_run2_uniform_light_mixed.csv
Arrangement completed. Output saved to ../analysis/Data/Workload_data/postgresql_arrayjson_vacuum_notfull_run2_uniform_light_mixed.csv
Backing up the database started
Backing up the database finished
Arrangement completed. Output saved to ../analysis/Data/Workload_data/postgresql_arrayjson_vacuum_notfull_run2_uniform_light_mixed.csv
Size computation started
Appending subsequent iteration 18...
Iteration 18: Appended new size values from key_sizes_postgresql_arrayjson_vacuum_notfull_uniform_light_mixed_run2.csv to ../analysis/Data/Value_size_data/value_sizes_postgresql_arrayjson_vacuum_notfull_run2_uniform_light_after_mixed.csv
Total size: 26472400, Field length average: 2647
Workload file fieldlength set to: 2647 (expected: 2647)
=== Executing the load phase for the comparison study ===
Comparison-load verification - Epoch:2 Run:8 TotalSize:26470000 ExpectedFieldLength:2647
Avg-run verification - Epoch:2 Run:8 Iteration:18 TotalSize:26470000 ExpectedFieldLength:2647
=== Executing the run phase with extendproportion=0 and read/update proportions=0.5 ===
Arrangement completed. Output saved to ../analysis/Data/Workload_data/postgresql_arrayjson_vacuum_notfull_run2_uniform_light_mixed.csv
=== Setting parameter values for extend phase ===
=== Executing the extend phase with extendproportion=1 and other proportions=0 ===
Arrangement completed. Output saved to ../analysis/Data/Workload_data/postgresql_arrayjson_vacuum_notfull_run2_uniform_light_mixed.csv
Size computation started
Extend verification - Min:24300 Max:28700 Avg:27460 (Expected avg per record: ~1000 bytes initially)
Generating histogram from key size log: key_sizes_postgresql_arrayjson_vacuum_notfull_uniform_light_mixed_run2.csv
Histogram written to histogram.txt (BlockSize = 100)
Appending subsequent iteration 19...
Iteration 19: Appended new size values from key_sizes_postgresql_arrayjson_vacuum_notfull_uniform_light_mixed_run2.csv to ../analysis/Data/Value_size_data/value_sizes_postgresql_arrayjson_vacuum_notfull_run2_uniform_light_before_mixed.csv
VACUUM start: 1774623576
VACUUM end: 1774623576
=== Setting parameter values for run phase ===
Checking query plan before run phase
=== Executing the run phase with extendproportion=0 and read/update proportions=0.5 ===
Arrangement completed. Output saved to ../analysis/Data/Workload_data/postgresql_arrayjson_vacuum_notfull_run2_uniform_light_mixed.csv
Arrangement completed. Output saved to ../analysis/Data/Workload_data/postgresql_arrayjson_vacuum_notfull_run2_uniform_light_mixed.csv
Backing up the database started
Backing up the database finished
Arrangement completed. Output saved to ../analysis/Data/Workload_data/postgresql_arrayjson_vacuum_notfull_run2_uniform_light_mixed.csv
Size computation started
Appending subsequent iteration 19...
Iteration 19: Appended new size values from key_sizes_postgresql_arrayjson_vacuum_notfull_uniform_light_mixed_run2.csv to ../analysis/Data/Value_size_data/value_sizes_postgresql_arrayjson_vacuum_notfull_run2_uniform_light_after_mixed.csv
Total size: 27891200, Field length average: 2789
Workload file fieldlength set to: 2789 (expected: 2789)
=== Executing the load phase for the comparison study ===
Comparison-load verification - Epoch:2 Run:9 TotalSize:27890000 ExpectedFieldLength:2789
Avg-run verification - Epoch:2 Run:9 Iteration:19 TotalSize:27890000 ExpectedFieldLength:2789
=== Executing the run phase with extendproportion=0 and read/update proportions=0.5 ===
Arrangement completed. Output saved to ../analysis/Data/Workload_data/postgresql_arrayjson_vacuum_notfull_run2_uniform_light_mixed.csv
=== Setting parameter values for extend phase ===
=== Executing the extend phase with extendproportion=1 and other proportions=0 ===
Arrangement completed. Output saved to ../analysis/Data/Workload_data/postgresql_arrayjson_vacuum_notfull_run2_uniform_light_mixed.csv
Size computation started
Extend verification - Min:25200 Max:30100 Avg:28853 (Expected avg per record: ~1000 bytes initially)
Generating histogram from key size log: key_sizes_postgresql_arrayjson_vacuum_notfull_uniform_light_mixed_run2.csv
Histogram written to histogram.txt (BlockSize = 100)
Appending subsequent iteration 20...
Iteration 20: Appended new size values from key_sizes_postgresql_arrayjson_vacuum_notfull_uniform_light_mixed_run2.csv to ../analysis/Data/Value_size_data/value_sizes_postgresql_arrayjson_vacuum_notfull_run2_uniform_light_before_mixed.csv
VACUUM start: 1774623852
VACUUM end: 1774623852
=== Setting parameter values for run phase ===
Checking query plan before run phase
=== Executing the run phase with extendproportion=0 and read/update proportions=0.5 ===
Arrangement completed. Output saved to ../analysis/Data/Workload_data/postgresql_arrayjson_vacuum_notfull_run2_uniform_light_mixed.csv
Arrangement completed. Output saved to ../analysis/Data/Workload_data/postgresql_arrayjson_vacuum_notfull_run2_uniform_light_mixed.csv
Backing up the database started
Backing up the database finished
Arrangement completed. Output saved to ../analysis/Data/Workload_data/postgresql_arrayjson_vacuum_notfull_run2_uniform_light_mixed.csv
Size computation started
Appending subsequent iteration 20...
Iteration 20: Appended new size values from key_sizes_postgresql_arrayjson_vacuum_notfull_uniform_light_mixed_run2.csv to ../analysis/Data/Value_size_data/value_sizes_postgresql_arrayjson_vacuum_notfull_run2_uniform_light_after_mixed.csv
Total size: 29384400, Field length average: 2938
Workload file fieldlength set to: 2938 (expected: 2938)
=== Executing the load phase for the comparison study ===
Comparison-load verification - Epoch:2 Run:10 TotalSize:29380000 ExpectedFieldLength:2938
Avg-run verification - Epoch:2 Run:10 Iteration:20 TotalSize:29380000 ExpectedFieldLength:2938
=== Executing the run phase with extendproportion=0 and read/update proportions=0.5 ===
Arrangement completed. Output saved to ../analysis/Data/Workload_data/postgresql_arrayjson_vacuum_notfull_run2_uniform_light_mixed.csv
=== Setting parameter values for extend phase ===
=== Executing the extend phase with extendproportion=1 and other proportions=0 ===
Arrangement completed. Output saved to ../analysis/Data/Workload_data/postgresql_arrayjson_vacuum_notfull_run2_uniform_light_mixed.csv
Size computation started
Extend verification - Min:27200 Max:31500 Avg:30359 (Expected avg per record: ~1000 bytes initially)
Generating histogram from key size log: key_sizes_postgresql_arrayjson_vacuum_notfull_uniform_light_mixed_run2.csv
Histogram written to histogram.txt (BlockSize = 100)
Appending subsequent iteration 21...
Iteration 21: Appended new size values from key_sizes_postgresql_arrayjson_vacuum_notfull_uniform_light_mixed_run2.csv to ../analysis/Data/Value_size_data/value_sizes_postgresql_arrayjson_vacuum_notfull_run2_uniform_light_before_mixed.csv
VACUUM start: 1774624132
VACUUM end: 1774624133
=== Setting parameter values for run phase ===
Checking query plan before run phase
=== Executing the run phase with extendproportion=0 and read/update proportions=0.5 ===
Arrangement completed. Output saved to ../analysis/Data/Workload_data/postgresql_arrayjson_vacuum_notfull_run2_uniform_light_mixed.csv
Arrangement completed. Output saved to ../analysis/Data/Workload_data/postgresql_arrayjson_vacuum_notfull_run2_uniform_light_mixed.csv
Backing up the database started
Backing up the database finished
Arrangement completed. Output saved to ../analysis/Data/Workload_data/postgresql_arrayjson_vacuum_notfull_run2_uniform_light_mixed.csv
Size computation started
Appending subsequent iteration 21...
Iteration 21: Appended new size values from key_sizes_postgresql_arrayjson_vacuum_notfull_uniform_light_mixed_run2.csv to ../analysis/Data/Value_size_data/value_sizes_postgresql_arrayjson_vacuum_notfull_run2_uniform_light_after_mixed.csv
Total size: 30814900, Field length average: 3081
Workload file fieldlength set to: 3081 (expected: 3081)
=== Executing the load phase for the comparison study ===
Comparison-load verification - Epoch:3 Run:1 TotalSize:30810000 ExpectedFieldLength:3081
Avg-run verification - Epoch:3 Run:1 Iteration:21 TotalSize:30810000 ExpectedFieldLength:3081
=== Executing the run phase with extendproportion=0 and read/update proportions=0.5 ===
Arrangement completed. Output saved to ../analysis/Data/Workload_data/postgresql_arrayjson_vacuum_notfull_run2_uniform_light_mixed.csv
=== Setting parameter values for extend phase ===
=== Executing the extend phase with extendproportion=1 and other proportions=0 ===
Arrangement completed. Output saved to ../analysis/Data/Workload_data/postgresql_arrayjson_vacuum_notfull_run2_uniform_light_mixed.csv
Size computation started
Extend verification - Min:28100 Max:32900 Avg:31827 (Expected avg per record: ~1000 bytes initially)
Generating histogram from key size log: key_sizes_postgresql_arrayjson_vacuum_notfull_uniform_light_mixed_run2.csv
Histogram written to histogram.txt (BlockSize = 100)
Appending subsequent iteration 22...
Iteration 22: Appended new size values from key_sizes_postgresql_arrayjson_vacuum_notfull_uniform_light_mixed_run2.csv to ../analysis/Data/Value_size_data/value_sizes_postgresql_arrayjson_vacuum_notfull_run2_uniform_light_before_mixed.csv
VACUUM start: 1774624413
VACUUM end: 1774624414
=== Setting parameter values for run phase ===
Checking query plan before run phase
=== Executing the run phase with extendproportion=0 and read/update proportions=0.5 ===
Arrangement completed. Output saved to ../analysis/Data/Workload_data/postgresql_arrayjson_vacuum_notfull_run2_uniform_light_mixed.csv
Arrangement completed. Output saved to ../analysis/Data/Workload_data/postgresql_arrayjson_vacuum_notfull_run2_uniform_light_mixed.csv
Backing up the database started
Backing up the database finished
Arrangement completed. Output saved to ../analysis/Data/Workload_data/postgresql_arrayjson_vacuum_notfull_run2_uniform_light_mixed.csv
Size computation started
Appending subsequent iteration 22...
Iteration 22: Appended new size values from key_sizes_postgresql_arrayjson_vacuum_notfull_uniform_light_mixed_run2.csv to ../analysis/Data/Value_size_data/value_sizes_postgresql_arrayjson_vacuum_notfull_run2_uniform_light_after_mixed.csv
Total size: 31954700, Field length average: 3195
Workload file fieldlength set to: 3195 (expected: 3195)
=== Executing the load phase for the comparison study ===
Comparison-load verification - Epoch:3 Run:2 TotalSize:31950000 ExpectedFieldLength:3195
Avg-run verification - Epoch:3 Run:2 Iteration:22 TotalSize:31950000 ExpectedFieldLength:3195
=== Executing the run phase with extendproportion=0 and read/update proportions=0.5 ===
Arrangement completed. Output saved to ../analysis/Data/Workload_data/postgresql_arrayjson_vacuum_notfull_run2_uniform_light_mixed.csv
=== Setting parameter values for extend phase ===
=== Executing the extend phase with extendproportion=1 and other proportions=0 ===
Arrangement completed. Output saved to ../analysis/Data/Workload_data/postgresql_arrayjson_vacuum_notfull_run2_uniform_light_mixed.csv
Size computation started
Extend verification - Min:29300 Max:34000 Avg:32946 (Expected avg per record: ~1000 bytes initially)
Generating histogram from key size log: key_sizes_postgresql_arrayjson_vacuum_notfull_uniform_light_mixed_run2.csv
Histogram written to histogram.txt (BlockSize = 100)
Appending subsequent iteration 23...
Iteration 23: Appended new size values from key_sizes_postgresql_arrayjson_vacuum_notfull_uniform_light_mixed_run2.csv to ../analysis/Data/Value_size_data/value_sizes_postgresql_arrayjson_vacuum_notfull_run2_uniform_light_before_mixed.csv
VACUUM start: 1774624700
VACUUM end: 1774624700
=== Setting parameter values for run phase ===
Checking query plan before run phase
=== Executing the run phase with extendproportion=0 and read/update proportions=0.5 ===
Arrangement completed. Output saved to ../analysis/Data/Workload_data/postgresql_arrayjson_vacuum_notfull_run2_uniform_light_mixed.csv
Arrangement completed. Output saved to ../analysis/Data/Workload_data/postgresql_arrayjson_vacuum_notfull_run2_uniform_light_mixed.csv
Backing up the database started
Backing up the database finished
Arrangement completed. Output saved to ../analysis/Data/Workload_data/postgresql_arrayjson_vacuum_notfull_run2_uniform_light_mixed.csv
Size computation started
Appending subsequent iteration 23...
Iteration 23: Appended new size values from key_sizes_postgresql_arrayjson_vacuum_notfull_uniform_light_mixed_run2.csv to ../analysis/Data/Value_size_data/value_sizes_postgresql_arrayjson_vacuum_notfull_run2_uniform_light_after_mixed.csv
Total size: 33436700, Field length average: 3343
Workload file fieldlength set to: 3343 (expected: 3343)
=== Executing the load phase for the comparison study ===
Comparison-load verification - Epoch:3 Run:3 TotalSize:33430000 ExpectedFieldLength:3343
Avg-run verification - Epoch:3 Run:3 Iteration:23 TotalSize:33430000 ExpectedFieldLength:3343
=== Executing the run phase with extendproportion=0 and read/update proportions=0.5 ===
Arrangement completed. Output saved to ../analysis/Data/Workload_data/postgresql_arrayjson_vacuum_notfull_run2_uniform_light_mixed.csv
=== Setting parameter values for extend phase ===
=== Executing the extend phase with extendproportion=1 and other proportions=0 ===
Arrangement completed. Output saved to ../analysis/Data/Workload_data/postgresql_arrayjson_vacuum_notfull_run2_uniform_light_mixed.csv
Size computation started
Extend verification - Min:30700 Max:36000 Avg:34459 (Expected avg per record: ~1000 bytes initially)
Generating histogram from key size log: key_sizes_postgresql_arrayjson_vacuum_notfull_uniform_light_mixed_run2.csv
Histogram written to histogram.txt (BlockSize = 100)
Appending subsequent iteration 24...
Iteration 24: Appended new size values from key_sizes_postgresql_arrayjson_vacuum_notfull_uniform_light_mixed_run2.csv to ../analysis/Data/Value_size_data/value_sizes_postgresql_arrayjson_vacuum_notfull_run2_uniform_light_before_mixed.csv
VACUUM start: 1774624983
VACUUM end: 1774624983
=== Setting parameter values for run phase ===
Checking query plan before run phase
=== Executing the run phase with extendproportion=0 and read/update proportions=0.5 ===
Arrangement completed. Output saved to ../analysis/Data/Workload_data/postgresql_arrayjson_vacuum_notfull_run2_uniform_light_mixed.csv
Arrangement completed. Output saved to ../analysis/Data/Workload_data/postgresql_arrayjson_vacuum_notfull_run2_uniform_light_mixed.csv
Backing up the database started
Backing up the database finished
Arrangement completed. Output saved to ../analysis/Data/Workload_data/postgresql_arrayjson_vacuum_notfull_run2_uniform_light_mixed.csv
Size computation started
Appending subsequent iteration 24...
Iteration 24: Appended new size values from key_sizes_postgresql_arrayjson_vacuum_notfull_uniform_light_mixed_run2.csv to ../analysis/Data/Value_size_data/value_sizes_postgresql_arrayjson_vacuum_notfull_run2_uniform_light_after_mixed.csv
Total size: 34951200, Field length average: 3495
Workload file fieldlength set to: 3495 (expected: 3495)
=== Executing the load phase for the comparison study ===
Comparison-load verification - Epoch:3 Run:4 TotalSize:34950000 ExpectedFieldLength:3495
Avg-run verification - Epoch:3 Run:4 Iteration:24 TotalSize:34950000 ExpectedFieldLength:3495
=== Executing the run phase with extendproportion=0 and read/update proportions=0.5 ===
Arrangement completed. Output saved to ../analysis/Data/Workload_data/postgresql_arrayjson_vacuum_notfull_run2_uniform_light_mixed.csv
=== Setting parameter values for extend phase ===
=== Executing the extend phase with extendproportion=1 and other proportions=0 ===
Arrangement completed. Output saved to ../analysis/Data/Workload_data/postgresql_arrayjson_vacuum_notfull_run2_uniform_light_mixed.csv
Size computation started
Extend verification - Min:32100 Max:37100 Avg:35945 (Expected avg per record: ~1000 bytes initially)
Generating histogram from key size log: key_sizes_postgresql_arrayjson_vacuum_notfull_uniform_light_mixed_run2.csv
Histogram written to histogram.txt (BlockSize = 100)
Appending subsequent iteration 25...
Iteration 25: Appended new size values from key_sizes_postgresql_arrayjson_vacuum_notfull_uniform_light_mixed_run2.csv to ../analysis/Data/Value_size_data/value_sizes_postgresql_arrayjson_vacuum_notfull_run2_uniform_light_before_mixed.csv
VACUUM start: 1774625270
VACUUM end: 1774625271
=== Setting parameter values for run phase ===
Checking query plan before run phase
=== Executing the run phase with extendproportion=0 and read/update proportions=0.5 ===
Arrangement completed. Output saved to ../analysis/Data/Workload_data/postgresql_arrayjson_vacuum_notfull_run2_uniform_light_mixed.csv
Arrangement completed. Output saved to ../analysis/Data/Workload_data/postgresql_arrayjson_vacuum_notfull_run2_uniform_light_mixed.csv
Backing up the database started
Backing up the database finished
Arrangement completed. Output saved to ../analysis/Data/Workload_data/postgresql_arrayjson_vacuum_notfull_run2_uniform_light_mixed.csv
Size computation started
Appending subsequent iteration 25...
Iteration 25: Appended new size values from key_sizes_postgresql_arrayjson_vacuum_notfull_uniform_light_mixed_run2.csv to ../analysis/Data/Value_size_data/value_sizes_postgresql_arrayjson_vacuum_notfull_run2_uniform_light_after_mixed.csv
Total size: 36435100, Field length average: 3643
Workload file fieldlength set to: 3643 (expected: 3643)
=== Executing the load phase for the comparison study ===
Comparison-load verification - Epoch:3 Run:5 TotalSize:36430000 ExpectedFieldLength:3643
Avg-run verification - Epoch:3 Run:5 Iteration:25 TotalSize:36430000 ExpectedFieldLength:3643
=== Executing the run phase with extendproportion=0 and read/update proportions=0.5 ===
Arrangement completed. Output saved to ../analysis/Data/Workload_data/postgresql_arrayjson_vacuum_notfull_run2_uniform_light_mixed.csv
=== Setting parameter values for extend phase ===
=== Executing the extend phase with extendproportion=1 and other proportions=0 ===
Arrangement completed. Output saved to ../analysis/Data/Workload_data/postgresql_arrayjson_vacuum_notfull_run2_uniform_light_mixed.csv
Size computation started
Extend verification - Min:33000 Max:39100 Avg:37452 (Expected avg per record: ~1000 bytes initially)
Generating histogram from key size log: key_sizes_postgresql_arrayjson_vacuum_notfull_uniform_light_mixed_run2.csv
Histogram written to histogram.txt (BlockSize = 100)
Appending subsequent iteration 26...
Iteration 26: Appended new size values from key_sizes_postgresql_arrayjson_vacuum_notfull_uniform_light_mixed_run2.csv to ../analysis/Data/Value_size_data/value_sizes_postgresql_arrayjson_vacuum_notfull_run2_uniform_light_before_mixed.csv
VACUUM start: 1774625559
VACUUM end: 1774625559
=== Setting parameter values for run phase ===
Checking query plan before run phase
=== Executing the run phase with extendproportion=0 and read/update proportions=0.5 ===
Arrangement completed. Output saved to ../analysis/Data/Workload_data/postgresql_arrayjson_vacuum_notfull_run2_uniform_light_mixed.csv
Arrangement completed. Output saved to ../analysis/Data/Workload_data/postgresql_arrayjson_vacuum_notfull_run2_uniform_light_mixed.csv
Backing up the database started
Backing up the database finished
Arrangement completed. Output saved to ../analysis/Data/Workload_data/postgresql_arrayjson_vacuum_notfull_run2_uniform_light_mixed.csv
Size computation started
Appending subsequent iteration 26...
Iteration 26: Appended new size values from key_sizes_postgresql_arrayjson_vacuum_notfull_uniform_light_mixed_run2.csv to ../analysis/Data/Value_size_data/value_sizes_postgresql_arrayjson_vacuum_notfull_run2_uniform_light_after_mixed.csv
Total size: 37957000, Field length average: 3795
Workload file fieldlength set to: 3795 (expected: 3795)
=== Executing the load phase for the comparison study ===
Comparison-load verification - Epoch:3 Run:6 TotalSize:37950000 ExpectedFieldLength:3795
Avg-run verification - Epoch:3 Run:6 Iteration:26 TotalSize:37950000 ExpectedFieldLength:3795
=== Executing the run phase with extendproportion=0 and read/update proportions=0.5 ===
Arrangement completed. Output saved to ../analysis/Data/Workload_data/postgresql_arrayjson_vacuum_notfull_run2_uniform_light_mixed.csv
=== Setting parameter values for extend phase ===
=== Executing the extend phase with extendproportion=1 and other proportions=0 ===
Arrangement completed. Output saved to ../analysis/Data/Workload_data/postgresql_arrayjson_vacuum_notfull_run2_uniform_light_mixed.csv
Size computation started
Extend verification - Min:31200 Max:40500 Avg:38948 (Expected avg per record: ~1000 bytes initially)
Generating histogram from key size log: key_sizes_postgresql_arrayjson_vacuum_notfull_uniform_light_mixed_run2.csv
Histogram written to histogram.txt (BlockSize = 100)
Appending subsequent iteration 27...
Iteration 27: Appended new size values from key_sizes_postgresql_arrayjson_vacuum_notfull_uniform_light_mixed_run2.csv to ../analysis/Data/Value_size_data/value_sizes_postgresql_arrayjson_vacuum_notfull_run2_uniform_light_before_mixed.csv
VACUUM start: 1774625850
VACUUM end: 1774625851
=== Setting parameter values for run phase ===
Checking query plan before run phase
=== Executing the run phase with extendproportion=0 and read/update proportions=0.5 ===
Arrangement completed. Output saved to ../analysis/Data/Workload_data/postgresql_arrayjson_vacuum_notfull_run2_uniform_light_mixed.csv
Arrangement completed. Output saved to ../analysis/Data/Workload_data/postgresql_arrayjson_vacuum_notfull_run2_uniform_light_mixed.csv
Backing up the database started
Backing up the database finished
Arrangement completed. Output saved to ../analysis/Data/Workload_data/postgresql_arrayjson_vacuum_notfull_run2_uniform_light_mixed.csv
Size computation started
Appending subsequent iteration 27...
Iteration 27: Appended new size values from key_sizes_postgresql_arrayjson_vacuum_notfull_uniform_light_mixed_run2.csv to ../analysis/Data/Value_size_data/value_sizes_postgresql_arrayjson_vacuum_notfull_run2_uniform_light_after_mixed.csv
Total size: 39455100, Field length average: 3945
Workload file fieldlength set to: 3945 (expected: 3945)
=== Executing the load phase for the comparison study ===
Comparison-load verification - Epoch:3 Run:7 TotalSize:39450000 ExpectedFieldLength:3945
Avg-run verification - Epoch:3 Run:7 Iteration:27 TotalSize:39450000 ExpectedFieldLength:3945
=== Executing the run phase with extendproportion=0 and read/update proportions=0.5 ===
Arrangement completed. Output saved to ../analysis/Data/Workload_data/postgresql_arrayjson_vacuum_notfull_run2_uniform_light_mixed.csv
=== Setting parameter values for extend phase ===
=== Executing the extend phase with extendproportion=1 and other proportions=0 ===
Arrangement completed. Output saved to ../analysis/Data/Workload_data/postgresql_arrayjson_vacuum_notfull_run2_uniform_light_mixed.csv
Size computation started
Extend verification - Min:36500 Max:41800 Avg:40470 (Expected avg per record: ~1000 bytes initially)
Generating histogram from key size log: key_sizes_postgresql_arrayjson_vacuum_notfull_uniform_light_mixed_run2.csv
Histogram written to histogram.txt (BlockSize = 100)
Appending subsequent iteration 28...
Iteration 28: Appended new size values from key_sizes_postgresql_arrayjson_vacuum_notfull_uniform_light_mixed_run2.csv to ../analysis/Data/Value_size_data/value_sizes_postgresql_arrayjson_vacuum_notfull_run2_uniform_light_before_mixed.csv
VACUUM start: 1774626142
VACUUM end: 1774626142
=== Setting parameter values for run phase ===
Checking query plan before run phase
=== Executing the run phase with extendproportion=0 and read/update proportions=0.5 ===
Arrangement completed. Output saved to ../analysis/Data/Workload_data/postgresql_arrayjson_vacuum_notfull_run2_uniform_light_mixed.csv
Arrangement completed. Output saved to ../analysis/Data/Workload_data/postgresql_arrayjson_vacuum_notfull_run2_uniform_light_mixed.csv
Backing up the database started
Backing up the database finished
Arrangement completed. Output saved to ../analysis/Data/Workload_data/postgresql_arrayjson_vacuum_notfull_run2_uniform_light_mixed.csv
Size computation started
Appending subsequent iteration 28...
Iteration 28: Appended new size values from key_sizes_postgresql_arrayjson_vacuum_notfull_uniform_light_mixed_run2.csv to ../analysis/Data/Value_size_data/value_sizes_postgresql_arrayjson_vacuum_notfull_run2_uniform_light_after_mixed.csv
Total size: 40882500, Field length average: 4088
Workload file fieldlength set to: 4088 (expected: 4088)
=== Executing the load phase for the comparison study ===
Comparison-load verification - Epoch:3 Run:8 TotalSize:40880000 ExpectedFieldLength:4088
Avg-run verification - Epoch:3 Run:8 Iteration:28 TotalSize:40880000 ExpectedFieldLength:4088
=== Executing the run phase with extendproportion=0 and read/update proportions=0.5 ===
Arrangement completed. Output saved to ../analysis/Data/Workload_data/postgresql_arrayjson_vacuum_notfull_run2_uniform_light_mixed.csv
=== Setting parameter values for extend phase ===
=== Executing the extend phase with extendproportion=1 and other proportions=0 ===
Arrangement completed. Output saved to ../analysis/Data/Workload_data/postgresql_arrayjson_vacuum_notfull_run2_uniform_light_mixed.csv
Size computation started
Extend verification - Min:37100 Max:43100 Avg:41854 (Expected avg per record: ~1000 bytes initially)
Generating histogram from key size log: key_sizes_postgresql_arrayjson_vacuum_notfull_uniform_light_mixed_run2.csv
Histogram written to histogram.txt (BlockSize = 100)
Appending subsequent iteration 29...
Iteration 29: Appended new size values from key_sizes_postgresql_arrayjson_vacuum_notfull_uniform_light_mixed_run2.csv to ../analysis/Data/Value_size_data/value_sizes_postgresql_arrayjson_vacuum_notfull_run2_uniform_light_before_mixed.csv
VACUUM start: 1774626442
VACUUM end: 1774626443
=== Setting parameter values for run phase ===
Checking query plan before run phase
=== Executing the run phase with extendproportion=0 and read/update proportions=0.5 ===
Arrangement completed. Output saved to ../analysis/Data/Workload_data/postgresql_arrayjson_vacuum_notfull_run2_uniform_light_mixed.csv
Arrangement completed. Output saved to ../analysis/Data/Workload_data/postgresql_arrayjson_vacuum_notfull_run2_uniform_light_mixed.csv
Backing up the database started
Backing up the database finished
Arrangement completed. Output saved to ../analysis/Data/Workload_data/postgresql_arrayjson_vacuum_notfull_run2_uniform_light_mixed.csv
Size computation started
Appending subsequent iteration 29...
Iteration 29: Appended new size values from key_sizes_postgresql_arrayjson_vacuum_notfull_uniform_light_mixed_run2.csv to ../analysis/Data/Value_size_data/value_sizes_postgresql_arrayjson_vacuum_notfull_run2_uniform_light_after_mixed.csv
Total size: 42338500, Field length average: 4233
Workload file fieldlength set to: 4233 (expected: 4233)
=== Executing the load phase for the comparison study ===
Comparison-load verification - Epoch:3 Run:9 TotalSize:42330000 ExpectedFieldLength:4233
Avg-run verification - Epoch:3 Run:9 Iteration:29 TotalSize:42330000 ExpectedFieldLength:4233
=== Executing the run phase with extendproportion=0 and read/update proportions=0.5 ===
Arrangement completed. Output saved to ../analysis/Data/Workload_data/postgresql_arrayjson_vacuum_notfull_run2_uniform_light_mixed.csv
=== Setting parameter values for extend phase ===
=== Executing the extend phase with extendproportion=1 and other proportions=0 ===
Arrangement completed. Output saved to ../analysis/Data/Workload_data/postgresql_arrayjson_vacuum_notfull_run2_uniform_light_mixed.csv
Size computation started
Extend verification - Min:38600 Max:45500 Avg:43345 (Expected avg per record: ~1000 bytes initially)
Generating histogram from key size log: key_sizes_postgresql_arrayjson_vacuum_notfull_uniform_light_mixed_run2.csv
Histogram written to histogram.txt (BlockSize = 100)
Appending subsequent iteration 30...
Iteration 30: Appended new size values from key_sizes_postgresql_arrayjson_vacuum_notfull_uniform_light_mixed_run2.csv to ../analysis/Data/Value_size_data/value_sizes_postgresql_arrayjson_vacuum_notfull_run2_uniform_light_before_mixed.csv
VACUUM start: 1774626738
VACUUM end: 1774626739
=== Setting parameter values for run phase ===
Checking query plan before run phase
=== Executing the run phase with extendproportion=0 and read/update proportions=0.5 ===
Arrangement completed. Output saved to ../analysis/Data/Workload_data/postgresql_arrayjson_vacuum_notfull_run2_uniform_light_mixed.csv
Arrangement completed. Output saved to ../analysis/Data/Workload_data/postgresql_arrayjson_vacuum_notfull_run2_uniform_light_mixed.csv
Backing up the database started
Backing up the database finished
Arrangement completed. Output saved to ../analysis/Data/Workload_data/postgresql_arrayjson_vacuum_notfull_run2_uniform_light_mixed.csv
Size computation started
Appending subsequent iteration 30...
Iteration 30: Appended new size values from key_sizes_postgresql_arrayjson_vacuum_notfull_uniform_light_mixed_run2.csv to ../analysis/Data/Value_size_data/value_sizes_postgresql_arrayjson_vacuum_notfull_run2_uniform_light_after_mixed.csv
Total size: 43841100, Field length average: 4384
Workload file fieldlength set to: 4384 (expected: 4384)
=== Executing the load phase for the comparison study ===
Comparison-load verification - Epoch:3 Run:10 TotalSize:43840000 ExpectedFieldLength:4384
Avg-run verification - Epoch:3 Run:10 Iteration:30 TotalSize:43840000 ExpectedFieldLength:4384
=== Executing the run phase with extendproportion=0 and read/update proportions=0.5 ===
Arrangement completed. Output saved to ../analysis/Data/Workload_data/postgresql_arrayjson_vacuum_notfull_run2_uniform_light_mixed.csv
=== Setting parameter values for extend phase ===
=== Executing the extend phase with extendproportion=1 and other proportions=0 ===
Arrangement completed. Output saved to ../analysis/Data/Workload_data/postgresql_arrayjson_vacuum_notfull_run2_uniform_light_mixed.csv
Size computation started
Extend verification - Min:39900 Max:46300 Avg:44817 (Expected avg per record: ~1000 bytes initially)
Generating histogram from key size log: key_sizes_postgresql_arrayjson_vacuum_notfull_uniform_light_mixed_run2.csv
Histogram written to histogram.txt (BlockSize = 100)
Appending subsequent iteration 31...
Iteration 31: Appended new size values from key_sizes_postgresql_arrayjson_vacuum_notfull_uniform_light_mixed_run2.csv to ../analysis/Data/Value_size_data/value_sizes_postgresql_arrayjson_vacuum_notfull_run2_uniform_light_before_mixed.csv
VACUUM start: 1774627038
VACUUM end: 1774627039
=== Setting parameter values for run phase ===
Checking query plan before run phase
=== Executing the run phase with extendproportion=0 and read/update proportions=0.5 ===
Arrangement completed. Output saved to ../analysis/Data/Workload_data/postgresql_arrayjson_vacuum_notfull_run2_uniform_light_mixed.csv
Arrangement completed. Output saved to ../analysis/Data/Workload_data/postgresql_arrayjson_vacuum_notfull_run2_uniform_light_mixed.csv
Backing up the database started
Backing up the database finished
Arrangement completed. Output saved to ../analysis/Data/Workload_data/postgresql_arrayjson_vacuum_notfull_run2_uniform_light_mixed.csv
Size computation started
Appending subsequent iteration 31...
Iteration 31: Appended new size values from key_sizes_postgresql_arrayjson_vacuum_notfull_uniform_light_mixed_run2.csv to ../analysis/Data/Value_size_data/value_sizes_postgresql_arrayjson_vacuum_notfull_run2_uniform_light_after_mixed.csv
Total size: 45284600, Field length average: 4528
Workload file fieldlength set to: 4528 (expected: 4528)
=== Executing the load phase for the comparison study ===
Comparison-load verification - Epoch:4 Run:1 TotalSize:45280000 ExpectedFieldLength:4528
Avg-run verification - Epoch:4 Run:1 Iteration:31 TotalSize:45280000 ExpectedFieldLength:4528
=== Executing the run phase with extendproportion=0 and read/update proportions=0.5 ===
Arrangement completed. Output saved to ../analysis/Data/Workload_data/postgresql_arrayjson_vacuum_notfull_run2_uniform_light_mixed.csv
=== Setting parameter values for extend phase ===
=== Executing the extend phase with extendproportion=1 and other proportions=0 ===
Arrangement completed. Output saved to ../analysis/Data/Workload_data/postgresql_arrayjson_vacuum_notfull_run2_uniform_light_mixed.csv
Size computation started
Extend verification - Min:40900 Max:47800 Avg:46292 (Expected avg per record: ~1000 bytes initially)
Generating histogram from key size log: key_sizes_postgresql_arrayjson_vacuum_notfull_uniform_light_mixed_run2.csv
Histogram written to histogram.txt (BlockSize = 100)
Appending subsequent iteration 32...
Iteration 32: Appended new size values from key_sizes_postgresql_arrayjson_vacuum_notfull_uniform_light_mixed_run2.csv to ../analysis/Data/Value_size_data/value_sizes_postgresql_arrayjson_vacuum_notfull_run2_uniform_light_before_mixed.csv
VACUUM start: 1774627347
VACUUM end: 1774627348
=== Setting parameter values for run phase ===
Checking query plan before run phase
=== Executing the run phase with extendproportion=0 and read/update proportions=0.5 ===
Arrangement completed. Output saved to ../analysis/Data/Workload_data/postgresql_arrayjson_vacuum_notfull_run2_uniform_light_mixed.csv
Arrangement completed. Output saved to ../analysis/Data/Workload_data/postgresql_arrayjson_vacuum_notfull_run2_uniform_light_mixed.csv
Backing up the database started
Backing up the database finished
Arrangement completed. Output saved to ../analysis/Data/Workload_data/postgresql_arrayjson_vacuum_notfull_run2_uniform_light_mixed.csv
Size computation started
Appending subsequent iteration 32...
Iteration 32: Appended new size values from key_sizes_postgresql_arrayjson_vacuum_notfull_uniform_light_mixed_run2.csv to ../analysis/Data/Value_size_data/value_sizes_postgresql_arrayjson_vacuum_notfull_run2_uniform_light_after_mixed.csv
Total size: 46755900, Field length average: 4675
Workload file fieldlength set to: 4675 (expected: 4675)
=== Executing the load phase for the comparison study ===
Comparison-load verification - Epoch:4 Run:2 TotalSize:46750000 ExpectedFieldLength:4675
Avg-run verification - Epoch:4 Run:2 Iteration:32 TotalSize:46750000 ExpectedFieldLength:4675
=== Executing the run phase with extendproportion=0 and read/update proportions=0.5 ===
Arrangement completed. Output saved to ../analysis/Data/Workload_data/postgresql_arrayjson_vacuum_notfull_run2_uniform_light_mixed.csv
=== Setting parameter values for extend phase ===
=== Executing the extend phase with extendproportion=1 and other proportions=0 ===
Arrangement completed. Output saved to ../analysis/Data/Workload_data/postgresql_arrayjson_vacuum_notfull_run2_uniform_light_mixed.csv
Size computation started
Extend verification - Min:42800 Max:49100 Avg:47745 (Expected avg per record: ~1000 bytes initially)
Generating histogram from key size log: key_sizes_postgresql_arrayjson_vacuum_notfull_uniform_light_mixed_run2.csv
Histogram written to histogram.txt (BlockSize = 100)
Appending subsequent iteration 33...
Iteration 33: Appended new size values from key_sizes_postgresql_arrayjson_vacuum_notfull_uniform_light_mixed_run2.csv to ../analysis/Data/Value_size_data/value_sizes_postgresql_arrayjson_vacuum_notfull_run2_uniform_light_before_mixed.csv
VACUUM start: 1774627653
VACUUM end: 1774627653
=== Setting parameter values for run phase ===
Checking query plan before run phase
=== Executing the run phase with extendproportion=0 and read/update proportions=0.5 ===
Arrangement completed. Output saved to ../analysis/Data/Workload_data/postgresql_arrayjson_vacuum_notfull_run2_uniform_light_mixed.csv
Arrangement completed. Output saved to ../analysis/Data/Workload_data/postgresql_arrayjson_vacuum_notfull_run2_uniform_light_mixed.csv
Backing up the database started
Backing up the database finished
Arrangement completed. Output saved to ../analysis/Data/Workload_data/postgresql_arrayjson_vacuum_notfull_run2_uniform_light_mixed.csv
Size computation started
Appending subsequent iteration 33...
Iteration 33: Appended new size values from key_sizes_postgresql_arrayjson_vacuum_notfull_uniform_light_mixed_run2.csv to ../analysis/Data/Value_size_data/value_sizes_postgresql_arrayjson_vacuum_notfull_run2_uniform_light_after_mixed.csv
Total size: 48213800, Field length average: 4821
Workload file fieldlength set to: 4821 (expected: 4821)
=== Executing the load phase for the comparison study ===
Comparison-load verification - Epoch:4 Run:3 TotalSize:48210000 ExpectedFieldLength:4821
Avg-run verification - Epoch:4 Run:3 Iteration:33 TotalSize:48210000 ExpectedFieldLength:4821
=== Executing the run phase with extendproportion=0 and read/update proportions=0.5 ===
Arrangement completed. Output saved to ../analysis/Data/Workload_data/postgresql_arrayjson_vacuum_notfull_run2_uniform_light_mixed.csv
=== Setting parameter values for extend phase ===
=== Executing the extend phase with extendproportion=1 and other proportions=0 ===
Arrangement completed. Output saved to ../analysis/Data/Workload_data/postgresql_arrayjson_vacuum_notfull_run2_uniform_light_mixed.csv
Size computation started
Extend verification - Min:39500 Max:50600 Avg:49228 (Expected avg per record: ~1000 bytes initially)
Generating histogram from key size log: key_sizes_postgresql_arrayjson_vacuum_notfull_uniform_light_mixed_run2.csv
Histogram written to histogram.txt (BlockSize = 100)
Appending subsequent iteration 34...
Iteration 34: Appended new size values from key_sizes_postgresql_arrayjson_vacuum_notfull_uniform_light_mixed_run2.csv to ../analysis/Data/Value_size_data/value_sizes_postgresql_arrayjson_vacuum_notfull_run2_uniform_light_before_mixed.csv
VACUUM start: 1774627961
VACUUM end: 1774627962
=== Setting parameter values for run phase ===
Checking query plan before run phase
=== Executing the run phase with extendproportion=0 and read/update proportions=0.5 ===
Arrangement completed. Output saved to ../analysis/Data/Workload_data/postgresql_arrayjson_vacuum_notfull_run2_uniform_light_mixed.csv
Arrangement completed. Output saved to ../analysis/Data/Workload_data/postgresql_arrayjson_vacuum_notfull_run2_uniform_light_mixed.csv
Backing up the database started
Backing up the database finished
Arrangement completed. Output saved to ../analysis/Data/Workload_data/postgresql_arrayjson_vacuum_notfull_run2_uniform_light_mixed.csv
Size computation started
Appending subsequent iteration 34...
Iteration 34: Appended new size values from key_sizes_postgresql_arrayjson_vacuum_notfull_uniform_light_mixed_run2.csv to ../analysis/Data/Value_size_data/value_sizes_postgresql_arrayjson_vacuum_notfull_run2_uniform_light_after_mixed.csv
Total size: 49739400, Field length average: 4973
Workload file fieldlength set to: 4973 (expected: 4973)
=== Executing the load phase for the comparison study ===
Comparison-load verification - Epoch:4 Run:4 TotalSize:49730000 ExpectedFieldLength:4973
Avg-run verification - Epoch:4 Run:4 Iteration:34 TotalSize:49730000 ExpectedFieldLength:4973
=== Executing the run phase with extendproportion=0 and read/update proportions=0.5 ===
Arrangement completed. Output saved to ../analysis/Data/Workload_data/postgresql_arrayjson_vacuum_notfull_run2_uniform_light_mixed.csv
=== Setting parameter values for extend phase ===
=== Executing the extend phase with extendproportion=1 and other proportions=0 ===
Arrangement completed. Output saved to ../analysis/Data/Workload_data/postgresql_arrayjson_vacuum_notfull_run2_uniform_light_mixed.csv
Size computation started
Extend verification - Min:45700 Max:51800 Avg:50714 (Expected avg per record: ~1000 bytes initially)
Generating histogram from key size log: key_sizes_postgresql_arrayjson_vacuum_notfull_uniform_light_mixed_run2.csv
Histogram written to histogram.txt (BlockSize = 100)
Appending subsequent iteration 35...
Iteration 35: Appended new size values from key_sizes_postgresql_arrayjson_vacuum_notfull_uniform_light_mixed_run2.csv to ../analysis/Data/Value_size_data/value_sizes_postgresql_arrayjson_vacuum_notfull_run2_uniform_light_before_mixed.csv
VACUUM start: 1774628271
VACUUM end: 1774628271
=== Setting parameter values for run phase ===
Checking query plan before run phase
=== Executing the run phase with extendproportion=0 and read/update proportions=0.5 ===
Arrangement completed. Output saved to ../analysis/Data/Workload_data/postgresql_arrayjson_vacuum_notfull_run2_uniform_light_mixed.csv
Arrangement completed. Output saved to ../analysis/Data/Workload_data/postgresql_arrayjson_vacuum_notfull_run2_uniform_light_mixed.csv
Backing up the database started
Backing up the database finished
Arrangement completed. Output saved to ../analysis/Data/Workload_data/postgresql_arrayjson_vacuum_notfull_run2_uniform_light_mixed.csv
Size computation started
Appending subsequent iteration 35...
Iteration 35: Appended new size values from key_sizes_postgresql_arrayjson_vacuum_notfull_uniform_light_mixed_run2.csv to ../analysis/Data/Value_size_data/value_sizes_postgresql_arrayjson_vacuum_notfull_run2_uniform_light_after_mixed.csv
Total size: 50900900, Field length average: 5090
Workload file fieldlength set to: 5090 (expected: 5090)
=== Executing the load phase for the comparison study ===
Comparison-load verification - Epoch:4 Run:5 TotalSize:50900000 ExpectedFieldLength:5090
Avg-run verification - Epoch:4 Run:5 Iteration:35 TotalSize:50900000 ExpectedFieldLength:5090
=== Executing the run phase with extendproportion=0 and read/update proportions=0.5 ===
Arrangement completed. Output saved to ../analysis/Data/Workload_data/postgresql_arrayjson_vacuum_notfull_run2_uniform_light_mixed.csv
=== Setting parameter values for extend phase ===
=== Executing the extend phase with extendproportion=1 and other proportions=0 ===
Arrangement completed. Output saved to ../analysis/Data/Workload_data/postgresql_arrayjson_vacuum_notfull_run2_uniform_light_mixed.csv
Size computation started
Extend verification - Min:46500 Max:53000 Avg:51896 (Expected avg per record: ~1000 bytes initially)
Generating histogram from key size log: key_sizes_postgresql_arrayjson_vacuum_notfull_uniform_light_mixed_run2.csv
Histogram written to histogram.txt (BlockSize = 100)
Appending subsequent iteration 36...
Iteration 36: Appended new size values from key_sizes_postgresql_arrayjson_vacuum_notfull_uniform_light_mixed_run2.csv to ../analysis/Data/Value_size_data/value_sizes_postgresql_arrayjson_vacuum_notfull_run2_uniform_light_before_mixed.csv
VACUUM start: 1774628584
VACUUM end: 1774628585
=== Setting parameter values for run phase ===
Checking query plan before run phase
=== Executing the run phase with extendproportion=0 and read/update proportions=0.5 ===
Arrangement completed. Output saved to ../analysis/Data/Workload_data/postgresql_arrayjson_vacuum_notfull_run2_uniform_light_mixed.csv
Arrangement completed. Output saved to ../analysis/Data/Workload_data/postgresql_arrayjson_vacuum_notfull_run2_uniform_light_mixed.csv
Backing up the database started
Backing up the database finished
Arrangement completed. Output saved to ../analysis/Data/Workload_data/postgresql_arrayjson_vacuum_notfull_run2_uniform_light_mixed.csv
Size computation started
Appending subsequent iteration 36...
Iteration 36: Appended new size values from key_sizes_postgresql_arrayjson_vacuum_notfull_uniform_light_mixed_run2.csv to ../analysis/Data/Value_size_data/value_sizes_postgresql_arrayjson_vacuum_notfull_run2_uniform_light_after_mixed.csv
Total size: 52374100, Field length average: 5237
Workload file fieldlength set to: 5237 (expected: 5237)
=== Executing the load phase for the comparison study ===
Comparison-load verification - Epoch:4 Run:6 TotalSize:52370000 ExpectedFieldLength:5237
Avg-run verification - Epoch:4 Run:6 Iteration:36 TotalSize:52370000 ExpectedFieldLength:5237
=== Executing the run phase with extendproportion=0 and read/update proportions=0.5 ===
Arrangement completed. Output saved to ../analysis/Data/Workload_data/postgresql_arrayjson_vacuum_notfull_run2_uniform_light_mixed.csv
=== Setting parameter values for extend phase ===
=== Executing the extend phase with extendproportion=1 and other proportions=0 ===
Arrangement completed. Output saved to ../analysis/Data/Workload_data/postgresql_arrayjson_vacuum_notfull_run2_uniform_light_mixed.csv
Size computation started
Extend verification - Min:47600 Max:54800 Avg:53372 (Expected avg per record: ~1000 bytes initially)
Generating histogram from key size log: key_sizes_postgresql_arrayjson_vacuum_notfull_uniform_light_mixed_run2.csv
Histogram written to histogram.txt (BlockSize = 100)
Appending subsequent iteration 37...
Iteration 37: Appended new size values from key_sizes_postgresql_arrayjson_vacuum_notfull_uniform_light_mixed_run2.csv to ../analysis/Data/Value_size_data/value_sizes_postgresql_arrayjson_vacuum_notfull_run2_uniform_light_before_mixed.csv
VACUUM start: 1774628900
VACUUM end: 1774628900
=== Setting parameter values for run phase ===
Checking query plan before run phase
=== Executing the run phase with extendproportion=0 and read/update proportions=0.5 ===
Arrangement completed. Output saved to ../analysis/Data/Workload_data/postgresql_arrayjson_vacuum_notfull_run2_uniform_light_mixed.csv
Arrangement completed. Output saved to ../analysis/Data/Workload_data/postgresql_arrayjson_vacuum_notfull_run2_uniform_light_mixed.csv
Backing up the database started
Backing up the database finished
Arrangement completed. Output saved to ../analysis/Data/Workload_data/postgresql_arrayjson_vacuum_notfull_run2_uniform_light_mixed.csv
Size computation started
Appending subsequent iteration 37...
Iteration 37: Appended new size values from key_sizes_postgresql_arrayjson_vacuum_notfull_uniform_light_mixed_run2.csv to ../analysis/Data/Value_size_data/value_sizes_postgresql_arrayjson_vacuum_notfull_run2_uniform_light_after_mixed.csv
Total size: 53822100, Field length average: 5382
Workload file fieldlength set to: 5382 (expected: 5382)
=== Executing the load phase for the comparison study ===
Comparison-load verification - Epoch:4 Run:7 TotalSize:53820000 ExpectedFieldLength:5382
Avg-run verification - Epoch:4 Run:7 Iteration:37 TotalSize:53820000 ExpectedFieldLength:5382
=== Executing the run phase with extendproportion=0 and read/update proportions=0.5 ===
Arrangement completed. Output saved to ../analysis/Data/Workload_data/postgresql_arrayjson_vacuum_notfull_run2_uniform_light_mixed.csv
=== Setting parameter values for extend phase ===
=== Executing the extend phase with extendproportion=1 and other proportions=0 ===
Arrangement completed. Output saved to ../analysis/Data/Workload_data/postgresql_arrayjson_vacuum_notfull_run2_uniform_light_mixed.csv
Size computation started
Extend verification - Min:48600 Max:56200 Avg:54788 (Expected avg per record: ~1000 bytes initially)
Generating histogram from key size log: key_sizes_postgresql_arrayjson_vacuum_notfull_uniform_light_mixed_run2.csv
Histogram written to histogram.txt (BlockSize = 100)
Appending subsequent iteration 38...
Iteration 38: Appended new size values from key_sizes_postgresql_arrayjson_vacuum_notfull_uniform_light_mixed_run2.csv to ../analysis/Data/Value_size_data/value_sizes_postgresql_arrayjson_vacuum_notfull_run2_uniform_light_before_mixed.csv
VACUUM start: 1774629217
VACUUM end: 1774629218
=== Setting parameter values for run phase ===
Checking query plan before run phase
=== Executing the run phase with extendproportion=0 and read/update proportions=0.5 ===
Arrangement completed. Output saved to ../analysis/Data/Workload_data/postgresql_arrayjson_vacuum_notfull_run2_uniform_light_mixed.csv
Arrangement completed. Output saved to ../analysis/Data/Workload_data/postgresql_arrayjson_vacuum_notfull_run2_uniform_light_mixed.csv
Backing up the database started
Backing up the database finished
Arrangement completed. Output saved to ../analysis/Data/Workload_data/postgresql_arrayjson_vacuum_notfull_run2_uniform_light_mixed.csv
Size computation started
Appending subsequent iteration 38...
Iteration 38: Appended new size values from key_sizes_postgresql_arrayjson_vacuum_notfull_uniform_light_mixed_run2.csv to ../analysis/Data/Value_size_data/value_sizes_postgresql_arrayjson_vacuum_notfull_run2_uniform_light_after_mixed.csv
Total size: 55237000, Field length average: 5523
Workload file fieldlength set to: 5523 (expected: 5523)
=== Executing the load phase for the comparison study ===
Comparison-load verification - Epoch:4 Run:8 TotalSize:55230000 ExpectedFieldLength:5523
Avg-run verification - Epoch:4 Run:8 Iteration:38 TotalSize:55230000 ExpectedFieldLength:5523
=== Executing the run phase with extendproportion=0 and read/update proportions=0.5 ===
Arrangement completed. Output saved to ../analysis/Data/Workload_data/postgresql_arrayjson_vacuum_notfull_run2_uniform_light_mixed.csv
=== Setting parameter values for extend phase ===
=== Executing the extend phase with extendproportion=1 and other proportions=0 ===
Arrangement completed. Output saved to ../analysis/Data/Workload_data/postgresql_arrayjson_vacuum_notfull_run2_uniform_light_mixed.csv
Size computation started
Extend verification - Min:50300 Max:57700 Avg:56229 (Expected avg per record: ~1000 bytes initially)
Generating histogram from key size log: key_sizes_postgresql_arrayjson_vacuum_notfull_uniform_light_mixed_run2.csv
Histogram written to histogram.txt (BlockSize = 100)
Appending subsequent iteration 39...
Iteration 39: Appended new size values from key_sizes_postgresql_arrayjson_vacuum_notfull_uniform_light_mixed_run2.csv to ../analysis/Data/Value_size_data/value_sizes_postgresql_arrayjson_vacuum_notfull_run2_uniform_light_before_mixed.csv
VACUUM start: 1774629537
VACUUM end: 1774629538
=== Setting parameter values for run phase ===
Checking query plan before run phase
=== Executing the run phase with extendproportion=0 and read/update proportions=0.5 ===
Arrangement completed. Output saved to ../analysis/Data/Workload_data/postgresql_arrayjson_vacuum_notfull_run2_uniform_light_mixed.csv
Arrangement completed. Output saved to ../analysis/Data/Workload_data/postgresql_arrayjson_vacuum_notfull_run2_uniform_light_mixed.csv
Backing up the database started
Backing up the database finished
Arrangement completed. Output saved to ../analysis/Data/Workload_data/postgresql_arrayjson_vacuum_notfull_run2_uniform_light_mixed.csv
Size computation started
Appending subsequent iteration 39...
Iteration 39: Appended new size values from key_sizes_postgresql_arrayjson_vacuum_notfull_uniform_light_mixed_run2.csv to ../analysis/Data/Value_size_data/value_sizes_postgresql_arrayjson_vacuum_notfull_run2_uniform_light_after_mixed.csv
Total size: 56675300, Field length average: 5667
Workload file fieldlength set to: 5667 (expected: 5667)
=== Executing the load phase for the comparison study ===
Comparison-load verification - Epoch:4 Run:9 TotalSize:56670000 ExpectedFieldLength:5667
Avg-run verification - Epoch:4 Run:9 Iteration:39 TotalSize:56670000 ExpectedFieldLength:5667
=== Executing the run phase with extendproportion=0 and read/update proportions=0.5 ===
Arrangement completed. Output saved to ../analysis/Data/Workload_data/postgresql_arrayjson_vacuum_notfull_run2_uniform_light_mixed.csv
=== Setting parameter values for extend phase ===
=== Executing the extend phase with extendproportion=1 and other proportions=0 ===
Arrangement completed. Output saved to ../analysis/Data/Workload_data/postgresql_arrayjson_vacuum_notfull_run2_uniform_light_mixed.csv
Size computation started
Extend verification - Min:51600 Max:59200 Avg:57683 (Expected avg per record: ~1000 bytes initially)
Generating histogram from key size log: key_sizes_postgresql_arrayjson_vacuum_notfull_uniform_light_mixed_run2.csv
Histogram written to histogram.txt (BlockSize = 100)
Appending subsequent iteration 40...
Iteration 40: Appended new size values from key_sizes_postgresql_arrayjson_vacuum_notfull_uniform_light_mixed_run2.csv to ../analysis/Data/Value_size_data/value_sizes_postgresql_arrayjson_vacuum_notfull_run2_uniform_light_before_mixed.csv
VACUUM start: 1774629860
VACUUM end: 1774629860
=== Setting parameter values for run phase ===
Checking query plan before run phase
=== Executing the run phase with extendproportion=0 and read/update proportions=0.5 ===
Arrangement completed. Output saved to ../analysis/Data/Workload_data/postgresql_arrayjson_vacuum_notfull_run2_uniform_light_mixed.csv
Arrangement completed. Output saved to ../analysis/Data/Workload_data/postgresql_arrayjson_vacuum_notfull_run2_uniform_light_mixed.csv
Backing up the database started
Backing up the database finished
Arrangement completed. Output saved to ../analysis/Data/Workload_data/postgresql_arrayjson_vacuum_notfull_run2_uniform_light_mixed.csv
Size computation started
Appending subsequent iteration 40...
Iteration 40: Appended new size values from key_sizes_postgresql_arrayjson_vacuum_notfull_uniform_light_mixed_run2.csv to ../analysis/Data/Value_size_data/value_sizes_postgresql_arrayjson_vacuum_notfull_run2_uniform_light_after_mixed.csv
Total size: 58170700, Field length average: 5817
Workload file fieldlength set to: 5817 (expected: 5817)
=== Executing the load phase for the comparison study ===
Comparison-load verification - Epoch:4 Run:10 TotalSize:58170000 ExpectedFieldLength:5817
Avg-run verification - Epoch:4 Run:10 Iteration:40 TotalSize:58170000 ExpectedFieldLength:5817
=== Executing the run phase with extendproportion=0 and read/update proportions=0.5 ===
Arrangement completed. Output saved to ../analysis/Data/Workload_data/postgresql_arrayjson_vacuum_notfull_run2_uniform_light_mixed.csv
=== Setting parameter values for extend phase ===
=== Executing the extend phase with extendproportion=1 and other proportions=0 ===
Arrangement completed. Output saved to ../analysis/Data/Workload_data/postgresql_arrayjson_vacuum_notfull_run2_uniform_light_mixed.csv
Size computation started
Extend verification - Min:53000 Max:60600 Avg:59149 (Expected avg per record: ~1000 bytes initially)
Generating histogram from key size log: key_sizes_postgresql_arrayjson_vacuum_notfull_uniform_light_mixed_run2.csv
Histogram written to histogram.txt (BlockSize = 100)
Appending subsequent iteration 41...
Iteration 41: Appended new size values from key_sizes_postgresql_arrayjson_vacuum_notfull_uniform_light_mixed_run2.csv to ../analysis/Data/Value_size_data/value_sizes_postgresql_arrayjson_vacuum_notfull_run2_uniform_light_before_mixed.csv
VACUUM start: 1774630181
VACUUM end: 1774630181
=== Setting parameter values for run phase ===
Checking query plan before run phase
=== Executing the run phase with extendproportion=0 and read/update proportions=0.5 ===
Arrangement completed. Output saved to ../analysis/Data/Workload_data/postgresql_arrayjson_vacuum_notfull_run2_uniform_light_mixed.csv
Arrangement completed. Output saved to ../analysis/Data/Workload_data/postgresql_arrayjson_vacuum_notfull_run2_uniform_light_mixed.csv
Backing up the database started
Backing up the database finished
Arrangement completed. Output saved to ../analysis/Data/Workload_data/postgresql_arrayjson_vacuum_notfull_run2_uniform_light_mixed.csv
Size computation started
Appending subsequent iteration 41...
Iteration 41: Appended new size values from key_sizes_postgresql_arrayjson_vacuum_notfull_uniform_light_mixed_run2.csv to ../analysis/Data/Value_size_data/value_sizes_postgresql_arrayjson_vacuum_notfull_run2_uniform_light_after_mixed.csv
Total size: 59655200, Field length average: 5965
Workload file fieldlength set to: 5965 (expected: 5965)
=== Executing the load phase for the comparison study ===
Comparison-load verification - Epoch:5 Run:1 TotalSize:59650000 ExpectedFieldLength:5965
Avg-run verification - Epoch:5 Run:1 Iteration:41 TotalSize:59650000 ExpectedFieldLength:5965
=== Executing the run phase with extendproportion=0 and read/update proportions=0.5 ===
Arrangement completed. Output saved to ../analysis/Data/Workload_data/postgresql_arrayjson_vacuum_notfull_run2_uniform_light_mixed.csv
=== Setting parameter values for extend phase ===
=== Executing the extend phase with extendproportion=1 and other proportions=0 ===
Arrangement completed. Output saved to ../analysis/Data/Workload_data/postgresql_arrayjson_vacuum_notfull_run2_uniform_light_mixed.csv
Size computation started
Extend verification - Min:54000 Max:62000 Avg:60619 (Expected avg per record: ~1000 bytes initially)
Generating histogram from key size log: key_sizes_postgresql_arrayjson_vacuum_notfull_uniform_light_mixed_run2.csv
Histogram written to histogram.txt (BlockSize = 100)
Appending subsequent iteration 42...
Iteration 42: Appended new size values from key_sizes_postgresql_arrayjson_vacuum_notfull_uniform_light_mixed_run2.csv to ../analysis/Data/Value_size_data/value_sizes_postgresql_arrayjson_vacuum_notfull_run2_uniform_light_before_mixed.csv
VACUUM start: 1774630508
VACUUM end: 1774630508
=== Setting parameter values for run phase ===
Checking query plan before run phase
=== Executing the run phase with extendproportion=0 and read/update proportions=0.5 ===
Arrangement completed. Output saved to ../analysis/Data/Workload_data/postgresql_arrayjson_vacuum_notfull_run2_uniform_light_mixed.csv
Arrangement completed. Output saved to ../analysis/Data/Workload_data/postgresql_arrayjson_vacuum_notfull_run2_uniform_light_mixed.csv
Backing up the database started
Backing up the database finished
Arrangement completed. Output saved to ../analysis/Data/Workload_data/postgresql_arrayjson_vacuum_notfull_run2_uniform_light_mixed.csv
Size computation started
Appending subsequent iteration 42...
Iteration 42: Appended new size values from key_sizes_postgresql_arrayjson_vacuum_notfull_uniform_light_mixed_run2.csv to ../analysis/Data/Value_size_data/value_sizes_postgresql_arrayjson_vacuum_notfull_run2_uniform_light_after_mixed.csv
Total size: 61098400, Field length average: 6109
Workload file fieldlength set to: 6109 (expected: 6109)
=== Executing the load phase for the comparison study ===
Comparison-load verification - Epoch:5 Run:2 TotalSize:61090000 ExpectedFieldLength:6109
Avg-run verification - Epoch:5 Run:2 Iteration:42 TotalSize:61090000 ExpectedFieldLength:6109
=== Executing the run phase with extendproportion=0 and read/update proportions=0.5 ===
Arrangement completed. Output saved to ../analysis/Data/Workload_data/postgresql_arrayjson_vacuum_notfull_run2_uniform_light_mixed.csv
=== Setting parameter values for extend phase ===
=== Executing the extend phase with extendproportion=1 and other proportions=0 ===
Arrangement completed. Output saved to ../analysis/Data/Workload_data/postgresql_arrayjson_vacuum_notfull_run2_uniform_light_mixed.csv
Size computation started
Extend verification - Min:55500 Max:63500 Avg:62080 (Expected avg per record: ~1000 bytes initially)
Generating histogram from key size log: key_sizes_postgresql_arrayjson_vacuum_notfull_uniform_light_mixed_run2.csv
Histogram written to histogram.txt (BlockSize = 100)
Appending subsequent iteration 43...
Iteration 43: Appended new size values from key_sizes_postgresql_arrayjson_vacuum_notfull_uniform_light_mixed_run2.csv to ../analysis/Data/Value_size_data/value_sizes_postgresql_arrayjson_vacuum_notfull_run2_uniform_light_before_mixed.csv
VACUUM start: 1774630839
VACUUM end: 1774630840
=== Setting parameter values for run phase ===
Checking query plan before run phase
=== Executing the run phase with extendproportion=0 and read/update proportions=0.5 ===
Arrangement completed. Output saved to ../analysis/Data/Workload_data/postgresql_arrayjson_vacuum_notfull_run2_uniform_light_mixed.csv
Arrangement completed. Output saved to ../analysis/Data/Workload_data/postgresql_arrayjson_vacuum_notfull_run2_uniform_light_mixed.csv
Backing up the database started
Backing up the database finished
Arrangement completed. Output saved to ../analysis/Data/Workload_data/postgresql_arrayjson_vacuum_notfull_run2_uniform_light_mixed.csv
Size computation started
Appending subsequent iteration 43...
Iteration 43: Appended new size values from key_sizes_postgresql_arrayjson_vacuum_notfull_uniform_light_mixed_run2.csv to ../analysis/Data/Value_size_data/value_sizes_postgresql_arrayjson_vacuum_notfull_run2_uniform_light_after_mixed.csv
Total size: 62559900, Field length average: 6255
Workload file fieldlength set to: 6255 (expected: 6255)
=== Executing the load phase for the comparison study ===
Comparison-load verification - Epoch:5 Run:3 TotalSize:62550000 ExpectedFieldLength:6255
Avg-run verification - Epoch:5 Run:3 Iteration:43 TotalSize:62550000 ExpectedFieldLength:6255
=== Executing the run phase with extendproportion=0 and read/update proportions=0.5 ===
Arrangement completed. Output saved to ../analysis/Data/Workload_data/postgresql_arrayjson_vacuum_notfull_run2_uniform_light_mixed.csv
=== Setting parameter values for extend phase ===
=== Executing the extend phase with extendproportion=1 and other proportions=0 ===
Arrangement completed. Output saved to ../analysis/Data/Workload_data/postgresql_arrayjson_vacuum_notfull_run2_uniform_light_mixed.csv
Size computation started
Extend verification - Min:56900 Max:64900 Avg:63586 (Expected avg per record: ~1000 bytes initially)
Generating histogram from key size log: key_sizes_postgresql_arrayjson_vacuum_notfull_uniform_light_mixed_run2.csv
Histogram written to histogram.txt (BlockSize = 100)
Appending subsequent iteration 44...
Iteration 44: Appended new size values from key_sizes_postgresql_arrayjson_vacuum_notfull_uniform_light_mixed_run2.csv to ../analysis/Data/Value_size_data/value_sizes_postgresql_arrayjson_vacuum_notfull_run2_uniform_light_before_mixed.csv
VACUUM start: 1774631176
VACUUM end: 1774631177
=== Setting parameter values for run phase ===
Checking query plan before run phase
=== Executing the run phase with extendproportion=0 and read/update proportions=0.5 ===
Arrangement completed. Output saved to ../analysis/Data/Workload_data/postgresql_arrayjson_vacuum_notfull_run2_uniform_light_mixed.csv
Arrangement completed. Output saved to ../analysis/Data/Workload_data/postgresql_arrayjson_vacuum_notfull_run2_uniform_light_mixed.csv
Backing up the database started
Backing up the database finished
Arrangement completed. Output saved to ../analysis/Data/Workload_data/postgresql_arrayjson_vacuum_notfull_run2_uniform_light_mixed.csv
Size computation started
Appending subsequent iteration 44...
Iteration 44: Appended new size values from key_sizes_postgresql_arrayjson_vacuum_notfull_uniform_light_mixed_run2.csv to ../analysis/Data/Value_size_data/value_sizes_postgresql_arrayjson_vacuum_notfull_run2_uniform_light_after_mixed.csv
Total size: 63870400, Field length average: 6387
Workload file fieldlength set to: 6387 (expected: 6387)
=== Executing the load phase for the comparison study ===
Comparison-load verification - Epoch:5 Run:4 TotalSize:63870000 ExpectedFieldLength:6387
Avg-run verification - Epoch:5 Run:4 Iteration:44 TotalSize:63870000 ExpectedFieldLength:6387
=== Executing the run phase with extendproportion=0 and read/update proportions=0.5 ===
Arrangement completed. Output saved to ../analysis/Data/Workload_data/postgresql_arrayjson_vacuum_notfull_run2_uniform_light_mixed.csv
=== Setting parameter values for extend phase ===
=== Executing the extend phase with extendproportion=1 and other proportions=0 ===
Arrangement completed. Output saved to ../analysis/Data/Workload_data/postgresql_arrayjson_vacuum_notfull_run2_uniform_light_mixed.csv
Size computation started
Extend verification - Min:58100 Max:66200 Avg:64876 (Expected avg per record: ~1000 bytes initially)
Generating histogram from key size log: key_sizes_postgresql_arrayjson_vacuum_notfull_uniform_light_mixed_run2.csv
Histogram written to histogram.txt (BlockSize = 100)
Appending subsequent iteration 45...
Iteration 45: Appended new size values from key_sizes_postgresql_arrayjson_vacuum_notfull_uniform_light_mixed_run2.csv to ../analysis/Data/Value_size_data/value_sizes_postgresql_arrayjson_vacuum_notfull_run2_uniform_light_before_mixed.csv
VACUUM start: 1774631512
VACUUM end: 1774631512
=== Setting parameter values for run phase ===
Checking query plan before run phase
=== Executing the run phase with extendproportion=0 and read/update proportions=0.5 ===
Arrangement completed. Output saved to ../analysis/Data/Workload_data/postgresql_arrayjson_vacuum_notfull_run2_uniform_light_mixed.csv
Arrangement completed. Output saved to ../analysis/Data/Workload_data/postgresql_arrayjson_vacuum_notfull_run2_uniform_light_mixed.csv
Backing up the database started
Backing up the database finished
Arrangement completed. Output saved to ../analysis/Data/Workload_data/postgresql_arrayjson_vacuum_notfull_run2_uniform_light_mixed.csv
Size computation started
Appending subsequent iteration 45...
Iteration 45: Appended new size values from key_sizes_postgresql_arrayjson_vacuum_notfull_uniform_light_mixed_run2.csv to ../analysis/Data/Value_size_data/value_sizes_postgresql_arrayjson_vacuum_notfull_run2_uniform_light_after_mixed.csv
Total size: 65312800, Field length average: 6531
Workload file fieldlength set to: 6531 (expected: 6531)
=== Executing the load phase for the comparison study ===
Comparison-load verification - Epoch:5 Run:5 TotalSize:65310000 ExpectedFieldLength:6531
Avg-run verification - Epoch:5 Run:5 Iteration:45 TotalSize:65310000 ExpectedFieldLength:6531
=== Executing the run phase with extendproportion=0 and read/update proportions=0.5 ===
Arrangement completed. Output saved to ../analysis/Data/Workload_data/postgresql_arrayjson_vacuum_notfull_run2_uniform_light_mixed.csv
=== Setting parameter values for extend phase ===
=== Executing the extend phase with extendproportion=1 and other proportions=0 ===
Arrangement completed. Output saved to ../analysis/Data/Workload_data/postgresql_arrayjson_vacuum_notfull_run2_uniform_light_mixed.csv
Size computation started
Extend verification - Min:58800 Max:67900 Avg:66345 (Expected avg per record: ~1000 bytes initially)
Generating histogram from key size log: key_sizes_postgresql_arrayjson_vacuum_notfull_uniform_light_mixed_run2.csv
Histogram written to histogram.txt (BlockSize = 100)
Appending subsequent iteration 46...
Iteration 46: Appended new size values from key_sizes_postgresql_arrayjson_vacuum_notfull_uniform_light_mixed_run2.csv to ../analysis/Data/Value_size_data/value_sizes_postgresql_arrayjson_vacuum_notfull_run2_uniform_light_before_mixed.csv
VACUUM start: 1774631855
VACUUM end: 1774631856
=== Setting parameter values for run phase ===
Checking query plan before run phase
=== Executing the run phase with extendproportion=0 and read/update proportions=0.5 ===
Arrangement completed. Output saved to ../analysis/Data/Workload_data/postgresql_arrayjson_vacuum_notfull_run2_uniform_light_mixed.csv
Arrangement completed. Output saved to ../analysis/Data/Workload_data/postgresql_arrayjson_vacuum_notfull_run2_uniform_light_mixed.csv
Backing up the database started
Backing up the database finished
Arrangement completed. Output saved to ../analysis/Data/Workload_data/postgresql_arrayjson_vacuum_notfull_run2_uniform_light_mixed.csv
Size computation started
Appending subsequent iteration 46...
Iteration 46: Appended new size values from key_sizes_postgresql_arrayjson_vacuum_notfull_uniform_light_mixed_run2.csv to ../analysis/Data/Value_size_data/value_sizes_postgresql_arrayjson_vacuum_notfull_run2_uniform_light_after_mixed.csv
Total size: 66773800, Field length average: 6677
Workload file fieldlength set to: 6677 (expected: 6677)
=== Executing the load phase for the comparison study ===
Comparison-load verification - Epoch:5 Run:6 TotalSize:66770000 ExpectedFieldLength:6677
Avg-run verification - Epoch:5 Run:6 Iteration:46 TotalSize:66770000 ExpectedFieldLength:6677
=== Executing the run phase with extendproportion=0 and read/update proportions=0.5 ===
Arrangement completed. Output saved to ../analysis/Data/Workload_data/postgresql_arrayjson_vacuum_notfull_run2_uniform_light_mixed.csv
=== Setting parameter values for extend phase ===
=== Executing the extend phase with extendproportion=1 and other proportions=0 ===
Arrangement completed. Output saved to ../analysis/Data/Workload_data/postgresql_arrayjson_vacuum_notfull_run2_uniform_light_mixed.csv
Size computation started
Extend verification - Min:60700 Max:69300 Avg:67816 (Expected avg per record: ~1000 bytes initially)
Generating histogram from key size log: key_sizes_postgresql_arrayjson_vacuum_notfull_uniform_light_mixed_run2.csv
Histogram written to histogram.txt (BlockSize = 100)
Appending subsequent iteration 47...
Iteration 47: Appended new size values from key_sizes_postgresql_arrayjson_vacuum_notfull_uniform_light_mixed_run2.csv to ../analysis/Data/Value_size_data/value_sizes_postgresql_arrayjson_vacuum_notfull_run2_uniform_light_before_mixed.csv
VACUUM start: 1774632196
VACUUM end: 1774632198
=== Setting parameter values for run phase ===
Checking query plan before run phase
=== Executing the run phase with extendproportion=0 and read/update proportions=0.5 ===
Arrangement completed. Output saved to ../analysis/Data/Workload_data/postgresql_arrayjson_vacuum_notfull_run2_uniform_light_mixed.csv
Arrangement completed. Output saved to ../analysis/Data/Workload_data/postgresql_arrayjson_vacuum_notfull_run2_uniform_light_mixed.csv
Backing up the database started
Backing up the database finished
Arrangement completed. Output saved to ../analysis/Data/Workload_data/postgresql_arrayjson_vacuum_notfull_run2_uniform_light_mixed.csv
Size computation started
Appending subsequent iteration 47...
Iteration 47: Appended new size values from key_sizes_postgresql_arrayjson_vacuum_notfull_uniform_light_mixed_run2.csv to ../analysis/Data/Value_size_data/value_sizes_postgresql_arrayjson_vacuum_notfull_run2_uniform_light_after_mixed.csv
Total size: 68308000, Field length average: 6830
Workload file fieldlength set to: 6830 (expected: 6830)
=== Executing the load phase for the comparison study ===
Comparison-load verification - Epoch:5 Run:7 TotalSize:68300000 ExpectedFieldLength:6830
Avg-run verification - Epoch:5 Run:7 Iteration:47 TotalSize:68300000 ExpectedFieldLength:6830
=== Executing the run phase with extendproportion=0 and read/update proportions=0.5 ===
Arrangement completed. Output saved to ../analysis/Data/Workload_data/postgresql_arrayjson_vacuum_notfull_run2_uniform_light_mixed.csv
=== Setting parameter values for extend phase ===
=== Executing the extend phase with extendproportion=1 and other proportions=0 ===
Arrangement completed. Output saved to ../analysis/Data/Workload_data/postgresql_arrayjson_vacuum_notfull_run2_uniform_light_mixed.csv
Size computation started
Extend verification - Min:62300 Max:70500 Avg:69278 (Expected avg per record: ~1000 bytes initially)
Generating histogram from key size log: key_sizes_postgresql_arrayjson_vacuum_notfull_uniform_light_mixed_run2.csv
Histogram written to histogram.txt (BlockSize = 100)
Appending subsequent iteration 48...
Iteration 48: Appended new size values from key_sizes_postgresql_arrayjson_vacuum_notfull_uniform_light_mixed_run2.csv to ../analysis/Data/Value_size_data/value_sizes_postgresql_arrayjson_vacuum_notfull_run2_uniform_light_before_mixed.csv
VACUUM start: 1774632542
VACUUM end: 1774632542
=== Setting parameter values for run phase ===
Checking query plan before run phase
=== Executing the run phase with extendproportion=0 and read/update proportions=0.5 ===
Arrangement completed. Output saved to ../analysis/Data/Workload_data/postgresql_arrayjson_vacuum_notfull_run2_uniform_light_mixed.csv
Arrangement completed. Output saved to ../analysis/Data/Workload_data/postgresql_arrayjson_vacuum_notfull_run2_uniform_light_mixed.csv
Backing up the database started
Backing up the database finished
Arrangement completed. Output saved to ../analysis/Data/Workload_data/postgresql_arrayjson_vacuum_notfull_run2_uniform_light_mixed.csv
Size computation started
Appending subsequent iteration 48...
Iteration 48: Appended new size values from key_sizes_postgresql_arrayjson_vacuum_notfull_uniform_light_mixed_run2.csv to ../analysis/Data/Value_size_data/value_sizes_postgresql_arrayjson_vacuum_notfull_run2_uniform_light_after_mixed.csv
Total size: 69740500, Field length average: 6974
Workload file fieldlength set to: 6974 (expected: 6974)
=== Executing the load phase for the comparison study ===
Comparison-load verification - Epoch:5 Run:8 TotalSize:69740000 ExpectedFieldLength:6974
Avg-run verification - Epoch:5 Run:8 Iteration:48 TotalSize:69740000 ExpectedFieldLength:6974
=== Executing the run phase with extendproportion=0 and read/update proportions=0.5 ===
Arrangement completed. Output saved to ../analysis/Data/Workload_data/postgresql_arrayjson_vacuum_notfull_run2_uniform_light_mixed.csv
=== Setting parameter values for extend phase ===
=== Executing the extend phase with extendproportion=1 and other proportions=0 ===
Arrangement completed. Output saved to ../analysis/Data/Workload_data/postgresql_arrayjson_vacuum_notfull_run2_uniform_light_mixed.csv
Size computation started
Extend verification - Min:63300 Max:72000 Avg:70732 (Expected avg per record: ~1000 bytes initially)
Generating histogram from key size log: key_sizes_postgresql_arrayjson_vacuum_notfull_uniform_light_mixed_run2.csv
Histogram written to histogram.txt (BlockSize = 100)
Appending subsequent iteration 49...
Iteration 49: Appended new size values from key_sizes_postgresql_arrayjson_vacuum_notfull_uniform_light_mixed_run2.csv to ../analysis/Data/Value_size_data/value_sizes_postgresql_arrayjson_vacuum_notfull_run2_uniform_light_before_mixed.csv
VACUUM start: 1774632886
VACUUM end: 1774632888
=== Setting parameter values for run phase ===
Checking query plan before run phase
=== Executing the run phase with extendproportion=0 and read/update proportions=0.5 ===
Arrangement completed. Output saved to ../analysis/Data/Workload_data/postgresql_arrayjson_vacuum_notfull_run2_uniform_light_mixed.csv
Arrangement completed. Output saved to ../analysis/Data/Workload_data/postgresql_arrayjson_vacuum_notfull_run2_uniform_light_mixed.csv
Backing up the database started
Backing up the database finished
Arrangement completed. Output saved to ../analysis/Data/Workload_data/postgresql_arrayjson_vacuum_notfull_run2_uniform_light_mixed.csv
Size computation started
Appending subsequent iteration 49...
Iteration 49: Appended new size values from key_sizes_postgresql_arrayjson_vacuum_notfull_uniform_light_mixed_run2.csv to ../analysis/Data/Value_size_data/value_sizes_postgresql_arrayjson_vacuum_notfull_run2_uniform_light_after_mixed.csv
Total size: 71189100, Field length average: 7118
Workload file fieldlength set to: 7118 (expected: 7118)
=== Executing the load phase for the comparison study ===
Comparison-load verification - Epoch:5 Run:9 TotalSize:71180000 ExpectedFieldLength:7118
Avg-run verification - Epoch:5 Run:9 Iteration:49 TotalSize:71180000 ExpectedFieldLength:7118
=== Executing the run phase with extendproportion=0 and read/update proportions=0.5 ===
Arrangement completed. Output saved to ../analysis/Data/Workload_data/postgresql_arrayjson_vacuum_notfull_run2_uniform_light_mixed.csv
=== Setting parameter values for extend phase ===
=== Executing the extend phase with extendproportion=1 and other proportions=0 ===
Arrangement completed. Output saved to ../analysis/Data/Workload_data/postgresql_arrayjson_vacuum_notfull_run2_uniform_light_mixed.csv
Size computation started
Extend verification - Min:64100 Max:73700 Avg:72158 (Expected avg per record: ~1000 bytes initially)
Generating histogram from key size log: key_sizes_postgresql_arrayjson_vacuum_notfull_uniform_light_mixed_run2.csv
Histogram written to histogram.txt (BlockSize = 100)
Appending subsequent iteration 50...
Iteration 50: Appended new size values from key_sizes_postgresql_arrayjson_vacuum_notfull_uniform_light_mixed_run2.csv to ../analysis/Data/Value_size_data/value_sizes_postgresql_arrayjson_vacuum_notfull_run2_uniform_light_before_mixed.csv
VACUUM start: 1774633228
VACUUM end: 1774633229
=== Setting parameter values for run phase ===
Checking query plan before run phase
=== Executing the run phase with extendproportion=0 and read/update proportions=0.5 ===
Arrangement completed. Output saved to ../analysis/Data/Workload_data/postgresql_arrayjson_vacuum_notfull_run2_uniform_light_mixed.csv
Arrangement completed. Output saved to ../analysis/Data/Workload_data/postgresql_arrayjson_vacuum_notfull_run2_uniform_light_mixed.csv
Backing up the database started
Backing up the database finished
Arrangement completed. Output saved to ../analysis/Data/Workload_data/postgresql_arrayjson_vacuum_notfull_run2_uniform_light_mixed.csv
Size computation started
Appending subsequent iteration 50...
Iteration 50: Appended new size values from key_sizes_postgresql_arrayjson_vacuum_notfull_uniform_light_mixed_run2.csv to ../analysis/Data/Value_size_data/value_sizes_postgresql_arrayjson_vacuum_notfull_run2_uniform_light_after_mixed.csv
Total size: 72642600, Field length average: 7264
Workload file fieldlength set to: 7264 (expected: 7264)
=== Executing the load phase for the comparison study ===
Comparison-load verification - Epoch:5 Run:10 TotalSize:72640000 ExpectedFieldLength:7264
Avg-run verification - Epoch:5 Run:10 Iteration:50 TotalSize:72640000 ExpectedFieldLength:7264
=== Executing the run phase with extendproportion=0 and read/update proportions=0.5 ===
Arrangement completed. Output saved to ../analysis/Data/Workload_data/postgresql_arrayjson_vacuum_notfull_run2_uniform_light_mixed.csv
=== Setting parameter values for extend phase ===
=== Executing the extend phase with extendproportion=1 and other proportions=0 ===
Arrangement completed. Output saved to ../analysis/Data/Workload_data/postgresql_arrayjson_vacuum_notfull_run2_uniform_light_mixed.csv
Size computation started
Extend verification - Min:66000 Max:75200 Avg:73658 (Expected avg per record: ~1000 bytes initially)
Generating histogram from key size log: key_sizes_postgresql_arrayjson_vacuum_notfull_uniform_light_mixed_run2.csv
Histogram written to histogram.txt (BlockSize = 100)
Appending subsequent iteration 51...
Iteration 51: Appended new size values from key_sizes_postgresql_arrayjson_vacuum_notfull_uniform_light_mixed_run2.csv to ../analysis/Data/Value_size_data/value_sizes_postgresql_arrayjson_vacuum_notfull_run2_uniform_light_before_mixed.csv
VACUUM start: 1774633573
VACUUM end: 1774633573
=== Setting parameter values for run phase ===
Checking query plan before run phase
=== Executing the run phase with extendproportion=0 and read/update proportions=0.5 ===
Arrangement completed. Output saved to ../analysis/Data/Workload_data/postgresql_arrayjson_vacuum_notfull_run2_uniform_light_mixed.csv
Arrangement completed. Output saved to ../analysis/Data/Workload_data/postgresql_arrayjson_vacuum_notfull_run2_uniform_light_mixed.csv
Backing up the database started
Backing up the database finished
Arrangement completed. Output saved to ../analysis/Data/Workload_data/postgresql_arrayjson_vacuum_notfull_run2_uniform_light_mixed.csv
Size computation started
Appending subsequent iteration 51...
Iteration 51: Appended new size values from key_sizes_postgresql_arrayjson_vacuum_notfull_uniform_light_mixed_run2.csv to ../analysis/Data/Value_size_data/value_sizes_postgresql_arrayjson_vacuum_notfull_run2_uniform_light_after_mixed.csv
Total size: 74071600, Field length average: 7407
Workload file fieldlength set to: 7407 (expected: 7407)
=== Executing the load phase for the comparison study ===
Comparison-load verification - Epoch:6 Run:1 TotalSize:74070000 ExpectedFieldLength:7407
Avg-run verification - Epoch:6 Run:1 Iteration:51 TotalSize:74070000 ExpectedFieldLength:7407
=== Executing the run phase with extendproportion=0 and read/update proportions=0.5 ===
Arrangement completed. Output saved to ../analysis/Data/Workload_data/postgresql_arrayjson_vacuum_notfull_run2_uniform_light_mixed.csv
=== Setting parameter values for extend phase ===
=== Executing the extend phase with extendproportion=1 and other proportions=0 ===
Arrangement completed. Output saved to ../analysis/Data/Workload_data/postgresql_arrayjson_vacuum_notfull_run2_uniform_light_mixed.csv
Size computation started
Extend verification - Min:67300 Max:76500 Avg:75063 (Expected avg per record: ~1000 bytes initially)
Generating histogram from key size log: key_sizes_postgresql_arrayjson_vacuum_notfull_uniform_light_mixed_run2.csv
Histogram written to histogram.txt (BlockSize = 100)
Appending subsequent iteration 52...
Iteration 52: Appended new size values from key_sizes_postgresql_arrayjson_vacuum_notfull_uniform_light_mixed_run2.csv to ../analysis/Data/Value_size_data/value_sizes_postgresql_arrayjson_vacuum_notfull_run2_uniform_light_before_mixed.csv
VACUUM start: 1774633919
VACUUM end: 1774633920
=== Setting parameter values for run phase ===
Checking query plan before run phase
=== Executing the run phase with extendproportion=0 and read/update proportions=0.5 ===
Arrangement completed. Output saved to ../analysis/Data/Workload_data/postgresql_arrayjson_vacuum_notfull_run2_uniform_light_mixed.csv
Arrangement completed. Output saved to ../analysis/Data/Workload_data/postgresql_arrayjson_vacuum_notfull_run2_uniform_light_mixed.csv
Backing up the database started
Backing up the database finished
Arrangement completed. Output saved to ../analysis/Data/Workload_data/postgresql_arrayjson_vacuum_notfull_run2_uniform_light_mixed.csv
Size computation started
Appending subsequent iteration 52...
Iteration 52: Appended new size values from key_sizes_postgresql_arrayjson_vacuum_notfull_uniform_light_mixed_run2.csv to ../analysis/Data/Value_size_data/value_sizes_postgresql_arrayjson_vacuum_notfull_run2_uniform_light_after_mixed.csv
Total size: 75533500, Field length average: 7553
Workload file fieldlength set to: 7553 (expected: 7553)
=== Executing the load phase for the comparison study ===
Comparison-load verification - Epoch:6 Run:2 TotalSize:75530000 ExpectedFieldLength:7553
Avg-run verification - Epoch:6 Run:2 Iteration:52 TotalSize:75530000 ExpectedFieldLength:7553
=== Executing the run phase with extendproportion=0 and read/update proportions=0.5 ===
Arrangement completed. Output saved to ../analysis/Data/Workload_data/postgresql_arrayjson_vacuum_notfull_run2_uniform_light_mixed.csv
=== Setting parameter values for extend phase ===
=== Executing the extend phase with extendproportion=1 and other proportions=0 ===
Arrangement completed. Output saved to ../analysis/Data/Workload_data/postgresql_arrayjson_vacuum_notfull_run2_uniform_light_mixed.csv
Size computation started
Extend verification - Min:68600 Max:78000 Avg:76521 (Expected avg per record: ~1000 bytes initially)
Generating histogram from key size log: key_sizes_postgresql_arrayjson_vacuum_notfull_uniform_light_mixed_run2.csv
Histogram written to histogram.txt (BlockSize = 100)
Appending subsequent iteration 53...
Iteration 53: Appended new size values from key_sizes_postgresql_arrayjson_vacuum_notfull_uniform_light_mixed_run2.csv to ../analysis/Data/Value_size_data/value_sizes_postgresql_arrayjson_vacuum_notfull_run2_uniform_light_before_mixed.csv
VACUUM start: 1774634262
VACUUM end: 1774634263
=== Setting parameter values for run phase ===
Checking query plan before run phase
=== Executing the run phase with extendproportion=0 and read/update proportions=0.5 ===
Arrangement completed. Output saved to ../analysis/Data/Workload_data/postgresql_arrayjson_vacuum_notfull_run2_uniform_light_mixed.csv
Arrangement completed. Output saved to ../analysis/Data/Workload_data/postgresql_arrayjson_vacuum_notfull_run2_uniform_light_mixed.csv
Backing up the database started
Backing up the database finished
Arrangement completed. Output saved to ../analysis/Data/Workload_data/postgresql_arrayjson_vacuum_notfull_run2_uniform_light_mixed.csv
Size computation started
Appending subsequent iteration 53...
Iteration 53: Appended new size values from key_sizes_postgresql_arrayjson_vacuum_notfull_uniform_light_mixed_run2.csv to ../analysis/Data/Value_size_data/value_sizes_postgresql_arrayjson_vacuum_notfull_run2_uniform_light_after_mixed.csv
Total size: 76950100, Field length average: 7695
Workload file fieldlength set to: 7695 (expected: 7695)
=== Executing the load phase for the comparison study ===
Comparison-load verification - Epoch:6 Run:3 TotalSize:76950000 ExpectedFieldLength:7695
Avg-run verification - Epoch:6 Run:3 Iteration:53 TotalSize:76950000 ExpectedFieldLength:7695
=== Executing the run phase with extendproportion=0 and read/update proportions=0.5 ===
Arrangement completed. Output saved to ../analysis/Data/Workload_data/postgresql_arrayjson_vacuum_notfull_run2_uniform_light_mixed.csv
=== Setting parameter values for extend phase ===
=== Executing the extend phase with extendproportion=1 and other proportions=0 ===
Arrangement completed. Output saved to ../analysis/Data/Workload_data/postgresql_arrayjson_vacuum_notfull_run2_uniform_light_mixed.csv
Size computation started
Extend verification - Min:69900 Max:79600 Avg:77927 (Expected avg per record: ~1000 bytes initially)
Generating histogram from key size log: key_sizes_postgresql_arrayjson_vacuum_notfull_uniform_light_mixed_run2.csv
Histogram written to histogram.txt (BlockSize = 100)
Appending subsequent iteration 54...
Iteration 54: Appended new size values from key_sizes_postgresql_arrayjson_vacuum_notfull_uniform_light_mixed_run2.csv to ../analysis/Data/Value_size_data/value_sizes_postgresql_arrayjson_vacuum_notfull_run2_uniform_light_before_mixed.csv
VACUUM start: 1774634611
VACUUM end: 1774634612
=== Setting parameter values for run phase ===
Checking query plan before run phase
=== Executing the run phase with extendproportion=0 and read/update proportions=0.5 ===
Arrangement completed. Output saved to ../analysis/Data/Workload_data/postgresql_arrayjson_vacuum_notfull_run2_uniform_light_mixed.csv
Arrangement completed. Output saved to ../analysis/Data/Workload_data/postgresql_arrayjson_vacuum_notfull_run2_uniform_light_mixed.csv
Backing up the database started
Backing up the database finished
Arrangement completed. Output saved to ../analysis/Data/Workload_data/postgresql_arrayjson_vacuum_notfull_run2_uniform_light_mixed.csv
Size computation started
Appending subsequent iteration 54...
Iteration 54: Appended new size values from key_sizes_postgresql_arrayjson_vacuum_notfull_uniform_light_mixed_run2.csv to ../analysis/Data/Value_size_data/value_sizes_postgresql_arrayjson_vacuum_notfull_run2_uniform_light_after_mixed.csv
Total size: 78347600, Field length average: 7834
Workload file fieldlength set to: 7834 (expected: 7834)
=== Executing the load phase for the comparison study ===
Comparison-load verification - Epoch:6 Run:4 TotalSize:78340000 ExpectedFieldLength:7834
Avg-run verification - Epoch:6 Run:4 Iteration:54 TotalSize:78340000 ExpectedFieldLength:7834
=== Executing the run phase with extendproportion=0 and read/update proportions=0.5 ===
Arrangement completed. Output saved to ../analysis/Data/Workload_data/postgresql_arrayjson_vacuum_notfull_run2_uniform_light_mixed.csv
=== Setting parameter values for extend phase ===
=== Executing the extend phase with extendproportion=1 and other proportions=0 ===
Arrangement completed. Output saved to ../analysis/Data/Workload_data/postgresql_arrayjson_vacuum_notfull_run2_uniform_light_mixed.csv
Size computation started
Extend verification - Min:70400 Max:80800 Avg:79407 (Expected avg per record: ~1000 bytes initially)
Generating histogram from key size log: key_sizes_postgresql_arrayjson_vacuum_notfull_uniform_light_mixed_run2.csv
Histogram written to histogram.txt (BlockSize = 100)
Appending subsequent iteration 55...
Iteration 55: Appended new size values from key_sizes_postgresql_arrayjson_vacuum_notfull_uniform_light_mixed_run2.csv to ../analysis/Data/Value_size_data/value_sizes_postgresql_arrayjson_vacuum_notfull_run2_uniform_light_before_mixed.csv
VACUUM start: 1774634957
VACUUM end: 1774634959
=== Setting parameter values for run phase ===
Checking query plan before run phase
=== Executing the run phase with extendproportion=0 and read/update proportions=0.5 ===
Arrangement completed. Output saved to ../analysis/Data/Workload_data/postgresql_arrayjson_vacuum_notfull_run2_uniform_light_mixed.csv
Arrangement completed. Output saved to ../analysis/Data/Workload_data/postgresql_arrayjson_vacuum_notfull_run2_uniform_light_mixed.csv
Backing up the database started
Backing up the database finished
Arrangement completed. Output saved to ../analysis/Data/Workload_data/postgresql_arrayjson_vacuum_notfull_run2_uniform_light_mixed.csv
Size computation started
Appending subsequent iteration 55...
Iteration 55: Appended new size values from key_sizes_postgresql_arrayjson_vacuum_notfull_uniform_light_mixed_run2.csv to ../analysis/Data/Value_size_data/value_sizes_postgresql_arrayjson_vacuum_notfull_run2_uniform_light_after_mixed.csv
Total size: 79767500, Field length average: 7976
Workload file fieldlength set to: 7976 (expected: 7976)
=== Executing the load phase for the comparison study ===
Comparison-load verification - Epoch:6 Run:5 TotalSize:79760000 ExpectedFieldLength:7976
Avg-run verification - Epoch:6 Run:5 Iteration:55 TotalSize:79760000 ExpectedFieldLength:7976
=== Executing the run phase with extendproportion=0 and read/update proportions=0.5 ===
Arrangement completed. Output saved to ../analysis/Data/Workload_data/postgresql_arrayjson_vacuum_notfull_run2_uniform_light_mixed.csv
=== Setting parameter values for extend phase ===
=== Executing the extend phase with extendproportion=1 and other proportions=0 ===
Arrangement completed. Output saved to ../analysis/Data/Workload_data/postgresql_arrayjson_vacuum_notfull_run2_uniform_light_mixed.csv
Size computation started
Extend verification - Min:72700 Max:82100 Avg:80761 (Expected avg per record: ~1000 bytes initially)
Generating histogram from key size log: key_sizes_postgresql_arrayjson_vacuum_notfull_uniform_light_mixed_run2.csv
Histogram written to histogram.txt (BlockSize = 100)
Appending subsequent iteration 56...
Iteration 56: Appended new size values from key_sizes_postgresql_arrayjson_vacuum_notfull_uniform_light_mixed_run2.csv to ../analysis/Data/Value_size_data/value_sizes_postgresql_arrayjson_vacuum_notfull_run2_uniform_light_before_mixed.csv
VACUUM start: 1774635322
VACUUM end: 1774635323
=== Setting parameter values for run phase ===
Checking query plan before run phase
=== Executing the run phase with extendproportion=0 and read/update proportions=0.5 ===
Arrangement completed. Output saved to ../analysis/Data/Workload_data/postgresql_arrayjson_vacuum_notfull_run2_uniform_light_mixed.csv
Arrangement completed. Output saved to ../analysis/Data/Workload_data/postgresql_arrayjson_vacuum_notfull_run2_uniform_light_mixed.csv
Backing up the database started
Backing up the database finished
Arrangement completed. Output saved to ../analysis/Data/Workload_data/postgresql_arrayjson_vacuum_notfull_run2_uniform_light_mixed.csv
Size computation started
Appending subsequent iteration 56...
Iteration 56: Appended new size values from key_sizes_postgresql_arrayjson_vacuum_notfull_uniform_light_mixed_run2.csv to ../analysis/Data/Value_size_data/value_sizes_postgresql_arrayjson_vacuum_notfull_run2_uniform_light_after_mixed.csv
Total size: 81192800, Field length average: 8119
Workload file fieldlength set to: 8119 (expected: 8119)
=== Executing the load phase for the comparison study ===
Comparison-load verification - Epoch:6 Run:6 TotalSize:81190000 ExpectedFieldLength:8119
Avg-run verification - Epoch:6 Run:6 Iteration:56 TotalSize:81190000 ExpectedFieldLength:8119
=== Executing the run phase with extendproportion=0 and read/update proportions=0.5 ===
Arrangement completed. Output saved to ../analysis/Data/Workload_data/postgresql_arrayjson_vacuum_notfull_run2_uniform_light_mixed.csv
=== Setting parameter values for extend phase ===
=== Executing the extend phase with extendproportion=1 and other proportions=0 ===
Arrangement completed. Output saved to ../analysis/Data/Workload_data/postgresql_arrayjson_vacuum_notfull_run2_uniform_light_mixed.csv
Size computation started
Extend verification - Min:73300 Max:83800 Avg:82184 (Expected avg per record: ~1000 bytes initially)
Generating histogram from key size log: key_sizes_postgresql_arrayjson_vacuum_notfull_uniform_light_mixed_run2.csv
Histogram written to histogram.txt (BlockSize = 100)
Appending subsequent iteration 57...
Iteration 57: Appended new size values from key_sizes_postgresql_arrayjson_vacuum_notfull_uniform_light_mixed_run2.csv to ../analysis/Data/Value_size_data/value_sizes_postgresql_arrayjson_vacuum_notfull_run2_uniform_light_before_mixed.csv
VACUUM start: 1774635687
VACUUM end: 1774635690
=== Setting parameter values for run phase ===
Checking query plan before run phase
=== Executing the run phase with extendproportion=0 and read/update proportions=0.5 ===
Arrangement completed. Output saved to ../analysis/Data/Workload_data/postgresql_arrayjson_vacuum_notfull_run2_uniform_light_mixed.csv
Arrangement completed. Output saved to ../analysis/Data/Workload_data/postgresql_arrayjson_vacuum_notfull_run2_uniform_light_mixed.csv
Backing up the database started
Backing up the database finished
Arrangement completed. Output saved to ../analysis/Data/Workload_data/postgresql_arrayjson_vacuum_notfull_run2_uniform_light_mixed.csv
Size computation started
Appending subsequent iteration 57...
Iteration 57: Appended new size values from key_sizes_postgresql_arrayjson_vacuum_notfull_uniform_light_mixed_run2.csv to ../analysis/Data/Value_size_data/value_sizes_postgresql_arrayjson_vacuum_notfull_run2_uniform_light_after_mixed.csv
Total size: 82621000, Field length average: 8262
Workload file fieldlength set to: 8262 (expected: 8262)
=== Executing the load phase for the comparison study ===
Comparison-load verification - Epoch:6 Run:7 TotalSize:82620000 ExpectedFieldLength:8262
Avg-run verification - Epoch:6 Run:7 Iteration:57 TotalSize:82620000 ExpectedFieldLength:8262
=== Executing the run phase with extendproportion=0 and read/update proportions=0.5 ===
Arrangement completed. Output saved to ../analysis/Data/Workload_data/postgresql_arrayjson_vacuum_notfull_run2_uniform_light_mixed.csv
=== Setting parameter values for extend phase ===
=== Executing the extend phase with extendproportion=1 and other proportions=0 ===
Arrangement completed. Output saved to ../analysis/Data/Workload_data/postgresql_arrayjson_vacuum_notfull_run2_uniform_light_mixed.csv
Size computation started
Extend verification - Min:75200 Max:84900 Avg:83621 (Expected avg per record: ~1000 bytes initially)
Generating histogram from key size log: key_sizes_postgresql_arrayjson_vacuum_notfull_uniform_light_mixed_run2.csv
Histogram written to histogram.txt (BlockSize = 100)
Appending subsequent iteration 58...
Iteration 58: Appended new size values from key_sizes_postgresql_arrayjson_vacuum_notfull_uniform_light_mixed_run2.csv to ../analysis/Data/Value_size_data/value_sizes_postgresql_arrayjson_vacuum_notfull_run2_uniform_light_before_mixed.csv
VACUUM start: 1774636052
VACUUM end: 1774636053
=== Setting parameter values for run phase ===
Checking query plan before run phase
=== Executing the run phase with extendproportion=0 and read/update proportions=0.5 ===
Arrangement completed. Output saved to ../analysis/Data/Workload_data/postgresql_arrayjson_vacuum_notfull_run2_uniform_light_mixed.csv
Arrangement completed. Output saved to ../analysis/Data/Workload_data/postgresql_arrayjson_vacuum_notfull_run2_uniform_light_mixed.csv
Backing up the database started
Backing up the database finished
Arrangement completed. Output saved to ../analysis/Data/Workload_data/postgresql_arrayjson_vacuum_notfull_run2_uniform_light_mixed.csv
Size computation started
Appending subsequent iteration 58...
Iteration 58: Appended new size values from key_sizes_postgresql_arrayjson_vacuum_notfull_uniform_light_mixed_run2.csv to ../analysis/Data/Value_size_data/value_sizes_postgresql_arrayjson_vacuum_notfull_run2_uniform_light_after_mixed.csv
Total size: 83758500, Field length average: 8375
Workload file fieldlength set to: 8375 (expected: 8375)
=== Executing the load phase for the comparison study ===
Comparison-load verification - Epoch:6 Run:8 TotalSize:83750000 ExpectedFieldLength:8375
Avg-run verification - Epoch:6 Run:8 Iteration:58 TotalSize:83750000 ExpectedFieldLength:8375
=== Executing the run phase with extendproportion=0 and read/update proportions=0.5 ===
Arrangement completed. Output saved to ../analysis/Data/Workload_data/postgresql_arrayjson_vacuum_notfull_run2_uniform_light_mixed.csv
=== Setting parameter values for extend phase ===
=== Executing the extend phase with extendproportion=1 and other proportions=0 ===
Arrangement completed. Output saved to ../analysis/Data/Workload_data/postgresql_arrayjson_vacuum_notfull_run2_uniform_light_mixed.csv
Size computation started
Extend verification - Min:76200 Max:85900 Avg:84805 (Expected avg per record: ~1000 bytes initially)
Generating histogram from key size log: key_sizes_postgresql_arrayjson_vacuum_notfull_uniform_light_mixed_run2.csv
Histogram written to histogram.txt (BlockSize = 100)
Appending subsequent iteration 59...
Iteration 59: Appended new size values from key_sizes_postgresql_arrayjson_vacuum_notfull_uniform_light_mixed_run2.csv to ../analysis/Data/Value_size_data/value_sizes_postgresql_arrayjson_vacuum_notfull_run2_uniform_light_before_mixed.csv
VACUUM start: 1774636416
VACUUM end: 1774636417
=== Setting parameter values for run phase ===
Checking query plan before run phase
=== Executing the run phase with extendproportion=0 and read/update proportions=0.5 ===
Arrangement completed. Output saved to ../analysis/Data/Workload_data/postgresql_arrayjson_vacuum_notfull_run2_uniform_light_mixed.csv
Arrangement completed. Output saved to ../analysis/Data/Workload_data/postgresql_arrayjson_vacuum_notfull_run2_uniform_light_mixed.csv
Backing up the database started
Backing up the database finished
Arrangement completed. Output saved to ../analysis/Data/Workload_data/postgresql_arrayjson_vacuum_notfull_run2_uniform_light_mixed.csv
Size computation started
Appending subsequent iteration 59...
Iteration 59: Appended new size values from key_sizes_postgresql_arrayjson_vacuum_notfull_uniform_light_mixed_run2.csv to ../analysis/Data/Value_size_data/value_sizes_postgresql_arrayjson_vacuum_notfull_run2_uniform_light_after_mixed.csv
Total size: 84847100, Field length average: 8484
Workload file fieldlength set to: 8484 (expected: 8484)
=== Executing the load phase for the comparison study ===
Comparison-load verification - Epoch:6 Run:9 TotalSize:84840000 ExpectedFieldLength:8484
Avg-run verification - Epoch:6 Run:9 Iteration:59 TotalSize:84840000 ExpectedFieldLength:8484
=== Executing the run phase with extendproportion=0 and read/update proportions=0.5 ===
Arrangement completed. Output saved to ../analysis/Data/Workload_data/postgresql_arrayjson_vacuum_notfull_run2_uniform_light_mixed.csv
=== Setting parameter values for extend phase ===
=== Executing the extend phase with extendproportion=1 and other proportions=0 ===
Arrangement completed. Output saved to ../analysis/Data/Workload_data/postgresql_arrayjson_vacuum_notfull_run2_uniform_light_mixed.csv
Size computation started
Extend verification - Min:77000 Max:87100 Avg:85837 (Expected avg per record: ~1000 bytes initially)
Generating histogram from key size log: key_sizes_postgresql_arrayjson_vacuum_notfull_uniform_light_mixed_run2.csv
Histogram written to histogram.txt (BlockSize = 100)
Appending subsequent iteration 60...
Iteration 60: Appended new size values from key_sizes_postgresql_arrayjson_vacuum_notfull_uniform_light_mixed_run2.csv to ../analysis/Data/Value_size_data/value_sizes_postgresql_arrayjson_vacuum_notfull_run2_uniform_light_before_mixed.csv
VACUUM start: 1774636782
VACUUM end: 1774636782
=== Setting parameter values for run phase ===
Checking query plan before run phase
=== Executing the run phase with extendproportion=0 and read/update proportions=0.5 ===
Arrangement completed. Output saved to ../analysis/Data/Workload_data/postgresql_arrayjson_vacuum_notfull_run2_uniform_light_mixed.csv
Arrangement completed. Output saved to ../analysis/Data/Workload_data/postgresql_arrayjson_vacuum_notfull_run2_uniform_light_mixed.csv
Backing up the database started
Backing up the database finished
Arrangement completed. Output saved to ../analysis/Data/Workload_data/postgresql_arrayjson_vacuum_notfull_run2_uniform_light_mixed.csv
Size computation started
Appending subsequent iteration 60...
Iteration 60: Appended new size values from key_sizes_postgresql_arrayjson_vacuum_notfull_uniform_light_mixed_run2.csv to ../analysis/Data/Value_size_data/value_sizes_postgresql_arrayjson_vacuum_notfull_run2_uniform_light_after_mixed.csv
Total size: 86312900, Field length average: 8631
Workload file fieldlength set to: 8631 (expected: 8631)
=== Executing the load phase for the comparison study ===
Comparison-load verification - Epoch:6 Run:10 TotalSize:86310000 ExpectedFieldLength:8631
Avg-run verification - Epoch:6 Run:10 Iteration:60 TotalSize:86310000 ExpectedFieldLength:8631
=== Executing the run phase with extendproportion=0 and read/update proportions=0.5 ===
Arrangement completed. Output saved to ../analysis/Data/Workload_data/postgresql_arrayjson_vacuum_notfull_run2_uniform_light_mixed.csv
=== Setting parameter values for extend phase ===
=== Executing the extend phase with extendproportion=1 and other proportions=0 ===
Arrangement completed. Output saved to ../analysis/Data/Workload_data/postgresql_arrayjson_vacuum_notfull_run2_uniform_light_mixed.csv
Size computation started
Extend verification - Min:78500 Max:88700 Avg:87265 (Expected avg per record: ~1000 bytes initially)
Generating histogram from key size log: key_sizes_postgresql_arrayjson_vacuum_notfull_uniform_light_mixed_run2.csv
Histogram written to histogram.txt (BlockSize = 100)
Appending subsequent iteration 61...
Iteration 61: Appended new size values from key_sizes_postgresql_arrayjson_vacuum_notfull_uniform_light_mixed_run2.csv to ../analysis/Data/Value_size_data/value_sizes_postgresql_arrayjson_vacuum_notfull_run2_uniform_light_before_mixed.csv
VACUUM start: 1774637153
VACUUM end: 1774637153
=== Setting parameter values for run phase ===
Checking query plan before run phase
=== Executing the run phase with extendproportion=0 and read/update proportions=0.5 ===
Arrangement completed. Output saved to ../analysis/Data/Workload_data/postgresql_arrayjson_vacuum_notfull_run2_uniform_light_mixed.csv
Arrangement completed. Output saved to ../analysis/Data/Workload_data/postgresql_arrayjson_vacuum_notfull_run2_uniform_light_mixed.csv
Backing up the database started
Backing up the database finished
Arrangement completed. Output saved to ../analysis/Data/Workload_data/postgresql_arrayjson_vacuum_notfull_run2_uniform_light_mixed.csv
Size computation started
Appending subsequent iteration 61...
Iteration 61: Appended new size values from key_sizes_postgresql_arrayjson_vacuum_notfull_uniform_light_mixed_run2.csv to ../analysis/Data/Value_size_data/value_sizes_postgresql_arrayjson_vacuum_notfull_run2_uniform_light_after_mixed.csv
Total size: 87710500, Field length average: 8771
Workload file fieldlength set to: 8771 (expected: 8771)
=== Executing the load phase for the comparison study ===
Comparison-load verification - Epoch:7 Run:1 TotalSize:87710000 ExpectedFieldLength:8771
Avg-run verification - Epoch:7 Run:1 Iteration:61 TotalSize:87710000 ExpectedFieldLength:8771
=== Executing the run phase with extendproportion=0 and read/update proportions=0.5 ===
Arrangement completed. Output saved to ../analysis/Data/Workload_data/postgresql_arrayjson_vacuum_notfull_run2_uniform_light_mixed.csv
=== Setting parameter values for extend phase ===
=== Executing the extend phase with extendproportion=1 and other proportions=0 ===
Arrangement completed. Output saved to ../analysis/Data/Workload_data/postgresql_arrayjson_vacuum_notfull_run2_uniform_light_mixed.csv
Size computation started
Extend verification - Min:78800 Max:90000 Avg:88663 (Expected avg per record: ~1000 bytes initially)
Generating histogram from key size log: key_sizes_postgresql_arrayjson_vacuum_notfull_uniform_light_mixed_run2.csv
Histogram written to histogram.txt (BlockSize = 100)
Appending subsequent iteration 62...
Iteration 62: Appended new size values from key_sizes_postgresql_arrayjson_vacuum_notfull_uniform_light_mixed_run2.csv to ../analysis/Data/Value_size_data/value_sizes_postgresql_arrayjson_vacuum_notfull_run2_uniform_light_before_mixed.csv
VACUUM start: 1774637530
VACUUM end: 1774637531
=== Setting parameter values for run phase ===
Checking query plan before run phase
=== Executing the run phase with extendproportion=0 and read/update proportions=0.5 ===
Arrangement completed. Output saved to ../analysis/Data/Workload_data/postgresql_arrayjson_vacuum_notfull_run2_uniform_light_mixed.csv
Arrangement completed. Output saved to ../analysis/Data/Workload_data/postgresql_arrayjson_vacuum_notfull_run2_uniform_light_mixed.csv
Backing up the database started
Backing up the database finished
Arrangement completed. Output saved to ../analysis/Data/Workload_data/postgresql_arrayjson_vacuum_notfull_run2_uniform_light_mixed.csv
Size computation started
Appending subsequent iteration 62...
Iteration 62: Appended new size values from key_sizes_postgresql_arrayjson_vacuum_notfull_uniform_light_mixed_run2.csv to ../analysis/Data/Value_size_data/value_sizes_postgresql_arrayjson_vacuum_notfull_run2_uniform_light_after_mixed.csv
Total size: 89076500, Field length average: 8907
Workload file fieldlength set to: 8907 (expected: 8907)
=== Executing the load phase for the comparison study ===
Comparison-load verification - Epoch:7 Run:2 TotalSize:89070000 ExpectedFieldLength:8907
Avg-run verification - Epoch:7 Run:2 Iteration:62 TotalSize:89070000 ExpectedFieldLength:8907
=== Executing the run phase with extendproportion=0 and read/update proportions=0.5 ===
Arrangement completed. Output saved to ../analysis/Data/Workload_data/postgresql_arrayjson_vacuum_notfull_run2_uniform_light_mixed.csv
=== Setting parameter values for extend phase ===
=== Executing the extend phase with extendproportion=1 and other proportions=0 ===
Arrangement completed. Output saved to ../analysis/Data/Workload_data/postgresql_arrayjson_vacuum_notfull_run2_uniform_light_mixed.csv
Size computation started
Extend verification - Min:81300 Max:91600 Avg:90108 (Expected avg per record: ~1000 bytes initially)
Generating histogram from key size log: key_sizes_postgresql_arrayjson_vacuum_notfull_uniform_light_mixed_run2.csv
Histogram written to histogram.txt (BlockSize = 100)
Appending subsequent iteration 63...
Iteration 63: Appended new size values from key_sizes_postgresql_arrayjson_vacuum_notfull_uniform_light_mixed_run2.csv to ../analysis/Data/Value_size_data/value_sizes_postgresql_arrayjson_vacuum_notfull_run2_uniform_light_before_mixed.csv
VACUUM start: 1774637909
VACUUM end: 1774637909
=== Setting parameter values for run phase ===
Checking query plan before run phase
=== Executing the run phase with extendproportion=0 and read/update proportions=0.5 ===
Arrangement completed. Output saved to ../analysis/Data/Workload_data/postgresql_arrayjson_vacuum_notfull_run2_uniform_light_mixed.csv
Arrangement completed. Output saved to ../analysis/Data/Workload_data/postgresql_arrayjson_vacuum_notfull_run2_uniform_light_mixed.csv
Backing up the database started
Backing up the database finished
Arrangement completed. Output saved to ../analysis/Data/Workload_data/postgresql_arrayjson_vacuum_notfull_run2_uniform_light_mixed.csv
Size computation started
Appending subsequent iteration 63...
Iteration 63: Appended new size values from key_sizes_postgresql_arrayjson_vacuum_notfull_uniform_light_mixed_run2.csv to ../analysis/Data/Value_size_data/value_sizes_postgresql_arrayjson_vacuum_notfull_run2_uniform_light_after_mixed.csv
Total size: 90562600, Field length average: 9056
Workload file fieldlength set to: 9056 (expected: 9056)
=== Executing the load phase for the comparison study ===
Comparison-load verification - Epoch:7 Run:3 TotalSize:90560000 ExpectedFieldLength:9056
Avg-run verification - Epoch:7 Run:3 Iteration:63 TotalSize:90560000 ExpectedFieldLength:9056
=== Executing the run phase with extendproportion=0 and read/update proportions=0.5 ===
Arrangement completed. Output saved to ../analysis/Data/Workload_data/postgresql_arrayjson_vacuum_notfull_run2_uniform_light_mixed.csv
=== Setting parameter values for extend phase ===
=== Executing the extend phase with extendproportion=1 and other proportions=0 ===
Arrangement completed. Output saved to ../analysis/Data/Workload_data/postgresql_arrayjson_vacuum_notfull_run2_uniform_light_mixed.csv
Size computation started
Extend verification - Min:82300 Max:92900 Avg:91609 (Expected avg per record: ~1000 bytes initially)
Generating histogram from key size log: key_sizes_postgresql_arrayjson_vacuum_notfull_uniform_light_mixed_run2.csv
Histogram written to histogram.txt (BlockSize = 100)
Appending subsequent iteration 64...
Iteration 64: Appended new size values from key_sizes_postgresql_arrayjson_vacuum_notfull_uniform_light_mixed_run2.csv to ../analysis/Data/Value_size_data/value_sizes_postgresql_arrayjson_vacuum_notfull_run2_uniform_light_before_mixed.csv
VACUUM start: 1774638284
VACUUM end: 1774638286
=== Setting parameter values for run phase ===
Checking query plan before run phase
=== Executing the run phase with extendproportion=0 and read/update proportions=0.5 ===
Arrangement completed. Output saved to ../analysis/Data/Workload_data/postgresql_arrayjson_vacuum_notfull_run2_uniform_light_mixed.csv
Arrangement completed. Output saved to ../analysis/Data/Workload_data/postgresql_arrayjson_vacuum_notfull_run2_uniform_light_mixed.csv
Backing up the database started
Backing up the database finished
Arrangement completed. Output saved to ../analysis/Data/Workload_data/postgresql_arrayjson_vacuum_notfull_run2_uniform_light_mixed.csv
Size computation started
Appending subsequent iteration 64...
Iteration 64: Appended new size values from key_sizes_postgresql_arrayjson_vacuum_notfull_uniform_light_mixed_run2.csv to ../analysis/Data/Value_size_data/value_sizes_postgresql_arrayjson_vacuum_notfull_run2_uniform_light_after_mixed.csv
Total size: 91826600, Field length average: 9182
Workload file fieldlength set to: 9182 (expected: 9182)
=== Executing the load phase for the comparison study ===
Comparison-load verification - Epoch:7 Run:4 TotalSize:91820000 ExpectedFieldLength:9182
Avg-run verification - Epoch:7 Run:4 Iteration:64 TotalSize:91820000 ExpectedFieldLength:9182
=== Executing the run phase with extendproportion=0 and read/update proportions=0.5 ===
Arrangement completed. Output saved to ../analysis/Data/Workload_data/postgresql_arrayjson_vacuum_notfull_run2_uniform_light_mixed.csv
=== Setting parameter values for extend phase ===
=== Executing the extend phase with extendproportion=1 and other proportions=0 ===
Arrangement completed. Output saved to ../analysis/Data/Workload_data/postgresql_arrayjson_vacuum_notfull_run2_uniform_light_mixed.csv
Size computation started
Extend verification - Min:83800 Max:94400 Avg:92881 (Expected avg per record: ~1000 bytes initially)
Generating histogram from key size log: key_sizes_postgresql_arrayjson_vacuum_notfull_uniform_light_mixed_run2.csv
Histogram written to histogram.txt (BlockSize = 100)
Appending subsequent iteration 65...
Iteration 65: Appended new size values from key_sizes_postgresql_arrayjson_vacuum_notfull_uniform_light_mixed_run2.csv to ../analysis/Data/Value_size_data/value_sizes_postgresql_arrayjson_vacuum_notfull_run2_uniform_light_before_mixed.csv
VACUUM start: 1774638659
VACUUM end: 1774638660
=== Setting parameter values for run phase ===
Checking query plan before run phase
=== Executing the run phase with extendproportion=0 and read/update proportions=0.5 ===
Arrangement completed. Output saved to ../analysis/Data/Workload_data/postgresql_arrayjson_vacuum_notfull_run2_uniform_light_mixed.csv
Arrangement completed. Output saved to ../analysis/Data/Workload_data/postgresql_arrayjson_vacuum_notfull_run2_uniform_light_mixed.csv
Backing up the database started
Backing up the database finished
Arrangement completed. Output saved to ../analysis/Data/Workload_data/postgresql_arrayjson_vacuum_notfull_run2_uniform_light_mixed.csv
Size computation started
Appending subsequent iteration 65...
Iteration 65: Appended new size values from key_sizes_postgresql_arrayjson_vacuum_notfull_uniform_light_mixed_run2.csv to ../analysis/Data/Value_size_data/value_sizes_postgresql_arrayjson_vacuum_notfull_run2_uniform_light_after_mixed.csv
Total size: 93347300, Field length average: 9334
Workload file fieldlength set to: 9334 (expected: 9334)
=== Executing the load phase for the comparison study ===
Comparison-load verification - Epoch:7 Run:5 TotalSize:93340000 ExpectedFieldLength:9334
Avg-run verification - Epoch:7 Run:5 Iteration:65 TotalSize:93340000 ExpectedFieldLength:9334
=== Executing the run phase with extendproportion=0 and read/update proportions=0.5 ===
Arrangement completed. Output saved to ../analysis/Data/Workload_data/postgresql_arrayjson_vacuum_notfull_run2_uniform_light_mixed.csv
=== Setting parameter values for extend phase ===
=== Executing the extend phase with extendproportion=1 and other proportions=0 ===
Arrangement completed. Output saved to ../analysis/Data/Workload_data/postgresql_arrayjson_vacuum_notfull_run2_uniform_light_mixed.csv
Size computation started
Extend verification - Min:84500 Max:95700 Avg:94298 (Expected avg per record: ~1000 bytes initially)
Generating histogram from key size log: key_sizes_postgresql_arrayjson_vacuum_notfull_uniform_light_mixed_run2.csv
Histogram written to histogram.txt (BlockSize = 100)
Appending subsequent iteration 66...
Iteration 66: Appended new size values from key_sizes_postgresql_arrayjson_vacuum_notfull_uniform_light_mixed_run2.csv to ../analysis/Data/Value_size_data/value_sizes_postgresql_arrayjson_vacuum_notfull_run2_uniform_light_before_mixed.csv
VACUUM start: 1774639030
VACUUM end: 1774639031
=== Setting parameter values for run phase ===
Checking query plan before run phase
=== Executing the run phase with extendproportion=0 and read/update proportions=0.5 ===
Arrangement completed. Output saved to ../analysis/Data/Workload_data/postgresql_arrayjson_vacuum_notfull_run2_uniform_light_mixed.csv
Arrangement completed. Output saved to ../analysis/Data/Workload_data/postgresql_arrayjson_vacuum_notfull_run2_uniform_light_mixed.csv
Backing up the database started
Backing up the database finished
Arrangement completed. Output saved to ../analysis/Data/Workload_data/postgresql_arrayjson_vacuum_notfull_run2_uniform_light_mixed.csv
Size computation started
Appending subsequent iteration 66...
Iteration 66: Appended new size values from key_sizes_postgresql_arrayjson_vacuum_notfull_uniform_light_mixed_run2.csv to ../analysis/Data/Value_size_data/value_sizes_postgresql_arrayjson_vacuum_notfull_run2_uniform_light_after_mixed.csv
Total size: 94672600, Field length average: 9467
Workload file fieldlength set to: 9467 (expected: 9467)
=== Executing the load phase for the comparison study ===
Comparison-load verification - Epoch:7 Run:6 TotalSize:94670000 ExpectedFieldLength:9467
Avg-run verification - Epoch:7 Run:6 Iteration:66 TotalSize:94670000 ExpectedFieldLength:9467
=== Executing the run phase with extendproportion=0 and read/update proportions=0.5 ===
Arrangement completed. Output saved to ../analysis/Data/Workload_data/postgresql_arrayjson_vacuum_notfull_run2_uniform_light_mixed.csv
=== Setting parameter values for extend phase ===
=== Executing the extend phase with extendproportion=1 and other proportions=0 ===
Arrangement completed. Output saved to ../analysis/Data/Workload_data/postgresql_arrayjson_vacuum_notfull_run2_uniform_light_mixed.csv
Size computation started
Extend verification - Min:85200 Max:97200 Avg:95620 (Expected avg per record: ~1000 bytes initially)
Generating histogram from key size log: key_sizes_postgresql_arrayjson_vacuum_notfull_uniform_light_mixed_run2.csv
Histogram written to histogram.txt (BlockSize = 100)
Appending subsequent iteration 67...
Iteration 67: Appended new size values from key_sizes_postgresql_arrayjson_vacuum_notfull_uniform_light_mixed_run2.csv to ../analysis/Data/Value_size_data/value_sizes_postgresql_arrayjson_vacuum_notfull_run2_uniform_light_before_mixed.csv
VACUUM start: 1774639409
VACUUM end: 1774639411
=== Setting parameter values for run phase ===
Checking query plan before run phase
=== Executing the run phase with extendproportion=0 and read/update proportions=0.5 ===
Arrangement completed. Output saved to ../analysis/Data/Workload_data/postgresql_arrayjson_vacuum_notfull_run2_uniform_light_mixed.csv
Arrangement completed. Output saved to ../analysis/Data/Workload_data/postgresql_arrayjson_vacuum_notfull_run2_uniform_light_mixed.csv
Backing up the database started
Backing up the database finished
Arrangement completed. Output saved to ../analysis/Data/Workload_data/postgresql_arrayjson_vacuum_notfull_run2_uniform_light_mixed.csv
Size computation started
Appending subsequent iteration 67...
Iteration 67: Appended new size values from key_sizes_postgresql_arrayjson_vacuum_notfull_uniform_light_mixed_run2.csv to ../analysis/Data/Value_size_data/value_sizes_postgresql_arrayjson_vacuum_notfull_run2_uniform_light_after_mixed.csv
Total size: 96050000, Field length average: 9605
Workload file fieldlength set to: 9605 (expected: 9605)
=== Executing the load phase for the comparison study ===
Comparison-load verification - Epoch:7 Run:7 TotalSize:96050000 ExpectedFieldLength:9605
Avg-run verification - Epoch:7 Run:7 Iteration:67 TotalSize:96050000 ExpectedFieldLength:9605
=== Executing the run phase with extendproportion=0 and read/update proportions=0.5 ===
Arrangement completed. Output saved to ../analysis/Data/Workload_data/postgresql_arrayjson_vacuum_notfull_run2_uniform_light_mixed.csv
=== Setting parameter values for extend phase ===
=== Executing the extend phase with extendproportion=1 and other proportions=0 ===
Arrangement completed. Output saved to ../analysis/Data/Workload_data/postgresql_arrayjson_vacuum_notfull_run2_uniform_light_mixed.csv
Size computation started
Extend verification - Min:87000 Max:98600 Avg:97017 (Expected avg per record: ~1000 bytes initially)
Generating histogram from key size log: key_sizes_postgresql_arrayjson_vacuum_notfull_uniform_light_mixed_run2.csv
Histogram written to histogram.txt (BlockSize = 100)
Appending subsequent iteration 68...
Iteration 68: Appended new size values from key_sizes_postgresql_arrayjson_vacuum_notfull_uniform_light_mixed_run2.csv to ../analysis/Data/Value_size_data/value_sizes_postgresql_arrayjson_vacuum_notfull_run2_uniform_light_before_mixed.csv
VACUUM start: 1774639791
VACUUM end: 1774639793
=== Setting parameter values for run phase ===
Checking query plan before run phase
=== Executing the run phase with extendproportion=0 and read/update proportions=0.5 ===
Arrangement completed. Output saved to ../analysis/Data/Workload_data/postgresql_arrayjson_vacuum_notfull_run2_uniform_light_mixed.csv
Arrangement completed. Output saved to ../analysis/Data/Workload_data/postgresql_arrayjson_vacuum_notfull_run2_uniform_light_mixed.csv
Backing up the database started
Backing up the database finished
Arrangement completed. Output saved to ../analysis/Data/Workload_data/postgresql_arrayjson_vacuum_notfull_run2_uniform_light_mixed.csv
Size computation started
Appending subsequent iteration 68...
Iteration 68: Appended new size values from key_sizes_postgresql_arrayjson_vacuum_notfull_uniform_light_mixed_run2.csv to ../analysis/Data/Value_size_data/value_sizes_postgresql_arrayjson_vacuum_notfull_run2_uniform_light_after_mixed.csv
Total size: 97460500, Field length average: 9746
Workload file fieldlength set to: 9746 (expected: 9746)
=== Executing the load phase for the comparison study ===
Comparison-load verification - Epoch:7 Run:8 TotalSize:97460000 ExpectedFieldLength:9746
Avg-run verification - Epoch:7 Run:8 Iteration:68 TotalSize:97460000 ExpectedFieldLength:9746
=== Executing the run phase with extendproportion=0 and read/update proportions=0.5 ===
Arrangement completed. Output saved to ../analysis/Data/Workload_data/postgresql_arrayjson_vacuum_notfull_run2_uniform_light_mixed.csv
=== Setting parameter values for extend phase ===
=== Executing the extend phase with extendproportion=1 and other proportions=0 ===
Arrangement completed. Output saved to ../analysis/Data/Workload_data/postgresql_arrayjson_vacuum_notfull_run2_uniform_light_mixed.csv
Size computation started
Extend verification - Min:88100 Max:99900 Avg:98483 (Expected avg per record: ~1000 bytes initially)
Generating histogram from key size log: key_sizes_postgresql_arrayjson_vacuum_notfull_uniform_light_mixed_run2.csv
Histogram written to histogram.txt (BlockSize = 100)
Appending subsequent iteration 69...
Iteration 69: Appended new size values from key_sizes_postgresql_arrayjson_vacuum_notfull_uniform_light_mixed_run2.csv to ../analysis/Data/Value_size_data/value_sizes_postgresql_arrayjson_vacuum_notfull_run2_uniform_light_before_mixed.csv
VACUUM start: 1774640180
VACUUM end: 1774640181
=== Setting parameter values for run phase ===
Checking query plan before run phase
=== Executing the run phase with extendproportion=0 and read/update proportions=0.5 ===
Arrangement completed. Output saved to ../analysis/Data/Workload_data/postgresql_arrayjson_vacuum_notfull_run2_uniform_light_mixed.csv
Arrangement completed. Output saved to ../analysis/Data/Workload_data/postgresql_arrayjson_vacuum_notfull_run2_uniform_light_mixed.csv
Backing up the database started
Backing up the database finished
Arrangement completed. Output saved to ../analysis/Data/Workload_data/postgresql_arrayjson_vacuum_notfull_run2_uniform_light_mixed.csv
Size computation started
Appending subsequent iteration 69...
Iteration 69: Appended new size values from key_sizes_postgresql_arrayjson_vacuum_notfull_uniform_light_mixed_run2.csv to ../analysis/Data/Value_size_data/value_sizes_postgresql_arrayjson_vacuum_notfull_run2_uniform_light_after_mixed.csv
Total size: 98736300, Field length average: 9873
Workload file fieldlength set to: 9873 (expected: 9873)
=== Executing the load phase for the comparison study ===
Comparison-load verification - Epoch:7 Run:9 TotalSize:98730000 ExpectedFieldLength:9873
Avg-run verification - Epoch:7 Run:9 Iteration:69 TotalSize:98730000 ExpectedFieldLength:9873
=== Executing the run phase with extendproportion=0 and read/update proportions=0.5 ===
Arrangement completed. Output saved to ../analysis/Data/Workload_data/postgresql_arrayjson_vacuum_notfull_run2_uniform_light_mixed.csv
=== Setting parameter values for extend phase ===
=== Executing the extend phase with extendproportion=1 and other proportions=0 ===
Arrangement completed. Output saved to ../analysis/Data/Workload_data/postgresql_arrayjson_vacuum_notfull_run2_uniform_light_mixed.csv
Size computation started
Extend verification - Min:88700 Max:100900 Avg:99740 (Expected avg per record: ~1000 bytes initially)
Generating histogram from key size log: key_sizes_postgresql_arrayjson_vacuum_notfull_uniform_light_mixed_run2.csv
Histogram written to histogram.txt (BlockSize = 100)
Appending subsequent iteration 70...
Iteration 70: Appended new size values from key_sizes_postgresql_arrayjson_vacuum_notfull_uniform_light_mixed_run2.csv to ../analysis/Data/Value_size_data/value_sizes_postgresql_arrayjson_vacuum_notfull_run2_uniform_light_before_mixed.csv
VACUUM start: 1774640569
VACUUM end: 1774640571
=== Setting parameter values for run phase ===
Checking query plan before run phase
=== Executing the run phase with extendproportion=0 and read/update proportions=0.5 ===
Arrangement completed. Output saved to ../analysis/Data/Workload_data/postgresql_arrayjson_vacuum_notfull_run2_uniform_light_mixed.csv
Arrangement completed. Output saved to ../analysis/Data/Workload_data/postgresql_arrayjson_vacuum_notfull_run2_uniform_light_mixed.csv
Backing up the database started
Backing up the database finished
Arrangement completed. Output saved to ../analysis/Data/Workload_data/postgresql_arrayjson_vacuum_notfull_run2_uniform_light_mixed.csv
Size computation started
Appending subsequent iteration 70...
Iteration 70: Appended new size values from key_sizes_postgresql_arrayjson_vacuum_notfull_uniform_light_mixed_run2.csv to ../analysis/Data/Value_size_data/value_sizes_postgresql_arrayjson_vacuum_notfull_run2_uniform_light_after_mixed.csv
Total size: 99713800, Field length average: 9971
Workload file fieldlength set to: 9971 (expected: 9971)
=== Executing the load phase for the comparison study ===
Comparison-load verification - Epoch:7 Run:10 TotalSize:99710000 ExpectedFieldLength:9971
Avg-run verification - Epoch:7 Run:10 Iteration:70 TotalSize:99710000 ExpectedFieldLength:9971
=== Executing the run phase with extendproportion=0 and read/update proportions=0.5 ===
Arrangement completed. Output saved to ../analysis/Data/Workload_data/postgresql_arrayjson_vacuum_notfull_run2_uniform_light_mixed.csv
=== Setting parameter values for extend phase ===
=== Executing the extend phase with extendproportion=1 and other proportions=0 ===
Arrangement completed. Output saved to ../analysis/Data/Workload_data/postgresql_arrayjson_vacuum_notfull_run2_uniform_light_mixed.csv
Size computation started
Extend verification - Min:90300 Max:101900 Avg:100786 (Expected avg per record: ~1000 bytes initially)
Generating histogram from key size log: key_sizes_postgresql_arrayjson_vacuum_notfull_uniform_light_mixed_run2.csv
Histogram written to histogram.txt (BlockSize = 100)
Appending subsequent iteration 71...
Iteration 71: Appended new size values from key_sizes_postgresql_arrayjson_vacuum_notfull_uniform_light_mixed_run2.csv to ../analysis/Data/Value_size_data/value_sizes_postgresql_arrayjson_vacuum_notfull_run2_uniform_light_before_mixed.csv
VACUUM start: 1774640958
VACUUM end: 1774640959
=== Setting parameter values for run phase ===
Checking query plan before run phase
=== Executing the run phase with extendproportion=0 and read/update proportions=0.5 ===
Arrangement completed. Output saved to ../analysis/Data/Workload_data/postgresql_arrayjson_vacuum_notfull_run2_uniform_light_mixed.csv
Arrangement completed. Output saved to ../analysis/Data/Workload_data/postgresql_arrayjson_vacuum_notfull_run2_uniform_light_mixed.csv
Backing up the database started
Backing up the database finished
Arrangement completed. Output saved to ../analysis/Data/Workload_data/postgresql_arrayjson_vacuum_notfull_run2_uniform_light_mixed.csv
Size computation started
Appending subsequent iteration 71...
Iteration 71: Appended new size values from key_sizes_postgresql_arrayjson_vacuum_notfull_uniform_light_mixed_run2.csv to ../analysis/Data/Value_size_data/value_sizes_postgresql_arrayjson_vacuum_notfull_run2_uniform_light_after_mixed.csv
Total size: 100791100, Field length average: 10079
Workload file fieldlength set to: 10079 (expected: 10079)
=== Executing the load phase for the comparison study ===
Comparison-load verification - Epoch:8 Run:1 TotalSize:100790000 ExpectedFieldLength:10079
Avg-run verification - Epoch:8 Run:1 Iteration:71 TotalSize:100790000 ExpectedFieldLength:10079
=== Executing the run phase with extendproportion=0 and read/update proportions=0.5 ===
Arrangement completed. Output saved to ../analysis/Data/Workload_data/postgresql_arrayjson_vacuum_notfull_run2_uniform_light_mixed.csv
=== Setting parameter values for extend phase ===
=== Executing the extend phase with extendproportion=1 and other proportions=0 ===
Arrangement completed. Output saved to ../analysis/Data/Workload_data/postgresql_arrayjson_vacuum_notfull_run2_uniform_light_mixed.csv
Size computation started
Extend verification - Min:91600 Max:103100 Avg:101823 (Expected avg per record: ~1000 bytes initially)
Generating histogram from key size log: key_sizes_postgresql_arrayjson_vacuum_notfull_uniform_light_mixed_run2.csv
Histogram written to histogram.txt (BlockSize = 100)
Appending subsequent iteration 72...
Iteration 72: Appended new size values from key_sizes_postgresql_arrayjson_vacuum_notfull_uniform_light_mixed_run2.csv to ../analysis/Data/Value_size_data/value_sizes_postgresql_arrayjson_vacuum_notfull_run2_uniform_light_before_mixed.csv
VACUUM start: 1774641349
VACUUM end: 1774641351
=== Setting parameter values for run phase ===
Checking query plan before run phase
=== Executing the run phase with extendproportion=0 and read/update proportions=0.5 ===
Arrangement completed. Output saved to ../analysis/Data/Workload_data/postgresql_arrayjson_vacuum_notfull_run2_uniform_light_mixed.csv
Arrangement completed. Output saved to ../analysis/Data/Workload_data/postgresql_arrayjson_vacuum_notfull_run2_uniform_light_mixed.csv
Backing up the database started
Backing up the database finished
Arrangement completed. Output saved to ../analysis/Data/Workload_data/postgresql_arrayjson_vacuum_notfull_run2_uniform_light_mixed.csv
Size computation started
Appending subsequent iteration 72...
Iteration 72: Appended new size values from key_sizes_postgresql_arrayjson_vacuum_notfull_uniform_light_mixed_run2.csv to ../analysis/Data/Value_size_data/value_sizes_postgresql_arrayjson_vacuum_notfull_run2_uniform_light_after_mixed.csv
Total size: 102246000, Field length average: 10224
Workload file fieldlength set to: 10224 (expected: 10224)
=== Executing the load phase for the comparison study ===
Comparison-load verification - Epoch:8 Run:2 TotalSize:102240000 ExpectedFieldLength:10224
Avg-run verification - Epoch:8 Run:2 Iteration:72 TotalSize:102240000 ExpectedFieldLength:10224
=== Executing the run phase with extendproportion=0 and read/update proportions=0.5 ===
Arrangement completed. Output saved to ../analysis/Data/Workload_data/postgresql_arrayjson_vacuum_notfull_run2_uniform_light_mixed.csv
=== Setting parameter values for extend phase ===
=== Executing the extend phase with extendproportion=1 and other proportions=0 ===
Arrangement completed. Output saved to ../analysis/Data/Workload_data/postgresql_arrayjson_vacuum_notfull_run2_uniform_light_mixed.csv
Size computation started
Extend verification - Min:92000 Max:104600 Avg:103187 (Expected avg per record: ~1000 bytes initially)
Generating histogram from key size log: key_sizes_postgresql_arrayjson_vacuum_notfull_uniform_light_mixed_run2.csv
Histogram written to histogram.txt (BlockSize = 100)
Appending subsequent iteration 73...
Iteration 73: Appended new size values from key_sizes_postgresql_arrayjson_vacuum_notfull_uniform_light_mixed_run2.csv to ../analysis/Data/Value_size_data/value_sizes_postgresql_arrayjson_vacuum_notfull_run2_uniform_light_before_mixed.csv
VACUUM start: 1774641745
VACUUM end: 1774641747
=== Setting parameter values for run phase ===
Checking query plan before run phase
=== Executing the run phase with extendproportion=0 and read/update proportions=0.5 ===
Arrangement completed. Output saved to ../analysis/Data/Workload_data/postgresql_arrayjson_vacuum_notfull_run2_uniform_light_mixed.csv
Arrangement completed. Output saved to ../analysis/Data/Workload_data/postgresql_arrayjson_vacuum_notfull_run2_uniform_light_mixed.csv
Backing up the database started
Backing up the database finished
Arrangement completed. Output saved to ../analysis/Data/Workload_data/postgresql_arrayjson_vacuum_notfull_run2_uniform_light_mixed.csv
Size computation started
Appending subsequent iteration 73...
Iteration 73: Appended new size values from key_sizes_postgresql_arrayjson_vacuum_notfull_uniform_light_mixed_run2.csv to ../analysis/Data/Value_size_data/value_sizes_postgresql_arrayjson_vacuum_notfull_run2_uniform_light_after_mixed.csv
Total size: 103632800, Field length average: 10363
Workload file fieldlength set to: 10363 (expected: 10363)
=== Executing the load phase for the comparison study ===
Comparison-load verification - Epoch:8 Run:3 TotalSize:103630000 ExpectedFieldLength:10363
Avg-run verification - Epoch:8 Run:3 Iteration:73 TotalSize:103630000 ExpectedFieldLength:10363
=== Executing the run phase with extendproportion=0 and read/update proportions=0.5 ===
Arrangement completed. Output saved to ../analysis/Data/Workload_data/postgresql_arrayjson_vacuum_notfull_run2_uniform_light_mixed.csv
=== Setting parameter values for extend phase ===
=== Executing the extend phase with extendproportion=1 and other proportions=0 ===
Arrangement completed. Output saved to ../analysis/Data/Workload_data/postgresql_arrayjson_vacuum_notfull_run2_uniform_light_mixed.csv
Size computation started
Extend verification - Min:92100 Max:106000 Avg:104636 (Expected avg per record: ~1000 bytes initially)
Generating histogram from key size log: key_sizes_postgresql_arrayjson_vacuum_notfull_uniform_light_mixed_run2.csv
Histogram written to histogram.txt (BlockSize = 100)
Appending subsequent iteration 74...
Iteration 74: Appended new size values from key_sizes_postgresql_arrayjson_vacuum_notfull_uniform_light_mixed_run2.csv to ../analysis/Data/Value_size_data/value_sizes_postgresql_arrayjson_vacuum_notfull_run2_uniform_light_before_mixed.csv
VACUUM start: 1774642141
VACUUM end: 1774642143
=== Setting parameter values for run phase ===
Checking query plan before run phase
=== Executing the run phase with extendproportion=0 and read/update proportions=0.5 ===
Arrangement completed. Output saved to ../analysis/Data/Workload_data/postgresql_arrayjson_vacuum_notfull_run2_uniform_light_mixed.csv
Arrangement completed. Output saved to ../analysis/Data/Workload_data/postgresql_arrayjson_vacuum_notfull_run2_uniform_light_mixed.csv
Backing up the database started
Backing up the database finished
Arrangement completed. Output saved to ../analysis/Data/Workload_data/postgresql_arrayjson_vacuum_notfull_run2_uniform_light_mixed.csv
Size computation started
Appending subsequent iteration 74...
Iteration 74: Appended new size values from key_sizes_postgresql_arrayjson_vacuum_notfull_uniform_light_mixed_run2.csv to ../analysis/Data/Value_size_data/value_sizes_postgresql_arrayjson_vacuum_notfull_run2_uniform_light_after_mixed.csv
Total size: 105061000, Field length average: 10506
Workload file fieldlength set to: 10506 (expected: 10506)
=== Executing the load phase for the comparison study ===
Comparison-load verification - Epoch:8 Run:4 TotalSize:105060000 ExpectedFieldLength:10506
Avg-run verification - Epoch:8 Run:4 Iteration:74 TotalSize:105060000 ExpectedFieldLength:10506
=== Executing the run phase with extendproportion=0 and read/update proportions=0.5 ===
Arrangement completed. Output saved to ../analysis/Data/Workload_data/postgresql_arrayjson_vacuum_notfull_run2_uniform_light_mixed.csv
=== Setting parameter values for extend phase ===
=== Executing the extend phase with extendproportion=1 and other proportions=0 ===
Arrangement completed. Output saved to ../analysis/Data/Workload_data/postgresql_arrayjson_vacuum_notfull_run2_uniform_light_mixed.csv
Size computation started
Extend verification - Min:95400 Max:107500 Avg:106043 (Expected avg per record: ~1000 bytes initially)
Generating histogram from key size log: key_sizes_postgresql_arrayjson_vacuum_notfull_uniform_light_mixed_run2.csv
Histogram written to histogram.txt (BlockSize = 100)
Appending subsequent iteration 75...
Iteration 75: Appended new size values from key_sizes_postgresql_arrayjson_vacuum_notfull_uniform_light_mixed_run2.csv to ../analysis/Data/Value_size_data/value_sizes_postgresql_arrayjson_vacuum_notfull_run2_uniform_light_before_mixed.csv
VACUUM start: 1774642540
VACUUM end: 1774642542
=== Setting parameter values for run phase ===
Checking query plan before run phase
=== Executing the run phase with extendproportion=0 and read/update proportions=0.5 ===
Arrangement completed. Output saved to ../analysis/Data/Workload_data/postgresql_arrayjson_vacuum_notfull_run2_uniform_light_mixed.csv
Arrangement completed. Output saved to ../analysis/Data/Workload_data/postgresql_arrayjson_vacuum_notfull_run2_uniform_light_mixed.csv
Backing up the database started
Backing up the database finished
Arrangement completed. Output saved to ../analysis/Data/Workload_data/postgresql_arrayjson_vacuum_notfull_run2_uniform_light_mixed.csv
Size computation started
Appending subsequent iteration 75...
Iteration 75: Appended new size values from key_sizes_postgresql_arrayjson_vacuum_notfull_uniform_light_mixed_run2.csv to ../analysis/Data/Value_size_data/value_sizes_postgresql_arrayjson_vacuum_notfull_run2_uniform_light_after_mixed.csv
Total size: 106488600, Field length average: 10648
Workload file fieldlength set to: 10648 (expected: 10648)
=== Executing the load phase for the comparison study ===
Comparison-load verification - Epoch:8 Run:5 TotalSize:106480000 ExpectedFieldLength:10648
Avg-run verification - Epoch:8 Run:5 Iteration:75 TotalSize:106480000 ExpectedFieldLength:10648
=== Executing the run phase with extendproportion=0 and read/update proportions=0.5 ===
Arrangement completed. Output saved to ../analysis/Data/Workload_data/postgresql_arrayjson_vacuum_notfull_run2_uniform_light_mixed.csv
=== Setting parameter values for extend phase ===
=== Executing the extend phase with extendproportion=1 and other proportions=0 ===
Arrangement completed. Output saved to ../analysis/Data/Workload_data/postgresql_arrayjson_vacuum_notfull_run2_uniform_light_mixed.csv
Size computation started
Extend verification - Min:95600 Max:109300 Avg:107474 (Expected avg per record: ~1000 bytes initially)
Generating histogram from key size log: key_sizes_postgresql_arrayjson_vacuum_notfull_uniform_light_mixed_run2.csv
Histogram written to histogram.txt (BlockSize = 100)
Appending subsequent iteration 76...
Iteration 76: Appended new size values from key_sizes_postgresql_arrayjson_vacuum_notfull_uniform_light_mixed_run2.csv to ../analysis/Data/Value_size_data/value_sizes_postgresql_arrayjson_vacuum_notfull_run2_uniform_light_before_mixed.csv
VACUUM start: 1774642943
VACUUM end: 1774642944
=== Setting parameter values for run phase ===
Checking query plan before run phase
=== Executing the run phase with extendproportion=0 and read/update proportions=0.5 ===
Arrangement completed. Output saved to ../analysis/Data/Workload_data/postgresql_arrayjson_vacuum_notfull_run2_uniform_light_mixed.csv
Arrangement completed. Output saved to ../analysis/Data/Workload_data/postgresql_arrayjson_vacuum_notfull_run2_uniform_light_mixed.csv
Backing up the database started
Backing up the database finished
Arrangement completed. Output saved to ../analysis/Data/Workload_data/postgresql_arrayjson_vacuum_notfull_run2_uniform_light_mixed.csv
Size computation started
Appending subsequent iteration 76...
Iteration 76: Appended new size values from key_sizes_postgresql_arrayjson_vacuum_notfull_uniform_light_mixed_run2.csv to ../analysis/Data/Value_size_data/value_sizes_postgresql_arrayjson_vacuum_notfull_run2_uniform_light_after_mixed.csv
Total size: 107885200, Field length average: 10788
Workload file fieldlength set to: 10788 (expected: 10788)
=== Executing the load phase for the comparison study ===
Comparison-load verification - Epoch:8 Run:6 TotalSize:107880000 ExpectedFieldLength:10788
Avg-run verification - Epoch:8 Run:6 Iteration:76 TotalSize:107880000 ExpectedFieldLength:10788
=== Executing the run phase with extendproportion=0 and read/update proportions=0.5 ===
Arrangement completed. Output saved to ../analysis/Data/Workload_data/postgresql_arrayjson_vacuum_notfull_run2_uniform_light_mixed.csv
=== Setting parameter values for extend phase ===
=== Executing the extend phase with extendproportion=1 and other proportions=0 ===
Arrangement completed. Output saved to ../analysis/Data/Workload_data/postgresql_arrayjson_vacuum_notfull_run2_uniform_light_mixed.csv
Size computation started
Extend verification - Min:97300 Max:110200 Avg:108928 (Expected avg per record: ~1000 bytes initially)
Generating histogram from key size log: key_sizes_postgresql_arrayjson_vacuum_notfull_uniform_light_mixed_run2.csv
Histogram written to histogram.txt (BlockSize = 100)
Appending subsequent iteration 77...
Iteration 77: Appended new size values from key_sizes_postgresql_arrayjson_vacuum_notfull_uniform_light_mixed_run2.csv to ../analysis/Data/Value_size_data/value_sizes_postgresql_arrayjson_vacuum_notfull_run2_uniform_light_before_mixed.csv
VACUUM start: 1774643347
VACUUM end: 1774643349
=== Setting parameter values for run phase ===
Checking query plan before run phase
=== Executing the run phase with extendproportion=0 and read/update proportions=0.5 ===
Arrangement completed. Output saved to ../analysis/Data/Workload_data/postgresql_arrayjson_vacuum_notfull_run2_uniform_light_mixed.csv
Arrangement completed. Output saved to ../analysis/Data/Workload_data/postgresql_arrayjson_vacuum_notfull_run2_uniform_light_mixed.csv
Backing up the database started
Backing up the database finished
Arrangement completed. Output saved to ../analysis/Data/Workload_data/postgresql_arrayjson_vacuum_notfull_run2_uniform_light_mixed.csv
Size computation started
Appending subsequent iteration 77...
Iteration 77: Appended new size values from key_sizes_postgresql_arrayjson_vacuum_notfull_uniform_light_mixed_run2.csv to ../analysis/Data/Value_size_data/value_sizes_postgresql_arrayjson_vacuum_notfull_run2_uniform_light_after_mixed.csv
Total size: 109340000, Field length average: 10934
Workload file fieldlength set to: 10934 (expected: 10934)
=== Executing the load phase for the comparison study ===
Comparison-load verification - Epoch:8 Run:7 TotalSize:109340000 ExpectedFieldLength:10934
Avg-run verification - Epoch:8 Run:7 Iteration:77 TotalSize:109340000 ExpectedFieldLength:10934
=== Executing the run phase with extendproportion=0 and read/update proportions=0.5 ===
Arrangement completed. Output saved to ../analysis/Data/Workload_data/postgresql_arrayjson_vacuum_notfull_run2_uniform_light_mixed.csv
=== Setting parameter values for extend phase ===
=== Executing the extend phase with extendproportion=1 and other proportions=0 ===
Arrangement completed. Output saved to ../analysis/Data/Workload_data/postgresql_arrayjson_vacuum_notfull_run2_uniform_light_mixed.csv
Size computation started
Extend verification - Min:98500 Max:112200 Avg:110337 (Expected avg per record: ~1000 bytes initially)
Generating histogram from key size log: key_sizes_postgresql_arrayjson_vacuum_notfull_uniform_light_mixed_run2.csv
Histogram written to histogram.txt (BlockSize = 100)
Appending subsequent iteration 78...
Iteration 78: Appended new size values from key_sizes_postgresql_arrayjson_vacuum_notfull_uniform_light_mixed_run2.csv to ../analysis/Data/Value_size_data/value_sizes_postgresql_arrayjson_vacuum_notfull_run2_uniform_light_before_mixed.csv
VACUUM start: 1774643752
VACUUM end: 1774643754
=== Setting parameter values for run phase ===
Checking query plan before run phase
=== Executing the run phase with extendproportion=0 and read/update proportions=0.5 ===
Arrangement completed. Output saved to ../analysis/Data/Workload_data/postgresql_arrayjson_vacuum_notfull_run2_uniform_light_mixed.csv
Arrangement completed. Output saved to ../analysis/Data/Workload_data/postgresql_arrayjson_vacuum_notfull_run2_uniform_light_mixed.csv
Backing up the database started
Backing up the database finished
Arrangement completed. Output saved to ../analysis/Data/Workload_data/postgresql_arrayjson_vacuum_notfull_run2_uniform_light_mixed.csv
Size computation started
Appending subsequent iteration 78...
Iteration 78: Appended new size values from key_sizes_postgresql_arrayjson_vacuum_notfull_uniform_light_mixed_run2.csv to ../analysis/Data/Value_size_data/value_sizes_postgresql_arrayjson_vacuum_notfull_run2_uniform_light_after_mixed.csv
Total size: 110756200, Field length average: 11075
Workload file fieldlength set to: 11075 (expected: 11075)
=== Executing the load phase for the comparison study ===
Comparison-load verification - Epoch:8 Run:8 TotalSize:110750000 ExpectedFieldLength:11075
Avg-run verification - Epoch:8 Run:8 Iteration:78 TotalSize:110750000 ExpectedFieldLength:11075
=== Executing the run phase with extendproportion=0 and read/update proportions=0.5 ===
Arrangement completed. Output saved to ../analysis/Data/Workload_data/postgresql_arrayjson_vacuum_notfull_run2_uniform_light_mixed.csv
=== Setting parameter values for extend phase ===
=== Executing the extend phase with extendproportion=1 and other proportions=0 ===
Arrangement completed. Output saved to ../analysis/Data/Workload_data/postgresql_arrayjson_vacuum_notfull_run2_uniform_light_mixed.csv
Size computation started
Extend verification - Min:99900 Max:113300 Avg:111783 (Expected avg per record: ~1000 bytes initially)
Generating histogram from key size log: key_sizes_postgresql_arrayjson_vacuum_notfull_uniform_light_mixed_run2.csv
Histogram written to histogram.txt (BlockSize = 100)
Appending subsequent iteration 79...
Iteration 79: Appended new size values from key_sizes_postgresql_arrayjson_vacuum_notfull_uniform_light_mixed_run2.csv to ../analysis/Data/Value_size_data/value_sizes_postgresql_arrayjson_vacuum_notfull_run2_uniform_light_before_mixed.csv
VACUUM start: 1774644161
VACUUM end: 1774644163
=== Setting parameter values for run phase ===
Checking query plan before run phase
=== Executing the run phase with extendproportion=0 and read/update proportions=0.5 ===
Arrangement completed. Output saved to ../analysis/Data/Workload_data/postgresql_arrayjson_vacuum_notfull_run2_uniform_light_mixed.csv
Arrangement completed. Output saved to ../analysis/Data/Workload_data/postgresql_arrayjson_vacuum_notfull_run2_uniform_light_mixed.csv
Backing up the database started
Backing up the database finished
Arrangement completed. Output saved to ../analysis/Data/Workload_data/postgresql_arrayjson_vacuum_notfull_run2_uniform_light_mixed.csv
Size computation started
Appending subsequent iteration 79...
Iteration 79: Appended new size values from key_sizes_postgresql_arrayjson_vacuum_notfull_uniform_light_mixed_run2.csv to ../analysis/Data/Value_size_data/value_sizes_postgresql_arrayjson_vacuum_notfull_run2_uniform_light_after_mixed.csv
Total size: 112233300, Field length average: 11223
Workload file fieldlength set to: 11223 (expected: 11223)
=== Executing the load phase for the comparison study ===
Comparison-load verification - Epoch:8 Run:9 TotalSize:112230000 ExpectedFieldLength:11223
Avg-run verification - Epoch:8 Run:9 Iteration:79 TotalSize:112230000 ExpectedFieldLength:11223
=== Executing the run phase with extendproportion=0 and read/update proportions=0.5 ===
Arrangement completed. Output saved to ../analysis/Data/Workload_data/postgresql_arrayjson_vacuum_notfull_run2_uniform_light_mixed.csv
=== Setting parameter values for extend phase ===
=== Executing the extend phase with extendproportion=1 and other proportions=0 ===
Arrangement completed. Output saved to ../analysis/Data/Workload_data/postgresql_arrayjson_vacuum_notfull_run2_uniform_light_mixed.csv
Size computation started
Extend verification - Min:100200 Max:114700 Avg:113218 (Expected avg per record: ~1000 bytes initially)
Generating histogram from key size log: key_sizes_postgresql_arrayjson_vacuum_notfull_uniform_light_mixed_run2.csv
Histogram written to histogram.txt (BlockSize = 100)
Appending subsequent iteration 80...
Iteration 80: Appended new size values from key_sizes_postgresql_arrayjson_vacuum_notfull_uniform_light_mixed_run2.csv to ../analysis/Data/Value_size_data/value_sizes_postgresql_arrayjson_vacuum_notfull_run2_uniform_light_before_mixed.csv
VACUUM start: 1774644572
VACUUM end: 1774644574
=== Setting parameter values for run phase ===
Checking query plan before run phase
=== Executing the run phase with extendproportion=0 and read/update proportions=0.5 ===
Arrangement completed. Output saved to ../analysis/Data/Workload_data/postgresql_arrayjson_vacuum_notfull_run2_uniform_light_mixed.csv
Arrangement completed. Output saved to ../analysis/Data/Workload_data/postgresql_arrayjson_vacuum_notfull_run2_uniform_light_mixed.csv
Backing up the database started
Backing up the database finished
Arrangement completed. Output saved to ../analysis/Data/Workload_data/postgresql_arrayjson_vacuum_notfull_run2_uniform_light_mixed.csv
Size computation started
Appending subsequent iteration 80...
Iteration 80: Appended new size values from key_sizes_postgresql_arrayjson_vacuum_notfull_uniform_light_mixed_run2.csv to ../analysis/Data/Value_size_data/value_sizes_postgresql_arrayjson_vacuum_notfull_run2_uniform_light_after_mixed.csv
Total size: 113582300, Field length average: 11358
Workload file fieldlength set to: 11358 (expected: 11358)
=== Executing the load phase for the comparison study ===
Comparison-load verification - Epoch:8 Run:10 TotalSize:113580000 ExpectedFieldLength:11358
Avg-run verification - Epoch:8 Run:10 Iteration:80 TotalSize:113580000 ExpectedFieldLength:11358
=== Executing the run phase with extendproportion=0 and read/update proportions=0.5 ===
Arrangement completed. Output saved to ../analysis/Data/Workload_data/postgresql_arrayjson_vacuum_notfull_run2_uniform_light_mixed.csv
=== Setting parameter values for extend phase ===
=== Executing the extend phase with extendproportion=1 and other proportions=0 ===
Arrangement completed. Output saved to ../analysis/Data/Workload_data/postgresql_arrayjson_vacuum_notfull_run2_uniform_light_mixed.csv
Size computation started
Extend verification - Min:102200 Max:115900 Avg:114629 (Expected avg per record: ~1000 bytes initially)
Generating histogram from key size log: key_sizes_postgresql_arrayjson_vacuum_notfull_uniform_light_mixed_run2.csv
Histogram written to histogram.txt (BlockSize = 100)
Appending subsequent iteration 81...
Iteration 81: Appended new size values from key_sizes_postgresql_arrayjson_vacuum_notfull_uniform_light_mixed_run2.csv to ../analysis/Data/Value_size_data/value_sizes_postgresql_arrayjson_vacuum_notfull_run2_uniform_light_before_mixed.csv
VACUUM start: 1774644986
VACUUM end: 1774644988
=== Setting parameter values for run phase ===
Checking query plan before run phase
=== Executing the run phase with extendproportion=0 and read/update proportions=0.5 ===
Arrangement completed. Output saved to ../analysis/Data/Workload_data/postgresql_arrayjson_vacuum_notfull_run2_uniform_light_mixed.csv
Arrangement completed. Output saved to ../analysis/Data/Workload_data/postgresql_arrayjson_vacuum_notfull_run2_uniform_light_mixed.csv
Backing up the database started
Backing up the database finished
Arrangement completed. Output saved to ../analysis/Data/Workload_data/postgresql_arrayjson_vacuum_notfull_run2_uniform_light_mixed.csv
Size computation started
Appending subsequent iteration 81...
Iteration 81: Appended new size values from key_sizes_postgresql_arrayjson_vacuum_notfull_uniform_light_mixed_run2.csv to ../analysis/Data/Value_size_data/value_sizes_postgresql_arrayjson_vacuum_notfull_run2_uniform_light_after_mixed.csv
Total size: 114731700, Field length average: 11473
Workload file fieldlength set to: 11473 (expected: 11473)
=== Executing the load phase for the comparison study ===
Comparison-load verification - Epoch:9 Run:1 TotalSize:114730000 ExpectedFieldLength:11473
Avg-run verification - Epoch:9 Run:1 Iteration:81 TotalSize:114730000 ExpectedFieldLength:11473
=== Executing the run phase with extendproportion=0 and read/update proportions=0.5 ===
Arrangement completed. Output saved to ../analysis/Data/Workload_data/postgresql_arrayjson_vacuum_notfull_run2_uniform_light_mixed.csv
=== Setting parameter values for extend phase ===
=== Executing the extend phase with extendproportion=1 and other proportions=0 ===
Arrangement completed. Output saved to ../analysis/Data/Workload_data/postgresql_arrayjson_vacuum_notfull_run2_uniform_light_mixed.csv
Size computation started
Extend verification - Min:103100 Max:117200 Avg:115767 (Expected avg per record: ~1000 bytes initially)
Generating histogram from key size log: key_sizes_postgresql_arrayjson_vacuum_notfull_uniform_light_mixed_run2.csv
Histogram written to histogram.txt (BlockSize = 100)
Appending subsequent iteration 82...
Iteration 82: Appended new size values from key_sizes_postgresql_arrayjson_vacuum_notfull_uniform_light_mixed_run2.csv to ../analysis/Data/Value_size_data/value_sizes_postgresql_arrayjson_vacuum_notfull_run2_uniform_light_before_mixed.csv
VACUUM start: 1774645401
VACUUM end: 1774645403
=== Setting parameter values for run phase ===
Checking query plan before run phase
=== Executing the run phase with extendproportion=0 and read/update proportions=0.5 ===
Arrangement completed. Output saved to ../analysis/Data/Workload_data/postgresql_arrayjson_vacuum_notfull_run2_uniform_light_mixed.csv
Arrangement completed. Output saved to ../analysis/Data/Workload_data/postgresql_arrayjson_vacuum_notfull_run2_uniform_light_mixed.csv
Backing up the database started
Backing up the database finished
Arrangement completed. Output saved to ../analysis/Data/Workload_data/postgresql_arrayjson_vacuum_notfull_run2_uniform_light_mixed.csv
Size computation started
Appending subsequent iteration 82...
Iteration 82: Appended new size values from key_sizes_postgresql_arrayjson_vacuum_notfull_uniform_light_mixed_run2.csv to ../analysis/Data/Value_size_data/value_sizes_postgresql_arrayjson_vacuum_notfull_run2_uniform_light_after_mixed.csv
Total size: 116166200, Field length average: 11616
Workload file fieldlength set to: 11616 (expected: 11616)
=== Executing the load phase for the comparison study ===
Comparison-load verification - Epoch:9 Run:2 TotalSize:116160000 ExpectedFieldLength:11616
Avg-run verification - Epoch:9 Run:2 Iteration:82 TotalSize:116160000 ExpectedFieldLength:11616
=== Executing the run phase with extendproportion=0 and read/update proportions=0.5 ===
Arrangement completed. Output saved to ../analysis/Data/Workload_data/postgresql_arrayjson_vacuum_notfull_run2_uniform_light_mixed.csv
=== Setting parameter values for extend phase ===
=== Executing the extend phase with extendproportion=1 and other proportions=0 ===
Arrangement completed. Output saved to ../analysis/Data/Workload_data/postgresql_arrayjson_vacuum_notfull_run2_uniform_light_mixed.csv
Size computation started
Extend verification - Min:104300 Max:118800 Avg:117127 (Expected avg per record: ~1000 bytes initially)
Generating histogram from key size log: key_sizes_postgresql_arrayjson_vacuum_notfull_uniform_light_mixed_run2.csv
Histogram written to histogram.txt (BlockSize = 100)
Appending subsequent iteration 83...
Iteration 83: Appended new size values from key_sizes_postgresql_arrayjson_vacuum_notfull_uniform_light_mixed_run2.csv to ../analysis/Data/Value_size_data/value_sizes_postgresql_arrayjson_vacuum_notfull_run2_uniform_light_before_mixed.csv
VACUUM start: 1774645817
VACUUM end: 1774645819
=== Setting parameter values for run phase ===
Checking query plan before run phase
=== Executing the run phase with extendproportion=0 and read/update proportions=0.5 ===
Arrangement completed. Output saved to ../analysis/Data/Workload_data/postgresql_arrayjson_vacuum_notfull_run2_uniform_light_mixed.csv
Arrangement completed. Output saved to ../analysis/Data/Workload_data/postgresql_arrayjson_vacuum_notfull_run2_uniform_light_mixed.csv
Backing up the database started
Backing up the database finished
Arrangement completed. Output saved to ../analysis/Data/Workload_data/postgresql_arrayjson_vacuum_notfull_run2_uniform_light_mixed.csv
Size computation started
Appending subsequent iteration 83...
Iteration 83: Appended new size values from key_sizes_postgresql_arrayjson_vacuum_notfull_uniform_light_mixed_run2.csv to ../analysis/Data/Value_size_data/value_sizes_postgresql_arrayjson_vacuum_notfull_run2_uniform_light_after_mixed.csv
Total size: 117482500, Field length average: 11748
Workload file fieldlength set to: 11748 (expected: 11748)
=== Executing the load phase for the comparison study ===
Comparison-load verification - Epoch:9 Run:3 TotalSize:117480000 ExpectedFieldLength:11748
Avg-run verification - Epoch:9 Run:3 Iteration:83 TotalSize:117480000 ExpectedFieldLength:11748
=== Executing the run phase with extendproportion=0 and read/update proportions=0.5 ===
Arrangement completed. Output saved to ../analysis/Data/Workload_data/postgresql_arrayjson_vacuum_notfull_run2_uniform_light_mixed.csv
=== Setting parameter values for extend phase ===
=== Executing the extend phase with extendproportion=1 and other proportions=0 ===
Arrangement completed. Output saved to ../analysis/Data/Workload_data/postgresql_arrayjson_vacuum_notfull_run2_uniform_light_mixed.csv
Size computation started
Extend verification - Min:106000 Max:120100 Avg:118487 (Expected avg per record: ~1000 bytes initially)
Generating histogram from key size log: key_sizes_postgresql_arrayjson_vacuum_notfull_uniform_light_mixed_run2.csv
Histogram written to histogram.txt (BlockSize = 100)
Appending subsequent iteration 84...
Iteration 84: Appended new size values from key_sizes_postgresql_arrayjson_vacuum_notfull_uniform_light_mixed_run2.csv to ../analysis/Data/Value_size_data/value_sizes_postgresql_arrayjson_vacuum_notfull_run2_uniform_light_before_mixed.csv
VACUUM start: 1774646238
VACUUM end: 1774646240
=== Setting parameter values for run phase ===
Checking query plan before run phase
=== Executing the run phase with extendproportion=0 and read/update proportions=0.5 ===
Arrangement completed. Output saved to ../analysis/Data/Workload_data/postgresql_arrayjson_vacuum_notfull_run2_uniform_light_mixed.csv
Arrangement completed. Output saved to ../analysis/Data/Workload_data/postgresql_arrayjson_vacuum_notfull_run2_uniform_light_mixed.csv
Backing up the database started
Backing up the database finished
Arrangement completed. Output saved to ../analysis/Data/Workload_data/postgresql_arrayjson_vacuum_notfull_run2_uniform_light_mixed.csv
Size computation started
Appending subsequent iteration 84...
Iteration 84: Appended new size values from key_sizes_postgresql_arrayjson_vacuum_notfull_uniform_light_mixed_run2.csv to ../analysis/Data/Value_size_data/value_sizes_postgresql_arrayjson_vacuum_notfull_run2_uniform_light_after_mixed.csv
Total size: 118961900, Field length average: 11896
Workload file fieldlength set to: 11896 (expected: 11896)
=== Executing the load phase for the comparison study ===
Comparison-load verification - Epoch:9 Run:4 TotalSize:118960000 ExpectedFieldLength:11896
Avg-run verification - Epoch:9 Run:4 Iteration:84 TotalSize:118960000 ExpectedFieldLength:11896
=== Executing the run phase with extendproportion=0 and read/update proportions=0.5 ===
Arrangement completed. Output saved to ../analysis/Data/Workload_data/postgresql_arrayjson_vacuum_notfull_run2_uniform_light_mixed.csv
=== Setting parameter values for extend phase ===
=== Executing the extend phase with extendproportion=1 and other proportions=0 ===
Arrangement completed. Output saved to ../analysis/Data/Workload_data/postgresql_arrayjson_vacuum_notfull_run2_uniform_light_mixed.csv
Size computation started
Extend verification - Min:107500 Max:121600 Avg:119919 (Expected avg per record: ~1000 bytes initially)
Generating histogram from key size log: key_sizes_postgresql_arrayjson_vacuum_notfull_uniform_light_mixed_run2.csv
Histogram written to histogram.txt (BlockSize = 100)
Appending subsequent iteration 85...
Iteration 85: Appended new size values from key_sizes_postgresql_arrayjson_vacuum_notfull_uniform_light_mixed_run2.csv to ../analysis/Data/Value_size_data/value_sizes_postgresql_arrayjson_vacuum_notfull_run2_uniform_light_before_mixed.csv
VACUUM start: 1774646655
VACUUM end: 1774646657
=== Setting parameter values for run phase ===
Checking query plan before run phase
=== Executing the run phase with extendproportion=0 and read/update proportions=0.5 ===
Arrangement completed. Output saved to ../analysis/Data/Workload_data/postgresql_arrayjson_vacuum_notfull_run2_uniform_light_mixed.csv
Arrangement completed. Output saved to ../analysis/Data/Workload_data/postgresql_arrayjson_vacuum_notfull_run2_uniform_light_mixed.csv
Backing up the database started
Backing up the database finished
Arrangement completed. Output saved to ../analysis/Data/Workload_data/postgresql_arrayjson_vacuum_notfull_run2_uniform_light_mixed.csv
Size computation started
Appending subsequent iteration 85...
Iteration 85: Appended new size values from key_sizes_postgresql_arrayjson_vacuum_notfull_uniform_light_mixed_run2.csv to ../analysis/Data/Value_size_data/value_sizes_postgresql_arrayjson_vacuum_notfull_run2_uniform_light_after_mixed.csv
Total size: 120329500, Field length average: 12032
Workload file fieldlength set to: 12032 (expected: 12032)
=== Executing the load phase for the comparison study ===
Comparison-load verification - Epoch:9 Run:5 TotalSize:120320000 ExpectedFieldLength:12032
Avg-run verification - Epoch:9 Run:5 Iteration:85 TotalSize:120320000 ExpectedFieldLength:12032
=== Executing the run phase with extendproportion=0 and read/update proportions=0.5 ===
Arrangement completed. Output saved to ../analysis/Data/Workload_data/postgresql_arrayjson_vacuum_notfull_run2_uniform_light_mixed.csv
=== Setting parameter values for extend phase ===
=== Executing the extend phase with extendproportion=1 and other proportions=0 ===
Arrangement completed. Output saved to ../analysis/Data/Workload_data/postgresql_arrayjson_vacuum_notfull_run2_uniform_light_mixed.csv
Size computation started
Extend verification - Min:108800 Max:122800 Avg:121191 (Expected avg per record: ~1000 bytes initially)
Generating histogram from key size log: key_sizes_postgresql_arrayjson_vacuum_notfull_uniform_light_mixed_run2.csv
Histogram written to histogram.txt (BlockSize = 100)
Appending subsequent iteration 86...
Iteration 86: Appended new size values from key_sizes_postgresql_arrayjson_vacuum_notfull_uniform_light_mixed_run2.csv to ../analysis/Data/Value_size_data/value_sizes_postgresql_arrayjson_vacuum_notfull_run2_uniform_light_before_mixed.csv
VACUUM start: 1774647078
VACUUM end: 1774647080
=== Setting parameter values for run phase ===
Checking query plan before run phase
=== Executing the run phase with extendproportion=0 and read/update proportions=0.5 ===
Arrangement completed. Output saved to ../analysis/Data/Workload_data/postgresql_arrayjson_vacuum_notfull_run2_uniform_light_mixed.csv
Arrangement completed. Output saved to ../analysis/Data/Workload_data/postgresql_arrayjson_vacuum_notfull_run2_uniform_light_mixed.csv
Backing up the database started
Backing up the database finished
Arrangement completed. Output saved to ../analysis/Data/Workload_data/postgresql_arrayjson_vacuum_notfull_run2_uniform_light_mixed.csv
Size computation started
Appending subsequent iteration 86...
Iteration 86: Appended new size values from key_sizes_postgresql_arrayjson_vacuum_notfull_uniform_light_mixed_run2.csv to ../analysis/Data/Value_size_data/value_sizes_postgresql_arrayjson_vacuum_notfull_run2_uniform_light_after_mixed.csv
Total size: 121427600, Field length average: 12142
Workload file fieldlength set to: 12142 (expected: 12142)
=== Executing the load phase for the comparison study ===
Comparison-load verification - Epoch:9 Run:6 TotalSize:121420000 ExpectedFieldLength:12142
Avg-run verification - Epoch:9 Run:6 Iteration:86 TotalSize:121420000 ExpectedFieldLength:12142
=== Executing the run phase with extendproportion=0 and read/update proportions=0.5 ===
Arrangement completed. Output saved to ../analysis/Data/Workload_data/postgresql_arrayjson_vacuum_notfull_run2_uniform_light_mixed.csv
=== Setting parameter values for extend phase ===
=== Executing the extend phase with extendproportion=1 and other proportions=0 ===
Arrangement completed. Output saved to ../analysis/Data/Workload_data/postgresql_arrayjson_vacuum_notfull_run2_uniform_light_mixed.csv
Size computation started
Extend verification - Min:109200 Max:124100 Avg:122455 (Expected avg per record: ~1000 bytes initially)
Generating histogram from key size log: key_sizes_postgresql_arrayjson_vacuum_notfull_uniform_light_mixed_run2.csv
Histogram written to histogram.txt (BlockSize = 100)
Appending subsequent iteration 87...
Iteration 87: Appended new size values from key_sizes_postgresql_arrayjson_vacuum_notfull_uniform_light_mixed_run2.csv to ../analysis/Data/Value_size_data/value_sizes_postgresql_arrayjson_vacuum_notfull_run2_uniform_light_before_mixed.csv
VACUUM start: 1774647509
VACUUM end: 1774647511
=== Setting parameter values for run phase ===
Checking query plan before run phase
=== Executing the run phase with extendproportion=0 and read/update proportions=0.5 ===
Arrangement completed. Output saved to ../analysis/Data/Workload_data/postgresql_arrayjson_vacuum_notfull_run2_uniform_light_mixed.csv
Arrangement completed. Output saved to ../analysis/Data/Workload_data/postgresql_arrayjson_vacuum_notfull_run2_uniform_light_mixed.csv
Backing up the database started
Backing up the database finished
Arrangement completed. Output saved to ../analysis/Data/Workload_data/postgresql_arrayjson_vacuum_notfull_run2_uniform_light_mixed.csv
Size computation started
Appending subsequent iteration 87...
Iteration 87: Appended new size values from key_sizes_postgresql_arrayjson_vacuum_notfull_uniform_light_mixed_run2.csv to ../analysis/Data/Value_size_data/value_sizes_postgresql_arrayjson_vacuum_notfull_run2_uniform_light_after_mixed.csv
Total size: 122795100, Field length average: 12279
Workload file fieldlength set to: 12279 (expected: 12279)
=== Executing the load phase for the comparison study ===
Comparison-load verification - Epoch:9 Run:7 TotalSize:122790000 ExpectedFieldLength:12279
Avg-run verification - Epoch:9 Run:7 Iteration:87 TotalSize:122790000 ExpectedFieldLength:12279
=== Executing the run phase with extendproportion=0 and read/update proportions=0.5 ===
Arrangement completed. Output saved to ../analysis/Data/Workload_data/postgresql_arrayjson_vacuum_notfull_run2_uniform_light_mixed.csv
=== Setting parameter values for extend phase ===
=== Executing the extend phase with extendproportion=1 and other proportions=0 ===
Arrangement completed. Output saved to ../analysis/Data/Workload_data/postgresql_arrayjson_vacuum_notfull_run2_uniform_light_mixed.csv
Size computation started
Extend verification - Min:111100 Max:125300 Avg:123845 (Expected avg per record: ~1000 bytes initially)
Generating histogram from key size log: key_sizes_postgresql_arrayjson_vacuum_notfull_uniform_light_mixed_run2.csv
Histogram written to histogram.txt (BlockSize = 100)
Appending subsequent iteration 88...
Iteration 88: Appended new size values from key_sizes_postgresql_arrayjson_vacuum_notfull_uniform_light_mixed_run2.csv to ../analysis/Data/Value_size_data/value_sizes_postgresql_arrayjson_vacuum_notfull_run2_uniform_light_before_mixed.csv
VACUUM start: 1774647940
VACUUM end: 1774647942
=== Setting parameter values for run phase ===
Checking query plan before run phase
=== Executing the run phase with extendproportion=0 and read/update proportions=0.5 ===
Arrangement completed. Output saved to ../analysis/Data/Workload_data/postgresql_arrayjson_vacuum_notfull_run2_uniform_light_mixed.csv
Arrangement completed. Output saved to ../analysis/Data/Workload_data/postgresql_arrayjson_vacuum_notfull_run2_uniform_light_mixed.csv
Backing up the database started
Backing up the database finished
Arrangement completed. Output saved to ../analysis/Data/Workload_data/postgresql_arrayjson_vacuum_notfull_run2_uniform_light_mixed.csv
Size computation started
Appending subsequent iteration 88...
Iteration 88: Appended new size values from key_sizes_postgresql_arrayjson_vacuum_notfull_uniform_light_mixed_run2.csv to ../analysis/Data/Value_size_data/value_sizes_postgresql_arrayjson_vacuum_notfull_run2_uniform_light_after_mixed.csv
Total size: 124271000, Field length average: 12427
Workload file fieldlength set to: 12427 (expected: 12427)
=== Executing the load phase for the comparison study ===
Comparison-load verification - Epoch:9 Run:8 TotalSize:124270000 ExpectedFieldLength:12427
Avg-run verification - Epoch:9 Run:8 Iteration:88 TotalSize:124270000 ExpectedFieldLength:12427
=== Executing the run phase with extendproportion=0 and read/update proportions=0.5 ===
Arrangement completed. Output saved to ../analysis/Data/Workload_data/postgresql_arrayjson_vacuum_notfull_run2_uniform_light_mixed.csv
=== Setting parameter values for extend phase ===
=== Executing the extend phase with extendproportion=1 and other proportions=0 ===
Arrangement completed. Output saved to ../analysis/Data/Workload_data/postgresql_arrayjson_vacuum_notfull_run2_uniform_light_mixed.csv
Size computation started
Extend verification - Min:112300 Max:126600 Avg:125269 (Expected avg per record: ~1000 bytes initially)
Generating histogram from key size log: key_sizes_postgresql_arrayjson_vacuum_notfull_uniform_light_mixed_run2.csv
Histogram written to histogram.txt (BlockSize = 100)
Appending subsequent iteration 89...
Iteration 89: Appended new size values from key_sizes_postgresql_arrayjson_vacuum_notfull_uniform_light_mixed_run2.csv to ../analysis/Data/Value_size_data/value_sizes_postgresql_arrayjson_vacuum_notfull_run2_uniform_light_before_mixed.csv
VACUUM start: 1774648376
VACUUM end: 1774648379
=== Setting parameter values for run phase ===
Checking query plan before run phase
=== Executing the run phase with extendproportion=0 and read/update proportions=0.5 ===
Arrangement completed. Output saved to ../analysis/Data/Workload_data/postgresql_arrayjson_vacuum_notfull_run2_uniform_light_mixed.csv
Arrangement completed. Output saved to ../analysis/Data/Workload_data/postgresql_arrayjson_vacuum_notfull_run2_uniform_light_mixed.csv
Backing up the database started
Backing up the database finished
Arrangement completed. Output saved to ../analysis/Data/Workload_data/postgresql_arrayjson_vacuum_notfull_run2_uniform_light_mixed.csv
Size computation started
Appending subsequent iteration 89...
Iteration 89: Appended new size values from key_sizes_postgresql_arrayjson_vacuum_notfull_uniform_light_mixed_run2.csv to ../analysis/Data/Value_size_data/value_sizes_postgresql_arrayjson_vacuum_notfull_run2_uniform_light_after_mixed.csv
Total size: 125613200, Field length average: 12561
Workload file fieldlength set to: 12561 (expected: 12561)
=== Executing the load phase for the comparison study ===
Comparison-load verification - Epoch:9 Run:9 TotalSize:125610000 ExpectedFieldLength:12561
Avg-run verification - Epoch:9 Run:9 Iteration:89 TotalSize:125610000 ExpectedFieldLength:12561
=== Executing the run phase with extendproportion=0 and read/update proportions=0.5 ===
Arrangement completed. Output saved to ../analysis/Data/Workload_data/postgresql_arrayjson_vacuum_notfull_run2_uniform_light_mixed.csv
=== Setting parameter values for extend phase ===
=== Executing the extend phase with extendproportion=1 and other proportions=0 ===
Arrangement completed. Output saved to ../analysis/Data/Workload_data/postgresql_arrayjson_vacuum_notfull_run2_uniform_light_mixed.csv
Size computation started
Extend verification - Min:113800 Max:128100 Avg:126599 (Expected avg per record: ~1000 bytes initially)
Generating histogram from key size log: key_sizes_postgresql_arrayjson_vacuum_notfull_uniform_light_mixed_run2.csv
Histogram written to histogram.txt (BlockSize = 100)
Appending subsequent iteration 90...
Iteration 90: Appended new size values from key_sizes_postgresql_arrayjson_vacuum_notfull_uniform_light_mixed_run2.csv to ../analysis/Data/Value_size_data/value_sizes_postgresql_arrayjson_vacuum_notfull_run2_uniform_light_before_mixed.csv
VACUUM start: 1774648811
VACUUM end: 1774648814
=== Setting parameter values for run phase ===
Checking query plan before run phase
=== Executing the run phase with extendproportion=0 and read/update proportions=0.5 ===
Arrangement completed. Output saved to ../analysis/Data/Workload_data/postgresql_arrayjson_vacuum_notfull_run2_uniform_light_mixed.csv
Arrangement completed. Output saved to ../analysis/Data/Workload_data/postgresql_arrayjson_vacuum_notfull_run2_uniform_light_mixed.csv
Backing up the database started
Backing up the database finished
Arrangement completed. Output saved to ../analysis/Data/Workload_data/postgresql_arrayjson_vacuum_notfull_run2_uniform_light_mixed.csv
Size computation started
Appending subsequent iteration 90...
Iteration 90: Appended new size values from key_sizes_postgresql_arrayjson_vacuum_notfull_uniform_light_mixed_run2.csv to ../analysis/Data/Value_size_data/value_sizes_postgresql_arrayjson_vacuum_notfull_run2_uniform_light_after_mixed.csv
Total size: 127033400, Field length average: 12703
Workload file fieldlength set to: 12703 (expected: 12703)
=== Executing the load phase for the comparison study ===
Comparison-load verification - Epoch:9 Run:10 TotalSize:127030000 ExpectedFieldLength:12703
Avg-run verification - Epoch:9 Run:10 Iteration:90 TotalSize:127030000 ExpectedFieldLength:12703
=== Executing the run phase with extendproportion=0 and read/update proportions=0.5 ===
Arrangement completed. Output saved to ../analysis/Data/Workload_data/postgresql_arrayjson_vacuum_notfull_run2_uniform_light_mixed.csv
=== Setting parameter values for extend phase ===
=== Executing the extend phase with extendproportion=1 and other proportions=0 ===
Arrangement completed. Output saved to ../analysis/Data/Workload_data/postgresql_arrayjson_vacuum_notfull_run2_uniform_light_mixed.csv
Size computation started
Extend verification - Min:113800 Max:129400 Avg:127938 (Expected avg per record: ~1000 bytes initially)
Generating histogram from key size log: key_sizes_postgresql_arrayjson_vacuum_notfull_uniform_light_mixed_run2.csv
Histogram written to histogram.txt (BlockSize = 100)
Appending subsequent iteration 91...
Iteration 91: Appended new size values from key_sizes_postgresql_arrayjson_vacuum_notfull_uniform_light_mixed_run2.csv to ../analysis/Data/Value_size_data/value_sizes_postgresql_arrayjson_vacuum_notfull_run2_uniform_light_before_mixed.csv
VACUUM start: 1774649243
VACUUM end: 1774649245
=== Setting parameter values for run phase ===
Checking query plan before run phase
=== Executing the run phase with extendproportion=0 and read/update proportions=0.5 ===
Arrangement completed. Output saved to ../analysis/Data/Workload_data/postgresql_arrayjson_vacuum_notfull_run2_uniform_light_mixed.csv
Arrangement completed. Output saved to ../analysis/Data/Workload_data/postgresql_arrayjson_vacuum_notfull_run2_uniform_light_mixed.csv
Backing up the database started
Backing up the database finished
Arrangement completed. Output saved to ../analysis/Data/Workload_data/postgresql_arrayjson_vacuum_notfull_run2_uniform_light_mixed.csv
Size computation started
Appending subsequent iteration 91...
Iteration 91: Appended new size values from key_sizes_postgresql_arrayjson_vacuum_notfull_uniform_light_mixed_run2.csv to ../analysis/Data/Value_size_data/value_sizes_postgresql_arrayjson_vacuum_notfull_run2_uniform_light_after_mixed.csv
Total size: 128469300, Field length average: 12846
Workload file fieldlength set to: 12846 (expected: 12846)
=== Executing the load phase for the comparison study ===
Comparison-load verification - Epoch:10 Run:1 TotalSize:128460000 ExpectedFieldLength:12846
Avg-run verification - Epoch:10 Run:1 Iteration:91 TotalSize:128460000 ExpectedFieldLength:12846
=== Executing the run phase with extendproportion=0 and read/update proportions=0.5 ===
Arrangement completed. Output saved to ../analysis/Data/Workload_data/postgresql_arrayjson_vacuum_notfull_run2_uniform_light_mixed.csv
=== Setting parameter values for extend phase ===
=== Executing the extend phase with extendproportion=1 and other proportions=0 ===
Arrangement completed. Output saved to ../analysis/Data/Workload_data/postgresql_arrayjson_vacuum_notfull_run2_uniform_light_mixed.csv
Size computation started
Extend verification - Min:116300 Max:130800 Avg:129379 (Expected avg per record: ~1000 bytes initially)
Generating histogram from key size log: key_sizes_postgresql_arrayjson_vacuum_notfull_uniform_light_mixed_run2.csv
Histogram written to histogram.txt (BlockSize = 100)
Appending subsequent iteration 92...
Iteration 92: Appended new size values from key_sizes_postgresql_arrayjson_vacuum_notfull_uniform_light_mixed_run2.csv to ../analysis/Data/Value_size_data/value_sizes_postgresql_arrayjson_vacuum_notfull_run2_uniform_light_before_mixed.csv
VACUUM start: 1774649685
VACUUM end: 1774649687
=== Setting parameter values for run phase ===
Checking query plan before run phase
=== Executing the run phase with extendproportion=0 and read/update proportions=0.5 ===
Arrangement completed. Output saved to ../analysis/Data/Workload_data/postgresql_arrayjson_vacuum_notfull_run2_uniform_light_mixed.csv
Arrangement completed. Output saved to ../analysis/Data/Workload_data/postgresql_arrayjson_vacuum_notfull_run2_uniform_light_mixed.csv
Backing up the database started
Backing up the database finished
Arrangement completed. Output saved to ../analysis/Data/Workload_data/postgresql_arrayjson_vacuum_notfull_run2_uniform_light_mixed.csv
Size computation started
Appending subsequent iteration 92...
Iteration 92: Appended new size values from key_sizes_postgresql_arrayjson_vacuum_notfull_uniform_light_mixed_run2.csv to ../analysis/Data/Value_size_data/value_sizes_postgresql_arrayjson_vacuum_notfull_run2_uniform_light_after_mixed.csv
Total size: 129602700, Field length average: 12960
Workload file fieldlength set to: 12960 (expected: 12960)
=== Executing the load phase for the comparison study ===
Comparison-load verification - Epoch:10 Run:2 TotalSize:129600000 ExpectedFieldLength:12960
Avg-run verification - Epoch:10 Run:2 Iteration:92 TotalSize:129600000 ExpectedFieldLength:12960
=== Executing the run phase with extendproportion=0 and read/update proportions=0.5 ===
Arrangement completed. Output saved to ../analysis/Data/Workload_data/postgresql_arrayjson_vacuum_notfull_run2_uniform_light_mixed.csv
=== Setting parameter values for extend phase ===
=== Executing the extend phase with extendproportion=1 and other proportions=0 ===
Arrangement completed. Output saved to ../analysis/Data/Workload_data/postgresql_arrayjson_vacuum_notfull_run2_uniform_light_mixed.csv
Size computation started
Extend verification - Min:118000 Max:132100 Avg:130684 (Expected avg per record: ~1000 bytes initially)
Generating histogram from key size log: key_sizes_postgresql_arrayjson_vacuum_notfull_uniform_light_mixed_run2.csv
Histogram written to histogram.txt (BlockSize = 100)
Appending subsequent iteration 93...
Iteration 93: Appended new size values from key_sizes_postgresql_arrayjson_vacuum_notfull_uniform_light_mixed_run2.csv to ../analysis/Data/Value_size_data/value_sizes_postgresql_arrayjson_vacuum_notfull_run2_uniform_light_before_mixed.csv
VACUUM start: 1774650134
VACUUM end: 1774650136
=== Setting parameter values for run phase ===
Checking query plan before run phase
=== Executing the run phase with extendproportion=0 and read/update proportions=0.5 ===
Arrangement completed. Output saved to ../analysis/Data/Workload_data/postgresql_arrayjson_vacuum_notfull_run2_uniform_light_mixed.csv
Arrangement completed. Output saved to ../analysis/Data/Workload_data/postgresql_arrayjson_vacuum_notfull_run2_uniform_light_mixed.csv
Backing up the database started
Backing up the database finished
Arrangement completed. Output saved to ../analysis/Data/Workload_data/postgresql_arrayjson_vacuum_notfull_run2_uniform_light_mixed.csv
Size computation started
Appending subsequent iteration 93...
Iteration 93: Appended new size values from key_sizes_postgresql_arrayjson_vacuum_notfull_uniform_light_mixed_run2.csv to ../analysis/Data/Value_size_data/value_sizes_postgresql_arrayjson_vacuum_notfull_run2_uniform_light_after_mixed.csv
Total size: 131071700, Field length average: 13107
Workload file fieldlength set to: 13107 (expected: 13107)
=== Executing the load phase for the comparison study ===
Comparison-load verification - Epoch:10 Run:3 TotalSize:131070000 ExpectedFieldLength:13107
Avg-run verification - Epoch:10 Run:3 Iteration:93 TotalSize:131070000 ExpectedFieldLength:13107
=== Executing the run phase with extendproportion=0 and read/update proportions=0.5 ===
Arrangement completed. Output saved to ../analysis/Data/Workload_data/postgresql_arrayjson_vacuum_notfull_run2_uniform_light_mixed.csv
=== Setting parameter values for extend phase ===
=== Executing the extend phase with extendproportion=1 and other proportions=0 ===
Arrangement completed. Output saved to ../analysis/Data/Workload_data/postgresql_arrayjson_vacuum_notfull_run2_uniform_light_mixed.csv
Size computation started
Extend verification - Min:117800 Max:133500 Avg:132101 (Expected avg per record: ~1000 bytes initially)
Generating histogram from key size log: key_sizes_postgresql_arrayjson_vacuum_notfull_uniform_light_mixed_run2.csv
Histogram written to histogram.txt (BlockSize = 100)
Appending subsequent iteration 94...
Iteration 94: Appended new size values from key_sizes_postgresql_arrayjson_vacuum_notfull_uniform_light_mixed_run2.csv to ../analysis/Data/Value_size_data/value_sizes_postgresql_arrayjson_vacuum_notfull_run2_uniform_light_before_mixed.csv
VACUUM start: 1774650585
VACUUM end: 1774650588
=== Setting parameter values for run phase ===
Checking query plan before run phase
=== Executing the run phase with extendproportion=0 and read/update proportions=0.5 ===
Arrangement completed. Output saved to ../analysis/Data/Workload_data/postgresql_arrayjson_vacuum_notfull_run2_uniform_light_mixed.csv
Arrangement completed. Output saved to ../analysis/Data/Workload_data/postgresql_arrayjson_vacuum_notfull_run2_uniform_light_mixed.csv
Backing up the database started
Backing up the database finished
Arrangement completed. Output saved to ../analysis/Data/Workload_data/postgresql_arrayjson_vacuum_notfull_run2_uniform_light_mixed.csv
Size computation started
Appending subsequent iteration 94...
Iteration 94: Appended new size values from key_sizes_postgresql_arrayjson_vacuum_notfull_uniform_light_mixed_run2.csv to ../analysis/Data/Value_size_data/value_sizes_postgresql_arrayjson_vacuum_notfull_run2_uniform_light_after_mixed.csv
Total size: 132435200, Field length average: 13243
Workload file fieldlength set to: 13243 (expected: 13243)
=== Executing the load phase for the comparison study ===
Comparison-load verification - Epoch:10 Run:4 TotalSize:132430000 ExpectedFieldLength:13243
Avg-run verification - Epoch:10 Run:4 Iteration:94 TotalSize:132430000 ExpectedFieldLength:13243
=== Executing the run phase with extendproportion=0 and read/update proportions=0.5 ===
Arrangement completed. Output saved to ../analysis/Data/Workload_data/postgresql_arrayjson_vacuum_notfull_run2_uniform_light_mixed.csv
=== Setting parameter values for extend phase ===
=== Executing the extend phase with extendproportion=1 and other proportions=0 ===
Arrangement completed. Output saved to ../analysis/Data/Workload_data/postgresql_arrayjson_vacuum_notfull_run2_uniform_light_mixed.csv
Size computation started
Extend verification - Min:120000 Max:135100 Avg:133530 (Expected avg per record: ~1000 bytes initially)
Generating histogram from key size log: key_sizes_postgresql_arrayjson_vacuum_notfull_uniform_light_mixed_run2.csv
Histogram written to histogram.txt (BlockSize = 100)
Appending subsequent iteration 95...
Iteration 95: Appended new size values from key_sizes_postgresql_arrayjson_vacuum_notfull_uniform_light_mixed_run2.csv to ../analysis/Data/Value_size_data/value_sizes_postgresql_arrayjson_vacuum_notfull_run2_uniform_light_before_mixed.csv
VACUUM start: 1774651041
VACUUM end: 1774651043
=== Setting parameter values for run phase ===
Checking query plan before run phase
=== Executing the run phase with extendproportion=0 and read/update proportions=0.5 ===
Arrangement completed. Output saved to ../analysis/Data/Workload_data/postgresql_arrayjson_vacuum_notfull_run2_uniform_light_mixed.csv
Arrangement completed. Output saved to ../analysis/Data/Workload_data/postgresql_arrayjson_vacuum_notfull_run2_uniform_light_mixed.csv
Backing up the database started
Backing up the database finished
Arrangement completed. Output saved to ../analysis/Data/Workload_data/postgresql_arrayjson_vacuum_notfull_run2_uniform_light_mixed.csv
Size computation started
Appending subsequent iteration 95...
Iteration 95: Appended new size values from key_sizes_postgresql_arrayjson_vacuum_notfull_uniform_light_mixed_run2.csv to ../analysis/Data/Value_size_data/value_sizes_postgresql_arrayjson_vacuum_notfull_run2_uniform_light_after_mixed.csv
Total size: 133920300, Field length average: 13392
Workload file fieldlength set to: 13392 (expected: 13392)
=== Executing the load phase for the comparison study ===
Comparison-load verification - Epoch:10 Run:5 TotalSize:133920000 ExpectedFieldLength:13392
Avg-run verification - Epoch:10 Run:5 Iteration:95 TotalSize:133920000 ExpectedFieldLength:13392
=== Executing the run phase with extendproportion=0 and read/update proportions=0.5 ===
Arrangement completed. Output saved to ../analysis/Data/Workload_data/postgresql_arrayjson_vacuum_notfull_run2_uniform_light_mixed.csv
=== Setting parameter values for extend phase ===
=== Executing the extend phase with extendproportion=1 and other proportions=0 ===
Arrangement completed. Output saved to ../analysis/Data/Workload_data/postgresql_arrayjson_vacuum_notfull_run2_uniform_light_mixed.csv
Size computation started
Extend verification - Min:121900 Max:136400 Avg:134957 (Expected avg per record: ~1000 bytes initially)
Generating histogram from key size log: key_sizes_postgresql_arrayjson_vacuum_notfull_uniform_light_mixed_run2.csv
Histogram written to histogram.txt (BlockSize = 100)
Appending subsequent iteration 96...
Iteration 96: Appended new size values from key_sizes_postgresql_arrayjson_vacuum_notfull_uniform_light_mixed_run2.csv to ../analysis/Data/Value_size_data/value_sizes_postgresql_arrayjson_vacuum_notfull_run2_uniform_light_before_mixed.csv
VACUUM start: 1774651493
VACUUM end: 1774651495
=== Setting parameter values for run phase ===
Checking query plan before run phase
=== Executing the run phase with extendproportion=0 and read/update proportions=0.5 ===
Arrangement completed. Output saved to ../analysis/Data/Workload_data/postgresql_arrayjson_vacuum_notfull_run2_uniform_light_mixed.csv
Arrangement completed. Output saved to ../analysis/Data/Workload_data/postgresql_arrayjson_vacuum_notfull_run2_uniform_light_mixed.csv
Backing up the database started
Backing up the database finished
Arrangement completed. Output saved to ../analysis/Data/Workload_data/postgresql_arrayjson_vacuum_notfull_run2_uniform_light_mixed.csv
Size computation started
Appending subsequent iteration 96...
Iteration 96: Appended new size values from key_sizes_postgresql_arrayjson_vacuum_notfull_uniform_light_mixed_run2.csv to ../analysis/Data/Value_size_data/value_sizes_postgresql_arrayjson_vacuum_notfull_run2_uniform_light_after_mixed.csv
Total size: 135407700, Field length average: 13540
Workload file fieldlength set to: 13540 (expected: 13540)
=== Executing the load phase for the comparison study ===
Comparison-load verification - Epoch:10 Run:6 TotalSize:135400000 ExpectedFieldLength:13540
Avg-run verification - Epoch:10 Run:6 Iteration:96 TotalSize:135400000 ExpectedFieldLength:13540
=== Executing the run phase with extendproportion=0 and read/update proportions=0.5 ===
Arrangement completed. Output saved to ../analysis/Data/Workload_data/postgresql_arrayjson_vacuum_notfull_run2_uniform_light_mixed.csv
=== Setting parameter values for extend phase ===
=== Executing the extend phase with extendproportion=1 and other proportions=0 ===
Arrangement completed. Output saved to ../analysis/Data/Workload_data/postgresql_arrayjson_vacuum_notfull_run2_uniform_light_mixed.csv
Size computation started
Extend verification - Min:123100 Max:138000 Avg:136417 (Expected avg per record: ~1000 bytes initially)
Generating histogram from key size log: key_sizes_postgresql_arrayjson_vacuum_notfull_uniform_light_mixed_run2.csv
Histogram written to histogram.txt (BlockSize = 100)
Appending subsequent iteration 97...
Iteration 97: Appended new size values from key_sizes_postgresql_arrayjson_vacuum_notfull_uniform_light_mixed_run2.csv to ../analysis/Data/Value_size_data/value_sizes_postgresql_arrayjson_vacuum_notfull_run2_uniform_light_before_mixed.csv
VACUUM start: 1774651947
VACUUM end: 1774651949
=== Setting parameter values for run phase ===
Checking query plan before run phase
=== Executing the run phase with extendproportion=0 and read/update proportions=0.5 ===
Arrangement completed. Output saved to ../analysis/Data/Workload_data/postgresql_arrayjson_vacuum_notfull_run2_uniform_light_mixed.csv
Arrangement completed. Output saved to ../analysis/Data/Workload_data/postgresql_arrayjson_vacuum_notfull_run2_uniform_light_mixed.csv
Backing up the database started
Backing up the database finished
Arrangement completed. Output saved to ../analysis/Data/Workload_data/postgresql_arrayjson_vacuum_notfull_run2_uniform_light_mixed.csv
Size computation started
Appending subsequent iteration 97...
Iteration 97: Appended new size values from key_sizes_postgresql_arrayjson_vacuum_notfull_uniform_light_mixed_run2.csv to ../analysis/Data/Value_size_data/value_sizes_postgresql_arrayjson_vacuum_notfull_run2_uniform_light_after_mixed.csv
Total size: 136729800, Field length average: 13672
Workload file fieldlength set to: 13672 (expected: 13672)
=== Executing the load phase for the comparison study ===
Comparison-load verification - Epoch:10 Run:7 TotalSize:136720000 ExpectedFieldLength:13672
Avg-run verification - Epoch:10 Run:7 Iteration:97 TotalSize:136720000 ExpectedFieldLength:13672
=== Executing the run phase with extendproportion=0 and read/update proportions=0.5 ===
Arrangement completed. Output saved to ../analysis/Data/Workload_data/postgresql_arrayjson_vacuum_notfull_run2_uniform_light_mixed.csv
=== Setting parameter values for extend phase ===
=== Executing the extend phase with extendproportion=1 and other proportions=0 ===
Arrangement completed. Output saved to ../analysis/Data/Workload_data/postgresql_arrayjson_vacuum_notfull_run2_uniform_light_mixed.csv
Size computation started
Extend verification - Min:122800 Max:139400 Avg:137832 (Expected avg per record: ~1000 bytes initially)
Generating histogram from key size log: key_sizes_postgresql_arrayjson_vacuum_notfull_uniform_light_mixed_run2.csv
Histogram written to histogram.txt (BlockSize = 100)
Appending subsequent iteration 98...
Iteration 98: Appended new size values from key_sizes_postgresql_arrayjson_vacuum_notfull_uniform_light_mixed_run2.csv to ../analysis/Data/Value_size_data/value_sizes_postgresql_arrayjson_vacuum_notfull_run2_uniform_light_before_mixed.csv
VACUUM start: 1774652405
VACUUM end: 1774652406
=== Setting parameter values for run phase ===
Checking query plan before run phase
=== Executing the run phase with extendproportion=0 and read/update proportions=0.5 ===
Arrangement completed. Output saved to ../analysis/Data/Workload_data/postgresql_arrayjson_vacuum_notfull_run2_uniform_light_mixed.csv
Arrangement completed. Output saved to ../analysis/Data/Workload_data/postgresql_arrayjson_vacuum_notfull_run2_uniform_light_mixed.csv
Backing up the database started
Backing up the database finished
Arrangement completed. Output saved to ../analysis/Data/Workload_data/postgresql_arrayjson_vacuum_notfull_run2_uniform_light_mixed.csv
Size computation started
Appending subsequent iteration 98...
Iteration 98: Appended new size values from key_sizes_postgresql_arrayjson_vacuum_notfull_uniform_light_mixed_run2.csv to ../analysis/Data/Value_size_data/value_sizes_postgresql_arrayjson_vacuum_notfull_run2_uniform_light_after_mixed.csv
Total size: 138248200, Field length average: 13824
Workload file fieldlength set to: 13824 (expected: 13824)
=== Executing the load phase for the comparison study ===
Comparison-load verification - Epoch:10 Run:8 TotalSize:138240000 ExpectedFieldLength:13824
Avg-run verification - Epoch:10 Run:8 Iteration:98 TotalSize:138240000 ExpectedFieldLength:13824
=== Executing the run phase with extendproportion=0 and read/update proportions=0.5 ===
Arrangement completed. Output saved to ../analysis/Data/Workload_data/postgresql_arrayjson_vacuum_notfull_run2_uniform_light_mixed.csv
=== Setting parameter values for extend phase ===
=== Executing the extend phase with extendproportion=1 and other proportions=0 ===
Arrangement completed. Output saved to ../analysis/Data/Workload_data/postgresql_arrayjson_vacuum_notfull_run2_uniform_light_mixed.csv
Size computation started
Extend verification - Min:124900 Max:140600 Avg:139206 (Expected avg per record: ~1000 bytes initially)
Generating histogram from key size log: key_sizes_postgresql_arrayjson_vacuum_notfull_uniform_light_mixed_run2.csv
Histogram written to histogram.txt (BlockSize = 100)
Appending subsequent iteration 99...
Iteration 99: Appended new size values from key_sizes_postgresql_arrayjson_vacuum_notfull_uniform_light_mixed_run2.csv to ../analysis/Data/Value_size_data/value_sizes_postgresql_arrayjson_vacuum_notfull_run2_uniform_light_before_mixed.csv
VACUUM start: 1774652864
VACUUM end: 1774652868
=== Setting parameter values for run phase ===
Checking query plan before run phase
=== Executing the run phase with extendproportion=0 and read/update proportions=0.5 ===
Arrangement completed. Output saved to ../analysis/Data/Workload_data/postgresql_arrayjson_vacuum_notfull_run2_uniform_light_mixed.csv
Arrangement completed. Output saved to ../analysis/Data/Workload_data/postgresql_arrayjson_vacuum_notfull_run2_uniform_light_mixed.csv
Backing up the database started
Backing up the database finished
Arrangement completed. Output saved to ../analysis/Data/Workload_data/postgresql_arrayjson_vacuum_notfull_run2_uniform_light_mixed.csv
Size computation started
Appending subsequent iteration 99...
Iteration 99: Appended new size values from key_sizes_postgresql_arrayjson_vacuum_notfull_uniform_light_mixed_run2.csv to ../analysis/Data/Value_size_data/value_sizes_postgresql_arrayjson_vacuum_notfull_run2_uniform_light_after_mixed.csv
Total size: 139555400, Field length average: 13955
Workload file fieldlength set to: 13955 (expected: 13955)
=== Executing the load phase for the comparison study ===
Comparison-load verification - Epoch:10 Run:9 TotalSize:139550000 ExpectedFieldLength:13955
Avg-run verification - Epoch:10 Run:9 Iteration:99 TotalSize:139550000 ExpectedFieldLength:13955
=== Executing the run phase with extendproportion=0 and read/update proportions=0.5 ===
Arrangement completed. Output saved to ../analysis/Data/Workload_data/postgresql_arrayjson_vacuum_notfull_run2_uniform_light_mixed.csv
=== Setting parameter values for extend phase ===
=== Executing the extend phase with extendproportion=1 and other proportions=0 ===
Arrangement completed. Output saved to ../analysis/Data/Workload_data/postgresql_arrayjson_vacuum_notfull_run2_uniform_light_mixed.csv
Size computation started
Extend verification - Min:125300 Max:141800 Avg:140474 (Expected avg per record: ~1000 bytes initially)
Generating histogram from key size log: key_sizes_postgresql_arrayjson_vacuum_notfull_uniform_light_mixed_run2.csv
Histogram written to histogram.txt (BlockSize = 100)
Appending subsequent iteration 100...
Iteration 100: Appended new size values from key_sizes_postgresql_arrayjson_vacuum_notfull_uniform_light_mixed_run2.csv to ../analysis/Data/Value_size_data/value_sizes_postgresql_arrayjson_vacuum_notfull_run2_uniform_light_before_mixed.csv
VACUUM start: 1774653330
VACUUM end: 1774653333
=== Setting parameter values for run phase ===
Checking query plan before run phase
=== Executing the run phase with extendproportion=0 and read/update proportions=0.5 ===
Arrangement completed. Output saved to ../analysis/Data/Workload_data/postgresql_arrayjson_vacuum_notfull_run2_uniform_light_mixed.csv
Arrangement completed. Output saved to ../analysis/Data/Workload_data/postgresql_arrayjson_vacuum_notfull_run2_uniform_light_mixed.csv
Backing up the database started
Backing up the database finished
Arrangement completed. Output saved to ../analysis/Data/Workload_data/postgresql_arrayjson_vacuum_notfull_run2_uniform_light_mixed.csv
Size computation started
Appending subsequent iteration 100...
Iteration 100: Appended new size values from key_sizes_postgresql_arrayjson_vacuum_notfull_uniform_light_mixed_run2.csv to ../analysis/Data/Value_size_data/value_sizes_postgresql_arrayjson_vacuum_notfull_run2_uniform_light_after_mixed.csv
Total size: 140572000, Field length average: 14057
Workload file fieldlength set to: 14057 (expected: 14057)
=== Executing the load phase for the comparison study ===
Comparison-load verification - Epoch:10 Run:10 TotalSize:140570000 ExpectedFieldLength:14057
Avg-run verification - Epoch:10 Run:10 Iteration:100 TotalSize:140570000 ExpectedFieldLength:14057
=== Executing the run phase with extendproportion=0 and read/update proportions=0.5 ===
Arrangement completed. Output saved to ../analysis/Data/Workload_data/postgresql_arrayjson_vacuum_notfull_run2_uniform_light_mixed.csv
=== All steps completed. Results are logged in ./ycsb_postgresql_arrayjson_vacuum_notfull_uniform_light_mixed_run2_results.log ===
