Initializing PostgreSQL database ycsb...
Done initializing ycsb.
Initializing PostgreSQL database ycsb_unchange...
Done initializing ycsb_unchange.
=== Executing the load phase ===
Initial-load verification - TotalSize:10000000 ExpectedFieldLength:100
Arrangement completed. Output saved to ../analysis/Data/Workload_data/postgresql_arrayjson_vacuum_notfull_run3_uniform_heavy_mixed.csv
Reference-load verification - TotalSize:10000000 ExpectedFieldLength:100
=== Setting parameter values for extend phase ===
=== Executing the extend phase with extendproportion=1 and other proportions=0 ===
Arrangement completed. Output saved to ../analysis/Data/Workload_data/postgresql_arrayjson_vacuum_notfull_run3_uniform_heavy_mixed.csv
Size computation started
Extend verification - Min:1000 Max:3400 Avg:2000 (Expected avg per record: ~1000 bytes initially)
Generating histogram from key size log: key_sizes_postgresql_arrayjson_vacuum_notfull_uniform_heavy_mixed_run3.csv
Histogram written to histogram.txt (BlockSize = 100)
Appending first iteration...
First iteration: Appended values from key_sizes_postgresql_arrayjson_vacuum_notfull_uniform_heavy_mixed_run3.csv to ../analysis/Data/Value_size_data/value_sizes_postgresql_arrayjson_vacuum_notfull_run3_uniform_heavy_before_mixed.csv
VACUUM start: 1774430734
VACUUM end: 1774430734
=== Setting parameter values for run phase ===
Checking query plan before run phase
=== Executing the run phase with extendproportion=0 and read/update proportions=0.5 ===
Arrangement completed. Output saved to ../analysis/Data/Workload_data/postgresql_arrayjson_vacuum_notfull_run3_uniform_heavy_mixed.csv
Arrangement completed. Output saved to ../analysis/Data/Workload_data/postgresql_arrayjson_vacuum_notfull_run3_uniform_heavy_mixed.csv
Backing up the database started
Backing up the database finished
Arrangement completed. Output saved to ../analysis/Data/Workload_data/postgresql_arrayjson_vacuum_notfull_run3_uniform_heavy_mixed.csv
Size computation started
Appending first iteration...
First iteration: Appended values from key_sizes_postgresql_arrayjson_vacuum_notfull_uniform_heavy_mixed_run3.csv to ../analysis/Data/Value_size_data/value_sizes_postgresql_arrayjson_vacuum_notfull_run3_uniform_heavy_after_mixed.csv
Total size: 23454500, Field length average: 234
Workload file fieldlength set to: 234 (expected: 234)
=== Executing the load phase for the comparison study ===
Comparison-load verification - Epoch:1 Run:1 TotalSize:23400000 ExpectedFieldLength:234
Avg-run verification - Epoch:1 Run:1 Iteration:1 TotalSize:23400000 ExpectedFieldLength:234
=== Executing the run phase with extendproportion=0 and read/update proportions=0.5 ===
Arrangement completed. Output saved to ../analysis/Data/Workload_data/postgresql_arrayjson_vacuum_notfull_run3_uniform_heavy_mixed.csv
=== Setting parameter values for extend phase ===
=== Executing the extend phase with extendproportion=1 and other proportions=0 ===
Arrangement completed. Output saved to ../analysis/Data/Workload_data/postgresql_arrayjson_vacuum_notfull_run3_uniform_heavy_mixed.csv
Size computation started
Extend verification - Min:1800 Max:5000 Avg:3214 (Expected avg per record: ~1000 bytes initially)
Generating histogram from key size log: key_sizes_postgresql_arrayjson_vacuum_notfull_uniform_heavy_mixed_run3.csv
Histogram written to histogram.txt (BlockSize = 100)
Appending subsequent iteration 2...
Iteration 2: Appended new size values from key_sizes_postgresql_arrayjson_vacuum_notfull_uniform_heavy_mixed_run3.csv to ../analysis/Data/Value_size_data/value_sizes_postgresql_arrayjson_vacuum_notfull_run3_uniform_heavy_before_mixed.csv
VACUUM start: 1774431211
VACUUM end: 1774431212
=== Setting parameter values for run phase ===
Checking query plan before run phase
=== Executing the run phase with extendproportion=0 and read/update proportions=0.5 ===
Arrangement completed. Output saved to ../analysis/Data/Workload_data/postgresql_arrayjson_vacuum_notfull_run3_uniform_heavy_mixed.csv
Arrangement completed. Output saved to ../analysis/Data/Workload_data/postgresql_arrayjson_vacuum_notfull_run3_uniform_heavy_mixed.csv
Backing up the database started
Backing up the database finished
Arrangement completed. Output saved to ../analysis/Data/Workload_data/postgresql_arrayjson_vacuum_notfull_run3_uniform_heavy_mixed.csv
Size computation started
Appending subsequent iteration 2...
Iteration 2: Appended new size values from key_sizes_postgresql_arrayjson_vacuum_notfull_uniform_heavy_mixed_run3.csv to ../analysis/Data/Value_size_data/value_sizes_postgresql_arrayjson_vacuum_notfull_run3_uniform_heavy_after_mixed.csv
Total size: 35608200, Field length average: 356
Workload file fieldlength set to: 356 (expected: 356)
=== Executing the load phase for the comparison study ===
Comparison-load verification - Epoch:1 Run:2 TotalSize:35600000 ExpectedFieldLength:356
Avg-run verification - Epoch:1 Run:2 Iteration:2 TotalSize:35600000 ExpectedFieldLength:356
=== Executing the run phase with extendproportion=0 and read/update proportions=0.5 ===
Arrangement completed. Output saved to ../analysis/Data/Workload_data/postgresql_arrayjson_vacuum_notfull_run3_uniform_heavy_mixed.csv
=== Setting parameter values for extend phase ===
=== Executing the extend phase with extendproportion=1 and other proportions=0 ===
Arrangement completed. Output saved to ../analysis/Data/Workload_data/postgresql_arrayjson_vacuum_notfull_run3_uniform_heavy_mixed.csv
Size computation started
Extend verification - Min:2800 Max:6300 Avg:4431 (Expected avg per record: ~1000 bytes initially)
Generating histogram from key size log: key_sizes_postgresql_arrayjson_vacuum_notfull_uniform_heavy_mixed_run3.csv
Histogram written to histogram.txt (BlockSize = 100)
Appending subsequent iteration 3...
Iteration 3: Appended new size values from key_sizes_postgresql_arrayjson_vacuum_notfull_uniform_heavy_mixed_run3.csv to ../analysis/Data/Value_size_data/value_sizes_postgresql_arrayjson_vacuum_notfull_run3_uniform_heavy_before_mixed.csv
VACUUM start: 1774431685
VACUUM end: 1774431686
=== Setting parameter values for run phase ===
Checking query plan before run phase
=== Executing the run phase with extendproportion=0 and read/update proportions=0.5 ===
Arrangement completed. Output saved to ../analysis/Data/Workload_data/postgresql_arrayjson_vacuum_notfull_run3_uniform_heavy_mixed.csv
Arrangement completed. Output saved to ../analysis/Data/Workload_data/postgresql_arrayjson_vacuum_notfull_run3_uniform_heavy_mixed.csv
Backing up the database started
Backing up the database finished
Arrangement completed. Output saved to ../analysis/Data/Workload_data/postgresql_arrayjson_vacuum_notfull_run3_uniform_heavy_mixed.csv
Size computation started
Appending subsequent iteration 3...
Iteration 3: Appended new size values from key_sizes_postgresql_arrayjson_vacuum_notfull_uniform_heavy_mixed_run3.csv to ../analysis/Data/Value_size_data/value_sizes_postgresql_arrayjson_vacuum_notfull_run3_uniform_heavy_after_mixed.csv
Total size: 47793500, Field length average: 477
Workload file fieldlength set to: 477 (expected: 477)
=== Executing the load phase for the comparison study ===
Comparison-load verification - Epoch:1 Run:3 TotalSize:47700000 ExpectedFieldLength:477
Avg-run verification - Epoch:1 Run:3 Iteration:3 TotalSize:47700000 ExpectedFieldLength:477
=== Executing the run phase with extendproportion=0 and read/update proportions=0.5 ===
Arrangement completed. Output saved to ../analysis/Data/Workload_data/postgresql_arrayjson_vacuum_notfull_run3_uniform_heavy_mixed.csv
=== Setting parameter values for extend phase ===
=== Executing the extend phase with extendproportion=1 and other proportions=0 ===
Arrangement completed. Output saved to ../analysis/Data/Workload_data/postgresql_arrayjson_vacuum_notfull_run3_uniform_heavy_mixed.csv
Size computation started
Extend verification - Min:3500 Max:8100 Avg:5651 (Expected avg per record: ~1000 bytes initially)
Generating histogram from key size log: key_sizes_postgresql_arrayjson_vacuum_notfull_uniform_heavy_mixed_run3.csv
Histogram written to histogram.txt (BlockSize = 100)
Appending subsequent iteration 4...
Iteration 4: Appended new size values from key_sizes_postgresql_arrayjson_vacuum_notfull_uniform_heavy_mixed_run3.csv to ../analysis/Data/Value_size_data/value_sizes_postgresql_arrayjson_vacuum_notfull_run3_uniform_heavy_before_mixed.csv
VACUUM start: 1774432167
VACUUM end: 1774432168
=== Setting parameter values for run phase ===
Checking query plan before run phase
=== Executing the run phase with extendproportion=0 and read/update proportions=0.5 ===
Arrangement completed. Output saved to ../analysis/Data/Workload_data/postgresql_arrayjson_vacuum_notfull_run3_uniform_heavy_mixed.csv
Arrangement completed. Output saved to ../analysis/Data/Workload_data/postgresql_arrayjson_vacuum_notfull_run3_uniform_heavy_mixed.csv
Backing up the database started
Backing up the database finished
Arrangement completed. Output saved to ../analysis/Data/Workload_data/postgresql_arrayjson_vacuum_notfull_run3_uniform_heavy_mixed.csv
Size computation started
Appending subsequent iteration 4...
Iteration 4: Appended new size values from key_sizes_postgresql_arrayjson_vacuum_notfull_uniform_heavy_mixed_run3.csv to ../analysis/Data/Value_size_data/value_sizes_postgresql_arrayjson_vacuum_notfull_run3_uniform_heavy_after_mixed.csv
Total size: 60018200, Field length average: 600
Workload file fieldlength set to: 600 (expected: 600)
=== Executing the load phase for the comparison study ===
Comparison-load verification - Epoch:1 Run:4 TotalSize:60000000 ExpectedFieldLength:600
Avg-run verification - Epoch:1 Run:4 Iteration:4 TotalSize:60000000 ExpectedFieldLength:600
=== Executing the run phase with extendproportion=0 and read/update proportions=0.5 ===
Arrangement completed. Output saved to ../analysis/Data/Workload_data/postgresql_arrayjson_vacuum_notfull_run3_uniform_heavy_mixed.csv
=== Setting parameter values for extend phase ===
=== Executing the extend phase with extendproportion=1 and other proportions=0 ===
Arrangement completed. Output saved to ../analysis/Data/Workload_data/postgresql_arrayjson_vacuum_notfull_run3_uniform_heavy_mixed.csv
Size computation started
Extend verification - Min:4900 Max:9200 Avg:6868 (Expected avg per record: ~1000 bytes initially)
Generating histogram from key size log: key_sizes_postgresql_arrayjson_vacuum_notfull_uniform_heavy_mixed_run3.csv
Histogram written to histogram.txt (BlockSize = 100)
Appending subsequent iteration 5...
Iteration 5: Appended new size values from key_sizes_postgresql_arrayjson_vacuum_notfull_uniform_heavy_mixed_run3.csv to ../analysis/Data/Value_size_data/value_sizes_postgresql_arrayjson_vacuum_notfull_run3_uniform_heavy_before_mixed.csv
VACUUM start: 1774432646
VACUUM end: 1774432646
=== Setting parameter values for run phase ===
Checking query plan before run phase
=== Executing the run phase with extendproportion=0 and read/update proportions=0.5 ===
Arrangement completed. Output saved to ../analysis/Data/Workload_data/postgresql_arrayjson_vacuum_notfull_run3_uniform_heavy_mixed.csv
Arrangement completed. Output saved to ../analysis/Data/Workload_data/postgresql_arrayjson_vacuum_notfull_run3_uniform_heavy_mixed.csv
Backing up the database started
Backing up the database finished
Arrangement completed. Output saved to ../analysis/Data/Workload_data/postgresql_arrayjson_vacuum_notfull_run3_uniform_heavy_mixed.csv
Size computation started
Appending subsequent iteration 5...
Iteration 5: Appended new size values from key_sizes_postgresql_arrayjson_vacuum_notfull_uniform_heavy_mixed_run3.csv to ../analysis/Data/Value_size_data/value_sizes_postgresql_arrayjson_vacuum_notfull_run3_uniform_heavy_after_mixed.csv
Total size: 72154500, Field length average: 721
Workload file fieldlength set to: 721 (expected: 721)
=== Executing the load phase for the comparison study ===
Comparison-load verification - Epoch:1 Run:5 TotalSize:72100000 ExpectedFieldLength:721
Avg-run verification - Epoch:1 Run:5 Iteration:5 TotalSize:72100000 ExpectedFieldLength:721
=== Executing the run phase with extendproportion=0 and read/update proportions=0.5 ===
Arrangement completed. Output saved to ../analysis/Data/Workload_data/postgresql_arrayjson_vacuum_notfull_run3_uniform_heavy_mixed.csv
=== Setting parameter values for extend phase ===
=== Executing the extend phase with extendproportion=1 and other proportions=0 ===
Arrangement completed. Output saved to ../analysis/Data/Workload_data/postgresql_arrayjson_vacuum_notfull_run3_uniform_heavy_mixed.csv
Size computation started
Extend verification - Min:6100 Max:10700 Avg:8085 (Expected avg per record: ~1000 bytes initially)
Generating histogram from key size log: key_sizes_postgresql_arrayjson_vacuum_notfull_uniform_heavy_mixed_run3.csv
Histogram written to histogram.txt (BlockSize = 100)
Appending subsequent iteration 6...
Iteration 6: Appended new size values from key_sizes_postgresql_arrayjson_vacuum_notfull_uniform_heavy_mixed_run3.csv to ../analysis/Data/Value_size_data/value_sizes_postgresql_arrayjson_vacuum_notfull_run3_uniform_heavy_before_mixed.csv
VACUUM start: 1774433135
VACUUM end: 1774433136
=== Setting parameter values for run phase ===
Checking query plan before run phase
=== Executing the run phase with extendproportion=0 and read/update proportions=0.5 ===
Arrangement completed. Output saved to ../analysis/Data/Workload_data/postgresql_arrayjson_vacuum_notfull_run3_uniform_heavy_mixed.csv
Arrangement completed. Output saved to ../analysis/Data/Workload_data/postgresql_arrayjson_vacuum_notfull_run3_uniform_heavy_mixed.csv
Backing up the database started
Backing up the database finished
Arrangement completed. Output saved to ../analysis/Data/Workload_data/postgresql_arrayjson_vacuum_notfull_run3_uniform_heavy_mixed.csv
Size computation started
Appending subsequent iteration 6...
Iteration 6: Appended new size values from key_sizes_postgresql_arrayjson_vacuum_notfull_uniform_heavy_mixed_run3.csv to ../analysis/Data/Value_size_data/value_sizes_postgresql_arrayjson_vacuum_notfull_run3_uniform_heavy_after_mixed.csv
Total size: 84275300, Field length average: 842
Workload file fieldlength set to: 842 (expected: 842)
=== Executing the load phase for the comparison study ===
Comparison-load verification - Epoch:1 Run:6 TotalSize:84200000 ExpectedFieldLength:842
Avg-run verification - Epoch:1 Run:6 Iteration:6 TotalSize:84200000 ExpectedFieldLength:842
=== Executing the run phase with extendproportion=0 and read/update proportions=0.5 ===
Arrangement completed. Output saved to ../analysis/Data/Workload_data/postgresql_arrayjson_vacuum_notfull_run3_uniform_heavy_mixed.csv
=== Setting parameter values for extend phase ===
=== Executing the extend phase with extendproportion=1 and other proportions=0 ===
Arrangement completed. Output saved to ../analysis/Data/Workload_data/postgresql_arrayjson_vacuum_notfull_run3_uniform_heavy_mixed.csv
Size computation started
Extend verification - Min:6900 Max:11400 Avg:9299 (Expected avg per record: ~1000 bytes initially)
Generating histogram from key size log: key_sizes_postgresql_arrayjson_vacuum_notfull_uniform_heavy_mixed_run3.csv
Histogram written to histogram.txt (BlockSize = 100)
Appending subsequent iteration 7...
Iteration 7: Appended new size values from key_sizes_postgresql_arrayjson_vacuum_notfull_uniform_heavy_mixed_run3.csv to ../analysis/Data/Value_size_data/value_sizes_postgresql_arrayjson_vacuum_notfull_run3_uniform_heavy_before_mixed.csv
VACUUM start: 1774433621
VACUUM end: 1774433622
=== Setting parameter values for run phase ===
Checking query plan before run phase
=== Executing the run phase with extendproportion=0 and read/update proportions=0.5 ===
Arrangement completed. Output saved to ../analysis/Data/Workload_data/postgresql_arrayjson_vacuum_notfull_run3_uniform_heavy_mixed.csv
Arrangement completed. Output saved to ../analysis/Data/Workload_data/postgresql_arrayjson_vacuum_notfull_run3_uniform_heavy_mixed.csv
Backing up the database started
Backing up the database finished
Arrangement completed. Output saved to ../analysis/Data/Workload_data/postgresql_arrayjson_vacuum_notfull_run3_uniform_heavy_mixed.csv
Size computation started
Appending subsequent iteration 7...
Iteration 7: Appended new size values from key_sizes_postgresql_arrayjson_vacuum_notfull_uniform_heavy_mixed_run3.csv to ../analysis/Data/Value_size_data/value_sizes_postgresql_arrayjson_vacuum_notfull_run3_uniform_heavy_after_mixed.csv
Total size: 96399600, Field length average: 963
Workload file fieldlength set to: 963 (expected: 963)
=== Executing the load phase for the comparison study ===
Comparison-load verification - Epoch:1 Run:7 TotalSize:96300000 ExpectedFieldLength:963
Avg-run verification - Epoch:1 Run:7 Iteration:7 TotalSize:96300000 ExpectedFieldLength:963
=== Executing the run phase with extendproportion=0 and read/update proportions=0.5 ===
Arrangement completed. Output saved to ../analysis/Data/Workload_data/postgresql_arrayjson_vacuum_notfull_run3_uniform_heavy_mixed.csv
=== Setting parameter values for extend phase ===
=== Executing the extend phase with extendproportion=1 and other proportions=0 ===
Arrangement completed. Output saved to ../analysis/Data/Workload_data/postgresql_arrayjson_vacuum_notfull_run3_uniform_heavy_mixed.csv
Size computation started
Extend verification - Min:8500 Max:12500 Avg:10511 (Expected avg per record: ~1000 bytes initially)
Generating histogram from key size log: key_sizes_postgresql_arrayjson_vacuum_notfull_uniform_heavy_mixed_run3.csv
Histogram written to histogram.txt (BlockSize = 100)
Appending subsequent iteration 8...
Iteration 8: Appended new size values from key_sizes_postgresql_arrayjson_vacuum_notfull_uniform_heavy_mixed_run3.csv to ../analysis/Data/Value_size_data/value_sizes_postgresql_arrayjson_vacuum_notfull_run3_uniform_heavy_before_mixed.csv
VACUUM start: 1774434082
VACUUM end: 1774434083
=== Setting parameter values for run phase ===
Checking query plan before run phase
=== Executing the run phase with extendproportion=0 and read/update proportions=0.5 ===
Arrangement completed. Output saved to ../analysis/Data/Workload_data/postgresql_arrayjson_vacuum_notfull_run3_uniform_heavy_mixed.csv
Arrangement completed. Output saved to ../analysis/Data/Workload_data/postgresql_arrayjson_vacuum_notfull_run3_uniform_heavy_mixed.csv
Backing up the database started
Backing up the database finished
Arrangement completed. Output saved to ../analysis/Data/Workload_data/postgresql_arrayjson_vacuum_notfull_run3_uniform_heavy_mixed.csv
Size computation started
Appending subsequent iteration 8...
Iteration 8: Appended new size values from key_sizes_postgresql_arrayjson_vacuum_notfull_uniform_heavy_mixed_run3.csv to ../analysis/Data/Value_size_data/value_sizes_postgresql_arrayjson_vacuum_notfull_run3_uniform_heavy_after_mixed.csv
Total size: 108586100, Field length average: 1085
Workload file fieldlength set to: 1085 (expected: 1085)
=== Executing the load phase for the comparison study ===
Comparison-load verification - Epoch:1 Run:8 TotalSize:108500000 ExpectedFieldLength:1085
Avg-run verification - Epoch:1 Run:8 Iteration:8 TotalSize:108500000 ExpectedFieldLength:1085
=== Executing the run phase with extendproportion=0 and read/update proportions=0.5 ===
Arrangement completed. Output saved to ../analysis/Data/Workload_data/postgresql_arrayjson_vacuum_notfull_run3_uniform_heavy_mixed.csv
=== Setting parameter values for extend phase ===
=== Executing the extend phase with extendproportion=1 and other proportions=0 ===
Arrangement completed. Output saved to ../analysis/Data/Workload_data/postgresql_arrayjson_vacuum_notfull_run3_uniform_heavy_mixed.csv
Size computation started
Extend verification - Min:9600 Max:13800 Avg:11723 (Expected avg per record: ~1000 bytes initially)
Generating histogram from key size log: key_sizes_postgresql_arrayjson_vacuum_notfull_uniform_heavy_mixed_run3.csv
Histogram written to histogram.txt (BlockSize = 100)
Appending subsequent iteration 9...
Iteration 9: Appended new size values from key_sizes_postgresql_arrayjson_vacuum_notfull_uniform_heavy_mixed_run3.csv to ../analysis/Data/Value_size_data/value_sizes_postgresql_arrayjson_vacuum_notfull_run3_uniform_heavy_before_mixed.csv
VACUUM start: 1774434555
VACUUM end: 1774434555
=== Setting parameter values for run phase ===
Checking query plan before run phase
=== Executing the run phase with extendproportion=0 and read/update proportions=0.5 ===
Arrangement completed. Output saved to ../analysis/Data/Workload_data/postgresql_arrayjson_vacuum_notfull_run3_uniform_heavy_mixed.csv
Arrangement completed. Output saved to ../analysis/Data/Workload_data/postgresql_arrayjson_vacuum_notfull_run3_uniform_heavy_mixed.csv
Backing up the database started
Backing up the database finished
Arrangement completed. Output saved to ../analysis/Data/Workload_data/postgresql_arrayjson_vacuum_notfull_run3_uniform_heavy_mixed.csv
Size computation started
Appending subsequent iteration 9...
Iteration 9: Appended new size values from key_sizes_postgresql_arrayjson_vacuum_notfull_uniform_heavy_mixed_run3.csv to ../analysis/Data/Value_size_data/value_sizes_postgresql_arrayjson_vacuum_notfull_run3_uniform_heavy_after_mixed.csv
Total size: 120556600, Field length average: 1205
Workload file fieldlength set to: 1205 (expected: 1205)
=== Executing the load phase for the comparison study ===
Comparison-load verification - Epoch:1 Run:9 TotalSize:120500000 ExpectedFieldLength:1205
Avg-run verification - Epoch:1 Run:9 Iteration:9 TotalSize:120500000 ExpectedFieldLength:1205
=== Executing the run phase with extendproportion=0 and read/update proportions=0.5 ===
Arrangement completed. Output saved to ../analysis/Data/Workload_data/postgresql_arrayjson_vacuum_notfull_run3_uniform_heavy_mixed.csv
=== Setting parameter values for extend phase ===
=== Executing the extend phase with extendproportion=1 and other proportions=0 ===
Arrangement completed. Output saved to ../analysis/Data/Workload_data/postgresql_arrayjson_vacuum_notfull_run3_uniform_heavy_mixed.csv
Size computation started
Extend verification - Min:10700 Max:15400 Avg:12930 (Expected avg per record: ~1000 bytes initially)
Generating histogram from key size log: key_sizes_postgresql_arrayjson_vacuum_notfull_uniform_heavy_mixed_run3.csv
Histogram written to histogram.txt (BlockSize = 100)
Appending subsequent iteration 10...
Iteration 10: Appended new size values from key_sizes_postgresql_arrayjson_vacuum_notfull_uniform_heavy_mixed_run3.csv to ../analysis/Data/Value_size_data/value_sizes_postgresql_arrayjson_vacuum_notfull_run3_uniform_heavy_before_mixed.csv
VACUUM start: 1774435021
VACUUM end: 1774435021
=== Setting parameter values for run phase ===
Checking query plan before run phase
=== Executing the run phase with extendproportion=0 and read/update proportions=0.5 ===
Arrangement completed. Output saved to ../analysis/Data/Workload_data/postgresql_arrayjson_vacuum_notfull_run3_uniform_heavy_mixed.csv
Arrangement completed. Output saved to ../analysis/Data/Workload_data/postgresql_arrayjson_vacuum_notfull_run3_uniform_heavy_mixed.csv
Backing up the database started
Backing up the database finished
Arrangement completed. Output saved to ../analysis/Data/Workload_data/postgresql_arrayjson_vacuum_notfull_run3_uniform_heavy_mixed.csv
Size computation started
Appending subsequent iteration 10...
Iteration 10: Appended new size values from key_sizes_postgresql_arrayjson_vacuum_notfull_uniform_heavy_mixed_run3.csv to ../analysis/Data/Value_size_data/value_sizes_postgresql_arrayjson_vacuum_notfull_run3_uniform_heavy_after_mixed.csv
Total size: 132749800, Field length average: 1327
Workload file fieldlength set to: 1327 (expected: 1327)
=== Executing the load phase for the comparison study ===
Comparison-load verification - Epoch:1 Run:10 TotalSize:132700000 ExpectedFieldLength:1327
Avg-run verification - Epoch:1 Run:10 Iteration:10 TotalSize:132700000 ExpectedFieldLength:1327
=== Executing the run phase with extendproportion=0 and read/update proportions=0.5 ===
Arrangement completed. Output saved to ../analysis/Data/Workload_data/postgresql_arrayjson_vacuum_notfull_run3_uniform_heavy_mixed.csv
=== Setting parameter values for extend phase ===
=== Executing the extend phase with extendproportion=1 and other proportions=0 ===
Arrangement completed. Output saved to ../analysis/Data/Workload_data/postgresql_arrayjson_vacuum_notfull_run3_uniform_heavy_mixed.csv
Size computation started
Extend verification - Min:11800 Max:16400 Avg:14152 (Expected avg per record: ~1000 bytes initially)
Generating histogram from key size log: key_sizes_postgresql_arrayjson_vacuum_notfull_uniform_heavy_mixed_run3.csv
Histogram written to histogram.txt (BlockSize = 100)
Appending subsequent iteration 11...
Iteration 11: Appended new size values from key_sizes_postgresql_arrayjson_vacuum_notfull_uniform_heavy_mixed_run3.csv to ../analysis/Data/Value_size_data/value_sizes_postgresql_arrayjson_vacuum_notfull_run3_uniform_heavy_before_mixed.csv
VACUUM start: 1774435486
VACUUM end: 1774435486
=== Setting parameter values for run phase ===
Checking query plan before run phase
=== Executing the run phase with extendproportion=0 and read/update proportions=0.5 ===
Arrangement completed. Output saved to ../analysis/Data/Workload_data/postgresql_arrayjson_vacuum_notfull_run3_uniform_heavy_mixed.csv
Arrangement completed. Output saved to ../analysis/Data/Workload_data/postgresql_arrayjson_vacuum_notfull_run3_uniform_heavy_mixed.csv
Backing up the database started
Backing up the database finished
Arrangement completed. Output saved to ../analysis/Data/Workload_data/postgresql_arrayjson_vacuum_notfull_run3_uniform_heavy_mixed.csv
Size computation started
Appending subsequent iteration 11...
Iteration 11: Appended new size values from key_sizes_postgresql_arrayjson_vacuum_notfull_uniform_heavy_mixed_run3.csv to ../analysis/Data/Value_size_data/value_sizes_postgresql_arrayjson_vacuum_notfull_run3_uniform_heavy_after_mixed.csv
Total size: 144976800, Field length average: 1449
Workload file fieldlength set to: 1449 (expected: 1449)
=== Executing the load phase for the comparison study ===
Comparison-load verification - Epoch:2 Run:1 TotalSize:144900000 ExpectedFieldLength:1449
Avg-run verification - Epoch:2 Run:1 Iteration:11 TotalSize:144900000 ExpectedFieldLength:1449
=== Executing the run phase with extendproportion=0 and read/update proportions=0.5 ===
Arrangement completed. Output saved to ../analysis/Data/Workload_data/postgresql_arrayjson_vacuum_notfull_run3_uniform_heavy_mixed.csv
=== Setting parameter values for extend phase ===
=== Executing the extend phase with extendproportion=1 and other proportions=0 ===
Arrangement completed. Output saved to ../analysis/Data/Workload_data/postgresql_arrayjson_vacuum_notfull_run3_uniform_heavy_mixed.csv
Size computation started
Extend verification - Min:12800 Max:17500 Avg:15363 (Expected avg per record: ~1000 bytes initially)
Generating histogram from key size log: key_sizes_postgresql_arrayjson_vacuum_notfull_uniform_heavy_mixed_run3.csv
Histogram written to histogram.txt (BlockSize = 100)
Appending subsequent iteration 12...
Iteration 12: Appended new size values from key_sizes_postgresql_arrayjson_vacuum_notfull_uniform_heavy_mixed_run3.csv to ../analysis/Data/Value_size_data/value_sizes_postgresql_arrayjson_vacuum_notfull_run3_uniform_heavy_before_mixed.csv
VACUUM start: 1774435970
VACUUM end: 1774435970
=== Setting parameter values for run phase ===
Checking query plan before run phase
=== Executing the run phase with extendproportion=0 and read/update proportions=0.5 ===
Arrangement completed. Output saved to ../analysis/Data/Workload_data/postgresql_arrayjson_vacuum_notfull_run3_uniform_heavy_mixed.csv
Arrangement completed. Output saved to ../analysis/Data/Workload_data/postgresql_arrayjson_vacuum_notfull_run3_uniform_heavy_mixed.csv
Backing up the database started
Backing up the database finished
Arrangement completed. Output saved to ../analysis/Data/Workload_data/postgresql_arrayjson_vacuum_notfull_run3_uniform_heavy_mixed.csv
Size computation started
Appending subsequent iteration 12...
Iteration 12: Appended new size values from key_sizes_postgresql_arrayjson_vacuum_notfull_uniform_heavy_mixed_run3.csv to ../analysis/Data/Value_size_data/value_sizes_postgresql_arrayjson_vacuum_notfull_run3_uniform_heavy_after_mixed.csv
Total size: 157115100, Field length average: 1571
Workload file fieldlength set to: 1571 (expected: 1571)
=== Executing the load phase for the comparison study ===
Comparison-load verification - Epoch:2 Run:2 TotalSize:157100000 ExpectedFieldLength:1571
Avg-run verification - Epoch:2 Run:2 Iteration:12 TotalSize:157100000 ExpectedFieldLength:1571
=== Executing the run phase with extendproportion=0 and read/update proportions=0.5 ===
Arrangement completed. Output saved to ../analysis/Data/Workload_data/postgresql_arrayjson_vacuum_notfull_run3_uniform_heavy_mixed.csv
=== Setting parameter values for extend phase ===
=== Executing the extend phase with extendproportion=1 and other proportions=0 ===
Arrangement completed. Output saved to ../analysis/Data/Workload_data/postgresql_arrayjson_vacuum_notfull_run3_uniform_heavy_mixed.csv
Size computation started
Extend verification - Min:14300 Max:18900 Avg:16582 (Expected avg per record: ~1000 bytes initially)
Generating histogram from key size log: key_sizes_postgresql_arrayjson_vacuum_notfull_uniform_heavy_mixed_run3.csv
Histogram written to histogram.txt (BlockSize = 100)
Appending subsequent iteration 13...
Iteration 13: Appended new size values from key_sizes_postgresql_arrayjson_vacuum_notfull_uniform_heavy_mixed_run3.csv to ../analysis/Data/Value_size_data/value_sizes_postgresql_arrayjson_vacuum_notfull_run3_uniform_heavy_before_mixed.csv
VACUUM start: 1774436437
VACUUM end: 1774436437
=== Setting parameter values for run phase ===
Checking query plan before run phase
=== Executing the run phase with extendproportion=0 and read/update proportions=0.5 ===
Arrangement completed. Output saved to ../analysis/Data/Workload_data/postgresql_arrayjson_vacuum_notfull_run3_uniform_heavy_mixed.csv
Arrangement completed. Output saved to ../analysis/Data/Workload_data/postgresql_arrayjson_vacuum_notfull_run3_uniform_heavy_mixed.csv
Backing up the database started
Backing up the database finished
Arrangement completed. Output saved to ../analysis/Data/Workload_data/postgresql_arrayjson_vacuum_notfull_run3_uniform_heavy_mixed.csv
Size computation started
Appending subsequent iteration 13...
Iteration 13: Appended new size values from key_sizes_postgresql_arrayjson_vacuum_notfull_uniform_heavy_mixed_run3.csv to ../analysis/Data/Value_size_data/value_sizes_postgresql_arrayjson_vacuum_notfull_run3_uniform_heavy_after_mixed.csv
Total size: 169212400, Field length average: 1692
Workload file fieldlength set to: 1692 (expected: 1692)
=== Executing the load phase for the comparison study ===
Comparison-load verification - Epoch:2 Run:3 TotalSize:169200000 ExpectedFieldLength:1692
Avg-run verification - Epoch:2 Run:3 Iteration:13 TotalSize:169200000 ExpectedFieldLength:1692
=== Executing the run phase with extendproportion=0 and read/update proportions=0.5 ===
Arrangement completed. Output saved to ../analysis/Data/Workload_data/postgresql_arrayjson_vacuum_notfull_run3_uniform_heavy_mixed.csv
=== Setting parameter values for extend phase ===
=== Executing the extend phase with extendproportion=1 and other proportions=0 ===
Arrangement completed. Output saved to ../analysis/Data/Workload_data/postgresql_arrayjson_vacuum_notfull_run3_uniform_heavy_mixed.csv
Size computation started
Extend verification - Min:15300 Max:20100 Avg:17793 (Expected avg per record: ~1000 bytes initially)
Generating histogram from key size log: key_sizes_postgresql_arrayjson_vacuum_notfull_uniform_heavy_mixed_run3.csv
Histogram written to histogram.txt (BlockSize = 100)
Appending subsequent iteration 14...
Iteration 14: Appended new size values from key_sizes_postgresql_arrayjson_vacuum_notfull_uniform_heavy_mixed_run3.csv to ../analysis/Data/Value_size_data/value_sizes_postgresql_arrayjson_vacuum_notfull_run3_uniform_heavy_before_mixed.csv
VACUUM start: 1774436917
VACUUM end: 1774436917
=== Setting parameter values for run phase ===
Checking query plan before run phase
=== Executing the run phase with extendproportion=0 and read/update proportions=0.5 ===
Arrangement completed. Output saved to ../analysis/Data/Workload_data/postgresql_arrayjson_vacuum_notfull_run3_uniform_heavy_mixed.csv
Arrangement completed. Output saved to ../analysis/Data/Workload_data/postgresql_arrayjson_vacuum_notfull_run3_uniform_heavy_mixed.csv
Backing up the database started
Backing up the database finished
Arrangement completed. Output saved to ../analysis/Data/Workload_data/postgresql_arrayjson_vacuum_notfull_run3_uniform_heavy_mixed.csv
Size computation started
Appending subsequent iteration 14...
Iteration 14: Appended new size values from key_sizes_postgresql_arrayjson_vacuum_notfull_uniform_heavy_mixed_run3.csv to ../analysis/Data/Value_size_data/value_sizes_postgresql_arrayjson_vacuum_notfull_run3_uniform_heavy_after_mixed.csv
Total size: 181400700, Field length average: 1814
Workload file fieldlength set to: 1814 (expected: 1814)
=== Executing the load phase for the comparison study ===
Comparison-load verification - Epoch:2 Run:4 TotalSize:181400000 ExpectedFieldLength:1814
Avg-run verification - Epoch:2 Run:4 Iteration:14 TotalSize:181400000 ExpectedFieldLength:1814
=== Executing the run phase with extendproportion=0 and read/update proportions=0.5 ===
Arrangement completed. Output saved to ../analysis/Data/Workload_data/postgresql_arrayjson_vacuum_notfull_run3_uniform_heavy_mixed.csv
=== Setting parameter values for extend phase ===
=== Executing the extend phase with extendproportion=1 and other proportions=0 ===
Arrangement completed. Output saved to ../analysis/Data/Workload_data/postgresql_arrayjson_vacuum_notfull_run3_uniform_heavy_mixed.csv
Size computation started
Extend verification - Min:15900 Max:21300 Avg:19006 (Expected avg per record: ~1000 bytes initially)
Generating histogram from key size log: key_sizes_postgresql_arrayjson_vacuum_notfull_uniform_heavy_mixed_run3.csv
Histogram written to histogram.txt (BlockSize = 100)
Appending subsequent iteration 15...
Iteration 15: Appended new size values from key_sizes_postgresql_arrayjson_vacuum_notfull_uniform_heavy_mixed_run3.csv to ../analysis/Data/Value_size_data/value_sizes_postgresql_arrayjson_vacuum_notfull_run3_uniform_heavy_before_mixed.csv
VACUUM start: 1774437388
VACUUM end: 1774437388
=== Setting parameter values for run phase ===
Checking query plan before run phase
=== Executing the run phase with extendproportion=0 and read/update proportions=0.5 ===
Arrangement completed. Output saved to ../analysis/Data/Workload_data/postgresql_arrayjson_vacuum_notfull_run3_uniform_heavy_mixed.csv
Arrangement completed. Output saved to ../analysis/Data/Workload_data/postgresql_arrayjson_vacuum_notfull_run3_uniform_heavy_mixed.csv
Backing up the database started
Backing up the database finished
Arrangement completed. Output saved to ../analysis/Data/Workload_data/postgresql_arrayjson_vacuum_notfull_run3_uniform_heavy_mixed.csv
Size computation started
Appending subsequent iteration 15...
Iteration 15: Appended new size values from key_sizes_postgresql_arrayjson_vacuum_notfull_uniform_heavy_mixed_run3.csv to ../analysis/Data/Value_size_data/value_sizes_postgresql_arrayjson_vacuum_notfull_run3_uniform_heavy_after_mixed.csv
Total size: 193517500, Field length average: 1935
Workload file fieldlength set to: 1935 (expected: 1935)
=== Executing the load phase for the comparison study ===
Comparison-load verification - Epoch:2 Run:5 TotalSize:193500000 ExpectedFieldLength:1935
Avg-run verification - Epoch:2 Run:5 Iteration:15 TotalSize:193500000 ExpectedFieldLength:1935
=== Executing the run phase with extendproportion=0 and read/update proportions=0.5 ===
Arrangement completed. Output saved to ../analysis/Data/Workload_data/postgresql_arrayjson_vacuum_notfull_run3_uniform_heavy_mixed.csv
=== Setting parameter values for extend phase ===
=== Executing the extend phase with extendproportion=1 and other proportions=0 ===
Arrangement completed. Output saved to ../analysis/Data/Workload_data/postgresql_arrayjson_vacuum_notfull_run3_uniform_heavy_mixed.csv
Size computation started
Extend verification - Min:17500 Max:22400 Avg:20221 (Expected avg per record: ~1000 bytes initially)
Generating histogram from key size log: key_sizes_postgresql_arrayjson_vacuum_notfull_uniform_heavy_mixed_run3.csv
Histogram written to histogram.txt (BlockSize = 100)
Appending subsequent iteration 16...
Iteration 16: Appended new size values from key_sizes_postgresql_arrayjson_vacuum_notfull_uniform_heavy_mixed_run3.csv to ../analysis/Data/Value_size_data/value_sizes_postgresql_arrayjson_vacuum_notfull_run3_uniform_heavy_before_mixed.csv
VACUUM start: 1774437858
VACUUM end: 1774437859
=== Setting parameter values for run phase ===
Checking query plan before run phase
=== Executing the run phase with extendproportion=0 and read/update proportions=0.5 ===
Arrangement completed. Output saved to ../analysis/Data/Workload_data/postgresql_arrayjson_vacuum_notfull_run3_uniform_heavy_mixed.csv
Arrangement completed. Output saved to ../analysis/Data/Workload_data/postgresql_arrayjson_vacuum_notfull_run3_uniform_heavy_mixed.csv
Backing up the database started
Backing up the database finished
Arrangement completed. Output saved to ../analysis/Data/Workload_data/postgresql_arrayjson_vacuum_notfull_run3_uniform_heavy_mixed.csv
Size computation started
Appending subsequent iteration 16...
Iteration 16: Appended new size values from key_sizes_postgresql_arrayjson_vacuum_notfull_uniform_heavy_mixed_run3.csv to ../analysis/Data/Value_size_data/value_sizes_postgresql_arrayjson_vacuum_notfull_run3_uniform_heavy_after_mixed.csv
Total size: 205667400, Field length average: 2056
Workload file fieldlength set to: 2056 (expected: 2056)
=== Executing the load phase for the comparison study ===
Comparison-load verification - Epoch:2 Run:6 TotalSize:205600000 ExpectedFieldLength:2056
Avg-run verification - Epoch:2 Run:6 Iteration:16 TotalSize:205600000 ExpectedFieldLength:2056
=== Executing the run phase with extendproportion=0 and read/update proportions=0.5 ===
Arrangement completed. Output saved to ../analysis/Data/Workload_data/postgresql_arrayjson_vacuum_notfull_run3_uniform_heavy_mixed.csv
=== Setting parameter values for extend phase ===
=== Executing the extend phase with extendproportion=1 and other proportions=0 ===
Arrangement completed. Output saved to ../analysis/Data/Workload_data/postgresql_arrayjson_vacuum_notfull_run3_uniform_heavy_mixed.csv
Size computation started
Extend verification - Min:18900 Max:23600 Avg:21435 (Expected avg per record: ~1000 bytes initially)
Generating histogram from key size log: key_sizes_postgresql_arrayjson_vacuum_notfull_uniform_heavy_mixed_run3.csv
Histogram written to histogram.txt (BlockSize = 100)
Appending subsequent iteration 17...
Iteration 17: Appended new size values from key_sizes_postgresql_arrayjson_vacuum_notfull_uniform_heavy_mixed_run3.csv to ../analysis/Data/Value_size_data/value_sizes_postgresql_arrayjson_vacuum_notfull_run3_uniform_heavy_before_mixed.csv
VACUUM start: 1774438348
VACUUM end: 1774438348
=== Setting parameter values for run phase ===
Checking query plan before run phase
=== Executing the run phase with extendproportion=0 and read/update proportions=0.5 ===
Arrangement completed. Output saved to ../analysis/Data/Workload_data/postgresql_arrayjson_vacuum_notfull_run3_uniform_heavy_mixed.csv
Arrangement completed. Output saved to ../analysis/Data/Workload_data/postgresql_arrayjson_vacuum_notfull_run3_uniform_heavy_mixed.csv
Backing up the database started
Backing up the database finished
Arrangement completed. Output saved to ../analysis/Data/Workload_data/postgresql_arrayjson_vacuum_notfull_run3_uniform_heavy_mixed.csv
Size computation started
Appending subsequent iteration 17...
Iteration 17: Appended new size values from key_sizes_postgresql_arrayjson_vacuum_notfull_uniform_heavy_mixed_run3.csv to ../analysis/Data/Value_size_data/value_sizes_postgresql_arrayjson_vacuum_notfull_run3_uniform_heavy_after_mixed.csv
Total size: 217770900, Field length average: 2177
Workload file fieldlength set to: 2177 (expected: 2177)
=== Executing the load phase for the comparison study ===
Comparison-load verification - Epoch:2 Run:7 TotalSize:217700000 ExpectedFieldLength:2177
Avg-run verification - Epoch:2 Run:7 Iteration:17 TotalSize:217700000 ExpectedFieldLength:2177
=== Executing the run phase with extendproportion=0 and read/update proportions=0.5 ===
Arrangement completed. Output saved to ../analysis/Data/Workload_data/postgresql_arrayjson_vacuum_notfull_run3_uniform_heavy_mixed.csv
=== Setting parameter values for extend phase ===
=== Executing the extend phase with extendproportion=1 and other proportions=0 ===
Arrangement completed. Output saved to ../analysis/Data/Workload_data/postgresql_arrayjson_vacuum_notfull_run3_uniform_heavy_mixed.csv
Size computation started
Extend verification - Min:20300 Max:24600 Avg:22645 (Expected avg per record: ~1000 bytes initially)
Generating histogram from key size log: key_sizes_postgresql_arrayjson_vacuum_notfull_uniform_heavy_mixed_run3.csv
Histogram written to histogram.txt (BlockSize = 100)
Appending subsequent iteration 18...
Iteration 18: Appended new size values from key_sizes_postgresql_arrayjson_vacuum_notfull_uniform_heavy_mixed_run3.csv to ../analysis/Data/Value_size_data/value_sizes_postgresql_arrayjson_vacuum_notfull_run3_uniform_heavy_before_mixed.csv
VACUUM start: 1774438826
VACUUM end: 1774438826
=== Setting parameter values for run phase ===
Checking query plan before run phase
=== Executing the run phase with extendproportion=0 and read/update proportions=0.5 ===
Arrangement completed. Output saved to ../analysis/Data/Workload_data/postgresql_arrayjson_vacuum_notfull_run3_uniform_heavy_mixed.csv
Arrangement completed. Output saved to ../analysis/Data/Workload_data/postgresql_arrayjson_vacuum_notfull_run3_uniform_heavy_mixed.csv
Backing up the database started
Backing up the database finished
Arrangement completed. Output saved to ../analysis/Data/Workload_data/postgresql_arrayjson_vacuum_notfull_run3_uniform_heavy_mixed.csv
Size computation started
Appending subsequent iteration 18...
Iteration 18: Appended new size values from key_sizes_postgresql_arrayjson_vacuum_notfull_uniform_heavy_mixed_run3.csv to ../analysis/Data/Value_size_data/value_sizes_postgresql_arrayjson_vacuum_notfull_run3_uniform_heavy_after_mixed.csv
Total size: 229739700, Field length average: 2297
Workload file fieldlength set to: 2297 (expected: 2297)
=== Executing the load phase for the comparison study ===
Comparison-load verification - Epoch:2 Run:8 TotalSize:229700000 ExpectedFieldLength:2297
Avg-run verification - Epoch:2 Run:8 Iteration:18 TotalSize:229700000 ExpectedFieldLength:2297
=== Executing the run phase with extendproportion=0 and read/update proportions=0.5 ===
Arrangement completed. Output saved to ../analysis/Data/Workload_data/postgresql_arrayjson_vacuum_notfull_run3_uniform_heavy_mixed.csv
=== Setting parameter values for extend phase ===
=== Executing the extend phase with extendproportion=1 and other proportions=0 ===
Arrangement completed. Output saved to ../analysis/Data/Workload_data/postgresql_arrayjson_vacuum_notfull_run3_uniform_heavy_mixed.csv
Size computation started
Extend verification - Min:21200 Max:26100 Avg:23846 (Expected avg per record: ~1000 bytes initially)
Generating histogram from key size log: key_sizes_postgresql_arrayjson_vacuum_notfull_uniform_heavy_mixed_run3.csv
Histogram written to histogram.txt (BlockSize = 100)
Appending subsequent iteration 19...
Iteration 19: Appended new size values from key_sizes_postgresql_arrayjson_vacuum_notfull_uniform_heavy_mixed_run3.csv to ../analysis/Data/Value_size_data/value_sizes_postgresql_arrayjson_vacuum_notfull_run3_uniform_heavy_before_mixed.csv
VACUUM start: 1774439307
VACUUM end: 1774439307
=== Setting parameter values for run phase ===
Checking query plan before run phase
=== Executing the run phase with extendproportion=0 and read/update proportions=0.5 ===
Arrangement completed. Output saved to ../analysis/Data/Workload_data/postgresql_arrayjson_vacuum_notfull_run3_uniform_heavy_mixed.csv
Arrangement completed. Output saved to ../analysis/Data/Workload_data/postgresql_arrayjson_vacuum_notfull_run3_uniform_heavy_mixed.csv
Backing up the database started
Backing up the database finished
Arrangement completed. Output saved to ../analysis/Data/Workload_data/postgresql_arrayjson_vacuum_notfull_run3_uniform_heavy_mixed.csv
Size computation started
Appending subsequent iteration 19...
Iteration 19: Appended new size values from key_sizes_postgresql_arrayjson_vacuum_notfull_uniform_heavy_mixed_run3.csv to ../analysis/Data/Value_size_data/value_sizes_postgresql_arrayjson_vacuum_notfull_run3_uniform_heavy_after_mixed.csv
Total size: 241981100, Field length average: 2419
Workload file fieldlength set to: 2419 (expected: 2419)
=== Executing the load phase for the comparison study ===
Comparison-load verification - Epoch:2 Run:9 TotalSize:241900000 ExpectedFieldLength:2419
Avg-run verification - Epoch:2 Run:9 Iteration:19 TotalSize:241900000 ExpectedFieldLength:2419
=== Executing the run phase with extendproportion=0 and read/update proportions=0.5 ===
Arrangement completed. Output saved to ../analysis/Data/Workload_data/postgresql_arrayjson_vacuum_notfull_run3_uniform_heavy_mixed.csv
=== Setting parameter values for extend phase ===
=== Executing the extend phase with extendproportion=1 and other proportions=0 ===
Arrangement completed. Output saved to ../analysis/Data/Workload_data/postgresql_arrayjson_vacuum_notfull_run3_uniform_heavy_mixed.csv
Size computation started
Extend verification - Min:21800 Max:27700 Avg:25066 (Expected avg per record: ~1000 bytes initially)
Generating histogram from key size log: key_sizes_postgresql_arrayjson_vacuum_notfull_uniform_heavy_mixed_run3.csv
Histogram written to histogram.txt (BlockSize = 100)
Appending subsequent iteration 20...
Iteration 20: Appended new size values from key_sizes_postgresql_arrayjson_vacuum_notfull_uniform_heavy_mixed_run3.csv to ../analysis/Data/Value_size_data/value_sizes_postgresql_arrayjson_vacuum_notfull_run3_uniform_heavy_before_mixed.csv
VACUUM start: 1774439777
VACUUM end: 1774439777
=== Setting parameter values for run phase ===
Checking query plan before run phase
=== Executing the run phase with extendproportion=0 and read/update proportions=0.5 ===
Arrangement completed. Output saved to ../analysis/Data/Workload_data/postgresql_arrayjson_vacuum_notfull_run3_uniform_heavy_mixed.csv
Arrangement completed. Output saved to ../analysis/Data/Workload_data/postgresql_arrayjson_vacuum_notfull_run3_uniform_heavy_mixed.csv
Backing up the database started
Backing up the database finished
Arrangement completed. Output saved to ../analysis/Data/Workload_data/postgresql_arrayjson_vacuum_notfull_run3_uniform_heavy_mixed.csv
Size computation started
Appending subsequent iteration 20...
Iteration 20: Appended new size values from key_sizes_postgresql_arrayjson_vacuum_notfull_uniform_heavy_mixed_run3.csv to ../analysis/Data/Value_size_data/value_sizes_postgresql_arrayjson_vacuum_notfull_run3_uniform_heavy_after_mixed.csv
Total size: 254139000, Field length average: 2541
Workload file fieldlength set to: 2541 (expected: 2541)
=== Executing the load phase for the comparison study ===
Comparison-load verification - Epoch:2 Run:10 TotalSize:254100000 ExpectedFieldLength:2541
Avg-run verification - Epoch:2 Run:10 Iteration:20 TotalSize:254100000 ExpectedFieldLength:2541
=== Executing the run phase with extendproportion=0 and read/update proportions=0.5 ===
Arrangement completed. Output saved to ../analysis/Data/Workload_data/postgresql_arrayjson_vacuum_notfull_run3_uniform_heavy_mixed.csv
=== Setting parameter values for extend phase ===
=== Executing the extend phase with extendproportion=1 and other proportions=0 ===
Arrangement completed. Output saved to ../analysis/Data/Workload_data/postgresql_arrayjson_vacuum_notfull_run3_uniform_heavy_mixed.csv
Size computation started
Extend verification - Min:23500 Max:28700 Avg:26286 (Expected avg per record: ~1000 bytes initially)
Generating histogram from key size log: key_sizes_postgresql_arrayjson_vacuum_notfull_uniform_heavy_mixed_run3.csv
Histogram written to histogram.txt (BlockSize = 100)
Appending subsequent iteration 21...
Iteration 21: Appended new size values from key_sizes_postgresql_arrayjson_vacuum_notfull_uniform_heavy_mixed_run3.csv to ../analysis/Data/Value_size_data/value_sizes_postgresql_arrayjson_vacuum_notfull_run3_uniform_heavy_before_mixed.csv
VACUUM start: 1774440245
VACUUM end: 1774440246
=== Setting parameter values for run phase ===
Checking query plan before run phase
=== Executing the run phase with extendproportion=0 and read/update proportions=0.5 ===
Arrangement completed. Output saved to ../analysis/Data/Workload_data/postgresql_arrayjson_vacuum_notfull_run3_uniform_heavy_mixed.csv
Arrangement completed. Output saved to ../analysis/Data/Workload_data/postgresql_arrayjson_vacuum_notfull_run3_uniform_heavy_mixed.csv
Backing up the database started
Backing up the database finished
Arrangement completed. Output saved to ../analysis/Data/Workload_data/postgresql_arrayjson_vacuum_notfull_run3_uniform_heavy_mixed.csv
Size computation started
Appending subsequent iteration 21...
Iteration 21: Appended new size values from key_sizes_postgresql_arrayjson_vacuum_notfull_uniform_heavy_mixed_run3.csv to ../analysis/Data/Value_size_data/value_sizes_postgresql_arrayjson_vacuum_notfull_run3_uniform_heavy_after_mixed.csv
Total size: 266291300, Field length average: 2662
Workload file fieldlength set to: 2662 (expected: 2662)
=== Executing the load phase for the comparison study ===
Comparison-load verification - Epoch:3 Run:1 TotalSize:266200000 ExpectedFieldLength:2662
Avg-run verification - Epoch:3 Run:1 Iteration:21 TotalSize:266200000 ExpectedFieldLength:2662
=== Executing the run phase with extendproportion=0 and read/update proportions=0.5 ===
Arrangement completed. Output saved to ../analysis/Data/Workload_data/postgresql_arrayjson_vacuum_notfull_run3_uniform_heavy_mixed.csv
=== Setting parameter values for extend phase ===
=== Executing the extend phase with extendproportion=1 and other proportions=0 ===
Arrangement completed. Output saved to ../analysis/Data/Workload_data/postgresql_arrayjson_vacuum_notfull_run3_uniform_heavy_mixed.csv
Size computation started
Extend verification - Min:24500 Max:29900 Avg:27501 (Expected avg per record: ~1000 bytes initially)
Generating histogram from key size log: key_sizes_postgresql_arrayjson_vacuum_notfull_uniform_heavy_mixed_run3.csv
Histogram written to histogram.txt (BlockSize = 100)
Appending subsequent iteration 22...
Iteration 22: Appended new size values from key_sizes_postgresql_arrayjson_vacuum_notfull_uniform_heavy_mixed_run3.csv to ../analysis/Data/Value_size_data/value_sizes_postgresql_arrayjson_vacuum_notfull_run3_uniform_heavy_before_mixed.csv
VACUUM start: 1774440722
VACUUM end: 1774440722
=== Setting parameter values for run phase ===
Checking query plan before run phase
=== Executing the run phase with extendproportion=0 and read/update proportions=0.5 ===
Arrangement completed. Output saved to ../analysis/Data/Workload_data/postgresql_arrayjson_vacuum_notfull_run3_uniform_heavy_mixed.csv
Arrangement completed. Output saved to ../analysis/Data/Workload_data/postgresql_arrayjson_vacuum_notfull_run3_uniform_heavy_mixed.csv
Backing up the database started
Backing up the database finished
Arrangement completed. Output saved to ../analysis/Data/Workload_data/postgresql_arrayjson_vacuum_notfull_run3_uniform_heavy_mixed.csv
Size computation started
Appending subsequent iteration 22...
Iteration 22: Appended new size values from key_sizes_postgresql_arrayjson_vacuum_notfull_uniform_heavy_mixed_run3.csv to ../analysis/Data/Value_size_data/value_sizes_postgresql_arrayjson_vacuum_notfull_run3_uniform_heavy_after_mixed.csv
Total size: 278435600, Field length average: 2784
Workload file fieldlength set to: 2784 (expected: 2784)
=== Executing the load phase for the comparison study ===
Comparison-load verification - Epoch:3 Run:2 TotalSize:278400000 ExpectedFieldLength:2784
Avg-run verification - Epoch:3 Run:2 Iteration:22 TotalSize:278400000 ExpectedFieldLength:2784
=== Executing the run phase with extendproportion=0 and read/update proportions=0.5 ===
Arrangement completed. Output saved to ../analysis/Data/Workload_data/postgresql_arrayjson_vacuum_notfull_run3_uniform_heavy_mixed.csv
=== Setting parameter values for extend phase ===
=== Executing the extend phase with extendproportion=1 and other proportions=0 ===
Arrangement completed. Output saved to ../analysis/Data/Workload_data/postgresql_arrayjson_vacuum_notfull_run3_uniform_heavy_mixed.csv
Size computation started
Extend verification - Min:24800 Max:30900 Avg:28710 (Expected avg per record: ~1000 bytes initially)
Generating histogram from key size log: key_sizes_postgresql_arrayjson_vacuum_notfull_uniform_heavy_mixed_run3.csv
Histogram written to histogram.txt (BlockSize = 100)
Appending subsequent iteration 23...
Iteration 23: Appended new size values from key_sizes_postgresql_arrayjson_vacuum_notfull_uniform_heavy_mixed_run3.csv to ../analysis/Data/Value_size_data/value_sizes_postgresql_arrayjson_vacuum_notfull_run3_uniform_heavy_before_mixed.csv
VACUUM start: 1774441199
VACUUM end: 1774441199
=== Setting parameter values for run phase ===
Checking query plan before run phase
=== Executing the run phase with extendproportion=0 and read/update proportions=0.5 ===
Arrangement completed. Output saved to ../analysis/Data/Workload_data/postgresql_arrayjson_vacuum_notfull_run3_uniform_heavy_mixed.csv
Arrangement completed. Output saved to ../analysis/Data/Workload_data/postgresql_arrayjson_vacuum_notfull_run3_uniform_heavy_mixed.csv
Backing up the database started
Backing up the database finished
Arrangement completed. Output saved to ../analysis/Data/Workload_data/postgresql_arrayjson_vacuum_notfull_run3_uniform_heavy_mixed.csv
Size computation started
Appending subsequent iteration 23...
Iteration 23: Appended new size values from key_sizes_postgresql_arrayjson_vacuum_notfull_uniform_heavy_mixed_run3.csv to ../analysis/Data/Value_size_data/value_sizes_postgresql_arrayjson_vacuum_notfull_run3_uniform_heavy_after_mixed.csv
Total size: 290514100, Field length average: 2905
Workload file fieldlength set to: 2905 (expected: 2905)
=== Executing the load phase for the comparison study ===
Comparison-load verification - Epoch:3 Run:3 TotalSize:290500000 ExpectedFieldLength:2905
Avg-run verification - Epoch:3 Run:3 Iteration:23 TotalSize:290500000 ExpectedFieldLength:2905
=== Executing the run phase with extendproportion=0 and read/update proportions=0.5 ===
Arrangement completed. Output saved to ../analysis/Data/Workload_data/postgresql_arrayjson_vacuum_notfull_run3_uniform_heavy_mixed.csv
=== Setting parameter values for extend phase ===
=== Executing the extend phase with extendproportion=1 and other proportions=0 ===
Arrangement completed. Output saved to ../analysis/Data/Workload_data/postgresql_arrayjson_vacuum_notfull_run3_uniform_heavy_mixed.csv
Size computation started
Extend verification - Min:26500 Max:32300 Avg:29925 (Expected avg per record: ~1000 bytes initially)
Generating histogram from key size log: key_sizes_postgresql_arrayjson_vacuum_notfull_uniform_heavy_mixed_run3.csv
Histogram written to histogram.txt (BlockSize = 100)
Appending subsequent iteration 24...
Iteration 24: Appended new size values from key_sizes_postgresql_arrayjson_vacuum_notfull_uniform_heavy_mixed_run3.csv to ../analysis/Data/Value_size_data/value_sizes_postgresql_arrayjson_vacuum_notfull_run3_uniform_heavy_before_mixed.csv
VACUUM start: 1774441682
VACUUM end: 1774441682
=== Setting parameter values for run phase ===
Checking query plan before run phase
=== Executing the run phase with extendproportion=0 and read/update proportions=0.5 ===
Arrangement completed. Output saved to ../analysis/Data/Workload_data/postgresql_arrayjson_vacuum_notfull_run3_uniform_heavy_mixed.csv
Arrangement completed. Output saved to ../analysis/Data/Workload_data/postgresql_arrayjson_vacuum_notfull_run3_uniform_heavy_mixed.csv
Backing up the database started
Backing up the database finished
Arrangement completed. Output saved to ../analysis/Data/Workload_data/postgresql_arrayjson_vacuum_notfull_run3_uniform_heavy_mixed.csv
Size computation started
Appending subsequent iteration 24...
Iteration 24: Appended new size values from key_sizes_postgresql_arrayjson_vacuum_notfull_uniform_heavy_mixed_run3.csv to ../analysis/Data/Value_size_data/value_sizes_postgresql_arrayjson_vacuum_notfull_run3_uniform_heavy_after_mixed.csv
Total size: 302754900, Field length average: 3027
Workload file fieldlength set to: 3027 (expected: 3027)
=== Executing the load phase for the comparison study ===
Comparison-load verification - Epoch:3 Run:4 TotalSize:302700000 ExpectedFieldLength:3027
Avg-run verification - Epoch:3 Run:4 Iteration:24 TotalSize:302700000 ExpectedFieldLength:3027
=== Executing the run phase with extendproportion=0 and read/update proportions=0.5 ===
Arrangement completed. Output saved to ../analysis/Data/Workload_data/postgresql_arrayjson_vacuum_notfull_run3_uniform_heavy_mixed.csv
=== Setting parameter values for extend phase ===
=== Executing the extend phase with extendproportion=1 and other proportions=0 ===
Arrangement completed. Output saved to ../analysis/Data/Workload_data/postgresql_arrayjson_vacuum_notfull_run3_uniform_heavy_mixed.csv
Size computation started
Extend verification - Min:27300 Max:33200 Avg:31144 (Expected avg per record: ~1000 bytes initially)
Generating histogram from key size log: key_sizes_postgresql_arrayjson_vacuum_notfull_uniform_heavy_mixed_run3.csv
Histogram written to histogram.txt (BlockSize = 100)
Appending subsequent iteration 25...
Iteration 25: Appended new size values from key_sizes_postgresql_arrayjson_vacuum_notfull_uniform_heavy_mixed_run3.csv to ../analysis/Data/Value_size_data/value_sizes_postgresql_arrayjson_vacuum_notfull_run3_uniform_heavy_before_mixed.csv
VACUUM start: 1774442171
VACUUM end: 1774442171
=== Setting parameter values for run phase ===
Checking query plan before run phase
=== Executing the run phase with extendproportion=0 and read/update proportions=0.5 ===
Arrangement completed. Output saved to ../analysis/Data/Workload_data/postgresql_arrayjson_vacuum_notfull_run3_uniform_heavy_mixed.csv
Arrangement completed. Output saved to ../analysis/Data/Workload_data/postgresql_arrayjson_vacuum_notfull_run3_uniform_heavy_mixed.csv
Backing up the database started
Backing up the database finished
Arrangement completed. Output saved to ../analysis/Data/Workload_data/postgresql_arrayjson_vacuum_notfull_run3_uniform_heavy_mixed.csv
Size computation started
Appending subsequent iteration 25...
Iteration 25: Appended new size values from key_sizes_postgresql_arrayjson_vacuum_notfull_uniform_heavy_mixed_run3.csv to ../analysis/Data/Value_size_data/value_sizes_postgresql_arrayjson_vacuum_notfull_run3_uniform_heavy_after_mixed.csv
Total size: 314934200, Field length average: 3149
Workload file fieldlength set to: 3149 (expected: 3149)
=== Executing the load phase for the comparison study ===
Comparison-load verification - Epoch:3 Run:5 TotalSize:314900000 ExpectedFieldLength:3149
Avg-run verification - Epoch:3 Run:5 Iteration:25 TotalSize:314900000 ExpectedFieldLength:3149
=== Executing the run phase with extendproportion=0 and read/update proportions=0.5 ===
Arrangement completed. Output saved to ../analysis/Data/Workload_data/postgresql_arrayjson_vacuum_notfull_run3_uniform_heavy_mixed.csv
=== Setting parameter values for extend phase ===
=== Executing the extend phase with extendproportion=1 and other proportions=0 ===
Arrangement completed. Output saved to ../analysis/Data/Workload_data/postgresql_arrayjson_vacuum_notfull_run3_uniform_heavy_mixed.csv
Size computation started
Extend verification - Min:28500 Max:34700 Avg:32365 (Expected avg per record: ~1000 bytes initially)
Generating histogram from key size log: key_sizes_postgresql_arrayjson_vacuum_notfull_uniform_heavy_mixed_run3.csv
Histogram written to histogram.txt (BlockSize = 100)
Appending subsequent iteration 26...
Iteration 26: Appended new size values from key_sizes_postgresql_arrayjson_vacuum_notfull_uniform_heavy_mixed_run3.csv to ../analysis/Data/Value_size_data/value_sizes_postgresql_arrayjson_vacuum_notfull_run3_uniform_heavy_before_mixed.csv
VACUUM start: 1774442662
VACUUM end: 1774442663
=== Setting parameter values for run phase ===
Checking query plan before run phase
=== Executing the run phase with extendproportion=0 and read/update proportions=0.5 ===
Arrangement completed. Output saved to ../analysis/Data/Workload_data/postgresql_arrayjson_vacuum_notfull_run3_uniform_heavy_mixed.csv
Arrangement completed. Output saved to ../analysis/Data/Workload_data/postgresql_arrayjson_vacuum_notfull_run3_uniform_heavy_mixed.csv
Backing up the database started
Backing up the database finished
Arrangement completed. Output saved to ../analysis/Data/Workload_data/postgresql_arrayjson_vacuum_notfull_run3_uniform_heavy_mixed.csv
Size computation started
Appending subsequent iteration 26...
Iteration 26: Appended new size values from key_sizes_postgresql_arrayjson_vacuum_notfull_uniform_heavy_mixed_run3.csv to ../analysis/Data/Value_size_data/value_sizes_postgresql_arrayjson_vacuum_notfull_run3_uniform_heavy_after_mixed.csv
Total size: 327026000, Field length average: 3270
Workload file fieldlength set to: 3270 (expected: 3270)
=== Executing the load phase for the comparison study ===
Comparison-load verification - Epoch:3 Run:6 TotalSize:327000000 ExpectedFieldLength:3270
Avg-run verification - Epoch:3 Run:6 Iteration:26 TotalSize:327000000 ExpectedFieldLength:3270
=== Executing the run phase with extendproportion=0 and read/update proportions=0.5 ===
Arrangement completed. Output saved to ../analysis/Data/Workload_data/postgresql_arrayjson_vacuum_notfull_run3_uniform_heavy_mixed.csv
=== Setting parameter values for extend phase ===
=== Executing the extend phase with extendproportion=1 and other proportions=0 ===
Arrangement completed. Output saved to ../analysis/Data/Workload_data/postgresql_arrayjson_vacuum_notfull_run3_uniform_heavy_mixed.csv
Size computation started
Extend verification - Min:29700 Max:35800 Avg:33573 (Expected avg per record: ~1000 bytes initially)
Generating histogram from key size log: key_sizes_postgresql_arrayjson_vacuum_notfull_uniform_heavy_mixed_run3.csv
Histogram written to histogram.txt (BlockSize = 100)
Appending subsequent iteration 27...
Iteration 27: Appended new size values from key_sizes_postgresql_arrayjson_vacuum_notfull_uniform_heavy_mixed_run3.csv to ../analysis/Data/Value_size_data/value_sizes_postgresql_arrayjson_vacuum_notfull_run3_uniform_heavy_before_mixed.csv
VACUUM start: 1774443153
VACUUM end: 1774443154
=== Setting parameter values for run phase ===
Checking query plan before run phase
=== Executing the run phase with extendproportion=0 and read/update proportions=0.5 ===
Arrangement completed. Output saved to ../analysis/Data/Workload_data/postgresql_arrayjson_vacuum_notfull_run3_uniform_heavy_mixed.csv
Arrangement completed. Output saved to ../analysis/Data/Workload_data/postgresql_arrayjson_vacuum_notfull_run3_uniform_heavy_mixed.csv
Backing up the database started
Backing up the database finished
Arrangement completed. Output saved to ../analysis/Data/Workload_data/postgresql_arrayjson_vacuum_notfull_run3_uniform_heavy_mixed.csv
Size computation started
Appending subsequent iteration 27...
Iteration 27: Appended new size values from key_sizes_postgresql_arrayjson_vacuum_notfull_uniform_heavy_mixed_run3.csv to ../analysis/Data/Value_size_data/value_sizes_postgresql_arrayjson_vacuum_notfull_run3_uniform_heavy_after_mixed.csv
Total size: 339148600, Field length average: 3391
Workload file fieldlength set to: 3391 (expected: 3391)
=== Executing the load phase for the comparison study ===
Comparison-load verification - Epoch:3 Run:7 TotalSize:339100000 ExpectedFieldLength:3391
Avg-run verification - Epoch:3 Run:7 Iteration:27 TotalSize:339100000 ExpectedFieldLength:3391
=== Executing the run phase with extendproportion=0 and read/update proportions=0.5 ===
Arrangement completed. Output saved to ../analysis/Data/Workload_data/postgresql_arrayjson_vacuum_notfull_run3_uniform_heavy_mixed.csv
=== Setting parameter values for extend phase ===
=== Executing the extend phase with extendproportion=1 and other proportions=0 ===
Arrangement completed. Output saved to ../analysis/Data/Workload_data/postgresql_arrayjson_vacuum_notfull_run3_uniform_heavy_mixed.csv
Size computation started
Extend verification - Min:30600 Max:37200 Avg:34790 (Expected avg per record: ~1000 bytes initially)
Generating histogram from key size log: key_sizes_postgresql_arrayjson_vacuum_notfull_uniform_heavy_mixed_run3.csv
Histogram written to histogram.txt (BlockSize = 100)
Appending subsequent iteration 28...
Iteration 28: Appended new size values from key_sizes_postgresql_arrayjson_vacuum_notfull_uniform_heavy_mixed_run3.csv to ../analysis/Data/Value_size_data/value_sizes_postgresql_arrayjson_vacuum_notfull_run3_uniform_heavy_before_mixed.csv
VACUUM start: 1774443641
VACUUM end: 1774443641
=== Setting parameter values for run phase ===
Checking query plan before run phase
=== Executing the run phase with extendproportion=0 and read/update proportions=0.5 ===
Arrangement completed. Output saved to ../analysis/Data/Workload_data/postgresql_arrayjson_vacuum_notfull_run3_uniform_heavy_mixed.csv
Arrangement completed. Output saved to ../analysis/Data/Workload_data/postgresql_arrayjson_vacuum_notfull_run3_uniform_heavy_mixed.csv
Backing up the database started
Backing up the database finished
Arrangement completed. Output saved to ../analysis/Data/Workload_data/postgresql_arrayjson_vacuum_notfull_run3_uniform_heavy_mixed.csv
Size computation started
Appending subsequent iteration 28...
Iteration 28: Appended new size values from key_sizes_postgresql_arrayjson_vacuum_notfull_uniform_heavy_mixed_run3.csv to ../analysis/Data/Value_size_data/value_sizes_postgresql_arrayjson_vacuum_notfull_run3_uniform_heavy_after_mixed.csv
Total size: 351358700, Field length average: 3513
Workload file fieldlength set to: 3513 (expected: 3513)
=== Executing the load phase for the comparison study ===
Comparison-load verification - Epoch:3 Run:8 TotalSize:351300000 ExpectedFieldLength:3513
Avg-run verification - Epoch:3 Run:8 Iteration:28 TotalSize:351300000 ExpectedFieldLength:3513
=== Executing the run phase with extendproportion=0 and read/update proportions=0.5 ===
Arrangement completed. Output saved to ../analysis/Data/Workload_data/postgresql_arrayjson_vacuum_notfull_run3_uniform_heavy_mixed.csv
=== Setting parameter values for extend phase ===
=== Executing the extend phase with extendproportion=1 and other proportions=0 ===
Arrangement completed. Output saved to ../analysis/Data/Workload_data/postgresql_arrayjson_vacuum_notfull_run3_uniform_heavy_mixed.csv
Size computation started
Extend verification - Min:31400 Max:38400 Avg:36009 (Expected avg per record: ~1000 bytes initially)
Generating histogram from key size log: key_sizes_postgresql_arrayjson_vacuum_notfull_uniform_heavy_mixed_run3.csv
Histogram written to histogram.txt (BlockSize = 100)
Appending subsequent iteration 29...
Iteration 29: Appended new size values from key_sizes_postgresql_arrayjson_vacuum_notfull_uniform_heavy_mixed_run3.csv to ../analysis/Data/Value_size_data/value_sizes_postgresql_arrayjson_vacuum_notfull_run3_uniform_heavy_before_mixed.csv
VACUUM start: 1774444138
VACUUM end: 1774444138
=== Setting parameter values for run phase ===
Checking query plan before run phase
=== Executing the run phase with extendproportion=0 and read/update proportions=0.5 ===
Arrangement completed. Output saved to ../analysis/Data/Workload_data/postgresql_arrayjson_vacuum_notfull_run3_uniform_heavy_mixed.csv
Arrangement completed. Output saved to ../analysis/Data/Workload_data/postgresql_arrayjson_vacuum_notfull_run3_uniform_heavy_mixed.csv
Backing up the database started
Backing up the database finished
Arrangement completed. Output saved to ../analysis/Data/Workload_data/postgresql_arrayjson_vacuum_notfull_run3_uniform_heavy_mixed.csv
Size computation started
Appending subsequent iteration 29...
Iteration 29: Appended new size values from key_sizes_postgresql_arrayjson_vacuum_notfull_uniform_heavy_mixed_run3.csv to ../analysis/Data/Value_size_data/value_sizes_postgresql_arrayjson_vacuum_notfull_run3_uniform_heavy_after_mixed.csv
Total size: 363492300, Field length average: 3634
Workload file fieldlength set to: 3634 (expected: 3634)
=== Executing the load phase for the comparison study ===
Comparison-load verification - Epoch:3 Run:9 TotalSize:363400000 ExpectedFieldLength:3634
Avg-run verification - Epoch:3 Run:9 Iteration:29 TotalSize:363400000 ExpectedFieldLength:3634
=== Executing the run phase with extendproportion=0 and read/update proportions=0.5 ===
Arrangement completed. Output saved to ../analysis/Data/Workload_data/postgresql_arrayjson_vacuum_notfull_run3_uniform_heavy_mixed.csv
=== Setting parameter values for extend phase ===
=== Executing the extend phase with extendproportion=1 and other proportions=0 ===
Arrangement completed. Output saved to ../analysis/Data/Workload_data/postgresql_arrayjson_vacuum_notfull_run3_uniform_heavy_mixed.csv
Size computation started
Extend verification - Min:32400 Max:39400 Avg:37220 (Expected avg per record: ~1000 bytes initially)
Generating histogram from key size log: key_sizes_postgresql_arrayjson_vacuum_notfull_uniform_heavy_mixed_run3.csv
Histogram written to histogram.txt (BlockSize = 100)
Appending subsequent iteration 30...
Iteration 30: Appended new size values from key_sizes_postgresql_arrayjson_vacuum_notfull_uniform_heavy_mixed_run3.csv to ../analysis/Data/Value_size_data/value_sizes_postgresql_arrayjson_vacuum_notfull_run3_uniform_heavy_before_mixed.csv
VACUUM start: 1774444641
VACUUM end: 1774444642
=== Setting parameter values for run phase ===
Checking query plan before run phase
=== Executing the run phase with extendproportion=0 and read/update proportions=0.5 ===
Arrangement completed. Output saved to ../analysis/Data/Workload_data/postgresql_arrayjson_vacuum_notfull_run3_uniform_heavy_mixed.csv
Arrangement completed. Output saved to ../analysis/Data/Workload_data/postgresql_arrayjson_vacuum_notfull_run3_uniform_heavy_mixed.csv
Backing up the database started
Backing up the database finished
Arrangement completed. Output saved to ../analysis/Data/Workload_data/postgresql_arrayjson_vacuum_notfull_run3_uniform_heavy_mixed.csv
Size computation started
Appending subsequent iteration 30...
Iteration 30: Appended new size values from key_sizes_postgresql_arrayjson_vacuum_notfull_uniform_heavy_mixed_run3.csv to ../analysis/Data/Value_size_data/value_sizes_postgresql_arrayjson_vacuum_notfull_run3_uniform_heavy_after_mixed.csv
Total size: 375632400, Field length average: 3756
Workload file fieldlength set to: 3756 (expected: 3756)
=== Executing the load phase for the comparison study ===
Comparison-load verification - Epoch:3 Run:10 TotalSize:375600000 ExpectedFieldLength:3756
Avg-run verification - Epoch:3 Run:10 Iteration:30 TotalSize:375600000 ExpectedFieldLength:3756
=== Executing the run phase with extendproportion=0 and read/update proportions=0.5 ===
Arrangement completed. Output saved to ../analysis/Data/Workload_data/postgresql_arrayjson_vacuum_notfull_run3_uniform_heavy_mixed.csv
=== Setting parameter values for extend phase ===
=== Executing the extend phase with extendproportion=1 and other proportions=0 ===
Arrangement completed. Output saved to ../analysis/Data/Workload_data/postgresql_arrayjson_vacuum_notfull_run3_uniform_heavy_mixed.csv
Size computation started
Extend verification - Min:34400 Max:41000 Avg:38430 (Expected avg per record: ~1000 bytes initially)
Generating histogram from key size log: key_sizes_postgresql_arrayjson_vacuum_notfull_uniform_heavy_mixed_run3.csv
Histogram written to histogram.txt (BlockSize = 100)
Appending subsequent iteration 31...
Iteration 31: Appended new size values from key_sizes_postgresql_arrayjson_vacuum_notfull_uniform_heavy_mixed_run3.csv to ../analysis/Data/Value_size_data/value_sizes_postgresql_arrayjson_vacuum_notfull_run3_uniform_heavy_before_mixed.csv
VACUUM start: 1774445149
VACUUM end: 1774445150
=== Setting parameter values for run phase ===
Checking query plan before run phase
=== Executing the run phase with extendproportion=0 and read/update proportions=0.5 ===
Arrangement completed. Output saved to ../analysis/Data/Workload_data/postgresql_arrayjson_vacuum_notfull_run3_uniform_heavy_mixed.csv
Arrangement completed. Output saved to ../analysis/Data/Workload_data/postgresql_arrayjson_vacuum_notfull_run3_uniform_heavy_mixed.csv
Backing up the database started
Backing up the database finished
Arrangement completed. Output saved to ../analysis/Data/Workload_data/postgresql_arrayjson_vacuum_notfull_run3_uniform_heavy_mixed.csv
Size computation started
Appending subsequent iteration 31...
Iteration 31: Appended new size values from key_sizes_postgresql_arrayjson_vacuum_notfull_uniform_heavy_mixed_run3.csv to ../analysis/Data/Value_size_data/value_sizes_postgresql_arrayjson_vacuum_notfull_run3_uniform_heavy_after_mixed.csv
Total size: 387774900, Field length average: 3877
Workload file fieldlength set to: 3877 (expected: 3877)
=== Executing the load phase for the comparison study ===
Comparison-load verification - Epoch:4 Run:1 TotalSize:387700000 ExpectedFieldLength:3877
Avg-run verification - Epoch:4 Run:1 Iteration:31 TotalSize:387700000 ExpectedFieldLength:3877
=== Executing the run phase with extendproportion=0 and read/update proportions=0.5 ===
Arrangement completed. Output saved to ../analysis/Data/Workload_data/postgresql_arrayjson_vacuum_notfull_run3_uniform_heavy_mixed.csv
=== Setting parameter values for extend phase ===
=== Executing the extend phase with extendproportion=1 and other proportions=0 ===
Arrangement completed. Output saved to ../analysis/Data/Workload_data/postgresql_arrayjson_vacuum_notfull_run3_uniform_heavy_mixed.csv
Size computation started
Extend verification - Min:35000 Max:41800 Avg:39650 (Expected avg per record: ~1000 bytes initially)
Generating histogram from key size log: key_sizes_postgresql_arrayjson_vacuum_notfull_uniform_heavy_mixed_run3.csv
Histogram written to histogram.txt (BlockSize = 100)
Appending subsequent iteration 32...
Iteration 32: Appended new size values from key_sizes_postgresql_arrayjson_vacuum_notfull_uniform_heavy_mixed_run3.csv to ../analysis/Data/Value_size_data/value_sizes_postgresql_arrayjson_vacuum_notfull_run3_uniform_heavy_before_mixed.csv
VACUUM start: 1774445656
VACUUM end: 1774445657
=== Setting parameter values for run phase ===
Checking query plan before run phase
=== Executing the run phase with extendproportion=0 and read/update proportions=0.5 ===
Arrangement completed. Output saved to ../analysis/Data/Workload_data/postgresql_arrayjson_vacuum_notfull_run3_uniform_heavy_mixed.csv
Arrangement completed. Output saved to ../analysis/Data/Workload_data/postgresql_arrayjson_vacuum_notfull_run3_uniform_heavy_mixed.csv
Backing up the database started
Backing up the database finished
Arrangement completed. Output saved to ../analysis/Data/Workload_data/postgresql_arrayjson_vacuum_notfull_run3_uniform_heavy_mixed.csv
Size computation started
Appending subsequent iteration 32...
Iteration 32: Appended new size values from key_sizes_postgresql_arrayjson_vacuum_notfull_uniform_heavy_mixed_run3.csv to ../analysis/Data/Value_size_data/value_sizes_postgresql_arrayjson_vacuum_notfull_run3_uniform_heavy_after_mixed.csv
Total size: 399861400, Field length average: 3998
Workload file fieldlength set to: 3998 (expected: 3998)
=== Executing the load phase for the comparison study ===
Comparison-load verification - Epoch:4 Run:2 TotalSize:399800000 ExpectedFieldLength:3998
Avg-run verification - Epoch:4 Run:2 Iteration:32 TotalSize:399800000 ExpectedFieldLength:3998
=== Executing the run phase with extendproportion=0 and read/update proportions=0.5 ===
Arrangement completed. Output saved to ../analysis/Data/Workload_data/postgresql_arrayjson_vacuum_notfull_run3_uniform_heavy_mixed.csv
=== Setting parameter values for extend phase ===
=== Executing the extend phase with extendproportion=1 and other proportions=0 ===
Arrangement completed. Output saved to ../analysis/Data/Workload_data/postgresql_arrayjson_vacuum_notfull_run3_uniform_heavy_mixed.csv
Size computation started
Extend verification - Min:36400 Max:43000 Avg:40860 (Expected avg per record: ~1000 bytes initially)
Generating histogram from key size log: key_sizes_postgresql_arrayjson_vacuum_notfull_uniform_heavy_mixed_run3.csv
Histogram written to histogram.txt (BlockSize = 100)
Appending subsequent iteration 33...
Iteration 33: Appended new size values from key_sizes_postgresql_arrayjson_vacuum_notfull_uniform_heavy_mixed_run3.csv to ../analysis/Data/Value_size_data/value_sizes_postgresql_arrayjson_vacuum_notfull_run3_uniform_heavy_before_mixed.csv
VACUUM start: 1774446170
VACUUM end: 1774446171
=== Setting parameter values for run phase ===
Checking query plan before run phase
=== Executing the run phase with extendproportion=0 and read/update proportions=0.5 ===
Arrangement completed. Output saved to ../analysis/Data/Workload_data/postgresql_arrayjson_vacuum_notfull_run3_uniform_heavy_mixed.csv
Arrangement completed. Output saved to ../analysis/Data/Workload_data/postgresql_arrayjson_vacuum_notfull_run3_uniform_heavy_mixed.csv
Backing up the database started
Backing up the database finished
Arrangement completed. Output saved to ../analysis/Data/Workload_data/postgresql_arrayjson_vacuum_notfull_run3_uniform_heavy_mixed.csv
Size computation started
Appending subsequent iteration 33...
Iteration 33: Appended new size values from key_sizes_postgresql_arrayjson_vacuum_notfull_uniform_heavy_mixed_run3.csv to ../analysis/Data/Value_size_data/value_sizes_postgresql_arrayjson_vacuum_notfull_run3_uniform_heavy_after_mixed.csv
Total size: 411958400, Field length average: 4119
Workload file fieldlength set to: 4119 (expected: 4119)
=== Executing the load phase for the comparison study ===
Comparison-load verification - Epoch:4 Run:3 TotalSize:411900000 ExpectedFieldLength:4119
Avg-run verification - Epoch:4 Run:3 Iteration:33 TotalSize:411900000 ExpectedFieldLength:4119
=== Executing the run phase with extendproportion=0 and read/update proportions=0.5 ===
Arrangement completed. Output saved to ../analysis/Data/Workload_data/postgresql_arrayjson_vacuum_notfull_run3_uniform_heavy_mixed.csv
=== Setting parameter values for extend phase ===
=== Executing the extend phase with extendproportion=1 and other proportions=0 ===
Arrangement completed. Output saved to ../analysis/Data/Workload_data/postgresql_arrayjson_vacuum_notfull_run3_uniform_heavy_mixed.csv
Size computation started
Extend verification - Min:37000 Max:44400 Avg:42070 (Expected avg per record: ~1000 bytes initially)
Generating histogram from key size log: key_sizes_postgresql_arrayjson_vacuum_notfull_uniform_heavy_mixed_run3.csv
Histogram written to histogram.txt (BlockSize = 100)
Appending subsequent iteration 34...
Iteration 34: Appended new size values from key_sizes_postgresql_arrayjson_vacuum_notfull_uniform_heavy_mixed_run3.csv to ../analysis/Data/Value_size_data/value_sizes_postgresql_arrayjson_vacuum_notfull_run3_uniform_heavy_before_mixed.csv
VACUUM start: 1774446720
VACUUM end: 1774446720
=== Setting parameter values for run phase ===
Checking query plan before run phase
=== Executing the run phase with extendproportion=0 and read/update proportions=0.5 ===
Arrangement completed. Output saved to ../analysis/Data/Workload_data/postgresql_arrayjson_vacuum_notfull_run3_uniform_heavy_mixed.csv
Arrangement completed. Output saved to ../analysis/Data/Workload_data/postgresql_arrayjson_vacuum_notfull_run3_uniform_heavy_mixed.csv
Backing up the database started
Backing up the database finished
Arrangement completed. Output saved to ../analysis/Data/Workload_data/postgresql_arrayjson_vacuum_notfull_run3_uniform_heavy_mixed.csv
Size computation started
Appending subsequent iteration 34...
Iteration 34: Appended new size values from key_sizes_postgresql_arrayjson_vacuum_notfull_uniform_heavy_mixed_run3.csv to ../analysis/Data/Value_size_data/value_sizes_postgresql_arrayjson_vacuum_notfull_run3_uniform_heavy_after_mixed.csv
Total size: 424167400, Field length average: 4241
Workload file fieldlength set to: 4241 (expected: 4241)
=== Executing the load phase for the comparison study ===
Comparison-load verification - Epoch:4 Run:4 TotalSize:424100000 ExpectedFieldLength:4241
Avg-run verification - Epoch:4 Run:4 Iteration:34 TotalSize:424100000 ExpectedFieldLength:4241
=== Executing the run phase with extendproportion=0 and read/update proportions=0.5 ===
Arrangement completed. Output saved to ../analysis/Data/Workload_data/postgresql_arrayjson_vacuum_notfull_run3_uniform_heavy_mixed.csv
=== Setting parameter values for extend phase ===
=== Executing the extend phase with extendproportion=1 and other proportions=0 ===
Arrangement completed. Output saved to ../analysis/Data/Workload_data/postgresql_arrayjson_vacuum_notfull_run3_uniform_heavy_mixed.csv
Size computation started
Extend verification - Min:37800 Max:45400 Avg:43288 (Expected avg per record: ~1000 bytes initially)
Generating histogram from key size log: key_sizes_postgresql_arrayjson_vacuum_notfull_uniform_heavy_mixed_run3.csv
Histogram written to histogram.txt (BlockSize = 100)
Appending subsequent iteration 35...
Iteration 35: Appended new size values from key_sizes_postgresql_arrayjson_vacuum_notfull_uniform_heavy_mixed_run3.csv to ../analysis/Data/Value_size_data/value_sizes_postgresql_arrayjson_vacuum_notfull_run3_uniform_heavy_before_mixed.csv
VACUUM start: 1774447271
VACUUM end: 1774447271
=== Setting parameter values for run phase ===
Checking query plan before run phase
=== Executing the run phase with extendproportion=0 and read/update proportions=0.5 ===
Arrangement completed. Output saved to ../analysis/Data/Workload_data/postgresql_arrayjson_vacuum_notfull_run3_uniform_heavy_mixed.csv
Arrangement completed. Output saved to ../analysis/Data/Workload_data/postgresql_arrayjson_vacuum_notfull_run3_uniform_heavy_mixed.csv
Backing up the database started
Backing up the database finished
Arrangement completed. Output saved to ../analysis/Data/Workload_data/postgresql_arrayjson_vacuum_notfull_run3_uniform_heavy_mixed.csv
Size computation started
Appending subsequent iteration 35...
Iteration 35: Appended new size values from key_sizes_postgresql_arrayjson_vacuum_notfull_uniform_heavy_mixed_run3.csv to ../analysis/Data/Value_size_data/value_sizes_postgresql_arrayjson_vacuum_notfull_run3_uniform_heavy_after_mixed.csv
Total size: 436313300, Field length average: 4363
Workload file fieldlength set to: 4363 (expected: 4363)
=== Executing the load phase for the comparison study ===
Comparison-load verification - Epoch:4 Run:5 TotalSize:436300000 ExpectedFieldLength:4363
Avg-run verification - Epoch:4 Run:5 Iteration:35 TotalSize:436300000 ExpectedFieldLength:4363
=== Executing the run phase with extendproportion=0 and read/update proportions=0.5 ===
Arrangement completed. Output saved to ../analysis/Data/Workload_data/postgresql_arrayjson_vacuum_notfull_run3_uniform_heavy_mixed.csv
=== Setting parameter values for extend phase ===
=== Executing the extend phase with extendproportion=1 and other proportions=0 ===
Arrangement completed. Output saved to ../analysis/Data/Workload_data/postgresql_arrayjson_vacuum_notfull_run3_uniform_heavy_mixed.csv
Size computation started
Extend verification - Min:39700 Max:46900 Avg:44500 (Expected avg per record: ~1000 bytes initially)
Generating histogram from key size log: key_sizes_postgresql_arrayjson_vacuum_notfull_uniform_heavy_mixed_run3.csv
Histogram written to histogram.txt (BlockSize = 100)
Appending subsequent iteration 36...
Iteration 36: Appended new size values from key_sizes_postgresql_arrayjson_vacuum_notfull_uniform_heavy_mixed_run3.csv to ../analysis/Data/Value_size_data/value_sizes_postgresql_arrayjson_vacuum_notfull_run3_uniform_heavy_before_mixed.csv
VACUUM start: 1774447815
VACUUM end: 1774447815
=== Setting parameter values for run phase ===
Checking query plan before run phase
=== Executing the run phase with extendproportion=0 and read/update proportions=0.5 ===
Arrangement completed. Output saved to ../analysis/Data/Workload_data/postgresql_arrayjson_vacuum_notfull_run3_uniform_heavy_mixed.csv
Arrangement completed. Output saved to ../analysis/Data/Workload_data/postgresql_arrayjson_vacuum_notfull_run3_uniform_heavy_mixed.csv
Backing up the database started
Backing up the database finished
Arrangement completed. Output saved to ../analysis/Data/Workload_data/postgresql_arrayjson_vacuum_notfull_run3_uniform_heavy_mixed.csv
Size computation started
Appending subsequent iteration 36...
Iteration 36: Appended new size values from key_sizes_postgresql_arrayjson_vacuum_notfull_uniform_heavy_mixed_run3.csv to ../analysis/Data/Value_size_data/value_sizes_postgresql_arrayjson_vacuum_notfull_run3_uniform_heavy_after_mixed.csv
Total size: 448369600, Field length average: 4483
Workload file fieldlength set to: 4483 (expected: 4483)
=== Executing the load phase for the comparison study ===
Comparison-load verification - Epoch:4 Run:6 TotalSize:448300000 ExpectedFieldLength:4483
Avg-run verification - Epoch:4 Run:6 Iteration:36 TotalSize:448300000 ExpectedFieldLength:4483
=== Executing the run phase with extendproportion=0 and read/update proportions=0.5 ===
Arrangement completed. Output saved to ../analysis/Data/Workload_data/postgresql_arrayjson_vacuum_notfull_run3_uniform_heavy_mixed.csv
=== Setting parameter values for extend phase ===
=== Executing the extend phase with extendproportion=1 and other proportions=0 ===
Arrangement completed. Output saved to ../analysis/Data/Workload_data/postgresql_arrayjson_vacuum_notfull_run3_uniform_heavy_mixed.csv
Size computation started
Extend verification - Min:41000 Max:48000 Avg:45708 (Expected avg per record: ~1000 bytes initially)
Generating histogram from key size log: key_sizes_postgresql_arrayjson_vacuum_notfull_uniform_heavy_mixed_run3.csv
Histogram written to histogram.txt (BlockSize = 100)
Appending subsequent iteration 37...
Iteration 37: Appended new size values from key_sizes_postgresql_arrayjson_vacuum_notfull_uniform_heavy_mixed_run3.csv to ../analysis/Data/Value_size_data/value_sizes_postgresql_arrayjson_vacuum_notfull_run3_uniform_heavy_before_mixed.csv
VACUUM start: 1774448359
VACUUM end: 1774448359
=== Setting parameter values for run phase ===
Checking query plan before run phase
=== Executing the run phase with extendproportion=0 and read/update proportions=0.5 ===
Arrangement completed. Output saved to ../analysis/Data/Workload_data/postgresql_arrayjson_vacuum_notfull_run3_uniform_heavy_mixed.csv
Arrangement completed. Output saved to ../analysis/Data/Workload_data/postgresql_arrayjson_vacuum_notfull_run3_uniform_heavy_mixed.csv
Backing up the database started
Backing up the database finished
Arrangement completed. Output saved to ../analysis/Data/Workload_data/postgresql_arrayjson_vacuum_notfull_run3_uniform_heavy_mixed.csv
Size computation started
Appending subsequent iteration 37...
Iteration 37: Appended new size values from key_sizes_postgresql_arrayjson_vacuum_notfull_uniform_heavy_mixed_run3.csv to ../analysis/Data/Value_size_data/value_sizes_postgresql_arrayjson_vacuum_notfull_run3_uniform_heavy_after_mixed.csv
Total size: 460465200, Field length average: 4604
Workload file fieldlength set to: 4604 (expected: 4604)
=== Executing the load phase for the comparison study ===
Comparison-load verification - Epoch:4 Run:7 TotalSize:460400000 ExpectedFieldLength:4604
Avg-run verification - Epoch:4 Run:7 Iteration:37 TotalSize:460400000 ExpectedFieldLength:4604
=== Executing the run phase with extendproportion=0 and read/update proportions=0.5 ===
Arrangement completed. Output saved to ../analysis/Data/Workload_data/postgresql_arrayjson_vacuum_notfull_run3_uniform_heavy_mixed.csv
=== Setting parameter values for extend phase ===
=== Executing the extend phase with extendproportion=1 and other proportions=0 ===
Arrangement completed. Output saved to ../analysis/Data/Workload_data/postgresql_arrayjson_vacuum_notfull_run3_uniform_heavy_mixed.csv
Size computation started
Extend verification - Min:40900 Max:49200 Avg:46922 (Expected avg per record: ~1000 bytes initially)
Generating histogram from key size log: key_sizes_postgresql_arrayjson_vacuum_notfull_uniform_heavy_mixed_run3.csv
Histogram written to histogram.txt (BlockSize = 100)
Appending subsequent iteration 38...
Iteration 38: Appended new size values from key_sizes_postgresql_arrayjson_vacuum_notfull_uniform_heavy_mixed_run3.csv to ../analysis/Data/Value_size_data/value_sizes_postgresql_arrayjson_vacuum_notfull_run3_uniform_heavy_before_mixed.csv
VACUUM start: 1774448893
VACUUM end: 1774448893
=== Setting parameter values for run phase ===
Checking query plan before run phase
=== Executing the run phase with extendproportion=0 and read/update proportions=0.5 ===
Arrangement completed. Output saved to ../analysis/Data/Workload_data/postgresql_arrayjson_vacuum_notfull_run3_uniform_heavy_mixed.csv
Arrangement completed. Output saved to ../analysis/Data/Workload_data/postgresql_arrayjson_vacuum_notfull_run3_uniform_heavy_mixed.csv
Backing up the database started
Backing up the database finished
Arrangement completed. Output saved to ../analysis/Data/Workload_data/postgresql_arrayjson_vacuum_notfull_run3_uniform_heavy_mixed.csv
Size computation started
Appending subsequent iteration 38...
Iteration 38: Appended new size values from key_sizes_postgresql_arrayjson_vacuum_notfull_uniform_heavy_mixed_run3.csv to ../analysis/Data/Value_size_data/value_sizes_postgresql_arrayjson_vacuum_notfull_run3_uniform_heavy_after_mixed.csv
Total size: 472659200, Field length average: 4726
Workload file fieldlength set to: 4726 (expected: 4726)
=== Executing the load phase for the comparison study ===
Comparison-load verification - Epoch:4 Run:8 TotalSize:472600000 ExpectedFieldLength:4726
Avg-run verification - Epoch:4 Run:8 Iteration:38 TotalSize:472600000 ExpectedFieldLength:4726
=== Executing the run phase with extendproportion=0 and read/update proportions=0.5 ===
Arrangement completed. Output saved to ../analysis/Data/Workload_data/postgresql_arrayjson_vacuum_notfull_run3_uniform_heavy_mixed.csv
=== Setting parameter values for extend phase ===
=== Executing the extend phase with extendproportion=1 and other proportions=0 ===
Arrangement completed. Output saved to ../analysis/Data/Workload_data/postgresql_arrayjson_vacuum_notfull_run3_uniform_heavy_mixed.csv
Size computation started
Extend verification - Min:42800 Max:50400 Avg:48136 (Expected avg per record: ~1000 bytes initially)
Generating histogram from key size log: key_sizes_postgresql_arrayjson_vacuum_notfull_uniform_heavy_mixed_run3.csv
Histogram written to histogram.txt (BlockSize = 100)
Appending subsequent iteration 39...
Iteration 39: Appended new size values from key_sizes_postgresql_arrayjson_vacuum_notfull_uniform_heavy_mixed_run3.csv to ../analysis/Data/Value_size_data/value_sizes_postgresql_arrayjson_vacuum_notfull_run3_uniform_heavy_before_mixed.csv
VACUUM start: 1774449436
VACUUM end: 1774449436
=== Setting parameter values for run phase ===
Checking query plan before run phase
=== Executing the run phase with extendproportion=0 and read/update proportions=0.5 ===
Arrangement completed. Output saved to ../analysis/Data/Workload_data/postgresql_arrayjson_vacuum_notfull_run3_uniform_heavy_mixed.csv
Arrangement completed. Output saved to ../analysis/Data/Workload_data/postgresql_arrayjson_vacuum_notfull_run3_uniform_heavy_mixed.csv
Backing up the database started
Backing up the database finished
Arrangement completed. Output saved to ../analysis/Data/Workload_data/postgresql_arrayjson_vacuum_notfull_run3_uniform_heavy_mixed.csv
Size computation started
Appending subsequent iteration 39...
Iteration 39: Appended new size values from key_sizes_postgresql_arrayjson_vacuum_notfull_uniform_heavy_mixed_run3.csv to ../analysis/Data/Value_size_data/value_sizes_postgresql_arrayjson_vacuum_notfull_run3_uniform_heavy_after_mixed.csv
Total size: 484861300, Field length average: 4848
Workload file fieldlength set to: 4848 (expected: 4848)
=== Executing the load phase for the comparison study ===
Comparison-load verification - Epoch:4 Run:9 TotalSize:484800000 ExpectedFieldLength:4848
Avg-run verification - Epoch:4 Run:9 Iteration:39 TotalSize:484800000 ExpectedFieldLength:4848
=== Executing the run phase with extendproportion=0 and read/update proportions=0.5 ===
Arrangement completed. Output saved to ../analysis/Data/Workload_data/postgresql_arrayjson_vacuum_notfull_run3_uniform_heavy_mixed.csv
=== Setting parameter values for extend phase ===
=== Executing the extend phase with extendproportion=1 and other proportions=0 ===
Arrangement completed. Output saved to ../analysis/Data/Workload_data/postgresql_arrayjson_vacuum_notfull_run3_uniform_heavy_mixed.csv
Size computation started
Extend verification - Min:44000 Max:51500 Avg:49354 (Expected avg per record: ~1000 bytes initially)
Generating histogram from key size log: key_sizes_postgresql_arrayjson_vacuum_notfull_uniform_heavy_mixed_run3.csv
Histogram written to histogram.txt (BlockSize = 100)
Appending subsequent iteration 40...
Iteration 40: Appended new size values from key_sizes_postgresql_arrayjson_vacuum_notfull_uniform_heavy_mixed_run3.csv to ../analysis/Data/Value_size_data/value_sizes_postgresql_arrayjson_vacuum_notfull_run3_uniform_heavy_before_mixed.csv
VACUUM start: 1774449981
VACUUM end: 1774449981
=== Setting parameter values for run phase ===
Checking query plan before run phase
=== Executing the run phase with extendproportion=0 and read/update proportions=0.5 ===
Arrangement completed. Output saved to ../analysis/Data/Workload_data/postgresql_arrayjson_vacuum_notfull_run3_uniform_heavy_mixed.csv
Arrangement completed. Output saved to ../analysis/Data/Workload_data/postgresql_arrayjson_vacuum_notfull_run3_uniform_heavy_mixed.csv
Backing up the database started
Backing up the database finished
Arrangement completed. Output saved to ../analysis/Data/Workload_data/postgresql_arrayjson_vacuum_notfull_run3_uniform_heavy_mixed.csv
Size computation started
Appending subsequent iteration 40...
Iteration 40: Appended new size values from key_sizes_postgresql_arrayjson_vacuum_notfull_uniform_heavy_mixed_run3.csv to ../analysis/Data/Value_size_data/value_sizes_postgresql_arrayjson_vacuum_notfull_run3_uniform_heavy_after_mixed.csv
Total size: 497011200, Field length average: 4970
Workload file fieldlength set to: 4970 (expected: 4970)
=== Executing the load phase for the comparison study ===
Comparison-load verification - Epoch:4 Run:10 TotalSize:497000000 ExpectedFieldLength:4970
Avg-run verification - Epoch:4 Run:10 Iteration:40 TotalSize:497000000 ExpectedFieldLength:4970
=== Executing the run phase with extendproportion=0 and read/update proportions=0.5 ===
Arrangement completed. Output saved to ../analysis/Data/Workload_data/postgresql_arrayjson_vacuum_notfull_run3_uniform_heavy_mixed.csv
=== Setting parameter values for extend phase ===
=== Executing the extend phase with extendproportion=1 and other proportions=0 ===
Arrangement completed. Output saved to ../analysis/Data/Workload_data/postgresql_arrayjson_vacuum_notfull_run3_uniform_heavy_mixed.csv
Size computation started
Extend verification - Min:44500 Max:52600 Avg:50570 (Expected avg per record: ~1000 bytes initially)
Generating histogram from key size log: key_sizes_postgresql_arrayjson_vacuum_notfull_uniform_heavy_mixed_run3.csv
Histogram written to histogram.txt (BlockSize = 100)
Appending subsequent iteration 41...
Iteration 41: Appended new size values from key_sizes_postgresql_arrayjson_vacuum_notfull_uniform_heavy_mixed_run3.csv to ../analysis/Data/Value_size_data/value_sizes_postgresql_arrayjson_vacuum_notfull_run3_uniform_heavy_before_mixed.csv
VACUUM start: 1774450532
VACUUM end: 1774450532
=== Setting parameter values for run phase ===
Checking query plan before run phase
=== Executing the run phase with extendproportion=0 and read/update proportions=0.5 ===
Arrangement completed. Output saved to ../analysis/Data/Workload_data/postgresql_arrayjson_vacuum_notfull_run3_uniform_heavy_mixed.csv
Arrangement completed. Output saved to ../analysis/Data/Workload_data/postgresql_arrayjson_vacuum_notfull_run3_uniform_heavy_mixed.csv
Backing up the database started
Backing up the database finished
Arrangement completed. Output saved to ../analysis/Data/Workload_data/postgresql_arrayjson_vacuum_notfull_run3_uniform_heavy_mixed.csv
Size computation started
Appending subsequent iteration 41...
Iteration 41: Appended new size values from key_sizes_postgresql_arrayjson_vacuum_notfull_uniform_heavy_mixed_run3.csv to ../analysis/Data/Value_size_data/value_sizes_postgresql_arrayjson_vacuum_notfull_run3_uniform_heavy_after_mixed.csv
Total size: 509041500, Field length average: 5090
Workload file fieldlength set to: 5090 (expected: 5090)
=== Executing the load phase for the comparison study ===
Comparison-load verification - Epoch:5 Run:1 TotalSize:509000000 ExpectedFieldLength:5090
Avg-run verification - Epoch:5 Run:1 Iteration:41 TotalSize:509000000 ExpectedFieldLength:5090
=== Executing the run phase with extendproportion=0 and read/update proportions=0.5 ===
Arrangement completed. Output saved to ../analysis/Data/Workload_data/postgresql_arrayjson_vacuum_notfull_run3_uniform_heavy_mixed.csv
=== Setting parameter values for extend phase ===
=== Executing the extend phase with extendproportion=1 and other proportions=0 ===
Arrangement completed. Output saved to ../analysis/Data/Workload_data/postgresql_arrayjson_vacuum_notfull_run3_uniform_heavy_mixed.csv
Size computation started
Extend verification - Min:46200 Max:54000 Avg:51774 (Expected avg per record: ~1000 bytes initially)
Generating histogram from key size log: key_sizes_postgresql_arrayjson_vacuum_notfull_uniform_heavy_mixed_run3.csv
Histogram written to histogram.txt (BlockSize = 100)
Appending subsequent iteration 42...
Iteration 42: Appended new size values from key_sizes_postgresql_arrayjson_vacuum_notfull_uniform_heavy_mixed_run3.csv to ../analysis/Data/Value_size_data/value_sizes_postgresql_arrayjson_vacuum_notfull_run3_uniform_heavy_before_mixed.csv
VACUUM start: 1774451092
VACUUM end: 1774451092
=== Setting parameter values for run phase ===
Checking query plan before run phase
=== Executing the run phase with extendproportion=0 and read/update proportions=0.5 ===
Arrangement completed. Output saved to ../analysis/Data/Workload_data/postgresql_arrayjson_vacuum_notfull_run3_uniform_heavy_mixed.csv
Arrangement completed. Output saved to ../analysis/Data/Workload_data/postgresql_arrayjson_vacuum_notfull_run3_uniform_heavy_mixed.csv
Backing up the database started
Backing up the database finished
Arrangement completed. Output saved to ../analysis/Data/Workload_data/postgresql_arrayjson_vacuum_notfull_run3_uniform_heavy_mixed.csv
Size computation started
Appending subsequent iteration 42...
Iteration 42: Appended new size values from key_sizes_postgresql_arrayjson_vacuum_notfull_uniform_heavy_mixed_run3.csv to ../analysis/Data/Value_size_data/value_sizes_postgresql_arrayjson_vacuum_notfull_run3_uniform_heavy_after_mixed.csv
Total size: 521212600, Field length average: 5212
Workload file fieldlength set to: 5212 (expected: 5212)
=== Executing the load phase for the comparison study ===
Comparison-load verification - Epoch:5 Run:2 TotalSize:521200000 ExpectedFieldLength:5212
Avg-run verification - Epoch:5 Run:2 Iteration:42 TotalSize:521200000 ExpectedFieldLength:5212
=== Executing the run phase with extendproportion=0 and read/update proportions=0.5 ===
Arrangement completed. Output saved to ../analysis/Data/Workload_data/postgresql_arrayjson_vacuum_notfull_run3_uniform_heavy_mixed.csv
=== Setting parameter values for extend phase ===
=== Executing the extend phase with extendproportion=1 and other proportions=0 ===
Arrangement completed. Output saved to ../analysis/Data/Workload_data/postgresql_arrayjson_vacuum_notfull_run3_uniform_heavy_mixed.csv
Size computation started
Extend verification - Min:47300 Max:55500 Avg:52988 (Expected avg per record: ~1000 bytes initially)
Generating histogram from key size log: key_sizes_postgresql_arrayjson_vacuum_notfull_uniform_heavy_mixed_run3.csv
Histogram written to histogram.txt (BlockSize = 100)
Appending subsequent iteration 43...
Iteration 43: Appended new size values from key_sizes_postgresql_arrayjson_vacuum_notfull_uniform_heavy_mixed_run3.csv to ../analysis/Data/Value_size_data/value_sizes_postgresql_arrayjson_vacuum_notfull_run3_uniform_heavy_before_mixed.csv
VACUUM start: 1774451655
VACUUM end: 1774451656
=== Setting parameter values for run phase ===
Checking query plan before run phase
=== Executing the run phase with extendproportion=0 and read/update proportions=0.5 ===
Arrangement completed. Output saved to ../analysis/Data/Workload_data/postgresql_arrayjson_vacuum_notfull_run3_uniform_heavy_mixed.csv
Arrangement completed. Output saved to ../analysis/Data/Workload_data/postgresql_arrayjson_vacuum_notfull_run3_uniform_heavy_mixed.csv
Backing up the database started
Backing up the database finished
Arrangement completed. Output saved to ../analysis/Data/Workload_data/postgresql_arrayjson_vacuum_notfull_run3_uniform_heavy_mixed.csv
Size computation started
Appending subsequent iteration 43...
Iteration 43: Appended new size values from key_sizes_postgresql_arrayjson_vacuum_notfull_uniform_heavy_mixed_run3.csv to ../analysis/Data/Value_size_data/value_sizes_postgresql_arrayjson_vacuum_notfull_run3_uniform_heavy_after_mixed.csv
Total size: 533337000, Field length average: 5333
Workload file fieldlength set to: 5333 (expected: 5333)
=== Executing the load phase for the comparison study ===
Comparison-load verification - Epoch:5 Run:3 TotalSize:533300000 ExpectedFieldLength:5333
Avg-run verification - Epoch:5 Run:3 Iteration:43 TotalSize:533300000 ExpectedFieldLength:5333
=== Executing the run phase with extendproportion=0 and read/update proportions=0.5 ===
Arrangement completed. Output saved to ../analysis/Data/Workload_data/postgresql_arrayjson_vacuum_notfull_run3_uniform_heavy_mixed.csv
=== Setting parameter values for extend phase ===
=== Executing the extend phase with extendproportion=1 and other proportions=0 ===
Arrangement completed. Output saved to ../analysis/Data/Workload_data/postgresql_arrayjson_vacuum_notfull_run3_uniform_heavy_mixed.csv
Size computation started
Extend verification - Min:47900 Max:56300 Avg:54209 (Expected avg per record: ~1000 bytes initially)
Generating histogram from key size log: key_sizes_postgresql_arrayjson_vacuum_notfull_uniform_heavy_mixed_run3.csv
Histogram written to histogram.txt (BlockSize = 100)
Appending subsequent iteration 44...
Iteration 44: Appended new size values from key_sizes_postgresql_arrayjson_vacuum_notfull_uniform_heavy_mixed_run3.csv to ../analysis/Data/Value_size_data/value_sizes_postgresql_arrayjson_vacuum_notfull_run3_uniform_heavy_before_mixed.csv
VACUUM start: 1774452215
VACUUM end: 1774452215
=== Setting parameter values for run phase ===
Checking query plan before run phase
=== Executing the run phase with extendproportion=0 and read/update proportions=0.5 ===
Arrangement completed. Output saved to ../analysis/Data/Workload_data/postgresql_arrayjson_vacuum_notfull_run3_uniform_heavy_mixed.csv
Arrangement completed. Output saved to ../analysis/Data/Workload_data/postgresql_arrayjson_vacuum_notfull_run3_uniform_heavy_mixed.csv
Backing up the database started
Backing up the database finished
Arrangement completed. Output saved to ../analysis/Data/Workload_data/postgresql_arrayjson_vacuum_notfull_run3_uniform_heavy_mixed.csv
Size computation started
Appending subsequent iteration 44...
Iteration 44: Appended new size values from key_sizes_postgresql_arrayjson_vacuum_notfull_uniform_heavy_mixed_run3.csv to ../analysis/Data/Value_size_data/value_sizes_postgresql_arrayjson_vacuum_notfull_run3_uniform_heavy_after_mixed.csv
Total size: 545513000, Field length average: 5455
Workload file fieldlength set to: 5455 (expected: 5455)
=== Executing the load phase for the comparison study ===
Comparison-load verification - Epoch:5 Run:4 TotalSize:545500000 ExpectedFieldLength:5455
Avg-run verification - Epoch:5 Run:4 Iteration:44 TotalSize:545500000 ExpectedFieldLength:5455
=== Executing the run phase with extendproportion=0 and read/update proportions=0.5 ===
Arrangement completed. Output saved to ../analysis/Data/Workload_data/postgresql_arrayjson_vacuum_notfull_run3_uniform_heavy_mixed.csv
=== Setting parameter values for extend phase ===
=== Executing the extend phase with extendproportion=1 and other proportions=0 ===
Arrangement completed. Output saved to ../analysis/Data/Workload_data/postgresql_arrayjson_vacuum_notfull_run3_uniform_heavy_mixed.csv
Size computation started
Extend verification - Min:49200 Max:57700 Avg:55424 (Expected avg per record: ~1000 bytes initially)
Generating histogram from key size log: key_sizes_postgresql_arrayjson_vacuum_notfull_uniform_heavy_mixed_run3.csv
Histogram written to histogram.txt (BlockSize = 100)
Appending subsequent iteration 45...
Iteration 45: Appended new size values from key_sizes_postgresql_arrayjson_vacuum_notfull_uniform_heavy_mixed_run3.csv to ../analysis/Data/Value_size_data/value_sizes_postgresql_arrayjson_vacuum_notfull_run3_uniform_heavy_before_mixed.csv
VACUUM start: 1774452789
VACUUM end: 1774452790
=== Setting parameter values for run phase ===
Checking query plan before run phase
=== Executing the run phase with extendproportion=0 and read/update proportions=0.5 ===
Arrangement completed. Output saved to ../analysis/Data/Workload_data/postgresql_arrayjson_vacuum_notfull_run3_uniform_heavy_mixed.csv
Arrangement completed. Output saved to ../analysis/Data/Workload_data/postgresql_arrayjson_vacuum_notfull_run3_uniform_heavy_mixed.csv
Backing up the database started
Backing up the database finished
Arrangement completed. Output saved to ../analysis/Data/Workload_data/postgresql_arrayjson_vacuum_notfull_run3_uniform_heavy_mixed.csv
Size computation started
Appending subsequent iteration 45...
Iteration 45: Appended new size values from key_sizes_postgresql_arrayjson_vacuum_notfull_uniform_heavy_mixed_run3.csv to ../analysis/Data/Value_size_data/value_sizes_postgresql_arrayjson_vacuum_notfull_run3_uniform_heavy_after_mixed.csv
Total size: 557644900, Field length average: 5576
Workload file fieldlength set to: 5576 (expected: 5576)
=== Executing the load phase for the comparison study ===
Comparison-load verification - Epoch:5 Run:5 TotalSize:557600000 ExpectedFieldLength:5576
Avg-run verification - Epoch:5 Run:5 Iteration:45 TotalSize:557600000 ExpectedFieldLength:5576
=== Executing the run phase with extendproportion=0 and read/update proportions=0.5 ===
Arrangement completed. Output saved to ../analysis/Data/Workload_data/postgresql_arrayjson_vacuum_notfull_run3_uniform_heavy_mixed.csv
=== Setting parameter values for extend phase ===
=== Executing the extend phase with extendproportion=1 and other proportions=0 ===
Arrangement completed. Output saved to ../analysis/Data/Workload_data/postgresql_arrayjson_vacuum_notfull_run3_uniform_heavy_mixed.csv
Size computation started
Extend verification - Min:51200 Max:58800 Avg:56634 (Expected avg per record: ~1000 bytes initially)
Generating histogram from key size log: key_sizes_postgresql_arrayjson_vacuum_notfull_uniform_heavy_mixed_run3.csv
Histogram written to histogram.txt (BlockSize = 100)
Appending subsequent iteration 46...
Iteration 46: Appended new size values from key_sizes_postgresql_arrayjson_vacuum_notfull_uniform_heavy_mixed_run3.csv to ../analysis/Data/Value_size_data/value_sizes_postgresql_arrayjson_vacuum_notfull_run3_uniform_heavy_before_mixed.csv
VACUUM start: 1774453360
VACUUM end: 1774453360
=== Setting parameter values for run phase ===
Checking query plan before run phase
=== Executing the run phase with extendproportion=0 and read/update proportions=0.5 ===
Arrangement completed. Output saved to ../analysis/Data/Workload_data/postgresql_arrayjson_vacuum_notfull_run3_uniform_heavy_mixed.csv
Arrangement completed. Output saved to ../analysis/Data/Workload_data/postgresql_arrayjson_vacuum_notfull_run3_uniform_heavy_mixed.csv
Backing up the database started
Backing up the database finished
Arrangement completed. Output saved to ../analysis/Data/Workload_data/postgresql_arrayjson_vacuum_notfull_run3_uniform_heavy_mixed.csv
Size computation started
Appending subsequent iteration 46...
Iteration 46: Appended new size values from key_sizes_postgresql_arrayjson_vacuum_notfull_uniform_heavy_mixed_run3.csv to ../analysis/Data/Value_size_data/value_sizes_postgresql_arrayjson_vacuum_notfull_run3_uniform_heavy_after_mixed.csv
Total size: 569767300, Field length average: 5697
Workload file fieldlength set to: 5697 (expected: 5697)
=== Executing the load phase for the comparison study ===
Comparison-load verification - Epoch:5 Run:6 TotalSize:569700000 ExpectedFieldLength:5697
Avg-run verification - Epoch:5 Run:6 Iteration:46 TotalSize:569700000 ExpectedFieldLength:5697
=== Executing the run phase with extendproportion=0 and read/update proportions=0.5 ===
Arrangement completed. Output saved to ../analysis/Data/Workload_data/postgresql_arrayjson_vacuum_notfull_run3_uniform_heavy_mixed.csv
=== Setting parameter values for extend phase ===
=== Executing the extend phase with extendproportion=1 and other proportions=0 ===
Arrangement completed. Output saved to ../analysis/Data/Workload_data/postgresql_arrayjson_vacuum_notfull_run3_uniform_heavy_mixed.csv
Size computation started
Extend verification - Min:52300 Max:59900 Avg:57846 (Expected avg per record: ~1000 bytes initially)
Generating histogram from key size log: key_sizes_postgresql_arrayjson_vacuum_notfull_uniform_heavy_mixed_run3.csv
Histogram written to histogram.txt (BlockSize = 100)
Appending subsequent iteration 47...
Iteration 47: Appended new size values from key_sizes_postgresql_arrayjson_vacuum_notfull_uniform_heavy_mixed_run3.csv to ../analysis/Data/Value_size_data/value_sizes_postgresql_arrayjson_vacuum_notfull_run3_uniform_heavy_before_mixed.csv
VACUUM start: 1774453950
VACUUM end: 1774453950
=== Setting parameter values for run phase ===
Checking query plan before run phase
=== Executing the run phase with extendproportion=0 and read/update proportions=0.5 ===
Arrangement completed. Output saved to ../analysis/Data/Workload_data/postgresql_arrayjson_vacuum_notfull_run3_uniform_heavy_mixed.csv
Arrangement completed. Output saved to ../analysis/Data/Workload_data/postgresql_arrayjson_vacuum_notfull_run3_uniform_heavy_mixed.csv
Backing up the database started
Backing up the database finished
Arrangement completed. Output saved to ../analysis/Data/Workload_data/postgresql_arrayjson_vacuum_notfull_run3_uniform_heavy_mixed.csv
Size computation started
Appending subsequent iteration 47...
Iteration 47: Appended new size values from key_sizes_postgresql_arrayjson_vacuum_notfull_uniform_heavy_mixed_run3.csv to ../analysis/Data/Value_size_data/value_sizes_postgresql_arrayjson_vacuum_notfull_run3_uniform_heavy_after_mixed.csv
Total size: 581767000, Field length average: 5817
Workload file fieldlength set to: 5817 (expected: 5817)
=== Executing the load phase for the comparison study ===
Comparison-load verification - Epoch:5 Run:7 TotalSize:581700000 ExpectedFieldLength:5817
Avg-run verification - Epoch:5 Run:7 Iteration:47 TotalSize:581700000 ExpectedFieldLength:5817
=== Executing the run phase with extendproportion=0 and read/update proportions=0.5 ===
Arrangement completed. Output saved to ../analysis/Data/Workload_data/postgresql_arrayjson_vacuum_notfull_run3_uniform_heavy_mixed.csv
=== Setting parameter values for extend phase ===
=== Executing the extend phase with extendproportion=1 and other proportions=0 ===
Arrangement completed. Output saved to ../analysis/Data/Workload_data/postgresql_arrayjson_vacuum_notfull_run3_uniform_heavy_mixed.csv
Size computation started
Extend verification - Min:52800 Max:61400 Avg:59051 (Expected avg per record: ~1000 bytes initially)
Generating histogram from key size log: key_sizes_postgresql_arrayjson_vacuum_notfull_uniform_heavy_mixed_run3.csv
Histogram written to histogram.txt (BlockSize = 100)
Appending subsequent iteration 48...
Iteration 48: Appended new size values from key_sizes_postgresql_arrayjson_vacuum_notfull_uniform_heavy_mixed_run3.csv to ../analysis/Data/Value_size_data/value_sizes_postgresql_arrayjson_vacuum_notfull_run3_uniform_heavy_before_mixed.csv
VACUUM start: 1774454526
VACUUM end: 1774454527
=== Setting parameter values for run phase ===
Checking query plan before run phase
=== Executing the run phase with extendproportion=0 and read/update proportions=0.5 ===
Arrangement completed. Output saved to ../analysis/Data/Workload_data/postgresql_arrayjson_vacuum_notfull_run3_uniform_heavy_mixed.csv
Arrangement completed. Output saved to ../analysis/Data/Workload_data/postgresql_arrayjson_vacuum_notfull_run3_uniform_heavy_mixed.csv
Backing up the database started
Backing up the database finished
Arrangement completed. Output saved to ../analysis/Data/Workload_data/postgresql_arrayjson_vacuum_notfull_run3_uniform_heavy_mixed.csv
Size computation started
Appending subsequent iteration 48...
Iteration 48: Appended new size values from key_sizes_postgresql_arrayjson_vacuum_notfull_uniform_heavy_mixed_run3.csv to ../analysis/Data/Value_size_data/value_sizes_postgresql_arrayjson_vacuum_notfull_run3_uniform_heavy_after_mixed.csv
Total size: 593970300, Field length average: 5939
Workload file fieldlength set to: 5939 (expected: 5939)
=== Executing the load phase for the comparison study ===
Comparison-load verification - Epoch:5 Run:8 TotalSize:593900000 ExpectedFieldLength:5939
Avg-run verification - Epoch:5 Run:8 Iteration:48 TotalSize:593900000 ExpectedFieldLength:5939
=== Executing the run phase with extendproportion=0 and read/update proportions=0.5 ===
Arrangement completed. Output saved to ../analysis/Data/Workload_data/postgresql_arrayjson_vacuum_notfull_run3_uniform_heavy_mixed.csv
=== Setting parameter values for extend phase ===
=== Executing the extend phase with extendproportion=1 and other proportions=0 ===
Arrangement completed. Output saved to ../analysis/Data/Workload_data/postgresql_arrayjson_vacuum_notfull_run3_uniform_heavy_mixed.csv
Size computation started
Extend verification - Min:53600 Max:62400 Avg:60268 (Expected avg per record: ~1000 bytes initially)
Generating histogram from key size log: key_sizes_postgresql_arrayjson_vacuum_notfull_uniform_heavy_mixed_run3.csv
Histogram written to histogram.txt (BlockSize = 100)
Appending subsequent iteration 49...
Iteration 49: Appended new size values from key_sizes_postgresql_arrayjson_vacuum_notfull_uniform_heavy_mixed_run3.csv to ../analysis/Data/Value_size_data/value_sizes_postgresql_arrayjson_vacuum_notfull_run3_uniform_heavy_before_mixed.csv
VACUUM start: 1774455110
VACUUM end: 1774455110
=== Setting parameter values for run phase ===
Checking query plan before run phase
=== Executing the run phase with extendproportion=0 and read/update proportions=0.5 ===
Arrangement completed. Output saved to ../analysis/Data/Workload_data/postgresql_arrayjson_vacuum_notfull_run3_uniform_heavy_mixed.csv
Arrangement completed. Output saved to ../analysis/Data/Workload_data/postgresql_arrayjson_vacuum_notfull_run3_uniform_heavy_mixed.csv
Backing up the database started
Backing up the database finished
Arrangement completed. Output saved to ../analysis/Data/Workload_data/postgresql_arrayjson_vacuum_notfull_run3_uniform_heavy_mixed.csv
Size computation started
Appending subsequent iteration 49...
Iteration 49: Appended new size values from key_sizes_postgresql_arrayjson_vacuum_notfull_uniform_heavy_mixed_run3.csv to ../analysis/Data/Value_size_data/value_sizes_postgresql_arrayjson_vacuum_notfull_run3_uniform_heavy_after_mixed.csv
Total size: 606085000, Field length average: 6060
Workload file fieldlength set to: 6060 (expected: 6060)
=== Executing the load phase for the comparison study ===
Comparison-load verification - Epoch:5 Run:9 TotalSize:606000000 ExpectedFieldLength:6060
Avg-run verification - Epoch:5 Run:9 Iteration:49 TotalSize:606000000 ExpectedFieldLength:6060
=== Executing the run phase with extendproportion=0 and read/update proportions=0.5 ===
Arrangement completed. Output saved to ../analysis/Data/Workload_data/postgresql_arrayjson_vacuum_notfull_run3_uniform_heavy_mixed.csv
=== Setting parameter values for extend phase ===
=== Executing the extend phase with extendproportion=1 and other proportions=0 ===
Arrangement completed. Output saved to ../analysis/Data/Workload_data/postgresql_arrayjson_vacuum_notfull_run3_uniform_heavy_mixed.csv
Size computation started
Extend verification - Min:54400 Max:63600 Avg:61481 (Expected avg per record: ~1000 bytes initially)
Generating histogram from key size log: key_sizes_postgresql_arrayjson_vacuum_notfull_uniform_heavy_mixed_run3.csv
Histogram written to histogram.txt (BlockSize = 100)
Appending subsequent iteration 50...
Iteration 50: Appended new size values from key_sizes_postgresql_arrayjson_vacuum_notfull_uniform_heavy_mixed_run3.csv to ../analysis/Data/Value_size_data/value_sizes_postgresql_arrayjson_vacuum_notfull_run3_uniform_heavy_before_mixed.csv
VACUUM start: 1774455698
VACUUM end: 1774455699
=== Setting parameter values for run phase ===
Checking query plan before run phase
=== Executing the run phase with extendproportion=0 and read/update proportions=0.5 ===
Arrangement completed. Output saved to ../analysis/Data/Workload_data/postgresql_arrayjson_vacuum_notfull_run3_uniform_heavy_mixed.csv
Arrangement completed. Output saved to ../analysis/Data/Workload_data/postgresql_arrayjson_vacuum_notfull_run3_uniform_heavy_mixed.csv
Backing up the database started
Backing up the database finished
Arrangement completed. Output saved to ../analysis/Data/Workload_data/postgresql_arrayjson_vacuum_notfull_run3_uniform_heavy_mixed.csv
Size computation started
Appending subsequent iteration 50...
Iteration 50: Appended new size values from key_sizes_postgresql_arrayjson_vacuum_notfull_uniform_heavy_mixed_run3.csv to ../analysis/Data/Value_size_data/value_sizes_postgresql_arrayjson_vacuum_notfull_run3_uniform_heavy_after_mixed.csv
Total size: 618239900, Field length average: 6182
Workload file fieldlength set to: 6182 (expected: 6182)
=== Executing the load phase for the comparison study ===
Comparison-load verification - Epoch:5 Run:10 TotalSize:618200000 ExpectedFieldLength:6182
Avg-run verification - Epoch:5 Run:10 Iteration:50 TotalSize:618200000 ExpectedFieldLength:6182
=== Executing the run phase with extendproportion=0 and read/update proportions=0.5 ===
Arrangement completed. Output saved to ../analysis/Data/Workload_data/postgresql_arrayjson_vacuum_notfull_run3_uniform_heavy_mixed.csv
=== Setting parameter values for extend phase ===
=== Executing the extend phase with extendproportion=1 and other proportions=0 ===
Arrangement completed. Output saved to ../analysis/Data/Workload_data/postgresql_arrayjson_vacuum_notfull_run3_uniform_heavy_mixed.csv
Size computation started
Extend verification - Min:55100 Max:65500 Avg:62695 (Expected avg per record: ~1000 bytes initially)
Generating histogram from key size log: key_sizes_postgresql_arrayjson_vacuum_notfull_uniform_heavy_mixed_run3.csv
Histogram written to histogram.txt (BlockSize = 100)
Appending subsequent iteration 51...
Iteration 51: Appended new size values from key_sizes_postgresql_arrayjson_vacuum_notfull_uniform_heavy_mixed_run3.csv to ../analysis/Data/Value_size_data/value_sizes_postgresql_arrayjson_vacuum_notfull_run3_uniform_heavy_before_mixed.csv
VACUUM start: 1774456292
VACUUM end: 1774456293
=== Setting parameter values for run phase ===
Checking query plan before run phase
=== Executing the run phase with extendproportion=0 and read/update proportions=0.5 ===
Arrangement completed. Output saved to ../analysis/Data/Workload_data/postgresql_arrayjson_vacuum_notfull_run3_uniform_heavy_mixed.csv
Arrangement completed. Output saved to ../analysis/Data/Workload_data/postgresql_arrayjson_vacuum_notfull_run3_uniform_heavy_mixed.csv
Backing up the database started
Backing up the database finished
Arrangement completed. Output saved to ../analysis/Data/Workload_data/postgresql_arrayjson_vacuum_notfull_run3_uniform_heavy_mixed.csv
Size computation started
Appending subsequent iteration 51...
Iteration 51: Appended new size values from key_sizes_postgresql_arrayjson_vacuum_notfull_uniform_heavy_mixed_run3.csv to ../analysis/Data/Value_size_data/value_sizes_postgresql_arrayjson_vacuum_notfull_run3_uniform_heavy_after_mixed.csv
Total size: 630389600, Field length average: 6303
Workload file fieldlength set to: 6303 (expected: 6303)
=== Executing the load phase for the comparison study ===
Comparison-load verification - Epoch:6 Run:1 TotalSize:630300000 ExpectedFieldLength:6303
Avg-run verification - Epoch:6 Run:1 Iteration:51 TotalSize:630300000 ExpectedFieldLength:6303
=== Executing the run phase with extendproportion=0 and read/update proportions=0.5 ===
Arrangement completed. Output saved to ../analysis/Data/Workload_data/postgresql_arrayjson_vacuum_notfull_run3_uniform_heavy_mixed.csv
=== Setting parameter values for extend phase ===
=== Executing the extend phase with extendproportion=1 and other proportions=0 ===
Arrangement completed. Output saved to ../analysis/Data/Workload_data/postgresql_arrayjson_vacuum_notfull_run3_uniform_heavy_mixed.csv
Size computation started
Extend verification - Min:56700 Max:66300 Avg:63909 (Expected avg per record: ~1000 bytes initially)
Generating histogram from key size log: key_sizes_postgresql_arrayjson_vacuum_notfull_uniform_heavy_mixed_run3.csv
Histogram written to histogram.txt (BlockSize = 100)
Appending subsequent iteration 52...
Iteration 52: Appended new size values from key_sizes_postgresql_arrayjson_vacuum_notfull_uniform_heavy_mixed_run3.csv to ../analysis/Data/Value_size_data/value_sizes_postgresql_arrayjson_vacuum_notfull_run3_uniform_heavy_before_mixed.csv
VACUUM start: 1774456892
VACUUM end: 1774456893
=== Setting parameter values for run phase ===
Checking query plan before run phase
=== Executing the run phase with extendproportion=0 and read/update proportions=0.5 ===
Arrangement completed. Output saved to ../analysis/Data/Workload_data/postgresql_arrayjson_vacuum_notfull_run3_uniform_heavy_mixed.csv
Arrangement completed. Output saved to ../analysis/Data/Workload_data/postgresql_arrayjson_vacuum_notfull_run3_uniform_heavy_mixed.csv
Backing up the database started
Backing up the database finished
Arrangement completed. Output saved to ../analysis/Data/Workload_data/postgresql_arrayjson_vacuum_notfull_run3_uniform_heavy_mixed.csv
Size computation started
Appending subsequent iteration 52...
Iteration 52: Appended new size values from key_sizes_postgresql_arrayjson_vacuum_notfull_uniform_heavy_mixed_run3.csv to ../analysis/Data/Value_size_data/value_sizes_postgresql_arrayjson_vacuum_notfull_run3_uniform_heavy_after_mixed.csv
Total size: 642465800, Field length average: 6424
Workload file fieldlength set to: 6424 (expected: 6424)
=== Executing the load phase for the comparison study ===
Comparison-load verification - Epoch:6 Run:2 TotalSize:642400000 ExpectedFieldLength:6424
Avg-run verification - Epoch:6 Run:2 Iteration:52 TotalSize:642400000 ExpectedFieldLength:6424
=== Executing the run phase with extendproportion=0 and read/update proportions=0.5 ===
Arrangement completed. Output saved to ../analysis/Data/Workload_data/postgresql_arrayjson_vacuum_notfull_run3_uniform_heavy_mixed.csv
=== Setting parameter values for extend phase ===
=== Executing the extend phase with extendproportion=1 and other proportions=0 ===
Arrangement completed. Output saved to ../analysis/Data/Workload_data/postgresql_arrayjson_vacuum_notfull_run3_uniform_heavy_mixed.csv
Size computation started
Extend verification - Min:58100 Max:67900 Avg:65121 (Expected avg per record: ~1000 bytes initially)
Generating histogram from key size log: key_sizes_postgresql_arrayjson_vacuum_notfull_uniform_heavy_mixed_run3.csv
Histogram written to histogram.txt (BlockSize = 100)
Appending subsequent iteration 53...
Iteration 53: Appended new size values from key_sizes_postgresql_arrayjson_vacuum_notfull_uniform_heavy_mixed_run3.csv to ../analysis/Data/Value_size_data/value_sizes_postgresql_arrayjson_vacuum_notfull_run3_uniform_heavy_before_mixed.csv
VACUUM start: 1774457504
VACUUM end: 1774457504
=== Setting parameter values for run phase ===
Checking query plan before run phase
=== Executing the run phase with extendproportion=0 and read/update proportions=0.5 ===
Arrangement completed. Output saved to ../analysis/Data/Workload_data/postgresql_arrayjson_vacuum_notfull_run3_uniform_heavy_mixed.csv
Arrangement completed. Output saved to ../analysis/Data/Workload_data/postgresql_arrayjson_vacuum_notfull_run3_uniform_heavy_mixed.csv
Backing up the database started
Backing up the database finished
Arrangement completed. Output saved to ../analysis/Data/Workload_data/postgresql_arrayjson_vacuum_notfull_run3_uniform_heavy_mixed.csv
Size computation started
Appending subsequent iteration 53...
Iteration 53: Appended new size values from key_sizes_postgresql_arrayjson_vacuum_notfull_uniform_heavy_mixed_run3.csv to ../analysis/Data/Value_size_data/value_sizes_postgresql_arrayjson_vacuum_notfull_run3_uniform_heavy_after_mixed.csv
Total size: 654652500, Field length average: 6546
Workload file fieldlength set to: 6546 (expected: 6546)
=== Executing the load phase for the comparison study ===
Comparison-load verification - Epoch:6 Run:3 TotalSize:654600000 ExpectedFieldLength:6546
Avg-run verification - Epoch:6 Run:3 Iteration:53 TotalSize:654600000 ExpectedFieldLength:6546
=== Executing the run phase with extendproportion=0 and read/update proportions=0.5 ===
Arrangement completed. Output saved to ../analysis/Data/Workload_data/postgresql_arrayjson_vacuum_notfull_run3_uniform_heavy_mixed.csv
=== Setting parameter values for extend phase ===
=== Executing the extend phase with extendproportion=1 and other proportions=0 ===
Arrangement completed. Output saved to ../analysis/Data/Workload_data/postgresql_arrayjson_vacuum_notfull_run3_uniform_heavy_mixed.csv
Size computation started
Extend verification - Min:59000 Max:68700 Avg:66333 (Expected avg per record: ~1000 bytes initially)
Generating histogram from key size log: key_sizes_postgresql_arrayjson_vacuum_notfull_uniform_heavy_mixed_run3.csv
Histogram written to histogram.txt (BlockSize = 100)
Appending subsequent iteration 54...
Iteration 54: Appended new size values from key_sizes_postgresql_arrayjson_vacuum_notfull_uniform_heavy_mixed_run3.csv to ../analysis/Data/Value_size_data/value_sizes_postgresql_arrayjson_vacuum_notfull_run3_uniform_heavy_before_mixed.csv
VACUUM start: 1774458103
VACUUM end: 1774458104
=== Setting parameter values for run phase ===
Checking query plan before run phase
=== Executing the run phase with extendproportion=0 and read/update proportions=0.5 ===
Arrangement completed. Output saved to ../analysis/Data/Workload_data/postgresql_arrayjson_vacuum_notfull_run3_uniform_heavy_mixed.csv
Arrangement completed. Output saved to ../analysis/Data/Workload_data/postgresql_arrayjson_vacuum_notfull_run3_uniform_heavy_mixed.csv
Backing up the database started
Backing up the database finished
Arrangement completed. Output saved to ../analysis/Data/Workload_data/postgresql_arrayjson_vacuum_notfull_run3_uniform_heavy_mixed.csv
Size computation started
Appending subsequent iteration 54...
Iteration 54: Appended new size values from key_sizes_postgresql_arrayjson_vacuum_notfull_uniform_heavy_mixed_run3.csv to ../analysis/Data/Value_size_data/value_sizes_postgresql_arrayjson_vacuum_notfull_run3_uniform_heavy_after_mixed.csv
Total size: 666762800, Field length average: 6667
Workload file fieldlength set to: 6667 (expected: 6667)
=== Executing the load phase for the comparison study ===
Comparison-load verification - Epoch:6 Run:4 TotalSize:666700000 ExpectedFieldLength:6667
Avg-run verification - Epoch:6 Run:4 Iteration:54 TotalSize:666700000 ExpectedFieldLength:6667
=== Executing the run phase with extendproportion=0 and read/update proportions=0.5 ===
Arrangement completed. Output saved to ../analysis/Data/Workload_data/postgresql_arrayjson_vacuum_notfull_run3_uniform_heavy_mixed.csv
=== Setting parameter values for extend phase ===
=== Executing the extend phase with extendproportion=1 and other proportions=0 ===
Arrangement completed. Output saved to ../analysis/Data/Workload_data/postgresql_arrayjson_vacuum_notfull_run3_uniform_heavy_mixed.csv
Size computation started
Extend verification - Min:60300 Max:69700 Avg:67548 (Expected avg per record: ~1000 bytes initially)
Generating histogram from key size log: key_sizes_postgresql_arrayjson_vacuum_notfull_uniform_heavy_mixed_run3.csv
Histogram written to histogram.txt (BlockSize = 100)
Appending subsequent iteration 55...
Iteration 55: Appended new size values from key_sizes_postgresql_arrayjson_vacuum_notfull_uniform_heavy_mixed_run3.csv to ../analysis/Data/Value_size_data/value_sizes_postgresql_arrayjson_vacuum_notfull_run3_uniform_heavy_before_mixed.csv
VACUUM start: 1774458718
VACUUM end: 1774458719
=== Setting parameter values for run phase ===
Checking query plan before run phase
=== Executing the run phase with extendproportion=0 and read/update proportions=0.5 ===
Arrangement completed. Output saved to ../analysis/Data/Workload_data/postgresql_arrayjson_vacuum_notfull_run3_uniform_heavy_mixed.csv
Arrangement completed. Output saved to ../analysis/Data/Workload_data/postgresql_arrayjson_vacuum_notfull_run3_uniform_heavy_mixed.csv
Backing up the database started
Backing up the database finished
Arrangement completed. Output saved to ../analysis/Data/Workload_data/postgresql_arrayjson_vacuum_notfull_run3_uniform_heavy_mixed.csv
Size computation started
Appending subsequent iteration 55...
Iteration 55: Appended new size values from key_sizes_postgresql_arrayjson_vacuum_notfull_uniform_heavy_mixed_run3.csv to ../analysis/Data/Value_size_data/value_sizes_postgresql_arrayjson_vacuum_notfull_run3_uniform_heavy_after_mixed.csv
Total size: 678832100, Field length average: 6788
Workload file fieldlength set to: 6788 (expected: 6788)
=== Executing the load phase for the comparison study ===
Comparison-load verification - Epoch:6 Run:5 TotalSize:678800000 ExpectedFieldLength:6788
Avg-run verification - Epoch:6 Run:5 Iteration:55 TotalSize:678800000 ExpectedFieldLength:6788
=== Executing the run phase with extendproportion=0 and read/update proportions=0.5 ===
Arrangement completed. Output saved to ../analysis/Data/Workload_data/postgresql_arrayjson_vacuum_notfull_run3_uniform_heavy_mixed.csv
=== Setting parameter values for extend phase ===
=== Executing the extend phase with extendproportion=1 and other proportions=0 ===
Arrangement completed. Output saved to ../analysis/Data/Workload_data/postgresql_arrayjson_vacuum_notfull_run3_uniform_heavy_mixed.csv
Size computation started
Extend verification - Min:61300 Max:70900 Avg:68760 (Expected avg per record: ~1000 bytes initially)
Generating histogram from key size log: key_sizes_postgresql_arrayjson_vacuum_notfull_uniform_heavy_mixed_run3.csv
Histogram written to histogram.txt (BlockSize = 100)
Appending subsequent iteration 56...
Iteration 56: Appended new size values from key_sizes_postgresql_arrayjson_vacuum_notfull_uniform_heavy_mixed_run3.csv to ../analysis/Data/Value_size_data/value_sizes_postgresql_arrayjson_vacuum_notfull_run3_uniform_heavy_before_mixed.csv
VACUUM start: 1774459323
VACUUM end: 1774459323
=== Setting parameter values for run phase ===
Checking query plan before run phase
=== Executing the run phase with extendproportion=0 and read/update proportions=0.5 ===
Arrangement completed. Output saved to ../analysis/Data/Workload_data/postgresql_arrayjson_vacuum_notfull_run3_uniform_heavy_mixed.csv
Arrangement completed. Output saved to ../analysis/Data/Workload_data/postgresql_arrayjson_vacuum_notfull_run3_uniform_heavy_mixed.csv
Backing up the database started
Backing up the database finished
Arrangement completed. Output saved to ../analysis/Data/Workload_data/postgresql_arrayjson_vacuum_notfull_run3_uniform_heavy_mixed.csv
Size computation started
Appending subsequent iteration 56...
Iteration 56: Appended new size values from key_sizes_postgresql_arrayjson_vacuum_notfull_uniform_heavy_mixed_run3.csv to ../analysis/Data/Value_size_data/value_sizes_postgresql_arrayjson_vacuum_notfull_run3_uniform_heavy_after_mixed.csv
Total size: 690940200, Field length average: 6909
Workload file fieldlength set to: 6909 (expected: 6909)
=== Executing the load phase for the comparison study ===
Comparison-load verification - Epoch:6 Run:6 TotalSize:690900000 ExpectedFieldLength:6909
Avg-run verification - Epoch:6 Run:6 Iteration:56 TotalSize:690900000 ExpectedFieldLength:6909
=== Executing the run phase with extendproportion=0 and read/update proportions=0.5 ===
Arrangement completed. Output saved to ../analysis/Data/Workload_data/postgresql_arrayjson_vacuum_notfull_run3_uniform_heavy_mixed.csv
=== Setting parameter values for extend phase ===
=== Executing the extend phase with extendproportion=1 and other proportions=0 ===
Arrangement completed. Output saved to ../analysis/Data/Workload_data/postgresql_arrayjson_vacuum_notfull_run3_uniform_heavy_mixed.csv
Size computation started
Extend verification - Min:62300 Max:72300 Avg:69962 (Expected avg per record: ~1000 bytes initially)
Generating histogram from key size log: key_sizes_postgresql_arrayjson_vacuum_notfull_uniform_heavy_mixed_run3.csv
Histogram written to histogram.txt (BlockSize = 100)
Appending subsequent iteration 57...
Iteration 57: Appended new size values from key_sizes_postgresql_arrayjson_vacuum_notfull_uniform_heavy_mixed_run3.csv to ../analysis/Data/Value_size_data/value_sizes_postgresql_arrayjson_vacuum_notfull_run3_uniform_heavy_before_mixed.csv
VACUUM start: 1774459946
VACUUM end: 1774459946
=== Setting parameter values for run phase ===
Checking query plan before run phase
=== Executing the run phase with extendproportion=0 and read/update proportions=0.5 ===
Arrangement completed. Output saved to ../analysis/Data/Workload_data/postgresql_arrayjson_vacuum_notfull_run3_uniform_heavy_mixed.csv
Arrangement completed. Output saved to ../analysis/Data/Workload_data/postgresql_arrayjson_vacuum_notfull_run3_uniform_heavy_mixed.csv
Backing up the database started
Backing up the database finished
Arrangement completed. Output saved to ../analysis/Data/Workload_data/postgresql_arrayjson_vacuum_notfull_run3_uniform_heavy_mixed.csv
Size computation started
Appending subsequent iteration 57...
Iteration 57: Appended new size values from key_sizes_postgresql_arrayjson_vacuum_notfull_uniform_heavy_mixed_run3.csv to ../analysis/Data/Value_size_data/value_sizes_postgresql_arrayjson_vacuum_notfull_run3_uniform_heavy_after_mixed.csv
Total size: 703067100, Field length average: 7030
Workload file fieldlength set to: 7030 (expected: 7030)
=== Executing the load phase for the comparison study ===
Comparison-load verification - Epoch:6 Run:7 TotalSize:703000000 ExpectedFieldLength:7030
Avg-run verification - Epoch:6 Run:7 Iteration:57 TotalSize:703000000 ExpectedFieldLength:7030
=== Executing the run phase with extendproportion=0 and read/update proportions=0.5 ===
Arrangement completed. Output saved to ../analysis/Data/Workload_data/postgresql_arrayjson_vacuum_notfull_run3_uniform_heavy_mixed.csv
=== Setting parameter values for extend phase ===
=== Executing the extend phase with extendproportion=1 and other proportions=0 ===
Arrangement completed. Output saved to ../analysis/Data/Workload_data/postgresql_arrayjson_vacuum_notfull_run3_uniform_heavy_mixed.csv
Size computation started
Extend verification - Min:63100 Max:73300 Avg:71175 (Expected avg per record: ~1000 bytes initially)
Generating histogram from key size log: key_sizes_postgresql_arrayjson_vacuum_notfull_uniform_heavy_mixed_run3.csv
Histogram written to histogram.txt (BlockSize = 100)
Appending subsequent iteration 58...
Iteration 58: Appended new size values from key_sizes_postgresql_arrayjson_vacuum_notfull_uniform_heavy_mixed_run3.csv to ../analysis/Data/Value_size_data/value_sizes_postgresql_arrayjson_vacuum_notfull_run3_uniform_heavy_before_mixed.csv
VACUUM start: 1774460563
VACUUM end: 1774460564
=== Setting parameter values for run phase ===
Checking query plan before run phase
=== Executing the run phase with extendproportion=0 and read/update proportions=0.5 ===
Arrangement completed. Output saved to ../analysis/Data/Workload_data/postgresql_arrayjson_vacuum_notfull_run3_uniform_heavy_mixed.csv
Arrangement completed. Output saved to ../analysis/Data/Workload_data/postgresql_arrayjson_vacuum_notfull_run3_uniform_heavy_mixed.csv
Backing up the database started
Backing up the database finished
Arrangement completed. Output saved to ../analysis/Data/Workload_data/postgresql_arrayjson_vacuum_notfull_run3_uniform_heavy_mixed.csv
Size computation started
Appending subsequent iteration 58...
Iteration 58: Appended new size values from key_sizes_postgresql_arrayjson_vacuum_notfull_uniform_heavy_mixed_run3.csv to ../analysis/Data/Value_size_data/value_sizes_postgresql_arrayjson_vacuum_notfull_run3_uniform_heavy_after_mixed.csv
Total size: 715188200, Field length average: 7151
Workload file fieldlength set to: 7151 (expected: 7151)
=== Executing the load phase for the comparison study ===
Comparison-load verification - Epoch:6 Run:8 TotalSize:715100000 ExpectedFieldLength:7151
Avg-run verification - Epoch:6 Run:8 Iteration:58 TotalSize:715100000 ExpectedFieldLength:7151
=== Executing the run phase with extendproportion=0 and read/update proportions=0.5 ===
Arrangement completed. Output saved to ../analysis/Data/Workload_data/postgresql_arrayjson_vacuum_notfull_run3_uniform_heavy_mixed.csv
=== Setting parameter values for extend phase ===
=== Executing the extend phase with extendproportion=1 and other proportions=0 ===
Arrangement completed. Output saved to ../analysis/Data/Workload_data/postgresql_arrayjson_vacuum_notfull_run3_uniform_heavy_mixed.csv
Size computation started
Extend verification - Min:64300 Max:74500 Avg:72386 (Expected avg per record: ~1000 bytes initially)
Generating histogram from key size log: key_sizes_postgresql_arrayjson_vacuum_notfull_uniform_heavy_mixed_run3.csv
Histogram written to histogram.txt (BlockSize = 100)
Appending subsequent iteration 59...
Iteration 59: Appended new size values from key_sizes_postgresql_arrayjson_vacuum_notfull_uniform_heavy_mixed_run3.csv to ../analysis/Data/Value_size_data/value_sizes_postgresql_arrayjson_vacuum_notfull_run3_uniform_heavy_before_mixed.csv
VACUUM start: 1774461178
VACUUM end: 1774461182
=== Setting parameter values for run phase ===
Checking query plan before run phase
=== Executing the run phase with extendproportion=0 and read/update proportions=0.5 ===
Arrangement completed. Output saved to ../analysis/Data/Workload_data/postgresql_arrayjson_vacuum_notfull_run3_uniform_heavy_mixed.csv
Arrangement completed. Output saved to ../analysis/Data/Workload_data/postgresql_arrayjson_vacuum_notfull_run3_uniform_heavy_mixed.csv
Backing up the database started
Backing up the database finished
Arrangement completed. Output saved to ../analysis/Data/Workload_data/postgresql_arrayjson_vacuum_notfull_run3_uniform_heavy_mixed.csv
Size computation started
Appending subsequent iteration 59...
Iteration 59: Appended new size values from key_sizes_postgresql_arrayjson_vacuum_notfull_uniform_heavy_mixed_run3.csv to ../analysis/Data/Value_size_data/value_sizes_postgresql_arrayjson_vacuum_notfull_run3_uniform_heavy_after_mixed.csv
Total size: 727223600, Field length average: 7272
Workload file fieldlength set to: 7272 (expected: 7272)
=== Executing the load phase for the comparison study ===
Comparison-load verification - Epoch:6 Run:9 TotalSize:727200000 ExpectedFieldLength:7272
Avg-run verification - Epoch:6 Run:9 Iteration:59 TotalSize:727200000 ExpectedFieldLength:7272
=== Executing the run phase with extendproportion=0 and read/update proportions=0.5 ===
Arrangement completed. Output saved to ../analysis/Data/Workload_data/postgresql_arrayjson_vacuum_notfull_run3_uniform_heavy_mixed.csv
=== Setting parameter values for extend phase ===
=== Executing the extend phase with extendproportion=1 and other proportions=0 ===
Arrangement completed. Output saved to ../analysis/Data/Workload_data/postgresql_arrayjson_vacuum_notfull_run3_uniform_heavy_mixed.csv
Size computation started
Extend verification - Min:65700 Max:75800 Avg:73597 (Expected avg per record: ~1000 bytes initially)
Generating histogram from key size log: key_sizes_postgresql_arrayjson_vacuum_notfull_uniform_heavy_mixed_run3.csv
Histogram written to histogram.txt (BlockSize = 100)
Appending subsequent iteration 60...
Iteration 60: Appended new size values from key_sizes_postgresql_arrayjson_vacuum_notfull_uniform_heavy_mixed_run3.csv to ../analysis/Data/Value_size_data/value_sizes_postgresql_arrayjson_vacuum_notfull_run3_uniform_heavy_before_mixed.csv
VACUUM start: 1774461810
VACUUM end: 1774461812
=== Setting parameter values for run phase ===
Checking query plan before run phase
=== Executing the run phase with extendproportion=0 and read/update proportions=0.5 ===
Arrangement completed. Output saved to ../analysis/Data/Workload_data/postgresql_arrayjson_vacuum_notfull_run3_uniform_heavy_mixed.csv
Arrangement completed. Output saved to ../analysis/Data/Workload_data/postgresql_arrayjson_vacuum_notfull_run3_uniform_heavy_mixed.csv
Backing up the database started
Backing up the database finished
Arrangement completed. Output saved to ../analysis/Data/Workload_data/postgresql_arrayjson_vacuum_notfull_run3_uniform_heavy_mixed.csv
Size computation started
Appending subsequent iteration 60...
Iteration 60: Appended new size values from key_sizes_postgresql_arrayjson_vacuum_notfull_uniform_heavy_mixed_run3.csv to ../analysis/Data/Value_size_data/value_sizes_postgresql_arrayjson_vacuum_notfull_run3_uniform_heavy_after_mixed.csv
Total size: 739415700, Field length average: 7394
Workload file fieldlength set to: 7394 (expected: 7394)
=== Executing the load phase for the comparison study ===
Comparison-load verification - Epoch:6 Run:10 TotalSize:739400000 ExpectedFieldLength:7394
Avg-run verification - Epoch:6 Run:10 Iteration:60 TotalSize:739400000 ExpectedFieldLength:7394
=== Executing the run phase with extendproportion=0 and read/update proportions=0.5 ===
Arrangement completed. Output saved to ../analysis/Data/Workload_data/postgresql_arrayjson_vacuum_notfull_run3_uniform_heavy_mixed.csv
=== Setting parameter values for extend phase ===
=== Executing the extend phase with extendproportion=1 and other proportions=0 ===
Arrangement completed. Output saved to ../analysis/Data/Workload_data/postgresql_arrayjson_vacuum_notfull_run3_uniform_heavy_mixed.csv
Size computation started
Extend verification - Min:66700 Max:77300 Avg:74806 (Expected avg per record: ~1000 bytes initially)
Generating histogram from key size log: key_sizes_postgresql_arrayjson_vacuum_notfull_uniform_heavy_mixed_run3.csv
Histogram written to histogram.txt (BlockSize = 100)
Appending subsequent iteration 61...
Iteration 61: Appended new size values from key_sizes_postgresql_arrayjson_vacuum_notfull_uniform_heavy_mixed_run3.csv to ../analysis/Data/Value_size_data/value_sizes_postgresql_arrayjson_vacuum_notfull_run3_uniform_heavy_before_mixed.csv
VACUUM start: 1774462434
VACUUM end: 1774462434
=== Setting parameter values for run phase ===
Checking query plan before run phase
=== Executing the run phase with extendproportion=0 and read/update proportions=0.5 ===
Arrangement completed. Output saved to ../analysis/Data/Workload_data/postgresql_arrayjson_vacuum_notfull_run3_uniform_heavy_mixed.csv
Arrangement completed. Output saved to ../analysis/Data/Workload_data/postgresql_arrayjson_vacuum_notfull_run3_uniform_heavy_mixed.csv
Backing up the database started
Backing up the database finished
Arrangement completed. Output saved to ../analysis/Data/Workload_data/postgresql_arrayjson_vacuum_notfull_run3_uniform_heavy_mixed.csv
Size computation started
Appending subsequent iteration 61...
Iteration 61: Appended new size values from key_sizes_postgresql_arrayjson_vacuum_notfull_uniform_heavy_mixed_run3.csv to ../analysis/Data/Value_size_data/value_sizes_postgresql_arrayjson_vacuum_notfull_run3_uniform_heavy_after_mixed.csv
Total size: 751476400, Field length average: 7514
Workload file fieldlength set to: 7514 (expected: 7514)
=== Executing the load phase for the comparison study ===
Comparison-load verification - Epoch:7 Run:1 TotalSize:751400000 ExpectedFieldLength:7514
Avg-run verification - Epoch:7 Run:1 Iteration:61 TotalSize:751400000 ExpectedFieldLength:7514
=== Executing the run phase with extendproportion=0 and read/update proportions=0.5 ===
Arrangement completed. Output saved to ../analysis/Data/Workload_data/postgresql_arrayjson_vacuum_notfull_run3_uniform_heavy_mixed.csv
=== Setting parameter values for extend phase ===
=== Executing the extend phase with extendproportion=1 and other proportions=0 ===
Arrangement completed. Output saved to ../analysis/Data/Workload_data/postgresql_arrayjson_vacuum_notfull_run3_uniform_heavy_mixed.csv
Size computation started
Extend verification - Min:68000 Max:78200 Avg:76019 (Expected avg per record: ~1000 bytes initially)
Generating histogram from key size log: key_sizes_postgresql_arrayjson_vacuum_notfull_uniform_heavy_mixed_run3.csv
Histogram written to histogram.txt (BlockSize = 100)
Appending subsequent iteration 62...
Iteration 62: Appended new size values from key_sizes_postgresql_arrayjson_vacuum_notfull_uniform_heavy_mixed_run3.csv to ../analysis/Data/Value_size_data/value_sizes_postgresql_arrayjson_vacuum_notfull_run3_uniform_heavy_before_mixed.csv
VACUUM start: 1774463054
VACUUM end: 1774463055
=== Setting parameter values for run phase ===
Checking query plan before run phase
=== Executing the run phase with extendproportion=0 and read/update proportions=0.5 ===
Arrangement completed. Output saved to ../analysis/Data/Workload_data/postgresql_arrayjson_vacuum_notfull_run3_uniform_heavy_mixed.csv
Arrangement completed. Output saved to ../analysis/Data/Workload_data/postgresql_arrayjson_vacuum_notfull_run3_uniform_heavy_mixed.csv
Backing up the database started
Backing up the database finished
Arrangement completed. Output saved to ../analysis/Data/Workload_data/postgresql_arrayjson_vacuum_notfull_run3_uniform_heavy_mixed.csv
Size computation started
Appending subsequent iteration 62...
Iteration 62: Appended new size values from key_sizes_postgresql_arrayjson_vacuum_notfull_uniform_heavy_mixed_run3.csv to ../analysis/Data/Value_size_data/value_sizes_postgresql_arrayjson_vacuum_notfull_run3_uniform_heavy_after_mixed.csv
Total size: 763607400, Field length average: 7636
Workload file fieldlength set to: 7636 (expected: 7636)
=== Executing the load phase for the comparison study ===
Comparison-load verification - Epoch:7 Run:2 TotalSize:763600000 ExpectedFieldLength:7636
Avg-run verification - Epoch:7 Run:2 Iteration:62 TotalSize:763600000 ExpectedFieldLength:7636
=== Executing the run phase with extendproportion=0 and read/update proportions=0.5 ===
Arrangement completed. Output saved to ../analysis/Data/Workload_data/postgresql_arrayjson_vacuum_notfull_run3_uniform_heavy_mixed.csv
=== Setting parameter values for extend phase ===
=== Executing the extend phase with extendproportion=1 and other proportions=0 ===
Arrangement completed. Output saved to ../analysis/Data/Workload_data/postgresql_arrayjson_vacuum_notfull_run3_uniform_heavy_mixed.csv
Size computation started
Extend verification - Min:68700 Max:79500 Avg:77232 (Expected avg per record: ~1000 bytes initially)
Generating histogram from key size log: key_sizes_postgresql_arrayjson_vacuum_notfull_uniform_heavy_mixed_run3.csv
Histogram written to histogram.txt (BlockSize = 100)
Appending subsequent iteration 63...
Iteration 63: Appended new size values from key_sizes_postgresql_arrayjson_vacuum_notfull_uniform_heavy_mixed_run3.csv to ../analysis/Data/Value_size_data/value_sizes_postgresql_arrayjson_vacuum_notfull_run3_uniform_heavy_before_mixed.csv
VACUUM start: 1774463681
VACUUM end: 1774463682
=== Setting parameter values for run phase ===
Checking query plan before run phase
=== Executing the run phase with extendproportion=0 and read/update proportions=0.5 ===
Arrangement completed. Output saved to ../analysis/Data/Workload_data/postgresql_arrayjson_vacuum_notfull_run3_uniform_heavy_mixed.csv
Arrangement completed. Output saved to ../analysis/Data/Workload_data/postgresql_arrayjson_vacuum_notfull_run3_uniform_heavy_mixed.csv
Backing up the database started
Backing up the database finished
Arrangement completed. Output saved to ../analysis/Data/Workload_data/postgresql_arrayjson_vacuum_notfull_run3_uniform_heavy_mixed.csv
Size computation started
Appending subsequent iteration 63...
Iteration 63: Appended new size values from key_sizes_postgresql_arrayjson_vacuum_notfull_uniform_heavy_mixed_run3.csv to ../analysis/Data/Value_size_data/value_sizes_postgresql_arrayjson_vacuum_notfull_run3_uniform_heavy_after_mixed.csv
Total size: 775681000, Field length average: 7756
Workload file fieldlength set to: 7756 (expected: 7756)
=== Executing the load phase for the comparison study ===
Comparison-load verification - Epoch:7 Run:3 TotalSize:775600000 ExpectedFieldLength:7756
Avg-run verification - Epoch:7 Run:3 Iteration:63 TotalSize:775600000 ExpectedFieldLength:7756
=== Executing the run phase with extendproportion=0 and read/update proportions=0.5 ===
Arrangement completed. Output saved to ../analysis/Data/Workload_data/postgresql_arrayjson_vacuum_notfull_run3_uniform_heavy_mixed.csv
=== Setting parameter values for extend phase ===
=== Executing the extend phase with extendproportion=1 and other proportions=0 ===
Arrangement completed. Output saved to ../analysis/Data/Workload_data/postgresql_arrayjson_vacuum_notfull_run3_uniform_heavy_mixed.csv
Size computation started
Extend verification - Min:70200 Max:80600 Avg:78445 (Expected avg per record: ~1000 bytes initially)
Generating histogram from key size log: key_sizes_postgresql_arrayjson_vacuum_notfull_uniform_heavy_mixed_run3.csv
Histogram written to histogram.txt (BlockSize = 100)
Appending subsequent iteration 64...
Iteration 64: Appended new size values from key_sizes_postgresql_arrayjson_vacuum_notfull_uniform_heavy_mixed_run3.csv to ../analysis/Data/Value_size_data/value_sizes_postgresql_arrayjson_vacuum_notfull_run3_uniform_heavy_before_mixed.csv
VACUUM start: 1774464314
VACUUM end: 1774464315
=== Setting parameter values for run phase ===
Checking query plan before run phase
=== Executing the run phase with extendproportion=0 and read/update proportions=0.5 ===
Arrangement completed. Output saved to ../analysis/Data/Workload_data/postgresql_arrayjson_vacuum_notfull_run3_uniform_heavy_mixed.csv
Arrangement completed. Output saved to ../analysis/Data/Workload_data/postgresql_arrayjson_vacuum_notfull_run3_uniform_heavy_mixed.csv
Backing up the database started
Backing up the database finished
Arrangement completed. Output saved to ../analysis/Data/Workload_data/postgresql_arrayjson_vacuum_notfull_run3_uniform_heavy_mixed.csv
Size computation started
Appending subsequent iteration 64...
Iteration 64: Appended new size values from key_sizes_postgresql_arrayjson_vacuum_notfull_uniform_heavy_mixed_run3.csv to ../analysis/Data/Value_size_data/value_sizes_postgresql_arrayjson_vacuum_notfull_run3_uniform_heavy_after_mixed.csv
Total size: 787840300, Field length average: 7878
Workload file fieldlength set to: 7878 (expected: 7878)
=== Executing the load phase for the comparison study ===
Comparison-load verification - Epoch:7 Run:4 TotalSize:787800000 ExpectedFieldLength:7878
Avg-run verification - Epoch:7 Run:4 Iteration:64 TotalSize:787800000 ExpectedFieldLength:7878
=== Executing the run phase with extendproportion=0 and read/update proportions=0.5 ===
Arrangement completed. Output saved to ../analysis/Data/Workload_data/postgresql_arrayjson_vacuum_notfull_run3_uniform_heavy_mixed.csv
=== Setting parameter values for extend phase ===
=== Executing the extend phase with extendproportion=1 and other proportions=0 ===
Arrangement completed. Output saved to ../analysis/Data/Workload_data/postgresql_arrayjson_vacuum_notfull_run3_uniform_heavy_mixed.csv
Size computation started
Extend verification - Min:71400 Max:82000 Avg:79656 (Expected avg per record: ~1000 bytes initially)
Generating histogram from key size log: key_sizes_postgresql_arrayjson_vacuum_notfull_uniform_heavy_mixed_run3.csv
Histogram written to histogram.txt (BlockSize = 100)
Appending subsequent iteration 65...
Iteration 65: Appended new size values from key_sizes_postgresql_arrayjson_vacuum_notfull_uniform_heavy_mixed_run3.csv to ../analysis/Data/Value_size_data/value_sizes_postgresql_arrayjson_vacuum_notfull_run3_uniform_heavy_before_mixed.csv
VACUUM start: 1774464948
VACUUM end: 1774464949
=== Setting parameter values for run phase ===
Checking query plan before run phase
=== Executing the run phase with extendproportion=0 and read/update proportions=0.5 ===
Arrangement completed. Output saved to ../analysis/Data/Workload_data/postgresql_arrayjson_vacuum_notfull_run3_uniform_heavy_mixed.csv
Arrangement completed. Output saved to ../analysis/Data/Workload_data/postgresql_arrayjson_vacuum_notfull_run3_uniform_heavy_mixed.csv
Backing up the database started
Backing up the database finished
Arrangement completed. Output saved to ../analysis/Data/Workload_data/postgresql_arrayjson_vacuum_notfull_run3_uniform_heavy_mixed.csv
Size computation started
Appending subsequent iteration 65...
Iteration 65: Appended new size values from key_sizes_postgresql_arrayjson_vacuum_notfull_uniform_heavy_mixed_run3.csv to ../analysis/Data/Value_size_data/value_sizes_postgresql_arrayjson_vacuum_notfull_run3_uniform_heavy_after_mixed.csv
Total size: 799957700, Field length average: 7999
Workload file fieldlength set to: 7999 (expected: 7999)
=== Executing the load phase for the comparison study ===
Comparison-load verification - Epoch:7 Run:5 TotalSize:799900000 ExpectedFieldLength:7999
Avg-run verification - Epoch:7 Run:5 Iteration:65 TotalSize:799900000 ExpectedFieldLength:7999
=== Executing the run phase with extendproportion=0 and read/update proportions=0.5 ===
Arrangement completed. Output saved to ../analysis/Data/Workload_data/postgresql_arrayjson_vacuum_notfull_run3_uniform_heavy_mixed.csv
=== Setting parameter values for extend phase ===
=== Executing the extend phase with extendproportion=1 and other proportions=0 ===
Arrangement completed. Output saved to ../analysis/Data/Workload_data/postgresql_arrayjson_vacuum_notfull_run3_uniform_heavy_mixed.csv
Size computation started
Extend verification - Min:72400 Max:83500 Avg:80868 (Expected avg per record: ~1000 bytes initially)
Generating histogram from key size log: key_sizes_postgresql_arrayjson_vacuum_notfull_uniform_heavy_mixed_run3.csv
Histogram written to histogram.txt (BlockSize = 100)
Appending subsequent iteration 66...
Iteration 66: Appended new size values from key_sizes_postgresql_arrayjson_vacuum_notfull_uniform_heavy_mixed_run3.csv to ../analysis/Data/Value_size_data/value_sizes_postgresql_arrayjson_vacuum_notfull_run3_uniform_heavy_before_mixed.csv
VACUUM start: 1774465602
VACUUM end: 1774465607
=== Setting parameter values for run phase ===
Checking query plan before run phase
=== Executing the run phase with extendproportion=0 and read/update proportions=0.5 ===
Arrangement completed. Output saved to ../analysis/Data/Workload_data/postgresql_arrayjson_vacuum_notfull_run3_uniform_heavy_mixed.csv
Arrangement completed. Output saved to ../analysis/Data/Workload_data/postgresql_arrayjson_vacuum_notfull_run3_uniform_heavy_mixed.csv
Backing up the database started
Backing up the database finished
Arrangement completed. Output saved to ../analysis/Data/Workload_data/postgresql_arrayjson_vacuum_notfull_run3_uniform_heavy_mixed.csv
Size computation started
Appending subsequent iteration 66...
Iteration 66: Appended new size values from key_sizes_postgresql_arrayjson_vacuum_notfull_uniform_heavy_mixed_run3.csv to ../analysis/Data/Value_size_data/value_sizes_postgresql_arrayjson_vacuum_notfull_run3_uniform_heavy_after_mixed.csv
Total size: 812165200, Field length average: 8121
Workload file fieldlength set to: 8121 (expected: 8121)
=== Executing the load phase for the comparison study ===
Comparison-load verification - Epoch:7 Run:6 TotalSize:812100000 ExpectedFieldLength:8121
Avg-run verification - Epoch:7 Run:6 Iteration:66 TotalSize:812100000 ExpectedFieldLength:8121
=== Executing the run phase with extendproportion=0 and read/update proportions=0.5 ===
Arrangement completed. Output saved to ../analysis/Data/Workload_data/postgresql_arrayjson_vacuum_notfull_run3_uniform_heavy_mixed.csv
=== Setting parameter values for extend phase ===
=== Executing the extend phase with extendproportion=1 and other proportions=0 ===
Arrangement completed. Output saved to ../analysis/Data/Workload_data/postgresql_arrayjson_vacuum_notfull_run3_uniform_heavy_mixed.csv
Size computation started
Extend verification - Min:74000 Max:84300 Avg:82083 (Expected avg per record: ~1000 bytes initially)
Generating histogram from key size log: key_sizes_postgresql_arrayjson_vacuum_notfull_uniform_heavy_mixed_run3.csv
Histogram written to histogram.txt (BlockSize = 100)
Appending subsequent iteration 67...
Iteration 67: Appended new size values from key_sizes_postgresql_arrayjson_vacuum_notfull_uniform_heavy_mixed_run3.csv to ../analysis/Data/Value_size_data/value_sizes_postgresql_arrayjson_vacuum_notfull_run3_uniform_heavy_before_mixed.csv
VACUUM start: 1774466270
VACUUM end: 1774466271
=== Setting parameter values for run phase ===
Checking query plan before run phase
=== Executing the run phase with extendproportion=0 and read/update proportions=0.5 ===
Arrangement completed. Output saved to ../analysis/Data/Workload_data/postgresql_arrayjson_vacuum_notfull_run3_uniform_heavy_mixed.csv
Arrangement completed. Output saved to ../analysis/Data/Workload_data/postgresql_arrayjson_vacuum_notfull_run3_uniform_heavy_mixed.csv
Backing up the database started
Backing up the database finished
Arrangement completed. Output saved to ../analysis/Data/Workload_data/postgresql_arrayjson_vacuum_notfull_run3_uniform_heavy_mixed.csv
Size computation started
Appending subsequent iteration 67...
Iteration 67: Appended new size values from key_sizes_postgresql_arrayjson_vacuum_notfull_uniform_heavy_mixed_run3.csv to ../analysis/Data/Value_size_data/value_sizes_postgresql_arrayjson_vacuum_notfull_run3_uniform_heavy_after_mixed.csv
Total size: 824341400, Field length average: 8243
Workload file fieldlength set to: 8243 (expected: 8243)
=== Executing the load phase for the comparison study ===
Comparison-load verification - Epoch:7 Run:7 TotalSize:824300000 ExpectedFieldLength:8243
Avg-run verification - Epoch:7 Run:7 Iteration:67 TotalSize:824300000 ExpectedFieldLength:8243
=== Executing the run phase with extendproportion=0 and read/update proportions=0.5 ===
Arrangement completed. Output saved to ../analysis/Data/Workload_data/postgresql_arrayjson_vacuum_notfull_run3_uniform_heavy_mixed.csv
=== Setting parameter values for extend phase ===
=== Executing the extend phase with extendproportion=1 and other proportions=0 ===
Arrangement completed. Output saved to ../analysis/Data/Workload_data/postgresql_arrayjson_vacuum_notfull_run3_uniform_heavy_mixed.csv
Size computation started
Extend verification - Min:75000 Max:85900 Avg:83305 (Expected avg per record: ~1000 bytes initially)
Generating histogram from key size log: key_sizes_postgresql_arrayjson_vacuum_notfull_uniform_heavy_mixed_run3.csv
Histogram written to histogram.txt (BlockSize = 100)
Appending subsequent iteration 68...
Iteration 68: Appended new size values from key_sizes_postgresql_arrayjson_vacuum_notfull_uniform_heavy_mixed_run3.csv to ../analysis/Data/Value_size_data/value_sizes_postgresql_arrayjson_vacuum_notfull_run3_uniform_heavy_before_mixed.csv
VACUUM start: 1774466933
VACUUM end: 1774466936
=== Setting parameter values for run phase ===
Checking query plan before run phase
=== Executing the run phase with extendproportion=0 and read/update proportions=0.5 ===
Arrangement completed. Output saved to ../analysis/Data/Workload_data/postgresql_arrayjson_vacuum_notfull_run3_uniform_heavy_mixed.csv
Arrangement completed. Output saved to ../analysis/Data/Workload_data/postgresql_arrayjson_vacuum_notfull_run3_uniform_heavy_mixed.csv
Backing up the database started
Backing up the database finished
Arrangement completed. Output saved to ../analysis/Data/Workload_data/postgresql_arrayjson_vacuum_notfull_run3_uniform_heavy_mixed.csv
Size computation started
Appending subsequent iteration 68...
Iteration 68: Appended new size values from key_sizes_postgresql_arrayjson_vacuum_notfull_uniform_heavy_mixed_run3.csv to ../analysis/Data/Value_size_data/value_sizes_postgresql_arrayjson_vacuum_notfull_run3_uniform_heavy_after_mixed.csv
Total size: 836515200, Field length average: 8365
Workload file fieldlength set to: 8365 (expected: 8365)
=== Executing the load phase for the comparison study ===
Comparison-load verification - Epoch:7 Run:8 TotalSize:836500000 ExpectedFieldLength:8365
Avg-run verification - Epoch:7 Run:8 Iteration:68 TotalSize:836500000 ExpectedFieldLength:8365
=== Executing the run phase with extendproportion=0 and read/update proportions=0.5 ===
Arrangement completed. Output saved to ../analysis/Data/Workload_data/postgresql_arrayjson_vacuum_notfull_run3_uniform_heavy_mixed.csv
=== Setting parameter values for extend phase ===
=== Executing the extend phase with extendproportion=1 and other proportions=0 ===
Arrangement completed. Output saved to ../analysis/Data/Workload_data/postgresql_arrayjson_vacuum_notfull_run3_uniform_heavy_mixed.csv
Size computation started
Extend verification - Min:74900 Max:86900 Avg:84518 (Expected avg per record: ~1000 bytes initially)
Generating histogram from key size log: key_sizes_postgresql_arrayjson_vacuum_notfull_uniform_heavy_mixed_run3.csv
Histogram written to histogram.txt (BlockSize = 100)
Appending subsequent iteration 69...
Iteration 69: Appended new size values from key_sizes_postgresql_arrayjson_vacuum_notfull_uniform_heavy_mixed_run3.csv to ../analysis/Data/Value_size_data/value_sizes_postgresql_arrayjson_vacuum_notfull_run3_uniform_heavy_before_mixed.csv
VACUUM start: 1774467607
VACUUM end: 1774467608
=== Setting parameter values for run phase ===
Checking query plan before run phase
=== Executing the run phase with extendproportion=0 and read/update proportions=0.5 ===
Arrangement completed. Output saved to ../analysis/Data/Workload_data/postgresql_arrayjson_vacuum_notfull_run3_uniform_heavy_mixed.csv
Arrangement completed. Output saved to ../analysis/Data/Workload_data/postgresql_arrayjson_vacuum_notfull_run3_uniform_heavy_mixed.csv
Backing up the database started
Backing up the database finished
Arrangement completed. Output saved to ../analysis/Data/Workload_data/postgresql_arrayjson_vacuum_notfull_run3_uniform_heavy_mixed.csv
Size computation started
Appending subsequent iteration 69...
Iteration 69: Appended new size values from key_sizes_postgresql_arrayjson_vacuum_notfull_uniform_heavy_mixed_run3.csv to ../analysis/Data/Value_size_data/value_sizes_postgresql_arrayjson_vacuum_notfull_run3_uniform_heavy_after_mixed.csv
Total size: 848594300, Field length average: 8485
Workload file fieldlength set to: 8485 (expected: 8485)
=== Executing the load phase for the comparison study ===
Comparison-load verification - Epoch:7 Run:9 TotalSize:848500000 ExpectedFieldLength:8485
Avg-run verification - Epoch:7 Run:9 Iteration:69 TotalSize:848500000 ExpectedFieldLength:8485
=== Executing the run phase with extendproportion=0 and read/update proportions=0.5 ===
Arrangement completed. Output saved to ../analysis/Data/Workload_data/postgresql_arrayjson_vacuum_notfull_run3_uniform_heavy_mixed.csv
=== Setting parameter values for extend phase ===
=== Executing the extend phase with extendproportion=1 and other proportions=0 ===
Arrangement completed. Output saved to ../analysis/Data/Workload_data/postgresql_arrayjson_vacuum_notfull_run3_uniform_heavy_mixed.csv
Size computation started
Extend verification - Min:75500 Max:88100 Avg:85731 (Expected avg per record: ~1000 bytes initially)
Generating histogram from key size log: key_sizes_postgresql_arrayjson_vacuum_notfull_uniform_heavy_mixed_run3.csv
Histogram written to histogram.txt (BlockSize = 100)
Appending subsequent iteration 70...
Iteration 70: Appended new size values from key_sizes_postgresql_arrayjson_vacuum_notfull_uniform_heavy_mixed_run3.csv to ../analysis/Data/Value_size_data/value_sizes_postgresql_arrayjson_vacuum_notfull_run3_uniform_heavy_before_mixed.csv
VACUUM start: 1774468276
VACUUM end: 1774468278
=== Setting parameter values for run phase ===
Checking query plan before run phase
=== Executing the run phase with extendproportion=0 and read/update proportions=0.5 ===
Arrangement completed. Output saved to ../analysis/Data/Workload_data/postgresql_arrayjson_vacuum_notfull_run3_uniform_heavy_mixed.csv
Arrangement completed. Output saved to ../analysis/Data/Workload_data/postgresql_arrayjson_vacuum_notfull_run3_uniform_heavy_mixed.csv
Backing up the database started
Backing up the database finished
Arrangement completed. Output saved to ../analysis/Data/Workload_data/postgresql_arrayjson_vacuum_notfull_run3_uniform_heavy_mixed.csv
Size computation started
Appending subsequent iteration 70...
Iteration 70: Appended new size values from key_sizes_postgresql_arrayjson_vacuum_notfull_uniform_heavy_mixed_run3.csv to ../analysis/Data/Value_size_data/value_sizes_postgresql_arrayjson_vacuum_notfull_run3_uniform_heavy_after_mixed.csv
Total size: 860687100, Field length average: 8606
Workload file fieldlength set to: 8606 (expected: 8606)
=== Executing the load phase for the comparison study ===
Comparison-load verification - Epoch:7 Run:10 TotalSize:860600000 ExpectedFieldLength:8606
Avg-run verification - Epoch:7 Run:10 Iteration:70 TotalSize:860600000 ExpectedFieldLength:8606
=== Executing the run phase with extendproportion=0 and read/update proportions=0.5 ===
Arrangement completed. Output saved to ../analysis/Data/Workload_data/postgresql_arrayjson_vacuum_notfull_run3_uniform_heavy_mixed.csv
=== Setting parameter values for extend phase ===
=== Executing the extend phase with extendproportion=1 and other proportions=0 ===
Arrangement completed. Output saved to ../analysis/Data/Workload_data/postgresql_arrayjson_vacuum_notfull_run3_uniform_heavy_mixed.csv
Size computation started
Extend verification - Min:77500 Max:89200 Avg:86938 (Expected avg per record: ~1000 bytes initially)
Generating histogram from key size log: key_sizes_postgresql_arrayjson_vacuum_notfull_uniform_heavy_mixed_run3.csv
Histogram written to histogram.txt (BlockSize = 100)
Appending subsequent iteration 71...
Iteration 71: Appended new size values from key_sizes_postgresql_arrayjson_vacuum_notfull_uniform_heavy_mixed_run3.csv to ../analysis/Data/Value_size_data/value_sizes_postgresql_arrayjson_vacuum_notfull_run3_uniform_heavy_before_mixed.csv
VACUUM start: 1774468949
VACUUM end: 1774468954
=== Setting parameter values for run phase ===
Checking query plan before run phase
=== Executing the run phase with extendproportion=0 and read/update proportions=0.5 ===
Arrangement completed. Output saved to ../analysis/Data/Workload_data/postgresql_arrayjson_vacuum_notfull_run3_uniform_heavy_mixed.csv
Arrangement completed. Output saved to ../analysis/Data/Workload_data/postgresql_arrayjson_vacuum_notfull_run3_uniform_heavy_mixed.csv
Backing up the database started
Backing up the database finished
Arrangement completed. Output saved to ../analysis/Data/Workload_data/postgresql_arrayjson_vacuum_notfull_run3_uniform_heavy_mixed.csv
Size computation started
Appending subsequent iteration 71...
Iteration 71: Appended new size values from key_sizes_postgresql_arrayjson_vacuum_notfull_uniform_heavy_mixed_run3.csv to ../analysis/Data/Value_size_data/value_sizes_postgresql_arrayjson_vacuum_notfull_run3_uniform_heavy_after_mixed.csv
Total size: 872740100, Field length average: 8727
Workload file fieldlength set to: 8727 (expected: 8727)
=== Executing the load phase for the comparison study ===
Comparison-load verification - Epoch:8 Run:1 TotalSize:872700000 ExpectedFieldLength:8727
Avg-run verification - Epoch:8 Run:1 Iteration:71 TotalSize:872700000 ExpectedFieldLength:8727
=== Executing the run phase with extendproportion=0 and read/update proportions=0.5 ===
Arrangement completed. Output saved to ../analysis/Data/Workload_data/postgresql_arrayjson_vacuum_notfull_run3_uniform_heavy_mixed.csv
=== Setting parameter values for extend phase ===
=== Executing the extend phase with extendproportion=1 and other proportions=0 ===
Arrangement completed. Output saved to ../analysis/Data/Workload_data/postgresql_arrayjson_vacuum_notfull_run3_uniform_heavy_mixed.csv
Size computation started
Extend verification - Min:78900 Max:90500 Avg:88143 (Expected avg per record: ~1000 bytes initially)
Generating histogram from key size log: key_sizes_postgresql_arrayjson_vacuum_notfull_uniform_heavy_mixed_run3.csv
Histogram written to histogram.txt (BlockSize = 100)
Appending subsequent iteration 72...
Iteration 72: Appended new size values from key_sizes_postgresql_arrayjson_vacuum_notfull_uniform_heavy_mixed_run3.csv to ../analysis/Data/Value_size_data/value_sizes_postgresql_arrayjson_vacuum_notfull_run3_uniform_heavy_before_mixed.csv
VACUUM start: 1774469626
VACUUM end: 1774469629
=== Setting parameter values for run phase ===
Checking query plan before run phase
=== Executing the run phase with extendproportion=0 and read/update proportions=0.5 ===
Arrangement completed. Output saved to ../analysis/Data/Workload_data/postgresql_arrayjson_vacuum_notfull_run3_uniform_heavy_mixed.csv
Arrangement completed. Output saved to ../analysis/Data/Workload_data/postgresql_arrayjson_vacuum_notfull_run3_uniform_heavy_mixed.csv
Backing up the database started
Backing up the database finished
Arrangement completed. Output saved to ../analysis/Data/Workload_data/postgresql_arrayjson_vacuum_notfull_run3_uniform_heavy_mixed.csv
Size computation started
Appending subsequent iteration 72...
Iteration 72: Appended new size values from key_sizes_postgresql_arrayjson_vacuum_notfull_uniform_heavy_mixed_run3.csv to ../analysis/Data/Value_size_data/value_sizes_postgresql_arrayjson_vacuum_notfull_run3_uniform_heavy_after_mixed.csv
Total size: 884815000, Field length average: 8848
Workload file fieldlength set to: 8848 (expected: 8848)
=== Executing the load phase for the comparison study ===
Comparison-load verification - Epoch:8 Run:2 TotalSize:884800000 ExpectedFieldLength:8848
Avg-run verification - Epoch:8 Run:2 Iteration:72 TotalSize:884800000 ExpectedFieldLength:8848
=== Executing the run phase with extendproportion=0 and read/update proportions=0.5 ===
Arrangement completed. Output saved to ../analysis/Data/Workload_data/postgresql_arrayjson_vacuum_notfull_run3_uniform_heavy_mixed.csv
=== Setting parameter values for extend phase ===
=== Executing the extend phase with extendproportion=1 and other proportions=0 ===
Arrangement completed. Output saved to ../analysis/Data/Workload_data/postgresql_arrayjson_vacuum_notfull_run3_uniform_heavy_mixed.csv
Size computation started
Extend verification - Min:79800 Max:91400 Avg:89353 (Expected avg per record: ~1000 bytes initially)
Generating histogram from key size log: key_sizes_postgresql_arrayjson_vacuum_notfull_uniform_heavy_mixed_run3.csv
Histogram written to histogram.txt (BlockSize = 100)
Appending subsequent iteration 73...
Iteration 73: Appended new size values from key_sizes_postgresql_arrayjson_vacuum_notfull_uniform_heavy_mixed_run3.csv to ../analysis/Data/Value_size_data/value_sizes_postgresql_arrayjson_vacuum_notfull_run3_uniform_heavy_before_mixed.csv
VACUUM start: 1774470302
VACUUM end: 1774470304
=== Setting parameter values for run phase ===
Checking query plan before run phase
=== Executing the run phase with extendproportion=0 and read/update proportions=0.5 ===
Arrangement completed. Output saved to ../analysis/Data/Workload_data/postgresql_arrayjson_vacuum_notfull_run3_uniform_heavy_mixed.csv
Arrangement completed. Output saved to ../analysis/Data/Workload_data/postgresql_arrayjson_vacuum_notfull_run3_uniform_heavy_mixed.csv
Backing up the database started
Backing up the database finished
Arrangement completed. Output saved to ../analysis/Data/Workload_data/postgresql_arrayjson_vacuum_notfull_run3_uniform_heavy_mixed.csv
Size computation started
Appending subsequent iteration 73...
Iteration 73: Appended new size values from key_sizes_postgresql_arrayjson_vacuum_notfull_uniform_heavy_mixed_run3.csv to ../analysis/Data/Value_size_data/value_sizes_postgresql_arrayjson_vacuum_notfull_run3_uniform_heavy_after_mixed.csv
Total size: 896915000, Field length average: 8969
Workload file fieldlength set to: 8969 (expected: 8969)
=== Executing the load phase for the comparison study ===
Comparison-load verification - Epoch:8 Run:3 TotalSize:896900000 ExpectedFieldLength:8969
Avg-run verification - Epoch:8 Run:3 Iteration:73 TotalSize:896900000 ExpectedFieldLength:8969
=== Executing the run phase with extendproportion=0 and read/update proportions=0.5 ===
Arrangement completed. Output saved to ../analysis/Data/Workload_data/postgresql_arrayjson_vacuum_notfull_run3_uniform_heavy_mixed.csv
=== Setting parameter values for extend phase ===
=== Executing the extend phase with extendproportion=1 and other proportions=0 ===
Arrangement completed. Output saved to ../analysis/Data/Workload_data/postgresql_arrayjson_vacuum_notfull_run3_uniform_heavy_mixed.csv
Size computation started
Extend verification - Min:81200 Max:93100 Avg:90569 (Expected avg per record: ~1000 bytes initially)
Generating histogram from key size log: key_sizes_postgresql_arrayjson_vacuum_notfull_uniform_heavy_mixed_run3.csv
Histogram written to histogram.txt (BlockSize = 100)
Appending subsequent iteration 74...
Iteration 74: Appended new size values from key_sizes_postgresql_arrayjson_vacuum_notfull_uniform_heavy_mixed_run3.csv to ../analysis/Data/Value_size_data/value_sizes_postgresql_arrayjson_vacuum_notfull_run3_uniform_heavy_before_mixed.csv
VACUUM start: 1774470988
VACUUM end: 1774470991
=== Setting parameter values for run phase ===
Checking query plan before run phase
=== Executing the run phase with extendproportion=0 and read/update proportions=0.5 ===
Arrangement completed. Output saved to ../analysis/Data/Workload_data/postgresql_arrayjson_vacuum_notfull_run3_uniform_heavy_mixed.csv
Arrangement completed. Output saved to ../analysis/Data/Workload_data/postgresql_arrayjson_vacuum_notfull_run3_uniform_heavy_mixed.csv
Backing up the database started
Backing up the database finished
Arrangement completed. Output saved to ../analysis/Data/Workload_data/postgresql_arrayjson_vacuum_notfull_run3_uniform_heavy_mixed.csv
Size computation started
Appending subsequent iteration 74...
Iteration 74: Appended new size values from key_sizes_postgresql_arrayjson_vacuum_notfull_uniform_heavy_mixed_run3.csv to ../analysis/Data/Value_size_data/value_sizes_postgresql_arrayjson_vacuum_notfull_run3_uniform_heavy_after_mixed.csv
Total size: 909133500, Field length average: 9091
Workload file fieldlength set to: 9091 (expected: 9091)
=== Executing the load phase for the comparison study ===
Comparison-load verification - Epoch:8 Run:4 TotalSize:909100000 ExpectedFieldLength:9091
Avg-run verification - Epoch:8 Run:4 Iteration:74 TotalSize:909100000 ExpectedFieldLength:9091
=== Executing the run phase with extendproportion=0 and read/update proportions=0.5 ===
Arrangement completed. Output saved to ../analysis/Data/Workload_data/postgresql_arrayjson_vacuum_notfull_run3_uniform_heavy_mixed.csv
=== Setting parameter values for extend phase ===
=== Executing the extend phase with extendproportion=1 and other proportions=0 ===
Arrangement completed. Output saved to ../analysis/Data/Workload_data/postgresql_arrayjson_vacuum_notfull_run3_uniform_heavy_mixed.csv
Size computation started
Extend verification - Min:82300 Max:93900 Avg:91786 (Expected avg per record: ~1000 bytes initially)
Generating histogram from key size log: key_sizes_postgresql_arrayjson_vacuum_notfull_uniform_heavy_mixed_run3.csv
Histogram written to histogram.txt (BlockSize = 100)
Appending subsequent iteration 75...
Iteration 75: Appended new size values from key_sizes_postgresql_arrayjson_vacuum_notfull_uniform_heavy_mixed_run3.csv to ../analysis/Data/Value_size_data/value_sizes_postgresql_arrayjson_vacuum_notfull_run3_uniform_heavy_before_mixed.csv
VACUUM start: 1774471674
VACUUM end: 1774471677
=== Setting parameter values for run phase ===
Checking query plan before run phase
=== Executing the run phase with extendproportion=0 and read/update proportions=0.5 ===
Arrangement completed. Output saved to ../analysis/Data/Workload_data/postgresql_arrayjson_vacuum_notfull_run3_uniform_heavy_mixed.csv
Arrangement completed. Output saved to ../analysis/Data/Workload_data/postgresql_arrayjson_vacuum_notfull_run3_uniform_heavy_mixed.csv
Backing up the database started
Backing up the database finished
Arrangement completed. Output saved to ../analysis/Data/Workload_data/postgresql_arrayjson_vacuum_notfull_run3_uniform_heavy_mixed.csv
Size computation started
Appending subsequent iteration 75...
Iteration 75: Appended new size values from key_sizes_postgresql_arrayjson_vacuum_notfull_uniform_heavy_mixed_run3.csv to ../analysis/Data/Value_size_data/value_sizes_postgresql_arrayjson_vacuum_notfull_run3_uniform_heavy_after_mixed.csv
Total size: 921206300, Field length average: 9212
Workload file fieldlength set to: 9212 (expected: 9212)
=== Executing the load phase for the comparison study ===
Comparison-load verification - Epoch:8 Run:5 TotalSize:921200000 ExpectedFieldLength:9212
Avg-run verification - Epoch:8 Run:5 Iteration:75 TotalSize:921200000 ExpectedFieldLength:9212
=== Executing the run phase with extendproportion=0 and read/update proportions=0.5 ===
Arrangement completed. Output saved to ../analysis/Data/Workload_data/postgresql_arrayjson_vacuum_notfull_run3_uniform_heavy_mixed.csv
=== Setting parameter values for extend phase ===
=== Executing the extend phase with extendproportion=1 and other proportions=0 ===
Arrangement completed. Output saved to ../analysis/Data/Workload_data/postgresql_arrayjson_vacuum_notfull_run3_uniform_heavy_mixed.csv
Size computation started
Extend verification - Min:82900 Max:95100 Avg:92989 (Expected avg per record: ~1000 bytes initially)
Generating histogram from key size log: key_sizes_postgresql_arrayjson_vacuum_notfull_uniform_heavy_mixed_run3.csv
Histogram written to histogram.txt (BlockSize = 100)
Appending subsequent iteration 76...
Iteration 76: Appended new size values from key_sizes_postgresql_arrayjson_vacuum_notfull_uniform_heavy_mixed_run3.csv to ../analysis/Data/Value_size_data/value_sizes_postgresql_arrayjson_vacuum_notfull_run3_uniform_heavy_before_mixed.csv
VACUUM start: 1774472370
VACUUM end: 1774472376
=== Setting parameter values for run phase ===
Checking query plan before run phase
=== Executing the run phase with extendproportion=0 and read/update proportions=0.5 ===
Arrangement completed. Output saved to ../analysis/Data/Workload_data/postgresql_arrayjson_vacuum_notfull_run3_uniform_heavy_mixed.csv
Arrangement completed. Output saved to ../analysis/Data/Workload_data/postgresql_arrayjson_vacuum_notfull_run3_uniform_heavy_mixed.csv
Backing up the database started
Backing up the database finished
Arrangement completed. Output saved to ../analysis/Data/Workload_data/postgresql_arrayjson_vacuum_notfull_run3_uniform_heavy_mixed.csv
Size computation started
Appending subsequent iteration 76...
Iteration 76: Appended new size values from key_sizes_postgresql_arrayjson_vacuum_notfull_uniform_heavy_mixed_run3.csv to ../analysis/Data/Value_size_data/value_sizes_postgresql_arrayjson_vacuum_notfull_run3_uniform_heavy_after_mixed.csv
Total size: 933246400, Field length average: 9332
Workload file fieldlength set to: 9332 (expected: 9332)
=== Executing the load phase for the comparison study ===
Comparison-load verification - Epoch:8 Run:6 TotalSize:933200000 ExpectedFieldLength:9332
Avg-run verification - Epoch:8 Run:6 Iteration:76 TotalSize:933200000 ExpectedFieldLength:9332
=== Executing the run phase with extendproportion=0 and read/update proportions=0.5 ===
Arrangement completed. Output saved to ../analysis/Data/Workload_data/postgresql_arrayjson_vacuum_notfull_run3_uniform_heavy_mixed.csv
=== Setting parameter values for extend phase ===
=== Executing the extend phase with extendproportion=1 and other proportions=0 ===
Arrangement completed. Output saved to ../analysis/Data/Workload_data/postgresql_arrayjson_vacuum_notfull_run3_uniform_heavy_mixed.csv
Size computation started
Extend verification - Min:84400 Max:96700 Avg:94199 (Expected avg per record: ~1000 bytes initially)
Generating histogram from key size log: key_sizes_postgresql_arrayjson_vacuum_notfull_uniform_heavy_mixed_run3.csv
Histogram written to histogram.txt (BlockSize = 100)
Appending subsequent iteration 77...
Iteration 77: Appended new size values from key_sizes_postgresql_arrayjson_vacuum_notfull_uniform_heavy_mixed_run3.csv to ../analysis/Data/Value_size_data/value_sizes_postgresql_arrayjson_vacuum_notfull_run3_uniform_heavy_before_mixed.csv
VACUUM start: 1774473067
VACUUM end: 1774473068
=== Setting parameter values for run phase ===
Checking query plan before run phase
=== Executing the run phase with extendproportion=0 and read/update proportions=0.5 ===
Arrangement completed. Output saved to ../analysis/Data/Workload_data/postgresql_arrayjson_vacuum_notfull_run3_uniform_heavy_mixed.csv
Arrangement completed. Output saved to ../analysis/Data/Workload_data/postgresql_arrayjson_vacuum_notfull_run3_uniform_heavy_mixed.csv
Backing up the database started
Backing up the database finished
Arrangement completed. Output saved to ../analysis/Data/Workload_data/postgresql_arrayjson_vacuum_notfull_run3_uniform_heavy_mixed.csv
Size computation started
Appending subsequent iteration 77...
Iteration 77: Appended new size values from key_sizes_postgresql_arrayjson_vacuum_notfull_uniform_heavy_mixed_run3.csv to ../analysis/Data/Value_size_data/value_sizes_postgresql_arrayjson_vacuum_notfull_run3_uniform_heavy_after_mixed.csv
Total size: 945404700, Field length average: 9454
Workload file fieldlength set to: 9454 (expected: 9454)
=== Executing the load phase for the comparison study ===
Comparison-load verification - Epoch:8 Run:7 TotalSize:945400000 ExpectedFieldLength:9454
Avg-run verification - Epoch:8 Run:7 Iteration:77 TotalSize:945400000 ExpectedFieldLength:9454
=== Executing the run phase with extendproportion=0 and read/update proportions=0.5 ===
Arrangement completed. Output saved to ../analysis/Data/Workload_data/postgresql_arrayjson_vacuum_notfull_run3_uniform_heavy_mixed.csv
=== Setting parameter values for extend phase ===
=== Executing the extend phase with extendproportion=1 and other proportions=0 ===
Arrangement completed. Output saved to ../analysis/Data/Workload_data/postgresql_arrayjson_vacuum_notfull_run3_uniform_heavy_mixed.csv
Size computation started
Extend verification - Min:84900 Max:98200 Avg:95415 (Expected avg per record: ~1000 bytes initially)
Generating histogram from key size log: key_sizes_postgresql_arrayjson_vacuum_notfull_uniform_heavy_mixed_run3.csv
Histogram written to histogram.txt (BlockSize = 100)
Appending subsequent iteration 78...
Iteration 78: Appended new size values from key_sizes_postgresql_arrayjson_vacuum_notfull_uniform_heavy_mixed_run3.csv to ../analysis/Data/Value_size_data/value_sizes_postgresql_arrayjson_vacuum_notfull_run3_uniform_heavy_before_mixed.csv
VACUUM start: 1774473770
VACUUM end: 1774473773
=== Setting parameter values for run phase ===
Checking query plan before run phase
=== Executing the run phase with extendproportion=0 and read/update proportions=0.5 ===
Arrangement completed. Output saved to ../analysis/Data/Workload_data/postgresql_arrayjson_vacuum_notfull_run3_uniform_heavy_mixed.csv
Arrangement completed. Output saved to ../analysis/Data/Workload_data/postgresql_arrayjson_vacuum_notfull_run3_uniform_heavy_mixed.csv
Backing up the database started
Backing up the database finished
Arrangement completed. Output saved to ../analysis/Data/Workload_data/postgresql_arrayjson_vacuum_notfull_run3_uniform_heavy_mixed.csv
Size computation started
Appending subsequent iteration 78...
Iteration 78: Appended new size values from key_sizes_postgresql_arrayjson_vacuum_notfull_uniform_heavy_mixed_run3.csv to ../analysis/Data/Value_size_data/value_sizes_postgresql_arrayjson_vacuum_notfull_run3_uniform_heavy_after_mixed.csv
Total size: 957572600, Field length average: 9575
Workload file fieldlength set to: 9575 (expected: 9575)
=== Executing the load phase for the comparison study ===
Comparison-load verification - Epoch:8 Run:8 TotalSize:957500000 ExpectedFieldLength:9575
Avg-run verification - Epoch:8 Run:8 Iteration:78 TotalSize:957500000 ExpectedFieldLength:9575
=== Executing the run phase with extendproportion=0 and read/update proportions=0.5 ===
Arrangement completed. Output saved to ../analysis/Data/Workload_data/postgresql_arrayjson_vacuum_notfull_run3_uniform_heavy_mixed.csv
=== Setting parameter values for extend phase ===
=== Executing the extend phase with extendproportion=1 and other proportions=0 ===
Arrangement completed. Output saved to ../analysis/Data/Workload_data/postgresql_arrayjson_vacuum_notfull_run3_uniform_heavy_mixed.csv
Size computation started
Extend verification - Min:86500 Max:98900 Avg:96626 (Expected avg per record: ~1000 bytes initially)
Generating histogram from key size log: key_sizes_postgresql_arrayjson_vacuum_notfull_uniform_heavy_mixed_run3.csv
Histogram written to histogram.txt (BlockSize = 100)
Appending subsequent iteration 79...
Iteration 79: Appended new size values from key_sizes_postgresql_arrayjson_vacuum_notfull_uniform_heavy_mixed_run3.csv to ../analysis/Data/Value_size_data/value_sizes_postgresql_arrayjson_vacuum_notfull_run3_uniform_heavy_before_mixed.csv
VACUUM start: 1774474472
VACUUM end: 1774474474
=== Setting parameter values for run phase ===
Checking query plan before run phase
=== Executing the run phase with extendproportion=0 and read/update proportions=0.5 ===
Arrangement completed. Output saved to ../analysis/Data/Workload_data/postgresql_arrayjson_vacuum_notfull_run3_uniform_heavy_mixed.csv
Arrangement completed. Output saved to ../analysis/Data/Workload_data/postgresql_arrayjson_vacuum_notfull_run3_uniform_heavy_mixed.csv
Backing up the database started
Backing up the database finished
Arrangement completed. Output saved to ../analysis/Data/Workload_data/postgresql_arrayjson_vacuum_notfull_run3_uniform_heavy_mixed.csv
Size computation started
Appending subsequent iteration 79...
Iteration 79: Appended new size values from key_sizes_postgresql_arrayjson_vacuum_notfull_uniform_heavy_mixed_run3.csv to ../analysis/Data/Value_size_data/value_sizes_postgresql_arrayjson_vacuum_notfull_run3_uniform_heavy_after_mixed.csv
Total size: 969639300, Field length average: 9696
Workload file fieldlength set to: 9696 (expected: 9696)
=== Executing the load phase for the comparison study ===
Comparison-load verification - Epoch:8 Run:9 TotalSize:969600000 ExpectedFieldLength:9696
Avg-run verification - Epoch:8 Run:9 Iteration:79 TotalSize:969600000 ExpectedFieldLength:9696
=== Executing the run phase with extendproportion=0 and read/update proportions=0.5 ===
Arrangement completed. Output saved to ../analysis/Data/Workload_data/postgresql_arrayjson_vacuum_notfull_run3_uniform_heavy_mixed.csv
=== Setting parameter values for extend phase ===
=== Executing the extend phase with extendproportion=1 and other proportions=0 ===
Arrangement completed. Output saved to ../analysis/Data/Workload_data/postgresql_arrayjson_vacuum_notfull_run3_uniform_heavy_mixed.csv
Size computation started
Extend verification - Min:88000 Max:100000 Avg:97834 (Expected avg per record: ~1000 bytes initially)
Generating histogram from key size log: key_sizes_postgresql_arrayjson_vacuum_notfull_uniform_heavy_mixed_run3.csv
Histogram written to histogram.txt (BlockSize = 100)
Appending subsequent iteration 80...
Iteration 80: Appended new size values from key_sizes_postgresql_arrayjson_vacuum_notfull_uniform_heavy_mixed_run3.csv to ../analysis/Data/Value_size_data/value_sizes_postgresql_arrayjson_vacuum_notfull_run3_uniform_heavy_before_mixed.csv
VACUUM start: 1774475182
VACUUM end: 1774475188
=== Setting parameter values for run phase ===
Checking query plan before run phase
=== Executing the run phase with extendproportion=0 and read/update proportions=0.5 ===
Arrangement completed. Output saved to ../analysis/Data/Workload_data/postgresql_arrayjson_vacuum_notfull_run3_uniform_heavy_mixed.csv
Arrangement completed. Output saved to ../analysis/Data/Workload_data/postgresql_arrayjson_vacuum_notfull_run3_uniform_heavy_mixed.csv
Backing up the database started
Backing up the database finished
Arrangement completed. Output saved to ../analysis/Data/Workload_data/postgresql_arrayjson_vacuum_notfull_run3_uniform_heavy_mixed.csv
Size computation started
Appending subsequent iteration 80...
Iteration 80: Appended new size values from key_sizes_postgresql_arrayjson_vacuum_notfull_uniform_heavy_mixed_run3.csv to ../analysis/Data/Value_size_data/value_sizes_postgresql_arrayjson_vacuum_notfull_run3_uniform_heavy_after_mixed.csv
Total size: 981731700, Field length average: 9817
Workload file fieldlength set to: 9817 (expected: 9817)
=== Executing the load phase for the comparison study ===
Comparison-load verification - Epoch:8 Run:10 TotalSize:981700000 ExpectedFieldLength:9817
Avg-run verification - Epoch:8 Run:10 Iteration:80 TotalSize:981700000 ExpectedFieldLength:9817
=== Executing the run phase with extendproportion=0 and read/update proportions=0.5 ===
Arrangement completed. Output saved to ../analysis/Data/Workload_data/postgresql_arrayjson_vacuum_notfull_run3_uniform_heavy_mixed.csv
=== Setting parameter values for extend phase ===
=== Executing the extend phase with extendproportion=1 and other proportions=0 ===
Arrangement completed. Output saved to ../analysis/Data/Workload_data/postgresql_arrayjson_vacuum_notfull_run3_uniform_heavy_mixed.csv
Size computation started
Extend verification - Min:89100 Max:101500 Avg:99047 (Expected avg per record: ~1000 bytes initially)
Generating histogram from key size log: key_sizes_postgresql_arrayjson_vacuum_notfull_uniform_heavy_mixed_run3.csv
Histogram written to histogram.txt (BlockSize = 100)
Appending subsequent iteration 81...
Iteration 81: Appended new size values from key_sizes_postgresql_arrayjson_vacuum_notfull_uniform_heavy_mixed_run3.csv to ../analysis/Data/Value_size_data/value_sizes_postgresql_arrayjson_vacuum_notfull_run3_uniform_heavy_before_mixed.csv
VACUUM start: 1774475894
VACUUM end: 1774475899
=== Setting parameter values for run phase ===
Checking query plan before run phase
=== Executing the run phase with extendproportion=0 and read/update proportions=0.5 ===
Arrangement completed. Output saved to ../analysis/Data/Workload_data/postgresql_arrayjson_vacuum_notfull_run3_uniform_heavy_mixed.csv
Arrangement completed. Output saved to ../analysis/Data/Workload_data/postgresql_arrayjson_vacuum_notfull_run3_uniform_heavy_mixed.csv
Backing up the database started
Backing up the database finished
Arrangement completed. Output saved to ../analysis/Data/Workload_data/postgresql_arrayjson_vacuum_notfull_run3_uniform_heavy_mixed.csv
Size computation started
Appending subsequent iteration 81...
Iteration 81: Appended new size values from key_sizes_postgresql_arrayjson_vacuum_notfull_uniform_heavy_mixed_run3.csv to ../analysis/Data/Value_size_data/value_sizes_postgresql_arrayjson_vacuum_notfull_run3_uniform_heavy_after_mixed.csv
Total size: 993938100, Field length average: 9939
Workload file fieldlength set to: 9939 (expected: 9939)
=== Executing the load phase for the comparison study ===
Comparison-load verification - Epoch:9 Run:1 TotalSize:993900000 ExpectedFieldLength:9939
Avg-run verification - Epoch:9 Run:1 Iteration:81 TotalSize:993900000 ExpectedFieldLength:9939
=== Executing the run phase with extendproportion=0 and read/update proportions=0.5 ===
Arrangement completed. Output saved to ../analysis/Data/Workload_data/postgresql_arrayjson_vacuum_notfull_run3_uniform_heavy_mixed.csv
=== Setting parameter values for extend phase ===
=== Executing the extend phase with extendproportion=1 and other proportions=0 ===
Arrangement completed. Output saved to ../analysis/Data/Workload_data/postgresql_arrayjson_vacuum_notfull_run3_uniform_heavy_mixed.csv
Size computation started
Extend verification - Min:90100 Max:102600 Avg:100264 (Expected avg per record: ~1000 bytes initially)
Generating histogram from key size log: key_sizes_postgresql_arrayjson_vacuum_notfull_uniform_heavy_mixed_run3.csv
Histogram written to histogram.txt (BlockSize = 100)
Appending subsequent iteration 82...
Iteration 82: Appended new size values from key_sizes_postgresql_arrayjson_vacuum_notfull_uniform_heavy_mixed_run3.csv to ../analysis/Data/Value_size_data/value_sizes_postgresql_arrayjson_vacuum_notfull_run3_uniform_heavy_before_mixed.csv
VACUUM start: 1774476615
VACUUM end: 1774476620
=== Setting parameter values for run phase ===
Checking query plan before run phase
=== Executing the run phase with extendproportion=0 and read/update proportions=0.5 ===
Arrangement completed. Output saved to ../analysis/Data/Workload_data/postgresql_arrayjson_vacuum_notfull_run3_uniform_heavy_mixed.csv
Arrangement completed. Output saved to ../analysis/Data/Workload_data/postgresql_arrayjson_vacuum_notfull_run3_uniform_heavy_mixed.csv
Backing up the database started
Backing up the database finished
Arrangement completed. Output saved to ../analysis/Data/Workload_data/postgresql_arrayjson_vacuum_notfull_run3_uniform_heavy_mixed.csv
Size computation started
Appending subsequent iteration 82...
Iteration 82: Appended new size values from key_sizes_postgresql_arrayjson_vacuum_notfull_uniform_heavy_mixed_run3.csv to ../analysis/Data/Value_size_data/value_sizes_postgresql_arrayjson_vacuum_notfull_run3_uniform_heavy_after_mixed.csv
Total size: 1006194700, Field length average: 10061
Workload file fieldlength set to: 10061 (expected: 10061)
=== Executing the load phase for the comparison study ===
Comparison-load verification - Epoch:9 Run:2 TotalSize:1006100000 ExpectedFieldLength:10061
Avg-run verification - Epoch:9 Run:2 Iteration:82 TotalSize:1006100000 ExpectedFieldLength:10061
=== Executing the run phase with extendproportion=0 and read/update proportions=0.5 ===
Arrangement completed. Output saved to ../analysis/Data/Workload_data/postgresql_arrayjson_vacuum_notfull_run3_uniform_heavy_mixed.csv
=== Setting parameter values for extend phase ===
=== Executing the extend phase with extendproportion=1 and other proportions=0 ===
Arrangement completed. Output saved to ../analysis/Data/Workload_data/postgresql_arrayjson_vacuum_notfull_run3_uniform_heavy_mixed.csv
Size computation started
Extend verification - Min:90900 Max:103700 Avg:101481 (Expected avg per record: ~1000 bytes initially)
Generating histogram from key size log: key_sizes_postgresql_arrayjson_vacuum_notfull_uniform_heavy_mixed_run3.csv
Histogram written to histogram.txt (BlockSize = 100)
Appending subsequent iteration 83...
Iteration 83: Appended new size values from key_sizes_postgresql_arrayjson_vacuum_notfull_uniform_heavy_mixed_run3.csv to ../analysis/Data/Value_size_data/value_sizes_postgresql_arrayjson_vacuum_notfull_run3_uniform_heavy_before_mixed.csv
VACUUM start: 1774477345
VACUUM end: 1774477347
=== Setting parameter values for run phase ===
Checking query plan before run phase
=== Executing the run phase with extendproportion=0 and read/update proportions=0.5 ===
Arrangement completed. Output saved to ../analysis/Data/Workload_data/postgresql_arrayjson_vacuum_notfull_run3_uniform_heavy_mixed.csv
Arrangement completed. Output saved to ../analysis/Data/Workload_data/postgresql_arrayjson_vacuum_notfull_run3_uniform_heavy_mixed.csv
Backing up the database started
Backing up the database finished
Arrangement completed. Output saved to ../analysis/Data/Workload_data/postgresql_arrayjson_vacuum_notfull_run3_uniform_heavy_mixed.csv
Size computation started
Appending subsequent iteration 83...
Iteration 83: Appended new size values from key_sizes_postgresql_arrayjson_vacuum_notfull_uniform_heavy_mixed_run3.csv to ../analysis/Data/Value_size_data/value_sizes_postgresql_arrayjson_vacuum_notfull_run3_uniform_heavy_after_mixed.csv
Total size: 1018252000, Field length average: 10182
Workload file fieldlength set to: 10182 (expected: 10182)
=== Executing the load phase for the comparison study ===
Comparison-load verification - Epoch:9 Run:3 TotalSize:1018200000 ExpectedFieldLength:10182
Avg-run verification - Epoch:9 Run:3 Iteration:83 TotalSize:1018200000 ExpectedFieldLength:10182
=== Executing the run phase with extendproportion=0 and read/update proportions=0.5 ===
Arrangement completed. Output saved to ../analysis/Data/Workload_data/postgresql_arrayjson_vacuum_notfull_run3_uniform_heavy_mixed.csv
=== Setting parameter values for extend phase ===
=== Executing the extend phase with extendproportion=1 and other proportions=0 ===
Arrangement completed. Output saved to ../analysis/Data/Workload_data/postgresql_arrayjson_vacuum_notfull_run3_uniform_heavy_mixed.csv
Size computation started
Extend verification - Min:91700 Max:104700 Avg:102691 (Expected avg per record: ~1000 bytes initially)
Generating histogram from key size log: key_sizes_postgresql_arrayjson_vacuum_notfull_uniform_heavy_mixed_run3.csv
Histogram written to histogram.txt (BlockSize = 100)
Appending subsequent iteration 84...
Iteration 84: Appended new size values from key_sizes_postgresql_arrayjson_vacuum_notfull_uniform_heavy_mixed_run3.csv to ../analysis/Data/Value_size_data/value_sizes_postgresql_arrayjson_vacuum_notfull_run3_uniform_heavy_before_mixed.csv
VACUUM start: 1774478073
VACUUM end: 1774478076
=== Setting parameter values for run phase ===
Checking query plan before run phase
=== Executing the run phase with extendproportion=0 and read/update proportions=0.5 ===
Arrangement completed. Output saved to ../analysis/Data/Workload_data/postgresql_arrayjson_vacuum_notfull_run3_uniform_heavy_mixed.csv
Arrangement completed. Output saved to ../analysis/Data/Workload_data/postgresql_arrayjson_vacuum_notfull_run3_uniform_heavy_mixed.csv
Backing up the database started
Backing up the database finished
Arrangement completed. Output saved to ../analysis/Data/Workload_data/postgresql_arrayjson_vacuum_notfull_run3_uniform_heavy_mixed.csv
Size computation started
Appending subsequent iteration 84...
Iteration 84: Appended new size values from key_sizes_postgresql_arrayjson_vacuum_notfull_uniform_heavy_mixed_run3.csv to ../analysis/Data/Value_size_data/value_sizes_postgresql_arrayjson_vacuum_notfull_run3_uniform_heavy_after_mixed.csv
Total size: 1030238900, Field length average: 10302
Workload file fieldlength set to: 10302 (expected: 10302)
=== Executing the load phase for the comparison study ===
Comparison-load verification - Epoch:9 Run:4 TotalSize:1030200000 ExpectedFieldLength:10302
Avg-run verification - Epoch:9 Run:4 Iteration:84 TotalSize:1030200000 ExpectedFieldLength:10302
=== Executing the run phase with extendproportion=0 and read/update proportions=0.5 ===
Arrangement completed. Output saved to ../analysis/Data/Workload_data/postgresql_arrayjson_vacuum_notfull_run3_uniform_heavy_mixed.csv
=== Setting parameter values for extend phase ===
=== Executing the extend phase with extendproportion=1 and other proportions=0 ===
Arrangement completed. Output saved to ../analysis/Data/Workload_data/postgresql_arrayjson_vacuum_notfull_run3_uniform_heavy_mixed.csv
Size computation started
Extend verification - Min:92400 Max:106400 Avg:103896 (Expected avg per record: ~1000 bytes initially)
Generating histogram from key size log: key_sizes_postgresql_arrayjson_vacuum_notfull_uniform_heavy_mixed_run3.csv
Histogram written to histogram.txt (BlockSize = 100)
Appending subsequent iteration 85...
Iteration 85: Appended new size values from key_sizes_postgresql_arrayjson_vacuum_notfull_uniform_heavy_mixed_run3.csv to ../analysis/Data/Value_size_data/value_sizes_postgresql_arrayjson_vacuum_notfull_run3_uniform_heavy_before_mixed.csv
VACUUM start: 1774478792
VACUUM end: 1774478794
=== Setting parameter values for run phase ===
Checking query plan before run phase
=== Executing the run phase with extendproportion=0 and read/update proportions=0.5 ===
Arrangement completed. Output saved to ../analysis/Data/Workload_data/postgresql_arrayjson_vacuum_notfull_run3_uniform_heavy_mixed.csv
Arrangement completed. Output saved to ../analysis/Data/Workload_data/postgresql_arrayjson_vacuum_notfull_run3_uniform_heavy_mixed.csv
Backing up the database started
Backing up the database finished
Arrangement completed. Output saved to ../analysis/Data/Workload_data/postgresql_arrayjson_vacuum_notfull_run3_uniform_heavy_mixed.csv
Size computation started
Appending subsequent iteration 85...
Iteration 85: Appended new size values from key_sizes_postgresql_arrayjson_vacuum_notfull_uniform_heavy_mixed_run3.csv to ../analysis/Data/Value_size_data/value_sizes_postgresql_arrayjson_vacuum_notfull_run3_uniform_heavy_after_mixed.csv
Total size: 1042362600, Field length average: 10423
Workload file fieldlength set to: 10423 (expected: 10423)
=== Executing the load phase for the comparison study ===
Comparison-load verification - Epoch:9 Run:5 TotalSize:1042300000 ExpectedFieldLength:10423
Avg-run verification - Epoch:9 Run:5 Iteration:85 TotalSize:1042300000 ExpectedFieldLength:10423
=== Executing the run phase with extendproportion=0 and read/update proportions=0.5 ===
Arrangement completed. Output saved to ../analysis/Data/Workload_data/postgresql_arrayjson_vacuum_notfull_run3_uniform_heavy_mixed.csv
=== Setting parameter values for extend phase ===
=== Executing the extend phase with extendproportion=1 and other proportions=0 ===
Arrangement completed. Output saved to ../analysis/Data/Workload_data/postgresql_arrayjson_vacuum_notfull_run3_uniform_heavy_mixed.csv
Size computation started
Extend verification - Min:93500 Max:107700 Avg:105108 (Expected avg per record: ~1000 bytes initially)
Generating histogram from key size log: key_sizes_postgresql_arrayjson_vacuum_notfull_uniform_heavy_mixed_run3.csv
Histogram written to histogram.txt (BlockSize = 100)
Appending subsequent iteration 86...
Iteration 86: Appended new size values from key_sizes_postgresql_arrayjson_vacuum_notfull_uniform_heavy_mixed_run3.csv to ../analysis/Data/Value_size_data/value_sizes_postgresql_arrayjson_vacuum_notfull_run3_uniform_heavy_before_mixed.csv
VACUUM start: 1774479512
VACUUM end: 1774479517
=== Setting parameter values for run phase ===
Checking query plan before run phase
=== Executing the run phase with extendproportion=0 and read/update proportions=0.5 ===
Arrangement completed. Output saved to ../analysis/Data/Workload_data/postgresql_arrayjson_vacuum_notfull_run3_uniform_heavy_mixed.csv
Arrangement completed. Output saved to ../analysis/Data/Workload_data/postgresql_arrayjson_vacuum_notfull_run3_uniform_heavy_mixed.csv
Backing up the database started
Backing up the database finished
Arrangement completed. Output saved to ../analysis/Data/Workload_data/postgresql_arrayjson_vacuum_notfull_run3_uniform_heavy_mixed.csv
Size computation started
Appending subsequent iteration 86...
Iteration 86: Appended new size values from key_sizes_postgresql_arrayjson_vacuum_notfull_uniform_heavy_mixed_run3.csv to ../analysis/Data/Value_size_data/value_sizes_postgresql_arrayjson_vacuum_notfull_run3_uniform_heavy_after_mixed.csv
Total size: 1054410900, Field length average: 10544
Workload file fieldlength set to: 10544 (expected: 10544)
=== Executing the load phase for the comparison study ===
Comparison-load verification - Epoch:9 Run:6 TotalSize:1054400000 ExpectedFieldLength:10544
Avg-run verification - Epoch:9 Run:6 Iteration:86 TotalSize:1054400000 ExpectedFieldLength:10544
=== Executing the run phase with extendproportion=0 and read/update proportions=0.5 ===
Arrangement completed. Output saved to ../analysis/Data/Workload_data/postgresql_arrayjson_vacuum_notfull_run3_uniform_heavy_mixed.csv
=== Setting parameter values for extend phase ===
=== Executing the extend phase with extendproportion=1 and other proportions=0 ===
Arrangement completed. Output saved to ../analysis/Data/Workload_data/postgresql_arrayjson_vacuum_notfull_run3_uniform_heavy_mixed.csv
Size computation started
Extend verification - Min:95300 Max:108800 Avg:106318 (Expected avg per record: ~1000 bytes initially)
Generating histogram from key size log: key_sizes_postgresql_arrayjson_vacuum_notfull_uniform_heavy_mixed_run3.csv
Histogram written to histogram.txt (BlockSize = 100)
Appending subsequent iteration 87...
Iteration 87: Appended new size values from key_sizes_postgresql_arrayjson_vacuum_notfull_uniform_heavy_mixed_run3.csv to ../analysis/Data/Value_size_data/value_sizes_postgresql_arrayjson_vacuum_notfull_run3_uniform_heavy_before_mixed.csv
VACUUM start: 1774480237
VACUUM end: 1774480242
=== Setting parameter values for run phase ===
Checking query plan before run phase
=== Executing the run phase with extendproportion=0 and read/update proportions=0.5 ===
Arrangement completed. Output saved to ../analysis/Data/Workload_data/postgresql_arrayjson_vacuum_notfull_run3_uniform_heavy_mixed.csv
Arrangement completed. Output saved to ../analysis/Data/Workload_data/postgresql_arrayjson_vacuum_notfull_run3_uniform_heavy_mixed.csv
Backing up the database started
Backing up the database finished
Arrangement completed. Output saved to ../analysis/Data/Workload_data/postgresql_arrayjson_vacuum_notfull_run3_uniform_heavy_mixed.csv
Size computation started
Appending subsequent iteration 87...
Iteration 87: Appended new size values from key_sizes_postgresql_arrayjson_vacuum_notfull_uniform_heavy_mixed_run3.csv to ../analysis/Data/Value_size_data/value_sizes_postgresql_arrayjson_vacuum_notfull_run3_uniform_heavy_after_mixed.csv
Total size: 1066545800, Field length average: 10665
Workload file fieldlength set to: 10665 (expected: 10665)
=== Executing the load phase for the comparison study ===
Comparison-load verification - Epoch:9 Run:7 TotalSize:1066500000 ExpectedFieldLength:10665
Avg-run verification - Epoch:9 Run:7 Iteration:87 TotalSize:1066500000 ExpectedFieldLength:10665
=== Executing the run phase with extendproportion=0 and read/update proportions=0.5 ===
Arrangement completed. Output saved to ../analysis/Data/Workload_data/postgresql_arrayjson_vacuum_notfull_run3_uniform_heavy_mixed.csv
=== Setting parameter values for extend phase ===
=== Executing the extend phase with extendproportion=1 and other proportions=0 ===
Arrangement completed. Output saved to ../analysis/Data/Workload_data/postgresql_arrayjson_vacuum_notfull_run3_uniform_heavy_mixed.csv
Size computation started
Extend verification - Min:96600 Max:109800 Avg:107529 (Expected avg per record: ~1000 bytes initially)
Generating histogram from key size log: key_sizes_postgresql_arrayjson_vacuum_notfull_uniform_heavy_mixed_run3.csv
Histogram written to histogram.txt (BlockSize = 100)
Appending subsequent iteration 88...
Iteration 88: Appended new size values from key_sizes_postgresql_arrayjson_vacuum_notfull_uniform_heavy_mixed_run3.csv to ../analysis/Data/Value_size_data/value_sizes_postgresql_arrayjson_vacuum_notfull_run3_uniform_heavy_before_mixed.csv
VACUUM start: 1774480974
VACUUM end: 1774480978
=== Setting parameter values for run phase ===
Checking query plan before run phase
=== Executing the run phase with extendproportion=0 and read/update proportions=0.5 ===
Arrangement completed. Output saved to ../analysis/Data/Workload_data/postgresql_arrayjson_vacuum_notfull_run3_uniform_heavy_mixed.csv
Arrangement completed. Output saved to ../analysis/Data/Workload_data/postgresql_arrayjson_vacuum_notfull_run3_uniform_heavy_mixed.csv
Backing up the database started
Backing up the database finished
Arrangement completed. Output saved to ../analysis/Data/Workload_data/postgresql_arrayjson_vacuum_notfull_run3_uniform_heavy_mixed.csv
Size computation started
Appending subsequent iteration 88...
Iteration 88: Appended new size values from key_sizes_postgresql_arrayjson_vacuum_notfull_uniform_heavy_mixed_run3.csv to ../analysis/Data/Value_size_data/value_sizes_postgresql_arrayjson_vacuum_notfull_run3_uniform_heavy_after_mixed.csv
Total size: 1078673400, Field length average: 10786
Workload file fieldlength set to: 10786 (expected: 10786)
=== Executing the load phase for the comparison study ===
Comparison-load verification - Epoch:9 Run:8 TotalSize:1078600000 ExpectedFieldLength:10786
Avg-run verification - Epoch:9 Run:8 Iteration:88 TotalSize:1078600000 ExpectedFieldLength:10786
=== Executing the run phase with extendproportion=0 and read/update proportions=0.5 ===
Arrangement completed. Output saved to ../analysis/Data/Workload_data/postgresql_arrayjson_vacuum_notfull_run3_uniform_heavy_mixed.csv
=== Setting parameter values for extend phase ===
=== Executing the extend phase with extendproportion=1 and other proportions=0 ===
Arrangement completed. Output saved to ../analysis/Data/Workload_data/postgresql_arrayjson_vacuum_notfull_run3_uniform_heavy_mixed.csv
Size computation started
Extend verification - Min:97100 Max:111000 Avg:108742 (Expected avg per record: ~1000 bytes initially)
Generating histogram from key size log: key_sizes_postgresql_arrayjson_vacuum_notfull_uniform_heavy_mixed_run3.csv
Histogram written to histogram.txt (BlockSize = 100)
Appending subsequent iteration 89...
Iteration 89: Appended new size values from key_sizes_postgresql_arrayjson_vacuum_notfull_uniform_heavy_mixed_run3.csv to ../analysis/Data/Value_size_data/value_sizes_postgresql_arrayjson_vacuum_notfull_run3_uniform_heavy_before_mixed.csv
VACUUM start: 1774481706
VACUUM end: 1774481707
=== Setting parameter values for run phase ===
Checking query plan before run phase
=== Executing the run phase with extendproportion=0 and read/update proportions=0.5 ===
Arrangement completed. Output saved to ../analysis/Data/Workload_data/postgresql_arrayjson_vacuum_notfull_run3_uniform_heavy_mixed.csv
Arrangement completed. Output saved to ../analysis/Data/Workload_data/postgresql_arrayjson_vacuum_notfull_run3_uniform_heavy_mixed.csv
Backing up the database started
Backing up the database finished
Arrangement completed. Output saved to ../analysis/Data/Workload_data/postgresql_arrayjson_vacuum_notfull_run3_uniform_heavy_mixed.csv
Size computation started
Appending subsequent iteration 89...
Iteration 89: Appended new size values from key_sizes_postgresql_arrayjson_vacuum_notfull_uniform_heavy_mixed_run3.csv to ../analysis/Data/Value_size_data/value_sizes_postgresql_arrayjson_vacuum_notfull_run3_uniform_heavy_after_mixed.csv
Total size: 1090803800, Field length average: 10908
Workload file fieldlength set to: 10908 (expected: 10908)
=== Executing the load phase for the comparison study ===
Comparison-load verification - Epoch:9 Run:9 TotalSize:1090800000 ExpectedFieldLength:10908
Avg-run verification - Epoch:9 Run:9 Iteration:89 TotalSize:1090800000 ExpectedFieldLength:10908
=== Executing the run phase with extendproportion=0 and read/update proportions=0.5 ===
Arrangement completed. Output saved to ../analysis/Data/Workload_data/postgresql_arrayjson_vacuum_notfull_run3_uniform_heavy_mixed.csv
=== Setting parameter values for extend phase ===
=== Executing the extend phase with extendproportion=1 and other proportions=0 ===
Arrangement completed. Output saved to ../analysis/Data/Workload_data/postgresql_arrayjson_vacuum_notfull_run3_uniform_heavy_mixed.csv
Size computation started
Extend verification - Min:98400 Max:112400 Avg:109950 (Expected avg per record: ~1000 bytes initially)
Generating histogram from key size log: key_sizes_postgresql_arrayjson_vacuum_notfull_uniform_heavy_mixed_run3.csv
Histogram written to histogram.txt (BlockSize = 100)
Appending subsequent iteration 90...
Iteration 90: Appended new size values from key_sizes_postgresql_arrayjson_vacuum_notfull_uniform_heavy_mixed_run3.csv to ../analysis/Data/Value_size_data/value_sizes_postgresql_arrayjson_vacuum_notfull_run3_uniform_heavy_before_mixed.csv
VACUUM start: 1774482440
VACUUM end: 1774482444
=== Setting parameter values for run phase ===
Checking query plan before run phase
=== Executing the run phase with extendproportion=0 and read/update proportions=0.5 ===
Arrangement completed. Output saved to ../analysis/Data/Workload_data/postgresql_arrayjson_vacuum_notfull_run3_uniform_heavy_mixed.csv
Arrangement completed. Output saved to ../analysis/Data/Workload_data/postgresql_arrayjson_vacuum_notfull_run3_uniform_heavy_mixed.csv
Backing up the database started
Backing up the database finished
Arrangement completed. Output saved to ../analysis/Data/Workload_data/postgresql_arrayjson_vacuum_notfull_run3_uniform_heavy_mixed.csv
Size computation started
Appending subsequent iteration 90...
Iteration 90: Appended new size values from key_sizes_postgresql_arrayjson_vacuum_notfull_uniform_heavy_mixed_run3.csv to ../analysis/Data/Value_size_data/value_sizes_postgresql_arrayjson_vacuum_notfull_run3_uniform_heavy_after_mixed.csv
Total size: 1102948300, Field length average: 11029
Workload file fieldlength set to: 11029 (expected: 11029)
=== Executing the load phase for the comparison study ===
Comparison-load verification - Epoch:9 Run:10 TotalSize:1102900000 ExpectedFieldLength:11029
Avg-run verification - Epoch:9 Run:10 Iteration:90 TotalSize:1102900000 ExpectedFieldLength:11029
=== Executing the run phase with extendproportion=0 and read/update proportions=0.5 ===
Arrangement completed. Output saved to ../analysis/Data/Workload_data/postgresql_arrayjson_vacuum_notfull_run3_uniform_heavy_mixed.csv
=== Setting parameter values for extend phase ===
=== Executing the extend phase with extendproportion=1 and other proportions=0 ===
Arrangement completed. Output saved to ../analysis/Data/Workload_data/postgresql_arrayjson_vacuum_notfull_run3_uniform_heavy_mixed.csv
Size computation started
Extend verification - Min:99400 Max:113500 Avg:111166 (Expected avg per record: ~1000 bytes initially)
Generating histogram from key size log: key_sizes_postgresql_arrayjson_vacuum_notfull_uniform_heavy_mixed_run3.csv
Histogram written to histogram.txt (BlockSize = 100)
Appending subsequent iteration 91...
Iteration 91: Appended new size values from key_sizes_postgresql_arrayjson_vacuum_notfull_uniform_heavy_mixed_run3.csv to ../analysis/Data/Value_size_data/value_sizes_postgresql_arrayjson_vacuum_notfull_run3_uniform_heavy_before_mixed.csv
VACUUM start: 1774483176
VACUUM end: 1774483180
=== Setting parameter values for run phase ===
Checking query plan before run phase
=== Executing the run phase with extendproportion=0 and read/update proportions=0.5 ===
Arrangement completed. Output saved to ../analysis/Data/Workload_data/postgresql_arrayjson_vacuum_notfull_run3_uniform_heavy_mixed.csv
Arrangement completed. Output saved to ../analysis/Data/Workload_data/postgresql_arrayjson_vacuum_notfull_run3_uniform_heavy_mixed.csv
Backing up the database started
Backing up the database finished
Arrangement completed. Output saved to ../analysis/Data/Workload_data/postgresql_arrayjson_vacuum_notfull_run3_uniform_heavy_mixed.csv
Size computation started
Appending subsequent iteration 91...
Iteration 91: Appended new size values from key_sizes_postgresql_arrayjson_vacuum_notfull_uniform_heavy_mixed_run3.csv to ../analysis/Data/Value_size_data/value_sizes_postgresql_arrayjson_vacuum_notfull_run3_uniform_heavy_after_mixed.csv
Total size: 1114994800, Field length average: 11149
Workload file fieldlength set to: 11149 (expected: 11149)
=== Executing the load phase for the comparison study ===
Comparison-load verification - Epoch:10 Run:1 TotalSize:1114900000 ExpectedFieldLength:11149
Avg-run verification - Epoch:10 Run:1 Iteration:91 TotalSize:1114900000 ExpectedFieldLength:11149
=== Executing the run phase with extendproportion=0 and read/update proportions=0.5 ===
Arrangement completed. Output saved to ../analysis/Data/Workload_data/postgresql_arrayjson_vacuum_notfull_run3_uniform_heavy_mixed.csv
=== Setting parameter values for extend phase ===
=== Executing the extend phase with extendproportion=1 and other proportions=0 ===
Arrangement completed. Output saved to ../analysis/Data/Workload_data/postgresql_arrayjson_vacuum_notfull_run3_uniform_heavy_mixed.csv
Size computation started
Extend verification - Min:100500 Max:114700 Avg:112378 (Expected avg per record: ~1000 bytes initially)
Generating histogram from key size log: key_sizes_postgresql_arrayjson_vacuum_notfull_uniform_heavy_mixed_run3.csv
Histogram written to histogram.txt (BlockSize = 100)
Appending subsequent iteration 92...
Iteration 92: Appended new size values from key_sizes_postgresql_arrayjson_vacuum_notfull_uniform_heavy_mixed_run3.csv to ../analysis/Data/Value_size_data/value_sizes_postgresql_arrayjson_vacuum_notfull_run3_uniform_heavy_before_mixed.csv
VACUUM start: 1774483918
VACUUM end: 1774483922
=== Setting parameter values for run phase ===
Checking query plan before run phase
=== Executing the run phase with extendproportion=0 and read/update proportions=0.5 ===
Arrangement completed. Output saved to ../analysis/Data/Workload_data/postgresql_arrayjson_vacuum_notfull_run3_uniform_heavy_mixed.csv
Arrangement completed. Output saved to ../analysis/Data/Workload_data/postgresql_arrayjson_vacuum_notfull_run3_uniform_heavy_mixed.csv
Backing up the database started
Backing up the database finished
Arrangement completed. Output saved to ../analysis/Data/Workload_data/postgresql_arrayjson_vacuum_notfull_run3_uniform_heavy_mixed.csv
Size computation started
Appending subsequent iteration 92...
Iteration 92: Appended new size values from key_sizes_postgresql_arrayjson_vacuum_notfull_uniform_heavy_mixed_run3.csv to ../analysis/Data/Value_size_data/value_sizes_postgresql_arrayjson_vacuum_notfull_run3_uniform_heavy_after_mixed.csv
Total size: 1127183500, Field length average: 11271
Workload file fieldlength set to: 11271 (expected: 11271)
=== Executing the load phase for the comparison study ===
Comparison-load verification - Epoch:10 Run:2 TotalSize:1127100000 ExpectedFieldLength:11271
Avg-run verification - Epoch:10 Run:2 Iteration:92 TotalSize:1127100000 ExpectedFieldLength:11271
=== Executing the run phase with extendproportion=0 and read/update proportions=0.5 ===
Arrangement completed. Output saved to ../analysis/Data/Workload_data/postgresql_arrayjson_vacuum_notfull_run3_uniform_heavy_mixed.csv
=== Setting parameter values for extend phase ===
=== Executing the extend phase with extendproportion=1 and other proportions=0 ===
Arrangement completed. Output saved to ../analysis/Data/Workload_data/postgresql_arrayjson_vacuum_notfull_run3_uniform_heavy_mixed.csv
Size computation started
Extend verification - Min:101700 Max:116300 Avg:113588 (Expected avg per record: ~1000 bytes initially)
Generating histogram from key size log: key_sizes_postgresql_arrayjson_vacuum_notfull_uniform_heavy_mixed_run3.csv
Histogram written to histogram.txt (BlockSize = 100)
Appending subsequent iteration 93...
Iteration 93: Appended new size values from key_sizes_postgresql_arrayjson_vacuum_notfull_uniform_heavy_mixed_run3.csv to ../analysis/Data/Value_size_data/value_sizes_postgresql_arrayjson_vacuum_notfull_run3_uniform_heavy_before_mixed.csv
VACUUM start: 1774484663
VACUUM end: 1774484665
=== Setting parameter values for run phase ===
Checking query plan before run phase
=== Executing the run phase with extendproportion=0 and read/update proportions=0.5 ===
Arrangement completed. Output saved to ../analysis/Data/Workload_data/postgresql_arrayjson_vacuum_notfull_run3_uniform_heavy_mixed.csv
Arrangement completed. Output saved to ../analysis/Data/Workload_data/postgresql_arrayjson_vacuum_notfull_run3_uniform_heavy_mixed.csv
Backing up the database started
Backing up the database finished
Arrangement completed. Output saved to ../analysis/Data/Workload_data/postgresql_arrayjson_vacuum_notfull_run3_uniform_heavy_mixed.csv
Size computation started
Appending subsequent iteration 93...
Iteration 93: Appended new size values from key_sizes_postgresql_arrayjson_vacuum_notfull_uniform_heavy_mixed_run3.csv to ../analysis/Data/Value_size_data/value_sizes_postgresql_arrayjson_vacuum_notfull_run3_uniform_heavy_after_mixed.csv
Total size: 1139278200, Field length average: 11392
Workload file fieldlength set to: 11392 (expected: 11392)
=== Executing the load phase for the comparison study ===
Comparison-load verification - Epoch:10 Run:3 TotalSize:1139200000 ExpectedFieldLength:11392
Avg-run verification - Epoch:10 Run:3 Iteration:93 TotalSize:1139200000 ExpectedFieldLength:11392
=== Executing the run phase with extendproportion=0 and read/update proportions=0.5 ===
Arrangement completed. Output saved to ../analysis/Data/Workload_data/postgresql_arrayjson_vacuum_notfull_run3_uniform_heavy_mixed.csv
=== Setting parameter values for extend phase ===
=== Executing the extend phase with extendproportion=1 and other proportions=0 ===
Arrangement completed. Output saved to ../analysis/Data/Workload_data/postgresql_arrayjson_vacuum_notfull_run3_uniform_heavy_mixed.csv
Size computation started
Extend verification - Min:102600 Max:117000 Avg:114796 (Expected avg per record: ~1000 bytes initially)
Generating histogram from key size log: key_sizes_postgresql_arrayjson_vacuum_notfull_uniform_heavy_mixed_run3.csv
Histogram written to histogram.txt (BlockSize = 100)
Appending subsequent iteration 94...
Iteration 94: Appended new size values from key_sizes_postgresql_arrayjson_vacuum_notfull_uniform_heavy_mixed_run3.csv to ../analysis/Data/Value_size_data/value_sizes_postgresql_arrayjson_vacuum_notfull_run3_uniform_heavy_before_mixed.csv
VACUUM start: 1774485399
VACUUM end: 1774485403
=== Setting parameter values for run phase ===
Checking query plan before run phase
=== Executing the run phase with extendproportion=0 and read/update proportions=0.5 ===
Arrangement completed. Output saved to ../analysis/Data/Workload_data/postgresql_arrayjson_vacuum_notfull_run3_uniform_heavy_mixed.csv
Arrangement completed. Output saved to ../analysis/Data/Workload_data/postgresql_arrayjson_vacuum_notfull_run3_uniform_heavy_mixed.csv
Backing up the database started
Backing up the database finished
Arrangement completed. Output saved to ../analysis/Data/Workload_data/postgresql_arrayjson_vacuum_notfull_run3_uniform_heavy_mixed.csv
Size computation started
Appending subsequent iteration 94...
Iteration 94: Appended new size values from key_sizes_postgresql_arrayjson_vacuum_notfull_uniform_heavy_mixed_run3.csv to ../analysis/Data/Value_size_data/value_sizes_postgresql_arrayjson_vacuum_notfull_run3_uniform_heavy_after_mixed.csv
Total size: 1151392500, Field length average: 11513
Workload file fieldlength set to: 11513 (expected: 11513)
=== Executing the load phase for the comparison study ===
Comparison-load verification - Epoch:10 Run:4 TotalSize:1151300000 ExpectedFieldLength:11513
Avg-run verification - Epoch:10 Run:4 Iteration:94 TotalSize:1151300000 ExpectedFieldLength:11513
=== Executing the run phase with extendproportion=0 and read/update proportions=0.5 ===
Arrangement completed. Output saved to ../analysis/Data/Workload_data/postgresql_arrayjson_vacuum_notfull_run3_uniform_heavy_mixed.csv
=== Setting parameter values for extend phase ===
=== Executing the extend phase with extendproportion=1 and other proportions=0 ===
Arrangement completed. Output saved to ../analysis/Data/Workload_data/postgresql_arrayjson_vacuum_notfull_run3_uniform_heavy_mixed.csv
Size computation started
Extend verification - Min:103800 Max:118200 Avg:116008 (Expected avg per record: ~1000 bytes initially)
Generating histogram from key size log: key_sizes_postgresql_arrayjson_vacuum_notfull_uniform_heavy_mixed_run3.csv
Histogram written to histogram.txt (BlockSize = 100)
Appending subsequent iteration 95...
Iteration 95: Appended new size values from key_sizes_postgresql_arrayjson_vacuum_notfull_uniform_heavy_mixed_run3.csv to ../analysis/Data/Value_size_data/value_sizes_postgresql_arrayjson_vacuum_notfull_run3_uniform_heavy_before_mixed.csv
VACUUM start: 1774486145
VACUUM end: 1774486149
=== Setting parameter values for run phase ===
Checking query plan before run phase
=== Executing the run phase with extendproportion=0 and read/update proportions=0.5 ===
Arrangement completed. Output saved to ../analysis/Data/Workload_data/postgresql_arrayjson_vacuum_notfull_run3_uniform_heavy_mixed.csv
Arrangement completed. Output saved to ../analysis/Data/Workload_data/postgresql_arrayjson_vacuum_notfull_run3_uniform_heavy_mixed.csv
Backing up the database started
Backing up the database finished
Arrangement completed. Output saved to ../analysis/Data/Workload_data/postgresql_arrayjson_vacuum_notfull_run3_uniform_heavy_mixed.csv
Size computation started
Appending subsequent iteration 95...
Iteration 95: Appended new size values from key_sizes_postgresql_arrayjson_vacuum_notfull_uniform_heavy_mixed_run3.csv to ../analysis/Data/Value_size_data/value_sizes_postgresql_arrayjson_vacuum_notfull_run3_uniform_heavy_after_mixed.csv
Total size: 1163452500, Field length average: 11634
Workload file fieldlength set to: 11634 (expected: 11634)
=== Executing the load phase for the comparison study ===
Comparison-load verification - Epoch:10 Run:5 TotalSize:1163400000 ExpectedFieldLength:11634
Avg-run verification - Epoch:10 Run:5 Iteration:95 TotalSize:1163400000 ExpectedFieldLength:11634
=== Executing the run phase with extendproportion=0 and read/update proportions=0.5 ===
Arrangement completed. Output saved to ../analysis/Data/Workload_data/postgresql_arrayjson_vacuum_notfull_run3_uniform_heavy_mixed.csv
=== Setting parameter values for extend phase ===
=== Executing the extend phase with extendproportion=1 and other proportions=0 ===
Arrangement completed. Output saved to ../analysis/Data/Workload_data/postgresql_arrayjson_vacuum_notfull_run3_uniform_heavy_mixed.csv
Size computation started
Extend verification - Min:105200 Max:119400 Avg:117219 (Expected avg per record: ~1000 bytes initially)
Generating histogram from key size log: key_sizes_postgresql_arrayjson_vacuum_notfull_uniform_heavy_mixed_run3.csv
Histogram written to histogram.txt (BlockSize = 100)
Appending subsequent iteration 96...
Iteration 96: Appended new size values from key_sizes_postgresql_arrayjson_vacuum_notfull_uniform_heavy_mixed_run3.csv to ../analysis/Data/Value_size_data/value_sizes_postgresql_arrayjson_vacuum_notfull_run3_uniform_heavy_before_mixed.csv
VACUUM start: 1774486899
VACUUM end: 1774486900
=== Setting parameter values for run phase ===
Checking query plan before run phase
=== Executing the run phase with extendproportion=0 and read/update proportions=0.5 ===
Arrangement completed. Output saved to ../analysis/Data/Workload_data/postgresql_arrayjson_vacuum_notfull_run3_uniform_heavy_mixed.csv
Arrangement completed. Output saved to ../analysis/Data/Workload_data/postgresql_arrayjson_vacuum_notfull_run3_uniform_heavy_mixed.csv
Backing up the database started
Backing up the database finished
Arrangement completed. Output saved to ../analysis/Data/Workload_data/postgresql_arrayjson_vacuum_notfull_run3_uniform_heavy_mixed.csv
Size computation started
Appending subsequent iteration 96...
Iteration 96: Appended new size values from key_sizes_postgresql_arrayjson_vacuum_notfull_uniform_heavy_mixed_run3.csv to ../analysis/Data/Value_size_data/value_sizes_postgresql_arrayjson_vacuum_notfull_run3_uniform_heavy_after_mixed.csv
Total size: 1175528400, Field length average: 11755
Workload file fieldlength set to: 11755 (expected: 11755)
=== Executing the load phase for the comparison study ===
Comparison-load verification - Epoch:10 Run:6 TotalSize:1175500000 ExpectedFieldLength:11755
Avg-run verification - Epoch:10 Run:6 Iteration:96 TotalSize:1175500000 ExpectedFieldLength:11755
=== Executing the run phase with extendproportion=0 and read/update proportions=0.5 ===
Arrangement completed. Output saved to ../analysis/Data/Workload_data/postgresql_arrayjson_vacuum_notfull_run3_uniform_heavy_mixed.csv
=== Setting parameter values for extend phase ===
=== Executing the extend phase with extendproportion=1 and other proportions=0 ===
Arrangement completed. Output saved to ../analysis/Data/Workload_data/postgresql_arrayjson_vacuum_notfull_run3_uniform_heavy_mixed.csv
Size computation started
Extend verification - Min:106100 Max:120600 Avg:118425 (Expected avg per record: ~1000 bytes initially)
Generating histogram from key size log: key_sizes_postgresql_arrayjson_vacuum_notfull_uniform_heavy_mixed_run3.csv
Histogram written to histogram.txt (BlockSize = 100)
Appending subsequent iteration 97...
Iteration 97: Appended new size values from key_sizes_postgresql_arrayjson_vacuum_notfull_uniform_heavy_mixed_run3.csv to ../analysis/Data/Value_size_data/value_sizes_postgresql_arrayjson_vacuum_notfull_run3_uniform_heavy_before_mixed.csv
VACUUM start: 1774487656
VACUUM end: 1774487659
=== Setting parameter values for run phase ===
Checking query plan before run phase
=== Executing the run phase with extendproportion=0 and read/update proportions=0.5 ===
Arrangement completed. Output saved to ../analysis/Data/Workload_data/postgresql_arrayjson_vacuum_notfull_run3_uniform_heavy_mixed.csv
Arrangement completed. Output saved to ../analysis/Data/Workload_data/postgresql_arrayjson_vacuum_notfull_run3_uniform_heavy_mixed.csv
Backing up the database started
Backing up the database finished
Arrangement completed. Output saved to ../analysis/Data/Workload_data/postgresql_arrayjson_vacuum_notfull_run3_uniform_heavy_mixed.csv
Size computation started
Appending subsequent iteration 97...
Iteration 97: Appended new size values from key_sizes_postgresql_arrayjson_vacuum_notfull_uniform_heavy_mixed_run3.csv to ../analysis/Data/Value_size_data/value_sizes_postgresql_arrayjson_vacuum_notfull_run3_uniform_heavy_after_mixed.csv
Total size: 1187622300, Field length average: 11876
Workload file fieldlength set to: 11876 (expected: 11876)
=== Executing the load phase for the comparison study ===
Comparison-load verification - Epoch:10 Run:7 TotalSize:1187600000 ExpectedFieldLength:11876
Avg-run verification - Epoch:10 Run:7 Iteration:97 TotalSize:1187600000 ExpectedFieldLength:11876
=== Executing the run phase with extendproportion=0 and read/update proportions=0.5 ===
Arrangement completed. Output saved to ../analysis/Data/Workload_data/postgresql_arrayjson_vacuum_notfull_run3_uniform_heavy_mixed.csv
=== Setting parameter values for extend phase ===
=== Executing the extend phase with extendproportion=1 and other proportions=0 ===
Arrangement completed. Output saved to ../analysis/Data/Workload_data/postgresql_arrayjson_vacuum_notfull_run3_uniform_heavy_mixed.csv
Size computation started
Extend verification - Min:107300 Max:121700 Avg:119643 (Expected avg per record: ~1000 bytes initially)
Generating histogram from key size log: key_sizes_postgresql_arrayjson_vacuum_notfull_uniform_heavy_mixed_run3.csv
Histogram written to histogram.txt (BlockSize = 100)
Appending subsequent iteration 98...
Iteration 98: Appended new size values from key_sizes_postgresql_arrayjson_vacuum_notfull_uniform_heavy_mixed_run3.csv to ../analysis/Data/Value_size_data/value_sizes_postgresql_arrayjson_vacuum_notfull_run3_uniform_heavy_before_mixed.csv
VACUUM start: 1774488427
VACUUM end: 1774488432
=== Setting parameter values for run phase ===
Checking query plan before run phase
=== Executing the run phase with extendproportion=0 and read/update proportions=0.5 ===
Arrangement completed. Output saved to ../analysis/Data/Workload_data/postgresql_arrayjson_vacuum_notfull_run3_uniform_heavy_mixed.csv
Arrangement completed. Output saved to ../analysis/Data/Workload_data/postgresql_arrayjson_vacuum_notfull_run3_uniform_heavy_mixed.csv
Backing up the database started
Backing up the database finished
Arrangement completed. Output saved to ../analysis/Data/Workload_data/postgresql_arrayjson_vacuum_notfull_run3_uniform_heavy_mixed.csv
Size computation started
Appending subsequent iteration 98...
Iteration 98: Appended new size values from key_sizes_postgresql_arrayjson_vacuum_notfull_uniform_heavy_mixed_run3.csv to ../analysis/Data/Value_size_data/value_sizes_postgresql_arrayjson_vacuum_notfull_run3_uniform_heavy_after_mixed.csv
Total size: 1199812600, Field length average: 11998
Workload file fieldlength set to: 11998 (expected: 11998)
=== Executing the load phase for the comparison study ===
Comparison-load verification - Epoch:10 Run:8 TotalSize:1199800000 ExpectedFieldLength:11998
Avg-run verification - Epoch:10 Run:8 Iteration:98 TotalSize:1199800000 ExpectedFieldLength:11998
=== Executing the run phase with extendproportion=0 and read/update proportions=0.5 ===
Arrangement completed. Output saved to ../analysis/Data/Workload_data/postgresql_arrayjson_vacuum_notfull_run3_uniform_heavy_mixed.csv
=== Setting parameter values for extend phase ===
=== Executing the extend phase with extendproportion=1 and other proportions=0 ===
Arrangement completed. Output saved to ../analysis/Data/Workload_data/postgresql_arrayjson_vacuum_notfull_run3_uniform_heavy_mixed.csv
Size computation started
Extend verification - Min:108900 Max:123000 Avg:120854 (Expected avg per record: ~1000 bytes initially)
Generating histogram from key size log: key_sizes_postgresql_arrayjson_vacuum_notfull_uniform_heavy_mixed_run3.csv
Histogram written to histogram.txt (BlockSize = 100)
Appending subsequent iteration 99...
Iteration 99: Appended new size values from key_sizes_postgresql_arrayjson_vacuum_notfull_uniform_heavy_mixed_run3.csv to ../analysis/Data/Value_size_data/value_sizes_postgresql_arrayjson_vacuum_notfull_run3_uniform_heavy_before_mixed.csv
VACUUM start: 1774489206
VACUUM end: 1774489209
=== Setting parameter values for run phase ===
Checking query plan before run phase
=== Executing the run phase with extendproportion=0 and read/update proportions=0.5 ===
Arrangement completed. Output saved to ../analysis/Data/Workload_data/postgresql_arrayjson_vacuum_notfull_run3_uniform_heavy_mixed.csv
Arrangement completed. Output saved to ../analysis/Data/Workload_data/postgresql_arrayjson_vacuum_notfull_run3_uniform_heavy_mixed.csv
Backing up the database started
Backing up the database finished
Arrangement completed. Output saved to ../analysis/Data/Workload_data/postgresql_arrayjson_vacuum_notfull_run3_uniform_heavy_mixed.csv
Size computation started
Appending subsequent iteration 99...
Iteration 99: Appended new size values from key_sizes_postgresql_arrayjson_vacuum_notfull_uniform_heavy_mixed_run3.csv to ../analysis/Data/Value_size_data/value_sizes_postgresql_arrayjson_vacuum_notfull_run3_uniform_heavy_after_mixed.csv
Total size: 1211941700, Field length average: 12119
Workload file fieldlength set to: 12119 (expected: 12119)
=== Executing the load phase for the comparison study ===
Comparison-load verification - Epoch:10 Run:9 TotalSize:1211900000 ExpectedFieldLength:12119
Avg-run verification - Epoch:10 Run:9 Iteration:99 TotalSize:1211900000 ExpectedFieldLength:12119
=== Executing the run phase with extendproportion=0 and read/update proportions=0.5 ===
Arrangement completed. Output saved to ../analysis/Data/Workload_data/postgresql_arrayjson_vacuum_notfull_run3_uniform_heavy_mixed.csv
=== Setting parameter values for extend phase ===
=== Executing the extend phase with extendproportion=1 and other proportions=0 ===
Arrangement completed. Output saved to ../analysis/Data/Workload_data/postgresql_arrayjson_vacuum_notfull_run3_uniform_heavy_mixed.csv
Size computation started
Extend verification - Min:109300 Max:124500 Avg:122068 (Expected avg per record: ~1000 bytes initially)
Generating histogram from key size log: key_sizes_postgresql_arrayjson_vacuum_notfull_uniform_heavy_mixed_run3.csv
Histogram written to histogram.txt (BlockSize = 100)
Appending subsequent iteration 100...
Iteration 100: Appended new size values from key_sizes_postgresql_arrayjson_vacuum_notfull_uniform_heavy_mixed_run3.csv to ../analysis/Data/Value_size_data/value_sizes_postgresql_arrayjson_vacuum_notfull_run3_uniform_heavy_before_mixed.csv
VACUUM start: 1774489983
VACUUM end: 1774489986
=== Setting parameter values for run phase ===
Checking query plan before run phase
=== Executing the run phase with extendproportion=0 and read/update proportions=0.5 ===
Arrangement completed. Output saved to ../analysis/Data/Workload_data/postgresql_arrayjson_vacuum_notfull_run3_uniform_heavy_mixed.csv
Arrangement completed. Output saved to ../analysis/Data/Workload_data/postgresql_arrayjson_vacuum_notfull_run3_uniform_heavy_mixed.csv
Backing up the database started
Backing up the database finished
Arrangement completed. Output saved to ../analysis/Data/Workload_data/postgresql_arrayjson_vacuum_notfull_run3_uniform_heavy_mixed.csv
Size computation started
Appending subsequent iteration 100...
Iteration 100: Appended new size values from key_sizes_postgresql_arrayjson_vacuum_notfull_uniform_heavy_mixed_run3.csv to ../analysis/Data/Value_size_data/value_sizes_postgresql_arrayjson_vacuum_notfull_run3_uniform_heavy_after_mixed.csv
Total size: 1224106800, Field length average: 12241
Workload file fieldlength set to: 12241 (expected: 12241)
=== Executing the load phase for the comparison study ===
Comparison-load verification - Epoch:10 Run:10 TotalSize:1224100000 ExpectedFieldLength:12241
Avg-run verification - Epoch:10 Run:10 Iteration:100 TotalSize:1224100000 ExpectedFieldLength:12241
=== Executing the run phase with extendproportion=0 and read/update proportions=0.5 ===
Arrangement completed. Output saved to ../analysis/Data/Workload_data/postgresql_arrayjson_vacuum_notfull_run3_uniform_heavy_mixed.csv
=== All steps completed. Results are logged in ./ycsb_postgresql_arrayjson_vacuum_notfull_uniform_heavy_mixed_run3_results.log ===
