Initializing PostgreSQL database ycsb...
Done initializing ycsb.
Initializing PostgreSQL database ycsb_unchange...
Done initializing ycsb_unchange.
=== Executing the load phase ===
Initial-load verification - TotalSize:1000000 ExpectedFieldLength:100
Arrangement completed. Output saved to ../analysis/Data/Workload_data/postgresql_array_run3_zipfian_light.csv
Reference-load verification - TotalSize:1000000 ExpectedFieldLength:100
=== Setting parameter values for extend phase ===
=== Executing the extend phase with extendproportion=1 and other proportions=0 ===
Arrangement completed. Output saved to ../analysis/Data/Workload_data/postgresql_array_run3_zipfian_light.csv
Size computation started
Extend verification - Min:1000 Max:42800 Avg:2000 (Expected avg per record: ~1000 bytes initially)
Generating histogram from key size log: key_sizes_postgresql_array_zipfian_light.csv
Histogram written to histogram_postgresql_array_zipfian_light.txt (BlockSize = 100)
Appending first iteration...
First iteration: Appended values from key_sizes_postgresql_array_zipfian_light.csv to ../analysis/Data/Value_size_data/value_sizes_postgresql_array_run3_zipfian_light_before.csv
VACUUM start: 1773507659
VACUUM end: 1773507659
=== Setting parameter values for run phase ===
Checking query plan before run phase
=== Executing the run phase with extendproportion=0 and read/update proportions=0.5 ===
Arrangement completed. Output saved to ../analysis/Data/Workload_data/postgresql_array_run3_zipfian_light.csv
Arrangement completed. Output saved to ../analysis/Data/Workload_data/postgresql_array_run3_zipfian_light.csv
Backing up the database started
Backing up the database finished
Arrangement completed. Output saved to ../analysis/Data/Workload_data/postgresql_array_run3_zipfian_light.csv
Size computation started
Appending first iteration...
First iteration: Appended values from key_sizes_postgresql_array_zipfian_light.csv to ../analysis/Data/Value_size_data/value_sizes_postgresql_array_run3_zipfian_light_after.csv
Total size: 2000000, Field length average: 200
Workload file fieldlength set to: 200 (expected: 200)
=== Executing the load phase for the comparison study ===
Comparison-load verification - Epoch:1 Run:1 TotalSize:2000000 ExpectedFieldLength:200
Avg-run verification - Epoch:1 Run:1 Iteration:1 TotalSize:2000000 ExpectedFieldLength:200
=== Executing the run phase with extendproportion=0 and read/update proportions=0.5 ===
Arrangement completed. Output saved to ../analysis/Data/Workload_data/postgresql_array_run3_zipfian_light.csv
=== Setting parameter values for extend phase ===
=== Executing the extend phase with extendproportion=1 and other proportions=0 ===
Arrangement completed. Output saved to ../analysis/Data/Workload_data/postgresql_array_run3_zipfian_light.csv
Size computation started
Extend verification - Min:1200 Max:77100 Avg:3000 (Expected avg per record: ~1000 bytes initially)
Generating histogram from key size log: key_sizes_postgresql_array_zipfian_light.csv
Histogram written to histogram_postgresql_array_zipfian_light.txt (BlockSize = 100)
Appending subsequent iteration 2...
Iteration 2: Appended new size values from key_sizes_postgresql_array_zipfian_light.csv to ../analysis/Data/Value_size_data/value_sizes_postgresql_array_run3_zipfian_light_before.csv
VACUUM start: 1773507696
VACUUM end: 1773507696
=== Setting parameter values for run phase ===
Checking query plan before run phase
=== Executing the run phase with extendproportion=0 and read/update proportions=0.5 ===
Arrangement completed. Output saved to ../analysis/Data/Workload_data/postgresql_array_run3_zipfian_light.csv
Arrangement completed. Output saved to ../analysis/Data/Workload_data/postgresql_array_run3_zipfian_light.csv
Backing up the database started
Backing up the database finished
Arrangement completed. Output saved to ../analysis/Data/Workload_data/postgresql_array_run3_zipfian_light.csv
Size computation started
Appending subsequent iteration 2...
Iteration 2: Appended new size values from key_sizes_postgresql_array_zipfian_light.csv to ../analysis/Data/Value_size_data/value_sizes_postgresql_array_run3_zipfian_light_after.csv
Total size: 3000000, Field length average: 300
Workload file fieldlength set to: 300 (expected: 300)
=== Executing the load phase for the comparison study ===
Comparison-load verification - Epoch:1 Run:2 TotalSize:3000000 ExpectedFieldLength:300
Avg-run verification - Epoch:1 Run:2 Iteration:2 TotalSize:3000000 ExpectedFieldLength:300
=== Executing the run phase with extendproportion=0 and read/update proportions=0.5 ===
Arrangement completed. Output saved to ../analysis/Data/Workload_data/postgresql_array_run3_zipfian_light.csv
=== Setting parameter values for extend phase ===
=== Executing the extend phase with extendproportion=1 and other proportions=0 ===
Arrangement completed. Output saved to ../analysis/Data/Workload_data/postgresql_array_run3_zipfian_light.csv
Size computation started
Extend verification - Min:1500 Max:117600 Avg:4000 (Expected avg per record: ~1000 bytes initially)
Generating histogram from key size log: key_sizes_postgresql_array_zipfian_light.csv
Histogram written to histogram_postgresql_array_zipfian_light.txt (BlockSize = 100)
Appending subsequent iteration 3...
Iteration 3: Appended new size values from key_sizes_postgresql_array_zipfian_light.csv to ../analysis/Data/Value_size_data/value_sizes_postgresql_array_run3_zipfian_light_before.csv
VACUUM start: 1773507731
VACUUM end: 1773507731
=== Setting parameter values for run phase ===
Checking query plan before run phase
=== Executing the run phase with extendproportion=0 and read/update proportions=0.5 ===
Arrangement completed. Output saved to ../analysis/Data/Workload_data/postgresql_array_run3_zipfian_light.csv
Arrangement completed. Output saved to ../analysis/Data/Workload_data/postgresql_array_run3_zipfian_light.csv
Backing up the database started
Backing up the database finished
Arrangement completed. Output saved to ../analysis/Data/Workload_data/postgresql_array_run3_zipfian_light.csv
Size computation started
Appending subsequent iteration 3...
Iteration 3: Appended new size values from key_sizes_postgresql_array_zipfian_light.csv to ../analysis/Data/Value_size_data/value_sizes_postgresql_array_run3_zipfian_light_after.csv
Total size: 4000000, Field length average: 400
Workload file fieldlength set to: 400 (expected: 400)
=== Executing the load phase for the comparison study ===
Comparison-load verification - Epoch:1 Run:3 TotalSize:4000000 ExpectedFieldLength:400
Avg-run verification - Epoch:1 Run:3 Iteration:3 TotalSize:4000000 ExpectedFieldLength:400
=== Executing the run phase with extendproportion=0 and read/update proportions=0.5 ===
Arrangement completed. Output saved to ../analysis/Data/Workload_data/postgresql_array_run3_zipfian_light.csv
=== Setting parameter values for extend phase ===
=== Executing the extend phase with extendproportion=1 and other proportions=0 ===
Arrangement completed. Output saved to ../analysis/Data/Workload_data/postgresql_array_run3_zipfian_light.csv
Size computation started
Extend verification - Min:1800 Max:158100 Avg:5000 (Expected avg per record: ~1000 bytes initially)
Generating histogram from key size log: key_sizes_postgresql_array_zipfian_light.csv
Histogram written to histogram_postgresql_array_zipfian_light.txt (BlockSize = 100)
Appending subsequent iteration 4...
Iteration 4: Appended new size values from key_sizes_postgresql_array_zipfian_light.csv to ../analysis/Data/Value_size_data/value_sizes_postgresql_array_run3_zipfian_light_before.csv
VACUUM start: 1773507769
VACUUM end: 1773507769
=== Setting parameter values for run phase ===
Checking query plan before run phase
=== Executing the run phase with extendproportion=0 and read/update proportions=0.5 ===
Arrangement completed. Output saved to ../analysis/Data/Workload_data/postgresql_array_run3_zipfian_light.csv
Arrangement completed. Output saved to ../analysis/Data/Workload_data/postgresql_array_run3_zipfian_light.csv
Backing up the database started
Backing up the database finished
Arrangement completed. Output saved to ../analysis/Data/Workload_data/postgresql_array_run3_zipfian_light.csv
Size computation started
Appending subsequent iteration 4...
Iteration 4: Appended new size values from key_sizes_postgresql_array_zipfian_light.csv to ../analysis/Data/Value_size_data/value_sizes_postgresql_array_run3_zipfian_light_after.csv
Total size: 5000000, Field length average: 500
Workload file fieldlength set to: 500 (expected: 500)
=== Executing the load phase for the comparison study ===
Comparison-load verification - Epoch:1 Run:4 TotalSize:5000000 ExpectedFieldLength:500
Avg-run verification - Epoch:1 Run:4 Iteration:4 TotalSize:5000000 ExpectedFieldLength:500
=== Executing the run phase with extendproportion=0 and read/update proportions=0.5 ===
Arrangement completed. Output saved to ../analysis/Data/Workload_data/postgresql_array_run3_zipfian_light.csv
=== Setting parameter values for extend phase ===
=== Executing the extend phase with extendproportion=1 and other proportions=0 ===
Arrangement completed. Output saved to ../analysis/Data/Workload_data/postgresql_array_run3_zipfian_light.csv
Size computation started
Extend verification - Min:2700 Max:199200 Avg:6000 (Expected avg per record: ~1000 bytes initially)
Generating histogram from key size log: key_sizes_postgresql_array_zipfian_light.csv
Histogram written to histogram_postgresql_array_zipfian_light.txt (BlockSize = 100)
Appending subsequent iteration 5...
Iteration 5: Appended new size values from key_sizes_postgresql_array_zipfian_light.csv to ../analysis/Data/Value_size_data/value_sizes_postgresql_array_run3_zipfian_light_before.csv
VACUUM start: 1773507807
VACUUM end: 1773507808
=== Setting parameter values for run phase ===
Checking query plan before run phase
=== Executing the run phase with extendproportion=0 and read/update proportions=0.5 ===
Arrangement completed. Output saved to ../analysis/Data/Workload_data/postgresql_array_run3_zipfian_light.csv
Arrangement completed. Output saved to ../analysis/Data/Workload_data/postgresql_array_run3_zipfian_light.csv
Backing up the database started
Backing up the database finished
Arrangement completed. Output saved to ../analysis/Data/Workload_data/postgresql_array_run3_zipfian_light.csv
Size computation started
Appending subsequent iteration 5...
Iteration 5: Appended new size values from key_sizes_postgresql_array_zipfian_light.csv to ../analysis/Data/Value_size_data/value_sizes_postgresql_array_run3_zipfian_light_after.csv
Total size: 6000000, Field length average: 600
Workload file fieldlength set to: 600 (expected: 600)
=== Executing the load phase for the comparison study ===
Comparison-load verification - Epoch:1 Run:5 TotalSize:6000000 ExpectedFieldLength:600
Avg-run verification - Epoch:1 Run:5 Iteration:5 TotalSize:6000000 ExpectedFieldLength:600
=== Executing the run phase with extendproportion=0 and read/update proportions=0.5 ===
Arrangement completed. Output saved to ../analysis/Data/Workload_data/postgresql_array_run3_zipfian_light.csv
=== Setting parameter values for extend phase ===
=== Executing the extend phase with extendproportion=1 and other proportions=0 ===
Arrangement completed. Output saved to ../analysis/Data/Workload_data/postgresql_array_run3_zipfian_light.csv
Size computation started
Extend verification - Min:3300 Max:240400 Avg:7000 (Expected avg per record: ~1000 bytes initially)
Generating histogram from key size log: key_sizes_postgresql_array_zipfian_light.csv
Histogram written to histogram_postgresql_array_zipfian_light.txt (BlockSize = 100)
Appending subsequent iteration 6...
Iteration 6: Appended new size values from key_sizes_postgresql_array_zipfian_light.csv to ../analysis/Data/Value_size_data/value_sizes_postgresql_array_run3_zipfian_light_before.csv
VACUUM start: 1773507846
VACUUM end: 1773507847
=== Setting parameter values for run phase ===
Checking query plan before run phase
=== Executing the run phase with extendproportion=0 and read/update proportions=0.5 ===
Arrangement completed. Output saved to ../analysis/Data/Workload_data/postgresql_array_run3_zipfian_light.csv
Arrangement completed. Output saved to ../analysis/Data/Workload_data/postgresql_array_run3_zipfian_light.csv
Backing up the database started
Backing up the database finished
Arrangement completed. Output saved to ../analysis/Data/Workload_data/postgresql_array_run3_zipfian_light.csv
Size computation started
Appending subsequent iteration 6...
Iteration 6: Appended new size values from key_sizes_postgresql_array_zipfian_light.csv to ../analysis/Data/Value_size_data/value_sizes_postgresql_array_run3_zipfian_light_after.csv
Total size: 7000000, Field length average: 700
Workload file fieldlength set to: 700 (expected: 700)
=== Executing the load phase for the comparison study ===
Comparison-load verification - Epoch:1 Run:6 TotalSize:7000000 ExpectedFieldLength:700
Avg-run verification - Epoch:1 Run:6 Iteration:6 TotalSize:7000000 ExpectedFieldLength:700
=== Executing the run phase with extendproportion=0 and read/update proportions=0.5 ===
Arrangement completed. Output saved to ../analysis/Data/Workload_data/postgresql_array_run3_zipfian_light.csv
=== Setting parameter values for extend phase ===
=== Executing the extend phase with extendproportion=1 and other proportions=0 ===
Arrangement completed. Output saved to ../analysis/Data/Workload_data/postgresql_array_run3_zipfian_light.csv
Size computation started
Extend verification - Min:3900 Max:278200 Avg:8000 (Expected avg per record: ~1000 bytes initially)
Generating histogram from key size log: key_sizes_postgresql_array_zipfian_light.csv
Histogram written to histogram_postgresql_array_zipfian_light.txt (BlockSize = 100)
Appending subsequent iteration 7...
Iteration 7: Appended new size values from key_sizes_postgresql_array_zipfian_light.csv to ../analysis/Data/Value_size_data/value_sizes_postgresql_array_run3_zipfian_light_before.csv
VACUUM start: 1773507886
VACUUM end: 1773507886
=== Setting parameter values for run phase ===
Checking query plan before run phase
=== Executing the run phase with extendproportion=0 and read/update proportions=0.5 ===
Arrangement completed. Output saved to ../analysis/Data/Workload_data/postgresql_array_run3_zipfian_light.csv
Arrangement completed. Output saved to ../analysis/Data/Workload_data/postgresql_array_run3_zipfian_light.csv
Backing up the database started
Backing up the database finished
Arrangement completed. Output saved to ../analysis/Data/Workload_data/postgresql_array_run3_zipfian_light.csv
Size computation started
Appending subsequent iteration 7...
Iteration 7: Appended new size values from key_sizes_postgresql_array_zipfian_light.csv to ../analysis/Data/Value_size_data/value_sizes_postgresql_array_run3_zipfian_light_after.csv
Total size: 8000000, Field length average: 800
Workload file fieldlength set to: 800 (expected: 800)
=== Executing the load phase for the comparison study ===
Comparison-load verification - Epoch:1 Run:7 TotalSize:8000000 ExpectedFieldLength:800
Avg-run verification - Epoch:1 Run:7 Iteration:7 TotalSize:8000000 ExpectedFieldLength:800
=== Executing the run phase with extendproportion=0 and read/update proportions=0.5 ===
Arrangement completed. Output saved to ../analysis/Data/Workload_data/postgresql_array_run3_zipfian_light.csv
=== Setting parameter values for extend phase ===
=== Executing the extend phase with extendproportion=1 and other proportions=0 ===
Arrangement completed. Output saved to ../analysis/Data/Workload_data/postgresql_array_run3_zipfian_light.csv
Size computation started
Extend verification - Min:4100 Max:318000 Avg:9000 (Expected avg per record: ~1000 bytes initially)
Generating histogram from key size log: key_sizes_postgresql_array_zipfian_light.csv
Histogram written to histogram_postgresql_array_zipfian_light.txt (BlockSize = 100)
Appending subsequent iteration 8...
Iteration 8: Appended new size values from key_sizes_postgresql_array_zipfian_light.csv to ../analysis/Data/Value_size_data/value_sizes_postgresql_array_run3_zipfian_light_before.csv
VACUUM start: 1773507928
VACUUM end: 1773507928
=== Setting parameter values for run phase ===
Checking query plan before run phase
=== Executing the run phase with extendproportion=0 and read/update proportions=0.5 ===
Arrangement completed. Output saved to ../analysis/Data/Workload_data/postgresql_array_run3_zipfian_light.csv
Arrangement completed. Output saved to ../analysis/Data/Workload_data/postgresql_array_run3_zipfian_light.csv
Backing up the database started
Backing up the database finished
Arrangement completed. Output saved to ../analysis/Data/Workload_data/postgresql_array_run3_zipfian_light.csv
Size computation started
Appending subsequent iteration 8...
Iteration 8: Appended new size values from key_sizes_postgresql_array_zipfian_light.csv to ../analysis/Data/Value_size_data/value_sizes_postgresql_array_run3_zipfian_light_after.csv
Total size: 9000000, Field length average: 900
Workload file fieldlength set to: 900 (expected: 900)
=== Executing the load phase for the comparison study ===
Comparison-load verification - Epoch:1 Run:8 TotalSize:9000000 ExpectedFieldLength:900
Avg-run verification - Epoch:1 Run:8 Iteration:8 TotalSize:9000000 ExpectedFieldLength:900
=== Executing the run phase with extendproportion=0 and read/update proportions=0.5 ===
Arrangement completed. Output saved to ../analysis/Data/Workload_data/postgresql_array_run3_zipfian_light.csv
=== Setting parameter values for extend phase ===
=== Executing the extend phase with extendproportion=1 and other proportions=0 ===
Arrangement completed. Output saved to ../analysis/Data/Workload_data/postgresql_array_run3_zipfian_light.csv
Size computation started
Extend verification - Min:4800 Max:354200 Avg:10000 (Expected avg per record: ~1000 bytes initially)
Generating histogram from key size log: key_sizes_postgresql_array_zipfian_light.csv
Histogram written to histogram_postgresql_array_zipfian_light.txt (BlockSize = 100)
Appending subsequent iteration 9...
Iteration 9: Appended new size values from key_sizes_postgresql_array_zipfian_light.csv to ../analysis/Data/Value_size_data/value_sizes_postgresql_array_run3_zipfian_light_before.csv
VACUUM start: 1773507971
VACUUM end: 1773507971
=== Setting parameter values for run phase ===
Checking query plan before run phase
=== Executing the run phase with extendproportion=0 and read/update proportions=0.5 ===
Arrangement completed. Output saved to ../analysis/Data/Workload_data/postgresql_array_run3_zipfian_light.csv
Arrangement completed. Output saved to ../analysis/Data/Workload_data/postgresql_array_run3_zipfian_light.csv
Backing up the database started
Backing up the database finished
Arrangement completed. Output saved to ../analysis/Data/Workload_data/postgresql_array_run3_zipfian_light.csv
Size computation started
Appending subsequent iteration 9...
Iteration 9: Appended new size values from key_sizes_postgresql_array_zipfian_light.csv to ../analysis/Data/Value_size_data/value_sizes_postgresql_array_run3_zipfian_light_after.csv
Total size: 10000000, Field length average: 1000
Workload file fieldlength set to: 1000 (expected: 1000)
=== Executing the load phase for the comparison study ===
Comparison-load verification - Epoch:1 Run:9 TotalSize:10000000 ExpectedFieldLength:1000
Avg-run verification - Epoch:1 Run:9 Iteration:9 TotalSize:10000000 ExpectedFieldLength:1000
=== Executing the run phase with extendproportion=0 and read/update proportions=0.5 ===
Arrangement completed. Output saved to ../analysis/Data/Workload_data/postgresql_array_run3_zipfian_light.csv
=== Setting parameter values for extend phase ===
=== Executing the extend phase with extendproportion=1 and other proportions=0 ===
Arrangement completed. Output saved to ../analysis/Data/Workload_data/postgresql_array_run3_zipfian_light.csv
Size computation started
Extend verification - Min:5500 Max:391900 Avg:11000 (Expected avg per record: ~1000 bytes initially)
Generating histogram from key size log: key_sizes_postgresql_array_zipfian_light.csv
Histogram written to histogram_postgresql_array_zipfian_light.txt (BlockSize = 100)
Appending subsequent iteration 10...
Iteration 10: Appended new size values from key_sizes_postgresql_array_zipfian_light.csv to ../analysis/Data/Value_size_data/value_sizes_postgresql_array_run3_zipfian_light_before.csv
VACUUM start: 1773508015
VACUUM end: 1773508015
=== Setting parameter values for run phase ===
Checking query plan before run phase
=== Executing the run phase with extendproportion=0 and read/update proportions=0.5 ===
Arrangement completed. Output saved to ../analysis/Data/Workload_data/postgresql_array_run3_zipfian_light.csv
Arrangement completed. Output saved to ../analysis/Data/Workload_data/postgresql_array_run3_zipfian_light.csv
Backing up the database started
Backing up the database finished
Arrangement completed. Output saved to ../analysis/Data/Workload_data/postgresql_array_run3_zipfian_light.csv
Size computation started
Appending subsequent iteration 10...
Iteration 10: Appended new size values from key_sizes_postgresql_array_zipfian_light.csv to ../analysis/Data/Value_size_data/value_sizes_postgresql_array_run3_zipfian_light_after.csv
Total size: 11000000, Field length average: 1100
Workload file fieldlength set to: 1100 (expected: 1100)
=== Executing the load phase for the comparison study ===
Comparison-load verification - Epoch:1 Run:10 TotalSize:11000000 ExpectedFieldLength:1100
Avg-run verification - Epoch:1 Run:10 Iteration:10 TotalSize:11000000 ExpectedFieldLength:1100
=== Executing the run phase with extendproportion=0 and read/update proportions=0.5 ===
Arrangement completed. Output saved to ../analysis/Data/Workload_data/postgresql_array_run3_zipfian_light.csv
=== Setting parameter values for extend phase ===
=== Executing the extend phase with extendproportion=1 and other proportions=0 ===
Arrangement completed. Output saved to ../analysis/Data/Workload_data/postgresql_array_run3_zipfian_light.csv
Size computation started
Extend verification - Min:5900 Max:431800 Avg:12000 (Expected avg per record: ~1000 bytes initially)
Generating histogram from key size log: key_sizes_postgresql_array_zipfian_light.csv
Histogram written to histogram_postgresql_array_zipfian_light.txt (BlockSize = 100)
Appending subsequent iteration 11...
Iteration 11: Appended new size values from key_sizes_postgresql_array_zipfian_light.csv to ../analysis/Data/Value_size_data/value_sizes_postgresql_array_run3_zipfian_light_before.csv
VACUUM start: 1773508058
VACUUM end: 1773508058
=== Setting parameter values for run phase ===
Checking query plan before run phase
=== Executing the run phase with extendproportion=0 and read/update proportions=0.5 ===
Arrangement completed. Output saved to ../analysis/Data/Workload_data/postgresql_array_run3_zipfian_light.csv
Arrangement completed. Output saved to ../analysis/Data/Workload_data/postgresql_array_run3_zipfian_light.csv
Backing up the database started
Backing up the database finished
Arrangement completed. Output saved to ../analysis/Data/Workload_data/postgresql_array_run3_zipfian_light.csv
Size computation started
Appending subsequent iteration 11...
Iteration 11: Appended new size values from key_sizes_postgresql_array_zipfian_light.csv to ../analysis/Data/Value_size_data/value_sizes_postgresql_array_run3_zipfian_light_after.csv
Total size: 12000000, Field length average: 1200
Workload file fieldlength set to: 1200 (expected: 1200)
=== Executing the load phase for the comparison study ===
Comparison-load verification - Epoch:2 Run:1 TotalSize:12000000 ExpectedFieldLength:1200
Avg-run verification - Epoch:2 Run:1 Iteration:11 TotalSize:12000000 ExpectedFieldLength:1200
=== Executing the run phase with extendproportion=0 and read/update proportions=0.5 ===
Arrangement completed. Output saved to ../analysis/Data/Workload_data/postgresql_array_run3_zipfian_light.csv
=== Setting parameter values for extend phase ===
=== Executing the extend phase with extendproportion=1 and other proportions=0 ===
Arrangement completed. Output saved to ../analysis/Data/Workload_data/postgresql_array_run3_zipfian_light.csv
Size computation started
Extend verification - Min:6300 Max:472300 Avg:13000 (Expected avg per record: ~1000 bytes initially)
Generating histogram from key size log: key_sizes_postgresql_array_zipfian_light.csv
Histogram written to histogram_postgresql_array_zipfian_light.txt (BlockSize = 100)
Appending subsequent iteration 12...
Iteration 12: Appended new size values from key_sizes_postgresql_array_zipfian_light.csv to ../analysis/Data/Value_size_data/value_sizes_postgresql_array_run3_zipfian_light_before.csv
VACUUM start: 1773508103
VACUUM end: 1773508103
=== Setting parameter values for run phase ===
Checking query plan before run phase
=== Executing the run phase with extendproportion=0 and read/update proportions=0.5 ===
Arrangement completed. Output saved to ../analysis/Data/Workload_data/postgresql_array_run3_zipfian_light.csv
Arrangement completed. Output saved to ../analysis/Data/Workload_data/postgresql_array_run3_zipfian_light.csv
Backing up the database started
Backing up the database finished
Arrangement completed. Output saved to ../analysis/Data/Workload_data/postgresql_array_run3_zipfian_light.csv
Size computation started
Appending subsequent iteration 12...
Iteration 12: Appended new size values from key_sizes_postgresql_array_zipfian_light.csv to ../analysis/Data/Value_size_data/value_sizes_postgresql_array_run3_zipfian_light_after.csv
Total size: 13000000, Field length average: 1300
Workload file fieldlength set to: 1300 (expected: 1300)
=== Executing the load phase for the comparison study ===
Comparison-load verification - Epoch:2 Run:2 TotalSize:13000000 ExpectedFieldLength:1300
Avg-run verification - Epoch:2 Run:2 Iteration:12 TotalSize:13000000 ExpectedFieldLength:1300
=== Executing the run phase with extendproportion=0 and read/update proportions=0.5 ===
Arrangement completed. Output saved to ../analysis/Data/Workload_data/postgresql_array_run3_zipfian_light.csv
=== Setting parameter values for extend phase ===
=== Executing the extend phase with extendproportion=1 and other proportions=0 ===
Arrangement completed. Output saved to ../analysis/Data/Workload_data/postgresql_array_run3_zipfian_light.csv
Size computation started
Extend verification - Min:7000 Max:512800 Avg:14000 (Expected avg per record: ~1000 bytes initially)
Generating histogram from key size log: key_sizes_postgresql_array_zipfian_light.csv
Histogram written to histogram_postgresql_array_zipfian_light.txt (BlockSize = 100)
Appending subsequent iteration 13...
Iteration 13: Appended new size values from key_sizes_postgresql_array_zipfian_light.csv to ../analysis/Data/Value_size_data/value_sizes_postgresql_array_run3_zipfian_light_before.csv
VACUUM start: 1773508148
VACUUM end: 1773508148
=== Setting parameter values for run phase ===
Checking query plan before run phase
=== Executing the run phase with extendproportion=0 and read/update proportions=0.5 ===
Arrangement completed. Output saved to ../analysis/Data/Workload_data/postgresql_array_run3_zipfian_light.csv
Arrangement completed. Output saved to ../analysis/Data/Workload_data/postgresql_array_run3_zipfian_light.csv
Backing up the database started
Backing up the database finished
Arrangement completed. Output saved to ../analysis/Data/Workload_data/postgresql_array_run3_zipfian_light.csv
Size computation started
Appending subsequent iteration 13...
Iteration 13: Appended new size values from key_sizes_postgresql_array_zipfian_light.csv to ../analysis/Data/Value_size_data/value_sizes_postgresql_array_run3_zipfian_light_after.csv
Total size: 14000000, Field length average: 1400
Workload file fieldlength set to: 1400 (expected: 1400)
=== Executing the load phase for the comparison study ===
Comparison-load verification - Epoch:2 Run:3 TotalSize:14000000 ExpectedFieldLength:1400
Avg-run verification - Epoch:2 Run:3 Iteration:13 TotalSize:14000000 ExpectedFieldLength:1400
=== Executing the run phase with extendproportion=0 and read/update proportions=0.5 ===
Arrangement completed. Output saved to ../analysis/Data/Workload_data/postgresql_array_run3_zipfian_light.csv
=== Setting parameter values for extend phase ===
=== Executing the extend phase with extendproportion=1 and other proportions=0 ===
Arrangement completed. Output saved to ../analysis/Data/Workload_data/postgresql_array_run3_zipfian_light.csv
Size computation started
Extend verification - Min:7700 Max:552400 Avg:15000 (Expected avg per record: ~1000 bytes initially)
Generating histogram from key size log: key_sizes_postgresql_array_zipfian_light.csv
Histogram written to histogram_postgresql_array_zipfian_light.txt (BlockSize = 100)
Appending subsequent iteration 14...
Iteration 14: Appended new size values from key_sizes_postgresql_array_zipfian_light.csv to ../analysis/Data/Value_size_data/value_sizes_postgresql_array_run3_zipfian_light_before.csv
VACUUM start: 1773508194
VACUUM end: 1773508194
=== Setting parameter values for run phase ===
Checking query plan before run phase
=== Executing the run phase with extendproportion=0 and read/update proportions=0.5 ===
Arrangement completed. Output saved to ../analysis/Data/Workload_data/postgresql_array_run3_zipfian_light.csv
Arrangement completed. Output saved to ../analysis/Data/Workload_data/postgresql_array_run3_zipfian_light.csv
Backing up the database started
Backing up the database finished
Arrangement completed. Output saved to ../analysis/Data/Workload_data/postgresql_array_run3_zipfian_light.csv
Size computation started
Appending subsequent iteration 14...
Iteration 14: Appended new size values from key_sizes_postgresql_array_zipfian_light.csv to ../analysis/Data/Value_size_data/value_sizes_postgresql_array_run3_zipfian_light_after.csv
Total size: 15000000, Field length average: 1500
Workload file fieldlength set to: 1500 (expected: 1500)
=== Executing the load phase for the comparison study ===
Comparison-load verification - Epoch:2 Run:4 TotalSize:15000000 ExpectedFieldLength:1500
Avg-run verification - Epoch:2 Run:4 Iteration:14 TotalSize:15000000 ExpectedFieldLength:1500
=== Executing the run phase with extendproportion=0 and read/update proportions=0.5 ===
Arrangement completed. Output saved to ../analysis/Data/Workload_data/postgresql_array_run3_zipfian_light.csv
=== Setting parameter values for extend phase ===
=== Executing the extend phase with extendproportion=1 and other proportions=0 ===
Arrangement completed. Output saved to ../analysis/Data/Workload_data/postgresql_array_run3_zipfian_light.csv
Size computation started
Extend verification - Min:8100 Max:589500 Avg:16000 (Expected avg per record: ~1000 bytes initially)
Generating histogram from key size log: key_sizes_postgresql_array_zipfian_light.csv
Histogram written to histogram_postgresql_array_zipfian_light.txt (BlockSize = 100)
Appending subsequent iteration 15...
Iteration 15: Appended new size values from key_sizes_postgresql_array_zipfian_light.csv to ../analysis/Data/Value_size_data/value_sizes_postgresql_array_run3_zipfian_light_before.csv
VACUUM start: 1773508240
VACUUM end: 1773508240
=== Setting parameter values for run phase ===
Checking query plan before run phase
=== Executing the run phase with extendproportion=0 and read/update proportions=0.5 ===
Arrangement completed. Output saved to ../analysis/Data/Workload_data/postgresql_array_run3_zipfian_light.csv
Arrangement completed. Output saved to ../analysis/Data/Workload_data/postgresql_array_run3_zipfian_light.csv
Backing up the database started
Backing up the database finished
Arrangement completed. Output saved to ../analysis/Data/Workload_data/postgresql_array_run3_zipfian_light.csv
Size computation started
Appending subsequent iteration 15...
Iteration 15: Appended new size values from key_sizes_postgresql_array_zipfian_light.csv to ../analysis/Data/Value_size_data/value_sizes_postgresql_array_run3_zipfian_light_after.csv
Total size: 16000000, Field length average: 1600
Workload file fieldlength set to: 1600 (expected: 1600)
=== Executing the load phase for the comparison study ===
Comparison-load verification - Epoch:2 Run:5 TotalSize:16000000 ExpectedFieldLength:1600
Avg-run verification - Epoch:2 Run:5 Iteration:15 TotalSize:16000000 ExpectedFieldLength:1600
=== Executing the run phase with extendproportion=0 and read/update proportions=0.5 ===
Arrangement completed. Output saved to ../analysis/Data/Workload_data/postgresql_array_run3_zipfian_light.csv
=== Setting parameter values for extend phase ===
=== Executing the extend phase with extendproportion=1 and other proportions=0 ===
Arrangement completed. Output saved to ../analysis/Data/Workload_data/postgresql_array_run3_zipfian_light.csv
Size computation started
Extend verification - Min:8200 Max:629200 Avg:17000 (Expected avg per record: ~1000 bytes initially)
Generating histogram from key size log: key_sizes_postgresql_array_zipfian_light.csv
Histogram written to histogram_postgresql_array_zipfian_light.txt (BlockSize = 100)
Appending subsequent iteration 16...
Iteration 16: Appended new size values from key_sizes_postgresql_array_zipfian_light.csv to ../analysis/Data/Value_size_data/value_sizes_postgresql_array_run3_zipfian_light_before.csv
VACUUM start: 1773508288
VACUUM end: 1773508288
=== Setting parameter values for run phase ===
Checking query plan before run phase
=== Executing the run phase with extendproportion=0 and read/update proportions=0.5 ===
Arrangement completed. Output saved to ../analysis/Data/Workload_data/postgresql_array_run3_zipfian_light.csv
Arrangement completed. Output saved to ../analysis/Data/Workload_data/postgresql_array_run3_zipfian_light.csv
Backing up the database started
Backing up the database finished
Arrangement completed. Output saved to ../analysis/Data/Workload_data/postgresql_array_run3_zipfian_light.csv
Size computation started
Appending subsequent iteration 16...
Iteration 16: Appended new size values from key_sizes_postgresql_array_zipfian_light.csv to ../analysis/Data/Value_size_data/value_sizes_postgresql_array_run3_zipfian_light_after.csv
Total size: 17000000, Field length average: 1700
Workload file fieldlength set to: 1700 (expected: 1700)
=== Executing the load phase for the comparison study ===
Comparison-load verification - Epoch:2 Run:6 TotalSize:17000000 ExpectedFieldLength:1700
Avg-run verification - Epoch:2 Run:6 Iteration:16 TotalSize:17000000 ExpectedFieldLength:1700
=== Executing the run phase with extendproportion=0 and read/update proportions=0.5 ===
Arrangement completed. Output saved to ../analysis/Data/Workload_data/postgresql_array_run3_zipfian_light.csv
=== Setting parameter values for extend phase ===
=== Executing the extend phase with extendproportion=1 and other proportions=0 ===
Arrangement completed. Output saved to ../analysis/Data/Workload_data/postgresql_array_run3_zipfian_light.csv
Size computation started
Extend verification - Min:8600 Max:670100 Avg:18000 (Expected avg per record: ~1000 bytes initially)
Generating histogram from key size log: key_sizes_postgresql_array_zipfian_light.csv
Histogram written to histogram_postgresql_array_zipfian_light.txt (BlockSize = 100)
Appending subsequent iteration 17...
Iteration 17: Appended new size values from key_sizes_postgresql_array_zipfian_light.csv to ../analysis/Data/Value_size_data/value_sizes_postgresql_array_run3_zipfian_light_before.csv
VACUUM start: 1773508336
VACUUM end: 1773508336
=== Setting parameter values for run phase ===
Checking query plan before run phase
=== Executing the run phase with extendproportion=0 and read/update proportions=0.5 ===
Arrangement completed. Output saved to ../analysis/Data/Workload_data/postgresql_array_run3_zipfian_light.csv
Arrangement completed. Output saved to ../analysis/Data/Workload_data/postgresql_array_run3_zipfian_light.csv
Backing up the database started
Backing up the database finished
Arrangement completed. Output saved to ../analysis/Data/Workload_data/postgresql_array_run3_zipfian_light.csv
Size computation started
Appending subsequent iteration 17...
Iteration 17: Appended new size values from key_sizes_postgresql_array_zipfian_light.csv to ../analysis/Data/Value_size_data/value_sizes_postgresql_array_run3_zipfian_light_after.csv
Total size: 18000000, Field length average: 1800
Workload file fieldlength set to: 1800 (expected: 1800)
=== Executing the load phase for the comparison study ===
Comparison-load verification - Epoch:2 Run:7 TotalSize:18000000 ExpectedFieldLength:1800
Avg-run verification - Epoch:2 Run:7 Iteration:17 TotalSize:18000000 ExpectedFieldLength:1800
=== Executing the run phase with extendproportion=0 and read/update proportions=0.5 ===
Arrangement completed. Output saved to ../analysis/Data/Workload_data/postgresql_array_run3_zipfian_light.csv
=== Setting parameter values for extend phase ===
=== Executing the extend phase with extendproportion=1 and other proportions=0 ===
Arrangement completed. Output saved to ../analysis/Data/Workload_data/postgresql_array_run3_zipfian_light.csv
Size computation started
Extend verification - Min:9200 Max:708000 Avg:19000 (Expected avg per record: ~1000 bytes initially)
Generating histogram from key size log: key_sizes_postgresql_array_zipfian_light.csv
Histogram written to histogram_postgresql_array_zipfian_light.txt (BlockSize = 100)
Appending subsequent iteration 18...
Iteration 18: Appended new size values from key_sizes_postgresql_array_zipfian_light.csv to ../analysis/Data/Value_size_data/value_sizes_postgresql_array_run3_zipfian_light_before.csv
VACUUM start: 1773508385
VACUUM end: 1773508385
=== Setting parameter values for run phase ===
Checking query plan before run phase
=== Executing the run phase with extendproportion=0 and read/update proportions=0.5 ===
Arrangement completed. Output saved to ../analysis/Data/Workload_data/postgresql_array_run3_zipfian_light.csv
Arrangement completed. Output saved to ../analysis/Data/Workload_data/postgresql_array_run3_zipfian_light.csv
Backing up the database started
Backing up the database finished
Arrangement completed. Output saved to ../analysis/Data/Workload_data/postgresql_array_run3_zipfian_light.csv
Size computation started
Appending subsequent iteration 18...
Iteration 18: Appended new size values from key_sizes_postgresql_array_zipfian_light.csv to ../analysis/Data/Value_size_data/value_sizes_postgresql_array_run3_zipfian_light_after.csv
Total size: 19000000, Field length average: 1900
Workload file fieldlength set to: 1900 (expected: 1900)
=== Executing the load phase for the comparison study ===
Comparison-load verification - Epoch:2 Run:8 TotalSize:19000000 ExpectedFieldLength:1900
Avg-run verification - Epoch:2 Run:8 Iteration:18 TotalSize:19000000 ExpectedFieldLength:1900
=== Executing the run phase with extendproportion=0 and read/update proportions=0.5 ===
Arrangement completed. Output saved to ../analysis/Data/Workload_data/postgresql_array_run3_zipfian_light.csv
=== Setting parameter values for extend phase ===
=== Executing the extend phase with extendproportion=1 and other proportions=0 ===
Arrangement completed. Output saved to ../analysis/Data/Workload_data/postgresql_array_run3_zipfian_light.csv
Size computation started
Extend verification - Min:9900 Max:743800 Avg:20000 (Expected avg per record: ~1000 bytes initially)
Generating histogram from key size log: key_sizes_postgresql_array_zipfian_light.csv
Histogram written to histogram_postgresql_array_zipfian_light.txt (BlockSize = 100)
Appending subsequent iteration 19...
Iteration 19: Appended new size values from key_sizes_postgresql_array_zipfian_light.csv to ../analysis/Data/Value_size_data/value_sizes_postgresql_array_run3_zipfian_light_before.csv
VACUUM start: 1773508434
VACUUM end: 1773508434
=== Setting parameter values for run phase ===
Checking query plan before run phase
=== Executing the run phase with extendproportion=0 and read/update proportions=0.5 ===
Arrangement completed. Output saved to ../analysis/Data/Workload_data/postgresql_array_run3_zipfian_light.csv
Arrangement completed. Output saved to ../analysis/Data/Workload_data/postgresql_array_run3_zipfian_light.csv
Backing up the database started
Backing up the database finished
Arrangement completed. Output saved to ../analysis/Data/Workload_data/postgresql_array_run3_zipfian_light.csv
Size computation started
Appending subsequent iteration 19...
Iteration 19: Appended new size values from key_sizes_postgresql_array_zipfian_light.csv to ../analysis/Data/Value_size_data/value_sizes_postgresql_array_run3_zipfian_light_after.csv
Total size: 20000000, Field length average: 2000
Workload file fieldlength set to: 2000 (expected: 2000)
=== Executing the load phase for the comparison study ===
Comparison-load verification - Epoch:2 Run:9 TotalSize:20000000 ExpectedFieldLength:2000
Avg-run verification - Epoch:2 Run:9 Iteration:19 TotalSize:20000000 ExpectedFieldLength:2000
=== Executing the run phase with extendproportion=0 and read/update proportions=0.5 ===
Arrangement completed. Output saved to ../analysis/Data/Workload_data/postgresql_array_run3_zipfian_light.csv
=== Setting parameter values for extend phase ===
=== Executing the extend phase with extendproportion=1 and other proportions=0 ===
Arrangement completed. Output saved to ../analysis/Data/Workload_data/postgresql_array_run3_zipfian_light.csv
Size computation started
Extend verification - Min:10500 Max:783500 Avg:21000 (Expected avg per record: ~1000 bytes initially)
Generating histogram from key size log: key_sizes_postgresql_array_zipfian_light.csv
Histogram written to histogram_postgresql_array_zipfian_light.txt (BlockSize = 100)
Appending subsequent iteration 20...
Iteration 20: Appended new size values from key_sizes_postgresql_array_zipfian_light.csv to ../analysis/Data/Value_size_data/value_sizes_postgresql_array_run3_zipfian_light_before.csv
VACUUM start: 1773508484
VACUUM end: 1773508484
=== Setting parameter values for run phase ===
Checking query plan before run phase
=== Executing the run phase with extendproportion=0 and read/update proportions=0.5 ===
Arrangement completed. Output saved to ../analysis/Data/Workload_data/postgresql_array_run3_zipfian_light.csv
Arrangement completed. Output saved to ../analysis/Data/Workload_data/postgresql_array_run3_zipfian_light.csv
Backing up the database started
Backing up the database finished
Arrangement completed. Output saved to ../analysis/Data/Workload_data/postgresql_array_run3_zipfian_light.csv
Size computation started
Appending subsequent iteration 20...
Iteration 20: Appended new size values from key_sizes_postgresql_array_zipfian_light.csv to ../analysis/Data/Value_size_data/value_sizes_postgresql_array_run3_zipfian_light_after.csv
Total size: 21000000, Field length average: 2100
Workload file fieldlength set to: 2100 (expected: 2100)
=== Executing the load phase for the comparison study ===
Comparison-load verification - Epoch:2 Run:10 TotalSize:21000000 ExpectedFieldLength:2100
Avg-run verification - Epoch:2 Run:10 Iteration:20 TotalSize:21000000 ExpectedFieldLength:2100
=== Executing the run phase with extendproportion=0 and read/update proportions=0.5 ===
Arrangement completed. Output saved to ../analysis/Data/Workload_data/postgresql_array_run3_zipfian_light.csv
=== Setting parameter values for extend phase ===
=== Executing the extend phase with extendproportion=1 and other proportions=0 ===
Arrangement completed. Output saved to ../analysis/Data/Workload_data/postgresql_array_run3_zipfian_light.csv
Size computation started
Extend verification - Min:11200 Max:821300 Avg:22000 (Expected avg per record: ~1000 bytes initially)
Generating histogram from key size log: key_sizes_postgresql_array_zipfian_light.csv
Histogram written to histogram_postgresql_array_zipfian_light.txt (BlockSize = 100)
Appending subsequent iteration 21...
Iteration 21: Appended new size values from key_sizes_postgresql_array_zipfian_light.csv to ../analysis/Data/Value_size_data/value_sizes_postgresql_array_run3_zipfian_light_before.csv
VACUUM start: 1773508539
VACUUM end: 1773508539
=== Setting parameter values for run phase ===
Checking query plan before run phase
=== Executing the run phase with extendproportion=0 and read/update proportions=0.5 ===
Arrangement completed. Output saved to ../analysis/Data/Workload_data/postgresql_array_run3_zipfian_light.csv
Arrangement completed. Output saved to ../analysis/Data/Workload_data/postgresql_array_run3_zipfian_light.csv
Backing up the database started
Backing up the database finished
Arrangement completed. Output saved to ../analysis/Data/Workload_data/postgresql_array_run3_zipfian_light.csv
Size computation started
Appending subsequent iteration 21...
Iteration 21: Appended new size values from key_sizes_postgresql_array_zipfian_light.csv to ../analysis/Data/Value_size_data/value_sizes_postgresql_array_run3_zipfian_light_after.csv
Total size: 22000000, Field length average: 2200
Workload file fieldlength set to: 2200 (expected: 2200)
=== Executing the load phase for the comparison study ===
Comparison-load verification - Epoch:3 Run:1 TotalSize:22000000 ExpectedFieldLength:2200
Avg-run verification - Epoch:3 Run:1 Iteration:21 TotalSize:22000000 ExpectedFieldLength:2200
=== Executing the run phase with extendproportion=0 and read/update proportions=0.5 ===
Arrangement completed. Output saved to ../analysis/Data/Workload_data/postgresql_array_run3_zipfian_light.csv
=== Setting parameter values for extend phase ===
=== Executing the extend phase with extendproportion=1 and other proportions=0 ===
Arrangement completed. Output saved to ../analysis/Data/Workload_data/postgresql_array_run3_zipfian_light.csv
Size computation started
Extend verification - Min:11500 Max:862500 Avg:23000 (Expected avg per record: ~1000 bytes initially)
Generating histogram from key size log: key_sizes_postgresql_array_zipfian_light.csv
Histogram written to histogram_postgresql_array_zipfian_light.txt (BlockSize = 100)
Appending subsequent iteration 22...
Iteration 22: Appended new size values from key_sizes_postgresql_array_zipfian_light.csv to ../analysis/Data/Value_size_data/value_sizes_postgresql_array_run3_zipfian_light_before.csv
VACUUM start: 1773508592
VACUUM end: 1773508592
=== Setting parameter values for run phase ===
Checking query plan before run phase
=== Executing the run phase with extendproportion=0 and read/update proportions=0.5 ===
Arrangement completed. Output saved to ../analysis/Data/Workload_data/postgresql_array_run3_zipfian_light.csv
Arrangement completed. Output saved to ../analysis/Data/Workload_data/postgresql_array_run3_zipfian_light.csv
Backing up the database started
Backing up the database finished
Arrangement completed. Output saved to ../analysis/Data/Workload_data/postgresql_array_run3_zipfian_light.csv
Size computation started
Appending subsequent iteration 22...
Iteration 22: Appended new size values from key_sizes_postgresql_array_zipfian_light.csv to ../analysis/Data/Value_size_data/value_sizes_postgresql_array_run3_zipfian_light_after.csv
Total size: 23000000, Field length average: 2300
Workload file fieldlength set to: 2300 (expected: 2300)
=== Executing the load phase for the comparison study ===
Comparison-load verification - Epoch:3 Run:2 TotalSize:23000000 ExpectedFieldLength:2300
Avg-run verification - Epoch:3 Run:2 Iteration:22 TotalSize:23000000 ExpectedFieldLength:2300
=== Executing the run phase with extendproportion=0 and read/update proportions=0.5 ===
Arrangement completed. Output saved to ../analysis/Data/Workload_data/postgresql_array_run3_zipfian_light.csv
=== Setting parameter values for extend phase ===
=== Executing the extend phase with extendproportion=1 and other proportions=0 ===
Arrangement completed. Output saved to ../analysis/Data/Workload_data/postgresql_array_run3_zipfian_light.csv
Size computation started
Extend verification - Min:11900 Max:899700 Avg:24000 (Expected avg per record: ~1000 bytes initially)
Generating histogram from key size log: key_sizes_postgresql_array_zipfian_light.csv
Histogram written to histogram_postgresql_array_zipfian_light.txt (BlockSize = 100)
Appending subsequent iteration 23...
Iteration 23: Appended new size values from key_sizes_postgresql_array_zipfian_light.csv to ../analysis/Data/Value_size_data/value_sizes_postgresql_array_run3_zipfian_light_before.csv
VACUUM start: 1773508650
VACUUM end: 1773508650
=== Setting parameter values for run phase ===
Checking query plan before run phase
=== Executing the run phase with extendproportion=0 and read/update proportions=0.5 ===
Arrangement completed. Output saved to ../analysis/Data/Workload_data/postgresql_array_run3_zipfian_light.csv
Arrangement completed. Output saved to ../analysis/Data/Workload_data/postgresql_array_run3_zipfian_light.csv
Backing up the database started
Backing up the database finished
Arrangement completed. Output saved to ../analysis/Data/Workload_data/postgresql_array_run3_zipfian_light.csv
Size computation started
Appending subsequent iteration 23...
Iteration 23: Appended new size values from key_sizes_postgresql_array_zipfian_light.csv to ../analysis/Data/Value_size_data/value_sizes_postgresql_array_run3_zipfian_light_after.csv
Total size: 24000000, Field length average: 2400
Workload file fieldlength set to: 2400 (expected: 2400)
=== Executing the load phase for the comparison study ===
Comparison-load verification - Epoch:3 Run:3 TotalSize:24000000 ExpectedFieldLength:2400
Avg-run verification - Epoch:3 Run:3 Iteration:23 TotalSize:24000000 ExpectedFieldLength:2400
=== Executing the run phase with extendproportion=0 and read/update proportions=0.5 ===
Arrangement completed. Output saved to ../analysis/Data/Workload_data/postgresql_array_run3_zipfian_light.csv
=== Setting parameter values for extend phase ===
=== Executing the extend phase with extendproportion=1 and other proportions=0 ===
Arrangement completed. Output saved to ../analysis/Data/Workload_data/postgresql_array_run3_zipfian_light.csv
Size computation started
Extend verification - Min:12300 Max:937100 Avg:25000 (Expected avg per record: ~1000 bytes initially)
Generating histogram from key size log: key_sizes_postgresql_array_zipfian_light.csv
Histogram written to histogram_postgresql_array_zipfian_light.txt (BlockSize = 100)
Appending subsequent iteration 24...
Iteration 24: Appended new size values from key_sizes_postgresql_array_zipfian_light.csv to ../analysis/Data/Value_size_data/value_sizes_postgresql_array_run3_zipfian_light_before.csv
VACUUM start: 1773508706
VACUUM end: 1773508706
=== Setting parameter values for run phase ===
Checking query plan before run phase
=== Executing the run phase with extendproportion=0 and read/update proportions=0.5 ===
Arrangement completed. Output saved to ../analysis/Data/Workload_data/postgresql_array_run3_zipfian_light.csv
Arrangement completed. Output saved to ../analysis/Data/Workload_data/postgresql_array_run3_zipfian_light.csv
Backing up the database started
Backing up the database finished
Arrangement completed. Output saved to ../analysis/Data/Workload_data/postgresql_array_run3_zipfian_light.csv
Size computation started
Appending subsequent iteration 24...
Iteration 24: Appended new size values from key_sizes_postgresql_array_zipfian_light.csv to ../analysis/Data/Value_size_data/value_sizes_postgresql_array_run3_zipfian_light_after.csv
Total size: 25000000, Field length average: 2500
Workload file fieldlength set to: 2500 (expected: 2500)
=== Executing the load phase for the comparison study ===
Comparison-load verification - Epoch:3 Run:4 TotalSize:25000000 ExpectedFieldLength:2500
Avg-run verification - Epoch:3 Run:4 Iteration:24 TotalSize:25000000 ExpectedFieldLength:2500
=== Executing the run phase with extendproportion=0 and read/update proportions=0.5 ===
Arrangement completed. Output saved to ../analysis/Data/Workload_data/postgresql_array_run3_zipfian_light.csv
=== Setting parameter values for extend phase ===
=== Executing the extend phase with extendproportion=1 and other proportions=0 ===
Arrangement completed. Output saved to ../analysis/Data/Workload_data/postgresql_array_run3_zipfian_light.csv
Size computation started
Extend verification - Min:13100 Max:979700 Avg:26000 (Expected avg per record: ~1000 bytes initially)
Generating histogram from key size log: key_sizes_postgresql_array_zipfian_light.csv
Histogram written to histogram_postgresql_array_zipfian_light.txt (BlockSize = 100)
Appending subsequent iteration 25...
Iteration 25: Appended new size values from key_sizes_postgresql_array_zipfian_light.csv to ../analysis/Data/Value_size_data/value_sizes_postgresql_array_run3_zipfian_light_before.csv
VACUUM start: 1773508768
VACUUM end: 1773508768
=== Setting parameter values for run phase ===
Checking query plan before run phase
=== Executing the run phase with extendproportion=0 and read/update proportions=0.5 ===
Arrangement completed. Output saved to ../analysis/Data/Workload_data/postgresql_array_run3_zipfian_light.csv
Arrangement completed. Output saved to ../analysis/Data/Workload_data/postgresql_array_run3_zipfian_light.csv
Backing up the database started
Backing up the database finished
Arrangement completed. Output saved to ../analysis/Data/Workload_data/postgresql_array_run3_zipfian_light.csv
Size computation started
Appending subsequent iteration 25...
Iteration 25: Appended new size values from key_sizes_postgresql_array_zipfian_light.csv to ../analysis/Data/Value_size_data/value_sizes_postgresql_array_run3_zipfian_light_after.csv
Total size: 26000000, Field length average: 2600
Workload file fieldlength set to: 2600 (expected: 2600)
=== Executing the load phase for the comparison study ===
Comparison-load verification - Epoch:3 Run:5 TotalSize:26000000 ExpectedFieldLength:2600
Avg-run verification - Epoch:3 Run:5 Iteration:25 TotalSize:26000000 ExpectedFieldLength:2600
=== Executing the run phase with extendproportion=0 and read/update proportions=0.5 ===
Arrangement completed. Output saved to ../analysis/Data/Workload_data/postgresql_array_run3_zipfian_light.csv
=== Setting parameter values for extend phase ===
=== Executing the extend phase with extendproportion=1 and other proportions=0 ===
Arrangement completed. Output saved to ../analysis/Data/Workload_data/postgresql_array_run3_zipfian_light.csv
Size computation started
Extend verification - Min:14000 Max:1016300 Avg:27000 (Expected avg per record: ~1000 bytes initially)
Generating histogram from key size log: key_sizes_postgresql_array_zipfian_light.csv
Histogram written to histogram_postgresql_array_zipfian_light.txt (BlockSize = 100)
Appending subsequent iteration 26...
Iteration 26: Appended new size values from key_sizes_postgresql_array_zipfian_light.csv to ../analysis/Data/Value_size_data/value_sizes_postgresql_array_run3_zipfian_light_before.csv
VACUUM start: 1773508828
VACUUM end: 1773508828
=== Setting parameter values for run phase ===
Checking query plan before run phase
=== Executing the run phase with extendproportion=0 and read/update proportions=0.5 ===
Arrangement completed. Output saved to ../analysis/Data/Workload_data/postgresql_array_run3_zipfian_light.csv
Arrangement completed. Output saved to ../analysis/Data/Workload_data/postgresql_array_run3_zipfian_light.csv
Backing up the database started
Backing up the database finished
Arrangement completed. Output saved to ../analysis/Data/Workload_data/postgresql_array_run3_zipfian_light.csv
Size computation started
Appending subsequent iteration 26...
Iteration 26: Appended new size values from key_sizes_postgresql_array_zipfian_light.csv to ../analysis/Data/Value_size_data/value_sizes_postgresql_array_run3_zipfian_light_after.csv
Total size: 27000000, Field length average: 2700
Workload file fieldlength set to: 2700 (expected: 2700)
=== Executing the load phase for the comparison study ===
Comparison-load verification - Epoch:3 Run:6 TotalSize:27000000 ExpectedFieldLength:2700
Avg-run verification - Epoch:3 Run:6 Iteration:26 TotalSize:27000000 ExpectedFieldLength:2700
=== Executing the run phase with extendproportion=0 and read/update proportions=0.5 ===
Arrangement completed. Output saved to ../analysis/Data/Workload_data/postgresql_array_run3_zipfian_light.csv
=== Setting parameter values for extend phase ===
=== Executing the extend phase with extendproportion=1 and other proportions=0 ===
Arrangement completed. Output saved to ../analysis/Data/Workload_data/postgresql_array_run3_zipfian_light.csv
Size computation started
Extend verification - Min:14500 Max:1056500 Avg:28000 (Expected avg per record: ~1000 bytes initially)
Generating histogram from key size log: key_sizes_postgresql_array_zipfian_light.csv
Histogram written to histogram_postgresql_array_zipfian_light.txt (BlockSize = 100)
Appending subsequent iteration 27...
Iteration 27: Appended new size values from key_sizes_postgresql_array_zipfian_light.csv to ../analysis/Data/Value_size_data/value_sizes_postgresql_array_run3_zipfian_light_before.csv
VACUUM start: 1773508892
VACUUM end: 1773508892
=== Setting parameter values for run phase ===
Checking query plan before run phase
=== Executing the run phase with extendproportion=0 and read/update proportions=0.5 ===
Arrangement completed. Output saved to ../analysis/Data/Workload_data/postgresql_array_run3_zipfian_light.csv
Arrangement completed. Output saved to ../analysis/Data/Workload_data/postgresql_array_run3_zipfian_light.csv
Backing up the database started
Backing up the database finished
Arrangement completed. Output saved to ../analysis/Data/Workload_data/postgresql_array_run3_zipfian_light.csv
Size computation started
Appending subsequent iteration 27...
Iteration 27: Appended new size values from key_sizes_postgresql_array_zipfian_light.csv to ../analysis/Data/Value_size_data/value_sizes_postgresql_array_run3_zipfian_light_after.csv
Total size: 28000000, Field length average: 2800
Workload file fieldlength set to: 2800 (expected: 2800)
=== Executing the load phase for the comparison study ===
Comparison-load verification - Epoch:3 Run:7 TotalSize:28000000 ExpectedFieldLength:2800
Avg-run verification - Epoch:3 Run:7 Iteration:27 TotalSize:28000000 ExpectedFieldLength:2800
=== Executing the run phase with extendproportion=0 and read/update proportions=0.5 ===
Arrangement completed. Output saved to ../analysis/Data/Workload_data/postgresql_array_run3_zipfian_light.csv
=== Setting parameter values for extend phase ===
=== Executing the extend phase with extendproportion=1 and other proportions=0 ===
Arrangement completed. Output saved to ../analysis/Data/Workload_data/postgresql_array_run3_zipfian_light.csv
Size computation started
Extend verification - Min:14800 Max:1097500 Avg:29000 (Expected avg per record: ~1000 bytes initially)
Generating histogram from key size log: key_sizes_postgresql_array_zipfian_light.csv
Histogram written to histogram_postgresql_array_zipfian_light.txt (BlockSize = 100)
Appending subsequent iteration 28...
Iteration 28: Appended new size values from key_sizes_postgresql_array_zipfian_light.csv to ../analysis/Data/Value_size_data/value_sizes_postgresql_array_run3_zipfian_light_before.csv
VACUUM start: 1773508956
VACUUM end: 1773508956
=== Setting parameter values for run phase ===
Checking query plan before run phase
=== Executing the run phase with extendproportion=0 and read/update proportions=0.5 ===
Arrangement completed. Output saved to ../analysis/Data/Workload_data/postgresql_array_run3_zipfian_light.csv
Arrangement completed. Output saved to ../analysis/Data/Workload_data/postgresql_array_run3_zipfian_light.csv
Backing up the database started
Backing up the database finished
Arrangement completed. Output saved to ../analysis/Data/Workload_data/postgresql_array_run3_zipfian_light.csv
Size computation started
Appending subsequent iteration 28...
Iteration 28: Appended new size values from key_sizes_postgresql_array_zipfian_light.csv to ../analysis/Data/Value_size_data/value_sizes_postgresql_array_run3_zipfian_light_after.csv
Total size: 29000000, Field length average: 2900
Workload file fieldlength set to: 2900 (expected: 2900)
=== Executing the load phase for the comparison study ===
Comparison-load verification - Epoch:3 Run:8 TotalSize:29000000 ExpectedFieldLength:2900
Avg-run verification - Epoch:3 Run:8 Iteration:28 TotalSize:29000000 ExpectedFieldLength:2900
=== Executing the run phase with extendproportion=0 and read/update proportions=0.5 ===
Arrangement completed. Output saved to ../analysis/Data/Workload_data/postgresql_array_run3_zipfian_light.csv
=== Setting parameter values for extend phase ===
=== Executing the extend phase with extendproportion=1 and other proportions=0 ===
Arrangement completed. Output saved to ../analysis/Data/Workload_data/postgresql_array_run3_zipfian_light.csv
Size computation started
Extend verification - Min:15800 Max:1137600 Avg:30000 (Expected avg per record: ~1000 bytes initially)
Generating histogram from key size log: key_sizes_postgresql_array_zipfian_light.csv
Histogram written to histogram_postgresql_array_zipfian_light.txt (BlockSize = 100)
Appending subsequent iteration 29...
Iteration 29: Appended new size values from key_sizes_postgresql_array_zipfian_light.csv to ../analysis/Data/Value_size_data/value_sizes_postgresql_array_run3_zipfian_light_before.csv
VACUUM start: 1773509021
VACUUM end: 1773509021
=== Setting parameter values for run phase ===
Checking query plan before run phase
=== Executing the run phase with extendproportion=0 and read/update proportions=0.5 ===
Arrangement completed. Output saved to ../analysis/Data/Workload_data/postgresql_array_run3_zipfian_light.csv
Arrangement completed. Output saved to ../analysis/Data/Workload_data/postgresql_array_run3_zipfian_light.csv
Backing up the database started
Backing up the database finished
Arrangement completed. Output saved to ../analysis/Data/Workload_data/postgresql_array_run3_zipfian_light.csv
Size computation started
Appending subsequent iteration 29...
Iteration 29: Appended new size values from key_sizes_postgresql_array_zipfian_light.csv to ../analysis/Data/Value_size_data/value_sizes_postgresql_array_run3_zipfian_light_after.csv
Total size: 30000000, Field length average: 3000
Workload file fieldlength set to: 3000 (expected: 3000)
=== Executing the load phase for the comparison study ===
Comparison-load verification - Epoch:3 Run:9 TotalSize:30000000 ExpectedFieldLength:3000
Avg-run verification - Epoch:3 Run:9 Iteration:29 TotalSize:30000000 ExpectedFieldLength:3000
=== Executing the run phase with extendproportion=0 and read/update proportions=0.5 ===
Arrangement completed. Output saved to ../analysis/Data/Workload_data/postgresql_array_run3_zipfian_light.csv
=== Setting parameter values for extend phase ===
=== Executing the extend phase with extendproportion=1 and other proportions=0 ===
Arrangement completed. Output saved to ../analysis/Data/Workload_data/postgresql_array_run3_zipfian_light.csv
Size computation started
Extend verification - Min:16100 Max:1178200 Avg:31000 (Expected avg per record: ~1000 bytes initially)
Generating histogram from key size log: key_sizes_postgresql_array_zipfian_light.csv
Histogram written to histogram_postgresql_array_zipfian_light.txt (BlockSize = 100)
Appending subsequent iteration 30...
Iteration 30: Appended new size values from key_sizes_postgresql_array_zipfian_light.csv to ../analysis/Data/Value_size_data/value_sizes_postgresql_array_run3_zipfian_light_before.csv
VACUUM start: 1773509088
VACUUM end: 1773509088
=== Setting parameter values for run phase ===
Checking query plan before run phase
=== Executing the run phase with extendproportion=0 and read/update proportions=0.5 ===
Arrangement completed. Output saved to ../analysis/Data/Workload_data/postgresql_array_run3_zipfian_light.csv
Arrangement completed. Output saved to ../analysis/Data/Workload_data/postgresql_array_run3_zipfian_light.csv
Backing up the database started
Backing up the database finished
Arrangement completed. Output saved to ../analysis/Data/Workload_data/postgresql_array_run3_zipfian_light.csv
Size computation started
Appending subsequent iteration 30...
Iteration 30: Appended new size values from key_sizes_postgresql_array_zipfian_light.csv to ../analysis/Data/Value_size_data/value_sizes_postgresql_array_run3_zipfian_light_after.csv
Total size: 31000000, Field length average: 3100
Workload file fieldlength set to: 3100 (expected: 3100)
=== Executing the load phase for the comparison study ===
Comparison-load verification - Epoch:3 Run:10 TotalSize:31000000 ExpectedFieldLength:3100
Avg-run verification - Epoch:3 Run:10 Iteration:30 TotalSize:31000000 ExpectedFieldLength:3100
=== Executing the run phase with extendproportion=0 and read/update proportions=0.5 ===
Arrangement completed. Output saved to ../analysis/Data/Workload_data/postgresql_array_run3_zipfian_light.csv
=== Setting parameter values for extend phase ===
=== Executing the extend phase with extendproportion=1 and other proportions=0 ===
Arrangement completed. Output saved to ../analysis/Data/Workload_data/postgresql_array_run3_zipfian_light.csv
Size computation started
Extend verification - Min:16600 Max:1218700 Avg:32000 (Expected avg per record: ~1000 bytes initially)
Generating histogram from key size log: key_sizes_postgresql_array_zipfian_light.csv
Histogram written to histogram_postgresql_array_zipfian_light.txt (BlockSize = 100)
Appending subsequent iteration 31...
Iteration 31: Appended new size values from key_sizes_postgresql_array_zipfian_light.csv to ../analysis/Data/Value_size_data/value_sizes_postgresql_array_run3_zipfian_light_before.csv
VACUUM start: 1773509154
VACUUM end: 1773509154
=== Setting parameter values for run phase ===
Checking query plan before run phase
=== Executing the run phase with extendproportion=0 and read/update proportions=0.5 ===
Arrangement completed. Output saved to ../analysis/Data/Workload_data/postgresql_array_run3_zipfian_light.csv
Arrangement completed. Output saved to ../analysis/Data/Workload_data/postgresql_array_run3_zipfian_light.csv
Backing up the database started
Backing up the database finished
Arrangement completed. Output saved to ../analysis/Data/Workload_data/postgresql_array_run3_zipfian_light.csv
Size computation started
Appending subsequent iteration 31...
Iteration 31: Appended new size values from key_sizes_postgresql_array_zipfian_light.csv to ../analysis/Data/Value_size_data/value_sizes_postgresql_array_run3_zipfian_light_after.csv
Total size: 32000000, Field length average: 3200
Workload file fieldlength set to: 3200 (expected: 3200)
=== Executing the load phase for the comparison study ===
Comparison-load verification - Epoch:4 Run:1 TotalSize:32000000 ExpectedFieldLength:3200
Avg-run verification - Epoch:4 Run:1 Iteration:31 TotalSize:32000000 ExpectedFieldLength:3200
=== Executing the run phase with extendproportion=0 and read/update proportions=0.5 ===
Arrangement completed. Output saved to ../analysis/Data/Workload_data/postgresql_array_run3_zipfian_light.csv
=== Setting parameter values for extend phase ===
=== Executing the extend phase with extendproportion=1 and other proportions=0 ===
Arrangement completed. Output saved to ../analysis/Data/Workload_data/postgresql_array_run3_zipfian_light.csv
Size computation started
Extend verification - Min:17100 Max:1256200 Avg:33000 (Expected avg per record: ~1000 bytes initially)
Generating histogram from key size log: key_sizes_postgresql_array_zipfian_light.csv
Histogram written to histogram_postgresql_array_zipfian_light.txt (BlockSize = 100)
Appending subsequent iteration 32...
Iteration 32: Appended new size values from key_sizes_postgresql_array_zipfian_light.csv to ../analysis/Data/Value_size_data/value_sizes_postgresql_array_run3_zipfian_light_before.csv
VACUUM start: 1773509222
VACUUM end: 1773509222
=== Setting parameter values for run phase ===
Checking query plan before run phase
=== Executing the run phase with extendproportion=0 and read/update proportions=0.5 ===
Arrangement completed. Output saved to ../analysis/Data/Workload_data/postgresql_array_run3_zipfian_light.csv
Arrangement completed. Output saved to ../analysis/Data/Workload_data/postgresql_array_run3_zipfian_light.csv
Backing up the database started
Backing up the database finished
Arrangement completed. Output saved to ../analysis/Data/Workload_data/postgresql_array_run3_zipfian_light.csv
Size computation started
Appending subsequent iteration 32...
Iteration 32: Appended new size values from key_sizes_postgresql_array_zipfian_light.csv to ../analysis/Data/Value_size_data/value_sizes_postgresql_array_run3_zipfian_light_after.csv
Total size: 33000000, Field length average: 3300
Workload file fieldlength set to: 3300 (expected: 3300)
=== Executing the load phase for the comparison study ===
Comparison-load verification - Epoch:4 Run:2 TotalSize:33000000 ExpectedFieldLength:3300
Avg-run verification - Epoch:4 Run:2 Iteration:32 TotalSize:33000000 ExpectedFieldLength:3300
=== Executing the run phase with extendproportion=0 and read/update proportions=0.5 ===
Arrangement completed. Output saved to ../analysis/Data/Workload_data/postgresql_array_run3_zipfian_light.csv
=== Setting parameter values for extend phase ===
=== Executing the extend phase with extendproportion=1 and other proportions=0 ===
Arrangement completed. Output saved to ../analysis/Data/Workload_data/postgresql_array_run3_zipfian_light.csv
Size computation started
Extend verification - Min:18000 Max:1296900 Avg:34000 (Expected avg per record: ~1000 bytes initially)
Generating histogram from key size log: key_sizes_postgresql_array_zipfian_light.csv
Histogram written to histogram_postgresql_array_zipfian_light.txt (BlockSize = 100)
Appending subsequent iteration 33...
Iteration 33: Appended new size values from key_sizes_postgresql_array_zipfian_light.csv to ../analysis/Data/Value_size_data/value_sizes_postgresql_array_run3_zipfian_light_before.csv
VACUUM start: 1773509292
VACUUM end: 1773509292
=== Setting parameter values for run phase ===
Checking query plan before run phase
=== Executing the run phase with extendproportion=0 and read/update proportions=0.5 ===
Arrangement completed. Output saved to ../analysis/Data/Workload_data/postgresql_array_run3_zipfian_light.csv
Arrangement completed. Output saved to ../analysis/Data/Workload_data/postgresql_array_run3_zipfian_light.csv
Backing up the database started
Backing up the database finished
Arrangement completed. Output saved to ../analysis/Data/Workload_data/postgresql_array_run3_zipfian_light.csv
Size computation started
Appending subsequent iteration 33...
Iteration 33: Appended new size values from key_sizes_postgresql_array_zipfian_light.csv to ../analysis/Data/Value_size_data/value_sizes_postgresql_array_run3_zipfian_light_after.csv
Total size: 34000000, Field length average: 3400
Workload file fieldlength set to: 3400 (expected: 3400)
=== Executing the load phase for the comparison study ===
Comparison-load verification - Epoch:4 Run:3 TotalSize:34000000 ExpectedFieldLength:3400
Avg-run verification - Epoch:4 Run:3 Iteration:33 TotalSize:34000000 ExpectedFieldLength:3400
=== Executing the run phase with extendproportion=0 and read/update proportions=0.5 ===
Arrangement completed. Output saved to ../analysis/Data/Workload_data/postgresql_array_run3_zipfian_light.csv
=== Setting parameter values for extend phase ===
=== Executing the extend phase with extendproportion=1 and other proportions=0 ===
Arrangement completed. Output saved to ../analysis/Data/Workload_data/postgresql_array_run3_zipfian_light.csv
Size computation started
Extend verification - Min:18400 Max:1333900 Avg:35000 (Expected avg per record: ~1000 bytes initially)
Generating histogram from key size log: key_sizes_postgresql_array_zipfian_light.csv
Histogram written to histogram_postgresql_array_zipfian_light.txt (BlockSize = 100)
Appending subsequent iteration 34...
Iteration 34: Appended new size values from key_sizes_postgresql_array_zipfian_light.csv to ../analysis/Data/Value_size_data/value_sizes_postgresql_array_run3_zipfian_light_before.csv
VACUUM start: 1773509363
VACUUM end: 1773509363
=== Setting parameter values for run phase ===
Checking query plan before run phase
=== Executing the run phase with extendproportion=0 and read/update proportions=0.5 ===
Arrangement completed. Output saved to ../analysis/Data/Workload_data/postgresql_array_run3_zipfian_light.csv
Arrangement completed. Output saved to ../analysis/Data/Workload_data/postgresql_array_run3_zipfian_light.csv
Backing up the database started
Backing up the database finished
Arrangement completed. Output saved to ../analysis/Data/Workload_data/postgresql_array_run3_zipfian_light.csv
Size computation started
Appending subsequent iteration 34...
Iteration 34: Appended new size values from key_sizes_postgresql_array_zipfian_light.csv to ../analysis/Data/Value_size_data/value_sizes_postgresql_array_run3_zipfian_light_after.csv
Total size: 35000000, Field length average: 3500
Workload file fieldlength set to: 3500 (expected: 3500)
=== Executing the load phase for the comparison study ===
Comparison-load verification - Epoch:4 Run:4 TotalSize:35000000 ExpectedFieldLength:3500
Avg-run verification - Epoch:4 Run:4 Iteration:34 TotalSize:35000000 ExpectedFieldLength:3500
=== Executing the run phase with extendproportion=0 and read/update proportions=0.5 ===
Arrangement completed. Output saved to ../analysis/Data/Workload_data/postgresql_array_run3_zipfian_light.csv
=== Setting parameter values for extend phase ===
=== Executing the extend phase with extendproportion=1 and other proportions=0 ===
Arrangement completed. Output saved to ../analysis/Data/Workload_data/postgresql_array_run3_zipfian_light.csv
Size computation started
Extend verification - Min:18800 Max:1373900 Avg:36000 (Expected avg per record: ~1000 bytes initially)
Generating histogram from key size log: key_sizes_postgresql_array_zipfian_light.csv
Histogram written to histogram_postgresql_array_zipfian_light.txt (BlockSize = 100)
Appending subsequent iteration 35...
Iteration 35: Appended new size values from key_sizes_postgresql_array_zipfian_light.csv to ../analysis/Data/Value_size_data/value_sizes_postgresql_array_run3_zipfian_light_before.csv
VACUUM start: 1773509437
VACUUM end: 1773509437
=== Setting parameter values for run phase ===
Checking query plan before run phase
=== Executing the run phase with extendproportion=0 and read/update proportions=0.5 ===
Arrangement completed. Output saved to ../analysis/Data/Workload_data/postgresql_array_run3_zipfian_light.csv
Arrangement completed. Output saved to ../analysis/Data/Workload_data/postgresql_array_run3_zipfian_light.csv
Backing up the database started
Backing up the database finished
Arrangement completed. Output saved to ../analysis/Data/Workload_data/postgresql_array_run3_zipfian_light.csv
Size computation started
Appending subsequent iteration 35...
Iteration 35: Appended new size values from key_sizes_postgresql_array_zipfian_light.csv to ../analysis/Data/Value_size_data/value_sizes_postgresql_array_run3_zipfian_light_after.csv
Total size: 36000000, Field length average: 3600
Workload file fieldlength set to: 3600 (expected: 3600)
=== Executing the load phase for the comparison study ===
Comparison-load verification - Epoch:4 Run:5 TotalSize:36000000 ExpectedFieldLength:3600
Avg-run verification - Epoch:4 Run:5 Iteration:35 TotalSize:36000000 ExpectedFieldLength:3600
=== Executing the run phase with extendproportion=0 and read/update proportions=0.5 ===
Arrangement completed. Output saved to ../analysis/Data/Workload_data/postgresql_array_run3_zipfian_light.csv
=== Setting parameter values for extend phase ===
=== Executing the extend phase with extendproportion=1 and other proportions=0 ===
Arrangement completed. Output saved to ../analysis/Data/Workload_data/postgresql_array_run3_zipfian_light.csv
Size computation started
Extend verification - Min:19600 Max:1414800 Avg:37000 (Expected avg per record: ~1000 bytes initially)
Generating histogram from key size log: key_sizes_postgresql_array_zipfian_light.csv
Histogram written to histogram_postgresql_array_zipfian_light.txt (BlockSize = 100)
Appending subsequent iteration 36...
Iteration 36: Appended new size values from key_sizes_postgresql_array_zipfian_light.csv to ../analysis/Data/Value_size_data/value_sizes_postgresql_array_run3_zipfian_light_before.csv
VACUUM start: 1773509510
VACUUM end: 1773509510
=== Setting parameter values for run phase ===
Checking query plan before run phase
=== Executing the run phase with extendproportion=0 and read/update proportions=0.5 ===
Arrangement completed. Output saved to ../analysis/Data/Workload_data/postgresql_array_run3_zipfian_light.csv
Arrangement completed. Output saved to ../analysis/Data/Workload_data/postgresql_array_run3_zipfian_light.csv
Backing up the database started
Backing up the database finished
Arrangement completed. Output saved to ../analysis/Data/Workload_data/postgresql_array_run3_zipfian_light.csv
Size computation started
Appending subsequent iteration 36...
Iteration 36: Appended new size values from key_sizes_postgresql_array_zipfian_light.csv to ../analysis/Data/Value_size_data/value_sizes_postgresql_array_run3_zipfian_light_after.csv
Total size: 37000000, Field length average: 3700
Workload file fieldlength set to: 3700 (expected: 3700)
=== Executing the load phase for the comparison study ===
Comparison-load verification - Epoch:4 Run:6 TotalSize:37000000 ExpectedFieldLength:3700
Avg-run verification - Epoch:4 Run:6 Iteration:36 TotalSize:37000000 ExpectedFieldLength:3700
=== Executing the run phase with extendproportion=0 and read/update proportions=0.5 ===
Arrangement completed. Output saved to ../analysis/Data/Workload_data/postgresql_array_run3_zipfian_light.csv
=== Setting parameter values for extend phase ===
=== Executing the extend phase with extendproportion=1 and other proportions=0 ===
Arrangement completed. Output saved to ../analysis/Data/Workload_data/postgresql_array_run3_zipfian_light.csv
Size computation started
Extend verification - Min:20400 Max:1451200 Avg:38000 (Expected avg per record: ~1000 bytes initially)
Generating histogram from key size log: key_sizes_postgresql_array_zipfian_light.csv
Histogram written to histogram_postgresql_array_zipfian_light.txt (BlockSize = 100)
Appending subsequent iteration 37...
Iteration 37: Appended new size values from key_sizes_postgresql_array_zipfian_light.csv to ../analysis/Data/Value_size_data/value_sizes_postgresql_array_run3_zipfian_light_before.csv
VACUUM start: 1773509587
VACUUM end: 1773509587
=== Setting parameter values for run phase ===
Checking query plan before run phase
=== Executing the run phase with extendproportion=0 and read/update proportions=0.5 ===
Arrangement completed. Output saved to ../analysis/Data/Workload_data/postgresql_array_run3_zipfian_light.csv
Arrangement completed. Output saved to ../analysis/Data/Workload_data/postgresql_array_run3_zipfian_light.csv
Backing up the database started
Backing up the database finished
Arrangement completed. Output saved to ../analysis/Data/Workload_data/postgresql_array_run3_zipfian_light.csv
Size computation started
Appending subsequent iteration 37...
Iteration 37: Appended new size values from key_sizes_postgresql_array_zipfian_light.csv to ../analysis/Data/Value_size_data/value_sizes_postgresql_array_run3_zipfian_light_after.csv
Total size: 38000000, Field length average: 3800
Workload file fieldlength set to: 3800 (expected: 3800)
=== Executing the load phase for the comparison study ===
Comparison-load verification - Epoch:4 Run:7 TotalSize:38000000 ExpectedFieldLength:3800
Avg-run verification - Epoch:4 Run:7 Iteration:37 TotalSize:38000000 ExpectedFieldLength:3800
=== Executing the run phase with extendproportion=0 and read/update proportions=0.5 ===
Arrangement completed. Output saved to ../analysis/Data/Workload_data/postgresql_array_run3_zipfian_light.csv
=== Setting parameter values for extend phase ===
=== Executing the extend phase with extendproportion=1 and other proportions=0 ===
Arrangement completed. Output saved to ../analysis/Data/Workload_data/postgresql_array_run3_zipfian_light.csv
Size computation started
Extend verification - Min:21000 Max:1492200 Avg:39000 (Expected avg per record: ~1000 bytes initially)
Generating histogram from key size log: key_sizes_postgresql_array_zipfian_light.csv
Histogram written to histogram_postgresql_array_zipfian_light.txt (BlockSize = 100)
Appending subsequent iteration 38...
Iteration 38: Appended new size values from key_sizes_postgresql_array_zipfian_light.csv to ../analysis/Data/Value_size_data/value_sizes_postgresql_array_run3_zipfian_light_before.csv
VACUUM start: 1773509661
VACUUM end: 1773509661
=== Setting parameter values for run phase ===
Checking query plan before run phase
=== Executing the run phase with extendproportion=0 and read/update proportions=0.5 ===
Arrangement completed. Output saved to ../analysis/Data/Workload_data/postgresql_array_run3_zipfian_light.csv
Arrangement completed. Output saved to ../analysis/Data/Workload_data/postgresql_array_run3_zipfian_light.csv
Backing up the database started
Backing up the database finished
Arrangement completed. Output saved to ../analysis/Data/Workload_data/postgresql_array_run3_zipfian_light.csv
Size computation started
Appending subsequent iteration 38...
Iteration 38: Appended new size values from key_sizes_postgresql_array_zipfian_light.csv to ../analysis/Data/Value_size_data/value_sizes_postgresql_array_run3_zipfian_light_after.csv
Total size: 39000000, Field length average: 3900
Workload file fieldlength set to: 3900 (expected: 3900)
=== Executing the load phase for the comparison study ===
Comparison-load verification - Epoch:4 Run:8 TotalSize:39000000 ExpectedFieldLength:3900
Avg-run verification - Epoch:4 Run:8 Iteration:38 TotalSize:39000000 ExpectedFieldLength:3900
=== Executing the run phase with extendproportion=0 and read/update proportions=0.5 ===
Arrangement completed. Output saved to ../analysis/Data/Workload_data/postgresql_array_run3_zipfian_light.csv
=== Setting parameter values for extend phase ===
=== Executing the extend phase with extendproportion=1 and other proportions=0 ===
Arrangement completed. Output saved to ../analysis/Data/Workload_data/postgresql_array_run3_zipfian_light.csv
Size computation started
Extend verification - Min:21300 Max:1531400 Avg:40000 (Expected avg per record: ~1000 bytes initially)
Generating histogram from key size log: key_sizes_postgresql_array_zipfian_light.csv
Histogram written to histogram_postgresql_array_zipfian_light.txt (BlockSize = 100)
Appending subsequent iteration 39...
Iteration 39: Appended new size values from key_sizes_postgresql_array_zipfian_light.csv to ../analysis/Data/Value_size_data/value_sizes_postgresql_array_run3_zipfian_light_before.csv
VACUUM start: 1773509737
VACUUM end: 1773509737
=== Setting parameter values for run phase ===
Checking query plan before run phase
=== Executing the run phase with extendproportion=0 and read/update proportions=0.5 ===
Arrangement completed. Output saved to ../analysis/Data/Workload_data/postgresql_array_run3_zipfian_light.csv
Arrangement completed. Output saved to ../analysis/Data/Workload_data/postgresql_array_run3_zipfian_light.csv
Backing up the database started
Backing up the database finished
Arrangement completed. Output saved to ../analysis/Data/Workload_data/postgresql_array_run3_zipfian_light.csv
Size computation started
Appending subsequent iteration 39...
Iteration 39: Appended new size values from key_sizes_postgresql_array_zipfian_light.csv to ../analysis/Data/Value_size_data/value_sizes_postgresql_array_run3_zipfian_light_after.csv
Total size: 40000000, Field length average: 4000
Workload file fieldlength set to: 4000 (expected: 4000)
=== Executing the load phase for the comparison study ===
Comparison-load verification - Epoch:4 Run:9 TotalSize:40000000 ExpectedFieldLength:4000
Avg-run verification - Epoch:4 Run:9 Iteration:39 TotalSize:40000000 ExpectedFieldLength:4000
=== Executing the run phase with extendproportion=0 and read/update proportions=0.5 ===
Arrangement completed. Output saved to ../analysis/Data/Workload_data/postgresql_array_run3_zipfian_light.csv
=== Setting parameter values for extend phase ===
=== Executing the extend phase with extendproportion=1 and other proportions=0 ===
Arrangement completed. Output saved to ../analysis/Data/Workload_data/postgresql_array_run3_zipfian_light.csv
Size computation started
Extend verification - Min:21900 Max:1567300 Avg:41000 (Expected avg per record: ~1000 bytes initially)
Generating histogram from key size log: key_sizes_postgresql_array_zipfian_light.csv
Histogram written to histogram_postgresql_array_zipfian_light.txt (BlockSize = 100)
Appending subsequent iteration 40...
Iteration 40: Appended new size values from key_sizes_postgresql_array_zipfian_light.csv to ../analysis/Data/Value_size_data/value_sizes_postgresql_array_run3_zipfian_light_before.csv
VACUUM start: 1773509812
VACUUM end: 1773509812
=== Setting parameter values for run phase ===
Checking query plan before run phase
=== Executing the run phase with extendproportion=0 and read/update proportions=0.5 ===
Arrangement completed. Output saved to ../analysis/Data/Workload_data/postgresql_array_run3_zipfian_light.csv
Arrangement completed. Output saved to ../analysis/Data/Workload_data/postgresql_array_run3_zipfian_light.csv
Backing up the database started
Backing up the database finished
Arrangement completed. Output saved to ../analysis/Data/Workload_data/postgresql_array_run3_zipfian_light.csv
Size computation started
Appending subsequent iteration 40...
Iteration 40: Appended new size values from key_sizes_postgresql_array_zipfian_light.csv to ../analysis/Data/Value_size_data/value_sizes_postgresql_array_run3_zipfian_light_after.csv
Total size: 41000000, Field length average: 4100
Workload file fieldlength set to: 4100 (expected: 4100)
=== Executing the load phase for the comparison study ===
Comparison-load verification - Epoch:4 Run:10 TotalSize:41000000 ExpectedFieldLength:4100
Avg-run verification - Epoch:4 Run:10 Iteration:40 TotalSize:41000000 ExpectedFieldLength:4100
=== Executing the run phase with extendproportion=0 and read/update proportions=0.5 ===
Arrangement completed. Output saved to ../analysis/Data/Workload_data/postgresql_array_run3_zipfian_light.csv
=== Setting parameter values for extend phase ===
=== Executing the extend phase with extendproportion=1 and other proportions=0 ===
Arrangement completed. Output saved to ../analysis/Data/Workload_data/postgresql_array_run3_zipfian_light.csv
Size computation started
Extend verification - Min:22900 Max:1602600 Avg:42000 (Expected avg per record: ~1000 bytes initially)
Generating histogram from key size log: key_sizes_postgresql_array_zipfian_light.csv
Histogram written to histogram_postgresql_array_zipfian_light.txt (BlockSize = 100)
Appending subsequent iteration 41...
Iteration 41: Appended new size values from key_sizes_postgresql_array_zipfian_light.csv to ../analysis/Data/Value_size_data/value_sizes_postgresql_array_run3_zipfian_light_before.csv
VACUUM start: 1773509891
VACUUM end: 1773509891
=== Setting parameter values for run phase ===
Checking query plan before run phase
=== Executing the run phase with extendproportion=0 and read/update proportions=0.5 ===
Arrangement completed. Output saved to ../analysis/Data/Workload_data/postgresql_array_run3_zipfian_light.csv
Arrangement completed. Output saved to ../analysis/Data/Workload_data/postgresql_array_run3_zipfian_light.csv
Backing up the database started
Backing up the database finished
Arrangement completed. Output saved to ../analysis/Data/Workload_data/postgresql_array_run3_zipfian_light.csv
Size computation started
Appending subsequent iteration 41...
Iteration 41: Appended new size values from key_sizes_postgresql_array_zipfian_light.csv to ../analysis/Data/Value_size_data/value_sizes_postgresql_array_run3_zipfian_light_after.csv
Total size: 42000000, Field length average: 4200
Workload file fieldlength set to: 4200 (expected: 4200)
=== Executing the load phase for the comparison study ===
Comparison-load verification - Epoch:5 Run:1 TotalSize:42000000 ExpectedFieldLength:4200
Avg-run verification - Epoch:5 Run:1 Iteration:41 TotalSize:42000000 ExpectedFieldLength:4200
=== Executing the run phase with extendproportion=0 and read/update proportions=0.5 ===
Arrangement completed. Output saved to ../analysis/Data/Workload_data/postgresql_array_run3_zipfian_light.csv
=== Setting parameter values for extend phase ===
=== Executing the extend phase with extendproportion=1 and other proportions=0 ===
Arrangement completed. Output saved to ../analysis/Data/Workload_data/postgresql_array_run3_zipfian_light.csv
Size computation started
Extend verification - Min:23200 Max:1640900 Avg:43000 (Expected avg per record: ~1000 bytes initially)
Generating histogram from key size log: key_sizes_postgresql_array_zipfian_light.csv
Histogram written to histogram_postgresql_array_zipfian_light.txt (BlockSize = 100)
Appending subsequent iteration 42...
Iteration 42: Appended new size values from key_sizes_postgresql_array_zipfian_light.csv to ../analysis/Data/Value_size_data/value_sizes_postgresql_array_run3_zipfian_light_before.csv
VACUUM start: 1773509970
VACUUM end: 1773509970
=== Setting parameter values for run phase ===
Checking query plan before run phase
=== Executing the run phase with extendproportion=0 and read/update proportions=0.5 ===
Arrangement completed. Output saved to ../analysis/Data/Workload_data/postgresql_array_run3_zipfian_light.csv
Arrangement completed. Output saved to ../analysis/Data/Workload_data/postgresql_array_run3_zipfian_light.csv
Backing up the database started
Backing up the database finished
Arrangement completed. Output saved to ../analysis/Data/Workload_data/postgresql_array_run3_zipfian_light.csv
Size computation started
Appending subsequent iteration 42...
Iteration 42: Appended new size values from key_sizes_postgresql_array_zipfian_light.csv to ../analysis/Data/Value_size_data/value_sizes_postgresql_array_run3_zipfian_light_after.csv
Total size: 43000000, Field length average: 4300
Workload file fieldlength set to: 4300 (expected: 4300)
=== Executing the load phase for the comparison study ===
Comparison-load verification - Epoch:5 Run:2 TotalSize:43000000 ExpectedFieldLength:4300
Avg-run verification - Epoch:5 Run:2 Iteration:42 TotalSize:43000000 ExpectedFieldLength:4300
=== Executing the run phase with extendproportion=0 and read/update proportions=0.5 ===
Arrangement completed. Output saved to ../analysis/Data/Workload_data/postgresql_array_run3_zipfian_light.csv
=== Setting parameter values for extend phase ===
=== Executing the extend phase with extendproportion=1 and other proportions=0 ===
Arrangement completed. Output saved to ../analysis/Data/Workload_data/postgresql_array_run3_zipfian_light.csv
Size computation started
Extend verification - Min:23600 Max:1677300 Avg:44000 (Expected avg per record: ~1000 bytes initially)
Generating histogram from key size log: key_sizes_postgresql_array_zipfian_light.csv
Histogram written to histogram_postgresql_array_zipfian_light.txt (BlockSize = 100)
Appending subsequent iteration 43...
Iteration 43: Appended new size values from key_sizes_postgresql_array_zipfian_light.csv to ../analysis/Data/Value_size_data/value_sizes_postgresql_array_run3_zipfian_light_before.csv
VACUUM start: 1773510051
VACUUM end: 1773510051
=== Setting parameter values for run phase ===
Checking query plan before run phase
=== Executing the run phase with extendproportion=0 and read/update proportions=0.5 ===
Arrangement completed. Output saved to ../analysis/Data/Workload_data/postgresql_array_run3_zipfian_light.csv
Arrangement completed. Output saved to ../analysis/Data/Workload_data/postgresql_array_run3_zipfian_light.csv
Backing up the database started
Backing up the database finished
Arrangement completed. Output saved to ../analysis/Data/Workload_data/postgresql_array_run3_zipfian_light.csv
Size computation started
Appending subsequent iteration 43...
Iteration 43: Appended new size values from key_sizes_postgresql_array_zipfian_light.csv to ../analysis/Data/Value_size_data/value_sizes_postgresql_array_run3_zipfian_light_after.csv
Total size: 44000000, Field length average: 4400
Workload file fieldlength set to: 4400 (expected: 4400)
=== Executing the load phase for the comparison study ===
Comparison-load verification - Epoch:5 Run:3 TotalSize:44000000 ExpectedFieldLength:4400
Avg-run verification - Epoch:5 Run:3 Iteration:43 TotalSize:44000000 ExpectedFieldLength:4400
=== Executing the run phase with extendproportion=0 and read/update proportions=0.5 ===
Arrangement completed. Output saved to ../analysis/Data/Workload_data/postgresql_array_run3_zipfian_light.csv
=== Setting parameter values for extend phase ===
=== Executing the extend phase with extendproportion=1 and other proportions=0 ===
Arrangement completed. Output saved to ../analysis/Data/Workload_data/postgresql_array_run3_zipfian_light.csv
Size computation started
Extend verification - Min:24300 Max:1715500 Avg:45000 (Expected avg per record: ~1000 bytes initially)
Generating histogram from key size log: key_sizes_postgresql_array_zipfian_light.csv
Histogram written to histogram_postgresql_array_zipfian_light.txt (BlockSize = 100)
Appending subsequent iteration 44...
Iteration 44: Appended new size values from key_sizes_postgresql_array_zipfian_light.csv to ../analysis/Data/Value_size_data/value_sizes_postgresql_array_run3_zipfian_light_before.csv
VACUUM start: 1773510131
VACUUM end: 1773510131
=== Setting parameter values for run phase ===
Checking query plan before run phase
=== Executing the run phase with extendproportion=0 and read/update proportions=0.5 ===
Arrangement completed. Output saved to ../analysis/Data/Workload_data/postgresql_array_run3_zipfian_light.csv
Arrangement completed. Output saved to ../analysis/Data/Workload_data/postgresql_array_run3_zipfian_light.csv
Backing up the database started
Backing up the database finished
Arrangement completed. Output saved to ../analysis/Data/Workload_data/postgresql_array_run3_zipfian_light.csv
Size computation started
Appending subsequent iteration 44...
Iteration 44: Appended new size values from key_sizes_postgresql_array_zipfian_light.csv to ../analysis/Data/Value_size_data/value_sizes_postgresql_array_run3_zipfian_light_after.csv
Total size: 45000000, Field length average: 4500
Workload file fieldlength set to: 4500 (expected: 4500)
=== Executing the load phase for the comparison study ===
Comparison-load verification - Epoch:5 Run:4 TotalSize:45000000 ExpectedFieldLength:4500
Avg-run verification - Epoch:5 Run:4 Iteration:44 TotalSize:45000000 ExpectedFieldLength:4500
=== Executing the run phase with extendproportion=0 and read/update proportions=0.5 ===
Arrangement completed. Output saved to ../analysis/Data/Workload_data/postgresql_array_run3_zipfian_light.csv
=== Setting parameter values for extend phase ===
=== Executing the extend phase with extendproportion=1 and other proportions=0 ===
Arrangement completed. Output saved to ../analysis/Data/Workload_data/postgresql_array_run3_zipfian_light.csv
Size computation started
Extend verification - Min:24700 Max:1755100 Avg:46000 (Expected avg per record: ~1000 bytes initially)
Generating histogram from key size log: key_sizes_postgresql_array_zipfian_light.csv
Histogram written to histogram_postgresql_array_zipfian_light.txt (BlockSize = 100)
Appending subsequent iteration 45...
Iteration 45: Appended new size values from key_sizes_postgresql_array_zipfian_light.csv to ../analysis/Data/Value_size_data/value_sizes_postgresql_array_run3_zipfian_light_before.csv
VACUUM start: 1773510218
VACUUM end: 1773510218
=== Setting parameter values for run phase ===
Checking query plan before run phase
=== Executing the run phase with extendproportion=0 and read/update proportions=0.5 ===
Arrangement completed. Output saved to ../analysis/Data/Workload_data/postgresql_array_run3_zipfian_light.csv
Arrangement completed. Output saved to ../analysis/Data/Workload_data/postgresql_array_run3_zipfian_light.csv
Backing up the database started
Backing up the database finished
Arrangement completed. Output saved to ../analysis/Data/Workload_data/postgresql_array_run3_zipfian_light.csv
Size computation started
Appending subsequent iteration 45...
Iteration 45: Appended new size values from key_sizes_postgresql_array_zipfian_light.csv to ../analysis/Data/Value_size_data/value_sizes_postgresql_array_run3_zipfian_light_after.csv
Total size: 46000000, Field length average: 4600
Workload file fieldlength set to: 4600 (expected: 4600)
=== Executing the load phase for the comparison study ===
Comparison-load verification - Epoch:5 Run:5 TotalSize:46000000 ExpectedFieldLength:4600
Avg-run verification - Epoch:5 Run:5 Iteration:45 TotalSize:46000000 ExpectedFieldLength:4600
=== Executing the run phase with extendproportion=0 and read/update proportions=0.5 ===
Arrangement completed. Output saved to ../analysis/Data/Workload_data/postgresql_array_run3_zipfian_light.csv
=== Setting parameter values for extend phase ===
=== Executing the extend phase with extendproportion=1 and other proportions=0 ===
Arrangement completed. Output saved to ../analysis/Data/Workload_data/postgresql_array_run3_zipfian_light.csv
Size computation started
Extend verification - Min:25200 Max:1796500 Avg:47000 (Expected avg per record: ~1000 bytes initially)
Generating histogram from key size log: key_sizes_postgresql_array_zipfian_light.csv
Histogram written to histogram_postgresql_array_zipfian_light.txt (BlockSize = 100)
Appending subsequent iteration 46...
Iteration 46: Appended new size values from key_sizes_postgresql_array_zipfian_light.csv to ../analysis/Data/Value_size_data/value_sizes_postgresql_array_run3_zipfian_light_before.csv
VACUUM start: 1773510303
VACUUM end: 1773510304
=== Setting parameter values for run phase ===
Checking query plan before run phase
=== Executing the run phase with extendproportion=0 and read/update proportions=0.5 ===
Arrangement completed. Output saved to ../analysis/Data/Workload_data/postgresql_array_run3_zipfian_light.csv
Arrangement completed. Output saved to ../analysis/Data/Workload_data/postgresql_array_run3_zipfian_light.csv
Backing up the database started
Backing up the database finished
Arrangement completed. Output saved to ../analysis/Data/Workload_data/postgresql_array_run3_zipfian_light.csv
Size computation started
Appending subsequent iteration 46...
Iteration 46: Appended new size values from key_sizes_postgresql_array_zipfian_light.csv to ../analysis/Data/Value_size_data/value_sizes_postgresql_array_run3_zipfian_light_after.csv
Total size: 47000000, Field length average: 4700
Workload file fieldlength set to: 4700 (expected: 4700)
=== Executing the load phase for the comparison study ===
Comparison-load verification - Epoch:5 Run:6 TotalSize:47000000 ExpectedFieldLength:4700
Avg-run verification - Epoch:5 Run:6 Iteration:46 TotalSize:47000000 ExpectedFieldLength:4700
=== Executing the run phase with extendproportion=0 and read/update proportions=0.5 ===
Arrangement completed. Output saved to ../analysis/Data/Workload_data/postgresql_array_run3_zipfian_light.csv
=== Setting parameter values for extend phase ===
=== Executing the extend phase with extendproportion=1 and other proportions=0 ===
Arrangement completed. Output saved to ../analysis/Data/Workload_data/postgresql_array_run3_zipfian_light.csv
Size computation started
Extend verification - Min:25900 Max:1834400 Avg:48000 (Expected avg per record: ~1000 bytes initially)
Generating histogram from key size log: key_sizes_postgresql_array_zipfian_light.csv
Histogram written to histogram_postgresql_array_zipfian_light.txt (BlockSize = 100)
Appending subsequent iteration 47...
Iteration 47: Appended new size values from key_sizes_postgresql_array_zipfian_light.csv to ../analysis/Data/Value_size_data/value_sizes_postgresql_array_run3_zipfian_light_before.csv
VACUUM start: 1773510387
VACUUM end: 1773510387
=== Setting parameter values for run phase ===
Checking query plan before run phase
=== Executing the run phase with extendproportion=0 and read/update proportions=0.5 ===
Arrangement completed. Output saved to ../analysis/Data/Workload_data/postgresql_array_run3_zipfian_light.csv
Arrangement completed. Output saved to ../analysis/Data/Workload_data/postgresql_array_run3_zipfian_light.csv
Backing up the database started
Backing up the database finished
Arrangement completed. Output saved to ../analysis/Data/Workload_data/postgresql_array_run3_zipfian_light.csv
Size computation started
Appending subsequent iteration 47...
Iteration 47: Appended new size values from key_sizes_postgresql_array_zipfian_light.csv to ../analysis/Data/Value_size_data/value_sizes_postgresql_array_run3_zipfian_light_after.csv
Total size: 48000000, Field length average: 4800
Workload file fieldlength set to: 4800 (expected: 4800)
=== Executing the load phase for the comparison study ===
Comparison-load verification - Epoch:5 Run:7 TotalSize:48000000 ExpectedFieldLength:4800
Avg-run verification - Epoch:5 Run:7 Iteration:47 TotalSize:48000000 ExpectedFieldLength:4800
=== Executing the run phase with extendproportion=0 and read/update proportions=0.5 ===
Arrangement completed. Output saved to ../analysis/Data/Workload_data/postgresql_array_run3_zipfian_light.csv
=== Setting parameter values for extend phase ===
=== Executing the extend phase with extendproportion=1 and other proportions=0 ===
Arrangement completed. Output saved to ../analysis/Data/Workload_data/postgresql_array_run3_zipfian_light.csv
Size computation started
Extend verification - Min:26900 Max:1871400 Avg:49000 (Expected avg per record: ~1000 bytes initially)
Generating histogram from key size log: key_sizes_postgresql_array_zipfian_light.csv
Histogram written to histogram_postgresql_array_zipfian_light.txt (BlockSize = 100)
Appending subsequent iteration 48...
Iteration 48: Appended new size values from key_sizes_postgresql_array_zipfian_light.csv to ../analysis/Data/Value_size_data/value_sizes_postgresql_array_run3_zipfian_light_before.csv
VACUUM start: 1773510474
VACUUM end: 1773510474
=== Setting parameter values for run phase ===
Checking query plan before run phase
=== Executing the run phase with extendproportion=0 and read/update proportions=0.5 ===
Arrangement completed. Output saved to ../analysis/Data/Workload_data/postgresql_array_run3_zipfian_light.csv
Arrangement completed. Output saved to ../analysis/Data/Workload_data/postgresql_array_run3_zipfian_light.csv
Backing up the database started
Backing up the database finished
Arrangement completed. Output saved to ../analysis/Data/Workload_data/postgresql_array_run3_zipfian_light.csv
Size computation started
Appending subsequent iteration 48...
Iteration 48: Appended new size values from key_sizes_postgresql_array_zipfian_light.csv to ../analysis/Data/Value_size_data/value_sizes_postgresql_array_run3_zipfian_light_after.csv
Total size: 49000000, Field length average: 4900
Workload file fieldlength set to: 4900 (expected: 4900)
=== Executing the load phase for the comparison study ===
Comparison-load verification - Epoch:5 Run:8 TotalSize:49000000 ExpectedFieldLength:4900
Avg-run verification - Epoch:5 Run:8 Iteration:48 TotalSize:49000000 ExpectedFieldLength:4900
=== Executing the run phase with extendproportion=0 and read/update proportions=0.5 ===
Arrangement completed. Output saved to ../analysis/Data/Workload_data/postgresql_array_run3_zipfian_light.csv
=== Setting parameter values for extend phase ===
=== Executing the extend phase with extendproportion=1 and other proportions=0 ===
Arrangement completed. Output saved to ../analysis/Data/Workload_data/postgresql_array_run3_zipfian_light.csv
Size computation started
Extend verification - Min:27200 Max:1912500 Avg:50000 (Expected avg per record: ~1000 bytes initially)
Generating histogram from key size log: key_sizes_postgresql_array_zipfian_light.csv
Histogram written to histogram_postgresql_array_zipfian_light.txt (BlockSize = 100)
Appending subsequent iteration 49...
Iteration 49: Appended new size values from key_sizes_postgresql_array_zipfian_light.csv to ../analysis/Data/Value_size_data/value_sizes_postgresql_array_run3_zipfian_light_before.csv
VACUUM start: 1773510563
VACUUM end: 1773510563
=== Setting parameter values for run phase ===
Checking query plan before run phase
=== Executing the run phase with extendproportion=0 and read/update proportions=0.5 ===
Arrangement completed. Output saved to ../analysis/Data/Workload_data/postgresql_array_run3_zipfian_light.csv
Arrangement completed. Output saved to ../analysis/Data/Workload_data/postgresql_array_run3_zipfian_light.csv
Backing up the database started
Backing up the database finished
Arrangement completed. Output saved to ../analysis/Data/Workload_data/postgresql_array_run3_zipfian_light.csv
Size computation started
Appending subsequent iteration 49...
Iteration 49: Appended new size values from key_sizes_postgresql_array_zipfian_light.csv to ../analysis/Data/Value_size_data/value_sizes_postgresql_array_run3_zipfian_light_after.csv
Total size: 50000000, Field length average: 5000
Workload file fieldlength set to: 5000 (expected: 5000)
=== Executing the load phase for the comparison study ===
Comparison-load verification - Epoch:5 Run:9 TotalSize:50000000 ExpectedFieldLength:5000
Avg-run verification - Epoch:5 Run:9 Iteration:49 TotalSize:50000000 ExpectedFieldLength:5000
=== Executing the run phase with extendproportion=0 and read/update proportions=0.5 ===
Arrangement completed. Output saved to ../analysis/Data/Workload_data/postgresql_array_run3_zipfian_light.csv
=== Setting parameter values for extend phase ===
=== Executing the extend phase with extendproportion=1 and other proportions=0 ===
Arrangement completed. Output saved to ../analysis/Data/Workload_data/postgresql_array_run3_zipfian_light.csv
Size computation started
Extend verification - Min:27700 Max:1953900 Avg:51000 (Expected avg per record: ~1000 bytes initially)
Generating histogram from key size log: key_sizes_postgresql_array_zipfian_light.csv
Histogram written to histogram_postgresql_array_zipfian_light.txt (BlockSize = 100)
Appending subsequent iteration 50...
Iteration 50: Appended new size values from key_sizes_postgresql_array_zipfian_light.csv to ../analysis/Data/Value_size_data/value_sizes_postgresql_array_run3_zipfian_light_before.csv
VACUUM start: 1773510648
VACUUM end: 1773510648
=== Setting parameter values for run phase ===
Checking query plan before run phase
=== Executing the run phase with extendproportion=0 and read/update proportions=0.5 ===
Arrangement completed. Output saved to ../analysis/Data/Workload_data/postgresql_array_run3_zipfian_light.csv
Arrangement completed. Output saved to ../analysis/Data/Workload_data/postgresql_array_run3_zipfian_light.csv
Backing up the database started
Backing up the database finished
Arrangement completed. Output saved to ../analysis/Data/Workload_data/postgresql_array_run3_zipfian_light.csv
Size computation started
Appending subsequent iteration 50...
Iteration 50: Appended new size values from key_sizes_postgresql_array_zipfian_light.csv to ../analysis/Data/Value_size_data/value_sizes_postgresql_array_run3_zipfian_light_after.csv
Total size: 51000000, Field length average: 5100
Workload file fieldlength set to: 5100 (expected: 5100)
=== Executing the load phase for the comparison study ===
Comparison-load verification - Epoch:5 Run:10 TotalSize:51000000 ExpectedFieldLength:5100
Avg-run verification - Epoch:5 Run:10 Iteration:50 TotalSize:51000000 ExpectedFieldLength:5100
=== Executing the run phase with extendproportion=0 and read/update proportions=0.5 ===
Arrangement completed. Output saved to ../analysis/Data/Workload_data/postgresql_array_run3_zipfian_light.csv
=== Setting parameter values for extend phase ===
=== Executing the extend phase with extendproportion=1 and other proportions=0 ===
Arrangement completed. Output saved to ../analysis/Data/Workload_data/postgresql_array_run3_zipfian_light.csv
Size computation started
Extend verification - Min:28500 Max:1992700 Avg:52000 (Expected avg per record: ~1000 bytes initially)
Generating histogram from key size log: key_sizes_postgresql_array_zipfian_light.csv
Histogram written to histogram_postgresql_array_zipfian_light.txt (BlockSize = 100)
Appending subsequent iteration 51...
Iteration 51: Appended new size values from key_sizes_postgresql_array_zipfian_light.csv to ../analysis/Data/Value_size_data/value_sizes_postgresql_array_run3_zipfian_light_before.csv
VACUUM start: 1773510742
VACUUM end: 1773510742
=== Setting parameter values for run phase ===
Checking query plan before run phase
=== Executing the run phase with extendproportion=0 and read/update proportions=0.5 ===
Arrangement completed. Output saved to ../analysis/Data/Workload_data/postgresql_array_run3_zipfian_light.csv
Arrangement completed. Output saved to ../analysis/Data/Workload_data/postgresql_array_run3_zipfian_light.csv
Backing up the database started
Backing up the database finished
Arrangement completed. Output saved to ../analysis/Data/Workload_data/postgresql_array_run3_zipfian_light.csv
Size computation started
Appending subsequent iteration 51...
Iteration 51: Appended new size values from key_sizes_postgresql_array_zipfian_light.csv to ../analysis/Data/Value_size_data/value_sizes_postgresql_array_run3_zipfian_light_after.csv
Total size: 52000000, Field length average: 5200
Workload file fieldlength set to: 5200 (expected: 5200)
=== Executing the load phase for the comparison study ===
Comparison-load verification - Epoch:6 Run:1 TotalSize:52000000 ExpectedFieldLength:5200
Avg-run verification - Epoch:6 Run:1 Iteration:51 TotalSize:52000000 ExpectedFieldLength:5200
=== Executing the run phase with extendproportion=0 and read/update proportions=0.5 ===
Arrangement completed. Output saved to ../analysis/Data/Workload_data/postgresql_array_run3_zipfian_light.csv
=== Setting parameter values for extend phase ===
=== Executing the extend phase with extendproportion=1 and other proportions=0 ===
Arrangement completed. Output saved to ../analysis/Data/Workload_data/postgresql_array_run3_zipfian_light.csv
Size computation started
Extend verification - Min:28700 Max:2030100 Avg:53000 (Expected avg per record: ~1000 bytes initially)
Generating histogram from key size log: key_sizes_postgresql_array_zipfian_light.csv
Histogram written to histogram_postgresql_array_zipfian_light.txt (BlockSize = 100)
Appending subsequent iteration 52...
Iteration 52: Appended new size values from key_sizes_postgresql_array_zipfian_light.csv to ../analysis/Data/Value_size_data/value_sizes_postgresql_array_run3_zipfian_light_before.csv
VACUUM start: 1773510838
VACUUM end: 1773510838
=== Setting parameter values for run phase ===
Checking query plan before run phase
=== Executing the run phase with extendproportion=0 and read/update proportions=0.5 ===
Arrangement completed. Output saved to ../analysis/Data/Workload_data/postgresql_array_run3_zipfian_light.csv
Arrangement completed. Output saved to ../analysis/Data/Workload_data/postgresql_array_run3_zipfian_light.csv
Backing up the database started
Backing up the database finished
Arrangement completed. Output saved to ../analysis/Data/Workload_data/postgresql_array_run3_zipfian_light.csv
Size computation started
Appending subsequent iteration 52...
Iteration 52: Appended new size values from key_sizes_postgresql_array_zipfian_light.csv to ../analysis/Data/Value_size_data/value_sizes_postgresql_array_run3_zipfian_light_after.csv
Total size: 53000000, Field length average: 5300
Workload file fieldlength set to: 5300 (expected: 5300)
=== Executing the load phase for the comparison study ===
Comparison-load verification - Epoch:6 Run:2 TotalSize:53000000 ExpectedFieldLength:5300
Avg-run verification - Epoch:6 Run:2 Iteration:52 TotalSize:53000000 ExpectedFieldLength:5300
=== Executing the run phase with extendproportion=0 and read/update proportions=0.5 ===
Arrangement completed. Output saved to ../analysis/Data/Workload_data/postgresql_array_run3_zipfian_light.csv
=== Setting parameter values for extend phase ===
=== Executing the extend phase with extendproportion=1 and other proportions=0 ===
Arrangement completed. Output saved to ../analysis/Data/Workload_data/postgresql_array_run3_zipfian_light.csv
Size computation started
Extend verification - Min:29500 Max:2067000 Avg:54000 (Expected avg per record: ~1000 bytes initially)
Generating histogram from key size log: key_sizes_postgresql_array_zipfian_light.csv
Histogram written to histogram_postgresql_array_zipfian_light.txt (BlockSize = 100)
Appending subsequent iteration 53...
Iteration 53: Appended new size values from key_sizes_postgresql_array_zipfian_light.csv to ../analysis/Data/Value_size_data/value_sizes_postgresql_array_run3_zipfian_light_before.csv
VACUUM start: 1773510927
VACUUM end: 1773510928
=== Setting parameter values for run phase ===
Checking query plan before run phase
=== Executing the run phase with extendproportion=0 and read/update proportions=0.5 ===
Arrangement completed. Output saved to ../analysis/Data/Workload_data/postgresql_array_run3_zipfian_light.csv
Arrangement completed. Output saved to ../analysis/Data/Workload_data/postgresql_array_run3_zipfian_light.csv
Backing up the database started
Backing up the database finished
Arrangement completed. Output saved to ../analysis/Data/Workload_data/postgresql_array_run3_zipfian_light.csv
Size computation started
Appending subsequent iteration 53...
Iteration 53: Appended new size values from key_sizes_postgresql_array_zipfian_light.csv to ../analysis/Data/Value_size_data/value_sizes_postgresql_array_run3_zipfian_light_after.csv
Total size: 54000000, Field length average: 5400
Workload file fieldlength set to: 5400 (expected: 5400)
=== Executing the load phase for the comparison study ===
Comparison-load verification - Epoch:6 Run:3 TotalSize:54000000 ExpectedFieldLength:5400
Avg-run verification - Epoch:6 Run:3 Iteration:53 TotalSize:54000000 ExpectedFieldLength:5400
=== Executing the run phase with extendproportion=0 and read/update proportions=0.5 ===
Arrangement completed. Output saved to ../analysis/Data/Workload_data/postgresql_array_run3_zipfian_light.csv
=== Setting parameter values for extend phase ===
=== Executing the extend phase with extendproportion=1 and other proportions=0 ===
Arrangement completed. Output saved to ../analysis/Data/Workload_data/postgresql_array_run3_zipfian_light.csv
Size computation started
Extend verification - Min:30300 Max:2104100 Avg:55000 (Expected avg per record: ~1000 bytes initially)
Generating histogram from key size log: key_sizes_postgresql_array_zipfian_light.csv
Histogram written to histogram_postgresql_array_zipfian_light.txt (BlockSize = 100)
Appending subsequent iteration 54...
Iteration 54: Appended new size values from key_sizes_postgresql_array_zipfian_light.csv to ../analysis/Data/Value_size_data/value_sizes_postgresql_array_run3_zipfian_light_before.csv
VACUUM start: 1773511022
VACUUM end: 1773511023
=== Setting parameter values for run phase ===
Checking query plan before run phase
=== Executing the run phase with extendproportion=0 and read/update proportions=0.5 ===
Arrangement completed. Output saved to ../analysis/Data/Workload_data/postgresql_array_run3_zipfian_light.csv
Arrangement completed. Output saved to ../analysis/Data/Workload_data/postgresql_array_run3_zipfian_light.csv
Backing up the database started
Backing up the database finished
Arrangement completed. Output saved to ../analysis/Data/Workload_data/postgresql_array_run3_zipfian_light.csv
Size computation started
Appending subsequent iteration 54...
Iteration 54: Appended new size values from key_sizes_postgresql_array_zipfian_light.csv to ../analysis/Data/Value_size_data/value_sizes_postgresql_array_run3_zipfian_light_after.csv
Total size: 55000000, Field length average: 5500
Workload file fieldlength set to: 5500 (expected: 5500)
=== Executing the load phase for the comparison study ===
Comparison-load verification - Epoch:6 Run:4 TotalSize:55000000 ExpectedFieldLength:5500
Avg-run verification - Epoch:6 Run:4 Iteration:54 TotalSize:55000000 ExpectedFieldLength:5500
=== Executing the run phase with extendproportion=0 and read/update proportions=0.5 ===
Arrangement completed. Output saved to ../analysis/Data/Workload_data/postgresql_array_run3_zipfian_light.csv
=== Setting parameter values for extend phase ===
=== Executing the extend phase with extendproportion=1 and other proportions=0 ===
Arrangement completed. Output saved to ../analysis/Data/Workload_data/postgresql_array_run3_zipfian_light.csv
Size computation started
Extend verification - Min:30600 Max:2146200 Avg:56000 (Expected avg per record: ~1000 bytes initially)
Generating histogram from key size log: key_sizes_postgresql_array_zipfian_light.csv
Histogram written to histogram_postgresql_array_zipfian_light.txt (BlockSize = 100)
Appending subsequent iteration 55...
Iteration 55: Appended new size values from key_sizes_postgresql_array_zipfian_light.csv to ../analysis/Data/Value_size_data/value_sizes_postgresql_array_run3_zipfian_light_before.csv
VACUUM start: 1773511118
VACUUM end: 1773511118
=== Setting parameter values for run phase ===
Checking query plan before run phase
=== Executing the run phase with extendproportion=0 and read/update proportions=0.5 ===
Arrangement completed. Output saved to ../analysis/Data/Workload_data/postgresql_array_run3_zipfian_light.csv
Arrangement completed. Output saved to ../analysis/Data/Workload_data/postgresql_array_run3_zipfian_light.csv
Backing up the database started
Backing up the database finished
Arrangement completed. Output saved to ../analysis/Data/Workload_data/postgresql_array_run3_zipfian_light.csv
Size computation started
Appending subsequent iteration 55...
Iteration 55: Appended new size values from key_sizes_postgresql_array_zipfian_light.csv to ../analysis/Data/Value_size_data/value_sizes_postgresql_array_run3_zipfian_light_after.csv
Total size: 56000000, Field length average: 5600
Workload file fieldlength set to: 5600 (expected: 5600)
=== Executing the load phase for the comparison study ===
Comparison-load verification - Epoch:6 Run:5 TotalSize:56000000 ExpectedFieldLength:5600
Avg-run verification - Epoch:6 Run:5 Iteration:55 TotalSize:56000000 ExpectedFieldLength:5600
=== Executing the run phase with extendproportion=0 and read/update proportions=0.5 ===
Arrangement completed. Output saved to ../analysis/Data/Workload_data/postgresql_array_run3_zipfian_light.csv
=== Setting parameter values for extend phase ===
=== Executing the extend phase with extendproportion=1 and other proportions=0 ===
Arrangement completed. Output saved to ../analysis/Data/Workload_data/postgresql_array_run3_zipfian_light.csv
Size computation started
Extend verification - Min:31000 Max:2186300 Avg:57000 (Expected avg per record: ~1000 bytes initially)
Generating histogram from key size log: key_sizes_postgresql_array_zipfian_light.csv
Histogram written to histogram_postgresql_array_zipfian_light.txt (BlockSize = 100)
Appending subsequent iteration 56...
Iteration 56: Appended new size values from key_sizes_postgresql_array_zipfian_light.csv to ../analysis/Data/Value_size_data/value_sizes_postgresql_array_run3_zipfian_light_before.csv
VACUUM start: 1773511212
VACUUM end: 1773511213
=== Setting parameter values for run phase ===
Checking query plan before run phase
=== Executing the run phase with extendproportion=0 and read/update proportions=0.5 ===
Arrangement completed. Output saved to ../analysis/Data/Workload_data/postgresql_array_run3_zipfian_light.csv
Arrangement completed. Output saved to ../analysis/Data/Workload_data/postgresql_array_run3_zipfian_light.csv
Backing up the database started
Backing up the database finished
Arrangement completed. Output saved to ../analysis/Data/Workload_data/postgresql_array_run3_zipfian_light.csv
Size computation started
Appending subsequent iteration 56...
Iteration 56: Appended new size values from key_sizes_postgresql_array_zipfian_light.csv to ../analysis/Data/Value_size_data/value_sizes_postgresql_array_run3_zipfian_light_after.csv
Total size: 57000000, Field length average: 5700
Workload file fieldlength set to: 5700 (expected: 5700)
=== Executing the load phase for the comparison study ===
Comparison-load verification - Epoch:6 Run:6 TotalSize:57000000 ExpectedFieldLength:5700
Avg-run verification - Epoch:6 Run:6 Iteration:56 TotalSize:57000000 ExpectedFieldLength:5700
=== Executing the run phase with extendproportion=0 and read/update proportions=0.5 ===
Arrangement completed. Output saved to ../analysis/Data/Workload_data/postgresql_array_run3_zipfian_light.csv
=== Setting parameter values for extend phase ===
=== Executing the extend phase with extendproportion=1 and other proportions=0 ===
Arrangement completed. Output saved to ../analysis/Data/Workload_data/postgresql_array_run3_zipfian_light.csv
Size computation started
Extend verification - Min:31200 Max:2225900 Avg:58000 (Expected avg per record: ~1000 bytes initially)
Generating histogram from key size log: key_sizes_postgresql_array_zipfian_light.csv
Histogram written to histogram_postgresql_array_zipfian_light.txt (BlockSize = 100)
Appending subsequent iteration 57...
Iteration 57: Appended new size values from key_sizes_postgresql_array_zipfian_light.csv to ../analysis/Data/Value_size_data/value_sizes_postgresql_array_run3_zipfian_light_before.csv
VACUUM start: 1773511313
VACUUM end: 1773511313
=== Setting parameter values for run phase ===
Checking query plan before run phase
=== Executing the run phase with extendproportion=0 and read/update proportions=0.5 ===
Arrangement completed. Output saved to ../analysis/Data/Workload_data/postgresql_array_run3_zipfian_light.csv
Arrangement completed. Output saved to ../analysis/Data/Workload_data/postgresql_array_run3_zipfian_light.csv
Backing up the database started
Backing up the database finished
Arrangement completed. Output saved to ../analysis/Data/Workload_data/postgresql_array_run3_zipfian_light.csv
Size computation started
Appending subsequent iteration 57...
Iteration 57: Appended new size values from key_sizes_postgresql_array_zipfian_light.csv to ../analysis/Data/Value_size_data/value_sizes_postgresql_array_run3_zipfian_light_after.csv
Total size: 58000000, Field length average: 5800
Workload file fieldlength set to: 5800 (expected: 5800)
=== Executing the load phase for the comparison study ===
Comparison-load verification - Epoch:6 Run:7 TotalSize:58000000 ExpectedFieldLength:5800
Avg-run verification - Epoch:6 Run:7 Iteration:57 TotalSize:58000000 ExpectedFieldLength:5800
=== Executing the run phase with extendproportion=0 and read/update proportions=0.5 ===
Arrangement completed. Output saved to ../analysis/Data/Workload_data/postgresql_array_run3_zipfian_light.csv
=== Setting parameter values for extend phase ===
=== Executing the extend phase with extendproportion=1 and other proportions=0 ===
Arrangement completed. Output saved to ../analysis/Data/Workload_data/postgresql_array_run3_zipfian_light.csv
Size computation started
Extend verification - Min:31900 Max:2261600 Avg:59000 (Expected avg per record: ~1000 bytes initially)
Generating histogram from key size log: key_sizes_postgresql_array_zipfian_light.csv
Histogram written to histogram_postgresql_array_zipfian_light.txt (BlockSize = 100)
Appending subsequent iteration 58...
Iteration 58: Appended new size values from key_sizes_postgresql_array_zipfian_light.csv to ../analysis/Data/Value_size_data/value_sizes_postgresql_array_run3_zipfian_light_before.csv
VACUUM start: 1773511412
VACUUM end: 1773511413
=== Setting parameter values for run phase ===
Checking query plan before run phase
=== Executing the run phase with extendproportion=0 and read/update proportions=0.5 ===
Arrangement completed. Output saved to ../analysis/Data/Workload_data/postgresql_array_run3_zipfian_light.csv
Arrangement completed. Output saved to ../analysis/Data/Workload_data/postgresql_array_run3_zipfian_light.csv
Backing up the database started
Backing up the database finished
Arrangement completed. Output saved to ../analysis/Data/Workload_data/postgresql_array_run3_zipfian_light.csv
Size computation started
Appending subsequent iteration 58...
Iteration 58: Appended new size values from key_sizes_postgresql_array_zipfian_light.csv to ../analysis/Data/Value_size_data/value_sizes_postgresql_array_run3_zipfian_light_after.csv
Total size: 59000000, Field length average: 5900
Workload file fieldlength set to: 5900 (expected: 5900)
=== Executing the load phase for the comparison study ===
Comparison-load verification - Epoch:6 Run:8 TotalSize:59000000 ExpectedFieldLength:5900
Avg-run verification - Epoch:6 Run:8 Iteration:58 TotalSize:59000000 ExpectedFieldLength:5900
=== Executing the run phase with extendproportion=0 and read/update proportions=0.5 ===
Arrangement completed. Output saved to ../analysis/Data/Workload_data/postgresql_array_run3_zipfian_light.csv
=== Setting parameter values for extend phase ===
=== Executing the extend phase with extendproportion=1 and other proportions=0 ===
Arrangement completed. Output saved to ../analysis/Data/Workload_data/postgresql_array_run3_zipfian_light.csv
Size computation started
Extend verification - Min:32300 Max:2300700 Avg:60000 (Expected avg per record: ~1000 bytes initially)
Generating histogram from key size log: key_sizes_postgresql_array_zipfian_light.csv
Histogram written to histogram_postgresql_array_zipfian_light.txt (BlockSize = 100)
Appending subsequent iteration 59...
Iteration 59: Appended new size values from key_sizes_postgresql_array_zipfian_light.csv to ../analysis/Data/Value_size_data/value_sizes_postgresql_array_run3_zipfian_light_before.csv
VACUUM start: 1773511509
VACUUM end: 1773511510
=== Setting parameter values for run phase ===
Checking query plan before run phase
=== Executing the run phase with extendproportion=0 and read/update proportions=0.5 ===
Arrangement completed. Output saved to ../analysis/Data/Workload_data/postgresql_array_run3_zipfian_light.csv
Arrangement completed. Output saved to ../analysis/Data/Workload_data/postgresql_array_run3_zipfian_light.csv
Backing up the database started
Backing up the database finished
Arrangement completed. Output saved to ../analysis/Data/Workload_data/postgresql_array_run3_zipfian_light.csv
Size computation started
Appending subsequent iteration 59...
Iteration 59: Appended new size values from key_sizes_postgresql_array_zipfian_light.csv to ../analysis/Data/Value_size_data/value_sizes_postgresql_array_run3_zipfian_light_after.csv
Total size: 60000000, Field length average: 6000
Workload file fieldlength set to: 6000 (expected: 6000)
=== Executing the load phase for the comparison study ===
Comparison-load verification - Epoch:6 Run:9 TotalSize:60000000 ExpectedFieldLength:6000
Avg-run verification - Epoch:6 Run:9 Iteration:59 TotalSize:60000000 ExpectedFieldLength:6000
=== Executing the run phase with extendproportion=0 and read/update proportions=0.5 ===
Arrangement completed. Output saved to ../analysis/Data/Workload_data/postgresql_array_run3_zipfian_light.csv
=== Setting parameter values for extend phase ===
=== Executing the extend phase with extendproportion=1 and other proportions=0 ===
Arrangement completed. Output saved to ../analysis/Data/Workload_data/postgresql_array_run3_zipfian_light.csv
Size computation started
Extend verification - Min:32500 Max:2335800 Avg:61000 (Expected avg per record: ~1000 bytes initially)
Generating histogram from key size log: key_sizes_postgresql_array_zipfian_light.csv
Histogram written to histogram_postgresql_array_zipfian_light.txt (BlockSize = 100)
Appending subsequent iteration 60...
Iteration 60: Appended new size values from key_sizes_postgresql_array_zipfian_light.csv to ../analysis/Data/Value_size_data/value_sizes_postgresql_array_run3_zipfian_light_before.csv
VACUUM start: 1773511609
VACUUM end: 1773511610
=== Setting parameter values for run phase ===
Checking query plan before run phase
=== Executing the run phase with extendproportion=0 and read/update proportions=0.5 ===
Arrangement completed. Output saved to ../analysis/Data/Workload_data/postgresql_array_run3_zipfian_light.csv
Arrangement completed. Output saved to ../analysis/Data/Workload_data/postgresql_array_run3_zipfian_light.csv
Backing up the database started
Backing up the database finished
Arrangement completed. Output saved to ../analysis/Data/Workload_data/postgresql_array_run3_zipfian_light.csv
Size computation started
Appending subsequent iteration 60...
Iteration 60: Appended new size values from key_sizes_postgresql_array_zipfian_light.csv to ../analysis/Data/Value_size_data/value_sizes_postgresql_array_run3_zipfian_light_after.csv
Total size: 61000000, Field length average: 6100
Workload file fieldlength set to: 6100 (expected: 6100)
=== Executing the load phase for the comparison study ===
Comparison-load verification - Epoch:6 Run:10 TotalSize:61000000 ExpectedFieldLength:6100
Avg-run verification - Epoch:6 Run:10 Iteration:60 TotalSize:61000000 ExpectedFieldLength:6100
=== Executing the run phase with extendproportion=0 and read/update proportions=0.5 ===
Arrangement completed. Output saved to ../analysis/Data/Workload_data/postgresql_array_run3_zipfian_light.csv
=== Setting parameter values for extend phase ===
=== Executing the extend phase with extendproportion=1 and other proportions=0 ===
Arrangement completed. Output saved to ../analysis/Data/Workload_data/postgresql_array_run3_zipfian_light.csv
Size computation started
Extend verification - Min:32900 Max:2376800 Avg:62000 (Expected avg per record: ~1000 bytes initially)
Generating histogram from key size log: key_sizes_postgresql_array_zipfian_light.csv
Histogram written to histogram_postgresql_array_zipfian_light.txt (BlockSize = 100)
Appending subsequent iteration 61...
Iteration 61: Appended new size values from key_sizes_postgresql_array_zipfian_light.csv to ../analysis/Data/Value_size_data/value_sizes_postgresql_array_run3_zipfian_light_before.csv
VACUUM start: 1773511708
VACUUM end: 1773511708
=== Setting parameter values for run phase ===
Checking query plan before run phase
=== Executing the run phase with extendproportion=0 and read/update proportions=0.5 ===
Arrangement completed. Output saved to ../analysis/Data/Workload_data/postgresql_array_run3_zipfian_light.csv
Arrangement completed. Output saved to ../analysis/Data/Workload_data/postgresql_array_run3_zipfian_light.csv
Backing up the database started
Backing up the database finished
Arrangement completed. Output saved to ../analysis/Data/Workload_data/postgresql_array_run3_zipfian_light.csv
Size computation started
Appending subsequent iteration 61...
Iteration 61: Appended new size values from key_sizes_postgresql_array_zipfian_light.csv to ../analysis/Data/Value_size_data/value_sizes_postgresql_array_run3_zipfian_light_after.csv
Total size: 62000000, Field length average: 6200
Workload file fieldlength set to: 6200 (expected: 6200)
=== Executing the load phase for the comparison study ===
Comparison-load verification - Epoch:7 Run:1 TotalSize:62000000 ExpectedFieldLength:6200
Avg-run verification - Epoch:7 Run:1 Iteration:61 TotalSize:62000000 ExpectedFieldLength:6200
=== Executing the run phase with extendproportion=0 and read/update proportions=0.5 ===
Arrangement completed. Output saved to ../analysis/Data/Workload_data/postgresql_array_run3_zipfian_light.csv
=== Setting parameter values for extend phase ===
=== Executing the extend phase with extendproportion=1 and other proportions=0 ===
Arrangement completed. Output saved to ../analysis/Data/Workload_data/postgresql_array_run3_zipfian_light.csv
Size computation started
Extend verification - Min:33500 Max:2417400 Avg:63000 (Expected avg per record: ~1000 bytes initially)
Generating histogram from key size log: key_sizes_postgresql_array_zipfian_light.csv
Histogram written to histogram_postgresql_array_zipfian_light.txt (BlockSize = 100)
Appending subsequent iteration 62...
Iteration 62: Appended new size values from key_sizes_postgresql_array_zipfian_light.csv to ../analysis/Data/Value_size_data/value_sizes_postgresql_array_run3_zipfian_light_before.csv
VACUUM start: 1773511811
VACUUM end: 1773511812
=== Setting parameter values for run phase ===
Checking query plan before run phase
=== Executing the run phase with extendproportion=0 and read/update proportions=0.5 ===
Arrangement completed. Output saved to ../analysis/Data/Workload_data/postgresql_array_run3_zipfian_light.csv
Arrangement completed. Output saved to ../analysis/Data/Workload_data/postgresql_array_run3_zipfian_light.csv
Backing up the database started
Backing up the database finished
Arrangement completed. Output saved to ../analysis/Data/Workload_data/postgresql_array_run3_zipfian_light.csv
Size computation started
Appending subsequent iteration 62...
Iteration 62: Appended new size values from key_sizes_postgresql_array_zipfian_light.csv to ../analysis/Data/Value_size_data/value_sizes_postgresql_array_run3_zipfian_light_after.csv
Total size: 63000000, Field length average: 6300
Workload file fieldlength set to: 6300 (expected: 6300)
=== Executing the load phase for the comparison study ===
Comparison-load verification - Epoch:7 Run:2 TotalSize:63000000 ExpectedFieldLength:6300
Avg-run verification - Epoch:7 Run:2 Iteration:62 TotalSize:63000000 ExpectedFieldLength:6300
=== Executing the run phase with extendproportion=0 and read/update proportions=0.5 ===
Arrangement completed. Output saved to ../analysis/Data/Workload_data/postgresql_array_run3_zipfian_light.csv
=== Setting parameter values for extend phase ===
=== Executing the extend phase with extendproportion=1 and other proportions=0 ===
Arrangement completed. Output saved to ../analysis/Data/Workload_data/postgresql_array_run3_zipfian_light.csv
Size computation started
Extend verification - Min:34500 Max:2455800 Avg:64000 (Expected avg per record: ~1000 bytes initially)
Generating histogram from key size log: key_sizes_postgresql_array_zipfian_light.csv
Histogram written to histogram_postgresql_array_zipfian_light.txt (BlockSize = 100)
Appending subsequent iteration 63...
Iteration 63: Appended new size values from key_sizes_postgresql_array_zipfian_light.csv to ../analysis/Data/Value_size_data/value_sizes_postgresql_array_run3_zipfian_light_before.csv
VACUUM start: 1773511920
VACUUM end: 1773511920
=== Setting parameter values for run phase ===
Checking query plan before run phase
=== Executing the run phase with extendproportion=0 and read/update proportions=0.5 ===
Arrangement completed. Output saved to ../analysis/Data/Workload_data/postgresql_array_run3_zipfian_light.csv
Arrangement completed. Output saved to ../analysis/Data/Workload_data/postgresql_array_run3_zipfian_light.csv
Backing up the database started
Backing up the database finished
Arrangement completed. Output saved to ../analysis/Data/Workload_data/postgresql_array_run3_zipfian_light.csv
Size computation started
Appending subsequent iteration 63...
Iteration 63: Appended new size values from key_sizes_postgresql_array_zipfian_light.csv to ../analysis/Data/Value_size_data/value_sizes_postgresql_array_run3_zipfian_light_after.csv
Total size: 64000000, Field length average: 6400
Workload file fieldlength set to: 6400 (expected: 6400)
=== Executing the load phase for the comparison study ===
Comparison-load verification - Epoch:7 Run:3 TotalSize:64000000 ExpectedFieldLength:6400
Avg-run verification - Epoch:7 Run:3 Iteration:63 TotalSize:64000000 ExpectedFieldLength:6400
=== Executing the run phase with extendproportion=0 and read/update proportions=0.5 ===
Arrangement completed. Output saved to ../analysis/Data/Workload_data/postgresql_array_run3_zipfian_light.csv
=== Setting parameter values for extend phase ===
=== Executing the extend phase with extendproportion=1 and other proportions=0 ===
Arrangement completed. Output saved to ../analysis/Data/Workload_data/postgresql_array_run3_zipfian_light.csv
Size computation started
Extend verification - Min:35500 Max:2494800 Avg:65000 (Expected avg per record: ~1000 bytes initially)
Generating histogram from key size log: key_sizes_postgresql_array_zipfian_light.csv
Histogram written to histogram_postgresql_array_zipfian_light.txt (BlockSize = 100)
Appending subsequent iteration 64...
Iteration 64: Appended new size values from key_sizes_postgresql_array_zipfian_light.csv to ../analysis/Data/Value_size_data/value_sizes_postgresql_array_run3_zipfian_light_before.csv
VACUUM start: 1773512020
VACUUM end: 1773512020
=== Setting parameter values for run phase ===
Checking query plan before run phase
=== Executing the run phase with extendproportion=0 and read/update proportions=0.5 ===
Arrangement completed. Output saved to ../analysis/Data/Workload_data/postgresql_array_run3_zipfian_light.csv
Arrangement completed. Output saved to ../analysis/Data/Workload_data/postgresql_array_run3_zipfian_light.csv
Backing up the database started
Backing up the database finished
Arrangement completed. Output saved to ../analysis/Data/Workload_data/postgresql_array_run3_zipfian_light.csv
Size computation started
Appending subsequent iteration 64...
Iteration 64: Appended new size values from key_sizes_postgresql_array_zipfian_light.csv to ../analysis/Data/Value_size_data/value_sizes_postgresql_array_run3_zipfian_light_after.csv
Total size: 65000000, Field length average: 6500
Workload file fieldlength set to: 6500 (expected: 6500)
=== Executing the load phase for the comparison study ===
Comparison-load verification - Epoch:7 Run:4 TotalSize:65000000 ExpectedFieldLength:6500
Avg-run verification - Epoch:7 Run:4 Iteration:64 TotalSize:65000000 ExpectedFieldLength:6500
=== Executing the run phase with extendproportion=0 and read/update proportions=0.5 ===
Arrangement completed. Output saved to ../analysis/Data/Workload_data/postgresql_array_run3_zipfian_light.csv
=== Setting parameter values for extend phase ===
=== Executing the extend phase with extendproportion=1 and other proportions=0 ===
Arrangement completed. Output saved to ../analysis/Data/Workload_data/postgresql_array_run3_zipfian_light.csv
Size computation started
Extend verification - Min:36000 Max:2532800 Avg:66000 (Expected avg per record: ~1000 bytes initially)
Generating histogram from key size log: key_sizes_postgresql_array_zipfian_light.csv
Histogram written to histogram_postgresql_array_zipfian_light.txt (BlockSize = 100)
Appending subsequent iteration 65...
Iteration 65: Appended new size values from key_sizes_postgresql_array_zipfian_light.csv to ../analysis/Data/Value_size_data/value_sizes_postgresql_array_run3_zipfian_light_before.csv
VACUUM start: 1773512122
VACUUM end: 1773512122
=== Setting parameter values for run phase ===
Checking query plan before run phase
=== Executing the run phase with extendproportion=0 and read/update proportions=0.5 ===
Arrangement completed. Output saved to ../analysis/Data/Workload_data/postgresql_array_run3_zipfian_light.csv
Arrangement completed. Output saved to ../analysis/Data/Workload_data/postgresql_array_run3_zipfian_light.csv
Backing up the database started
Backing up the database finished
Arrangement completed. Output saved to ../analysis/Data/Workload_data/postgresql_array_run3_zipfian_light.csv
Size computation started
Appending subsequent iteration 65...
Iteration 65: Appended new size values from key_sizes_postgresql_array_zipfian_light.csv to ../analysis/Data/Value_size_data/value_sizes_postgresql_array_run3_zipfian_light_after.csv
Total size: 66000000, Field length average: 6600
Workload file fieldlength set to: 6600 (expected: 6600)
=== Executing the load phase for the comparison study ===
Comparison-load verification - Epoch:7 Run:5 TotalSize:66000000 ExpectedFieldLength:6600
Avg-run verification - Epoch:7 Run:5 Iteration:65 TotalSize:66000000 ExpectedFieldLength:6600
=== Executing the run phase with extendproportion=0 and read/update proportions=0.5 ===
Arrangement completed. Output saved to ../analysis/Data/Workload_data/postgresql_array_run3_zipfian_light.csv
=== Setting parameter values for extend phase ===
=== Executing the extend phase with extendproportion=1 and other proportions=0 ===
Arrangement completed. Output saved to ../analysis/Data/Workload_data/postgresql_array_run3_zipfian_light.csv
Size computation started
Extend verification - Min:36900 Max:2570000 Avg:67000 (Expected avg per record: ~1000 bytes initially)
Generating histogram from key size log: key_sizes_postgresql_array_zipfian_light.csv
Histogram written to histogram_postgresql_array_zipfian_light.txt (BlockSize = 100)
Appending subsequent iteration 66...
Iteration 66: Appended new size values from key_sizes_postgresql_array_zipfian_light.csv to ../analysis/Data/Value_size_data/value_sizes_postgresql_array_run3_zipfian_light_before.csv
VACUUM start: 1773512229
VACUUM end: 1773512230
=== Setting parameter values for run phase ===
Checking query plan before run phase
=== Executing the run phase with extendproportion=0 and read/update proportions=0.5 ===
Arrangement completed. Output saved to ../analysis/Data/Workload_data/postgresql_array_run3_zipfian_light.csv
Arrangement completed. Output saved to ../analysis/Data/Workload_data/postgresql_array_run3_zipfian_light.csv
Backing up the database started
Backing up the database finished
Arrangement completed. Output saved to ../analysis/Data/Workload_data/postgresql_array_run3_zipfian_light.csv
Size computation started
Appending subsequent iteration 66...
Iteration 66: Appended new size values from key_sizes_postgresql_array_zipfian_light.csv to ../analysis/Data/Value_size_data/value_sizes_postgresql_array_run3_zipfian_light_after.csv
Total size: 67000000, Field length average: 6700
Workload file fieldlength set to: 6700 (expected: 6700)
=== Executing the load phase for the comparison study ===
Comparison-load verification - Epoch:7 Run:6 TotalSize:67000000 ExpectedFieldLength:6700
Avg-run verification - Epoch:7 Run:6 Iteration:66 TotalSize:67000000 ExpectedFieldLength:6700
=== Executing the run phase with extendproportion=0 and read/update proportions=0.5 ===
Arrangement completed. Output saved to ../analysis/Data/Workload_data/postgresql_array_run3_zipfian_light.csv
=== Setting parameter values for extend phase ===
=== Executing the extend phase with extendproportion=1 and other proportions=0 ===
Arrangement completed. Output saved to ../analysis/Data/Workload_data/postgresql_array_run3_zipfian_light.csv
Size computation started
Extend verification - Min:37400 Max:2610500 Avg:68000 (Expected avg per record: ~1000 bytes initially)
Generating histogram from key size log: key_sizes_postgresql_array_zipfian_light.csv
Histogram written to histogram_postgresql_array_zipfian_light.txt (BlockSize = 100)
Appending subsequent iteration 67...
Iteration 67: Appended new size values from key_sizes_postgresql_array_zipfian_light.csv to ../analysis/Data/Value_size_data/value_sizes_postgresql_array_run3_zipfian_light_before.csv
VACUUM start: 1773512334
VACUUM end: 1773512335
=== Setting parameter values for run phase ===
Checking query plan before run phase
=== Executing the run phase with extendproportion=0 and read/update proportions=0.5 ===
Arrangement completed. Output saved to ../analysis/Data/Workload_data/postgresql_array_run3_zipfian_light.csv
Arrangement completed. Output saved to ../analysis/Data/Workload_data/postgresql_array_run3_zipfian_light.csv
Backing up the database started
Backing up the database finished
Arrangement completed. Output saved to ../analysis/Data/Workload_data/postgresql_array_run3_zipfian_light.csv
Size computation started
Appending subsequent iteration 67...
Iteration 67: Appended new size values from key_sizes_postgresql_array_zipfian_light.csv to ../analysis/Data/Value_size_data/value_sizes_postgresql_array_run3_zipfian_light_after.csv
Total size: 68000000, Field length average: 6800
Workload file fieldlength set to: 6800 (expected: 6800)
=== Executing the load phase for the comparison study ===
Comparison-load verification - Epoch:7 Run:7 TotalSize:68000000 ExpectedFieldLength:6800
Avg-run verification - Epoch:7 Run:7 Iteration:67 TotalSize:68000000 ExpectedFieldLength:6800
=== Executing the run phase with extendproportion=0 and read/update proportions=0.5 ===
Arrangement completed. Output saved to ../analysis/Data/Workload_data/postgresql_array_run3_zipfian_light.csv
=== Setting parameter values for extend phase ===
=== Executing the extend phase with extendproportion=1 and other proportions=0 ===
Arrangement completed. Output saved to ../analysis/Data/Workload_data/postgresql_array_run3_zipfian_light.csv
Size computation started
Extend verification - Min:38100 Max:2648900 Avg:69000 (Expected avg per record: ~1000 bytes initially)
Generating histogram from key size log: key_sizes_postgresql_array_zipfian_light.csv
Histogram written to histogram_postgresql_array_zipfian_light.txt (BlockSize = 100)
Appending subsequent iteration 68...
Iteration 68: Appended new size values from key_sizes_postgresql_array_zipfian_light.csv to ../analysis/Data/Value_size_data/value_sizes_postgresql_array_run3_zipfian_light_before.csv
VACUUM start: 1773512440
VACUUM end: 1773512441
=== Setting parameter values for run phase ===
Checking query plan before run phase
=== Executing the run phase with extendproportion=0 and read/update proportions=0.5 ===
Arrangement completed. Output saved to ../analysis/Data/Workload_data/postgresql_array_run3_zipfian_light.csv
Arrangement completed. Output saved to ../analysis/Data/Workload_data/postgresql_array_run3_zipfian_light.csv
Backing up the database started
Backing up the database finished
Arrangement completed. Output saved to ../analysis/Data/Workload_data/postgresql_array_run3_zipfian_light.csv
Size computation started
Appending subsequent iteration 68...
Iteration 68: Appended new size values from key_sizes_postgresql_array_zipfian_light.csv to ../analysis/Data/Value_size_data/value_sizes_postgresql_array_run3_zipfian_light_after.csv
Total size: 69000000, Field length average: 6900
Workload file fieldlength set to: 6900 (expected: 6900)
=== Executing the load phase for the comparison study ===
Comparison-load verification - Epoch:7 Run:8 TotalSize:69000000 ExpectedFieldLength:6900
Avg-run verification - Epoch:7 Run:8 Iteration:68 TotalSize:69000000 ExpectedFieldLength:6900
=== Executing the run phase with extendproportion=0 and read/update proportions=0.5 ===
Arrangement completed. Output saved to ../analysis/Data/Workload_data/postgresql_array_run3_zipfian_light.csv
=== Setting parameter values for extend phase ===
=== Executing the extend phase with extendproportion=1 and other proportions=0 ===
Arrangement completed. Output saved to ../analysis/Data/Workload_data/postgresql_array_run3_zipfian_light.csv
Size computation started
Extend verification - Min:38500 Max:2689800 Avg:70000 (Expected avg per record: ~1000 bytes initially)
Generating histogram from key size log: key_sizes_postgresql_array_zipfian_light.csv
Histogram written to histogram_postgresql_array_zipfian_light.txt (BlockSize = 100)
Appending subsequent iteration 69...
Iteration 69: Appended new size values from key_sizes_postgresql_array_zipfian_light.csv to ../analysis/Data/Value_size_data/value_sizes_postgresql_array_run3_zipfian_light_before.csv
VACUUM start: 1773512551
VACUUM end: 1773512551
=== Setting parameter values for run phase ===
Checking query plan before run phase
=== Executing the run phase with extendproportion=0 and read/update proportions=0.5 ===
Arrangement completed. Output saved to ../analysis/Data/Workload_data/postgresql_array_run3_zipfian_light.csv
Arrangement completed. Output saved to ../analysis/Data/Workload_data/postgresql_array_run3_zipfian_light.csv
Backing up the database started
Backing up the database finished
Arrangement completed. Output saved to ../analysis/Data/Workload_data/postgresql_array_run3_zipfian_light.csv
Size computation started
Appending subsequent iteration 69...
Iteration 69: Appended new size values from key_sizes_postgresql_array_zipfian_light.csv to ../analysis/Data/Value_size_data/value_sizes_postgresql_array_run3_zipfian_light_after.csv
Total size: 70000000, Field length average: 7000
Workload file fieldlength set to: 7000 (expected: 7000)
=== Executing the load phase for the comparison study ===
Comparison-load verification - Epoch:7 Run:9 TotalSize:70000000 ExpectedFieldLength:7000
Avg-run verification - Epoch:7 Run:9 Iteration:69 TotalSize:70000000 ExpectedFieldLength:7000
=== Executing the run phase with extendproportion=0 and read/update proportions=0.5 ===
Arrangement completed. Output saved to ../analysis/Data/Workload_data/postgresql_array_run3_zipfian_light.csv
=== Setting parameter values for extend phase ===
=== Executing the extend phase with extendproportion=1 and other proportions=0 ===
Arrangement completed. Output saved to ../analysis/Data/Workload_data/postgresql_array_run3_zipfian_light.csv
Size computation started
Extend verification - Min:38900 Max:2728300 Avg:71000 (Expected avg per record: ~1000 bytes initially)
Generating histogram from key size log: key_sizes_postgresql_array_zipfian_light.csv
Histogram written to histogram_postgresql_array_zipfian_light.txt (BlockSize = 100)
Appending subsequent iteration 70...
Iteration 70: Appended new size values from key_sizes_postgresql_array_zipfian_light.csv to ../analysis/Data/Value_size_data/value_sizes_postgresql_array_run3_zipfian_light_before.csv
VACUUM start: 1773512658
VACUUM end: 1773512658
=== Setting parameter values for run phase ===
Checking query plan before run phase
=== Executing the run phase with extendproportion=0 and read/update proportions=0.5 ===
Arrangement completed. Output saved to ../analysis/Data/Workload_data/postgresql_array_run3_zipfian_light.csv
Arrangement completed. Output saved to ../analysis/Data/Workload_data/postgresql_array_run3_zipfian_light.csv
Backing up the database started
Backing up the database finished
Arrangement completed. Output saved to ../analysis/Data/Workload_data/postgresql_array_run3_zipfian_light.csv
Size computation started
Appending subsequent iteration 70...
Iteration 70: Appended new size values from key_sizes_postgresql_array_zipfian_light.csv to ../analysis/Data/Value_size_data/value_sizes_postgresql_array_run3_zipfian_light_after.csv
Total size: 71000000, Field length average: 7100
Workload file fieldlength set to: 7100 (expected: 7100)
=== Executing the load phase for the comparison study ===
Comparison-load verification - Epoch:7 Run:10 TotalSize:71000000 ExpectedFieldLength:7100
Avg-run verification - Epoch:7 Run:10 Iteration:70 TotalSize:71000000 ExpectedFieldLength:7100
=== Executing the run phase with extendproportion=0 and read/update proportions=0.5 ===
Arrangement completed. Output saved to ../analysis/Data/Workload_data/postgresql_array_run3_zipfian_light.csv
=== Setting parameter values for extend phase ===
=== Executing the extend phase with extendproportion=1 and other proportions=0 ===
Arrangement completed. Output saved to ../analysis/Data/Workload_data/postgresql_array_run3_zipfian_light.csv
Size computation started
Extend verification - Min:39600 Max:2765900 Avg:72000 (Expected avg per record: ~1000 bytes initially)
Generating histogram from key size log: key_sizes_postgresql_array_zipfian_light.csv
Histogram written to histogram_postgresql_array_zipfian_light.txt (BlockSize = 100)
Appending subsequent iteration 71...
Iteration 71: Appended new size values from key_sizes_postgresql_array_zipfian_light.csv to ../analysis/Data/Value_size_data/value_sizes_postgresql_array_run3_zipfian_light_before.csv
VACUUM start: 1773512765
VACUUM end: 1773512766
=== Setting parameter values for run phase ===
Checking query plan before run phase
=== Executing the run phase with extendproportion=0 and read/update proportions=0.5 ===
Arrangement completed. Output saved to ../analysis/Data/Workload_data/postgresql_array_run3_zipfian_light.csv
Arrangement completed. Output saved to ../analysis/Data/Workload_data/postgresql_array_run3_zipfian_light.csv
Backing up the database started
Backing up the database finished
Arrangement completed. Output saved to ../analysis/Data/Workload_data/postgresql_array_run3_zipfian_light.csv
Size computation started
Appending subsequent iteration 71...
Iteration 71: Appended new size values from key_sizes_postgresql_array_zipfian_light.csv to ../analysis/Data/Value_size_data/value_sizes_postgresql_array_run3_zipfian_light_after.csv
Total size: 72000000, Field length average: 7200
Workload file fieldlength set to: 7200 (expected: 7200)
=== Executing the load phase for the comparison study ===
Comparison-load verification - Epoch:8 Run:1 TotalSize:72000000 ExpectedFieldLength:7200
Avg-run verification - Epoch:8 Run:1 Iteration:71 TotalSize:72000000 ExpectedFieldLength:7200
=== Executing the run phase with extendproportion=0 and read/update proportions=0.5 ===
Arrangement completed. Output saved to ../analysis/Data/Workload_data/postgresql_array_run3_zipfian_light.csv
=== Setting parameter values for extend phase ===
=== Executing the extend phase with extendproportion=1 and other proportions=0 ===
Arrangement completed. Output saved to ../analysis/Data/Workload_data/postgresql_array_run3_zipfian_light.csv
Size computation started
Extend verification - Min:40100 Max:2807300 Avg:73000 (Expected avg per record: ~1000 bytes initially)
Generating histogram from key size log: key_sizes_postgresql_array_zipfian_light.csv
Histogram written to histogram_postgresql_array_zipfian_light.txt (BlockSize = 100)
Appending subsequent iteration 72...
Iteration 72: Appended new size values from key_sizes_postgresql_array_zipfian_light.csv to ../analysis/Data/Value_size_data/value_sizes_postgresql_array_run3_zipfian_light_before.csv
VACUUM start: 1773512875
VACUUM end: 1773512875
=== Setting parameter values for run phase ===
Checking query plan before run phase
=== Executing the run phase with extendproportion=0 and read/update proportions=0.5 ===
Arrangement completed. Output saved to ../analysis/Data/Workload_data/postgresql_array_run3_zipfian_light.csv
Arrangement completed. Output saved to ../analysis/Data/Workload_data/postgresql_array_run3_zipfian_light.csv
Backing up the database started
Backing up the database finished
Arrangement completed. Output saved to ../analysis/Data/Workload_data/postgresql_array_run3_zipfian_light.csv
Size computation started
Appending subsequent iteration 72...
Iteration 72: Appended new size values from key_sizes_postgresql_array_zipfian_light.csv to ../analysis/Data/Value_size_data/value_sizes_postgresql_array_run3_zipfian_light_after.csv
Total size: 73000000, Field length average: 7300
Workload file fieldlength set to: 7300 (expected: 7300)
=== Executing the load phase for the comparison study ===
Comparison-load verification - Epoch:8 Run:2 TotalSize:73000000 ExpectedFieldLength:7300
Avg-run verification - Epoch:8 Run:2 Iteration:72 TotalSize:73000000 ExpectedFieldLength:7300
=== Executing the run phase with extendproportion=0 and read/update proportions=0.5 ===
Arrangement completed. Output saved to ../analysis/Data/Workload_data/postgresql_array_run3_zipfian_light.csv
=== Setting parameter values for extend phase ===
=== Executing the extend phase with extendproportion=1 and other proportions=0 ===
Arrangement completed. Output saved to ../analysis/Data/Workload_data/postgresql_array_run3_zipfian_light.csv
Size computation started
Extend verification - Min:40900 Max:2848900 Avg:74000 (Expected avg per record: ~1000 bytes initially)
Generating histogram from key size log: key_sizes_postgresql_array_zipfian_light.csv
Histogram written to histogram_postgresql_array_zipfian_light.txt (BlockSize = 100)
Appending subsequent iteration 73...
Iteration 73: Appended new size values from key_sizes_postgresql_array_zipfian_light.csv to ../analysis/Data/Value_size_data/value_sizes_postgresql_array_run3_zipfian_light_before.csv
VACUUM start: 1773512991
VACUUM end: 1773512991
=== Setting parameter values for run phase ===
Checking query plan before run phase
=== Executing the run phase with extendproportion=0 and read/update proportions=0.5 ===
Arrangement completed. Output saved to ../analysis/Data/Workload_data/postgresql_array_run3_zipfian_light.csv
Arrangement completed. Output saved to ../analysis/Data/Workload_data/postgresql_array_run3_zipfian_light.csv
Backing up the database started
Backing up the database finished
Arrangement completed. Output saved to ../analysis/Data/Workload_data/postgresql_array_run3_zipfian_light.csv
Size computation started
Appending subsequent iteration 73...
Iteration 73: Appended new size values from key_sizes_postgresql_array_zipfian_light.csv to ../analysis/Data/Value_size_data/value_sizes_postgresql_array_run3_zipfian_light_after.csv
Total size: 74000000, Field length average: 7400
Workload file fieldlength set to: 7400 (expected: 7400)
=== Executing the load phase for the comparison study ===
Comparison-load verification - Epoch:8 Run:3 TotalSize:74000000 ExpectedFieldLength:7400
Avg-run verification - Epoch:8 Run:3 Iteration:73 TotalSize:74000000 ExpectedFieldLength:7400
=== Executing the run phase with extendproportion=0 and read/update proportions=0.5 ===
Arrangement completed. Output saved to ../analysis/Data/Workload_data/postgresql_array_run3_zipfian_light.csv
=== Setting parameter values for extend phase ===
=== Executing the extend phase with extendproportion=1 and other proportions=0 ===
Arrangement completed. Output saved to ../analysis/Data/Workload_data/postgresql_array_run3_zipfian_light.csv
Size computation started
Extend verification - Min:41300 Max:2889900 Avg:75000 (Expected avg per record: ~1000 bytes initially)
Generating histogram from key size log: key_sizes_postgresql_array_zipfian_light.csv
Histogram written to histogram_postgresql_array_zipfian_light.txt (BlockSize = 100)
Appending subsequent iteration 74...
Iteration 74: Appended new size values from key_sizes_postgresql_array_zipfian_light.csv to ../analysis/Data/Value_size_data/value_sizes_postgresql_array_run3_zipfian_light_before.csv
VACUUM start: 1773513107
VACUUM end: 1773513108
=== Setting parameter values for run phase ===
Checking query plan before run phase
=== Executing the run phase with extendproportion=0 and read/update proportions=0.5 ===
Arrangement completed. Output saved to ../analysis/Data/Workload_data/postgresql_array_run3_zipfian_light.csv
Arrangement completed. Output saved to ../analysis/Data/Workload_data/postgresql_array_run3_zipfian_light.csv
Backing up the database started
Backing up the database finished
Arrangement completed. Output saved to ../analysis/Data/Workload_data/postgresql_array_run3_zipfian_light.csv
Size computation started
Appending subsequent iteration 74...
Iteration 74: Appended new size values from key_sizes_postgresql_array_zipfian_light.csv to ../analysis/Data/Value_size_data/value_sizes_postgresql_array_run3_zipfian_light_after.csv
Total size: 75000000, Field length average: 7500
Workload file fieldlength set to: 7500 (expected: 7500)
=== Executing the load phase for the comparison study ===
Comparison-load verification - Epoch:8 Run:4 TotalSize:75000000 ExpectedFieldLength:7500
Avg-run verification - Epoch:8 Run:4 Iteration:74 TotalSize:75000000 ExpectedFieldLength:7500
=== Executing the run phase with extendproportion=0 and read/update proportions=0.5 ===
Arrangement completed. Output saved to ../analysis/Data/Workload_data/postgresql_array_run3_zipfian_light.csv
=== Setting parameter values for extend phase ===
=== Executing the extend phase with extendproportion=1 and other proportions=0 ===
Arrangement completed. Output saved to ../analysis/Data/Workload_data/postgresql_array_run3_zipfian_light.csv
Size computation started
Extend verification - Min:41900 Max:2925700 Avg:76000 (Expected avg per record: ~1000 bytes initially)
Generating histogram from key size log: key_sizes_postgresql_array_zipfian_light.csv
Histogram written to histogram_postgresql_array_zipfian_light.txt (BlockSize = 100)
Appending subsequent iteration 75...
Iteration 75: Appended new size values from key_sizes_postgresql_array_zipfian_light.csv to ../analysis/Data/Value_size_data/value_sizes_postgresql_array_run3_zipfian_light_before.csv
VACUUM start: 1773513221
VACUUM end: 1773513222
=== Setting parameter values for run phase ===
Checking query plan before run phase
=== Executing the run phase with extendproportion=0 and read/update proportions=0.5 ===
Arrangement completed. Output saved to ../analysis/Data/Workload_data/postgresql_array_run3_zipfian_light.csv
Arrangement completed. Output saved to ../analysis/Data/Workload_data/postgresql_array_run3_zipfian_light.csv
Backing up the database started
Backing up the database finished
Arrangement completed. Output saved to ../analysis/Data/Workload_data/postgresql_array_run3_zipfian_light.csv
Size computation started
Appending subsequent iteration 75...
Iteration 75: Appended new size values from key_sizes_postgresql_array_zipfian_light.csv to ../analysis/Data/Value_size_data/value_sizes_postgresql_array_run3_zipfian_light_after.csv
Total size: 76000000, Field length average: 7600
Workload file fieldlength set to: 7600 (expected: 7600)
=== Executing the load phase for the comparison study ===
Comparison-load verification - Epoch:8 Run:5 TotalSize:76000000 ExpectedFieldLength:7600
Avg-run verification - Epoch:8 Run:5 Iteration:75 TotalSize:76000000 ExpectedFieldLength:7600
=== Executing the run phase with extendproportion=0 and read/update proportions=0.5 ===
Arrangement completed. Output saved to ../analysis/Data/Workload_data/postgresql_array_run3_zipfian_light.csv
=== Setting parameter values for extend phase ===
=== Executing the extend phase with extendproportion=1 and other proportions=0 ===
Arrangement completed. Output saved to ../analysis/Data/Workload_data/postgresql_array_run3_zipfian_light.csv
Size computation started
Extend verification - Min:42300 Max:2963600 Avg:77000 (Expected avg per record: ~1000 bytes initially)
Generating histogram from key size log: key_sizes_postgresql_array_zipfian_light.csv
Histogram written to histogram_postgresql_array_zipfian_light.txt (BlockSize = 100)
Appending subsequent iteration 76...
Iteration 76: Appended new size values from key_sizes_postgresql_array_zipfian_light.csv to ../analysis/Data/Value_size_data/value_sizes_postgresql_array_run3_zipfian_light_before.csv
VACUUM start: 1773513335
VACUUM end: 1773513335
=== Setting parameter values for run phase ===
Checking query plan before run phase
=== Executing the run phase with extendproportion=0 and read/update proportions=0.5 ===
Arrangement completed. Output saved to ../analysis/Data/Workload_data/postgresql_array_run3_zipfian_light.csv
Arrangement completed. Output saved to ../analysis/Data/Workload_data/postgresql_array_run3_zipfian_light.csv
Backing up the database started
Backing up the database finished
Arrangement completed. Output saved to ../analysis/Data/Workload_data/postgresql_array_run3_zipfian_light.csv
Size computation started
Appending subsequent iteration 76...
Iteration 76: Appended new size values from key_sizes_postgresql_array_zipfian_light.csv to ../analysis/Data/Value_size_data/value_sizes_postgresql_array_run3_zipfian_light_after.csv
Total size: 77000000, Field length average: 7700
Workload file fieldlength set to: 7700 (expected: 7700)
=== Executing the load phase for the comparison study ===
Comparison-load verification - Epoch:8 Run:6 TotalSize:77000000 ExpectedFieldLength:7700
Avg-run verification - Epoch:8 Run:6 Iteration:76 TotalSize:77000000 ExpectedFieldLength:7700
=== Executing the run phase with extendproportion=0 and read/update proportions=0.5 ===
Arrangement completed. Output saved to ../analysis/Data/Workload_data/postgresql_array_run3_zipfian_light.csv
=== Setting parameter values for extend phase ===
=== Executing the extend phase with extendproportion=1 and other proportions=0 ===
Arrangement completed. Output saved to ../analysis/Data/Workload_data/postgresql_array_run3_zipfian_light.csv
Size computation started
Extend verification - Min:42800 Max:3003200 Avg:78000 (Expected avg per record: ~1000 bytes initially)
Generating histogram from key size log: key_sizes_postgresql_array_zipfian_light.csv
Histogram written to histogram_postgresql_array_zipfian_light.txt (BlockSize = 100)
Appending subsequent iteration 77...
Iteration 77: Appended new size values from key_sizes_postgresql_array_zipfian_light.csv to ../analysis/Data/Value_size_data/value_sizes_postgresql_array_run3_zipfian_light_before.csv
VACUUM start: 1773513454
VACUUM end: 1773513454
=== Setting parameter values for run phase ===
Checking query plan before run phase
=== Executing the run phase with extendproportion=0 and read/update proportions=0.5 ===
Arrangement completed. Output saved to ../analysis/Data/Workload_data/postgresql_array_run3_zipfian_light.csv
Arrangement completed. Output saved to ../analysis/Data/Workload_data/postgresql_array_run3_zipfian_light.csv
Backing up the database started
Backing up the database finished
Arrangement completed. Output saved to ../analysis/Data/Workload_data/postgresql_array_run3_zipfian_light.csv
Size computation started
Appending subsequent iteration 77...
Iteration 77: Appended new size values from key_sizes_postgresql_array_zipfian_light.csv to ../analysis/Data/Value_size_data/value_sizes_postgresql_array_run3_zipfian_light_after.csv
Total size: 78000000, Field length average: 7800
Workload file fieldlength set to: 7800 (expected: 7800)
=== Executing the load phase for the comparison study ===
Comparison-load verification - Epoch:8 Run:7 TotalSize:78000000 ExpectedFieldLength:7800
Avg-run verification - Epoch:8 Run:7 Iteration:77 TotalSize:78000000 ExpectedFieldLength:7800
=== Executing the run phase with extendproportion=0 and read/update proportions=0.5 ===
Arrangement completed. Output saved to ../analysis/Data/Workload_data/postgresql_array_run3_zipfian_light.csv
=== Setting parameter values for extend phase ===
=== Executing the extend phase with extendproportion=1 and other proportions=0 ===
Arrangement completed. Output saved to ../analysis/Data/Workload_data/postgresql_array_run3_zipfian_light.csv
Size computation started
Extend verification - Min:43300 Max:3040800 Avg:79000 (Expected avg per record: ~1000 bytes initially)
Generating histogram from key size log: key_sizes_postgresql_array_zipfian_light.csv
Histogram written to histogram_postgresql_array_zipfian_light.txt (BlockSize = 100)
Appending subsequent iteration 78...
Iteration 78: Appended new size values from key_sizes_postgresql_array_zipfian_light.csv to ../analysis/Data/Value_size_data/value_sizes_postgresql_array_run3_zipfian_light_before.csv
VACUUM start: 1773513576
VACUUM end: 1773513576
=== Setting parameter values for run phase ===
Checking query plan before run phase
=== Executing the run phase with extendproportion=0 and read/update proportions=0.5 ===
Arrangement completed. Output saved to ../analysis/Data/Workload_data/postgresql_array_run3_zipfian_light.csv
Arrangement completed. Output saved to ../analysis/Data/Workload_data/postgresql_array_run3_zipfian_light.csv
Backing up the database started
Backing up the database finished
Arrangement completed. Output saved to ../analysis/Data/Workload_data/postgresql_array_run3_zipfian_light.csv
Size computation started
Appending subsequent iteration 78...
Iteration 78: Appended new size values from key_sizes_postgresql_array_zipfian_light.csv to ../analysis/Data/Value_size_data/value_sizes_postgresql_array_run3_zipfian_light_after.csv
Total size: 79000000, Field length average: 7900
Workload file fieldlength set to: 7900 (expected: 7900)
=== Executing the load phase for the comparison study ===
Comparison-load verification - Epoch:8 Run:8 TotalSize:79000000 ExpectedFieldLength:7900
Avg-run verification - Epoch:8 Run:8 Iteration:78 TotalSize:79000000 ExpectedFieldLength:7900
=== Executing the run phase with extendproportion=0 and read/update proportions=0.5 ===
Arrangement completed. Output saved to ../analysis/Data/Workload_data/postgresql_array_run3_zipfian_light.csv
=== Setting parameter values for extend phase ===
=== Executing the extend phase with extendproportion=1 and other proportions=0 ===
Arrangement completed. Output saved to ../analysis/Data/Workload_data/postgresql_array_run3_zipfian_light.csv
Size computation started
Extend verification - Min:43700 Max:3076000 Avg:80000 (Expected avg per record: ~1000 bytes initially)
Generating histogram from key size log: key_sizes_postgresql_array_zipfian_light.csv
Histogram written to histogram_postgresql_array_zipfian_light.txt (BlockSize = 100)
Appending subsequent iteration 79...
Iteration 79: Appended new size values from key_sizes_postgresql_array_zipfian_light.csv to ../analysis/Data/Value_size_data/value_sizes_postgresql_array_run3_zipfian_light_before.csv
VACUUM start: 1773513691
VACUUM end: 1773513692
=== Setting parameter values for run phase ===
Checking query plan before run phase
=== Executing the run phase with extendproportion=0 and read/update proportions=0.5 ===
Arrangement completed. Output saved to ../analysis/Data/Workload_data/postgresql_array_run3_zipfian_light.csv
Arrangement completed. Output saved to ../analysis/Data/Workload_data/postgresql_array_run3_zipfian_light.csv
Backing up the database started
Backing up the database finished
Arrangement completed. Output saved to ../analysis/Data/Workload_data/postgresql_array_run3_zipfian_light.csv
Size computation started
Appending subsequent iteration 79...
Iteration 79: Appended new size values from key_sizes_postgresql_array_zipfian_light.csv to ../analysis/Data/Value_size_data/value_sizes_postgresql_array_run3_zipfian_light_after.csv
Total size: 80000000, Field length average: 8000
Workload file fieldlength set to: 8000 (expected: 8000)
=== Executing the load phase for the comparison study ===
Comparison-load verification - Epoch:8 Run:9 TotalSize:80000000 ExpectedFieldLength:8000
Avg-run verification - Epoch:8 Run:9 Iteration:79 TotalSize:80000000 ExpectedFieldLength:8000
=== Executing the run phase with extendproportion=0 and read/update proportions=0.5 ===
Arrangement completed. Output saved to ../analysis/Data/Workload_data/postgresql_array_run3_zipfian_light.csv
=== Setting parameter values for extend phase ===
=== Executing the extend phase with extendproportion=1 and other proportions=0 ===
Arrangement completed. Output saved to ../analysis/Data/Workload_data/postgresql_array_run3_zipfian_light.csv
Size computation started
Extend verification - Min:44200 Max:3114900 Avg:81000 (Expected avg per record: ~1000 bytes initially)
Generating histogram from key size log: key_sizes_postgresql_array_zipfian_light.csv
Histogram written to histogram_postgresql_array_zipfian_light.txt (BlockSize = 100)
Appending subsequent iteration 80...
Iteration 80: Appended new size values from key_sizes_postgresql_array_zipfian_light.csv to ../analysis/Data/Value_size_data/value_sizes_postgresql_array_run3_zipfian_light_before.csv
VACUUM start: 1773513809
VACUUM end: 1773513809
=== Setting parameter values for run phase ===
Checking query plan before run phase
=== Executing the run phase with extendproportion=0 and read/update proportions=0.5 ===
Arrangement completed. Output saved to ../analysis/Data/Workload_data/postgresql_array_run3_zipfian_light.csv
Arrangement completed. Output saved to ../analysis/Data/Workload_data/postgresql_array_run3_zipfian_light.csv
Backing up the database started
Backing up the database finished
Arrangement completed. Output saved to ../analysis/Data/Workload_data/postgresql_array_run3_zipfian_light.csv
Size computation started
Appending subsequent iteration 80...
Iteration 80: Appended new size values from key_sizes_postgresql_array_zipfian_light.csv to ../analysis/Data/Value_size_data/value_sizes_postgresql_array_run3_zipfian_light_after.csv
Total size: 81000000, Field length average: 8100
Workload file fieldlength set to: 8100 (expected: 8100)
=== Executing the load phase for the comparison study ===
Comparison-load verification - Epoch:8 Run:10 TotalSize:81000000 ExpectedFieldLength:8100
Avg-run verification - Epoch:8 Run:10 Iteration:80 TotalSize:81000000 ExpectedFieldLength:8100
=== Executing the run phase with extendproportion=0 and read/update proportions=0.5 ===
Arrangement completed. Output saved to ../analysis/Data/Workload_data/postgresql_array_run3_zipfian_light.csv
=== Setting parameter values for extend phase ===
=== Executing the extend phase with extendproportion=1 and other proportions=0 ===
Arrangement completed. Output saved to ../analysis/Data/Workload_data/postgresql_array_run3_zipfian_light.csv
Size computation started
Extend verification - Min:44800 Max:3151400 Avg:82000 (Expected avg per record: ~1000 bytes initially)
Generating histogram from key size log: key_sizes_postgresql_array_zipfian_light.csv
Histogram written to histogram_postgresql_array_zipfian_light.txt (BlockSize = 100)
Appending subsequent iteration 81...
Iteration 81: Appended new size values from key_sizes_postgresql_array_zipfian_light.csv to ../analysis/Data/Value_size_data/value_sizes_postgresql_array_run3_zipfian_light_before.csv
VACUUM start: 1773513925
VACUUM end: 1773513925
=== Setting parameter values for run phase ===
Checking query plan before run phase
=== Executing the run phase with extendproportion=0 and read/update proportions=0.5 ===
Arrangement completed. Output saved to ../analysis/Data/Workload_data/postgresql_array_run3_zipfian_light.csv
Arrangement completed. Output saved to ../analysis/Data/Workload_data/postgresql_array_run3_zipfian_light.csv
Backing up the database started
Backing up the database finished
Arrangement completed. Output saved to ../analysis/Data/Workload_data/postgresql_array_run3_zipfian_light.csv
Size computation started
Appending subsequent iteration 81...
Iteration 81: Appended new size values from key_sizes_postgresql_array_zipfian_light.csv to ../analysis/Data/Value_size_data/value_sizes_postgresql_array_run3_zipfian_light_after.csv
Total size: 82000000, Field length average: 8200
Workload file fieldlength set to: 8200 (expected: 8200)
=== Executing the load phase for the comparison study ===
Comparison-load verification - Epoch:9 Run:1 TotalSize:82000000 ExpectedFieldLength:8200
Avg-run verification - Epoch:9 Run:1 Iteration:81 TotalSize:82000000 ExpectedFieldLength:8200
=== Executing the run phase with extendproportion=0 and read/update proportions=0.5 ===
Arrangement completed. Output saved to ../analysis/Data/Workload_data/postgresql_array_run3_zipfian_light.csv
=== Setting parameter values for extend phase ===
=== Executing the extend phase with extendproportion=1 and other proportions=0 ===
Arrangement completed. Output saved to ../analysis/Data/Workload_data/postgresql_array_run3_zipfian_light.csv
Size computation started
Extend verification - Min:45300 Max:3190600 Avg:83000 (Expected avg per record: ~1000 bytes initially)
Generating histogram from key size log: key_sizes_postgresql_array_zipfian_light.csv
Histogram written to histogram_postgresql_array_zipfian_light.txt (BlockSize = 100)
Appending subsequent iteration 82...
Iteration 82: Appended new size values from key_sizes_postgresql_array_zipfian_light.csv to ../analysis/Data/Value_size_data/value_sizes_postgresql_array_run3_zipfian_light_before.csv
VACUUM start: 1773514048
VACUUM end: 1773514048
=== Setting parameter values for run phase ===
Checking query plan before run phase
=== Executing the run phase with extendproportion=0 and read/update proportions=0.5 ===
Arrangement completed. Output saved to ../analysis/Data/Workload_data/postgresql_array_run3_zipfian_light.csv
Arrangement completed. Output saved to ../analysis/Data/Workload_data/postgresql_array_run3_zipfian_light.csv
Backing up the database started
Backing up the database finished
Arrangement completed. Output saved to ../analysis/Data/Workload_data/postgresql_array_run3_zipfian_light.csv
Size computation started
Appending subsequent iteration 82...
Iteration 82: Appended new size values from key_sizes_postgresql_array_zipfian_light.csv to ../analysis/Data/Value_size_data/value_sizes_postgresql_array_run3_zipfian_light_after.csv
Total size: 83000000, Field length average: 8300
Workload file fieldlength set to: 8300 (expected: 8300)
=== Executing the load phase for the comparison study ===
Comparison-load verification - Epoch:9 Run:2 TotalSize:83000000 ExpectedFieldLength:8300
Avg-run verification - Epoch:9 Run:2 Iteration:82 TotalSize:83000000 ExpectedFieldLength:8300
=== Executing the run phase with extendproportion=0 and read/update proportions=0.5 ===
Arrangement completed. Output saved to ../analysis/Data/Workload_data/postgresql_array_run3_zipfian_light.csv
=== Setting parameter values for extend phase ===
=== Executing the extend phase with extendproportion=1 and other proportions=0 ===
Arrangement completed. Output saved to ../analysis/Data/Workload_data/postgresql_array_run3_zipfian_light.csv
Size computation started
Extend verification - Min:46000 Max:3228700 Avg:84000 (Expected avg per record: ~1000 bytes initially)
Generating histogram from key size log: key_sizes_postgresql_array_zipfian_light.csv
Histogram written to histogram_postgresql_array_zipfian_light.txt (BlockSize = 100)
Appending subsequent iteration 83...
Iteration 83: Appended new size values from key_sizes_postgresql_array_zipfian_light.csv to ../analysis/Data/Value_size_data/value_sizes_postgresql_array_run3_zipfian_light_before.csv
VACUUM start: 1773514170
VACUUM end: 1773514170
=== Setting parameter values for run phase ===
Checking query plan before run phase
=== Executing the run phase with extendproportion=0 and read/update proportions=0.5 ===
Arrangement completed. Output saved to ../analysis/Data/Workload_data/postgresql_array_run3_zipfian_light.csv
Arrangement completed. Output saved to ../analysis/Data/Workload_data/postgresql_array_run3_zipfian_light.csv
Backing up the database started
Backing up the database finished
Arrangement completed. Output saved to ../analysis/Data/Workload_data/postgresql_array_run3_zipfian_light.csv
Size computation started
Appending subsequent iteration 83...
Iteration 83: Appended new size values from key_sizes_postgresql_array_zipfian_light.csv to ../analysis/Data/Value_size_data/value_sizes_postgresql_array_run3_zipfian_light_after.csv
Total size: 84000000, Field length average: 8400
Workload file fieldlength set to: 8400 (expected: 8400)
=== Executing the load phase for the comparison study ===
Comparison-load verification - Epoch:9 Run:3 TotalSize:84000000 ExpectedFieldLength:8400
Avg-run verification - Epoch:9 Run:3 Iteration:83 TotalSize:84000000 ExpectedFieldLength:8400
=== Executing the run phase with extendproportion=0 and read/update proportions=0.5 ===
Arrangement completed. Output saved to ../analysis/Data/Workload_data/postgresql_array_run3_zipfian_light.csv
=== Setting parameter values for extend phase ===
=== Executing the extend phase with extendproportion=1 and other proportions=0 ===
Arrangement completed. Output saved to ../analysis/Data/Workload_data/postgresql_array_run3_zipfian_light.csv
Size computation started
Extend verification - Min:46700 Max:3266200 Avg:85000 (Expected avg per record: ~1000 bytes initially)
Generating histogram from key size log: key_sizes_postgresql_array_zipfian_light.csv
Histogram written to histogram_postgresql_array_zipfian_light.txt (BlockSize = 100)
Appending subsequent iteration 84...
Iteration 84: Appended new size values from key_sizes_postgresql_array_zipfian_light.csv to ../analysis/Data/Value_size_data/value_sizes_postgresql_array_run3_zipfian_light_before.csv
VACUUM start: 1773514293
VACUUM end: 1773514293
=== Setting parameter values for run phase ===
Checking query plan before run phase
=== Executing the run phase with extendproportion=0 and read/update proportions=0.5 ===
Arrangement completed. Output saved to ../analysis/Data/Workload_data/postgresql_array_run3_zipfian_light.csv
Arrangement completed. Output saved to ../analysis/Data/Workload_data/postgresql_array_run3_zipfian_light.csv
Backing up the database started
Backing up the database finished
Arrangement completed. Output saved to ../analysis/Data/Workload_data/postgresql_array_run3_zipfian_light.csv
Size computation started
Appending subsequent iteration 84...
Iteration 84: Appended new size values from key_sizes_postgresql_array_zipfian_light.csv to ../analysis/Data/Value_size_data/value_sizes_postgresql_array_run3_zipfian_light_after.csv
Total size: 85000000, Field length average: 8500
Workload file fieldlength set to: 8500 (expected: 8500)
=== Executing the load phase for the comparison study ===
Comparison-load verification - Epoch:9 Run:4 TotalSize:85000000 ExpectedFieldLength:8500
Avg-run verification - Epoch:9 Run:4 Iteration:84 TotalSize:85000000 ExpectedFieldLength:8500
=== Executing the run phase with extendproportion=0 and read/update proportions=0.5 ===
Arrangement completed. Output saved to ../analysis/Data/Workload_data/postgresql_array_run3_zipfian_light.csv
=== Setting parameter values for extend phase ===
=== Executing the extend phase with extendproportion=1 and other proportions=0 ===
Arrangement completed. Output saved to ../analysis/Data/Workload_data/postgresql_array_run3_zipfian_light.csv
Size computation started
Extend verification - Min:47300 Max:3302700 Avg:86000 (Expected avg per record: ~1000 bytes initially)
Generating histogram from key size log: key_sizes_postgresql_array_zipfian_light.csv
Histogram written to histogram_postgresql_array_zipfian_light.txt (BlockSize = 100)
Appending subsequent iteration 85...
Iteration 85: Appended new size values from key_sizes_postgresql_array_zipfian_light.csv to ../analysis/Data/Value_size_data/value_sizes_postgresql_array_run3_zipfian_light_before.csv
VACUUM start: 1773514418
VACUUM end: 1773514419
=== Setting parameter values for run phase ===
Checking query plan before run phase
=== Executing the run phase with extendproportion=0 and read/update proportions=0.5 ===
Arrangement completed. Output saved to ../analysis/Data/Workload_data/postgresql_array_run3_zipfian_light.csv
Arrangement completed. Output saved to ../analysis/Data/Workload_data/postgresql_array_run3_zipfian_light.csv
Backing up the database started
Backing up the database finished
Arrangement completed. Output saved to ../analysis/Data/Workload_data/postgresql_array_run3_zipfian_light.csv
Size computation started
Appending subsequent iteration 85...
Iteration 85: Appended new size values from key_sizes_postgresql_array_zipfian_light.csv to ../analysis/Data/Value_size_data/value_sizes_postgresql_array_run3_zipfian_light_after.csv
Total size: 86000000, Field length average: 8600
Workload file fieldlength set to: 8600 (expected: 8600)
=== Executing the load phase for the comparison study ===
Comparison-load verification - Epoch:9 Run:5 TotalSize:86000000 ExpectedFieldLength:8600
Avg-run verification - Epoch:9 Run:5 Iteration:85 TotalSize:86000000 ExpectedFieldLength:8600
=== Executing the run phase with extendproportion=0 and read/update proportions=0.5 ===
Arrangement completed. Output saved to ../analysis/Data/Workload_data/postgresql_array_run3_zipfian_light.csv
=== Setting parameter values for extend phase ===
=== Executing the extend phase with extendproportion=1 and other proportions=0 ===
Arrangement completed. Output saved to ../analysis/Data/Workload_data/postgresql_array_run3_zipfian_light.csv
Size computation started
Extend verification - Min:47800 Max:3337700 Avg:87000 (Expected avg per record: ~1000 bytes initially)
Generating histogram from key size log: key_sizes_postgresql_array_zipfian_light.csv
Histogram written to histogram_postgresql_array_zipfian_light.txt (BlockSize = 100)
Appending subsequent iteration 86...
Iteration 86: Appended new size values from key_sizes_postgresql_array_zipfian_light.csv to ../analysis/Data/Value_size_data/value_sizes_postgresql_array_run3_zipfian_light_before.csv
VACUUM start: 1773514539
VACUUM end: 1773514539
=== Setting parameter values for run phase ===
Checking query plan before run phase
=== Executing the run phase with extendproportion=0 and read/update proportions=0.5 ===
Arrangement completed. Output saved to ../analysis/Data/Workload_data/postgresql_array_run3_zipfian_light.csv
Arrangement completed. Output saved to ../analysis/Data/Workload_data/postgresql_array_run3_zipfian_light.csv
Backing up the database started
Backing up the database finished
Arrangement completed. Output saved to ../analysis/Data/Workload_data/postgresql_array_run3_zipfian_light.csv
Size computation started
Appending subsequent iteration 86...
Iteration 86: Appended new size values from key_sizes_postgresql_array_zipfian_light.csv to ../analysis/Data/Value_size_data/value_sizes_postgresql_array_run3_zipfian_light_after.csv
Total size: 87000000, Field length average: 8700
Workload file fieldlength set to: 8700 (expected: 8700)
=== Executing the load phase for the comparison study ===
Comparison-load verification - Epoch:9 Run:6 TotalSize:87000000 ExpectedFieldLength:8700
Avg-run verification - Epoch:9 Run:6 Iteration:86 TotalSize:87000000 ExpectedFieldLength:8700
=== Executing the run phase with extendproportion=0 and read/update proportions=0.5 ===
Arrangement completed. Output saved to ../analysis/Data/Workload_data/postgresql_array_run3_zipfian_light.csv
=== Setting parameter values for extend phase ===
=== Executing the extend phase with extendproportion=1 and other proportions=0 ===
Arrangement completed. Output saved to ../analysis/Data/Workload_data/postgresql_array_run3_zipfian_light.csv
Size computation started
Extend verification - Min:48300 Max:3377800 Avg:88000 (Expected avg per record: ~1000 bytes initially)
Generating histogram from key size log: key_sizes_postgresql_array_zipfian_light.csv
Histogram written to histogram_postgresql_array_zipfian_light.txt (BlockSize = 100)
Appending subsequent iteration 87...
Iteration 87: Appended new size values from key_sizes_postgresql_array_zipfian_light.csv to ../analysis/Data/Value_size_data/value_sizes_postgresql_array_run3_zipfian_light_before.csv
VACUUM start: 1773514668
VACUUM end: 1773514668
=== Setting parameter values for run phase ===
Checking query plan before run phase
=== Executing the run phase with extendproportion=0 and read/update proportions=0.5 ===
Arrangement completed. Output saved to ../analysis/Data/Workload_data/postgresql_array_run3_zipfian_light.csv
Arrangement completed. Output saved to ../analysis/Data/Workload_data/postgresql_array_run3_zipfian_light.csv
Backing up the database started
Backing up the database finished
Arrangement completed. Output saved to ../analysis/Data/Workload_data/postgresql_array_run3_zipfian_light.csv
Size computation started
Appending subsequent iteration 87...
Iteration 87: Appended new size values from key_sizes_postgresql_array_zipfian_light.csv to ../analysis/Data/Value_size_data/value_sizes_postgresql_array_run3_zipfian_light_after.csv
Total size: 88000000, Field length average: 8800
Workload file fieldlength set to: 8800 (expected: 8800)
=== Executing the load phase for the comparison study ===
Comparison-load verification - Epoch:9 Run:7 TotalSize:88000000 ExpectedFieldLength:8800
Avg-run verification - Epoch:9 Run:7 Iteration:87 TotalSize:88000000 ExpectedFieldLength:8800
=== Executing the run phase with extendproportion=0 and read/update proportions=0.5 ===
Arrangement completed. Output saved to ../analysis/Data/Workload_data/postgresql_array_run3_zipfian_light.csv
=== Setting parameter values for extend phase ===
=== Executing the extend phase with extendproportion=1 and other proportions=0 ===
Arrangement completed. Output saved to ../analysis/Data/Workload_data/postgresql_array_run3_zipfian_light.csv
Size computation started
Extend verification - Min:48900 Max:3417000 Avg:89000 (Expected avg per record: ~1000 bytes initially)
Generating histogram from key size log: key_sizes_postgresql_array_zipfian_light.csv
Histogram written to histogram_postgresql_array_zipfian_light.txt (BlockSize = 100)
Appending subsequent iteration 88...
Iteration 88: Appended new size values from key_sizes_postgresql_array_zipfian_light.csv to ../analysis/Data/Value_size_data/value_sizes_postgresql_array_run3_zipfian_light_before.csv
VACUUM start: 1773514793
VACUUM end: 1773514793
=== Setting parameter values for run phase ===
Checking query plan before run phase
=== Executing the run phase with extendproportion=0 and read/update proportions=0.5 ===
Arrangement completed. Output saved to ../analysis/Data/Workload_data/postgresql_array_run3_zipfian_light.csv
Arrangement completed. Output saved to ../analysis/Data/Workload_data/postgresql_array_run3_zipfian_light.csv
Backing up the database started
Backing up the database finished
Arrangement completed. Output saved to ../analysis/Data/Workload_data/postgresql_array_run3_zipfian_light.csv
Size computation started
Appending subsequent iteration 88...
Iteration 88: Appended new size values from key_sizes_postgresql_array_zipfian_light.csv to ../analysis/Data/Value_size_data/value_sizes_postgresql_array_run3_zipfian_light_after.csv
Total size: 89000000, Field length average: 8900
Workload file fieldlength set to: 8900 (expected: 8900)
=== Executing the load phase for the comparison study ===
Comparison-load verification - Epoch:9 Run:8 TotalSize:89000000 ExpectedFieldLength:8900
Avg-run verification - Epoch:9 Run:8 Iteration:88 TotalSize:89000000 ExpectedFieldLength:8900
=== Executing the run phase with extendproportion=0 and read/update proportions=0.5 ===
Arrangement completed. Output saved to ../analysis/Data/Workload_data/postgresql_array_run3_zipfian_light.csv
=== Setting parameter values for extend phase ===
=== Executing the extend phase with extendproportion=1 and other proportions=0 ===
Arrangement completed. Output saved to ../analysis/Data/Workload_data/postgresql_array_run3_zipfian_light.csv
Size computation started
Extend verification - Min:49700 Max:3459300 Avg:90000 (Expected avg per record: ~1000 bytes initially)
Generating histogram from key size log: key_sizes_postgresql_array_zipfian_light.csv
Histogram written to histogram_postgresql_array_zipfian_light.txt (BlockSize = 100)
Appending subsequent iteration 89...
Iteration 89: Appended new size values from key_sizes_postgresql_array_zipfian_light.csv to ../analysis/Data/Value_size_data/value_sizes_postgresql_array_run3_zipfian_light_before.csv
VACUUM start: 1773514924
VACUUM end: 1773514924
=== Setting parameter values for run phase ===
Checking query plan before run phase
=== Executing the run phase with extendproportion=0 and read/update proportions=0.5 ===
Arrangement completed. Output saved to ../analysis/Data/Workload_data/postgresql_array_run3_zipfian_light.csv
Arrangement completed. Output saved to ../analysis/Data/Workload_data/postgresql_array_run3_zipfian_light.csv
Backing up the database started
Backing up the database finished
Arrangement completed. Output saved to ../analysis/Data/Workload_data/postgresql_array_run3_zipfian_light.csv
Size computation started
Appending subsequent iteration 89...
Iteration 89: Appended new size values from key_sizes_postgresql_array_zipfian_light.csv to ../analysis/Data/Value_size_data/value_sizes_postgresql_array_run3_zipfian_light_after.csv
Total size: 90000000, Field length average: 9000
Workload file fieldlength set to: 9000 (expected: 9000)
=== Executing the load phase for the comparison study ===
Comparison-load verification - Epoch:9 Run:9 TotalSize:90000000 ExpectedFieldLength:9000
Avg-run verification - Epoch:9 Run:9 Iteration:89 TotalSize:90000000 ExpectedFieldLength:9000
=== Executing the run phase with extendproportion=0 and read/update proportions=0.5 ===
Arrangement completed. Output saved to ../analysis/Data/Workload_data/postgresql_array_run3_zipfian_light.csv
=== Setting parameter values for extend phase ===
=== Executing the extend phase with extendproportion=1 and other proportions=0 ===
Arrangement completed. Output saved to ../analysis/Data/Workload_data/postgresql_array_run3_zipfian_light.csv
Size computation started
Extend verification - Min:50600 Max:3498000 Avg:91000 (Expected avg per record: ~1000 bytes initially)
Generating histogram from key size log: key_sizes_postgresql_array_zipfian_light.csv
Histogram written to histogram_postgresql_array_zipfian_light.txt (BlockSize = 100)
Appending subsequent iteration 90...
Iteration 90: Appended new size values from key_sizes_postgresql_array_zipfian_light.csv to ../analysis/Data/Value_size_data/value_sizes_postgresql_array_run3_zipfian_light_before.csv
VACUUM start: 1773515047
VACUUM end: 1773515047
=== Setting parameter values for run phase ===
Checking query plan before run phase
=== Executing the run phase with extendproportion=0 and read/update proportions=0.5 ===
Arrangement completed. Output saved to ../analysis/Data/Workload_data/postgresql_array_run3_zipfian_light.csv
Arrangement completed. Output saved to ../analysis/Data/Workload_data/postgresql_array_run3_zipfian_light.csv
Backing up the database started
Backing up the database finished
Arrangement completed. Output saved to ../analysis/Data/Workload_data/postgresql_array_run3_zipfian_light.csv
Size computation started
Appending subsequent iteration 90...
Iteration 90: Appended new size values from key_sizes_postgresql_array_zipfian_light.csv to ../analysis/Data/Value_size_data/value_sizes_postgresql_array_run3_zipfian_light_after.csv
Total size: 91000000, Field length average: 9100
Workload file fieldlength set to: 9100 (expected: 9100)
=== Executing the load phase for the comparison study ===
Comparison-load verification - Epoch:9 Run:10 TotalSize:91000000 ExpectedFieldLength:9100
Avg-run verification - Epoch:9 Run:10 Iteration:90 TotalSize:91000000 ExpectedFieldLength:9100
=== Executing the run phase with extendproportion=0 and read/update proportions=0.5 ===
Arrangement completed. Output saved to ../analysis/Data/Workload_data/postgresql_array_run3_zipfian_light.csv
=== Setting parameter values for extend phase ===
=== Executing the extend phase with extendproportion=1 and other proportions=0 ===
Arrangement completed. Output saved to ../analysis/Data/Workload_data/postgresql_array_run3_zipfian_light.csv
Size computation started
Extend verification - Min:51200 Max:3534800 Avg:92000 (Expected avg per record: ~1000 bytes initially)
Generating histogram from key size log: key_sizes_postgresql_array_zipfian_light.csv
Histogram written to histogram_postgresql_array_zipfian_light.txt (BlockSize = 100)
Appending subsequent iteration 91...
Iteration 91: Appended new size values from key_sizes_postgresql_array_zipfian_light.csv to ../analysis/Data/Value_size_data/value_sizes_postgresql_array_run3_zipfian_light_before.csv
VACUUM start: 1773515177
VACUUM end: 1773515178
=== Setting parameter values for run phase ===
Checking query plan before run phase
=== Executing the run phase with extendproportion=0 and read/update proportions=0.5 ===
Arrangement completed. Output saved to ../analysis/Data/Workload_data/postgresql_array_run3_zipfian_light.csv
Arrangement completed. Output saved to ../analysis/Data/Workload_data/postgresql_array_run3_zipfian_light.csv
Backing up the database started
Backing up the database finished
Arrangement completed. Output saved to ../analysis/Data/Workload_data/postgresql_array_run3_zipfian_light.csv
Size computation started
Appending subsequent iteration 91...
Iteration 91: Appended new size values from key_sizes_postgresql_array_zipfian_light.csv to ../analysis/Data/Value_size_data/value_sizes_postgresql_array_run3_zipfian_light_after.csv
Total size: 92000000, Field length average: 9200
Workload file fieldlength set to: 9200 (expected: 9200)
=== Executing the load phase for the comparison study ===
Comparison-load verification - Epoch:10 Run:1 TotalSize:92000000 ExpectedFieldLength:9200
Avg-run verification - Epoch:10 Run:1 Iteration:91 TotalSize:92000000 ExpectedFieldLength:9200
=== Executing the run phase with extendproportion=0 and read/update proportions=0.5 ===
Arrangement completed. Output saved to ../analysis/Data/Workload_data/postgresql_array_run3_zipfian_light.csv
=== Setting parameter values for extend phase ===
=== Executing the extend phase with extendproportion=1 and other proportions=0 ===
Arrangement completed. Output saved to ../analysis/Data/Workload_data/postgresql_array_run3_zipfian_light.csv
Size computation started
Extend verification - Min:51600 Max:3574600 Avg:93000 (Expected avg per record: ~1000 bytes initially)
Generating histogram from key size log: key_sizes_postgresql_array_zipfian_light.csv
Histogram written to histogram_postgresql_array_zipfian_light.txt (BlockSize = 100)
Appending subsequent iteration 92...
Iteration 92: Appended new size values from key_sizes_postgresql_array_zipfian_light.csv to ../analysis/Data/Value_size_data/value_sizes_postgresql_array_run3_zipfian_light_before.csv
VACUUM start: 1773515308
VACUUM end: 1773515309
=== Setting parameter values for run phase ===
Checking query plan before run phase
=== Executing the run phase with extendproportion=0 and read/update proportions=0.5 ===
Arrangement completed. Output saved to ../analysis/Data/Workload_data/postgresql_array_run3_zipfian_light.csv
Arrangement completed. Output saved to ../analysis/Data/Workload_data/postgresql_array_run3_zipfian_light.csv
Backing up the database started
Backing up the database finished
Arrangement completed. Output saved to ../analysis/Data/Workload_data/postgresql_array_run3_zipfian_light.csv
Size computation started
Appending subsequent iteration 92...
Iteration 92: Appended new size values from key_sizes_postgresql_array_zipfian_light.csv to ../analysis/Data/Value_size_data/value_sizes_postgresql_array_run3_zipfian_light_after.csv
Total size: 93000000, Field length average: 9300
Workload file fieldlength set to: 9300 (expected: 9300)
=== Executing the load phase for the comparison study ===
Comparison-load verification - Epoch:10 Run:2 TotalSize:93000000 ExpectedFieldLength:9300
Avg-run verification - Epoch:10 Run:2 Iteration:92 TotalSize:93000000 ExpectedFieldLength:9300
=== Executing the run phase with extendproportion=0 and read/update proportions=0.5 ===
Arrangement completed. Output saved to ../analysis/Data/Workload_data/postgresql_array_run3_zipfian_light.csv
=== Setting parameter values for extend phase ===
=== Executing the extend phase with extendproportion=1 and other proportions=0 ===
Arrangement completed. Output saved to ../analysis/Data/Workload_data/postgresql_array_run3_zipfian_light.csv
Size computation started
Extend verification - Min:52400 Max:3614100 Avg:94000 (Expected avg per record: ~1000 bytes initially)
Generating histogram from key size log: key_sizes_postgresql_array_zipfian_light.csv
Histogram written to histogram_postgresql_array_zipfian_light.txt (BlockSize = 100)
Appending subsequent iteration 93...
Iteration 93: Appended new size values from key_sizes_postgresql_array_zipfian_light.csv to ../analysis/Data/Value_size_data/value_sizes_postgresql_array_run3_zipfian_light_before.csv
VACUUM start: 1773515441
VACUUM end: 1773515441
=== Setting parameter values for run phase ===
Checking query plan before run phase
=== Executing the run phase with extendproportion=0 and read/update proportions=0.5 ===
Arrangement completed. Output saved to ../analysis/Data/Workload_data/postgresql_array_run3_zipfian_light.csv
Arrangement completed. Output saved to ../analysis/Data/Workload_data/postgresql_array_run3_zipfian_light.csv
Backing up the database started
Backing up the database finished
Arrangement completed. Output saved to ../analysis/Data/Workload_data/postgresql_array_run3_zipfian_light.csv
Size computation started
Appending subsequent iteration 93...
Iteration 93: Appended new size values from key_sizes_postgresql_array_zipfian_light.csv to ../analysis/Data/Value_size_data/value_sizes_postgresql_array_run3_zipfian_light_after.csv
Total size: 94000000, Field length average: 9400
Workload file fieldlength set to: 9400 (expected: 9400)
=== Executing the load phase for the comparison study ===
Comparison-load verification - Epoch:10 Run:3 TotalSize:94000000 ExpectedFieldLength:9400
Avg-run verification - Epoch:10 Run:3 Iteration:93 TotalSize:94000000 ExpectedFieldLength:9400
=== Executing the run phase with extendproportion=0 and read/update proportions=0.5 ===
Arrangement completed. Output saved to ../analysis/Data/Workload_data/postgresql_array_run3_zipfian_light.csv
=== Setting parameter values for extend phase ===
=== Executing the extend phase with extendproportion=1 and other proportions=0 ===
Arrangement completed. Output saved to ../analysis/Data/Workload_data/postgresql_array_run3_zipfian_light.csv
Size computation started
Extend verification - Min:52800 Max:3653000 Avg:95000 (Expected avg per record: ~1000 bytes initially)
Generating histogram from key size log: key_sizes_postgresql_array_zipfian_light.csv
Histogram written to histogram_postgresql_array_zipfian_light.txt (BlockSize = 100)
Appending subsequent iteration 94...
Iteration 94: Appended new size values from key_sizes_postgresql_array_zipfian_light.csv to ../analysis/Data/Value_size_data/value_sizes_postgresql_array_run3_zipfian_light_before.csv
VACUUM start: 1773515574
VACUUM end: 1773515575
=== Setting parameter values for run phase ===
Checking query plan before run phase
=== Executing the run phase with extendproportion=0 and read/update proportions=0.5 ===
Arrangement completed. Output saved to ../analysis/Data/Workload_data/postgresql_array_run3_zipfian_light.csv
Arrangement completed. Output saved to ../analysis/Data/Workload_data/postgresql_array_run3_zipfian_light.csv
Backing up the database started
Backing up the database finished
Arrangement completed. Output saved to ../analysis/Data/Workload_data/postgresql_array_run3_zipfian_light.csv
Size computation started
Appending subsequent iteration 94...
Iteration 94: Appended new size values from key_sizes_postgresql_array_zipfian_light.csv to ../analysis/Data/Value_size_data/value_sizes_postgresql_array_run3_zipfian_light_after.csv
Total size: 95000000, Field length average: 9500
Workload file fieldlength set to: 9500 (expected: 9500)
=== Executing the load phase for the comparison study ===
Comparison-load verification - Epoch:10 Run:4 TotalSize:95000000 ExpectedFieldLength:9500
Avg-run verification - Epoch:10 Run:4 Iteration:94 TotalSize:95000000 ExpectedFieldLength:9500
=== Executing the run phase with extendproportion=0 and read/update proportions=0.5 ===
Arrangement completed. Output saved to ../analysis/Data/Workload_data/postgresql_array_run3_zipfian_light.csv
=== Setting parameter values for extend phase ===
=== Executing the extend phase with extendproportion=1 and other proportions=0 ===
Arrangement completed. Output saved to ../analysis/Data/Workload_data/postgresql_array_run3_zipfian_light.csv
Size computation started
Extend verification - Min:53400 Max:3689000 Avg:96000 (Expected avg per record: ~1000 bytes initially)
Generating histogram from key size log: key_sizes_postgresql_array_zipfian_light.csv
Histogram written to histogram_postgresql_array_zipfian_light.txt (BlockSize = 100)
Appending subsequent iteration 95...
Iteration 95: Appended new size values from key_sizes_postgresql_array_zipfian_light.csv to ../analysis/Data/Value_size_data/value_sizes_postgresql_array_run3_zipfian_light_before.csv
VACUUM start: 1773515704
VACUUM end: 1773515705
=== Setting parameter values for run phase ===
Checking query plan before run phase
=== Executing the run phase with extendproportion=0 and read/update proportions=0.5 ===
Arrangement completed. Output saved to ../analysis/Data/Workload_data/postgresql_array_run3_zipfian_light.csv
Arrangement completed. Output saved to ../analysis/Data/Workload_data/postgresql_array_run3_zipfian_light.csv
Backing up the database started
Backing up the database finished
Arrangement completed. Output saved to ../analysis/Data/Workload_data/postgresql_array_run3_zipfian_light.csv
Size computation started
Appending subsequent iteration 95...
Iteration 95: Appended new size values from key_sizes_postgresql_array_zipfian_light.csv to ../analysis/Data/Value_size_data/value_sizes_postgresql_array_run3_zipfian_light_after.csv
Total size: 96000000, Field length average: 9600
Workload file fieldlength set to: 9600 (expected: 9600)
=== Executing the load phase for the comparison study ===
Comparison-load verification - Epoch:10 Run:5 TotalSize:96000000 ExpectedFieldLength:9600
Avg-run verification - Epoch:10 Run:5 Iteration:95 TotalSize:96000000 ExpectedFieldLength:9600
=== Executing the run phase with extendproportion=0 and read/update proportions=0.5 ===
Arrangement completed. Output saved to ../analysis/Data/Workload_data/postgresql_array_run3_zipfian_light.csv
=== Setting parameter values for extend phase ===
=== Executing the extend phase with extendproportion=1 and other proportions=0 ===
Arrangement completed. Output saved to ../analysis/Data/Workload_data/postgresql_array_run3_zipfian_light.csv
Size computation started
Extend verification - Min:53800 Max:3726000 Avg:97000 (Expected avg per record: ~1000 bytes initially)
Generating histogram from key size log: key_sizes_postgresql_array_zipfian_light.csv
Histogram written to histogram_postgresql_array_zipfian_light.txt (BlockSize = 100)
Appending subsequent iteration 96...
Iteration 96: Appended new size values from key_sizes_postgresql_array_zipfian_light.csv to ../analysis/Data/Value_size_data/value_sizes_postgresql_array_run3_zipfian_light_before.csv
VACUUM start: 1773515841
VACUUM end: 1773515841
=== Setting parameter values for run phase ===
Checking query plan before run phase
=== Executing the run phase with extendproportion=0 and read/update proportions=0.5 ===
Arrangement completed. Output saved to ../analysis/Data/Workload_data/postgresql_array_run3_zipfian_light.csv
Arrangement completed. Output saved to ../analysis/Data/Workload_data/postgresql_array_run3_zipfian_light.csv
Backing up the database started
Backing up the database finished
Arrangement completed. Output saved to ../analysis/Data/Workload_data/postgresql_array_run3_zipfian_light.csv
Size computation started
Appending subsequent iteration 96...
Iteration 96: Appended new size values from key_sizes_postgresql_array_zipfian_light.csv to ../analysis/Data/Value_size_data/value_sizes_postgresql_array_run3_zipfian_light_after.csv
Total size: 97000000, Field length average: 9700
Workload file fieldlength set to: 9700 (expected: 9700)
=== Executing the load phase for the comparison study ===
Comparison-load verification - Epoch:10 Run:6 TotalSize:97000000 ExpectedFieldLength:9700
Avg-run verification - Epoch:10 Run:6 Iteration:96 TotalSize:97000000 ExpectedFieldLength:9700
=== Executing the run phase with extendproportion=0 and read/update proportions=0.5 ===
Arrangement completed. Output saved to ../analysis/Data/Workload_data/postgresql_array_run3_zipfian_light.csv
=== Setting parameter values for extend phase ===
=== Executing the extend phase with extendproportion=1 and other proportions=0 ===
Arrangement completed. Output saved to ../analysis/Data/Workload_data/postgresql_array_run3_zipfian_light.csv
Size computation started
Extend verification - Min:54300 Max:3763200 Avg:98000 (Expected avg per record: ~1000 bytes initially)
Generating histogram from key size log: key_sizes_postgresql_array_zipfian_light.csv
Histogram written to histogram_postgresql_array_zipfian_light.txt (BlockSize = 100)
Appending subsequent iteration 97...
Iteration 97: Appended new size values from key_sizes_postgresql_array_zipfian_light.csv to ../analysis/Data/Value_size_data/value_sizes_postgresql_array_run3_zipfian_light_before.csv
VACUUM start: 1773515978
VACUUM end: 1773515978
=== Setting parameter values for run phase ===
Checking query plan before run phase
=== Executing the run phase with extendproportion=0 and read/update proportions=0.5 ===
Arrangement completed. Output saved to ../analysis/Data/Workload_data/postgresql_array_run3_zipfian_light.csv
Arrangement completed. Output saved to ../analysis/Data/Workload_data/postgresql_array_run3_zipfian_light.csv
Backing up the database started
Backing up the database finished
Arrangement completed. Output saved to ../analysis/Data/Workload_data/postgresql_array_run3_zipfian_light.csv
Size computation started
Appending subsequent iteration 97...
Iteration 97: Appended new size values from key_sizes_postgresql_array_zipfian_light.csv to ../analysis/Data/Value_size_data/value_sizes_postgresql_array_run3_zipfian_light_after.csv
Total size: 98000000, Field length average: 9800
Workload file fieldlength set to: 9800 (expected: 9800)
=== Executing the load phase for the comparison study ===
Comparison-load verification - Epoch:10 Run:7 TotalSize:98000000 ExpectedFieldLength:9800
Avg-run verification - Epoch:10 Run:7 Iteration:97 TotalSize:98000000 ExpectedFieldLength:9800
=== Executing the run phase with extendproportion=0 and read/update proportions=0.5 ===
Arrangement completed. Output saved to ../analysis/Data/Workload_data/postgresql_array_run3_zipfian_light.csv
=== Setting parameter values for extend phase ===
=== Executing the extend phase with extendproportion=1 and other proportions=0 ===
Arrangement completed. Output saved to ../analysis/Data/Workload_data/postgresql_array_run3_zipfian_light.csv
Size computation started
Extend verification - Min:55000 Max:3803700 Avg:99000 (Expected avg per record: ~1000 bytes initially)
Generating histogram from key size log: key_sizes_postgresql_array_zipfian_light.csv
Histogram written to histogram_postgresql_array_zipfian_light.txt (BlockSize = 100)
Appending subsequent iteration 98...
Iteration 98: Appended new size values from key_sizes_postgresql_array_zipfian_light.csv to ../analysis/Data/Value_size_data/value_sizes_postgresql_array_run3_zipfian_light_before.csv
VACUUM start: 1773516114
VACUUM end: 1773516116
=== Setting parameter values for run phase ===
Checking query plan before run phase
=== Executing the run phase with extendproportion=0 and read/update proportions=0.5 ===
Arrangement completed. Output saved to ../analysis/Data/Workload_data/postgresql_array_run3_zipfian_light.csv
Arrangement completed. Output saved to ../analysis/Data/Workload_data/postgresql_array_run3_zipfian_light.csv
Backing up the database started
Backing up the database finished
Arrangement completed. Output saved to ../analysis/Data/Workload_data/postgresql_array_run3_zipfian_light.csv
Size computation started
Appending subsequent iteration 98...
Iteration 98: Appended new size values from key_sizes_postgresql_array_zipfian_light.csv to ../analysis/Data/Value_size_data/value_sizes_postgresql_array_run3_zipfian_light_after.csv
Total size: 99000000, Field length average: 9900
Workload file fieldlength set to: 9900 (expected: 9900)
=== Executing the load phase for the comparison study ===
Comparison-load verification - Epoch:10 Run:8 TotalSize:99000000 ExpectedFieldLength:9900
Avg-run verification - Epoch:10 Run:8 Iteration:98 TotalSize:99000000 ExpectedFieldLength:9900
=== Executing the run phase with extendproportion=0 and read/update proportions=0.5 ===
Arrangement completed. Output saved to ../analysis/Data/Workload_data/postgresql_array_run3_zipfian_light.csv
=== Setting parameter values for extend phase ===
=== Executing the extend phase with extendproportion=1 and other proportions=0 ===
Arrangement completed. Output saved to ../analysis/Data/Workload_data/postgresql_array_run3_zipfian_light.csv
Size computation started
Extend verification - Min:55800 Max:3840900 Avg:100000 (Expected avg per record: ~1000 bytes initially)
Generating histogram from key size log: key_sizes_postgresql_array_zipfian_light.csv
Histogram written to histogram_postgresql_array_zipfian_light.txt (BlockSize = 100)
Appending subsequent iteration 99...
Iteration 99: Appended new size values from key_sizes_postgresql_array_zipfian_light.csv to ../analysis/Data/Value_size_data/value_sizes_postgresql_array_run3_zipfian_light_before.csv
VACUUM start: 1773516253
VACUUM end: 1773516254
=== Setting parameter values for run phase ===
Checking query plan before run phase
=== Executing the run phase with extendproportion=0 and read/update proportions=0.5 ===
Arrangement completed. Output saved to ../analysis/Data/Workload_data/postgresql_array_run3_zipfian_light.csv
Arrangement completed. Output saved to ../analysis/Data/Workload_data/postgresql_array_run3_zipfian_light.csv
Backing up the database started
Backing up the database finished
Arrangement completed. Output saved to ../analysis/Data/Workload_data/postgresql_array_run3_zipfian_light.csv
Size computation started
Appending subsequent iteration 99...
Iteration 99: Appended new size values from key_sizes_postgresql_array_zipfian_light.csv to ../analysis/Data/Value_size_data/value_sizes_postgresql_array_run3_zipfian_light_after.csv
Total size: 100000000, Field length average: 10000
Workload file fieldlength set to: 10000 (expected: 10000)
=== Executing the load phase for the comparison study ===
Comparison-load verification - Epoch:10 Run:9 TotalSize:100000000 ExpectedFieldLength:10000
Avg-run verification - Epoch:10 Run:9 Iteration:99 TotalSize:100000000 ExpectedFieldLength:10000
=== Executing the run phase with extendproportion=0 and read/update proportions=0.5 ===
Arrangement completed. Output saved to ../analysis/Data/Workload_data/postgresql_array_run3_zipfian_light.csv
=== Setting parameter values for extend phase ===
=== Executing the extend phase with extendproportion=1 and other proportions=0 ===
Arrangement completed. Output saved to ../analysis/Data/Workload_data/postgresql_array_run3_zipfian_light.csv
Size computation started
Extend verification - Min:56500 Max:3880500 Avg:101000 (Expected avg per record: ~1000 bytes initially)
Generating histogram from key size log: key_sizes_postgresql_array_zipfian_light.csv
Histogram written to histogram_postgresql_array_zipfian_light.txt (BlockSize = 100)
Appending subsequent iteration 100...
Iteration 100: Appended new size values from key_sizes_postgresql_array_zipfian_light.csv to ../analysis/Data/Value_size_data/value_sizes_postgresql_array_run3_zipfian_light_before.csv
VACUUM start: 1773516391
VACUUM end: 1773516392
=== Setting parameter values for run phase ===
Checking query plan before run phase
=== Executing the run phase with extendproportion=0 and read/update proportions=0.5 ===
Arrangement completed. Output saved to ../analysis/Data/Workload_data/postgresql_array_run3_zipfian_light.csv
Arrangement completed. Output saved to ../analysis/Data/Workload_data/postgresql_array_run3_zipfian_light.csv
Backing up the database started
Backing up the database finished
Arrangement completed. Output saved to ../analysis/Data/Workload_data/postgresql_array_run3_zipfian_light.csv
Size computation started
Appending subsequent iteration 100...
Iteration 100: Appended new size values from key_sizes_postgresql_array_zipfian_light.csv to ../analysis/Data/Value_size_data/value_sizes_postgresql_array_run3_zipfian_light_after.csv
Total size: 101000000, Field length average: 10100
Workload file fieldlength set to: 10100 (expected: 10100)
=== Executing the load phase for the comparison study ===
Comparison-load verification - Epoch:10 Run:10 TotalSize:101000000 ExpectedFieldLength:10100
Avg-run verification - Epoch:10 Run:10 Iteration:100 TotalSize:101000000 ExpectedFieldLength:10100
=== Executing the run phase with extendproportion=0 and read/update proportions=0.5 ===
Arrangement completed. Output saved to ../analysis/Data/Workload_data/postgresql_array_run3_zipfian_light.csv
=== All steps completed. Results are logged in ./ycsb_postgresql_array_results_zipfian_light.log ===
