Initializing PostgreSQL database ycsb...
Done initializing ycsb.
Initializing PostgreSQL database ycsb_unchange...
Done initializing ycsb_unchange.
=== Executing the load phase ===
Initial-load verification - TotalSize:1000000 ExpectedFieldLength:100
Arrangement completed. Output saved to ../analysis/Data/Workload_data/postgresql_arrayjson_vacuum_notfull_bigcache_run3_uniform_light_mixed.csv
Reference-load verification - TotalSize:1000000 ExpectedFieldLength:100
=== Setting parameter values for extend phase ===
=== Executing the extend phase with extendproportion=1 and other proportions=0 ===
Arrangement completed. Output saved to ../analysis/Data/Workload_data/postgresql_arrayjson_vacuum_notfull_bigcache_run3_uniform_light_mixed.csv
Size computation started
Extend verification - Min:1200 Max:3100 Avg:2000 (Expected avg per record: ~1000 bytes initially)
Generating histogram from key size log: key_sizes_postgresql_arrayjson_vacuum_notfull_bigcache_uniform_light_mixed_run3.csv
Histogram written to histogram.txt (BlockSize = 100)
Appending first iteration...
First iteration: Appended values from key_sizes_postgresql_arrayjson_vacuum_notfull_bigcache_uniform_light_mixed_run3.csv to ../analysis/Data/Value_size_data/value_sizes_postgresql_arrayjson_vacuum_notfull_bigcache_run3_uniform_light_before_mixed.csv
VACUUM start: 1774620471
VACUUM end: 1774620472
=== Setting parameter values for run phase ===
Checking query plan before run phase
=== Executing the run phase with extendproportion=0 and read/update proportions=0.5 ===
Arrangement completed. Output saved to ../analysis/Data/Workload_data/postgresql_arrayjson_vacuum_notfull_bigcache_run3_uniform_light_mixed.csv
Arrangement completed. Output saved to ../analysis/Data/Workload_data/postgresql_arrayjson_vacuum_notfull_bigcache_run3_uniform_light_mixed.csv
Backing up the database started
Backing up the database finished
Arrangement completed. Output saved to ../analysis/Data/Workload_data/postgresql_arrayjson_vacuum_notfull_bigcache_run3_uniform_light_mixed.csv
Size computation started
Appending first iteration...
First iteration: Appended values from key_sizes_postgresql_arrayjson_vacuum_notfull_bigcache_uniform_light_mixed_run3.csv to ../analysis/Data/Value_size_data/value_sizes_postgresql_arrayjson_vacuum_notfull_bigcache_run3_uniform_light_after_mixed.csv
Total size: 2534200, Field length average: 253
Workload file fieldlength set to: 253 (expected: 253)
=== Executing the load phase for the comparison study ===
Comparison-load verification - Epoch:1 Run:1 TotalSize:2530000 ExpectedFieldLength:253
Avg-run verification - Epoch:1 Run:1 Iteration:1 TotalSize:2530000 ExpectedFieldLength:253
=== Executing the run phase with extendproportion=0 and read/update proportions=0.5 ===
Arrangement completed. Output saved to ../analysis/Data/Workload_data/postgresql_arrayjson_vacuum_notfull_bigcache_run3_uniform_light_mixed.csv
=== Setting parameter values for extend phase ===
=== Executing the extend phase with extendproportion=1 and other proportions=0 ===
Arrangement completed. Output saved to ../analysis/Data/Workload_data/postgresql_arrayjson_vacuum_notfull_bigcache_run3_uniform_light_mixed.csv
Size computation started
Extend verification - Min:2400 Max:4500 Avg:3532 (Expected avg per record: ~1000 bytes initially)
Generating histogram from key size log: key_sizes_postgresql_arrayjson_vacuum_notfull_bigcache_uniform_light_mixed_run3.csv
Histogram written to histogram.txt (BlockSize = 100)
Appending subsequent iteration 2...
Iteration 2: Appended new size values from key_sizes_postgresql_arrayjson_vacuum_notfull_bigcache_uniform_light_mixed_run3.csv to ../analysis/Data/Value_size_data/value_sizes_postgresql_arrayjson_vacuum_notfull_bigcache_run3_uniform_light_before_mixed.csv
VACUUM start: 1774620812
VACUUM end: 1774620813
=== Setting parameter values for run phase ===
Checking query plan before run phase
=== Executing the run phase with extendproportion=0 and read/update proportions=0.5 ===
Arrangement completed. Output saved to ../analysis/Data/Workload_data/postgresql_arrayjson_vacuum_notfull_bigcache_run3_uniform_light_mixed.csv
Arrangement completed. Output saved to ../analysis/Data/Workload_data/postgresql_arrayjson_vacuum_notfull_bigcache_run3_uniform_light_mixed.csv
Backing up the database started
Backing up the database finished
Arrangement completed. Output saved to ../analysis/Data/Workload_data/postgresql_arrayjson_vacuum_notfull_bigcache_run3_uniform_light_mixed.csv
Size computation started
Appending subsequent iteration 2...
Iteration 2: Appended new size values from key_sizes_postgresql_arrayjson_vacuum_notfull_bigcache_uniform_light_mixed_run3.csv to ../analysis/Data/Value_size_data/value_sizes_postgresql_arrayjson_vacuum_notfull_bigcache_run3_uniform_light_after_mixed.csv
Total size: 3959800, Field length average: 395
Workload file fieldlength set to: 395 (expected: 395)
=== Executing the load phase for the comparison study ===
Comparison-load verification - Epoch:1 Run:2 TotalSize:3950000 ExpectedFieldLength:395
Avg-run verification - Epoch:1 Run:2 Iteration:2 TotalSize:3950000 ExpectedFieldLength:395
=== Executing the run phase with extendproportion=0 and read/update proportions=0.5 ===
Arrangement completed. Output saved to ../analysis/Data/Workload_data/postgresql_arrayjson_vacuum_notfull_bigcache_run3_uniform_light_mixed.csv
=== Setting parameter values for extend phase ===
=== Executing the extend phase with extendproportion=1 and other proportions=0 ===
Arrangement completed. Output saved to ../analysis/Data/Workload_data/postgresql_arrayjson_vacuum_notfull_bigcache_run3_uniform_light_mixed.csv
Size computation started
Extend verification - Min:4200 Max:6100 Avg:4957 (Expected avg per record: ~1000 bytes initially)
Generating histogram from key size log: key_sizes_postgresql_arrayjson_vacuum_notfull_bigcache_uniform_light_mixed_run3.csv
Histogram written to histogram.txt (BlockSize = 100)
Appending subsequent iteration 3...
Iteration 3: Appended new size values from key_sizes_postgresql_arrayjson_vacuum_notfull_bigcache_uniform_light_mixed_run3.csv to ../analysis/Data/Value_size_data/value_sizes_postgresql_arrayjson_vacuum_notfull_bigcache_run3_uniform_light_before_mixed.csv
VACUUM start: 1774621150
VACUUM end: 1774621150
=== Setting parameter values for run phase ===
Checking query plan before run phase
=== Executing the run phase with extendproportion=0 and read/update proportions=0.5 ===
Arrangement completed. Output saved to ../analysis/Data/Workload_data/postgresql_arrayjson_vacuum_notfull_bigcache_run3_uniform_light_mixed.csv
Arrangement completed. Output saved to ../analysis/Data/Workload_data/postgresql_arrayjson_vacuum_notfull_bigcache_run3_uniform_light_mixed.csv
Backing up the database started
Backing up the database finished
Arrangement completed. Output saved to ../analysis/Data/Workload_data/postgresql_arrayjson_vacuum_notfull_bigcache_run3_uniform_light_mixed.csv
Size computation started
Appending subsequent iteration 3...
Iteration 3: Appended new size values from key_sizes_postgresql_arrayjson_vacuum_notfull_bigcache_uniform_light_mixed_run3.csv to ../analysis/Data/Value_size_data/value_sizes_postgresql_arrayjson_vacuum_notfull_bigcache_run3_uniform_light_after_mixed.csv
Total size: 5504600, Field length average: 550
Workload file fieldlength set to: 550 (expected: 550)
=== Executing the load phase for the comparison study ===
Comparison-load verification - Epoch:1 Run:3 TotalSize:5500000 ExpectedFieldLength:550
Avg-run verification - Epoch:1 Run:3 Iteration:3 TotalSize:5500000 ExpectedFieldLength:550
=== Executing the run phase with extendproportion=0 and read/update proportions=0.5 ===
Arrangement completed. Output saved to ../analysis/Data/Workload_data/postgresql_arrayjson_vacuum_notfull_bigcache_run3_uniform_light_mixed.csv
=== Setting parameter values for extend phase ===
=== Executing the extend phase with extendproportion=1 and other proportions=0 ===
Arrangement completed. Output saved to ../analysis/Data/Workload_data/postgresql_arrayjson_vacuum_notfull_bigcache_run3_uniform_light_mixed.csv
Size computation started
Extend verification - Min:5500 Max:7700 Avg:6504 (Expected avg per record: ~1000 bytes initially)
Generating histogram from key size log: key_sizes_postgresql_arrayjson_vacuum_notfull_bigcache_uniform_light_mixed_run3.csv
Histogram written to histogram.txt (BlockSize = 100)
Appending subsequent iteration 4...
Iteration 4: Appended new size values from key_sizes_postgresql_arrayjson_vacuum_notfull_bigcache_uniform_light_mixed_run3.csv to ../analysis/Data/Value_size_data/value_sizes_postgresql_arrayjson_vacuum_notfull_bigcache_run3_uniform_light_before_mixed.csv
VACUUM start: 1774621496
VACUUM end: 1774621496
=== Setting parameter values for run phase ===
Checking query plan before run phase
=== Executing the run phase with extendproportion=0 and read/update proportions=0.5 ===
Arrangement completed. Output saved to ../analysis/Data/Workload_data/postgresql_arrayjson_vacuum_notfull_bigcache_run3_uniform_light_mixed.csv
Arrangement completed. Output saved to ../analysis/Data/Workload_data/postgresql_arrayjson_vacuum_notfull_bigcache_run3_uniform_light_mixed.csv
Backing up the database started
Backing up the database finished
Arrangement completed. Output saved to ../analysis/Data/Workload_data/postgresql_arrayjson_vacuum_notfull_bigcache_run3_uniform_light_mixed.csv
Size computation started
Appending subsequent iteration 4...
Iteration 4: Appended new size values from key_sizes_postgresql_arrayjson_vacuum_notfull_bigcache_uniform_light_mixed_run3.csv to ../analysis/Data/Value_size_data/value_sizes_postgresql_arrayjson_vacuum_notfull_bigcache_run3_uniform_light_after_mixed.csv
Total size: 6943300, Field length average: 694
Workload file fieldlength set to: 694 (expected: 694)
=== Executing the load phase for the comparison study ===
Comparison-load verification - Epoch:1 Run:4 TotalSize:6940000 ExpectedFieldLength:694
Avg-run verification - Epoch:1 Run:4 Iteration:4 TotalSize:6940000 ExpectedFieldLength:694
=== Executing the run phase with extendproportion=0 and read/update proportions=0.5 ===
Arrangement completed. Output saved to ../analysis/Data/Workload_data/postgresql_arrayjson_vacuum_notfull_bigcache_run3_uniform_light_mixed.csv
=== Setting parameter values for extend phase ===
=== Executing the extend phase with extendproportion=1 and other proportions=0 ===
Arrangement completed. Output saved to ../analysis/Data/Workload_data/postgresql_arrayjson_vacuum_notfull_bigcache_run3_uniform_light_mixed.csv
Size computation started
Extend verification - Min:7000 Max:9100 Avg:7941 (Expected avg per record: ~1000 bytes initially)
Generating histogram from key size log: key_sizes_postgresql_arrayjson_vacuum_notfull_bigcache_uniform_light_mixed_run3.csv
Histogram written to histogram.txt (BlockSize = 100)
Appending subsequent iteration 5...
Iteration 5: Appended new size values from key_sizes_postgresql_arrayjson_vacuum_notfull_bigcache_uniform_light_mixed_run3.csv to ../analysis/Data/Value_size_data/value_sizes_postgresql_arrayjson_vacuum_notfull_bigcache_run3_uniform_light_before_mixed.csv
VACUUM start: 1774621849
VACUUM end: 1774621849
=== Setting parameter values for run phase ===
Checking query plan before run phase
=== Executing the run phase with extendproportion=0 and read/update proportions=0.5 ===
Arrangement completed. Output saved to ../analysis/Data/Workload_data/postgresql_arrayjson_vacuum_notfull_bigcache_run3_uniform_light_mixed.csv
Arrangement completed. Output saved to ../analysis/Data/Workload_data/postgresql_arrayjson_vacuum_notfull_bigcache_run3_uniform_light_mixed.csv
Backing up the database started
Backing up the database finished
Arrangement completed. Output saved to ../analysis/Data/Workload_data/postgresql_arrayjson_vacuum_notfull_bigcache_run3_uniform_light_mixed.csv
Size computation started
Appending subsequent iteration 5...
Iteration 5: Appended new size values from key_sizes_postgresql_arrayjson_vacuum_notfull_bigcache_uniform_light_mixed_run3.csv to ../analysis/Data/Value_size_data/value_sizes_postgresql_arrayjson_vacuum_notfull_bigcache_run3_uniform_light_after_mixed.csv
Total size: 8466100, Field length average: 846
Workload file fieldlength set to: 846 (expected: 846)
=== Executing the load phase for the comparison study ===
Comparison-load verification - Epoch:1 Run:5 TotalSize:8460000 ExpectedFieldLength:846
Avg-run verification - Epoch:1 Run:5 Iteration:5 TotalSize:8460000 ExpectedFieldLength:846
=== Executing the run phase with extendproportion=0 and read/update proportions=0.5 ===
Arrangement completed. Output saved to ../analysis/Data/Workload_data/postgresql_arrayjson_vacuum_notfull_bigcache_run3_uniform_light_mixed.csv
=== Setting parameter values for extend phase ===
=== Executing the extend phase with extendproportion=1 and other proportions=0 ===
Arrangement completed. Output saved to ../analysis/Data/Workload_data/postgresql_arrayjson_vacuum_notfull_bigcache_run3_uniform_light_mixed.csv
Size computation started
Extend verification - Min:8300 Max:10800 Avg:9471 (Expected avg per record: ~1000 bytes initially)
Generating histogram from key size log: key_sizes_postgresql_arrayjson_vacuum_notfull_bigcache_uniform_light_mixed_run3.csv
Histogram written to histogram.txt (BlockSize = 100)
Appending subsequent iteration 6...
Iteration 6: Appended new size values from key_sizes_postgresql_arrayjson_vacuum_notfull_bigcache_uniform_light_mixed_run3.csv to ../analysis/Data/Value_size_data/value_sizes_postgresql_arrayjson_vacuum_notfull_bigcache_run3_uniform_light_before_mixed.csv
VACUUM start: 1774622182
VACUUM end: 1774622183
=== Setting parameter values for run phase ===
Checking query plan before run phase
=== Executing the run phase with extendproportion=0 and read/update proportions=0.5 ===
Arrangement completed. Output saved to ../analysis/Data/Workload_data/postgresql_arrayjson_vacuum_notfull_bigcache_run3_uniform_light_mixed.csv
Arrangement completed. Output saved to ../analysis/Data/Workload_data/postgresql_arrayjson_vacuum_notfull_bigcache_run3_uniform_light_mixed.csv
Backing up the database started
Backing up the database finished
Arrangement completed. Output saved to ../analysis/Data/Workload_data/postgresql_arrayjson_vacuum_notfull_bigcache_run3_uniform_light_mixed.csv
Size computation started
Appending subsequent iteration 6...
Iteration 6: Appended new size values from key_sizes_postgresql_arrayjson_vacuum_notfull_bigcache_uniform_light_mixed_run3.csv to ../analysis/Data/Value_size_data/value_sizes_postgresql_arrayjson_vacuum_notfull_bigcache_run3_uniform_light_after_mixed.csv
Total size: 9910800, Field length average: 991
Workload file fieldlength set to: 991 (expected: 991)
=== Executing the load phase for the comparison study ===
Comparison-load verification - Epoch:1 Run:6 TotalSize:9910000 ExpectedFieldLength:991
Avg-run verification - Epoch:1 Run:6 Iteration:6 TotalSize:9910000 ExpectedFieldLength:991
=== Executing the run phase with extendproportion=0 and read/update proportions=0.5 ===
Arrangement completed. Output saved to ../analysis/Data/Workload_data/postgresql_arrayjson_vacuum_notfull_bigcache_run3_uniform_light_mixed.csv
=== Setting parameter values for extend phase ===
=== Executing the extend phase with extendproportion=1 and other proportions=0 ===
Arrangement completed. Output saved to ../analysis/Data/Workload_data/postgresql_arrayjson_vacuum_notfull_bigcache_run3_uniform_light_mixed.csv
Size computation started
Extend verification - Min:9600 Max:12200 Avg:10906 (Expected avg per record: ~1000 bytes initially)
Generating histogram from key size log: key_sizes_postgresql_arrayjson_vacuum_notfull_bigcache_uniform_light_mixed_run3.csv
Histogram written to histogram.txt (BlockSize = 100)
Appending subsequent iteration 7...
Iteration 7: Appended new size values from key_sizes_postgresql_arrayjson_vacuum_notfull_bigcache_uniform_light_mixed_run3.csv to ../analysis/Data/Value_size_data/value_sizes_postgresql_arrayjson_vacuum_notfull_bigcache_run3_uniform_light_before_mixed.csv
VACUUM start: 1774622513
VACUUM end: 1774622513
=== Setting parameter values for run phase ===
Checking query plan before run phase
=== Executing the run phase with extendproportion=0 and read/update proportions=0.5 ===
Arrangement completed. Output saved to ../analysis/Data/Workload_data/postgresql_arrayjson_vacuum_notfull_bigcache_run3_uniform_light_mixed.csv
Arrangement completed. Output saved to ../analysis/Data/Workload_data/postgresql_arrayjson_vacuum_notfull_bigcache_run3_uniform_light_mixed.csv
Backing up the database started
Backing up the database finished
Arrangement completed. Output saved to ../analysis/Data/Workload_data/postgresql_arrayjson_vacuum_notfull_bigcache_run3_uniform_light_mixed.csv
Size computation started
Appending subsequent iteration 7...
Iteration 7: Appended new size values from key_sizes_postgresql_arrayjson_vacuum_notfull_bigcache_uniform_light_mixed_run3.csv to ../analysis/Data/Value_size_data/value_sizes_postgresql_arrayjson_vacuum_notfull_bigcache_run3_uniform_light_after_mixed.csv
Total size: 11443400, Field length average: 1144
Workload file fieldlength set to: 1144 (expected: 1144)
=== Executing the load phase for the comparison study ===
Comparison-load verification - Epoch:1 Run:7 TotalSize:11440000 ExpectedFieldLength:1144
Avg-run verification - Epoch:1 Run:7 Iteration:7 TotalSize:11440000 ExpectedFieldLength:1144
=== Executing the run phase with extendproportion=0 and read/update proportions=0.5 ===
Arrangement completed. Output saved to ../analysis/Data/Workload_data/postgresql_arrayjson_vacuum_notfull_bigcache_run3_uniform_light_mixed.csv
=== Setting parameter values for extend phase ===
=== Executing the extend phase with extendproportion=1 and other proportions=0 ===
Arrangement completed. Output saved to ../analysis/Data/Workload_data/postgresql_arrayjson_vacuum_notfull_bigcache_run3_uniform_light_mixed.csv
Size computation started
Extend verification - Min:11100 Max:13600 Avg:12442 (Expected avg per record: ~1000 bytes initially)
Generating histogram from key size log: key_sizes_postgresql_arrayjson_vacuum_notfull_bigcache_uniform_light_mixed_run3.csv
Histogram written to histogram.txt (BlockSize = 100)
Appending subsequent iteration 8...
Iteration 8: Appended new size values from key_sizes_postgresql_arrayjson_vacuum_notfull_bigcache_uniform_light_mixed_run3.csv to ../analysis/Data/Value_size_data/value_sizes_postgresql_arrayjson_vacuum_notfull_bigcache_run3_uniform_light_before_mixed.csv
VACUUM start: 1774622847
VACUUM end: 1774622847
=== Setting parameter values for run phase ===
Checking query plan before run phase
=== Executing the run phase with extendproportion=0 and read/update proportions=0.5 ===
Arrangement completed. Output saved to ../analysis/Data/Workload_data/postgresql_arrayjson_vacuum_notfull_bigcache_run3_uniform_light_mixed.csv
Arrangement completed. Output saved to ../analysis/Data/Workload_data/postgresql_arrayjson_vacuum_notfull_bigcache_run3_uniform_light_mixed.csv
Backing up the database started
Backing up the database finished
Arrangement completed. Output saved to ../analysis/Data/Workload_data/postgresql_arrayjson_vacuum_notfull_bigcache_run3_uniform_light_mixed.csv
Size computation started
Appending subsequent iteration 8...
Iteration 8: Appended new size values from key_sizes_postgresql_arrayjson_vacuum_notfull_bigcache_uniform_light_mixed_run3.csv to ../analysis/Data/Value_size_data/value_sizes_postgresql_arrayjson_vacuum_notfull_bigcache_run3_uniform_light_after_mixed.csv
Total size: 12903200, Field length average: 1290
Workload file fieldlength set to: 1290 (expected: 1290)
=== Executing the load phase for the comparison study ===
Comparison-load verification - Epoch:1 Run:8 TotalSize:12900000 ExpectedFieldLength:1290
Avg-run verification - Epoch:1 Run:8 Iteration:8 TotalSize:12900000 ExpectedFieldLength:1290
=== Executing the run phase with extendproportion=0 and read/update proportions=0.5 ===
Arrangement completed. Output saved to ../analysis/Data/Workload_data/postgresql_arrayjson_vacuum_notfull_bigcache_run3_uniform_light_mixed.csv
=== Setting parameter values for extend phase ===
=== Executing the extend phase with extendproportion=1 and other proportions=0 ===
Arrangement completed. Output saved to ../analysis/Data/Workload_data/postgresql_arrayjson_vacuum_notfull_bigcache_run3_uniform_light_mixed.csv
Size computation started
Extend verification - Min:12100 Max:14900 Avg:13913 (Expected avg per record: ~1000 bytes initially)
Generating histogram from key size log: key_sizes_postgresql_arrayjson_vacuum_notfull_bigcache_uniform_light_mixed_run3.csv
Histogram written to histogram.txt (BlockSize = 100)
Appending subsequent iteration 9...
Iteration 9: Appended new size values from key_sizes_postgresql_arrayjson_vacuum_notfull_bigcache_uniform_light_mixed_run3.csv to ../analysis/Data/Value_size_data/value_sizes_postgresql_arrayjson_vacuum_notfull_bigcache_run3_uniform_light_before_mixed.csv
VACUUM start: 1774623154
VACUUM end: 1774623155
=== Setting parameter values for run phase ===
Checking query plan before run phase
=== Executing the run phase with extendproportion=0 and read/update proportions=0.5 ===
Arrangement completed. Output saved to ../analysis/Data/Workload_data/postgresql_arrayjson_vacuum_notfull_bigcache_run3_uniform_light_mixed.csv
Arrangement completed. Output saved to ../analysis/Data/Workload_data/postgresql_arrayjson_vacuum_notfull_bigcache_run3_uniform_light_mixed.csv
Backing up the database started
Backing up the database finished
Arrangement completed. Output saved to ../analysis/Data/Workload_data/postgresql_arrayjson_vacuum_notfull_bigcache_run3_uniform_light_mixed.csv
Size computation started
Appending subsequent iteration 9...
Iteration 9: Appended new size values from key_sizes_postgresql_arrayjson_vacuum_notfull_bigcache_uniform_light_mixed_run3.csv to ../analysis/Data/Value_size_data/value_sizes_postgresql_arrayjson_vacuum_notfull_bigcache_run3_uniform_light_after_mixed.csv
Total size: 13985100, Field length average: 1398
Workload file fieldlength set to: 1398 (expected: 1398)
=== Executing the load phase for the comparison study ===
Comparison-load verification - Epoch:1 Run:9 TotalSize:13980000 ExpectedFieldLength:1398
Avg-run verification - Epoch:1 Run:9 Iteration:9 TotalSize:13980000 ExpectedFieldLength:1398
=== Executing the run phase with extendproportion=0 and read/update proportions=0.5 ===
Arrangement completed. Output saved to ../analysis/Data/Workload_data/postgresql_arrayjson_vacuum_notfull_bigcache_run3_uniform_light_mixed.csv
=== Setting parameter values for extend phase ===
=== Executing the extend phase with extendproportion=1 and other proportions=0 ===
Arrangement completed. Output saved to ../analysis/Data/Workload_data/postgresql_arrayjson_vacuum_notfull_bigcache_run3_uniform_light_mixed.csv
Size computation started
Extend verification - Min:13300 Max:16400 Avg:14987 (Expected avg per record: ~1000 bytes initially)
Generating histogram from key size log: key_sizes_postgresql_arrayjson_vacuum_notfull_bigcache_uniform_light_mixed_run3.csv
Histogram written to histogram.txt (BlockSize = 100)
Appending subsequent iteration 10...
Iteration 10: Appended new size values from key_sizes_postgresql_arrayjson_vacuum_notfull_bigcache_uniform_light_mixed_run3.csv to ../analysis/Data/Value_size_data/value_sizes_postgresql_arrayjson_vacuum_notfull_bigcache_run3_uniform_light_before_mixed.csv
VACUUM start: 1774623455
VACUUM end: 1774623455
=== Setting parameter values for run phase ===
Checking query plan before run phase
=== Executing the run phase with extendproportion=0 and read/update proportions=0.5 ===
Arrangement completed. Output saved to ../analysis/Data/Workload_data/postgresql_arrayjson_vacuum_notfull_bigcache_run3_uniform_light_mixed.csv
Arrangement completed. Output saved to ../analysis/Data/Workload_data/postgresql_arrayjson_vacuum_notfull_bigcache_run3_uniform_light_mixed.csv
Backing up the database started
Backing up the database finished
Arrangement completed. Output saved to ../analysis/Data/Workload_data/postgresql_arrayjson_vacuum_notfull_bigcache_run3_uniform_light_mixed.csv
Size computation started
Appending subsequent iteration 10...
Iteration 10: Appended new size values from key_sizes_postgresql_arrayjson_vacuum_notfull_bigcache_uniform_light_mixed_run3.csv to ../analysis/Data/Value_size_data/value_sizes_postgresql_arrayjson_vacuum_notfull_bigcache_run3_uniform_light_after_mixed.csv
Total size: 15504700, Field length average: 1550
Workload file fieldlength set to: 1550 (expected: 1550)
=== Executing the load phase for the comparison study ===
Comparison-load verification - Epoch:1 Run:10 TotalSize:15500000 ExpectedFieldLength:1550
Avg-run verification - Epoch:1 Run:10 Iteration:10 TotalSize:15500000 ExpectedFieldLength:1550
=== Executing the run phase with extendproportion=0 and read/update proportions=0.5 ===
Arrangement completed. Output saved to ../analysis/Data/Workload_data/postgresql_arrayjson_vacuum_notfull_bigcache_run3_uniform_light_mixed.csv
=== Setting parameter values for extend phase ===
=== Executing the extend phase with extendproportion=1 and other proportions=0 ===
Arrangement completed. Output saved to ../analysis/Data/Workload_data/postgresql_arrayjson_vacuum_notfull_bigcache_run3_uniform_light_mixed.csv
Size computation started
Extend verification - Min:14600 Max:17800 Avg:16499 (Expected avg per record: ~1000 bytes initially)
Generating histogram from key size log: key_sizes_postgresql_arrayjson_vacuum_notfull_bigcache_uniform_light_mixed_run3.csv
Histogram written to histogram.txt (BlockSize = 100)
Appending subsequent iteration 11...
Iteration 11: Appended new size values from key_sizes_postgresql_arrayjson_vacuum_notfull_bigcache_uniform_light_mixed_run3.csv to ../analysis/Data/Value_size_data/value_sizes_postgresql_arrayjson_vacuum_notfull_bigcache_run3_uniform_light_before_mixed.csv
VACUUM start: 1774623758
VACUUM end: 1774623758
=== Setting parameter values for run phase ===
Checking query plan before run phase
=== Executing the run phase with extendproportion=0 and read/update proportions=0.5 ===
Arrangement completed. Output saved to ../analysis/Data/Workload_data/postgresql_arrayjson_vacuum_notfull_bigcache_run3_uniform_light_mixed.csv
Arrangement completed. Output saved to ../analysis/Data/Workload_data/postgresql_arrayjson_vacuum_notfull_bigcache_run3_uniform_light_mixed.csv
Backing up the database started
Backing up the database finished
Arrangement completed. Output saved to ../analysis/Data/Workload_data/postgresql_arrayjson_vacuum_notfull_bigcache_run3_uniform_light_mixed.csv
Size computation started
Appending subsequent iteration 11...
Iteration 11: Appended new size values from key_sizes_postgresql_arrayjson_vacuum_notfull_bigcache_uniform_light_mixed_run3.csv to ../analysis/Data/Value_size_data/value_sizes_postgresql_arrayjson_vacuum_notfull_bigcache_run3_uniform_light_after_mixed.csv
Total size: 16926300, Field length average: 1692
Workload file fieldlength set to: 1692 (expected: 1692)
=== Executing the load phase for the comparison study ===
Comparison-load verification - Epoch:2 Run:1 TotalSize:16920000 ExpectedFieldLength:1692
Avg-run verification - Epoch:2 Run:1 Iteration:11 TotalSize:16920000 ExpectedFieldLength:1692
=== Executing the run phase with extendproportion=0 and read/update proportions=0.5 ===
Arrangement completed. Output saved to ../analysis/Data/Workload_data/postgresql_arrayjson_vacuum_notfull_bigcache_run3_uniform_light_mixed.csv
=== Setting parameter values for extend phase ===
=== Executing the extend phase with extendproportion=1 and other proportions=0 ===
Arrangement completed. Output saved to ../analysis/Data/Workload_data/postgresql_arrayjson_vacuum_notfull_bigcache_run3_uniform_light_mixed.csv
Size computation started
Extend verification - Min:16100 Max:19100 Avg:17918 (Expected avg per record: ~1000 bytes initially)
Generating histogram from key size log: key_sizes_postgresql_arrayjson_vacuum_notfull_bigcache_uniform_light_mixed_run3.csv
Histogram written to histogram.txt (BlockSize = 100)
Appending subsequent iteration 12...
Iteration 12: Appended new size values from key_sizes_postgresql_arrayjson_vacuum_notfull_bigcache_uniform_light_mixed_run3.csv to ../analysis/Data/Value_size_data/value_sizes_postgresql_arrayjson_vacuum_notfull_bigcache_run3_uniform_light_before_mixed.csv
VACUUM start: 1774624067
VACUUM end: 1774624067
=== Setting parameter values for run phase ===
Checking query plan before run phase
=== Executing the run phase with extendproportion=0 and read/update proportions=0.5 ===
Arrangement completed. Output saved to ../analysis/Data/Workload_data/postgresql_arrayjson_vacuum_notfull_bigcache_run3_uniform_light_mixed.csv
Arrangement completed. Output saved to ../analysis/Data/Workload_data/postgresql_arrayjson_vacuum_notfull_bigcache_run3_uniform_light_mixed.csv
Backing up the database started
Backing up the database finished
Arrangement completed. Output saved to ../analysis/Data/Workload_data/postgresql_arrayjson_vacuum_notfull_bigcache_run3_uniform_light_mixed.csv
Size computation started
Appending subsequent iteration 12...
Iteration 12: Appended new size values from key_sizes_postgresql_arrayjson_vacuum_notfull_bigcache_uniform_light_mixed_run3.csv to ../analysis/Data/Value_size_data/value_sizes_postgresql_arrayjson_vacuum_notfull_bigcache_run3_uniform_light_after_mixed.csv
Total size: 18434000, Field length average: 1843
Workload file fieldlength set to: 1843 (expected: 1843)
=== Executing the load phase for the comparison study ===
Comparison-load verification - Epoch:2 Run:2 TotalSize:18430000 ExpectedFieldLength:1843
Avg-run verification - Epoch:2 Run:2 Iteration:12 TotalSize:18430000 ExpectedFieldLength:1843
=== Executing the run phase with extendproportion=0 and read/update proportions=0.5 ===
Arrangement completed. Output saved to ../analysis/Data/Workload_data/postgresql_arrayjson_vacuum_notfull_bigcache_run3_uniform_light_mixed.csv
=== Setting parameter values for extend phase ===
=== Executing the extend phase with extendproportion=1 and other proportions=0 ===
Arrangement completed. Output saved to ../analysis/Data/Workload_data/postgresql_arrayjson_vacuum_notfull_bigcache_run3_uniform_light_mixed.csv
Size computation started
Extend verification - Min:17500 Max:20500 Avg:19430 (Expected avg per record: ~1000 bytes initially)
Generating histogram from key size log: key_sizes_postgresql_arrayjson_vacuum_notfull_bigcache_uniform_light_mixed_run3.csv
Histogram written to histogram.txt (BlockSize = 100)
Appending subsequent iteration 13...
Iteration 13: Appended new size values from key_sizes_postgresql_arrayjson_vacuum_notfull_bigcache_uniform_light_mixed_run3.csv to ../analysis/Data/Value_size_data/value_sizes_postgresql_arrayjson_vacuum_notfull_bigcache_run3_uniform_light_before_mixed.csv
VACUUM start: 1774624377
VACUUM end: 1774624377
=== Setting parameter values for run phase ===
Checking query plan before run phase
=== Executing the run phase with extendproportion=0 and read/update proportions=0.5 ===
Arrangement completed. Output saved to ../analysis/Data/Workload_data/postgresql_arrayjson_vacuum_notfull_bigcache_run3_uniform_light_mixed.csv
Arrangement completed. Output saved to ../analysis/Data/Workload_data/postgresql_arrayjson_vacuum_notfull_bigcache_run3_uniform_light_mixed.csv
Backing up the database started
Backing up the database finished
Arrangement completed. Output saved to ../analysis/Data/Workload_data/postgresql_arrayjson_vacuum_notfull_bigcache_run3_uniform_light_mixed.csv
Size computation started
Appending subsequent iteration 13...
Iteration 13: Appended new size values from key_sizes_postgresql_arrayjson_vacuum_notfull_bigcache_uniform_light_mixed_run3.csv to ../analysis/Data/Value_size_data/value_sizes_postgresql_arrayjson_vacuum_notfull_bigcache_run3_uniform_light_after_mixed.csv
Total size: 19902500, Field length average: 1990
Workload file fieldlength set to: 1990 (expected: 1990)
=== Executing the load phase for the comparison study ===
Comparison-load verification - Epoch:2 Run:3 TotalSize:19900000 ExpectedFieldLength:1990
Avg-run verification - Epoch:2 Run:3 Iteration:13 TotalSize:19900000 ExpectedFieldLength:1990
=== Executing the run phase with extendproportion=0 and read/update proportions=0.5 ===
Arrangement completed. Output saved to ../analysis/Data/Workload_data/postgresql_arrayjson_vacuum_notfull_bigcache_run3_uniform_light_mixed.csv
=== Setting parameter values for extend phase ===
=== Executing the extend phase with extendproportion=1 and other proportions=0 ===
Arrangement completed. Output saved to ../analysis/Data/Workload_data/postgresql_arrayjson_vacuum_notfull_bigcache_run3_uniform_light_mixed.csv
Size computation started
Extend verification - Min:18400 Max:22200 Avg:20902 (Expected avg per record: ~1000 bytes initially)
Generating histogram from key size log: key_sizes_postgresql_arrayjson_vacuum_notfull_bigcache_uniform_light_mixed_run3.csv
Histogram written to histogram.txt (BlockSize = 100)
Appending subsequent iteration 14...
Iteration 14: Appended new size values from key_sizes_postgresql_arrayjson_vacuum_notfull_bigcache_uniform_light_mixed_run3.csv to ../analysis/Data/Value_size_data/value_sizes_postgresql_arrayjson_vacuum_notfull_bigcache_run3_uniform_light_before_mixed.csv
VACUUM start: 1774624687
VACUUM end: 1774624687
=== Setting parameter values for run phase ===
Checking query plan before run phase
=== Executing the run phase with extendproportion=0 and read/update proportions=0.5 ===
Arrangement completed. Output saved to ../analysis/Data/Workload_data/postgresql_arrayjson_vacuum_notfull_bigcache_run3_uniform_light_mixed.csv
Arrangement completed. Output saved to ../analysis/Data/Workload_data/postgresql_arrayjson_vacuum_notfull_bigcache_run3_uniform_light_mixed.csv
Backing up the database started
Backing up the database finished
Arrangement completed. Output saved to ../analysis/Data/Workload_data/postgresql_arrayjson_vacuum_notfull_bigcache_run3_uniform_light_mixed.csv
Size computation started
Appending subsequent iteration 14...
Iteration 14: Appended new size values from key_sizes_postgresql_arrayjson_vacuum_notfull_bigcache_uniform_light_mixed_run3.csv to ../analysis/Data/Value_size_data/value_sizes_postgresql_arrayjson_vacuum_notfull_bigcache_run3_uniform_light_after_mixed.csv
Total size: 21413500, Field length average: 2141
Workload file fieldlength set to: 2141 (expected: 2141)
=== Executing the load phase for the comparison study ===
Comparison-load verification - Epoch:2 Run:4 TotalSize:21410000 ExpectedFieldLength:2141
Avg-run verification - Epoch:2 Run:4 Iteration:14 TotalSize:21410000 ExpectedFieldLength:2141
=== Executing the run phase with extendproportion=0 and read/update proportions=0.5 ===
Arrangement completed. Output saved to ../analysis/Data/Workload_data/postgresql_arrayjson_vacuum_notfull_bigcache_run3_uniform_light_mixed.csv
=== Setting parameter values for extend phase ===
=== Executing the extend phase with extendproportion=1 and other proportions=0 ===
Arrangement completed. Output saved to ../analysis/Data/Workload_data/postgresql_arrayjson_vacuum_notfull_bigcache_run3_uniform_light_mixed.csv
Size computation started
Extend verification - Min:19900 Max:23500 Avg:22401 (Expected avg per record: ~1000 bytes initially)
Generating histogram from key size log: key_sizes_postgresql_arrayjson_vacuum_notfull_bigcache_uniform_light_mixed_run3.csv
Histogram written to histogram.txt (BlockSize = 100)
Appending subsequent iteration 15...
Iteration 15: Appended new size values from key_sizes_postgresql_arrayjson_vacuum_notfull_bigcache_uniform_light_mixed_run3.csv to ../analysis/Data/Value_size_data/value_sizes_postgresql_arrayjson_vacuum_notfull_bigcache_run3_uniform_light_before_mixed.csv
VACUUM start: 1774624992
VACUUM end: 1774624992
=== Setting parameter values for run phase ===
Checking query plan before run phase
=== Executing the run phase with extendproportion=0 and read/update proportions=0.5 ===
Arrangement completed. Output saved to ../analysis/Data/Workload_data/postgresql_arrayjson_vacuum_notfull_bigcache_run3_uniform_light_mixed.csv
Arrangement completed. Output saved to ../analysis/Data/Workload_data/postgresql_arrayjson_vacuum_notfull_bigcache_run3_uniform_light_mixed.csv
Backing up the database started
Backing up the database finished
Arrangement completed. Output saved to ../analysis/Data/Workload_data/postgresql_arrayjson_vacuum_notfull_bigcache_run3_uniform_light_mixed.csv
Size computation started
Appending subsequent iteration 15...
Iteration 15: Appended new size values from key_sizes_postgresql_arrayjson_vacuum_notfull_bigcache_uniform_light_mixed_run3.csv to ../analysis/Data/Value_size_data/value_sizes_postgresql_arrayjson_vacuum_notfull_bigcache_run3_uniform_light_after_mixed.csv
Total size: 22859700, Field length average: 2285
Workload file fieldlength set to: 2285 (expected: 2285)
=== Executing the load phase for the comparison study ===
Comparison-load verification - Epoch:2 Run:5 TotalSize:22850000 ExpectedFieldLength:2285
Avg-run verification - Epoch:2 Run:5 Iteration:15 TotalSize:22850000 ExpectedFieldLength:2285
=== Executing the run phase with extendproportion=0 and read/update proportions=0.5 ===
Arrangement completed. Output saved to ../analysis/Data/Workload_data/postgresql_arrayjson_vacuum_notfull_bigcache_run3_uniform_light_mixed.csv
=== Setting parameter values for extend phase ===
=== Executing the extend phase with extendproportion=1 and other proportions=0 ===
Arrangement completed. Output saved to ../analysis/Data/Workload_data/postgresql_arrayjson_vacuum_notfull_bigcache_run3_uniform_light_mixed.csv
Size computation started
Extend verification - Min:21300 Max:25000 Avg:23867 (Expected avg per record: ~1000 bytes initially)
Generating histogram from key size log: key_sizes_postgresql_arrayjson_vacuum_notfull_bigcache_uniform_light_mixed_run3.csv
Histogram written to histogram.txt (BlockSize = 100)
Appending subsequent iteration 16...
Iteration 16: Appended new size values from key_sizes_postgresql_arrayjson_vacuum_notfull_bigcache_uniform_light_mixed_run3.csv to ../analysis/Data/Value_size_data/value_sizes_postgresql_arrayjson_vacuum_notfull_bigcache_run3_uniform_light_before_mixed.csv
VACUUM start: 1774625308
VACUUM end: 1774625308
=== Setting parameter values for run phase ===
Checking query plan before run phase
=== Executing the run phase with extendproportion=0 and read/update proportions=0.5 ===
Arrangement completed. Output saved to ../analysis/Data/Workload_data/postgresql_arrayjson_vacuum_notfull_bigcache_run3_uniform_light_mixed.csv
Arrangement completed. Output saved to ../analysis/Data/Workload_data/postgresql_arrayjson_vacuum_notfull_bigcache_run3_uniform_light_mixed.csv
Backing up the database started
Backing up the database finished
Arrangement completed. Output saved to ../analysis/Data/Workload_data/postgresql_arrayjson_vacuum_notfull_bigcache_run3_uniform_light_mixed.csv
Size computation started
Appending subsequent iteration 16...
Iteration 16: Appended new size values from key_sizes_postgresql_arrayjson_vacuum_notfull_bigcache_uniform_light_mixed_run3.csv to ../analysis/Data/Value_size_data/value_sizes_postgresql_arrayjson_vacuum_notfull_bigcache_run3_uniform_light_after_mixed.csv
Total size: 24378400, Field length average: 2437
Workload file fieldlength set to: 2437 (expected: 2437)
=== Executing the load phase for the comparison study ===
Comparison-load verification - Epoch:2 Run:6 TotalSize:24370000 ExpectedFieldLength:2437
Avg-run verification - Epoch:2 Run:6 Iteration:16 TotalSize:24370000 ExpectedFieldLength:2437
=== Executing the run phase with extendproportion=0 and read/update proportions=0.5 ===
Arrangement completed. Output saved to ../analysis/Data/Workload_data/postgresql_arrayjson_vacuum_notfull_bigcache_run3_uniform_light_mixed.csv
=== Setting parameter values for extend phase ===
=== Executing the extend phase with extendproportion=1 and other proportions=0 ===
Arrangement completed. Output saved to ../analysis/Data/Workload_data/postgresql_arrayjson_vacuum_notfull_bigcache_run3_uniform_light_mixed.csv
Size computation started
Extend verification - Min:22600 Max:26600 Avg:25365 (Expected avg per record: ~1000 bytes initially)
Generating histogram from key size log: key_sizes_postgresql_arrayjson_vacuum_notfull_bigcache_uniform_light_mixed_run3.csv
Histogram written to histogram.txt (BlockSize = 100)
Appending subsequent iteration 17...
Iteration 17: Appended new size values from key_sizes_postgresql_arrayjson_vacuum_notfull_bigcache_uniform_light_mixed_run3.csv to ../analysis/Data/Value_size_data/value_sizes_postgresql_arrayjson_vacuum_notfull_bigcache_run3_uniform_light_before_mixed.csv
VACUUM start: 1774625622
VACUUM end: 1774625622
=== Setting parameter values for run phase ===
Checking query plan before run phase
=== Executing the run phase with extendproportion=0 and read/update proportions=0.5 ===
Arrangement completed. Output saved to ../analysis/Data/Workload_data/postgresql_arrayjson_vacuum_notfull_bigcache_run3_uniform_light_mixed.csv
Arrangement completed. Output saved to ../analysis/Data/Workload_data/postgresql_arrayjson_vacuum_notfull_bigcache_run3_uniform_light_mixed.csv
Backing up the database started
Backing up the database finished
Arrangement completed. Output saved to ../analysis/Data/Workload_data/postgresql_arrayjson_vacuum_notfull_bigcache_run3_uniform_light_mixed.csv
Size computation started
Appending subsequent iteration 17...
Iteration 17: Appended new size values from key_sizes_postgresql_arrayjson_vacuum_notfull_bigcache_uniform_light_mixed_run3.csv to ../analysis/Data/Value_size_data/value_sizes_postgresql_arrayjson_vacuum_notfull_bigcache_run3_uniform_light_after_mixed.csv
Total size: 25837100, Field length average: 2583
Workload file fieldlength set to: 2583 (expected: 2583)
=== Executing the load phase for the comparison study ===
Comparison-load verification - Epoch:2 Run:7 TotalSize:25830000 ExpectedFieldLength:2583
Avg-run verification - Epoch:2 Run:7 Iteration:17 TotalSize:25830000 ExpectedFieldLength:2583
=== Executing the run phase with extendproportion=0 and read/update proportions=0.5 ===
Arrangement completed. Output saved to ../analysis/Data/Workload_data/postgresql_arrayjson_vacuum_notfull_bigcache_run3_uniform_light_mixed.csv
=== Setting parameter values for extend phase ===
=== Executing the extend phase with extendproportion=1 and other proportions=0 ===
Arrangement completed. Output saved to ../analysis/Data/Workload_data/postgresql_arrayjson_vacuum_notfull_bigcache_run3_uniform_light_mixed.csv
Size computation started
Extend verification - Min:22300 Max:27900 Avg:26838 (Expected avg per record: ~1000 bytes initially)
Generating histogram from key size log: key_sizes_postgresql_arrayjson_vacuum_notfull_bigcache_uniform_light_mixed_run3.csv
Histogram written to histogram.txt (BlockSize = 100)
Appending subsequent iteration 18...
Iteration 18: Appended new size values from key_sizes_postgresql_arrayjson_vacuum_notfull_bigcache_uniform_light_mixed_run3.csv to ../analysis/Data/Value_size_data/value_sizes_postgresql_arrayjson_vacuum_notfull_bigcache_run3_uniform_light_before_mixed.csv
VACUUM start: 1774625927
VACUUM end: 1774625927
=== Setting parameter values for run phase ===
Checking query plan before run phase
=== Executing the run phase with extendproportion=0 and read/update proportions=0.5 ===
Arrangement completed. Output saved to ../analysis/Data/Workload_data/postgresql_arrayjson_vacuum_notfull_bigcache_run3_uniform_light_mixed.csv
Arrangement completed. Output saved to ../analysis/Data/Workload_data/postgresql_arrayjson_vacuum_notfull_bigcache_run3_uniform_light_mixed.csv
Backing up the database started
Backing up the database finished
Arrangement completed. Output saved to ../analysis/Data/Workload_data/postgresql_arrayjson_vacuum_notfull_bigcache_run3_uniform_light_mixed.csv
Size computation started
Appending subsequent iteration 18...
Iteration 18: Appended new size values from key_sizes_postgresql_arrayjson_vacuum_notfull_bigcache_uniform_light_mixed_run3.csv to ../analysis/Data/Value_size_data/value_sizes_postgresql_arrayjson_vacuum_notfull_bigcache_run3_uniform_light_after_mixed.csv
Total size: 26954200, Field length average: 2695
Workload file fieldlength set to: 2695 (expected: 2695)
=== Executing the load phase for the comparison study ===
Comparison-load verification - Epoch:2 Run:8 TotalSize:26950000 ExpectedFieldLength:2695
Avg-run verification - Epoch:2 Run:8 Iteration:18 TotalSize:26950000 ExpectedFieldLength:2695
=== Executing the run phase with extendproportion=0 and read/update proportions=0.5 ===
Arrangement completed. Output saved to ../analysis/Data/Workload_data/postgresql_arrayjson_vacuum_notfull_bigcache_run3_uniform_light_mixed.csv
=== Setting parameter values for extend phase ===
=== Executing the extend phase with extendproportion=1 and other proportions=0 ===
Arrangement completed. Output saved to ../analysis/Data/Workload_data/postgresql_arrayjson_vacuum_notfull_bigcache_run3_uniform_light_mixed.csv
Size computation started
Extend verification - Min:25000 Max:29700 Avg:27956 (Expected avg per record: ~1000 bytes initially)
Generating histogram from key size log: key_sizes_postgresql_arrayjson_vacuum_notfull_bigcache_uniform_light_mixed_run3.csv
Histogram written to histogram.txt (BlockSize = 100)
Appending subsequent iteration 19...
Iteration 19: Appended new size values from key_sizes_postgresql_arrayjson_vacuum_notfull_bigcache_uniform_light_mixed_run3.csv to ../analysis/Data/Value_size_data/value_sizes_postgresql_arrayjson_vacuum_notfull_bigcache_run3_uniform_light_before_mixed.csv
VACUUM start: 1774626235
VACUUM end: 1774626235
=== Setting parameter values for run phase ===
Checking query plan before run phase
=== Executing the run phase with extendproportion=0 and read/update proportions=0.5 ===
Arrangement completed. Output saved to ../analysis/Data/Workload_data/postgresql_arrayjson_vacuum_notfull_bigcache_run3_uniform_light_mixed.csv
Arrangement completed. Output saved to ../analysis/Data/Workload_data/postgresql_arrayjson_vacuum_notfull_bigcache_run3_uniform_light_mixed.csv
Backing up the database started
Backing up the database finished
Arrangement completed. Output saved to ../analysis/Data/Workload_data/postgresql_arrayjson_vacuum_notfull_bigcache_run3_uniform_light_mixed.csv
Size computation started
Appending subsequent iteration 19...
Iteration 19: Appended new size values from key_sizes_postgresql_arrayjson_vacuum_notfull_bigcache_uniform_light_mixed_run3.csv to ../analysis/Data/Value_size_data/value_sizes_postgresql_arrayjson_vacuum_notfull_bigcache_run3_uniform_light_after_mixed.csv
Total size: 28468900, Field length average: 2846
Workload file fieldlength set to: 2846 (expected: 2846)
=== Executing the load phase for the comparison study ===
Comparison-load verification - Epoch:2 Run:9 TotalSize:28460000 ExpectedFieldLength:2846
Avg-run verification - Epoch:2 Run:9 Iteration:19 TotalSize:28460000 ExpectedFieldLength:2846
=== Executing the run phase with extendproportion=0 and read/update proportions=0.5 ===
Arrangement completed. Output saved to ../analysis/Data/Workload_data/postgresql_arrayjson_vacuum_notfull_bigcache_run3_uniform_light_mixed.csv
=== Setting parameter values for extend phase ===
=== Executing the extend phase with extendproportion=1 and other proportions=0 ===
Arrangement completed. Output saved to ../analysis/Data/Workload_data/postgresql_arrayjson_vacuum_notfull_bigcache_run3_uniform_light_mixed.csv
Size computation started
Extend verification - Min:26300 Max:30800 Avg:29459 (Expected avg per record: ~1000 bytes initially)
Generating histogram from key size log: key_sizes_postgresql_arrayjson_vacuum_notfull_bigcache_uniform_light_mixed_run3.csv
Histogram written to histogram.txt (BlockSize = 100)
Appending subsequent iteration 20...
Iteration 20: Appended new size values from key_sizes_postgresql_arrayjson_vacuum_notfull_bigcache_uniform_light_mixed_run3.csv to ../analysis/Data/Value_size_data/value_sizes_postgresql_arrayjson_vacuum_notfull_bigcache_run3_uniform_light_before_mixed.csv
VACUUM start: 1774626552
VACUUM end: 1774626552
=== Setting parameter values for run phase ===
Checking query plan before run phase
=== Executing the run phase with extendproportion=0 and read/update proportions=0.5 ===
Arrangement completed. Output saved to ../analysis/Data/Workload_data/postgresql_arrayjson_vacuum_notfull_bigcache_run3_uniform_light_mixed.csv
Arrangement completed. Output saved to ../analysis/Data/Workload_data/postgresql_arrayjson_vacuum_notfull_bigcache_run3_uniform_light_mixed.csv
Backing up the database started
Backing up the database finished
Arrangement completed. Output saved to ../analysis/Data/Workload_data/postgresql_arrayjson_vacuum_notfull_bigcache_run3_uniform_light_mixed.csv
Size computation started
Appending subsequent iteration 20...
Iteration 20: Appended new size values from key_sizes_postgresql_arrayjson_vacuum_notfull_bigcache_uniform_light_mixed_run3.csv to ../analysis/Data/Value_size_data/value_sizes_postgresql_arrayjson_vacuum_notfull_bigcache_run3_uniform_light_after_mixed.csv
Total size: 29897600, Field length average: 2989
Workload file fieldlength set to: 2989 (expected: 2989)
=== Executing the load phase for the comparison study ===
Comparison-load verification - Epoch:2 Run:10 TotalSize:29890000 ExpectedFieldLength:2989
Avg-run verification - Epoch:2 Run:10 Iteration:20 TotalSize:29890000 ExpectedFieldLength:2989
=== Executing the run phase with extendproportion=0 and read/update proportions=0.5 ===
Arrangement completed. Output saved to ../analysis/Data/Workload_data/postgresql_arrayjson_vacuum_notfull_bigcache_run3_uniform_light_mixed.csv
=== Setting parameter values for extend phase ===
=== Executing the extend phase with extendproportion=1 and other proportions=0 ===
Arrangement completed. Output saved to ../analysis/Data/Workload_data/postgresql_arrayjson_vacuum_notfull_bigcache_run3_uniform_light_mixed.csv
Size computation started
Extend verification - Min:27100 Max:32200 Avg:30875 (Expected avg per record: ~1000 bytes initially)
Generating histogram from key size log: key_sizes_postgresql_arrayjson_vacuum_notfull_bigcache_uniform_light_mixed_run3.csv
Histogram written to histogram.txt (BlockSize = 100)
Appending subsequent iteration 21...
Iteration 21: Appended new size values from key_sizes_postgresql_arrayjson_vacuum_notfull_bigcache_uniform_light_mixed_run3.csv to ../analysis/Data/Value_size_data/value_sizes_postgresql_arrayjson_vacuum_notfull_bigcache_run3_uniform_light_before_mixed.csv
VACUUM start: 1774626870
VACUUM end: 1774626870
=== Setting parameter values for run phase ===
Checking query plan before run phase
=== Executing the run phase with extendproportion=0 and read/update proportions=0.5 ===
Arrangement completed. Output saved to ../analysis/Data/Workload_data/postgresql_arrayjson_vacuum_notfull_bigcache_run3_uniform_light_mixed.csv
Arrangement completed. Output saved to ../analysis/Data/Workload_data/postgresql_arrayjson_vacuum_notfull_bigcache_run3_uniform_light_mixed.csv
Backing up the database started
Backing up the database finished
Arrangement completed. Output saved to ../analysis/Data/Workload_data/postgresql_arrayjson_vacuum_notfull_bigcache_run3_uniform_light_mixed.csv
Size computation started
Appending subsequent iteration 21...
Iteration 21: Appended new size values from key_sizes_postgresql_arrayjson_vacuum_notfull_bigcache_uniform_light_mixed_run3.csv to ../analysis/Data/Value_size_data/value_sizes_postgresql_arrayjson_vacuum_notfull_bigcache_run3_uniform_light_after_mixed.csv
Total size: 31372500, Field length average: 3137
Workload file fieldlength set to: 3137 (expected: 3137)
=== Executing the load phase for the comparison study ===
Comparison-load verification - Epoch:3 Run:1 TotalSize:31370000 ExpectedFieldLength:3137
Avg-run verification - Epoch:3 Run:1 Iteration:21 TotalSize:31370000 ExpectedFieldLength:3137
=== Executing the run phase with extendproportion=0 and read/update proportions=0.5 ===
Arrangement completed. Output saved to ../analysis/Data/Workload_data/postgresql_arrayjson_vacuum_notfull_bigcache_run3_uniform_light_mixed.csv
=== Setting parameter values for extend phase ===
=== Executing the extend phase with extendproportion=1 and other proportions=0 ===
Arrangement completed. Output saved to ../analysis/Data/Workload_data/postgresql_arrayjson_vacuum_notfull_bigcache_run3_uniform_light_mixed.csv
Size computation started
Extend verification - Min:28700 Max:33700 Avg:32366 (Expected avg per record: ~1000 bytes initially)
Generating histogram from key size log: key_sizes_postgresql_arrayjson_vacuum_notfull_bigcache_uniform_light_mixed_run3.csv
Histogram written to histogram.txt (BlockSize = 100)
Appending subsequent iteration 22...
Iteration 22: Appended new size values from key_sizes_postgresql_arrayjson_vacuum_notfull_bigcache_uniform_light_mixed_run3.csv to ../analysis/Data/Value_size_data/value_sizes_postgresql_arrayjson_vacuum_notfull_bigcache_run3_uniform_light_before_mixed.csv
VACUUM start: 1774627187
VACUUM end: 1774627187
=== Setting parameter values for run phase ===
Checking query plan before run phase
=== Executing the run phase with extendproportion=0 and read/update proportions=0.5 ===
Arrangement completed. Output saved to ../analysis/Data/Workload_data/postgresql_arrayjson_vacuum_notfull_bigcache_run3_uniform_light_mixed.csv
Arrangement completed. Output saved to ../analysis/Data/Workload_data/postgresql_arrayjson_vacuum_notfull_bigcache_run3_uniform_light_mixed.csv
Backing up the database started
Backing up the database finished
Arrangement completed. Output saved to ../analysis/Data/Workload_data/postgresql_arrayjson_vacuum_notfull_bigcache_run3_uniform_light_mixed.csv
Size computation started
Appending subsequent iteration 22...
Iteration 22: Appended new size values from key_sizes_postgresql_arrayjson_vacuum_notfull_bigcache_uniform_light_mixed_run3.csv to ../analysis/Data/Value_size_data/value_sizes_postgresql_arrayjson_vacuum_notfull_bigcache_run3_uniform_light_after_mixed.csv
Total size: 32815100, Field length average: 3281
Workload file fieldlength set to: 3281 (expected: 3281)
=== Executing the load phase for the comparison study ===
Comparison-load verification - Epoch:3 Run:2 TotalSize:32810000 ExpectedFieldLength:3281
Avg-run verification - Epoch:3 Run:2 Iteration:22 TotalSize:32810000 ExpectedFieldLength:3281
=== Executing the run phase with extendproportion=0 and read/update proportions=0.5 ===
Arrangement completed. Output saved to ../analysis/Data/Workload_data/postgresql_arrayjson_vacuum_notfull_bigcache_run3_uniform_light_mixed.csv
=== Setting parameter values for extend phase ===
=== Executing the extend phase with extendproportion=1 and other proportions=0 ===
Arrangement completed. Output saved to ../analysis/Data/Workload_data/postgresql_arrayjson_vacuum_notfull_bigcache_run3_uniform_light_mixed.csv
Size computation started
Extend verification - Min:30000 Max:35200 Avg:33826 (Expected avg per record: ~1000 bytes initially)
Generating histogram from key size log: key_sizes_postgresql_arrayjson_vacuum_notfull_bigcache_uniform_light_mixed_run3.csv
Histogram written to histogram.txt (BlockSize = 100)
Appending subsequent iteration 23...
Iteration 23: Appended new size values from key_sizes_postgresql_arrayjson_vacuum_notfull_bigcache_uniform_light_mixed_run3.csv to ../analysis/Data/Value_size_data/value_sizes_postgresql_arrayjson_vacuum_notfull_bigcache_run3_uniform_light_before_mixed.csv
VACUUM start: 1774627512
VACUUM end: 1774627512
=== Setting parameter values for run phase ===
Checking query plan before run phase
=== Executing the run phase with extendproportion=0 and read/update proportions=0.5 ===
Arrangement completed. Output saved to ../analysis/Data/Workload_data/postgresql_arrayjson_vacuum_notfull_bigcache_run3_uniform_light_mixed.csv
Arrangement completed. Output saved to ../analysis/Data/Workload_data/postgresql_arrayjson_vacuum_notfull_bigcache_run3_uniform_light_mixed.csv
Backing up the database started
Backing up the database finished
Arrangement completed. Output saved to ../analysis/Data/Workload_data/postgresql_arrayjson_vacuum_notfull_bigcache_run3_uniform_light_mixed.csv
Size computation started
Appending subsequent iteration 23...
Iteration 23: Appended new size values from key_sizes_postgresql_arrayjson_vacuum_notfull_bigcache_uniform_light_mixed_run3.csv to ../analysis/Data/Value_size_data/value_sizes_postgresql_arrayjson_vacuum_notfull_bigcache_run3_uniform_light_after_mixed.csv
Total size: 34302100, Field length average: 3430
Workload file fieldlength set to: 3430 (expected: 3430)
=== Executing the load phase for the comparison study ===
Comparison-load verification - Epoch:3 Run:3 TotalSize:34300000 ExpectedFieldLength:3430
Avg-run verification - Epoch:3 Run:3 Iteration:23 TotalSize:34300000 ExpectedFieldLength:3430
=== Executing the run phase with extendproportion=0 and read/update proportions=0.5 ===
Arrangement completed. Output saved to ../analysis/Data/Workload_data/postgresql_arrayjson_vacuum_notfull_bigcache_run3_uniform_light_mixed.csv
=== Setting parameter values for extend phase ===
=== Executing the extend phase with extendproportion=1 and other proportions=0 ===
Arrangement completed. Output saved to ../analysis/Data/Workload_data/postgresql_arrayjson_vacuum_notfull_bigcache_run3_uniform_light_mixed.csv
Size computation started
Extend verification - Min:30900 Max:36600 Avg:35299 (Expected avg per record: ~1000 bytes initially)
Generating histogram from key size log: key_sizes_postgresql_arrayjson_vacuum_notfull_bigcache_uniform_light_mixed_run3.csv
Histogram written to histogram.txt (BlockSize = 100)
Appending subsequent iteration 24...
Iteration 24: Appended new size values from key_sizes_postgresql_arrayjson_vacuum_notfull_bigcache_uniform_light_mixed_run3.csv to ../analysis/Data/Value_size_data/value_sizes_postgresql_arrayjson_vacuum_notfull_bigcache_run3_uniform_light_before_mixed.csv
VACUUM start: 1774627835
VACUUM end: 1774627835
=== Setting parameter values for run phase ===
Checking query plan before run phase
=== Executing the run phase with extendproportion=0 and read/update proportions=0.5 ===
Arrangement completed. Output saved to ../analysis/Data/Workload_data/postgresql_arrayjson_vacuum_notfull_bigcache_run3_uniform_light_mixed.csv
Arrangement completed. Output saved to ../analysis/Data/Workload_data/postgresql_arrayjson_vacuum_notfull_bigcache_run3_uniform_light_mixed.csv
Backing up the database started
Backing up the database finished
Arrangement completed. Output saved to ../analysis/Data/Workload_data/postgresql_arrayjson_vacuum_notfull_bigcache_run3_uniform_light_mixed.csv
Size computation started
Appending subsequent iteration 24...
Iteration 24: Appended new size values from key_sizes_postgresql_arrayjson_vacuum_notfull_bigcache_uniform_light_mixed_run3.csv to ../analysis/Data/Value_size_data/value_sizes_postgresql_arrayjson_vacuum_notfull_bigcache_run3_uniform_light_after_mixed.csv
Total size: 35783500, Field length average: 3578
Workload file fieldlength set to: 3578 (expected: 3578)
=== Executing the load phase for the comparison study ===
Comparison-load verification - Epoch:3 Run:4 TotalSize:35780000 ExpectedFieldLength:3578
Avg-run verification - Epoch:3 Run:4 Iteration:24 TotalSize:35780000 ExpectedFieldLength:3578
=== Executing the run phase with extendproportion=0 and read/update proportions=0.5 ===
Arrangement completed. Output saved to ../analysis/Data/Workload_data/postgresql_arrayjson_vacuum_notfull_bigcache_run3_uniform_light_mixed.csv
=== Setting parameter values for extend phase ===
=== Executing the extend phase with extendproportion=1 and other proportions=0 ===
Arrangement completed. Output saved to ../analysis/Data/Workload_data/postgresql_arrayjson_vacuum_notfull_bigcache_run3_uniform_light_mixed.csv
Size computation started
Extend verification - Min:32600 Max:38100 Avg:36775 (Expected avg per record: ~1000 bytes initially)
Generating histogram from key size log: key_sizes_postgresql_arrayjson_vacuum_notfull_bigcache_uniform_light_mixed_run3.csv
Histogram written to histogram.txt (BlockSize = 100)
Appending subsequent iteration 25...
Iteration 25: Appended new size values from key_sizes_postgresql_arrayjson_vacuum_notfull_bigcache_uniform_light_mixed_run3.csv to ../analysis/Data/Value_size_data/value_sizes_postgresql_arrayjson_vacuum_notfull_bigcache_run3_uniform_light_before_mixed.csv
VACUUM start: 1774628163
VACUUM end: 1774628163
=== Setting parameter values for run phase ===
Checking query plan before run phase
=== Executing the run phase with extendproportion=0 and read/update proportions=0.5 ===
Arrangement completed. Output saved to ../analysis/Data/Workload_data/postgresql_arrayjson_vacuum_notfull_bigcache_run3_uniform_light_mixed.csv
Arrangement completed. Output saved to ../analysis/Data/Workload_data/postgresql_arrayjson_vacuum_notfull_bigcache_run3_uniform_light_mixed.csv
Backing up the database started
Backing up the database finished
Arrangement completed. Output saved to ../analysis/Data/Workload_data/postgresql_arrayjson_vacuum_notfull_bigcache_run3_uniform_light_mixed.csv
Size computation started
Appending subsequent iteration 25...
Iteration 25: Appended new size values from key_sizes_postgresql_arrayjson_vacuum_notfull_bigcache_uniform_light_mixed_run3.csv to ../analysis/Data/Value_size_data/value_sizes_postgresql_arrayjson_vacuum_notfull_bigcache_run3_uniform_light_after_mixed.csv
Total size: 37230400, Field length average: 3723
Workload file fieldlength set to: 3723 (expected: 3723)
=== Executing the load phase for the comparison study ===
Comparison-load verification - Epoch:3 Run:5 TotalSize:37230000 ExpectedFieldLength:3723
Avg-run verification - Epoch:3 Run:5 Iteration:25 TotalSize:37230000 ExpectedFieldLength:3723
=== Executing the run phase with extendproportion=0 and read/update proportions=0.5 ===
Arrangement completed. Output saved to ../analysis/Data/Workload_data/postgresql_arrayjson_vacuum_notfull_bigcache_run3_uniform_light_mixed.csv
=== Setting parameter values for extend phase ===
=== Executing the extend phase with extendproportion=1 and other proportions=0 ===
Arrangement completed. Output saved to ../analysis/Data/Workload_data/postgresql_arrayjson_vacuum_notfull_bigcache_run3_uniform_light_mixed.csv
Size computation started
Extend verification - Min:34100 Max:39700 Avg:38217 (Expected avg per record: ~1000 bytes initially)
Generating histogram from key size log: key_sizes_postgresql_arrayjson_vacuum_notfull_bigcache_uniform_light_mixed_run3.csv
Histogram written to histogram.txt (BlockSize = 100)
Appending subsequent iteration 26...
Iteration 26: Appended new size values from key_sizes_postgresql_arrayjson_vacuum_notfull_bigcache_uniform_light_mixed_run3.csv to ../analysis/Data/Value_size_data/value_sizes_postgresql_arrayjson_vacuum_notfull_bigcache_run3_uniform_light_before_mixed.csv
VACUUM start: 1774628493
VACUUM end: 1774628493
=== Setting parameter values for run phase ===
Checking query plan before run phase
=== Executing the run phase with extendproportion=0 and read/update proportions=0.5 ===
Arrangement completed. Output saved to ../analysis/Data/Workload_data/postgresql_arrayjson_vacuum_notfull_bigcache_run3_uniform_light_mixed.csv
Arrangement completed. Output saved to ../analysis/Data/Workload_data/postgresql_arrayjson_vacuum_notfull_bigcache_run3_uniform_light_mixed.csv
Backing up the database started
Backing up the database finished
Arrangement completed. Output saved to ../analysis/Data/Workload_data/postgresql_arrayjson_vacuum_notfull_bigcache_run3_uniform_light_mixed.csv
Size computation started
Appending subsequent iteration 26...
Iteration 26: Appended new size values from key_sizes_postgresql_arrayjson_vacuum_notfull_bigcache_uniform_light_mixed_run3.csv to ../analysis/Data/Value_size_data/value_sizes_postgresql_arrayjson_vacuum_notfull_bigcache_run3_uniform_light_after_mixed.csv
Total size: 38736000, Field length average: 3873
Workload file fieldlength set to: 3873 (expected: 3873)
=== Executing the load phase for the comparison study ===
Comparison-load verification - Epoch:3 Run:6 TotalSize:38730000 ExpectedFieldLength:3873
Avg-run verification - Epoch:3 Run:6 Iteration:26 TotalSize:38730000 ExpectedFieldLength:3873
=== Executing the run phase with extendproportion=0 and read/update proportions=0.5 ===
Arrangement completed. Output saved to ../analysis/Data/Workload_data/postgresql_arrayjson_vacuum_notfull_bigcache_run3_uniform_light_mixed.csv
=== Setting parameter values for extend phase ===
=== Executing the extend phase with extendproportion=1 and other proportions=0 ===
Arrangement completed. Output saved to ../analysis/Data/Workload_data/postgresql_arrayjson_vacuum_notfull_bigcache_run3_uniform_light_mixed.csv
Size computation started
Extend verification - Min:35400 Max:41100 Avg:39711 (Expected avg per record: ~1000 bytes initially)
Generating histogram from key size log: key_sizes_postgresql_arrayjson_vacuum_notfull_bigcache_uniform_light_mixed_run3.csv
Histogram written to histogram.txt (BlockSize = 100)
Appending subsequent iteration 27...
Iteration 27: Appended new size values from key_sizes_postgresql_arrayjson_vacuum_notfull_bigcache_uniform_light_mixed_run3.csv to ../analysis/Data/Value_size_data/value_sizes_postgresql_arrayjson_vacuum_notfull_bigcache_run3_uniform_light_before_mixed.csv
VACUUM start: 1774628816
VACUUM end: 1774628816
=== Setting parameter values for run phase ===
Checking query plan before run phase
=== Executing the run phase with extendproportion=0 and read/update proportions=0.5 ===
Arrangement completed. Output saved to ../analysis/Data/Workload_data/postgresql_arrayjson_vacuum_notfull_bigcache_run3_uniform_light_mixed.csv
Arrangement completed. Output saved to ../analysis/Data/Workload_data/postgresql_arrayjson_vacuum_notfull_bigcache_run3_uniform_light_mixed.csv
Backing up the database started
Backing up the database finished
Arrangement completed. Output saved to ../analysis/Data/Workload_data/postgresql_arrayjson_vacuum_notfull_bigcache_run3_uniform_light_mixed.csv
Size computation started
Appending subsequent iteration 27...
Iteration 27: Appended new size values from key_sizes_postgresql_arrayjson_vacuum_notfull_bigcache_uniform_light_mixed_run3.csv to ../analysis/Data/Value_size_data/value_sizes_postgresql_arrayjson_vacuum_notfull_bigcache_run3_uniform_light_after_mixed.csv
Total size: 40190400, Field length average: 4019
Workload file fieldlength set to: 4019 (expected: 4019)
=== Executing the load phase for the comparison study ===
Comparison-load verification - Epoch:3 Run:7 TotalSize:40190000 ExpectedFieldLength:4019
Avg-run verification - Epoch:3 Run:7 Iteration:27 TotalSize:40190000 ExpectedFieldLength:4019
=== Executing the run phase with extendproportion=0 and read/update proportions=0.5 ===
Arrangement completed. Output saved to ../analysis/Data/Workload_data/postgresql_arrayjson_vacuum_notfull_bigcache_run3_uniform_light_mixed.csv
=== Setting parameter values for extend phase ===
=== Executing the extend phase with extendproportion=1 and other proportions=0 ===
Arrangement completed. Output saved to ../analysis/Data/Workload_data/postgresql_arrayjson_vacuum_notfull_bigcache_run3_uniform_light_mixed.csv
Size computation started
Extend verification - Min:36800 Max:42700 Avg:41162 (Expected avg per record: ~1000 bytes initially)
Generating histogram from key size log: key_sizes_postgresql_arrayjson_vacuum_notfull_bigcache_uniform_light_mixed_run3.csv
Histogram written to histogram.txt (BlockSize = 100)
Appending subsequent iteration 28...
Iteration 28: Appended new size values from key_sizes_postgresql_arrayjson_vacuum_notfull_bigcache_uniform_light_mixed_run3.csv to ../analysis/Data/Value_size_data/value_sizes_postgresql_arrayjson_vacuum_notfull_bigcache_run3_uniform_light_before_mixed.csv
VACUUM start: 1774629142
VACUUM end: 1774629142
=== Setting parameter values for run phase ===
Checking query plan before run phase
=== Executing the run phase with extendproportion=0 and read/update proportions=0.5 ===
Arrangement completed. Output saved to ../analysis/Data/Workload_data/postgresql_arrayjson_vacuum_notfull_bigcache_run3_uniform_light_mixed.csv
Arrangement completed. Output saved to ../analysis/Data/Workload_data/postgresql_arrayjson_vacuum_notfull_bigcache_run3_uniform_light_mixed.csv
Backing up the database started
Backing up the database finished
Arrangement completed. Output saved to ../analysis/Data/Workload_data/postgresql_arrayjson_vacuum_notfull_bigcache_run3_uniform_light_mixed.csv
Size computation started
Appending subsequent iteration 28...
Iteration 28: Appended new size values from key_sizes_postgresql_arrayjson_vacuum_notfull_bigcache_uniform_light_mixed_run3.csv to ../analysis/Data/Value_size_data/value_sizes_postgresql_arrayjson_vacuum_notfull_bigcache_run3_uniform_light_after_mixed.csv
Total size: 41651300, Field length average: 4165
Workload file fieldlength set to: 4165 (expected: 4165)
=== Executing the load phase for the comparison study ===
Comparison-load verification - Epoch:3 Run:8 TotalSize:41650000 ExpectedFieldLength:4165
Avg-run verification - Epoch:3 Run:8 Iteration:28 TotalSize:41650000 ExpectedFieldLength:4165
=== Executing the run phase with extendproportion=0 and read/update proportions=0.5 ===
Arrangement completed. Output saved to ../analysis/Data/Workload_data/postgresql_arrayjson_vacuum_notfull_bigcache_run3_uniform_light_mixed.csv
=== Setting parameter values for extend phase ===
=== Executing the extend phase with extendproportion=1 and other proportions=0 ===
Arrangement completed. Output saved to ../analysis/Data/Workload_data/postgresql_arrayjson_vacuum_notfull_bigcache_run3_uniform_light_mixed.csv
Size computation started
Extend verification - Min:38100 Max:44000 Avg:42684 (Expected avg per record: ~1000 bytes initially)
Generating histogram from key size log: key_sizes_postgresql_arrayjson_vacuum_notfull_bigcache_uniform_light_mixed_run3.csv
Histogram written to histogram.txt (BlockSize = 100)
Appending subsequent iteration 29...
Iteration 29: Appended new size values from key_sizes_postgresql_arrayjson_vacuum_notfull_bigcache_uniform_light_mixed_run3.csv to ../analysis/Data/Value_size_data/value_sizes_postgresql_arrayjson_vacuum_notfull_bigcache_run3_uniform_light_before_mixed.csv
VACUUM start: 1774629479
VACUUM end: 1774629479
=== Setting parameter values for run phase ===
Checking query plan before run phase
=== Executing the run phase with extendproportion=0 and read/update proportions=0.5 ===
Arrangement completed. Output saved to ../analysis/Data/Workload_data/postgresql_arrayjson_vacuum_notfull_bigcache_run3_uniform_light_mixed.csv
Arrangement completed. Output saved to ../analysis/Data/Workload_data/postgresql_arrayjson_vacuum_notfull_bigcache_run3_uniform_light_mixed.csv
Backing up the database started
Backing up the database finished
Arrangement completed. Output saved to ../analysis/Data/Workload_data/postgresql_arrayjson_vacuum_notfull_bigcache_run3_uniform_light_mixed.csv
Size computation started
Appending subsequent iteration 29...
Iteration 29: Appended new size values from key_sizes_postgresql_arrayjson_vacuum_notfull_bigcache_uniform_light_mixed_run3.csv to ../analysis/Data/Value_size_data/value_sizes_postgresql_arrayjson_vacuum_notfull_bigcache_run3_uniform_light_after_mixed.csv
Total size: 43133200, Field length average: 4313
Workload file fieldlength set to: 4313 (expected: 4313)
=== Executing the load phase for the comparison study ===
Comparison-load verification - Epoch:3 Run:9 TotalSize:43130000 ExpectedFieldLength:4313
Avg-run verification - Epoch:3 Run:9 Iteration:29 TotalSize:43130000 ExpectedFieldLength:4313
=== Executing the run phase with extendproportion=0 and read/update proportions=0.5 ===
Arrangement completed. Output saved to ../analysis/Data/Workload_data/postgresql_arrayjson_vacuum_notfull_bigcache_run3_uniform_light_mixed.csv
=== Setting parameter values for extend phase ===
=== Executing the extend phase with extendproportion=1 and other proportions=0 ===
Arrangement completed. Output saved to ../analysis/Data/Workload_data/postgresql_arrayjson_vacuum_notfull_bigcache_run3_uniform_light_mixed.csv
Size computation started
Extend verification - Min:39400 Max:45500 Avg:44144 (Expected avg per record: ~1000 bytes initially)
Generating histogram from key size log: key_sizes_postgresql_arrayjson_vacuum_notfull_bigcache_uniform_light_mixed_run3.csv
Histogram written to histogram.txt (BlockSize = 100)
Appending subsequent iteration 30...
Iteration 30: Appended new size values from key_sizes_postgresql_arrayjson_vacuum_notfull_bigcache_uniform_light_mixed_run3.csv to ../analysis/Data/Value_size_data/value_sizes_postgresql_arrayjson_vacuum_notfull_bigcache_run3_uniform_light_before_mixed.csv
VACUUM start: 1774629813
VACUUM end: 1774629813
=== Setting parameter values for run phase ===
Checking query plan before run phase
=== Executing the run phase with extendproportion=0 and read/update proportions=0.5 ===
Arrangement completed. Output saved to ../analysis/Data/Workload_data/postgresql_arrayjson_vacuum_notfull_bigcache_run3_uniform_light_mixed.csv
Arrangement completed. Output saved to ../analysis/Data/Workload_data/postgresql_arrayjson_vacuum_notfull_bigcache_run3_uniform_light_mixed.csv
Backing up the database started
Backing up the database finished
Arrangement completed. Output saved to ../analysis/Data/Workload_data/postgresql_arrayjson_vacuum_notfull_bigcache_run3_uniform_light_mixed.csv
Size computation started
Appending subsequent iteration 30...
Iteration 30: Appended new size values from key_sizes_postgresql_arrayjson_vacuum_notfull_bigcache_uniform_light_mixed_run3.csv to ../analysis/Data/Value_size_data/value_sizes_postgresql_arrayjson_vacuum_notfull_bigcache_run3_uniform_light_after_mixed.csv
Total size: 44672100, Field length average: 4467
Workload file fieldlength set to: 4467 (expected: 4467)
=== Executing the load phase for the comparison study ===
Comparison-load verification - Epoch:3 Run:10 TotalSize:44670000 ExpectedFieldLength:4467
Avg-run verification - Epoch:3 Run:10 Iteration:30 TotalSize:44670000 ExpectedFieldLength:4467
=== Executing the run phase with extendproportion=0 and read/update proportions=0.5 ===
Arrangement completed. Output saved to ../analysis/Data/Workload_data/postgresql_arrayjson_vacuum_notfull_bigcache_run3_uniform_light_mixed.csv
=== Setting parameter values for extend phase ===
=== Executing the extend phase with extendproportion=1 and other proportions=0 ===
Arrangement completed. Output saved to ../analysis/Data/Workload_data/postgresql_arrayjson_vacuum_notfull_bigcache_run3_uniform_light_mixed.csv
Size computation started
Extend verification - Min:41100 Max:46900 Avg:45655 (Expected avg per record: ~1000 bytes initially)
Generating histogram from key size log: key_sizes_postgresql_arrayjson_vacuum_notfull_bigcache_uniform_light_mixed_run3.csv
Histogram written to histogram.txt (BlockSize = 100)
Appending subsequent iteration 31...
Iteration 31: Appended new size values from key_sizes_postgresql_arrayjson_vacuum_notfull_bigcache_uniform_light_mixed_run3.csv to ../analysis/Data/Value_size_data/value_sizes_postgresql_arrayjson_vacuum_notfull_bigcache_run3_uniform_light_before_mixed.csv
VACUUM start: 1774630150
VACUUM end: 1774630150
=== Setting parameter values for run phase ===
Checking query plan before run phase
=== Executing the run phase with extendproportion=0 and read/update proportions=0.5 ===
Arrangement completed. Output saved to ../analysis/Data/Workload_data/postgresql_arrayjson_vacuum_notfull_bigcache_run3_uniform_light_mixed.csv
Arrangement completed. Output saved to ../analysis/Data/Workload_data/postgresql_arrayjson_vacuum_notfull_bigcache_run3_uniform_light_mixed.csv
Backing up the database started
Backing up the database finished
Arrangement completed. Output saved to ../analysis/Data/Workload_data/postgresql_arrayjson_vacuum_notfull_bigcache_run3_uniform_light_mixed.csv
Size computation started
Appending subsequent iteration 31...
Iteration 31: Appended new size values from key_sizes_postgresql_arrayjson_vacuum_notfull_bigcache_uniform_light_mixed_run3.csv to ../analysis/Data/Value_size_data/value_sizes_postgresql_arrayjson_vacuum_notfull_bigcache_run3_uniform_light_after_mixed.csv
Total size: 45910100, Field length average: 4591
Workload file fieldlength set to: 4591 (expected: 4591)
=== Executing the load phase for the comparison study ===
Comparison-load verification - Epoch:4 Run:1 TotalSize:45910000 ExpectedFieldLength:4591
Avg-run verification - Epoch:4 Run:1 Iteration:31 TotalSize:45910000 ExpectedFieldLength:4591
=== Executing the run phase with extendproportion=0 and read/update proportions=0.5 ===
Arrangement completed. Output saved to ../analysis/Data/Workload_data/postgresql_arrayjson_vacuum_notfull_bigcache_run3_uniform_light_mixed.csv
=== Setting parameter values for extend phase ===
=== Executing the extend phase with extendproportion=1 and other proportions=0 ===
Arrangement completed. Output saved to ../analysis/Data/Workload_data/postgresql_arrayjson_vacuum_notfull_bigcache_run3_uniform_light_mixed.csv
Size computation started
Extend verification - Min:42200 Max:48100 Avg:46910 (Expected avg per record: ~1000 bytes initially)
Generating histogram from key size log: key_sizes_postgresql_arrayjson_vacuum_notfull_bigcache_uniform_light_mixed_run3.csv
Histogram written to histogram.txt (BlockSize = 100)
Appending subsequent iteration 32...
Iteration 32: Appended new size values from key_sizes_postgresql_arrayjson_vacuum_notfull_bigcache_uniform_light_mixed_run3.csv to ../analysis/Data/Value_size_data/value_sizes_postgresql_arrayjson_vacuum_notfull_bigcache_run3_uniform_light_before_mixed.csv
VACUUM start: 1774630489
VACUUM end: 1774630490
=== Setting parameter values for run phase ===
Checking query plan before run phase
=== Executing the run phase with extendproportion=0 and read/update proportions=0.5 ===
Arrangement completed. Output saved to ../analysis/Data/Workload_data/postgresql_arrayjson_vacuum_notfull_bigcache_run3_uniform_light_mixed.csv
Arrangement completed. Output saved to ../analysis/Data/Workload_data/postgresql_arrayjson_vacuum_notfull_bigcache_run3_uniform_light_mixed.csv
Backing up the database started
Backing up the database finished
Arrangement completed. Output saved to ../analysis/Data/Workload_data/postgresql_arrayjson_vacuum_notfull_bigcache_run3_uniform_light_mixed.csv
Size computation started
Appending subsequent iteration 32...
Iteration 32: Appended new size values from key_sizes_postgresql_arrayjson_vacuum_notfull_bigcache_uniform_light_mixed_run3.csv to ../analysis/Data/Value_size_data/value_sizes_postgresql_arrayjson_vacuum_notfull_bigcache_run3_uniform_light_after_mixed.csv
Total size: 47390000, Field length average: 4739
Workload file fieldlength set to: 4739 (expected: 4739)
=== Executing the load phase for the comparison study ===
Comparison-load verification - Epoch:4 Run:2 TotalSize:47390000 ExpectedFieldLength:4739
Avg-run verification - Epoch:4 Run:2 Iteration:32 TotalSize:47390000 ExpectedFieldLength:4739
=== Executing the run phase with extendproportion=0 and read/update proportions=0.5 ===
Arrangement completed. Output saved to ../analysis/Data/Workload_data/postgresql_arrayjson_vacuum_notfull_bigcache_run3_uniform_light_mixed.csv
=== Setting parameter values for extend phase ===
=== Executing the extend phase with extendproportion=1 and other proportions=0 ===
Arrangement completed. Output saved to ../analysis/Data/Workload_data/postgresql_arrayjson_vacuum_notfull_bigcache_run3_uniform_light_mixed.csv
Size computation started
Extend verification - Min:43200 Max:50000 Avg:48394 (Expected avg per record: ~1000 bytes initially)
Generating histogram from key size log: key_sizes_postgresql_arrayjson_vacuum_notfull_bigcache_uniform_light_mixed_run3.csv
Histogram written to histogram.txt (BlockSize = 100)
Appending subsequent iteration 33...
Iteration 33: Appended new size values from key_sizes_postgresql_arrayjson_vacuum_notfull_bigcache_uniform_light_mixed_run3.csv to ../analysis/Data/Value_size_data/value_sizes_postgresql_arrayjson_vacuum_notfull_bigcache_run3_uniform_light_before_mixed.csv
VACUUM start: 1774630827
VACUUM end: 1774630827
=== Setting parameter values for run phase ===
Checking query plan before run phase
=== Executing the run phase with extendproportion=0 and read/update proportions=0.5 ===
Arrangement completed. Output saved to ../analysis/Data/Workload_data/postgresql_arrayjson_vacuum_notfull_bigcache_run3_uniform_light_mixed.csv
Arrangement completed. Output saved to ../analysis/Data/Workload_data/postgresql_arrayjson_vacuum_notfull_bigcache_run3_uniform_light_mixed.csv
Backing up the database started
Backing up the database finished
Arrangement completed. Output saved to ../analysis/Data/Workload_data/postgresql_arrayjson_vacuum_notfull_bigcache_run3_uniform_light_mixed.csv
Size computation started
Appending subsequent iteration 33...
Iteration 33: Appended new size values from key_sizes_postgresql_arrayjson_vacuum_notfull_bigcache_uniform_light_mixed_run3.csv to ../analysis/Data/Value_size_data/value_sizes_postgresql_arrayjson_vacuum_notfull_bigcache_run3_uniform_light_after_mixed.csv
Total size: 48932500, Field length average: 4893
Workload file fieldlength set to: 4893 (expected: 4893)
=== Executing the load phase for the comparison study ===
Comparison-load verification - Epoch:4 Run:3 TotalSize:48930000 ExpectedFieldLength:4893
Avg-run verification - Epoch:4 Run:3 Iteration:33 TotalSize:48930000 ExpectedFieldLength:4893
=== Executing the run phase with extendproportion=0 and read/update proportions=0.5 ===
Arrangement completed. Output saved to ../analysis/Data/Workload_data/postgresql_arrayjson_vacuum_notfull_bigcache_run3_uniform_light_mixed.csv
=== Setting parameter values for extend phase ===
=== Executing the extend phase with extendproportion=1 and other proportions=0 ===
Arrangement completed. Output saved to ../analysis/Data/Workload_data/postgresql_arrayjson_vacuum_notfull_bigcache_run3_uniform_light_mixed.csv
Size computation started
Extend verification - Min:44600 Max:51200 Avg:49916 (Expected avg per record: ~1000 bytes initially)
Generating histogram from key size log: key_sizes_postgresql_arrayjson_vacuum_notfull_bigcache_uniform_light_mixed_run3.csv
Histogram written to histogram.txt (BlockSize = 100)
Appending subsequent iteration 34...
Iteration 34: Appended new size values from key_sizes_postgresql_arrayjson_vacuum_notfull_bigcache_uniform_light_mixed_run3.csv to ../analysis/Data/Value_size_data/value_sizes_postgresql_arrayjson_vacuum_notfull_bigcache_run3_uniform_light_before_mixed.csv
VACUUM start: 1774631175
VACUUM end: 1774631175
=== Setting parameter values for run phase ===
Checking query plan before run phase
=== Executing the run phase with extendproportion=0 and read/update proportions=0.5 ===
Arrangement completed. Output saved to ../analysis/Data/Workload_data/postgresql_arrayjson_vacuum_notfull_bigcache_run3_uniform_light_mixed.csv
Arrangement completed. Output saved to ../analysis/Data/Workload_data/postgresql_arrayjson_vacuum_notfull_bigcache_run3_uniform_light_mixed.csv
Backing up the database started
Backing up the database finished
Arrangement completed. Output saved to ../analysis/Data/Workload_data/postgresql_arrayjson_vacuum_notfull_bigcache_run3_uniform_light_mixed.csv
Size computation started
Appending subsequent iteration 34...
Iteration 34: Appended new size values from key_sizes_postgresql_arrayjson_vacuum_notfull_bigcache_uniform_light_mixed_run3.csv to ../analysis/Data/Value_size_data/value_sizes_postgresql_arrayjson_vacuum_notfull_bigcache_run3_uniform_light_after_mixed.csv
Total size: 50398100, Field length average: 5039
Workload file fieldlength set to: 5039 (expected: 5039)
=== Executing the load phase for the comparison study ===
Comparison-load verification - Epoch:4 Run:4 TotalSize:50390000 ExpectedFieldLength:5039
Avg-run verification - Epoch:4 Run:4 Iteration:34 TotalSize:50390000 ExpectedFieldLength:5039
=== Executing the run phase with extendproportion=0 and read/update proportions=0.5 ===
Arrangement completed. Output saved to ../analysis/Data/Workload_data/postgresql_arrayjson_vacuum_notfull_bigcache_run3_uniform_light_mixed.csv
=== Setting parameter values for extend phase ===
=== Executing the extend phase with extendproportion=1 and other proportions=0 ===
Arrangement completed. Output saved to ../analysis/Data/Workload_data/postgresql_arrayjson_vacuum_notfull_bigcache_run3_uniform_light_mixed.csv
Size computation started
Extend verification - Min:45800 Max:52600 Avg:51416 (Expected avg per record: ~1000 bytes initially)
Generating histogram from key size log: key_sizes_postgresql_arrayjson_vacuum_notfull_bigcache_uniform_light_mixed_run3.csv
Histogram written to histogram.txt (BlockSize = 100)
Appending subsequent iteration 35...
Iteration 35: Appended new size values from key_sizes_postgresql_arrayjson_vacuum_notfull_bigcache_uniform_light_mixed_run3.csv to ../analysis/Data/Value_size_data/value_sizes_postgresql_arrayjson_vacuum_notfull_bigcache_run3_uniform_light_before_mixed.csv
VACUUM start: 1774631527
VACUUM end: 1774631527
=== Setting parameter values for run phase ===
Checking query plan before run phase
=== Executing the run phase with extendproportion=0 and read/update proportions=0.5 ===
Arrangement completed. Output saved to ../analysis/Data/Workload_data/postgresql_arrayjson_vacuum_notfull_bigcache_run3_uniform_light_mixed.csv
Arrangement completed. Output saved to ../analysis/Data/Workload_data/postgresql_arrayjson_vacuum_notfull_bigcache_run3_uniform_light_mixed.csv
Backing up the database started
Backing up the database finished
Arrangement completed. Output saved to ../analysis/Data/Workload_data/postgresql_arrayjson_vacuum_notfull_bigcache_run3_uniform_light_mixed.csv
Size computation started
Appending subsequent iteration 35...
Iteration 35: Appended new size values from key_sizes_postgresql_arrayjson_vacuum_notfull_bigcache_uniform_light_mixed_run3.csv to ../analysis/Data/Value_size_data/value_sizes_postgresql_arrayjson_vacuum_notfull_bigcache_run3_uniform_light_after_mixed.csv
Total size: 51846100, Field length average: 5184
Workload file fieldlength set to: 5184 (expected: 5184)
=== Executing the load phase for the comparison study ===
Comparison-load verification - Epoch:4 Run:5 TotalSize:51840000 ExpectedFieldLength:5184
Avg-run verification - Epoch:4 Run:5 Iteration:35 TotalSize:51840000 ExpectedFieldLength:5184
=== Executing the run phase with extendproportion=0 and read/update proportions=0.5 ===
Arrangement completed. Output saved to ../analysis/Data/Workload_data/postgresql_arrayjson_vacuum_notfull_bigcache_run3_uniform_light_mixed.csv
=== Setting parameter values for extend phase ===
=== Executing the extend phase with extendproportion=1 and other proportions=0 ===
Arrangement completed. Output saved to ../analysis/Data/Workload_data/postgresql_arrayjson_vacuum_notfull_bigcache_run3_uniform_light_mixed.csv
Size computation started
Extend verification - Min:46900 Max:54100 Avg:52858 (Expected avg per record: ~1000 bytes initially)
Generating histogram from key size log: key_sizes_postgresql_arrayjson_vacuum_notfull_bigcache_uniform_light_mixed_run3.csv
Histogram written to histogram.txt (BlockSize = 100)
Appending subsequent iteration 36...
Iteration 36: Appended new size values from key_sizes_postgresql_arrayjson_vacuum_notfull_bigcache_uniform_light_mixed_run3.csv to ../analysis/Data/Value_size_data/value_sizes_postgresql_arrayjson_vacuum_notfull_bigcache_run3_uniform_light_before_mixed.csv
VACUUM start: 1774631879
VACUUM end: 1774631880
=== Setting parameter values for run phase ===
Checking query plan before run phase
=== Executing the run phase with extendproportion=0 and read/update proportions=0.5 ===
Arrangement completed. Output saved to ../analysis/Data/Workload_data/postgresql_arrayjson_vacuum_notfull_bigcache_run3_uniform_light_mixed.csv
Arrangement completed. Output saved to ../analysis/Data/Workload_data/postgresql_arrayjson_vacuum_notfull_bigcache_run3_uniform_light_mixed.csv
Backing up the database started
Backing up the database finished
Arrangement completed. Output saved to ../analysis/Data/Workload_data/postgresql_arrayjson_vacuum_notfull_bigcache_run3_uniform_light_mixed.csv
Size computation started
Appending subsequent iteration 36...
Iteration 36: Appended new size values from key_sizes_postgresql_arrayjson_vacuum_notfull_bigcache_uniform_light_mixed_run3.csv to ../analysis/Data/Value_size_data/value_sizes_postgresql_arrayjson_vacuum_notfull_bigcache_run3_uniform_light_after_mixed.csv
Total size: 53275000, Field length average: 5327
Workload file fieldlength set to: 5327 (expected: 5327)
=== Executing the load phase for the comparison study ===
Comparison-load verification - Epoch:4 Run:6 TotalSize:53270000 ExpectedFieldLength:5327
Avg-run verification - Epoch:4 Run:6 Iteration:36 TotalSize:53270000 ExpectedFieldLength:5327
=== Executing the run phase with extendproportion=0 and read/update proportions=0.5 ===
Arrangement completed. Output saved to ../analysis/Data/Workload_data/postgresql_arrayjson_vacuum_notfull_bigcache_run3_uniform_light_mixed.csv
=== Setting parameter values for extend phase ===
=== Executing the extend phase with extendproportion=1 and other proportions=0 ===
Arrangement completed. Output saved to ../analysis/Data/Workload_data/postgresql_arrayjson_vacuum_notfull_bigcache_run3_uniform_light_mixed.csv
Size computation started
Extend verification - Min:48400 Max:55700 Avg:54289 (Expected avg per record: ~1000 bytes initially)
Generating histogram from key size log: key_sizes_postgresql_arrayjson_vacuum_notfull_bigcache_uniform_light_mixed_run3.csv
Histogram written to histogram.txt (BlockSize = 100)
Appending subsequent iteration 37...
Iteration 37: Appended new size values from key_sizes_postgresql_arrayjson_vacuum_notfull_bigcache_uniform_light_mixed_run3.csv to ../analysis/Data/Value_size_data/value_sizes_postgresql_arrayjson_vacuum_notfull_bigcache_run3_uniform_light_before_mixed.csv
VACUUM start: 1774632228
VACUUM end: 1774632228
=== Setting parameter values for run phase ===
Checking query plan before run phase
=== Executing the run phase with extendproportion=0 and read/update proportions=0.5 ===
Arrangement completed. Output saved to ../analysis/Data/Workload_data/postgresql_arrayjson_vacuum_notfull_bigcache_run3_uniform_light_mixed.csv
Arrangement completed. Output saved to ../analysis/Data/Workload_data/postgresql_arrayjson_vacuum_notfull_bigcache_run3_uniform_light_mixed.csv
Backing up the database started
Backing up the database finished
Arrangement completed. Output saved to ../analysis/Data/Workload_data/postgresql_arrayjson_vacuum_notfull_bigcache_run3_uniform_light_mixed.csv
Size computation started
Appending subsequent iteration 37...
Iteration 37: Appended new size values from key_sizes_postgresql_arrayjson_vacuum_notfull_bigcache_uniform_light_mixed_run3.csv to ../analysis/Data/Value_size_data/value_sizes_postgresql_arrayjson_vacuum_notfull_bigcache_run3_uniform_light_after_mixed.csv
Total size: 54725800, Field length average: 5472
Workload file fieldlength set to: 5472 (expected: 5472)
=== Executing the load phase for the comparison study ===
Comparison-load verification - Epoch:4 Run:7 TotalSize:54720000 ExpectedFieldLength:5472
Avg-run verification - Epoch:4 Run:7 Iteration:37 TotalSize:54720000 ExpectedFieldLength:5472
=== Executing the run phase with extendproportion=0 and read/update proportions=0.5 ===
Arrangement completed. Output saved to ../analysis/Data/Workload_data/postgresql_arrayjson_vacuum_notfull_bigcache_run3_uniform_light_mixed.csv
=== Setting parameter values for extend phase ===
=== Executing the extend phase with extendproportion=1 and other proportions=0 ===
Arrangement completed. Output saved to ../analysis/Data/Workload_data/postgresql_arrayjson_vacuum_notfull_bigcache_run3_uniform_light_mixed.csv
Size computation started
Extend verification - Min:50000 Max:57000 Avg:55698 (Expected avg per record: ~1000 bytes initially)
Generating histogram from key size log: key_sizes_postgresql_arrayjson_vacuum_notfull_bigcache_uniform_light_mixed_run3.csv
Histogram written to histogram.txt (BlockSize = 100)
Appending subsequent iteration 38...
Iteration 38: Appended new size values from key_sizes_postgresql_arrayjson_vacuum_notfull_bigcache_uniform_light_mixed_run3.csv to ../analysis/Data/Value_size_data/value_sizes_postgresql_arrayjson_vacuum_notfull_bigcache_run3_uniform_light_before_mixed.csv
VACUUM start: 1774632591
VACUUM end: 1774632591
=== Setting parameter values for run phase ===
Checking query plan before run phase
=== Executing the run phase with extendproportion=0 and read/update proportions=0.5 ===
Arrangement completed. Output saved to ../analysis/Data/Workload_data/postgresql_arrayjson_vacuum_notfull_bigcache_run3_uniform_light_mixed.csv
Arrangement completed. Output saved to ../analysis/Data/Workload_data/postgresql_arrayjson_vacuum_notfull_bigcache_run3_uniform_light_mixed.csv
Backing up the database started
Backing up the database finished
Arrangement completed. Output saved to ../analysis/Data/Workload_data/postgresql_arrayjson_vacuum_notfull_bigcache_run3_uniform_light_mixed.csv
Size computation started
Appending subsequent iteration 38...
Iteration 38: Appended new size values from key_sizes_postgresql_arrayjson_vacuum_notfull_bigcache_uniform_light_mixed_run3.csv to ../analysis/Data/Value_size_data/value_sizes_postgresql_arrayjson_vacuum_notfull_bigcache_run3_uniform_light_after_mixed.csv
Total size: 56195400, Field length average: 5619
Workload file fieldlength set to: 5619 (expected: 5619)
=== Executing the load phase for the comparison study ===
Comparison-load verification - Epoch:4 Run:8 TotalSize:56190000 ExpectedFieldLength:5619
Avg-run verification - Epoch:4 Run:8 Iteration:38 TotalSize:56190000 ExpectedFieldLength:5619
=== Executing the run phase with extendproportion=0 and read/update proportions=0.5 ===
Arrangement completed. Output saved to ../analysis/Data/Workload_data/postgresql_arrayjson_vacuum_notfull_bigcache_run3_uniform_light_mixed.csv
=== Setting parameter values for extend phase ===
=== Executing the extend phase with extendproportion=1 and other proportions=0 ===
Arrangement completed. Output saved to ../analysis/Data/Workload_data/postgresql_arrayjson_vacuum_notfull_bigcache_run3_uniform_light_mixed.csv
Size computation started
Extend verification - Min:50900 Max:58500 Avg:57182 (Expected avg per record: ~1000 bytes initially)
Generating histogram from key size log: key_sizes_postgresql_arrayjson_vacuum_notfull_bigcache_uniform_light_mixed_run3.csv
Histogram written to histogram.txt (BlockSize = 100)
Appending subsequent iteration 39...
Iteration 39: Appended new size values from key_sizes_postgresql_arrayjson_vacuum_notfull_bigcache_uniform_light_mixed_run3.csv to ../analysis/Data/Value_size_data/value_sizes_postgresql_arrayjson_vacuum_notfull_bigcache_run3_uniform_light_before_mixed.csv
VACUUM start: 1774632960
VACUUM end: 1774632960
=== Setting parameter values for run phase ===
Checking query plan before run phase
=== Executing the run phase with extendproportion=0 and read/update proportions=0.5 ===
Arrangement completed. Output saved to ../analysis/Data/Workload_data/postgresql_arrayjson_vacuum_notfull_bigcache_run3_uniform_light_mixed.csv
Arrangement completed. Output saved to ../analysis/Data/Workload_data/postgresql_arrayjson_vacuum_notfull_bigcache_run3_uniform_light_mixed.csv
Backing up the database started
Backing up the database finished
Arrangement completed. Output saved to ../analysis/Data/Workload_data/postgresql_arrayjson_vacuum_notfull_bigcache_run3_uniform_light_mixed.csv
Size computation started
Appending subsequent iteration 39...
Iteration 39: Appended new size values from key_sizes_postgresql_arrayjson_vacuum_notfull_bigcache_uniform_light_mixed_run3.csv to ../analysis/Data/Value_size_data/value_sizes_postgresql_arrayjson_vacuum_notfull_bigcache_run3_uniform_light_after_mixed.csv
Total size: 57681600, Field length average: 5768
Workload file fieldlength set to: 5768 (expected: 5768)
=== Executing the load phase for the comparison study ===
Comparison-load verification - Epoch:4 Run:9 TotalSize:57680000 ExpectedFieldLength:5768
Avg-run verification - Epoch:4 Run:9 Iteration:39 TotalSize:57680000 ExpectedFieldLength:5768
=== Executing the run phase with extendproportion=0 and read/update proportions=0.5 ===
Arrangement completed. Output saved to ../analysis/Data/Workload_data/postgresql_arrayjson_vacuum_notfull_bigcache_run3_uniform_light_mixed.csv
=== Setting parameter values for extend phase ===
=== Executing the extend phase with extendproportion=1 and other proportions=0 ===
Arrangement completed. Output saved to ../analysis/Data/Workload_data/postgresql_arrayjson_vacuum_notfull_bigcache_run3_uniform_light_mixed.csv
Size computation started
Extend verification - Min:52200 Max:60000 Avg:58647 (Expected avg per record: ~1000 bytes initially)
Generating histogram from key size log: key_sizes_postgresql_arrayjson_vacuum_notfull_bigcache_uniform_light_mixed_run3.csv
Histogram written to histogram.txt (BlockSize = 100)
Appending subsequent iteration 40...
Iteration 40: Appended new size values from key_sizes_postgresql_arrayjson_vacuum_notfull_bigcache_uniform_light_mixed_run3.csv to ../analysis/Data/Value_size_data/value_sizes_postgresql_arrayjson_vacuum_notfull_bigcache_run3_uniform_light_before_mixed.csv
VACUUM start: 1774633321
VACUUM end: 1774633321
=== Setting parameter values for run phase ===
Checking query plan before run phase
=== Executing the run phase with extendproportion=0 and read/update proportions=0.5 ===
Arrangement completed. Output saved to ../analysis/Data/Workload_data/postgresql_arrayjson_vacuum_notfull_bigcache_run3_uniform_light_mixed.csv
Arrangement completed. Output saved to ../analysis/Data/Workload_data/postgresql_arrayjson_vacuum_notfull_bigcache_run3_uniform_light_mixed.csv
Backing up the database started
Backing up the database finished
Arrangement completed. Output saved to ../analysis/Data/Workload_data/postgresql_arrayjson_vacuum_notfull_bigcache_run3_uniform_light_mixed.csv
Size computation started
Appending subsequent iteration 40...
Iteration 40: Appended new size values from key_sizes_postgresql_arrayjson_vacuum_notfull_bigcache_uniform_light_mixed_run3.csv to ../analysis/Data/Value_size_data/value_sizes_postgresql_arrayjson_vacuum_notfull_bigcache_run3_uniform_light_after_mixed.csv
Total size: 59095200, Field length average: 5909
Workload file fieldlength set to: 5909 (expected: 5909)
=== Executing the load phase for the comparison study ===
Comparison-load verification - Epoch:4 Run:10 TotalSize:59090000 ExpectedFieldLength:5909
Avg-run verification - Epoch:4 Run:10 Iteration:40 TotalSize:59090000 ExpectedFieldLength:5909
=== Executing the run phase with extendproportion=0 and read/update proportions=0.5 ===
Arrangement completed. Output saved to ../analysis/Data/Workload_data/postgresql_arrayjson_vacuum_notfull_bigcache_run3_uniform_light_mixed.csv
=== Setting parameter values for extend phase ===
=== Executing the extend phase with extendproportion=1 and other proportions=0 ===
Arrangement completed. Output saved to ../analysis/Data/Workload_data/postgresql_arrayjson_vacuum_notfull_bigcache_run3_uniform_light_mixed.csv
Size computation started
Extend verification - Min:53600 Max:61400 Avg:60097 (Expected avg per record: ~1000 bytes initially)
Generating histogram from key size log: key_sizes_postgresql_arrayjson_vacuum_notfull_bigcache_uniform_light_mixed_run3.csv
Histogram written to histogram.txt (BlockSize = 100)
Appending subsequent iteration 41...
Iteration 41: Appended new size values from key_sizes_postgresql_arrayjson_vacuum_notfull_bigcache_uniform_light_mixed_run3.csv to ../analysis/Data/Value_size_data/value_sizes_postgresql_arrayjson_vacuum_notfull_bigcache_run3_uniform_light_before_mixed.csv
VACUUM start: 1774633685
VACUUM end: 1774633685
=== Setting parameter values for run phase ===
Checking query plan before run phase
=== Executing the run phase with extendproportion=0 and read/update proportions=0.5 ===
Arrangement completed. Output saved to ../analysis/Data/Workload_data/postgresql_arrayjson_vacuum_notfull_bigcache_run3_uniform_light_mixed.csv
Arrangement completed. Output saved to ../analysis/Data/Workload_data/postgresql_arrayjson_vacuum_notfull_bigcache_run3_uniform_light_mixed.csv
Backing up the database started
Backing up the database finished
Arrangement completed. Output saved to ../analysis/Data/Workload_data/postgresql_arrayjson_vacuum_notfull_bigcache_run3_uniform_light_mixed.csv
Size computation started
Appending subsequent iteration 41...
Iteration 41: Appended new size values from key_sizes_postgresql_arrayjson_vacuum_notfull_bigcache_uniform_light_mixed_run3.csv to ../analysis/Data/Value_size_data/value_sizes_postgresql_arrayjson_vacuum_notfull_bigcache_run3_uniform_light_after_mixed.csv
Total size: 60592700, Field length average: 6059
Workload file fieldlength set to: 6059 (expected: 6059)
=== Executing the load phase for the comparison study ===
Comparison-load verification - Epoch:5 Run:1 TotalSize:60590000 ExpectedFieldLength:6059
Avg-run verification - Epoch:5 Run:1 Iteration:41 TotalSize:60590000 ExpectedFieldLength:6059
=== Executing the run phase with extendproportion=0 and read/update proportions=0.5 ===
Arrangement completed. Output saved to ../analysis/Data/Workload_data/postgresql_arrayjson_vacuum_notfull_bigcache_run3_uniform_light_mixed.csv
=== Setting parameter values for extend phase ===
=== Executing the extend phase with extendproportion=1 and other proportions=0 ===
Arrangement completed. Output saved to ../analysis/Data/Workload_data/postgresql_arrayjson_vacuum_notfull_bigcache_run3_uniform_light_mixed.csv
Size computation started
Extend verification - Min:55100 Max:63100 Avg:61575 (Expected avg per record: ~1000 bytes initially)
Generating histogram from key size log: key_sizes_postgresql_arrayjson_vacuum_notfull_bigcache_uniform_light_mixed_run3.csv
Histogram written to histogram.txt (BlockSize = 100)
Appending subsequent iteration 42...
Iteration 42: Appended new size values from key_sizes_postgresql_arrayjson_vacuum_notfull_bigcache_uniform_light_mixed_run3.csv to ../analysis/Data/Value_size_data/value_sizes_postgresql_arrayjson_vacuum_notfull_bigcache_run3_uniform_light_before_mixed.csv
VACUUM start: 1774634052
VACUUM end: 1774634052
=== Setting parameter values for run phase ===
Checking query plan before run phase
=== Executing the run phase with extendproportion=0 and read/update proportions=0.5 ===
Arrangement completed. Output saved to ../analysis/Data/Workload_data/postgresql_arrayjson_vacuum_notfull_bigcache_run3_uniform_light_mixed.csv
Arrangement completed. Output saved to ../analysis/Data/Workload_data/postgresql_arrayjson_vacuum_notfull_bigcache_run3_uniform_light_mixed.csv
Backing up the database started
Backing up the database finished
Arrangement completed. Output saved to ../analysis/Data/Workload_data/postgresql_arrayjson_vacuum_notfull_bigcache_run3_uniform_light_mixed.csv
Size computation started
Appending subsequent iteration 42...
Iteration 42: Appended new size values from key_sizes_postgresql_arrayjson_vacuum_notfull_bigcache_uniform_light_mixed_run3.csv to ../analysis/Data/Value_size_data/value_sizes_postgresql_arrayjson_vacuum_notfull_bigcache_run3_uniform_light_after_mixed.csv
Total size: 62024700, Field length average: 6202
Workload file fieldlength set to: 6202 (expected: 6202)
=== Executing the load phase for the comparison study ===
Comparison-load verification - Epoch:5 Run:2 TotalSize:62020000 ExpectedFieldLength:6202
Avg-run verification - Epoch:5 Run:2 Iteration:42 TotalSize:62020000 ExpectedFieldLength:6202
=== Executing the run phase with extendproportion=0 and read/update proportions=0.5 ===
Arrangement completed. Output saved to ../analysis/Data/Workload_data/postgresql_arrayjson_vacuum_notfull_bigcache_run3_uniform_light_mixed.csv
=== Setting parameter values for extend phase ===
=== Executing the extend phase with extendproportion=1 and other proportions=0 ===
Arrangement completed. Output saved to ../analysis/Data/Workload_data/postgresql_arrayjson_vacuum_notfull_bigcache_run3_uniform_light_mixed.csv
Size computation started
Extend verification - Min:56800 Max:64300 Avg:63061 (Expected avg per record: ~1000 bytes initially)
Generating histogram from key size log: key_sizes_postgresql_arrayjson_vacuum_notfull_bigcache_uniform_light_mixed_run3.csv
Histogram written to histogram.txt (BlockSize = 100)
Appending subsequent iteration 43...
Iteration 43: Appended new size values from key_sizes_postgresql_arrayjson_vacuum_notfull_bigcache_uniform_light_mixed_run3.csv to ../analysis/Data/Value_size_data/value_sizes_postgresql_arrayjson_vacuum_notfull_bigcache_run3_uniform_light_before_mixed.csv
VACUUM start: 1774634420
VACUUM end: 1774634421
=== Setting parameter values for run phase ===
Checking query plan before run phase
=== Executing the run phase with extendproportion=0 and read/update proportions=0.5 ===
Arrangement completed. Output saved to ../analysis/Data/Workload_data/postgresql_arrayjson_vacuum_notfull_bigcache_run3_uniform_light_mixed.csv
Arrangement completed. Output saved to ../analysis/Data/Workload_data/postgresql_arrayjson_vacuum_notfull_bigcache_run3_uniform_light_mixed.csv
Backing up the database started
Backing up the database finished
Arrangement completed. Output saved to ../analysis/Data/Workload_data/postgresql_arrayjson_vacuum_notfull_bigcache_run3_uniform_light_mixed.csv
Size computation started
Appending subsequent iteration 43...
Iteration 43: Appended new size values from key_sizes_postgresql_arrayjson_vacuum_notfull_bigcache_uniform_light_mixed_run3.csv to ../analysis/Data/Value_size_data/value_sizes_postgresql_arrayjson_vacuum_notfull_bigcache_run3_uniform_light_after_mixed.csv
Total size: 63564900, Field length average: 6356
Workload file fieldlength set to: 6356 (expected: 6356)
=== Executing the load phase for the comparison study ===
Comparison-load verification - Epoch:5 Run:3 TotalSize:63560000 ExpectedFieldLength:6356
Avg-run verification - Epoch:5 Run:3 Iteration:43 TotalSize:63560000 ExpectedFieldLength:6356
=== Executing the run phase with extendproportion=0 and read/update proportions=0.5 ===
Arrangement completed. Output saved to ../analysis/Data/Workload_data/postgresql_arrayjson_vacuum_notfull_bigcache_run3_uniform_light_mixed.csv
=== Setting parameter values for extend phase ===
=== Executing the extend phase with extendproportion=1 and other proportions=0 ===
Arrangement completed. Output saved to ../analysis/Data/Workload_data/postgresql_arrayjson_vacuum_notfull_bigcache_run3_uniform_light_mixed.csv
Size computation started
Extend verification - Min:52100 Max:65800 Avg:64534 (Expected avg per record: ~1000 bytes initially)
Generating histogram from key size log: key_sizes_postgresql_arrayjson_vacuum_notfull_bigcache_uniform_light_mixed_run3.csv
Histogram written to histogram.txt (BlockSize = 100)
Appending subsequent iteration 44...
Iteration 44: Appended new size values from key_sizes_postgresql_arrayjson_vacuum_notfull_bigcache_uniform_light_mixed_run3.csv to ../analysis/Data/Value_size_data/value_sizes_postgresql_arrayjson_vacuum_notfull_bigcache_run3_uniform_light_before_mixed.csv
VACUUM start: 1774634790
VACUUM end: 1774634790
=== Setting parameter values for run phase ===
Checking query plan before run phase
=== Executing the run phase with extendproportion=0 and read/update proportions=0.5 ===
Arrangement completed. Output saved to ../analysis/Data/Workload_data/postgresql_arrayjson_vacuum_notfull_bigcache_run3_uniform_light_mixed.csv
Arrangement completed. Output saved to ../analysis/Data/Workload_data/postgresql_arrayjson_vacuum_notfull_bigcache_run3_uniform_light_mixed.csv
Backing up the database started
Backing up the database finished
Arrangement completed. Output saved to ../analysis/Data/Workload_data/postgresql_arrayjson_vacuum_notfull_bigcache_run3_uniform_light_mixed.csv
Size computation started
Appending subsequent iteration 44...
Iteration 44: Appended new size values from key_sizes_postgresql_arrayjson_vacuum_notfull_bigcache_uniform_light_mixed_run3.csv to ../analysis/Data/Value_size_data/value_sizes_postgresql_arrayjson_vacuum_notfull_bigcache_run3_uniform_light_after_mixed.csv
Total size: 64808400, Field length average: 6480
Workload file fieldlength set to: 6480 (expected: 6480)
=== Executing the load phase for the comparison study ===
Comparison-load verification - Epoch:5 Run:4 TotalSize:64800000 ExpectedFieldLength:6480
Avg-run verification - Epoch:5 Run:4 Iteration:44 TotalSize:64800000 ExpectedFieldLength:6480
=== Executing the run phase with extendproportion=0 and read/update proportions=0.5 ===
Arrangement completed. Output saved to ../analysis/Data/Workload_data/postgresql_arrayjson_vacuum_notfull_bigcache_run3_uniform_light_mixed.csv
=== Setting parameter values for extend phase ===
=== Executing the extend phase with extendproportion=1 and other proportions=0 ===
Arrangement completed. Output saved to ../analysis/Data/Workload_data/postgresql_arrayjson_vacuum_notfull_bigcache_run3_uniform_light_mixed.csv
Size computation started
Extend verification - Min:59200 Max:67200 Avg:65846 (Expected avg per record: ~1000 bytes initially)
Generating histogram from key size log: key_sizes_postgresql_arrayjson_vacuum_notfull_bigcache_uniform_light_mixed_run3.csv
Histogram written to histogram.txt (BlockSize = 100)
Appending subsequent iteration 45...
Iteration 45: Appended new size values from key_sizes_postgresql_arrayjson_vacuum_notfull_bigcache_uniform_light_mixed_run3.csv to ../analysis/Data/Value_size_data/value_sizes_postgresql_arrayjson_vacuum_notfull_bigcache_run3_uniform_light_before_mixed.csv
VACUUM start: 1774635162
VACUUM end: 1774635162
=== Setting parameter values for run phase ===
Checking query plan before run phase
=== Executing the run phase with extendproportion=0 and read/update proportions=0.5 ===
Arrangement completed. Output saved to ../analysis/Data/Workload_data/postgresql_arrayjson_vacuum_notfull_bigcache_run3_uniform_light_mixed.csv
Arrangement completed. Output saved to ../analysis/Data/Workload_data/postgresql_arrayjson_vacuum_notfull_bigcache_run3_uniform_light_mixed.csv
Backing up the database started
Backing up the database finished
Arrangement completed. Output saved to ../analysis/Data/Workload_data/postgresql_arrayjson_vacuum_notfull_bigcache_run3_uniform_light_mixed.csv
Size computation started
Appending subsequent iteration 45...
Iteration 45: Appended new size values from key_sizes_postgresql_arrayjson_vacuum_notfull_bigcache_uniform_light_mixed_run3.csv to ../analysis/Data/Value_size_data/value_sizes_postgresql_arrayjson_vacuum_notfull_bigcache_run3_uniform_light_after_mixed.csv
Total size: 66336400, Field length average: 6633
Workload file fieldlength set to: 6633 (expected: 6633)
=== Executing the load phase for the comparison study ===
Comparison-load verification - Epoch:5 Run:5 TotalSize:66330000 ExpectedFieldLength:6633
Avg-run verification - Epoch:5 Run:5 Iteration:45 TotalSize:66330000 ExpectedFieldLength:6633
=== Executing the run phase with extendproportion=0 and read/update proportions=0.5 ===
Arrangement completed. Output saved to ../analysis/Data/Workload_data/postgresql_arrayjson_vacuum_notfull_bigcache_run3_uniform_light_mixed.csv
=== Setting parameter values for extend phase ===
=== Executing the extend phase with extendproportion=1 and other proportions=0 ===
Arrangement completed. Output saved to ../analysis/Data/Workload_data/postgresql_arrayjson_vacuum_notfull_bigcache_run3_uniform_light_mixed.csv
Size computation started
Extend verification - Min:59800 Max:68700 Avg:67330 (Expected avg per record: ~1000 bytes initially)
Generating histogram from key size log: key_sizes_postgresql_arrayjson_vacuum_notfull_bigcache_uniform_light_mixed_run3.csv
Histogram written to histogram.txt (BlockSize = 100)
Appending subsequent iteration 46...
Iteration 46: Appended new size values from key_sizes_postgresql_arrayjson_vacuum_notfull_bigcache_uniform_light_mixed_run3.csv to ../analysis/Data/Value_size_data/value_sizes_postgresql_arrayjson_vacuum_notfull_bigcache_run3_uniform_light_before_mixed.csv
VACUUM start: 1774635540
VACUUM end: 1774635540
=== Setting parameter values for run phase ===
Checking query plan before run phase
=== Executing the run phase with extendproportion=0 and read/update proportions=0.5 ===
Arrangement completed. Output saved to ../analysis/Data/Workload_data/postgresql_arrayjson_vacuum_notfull_bigcache_run3_uniform_light_mixed.csv
Arrangement completed. Output saved to ../analysis/Data/Workload_data/postgresql_arrayjson_vacuum_notfull_bigcache_run3_uniform_light_mixed.csv
Backing up the database started
Backing up the database finished
Arrangement completed. Output saved to ../analysis/Data/Workload_data/postgresql_arrayjson_vacuum_notfull_bigcache_run3_uniform_light_mixed.csv
Size computation started
Appending subsequent iteration 46...
Iteration 46: Appended new size values from key_sizes_postgresql_arrayjson_vacuum_notfull_bigcache_uniform_light_mixed_run3.csv to ../analysis/Data/Value_size_data/value_sizes_postgresql_arrayjson_vacuum_notfull_bigcache_run3_uniform_light_after_mixed.csv
Total size: 67731800, Field length average: 6773
Workload file fieldlength set to: 6773 (expected: 6773)
=== Executing the load phase for the comparison study ===
Comparison-load verification - Epoch:5 Run:6 TotalSize:67730000 ExpectedFieldLength:6773
Avg-run verification - Epoch:5 Run:6 Iteration:46 TotalSize:67730000 ExpectedFieldLength:6773
=== Executing the run phase with extendproportion=0 and read/update proportions=0.5 ===
Arrangement completed. Output saved to ../analysis/Data/Workload_data/postgresql_arrayjson_vacuum_notfull_bigcache_run3_uniform_light_mixed.csv
=== Setting parameter values for extend phase ===
=== Executing the extend phase with extendproportion=1 and other proportions=0 ===
Arrangement completed. Output saved to ../analysis/Data/Workload_data/postgresql_arrayjson_vacuum_notfull_bigcache_run3_uniform_light_mixed.csv
Size computation started
Extend verification - Min:62000 Max:70000 Avg:68766 (Expected avg per record: ~1000 bytes initially)
Generating histogram from key size log: key_sizes_postgresql_arrayjson_vacuum_notfull_bigcache_uniform_light_mixed_run3.csv
Histogram written to histogram.txt (BlockSize = 100)
Appending subsequent iteration 47...
Iteration 47: Appended new size values from key_sizes_postgresql_arrayjson_vacuum_notfull_bigcache_uniform_light_mixed_run3.csv to ../analysis/Data/Value_size_data/value_sizes_postgresql_arrayjson_vacuum_notfull_bigcache_run3_uniform_light_before_mixed.csv
VACUUM start: 1774635916
VACUUM end: 1774635916
=== Setting parameter values for run phase ===
Checking query plan before run phase
=== Executing the run phase with extendproportion=0 and read/update proportions=0.5 ===
Arrangement completed. Output saved to ../analysis/Data/Workload_data/postgresql_arrayjson_vacuum_notfull_bigcache_run3_uniform_light_mixed.csv
Arrangement completed. Output saved to ../analysis/Data/Workload_data/postgresql_arrayjson_vacuum_notfull_bigcache_run3_uniform_light_mixed.csv
Backing up the database started
Backing up the database finished
Arrangement completed. Output saved to ../analysis/Data/Workload_data/postgresql_arrayjson_vacuum_notfull_bigcache_run3_uniform_light_mixed.csv
Size computation started
Appending subsequent iteration 47...
Iteration 47: Appended new size values from key_sizes_postgresql_arrayjson_vacuum_notfull_bigcache_uniform_light_mixed_run3.csv to ../analysis/Data/Value_size_data/value_sizes_postgresql_arrayjson_vacuum_notfull_bigcache_run3_uniform_light_after_mixed.csv
Total size: 69209300, Field length average: 6920
Workload file fieldlength set to: 6920 (expected: 6920)
=== Executing the load phase for the comparison study ===
Comparison-load verification - Epoch:5 Run:7 TotalSize:69200000 ExpectedFieldLength:6920
Avg-run verification - Epoch:5 Run:7 Iteration:47 TotalSize:69200000 ExpectedFieldLength:6920
=== Executing the run phase with extendproportion=0 and read/update proportions=0.5 ===
Arrangement completed. Output saved to ../analysis/Data/Workload_data/postgresql_arrayjson_vacuum_notfull_bigcache_run3_uniform_light_mixed.csv
=== Setting parameter values for extend phase ===
=== Executing the extend phase with extendproportion=1 and other proportions=0 ===
Arrangement completed. Output saved to ../analysis/Data/Workload_data/postgresql_arrayjson_vacuum_notfull_bigcache_run3_uniform_light_mixed.csv
Size computation started
Extend verification - Min:62900 Max:71500 Avg:70209 (Expected avg per record: ~1000 bytes initially)
Generating histogram from key size log: key_sizes_postgresql_arrayjson_vacuum_notfull_bigcache_uniform_light_mixed_run3.csv
Histogram written to histogram.txt (BlockSize = 100)
Appending subsequent iteration 48...
Iteration 48: Appended new size values from key_sizes_postgresql_arrayjson_vacuum_notfull_bigcache_uniform_light_mixed_run3.csv to ../analysis/Data/Value_size_data/value_sizes_postgresql_arrayjson_vacuum_notfull_bigcache_run3_uniform_light_before_mixed.csv
VACUUM start: 1774636293
VACUUM end: 1774636293
=== Setting parameter values for run phase ===
Checking query plan before run phase
=== Executing the run phase with extendproportion=0 and read/update proportions=0.5 ===
Arrangement completed. Output saved to ../analysis/Data/Workload_data/postgresql_arrayjson_vacuum_notfull_bigcache_run3_uniform_light_mixed.csv
Arrangement completed. Output saved to ../analysis/Data/Workload_data/postgresql_arrayjson_vacuum_notfull_bigcache_run3_uniform_light_mixed.csv
Backing up the database started
Backing up the database finished
Arrangement completed. Output saved to ../analysis/Data/Workload_data/postgresql_arrayjson_vacuum_notfull_bigcache_run3_uniform_light_mixed.csv
Size computation started
Appending subsequent iteration 48...
Iteration 48: Appended new size values from key_sizes_postgresql_arrayjson_vacuum_notfull_bigcache_uniform_light_mixed_run3.csv to ../analysis/Data/Value_size_data/value_sizes_postgresql_arrayjson_vacuum_notfull_bigcache_run3_uniform_light_after_mixed.csv
Total size: 70670300, Field length average: 7067
Workload file fieldlength set to: 7067 (expected: 7067)
=== Executing the load phase for the comparison study ===
Comparison-load verification - Epoch:5 Run:8 TotalSize:70670000 ExpectedFieldLength:7067
Avg-run verification - Epoch:5 Run:8 Iteration:48 TotalSize:70670000 ExpectedFieldLength:7067
=== Executing the run phase with extendproportion=0 and read/update proportions=0.5 ===
Arrangement completed. Output saved to ../analysis/Data/Workload_data/postgresql_arrayjson_vacuum_notfull_bigcache_run3_uniform_light_mixed.csv
=== Setting parameter values for extend phase ===
=== Executing the extend phase with extendproportion=1 and other proportions=0 ===
Arrangement completed. Output saved to ../analysis/Data/Workload_data/postgresql_arrayjson_vacuum_notfull_bigcache_run3_uniform_light_mixed.csv
Size computation started
Extend verification - Min:63800 Max:73100 Avg:71680 (Expected avg per record: ~1000 bytes initially)
Generating histogram from key size log: key_sizes_postgresql_arrayjson_vacuum_notfull_bigcache_uniform_light_mixed_run3.csv
Histogram written to histogram.txt (BlockSize = 100)
Appending subsequent iteration 49...
Iteration 49: Appended new size values from key_sizes_postgresql_arrayjson_vacuum_notfull_bigcache_uniform_light_mixed_run3.csv to ../analysis/Data/Value_size_data/value_sizes_postgresql_arrayjson_vacuum_notfull_bigcache_run3_uniform_light_before_mixed.csv
VACUUM start: 1774636677
VACUUM end: 1774636677
=== Setting parameter values for run phase ===
Checking query plan before run phase
=== Executing the run phase with extendproportion=0 and read/update proportions=0.5 ===
Arrangement completed. Output saved to ../analysis/Data/Workload_data/postgresql_arrayjson_vacuum_notfull_bigcache_run3_uniform_light_mixed.csv
Arrangement completed. Output saved to ../analysis/Data/Workload_data/postgresql_arrayjson_vacuum_notfull_bigcache_run3_uniform_light_mixed.csv
Backing up the database started
Backing up the database finished
Arrangement completed. Output saved to ../analysis/Data/Workload_data/postgresql_arrayjson_vacuum_notfull_bigcache_run3_uniform_light_mixed.csv
Size computation started
Appending subsequent iteration 49...
Iteration 49: Appended new size values from key_sizes_postgresql_arrayjson_vacuum_notfull_bigcache_uniform_light_mixed_run3.csv to ../analysis/Data/Value_size_data/value_sizes_postgresql_arrayjson_vacuum_notfull_bigcache_run3_uniform_light_after_mixed.csv
Total size: 72121400, Field length average: 7212
Workload file fieldlength set to: 7212 (expected: 7212)
=== Executing the load phase for the comparison study ===
Comparison-load verification - Epoch:5 Run:9 TotalSize:72120000 ExpectedFieldLength:7212
Avg-run verification - Epoch:5 Run:9 Iteration:49 TotalSize:72120000 ExpectedFieldLength:7212
=== Executing the run phase with extendproportion=0 and read/update proportions=0.5 ===
Arrangement completed. Output saved to ../analysis/Data/Workload_data/postgresql_arrayjson_vacuum_notfull_bigcache_run3_uniform_light_mixed.csv
=== Setting parameter values for extend phase ===
=== Executing the extend phase with extendproportion=1 and other proportions=0 ===
Arrangement completed. Output saved to ../analysis/Data/Workload_data/postgresql_arrayjson_vacuum_notfull_bigcache_run3_uniform_light_mixed.csv
Size computation started
Extend verification - Min:65700 Max:74500 Avg:73085 (Expected avg per record: ~1000 bytes initially)
Generating histogram from key size log: key_sizes_postgresql_arrayjson_vacuum_notfull_bigcache_uniform_light_mixed_run3.csv
Histogram written to histogram.txt (BlockSize = 100)
Appending subsequent iteration 50...
Iteration 50: Appended new size values from key_sizes_postgresql_arrayjson_vacuum_notfull_bigcache_uniform_light_mixed_run3.csv to ../analysis/Data/Value_size_data/value_sizes_postgresql_arrayjson_vacuum_notfull_bigcache_run3_uniform_light_before_mixed.csv
VACUUM start: 1774637055
VACUUM end: 1774637055
=== Setting parameter values for run phase ===
Checking query plan before run phase
=== Executing the run phase with extendproportion=0 and read/update proportions=0.5 ===
Arrangement completed. Output saved to ../analysis/Data/Workload_data/postgresql_arrayjson_vacuum_notfull_bigcache_run3_uniform_light_mixed.csv
Arrangement completed. Output saved to ../analysis/Data/Workload_data/postgresql_arrayjson_vacuum_notfull_bigcache_run3_uniform_light_mixed.csv
Backing up the database started
Backing up the database finished
Arrangement completed. Output saved to ../analysis/Data/Workload_data/postgresql_arrayjson_vacuum_notfull_bigcache_run3_uniform_light_mixed.csv
Size computation started
Appending subsequent iteration 50...
Iteration 50: Appended new size values from key_sizes_postgresql_arrayjson_vacuum_notfull_bigcache_uniform_light_mixed_run3.csv to ../analysis/Data/Value_size_data/value_sizes_postgresql_arrayjson_vacuum_notfull_bigcache_run3_uniform_light_after_mixed.csv
Total size: 73567300, Field length average: 7356
Workload file fieldlength set to: 7356 (expected: 7356)
=== Executing the load phase for the comparison study ===
Comparison-load verification - Epoch:5 Run:10 TotalSize:73560000 ExpectedFieldLength:7356
Avg-run verification - Epoch:5 Run:10 Iteration:50 TotalSize:73560000 ExpectedFieldLength:7356
=== Executing the run phase with extendproportion=0 and read/update proportions=0.5 ===
Arrangement completed. Output saved to ../analysis/Data/Workload_data/postgresql_arrayjson_vacuum_notfull_bigcache_run3_uniform_light_mixed.csv
=== Setting parameter values for extend phase ===
=== Executing the extend phase with extendproportion=1 and other proportions=0 ===
Arrangement completed. Output saved to ../analysis/Data/Workload_data/postgresql_arrayjson_vacuum_notfull_bigcache_run3_uniform_light_mixed.csv
Size computation started
Extend verification - Min:66900 Max:75900 Avg:74558 (Expected avg per record: ~1000 bytes initially)
Generating histogram from key size log: key_sizes_postgresql_arrayjson_vacuum_notfull_bigcache_uniform_light_mixed_run3.csv
Histogram written to histogram.txt (BlockSize = 100)
Appending subsequent iteration 51...
Iteration 51: Appended new size values from key_sizes_postgresql_arrayjson_vacuum_notfull_bigcache_uniform_light_mixed_run3.csv to ../analysis/Data/Value_size_data/value_sizes_postgresql_arrayjson_vacuum_notfull_bigcache_run3_uniform_light_before_mixed.csv
VACUUM start: 1774637433
VACUUM end: 1774637433
=== Setting parameter values for run phase ===
Checking query plan before run phase
=== Executing the run phase with extendproportion=0 and read/update proportions=0.5 ===
Arrangement completed. Output saved to ../analysis/Data/Workload_data/postgresql_arrayjson_vacuum_notfull_bigcache_run3_uniform_light_mixed.csv
Arrangement completed. Output saved to ../analysis/Data/Workload_data/postgresql_arrayjson_vacuum_notfull_bigcache_run3_uniform_light_mixed.csv
Backing up the database started
Backing up the database finished
Arrangement completed. Output saved to ../analysis/Data/Workload_data/postgresql_arrayjson_vacuum_notfull_bigcache_run3_uniform_light_mixed.csv
Size computation started
Appending subsequent iteration 51...
Iteration 51: Appended new size values from key_sizes_postgresql_arrayjson_vacuum_notfull_bigcache_uniform_light_mixed_run3.csv to ../analysis/Data/Value_size_data/value_sizes_postgresql_arrayjson_vacuum_notfull_bigcache_run3_uniform_light_after_mixed.csv
Total size: 74775800, Field length average: 7477
Workload file fieldlength set to: 7477 (expected: 7477)
=== Executing the load phase for the comparison study ===
Comparison-load verification - Epoch:6 Run:1 TotalSize:74770000 ExpectedFieldLength:7477
Avg-run verification - Epoch:6 Run:1 Iteration:51 TotalSize:74770000 ExpectedFieldLength:7477
=== Executing the run phase with extendproportion=0 and read/update proportions=0.5 ===
Arrangement completed. Output saved to ../analysis/Data/Workload_data/postgresql_arrayjson_vacuum_notfull_bigcache_run3_uniform_light_mixed.csv
=== Setting parameter values for extend phase ===
=== Executing the extend phase with extendproportion=1 and other proportions=0 ===
Arrangement completed. Output saved to ../analysis/Data/Workload_data/postgresql_arrayjson_vacuum_notfull_bigcache_run3_uniform_light_mixed.csv
Size computation started
Extend verification - Min:67700 Max:77100 Avg:75819 (Expected avg per record: ~1000 bytes initially)
Generating histogram from key size log: key_sizes_postgresql_arrayjson_vacuum_notfull_bigcache_uniform_light_mixed_run3.csv
Histogram written to histogram.txt (BlockSize = 100)
Appending subsequent iteration 52...
Iteration 52: Appended new size values from key_sizes_postgresql_arrayjson_vacuum_notfull_bigcache_uniform_light_mixed_run3.csv to ../analysis/Data/Value_size_data/value_sizes_postgresql_arrayjson_vacuum_notfull_bigcache_run3_uniform_light_before_mixed.csv
VACUUM start: 1774637813
VACUUM end: 1774637813
=== Setting parameter values for run phase ===
Checking query plan before run phase
=== Executing the run phase with extendproportion=0 and read/update proportions=0.5 ===
Arrangement completed. Output saved to ../analysis/Data/Workload_data/postgresql_arrayjson_vacuum_notfull_bigcache_run3_uniform_light_mixed.csv
Arrangement completed. Output saved to ../analysis/Data/Workload_data/postgresql_arrayjson_vacuum_notfull_bigcache_run3_uniform_light_mixed.csv
Backing up the database started
Backing up the database finished
Arrangement completed. Output saved to ../analysis/Data/Workload_data/postgresql_arrayjson_vacuum_notfull_bigcache_run3_uniform_light_mixed.csv
Size computation started
Appending subsequent iteration 52...
Iteration 52: Appended new size values from key_sizes_postgresql_arrayjson_vacuum_notfull_bigcache_uniform_light_mixed_run3.csv to ../analysis/Data/Value_size_data/value_sizes_postgresql_arrayjson_vacuum_notfull_bigcache_run3_uniform_light_after_mixed.csv
Total size: 76271500, Field length average: 7627
Workload file fieldlength set to: 7627 (expected: 7627)
=== Executing the load phase for the comparison study ===
Comparison-load verification - Epoch:6 Run:2 TotalSize:76270000 ExpectedFieldLength:7627
Avg-run verification - Epoch:6 Run:2 Iteration:52 TotalSize:76270000 ExpectedFieldLength:7627
=== Executing the run phase with extendproportion=0 and read/update proportions=0.5 ===
Arrangement completed. Output saved to ../analysis/Data/Workload_data/postgresql_arrayjson_vacuum_notfull_bigcache_run3_uniform_light_mixed.csv
=== Setting parameter values for extend phase ===
=== Executing the extend phase with extendproportion=1 and other proportions=0 ===
Arrangement completed. Output saved to ../analysis/Data/Workload_data/postgresql_arrayjson_vacuum_notfull_bigcache_run3_uniform_light_mixed.csv
Size computation started
Extend verification - Min:69400 Max:78600 Avg:77245 (Expected avg per record: ~1000 bytes initially)
Generating histogram from key size log: key_sizes_postgresql_arrayjson_vacuum_notfull_bigcache_uniform_light_mixed_run3.csv
Histogram written to histogram.txt (BlockSize = 100)
Appending subsequent iteration 53...
Iteration 53: Appended new size values from key_sizes_postgresql_arrayjson_vacuum_notfull_bigcache_uniform_light_mixed_run3.csv to ../analysis/Data/Value_size_data/value_sizes_postgresql_arrayjson_vacuum_notfull_bigcache_run3_uniform_light_before_mixed.csv
VACUUM start: 1774638196
VACUUM end: 1774638197
=== Setting parameter values for run phase ===
Checking query plan before run phase
=== Executing the run phase with extendproportion=0 and read/update proportions=0.5 ===
Arrangement completed. Output saved to ../analysis/Data/Workload_data/postgresql_arrayjson_vacuum_notfull_bigcache_run3_uniform_light_mixed.csv
Arrangement completed. Output saved to ../analysis/Data/Workload_data/postgresql_arrayjson_vacuum_notfull_bigcache_run3_uniform_light_mixed.csv
Backing up the database started
Backing up the database finished
Arrangement completed. Output saved to ../analysis/Data/Workload_data/postgresql_arrayjson_vacuum_notfull_bigcache_run3_uniform_light_mixed.csv
Size computation started
Appending subsequent iteration 53...
Iteration 53: Appended new size values from key_sizes_postgresql_arrayjson_vacuum_notfull_bigcache_uniform_light_mixed_run3.csv to ../analysis/Data/Value_size_data/value_sizes_postgresql_arrayjson_vacuum_notfull_bigcache_run3_uniform_light_after_mixed.csv
Total size: 77717800, Field length average: 7771
Workload file fieldlength set to: 7771 (expected: 7771)
=== Executing the load phase for the comparison study ===
Comparison-load verification - Epoch:6 Run:3 TotalSize:77710000 ExpectedFieldLength:7771
Avg-run verification - Epoch:6 Run:3 Iteration:53 TotalSize:77710000 ExpectedFieldLength:7771
=== Executing the run phase with extendproportion=0 and read/update proportions=0.5 ===
Arrangement completed. Output saved to ../analysis/Data/Workload_data/postgresql_arrayjson_vacuum_notfull_bigcache_run3_uniform_light_mixed.csv
=== Setting parameter values for extend phase ===
=== Executing the extend phase with extendproportion=1 and other proportions=0 ===
Arrangement completed. Output saved to ../analysis/Data/Workload_data/postgresql_arrayjson_vacuum_notfull_bigcache_run3_uniform_light_mixed.csv
Size computation started
Extend verification - Min:70000 Max:80100 Avg:78690 (Expected avg per record: ~1000 bytes initially)
Generating histogram from key size log: key_sizes_postgresql_arrayjson_vacuum_notfull_bigcache_uniform_light_mixed_run3.csv
Histogram written to histogram.txt (BlockSize = 100)
Appending subsequent iteration 54...
Iteration 54: Appended new size values from key_sizes_postgresql_arrayjson_vacuum_notfull_bigcache_uniform_light_mixed_run3.csv to ../analysis/Data/Value_size_data/value_sizes_postgresql_arrayjson_vacuum_notfull_bigcache_run3_uniform_light_before_mixed.csv
VACUUM start: 1774638578
VACUUM end: 1774638578
=== Setting parameter values for run phase ===
Checking query plan before run phase
=== Executing the run phase with extendproportion=0 and read/update proportions=0.5 ===
Arrangement completed. Output saved to ../analysis/Data/Workload_data/postgresql_arrayjson_vacuum_notfull_bigcache_run3_uniform_light_mixed.csv
Arrangement completed. Output saved to ../analysis/Data/Workload_data/postgresql_arrayjson_vacuum_notfull_bigcache_run3_uniform_light_mixed.csv
Backing up the database started
Backing up the database finished
Arrangement completed. Output saved to ../analysis/Data/Workload_data/postgresql_arrayjson_vacuum_notfull_bigcache_run3_uniform_light_mixed.csv
Size computation started
Appending subsequent iteration 54...
Iteration 54: Appended new size values from key_sizes_postgresql_arrayjson_vacuum_notfull_bigcache_uniform_light_mixed_run3.csv to ../analysis/Data/Value_size_data/value_sizes_postgresql_arrayjson_vacuum_notfull_bigcache_run3_uniform_light_after_mixed.csv
Total size: 79104300, Field length average: 7910
Workload file fieldlength set to: 7910 (expected: 7910)
=== Executing the load phase for the comparison study ===
Comparison-load verification - Epoch:6 Run:4 TotalSize:79100000 ExpectedFieldLength:7910
Avg-run verification - Epoch:6 Run:4 Iteration:54 TotalSize:79100000 ExpectedFieldLength:7910
=== Executing the run phase with extendproportion=0 and read/update proportions=0.5 ===
Arrangement completed. Output saved to ../analysis/Data/Workload_data/postgresql_arrayjson_vacuum_notfull_bigcache_run3_uniform_light_mixed.csv
=== Setting parameter values for extend phase ===
=== Executing the extend phase with extendproportion=1 and other proportions=0 ===
Arrangement completed. Output saved to ../analysis/Data/Workload_data/postgresql_arrayjson_vacuum_notfull_bigcache_run3_uniform_light_mixed.csv
Size computation started
Extend verification - Min:71900 Max:81400 Avg:80158 (Expected avg per record: ~1000 bytes initially)
Generating histogram from key size log: key_sizes_postgresql_arrayjson_vacuum_notfull_bigcache_uniform_light_mixed_run3.csv
Histogram written to histogram.txt (BlockSize = 100)
Appending subsequent iteration 55...
Iteration 55: Appended new size values from key_sizes_postgresql_arrayjson_vacuum_notfull_bigcache_uniform_light_mixed_run3.csv to ../analysis/Data/Value_size_data/value_sizes_postgresql_arrayjson_vacuum_notfull_bigcache_run3_uniform_light_before_mixed.csv
VACUUM start: 1774638972
VACUUM end: 1774638972
=== Setting parameter values for run phase ===
Checking query plan before run phase
=== Executing the run phase with extendproportion=0 and read/update proportions=0.5 ===
Arrangement completed. Output saved to ../analysis/Data/Workload_data/postgresql_arrayjson_vacuum_notfull_bigcache_run3_uniform_light_mixed.csv
Arrangement completed. Output saved to ../analysis/Data/Workload_data/postgresql_arrayjson_vacuum_notfull_bigcache_run3_uniform_light_mixed.csv
Backing up the database started
Backing up the database finished
Arrangement completed. Output saved to ../analysis/Data/Workload_data/postgresql_arrayjson_vacuum_notfull_bigcache_run3_uniform_light_mixed.csv
Size computation started
Appending subsequent iteration 55...
Iteration 55: Appended new size values from key_sizes_postgresql_arrayjson_vacuum_notfull_bigcache_uniform_light_mixed_run3.csv to ../analysis/Data/Value_size_data/value_sizes_postgresql_arrayjson_vacuum_notfull_bigcache_run3_uniform_light_after_mixed.csv
Total size: 80617600, Field length average: 8061
Workload file fieldlength set to: 8061 (expected: 8061)
=== Executing the load phase for the comparison study ===
Comparison-load verification - Epoch:6 Run:5 TotalSize:80610000 ExpectedFieldLength:8061
Avg-run verification - Epoch:6 Run:5 Iteration:55 TotalSize:80610000 ExpectedFieldLength:8061
=== Executing the run phase with extendproportion=0 and read/update proportions=0.5 ===
Arrangement completed. Output saved to ../analysis/Data/Workload_data/postgresql_arrayjson_vacuum_notfull_bigcache_run3_uniform_light_mixed.csv
=== Setting parameter values for extend phase ===
=== Executing the extend phase with extendproportion=1 and other proportions=0 ===
Arrangement completed. Output saved to ../analysis/Data/Workload_data/postgresql_arrayjson_vacuum_notfull_bigcache_run3_uniform_light_mixed.csv
Size computation started
Extend verification - Min:73100 Max:83100 Avg:81650 (Expected avg per record: ~1000 bytes initially)
Generating histogram from key size log: key_sizes_postgresql_arrayjson_vacuum_notfull_bigcache_uniform_light_mixed_run3.csv
Histogram written to histogram.txt (BlockSize = 100)
Appending subsequent iteration 56...
Iteration 56: Appended new size values from key_sizes_postgresql_arrayjson_vacuum_notfull_bigcache_uniform_light_mixed_run3.csv to ../analysis/Data/Value_size_data/value_sizes_postgresql_arrayjson_vacuum_notfull_bigcache_run3_uniform_light_before_mixed.csv
VACUUM start: 1774639364
VACUUM end: 1774639365
=== Setting parameter values for run phase ===
Checking query plan before run phase
=== Executing the run phase with extendproportion=0 and read/update proportions=0.5 ===
Arrangement completed. Output saved to ../analysis/Data/Workload_data/postgresql_arrayjson_vacuum_notfull_bigcache_run3_uniform_light_mixed.csv
Arrangement completed. Output saved to ../analysis/Data/Workload_data/postgresql_arrayjson_vacuum_notfull_bigcache_run3_uniform_light_mixed.csv
Backing up the database started
Backing up the database finished
Arrangement completed. Output saved to ../analysis/Data/Workload_data/postgresql_arrayjson_vacuum_notfull_bigcache_run3_uniform_light_mixed.csv
Size computation started
Appending subsequent iteration 56...
Iteration 56: Appended new size values from key_sizes_postgresql_arrayjson_vacuum_notfull_bigcache_uniform_light_mixed_run3.csv to ../analysis/Data/Value_size_data/value_sizes_postgresql_arrayjson_vacuum_notfull_bigcache_run3_uniform_light_after_mixed.csv
Total size: 82041000, Field length average: 8204
Workload file fieldlength set to: 8204 (expected: 8204)
=== Executing the load phase for the comparison study ===
Comparison-load verification - Epoch:6 Run:6 TotalSize:82040000 ExpectedFieldLength:8204
Avg-run verification - Epoch:6 Run:6 Iteration:56 TotalSize:82040000 ExpectedFieldLength:8204
=== Executing the run phase with extendproportion=0 and read/update proportions=0.5 ===
Arrangement completed. Output saved to ../analysis/Data/Workload_data/postgresql_arrayjson_vacuum_notfull_bigcache_run3_uniform_light_mixed.csv
=== Setting parameter values for extend phase ===
=== Executing the extend phase with extendproportion=1 and other proportions=0 ===
Arrangement completed. Output saved to ../analysis/Data/Workload_data/postgresql_arrayjson_vacuum_notfull_bigcache_run3_uniform_light_mixed.csv
Size computation started
Extend verification - Min:74500 Max:84400 Avg:83046 (Expected avg per record: ~1000 bytes initially)
Generating histogram from key size log: key_sizes_postgresql_arrayjson_vacuum_notfull_bigcache_uniform_light_mixed_run3.csv
Histogram written to histogram.txt (BlockSize = 100)
Appending subsequent iteration 57...
Iteration 57: Appended new size values from key_sizes_postgresql_arrayjson_vacuum_notfull_bigcache_uniform_light_mixed_run3.csv to ../analysis/Data/Value_size_data/value_sizes_postgresql_arrayjson_vacuum_notfull_bigcache_run3_uniform_light_before_mixed.csv
VACUUM start: 1774639758
VACUUM end: 1774639758
=== Setting parameter values for run phase ===
Checking query plan before run phase
=== Executing the run phase with extendproportion=0 and read/update proportions=0.5 ===
Arrangement completed. Output saved to ../analysis/Data/Workload_data/postgresql_arrayjson_vacuum_notfull_bigcache_run3_uniform_light_mixed.csv
Arrangement completed. Output saved to ../analysis/Data/Workload_data/postgresql_arrayjson_vacuum_notfull_bigcache_run3_uniform_light_mixed.csv
Backing up the database started
Backing up the database finished
Arrangement completed. Output saved to ../analysis/Data/Workload_data/postgresql_arrayjson_vacuum_notfull_bigcache_run3_uniform_light_mixed.csv
Size computation started
Appending subsequent iteration 57...
Iteration 57: Appended new size values from key_sizes_postgresql_arrayjson_vacuum_notfull_bigcache_uniform_light_mixed_run3.csv to ../analysis/Data/Value_size_data/value_sizes_postgresql_arrayjson_vacuum_notfull_bigcache_run3_uniform_light_after_mixed.csv
Total size: 83506300, Field length average: 8350
Workload file fieldlength set to: 8350 (expected: 8350)
=== Executing the load phase for the comparison study ===
Comparison-load verification - Epoch:6 Run:7 TotalSize:83500000 ExpectedFieldLength:8350
Avg-run verification - Epoch:6 Run:7 Iteration:57 TotalSize:83500000 ExpectedFieldLength:8350
=== Executing the run phase with extendproportion=0 and read/update proportions=0.5 ===
Arrangement completed. Output saved to ../analysis/Data/Workload_data/postgresql_arrayjson_vacuum_notfull_bigcache_run3_uniform_light_mixed.csv
=== Setting parameter values for extend phase ===
=== Executing the extend phase with extendproportion=1 and other proportions=0 ===
Arrangement completed. Output saved to ../analysis/Data/Workload_data/postgresql_arrayjson_vacuum_notfull_bigcache_run3_uniform_light_mixed.csv
Size computation started
Extend verification - Min:75900 Max:86200 Avg:84566 (Expected avg per record: ~1000 bytes initially)
Generating histogram from key size log: key_sizes_postgresql_arrayjson_vacuum_notfull_bigcache_uniform_light_mixed_run3.csv
Histogram written to histogram.txt (BlockSize = 100)
Appending subsequent iteration 58...
Iteration 58: Appended new size values from key_sizes_postgresql_arrayjson_vacuum_notfull_bigcache_uniform_light_mixed_run3.csv to ../analysis/Data/Value_size_data/value_sizes_postgresql_arrayjson_vacuum_notfull_bigcache_run3_uniform_light_before_mixed.csv
VACUUM start: 1774640153
VACUUM end: 1774640153
=== Setting parameter values for run phase ===
Checking query plan before run phase
=== Executing the run phase with extendproportion=0 and read/update proportions=0.5 ===
Arrangement completed. Output saved to ../analysis/Data/Workload_data/postgresql_arrayjson_vacuum_notfull_bigcache_run3_uniform_light_mixed.csv
Arrangement completed. Output saved to ../analysis/Data/Workload_data/postgresql_arrayjson_vacuum_notfull_bigcache_run3_uniform_light_mixed.csv
Backing up the database started
Backing up the database finished
Arrangement completed. Output saved to ../analysis/Data/Workload_data/postgresql_arrayjson_vacuum_notfull_bigcache_run3_uniform_light_mixed.csv
Size computation started
Appending subsequent iteration 58...
Iteration 58: Appended new size values from key_sizes_postgresql_arrayjson_vacuum_notfull_bigcache_uniform_light_mixed_run3.csv to ../analysis/Data/Value_size_data/value_sizes_postgresql_arrayjson_vacuum_notfull_bigcache_run3_uniform_light_after_mixed.csv
Total size: 85004400, Field length average: 8500
Workload file fieldlength set to: 8500 (expected: 8500)
=== Executing the load phase for the comparison study ===
Comparison-load verification - Epoch:6 Run:8 TotalSize:85000000 ExpectedFieldLength:8500
Avg-run verification - Epoch:6 Run:8 Iteration:58 TotalSize:85000000 ExpectedFieldLength:8500
=== Executing the run phase with extendproportion=0 and read/update proportions=0.5 ===
Arrangement completed. Output saved to ../analysis/Data/Workload_data/postgresql_arrayjson_vacuum_notfull_bigcache_run3_uniform_light_mixed.csv
=== Setting parameter values for extend phase ===
=== Executing the extend phase with extendproportion=1 and other proportions=0 ===
Arrangement completed. Output saved to ../analysis/Data/Workload_data/postgresql_arrayjson_vacuum_notfull_bigcache_run3_uniform_light_mixed.csv
Size computation started
Extend verification - Min:77300 Max:87200 Avg:85986 (Expected avg per record: ~1000 bytes initially)
Generating histogram from key size log: key_sizes_postgresql_arrayjson_vacuum_notfull_bigcache_uniform_light_mixed_run3.csv
Histogram written to histogram.txt (BlockSize = 100)
Appending subsequent iteration 59...
Iteration 59: Appended new size values from key_sizes_postgresql_arrayjson_vacuum_notfull_bigcache_uniform_light_mixed_run3.csv to ../analysis/Data/Value_size_data/value_sizes_postgresql_arrayjson_vacuum_notfull_bigcache_run3_uniform_light_before_mixed.csv
VACUUM start: 1774640551
VACUUM end: 1774640551
=== Setting parameter values for run phase ===
Checking query plan before run phase
=== Executing the run phase with extendproportion=0 and read/update proportions=0.5 ===
Arrangement completed. Output saved to ../analysis/Data/Workload_data/postgresql_arrayjson_vacuum_notfull_bigcache_run3_uniform_light_mixed.csv
Arrangement completed. Output saved to ../analysis/Data/Workload_data/postgresql_arrayjson_vacuum_notfull_bigcache_run3_uniform_light_mixed.csv
Backing up the database started
Backing up the database finished
Arrangement completed. Output saved to ../analysis/Data/Workload_data/postgresql_arrayjson_vacuum_notfull_bigcache_run3_uniform_light_mixed.csv
Size computation started
Appending subsequent iteration 59...
Iteration 59: Appended new size values from key_sizes_postgresql_arrayjson_vacuum_notfull_bigcache_uniform_light_mixed_run3.csv to ../analysis/Data/Value_size_data/value_sizes_postgresql_arrayjson_vacuum_notfull_bigcache_run3_uniform_light_after_mixed.csv
Total size: 86431000, Field length average: 8643
Workload file fieldlength set to: 8643 (expected: 8643)
=== Executing the load phase for the comparison study ===
Comparison-load verification - Epoch:6 Run:9 TotalSize:86430000 ExpectedFieldLength:8643
Avg-run verification - Epoch:6 Run:9 Iteration:59 TotalSize:86430000 ExpectedFieldLength:8643
=== Executing the run phase with extendproportion=0 and read/update proportions=0.5 ===
Arrangement completed. Output saved to ../analysis/Data/Workload_data/postgresql_arrayjson_vacuum_notfull_bigcache_run3_uniform_light_mixed.csv
=== Setting parameter values for extend phase ===
=== Executing the extend phase with extendproportion=1 and other proportions=0 ===
Arrangement completed. Output saved to ../analysis/Data/Workload_data/postgresql_arrayjson_vacuum_notfull_bigcache_run3_uniform_light_mixed.csv
Size computation started
Extend verification - Min:78600 Max:88900 Avg:87438 (Expected avg per record: ~1000 bytes initially)
Generating histogram from key size log: key_sizes_postgresql_arrayjson_vacuum_notfull_bigcache_uniform_light_mixed_run3.csv
Histogram written to histogram.txt (BlockSize = 100)
Appending subsequent iteration 60...
Iteration 60: Appended new size values from key_sizes_postgresql_arrayjson_vacuum_notfull_bigcache_uniform_light_mixed_run3.csv to ../analysis/Data/Value_size_data/value_sizes_postgresql_arrayjson_vacuum_notfull_bigcache_run3_uniform_light_before_mixed.csv
VACUUM start: 1774640952
VACUUM end: 1774640953
=== Setting parameter values for run phase ===
Checking query plan before run phase
=== Executing the run phase with extendproportion=0 and read/update proportions=0.5 ===
Arrangement completed. Output saved to ../analysis/Data/Workload_data/postgresql_arrayjson_vacuum_notfull_bigcache_run3_uniform_light_mixed.csv
Arrangement completed. Output saved to ../analysis/Data/Workload_data/postgresql_arrayjson_vacuum_notfull_bigcache_run3_uniform_light_mixed.csv
Backing up the database started
Backing up the database finished
Arrangement completed. Output saved to ../analysis/Data/Workload_data/postgresql_arrayjson_vacuum_notfull_bigcache_run3_uniform_light_mixed.csv
Size computation started
Appending subsequent iteration 60...
Iteration 60: Appended new size values from key_sizes_postgresql_arrayjson_vacuum_notfull_bigcache_uniform_light_mixed_run3.csv to ../analysis/Data/Value_size_data/value_sizes_postgresql_arrayjson_vacuum_notfull_bigcache_run3_uniform_light_after_mixed.csv
Total size: 87736100, Field length average: 8773
Workload file fieldlength set to: 8773 (expected: 8773)
=== Executing the load phase for the comparison study ===
Comparison-load verification - Epoch:6 Run:10 TotalSize:87730000 ExpectedFieldLength:8773
Avg-run verification - Epoch:6 Run:10 Iteration:60 TotalSize:87730000 ExpectedFieldLength:8773
=== Executing the run phase with extendproportion=0 and read/update proportions=0.5 ===
Arrangement completed. Output saved to ../analysis/Data/Workload_data/postgresql_arrayjson_vacuum_notfull_bigcache_run3_uniform_light_mixed.csv
=== Setting parameter values for extend phase ===
=== Executing the extend phase with extendproportion=1 and other proportions=0 ===
Arrangement completed. Output saved to ../analysis/Data/Workload_data/postgresql_arrayjson_vacuum_notfull_bigcache_run3_uniform_light_mixed.csv
Size computation started
Extend verification - Min:79200 Max:90100 Avg:88692 (Expected avg per record: ~1000 bytes initially)
Generating histogram from key size log: key_sizes_postgresql_arrayjson_vacuum_notfull_bigcache_uniform_light_mixed_run3.csv
Histogram written to histogram.txt (BlockSize = 100)
Appending subsequent iteration 61...
Iteration 61: Appended new size values from key_sizes_postgresql_arrayjson_vacuum_notfull_bigcache_uniform_light_mixed_run3.csv to ../analysis/Data/Value_size_data/value_sizes_postgresql_arrayjson_vacuum_notfull_bigcache_run3_uniform_light_before_mixed.csv
VACUUM start: 1774641359
VACUUM end: 1774641359
=== Setting parameter values for run phase ===
Checking query plan before run phase
=== Executing the run phase with extendproportion=0 and read/update proportions=0.5 ===
Arrangement completed. Output saved to ../analysis/Data/Workload_data/postgresql_arrayjson_vacuum_notfull_bigcache_run3_uniform_light_mixed.csv
Arrangement completed. Output saved to ../analysis/Data/Workload_data/postgresql_arrayjson_vacuum_notfull_bigcache_run3_uniform_light_mixed.csv
Backing up the database started
Backing up the database finished
Arrangement completed. Output saved to ../analysis/Data/Workload_data/postgresql_arrayjson_vacuum_notfull_bigcache_run3_uniform_light_mixed.csv
Size computation started
Appending subsequent iteration 61...
Iteration 61: Appended new size values from key_sizes_postgresql_arrayjson_vacuum_notfull_bigcache_uniform_light_mixed_run3.csv to ../analysis/Data/Value_size_data/value_sizes_postgresql_arrayjson_vacuum_notfull_bigcache_run3_uniform_light_after_mixed.csv
Total size: 89139800, Field length average: 8913
Workload file fieldlength set to: 8913 (expected: 8913)
=== Executing the load phase for the comparison study ===
Comparison-load verification - Epoch:7 Run:1 TotalSize:89130000 ExpectedFieldLength:8913
Avg-run verification - Epoch:7 Run:1 Iteration:61 TotalSize:89130000 ExpectedFieldLength:8913
=== Executing the run phase with extendproportion=0 and read/update proportions=0.5 ===
Arrangement completed. Output saved to ../analysis/Data/Workload_data/postgresql_arrayjson_vacuum_notfull_bigcache_run3_uniform_light_mixed.csv
=== Setting parameter values for extend phase ===
=== Executing the extend phase with extendproportion=1 and other proportions=0 ===
Arrangement completed. Output saved to ../analysis/Data/Workload_data/postgresql_arrayjson_vacuum_notfull_bigcache_run3_uniform_light_mixed.csv
Size computation started
Extend verification - Min:80600 Max:91900 Avg:90065 (Expected avg per record: ~1000 bytes initially)
Generating histogram from key size log: key_sizes_postgresql_arrayjson_vacuum_notfull_bigcache_uniform_light_mixed_run3.csv
Histogram written to histogram.txt (BlockSize = 100)
Appending subsequent iteration 62...
Iteration 62: Appended new size values from key_sizes_postgresql_arrayjson_vacuum_notfull_bigcache_uniform_light_mixed_run3.csv to ../analysis/Data/Value_size_data/value_sizes_postgresql_arrayjson_vacuum_notfull_bigcache_run3_uniform_light_before_mixed.csv
VACUUM start: 1774641764
VACUUM end: 1774641764
=== Setting parameter values for run phase ===
Checking query plan before run phase
=== Executing the run phase with extendproportion=0 and read/update proportions=0.5 ===
Arrangement completed. Output saved to ../analysis/Data/Workload_data/postgresql_arrayjson_vacuum_notfull_bigcache_run3_uniform_light_mixed.csv
Arrangement completed. Output saved to ../analysis/Data/Workload_data/postgresql_arrayjson_vacuum_notfull_bigcache_run3_uniform_light_mixed.csv
Backing up the database started
Backing up the database finished
Arrangement completed. Output saved to ../analysis/Data/Workload_data/postgresql_arrayjson_vacuum_notfull_bigcache_run3_uniform_light_mixed.csv
Size computation started
Appending subsequent iteration 62...
Iteration 62: Appended new size values from key_sizes_postgresql_arrayjson_vacuum_notfull_bigcache_uniform_light_mixed_run3.csv to ../analysis/Data/Value_size_data/value_sizes_postgresql_arrayjson_vacuum_notfull_bigcache_run3_uniform_light_after_mixed.csv
Total size: 90496400, Field length average: 9049
Workload file fieldlength set to: 9049 (expected: 9049)
=== Executing the load phase for the comparison study ===
Comparison-load verification - Epoch:7 Run:2 TotalSize:90490000 ExpectedFieldLength:9049
Avg-run verification - Epoch:7 Run:2 Iteration:62 TotalSize:90490000 ExpectedFieldLength:9049
=== Executing the run phase with extendproportion=0 and read/update proportions=0.5 ===
Arrangement completed. Output saved to ../analysis/Data/Workload_data/postgresql_arrayjson_vacuum_notfull_bigcache_run3_uniform_light_mixed.csv
=== Setting parameter values for extend phase ===
=== Executing the extend phase with extendproportion=1 and other proportions=0 ===
Arrangement completed. Output saved to ../analysis/Data/Workload_data/postgresql_arrayjson_vacuum_notfull_bigcache_run3_uniform_light_mixed.csv
Size computation started
Extend verification - Min:81600 Max:93100 Avg:91478 (Expected avg per record: ~1000 bytes initially)
Generating histogram from key size log: key_sizes_postgresql_arrayjson_vacuum_notfull_bigcache_uniform_light_mixed_run3.csv
Histogram written to histogram.txt (BlockSize = 100)
Appending subsequent iteration 63...
Iteration 63: Appended new size values from key_sizes_postgresql_arrayjson_vacuum_notfull_bigcache_uniform_light_mixed_run3.csv to ../analysis/Data/Value_size_data/value_sizes_postgresql_arrayjson_vacuum_notfull_bigcache_run3_uniform_light_before_mixed.csv
VACUUM start: 1774642170
VACUUM end: 1774642170
=== Setting parameter values for run phase ===
Checking query plan before run phase
=== Executing the run phase with extendproportion=0 and read/update proportions=0.5 ===
Arrangement completed. Output saved to ../analysis/Data/Workload_data/postgresql_arrayjson_vacuum_notfull_bigcache_run3_uniform_light_mixed.csv
Arrangement completed. Output saved to ../analysis/Data/Workload_data/postgresql_arrayjson_vacuum_notfull_bigcache_run3_uniform_light_mixed.csv
Backing up the database started
Backing up the database finished
Arrangement completed. Output saved to ../analysis/Data/Workload_data/postgresql_arrayjson_vacuum_notfull_bigcache_run3_uniform_light_mixed.csv
Size computation started
Appending subsequent iteration 63...
Iteration 63: Appended new size values from key_sizes_postgresql_arrayjson_vacuum_notfull_bigcache_uniform_light_mixed_run3.csv to ../analysis/Data/Value_size_data/value_sizes_postgresql_arrayjson_vacuum_notfull_bigcache_run3_uniform_light_after_mixed.csv
Total size: 91916700, Field length average: 9191
Workload file fieldlength set to: 9191 (expected: 9191)
=== Executing the load phase for the comparison study ===
Comparison-load verification - Epoch:7 Run:3 TotalSize:91910000 ExpectedFieldLength:9191
Avg-run verification - Epoch:7 Run:3 Iteration:63 TotalSize:91910000 ExpectedFieldLength:9191
=== Executing the run phase with extendproportion=0 and read/update proportions=0.5 ===
Arrangement completed. Output saved to ../analysis/Data/Workload_data/postgresql_arrayjson_vacuum_notfull_bigcache_run3_uniform_light_mixed.csv
=== Setting parameter values for extend phase ===
=== Executing the extend phase with extendproportion=1 and other proportions=0 ===
Arrangement completed. Output saved to ../analysis/Data/Workload_data/postgresql_arrayjson_vacuum_notfull_bigcache_run3_uniform_light_mixed.csv
Size computation started
Extend verification - Min:83500 Max:94400 Avg:92896 (Expected avg per record: ~1000 bytes initially)
Generating histogram from key size log: key_sizes_postgresql_arrayjson_vacuum_notfull_bigcache_uniform_light_mixed_run3.csv
Histogram written to histogram.txt (BlockSize = 100)
Appending subsequent iteration 64...
Iteration 64: Appended new size values from key_sizes_postgresql_arrayjson_vacuum_notfull_bigcache_uniform_light_mixed_run3.csv to ../analysis/Data/Value_size_data/value_sizes_postgresql_arrayjson_vacuum_notfull_bigcache_run3_uniform_light_before_mixed.csv
VACUUM start: 1774642581
VACUUM end: 1774642582
=== Setting parameter values for run phase ===
Checking query plan before run phase
=== Executing the run phase with extendproportion=0 and read/update proportions=0.5 ===
Arrangement completed. Output saved to ../analysis/Data/Workload_data/postgresql_arrayjson_vacuum_notfull_bigcache_run3_uniform_light_mixed.csv
Arrangement completed. Output saved to ../analysis/Data/Workload_data/postgresql_arrayjson_vacuum_notfull_bigcache_run3_uniform_light_mixed.csv
Backing up the database started
Backing up the database finished
Arrangement completed. Output saved to ../analysis/Data/Workload_data/postgresql_arrayjson_vacuum_notfull_bigcache_run3_uniform_light_mixed.csv
Size computation started
Appending subsequent iteration 64...
Iteration 64: Appended new size values from key_sizes_postgresql_arrayjson_vacuum_notfull_bigcache_uniform_light_mixed_run3.csv to ../analysis/Data/Value_size_data/value_sizes_postgresql_arrayjson_vacuum_notfull_bigcache_run3_uniform_light_after_mixed.csv
Total size: 93348100, Field length average: 9334
Workload file fieldlength set to: 9334 (expected: 9334)
=== Executing the load phase for the comparison study ===
Comparison-load verification - Epoch:7 Run:4 TotalSize:93340000 ExpectedFieldLength:9334
Avg-run verification - Epoch:7 Run:4 Iteration:64 TotalSize:93340000 ExpectedFieldLength:9334
=== Executing the run phase with extendproportion=0 and read/update proportions=0.5 ===
Arrangement completed. Output saved to ../analysis/Data/Workload_data/postgresql_arrayjson_vacuum_notfull_bigcache_run3_uniform_light_mixed.csv
=== Setting parameter values for extend phase ===
=== Executing the extend phase with extendproportion=1 and other proportions=0 ===
Arrangement completed. Output saved to ../analysis/Data/Workload_data/postgresql_arrayjson_vacuum_notfull_bigcache_run3_uniform_light_mixed.csv
Size computation started
Extend verification - Min:84700 Max:95800 Avg:94339 (Expected avg per record: ~1000 bytes initially)
Generating histogram from key size log: key_sizes_postgresql_arrayjson_vacuum_notfull_bigcache_uniform_light_mixed_run3.csv
Histogram written to histogram.txt (BlockSize = 100)
Appending subsequent iteration 65...
Iteration 65: Appended new size values from key_sizes_postgresql_arrayjson_vacuum_notfull_bigcache_uniform_light_mixed_run3.csv to ../analysis/Data/Value_size_data/value_sizes_postgresql_arrayjson_vacuum_notfull_bigcache_run3_uniform_light_before_mixed.csv
VACUUM start: 1774642993
VACUUM end: 1774642993
=== Setting parameter values for run phase ===
Checking query plan before run phase
=== Executing the run phase with extendproportion=0 and read/update proportions=0.5 ===
Arrangement completed. Output saved to ../analysis/Data/Workload_data/postgresql_arrayjson_vacuum_notfull_bigcache_run3_uniform_light_mixed.csv
Arrangement completed. Output saved to ../analysis/Data/Workload_data/postgresql_arrayjson_vacuum_notfull_bigcache_run3_uniform_light_mixed.csv
Backing up the database started
Backing up the database finished
Arrangement completed. Output saved to ../analysis/Data/Workload_data/postgresql_arrayjson_vacuum_notfull_bigcache_run3_uniform_light_mixed.csv
Size computation started
Appending subsequent iteration 65...
Iteration 65: Appended new size values from key_sizes_postgresql_arrayjson_vacuum_notfull_bigcache_uniform_light_mixed_run3.csv to ../analysis/Data/Value_size_data/value_sizes_postgresql_arrayjson_vacuum_notfull_bigcache_run3_uniform_light_after_mixed.csv
Total size: 94614300, Field length average: 9461
Workload file fieldlength set to: 9461 (expected: 9461)
=== Executing the load phase for the comparison study ===
Comparison-load verification - Epoch:7 Run:5 TotalSize:94610000 ExpectedFieldLength:9461
Avg-run verification - Epoch:7 Run:5 Iteration:65 TotalSize:94610000 ExpectedFieldLength:9461
=== Executing the run phase with extendproportion=0 and read/update proportions=0.5 ===
Arrangement completed. Output saved to ../analysis/Data/Workload_data/postgresql_arrayjson_vacuum_notfull_bigcache_run3_uniform_light_mixed.csv
=== Setting parameter values for extend phase ===
=== Executing the extend phase with extendproportion=1 and other proportions=0 ===
Arrangement completed. Output saved to ../analysis/Data/Workload_data/postgresql_arrayjson_vacuum_notfull_bigcache_run3_uniform_light_mixed.csv
Size computation started
Extend verification - Min:85400 Max:97000 Avg:95662 (Expected avg per record: ~1000 bytes initially)
Generating histogram from key size log: key_sizes_postgresql_arrayjson_vacuum_notfull_bigcache_uniform_light_mixed_run3.csv
Histogram written to histogram.txt (BlockSize = 100)
Appending subsequent iteration 66...
Iteration 66: Appended new size values from key_sizes_postgresql_arrayjson_vacuum_notfull_bigcache_uniform_light_mixed_run3.csv to ../analysis/Data/Value_size_data/value_sizes_postgresql_arrayjson_vacuum_notfull_bigcache_run3_uniform_light_before_mixed.csv
VACUUM start: 1774643413
VACUUM end: 1774643413
=== Setting parameter values for run phase ===
Checking query plan before run phase
=== Executing the run phase with extendproportion=0 and read/update proportions=0.5 ===
Arrangement completed. Output saved to ../analysis/Data/Workload_data/postgresql_arrayjson_vacuum_notfull_bigcache_run3_uniform_light_mixed.csv
Arrangement completed. Output saved to ../analysis/Data/Workload_data/postgresql_arrayjson_vacuum_notfull_bigcache_run3_uniform_light_mixed.csv
Backing up the database started
Backing up the database finished
Arrangement completed. Output saved to ../analysis/Data/Workload_data/postgresql_arrayjson_vacuum_notfull_bigcache_run3_uniform_light_mixed.csv
Size computation started
Appending subsequent iteration 66...
Iteration 66: Appended new size values from key_sizes_postgresql_arrayjson_vacuum_notfull_bigcache_uniform_light_mixed_run3.csv to ../analysis/Data/Value_size_data/value_sizes_postgresql_arrayjson_vacuum_notfull_bigcache_run3_uniform_light_after_mixed.csv
Total size: 96058700, Field length average: 9605
Workload file fieldlength set to: 9605 (expected: 9605)
=== Executing the load phase for the comparison study ===
Comparison-load verification - Epoch:7 Run:6 TotalSize:96050000 ExpectedFieldLength:9605
Avg-run verification - Epoch:7 Run:6 Iteration:66 TotalSize:96050000 ExpectedFieldLength:9605
=== Executing the run phase with extendproportion=0 and read/update proportions=0.5 ===
Arrangement completed. Output saved to ../analysis/Data/Workload_data/postgresql_arrayjson_vacuum_notfull_bigcache_run3_uniform_light_mixed.csv
=== Setting parameter values for extend phase ===
=== Executing the extend phase with extendproportion=1 and other proportions=0 ===
Arrangement completed. Output saved to ../analysis/Data/Workload_data/postgresql_arrayjson_vacuum_notfull_bigcache_run3_uniform_light_mixed.csv
Size computation started
Extend verification - Min:87300 Max:98400 Avg:97112 (Expected avg per record: ~1000 bytes initially)
Generating histogram from key size log: key_sizes_postgresql_arrayjson_vacuum_notfull_bigcache_uniform_light_mixed_run3.csv
Histogram written to histogram.txt (BlockSize = 100)
Appending subsequent iteration 67...
Iteration 67: Appended new size values from key_sizes_postgresql_arrayjson_vacuum_notfull_bigcache_uniform_light_mixed_run3.csv to ../analysis/Data/Value_size_data/value_sizes_postgresql_arrayjson_vacuum_notfull_bigcache_run3_uniform_light_before_mixed.csv
VACUUM start: 1774643831
VACUUM end: 1774643831
=== Setting parameter values for run phase ===
Checking query plan before run phase
=== Executing the run phase with extendproportion=0 and read/update proportions=0.5 ===
Arrangement completed. Output saved to ../analysis/Data/Workload_data/postgresql_arrayjson_vacuum_notfull_bigcache_run3_uniform_light_mixed.csv
Arrangement completed. Output saved to ../analysis/Data/Workload_data/postgresql_arrayjson_vacuum_notfull_bigcache_run3_uniform_light_mixed.csv
Backing up the database started
Backing up the database finished
Arrangement completed. Output saved to ../analysis/Data/Workload_data/postgresql_arrayjson_vacuum_notfull_bigcache_run3_uniform_light_mixed.csv
Size computation started
Appending subsequent iteration 67...
Iteration 67: Appended new size values from key_sizes_postgresql_arrayjson_vacuum_notfull_bigcache_uniform_light_mixed_run3.csv to ../analysis/Data/Value_size_data/value_sizes_postgresql_arrayjson_vacuum_notfull_bigcache_run3_uniform_light_after_mixed.csv
Total size: 97545600, Field length average: 9754
Workload file fieldlength set to: 9754 (expected: 9754)
=== Executing the load phase for the comparison study ===
Comparison-load verification - Epoch:7 Run:7 TotalSize:97540000 ExpectedFieldLength:9754
Avg-run verification - Epoch:7 Run:7 Iteration:67 TotalSize:97540000 ExpectedFieldLength:9754
=== Executing the run phase with extendproportion=0 and read/update proportions=0.5 ===
Arrangement completed. Output saved to ../analysis/Data/Workload_data/postgresql_arrayjson_vacuum_notfull_bigcache_run3_uniform_light_mixed.csv
=== Setting parameter values for extend phase ===
=== Executing the extend phase with extendproportion=1 and other proportions=0 ===
Arrangement completed. Output saved to ../analysis/Data/Workload_data/postgresql_arrayjson_vacuum_notfull_bigcache_run3_uniform_light_mixed.csv
Size computation started
Extend verification - Min:87700 Max:100000 Avg:98539 (Expected avg per record: ~1000 bytes initially)
Generating histogram from key size log: key_sizes_postgresql_arrayjson_vacuum_notfull_bigcache_uniform_light_mixed_run3.csv
Histogram written to histogram.txt (BlockSize = 100)
Appending subsequent iteration 68...
Iteration 68: Appended new size values from key_sizes_postgresql_arrayjson_vacuum_notfull_bigcache_uniform_light_mixed_run3.csv to ../analysis/Data/Value_size_data/value_sizes_postgresql_arrayjson_vacuum_notfull_bigcache_run3_uniform_light_before_mixed.csv
VACUUM start: 1774644248
VACUUM end: 1774644248
=== Setting parameter values for run phase ===
Checking query plan before run phase
=== Executing the run phase with extendproportion=0 and read/update proportions=0.5 ===
Arrangement completed. Output saved to ../analysis/Data/Workload_data/postgresql_arrayjson_vacuum_notfull_bigcache_run3_uniform_light_mixed.csv
Arrangement completed. Output saved to ../analysis/Data/Workload_data/postgresql_arrayjson_vacuum_notfull_bigcache_run3_uniform_light_mixed.csv
Backing up the database started
Backing up the database finished
Arrangement completed. Output saved to ../analysis/Data/Workload_data/postgresql_arrayjson_vacuum_notfull_bigcache_run3_uniform_light_mixed.csv
Size computation started
Appending subsequent iteration 68...
Iteration 68: Appended new size values from key_sizes_postgresql_arrayjson_vacuum_notfull_bigcache_uniform_light_mixed_run3.csv to ../analysis/Data/Value_size_data/value_sizes_postgresql_arrayjson_vacuum_notfull_bigcache_run3_uniform_light_after_mixed.csv
Total size: 98968900, Field length average: 9896
Workload file fieldlength set to: 9896 (expected: 9896)
=== Executing the load phase for the comparison study ===
Comparison-load verification - Epoch:7 Run:8 TotalSize:98960000 ExpectedFieldLength:9896
Avg-run verification - Epoch:7 Run:8 Iteration:68 TotalSize:98960000 ExpectedFieldLength:9896
=== Executing the run phase with extendproportion=0 and read/update proportions=0.5 ===
Arrangement completed. Output saved to ../analysis/Data/Workload_data/postgresql_arrayjson_vacuum_notfull_bigcache_run3_uniform_light_mixed.csv
=== Setting parameter values for extend phase ===
=== Executing the extend phase with extendproportion=1 and other proportions=0 ===
Arrangement completed. Output saved to ../analysis/Data/Workload_data/postgresql_arrayjson_vacuum_notfull_bigcache_run3_uniform_light_mixed.csv
Size computation started
Extend verification - Min:89200 Max:101600 Avg:99970 (Expected avg per record: ~1000 bytes initially)
Generating histogram from key size log: key_sizes_postgresql_arrayjson_vacuum_notfull_bigcache_uniform_light_mixed_run3.csv
Histogram written to histogram.txt (BlockSize = 100)
Appending subsequent iteration 69...
Iteration 69: Appended new size values from key_sizes_postgresql_arrayjson_vacuum_notfull_bigcache_uniform_light_mixed_run3.csv to ../analysis/Data/Value_size_data/value_sizes_postgresql_arrayjson_vacuum_notfull_bigcache_run3_uniform_light_before_mixed.csv
VACUUM start: 1774644671
VACUUM end: 1774644672
=== Setting parameter values for run phase ===
Checking query plan before run phase
=== Executing the run phase with extendproportion=0 and read/update proportions=0.5 ===
Arrangement completed. Output saved to ../analysis/Data/Workload_data/postgresql_arrayjson_vacuum_notfull_bigcache_run3_uniform_light_mixed.csv
Arrangement completed. Output saved to ../analysis/Data/Workload_data/postgresql_arrayjson_vacuum_notfull_bigcache_run3_uniform_light_mixed.csv
Backing up the database started
Backing up the database finished
Arrangement completed. Output saved to ../analysis/Data/Workload_data/postgresql_arrayjson_vacuum_notfull_bigcache_run3_uniform_light_mixed.csv
Size computation started
Appending subsequent iteration 69...
Iteration 69: Appended new size values from key_sizes_postgresql_arrayjson_vacuum_notfull_bigcache_uniform_light_mixed_run3.csv to ../analysis/Data/Value_size_data/value_sizes_postgresql_arrayjson_vacuum_notfull_bigcache_run3_uniform_light_after_mixed.csv
Total size: 100369700, Field length average: 10036
Workload file fieldlength set to: 10036 (expected: 10036)
=== Executing the load phase for the comparison study ===
Comparison-load verification - Epoch:7 Run:9 TotalSize:100360000 ExpectedFieldLength:10036
Avg-run verification - Epoch:7 Run:9 Iteration:69 TotalSize:100360000 ExpectedFieldLength:10036
=== Executing the run phase with extendproportion=0 and read/update proportions=0.5 ===
Arrangement completed. Output saved to ../analysis/Data/Workload_data/postgresql_arrayjson_vacuum_notfull_bigcache_run3_uniform_light_mixed.csv
=== Setting parameter values for extend phase ===
=== Executing the extend phase with extendproportion=1 and other proportions=0 ===
Arrangement completed. Output saved to ../analysis/Data/Workload_data/postgresql_arrayjson_vacuum_notfull_bigcache_run3_uniform_light_mixed.csv
Size computation started
Extend verification - Min:91400 Max:103100 Avg:101483 (Expected avg per record: ~1000 bytes initially)
Generating histogram from key size log: key_sizes_postgresql_arrayjson_vacuum_notfull_bigcache_uniform_light_mixed_run3.csv
Histogram written to histogram.txt (BlockSize = 100)
Appending subsequent iteration 70...
Iteration 70: Appended new size values from key_sizes_postgresql_arrayjson_vacuum_notfull_bigcache_uniform_light_mixed_run3.csv to ../analysis/Data/Value_size_data/value_sizes_postgresql_arrayjson_vacuum_notfull_bigcache_run3_uniform_light_before_mixed.csv
VACUUM start: 1774645095
VACUUM end: 1774645095
=== Setting parameter values for run phase ===
Checking query plan before run phase
=== Executing the run phase with extendproportion=0 and read/update proportions=0.5 ===
Arrangement completed. Output saved to ../analysis/Data/Workload_data/postgresql_arrayjson_vacuum_notfull_bigcache_run3_uniform_light_mixed.csv
Arrangement completed. Output saved to ../analysis/Data/Workload_data/postgresql_arrayjson_vacuum_notfull_bigcache_run3_uniform_light_mixed.csv
Backing up the database started
Backing up the database finished
Arrangement completed. Output saved to ../analysis/Data/Workload_data/postgresql_arrayjson_vacuum_notfull_bigcache_run3_uniform_light_mixed.csv
Size computation started
Appending subsequent iteration 70...
Iteration 70: Appended new size values from key_sizes_postgresql_arrayjson_vacuum_notfull_bigcache_uniform_light_mixed_run3.csv to ../analysis/Data/Value_size_data/value_sizes_postgresql_arrayjson_vacuum_notfull_bigcache_run3_uniform_light_after_mixed.csv
Total size: 101949400, Field length average: 10194
Workload file fieldlength set to: 10194 (expected: 10194)
=== Executing the load phase for the comparison study ===
Comparison-load verification - Epoch:7 Run:10 TotalSize:101940000 ExpectedFieldLength:10194
Avg-run verification - Epoch:7 Run:10 Iteration:70 TotalSize:101940000 ExpectedFieldLength:10194
=== Executing the run phase with extendproportion=0 and read/update proportions=0.5 ===
Arrangement completed. Output saved to ../analysis/Data/Workload_data/postgresql_arrayjson_vacuum_notfull_bigcache_run3_uniform_light_mixed.csv
=== Setting parameter values for extend phase ===
=== Executing the extend phase with extendproportion=1 and other proportions=0 ===
Arrangement completed. Output saved to ../analysis/Data/Workload_data/postgresql_arrayjson_vacuum_notfull_bigcache_run3_uniform_light_mixed.csv
Size computation started
Extend verification - Min:92400 Max:104400 Avg:102877 (Expected avg per record: ~1000 bytes initially)
Generating histogram from key size log: key_sizes_postgresql_arrayjson_vacuum_notfull_bigcache_uniform_light_mixed_run3.csv
Histogram written to histogram.txt (BlockSize = 100)
Appending subsequent iteration 71...
Iteration 71: Appended new size values from key_sizes_postgresql_arrayjson_vacuum_notfull_bigcache_uniform_light_mixed_run3.csv to ../analysis/Data/Value_size_data/value_sizes_postgresql_arrayjson_vacuum_notfull_bigcache_run3_uniform_light_before_mixed.csv
VACUUM start: 1774645518
VACUUM end: 1774645518
=== Setting parameter values for run phase ===
Checking query plan before run phase
=== Executing the run phase with extendproportion=0 and read/update proportions=0.5 ===
Arrangement completed. Output saved to ../analysis/Data/Workload_data/postgresql_arrayjson_vacuum_notfull_bigcache_run3_uniform_light_mixed.csv
Arrangement completed. Output saved to ../analysis/Data/Workload_data/postgresql_arrayjson_vacuum_notfull_bigcache_run3_uniform_light_mixed.csv
Backing up the database started
Backing up the database finished
Arrangement completed. Output saved to ../analysis/Data/Workload_data/postgresql_arrayjson_vacuum_notfull_bigcache_run3_uniform_light_mixed.csv
Size computation started
Appending subsequent iteration 71...
Iteration 71: Appended new size values from key_sizes_postgresql_arrayjson_vacuum_notfull_bigcache_uniform_light_mixed_run3.csv to ../analysis/Data/Value_size_data/value_sizes_postgresql_arrayjson_vacuum_notfull_bigcache_run3_uniform_light_after_mixed.csv
Total size: 103365700, Field length average: 10336
Workload file fieldlength set to: 10336 (expected: 10336)
=== Executing the load phase for the comparison study ===
Comparison-load verification - Epoch:8 Run:1 TotalSize:103360000 ExpectedFieldLength:10336
Avg-run verification - Epoch:8 Run:1 Iteration:71 TotalSize:103360000 ExpectedFieldLength:10336
=== Executing the run phase with extendproportion=0 and read/update proportions=0.5 ===
Arrangement completed. Output saved to ../analysis/Data/Workload_data/postgresql_arrayjson_vacuum_notfull_bigcache_run3_uniform_light_mixed.csv
=== Setting parameter values for extend phase ===
=== Executing the extend phase with extendproportion=1 and other proportions=0 ===
Arrangement completed. Output saved to ../analysis/Data/Workload_data/postgresql_arrayjson_vacuum_notfull_bigcache_run3_uniform_light_mixed.csv
Size computation started
Extend verification - Min:94300 Max:105800 Avg:104363 (Expected avg per record: ~1000 bytes initially)
Generating histogram from key size log: key_sizes_postgresql_arrayjson_vacuum_notfull_bigcache_uniform_light_mixed_run3.csv
Histogram written to histogram.txt (BlockSize = 100)
Appending subsequent iteration 72...
Iteration 72: Appended new size values from key_sizes_postgresql_arrayjson_vacuum_notfull_bigcache_uniform_light_mixed_run3.csv to ../analysis/Data/Value_size_data/value_sizes_postgresql_arrayjson_vacuum_notfull_bigcache_run3_uniform_light_before_mixed.csv
VACUUM start: 1774645942
VACUUM end: 1774645942
=== Setting parameter values for run phase ===
Checking query plan before run phase
=== Executing the run phase with extendproportion=0 and read/update proportions=0.5 ===
Arrangement completed. Output saved to ../analysis/Data/Workload_data/postgresql_arrayjson_vacuum_notfull_bigcache_run3_uniform_light_mixed.csv
Arrangement completed. Output saved to ../analysis/Data/Workload_data/postgresql_arrayjson_vacuum_notfull_bigcache_run3_uniform_light_mixed.csv
Backing up the database started
Backing up the database finished
Arrangement completed. Output saved to ../analysis/Data/Workload_data/postgresql_arrayjson_vacuum_notfull_bigcache_run3_uniform_light_mixed.csv
Size computation started
Appending subsequent iteration 72...
Iteration 72: Appended new size values from key_sizes_postgresql_arrayjson_vacuum_notfull_bigcache_uniform_light_mixed_run3.csv to ../analysis/Data/Value_size_data/value_sizes_postgresql_arrayjson_vacuum_notfull_bigcache_run3_uniform_light_after_mixed.csv
Total size: 104747600, Field length average: 10474
Workload file fieldlength set to: 10474 (expected: 10474)
=== Executing the load phase for the comparison study ===
Comparison-load verification - Epoch:8 Run:2 TotalSize:104740000 ExpectedFieldLength:10474
Avg-run verification - Epoch:8 Run:2 Iteration:72 TotalSize:104740000 ExpectedFieldLength:10474
=== Executing the run phase with extendproportion=0 and read/update proportions=0.5 ===
Arrangement completed. Output saved to ../analysis/Data/Workload_data/postgresql_arrayjson_vacuum_notfull_bigcache_run3_uniform_light_mixed.csv
=== Setting parameter values for extend phase ===
=== Executing the extend phase with extendproportion=1 and other proportions=0 ===
Arrangement completed. Output saved to ../analysis/Data/Workload_data/postgresql_arrayjson_vacuum_notfull_bigcache_run3_uniform_light_mixed.csv
Size computation started
Extend verification - Min:95000 Max:107100 Avg:105706 (Expected avg per record: ~1000 bytes initially)
Generating histogram from key size log: key_sizes_postgresql_arrayjson_vacuum_notfull_bigcache_uniform_light_mixed_run3.csv
Histogram written to histogram.txt (BlockSize = 100)
Appending subsequent iteration 73...
Iteration 73: Appended new size values from key_sizes_postgresql_arrayjson_vacuum_notfull_bigcache_uniform_light_mixed_run3.csv to ../analysis/Data/Value_size_data/value_sizes_postgresql_arrayjson_vacuum_notfull_bigcache_run3_uniform_light_before_mixed.csv
VACUUM start: 1774646370
VACUUM end: 1774646370
=== Setting parameter values for run phase ===
Checking query plan before run phase
=== Executing the run phase with extendproportion=0 and read/update proportions=0.5 ===
Arrangement completed. Output saved to ../analysis/Data/Workload_data/postgresql_arrayjson_vacuum_notfull_bigcache_run3_uniform_light_mixed.csv
Arrangement completed. Output saved to ../analysis/Data/Workload_data/postgresql_arrayjson_vacuum_notfull_bigcache_run3_uniform_light_mixed.csv
Backing up the database started
Backing up the database finished
Arrangement completed. Output saved to ../analysis/Data/Workload_data/postgresql_arrayjson_vacuum_notfull_bigcache_run3_uniform_light_mixed.csv
Size computation started
Appending subsequent iteration 73...
Iteration 73: Appended new size values from key_sizes_postgresql_arrayjson_vacuum_notfull_bigcache_uniform_light_mixed_run3.csv to ../analysis/Data/Value_size_data/value_sizes_postgresql_arrayjson_vacuum_notfull_bigcache_run3_uniform_light_after_mixed.csv
Total size: 106094900, Field length average: 10609
Workload file fieldlength set to: 10609 (expected: 10609)
=== Executing the load phase for the comparison study ===
Comparison-load verification - Epoch:8 Run:3 TotalSize:106090000 ExpectedFieldLength:10609
Avg-run verification - Epoch:8 Run:3 Iteration:73 TotalSize:106090000 ExpectedFieldLength:10609
=== Executing the run phase with extendproportion=0 and read/update proportions=0.5 ===
Arrangement completed. Output saved to ../analysis/Data/Workload_data/postgresql_arrayjson_vacuum_notfull_bigcache_run3_uniform_light_mixed.csv
=== Setting parameter values for extend phase ===
=== Executing the extend phase with extendproportion=1 and other proportions=0 ===
Arrangement completed. Output saved to ../analysis/Data/Workload_data/postgresql_arrayjson_vacuum_notfull_bigcache_run3_uniform_light_mixed.csv
Size computation started
Extend verification - Min:96100 Max:108400 Avg:107092 (Expected avg per record: ~1000 bytes initially)
Generating histogram from key size log: key_sizes_postgresql_arrayjson_vacuum_notfull_bigcache_uniform_light_mixed_run3.csv
Histogram written to histogram.txt (BlockSize = 100)
Appending subsequent iteration 74...
Iteration 74: Appended new size values from key_sizes_postgresql_arrayjson_vacuum_notfull_bigcache_uniform_light_mixed_run3.csv to ../analysis/Data/Value_size_data/value_sizes_postgresql_arrayjson_vacuum_notfull_bigcache_run3_uniform_light_before_mixed.csv
VACUUM start: 1774646792
VACUUM end: 1774646792
=== Setting parameter values for run phase ===
Checking query plan before run phase
=== Executing the run phase with extendproportion=0 and read/update proportions=0.5 ===
Arrangement completed. Output saved to ../analysis/Data/Workload_data/postgresql_arrayjson_vacuum_notfull_bigcache_run3_uniform_light_mixed.csv
Arrangement completed. Output saved to ../analysis/Data/Workload_data/postgresql_arrayjson_vacuum_notfull_bigcache_run3_uniform_light_mixed.csv
Backing up the database started
Backing up the database finished
Arrangement completed. Output saved to ../analysis/Data/Workload_data/postgresql_arrayjson_vacuum_notfull_bigcache_run3_uniform_light_mixed.csv
Size computation started
Appending subsequent iteration 74...
Iteration 74: Appended new size values from key_sizes_postgresql_arrayjson_vacuum_notfull_bigcache_uniform_light_mixed_run3.csv to ../analysis/Data/Value_size_data/value_sizes_postgresql_arrayjson_vacuum_notfull_bigcache_run3_uniform_light_after_mixed.csv
Total size: 107508000, Field length average: 10750
Workload file fieldlength set to: 10750 (expected: 10750)
=== Executing the load phase for the comparison study ===
Comparison-load verification - Epoch:8 Run:4 TotalSize:107500000 ExpectedFieldLength:10750
Avg-run verification - Epoch:8 Run:4 Iteration:74 TotalSize:107500000 ExpectedFieldLength:10750
=== Executing the run phase with extendproportion=0 and read/update proportions=0.5 ===
Arrangement completed. Output saved to ../analysis/Data/Workload_data/postgresql_arrayjson_vacuum_notfull_bigcache_run3_uniform_light_mixed.csv
=== Setting parameter values for extend phase ===
=== Executing the extend phase with extendproportion=1 and other proportions=0 ===
Arrangement completed. Output saved to ../analysis/Data/Workload_data/postgresql_arrayjson_vacuum_notfull_bigcache_run3_uniform_light_mixed.csv
Size computation started
Extend verification - Min:97000 Max:110200 Avg:108479 (Expected avg per record: ~1000 bytes initially)
Generating histogram from key size log: key_sizes_postgresql_arrayjson_vacuum_notfull_bigcache_uniform_light_mixed_run3.csv
Histogram written to histogram.txt (BlockSize = 100)
Appending subsequent iteration 75...
Iteration 75: Appended new size values from key_sizes_postgresql_arrayjson_vacuum_notfull_bigcache_uniform_light_mixed_run3.csv to ../analysis/Data/Value_size_data/value_sizes_postgresql_arrayjson_vacuum_notfull_bigcache_run3_uniform_light_before_mixed.csv
VACUUM start: 1774647215
VACUUM end: 1774647215
=== Setting parameter values for run phase ===
Checking query plan before run phase
=== Executing the run phase with extendproportion=0 and read/update proportions=0.5 ===
Arrangement completed. Output saved to ../analysis/Data/Workload_data/postgresql_arrayjson_vacuum_notfull_bigcache_run3_uniform_light_mixed.csv
Arrangement completed. Output saved to ../analysis/Data/Workload_data/postgresql_arrayjson_vacuum_notfull_bigcache_run3_uniform_light_mixed.csv
Backing up the database started
Backing up the database finished
Arrangement completed. Output saved to ../analysis/Data/Workload_data/postgresql_arrayjson_vacuum_notfull_bigcache_run3_uniform_light_mixed.csv
Size computation started
Appending subsequent iteration 75...
Iteration 75: Appended new size values from key_sizes_postgresql_arrayjson_vacuum_notfull_bigcache_uniform_light_mixed_run3.csv to ../analysis/Data/Value_size_data/value_sizes_postgresql_arrayjson_vacuum_notfull_bigcache_run3_uniform_light_after_mixed.csv
Total size: 108888300, Field length average: 10888
Workload file fieldlength set to: 10888 (expected: 10888)
=== Executing the load phase for the comparison study ===
Comparison-load verification - Epoch:8 Run:5 TotalSize:108880000 ExpectedFieldLength:10888
Avg-run verification - Epoch:8 Run:5 Iteration:75 TotalSize:108880000 ExpectedFieldLength:10888
=== Executing the run phase with extendproportion=0 and read/update proportions=0.5 ===
Arrangement completed. Output saved to ../analysis/Data/Workload_data/postgresql_arrayjson_vacuum_notfull_bigcache_run3_uniform_light_mixed.csv
=== Setting parameter values for extend phase ===
=== Executing the extend phase with extendproportion=1 and other proportions=0 ===
Arrangement completed. Output saved to ../analysis/Data/Workload_data/postgresql_arrayjson_vacuum_notfull_bigcache_run3_uniform_light_mixed.csv
Size computation started
Extend verification - Min:98500 Max:111200 Avg:109867 (Expected avg per record: ~1000 bytes initially)
Generating histogram from key size log: key_sizes_postgresql_arrayjson_vacuum_notfull_bigcache_uniform_light_mixed_run3.csv
Histogram written to histogram.txt (BlockSize = 100)
Appending subsequent iteration 76...
Iteration 76: Appended new size values from key_sizes_postgresql_arrayjson_vacuum_notfull_bigcache_uniform_light_mixed_run3.csv to ../analysis/Data/Value_size_data/value_sizes_postgresql_arrayjson_vacuum_notfull_bigcache_run3_uniform_light_before_mixed.csv
VACUUM start: 1774647645
VACUUM end: 1774647645
=== Setting parameter values for run phase ===
Checking query plan before run phase
=== Executing the run phase with extendproportion=0 and read/update proportions=0.5 ===
Arrangement completed. Output saved to ../analysis/Data/Workload_data/postgresql_arrayjson_vacuum_notfull_bigcache_run3_uniform_light_mixed.csv
Arrangement completed. Output saved to ../analysis/Data/Workload_data/postgresql_arrayjson_vacuum_notfull_bigcache_run3_uniform_light_mixed.csv
Backing up the database started
Backing up the database finished
Arrangement completed. Output saved to ../analysis/Data/Workload_data/postgresql_arrayjson_vacuum_notfull_bigcache_run3_uniform_light_mixed.csv
Size computation started
Appending subsequent iteration 76...
Iteration 76: Appended new size values from key_sizes_postgresql_arrayjson_vacuum_notfull_bigcache_uniform_light_mixed_run3.csv to ../analysis/Data/Value_size_data/value_sizes_postgresql_arrayjson_vacuum_notfull_bigcache_run3_uniform_light_after_mixed.csv
Total size: 110231500, Field length average: 11023
Workload file fieldlength set to: 11023 (expected: 11023)
=== Executing the load phase for the comparison study ===
Comparison-load verification - Epoch:8 Run:6 TotalSize:110230000 ExpectedFieldLength:11023
Avg-run verification - Epoch:8 Run:6 Iteration:76 TotalSize:110230000 ExpectedFieldLength:11023
=== Executing the run phase with extendproportion=0 and read/update proportions=0.5 ===
Arrangement completed. Output saved to ../analysis/Data/Workload_data/postgresql_arrayjson_vacuum_notfull_bigcache_run3_uniform_light_mixed.csv
=== Setting parameter values for extend phase ===
=== Executing the extend phase with extendproportion=1 and other proportions=0 ===
Arrangement completed. Output saved to ../analysis/Data/Workload_data/postgresql_arrayjson_vacuum_notfull_bigcache_run3_uniform_light_mixed.csv
Size computation started
Extend verification - Min:99000 Max:112700 Avg:111281 (Expected avg per record: ~1000 bytes initially)
Generating histogram from key size log: key_sizes_postgresql_arrayjson_vacuum_notfull_bigcache_uniform_light_mixed_run3.csv
Histogram written to histogram.txt (BlockSize = 100)
Appending subsequent iteration 77...
Iteration 77: Appended new size values from key_sizes_postgresql_arrayjson_vacuum_notfull_bigcache_uniform_light_mixed_run3.csv to ../analysis/Data/Value_size_data/value_sizes_postgresql_arrayjson_vacuum_notfull_bigcache_run3_uniform_light_before_mixed.csv
VACUUM start: 1774648078
VACUUM end: 1774648079
=== Setting parameter values for run phase ===
Checking query plan before run phase
=== Executing the run phase with extendproportion=0 and read/update proportions=0.5 ===
Arrangement completed. Output saved to ../analysis/Data/Workload_data/postgresql_arrayjson_vacuum_notfull_bigcache_run3_uniform_light_mixed.csv
Arrangement completed. Output saved to ../analysis/Data/Workload_data/postgresql_arrayjson_vacuum_notfull_bigcache_run3_uniform_light_mixed.csv
Backing up the database started
Backing up the database finished
Arrangement completed. Output saved to ../analysis/Data/Workload_data/postgresql_arrayjson_vacuum_notfull_bigcache_run3_uniform_light_mixed.csv
Size computation started
Appending subsequent iteration 77...
Iteration 77: Appended new size values from key_sizes_postgresql_arrayjson_vacuum_notfull_bigcache_uniform_light_mixed_run3.csv to ../analysis/Data/Value_size_data/value_sizes_postgresql_arrayjson_vacuum_notfull_bigcache_run3_uniform_light_after_mixed.csv
Total size: 111578000, Field length average: 11157
Workload file fieldlength set to: 11157 (expected: 11157)
=== Executing the load phase for the comparison study ===
Comparison-load verification - Epoch:8 Run:7 TotalSize:111570000 ExpectedFieldLength:11157
Avg-run verification - Epoch:8 Run:7 Iteration:77 TotalSize:111570000 ExpectedFieldLength:11157
=== Executing the run phase with extendproportion=0 and read/update proportions=0.5 ===
Arrangement completed. Output saved to ../analysis/Data/Workload_data/postgresql_arrayjson_vacuum_notfull_bigcache_run3_uniform_light_mixed.csv
=== Setting parameter values for extend phase ===
=== Executing the extend phase with extendproportion=1 and other proportions=0 ===
Arrangement completed. Output saved to ../analysis/Data/Workload_data/postgresql_arrayjson_vacuum_notfull_bigcache_run3_uniform_light_mixed.csv
Size computation started
Extend verification - Min:100200 Max:114200 Avg:112599 (Expected avg per record: ~1000 bytes initially)
Generating histogram from key size log: key_sizes_postgresql_arrayjson_vacuum_notfull_bigcache_uniform_light_mixed_run3.csv
Histogram written to histogram.txt (BlockSize = 100)
Appending subsequent iteration 78...
Iteration 78: Appended new size values from key_sizes_postgresql_arrayjson_vacuum_notfull_bigcache_uniform_light_mixed_run3.csv to ../analysis/Data/Value_size_data/value_sizes_postgresql_arrayjson_vacuum_notfull_bigcache_run3_uniform_light_before_mixed.csv
VACUUM start: 1774648512
VACUUM end: 1774648512
=== Setting parameter values for run phase ===
Checking query plan before run phase
=== Executing the run phase with extendproportion=0 and read/update proportions=0.5 ===
Arrangement completed. Output saved to ../analysis/Data/Workload_data/postgresql_arrayjson_vacuum_notfull_bigcache_run3_uniform_light_mixed.csv
Arrangement completed. Output saved to ../analysis/Data/Workload_data/postgresql_arrayjson_vacuum_notfull_bigcache_run3_uniform_light_mixed.csv
Backing up the database started
Backing up the database finished
Arrangement completed. Output saved to ../analysis/Data/Workload_data/postgresql_arrayjson_vacuum_notfull_bigcache_run3_uniform_light_mixed.csv
Size computation started
Appending subsequent iteration 78...
Iteration 78: Appended new size values from key_sizes_postgresql_arrayjson_vacuum_notfull_bigcache_uniform_light_mixed_run3.csv to ../analysis/Data/Value_size_data/value_sizes_postgresql_arrayjson_vacuum_notfull_bigcache_run3_uniform_light_after_mixed.csv
Total size: 112963200, Field length average: 11296
Workload file fieldlength set to: 11296 (expected: 11296)
=== Executing the load phase for the comparison study ===
Comparison-load verification - Epoch:8 Run:8 TotalSize:112960000 ExpectedFieldLength:11296
Avg-run verification - Epoch:8 Run:8 Iteration:78 TotalSize:112960000 ExpectedFieldLength:11296
=== Executing the run phase with extendproportion=0 and read/update proportions=0.5 ===
Arrangement completed. Output saved to ../analysis/Data/Workload_data/postgresql_arrayjson_vacuum_notfull_bigcache_run3_uniform_light_mixed.csv
=== Setting parameter values for extend phase ===
=== Executing the extend phase with extendproportion=1 and other proportions=0 ===
Arrangement completed. Output saved to ../analysis/Data/Workload_data/postgresql_arrayjson_vacuum_notfull_bigcache_run3_uniform_light_mixed.csv
Size computation started
Extend verification - Min:100400 Max:115600 Avg:113943 (Expected avg per record: ~1000 bytes initially)
Generating histogram from key size log: key_sizes_postgresql_arrayjson_vacuum_notfull_bigcache_uniform_light_mixed_run3.csv
Histogram written to histogram.txt (BlockSize = 100)
Appending subsequent iteration 79...
Iteration 79: Appended new size values from key_sizes_postgresql_arrayjson_vacuum_notfull_bigcache_uniform_light_mixed_run3.csv to ../analysis/Data/Value_size_data/value_sizes_postgresql_arrayjson_vacuum_notfull_bigcache_run3_uniform_light_before_mixed.csv
VACUUM start: 1774648945
VACUUM end: 1774648945
=== Setting parameter values for run phase ===
Checking query plan before run phase
=== Executing the run phase with extendproportion=0 and read/update proportions=0.5 ===
Arrangement completed. Output saved to ../analysis/Data/Workload_data/postgresql_arrayjson_vacuum_notfull_bigcache_run3_uniform_light_mixed.csv
Arrangement completed. Output saved to ../analysis/Data/Workload_data/postgresql_arrayjson_vacuum_notfull_bigcache_run3_uniform_light_mixed.csv
Backing up the database started
Backing up the database finished
Arrangement completed. Output saved to ../analysis/Data/Workload_data/postgresql_arrayjson_vacuum_notfull_bigcache_run3_uniform_light_mixed.csv
Size computation started
Appending subsequent iteration 79...
Iteration 79: Appended new size values from key_sizes_postgresql_arrayjson_vacuum_notfull_bigcache_uniform_light_mixed_run3.csv to ../analysis/Data/Value_size_data/value_sizes_postgresql_arrayjson_vacuum_notfull_bigcache_run3_uniform_light_after_mixed.csv
Total size: 114364600, Field length average: 11436
Workload file fieldlength set to: 11436 (expected: 11436)
=== Executing the load phase for the comparison study ===
Comparison-load verification - Epoch:8 Run:9 TotalSize:114360000 ExpectedFieldLength:11436
Avg-run verification - Epoch:8 Run:9 Iteration:79 TotalSize:114360000 ExpectedFieldLength:11436
=== Executing the run phase with extendproportion=0 and read/update proportions=0.5 ===
Arrangement completed. Output saved to ../analysis/Data/Workload_data/postgresql_arrayjson_vacuum_notfull_bigcache_run3_uniform_light_mixed.csv
=== Setting parameter values for extend phase ===
=== Executing the extend phase with extendproportion=1 and other proportions=0 ===
Arrangement completed. Output saved to ../analysis/Data/Workload_data/postgresql_arrayjson_vacuum_notfull_bigcache_run3_uniform_light_mixed.csv
Size computation started
Extend verification - Min:102400 Max:116700 Avg:115350 (Expected avg per record: ~1000 bytes initially)
Generating histogram from key size log: key_sizes_postgresql_arrayjson_vacuum_notfull_bigcache_uniform_light_mixed_run3.csv
Histogram written to histogram.txt (BlockSize = 100)
Appending subsequent iteration 80...
Iteration 80: Appended new size values from key_sizes_postgresql_arrayjson_vacuum_notfull_bigcache_uniform_light_mixed_run3.csv to ../analysis/Data/Value_size_data/value_sizes_postgresql_arrayjson_vacuum_notfull_bigcache_run3_uniform_light_before_mixed.csv
VACUUM start: 1774649384
VACUUM end: 1774649384
=== Setting parameter values for run phase ===
Checking query plan before run phase
=== Executing the run phase with extendproportion=0 and read/update proportions=0.5 ===
Arrangement completed. Output saved to ../analysis/Data/Workload_data/postgresql_arrayjson_vacuum_notfull_bigcache_run3_uniform_light_mixed.csv
Arrangement completed. Output saved to ../analysis/Data/Workload_data/postgresql_arrayjson_vacuum_notfull_bigcache_run3_uniform_light_mixed.csv
Backing up the database started
Backing up the database finished
Arrangement completed. Output saved to ../analysis/Data/Workload_data/postgresql_arrayjson_vacuum_notfull_bigcache_run3_uniform_light_mixed.csv
Size computation started
Appending subsequent iteration 80...
Iteration 80: Appended new size values from key_sizes_postgresql_arrayjson_vacuum_notfull_bigcache_uniform_light_mixed_run3.csv to ../analysis/Data/Value_size_data/value_sizes_postgresql_arrayjson_vacuum_notfull_bigcache_run3_uniform_light_after_mixed.csv
Total size: 115651200, Field length average: 11565
Workload file fieldlength set to: 11565 (expected: 11565)
=== Executing the load phase for the comparison study ===
Comparison-load verification - Epoch:8 Run:10 TotalSize:115650000 ExpectedFieldLength:11565
Avg-run verification - Epoch:8 Run:10 Iteration:80 TotalSize:115650000 ExpectedFieldLength:11565
=== Executing the run phase with extendproportion=0 and read/update proportions=0.5 ===
Arrangement completed. Output saved to ../analysis/Data/Workload_data/postgresql_arrayjson_vacuum_notfull_bigcache_run3_uniform_light_mixed.csv
=== Setting parameter values for extend phase ===
=== Executing the extend phase with extendproportion=1 and other proportions=0 ===
Arrangement completed. Output saved to ../analysis/Data/Workload_data/postgresql_arrayjson_vacuum_notfull_bigcache_run3_uniform_light_mixed.csv
Size computation started
Extend verification - Min:104800 Max:118000 Avg:116650 (Expected avg per record: ~1000 bytes initially)
Generating histogram from key size log: key_sizes_postgresql_arrayjson_vacuum_notfull_bigcache_uniform_light_mixed_run3.csv
Histogram written to histogram.txt (BlockSize = 100)
Appending subsequent iteration 81...
Iteration 81: Appended new size values from key_sizes_postgresql_arrayjson_vacuum_notfull_bigcache_uniform_light_mixed_run3.csv to ../analysis/Data/Value_size_data/value_sizes_postgresql_arrayjson_vacuum_notfull_bigcache_run3_uniform_light_before_mixed.csv
VACUUM start: 1774649822
VACUUM end: 1774649822
=== Setting parameter values for run phase ===
Checking query plan before run phase
=== Executing the run phase with extendproportion=0 and read/update proportions=0.5 ===
Arrangement completed. Output saved to ../analysis/Data/Workload_data/postgresql_arrayjson_vacuum_notfull_bigcache_run3_uniform_light_mixed.csv
Arrangement completed. Output saved to ../analysis/Data/Workload_data/postgresql_arrayjson_vacuum_notfull_bigcache_run3_uniform_light_mixed.csv
Backing up the database started
Backing up the database finished
Arrangement completed. Output saved to ../analysis/Data/Workload_data/postgresql_arrayjson_vacuum_notfull_bigcache_run3_uniform_light_mixed.csv
Size computation started
Appending subsequent iteration 81...
Iteration 81: Appended new size values from key_sizes_postgresql_arrayjson_vacuum_notfull_bigcache_uniform_light_mixed_run3.csv to ../analysis/Data/Value_size_data/value_sizes_postgresql_arrayjson_vacuum_notfull_bigcache_run3_uniform_light_after_mixed.csv
Total size: 117044300, Field length average: 11704
Workload file fieldlength set to: 11704 (expected: 11704)
=== Executing the load phase for the comparison study ===
Comparison-load verification - Epoch:9 Run:1 TotalSize:117040000 ExpectedFieldLength:11704
Avg-run verification - Epoch:9 Run:1 Iteration:81 TotalSize:117040000 ExpectedFieldLength:11704
=== Executing the run phase with extendproportion=0 and read/update proportions=0.5 ===
Arrangement completed. Output saved to ../analysis/Data/Workload_data/postgresql_arrayjson_vacuum_notfull_bigcache_run3_uniform_light_mixed.csv
=== Setting parameter values for extend phase ===
=== Executing the extend phase with extendproportion=1 and other proportions=0 ===
Arrangement completed. Output saved to ../analysis/Data/Workload_data/postgresql_arrayjson_vacuum_notfull_bigcache_run3_uniform_light_mixed.csv
Size computation started
Extend verification - Min:104900 Max:119400 Avg:117975 (Expected avg per record: ~1000 bytes initially)
Generating histogram from key size log: key_sizes_postgresql_arrayjson_vacuum_notfull_bigcache_uniform_light_mixed_run3.csv
Histogram written to histogram.txt (BlockSize = 100)
Appending subsequent iteration 82...
Iteration 82: Appended new size values from key_sizes_postgresql_arrayjson_vacuum_notfull_bigcache_uniform_light_mixed_run3.csv to ../analysis/Data/Value_size_data/value_sizes_postgresql_arrayjson_vacuum_notfull_bigcache_run3_uniform_light_before_mixed.csv
VACUUM start: 1774650260
VACUUM end: 1774650260
=== Setting parameter values for run phase ===
Checking query plan before run phase
=== Executing the run phase with extendproportion=0 and read/update proportions=0.5 ===
Arrangement completed. Output saved to ../analysis/Data/Workload_data/postgresql_arrayjson_vacuum_notfull_bigcache_run3_uniform_light_mixed.csv
Arrangement completed. Output saved to ../analysis/Data/Workload_data/postgresql_arrayjson_vacuum_notfull_bigcache_run3_uniform_light_mixed.csv
Backing up the database started
Backing up the database finished
Arrangement completed. Output saved to ../analysis/Data/Workload_data/postgresql_arrayjson_vacuum_notfull_bigcache_run3_uniform_light_mixed.csv
Size computation started
Appending subsequent iteration 82...
Iteration 82: Appended new size values from key_sizes_postgresql_arrayjson_vacuum_notfull_bigcache_uniform_light_mixed_run3.csv to ../analysis/Data/Value_size_data/value_sizes_postgresql_arrayjson_vacuum_notfull_bigcache_run3_uniform_light_after_mixed.csv
Total size: 118388300, Field length average: 11838
Workload file fieldlength set to: 11838 (expected: 11838)
=== Executing the load phase for the comparison study ===
Comparison-load verification - Epoch:9 Run:2 TotalSize:118380000 ExpectedFieldLength:11838
Avg-run verification - Epoch:9 Run:2 Iteration:82 TotalSize:118380000 ExpectedFieldLength:11838
=== Executing the run phase with extendproportion=0 and read/update proportions=0.5 ===
Arrangement completed. Output saved to ../analysis/Data/Workload_data/postgresql_arrayjson_vacuum_notfull_bigcache_run3_uniform_light_mixed.csv
=== Setting parameter values for extend phase ===
=== Executing the extend phase with extendproportion=1 and other proportions=0 ===
Arrangement completed. Output saved to ../analysis/Data/Workload_data/postgresql_arrayjson_vacuum_notfull_bigcache_run3_uniform_light_mixed.csv
Size computation started
Extend verification - Min:107400 Max:121300 Avg:119398 (Expected avg per record: ~1000 bytes initially)
Generating histogram from key size log: key_sizes_postgresql_arrayjson_vacuum_notfull_bigcache_uniform_light_mixed_run3.csv
Histogram written to histogram.txt (BlockSize = 100)
Appending subsequent iteration 83...
Iteration 83: Appended new size values from key_sizes_postgresql_arrayjson_vacuum_notfull_bigcache_uniform_light_mixed_run3.csv to ../analysis/Data/Value_size_data/value_sizes_postgresql_arrayjson_vacuum_notfull_bigcache_run3_uniform_light_before_mixed.csv
VACUUM start: 1774650698
VACUUM end: 1774650698
=== Setting parameter values for run phase ===
Checking query plan before run phase
=== Executing the run phase with extendproportion=0 and read/update proportions=0.5 ===
Arrangement completed. Output saved to ../analysis/Data/Workload_data/postgresql_arrayjson_vacuum_notfull_bigcache_run3_uniform_light_mixed.csv
Arrangement completed. Output saved to ../analysis/Data/Workload_data/postgresql_arrayjson_vacuum_notfull_bigcache_run3_uniform_light_mixed.csv
Backing up the database started
Backing up the database finished
Arrangement completed. Output saved to ../analysis/Data/Workload_data/postgresql_arrayjson_vacuum_notfull_bigcache_run3_uniform_light_mixed.csv
Size computation started
Appending subsequent iteration 83...
Iteration 83: Appended new size values from key_sizes_postgresql_arrayjson_vacuum_notfull_bigcache_uniform_light_mixed_run3.csv to ../analysis/Data/Value_size_data/value_sizes_postgresql_arrayjson_vacuum_notfull_bigcache_run3_uniform_light_after_mixed.csv
Total size: 119775300, Field length average: 11977
Workload file fieldlength set to: 11977 (expected: 11977)
=== Executing the load phase for the comparison study ===
Comparison-load verification - Epoch:9 Run:3 TotalSize:119770000 ExpectedFieldLength:11977
Avg-run verification - Epoch:9 Run:3 Iteration:83 TotalSize:119770000 ExpectedFieldLength:11977
=== Executing the run phase with extendproportion=0 and read/update proportions=0.5 ===
Arrangement completed. Output saved to ../analysis/Data/Workload_data/postgresql_arrayjson_vacuum_notfull_bigcache_run3_uniform_light_mixed.csv
=== Setting parameter values for extend phase ===
=== Executing the extend phase with extendproportion=1 and other proportions=0 ===
Arrangement completed. Output saved to ../analysis/Data/Workload_data/postgresql_arrayjson_vacuum_notfull_bigcache_run3_uniform_light_mixed.csv
Size computation started
Extend verification - Min:108300 Max:122300 Avg:120686 (Expected avg per record: ~1000 bytes initially)
Generating histogram from key size log: key_sizes_postgresql_arrayjson_vacuum_notfull_bigcache_uniform_light_mixed_run3.csv
Histogram written to histogram.txt (BlockSize = 100)
Appending subsequent iteration 84...
Iteration 84: Appended new size values from key_sizes_postgresql_arrayjson_vacuum_notfull_bigcache_uniform_light_mixed_run3.csv to ../analysis/Data/Value_size_data/value_sizes_postgresql_arrayjson_vacuum_notfull_bigcache_run3_uniform_light_before_mixed.csv
VACUUM start: 1774651144
VACUUM end: 1774651144
=== Setting parameter values for run phase ===
Checking query plan before run phase
=== Executing the run phase with extendproportion=0 and read/update proportions=0.5 ===
Arrangement completed. Output saved to ../analysis/Data/Workload_data/postgresql_arrayjson_vacuum_notfull_bigcache_run3_uniform_light_mixed.csv
Arrangement completed. Output saved to ../analysis/Data/Workload_data/postgresql_arrayjson_vacuum_notfull_bigcache_run3_uniform_light_mixed.csv
Backing up the database started
Backing up the database finished
Arrangement completed. Output saved to ../analysis/Data/Workload_data/postgresql_arrayjson_vacuum_notfull_bigcache_run3_uniform_light_mixed.csv
Size computation started
Appending subsequent iteration 84...
Iteration 84: Appended new size values from key_sizes_postgresql_arrayjson_vacuum_notfull_bigcache_uniform_light_mixed_run3.csv to ../analysis/Data/Value_size_data/value_sizes_postgresql_arrayjson_vacuum_notfull_bigcache_run3_uniform_light_after_mixed.csv
Total size: 121066200, Field length average: 12106
Workload file fieldlength set to: 12106 (expected: 12106)
=== Executing the load phase for the comparison study ===
Comparison-load verification - Epoch:9 Run:4 TotalSize:121060000 ExpectedFieldLength:12106
Avg-run verification - Epoch:9 Run:4 Iteration:84 TotalSize:121060000 ExpectedFieldLength:12106
=== Executing the run phase with extendproportion=0 and read/update proportions=0.5 ===
Arrangement completed. Output saved to ../analysis/Data/Workload_data/postgresql_arrayjson_vacuum_notfull_bigcache_run3_uniform_light_mixed.csv
=== Setting parameter values for extend phase ===
=== Executing the extend phase with extendproportion=1 and other proportions=0 ===
Arrangement completed. Output saved to ../analysis/Data/Workload_data/postgresql_arrayjson_vacuum_notfull_bigcache_run3_uniform_light_mixed.csv
Size computation started
Extend verification - Min:109200 Max:123700 Avg:122152 (Expected avg per record: ~1000 bytes initially)
Generating histogram from key size log: key_sizes_postgresql_arrayjson_vacuum_notfull_bigcache_uniform_light_mixed_run3.csv
Histogram written to histogram.txt (BlockSize = 100)
Appending subsequent iteration 85...
Iteration 85: Appended new size values from key_sizes_postgresql_arrayjson_vacuum_notfull_bigcache_uniform_light_mixed_run3.csv to ../analysis/Data/Value_size_data/value_sizes_postgresql_arrayjson_vacuum_notfull_bigcache_run3_uniform_light_before_mixed.csv
VACUUM start: 1774651595
VACUUM end: 1774651595
=== Setting parameter values for run phase ===
Checking query plan before run phase
=== Executing the run phase with extendproportion=0 and read/update proportions=0.5 ===
Arrangement completed. Output saved to ../analysis/Data/Workload_data/postgresql_arrayjson_vacuum_notfull_bigcache_run3_uniform_light_mixed.csv
Arrangement completed. Output saved to ../analysis/Data/Workload_data/postgresql_arrayjson_vacuum_notfull_bigcache_run3_uniform_light_mixed.csv
Backing up the database started
Backing up the database finished
Arrangement completed. Output saved to ../analysis/Data/Workload_data/postgresql_arrayjson_vacuum_notfull_bigcache_run3_uniform_light_mixed.csv
Size computation started
Appending subsequent iteration 85...
Iteration 85: Appended new size values from key_sizes_postgresql_arrayjson_vacuum_notfull_bigcache_uniform_light_mixed_run3.csv to ../analysis/Data/Value_size_data/value_sizes_postgresql_arrayjson_vacuum_notfull_bigcache_run3_uniform_light_after_mixed.csv
Total size: 122540300, Field length average: 12254
Workload file fieldlength set to: 12254 (expected: 12254)
=== Executing the load phase for the comparison study ===
Comparison-load verification - Epoch:9 Run:5 TotalSize:122540000 ExpectedFieldLength:12254
Avg-run verification - Epoch:9 Run:5 Iteration:85 TotalSize:122540000 ExpectedFieldLength:12254
=== Executing the run phase with extendproportion=0 and read/update proportions=0.5 ===
Arrangement completed. Output saved to ../analysis/Data/Workload_data/postgresql_arrayjson_vacuum_notfull_bigcache_run3_uniform_light_mixed.csv
=== Setting parameter values for extend phase ===
=== Executing the extend phase with extendproportion=1 and other proportions=0 ===
Arrangement completed. Output saved to ../analysis/Data/Workload_data/postgresql_arrayjson_vacuum_notfull_bigcache_run3_uniform_light_mixed.csv
Size computation started
Extend verification - Min:110400 Max:124900 Avg:123479 (Expected avg per record: ~1000 bytes initially)
Generating histogram from key size log: key_sizes_postgresql_arrayjson_vacuum_notfull_bigcache_uniform_light_mixed_run3.csv
Histogram written to histogram.txt (BlockSize = 100)
Appending subsequent iteration 86...
Iteration 86: Appended new size values from key_sizes_postgresql_arrayjson_vacuum_notfull_bigcache_uniform_light_mixed_run3.csv to ../analysis/Data/Value_size_data/value_sizes_postgresql_arrayjson_vacuum_notfull_bigcache_run3_uniform_light_before_mixed.csv
VACUUM start: 1774652039
VACUUM end: 1774652039
=== Setting parameter values for run phase ===
Checking query plan before run phase
=== Executing the run phase with extendproportion=0 and read/update proportions=0.5 ===
Arrangement completed. Output saved to ../analysis/Data/Workload_data/postgresql_arrayjson_vacuum_notfull_bigcache_run3_uniform_light_mixed.csv
Arrangement completed. Output saved to ../analysis/Data/Workload_data/postgresql_arrayjson_vacuum_notfull_bigcache_run3_uniform_light_mixed.csv
Backing up the database started
Backing up the database finished
Arrangement completed. Output saved to ../analysis/Data/Workload_data/postgresql_arrayjson_vacuum_notfull_bigcache_run3_uniform_light_mixed.csv
Size computation started
Appending subsequent iteration 86...
Iteration 86: Appended new size values from key_sizes_postgresql_arrayjson_vacuum_notfull_bigcache_uniform_light_mixed_run3.csv to ../analysis/Data/Value_size_data/value_sizes_postgresql_arrayjson_vacuum_notfull_bigcache_run3_uniform_light_after_mixed.csv
Total size: 123719500, Field length average: 12371
Workload file fieldlength set to: 12371 (expected: 12371)
=== Executing the load phase for the comparison study ===
Comparison-load verification - Epoch:9 Run:6 TotalSize:123710000 ExpectedFieldLength:12371
Avg-run verification - Epoch:9 Run:6 Iteration:86 TotalSize:123710000 ExpectedFieldLength:12371
=== Executing the run phase with extendproportion=0 and read/update proportions=0.5 ===
Arrangement completed. Output saved to ../analysis/Data/Workload_data/postgresql_arrayjson_vacuum_notfull_bigcache_run3_uniform_light_mixed.csv
=== Setting parameter values for extend phase ===
=== Executing the extend phase with extendproportion=1 and other proportions=0 ===
Arrangement completed. Output saved to ../analysis/Data/Workload_data/postgresql_arrayjson_vacuum_notfull_bigcache_run3_uniform_light_mixed.csv
Size computation started
Extend verification - Min:111100 Max:126300 Avg:124618 (Expected avg per record: ~1000 bytes initially)
Generating histogram from key size log: key_sizes_postgresql_arrayjson_vacuum_notfull_bigcache_uniform_light_mixed_run3.csv
Histogram written to histogram.txt (BlockSize = 100)
Appending subsequent iteration 87...
Iteration 87: Appended new size values from key_sizes_postgresql_arrayjson_vacuum_notfull_bigcache_uniform_light_mixed_run3.csv to ../analysis/Data/Value_size_data/value_sizes_postgresql_arrayjson_vacuum_notfull_bigcache_run3_uniform_light_before_mixed.csv
VACUUM start: 1774652491
VACUUM end: 1774652492
=== Setting parameter values for run phase ===
Checking query plan before run phase
=== Executing the run phase with extendproportion=0 and read/update proportions=0.5 ===
Arrangement completed. Output saved to ../analysis/Data/Workload_data/postgresql_arrayjson_vacuum_notfull_bigcache_run3_uniform_light_mixed.csv
Arrangement completed. Output saved to ../analysis/Data/Workload_data/postgresql_arrayjson_vacuum_notfull_bigcache_run3_uniform_light_mixed.csv
Backing up the database started
Backing up the database finished
Arrangement completed. Output saved to ../analysis/Data/Workload_data/postgresql_arrayjson_vacuum_notfull_bigcache_run3_uniform_light_mixed.csv
Size computation started
Appending subsequent iteration 87...
Iteration 87: Appended new size values from key_sizes_postgresql_arrayjson_vacuum_notfull_bigcache_uniform_light_mixed_run3.csv to ../analysis/Data/Value_size_data/value_sizes_postgresql_arrayjson_vacuum_notfull_bigcache_run3_uniform_light_after_mixed.csv
Total size: 124984000, Field length average: 12498
Workload file fieldlength set to: 12498 (expected: 12498)
=== Executing the load phase for the comparison study ===
Comparison-load verification - Epoch:9 Run:7 TotalSize:124980000 ExpectedFieldLength:12498
Avg-run verification - Epoch:9 Run:7 Iteration:87 TotalSize:124980000 ExpectedFieldLength:12498
=== Executing the run phase with extendproportion=0 and read/update proportions=0.5 ===
Arrangement completed. Output saved to ../analysis/Data/Workload_data/postgresql_arrayjson_vacuum_notfull_bigcache_run3_uniform_light_mixed.csv
=== Setting parameter values for extend phase ===
=== Executing the extend phase with extendproportion=1 and other proportions=0 ===
Arrangement completed. Output saved to ../analysis/Data/Workload_data/postgresql_arrayjson_vacuum_notfull_bigcache_run3_uniform_light_mixed.csv
Size computation started
Extend verification - Min:112800 Max:127700 Avg:126026 (Expected avg per record: ~1000 bytes initially)
Generating histogram from key size log: key_sizes_postgresql_arrayjson_vacuum_notfull_bigcache_uniform_light_mixed_run3.csv
Histogram written to histogram.txt (BlockSize = 100)
Appending subsequent iteration 88...
Iteration 88: Appended new size values from key_sizes_postgresql_arrayjson_vacuum_notfull_bigcache_uniform_light_mixed_run3.csv to ../analysis/Data/Value_size_data/value_sizes_postgresql_arrayjson_vacuum_notfull_bigcache_run3_uniform_light_before_mixed.csv
VACUUM start: 1774652946
VACUUM end: 1774652947
=== Setting parameter values for run phase ===
Checking query plan before run phase
=== Executing the run phase with extendproportion=0 and read/update proportions=0.5 ===
Arrangement completed. Output saved to ../analysis/Data/Workload_data/postgresql_arrayjson_vacuum_notfull_bigcache_run3_uniform_light_mixed.csv
Arrangement completed. Output saved to ../analysis/Data/Workload_data/postgresql_arrayjson_vacuum_notfull_bigcache_run3_uniform_light_mixed.csv
Backing up the database started
Backing up the database finished
Arrangement completed. Output saved to ../analysis/Data/Workload_data/postgresql_arrayjson_vacuum_notfull_bigcache_run3_uniform_light_mixed.csv
Size computation started
Appending subsequent iteration 88...
Iteration 88: Appended new size values from key_sizes_postgresql_arrayjson_vacuum_notfull_bigcache_uniform_light_mixed_run3.csv to ../analysis/Data/Value_size_data/value_sizes_postgresql_arrayjson_vacuum_notfull_bigcache_run3_uniform_light_after_mixed.csv
Total size: 126402400, Field length average: 12640
Workload file fieldlength set to: 12640 (expected: 12640)
=== Executing the load phase for the comparison study ===
Comparison-load verification - Epoch:9 Run:8 TotalSize:126400000 ExpectedFieldLength:12640
Avg-run verification - Epoch:9 Run:8 Iteration:88 TotalSize:126400000 ExpectedFieldLength:12640
=== Executing the run phase with extendproportion=0 and read/update proportions=0.5 ===
Arrangement completed. Output saved to ../analysis/Data/Workload_data/postgresql_arrayjson_vacuum_notfull_bigcache_run3_uniform_light_mixed.csv
=== Setting parameter values for extend phase ===
=== Executing the extend phase with extendproportion=1 and other proportions=0 ===
Arrangement completed. Output saved to ../analysis/Data/Workload_data/postgresql_arrayjson_vacuum_notfull_bigcache_run3_uniform_light_mixed.csv
Size computation started
Extend verification - Min:113400 Max:128800 Avg:127393 (Expected avg per record: ~1000 bytes initially)
Generating histogram from key size log: key_sizes_postgresql_arrayjson_vacuum_notfull_bigcache_uniform_light_mixed_run3.csv
Histogram written to histogram.txt (BlockSize = 100)
Appending subsequent iteration 89...
Iteration 89: Appended new size values from key_sizes_postgresql_arrayjson_vacuum_notfull_bigcache_uniform_light_mixed_run3.csv to ../analysis/Data/Value_size_data/value_sizes_postgresql_arrayjson_vacuum_notfull_bigcache_run3_uniform_light_before_mixed.csv
VACUUM start: 1774653398
VACUUM end: 1774653398
=== Setting parameter values for run phase ===
Checking query plan before run phase
=== Executing the run phase with extendproportion=0 and read/update proportions=0.5 ===
Arrangement completed. Output saved to ../analysis/Data/Workload_data/postgresql_arrayjson_vacuum_notfull_bigcache_run3_uniform_light_mixed.csv
Arrangement completed. Output saved to ../analysis/Data/Workload_data/postgresql_arrayjson_vacuum_notfull_bigcache_run3_uniform_light_mixed.csv
Backing up the database started
Backing up the database finished
Arrangement completed. Output saved to ../analysis/Data/Workload_data/postgresql_arrayjson_vacuum_notfull_bigcache_run3_uniform_light_mixed.csv
Size computation started
Appending subsequent iteration 89...
Iteration 89: Appended new size values from key_sizes_postgresql_arrayjson_vacuum_notfull_bigcache_uniform_light_mixed_run3.csv to ../analysis/Data/Value_size_data/value_sizes_postgresql_arrayjson_vacuum_notfull_bigcache_run3_uniform_light_after_mixed.csv
Total size: 127662500, Field length average: 12766
Workload file fieldlength set to: 12766 (expected: 12766)
=== Executing the load phase for the comparison study ===
Comparison-load verification - Epoch:9 Run:9 TotalSize:127660000 ExpectedFieldLength:12766
Avg-run verification - Epoch:9 Run:9 Iteration:89 TotalSize:127660000 ExpectedFieldLength:12766
=== Executing the run phase with extendproportion=0 and read/update proportions=0.5 ===
Arrangement completed. Output saved to ../analysis/Data/Workload_data/postgresql_arrayjson_vacuum_notfull_bigcache_run3_uniform_light_mixed.csv
=== Setting parameter values for extend phase ===
=== Executing the extend phase with extendproportion=1 and other proportions=0 ===
Arrangement completed. Output saved to ../analysis/Data/Workload_data/postgresql_arrayjson_vacuum_notfull_bigcache_run3_uniform_light_mixed.csv
Size computation started
Extend verification - Min:114600 Max:129900 Avg:128639 (Expected avg per record: ~1000 bytes initially)
Generating histogram from key size log: key_sizes_postgresql_arrayjson_vacuum_notfull_bigcache_uniform_light_mixed_run3.csv
Histogram written to histogram.txt (BlockSize = 100)
Appending subsequent iteration 90...
Iteration 90: Appended new size values from key_sizes_postgresql_arrayjson_vacuum_notfull_bigcache_uniform_light_mixed_run3.csv to ../analysis/Data/Value_size_data/value_sizes_postgresql_arrayjson_vacuum_notfull_bigcache_run3_uniform_light_before_mixed.csv
VACUUM start: 1774653860
VACUUM end: 1774653860
=== Setting parameter values for run phase ===
Checking query plan before run phase
=== Executing the run phase with extendproportion=0 and read/update proportions=0.5 ===
Arrangement completed. Output saved to ../analysis/Data/Workload_data/postgresql_arrayjson_vacuum_notfull_bigcache_run3_uniform_light_mixed.csv
Arrangement completed. Output saved to ../analysis/Data/Workload_data/postgresql_arrayjson_vacuum_notfull_bigcache_run3_uniform_light_mixed.csv
Backing up the database started
Backing up the database finished
Arrangement completed. Output saved to ../analysis/Data/Workload_data/postgresql_arrayjson_vacuum_notfull_bigcache_run3_uniform_light_mixed.csv
Size computation started
Appending subsequent iteration 90...
Iteration 90: Appended new size values from key_sizes_postgresql_arrayjson_vacuum_notfull_bigcache_uniform_light_mixed_run3.csv to ../analysis/Data/Value_size_data/value_sizes_postgresql_arrayjson_vacuum_notfull_bigcache_run3_uniform_light_after_mixed.csv
Total size: 128751000, Field length average: 12875
Workload file fieldlength set to: 12875 (expected: 12875)
=== Executing the load phase for the comparison study ===
Comparison-load verification - Epoch:9 Run:10 TotalSize:128750000 ExpectedFieldLength:12875
Avg-run verification - Epoch:9 Run:10 Iteration:90 TotalSize:128750000 ExpectedFieldLength:12875
=== Executing the run phase with extendproportion=0 and read/update proportions=0.5 ===
Arrangement completed. Output saved to ../analysis/Data/Workload_data/postgresql_arrayjson_vacuum_notfull_bigcache_run3_uniform_light_mixed.csv
=== Setting parameter values for extend phase ===
=== Executing the extend phase with extendproportion=1 and other proportions=0 ===
Arrangement completed. Output saved to ../analysis/Data/Workload_data/postgresql_arrayjson_vacuum_notfull_bigcache_run3_uniform_light_mixed.csv
Size computation started
Extend verification - Min:116300 Max:131500 Avg:129694 (Expected avg per record: ~1000 bytes initially)
Generating histogram from key size log: key_sizes_postgresql_arrayjson_vacuum_notfull_bigcache_uniform_light_mixed_run3.csv
Histogram written to histogram.txt (BlockSize = 100)
Appending subsequent iteration 91...
Iteration 91: Appended new size values from key_sizes_postgresql_arrayjson_vacuum_notfull_bigcache_uniform_light_mixed_run3.csv to ../analysis/Data/Value_size_data/value_sizes_postgresql_arrayjson_vacuum_notfull_bigcache_run3_uniform_light_before_mixed.csv
VACUUM start: 1774654335
VACUUM end: 1774654335
=== Setting parameter values for run phase ===
Checking query plan before run phase
=== Executing the run phase with extendproportion=0 and read/update proportions=0.5 ===
Arrangement completed. Output saved to ../analysis/Data/Workload_data/postgresql_arrayjson_vacuum_notfull_bigcache_run3_uniform_light_mixed.csv
Arrangement completed. Output saved to ../analysis/Data/Workload_data/postgresql_arrayjson_vacuum_notfull_bigcache_run3_uniform_light_mixed.csv
Backing up the database started
Backing up the database finished
Arrangement completed. Output saved to ../analysis/Data/Workload_data/postgresql_arrayjson_vacuum_notfull_bigcache_run3_uniform_light_mixed.csv
Size computation started
Appending subsequent iteration 91...
Iteration 91: Appended new size values from key_sizes_postgresql_arrayjson_vacuum_notfull_bigcache_uniform_light_mixed_run3.csv to ../analysis/Data/Value_size_data/value_sizes_postgresql_arrayjson_vacuum_notfull_bigcache_run3_uniform_light_after_mixed.csv
Total size: 130080600, Field length average: 13008
Workload file fieldlength set to: 13008 (expected: 13008)
=== Executing the load phase for the comparison study ===
Comparison-load verification - Epoch:10 Run:1 TotalSize:130080000 ExpectedFieldLength:13008
Avg-run verification - Epoch:10 Run:1 Iteration:91 TotalSize:130080000 ExpectedFieldLength:13008
=== Executing the run phase with extendproportion=0 and read/update proportions=0.5 ===
Arrangement completed. Output saved to ../analysis/Data/Workload_data/postgresql_arrayjson_vacuum_notfull_bigcache_run3_uniform_light_mixed.csv
=== Setting parameter values for extend phase ===
=== Executing the extend phase with extendproportion=1 and other proportions=0 ===
Arrangement completed. Output saved to ../analysis/Data/Workload_data/postgresql_arrayjson_vacuum_notfull_bigcache_run3_uniform_light_mixed.csv
Size computation started
Extend verification - Min:117000 Max:132900 Avg:131104 (Expected avg per record: ~1000 bytes initially)
Generating histogram from key size log: key_sizes_postgresql_arrayjson_vacuum_notfull_bigcache_uniform_light_mixed_run3.csv
Histogram written to histogram.txt (BlockSize = 100)
Appending subsequent iteration 92...
Iteration 92: Appended new size values from key_sizes_postgresql_arrayjson_vacuum_notfull_bigcache_uniform_light_mixed_run3.csv to ../analysis/Data/Value_size_data/value_sizes_postgresql_arrayjson_vacuum_notfull_bigcache_run3_uniform_light_before_mixed.csv
VACUUM start: 1774654801
VACUUM end: 1774654801
=== Setting parameter values for run phase ===
Checking query plan before run phase
=== Executing the run phase with extendproportion=0 and read/update proportions=0.5 ===
Arrangement completed. Output saved to ../analysis/Data/Workload_data/postgresql_arrayjson_vacuum_notfull_bigcache_run3_uniform_light_mixed.csv
Arrangement completed. Output saved to ../analysis/Data/Workload_data/postgresql_arrayjson_vacuum_notfull_bigcache_run3_uniform_light_mixed.csv
Backing up the database started
Backing up the database finished
Arrangement completed. Output saved to ../analysis/Data/Workload_data/postgresql_arrayjson_vacuum_notfull_bigcache_run3_uniform_light_mixed.csv
Size computation started
Appending subsequent iteration 92...
Iteration 92: Appended new size values from key_sizes_postgresql_arrayjson_vacuum_notfull_bigcache_uniform_light_mixed_run3.csv to ../analysis/Data/Value_size_data/value_sizes_postgresql_arrayjson_vacuum_notfull_bigcache_run3_uniform_light_after_mixed.csv
Total size: 131503700, Field length average: 13150
Workload file fieldlength set to: 13150 (expected: 13150)
=== Executing the load phase for the comparison study ===
Comparison-load verification - Epoch:10 Run:2 TotalSize:131500000 ExpectedFieldLength:13150
Avg-run verification - Epoch:10 Run:2 Iteration:92 TotalSize:131500000 ExpectedFieldLength:13150
=== Executing the run phase with extendproportion=0 and read/update proportions=0.5 ===
Arrangement completed. Output saved to ../analysis/Data/Workload_data/postgresql_arrayjson_vacuum_notfull_bigcache_run3_uniform_light_mixed.csv
=== Setting parameter values for extend phase ===
=== Executing the extend phase with extendproportion=1 and other proportions=0 ===
Arrangement completed. Output saved to ../analysis/Data/Workload_data/postgresql_arrayjson_vacuum_notfull_bigcache_run3_uniform_light_mixed.csv
Size computation started
Extend verification - Min:118600 Max:134000 Avg:132464 (Expected avg per record: ~1000 bytes initially)
Generating histogram from key size log: key_sizes_postgresql_arrayjson_vacuum_notfull_bigcache_uniform_light_mixed_run3.csv
Histogram written to histogram.txt (BlockSize = 100)
Appending subsequent iteration 93...
Iteration 93: Appended new size values from key_sizes_postgresql_arrayjson_vacuum_notfull_bigcache_uniform_light_mixed_run3.csv to ../analysis/Data/Value_size_data/value_sizes_postgresql_arrayjson_vacuum_notfull_bigcache_run3_uniform_light_before_mixed.csv
VACUUM start: 1774655273
VACUUM end: 1774655273
=== Setting parameter values for run phase ===
Checking query plan before run phase
=== Executing the run phase with extendproportion=0 and read/update proportions=0.5 ===
Arrangement completed. Output saved to ../analysis/Data/Workload_data/postgresql_arrayjson_vacuum_notfull_bigcache_run3_uniform_light_mixed.csv
Arrangement completed. Output saved to ../analysis/Data/Workload_data/postgresql_arrayjson_vacuum_notfull_bigcache_run3_uniform_light_mixed.csv
Backing up the database started
Backing up the database finished
Arrangement completed. Output saved to ../analysis/Data/Workload_data/postgresql_arrayjson_vacuum_notfull_bigcache_run3_uniform_light_mixed.csv
Size computation started
Appending subsequent iteration 93...
Iteration 93: Appended new size values from key_sizes_postgresql_arrayjson_vacuum_notfull_bigcache_uniform_light_mixed_run3.csv to ../analysis/Data/Value_size_data/value_sizes_postgresql_arrayjson_vacuum_notfull_bigcache_run3_uniform_light_after_mixed.csv
Total size: 132873300, Field length average: 13287
Workload file fieldlength set to: 13287 (expected: 13287)
=== Executing the load phase for the comparison study ===
Comparison-load verification - Epoch:10 Run:3 TotalSize:132870000 ExpectedFieldLength:13287
Avg-run verification - Epoch:10 Run:3 Iteration:93 TotalSize:132870000 ExpectedFieldLength:13287
=== Executing the run phase with extendproportion=0 and read/update proportions=0.5 ===
Arrangement completed. Output saved to ../analysis/Data/Workload_data/postgresql_arrayjson_vacuum_notfull_bigcache_run3_uniform_light_mixed.csv
=== Setting parameter values for extend phase ===
=== Executing the extend phase with extendproportion=1 and other proportions=0 ===
Arrangement completed. Output saved to ../analysis/Data/Workload_data/postgresql_arrayjson_vacuum_notfull_bigcache_run3_uniform_light_mixed.csv
Size computation started
Extend verification - Min:120400 Max:135600 Avg:133778 (Expected avg per record: ~1000 bytes initially)
Generating histogram from key size log: key_sizes_postgresql_arrayjson_vacuum_notfull_bigcache_uniform_light_mixed_run3.csv
Histogram written to histogram.txt (BlockSize = 100)
Appending subsequent iteration 94...
Iteration 94: Appended new size values from key_sizes_postgresql_arrayjson_vacuum_notfull_bigcache_uniform_light_mixed_run3.csv to ../analysis/Data/Value_size_data/value_sizes_postgresql_arrayjson_vacuum_notfull_bigcache_run3_uniform_light_before_mixed.csv
VACUUM start: 1774655742
VACUUM end: 1774655742
=== Setting parameter values for run phase ===
Checking query plan before run phase
=== Executing the run phase with extendproportion=0 and read/update proportions=0.5 ===
Arrangement completed. Output saved to ../analysis/Data/Workload_data/postgresql_arrayjson_vacuum_notfull_bigcache_run3_uniform_light_mixed.csv
Arrangement completed. Output saved to ../analysis/Data/Workload_data/postgresql_arrayjson_vacuum_notfull_bigcache_run3_uniform_light_mixed.csv
Backing up the database started
Backing up the database finished
Arrangement completed. Output saved to ../analysis/Data/Workload_data/postgresql_arrayjson_vacuum_notfull_bigcache_run3_uniform_light_mixed.csv
Size computation started
Appending subsequent iteration 94...
Iteration 94: Appended new size values from key_sizes_postgresql_arrayjson_vacuum_notfull_bigcache_uniform_light_mixed_run3.csv to ../analysis/Data/Value_size_data/value_sizes_postgresql_arrayjson_vacuum_notfull_bigcache_run3_uniform_light_after_mixed.csv
Total size: 134213400, Field length average: 13421
Workload file fieldlength set to: 13421 (expected: 13421)
=== Executing the load phase for the comparison study ===
Comparison-load verification - Epoch:10 Run:4 TotalSize:134210000 ExpectedFieldLength:13421
Avg-run verification - Epoch:10 Run:4 Iteration:94 TotalSize:134210000 ExpectedFieldLength:13421
=== Executing the run phase with extendproportion=0 and read/update proportions=0.5 ===
Arrangement completed. Output saved to ../analysis/Data/Workload_data/postgresql_arrayjson_vacuum_notfull_bigcache_run3_uniform_light_mixed.csv
=== Setting parameter values for extend phase ===
=== Executing the extend phase with extendproportion=1 and other proportions=0 ===
Arrangement completed. Output saved to ../analysis/Data/Workload_data/postgresql_arrayjson_vacuum_notfull_bigcache_run3_uniform_light_mixed.csv
Size computation started
Extend verification - Min:121800 Max:137000 Avg:135263 (Expected avg per record: ~1000 bytes initially)
Generating histogram from key size log: key_sizes_postgresql_arrayjson_vacuum_notfull_bigcache_uniform_light_mixed_run3.csv
Histogram written to histogram.txt (BlockSize = 100)
Appending subsequent iteration 95...
Iteration 95: Appended new size values from key_sizes_postgresql_arrayjson_vacuum_notfull_bigcache_uniform_light_mixed_run3.csv to ../analysis/Data/Value_size_data/value_sizes_postgresql_arrayjson_vacuum_notfull_bigcache_run3_uniform_light_before_mixed.csv
VACUUM start: 1774656219
VACUUM end: 1774656219
=== Setting parameter values for run phase ===
Checking query plan before run phase
=== Executing the run phase with extendproportion=0 and read/update proportions=0.5 ===
Arrangement completed. Output saved to ../analysis/Data/Workload_data/postgresql_arrayjson_vacuum_notfull_bigcache_run3_uniform_light_mixed.csv
Arrangement completed. Output saved to ../analysis/Data/Workload_data/postgresql_arrayjson_vacuum_notfull_bigcache_run3_uniform_light_mixed.csv
Backing up the database started
Backing up the database finished
Arrangement completed. Output saved to ../analysis/Data/Workload_data/postgresql_arrayjson_vacuum_notfull_bigcache_run3_uniform_light_mixed.csv
Size computation started
Appending subsequent iteration 95...
Iteration 95: Appended new size values from key_sizes_postgresql_arrayjson_vacuum_notfull_bigcache_uniform_light_mixed_run3.csv to ../analysis/Data/Value_size_data/value_sizes_postgresql_arrayjson_vacuum_notfull_bigcache_run3_uniform_light_after_mixed.csv
Total size: 135648300, Field length average: 13564
Workload file fieldlength set to: 13564 (expected: 13564)
=== Executing the load phase for the comparison study ===
Comparison-load verification - Epoch:10 Run:5 TotalSize:135640000 ExpectedFieldLength:13564
Avg-run verification - Epoch:10 Run:5 Iteration:95 TotalSize:135640000 ExpectedFieldLength:13564
=== Executing the run phase with extendproportion=0 and read/update proportions=0.5 ===
Arrangement completed. Output saved to ../analysis/Data/Workload_data/postgresql_arrayjson_vacuum_notfull_bigcache_run3_uniform_light_mixed.csv
=== Setting parameter values for extend phase ===
=== Executing the extend phase with extendproportion=1 and other proportions=0 ===
Arrangement completed. Output saved to ../analysis/Data/Workload_data/postgresql_arrayjson_vacuum_notfull_bigcache_run3_uniform_light_mixed.csv
Size computation started
Extend verification - Min:123000 Max:137900 Avg:136654 (Expected avg per record: ~1000 bytes initially)
Generating histogram from key size log: key_sizes_postgresql_arrayjson_vacuum_notfull_bigcache_uniform_light_mixed_run3.csv
Histogram written to histogram.txt (BlockSize = 100)
Appending subsequent iteration 96...
Iteration 96: Appended new size values from key_sizes_postgresql_arrayjson_vacuum_notfull_bigcache_uniform_light_mixed_run3.csv to ../analysis/Data/Value_size_data/value_sizes_postgresql_arrayjson_vacuum_notfull_bigcache_run3_uniform_light_before_mixed.csv
VACUUM start: 1774656697
VACUUM end: 1774656697
=== Setting parameter values for run phase ===
Checking query plan before run phase
=== Executing the run phase with extendproportion=0 and read/update proportions=0.5 ===
Arrangement completed. Output saved to ../analysis/Data/Workload_data/postgresql_arrayjson_vacuum_notfull_bigcache_run3_uniform_light_mixed.csv
Arrangement completed. Output saved to ../analysis/Data/Workload_data/postgresql_arrayjson_vacuum_notfull_bigcache_run3_uniform_light_mixed.csv
Backing up the database started
Backing up the database finished
Arrangement completed. Output saved to ../analysis/Data/Workload_data/postgresql_arrayjson_vacuum_notfull_bigcache_run3_uniform_light_mixed.csv
Size computation started
Appending subsequent iteration 96...
Iteration 96: Appended new size values from key_sizes_postgresql_arrayjson_vacuum_notfull_bigcache_uniform_light_mixed_run3.csv to ../analysis/Data/Value_size_data/value_sizes_postgresql_arrayjson_vacuum_notfull_bigcache_run3_uniform_light_after_mixed.csv
Total size: 136703200, Field length average: 13670
Workload file fieldlength set to: 13670 (expected: 13670)
=== Executing the load phase for the comparison study ===
Comparison-load verification - Epoch:10 Run:6 TotalSize:136700000 ExpectedFieldLength:13670
Avg-run verification - Epoch:10 Run:6 Iteration:96 TotalSize:136700000 ExpectedFieldLength:13670
=== Executing the run phase with extendproportion=0 and read/update proportions=0.5 ===
Arrangement completed. Output saved to ../analysis/Data/Workload_data/postgresql_arrayjson_vacuum_notfull_bigcache_run3_uniform_light_mixed.csv
=== Setting parameter values for extend phase ===
=== Executing the extend phase with extendproportion=1 and other proportions=0 ===
Arrangement completed. Output saved to ../analysis/Data/Workload_data/postgresql_arrayjson_vacuum_notfull_bigcache_run3_uniform_light_mixed.csv
Size computation started
Extend verification - Min:123300 Max:138900 Avg:137689 (Expected avg per record: ~1000 bytes initially)
Generating histogram from key size log: key_sizes_postgresql_arrayjson_vacuum_notfull_bigcache_uniform_light_mixed_run3.csv
Histogram written to histogram.txt (BlockSize = 100)
Appending subsequent iteration 97...
Iteration 97: Appended new size values from key_sizes_postgresql_arrayjson_vacuum_notfull_bigcache_uniform_light_mixed_run3.csv to ../analysis/Data/Value_size_data/value_sizes_postgresql_arrayjson_vacuum_notfull_bigcache_run3_uniform_light_before_mixed.csv
VACUUM start: 1774657174
VACUUM end: 1774657174
=== Setting parameter values for run phase ===
Checking query plan before run phase
=== Executing the run phase with extendproportion=0 and read/update proportions=0.5 ===
Arrangement completed. Output saved to ../analysis/Data/Workload_data/postgresql_arrayjson_vacuum_notfull_bigcache_run3_uniform_light_mixed.csv
Arrangement completed. Output saved to ../analysis/Data/Workload_data/postgresql_arrayjson_vacuum_notfull_bigcache_run3_uniform_light_mixed.csv
Backing up the database started
Backing up the database finished
Arrangement completed. Output saved to ../analysis/Data/Workload_data/postgresql_arrayjson_vacuum_notfull_bigcache_run3_uniform_light_mixed.csv
Size computation started
Appending subsequent iteration 97...
Iteration 97: Appended new size values from key_sizes_postgresql_arrayjson_vacuum_notfull_bigcache_uniform_light_mixed_run3.csv to ../analysis/Data/Value_size_data/value_sizes_postgresql_arrayjson_vacuum_notfull_bigcache_run3_uniform_light_after_mixed.csv
Total size: 137609100, Field length average: 13760
Workload file fieldlength set to: 13760 (expected: 13760)
=== Executing the load phase for the comparison study ===
Comparison-load verification - Epoch:10 Run:7 TotalSize:137600000 ExpectedFieldLength:13760
Avg-run verification - Epoch:10 Run:7 Iteration:97 TotalSize:137600000 ExpectedFieldLength:13760
=== Executing the run phase with extendproportion=0 and read/update proportions=0.5 ===
Arrangement completed. Output saved to ../analysis/Data/Workload_data/postgresql_arrayjson_vacuum_notfull_bigcache_run3_uniform_light_mixed.csv
=== Setting parameter values for extend phase ===
=== Executing the extend phase with extendproportion=1 and other proportions=0 ===
Arrangement completed. Output saved to ../analysis/Data/Workload_data/postgresql_arrayjson_vacuum_notfull_bigcache_run3_uniform_light_mixed.csv
Size computation started
Extend verification - Min:123600 Max:140200 Avg:138702 (Expected avg per record: ~1000 bytes initially)
Generating histogram from key size log: key_sizes_postgresql_arrayjson_vacuum_notfull_bigcache_uniform_light_mixed_run3.csv
Histogram written to histogram.txt (BlockSize = 100)
Appending subsequent iteration 98...
Iteration 98: Appended new size values from key_sizes_postgresql_arrayjson_vacuum_notfull_bigcache_uniform_light_mixed_run3.csv to ../analysis/Data/Value_size_data/value_sizes_postgresql_arrayjson_vacuum_notfull_bigcache_run3_uniform_light_before_mixed.csv
VACUUM start: 1774657657
VACUUM end: 1774657657
=== Setting parameter values for run phase ===
Checking query plan before run phase
=== Executing the run phase with extendproportion=0 and read/update proportions=0.5 ===
Arrangement completed. Output saved to ../analysis/Data/Workload_data/postgresql_arrayjson_vacuum_notfull_bigcache_run3_uniform_light_mixed.csv
Arrangement completed. Output saved to ../analysis/Data/Workload_data/postgresql_arrayjson_vacuum_notfull_bigcache_run3_uniform_light_mixed.csv
Backing up the database started
Backing up the database finished
Arrangement completed. Output saved to ../analysis/Data/Workload_data/postgresql_arrayjson_vacuum_notfull_bigcache_run3_uniform_light_mixed.csv
Size computation started
Appending subsequent iteration 98...
Iteration 98: Appended new size values from key_sizes_postgresql_arrayjson_vacuum_notfull_bigcache_uniform_light_mixed_run3.csv to ../analysis/Data/Value_size_data/value_sizes_postgresql_arrayjson_vacuum_notfull_bigcache_run3_uniform_light_after_mixed.csv
Total size: 139094700, Field length average: 13909
Workload file fieldlength set to: 13909 (expected: 13909)
=== Executing the load phase for the comparison study ===
Comparison-load verification - Epoch:10 Run:8 TotalSize:139090000 ExpectedFieldLength:13909
Avg-run verification - Epoch:10 Run:8 Iteration:98 TotalSize:139090000 ExpectedFieldLength:13909
=== Executing the run phase with extendproportion=0 and read/update proportions=0.5 ===
Arrangement completed. Output saved to ../analysis/Data/Workload_data/postgresql_arrayjson_vacuum_notfull_bigcache_run3_uniform_light_mixed.csv
=== Setting parameter values for extend phase ===
=== Executing the extend phase with extendproportion=1 and other proportions=0 ===
Arrangement completed. Output saved to ../analysis/Data/Workload_data/postgresql_arrayjson_vacuum_notfull_bigcache_run3_uniform_light_mixed.csv
Size computation started
Extend verification - Min:125100 Max:141500 Avg:140092 (Expected avg per record: ~1000 bytes initially)
Generating histogram from key size log: key_sizes_postgresql_arrayjson_vacuum_notfull_bigcache_uniform_light_mixed_run3.csv
Histogram written to histogram.txt (BlockSize = 100)
Appending subsequent iteration 99...
Iteration 99: Appended new size values from key_sizes_postgresql_arrayjson_vacuum_notfull_bigcache_uniform_light_mixed_run3.csv to ../analysis/Data/Value_size_data/value_sizes_postgresql_arrayjson_vacuum_notfull_bigcache_run3_uniform_light_before_mixed.csv
VACUUM start: 1774658141
VACUUM end: 1774658142
=== Setting parameter values for run phase ===
Checking query plan before run phase
=== Executing the run phase with extendproportion=0 and read/update proportions=0.5 ===
Arrangement completed. Output saved to ../analysis/Data/Workload_data/postgresql_arrayjson_vacuum_notfull_bigcache_run3_uniform_light_mixed.csv
Arrangement completed. Output saved to ../analysis/Data/Workload_data/postgresql_arrayjson_vacuum_notfull_bigcache_run3_uniform_light_mixed.csv
Backing up the database started
Backing up the database finished
Arrangement completed. Output saved to ../analysis/Data/Workload_data/postgresql_arrayjson_vacuum_notfull_bigcache_run3_uniform_light_mixed.csv
Size computation started
Appending subsequent iteration 99...
Iteration 99: Appended new size values from key_sizes_postgresql_arrayjson_vacuum_notfull_bigcache_uniform_light_mixed_run3.csv to ../analysis/Data/Value_size_data/value_sizes_postgresql_arrayjson_vacuum_notfull_bigcache_run3_uniform_light_after_mixed.csv
Total size: 140547100, Field length average: 14054
Workload file fieldlength set to: 14054 (expected: 14054)
=== Executing the load phase for the comparison study ===
Comparison-load verification - Epoch:10 Run:9 TotalSize:140540000 ExpectedFieldLength:14054
Avg-run verification - Epoch:10 Run:9 Iteration:99 TotalSize:140540000 ExpectedFieldLength:14054
=== Executing the run phase with extendproportion=0 and read/update proportions=0.5 ===
Arrangement completed. Output saved to ../analysis/Data/Workload_data/postgresql_arrayjson_vacuum_notfull_bigcache_run3_uniform_light_mixed.csv
=== Setting parameter values for extend phase ===
=== Executing the extend phase with extendproportion=1 and other proportions=0 ===
Arrangement completed. Output saved to ../analysis/Data/Workload_data/postgresql_arrayjson_vacuum_notfull_bigcache_run3_uniform_light_mixed.csv
Size computation started
Extend verification - Min:127200 Max:143100 Avg:141520 (Expected avg per record: ~1000 bytes initially)
Generating histogram from key size log: key_sizes_postgresql_arrayjson_vacuum_notfull_bigcache_uniform_light_mixed_run3.csv
Histogram written to histogram.txt (BlockSize = 100)
Appending subsequent iteration 100...
Iteration 100: Appended new size values from key_sizes_postgresql_arrayjson_vacuum_notfull_bigcache_uniform_light_mixed_run3.csv to ../analysis/Data/Value_size_data/value_sizes_postgresql_arrayjson_vacuum_notfull_bigcache_run3_uniform_light_before_mixed.csv
VACUUM start: 1774658629
VACUUM end: 1774658629
=== Setting parameter values for run phase ===
Checking query plan before run phase
=== Executing the run phase with extendproportion=0 and read/update proportions=0.5 ===
Arrangement completed. Output saved to ../analysis/Data/Workload_data/postgresql_arrayjson_vacuum_notfull_bigcache_run3_uniform_light_mixed.csv
Arrangement completed. Output saved to ../analysis/Data/Workload_data/postgresql_arrayjson_vacuum_notfull_bigcache_run3_uniform_light_mixed.csv
Backing up the database started
Backing up the database finished
Arrangement completed. Output saved to ../analysis/Data/Workload_data/postgresql_arrayjson_vacuum_notfull_bigcache_run3_uniform_light_mixed.csv
Size computation started
Appending subsequent iteration 100...
Iteration 100: Appended new size values from key_sizes_postgresql_arrayjson_vacuum_notfull_bigcache_uniform_light_mixed_run3.csv to ../analysis/Data/Value_size_data/value_sizes_postgresql_arrayjson_vacuum_notfull_bigcache_run3_uniform_light_after_mixed.csv
Total size: 141902500, Field length average: 14190
Workload file fieldlength set to: 14190 (expected: 14190)
=== Executing the load phase for the comparison study ===
Comparison-load verification - Epoch:10 Run:10 TotalSize:141900000 ExpectedFieldLength:14190
Avg-run verification - Epoch:10 Run:10 Iteration:100 TotalSize:141900000 ExpectedFieldLength:14190
=== Executing the run phase with extendproportion=0 and read/update proportions=0.5 ===
Arrangement completed. Output saved to ../analysis/Data/Workload_data/postgresql_arrayjson_vacuum_notfull_bigcache_run3_uniform_light_mixed.csv
=== All steps completed. Results are logged in ./ycsb_postgresql_arrayjson_vacuum_notfull_bigcache_uniform_light_mixed_run3_results.log ===
