Key,Run1,Run2,Run3,Run4,Run5,Run6,Run7,Run8,Run9,Run10,Run11,Run12,Run13,Run14,Run15,Run16,Run17,Run18,Run19,Run20,Run21,Run22,Run23,Run24,Run25,Run26,Run27,Run28,Run29,Run30,Run31,Run32,Run33,Run34,Run35,Run36,Run37,Run38,Run39,Run40,Run41,Run42,Run43,Run44,Run45,Run46,Run47,Run48,Run49,Run50,Run51,Run52,Run53,Run54,Run55,Run56,Run57,Run58,Run59,Run60,Run61,Run62,Run63,Run64,Run65,Run66,Run67,Run68,Run69,Run70,Run71,Run72,Run73,Run74,Run75,Run76,Run77,Run78,Run79,Run80,Run81,Run82,Run83,Run84,Run85,Run86,Run87,Run88,Run89,Run90,Run91,Run92,Run93,Run94,Run95,Run96,Run97,Run98,Run99,Run100
user3232700585171816769,1777,2877,3977,5377,5977,6377,7077,8277,9177,10877,11377,11977,12877,13777,14577,15477,16677,17777,18677,19577,20277,21577,22077,23177,24177,25377,26577,27277,28177,28977,30777,31777,33177,34077,35277,36577,37477,38377,39977,41177,42177,43077,43677,44877,45377,47077,47677,48977,49577,50777,51577,52377,53077,54377,55177,55977,56577,58077,59177,60077,61177,62677,63877,64477,65177,65777,66777,67777,68877,69577,70277,70877,71577,71977,72677,73077,74277,75477,76877,77677,79177,79977,80777,81977,82777,83877,84677,85577,86377,87777,88977,89777,90877,91977,93277,94677,95577,96777,97977,98777
user8536961916736318240,1984,3384,4384,5984,6984,8484,9584,10384,11184,12584,13584,14284,15484,16384,16984,17984,18784,19884,20784,21184,22384,23684,24084,25284,26084,27384,28184,28984,30284,32084,33584,34484,34984,36084,37084,37584,38284,39384,40284,41384,42184,43684,44684,45784,47184,47884,49084,50084,50984,51784,52684,53784,54784,55984,57384,57984,59584,60684,61584,62584,63084,64384,65184,65984,67084,68184,68884,70184,71784,72984,74284,75284,76184,77184,77684,78584,80084,81384,82684,83584,84484,85084,86484,87184,88184,88984,89984,90484,91084,91884,92484,93484,94284,95384,95784,96784,97784,99184,100184,101384
user4640687271668624146,1270,2270,3370,3870,4470,5270,6070,7270,8170,8870,9570,10370,10970,11870,12770,13170,14070,14770,16170,17170,18570,19170,19970,20870,21970,22870,23670,25470,26570,27570,28470,29370,30070,30870,32170,32870,34270,35370,35970,37570,38470,39470,40270,40870,42370,43670,44870,46170,46870,47670,48670,49570,50970,52070,52770,54070,54970,55670,56770,57270,58270,59370,60570,60970,62170,62970,63370,64570,65670,66170,67670,68970,69470,70670,71970,73170,74170,75170,76070,76870,77470,78570,79170,80170,81170,81970,82670,83570,85170,86170,87370,88670,89770,90470,91070,92270,93570,94970,95970,96470
user4746854945224278505,1675,2775,4075,5075,6475,7375,7775,8475,9675,10775,11175,12175,12975,14375,15175,16275,17175,18075,19475,20475,21575,22675,23375,24175,25075,26375,27175,28075,29275,30475,30975,31875,32675,33875,34875,35475,36675,37575,38575,39375,40375,41575,42475,43375,44275,45075,46375,47875,48975,50075,50575,51775,53175,53575,54375,55875,56675,56975,57775,58575,59675,60375,62075,63075,63775,64375,65175,65975,67075,68375,69275,69975,70375,71375,71675,72775,73775,74975,76075,77975,79275,80075,81475,81975,82975,83575,84875,85575,86775,87575,88875,89575,90475,91275,92075,93075,94075,95975,97175,98575
user2996592682669871081,1574,2474,3674,4974,5974,7374,8074,8974,9674,10774,11874,12474,13374,14174,15174,15874,16974,18274,19674,20774,21374,22074,23174,24674,26074,27674,29374,30074,31174,31874,32774,34074,35774,36774,37274,38074,39174,40574,41274,41674,43074,43974,44874,45874,46874,47774,48674,49274,50374,50674,51574,52774,52974,54074,55574,56774,57974,58974,60674,61974,62774,63974,64574,65274,65974,66574,67574,68074,69174,69974,70874,72274,72774,73674,74574,75374,77074,78374,79574,80074,81474,83174,84374,85674,86374,86874,87974,88574,89274,90474,91874,93174,94274,95474,96374,97174,98174,98974,99674,100574
user6873002678636213555,1872,2572,3472,4172,5272,6572,7672,8972,9672,10472,11472,12272,13172,14972,16272,17472,18872,20072,21072,22472,23772,25172,26272,27072,28072,28972,29972,31372,32272,33372,33972,34972,36272,37372,38372,39572,40272,40972,42172,43072,44072,44972,46072,46872,47572,48572,49172,50572,51172,52272,53472,54672,55672,57072,57372,58472,59172,59972,60472,61372,62272,63272,63672,64372,65172,66072,67272,68272,69972,71472,72372,72972,73772,74472,76072,76872,77972,79972,81072,82372,83772,84772,85672,86772,87472,88272,89472,90472,91872,92672,93872,95072,95772,96472,97972,98472,99372,100172,101572,102972
user5561033025926542844,1870,2770,3870,4870,6070,7070,7870,9270,9770,10970,12570,13170,14170,15370,16270,17670,18570,19170,19870,20770,21570,23070,24070,24970,26370,27270,27870,28670,29270,30070,30970,31770,33070,34670,35970,36970,37370,38770,39370,40170,41370,42370,42570,43370,43970,45270,46170,47370,48370,49670,50370,51170,52470,53770,54470,55470,56670,57170,57570,58570,59770,60770,61970,62870,64270,65570,66270,67070,67670,68670,69470,70670,71870,73370,74370,75570,76070,77470,78570,79370,80170,81270,81970,82970,83970,85170,86370,88070,88670,88970,89770,90470,91170,92170,92770,93670,94170,95370,96470,97370
user1699583181824442426,1577,2377,3377,4677,5777,6677,7777,8577,8677,9777,10977,11377,12377,13277,14677,15977,17277,18077,19077,19777,20877,22277,23077,24077,24677,25877,26977,27777,28277,29177,30377,31177,31577,32677,34077,34977,35977,36977,37477,38377,39077,40577,41977,42777,43477,44277,45277,46177,47577,48477,48977,50077,50877,52177,53277,53577,54477,56077,56977,58077,59277,60277,61277,62977,63977,64677,65777,66577,67477,67777,68977,69977,70977,71977,72877,74277,74877,76377,77377,78277,79577,80677,81077,81577,82177,82677,83277,84077,84977,85877,86677,88077,88777,90077,91477,92077,93477,94877,96077,97177
user6752434813728457588,1284,2084,2284,4084,5084,5984,7084,8184,8984,9784,11084,12384,13784,14484,15184,16084,16584,17684,18984,20184,21284,22084,22884,23784,25484,26684,27684,29484,31284,31884,33084,33984,34984,36084,36984,38184,39384,40284,41384,42084,43584,44484,45084,45984,47284,48384,49184,50284,50884,52184,53284,54484,55484,57084,58584,59284,60284,61084,62284,63284,64384,65484,66284,67184,67784,68584,69184,70184,70684,71384,72684,73184,74384,75384,76384,77884,79084,79884,80784,82184,83384,84484,85684,86484,87084,87884,88784,89584,90184,91184,92484,93384,94384,95584,97084,97584,98784,99784,101184,102484
user8873773035044668275,2283,3583,4883,5183,6383,7383,8183,9283,10483,12183,13583,14083,14883,15983,17083,18183,19183,19883,20783,22283,23383,24183,25083,26083,26783,28383,29283,30483,31583,33183,33783,34383,35583,36383,37083,38183,39183,39783,40483,41183,42583,43583,44583,45483,46683,47783,48983,49383,50483,51283,52283,53483,54583,55883,56683,57783,58383,58683,60383,61183,62083,63283,64183,65183,65883,66983,67983,69383,70083,71083,71883,72583,73583,74583,75683,76683,78383,79283,80283,81283,81983,82883,84383,84983,86383,87283,88483,89383,90283,91683,92683,93983,95083,95983,96583,98183,99083,100383,101383,102283
user5917490478118402616,1780,2680,3580,4880,5780,7580,8180,9080,9880,10680,11280,11780,12580,13380,14680,15580,16080,17280,18280,19680,21180,22380,23180,23780,24380,25280,26380,27280,28080,28980,30080,31280,32680,33580,34180,34880,36380,36780,37680,39180,40080,41380,42680,44080,45280,46880,47980,49280,50180,51280,52580,53280,54080,55480,56680,58080,59280,60080,60980,62180,63380,64380,65180,65680,66280,67580,68580,69480,70380,71580,72580,73180,74380,74980,76280,77280,78080,79180,79980,80780,81780,82980,83980,84980,85880,86780,88080,88880,89380,90480,91380,92680,93780,95180,96580,97780,98380,99380,100080,101780
user306556647191877105,2068,2768,3668,4768,5568,6468,7468,8268,9468,10368,11868,12968,13468,14868,15968,16868,17668,18768,19468,20368,21468,22968,23468,23968,25268,26268,27468,28668,29668,30468,31668,32368,33068,33768,34668,35768,36568,37668,39068,39868,41168,42368,43768,44668,45968,46668,47868,49468,50768,52268,53168,54468,55968,57168,58768,60368,60868,61868,62568,63368,63968,65068,65968,67168,67968,68668,70068,70968,71568,72368,73068,74168,74568,76368,77468,77668,79168,80168,80968,81968,83068,84468,85268,86268,87168,88468,89968,90568,91668,93168,93968,94668,95868,96668,97768,98768,99968,100568,101668,102668
user2061505091765552210,1883,3083,3683,4483,5283,6183,7383,7983,8883,9683,10683,11683,12583,13683,14683,15283,15983,17483,18483,19183,20783,21983,22983,24283,24983,25983,26783,27983,28883,30283,31683,32483,33383,34383,35183,36383,37083,38083,38883,39883,40783,41583,41983,42483,43283,44683,45883,47383,47683,48783,49883,51283,52183,52783,53983,55383,56283,57483,58083,58783,60183,60883,62183,63183,64083,65783,66883,67783,68783,69783,70783,71983,72883,73583,74383,75783,76483,77383,78683,79583,80683,81183,82583,83783,84183,85583,86183,87583,88183,88883,90183,91683,92583,93383,94383,95283,96483,96883,98083,98383
user7456195669291483653,1681,2781,3681,4781,5781,6581,7781,8981,9981,10881,11781,13281,13881,14881,15881,16681,17881,19281,19681,20981,21481,22481,23981,24381,25081,26481,28081,28881,29881,30881,31681,33681,35181,35781,36681,38081,39481,40581,41981,42681,43381,43881,45081,46081,47081,48081,49181,50181,51181,52581,53381,54881,55681,56881,58181,59181,60081,61281,62181,63181,63781,64381,65681,66981,67681,68181,69281,69981,70681,71681,72581,73481,74381,75081,76181,76881,77681,79381,80481,81181,81881,82681,83581,84981,86481,87481,88181,89381,90481,91881,93081,93781,94781,96281,97281,97481,99181,99881,100781,101781
user3705381365546463392,1976,2976,4676,5876,7076,7976,8876,9676,10976,12176,13376,14776,15376,16276,17376,18976,20176,21376,22176,23176,24276,24776,25276,26376,27676,28576,30176,30976,32276,33376,34376,35576,36676,37076,37976,39676,40776,41876,42676,43476,44376,45876,47776,48776,50176,50876,51676,52776,53576,54476,55776,56476,57376,58376,59976,61476,62176,62876,63776,64876,65276,66376,66976,67476,68976,70176,71476,72476,73476,74476,76076,77276,78076,78876,80076,81176,82476,83676,84076,85576,86476,87176,88176,89476,90676,91676,92576,93276,94276,94976,95176,96576,97776,98676,99876,101376,102276,103176,103976,104876
user633995401461691778,1878,2578,3578,4278,5078,6478,7378,8478,9878,10378,10678,11378,12378,13578,14678,15778,16278,17278,17878,19378,20178,20878,22378,24278,25178,25978,26678,28478,29378,30878,32078,33278,34178,35378,35878,37778,39378,40778,42078,43478,44478,45278,46178,46978,47978,49178,50378,51478,52378,53078,54278,55178,55878,57378,58178,58978,59978,61078,62278,63278,63978,64778,66078,67378,68178,69578,70578,71678,72478,73778,74478,74978,75578,76878,77478,78678,79778,81178,81778,82078,82878,84278,85578,86278,87378,88478,89678,90678,91778,92678,93778,95078,96678,97178,98278,99678,100878,102478,103578,104178
user6279754033353810965,1981,2481,3081,3881,5081,6181,7081,8281,9181,10781,11381,11881,12381,13481,14181,14981,15681,17181,18681,19981,20581,21081,21781,22381,23381,24581,25581,26481,27581,28181,29581,30381,31581,32381,32981,33981,35481,36881,37481,39081,40581,41281,42281,42981,43781,44481,45281,45881,47281,48381,49481,50581,51281,52081,53181,54281,54881,56281,57381,57881,58681,59481,60681,61981,63281,63681,64381,65681,66881,67981,68581,69381,70581,71181,72381,73481,74681,76181,77181,78181,79381,80681,81781,83081,83681,84981,85881,86981,87881,88981,89881,90781,91181,92181,93281,94081,94881,95681,96381,97481
user7471155821155725709,2271,3171,4371,5171,6071,7071,8471,8771,9771,10971,11371,12771,14171,15471,16371,17371,18271,19671,20371,21271,22071,23371,24071,25371,26571,28271,29871,30971,31771,32571,33171,33871,34671,35871,36671,37671,39171,40271,40771,41671,42971,43971,44471,45871,47671,48571,48871,50071,51171,52171,53371,54071,55071,56171,56871,58471,59371,60171,62171,63571,64471,65271,66871,68271,69671,70771,71871,73171,74071,74871,75871,76871,77571,78671,79471,80571,81871,82571,83071,83771,84871,85371,86271,87371,87671,89171,89871,90771,92271,93371,94271,95371,95971,97371,98471,99371,100471,101671,102371,103471
user764277275702281672,1978,2878,4278,5478,7278,7678,8978,9978,10678,11678,12978,13478,14478,15278,16178,17378,18778,19578,20478,21778,22778,24078,25178,25978,26478,27478,28778,30178,31078,31478,32078,33278,33878,35178,35878,37478,38178,40278,41078,41878,42578,43578,44778,45978,47478,48478,49778,50478,51178,51978,53078,53778,54278,55078,55878,56878,57578,58478,59078,59878,60878,62478,63478,64078,64578,65878,66678,68178,69478,70078,70778,71478,72778,74378,75078,76778,77178,78178,78878,79878,81078,81878,82578,83278,84678,84978,86278,87078,88178,89278,89978,91778,92978,93978,95478,96578,97478,98478,99878,101378
user5233812586874570054,1680,3280,4480,5480,6380,7880,9280,10680,11680,13080,13980,15080,15980,16880,17980,18680,19280,20780,21580,22280,23180,24880,25580,26380,27580,29180,29480,30580,31680,32780,33980,35780,36980,37880,38680,39680,40980,41580,42680,43780,45080,46380,47680,49280,50280,51480,51980,52880,54280,55380,56680,57780,59180,59880,61080,61980,63280,64380,65280,66980,68080,69180,69880,70580,71580,72280,73080,73980,74980,75880,77780,78680,79980,81080,82180,83380,84480,85280,85880,87280,89180,90380,91280,92480,93280,94080,95580,96280,97280,98380,99880,100580,101480,102780,103380,104480,105280,105880,106980,107580
user8743272845586236498,1976,3976,4776,6176,7176,7976,8576,9576,10876,11776,13176,14076,15076,16876,17876,19076,19676,20876,21976,23176,24776,25676,26276,27076,27876,28776,29576,30376,31376,32676,34476,35176,36276,37376,39076,39576,40576,41176,42176,42876,43776,45176,45876,46976,48076,48976,49976,50676,51576,52876,54076,55276,55576,56876,58576,59576,60476,61176,62076,63376,63976,64776,65476,66876,68076,69076,69976,71076,72176,72676,73576,74376,75376,75876,76976,78676,79576,80276,81476,82576,83776,85376,85876,86576,87976,89276,90476,91176,92276,93276,94176,95076,96476,97176,98176,99676,100276,101476,102276,103576
user190674964303388819,2579,3879,4379,5479,6379,7579,8579,10179,11379,12379,13379,14279,15679,16279,17279,18479,18879,19979,21179,22179,23479,24779,26079,26579,27379,28379,30079,31379,32479,33379,34679,35679,36679,37779,39679,40379,41979,42779,43579,44479,44979,46179,47179,47879,49079,49579,50079,50679,51279,52379,53479,54279,55479,56679,58179,59279,59679,60079,60879,61979,63079,64179,65079,65879,66979,67779,69379,70579,71379,72579,73179,73679,75279,76179,76579,77479,77979,79279,80479,81579,82479,83679,84579,85579,86679,87879,88979,89779,90679,91579,92579,93579,94879,96279,96879,98879,99279,99979,100679,101679
user6993570543543969522,1985,3085,4385,5585,6485,7585,8385,9685,11385,12785,13485,14785,15785,16785,18385,19085,20485,21585,22785,23685,24285,25085,25985,26785,27485,28285,29285,29785,31085,32285,33185,34085,34885,35985,36885,37685,39285,40485,41685,42285,42985,44085,45085,46085,47685,48585,49385,50085,51185,52285,53185,54285,55285,56485,57685,58285,58985,59585,60885,61785,62385,63485,65785,66885,68585,70185,70285,71785,72785,73685,74485,75585,76785,77785,78285,79185,80185,81085,81785,82785,83985,85285,86185,87085,87885,88885,89785,90485,91285,92485,93685,94785,96185,97685,98685,99685,100885,101685,102885,103085
user6400321898261566932,1878,2778,3978,5078,5778,6978,8578,9778,10778,11478,12778,13578,15178,16078,17078,18978,20378,21478,23278,24878,25478,26278,27578,29178,30078,30778,31578,32378,33178,34378,35778,37278,38378,39378,40678,42178,44078,44978,45978,47478,48978,50678,51778,52478,52678,53878,55678,57478,58378,59178,59578,60178,61078,61678,62878,63678,64778,65978,67678,68778,69878,71078,71678,72778,73078,74378,75378,76878,77878,78878,80278,81078,82578,83278,84278,84678,85578,86678,87578,88378,88878,90178,90778,91878,92878,93978,94978,95578,96778,97578,98478,99478,100678,101478,102178,102378,103878,104578,105478,106178
user5349475954545216457,2377,3177,4777,5577,6777,7977,8577,9477,10577,11377,12077,12977,14577,16177,17177,18177,18877,20477,21577,22277,23377,24077,24977,25877,26777,27377,28077,28577,29777,31177,32477,33477,34077,35277,36877,37877,38577,39777,40377,41077,41977,42577,43977,45377,46177,47077,47877,48377,49377,49977,50477,51677,52777,53777,54877,56177,56877,57577,58577,59477,60577,61877,62977,63777,64477,65477,65977,67377,68177,69277,70177,71677,72677,73577,74777,75677,76777,77877,79277,80377,81277,82077,83377,84177,84977,85977,86877,87977,88977,89577,89977,90377,92377,93077,94177,95077,96377,97277,98577,99377
user759031133170873543,1974,2974,3774,4874,5874,7074,8174,9374,11074,12174,12974,13874,15074,15474,16374,16974,18074,19174,19874,20874,21974,23074,24474,25974,26574,26974,27674,28974,29874,30974,32374,33374,34474,35474,36274,38074,38674,39274,40474,41074,42174,43274,44274,44774,45974,47174,48174,48874,49774,50674,51674,53074,54274,55074,56774,57674,58874,59374,60474,61374,62974,64274,64974,66174,66974,68474,69474,70674,72074,73374,74774,75374,75974,76974,77574,78174,78774,79074,80274,81574,82874,83974,84774,85874,87074,87674,88674,89774,91074,92174,92974,93674,94874,96574,97674,98574,99274,100374,101374,102574
user2162208307571956557,1670,2370,3170,4370,5270,6170,7170,7970,8770,9570,11270,12270,13270,14070,15170,16470,17670,18570,19870,20270,21770,22870,24170,25570,26170,26870,27570,28970,30170,31570,31870,33070,34070,34770,36170,37370,38470,39470,40570,41370,42470,43870,44670,46170,47170,48470,49270,50370,51270,52270,53170,54770,55970,57070,57970,58670,59970,60670,61470,62070,64070,64770,66070,66970,67770,68570,69570,70570,71770,72570,73470,74670,75970,76970,78170,79670,80770,81670,82470,82970,83770,84370,84970,85970,86570,88370,89670,90570,91770,92370,93570,94170,94870,95670,96670,97370,98470,99270,99970,100570
user2302422506363222261,1875,3075,3775,4675,5875,6375,8475,9275,10275,11675,12775,13875,15175,16075,17275,18675,19275,20975,21775,22475,23875,25475,26375,27375,28475,29475,30875,31875,33175,34275,34775,35575,36875,37475,38275,39575,40475,41275,42375,43175,43975,44575,45775,46375,46975,48075,49075,49875,51175,52275,52975,53775,54475,55375,56275,57075,58375,59075,60175,61075,61775,62575,63575,64375,65475,66475,67175,68275,68975,69875,70975,72375,73275,74175,75675,76075,77075,78175,79175,79875,81375,81975,82675,83775,85275,86075,87775,88775,89975,90775,91675,92875,93475,94375,95375,96275,97075,97875,98775,99475
user5122958731299648014,1678,2678,3378,4278,5478,6378,7078,7878,8378,9678,10178,10878,11878,12778,13778,14478,14978,16078,16878,18378,19278,19878,20778,21578,22178,23478,24578,24978,25778,27478,28778,29578,30678,31878,32678,33378,33978,34678,35478,37278,37578,38778,39578,40478,41178,41878,42978,43778,44878,46278,46778,47178,47978,48978,49278,50378,51578,52378,53278,53878,54678,55978,56978,58378,59478,60578,61378,61978,62878,63978,64978,66278,67878,69378,70678,71178,71678,72278,72978,74078,74778,75378,75978,77578,78678,80378,81378,82278,83078,83578,84878,85778,87078,88078,89278,90078,91078,92678,94078,94678
user3358296277393138982,1778,3178,4178,5378,6078,7578,8778,9678,10878,12478,13778,15178,16278,17078,17878,18878,19678,20778,21678,22678,23978,24578,26578,27878,29078,30078,31278,31978,33078,34278,35378,36678,37678,38278,39378,40078,41478,42578,43478,44778,45878,46778,48578,50178,50778,51678,52478,53678,54778,56378,57378,58678,59978,60878,61978,62978,64278,65278,66378,66878,67778,68178,69178,70378,71878,73178,74478,75378,76578,77378,78178,79178,80378,81078,81678,83078,84878,86078,86878,87178,88878,90078,91578,92478,93878,94878,95578,96778,97478,98478,99878,100478,101078,102078,102478,103578,104878,105978,106978,108278
user7335627804383727686,1681,2981,3781,4381,5681,6781,8081,9181,9681,10481,11781,12881,13981,14981,15481,16681,17581,18581,19181,20181,20781,21081,22181,23481,24381,24981,26181,27581,28781,29981,31181,31881,32381,33181,34181,34881,35981,37581,38881,40381,41381,42381,43281,44281,45281,46381,47281,48281,49281,50781,51581,52481,53681,54281,55481,56581,57481,58281,59281,60481,61181,61781,62981,64281,65481,66381,67481,68881,69881,70681,72481,73181,74381,75481,76481,77881,78881,79581,80581,81681,82881,83681,85081,86181,87081,87481,88781,89881,90681,91381,92581,93581,94981,95781,96981,98781,99881,100581,101981,103281
user4635099483842917452,1884,2884,3584,4684,6084,7084,8584,9684,11084,12384,14184,15384,16184,17184,17984,18784,19884,21284,22084,23284,24184,25184,26984,28384,28584,29884,30784,31984,32784,34284,35284,36084,37384,37684,38584,39584,40784,41584,42384,43684,44184,45584,46284,47184,48184,48984,49684,50584,51984,52784,53784,54384,55984,57484,57984,58584,59584,60384,61484,63284,64684,64984,65784,66684,67584,68484,69484,70284,71184,72284,73584,74184,75184,76484,77084,78284,79384,80684,81884,82284,83184,84384,85584,87684,88984,89884,91084,92784,93484,94584,96284,96784,97784,98284,99084,99684,100984,102084,103284,104484
user990234538435709667,1580,3180,4180,4980,6080,7080,7880,9280,10580,11780,12480,13280,14480,15480,16780,18780,19480,20280,21180,22380,23380,24380,24980,25780,26480,27780,28480,29680,30880,31780,32980,33480,34080,34980,36080,37280,37980,39480,40880,41780,42880,44380,45580,46580,46980,47880,48680,49580,50480,51480,52580,53680,54580,55180,56080,56680,57480,58380,59080,60580,61280,61780,62580,63880,64480,65580,66980,67580,69180,69680,70380,71380,72480,73580,74780,75680,76580,78280,79680,80280,81180,81880,82880,83980,84880,85380,85680,86580,87380,88780,90480,91180,92880,93880,94480,95080,96380,96980,97780,98480
user6641457628077078866,1780,2580,3480,4180,5080,5780,6880,7680,8380,9380,10280,10980,12180,12980,13780,14180,15880,16980,18180,18880,19580,20780,21480,23180,24080,25180,25880,26880,28080,28480,30280,31580,32880,33980,34780,35480,35880,37080,38180,38780,39680,40280,41780,42880,43480,44880,46280,47080,47780,49180,50080,51080,52080,52980,53380,54280,55080,55980,57080,58680,60080,61180,62380,63280,63680,64680,65580,66180,67480,68680,69480,70380,71880,72080,73380,74880,76280,77180,78180,78780,79780,80780,81980,83080,83680,85080,85580,86880,87880,89480,90180,91280,91980,92780,93880,94380,95680,96480,97380,98580
user8391501575413644407,1572,2172,3072,3772,4972,5572,6572,7772,8772,10172,11372,12272,12972,14172,15772,16772,18072,19272,20672,21772,22872,23872,24972,25572,26272,26872,27772,28972,30372,31472,32672,33372,34272,35072,35872,36372,37072,38472,39872,40372,41572,42572,43572,45072,46272,47272,48072,49572,50472,51772,52872,53972,54672,55672,56372,57272,57772,58772,59672,61272,61972,62472,62872,64172,64972,65972,66872,68572,69072,69872,71072,72472,73572,75272,75672,76772,77972,78972,79872,81572,82072,83872,84972,86072,87472,88472,89072,90272,91772,93172,93972,94972,95672,96272,97572,98072,98972,100172,101772,102472
user3131779054147570539,2086,3286,4386,5286,6686,7386,7886,9286,10386,11486,12486,13886,15486,16586,17386,17886,18686,19286,19986,21286,22186,23186,24386,24686,25586,26986,27986,28686,30286,31286,32686,32986,34086,34986,35586,37286,38186,39386,39686,40486,41686,42786,43286,44186,44686,45686,46786,47786,47886,49386,50086,50586,51486,51886,53086,54086,54686,55486,56186,57186,57786,58886,59986,61386,62086,63286,64286,64986,66386,67186,67886,69186,70386,71186,71886,72886,74186,75086,77086,78186,79286,80786,81686,82186,83486,84286,85086,85886,86686,87786,89386,90386,90986,91286,92686,93686,94586,95186,95786,96786
user3102200395713384992,1979,2679,3179,3779,4679,5679,6879,7779,8679,9579,10679,11179,11979,12779,13479,13779,14479,15979,17479,18379,18979,19779,20979,22179,23179,23579,24579,25579,26279,27579,28479,29979,32079,33979,35179,35879,37279,38479,39279,40879,41679,42179,43379,43979,45079,46279,47179,47779,48479,49279,51179,51979,52779,53279,54179,54679,55679,56279,56979,58479,59779,60479,61379,62779,63679,64679,65979,66879,67979,69379,70079,70979,72079,72879,74179,75579,76479,77079,77979,79279,79979,80379,80979,81879,82479,83179,83879,84879,86479,87379,88479,90079,90479,91279,91979,92579,93279,94079,95079,95679
user35282298430039176,2374,3274,3974,5274,6374,7674,8274,8974,9774,10574,11574,12674,13774,14174,15274,15974,16874,17674,18474,20174,21574,22474,23374,24374,25674,26674,27974,29074,29674,31174,32374,32974,33974,34374,35574,36774,38074,39074,39974,41374,42074,42874,43874,45474,46874,47474,48074,49774,50374,51374,52474,53774,54874,55674,56574,57374,58074,59474,60274,60974,62274,63174,64074,65374,66174,67474,67874,68774,70174,70674,71574,71874,73174,73474,74974,76074,77274,78474,79774,80174,81474,82674,83474,84674,85074,86074,86974,87374,88974,89674,90574,90874,91774,93274,94474,95474,95974,97074,98474,99174
user1955337418209897851,1686,2686,3786,4686,5886,7186,8586,9386,10386,11886,12886,14386,15186,15786,16986,18186,19786,20586,22186,23086,24186,24886,26086,27386,28486,29686,30686,31486,32286,33386,34186,35386,36586,37186,37886,38486,39686,40586,41186,41786,43286,44086,45186,46186,47486,48586,49686,50986,52486,53186,54286,55086,55186,56386,57886,58886,59686,60586,61986,63386,63886,64486,65886,66686,68186,69086,69686,70586,71786,72586,73586,75086,75786,76586,77186,78086,78586,79586,80486,81286,81786,82786,83986,85386,86286,87486,88286,89686,91386,92486,92986,94086,95086,95986,96886,97186,97986,98586,100386,100986
user874571170765063264,1382,2382,4182,5382,6182,7082,7982,8482,9482,10582,11382,12682,13682,14782,15482,16382,17482,18282,19482,20382,21182,21782,22882,24382,25182,26682,27682,28782,29582,30482,31282,32682,34082,35282,36382,37282,38682,40082,40882,42182,42882,44082,45082,46282,47182,48682,49882,50582,51082,52582,53982,54982,56282,56682,57482,59282,59882,60782,61582,62982,63682,65282,66082,67082,68482,69782,71082,72182,73582,74482,75382,76982,77682,78382,79082,80882,81782,83382,84382,85282,87182,87882,88682,89582,90682,91682,92082,92982,94182,95282,96382,97182,98682,99582,100482,101782,103182,104182,105082,106382
user899463647179981130,1782,2282,2582,3682,4282,5182,5882,6882,7082,8282,9082,10382,11182,12282,13182,13982,15182,15982,16782,17682,18582,19582,20782,21682,22582,23182,23682,25182,25782,27082,28282,28882,29582,30982,31782,32482,33382,34782,36582,36982,37982,39282,40082,41282,42482,43282,44582,45082,45782,46982,48182,49082,50282,51282,53082,54282,55082,56482,57782,58382,59282,60082,60882,61882,62882,63882,64482,66082,67782,68782,70082,70782,72382,73482,74982,75982,76982,78582,79182,80082,81082,82382,83682,84182,84882,85782,86882,87882,88982,89782,90982,92382,92782,94382,94882,96482,97482,98382,99382,100482
user1487684465148817474,1987,2687,3587,4687,5787,7087,8187,9487,10587,11187,12587,13087,13587,14887,15387,16887,17687,18187,19087,20187,20887,22487,23487,24387,24987,25787,26987,27787,28887,29587,31187,31987,32587,33687,34187,34987,35987,36887,38087,39087,40087,41287,42287,42687,43887,44387,45587,46587,47787,48887,50287,51487,53087,54287,54887,55887,56787,57987,58687,59287,59687,61087,62287,62787,63387,63887,64387,65487,67187,68487,69287,70287,71187,72187,72387,73487,74687,75687,76887,77787,79187,80287,81787,82587,83387,84587,85187,86287,87087,87687,88287,88987,90087,91187,91887,93087,93987,95187,95787,96887
user8029797980690376506,1783,3083,3983,4783,5783,6583,7783,8483,9583,11383,11983,12883,13783,14783,15683,16883,17283,18683,20083,21483,21983,22783,23583,24583,26383,27383,27883,28683,30183,31183,32183,33883,35383,35883,36483,37383,38383,38883,39883,40983,41983,42683,43483,44883,45583,46383,48083,49183,50883,51983,53383,54483,55483,56683,57583,58483,59383,60283,61483,63283,64383,65183,65683,66483,67183,68383,69083,69883,70883,71583,72583,73083,74083,75283,76083,77583,77883,79083,79683,79983,81083,82383,83583,84183,85083,86083,86883,88483,89083,90283,91083,91483,93183,93983,94483,95683,96583,97583,98383,99283
user7682712892537052096,2376,3176,3876,4576,5276,6276,6776,8276,10176,11476,12576,12876,13276,14276,15676,15976,16976,17776,18776,19576,20376,21276,22076,24176,25376,26476,27176,27976,29276,30176,31176,32576,33376,34076,35276,36576,37676,38876,39476,40476,41476,42276,43376,44876,45576,46476,47076,48476,49476,49976,50576,51176,52276,53376,54276,55176,56076,57076,57876,58276,59076,59876,61076,62276,63276,64776,65976,66876,68576,68876,69576,70376,71076,71676,72076,72976,73776,74676,75576,76576,78076,79176,79976,80576,81376,82276,83376,84676,86076,86776,87476,88776,90776,91676,92476,93076,93876,95776,96776,97976
user5581239320322193029,2381,3081,3781,5381,6281,6581,7781,8481,9281,10281,10981,12281,13281,13681,14781,15281,16081,17381,18081,19081,19881,21481,22581,23581,24481,26081,26881,27881,29181,30781,31381,32581,33481,34481,35881,36681,37581,38081,38881,39481,40481,41181,42581,43681,44981,45881,46581,48181,48881,49981,50381,51481,52181,53081,54081,54981,55681,56981,57781,58881,60081,61181,62581,64081,64881,65881,66281,66881,68581,69681,70281,71181,71881,72781,74081,75181,75881,76581,77481,78181,78981,79781,81481,82581,83181,83881,84981,86181,87381,87881,89281,90181,90781,91081,91881,93281,94281,95881,96381,97081
user1236616410782629730,1973,2773,3373,4273,5073,5773,6673,8273,9273,10273,10773,12373,13573,14673,15973,16973,17773,18973,20073,20673,21473,22673,23973,24473,25373,25973,26673,27873,28473,29273,29773,30173,31373,32273,33173,33973,34873,36273,37073,37673,38873,39573,40573,41473,42673,43573,44773,45973,46873,47673,48573,49273,49673,50773,51973,52573,53673,54173,55173,56273,57173,58073,59173,59873,61173,62073,62873,64173,65273,66873,68073,69073,70573,72073,72873,73873,74873,75373,76273,77473,78573,79773,80373,81573,82573,83473,85073,86373,87073,88473,89073,89773,90973,91773,92873,93873,95773,96973,98073,99173
user8864400671006132913,1488,2688,3688,5188,6188,6788,7688,8888,9688,10188,10488,11188,11888,13888,14788,16488,16688,17788,18488,19788,20988,22488,23388,24688,25188,26088,26988,28088,28788,29988,30588,31288,31788,32788,34188,35488,36488,37588,38488,39388,40488,41488,42488,43688,44488,45188,45988,46788,47888,48588,49888,51388,52388,53488,54888,55888,56688,57388,58788,59488,60488,62288,63288,64488,65388,66888,67588,68088,68788,69988,71088,72188,73188,74088,74788,75388,76188,77188,78188,79288,80188,81588,82688,83688,84888,86888,87488,88388,89588,90888,91888,92388,93388,94388,95388,96188,97588,98488,99588,101188
user3011211189239814572,1285,2085,3285,4085,5085,6285,7085,7685,8285,9085,9985,10485,11185,11985,12785,13885,14985,15985,16485,17885,18785,19085,19885,20885,21985,23285,24085,25085,26385,27685,28185,29285,30485,31485,31885,32785,33785,34785,36085,36885,37685,39285,40085,40985,41485,42385,43185,44285,45185,46485,47385,48585,49785,50485,51485,52785,54185,56085,57185,57985,59085,59785,61285,62085,63385,64485,65785,66685,67785,69085,69985,70685,71785,73085,73885,74685,74785,75685,76685,77885,78685,79885,80885,81885,82785,83685,85385,86185,87485,88385,89485,90685,91785,92885,93685,94585,96085,97285,97885,98885
user4534737913330811670,1483,1983,2883,4783,5383,6683,7683,8183,9183,10183,11183,12083,12983,14083,14983,15883,16883,17783,18383,19283,19583,20383,21383,22583,23383,24883,25583,26883,27383,28283,28883,29983,30883,31983,32683,34083,35483,36483,36883,37383,38383,39083,39683,40983,41683,42483,44083,45283,46283,46983,48083,49383,50483,50983,51883,53183,54683,55483,56283,57183,58283,59383,60283,61383,62183,63483,64483,65683,66983,67683,68383,69583,70683,71683,72583,73083,74683,75483,76983,78383,78983,80783,81283,82083,83083,84083,84583,85483,86283,86983,87383,88783,89783,90983,92383,93583,94683,95083,96483,97983
user3097514213694117311,1678,2478,3678,4678,5978,6878,7978,8578,9978,11078,11978,12778,13678,14378,15178,16278,17078,18078,18978,19878,20278,21278,22478,23478,24478,25378,25978,26878,27478,28578,29278,30078,30578,31678,32778,33878,35578,37078,38078,39378,39778,41178,42078,42978,44078,45278,46178,47678,48478,49178,50578,51278,52778,53978,54878,55778,57278,58078,58978,60078,60778,61578,62278,63378,64578,65578,66078,67078,68578,69678,70978,72678,73278,74178,74878,75778,76878,77878,79078,80278,80778,81978,82678,83778,84778,85378,86278,87078,87878,88778,90078,90978,91878,92678,93478,94878,95578,96778,98078,99078
user8396529402727210653,2077,2877,4077,5377,6377,7377,8577,9777,10577,11677,13077,14077,15477,16077,16877,18077,19277,20777,21677,22977,23777,25077,25777,26877,27577,28477,29477,30477,31577,32677,33877,34777,35977,37077,38177,39477,40577,41077,41577,42677,44077,44977,45477,46377,46877,47777,48977,49877,51277,52377,53277,54277,54777,56177,57977,58877,60077,60577,61277,61977,63277,63977,64977,66077,66877,67577,68777,69677,71177,72077,72977,73977,75177,75977,77377,78677,80277,81377,82077,82877,84277,85377,86577,87877,88777,90177,91477,92777,93677,94377,95377,96177,97377,98677,99777,101477,102477,104577,105477,106177
user7460881851310751334,1477,2477,2977,4177,5377,5977,7577,8477,9777,10877,11477,12577,12977,14177,14877,15577,16477,16977,17577,18677,19577,20177,20977,22377,23177,24477,25477,26677,27877,29377,30377,31777,32777,34277,35377,36477,37377,38577,39277,40577,41877,43177,43877,44877,45677,46477,47477,48477,49777,50477,51277,52377,53777,54677,56177,57077,58777,59577,59977,60877,62077,62877,63377,64077,65477,65877,66977,68077,69377,70377,71377,72477,73277,74477,75277,76577,77477,78577,79777,81077,82077,83477,84477,86277,86677,87377,88277,89077,89977,90977,91977,92777,93677,94377,95477,96877,97977,99277,100677,101577
user5113244721966814087,1879,2779,3179,3879,4779,5779,6979,8479,9179,10879,11579,12079,12379,13279,14479,15779,16579,17379,18179,18879,19479,20679,21879,22679,23379,24279,25379,26279,27679,28279,29179,30279,31379,32479,33379,35279,36479,37079,38279,39079,39979,41179,42379,43479,44579,45679,47179,48179,49279,50079,50579,51279,52479,53079,54479,55179,55379,56179,57079,57879,59579,60579,61279,62279,62879,63879,64879,65779,67279,67879,68579,69279,69979,70679,71279,72279,73379,74579,75479,76979,78279,79379,80479,80779,81679,82479,83779,84779,85979,87279,87979,89179,90079,91079,92179,93679,94979,96179,96779,97479
user1352498093671118016,2070,2670,3870,4470,4770,5870,7370,8070,9070,9870,10470,11270,12870,13570,14470,15470,16170,16870,17570,18570,19970,21270,22070,22870,23470,24470,25970,27370,28070,28570,29670,30570,31470,32970,33770,34470,35670,36370,37470,38870,40070,41270,42870,44470,44870,46070,47370,48170,49570,50370,51270,52370,53270,54670,55470,56470,57070,58070,58870,59570,61270,62070,62870,64170,65870,67170,68470,69570,70570,72070,73070,74070,74470,75070,76570,77170,78570,79970,81170,81770,82870,84670,85370,86670,87670,88170,88970,90370,92070,92970,93670,94870,96170,97670,98670,99870,101070,102070,102770,103570
user7697673044401294152,1782,2682,3582,4882,6482,6982,7982,9082,10582,11682,12882,13582,14182,14882,15582,16482,17082,18482,19282,19582,20782,21982,22882,24082,25282,26082,27182,28182,29082,29882,30382,31382,32782,33682,35082,36482,37582,39182,40182,41882,42682,43082,44182,44982,46082,47382,48182,48782,49782,50682,51882,52782,53982,54982,56082,56582,57182,57782,58482,59382,60782,61682,63082,64282,64982,65582,67082,67782,68882,69982,70982,72782,73982,74782,75682,76982,77682,78482,79282,80182,80682,81682,82582,83682,84582,85482,85982,87182,88082,88782,89882,90982,92482,93482,94382,95082,95982,96882,98082,99282
user6284440215373078646,1671,3171,4471,5371,6271,7171,8271,9471,10571,11371,12171,12771,13871,14871,16471,17371,18271,19171,20171,20971,21871,23271,24771,26171,27171,28171,29171,30371,31671,32471,33071,33671,34371,34871,36171,36371,37471,37871,38871,40271,41471,42571,43571,44771,45371,46071,47371,48771,49571,50671,51571,52471,53671,54671,55571,56071,56771,57471,58371,59771,61271,62171,63071,63971,64871,66171,67471,68571,69271,69771,70871,72171,73871,75271,75871,76771,77871,79271,80271,81771,83271,84871,85871,86871,88471,89671,91371,92271,92971,94071,94471,95571,96171,97471,98271,99371,100871,102271,103471,103871
user4992458541841216237,1780,2380,3680,4980,5480,6880,7880,8380,9580,10180,11180,12280,13280,14280,15180,16180,16880,17180,18280,19680,20680,21180,21780,22780,23680,24480,25480,26680,27380,28880,29680,30680,31780,32580,33680,35180,35580,36180,36880,37480,38280,38880,40080,41680,42880,43780,44680,45280,45880,46580,47580,48780,50080,51580,52280,52980,54080,55380,56480,57980,58780,59780,60080,61180,61880,63680,63980,64580,66080,67480,67980,68280,68480,68980,70180,71080,71880,72780,74180,74780,75880,76380,76780,77680,78780,79780,80480,81480,82680,83680,84780,85380,86280,87080,88080,89180,90080,90980,92380,93480
user874912816059361829,1875,2575,3675,4775,5475,6475,7375,7875,8675,9575,11175,12375,13275,15075,16175,17275,17975,19275,20775,21775,22875,23775,24775,25575,26875,28075,29575,30275,31475,32275,33675,34475,35675,36375,37375,38075,38775,39875,40475,41275,41975,43075,44575,45675,47275,48275,49275,50175,50775,51575,52475,53575,54675,55575,56575,56975,57975,58975,60075,60775,61575,62575,64175,64975,66175,67175,68075,69375,70075,70875,71475,72475,73375,74275,74975,76575,77575,78575,79575,80075,80675,81675,82875,83675,84775,85375,86275,87175,88675,89575,90275,90775,92075,93375,94375,95275,96075,96375,96875,98375
user8632978950523454906,1880,2680,4280,5080,6080,6980,8180,9680,10080,10880,12180,13080,13680,14880,15780,16980,17580,18680,19280,19880,20880,21880,23480,24580,25480,26080,27180,27680,28280,28980,29980,31180,32380,33980,35380,36580,37580,38780,39780,40780,41780,42280,43480,44980,46480,47580,48380,49780,50680,51780,53180,54280,55080,55780,56680,58180,59480,59980,61380,62280,63380,64480,64980,65680,66780,67880,69180,70780,71480,72180,73280,74480,75080,75980,77280,77980,79280,80680,81480,82280,82880,83980,84780,85880,86680,87080,88180,88780,89780,90480,91680,92680,94080,95380,95880,97280,98380,99280,100380,101080
user6501025114067971279,1783,3183,3983,4883,5983,6683,7383,8383,9383,10183,10783,11483,12183,13283,14283,15283,15883,16983,18183,18883,19883,20883,21583,22683,23583,24683,25283,25683,26483,27283,27983,28883,29483,30683,31583,32583,33583,34583,35583,35883,37183,38883,39783,40483,41583,42483,43783,44983,45683,46783,47883,48583,49883,50683,51283,51983,53083,54983,56183,56983,57783,58483,59783,61183,62383,63283,64183,65083,65983,66983,68283,69183,70383,71883,73483,74183,74883,76383,77683,78983,80383,80883,81883,82583,83383,84383,85483,86283,86783,88083,88783,90183,91783,92583,93583,94183,96183,97283,98483,99083
user5711179549268484358,1782,2582,3082,3682,4682,5682,6482,7682,8582,9682,10482,11382,12082,12982,14182,15182,15682,17082,18482,19982,20582,21282,22382,23782,24782,25482,26182,27082,28282,29682,30582,31682,32682,33582,34782,35882,36782,37782,38582,39482,40682,41482,42382,43282,43982,45082,45982,46482,47682,48582,49582,50682,51382,52382,52782,53582,55582,56382,57682,58082,59082,60082,61182,62082,62982,63882,64882,65282,66182,67782,68682,69782,70482,70882,72282,73782,74982,75782,76682,77282,78282,78782,79782,81282,82682,83682,84882,85882,87082,88282,89982,90782,91582,92182,93382,94782,95382,96482,97582,98882
user1825055543969307957,1679,2479,3179,3679,4079,5579,6379,7479,8879,9779,10679,11579,12879,13479,15079,16479,17279,18279,19679,21079,22079,22679,23479,24579,25679,26579,27579,28779,29779,30679,32579,33579,34679,35579,37779,39079,40579,41379,42579,43779,45079,45779,46479,47379,48179,49479,50579,51679,52679,53879,54479,55579,56579,57979,59679,60579,62079,62779,63379,64479,65179,66679,67579,68579,69979,70779,72579,73379,74479,75179,76079,77079,77879,78879,79979,80879,81879,82879,83979,84879,86079,87179,87979,88579,89679,90679,91779,92779,93479,94579,95379,96579,98079,98979,100279,100979,102179,103579,104379,105279
user6762367138279133398,1973,2873,3773,4273,5773,6973,7773,8873,9673,10373,11173,12573,14173,14773,15273,16073,16973,18273,18873,21273,22273,23873,24573,26173,26473,27773,28673,29373,30273,32073,32973,34073,35073,37173,38273,39273,39673,40873,41573,42573,43873,45073,45773,47373,47973,49073,49973,51173,51773,52573,53673,54973,55873,57173,58773,59773,61073,62273,63273,63973,65073,65973,66473,67173,68373,69173,70173,71273,72473,73473,74573,75173,75973,76573,77973,79173,80173,81173,82073,83073,84573,85673,86573,88073,88873,89573,90473,91573,92173,92573,93373,94473,95773,97273,98373,98873,99873,101073,101873,102573
user7350587956247969742,2180,3480,4580,5680,7080,8480,9980,11180,12380,13880,14480,15880,16580,17780,18480,19480,20680,21880,23080,23880,24380,25480,25980,27380,27880,28580,29380,30580,31380,32480,33780,34880,35580,36380,36980,37780,38580,39680,40580,41880,42580,43280,43980,44980,46480,47180,48080,49380,50480,51380,52180,53380,54980,56080,57080,57880,58980,59780,60580,61780,62480,63280,64280,65280,66380,66880,67580,68480,69280,70180,71480,72980,73980,75480,76780,77780,78580,80080,81080,82180,83280,84280,85580,85980,87180,88080,89380,90280,91980,92680,93180,94280,94880,96380,96880,97880,98980,99880,100780,102080
user8265687567974480311,1675,2375,3275,3675,4275,4775,6075,6975,7875,8975,9875,10775,11875,13275,14475,15375,15875,16775,17675,18275,19375,20075,20675,21375,22575,23675,24875,25575,26575,27475,29075,29775,31075,32375,33775,35175,35775,36975,38175,39275,40175,41375,42375,43575,44875,45875,46475,47275,48475,49475,50075,51275,52475,53575,54575,55775,56275,57175,58075,59175,59675,61075,62475,63275,64275,65575,66475,67675,68775,69975,70675,71375,72975,74075,74775,75775,76675,77775,78575,79875,80375,81475,82175,83375,84975,85875,86975,87575,88375,89275,90075,90875,92475,94075,94875,95575,96875,97675,98175,99575
user7567391170160704258,2582,3782,5282,6182,6982,8882,10282,10882,11782,12582,13782,14782,15982,16982,18382,18882,19582,20682,21582,21982,22982,24682,26482,27082,27882,28682,29382,30682,31482,32482,33882,34282,35582,36682,37782,38782,39682,40082,41082,42582,44782,45982,46782,47382,48282,49282,50482,51882,52982,54482,56082,57182,58582,59082,60082,60382,61382,63182,64582,65182,65882,66982,67882,68782,70182,70682,71782,72682,74082,74682,76182,76582,77082,77982,78282,79382,79682,80982,81982,82282,83082,83882,84582,85982,87282,88282,89082,90382,91082,92482,93482,94682,95682,96582,97882,99282,99882,100782,101082,102482
user3575099491305873498,2071,2871,3971,4871,5471,6671,8271,8771,9871,10771,12271,13171,13971,14671,15571,16371,16971,17971,19071,19671,20471,21471,22371,23171,23771,24671,25671,26171,26671,27671,28371,29471,29871,30271,31871,32971,34071,34571,35571,36471,37771,38771,39771,40571,41571,42971,44171,45071,46071,47371,48271,49271,49871,50871,51971,53171,53971,54571,56171,57671,58671,59971,61371,62571,63371,64171,65571,65771,68071,68871,69671,70171,70971,71971,72971,73971,75071,76371,78071,78871,79771,80371,80971,81671,82871,83671,84871,85871,86971,88271,89371,90071,91271,92071,93371,94071,94571,95471,96271,97471
user8622704980678480531,2683,3383,4283,5583,6483,7383,7883,9383,10283,11483,12783,13683,14483,15483,16283,17283,17983,19083,20383,21183,22483,23283,23783,25283,26083,27083,27783,28683,29683,30283,31183,32583,33483,34583,35283,36583,37383,37783,38683,39483,40583,41683,42883,43883,44983,45883,46683,47083,47783,49483,50183,51383,52683,53383,54283,55483,56383,57383,58983,60583,61383,62583,63883,65183,65883,66083,67283,68083,69183,69683,70783,71883,73183,73883,75283,76183,76983,78083,79083,80283,81083,81883,82883,84183,85183,85883,87083,87683,88983,89683,90783,91883,92683,93283,94383,95083,95683,97383,98283,99083
user5233594271656728171,1275,2275,2775,3575,4475,5375,5975,7075,8575,9675,10375,10675,11575,12575,13675,15175,15875,17075,18375,19175,19775,20275,20775,21675,22375,23675,24675,25575,26175,27275,29175,29775,30675,31475,32075,33275,34575,35475,36475,37775,38775,39375,40775,41975,42675,43275,44375,45175,45775,46875,48275,49975,50875,51875,52875,54475,55175,56375,57675,57975,59375,60275,60875,61875,62875,63675,64175,65675,66775,67875,68575,69375,69875,70575,71375,72475,72875,73475,74575,75575,76475,77175,77775,78675,79875,80675,81975,82575,83375,84675,85775,86375,87675,88875,90475,91175,91975,93275,93875,95175
user1372362742772469636,1777,2477,3777,4877,5777,7077,8177,8777,10277,11677,12777,13777,14677,15677,16377,17577,18177,19077,20277,21677,21977,22777,23477,23777,24877,25777,27077,28377,29577,31077,32577,34377,35177,36177,37477,38477,39977,40777,41577,43077,44077,45077,46077,46977,48077,48877,49277,50377,51377,52277,53077,54177,54977,56277,57377,57977,58977,59677,60277,60877,61877,63077,64277,65777,66577,67477,68177,69477,70677,71877,73277,73877,75277,75977,77077,78177,78777,79277,80177,80877,82177,82977,83677,84677,85877,86877,87977,88877,90577,91777,93377,94377,95477,96277,96477,97377,98777,99477,100377,101477
user6048550628088974841,1073,1473,2573,3473,4973,5873,6873,7473,8373,8873,10173,10873,12173,12873,13473,14073,14673,15573,16373,17573,18573,19273,20073,21073,21773,22573,23173,24373,24773,25673,26273,26773,27973,28573,29773,30773,32073,33273,34373,35273,35973,36673,38073,38773,39573,41373,42373,43073,43973,45173,46573,47873,49373,51073,51873,53273,54273,55073,55673,56373,57273,58573,59573,60773,61873,62773,63573,64373,66173,67173,68273,69473,70873,71973,72673,73773,75173,76273,76873,77573,78173,79073,80973,82373,83573,84873,85573,86073,87173,88273,89173,90073,90673,91773,92973,93573,94373,95873,97073,97973
user7807966939464075744,1690,2990,3690,5090,7190,7890,8890,9790,10390,11390,12290,12890,13890,15190,15890,16690,17890,19190,19990,20490,21590,22290,23190,24190,24890,26090,26790,27390,28390,29190,29990,31090,32090,32790,33190,33890,34790,35890,36890,38090,39490,40290,41690,42990,43890,45390,46190,47290,48290,49690,50290,50790,52090,52690,53390,54290,55290,55890,56390,57590,58490,60190,61090,61890,62890,63990,64690,65790,66690,67890,68790,69490,70290,71190,71490,73290,74490,75490,76090,77290,78090,79490,80990,81890,83190,84090,84690,85690,86390,86990,87890,88990,89790,90990,92290,92990,93690,94790,95790,96590
user3343336125528896926,1885,2385,3285,4285,5685,6685,7485,8785,9185,10085,11085,11885,12785,13585,14585,15285,16685,17185,18485,19085,20485,21985,22985,23685,24785,25785,26885,28585,29585,30785,31685,32685,33785,34785,36085,37885,39185,39885,40785,41485,42285,43485,44785,46385,46685,47485,48485,49785,50785,52485,53485,55185,55985,56785,58185,59485,60685,61585,62485,63785,64485,65685,66485,67585,68285,69885,70685,71385,72485,73585,74685,75685,76485,77285,78185,79085,79885,80985,82285,83285,84285,85585,86385,88085,89185,90285,91185,92685,93185,94285,94785,95885,96785,97485,98985,100085,100585,101285,102585,103485
user8762919179469746235,1476,3076,4276,5776,6776,7576,8276,8876,9576,10476,11176,11676,12376,13576,15176,15676,17076,18676,19476,20076,21376,22776,23676,24576,25976,26676,27876,28776,30176,30976,32076,32976,34076,34776,35776,36376,37276,37776,39676,40576,41576,42376,43076,44076,44676,45676,46376,47676,48276,49176,50276,50776,51376,51876,52476,53876,54876,55476,55976,57276,59276,60376,61376,62876,63076,63976,64976,65576,66476,66976,67976,69176,70176,70676,71576,72576,73376,74376,75076,75876,77176,78376,79476,80476,81276,82276,82876,83876,84376,85676,86576,87676,88276,89276,90676,91576,92176,92776,93976,94976
user1337537941806875960,1576,2776,3976,5276,6176,6576,7576,8776,10176,11476,12476,13276,14576,15776,16876,17676,18576,19076,20776,22076,22976,23776,24476,25576,26376,27976,29576,30676,32076,33076,33676,34976,35676,36676,37176,38276,39076,39976,41776,42176,42976,44476,45076,46276,46776,47476,48676,49676,50576,51676,52776,53376,54576,55676,56476,57076,57676,58576,59176,59976,61376,62276,63676,64876,65976,67276,67776,69576,70876,71876,72776,74276,75276,76376,78376,79576,80676,81276,82276,82876,83676,84876,85576,86176,86876,87776,88176,89276,89876,90976,91876,93176,94376,95476,96876,97776,98476,99276,100076,100876
user749317123838039616,2085,2785,3785,4785,5885,6785,7485,8185,9485,10185,11285,12185,13585,14385,15685,16285,17185,17785,18485,19485,20285,20985,22285,23985,24885,25585,26585,27385,28485,29485,30185,31385,31885,32585,33185,34985,35785,36785,37485,38285,39585,40485,41685,42085,43185,44585,45785,46685,47885,49185,50285,51485,52985,53785,54285,55285,57285,58485,59385,60185,60985,62185,63185,63785,64585,65485,66085,67085,67785,68585,69785,71085,72485,73885,74985,76085,76485,76785,77985,78585,79485,80985,82085,82885,83885,84685,85285,86685,87385,88585,89385,90185,91485,92685,93485,94385,95485,96685,97985,98785
user5821815089625564515,1265,2465,3265,3865,4265,5465,6165,7365,8765,9465,10665,11165,12365,13365,13965,14765,15865,16265,17265,18165,19065,19765,21365,22965,24665,25365,26065,27065,27865,28865,29765,31365,32365,33165,34065,34865,35765,36965,37865,38865,39265,40565,41465,42265,42765,43365,44065,44765,45865,46965,47865,48865,49865,50365,51465,52365,53565,54765,56365,57265,58365,59465,60265,61365,61965,63265,63865,64465,65765,67065,67465,69465,70465,71365,72665,73765,75065,76665,77465,78065,80065,81265,82165,83065,83465,84365,85165,85765,87065,88165,89065,90365,91465,92365,93565,94965,96365,97865,98665,99365
user1945405093659222041,1675,2775,3875,5975,7575,7975,8575,9375,10375,11575,12675,13775,14875,15575,16675,17175,17975,18775,19475,20475,22275,22975,23875,24875,25675,26475,27275,27775,28675,29675,30675,31675,32975,33375,34275,35475,36775,37075,38175,39475,40475,41175,42475,43475,44575,45375,45675,45975,47175,47775,48675,49675,50675,51375,52475,53475,54375,55175,56275,56775,57975,58775,59475,60175,61375,62575,62975,64275,65275,66875,67775,68775,70375,71175,72675,73475,74375,75375,76075,76975,78275,80075,80575,81575,82775,84275,85475,86675,87475,88475,89275,90075,90775,91175,92075,92975,93975,94475,95475,96775
user8155052027617400154,1167,1867,3067,3567,4567,5667,7067,7967,8867,9867,11167,12467,13767,14867,15667,16267,17567,18867,19667,20367,21767,22967,24067,25467,26667,27767,28467,29367,30567,31067,32367,33267,34167,34967,35767,36767,37767,39067,40067,41367,42267,43667,44467,45267,46467,47267,47967,49067,50767,51567,52167,53667,54867,55967,57267,58467,59367,60567,61867,62867,63467,64167,64767,65667,67267,67767,68767,70067,70867,71767,72567,73367,74667,75767,76467,77667,78867,80367,81167,82167,83467,84667,85267,86067,87067,87767,88667,89667,90667,91167,91767,92567,93667,94667,96167,97467,98467,99667,100667,101667
user3927430721990606037,1875,3275,3975,5275,6075,6775,7575,8075,9575,9975,11375,12575,13275,14875,15975,17075,17975,18975,20275,21875,22675,23575,24075,24975,25775,26475,27375,28575,29275,30475,31175,32275,33175,34475,35675,36575,37875,39175,40675,40975,42375,43675,44975,45675,46375,47675,48875,49675,50875,51875,52975,54475,55375,56375,57475,58775,59575,60275,61475,62975,63875,64975,66275,67075,67875,68375,69675,70775,72175,73275,73875,74975,76175,76675,77475,78975,79675,80775,81775,82375,83175,83875,84775,85375,86375,87275,88575,89875,91075,92075,93075,93975,95075,96375,96975,97775,98875,100575,101575,102575
user7582009676730647749,1687,3187,3887,4687,5987,7087,8587,9387,10387,11287,12087,12987,13787,15287,15987,16487,17087,17987,19087,20087,21687,22887,23787,24787,25687,26587,27787,28987,30187,31287,31987,32887,34287,34987,36287,36887,37987,38787,40487,41487,42087,43287,44187,45387,47287,48187,49187,50287,51587,52787,53787,54187,54987,56187,57087,58187,59587,60287,60987,62087,63287,64287,65687,66787,67687,68487,69287,70687,71487,72687,73087,73987,75187,76087,76887,78087,79287,80387,81187,81887,82987,83387,84787,85587,86687,87287,88187,89187,90187,91387,92187,92687,94087,94687,95587,96587,97587,98487,99887,101387
user6742720804395623661,1684,2884,3784,5684,7084,8084,9784,10984,11884,12684,14084,14684,15084,15884,16784,18384,19484,20684,20884,21584,22684,23484,24184,24884,25884,26484,28284,29084,30484,31884,32984,34284,35284,35884,36984,37584,38384,38984,40084,40984,41584,42684,43984,44284,45084,45784,46584,47784,48484,49884,50884,51984,52984,53784,54784,56184,56984,58084,59284,59984,60684,62284,63184,64284,65184,66484,67084,68584,69384,70384,71284,72384,73884,74984,75784,77284,78184,79184,79984,80684,81684,82884,83984,85184,87184,88484,89484,90684,92484,93284,94084,95084,95984,96784,97884,98884,99484,100584,101484,102484
user6410035907594400859,1886,3486,5286,6686,7286,8686,9386,10386,11186,12686,13186,13986,15086,16386,17586,19086,20386,21386,22286,22886,24086,25086,25486,26586,27686,28886,29786,30686,31486,32286,32886,33986,34786,36086,37286,38086,39286,40086,40986,41886,42386,43286,44386,45186,45986,47086,47686,48786,49886,51586,53186,53686,54586,55486,56586,57586,58386,59486,60686,61886,62886,63686,64786,65886,66286,66986,67286,67986,69186,70486,71686,72286,73486,74386,75586,76486,77286,78486,79486,80986,82386,83286,83786,84586,85186,86486,86886,88086,88886,90286,91686,92786,93486,94386,95586,96886,97486,97986,98886,99686
user1096402211991364026,1375,2475,3375,4175,4575,5275,6075,6475,7575,8475,9175,9775,10875,11375,11975,13275,14475,15575,16175,17275,18675,19275,20175,21075,22575,23875,24675,25975,27275,28675,29975,31275,32475,34475,35475,36075,36875,38075,39175,40475,41275,42275,43475,44775,45875,46975,48575,49775,50675,51775,53075,53975,55175,56275,57175,57775,58775,59775,61475,62975,64275,65975,66875,67775,68875,69275,70175,71275,71775,72775,73675,74575,75975,76475,77575,78575,79175,80475,82575,83375,83975,84775,85375,85775,86975,88575,90375,91575,92875,93575,94775,96275,97275,98775,100475,101075,102175,103375,104975,105875
user4876576858952727951,2780,3480,4380,5280,5980,6980,8580,9880,10680,11580,12180,12780,13780,14280,15180,15880,17180,18580,19580,21080,22580,23280,24180,25880,27280,28080,29280,29780,31580,32680,33580,33880,35180,35880,36680,37380,38180,38980,39980,41180,41680,42380,43780,44780,45980,47080,47280,47980,48980,50380,51380,52480,53380,54480,55080,56180,57480,58680,59880,60280,60980,61980,63680,64580,65680,66280,67580,68080,69380,70780,72080,72880,73880,74380,76180,77080,78080,79080,79580,80280,80880,81680,82580,83980,85080,85680,86680,87780,88580,89580,90080,91480,93180,94680,95580,96780,97680,98980,100180,101280
user8266247528486620759,2076,3776,4576,5776,6576,7576,8676,9076,10176,10476,11376,12176,13176,14576,15176,15776,16676,17876,18876,19576,21176,21576,22276,22776,23576,24776,25876,26476,27476,29276,30176,30876,31876,33376,34276,35576,36076,36676,37376,38276,39076,39876,41076,42376,43276,43876,45076,46276,47376,48476,49576,50376,51276,51976,53076,53576,54376,56276,57476,58176,59176,59476,60576,62176,62976,64476,65476,66576,67376,68676,69876,70576,71176,72076,72976,73476,74376,75676,76876,77676,79076,80176,81676,82976,84476,85676,86476,87576,88276,89176,90276,91576,92876,93676,94776,95676,96876,97876,98376,99576
user663014099383736877,1678,2778,3678,4378,4778,6078,6778,8078,9678,10378,11378,12378,13778,14678,15978,17578,19178,20378,21378,22378,23378,24478,25978,26678,27478,28678,29678,30778,31778,32578,33278,34878,35578,36678,37478,38278,39278,40578,41778,42978,43978,44778,46378,47278,48378,49078,49878,50578,51278,52778,53578,54478,55678,56278,57478,59078,59978,60878,61878,62878,63778,64878,65478,66378,67278,68278,69378,70378,71178,71778,72678,73478,74578,75778,76478,78378,80178,81078,82178,83078,84478,85978,86778,87378,88778,89278,90378,91378,92578,93178,93578,94378,95878,96678,97278,97778,98678,99578,100478,101678
user4303534508065975546,1576,3076,4476,5676,6276,7276,7876,8776,9476,10876,11976,12876,13776,14776,15876,16876,17876,18776,20076,20776,21876,23076,24276,25676,26376,27076,28276,29876,31076,31976,33376,34376,34876,36576,37876,38976,40076,41676,42876,44076,45576,46676,47776,48376,49476,50276,51276,52376,53976,55376,56476,57776,59276,59976,61876,62676,63176,64076,65576,66676,67876,68576,69976,70876,71576,72676,73776,74476,75076,76176,76776,77976,79176,80676,81676,82876,83576,84776,85676,86576,87876,88476,89876,90776,91876,93576,95076,96176,96676,97976,99176,99376,100076,100976,101876,102476,103776,104776,105876,106676
user7919162440333296349,1384,1984,2484,3484,4384,5884,7084,7884,8384,9784,10884,11584,12684,13784,15384,15984,17384,18484,19384,20284,20884,21684,22684,23584,24584,25984,27284,28484,29784,30684,31584,32684,33584,34884,35884,37084,37884,38784,39484,40484,41584,42884,44084,44984,45784,46984,47984,49384,49684,50584,52584,53684,54984,56284,57784,59284,60184,60984,62184,63684,64484,65484,66184,66884,67784,68584,70184,70984,71684,72884,73684,74784,75484,76284,76884,77484,78684,79384,80084,80784,81784,82484,83984,84884,85784,87284,88084,89284,90484,91184,91884,93284,95084,96384,97284,98184,99084,100284,101384,102984
user1468379776559606302,1777,2677,3577,4177,4777,5477,6477,7077,8177,9677,10577,11977,12877,13777,14577,15477,15877,16977,17677,18277,19077,20277,21277,21677,22277,23577,24277,24977,25777,26377,27477,28677,29777,30877,32077,33377,34177,35377,36277,37577,38477,39977,41377,42677,43877,45577,46677,47977,48877,49577,50377,51477,52277,53877,54577,55877,56777,57877,59377,60177,61577,62977,64177,64677,65377,66377,67277,67677,68877,69677,70477,71677,72777,74077,75077,76177,77077,77877,79277,80377,81177,82277,83477,84977,85777,86777,87377,89077,90077,91577,92477,93577,94577,95777,96177,97077,97577,98377,99077,100177
user4891755326034811890,2174,3674,4874,5174,5874,7274,8074,8974,9574,10774,11974,13074,13774,14874,15374,16374,16874,17774,18774,19374,20574,21674,22474,23374,24574,25874,26674,27974,29374,30274,31174,32174,32474,33774,34874,36174,37574,38174,39174,39974,40974,41574,42674,43874,44574,45874,48074,48974,49874,50774,51874,53074,53974,55774,56974,57974,58574,59074,60174,61174,62374,63474,64274,65874,67074,68274,69074,69574,70674,71574,72374,73374,74474,75774,77374,78574,79274,80974,82174,82974,83674,84374,85474,86274,86974,88074,89574,90874,91974,93474,94374,94974,95674,96374,96874,97674,98474,99274,100374,101474
user2297736324343954580,2676,3176,4276,5576,6576,7576,8476,9176,10076,11176,12476,13976,15776,16976,18076,18576,19076,20676,21676,22576,23976,24876,26076,26676,27776,28876,29876,30776,32076,33076,33576,34376,35776,36676,37176,38076,38776,39476,40476,41676,42776,43876,44876,45976,46976,48176,48976,50576,51276,52276,53176,53976,54576,55476,57076,58076,59276,60076,61076,62076,63076,63676,64376,65576,67176,68676,70276,70976,72276,73076,73976,74676,75576,76976,77776,78676,80076,80576,82076,83276,84376,85576,86476,87676,88576,89776,90776,91976,92676,93276,93976,95176,96176,97076,97676,99176,100376,101276,102076,102876
user4188212785689627708,1974,3074,4374,5474,6274,8174,8974,9574,10174,11374,12074,12674,13674,14474,15374,16674,17874,19174,20174,21274,22074,23274,23974,25374,26074,26674,27474,28574,29274,29974,31074,31874,32774,34074,34874,36274,36874,37574,38074,38674,39774,40574,41874,42774,43974,44774,45874,46974,47174,48374,49574,50674,51974,52974,53874,54874,55574,56174,56974,57974,59274,60274,61274,62174,63174,64474,65674,66574,67174,68474,69174,70274,71474,72374,73374,74474,76174,76674,77474,78374,79674,80374,81674,82774,83774,84874,85974,86974,87474,88174,89174,90074,91074,92174,93174,93974,94874,96074,97274,98174
user1473284273796715866,1877,3077,3677,4877,5477,6277,7277,8877,9377,10177,11377,12277,13077,13877,14977,15977,16477,17877,18977,19377,20077,20777,22077,23577,24977,25477,26977,28477,29277,30277,30877,31877,32977,33477,34477,35777,36477,37077,38577,39477,41177,42277,43277,43977,45277,46077,47077,47977,48877,49877,50777,51577,52477,53677,54377,55277,56177,56877,58277,59177,60177,60577,61477,62377,64177,65077,66777,68477,69377,70677,71477,72777,74077,74577,75977,76877,77977,78777,79377,80377,80877,82277,83577,84777,85577,86877,87877,89077,90277,91277,92077,93277,93677,95577,97077,97777,99177,100577,101077,102577
user3931898588792031835,1586,2086,2986,3886,4786,5786,6886,8386,9286,10086,10786,12086,12886,13486,14386,14986,16486,17486,18386,19986,20986,21586,22986,23686,25386,26886,28386,28686,29386,30286,30886,31686,32386,33186,34686,34886,35786,36886,37786,38786,39186,40386,41186,42086,42886,44486,45586,46786,47786,49386,50286,51186,52386,54086,55386,56286,57086,58286,59286,60286,61286,61886,62786,63786,64986,65786,66786,67986,68886,69686,70586,71886,72986,74186,75386,76186,77186,78386,79286,79986,80986,82286,83686,84886,85786,87186,88186,89086,89786,90586,91786,93086,93886,94586,95386,96386,97286,98086,99286,100386
user1583359853641655575,1282,2482,3582,4682,5682,6582,7482,8582,9682,11182,11482,13182,13982,14782,15282,16082,17382,18382,19382,20682,21782,22882,23982,25082,25782,26582,27082,28482,29182,30182,30582,31282,31982,33182,33982,34682,35582,36382,37382,38682,39382,40382,41382,42382,43382,44382,45482,46482,47282,47982,49282,49582,50682,51782,52982,53882,54382,55582,56382,58082,59482,60682,61882,62682,63482,64282,65282,66582,67282,68082,68882,70082,70882,71882,73182,74282,75282,76882,77782,78482,79782,80982,82182,82982,83982,85082,86282,87282,88282,89682,90582,91382,92082,92982,94682,95782,97082,97782,98582,100082
user8044198172042478114,1877,3277,4877,5477,6077,6577,7177,8177,9577,10377,11177,12477,14177,15177,15977,16977,18477,19377,20477,21177,22777,23977,24477,25477,26377,27977,29177,30077,31177,32377,33477,34677,35777,37577,38277,39077,40277,41177,41677,42877,43977,44577,45477,46377,47177,48277,49477,50277,50777,52377,53177,54477,55677,56477,57777,58677,59677,60677,61977,62577,63377,63977,65677,66777,67777,68577,69277,70677,71577,72377,73177,74177,75777,76777,77377,78377,79177,80177,80877,81777,83177,83677,84777,85677,86877,87477,88277,89477,90377,91777,92777,93777,94677,95877,96677,97777,98877,99677,100377,101577
user7934122592197538405,1976,2876,3876,4876,5976,6776,8076,8876,9976,11076,11776,13276,14676,15976,16776,17676,18576,19676,20876,21876,23076,23476,24576,25676,26576,27076,28176,29276,29976,30776,31376,32076,33176,34476,35476,36676,37776,39076,40276,41076,42276,42976,44676,45376,46776,48076,49076,50076,51376,52176,53076,54376,55776,56876,58476,59576,60676,61476,61776,63176,63976,64576,66176,67176,68276,69176,69876,71176,72476,73976,75176,76676,77776,79076,80676,81476,82376,83676,84776,85576,86176,86976,87576,88576,89076,90076,91376,92276,93576,94876,95676,96776,97576,98176,99176,100376,101276,101976,103176,104176
user291378180109793166,1675,2875,3875,4775,5775,7075,7875,8875,9675,10875,11775,12475,13275,14375,15075,16375,17675,18775,19875,21075,21375,22275,23375,24275,25075,25975,26475,27275,28675,29575,31075,31975,32175,33675,34775,35375,36175,37075,38375,39475,40675,41975,42575,43875,44875,45575,46775,48175,49275,49975,51275,52375,53475,54575,55775,56075,56975,57875,59275,60075,61075,62375,63375,64475,64975,66175,66875,68375,69975,70775,71675,72975,74675,76075,77175,78375,79975,81075,82075,83075,83775,85075,86375,87275,88175,89675,90675,91875,92975,93575,94175,95075,95775,96575,97475,98475,99175,99875,100675,101275
user7692426901869886023,2378,3478,4478,5678,6478,7478,8778,9778,10778,11678,12878,13578,14078,14678,15478,16078,16778,17678,18378,19078,19778,20778,21778,23378,24278,25678,27178,27978,29178,30078,31078,31978,32778,33478,33978,34678,35078,35478,36078,36578,37478,38378,40078,40978,42178,42978,44178,44978,45878,46978,47578,48978,49978,50478,51578,52278,53378,54178,55478,56578,57078,57978,59078,59678,60978,61278,61878,62578,64078,65078,66478,67978,68978,70478,71578,72578,73578,74478,75178,75778,76878,77678,78078,78778,79578,80978,82678,83878,84178,85278,86078,86878,87878,88978,89578,89978,90878,92378,93578,94678
user5103094082198296394,1479,2679,3379,4279,5279,6379,7079,7979,8779,9579,10579,11479,12179,13279,13879,15279,16779,17379,18479,20679,21479,23479,24479,26079,26979,28379,29379,30179,31979,33679,34579,35879,36579,37279,37879,39079,40179,40979,41979,42879,44079,45279,45979,47079,48579,49679,50379,51179,51879,52479,53479,54079,55079,56479,58179,58879,59679,60979,62079,63179,63879,64779,65979,66979,67579,68579,70479,71079,72579,74279,75079,76379,77579,78279,78979,79979,80679,81179,81679,82679,83579,84879,86079,86679,87379,88079,89079,89979,90579,91379,92179,92979,93879,94979,96379,97579,99079,100279,101479,102479
user5450397485569462687,2084,2884,4184,5484,6484,8084,8984,9884,10684,11884,13184,14184,14784,15684,16884,17884,18884,19784,21184,21584,22284,23584,24384,26084,26584,27484,28484,29084,30284,31284,32084,32684,33884,34584,36384,37384,38284,38984,40284,40984,42084,43084,44184,44984,46184,46784,47884,48384,50084,51084,52284,53184,53684,54584,55384,56084,57184,58584,59284,60484,61184,62684,63984,64984,65984,67084,68484,69684,71284,72284,73884,74984,75884,76584,78384,79784,80684,81784,82484,83284,84784,85384,85584,86684,87984,89284,89984,91384,93184,94084,94884,96684,97484,98684,99484,99984,101184,102084,102584,103784
user4993018502353356685,1678,3178,3778,4778,5278,6478,6878,7578,8778,9878,10978,12278,12878,13778,14878,15878,17278,18478,19578,20278,21878,23078,24178,24978,25778,26278,27478,28178,29178,30078,30978,31978,32678,33978,34978,36878,38078,39178,39978,41478,42478,43578,45378,46778,47678,48678,50078,51078,51978,52978,53578,54378,56078,57678,59078,60378,61178,61778,62878,64378,65278,67078,67878,68978,69378,69878,70678,72078,72978,73878,74978,75578,76278,77778,78178,79678,80478,80978,81178,83078,84278,85278,86778,87778,88378,89178,89878,90978,91778,93478,94878,96078,96978,97978,98878,99678,100978,101978,103578,104278
user7118824590470993170,2077,3277,4177,5177,5577,7177,8177,9277,10377,11477,11977,12977,13977,14377,15277,16077,16977,18177,19177,20077,21277,21977,23077,23877,25077,26077,27177,28177,28577,30077,31477,32477,33677,34677,35477,36477,37377,38577,39977,40777,41677,42777,43477,43877,44877,46577,47477,48177,48977,49777,51477,52777,53577,54277,55077,55777,56477,58277,58777,59677,60477,61277,62377,62977,63777,64877,65777,66477,67477,68177,69177,69777,70477,71477,72577,73277,73777,74677,75377,76677,77677,78877,80077,81177,81677,82577,83377,84177,85577,86677,87777,88777,89777,90477,91477,92477,92877,93577,94477,95277
user3237728412485383015,2484,3284,4784,5484,6384,7084,8084,9784,10984,11984,12384,13584,14384,15184,16884,17784,18984,19684,20784,21484,22184,23484,24384,25284,26584,28084,29184,30184,30984,32384,33084,33584,34484,35984,37084,38184,39584,41084,42584,43384,44784,45084,45784,46284,47384,47984,48884,49384,51084,52184,53184,54384,54784,55884,56584,57584,58384,59484,60284,60784,62484,63284,64084,64784,65684,66684,67784,69084,69984,70684,72584,73584,74484,75484,76384,77284,78284,80084,80584,81584,82384,83584,84384,85184,85984,86984,88084,89484,90584,91884,92484,93984,95184,96284,97584,99084,100284,101284,102084,103284
user6279535718135969082,1481,2181,2981,3881,5181,6281,7181,8181,9581,10881,11381,12381,13581,14781,15681,16781,18281,19481,20481,21781,23081,23981,25081,25881,26781,27281,28581,29581,30881,31881,32681,34081,34781,35581,36581,37281,37981,38881,39881,40781,42181,42981,43581,44581,45381,46681,47781,48981,50381,51281,52581,53881,54581,55281,56381,56981,58281,58981,60081,60981,61981,62781,63881,64781,65781,67081,68681,69781,70681,71881,72981,74381,75681,77181,77981,79481,80381,81881,82881,83981,84981,85981,87281,88081,88981,89681,90681,92081,93181,94581,95281,95881,96981,97781,98881,99881,100881,101981,102581,103781
user5580337714515754016,1879,3279,4779,6079,6979,7979,9079,10179,11079,12179,12879,13879,14979,15679,16179,17279,18579,19879,21279,22979,24479,25079,25779,26279,26979,27979,29379,30479,31479,32479,33379,34279,35179,36279,36979,37879,38579,39779,40979,41479,42379,43379,44279,45179,45979,46379,47379,48079,49179,50579,51879,52979,53879,54779,55479,57379,58379,58979,59979,60879,61379,61979,63579,64479,65279,66279,67579,68779,69679,70779,72479,73579,74479,75879,77079,78279,79579,80879,81679,82279,83279,84479,85179,86079,87079,87979,88679,89579,90379,91879,92679,94179,95279,96079,96879,97979,98779,101179,101979,103379
user6651171637409912793,1680,3080,4080,4980,6480,7880,9380,11380,12780,13580,14380,15380,16580,16880,17580,18680,19180,20080,20980,22380,23880,24680,25980,26980,27380,28380,29380,30180,31380,32280,33480,33880,35280,36380,36880,37780,38580,40180,40980,41880,42780,43580,44680,45280,46080,46680,47480,48280,49180,49880,51780,52480,53880,55280,56180,57180,57980,58680,59580,60780,61880,62580,63380,64180,64780,66480,67980,68780,70080,70580,71880,72780,73580,74680,76180,76880,77680,78580,79480,80480,81780,82780,83680,84480,85680,86480,87080,87980,89080,89880,90880,91980,92980,94080,95380,96780,97980,98980,99980,100580
user5464797676921564295,1682,2882,4382,4682,5382,6482,7182,8282,9482,10782,11682,12582,13682,14582,15682,16382,16882,18182,18782,20382,21682,22582,23182,24082,24982,25582,26382,26782,28182,29082,29682,30882,32282,33182,34082,34782,36082,37282,37782,39082,39982,40582,41282,42882,43882,44682,45582,46582,47182,48082,48782,49682,50882,51682,52382,53682,55582,56482,57982,58582,59382,60082,61082,61782,62682,63682,64682,65782,66782,67682,69282,70282,70682,71382,72382,72882,73982,75182,76182,76682,78382,79082,79882,81082,83082,84282,84782,86282,87282,88682,89882,91182,92682,93782,94982,95882,96582,97782,98582,99582
user3710627508077871521,1681,2381,3481,4581,5881,6381,7581,8681,9581,10581,11481,12281,13181,14281,14981,15681,16181,17481,18981,19981,21081,21681,22281,23481,24281,25081,26081,26881,27881,29181,29881,31181,32081,32881,33281,34081,34981,35681,36881,37781,38781,39481,40581,42081,43181,44181,45481,46381,46981,48181,49481,50681,51681,52381,53781,54581,55781,57181,58281,59481,59881,60581,62081,62981,63781,65281,65681,66681,67481,68181,69181,69981,70681,71781,72281,73081,73981,74781,75381,76381,77781,79181,80081,80981,82281,83281,84481,85481,86181,87081,88081,88881,89281,90181,90781,91781,92581,93781,94281,95381
user7355274138267237423,1885,3285,5085,6585,7585,8785,9485,10685,11685,12585,13285,14285,15885,16785,17985,19185,19985,21485,22585,23585,24285,25885,26885,27885,28485,28985,29685,30785,32085,32885,34385,36185,37085,37585,38285,38985,39685,41085,42385,43785,44485,45085,45885,46685,47485,48685,50285,51285,52285,53485,54285,55385,55985,56785,58185,59185,60185,61085,62485,63085,64285,64885,65785,67185,68185,68785,70185,70885,72085,73485,74185,75685,76185,77185,78285,78885,80085,81385,81985,82985,83585,85185,86185,87385,88485,89685,89985,90485,91285,92285,93185,94185,95085,95785,96085,97385,98285,98685,99685,100885
user3584813500638707425,1680,2880,3680,4380,5680,6880,7980,8980,9380,9680,10580,11480,12280,13380,14480,15380,15680,16080,17280,18180,19180,20680,21480,22680,23580,24680,25480,25680,26780,28180,28980,29680,30480,31280,32280,33280,34680,35780,36280,37180,38480,39480,40980,42180,43180,43580,45180,46480,47480,48280,49480,50480,51380,52380,53680,55080,55980,56880,57780,59080,59580,60580,61780,63080,64080,65280,66280,67480,68480,68880,69780,70780,72080,72580,73380,75080,75480,76180,77180,78180,79180,80380,80880,81780,82780,83780,84780,86280,87480,87880,88380,88980,89980,90780,92480,93480,93980,94980,95780,97080
user4409142221109489457,1677,2777,3777,4877,5777,7277,7777,7977,8977,9777,10877,11577,12877,13577,14977,16377,17577,18577,19877,20677,21977,22677,24077,25277,25877,27677,28877,29477,30277,31077,31977,32877,34077,35577,36877,37877,38577,39677,40977,41777,42777,43377,44177,44677,45577,46677,47777,48777,50377,51277,52077,53677,54777,55877,57177,58277,58977,59777,60777,61477,62277,63077,63577,64777,65077,66177,66677,67777,68877,70177,71177,72277,72977,74177,75177,76177,76977,78177,79077,80277,81077,81877,83177,83877,84477,85777,86277,87677,88677,89677,90677,91777,92577,93877,94377,95477,96477,96777,97677,98877
user7942934995723933319,2081,3681,5381,6081,6981,7681,8381,9081,10281,11481,11881,12781,14181,15181,16181,16881,18381,19381,20281,20981,22581,23481,24181,25281,25981,27381,28481,29481,30581,31181,32281,33281,34481,35281,36181,37081,37981,38981,40081,41081,41881,42881,44081,44681,45581,46581,47281,48181,48781,49581,51281,52181,53081,53781,54581,55881,56981,57981,59481,60681,62181,63181,63781,64581,65581,65981,67181,68181,69281,70081,70381,71081,72181,72781,73981,74781,75881,77081,77381,77981,79381,80381,81081,82681,84081,85581,86281,87581,88281,89481,90481,91381,92381,93281,94481,94981,96581,97881,98681,100181
user2885957142312790924,2082,3382,4382,5282,5982,6482,7882,8682,9782,11182,11982,12882,13982,14782,15882,17082,17882,18882,19782,20382,21782,22682,23382,23982,24982,25982,26682,27982,29082,30282,31482,32382,33582,34882,35582,36882,37482,38482,39282,40182,41282,41782,42782,43882,45182,45882,46982,48182,49282,51182,52082,52982,53782,55482,56682,57482,58882,59982,60782,62182,63182,64382,65382,66882,67982,69082,69982,71082,71982,72682,73882,74682,75282,76082,76682,77782,78582,79882,80882,81782,83082,84582,85582,86682,87682,89282,90082,91282,92682,94282,94882,95482,95682,97382,98682,99182,99982,100182,101582,102582
user8642911275074130716,1675,2575,3475,4275,5575,6075,6775,7775,8775,9975,10875,11875,12375,13375,14775,15975,16975,18375,19575,20575,21675,22975,24775,25575,26475,28075,29075,29675,30875,31875,33375,34375,35375,36275,37475,38375,39175,40275,42075,42875,43775,44775,45675,46875,47875,48975,50375,51475,52175,52975,53575,54375,55875,56875,57775,59275,60475,61275,62175,63275,64475,65575,66875,68075,68975,69775,70875,72275,73075,74375,74875,76475,77675,78275,79175,80075,81175,82175,83175,83775,84775,85775,87075,87675,88175,89775,90575,91775,92875,93675,94775,95975,97075,98075,98875,100475,101275,102575,104375,105075
user7239952415890889585,1976,2876,3476,4676,5276,6276,7476,9376,10176,11276,12276,13376,14776,16076,17276,18076,18776,20176,21076,21376,22176,23276,25076,26676,27376,28276,29876,30876,32076,33476,34876,36176,37076,37676,38876,39876,41076,41876,42076,43376,44576,45076,46576,48076,49276,49976,51176,51776,52576,52776,53576,54276,55476,57076,58576,59776,60276,61276,61676,62476,63676,64376,65976,66776,67976,69476,70176,71176,72276,73076,73876,74976,75676,76676,77376,77876,78876,79676,80676,81776,82776,84076,84876,85576,86176,87276,88776,89776,90676,91376,93076,94276,95176,96276,96976,97976,98976,100176,101376,102176
user1236834726000471613,1981,2781,3681,5181,6481,7881,8581,9781,10481,10881,12181,13581,14481,15581,16581,17481,18481,19481,20381,21481,22481,23381,24381,25581,27081,28581,29581,30881,31881,32981,33681,35181,36081,36881,37881,39381,40281,41181,42281,43481,44181,45381,46381,47381,48481,49181,50281,51081,52081,53581,54581,55881,56581,58281,59681,60181,61081,61681,62681,64081,64781,65981,67181,68181,68981,70081,71281,72481,72881,73581,74381,75481,76381,76981,78281,79381,80881,81181,81381,82481,83381,84381,85081,86481,87381,88781,89681,90181,90681,91881,92781,93881,94981,96481,97381,98781,99881,100981,101881,102881
user7938808774216806086,2279,3579,4179,5079,5579,6479,7879,8979,10379,11379,12479,13779,14879,16179,16479,17879,19379,20179,21279,22179,23179,24179,25279,26279,26979,27679,28379,29179,29979,31279,31879,32779,33779,34979,36079,36779,37679,39079,40079,40879,42279,43479,44879,45779,46779,47179,47579,48579,49679,50779,51779,53179,54079,55079,55979,56679,57179,57779,58379,58879,60179,61579,62579,64079,65179,65979,66479,67179,68079,69279,70079,70679,71279,72379,73979,74879,76179,77279,77879,78679,80079,81479,82579,83279,84679,85779,86379,87079,87679,88579,89979,90879,91979,93079,93979,94679,95879,96779,98279,99079
user6294714185218053021,1782,3282,4682,5482,6182,7082,7482,8782,9582,10582,11482,12882,13782,14682,15782,17082,17782,18482,19582,20982,21782,23282,24482,25282,26182,26982,27782,28882,30082,31182,32582,33582,34082,35282,36682,37782,39282,39982,42082,42482,43582,44782,46182,47382,48382,49382,50482,51882,52882,53982,55382,56582,57882,59482,60282,61682,62382,63282,64582,65782,66882,68482,69282,69782,70782,71682,72782,74082,75382,76982,77582,78282,78982,79882,81482,83082,83882,85282,86982,87582,88382,89282,90482,91282,91682,93282,94182,95482,96182,96982,98482,98682,99382,100682,101782,102582,103582,104382,105182,105582
user1101088394010631707,1769,2369,3669,4869,6169,7569,8269,9469,10269,11069,11769,13569,14369,15369,16369,17369,18369,19469,20769,21569,22569,23369,24369,25469,26869,27869,29369,29969,31469,32169,32969,34069,35269,36469,36969,38069,38969,39969,40969,41669,42669,43069,44769,45869,46869,48269,49169,49869,50569,51169,52069,53169,54069,55269,55969,57569,58069,59169,60069,61369,62769,63669,64869,65669,66169,67769,69069,70069,71569,72669,73569,74269,75269,75869,76669,77669,78969,79569,80869,81769,82369,83469,84569,85269,85869,87769,88569,89269,90369,91269,92069,92669,93369,94569,95369,96169,97169,98069,99169,100069
user7828173233859725929,1479,2279,3379,3979,4679,5679,6579,7579,9079,9779,10779,11779,12579,13979,14979,15879,16879,17679,18479,19279,20679,21079,22679,23679,25079,26079,26779,27379,28579,29479,30379,30879,32179,32879,33979,34879,35779,36679,37279,38479,39679,40579,41979,42879,43879,44579,45379,46479,47079,47579,48479,49079,50879,51679,52679,54079,55079,56379,57779,58779,59579,60479,61379,62679,63979,64579,66379,67379,68879,69279,70379,70979,72079,73079,74379,75379,76379,77779,78779,79879,81079,81879,82779,83979,85879,86979,87979,88879,90379,91479,92079,92679,93779,95179,95579,96579,97179,98379,99079,99979
user3932116904009873718,1587,2687,3087,3887,5087,6587,7587,8187,9687,11187,12487,12987,13487,14487,15787,16287,17287,18587,19687,20787,21787,23087,24187,25087,26387,27587,28387,28987,30087,31187,32087,32787,33387,34387,34987,35887,37087,38987,39487,40187,41587,42387,43187,43787,44687,45687,46487,47087,47887,48887,50387,51487,52387,53187,54387,55687,56787,57487,58187,59387,60887,62287,63487,64087,65387,66087,67387,68387,69887,70987,71887,72987,74087,74787,75687,76287,77387,78387,79287,80187,81087,81687,82587,83787,84687,85687,86387,87387,87987,88787,88987,89587,90987,92187,93187,94387,95287,96687,98187,99087
user6173586359798156606,1674,2674,3574,4474,5374,6574,7674,8474,9274,10674,11574,12574,13674,14674,15374,16674,17574,18874,19774,20774,21574,22074,22974,23574,24574,25974,26474,28174,29274,30774,31374,32574,33874,34874,35774,36474,37574,38174,39574,40974,41874,42374,43274,43674,44674,45574,46374,47574,48074,49474,50774,52074,53074,54474,55374,55974,56574,57974,59474,60474,61574,62374,63774,65174,65674,66574,67674,68874,70074,71374,72474,73674,74674,75974,77974,78874,80174,80874,81774,82574,83574,85274,86374,87074,88374,89474,90874,92474,93274,93874,95174,96274,97574,98674,99874,100974,101974,102974,104374,105474
user6063510779953216897,1874,3574,4374,4974,6474,7874,8474,9874,11174,12274,13774,14874,15374,16374,17574,18774,19874,20374,21574,22674,23374,24374,24874,25474,26274,27374,28274,29374,30274,31074,31974,33174,33974,35474,36574,37774,38274,39674,40374,41774,43074,43874,44774,45874,46874,47674,48574,49874,50274,50874,51574,52174,53174,53774,55574,56774,57674,58774,60174,61174,61874,62974,63974,64674,66274,67474,68374,69274,70174,70974,71874,72774,73974,74474,75674,76474,77774,78774,79274,79574,80674,81274,81974,83074,83774,84674,85074,85674,86474,87174,88474,89074,90174,91474,92574,93374,94274,94974,95774,96674
user5329269660149566272,2377,3377,4077,5477,6177,7777,9077,9677,10377,11177,11677,12977,14177,14977,16077,17177,17977,19177,19977,21177,22077,23177,23977,25177,26477,26877,27677,28877,30677,31477,33177,34377,35277,36577,37277,37977,38677,39177,40177,40977,41977,42577,43477,44177,45177,46377,47677,48577,49477,50577,51677,52277,53377,54077,55377,56277,57477,58177,58877,60177,61677,62577,63477,64677,65777,66677,67877,69577,71177,72277,73577,74477,75377,75977,77777,78777,79777,80677,81977,83077,84077,84977,85877,86577,87977,89077,89777,90477,91377,92477,93177,94477,95377,96677,97577,98277,99377,99777,100577,100977
user64860956864224723,1878,2978,4178,5078,5578,6578,7378,8478,9178,10278,11178,12478,13978,14878,15478,17078,17778,18578,19778,21078,21978,22978,23678,24978,25478,26078,27178,28178,29178,30178,31378,31978,33078,33678,34678,35778,36878,37778,38678,39978,41178,42378,43178,43978,45078,45978,46878,47978,49578,50578,51978,53078,54678,55778,56978,57978,58578,59278,59978,60578,61478,62278,62978,63578,64878,65578,67178,67978,68378,68878,69378,70778,71678,73178,73978,74978,75878,76578,77878,79078,80278,80978,82478,83178,84278,85078,85978,87278,88178,88778,89378,90478,91178,91978,93078,93878,94578,95978,96678,97478
user9221418083710133133,2380,3680,4180,5480,6380,7480,8380,9380,10180,11080,12380,13480,14580,15580,17080,18880,19780,20180,21280,22680,23780,24780,26080,26980,28080,29080,29580,30480,31180,32280,33280,34180,34980,36480,37080,38380,38780,39580,40180,40880,41780,43080,43980,44680,45580,46580,47880,49080,50080,51280,52480,53280,53880,54780,55880,57980,58480,59680,60580,61380,61980,62880,64080,64780,65680,66580,67680,68780,69880,71080,71780,73080,74080,76080,77480,77980,78780,80180,81280,82480,83080,83780,84680,85080,86180,87080,88380,89480,90080,90780,91580,92780,93380,94580,95280,96680,97980,99180,100380,101580
user2745182983009384772,2277,2977,4377,5177,5777,7177,8377,9177,10677,11777,12877,13677,14377,14877,15777,16577,17077,17577,18477,19977,20777,21577,22377,23277,23677,24577,25377,26177,27477,29077,30277,31177,32077,33477,34577,34877,36177,36677,38377,38777,39777,40677,41277,42277,43477,43977,45477,46677,46977,47877,48977,50277,51077,51877,53477,54377,55377,56077,57177,58077,58677,59377,59977,60677,61477,62877,63977,65477,67277,68677,69377,70177,70677,71677,72877,73677,74677,75077,75977,76377,77977,78777,80277,80877,81477,82377,83777,85177,86077,87477,87977,88477,89277,89977,91177,92077,93377,94177,94977,95777
user6535289954521424507,1570,2670,3670,4670,5570,6270,7170,8370,9470,10270,11370,12570,13270,14270,15170,16470,17670,18370,20070,21170,21770,22070,23370,24770,26070,27170,28270,29370,30270,31170,31570,32870,34370,35570,36670,37170,38170,39070,40270,41270,42070,43670,44670,46170,47070,47570,48070,48670,50170,51370,53170,53570,54770,55670,56970,57870,58770,60170,61070,61670,62470,64070,64570,65570,67070,67770,68270,69270,70370,71170,72170,73570,74670,75670,76770,77770,78470,79570,80770,82170,82870,84070,84670,85470,86270,87070,88170,89370,90770,91770,92870,93970,95170,95770,96570,98070,98970,99770,100670,101170
user296842637859043178,2080,3080,3680,4480,4980,5780,6980,7580,8480,10080,10780,11580,12580,13280,14380,15580,16780,17180,18380,19080,20080,20480,20880,22280,23580,24480,25580,26480,27580,28480,29080,29980,31180,32180,33280,34580,35680,36880,37480,38480,38880,40380,41780,42880,43880,44980,46080,47280,47680,48680,49680,50280,51380,52680,53280,54180,55180,56780,58480,58980,60080,61180,62180,63080,63580,64480,65580,66780,68080,68780,69580,70680,71680,72580,73080,73680,75780,76980,77880,79080,79680,80580,81980,82580,83280,84180,84780,85780,86580,87180,88380,89380,90580,91880,93280,94180,95780,96780,97780,98780
user5696561042698540867,2088,3288,4788,5688,6488,7188,8288,8888,9888,10888,11388,12088,13088,14088,15388,16288,17088,17788,18988,19588,20088,20988,22588,23388,24588,25688,26388,26888,27988,28888,29888,31588,31988,32888,33688,35088,36288,37288,38688,40088,41388,42288,43088,43588,44288,44988,45788,47088,47788,48788,49788,51288,52288,53288,54388,55788,55988,57088,59188,60288,61488,62488,63788,64988,65588,66588,67588,68488,69588,70488,71288,72388,73688,74388,75288,76488,77188,78288,78788,80088,81888,82688,83588,84688,85388,86888,87888,88488,89288,90888,92188,92688,93088,94488,95288,96388,97088,98488,100088,101388
user4302974547553835098,1776,3076,4176,5076,6676,7376,8176,8676,10076,11476,12876,13476,14576,15976,16476,17376,18476,19976,20676,21376,22076,23076,24376,24976,25876,26476,27976,29376,30076,31476,32776,33576,34576,36076,36776,38076,39076,40076,41076,41676,42976,43976,44876,45576,46876,47976,48676,49776,50776,51676,52176,53576,54676,55476,56276,57576,58476,59276,60276,61376,62576,63376,64776,65876,67276,68276,68976,70076,71176,72576,73976,74676,75576,76076,77076,78176,79176,80476,81476,82876,83576,84476,85176,86476,87476,88576,89476,90976,91976,93276,94676,95576,96776,97776,98276,99176,99676,101376,102976,103576
user4192898967708895389,1378,2078,3878,4878,6078,7278,8378,9378,10578,11978,12878,13378,14278,15278,16578,17178,18478,19178,20378,21178,22078,23278,24778,25578,26478,26678,27878,29178,29978,30678,31678,32078,33278,34178,35078,36478,36878,37878,38778,39878,40578,42078,42978,44078,45678,46378,47578,48778,49678,50278,51978,53078,54078,55278,56278,56778,57978,58978,60278,61078,62278,63178,64278,65278,66778,67078,68078,69278,70578,71678,72678,74178,74778,75978,76678,77878,78978,80178,81278,81978,82378,83578,84678,85978,86778,87778,88978,90178,90778,91578,92778,94678,95778,97278,97978,98678,99478,100278,101478,102378
user7677466750005643967,1286,1886,3486,4986,5786,6786,7686,8586,9486,10386,11186,11686,12486,13086,13886,14886,15886,17686,18386,19286,20086,20486,21686,21986,22786,23486,24686,25586,26186,26786,27486,28786,29786,30086,31386,32286,32786,34186,34786,36286,37086,37786,38986,40486,41586,43086,44386,45186,46186,47686,48586,49486,50086,51386,52186,53086,53886,54286,55186,55986,56886,57586,58386,59086,59986,60986,61786,62786,63686,64386,65486,66186,66986,67586,68686,70486,71786,72886,73986,74686,76286,76886,77786,78586,79486,80486,81386,82686,83486,84186,84886,86086,87186,88586,89786,91386,92286,92986,94486,95586
user8411147909297154144,2176,3076,3876,4376,5576,6076,6876,7276,8776,9676,10876,11776,12976,13876,14476,15076,15776,17576,18576,19576,20576,21676,22776,23976,25476,25976,26876,27976,28876,29376,29876,31076,32276,33876,35076,35776,36776,37976,38976,40276,41176,42576,43076,43676,44276,45176,46076,47076,48076,48876,50076,50676,51476,52376,53176,54476,55776,56976,57776,58176,59076,60076,60976,62076,62676,63776,64976,66276,67776,69076,69976,71176,71476,72276,72876,74076,74876,75976,77176,78276,79076,80176,81176,82376,83576,84176,84876,85676,87276,88176,89476,90476,92076,92976,93476,94676,95776,96376,97276,98176
user6048332312871132958,1377,2277,3077,3877,5077,6277,8277,9777,11277,12277,13077,14077,14877,15377,16377,16977,17977,18877,19477,20377,21977,23177,24477,24777,25577,26677,27777,28677,29577,30277,31277,32277,33477,34277,35077,36177,37277,38277,39577,40277,41377,42277,43077,44177,44877,45677,46977,47677,48977,49977,50777,51677,52977,53577,54377,55177,56577,57277,57877,59177,60277,61477,62677,63877,65177,66177,67077,67777,68877,69677,70377,71177,72277,73277,73777,74177,74977,76377,77877,78377,79277,80277,81077,81677,81977,82577,83477,84877,85877,86277,87377,88677,90477,91777,92677,93977,94877,95977,96777,98977
user5811541119780590140,1483,2983,4383,5083,5983,7183,8383,9383,10083,11383,11483,11983,12983,14483,15683,16183,17783,18983,19883,21183,21683,23083,23783,24683,25583,27083,27983,28683,29983,30783,31783,32883,34383,35183,36083,36583,37883,39183,39783,40183,41483,42683,43683,44383,45483,46783,47483,48783,49383,50283,51683,52383,53083,53883,54383,55583,56683,57683,58383,59583,60283,61583,62483,63483,64083,65983,67383,68183,68783,70083,70983,71683,72483,73083,74283,75183,75783,76383,77183,77383,78083,79183,79983,81383,81983,82483,83683,84783,85783,86683,87883,88383,89183,90883,91883,92383,93183,93783,94683,95783
user4655305778238567637,1883,2883,4083,4983,6083,7083,7983,8883,9683,10683,11583,12383,13283,14283,15083,16583,17483,18483,19383,20183,21683,22783,23783,24783,25383,26083,26483,27483,28683,29883,30283,31683,32583,34383,35283,36183,37483,38083,39683,40983,41583,42783,43983,44683,45283,45983,47183,48583,49283,50183,51083,52383,53383,54383,55683,56883,58883,59683,60683,61683,62383,64483,65283,66583,68283,69583,70083,70983,71983,73183,74583,75583,76383,77183,77883,78783,79783,81483,82283,83383,84683,85783,86583,87383,88383,89883,91083,92783,93383,94383,96183,97083,98483,99483,99883,100983,102383,103783,105183,105683
user4519559446248727731,1782,2382,2982,3882,4982,6182,7282,8282,9582,10382,11382,12082,13182,13782,14582,15482,16482,17682,18782,19282,20582,21882,22482,23582,24982,25382,25682,26582,27682,28482,29582,30082,31082,32982,34182,34682,35682,36282,37282,39082,39782,40382,41682,43282,44082,45082,46382,47582,48182,49082,49682,50482,50982,52282,52682,53882,55382,56782,57582,58982,59882,60582,60982,61782,62282,63182,63982,64882,65782,66582,67682,68282,69282,69982,70682,71882,73282,74282,74882,76382,77482,78682,79282,80382,81182,82582,83382,84482,85482,86782,88182,88982,89982,90982,91982,92882,93982,95382,96482,97582
user4775873643146323604,1467,2467,4367,5167,6367,7467,8167,9667,11367,12467,13867,14567,15267,16567,17767,18967,19967,20667,21767,22767,23467,24667,25567,26467,27167,29067,29967,30467,31567,32467,33067,34267,35267,37067,37967,39767,40467,41267,42467,42967,43667,44367,44767,45467,46567,47567,48667,49467,50267,50767,51067,51967,53267,54267,54867,56167,57167,58167,59067,60167,60767,61867,62767,63467,64467,65567,66167,67667,68767,69667,70367,71067,71967,72767,73767,74167,75167,76267,77367,78567,79067,80267,81367,82267,83267,84267,84767,85967,86967,88067,88867,90267,91867,92667,93767,94667,95567,96767,97667,98467
user8752645209624771860,2081,3381,4181,5181,6781,8381,9981,11481,12781,13881,14381,15381,16281,16781,18281,19081,19781,20981,21781,22581,23581,24081,25381,26181,27681,28181,29081,30081,30781,31281,32081,33281,34181,34981,36381,37781,38481,39481,40281,41081,42681,43081,43981,44581,45081,45381,46781,47781,48481,49681,50781,51881,52981,53281,53781,54881,55881,56981,58681,59781,60881,61981,63281,63981,64681,66081,66881,68281,69281,70281,72081,73181,74581,75781,76581,77881,78581,79281,80081,81281,81881,82581,83681,84281,85481,86481,87081,88381,88981,90481,91481,92381,93381,94281,95881,96781,97781,98081,99181,100681
user276977988757691558,1475,1875,3375,4175,5975,7475,8375,9075,9775,11075,11975,12575,13675,14675,16075,17675,18875,19775,21175,23575,24375,25275,26075,27475,28475,29675,30975,31975,32575,33075,33975,34775,35175,36275,37275,38075,39075,40375,41375,42375,43875,44775,46275,46875,47775,48975,49675,50375,51375,52775,53675,54775,55475,56375,57675,59275,60775,61975,63275,64375,65275,66575,67675,68775,69375,70275,71375,72475,74075,75175,75975,76775,78275,79075,80075,80975,81575,82775,83175,84375,85375,86075,87075,88075,89275,90375,90775,92275,93775,94975,95875,97075,97675,98175,99875,100275,101575,102475,103975,105075
user9115468725372320657,1880,3080,3680,4680,5380,5980,6680,7280,8380,9780,11180,11980,13080,13780,14480,15580,16180,16980,17580,18480,19580,20280,21780,22780,24280,25080,26480,27180,28380,29380,30880,31780,32980,33480,34080,35180,36180,37180,38180,38880,39780,40580,41580,42880,43580,44580,45580,46880,47780,48280,48980,49580,50280,51080,51780,52880,53680,54580,55480,56580,58080,59280,60180,61380,63180,64280,65280,66380,67880,68780,69080,69480,70280,70680,71880,72180,73480,74280,75280,76480,77980,78780,79780,80280,81580,82380,83480,84480,85180,86480,87280,87880,89380,90180,90980,91880,93080,94380,95780,96480
user1940377266345655795,1883,3483,5283,6683,7383,7883,9483,11083,11583,12383,13783,15283,16383,17083,18283,18883,19883,21083,22483,23683,24383,25783,26683,28283,29083,30083,30883,31283,32683,33383,34583,35583,36383,37083,38683,39783,40983,42083,42783,44083,44883,46283,46683,47183,47383,47883,48383,48983,50083,50983,51783,52983,54083,55183,56183,57083,58083,59083,60083,61283,62583,63683,64783,65683,66983,68083,69083,69383,70383,70983,71583,72883,73983,74683,75583,75983,77283,78483,79783,80883,81883,83783,84883,85783,86583,87183,87683,89083,90083,91983,92983,93883,94783,96883,97683,98583,99883,100483,101483,102783
user8150365845598132473,1976,3076,4176,4876,6176,7176,8876,10476,11076,12176,12976,13876,14576,15376,15976,16876,18476,19476,20376,20976,22076,22876,23876,24976,26176,27376,28376,30476,31476,32576,33976,35376,36376,37176,37876,39076,39976,40976,42176,42576,43576,44076,44476,45776,46776,48376,49476,50676,51476,52776,53976,55176,55876,57176,57876,58676,59276,60476,61476,62776,63776,64776,65876,67276,68276,69276,69776,71376,72576,73576,74376,75276,75976,77076,78576,79076,80376,81576,82276,83276,84176,84576,85076,86376,87676,88576,89176,90276,90876,92076,94176,95376,96276,97376,98276,99076,100676,101476,102076,103076
user2166676174373382355,1678,2678,3678,4178,5678,7078,7478,8478,9978,10778,12078,13278,14178,15778,16778,17978,19078,19778,20978,21978,22878,23578,24578,25878,27078,27978,29178,30178,30878,31778,32378,33678,34478,35178,36578,37678,38278,38978,40178,40778,41978,43078,44678,45878,47578,48078,48978,49378,49678,50478,52478,53278,54078,54778,55478,56578,58278,59678,60778,62278,63478,64378,65278,66278,67078,67878,69078,70778,71978,72478,74178,74878,75578,76678,77778,78678,79978,81378,81778,82778,83278,84578,85978,86878,88278,89878,90578,91478,92478,93478,94278,95578,96478,97478,98778,99878,100978,102178,103278,104078
user4530051731311543989,1381,2181,3081,3881,5081,5781,6581,7481,8181,9481,10581,11281,12081,12481,13681,14581,15381,16581,17681,18881,20581,21781,22781,23481,24281,25181,26081,26881,28081,29281,30581,31681,32681,33781,34981,36381,37881,38781,39981,41181,42381,43281,44781,45681,46781,48081,48981,49581,50781,52081,53881,54781,56081,57281,58081,58981,60281,61581,62881,63781,64781,65881,67381,68081,68881,69981,71281,71681,72281,73681,74781,75781,76681,77181,78281,79381,80681,81281,82081,82381,83281,84381,85781,86881,87981,88681,89681,91081,92981,93781,94881,95481,96681,97681,99281,100781,101581,102181,103381,104281
user5118272549280380333,1879,2879,3579,4179,4979,5879,6379,7979,8879,9979,10779,11679,13279,14279,15479,16879,17979,19079,19979,21479,22679,23079,25079,25679,27079,28179,28779,29779,30479,31679,32679,33879,34379,34979,35679,36579,37579,38579,39679,40779,41779,42579,43479,44679,46079,47079,48579,49479,50379,51379,52579,53279,54279,54979,55679,56679,57879,58979,60079,61479,62379,63079,64079,65279,66679,67879,68879,69879,71279,72279,73179,74279,75279,76579,77379,77979,79079,80279,80879,81979,82879,83879,84879,85879,87479,88579,89379,90179,91179,91479,92679,93379,94279,95779,96479,97779,98779,99579,100579,102279
user8868868537807558711,1474,2274,3074,4074,4874,5874,7174,8574,10674,11374,12574,13274,13974,14974,15874,16874,18474,19874,21174,21574,21974,22674,23274,24074,25874,26774,27174,28174,29474,30574,31574,32474,33174,34374,35074,36174,36874,38274,39674,40874,41674,42874,44674,46474,47274,47674,48974,50374,51674,52774,53874,54574,55374,55674,56774,58574,59574,60874,61574,62374,62974,64074,65174,66074,67674,69074,70074,70574,71474,72374,73674,74574,76274,77674,78974,79774,80474,81074,81974,83574,84674,85474,86174,86574,88474,89574,91074,91874,92974,93474,94474,94874,95874,96774,98474,100374,101074,101974,104174,104974
user8405901766765746015,1890,2890,4090,4890,6490,7590,8690,9390,10790,11690,12690,13390,14990,15890,16890,17790,18590,19190,19990,20990,21590,22390,23390,24190,25190,25990,26990,28090,28990,29590,30590,31990,33190,34490,36190,36490,37690,39090,40690,42190,42990,44390,45190,46390,47290,47790,49490,50190,51290,52290,52690,53190,54390,55190,56490,57590,58490,59390,60890,61590,62090,63090,64290,65290,65990,66990,67890,68890,69290,69990,70890,71490,72390,73190,74290,75190,76290,78090,78390,79190,80290,81390,82490,83490,84590,85290,86590,87390,88190,89090,90290,90690,91690,92490,93690,95190,96690,97690,97990,98890
user3458657847905244764,2182,3182,3782,5082,6282,7382,8482,9482,10282,10982,11682,12382,12982,13582,14282,14782,15882,16382,17682,18382,19182,19682,20782,21182,22682,23982,24782,24982,25882,26682,27282,28382,29382,30482,31182,32182,33182,34282,35382,36582,37982,38882,39982,40582,41582,42282,43482,44382,45982,47282,47882,48682,49382,50382,51282,52082,53782,55182,56282,57282,58282,59382,60082,60982,61482,62082,63082,64382,65582,66682,67682,68682,69782,70482,71682,73182,74082,74782,75882,77082,77982,78982,80082,80682,81282,82082,83182,84982,85582,87282,88482,89282,90382,91382,92182,93282,94082,94982,95982,97282
user6284221900155236763,1476,2876,3976,4776,5276,6476,7076,7776,8876,9676,10176,11176,12976,13776,14276,15276,15776,17076,18476,19576,20876,22876,24076,25576,26176,27276,28776,29476,30176,30676,32576,33776,34176,35876,36876,37976,39576,41076,42176,43076,44876,46076,46876,47276,48576,49076,49576,50376,51876,52776,53576,54776,55776,56976,58376,59176,60076,61376,62176,63276,64176,65276,66276,67476,68976,70176,71476,72376,72776,74076,74576,75276,75876,76476,77276,78876,79876,80576,81176,82376,83176,84176,85176,85376,86076,86976,88176,89476,90376,91276,92476,93476,94376,95876,96676,98176,99276,100276,101976,102776
user6163872350465322679,1585,2685,3585,4885,5885,6985,8085,8785,9785,11085,12185,12885,13985,14585,15685,16785,17585,18485,19285,20085,21185,22585,24185,25385,26285,26985,28085,29585,30485,31185,31685,32885,33985,35285,36385,37585,38585,39785,40885,42185,42885,44085,45085,46585,47185,48485,49385,50585,51585,52585,53385,54585,55685,56685,58585,59285,60485,61585,62085,62885,63885,64885,65585,66785,68285,69185,70585,71785,72585,73485,75785,76785,77585,78385,79885,80385,81585,82485,83585,84785,85985,86985,88485,89085,90585,91285,92485,93485,94085,95485,96585,97685,98485,99585,100585,100885,102185,102985,103785,104785
user4067084960269731293,1484,2184,3284,4284,5484,6584,8184,10084,11084,11784,13084,14584,16184,17584,18484,19284,19984,21184,22084,22784,23784,24484,25084,25884,26884,28084,29184,29684,30584,31584,32584,33684,35284,36184,37084,38484,39284,39984,41184,41884,42584,43684,44584,45484,46584,47384,48684,49684,51284,52384,53884,54484,55184,56884,57584,58784,60084,61184,62384,62884,64284,65184,66284,66784,67484,68084,68984,70284,71084,71684,72284,73184,74084,74784,76184,76784,77884,78784,79584,79984,80884,82084,83484,84584,85084,86184,87884,88684,90184,91284,92284,93484,94584,95584,96384,97184,98184,99084,99584,100784
user3826167545672061242,1773,2773,3873,5673,6473,7973,9373,10673,12073,12973,14073,14973,15873,17073,18273,19373,20573,21973,22873,24073,24773,26173,27373,28173,30173,31373,32273,33473,34673,35473,36373,37673,39173,40373,41273,41773,42573,43373,44573,45973,47573,48573,49173,50073,50773,52073,52873,53773,54273,54973,56273,56473,57373,58373,59873,60773,61073,61473,62773,63873,64373,65373,67073,67873,69073,70173,70973,71973,72973,73973,75273,76073,77573,78673,80273,81273,82573,83973,85573,86573,87873,88473,88973,89573,90873,91873,92973,94473,95273,96173,97373,98673,99873,100873,101673,103173,104473,105473,106473,107473
user3011771149751955020,2088,3188,3788,4288,4488,5788,7088,7788,8888,10388,11488,12788,13488,14788,15588,16988,17988,18688,19788,20488,20988,21388,22488,23588,24388,25488,26388,27488,28688,29388,30088,30588,31588,32688,33488,34688,35888,36988,37888,38688,39788,40788,41688,42488,43688,44688,45588,46488,47388,48388,49288,49988,50888,52088,53388,54088,54888,55788,56288,56688,57688,58488,59788,61288,62688,63788,65088,65488,66688,67588,68688,69788,70488,70988,71688,72788,73688,74188,75588,77588,78688,79988,80788,81588,82588,83188,84588,85888,86988,88188,88988,90088,91088,92488,93888,94188,94988,96988,98588,99488
user3599991967720791364,1283,2783,3683,4683,5583,6483,7483,8483,9683,10083,11783,12983,13983,15383,16183,17383,18883,19283,20483,21583,22883,23783,24983,25983,26783,28083,28383,29483,30583,31683,32583,33183,33983,35383,36583,37983,38283,39583,40083,40983,41883,42583,43683,44483,45483,46383,47583,48483,49183,50083,50683,52683,53483,54383,55383,56183,57183,57983,58583,59683,60483,61683,62483,63083,63783,64683,65783,67383,67983,68783,69283,70683,71283,72083,73583,74383,74583,75483,76183,77283,78083,79083,80183,81683,82183,83283,83783,84283,85283,86683,87283,88183,89183,90083,90983,91683,92483,93883,94983,96383
user7556898885097888000,1587,1987,2587,4187,5487,6087,7087,7887,8587,9087,10187,11387,12387,13087,14687,16387,16987,18387,19287,20387,21287,22087,22387,23487,25287,26987,27887,29087,30087,31487,32487,33187,34587,35287,35987,37287,38387,39387,40287,41487,41987,43087,44487,45287,46587,47687,48887,50087,51387,52087,53187,54187,54987,55887,57187,58487,59687,60687,61887,63087,64087,65487,66787,67687,68587,69587,70387,71487,72387,73787,74487,75487,77287,78287,79087,79587,80387,81387,81787,83087,83987,84687,85587,87087,88487,89187,90687,91487,92487,92987,93287,94887,96087,96887,97587,99087,100287,101287,102087,103287
user1684623029960200370,2276,3176,4276,5176,6276,7276,8376,9476,11376,12076,13476,14876,16476,17176,18276,19276,20876,21576,22776,24076,24576,25476,26476,27176,28076,28876,30276,31776,32676,33476,34576,35776,36476,37576,38776,39676,40576,41576,42276,42876,43976,44976,45976,46976,47776,48576,49376,50476,51376,52276,53276,53976,54976,55776,57276,58476,58976,59776,60676,62076,62376,63076,63876,65176,66176,66976,68076,68676,69776,70876,71976,72676,73676,75076,75476,75876,76676,77276,78276,79476,80476,81876,82576,83476,84676,85076,86376,86876,87776,88676,89576,90176,91676,92776,93576,94676,95376,96376,97176,97676
user1241302592801897411,1785,2885,3885,4885,5385,7185,8385,9285,9985,11085,12585,13585,14985,15985,16685,18085,19085,19785,20885,21585,22885,23685,23985,24785,25585,26485,27585,28585,29785,31185,31785,32685,33485,34785,36285,36685,37785,38685,39685,40885,41385,42485,43485,44385,45185,45985,47085,47885,48985,49885,50585,51385,52785,53685,54485,55985,56885,58685,60185,61085,62685,64085,64985,66185,67485,68785,69885,70885,72085,73085,73985,75185,76385,77285,78585,79585,81085,81985,83085,83685,84385,84985,85985,87085,88085,88785,89785,90785,91885,92885,93785,95285,96185,96985,97985,98885,99685,100385,101185,102185
user4751541127243546186,1778,3178,4278,5078,5978,6678,7178,7878,8778,9778,10278,11378,12278,12878,13378,14478,15778,16678,17278,18378,19078,19678,20178,21278,22178,23578,24378,25278,25678,27178,27678,28678,29778,30178,31478,32378,33678,34578,35778,36578,37578,38478,39578,40378,42478,43378,44878,45778,46678,47178,48078,48778,50178,51078,51978,52378,53678,54678,55778,56778,58178,59378,60178,61878,62878,64378,64578,64978,65578,66078,67178,68378,69178,69778,71678,73078,73578,74878,76178,78478,79378,80378,81678,83278,84778,86078,86978,88378,90078,91178,92478,93678,94978,95378,96578,97078,97978,99178,100078,101178
user884285180097897191,1569,2369,2869,3469,4169,5069,5969,6669,7869,9269,10269,11569,12469,13569,14669,15569,15869,16569,17469,17869,18869,19369,20269,21169,22269,23769,24269,24869,26069,26769,27269,28269,29169,30269,31469,32369,33269,34369,35569,36969,37669,38969,39569,40769,42369,43369,44369,45769,46869,47469,48669,49669,50469,51169,51969,52869,53969,54769,55769,56569,57169,58169,59269,59669,60669,61369,62269,63269,63869,64769,66469,67369,68269,69069,70069,70969,72269,73469,74469,75469,76269,76769,77669,78969,79969,81169,81869,83069,84169,84869,86369,87769,88469,89169,90169,90769,91869,93169,94869,95669
user2278089990460444843,1390,2690,3590,4690,6090,7190,8490,10190,10990,12190,13090,13790,14790,15490,16390,16790,18290,19690,20190,20790,21390,22190,23690,24390,25390,26490,27190,28090,29190,30090,31290,32390,33790,35190,35990,36490,37190,38290,38890,39390,40590,41390,42190,43190,44190,44990,45990,46990,47490,48290,49390,49990,51290,52590,53790,54290,55090,56490,57590,58590,59190,60190,60890,62390,63890,65790,67190,67790,68790,69290,70290,70890,72090,73090,74790,75890,76990,78790,80090,80790,81890,83090,83790,85090,86090,86990,88090,88890,90090,91190,92490,93090,94690,95390,96490,97390,98190,99090,100090,101290
user2423550331783118676,1675,2975,4275,4575,5675,6675,7475,8775,9775,10675,11675,12575,13575,15175,16075,16975,17675,19475,20075,21175,22075,23175,24175,25275,26775,27975,28875,29775,30375,31275,32375,34275,35075,36075,36675,38275,39175,39975,40375,41275,42275,43875,45175,45975,47175,48075,49075,50175,51175,52175,53075,54175,55175,55975,56975,57875,58975,60375,61175,62375,63375,64575,65375,66175,67275,68175,69275,70675,71375,72575,73975,74775,75675,76975,77775,78775,80475,81175,82175,83375,84075,85775,86575,87575,88375,89075,89875,90875,91975,93375,94175,95575,96475,97275,98375,99075,100675,101175,102375,102875
user4187652825177487260,2873,3673,4573,5773,6373,7073,8373,9273,10273,10473,10973,11773,12373,13573,14973,16373,17673,18273,19073,20073,21373,22173,23273,24673,25773,26973,28073,28973,29373,30473,31073,32173,33373,34273,35573,37173,38073,39373,40873,41373,42773,43573,44473,45673,46473,47673,47973,48473,49473,50273,51473,52673,53673,55173,55473,56173,57173,58273,59473,60473,61173,62273,63473,64573,65373,65973,66773,67173,68173,68973,70373,71473,72373,73973,74673,75673,76473,77973,79073,79873,80573,80973,82073,83073,84073,85173,85973,86773,87473,88173,89873,91173,91973,93473,94173,95273,96173,96873,97673,98173
user7466127993842159463,1976,3076,4276,5076,5676,6576,6876,7976,9076,10176,10776,12176,13276,14176,14776,15976,16976,17876,19176,20176,21176,22276,23376,24676,25776,26576,27776,28476,29676,30376,31876,32976,34076,35176,36176,37176,38376,39676,40476,41676,42576,43476,44176,45376,46576,47176,48076,48976,50176,51376,51876,52776,53476,54776,55776,56776,57776,58776,60276,61576,62776,63976,64876,65976,66976,67976,68476,69076,69676,70276,71376,72676,73476,74176,75176,76676,77776,78776,80476,81876,82576,83276,84076,84976,85676,86976,87876,88776,89276,90676,92276,93376,94676,95776,96476,96976,97876,98476,99676,100576
user417410502766799145,1578,2778,3978,4178,5178,7078,7778,9378,10978,12178,13078,13878,15078,16078,17478,18778,20178,20978,21678,22478,23378,24478,25478,26478,26978,28578,30378,31578,32678,33478,34478,35278,35878,36978,37678,38578,39578,40678,41178,41878,42978,43878,44878,45678,46378,47478,48778,49678,50978,52278,53478,55078,56478,57478,58478,59578,60378,61478,62978,65278,65878,66778,67478,68578,69978,70678,71578,72478,73078,73978,74778,76178,77578,78878,79878,80478,81678,82678,83578,84378,85578,86278,87478,88578,89778,90678,91778,92578,93078,93478,94178,94678,95378,96778,97278,98578,99278,100478,101378,102178
user1211723934367711864,1777,3077,4377,5377,6077,7377,8577,9777,10777,11977,12877,13377,14377,15577,16577,17477,18777,19777,20677,22177,23477,24777,25577,27477,28777,29677,30477,31777,32477,33777,34977,36077,37077,38477,39477,40477,41677,42777,43177,44277,45077,45677,46277,47277,48577,49977,51277,51977,53477,54277,55477,55877,56677,58277,59977,61177,62077,63177,63677,64177,65677,66477,67477,68577,69577,70677,71377,72977,74177,74977,75577,76377,77477,78877,79677,80577,81377,82077,82977,84477,84777,85677,86777,88077,88877,89877,90577,91377,92177,92877,93677,94877,95777,96377,96977,97877,98077,99477,100677,101277
user5012323190942567857,1780,2780,3680,4980,6080,7080,7880,8280,8780,9880,10880,11480,12280,14080,15480,16280,17180,17780,18880,20080,21180,21980,23080,23980,24780,25780,27080,27780,28980,30580,31380,32280,33480,34680,35480,36280,37680,38780,39580,41080,41880,43180,43680,44980,46680,47980,48680,49580,49880,50280,50780,51580,52280,53280,54480,55180,56280,57380,58980,60080,61380,62080,62680,63680,65380,66580,67180,68880,70280,71180,72180,72780,73580,74580,75480,76180,77080,78380,79480,80680,81480,82480,83480,84680,85580,86180,87380,88580,89380,90180,91180,92480,93480,94580,96080,96680,97780,98680,100380,100880
user5600544008911404201,2185,2885,3385,4185,5385,5985,6785,8085,9285,10185,11585,12985,14285,15085,16385,17485,18185,18885,20185,20885,22385,23285,24785,25685,26585,27785,28885,29685,30585,31685,32285,33285,35085,35485,36385,37585,38285,39485,40185,40885,41785,42985,43785,44885,45485,46685,48185,49185,50585,51285,51985,53285,53585,54085,54885,55785,56785,57685,58085,58785,59985,60685,61885,62685,63585,64385,65585,67485,68485,69185,70885,71385,72185,72985,73685,74285,75085,75985,76985,77785,79385,80485,81485,82485,83585,84785,86285,87485,88485,89585,90985,92185,93485,94185,95185,96185,96885,97885,98885,101085
user6188764826880240545,1579,2579,3179,3679,5779,6879,8179,9079,9879,10479,12079,12579,13579,14879,15479,16379,17479,17979,18979,19979,21079,22179,23279,24479,25779,26979,27679,28079,28979,29879,30679,31179,32479,33779,34779,35279,36779,37579,38579,39479,41179,42179,42879,43879,44979,45479,46679,47979,48679,49579,50679,51979,53479,54179,54779,55979,57379,58379,59979,61079,61579,62379,63279,64479,65579,66579,68279,68779,69479,69979,71079,72179,72979,73979,74779,75379,76879,77879,79479,80379,80779,81679,82879,83679,84579,86179,87179,88279,89479,90579,91279,92379,93079,94179,94779,95579,97079,97879,98779,99779
user6033932121519031350,1981,3481,4581,5581,6681,7481,8381,9281,9881,10281,11481,12381,12981,14081,15781,17081,18081,19481,20581,21481,22481,24181,25081,26181,27381,28181,29481,30281,31381,32081,32781,34081,35281,35881,36781,38081,38881,39781,41081,42381,43181,44181,44681,45381,46781,48581,49081,49981,51081,51781,52381,53081,54681,55381,56081,56681,58181,58781,60281,61581,62881,63881,64981,65981,66881,67681,68681,69481,70681,72281,73781,74581,75481,76781,77681,78381,79981,81281,82481,83381,84181,85581,87081,88081,89181,90181,90881,91681,92481,92781,93681,95381,95981,96581,97881,98481,99381,101181,101981,103181
user5701807185229948996,1677,2677,3877,4677,6377,7077,8077,9477,9877,11377,12777,13877,15677,16677,17877,18877,19477,20377,21477,23177,24077,24777,25577,26777,27377,28677,30277,31177,32577,33477,34677,35277,36277,37777,39277,40077,41277,41777,42577,43477,44277,45577,46777,47877,48577,49477,50877,51577,52077,52677,53777,54477,55777,56477,57077,58277,59377,60077,61277,62477,63477,64377,65077,67077,67577,68577,70077,72077,73177,74077,75077,75877,76777,77477,78077,78977,79777,80277,81077,82277,83277,84677,85277,86077,86777,87577,88277,89077,89677,91277,92177,93177,93777,94777,95577,96477,98077,99877,101277,102777
user879598998078629510,2082,3282,4082,5182,5782,7082,7682,8982,10282,10982,11482,12282,12982,13582,14482,14682,16282,16882,17682,19282,19982,20982,21882,22782,24082,25182,26682,27282,28082,29282,30282,31082,31982,32282,33382,34282,35282,36482,37782,38482,39782,40782,42482,44182,45182,46082,46782,47482,48282,49882,50982,51782,52982,53982,54882,56082,56882,57782,58582,59982,61182,62082,62782,63982,64982,66482,67282,68382,69482,70582,71382,72582,73182,74082,75582,76882,77982,78582,79982,80882,82282,82882,83682,84282,85482,85682,86882,87682,88882,89882,90882,92482,93882,94982,96282,97182,98182,98882,99582,100482
user3700353538232897146,1878,2178,2978,4678,5678,7078,7478,8378,9378,10078,10778,11278,12078,12978,13578,14278,14978,15578,16878,17978,19178,19878,20478,21078,21978,22678,23678,25178,26478,27378,28878,30378,31278,32478,33278,33478,34678,35378,36778,37578,38678,39478,40578,41578,42178,43078,44178,45178,46178,47078,48178,49578,50378,51178,52278,53078,54378,55278,56078,57678,58678,59678,60778,61678,63578,63878,64478,65578,66878,68278,69078,70378,71278,72078,73078,74778,75878,76678,77378,79078,80578,81378,81878,82878,83578,84478,85378,85978,87378,88778,89278,90578,91678,92478,93378,94578,95378,95878,96578,97678
user4283888174182465809,1885,3185,3885,4885,5985,6985,8485,10085,10985,11985,12985,13885,14785,16785,17585,18885,19785,20285,21085,21885,22885,23485,23885,25085,25985,27385,28185,29585,30885,31885,32885,33885,34385,35385,36185,37085,38185,39285,40685,41585,42885,43985,44885,45685,46385,47485,48285,49285,50585,51285,52185,53685,54485,55885,56585,57885,58685,60285,61285,62485,63085,63985,65285,65885,66585,67385,68385,69085,70385,71385,72185,72485,73385,74385,75485,76185,77185,77685,78585,79485,80285,80985,82285,83485,84285,85285,85885,87485,88785,89185,90485,90885,91485,92385,93285,93985,94685,95585,96585,98085
user1603566148037305760,2071,2571,3071,3871,4371,5471,6771,7671,8571,10171,11471,12371,12971,14171,14671,15371,16471,17971,19571,20671,21671,22471,22871,23771,24971,25671,26971,27971,29071,29971,31071,31871,32971,34071,34971,35971,37571,38571,39571,40271,41771,42471,43971,45371,46671,47771,48571,49671,50571,51771,52471,53771,54871,56171,57271,58371,59171,60371,60971,62071,62971,63671,64971,66071,66971,67971,68371,69571,70771,71771,72671,73671,74471,75871,76371,77671,79071,80371,81471,82371,83671,84771,85371,86071,86971,87471,88471,89371,90471,91071,91971,92971,93771,94671,95471,96171,96771,97471,98471,99271
user6872442718124073107,2084,3084,3584,4084,5084,6684,7584,8784,9484,10584,11684,12384,13784,14384,15784,16584,17484,18284,19884,21084,21884,22784,23584,24784,25184,25884,26584,27484,28384,29184,29984,31784,33684,34484,35184,36884,38184,39184,39784,40984,41984,42684,43984,44784,45484,46684,48184,49384,50984,52284,53584,54284,56084,57184,58184,59084,60384,61684,63084,63984,64784,65684,66684,68084,69184,70084,71184,71884,72584,73484,74584,75384,76184,77484,78384,79384,80384,81884,82884,83284,83884,85084,86384,87184,88184,89784,91184,92284,92784,93784,94384,95684,96784,97184,97884,98884,99684,100784,101484,103084
user4625727119804382090,1883,2683,3783,4883,5683,6783,7583,8083,9283,10483,11583,12483,13883,14883,15583,16783,17983,19183,20483,21183,22283,22883,23783,26083,26683,27783,28483,29583,30683,31383,32483,33283,34683,35483,35983,37083,38283,38683,39383,41183,42483,43383,44583,45683,46383,47283,48583,49083,49383,50283,51183,52083,53383,54083,55083,56483,57283,58083,59183,60183,61283,62483,63683,64583,65883,67183,68383,69583,70583,71783,72483,73183,74083,74983,75783,76683,77783,78683,79483,80483,81383,82183,83083,83783,84883,85983,86983,87883,89783,90983,92083,92783,93983,95183,95483,96483,97183,98783,100483,101383
user4760913491282081548,1269,2169,3369,4169,5369,6369,6869,7569,8669,9469,10069,11569,12469,13369,14169,15469,16869,17669,18269,19269,20669,21369,23369,24269,25469,25969,26869,27669,29169,29769,30969,32769,33869,34669,35569,36469,37769,39069,39669,40669,42369,42969,43869,45669,46469,47569,48669,50269,51269,52069,53069,54069,54469,55169,56369,56969,57569,59169,59769,60569,62569,63969,64569,66069,66869,67869,68969,69869,70669,71269,72269,73369,74269,75169,76269,77369,78169,78769,80369,81669,82669,83769,84869,85669,86769,87569,88269,88969,89869,91169,91669,92269,93169,94369,95269,96269,97369,99069,99569,100569
user4866862849619894024,1684,2684,3384,4784,5884,6584,7784,8984,9884,10884,12184,12784,13684,14284,14884,15684,17184,18984,20084,20584,22284,23584,24784,25384,26884,27484,28284,29084,30284,31084,31984,32884,33884,34884,35484,36684,37484,38184,39084,39884,41084,42484,43184,43984,44484,45484,46984,47684,48084,49784,50184,51984,52784,53884,55184,56784,57884,58784,60184,61184,62184,62884,63984,64984,66184,67084,68384,68984,69784,71084,72384,73084,73984,74584,75384,76984,77784,79184,80084,80784,81684,83084,84184,84884,85784,86584,88284,88784,89584,90484,90784,91884,92384,93984,95484,97384,98484,99384,100584,101684
user4881823001484136080,1870,3170,4670,5170,6870,8270,9370,10070,10970,12170,13570,14270,14770,16070,17870,18870,19570,20570,21570,22470,23370,23870,24570,25670,26470,27670,28570,29670,30870,32070,33770,35070,36070,37070,38170,38670,39870,41370,42670,43470,44670,45870,46970,47770,48970,50670,50970,51770,52670,53970,54470,55070,56270,57070,58970,60270,60570,61670,62670,63470,64170,64870,65470,66270,67070,68170,68570,69370,70070,71370,72270,73370,74870,76570,77470,78170,78770,79570,80470,81370,82070,82570,83970,85070,85970,86870,87870,88870,89770,90270,91370,92070,93070,94270,95270,96870,97570,98470,99570,100770
user3483550324320162630,2075,2975,4375,5475,6475,7875,8975,9975,10775,11575,12875,13975,14875,15975,16475,17575,18675,19175,20775,21575,22675,23675,24775,25675,26975,27975,29375,30575,31675,32775,33775,35075,36675,37575,38575,39475,40275,41275,42075,42975,43975,45075,45875,47175,48075,48675,49175,50075,50975,52375,53675,54775,55475,56875,57475,58075,59675,60775,61575,62575,63475,64175,65175,65875,67275,68875,69575,70675,71275,71875,72575,72975,73975,74375,75275,76275,77275,78275,79375,80075,81275,82975,83475,84275,84675,85475,86775,87775,88675,89475,90475,91475,92475,92975,93375,94075,94775,95775,96875,97875
user7244638597910157266,1877,2977,3777,5277,6777,7577,8177,9277,10077,11077,12277,13277,14677,15977,17477,18577,19577,20977,21577,22577,23577,24677,25777,26877,27977,29177,30377,31177,31777,32677,33777,35077,36177,37077,38577,39377,40577,41677,42477,43577,44577,45177,45977,46877,47777,48777,49677,50777,52377,53777,54677,55477,56177,56877,57677,59077,59777,60877,61477,62477,63977,64977,65977,66877,68077,68777,70777,71377,72177,73377,74777,75777,76377,77277,77977,79177,80677,81677,82477,83677,84277,85177,86177,87177,88777,89677,90977,91777,92977,93777,94277,95677,96277,97377,98277,99377,100077,101277,102377,103277
user1125980870425549573,1575,2275,2975,4175,4875,5775,6675,8075,8975,10375,11775,12575,13375,14775,15475,16275,17575,18775,19575,20375,21475,21975,22575,23675,24175,24975,25775,26775,27775,28775,29675,30975,31875,32375,33375,35075,36675,37775,38875,40375,41875,42475,43275,44675,46375,47175,47675,48475,49775,50575,51375,52375,53375,54275,54675,55975,56775,57875,58575,59375,59875,61075,61975,62275,62975,64375,65375,66175,66975,67775,68075,69175,69775,70775,72175,72875,73275,74275,75475,76775,78075,78875,79575,80475,81675,83075,84475,85475,86875,87575,88675,89475,90675,92075,92375,93375,94375,94975,96275,97075
user2287803999793278770,1680,2780,3880,5080,5980,7580,8280,8780,9580,11180,11980,13280,14280,15680,16480,17580,18780,19880,21080,22380,23580,24880,26280,27780,28380,29880,30880,31480,32480,33880,34580,35180,35880,37180,38180,39280,40180,40780,41980,43080,43680,44480,45680,47080,48880,49680,50380,51180,52280,53780,54680,56080,56480,57280,57780,59080,60480,61380,62480,63080,64680,65680,66180,66880,67880,68580,69980,71180,72280,73480,74380,75480,76580,77380,78580,79980,80880,81780,83080,84080,85180,85980,87080,88080,89480,90580,90980,91980,92880,93380,94480,95780,96380,97380,98480,99580,100280,101380,102680,103080
user5223320301811753796,1477,2477,3477,4477,5277,6377,7377,8077,8877,9877,11177,12577,13377,14577,15577,17677,18977,19877,21077,22477,23477,24377,25277,25577,27177,28177,28877,29577,30477,31477,32977,33977,35377,36577,37677,38777,40077,40577,41677,42277,43177,44177,46077,46877,48277,49377,50177,51877,52877,54077,55377,55977,57077,57877,58877,60177,61177,62177,62977,63277,64577,64977,65777,67077,68077,68677,69477,71177,72277,73177,74477,75277,76277,77277,78177,78777,80077,80777,81477,82477,83477,83977,85677,87477,88077,88877,89577,90277,91277,92777,93377,94377,95477,96877,98077,99077,100377,100777,101677,102477
user6862728708791239180,1581,2381,3581,4581,5381,6481,7181,8081,9081,9581,10181,11381,12181,13181,13781,14681,15881,17181,18581,20281,21481,22381,23981,25081,26181,26781,27781,28681,29181,29481,30581,31581,32981,33581,34281,35481,36281,37581,38481,39181,40481,41181,42381,43181,44281,45181,46381,47381,48381,49381,50781,51981,53081,54181,55281,56681,56981,58081,58681,59681,61181,61981,63281,64681,65381,66281,67481,69381,69781,70381,71381,71981,72681,73681,74581,76081,76681,77481,78581,79681,80681,81381,82281,83381,84081,85281,86481,87381,88181,89381,90681,91181,92081,92981,94481,95281,96481,97481,98081,98881
user181302600264853457,2578,3478,3778,4178,5178,5578,6378,7478,8578,9978,10878,12478,13178,14178,15178,15978,16678,17678,18978,20078,20878,22578,23378,24278,25478,26378,27878,28878,29978,31478,32478,33878,34978,35778,36578,37678,38678,39678,40378,41378,42578,43678,44278,45178,46278,47378,48678,50078,51078,51978,53178,54578,55478,56678,57078,57978,58878,59978,61078,61678,62478,63678,64678,65478,65778,66978,68578,69678,70378,71978,72978,74278,75178,76278,76978,78178,79478,81078,82278,83478,84078,84978,85578,86278,87178,87778,88478,89078,89778,90778,91778,92878,94078,95778,96878,97478,98778,99978,100678,101678
user291596495327635049,1886,2786,3686,4686,6086,7386,8186,9186,9486,10086,11186,12486,13286,13986,15086,16386,17086,18286,18686,19686,20586,22086,23286,24286,25286,25986,26786,27786,28586,29386,30086,30986,32786,33486,34586,35786,36786,37686,38686,39786,40886,42686,44586,45886,46886,47986,49286,49786,51186,52186,52886,53886,54786,55386,57086,58486,59386,60186,60886,62286,63186,64586,65886,66786,67386,67986,68986,69786,70386,71586,72786,74286,75386,76486,77186,78186,79186,79986,80886,82186,83486,84686,85886,86486,87486,88986,90086,91386,92286,93686,95286,96286,96986,98486,99686,100286,101586,102886,103886,104986
user7461441811822891782,1675,3175,4375,5875,7075,8475,9675,11275,12575,13975,15175,16075,16975,17875,19575,20375,21775,22975,23775,24875,25775,26475,27275,27775,29075,29775,30775,31275,32175,32675,33875,34575,35675,35875,36675,37775,38975,39975,40875,42375,43275,44375,45175,46175,47775,48875,50175,50775,52275,53175,53975,54575,55675,56575,57775,58375,59175,60075,61075,61875,62675,64175,65375,66975,68175,69575,69975,70375,71475,72275,73275,74575,75475,76575,77675,78575,79675,80375,81175,82275,83175,84275,85475,87075,88175,90175,91575,93075,94075,95375,96675,97975,99075,99975,100775,101575,103175,104075,105075,105975
user1574547450115260661,1784,2784,4284,5484,6084,6784,7784,8684,9784,10584,11284,12584,13584,14884,15784,16884,17384,17684,18984,20084,21384,22084,22784,23384,24784,25684,27284,27584,28784,29984,30884,31784,33084,34384,35784,36584,37284,38284,39684,40284,41384,42184,42884,43484,43884,44984,45884,46884,48084,49284,50784,51584,52384,53584,53984,54984,56184,56984,57584,58684,59484,60684,61484,62684,63384,64084,65484,66484,67284,68784,70284,71584,72784,73784,75084,76184,77584,78484,79684,80784,81484,82684,83484,83884,84884,85984,87084,88284,88584,89784,90484,91284,92184,92884,93384,94184,95384,96584,97584,98684
user3685735031662953655,1978,2878,3878,4578,5478,6178,7678,8178,9178,10278,11378,12178,13278,13678,14778,15878,16778,18278,19678,20478,21178,21678,22878,23678,23978,24978,26378,27378,28878,29678,30778,31778,32578,34078,35378,36678,38078,38978,39678,40778,41378,42078,43178,43778,44778,45678,46678,47578,48278,49978,50778,51978,53078,54478,55678,57078,58478,60278,61778,63078,63978,65078,65778,66578,67778,68578,69278,70078,70878,72078,72978,74178,75278,76278,77178,77678,79078,80278,80778,82478,83178,83978,84978,85678,87078,87978,89278,90378,91678,92178,92978,93678,94578,96778,98178,99078,99878,100678,101378,102078
user5243526596207403981,1371,2371,3571,4871,6071,7771,8171,8971,9371,10571,11471,12271,13371,14271,15371,15971,17071,17471,17971,19071,19771,21071,21571,22671,23571,24371,25171,26171,27071,28271,28971,29471,30671,31271,32471,33171,34571,35571,36671,37671,38371,39371,40771,41271,42471,43671,44671,45471,46171,47071,47971,49071,49671,50371,51871,52971,54271,55271,56171,56971,57771,58971,60371,61471,62371,63671,64771,65971,66571,67771,68271,69371,69871,70871,71471,72271,73871,74571,75271,76371,78271,79271,80371,81471,82171,83471,84171,85371,86571,88371,89071,89971,91171,91871,92971,94071,95471,96371,96871,98771
user5364094461115159948,2275,3475,4575,5775,6375,7575,8675,9475,10275,11075,12475,13675,14175,14975,15575,16575,17575,18775,19575,20175,21275,22175,23375,24375,25575,25775,27175,28075,29275,30275,31475,32475,33975,34575,35375,36775,37975,39375,41175,42275,43575,44375,45275,46575,47175,48875,50075,51075,51975,53475,54475,55275,56275,57375,57975,58775,59275,60375,61775,62575,63375,64475,65675,66775,68075,69175,69875,70875,72375,73675,74575,75875,76275,76875,77975,79375,80875,81475,82575,83175,83975,84575,85975,86975,87875,89275,90275,91375,92575,92875,94175,95075,96575,97675,98375,98875,99575,100575,101275,102175
user5358848318583751819,1881,3381,4481,5481,6481,6881,7881,8981,9881,11281,12681,13281,14481,15381,16081,17181,18081,19481,20681,21981,22781,23081,23981,24981,25981,26581,27481,28481,29181,29981,31481,32681,33281,33681,35081,36481,37281,38581,39481,40681,41781,42481,43481,45081,46281,47081,47781,49381,50181,50681,51581,51981,52881,54181,55381,57181,58981,60081,61381,62381,63281,64481,65481,66981,67781,68781,69281,70281,71281,72081,73381,73881,75181,76581,77981,78981,80081,80681,81881,82881,83681,85481,86881,88081,88681,89581,90181,91781,92781,93381,94881,96281,97381,98581,99781,100581,101581,101981,102581,103281
user5696779357916382750,1980,2680,3880,4680,5380,6380,7580,9580,10280,11180,11680,12380,13180,14180,15080,15980,16780,17480,18780,19580,20580,21080,21880,22880,24280,25280,25580,26780,27480,28380,29880,30980,31580,32780,33780,34580,35280,36280,37280,38780,39480,40380,41180,41880,42680,43980,44880,45580,46680,48280,49080,49880,50680,51180,52480,53780,54680,55780,56780,57780,59280,60580,61180,61980,63080,63980,65080,65880,66780,67380,67980,68680,69580,70980,71880,72880,73480,75180,76380,77580,78680,79280,80380,80880,81980,82980,83780,84780,86380,86880,87780,88680,88880,89680,90480,91880,92280,93080,93780,94580
user2780007783974978448,2182,3182,4482,5182,5882,7282,8082,8682,9182,10182,11382,12682,13882,15082,15682,16282,16982,17582,18682,18982,19582,20682,21682,22782,23682,24682,25782,27182,28582,30182,31382,32482,33582,34082,35082,36382,37582,38582,39682,40782,42082,43282,44382,45282,46282,47882,48882,50082,50682,51782,52382,53882,54982,56482,57382,58282,59882,61082,62182,63182,64182,65482,66682,67282,68182,69482,71182,71882,73382,74082,75682,76282,77082,78182,78782,80282,81482,82782,83682,84582,85482,86282,86682,87982,88982,90082,91482,92482,93782,94582,95882,96882,97982,99182,100182,101782,102482,104082,104582,105882
user6878248821167621684,2380,3580,4380,5280,6180,7680,8580,9480,10380,11780,12380,13380,14380,14580,15880,17480,18180,19180,20580,21480,22580,24180,25180,26480,27280,28580,29280,30080,30680,31880,32880,34280,35580,36980,38380,39380,40780,41680,42780,43580,43980,45180,46280,47380,48080,49180,50380,51580,52480,53780,54880,55480,56980,57880,59080,60780,61980,62680,63480,65280,66180,66780,67680,68580,69280,70180,71580,72880,74380,75380,76680,77680,78780,79880,80580,81480,82680,83680,84180,84880,86080,86980,88280,88880,89980,90980,92280,93280,93780,94980,95880,96780,98380,99080,100680,101080,102180,102980,103680,104680
user523359861104611621,2176,2576,3276,3976,4876,5776,6676,7976,8676,9876,11376,12076,12676,13776,14976,15876,16276,17076,17976,18776,20276,21376,22076,22976,24176,25276,25976,27276,28676,29576,30376,30976,32876,33876,34576,35576,36376,37476,38376,39576,40076,41576,42576,43676,45276,45776,47076,48776,49876,51376,52476,53076,54676,55476,56076,56976,57076,58076,58976,60176,61476,62176,62876,63576,64176,65476,66076,67376,68076,68976,69576,70676,71276,72076,73076,74576,76376,77276,78176,79576,80376,81176,81576,83076,84376,85476,86576,86976,87576,89076,89876,90276,90976,91476,92276,92976,93976,95176,96176,97676
user7913916297801888220,2174,4174,5174,6174,7174,7974,9474,10274,10574,11674,12474,13974,14374,15474,16174,17074,17774,18474,19574,20274,21474,22574,23474,23974,25074,26274,27474,28474,28974,29774,30874,31774,32874,34474,35374,36474,37874,39374,40174,41474,42274,43574,44174,44674,45674,46874,48474,49074,50674,52074,52874,54174,55274,55674,56374,56874,58074,59074,59574,60274,61174,62474,62874,63374,64574,65974,67374,68174,69174,69774,70474,71174,71974,72974,73674,74874,75774,77874,78974,80174,80874,81974,82774,83774,85074,85974,86874,87974,88874,89674,90274,91674,92774,93274,93974,94374,95174,96474,97474,98374
user2177168459436198613,1976,3476,4476,5676,6576,7676,8876,10076,10576,11176,12076,13276,14676,15776,16676,17776,18076,19176,20176,21776,22476,23376,24276,25576,27376,28476,29376,30476,30976,32476,33776,34376,35576,36676,37176,38476,38876,39276,40776,41876,42876,44176,45576,46276,47576,48576,49776,50376,51476,52076,53076,53776,54676,55376,55976,56876,58576,59876,60976,62176,63076,64276,65676,67076,67976,69176,70276,71476,72476,73576,74376,75376,76576,77976,78576,79476,80176,81276,82176,83176,84076,84776,85776,86876,87576,88976,90576,91876,92476,93776,94476,95176,96076,97176,98176,99076,99776,100376,101176,102976
user7939027089434647969,1674,2374,3374,3874,4874,5774,6674,7874,9174,10074,10974,11474,12274,13174,14774,15974,16774,18274,19274,20574,21474,22274,23274,24274,24974,25874,26774,27674,29574,30674,31274,32074,32974,34174,35474,36174,36974,37974,38974,39874,41274,42374,43774,44574,45374,46074,46774,47574,48674,49774,50974,52074,52874,53974,55174,56174,57374,58274,59874,60674,61674,62474,63174,64474,65274,65774,66774,67874,69574,70074,70974,71574,72274,72974,73574,75474,76274,77474,78574,79374,80874,81574,82374,83474,84474,85574,86874,88074,89474,90874,92274,93174,94474,95274,96374,97574,98274,98874,99674,100574
user7586477543532073547,2376,3076,3676,4576,5976,6876,7776,9076,10076,11376,12476,13076,14176,14976,15776,16976,17876,19076,20176,20976,22276,22976,23376,24876,26076,26976,27876,28976,29876,31176,32376,33276,33776,34376,34976,35676,36876,37576,38376,40076,41276,42276,43676,44976,45676,46776,47576,48676,49376,50476,51276,52276,53176,53776,54576,55476,56776,58076,58576,59276,60576,61376,62076,63476,64176,65076,66376,67276,68076,69576,70476,70976,71776,72776,73376,74476,75676,76876,78176,79376,79776,80276,81676,82876,83176,84276,85176,86476,87876,88876,90076,90876,91576,92676,94176,95376,96376,97676,98576,99576
user6058824597933949216,1678,2578,3578,4678,5678,6078,7178,8178,9078,10478,11278,12278,13178,14078,15278,16078,17178,17978,19178,20178,20678,21978,23278,24078,24878,25978,27478,28078,29078,29978,30778,32278,33078,33778,34778,35778,37178,38478,39478,39978,41278,42578,43778,44578,46078,46478,47678,48678,49778,50578,51478,52378,52978,53278,53878,54678,55878,56578,57478,58678,59478,60278,61278,62378,63378,64578,65778,67178,68378,69378,70778,71378,72778,73978,75278,75978,77378,78078,79878,80678,81378,82678,83478,84278,85678,86578,87478,88378,89378,90278,91078,92178,94178,96078,96878,98878,99678,100678,101778,102878
user1925758759775712304,2476,3776,4576,5676,6776,7776,8376,9576,10576,11976,12576,14376,15776,16576,17676,18876,20176,20576,22176,23276,24176,24576,25976,27176,27976,29076,30476,31276,32576,33576,34876,35476,36376,37676,38476,39876,41176,42376,42976,43676,44276,45176,46076,47276,48276,49076,50576,51976,53576,55276,56076,57076,57876,58376,59276,59576,60976,61876,62676,63876,64876,66076,67176,68176,68976,69876,70876,72176,72976,73976,74376,75276,76676,78276,79176,80276,80776,81376,82776,83476,84076,84876,86276,87376,88876,90176,91276,92076,92876,94076,94876,95676,96676,97776,98476,98876,99976,101476,102876,103976
user3815675260609244984,2078,2678,3678,4678,5478,6278,8278,8778,9378,10778,11478,12578,13478,14278,14778,15178,16478,17678,18778,19478,20578,21478,22578,23478,24278,24978,26178,27278,28278,28778,29978,30478,31678,33278,34378,35478,36778,37478,38778,40278,40778,41578,42378,43578,44978,46878,47878,48678,50278,51778,53278,54278,55278,55978,57378,58678,59778,60878,61878,62678,63378,64178,64978,66078,66978,68078,69678,70878,71678,72778,73378,74378,75778,77178,78678,79278,79678,80378,81278,82578,83378,84278,84978,86078,86578,87178,88278,89978,91478,92178,93078,94078,94878,96078,97078,98278,99778,100778,102078,103278
user4158634127255442161,1883,2683,3883,5183,5883,6583,7783,8983,9483,10583,11383,12183,12983,13883,15183,16683,17383,17883,19183,19783,21083,21783,22883,23383,24183,25083,26083,26883,27783,28883,29883,30583,31183,31883,32283,32983,33983,34783,35683,36983,37983,38483,39183,39983,41383,42583,43583,44683,45583,46483,47883,48483,49283,50683,51783,53183,54283,55483,56483,57083,57483,58883,59383,60283,62283,63983,65583,66283,67483,68183,68883,69983,71083,72483,73883,75283,76283,77483,78383,79383,80683,81083,82483,83283,84183,84983,85983,86783,88283,88983,90683,92083,92583,93783,94383,94883,95583,97383,97883,99383
user195921106834796948,2381,3181,4081,4781,5981,6881,7981,9181,10381,11481,12481,13381,15181,16381,17581,19081,19881,20881,21881,22781,23881,25781,26781,27681,28681,29881,31081,32581,33781,34981,35981,37181,38281,39281,40481,41881,42981,43881,44881,45981,46781,47381,48581,49181,50381,51481,52181,53181,54081,54881,55981,57381,58481,58981,59881,60681,61581,62881,63981,64981,66381,67281,67981,68481,69181,70281,71381,72381,73281,74681,75681,76981,78081,79781,81081,82381,83581,84481,85281,85481,86081,86581,87681,88481,89781,91081,91581,92881,94181,94881,95681,97681,98581,99481,100281,101581,102581,103481,104481,105081
user3715313690097139202,1879,2779,3679,4579,6079,7179,7979,9579,10579,11379,12179,13779,14879,15779,16379,17479,19179,19979,20979,22179,22979,24179,25079,26079,27279,28479,29579,31279,31979,32679,33679,34779,35579,36279,36879,37479,38179,39279,40879,41979,43479,44779,45579,47079,48079,48979,49879,50379,51279,51979,52379,53479,54679,55279,56179,57379,58079,59179,60079,61079,61879,63279,63979,64879,65679,66779,67579,68579,69379,69979,71079,71679,72979,73779,74579,75479,76779,78179,79379,80579,81479,82579,82979,83979,85279,86179,87279,88379,90179,91079,92079,93079,94279,94879,95779,96379,97279,98379,99179,100079
user5470603779965112872,1582,2582,3482,4282,5982,7482,8682,9382,9882,11482,13082,13982,14982,15382,16182,17682,18982,20282,20882,21882,23382,24182,25282,26182,27182,27882,29182,30282,31482,32982,33882,34582,35982,36682,37982,39182,40082,41482,42382,42982,43782,45682,46882,47482,48182,49082,49482,49782,50982,52082,53382,54782,55482,56982,57682,58582,59082,59682,60582,61782,62482,63482,64382,65082,66082,67582,68282,69182,70282,71582,72582,73882,74882,76082,76582,77382,78482,79282,79982,81082,82182,82882,83982,84682,85582,87082,87782,88282,89782,90482,91282,91782,93082,94282,95382,96682,97682,99082,99682,100582
user7104424399118891562,2680,3080,4180,4980,5780,6780,7980,8780,9680,10480,11080,12380,13780,14880,16380,17780,18480,19580,20580,21580,22580,23880,24480,25780,26680,27780,28380,29380,29780,30680,31580,32080,33280,34080,35280,36280,37480,38580,39880,40480,41580,42580,43380,44680,45280,46180,46880,49280,49980,51180,51480,52480,53680,54980,56280,56980,57880,58880,60080,60780,61580,62880,63680,64280,64780,66180,67480,68480,69480,70480,72280,73580,74280,75280,75980,77480,78880,79680,80980,82180,82780,83980,84980,85880,86980,87180,88180,89380,89880,90580,91780,93180,94280,95180,96180,96880,97480,98880,99380,100380
user1593852138704471833,1683,2883,3883,5383,5683,7083,7983,8983,10283,11083,11983,12783,13383,14083,14683,15783,16683,17783,18583,19383,20783,22283,23483,23983,25383,26283,27083,27783,28683,29383,30483,30783,31783,32183,33583,34683,35483,36683,37783,38983,39583,40783,41983,42583,43483,44383,45083,46183,46983,48583,49383,50983,51383,51983,52783,53383,54883,55883,56783,57983,59583,60683,61683,62183,63083,63783,64983,66283,67283,68883,69383,70283,70983,72483,73783,75183,76483,77283,78083,78883,80283,80683,81683,82683,83083,83883,85183,86483,87183,88483,89283,90383,91683,92883,93983,95383,96583,97383,98383,99383
user8295266226408665858,1780,2680,3380,4780,5580,6280,7380,8780,9780,10980,11580,12580,13380,13780,14880,15680,16580,17780,18180,18980,19680,21080,21980,23780,24980,25880,26880,28180,29380,30080,31080,31680,32280,33280,33980,35280,36380,37280,37980,38880,40280,40980,41780,43180,43880,44880,45980,46780,47680,48880,49980,50980,51880,52480,53180,53880,55080,55780,56780,57880,58980,60180,61480,61980,62980,64080,64980,65680,66880,67780,68980,70380,71380,72180,72980,74080,75080,75880,76880,78080,79180,79980,80780,81980,82980,84080,85780,86980,87680,88280,89480,90680,91680,92080,92780,94280,94680,96080,97080,97780
user5479976144003648234,1870,2470,3670,4370,5270,6070,6270,7070,8670,9970,11370,12570,13370,15370,15870,17570,18970,20770,21570,22570,23370,24170,25670,26770,27570,28670,29670,30470,31570,32570,33670,34470,35670,36370,37370,38770,39970,40970,42170,42770,43870,44870,45970,46770,48270,49270,51270,52070,53470,54470,55070,55770,57170,57770,58670,60370,61470,62270,62870,64170,64870,65670,66970,68170,69370,71070,71970,72370,72770,73970,75270,76670,77770,78970,79770,80970,81670,82270,83370,83870,84670,85370,86770,87570,88370,89570,90270,91870,92470,93870,95270,96170,96870,98370,99670,100970,101670,102270,103370,103870
user1840015695833550013,1881,3081,3981,5281,6881,7481,8981,10481,12081,13581,14181,15581,17181,18281,19681,20781,21781,22581,23581,24581,25381,27081,28481,29681,30181,30481,31781,32781,34281,35181,36581,37381,38981,39981,41181,42281,42681,44081,44681,45281,46281,47681,49081,50081,51481,52481,53681,54581,55481,56781,58481,59981,61381,62581,63581,64881,65981,66681,68081,68581,69181,70981,72081,72681,73581,75281,75781,76481,77381,78781,79681,80981,81581,82181,83181,84581,85581,86681,88181,88881,90081,91081,92281,93381,94181,95681,96481,97181,98281,99381,100181,101281,101881,103281,103681,104681,105181,106181,107381,108281
user773649639740817034,2282,3282,4182,5282,6782,7882,8582,9582,10282,10982,11882,12582,13782,14882,15682,16682,18282,18882,19782,20482,21582,22982,23882,24782,25282,26082,27182,28282,30182,30682,31482,32182,32882,33682,34082,35082,35682,36782,38582,39782,40382,40982,42082,43282,44082,45082,45882,46782,47582,48282,49582,50082,51182,52682,53682,54782,55582,56382,57882,59182,60582,61682,63382,64182,64982,66582,67482,68582,69582,70682,72082,73082,74182,75382,76082,77182,77782,79082,80182,80782,81982,83082,83782,84482,85282,86582,87382,88582,89682,90882,91882,93482,94582,95182,96182,97282,98182,98982,99682,100282
user1468038131265307737,1887,2687,3687,5287,6587,7387,8187,9387,10687,10887,11787,12887,13387,14687,15487,16987,18687,19787,20787,21787,22687,23887,24687,25587,26287,27187,28287,29787,30487,31287,32287,33187,33987,34887,35487,36587,38187,39187,39687,40187,40587,42087,42787,44287,45287,45887,47187,47987,49287,50787,51687,52587,53287,54187,55487,56287,57087,57487,58487,60287,61187,62687,63887,65487,66787,67987,68887,70187,70987,71587,72687,73587,74987,76087,77587,78387,79187,80287,81387,82087,82887,83987,85087,86287,87187,88787,89487,90487,91687,92787,94087,94487,95087,96287,97087,98387,99587,100487,101087,102087
user663574059895877325,1673,2973,3873,4973,6373,7373,7873,8473,9673,10273,11473,12773,13473,14573,15673,16373,17173,18473,20073,21573,22573,23473,23873,25173,26273,27273,28473,29173,30373,31573,32373,33473,33873,34873,35773,37073,37773,39073,40473,41773,42073,43473,44373,45473,46473,47473,49073,49573,50573,51773,53173,54273,55773,56073,56773,57773,58573,59573,60273,61673,62473,63473,64473,64873,65973,66873,67973,68873,69373,70373,70873,71973,72673,73973,74873,76173,76873,77673,78573,79873,80973,82273,83673,84573,86073,86873,87973,89373,90873,91873,92773,94173,95373,96273,97073,98573,100073,100973,101673,102673
user6530603772502156826,1579,2479,3479,5279,6479,7279,8479,9479,10179,10879,11679,12779,13879,14779,15379,16279,17479,18079,18679,19679,20879,22179,22679,23779,24779,26079,26879,28079,28779,30079,31179,31779,32579,33279,34679,35779,36979,38079,39279,39879,40479,41479,42379,42779,43979,44879,45479,46279,46679,47379,48279,49079,49979,50479,51979,53079,54179,55479,56779,57779,58779,59679,60679,60879,62179,63379,64479,66279,67279,68479,69379,70879,72379,73779,74379,74979,76079,77579,78579,80079,81279,82479,83579,84379,85279,86579,87279,88479,89179,90079,90979,92379,93179,94079,95079,96479,97679,99179,100479,101579
user774209600252957482,1786,2586,3186,4686,5986,6986,7286,8086,9086,10586,11786,12486,13686,14486,15586,16886,17686,18186,19286,20586,21586,22186,22986,23786,24986,25586,26286,27386,27886,28686,29586,30786,31686,32886,33286,34686,35486,36286,36986,37886,38286,39486,40986,41686,42386,43286,44286,45886,47086,47986,48986,49986,50686,51586,52186,52786,53686,54686,55586,56686,57586,58586,59886,60686,61586,62586,63286,64186,64486,65286,66786,68186,69186,69886,70486,71386,72786,73986,74986,76386,77086,77786,78886,80786,81786,82986,83986,85286,85486,86886,87786,89086,89786,90986,91486,92286,93286,94086,95086,95686
user5715865731287752039,1883,3083,3683,5083,5683,6583,7583,8483,9383,10683,11483,12383,13583,14683,15483,16583,17983,18883,20283,20983,22283,23683,24583,25183,25983,26983,27983,29283,30183,31283,31883,33083,33983,34383,35583,36383,37483,39183,40383,41383,42683,43883,44583,44983,45983,46783,47683,48383,49283,50383,51883,52983,53683,54783,55883,56583,56983,57683,58283,59283,59783,60883,61883,62583,63683,64983,65883,66783,67983,69083,70383,71583,73283,74683,75983,76383,77483,78283,79083,80383,81383,82083,83183,83883,85083,85983,87183,88183,89683,90783,91983,92483,93383,94383,95483,96483,97783,98683,99383,100283
user6289686357904486775,1472,2472,2972,3872,5172,6172,7072,8272,9372,10072,11572,12872,13772,14972,15472,16672,17172,17972,19072,20272,20972,21772,22572,23072,24372,25572,26172,27372,28272,29072,29972,31172,31872,33372,34272,35272,35872,37272,38672,39772,40372,41072,42172,42972,43972,45172,46372,47672,48472,49672,50472,52172,53172,54372,55572,56372,56872,58672,59872,61072,61672,62772,63672,64272,64672,65772,66672,67672,68672,69372,70272,71272,72672,73672,75072,75972,76872,77972,78972,79572,80372,81772,83272,83972,84872,86272,86872,88372,89772,90772,91372,92372,93472,94472,95372,96272,97272,97872,98472,99772
user6525917590482889145,2481,2881,3581,4881,5881,7281,8481,8981,9881,11081,11681,12281,12881,15081,15481,16881,17781,19381,20281,21281,22381,23281,23781,24981,26181,27081,28081,29381,30581,31781,33481,34581,35981,36681,37481,38981,40181,41181,42081,42981,44481,45181,46381,47281,48581,49481,50281,51281,52981,54181,54981,55681,56981,57781,58881,60281,61281,61981,63081,64381,65181,66081,66881,67881,68781,69481,70481,71481,72381,73681,74381,75481,75981,76981,77681,78481,79281,80081,80681,81881,82881,83381,84581,84681,85381,86381,87381,88181,89081,90281,91181,91981,93081,93781,94581,95481,96081,97581,98381,99381
user2991564855356304835,1779,2679,3779,4479,5679,6379,7479,8279,9279,10279,10579,11779,12579,13779,14979,15579,17379,18579,19379,20279,21579,21879,23079,23579,24779,25279,25779,26479,27879,28679,29879,30779,32079,32879,33879,35479,36379,37679,38679,39579,40479,41879,43279,45379,46979,47779,48879,49979,50879,51879,52979,53579,55179,55879,56879,57979,59179,60179,61379,62279,63979,64979,65379,66479,67679,68479,69179,70179,71779,73079,74179,74979,76079,76179,76779,77279,78679,79579,80579,81079,81579,82479,83279,84079,84979,85679,86479,87479,87679,88379,89679,90779,91579,92179,93379,93879,94879,96079,97179,98479
user7235266233871621904,1777,2877,3577,4777,5877,6277,7377,7977,8877,9677,10277,10977,12077,13277,14477,15877,16977,18477,19377,20177,20977,21977,23177,24777,25777,27177,27677,28577,29377,30277,31377,32277,32877,34277,35277,35877,36577,37977,38377,39677,40677,40877,41677,42277,42677,43377,44377,45077,45977,47177,48177,49377,50877,52177,53077,53777,54577,55977,56777,57977,59277,60477,61077,62077,62877,63677,64477,65677,66177,67277,68177,68977,69977,71277,72277,73577,74777,75877,76777,77677,79177,80077,81177,82277,83177,83977,85377,86577,87477,88477,89077,90477,91877,92977,94277,94977,96077,96777,97777,99377
user8145119703066724344,1785,3685,5385,6585,8085,9885,10785,11685,12685,13285,14885,15785,16685,17785,18585,19585,20585,21585,22485,23785,25185,25685,26785,27385,28485,29385,31285,31585,32585,33385,35085,36085,37485,38685,39585,40485,41785,42785,43285,44285,44985,45985,46985,47585,48685,49785,50885,51885,52885,53885,54885,55785,57285,59185,60385,61385,61985,63085,63885,64685,65385,65985,67085,68085,68585,70385,71485,72085,72785,73585,74385,75485,76185,76785,77885,79685,80985,82085,83385,84285,85585,86785,87785,88785,89685,90685,91685,93085,93885,94785,95285,95885,97585,98485,99285,100285,100985,101585,102285,103185
user4288356040983891607,1678,2578,3478,4678,5278,6278,7978,9178,10178,11578,12778,13478,14778,16278,17278,17978,19278,20278,21778,22778,23578,24278,25478,25878,26478,27178,27878,28678,30178,31178,32278,33078,33578,34378,35778,36878,37678,39078,39978,41078,41878,43078,44078,44878,46178,47078,47778,48678,49478,50678,51778,52978,53778,54878,55678,56678,57578,57978,58778,60978,61678,62578,63578,64178,65178,65778,66578,66978,67978,68478,69678,70578,71778,72478,73778,74578,76078,76978,77578,78578,79778,80678,81378,82378,83378,84278,85778,86778,88078,89478,89878,90778,91678,92278,93278,94178,94978,95578,96678,97878
user5590611684360728391,1379,2179,3479,4879,6379,7479,8179,9479,10479,11979,13079,14079,14579,15579,16079,16979,18279,19879,21079,21779,22479,23779,25079,26079,26879,27879,28979,29479,30179,30879,31679,32479,32679,33779,34879,35779,36179,37279,38079,39079,40279,41179,42079,43179,44679,45979,46879,47879,48779,49279,49879,50379,50879,52379,53079,54179,55579,56079,56679,57679,58379,59079,59779,60679,62079,63179,64179,65479,66679,67479,68279,68979,70079,70679,71679,72879,74179,75179,75679,76279,77179,77879,78979,80079,81779,82379,83379,84079,85479,86179,86879,87779,88279,89079,89979,90579,91679,92579,93479,95079
user6149253843895379188,1781,2381,3581,4981,6081,7181,8281,9181,11281,12281,12981,14481,15381,16381,17881,19081,20181,20781,21781,22681,24081,24781,25781,26781,28381,29981,31081,31881,33081,33981,34581,35381,36381,37781,38881,39881,41181,42481,43881,44981,45681,46581,47281,48081,49181,50381,51981,52781,53781,55281,56381,57181,57881,58981,60681,61781,62881,63981,65081,65681,66881,67981,69381,70181,70881,71781,72881,74081,75281,76781,78181,79681,80881,81581,82481,83381,84281,85481,86681,87881,89381,90381,91381,92081,92781,94081,95681,97081,97581,98181,99381,99881,100481,102281,103481,104781,105881,106581,107181,108581
user1694555354510876180,2279,3679,4879,5679,6779,8079,9179,10179,10979,12079,13279,14379,15479,16679,17979,18979,19979,20879,21979,23279,24579,25279,26779,27479,28879,30479,30879,31879,33279,34679,35379,36879,38079,38479,39579,40379,40879,41979,43179,44079,44479,45879,46779,47979,48679,49279,50079,50779,52579,53179,53979,54979,55579,56679,57779,58679,59479,60779,61479,62279,63279,64179,65179,66379,67179,68379,68879,70279,70979,71579,72179,72979,73779,74779,75779,77479,78579,78979,79979,80879,81879,82079,83579,84679,85479,86479,87579,88779,89979,91079,92079,93079,93879,94779,95679,96779,97979,99079,99979,100979
user744630941818771935,2073,2573,3673,4773,5473,6473,7573,8573,9373,10373,11273,13073,14073,15173,15673,16373,17573,18373,19073,19873,20773,22273,23073,23973,25273,26573,27573,29273,30973,31473,32273,33373,34573,35373,35973,36573,37373,38273,38673,40273,40773,41673,42373,43473,44373,45873,46173,47173,47673,48173,49073,50073,51073,51373,52073,52973,54073,54573,55573,56373,57173,58573,59773,60273,61173,62473,63373,64373,65173,66073,67773,69373,70473,71973,72473,73173,73873,74673,75673,76473,77473,78173,79173,79873,80873,81673,82573,83973,85073,86173,86973,88273,89473,90473,91773,93273,94273,95173,96373,97573
user7711731590459097195,1883,2883,3583,4683,5483,6783,7983,9083,9683,10583,11983,12983,14883,15483,16083,17283,18983,20183,21783,23183,23783,25183,26083,27283,28083,28783,29683,31083,31883,32683,33683,34883,35783,36483,37283,38083,39383,40383,41283,41883,42483,43483,45083,46083,47183,47883,48783,50283,51283,52383,53183,53983,54883,56283,57583,58783,59283,60183,62083,63783,64683,65783,66783,67483,68583,69783,70783,72483,73183,74183,75183,76183,77483,79483,80583,81783,83283,84183,85183,86183,87183,88383,89183,90083,91283,91783,93083,93983,94783,95983,97183,97983,99083,100383,100883,101583,102583,103183,104283,105383
user2171580671610491919,1780,2480,3980,4880,5480,6180,7280,7880,9280,9980,10880,11180,12380,13380,14880,16780,17980,18880,20080,21380,22280,23380,24480,25680,27580,28480,29380,29880,31380,32480,33780,34480,35180,36080,36880,37680,38680,39180,40080,40980,42180,43280,44180,45380,47180,48280,48980,49880,50580,51880,52780,53480,54180,55680,56280,57580,58580,60180,60880,61880,62580,63280,64480,65680,66780,67880,68580,69980,71280,72780,74380,75080,76680,77280,77980,79580,80380,81380,82180,83180,84280,86280,87080,87880,88480,89180,90380,91280,92680,93880,94880,95780,96580,97580,98380,99680,101080,101980,103080,104280
user4997704684372624366,1971,2571,3771,5171,6371,7271,8571,9371,10471,11371,12071,13271,14071,14971,15971,16671,17271,17971,18971,19771,21171,22271,23971,25271,25971,26871,27571,28571,29671,30771,31871,32871,33371,34271,34971,36671,38071,38771,39871,40871,41971,43271,44671,45371,46271,47371,48871,49671,50671,51971,53271,54271,55471,56771,57971,58671,59571,60271,61271,62271,63871,64471,65271,66371,67471,68471,69171,69971,70671,71571,73271,73571,74171,75171,76171,76871,77571,78571,79071,80371,81071,82171,83171,84971,86371,86971,88171,89071,90471,91471,92371,92971,94371,94971,95971,96771,97071,98071,99571,100171
user2046326624683468271,1685,2385,3285,4185,5685,6685,7585,8585,10185,10985,12285,14085,14785,15685,16485,17385,18485,19785,21085,21785,22685,24185,25385,26585,27785,28885,29485,30385,31385,32085,33185,33885,35085,36285,37585,38485,39085,39485,40385,41185,41685,42585,44485,45585,46585,47285,48885,49385,50885,51485,52485,53485,54885,55785,56885,57585,58185,59685,60585,61885,62685,63985,64785,65485,67085,68085,68585,69585,70185,71385,72485,73585,74285,75385,76285,77185,77885,79085,79985,80785,81985,82985,83985,84785,85585,86285,87185,88285,89185,90185,90985,91585,92385,93385,93985,94785,95585,96485,97485,98785
user6973924209660459785,1582,2282,2682,3982,5182,6182,7582,8582,9582,10382,11382,11682,12382,13382,14182,15382,16982,18382,18982,19182,20082,20782,21082,22082,23282,23882,25382,26082,27082,28182,29682,30682,31882,33282,34382,35282,36082,36882,37482,38382,38882,39682,40882,41982,42882,43182,44782,45582,46682,47482,48282,49482,50082,50982,52182,52982,53882,55682,56482,57482,58082,59782,60782,61682,62982,63682,64582,65082,66182,67882,69182,69782,70382,71582,72882,73682,74382,76082,77682,79082,80182,81482,82282,83382,84082,85382,86082,86782,87982,88682,90282,90882,92082,92782,93782,94782,95682,96882,98382,99582
user7450949526760075524,2079,3079,4179,5279,6279,7379,8079,8979,10979,11779,13079,13979,14879,16179,17179,18579,19279,20579,21879,23079,23779,24779,26079,27379,28279,29079,30379,30979,31679,33079,33579,34479,35679,36479,37679,38479,39079,40179,41279,41479,42479,43779,45479,46779,47779,48679,49579,50479,51779,52279,52679,54279,55079,56579,57479,58979,59879,60779,61879,63279,64579,65679,66479,68079,69379,70479,71479,72179,73579,74679,75979,77379,78579,79479,80279,81479,82479,83079,84879,86179,86679,87679,88679,89379,90279,91379,92279,93279,93979,94979,95979,96679,97879,98879,100479,101379,102079,102879,103779,105079
user8517097267634966620,1482,2782,3582,4582,5482,6482,7682,9082,10182,10782,11782,12582,13282,14182,14882,16082,17282,18182,19482,20382,20782,22082,22782,23382,24282,25382,26182,27482,28582,29582,30682,31382,32182,32982,33982,34482,35282,36482,37182,38182,39382,39882,40582,41382,42582,43382,44682,45782,47082,47782,48682,49282,50282,50982,51982,52882,53682,55082,55882,56682,58082,58982,59882,61182,62382,63782,64982,66182,67082,67882,69082,70182,70982,72182,73182,74082,74782,75582,76082,76982,77782,78782,79882,81182,82082,82782,83782,84582,85382,86482,87382,88382,89282,90282,91682,91782,93382,94182,94882,96282
user4172692673313245204,1680,2780,3680,4380,5580,6780,7680,8780,10180,10780,11580,12880,14180,15580,16880,17980,19480,19980,21080,22080,23180,23880,25080,25980,26480,27680,29480,30180,31480,32480,33580,34480,35580,36480,37680,39280,40580,41380,42280,43080,43880,44480,45280,46180,47780,49280,50380,51080,51680,52280,53080,53880,55180,56180,57480,58580,59380,60480,61680,62280,62880,64480,65680,66980,67480,68680,70180,71280,72280,73480,73880,74880,75580,76580,78080,78980,80080,80780,81880,82580,83580,85280,85880,86980,87980,88580,88980,89880,91280,92680,93780,95180,95780,97080,97880,99280,99980,101080,101880,102980
user5108340224729704523,2276,3576,4876,5976,6876,7976,9176,10276,11276,12476,13576,14776,16076,17276,18976,19776,20976,21376,22476,23276,24176,25976,26876,28076,28776,29376,30676,31576,32876,33876,34376,35776,36976,37576,38276,39076,40276,41576,42476,42976,44376,45676,47176,48376,49276,50576,51176,52876,53676,54876,55476,56276,57176,58676,59476,60576,61476,62376,62976,63676,64476,65576,67076,67976,68976,69576,70376,71176,71776,73476,74576,75076,76276,77776,78676,79676,80376,81076,82276,83576,84476,85876,86576,87676,88576,89676,91376,92376,93676,94876,95676,97576,98176,99276,99876,101276,102076,102876,104076,105176
user4288574356201733490,1781,2981,4081,4881,5781,7081,7781,9181,10381,11481,12181,12981,13981,14681,15681,16081,17181,18181,19081,19981,20881,21581,22581,23281,24781,25681,26781,28281,28981,29881,30681,31881,32581,33581,34881,35781,36781,38081,38681,39481,40681,41681,43081,44181,44981,46281,46881,47681,48381,49781,50381,51281,52381,53581,54381,55381,56481,57481,58381,59081,59781,60281,60981,61481,62181,62781,63781,65081,65981,67081,67881,68781,69881,70581,71281,72481,73581,74281,74881,76081,76381,77681,79581,81281,82181,82881,83881,84481,85881,86781,87981,88981,90381,91281,91681,92581,94181,95181,96281,97081
user8531715774204910111,1877,3277,4177,4877,6377,7277,8777,9877,11077,11877,13277,14277,15477,16077,16577,17377,18477,19477,20377,21477,22377,23077,24077,24977,26077,26977,27777,29077,30077,31477,32777,33877,35077,36277,37377,38777,39477,40877,42177,42977,43977,44877,46077,47177,47877,49977,50877,51877,53177,53777,54977,56177,56877,58177,59077,60577,61477,62577,63977,65377,66377,67077,68077,69077,70277,72177,72777,73877,75377,76877,77477,78077,79077,80677,81077,82277,83477,84777,85577,86677,87477,88277,89477,90177,91377,91977,92777,93577,94677,95677,96377,97277,97677,98977,99677,100477,101477,102777,103277,104177
user1473065958578873983,1774,3174,3974,4774,6574,7574,8674,9974,10674,11274,11974,12774,13474,14374,15274,16074,16474,17274,18574,19374,20274,20974,22074,23474,23974,24674,25774,27174,28174,29174,30274,31374,32674,33574,34574,35674,37174,38374,38874,40674,41274,42774,44274,45374,46574,47574,48174,48674,50174,50974,51874,52874,53774,54874,55874,56774,57774,58774,60174,61674,62774,63674,64374,65474,66074,67274,68274,68874,69974,70974,71974,72674,73474,74974,75574,76274,77674,78974,80174,81474,82174,83274,84374,85474,86374,87174,88074,89174,90574,91174,92274,93074,94274,95574,96874,98274,99174,99774,101574,102074
user7938248813704665638,2081,3081,4281,5581,6381,7481,8481,9181,10181,11181,12181,13481,14681,15281,16381,17281,18281,19281,19881,21981,22881,23381,24781,25681,27081,28281,29281,30081,31781,32781,33381,34181,35781,36881,37781,38381,39481,40381,42381,43081,44181,44981,45881,46381,47481,48181,48881,49681,50381,51181,51681,52681,53181,54081,55281,55881,56581,57481,57981,58681,60081,60881,61681,62481,63181,63581,64381,65781,66781,67581,68881,70181,71381,72481,72981,73881,74681,75681,76781,77281,78281,78981,80181,80581,81381,82581,84081,85381,85981,86781,87981,88881,89881,90381,91681,92781,93781,94981,95981,97181
user1834769553302141884,2175,3075,4075,4875,5875,6775,7775,9075,10375,11175,12975,13975,14875,15775,16775,17575,19075,21175,21975,22875,23275,23875,25175,25975,26875,28075,29175,30275,31275,32375,33175,33775,34675,35675,37075,38375,39375,40575,41775,42875,44275,45175,46075,47075,48375,49475,50775,51575,52675,53375,54575,55375,55975,56775,57475,58375,59275,59675,60275,60975,61775,62575,63375,64275,66175,67075,67675,68075,68975,69875,71375,72775,73575,73975,75375,76575,77475,78075,79075,79875,80975,82175,83775,84975,85875,86875,87675,88775,89575,90675,91475,92175,93375,94275,94775,95575,96175,97075,98475,99275
user3810989078589977303,1969,3369,4769,6069,7369,7969,8969,9769,11469,12569,13869,14669,15769,16669,17769,19169,20369,21669,22569,23969,24869,25869,26669,27969,29069,30469,31269,32169,33369,33769,34969,35969,36869,37969,38969,39669,40569,41269,42069,43269,43869,44769,45969,47069,47569,48869,50169,50869,51869,52169,53169,53869,55569,56269,57169,58569,60269,61469,62769,63469,64569,65769,67069,67569,68169,69269,70369,71269,72369,74269,74669,75369,76369,77369,78369,79469,80169,81469,82769,83169,84069,85669,86369,87069,88169,89269,90469,90869,91769,92569,93469,94369,95369,96369,97369,98369,99369,100369,100869,102069
user8527247907403484313,1985,2385,3285,4185,5185,6185,7385,7785,8985,9685,10885,11985,12485,13685,14785,15785,16285,17085,17785,18985,19785,21085,22585,23885,24785,25485,26285,27585,28485,29385,30585,30985,31885,32185,33385,34085,34985,35785,36685,38385,39085,39985,40685,41785,42485,44085,45785,47585,48485,49485,50785,51185,52285,53085,54285,55085,55885,56385,57585,58085,59085,59985,61485,62485,63385,63985,64885,65785,66585,67185,68285,69185,70785,71885,73185,74185,75285,76385,77385,78185,79885,80785,81385,82385,82985,84185,85085,86185,86985,88285,89285,90185,90885,92285,93685,94785,95785,96685,97285,98485
user6983296573698995147,1883,2883,4183,4583,5283,6283,7383,8683,9583,10583,11183,12283,12683,13683,14883,15883,17083,18283,19283,19983,21183,21783,23283,24183,25283,26383,27183,27983,29183,30483,31083,31883,32883,33783,34883,35683,36583,37683,38283,39183,40583,41783,42683,43783,44483,45483,46383,46983,48083,49083,49483,50183,51283,52883,53383,53783,54683,55083,56283,56983,57483,58383,59483,60683,61983,63083,63983,65183,65883,66783,67783,68783,69583,71183,72983,73783,74983,75683,76883,78583,79483,80483,81483,82283,83583,84583,85783,86983,87783,88583,89883,90583,91383,91883,92283,93583,94583,95383,96683,97783
user75353241927040981,2380,3380,4280,5580,6180,7680,8380,8980,9780,10780,12480,13280,14780,15780,16980,18180,19680,20380,21280,21980,23080,23980,24780,26180,26980,28080,29180,29780,30680,32080,32780,34180,35280,36880,37880,38980,39780,40880,41680,42280,44080,45080,45780,46780,47780,48480,49080,49580,51380,52680,53680,55980,57180,58880,59980,61180,61780,62680,63680,64180,65280,66480,67580,69080,69480,70480,71580,73180,74680,75680,76180,77780,78880,80080,81080,81980,82480,82780,83980,84680,85780,87380,88680,89580,90580,91380,91980,92780,94180,95480,96280,96880,98180,99180,99980,101180,101980,102880,103880,105380
user2880710999781382795,2085,2985,4285,4785,6285,6985,8085,9085,10485,11385,12585,13785,14885,15985,16685,17285,17685,18485,19985,21285,21985,22285,22985,24285,25885,27485,28285,29685,30885,32785,33985,34785,35785,36485,37785,38785,40185,41185,42185,42385,43185,44285,45285,47085,47985,48985,49685,50985,52285,53285,54185,55485,56585,57585,58085,59085,60185,60885,61785,62585,62885,64285,64985,66285,67385,68385,69585,70385,71085,71885,73285,74885,75785,76685,77685,78385,79385,80685,82185,83185,84585,85385,86385,87685,88685,89985,90985,91885,92985,93485,94385,95385,96285,97385,99085,99785,100585,101485,102585,104085
user754563266369447745,1581,2681,3381,4681,5981,6681,7881,9181,10081,10381,10881,11581,12681,13881,14581,15781,16681,18181,19481,20381,21681,22481,23381,24281,25381,26681,26981,27581,28381,29681,30881,31681,32981,33381,34281,35081,35481,36881,37981,38681,39881,40681,41781,42481,43781,45181,46781,47581,48181,49181,49881,50681,51781,52681,53581,54681,56081,56981,58281,59081,59781,60581,61981,62981,63981,64881,66481,67081,67881,68681,69781,71181,71881,72281,73281,74681,75481,76981,77281,78281,79681,80981,82581,83681,84481,85581,86581,87181,87981,88681,89781,90681,91881,92981,93881,94781,95781,96581,97081,98581
user2292708497030388334,2283,3483,4083,4783,5583,6383,7183,8583,9883,10983,11983,12683,13383,14083,15483,16283,16683,17683,18583,19583,20283,20883,21583,23183,24083,24983,26583,27283,28083,29183,30583,32083,33883,35083,35783,36383,37183,37983,39383,40683,41583,43183,44283,44983,46083,47683,48083,48883,50183,51183,52083,53483,54583,55183,56583,57483,58683,59883,61383,61983,63283,64383,65383,66183,66983,67983,68683,69683,70183,70683,71283,72083,73183,74583,75583,76583,77583,78483,79183,80683,81583,82583,83683,84483,85183,85883,86483,87083,88083,88783,90683,91383,92783,93783,94783,95783,96983,97983,98883,100083
user508181394022527682,1775,2275,3175,4175,5075,6075,7575,8475,9275,9875,10975,11575,11975,12575,12975,14075,15175,16575,17675,18775,19575,20875,21875,22375,23475,24475,25475,26175,27075,28175,28975,29775,30275,31275,32775,34375,35375,36275,36975,37675,38475,39075,40175,41075,42775,43575,44575,45075,46675,48375,48975,50775,51475,52475,53775,55575,56475,57075,58075,59075,60375,61175,62375,63475,64575,65275,66075,66975,67575,68575,69775,70675,72175,73875,74975,76275,77775,78475,79675,81175,81775,82775,83775,84775,85575,86775,87375,88575,89175,89875,90575,91775,92975,93475,94375,95575,96975,97775,98475,99475
user6988884361524701841,1385,1985,3585,4785,6185,6785,7485,8185,8885,9485,10685,11985,12585,13685,14785,15785,16885,17985,18685,20085,20385,21085,22585,23585,24685,25685,26885,27785,28485,29485,30885,32085,32885,33685,35085,35885,36585,37085,38485,39185,40185,41285,42685,43785,44485,44985,46485,47285,48385,49585,50785,51985,53585,54485,54985,56385,57185,58285,59285,60285,61885,63685,65285,66085,67585,68185,69085,70185,70785,72085,73085,73885,75485,76285,76885,77585,78485,79685,81285,82285,83285,83885,85185,86685,87585,88285,88985,90085,90885,91485,92385,93285,94185,95185,96085,96985,97585,98585,99585,100385
user6184078644860972864,1974,2574,3374,4074,4874,6074,6874,8374,8974,9774,11074,12074,13274,13774,14774,15774,17074,17674,18474,19274,20874,21874,23474,24074,26274,27674,28374,28874,29874,30474,31274,32174,33374,33974,34874,36074,37274,38074,38774,39574,40874,41674,42274,43674,44574,45674,46874,47574,48474,49474,49674,50974,52474,53674,54674,55874,57074,58474,59774,60974,62174,62974,64074,65074,66174,66674,67974,68374,69474,70374,71374,71974,73174,74074,75074,75974,76474,77274,78374,79474,80674,81174,82374,83374,84674,86074,87074,88074,89074,89774,90674,91374,92774,94074,95674,96774,97474,98874,99874,100974
user7466469639136458028,1877,3577,5177,5977,6677,7477,8077,9277,10377,11277,12177,13377,14777,15977,16777,18077,19077,19777,20377,21277,22277,23077,24277,24977,25877,27377,28377,29877,30777,31577,32477,33677,35177,36577,37377,38677,39477,40177,41277,42777,43477,44377,45477,46777,48177,48977,49577,50877,51977,52677,53777,55077,56477,56977,58177,59177,60477,61277,62177,63477,64377,65277,66177,67877,68577,69877,71077,72677,73977,74777,75877,77177,78077,79277,80177,81577,81877,82777,83577,83977,85577,87077,87677,88677,89377,90477,91977,92777,93377,94277,94677,95577,96877,97277,98177,99177,100177,101377,102077,102577
user2755115307560060582,1677,3277,4577,5677,6777,8177,8977,10077,11077,12677,13077,13877,14777,15777,16777,18177,19477,20477,21377,21977,23177,23977,24877,26077,26777,27577,28777,30277,31277,32777,34177,35377,36277,36777,37577,38777,39177,39877,40777,41677,42177,43077,43677,44877,45677,46977,48177,49577,50177,51377,52377,53577,54477,56077,56977,57577,58377,59077,60277,60877,61877,62777,63977,65377,66377,66977,67877,69377,69977,71177,71977,72577,73977,75077,75777,76977,77777,78577,79577,80577,81577,82377,83877,84477,85377,85777,87277,88177,89177,89977,91377,92577,93877,95377,95877,97577,98977,100077,101577,102577
user5575651532496486335,1775,2875,3775,4975,6275,7375,8075,9075,10475,11375,11975,12575,13975,14975,15675,16575,17375,18275,19375,20375,21775,22775,23975,25075,25875,26775,27775,29375,30175,31175,31575,32375,33575,34575,35575,36375,37475,38575,39375,40175,40875,41875,42875,43875,45275,46175,47375,48275,49475,50275,50775,51675,52975,54375,55575,56675,57575,58775,60375,61175,62075,62675,63675,64775,65975,66875,67675,68275,69075,69475,70475,71875,72975,74175,75075,76175,77275,78275,79275,80175,81175,82275,83275,84475,85975,86775,87975,88575,89775,90575,92075,93275,94375,95975,96875,97375,98975,100075,100675,101875
user1000385178204227360,1576,2276,3276,4276,5176,5776,6576,7676,8876,9376,10076,11476,12376,13676,14376,14776,15376,16676,17876,18876,20376,21676,22676,23476,24376,25676,27476,28076,28976,29776,30776,31776,32676,34176,35776,36576,37976,39276,40076,41176,41776,42676,43376,44276,44676,45576,46576,47476,48176,48876,49876,51476,51976,53476,54276,54776,56076,57076,58676,59876,61076,62076,62976,64276,65376,65876,66476,67176,68076,69376,70376,70976,71576,72376,73576,73976,75276,76676,77776,78776,79976,80476,81576,82576,83676,85276,86476,87076,88376,89176,90276,91676,91776,93076,94276,95276,96676,97676,99276,99776
user8999928687778130936,1882,2582,3182,4182,5482,6282,6982,7482,8382,9182,10282,11182,12382,13282,13882,14682,15382,16582,17582,18382,19382,20082,21082,21782,22882,23582,24082,24882,25882,27282,28882,30382,31382,32182,32982,33682,34682,35782,37282,37882,38982,39882,41082,41782,42282,42982,43882,44982,45882,47182,48482,49582,50582,52182,53782,54682,55582,56782,56882,57582,58782,59982,60682,61882,62882,64082,65482,66682,67782,68782,69982,70882,71782,73382,73882,74882,76082,76982,78382,78882,79682,80882,81782,82882,83782,84982,85682,86782,88182,89582,90482,91682,92882,94282,95482,96882,97882,98882,99282,100382
user5218634119792486115,2474,3174,4374,5574,6174,7174,7974,9174,10074,10974,12174,13174,14174,14774,15874,16574,17574,18374,19474,20474,21774,22574,23974,24874,25974,26874,28274,29674,30974,31774,32574,33374,34774,35774,36474,37774,38474,39174,40274,41674,42674,43674,44874,45374,45874,46574,47474,48374,49374,50574,51274,52274,53174,53774,54774,55974,56974,58074,59574,60274,61574,62274,62874,63774,65074,65974,67174,67974,68774,70274,71574,72574,73374,73774,74974,75474,76374,77274,78274,79074,80274,80774,82174,82974,84174,85074,86174,86974,87774,88574,89774,90374,91074,92374,93574,93974,95374,95774,96874,98174
user6415282050125808988,2475,4075,4775,5875,6675,8075,9175,10175,11475,12775,13775,14775,15975,16775,17875,19175,20175,21175,22275,23675,24375,25175,26375,26975,28475,29975,30575,32175,32975,34275,35475,36475,37375,38375,39175,40275,41475,42475,43675,44575,45575,47375,48675,50175,50775,52175,52675,53275,54875,55975,57075,57875,58875,59775,60775,60975,61775,62575,63275,64375,64975,65975,66575,67375,67775,68775,69775,71175,71875,72775,73975,74975,75775,76575,77575,78475,79675,80575,81875,82275,83075,83775,85175,86475,87975,88575,89275,90075,91075,92175,93575,94875,95675,96275,97475,99075,99375,100675,102175,102975
user6988542716230403276,1775,2975,3675,4575,5775,6175,7175,8475,9675,10775,11775,12575,13375,14675,16175,17275,18275,18975,19475,20075,20775,21875,22775,23775,25575,26875,28275,29075,30475,31375,32275,32875,34075,34775,36075,37375,38775,39475,40175,41675,42675,43975,44975,46175,46775,47575,48375,49175,50075,51375,52875,53475,54075,55175,56175,57775,58275,59275,59975,60975,62075,63275,64075,64575,65175,65975,66975,67975,69475,70875,72075,73475,74875,76075,76875,78575,79675,80675,81975,83075,83875,84875,85875,86675,87275,88075,88975,90175,91075,92275,93375,94675,96275,97475,97975,98975,100175,101375,102575,103975
user8049102669279587678,2377,3277,4277,5077,5877,7377,8477,9477,10677,11877,13277,14277,15577,16177,17277,17977,18377,19277,20777,21677,22377,23177,24277,25377,26477,27477,28277,30277,30977,31977,32577,33577,34677,35877,37477,38777,39577,40777,41877,43177,43977,44977,46177,47777,48577,49377,49977,51477,52777,53977,55077,55877,57077,58777,59877,60477,61577,62377,63377,64577,65677,66677,67877,68477,69977,70877,71177,71777,72877,73877,74777,76177,77677,78677,78977,79877,80577,81677,81977,82977,84277,84977,85777,86777,87377,88177,89277,89677,90377,91977,92777,93277,94077,94677,96077,96977,97877,98677,99377,100277
user2755675268072201030,1980,3280,3980,4680,5480,6380,7580,8480,10080,10780,11580,12080,12380,13680,14180,15480,16480,17080,17880,18380,19580,20580,21280,22180,23480,25080,26180,27680,28180,29180,30780,31580,32380,34080,35380,36480,37280,38580,39880,40780,41180,42080,42480,43380,44480,45880,46180,47180,47880,48880,49380,50380,51480,52380,52780,54080,54780,55580,56580,57880,59080,60280,61680,62680,63680,64480,66180,67380,67980,68780,70180,71280,72480,73780,74380,75180,76280,77480,78880,79580,80480,82080,83380,84380,85580,86580,87680,88680,90080,90980,92080,92880,94080,95380,96480,97580,98680,100080,101280,102480
user296282677346902730,1779,3279,4779,5379,5779,7079,7979,9379,11379,12579,13879,14779,15379,16379,17279,18179,18779,20279,20679,21679,22879,23779,25079,26279,27279,28279,28879,30079,31679,32479,33479,34279,34879,36079,37179,37679,38579,39279,40479,41279,42379,43679,45079,45879,46979,47779,48779,50379,51479,52379,53479,54779,55679,56879,57579,58779,59779,61079,62079,62779,64179,65779,66779,67179,68179,69379,70679,71279,72379,73679,74879,75679,76679,77279,78079,79479,80579,81479,82679,83879,84479,85579,86479,87579,88879,90279,91079,92379,93179,94279,95179,96179,96679,98079,99079,100779,102179,102879,103779,105179
user7456755629803624101,1783,2783,3783,4383,5183,6383,7583,8483,9283,9783,11283,11683,13083,13983,14583,15483,16283,17183,17883,18883,19683,20583,21183,21583,23283,24083,25083,25983,26883,28483,29583,30383,32183,33383,33883,34383,35683,36783,37483,38383,39183,40483,41483,42783,44583,45283,46783,47383,48283,49683,50683,51583,53183,54783,55983,57083,57883,58983,59583,60683,62183,63483,64083,64983,65883,67183,67983,69183,69883,70983,72383,73183,73583,74883,75883,77183,78783,79783,81183,81783,82783,84083,85083,85983,86983,87383,88283,89183,90383,90983,91983,93283,93883,94883,96183,96783,97483,98283,99383,99983
user3956449419912651136,1687,2787,3487,4587,5487,6487,7387,8487,9287,10187,11487,12987,13887,14887,16087,17287,17987,19187,19987,21387,22287,22987,23687,24687,25687,26187,26987,28087,28887,29687,30687,31887,32987,34287,35087,35487,36487,37587,38887,40087,40687,41687,42687,43687,44387,46887,47787,48687,49587,50787,51687,52687,54187,54987,56087,57487,59187,60287,61687,62487,64087,65287,65987,67787,68487,68987,69487,70687,72087,72587,73587,74187,75087,76087,77187,78487,80087,80987,81587,82687,83487,84587,85687,86887,87787,88687,89487,90587,91787,93187,94587,95187,96487,97587,98587,99887,100487,101687,102587,103387
user7345341813716561613,1979,3479,4679,5879,6879,7479,8379,9579,10579,11279,12579,13079,14479,15479,15779,16779,17479,18579,19279,20079,20479,21379,22979,24279,24879,26079,27279,28179,29379,30379,31079,31879,32579,33979,34879,35879,36879,37979,39179,40179,40779,41779,42879,43879,44879,46279,47379,48979,50379,51179,51979,53279,54379,55479,56779,58179,59079,59979,60579,61179,61979,63179,64379,65679,66779,67479,68579,69279,70379,71479,72179,73779,74779,75879,76979,77879,79179,79979,80779,81279,81979,83079,83879,84879,85879,87079,87879,88579,89579,90779,91279,92579,93379,94879,96179,96979,97779,98779,99779,100779
user6747406986414891342,1381,2281,2681,3481,4181,5381,5981,6881,7781,8981,9581,10781,11581,12881,13981,15081,15981,16781,17981,19381,20881,21481,22281,23981,25481,26381,27781,28881,29481,30481,31781,32581,33781,34781,35881,36981,37381,38481,39781,40481,41481,42781,43881,44981,46381,47681,48881,49481,50281,51381,52081,53081,54381,55781,56381,56881,58181,59081,59981,60881,61481,63081,63781,64881,66281,66881,68381,69581,70181,71281,71781,73381,74681,75781,76181,76981,77981,79681,80181,81281,82881,83481,84981,86181,86981,88181,89481,90581,91681,92881,93581,94381,95681,97281,98181,99381,100181,101781,102281,102881
user6978610391679727466,1977,2877,3677,5277,6177,7477,8477,8977,9777,10377,11077,11877,12477,13277,14277,15577,16177,17177,18077,19277,20077,20477,21077,22477,23377,24677,25877,27677,28477,29577,30577,31877,32477,33377,34877,36377,36777,38077,38477,39377,40177,40977,42077,42677,43477,44777,45877,47577,47877,48677,49877,51177,52777,53377,54777,55677,56577,56977,57577,59277,60377,61577,62477,63377,64177,65177,66377,66977,68077,68877,69677,70677,71177,72877,74577,75477,76677,77677,78277,79677,80777,81977,82677,83177,83977,85177,85977,86777,87977,88677,89477,90277,91077,91877,93077,94177,95177,95877,96677,97477
user4042752444366953875,1876,2976,4176,4576,5576,7076,8176,9376,10376,11476,12576,14076,14876,15976,16476,17076,18176,18976,19776,20676,22276,23076,24576,25276,26476,27576,28476,29876,30976,32676,33376,35176,35776,37376,38276,39376,40176,40576,41676,42176,42676,43776,45676,46676,47876,49176,50076,50876,52276,53576,54476,55676,57076,58076,59476,60776,62676,63276,64476,65076,66176,67376,68276,69576,70476,71576,72376,73776,75376,77976,79276,80176,81376,82976,83576,84476,85576,86476,87176,88776,89876,90676,91776,92476,93576,94576,95276,95576,96376,97076,98476,99476,100076,100876,101776,102976,104176,104876,105676,106276
user7827613273347585481,2185,3185,4385,5585,6785,7885,8585,9385,9885,10885,11985,12785,13885,15285,16285,17085,18385,19385,20385,22485,22785,23685,24485,25685,27085,28385,29185,30485,31685,32685,33685,34585,35785,36885,38185,38885,40285,40885,41685,42985,43585,44785,45685,47185,48485,49585,50485,51385,52185,53785,55385,56285,56685,57785,58685,59785,60785,61485,62885,63885,64785,66085,66885,67385,67785,68785,69685,71085,71885,72685,73285,73985,74685,75685,76685,77685,78885,79585,80185,80885,81785,82285,83385,84885,85985,86885,87685,88785,90085,90985,91885,92485,93585,94685,95285,96485,97585,98385,99685,100285
user2513979577744548648,1976,2576,3376,4376,4976,6276,7676,8776,9976,10976,11776,12076,12876,13676,14876,16376,16976,18076,18976,20176,21076,22076,23376,23876,24976,25976,26476,27376,27976,28476,29776,31276,32576,34076,34976,36276,37376,38276,39176,40576,41776,43076,44076,44976,46176,47276,48476,49376,50376,51676,52776,53376,54776,55476,56376,57276,57776,59176,60476,61776,62976,64076,64976,66176,67176,67776,69776,70676,71176,71976,73276,74576,75676,76976,78176,79576,80576,81676,82876,83576,84576,85776,86676,87976,89076,89876,91276,92176,93476,94176,95476,96476,97376,98276,99176,99976,100976,101976,103076,104276
user4062398778250463612,2183,3983,4783,5883,6683,7883,8483,8883,9783,10583,11583,12783,13783,14883,15783,16983,17783,18883,19683,20183,20683,21583,22183,23083,23583,24583,25583,26483,27783,29383,30483,31883,32883,33483,34483,35283,36483,37183,37983,39583,40583,41583,42583,43783,45083,45983,46883,48083,48883,50183,51383,52383,53683,54583,55883,56583,57283,58383,59183,60083,61183,62683,63983,64483,65983,66583,67883,68383,69583,70383,71883,72583,73683,74483,75883,77083,78183,78683,80183,81583,82883,83683,84383,86083,87083,87983,89483,91183,92083,92883,93783,94283,94883,96183,97483,98283,99783,100783,102083,103083
user2071219101098386137,1569,3169,4169,5269,6269,6769,8369,10169,11169,11969,12969,14169,14969,16169,17169,18669,19469,20769,21469,22569,23769,25269,26269,26769,27569,28569,29669,30369,31269,32269,34069,34469,35169,36469,37769,38469,39869,40369,41069,42369,44469,45969,47069,47969,49569,50169,52169,53169,53969,54869,55969,56669,57869,58569,60069,61069,61869,62969,63869,65869,67469,68769,70369,71269,72269,73569,74969,76569,77969,78469,79669,80669,81669,83669,84469,85869,86669,87569,88269,89569,90969,92269,93369,93769,94569,95469,96369,96969,97869,98869,99969,100469,101769,102369,103069,103969,105169,106469,107369,108469
user2523911902295224458,1671,2671,3671,5071,6071,6471,7371,8371,9371,10171,11571,12071,13071,14471,15371,16571,18371,19671,20371,21471,22771,23471,24371,25571,26771,27971,28571,29771,30771,30871,31871,33371,34071,34871,35571,36971,37771,38871,39771,40671,41571,42571,43871,44871,45971,46671,47371,48671,50171,50871,51571,52771,53871,54371,55371,56371,57371,58771,59871,60871,61771,62571,64171,65171,66271,67271,68171,69071,70071,71271,73171,74971,76271,77071,77571,79171,80471,80971,81871,83271,83671,84471,85271,86971,88371,89171,90171,90571,91871,92371,92771,93671,95171,96071,97071,98071,98971,100171,101571,102271
user2288022315011120653,2188,3188,3988,4788,5388,6388,7688,8588,9488,10988,11588,12188,12988,14088,15188,16188,16988,18488,19388,20288,21088,21988,22988,24088,24988,25688,26688,27188,27988,28688,29588,30688,31888,33388,34988,36288,37188,37988,39188,40488,41688,43388,44388,45088,46088,46988,47688,48388,49388,50388,50888,52088,53088,53688,55288,56088,57388,58088,59088,59688,60788,61788,62788,63488,64188,65088,66388,66888,67888,68988,69788,70488,71188,72688,73988,75088,76188,77188,77988,79288,80188,80988,81888,82888,83688,84388,85688,87088,88088,88588,89588,91288,92188,92988,94488,95688,96588,98288,99088,100588
user5797482573722787097,1687,3187,4087,4987,5687,6787,7787,8487,9487,10487,11187,12687,13487,14787,15687,16887,17787,18887,19587,20487,21487,22687,24287,25087,25587,26687,27887,28787,29787,30487,32187,33287,33787,35087,36187,37487,38887,40387,40887,41387,42287,42887,43387,44387,45787,46987,47587,48787,49687,51087,52387,52987,54087,55287,55987,57087,58087,58987,60787,61787,62387,63787,64787,65587,66187,67487,68587,69787,70687,72387,73487,73887,75087,75987,77487,79087,80287,81387,82387,82987,84487,85287,86787,87487,88787,90187,90787,91887,93287,94487,95787,96587,97287,98387,99487,100887,102087,103287,104387,104687
user5923296581161951193,1982,2682,3282,4482,5782,6982,7882,8582,9682,10482,10582,11782,12582,13582,14182,15182,15982,16782,18082,18982,19882,21582,22882,24282,25582,27082,27982,29282,30082,30682,31582,33182,33982,35082,36582,37382,38182,38782,40082,41082,41982,42682,43482,44382,45582,46782,47382,48982,49982,50982,52182,53682,54782,55982,57282,58582,59182,59582,60782,61582,62782,63782,64782,65482,66982,67982,68982,70082,70882,71282,71882,72982,73482,74082,74582,75182,76482,77582,78582,79582,81482,82582,83382,83982,84682,85882,86482,87082,87682,88682,90182,91582,92982,93682,94382,95682,96482,97782,99182,99982
user6400663543555865497,1480,2480,3480,4880,5980,6780,8180,8880,9580,10380,11280,11880,13180,14780,15680,17080,18480,19080,19980,21480,22480,23280,24280,25280,25780,26280,27280,28280,29480,30080,31480,32880,34180,35780,36480,37280,38680,39480,40280,41680,42880,43680,44580,46080,47180,48080,49180,50080,51080,52280,52880,53880,54880,56080,56880,57980,58680,59380,60380,61680,62580,63080,63780,64980,65580,66380,67580,68080,68780,69680,70980,71780,72480,72980,74180,74780,75580,76680,78580,79080,79980,80880,81680,82280,83080,84280,85080,86280,87180,88480,89580,90380,91480,92280,93180,94180,95480,96280,97380,98480
user2509293395725280967,2176,2876,3776,4676,5076,5576,6576,7176,8676,10176,10776,11976,13076,14076,14876,15676,16376,17476,18376,19176,20176,21576,22676,23076,23876,24976,25676,26676,27076,28176,29076,29876,30676,32276,33176,34176,34976,36076,37776,38976,40276,41176,42076,42776,43976,45176,46176,47076,47976,48776,49676,50676,51576,52176,53076,54376,55376,56276,57176,57876,58876,60076,61176,62076,62976,63976,65376,66976,67576,68976,70276,71276,72376,72976,74076,75376,76676,77476,78276,79576,80176,81076,81576,82576,83076,83676,84776,85576,86476,87476,88576,89476,90576,91676,92476,93876,95076,96476,97076,97676
user1472505998066733535,2082,3282,3882,4782,6182,7582,8682,9682,10482,11282,11882,12582,13682,14782,15282,16382,17682,19182,19982,21082,21982,22882,23482,24582,25782,26882,27682,28282,29182,30282,31882,32682,33582,34782,35782,36982,38382,39182,39682,39982,40782,41982,43082,44182,45182,46182,46782,47982,49282,50182,50882,52082,52582,53482,55082,56382,57582,58282,59182,60382,61682,62582,63382,64582,65882,66682,67482,68182,69182,70182,70782,71682,72582,73582,74582,75382,76682,77082,77882,78682,79482,80782,81582,82082,83282,84182,85582,86582,87582,88582,88982,90682,91482,91982,93082,93582,94482,94682,95282,96782
user1357744236202526145,1881,2681,3381,4081,5181,6281,7581,8181,9081,9981,10781,11581,12381,13181,14281,15381,16181,17181,17981,19081,19981,20981,21181,22181,22881,23881,24881,25981,26381,27081,28481,29681,30681,31581,32581,34281,35381,36481,37181,37881,38981,39881,40881,42581,43481,44481,44981,46281,46881,47781,48981,50081,51181,52181,53181,53981,55581,56381,56881,57681,59481,60781,61681,62381,63281,64781,65581,66681,67481,68781,69381,70281,70881,71781,72881,73681,75381,76681,77681,78081,78681,79681,80481,82081,82681,83581,84381,85481,86181,87081,88281,89481,91081,91381,92381,93681,94981,95681,96281,97581
user3931556943497733270,1573,2973,3973,5273,6873,8673,9673,10473,12373,13673,14873,16073,17173,17973,18473,20073,20873,22173,23273,24473,25973,26973,28173,29273,30673,31973,32773,34073,34773,35873,36073,36873,37673,38373,39173,40473,41573,42873,43873,44973,45873,46673,47673,48873,50573,51273,52273,52873,54173,55773,56673,57773,58773,59573,60773,61373,62273,63273,63973,64973,66173,66773,67473,68373,69873,70873,71473,72773,73673,74473,74873,75873,76173,77173,77973,79173,80373,81373,82573,83473,84273,85473,86673,87973,90073,91173,92773,93873,95173,96073,97373,98673,99373,100373,101373,102173,103173,104173,104973,105173
user1005413005517793606,1875,3275,4075,5275,6075,7075,8575,10375,10875,11975,13175,13875,14475,15675,16875,18075,18775,19875,20675,21975,23975,24975,25475,26275,27075,28575,29675,30675,32175,33175,34075,35575,36675,37775,39675,40375,41275,42275,43175,43875,44675,45875,46575,46775,47975,48875,49975,50775,51775,52175,53075,53875,54675,55275,55975,57575,58575,59675,60075,61175,62475,63675,64775,66075,67275,68175,68875,70175,71275,72475,73175,74475,75775,76575,78175,79475,79975,80675,81575,82975,83575,84475,85675,86575,88075,88475,89675,90575,91275,92375,94075,94975,96475,97475,98375,100275,100875,102475,103475,104075
user8401433899964320217,2076,3276,4276,4576,6176,7476,9176,10476,11976,12876,13676,15176,16176,17076,18276,19376,20476,21176,22476,23376,24676,25576,26376,27276,27776,28476,29376,30076,30776,32176,32576,33076,34276,35076,35776,36876,37676,38976,39876,40776,41576,42676,43276,44276,45176,46076,47276,48576,49276,50576,51876,52676,53976,55076,56276,57376,57776,58376,59676,60076,61376,62576,63676,64376,64976,65976,66576,67376,68076,68576,69876,70676,71476,72476,73576,74276,75576,76276,77176,78076,79176,80376,80776,81476,82476,83576,84476,85276,86476,87276,88376,89376,90576,91276,92476,93376,94576,95776,97476,98676
user537760052456713229,1776,2776,3176,4276,5376,6676,7876,8676,9476,10676,12176,13276,14176,15076,15276,16676,17476,18676,19976,20876,21876,23076,23876,25076,25976,26876,27276,27976,29576,30876,32376,34076,34676,35776,37476,38376,39276,40276,41576,42876,43676,44876,45976,46776,48276,49076,49976,50976,51976,52876,54076,55676,56676,57476,58176,59076,60176,61076,62476,63376,64576,65876,66876,68076,69676,71076,71876,72976,74376,75376,76776,77676,78476,79476,80276,80876,81676,82276,83176,84076,84776,86076,86676,87876,88576,89476,90776,91676,92676,94276,95476,97576,98976,100076,100976,101676,102876,103576,104476,105376
user8984408575401748432,2077,2777,3777,4977,6377,6877,8177,9677,10677,11877,13077,14377,15277,16477,17677,18277,19377,20277,21177,22077,23077,24077,25477,26777,27677,28577,30077,31077,31877,32777,34077,35077,35777,36777,38077,39177,40277,41077,41577,42977,44877,45777,46677,48177,49877,50977,51677,52977,54077,54777,55477,56377,57377,58577,59077,60077,61177,61977,63577,64177,64877,65477,66477,67377,68477,69277,70577,71677,73177,74277,75477,76577,77377,78277,79177,80477,81277,81977,82677,84077,84977,86577,87877,89077,89877,90777,91977,92877,94177,94877,96077,97277,98277,99477,100377,101877,103077,103777,104777,105977
user4645373453687891827,1883,2483,3783,4883,6183,6883,7983,9083,9983,11183,11983,12683,14383,15483,15983,16983,17483,18183,19983,21083,22383,23083,24183,25183,25783,26683,26983,27183,28483,29183,29883,30683,31283,32583,33183,33883,34483,35283,36983,37783,38783,39283,40383,41783,42883,43683,44583,45383,46183,47283,48183,49183,50783,52183,53583,54183,55483,56483,57883,58683,60283,61183,62083,62883,64383,65383,66283,66783,67583,68883,69483,70583,71183,72383,73283,73983,74683,75583,76383,77483,78083,79583,80583,81383,82383,83783,85183,85583,86483,87683,89083,90683,91183,92483,93683,94783,95483,96383,97183,98083
user6154499986426787317,2274,3074,4174,5874,6474,8074,9274,10574,11274,12274,12974,14074,15174,15974,17274,18274,19474,20574,21674,22374,23274,24174,25074,26374,27374,27874,28474,29074,29974,31274,31874,33374,34474,35174,36374,37474,38774,39474,39674,40074,40974,42174,42774,43474,44374,45674,46974,47974,48574,49774,50174,51574,52674,53174,54974,55274,56774,57974,59074,60074,61274,62074,63374,64374,65574,66874,67674,68974,70074,71074,71274,72474,73274,74274,74874,75374,76774,77674,78874,79374,80474,81374,82774,83274,85174,86474,87374,88474,90574,91874,92474,93074,94174,95074,96374,97274,98774,99674,100674,101674
user5213947937773218434,1978,2978,3978,4978,6078,7178,8078,9478,10578,11178,12178,13478,14178,15278,16178,17178,17878,18778,20278,20578,21678,22678,23178,23678,24578,25978,27078,27978,29178,30378,31578,32178,33178,33878,34778,35878,37378,38078,38778,39878,40478,41278,42278,43378,43978,45078,46678,47878,48478,49578,50878,52178,52978,53678,54878,55678,56978,58278,59278,60278,61578,62178,63078,64678,65778,66578,67378,68178,69678,70778,71878,72578,73178,73978,74878,75878,76978,77578,78378,79178,80578,81678,82278,83078,83678,84578,85178,86278,86778,87578,88778,89878,90678,91578,92178,94378,95078,96178,97178,97778
user9220639807980150802,1876,3176,4676,5876,7276,8376,9276,10276,10776,11976,12976,13776,14776,16076,16676,17276,18476,19676,20876,21376,22076,22776,23676,24376,25176,25876,26776,27976,29076,30376,31476,32876,34076,34976,36476,37176,38376,39076,40076,40976,42376,43176,43876,44576,45676,46776,47776,49076,49876,51376,52076,53376,54276,55176,56176,56476,57376,58176,59376,60576,61076,61676,62476,63076,64476,65576,66176,67076,68476,69676,70676,71576,72276,73476,74276,75076,76276,77176,77976,79576,80376,81276,82176,83476,84376,85176,86676,87476,88576,89376,90176,91676,93076,94176,95276,96276,96976,98176,99176,100976
user8632637305229156341,1786,2986,4086,4986,5586,6486,8086,8886,9986,11086,11786,12586,13486,14086,15086,15986,17386,18486,19486,20886,21486,22986,23986,25386,26986,27986,28886,29686,31186,32086,32586,33786,34586,35886,37186,38086,38986,40386,41086,41986,42786,43786,44286,45086,45686,46786,48386,49186,49986,50786,51786,52486,53486,54686,55886,56586,57586,58586,59686,60986,61986,62886,63686,64586,65386,67486,68186,69486,70786,71486,72386,73286,74286,75486,76186,77686,78686,79686,80186,81086,82386,83286,84586,85886,86886,88186,89486,90486,91686,92986,93986,94386,95486,96586,98286,99686,101786,102386,103486,104586
user2191786966006142104,2280,3380,4380,5080,5980,6880,7980,8680,9580,10480,11380,12180,13080,14180,15380,15880,17080,18280,19480,20380,21180,21980,23380,24980,25880,27380,28180,29080,30380,31580,32480,33280,34780,35580,35880,37580,38980,40180,40980,42080,43180,44580,45180,46080,46780,47680,48780,49580,50880,51780,52680,53480,54380,55680,56580,56980,57780,58880,59780,60880,62080,63180,64380,65580,66180,66680,67880,68880,69780,70380,71780,73080,74080,75080,76380,76980,77980,79180,80880,81880,82680,83380,83980,85080,85980,87080,88180,89380,90080,91080,91680,92280,93480,94380,95080,96380,97180,98180,98980,99880
user1568741347071712084,1784,2784,3984,5084,6284,6784,8184,9084,9584,10584,11484,12684,13584,13884,14884,16184,17184,17984,19384,20684,21284,22384,23384,23984,25184,25884,26984,28084,28984,30084,31284,32084,33184,34584,35484,36584,37284,38284,38784,39584,40184,40984,41684,42484,43584,45184,46484,47684,48984,49784,50284,50784,51484,51984,52784,53684,54484,55084,56684,58084,58584,59184,59884,61184,62684,63984,64984,66084,66584,67084,68184,69084,70284,70984,72184,72784,73384,74284,75284,76284,77484,78384,78884,79984,80684,81184,82684,83584,84484,86184,87684,88584,89984,91084,91984,93184,94284,95384,96884,97684
user9095604076270969037,2284,3184,4184,4584,5384,6884,7984,9384,10484,10984,11784,12984,13484,14984,16284,17184,18084,19084,19984,20684,21884,22984,23784,24684,25684,26484,28084,28784,29384,31184,32084,32884,33984,34784,35684,36684,37784,38784,39284,40284,41984,42984,43584,44384,45784,46784,47684,48084,48984,50384,51284,51884,53084,53984,55484,56084,56884,58084,58684,59584,61084,62184,63084,64284,65384,66684,67584,68584,69884,70884,72184,72984,74384,75184,75684,76784,77784,78484,79384,80484,81484,82184,83784,85184,85984,86784,87584,88284,89184,91284,92284,92784,93984,95184,96284,97184,98284,98984,99684,100684
user6647045415902785560,1780,2980,4480,5680,6380,7880,8780,9980,11280,12280,12880,14280,15180,16680,17180,18380,19280,20280,21480,22780,24580,25580,26380,27480,28180,29580,30380,31380,33380,33880,35280,35980,36980,37780,39180,40080,41480,41980,43480,44380,45380,46780,47280,48880,49880,51180,51980,52980,53880,54880,55680,56080,57080,58780,59780,61080,61780,63080,63480,64480,65380,66180,67680,68980,70180,70680,71380,72580,74080,75280,76480,77280,77980,78880,79880,81280,81780,82380,83680,85080,86080,87080,88080,89680,90080,91380,92580,93680,95280,96180,97580,98280,98880,99680,100580,101880,102980,103680,104380,105380
user7822927091328317800,2285,3185,4485,5485,5785,6385,7385,8585,9285,10485,11685,12985,13985,15385,16585,16885,18085,18785,19985,20485,21485,22685,23585,24585,25085,26085,27185,28185,29085,30485,31885,33085,33885,34785,35785,36685,38085,38985,39785,40385,41585,42285,43085,43585,44685,46085,47285,48585,49285,49885,50585,51685,52385,53985,55085,55785,56685,57685,58585,59485,60185,61385,62285,63185,63485,64685,65685,66485,67685,68485,69785,70685,71685,72485,74285,75285,76185,76485,77585,78985,79985,81185,82585,83185,84985,86285,87185,87985,88785,89985,90885,92085,93285,94185,95085,95885,97085,98485,99785,100685
user6405349725575133178,1770,2670,3670,4470,5370,6570,7170,8070,8770,9870,10470,11170,12170,13470,14570,15470,16570,17670,18370,19770,20870,22370,22970,23970,25570,26170,27570,28570,29470,30170,30770,31970,33370,34170,34970,36670,37970,38870,39870,41070,41970,42870,43870,45070,45770,46570,46870,48270,49170,50170,50970,51870,52970,54070,54970,56070,57070,57870,58170,58970,59870,60470,60970,62270,63170,64070,65070,65870,66870,68070,69570,70570,71270,71970,72770,74070,75170,75970,76970,78270,78870,79870,80770,81370,82670,83570,84970,86270,87070,88070,88870,89670,90270,91070,91870,92470,93270,94170,94770,96070
user5001830905879751599,2068,3368,4368,5368,6168,6868,7968,9168,10768,11568,12568,13568,14568,14868,15768,16768,17668,19168,20368,21168,21768,22968,24268,25868,26768,27768,28568,29668,30268,31668,32668,34068,34968,37068,38068,38968,40168,41368,42368,43668,44868,45668,46468,47868,49268,50468,50668,51568,52868,53868,54768,55868,56768,57968,59368,59868,60968,61568,62468,63568,64568,65568,65968,67068,68468,69268,69968,70468,71468,72268,73368,74868,76068,76568,78068,78868,79468,80268,81068,81768,82568,83868,84968,86168,87468,88168,88868,89468,90868,91968,93068,93668,94868,95968,97468,98368,99568,100568,101568,102968
user1815123219418632147,1983,2883,3783,4583,5983,6783,7983,8883,9983,11083,12483,13283,14683,15483,16483,18183,19283,20183,21083,22183,23083,24483,25483,26283,27483,28883,29583,30383,30883,31983,33183,34683,36183,37483,38883,39983,40983,42183,43383,44183,44983,46783,48083,48983,49983,50683,51583,52683,53683,54483,55983,56683,58083,58583,59483,60583,61383,62883,63583,64583,65683,66483,67983,69183,69483,70483,72083,72583,73683,74483,75383,76583,77883,78483,79583,80483,81483,82583,83683,84383,85083,86183,86783,87483,89083,89883,90483,91283,91983,93283,94383,95283,96083,97283,98683,100283,100783,101183,101783,102783
user2041640442664200590,1584,2684,3984,4584,5584,5884,6884,7584,9084,10284,11184,11984,12984,14284,15384,16284,17284,18784,20084,20684,21484,22584,23784,24784,25884,27284,28284,29084,29984,30884,31584,32484,33384,34384,35384,35784,37084,38184,39084,39984,40784,41884,43184,44684,45984,47284,49184,49684,50384,51284,52284,52984,53884,54884,55584,56184,57084,57984,59184,60084,60984,61784,62284,63184,64684,65484,66184,66884,67984,69384,70484,71384,72484,73984,75084,75984,76584,77384,78884,79284,79884,80384,81784,82684,84184,85384,86084,87484,87784,88884,90084,91284,92584,93384,94384,95184,95984,96684,97384,97784
user3016457331771222701,1982,3182,3782,4482,5082,6082,7382,8582,9282,10282,11382,12382,13782,14682,15482,16082,17082,17582,18482,19182,20082,20882,21782,23582,24582,25782,26382,27382,29182,29782,30482,31782,33182,34182,35382,36382,37482,38482,39882,40882,42082,43082,43882,44582,45682,47282,48182,49182,50182,51482,52982,53682,54582,56182,56882,57882,58882,59982,61082,61682,62882,63582,65082,66382,67382,68482,69782,70682,72182,72882,73582,74382,75482,76182,76982,77482,78182,79382,80082,81382,82382,83982,84882,85582,86482,87382,88282,89682,91182,92282,93482,94482,95682,96882,97782,98682,99182,100382,101282,102282
user6164213995759621244,1681,2681,2981,3781,4981,6181,6881,8281,8781,9981,10881,11381,12581,14081,15181,15981,16781,18081,19181,19981,21481,22681,23181,23581,24281,24881,25281,26581,27581,28081,28781,30081,31181,32481,33981,35081,36081,37181,38081,38681,39881,41081,42181,43281,44181,45081,46281,47581,48481,48781,50181,50481,51981,52881,53481,54181,54981,55781,55981,57081,57981,58681,59281,59881,60381,60881,61681,62981,63481,64381,65281,66081,67181,68681,69481,70481,71581,72781,74181,74681,75381,76281,76881,78081,79981,80981,82081,82681,83381,84881,85581,86481,86981,87681,88481,89381,90181,90781,91081,92081
user4972812207957706500,2173,3273,4573,5773,6773,7873,9173,10373,11273,12573,13773,15273,16573,17173,18573,19373,20373,21373,22273,22873,23573,24573,25373,26473,27373,27973,29173,30673,31373,31873,32373,33273,34773,36073,37673,38373,39573,40273,40973,41873,42573,43673,45173,45873,46873,47773,48973,49873,50673,51973,53073,53773,54473,56273,57073,57973,58673,59273,60273,61173,61973,63273,64173,65673,66773,67873,68973,69973,70773,71473,71873,73073,73873,75473,76573,78573,79673,80673,81973,83473,84573,85473,86473,87373,88373,89073,90573,91473,92273,92973,93773,94673,95673,96473,97473,98073,99073,99473,100673,101573
user7817899264014751554,1982,3282,3982,5182,6182,7082,8182,9182,9782,10482,11182,12482,13982,14982,15782,16682,17382,18882,19782,20782,21482,22682,23582,24782,25782,26282,27282,27982,28782,29582,30682,31682,33082,33882,34482,35282,36482,37182,38082,39682,40582,41582,42282,43482,44182,44982,45782,46682,47882,48882,49382,50582,51582,53082,53582,54582,55282,56382,57082,58182,58882,59682,60382,61482,62382,63582,64382,64882,65982,67282,68182,68982,70382,71882,73182,74682,75682,76282,77082,77982,79182,80482,81882,83582,84882,85382,86382,87682,88682,89882,91182,91982,92482,93582,94482,95482,96682,96982,97782,98582
user1453419624695364246,2685,3985,5085,5585,6285,7385,8485,9685,10985,11985,13785,14485,15585,16385,16885,17585,18985,19385,20285,21285,22585,23285,24085,24785,25385,26585,27385,28685,29785,30485,31385,32385,33285,34185,34885,36085,37185,38085,39285,40285,40685,41485,42485,43485,43785,44785,45285,45985,46885,47685,48485,49285,50385,51685,52885,53885,54885,56485,57185,58785,60085,61185,61885,62885,64085,64785,66085,66885,67585,68585,69385,70285,70685,71785,72785,73485,74585,75585,76785,77485,78585,79585,80385,81685,83085,84085,85085,86585,86985,87385,88585,89485,90285,91485,92685,93785,94685,95985,96885,97385
user995698996184959679,2085,2785,4285,5285,5985,6785,8085,8685,10085,11385,12485,13485,14685,15685,16785,17985,19885,21185,22185,23385,24485,25285,25985,27085,28585,29885,31785,32785,33785,35285,36385,37485,38285,39585,40485,41185,41885,43185,43785,44785,45885,46285,47085,48385,50285,51185,52085,53085,54085,55085,56385,57885,59285,60085,61385,62985,64185,64885,65585,67185,68585,69885,70585,71085,72585,73885,75085,75885,77085,77985,79385,80785,81885,82685,83685,84485,85485,86285,87585,88785,89785,90385,91385,92485,93185,94985,95885,97085,98285,99285,100185,101785,102685,103785,104785,106085,106585,107585,108585,109885
user759249448388715426,2188,3288,4088,5088,6088,7688,8688,9488,10488,11888,12688,14088,14488,15388,16188,16888,17588,18588,19388,20488,21288,22088,22788,23988,25088,26388,26988,27988,29688,30788,32088,32988,34188,35188,35988,36788,37688,38488,39588,40688,41888,42488,43188,44288,45088,46088,46988,48088,49488,50288,51388,52588,53488,53888,55388,56588,57488,58088,58788,60088,61088,62788,63088,64788,65488,67288,68388,69288,70088,70988,71588,71888,73088,74088,74888,75888,77288,77788,78288,78988,80588,81388,82188,83188,84188,84988,85888,86688,87588,88588,90188,91488,92788,94088,94788,95788,96688,97588,98488,99288
user1247108695845445988,2966,3466,4566,5366,6166,7466,8366,9366,10166,11166,12166,12966,13966,14766,15866,16766,17866,18666,19166,20066,21566,22166,23366,24066,25066,26066,26966,28366,28966,30066,30866,32066,33266,34366,35566,36366,37366,38166,39466,40266,41166,42466,42966,43566,44366,44866,46166,47266,48666,49266,50166,51366,52266,53466,54366,55666,56966,57966,59066,60566,61366,62466,63566,64766,65866,67166,67866,68766,70266,71666,72866,73866,75166,75766,76566,77066,78066,79066,80266,80866,81366,81666,82266,83166,84366,85566,86566,87466,88466,89866,90866,91666,91966,93566,94966,95766,96466,96966,98066,98766
user532732225143146983,1770,2870,3970,4870,6270,7170,8270,9070,9870,10970,12170,12370,13470,14470,15470,16570,17670,18370,19670,20870,21270,22670,23570,24770,25870,27070,27970,28970,30070,31170,32470,33170,34470,35570,36570,37570,38670,39570,40470,41370,41970,43270,44570,45270,46070,47170,48470,49170,50170,51070,51570,52570,53870,54670,55970,56970,57770,58970,59670,60970,62070,62770,63970,65770,66770,67570,68370,69770,70470,71170,72170,73370,74470,75670,76570,77970,78870,79570,80470,81670,82470,83570,84870,85970,87470,88670,90170,90970,91870,92470,92970,93970,94970,95570,96670,97470,98870,100670,101570,103170
user421878369568224943,1778,3178,4778,5878,6578,8378,9278,10478,10978,12378,13178,13878,14578,15878,17178,17878,18678,19378,20878,22178,23478,25378,26078,27178,28178,28778,29678,30678,31178,32078,33078,33878,34678,35978,37378,38478,38978,39778,41178,42178,43078,44278,45178,46178,46778,48878,49578,50678,51378,52378,53278,54378,54878,55778,56478,56978,57878,58778,60178,60878,61478,62178,62978,63678,64978,65678,66578,67378,68178,69178,70578,71178,72678,73678,74378,75378,76678,77578,78478,79478,80078,81078,82378,83778,84578,85578,86378,88078,89278,90378,91478,92178,93278,93778,94978,96178,97478,98478,99778,100078
user3005965046708406443,1981,2681,3681,4581,5481,6281,6981,7981,9081,10181,11081,11881,12781,13781,14881,15681,16681,17881,18881,20181,21081,21981,22681,23981,24781,25981,26981,27881,28781,29381,30481,31481,32381,33081,34281,35381,36281,36981,37481,37981,38981,39881,41281,42381,43781,44781,46081,46981,47681,48681,49581,50981,51881,53381,55081,56681,58081,59481,59681,60481,61481,62981,63781,64781,65481,66481,67581,69181,69581,69881,70881,72081,73481,74281,74881,75981,77081,78081,79081,80381,80881,81681,83081,83681,84681,85481,86581,88081,88981,89881,90781,91781,93081,94281,95781,96181,97081,98981,99981,100781
user7330941622364460005,1675,3275,3575,4775,5475,6075,7075,8775,9975,11475,12375,13675,14375,15075,15975,17375,18475,18875,20175,21475,21875,23275,24075,24775,25675,26775,28075,28975,29275,29775,30075,31275,32075,32975,34275,35375,36775,37575,38875,40575,41575,43275,44375,45675,46775,47675,49375,50975,51875,52775,53675,54475,55475,56875,57775,59075,60075,61375,61975,62975,64175,65075,66075,66875,67675,68375,69775,70475,71675,72575,73575,74675,75575,76475,77275,77875,78875,80675,81975,83075,84075,84975,85875,86775,87675,88675,89675,90975,92175,93175,93975,94775,96175,97175,98375,99575,100175,101575,102675,103775
user7215059939475971719,2171,2971,4071,5271,6371,7271,8471,9171,9971,10971,11571,12571,13371,14071,15571,16571,17071,18171,19471,20271,20971,22071,23371,24771,26071,26571,27371,28671,29871,30971,31471,32671,33471,34071,34571,35271,36471,37171,37871,39071,39971,40671,41871,43571,44671,45971,46971,48471,49371,49971,50671,51571,52771,53271,54271,54871,55471,56871,57371,58371,59271,60471,61771,62371,63471,64271,64971,66271,67371,67871,68771,69971,71071,71971,73371,74071,74771,75871,77071,77771,78471,79971,80571,81671,82571,83971,84871,86071,87271,87871,88871,89671,90271,91171,92771,93371,94371,95471,96171,96671
user763935630407983107,2285,3185,3585,4485,5385,6785,7885,8685,10285,11385,12085,13385,14685,16185,16785,17985,18585,19985,21285,22985,23785,24385,24985,25985,26785,28685,29985,30485,32085,32785,33585,34185,35185,36685,38185,39185,40285,40985,42185,43185,44185,44785,45985,46785,47685,48485,49785,50585,51885,52485,53585,54285,54985,55685,56485,57085,58485,59485,60685,61185,61985,62685,63485,64485,65185,67085,67785,68785,69885,70885,71685,72485,73285,74785,76285,77985,79185,80585,81885,83485,84085,85085,85985,87185,87985,88985,89485,90585,91485,92685,93785,95085,96385,97085,98185,98785,99685,100385,101185,102185
user8179944504032318020,2284,2984,3784,4984,5984,6684,7684,8684,9484,11084,11784,13184,13984,14584,15284,16684,17284,17684,18784,19784,20984,21984,23384,24584,25384,26884,27284,28584,29784,31384,32384,33384,34784,35784,36484,37584,39084,39684,40384,40784,41484,42384,43484,44484,45384,45984,46484,47984,49384,50784,51784,52784,54084,54784,55584,56684,57784,59384,60384,61684,62484,63884,64684,66284,66984,67984,68684,70284,70984,72084,73584,74584,76084,77284,78484,79484,80784,81684,82084,82784,83784,84784,85984,86884,87584,88884,90284,91084,91684,92984,93984,95284,96684,97784,98784,99984,100484,101084,101784,102784
user1482998283129549793,1779,2179,3579,4279,5279,6379,6979,8279,9479,10279,11179,12179,13079,14379,15979,17179,18679,20179,20879,22079,22979,23979,24479,25879,26479,27079,27979,28579,30379,30879,31879,32779,34279,35579,36679,36879,38679,39679,40679,42279,42979,43779,44679,45079,45779,47279,47879,49579,50079,50879,51379,52279,53479,53879,54879,55879,56779,57979,58679,60179,61079,62179,63279,64579,65379,66279,66679,67579,68779,69879,70679,71779,73179,74079,75179,76679,77779,79079,80679,81679,82679,83479,84379,85579,86279,87779,88779,89579,90779,91379,92879,93779,94279,95979,96979,98179,99579,100279,101179,102079
user4650619596219299956,2383,3383,4383,5383,6183,6983,8083,9583,10783,11383,12483,13283,14083,15583,16483,17383,18383,19083,20083,20883,22383,23483,24583,25383,26383,27283,28183,28883,29583,30783,31983,33483,34383,35583,36483,37183,38183,39383,40183,40483,41683,42083,42783,43983,45383,46783,47583,48083,49083,49883,50883,51983,53583,54783,55883,57483,58583,59683,60483,61783,63183,64083,65283,66583,67583,68283,69383,70083,71183,71883,73083,73983,74883,76383,76983,78283,79383,80283,81483,82483,83383,84183,85483,86383,87583,88683,89483,90583,91083,92183,92983,94083,95183,95983,97083,98483,99283,99883,101383,102483
user4042192483854813427,2281,3481,4681,5681,6381,7581,8381,9181,10081,10881,11581,12481,13981,15281,16081,16881,18281,19681,20481,21781,23081,24581,25881,26881,27781,28881,30381,31581,32581,33881,34981,36481,37481,38081,39081,39581,40881,41781,42581,44081,44381,44981,45681,46981,47581,48781,49781,50981,51581,52681,53481,54381,55481,56581,57681,58481,59981,61281,61981,62981,63781,65181,66481,67381,68181,69381,70981,72481,74081,75081,76181,77481,78681,79581,80181,80981,81781,82981,83881,84681,85581,86381,86881,87681,89681,90681,91481,92681,93781,94581,95581,96281,97481,98481,99681,100881,102081,102681,104281,104981
user6868534811834787757,2173,3373,4073,4573,6073,7873,8973,9873,11173,12173,13373,15273,16773,17673,18673,19873,20773,21973,23073,24773,25873,26473,27373,28073,28973,29673,30573,31473,32373,33573,35473,36473,37873,38873,39773,41373,41973,42973,44273,45373,45973,46673,47873,48473,49073,49973,51473,52373,53873,54673,55673,56873,57673,58973,60373,61173,62373,63073,63873,64873,66073,67373,68373,69173,70173,71673,72673,73873,74873,76573,77973,78273,79373,80873,82373,82773,83673,84973,85973,86473,86973,88273,89473,89873,90773,92173,92973,94373,95073,96073,97273,98673,100073,101373,102573,103673,104773,105473,106473,107173
user1699801497042284309,1976,2676,3376,4276,5276,5876,6776,7776,8976,9776,10776,11176,11776,12976,13976,14976,15676,16976,17676,18576,19376,20576,21576,22976,23876,25276,26076,26776,28476,29576,31076,32876,34276,35476,36976,37776,38576,39376,40276,40876,41976,43176,44076,44676,45276,46176,47076,47876,49076,49976,50576,51576,52976,53876,54976,56276,57476,58676,59476,60776,62176,62876,63476,63976,64876,66376,67476,68576,69176,70376,71176,71976,72876,73976,75076,76776,77476,78076,78976,80576,81376,82176,83176,84376,85176,85876,86876,87776,88576,89776,90676,91876,93276,94676,95376,96476,97876,99176,99676,100076
user3831195372985627488,2268,3168,4068,5068,6068,7068,8368,9068,9768,10968,12168,12568,13768,14868,16668,17568,18668,19668,20968,21868,23068,23568,24468,25668,26668,27768,28668,29868,30568,31568,31768,32468,33568,34368,35068,35768,36368,37268,38168,39068,40368,41568,42568,43468,44968,45868,46668,47468,48368,49068,50268,51168,52268,53268,54068,55068,56168,56968,58168,58968,59768,60468,62268,63568,64268,65568,66168,67068,67968,69368,70268,71468,72468,73568,74068,75168,76468,77468,78268,78768,79368,80268,81768,82568,83568,84468,85968,87168,88468,89468,90768,91268,91968,93168,93968,94568,95768,96468,97068,98168
user8059376639124562053,1873,2773,3973,5173,5673,6373,6973,8373,9273,10673,11573,13073,13773,15173,16173,17373,18273,19273,20573,21473,22073,23473,24973,25773,26973,28173,29373,30273,31173,32673,33973,35573,36673,37273,38673,39473,40773,41673,42573,43373,44473,45373,46373,47573,49073,50473,51573,53173,54373,55973,57273,58273,59073,60273,61873,62773,63673,65073,65573,66473,67173,68173,68973,69973,70773,71673,72073,72773,74373,75073,75673,76873,77573,78873,80373,80773,82273,83573,84673,85773,86873,88173,89273,90073,90973,91973,93473,94273,95173,95973,96673,97873,98573,99473,99773,101073,101973,102873,103673,104673
user8516755622340668055,1972,3472,3672,4172,5272,6172,7772,8872,10172,10672,11372,11972,12572,13872,14972,15572,16072,16772,17972,18872,19572,21272,22372,23772,25072,26172,26872,27572,28672,30072,30872,31372,33172,34172,34872,35672,36872,37872,38672,40172,41172,41972,42972,43672,44572,45672,46272,47672,48672,49172,50172,51772,53072,54172,55672,56972,58072,59072,59572,60472,61572,62572,63572,64772,65872,66872,68072,69572,70572,71472,72672,73672,74572,75572,76372,77472,78472,79172,79872,80772,81172,82772,83972,85072,86172,86572,87072,87772,88572,89672,90872,91772,92272,93472,95572,96872,97872,98672,99372,100272
user5475289961984380553,1779,2679,4079,4579,5179,6579,7779,8479,9479,10379,11879,12879,13379,13579,14279,14879,16479,16979,17779,18979,20079,21579,22679,23379,24479,25279,25779,26779,28479,29679,30479,31579,33179,34379,35179,36379,37279,38479,39379,40679,41079,41779,43079,43779,45079,46579,47179,48479,49379,50879,52179,52979,53979,55079,55579,56279,57079,57879,59179,60679,61679,62679,63679,65179,66079,66879,68279,69479,70379,71279,72379,72979,73779,75279,76779,77679,78979,80179,81179,82079,83079,84379,84679,85779,86679,87779,88179,89379,90179,90679,92079,93579,94879,95879,96979,97579,98379,99079,99779,100779
user4182406682646079131,2180,3080,4080,5680,6780,7480,8180,9480,10880,12080,13080,14480,15980,16880,17780,18580,19480,20180,20680,21480,22880,23380,24180,25280,25880,27480,28480,29580,30180,30680,31680,33080,33780,35180,36680,38280,39080,40080,40780,41880,43480,44480,45680,46880,47880,48380,49580,50980,52380,53080,53980,54780,55980,56780,57480,58580,59580,60380,61080,62280,63880,64780,65980,66580,67380,68480,69580,71080,72080,73380,73880,75080,76380,77080,78080,78980,80480,81380,82180,82880,83880,84980,86380,87280,88580,89080,89980,90480,91080,91980,93380,94880,96180,97680,99080,99880,101180,102380,103480,104580
user1357184275690385697,1781,3381,4081,4781,5981,7581,8981,10181,11081,12181,13081,14181,14681,15681,16881,17981,18481,19281,20681,21881,22681,23981,25281,25781,26681,27881,28481,30081,30881,31981,32481,33781,34581,35881,36681,37581,38081,38881,39381,40781,41681,42681,43581,44281,45281,46381,47081,48681,49981,50981,52281,52481,53581,54481,55481,56281,56981,57581,58981,59781,60881,61881,62581,63481,63981,64581,65081,66281,67981,69081,70381,71381,72681,73881,75081,75981,77081,78581,79781,80281,81681,82581,83081,83981,85181,86181,86981,88081,89481,90381,91281,92481,93681,94981,95881,96881,97381,98381,99081,99681
user3821263048434951678,2284,3684,4984,5484,6384,6784,7984,8784,10284,11184,12184,13784,14984,16184,17884,19284,20484,21184,21384,21984,23484,24284,24784,25484,26284,27284,28384,29284,30284,30784,31484,32084,32884,33484,34484,35184,36184,37084,37884,38584,39584,40484,41484,42184,43384,44384,45784,46384,47384,48684,49784,50184,51184,52484,54184,55184,56184,56984,57684,58784,60184,60784,61484,62284,63584,64284,65784,66884,67784,69684,70884,71684,72784,73584,75184,75984,76784,77784,78484,79584,80284,80984,81884,82884,83684,84884,86084,87384,88184,89584,91284,91984,92884,93384,94484,95684,96984,98384,99484,100384
user2051354451997034517,1883,2583,4483,5583,6283,7383,8583,9383,10683,12183,13083,14283,15283,15783,16683,17883,18583,19383,20983,21483,23083,24083,25283,26383,27183,27683,28583,29383,30183,30983,31883,32883,34083,35583,36283,37483,38683,39283,40283,41283,42583,43483,44483,45583,46583,47383,48283,48983,49983,50583,51783,52583,53483,54183,55583,56083,57483,58783,59783,60683,61783,62883,63883,64783,65583,66983,67883,68583,69283,70083,71983,73283,74383,75483,76283,77783,78883,79783,80483,82083,83483,84683,86583,87383,88283,88683,89883,90383,91783,92683,93583,94783,95683,96583,97783,98883,99783,101483,102083,103183
user3353610095373871301,1774,2574,3374,4374,5674,7274,7674,8174,8474,9274,10574,11474,12674,13274,14674,15774,16774,17774,18574,19774,20274,21274,22474,24174,25174,25874,26474,27374,28374,29474,31074,31774,33074,34174,35274,36474,37474,38374,39374,40174,41474,42574,43374,44374,45174,46674,47374,47874,49574,50774,51574,52274,53274,54374,54974,55974,56774,58174,58774,59874,60674,62474,63574,64874,65574,66574,68074,68874,69174,70174,71574,73074,74274,75374,76374,77774,78574,79374,80074,81074,82674,83474,85274,86574,87374,87874,89174,90274,91074,92174,93574,94974,96374,97574,98274,99474,100374,100874,102174,103174
user6756779350453426704,2681,3981,5281,6381,6981,8081,9081,10381,11481,12381,13181,14281,15281,16281,16681,17681,18881,20081,21381,22581,23681,25081,25681,26481,27181,28081,30181,31581,31881,33181,34081,34781,35681,36581,37881,38881,39481,40381,42081,43581,44181,45481,46481,47281,48181,49181,50681,51481,53181,54081,55281,56381,57281,58381,59081,60181,61181,62181,63081,63681,64781,65981,67281,68481,69181,69881,71281,72181,73081,73981,74581,75981,76781,77881,79181,79681,80481,81381,82681,83981,84981,86381,87481,88581,89381,90181,90981,91981,93081,94381,95481,96681,97581,98981,99881,101081,102281,103081,104281,104681
user4765941318595647794,1677,2277,3377,4477,5477,5777,6577,7777,8177,8677,9977,10877,11677,12377,13677,14577,15777,17077,18377,19477,20377,21877,22477,23677,24577,25377,25777,26777,27977,28777,29877,30677,31077,31877,32877,33477,35277,36577,37577,38777,40777,41577,42877,43777,45177,46477,46877,47577,48477,49277,49977,51177,51877,53077,54077,55377,56277,57777,58777,60177,61577,62677,63677,65077,66177,66677,67577,68777,69577,70477,71477,72477,73477,74777,76377,76977,78377,79377,80277,80977,82177,82977,83977,84577,85877,87577,88277,88977,90377,90977,92377,93377,94877,96277,97177,97877,98777,99477,100577,101477
user3343117810311055043,1577,2577,3277,4477,5277,6477,7277,8077,8877,10477,11877,12777,13677,14677,15877,16877,17677,18477,19777,20477,21477,21677,22877,23977,24577,25477,26677,28077,29077,29777,30977,31977,33377,34077,35877,36477,37477,38077,39477,40377,41577,42277,43177,43977,45177,46477,47377,48277,49177,49877,50877,51677,52877,53477,54177,55877,56877,58177,59177,59977,61577,63277,64377,65077,66277,67077,68377,69477,70477,71177,72277,73177,73877,74577,75477,76977,78277,79677,80677,81077,81777,82577,83677,84477,85577,86177,87477,88277,89877,90377,91277,92077,93277,93977,95077,95877,96977,98277,99077,99777
user2056600594528442646,2571,3271,4171,5371,6071,6771,7971,8771,10171,11371,12371,13571,14271,14971,15771,16971,18071,18671,19671,20771,21771,22771,23871,24571,26071,27171,28671,30071,30871,32071,33471,34971,35771,36971,38371,39671,40771,41371,42171,43371,44471,45371,46571,48071,48871,49371,50571,51171,52071,53771,54471,55571,56371,57671,58971,59471,60571,61471,62571,63171,64171,65071,65971,66871,67671,69171,70771,71671,72171,72771,73471,74771,75271,76371,77071,77971,78671,79671,80671,81871,82971,83971,85271,86271,87571,88671,89871,91271,92471,93571,94471,95371,96471,97571,99071,99771,100671,101671,102771,104071
user7576763534199239620,1573,2773,3573,4373,5273,6073,7173,8473,9173,10373,11173,12373,13373,14973,16173,17373,18773,19473,20973,21873,22673,23673,24773,26273,26973,27873,29173,29973,31273,32273,33173,34573,35873,36673,38273,39173,39973,40873,41873,43173,44873,45573,46373,47073,47973,49073,49573,50573,51873,52973,53973,54973,56373,57173,58073,59073,60073,61473,62273,63273,64273,64673,65673,66673,67273,68473,68973,69673,70573,71473,71873,72773,73273,74073,74873,75873,76873,78173,79173,80273,81273,81973,83473,84473,85373,86773,87273,88573,89473,90373,91373,92273,93073,93273,93773,94573,95873,96973,98273,99373
user2644821412497278990,1580,3180,4280,5580,7180,8580,9280,9780,10980,12480,13680,15180,16480,17680,19080,20280,21580,22780,23280,24280,24780,25880,27280,28580,29380,30080,31680,32980,34080,34380,34880,36180,36980,37780,38280,39280,40380,41680,42280,43580,44480,45280,46280,47680,48880,50380,52180,52680,53380,53780,54680,56280,56880,58180,58880,59580,60680,61980,62980,63980,65080,65880,66480,67980,69480,70280,71480,72680,73080,73880,74880,75980,76980,77980,79480,80280,80980,82480,83380,84080,84680,85380,86880,87680,88680,90080,91180,92480,93680,94980,95780,96880,97880,98780,99780,100880,102180,102780,103980,105180
user7596409868082749357,2281,3081,4381,4981,5481,6481,7681,8681,9781,10681,11381,12581,13381,14381,15881,17181,18381,19181,21081,22481,23981,25381,26281,27281,28381,29681,30681,31681,32381,33581,34481,35181,36581,37781,39181,39681,41081,41981,42781,43881,44881,45481,46381,47381,48181,49381,50281,51081,51881,53081,53481,54281,55281,55681,57181,58481,59881,60981,62581,63481,64481,65481,67081,68181,69081,69781,70881,72081,73681,74581,75481,76381,77181,78181,79281,80581,82181,84081,84581,85881,86681,87681,88481,89381,90481,91781,92481,93781,94381,95281,96381,97081,98181,99081,99881,100881,101581,102181,102781,104181
user990452853653551550,1876,3076,3976,4676,5876,6476,7076,8376,9476,10576,11476,12576,13476,14476,15776,16776,17776,18576,18976,20376,20976,21676,22476,23676,23976,24876,25476,25976,27276,28176,28976,29376,30176,31376,32276,33076,34276,35276,36376,37476,38776,39776,40676,42276,43376,43876,44476,45376,46176,47576,48576,49476,50176,51176,51676,52576,53676,54476,55276,55776,56776,57676,58276,58976,60176,61476,62076,62676,64276,65676,66476,67776,68476,69676,70876,71976,72676,73676,74376,74976,76976,77976,78676,79476,79876,80176,81276,82676,83576,84576,85576,86576,87376,88176,89376,90676,91676,92576,93976,94776
user5238840414188136300,2076,2876,3676,4876,6476,7876,8876,9476,10676,12076,12876,13376,14576,15276,15676,16376,17376,18576,19476,20676,22276,23276,24576,25376,26376,27076,28076,29276,29976,30876,31976,33076,33876,34776,35876,36376,37176,37776,38676,39176,40876,42476,43076,44076,45176,46476,47476,48076,48976,50576,51876,53576,54276,55376,56476,57676,59476,59876,60876,61276,62176,63176,63576,64376,65176,66176,67676,69176,70676,71076,71876,73576,74276,74776,75776,76876,77676,78676,79476,79876,80576,82176,83076,84376,85876,86876,87676,88976,89876,90776,91576,92476,93676,95176,95576,96176,97376,98576,99676,100476
user4997363039078325801,2182,3482,4182,5382,6582,7382,7882,8382,9082,9982,10982,12182,13682,14082,14482,15082,16082,17182,18382,19382,20782,21982,22982,23782,24782,26382,27282,28582,29182,29882,30782,32082,33282,34582,35382,36582,37482,37982,38782,39782,40982,42182,43082,44482,45582,46782,47382,49282,50382,51382,52382,53482,54282,54882,56082,56982,57982,59382,60782,61682,63082,63982,64782,65882,66882,68082,68482,69282,69682,70482,71282,72282,72782,73482,74882,76082,77082,78082,78582,79282,80682,81482,82382,83982,84982,86182,87182,87782,88382,89182,89982,90582,91182,91982,92782,93982,94882,95782,96382,97782
user2534185872140198833,1577,3077,4177,5277,5677,6477,7477,9177,9977,11177,12477,12977,14277,15077,16277,17577,18377,19077,20077,21277,22177,23777,24877,26477,27577,28677,29777,30977,31677,32877,33977,34877,35577,36577,37077,37477,38277,39077,39777,40777,41577,42677,43777,44577,46177,47077,48077,49277,50877,51877,52877,54477,55377,56177,57177,58377,59077,59777,60977,62477,63677,64477,66077,67077,68477,69177,70977,71777,72677,73477,74877,75677,76477,77677,79077,79977,80677,81277,82077,82777,83777,84677,85777,86877,87777,88977,89577,90777,91277,92277,92777,93677,94877,95577,96877,98277,98877,99777,100677,101577
user4298848326046707865,1979,3179,4679,5379,6079,7279,7979,8879,10379,11279,12579,13879,14879,15579,16079,16679,17379,18279,19779,20979,22279,23379,24279,25479,25779,26279,27679,28279,29779,30779,31879,32679,33579,34479,35379,36179,37079,38079,39179,40379,40979,42379,43879,45179,45879,47079,47579,48479,49179,50279,50979,51679,52779,53879,55179,56179,57579,58979,59579,60379,61879,62779,63579,64579,65179,65979,66779,67779,68579,69079,70179,70779,71679,72879,73779,75279,76279,76679,78079,78879,79579,80879,82179,83179,84179,85379,85979,86279,87279,88279,89179,90179,91279,91879,92879,94079,94979,95779,96579,97779
user4057152635719055483,2684,3484,4584,5484,6584,8184,9284,10184,10884,11984,12684,13884,14684,15684,17084,17884,19584,20384,20884,21984,22984,23884,24284,25284,26784,27884,29284,30084,30784,31484,32684,33784,34784,35184,36684,38184,38884,39484,40084,41484,42384,43084,43984,44984,45884,47284,48684,50284,50884,52284,53084,54084,55084,56184,56784,57984,59284,60284,61384,62484,63484,64984,65684,66284,67084,68284,69684,70784,71584,72784,74584,75184,76784,77484,78584,79084,79684,80684,81684,82784,83884,84784,85984,86984,88584,89684,91084,91784,92684,93484,94684,95684,97384,98184,99884,100884,101884,102684,103684,104384
user2428236513802386357,1872,2372,2972,4572,5272,6472,7472,8472,9372,10472,11272,12072,13372,14472,15572,16772,17772,18572,20072,20772,21772,22872,23472,24272,25272,26172,27972,28972,29672,30872,31572,32972,34072,34572,35372,36372,37772,38272,39572,40372,40972,42072,43172,43772,45272,46072,47472,48572,49972,51372,52372,53372,53972,55072,56172,57272,58372,58972,59472,60272,61172,61772,62772,64272,65272,65872,67172,67872,68972,69672,70172,70472,71672,73572,74672,75372,75972,77572,78272,79472,80072,80972,81972,83172,83872,85072,86472,87572,88272,88872,89972,90772,91972,93272,94072,94972,96072,97072,98172,99172
user5324583478130298591,2567,3467,4167,5267,6467,7867,8667,9767,10867,11667,12167,13467,14667,16067,17067,18267,19067,19967,20967,21967,23767,24667,26067,27067,27967,28767,29667,31167,31767,32567,33267,33767,34267,35267,35667,36267,36967,37767,38867,39967,40967,42267,42967,44167,45067,45467,46167,47267,48667,49367,49967,50667,51967,53367,54267,55667,56667,58267,59067,60267,61067,61867,63167,64367,65167,66067,67167,67867,68867,70167,71067,72267,72967,74667,75767,76667,77467,78667,79867,80767,81767,82767,83167,84167,84767,85967,87167,88567,89067,89867,90767,91867,92667,93867,95367,96067,96567,97367,97967,98467
user8893979329440318460,1774,2874,3874,5074,6274,6974,8074,8974,9574,10874,12374,13674,14174,15274,15974,17074,17974,18574,20074,21374,22274,23374,24574,25674,26874,27974,29074,30074,30974,32074,32874,33474,34474,35574,36574,37574,38274,39374,40774,41674,43074,43974,45074,46274,47374,48474,49574,50574,51574,52774,53174,54274,55674,56374,57374,58574,59874,60974,62274,63174,63774,64274,65774,67174,68574,69374,70074,70774,71774,73174,74374,75674,77074,78374,79174,79774,80674,81474,82574,83574,84774,85574,86574,87674,88674,90074,91774,93474,94474,95974,96774,97774,98874,99974,101074,102374,103774,105074,105674,106674
user7340655631697293932,1576,2276,3076,3976,5476,6276,7676,8776,9376,10976,12076,13476,14376,15976,17076,18176,19376,20476,21776,22676,23376,24076,24276,25176,26576,27776,28476,29176,30276,31276,32476,32876,34476,36376,38276,39076,40176,42076,43076,44176,44976,45876,46576,47676,48676,49376,50476,51776,52976,53576,54676,55476,56176,57376,58076,59076,59976,60776,60976,61576,62776,64276,64676,66076,66676,67876,68676,69276,70776,72376,73376,74276,75176,75576,76776,77976,78976,80076,80976,81876,82576,83676,84476,85976,87076,87976,89576,91276,91776,92576,93476,94176,95976,96576,97576,98476,98976,99976,100976,102076
user9104976440309504399,1969,3069,3869,5269,6469,7769,8869,10169,11269,12969,14769,16069,17269,18569,19369,20769,21869,22169,23569,25069,26169,27869,28569,29869,30869,31169,32269,32869,33869,34769,35769,37069,37669,38469,39669,40669,41369,42769,43969,45169,46469,47269,48669,49869,51069,52269,53069,53869,54969,56569,58269,58669,59669,61269,61769,62069,63569,64169,64969,66069,66669,68169,69269,70269,71169,72069,72869,73669,74569,75369,76569,77469,78269,79369,80369,80669,81969,82469,83669,84669,85569,87069,88469,88969,89769,90369,90969,91669,92469,93269,94469,95069,96669,97569,98769,99969,100969,101969,102969,103569
user1101648354522772155,1583,2883,3483,5183,5983,6983,7883,8583,9683,10883,12283,13183,14783,15683,16683,17283,18683,19283,19983,21083,22583,23483,24483,25483,26583,28083,29083,30783,31683,32583,33983,35183,35683,36383,37083,37883,38683,40283,41083,42583,44083,45483,46183,46983,47883,49483,51183,52683,53883,54583,55883,56983,57783,59383,60183,61483,62283,63483,64483,65583,66583,67783,68483,69583,70283,71083,72283,73483,74283,75183,75783,76583,77183,78683,79883,80883,82183,83283,84883,86183,87283,89183,90183,91383,92383,93083,94283,95183,96183,97283,98383,99683,101083,102683,103383,103983,105283,105983,106383,107183
user8743832806098376946,1478,2478,3178,4378,5278,6078,6878,7878,8578,9778,10178,11478,12778,13478,14478,15078,15578,16478,17078,18078,19778,20178,21078,22078,23178,23978,25178,26078,26878,27578,28778,29978,30878,31578,32578,34078,35578,37078,38078,38878,40078,41178,41678,43678,44678,45578,46478,47878,49278,49978,50978,52278,53378,54278,54778,55778,56678,57478,58178,59078,60378,61378,62178,63678,64478,65278,65978,66478,67578,68378,68878,69478,69978,71378,72578,73678,74478,74978,75978,76578,77378,78078,78778,80078,80978,81478,83278,84278,84978,85778,87078,87278,88278,88978,89978,90878,91378,92478,93278,94178
user2644479767202980425,1980,2980,3780,4680,5280,6280,7380,8580,9580,9980,11080,11880,12680,13780,14480,15080,16180,16980,17980,18780,19980,20480,21680,22380,23480,24380,25280,26380,27580,28580,29180,29680,30880,31880,32680,33880,35580,36280,37280,38080,38580,39280,40280,40980,41880,42580,43180,44480,45980,46980,47480,48680,49680,50880,52380,53180,54080,55280,56780,58180,59280,60380,61080,61780,63080,63980,65180,66280,66680,67380,68280,69280,70180,70980,72080,72980,74380,75580,76080,76980,78180,79080,80680,81280,82480,83380,84980,85980,86780,87980,88980,89880,90780,92080,93480,94280,95080,95680,96180,97080
user6873220993854055438,1678,3278,4178,5378,6378,7478,8278,9578,10678,12378,13478,14678,16078,16978,17978,18878,19878,20578,21378,22378,23378,24978,25478,26278,26878,27878,28578,29378,29878,30478,31078,31778,32478,33478,33978,34678,35678,36478,37678,38378,39578,40878,41578,42878,43478,44778,45978,47778,48678,49378,50778,51478,52578,53278,54278,55078,56678,57678,58678,60178,61578,62378,63278,63878,64678,65278,66178,66778,67478,68378,69478,71278,71878,72478,73278,74578,75978,76978,77878,79178,80078,80978,82078,82978,83578,84478,85778,86478,87378,88678,90078,91378,92078,92978,93378,95178,95778,97178,97778,98678
user8989654717933156561,1578,2378,3378,4678,5478,6578,7978,8678,9678,11078,11378,13278,14078,14778,15778,16878,18078,19078,20378,21878,22778,23578,24678,25178,26678,27778,28878,29778,30178,31378,32178,32778,33878,34778,35178,35978,37178,38778,39778,41078,42078,43078,44478,45978,46478,47378,48178,49178,50578,51478,52078,53178,54378,54878,55678,56378,57178,58678,59478,60778,61778,62778,63778,65078,66578,67878,68778,69978,70578,71078,72178,73578,74678,75778,77478,78478,79378,80278,81278,82278,83878,84778,85278,86578,87078,88078,89378,90578,91678,92478,93378,94578,95778,96778,97678,98878,99578,100878,101678,102878
user7928876449666130276,2581,3481,5081,6381,7581,8581,9781,10481,11181,12581,13481,14381,15181,16481,17681,19281,20381,21881,22581,23581,24181,25381,26281,27481,28981,30281,31081,31881,33081,34481,35181,35981,36781,37881,38781,39781,40281,41081,42281,42981,45081,47081,48181,48981,50181,51281,51681,53481,54381,55481,56681,57181,57981,58681,60081,61281,62781,63881,64881,65681,66681,67581,68381,70181,71181,72681,74181,75381,75981,77081,77881,78781,80581,81181,82781,84081,85181,86381,87281,87981,89381,90181,90481,91181,92681,93881,95281,96681,98081,99081,100081,101081,102181,102981,104081,105081,105481,106481,107081,108081
user8627391162697748212,2178,3678,4478,5678,6878,7678,8878,9878,10578,11378,12278,13078,13778,14678,15978,17178,18778,19778,21378,22178,23278,23878,25078,25878,27078,27878,29078,30178,31178,31878,33078,33678,34778,35478,36178,37278,37478,38278,38878,39478,40478,41278,42678,43378,44278,45478,46878,47978,48778,49878,50878,51778,52978,54578,55978,57078,58178,59178,59678,61178,62278,62978,64078,64778,65678,66978,68378,69478,69778,71178,72378,73178,73978,74678,75878,77178,77978,79178,80378,81678,82478,83878,84678,85478,86678,87978,89278,90078,91178,92178,92878,93678,94478,95978,96878,97478,98078,98778,100178,100778
user7566831209648563810,1872,2872,3772,5072,6072,7372,8272,8972,9972,10772,11872,13372,14172,14872,16172,17072,18072,19072,19672,21172,21972,22772,24072,25372,26872,27772,28372,29472,31172,32472,32972,33472,34272,35572,36172,37272,38172,38772,39772,40572,41672,43372,44472,45272,46472,47972,49172,49872,50672,52272,53072,53872,55072,57172,57872,59072,60572,61672,62172,63072,64172,65072,65972,66872,68772,69672,70172,71472,72672,73572,74272,75372,76572,77472,79172,79972,80972,82372,82772,83772,84672,85872,86972,88272,88872,89472,90772,91772,92372,93172,94972,95572,96972,98072,99272,100272,101272,102272,103172,104172
user3233042230466115334,2483,3483,4483,5783,6583,7383,8583,9983,10783,11683,12783,14483,15783,16683,17483,18383,19883,20483,21683,22283,22883,24583,25583,26383,27183,27783,29183,30083,31383,32583,33183,34683,35883,36983,38283,39283,40383,41883,42483,43683,44783,45783,46683,47283,48383,48883,49483,50983,51983,52683,53683,54883,55683,57183,57783,59083,60583,61683,62483,63583,64483,65383,66483,66983,67983,69183,70183,70683,71783,72783,73483,74683,75283,77083,77683,79183,80483,81083,82283,83583,84483,85183,86083,86883,87783,88583,89383,90483,91283,92383,93583,94783,95583,96883,98083,98883,100383,101283,101883,102683
user7224992264026647529,1685,2085,2985,3685,4885,5785,6185,7685,8585,9785,10785,12285,12985,13785,14485,15785,16985,17885,18785,19985,20785,21185,22485,24285,25785,26085,27585,28485,30085,31085,31885,33085,33885,35085,36185,37485,38185,39685,40485,41385,42385,43485,44685,45785,47185,47985,48985,50085,50985,51885,52985,53585,54485,55285,55785,56585,56885,57685,58785,59085,59685,60485,61285,62485,64085,64785,66685,67385,68685,69785,70885,71785,72485,72985,73585,74585,75585,76285,77285,77985,79285,80485,81685,82585,83085,84185,84985,85585,86385,87585,88085,89385,90685,91285,91885,93085,93985,95385,97085,98085
user4882382961996276528,1972,3272,3772,4372,5272,6572,7472,8372,9072,10272,11172,12572,13272,14372,15172,16372,17672,18672,19772,20772,21472,22872,23872,24672,25472,26772,27972,28572,29372,30372,31072,32372,33072,33772,34672,35572,36672,37672,39072,40372,40872,41972,42672,43572,44072,44772,45472,46872,48072,49272,49872,51172,51772,52772,53572,54872,55772,56772,57572,58072,59272,60772,61672,62672,63372,64672,65972,67172,68672,69972,70872,72072,72972,73872,74772,75972,76372,77772,78672,79972,80572,81472,82372,83072,84272,84972,86072,86672,87772,89172,89972,90672,91372,92072,92772,94672,95472,96472,96972,97872
user5802168755742054778,1882,2282,3282,4482,5682,7382,8282,9882,11282,12482,14382,15182,16282,17882,18982,20082,21282,22282,23982,25182,25882,26382,27482,28682,29682,30882,32082,33082,34282,35682,37182,37982,38482,39382,40182,41082,41882,43382,44482,45782,46782,47882,49182,50182,51382,52382,53582,54782,55782,56882,57982,58182,59082,60382,61182,61982,62782,64182,64882,66382,67282,68082,69082,70082,71282,72182,72982,73982,74782,75382,76482,77582,78382,79182,79982,80982,82282,83182,83582,84782,85482,86482,87582,89082,89982,90882,91882,93282,94282,94682,95382,96482,97082,98482,99082,100282,101182,101882,103082,103982
user402013720466873323,1875,3075,3975,4975,5775,6775,7375,8375,8975,9475,10875,11775,13275,14375,15675,16475,17475,18375,19675,20275,21075,21775,22275,23575,24175,24775,25675,26475,27475,28575,29575,30375,31675,32975,33775,34775,35675,37075,37675,38475,39575,40775,42275,43075,43675,45275,45875,46875,47675,48675,48975,50375,51475,52375,53475,54575,55475,56675,57675,58875,59675,60375,61375,62175,63375,63975,64875,66075,67475,68075,69175,69875,70375,71075,71975,72775,73975,74975,76175,76775,77675,78275,79175,80375,81575,82775,83475,84875,85875,86675,87875,89075,90375,90975,91775,92775,94075,95575,96875,97775
user5364654421627300396,1674,2574,3574,4274,5374,6074,6774,7474,8574,9474,10574,11674,12774,13774,15074,15874,16774,17274,17974,19374,20474,21774,22674,23474,24574,25274,26974,27774,29074,30574,31674,32574,33474,34774,35674,36774,37774,38374,39674,41374,41974,43274,44274,46074,47374,48374,49474,50274,51074,52174,53374,54274,55174,55574,57274,58174,59274,60074,60774,62174,63174,64474,65374,66774,67874,68974,69774,71174,72174,72974,73674,73974,74974,76574,77274,78174,79074,80374,80874,81674,82374,83874,84874,85874,86874,87974,89174,90474,91474,92574,93674,95074,95674,96974,97874,99174,100474,101374,102074,103374
user6399761937749426484,2685,3985,4985,5785,6285,7285,8385,9485,10485,11185,12485,13285,14685,15385,16185,17385,18685,19985,20785,21885,23185,24285,25185,26185,27585,28685,29885,30485,31885,33085,33485,34385,35285,36285,37285,38185,38985,40285,41185,42085,42985,43485,44785,46085,47385,48885,50185,51485,52185,52685,53285,53985,54785,55485,56685,57985,59685,60085,61385,61985,62785,64085,64585,65385,66085,66885,67785,68885,69985,71985,72985,73785,74885,75285,76085,76785,77485,78285,79485,80985,82085,82885,84085,85185,86185,86685,87285,88285,89385,89785,90685,91785,92285,92885,93585,94485,95185,95485,96585,97185
user880377273808611841,2085,2885,3685,5085,5785,6685,7285,7985,8785,10585,11685,12485,13385,14485,15485,16885,18085,19785,20685,21485,22585,23385,24485,25685,26485,27185,28385,29285,29785,30885,32585,33785,34585,35985,36785,37785,38685,39985,40685,41785,43185,44385,45285,45785,46885,47685,48585,49785,51385,52285,53285,54585,55685,56585,57585,58285,58885,59385,60085,60785,61585,62485,62985,63585,64585,65185,66085,66985,68885,69885,71285,71985,72485,73885,75185,76485,77385,78385,79585,80085,81085,81585,83285,84085,85285,86985,87785,88485,89685,90685,91885,92485,93685,94385,95085,96285,97585,97885,98885,99785
user3565167166755197688,1681,2581,3181,4481,5281,6181,6981,7781,8681,9781,10481,11581,12481,13981,14781,15581,16781,17881,18981,20181,21181,21981,23081,23781,24581,25681,26581,27481,29281,30081,30881,31681,32781,33581,34781,35681,36581,37581,38581,39981,40681,41581,42281,43481,44081,44781,46081,47181,47981,49381,50581,51481,52381,53481,54781,55881,56681,57481,58081,58981,59281,60781,61781,62781,63481,64881,65881,67181,68181,69381,70481,71081,71781,72481,73981,74681,75481,76381,77381,78281,79681,80381,81181,81681,82481,83381,84581,85281,85981,86881,87681,88681,89781,90681,91181,91981,93181,94081,94881,95781
user3233260545683957217,2180,3480,4280,5080,5880,7380,8580,9680,10380,11180,12380,13780,14780,15580,16880,17580,18280,19780,20880,22280,23280,25080,26680,27480,28180,29080,30080,31580,32280,33380,34180,34780,35580,36780,37880,38780,39680,40280,40980,42080,43380,44780,45880,47080,48180,49480,50380,52380,53680,54380,55080,55580,57080,58180,59580,60680,61880,62580,63780,64780,65780,66380,67580,68580,68980,69480,70680,72480,73380,74480,75880,77080,77680,78780,79880,80680,82280,83380,84480,85580,86180,86880,87480,88380,89980,90980,92080,92780,93580,94480,95780,96780,97680,98180,99680,100980,102480,102780,103780,104780
user1931004902307120433,1975,3175,4675,5875,7175,7975,8775,10075,10775,11775,12875,13975,14675,15575,15975,17175,18475,19375,20475,21675,22875,23575,24275,25475,26575,27475,28475,29375,30475,31175,32275,33175,34775,35575,36375,37075,37475,38175,38875,39775,41075,42375,43175,44075,45075,46375,46875,47575,48675,49575,50675,51575,52775,54975,55575,56375,57875,58475,60275,61375,61975,63675,64975,65975,67475,68175,69675,71275,71975,72475,74175,75575,76275,77175,78375,79775,80675,82175,83275,83775,84575,85575,86975,87675,88575,89475,90375,91075,91775,92775,94075,94975,95475,96275,97275,98075,98875,100175,100875,102075
user4756227309262813867,1776,3476,4376,4776,5676,6676,7876,9276,10376,12076,13276,14276,15576,17076,18476,19476,20776,21776,22676,23676,24876,25976,26976,27376,28276,28976,29876,31276,32176,33076,33876,34676,35676,36176,37776,39076,40076,40976,42276,42976,44176,44976,45776,46876,47976,48476,49376,50376,51676,52876,54176,54876,55676,56576,57676,58476,59176,59376,60276,61176,62376,63876,64676,65776,67076,68376,69176,70176,71276,71876,72476,73676,74376,75876,76576,77476,78776,79576,81276,82376,83076,84676,85276,86476,87576,88576,89776,90776,91976,92676,93876,94676,95676,96376,97476,98976,99676,100576,101376,102176
user4038066262347686194,2288,2988,4488,5988,6888,7688,8888,10688,11488,12588,13088,14388,15088,16588,17788,18888,19888,21088,22588,23888,24688,25488,26088,27388,27988,28588,29888,31488,32388,32988,34188,34988,35588,37288,37888,39188,39688,40488,41488,41888,42488,43288,44188,45088,46088,47288,48288,49188,49788,51188,52088,53388,54888,56088,57288,58788,59688,60088,60588,62288,63288,64388,65988,66988,68088,69288,70088,71488,72288,73988,74788,75788,77288,78388,79188,79588,80788,81288,81888,82888,83888,85088,85488,86388,87588,88388,89888,90488,91688,93288,94388,95488,96388,96888,98088,98988,99988,100688,102188,103088
user8637323487248424022,1473,2373,3873,5473,6573,7673,8573,9973,10573,11473,12973,14373,15273,16273,17973,18473,19273,20573,21773,22873,23773,24673,25973,26873,28073,29073,29473,30473,31073,31673,32773,33573,34173,35073,36773,37573,38473,39773,41673,42073,43273,44273,45373,46173,47173,48673,49673,50673,51673,52973,53973,54773,56273,56873,57973,58773,59873,60773,61573,62673,63973,64673,65573,66573,67573,68773,69573,70673,71273,72273,72773,73873,75173,76173,77073,78273,79173,80073,81073,81973,83073,83773,85173,85973,86873,88173,89173,90973,91673,92773,94073,95473,96673,97673,98473,99073,99473,100673,101673,102773
user9110004267623070645,2069,2869,3869,4469,5869,6569,7769,8669,10269,11269,11969,12869,14069,14669,16069,17269,18469,19669,20669,21769,23069,24569,25569,26569,27969,29169,29869,30769,31569,32869,33669,35069,36569,37569,38769,39569,40269,41669,42569,43469,44169,44869,46269,47169,48169,49369,50269,51169,51969,52769,53869,54469,55769,56769,57969,58969,60069,60969,61769,62569,63669,64069,64769,65969,66769,67869,68669,69769,70669,71469,72269,73269,74569,75869,76769,78169,78669,79569,80569,81169,81969,83569,84369,85769,86669,87369,88269,89269,90369,91569,93069,94169,96569,96869,97769,98769,100069,101169,102769,103469
user55488592825689361,1775,2375,3375,4575,5775,6075,6875,7575,8675,9875,11175,11975,13175,14075,15075,15975,16875,17675,18275,18675,19375,20475,21675,22575,23375,24275,25175,26075,27175,27575,28575,29275,30275,31375,32175,33075,34375,35175,36475,37675,38475,40175,41475,42675,44075,45175,45875,46575,47375,48575,49975,51275,52175,53675,54775,55775,56675,57375,58775,60475,60975,62075,62575,63375,65175,65675,66775,67575,68675,69975,70775,71775,72475,73375,74575,75275,76175,77175,78175,79375,80075,81675,83275,84375,85275,86475,87175,88575,89675,90175,90975,91975,93275,94375,95675,96775,97475,98975,100175,100775
user2528939729608790704,1881,2881,4081,5481,6581,7581,8281,8881,9681,10381,11481,12081,13081,14081,14781,15681,16881,17281,18781,19581,20281,21381,22381,23281,24681,26181,26481,28181,29181,29681,30481,31281,32281,33481,34381,35181,36081,36881,38481,39581,40481,41881,42381,43381,44781,46281,47481,48281,48981,49881,50881,52681,53781,54681,55581,57281,58181,59081,60081,60981,61881,62981,63681,64781,65781,66381,67281,68881,69281,70481,72281,72981,74181,75681,76881,77681,79181,80481,81081,82181,83281,83981,84881,85481,86281,87081,88281,89581,90281,91481,92181,93081,93981,94581,95881,97181,98081,98981,100181,101181
user5460329810120138497,1878,3278,4378,5178,6178,6978,7378,8278,9178,9978,11178,11778,13178,14078,15778,16378,17678,18178,18778,19978,20778,21378,22078,22778,24078,24878,26278,26978,27478,28978,29778,30578,31778,32778,33478,34278,35178,36578,37278,38278,39378,40278,41378,42378,43478,44178,45478,46478,47578,48678,49778,50278,51378,52478,53578,54378,54978,55878,56778,57778,58178,59078,59478,60178,61778,62578,63478,63878,64578,65378,66678,67778,68878,69578,70478,71078,71678,73278,74278,75378,76078,77378,77978,78678,79878,80878,81778,82478,83478,84478,86078,86978,88078,88978,89878,91178,92178,92978,94078,94878
user166342448400611401,1981,3081,3881,4981,5681,6681,7781,8481,9481,10381,11681,13281,13981,14981,15681,16281,17481,18581,18881,19781,20681,22081,23381,24081,24981,27081,28181,28881,29481,29981,30481,31181,32181,32881,34481,35481,36181,37581,38681,39981,41181,42181,42781,43881,44781,45681,46981,47381,48181,49381,50181,51381,52681,53781,54981,55781,56881,57781,58681,59781,60581,61481,62781,64281,65281,66481,67481,69181,69881,70881,71581,73081,74181,74581,75281,76281,77681,78781,81181,82581,83481,84281,85181,85981,86681,87681,88381,89281,90681,91781,93281,94081,94881,96281,97481,98081,99481,100281,101381,102281
user60393090062798925,1480,2380,3480,4780,5480,6780,7480,8380,9180,9780,11180,12080,13180,13980,14980,16280,17380,18080,18680,19580,20680,21980,22880,24280,25080,25680,26880,28480,28880,30280,31580,32080,32880,33380,34680,35480,36680,38080,39580,41380,42980,43880,45380,46580,47180,48380,48980,50280,51180,52280,53380,54480,55380,55980,56880,57180,57880,58580,59580,60480,61480,62480,63080,64080,64880,66480,67180,68080,69180,70480,71880,72680,73280,74380,75380,76480,77380,78680,79480,80280,81680,82980,83480,84380,85580,86780,87780,88580,89580,90180,91680,92480,93680,94580,95580,96580,97380,98080,99380,100480
user3700135223015055263,2079,3479,4179,5479,6079,7179,7979,8779,9079,10079,11179,11679,13079,13479,14479,15079,15779,17079,18179,18979,20179,21479,22279,22879,23879,24979,26279,27679,28279,29379,29879,30779,31879,32679,33779,34579,35079,35979,36979,37979,39379,40079,40879,41779,42679,44079,44879,46079,46879,48179,49379,50079,50679,51879,52579,53879,54479,55979,57079,57479,58579,60079,61079,61679,63079,64279,65179,65879,66579,67779,68379,69479,70579,71279,72679,73579,74579,76279,77379,78479,79379,79579,80779,81879,83379,84479,85379,86179,87479,88379,89379,90079,90979,91979,92679,93179,94079,95379,96179,97079
user768963457721549353,1980,2880,3780,4180,5080,6180,7480,9080,11080,12380,13280,14380,15180,15980,16380,17080,17980,19180,20580,21980,23080,24080,24380,24880,25780,27380,28080,28980,29480,30880,31580,32580,33480,35080,35980,36580,37680,38680,39680,40880,41880,42980,43880,45580,46980,47680,48480,49680,50780,51580,52580,54080,55180,56180,56880,57980,58080,58980,60080,60480,61380,62280,63080,64380,64880,65980,66880,67180,68480,69080,70080,70680,72180,73080,74080,74680,75780,76780,77980,79180,80380,81880,83180,84280,85380,86780,87980,89280,90280,91080,91980,92880,94180,94680,95380,96680,98080,98680,99480,100280
user8174698361500909891,2183,2883,3983,5583,6483,6983,8183,8983,10183,11283,12183,13583,14583,15983,17383,18583,19483,20383,21283,21883,23083,24183,24983,26383,27283,27983,29283,30483,32183,33983,34683,35483,36083,36883,38183,38983,40183,41383,42483,43883,44983,46183,46783,47283,48083,49283,50383,51683,52583,53683,54583,56183,57283,57983,59283,60583,61883,63383,64083,64883,65483,66783,67883,69883,70383,71383,72783,73783,75083,75583,76983,78183,79583,80383,81183,82283,83183,84383,85283,86083,87883,88183,89083,89883,90883,92083,92983,93683,94283,95383,96683,97283,98683,99983,101583,102683,103583,104283,104983,105783
user5817347222824138717,1875,3275,4175,4975,5875,6775,7675,8575,9775,10375,10975,12275,13475,14775,15975,17075,17575,18375,19775,20975,22675,23475,24675,25575,26175,27575,28675,29775,30575,31375,32375,33075,33275,34175,35275,36675,37475,38875,39775,40775,41775,43175,44075,44875,45775,46775,48575,49675,50575,52075,53075,53675,54475,55075,55875,57075,57575,59075,60375,61275,62275,63475,63875,64975,65675,66675,67175,68175,68875,69975,70975,72475,73975,74775,75675,77075,78075,79275,80075,80875,81775,82875,83775,84475,85975,86775,87775,89075,90075,90975,92175,93275,94375,94875,95875,96875,97975,98975,99675,100575
user5113586367261112652,2278,3478,5078,6378,6678,7178,8478,9478,10878,11778,12378,13278,14078,15078,15778,16778,17778,19378,19878,20778,22178,22578,23278,24678,25378,26278,27278,28278,28778,29878,31178,32378,33378,34278,35178,35978,37278,38278,39378,40178,41378,42178,42978,43978,44978,45778,47078,47878,48478,49378,50778,51478,52678,54078,55078,56978,57278,58478,59478,60278,60878,61778,62578,63278,64278,65578,66978,68078,69378,70378,71178,72278,72978,73778,74878,76178,77378,78378,79078,79878,80778,82178,82778,83778,84878,85778,86778,87478,89078,90078,90478,91378,92078,93478,94278,95078,96078,96878,98178,99178
user4153387984724034032,1983,2983,3583,4483,5483,6383,7683,8383,10083,10883,11783,12483,13183,14583,15283,16283,16883,17683,18483,19483,20383,21783,22583,23583,24683,25783,26683,27883,28583,29683,30483,31183,32283,32883,33883,34683,36183,37283,38283,38883,40183,41583,42783,43483,44083,45183,45983,46883,47683,48783,50083,51183,51783,52883,53683,54083,54383,54983,55683,56383,57883,58483,59583,60383,61483,62483,63183,64683,65483,66083,66883,67983,69183,70283,71583,72783,73683,74783,76083,77083,77783,78783,79583,80783,81883,82883,83883,84883,86283,86783,88383,89283,90283,90883,91783,92483,93783,94783,95983,96783
user2166894489591224238,1878,2878,4178,4878,6078,7378,8178,9178,10078,10878,11678,12678,13378,14778,15978,16878,17478,18778,19478,20278,21678,22378,23178,23978,24578,25878,27378,28478,29278,31178,32478,34078,35378,36578,37578,38578,39778,41078,42078,42978,43478,45078,46078,46678,47578,49078,49678,50778,51778,52778,53478,54778,55978,57178,58278,59178,60178,61178,62578,64078,65578,66978,67578,68378,69278,70178,71278,71978,72578,73378,74878,75778,76878,78378,79378,80578,81178,82678,83378,83778,83978,85178,85778,86578,87878,88978,89778,90278,91578,92878,93478,94378,95578,96478,97078,98378,98878,100178,101378,102378
user865198806726527902,2079,3279,4279,5179,6579,7779,9379,10579,11879,12679,13879,15179,16079,17079,17879,19179,20179,21379,22679,23079,23779,24879,26379,27379,28679,29579,30079,31479,32379,33579,34179,34979,35979,36679,37979,38779,40279,41379,42679,43379,44279,44779,45579,46879,47079,47879,48479,49379,50579,51679,52379,53479,54279,55279,57379,58679,59479,60179,61079,62179,62679,63379,64479,65279,65979,66979,68379,69679,70379,70979,72079,73579,74579,75479,76379,77479,78279,78879,79779,80979,81479,82879,83779,85079,86279,87179,88179,88779,89879,90979,91979,93279,94579,94979,96379,97179,98479,99279,99979,101379
user1353058054183258464,1481,2481,3881,5281,6381,7381,8581,9081,9681,10181,11481,12181,13181,13881,15181,15981,17381,18881,19781,20381,21281,22281,23281,24381,24981,26381,27181,28681,29381,30481,32181,32881,33781,34081,35281,36881,37681,37981,38981,39781,40381,41081,42081,43281,44281,45381,46081,47381,48381,49581,51381,52581,53481,54281,55181,56481,57681,59181,60781,62081,63281,63881,65581,66981,67981,68881,69781,70781,71581,72181,73581,74581,75481,76481,77681,78581,79881,80381,81181,81881,82681,83781,84481,85281,86581,87581,89181,90281,91081,92281,93281,94381,95781,96881,97981,98981,100381,101381,102181,103481
user6390389573710891122,1982,2482,3182,4082,4682,4982,5382,6782,8482,9282,10582,11782,12682,13082,14282,15182,16782,17482,18382,19282,20282,21182,21582,23082,23782,24882,25382,26082,27282,28382,29982,30782,31882,32982,33382,34182,34982,36182,37482,38382,39282,40582,41782,43382,44182,44982,46482,47282,48282,49882,50782,51582,52282,53482,54882,56482,57182,57882,59382,60382,61482,62082,63582,64282,64982,65782,66882,67682,68482,69682,70382,71482,72582,74282,75082,76082,77382,78682,79382,80082,81582,82982,84182,85482,86582,87282,88282,89382,89982,91482,92182,93482,94682,95382,96482,97282,98282,99282,100482,101282
user9125182734705154584,1878,3378,4378,5578,6178,7278,7578,8778,9478,10078,10978,12078,12978,13778,15078,15678,16578,17778,19078,19878,21178,21578,21978,22578,24178,25278,26078,26878,27578,28878,30278,31178,32978,33578,34378,34778,35778,36778,37978,38978,39678,40178,41178,41978,43678,44678,45878,46778,47478,48478,49578,50678,51378,52278,53278,54478,55278,56078,57878,59078,59878,60778,61278,62378,62778,63978,64878,65678,66778,67278,68578,68978,69778,71378,72378,74078,75078,75778,77178,77878,79678,80578,82178,83578,84378,85278,86578,87178,88778,89378,90578,91878,92578,93478,94178,94978,96478,97578,98178,98978
user9206239616628049194,1786,2286,3586,4386,5686,6586,7586,9286,10086,11086,12186,13186,14086,14786,15286,16386,17586,18686,19686,20086,20886,21186,22186,22986,24086,25786,26386,27386,28286,29186,30286,30986,31486,32286,32886,33986,35486,35986,36786,37886,39086,40186,41686,42786,44086,45386,46586,48086,49286,50286,51286,52186,52986,53886,55386,56686,57486,58386,59686,60286,61386,62486,63386,63986,64886,65786,66786,67486,68486,69086,69686,70586,71886,72686,73186,74486,76086,76986,78486,79286,80886,81986,82386,83386,84386,85186,86386,87886,88386,89186,89986,90686,91686,92686,93786,94886,96086,97586,98786,99986
user5566279168457950973,1389,2589,3589,4489,5289,5989,7289,8589,9389,10289,11389,12789,13589,14589,15689,16989,17789,18889,19789,20689,21489,22589,23189,23889,24689,25589,26789,27589,28089,28689,29189,29689,30589,31889,32989,33789,35289,36289,37289,38489,39189,40089,41189,42589,43189,44089,45489,46689,46989,47989,48989,49789,50989,51789,53089,53989,55289,56289,57189,58289,59189,59789,61089,62389,63889,64289,65289,66289,67189,67989,68989,70289,71889,72689,74389,75389,76689,77289,78089,78989,79689,79989,80889,82089,83189,84389,85289,86789,87689,88689,89689,90689,91989,92789,93489,94989,95489,96789,98089,99289
user5460111494902296614,2281,2881,3981,4981,5781,6781,7781,8581,9681,10681,11381,12081,12681,13281,14281,15781,16581,17681,18781,19581,20881,22181,23781,24581,25781,26881,28181,28881,29581,30481,31381,31781,32981,34181,35181,35781,36581,37481,38281,39381,40381,41681,42781,43681,44281,45281,46381,46981,48081,48981,50381,51681,52781,53581,54981,55881,56481,57281,58381,58981,59881,60781,61581,62781,63681,64981,66381,67181,67881,68881,69781,70581,71481,72181,73181,73981,75481,76081,77681,78881,79981,81081,82581,83181,84081,84781,85681,86381,87281,87881,88681,89681,91381,92381,93381,94681,95881,96381,97381,98281
user7572077352179971939,1985,2585,3585,4985,6285,7285,8385,8985,9885,10685,11185,12185,12685,14285,15685,16885,18385,19485,20585,21185,22685,23085,23785,24885,25285,25885,27085,28085,29185,30385,31085,31985,33185,33585,34785,35785,36485,38085,38785,39485,40985,42285,43585,44785,45485,45685,46585,47385,48485,49785,50985,51685,53085,53485,54185,55085,56185,56685,57185,57885,59885,60985,62585,63885,64785,65885,67285,67985,69585,71285,72185,72885,74985,75585,76185,76985,78585,79485,80685,81585,82485,83185,83885,84685,85585,86785,87585,88385,89285,89785,90685,91785,92785,93885,94985,95585,97085,97885,99285,99885
user5932668945200486555,1979,2979,3979,5679,6579,7679,8379,8979,9779,10179,11779,12779,13879,14879,15679,16679,17679,18879,19779,20779,21579,21979,23279,24179,25079,25679,26579,27579,28779,29779,31579,32479,33279,34579,35479,36279,37279,38479,40279,40979,42179,43379,44279,45279,46079,46879,47779,48479,49779,50879,51779,52579,53079,54379,54879,55879,57079,58079,59379,60779,61979,62379,63179,64179,65479,67379,67879,69079,71279,72279,73779,74579,75979,77079,78679,79279,80579,81679,83379,84479,85179,85779,86779,87579,89179,89879,90679,91479,92579,93679,94579,95479,96579,97279,98179,99179,100579,101479,102779,103579
user3926870761478465589,2189,2789,4189,5289,6289,6889,7389,7989,9589,10689,11589,12789,13489,14389,15689,16589,17789,18489,19189,20589,21289,22389,23289,23989,24889,25689,26489,27389,28789,30089,31589,32589,33289,34389,35389,36389,37689,39589,40789,41789,43089,43989,45089,45989,47089,47989,48689,49589,50589,51289,52389,53489,53989,55489,56489,57389,58789,59389,60589,61689,62189,63789,64989,66089,66889,67889,68689,69889,70889,71889,73089,73989,75189,75789,77189,77889,78389,78989,79889,81089,81789,83289,84289,85389,86189,87889,88889,90089,90789,91989,92989,93889,94989,96789,97589,98489,99889,101389,102589,103189
user296624322641201295,2390,3790,5190,6490,7390,7890,9590,10390,11490,11790,12890,14090,14990,16290,17490,18190,19090,19990,20690,21690,22490,23290,24590,25890,26290,27390,28290,29790,30390,31190,32890,33890,35590,36490,37790,39490,40390,41290,41790,42690,43890,44990,45990,47290,48190,48990,50090,51090,51890,53090,53990,54990,56290,56990,57890,58690,59390,60290,61290,62590,63290,64090,64990,66290,67090,67890,69190,69690,70490,71690,72390,73190,74390,75390,76090,77090,78190,78990,80290,80890,81990,82890,83890,84490,85490,86190,87190,88790,89890,90690,91190,92890,93690,94090,95290,96290,96890,98090,99590,101190
user8039170344728911868,2385,3485,4485,5485,6485,7585,8385,9185,10085,10785,11685,13185,14085,14885,15685,16485,17385,18485,19785,20985,22185,23085,24385,25585,26585,27785,29485,30585,31585,32585,33585,34685,35585,36885,37985,39485,40485,41285,42185,42885,43485,44185,45385,46385,46985,47985,48885,50085,50785,51385,52185,53285,54385,55585,56785,57985,59285,60285,61585,63085,64085,65285,66285,67185,67985,69085,70285,70885,72385,73785,74785,75685,76485,77685,78685,79585,80585,81385,82385,83285,84685,85285,86685,88085,89385,89885,91285,92085,93185,93785,94785,96085,97285,98785,99885,101185,101985,103185,104685,105785
user6038618303538299031,1977,2977,4177,4777,5877,7177,8277,9177,10077,10977,12077,12577,14377,15577,16477,17377,18477,19177,19477,21077,22477,23777,24277,24977,25777,26577,26877,27677,29077,30677,31677,32477,33177,33777,34377,35377,36677,37877,39777,40877,41677,42777,43577,44277,45277,46677,47377,48577,49477,50777,51477,52377,53477,54877,55977,56777,57777,58977,59777,60377,61077,62177,63077,64077,65377,66977,67777,68677,69477,70277,71177,72277,73177,73677,75077,75677,76277,77477,78677,79777,80477,81277,81977,83077,84477,84977,86077,86977,87577,88877,90377,91277,91877,92777,93777,94877,96377,97177,98177,99077
user2417744228739570099,2378,2678,3678,4778,5878,6678,7478,8278,9578,10578,11278,12778,13778,15078,15778,16578,17678,19078,20178,21478,22278,23378,24778,25378,26078,26678,27778,28278,29778,31178,31978,32778,33678,34578,35678,36978,38578,39878,41078,41278,42178,43378,43978,45378,46378,47378,47978,49278,50178,50578,51078,52378,53278,54378,55578,55878,57278,58078,59378,60378,60878,61978,63678,64678,65778,66278,67478,67778,68478,69778,70278,71078,71778,72478,73378,74378,75378,75978,76678,77378,78578,79478,80278,81578,82378,83878,84878,86278,87278,88178,88678,89478,90878,91678,92278,93178,93578,94578,95378,96578
user2528598084314492139,2082,2882,3782,4882,6282,7482,8182,9182,10582,11282,11982,13582,14782,15582,16882,18282,19182,19782,20682,22482,23182,23982,24682,25682,26782,27382,28182,29382,30482,31882,32682,34282,34782,36282,37382,38482,39882,40782,41382,42282,43282,44382,45782,46682,47682,48782,49982,50682,51582,52182,53482,54182,55482,55982,56482,57382,58582,59082,60182,61082,61982,63182,63982,65182,66082,67482,68482,69482,70782,71482,71982,73082,74882,76282,77782,78182,79782,81582,82582,83482,83982,85482,85982,86582,87582,88482,89482,90582,91182,92182,92982,94882,95682,97282,98282,98982,100382,101682,102982,103782
user1246548735333305540,1881,3281,4081,5181,6281,7081,8281,9181,10681,11681,12581,13081,13881,14781,15681,16481,17981,19081,20581,21281,22081,23281,24081,24981,25681,26581,27781,29081,30681,31481,32681,33281,33981,35081,36281,37381,38781,39881,40881,41881,42681,43481,45281,46381,47281,47981,48981,49981,50881,51781,52981,54481,55281,56181,57181,58181,58581,59381,60881,61581,62081,63181,63981,64581,65581,67081,67781,68881,69781,70981,71581,72781,73481,74981,75781,76681,77881,79081,80381,81181,82381,83181,83981,84281,84681,85781,86781,88181,89381,90481,91281,92581,93281,94181,95381,96081,96981,97481,98081,99081
user985766671634283869,2086,2886,3786,4486,5186,6686,8086,9586,10186,10586,11586,12286,13486,14486,15486,16386,17186,18086,19486,20786,22086,22886,23486,24886,25786,26986,27786,29286,30286,30886,31686,32586,33886,35386,36686,37786,38786,39886,41386,42486,43586,44486,45086,45886,46886,48086,48986,50486,51386,51886,52986,54186,54786,55786,56686,57786,58486,59886,60786,62286,63386,64386,65286,66586,67686,68386,69286,69786,70186,71186,71986,73186,74186,75686,76686,77786,78286,79686,80386,81486,82586,83786,84886,85886,87086,88486,90086,91186,92786,93686,94486,94786,96886,98186,98786,99886,101286,102286,102686,104286
user1231930228763362049,1874,2774,3874,4474,5674,6474,7274,7974,8774,9874,10974,11574,12374,13374,14474,15274,16274,17074,18174,19174,20074,20974,21474,22474,23174,24274,25274,25774,26974,27774,28574,29374,30074,31074,31974,32874,33774,34674,35574,36574,37174,37974,38974,39974,41074,42174,43474,44274,44874,45774,46774,47674,48774,49874,50774,51374,52274,52774,54574,55474,56474,57674,58774,59274,60674,61574,62774,63574,64574,65274,66474,67474,68174,68974,70174,71274,71774,72374,73174,74174,75474,76174,77274,78874,79674,80874,81774,82774,83674,84474,85774,87074,87974,88974,90274,91074,91974,92674,93874,95274
user3117720508089767496,2285,2685,3585,4685,5385,6285,7285,8885,9985,11285,12685,13685,14385,14985,16185,16985,17485,18585,19385,20085,21285,21985,22885,24285,25385,26285,27185,27985,28885,30385,31485,32485,33385,34085,35085,36885,38185,38985,39585,40785,42185,43585,44685,45385,45685,46885,48485,49185,50085,50885,51985,52485,53885,55285,56385,56985,57685,58685,59785,60585,61085,62085,63085,64185,64885,66185,67385,69085,70385,71285,72485,73285,74585,75685,76185,76785,77785,79185,80785,81285,82685,84185,84985,86385,87185,87985,88985,89685,90585,91585,92585,93085,94385,95585,96285,97485,98385,99385,99985,100785
user884845140610037639,1670,2770,3770,4070,5570,6370,7270,8870,9770,10670,11470,12270,13170,14670,15670,16970,17770,18570,19970,20770,21270,22170,23270,24370,25270,25870,26570,27370,28770,29770,30970,32070,32570,33070,34670,35770,36470,37570,38170,39070,40270,40870,41470,42570,44070,45270,46470,47570,48870,50070,50770,51570,52970,54270,55470,56170,57370,57970,58570,59570,60670,61570,62070,62370,63070,63870,65270,65770,66970,67970,68570,69470,70770,71670,72870,73770,74570,75570,76270,77670,78970,79970,81070,82470,83370,84270,85670,86970,87770,89070,89870,90670,91670,92170,93570,94370,95670,96870,97670,98970
user533073870437445548,2186,3186,3986,4986,6186,7486,8186,9586,10486,11686,12786,13386,14686,15486,16286,18086,19486,20386,21386,22086,22786,23786,24686,25286,26786,27786,29086,30286,32086,32986,34186,35286,36086,37086,37586,38986,40286,40886,41886,42586,43486,44886,46386,47286,48386,49486,50886,52086,52786,53486,54086,54786,55586,56586,58086,59186,60386,61886,63486,64386,65486,66386,67486,69386,70286,71586,72686,73286,74386,75186,76886,77486,78086,78986,80086,81086,82586,83686,84486,85486,86186,87386,88586,89486,90486,91886,92986,93786,94886,95686,96386,97486,98486,98986,99586,101186,102686,104186,104886,105386
user2982192491317769473,1681,2481,3581,4881,5781,7181,7581,8681,9781,11081,11981,13081,14181,15281,16081,16981,17881,18781,19481,20381,21281,22181,22781,23981,25381,26381,27381,28381,29481,30981,31681,32581,33481,34081,35081,36581,37381,37981,39281,40181,41981,42681,43181,44581,45581,46981,47881,48281,49381,49981,50781,51981,52881,52981,53781,54981,55781,56481,57881,58781,59981,61381,62281,62781,63881,65281,66681,67481,68681,70481,72181,72881,73281,73981,74881,76181,76881,78281,79081,79881,80781,81881,82481,83381,84781,85581,86981,88381,89481,90881,91281,92681,93581,94981,95881,96681,97981,98581,99381,100781
user2996251037375572516,1683,2483,3483,4283,6083,6983,8083,8583,9183,10283,11283,12883,14483,15883,16983,17983,18983,19983,21283,21983,22283,23383,24083,25383,26483,27583,28283,29783,30583,31883,32983,33983,34883,36083,36783,37883,39383,40083,40983,42183,42983,43883,44783,45783,46783,47883,49283,50283,50883,51683,52483,53583,54483,55483,56683,57783,58283,59283,59983,61383,62583,63383,64783,65883,67783,68483,69883,70783,71583,72383,73583,74783,76283,76983,78183,80183,81283,82283,83083,84283,85483,86283,87783,88883,90183,91083,91983,93183,94483,95783,97083,97983,98883,99983,101583,102283,102783,103783,104783,105883
user1819809401437899828,2179,3479,3879,4679,5679,6579,7779,8279,9279,9979,11179,12579,13879,14879,16179,17079,18179,18979,19879,20579,21079,21479,22479,22879,23579,24779,25879,26579,27379,28079,29279,29979,30679,31779,32879,33779,34779,35379,35779,36479,36979,38279,40079,41079,42079,43179,44279,44979,45979,47579,48079,48779,49879,50679,51679,52179,53079,53879,55079,55779,56079,57779,59279,59879,61079,62779,63979,65379,66079,67379,68479,69179,70279,71279,72279,72679,73979,75179,76279,77379,77979,79379,80679,81479,82479,83379,84179,85479,87179,87279,88279,89279,90379,91179,92579,93779,94079,95479,96479,97279
user517553758061063044,2078,2678,4178,5178,5778,6378,7278,8278,9478,9978,10778,11978,12578,14278,15178,15678,16978,18178,18578,19178,19678,20478,21978,23078,24178,25278,27078,28378,29278,30078,31078,32578,33578,34478,35178,36778,37978,38778,40078,41378,42578,43778,45678,46578,47378,48578,49178,50678,51578,52678,53678,54678,55678,56978,57978,58978,59678,60778,61678,62478,63478,63978,64978,66078,67778,68678,70278,71378,72578,73878,74978,76478,77678,78378,79178,80878,81778,83178,84378,85478,86278,87478,88978,89978,91378,91978,92878,93778,95378,96678,98178,98878,99678,100978,101978,103378,104578,105878,106778,108178
user1467819816047465854,2480,4080,5380,6480,7280,8880,9780,10680,11880,12580,13780,14780,15980,17080,17780,18580,19380,20380,21280,22380,23580,24580,25480,26980,27580,29080,31180,31980,33080,33980,35180,36280,37180,37680,38380,39680,40280,41680,42080,43180,44880,46480,47780,48780,50480,51780,53580,54480,55480,56080,57480,58180,59080,59980,60580,61280,62180,63280,64580,65480,66280,66780,67780,68680,69780,71180,72380,73080,73580,75180,76380,77180,78380,79180,80180,81180,82380,83680,84280,84880,86380,86980,87980,88480,89180,90580,91680,92680,93680,94880,95380,96080,96980,97880,99280,100480,101780,102580,103180,104680
user5942382954533320482,1885,2485,3285,3485,4585,5685,6385,7285,8485,9785,10685,11585,12185,12785,13285,14785,15785,16685,17785,18385,19785,20985,21885,22885,24085,24285,25385,26785,27585,28685,29285,30285,31285,32185,33085,33885,34985,35785,36885,38385,39785,40585,41285,42485,42885,43485,43985,44685,45985,46685,48285,49485,50885,51685,52185,52985,53685,54585,55185,55885,56785,57385,58585,59185,59985,60985,61785,62885,64185,64785,65985,66785,67985,68585,69985,70885,71485,72785,73385,73885,74685,75885,77085,78385,79385,80485,80885,81785,82485,84285,84785,86085,87085,87885,88885,89585,90585,91685,92985,93785
user3348923913354603620,1981,2881,3381,4681,5681,6581,7381,8881,9581,10881,12081,12881,13481,14381,15781,17381,18681,19581,20881,22381,23481,24281,25381,25981,26681,28381,29481,30681,32481,33481,35181,35881,36781,37881,38581,39581,41081,41981,43581,44381,45681,46581,47381,48581,49581,50681,52181,53081,54181,55181,55981,57481,58081,59081,60781,61681,62781,63581,64481,65781,67081,67881,68381,69281,70881,71981,73181,74281,75781,76681,77581,78181,78981,79781,80681,81581,83281,84681,85181,86081,87181,88481,89481,90681,91981,92781,93981,95581,96681,97381,98481,100281,101481,102981,103781,104381,105081,106381,107781,108581
user6872661033341914990,2176,2476,3276,4076,5176,5976,6976,7876,8676,9576,10476,11376,12876,13676,14376,14976,15976,17376,18476,19076,20076,20776,21876,23276,24276,24876,25676,27076,27676,29276,30176,31376,32576,33676,34476,35076,36176,37376,38176,38976,39976,41176,42176,43276,43976,45776,46576,47576,48676,49476,50276,51576,52576,53776,55276,55576,56176,56676,57476,58576,59876,60976,61376,62476,63276,64276,65576,66476,67476,67976,69076,70476,72376,73476,74976,75876,76776,77376,78076,79176,80376,80776,81576,82776,84476,84976,85976,86876,88176,88676,89476,90676,92176,93476,94876,96576,97776,99076,100176,101176
user4152828024211893584,1575,2375,3275,3875,5375,6275,7575,8275,9875,10875,12075,12875,14175,14975,15975,16475,17675,18775,19575,20375,21175,22175,23075,23675,24475,26175,26775,27475,28375,28975,30275,30975,32075,32675,33975,35075,36075,37275,38175,39075,40075,41175,42475,43375,44175,44775,45475,47175,48075,48875,49675,50575,52175,52875,53575,54575,55575,56275,57075,58575,60075,60775,61475,62875,64175,65075,65775,67475,68575,69775,70775,72075,73375,74375,74975,76075,76775,77375,78475,79075,79475,81075,81875,83275,84775,86075,86975,87975,89575,90775,91675,92375,93575,94975,95775,96775,97475,98675,100175,101175
user3232482269953974886,1880,2880,4780,6280,7480,8180,8980,9780,10480,11280,12180,13280,13580,14280,14980,15880,16880,17480,18480,20080,21180,21980,23280,25280,26780,27980,29380,30280,31480,32880,33980,34380,35180,35880,37180,37680,39080,39880,40780,41280,42080,43280,44480,45180,46580,47480,48580,49680,51180,51880,53380,53980,54880,55480,56180,56980,58480,59280,60180,61080,61780,62380,63380,64680,65680,67080,67880,69180,70080,71280,72180,73080,73980,75180,76580,77080,77780,78580,79680,80380,81080,82280,82880,83880,84780,86980,87880,89080,90280,90980,91880,92180,92980,94280,94880,95980,96580,97080,97780,98780
user412164360235391016,2480,3680,4880,6180,6980,7780,8680,9480,10580,11080,11980,13080,14480,15480,16580,17380,18580,19880,20980,21680,22580,23880,24580,26080,27280,29180,30080,31180,32280,33380,34080,35380,36280,37280,38280,39080,40080,40980,41880,43480,44580,45380,46480,47580,48580,49080,50680,51780,52880,53180,54280,55380,56080,57180,58180,58780,59680,61080,62180,62980,64080,65080,65880,66580,67380,67880,68980,69680,70380,71380,72780,74080,74680,75880,77180,78280,79080,79880,81280,82080,83180,84180,85780,86780,87980,89580,90280,91080,92280,93880,94980,95780,96580,97880,98880,100480,101980,102480,103180,104380
user1015345330068469416,1586,2886,3986,4886,6086,6486,7186,8086,9286,10686,11186,12186,13386,14686,15986,16886,17686,18786,20286,21186,22086,22486,23186,24086,24786,26186,27686,28386,29286,30886,32586,33786,34386,35086,35886,36786,38286,39486,41186,42386,43286,44286,45586,46086,46886,47586,49186,50586,51786,52186,53186,54186,55186,56286,57286,58186,59186,60186,60786,61686,63086,64286,65086,66586,67386,68286,69286,70886,71686,72386,73286,74886,75686,76486,77186,77686,78486,79486,80186,80886,81986,82986,83986,85486,86586,87686,88386,89286,89986,90686,91786,93286,93686,94386,95486,96586,97786,98386,99686,100586
user8165325997462374529,1773,2473,3673,4173,5573,6673,7473,8573,9173,10273,11173,11873,12973,13973,14973,15873,17173,18273,19573,21173,22573,23973,25173,26673,27573,28273,29273,30373,32073,33173,34173,35273,36373,37373,38173,39273,40073,41773,43073,43773,44473,45173,45773,46773,47373,48673,49873,50473,51173,51873,52773,53473,55173,56273,57773,58773,59573,60773,61673,62773,63373,63673,64873,65373,66473,67273,68573,69473,70573,71773,72673,73273,74673,75473,76973,78173,78673,79373,80173,81373,82673,83773,84573,85173,86473,87873,88473,88873,89473,90073,90673,91773,92673,93173,94073,94773,96173,97373,98373,99273
user5947069136552588163,1788,2888,3588,4988,6088,6888,7588,8288,9388,10588,11588,12888,13688,14588,14988,16388,17488,18288,19288,20888,21788,22988,24288,25688,27088,28088,29088,29788,30788,31688,32688,34288,35088,35688,36288,37088,38288,39388,40388,41888,43288,43688,44588,45488,46788,47888,49388,50788,51588,52988,54388,55988,56388,57788,59188,59688,61088,62488,64088,65288,66588,67488,68088,68588,69188,70388,71988,72988,73688,74888,75788,76888,78388,78988,79588,80388,81088,81688,82588,83588,84388,85088,86388,87788,88688,89088,90488,91188,92488,93088,93888,95288,96088,96888,97688,98388,99288,100088,101688,102788
user5219194080304626563,2073,3173,4473,5773,6573,8173,9473,9973,10773,11273,11973,12673,13673,14673,15273,15873,17173,18473,19673,20873,21373,22773,23873,24773,26273,27173,28573,29173,29873,30573,31273,32573,33473,34973,35673,36673,37273,38273,39873,40573,41573,42573,43873,44873,45773,46573,47373,47873,48373,49773,50773,51873,52173,52973,54673,55573,56873,57773,58373,59873,60673,61473,62473,63473,64373,65073,66173,66473,68373,69873,71273,71973,72673,73573,74473,74973,75973,76773,77773,78773,79173,80173,81373,82573,84173,85073,85873,86473,87273,88273,89373,90173,91073,92573,93973,94373,95373,95573,96873,97773
user4978058350489114629,1978,2978,3678,4878,5678,7278,8478,9278,10078,11178,11678,12978,13778,14778,15478,16778,17578,18278,19278,20278,21578,22878,24278,25078,25878,26778,27478,28078,29278,30078,31178,32078,33078,33378,34578,35378,36878,37778,39078,39878,40378,41878,42678,43978,44578,45278,46078,46878,47978,48678,49878,50578,51678,52678,53378,54478,55678,56578,57278,58478,59378,60678,61678,62778,63578,65278,66678,68178,68878,70478,71178,72078,72778,73578,74378,75278,76178,77078,77978,78678,79678,80778,81478,82078,83078,83878,84678,85578,86378,87478,88278,89478,90378,90978,91678,92578,93178,94278,94678,95778
user2639233624671572296,1482,2782,4682,5382,6082,7482,8082,9282,10582,11382,12182,13182,13782,14582,15982,16782,17582,18082,19082,19982,20982,22282,23782,25082,26182,26882,27482,28782,29982,31582,32582,33882,35182,36182,37182,38282,39482,40882,41482,42382,43682,45182,45982,46882,47782,49382,50082,51182,51582,52382,53582,54982,56282,57382,58682,59682,61582,62882,63482,64882,65882,67082,67882,68882,70282,71682,72782,73782,75182,76082,77082,78182,79182,80182,81282,82282,83382,84682,85482,86482,86982,88282,88882,90182,91082,91882,93382,94382,95882,96582,97582,98682,99382,100082,101382,102582,103582,104682,106082,107082
user5344789772525948776,1483,2483,3683,4483,5483,5883,6683,7283,8883,9583,10283,11783,12483,12883,13883,15483,16483,17983,18883,20083,21283,22583,23383,23883,25483,26483,27183,28283,28983,29583,30783,31583,32383,33483,34883,36383,36983,37683,38383,39583,40383,41483,41983,42583,43783,44083,45283,45883,46683,47583,47983,48683,49183,50583,51583,52783,53483,54483,55083,55983,56783,57483,58683,60183,60783,61683,62183,63183,64183,65583,67183,67883,68583,69583,70883,71783,72783,74183,75283,76183,77283,78183,78683,78983,79983,80483,81583,83083,84183,85183,86383,87583,88683,89783,90183,90383,91083,92483,93683,95083
user6285000175885219094,1875,2875,3575,4975,5675,6675,8175,9475,10475,12175,13275,13975,15275,16175,17275,18075,19075,20275,20975,21975,22575,24275,25175,26175,27275,28175,28975,29575,30675,31675,32875,33475,34275,35475,36475,37475,38075,38975,40175,41175,41975,43175,43775,44375,45675,46575,47975,48575,49775,50975,51875,52575,53075,54375,55475,56475,57375,57575,59475,60475,61575,62275,63475,64275,64875,66975,68475,69475,70775,71775,73175,73975,75075,75875,77175,77675,78775,79775,80475,81375,82575,83775,84575,85975,86675,87875,88975,90075,91475,92475,93875,94375,95875,97075,98075,98575,99575,100875,101775,102875
user7687959035068460225,1982,2882,3682,4382,5082,5882,6682,7682,8782,9782,10982,12282,13282,14682,15682,16282,17382,18282,19482,20182,20682,21682,21982,23482,24882,26282,27282,28182,28782,29982,31482,32582,33582,34482,35182,36082,36682,37882,39282,40782,41482,42082,43282,44182,45182,46182,47182,48382,49182,50482,51382,52082,53182,54082,55282,55482,56582,57682,59182,59582,60082,60882,62482,63382,64682,65982,66382,67682,68782,69382,70382,71082,71982,72782,73482,74182,75382,75882,76582,77682,78582,79682,80682,81782,82982,83682,84582,85182,86582,87582,88782,89682,91282,91882,92682,94282,95482,96182,96782,97782
user7114138408451725489,1774,3074,4274,5474,6374,7774,7974,8974,10674,11474,11774,12074,13474,15274,16674,18074,19074,19974,20874,22074,23274,24274,25374,26774,27774,28774,29674,30574,31674,32974,33574,34374,35674,36774,38474,39274,39974,41174,42174,43274,43874,44774,45674,46774,47974,49174,50074,51274,52474,53874,55174,55974,56674,57274,58374,59274,60374,61274,62774,63774,64574,65674,66874,68174,68874,70574,71574,72274,72974,73474,74874,76074,77074,77574,78174,79574,80374,81574,82174,83674,84874,85974,87074,88174,89074,90374,91174,92274,92974,93774,95274,96374,97174,98074,99174,99774,100874,101774,102574,103974
user8170230494699484093,1573,2273,3073,4073,4973,6173,7273,8073,9273,9773,11673,12673,13973,14573,15773,16673,17773,18773,19573,20173,21473,22373,23373,23773,24673,25573,27173,27873,29073,30073,31273,31773,32673,33373,34173,35473,36473,36973,38273,39773,41173,42073,43073,44173,44673,45373,46673,47673,48873,49573,50073,50973,52173,52873,53773,55373,56273,57373,58373,59473,60373,61873,62573,63973,64973,65773,66573,68073,69073,70473,71673,72573,73573,74873,76073,77573,78373,79073,79973,80673,81473,82373,83673,84973,85473,86373,87073,87973,89073,90273,90873,91973,92773,93773,94773,95273,96673,97673,98673,99973
user3690421213682221336,2176,2976,3076,4076,4676,5976,6976,8376,8876,10076,10876,11776,12476,13776,14976,15876,16876,17776,18876,19776,20576,21376,22076,22976,23976,25076,26376,27476,29376,30276,30976,31976,32976,33876,35076,36776,38176,39076,39876,40876,41776,43076,43976,44276,44876,45876,46776,47476,49176,49976,51076,52076,53376,54676,55376,56276,57776,58876,60076,61276,62176,63176,64176,65076,65976,66476,66976,68076,69576,70576,71776,73276,74476,75876,76676,78376,79376,80076,81776,82576,83676,84576,85476,86676,88276,88976,90176,91076,91976,93176,94276,95376,96876,97676,98776,99576,100976,102476,103876,105076
user3343896086041037374,2276,3776,4676,5576,6676,8276,9476,10376,11876,12876,13576,14076,15276,16476,17276,18276,19276,20076,21076,22176,23476,24576,25276,25576,26676,27776,28576,29476,30576,31376,32076,32476,33576,34976,35876,36576,37676,38676,39576,40476,41576,42976,44176,45376,46376,47676,49276,50276,51276,52276,53276,54276,55176,56276,56776,58176,59276,60876,61576,62576,63776,65176,65876,67376,68776,70276,71276,71676,72476,72976,74076,75176,76576,77676,78476,79076,79776,80176,81276,81976,82776,83676,85076,85876,86976,87976,89076,89876,90576,91676,92676,93476,93776,94776,95776,97076,98376,99276,100376,101076
user1463133634028198173,1979,3279,3979,5279,6879,7979,9179,10179,11279,12079,13079,13879,14479,15379,16379,17779,19079,19879,20779,22179,22979,23879,25379,25979,26879,28179,29979,31079,31479,32479,34079,35479,35979,37279,38379,39179,40679,41279,42379,43579,44479,45579,46479,47379,48879,50179,51379,52779,53579,54479,55479,56579,58079,58579,59879,61379,62379,63579,64679,65879,67979,68879,69779,70579,71679,73579,74479,75579,76379,77079,77579,78979,80479,81479,83179,83879,84979,86379,87579,88579,89879,90979,92079,93279,93879,94879,95479,96879,98079,98879,99979,101179,101879,102779,103379,104479,105279,105979,106779,107479
user2181854641455466294,2273,3073,4273,5573,6073,7173,8773,9773,10673,11373,12373,13473,14773,15773,16873,17873,18873,19773,21073,22973,23673,25073,25573,25973,27573,28173,29473,30073,30873,31973,32973,33773,34573,35873,36873,38173,38973,40073,41273,42073,43473,44673,45773,46773,47573,49073,49673,50373,50973,52273,53473,54973,55373,56473,57673,58573,59873,60373,61873,63073,63873,65373,65973,67273,67973,69673,71073,71973,72973,74073,74773,75973,76573,78073,78873,79973,80373,81373,82373,83073,84673,85373,86373,87273,87673,88473,89773,90573,91373,92573,93773,94773,96073,96973,98173,98673,99273,100373,101973,103073
user9105318085603802964,1784,2784,4084,4884,6184,6884,7384,8784,9884,10784,12284,13184,13584,14784,15784,16584,17684,19284,20084,21284,22384,23284,23984,25884,27484,29084,30084,31184,32184,33384,34684,35484,35984,37584,38884,40284,41784,43284,44184,45484,46384,47884,48984,50284,51184,52884,53784,54384,55184,56384,57684,58484,59384,60284,61684,62584,63984,64584,65384,67284,68684,69984,71184,72284,73084,74184,74884,76084,76984,77584,78684,79384,80284,80984,81884,83284,84184,85084,86284,87084,88284,88884,90384,91584,92684,93684,94384,95284,96284,97084,98184,99084,99884,100784,101584,102284,103184,104384,104784,106384
user3589499682657975106,2384,3784,4384,5584,6284,7784,8884,9484,10384,11684,13084,14884,16484,18384,19584,20784,22484,23484,24784,25984,26884,27984,29284,29884,30784,32084,32784,34084,34784,36084,37184,38384,39084,40484,41784,42384,43184,44084,44784,45384,46384,47484,48584,49684,50684,51384,52584,53684,54684,55684,56484,57184,57584,58684,59684,60784,61984,63784,65284,65584,66884,68084,69384,70684,72084,73184,73784,74684,76284,77184,78184,78984,80884,82084,82984,84184,85584,86284,86784,87284,88284,89584,90784,91784,93484,94884,95084,95984,96584,97384,98184,99484,100384,101784,103084,103584,104784,105584,106184,106484
user880158958590769958,1785,2585,3685,4585,6085,7085,7885,9285,10085,11185,12185,12685,13985,15785,16985,18085,18985,19785,21385,22285,22985,24385,25785,26385,27385,28285,28785,29785,31185,32485,33385,34485,35585,36385,36985,37885,38685,39785,40885,41585,42285,43885,44985,46285,47185,47885,48885,50285,51785,53085,54685,56285,57685,58185,59185,60385,61585,63185,64385,65485,66985,67585,68585,69885,70485,71485,72385,73385,75385,76285,77485,78485,79685,80385,81085,81785,82385,83585,84285,84985,85585,86485,87085,88185,89285,89985,91785,92285,93485,94685,95785,96485,97285,97885,98485,99585,100685,101385,102285,103285
user6983856534211135595,1880,2880,4180,6180,7080,7880,8980,9880,10480,11780,12780,13480,13980,15180,15780,16880,17980,18580,19480,20780,21480,22380,22980,23780,24780,25780,26780,27780,28580,29880,30980,31780,32580,33180,34580,35480,36080,36880,37980,39180,39980,40680,41780,42680,43680,44580,45380,46380,47180,48080,48980,50480,50780,51280,52180,52980,53780,54980,55680,56180,56980,57780,58280,59780,60680,62080,63080,64180,65780,66780,67780,69280,70080,70980,72080,73280,74180,75580,76480,77380,78280,79080,80280,81180,81780,82880,84280,85380,85880,87080,88180,89380,90280,91580,92180,93080,94480,95480,96080,97480
user3117160547577627048,2176,3376,4076,5476,7176,8076,9576,9976,11076,11776,12576,13476,14476,15676,17276,18376,19376,20276,20876,21976,22676,23776,24776,25276,26376,27676,28676,29576,30876,32176,33776,34776,35976,36876,37476,38176,38776,39376,40576,41376,41976,42676,43876,44676,45376,46176,47176,48676,50176,51176,52376,52976,53676,54976,56276,57276,58376,59676,60276,60676,62176,64076,65576,66676,67476,68276,69776,70576,71876,72576,73376,74476,75376,76376,76876,77676,78876,79576,81176,82076,82576,83376,84976,86176,87476,88476,89776,90476,91676,92176,92776,94976,95876,96976,97876,99476,100776,101676,103576,104576
user6506271256599379408,2387,3287,4687,6087,7887,8887,10487,11687,12487,13587,13687,14287,14887,15987,16487,17587,18287,19387,20287,21387,22287,22587,23687,25287,26187,26887,27987,28987,29687,30487,31187,31887,32587,33387,34287,35587,36587,36887,37887,38987,39887,40587,42387,43287,43987,45387,46487,47687,48887,49587,50087,51587,52087,53187,54387,55587,56587,57487,58687,59987,60987,62087,63087,63587,64587,65387,66387,67187,67787,68387,69087,69787,70587,71587,72487,73687,74887,76087,76987,77887,78887,79787,80787,81487,82887,83487,84887,85687,86187,87087,88387,89087,89687,90487,91987,93087,93587,94687,95887,96987
user8527029592185642430,2388,3688,4488,5788,7088,7888,8688,9888,11288,12488,13288,14388,15188,16188,16788,18088,18788,19888,21188,21988,22788,23688,24688,26088,26688,27188,28188,29288,29888,30788,31588,32588,33388,34788,35988,37088,37688,38588,39588,40688,41888,43188,43988,44788,46288,47388,48488,49688,50188,51388,52288,53688,54388,55788,57488,59488,60388,61588,62988,63888,64988,66188,66988,67888,68888,69288,70088,70988,71688,72588,73688,73688,74588,74988,76788,77588,78888,79388,80888,81788,82088,82688,83388,84188,85788,87188,88388,89188,89988,90988,91488,92588,93888,94888,95888,96588,97888,99088,99988,101288
user3951203277381243007,1779,2579,3879,4679,6479,8379,9479,10279,11079,11979,13179,14279,14879,16479,17679,18579,19179,19879,20879,22779,23679,24879,26579,27379,28479,29779,30379,31679,32079,33079,34079,34979,35979,37179,38379,39579,40279,40979,42279,43379,43979,44979,45679,47079,48579,49379,50079,50779,52479,53479,54679,55379,56079,57179,57979,58479,59179,59879,61179,62479,63379,64679,65679,66979,67879,68579,69679,70479,71379,71979,72879,74179,74979,75779,77079,78079,79679,80779,81579,82179,82979,84179,85379,85979,87579,88879,89679,90079,90679,91979,93079,94179,95179,96079,96879,97179,98779,99779,100979,101479
user4525365549292276308,1878,2578,3678,4878,5478,6178,7278,7978,9278,10078,10878,12078,13978,15078,16378,17478,18078,19278,20578,21578,22878,24478,25978,27478,28278,29778,30978,31978,33278,33878,35178,36078,37478,38478,39578,40878,42178,43078,43778,44678,45478,46278,47078,47778,48378,48978,49778,50878,52278,53478,53778,55178,55878,56678,57778,58578,59878,60778,61578,62378,62878,62978,63778,65478,66678,68078,68878,69678,70578,71178,71378,72378,73178,73978,75278,75878,76578,77278,78878,80078,80878,81578,82578,83478,84778,85878,86678,87678,88978,90178,91078,91878,92878,94178,95078,96078,97778,98678,99778,101378
user1226902401449795803,1983,3483,4683,5283,6483,7583,8283,9583,10983,11983,13083,14683,15583,16883,17483,18583,19683,20683,21483,23183,24683,25383,25583,26583,27383,28383,29083,30083,31583,32483,33383,35183,35883,36983,37583,38283,39283,40283,41383,42183,43183,44483,45483,46683,47483,48083,49083,49683,50283,51283,51983,52783,53883,55183,55883,56883,58183,59283,61083,61683,62883,63883,65183,66283,67983,69183,70383,70683,71883,72883,74783,75983,76983,78283,79183,80383,81683,83183,84083,85883,86683,87683,88183,88783,89383,89983,90883,91883,92583,93383,94183,95283,96183,97383,98483,99683,100783,101483,102383,103483
user5585925502341460710,1883,2883,3883,5283,6083,7183,7583,8683,10383,11183,12583,13583,14083,14883,15383,16483,17183,17983,19383,20583,21183,22883,23483,24683,25483,27283,28183,29383,30083,30783,31583,32183,33383,33783,35283,36383,37783,38283,38983,40583,41483,42083,42983,43583,44683,45483,46883,47683,48183,48983,50083,51083,51983,52883,53983,54783,55683,56783,58283,59583,61283,62783,63683,64583,65683,66383,67283,67983,68983,70583,71383,72183,72683,73683,74283,75083,76183,76783,77883,78583,79383,80483,81583,82583,83183,84683,85883,87283,87883,89183,89883,90783,92083,92683,93483,94483,95883,96683,97483,99583
user4645591768905733710,1883,2983,3783,4783,5883,6983,7483,8283,9483,10483,10783,11983,13283,13983,14683,15683,16483,17283,18383,19283,20283,20983,22083,23483,24383,25283,26183,26983,28383,29583,30683,31583,32083,33283,34183,34983,36183,36483,37483,38783,40383,42083,42783,44083,45183,46283,47483,48183,49383,50583,51283,52283,53083,54083,54983,55683,56683,57383,59083,60183,60883,61883,63183,64183,65283,65883,67283,68383,69083,70083,71083,71883,73283,74283,75183,76883,77783,78583,79683,80783,81683,82483,83583,84483,85283,86283,86883,87583,88383,89083,90583,91983,93083,93483,94483,95583,96683,97183,98283,99583
user8984750220696046997,2187,3187,4087,4787,5687,6687,7887,8887,10287,11087,12187,13487,14687,16287,17787,19087,20187,20887,21587,22587,23587,24487,25687,26587,27687,28387,29487,30587,31587,32687,33687,34687,35387,35687,36387,37487,38287,39087,39687,40987,42287,43187,44287,45487,46687,47487,48787,49587,50387,51787,52287,53287,53987,54487,55087,55787,56787,57787,58387,59787,60787,62287,63287,64487,66087,67687,68687,70187,71587,72787,73987,74587,75987,77187,78087,79087,79687,80487,81187,81787,83087,83887,85487,86287,87087,88487,89287,90087,90987,91987,92687,93987,94687,95687,96787,97287,98087,98787,99787,100687
user1704487679061551990,1984,2584,4184,5084,6584,7884,9284,10284,11284,11984,12984,13884,14484,15684,17084,17784,19384,20384,21284,22584,23184,24484,24984,25884,26784,27984,28584,29584,30584,31684,32884,33184,34284,35284,36784,37784,39084,39884,40984,41984,43084,44384,45084,46084,46884,47484,47784,48584,50284,51484,52384,53784,54884,55884,56584,57284,58084,59184,60284,60784,61684,62584,63284,64184,65184,66584,67884,68884,69784,70784,71984,72884,73684,74784,76184,76884,77684,78984,80084,80484,81284,82084,83384,83684,84484,84984,85484,86384,87484,88084,89084,90084,90884,91484,92784,93784,94884,96284,97284,98584
user4872108992151302153,2282,2882,3582,5282,6382,6682,7582,8282,9182,10282,11382,12082,12882,13982,14682,15782,16782,18282,18682,19282,20482,21482,22282,22982,23582,24182,24982,26382,27482,28282,28882,29482,30382,31482,32482,33182,34082,34982,35782,36782,38282,39682,40882,42182,43482,44982,45482,46182,47182,48182,49282,50582,52282,53282,54382,54682,55282,56082,56982,58082,59282,60582,61882,63082,64482,65782,67082,68582,69782,70982,72182,72582,73382,74482,75882,76682,77582,78382,79182,79582,80782,82382,83082,83982,84982,85482,86882,87682,89582,91182,91982,92782,93182,94282,95382,96182,96682,97082,98082,99182
user6174146320310297054,1783,2883,3983,4683,5683,6583,7383,8383,9283,10483,11483,11983,13383,14183,14783,15483,16383,17183,17783,18883,19883,20983,22283,23183,24083,24983,25983,27283,28083,28983,30283,31583,33083,34183,35183,36083,36883,37683,38283,39283,40583,41283,42483,43183,44483,45583,45983,46683,47683,49083,50583,51483,52783,53583,54183,55483,56683,58083,59683,60483,61183,61983,63483,64583,65583,66583,67083,68583,69583,70483,71483,72083,72783,73983,74583,75083,75883,76783,77783,78683,79783,80783,81883,83283,83983,85083,85783,86383,87383,88083,89083,89783,90683,91783,92283,93983,94783,95583,96783,98483
user70667059907773300,2279,2679,3379,4579,5579,6479,7579,8679,9779,11479,12279,12879,13779,15079,16179,17379,18279,18979,20579,21479,22179,22879,23979,24679,25379,26579,27579,28979,30179,31279,31979,32879,33579,34779,35579,37279,38579,40179,40879,41679,42479,43679,44279,45079,46879,47979,48679,49579,51079,52179,53179,54279,55479,56179,58079,59179,60079,61379,62579,63379,64179,65379,66679,67279,68679,70079,70779,71979,72779,74079,74979,75879,76079,77079,78079,79279,80379,81679,83279,84379,86179,87179,88279,88879,90379,91479,92679,93679,94679,95579,96279,96879,98179,99079,99979,100979,101679,102579,103579,104779
user6631525303526403056,2081,2481,3481,4181,5081,6481,7281,8181,9381,9881,11081,11681,12481,13381,14181,14981,15481,17081,17881,18681,19581,20681,22281,22881,24081,25081,25981,26981,27881,29081,29981,31281,32681,33681,34681,35881,37081,38381,39181,39881,40981,42781,43881,45381,46081,46581,47381,48881,50381,51181,51781,52881,53881,55081,55881,56681,57781,58581,59781,60981,61681,63281,64281,65681,66981,68081,69081,70681,71881,72981,74281,75181,76281,77381,78181,78681,79881,80681,81781,82781,84281,85181,86281,87481,88081,88481,89481,90381,91281,92481,93481,95081,96481,97481,98181,99681,100981,102481,103681,104981
user8858594567962584336,2188,2888,4088,5588,5788,6888,7888,8888,9888,10588,11388,12488,14388,16188,17488,18288,19588,21288,22088,23288,23988,24888,25888,27188,27588,28888,29188,30188,30788,31888,32988,33488,34788,36088,36788,37388,38388,39188,39688,41188,42188,43188,44388,45388,46188,46988,47588,48588,48988,50388,51088,52488,53588,54388,55288,56088,56588,57988,58888,60288,61388,62588,63388,64588,65188,65688,66688,67388,68688,69588,70188,71388,72688,73388,74388,75988,77288,78888,79988,80688,81588,82988,84188,84788,85488,86588,87488,88588,89788,90688,91688,92488,93588,94588,95988,96588,97588,98288,99288,99788
user3705941326058603840,1575,2275,3375,4975,5875,7075,7875,9375,10675,11975,13075,13975,14875,15975,16675,17775,18875,19975,20875,21775,22875,23375,24875,26175,26775,27575,28275,29075,29775,30975,31775,32575,33475,34675,35875,36975,37975,39575,40075,40675,41275,42975,44175,45475,46975,47275,47875,49175,50175,51275,52675,53275,53975,55275,56475,57875,59075,59775,61375,62375,63475,64575,65375,66575,67975,69275,70175,71275,72075,72775,73675,74975,75875,76775,77875,79075,80775,81775,82675,84075,85175,86075,88075,89075,90375,91075,91775,92475,93175,94275,95175,95575,96275,97275,98075,98675,99675,100375,101675,102275
user512867576041795363,1685,2585,3385,4685,5485,6485,7285,8085,8685,9485,10385,11085,12185,13285,14385,15485,16485,17685,18885,20085,20985,21985,22885,23785,24785,25485,26285,27285,28585,29485,30385,31285,31685,32385,33285,34585,35585,36285,37385,38485,40085,40985,41985,42685,43185,44085,45085,46085,46885,47885,49085,50785,51885,52185,53085,54485,55485,56085,57185,58585,59685,60185,61685,62685,63785,65285,65985,66985,68285,68985,69485,70085,70685,71385,72285,72785,73785,74385,75385,76485,77385,78485,80185,81585,82285,83185,84085,84685,85885,86685,86985,87685,88885,90485,91485,92285,93185,94085,95285,96485
user1231588583469063484,1481,2181,3181,3981,4981,5381,6581,7881,9181,10181,11281,12281,13681,14281,15381,16281,17281,17981,18781,19881,21081,21981,23081,23781,25081,26581,27481,28481,29881,30781,31481,32381,33081,33781,34581,35381,35881,36681,37581,38581,39581,40981,41781,42881,43981,44581,45881,47181,48081,49181,50581,51881,52981,53681,54781,55581,56881,58381,59081,59781,60281,60581,61381,62281,63281,63881,64981,65881,67181,68781,70081,71081,72181,73881,75381,76281,77481,78681,79481,80381,81581,82581,83181,83981,85181,86581,87381,87881,88881,89581,90281,91181,92181,92881,93981,94381,94981,96381,97281,97981
user2408030219406736172,1983,2983,3783,5083,5583,6683,7083,8283,9483,10483,11683,12583,13683,14583,15683,16683,17683,18583,19483,20283,21283,22483,23683,24683,25983,26883,28083,29383,30283,30883,32383,33183,33983,34883,35883,36783,37483,38383,39483,40083,40983,42283,43083,44983,46483,47783,48583,49383,50183,51983,53583,55083,55883,56983,58583,59183,60583,61683,62683,63783,64683,66483,67383,68183,69183,70883,72383,72983,74483,75183,76483,78183,79183,79883,81183,82183,83483,84483,85483,86883,88183,88783,89683,90583,91383,92083,93183,94083,95083,95883,96783,97483,98583,100483,101483,103083,104383,105583,106683,108183
user5802728716254195226,1777,2177,2877,4177,4677,5777,6777,7677,8777,9977,10577,11677,12577,13477,14777,15877,17477,18977,20677,21377,22177,22977,24377,25177,26277,27177,28477,29277,30177,31077,31777,32377,32977,34077,34977,36277,37177,37677,37977,39277,40577,41377,42577,43677,44577,45177,45977,47577,48577,49877,50977,51477,52477,52977,53777,54077,55177,56577,57577,58377,59877,60977,61877,63177,63977,64977,65877,66277,66877,67677,68577,69477,70277,70777,72177,73577,74777,75777,77177,78077,79577,80177,81277,82177,83077,84077,85077,85977,87177,88277,89377,89877,90977,92277,93177,94077,94977,96577,97177,98077
user4394523714539545966,2675,3275,3975,5375,5575,6175,6875,8075,8875,9775,10775,12175,13175,13875,15475,16475,17375,18375,19375,20475,21075,21575,22875,23975,24875,25175,26375,27275,28375,29575,30575,31075,32275,33775,34775,36175,37275,38075,39075,40075,40575,41775,42275,43575,44275,45275,47075,47975,48475,50275,51175,52275,52975,53775,54575,55575,56775,57975,59475,60475,61775,62575,63175,63975,65275,66075,66775,68175,69675,70475,71575,72575,73975,74675,75775,76775,77575,79275,80075,80975,81675,82675,83475,84075,85075,85975,86875,88175,89275,90375,91975,93075,93975,95275,96075,97575,97975,98975,100375,101675
user8401215584746478334,2279,3379,4479,5779,6779,7579,8879,9879,10279,10679,11379,13079,13879,14779,16379,17279,18679,19679,19979,20379,21279,22279,23579,24979,26079,26579,27379,28679,28879,30179,30879,31779,33379,34879,35579,36579,37479,38679,39579,40879,41879,42979,44079,45679,46379,47779,48579,49979,50779,51779,52579,53179,54379,55679,56779,57579,58879,59579,60879,62279,63179,64079,65079,65779,66779,67779,68679,70379,71679,72679,73379,74679,75179,76379,77279,77679,79179,80579,81679,82579,83579,84579,85379,85779,86879,88279,88879,89679,90879,91679,92879,93279,94179,95079,96179,97379,98879,100679,102079,102979
user7360520280798645552,2382,3082,3982,4982,6182,6882,8482,9582,10982,11882,12882,13682,14582,15682,16582,17882,18982,20182,21482,22582,23682,24982,25982,27082,28282,29282,30582,31782,32482,33182,33982,34582,35682,36782,37682,38282,39482,40182,41082,42482,43282,44282,45282,46382,47782,48582,48782,49882,50982,51882,52782,53382,54182,55382,55982,57182,58082,58682,59482,60482,61482,62382,63282,64382,65382,66382,67382,68282,69582,70382,71182,71982,72682,73382,74682,75882,76882,77982,78882,79682,80982,81882,82482,83482,84182,84882,85782,86282,87182,87982,89182,90282,90982,92482,93382,94382,94982,96082,98082,99382
user3338649943509629245,2268,3068,4668,6168,7368,8568,9868,10668,11168,11968,13268,14068,14868,15768,16268,16968,18068,19268,20568,21568,22468,23168,24068,24768,25568,26368,27768,28768,29668,30668,31568,32868,34668,35368,36768,37568,38368,39868,40968,42268,43268,44268,45368,46968,48068,49068,50168,51168,51568,52468,53868,55468,56268,57268,58468,59568,60368,61368,62568,63468,64568,65768,66368,67368,68768,69568,70468,71168,71968,72468,73668,74668,76068,77468,78568,79868,81968,82668,83068,84168,85268,86268,87068,88268,89368,90568,92068,93068,94168,94868,95768,97368,98268,99368,99768,101468,103168,104068,105268,106368
user513427536553935811,2076,2976,3676,4676,5376,6176,7676,8976,10576,10976,12476,13076,14076,15276,16076,17076,18076,19576,20376,20776,22776,23476,24476,25476,26076,26476,27376,28876,30576,31576,32776,33776,34576,35776,36476,37176,37876,39276,39776,40876,42076,42976,43876,45276,45676,46776,48176,49676,50576,51576,52376,53376,54076,55376,56776,57976,58876,59476,59876,60376,61476,62276,63376,64076,64776,65576,66576,67676,68676,69976,70476,71876,73176,74576,75676,76276,77176,78276,79376,80276,81176,82776,83776,84976,86176,87076,88276,89276,90576,91476,91976,93676,94176,94576,95676,96376,97176,97576,98876,100176
user7229678446045915210,1975,3075,3875,4475,5475,6275,7275,8575,9475,11075,11575,12475,13075,13375,14375,15575,16375,17175,18075,19675,20475,21575,22175,22875,23575,24475,25475,26675,27375,28175,29475,29875,31075,31675,32475,33775,35075,36175,36675,37975,38775,39875,41875,43075,43875,45175,47275,48575,49975,51075,52375,53075,54375,55275,55975,56875,57675,58475,59175,59775,61175,62175,62975,63875,64675,65775,66275,66875,67375,68375,69775,70675,71575,72375,73375,74175,74875,76075,77075,78275,79375,80375,80975,81875,82675,83575,84375,85375,86675,87275,88675,89575,90575,92175,93575,94675,95875,96875,98275,98975
user7099738217099623881,2175,3375,3975,5275,6175,7075,7875,8775,10175,10775,11775,13075,14475,15675,16775,17475,18275,19875,20975,22775,23775,24575,25575,26575,27875,29375,30275,31275,32475,34075,35475,36275,37575,38075,38875,39975,40875,41275,41875,42875,43875,44475,45875,47075,48075,48375,49675,50875,51675,52175,53575,54375,55475,56275,57175,58375,59075,60275,61175,62675,64275,65675,66575,67575,68775,70375,71375,72075,72875,73475,74275,75275,76775,77575,79075,79575,80475,81575,82875,83875,84875,85275,86075,87075,87975,89175,90475,91475,92375,93175,94375,95975,96475,96875,97875,99075,99975,100875,101975,103075
user1950651236190630170,2179,3379,4179,4979,6279,7279,7579,8479,9679,10979,12279,13379,14279,15279,16679,17279,18579,19479,20279,21479,21879,22379,23579,24879,25579,26379,27679,28579,29579,30379,31979,32779,33679,34579,35079,36479,37279,38779,39779,41279,42379,43379,44079,44979,45879,46579,47979,48579,49679,50279,51679,52779,54379,55879,56779,57379,58279,58979,60079,61279,61979,62679,63579,64279,64979,65479,66479,67579,68079,69179,69779,70879,71979,73379,74279,75779,76779,77679,78379,79779,80879,82179,83379,84279,85879,86579,86979,87579,88579,89879,90879,92179,92979,93879,95079,96179,97279,98079,99179,99979
user6516203581150055218,1875,2175,3575,4775,5875,7075,7475,8875,9675,10675,11975,13275,14275,15175,16175,16975,17775,18375,19475,20475,21575,22175,22875,23875,24375,25075,26075,26975,27975,29175,29475,30375,31275,32275,33575,34175,34975,36175,37475,38875,39575,40675,41675,42375,43675,44475,45075,46275,47575,48675,49975,50875,52075,52775,53875,54575,54975,56675,57675,59075,59975,61875,62775,63475,64475,64675,65675,66275,67775,68775,70075,71275,72575,73675,74375,75475,76275,77175,78075,79675,80675,81575,82975,83875,84575,85675,86675,87575,88675,89675,90375,91575,92675,93675,94575,95375,96575,97775,97975,99175
user2865750847917140739,1772,2972,3572,4572,5372,6272,6972,7872,8972,9572,10572,12272,13472,14472,15572,16572,18272,18872,19772,20572,20872,21972,23372,24472,25472,26172,27072,27872,28572,29572,30572,31672,32372,33472,34272,35372,35972,36972,37672,39072,40372,41072,42172,42972,44172,45172,45872,46972,47872,48772,49972,50172,51472,52672,53972,55772,57372,58572,59472,60872,62372,63072,63872,65072,66272,66872,68072,69572,70572,71272,72572,74072,75072,76172,76872,77572,78272,79972,80872,81172,81672,82872,83872,84972,86072,86872,87672,89572,90772,91972,92872,94272,95472,96672,98072,98872,99672,100772,101572,102072
user4509845436915893804,2371,3471,4471,5371,6071,6771,7971,8971,9971,10571,11571,12371,12971,13871,15071,16071,16571,18171,19071,19871,21071,21671,22571,23471,24271,25771,26771,27571,29071,30171,31071,31871,32971,33871,34871,36171,37271,38271,38871,40071,41071,41871,42471,44371,45271,46371,47571,48571,49671,50571,51471,52071,53071,54371,54971,56471,57871,58671,59971,60871,61771,62771,64071,65271,65971,66671,67571,68271,68871,69971,70671,72271,73271,74671,76071,77271,78371,78971,79471,80171,80671,81571,82171,82671,83771,85171,86171,87471,89371,90371,90971,92071,93171,94271,95571,96871,97371,98671,100271,101271
user8633197265741296789,2374,3874,4674,5774,7074,7674,9474,10474,11474,12374,13474,15274,16274,17274,18074,19374,20074,21574,22674,23774,24874,25774,26674,27774,28374,29174,29874,31674,32674,33474,34674,35974,37474,38574,39574,40874,41674,42774,43674,44874,46074,46874,48074,48974,50074,51274,51974,52474,52974,53774,54774,56374,57274,58874,59574,60674,61674,62074,63274,64074,65274,66174,67074,68574,69474,70274,71174,71774,72774,73974,74974,75974,76974,77674,79274,80274,81574,82374,82974,84674,85774,87074,88374,89474,90474,92074,93374,94274,96074,97274,98374,99574,100474,102074,103274,104774,105374,106474,107474,108174
user4776433603658464052,2088,2888,4188,5688,6688,7688,8388,9188,10188,11188,12088,13588,14088,14688,15788,16788,17988,19188,19688,20288,21388,21888,22988,23888,24788,25588,25988,27088,28688,29788,30388,31688,32888,33588,34488,35288,35988,36888,37788,38588,39688,40188,41488,42788,43288,44088,44988,46088,47688,48688,50488,51288,52188,52688,53288,53888,54188,54988,56288,56988,57988,58988,59588,60788,62188,62988,63788,64688,65588,66488,66888,67988,69288,70688,71788,72588,73488,74688,75888,77188,77888,78688,79788,80188,80888,82388,83188,84688,85988,86588,87488,88388,89388,90288,90988,92088,93588,94588,95988,97088
user5223880262323894244,1988,3188,4488,5488,6588,7588,8988,10588,11388,13088,14488,14988,16188,17188,17788,18788,19688,20688,21388,22488,23188,24488,25188,26288,27988,29188,30288,31288,32388,33288,34288,34888,35888,36288,36988,37688,38488,39388,40488,41888,42688,43788,44488,45488,47288,48088,49388,50288,51388,52388,53388,54188,54988,55888,56688,57588,58688,59388,60488,61788,62788,63988,65088,66388,67688,68088,69188,70288,71688,73188,74388,75088,76188,77488,78488,79488,80188,80988,82588,82788,83588,84988,86088,86688,87488,88588,89388,90388,91088,92588,94088,94788,95788,96388,97288,98388,99488,100588,101288,102288
user8652283639112666078,1582,2982,4282,5182,7082,7682,8482,9982,10582,11682,12382,13182,13882,15382,16482,17582,18482,19882,20582,21882,22582,23782,24682,25782,26682,27682,28782,29882,30382,30982,31682,32382,33482,34582,36182,37182,38682,39682,40582,41482,42982,43982,44882,45982,46982,47982,49082,50182,51282,51682,52182,53082,54082,55282,56382,57582,58782,60082,60482,61482,62482,63382,64982,65882,66582,67782,68582,69982,71182,72182,73382,74182,74982,76182,77582,78382,79682,81282,82082,83182,83882,84782,85482,86082,87182,88582,89582,89982,90982,91982,92882,94082,94982,96182,96882,97882,99282,100282,100782,101382
user4626287080316522538,2577,3177,3777,5277,6377,7277,8677,9877,11277,12377,13277,14577,15377,16177,17077,17777,19177,19677,20877,22077,23577,24577,25877,27277,28277,29277,30177,31077,31677,32277,33077,33777,35077,35577,36277,37077,38677,39777,40677,41677,43077,43977,45077,46577,47477,48777,49477,50877,51277,52677,53777,54577,55377,56177,57377,57877,59077,60277,61777,62577,63377,63577,64677,65877,66877,68377,69277,70577,71577,73077,73977,74777,75477,76577,77077,77677,78777,79977,81077,81877,82577,83477,84477,85577,87077,88877,89777,90777,91777,92477,93477,94677,95777,96877,97377,98277,99277,100677,101877,102677
user2890643324332058605,1382,2182,2982,3782,5082,6282,6982,7782,9082,10182,11482,12382,13182,14182,15082,16082,16882,17882,18982,20282,21582,22782,24282,24782,25582,26382,26682,27782,28682,30082,30482,32382,33082,34382,35582,36582,37382,38382,39482,40782,41582,43082,44382,45782,46782,47782,48582,49582,51182,52182,53282,54082,55382,56382,57782,58582,59182,60182,60582,61682,62782,63382,64082,65282,66082,67782,68882,69682,70582,71982,72982,74082,75182,76482,77782,78282,79282,80182,80882,81882,82982,83782,84782,85682,86282,87682,88682,89682,90882,91682,92482,93982,95082,95682,96182,96682,97582,98982,100182,100782
user6505711296087238960,2281,3581,4881,5681,6981,7981,8481,9981,10581,11681,12981,13781,15181,15981,16981,17681,18281,19781,20681,21381,22981,23681,24181,25481,25981,26781,28281,29081,30281,31781,33181,34781,35681,36581,37081,38181,39181,40281,41681,42981,44081,44881,45881,46581,47081,47881,48981,49781,50781,52081,52881,54181,55081,56281,57581,58881,60181,61181,62181,62881,64081,64981,66081,67281,68181,68881,69981,71081,72081,73381,74381,75781,76281,77581,78681,79681,80481,81181,81981,82981,83381,84481,85781,86981,87681,88481,89481,90781,91581,92781,93781,94381,95181,96281,96881,97881,99181,100181,100881,102281
user4741608802692870376,2176,2976,4176,5576,6876,7676,8276,8976,10476,11576,12476,12776,13576,14576,15576,16576,17476,18376,19176,19876,20376,21376,22276,23476,24776,25476,26376,27576,28976,29476,30576,31876,32976,33776,35576,36176,37376,38476,39876,40576,41176,42076,43176,43976,44976,46376,46776,47876,49076,50276,51076,52376,53576,54976,56076,57276,58776,59776,60376,60876,61576,62876,64076,64876,66376,66776,67676,68476,69476,70276,72076,73176,74076,75176,76376,77176,77976,78476,79176,80076,81276,82476,83576,84776,85876,86676,87576,88476,89076,89976,90676,92576,93476,94476,95576,96176,96976,98076,98976,100176
user7109452226432457808,1885,3185,4185,5685,6585,7685,8385,9385,11085,12385,13885,14985,16385,17185,18085,19285,20385,21285,21985,22685,23685,25185,25985,26985,27685,28885,29485,30485,31085,32185,32985,33585,34785,36185,36685,37885,38585,39585,41085,42585,43085,44485,45385,46085,47985,48685,49385,50185,51385,51785,52185,53285,54385,55285,56085,57085,57685,58985,59985,61385,62085,63285,64385,65385,66985,67785,68285,69885,70385,71185,72385,73685,74885,75485,76685,78085,79185,79885,80685,82085,83585,84785,86285,87585,88685,89085,89985,90785,91585,92185,92985,93985,94885,96085,96985,98285,99185,100285,100885,102185
user4524463943485837295,2582,3282,4082,5182,5982,6982,7782,8582,9482,10682,11582,13082,13482,14782,15982,17682,18582,19382,20482,21582,23282,24682,25682,26882,27882,29582,30782,31582,32282,32582,33382,34582,35982,37382,38082,39482,39882,40682,41682,42482,42982,43582,44182,45482,46582,47182,48182,49182,49682,50482,51282,52082,53082,54482,55982,57382,58282,59982,60882,62082,63282,64282,65482,66182,67682,68782,69882,70882,71382,72482,73682,75082,76182,77182,78682,79582,80282,80882,81382,82182,83482,84482,85382,86482,88282,90082,90782,91582,92282,93082,93782,94582,95882,97182,98182,98782,100082,100682,102182,103382
user3478864142300894949,2580,3180,4480,5880,6880,7780,9280,10780,11680,12280,12680,13780,14880,15880,16680,17580,18280,19580,20580,21680,22580,23480,24580,25380,26080,26880,27480,28580,29280,30480,31480,31980,33280,33580,34480,35680,36880,37880,38680,39680,41080,41480,42580,43280,43880,45380,46280,47080,48480,49480,50080,51180,51480,51680,52580,53880,54680,55480,56080,57280,58580,59480,60480,61180,61980,62780,63480,64180,64480,65980,66980,67980,69280,70380,71780,72780,74180,75180,75880,77080,77980,79080,79680,80180,81580,82380,83380,84480,85380,86480,87480,87880,89080,89980,91580,92780,94480,94980,95880,96980
user6280313993865951413,2185,2785,3385,4985,5885,7285,9185,9985,11285,11785,12685,13885,14885,15385,16485,17285,18185,18785,19485,20285,21085,22385,23885,25085,25485,26085,26685,27285,28385,29085,30585,31285,31985,32485,33285,33785,35185,36085,37285,37885,39085,39785,40885,41685,42385,43585,44785,45785,46685,47385,48785,50085,51285,52185,52985,54685,55685,56185,57185,58085,58885,59585,60785,61785,62585,63885,65485,66285,67085,67585,68485,70085,70885,71985,72785,74385,75685,76885,77485,78385,79085,79985,81085,81985,82685,83985,85185,86185,87085,87985,88985,90585,91485,92785,94385,94985,95685,97185,98685,99285
user2870437029936408420,1876,3476,4076,4676,5576,6176,7576,7976,9076,9776,10776,12276,13276,14476,15576,16176,16976,17476,18276,19176,20376,21276,21876,22976,24076,25276,26476,27676,28576,29576,30876,32076,33076,34276,35076,36176,37276,38876,39776,40676,41276,42476,43276,44476,45476,46476,47876,48576,49276,50276,50976,52076,52976,54476,55576,56876,57276,58676,59576,60376,61676,62776,63676,64676,65876,66676,68176,68976,70276,71576,72576,74276,74976,76176,76876,78276,79276,80476,81476,81976,82776,83176,83776,84976,85976,86876,88076,89176,90376,91076,92276,93176,93776,94876,95776,97376,98376,99076,100076,101376
user6405568040792975061,1781,2281,3481,4581,5281,6081,7081,7981,8181,9181,9881,10681,11581,13081,14281,15181,15981,17481,18281,19481,20581,21381,22381,23981,24981,25981,26881,27381,28381,29281,30181,30981,31781,32981,33881,35181,36281,37281,38081,39081,40081,40881,42081,42481,42881,43881,44781,45481,46581,47881,48781,49481,49881,50781,51481,52481,53081,53881,54781,55881,56981,57881,59081,59681,60581,61281,62481,63281,64081,64781,66181,66881,68081,70081,70681,71381,72781,73981,74581,75681,76481,77481,78381,79281,79881,81081,82181,82981,83981,85181,86381,87381,88281,89181,90481,91381,93081,93881,94481,95481
user2051012806702735952,2381,3381,4681,5781,6881,7581,8681,10081,11181,12281,13881,15081,15981,17181,18081,19681,20881,22081,22481,23481,23981,24981,25681,25881,26981,28081,29381,30981,31881,32581,33181,34281,35481,36381,37281,37981,39081,39781,40681,41581,43381,44181,45181,45781,46381,47481,48981,49781,50481,51881,52881,53981,54781,55681,56981,58081,59281,60281,61181,61581,62981,63281,64181,65381,66681,67981,69381,70281,71281,71981,73081,73981,74681,76381,77581,78381,79481,80481,81281,82281,82981,83681,84981,86181,87081,88381,89181,90181,91881,92281,92781,93281,93981,94681,95381,96281,97381,98581,98981,99881
user4177720500626811450,2188,2588,3588,4488,5888,6888,7888,8688,9588,10488,11388,12488,13688,15488,16588,16988,18188,19188,20188,21288,22788,23588,24588,25788,26888,27888,28788,29088,30288,31388,31888,33588,34388,35788,36388,37488,38388,39288,40588,41888,42888,44488,45488,47388,48988,50188,51188,51688,52788,53288,54188,54488,55788,57088,57688,59088,59388,60588,61288,61988,62888,63588,64488,65488,65988,66688,67888,68788,69988,70888,71688,73188,74088,74888,75688,76288,76988,77788,79488,80888,81488,82488,82788,83488,84388,85788,86588,87488,88588,89188,90288,91388,92588,93488,94788,96088,97788,99488,100688,101488
user74793281414900533,1982,2482,3882,5382,6782,7782,8582,9782,10582,10982,11382,12582,13682,14682,15882,17382,18382,19182,20282,20982,21682,22382,24082,24582,25782,26882,28182,29182,30582,31382,32582,33582,34982,35682,36282,37882,38682,39582,40282,41182,42082,43282,43982,44482,45282,45982,46282,47082,47982,49082,50082,51182,52282,53282,54882,55382,57082,57682,58782,59582,61382,62582,63382,64282,65482,66882,67682,68882,69882,71182,72282,73482,74382,75282,76082,76682,77782,79182,80382,80582,81382,82482,83282,84482,85582,86482,87882,89282,89782,90582,92082,92882,93882,94682,95882,97182,98182,99082,99782,100582
user2861064665897873058,2279,2779,3879,4879,5479,6179,6679,7479,8479,9679,10779,12179,13179,14379,15479,16879,17479,18979,20379,21079,22079,23179,23879,24579,25779,26679,27479,28579,29779,30879,32279,32879,33779,34679,36179,37179,37779,39079,39679,40379,42279,43179,44179,45479,46279,46879,48079,48879,49479,50179,51379,51779,52479,53379,54679,55779,56479,57179,58479,59379,60179,61279,62279,63379,64479,65579,66479,67179,68179,68579,69779,70479,71379,72279,73379,73979,75079,75979,77179,78179,79579,80579,81979,82979,83579,84379,85379,86379,87179,88679,89479,91079,91579,93179,94579,95679,96779,97879,98479,99179
user1361870457709653378,2280,2480,4680,5580,6780,7980,9680,10480,11380,12480,13380,14980,15680,16480,17580,18880,20280,20680,22280,23980,24780,25780,26280,26880,27980,28780,29680,30680,31380,32180,33580,34480,35480,36580,36880,37180,37980,39080,40180,41080,41780,43080,44380,44680,45980,47180,48180,49080,50080,50780,52280,52980,54280,55380,56980,58080,58780,59880,60380,60880,61480,62280,62680,64280,65780,66680,67280,67980,68680,69880,71180,71780,72280,73680,74280,75780,76680,77580,78780,79880,80780,81780,82980,84380,85480,86680,87280,88580,89080,89580,90580,91880,92480,93880,94880,95580,96480,97680,98580,99880
user5831747414176240325,1966,3366,4366,5166,5566,6366,6766,7566,8866,9866,10666,11866,12666,14066,15066,16566,17066,17966,19766,20566,21466,22466,23566,24466,25666,27366,28366,29566,30466,31866,32866,34166,35566,36566,37066,38066,39066,39966,40766,41766,43466,43966,45066,45966,47566,48066,49166,50166,51066,51666,52566,53666,54766,55466,56566,57166,57566,58766,59966,60966,61966,62666,63966,64966,65466,66466,67566,68366,69266,70166,70866,71666,72866,74066,75466,76466,77066,78066,78666,80266,81366,82766,83866,84766,85466,86566,87766,89266,90166,91066,91866,92966,93766,94566,95966,96966,98166,99566,100766,101566
user185428821771980690,2280,3180,4480,5380,6180,7080,8280,9380,10380,11280,12080,13180,13580,14580,15780,16580,17580,18780,19780,21080,22580,23580,24280,25580,26480,27680,29180,30680,31780,32980,34080,35380,36180,36680,37980,39280,39980,41080,42680,44180,45280,46280,47580,48980,49880,51080,52280,53180,55280,56180,56880,57380,58980,59880,60680,61780,62580,64280,65180,66080,66580,67880,68880,69880,70280,70980,71780,72980,74680,76180,76880,78080,79080,79980,80780,81880,82880,83580,84580,85980,87080,88280,89280,90180,91580,92180,93780,94780,95780,96380,97980,98680,99880,101080,102380,103480,104380,105280,106380,107280
user6993788858761811405,1977,3277,4677,6177,6977,8477,9677,10577,11677,12477,13477,14277,15577,16777,17877,18577,19577,20077,21077,21577,22577,23777,24877,25977,26877,27777,28877,29177,30477,31377,32577,33777,34677,35477,36077,37377,37777,38177,38877,39677,41377,42077,43277,44477,45477,46477,47377,48277,49377,51177,52677,53677,54977,55677,56477,57477,58877,59677,60377,61677,62277,63477,64577,65777,66877,68077,68877,69677,70477,70977,71977,73277,73977,75777,76777,77977,79377,80577,81177,81977,82777,83877,84577,85977,87177,87577,89077,90077,91077,92177,92977,94077,94377,95377,96377,97377,98377,99177,100377,101077
user623503116398875520,1882,3182,4582,5382,5982,6582,7082,8082,8982,10182,11182,12482,14582,15382,16282,17482,18482,19882,20582,21782,23182,24182,24982,25982,27282,27982,28982,29682,30982,32182,33082,34082,34882,35882,36682,38282,39882,40882,41482,42882,43982,44782,45582,46682,47682,48982,49982,50882,51382,52482,53682,54882,55782,57182,57982,59382,60582,61682,62782,63482,64482,65482,66382,67282,68282,68882,69782,70582,71282,72482,73582,74582,75982,76582,77382,78782,79482,80782,81982,83282,84382,85782,86882,87082,87782,88482,90182,90582,91482,92082,93282,94182,94982,95582,96782,97882,98382,98782,99482,100782
user3227454442640408640,1983,2883,3583,4483,5383,5783,6383,7583,9283,10783,11883,12883,13883,14983,15583,15983,16983,17883,18783,19983,20983,22383,22983,24183,25283,26483,27383,27883,28783,29883,31083,32283,33383,34683,35683,36483,37183,37783,38983,39983,40983,41783,43083,44083,45083,45783,46783,47383,48983,49783,50483,51383,51983,53183,53983,55283,55983,57583,58683,59483,60183,60883,62183,63583,64883,65983,67083,68083,69383,69883,70683,71683,72583,73683,74583,75783,76783,77983,78783,79283,79983,80783,81583,82783,84083,84783,85883,87083,87883,89083,90183,91083,92083,94083,95083,95983,96983,97783,98683,99483
user8290580044389398177,1584,2784,3584,4784,6284,7584,8984,10484,11584,12584,14284,15184,15784,16984,17884,19184,20584,21784,22484,23684,24584,25884,27084,27884,28984,30384,31184,32284,32884,33884,34884,35684,36784,37784,39084,40084,40884,41984,43084,44384,45484,47084,47784,49584,50584,51884,52284,52984,53584,55384,56184,57684,58484,59484,60684,61484,62084,62984,64384,65284,65584,66584,67784,68884,69584,70684,71584,72184,73284,74184,75084,75984,77084,77784,79184,80084,81084,82184,82884,83984,84884,86484,87184,88084,88784,89484,90684,91384,92184,93684,94384,95684,96884,97884,98884,100084,100884,101484,102284,103184
user7577105179493538185,1679,2379,3279,4079,5079,5979,6879,7579,9479,10679,11779,12379,13779,14779,15979,16579,17579,19079,20079,21379,22479,22879,24079,24479,25279,26179,28079,29479,30979,31979,33379,34279,35179,35979,37479,38279,39279,39879,40179,41179,42279,43279,43879,45079,46579,47579,48379,50179,50979,51779,52879,54279,55379,56179,56879,58179,59079,59779,60779,61579,62079,62479,63179,63779,64479,65279,66279,66879,67679,68579,69579,70779,71579,71979,72479,73979,74879,75779,76679,77379,78479,79079,79879,80379,81679,82679,83579,85179,85679,86379,86979,87679,88979,90079,90979,92079,93279,94379,95779,96879
user4283669858964623926,2179,3179,3479,4079,4979,6379,7179,8279,8879,10079,11279,11779,12879,14279,14779,15879,17179,18179,19179,20279,20779,21579,22479,23479,24179,25379,26179,27079,28279,28879,29679,30879,32079,32679,33979,35179,36579,37579,38179,39079,40179,40579,41679,42779,43979,45179,46779,47579,48679,49979,51779,53079,53779,55179,56179,56679,57479,58479,58779,59779,61079,62079,62579,63579,64779,65479,66179,67079,68279,69379,69879,70779,73079,74179,75279,76379,77279,78379,79379,80379,81579,82779,83679,84579,85079,86879,87379,87879,88879,90279,91379,91779,93179,94779,95979,97079,98479,99479,100279,101279
user1342784084338284089,1584,2384,3984,5384,6284,7584,8384,9684,10584,11884,12684,13684,14684,15684,17584,18984,20384,21184,22184,23184,24484,26284,27184,28684,29284,30384,31684,32484,32884,34284,34784,36384,37084,37784,38684,39284,40184,40884,43484,44484,45284,46484,47784,48884,49284,50284,50884,51284,52484,53184,54084,55184,55884,56584,57684,58484,59384,60384,61084,61784,62284,62784,63584,64884,65784,67384,68984,70184,71684,72784,73284,74084,74884,76384,77484,78284,79484,80684,81984,82684,83484,84484,85284,86084,86984,87784,88784,89784,90584,91384,93084,93984,95384,96184,97384,98084,99484,100184,101084,102184
user6068196961972484578,1685,2485,3785,4385,4785,5585,6585,7385,8685,10185,10985,12385,13485,14385,15185,16385,17385,18585,20085,21085,22385,23685,24385,25685,27285,28385,29585,30485,31185,32385,33685,34385,35185,36785,37385,38785,39885,40885,41985,42485,43885,45585,46385,47685,48785,49585,50485,51385,52185,53985,55085,56385,57985,58785,59585,60585,61985,62785,63885,65385,66585,67685,68885,70085,71085,72385,73985,75285,76085,77085,77985,79185,80385,81185,81985,82485,83185,83985,84785,86385,87185,88185,89085,89985,90885,91985,93185,94485,95485,95985,96585,97685,98285,99485,100485,102085,103385,104985,106285,107085
user4630413301823649771,1882,2382,3482,4382,5082,6482,7482,8582,9182,10482,11282,12282,13182,14482,15682,16582,17082,18282,19382,20782,21582,22282,22982,23782,25182,26482,27482,28582,29282,30182,30682,31482,32582,33582,34482,35382,36282,37282,38482,39982,41082,41882,43082,44082,44382,44982,47282,47982,49082,49682,50682,51982,53182,54282,55282,56382,57482,58382,59382,59982,61382,62782,63782,65882,67182,68282,69882,70582,71882,72282,73582,74682,76182,77682,79082,79982,81082,81582,82482,83482,84282,85382,86082,87082,88782,89682,90582,91682,93182,93482,94382,95982,96682,97282,97982,98782,99882,100882,101482,102182
user402791996196855654,1779,3079,3979,5579,6079,7079,7479,8879,10279,11679,12479,13479,14379,15279,15979,16679,18079,19179,19879,20879,22379,23179,24479,25679,26679,27879,28879,30079,30979,31879,32679,33679,34579,35479,37279,38579,39079,39879,40579,41079,42379,43579,44579,45779,46679,47879,48579,49679,50579,51679,52379,53179,54479,55279,55979,57079,58479,59479,60379,61479,62679,63579,64579,65379,66079,67179,68579,69479,70279,71079,72279,73079,74279,75579,76179,76779,77679,78279,79379,79979,80979,82379,83079,83879,85179,85879,86479,87579,88979,89879,90879,93079,93979,95079,96079,96679,97279,97679,98279,99179
user3464245635730951458,2274,3574,4974,6374,7574,8974,9774,10874,11674,12974,13774,13974,14874,15874,16874,17374,18174,18674,19474,20374,21474,22374,23274,24374,25974,26874,27674,29274,30074,30674,32074,33274,34074,35574,36474,37274,38274,39074,40174,41174,41874,42774,43674,44774,45474,46474,47274,47674,48574,49274,50474,52074,53174,54774,55574,57174,58074,59074,60174,61274,62574,63574,64274,65274,65774,66974,67974,68874,69474,70274,70774,71474,72774,73874,75274,76274,76874,77674,78474,79274,80474,81274,82574,83474,85274,86174,87074,88174,88874,89974,90874,91874,92474,93874,94574,95874,96374,96874,97374,98174
user8044976447772460445,1575,2275,3275,4075,5375,6575,6975,7675,8775,9875,11275,12875,13675,14675,15275,16275,16875,17475,18475,19275,19975,20675,21475,22275,23775,24575,25675,26575,28075,28975,30375,31475,32275,32975,34375,35375,35675,36675,37475,37875,38775,39775,40975,41875,43375,43975,45175,46075,47475,48375,48775,49575,50775,51675,52675,53075,54175,54675,56275,57075,58575,59775,60775,61475,62375,62875,64275,65075,66375,67375,68275,69475,70475,71375,72075,72775,73875,74675,75175,75975,77275,78775,79475,79775,81475,82875,83675,84575,85475,86775,87975,88675,89975,90575,91375,92275,93075,93975,94975,96175
user7089245932036807623,1880,2480,3680,4480,4980,5480,5880,7380,8080,9480,10280,10980,12080,12880,13980,15380,16180,17780,18580,19380,19880,21680,23080,23980,25580,26580,27680,28880,29780,30880,32080,32980,33780,34980,35880,36480,37980,38580,39880,40780,41880,42980,43980,44880,46080,47080,48080,49380,50380,51580,52980,54080,55080,56080,57280,58080,58780,59380,60480,60980,61780,62980,64280,65480,65980,67280,68280,69280,70380,71280,72280,73480,74980,76380,77280,78380,78980,80180,81180,81880,83580,84680,85980,86980,88680,89180,90680,91780,92580,93580,94480,95280,96280,97380,98080,99880,100780,101380,102080,103280
user6979170352191867914,2079,2579,3379,5079,5779,6479,7279,7679,8579,9679,10279,11079,11679,12879,13579,14079,15179,16079,16979,18779,19479,20579,21179,21679,22479,23879,24879,25879,27079,28079,28779,29979,30679,31379,32379,33479,34479,35279,36079,37279,38279,39279,39879,40679,41679,43279,43679,44879,45579,46179,47279,48279,49379,50079,51579,52679,53479,54579,55379,56579,57279,58379,59179,60379,61479,62479,62979,63779,64679,66379,67579,68879,69779,70779,71579,72579,73879,74579,75179,76179,77679,78379,79479,80279,81279,82279,83379,84879,85479,86679,87579,88679,90279,91479,92479,93179,94079,94779,95579,96679
user2986878673337037154,2083,2783,3883,4683,5583,6483,7583,8983,9883,11183,11783,13583,14183,15283,16083,17283,17783,18783,20083,20783,21883,23183,24083,24983,26583,27383,28783,30083,30783,32483,33383,34683,35883,36983,38183,38983,40083,41483,42383,43483,44583,45283,45883,47283,48583,49783,50883,51683,52483,53183,54083,55183,56483,57983,58983,59683,61183,62083,63483,63783,65183,65683,66283,66683,68283,69083,70083,70883,71783,72483,73283,74183,75183,76783,77783,78583,79483,80183,81283,82683,83583,85283,86283,87283,88783,89583,90383,91283,92083,92483,93583,94783,95783,96483,97283,98183,98983,99983,101083,101283
user4756568954557112432,2778,3578,4578,5978,6678,7578,8678,9278,9978,11078,12078,12578,13678,14378,15278,16378,17278,18278,18878,19378,20578,21578,22778,23178,23678,24478,25878,26478,27478,27878,28878,29678,30578,31678,32778,33578,34078,35078,36378,36978,37878,38378,38978,39578,40078,41678,42278,43478,44378,45478,46378,46978,47678,48378,49078,50378,51678,52578,53378,54478,56178,56978,57678,58978,60278,61378,62378,63378,64678,65178,66178,67078,68278,69078,69878,71078,72378,73278,74278,75678,77078,79078,79778,81178,82078,82978,83778,85078,86178,86678,87878,88978,89978,91178,92178,93078,93578,94478,95978,97678
user7697331399106995587,1977,2877,3677,4277,4877,6177,7277,8177,8877,9677,10677,11577,12677,13377,14277,16077,16477,16677,17977,19077,19677,20477,21277,21977,23077,24177,24977,26277,27377,28377,28877,30277,30977,31877,32477,33177,34277,34877,36277,37577,38977,40277,40677,41477,42477,43577,44777,46277,46877,47777,48477,49777,50177,50777,51777,53277,54377,55477,56477,57477,58677,59677,60477,61177,62177,63677,64477,65477,66677,67877,68777,69677,70977,72277,73577,74377,75177,76077,77077,78277,79077,80377,81177,82077,82877,83077,84477,85377,86277,86977,88377,89177,90577,91577,92177,93277,94477,95777,96777,97877
user1478312101110282112,1776,2876,3976,5076,6176,7276,8376,9576,10576,11376,12876,14076,14876,15876,16676,17276,17976,18476,19776,21476,21876,22676,23676,24876,25576,26676,27676,28276,29676,31076,32076,33576,34476,35676,36776,37576,38576,39876,40676,41676,42476,43676,44176,44976,46176,46976,47576,48376,49076,50076,51076,52676,53476,54176,55576,56576,57276,58176,59276,60376,61076,62476,64176,64976,65776,67076,68376,69876,71076,71776,73076,74076,75076,76076,76876,77876,79076,79876,80776,81976,83176,83676,84376,85176,85876,87076,87776,88576,89676,90676,91376,91776,93576,94676,95976,97476,98276,99676,100276,100776
user5927764447963376991,1777,2877,3577,4477,4977,5977,7277,7977,9077,9577,10977,11877,12677,13877,15177,16277,17077,17877,18577,19877,20377,21377,21977,22777,23977,24677,25377,26677,27677,28377,29577,30477,31777,33377,34877,36077,36877,38577,39477,40677,41977,42877,43377,43977,44877,45877,46877,47777,48477,49277,50277,51277,52477,53377,54277,55477,56677,57877,58777,59177,60377,61577,62677,63677,64877,65677,66677,68177,69177,70477,71977,72677,73877,75077,75877,76977,77977,79477,80377,81077,82077,83377,84077,84777,86077,87477,87977,88977,90677,91977,93077,94177,95277,96177,96777,97577,98977,99677,100577,101077
user527827727906037419,1483,2483,3283,4583,5383,6283,7183,8283,9183,10383,11283,12183,12983,13783,14683,15683,16383,17583,18783,19683,21583,22083,23183,23983,25583,27083,27683,28583,29883,31483,32083,32583,33183,33783,34783,36083,37283,37783,39183,40083,40783,41483,42583,43183,44183,45083,45683,46683,48283,49483,50283,51883,52383,53183,54483,55883,56183,57183,57983,59083,60383,61283,62483,63983,65183,66183,67483,69583,70683,71483,72283,73283,73583,74583,75683,76283,77283,78983,80283,81083,81983,82983,83983,85183,86283,87183,88583,89783,90983,92683,93683,94683,95683,96383,97083,98283,98683,99783,100583,101983
user2172140632122632367,1582,2582,3682,4582,5482,6382,7382,8382,9682,10782,11782,12582,13882,14982,15282,16082,17082,18182,19482,20282,21082,21782,22482,23582,24182,25582,26482,27582,28782,29382,30382,31282,32282,32882,33582,34782,35982,37182,37882,39082,40582,41282,42182,43182,43782,44582,46082,46982,48582,49382,49782,50982,51582,52682,53182,53982,54882,55582,56482,57082,57682,58282,59182,59782,61082,61782,62582,63482,64382,65682,66382,67582,68082,69082,70082,70782,71582,72382,73082,73982,74882,75382,76682,77682,78882,79682,80782,82082,83282,83882,84982,85882,86482,87782,89282,90182,91382,92282,93182,93782
user412506005529689581,1986,2786,3586,4286,5186,6086,7786,9586,10586,11386,12486,13886,15086,16086,16986,18386,18486,19586,21186,22286,23186,23686,24586,25986,26886,27886,28786,29586,30386,31786,33286,34286,34586,35986,36786,37586,38186,38986,39786,40486,41686,42486,43086,44186,45086,46286,47186,48686,49686,51086,52286,53486,54386,55186,56086,56586,57286,58286,59386,60386,61486,61986,63286,64286,65386,66586,66986,67586,68186,68986,69886,70586,71886,73086,74586,75386,76086,77286,78286,79386,80586,81486,82486,83686,84786,85686,86786,87986,88586,89086,90086,90986,91886,92586,93286,94186,94986,95886,97586,98086
user4770627500614915475,2087,2787,4087,4687,5787,6287,6987,7787,8887,9087,10187,10787,11887,13087,13887,15787,16487,17787,18587,19887,20987,22587,23387,24187,25287,25987,26987,28687,30187,31287,32087,33787,34587,35387,36387,37387,38187,39587,40687,41387,42087,42687,44087,44587,45687,46687,47787,48987,50087,50887,51487,52587,53287,54587,54987,55887,56787,58387,59287,60087,61287,62687,63987,65087,66087,67187,68087,68987,69287,70887,71587,72787,73587,74687,76087,76687,77687,78287,79187,81087,82387,82987,84187,84887,85887,86487,87587,88287,89687,90387,91487,92487,93387,94287,95087,95987,96787,98587,99787,100187
user8305758511471482116,1583,2483,3483,4583,5583,6683,8283,8983,10283,11783,13083,13983,15083,16183,16983,17583,18483,19483,20583,21483,21883,22583,23483,24583,25683,26383,27783,28983,29883,30483,31483,32183,33183,33883,35083,36283,37383,38283,39383,40283,41283,43083,43983,44983,45383,46283,47483,48183,48983,49783,50483,51883,52783,53583,54383,55183,55883,56883,57283,58283,59483,60583,61983,63483,64683,65883,66383,67383,68283,70183,70983,71983,72683,73483,74783,75983,77083,78683,79083,79583,80683,81383,82383,83183,84283,85083,85883,87083,88083,88483,89083,90183,91383,92583,93483,94683,95383,96483,98083,98983
user291938140621933614,2175,3675,4775,5875,7175,7875,8775,9575,9875,10275,11175,12575,13375,14475,15075,16375,18275,19075,20575,21775,23175,24075,25175,25675,26775,27275,28075,28975,29375,30875,31975,33075,34275,35875,36875,37875,38275,39075,40175,40775,41975,42675,43775,44575,45175,45875,46375,47075,48075,48775,49775,50775,51975,52875,53575,54475,55575,56375,57575,58575,59675,60475,60975,61775,62775,64075,64775,65675,66275,67675,68375,69275,70475,70875,71675,72675,74175,75375,76375,77175,78275,78675,79775,81175,82775,84175,84675,85475,86275,87675,88075,88775,89975,90875,91675,93075,93875,94875,95875,96375
user643709410794525705,1888,2888,3988,5188,6088,7288,8788,9888,10588,11688,12588,13588,14888,15688,16888,18088,19688,20788,21188,22188,23288,23988,24888,26288,27788,28488,29188,29788,31288,32688,33888,35588,36688,37688,38588,39288,39788,40888,41988,43188,44188,44988,45888,46688,48188,48988,49888,50688,51588,52488,53388,54688,55988,57088,57888,59488,60688,61388,62288,63288,64288,65288,65888,67088,67688,68288,68888,70388,70888,71788,72788,74388,74788,75588,76088,76788,77288,78088,79688,80888,82088,82988,83788,84688,85688,86688,87988,89488,90388,90788,92488,93288,94388,95388,95688,96488,97688,98988,100088,101088
user8859154528474724784,1976,3376,4376,5176,5976,7076,7776,9076,9776,10676,11976,13176,14676,15276,16076,16776,17676,18676,19876,20576,21876,22376,23576,24376,25576,26076,26976,28576,30176,31076,32676,33276,34176,35076,36076,37276,38576,39776,40876,41776,42676,43676,44976,45976,46676,48176,49176,50076,50976,52676,53976,54976,56276,57376,58576,59376,59876,60876,61976,62976,64076,64676,65676,66576,67276,68076,69076,69976,71176,72276,73676,74676,75676,76776,77476,78876,79976,80676,81776,82676,83176,83776,84776,85976,86876,87376,88676,89976,91376,93176,94676,95176,96476,97576,98576,99676,100576,101476,102076,102676
user1462791988733899608,1776,2476,3776,4676,5476,6476,7376,7976,8976,10476,11576,12476,13576,14676,15176,16076,16676,17976,19276,20076,21076,21976,23276,24676,25976,27076,27976,29076,30176,31176,32476,33876,34776,36176,36576,37276,38476,39876,41076,41676,42976,44076,44676,45276,46076,46976,47876,48976,49976,51076,52476,53276,54176,55676,56676,57376,58276,59276,60076,60576,61776,63776,64976,65476,66376,67676,68476,69476,70276,71976,72776,73476,74276,75576,76676,77676,78176,79276,80376,81176,82576,83676,84576,85376,86876,87476,88776,89976,90876,92176,93176,94276,95176,96476,97176,97876,98476,99776,101276,102476
user8270373749993747992,2081,3181,4481,5281,6281,7681,8381,9581,10781,11481,12181,13281,13881,14781,16381,17381,18481,18981,20781,21481,23081,23581,24781,25581,26281,27481,28681,29881,30481,31481,32381,33281,34681,35581,36181,37081,38481,39581,40581,41581,42581,44181,45181,46781,47981,48881,50281,51381,52681,53481,54381,55781,56681,57881,58881,59881,61081,61681,63281,64181,64981,65881,67581,68681,69881,70981,71781,72181,73181,73881,74381,75181,76081,76781,77381,78081,79081,80281,81181,82681,83981,85281,86381,87781,88781,89481,90481,91481,92381,93581,93981,94981,96581,97781,98981,100081,100781,101781,102681,103781
user2760703095385767276,1488,2488,3788,4688,6488,7788,8588,9288,9588,10488,11288,12888,14288,14788,15688,16888,17588,18188,19488,20088,21188,22488,22988,23888,25288,25988,26988,27288,28988,29888,30788,31988,32588,33688,34788,36388,37088,37988,39288,40288,40988,41788,43188,43688,44888,45688,46488,47688,49388,50288,51888,53488,54788,55488,56488,57588,58488,59288,59688,60388,61088,61988,62888,63688,64388,65088,65788,66688,67388,68488,68988,70888,71688,73588,74788,75588,76588,77588,78288,79488,80988,81488,82888,83788,84588,85088,85788,86388,87488,88188,89088,90088,90488,91588,92188,93188,94088,94888,95288,96488
user7219746121495239400,2078,2678,3578,4378,5578,6278,6978,7778,8978,9678,10678,11978,12778,13978,14478,15078,16278,16878,17478,18378,19478,20678,22178,22678,23578,24478,25478,26978,28578,29878,30978,32478,33178,34178,35378,36278,36878,37978,38578,39578,40778,41878,42778,43478,44078,45478,46278,47078,48378,49178,50078,50778,52678,53078,53978,54378,55178,56278,57078,57878,58878,59678,60578,61778,63478,64178,64978,65878,67178,67578,69278,70478,70978,71978,72978,74278,74978,76378,77478,77978,79378,79978,80878,81978,82978,83878,84578,85278,86878,87678,88578,89478,90578,91678,92778,93378,94378,95178,95778,96478
user8637665132542722587,2277,3277,4177,5177,6677,7577,8777,9677,10577,12177,13377,14477,15177,15877,16977,17977,18977,20177,21277,22177,23377,24277,24877,25377,26377,27377,28077,29377,30377,31377,31777,33277,33777,34477,35577,36477,37277,38377,38977,39777,40777,41977,42877,43777,44477,46177,47277,48477,49277,49877,51477,52977,53777,54577,55477,56477,57177,57877,58477,59977,60877,62277,62977,63777,65277,65877,66977,68077,69377,70177,71077,72177,72677,73777,74377,74977,75377,76177,76577,78377,79277,80277,81077,82277,83077,83877,84477,85177,86077,87177,88377,89277,89977,91277,92277,93477,94577,95277,96177,97177
user3599432007208650916,1776,2476,3676,4776,5776,6276,6876,7776,8876,9776,10876,11976,12676,14076,14776,15776,17176,18076,19476,20476,21576,23076,24276,25576,26076,27076,28776,30376,31276,31976,32776,33576,34476,35876,36976,37876,38376,39776,40876,41276,42276,42976,45076,45676,46576,47676,48376,49376,50076,51076,52076,52976,53576,54376,55376,55976,56576,56876,58176,59576,60276,60776,61676,62476,63876,64776,65676,67076,68176,68876,69776,71776,72776,73276,74276,75376,76476,77376,78976,79576,80476,81376,82176,82876,83476,84176,85176,86276,87276,88076,88976,89976,90676,91976,93376,94076,94776,96276,97776,99276
user6299400367237320702,2187,2687,4187,5187,5887,6687,7387,8387,9687,10087,11087,12287,13687,14387,16487,17787,19387,20987,22187,23187,23787,25087,26087,27587,29287,30287,31187,32087,33987,34687,35987,36787,37087,38087,39287,40187,40987,41887,42787,44087,44887,45887,46487,47187,48087,48887,49687,50287,50987,51687,52987,53787,54787,55587,57387,57987,59087,60087,60887,61987,62987,64087,64887,66087,66887,67587,68687,69787,70687,71787,72687,73587,73987,74687,76087,77287,78087,78787,79987,80587,81387,82787,83787,84387,85287,85887,86787,88187,89487,90487,91387,92387,93287,94487,95587,96587,97687,99287,99787,101487
user2750429125540792901,1882,2982,3782,5082,6082,7082,7982,8682,9782,10682,12082,13382,14682,15782,16482,17682,18782,20282,21182,21882,22882,23882,24682,25582,26182,26782,28182,29182,30682,31482,32782,34082,34982,36382,37282,37982,38782,40082,40882,41782,42982,44282,45182,46082,46682,47482,48282,49082,50482,51282,51882,53082,53782,54382,55582,56782,58182,58782,59782,60682,61282,62682,63482,64082,65082,66982,67682,68582,69482,70282,70982,72082,73482,74882,76182,77282,78282,79182,80282,81282,82182,83182,84182,85682,86882,88482,89182,90582,91482,92482,93382,93982,94982,96282,97682,98582,99482,100282,100682,101582
user1578673671622387894,2281,3181,4481,5181,6281,7581,8381,9081,9881,11181,12681,14181,15381,16281,16981,17781,18881,19781,20881,21781,22881,23981,25381,26881,27681,28281,29381,30181,31181,32281,33181,34081,35581,36181,37381,38881,39981,40881,41581,42881,43781,44181,45081,45581,46381,47881,48781,49981,50981,52381,53381,54181,55481,57081,57881,58581,59081,60181,61081,62181,62981,63981,65581,67081,68381,69581,71081,72081,72881,73881,74381,75181,76481,77381,78081,79081,80381,81581,82781,83981,85481,86681,87281,88081,88881,90081,91181,92181,92881,93881,94381,95381,96381,96981,98281,99281,99981,101081,101781,102081
user9215611980666584556,2682,3682,4482,5282,6382,7182,8082,8982,9882,10682,11382,12682,13482,14782,15682,16882,17982,19182,20182,21482,22082,22782,23582,24782,25982,26682,27682,29182,29882,30982,31982,32682,33682,34082,35182,35782,36682,37482,38682,39382,40582,41482,43382,44482,45382,46182,47482,48282,49482,50782,51182,52382,53082,53882,54782,55482,57082,58182,59782,60682,61882,62982,64082,65482,65982,67182,68582,70382,71482,72382,73282,74282,75182,76382,78182,78782,79582,80382,81682,82182,83282,84582,85582,87182,88282,89182,90482,91082,91582,92882,93382,94082,94382,95182,95982,96982,98582,99282,100482,101882
user2282216211967572076,1887,2687,3587,4887,5787,6787,8187,9387,10587,12087,12887,13987,15287,16387,17587,18287,19487,20687,21787,22787,23887,24487,25387,26387,27187,27987,28487,28787,29287,30387,32087,33287,34187,34787,35587,36887,38787,39087,40487,41387,42287,43487,44187,45187,45887,46487,46987,47787,48887,49587,50887,51687,52787,53587,54887,55287,56287,56687,57487,58587,59587,60887,62387,63387,64087,64987,65587,66287,66887,67987,68887,69787,70487,71387,72387,73287,74087,75087,75487,76187,76887,77687,78287,79287,80087,81887,82787,83487,84087,85487,86387,87387,88387,89187,90287,91587,92687,93887,94587,95687
user9210925798647316875,1873,2973,4273,5473,6473,7173,8573,9173,10173,11373,12573,13473,13973,14973,16073,17173,17773,18473,19273,20273,21473,22473,23373,24073,24973,25673,26873,27573,28473,29573,30373,30773,32373,33173,34473,35373,36573,37273,38773,39773,41173,41873,42873,43873,44973,45473,45973,47073,48473,49573,50273,51173,52173,53173,54273,55573,56473,57273,58173,59373,60273,61273,62373,62973,63773,65373,66073,66673,67373,68073,68373,69173,69973,70373,71573,72973,74173,75073,76073,76973,77673,78973,79673,79973,80573,82073,83173,84273,85773,86573,87373,88473,89273,90573,92173,92873,94073,95173,95573,96773
user7123510772490260851,2476,3376,3776,5176,5976,6876,7976,9076,10376,11776,12676,13276,13976,14976,15776,16376,17076,18676,20476,21576,22676,23376,23876,25176,26576,27876,28976,30176,31376,32076,33276,34876,36076,36676,37776,38876,39776,40876,41176,41976,42876,44376,45176,45676,46576,47776,48276,48776,49776,50876,52076,53376,54476,55076,55776,57076,58276,59476,60476,61576,62176,62776,63576,64276,65276,65876,67176,68076,68876,69476,70776,71776,72976,74076,74876,75476,76376,77676,78176,79376,80176,81476,82076,82976,83776,84376,85576,86476,87376,88276,89476,90476,91476,92276,93176,94076,95476,96776,97476,98576
user3604678149740059045,1875,2775,3475,4075,4475,6475,6875,7475,8775,9475,10275,10975,11875,12675,14075,15275,16275,17675,18875,19575,20375,21475,22275,24175,25675,26675,26975,27475,28475,29475,30075,31475,32675,33975,35075,36375,37475,38775,40375,41775,42775,43875,44675,45575,46775,48175,48775,50075,51575,52175,53175,54975,55775,56675,57975,59075,60075,60975,62275,63675,65375,66075,66675,67275,68575,69675,70175,71575,73275,74275,75075,76375,77375,77875,78875,79475,80875,82275,83375,84275,85375,85775,86675,87975,89075,89875,90775,91975,92975,94475,95675,97275,97675,98775,99375,100475,101875,102175,103475,104775
user894777465160713449,2173,2873,3173,3673,5073,6573,7173,8573,9373,10973,12273,13173,13873,14873,15373,16073,16773,17773,18773,19973,21073,21973,22973,24073,25273,26373,26973,28173,29173,29873,30873,32273,32873,34573,35573,36273,37073,37973,39673,40373,41273,42073,42473,44173,44873,45973,46573,47473,48773,50073,51273,52673,53973,54573,55473,56773,57773,58973,59673,61473,62373,62773,63973,64673,65673,66773,67673,68173,68973,70073,70873,71773,72473,73973,74773,75673,76673,78173,79173,79873,80573,81273,82273,83673,84473,85173,86273,87673,88773,89873,90373,91373,92673,93673,94473,95373,96473,97073,97873,98973
user4992116896546917672,1980,2880,4080,5280,6180,6880,7880,8480,9580,10680,11680,12580,13880,15480,16180,16880,17780,18780,19480,21080,22080,23180,24980,25780,26180,27180,28480,29780,31580,33180,34380,35180,36080,36780,37780,38480,39780,40780,41680,42480,42980,43980,45080,45780,47380,48780,49480,50480,51680,52280,53880,55080,55880,57380,58580,59780,60780,61980,62980,63880,65180,65880,66580,67880,68780,69880,70380,71180,71880,72780,74180,75180,76080,77080,78280,79080,79780,80880,82680,83780,84480,85380,86480,87480,88080,88980,89980,90780,91680,92580,93480,95180,96080,96980,97880,99280,99780,100480,101580,102980
user8396187757432912088,1383,2483,4383,4783,5783,6883,8083,9183,9783,10283,11283,12083,13283,14283,15283,15883,17283,18283,18883,19683,20283,21483,22083,22883,24183,25383,26383,27783,29183,30483,31783,32883,33583,34583,35483,36483,37283,37983,38883,40183,40883,41983,43783,45083,46483,47383,49183,50083,51383,52883,54483,55083,56183,57483,58583,59483,60483,61683,62483,63683,64683,65183,66183,67083,67783,68483,69283,70383,72283,73783,75183,76083,77083,78683,79583,80583,81183,81783,83083,84183,84883,86183,87283,88583,89183,89983,91083,92283,93883,95283,96283,96783,97583,98283,99683,100383,101783,102783,103683,104383
user6419968232145076669,1968,2568,3668,4568,5868,6868,8068,9468,11068,11968,12768,13668,14568,15568,16668,18068,18668,19668,20668,20868,22168,22968,23968,24668,25568,26868,27868,29068,30168,30968,32768,33768,34868,36168,37168,37768,38768,39268,40268,41268,41868,42968,43968,44668,45668,46868,47868,48868,49968,51968,53068,54168,55568,56568,57268,58068,58668,59268,59968,60668,61968,63468,64268,65768,67068,68068,68268,69668,70568,72068,73168,74068,75068,76168,77468,78468,79568,80768,81968,82768,83668,84768,85268,86168,86968,88268,89168,90268,91368,92468,93468,94168,94868,95868,96468,97468,98168,99168,100868,102168
user6737474661864215532,2681,4081,5181,5881,6481,7781,8481,9681,10081,11581,12681,13581,13881,14481,15181,16181,16981,18281,19081,19881,20781,21981,22881,24081,24981,26081,26581,27781,28681,29781,30581,30981,32281,33581,34181,34981,36281,37281,38081,39481,40981,41881,43281,44381,45081,46181,46981,48081,49281,50581,51881,52981,53681,54581,54881,55481,56881,57581,58381,59081,59881,61081,61781,62281,63681,64981,66081,67281,69281,70681,71981,72881,73681,74981,76181,77381,78281,78981,79581,80681,81881,83581,84681,85581,86681,87881,88881,90181,90881,91881,92781,93981,95481,96281,96781,97481,98281,99881,100681,101881
user1362430418221793826,2183,3483,4883,5983,6983,8083,9383,10283,11683,12983,13683,14783,16183,17183,18483,19583,20583,21583,22083,23083,23983,24283,25183,26183,27083,27883,28583,29983,30783,31183,31983,32783,33883,34783,35683,37083,38183,39583,40583,41583,42683,43583,44683,45483,46783,47883,48683,49683,50483,51583,52883,53683,54583,56083,56883,57483,58683,59483,60983,62483,63383,64483,65383,66383,67383,67983,68683,69583,70983,72183,72983,74483,75083,76483,77083,77983,79183,79783,80683,81683,82583,84183,84783,85583,86383,87483,88083,89283,90483,91783,92883,93883,94683,95483,96483,97383,98183,98983,100283,101183
user7707045408439829514,2580,3480,4980,5880,6780,7780,9080,10380,12080,12880,14380,15380,16080,16880,17880,19680,20380,21580,22880,24180,25380,27180,28480,30080,31280,32480,33380,34280,35980,36580,38280,38980,39880,41080,42280,43480,44880,45880,46880,47480,49080,49980,50680,51580,52480,53180,54480,55080,55980,56880,58380,59480,60180,61180,62280,63080,64380,65180,66080,66980,67580,68580,69380,70180,70780,71680,72580,73880,75080,76080,77380,78280,79280,80380,80680,81880,82980,83880,84780,85880,86380,87280,88380,89380,90180,90680,91280,92980,94080,95080,96080,96880,98180,99280,100380,101280,101780,102980,103980,105080
user6169460138291029373,2279,2879,4579,5879,6679,7579,8279,9379,9979,10979,12479,13479,14679,15579,16679,17779,18079,18879,19779,21179,21779,23179,23879,24779,25379,25979,26379,27879,28879,29379,30379,31479,32079,33079,34979,35879,37079,38779,40279,41579,42579,43379,44179,45279,46379,47579,48479,49579,51079,52079,52779,53979,55079,56479,57579,58479,59779,60779,61779,62379,63479,64279,65679,66479,66879,68079,69379,70379,71579,73179,73979,74679,75479,76379,77079,78179,78979,80379,81179,82079,82779,83679,84379,85579,86179,87179,88379,89379,90379,91379,92479,93179,93979,95079,96979,97979,98979,100179,101079,101479
user2754896992342218699,2275,3275,4475,5775,6975,8175,9375,10475,11575,12475,13775,14975,15775,16575,17375,18575,19175,20175,21175,21675,22775,23575,24875,26175,26575,27375,28775,29875,30875,31675,32875,33875,34675,36375,37775,38475,39575,40275,41275,42075,43275,43975,45075,46275,46775,47675,48775,49475,51275,52475,53675,54575,55075,56075,56875,57475,58175,59375,60575,62175,63075,64375,65075,65775,66275,66975,67875,68475,69775,70875,71175,71775,73475,74075,74575,75775,76575,77775,78875,79375,80775,81275,82875,84075,84475,85975,87075,87975,88675,89475,90575,91375,92875,93675,94475,95575,96475,97875,98575,99575
user4982744532508382310,2176,2876,3276,4276,4876,5476,6176,7676,8576,9576,10576,11176,12076,12876,13876,14676,15976,16876,17876,18876,20076,21576,22076,23576,24676,25676,26576,28176,29076,30276,31276,31676,32176,33576,34376,35976,36976,38176,39776,40776,41076,42176,42876,43476,44776,45876,47076,47876,48676,50076,51976,52976,53976,54776,55476,56076,57176,58176,59076,60276,61576,62176,63076,63776,65476,66276,67476,68476,69276,70076,71476,72376,72976,74076,75276,76376,77176,78076,79376,80276,81376,82676,83776,84976,85376,86676,87576,88476,89476,90476,91876,92776,93676,94376,95576,96876,98076,99176,99976,101076
user7928534804371831711,1983,2583,3883,5283,5883,6883,7483,8383,9483,10283,11383,12383,13483,14283,15383,16183,17483,18483,19083,20383,21283,22383,23183,24783,25483,26383,27683,28883,29283,30683,31283,32283,33383,34083,34683,35683,36583,38483,39083,39683,40883,41783,43383,45283,46483,47383,48183,49483,50783,51383,52983,53983,55283,56083,57183,58483,59583,60683,62083,62883,64083,64783,66083,66483,67683,68683,69583,70583,71783,72483,73883,74483,75883,76783,77283,78083,79583,80283,81483,82483,83683,84983,85983,87183,88183,89783,91383,92483,93083,93783,94583,95583,96183,97183,97983,98983,100383,101283,102083,102983
user9119376631661606007,1383,3183,3883,4783,6083,7083,7483,8183,9183,10283,11083,12083,13383,14183,14983,15283,15983,16683,17283,17983,18783,20283,21283,21783,23083,23783,24583,25483,26283,26583,27383,28283,29183,30083,30783,31983,32883,33783,35183,36583,36983,38283,39483,40583,41083,41783,42783,43783,44583,45883,47083,47683,48283,49183,50383,51483,52483,52683,54283,55283,56583,57383,58683,59083,60283,61983,63183,64283,65183,66283,66983,67783,68683,69983,70983,72083,73083,74183,74983,76483,77183,77883,78483,79983,81283,82883,83683,84783,85683,87183,88283,88883,89583,90383,92183,93183,94483,95283,95883,96483
user4273955849631789999,2077,3377,4877,5977,6577,7677,8777,9977,10977,11977,12977,14177,15377,16877,17677,18577,19177,19777,20377,21577,22977,23377,23977,24377,24977,25477,26077,27277,28477,29377,30077,30977,32177,32877,34077,34977,35677,36677,37677,39177,39777,40677,41577,43077,44477,44977,45977,46477,47577,48477,49477,49977,50877,51377,52277,52977,53877,54577,55477,56177,57077,58577,59577,60477,62077,63177,63977,64877,65777,66877,67377,68577,69777,70777,71377,72377,73477,74177,75477,77077,77577,78177,78777,79977,80777,82277,83477,84977,85977,86877,87877,89277,90277,91077,91477,92677,93677,94377,94977,95777
user171028630419879082,2479,3479,4279,5079,6579,7079,8179,9079,10079,11279,12379,13079,14179,15179,16279,16879,17579,19079,19679,20779,21379,22779,24379,25279,26179,26579,27479,28479,29579,30979,31979,32779,33879,35379,36379,37679,38379,38979,40579,40979,42579,43879,44779,45979,47079,47979,48879,49579,50679,51879,53279,54079,55279,56579,57379,58279,59279,60479,61279,62079,63079,64279,65379,66279,66979,67379,67979,69879,70779,72179,72879,74279,75079,75879,76479,77679,79079,80179,81479,82779,84079,84779,86179,86979,87679,88579,90179,90979,92079,93179,94579,95479,95879,96579,97679,98379,99179,100179,101279,102079
user8618018798659212850,1764,2364,3464,5164,5864,6564,7864,9364,9864,10764,11264,12364,13364,14664,16264,17364,18764,19564,20464,21064,22164,23964,25364,25864,26964,28764,29364,30364,31264,32864,33864,34464,35564,37064,38464,39864,40864,41664,42464,43164,44164,45064,45864,47564,48864,49864,51264,51864,52664,53664,54464,55464,57064,57864,59164,60064,60864,61764,62864,63564,64864,65964,66264,68264,69064,69664,70564,71264,72164,72964,73964,75464,76564,77864,78564,79964,80664,81364,82264,83564,84564,85664,86464,87464,88564,89764,90164,91064,91764,92964,93564,94464,95564,96164,97864,98864,100264,101264,102364,103064
user6887621185206157046,1484,2584,2984,3984,5484,6384,7084,7884,8384,9384,10284,11284,11784,12584,13084,13684,14484,15484,16484,17284,18384,19284,20784,21984,22884,24084,25184,26684,27884,28984,31084,32284,33684,34984,35984,37484,38784,39684,41584,42384,43484,44184,45084,46084,47484,47884,49284,50484,51684,52984,53384,54384,55684,56584,57584,58984,59784,61584,62884,63884,64784,65784,67184,67984,69084,70284,71384,72684,73884,74684,75784,77384,78084,79184,80384,80984,82184,82984,84084,85084,86384,87184,88184,89684,90684,91784,93284,93884,95184,95984,97084,97684,98784,99684,100584,101284,101984,102884,104284,105184
user8034484162709644187,2171,3271,4371,5671,7371,7971,9371,10471,11471,12671,13771,14771,16171,17071,18171,19071,19871,20471,21271,22771,23871,24771,26071,27171,28371,29171,30171,31171,31771,32771,34371,35571,36771,37271,37871,38571,39471,40571,42171,43071,44071,44771,45971,46971,47871,48171,48971,50171,51071,52071,52971,53571,54971,56271,57771,58771,60071,61171,62071,63571,64571,65571,66771,67771,68671,69671,70571,71471,72271,73271,74471,75071,75671,76571,77071,78171,78971,79471,80571,81771,82671,83571,84571,85371,86371,87371,87671,88371,89071,89871,90971,92271,93471,94871,96271,97071,97471,97871,98671,99371
user2866310808429281187,2476,3676,4576,5076,5976,6876,7876,8576,9076,10376,11476,13276,13876,14576,15476,16276,17376,18476,19776,20976,22476,23576,24076,24776,25276,26576,27076,28476,29476,30176,31276,32476,33976,34976,36076,36676,37976,38876,40076,41076,42376,43276,44476,45276,45976,47676,48876,49376,50276,50876,52376,54576,55576,56776,57176,57976,58776,60276,61276,61876,62776,63976,65176,66376,67176,67876,68876,69976,71076,71776,72276,72776,74276,74876,75776,76876,77876,78976,79676,80576,82076,83176,84176,85376,86176,87176,88676,89876,91276,91876,92576,93576,94276,95876,96576,97276,98076,99076,99976,101176
user1458105806714631927,1982,3382,4382,5582,6982,7482,8582,9082,9782,10882,11582,12682,13882,14782,15482,16682,17982,18882,19882,20982,21682,22682,24182,24782,25882,26682,27482,28782,29782,31682,32182,33082,33882,34582,35282,36482,37882,38582,39182,40682,41582,42782,43782,44782,45282,46982,47982,49582,50782,52482,53782,55082,55582,56682,58482,59282,60382,61282,62282,63082,64182,65282,66282,67582,68182,68782,69782,71182,72282,73982,74582,75182,75582,76782,77482,78582,79482,80182,81582,82582,83482,84082,85782,86282,86882,88482,89382,90082,91482,93182,93882,95282,95782,96382,97982,98882,99882,100482,102582,104082
user2634547442652304615,1879,2679,3379,4179,5279,6179,6979,7579,8579,9279,10679,11579,12779,13879,15079,15579,16979,18079,19479,21179,22679,24079,25579,26679,27979,28979,29879,31079,32279,33379,34679,35779,36279,37079,38179,39179,39679,40179,41079,41779,42979,44079,45079,46079,47079,48179,49579,50479,51879,52479,53379,54379,55379,56479,57479,59079,59579,60579,62279,62779,63579,65179,65979,66479,67179,68079,69279,70279,71179,72179,73279,74579,75279,75779,76979,77879,78779,79979,80879,82079,83479,84679,85279,86179,87379,88079,88979,90079,91279,92579,93979,95079,95979,96679,97579,98679,99979,100779,102079,102979
user9114690449642338326,1478,1978,2778,3578,4878,5778,6578,7178,8178,9078,10878,12378,13478,14778,16178,16578,17678,18478,19178,19878,20878,22078,22878,23478,24678,25478,26078,27078,27778,29578,31178,32178,32778,33478,34078,35478,37078,38178,39478,40578,41478,41878,42778,43678,44378,44978,45878,47178,47878,48878,49878,50578,51378,52178,53078,54178,55378,56578,57078,58278,59378,60778,61378,62578,63578,64478,65678,67178,67678,68678,70078,71378,72478,73578,74978,75778,76978,78678,79878,81078,82378,83178,84378,85278,86378,87578,88878,89478,90278,91378,92078,93078,94078,95078,96178,97578,99578,100478,101278,102978
user3464463950948793341,1483,2783,4183,4783,5783,6283,7583,8283,8683,9283,10383,11083,12583,14283,15183,16383,17183,18183,19383,20483,21883,22883,23983,25283,26383,27283,28583,29583,30783,31283,32383,33683,34483,35283,35783,36683,37283,38383,39183,40483,42083,42983,43783,44583,45483,46383,47383,48483,49083,49883,50783,51583,52483,53583,55083,56483,57383,58683,59583,60883,61783,62983,63883,64783,65883,66983,67283,68683,69283,70683,71483,72783,74283,75483,76083,76883,77983,79283,80283,81283,82483,83183,83983,85183,86283,87083,88083,89583,90683,91983,92883,93683,94383,95283,96183,96983,97783,98783,100183,101383
user6626839121507135375,1981,3181,4281,5181,6281,6681,8681,9481,10881,12081,13281,13981,15081,15381,16081,16781,17381,18881,19281,19981,20881,21881,23081,24181,25381,26681,27681,29181,29881,30681,31781,32781,33981,35481,36181,36881,37981,38281,38981,39581,40381,41581,42281,43181,44181,44781,45981,47181,48081,48881,49981,51181,52281,53381,54381,55081,55681,56281,57081,57481,57881,58281,59181,60281,61781,62781,63381,64281,65281,66181,66681,67781,68581,68881,69981,71681,72481,73281,74181,74681,75881,76981,77881,78881,79481,80181,80881,82181,82781,84181,85681,86581,87181,87581,88581,89581,90481,91581,93081,93581
user7803280757444808063,1879,2579,3579,4179,4979,6179,6979,7479,9179,10379,10979,11879,12679,14179,15179,15879,16879,17779,18779,19579,20079,21179,22479,23679,24479,25679,27079,28179,29479,30279,31379,32279,33679,34879,36079,36579,37579,38779,40379,41379,42479,43079,43979,44779,45879,47079,48479,49579,50479,51279,52079,53479,54479,55679,56379,58379,59579,60379,61379,62779,64579,65979,67279,67679,68179,69379,69979,70479,71779,72579,73179,74579,75879,77279,77579,78479,78779,79379,80079,81479,82279,83179,84079,84479,85479,86679,87379,88079,89279,90379,91279,91879,93179,93979,95079,95579,95979,97179,98079,99279
user6641239312859236983,1877,3177,4077,5077,6077,7377,8577,9377,10877,11677,12477,13477,14677,15677,15877,16777,17777,19077,19677,20977,22077,23577,24877,25877,26877,27677,28477,29577,30477,31777,34077,35277,36377,37177,38177,39077,40077,40777,42277,43177,44277,45177,46077,47177,47877,48777,49877,51177,51677,52877,54077,55077,55977,57277,57877,58877,60077,60577,62077,63177,64177,64377,65177,65977,67477,68977,70477,71977,73277,74677,75977,76977,78377,79877,80177,81377,82477,83577,84377,86077,86977,88077,88877,89677,90877,91677,92677,93377,94177,95077,96577,97977,99077,99877,100677,101377,101777,102677,103577,104777
user1332851759787608279,2281,3081,4081,4881,5881,6981,8281,9181,10381,11381,11781,13081,14381,15281,16481,17181,18481,19381,20981,22481,23481,24481,26181,26781,28181,28881,29481,30381,31381,32281,33081,34281,34681,35881,36881,37981,39281,40881,41481,42081,42781,43581,44581,46081,47581,48881,49481,50781,51781,52281,53381,54781,55781,56881,57381,58281,58781,59281,60381,61281,62281,62981,63881,65081,65381,66381,67081,67681,68681,69081,69881,70381,71381,72181,73081,75181,75581,76981,77881,79481,80881,81381,82681,84181,85881,86981,88681,89681,90781,92181,93081,94281,95081,95981,96781,97181,97681,99181,100481,101581
user417192187548957262,1979,2679,3479,4579,5679,6579,7479,8179,9079,10379,11279,11779,12879,14279,15379,16179,16879,17779,18679,19579,20279,21079,21879,22679,23879,24679,25779,26679,27779,29179,29979,30279,31279,32079,32779,33379,34379,35079,36579,37379,38179,39279,40079,41279,41979,43079,43579,45079,46079,47279,47979,48579,49779,50979,52179,53879,54679,56079,56779,57979,58379,59479,60979,61579,61779,62779,64379,65579,66679,68279,69279,70579,71379,72679,73779,74779,75779,77079,78479,79079,79979,81279,82379,83979,84579,85579,86379,87179,88379,89279,90379,91179,92379,93979,94779,95779,96579,97379,97879,99079
user4047438626386221556,2285,3385,4385,5085,6385,7485,8485,9385,10385,11885,12985,14285,14885,16185,17485,18385,19285,19885,21185,21885,22585,22885,23685,24485,25885,27285,28085,28785,29985,30585,31285,31885,32685,33785,34685,35985,36785,37885,38785,40185,41285,41785,42685,43685,45285,46185,47185,47485,48685,49185,50285,50685,51185,52285,53485,54885,56585,57485,58785,60485,61485,62785,63585,64185,65185,66485,67585,68685,69785,70785,71985,73185,73885,74685,75485,76385,77585,78085,80185,81185,82185,83585,84585,85385,86485,87585,88385,89685,91285,91785,93085,94285,94885,96285,97285,98085,98885,99485,100085,101385
user8531155813692769663,1888,2788,4188,5088,5888,7388,8888,9588,10588,11788,12688,13488,14488,15088,15988,16888,17988,19388,20288,21388,22088,22788,23588,24688,25788,27388,28688,30188,31488,32588,34188,34488,35588,36788,38088,39388,40288,41388,42088,43088,44588,45088,45988,47088,47888,49088,49488,50888,51888,53188,53788,55088,56688,57288,58288,59088,60188,61488,62888,64088,65288,66088,67688,68388,69488,70088,70788,72088,72988,74088,75288,75988,76988,77388,78188,79088,79788,80788,81988,82988,84388,85188,85788,87688,88588,89688,90588,92188,93888,94788,95788,97188,98488,98988,99888,100588,101788,102788,103888,104388
user4404237723872379893,2278,3478,4478,5478,6678,8078,8878,10078,11078,12478,13578,14778,15778,16678,18078,19278,20578,21278,22578,23378,24478,25278,26178,27578,28678,29878,30378,31578,32478,33578,34878,35678,36678,37478,38078,39178,39878,40878,41678,42778,43778,44778,45378,46478,47178,47978,49078,50478,51678,52178,53078,54178,54978,56078,56778,57778,59178,60378,61378,62178,62478,63378,64278,65078,65878,66478,67478,69078,69778,70378,71278,72378,73078,74178,75078,75778,76278,76878,77878,78978,79878,80878,82378,83378,84178,84978,85978,86478,87178,87878,89078,90378,91878,92578,93678,94478,94678,95778,96778,97978
user2649507594516546671,1979,3379,4579,5579,6579,7179,8079,9079,9879,11279,12379,13479,14879,16679,17279,18379,19579,20479,21379,21879,22379,23779,24779,25379,26679,27679,28679,29379,30079,31179,31879,32579,33879,34779,35579,36379,37479,38879,39679,41079,42079,43779,45379,46479,47379,48479,49179,50479,51679,52279,52779,54179,55179,56179,57379,58579,59579,60379,61679,62579,63279,64579,65379,66179,67479,68279,68879,70379,71379,72379,73479,74479,75579,76479,77279,78079,78979,80079,81279,82379,83579,84079,85379,87079,87779,88679,89179,90279,91279,91779,93179,93979,94879,96179,97379,98579,99379,100079,100979,101879
user2393971673348933129,1987,2287,3287,3987,5287,6387,7287,7987,8687,9587,10487,12087,13687,14487,15487,15987,17387,19287,20087,20887,21787,22787,24287,25287,26887,28087,29087,30487,31287,32187,33187,34587,36087,37187,38187,39287,40387,41387,42587,43787,44587,45487,46387,47187,48387,49587,50887,51687,52687,53787,54587,55387,56487,56987,58487,59587,60387,61187,62187,62887,63587,64687,66287,67587,68687,69487,70187,71787,72787,73487,74487,75187,75787,76787,77887,78987,79987,80687,81787,83087,83787,85087,86187,86787,87487,88687,89787,91787,92287,93487,94487,95987,96987,97787,99587,100587,100987,101987,103087,103987
user7798594575425540382,1877,2677,3477,4977,5877,6477,7677,9177,9977,10877,11477,12177,13377,14277,15077,15777,16777,17177,18677,19877,20877,21677,21877,22677,23877,24877,25477,26477,27877,28777,29277,30477,32077,33277,34877,36077,37277,37777,38977,39277,40077,40777,42077,43377,43877,45377,46577,47277,47877,49077,50077,50977,52177,53377,53877,54177,55577,56777,57977,59077,60877,61077,61777,62477,63277,64377,64777,65677,66677,67977,69777,70877,71477,72677,73677,74477,75677,76077,77377,78377,79277,80277,81677,82177,83677,84877,86077,86877,87777,89177,89877,91277,92077,92677,93477,94377,95477,96477,97677,98277
user980520529102875740,2483,3583,4583,5583,5883,7283,8583,9783,10783,11483,12783,13283,14083,14883,15783,16883,17583,18083,18583,19583,20383,21483,22683,23483,23883,24783,25783,26883,28083,29483,30683,31483,32883,34083,35283,36683,38183,38683,39083,40083,41083,42283,43583,44583,45583,46583,47283,47783,48483,49083,49683,50383,50983,52483,53383,54683,55783,56783,58183,59283,60383,61583,62083,62583,63583,64283,65483,66083,66883,68183,69683,70883,71883,72683,73783,74483,75283,76383,77183,78383,79483,80483,81583,82083,82783,84383,85383,86483,87683,88783,89683,90883,91383,92083,92683,93683,94583,95683,96983,97783
user8874114680338966840,2581,3781,4581,5681,6781,7781,8481,9381,10981,11881,12581,13781,15081,15781,17081,18081,18781,19581,20381,21681,22181,23381,24481,25781,26881,27681,28581,29681,30681,31281,31681,32581,33581,34981,36481,37581,38381,39381,40781,41481,42181,43181,44081,45081,46081,47381,48681,49681,50281,51881,52681,53581,54281,55881,56581,58081,58981,59681,61281,62381,62881,64181,66081,67181,68381,68981,69781,70381,71081,71981,72781,73781,74781,75581,76581,77781,78481,79181,79881,81881,82481,84181,84581,85581,85981,87181,88481,89181,89981,91081,91881,92981,93381,94481,95081,96181,97581,98381,99481,101081
user4635659444355057900,1579,3079,3779,3979,5479,6579,7879,8679,10079,11779,12579,14079,14979,15679,16479,17279,17779,18579,19379,19979,20879,21979,22579,22879,23879,25679,26379,27279,28779,29879,30779,31379,32179,33479,34479,35379,37479,38279,39379,39979,41279,42079,43279,44579,45579,46679,48179,48979,49979,50979,51779,52779,53879,54979,56179,57179,58779,60179,60479,61679,62579,63779,64579,64879,66579,67479,68579,69779,70679,72079,73279,74579,75779,76879,77579,78479,79279,80079,81379,82179,83679,84779,85879,86879,87379,88379,88979,89779,91079,92179,93079,94479,95479,96579,98079,98879,100379,101479,102679,103579
user1714201688394385917,2074,3174,4174,4774,5374,6374,7374,8174,8874,9374,10474,11474,12774,14074,14774,15774,16674,17674,18574,19374,20274,21674,22474,23574,24274,25574,26274,27374,28474,29774,30774,31674,32674,33374,34474,35374,36074,36674,37574,38674,39774,40474,41974,42874,43474,44574,45574,47074,47974,48874,49674,50674,51774,52874,54174,54874,55874,56474,57374,58374,59874,60474,60774,62374,63974,65474,66374,67074,67974,69074,69774,70774,71874,73074,73974,74574,75774,76374,76874,77274,78474,79574,80674,81774,82374,83374,84574,85374,86374,86774,87474,88174,89374,90174,91174,91674,92474,93574,94674,95674
user4403896078578081328,1573,2473,3473,4573,5773,6773,8273,9473,9973,10673,11873,12573,13073,14373,15473,16773,17673,18373,19473,20373,21473,22973,23873,25173,26973,28073,29773,30673,31973,32773,33673,34873,35873,37673,38573,39273,39873,40873,42273,43073,44073,44773,45373,46573,47673,48373,48973,50473,51273,52973,53473,54273,55173,55973,57473,58373,59573,60073,60873,62473,63673,64773,65773,66573,67473,68373,69473,69673,71273,72173,73373,74273,75073,75873,76773,78073,79073,79873,80673,81573,83173,83473,84273,85073,86873,87773,89173,90473,91573,92573,93973,94773,95473,96673,97573,98973,99873,100573,101273,102673
user7325695479833051876,2279,3379,4179,5679,6879,8179,9079,9979,10979,11879,12679,13879,15179,15979,17279,18479,19779,20879,21779,22479,23679,25079,25979,27479,28679,29979,30779,32579,34079,34779,35779,36479,37779,38679,39579,41179,42379,43479,44379,45479,46479,47079,48279,49079,50279,50979,52179,53579,54279,54979,56579,57379,58079,58779,59579,60579,61479,62279,63579,64579,65579,66279,67479,68079,69479,70379,71579,72279,73479,74579,75679,76579,78479,79179,79879,80979,82379,82879,83879,84779,85679,86579,87479,88379,89579,90079,90879,92379,92679,93479,94479,95479,96879,98679,99779,100679,102279,103579,104479,105679
user3806302896570709622,2574,3474,4074,5074,5874,6474,7374,7774,8874,9674,11274,12574,13574,14674,15374,16174,17174,18274,19274,20274,20574,21274,22074,22774,24074,24974,25974,26774,27874,28874,30174,30974,31874,33074,34474,35474,36174,37174,38174,39174,40174,40974,42474,42974,44274,45474,46674,47674,48574,48974,49974,51174,52574,53374,54574,55674,56774,58074,59074,59574,60274,61174,62474,63674,64374,65774,66574,67774,68574,69474,71174,71874,72774,74074,75074,76074,77574,79374,80074,80674,82274,83374,84974,86274,87374,88674,90074,91074,91774,92574,94074,95574,96774,97874,99474,100674,102574,103074,104474,105374
user2056818909746284529,1986,3386,4986,6086,6586,7686,9086,9886,10786,12186,13586,14386,15686,16886,17686,18786,19386,20786,21686,22486,23386,24286,24986,25986,27586,28086,29386,30286,31086,32086,32886,33586,34786,35786,36586,37586,38886,39886,41286,41886,42786,43486,43886,44786,45986,47186,47986,49286,50086,50886,51686,51886,52586,53186,54186,55186,56186,57386,58386,58686,60486,61486,63186,63786,64986,65786,66786,67686,68886,70286,71386,72686,73686,74486,76186,76786,77686,78386,79886,81586,82886,83686,84286,85486,87186,87586,88786,89386,90486,91886,92586,92886,93586,94686,95486,96286,96886,98086,98686,99486
user5595857826892136520,1680,2680,3480,4680,6180,7280,7480,8480,9380,10780,11980,12680,13780,14480,15480,16080,16680,17580,18580,19780,20880,21980,22380,23480,24080,25680,26480,27280,28680,29480,30980,31880,33180,34280,35180,36280,37380,38780,39780,40380,41180,41780,42680,43680,44480,45280,45880,47080,48480,49180,50280,51980,53180,53980,55680,56580,57780,58880,59880,61480,61980,63080,63980,64980,66280,67280,67980,68680,69780,70480,71280,72680,73280,74280,75280,76780,77580,78580,80380,81180,82980,84080,85080,87080,88180,89380,90280,91580,92580,93780,95280,96480,97280,98080,98980,99280,100680,101380,102080,103680
user1829523410770733755,2465,3465,4865,5465,6165,7065,8065,9265,10365,10965,12165,13765,15565,16665,17565,18965,19665,20365,21665,22765,23965,24865,25865,26765,27665,28865,30165,30765,31965,32365,33265,34765,35165,36065,37065,37965,38965,39565,40965,42065,42865,43865,45365,46465,47465,48965,49865,51365,52265,53465,53865,54665,55265,56065,56865,57765,58565,59465,61065,61565,62565,64665,65665,66265,67165,68465,69465,70465,71365,72265,72965,73965,75165,75765,76565,77365,78965,80265,81265,82265,82865,83865,85165,86165,87265,88865,89665,91065,91865,93765,94365,95265,96865,97665,98665,99265,100565,101165,102365,103665
user1111580679073447965,2185,3385,4285,5085,6185,7385,7985,9185,10085,10585,11585,12685,13685,14485,16185,16785,17985,19085,20185,20885,21485,22585,23385,24285,26185,27385,28885,30285,30985,31685,33285,34085,35285,36285,37085,38085,39085,39885,40985,41585,42485,43585,44385,45285,46185,46385,46985,48585,49685,50985,51585,52385,53585,54585,55485,56885,58185,59685,60585,61685,62985,63785,65285,66085,66785,67785,68785,69485,70385,71085,73185,73485,74385,74685,75785,77385,78585,79485,80685,82285,83685,84785,85685,86385,87685,88085,89585,90485,92085,93485,94185,94985,96085,96885,97785,98885,99985,101085,102285,102785
user8280866035056564250,2381,3681,4481,5281,6281,7981,9281,10481,12081,12881,14781,15581,17081,18081,18981,20281,21081,22181,23281,24581,25381,26481,27281,27981,28781,29981,31181,32581,33381,34581,35081,36181,37081,38681,39581,40081,40981,41881,43081,44581,45081,46081,46981,48481,50181,51181,51881,53081,54181,54281,55081,55881,56681,57281,57781,58481,58981,59781,60481,61681,62781,64181,65281,65981,67081,68781,69581,70181,70781,71781,72781,74181,75081,76681,77881,78581,79781,80981,81381,82381,83381,84081,85481,86181,87281,88981,90181,91881,93181,93981,95081,96181,97081,97981,98781,99681,101081,102181,103281,104081
user3453971665885977083,2083,2683,3683,4683,5783,7183,8283,9283,10083,10883,11283,11683,12583,13583,13983,14583,15583,16583,17383,17983,18883,20483,21083,22783,23683,24483,25983,27083,28083,28983,29983,30383,31483,31983,32483,33983,34883,36183,37483,37983,38883,40183,40983,41583,42283,43483,44783,45783,46883,47683,48083,48983,50083,50883,51683,52583,54683,55883,56783,57483,58683,59483,60683,62083,62983,63883,64583,65483,66883,68083,68883,69783,70583,71483,72783,73983,74983,76083,76783,77983,78883,79983,80683,81983,82683,83883,84783,85783,86383,87283,88683,89583,91483,92583,92983,94083,95083,96083,97183,98083
user764837236214422120,2078,2678,3778,4078,4678,5378,5778,6778,7678,8678,10178,11278,12678,13678,15078,15578,16578,17078,18178,19278,20778,21778,22878,23778,24878,25378,26578,27478,28578,30178,31578,32778,33478,34678,35278,36678,37978,38978,39878,40578,40978,42078,42878,44378,45278,46878,47578,48178,49478,50678,51278,51878,53178,53878,54978,55878,56778,58478,59478,60278,60778,61678,62578,63478,64278,65078,66278,66878,68078,69078,71278,72478,73278,73878,74978,75878,77078,77878,79078,80378,81078,82478,83378,84278,85078,85778,86778,87578,88878,89278,90078,91378,92078,92578,93278,94278,94878,95678,96478,98278
user5806854937761322459,1879,2879,3679,4679,5979,6779,7879,8279,9079,9979,10579,11779,12379,13379,13779,14679,15079,15779,16379,16979,17779,18679,19879,20679,21379,22979,24379,25979,26679,27279,28079,29079,30279,31079,31979,32679,34579,35379,36579,37379,38879,39679,40679,41379,42679,43579,44279,45179,46079,46879,47579,48379,49579,50679,51579,52579,53879,55179,55879,57079,58879,59979,61579,62979,63779,64779,66279,67479,68379,69079,70479,71279,72779,74379,75279,76479,77679,79079,79679,80579,81979,82779,83579,84579,85779,86279,87379,88779,89679,90479,91379,91779,92579,93579,93979,95379,96679,97779,98879,99379
user7345901774228702061,2078,3378,3978,4578,5678,6178,7678,8378,9278,10378,11178,12078,12778,13678,14378,15578,16678,17578,18278,19378,20078,21578,22878,23578,24978,25678,26878,27478,28378,29378,30378,30778,31878,33178,34578,35078,36278,37078,38678,39278,39978,40478,41178,42078,42578,43878,45178,45978,46278,46878,47578,48078,48778,49978,50678,51778,53078,53478,54578,55378,56478,57278,58078,59278,60378,61578,62678,63278,64378,65378,65978,66478,67378,68078,69278,70578,71078,72378,73078,74078,75278,75978,76878,77778,78778,80278,81278,82178,83378,84678,85478,85978,86478,87378,88078,88878,89778,91078,92078,93278
user879817313296471393,1782,2982,4282,5082,5782,6982,7882,9382,10282,10982,11482,13282,14582,15482,16782,17582,18582,20082,21182,21882,22582,23582,24382,25282,26582,27682,28982,30182,31782,32882,33682,34482,35382,36582,37682,38182,39682,41182,42182,43282,43782,44982,45782,46582,47782,48982,49882,51182,51982,53282,53882,54982,55682,56582,56882,57582,58782,59782,60682,61982,63082,63782,65182,65782,66782,67382,68782,70082,70782,72282,73382,74682,76182,76982,78582,79982,81382,82782,83782,85182,85982,87082,87682,88782,89882,90882,91682,92782,93582,94382,95882,96982,98282,99282,100582,101782,103382,104382,106082,107582
user3112132720264060802,2375,3175,4575,5475,6175,7675,8675,9475,10075,11275,11475,12575,13775,14975,16175,17475,18475,18775,19475,21075,21775,22975,23975,25175,26275,26775,28075,28975,30475,31175,33075,34275,35375,36275,37275,38775,39575,40375,41275,42075,42975,44075,45075,45375,46075,46875,47475,48775,49775,50775,52375,53475,54575,55375,55975,56675,57075,58275,59275,60375,61375,62175,62875,63775,64475,65375,66575,67275,68275,69375,69775,71675,73075,73975,74775,75375,76275,77175,78275,79475,80075,80875,81975,83275,84375,85175,86575,87375,88475,89975,90775,91575,92175,93075,94375,95175,95675,96875,97175,97975
user1105774576029899388,1883,2783,4283,5283,6283,7183,7983,8783,10083,11083,11283,12383,13083,13883,15083,15683,16583,17883,19183,19883,20783,22083,23083,24383,24883,26183,26583,27283,28083,29383,30483,31583,32183,33383,34283,35183,35683,36783,37783,38483,39783,40783,41483,42683,43583,44383,45583,46583,47283,48583,49483,50783,51583,52583,53883,54783,55883,56683,57583,58583,59783,60883,61683,62683,63683,64283,64983,66083,67083,68783,70083,71283,72583,73183,74383,75283,76183,77383,78383,80183,80983,82283,83383,84683,85783,86583,87283,88083,89183,90283,91083,92283,93283,93783,94783,95883,97283,97983,99283,99783
user2056258949234144081,1487,2087,2887,3187,4187,5187,5787,7287,8287,9187,10187,10887,11987,12787,13987,15487,16387,17187,18487,19087,20487,21687,22287,23487,24987,25787,26387,27587,28787,29987,30787,32187,32487,33287,34187,35787,36487,37587,38787,39587,40787,41887,42887,43987,45187,45887,46587,47287,47887,48287,49687,50687,51987,53087,53687,54287,54887,55687,56687,57687,58487,59387,60087,60687,61287,62687,63587,64887,65487,66587,67687,68787,69787,70387,70987,71787,72487,73287,74287,75787,76887,77287,78187,79787,80687,82387,83287,84787,85687,86487,87287,87887,88687,89687,90587,91587,92487,93187,94087,95187
user4052684768917629685,1681,2681,3381,4381,4781,5581,6781,7881,9281,9881,10781,11481,12581,13781,14281,15181,16281,16681,18081,19381,20081,21181,21681,22681,23681,25081,26181,27281,27981,28381,29581,31381,32381,33781,34381,35381,36281,36981,37881,38781,39681,40781,41281,42581,43281,44181,45081,45981,46681,47281,48281,48881,49981,50681,51481,52381,53081,53681,55281,56381,57381,58481,59381,60481,61581,62381,63181,63881,64481,66181,67381,68081,69381,70081,71281,72581,73481,74681,75981,76981,77981,78981,79781,80981,81481,82381,83581,85081,86181,87381,88081,89481,90881,91681,92681,93481,94581,95681,96981,98081
user4057370950936897366,1780,3280,4480,5280,6180,6780,7880,8580,9180,10280,11480,13080,14080,15280,16080,16780,17980,19380,19980,21080,21880,22780,24080,25180,25780,26680,27580,28680,29580,30780,31480,32480,33480,34380,35380,36380,37280,37780,38080,39180,39980,40780,41980,43080,43880,44780,45780,47080,47780,49080,50280,50880,51680,52180,53180,54780,55580,56980,58480,59080,60280,61480,63180,64080,65180,66180,67680,68580,69780,70880,71580,72680,73680,75180,76080,77080,78380,79280,79980,81180,82280,83280,84080,84780,85880,87980,88880,89980,90680,92080,93180,94480,95180,96480,98180,98980,99280,100080,101280,102080
user1583919814153796023,2076,3476,4076,4476,5576,6576,7576,8576,9076,10076,11176,12176,12876,13576,14776,15976,17176,18376,19276,20476,21876,22676,23676,24976,25076,26076,27576,28276,28976,29676,30476,31276,32876,34276,35076,36176,36576,37276,38576,39576,40376,41376,42076,43076,44176,45176,46176,46976,48176,49076,49776,50576,51276,52876,54276,55276,56176,56876,57876,58776,59976,60976,61776,62676,63676,64476,65576,66676,67676,69076,70076,71376,72676,74076,75576,76976,77976,79176,79876,81376,82676,83676,85176,86076,86976,88376,89276,89976,91176,92076,92876,94376,95476,96076,96976,97876,98776,99376,100176,101276
user890091283141445768,1981,3281,4081,4981,5981,6381,7381,8381,9481,10581,11981,13281,13981,14681,15581,16681,17981,18281,19081,20181,21081,22881,23781,24781,25081,26081,26981,27781,28981,30481,31281,32081,33081,33981,34981,35881,36981,37881,38981,39581,40381,40881,41981,42581,43881,44981,45581,46381,47081,48581,49581,50281,51081,51581,52381,53781,54581,55281,56381,57281,58381,60081,61081,62681,63381,65181,66081,67181,68581,69681,70881,71981,72881,73981,74781,75481,76081,76981,77881,78481,79481,80481,81381,81981,82881,83781,84881,85581,86681,87581,88181,88781,89781,90681,91181,92381,93681,94581,95881,97481
user658887877876609644,2276,3076,3676,4276,5076,5376,7276,8876,9676,10476,11576,12376,13676,15076,16176,17076,18176,19076,19776,20476,21376,22576,23276,24476,25276,26276,26876,28176,29076,30576,31276,32176,32776,33776,34776,36576,38076,39176,40176,41376,41776,42376,43476,44076,44976,45876,47276,48076,49776,50776,51676,52276,53476,54576,55176,56076,56776,57676,58476,59676,60376,60776,61976,62676,63276,63976,64676,65776,66776,67376,68276,69076,70576,71376,72576,73976,74976,76076,77776,78676,79576,80176,81476,82676,83576,84276,84776,85576,86776,87776,89276,90276,91276,91876,93476,94076,95076,96276,97176,97776
user8854468346455457103,1674,2174,3274,3874,4674,5374,6574,8074,9074,9774,10774,11674,12574,13374,14674,15374,16774,18174,18874,19474,21774,22874,23474,24074,25474,26374,27074,28174,28974,29674,31174,32474,33974,35074,36174,37374,38274,39074,40074,41274,41774,43674,45074,45774,46574,47574,48374,49374,50074,51174,51774,52074,53174,54474,55674,56574,56974,57574,58974,59874,60374,61974,63574,64474,64674,65674,67074,68274,69374,69874,71374,72074,72774,73874,75074,75674,76074,77674,78674,79374,80274,81174,82574,83974,84674,85574,86474,87874,88974,89874,90974,92274,93374,94674,95274,96474,97374,98374,98774,99574
user1810437037399364466,1470,2870,3770,4370,5070,6070,6870,8170,9370,10370,11670,12270,13270,13670,14370,15270,16070,16570,18270,18870,19370,20270,21770,22270,23470,24570,25370,26770,27370,28070,28970,29870,30470,31670,32570,33970,34770,36270,37370,38570,39470,40370,41070,42170,43070,43470,44470,45670,46970,47970,49670,50870,51770,53870,55270,56170,57070,58270,59770,60270,61170,61870,62370,63570,64870,65670,67270,68170,69770,70970,71970,73070,74070,74870,75970,76970,77670,78670,79470,80570,81370,82270,82970,84370,85470,85970,87370,88370,89170,90270,91370,92470,93570,94770,96170,97970,99370,100270,101170,101770
user7461223496605049899,1879,3879,4779,5979,7079,8079,9179,10079,11179,12179,13279,14079,14979,15779,16779,17679,19279,20179,21079,21879,22979,23779,25379,25779,26379,27779,28679,29579,31179,32079,32579,33579,34779,36279,37479,38879,39679,40279,41479,42379,42879,43879,45279,46579,47979,48879,49779,50779,52479,53379,54079,55279,56079,56279,56779,57379,58379,59279,60079,61079,61479,62079,63579,64279,65579,66979,68079,68879,69679,70479,71079,71779,72979,73879,74779,75679,76379,77279,78279,79379,80279,81779,82779,84379,84879,85779,86779,88179,88979,89879,90679,91579,92579,92879,93579,94579,95579,96279,97179,98479
user2529499690120931152,1884,2584,4084,5284,6184,7284,7784,8584,9284,10084,11184,12484,13184,14584,15484,16184,17384,18384,19284,20184,20684,21684,22284,22684,23984,25284,26184,27084,28284,29384,30284,31584,32884,33884,34484,35584,36584,37884,38684,39584,40584,41684,42884,44284,45484,47184,48684,49284,50584,51584,52784,53984,55184,56384,57284,58284,59684,60384,61784,63584,64484,65184,65984,67284,68284,69084,70684,71784,72484,74084,74784,75484,76184,77784,78484,79684,80684,81284,82284,83284,83884,84884,85684,86884,87684,88284,89584,90084,90884,92384,93984,95584,96784,97584,98384,98984,100084,101684,102484,103984
user5127644913318915695,1779,2879,2979,3879,4679,6079,6679,7479,8179,9479,10879,11979,12779,14279,15379,16079,16879,18079,18779,19979,21179,22979,23779,24579,25479,26579,27379,28479,29879,30879,31379,32379,33279,34179,35179,36079,37279,38679,39379,40679,41679,42579,43579,44879,45879,46979,47779,48679,49979,51479,52179,53279,53779,54679,55179,56679,57679,59079,60679,61979,63279,64279,65179,66279,67079,67879,69079,69879,70579,71179,71979,72679,73679,74479,75579,76579,77279,77979,79279,80679,81479,82079,82779,83879,84779,85279,86379,87979,88879,89979,90879,92179,92979,93979,95179,95879,96879,97979,99079,99879
user2519225720275956777,1883,2483,3683,4183,5583,6483,7983,8783,9883,11183,12483,13183,14383,15383,16183,17783,19083,20083,21283,22583,23483,23883,24583,25283,26383,27383,29083,30283,31283,31883,32983,34183,35683,36883,37883,38883,40183,40983,41983,42783,43983,45083,46083,46783,47983,48683,49083,50183,51083,51583,53783,55083,55483,56783,57983,59183,60383,60983,61783,62883,64083,64783,65883,66683,67183,68383,69183,70483,72483,73783,74983,76383,77283,78383,79683,80283,81783,82883,84183,85583,86883,88483,89083,89783,90683,91983,93183,94083,94883,95683,96583,97483,98183,98783,99383,99783,100583,101483,102983,103883
user3570413309286605817,2177,3377,4577,5677,6277,7477,8377,9477,10277,11577,12477,13077,13777,15677,17177,17977,19177,19777,21077,22777,24077,25477,26077,27377,28177,29677,30677,31477,32577,33577,34677,35177,36577,37377,38277,39377,41277,42577,44077,44977,46277,47177,48277,49177,49777,50877,51877,52977,54177,55177,56377,57477,58277,59077,59777,60777,61377,62277,62677,63577,64677,65577,67277,67777,68277,69177,69577,70277,71477,72777,73477,74477,75377,76477,76877,78177,79177,80077,81377,82277,82977,84077,85277,85877,86477,87877,89177,90277,91377,92477,93877,94577,96377,97377,97977,98377,98977,99577,100577,102277
user2272843847929036714,1974,3074,5274,6174,7174,8274,9174,10274,12274,13174,14674,15574,16474,17474,18674,19574,20674,21174,22074,23074,23774,24774,25674,26774,27574,28374,29974,30774,32574,33174,33874,35174,36074,37174,38374,39374,40774,41774,42474,43674,44574,45474,46474,47174,47574,48174,48874,49374,50474,52274,53674,54574,55374,56374,57474,58374,59974,60874,61574,62574,63474,64574,65474,66274,66774,68474,69174,70274,71274,72674,73474,74474,74974,75974,77074,78074,79474,80074,81274,82074,83174,84374,84774,86174,87074,88674,89574,89874,91374,92474,93274,94774,95874,96574,97474,98774,99474,100674,101274,102674
user6390949534223031570,1780,2880,3880,4980,6180,7080,8480,9080,9980,10880,11980,12980,14180,15180,16180,17280,18480,19880,20780,21880,22580,23680,25580,26680,28080,28780,29380,30180,30280,31280,32180,32680,33480,34480,35980,37580,38380,39480,40080,40580,41680,43080,43680,44480,45180,46680,47480,48380,49480,50480,51180,51880,52780,53780,54780,55980,56980,58180,59280,59880,60680,61680,62680,63880,65280,66380,67680,68480,69680,70280,70980,71380,72580,74380,74980,75880,76580,78280,79180,80180,80880,81880,82680,83980,85580,86480,87280,88880,89780,91080,92180,93480,94580,95580,96580,97580,98480,99780,101380,102080
user2413276361938144301,2085,2685,3685,5085,6185,6685,7485,8785,9585,10285,10985,11985,12585,13185,14185,15085,16585,17485,18185,19885,20585,21385,22185,23085,24485,25785,26785,27885,28985,29785,30585,31085,31585,31985,32785,33985,35385,36585,37785,38685,39585,40685,41385,42485,43385,44185,44985,45685,46085,46785,47385,48785,49885,51085,51785,52585,52885,53985,54485,56285,57185,58185,58985,59785,60785,61485,62385,63685,64885,65685,66485,67885,69085,69485,70685,71585,72785,73485,74285,75485,76885,77685,78585,79285,80085,81285,82985,83985,84585,85785,87185,88285,89085,90085,90985,91885,92885,93985,94485,95785
user4761255136576380113,1579,2579,3379,4079,5379,6179,7579,8179,9579,10379,11079,12479,13379,14679,16179,17379,17979,19379,20279,20979,21979,23079,24079,24879,25479,26279,27579,27979,28979,29879,30979,31479,32279,33579,34779,35979,37079,37879,38779,39979,40979,42079,43379,44279,45679,46679,47779,48179,49779,51179,52279,53179,54079,55379,55779,56679,57579,58579,59779,60979,61579,62879,63579,64279,65079,66179,66779,67679,68979,69979,70979,71479,72379,73779,75079,75579,76379,77679,79279,80379,81379,81679,83079,83979,84779,85479,86279,87279,88179,89179,90079,90779,92079,92379,93379,94979,95479,96279,97379,98179
user286350352796226920,2872,4372,4972,6172,6972,7872,8672,9372,10272,10772,11572,12472,13972,14872,16272,17472,19072,20272,21372,22172,23172,24672,25472,26372,27072,27772,29072,30472,31672,32472,33772,34872,35472,36172,37272,37872,38872,39472,40472,41672,42072,42972,44072,45172,46472,47072,48272,49372,50772,52772,54272,55072,57372,59072,59672,60272,61372,62472,63472,64572,65672,66672,67872,69372,71272,72672,73772,74772,76472,77172,78272,79272,79772,81272,82372,83272,84072,84672,85772,86372,87772,88772,89572,90472,91872,93072,93872,95072,96372,97072,98272,99472,100772,101672,102672,103572,104572,105572,106072,107072
user3001497179906980645,2173,3273,4173,4673,6173,7073,8173,9373,10373,12273,12973,13973,15373,16473,17573,18373,19073,19873,20873,21973,22773,24273,25373,26073,26973,27973,28973,30073,31273,32073,32973,33673,34873,35973,36873,37973,39073,40173,41373,42873,44473,45773,46773,48073,48673,49473,50373,51773,52873,53873,54873,56673,57973,59173,59873,60873,62073,62673,63473,64773,65373,66273,66973,67973,69473,71073,71573,72173,73373,74273,74973,76573,77373,78873,80173,81173,82273,82873,83573,84373,84973,86173,87173,88473,90273,91273,92773,93473,94973,96073,96473,97573,98373,99573,100773,101873,102873,104473,105373,106673
user3227796087934707205,2077,3377,4677,5777,7177,8777,9477,10677,11977,12977,13977,14577,15677,16477,17777,18977,19877,21677,22477,23277,24477,25677,27477,28577,29677,30877,31977,33177,34177,35177,35677,36577,37177,38077,39077,39877,40577,41377,41877,42877,43977,44777,45477,46577,47877,48877,49377,50277,50977,51877,52677,54077,55177,56177,56977,57777,59377,60177,61077,61977,63377,64477,65777,66677,67277,67977,69377,70477,71477,72277,73277,73877,74677,75877,77277,77977,78877,79377,80177,81377,82277,83577,85477,86577,87077,87677,88177,88577,89577,89977,91677,92477,93177,93777,95077,95477,96277,96877,97877,99077
user4413610087910915255,1883,2883,3783,4783,5783,6783,7083,7883,8983,9783,10583,11683,12483,13183,13883,15183,16983,18083,18583,19283,20083,21183,21883,23083,24283,25383,26483,27483,27983,28983,30383,31583,32583,33783,34883,35883,36783,37583,38783,39483,40883,42183,43083,44283,44983,46183,46783,47883,48683,50083,51283,52483,54083,54983,55483,56583,57583,58283,58883,60283,62083,62683,63983,65583,67483,69183,70283,71283,72083,72883,73383,74183,75783,77083,77883,78483,79783,81183,81883,82783,82983,83683,84583,85483,86983,88183,88783,89383,90083,90683,91783,92583,93583,94883,95683,96183,97483,98583,99683,100683
user3916938436927789779,2477,3377,4477,6077,7377,8277,8877,9577,10577,11877,12677,13877,14677,16177,17277,18377,19877,21077,21677,22877,23477,25277,26677,27377,27977,29277,30077,31077,32277,32877,33877,35177,35977,36477,37477,38177,39277,40477,41077,42377,42977,44077,44677,45677,46677,48177,49077,49577,50877,51177,52277,53577,54577,55277,56577,56977,57777,58577,59177,60577,61477,62877,64077,65077,66077,67177,68977,69777,70677,71177,72077,73177,74577,75377,76377,77177,77577,78477,79177,80477,81677,82677,83477,83677,84077,84277,85477,86277,86777,87377,88277,89077,89577,90477,91777,92577,92977,93677,94377,95177
user5691314900167132738,2578,3378,4478,5278,5978,6678,8478,9878,10878,11678,12178,13778,14578,15778,16578,17978,19078,20378,21678,22278,22978,23478,23678,24678,25278,26178,27178,27978,28978,29578,30678,31778,33278,34078,35078,36478,37678,38478,39478,40778,41978,43078,44278,45278,46178,47078,48278,49578,50478,51278,52678,53978,54978,56078,57278,58378,59178,59978,60978,61578,62678,63278,64578,64978,65478,66678,67578,68678,69278,70178,70878,72078,72778,74078,74778,75778,76878,77578,78578,79678,80778,81378,81778,83178,84278,85478,86378,88078,88978,90078,91278,92478,94278,95578,96478,97678,98278,98578,100178,101578
user292156455839775497,1683,2983,4083,4983,5483,5883,6883,7883,8983,10283,10983,11683,12383,13283,14383,14883,16283,17183,17783,18883,20383,20983,21883,22983,23983,25083,26083,27383,28283,29483,30683,31983,33083,33883,34283,34983,36083,37083,38483,40183,40983,42383,43683,45283,46283,47983,49583,50383,51283,52183,53283,54183,54983,56383,57183,58183,59183,60683,62183,62883,63483,64283,65483,66483,68083,69083,70683,71583,72383,73283,74083,75283,76283,77483,78383,79183,79783,81183,82683,83683,84483,85583,86983,88483,89383,89983,91183,92183,93083,94283,95883,96683,98383,99483,99783,100183,101283,102083,103083,104183
user8064062821143829734,1583,2983,4183,4883,5683,6683,7583,8483,9183,9783,10683,11383,12883,13283,14583,16183,17283,18883,20383,21383,22883,24183,24983,26083,27683,28883,30583,31483,31983,32483,33483,34583,35483,35983,37583,38283,39283,40183,40683,41783,42683,43383,44683,45983,47183,48383,49183,50383,51083,51783,52583,54083,55083,55583,56783,57983,59283,60283,61183,62183,63483,64383,65283,66383,67183,67983,69083,70183,71183,72083,73383,74083,75283,76283,76883,77383,78083,79083,80283,81483,82283,83783,84583,85483,86283,87283,87783,88583,89783,90883,91783,92983,93983,94883,95983,96783,97183,98583,99483,101383
user6385703391691623441,1773,2873,3873,4573,4973,6473,7873,8473,9873,10673,11973,13173,14073,14473,15273,16073,17173,18273,19273,20273,21173,22773,23473,24173,25773,27273,28273,28973,29773,30873,31873,32973,34073,34773,35873,36673,37773,38773,39873,41473,42173,42773,43773,45573,46673,47273,48873,49673,50473,51573,52773,53873,54773,56173,57073,58573,59473,60473,61273,62173,63173,63873,65173,66073,67573,68173,69473,70373,71173,72273,74273,75473,76373,77473,78873,79773,80873,81773,83173,84173,84973,85573,86273,87373,88873,90473,91073,91873,92873,93473,94673,96073,96873,98073,99173,99773,100773,101673,102773,103773
user1573987489603120213,1587,2787,3687,4687,5787,6787,7887,9887,10387,11587,12787,13987,14987,16087,17087,18687,19787,20987,21787,22987,24187,25287,26787,27787,28687,29387,30987,32487,33487,35387,36587,37887,38987,40287,41487,42387,43687,44487,45587,46187,46687,47587,48587,49487,50687,52287,53387,54887,55587,56187,56787,57887,58687,59587,60987,61887,64187,65187,66187,67587,69087,70587,71387,72687,73387,74187,75287,76187,76787,78287,78987,79987,81287,81987,82687,83387,84287,85187,86787,87987,88387,89387,90987,91587,92487,94187,95387,96287,96987,98287,99887,100787,101887,102887,104287,105587,106687,107387,108987,110087
user4741048842180729928,1782,2682,3882,4782,5682,6782,7382,8282,9182,10182,10882,11882,13382,14282,15282,16182,16782,17782,18982,19682,20382,21582,22682,23782,24282,25282,26182,27782,28782,29282,30282,31082,31982,33482,35082,36782,38382,38982,39982,41782,43582,44782,45482,46682,47782,48682,49482,50782,52482,52982,53882,55182,56082,56982,58182,59182,60182,61482,62782,63882,64682,65382,66382,66682,67782,68782,69682,70982,72082,73282,74382,75582,76682,77882,78582,79482,80482,81482,82382,83482,84082,84982,86082,87582,88782,89882,91482,92782,93382,94482,95482,96282,97682,98882,99982,101182,101782,102582,103382,104082
user3801616714551441941,1780,2780,4080,5280,6480,7680,8680,9680,11180,12080,13080,14380,14980,15880,16780,17580,18680,19880,21180,22380,22980,23680,24380,25080,25980,27180,27880,28880,29980,31180,32280,33180,33980,34280,34980,36180,37380,38280,39380,40580,42080,43380,43780,44880,45480,46080,46480,47380,48180,48980,49780,50880,51780,52680,54080,55280,56180,56780,57580,58280,59180,59880,61280,62580,63280,64780,66580,67680,69680,70780,72080,73280,74180,75080,76580,77580,78780,79980,81180,82180,83280,84480,86180,87880,88880,90280,91680,93180,94080,95180,96180,96980,97980,99380,100380,100880,101780,102680,103580,104380
user4997144723860483918,2078,2778,3378,4978,5778,6478,7478,8478,9278,10178,11378,12578,13678,14878,15878,16678,17878,19278,20678,21978,22978,23878,24878,26178,26878,28178,29378,30178,31578,32678,33578,35278,36478,37578,38078,39978,41078,42078,42978,43878,45078,45978,46978,47478,48378,49378,50478,51278,52278,53078,53778,54578,55378,56478,57178,58478,59378,60978,61878,63378,64478,65478,66178,67578,68378,69278,70178,71178,72278,73278,74678,76178,77178,78178,78978,79878,80778,81578,82278,84078,85078,85578,86978,87778,88478,88778,89778,90278,91278,91978,92878,93278,94778,96178,96878,97578,98778,100278,101078,102478
user8184630686051585701,1871,2571,3571,3871,5071,6171,6871,7671,8771,9371,10271,11271,12071,13371,14071,15171,15971,16771,17571,17971,18771,19671,20471,21271,21871,23271,24671,26371,27071,28071,29071,29671,30671,31871,32771,33771,34971,36371,37371,38871,39871,40471,42271,42971,43871,45071,45771,47271,48871,49871,50371,51071,51871,52671,53171,54271,55071,56271,56871,58171,59071,59971,61371,62271,62971,64271,65371,66371,67471,68171,69171,70471,71571,72571,73171,74371,75771,77071,77871,79171,79671,80571,81471,82571,83371,83771,84471,85271,86071,86971,87471,88671,89371,90371,91071,92071,93071,93971,94471,95571
user2176826814141900048,2079,2779,4079,4379,5479,6579,7079,8379,10179,11179,12379,13179,14379,14879,16379,17179,18279,18879,19879,20879,22079,23379,24279,24879,25579,26279,26679,26879,27179,28479,29479,30679,31979,32679,34279,35779,36979,37779,38679,40079,41279,42179,42979,43979,45679,46279,46979,48379,49179,49779,50879,52579,53379,53979,54979,55879,56879,57879,59079,59879,60579,62179,62779,64279,65379,65879,66879,68179,69179,69979,71079,72279,72779,74079,74679,75979,76779,77779,78879,79779,81079,81879,82779,84279,85079,86579,87079,88079,89179,89979,90879,91879,92879,93779,95279,96179,97279,97779,98279,99479
user9100071943072394835,1582,2282,3182,3782,4782,5782,6582,7482,8282,9282,10082,11082,12482,13482,14782,15482,15982,17082,17982,19182,19782,20782,21782,22982,23782,24682,25482,26882,28082,28982,29382,30082,30982,31882,32982,33782,35082,36382,37582,38682,39982,41882,42782,43982,44582,46082,46882,47682,48782,49982,50982,52482,53482,54982,55982,57382,58282,58882,59582,60882,62282,63682,64282,65182,66382,67482,68482,69282,70582,71182,72382,73782,74982,75782,77282,78582,79182,79782,80682,81582,82682,83682,84882,86182,86882,87682,88482,89882,90582,91782,92882,94082,94982,96182,96982,98082,98882,99482,100282,101182
user2645039727715120873,2181,3581,4381,5381,5981,6781,7681,8281,9381,10281,11781,12681,13481,14381,15681,16881,17281,18181,18881,19281,20381,21481,22781,23381,24281,25181,26381,27581,29481,30281,31081,32181,32981,33881,34881,35981,37181,38381,39781,41181,42781,43381,43881,45081,45781,46381,47481,49481,50481,51581,52881,54281,55681,56381,57981,58481,59781,61581,62381,63681,64681,65081,66181,67981,68881,70181,71181,71681,72481,73081,74581,75881,77181,77881,78681,79581,80281,81281,82281,83481,84281,85381,86381,87381,88481,89081,89481,90581,91781,92781,93781,94381,95481,96381,97381,99081,100581,101881,103181,104781
user7591723686063481676,1671,2971,4271,5071,6071,6771,7971,9071,10071,10671,11271,12071,13271,14171,14971,15671,16671,17471,18271,19471,19971,21371,22471,23171,24571,25671,26371,26871,28171,29071,30171,30871,31971,33071,34171,35071,35771,36871,38271,39771,41271,42071,43171,44471,45671,46471,47671,48171,49171,50171,50871,52271,52871,53771,54871,56371,57071,58171,58971,60171,61971,63471,64571,65371,66571,67671,68571,69671,70971,72271,73871,75571,77071,77671,78371,78971,79671,80771,81771,82771,83471,84771,85871,86971,87871,89471,91071,91671,92471,93071,93671,95271,96271,98071,98871,99871,100971,102271,103571,104171
user8054690457105294372,1784,2784,4284,5184,6884,7884,8884,9584,10684,11584,12284,13184,14384,14684,15884,17084,17884,19084,19484,20484,20884,21384,22984,23484,24384,25184,26184,26584,27784,28884,30084,31284,31884,33184,34284,35684,36484,38184,39384,40184,40884,41984,42584,43584,44284,44984,46184,47184,48084,49084,50384,51484,52284,52984,54284,54984,56284,57184,57884,58984,59884,61284,61784,62684,64384,65684,66584,68284,69684,70784,71584,72784,74284,75384,75884,76884,77684,78584,79484,80884,81584,83084,83684,84384,85684,86784,87584,87984,88984,90284,91784,92784,93784,94584,95984,97084,98084,99384,100184,100984
user8049444314573886243,2371,2971,3871,5471,6171,7171,7571,8671,10271,11071,11671,12771,14371,15971,16571,17571,18371,19571,21271,22471,23171,24571,25471,26271,27771,28471,29671,30271,31671,32271,33171,34071,34771,35971,36571,37571,37871,38571,39471,40571,41271,42271,43271,43971,44871,46271,47271,48371,48971,49571,50771,51771,51971,53371,53971,54671,55571,56671,57571,58771,59671,60371,61071,62171,63171,64571,65671,66871,68271,69871,70471,71671,72271,72771,73471,74171,75171,76171,77171,78571,79571,80371,81471,82771,83871,84571,85671,86671,87371,88071,88871,90371,91671,92571,93371,93771,94771,95571,96371,97071
user8164424391655935516,1974,3974,4974,6074,6574,7174,8274,9074,9774,10374,11174,12474,13374,14974,15874,16474,17874,18674,19974,21074,22174,22774,23674,24774,26074,26874,27474,28874,29774,30774,31474,32774,33774,35574,36574,37274,38474,39374,40574,41974,42974,43974,45774,46674,47674,49274,50274,51074,51474,52674,53974,54774,56074,56674,57874,59174,59774,61474,62174,63074,64574,65174,66874,68274,69374,70774,72174,73074,73474,74774,75274,76574,77774,78674,79274,79974,80674,81874,82774,83974,85174,85874,86674,87474,88474,89374,89974,91074,92074,92774,93974,95074,96774,97474,98574,99474,100274,101274,102374,102874
user3449285483866709402,2983,3683,4783,5483,6883,8083,9383,10283,11183,12383,13583,13583,14283,14883,16583,17583,18383,19183,19883,21083,22183,23083,23983,24983,25883,26883,27583,27883,29483,30283,31283,32283,32683,33483,34283,35183,36583,38083,38983,39683,40383,41483,43083,44383,45183,46383,47283,48383,49483,50983,51483,52983,53883,55183,55483,56383,57383,58483,59583,60683,61283,61783,62983,63983,64783,64983,66583,67483,68283,69083,69983,71283,72483,73183,73883,74883,75983,77083,78183,78983,80083,80783,81683,82583,83583,84483,85383,86283,87283,88383,89683,90983,91983,93083,94083,96083,97583,98783,99983,100583
user3454531626398117531,2085,2885,3685,3985,4785,5485,6285,7285,8285,9485,10585,11585,13185,14485,15685,17285,18285,19385,19785,20685,22085,22585,23685,25285,26185,27185,27985,28285,29685,30885,31985,33285,34185,35585,37085,38085,39485,40885,41685,42385,43685,44485,45785,46785,48485,49685,50685,51885,52785,54385,54985,55585,57285,58885,59885,61385,62385,63285,64385,65885,66685,67885,69085,70185,71185,72585,73585,74085,75185,76585,77085,78185,79085,80085,80785,81585,82385,83585,85185,86085,87585,87885,88885,90085,91385,92785,93785,95385,96485,97485,98685,99485,100885,102285,103485,105185,106485,106985,107885,108885
user3468931817750219139,2579,2879,4079,5579,6379,7379,8479,9479,10579,11479,12579,13679,14479,15579,16679,18079,19079,19879,21179,22179,23679,24779,25779,27079,28579,29279,30879,31479,32579,33679,34579,35879,36879,37779,39179,39979,41379,42479,43079,43879,44879,45879,46679,47579,48879,49579,49879,50879,51979,52479,52879,54179,54679,55979,56879,58079,59879,60579,61979,62779,64379,65179,66179,66779,67379,69079,69979,70779,71279,72879,74279,75479,76779,77779,79379,80979,81979,83179,84179,84879,85679,86679,87479,88679,89779,90879,91779,92779,93879,95779,96579,97579,98879,100079,101379,102579,104179,104979,106379,107379
user6656417779941320922,1879,2579,3179,4579,5379,6279,7679,9379,10779,11879,12879,13879,14879,15379,15879,16779,17579,18679,19279,20879,21679,23079,23679,24479,25479,26879,27679,28879,30279,31079,32079,32979,33979,34679,35579,36379,36979,37879,39079,40379,41879,42979,43879,44479,45279,46679,47279,47679,48779,49479,50979,51879,52879,53479,53979,54979,55679,56879,57579,58379,59479,60779,62079,63379,64679,65479,66579,67379,68279,69379,71079,71979,72979,74379,75579,77079,77879,79179,80579,81779,83379,84379,85279,85779,87079,88279,89279,89779,91879,93079,94079,94979,96579,97779,98579,99679,100979,102179,103379,104379
user6174364635528138937,2580,3180,3980,5380,5780,6680,7980,8880,9980,10980,11980,12480,13980,14980,16280,17380,18980,19780,20480,20880,21880,23280,24080,25080,26680,27980,29280,29980,31080,31780,32680,33880,35180,36380,37380,38780,40080,40580,41080,42080,42680,43780,44680,45880,46580,47280,48180,48780,49680,50580,51180,52280,53280,54080,55080,56280,56980,57680,58880,59680,60380,61380,62580,63980,65180,66380,67680,68980,69980,70880,72180,73180,74180,75480,76180,76680,76980,77980,79680,80580,81480,82180,83380,83980,85080,86080,86980,88080,89380,90480,91280,92180,93580,94880,95580,96280,97480,97880,98880,99880
user6521231408463621464,3179,3979,5079,5479,6479,7179,8179,8679,9479,10479,11779,12479,13379,14279,15479,16179,17079,18379,18979,19979,20479,21279,22779,23879,25179,25979,27179,28279,28679,29379,30979,32179,33479,34579,35279,36079,36779,37479,37979,39579,40379,41179,42179,43579,44779,45479,46579,47479,47979,48979,50079,50879,51679,52579,53379,54779,56179,56979,57979,58379,59379,60579,61479,63179,64979,65279,66579,67279,68579,69979,70879,71779,72879,73679,74979,76179,77379,78379,79579,80279,81079,82079,83379,84479,85579,86879,87979,88879,89979,90879,91779,92879,94579,95779,96479,97579,98779,99479,100279,101579
user8270933710505888440,2276,3076,4476,5776,6676,7676,9076,10076,11176,11576,12876,13476,14676,15476,16676,17076,18376,19576,20076,20576,21576,22776,23776,24476,25576,26576,28176,28876,29876,30576,31376,33076,33876,34576,35976,37176,37576,39076,40076,40676,41476,42476,42776,43776,45076,45976,47176,48076,49176,50576,51376,51976,52876,53276,54376,55776,57176,58076,59076,59476,60476,61476,62376,62976,63976,65276,66476,67376,69076,69976,70876,71576,72576,73376,74476,75776,76776,77776,79276,79776,80976,81476,82176,83276,84076,85076,86076,87276,88776,89576,91076,91876,92776,93876,94876,96376,97276,98176,99076,99676
user1222216219430528122,1979,2779,3179,3979,5179,5979,6879,8079,8779,10279,11379,11979,12879,14379,15479,16679,17779,18479,19279,20479,21579,22979,23879,25279,26079,27479,28279,28979,29579,30179,31079,32079,33079,33779,34879,35779,37179,38579,39679,40579,41079,42379,43579,44879,45979,46679,47679,48679,49479,50179,51179,52679,53679,54779,55379,56879,57979,58979,59879,60879,62079,62779,63879,64979,65779,66679,67179,67979,69379,70379,71679,72779,73379,73879,74379,75279,76379,77479,78479,80179,81679,82479,83479,84579,85379,86579,87279,89279,91179,92479,93179,93879,94979,96279,97579,98479,98879,99579,100779,101479
user8511851125103558491,1879,2879,3979,5179,6479,7379,8279,9679,10579,10979,12079,13079,14079,14979,16479,17479,18179,19079,19679,20979,21979,22679,23679,24579,25679,26979,27679,28879,30579,31479,32379,33779,34979,35579,36679,37679,38879,39879,40679,41779,42979,44379,44779,45379,45479,46779,47779,48979,49879,51179,52479,53479,54979,56079,56879,57379,58479,59879,60879,61779,62579,63279,63779,64779,66379,67479,68579,69879,70579,71679,72879,73979,75079,75979,77179,78079,78979,80279,80879,81779,82579,83679,85479,86679,87279,88079,89579,90879,92279,93479,94379,95479,96479,97379,98679,99379,100279,101479,102679,103279
user1468598091777448185,1570,2770,3670,5070,6370,8570,9370,11470,12670,13470,14270,15570,16570,17570,18170,19570,19970,21370,22670,24470,25470,26170,27270,28070,28670,29870,31070,31870,32670,33370,34670,35670,37270,38070,39070,40070,40670,41470,42770,43770,44870,45670,46270,47770,48670,50470,51370,52170,52870,54370,55470,56070,56870,57970,58770,59270,59770,60070,61170,62170,62870,64370,65170,65970,66770,67570,68570,70170,71370,71870,72770,73770,74970,76170,77370,78570,79770,80970,82770,83570,84570,85570,86670,87470,88670,89970,90970,91870,92970,94370,95070,96170,96970,98070,98970,99870,101270,102470,103570,104370
user3931338628279891387,2182,3182,4782,5582,6682,8882,10182,10882,12082,12782,14082,15082,16282,17482,18582,19482,20482,21482,21782,22682,23782,25182,26382,27282,27882,29082,29782,30482,31582,32782,33982,35282,36282,37382,37982,39182,40282,41582,42682,43682,44882,46082,46882,48082,48782,49282,49782,51282,52782,53582,54382,54882,55782,56782,57982,59282,59982,61282,62382,63282,64382,65682,66382,66982,67782,68782,69682,70682,71382,72382,73682,74982,76082,77882,78582,79682,80382,81182,82282,83282,84182,84782,86182,87182,88282,89282,90582,91582,92882,93382,94482,95282,96082,96682,97782,98382,98982,99882,100782,101982
user4520119406760868179,1974,2774,4174,5274,6274,7274,8074,9074,10874,12174,13374,14074,14874,16174,16774,17874,18774,19974,21274,22674,24474,25474,26774,27574,28374,29074,30274,31174,32174,33574,34474,35074,35674,36374,37474,39074,39574,40774,41674,42674,43574,44574,45274,46474,47374,48674,49974,51074,52174,53874,54474,55574,56274,57874,57974,58174,58974,59674,60474,61974,63174,63874,64574,65574,67074,68274,69474,70374,70774,71674,72374,73574,74374,74974,75974,77274,78274,79074,80074,81374,82374,82674,83374,83974,84774,86074,87874,88374,89874,90974,91774,92774,93674,94274,95274,95874,96974,98074,98974,99474
user3107446538244793121,2086,2786,3886,5286,6586,7686,8486,9386,10286,11486,12586,13886,14786,15386,16086,17086,18586,19586,20886,21786,22486,24086,25386,26786,27886,28786,29986,30986,32086,33586,34386,35186,35986,37186,38486,39086,39986,40986,41886,43786,44786,45686,46586,47286,48186,49886,50686,51286,51986,53486,54686,55386,56786,57886,58786,59986,61186,62286,63686,64386,65586,66486,67486,68286,69086,70186,71686,72886,73886,75186,76486,77486,77786,78786,79886,81086,81586,82586,84286,85186,86086,87386,88386,88986,89286,90386,91886,92686,93386,94586,95586,96286,97686,98386,99386,100586,101286,101986,102586,103886
user8049662629791728126,1779,2479,3179,4079,4879,5979,7279,8079,9179,10679,12179,13179,14279,14979,15879,17079,18179,18979,19579,20279,20779,21979,23279,24179,24979,26279,26979,27879,28679,29579,30779,31479,32079,32779,33979,35479,36779,37979,39579,40479,41879,42779,43179,43879,44279,45179,46279,47179,48379,49679,50779,51779,52379,53079,53679,54579,55479,56679,57379,58679,59879,60379,61179,62279,63279,63879,64779,65579,66879,67479,68279,68979,69579,70479,72179,73179,74579,75079,75779,76379,76979,77979,79179,79779,80679,81479,82179,83179,84679,85379,86479,87279,88679,89579,90779,91679,92779,93579,94879,96079
user3126532911616162410,1873,3073,3973,4673,5773,6473,7473,8073,9673,10673,12073,13273,13773,14973,15773,16773,17673,18473,18673,19473,20573,21473,22773,23173,23873,24173,24773,25873,26173,26773,27673,28873,29673,31173,31473,32173,33173,34273,34973,35573,36573,37373,38273,38773,39673,40473,41473,42273,43473,44373,45173,46373,47873,48673,49273,50073,50473,51073,52473,54073,55173,56173,57173,58473,59473,60673,61773,62673,63373,64373,65473,66073,67473,68373,69273,69673,70473,71773,73073,74373,75473,76173,76873,77673,78073,79573,80873,81873,83073,84073,85773,86673,87473,88673,89873,90473,91573,92773,93373,94673
user7717537693502645772,2783,3383,4083,4683,5783,6983,8083,9283,10683,11883,12583,13483,14483,14983,15883,16783,17283,19083,19783,20683,21983,22883,23183,24583,26183,26983,27983,28583,29183,30783,32083,33183,34583,35683,36183,37183,38183,39283,40383,41383,42083,42883,43883,44983,45683,47083,48383,49883,50983,51883,53383,54083,54983,55983,56583,58083,58883,60283,60983,61683,62383,63283,65083,65583,66083,67183,68383,69183,69983,71383,72383,73083,74883,76383,77383,78283,79083,80083,81183,82583,84483,85683,86283,86783,88383,89283,90583,91183,92583,93883,94783,95783,96383,97283,98483,99583,100483,101583,102483,103583
user648395592813793386,1883,3583,4583,5183,6583,7983,8983,9683,11283,11983,12983,14483,15783,16283,17683,18983,19783,21883,22583,23383,23883,25283,25783,26883,27983,29483,30183,31283,31983,32883,33883,35183,36383,37483,38683,40083,41183,42583,43383,44383,45383,46183,46783,48183,49283,50083,50983,52783,53883,54983,55583,56683,57783,58983,59783,60583,62083,63583,64483,65283,66083,66783,67783,69283,70083,70883,71483,72583,73283,74283,75383,75683,76983,78083,79283,79883,80983,81583,82283,83183,83683,84983,85683,86483,87583,88683,90083,90583,91283,92983,93883,94583,95283,96383,97883,99283,100083,101183,102883,103983
user8416394051828562273,2380,3580,5280,6180,6680,7980,9580,10080,11080,11680,12580,13780,14180,14980,16180,16980,17880,18680,19480,20580,21780,22880,24380,25380,26280,27380,28280,28980,29880,30880,32180,32780,33880,34780,36380,37280,38280,39580,40480,41380,42280,43080,43780,44780,46080,47180,47580,49180,50480,51580,52780,53680,54280,55280,56480,57180,58380,59980,61080,61880,62680,64080,65280,66480,68580,69080,70480,71480,72880,74280,75680,77280,77680,78880,80280,81080,82080,82680,84180,85080,85980,87580,88380,89080,89880,90380,91580,92980,94280,95180,96980,97780,98280,99880,100480,101080,101880,102980,104780,105780
user8054348811810995807,2084,3184,4484,5084,6284,7184,7784,8584,8984,9784,11284,11884,12484,13684,14584,15384,16284,17284,18384,19484,20584,21284,22384,23784,24684,25684,26784,27484,28384,29484,31084,31884,32984,33684,34484,35284,36184,37384,38484,39684,40084,41184,42184,43184,44184,44884,45684,47584,48984,50084,50784,51984,53084,53584,54284,54984,55684,56684,57784,58784,59884,60884,61284,62184,63284,64084,64784,66084,66984,67884,68484,69184,70384,71584,72184,73184,74184,75384,76284,76984,77484,78484,79484,80784,81284,82484,82984,83684,84384,85184,86184,87084,88184,89184,90084,91384,92384,93384,94884,95684
user3946517095361975326,1979,3179,4379,5579,6379,7079,7879,8979,10179,11779,12479,14279,15479,16479,17279,18479,19079,19679,20479,21379,22079,23279,24379,25279,26579,28079,28979,29879,30779,31679,32679,33679,34379,35179,36279,37379,38179,39379,40379,41979,43379,44779,45679,46279,46879,48079,48779,49979,50479,51879,52879,53879,54879,55479,56379,57679,58279,58779,59579,60979,61979,63279,64279,65279,66179,66979,67479,68679,69379,70779,71979,72479,73779,74579,75779,76379,77879,79079,80379,81279,81679,82379,83379,84379,84979,85979,86979,87979,89079,89579,90179,90879,91979,92679,93579,94779,95379,96279,97279,97979
user991012814165691998,1879,3079,4679,5379,5879,6479,7679,9279,10379,11379,11979,13179,14279,15579,17279,17879,19679,20779,21479,22779,23579,24979,25779,26479,27479,28579,29379,30179,31079,32279,33479,34279,34879,35479,36379,37279,38179,39379,40779,41579,42379,43179,44079,45179,45879,46679,47879,48879,50079,50579,52279,53179,53679,54379,55979,57079,57979,59279,60579,60979,62179,62779,63479,64479,66079,67179,68379,69679,70579,72179,73279,74179,75379,76379,77379,78179,79379,80779,82179,82879,83879,84879,85679,86779,88579,89579,90279,91579,92679,93279,94179,95379,96379,97179,98379,99379,100679,101579,102579,103279
user1005631320735635489,1882,2882,3882,4882,5582,6482,7482,8682,9382,10482,11282,12582,13482,13882,14882,15782,16282,16982,17782,18382,19682,20382,21582,22582,23782,24282,25282,26882,27982,28882,30382,31882,33182,34582,35382,36782,37782,38882,40082,40682,41382,42082,42682,43582,44582,45782,46882,48082,49182,50382,51182,52582,53082,53882,55182,56582,57382,58182,59582,60382,61282,62582,63082,63982,64982,65982,66982,68282,69182,70182,71382,71982,73382,74482,75382,76382,77082,77982,79482,80482,81882,83382,84582,85682,86382,87182,88082,89082,89782,89982,91082,91682,92882,94182,95182,96282,97982,99682,100582,100882
user5952315279083996292,2187,2787,3987,5287,6387,7087,8387,9487,10587,11487,12487,12887,13887,14587,15287,16487,17787,18787,19587,20387,21687,22787,24487,25387,26787,27787,28487,29487,30387,31187,32387,33587,34687,35387,36387,37587,38387,39887,40987,41987,42687,43887,44687,45387,46287,47187,48387,49587,50587,51287,51887,52687,53887,55787,56487,57487,57987,58787,60287,61587,62387,63087,63687,65187,65887,67087,67687,68387,70287,71287,72487,73887,75087,76187,77487,78487,79187,79887,80987,81987,83187,84387,85587,86187,87587,88287,89387,90687,92587,93187,94387,95187,96287,97887,98787,99587,100887,102187,102887,103687
user3941830913342707645,2178,3078,4378,5878,6978,7978,8678,9578,10178,10978,12678,13578,14278,14978,15678,16678,17978,18878,19278,20478,22678,23878,24978,25778,27178,27878,28878,29478,30478,30878,32378,33178,33878,34378,35878,37278,37878,38878,39878,41078,42478,43678,44078,44778,45478,46278,47278,48178,49278,50378,51878,52778,53778,54778,55378,56178,57278,58678,59678,60178,60878,61778,62878,64178,65078,66378,67578,68878,70078,70678,71178,72078,73178,74078,74578,75678,76778,78078,78478,79178,79878,80278,80978,82478,82878,83878,84978,85878,86278,87378,88478,89478,90378,90878,91578,92578,93378,94178,95878,96978
user5103872357928278725,1783,3283,3983,4783,6083,7183,8883,9683,10683,11583,12583,13483,14483,15083,16283,17183,18283,18783,19483,20483,21683,22883,23883,25383,26483,27583,28983,30283,31183,32683,33683,34283,34983,35483,36383,37483,38283,39183,40583,41783,42783,43983,45983,46583,48183,48783,49983,51183,52683,53183,54183,55183,56083,56883,57983,58683,59283,60383,61183,62483,63183,64283,65583,66683,67683,69083,70183,70783,71683,72683,73583,74383,75283,76683,78183,79283,80583,81183,81683,82683,83583,84483,85583,86483,87283,88483,89683,90783,92383,93683,94583,95483,96483,97583,98083,99183,99883,100983,101883,102483
user1935472769108546231,2185,3285,3985,4885,5985,7585,8985,9785,10985,12285,13085,14685,15485,16985,17685,18585,19585,20585,21585,22785,23685,24485,26185,26985,27885,28285,29685,30085,31085,31685,32385,33385,34085,35185,35985,36885,37985,38985,40185,41085,41885,43685,44885,45785,46785,47285,48085,49085,50085,51585,52485,53785,54085,55785,56785,58085,59485,60785,61885,62885,63985,64985,66285,67085,67885,69185,70685,71385,72085,72785,73585,74785,75785,76985,77485,78485,78885,79885,80785,81685,82885,84085,84785,85385,86085,87085,88485,89485,90985,91685,93085,94185,94885,95285,96585,97485,98285,99185,100585,101885
user4891195365522671442,1976,2376,3376,3976,5376,5476,7276,8276,8576,9576,10676,11776,12876,14276,15676,16476,17476,18876,19976,20676,21576,22576,23676,24976,25976,27076,27876,28276,29476,30276,30576,31676,32476,33576,34676,35676,35976,36876,38476,39476,40476,41176,42676,43376,44476,45276,45876,47176,48176,49676,50876,51876,53176,54476,55176,56176,57076,58276,58876,59876,61376,62176,63076,64176,64976,65476,66676,68176,69276,70576,71276,72176,73576,75076,76076,77476,78776,79976,81476,82376,83276,84276,84776,85476,85976,87376,88176,88876,89776,90976,91676,92676,93276,94276,95276,97176,98476,99776,100476,101276
user8964543926300396812,2381,2981,3381,3981,5381,6481,7681,8781,9981,11081,12381,13381,13581,14381,15181,16281,17081,18181,19081,20481,21381,23081,24481,25381,26881,27781,28781,29781,30981,31881,32981,33881,34781,35581,36481,37881,39181,40181,40981,41781,43281,44381,45181,46481,48181,49481,50781,51181,52281,53181,54081,54981,56081,56881,57881,58981,59681,60781,62081,62881,63681,64581,65681,66181,66981,67581,68681,69481,70981,72281,73281,74681,75681,76681,77481,77981,78281,79481,80181,81081,81881,82881,84181,85681,86781,88181,88481,89181,90281,91381,92981,93781,95081,95581,96681,97481,98481,99081,100281,101081
user4168348136588276088,2179,3279,3979,4779,5679,6479,7279,7879,8279,8679,9779,10479,10879,11679,12679,14179,15479,16179,16879,17979,18679,20179,21079,21979,22979,23979,24879,25879,26579,27779,28679,29179,29879,30579,31279,32379,33379,34179,34979,35879,36779,37579,38679,39479,40379,41279,42479,43479,44979,45979,47079,48279,49479,50379,51379,51879,52779,53779,54579,55679,56679,57279,58279,59479,59879,60679,61479,62379,63379,64679,65979,66879,68179,69779,71079,71979,72279,73279,73979,74379,74979,76179,77379,78179,79779,80779,81779,82779,83679,84579,85579,86279,87179,87579,88779,90079,91079,92179,93179,94079
user2765389277405034957,2178,3278,4678,5878,6778,7178,8378,8978,10278,10878,11578,12278,13378,14278,15378,16678,17378,18278,19178,19978,21278,22078,23178,24278,25878,26378,27978,29278,30178,31178,32178,32578,33678,34378,36078,37278,37978,38878,39878,40878,41478,41878,42878,43878,44978,45778,46678,47578,48478,49478,50078,51578,52578,54078,54778,55078,55878,56578,57678,58778,60278,61078,61978,62878,63878,65178,65678,66778,67478,68178,69078,69778,71178,72278,72978,73778,74778,75878,76778,77578,78478,79678,81178,81678,82878,84178,85378,85778,86878,87678,88278,89678,90578,91478,92578,93678,94778,95578,97078,97678
user427124512099633072,2373,3773,4873,5573,6373,7973,8373,9073,10073,11073,12173,13473,14873,16473,17173,18273,18673,20373,20873,21973,23473,25073,26473,27773,28773,29873,31373,32473,33473,34273,35073,36673,37773,38773,40273,41073,41873,43073,43773,44973,45873,47073,48173,49273,50073,50773,52273,53273,54073,54773,55973,56873,58073,59473,60773,61473,62373,63373,64373,64973,66173,67873,68673,70073,71173,71873,72773,73573,74573,75373,76373,77673,79073,80273,80773,81973,83273,84373,85473,86473,87173,88073,89773,90673,91673,92073,93673,94473,95473,97073,97973,98873,99773,100873,101873,102873,103573,104573,105673,106773
user4037506301835545746,1980,3180,3780,4680,5780,6580,8180,8880,9580,10580,11280,12880,13880,15580,16980,18180,18480,19080,20280,21080,22180,23280,23680,24580,26080,26480,27980,28980,29980,30980,32180,32780,33580,34080,34980,36380,37280,38480,39080,39680,40680,41380,42780,43880,45180,46080,46780,47280,47980,48680,49880,50680,51280,52880,54480,55380,56380,57780,59180,59980,60780,61280,62380,63080,64280,65180,65980,66880,67480,68280,69780,71180,72680,73180,74280,74980,76080,76780,77580,78480,79380,80180,81380,82180,83180,84080,84880,85780,86280,87180,87880,88980,89780,90880,91580,92180,93280,94980,95880,96680
user8415834091316421825,2170,3270,4470,5370,6770,7670,8870,9670,10770,11670,12670,13270,14070,14970,16570,17670,19270,20170,20570,21870,22570,23670,24770,25670,26570,27370,28270,28870,29670,30670,31770,32970,33870,34970,35970,36770,38370,38870,39870,40770,41270,42470,43170,43970,44670,45770,46670,47670,48370,49270,50170,51170,51970,52770,53770,54270,55370,56270,56970,57470,58170,58870,60070,60870,61770,63170,63570,64470,65470,66970,68470,69370,70970,72170,72670,73470,74570,75570,76070,77970,78370,79570,80770,81970,83170,84070,85370,86270,87470,88070,89670,90770,92070,92970,93870,95070,96170,97470,98070,98570
user2172482277416930932,1979,2979,4079,4879,5379,6279,7179,8879,10479,11479,12679,14579,15479,16479,17379,18279,19579,20479,21579,22579,23379,24879,26079,26779,27479,28879,30479,31779,33379,33679,34879,35879,37379,38379,38979,40079,40579,41079,41879,42479,43679,45179,45979,47479,47979,48779,49079,49879,50979,52179,52779,53479,54679,55879,56079,57579,58779,59579,60579,61979,62979,64279,65079,65979,67179,67479,68079,68979,69279,70079,70879,72179,72679,73679,74579,75379,76579,77679,78579,79679,80679,81679,82479,82979,83879,84779,85979,86779,87579,88479,89679,90779,91879,92979,93779,94479,95779,96979,98179,98879
user8512069440321400374,2079,2979,4079,5479,6179,6979,7979,8979,10079,10479,11179,12679,13679,14879,15579,16779,18079,18679,19379,20279,21479,23379,24779,25879,26979,28179,28379,29379,30479,31479,32079,33579,34779,36179,36979,38679,39179,40679,41579,42479,43179,43379,44879,45979,46979,47379,48779,49679,50179,50879,52079,52979,54079,54979,55479,56779,57879,59679,60679,61379,62279,62779,64079,65179,65879,66679,67379,68279,69579,70279,71479,72379,74179,75079,76079,76879,77979,78679,79479,81279,81979,82879,84079,85379,86579,88079,89179,89979,90879,93279,94379,95179,95979,96879,97879,98879,99679,100879,101579,102779
user4046878665874081108,1883,2783,4283,5183,5883,6883,7883,8683,9583,10683,11383,12083,13083,13783,14383,15383,16583,17583,18883,19483,20883,22183,23183,24583,25083,25683,26583,27783,28883,29983,31283,32183,33283,33983,35383,36683,37683,38983,39783,40583,42083,42783,43883,45283,46283,46883,48083,48883,50583,51383,52283,53283,54583,55783,56783,57683,58683,59383,60783,61683,62083,62483,62983,63983,64983,65883,66983,67883,68783,69283,70783,71783,72983,74083,75283,76083,77083,78083,79583,80683,81083,82283,83083,84383,85683,86283,86583,88183,89583,90483,91383,92383,93683,94983,96583,97383,98483,99383,100583,101583
user4173034318607543769,2378,3578,4978,5878,6578,7878,8978,10078,10578,11878,13278,14178,14878,15578,17078,17778,18678,19378,20278,21178,22578,24378,25978,27178,28378,29878,30978,31678,32978,33978,34478,35278,36278,37078,38178,38578,39378,41078,42078,43078,43878,45178,45778,46878,47578,48278,49378,50078,50778,52178,52878,53478,54678,55478,56878,57778,58678,59778,59978,61378,62478,63478,64478,65678,66978,67678,68678,69578,70778,71578,72078,73278,74778,75678,76978,78478,80278,81578,82478,83478,84178,85378,86178,87078,88078,89478,90378,91378,92278,93478,95178,96078,96878,98078,98378,99878,100778,101878,103278,103878
user4399209896558813647,2683,3683,4683,6183,7083,8483,9783,10883,11683,12383,13083,14383,15283,16583,17883,18983,19783,21083,21383,22383,23183,24083,24883,25983,27083,27483,28483,29583,30783,31783,32783,33483,34883,36083,37183,38183,39483,40283,41783,42683,43583,43983,44983,45783,46783,47583,48383,49183,49983,51583,53083,54283,55383,55983,57083,58783,59483,59883,60583,61483,62083,63283,63783,65083,65783,66783,67983,68783,69783,70883,71683,72883,73583,74483,75283,76383,77083,77783,78483,79783,80283,81383,82383,83383,84483,85483,86983,88283,89483,90783,92183,93383,94483,95583,96883,98083,99683,100783,101583,102383
user2654753737047954800,1681,2781,3681,4881,5881,6681,7281,8781,9981,11181,12381,13281,14181,15481,16281,16981,18081,18981,20181,21181,22281,22981,23681,24581,26181,27481,28281,29381,30081,30981,31881,33281,33781,34581,35681,36881,37981,39181,40381,41381,42781,44381,45481,46981,47981,48681,49981,50981,52081,53981,54581,55581,56281,57481,58681,59781,60981,63081,63981,65481,66881,67781,68781,69981,70581,71481,72681,73781,75081,76181,77181,78181,79081,80481,81081,81981,83281,84181,85981,86881,87481,87981,89481,90481,91781,93081,93981,95281,96081,97681,98681,100081,101181,102481,103481,104481,105081,106381,107381,107981
user7682152932024911648,2281,2981,3581,4181,5581,6781,7781,8681,9081,10481,11981,12881,13981,14581,15381,15881,17281,18081,19381,20481,22181,23381,24281,25481,26481,27281,28181,29581,30781,31981,32781,33881,34681,35181,36181,37681,38381,39281,39781,40881,41981,42381,43581,44381,45381,46381,47281,47781,48381,48981,49681,50681,52081,53481,54781,55881,57081,57681,58381,59481,60981,62881,63781,65081,65781,66781,67981,69681,70881,72181,73681,74781,76081,77481,78281,78581,79781,81981,82581,83081,84381,84881,85781,86881,87881,88581,89581,91181,92181,92981,93681,94481,95381,96481,97481,98181,99081,100081,101581,102581
user7581791361512805866,1673,2573,3673,4473,5373,7473,8773,9273,10173,10773,12173,12773,13773,14673,15773,16573,17673,18373,19473,20673,21273,22073,22873,24273,25773,27473,28373,29473,30373,31573,32973,34073,34873,35673,37073,38073,39173,40373,41573,42773,43973,44773,45573,46573,47373,48373,49973,50873,51873,52773,53873,55273,56173,57173,58073,59073,60673,61373,62273,63273,64273,65173,66373,67373,68173,69073,70273,71073,71373,71873,73073,74573,75773,77473,79073,80073,81173,82773,83773,84473,85373,86273,87373,88473,89973,90473,91273,92473,92973,93973,94973,96173,97373,98373,99473,99873,100873,101473,102273,102873
user2876243132979956997,1777,3077,3577,5277,5877,6577,7677,8477,9477,10377,11577,12777,14077,15677,16877,18077,18377,19377,20677,21477,21977,22877,23777,24277,25277,26277,27177,27777,28477,29477,30577,31477,32377,33477,34177,35077,35777,36877,37977,39377,40377,40977,42477,43677,44177,44877,45777,47077,47977,49077,50277,51977,53377,54677,55377,56977,57877,59277,60177,61177,61777,63077,64277,65377,66377,67877,69477,70377,71277,72177,72777,73377,74077,74877,75977,76977,77877,78777,79777,80677,81477,82577,83777,84677,85577,86477,86777,87977,88877,89877,90977,92477,93577,94677,95577,96177,97077,98477,99577,100277
user7234706273359481456,2274,3274,4374,5274,6374,7174,8474,9474,10974,11874,13874,14574,15474,16074,17074,18074,19474,20474,21874,22974,23874,24774,25974,27274,27974,28874,29274,30474,31474,32774,33974,34974,35874,36474,37474,38674,39374,40674,41674,43074,45174,46474,47374,48474,50174,50874,51574,53474,54374,55174,56174,57374,58574,59274,60374,61274,62674,63674,64974,66674,66974,68274,69274,70274,71274,71974,72574,73574,74674,75974,76874,77674,78874,79674,80374,81774,82574,83274,84474,85674,86874,87574,88674,89274,90074,90474,91374,92474,93074,93874,94674,95774,96774,97474,98374,99274,100374,100974,101974,102774
user7210373757456704038,2278,3178,4178,4978,6178,6978,7478,8478,9678,10078,10878,12078,12778,14078,15078,15578,16978,17878,18878,20278,21778,22578,23678,24178,25278,26178,26978,27878,28878,29778,30378,31678,33078,33478,34178,34778,35878,36378,37578,38478,39678,40578,41578,43378,43778,44678,45578,46078,47678,48678,49578,50378,51778,52778,53778,54478,55778,56478,58078,58778,59478,60078,61078,61878,62578,63678,64578,65478,66278,67578,68578,69178,70378,71378,72178,73478,74878,75678,76578,77778,79278,79678,80478,81478,82278,83178,83978,84878,85778,86678,87878,89578,91178,92478,94078,94978,95978,96778,97778,98778
user7094492074568215752,2082,3082,4582,5582,7182,8182,8982,9882,10682,11582,12182,13182,14682,15782,16682,17882,18682,19782,20682,21982,23182,24082,25082,26182,26782,27582,28382,29782,30382,31382,32182,33382,34482,36382,37282,38882,39382,40182,40582,41782,43082,44882,45582,46982,47782,49582,49982,50982,52082,53482,54482,55482,57182,58882,59782,61282,62582,63082,64182,65182,65882,67082,67682,68482,69282,70582,71582,72182,73282,73882,75282,76182,76582,77482,78582,79882,80582,81782,82582,83382,84882,85982,86882,88482,89782,90982,92182,92882,94582,95782,95982,97382,98182,99482,101082,101682,102182,102982,104182,105382
user4997922999590466249,1787,2887,3587,4687,5587,6987,8387,9487,10387,11787,12787,13787,14387,15587,16387,17687,19487,20587,21887,22987,24387,25387,26087,27487,28187,29087,29887,31087,31987,32287,32887,33887,34887,36587,37587,38487,39087,39587,40887,42187,42687,43387,44987,46687,48087,48887,49187,49887,50787,51487,52287,52787,53787,54587,55687,57187,57687,58087,59187,60287,60987,61887,62987,64487,65487,66787,68687,69987,70987,72287,72887,73487,74387,75387,76387,77287,78287,79587,80087,81087,81987,82487,83287,85187,86087,87087,87887,88587,89987,91287,92287,92887,93287,94787,95287,95887,97187,97787,98987,100187
user3936243125517000951,1780,3180,4480,4980,6280,7580,8780,9680,10780,12180,13280,14280,15380,16380,17780,18980,19980,20480,21580,22380,23280,24180,25080,25780,27080,27780,28380,29080,30080,30980,31880,33380,34380,35180,35680,36180,37080,38080,39180,40880,41680,42680,44480,46380,47280,47580,48680,49980,50980,51980,52980,54080,55680,56780,57780,58480,59180,60080,60980,61580,63080,64480,66280,67180,67880,68380,68980,70480,70980,72380,72880,74280,75080,76280,76980,78180,79380,79580,80780,81480,82780,83580,84480,85480,86280,87780,89180,90180,91480,93280,94680,95380,96580,97380,97980,99080,99980,101180,101780,102880
user8526469631673501982,2184,2884,3984,4984,5784,7284,8584,9284,9684,10984,11684,12784,13684,15084,16284,17184,18184,19284,20084,21784,23084,24084,24984,26484,27384,28384,29384,30584,31184,32284,33284,34284,35184,36284,37484,38784,39484,40884,41684,43184,43784,44184,45384,46984,47584,48284,49184,49984,50784,51484,52284,53184,54184,54984,55684,56384,56784,57584,58684,59484,60784,61784,62884,63484,64884,65884,66984,67784,68284,68884,70184,71484,72384,73184,74284,75384,76184,76984,78484,79484,80484,81584,82084,83384,84384,84884,85784,86684,87484,88584,89384,90184,91084,91884,93284,94484,96384,96984,97884,99084
user4515091579447301933,2277,2577,3677,4577,5277,6177,7377,8577,9077,9977,10677,12177,13277,14277,14977,16077,17077,18177,19177,20077,20877,22077,23277,23977,24877,25777,26677,27377,28377,29277,29977,31377,31977,33477,34177,34677,35677,36577,37977,38777,39777,41377,42277,43777,44877,46777,47877,48877,50177,51577,52577,53877,55077,55977,56677,57877,59077,59977,60477,61477,62377,63177,64177,65177,66477,67177,67777,68577,69977,70777,71977,73277,74777,75877,76377,76877,78177,79877,81277,82277,82777,83577,84877,85877,86577,87477,88977,90477,91477,92477,93277,94277,95277,95777,96777,97377,98377,99277,99877,101077
user885063455827879522,2279,2979,3779,5179,5779,6379,7079,8379,9879,11279,11979,12779,13879,15179,16479,17479,18479,19179,20379,21879,23279,24079,24779,25379,26179,27279,27879,28679,29479,30279,31279,32479,34379,34779,35779,36279,37379,38079,39579,40479,41079,42579,43679,44979,45479,46579,47879,48179,49079,49779,50179,51279,51979,53079,54179,55279,56479,57479,58479,59479,60579,61379,62079,62979,63679,64679,65679,66579,67379,68079,69179,69879,70879,71779,72679,73479,74479,75179,76679,77679,78479,79679,80479,81179,81679,82679,83479,84279,85079,86279,87079,88179,89279,90179,91079,92279,93379,94179,95879,97079
user2292490181812546451,2277,3577,4577,5377,5977,7177,8177,8977,9877,10877,12277,12877,13977,14677,15977,16577,17777,19377,20277,21077,22077,23377,24177,25477,26377,26977,28377,30077,30977,31877,32177,32877,33877,35077,35577,36277,37377,38777,39777,40777,41777,42477,43377,44377,45677,46777,47377,48177,49477,50077,51277,52177,53977,54677,55177,56377,56877,57477,58677,59777,60577,61577,62977,63977,64577,65677,66877,67977,69077,70677,71177,72277,73177,74277,75777,77077,78277,78977,79877,81177,82177,82877,84577,85277,85977,86777,88077,89277,90277,91377,92677,93877,94777,95777,96877,98277,99777,100777,102177,103477
user3222768260621140959,1484,2484,3484,4584,5984,7384,7784,8584,9684,11084,12284,13484,14684,15984,17184,18284,19084,20284,21984,23184,23584,24684,25784,26584,27184,27984,29084,30284,31184,31784,32484,33684,35184,35584,36684,37584,38384,39584,41284,42384,42784,43684,44184,45084,46284,47684,48984,49884,50884,51384,52884,53884,54884,56584,57884,59684,60184,61684,63284,63884,64784,65884,66784,67584,68384,69284,69884,70384,70784,72284,73484,74184,74684,76184,77384,78184,79284,80084,80684,81784,83384,84584,85584,86284,87184,87984,89484,90284,90884,91384,92084,93384,93984,95384,96384,97784,98484,99684,100784,101984
user6622152939487867694,1978,2978,3678,5378,6278,7278,7878,8978,9778,10878,11978,13278,14478,15278,16178,17078,17878,18478,19178,19978,21278,22478,23578,24578,25578,26578,27278,28178,29278,30378,31078,32278,32978,33978,34878,35378,36578,37378,37978,38578,39278,40778,42078,43478,44278,45478,46378,46878,47678,48378,49178,49878,50878,50978,51478,52178,53178,54978,55678,56478,57078,57578,58678,59278,60678,61078,61778,62278,62678,63678,64478,65478,65978,66778,68178,69378,70578,71478,72878,73978,75278,76178,77278,78478,79678,80978,81778,82578,83478,84378,85078,85778,86678,87078,88078,88978,90178,90978,92178,92878
user2186540823474733975,2082,3082,3682,4882,5882,6982,7982,8782,9082,9782,10482,11182,12082,12982,14482,15282,16382,17282,18482,19582,20582,21882,22782,24282,25582,26882,28182,29382,30082,30982,32682,33982,34482,35882,37882,38782,39982,40882,42182,42882,44182,45282,46182,47082,48382,49182,50282,51382,53082,53682,54782,56282,57382,58082,59482,60482,61282,62382,63082,63782,64882,65982,66982,68482,69482,70282,71282,72582,73482,74682,75682,76782,77782,78682,79882,80982,81882,82982,83782,84482,84882,86282,86982,87682,88582,89782,90782,92182,93482,94882,95782,96282,97382,98382,99382,100682,101182,102382,102782,104182
user8753205170136912308,1678,2778,3478,4478,5678,6678,7978,8578,9278,10178,11278,11978,13478,14078,15478,16478,17578,18178,19378,19978,20478,21078,21578,23278,23878,24778,25378,26978,27978,29278,29678,30678,31578,32778,33378,34778,35778,36378,37278,37578,38678,39878,40678,41378,41978,42878,43678,44178,45178,46278,47278,48278,49378,50378,51078,52178,53078,53978,54478,55378,56778,57778,58578,59578,60578,61478,62778,63378,63978,64978,66178,67578,68578,69878,70778,72178,73278,74378,75578,77278,78478,79678,80578,81878,83478,84178,84878,85478,86778,88378,89278,90278,91478,92278,93578,94678,96078,97378,98478,99478
user185988782284121138,1672,2672,3972,5272,6372,6772,7472,8672,10272,11372,12372,13372,14472,15272,16472,17272,18572,19372,20372,21372,21972,22472,23372,24672,25672,26672,27372,28472,29372,30372,31272,32372,33172,34472,35472,36572,38072,39172,39972,41272,42172,43172,44672,45472,46172,47172,47972,48872,50572,51372,52372,53672,54272,55172,56072,57072,58272,59272,60372,61172,62172,63072,63672,64372,65672,66572,67572,68672,69272,70072,71372,72372,73272,74272,75272,76572,77872,79272,80372,81372,81972,82872,83772,84872,86072,86772,87972,88772,89572,90772,92072,93272,94372,95872,97472,98372,99372,100672,102472,103172
user8411707869809294592,2271,3571,4871,5971,7571,8771,9971,10571,11671,13071,14171,15671,16271,17571,18771,19471,20271,21071,22871,23671,24871,26271,27671,28071,28971,29971,30571,31971,33071,34271,35571,36771,37671,38071,39271,39971,41471,42071,43071,44271,44871,45571,46971,47271,48571,49371,49571,50571,51571,52571,53371,54071,54871,55771,57071,57871,58571,59671,61371,61971,62371,63171,64971,65871,66071,67371,68671,69771,70171,71371,72071,73671,74871,75871,77071,77871,79371,80471,81171,82371,83371,84071,84971,85571,86371,87671,89171,90471,91371,92171,93471,93871,94871,95971,96671,97371,98371,98971,100171,100971
user7455977354073641770,1476,2276,3776,4776,5376,5976,6876,8176,9376,10676,12076,13576,14876,16276,16976,17976,18776,19376,20076,20976,22176,23276,23976,25676,26776,27976,28576,29976,31476,32476,33176,34276,35276,36276,36876,37676,37976,38776,39576,40276,41376,42476,43076,43876,44776,45376,46076,46676,47776,48476,49876,51176,52476,53476,54176,55376,56576,57576,58476,59776,60576,61376,62476,62976,64476,65476,66276,67076,68076,68676,69776,70776,71976,72676,73476,74176,75776,77076,77976,78276,78876,80376,81176,82376,83076,84176,85276,86276,87376,88676,89876,90476,91076,91976,93176,94776,95476,96576,97376,97976
user3936803086029141399,1773,1973,2673,3573,4573,5473,6073,6973,7873,9173,10373,11573,13273,14273,15273,15873,16773,17573,18173,18773,20373,22073,22673,24073,25173,26073,26673,28173,29473,30473,31673,32173,33173,34373,35273,36673,37473,38673,39773,40773,41873,42573,43673,44873,46173,47173,47973,48773,49973,51073,51773,53073,54673,55673,56573,57673,58973,59773,60373,62073,62873,64073,65773,66073,67273,67873,68873,69573,70273,71073,71773,72473,73973,74773,75973,76773,77773,78873,79773,80873,81673,82273,83273,84673,85473,85873,87373,88173,89373,90273,91973,93073,94373,95673,97073,97973,99373,100373,101873,102973
user1921072577756444623,1983,3283,4183,4883,6083,7283,8383,9283,9983,10883,12083,13083,13983,14783,15683,16783,17783,18683,19083,19683,20483,21383,21883,22583,23083,24083,24883,25483,26483,27683,28283,29283,30283,31183,32483,32983,34483,35083,36083,37483,39083,40483,41783,42683,43783,44583,45283,46183,46883,47783,48583,49583,51183,52583,53783,55283,56883,57783,58483,59383,60683,61583,62483,63583,64983,65683,66883,67983,68983,69983,70283,71183,72083,73383,74583,76383,77283,77883,78683,79783,80583,80983,82283,82983,83483,84383,85583,86183,87183,87983,88683,89783,90683,91783,92883,94083,94883,95983,96783,97683
user1588605996173063704,2372,3472,4972,6272,7272,9272,10572,11372,12172,13272,14172,14672,15672,15972,16972,17372,19572,20172,20872,21972,22972,24172,25072,25972,27072,27572,28772,29272,30472,31472,32572,33872,34872,35972,37272,37972,38972,39872,40772,41872,42972,43872,44272,45372,46572,47472,48872,50672,51872,52572,53172,54172,54972,55972,57072,58172,59172,60372,60972,62072,63472,64072,65172,66272,67472,68372,69572,70972,71872,72872,73872,74672,75772,76672,77872,78372,79772,81172,81772,82572,83172,84172,85372,86772,87772,88172,88872,89772,90972,92472,93572,94372,95372,96372,97872,99172,99872,100572,101672,102772
user8999368727265990488,1986,2886,3686,5286,6686,7586,7886,8486,9886,11086,12286,13286,14286,15586,16786,17686,18486,19286,19786,20586,21186,22086,22686,24186,25186,26086,27286,28086,29686,30386,31386,32486,33286,34486,35286,36386,37286,37986,38786,39386,40686,41186,42986,44586,45586,46886,47786,48586,49486,50286,51686,52386,53386,54086,55686,56886,58286,59386,60386,60986,61986,62686,63186,65186,66586,67786,69186,69686,70486,71686,72586,73686,74886,75586,76586,77186,79086,80386,81586,82786,83786,85086,86386,87286,88386,89286,90686,91586,92886,93486,94286,95586,96286,97686,99286,100386,100786,101886,102886,103686
user6867756536104805426,2080,2580,3380,4480,5880,6780,7780,8380,9280,10380,11580,12980,13380,14280,15380,16980,17680,18480,19180,20180,21080,22080,22580,23080,24480,25580,27080,28480,29280,29980,30980,31580,33680,34880,35980,36880,37980,38880,39480,40680,41580,42780,43680,44780,45680,46580,47880,48880,50480,52080,53280,54080,54880,55980,56680,57480,58680,59780,60980,62180,63880,64980,65480,66380,67380,68080,69080,70280,71380,72180,73180,74180,74680,75580,76980,77780,78480,79480,80780,81680,82280,83180,84080,84980,85980,86880,87680,88780,89680,90780,91380,92780,93480,94280,95580,97380,98780,99780,101080,101980
user8637105172030582139,1973,2773,4273,5073,5773,6573,7773,8773,9973,11073,11873,13273,14473,15173,16373,17573,18273,19073,20373,21873,22673,23473,24473,25473,26073,27573,28273,29573,31173,32173,33573,34373,35173,35973,37173,38673,40173,40973,41673,42673,44273,45173,46273,47273,48073,49373,50273,51173,51873,52673,53673,54373,55673,56973,57673,58373,59073,59973,60973,61573,62173,63273,64073,64873,65773,66973,68073,69673,70973,72473,73173,74373,75373,75973,76773,77873,78973,79773,80873,81673,82473,83973,84773,86073,86873,87973,88773,89373,90273,91273,92773,93873,95173,96273,96973,97873,98973,100173,101673,102973
user1835329513814282332,2175,2675,3475,4575,5275,5875,6875,7875,9175,10275,10975,11775,12475,13675,13975,14675,16175,17475,18575,19275,20575,21375,22775,23875,24375,25575,26975,28175,29275,30175,31575,32675,33675,34375,34975,36075,37275,38375,40275,41075,42175,43375,44575,45575,46675,47675,48775,49775,50475,51475,51975,53175,54475,55275,56475,57375,58775,59475,61075,61775,62275,63275,64875,66075,67075,67975,69375,70275,70875,71875,72775,73375,73775,75375,77175,77975,79375,80175,81275,82675,83575,84375,85275,86575,87675,88875,89575,90675,91675,93475,94575,95275,96275,97275,97975,98775,99975,100075,100575,101375
user180742639752713009,1882,3582,4082,5482,6382,7282,8482,9082,9882,11282,12582,13982,14882,15982,17482,18082,19082,19782,20582,21382,22782,23482,24882,25782,26382,27782,29382,30082,30582,31282,32582,32882,33682,34582,35382,36682,37782,39482,40782,41882,42582,43682,44582,44982,45482,46782,47982,48582,50582,51382,52082,52782,53682,54782,56082,57482,59082,59982,61082,62182,63282,64182,65082,66682,67682,68482,69482,70282,70882,71982,72682,73482,74782,75482,76582,77582,78382,79482,80182,81182,81582,82782,83482,84282,85582,86482,87482,88182,89582,90882,91882,92982,93982,95082,95982,96982,98082,99482,100482,101182
user2765047632110736392,1582,3082,4482,5582,6582,7182,8182,10082,10982,11982,12482,13182,13982,14882,16582,17582,18382,18882,19582,20082,20982,21782,22882,24082,25182,26282,27582,28682,29182,30682,31582,32682,34382,35682,36582,37782,38682,40082,41482,42482,43582,44282,45082,46082,46482,47082,48082,48982,50482,50782,51482,52882,54082,54782,56282,57582,58782,59682,60982,61582,62582,63882,64782,65982,66882,67782,68882,69482,70382,71382,72982,74182,75082,75782,76782,78082,78582,79682,80982,82082,83382,84482,85682,86582,87382,88282,89482,91282,92282,92982,93282,94382,95582,96382,97382,98382,99582,100482,101382,102382
user6053018494890400639,2086,2786,4086,4886,5486,6186,7886,8786,10586,11786,12986,13886,14886,15586,16686,17286,19186,19886,21486,22986,23786,25086,26086,26986,28286,28986,30086,31286,32486,33586,34686,35386,36886,37786,38186,39586,40286,41386,42486,43886,44486,45586,46086,46986,47686,48686,49386,50886,51986,52886,53786,54686,55886,56386,57086,57786,59186,60386,61586,62986,63386,64686,65486,66586,67386,68386,69486,70286,71286,72586,73586,74786,75286,76186,77186,77886,78686,79986,80886,81686,82486,83286,84286,85586,86486,87586,88486,89486,90686,91986,93286,94586,95386,96286,97186,98386,99586,100686,102086,103586
user1116048545874873763,1978,2978,4178,5978,7278,7978,8978,9978,10978,11878,12678,13578,14778,15678,17678,18478,19478,20878,22478,23578,24678,26178,27178,28178,28978,29878,30478,31378,32278,32878,33978,34878,35978,37378,38178,38978,39778,40478,40978,41978,43278,44478,45578,46378,47578,48278,49278,50378,51478,52478,53678,54578,55778,57178,57878,58678,60078,60978,61678,62078,62478,63578,64678,65478,66378,67678,68578,69778,70578,71378,73178,74078,75378,76678,77778,78778,79178,80078,81378,82178,83378,84978,86378,87478,89178,90378,91978,92878,94278,95678,96978,98378,99078,100078,101278,101878,103178,104578,105478,105878
user3594185864677242787,2276,3276,3976,4376,5576,6476,7476,8276,8976,9976,10976,11576,13376,14676,16376,17276,18176,18976,20076,21076,21676,22676,23776,24976,26276,27676,28276,29776,30676,31976,33276,34576,35876,36776,37976,38676,39876,40776,41676,42676,43576,44676,45576,46476,47276,48076,49276,50276,51676,52876,54276,55576,56776,57776,58576,59376,60876,61676,62576,63476,64076,64876,65976,66376,67476,68376,69276,69776,70876,71476,71976,73176,74076,75376,76176,76776,77476,78476,79376,80376,81376,82476,83576,84376,85476,86276,87176,87876,88576,90276,91176,92276,93276,94376,95276,95976,96876,97676,99076,100276
user1960583560741305980,1879,3179,4079,4679,5279,5879,7379,7979,9379,9979,11979,12679,13979,15279,16279,17079,18479,19079,19679,20879,22379,23479,24379,25779,27379,28379,29379,30179,30779,31379,32379,33079,34379,35579,36279,36879,37579,38379,39279,39979,41479,42679,43379,44279,45779,47279,48179,48979,49879,50779,51779,52679,52979,53579,54379,55879,56679,58379,59079,60379,61979,63279,64179,64879,66479,67179,68379,68879,69779,70579,71879,72879,74079,75179,76179,77179,78279,79379,80879,82079,82679,83979,84679,85879,88079,89279,90779,91579,92279,92779,93879,95379,95979,96979,97579,98579,99279,99979,100979,101679
user2533625911628058385,1975,3175,4075,4775,5475,6475,7075,8275,9175,9775,10675,11575,13075,14475,15275,16475,16975,18775,20075,21275,22575,23475,24675,26175,27475,28075,29075,30375,31175,32275,33275,33775,34875,36175,37675,38775,40075,41375,42175,42975,43875,45275,45875,46375,47175,48075,48875,50075,50775,52075,53075,54475,55975,57075,57975,58775,59375,60875,61875,63175,64075,64575,65575,66575,67075,67975,68875,69775,70375,71375,72375,73075,74475,75075,76275,77175,78175,79575,80875,81675,82275,83375,84675,85275,86675,87675,88575,89175,89975,91075,91675,92575,94175,94575,95875,96475,97175,98275,98775,99975
user5098066254884730148,1580,2180,3180,3980,4880,5780,6780,7480,7980,8980,10180,11280,12180,13380,14080,15080,15980,16880,18380,19280,20280,21480,22780,24280,24780,25780,27180,28280,29080,30280,31480,32380,33780,34580,35680,36080,37080,38480,39580,40780,41480,41980,43280,44180,45480,46580,47780,48280,49980,50380,51280,52380,53280,54180,55480,56080,57180,58180,59680,61480,62680,63280,64580,65680,66680,67880,68880,70080,71180,72080,72480,73280,73880,74980,75580,77080,77480,78680,79880,80980,81680,82380,82980,83880,84780,85880,86580,86880,87780,89180,90080,91180,92580,93880,95080,96180,97480,98180,99480,100280
user3362982459412406663,2284,3284,4684,5584,6884,7884,8684,9284,10584,12184,12584,13484,14684,16284,17284,18384,19184,19984,21084,22084,23084,23884,25084,25584,26484,27284,28084,29084,30284,30884,32184,33284,34584,35584,35784,36984,38184,39184,39984,40384,41384,43084,44084,44884,45584,46584,47284,48184,49284,49984,51784,52684,53284,54084,55384,56684,57284,58284,58984,59784,60784,61484,62484,63284,64584,65184,66384,66984,68484,69184,70084,71284,72384,73184,74384,75684,77284,77784,79284,80084,80884,81584,83284,84784,86084,87684,88584,89584,90584,91084,92284,93484,95084,95884,96784,97684,98384,99884,100984,101984
user6968678067129051656,1577,3177,4677,6277,7577,8077,9077,10277,11277,11877,12677,13577,14277,15577,17177,18977,20577,21477,22077,23577,24577,25177,25877,26477,28177,29377,30277,31477,32177,32477,33277,34177,34977,35877,36877,38277,39077,39477,40477,41777,42877,43777,44677,45277,46177,47277,48177,49177,50077,50777,51777,53077,53977,54677,55177,56177,57477,58677,59577,60977,61677,62677,64277,65677,66477,67577,68477,69477,70277,70677,71977,72977,73877,75277,76177,76977,77977,79077,80177,80977,82177,82977,84077,84577,85277,85977,87277,88577,89977,91277,92077,93177,93677,94477,95377,96377,97277,98277,99277,99977
user4519777761466569614,1975,3175,4675,6075,7175,7775,8975,9775,10675,11575,12575,13675,14575,15775,16875,17475,18575,19375,20875,21475,22475,22875,23575,24675,25475,26175,27475,28875,29575,30175,30975,32375,33275,34675,35775,36775,37675,38475,39475,39975,41275,42675,44075,44575,45575,46675,47675,48675,49675,50475,51375,52475,53675,54875,55975,57075,58675,59275,60475,61575,62775,63875,65075,66175,66775,68075,68675,69675,70175,71075,72175,73175,74675,74975,75875,76575,77375,78075,79275,79775,81075,82175,82975,83375,84875,85875,86375,87075,87675,88675,89475,90675,91975,92275,93275,94075,95075,95975,96475,97675
user5339761945212382530,1884,3584,4684,5284,5984,7684,8584,9284,9884,10684,11484,12584,13584,14684,15984,17384,18184,18984,20084,21584,22484,24184,25284,26284,27684,28384,29884,31184,31984,32984,33784,34884,35384,36284,36984,38684,39084,39684,40484,42284,42884,44084,44684,45784,47084,48284,49384,50184,51484,52784,53784,54384,55784,56984,57784,58384,59684,60884,61884,62984,64184,64984,65784,66884,67284,68184,69084,69784,71484,72584,73984,74784,75384,76084,77484,78784,79884,80784,82584,82984,83884,84784,85684,87184,88484,89484,90884,91784,92784,93484,94384,95584,96484,97184,98184,98784,99784,101284,102284,102784
user4876795174170569834,1680,2280,2680,3780,4780,5780,6480,7380,8280,9680,11080,12480,13280,14080,15080,16080,16780,17580,18080,18780,19980,21080,22480,23180,24580,24880,25680,26680,27580,28580,29880,31180,32380,33680,34580,35880,36880,37880,39080,40080,41680,42880,43780,44980,46380,46980,47980,48980,50180,51780,52480,53580,54980,56180,57480,58480,59680,60680,62180,63780,65180,65880,66680,67580,68880,70080,71080,71580,72380,73580,74580,75880,76580,77480,78180,79480,79980,80580,81880,82980,83680,84980,85880,87080,88380,89480,90580,91380,91980,93180,94280,95280,95680,96880,97580,98980,100280,101680,102280,102880
user7702359226420561833,2282,3182,4182,4782,5182,6182,7482,8382,9282,10382,11582,12582,13582,14682,15582,16382,16982,18682,20082,20582,21682,22682,24282,24982,26482,27482,28082,28482,29582,30782,31082,32182,33182,34182,34982,36182,37382,39082,40182,41182,42682,43482,44582,45782,46582,47682,48782,49582,50582,51482,52582,53282,54582,55682,56582,58082,59182,60182,61182,62482,63582,64682,65582,66982,68182,69482,70182,71082,72082,72482,74082,75082,76082,76682,76782,78182,79782,80782,81182,81682,82482,83382,84982,85982,87082,87782,88882,90482,91182,92382,93282,94482,95282,95882,96982,98082,99482,100982,102582,103482
user7350806271465811625,2678,4278,4978,5878,6978,8478,9378,11578,12778,13878,14778,15578,16678,18478,19078,19678,20578,21478,23578,24578,25578,26478,27278,28178,28578,29178,30378,31678,32578,33278,34278,34978,35778,36878,37178,37678,38878,39778,41078,42078,42978,43678,44278,45278,46178,47178,47678,48478,49178,50178,51478,52378,52878,53878,54978,55778,56478,57478,58778,59378,60278,61278,62278,63178,64078,65778,66578,67978,69178,69778,70578,71678,72178,73178,73878,74978,76078,77278,78478,79378,80378,81678,82478,84178,85478,86278,87278,87978,89078,90078,90478,91078,92278,93678,94378,94978,95778,97278,98078,98978
user5455083667588730368,1576,2176,3376,4276,5276,6076,7276,8376,8876,10176,11976,12976,13976,14876,15776,17176,18076,19676,20576,21576,22476,23576,24976,26076,27476,28976,29776,30676,31976,33276,34276,35876,36976,37376,37976,39076,40676,41976,42776,43976,44776,46276,46876,47976,48576,49376,50176,51576,52976,53476,55076,56076,56876,58476,59876,60476,61876,63176,64076,65276,65776,66776,67776,68976,70276,70976,72176,72676,73376,74576,75476,76476,77676,78176,78576,80076,81276,82476,83276,84376,85676,86476,87976,88376,89176,90876,91576,92976,93976,95076,95976,97276,98576,99076,100276,101676,102576,103476,104776,105976
user1593633823486629950,2385,3785,4585,5685,6885,8085,9285,10185,11185,11785,12685,13485,14085,15185,16285,17385,18585,19785,21185,21885,22585,23685,24885,25585,26585,27385,27785,28485,29585,30485,31585,32785,33385,33885,35185,36685,37685,38285,39085,39685,40285,41185,42285,43585,44785,45785,47285,47985,48785,49785,50685,51185,51985,52985,53985,55385,56285,57385,57985,58985,60085,61285,62185,63285,64185,64785,65885,66685,67585,68485,69785,70685,71385,72485,73585,75485,76085,76885,77385,78485,79285,80385,81185,82285,83185,84185,85285,86285,86885,88485,89385,90785,91485,91985,93185,93485,94385,95185,96585,97585
user9004614869797398617,2281,3381,4581,5281,5881,6581,7581,8781,10581,12981,13881,14381,16081,17181,17681,18681,19281,20681,21381,22181,22981,24181,25081,26381,27381,28181,29181,31181,32181,33181,34481,35881,36781,37481,38681,39281,40081,41581,42281,43681,44781,45381,46181,46681,47681,48781,49681,50481,51181,52481,53781,55081,55881,56881,58081,59081,59881,60881,61681,62681,63181,64681,65281,66281,67281,67981,69481,70481,71981,73281,74281,75381,75781,76681,77581,78681,80181,81581,82781,83581,84681,85981,86881,87481,87981,88481,89281,90581,91281,92281,92881,94081,94881,95881,96781,97581,98581,99681,100781,102281
user4409702181621629905,1979,2979,4279,5379,5979,6979,8279,9679,10379,11279,12379,13579,14579,15179,16079,17079,18179,18679,20179,21679,22979,24279,25379,26579,28079,28579,30279,31179,31779,32179,33279,34979,35479,36379,37679,38679,39279,41079,41979,42979,43679,45179,45779,46379,47179,48079,49579,51279,52079,53279,54279,55479,56079,56879,57479,59379,60579,61379,62079,62579,63879,65579,66779,67879,69079,70379,72179,73879,74779,75779,76979,78179,79579,81079,81679,82479,83979,85079,86079,87679,88979,90279,91679,92679,93379,94279,94979,95679,96779,97579,98279,98779,99479,100579,101679,102779,103479,104679,105679,107179
user8632418990011314458,1771,2671,3771,4571,4971,5971,7571,8271,9571,10571,11571,13271,14071,14871,16271,17371,18071,18971,19571,20771,21571,22971,24271,25071,25971,26871,27871,28771,29271,30571,31771,33271,33771,34971,36271,37271,38471,39471,40171,41071,42071,42771,43571,44771,46071,46971,48371,49771,50971,51571,52571,53271,54571,55271,56671,57371,58571,59371,60271,61171,62171,62771,64071,65371,66171,67471,68571,69771,70871,71871,72671,73671,74371,75271,76071,77271,78071,78971,79671,80371,81171,82071,82871,83671,84571,85471,86171,87071,88171,88971,90371,91271,93471,94471,95571,96471,96771,98171,98871,99771
user1367116600241061507,2279,2979,4079,4879,5979,7179,8579,9679,10479,11279,12879,13579,14279,14779,15479,16379,17379,18479,19279,19879,20979,22379,23979,24779,25779,27079,28179,28779,29479,30179,31279,32179,32879,33579,34579,35379,36579,36879,37779,38579,39679,40579,41579,42179,43979,44879,46179,46779,48079,48979,49579,50579,51479,52179,52679,53979,55079,55979,56479,58379,59879,61079,62279,62879,63979,64579,65379,66879,67579,69179,69879,71279,71979,72979,74679,76079,76879,78379,79179,80179,80879,82079,83679,84679,85479,86379,86879,88379,89579,90779,91579,92779,94079,95079,95979,97379,98279,99579,100879,102279
user7562145027629296129,1776,2876,3776,4676,6176,7076,7976,8976,10176,10576,11476,12376,12876,13776,14576,15876,16376,17576,18276,19176,19976,20876,21576,23076,24076,25276,26076,27176,27976,28876,30076,30776,31576,32676,34176,35376,35876,36476,38276,39176,40376,41876,42676,43476,44476,45276,46376,47276,48476,49676,50276,51676,52476,53476,53876,55376,56076,57376,58176,58676,59476,60976,62076,63076,64476,65476,66976,67776,68576,69176,69776,70376,71376,72276,73276,74476,75176,75876,77176,78276,79276,79876,80276,80976,82776,83376,84876,85576,85976,87176,87476,88676,89676,90776,91776,92876,93276,94176,95176,95876
user3348022307548164607,1874,3074,4074,4774,5474,6574,7374,8674,10074,10874,12974,13974,15274,15874,16574,17874,19674,20274,20974,21774,22674,23074,24374,25174,26374,27574,28574,29574,30574,31974,32674,33674,34374,35174,36074,36974,37974,39474,40174,41274,42274,43574,44374,45074,46074,47174,48074,48874,49874,50774,51774,52274,52974,54474,55674,56274,56974,58374,59074,60074,61274,61774,62474,63374,64074,64874,65574,66874,67574,69274,70174,70874,71974,72974,73674,74874,76574,77274,78474,79574,80774,81874,83374,85074,85974,86774,87374,88174,89874,90274,91274,92074,92574,92974,93574,95274,96174,97174,98074,99574
user3714753729584998754,1888,3188,3788,4388,5188,6788,8088,9488,10388,11588,12788,14188,15388,16188,17788,18688,19888,20788,22388,23688,24688,25488,26388,27588,28488,29788,31088,31688,32688,34388,34888,35588,36188,37088,38288,39488,40588,42288,43288,44788,46288,47488,48188,49088,49688,51188,52288,52888,53988,55588,56888,57988,59288,60188,61088,62688,63488,64688,65588,66488,67488,68488,69188,70288,71788,72688,73788,74788,75788,76988,78088,78588,78788,80188,81088,82588,83888,85188,86088,86788,87788,88988,89888,90588,91788,92388,92688,94288,95688,96588,97388,97988,99288,100588,101588,102588,103488,104388,105088,106488
user4293602183515299736,1777,3377,4477,5077,5977,6577,6977,8077,8877,9677,10577,11677,13277,14177,15177,15877,17177,17977,18977,19577,20177,20877,22077,23577,24577,25677,26577,27377,27877,28677,29777,30877,31777,33077,34177,35277,36277,37177,38177,39477,40777,41977,43177,43877,44877,45977,47177,48577,49277,50177,50977,51977,52677,52877,53177,53477,54777,56477,57577,58677,59677,60677,61477,62477,63077,63977,64677,65577,66377,67677,68577,69177,69877,70977,72177,73077,73977,75277,76277,77177,78077,78977,80277,81277,82577,83577,84777,85977,86877,87877,89177,90177,90977,91877,92377,93077,94177,95177,95977,96377
user7948741098767481896,2182,3382,4582,5482,6882,8182,8982,9582,10282,11082,11882,12882,13982,14982,16382,17282,17582,18782,20382,21282,22582,24082,25182,26582,27582,28382,29982,31382,32382,33482,34282,34882,36182,37382,38082,39182,39882,40582,41182,42082,42982,43382,44182,45082,46682,47682,49082,50382,51382,52382,53182,54682,55882,57082,57882,58582,59282,60182,61282,62582,63082,63582,64582,65882,67182,68382,69382,70382,71482,71982,73382,74282,75182,75982,76782,77682,78682,79982,81482,81982,83082,84082,85082,86082,86582,87282,88282,89682,90682,91882,92982,93682,94982,95482,96282,97282,98482,98882,99582,100682
user3001278864689138762,1480,2180,3980,5180,5980,7180,8180,8980,10180,11080,12380,13980,14580,15980,16680,16980,18280,19480,20280,21280,22280,23080,23480,24080,25180,26180,27380,28280,28780,29580,30480,31280,32580,33380,34580,35680,36580,37480,38480,39080,39480,40780,41480,42980,44080,44980,45780,46380,47780,48480,49880,51080,51980,52780,53680,54480,55480,56880,57580,58080,59180,60180,61380,62380,62880,63780,64380,65280,66780,67780,68780,69580,70980,72480,73380,74180,74980,75780,76780,77880,78780,79780,80780,82080,82580,83680,84580,85180,85980,86680,87580,88980,90280,90880,91880,93380,94680,95380,96480,98180
user1824837228751466074,2176,3176,4276,4976,5976,6876,7776,9076,10076,10476,11276,12376,13276,14376,14776,15676,16676,17576,18076,19176,20576,21676,22576,24176,25076,25976,27376,29176,29876,31676,32576,33976,34676,35576,37176,38276,39376,40176,40876,41476,42576,44076,44776,46276,47676,48476,49776,50776,51976,52376,53876,54476,54876,55576,56776,57576,58376,59376,60476,60976,62176,62976,64576,65276,66376,66976,67576,68676,69576,70676,71676,72276,73576,74176,75476,76576,77976,78976,80376,81576,82476,83576,84576,85776,86376,87376,87976,88876,89576,90976,92476,93176,93876,94376,95676,96976,97576,98976,99576,100576
user5807414898273462907,1586,2286,2886,3586,4586,4986,5686,6686,7986,9486,10886,11486,12286,13286,14386,15986,16486,17386,18286,19686,20586,21786,23286,24186,25286,25886,26986,27986,28586,29886,30786,31486,32486,33486,34686,35186,35886,36586,37686,38886,39786,40886,41786,42786,43586,44986,45786,46386,47286,48186,49686,51086,51786,52486,53886,55186,55686,56586,57586,58386,59186,60186,61186,62286,63486,64386,65086,65986,66686,67486,68386,69686,70286,71286,72886,73786,74886,76386,77286,78186,78986,79786,80586,82086,83086,83686,84686,85786,86386,87386,87886,88286,88686,89886,90786,91586,92286,93286,95186,96086
user6752093168434159023,1579,2579,3679,4279,5679,6579,7679,8279,9279,10579,11379,12179,13479,14679,15579,16379,17079,18279,19179,19879,20679,21279,22079,22979,23979,25679,26979,27979,28779,30279,31479,32079,33479,34179,35179,36079,37279,38279,39079,39779,40679,41879,43479,44479,44979,45579,46279,47479,48879,49979,50379,51179,52279,53079,53979,55379,56879,57679,58879,59979,61179,62479,63679,64879,66679,68379,69479,70479,71479,72879,73879,74879,75879,76479,77379,78479,78979,80479,81479,82579,83279,84979,86179,87479,88679,89879,91379,92679,93779,94379,95179,96179,96979,98379,99279,100179,100879,101979,102379,103379
user3821481363652793561,1487,2387,3687,4387,5487,6087,6487,7687,8787,9687,10687,11787,12687,13387,14287,16187,17087,17687,18587,19387,20487,21687,22287,24087,25187,26387,27487,28287,29287,30287,31487,32287,32787,33387,34387,35187,36287,37787,39187,39687,40687,41587,42787,43387,44187,45287,46687,47487,48687,49387,49887,51287,51787,52787,53687,54587,55687,56687,57587,58787,59887,60887,62087,63387,64187,65587,67187,67687,68087,69387,70587,71787,72787,74087,74887,75887,77187,78187,78487,79787,80987,81887,82787,84287,84887,85887,86687,87687,88587,89287,90187,91687,92487,94087,95087,96587,97087,98187,98787,99987
user7460663536092909451,1975,2575,3375,4475,4875,5875,6875,8275,9675,10975,11575,12675,13775,14575,15275,16575,17875,18775,20275,20775,21775,22875,23175,24475,25475,26675,27375,28175,29075,29975,31175,31875,32875,33575,34375,35875,36675,37675,39475,40775,42075,43375,44975,46075,46875,47575,48375,49475,50575,51575,52275,53175,54275,55475,56475,56775,57575,58675,59475,60575,61475,62575,63975,64575,65475,66575,67475,68375,69475,70375,71175,71875,72675,73775,74875,75975,77175,78775,79775,80575,81575,82275,83275,84575,85475,86275,87075,87775,88475,89775,90275,90975,91875,92875,93775,94975,96275,97075,97875,98775
user3469150132968061022,1871,2971,3871,4771,5671,7171,7871,8871,9371,10771,11571,12671,13471,14871,15871,16471,17571,18871,19771,20671,21871,23171,23871,24871,25871,26871,28371,29271,30471,31771,32671,33371,34671,35771,36871,37371,37971,38971,39871,40571,41871,42471,43371,44371,45471,46571,47971,48371,49471,50671,51371,52071,52871,53971,54871,55871,56471,57471,58271,59071,59871,60771,61971,62871,64271,65071,65771,67171,68671,69771,71171,71971,72871,73371,74971,75771,76671,77671,78371,80171,81271,82271,83571,84471,85971,86971,87871,88471,89571,91371,92471,93371,94271,95571,96771,97871,99071,100071,101171,101871
user1352156448376819451,2077,3277,4277,4777,5877,6777,7777,8577,9977,11177,11777,12377,12977,13677,14777,15577,16277,17577,18877,19977,21577,22277,23177,24077,24877,25277,26577,27477,28077,28977,29877,30977,32477,33977,34677,35677,36677,38177,39177,40177,40877,41577,42877,43577,44677,45577,46477,48377,49377,50777,52377,53377,54177,54877,55477,56377,57177,57977,58777,59877,61177,62377,63677,64577,65877,66977,67977,68977,70177,71477,72577,73677,74477,75477,76377,77177,77877,78677,79077,80877,81377,82177,83177,84277,85177,85677,86877,87677,88177,88877,90177,91377,92477,93277,94077,95377,96177,96677,97477,98177
user6159186168446054998,1880,2880,4080,5180,5980,6580,7580,8480,8680,9880,10880,11780,13080,14180,15680,16480,17880,18880,19680,20580,21580,22480,23480,24080,25480,26380,27280,28480,29480,30480,31280,32680,33980,34480,35680,36380,36980,37980,39280,40180,41080,42180,43380,44180,45080,45980,47280,47980,49180,50180,51180,51780,52180,52780,53580,54580,55880,57580,58780,59880,60980,61980,63480,64480,66080,66980,67780,68880,69780,70480,71180,72580,73680,74280,75880,76380,77080,78480,79580,80380,80980,81880,82980,83980,84880,85980,87080,87380,87880,88580,89380,90380,91580,92680,93680,95380,96380,98180,99380,100580
user869884988745795583,1579,2379,2979,4479,5079,6079,7079,7979,8779,10279,11079,11579,12279,13379,14279,14979,15579,16579,17679,18479,19479,20279,21079,22479,23779,24879,26079,26779,27879,29279,29679,31179,31579,32779,34079,34679,35479,37279,38279,39079,39579,39879,41579,43179,44479,45979,46779,47479,48079,48779,49979,51079,52779,53879,54279,55279,56379,56979,58479,59279,59879,60679,61979,62579,63279,64679,65579,67079,67979,68879,69279,70679,71779,72279,73379,74279,75279,76279,77679,78279,79679,80779,81679,82279,82779,83779,84779,85979,86779,87879,89179,89579,91079,91879,92779,93579,94479,95379,95979,96679
user5580679359810052581,1576,2476,3776,5176,6376,7676,8476,9576,9976,11176,12076,12676,13776,14876,16176,16776,17676,18676,19476,20376,21276,22076,22976,23476,24076,24776,25076,25976,27176,28376,29276,30176,31076,32576,33576,34476,36076,37176,38576,39676,40376,41476,42376,43276,44176,44976,45676,46676,47576,48376,49676,50876,52076,52676,53776,54676,55076,55876,56476,57276,58376,59176,60176,61276,61876,63276,64276,64776,65876,66476,68076,69776,70376,71576,72276,73176,74476,75476,75976,76576,77076,77976,78476,79376,80176,81176,82076,83376,84376,85376,86076,87576,88076,89376,90476,91776,92776,94676,95576,97376
user8758451312668320437,1683,2583,3783,4383,5683,6583,7783,8683,9783,10683,12383,13983,14783,15783,16683,17983,18883,19483,20483,21083,22383,24083,25283,26483,27583,28783,29783,30883,31683,32283,32783,34183,34883,35783,36483,38283,39083,40283,41083,41983,43583,44683,44883,46083,47283,48583,50083,50783,51383,52183,53483,54283,55683,56783,57183,58083,59283,60183,60683,62083,63183,63683,64383,65883,67083,67983,69083,70883,71583,72483,73083,73983,74983,75983,76983,78083,79283,81283,82083,82683,83983,85183,86483,87183,89083,89783,90483,91583,92283,93083,94583,95783,96983,98583,99483,100183,100983,101983,103183,103883
user3237946727703224898,1485,2485,3185,3585,4085,4985,5885,6185,7085,8185,8785,9785,10985,11685,12585,13785,14685,15085,15985,16885,18385,19285,20085,21785,22885,23685,24685,25585,26285,27085,28185,29185,30285,31385,32785,33685,34985,35885,36385,37185,38185,39185,39785,40485,41685,42485,43485,44485,45785,46885,48085,48785,49885,50985,52885,53785,54585,55085,55685,56485,57985,58685,59885,60685,61485,63185,64785,66185,67785,68885,70085,71585,72485,73785,74785,75785,76685,77785,78685,79685,80685,82185,83285,84285,85285,86185,87085,88385,89185,90285,90685,91785,92685,93385,94585,95085,96185,96885,97685,98585
user6168558532484590360,1887,3587,4987,6187,7287,8287,9387,10287,11487,12687,13387,14887,15687,16387,17187,18087,18887,19187,20087,21487,22487,23387,24087,24687,25887,26687,27487,28087,28987,30587,31787,32887,33987,34887,35987,37387,38087,39187,40387,40787,42387,43087,44587,45687,46987,48487,49887,51187,52187,52787,53887,55287,56587,57987,58887,59687,60687,61387,62487,63787,64787,65887,67387,68587,69387,70687,72387,73687,74787,75587,76687,77387,77987,78887,79387,80187,81487,82887,83887,84887,85887,87687,89187,89987,90987,92187,93387,94187,94787,95887,96987,97987,98687,100087,101787,102787,103887,104587,105887,106787
user8753546815431210873,1682,2982,4682,6482,7582,8082,9082,9482,10582,11582,12682,13782,14682,15482,16682,17582,18882,19882,20682,21582,22682,23282,24582,25882,26982,27682,28682,29382,30082,30882,31982,33282,34282,35282,36582,37582,38482,38882,39782,40582,41582,42582,43682,43982,45282,46182,47082,47482,48482,49282,49982,50582,51882,52782,53682,54682,56082,57182,58382,59582,60582,61682,62882,63482,64382,65382,66082,67382,67782,68982,69682,71082,72382,73482,74482,75982,76382,77782,78582,79882,81282,82182,82882,84582,85182,86382,87382,88382,89682,90682,91382,92582,93682,94182,95482,96882,97682,98782,100382,101482
user7093932114056075304,1878,3278,5278,6078,7478,8378,9278,10378,11878,12878,13678,14778,16278,17478,18478,19378,20578,21078,22178,22578,23178,24178,24978,25778,26778,27978,29078,30678,30878,31678,32978,33778,35178,35978,36878,37578,38678,39778,40278,40778,41278,42378,43378,44178,45678,46678,47878,48778,49678,50878,52278,52978,54378,55278,55978,57578,58578,60078,61478,62278,63378,64478,65378,66378,66978,67878,69078,70578,71078,72378,73378,74278,75578,76178,76978,77678,78278,80078,80478,81578,82778,83678,84878,85678,86578,87878,90078,90778,92278,92978,94078,95378,96078,97678,98978,99578,100378,101478,102578,104478
user1010099187537061287,2077,2677,3377,4477,5277,5777,7477,8177,9177,9777,11277,12177,13277,14077,14977,16477,17577,18777,20377,21377,22577,23277,23977,24977,26277,26977,27677,28677,29977,30677,31377,32077,32877,33577,34677,35877,36577,37877,38877,39977,41077,42077,42777,43877,44377,45677,46877,48277,48877,50177,50977,52577,53877,54477,55677,56477,56977,57877,58877,59577,60077,61477,62577,63477,65177,65877,66477,67377,68377,69277,69777,70577,71377,72177,72377,73277,74477,75377,76277,77477,78377,79277,79977,81177,82477,83177,83877,84977,86077,86777,87677,88877,89377,91377,92477,93177,94477,95577,96877,97477
user5585583857047162145,2476,4276,5076,5876,7076,8476,9676,10876,12376,13476,13876,14676,15576,16776,17676,18676,19376,20476,21076,22176,23276,23676,24776,25176,25976,26276,27576,29176,29676,30276,30976,32176,32776,33776,35076,36576,37876,38676,39576,40376,42276,43376,44176,45476,46576,47176,48276,49276,50276,51176,52076,52876,53676,55076,55776,56776,58076,59576,60276,61776,63176,64076,64976,65776,66876,68176,69376,70176,70676,71876,72576,73576,75076,75776,76776,77976,79176,80376,81176,82076,83376,85076,86176,86576,87776,88476,89376,90276,91876,93176,94376,95576,96276,97276,98176,99676,100776,101476,102376,103176
user6867974851322647309,2378,3178,4278,4978,6178,6778,7578,9178,10178,11178,11578,12778,14178,15478,15978,16978,18178,18978,19778,20778,21878,22678,23478,24678,25478,26578,27878,28878,29978,31078,31578,32778,33678,34278,35678,36578,37778,38578,39778,40778,41478,42478,43178,44578,45478,45978,47278,48178,49778,50478,51178,52278,53378,54678,55278,56078,57478,58578,59778,60878,62178,63478,64778,65378,66578,67778,68378,69178,70078,71178,72478,73178,73778,74078,74978,75378,76478,77078,77878,78778,80278,81178,81978,82578,83778,84278,85178,86078,87378,88578,89578,90378,91778,92578,93478,94578,95778,96878,98278,99178
user1820151046732198393,2081,3381,3881,4881,5981,6981,7581,8381,9481,10281,11781,12881,14681,15581,16581,17881,18981,19981,21181,22181,22581,23581,24381,24981,25981,26681,27381,29181,30081,31281,31881,32981,34181,34781,35581,36081,37581,38081,39181,40281,41581,42681,43881,44681,45781,47281,48381,49381,50181,50981,51581,52281,52681,53881,54481,55381,56281,57281,58381,60181,60981,62281,63481,64481,65281,66381,67081,68081,69181,70081,70981,71781,72781,73981,75281,76381,77681,78681,79681,80781,81481,82381,83181,84581,85381,85981,86781,88281,88881,90381,91481,92881,94481,95781,96581,97681,98481,99381,100581,101281
user2156962165040548428,1779,2279,3079,3679,4479,5379,7079,7879,8679,9579,10279,10779,11479,12379,13479,14479,15379,15979,17779,18479,19579,20179,21079,21779,22379,23479,24579,24979,25879,27379,28379,29679,31379,32079,32679,33179,33879,35279,35979,36879,37779,38779,39779,40779,42079,42879,44079,45179,46379,47279,47879,49479,50379,51679,52979,54079,54579,54879,55979,57079,58079,59079,59479,61079,62879,64279,65279,66779,67579,68879,70379,71279,72579,73879,75579,76579,77279,77979,79079,80379,81579,82879,83779,84779,85779,87179,88379,89379,90379,91079,92379,93079,93979,95179,95779,96679,97279,98479,99579,100579
user2167454450103364686,1880,3280,4680,5980,7380,8580,9280,10380,11180,12180,12980,13580,14580,15780,16480,17380,18080,19580,20380,21380,22480,23680,24580,25480,26080,26980,28380,29180,30280,31180,32680,33480,34380,36080,36380,37480,38280,39080,39680,40680,41980,43080,43980,44680,45680,46180,47080,47780,48180,49080,49580,50980,51780,52580,53380,54280,54880,55980,57080,58080,58780,59680,60780,61880,63180,64180,65280,66180,66880,67480,68680,69980,70580,71980,72580,73980,74580,75380,76580,78080,78980,79580,80280,81080,81980,82880,83980,84680,85680,86880,87680,88780,89780,90680,91580,92280,93180,94280,95680,96780
user8160298170148808283,1680,3180,4080,4880,5980,6580,7580,8380,9480,10580,11780,12680,13480,14480,15580,16780,17580,18980,19780,20580,21280,22680,23680,24780,25880,26780,27480,27880,28880,29780,31580,32380,33580,34780,35880,37480,38580,39380,40480,41380,42480,44280,45280,46280,47380,48580,50380,51080,51780,52980,53880,54180,55380,56280,57080,57680,58780,59980,60480,61680,62480,63380,65080,66180,67180,67980,69580,70680,71780,72580,73680,74480,75080,76480,77580,78280,78880,79880,81080,81780,82980,83880,84580,86080,86680,88080,88980,90180,91380,92280,92780,94280,95780,96380,97180,98780,99980,101280,101680,102780
user8521783449654234301,1775,3275,3775,4975,6575,7875,9075,10375,11675,12275,12875,13575,15075,15775,16675,17375,18575,19475,20675,21675,23375,24275,25175,25475,26575,27475,28775,29575,30075,31075,32475,33475,34175,34775,36075,37075,38075,38875,39775,40775,41375,42175,43075,44075,45175,46375,46875,47875,48775,49275,49775,50375,51775,52775,53575,55075,56475,57575,58275,59275,60475,61375,62375,63375,64675,65875,67075,67775,68875,70175,71475,72275,72875,73775,74675,76075,77175,77775,78875,80275,81275,82175,82675,83675,84475,85775,86675,87375,88375,89175,89875,90675,91875,93075,94075,94975,95975,97275,98475,99575
user5696001082186400419,2472,3472,4772,5172,5772,6772,7772,8972,10272,11472,12672,13872,13972,14972,16072,17172,18172,19172,20872,21672,22572,23772,24772,25772,26572,27672,28872,30072,31272,32372,33372,34672,35872,36872,37772,37872,38372,39972,41372,42172,43472,44272,44872,45472,46572,47372,47972,49772,50272,51372,52472,52972,54272,54872,56272,57472,58472,59472,60272,61272,62372,62872,63672,64772,65472,65972,66772,68272,69272,70072,70872,71672,72372,73172,73872,74872,75672,76272,76972,77772,78772,79972,81272,82572,83672,84472,85372,85872,86972,88472,90672,91772,92672,93172,93772,94472,95572,96672,97772,98972
user5107780264217564075,2378,3078,3878,5278,6278,7778,9078,10278,11278,11878,12478,12878,13478,14378,15378,16478,17278,18678,19978,20878,21878,22778,23478,23978,24778,25878,26378,27578,28278,28978,29778,31178,31678,32578,32978,33978,34978,35578,36878,38178,38978,39878,40978,42178,43578,44678,45578,46678,47578,48978,49278,50178,51378,52378,53878,54578,55278,56078,56578,57778,58678,59978,60778,61678,62878,64078,65178,65878,67078,68178,69378,70378,71978,72878,74178,74978,75478,76578,77878,78378,79178,79878,81178,82378,83778,85178,85578,86278,87278,88178,89078,90678,92078,92978,93978,94978,96278,97678,98578,99878
user3333403800978221116,2178,2878,3978,4578,5678,7278,9078,10678,11778,13178,14078,15578,16278,17578,18878,19778,20578,21578,22378,23478,24578,26078,27478,28578,30078,31078,32478,33478,34578,35778,36878,37578,38778,40078,40978,41778,43078,43878,45078,46178,46978,47878,49078,50278,51278,52178,52778,53778,54678,56178,57878,58578,59278,60678,61778,62678,63778,64978,65978,66578,67878,68978,70178,71678,72678,73478,74578,75478,76778,77478,78478,78878,80278,81578,83178,84078,85278,86478,87378,88778,89578,90278,91278,93078,93778,94978,96078,96978,97878,98878,99478,100378,101478,102378,103878,105178,105978,107278,108078,109278
user7008189050113913013,3073,4273,5573,6573,7173,7873,9273,10273,11273,12173,13373,14073,15373,16573,17373,18173,18773,19273,20673,21773,23573,24373,24973,25573,26373,27573,28273,29073,30573,31873,33173,33873,34573,35773,37773,39273,40273,41373,42373,42873,43773,45073,45773,46873,47873,48673,49873,51073,52273,53273,54773,55673,56273,57173,58373,59373,60873,62573,63973,65173,66173,68173,68673,69873,71873,72373,73173,74173,75373,76073,76973,78173,79073,80173,80573,81673,83073,84073,84673,85773,87073,87973,88773,89573,90673,91973,93573,94473,95173,96073,97673,98673,99773,100973,101773,102373,103173,104573,105773,107073
user5691533215384974621,2582,2982,3682,4082,5282,6582,8082,9582,10882,11682,12182,13082,14282,15282,16182,17782,18782,19482,20782,21582,22682,24482,25682,26782,28382,29082,30282,31082,32382,33982,34882,35882,37082,38282,39682,40782,41282,42882,43882,44782,45482,46582,47782,48882,50182,51082,52082,52982,53982,55082,56082,56882,57682,58382,59482,60882,61782,62382,63382,64482,65782,66382,68082,69382,70082,70582,71582,72582,73682,74682,75882,76782,78182,78782,79782,80482,81582,82482,83382,84482,85882,86382,87382,88382,89082,90482,91182,92882,94482,95382,96282,97882,99182,99782,100982,102082,103282,104082,104382,105682
user1588947641467362269,2386,3386,4386,5486,6486,7586,8386,9786,10886,12286,12886,14386,15186,16386,17086,18086,19586,20986,21986,22586,23786,24486,25986,26986,28286,29686,30286,31186,31686,32686,33686,34886,35686,36586,37786,39086,40086,41686,43186,43886,44886,45886,46186,47486,48586,49286,50186,50986,52186,52986,53686,54586,55486,56686,58086,59286,60086,60586,61986,63286,64086,65086,66086,67486,68086,69486,70286,71486,72686,74186,74886,76186,77486,78586,78886,79986,80886,81986,82986,84186,85386,86486,87786,89086,89886,90386,91786,92486,93086,93986,95086,96386,96886,97986,98686,100086,100686,101586,102386,103186
user190115003791248371,2677,3877,5577,6377,7677,8977,9777,10877,11877,13177,14377,15677,16477,17077,17877,19177,19877,20977,22277,23277,24377,24777,25677,26277,27077,28377,29477,29777,30977,32077,33177,34277,35077,36377,37677,38677,39277,40177,40877,41577,42877,43877,44377,45477,46177,47177,48277,49577,50577,51577,52977,53777,54577,55977,57177,58777,59377,60577,61277,62177,63277,64377,66177,66977,68577,69577,69877,71177,71877,72877,73777,74477,75577,76877,78877,80077,81177,82177,83377,84077,85477,87077,88177,89177,90177,90877,92177,92877,93777,94977,96477,97177,98177,98977,100177,101077,102777,104077,105277,105977
user1347251951139709887,1777,3077,4277,5277,6477,7277,8177,9577,10377,11077,12277,13177,14277,15177,16277,17177,18177,19177,20377,21077,22077,22777,23477,24377,24877,26177,27777,28477,29577,30577,31377,32177,33177,34277,34777,36377,37077,38077,38577,39277,39777,40877,41777,42977,44277,45977,47877,48477,49577,50777,52477,53277,53777,54477,55477,56377,57077,58977,60077,61177,62677,63977,64677,65877,66577,67677,68677,70277,70977,71877,73077,73477,74477,75477,77177,77977,78477,79377,80477,81477,82477,83777,84677,85477,86477,87177,88177,88777,89877,90477,91777,92677,93777,94777,95677,96377,97777,98077,98977,100477
user4163320309274709842,2281,2981,4281,5081,6081,6881,7881,8781,9681,10481,11281,12281,13081,14681,15681,16281,17181,18781,19581,20781,21581,22081,22781,24381,25381,26981,28381,30081,30881,31781,32881,33781,35081,35781,36681,37581,38481,39281,40281,41581,42281,43481,44281,45281,46081,46781,47981,49281,50381,51281,52681,53681,54581,55281,56481,56681,57981,59281,60281,61281,62281,63181,64081,64981,66281,67281,68481,69381,70381,71481,72381,73281,74381,75481,76481,77281,78581,79681,80981,81681,82681,83481,84781,85481,86381,87681,88681,89481,90181,91181,91981,93181,94481,95081,95981,96981,97781,98781,99981,101481
user5474730001472240105,1979,2879,3479,4779,6179,7279,7979,9079,10079,11079,12279,13179,14779,15579,16679,17779,18979,19479,20879,21479,21879,23479,24579,25879,27479,28479,29479,30479,31179,32779,34479,35379,37079,37779,38379,39479,40679,41779,42779,43579,44679,45379,46279,47879,48479,49479,50179,51379,52379,53079,53779,54579,55379,56179,57379,58279,59479,60079,61179,61779,62579,64079,64579,65379,66679,67679,68879,69979,71079,71979,72879,74079,74779,75179,76279,77279,78479,79579,80079,80979,81979,83079,83679,84279,84979,85779,87479,88079,89079,89979,91379,92079,92679,93779,95079,96079,97479,98279,99279,101079
user176056457733445328,1873,2973,3773,4573,4973,5473,6773,7773,8373,9373,9773,10673,11873,12873,13473,14773,16073,16773,17773,18673,20273,20973,22273,23573,24773,25473,26273,27873,28973,30373,31373,31973,32673,33673,34773,35373,36073,37073,38473,39573,40373,41473,42973,43773,44373,45173,46273,47373,48673,49573,51273,52073,52873,53773,54473,56073,57373,57873,58773,59673,60973,62373,63173,64273,64973,65973,66373,67373,68473,69673,71373,72673,72873,74173,74973,75573,76873,78573,79373,80473,81073,81673,82773,84273,85373,86273,87673,89173,90173,90973,91773,92473,94073,95273,95773,96873,97673,99373,100073,101173
user1689309211979468051,2077,2977,4577,5877,6777,8077,8977,10077,10877,11677,12777,13777,14977,16077,17377,18277,19677,20477,21277,22177,22777,23877,24777,26277,27377,28277,29177,30177,30777,31677,32777,34077,34877,35577,37277,37977,38677,39677,40477,41777,42577,43877,44677,45477,46477,47277,47877,48777,49877,51177,52077,53377,54277,54877,55977,57277,58177,59477,60577,61777,63277,64877,65377,66577,67477,68377,69177,70377,71377,72177,72977,73777,74977,75377,76177,77577,78377,79277,80177,81377,82377,83177,83977,85077,86677,88077,89277,90177,91877,92677,93477,94277,95277,96177,97377,98477,99277,100077,100577,101177
user9004054909285258169,1685,2485,3185,4785,5385,6385,7485,7685,8585,9785,10585,11385,12685,13585,14385,15085,16385,17485,19185,20285,21185,21985,23785,24985,25985,27285,28385,29385,29985,30785,31785,32985,33485,34185,34885,35885,36885,37985,38385,39285,40385,41085,41985,42885,44385,45585,46785,47885,49085,49785,51185,52785,53485,54085,54985,55485,56785,57585,58585,59785,60485,61485,62785,63485,64385,65285,66185,66685,67685,68185,69485,70985,71685,72385,73985,74485,75385,75985,77485,78285,78885,79285,80385,81885,83085,84485,85385,86585,88285,88885,89385,91085,92085,93585,94485,95085,95985,96985,97685,98385
user2759801489579328263,1777,3077,3877,4877,5377,6077,6877,7877,8677,10577,11377,12877,14477,15877,16577,17977,18277,19477,20577,21777,22177,22977,23977,24977,25977,27177,28477,29477,30577,31277,32477,33877,35077,36077,36577,37477,38477,39377,40177,40677,41477,42677,43077,43877,44877,46177,47677,48177,48877,49677,50777,52477,53877,55177,55977,57077,57877,59477,60377,61377,62677,64077,64577,65477,66277,67377,68577,69477,70877,71677,72577,73477,74277,75377,76677,77677,78677,79877,80477,81477,82877,83677,84777,85877,86777,88277,89477,90677,91777,92577,94077,95977,97577,99077,99677,100677,101677,102577,103377,104077
user9220858123197992685,2375,2575,3875,4875,5575,6375,7875,8775,9575,10675,11975,13275,14175,15375,16875,17575,18675,19475,20275,20975,22175,22875,24375,25275,25875,26575,27975,29375,30575,31375,32375,33375,34175,34875,35875,36775,37275,38175,39075,40175,41175,42175,42975,43575,44175,45175,46375,47375,47775,48975,50175,50775,51575,52475,53375,54675,55675,56575,57675,58575,59175,59975,60675,61475,62275,63875,65775,67275,68175,68475,69475,69875,71075,72075,72975,74075,74475,75575,76875,77875,78875,80075,81375,82275,83375,84475,85675,86275,87175,87775,89075,89875,90675,91375,92075,93275,94875,95975,96775,97275
user1950091275678489722,2182,3482,4082,4982,6682,7882,8882,10282,11782,13182,14882,16082,17082,18482,19282,20082,21082,21882,22982,24582,25382,26182,27082,27982,28282,29082,30382,31282,31882,32782,34282,35782,36882,37282,38982,39482,39882,40682,41682,42582,43282,43782,44982,45082,46182,47782,49082,49582,50082,51382,52682,53182,53582,54382,55182,56082,57482,58382,59082,59782,60482,61082,61982,62782,63682,64282,65382,65882,66682,68082,69382,69982,70682,71382,72482,73482,74482,75782,77082,77882,78982,80382,81182,81882,82682,83282,85082,85882,86982,87982,88982,90582,91082,92082,93182,94082,95282,96082,97582,98382
user176616418245585776,2384,3484,4884,5784,6784,7584,8184,9084,10284,11584,12584,13584,14284,14784,15584,16584,17484,18884,20284,20984,21884,22984,23484,24584,26184,26884,27984,29184,29984,31484,32384,33584,34584,35684,36784,37884,38884,39884,40984,42084,42784,44184,44784,45584,46984,47584,48484,49584,50784,52484,53884,54884,56284,57184,58184,59184,59684,60884,62084,62784,63784,64884,65684,66984,67984,68884,69984,70884,71284,71984,72884,74084,75184,75584,76584,77484,78684,80184,80884,81984,82484,83684,84684,85784,86384,87684,89284,90284,91584,92984,93784,95384,96684,97884,98584,99184,100484,101584,102384,103384
user6757120995747725269,2182,3082,3982,4982,6182,7482,8482,9982,11482,12282,13082,14482,15982,16982,17982,19182,19682,20782,22082,23282,24482,25482,25982,26982,28482,29082,30182,30782,31882,33082,34082,34782,35482,36982,37982,39082,40182,40882,41582,42482,43282,44082,45082,46182,46782,47482,48582,49382,49882,50782,51482,52882,54082,54582,55282,56882,58082,59682,60482,61582,62382,64082,65082,65882,67182,68382,68882,69882,71582,72182,73182,73882,74582,76082,77182,78682,79382,80882,81982,83182,84282,85082,85982,86882,87682,88382,89582,89982,90782,91682,92382,93482,94882,95582,96382,97882,99182,99882,101682,102482
user2056040634016302198,1982,2882,3582,4782,5582,6782,7782,8582,8982,10082,11482,12782,13382,14582,15382,16182,16982,17782,18282,18882,19282,20282,22082,23682,24582,25182,25982,27082,27982,28482,29482,30182,31182,31682,32982,33282,33682,35182,35682,36582,37582,38482,39282,39982,41082,42782,43982,45382,45782,46882,48282,48982,50282,51582,52882,53882,54982,56182,57182,58682,60282,61182,61882,63182,64082,64882,65182,66182,67182,68082,69082,69882,70182,71682,72482,73682,74982,76182,76882,78182,78782,79982,80982,82982,84082,85082,87182,88382,89182,90082,90682,91582,93082,93982,94982,96082,97382,98382,99082,99982
user7692645217087727906,2376,3876,5176,5876,7276,8576,9876,11076,12176,13176,14676,15876,16976,17876,18876,20476,21176,22576,23476,24376,24976,26076,26676,27776,28676,29376,30276,30876,31776,32876,33676,35276,36276,37776,38676,39876,40776,41576,42776,43576,44276,45176,46176,46776,47576,48476,49776,50676,51376,52576,53076,53476,54776,55576,56376,57376,58776,59476,60676,61976,63276,63876,65276,65876,67476,68076,68676,69976,71276,72476,73576,74476,75276,76376,76976,77876,78476,79776,80676,82376,83576,84876,85976,86576,86876,87976,88976,90076,91076,92076,93376,93776,94876,95976,96976,97876,98876,99876,101276,101976
user8170012179481642210,2381,2781,3881,4581,5181,6281,7181,8381,9381,11081,11881,12781,13781,14481,15981,16681,17881,19281,19881,20681,21581,22881,23681,24381,25481,26481,27781,28881,29581,30281,31081,32581,33381,34181,34881,35781,36681,37981,39081,40381,41281,42281,43881,44481,45781,46781,47681,48681,49581,50281,51981,52781,53581,54381,55081,56581,57381,58181,58681,59781,61181,62281,63181,64581,66081,66681,67681,68681,69481,70181,70681,71281,72681,73981,75281,76281,77281,78181,79481,80781,82281,83481,84581,86081,87481,88481,89581,89881,90881,91381,92781,93481,94081,95681,96881,97681,98981,100081,101281,102581
user4409483866403788022,1584,2284,3384,4984,5984,7184,8084,9284,10384,11584,11984,12784,14184,15384,16584,18084,18984,19584,20784,21384,21984,22584,23484,24284,25584,26384,27384,28784,28784,29584,30484,31084,32484,33584,34684,36084,36984,37584,38084,38984,39584,40584,41284,42484,43284,44384,45684,46784,48184,49584,50484,51584,52984,54284,55184,55784,56884,58184,59484,59884,60384,61384,62184,62984,63784,64484,65484,66484,67584,68184,69484,70684,71684,73384,74284,75384,76084,76484,78384,79984,81284,82784,83884,85384,86984,87884,88784,89684,90284,91184,92284,93184,94184,95384,96784,97684,98584,99684,100884,101784
user5229126404855302373,2274,3374,4374,5374,6674,7774,8574,9574,10674,11574,12574,14074,14774,15474,16274,17974,18274,18874,19974,20974,21674,22774,22874,24074,24974,26474,27874,29174,29774,30974,31874,33274,33774,34474,35774,37074,37974,38674,39974,41074,41874,42974,43774,44374,45774,47174,47574,47974,49974,50674,52074,52674,53774,54774,55474,56574,57674,58774,59574,60474,61174,62374,63674,64574,65474,66774,67474,68274,69474,70074,70774,71374,72274,73774,74674,75374,76374,77274,77874,78474,79974,80774,81874,82874,83974,85274,86274,86674,87574,88274,89274,89874,90674,91074,92074,92974,94274,95674,96274,97474
user3237168451973242567,2076,2676,3476,4576,5676,6476,7276,7776,8476,9076,10076,11376,12276,12876,14276,14776,15776,17176,18176,18876,20176,21476,22276,23476,24176,24776,25476,26376,27176,28276,28876,29576,30376,31476,32676,33576,34276,35076,35976,37276,38476,39376,40076,40776,41376,42576,43776,44776,45876,47076,48476,49576,50176,51276,52176,53376,54276,55276,56776,57976,59076,59876,60876,61576,61876,62476,63576,64676,65776,66476,67276,67876,68976,69576,70476,70976,72076,72676,73676,74776,75576,76476,77476,78576,79876,80976,82276,83776,84676,85676,87176,88176,89176,90276,91276,92176,93276,94276,95776,96776
user3474177960281627268,2079,3079,3379,4479,5679,6679,7579,8979,10579,11379,12279,12579,13179,14179,15579,16779,18479,19779,20979,21579,22679,23579,24779,25379,26279,27379,28179,29479,30179,31079,32179,33379,34479,35279,35979,36779,37579,38479,39679,41179,42279,43079,43679,44379,45579,46479,47579,48079,49279,50279,51479,52579,53779,54479,55279,55879,56879,58079,59379,60779,61279,61579,63179,65079,66179,66879,67879,69479,70179,71479,72579,73579,75479,76179,77379,78579,79979,81079,82079,83079,83779,84879,85679,86679,87279,87679,88779,90179,90779,92379,93279,93979,94679,95479,96679,98279,99479,99879,100679,102679
user5465015992139406178,1783,2883,3983,5283,6183,6983,8183,9083,9683,10283,11283,12183,13583,14483,15183,16083,16983,17583,18383,19183,20083,21083,22583,23683,24883,25583,26883,28083,28983,30383,30883,31683,33583,34883,35683,36583,37383,38483,39683,40483,41283,42183,42783,43983,44983,46183,47783,49183,50283,51483,52883,53683,54483,55083,55883,56783,57883,59083,59983,61183,62183,63183,63883,64283,65083,65383,66383,67383,68383,69383,70883,72383,72983,73583,74283,75483,76183,76983,78183,79183,80083,80883,82083,82483,82983,84483,85683,86383,87283,88383,89783,90783,91883,92483,93283,93483,94183,95083,96283,97183
user7813213081995483873,1677,2077,3477,4577,5677,6577,7677,9177,9577,9877,10777,11977,12377,13277,14477,15777,16577,17877,18577,19377,20277,21377,22477,23477,24477,25177,26277,27077,27677,29477,30777,31377,32377,33677,35077,36177,36877,37577,38777,39577,41577,42477,43377,44477,45277,46577,47977,48377,49077,49977,50877,51577,52677,54177,55177,55777,57277,58377,59577,60777,61877,62477,62977,63877,64977,65877,66477,67677,68377,69277,70377,71177,72377,72977,74077,74877,75777,76977,77677,78677,80277,80977,82077,82777,83477,84177,85477,86177,87077,88277,89477,90277,91377,92677,93977,94777,95877,97177,98377,99077
user1598320005505897631,1577,2677,5277,5977,7377,8377,9577,10377,11177,12577,12777,13777,14677,15777,16277,17877,19177,19577,20777,21977,23177,24277,25677,26677,27877,28977,29877,30377,30977,31977,33077,33877,34677,35277,35977,36777,37977,39377,40477,41877,42877,44277,45177,46277,48477,49477,50677,52177,53677,54577,55577,56477,57577,58377,59177,60077,60977,62077,62677,63477,64277,64677,65577,66777,67377,68277,68977,69877,71077,71977,72877,73777,74577,75777,76877,77777,78577,79977,81077,81777,82777,84277,85777,87077,88377,89377,90577,91677,92577,93377,94177,95277,97077,98077,98777,100077,101177,102177,103477,104277
user6168900177778888925,2077,3577,4577,6077,7277,8077,9477,9977,10677,11677,12477,13177,14177,15277,16577,17477,18977,19977,20677,21977,22877,23977,25377,26277,27177,27977,29177,30377,31377,32177,33877,34577,35677,37177,38477,39077,40477,41577,43077,43877,44677,46277,47477,48477,49177,50177,51377,51977,52577,52877,53577,54577,55577,55777,56877,57777,58977,60077,60977,61577,62677,63277,63777,64977,65677,66377,67377,68877,68977,69877,70977,71977,72677,73577,74377,75377,76677,77177,77977,78577,79477,80477,81077,82177,83177,83877,84277,84877,85977,86677,87577,88477,89377,90477,91777,92777,94177,95177,96477,97377
user2648947634004406223,1977,3277,4177,5477,6677,7377,8477,9477,10477,11777,12677,13477,14777,15877,17277,18777,19277,20177,22477,24377,24877,25677,26977,27377,28077,28977,29877,30877,31777,33577,34177,35477,36577,37277,38377,39377,41077,42077,42477,43477,44777,45177,46077,46777,47877,48577,49477,50277,51177,52377,53277,54277,55377,56677,57777,58777,59577,60277,60977,61577,62077,63077,64677,65777,66477,67477,68277,68977,70077,71177,72277,73477,74377,75077,76377,77577,78577,79377,80777,81577,82677,84377,84977,85477,86477,87177,88177,89477,90977,91777,92977,93877,95377,96577,97977,99077,99877,101177,102377,103677
user6877907175873323119,2186,3486,4886,5586,6486,7586,8786,9986,11486,11986,13086,14086,14786,16186,16786,17786,18986,19886,20286,21286,21986,23086,24186,24786,26086,27486,28786,29986,30986,31886,32886,33586,34486,35986,36886,37786,38386,38486,39486,40286,41386,42386,43186,44086,44886,45386,46486,47686,48886,50186,51986,52986,53886,54886,56086,57786,58686,59686,60486,61286,62486,63286,63786,64486,65386,66286,66886,67886,69286,70486,71686,72986,74386,75386,76586,78186,79686,80386,81486,82186,82686,83686,84786,86186,86986,87886,88786,89686,91186,92686,93686,94586,95386,96786,97686,98986,100186,101186,102486,103386
user8280647719838722367,2276,3976,4876,5776,6776,8276,9376,10376,11176,12076,13076,13676,16076,16476,17376,18076,19076,20176,21076,21676,22876,23676,25376,25976,26676,27376,28676,30376,31476,32376,33476,34676,36276,36576,37376,38276,39376,40276,41076,42576,43776,44376,45376,46576,47276,47976,49876,51176,52476,53176,54276,55176,56576,57376,58276,59376,60076,60576,61376,62376,63576,64876,65776,67276,68676,70076,71176,72076,73176,74376,75876,76476,78176,79176,80276,81276,82876,83876,84676,85376,86576,87776,89076,89576,90776,91776,92676,93676,94276,95376,96476,97676,98676,99476,100376,100976,101876,103176,104276,105376
user7933562631685397957,1779,2379,3179,3779,4579,5579,6879,9079,10079,10779,11379,12079,13379,14179,15379,16879,18479,19679,20279,20879,22479,23279,23979,25179,26979,27979,29079,30179,31079,32279,33679,34679,35779,36279,37679,38479,39679,40379,41279,41979,42779,43479,44579,45879,47479,47979,48979,49779,50179,51679,52579,53679,54679,56079,57079,57879,58879,59379,59979,61279,62579,63379,64079,65579,66179,67179,68179,69379,70679,72179,73079,73979,75179,75979,77179,77879,79579,80079,81379,81779,82779,83779,84279,85279,86779,87579,88779,89479,90179,91179,92579,93379,94279,94879,95179,96279,96979,98379,99679,100979
user6882935003186889365,1981,3281,4181,4681,6081,7081,8281,9081,10181,11081,11981,12481,13881,14481,15781,16381,17381,18581,19581,20181,21581,22681,24281,25281,26381,26981,27981,29081,29781,30481,31881,32681,34181,35081,35981,36881,37681,38981,39781,40381,41081,42381,43381,44381,44781,45881,47381,48281,49081,50081,50781,51781,52881,54381,55581,57181,57681,58681,59581,60181,60781,61881,62781,63881,65381,66581,67681,68881,69281,70481,72081,73281,73781,75081,75981,76481,77481,78181,78981,79981,80781,81581,82581,83181,84981,86181,87481,88781,89681,91281,92281,93181,94381,94781,95781,96781,97781,98281,99881,100881
user2740496800990117091,2078,3378,5178,5978,6878,7878,8678,9578,10278,11578,12778,13278,14078,15478,16578,17478,18778,20678,21778,23078,24078,24678,26078,26878,27778,28678,29878,30878,31978,32778,33578,34678,35478,36978,37578,39178,40278,41778,42678,43078,44378,45278,46878,47878,48878,50178,50878,51778,52378,53278,53678,54778,55778,56978,58278,59578,60478,61678,62678,63578,64478,65678,66878,67578,68478,69678,70178,71978,72478,73778,74878,75978,77378,78078,79278,79978,81278,82678,83478,84478,85278,86178,86878,87978,89178,89678,90678,91878,93078,94778,95878,96278,97078,97978,98678,99578,100578,101478,102678,103078
user7571517391667831491,2179,3679,4179,5079,6179,6579,7579,8679,9179,10079,10579,11279,11779,12579,13579,14479,15779,17279,18079,18479,18979,20279,21579,22379,23379,24679,25979,26879,27679,29379,29979,31879,32979,34179,35379,35979,37379,38479,39379,40879,42079,43379,44379,45079,46379,47779,48479,49279,50079,50579,51879,52679,53679,54579,55779,56579,57279,57679,58879,59679,60779,61879,62579,63379,64979,65579,66979,67979,69079,69779,70979,72079,73079,73679,74779,75579,76079,76879,78079,78679,79579,80679,81679,82779,83879,84879,85879,86779,88279,89379,89979,91379,92379,92579,93079,93779,94179,94879,95579,96679
user6290028003198785340,2182,3882,4782,5582,6582,7982,8682,9882,10582,11282,12182,12882,13782,15182,16382,17682,18682,19882,20782,21982,23682,24482,25582,26882,27382,28682,30182,30782,31682,32882,33682,35282,36782,37782,38482,39582,40782,42182,42982,43482,44182,44982,45682,46682,47782,48682,50082,51782,52382,53282,53982,54982,55582,56582,57682,58882,60382,61682,63282,63882,65082,66482,67482,68482,69982,70582,71682,72982,73882,74582,76282,77182,77882,79282,79882,81082,82482,83582,84882,85982,87182,87882,89182,90482,91682,92682,93882,95082,95982,96882,97382,98182,98782,99082,99982,101782,102782,103482,105282,106382
user2523693587077382575,1979,3179,4079,4779,5679,6879,7879,8479,9179,10279,10779,11579,13179,14079,15179,16379,17579,18279,18979,19379,21079,21879,22779,24079,25479,26779,27779,28479,29479,30179,31779,32279,33179,33579,34979,36479,37079,38079,38979,39779,41279,42379,43679,44779,45879,46879,47479,48779,50279,51179,52179,53179,53879,54679,55379,56079,58079,59079,59979,60679,61579,62079,62879,63879,64979,66579,67879,69079,70079,71179,71879,72779,73579,74579,75779,76879,78179,79679,80579,81479,82279,82979,84079,85179,85679,86879,87979,88879,89679,90579,91879,93179,94179,94779,95179,96379,97979,99379,100779,101679
user3111914405046218919,2069,3069,3569,4069,4669,5569,6069,6869,7669,8569,9869,11269,12569,13769,15069,16169,17069,18469,19169,20569,22169,23169,24169,24869,26169,26769,27869,28569,30169,30969,31669,32569,33269,34369,35169,36069,37669,39169,40969,41769,42869,43469,44469,45969,46669,47669,48369,48969,49869,50869,52269,52669,53769,55269,56569,57169,58169,59069,60269,61469,62369,63569,64669,65869,66769,67669,68969,70169,71269,72169,73269,73669,74769,75769,76669,77369,78569,80069,81569,82369,83269,84869,85869,86769,88069,89069,90469,91669,92169,92769,93769,94669,95569,96269,96969,97969,99069,99469,100269,101069
user8748518988117644627,2176,2676,3476,4376,5576,5976,6576,7276,8576,10076,10676,11576,12676,13576,14676,15876,17476,18776,19776,20576,21376,22276,23076,24276,25676,26976,28476,28776,30276,31276,32076,33176,33576,34576,36376,37676,38376,39376,40376,40776,41376,42176,43376,44076,44976,45676,46276,47276,48476,50076,51176,52176,53776,55076,55876,56876,57876,58776,59676,60876,62376,62976,63976,65176,65976,67076,67976,69076,70476,71876,73076,74076,74476,75476,76076,76976,78276,78876,80076,80776,81976,83076,84076,85376,86176,87376,88476,89276,90376,91476,92076,92976,94176,95076,95776,96676,97376,98876,99876,100676
user5470043819452972424,1976,2776,3576,4376,5176,5776,6576,7476,8076,9476,10676,11776,12976,13876,14776,15676,16776,17376,18176,19076,19776,20676,21976,22676,23676,24976,25976,27176,28376,29576,30076,31476,32976,34276,34876,35776,36476,37076,37676,38376,39176,40176,41576,42476,43576,45076,45676,46576,47676,49076,49876,50476,50976,51576,51776,52776,53676,54176,54876,56176,57476,58176,58976,59876,61576,62476,64076,64776,65476,66876,67476,68376,69576,70276,70976,71876,73076,74076,74876,76476,77676,78476,79276,80276,81376,82276,83176,84776,84876,85376,85876,87176,88176,89176,90576,90976,91876,93076,93776,94576
user4630973262335790219,2077,2777,4277,5377,5977,7077,7877,8577,9877,10777,11477,12677,14177,14877,16077,17077,18477,19977,21177,22077,23277,24277,25177,26477,26777,28077,29177,30277,31677,32977,33977,34877,35477,36477,37277,38377,39377,40277,41177,42677,44277,45577,46477,47677,48377,49677,50377,51077,52377,53277,54077,54877,56077,57177,59077,60177,60677,61477,62877,64477,65477,66577,67977,69377,70177,71077,72277,73377,74277,75177,76077,76577,77877,78877,79777,80677,81877,83077,83877,85477,86477,86677,88077,88477,89777,91177,91977,93077,94277,95077,95677,96877,98277,99677,100377,101777,102377,103077,103877,105177
user397545853665447525,1982,3082,3882,4682,6082,6782,7882,8882,9482,10782,11882,13282,13782,14782,15682,16382,17582,18782,19882,20882,22982,24182,25382,26782,27582,28482,29082,30182,31282,32482,33082,34182,35782,37082,38082,38982,39782,41382,42782,43782,44882,45982,47082,47982,49382,50482,51582,52382,53082,53682,54682,55882,57182,57482,58382,59782,60582,62082,62682,63882,65382,66582,67382,67982,68882,69582,70882,71682,72882,73482,74282,75482,76482,77982,78882,79182,79782,80382,81482,82182,84182,85382,86282,86682,87982,89282,90582,91382,92782,94182,94782,95382,97082,97482,98482,99982,100682,101282,101982,102382
user7224773948808805646,2086,4086,4886,5686,6486,7386,8386,9186,9886,10386,11686,12586,13886,14886,15986,17386,17986,18486,19486,20686,21186,21786,22186,23286,24086,24886,25886,26886,27586,28686,30186,31286,32186,33586,34386,35286,36886,37886,38686,40086,40586,41086,42286,43386,44386,45286,46786,48086,49586,50886,51386,52486,53286,54886,55386,56686,57986,58886,59486,60586,61686,62586,63186,63986,64786,66186,66786,67786,68586,69986,71186,72386,73286,73786,74886,75786,76586,77486,78786,80086,81286,82086,83186,84086,85586,86186,87286,88386,89186,91386,92386,93386,94486,95686,96786,97786,98686,99686,101286,103186
user7109110581138159243,2175,3675,4475,5175,6475,7475,8475,10075,11275,12475,13675,14275,14975,16275,17475,18875,19675,20775,21675,23175,24075,24775,25375,26675,27575,28675,29375,30375,31175,31775,32675,33675,34675,35075,35975,36675,37975,38575,39775,40675,41875,42675,43975,44975,46075,47275,48075,48875,49675,50675,51375,52975,53675,54575,55775,56675,57675,59075,60275,60975,62075,62475,63475,63875,64675,65575,66675,67175,67875,68475,69275,70275,70875,71375,72475,73575,74675,75775,76575,77475,78175,78975,80175,80875,81675,82375,83875,84775,85775,86575,87275,88175,89275,90075,91275,92275,92675,93875,94475,95575
user3589717997875816989,2378,2878,4078,4878,5878,6878,7578,8478,9478,10578,11878,12878,13978,15378,16378,17078,18378,19478,20278,21078,22078,23578,24478,24978,26078,26978,27578,28678,29878,30778,32078,32978,33978,35278,36278,36978,38278,39478,40378,41678,42978,44178,45278,46178,47578,48678,49278,50078,51178,52078,52978,53778,54378,55178,56778,58278,58778,59878,60478,61578,62678,64078,64978,65678,66678,67478,68478,69378,70278,71478,72478,73078,73778,75278,76178,76878,77678,78578,79678,80678,81678,82578,83578,84578,84878,86078,86778,87878,89278,90278,91078,92078,93178,93678,94678,96578,97978,98878,99478,100378
user8048884354061745795,1875,2775,3475,4775,6475,7275,8275,9275,10075,10975,12375,13675,14375,15375,16675,18075,18875,20075,21475,22275,22975,24175,25375,26675,27375,28375,29875,31275,31875,32875,33475,34175,34975,36375,37675,38475,39175,39775,40975,42775,43275,44775,45175,46075,46675,47975,49075,50075,50675,51375,51775,52575,53775,54775,55075,55975,57675,58975,61075,62275,63475,64475,65275,66375,67475,68775,69775,71275,72675,74175,75475,76575,77375,78175,79775,80175,81075,82075,83275,83975,85175,85875,87275,88375,89975,90975,92375,93075,94575,96075,97275,98175,99375,100075,100975,102475,103375,104675,105475,106875
user4987430714527649991,1976,2776,3876,4776,6076,7076,7776,9176,10276,11176,12576,12976,13676,14476,15876,16676,17576,18276,19176,20576,21576,22376,23676,24976,26376,26876,28576,29176,30176,31376,32376,33476,34676,35276,35976,37076,38576,39976,40576,41876,42876,43676,44076,45176,46176,47176,47676,48676,49476,50676,51876,52876,53676,54976,56276,56576,57276,58776,60176,60976,61876,62776,64076,65076,65876,66876,67576,68276,69976,71176,72276,73776,74776,75676,76176,77676,78576,79676,80576,81876,83076,84576,85076,86176,87576,88476,89376,90276,90976,91776,93376,94176,95376,96776,98176,98876,99576,100576,101576,102676
user6520889763169322899,2675,4275,5575,6375,6975,7875,9075,10075,11075,11775,12675,13575,14875,15975,16575,18075,18875,19375,20675,22075,23275,23875,24775,25675,26975,27375,28375,29375,30675,31275,32575,33675,34875,36175,37675,38475,39275,39975,40775,41875,42775,43375,44075,45075,45475,46475,47275,48175,48875,49775,50675,51975,53175,53975,55275,56375,57375,58775,59475,60375,61475,62975,63975,65175,66275,67575,68175,68975,70175,71675,72575,73475,74475,75375,76775,78175,78975,79875,80875,82275,83175,84575,85375,86375,87375,88175,89275,90975,91875,92875,94475,95775,96475,97875,99275,99975,100775,102475,103075,103875
user6058264637421808768,2385,3485,4885,6285,7485,7885,8785,9885,10785,11885,13085,13685,15085,16285,17685,18985,20185,21285,21785,22585,23585,24585,25485,26185,27485,28585,29585,30485,31185,31985,32985,34585,35985,37285,37885,39285,40285,40985,41885,42285,43485,44085,45085,46085,46785,47485,48485,49385,50585,52685,53685,54585,55085,55785,56385,57585,58585,59385,60285,61485,62285,63185,64085,65085,65485,66485,67285,68185,69085,70185,71285,72185,73485,74485,75085,75885,76485,77085,78185,79285,79985,80985,82285,83285,85085,85785,86385,87685,88485,89685,90785,91185,92185,93085,94585,95785,96685,97385,97885,98885
user6284781860667377211,2480,3380,4480,5480,6480,7380,8480,9780,10780,11280,12580,13980,14580,16480,17080,18080,19180,20180,21280,22280,22980,23680,24480,25080,25880,26480,27280,27880,28780,29580,30580,31780,32680,33880,34680,35680,36780,37980,39480,40380,41580,42580,43380,44280,45780,47080,47480,48080,48880,49880,50580,52380,53180,54280,55080,56080,57380,58080,59680,60280,60680,61680,62680,63780,64880,66280,66780,67580,68180,69580,70680,71380,72080,73680,74680,75880,77080,78280,78980,79880,80780,81980,83280,84280,85880,86880,87280,88080,88880,89580,90480,91480,92080,92980,93780,94680,95680,96780,97880,99080
user7229460130828073327,2479,3179,4779,5779,6979,7779,9079,10079,10879,11779,12279,13379,14179,14979,16579,17179,17679,19179,20079,21079,21579,22379,23379,24779,25679,26479,27579,28379,29079,30179,31379,32479,33179,33579,34779,35479,36379,36879,38179,38979,40079,41079,42279,42979,43979,44879,45979,47379,48579,49079,50079,50679,51279,52079,53079,53979,54679,55379,55879,57679,59079,60379,61479,62579,63479,65279,65979,66779,67679,68679,69479,70279,71379,72279,73379,74579,75279,75879,76579,77679,79079,79979,80279,81679,82679,83879,84679,85479,86479,87779,88479,89279,90779,91679,92479,92879,93479,94179,95679,96579
user8869086853025400594,2083,3183,3783,4683,6183,6783,7983,8883,9883,10883,11483,12683,13883,14483,15083,16483,17883,19083,20183,21183,22083,22583,23383,24883,26383,28183,28983,30083,30983,31883,32583,33483,34883,35783,36883,37783,39083,39683,40783,42183,43083,43983,44983,45883,46783,47383,48583,49283,50283,51383,52783,53283,54483,55483,56483,57283,58783,59183,59783,61683,62383,63483,64083,65583,67183,68683,69083,69683,70483,71883,73083,73783,74583,75683,76983,78783,79983,80983,81983,83783,85383,86083,86983,87883,89083,90183,91083,92183,92683,93383,94483,94883,95883,97183,98483,99383,99983,100483,101583,102683
user643367765500227140,1881,2181,2881,3681,4881,5981,6981,7681,8881,10481,11381,11881,12881,13981,15281,16781,17881,18381,18781,19481,20281,20881,21881,22681,23381,24581,25281,25881,27081,27581,28281,28881,30581,31981,33481,34581,36181,36981,37381,38381,39381,40181,41481,41981,42581,43781,45081,45781,46381,47481,48581,49681,50281,51281,52881,53881,55081,55781,56481,57281,58581,58881,59581,60181,60981,62281,63281,63581,64581,65981,67281,67881,69381,70981,71981,73381,74281,75581,76381,77781,79281,80281,81681,82781,83781,85181,86181,87481,88981,90081,90981,91981,92681,93981,95181,96381,97281,98881,99681,100581
user5570965350477218654,2177,3277,3977,5077,6077,7177,8377,9177,10677,11677,13177,14477,15477,15977,16677,17277,17977,18777,19977,20877,22177,23477,23977,25077,25977,26877,28077,28777,29777,30977,31577,32677,33877,34777,35277,36577,37177,37777,38977,39977,40677,41377,41977,42877,43977,44777,45477,46677,47777,48777,49777,51777,52777,53377,54577,55277,56077,56677,57577,58577,59477,61077,62177,63177,63577,64577,65377,66677,67677,68777,70177,71277,72977,73577,74377,75877,76677,77377,78477,80177,81377,82177,83077,84477,85477,86077,86777,87577,88677,89677,90477,92077,92977,94377,95677,96777,97777,98477,99177,100577
user2066532919079118456,2378,3378,4678,5378,6078,6578,7778,9178,10078,10878,12278,13078,13678,14378,15878,16378,18078,19178,20478,21178,22178,23078,24178,25178,26178,26778,27478,28178,29278,30178,30778,31978,33178,33878,34778,35678,35978,36978,38478,39278,40078,41178,42378,43178,43978,45178,46378,48378,49578,50778,52178,53478,54278,54978,56278,56578,57378,58578,59378,60778,62078,63278,64578,65578,66778,67578,68578,69678,70778,71778,72778,73878,75178,75878,76678,77478,78078,79578,80378,81178,82778,83778,84478,85578,86478,87178,87678,88178,89078,90478,91578,92378,93378,93978,95078,95878,96978,98278,100078,100778
user3825949230454219359,2185,3085,3685,4285,5785,7185,8585,9185,9985,10585,11785,12985,14385,14785,15585,16785,17885,18785,20185,21185,22285,23185,24185,25385,26685,27985,28985,29885,30785,32185,32885,33585,35085,36185,36785,37785,39185,40085,41185,42485,43485,44285,45385,46185,47185,47585,48285,49185,49985,51085,51885,52785,54385,55985,56885,57485,58485,59585,60585,61185,62085,62785,63485,64685,65485,66385,67185,68085,69285,70185,70785,71385,72085,73385,74285,75185,76085,76985,78185,79185,80085,81185,82085,83485,84485,84985,85885,86085,88285,89585,90785,91585,92485,93185,94785,96085,96585,97685,98485,99585
user778895782272225163,1969,2569,3969,5069,6769,7569,8569,9669,10669,11469,11969,13169,13669,14269,15669,16569,17769,18969,20469,21769,22869,23769,25169,26069,27169,27969,28869,29569,30869,31969,32869,34169,35269,36469,37769,38669,39669,41269,41869,43069,43769,44269,45369,46169,47569,48269,49769,50569,51169,51869,53269,54269,54969,55769,56969,57569,58069,59269,60269,60969,61869,62669,63169,64269,65269,65569,66569,67069,68169,69269,70169,71169,72169,72769,73569,74169,74869,75869,77369,78069,79469,80669,81569,82869,83769,84269,85569,86369,87569,88069,89269,90369,90969,91769,92869,93569,94369,95369,96069,97369
user3584471855344408860,1880,2780,3680,4980,5880,6380,7380,8380,9180,10780,11780,13180,14480,15180,16580,18280,19280,20780,21280,22380,23580,24480,25580,26580,27580,29080,30080,31480,32180,33180,33880,34680,35680,36480,37480,38780,39980,41380,42180,43080,44480,45380,46080,47080,48180,48980,50080,50980,51780,52980,53880,54980,55580,56180,56580,57480,58280,59280,60380,61880,62680,63880,64580,65380,66780,67280,68580,69680,70880,72180,72780,73680,75080,76380,76980,78080,78480,79680,80680,82280,83180,83580,84680,85480,85980,87380,88080,89580,90980,91980,92680,93680,95180,96180,97280,97680,98580,99580,100980,102680
user769523418233689801,2281,3081,4481,5781,6981,7581,7881,9281,10681,11381,12381,13381,14381,15181,16081,16881,17981,18281,19081,20781,21981,23381,24381,25981,26781,28181,28881,29781,30281,31481,32781,33181,34281,34981,36281,37081,37481,38481,39581,40281,40781,41281,42581,43581,44681,45481,46181,47081,47881,49181,50381,51281,52381,53281,53481,54781,55581,56781,58081,58781,60081,61681,62681,63681,65081,66481,67981,68581,69581,70281,70981,71681,72681,73781,74681,75681,76781,78181,79281,80081,81081,82381,83081,84281,85081,86281,87481,88481,90081,91481,92281,92981,93681,94981,96481,97381,98181,99681,100781,101681
user5918050438630543064,1977,2777,3777,5077,6577,7377,8677,9877,10977,11877,12777,13677,14277,15377,16477,18077,18877,19877,20677,21577,22877,24077,24777,25877,26677,27877,28577,29077,30077,30577,31177,32077,32877,33577,34877,35677,36277,37677,38577,39877,40077,40677,41677,42977,43577,44477,45277,46077,47377,48277,49377,49977,51277,52177,53177,54277,55277,57277,58077,58877,60077,61077,62477,63677,64777,65477,66477,67977,69677,70777,72077,72977,73977,75077,75777,76677,77577,78877,80277,81077,82177,83077,84077,85077,86177,86777,87377,88877,90677,91977,93577,94777,96077,97277,98177,99277,100377,101577,102777,103377
user5585365541829320262,2180,3280,4380,4980,6080,6880,7780,8380,9780,10480,11780,12780,13980,15280,16180,17480,18080,19180,20080,21280,22480,23380,24080,25380,26280,27480,28880,29880,30680,31480,32780,33780,35380,37180,38080,38380,39280,39780,40280,41580,42580,43780,45180,45980,46980,47680,48780,50280,51080,52080,53180,54080,55280,56780,57680,58780,59680,60680,61980,62980,64380,64980,65980,67180,68180,69280,70780,71480,72380,72880,74280,74780,75380,76280,77480,78680,79680,80580,81680,82580,83280,84180,85080,86280,87380,88580,89580,90080,91480,92380,93380,94680,95680,96780,98380,99380,100980,101680,102980,103580
user8522343410166374749,1979,2779,3779,5679,6779,8379,9179,10479,11379,12379,13279,13979,15179,15879,16779,17979,19579,20579,21879,22979,24179,25279,26379,27179,28479,29279,30779,31879,32679,33779,35179,36479,37979,38879,40079,41279,42279,43179,44679,45579,46279,47679,48479,49479,50979,51579,52379,53379,54479,55179,56079,56779,58179,58979,59879,60979,61879,63179,64879,65979,66779,67779,68879,70579,71479,72679,73579,74979,75279,76579,77579,78779,79779,80779,81879,83479,84279,85679,86979,88379,88979,89879,90979,92379,93379,94279,95179,95779,96379,96979,97579,98079,99279,100079,100979,101879,102779,103779,104679,105679
user4168006491293977523,2473,3873,5373,6473,7173,8373,9273,9973,11573,13173,14373,15273,16473,17673,18873,20373,22073,22973,24073,26073,27073,27973,29073,30373,31273,32173,33373,34073,35373,36773,37573,38273,39173,40073,40973,41973,42873,43873,44873,46273,47373,48573,49473,49973,50573,51573,52873,53973,55173,56373,57573,57873,58973,59873,61073,61973,63273,64873,65673,66573,67973,68973,69673,70373,71573,72873,73273,74073,75273,76173,77273,78473,79773,80173,81173,82173,83373,83673,84273,85473,86773,88273,89273,90173,90873,91473,92373,93573,95073,95973,97273,98073,99473,100173,101373,102073,102973,104573,105173,105973
user4525023903997977743,1579,3279,4479,5679,7379,7879,9579,10379,10579,11579,12879,13679,14479,15679,17179,17779,18279,19679,20479,21379,22279,23579,24379,25179,26279,27179,28379,29379,30579,31479,32679,33679,35179,35679,36979,38579,39779,40979,42479,43979,45379,46579,47879,49379,50679,51979,52679,53579,54679,55679,56679,57079,57779,58579,59779,60679,61779,62879,63779,64979,66279,67179,68179,68879,69779,70979,71379,72779,73479,74279,75379,76279,76779,77579,78279,79079,80379,81279,82479,83279,84479,85979,86979,88279,89379,89979,91279,92079,92579,93879,94679,95779,96679,98179,98879,99679,101079,102079,103379,104379
user2760361450091468711,1976,2676,3476,4376,5476,6576,7276,7976,8776,10076,10876,11676,12676,13276,13876,14776,15576,16676,16976,18176,19076,19876,21076,21776,23076,23976,24476,25676,26676,27476,27776,28676,29476,29876,30576,31176,32176,32976,33576,34776,35476,36076,36576,37576,38776,39476,39976,41776,43376,44176,45276,46176,47476,48676,50176,51176,52076,53376,54276,55376,56576,57476,58676,59776,60776,61376,62676,63776,64876,65476,65976,67176,68276,69276,70176,71176,72376,73876,74476,75776,76576,77676,78676,79776,81276,81876,82876,83776,85276,86876,87476,88376,89676,90476,91576,92776,93576,94276,95276,96776
user2880929314999224678,2173,3073,3573,4873,5573,6273,7673,8573,9473,9973,10873,12173,12873,13573,14573,16073,17373,17973,18773,20273,20973,21973,22673,23873,24573,25673,26473,27573,28273,29273,30073,31673,32473,33873,35373,36473,37973,38973,40273,41273,42173,42973,43673,44673,45873,47473,48073,48973,49673,49773,50773,52073,52773,53873,54773,55473,56173,56873,57873,58873,59773,60673,61473,62273,62973,64073,65073,65373,66473,67673,68873,69273,70473,71573,72873,73773,74173,75073,76473,78273,79273,80473,81573,82873,84073,85073,86173,87473,88073,89073,89873,90873,92173,93373,94073,94773,95573,97573,98473,99173
user5701465539935650431,1880,3380,4480,5680,6280,7380,8680,9680,10180,10780,12480,13080,14080,14680,15680,16280,17380,18780,19680,20780,21780,22580,23480,24380,25480,26680,27780,29080,29780,31180,32380,33380,34080,34980,36080,36780,37580,38880,39580,40880,41680,42180,42980,44080,45280,45680,46580,47480,48280,49180,50080,51180,52180,52980,53480,54180,55780,56680,57480,58280,58780,59580,60680,61680,62480,63580,64880,65880,67080,67780,68580,69280,70080,70480,71380,72480,73180,74080,75780,76780,77880,78680,79880,81480,82380,83380,84580,86180,87280,88380,89480,90080,91180,92480,93380,94280,95180,96680,97680,98580
user6636771446057811185,1880,3380,4680,5480,6680,7580,8780,9580,10880,11380,12480,13680,14780,16380,17580,18480,19580,20680,21680,22880,23880,24480,25780,26380,27180,27580,28580,30080,30880,31580,31980,33280,34280,35480,36380,37480,38280,38880,39680,40580,41980,42980,43480,44680,45780,46680,47280,48780,49880,50880,51580,52280,53780,54680,55380,56580,57280,58280,59480,60380,61080,61880,62680,63880,64780,65280,66480,66980,67880,69180,70280,71380,72280,73080,74280,75580,77380,78680,79980,81280,82080,83080,83980,85080,86080,86880,87380,88380,89480,90580,91080,92080,93280,94480,94980,96180,97280,97880,98780,99180
user8044416487260319997,2376,3376,4276,5076,6076,6976,8076,9676,10876,11976,13776,14576,15476,16176,17176,18076,19076,19876,21176,21876,22876,23476,24676,25376,26376,27176,28676,29676,30476,31876,33476,34276,35576,36576,37176,37876,38676,39876,40376,41176,42376,43176,43876,45076,46076,46776,47476,48876,49376,50776,51876,52976,53876,55276,56276,57576,59076,59776,60676,61976,62576,63576,64476,65176,65876,66476,67076,68176,69276,70376,71376,72576,73876,74876,75776,76276,76876,77276,77876,79276,79776,80676,81776,82876,83976,84976,86576,87676,88776,89576,90076,90576,92276,92976,94576,95276,96176,96976,97976,99176
user7104206083901049679,2285,3285,3785,4685,5585,6685,7785,8585,9785,10385,11885,12785,13685,14085,15285,15885,17285,18385,19685,20485,21485,22285,23185,23785,25285,26085,26985,27885,28685,29585,30985,31785,32985,33585,34685,36085,36585,37485,38785,39585,40085,41185,42285,42685,44085,44585,45085,46085,47285,48285,49085,49985,50985,51985,53285,54585,55685,56285,56785,57685,58785,60185,60485,60885,61285,62585,63985,65085,65985,67185,68185,69185,70485,70985,71885,72985,73685,74085,74685,76685,77585,78585,79585,80385,81685,82685,83885,84885,86985,87585,89085,90585,91485,92485,94085,95185,96185,97285,97885,98685
user8507383258302132693,2277,3877,4677,5877,6877,7677,8677,9877,10977,12177,12977,14077,15177,15677,16877,18177,19977,21177,22077,22777,23577,24777,25877,27077,27977,28777,29377,30177,30977,31877,32577,33477,34777,35577,36377,37477,37977,39177,40877,41777,43077,44377,45577,46277,46477,47277,48277,49077,49477,50577,51277,52277,53377,54077,54377,55377,56277,57477,58477,59177,60777,62577,63677,64777,65577,66277,67277,68777,69477,70277,70977,71877,72777,74777,76177,77277,78277,78877,80177,81477,82677,83277,84277,85077,86477,86877,87677,88277,89177,90177,91477,92577,93377,94277,95177,95977,96877,97677,98677,99577
user2644261451985138542,2077,2677,4077,4677,5477,6677,7777,9077,9677,10877,12077,13477,14377,15677,16777,17477,18377,19577,20177,21077,21977,22677,23377,24177,24677,25477,26377,27377,28177,28777,29477,30577,31277,31777,32477,33577,34277,35577,36277,37477,38377,39577,40177,41077,41877,42777,43877,44177,45077,45977,46877,48277,49377,50277,51777,52577,53877,54677,55677,56777,57777,58377,59977,61277,62477,64077,65477,66777,67777,68677,69377,69977,71277,72677,73577,74277,75377,76177,76877,77677,78577,79777,81077,82477,83577,84377,85277,86677,87377,87977,89077,90077,90977,91977,93177,94477,95077,95877,96577,97477
user8853908385943316655,1774,2374,3374,4674,5574,6274,6874,8074,9874,10774,12174,13774,15174,16274,16974,17474,18574,19474,20374,21274,21874,22774,23674,24774,25274,26674,27374,28374,29374,30774,31774,33074,34574,36674,37374,38674,40074,40874,41974,42974,43974,44674,45774,46674,47974,48874,49874,51174,52174,53274,54574,55674,56474,57174,58074,58774,60574,61374,62674,63074,64274,64774,65174,65974,66974,67574,68674,69474,70874,71874,72874,73374,74574,75074,76674,77174,77574,78674,79974,80674,81874,82374,83074,84874,85874,86874,87874,88874,89974,90574,91174,92174,92774,93774,94574,95774,96874,98774,99574,100474
user55146947531390796,1979,2779,3379,4279,5579,6579,7379,8479,9679,10679,10879,11979,13079,14379,15179,16679,17879,18779,19679,20579,21679,23679,24879,25679,26579,27579,28079,29779,30879,31879,33079,33879,34879,36379,37279,38679,40179,40879,41979,43379,44579,45679,46779,47379,48379,49279,49979,50979,52279,53579,54279,55279,55979,56879,57679,58479,59379,61179,62279,63179,64579,65179,65779,66479,67379,67979,69179,70079,71179,71879,73079,74179,75279,76379,77479,78479,79279,79979,81279,82579,83679,84679,86079,87379,87779,88579,89779,90679,91579,92179,92979,93579,94279,95479,96179,96779,97779,98679,99579,100579
user311242829211144786,2183,3383,4483,5683,6483,7783,8783,9283,9883,10883,11383,12683,14383,15183,16783,17083,18283,19083,20183,21183,22383,22983,24383,25183,25883,26883,27383,28283,29283,30083,31483,32583,33383,34283,35083,36383,37283,38283,39183,40183,41183,42183,43283,43983,44983,45883,46483,47083,48683,50283,50983,51883,52783,53883,54783,55883,56983,58583,59683,60783,61783,62783,63383,64483,65783,66883,68083,69083,70383,71083,72083,72783,73583,74583,75383,75983,77383,78783,80283,81383,82483,83583,84383,85083,85883,86883,87683,88583,89783,90583,91783,92683,93383,94683,96083,96883,97983,99283,100683,101583
user5912804296099134935,1881,3081,4181,5181,6181,7081,7881,9181,9481,10481,11481,12481,13481,14781,15281,15881,17181,18281,19381,20481,21181,21881,22781,23781,24781,25481,26381,27981,28781,29781,31181,32281,33781,34481,35281,35981,36981,37681,38581,39781,40581,41381,42181,43681,44781,45981,47081,47981,49681,50381,51181,52081,53081,54181,55181,56581,57581,58481,59181,60481,62481,63481,64081,65381,66981,67881,68681,69581,70381,71281,72081,72681,73381,74181,75281,76181,77181,77881,78481,79381,80081,81881,82881,84081,85281,86781,87481,88581,89881,91081,92381,93581,94381,95681,96581,97481,98281,99081,100081,101381
user2408371864701034737,2274,3174,3974,4774,6174,7374,8674,9274,10474,11574,12674,13674,14474,15574,16474,17174,17974,18774,19574,20174,20774,21874,22874,24174,25574,26374,27474,27974,28874,30074,30974,32474,33074,35174,36274,36774,37774,38774,39374,40174,41074,42374,43574,44574,45174,46574,47774,48774,49674,50474,51474,51974,53174,54374,55674,56774,58374,59574,61074,62274,63074,63474,63874,65074,66274,67874,68574,69674,70274,70874,72574,73674,74374,75274,76274,77174,78274,79074,79874,80974,81874,82274,83374,84374,85074,86174,87274,87874,88574,89374,90174,91674,92574,93074,94374,94874,95474,96174,97274,98374
user6767053320298401079,2178,2578,3878,4478,5478,6278,7378,7878,8678,9378,10178,11678,12478,14078,15378,16878,18078,18778,19678,21078,21478,22478,23378,23778,24778,25378,26678,27778,28278,29078,29778,30378,31178,32078,32978,33778,35278,36878,38278,39278,39778,40778,41778,42678,43878,44578,45678,46578,47478,48478,50078,51978,52778,54178,54778,55778,56578,58678,59078,60078,61178,62678,63978,65578,66578,67578,68878,70078,71378,71978,73178,73878,74378,75278,76478,77378,78278,79078,79578,80578,81578,82778,84078,85278,86178,87378,88178,89478,90378,91478,92878,93378,94678,96078,97078,97978,98878,99778,100678,101578
user6511517399130787537,1777,2377,3177,4577,6277,7577,8977,9777,11277,11777,13477,14477,15777,16777,17877,18977,19377,20277,21277,21877,22477,24077,24977,26577,27377,28677,29277,30077,30577,32077,33077,34577,34977,36277,36977,37377,38177,38477,39177,40177,41177,42377,43477,44777,45977,47177,47877,49077,49877,50777,51577,52377,53477,54377,54877,56177,56977,57677,58277,59977,61577,62377,63377,64577,65377,66577,67577,68377,69477,69977,70777,71877,73077,74177,74577,74977,75777,76677,77377,78377,79177,79977,80777,81677,82577,83977,85077,85477,86277,87177,88077,88877,89477,89877,90877,91877,92377,93177,94677,95977
user9119936592173746455,2577,3577,3877,5277,6477,7277,8177,9177,9877,11177,12177,12877,14177,14877,16077,16977,18077,19377,20377,20977,22377,23477,24477,26277,27677,27977,29877,30577,31777,32577,33577,34577,35777,36977,38377,39877,40677,41477,42877,43777,44677,45477,46377,46977,47977,48877,49677,50677,51777,52477,53277,53877,54777,56477,57777,58977,60377,61977,62877,63477,64477,65177,65777,66877,67777,68577,69877,70877,71477,72377,72877,73777,74677,75377,76477,77677,79077,79777,80977,81677,82977,84477,85377,86077,86577,87177,88277,89377,90277,91777,92677,93877,94577,95877,96877,97877,98377,99477,100777,101777
user7832859415878993610,1780,2880,4080,5280,6180,6980,7580,8180,8980,9680,10880,11680,13180,14180,15580,16780,17580,18480,19280,20080,21080,22380,23380,24180,25680,26580,28080,28880,30080,31180,32280,33280,34080,35480,36780,37580,38280,39280,39680,40680,41180,42580,43380,45180,45480,46480,47180,47780,48280,49480,50280,51980,52780,54280,55580,56380,57780,58680,59680,60480,61280,62080,64080,65180,66580,67280,67980,69180,70080,71380,72180,72880,74080,75380,76880,77980,78780,80180,81780,82480,83880,85380,85980,87280,89080,89780,90480,91480,92380,93580,94080,94980,95880,96880,98280,99880,100980,101480,102580,103080
user281664170776959239,2081,2881,3681,4881,5981,7481,8781,9181,9981,10781,11281,12081,13981,14881,16081,16981,18681,19381,20781,21781,22781,23981,25081,25881,27181,27781,29181,30481,32081,32881,34281,34881,35681,36581,37781,38481,39281,40381,41681,42881,43981,44681,45981,47181,47981,48981,50381,50981,52181,53181,54481,55281,56581,57781,59081,60381,61481,62381,63481,64681,65581,66181,67181,68681,69481,70381,71281,71881,73181,74181,75281,76681,77681,78981,79881,80681,81481,82581,84081,85581,87081,88281,89481,90881,91581,92381,93481,94381,95381,96881,97781,98981,99781,100881,102081,103381,104481,105381,106481,107781
user2629861260633036934,2278,2978,3678,4878,6078,6878,7878,8778,9678,10578,11478,12378,13278,14378,15078,16278,17578,18278,19278,20178,21278,22478,23478,24378,25478,26578,27078,27878,29178,29878,30678,31578,32578,33178,33878,34878,35878,36978,37778,38978,40678,41578,42678,44078,46178,47078,48178,48978,49978,50978,51878,52678,53578,54678,55778,56178,57678,58778,59578,60978,61878,62778,63978,65478,66578,67678,68178,69378,70378,71378,72178,73578,74278,75578,76678,77878,78978,79678,80978,82378,83478,84778,85578,85878,87578,88778,89678,90678,91378,93278,93878,94478,95778,96378,97178,97678,98378,99578,100178,101678
user6515985265932213335,1884,2284,3184,4684,6384,7084,7684,8784,9484,10484,11684,12484,13784,14684,15284,15884,17184,17884,19584,20284,21284,21884,22384,23384,24584,25684,26784,27884,28884,30184,30884,31784,32384,33584,34484,35784,36984,38184,38884,39984,40984,41584,43084,43984,45384,46684,47284,48284,49684,50684,51984,52884,53884,54584,55784,57084,57884,58684,59484,60484,61384,62484,63484,64184,64884,65584,66184,67184,67884,68484,69184,70584,71684,72584,73084,73984,74684,75484,76084,77184,77984,79184,80384,81784,82684,83884,84984,86084,86784,87684,88484,89684,90584,91784,92484,93084,93584,95084,95484,96484
user3579785673325141179,2482,3382,4682,5682,6682,7082,8382,9182,10082,10582,11982,13382,13882,15182,16382,16982,17982,19082,19682,20382,21182,22582,23682,24182,24882,25482,26182,27382,28382,29582,30382,31682,32782,33082,33882,34782,35982,36682,37182,38082,38782,40082,40982,42382,43282,44182,45482,46582,47582,49082,50182,50582,51582,52682,54082,54882,55682,57382,57982,58782,59382,60582,61882,62682,63182,63782,64682,65782,66682,67482,69182,70382,71582,72182,73282,74782,75782,76582,78582,79482,80382,81582,82282,82782,83282,84082,84882,85582,86182,87282,88482,88882,89782,90182,91082,91982,93582,94782,95182,96382
user2538872054159466514,1475,2375,3475,3875,4675,5375,6375,6875,7475,8575,10075,10675,12075,12775,13775,15275,15875,17175,18175,19975,20775,21475,22475,23475,24875,26275,27375,28775,29675,30575,31675,32875,33475,34375,35275,36275,36975,38575,39275,40675,41975,43375,44675,45275,46275,47375,48075,49175,50575,51375,52375,53375,54075,55375,56075,57375,58375,59775,60375,61175,62275,63075,63975,64375,65075,65975,66875,67875,68775,70375,71175,71875,73175,74275,75775,76575,77675,78575,79175,79875,81275,82275,83475,84275,85675,86575,87875,88975,90375,91175,92575,93775,94875,95675,96975,97775,99375,100475,101775,102875
user7812994766777641990,1785,2785,3685,4685,5485,6685,7885,8685,9885,11185,12185,12985,13785,14985,16185,17285,17785,18485,19585,20385,21385,22485,23885,24685,25485,26785,28085,28785,29285,30185,31985,32785,34585,35585,36785,38185,39085,39785,40685,42085,43485,44685,45485,46285,46985,47785,48785,50585,52085,53085,53985,54985,56185,57085,58085,58985,60185,60685,61885,63085,63685,64985,65585,65985,66985,68585,69985,71185,72685,73485,75085,76085,76785,77385,78585,80185,80585,81385,82985,83485,84385,85285,86385,87885,88785,89885,90785,92085,93285,94785,95685,97185,97885,99085,100385,101385,102085,102485,103285,103985
user4414170048423055703,1982,2882,3682,4882,5982,7282,7582,8482,10082,10882,12082,13382,14382,15382,16082,17482,19182,20582,21382,22082,23282,24482,25482,26282,27082,28582,29382,30682,31382,32382,33582,34582,35582,36682,37882,39082,41282,41982,42982,43382,43982,44282,45682,46982,47782,48782,50082,50682,51882,52482,53682,54582,55582,57182,58282,59282,59982,61082,61782,62582,63382,64482,65582,67082,68282,69382,70482,71282,71582,72482,73082,74082,74982,76082,77882,78882,80082,80982,81582,82582,83382,83882,85182,85982,86782,87682,88282,88982,90182,91182,92182,93282,94182,94882,96282,97182,98082,98982,99982,101382
user8155611988129540602,1780,2680,3680,4280,5280,6580,7280,8280,9080,10180,11180,12380,13580,14380,15180,15780,16280,17180,17780,18680,19980,20980,21980,22680,22980,24080,25580,26980,27980,28980,29980,30980,31980,33080,33880,34680,35180,35580,36680,37480,37980,39280,39980,40880,41680,42580,43280,44080,45180,45780,46180,47380,48180,49380,50480,51380,52880,54280,55480,55980,56680,58380,58980,60080,60680,61580,62680,64780,65180,66380,67980,68680,69580,70580,71380,72280,72780,73780,74480,75580,76080,76580,77380,78280,78880,79680,81080,81980,82580,83680,84680,85580,87080,88680,90380,91880,92580,93080,94180,94880
user5329829620661706720,2081,2981,3881,4781,5781,6681,7281,7981,8881,9681,10881,11781,12381,12881,13581,14181,15781,16381,17681,18481,19581,20381,21381,22481,23581,25081,25681,25981,26781,27481,29481,30481,31781,33181,34181,35681,36881,38081,38581,39281,40381,41281,42581,43181,44481,45381,45981,47181,47881,49081,50381,51781,53281,53681,54881,55381,56481,58081,58781,59681,61081,62081,63081,64281,65181,65781,66481,67081,68081,69081,70181,71181,71681,73181,74281,74981,76081,76881,78181,79281,80881,82081,83681,84681,85481,86181,87081,88281,89181,90181,91181,91881,93081,94181,95081,96181,96381,97681,98281,99181
user6395635716242299251,2174,3174,4374,5674,6674,7774,8474,9674,10574,11374,12474,13374,14574,15474,16674,17674,18674,19174,20274,21174,22474,23574,25074,25674,26374,27374,27874,29174,30174,31374,32074,32874,34074,34574,35674,36574,37474,38774,39874,40574,41374,42474,43274,44074,45674,46174,46874,47574,48674,49774,50374,51274,51974,52674,53174,54774,55974,56774,57374,58674,60174,60874,61574,62574,64274,65574,66574,67374,67974,69174,70374,71574,72674,73574,74274,75274,75874,76774,77674,79274,80474,81574,82574,83674,84374,85274,85974,87174,87874,89174,89974,91074,92074,92774,93674,94274,95174,96274,97074,98774
user8979722393382480751,1881,3181,3681,5081,6281,6981,8181,9381,10581,11381,12581,13281,14081,14781,15681,16181,16781,17681,18081,19381,20881,22281,23181,23681,24581,25581,26881,27681,28581,29681,30481,31681,32481,33581,34981,35881,36481,37981,39381,40881,42281,43081,43881,45081,46081,47081,47481,48681,49381,50581,51381,52481,53081,53481,54581,55381,56681,57481,58781,60381,60981,61881,62381,63281,64381,65181,66181,67181,67881,68881,69381,70081,72181,73281,74181,74881,75781,77281,78181,78781,79681,80781,81981,83381,83881,84581,85581,86581,87181,88681,90181,91281,92181,93581,94781,95781,97281,98781,100281,101081
user1693995393998735732,2478,3878,4578,5478,6478,7778,9278,10378,11178,11878,12678,13378,14278,15278,16278,16878,17578,18778,19178,20778,21878,22778,23578,24478,25678,26678,27478,28278,29178,30578,31578,32678,33478,34278,34978,36178,37478,39178,40678,42078,42878,43978,44378,45178,46278,47378,48478,48878,49678,50678,51878,52878,54078,55278,56178,57178,58178,59578,60378,61378,62278,62678,63378,64178,65278,65878,67178,68678,69478,70578,71878,73078,73978,74878,75878,76678,77978,78878,79878,81578,82178,83378,84478,85578,86478,87178,87878,88578,89678,90678,92178,93078,93978,94978,95778,96778,97478,98278,98978,100278
user1579233632134528342,2275,2875,3575,5075,5975,7175,8575,9275,10475,11075,11775,12775,13875,14675,15875,16675,17675,18675,19575,20775,21975,22575,23475,24575,26075,27275,27975,28775,30075,30775,31675,32975,33675,35075,36475,37575,38675,39575,40275,41175,41775,42475,43075,43975,44675,45075,46175,47075,47775,48675,49775,50675,51675,52475,53475,54875,56275,57375,58575,59675,60575,61575,62575,63475,64775,65975,67075,68775,69975,70675,71475,72675,73475,74175,75175,75775,76475,77875,78675,79575,80775,81575,82475,83175,84375,86075,87475,88475,89175,89675,91175,91775,93275,93975,94575,95975,96975,97575,98075,98775
user8747959027605504179,1976,2776,3676,4476,5376,6776,7976,8876,9676,10976,12076,12776,13776,14576,15776,16676,17776,19276,20376,21676,22276,23076,23876,24276,25076,26176,26676,27176,28176,28676,29576,30376,31576,32576,33576,34476,35276,36476,37076,38476,39076,40476,41076,42276,43276,43876,45176,46176,47476,47976,49176,49776,51176,51876,52576,53276,53876,55176,56276,56776,57376,58276,58576,59676,60576,61976,62976,63776,64776,65876,67076,68076,68676,69476,70576,71676,72176,72776,73676,74676,76076,76876,77976,78576,80076,81076,81776,82476,84176,84976,86276,87176,88276,89776,90976,92676,94076,95176,96176,96876
user8159738209636667835,1778,2578,3478,4678,5778,6878,8078,9678,10578,11378,12478,13178,14178,14978,16278,16978,17678,18778,19478,21278,22778,23378,24178,25178,25978,26878,28378,29078,30578,31778,32478,33178,33878,34878,35878,36678,37378,38578,39378,40878,41778,43078,44478,45478,46778,47778,49278,50078,51278,51978,52978,54378,55478,56078,57378,58278,59278,60678,61278,62178,63178,64478,65478,66678,67378,68878,70078,70978,72378,73778,74678,75578,76578,77978,79178,80378,81378,82478,83378,84778,85978,86678,87578,88578,89678,90878,92078,93178,93878,94378,95378,96278,97878,98978,99378,100478,101878,102678,103478,104278
user50460765512123115,2072,3072,4172,5072,5872,7372,8772,9972,11172,11872,12572,13172,14172,14472,15772,17172,18372,19772,20872,21772,22372,23372,24172,25272,26372,28072,28772,29072,29872,31172,31972,33272,34872,35972,37072,38072,38872,40272,40772,41772,42972,43972,44872,45772,47372,48272,49272,49972,51172,52772,53672,54772,55772,56772,57472,58172,59372,60572,61172,62172,63672,64872,65872,67072,68272,69272,70172,71372,72072,72872,74272,75272,76372,77372,77972,78972,79272,80272,81672,82072,83272,84272,85272,86472,87272,88172,89372,90172,90872,91672,92872,93972,94872,95872,96472,97772,98772,99372,99872,100972
user402232035684715206,2076,3476,3676,4976,6076,7476,8276,9476,11176,11976,13376,14176,15276,16176,17076,17876,18676,20076,21476,22376,23676,24576,25776,26876,27376,28476,29776,30576,30876,31576,32776,33676,34176,34676,35776,36776,37476,38876,39476,40576,41776,43176,44376,45576,46676,47676,48876,49976,50976,51576,52076,53076,54176,54976,55776,56976,57776,59276,59976,60676,61276,61776,62576,63276,63976,64576,65376,66176,67076,68676,69176,70376,71376,72076,73076,73576,74576,75976,76276,76876,78976,79976,81076,81876,83176,83576,84676,85976,87276,88076,89176,90476,90876,91476,92176,92976,93876,94476,95876,96876
user2870996990448548868,1586,2686,3286,4186,4686,5186,6386,7286,8486,9986,11086,11986,12586,13486,14486,15086,16486,17286,18286,19086,19986,20686,21586,22986,23986,25486,26286,27086,28586,29186,29886,30886,31586,33186,33486,34086,34786,35686,36586,37986,38786,39286,40186,41286,42486,44086,44986,45686,45986,46986,48086,49386,49686,50386,51586,52886,53986,55486,56586,57586,58486,59886,60586,61486,62486,63486,64786,65886,66886,67586,68186,69086,69986,71086,71886,72786,73986,74286,75086,76286,77086,77586,78186,79486,80386,81586,82386,83286,84486,85186,86786,87686,88386,89886,90586,90986,92186,93786,94686,95286
user2774761641443570319,1878,2378,2978,3978,5078,5678,6878,8178,9378,10278,11378,12578,13078,14078,14878,16378,17278,18478,19478,20178,21278,22178,23178,24378,25478,26078,27178,27978,28678,29678,30778,31778,32778,33578,34978,36178,36878,37378,38578,39678,40878,41778,43078,44178,44678,45678,46778,47978,48878,50178,50678,51178,52478,54078,55178,55878,57078,58078,59278,60778,61678,62278,63278,64278,65678,66478,67078,67878,68578,69478,70478,71478,72578,73478,74878,76578,77578,78878,80378,81478,82078,83278,83978,85478,86778,87778,88478,89578,90978,91878,92578,93178,93678,94978,95678,96678,97478,98678,99978,100578
user60174774844957042,2380,3180,4080,5680,7180,7780,8780,9680,10880,12280,14080,15680,16980,18080,18980,19680,20680,21780,22180,23180,24180,24380,25380,26980,27980,28680,29980,31380,32680,33280,34980,35880,36980,38480,39980,40780,41480,42080,42980,43580,44280,45580,46980,47980,48880,49880,50580,51480,52280,53580,54180,55480,56180,57180,57980,59080,60480,61680,62480,63580,64180,65680,66480,67080,67880,69680,70580,71880,72880,73980,74880,75880,77080,78380,79180,80980,81980,83080,83980,84780,85680,86780,88080,89180,90080,90780,91780,92880,93880,94880,96080,97880,98980,99680,100780,102180,103280,104180,105380,106680
user4520337721978710062,1977,2677,3877,4477,5577,6277,7177,8077,8477,9377,10677,11877,12977,14277,15777,16677,18177,19577,20477,21577,22677,23677,24077,25077,26277,26877,27677,28777,29777,30777,31477,32577,33077,34077,35777,36577,37577,38777,40177,41277,42777,44077,44877,45577,46577,47777,48577,49477,50877,51577,52877,53677,54677,55977,56777,57077,57777,58577,59777,60477,61777,62577,63377,64577,64877,65977,67977,69277,70077,70977,71777,72477,72977,73777,74477,75177,76377,77277,78277,79077,80277,80877,82477,82777,83677,84277,84877,85677,86477,87177,88177,88777,89477,90777,91577,92577,93677,94977,96077,96577
user301870465172609424,2477,3377,4777,5477,6277,7377,8677,9277,10477,11477,11977,13577,14177,14877,16177,16777,17877,18777,20077,20877,22177,23277,24477,25577,26177,27177,27677,28677,29677,30877,31677,32877,33877,34677,35177,35777,36677,38477,39577,39877,40977,41977,43077,43977,45077,45677,46777,47977,49077,50377,51077,52077,53277,54577,55777,56677,57477,58377,59277,60877,61877,63177,64277,65277,66177,67677,68877,70177,71277,72177,73077,73777,74777,75677,77077,78577,79277,80077,81077,81877,82577,83777,84477,85277,85977,86977,88177,88877,90377,91477,92677,93877,94777,95577,96977,98277,99077,100077,100977,101877
user2543558236178734195,1781,3081,4481,5381,6181,7381,8481,9581,10281,11081,11881,12981,14081,15181,16381,17081,17781,18781,19981,20581,21781,22481,23381,24181,24981,25981,26581,27881,28681,29281,30681,31381,32581,33281,33681,34481,35681,36881,38381,39681,40581,41681,42581,43681,44481,45781,47081,48181,48881,50081,50681,51481,52981,53681,54281,55881,56981,57781,58981,59881,60681,61381,62181,62981,63981,64581,65681,66981,68281,69081,69781,70881,71981,73681,74181,74881,75681,76581,77381,78981,79781,81381,82081,83181,84181,84881,85481,86581,87681,89181,90081,90981,92781,93581,94881,95581,96681,97681,98581,98881
user4404797684384520341,2272,3272,3872,4472,5672,6572,7772,9472,11372,12472,13572,14272,15072,15972,17072,18272,19272,20172,21472,23372,23772,25072,26572,27772,28972,29872,30772,32172,33172,34372,35372,36372,37072,38072,38572,39472,40172,40972,41472,42172,42972,43772,45072,46272,47072,48372,49672,50472,51572,52572,53572,54272,55372,56272,56972,58672,60472,61872,62872,64372,65572,66372,67172,67572,68472,69272,70472,71272,71872,73072,74072,74672,76072,76572,78072,78872,80172,81072,81872,83372,84272,85072,86272,87772,88772,89472,90572,91572,92472,93172,94172,95072,95372,96772,98072,99372,99972,100972,101572,102372
user1805750855380096785,1978,3078,4478,5478,6378,7578,8378,9278,9578,10878,12178,13678,15378,16678,17978,19078,20378,20778,22278,23678,24978,25878,26978,27878,28678,29578,30878,31478,32578,33278,34078,35178,36478,37778,38378,39378,40478,41278,42078,43178,44178,45078,45878,46478,47978,48878,49878,50778,51478,52478,54078,55378,56978,57678,58478,59178,60378,62378,63678,64778,66278,67178,67778,68678,69778,70478,71778,72678,73778,74778,75878,77178,78578,79778,80878,81778,82978,83678,85378,86478,87178,88378,89778,90578,91178,92178,92778,93778,94678,95678,96278,97778,98678,99878,100578,101578,102578,103478,104878,105778
user5937696772514052801,1981,2581,3081,4081,4981,5781,6581,7481,8581,9281,9881,10681,11381,12381,13081,14381,15081,15981,16781,17581,19181,20281,21581,22881,24381,25681,26281,27081,28081,28981,30581,32181,33281,34381,35681,36481,37681,38581,39581,40181,42381,43081,44481,45681,46781,47381,48581,49481,50281,51481,52481,53581,54381,55181,56081,57181,58181,59681,60281,60981,61981,63081,63981,64881,65581,66381,67181,68081,68881,70181,71381,72181,72881,73481,74581,75281,76181,76881,77681,79181,79881,81281,81981,83381,84681,86381,87481,88781,89181,89881,90681,91281,92181,93781,94581,95581,96181,97081,98081,99081
user1251794877864713669,1880,2780,3180,4480,5680,6880,7980,8480,9680,10880,12580,13280,13980,14780,15580,16780,17280,17880,19080,20080,21180,22480,23380,24480,25980,27080,28280,29880,30680,31780,32480,33280,34680,35880,36580,37380,37980,38680,39080,39880,40580,41480,42580,43180,44180,45380,46380,47380,48480,49880,50780,51880,52680,53780,54680,55680,56680,57480,58480,59180,59680,60680,61480,62180,63080,63980,64780,65480,66380,67680,68580,69380,70380,71280,71980,73080,73580,74380,75380,76280,77480,78180,78980,80180,80980,81780,82880,83580,84480,86180,86780,88280,89380,90280,91480,93180,93780,94680,95580,96680
user4505159254896626123,2081,2881,3881,5281,6181,7181,7981,9181,10181,11281,12181,13281,14381,15081,15981,16981,18381,18681,19881,20881,21881,22381,22881,24081,25081,26381,27881,28981,30181,31181,31781,32381,34181,35281,36581,37281,38581,39381,40181,41281,42281,42981,44481,45581,47381,47681,48781,49781,50781,51681,52481,53881,54581,55681,56081,57381,57981,58781,59881,60481,61381,62581,63681,65181,66381,67681,68881,69881,70481,71481,72081,73181,73681,74581,75281,76681,77881,78881,79981,81281,82281,82881,83481,84581,85681,86281,87781,88581,90181,91281,92181,93581,93981,94381,95281,96781,97481,98281,98981,99881
user161096305869203272,2085,3485,4885,5485,6485,7485,8285,9285,10185,10685,11885,13485,14885,16785,17785,19385,20685,21585,22585,22985,23985,24585,25685,26585,27985,28985,30285,30985,32085,33285,34685,35885,36885,37685,39385,39985,41185,42285,43185,43885,45485,46185,46885,47385,48085,48485,49885,50985,51685,52285,52885,54085,54985,56185,57185,57885,58885,60085,60885,62185,62985,63685,64685,65885,66185,67185,68285,68985,69685,70385,71685,72685,73285,74185,75185,76585,77585,78485,79485,80285,81285,81985,82885,84185,85385,86085,87185,88285,89485,90185,91385,91885,92785,93685,94385,95385,96185,97685,99085,100085
user2398657855368200810,1873,3173,4073,5673,7473,8473,8973,10573,11173,12973,13673,14473,15273,16173,16973,18073,18873,19573,20273,21673,21973,22773,23473,24573,25373,26373,26873,28173,28573,29473,30973,31373,32573,33573,34373,36073,37573,38873,40273,41173,42373,43173,44273,45273,46473,47173,48673,49973,50473,51273,52173,53273,54173,54973,56373,57473,58573,59473,59973,61973,62373,63573,64773,65673,66973,67673,68473,69573,70073,71473,72573,73573,74473,75673,76873,77673,78273,79873,80673,81673,82473,83373,84473,85573,86273,87573,88573,89473,90573,91673,93173,94173,95273,96273,96773,97773,99373,100573,101673,102373
user6646485455390645112,1781,2581,3881,4981,6181,7181,8581,9781,10781,11581,12881,13881,15081,16481,17281,18581,19281,19981,20581,21381,22081,22881,24181,25781,26581,27781,28781,29481,30681,31881,32581,33381,34681,35381,36781,37381,38381,39181,39881,40381,41381,42781,44481,45381,46181,47181,47781,48881,49681,50681,51681,52481,53481,54781,55981,57081,57881,58881,60281,61681,62381,63581,64681,65881,66981,67881,69281,69981,70881,71481,72181,73381,74281,74881,75981,76881,77681,78181,78981,80381,81581,82381,83481,84181,84881,85781,86781,87881,88881,89781,90781,91381,92381,93181,93781,94681,95381,96181,97281,98681
user9110564228135211093,2083,3383,4383,5383,6083,7483,8283,8783,9383,10083,11183,11783,12983,13983,15083,16583,17183,18083,19183,20383,21883,22683,23483,24483,25183,25983,27883,29383,29983,30983,31683,33083,33883,35083,35583,35883,36083,37683,38683,40283,41383,41683,42683,43383,43983,44783,45483,46683,48583,49583,50383,51283,52483,53783,54383,55083,55583,56783,57683,58883,59483,60283,61183,61983,63183,63983,64883,65483,66383,67283,67883,69283,71483,72783,73983,74483,75983,76883,77383,78883,79983,80883,81883,83183,84683,85583,86383,87583,87883,88783,89783,90183,90983,91983,92983,94283,95883,96883,97783,98883
user398105814177587973,1785,2785,3485,4785,5585,6585,7785,8385,9785,10685,11385,12485,13485,14785,16285,16685,17585,18585,20085,21185,21885,23085,23585,24685,25385,26385,27185,28385,29185,30685,31985,32685,33385,34485,34785,36285,37485,38685,39785,40585,41485,42685,43185,44585,45385,46885,47785,48685,49585,50585,51385,52085,52885,54185,54785,55585,56685,57185,58285,58785,59285,60085,60685,61685,62885,63585,64285,65385,66385,67385,68485,68885,69885,70585,71285,72085,73385,74285,75285,76385,76985,78485,79085,79785,80885,82085,82985,83985,84785,86085,86885,88285,89285,90485,91485,92685,94085,95185,96385,97285
user658327917364469196,1679,2479,3379,4479,5179,5679,6479,7579,8779,9579,10779,11879,12979,13879,14979,15679,16479,17379,17979,19579,20679,21179,22079,22779,23879,24379,25779,26679,27179,27979,28779,29479,30079,31079,31779,32679,33779,34779,35779,36579,37279,38779,40079,41179,41779,42679,43879,44679,46379,47679,49379,50179,50679,51679,52579,53279,54479,55579,56379,57579,58479,59479,60779,62279,63179,63879,65079,66279,67079,68079,68879,69479,70779,71779,72479,73679,74679,75179,75779,76779,77679,78479,79479,79879,81379,82679,83279,84279,85079,85779,87279,88379,89879,90879,91879,92579,93679,94879,95379,96579
user1704269363843710107,2385,3085,3785,5185,6385,6985,7485,8385,9085,9885,10985,12485,13585,14485,15485,16385,18085,18985,20085,21185,22185,23085,24385,25085,25885,26685,27885,28785,30385,31285,32085,32785,33385,33985,34885,36085,36185,37785,38585,39685,40385,41785,42285,43485,44485,45185,46485,47285,48385,49285,49985,50585,51385,52685,53785,55185,56185,56985,57785,59285,60585,61685,62185,63385,64385,65385,66485,67985,68985,70185,71385,72485,73285,74085,74785,75585,76585,77885,78585,79285,80085,80685,81385,82285,83085,84585,85885,86985,87685,88985,89985,91285,92085,93285,94185,94685,95885,97385,98585,99885
user5827061232156972644,1680,2580,3880,4680,5780,6480,7380,8680,10080,11180,11780,13680,15080,15980,17080,17880,19380,20980,21980,22580,23680,25180,26080,27180,28080,29580,30480,31080,32480,33680,34180,35680,36280,37180,38080,40080,41180,42380,43780,45080,46080,46980,47680,48980,50080,51680,52380,53680,54580,55480,56080,57280,58380,59280,60380,61680,62280,63180,64780,66180,66780,67680,68780,69580,70480,71380,72680,73780,74680,75880,76680,77980,78980,79680,80780,81380,81780,82580,83580,84480,85480,86680,87880,88580,89880,90880,91280,91980,92580,94280,95080,96080,96780,98680,99780,100680,101780,102780,103780,104680
user2876024817762115114,1879,3079,4579,5479,6379,7679,8379,9279,10179,11179,12379,13579,14279,15079,16479,18079,19079,20679,21379,22379,23479,24179,25679,26379,27479,28279,28979,29679,30679,31479,32679,34579,35579,36579,37179,38079,38779,40379,42379,42979,43879,44779,46079,47579,48379,49579,50579,51579,52279,53279,54179,54879,55379,56479,57479,58779,59579,60879,61479,61979,62579,63479,64579,65179,65979,67079,67379,68079,69279,69779,71179,72879,73779,74579,75679,76679,77779,78979,79479,80579,81979,83779,85079,85979,86979,88379,89679,90979,91779,92679,93279,94479,95879,97379,97979,99179,100379,101579,102779,103979
user1709515506375118236,1980,2880,4280,4780,5880,7180,8380,9380,10580,12080,12780,13680,14780,15780,17080,18180,19180,19980,20580,21480,22980,24380,25980,27180,28280,29280,29980,30780,31180,32280,33580,34480,35780,36080,37080,38280,39680,40680,41480,42480,43480,44980,46380,47380,48080,49680,51080,51780,52980,54080,55480,56480,57780,59080,59980,61680,62480,63280,64580,65680,66580,67880,69580,70580,71280,72380,73480,74980,76080,76880,77780,78680,79280,80380,81280,82380,83780,84480,86280,87280,87780,88880,89780,91180,92680,93980,94580,95580,96780,97180,98380,99380,100380,101380,101980,102980,104980,105680,106580,107880
user406918217703982887,1978,2178,2778,3378,4678,5578,6278,7078,8278,8978,9578,10878,11778,13178,13778,14978,15678,16578,17678,18478,19878,21078,22278,23478,24378,25578,27178,28178,29478,30078,30778,31678,32978,34078,34778,35978,37278,39478,40578,41278,42378,43578,44478,45378,46478,47778,48778,49978,50778,51878,52778,54178,55078,56378,57278,58178,58878,59778,61078,61878,63478,64378,65578,66978,68278,69578,70878,71778,73278,74578,75478,76378,77678,79078,79578,81178,82178,82778,83578,84778,85778,86978,88778,89878,90578,91578,92778,94178,95478,96378,97678,98378,99278,100378,101078,101878,102578,103378,103778,104778
user8285552217075831931,2274,3474,4274,5274,6074,7674,8174,8774,9474,10274,11074,12174,13574,14874,15474,15874,16874,17674,18574,19474,20574,21174,22974,24274,25174,25874,27574,28874,30274,30474,31074,31374,32274,33074,34174,35174,36774,38174,38874,39874,40774,41674,42874,44174,46074,46774,47974,48774,50074,50474,51374,52674,53574,54674,55974,57074,58674,59774,60574,61474,62574,64174,65574,66374,67174,68374,69374,70174,71474,72774,73274,74474,75174,76074,76874,77674,78574,79074,79774,80474,81474,82974,84074,84974,85774,86974,88174,88774,90074,91174,92374,92874,94074,95174,96174,97474,99074,100274,101174,101874
user7340313986402995367,2283,3383,4683,5683,6783,7483,8083,9183,10083,10583,11983,13483,14683,15683,16783,17383,17983,18883,19783,20583,21483,22383,23583,24483,25083,25783,27083,28283,29383,30383,31183,32183,33983,35183,35983,36883,38383,39383,40683,41683,42683,43783,44883,46083,46583,47183,47983,49483,50483,51083,51883,52783,54283,55383,57083,57983,58583,59883,61183,62283,63083,63883,65183,66583,67783,69183,70883,71583,72983,74583,75283,76083,77683,78683,79783,80383,81683,82683,83983,85483,86483,87183,87783,88583,89583,90283,91483,92983,94183,94883,96383,97283,98083,99383,100583,101683,102883,103883,105083,106283
user3353268450079572736,2281,3581,4181,5181,6481,7881,8681,9681,10481,11581,12981,13881,15081,15681,16481,17181,17981,18981,20281,20681,21681,22581,22981,24381,25381,26981,27981,28981,29781,30381,31281,32381,33181,33781,34681,35981,36581,37681,38781,39581,40281,41381,42481,43581,44481,45481,46681,47681,49081,50081,50581,51581,52881,53981,54681,55681,56281,57181,58081,59181,61181,62781,64281,65281,65481,66281,67181,67881,68781,69581,70181,71281,72181,73581,74981,76081,77081,77481,78381,78981,79781,80481,80781,81881,83381,84281,85081,85981,86681,87581,89081,90181,90781,92581,93381,94281,94881,95481,96381,97381
user3368228601943814792,1884,2984,3384,4484,5984,7784,8784,9784,11084,11684,13184,14484,15184,16884,17684,18484,19484,20384,21384,21884,22784,24284,25484,26084,26684,27884,28784,29484,30884,32084,32584,33584,34884,36184,36684,37784,38684,39684,40684,41384,42484,43684,44584,45284,46084,47184,48084,49684,50284,51284,52584,53284,53984,54684,55684,56584,57084,58084,59284,59884,61184,62784,63584,64484,65584,67084,68484,69684,70784,71584,72984,74284,75184,75984,77384,78384,78884,80184,81584,82984,83684,84284,85084,85684,86584,87984,88584,89484,90884,91684,93384,94384,95084,95384,95984,97784,99484,100284,101384,102284
user3719999872116406883,2182,3482,4582,6482,7482,8282,9282,10282,11282,11982,12682,13582,14882,16182,17282,18482,19482,20082,20682,21082,22782,23382,24682,25782,26582,27582,27882,28982,30282,31582,32382,33682,34682,35682,37182,38582,40082,40882,41582,42882,44182,45282,46082,46582,47782,48682,49682,50882,51482,52282,52582,53582,54482,55082,56282,57882,58782,59582,60682,61482,62282,63682,65182,66482,67682,68482,69382,70182,70682,71782,72682,74182,75082,76282,77082,78082,79482,80282,81982,82382,83482,84582,85482,86682,87582,88082,89182,89882,91182,92282,93982,94782,95882,97082,98082,99382,100482,101482,101882,103082
user1940718911639954360,1974,2874,3974,4674,5974,6574,7674,8574,9174,9974,10774,11474,12074,12474,13574,14874,16574,17674,18474,19174,20474,21374,22574,23674,24474,25274,25974,26874,28174,28974,29874,30974,32374,33574,34874,35374,36474,37374,38174,39374,40274,41074,41974,43274,44174,44474,45674,47074,48474,49574,50774,51174,52574,53874,54674,55974,56474,57474,58474,59374,60474,61774,62574,63474,64474,64874,65574,66874,67474,68674,70174,71074,72074,72774,73474,74074,75074,76474,77274,77874,78774,79874,80774,81574,83274,84374,85174,85774,86474,87374,87974,89074,89974,90774,92574,93674,94674,95274,96274,97674
user5692093175897115069,2483,3383,4483,5383,6583,7283,7883,8583,9383,10583,11283,11783,12283,13483,14283,14983,16383,17183,17583,18383,19583,20783,21983,23183,24283,24883,25983,26683,27883,28783,29883,30283,31083,32183,32783,33683,34883,35483,35883,36883,37683,38883,39683,40783,41783,43383,45083,45783,46483,47783,48783,50383,52083,52683,54583,54883,55783,56783,57883,58683,60383,61883,62983,64083,64883,65783,66383,67483,68783,69683,70883,71383,72383,73183,74383,75483,75983,76883,78383,79183,79983,81183,81483,82383,83183,84083,84983,85583,86683,87783,88083,89083,90183,91183,92883,94683,95483,96183,96783,97583
user2307108688382489942,1774,3074,3474,4574,5774,6174,6974,8274,9174,10174,10874,11974,12774,13274,13974,15074,16174,17474,18274,19274,20374,21174,21974,23274,23974,25374,26374,27474,28774,29874,31074,32174,32674,33174,33774,34774,35774,37074,38174,39374,40374,41074,42374,43274,44674,45374,46274,47574,48274,48874,50074,50974,51774,52874,53574,54774,55474,56774,57674,58374,59174,60274,60974,61774,62774,64174,65474,66874,68174,69374,69774,71074,72774,73874,74274,74974,75774,76774,77974,79574,80874,82074,83174,84274,85474,87374,88074,89174,90974,92274,93674,94874,95674,96574,97374,98374,99374,100274,101274,102374
user4389837532520278285,2077,2877,3377,4577,5277,6577,7777,8477,9677,10677,11977,13177,13777,14977,15377,16477,17977,19577,20977,22077,22877,23677,24877,25777,26677,27877,29077,29777,31477,32577,34177,35277,36177,36977,38277,39877,41077,42077,42577,43677,44477,45277,46677,47877,48777,49877,50677,52077,53277,54177,55677,56277,56977,58177,59377,60877,62077,63577,65177,65877,67077,67677,69477,70277,71077,72577,73277,73777,75177,76977,77877,78877,79577,81377,82577,83177,84277,84977,85677,86777,87677,89177,90577,91877,92477,92877,93577,94577,95877,96677,98377,99777,100477,101577,102777,103477,104577,105577,106677,107577
user2413058046720302418,1980,2480,2980,3580,4580,5480,6680,7280,8580,9080,10280,11580,12880,13880,14680,15480,17180,18480,19580,21080,22680,23980,25180,25980,27180,28080,28980,29380,30180,31080,32480,33080,34380,34980,36180,37180,37780,38180,39080,40080,40880,41980,42780,43480,44180,45580,47180,48180,49280,50480,51080,52680,53280,54280,54980,55580,57080,58380,59280,60380,61180,62180,63380,64780,65580,66580,67280,68380,69280,69780,70880,71880,72980,73980,75080,76080,77480,78280,79080,80380,81480,82780,83580,84480,85680,86880,87880,89180,89980,91580,91980,93080,93980,94580,95280,96080,96880,98280,98880,99680
user8878800862358234521,2181,2981,3781,4681,5381,6381,7681,8981,10081,11381,12581,13681,14881,16081,17281,17881,18881,19981,20781,21781,22881,24081,24881,25581,26681,27781,28981,30181,30681,31381,32081,33281,34881,35781,36681,37981,38681,39981,41181,42381,43181,44581,45481,46181,47781,48981,50081,50681,51381,52181,53581,54381,55381,56481,57081,58181,59081,59981,60581,61481,62181,62781,63381,64481,65381,66081,67381,68181,69281,69981,71381,72681,73381,74381,75181,75781,77281,78381,79281,80281,81081,82681,83581,84881,85581,86581,87381,87981,88881,90081,91281,92281,93381,94481,96181,96881,98381,99081,100281,101281
user6062950819441076449,2089,2989,3989,5089,5689,6489,7989,8789,9789,10389,11089,12489,13489,14189,15089,16489,17089,17789,18589,19389,20689,21589,22489,23989,25089,26289,27389,28589,29489,30289,30989,31989,33289,34089,34789,35289,36189,36589,37989,38989,39589,40889,41989,43289,44289,45589,46189,47289,48089,48889,49489,50289,51289,51989,52989,53289,54389,54989,55889,56489,56989,57689,58789,59689,60389,61489,62089,63189,64089,64589,65389,66289,67489,68589,69289,70389,71089,72289,72889,73889,74789,75189,75889,76889,77689,78789,79489,80589,81389,82289,82889,83889,84789,86389,87989,88989,89689,90089,90889,92389
user5007637008923300176,1383,1883,2683,3783,4583,5683,6683,7183,8083,8783,9883,11083,12483,13583,14383,15083,15983,16783,18183,19483,20183,21083,22183,22683,23883,24683,25583,27083,27983,28583,29483,29883,31183,32083,32583,34283,35583,36083,37283,38383,39483,40583,41283,42183,43383,44283,45483,46483,47083,47983,48883,50183,51183,51783,52883,54383,55683,56383,57283,58583,59183,60283,61983,62983,64383,65383,66783,67083,67683,69083,69883,71183,72083,72983,73383,74683,75683,76683,77583,78283,78983,79983,81083,82483,83083,83783,84483,84683,85183,86183,87083,87683,88583,89783,90783,91483,92983,94083,94883,95883
user3121846729596894729,2076,2776,3476,4276,5076,5976,6976,8176,9376,10176,11176,12776,13876,14376,15476,16576,17276,18476,19076,20476,21676,23076,23476,24876,25276,26176,27076,28276,29076,30176,30876,32276,32676,33576,34476,34876,35576,36376,37476,38976,39876,41276,42076,43076,43776,44876,46176,46976,48376,49776,50676,51576,52876,53576,54976,56076,57576,58676,59776,60676,61176,62276,63376,63876,64876,65776,66476,67676,68176,69276,70276,71776,72576,73676,75076,75576,76776,77776,78676,79676,80776,82176,83376,85076,85976,87476,87976,88476,89376,90476,91476,92476,92876,93476,94376,95576,96276,97076,98076,99276
user5344448127231650211,2077,2877,3577,4177,5377,6777,8177,9577,10477,11177,12377,12677,13377,13977,15577,16777,17277,18477,19377,20277,20977,22277,23677,24877,25777,26377,27277,28477,29377,30377,31077,31777,32977,33977,34777,35977,37677,38277,39577,40577,42077,43377,44077,44877,46177,47577,48377,49677,50677,51477,52577,53677,54877,55177,56077,56577,57477,58477,59577,60277,60877,61877,63277,64277,65277,66377,67277,68377,68877,69377,69677,70777,71477,72177,73777,75177,76577,77677,78277,79577,80777,81477,82277,82977,83877,85177,86277,87277,88477,89177,90377,91977,93177,93877,94777,95777,96577,98177,98977,99577
user2895329506351326286,1983,2983,3583,4983,5683,6483,7083,7983,9683,10983,11783,13283,14583,15583,16483,17383,17983,18983,19683,20983,21783,22783,23983,24983,26083,27083,28283,29583,30483,31183,32383,33283,34083,34583,35383,36583,37483,38683,39783,40883,41683,42883,43783,44283,45183,47083,47983,49383,50883,51683,52883,53783,54683,55683,56583,57383,58383,59283,59983,60283,61483,62583,63483,64383,65083,66783,67683,68383,69483,70883,71783,72783,74383,74983,76183,76683,77883,78783,80083,81483,82483,83583,85183,86383,87483,88283,89083,89783,90383,91383,92383,94083,95283,95883,97183,98483,99583,100983,101883,102483
user7817680948796909671,2685,3685,5385,7285,9085,10185,11085,12285,13885,15085,16185,17085,17985,19485,20685,21385,22385,23985,25285,25885,26885,27985,28885,29385,29985,31485,32385,33185,34485,35285,36385,37985,38785,39385,40385,41785,42585,43585,45085,45985,46985,48385,49785,50985,52285,53285,53885,55185,56285,57385,58685,59785,60985,62385,63685,64685,65985,66985,68385,69585,70485,71385,72985,74285,75185,76485,77485,78785,80385,81285,82085,83085,83785,84285,85585,86385,87685,88785,89885,90885,91785,93285,93485,94485,95585,96085,97085,98185,99385,100985,101385,102085,103285,104785,105885,106985,108085,109185,110285,110885
user4887069144015544209,1987,2687,3187,4687,6087,7087,7987,8787,9787,10787,11587,12987,14087,14987,15587,16287,16687,17687,18687,20387,21487,22287,23487,24487,25787,26487,27287,28287,29487,30787,32187,33687,34687,35387,36087,36787,37787,39087,39787,40887,41787,42687,43687,44187,45287,45787,46687,47487,48487,49687,50487,51587,52387,53287,54687,56087,57387,58587,59387,60187,60987,61787,63787,64587,65387,66687,68687,69187,69687,70587,71587,72287,73087,74287,75187,76087,77187,78087,78687,79787,81287,82287,82987,83987,84687,85187,85987,87187,88487,89487,90687,92587,93087,93987,94687,95787,96787,97987,99887,100887
user3242974555016791144,1977,2977,4077,5077,5877,7277,8777,9777,10877,11777,12677,13877,15577,16577,17177,18477,18677,19477,20477,21577,22877,23777,25477,26277,27377,28077,28777,29477,30077,31077,32477,33277,34177,35277,36177,36677,37777,38377,39577,40677,41577,42077,42777,43977,44977,45977,47477,48377,49377,50377,51477,53377,54677,55677,56377,56977,58177,59077,59577,61377,62277,62977,64177,65377,66177,67277,68077,69077,69677,70977,72277,72877,74377,75677,76477,77377,78177,78977,79877,80877,82177,83177,84677,85277,86777,87377,88677,89177,90377,90877,91477,92377,93377,94377,94977,95477,96477,98077,98777,99677
user7576203573687099172,2076,3076,3976,4976,6676,7876,8676,9576,10476,11476,12676,13376,14576,16276,17376,18276,19376,20776,21576,22776,23576,24676,25576,26776,28276,29176,30376,30976,32076,32576,34376,35876,36776,37776,38876,39476,40276,41376,42076,42676,43376,44576,45376,46076,46976,47376,48376,49276,49876,50976,51376,52476,53776,54776,55676,56576,57776,58876,59876,60776,61976,62976,64876,66176,67876,69176,70276,70676,71276,71976,72776,73876,74076,74776,75576,76376,77476,77776,78776,79976,80776,81676,82876,84076,85376,86776,87776,89376,89776,90576,91876,92376,93576,94476,95576,96976,97776,98876,99876,100976
user648613908031635269,2474,2974,3974,5174,6474,6774,7874,8674,9674,10674,11374,12174,12774,13774,14674,15574,16774,18074,18874,20374,21374,23074,24274,25174,26274,27474,28174,28974,30074,30974,32074,33374,34474,35474,37474,38474,39474,40274,41174,41674,43074,44174,44974,46174,46874,47674,48774,49974,51174,51974,53074,53874,54474,55274,56474,57274,58274,59074,59774,60474,61574,62574,63374,64374,65474,66374,67774,68774,69974,70774,71674,73074,74374,75274,75774,76674,77174,78674,79374,79874,80874,81974,82674,83274,83974,84974,85674,87374,88274,89074,89774,90374,91274,92674,93374,94774,95474,95774,96874,97474
user6395075755730158803,1479,2279,3279,4379,6279,7179,8179,9679,10979,11979,13379,14279,15179,16179,17779,18779,19679,20779,21979,22879,24179,25879,26979,27579,28179,29879,30479,31879,32479,33479,34179,34679,35879,36779,37879,38879,39879,40979,42579,44179,44879,45479,45979,47779,49279,50079,50679,51579,52379,53579,54879,56079,57079,57979,58579,59479,60479,61279,62279,63079,63779,64779,65179,66279,66979,68379,69079,69779,70579,71479,72379,73579,75079,75979,77179,77779,78679,79379,80479,81479,82379,83879,84879,85979,86379,87379,88079,88579,89679,90479,91379,92379,93479,94279,94879,96079,97479,98379,99179,100379
user8647597457093398397,2179,3179,3879,4679,5479,6979,8079,8679,9779,10679,11479,12279,12679,13879,14579,15779,16679,17579,18279,19179,20079,20679,21779,22979,24079,24679,26079,27079,27979,29179,30179,31779,32579,33479,34779,35979,36979,37679,38779,39879,41279,42279,43379,44079,45279,46079,47379,49079,50679,51979,53179,54179,55579,56579,57179,57579,59179,60379,61079,61879,62679,63879,64979,65779,66379,67079,67879,68779,69579,71279,72079,72879,74479,75479,76279,77979,78479,79079,80179,81579,82579,82979,84179,85579,86479,86979,87279,87979,88779,89579,90079,91279,91979,93279,94079,95479,96779,98379,99479,100279
user3825389269942078911,2282,3582,4682,6082,6682,7582,8682,9382,10382,11382,12582,13482,14382,15082,16282,16882,17782,18082,18982,19382,20182,21682,22982,23582,24282,25782,26882,27682,28582,29582,30682,32082,33582,34082,34882,36182,36782,37282,38182,39682,40382,40782,42382,43082,43782,45082,45782,46882,47882,48782,51582,52582,53682,54682,55682,57082,57882,58782,59982,60982,62382,63882,64582,65682,66582,67582,68882,70182,71282,71882,72682,74082,74882,75982,77182,78382,79682,81082,82282,82982,84282,84682,85682,86782,88082,89682,90682,91682,92982,93682,94282,95182,95482,96382,97382,98482,99982,100882,102582,104582
user4539424095350079351,1783,2583,3383,4183,5083,6183,7283,8283,9283,9983,11083,12183,13383,14483,15383,16883,17983,19683,20583,21783,22383,23383,24683,25583,26183,27683,28783,29683,30283,31183,32283,33183,34183,34983,35983,36383,37683,38383,39883,40783,41983,42883,44183,45583,46483,48683,49583,50783,51783,53083,54183,54983,55883,56783,57883,58883,60083,61183,62183,63083,64083,64983,66283,67883,68583,69983,70583,71483,72083,72883,73983,74583,75383,76283,77383,78183,79883,81183,82283,82883,84983,85683,86483,88183,88883,89883,90983,91983,92983,93783,94583,96483,97383,98383,98983,100083,101083,101983,102983,104283
user4294162144027440184,1877,2977,3977,5477,6477,7877,9177,10477,11777,12677,13377,14177,15077,16277,17477,18577,19777,21077,21677,22377,23277,23677,24377,25577,26477,27577,29077,30477,31077,31777,32477,33277,34477,35777,36877,37677,38977,40477,41177,42477,43377,44277,45177,46377,47377,48977,49977,50677,51577,52777,53577,54277,55377,56477,58077,58677,59977,61077,62077,63177,64177,65077,66377,67077,67877,68877,69577,70477,71577,72677,73577,74377,75177,76377,77977,78477,79877,81277,82877,83777,85077,85377,86677,88077,89277,90577,91477,92277,93777,95177,96377,97577,98077,99377,100877,101377,101977,102877,103477,104877
user5586143817559302593,2174,3474,4474,5274,6274,7174,8274,9074,9574,10174,11174,12574,13574,15074,16474,17474,18374,19974,21274,21874,23074,23874,24974,25374,26774,27874,28874,29474,30274,31774,32974,33474,34474,35874,36974,38074,38774,39574,40474,41274,41974,43474,44174,44974,45874,46074,47474,48674,49774,50974,52574,53674,55274,56474,57374,58274,59074,60374,61074,62774,65074,66274,66974,67774,69074,69874,70674,71374,72674,74074,75174,76574,77574,78274,80074,80874,81974,82874,84174,85174,86074,86774,87274,88874,89874,91174,92374,93474,94674,95374,96474,97874,98774,99574,100974,101774,102974,103674,104474,105574
user4052466453699787802,2077,3077,4277,5577,6577,7177,8177,9477,10377,11077,11977,13277,14477,15577,16877,17977,18477,19577,20377,21477,22477,23577,24677,25277,26277,27077,27977,29177,30877,31577,32477,33977,35277,36477,37577,38577,39677,41077,41977,42577,43277,43977,44777,46077,47077,47777,48577,49577,50477,51177,52077,53277,54177,55477,56377,57377,58077,58877,60577,61277,62477,63777,64877,65877,66377,67177,68477,68977,70277,71377,71977,72977,74877,75577,76277,77577,78477,79477,80277,81177,82277,83177,84477,85477,86377,87477,88477,89677,90377,91477,93077,93977,94877,95777,96477,96977,98077,99177,100577,101577
user3816016905903543549,2283,2983,3883,4983,5883,6883,7683,8583,9183,10383,11283,11983,13183,13883,14683,15683,16183,16683,17383,17783,18683,19783,21083,21783,22483,23083,24183,24883,26183,26983,28083,29583,30483,31583,32183,33183,34483,35383,36283,37083,38383,39783,40383,42083,43683,44783,45583,47183,47783,48483,49483,49983,50983,52483,53583,54383,55383,56383,56983,58083,59083,59783,60783,61683,62483,63383,64383,65183,65983,67083,67983,68883,70183,71483,72483,73083,73783,74783,75783,76583,78183,78783,79483,81083,81983,82483,83483,84583,85683,86983,87783,88583,89583,90283,90983,92383,93483,94483,95583,97083
user8758232997450478554,1980,3180,4480,5180,6280,7080,8580,9480,10680,11480,12480,13080,14180,14780,15780,16580,17580,18780,19680,20880,21880,23180,24580,25780,26980,28080,28980,30080,30680,31580,32880,33780,34980,35580,36480,37080,37680,38180,38980,39680,40380,41480,42780,44180,45080,45780,47180,48680,49580,50680,51980,53080,53680,54780,55380,56380,57780,58580,59580,60080,60880,61680,62180,63180,64380,64880,65880,66980,68280,69280,70380,71280,71880,72780,74080,74480,75880,76780,77880,79280,80480,81580,82480,83080,83880,85080,86180,87280,88180,88880,89880,90780,91780,92480,92880,93880,95080,96180,97280,97580
user7475842003174993390,1883,2883,3883,4783,5483,6283,7183,8183,9583,10783,11983,12883,13883,15283,16383,17083,17983,19483,20883,21883,22583,23683,24683,25483,26383,27383,28883,29583,30583,31583,32883,33683,35083,36283,37283,37983,39283,40883,41483,42283,43383,44383,45383,45883,46683,47483,48483,49083,50583,51483,52283,52983,53983,54983,56483,57683,58283,58983,60383,60783,62083,63083,64283,65183,66183,66883,67583,68383,69083,69683,70483,71483,72883,74083,75083,75683,76383,77483,78083,79083,80083,81183,81783,83083,83983,85083,86083,86883,87583,88283,88883,89683,90483,90883,92183,93583,94583,95983,96883,97583
user7923630307134722147,2281,3781,4681,5381,6681,7681,8381,9081,9881,11181,12281,13281,13981,14981,16581,17381,17981,18881,19981,20681,21781,23281,24481,25481,26181,26981,27581,28081,28981,29681,31181,32781,33481,34581,35581,36181,37081,38081,38981,39881,41281,42181,42881,44081,45381,46081,46481,46981,48081,49181,50781,52281,53181,54781,55981,56981,57981,58581,59881,61081,62081,62881,63881,64781,65481,66281,67581,68581,69881,70881,71681,72781,74481,75181,76181,77481,78581,79381,80781,82281,82781,84081,85281,86181,86781,88081,88881,89781,90681,91681,92781,93581,94081,94881,96281,97081,98181,99081,99881,101581
user8637883447760564470,1678,2878,4178,5278,6778,7478,8578,9578,10378,10778,11778,12678,13778,15078,16178,17178,17878,19078,19878,20578,21478,22478,23278,24078,24978,26278,27678,28478,28978,29878,31178,31678,32478,33578,34278,35078,35878,37078,38478,39578,40478,42078,43778,44678,45178,45878,47178,47678,48778,49778,50478,51378,52478,53478,54478,55378,56578,57778,58678,59878,60578,61178,62178,63078,63878,65078,66178,67078,67878,69078,70078,71078,71778,73078,74378,75478,76878,77878,78678,79878,81478,82278,83178,84178,85178,86078,87678,88678,89478,90478,91178,92178,93378,94078,95178,96078,97078,97878,99178,100278
user175714812439146763,2074,2974,3474,4674,5174,6174,6674,7874,8674,9174,9774,10474,11774,12974,14074,15274,16074,16874,17874,18174,18974,19974,20374,20874,21774,22474,23174,23774,25374,26174,27774,28674,29474,30474,31774,32674,33074,34274,35074,35474,36274,37174,38474,39474,39974,41074,42474,43474,44374,45474,46874,48174,48974,50274,51074,51674,53474,54274,54974,56374,57274,58074,59074,59674,60174,61274,62174,63274,64274,64874,65774,67074,68474,69174,69974,71374,72374,73674,74574,75374,75974,76674,77674,78174,79574,80374,81874,82174,82974,84074,85374,86074,87174,87874,89174,90074,91174,92174,93474,94774
user518113718573203492,2081,3081,4181,5381,6081,7281,8281,9181,9981,11181,12181,13381,14281,15181,16081,17081,19081,20081,20581,21781,22781,23681,24881,26181,27181,28381,29481,30181,31081,32381,32981,34081,34981,35881,37081,37681,38781,39881,40981,42581,43681,44581,45881,46681,47581,48681,49681,50481,51481,52281,53581,54581,55081,55881,56781,57681,58581,59581,60281,60881,61981,63581,64981,66381,67681,68481,69781,70881,71981,72481,73081,73881,74781,75981,76781,77881,78881,79981,80881,82681,83381,84581,85681,86481,87081,88081,89181,90081,91181,92681,93981,95081,96281,97181,97881,99081,100481,101381,102281,103381
user6043304485557566712,2378,2978,3778,4978,5678,6978,8378,10478,11578,12978,14078,15378,16378,17278,18178,18678,19878,20778,21578,23278,24378,25778,26678,27578,28478,29578,30178,31378,32378,33378,34778,35778,36978,37778,38878,39578,40678,41978,43378,43978,44978,45678,46578,47778,48278,49078,49478,50878,51678,52678,54078,55178,56378,57178,57878,58378,59978,61178,62278,62878,63878,64878,65278,65978,67078,67978,68878,70178,71578,72878,74078,74678,75878,76778,77078,77978,78578,79178,79778,80878,82078,82778,83778,84578,85678,86378,87278,88478,89878,90978,92478,93778,94578,94978,96178,97378,98178,99678,100878,102378
user1718887870413653598,2181,3181,4281,5581,6481,7381,7581,8281,9281,10281,11081,11981,13481,14881,15881,16981,17781,18581,19581,19981,20581,21681,22581,23181,23681,25481,26581,27381,28481,29181,30181,30781,32481,33881,34881,35981,36681,37281,38581,39781,40581,41781,42881,44181,45081,45581,46281,47281,47881,48781,49981,50981,51781,52581,53781,54881,55981,57181,58381,59581,60881,61581,62481,63281,64381,65381,66281,67081,67981,68881,69681,70881,71681,72781,74281,75181,76481,77381,78381,80081,81281,81681,82681,83281,83881,84781,85281,86381,87281,87981,89281,90081,91081,92081,93381,94381,95281,96681,97981,98881
user4408923905891647574,1980,3180,4380,5580,6480,7780,8780,9880,11280,12280,12980,13380,14380,14880,15680,16180,17280,17980,18880,19880,21480,22680,23580,24880,26180,27080,28180,28880,30080,31180,31780,32980,34280,34380,35580,36480,37380,38480,39680,40780,41680,42380,43880,44980,45380,47080,48480,49580,50780,51480,52180,53880,55480,56080,57380,58980,59480,60180,61480,62980,64180,65180,66580,67180,68280,69180,70280,72080,72980,73680,74480,75280,76380,77280,77780,78280,79180,80380,81280,82680,84580,86080,87380,88380,89680,90680,91780,93080,94380,95080,95680,96680,98080,98980,99880,100880,102780,104080,105080,105680
user4424102372973731513,2480,3780,4780,5680,6580,7280,7980,8780,9480,10280,11180,12280,13480,14280,15080,16180,17580,18280,19180,19880,21080,21680,22580,24080,24980,26280,26880,27580,29280,30280,31480,32180,32680,33480,34480,35180,35780,36580,37680,38680,38980,40180,40880,41680,42480,43580,44580,45580,46180,46780,47780,48280,48880,50580,52080,53280,54480,55180,56880,57580,59280,60180,61380,62380,63280,64080,65180,65880,66980,67680,68680,70280,71780,72580,73980,75380,76180,77080,78380,79380,79980,80780,81480,82480,83480,83780,84480,85380,86380,87580,88480,89280,90080,90880,91580,92080,92980,93680,94180,95480
user6274507890822402836,2273,2873,3873,4573,5173,5973,7473,8273,9173,10173,11073,12173,13673,14373,15073,16273,16973,18173,19173,19973,20873,21673,23073,24773,25773,26573,27273,27973,28873,29473,29973,30573,31673,32973,34073,34873,36273,37473,38773,40273,41673,42773,43673,44573,45573,46473,47373,48473,49573,50473,50973,51873,52573,53773,54373,55473,55873,56873,57673,59273,60773,61773,63073,64373,65173,65873,66673,67373,68873,69573,71173,72273,73073,73973,74773,75473,76073,76973,77873,78273,79573,80573,81173,82273,82973,83873,84973,85773,86773,87673,88773,89673,90173,90673,92073,93273,94373,95773,97073,97873
user4871890676933460270,1973,3173,3773,4773,5473,6173,6973,7973,8573,10173,11073,11773,12473,13373,13873,14773,15773,16573,17773,18873,19973,20773,21873,22473,23573,24873,25973,27073,27973,28973,29873,30973,32173,33373,34673,35773,36573,37073,38273,39273,40273,41573,42573,43873,44273,45173,46173,47273,47973,49173,50173,50773,51873,52873,54173,55273,55973,57373,58273,59373,60673,61873,62773,63673,64973,65673,65973,67573,68773,69173,70073,70773,71873,72673,73773,75173,75773,76973,77573,78373,79073,80373,81073,82273,83373,84273,85173,86273,87373,88073,88873,89473,90373,91573,92273,93473,94273,94673,95473,96973
user1689869172491608499,1775,2875,4175,4975,5875,6875,7975,8875,10375,12375,13275,14075,15175,16575,17675,18775,20175,21175,22075,23075,23875,24675,25575,26275,27175,27675,29075,30275,31475,32975,34075,35175,36175,36975,38075,39275,40575,41475,41975,43675,44575,45275,46375,47575,48875,49375,50475,51475,52875,54475,55375,56375,57275,58075,58975,59775,61075,61575,62375,63075,63875,64575,66275,66875,67675,68375,69275,70675,71475,72475,73675,74475,76275,76975,77675,78375,78975,79975,80675,81675,83075,84175,84975,86275,86975,88375,88975,89675,90375,91475,92175,92875,93675,94775,95975,96975,97975,98375,99275,100675
user9221199768492291250,1982,2782,3582,4382,5282,6182,7782,8982,9782,10582,11282,11882,12682,13682,15582,16882,17582,18582,19482,20082,20882,22382,23582,24682,25982,27082,27482,28282,29382,30382,31182,31982,33082,34082,35282,36082,37082,38282,39082,40382,41682,42482,43882,44482,45282,46282,46982,48182,49182,50482,51582,51982,53482,54082,55082,55982,57582,57782,59082,60182,60582,61482,62182,62782,63582,64982,65982,66982,67782,68882,69682,70882,71882,72982,73982,74982,76282,77282,78282,79782,80482,81782,82182,82482,83482,84182,85282,86182,87182,87982,88682,89982,90582,91482,92682,93782,94882,95982,96882,97882
user4736362660161462247,2182,3782,5082,5382,6782,8382,9582,10782,11582,12682,14382,15082,16782,17482,18782,19882,20882,21682,22882,23982,25282,26582,27582,28382,29482,30282,30682,32282,33182,33782,34582,35582,36482,37482,38282,39182,39982,40682,41682,42382,43582,44482,45482,46082,47182,48182,49482,50982,52682,53282,54482,55182,55682,56382,57482,58882,59382,60382,61482,62482,63382,64382,65382,66482,67282,67882,68682,69582,70582,71582,71882,73382,74082,74782,75982,76782,77682,78582,79082,80282,81282,81882,82682,83482,83982,84682,85682,86582,87282,88182,89182,90282,90982,91882,92982,93682,94482,95782,96882,97982
user3921624618947057460,2279,3679,5479,6679,7379,8379,8979,9879,11079,12579,13779,14879,15479,16979,17679,18779,19979,21279,22779,23779,24879,26479,27679,29379,30379,30879,32479,33479,34279,35079,35979,36879,38479,39379,39579,40279,41479,42279,43079,43879,45179,45879,46979,47379,48579,49579,50679,51879,52879,53879,54479,55179,55679,57479,58779,59979,61579,62579,64279,65579,66179,67679,69379,70679,71379,72279,72979,73779,74679,75879,77279,78379,79579,80579,81579,82379,83279,84279,84779,85779,86379,87779,88579,89779,90779,92179,93479,94379,95279,96679,97779,98379,99179,100179,101579,102979,103779,104379,105379,106879
user8285893862370130496,2380,3280,4380,5180,6180,6680,7980,8880,9780,10780,12080,12980,13680,14480,14680,15480,16580,17680,18580,19280,20280,21180,21980,23280,24180,24880,25580,26680,27680,28380,29380,30280,31180,32780,33880,34780,35980,36880,37880,38980,39880,40980,41880,42780,43580,44380,45280,45980,46580,47980,48880,49280,50380,51280,52280,53880,55080,55980,56680,56880,57380,58180,59280,60580,61380,62480,63280,63580,64980,66680,67980,69180,70380,71480,72080,73280,73880,75380,76880,78280,79380,80580,82080,82980,83880,84980,85580,86280,87180,88080,88580,89780,90980,92180,93080,94080,95080,95380,96380,97180
user638681583480959459,1677,2677,3277,4177,5077,5877,7177,7777,8777,9577,10677,11277,12777,14077,14777,16177,16977,18177,19277,20277,21577,22577,23477,24677,25877,26977,27877,28877,29477,31277,32177,33377,34377,35577,37177,38477,40077,41277,41877,42677,43077,43977,44977,45577,45777,47377,48377,49177,49577,50477,51577,52777,53777,54477,55477,56577,57077,58377,59277,60377,61277,62477,63277,64077,65177,66077,66777,67977,69177,70277,71377,72277,73577,75077,76577,77577,78677,80077,80977,81777,82677,82977,84577,85377,86677,87577,88477,89177,89777,90877,91977,93077,93877,95077,95877,96677,97577,98277,98777,99077
user7350027995735829294,1486,2386,3286,3986,4886,5886,7086,7886,8886,10086,10886,11486,12386,13186,14286,15286,16786,18286,18986,20286,21286,22786,23686,24786,26086,26786,27786,28786,29786,31086,31986,33286,33686,34586,35186,36086,37186,38486,39886,40586,41086,41786,42486,43486,44386,45286,46386,47986,49186,50086,51086,52386,54386,55286,56686,57486,58186,58886,59786,60886,62186,62686,63586,64586,66086,66686,67786,68586,69286,70586,71286,71986,72886,74286,75086,75786,76586,77386,78286,79086,80086,80986,81586,82286,83086,84186,85186,86486,87286,88586,89286,90386,91286,92386,94586,95486,95986,96586,97686,99186
user9100290258290236718,1684,2884,3784,4384,5484,7284,7984,8784,9484,10684,11484,12884,14084,15284,16084,16584,17484,18584,19284,20584,21584,23284,24384,25384,26084,27384,28084,28684,29484,31084,31684,32684,33984,35884,36684,37684,38784,39784,41584,42484,43484,44784,45984,46884,47684,48784,49884,51584,52484,53384,53784,54384,55384,56284,57184,58384,59484,60984,62384,63984,65084,66084,67284,68484,69284,69784,70484,71284,72384,73284,74184,75284,76384,77584,78584,79784,80784,82284,82684,83584,84484,85684,86884,87984,88984,89784,91284,91684,92584,93584,94084,95584,96684,96984,98084,98684,99484,100284,101384,102584
user1347470266357551770,1578,2578,3478,4578,5978,7078,7978,8878,9678,10178,10978,12378,13278,14778,15178,15978,17178,18378,19178,20078,21178,22678,23778,24478,25078,26278,27478,28878,29978,31478,32478,33378,34678,35278,36078,36878,37978,38678,39978,41678,42378,43178,43678,44478,45278,45978,47278,48078,49078,50278,50978,51978,53178,53978,55478,56078,56978,57778,59178,60178,60878,62278,63078,63878,64978,65478,66478,67278,67878,69078,70078,70978,71878,72678,73678,74878,75378,76178,76878,77878,78778,80178,81078,81778,82578,84078,85178,86378,86978,87778,88478,89478,90778,91978,92778,93378,94278,95578,96778,97978
user7823487051840458248,2188,3988,4988,5788,6488,6988,7688,8688,9888,11388,12288,13288,14588,15788,17088,17988,18588,19588,20788,21788,22888,23888,24488,26388,27188,28688,29788,30488,32188,32988,34088,34988,35588,36788,37488,37988,39588,40588,41288,42488,43588,44788,45888,46988,48288,49188,50388,51388,51988,52688,54088,55488,56288,57688,58588,59488,60288,60888,61888,63188,63788,64788,65788,66588,67488,68088,69188,70388,71388,72288,73088,73788,75088,75888,76588,77588,78688,79388,80488,81688,82488,83288,85088,86688,87688,88388,88888,90188,91188,92488,93788,94388,95288,96188,97188,98188,99488,100488,101588,102288
user6762585453496975281,1979,3279,4379,5579,6379,7279,8379,9279,9679,9979,10779,11879,12779,13479,14579,15579,16979,18279,19279,20379,21279,22279,23379,24079,24979,25979,26979,27779,28379,29479,30279,31379,32379,33379,33979,34679,35779,36679,38479,39779,40379,41779,42679,43879,45179,45779,46379,47479,48479,49079,49979,50679,51779,52979,54179,54879,55879,57179,58179,59179,59979,61079,62679,63779,64679,65579,66579,67879,68779,69979,70979,71579,72779,73379,73979,75379,76079,76879,77979,78779,79679,80379,81579,82479,83279,83979,84979,85979,86879,87779,88579,89779,90879,91879,93079,94179,94779,96079,97579,98579
user6998256725563237203,2078,3178,4178,4878,6278,7378,8678,9478,10678,11478,12578,13278,14278,15278,16078,17278,18378,18978,20178,21078,22078,23178,24778,25678,26778,27678,28278,29078,29878,31678,33278,34478,35078,36478,38178,38978,39678,40578,41978,42978,44378,45478,46778,47678,48578,49678,51278,52078,52778,53878,55778,56378,57078,58278,59478,60678,62078,62878,63578,64078,64878,66078,66978,67978,68978,69678,70578,71578,72478,73278,74678,75678,76678,77278,78378,78978,80478,81178,82278,82778,83878,84978,86278,87178,88378,89278,90078,90778,91678,92778,93778,95378,95878,96478,97578,98578,99778,101178,101778,103078
user3695667356213629465,2387,3587,4587,5587,5687,7087,8187,9587,10387,11587,12587,13787,14587,15587,17287,18287,19387,19787,21187,22187,23087,24087,24587,25487,26687,27287,28787,29387,30287,31887,32987,34387,35687,36887,38087,39087,40087,41287,42287,42887,43787,44387,45287,46087,46287,47487,48387,49287,50587,51687,52687,53787,54787,55487,55987,56487,57187,58587,59187,60087,60387,62287,63387,64287,65287,65987,66787,67887,68687,69687,70487,71887,72887,73687,74487,75687,76687,77387,78387,79987,81387,82687,84087,85287,86087,86687,87987,89187,90287,90987,92187,93087,94087,95787,96987,98287,99287,100187,100687,101887
user5812101080292730588,1576,2976,4076,5076,5876,6376,6976,7976,8476,9476,10376,10976,12076,12576,13476,14376,15776,17076,17676,18376,19476,20676,21576,22576,23676,24476,25676,26776,27476,28276,29176,30576,31876,33176,34476,34976,36276,37276,38176,39276,40676,41176,42276,43176,43676,44776,45776,46576,47576,48676,49576,50776,51276,52176,53576,54076,55176,55976,56876,58076,58576,59576,61076,61976,62576,63776,64576,64776,65476,66076,67076,68076,68776,69876,71176,71876,72676,73376,74076,75376,77276,78476,78876,80276,81076,81976,83076,83776,84676,85576,86576,87576,88076,89676,90376,91376,92576,94076,94976,95876
user3695449040995787582,1581,2381,3281,4681,6281,6981,8081,9281,10281,11081,12081,12781,13881,14481,15981,17281,17981,19681,20881,21481,23081,23781,24681,25381,26181,27281,27881,28581,29581,30681,31281,32181,33081,34081,35181,36481,37681,38281,39481,40581,41581,42081,43381,44481,45981,47181,47781,48581,49881,50681,51881,52881,53781,54681,55881,57281,58681,59481,60081,61181,62281,63381,63981,65581,67581,68181,69781,70581,72281,73481,74181,75281,75781,76281,77381,78481,79481,80781,81481,82381,83581,84281,84781,85581,86381,86881,87881,89081,90081,91481,92381,92781,93381,94381,95381,96181,97381,98281,98481,99681
user5354162136564484138,2178,2978,4178,4678,5478,6878,7878,9078,9978,11178,12078,12678,13878,15378,15678,17178,18378,19378,19778,21278,22078,22778,23378,24178,25178,25578,26478,27078,28578,29878,31278,32678,34078,35478,36678,37178,38078,39578,40578,42878,43778,44978,45678,46778,47578,48178,48978,50478,51778,52478,53178,54578,55878,56878,57778,58478,59278,60178,61178,62778,63678,64378,65378,66378,67678,68778,69778,70578,70978,71578,72678,73678,74778,75378,76078,77278,78178,78378,79178,80078,80678,81478,82678,83778,84578,85478,86378,87178,88778,89578,90778,91278,92178,93178,94278,95278,96278,97278,98278,99078
user5817128907606296834,1776,2976,3876,4676,4776,6076,7076,8276,9176,10276,10876,11876,12276,13076,13776,15376,16276,16976,17976,19076,19876,20476,21576,23276,24276,25576,26276,27176,27676,28276,29076,30376,31276,32176,33376,34576,35476,36776,37776,39076,40076,41076,42076,43276,44576,45276,46476,47076,48576,49576,50176,51376,52576,54276,54676,55776,56276,56976,57976,59476,60676,61676,62476,63676,64576,65476,66876,68176,69076,69676,71176,72076,72976,74176,74776,75976,76976,77876,79176,80176,81176,82376,83576,84976,85876,86876,87876,88776,89276,90476,91576,92776,93676,94576,95876,96476,97176,98276,99576,100576
user6858042526771971499,3077,3777,4577,5577,6877,7477,9277,10577,11277,12277,13377,14577,15677,16377,16877,17777,18877,19577,20477,21077,22477,23277,23777,24477,25177,25777,26577,27677,28577,29777,30277,31077,31877,33077,34677,35677,37177,38177,39377,40477,41677,42277,43377,44877,45977,46977,47577,48577,49677,50377,51077,51777,52577,53077,54277,55677,56977,57477,58577,59777,60677,61577,62177,62777,63777,64977,65677,66477,67877,69177,70277,71377,72177,73477,74277,75377,76077,77377,78077,78977,79877,81677,82577,83477,84577,85377,86077,87177,88177,89477,90477,91877,92277,93277,94177,94877,95277,96377,97577,98377
user5002390866391892047,1884,2484,3484,4484,5384,6484,7984,8984,10084,11284,12284,12784,13784,15084,16184,17184,18284,19284,19784,20784,21784,22784,23984,24484,26084,26784,27884,28484,30084,31084,33184,34284,35084,35884,36784,37284,38384,38984,40684,41984,42884,43784,44984,45784,46484,47584,48684,49884,50784,51384,52684,53984,54984,55784,56784,57784,58984,59884,60284,61484,62884,63484,64384,65984,67084,68084,69084,69984,70584,71384,72484,73684,74084,75284,76384,77884,78684,79484,80384,81684,82484,83584,84084,85484,86384,87284,88884,89784,90184,90884,91584,92384,93684,94884,96284,97884,98584,99584,100184,101184
user3820703087922811230,2281,2981,4381,5481,6681,7781,8581,10081,11281,12281,13081,14081,15081,15881,16781,17281,17981,18681,19781,20781,22581,23581,24881,26081,26381,27181,27981,29081,30181,31381,32181,32781,34281,34881,35981,36981,37381,38781,39581,40381,41081,41881,43281,43981,44981,46281,47581,48881,49681,50981,51481,52781,53481,53881,54981,55981,57081,57781,58981,60381,61481,62281,63381,63581,64581,65281,66681,67681,68981,69981,70681,71681,72681,73381,74881,75981,77181,77381,78081,78781,80481,80881,81781,82681,83581,84881,85681,86081,86981,88181,89481,90281,91081,92281,93181,94381,95381,96981,98281,99081
user995139035672819231,1784,2884,3784,4584,5284,5984,6884,8184,8884,9284,10584,11584,12384,13084,14784,16084,17384,17984,19084,19984,20684,21284,21984,23184,23684,24484,25784,26884,27884,28884,29684,30584,30984,32284,33084,34084,35184,35784,37184,38684,39084,40084,41484,42884,44084,44484,45084,46184,47784,49684,50884,51784,52784,53584,54684,55684,56684,57784,58884,60184,61084,62584,63284,63584,64984,65984,66584,67684,68584,70484,71684,72784,74084,74984,76284,76984,78384,79184,80184,81184,82584,83884,85084,86384,87684,89284,90584,91484,92284,92784,93584,94384,95184,95884,96984,97184,98584,99184,100484,101784
user6053236810108242522,2177,3477,4877,5777,6577,6877,7777,8677,9277,9977,10277,11077,11777,12677,13777,14677,15577,16977,17977,18877,19877,20777,21977,22677,23277,24477,25377,26977,27777,28577,29377,29777,31077,32477,33777,34477,35077,35877,36977,38377,39477,40977,41577,43377,44477,45677,46477,47677,48377,49877,50877,52277,53577,54077,54877,56077,56877,57377,59077,59977,61077,62477,63977,64377,65577,65877,66877,67577,68677,69377,70577,71577,72077,72877,74577,76377,77177,77977,78777,79877,80477,81377,81677,82577,83077,84677,85377,85977,86877,87477,88477,89077,89977,90877,92077,93077,93577,94577,95877,96777
user6761807177766992950,1677,3177,4177,5177,6277,7277,8177,9177,9777,11677,12977,13777,14977,15977,16577,18377,19577,20477,21577,22577,23477,24277,24877,25477,26277,27177,28377,29377,29977,30577,31577,32177,32877,33777,34577,35577,36777,37777,38577,38877,39577,40177,40877,42077,43077,44377,46377,47277,48677,49277,49977,51877,53277,54177,55677,56777,57977,59377,60777,61877,62877,63977,65377,66377,67377,68577,69277,70677,71477,72777,73477,74377,75777,77277,78577,79877,81077,81977,83377,84577,85677,86577,87377,88277,89177,90677,91677,92377,92877,93877,95177,96177,96977,97877,98977,100477,101477,102877,103877,104777
user4886509183503403761,1784,2784,3684,5084,5484,6484,7784,8484,9784,11284,12284,13384,14284,15184,16384,16884,17884,18484,19884,20684,21984,23384,24284,24984,25684,26484,27384,28884,29384,29984,30984,32584,33284,34084,34684,35584,36784,37484,38684,39284,40584,42084,43184,43984,44984,45884,46984,47784,49284,49784,51084,52084,53384,54184,54984,56084,57784,58484,59684,60584,61584,61984,63184,63584,64784,65084,66184,67084,68184,68584,69384,70584,71684,72684,73984,74684,75984,76284,76984,77684,78184,79384,80684,81984,82984,84184,85484,86984,88084,89784,91684,92084,93284,94084,94784,95584,96084,97384,98384,99184
user2282776172479712524,1877,2577,3177,3877,5177,6377,7077,8077,8877,9377,10277,10877,11677,12777,14077,15377,16277,17077,18877,20377,21477,22377,23577,24377,25177,25977,26877,27377,27977,28577,30177,31277,32077,32577,33677,35377,36277,37477,38377,39277,40477,40877,42077,42477,43477,44377,45277,46377,47677,48077,48577,49577,50877,52277,53777,54677,55577,56777,58077,59477,60177,61377,62677,63277,64177,64677,66177,67177,68277,69177,70077,71077,72277,73577,74177,74777,75277,76577,77777,78477,79577,81377,82077,82777,83977,84677,85477,86377,87077,88177,89177,89877,90977,91677,93077,94077,94977,95377,96877,97477
user8421080233847829954,1774,3074,3974,4974,5974,7174,8574,9474,10374,11274,11974,13074,13974,15074,15974,17874,19374,19774,20674,21374,22374,23274,24474,25374,26574,27874,29074,30774,32074,33374,34474,35574,36474,37774,38674,39074,40074,41574,42574,43374,44174,45074,45774,46674,47674,49074,49874,50774,52074,52974,54074,54674,55574,56274,57174,58374,59374,60874,61774,62274,63174,64474,65574,66274,67274,68374,69374,70174,70874,72274,72974,73474,74574,75174,76274,78174,79074,79774,81274,82374,83474,84474,85374,86174,87974,88974,90074,90674,91674,92274,93374,93974,95074,96074,96774,97474,98474,99274,99674,100474
user2649725909734388554,2078,3378,4278,4778,5778,7578,8478,9178,10478,11778,12978,14578,16278,17078,17278,18178,18578,19078,19878,20878,21278,22178,23278,24178,24978,25478,26078,27578,29078,30078,31078,32178,33378,34778,35678,36078,36878,38178,39778,40778,42278,42878,43978,44978,45778,46578,47578,48578,49278,50178,50978,52278,53478,54778,55778,57378,58478,59278,60378,61578,62878,63778,64678,65778,66378,67378,68278,69178,71178,71778,72378,73678,75078,76478,77478,79178,79878,81178,81778,83178,84478,85378,86078,87078,88278,89778,91378,91978,92978,93878,94778,95978,97378,98378,99778,101278,101878,102978,104078,104878
user1578455356404546011,2078,3378,4578,5478,6178,7378,8878,9778,10878,11778,12578,13478,14578,15078,15878,17378,18178,19278,20778,21878,22678,23678,24578,25678,26078,26978,28078,29078,29978,30978,31578,32478,33478,34978,35878,36378,36878,37778,38678,39578,40278,41378,42078,42678,44378,45678,46578,47678,48578,49178,49978,51078,51678,53078,53978,55278,56178,57078,57478,58178,59078,59978,61078,62478,63878,65178,66578,67778,68778,69178,70478,71878,72978,74178,75378,75878,76778,77478,78478,79178,79978,81578,82378,83178,84678,85578,87178,88078,89478,90978,92178,92978,93778,94378,95278,96178,96778,97978,98978,99978
user4298288365534567417,2186,3586,4486,5486,6786,7686,8686,9686,10786,11886,12786,13786,14686,15986,17186,18986,20186,21486,22686,23586,23986,25286,26186,27286,28286,29786,31186,32286,33486,34586,35986,37286,37986,38886,39686,40586,41486,41986,43086,44286,45686,46286,47286,47986,49086,50286,50886,51886,53286,54386,55486,56386,56786,57286,58186,58986,59886,60986,62086,63386,64786,65486,66886,68086,69586,71186,72086,73186,73686,74086,75086,76086,76886,78186,78986,80086,80986,81386,81886,82686,83986,84986,86086,86886,87686,88786,89786,90786,92386,93286,94386,95886,96786,97786,98486,99686,100386,101186,102286,102786
user70107099395632852,2081,2781,4081,4681,5481,6781,8081,9481,10181,10981,11881,13081,13981,14881,16081,17081,18281,19181,20081,20781,21981,22781,23381,24781,26081,26981,28681,29481,31081,32081,33081,33981,34981,35981,36681,37681,37981,38781,39581,40281,41281,42881,43481,44981,45381,46781,47581,48381,49481,50381,51081,51681,52881,53781,54681,55481,56681,57481,58381,59381,60581,61281,62081,63081,63781,65081,66181,67581,68381,69981,71581,72981,74281,75381,76381,77181,78681,79581,80781,81681,82681,83581,84781,85481,86581,87381,88781,90481,90981,92281,93081,93981,94981,96081,96781,97581,98481,99381,100281,101381
user3122406690109035177,2281,2681,3781,4481,5881,6781,7681,8881,9581,10781,12081,12781,13681,14581,16681,17181,17781,18881,19881,20781,22081,23381,24681,25681,26381,27081,28381,29781,30681,31381,32381,33681,34381,35181,36281,37081,37881,38581,39481,40381,41581,41881,43281,44581,45981,46681,47281,48981,50181,51081,51981,53081,54181,55081,55681,56581,57081,58181,59381,59981,61181,62281,62981,63881,64881,65781,67481,68381,68981,70281,71781,73181,74281,75081,75681,76381,76681,77481,78281,79181,80381,81681,82381,83381,84481,85981,86781,87981,88781,90581,91781,92481,93481,93881,94681,95681,96781,98181,98981,99781
user7446263344740807843,1484,2184,3184,4184,5184,6284,7284,7984,9384,10684,11384,11984,13184,14284,15684,17284,18384,19384,20184,20984,21684,22484,23384,23784,25084,26184,27284,28384,28984,29684,30584,31584,33284,34384,35184,35984,37384,38284,39284,40384,41584,42284,43084,43784,44684,45584,46384,47984,49184,49984,51384,52684,53684,54884,55584,56484,57884,59184,60484,61184,61984,62884,63584,64484,65484,66984,68184,69284,70084,70984,71584,73084,73584,74184,75384,76284,76984,78084,78484,79584,80484,81484,82584,83584,84984,86584,87684,88284,89084,90184,91284,91884,93084,94284,95384,96584,97384,98184,99384,100584
user5706493367249216677,1971,3171,4071,5371,6471,7771,8671,10271,11371,12571,13371,13871,14971,15871,16671,17371,18471,19971,21671,22471,23171,24171,24971,25971,26871,27871,28671,30071,30871,31771,32371,32971,33971,35071,36171,37571,38371,39971,40771,41671,42971,43871,45371,46071,46771,47371,48071,48871,50071,50971,51471,52171,53171,54771,56271,57571,58771,60471,61471,62271,63571,64671,65871,66571,67871,68471,69971,70771,71771,72571,73371,74971,76471,77671,78571,79271,79871,80871,81971,83371,85471,86471,87571,87971,88671,89671,90571,91471,92271,93171,93671,94671,95571,96271,97271,98671,99571,100471,101271,101771
user2538312093647326066,2078,3478,4078,4978,5978,6878,7378,8178,9078,9978,10778,11578,12678,13378,13878,14778,15978,17178,17578,18778,19678,20878,21978,22978,23878,24378,25278,26378,27878,28578,29578,30878,31878,32678,34378,35378,36978,38178,39178,40878,42278,43378,43878,44978,45778,46778,47778,48678,49878,50778,51478,52178,53278,54578,55278,56178,56878,57978,58478,59078,60678,62178,63178,64578,65378,66178,67078,68078,68878,69778,70578,71478,72778,74578,75478,76378,76778,77878,78978,79878,80578,80978,82378,83278,84078,84878,85578,86678,87378,87778,88478,89478,90878,91478,92378,93378,94878,96178,96978,97878
user296064362129060847,1672,2372,2972,4172,4872,6172,7072,8272,9072,9972,11172,11872,12772,13672,15172,16272,16672,17572,18672,20272,21772,22272,23472,24172,24672,25472,26472,27272,27872,28972,29772,30272,31472,32272,33572,33972,35372,36672,37472,38072,38372,39072,39972,40772,42272,43572,45472,45972,46672,47672,48472,49672,50972,52172,52972,53672,55072,55972,56872,57672,58672,60272,61772,62472,63672,64572,65672,66772,67672,68172,68772,69272,70372,71172,72572,73772,75072,76172,76672,77072,78172,79172,79972,80472,81772,82972,83872,84372,85772,87072,88272,89372,90072,90972,91772,92972,94372,95072,96472,97472
user5335075763193114849,1881,2681,3681,4381,5581,6381,7281,8481,9481,10381,11481,12781,14081,14881,15681,16281,17681,18581,19681,20481,21481,22381,23181,24181,24781,25381,26081,27281,28381,28981,29981,30881,32281,33081,34481,35481,36081,37181,38381,38981,39481,40681,41181,42581,43381,44881,46081,47181,48581,49181,49881,50381,51381,52781,53681,54581,56781,58081,59081,59981,61481,62381,63481,64481,65281,66081,67281,68181,69481,70181,71081,72881,73181,74681,75681,76481,77581,78481,80281,81981,82581,83981,85681,86381,87281,87881,88881,89981,90981,92181,93181,94481,96081,97181,97981,98681,99981,100981,101681,103181
user1116266861092715646,2264,2764,3664,5164,5964,6764,7464,8264,9564,10464,11464,12164,13464,14164,15564,17164,18064,19164,20164,21564,22764,23564,25064,26164,27764,28264,29864,30764,31964,33064,34464,35164,36064,37064,38764,39564,41164,42064,42964,44364,44864,45764,46564,47664,48964,49664,50764,51964,52964,53664,55364,56364,57564,58164,59364,59864,61364,62464,63564,64464,65164,65964,66964,68064,69664,70364,70764,71864,72864,73664,74564,75564,76364,77064,77864,79364,80464,81364,82264,83464,84764,85564,86864,87764,88364,89964,91564,92664,93764,94764,95464,96464,97364,98664,99864,100364,101464,102764,104064,104764
user392299711134039396,2086,2786,3886,5186,6686,7686,8686,9386,10786,11886,12886,15186,15986,17486,18886,19386,20386,21786,22986,23586,24586,25286,26286,26886,27986,29186,30086,31286,31986,32786,33886,34586,35486,36486,37786,38786,39886,41086,42186,43286,44086,45086,45786,46486,47786,49086,50486,50986,52686,53386,54186,55286,55986,56686,57586,58786,60186,60486,61186,61586,62486,63586,64686,65886,66986,68086,68486,69486,70086,70886,71886,73086,74386,74986,75786,76586,77286,78186,79386,79986,81886,82886,83686,84586,85686,86486,87386,88786,89686,90386,90986,92386,93586,94086,95786,96686,97886,98486,99086,99986
user3459217808417385212,1884,2484,3584,4884,5884,6684,7784,9084,10184,10884,11984,12484,13384,14584,15384,16184,17484,18484,19584,20484,21384,22184,23184,24084,25484,27084,28384,29284,29784,30584,31384,32584,33484,34384,35284,36284,37984,38884,39784,41484,42284,43184,43784,44984,45884,46784,47984,48884,49884,51084,51884,52584,53484,54484,55384,56584,57184,57784,58884,59584,60684,62084,62684,63284,64284,64984,65584,66884,67784,68884,71284,72284,73184,74084,75684,77084,78084,78584,79884,81184,82184,83284,83884,85284,86184,87284,88184,89584,91284,92384,92884,93484,94884,96384,97984,98684,99684,100384,101384,101884
user5214507898285358882,1679,2479,3279,4379,5279,6279,6979,7979,9179,9879,10879,11379,12079,13379,13779,14479,15479,16579,16979,17679,18579,19879,21179,21779,22379,23379,24279,25579,26479,27979,29379,30879,31279,32179,33379,34579,35479,36479,37679,39079,40179,41279,42279,43179,44379,45179,46779,47879,49079,49779,50579,51579,52079,52879,53979,54779,55279,56279,57279,58879,60179,61379,62179,62779,63679,64179,64879,66379,67879,68879,69779,70279,71579,72679,74179,75079,76279,77079,78279,79079,80079,80579,81879,83379,84279,85279,86679,87779,88579,89679,90679,91379,92479,93679,94579,95479,96579,97679,98479,99679
user5103312397416138277,1882,2882,4482,5482,6582,7082,7982,8782,9982,11282,12282,13582,14482,15682,16682,17682,18282,19482,20782,21682,22482,23282,25282,26082,26882,27982,28982,29482,30982,32982,33982,34482,35682,36582,37182,38082,38682,39482,40382,41182,42282,43182,43582,44582,45782,47082,48282,49482,50482,51682,53082,54282,54782,55382,56682,57382,58682,59782,60782,62382,63482,64082,64882,65982,67582,68282,68882,69782,70382,71582,72782,74282,75082,75982,76782,78082,79382,80182,80882,82082,83282,83682,84682,85782,86482,88082,89582,89982,90482,90782,91982,93382,94682,95382,96782,98382,99482,100782,101282,102482
user2422990371270978228,2469,3269,4169,5269,5969,6669,7769,8769,9069,9969,10969,12469,13269,13669,14869,15669,16569,17569,18269,19169,20369,21469,22969,23769,24569,25369,26869,27969,28769,29569,29669,30569,31069,32669,33269,34169,35069,36069,36969,37769,38669,39469,40469,41169,41769,42669,44269,45269,46069,47369,48169,49569,50669,51569,52669,52969,53769,54869,55869,56869,57869,58569,59169,59669,60569,61769,63169,64169,65369,66169,67069,67769,68369,69169,70269,71569,72569,73569,74769,75669,76469,77769,78669,79369,80069,80969,81369,82669,83569,84569,85269,86469,87269,88069,88969,89569,90469,91369,92269,92669
user3710067547565731073,2475,3475,4375,5075,6075,7675,8475,9975,11075,11775,12475,13375,14075,14975,15475,16275,16975,18175,19175,19675,20475,21575,23075,23675,24575,25675,26575,27575,28375,28975,29675,30075,30875,31575,32275,33075,34375,35575,36275,37375,38675,39775,40975,42175,42875,43975,45075,46775,47675,48675,49675,50575,51675,52075,52775,53275,54175,54875,55675,56675,57675,58675,59775,60975,61775,62375,63475,64175,65275,67075,67775,68475,69675,71075,72075,73275,74575,75175,76475,77575,78575,79575,80875,81775,82975,83875,84975,86175,87175,87975,89475,90475,91375,92875,93775,95075,96575,97675,99075,100475
user3937144731323439964,2283,3483,4383,5483,6483,7083,8083,9083,9583,10283,11283,12283,13483,14283,16183,17683,18583,19283,20183,21683,22783,23583,24483,25183,26483,26883,27783,28383,29283,30283,31383,32383,33183,34183,35483,36583,37683,39283,40383,41183,42083,43083,43583,44583,45883,46483,46883,48183,49483,49883,51483,52583,53283,54583,55483,56083,56883,58083,58883,59483,60483,61783,62883,63783,64583,65883,66883,67683,68883,70083,71283,72183,72683,73483,74683,75883,76583,77683,78283,79083,79983,80983,81383,81883,83283,84383,85183,85883,87083,87883,88783,89983,90283,91083,92483,93283,94083,95083,96583,97883
user2277530029948304395,2073,3373,3873,4773,5373,6273,6973,7673,8773,9873,10673,11973,13073,14573,15573,16773,18073,18573,19573,20573,21873,22873,23673,24273,24873,25373,26373,26973,27473,28473,29173,30273,31473,32573,33973,34973,35973,36573,37873,39073,39573,40273,41473,42173,42973,43973,45073,45873,46473,47373,48473,48973,50573,51773,52573,53473,54473,55373,56273,57173,57773,58773,60373,61373,62473,63573,64373,65373,66573,68573,69973,70973,71773,72973,73973,75373,75673,77073,78373,79173,80173,81573,82473,83273,83873,84773,85573,86373,87573,88273,89373,90673,91273,92073,92973,93873,94573,96173,97073,97673
user8502137115770724564,2475,3575,4775,5875,6675,8075,8375,9175,10375,11775,12475,13875,14875,15875,16775,17575,18775,19675,20975,21875,23275,24375,24975,26175,27575,28275,29475,30175,31375,31875,32575,33675,34775,36275,37175,38575,39575,40575,41775,42575,44375,45075,45675,46675,48275,48875,49675,50675,51675,52875,54175,54775,56175,57075,57375,58375,59775,60675,62075,63175,64375,65875,66775,67975,68475,69475,70975,71675,72975,73875,74175,74975,75875,76875,77675,78075,79475,80275,81675,82375,83575,84275,85475,86475,87775,89075,89975,91575,92375,93575,94775,96275,97475,98575,99375,100775,101275,102375,103875,104775
user8768165322001154364,2178,3578,4578,5978,6978,7578,8578,9478,10178,11378,11978,12578,13778,15078,16678,17478,18278,19178,20178,21578,22578,23578,24278,25278,25678,26478,27478,28578,29978,30778,31178,31778,32678,33578,34478,35278,35778,36278,36878,37978,39578,40278,41278,42478,43878,44778,46078,47078,47678,47978,49478,50778,51678,52878,54078,55278,56178,57078,57878,58478,59778,60578,62078,62578,63478,65178,66478,67978,68778,70178,70978,71578,72478,72978,73478,74678,75978,77178,78178,79078,80178,81678,82678,83678,84278,85878,86678,87278,88278,89378,90378,90878,91878,92878,94078,95578,96678,98278,99678,100578
user528046043123879302,2176,2976,3676,4776,6176,7176,8476,9176,10376,11176,11576,12676,13676,15176,16076,16776,17376,18376,19276,20276,21176,21776,23076,23976,25076,25976,26776,27776,28976,29876,30976,32176,33176,33576,34976,36276,37376,38276,39376,40076,40776,41876,42876,43876,44176,45576,46576,47476,47876,48776,50376,52076,52776,53776,54876,55676,56276,57376,58576,59276,60076,61176,61976,63376,64776,65976,66876,67276,67676,69676,70576,71576,72576,73376,74476,76076,77476,78076,79076,79876,80676,81676,82976,83876,85176,85576,86276,87476,88376,89676,90676,91776,92276,92976,94276,94776,95476,96376,98276,99476
user5822033404843406398,2178,3078,4178,4878,5778,6578,7678,8978,9578,10378,11078,12378,13078,14478,15478,16278,17578,18278,19178,20378,21378,22178,23478,24278,24978,25478,26378,27678,28878,29778,30578,32078,32678,32978,33478,34378,35278,36278,37378,38378,39578,40478,41578,42578,43578,44378,45478,46578,48078,48778,50078,50978,52078,52778,53678,54578,56078,57778,58778,59978,61278,62378,63878,64578,65878,66778,67778,68378,69678,70778,71578,72378,73678,74878,75978,77278,78478,79678,80778,82278,83878,84178,85078,85978,87078,88078,89178,90578,91678,92778,94078,95278,96478,97378,98478,99478,99978,100778,101778,102378
user4419416190954463832,2474,3174,4074,4974,5874,6974,8174,8874,9374,10074,10974,12174,13974,15274,16174,17374,18274,19574,20474,21274,22374,23274,24374,25674,26574,28174,29174,29774,30474,31374,31974,32874,33574,34874,35974,36774,37074,37674,38174,39174,40274,40974,42274,43074,44274,45274,45974,46574,47374,48174,48674,49574,49774,50974,51874,52574,53874,54574,56074,57174,57874,58974,60474,61174,61874,62274,62974,63774,64974,65474,66674,67474,68274,69374,70474,71674,72674,73874,74874,75574,76774,77474,78074,78974,79874,80874,81674,82474,83074,84274,85274,86274,86874,87674,88574,90074,90874,91574,92174,92774
user1121294688406281892,2182,3482,3882,5782,7082,8282,9982,11082,12282,13482,13882,14482,15382,16582,17782,19082,20782,22482,23382,24882,26282,27182,28682,29282,30282,31082,31982,33382,33982,34582,35182,35882,36782,37682,38482,39382,40182,41382,41882,43282,44682,45882,47082,48182,48982,49782,51282,52682,53482,54682,56282,57282,58182,59082,60082,61182,61882,63082,63982,64782,65482,66982,67982,68982,70182,70882,71982,72982,73582,74482,75882,77182,77982,79582,80082,80882,82182,83282,84182,85182,85682,86482,87282,88682,89382,90182,91582,92682,93782,94482,95482,96182,96882,97582,98182,99382,100382,101882,102882,103682
user1799944752336548208,2377,3677,4677,5277,6077,7177,7577,8177,9777,10577,10877,11877,13077,14277,15077,16477,16977,18777,19377,20577,21977,23177,24077,24877,25577,26577,28177,29077,29877,30677,31277,32577,33377,34477,35577,36677,37677,38377,39077,39877,40777,41977,43077,44177,45077,46777,47777,48377,50177,50777,51677,52777,53777,55177,56077,56577,57577,58677,59577,60577,61877,62677,63577,64677,65277,65877,67077,67777,68677,69977,71277,71877,73177,74377,75277,76377,78277,79077,80277,81677,82677,83377,84677,85677,86377,86977,87777,88677,89377,90077,91277,91377,92077,93277,94477,95277,96777,97477,98577,99777
user5927982763181218874,1676,2776,4076,4976,5976,6476,7976,8876,9676,10576,11676,12676,13776,15576,16476,17276,18376,19876,20576,21176,21776,22976,23676,24276,25476,26576,27176,28876,29876,30876,31776,32476,33176,34276,35476,36276,37576,39176,39776,40276,41276,42276,43176,43976,44776,46076,47476,48376,49476,50676,51276,51976,53076,53576,54776,55876,56476,57276,58576,59576,60476,61376,61976,62776,64476,65576,66876,67976,68976,69676,70676,71676,72276,72976,74076,74776,75476,76576,77376,78476,79476,80976,81776,82876,83576,84676,85976,86876,87376,88276,89076,90176,90976,92376,93176,93976,95876,96776,97776,98776
user4278642031651057680,2071,2671,4071,5071,6071,6971,7971,9271,9771,10571,11971,13071,14071,15371,16971,17571,18871,19771,20871,21571,22571,23571,24571,25171,26571,27071,28171,29271,30771,31571,32571,33271,34071,34771,35771,36671,37771,38771,39871,41371,42071,43271,44371,45171,46571,48471,49871,51071,51971,52971,54271,55471,56071,56971,57871,58771,59371,60271,61471,62871,63271,63971,64971,65971,66971,67971,69271,70871,72071,73071,74471,75171,75871,76871,78371,79371,80071,80471,81571,82571,83171,84471,86371,87071,87871,88671,89271,90371,91171,92371,93171,94471,95671,96771,97771,98871,99871,100771,101771,103071
user3328717618958953435,2083,3083,4183,5283,6283,7783,8883,9683,10583,11983,13183,14183,15383,16683,17783,18983,20583,21183,22483,23983,25483,26083,27783,28783,29883,30583,31283,32083,33483,34383,34683,36083,37083,38183,39483,40483,41583,42583,43283,44783,45883,47083,48183,48983,49783,50383,51283,51583,52283,53483,54683,55783,56683,57883,58983,60183,60983,61683,62983,64083,65083,65983,66683,68083,69383,70883,71983,72683,73783,74683,75483,76383,77283,78283,79583,80583,81283,82183,83183,84583,86083,87583,88483,89283,89883,91083,91483,92683,93183,94083,95283,96083,97083,97983,98783,100183,101083,101783,102983,103983
user2060726816035569879,1583,2283,2583,3183,4483,5783,6883,8183,8883,9783,11183,12383,13283,13883,14383,15283,16383,17483,18083,19183,20383,21483,22083,23683,24383,25183,26083,26683,27683,28283,29383,30683,31783,32783,33583,34683,35283,36783,37683,38583,40083,41283,41983,43083,44583,46283,47183,47683,49283,50383,51383,52283,53883,54683,55183,56283,57283,57983,58883,59483,60283,61083,62183,62683,64183,65683,66683,67683,68983,70083,71083,72183,72783,73983,74883,76383,77483,78083,78983,79883,80783,82183,82983,84183,85483,86483,87383,88683,89983,91783,92883,93683,94483,95783,96883,97483,98583,99783,100883,101283
user784141924803633292,2377,3577,4477,5277,6677,7677,9377,10577,11277,12077,13577,14477,15577,16277,17077,17877,18577,19277,20577,21677,22777,23477,24677,25777,26877,28077,28777,30277,31477,32477,33377,33777,34677,35477,36877,38377,39677,40677,41677,42277,43177,44077,45577,46777,47277,48677,49577,51077,51877,52877,54077,55277,56777,57977,58577,59377,60477,61377,62177,64077,65277,66377,67677,68777,69677,70177,71177,72377,73377,74677,76177,77677,78377,79277,80277,80777,82077,83777,84977,85777,86477,87077,88777,89677,90877,92277,93177,94077,94977,95877,96577,97277,98077,99377,100677,101777,102977,103877,104777,105877
user5108558539947546406,2281,2881,3781,4481,5581,6681,7381,8381,9281,10481,11681,12381,13281,14981,15981,16781,17481,18281,19481,20181,20481,21981,22781,23581,24281,25481,26481,27681,28781,29481,29881,31181,32181,33081,33881,35081,35881,36781,37881,38781,40281,41281,41881,42981,43881,45081,46081,47181,48181,48981,49281,50181,51381,52981,53981,55281,56481,57381,58281,59181,60081,60781,62281,63381,64281,65181,65981,66881,67381,67981,68881,70081,70881,72481,73281,73581,74581,74881,76081,77381,78281,78781,79881,80681,82181,82981,83781,84881,86081,87381,88381,89181,90081,91081,92181,92981,94681,96181,97281,97781
user1000726823498525925,1585,2885,3785,5085,5685,6785,8085,9385,9985,11385,12185,12685,13585,14485,15985,17485,18285,19385,20685,22285,23085,23785,24985,26485,27885,29085,30685,30985,32485,33585,34585,36085,36985,37985,39685,40285,41185,42185,43285,44185,44985,45985,47385,48085,48585,49885,51285,51585,52785,53985,55285,56585,57485,58485,58985,59785,60185,61385,62985,63785,64985,65685,66985,68385,68985,70185,70685,71485,72385,73385,74085,75085,75985,77385,78785,79985,81385,82685,83585,84785,85785,86885,88485,89485,90085,90985,91985,93685,95185,96085,96785,97885,98585,99785,100685,102085,102685,103385,103785,104485
user170810315202037199,2082,3382,3982,4882,6182,7082,7582,8482,9282,10182,12182,12582,13182,14482,14982,15882,16582,17682,18582,19482,20382,21282,22582,24182,25182,26582,27382,27882,29582,30382,31282,31782,32982,34182,34582,35282,36082,37882,39282,39782,40582,41182,42582,43382,44582,45682,46482,46982,47982,48882,50182,51482,52782,53782,54582,55082,55982,56982,57882,58582,59382,59982,61782,63282,64482,66082,67782,68782,69782,70582,71682,72582,73782,74782,75982,76782,77982,78782,80282,80782,82282,82982,83982,84982,85782,86982,87782,88982,90082,90982,92182,92982,93782,94982,96082,96782,97582,98482,99082,100282
user2061286776547710327,1587,2187,2887,3687,4587,5387,6187,7387,8287,9487,10787,11587,12287,12887,13787,15187,15987,17087,18187,19187,19887,20687,21987,22987,23987,25487,26487,27387,28487,28987,29687,30487,31587,32987,33987,34387,35387,36387,37187,38287,39187,39787,40587,41587,42487,43287,43987,44687,45887,46587,48087,49287,49887,51887,52887,53987,55387,57087,57887,58287,59687,60687,61487,62587,63987,65287,66987,68287,69787,70587,71787,72787,73587,74487,75187,76087,77087,77887,79387,79887,80887,81587,82487,83187,84187,84987,86187,86887,87787,88887,89187,89887,90687,91787,92687,93887,94987,96087,96387,96987
user2639575269965870861,1982,2782,4082,4682,5682,6782,8182,9382,9882,10882,11382,12582,13682,14682,15482,16582,17782,19582,20282,21282,22282,22982,23982,25182,26482,27482,28082,28882,29882,31282,32682,33682,34782,35982,36982,38182,38982,39982,40582,41682,43082,44082,45182,46182,47482,48582,49382,50482,51482,52182,53182,54182,55982,57182,58182,58682,59082,60382,61182,62182,63482,64382,65582,66582,67482,68982,70582,71882,72582,73682,75182,76282,76882,77582,78582,79882,80882,82082,82882,83482,84282,84582,85582,86882,87982,89282,90182,91182,92682,93382,94082,94982,95682,96382,97682,99082,100582,101382,102582,103682
user4640905586886466029,2178,3378,4678,5878,7678,8678,9278,10578,11178,11778,12878,14278,14978,16278,17678,19478,20878,21878,22778,23578,24378,25378,26678,27578,28578,29378,30578,31678,32778,33778,34678,35378,36378,37178,37878,38478,39778,40378,41378,42478,43678,44978,46078,47278,48178,48778,49678,50778,51178,51978,53078,54178,54978,56378,56778,57878,59178,59878,61378,62178,62878,63778,64378,65478,66478,68278,69578,70578,71578,73078,74278,75678,76078,77378,78678,79778,80878,81878,83078,84278,85178,85878,86978,88178,89278,90478,91578,92578,94078,95078,95578,96278,97278,97978,99578,100778,102178,103578,104678,105478
user3820921403140653113,2466,3166,4166,5066,6066,7566,9266,10066,11566,12366,13366,14266,14966,16066,17166,18666,19866,20766,21766,22666,23366,24766,25266,25966,27266,28866,29866,31666,33266,34066,34666,35866,36866,37766,38566,38766,39766,40966,42166,42766,44166,45766,46566,47466,48866,49666,50666,51766,52666,52866,54066,55066,55766,57066,58066,58966,60566,62166,63266,63866,65666,66466,67066,67866,68666,69366,70666,71766,72566,73466,74366,74866,76466,77166,77866,78866,79966,80966,81666,82966,83766,84566,85666,87066,87866,88766,89166,90466,90966,92566,92966,93866,94066,94466,95566,96566,97766,98966,99766,101066
user7354714177755096975,2580,3480,4480,4880,5780,6180,6980,7680,8680,9880,10180,10680,11380,12280,13880,14480,15080,16380,17280,18380,19380,20880,22080,23180,23680,24380,25080,25680,26780,28080,29180,30180,31080,32380,32780,33880,34780,35380,36480,37180,37980,38680,39680,40680,41880,42480,43980,44780,45680,46480,47180,48280,49080,49980,50880,51480,52180,53080,54080,54780,55280,56580,57480,58680,59780,61180,62580,63080,64280,64880,65480,66480,67280,68180,69280,70880,71780,72780,73880,74780,75980,76780,77980,78780,79180,80580,81480,82580,84180,85080,85880,86880,87580,88780,90180,91280,92780,93980,94980,96180
user3127092872128302858,2076,3376,4176,5076,6276,7276,8076,9076,10076,10976,11976,12576,13476,14276,15376,16176,16876,17276,18276,19076,20276,20776,21376,22376,23776,24376,25376,25876,26776,27476,28376,29476,30376,31976,33176,34176,34976,36076,37376,38476,38976,39776,40576,41476,42576,43176,44176,45176,46076,46976,47876,48276,49176,50476,51576,52776,54076,54976,55676,56776,58276,58976,59676,60276,61076,62276,63276,64176,65676,66476,67276,68176,69076,70076,70876,71376,72276,73376,74976,76476,76976,77576,78976,79476,80576,81976,83176,84776,85576,86276,88176,89676,90176,91576,92176,92876,94076,95176,95776,96976
user5933010590494785120,2176,3476,3876,5476,6676,8076,9276,10176,10676,11976,13076,14476,15476,16476,17876,18676,19776,20176,21176,22376,23176,24076,25076,26176,26676,28276,29276,30676,31576,32476,33476,34276,34676,35876,37076,37976,38876,39776,41076,41676,42976,44076,45076,46176,47376,48676,49776,50676,51576,53076,53476,54476,56176,56776,58376,58976,59976,60976,61476,62276,63476,64576,65576,67376,67976,69076,69976,70876,72776,74376,75176,76576,77776,78576,79776,80476,81476,82376,83376,84776,86276,87276,88076,89176,89876,90976,91876,93076,94176,95676,97076,98076,98876,99376,100176,101176,102476,103576,104676,105976
user3218082078601873278,2079,3279,4279,6179,7479,8379,8879,9779,10579,11779,12379,13079,13779,15279,16379,17579,18279,19079,20079,21179,22079,22779,23679,24879,25779,26479,27279,28379,29179,29979,30979,32079,33479,34779,35979,37079,38179,39579,40579,41379,42179,43479,45079,45779,46579,47879,48679,49579,50479,51779,53379,54579,55879,56779,57779,58879,59479,60979,61479,62579,63579,64579,65679,66679,67379,67779,68579,69379,69979,71179,71779,72479,73579,74779,75679,76979,78079,79579,80779,81779,82579,83279,84879,86379,87379,88179,88779,89279,90079,90979,92179,93279,94379,95279,96379,97579,99379,100479,101779,102879
user9115250410154478774,2275,3075,3875,4675,5375,5975,7375,8275,9975,10475,12175,13275,14175,14975,15675,17075,18375,19275,20275,21975,23675,24675,25875,26875,27475,29075,29875,30975,31775,32975,34275,35275,36275,37275,37775,38675,39975,40875,42875,43575,44075,44875,45875,46575,47575,48775,49675,50675,51275,52275,53675,54175,54875,55975,57275,57975,58975,60275,60975,62275,63675,64775,65675,66775,67975,68575,69175,70475,71375,72275,73475,74375,75275,76375,77575,78875,80175,81675,82775,83775,84375,84775,85575,86575,87075,88675,89775,90275,90775,91575,92075,92975,94475,96275,97475,98075,99075,99875,100675,102275
user8276179853037296569,2075,3875,4975,6175,7375,9075,9975,10575,11175,11675,13075,14075,15275,16275,16775,17875,18875,19775,20875,21875,22575,23175,24475,25375,26875,27675,28875,29675,30475,31575,33175,33775,34675,35375,36375,37175,38375,39175,39775,40575,41975,43175,43775,44875,45875,46875,47675,49075,49675,50475,51675,52575,53375,54475,55275,55475,56075,56975,57975,58375,59075,59875,61275,62175,63275,63875,65175,66275,67775,68475,69375,70475,72075,72675,73775,74975,76375,77875,78975,80075,81375,82375,83275,84375,85275,86175,87075,87875,88675,89475,90575,91875,93175,93875,94575,95375,96175,96975,98075,99375
user407478178216123335,2777,3777,4977,6077,6977,8077,9377,10777,12177,12977,14177,15377,16177,17077,17677,18977,20077,20577,21277,22477,23377,24477,25377,26577,27577,28977,29777,30377,31077,32077,33577,34677,35677,36577,37577,38977,39777,40477,41477,42077,43077,43977,45277,46377,47477,48377,49377,49877,51077,52177,52977,53477,54077,54677,55377,56477,58477,59477,60977,61977,63177,63877,65277,66177,67477,68477,69377,70477,71677,73077,73877,74677,75977,76477,77277,78377,78977,79677,80777,81877,82777,83677,84577,85877,86877,87377,88577,89577,90277,90677,91877,93477,94177,95777,96877,98377,98877,99677,100177,100977
user6772299462829809208,1782,3082,4482,5482,6682,8182,9782,10982,12182,13282,13982,15082,16782,17682,18682,19182,20782,21882,23382,24282,25182,26082,27582,28282,29282,30382,31282,31782,32882,33982,34682,35982,36982,38082,39382,40782,42382,43782,44882,46182,47082,48182,49382,50382,51482,52682,53782,54382,55382,56782,58082,59282,60282,60882,61582,62782,63682,64582,65282,66082,66582,67782,68082,69182,70082,70882,72182,72982,73882,74682,75882,76782,77982,79282,80482,81582,82882,83782,84882,86182,87582,88382,89482,90482,91482,92582,94382,95382,96882,98182,98882,99582,100482,101282,102582,103582,104782,106282,107282,108082
user6178832502329564735,2074,3174,4474,5574,7274,8674,9574,10374,10874,11874,13474,14574,15674,16574,17674,18774,19474,20674,22074,23274,24474,25574,26774,28174,29074,29974,31274,32274,33574,34974,35674,36574,37474,38474,39074,39774,40674,41574,42674,43674,45174,46474,46974,47874,48774,49474,50574,51674,52574,53774,55074,56274,57174,59074,60574,61974,63174,63874,64574,65574,66974,67874,68674,69774,70674,71474,73074,74374,75174,75874,76674,77674,78774,79574,80074,80674,81274,82074,84174,85174,85774,86474,86874,87974,88874,90274,91074,92174,93374,94474,94974,95774,96774,98274,99274,100574,101174,102774,103374,104574
user7003502868094645332,2678,3978,4678,5678,6378,7478,8578,9878,10378,11578,12678,14178,14978,16078,16878,17378,19078,19878,21278,22078,23578,24278,25278,26478,27378,28878,29678,30578,31578,32178,33778,34878,35778,36978,38278,39478,40578,41578,42478,43478,44678,45278,46078,47178,47978,49078,49778,50778,51278,52378,53078,54678,55278,56178,56978,57578,58378,59478,60378,61978,62578,63678,64678,66178,67478,68478,69078,70178,71178,72278,73178,74578,75578,76478,77178,78678,79578,80478,81578,82278,83678,84278,84778,85178,86378,87078,88578,89578,90878,91478,92378,93378,94678,94978,95978,96978,98078,99078,100378,101778
user5696219397404242302,2386,2986,3686,5186,6486,8286,9286,10486,11186,12586,13686,14686,15186,15786,16786,17686,18286,19386,20086,21086,22486,23786,25186,26386,27586,28886,29986,30986,31986,33186,33986,34686,34986,35986,36886,37686,38586,39286,40286,41386,41786,42786,43486,44486,45686,46786,47886,49486,50686,51386,52986,54186,55286,56186,57486,58386,58986,59886,61186,62186,63286,64086,65486,66286,67286,68686,69786,70886,71986,72786,74086,74886,75386,76786,78286,79486,80486,81486,82786,83286,84486,85286,86286,87786,88786,89686,90186,91186,91986,92786,93486,94486,95586,96386,97186,97586,98586,99786,100386,101686
user8989436402715314678,1872,2972,4372,5372,6472,7272,7972,9272,10372,11272,12072,13272,13972,14872,16172,17172,17772,18872,19972,21172,21672,22972,23872,24772,25672,26572,27972,28572,29972,31072,31972,32872,33772,34672,35772,36872,37772,38772,40172,41272,42272,43072,43772,44572,45772,46472,47172,48072,48972,49772,51072,51972,53372,54372,55072,55772,56572,57472,58572,59572,60172,61072,62472,63472,64272,65372,66172,66472,67672,69372,70372,71672,72572,73072,74272,74872,76572,77472,78772,80372,81072,81872,82472,83572,84572,84972,85872,86772,87672,88872,89972,91272,92472,93872,94672,95572,97072,97672,98672,99972
user8733340521035560688,1880,2780,3980,5280,6280,7280,8580,9980,11080,12580,13880,15080,15580,16380,17380,17880,18780,19580,20180,21080,22380,23480,24380,25080,26580,27480,28680,29580,30780,32080,32580,33080,33980,35080,35580,36580,37880,38880,39980,40780,41780,42380,43780,44680,45580,46380,47480,48280,49080,49680,50280,51480,52480,53380,54480,55180,55680,56880,57480,58480,59780,60380,61680,62880,63680,64580,65680,66980,67780,68780,69780,70680,71780,72380,73080,73980,74880,76080,77080,78080,79180,80780,82380,83780,84780,85980,87180,88280,89380,90280,91080,91880,92480,93580,94980,96280,96780,98080,98780,100280
user986326632146424317,2478,3878,4778,5478,7078,7978,9078,9978,11278,12478,13878,14678,15278,16278,17378,17978,19178,19978,20878,21778,22778,23678,24578,25678,27178,28378,29878,30478,31478,32778,33578,34178,34678,36378,37778,39278,40578,41878,43678,44578,45878,46578,47678,48478,49578,50178,51578,52978,53578,54378,55478,56178,57378,58078,59078,60078,60878,62578,63178,64178,65078,66278,67178,67878,68578,69478,70178,71478,72578,73578,74478,75078,76278,76978,78378,79178,80278,81278,82278,83078,84278,85578,86478,87778,88178,88978,89978,91278,91878,93478,94478,95678,96378,97078,98278,98978,100578,101478,102078,102978
user5686287072853566492,2081,3581,4481,4981,5781,6481,7381,8281,9281,10381,11281,12681,13181,14381,15281,15881,16881,17781,18381,19381,20181,21081,22081,22981,24281,25681,26281,27481,28781,29881,30381,31581,32881,33781,34981,35981,36781,37681,38781,39781,40781,42281,42881,43381,44381,45381,46081,46681,47881,48781,49781,50681,51581,52581,53581,54781,55981,57281,58381,59381,60781,61581,62281,63081,64381,65281,66281,67181,68581,69381,69981,70981,72081,73481,74281,75481,76181,77981,79181,79481,80281,81381,82381,83181,84081,85181,85781,87081,88081,88981,89681,90981,92081,92881,93581,95081,96481,97581,98981,100281
user3348582268060305055,2081,3381,4381,5381,6381,7081,8081,8881,10081,11081,12281,12981,14481,14881,16481,16981,18081,18781,20181,21081,21981,22681,23881,24981,26281,27081,28181,29281,30381,31381,32681,33281,34681,35481,36081,36881,38381,39081,39581,41181,41981,42881,43981,44581,45181,46281,47481,48581,49381,50281,51881,52781,53681,54781,55881,57081,57681,58781,59881,60981,61881,62381,63281,63981,64381,65581,66381,66881,68781,69281,70181,71281,71881,73281,73881,74881,75981,77381,78181,79481,80981,81681,82781,83781,84481,86381,86981,87881,89181,90281,91481,92581,93681,94581,95481,96481,97281,98081,99381,100481
user5107998579435405958,2272,3172,3872,4872,5872,6672,6972,7572,8072,8572,9372,9972,11072,11972,13072,13772,15172,16072,17372,18772,19272,19672,20672,21672,22572,23472,24372,25672,26372,26772,28672,29572,30472,31372,32372,33072,34872,36472,37472,38972,39872,40972,42172,42972,43772,44372,45272,46472,47472,48772,49172,50172,50972,51972,53072,54772,55672,56772,58072,58772,59172,59672,60472,61372,62672,63472,64072,64972,66472,67272,68272,69372,70072,71272,72372,73772,74672,75572,76772,77672,78572,79372,79872,81872,83172,83772,84772,85572,86572,87872,88672,89672,90572,91972,92872,94172,94772,96072,96872,98072
user6757680956259865717,2779,3779,5379,6579,7779,8879,9679,10679,12179,13279,14579,15379,16579,17479,18179,19179,19879,20979,22479,23779,24879,26279,27079,28579,29279,29879,30779,31479,32379,33279,34379,35979,37279,38579,39479,40579,41379,42079,42779,43479,44479,45179,45979,46779,47979,48479,49579,50579,51979,52979,54279,55279,55979,57279,58579,59679,61079,61679,63079,63979,65179,65879,66479,67079,67879,68179,69579,70679,71479,71679,72279,73079,74379,75479,76879,77979,78879,79179,80279,82079,82779,83879,84679,85179,86079,86779,87479,88279,89079,90579,91479,92279,92779,94079,95379,96379,97379,98579,100479,101379
user9090357933739560908,1773,2873,3473,4273,5073,6273,7173,8073,8673,9573,10873,12273,12973,13973,15173,16473,17473,18273,19373,20373,21073,22173,23173,24373,26073,27173,27673,28573,29173,30073,30973,32273,33073,34973,36173,36673,37573,38373,39273,40473,41473,42573,43273,43973,44973,45373,46673,47573,48773,49873,50773,52173,52973,53773,54673,56073,56973,57673,58573,59373,60073,60773,61773,62773,63673,64273,65273,66073,67073,68273,69273,70873,71573,72573,73473,74473,75773,76673,77873,79173,79873,81573,83173,84173,85673,87073,87473,88373,88973,89573,90573,91673,92473,93573,94573,95473,96473,97273,98773,99673
user1935691084326388114,2081,3281,4381,4981,5881,6581,7581,8781,9881,11081,12481,13281,14381,15181,16081,17181,18681,19981,21281,22181,23581,24981,26181,26781,27581,28981,29481,31081,31981,32781,33381,34181,35581,36481,37781,38681,39781,40781,41681,43281,43781,45781,47281,48081,48881,49881,50981,52381,52781,53481,54981,56081,57281,57881,58581,59981,60981,62081,62981,64081,65181,66081,66681,67681,68781,69881,70881,71681,72281,73481,73981,74981,76381,77381,78181,80081,80581,81481,82681,83481,85381,86081,87181,88181,88681,89581,90581,91381,92781,93581,95181,96081,96981,98881,99481,100881,102481,103581,104781,106281
user7239392455378749137,1882,2482,3882,5182,5882,6982,7882,9082,9682,10982,11782,12582,13882,14682,15482,15982,16582,17082,18482,19582,20382,21782,23482,24582,26382,27182,28282,29582,30582,31482,32282,33182,34482,35482,36782,37282,38982,40082,41082,42382,43382,44282,45282,46182,46982,47282,48582,48982,50082,50782,51582,52882,53382,54382,55082,56082,56882,57782,58582,59382,60282,61782,63382,64582,65482,66282,67082,68782,69682,70582,71482,72282,73282,74082,75482,76182,77282,78382,79582,80782,82282,82982,83682,84182,85282,86382,87282,88582,89382,91082,91682,93082,93982,94582,95382,96182,97082,97682,98782,99482
user6651731597922053241,2077,2877,3577,4577,5077,6377,7677,8677,9777,10877,12177,13477,14177,15477,15977,16277,16477,17377,19077,20377,21277,22077,23577,25177,26177,27377,28377,28877,29877,30877,31877,32877,34077,35377,36877,37677,38677,39477,40377,41177,42877,43777,44577,45677,46877,48777,50577,52077,53077,54077,55377,56377,57077,57777,58777,59677,60577,61577,62577,63977,65177,66177,67077,68077,69177,70577,71777,72577,73877,74977,76477,76977,78277,79377,80077,81177,81877,83077,83877,85077,86677,87477,88577,89677,91077,91977,92377,92977,93777,94077,95677,96677,97277,98777,99577,100577,101477,102377,103077,103277
user1106334536542039836,1779,2679,3979,4879,5379,6379,7179,7879,9279,10579,11279,12879,13479,14379,15679,16379,17279,18879,19679,21079,21979,22979,23579,24279,25279,26279,26779,27679,28579,29179,29779,30979,31979,33179,34079,35279,37079,37979,38379,38579,39579,40779,42079,43279,44579,45279,45979,46679,47679,49179,49979,51379,52779,54179,55079,55879,57179,57879,59079,59979,61079,62079,63279,64479,65579,66879,68079,69479,70579,71579,72879,73979,74579,75379,76179,77379,77979,78479,79679,80579,81579,82679,83879,84779,85779,87179,87879,88979,90279,90979,91879,93179,94579,95479,96179,97279,98179,99479,100579,101479
user2770075459424302638,1882,2682,3682,4082,5282,6982,8382,9482,10282,10882,12082,13182,14282,15482,16182,16982,18082,18582,19882,21082,22182,23782,24582,25282,26282,26982,28482,29582,31082,32182,33282,35182,36182,37182,37882,39182,39982,41082,42082,43782,44682,45582,46582,47582,49182,50482,51582,52082,52682,53382,53982,54882,55882,56782,58082,59182,60282,61782,62782,63482,64282,65082,65882,66282,67582,68582,69682,70682,71682,72382,72782,73582,74582,75582,76382,77182,79182,80182,81382,82282,83182,84582,85682,86782,87482,88282,89082,89882,91082,91882,93182,94482,95382,95882,97882,98882,100282,100982,102282,103782
user5228908089637460490,1876,2476,3376,4576,5676,6776,7276,8476,9576,10376,10976,11676,12476,13276,14376,15676,16476,16976,17776,19376,20576,21676,22376,22776,24176,25076,25776,26276,27376,29176,30076,30676,31676,32676,33876,35276,35876,37176,38276,39076,40376,41176,41976,42876,43876,44776,45976,46676,48176,49076,50876,51576,52676,53376,54076,54776,55776,56976,57876,58876,59576,60676,61876,62676,64576,65476,66676,67576,68576,69776,70476,71676,73176,74776,75676,77576,78376,79476,80576,82076,83476,84176,84576,85676,86276,87376,88776,89876,90776,92376,94176,95076,96076,97476,98476,99476,100076,100976,101976,103476
user4862176667600626343,2167,2467,3767,4967,6667,7367,7867,8667,9167,10067,11567,12667,13567,14467,15867,16967,17667,18567,19767,20867,21267,22867,23767,24967,25767,26367,27167,27767,28267,29167,29467,30767,32067,33167,34067,35167,36467,38067,38867,39367,40367,41267,41867,42867,44667,46067,46867,47967,49567,50067,50967,51367,52567,53467,54467,55567,55867,57067,58167,58967,59467,60267,61267,62267,63467,64367,64867,65867,66867,68067,68467,69567,70667,71367,72467,73267,74367,75967,76967,78367,78767,80267,81667,82167,83267,84467,85567,86367,87067,88367,89867,90667,91367,92567,93667,94367,95167,95567,96667,97267
user7943494956236073767,2075,3275,3475,4475,5875,6575,7675,8275,9075,10175,11375,12575,13875,14375,15375,15975,17175,18175,18775,19375,21375,22675,23375,24375,25175,26675,27575,28675,29375,30575,31675,32475,33575,34475,35375,36675,37775,38275,39475,40575,41375,42375,43175,44375,45075,46375,47175,48675,49875,51075,52175,52675,53575,54375,55575,56475,57775,58575,60275,61075,61475,62375,63575,64575,65475,65775,66875,67375,68275,69375,70575,71975,72575,73475,74375,75475,76975,77775,78375,79875,80775,81775,83175,84575,85575,87075,88175,89575,90375,91375,92175,93075,94175,95875,96675,97175,98075,99275,100275,101575
user4515651539959442381,1977,2877,3977,4977,5977,7177,8077,8877,10077,10977,11677,13177,13777,14877,16277,17377,18577,19677,20977,22377,23677,24177,25377,26277,27177,27977,29577,30977,32277,33177,34177,35477,36477,37477,39077,39977,40877,41977,42777,43277,44377,45377,47077,47877,48577,50077,51377,52477,53477,54777,56077,56477,57177,58377,59577,60377,61277,62177,62877,63477,64277,65677,66577,67177,68477,68977,69977,70777,71377,72177,72877,74077,75377,75777,76777,77877,78777,79277,80277,81677,82277,83677,84377,85377,86377,87477,87877,88777,89277,90377,91777,92577,93577,94377,94677,96077,97377,98277,99777,101377
user7923848622352564030,1972,3372,4072,5372,6672,7772,8972,9872,10672,11772,13072,13772,14872,15372,16172,17572,18472,19672,19972,20872,21872,22572,23572,24272,25872,26772,27372,28372,29172,30072,31372,32472,33272,34572,35372,36272,37172,38272,39072,40472,41472,42572,44172,45472,46172,46572,48472,49472,50572,51472,52372,53572,55072,56372,57072,57972,59172,59872,60772,62172,63372,64272,64872,66172,67072,68072,68972,69672,70972,72372,73172,74572,76172,77372,77772,78972,79772,80772,81472,82272,83272,84072,85372,85972,86672,87872,88772,89972,91172,92972,93772,94772,95672,96572,97672,98772,100172,101072,102072,102572
user6636553130839969302,2674,3674,5274,6174,7274,7974,9074,10174,10974,11574,12574,13274,13974,14674,15674,16474,18274,18674,20074,20574,21174,22874,24474,25674,26874,28674,30274,31274,32274,34174,35774,36974,37974,38674,39774,40674,41874,42674,43474,44574,45574,46674,48074,48974,50074,51074,51874,52474,53274,54274,55474,56474,57874,58474,59574,60474,61674,62974,63874,64874,65474,66074,66574,67474,68574,69274,70374,70874,71374,72774,73774,74874,76074,76874,78074,78774,79374,80574,82174,83174,83974,85074,86174,87474,87974,89174,90274,91874,92674,94274,95074,95474,96674,97274,98174,99074,100274,101274,102374,103174
user8738586663566968817,2075,2675,4075,5175,6175,6975,7775,9175,10275,10875,11775,12375,13175,14075,15075,15875,16875,17775,18775,19575,20375,21575,22575,23175,24275,24975,26375,27775,29275,30675,31175,31975,32575,33275,34175,35175,36075,37275,38775,40075,41375,41975,42675,43375,44775,45675,46575,47475,48275,49275,49775,50475,51075,52075,52975,53575,54275,54775,55975,56975,57675,59275,60775,62075,63075,63775,64475,65275,66075,66975,68275,69175,70375,71275,72275,73275,73975,75175,75875,76875,78075,78975,80175,80675,81875,82875,83875,84575,85175,86375,86775,87275,88475,89475,91175,92075,93175,94375,95075,96075
user6987982755718262828,2175,3075,3775,5375,6275,6775,7575,9075,10375,11775,12275,13475,14275,14875,15575,17275,18075,18775,19775,20975,21675,22275,23175,23675,24675,25475,26375,27175,28175,29075,29475,30375,31375,32675,33775,34075,34575,35575,37275,38675,39575,40675,41675,42675,43475,44575,46175,47275,48475,49475,51075,52175,53075,53975,54775,56275,56775,58375,59375,60075,61175,61875,62675,63875,64975,65675,66175,66675,67975,68575,69175,70775,71975,72775,73675,74175,75075,75875,76875,78675,79375,80575,81775,82275,83875,84875,85775,86475,88275,88675,89575,90475,91575,92275,93575,94875,96175,96675,97875,98675
user1945965054171362489,1472,2872,3772,5072,5772,6572,7472,8472,9372,10172,11272,12772,13672,14772,15172,16572,17772,18272,19072,20072,20872,21872,22972,23972,25072,26172,27272,28072,29372,30272,31072,31572,32372,33372,34372,35172,36172,36872,37772,38572,39272,40572,41272,41972,43072,44272,44772,46272,47072,48872,49772,50472,51272,51672,52472,53172,53772,54872,55472,56172,56972,57772,58572,59772,60872,61672,63572,64872,66172,67772,68472,69372,70172,71072,71672,72272,73172,73872,74372,75172,76172,77672,79172,80572,82472,83572,84572,85372,86072,87372,88672,89872,90372,91272,91772,92672,93672,94772,96072,97472
user8994122584734582359,1680,2680,3580,4380,5480,6680,7180,8080,9080,10280,11180,12280,13380,14180,15180,15880,17580,18580,19680,20980,22080,23180,24280,25080,26180,27380,28480,29580,30180,31180,31880,32880,34180,34780,35280,36080,37280,38380,39380,40180,41380,42180,43280,44280,46080,47280,48480,49480,50280,51180,51780,52680,53380,55380,56580,58080,58980,60480,61380,62280,62580,63580,64680,66080,66780,67380,68380,69680,70480,71980,72580,73180,74180,75680,76880,77680,79480,80080,80780,81280,81980,82680,83780,84580,85180,86280,87080,88180,89380,90780,91480,92080,93080,93580,94180,95180,95980,96780,97980,98880
user1941278872152094808,1979,3479,4979,5779,7179,8279,9279,11179,11879,12579,13879,14979,15979,16579,17379,17979,18479,19279,20679,21779,22679,23379,24379,25579,26579,28079,29179,30279,31279,32179,33379,34179,34579,35679,36779,38279,38879,39979,40779,42279,43179,43879,44579,45779,46879,47579,48879,49979,50879,51479,52579,53679,54579,55479,57079,58179,59779,60679,61579,61979,63079,64279,65079,65779,67579,68679,69979,70879,71779,72779,73479,74779,75379,76379,77079,78579,79579,81279,82079,82679,83679,85279,86279,87079,88279,88979,89679,90679,91479,92279,93279,94379,95079,95979,96479,97379,97979,98879,99679,100779
user2403344037387468491,2078,2978,3978,5178,6478,8178,8678,9578,10378,11878,12878,14078,15578,16778,17978,19278,19978,21178,21678,22878,23478,24178,25478,26578,27778,29078,30178,31778,32578,33578,34678,35778,36878,38278,38878,39878,40278,41678,42578,43678,45278,46078,47078,48378,49278,50778,51878,52878,54278,54978,55978,56778,57678,58778,59978,61678,62478,63378,64178,65078,65978,67278,68978,70178,71378,72178,72978,73178,74078,75078,75978,77078,78478,79378,80578,81778,82578,83278,84178,84978,86178,87678,88778,89678,90578,91478,92978,94078,94878,95878,96478,97778,99178,100278,101478,102078,102978,104178,104878,106378
user653081774833061067,2080,3180,4380,5980,6480,7380,8580,9580,10480,11580,12680,13780,15080,15580,16280,16780,18080,18980,19980,20880,21680,22580,23580,24580,25380,26180,27480,28080,29580,30880,32080,33780,34780,35780,36680,37380,38280,39080,39980,40480,41380,42380,43580,44380,44980,46380,47280,48480,49180,50180,50680,51380,51980,52780,54080,54580,55880,56980,58480,59180,60180,61080,61680,62480,63680,64480,64580,65480,66180,67380,68780,70480,72080,72880,73680,74780,75180,76280,77080,78180,79780,80880,81780,83380,84380,85780,86680,87280,88480,88880,90380,91380,92280,93380,94480,95280,96280,97280,98180,99280
user8164984352168075964,1875,2975,3475,4275,5775,6075,6875,7775,9075,9875,11975,13375,14075,15175,15975,16775,17875,19075,19775,20775,21275,22075,23175,24375,25175,25775,26475,27575,29075,30375,31175,32975,33575,34675,35675,36775,37675,38775,39375,40275,41375,42375,43675,45075,45975,46675,47175,47875,48775,49975,51575,52575,53775,54575,55275,55875,57375,58675,59975,60975,61575,62375,63875,64375,65475,66775,67975,69675,70375,71575,72775,73575,74175,75375,76075,77375,78475,79675,80475,81275,82175,82975,83775,84675,85975,87275,88675,89775,90875,91975,93075,94675,95875,96575,97775,98775,99375,100675,101475,101875
