Epoch,Phase,Recordcount,Readallfields,Requestdist,Operation,blks_read,blks_hit,tup_returned,tup_fetched,tup_inserted,tup_updated,tup_deleted,deadlocks,temp_files,temp_bytes,checkpoints_timed,checkpoints_req,buffers_checkpoint,buffers_clean,buffers_backend,buffers_alloc,checkpoint_write_time,checkpoint_sync_time,wal_bytes,wal_records,wal_fpi,wal_buffers_full,Readprop,Updateprop,Scanprop,Insertprop,Extendprop,Runtime(ms),Throughput(ops/sec),Operations,AverageLatency(us),MinLatency(us),MaxLatency(us),95thPercentileLatency(us),99thPercentileLatency(us),Return=OK
0,load,1000,true,uniform,INSERT,1,6253,2647,1552,1046,1,0,0,0,0,448,22875,28636386,301884137,3832103565,7305602429,613633316,91418722,12211988341489,14182068062,1886511392,76922395,0.5,0.5,0,0,0,1473,678.8866259334691,1000,1158.904,482,18319,1669,1787,1000
1,extend,1000,true,uniform,EXTEND,2,84718,17790,13309,2265,10001,237,0,0,0,448,22875,28636386,301884151,3832103565,7305603268,613633316,91418722,12211999040642,14182106176,1886511400,76922395,0,0,0,0,1,13514,739.9733609590055,10000,1313.7344,707,15215,1631,1748,10000
1,run,1000,true,uniform,READ,2,1042428,268861,256290,16630,59804,12586,0,0,0,448,22875,28636386,301884473,3832103565,7305604241,613633316,91418722,12212039251985,14182337003,1886511404,76922395,0.5,0.5,0,0,0,63409,1577.0631929221404,50219,125.22097214201796,29,1541,435,530,50219
1,run,1000,true,uniform,UPDATE,2,1042428,268861,256290,16630,59804,12586,0,0,0,448,22875,28636386,301884473,3832103565,7305604241,613633316,91418722,12212039251985,14182337003,1886511404,76922395,0.5,0.5,0,0,0,63409,1577.0631929221404,49781,1136.0526506096703,395,24191,1548,1683,49781
1,reference,1000,true,uniform,READ,2,875251,225825,214195,13869,49910,9865,0,0,0,448,22875,28636386,301884812,3832103565,7305606101,613633316,91418722,12212081018144,14182560699,1886511406,76922395,0.5,0.5,0,0,0,65974,1515.7486282474915,50102,141.07135443694864,27,1322,459,540,50102
1,reference,1000,true,uniform,UPDATE,2,875251,225825,214195,13869,49910,9865,0,0,0,448,22875,28636386,301884812,3832103565,7305606101,613633316,91418722,12212081018144,14182560699,1886511406,76922395,0.5,0.5,0,0,0,65974,1515.7486282474915,49898,1168.8675097198284,385,23711,1574,1705,49898
1,clean-run,1000,true,uniform,READ,8,1031650,269894,261872,18560,50045,14492,0,0,0,448,22876,28640443,301884812,3832107689,7305610229,613633400,91418733,12212131760268,14182806519,1886513636,76922418,0.5,0.5,0,0,0,61690,1621.0082671421624,49956,119.2634518376171,31,1670,428,527,49956
1,clean-run,1000,true,uniform,UPDATE,8,1031650,269894,261872,18560,50045,14492,0,0,0,448,22876,28640443,301884812,3832107689,7305610229,613633400,91418733,12212131760268,14182806519,1886513636,76922418,0.5,0.5,0,0,0,61690,1621.0082671421624,50044,1102.5924786188154,381,23311,1540,1674,50044
1,avg-run,1000,true,uniform,READ,10,1652698,434598,416024,23078,99941,18068,0,0,0,448,22876,28640443,301884812,3832107689,7305611501,613633400,91418733,12212155524164,14182967711,1886513640,76922418,0.5,0.5,0,0,0,61536,1625.065002600104,50130,109.78094953121884,24,2515,424,521,50130
1,avg-run,1000,true,uniform,UPDATE,10,1652698,434598,416024,23078,99941,18068,0,0,0,448,22876,28640443,301884812,3832107689,7305611501,613633400,91418733,12212155524164,14182967711,1886513640,76922418,0.5,0.5,0,0,0,61536,1625.065002600104,49870,1112.2275315821134,385,27359,1530,1655,49870
2,extend,1000,true,uniform,EXTEND,230,1193913,325532,285684,22186,69815,16498,0,0,0,448,22876,28640443,301884812,3832107689,7305611516,613633400,91418733,12212168873801,14183019273,1886514679,76922418,0,0,0,0,1,12680,788.6435331230284,10000,1231.117,808,20879,1629,1753,10000
2,run,1000,true,uniform,READ,230,2857696,766657,711628,51966,119668,44787,0,0,0,448,22876,28640443,301884812,3832107689,7305613848,613633400,91418733,12212230791424,14183307141,1886514765,76922418,0.5,0.5,0,0,0,62875,1590.4572564612326,50169,121.7847076880145,36,2539,424,533,50169
2,run,1000,true,uniform,UPDATE,230,2857696,766657,711628,51966,119668,44787,0,0,0,448,22876,28640443,301884812,3832107689,7305613848,613633400,91418733,12212230791424,14183307141,1886514765,76922418,0.5,0.5,0,0,0,62875,1590.4572564612326,49831,1127.9233609600449,405,27359,1529,1682,49831
2,reference,1000,true,uniform,READ,10,2457698,642340,614686,43439,100101,36279,0,0,0,448,22876,28640443,301884812,3832107689,7305615175,613633400,91418733,12212290817526,14183598206,1886514866,76922418,0.5,0.5,0,0,0,64879,1541.3307849997689,49831,135.95542935120707,36,1571,448,541,49831
2,reference,1000,true,uniform,UPDATE,10,2457698,642340,614686,43439,100101,36279,0,0,0,448,22876,28640443,301884812,3832107689,7305615175,613633400,91418733,12212290817526,14183598206,1886514866,76922418,0.5,0.5,0,0,0,64879,1541.3307849997689,50169,1147.0991249576432,388,26095,1558,1698,50169
2,clean-run,1000,true,uniform,READ,8,1752173,454255,434340,36801,49850,29616,0,0,0,448,22877,28647889,301885379,3832115030,7305622545,613633471,91418739,12212371909891,14183907683,1886519151,76922442,0.5,0.5,0,0,0,64538,1549.4747280671852,50151,146.3303423660545,39,19407,459,546,50151
2,clean-run,1000,true,uniform,UPDATE,8,1752173,454255,434340,36801,49850,29616,0,0,0,448,22877,28647889,301885379,3832115030,7305622545,613633471,91418739,12212371909891,14183907683,1886519151,76922442,0.5,0.5,0,0,0,64538,1549.4747280671852,49849,1136.040662801661,386,14871,1574,1709,49849
2,avg-run,1000,true,uniform,READ,11,2521308,661593,631216,44049,99619,35977,0,0,0,448,22877,28647889,301885487,3832122549,7305623954,613633471,91418739,12212397407189,14184078819,1886519155,76922442,0.5,0.5,0,0,0,62770,1593.1177314003505,50246,121.85857580702941,25,24207,433,529,50246
2,avg-run,1000,true,uniform,UPDATE,11,2521308,661593,631216,44049,99619,35977,0,0,0,448,22877,28647889,301885487,3832122549,7305623954,613633471,91418739,12212397407189,14184078819,1886519155,76922442,0.5,0.5,0,0,0,62770,1593.1177314003505,49754,1127.1582385335853,371,14991,1536,1668,49754
3,extend,1000,true,uniform,EXTEND,230,3067290,834754,751131,58960,129679,51152,0,0,0,448,22877,28647889,301885487,3832122549,7305623954,613633471,91418739,12212414566271,14184135480,1886520902,76922442,0,0,0,0,1,13811,724.0605314604301,10000,1341.5737,773,17599,1684,1793,10000
3,run,1000,true,uniform,READ,230,5065173,1359106,1255170,94741,179902,86404,0,0,0,448,22877,28647889,301885487,3832122549,7305627051,613633471,91418739,12212497606806,14184459230,1886521096,76922442,0.5,0.5,0,0,0,69679,1435.152628482039,49799,175.706158758208,43,20527,487,576,49799
3,run,1000,true,uniform,UPDATE,230,5065173,1359106,1255170,94741,179902,86404,0,0,0,448,22877,28647889,301885487,3832122549,7305627051,613633471,91418739,12212497606806,14184459230,1886521096,76922442,0.5,0.5,0,0,0,69679,1435.152628482039,50201,1201.572657915181,389,12103,1605,1737,50201
3,reference,1000,true,uniform,READ,10,4396832,1153271,1105270,79069,150219,70729,0,0,0,448,22877,28647889,301885519,3832122549,7305630037,613633471,91418739,12212576349253,14184778699,1886521145,76922442,0.5,0.5,0,0,0,69212,1444.8361555799572,49904,169.98966014748316,42,2005,479,570,49904
3,reference,1000,true,uniform,UPDATE,10,4396832,1153271,1105270,79069,150219,70729,0,0,0,448,22877,28647889,301885519,3832122549,7305630037,613633471,91418739,12212576349253,14184778699,1886521145,76922442,0.5,0.5,0,0,0,69212,1444.8361555799572,50096,1200.399293356755,370,25279,1595,1736,50096
3,clean-run,1000,true,uniform,READ,119,2030061,524791,500977,43488,50085,35148,0,0,0,448,22878,28661449,301886119,3832136586,7305640746,613633601,91418746,12212679100078,14185124581,1886525095,76922560,0.5,0.5,0,0,0,65051,1537.2553842369832,49927,149.35972519879024,44,3923,462,556,49927
3,clean-run,1000,true,uniform,UPDATE,119,2030061,524791,500977,43488,50085,35148,0,0,0,448,22878,28661449,301886119,3832136586,7305640746,613633601,91418746,12212679100078,14185124581,1886525095,76922560,0.5,0.5,0,0,0,65051,1537.2553842369832,50073,1138.6539052982646,382,27807,1574,1713,50073
3,avg-run,1000,true,uniform,READ,219,2859149,749098,716239,52054,100082,42888,0,0,0,448,22878,28661449,301886253,3832136586,7305642397,613633601,91418746,12212706102410,14185300980,1886525099,76922560,0.5,0.5,0,0,0,63871,1565.6557749213257,50018,130.7994322044064,24,1917,448,537,50018
3,avg-run,1000,true,uniform,UPDATE,219,2859149,749098,716239,52054,100082,42888,0,0,0,448,22878,28661449,301886253,3832136586,7305642397,613633601,91418746,12212706102410,14185300980,1886525099,76922560,0.5,0.5,0,0,0,63871,1565.6557749213257,49982,1135.4056860469768,376,19471,1543,1672,49982
4,extend,1000,true,uniform,EXTEND,2489,5294892,1431938,1299953,102454,189913,93789,0,0,0,448,22878,28661449,301886308,3832136586,7305644652,613633601,91418746,12212726774583,14185360443,1886527247,76922560,0,0,0,0,1,14197,704.3741635556808,10000,1380.2238,876,9615,1702,1827,10000
4,run,1000,true,uniform,READ,5040,7376983,1997433,1859212,143016,239922,133634,0,0,0,448,22878,28661449,301886308,3832136586,7305647942,613633601,91418746,12212792940496,14185682076,1886527635,76922560,0.5,0.5,0,0,0,67596,1479.3774779572757,50013,163.26053226161198,50,1975,479,577,50013
4,run,1000,true,uniform,UPDATE,5040,7376983,1997433,1859212,143016,239922,133634,0,0,0,448,22878,28661449,301886308,3832136586,7305647942,613633601,91418746,12212792940496,14185682076,1886527635,76922560,0.5,0.5,0,0,0,67596,1479.3774779572757,49987,1177.5738291955909,451,21695,1576,1720,49987
4,reference,1000,true,uniform,READ,6122,6439360,1706751,1649616,119691,200461,110332,0,0,0,448,22878,28661449,301886714,3832136586,7305649916,613633601,91418746,12212861020343,14186008254,1886528090,76922560,0.5,0.5,0,0,0,69670,1435.3380221042055,49780,177.3383889112093,49,24911,486,580,49780
4,reference,1000,true,uniform,UPDATE,6122,6439360,1706751,1649616,119691,200461,110332,0,0,0,448,22878,28661449,301886714,3832136586,7305649916,613633601,91418746,12212861020343,14186008254,1886528090,76922560,0.5,0.5,0,0,0,69670,1435.3380221042055,50220,1199.2824970131421,388,5339,1596,1727,50220
4,clean-run,1000,true,uniform,READ,48,2056467,554914,549276,48955,49862,39569,0,0,0,448,22879,28671858,301887323,3832142169,7305658803,613633696,91418753,12212944734921,14186359963,1886533949,76923086,0.5,0.5,0,0,0,64440,1551.8311607697083,50146,148.376580385275,48,19999,458,559,50146
4,clean-run,1000,true,uniform,UPDATE,48,2056467,554914,549276,48955,49862,39569,0,0,0,448,22879,28671858,301887323,3832142169,7305658803,613633696,91418753,12212944734921,14186359963,1886533949,76923086,0.5,0.5,0,0,0,64440,1551.8311607697083,49854,1131.6107032535003,379,12447,1560,1704,49854
4,avg-run,1000,true,uniform,READ,133,2912962,791205,775541,58254,99893,48111,0,0,0,448,22879,28671858,301887429,3832142169,7305660550,613633696,91418753,12212973295930,14186541286,1886533953,76923086,0.5,0.5,0,0,0,63271,1580.50291602788,49984,124.2796895006402,24,1447,439,528,49984
4,avg-run,1000,true,uniform,UPDATE,133,2912962,791205,775541,58254,99893,48111,0,0,0,448,22879,28671858,301887429,3832142169,7305660550,613633696,91418753,12212973295930,14186541286,1886533953,76923086,0.5,0.5,0,0,0,63271,1580.50291602788,50016,1129.491162827895,365,22031,1534,1654,50016
5,extend,1000,true,uniform,EXTEND,6804,7624280,2074581,1907896,151375,249933,141951,0,0,0,448,22879,28671858,301887429,3832142169,7305660555,613633696,91418753,12212996272142,14186601979,1886536550,76923086,0,0,0,0,1,13728,728.4382284382284,10000,1335.2025,857,17423,1697,1800,10000
5,run,1000,true,uniform,READ,9767,9822162,2659313,2477111,192180,299898,182694,0,0,0,448,22879,28671858,301887429,3832142169,7305663692,613633696,91418753,12213091683556,14186943573,1886537086,76923086,0.5,0.5,0,0,0,67370,1484.34021077631,50057,162.7058553249296,59,20991,472,569,50057
5,run,1000,true,uniform,UPDATE,9767,9822162,2659313,2477111,192180,299898,182694,0,0,0,448,22879,28671858,301887429,3832142169,7305663692,613633696,91418753,12213091683556,14186943573,1886537086,76923086,0.5,0.5,0,0,0,67370,1484.34021077631,49943,1174.4420239072542,571,5119,1570,1719,49943
5,reference,1000,true,uniform,READ,11286,8602441,2283078,2208701,160570,250695,151084,0,0,0,448,22879,28671858,301887429,3832142169,7305665129,613633696,91418753,12213184771785,14187288641,1886537205,76923086,0.5,0.5,0,0,0,68088,1468.687580777817,49788,162.81792801478267,54,9799,470,571,49788
5,reference,1000,true,uniform,UPDATE,11286,8602441,2283078,2208701,160570,250695,151084,0,0,0,448,22879,28671858,301887429,3832142169,7305665129,613633696,91418753,12213184771785,14187288641,1886537205,76923086,0.5,0.5,0,0,0,68088,1468.687580777817,50212,1182.784633155421,633,23759,1576,1731,50212
5,clean-run,1000,true,uniform,READ,48,2197357,575214,559914,49818,49916,40330,0,0,0,448,22880,28684324,301888239,3832156917,7305676020,613633834,91418759,12213303891305,14187666464,1886543660,76923741,0.5,0.5,0,0,0,67306,1485.7516417555642,50096,173.661370169275,54,20175,481,569,50096
5,clean-run,1000,true,uniform,UPDATE,48,2197357,575214,559914,49818,49916,40330,0,0,0,448,22880,28684324,301888239,3832156917,7305676020,613633834,91418759,12213303891305,14187666464,1886543660,76923741,0.5,0.5,0,0,0,67306,1485.7516417555642,49904,1162.593739980763,393,8431,1593,1745,49904
5,avg-run,1000,true,uniform,READ,157,3079310,816828,792889,59474,100146,49304,0,0,0,448,22880,28684324,301890271,3832156917,7305678006,613633834,91418759,12213333770989,14187848520,1886543664,76923741,0.5,0.5,0,0,0,62552,1598.6699066376775,49785,121.767821633022,24,3905,434,530,49785
5,avg-run,1000,true,uniform,UPDATE,157,3079310,816828,792889,59474,100146,49304,0,0,0,448,22880,28684324,301890271,3832156917,7305678006,613633834,91418759,12213333770989,14187848520,1886543664,76923741,0.5,0.5,0,0,0,62552,1598.6699066376775,50215,1114.1405356965051,361,30895,1528,1655,50215
6,extend,1000,true,uniform,EXTEND,14384,10104338,2745187,2535182,201399,309920,191658,0,0,0,448,22880,28684324,301890460,3832156917,7305681244,613633834,91418759,12213361110000,14187921162,1886546976,76923741,0,0,0,0,1,14421,693.4331877123639,10000,1403.0957,810,18303,1726,1875,10000
6,run,1000,true,uniform,READ,15839,12391115,3361745,3142701,246404,360041,236010,0,0,0,448,22880,28684324,301891009,3832162810,7305685103,613633834,91418759,12213446881263,14188264353,1886547304,76923741,0.5,0.5,0,0,0,68278,1464.6006034154486,49901,172.2436424119757,59,4431,482,582,49901
6,run,1000,true,uniform,UPDATE,15839,12391115,3361745,3142701,246404,360041,236010,0,0,0,448,22880,28684324,301891009,3832162810,7305685103,613633834,91418759,12213446881263,14188264353,1886547304,76923741,0.5,0.5,0,0,0,68278,1464.6006034154486,50099,1179.8810155891335,394,21807,1578,1726,50099
6,reference,1000,true,uniform,READ,16773,10852623,2890372,2804908,205297,300641,194908,0,0,0,448,22880,28684324,301894118,3832162810,7305689562,613633834,91418759,12213532003171,14188611964,1886547349,76923741,0.5,0.5,0,0,0,68674,1456.1551678946907,50076,176.13984743190352,60,28879,486,589,50076
6,reference,1000,true,uniform,UPDATE,16773,10852623,2890372,2804908,205297,300641,194908,0,0,0,448,22880,28684324,301894118,3832162810,7305689562,613633834,91418759,12213532003171,14188611964,1886547349,76923741,0.5,0.5,0,0,0,68674,1456.1551678946907,49924,1187.0157839916674,406,9031,1579,1728,49924
6,clean-run,1000,true,uniform,READ,100,2275343,606261,596436,54372,49920,43994,0,0,0,448,22881,28699611,301895911,3832173108,7305700951,613633990,91418763,12213642379774,14188969801,1886552809,76924626,0.5,0.5,0,0,0,65714,1521.745746720638,50081,170.87188754218167,62,4207,472,576,50081
6,clean-run,1000,true,uniform,UPDATE,100,2275343,606261,596436,54372,49920,43994,0,0,0,448,22881,28699611,301895911,3832173108,7305700951,613633990,91418763,12213642379774,14188969801,1886552809,76924626,0.5,0.5,0,0,0,65714,1521.745746720638,49919,1133.2947975720667,393,29135,1568,1734,49919
6,avg-run,1000,true,uniform,READ,212,3192977,861984,842811,65031,99813,54028,0,0,0,448,22881,28699611,301897251,3832173108,7305703255,613633990,91418763,12213673761656,14189155516,1886552813,76924626,0.5,0.5,0,0,0,63014,1586.9489319833688,50133,128.44040851335447,24,18015,440,532,50133
6,avg-run,1000,true,uniform,UPDATE,212,3192977,861984,842811,65031,99813,54028,0,0,0,448,22881,28699611,301897251,3832173108,7305703255,613633990,91418763,12213673761656,14189155516,1886552813,76924626,0.5,0.5,0,0,0,63014,1586.9489319833688,49867,1123.075841739026,387,9495,1536,1660,49867
7,extend,1000,true,uniform,EXTEND,20975,12648072,3441214,3195508,256006,370052,245466,0,0,0,448,22881,28699611,301897251,3832173108,7305706465,613633990,91418763,12213700409102,14189217447,1886556235,76924626,0,0,0,0,1,14028,712.85999429712,10000,1365.7651,597,16895,1721,1862,10000
7,run,1000,true,uniform,READ,27609,14932720,4061457,3810711,301870,419984,291311,0,0,0,448,22881,28699611,301897486,3832173108,7305711717,613633990,91418763,12213789648337,14189554926,1886557003,76924626,0.5,0.5,0,0,0,69779,1433.0959171097322,50090,190.72775004991016,67,3941,495,594,50090
7,run,1000,true,uniform,UPDATE,27609,14932720,4061457,3810711,301870,419984,291311,0,0,0,448,22881,28699611,301897486,3832173108,7305711717,613633990,91418763,12213789648337,14189554926,1886557003,76924626,0.5,0.5,0,0,0,69779,1433.0959171097322,49910,1195.175616108996,502,27887,1586,1741,49910
7,reference,1000,true,uniform,READ,27444,13159353,3513131,3420376,251226,350491,241121,0,0,0,448,22881,28699611,301904838,3832179782,7305718367,613633990,91418763,12213879937944,14189926000,1886557911,76924626,0.5,0.5,0,0,0,71142,1405.639425374603,50183,200.19122013430842,67,3977,509,604,50183
7,reference,1000,true,uniform,UPDATE,27444,13159353,3513131,3420376,251226,350491,241121,0,0,0,448,22881,28699611,301904838,3832179782,7305718367,613633990,91418763,12213879937944,14189926000,1886557911,76924626,0.5,0.5,0,0,0,71142,1405.639425374603,49817,1214.5995342955216,402,26223,1606,1743,49817
7,clean-run,1000,true,uniform,READ,178,2253773,602033,597192,55038,49908,44965,0,0,0,448,22882,28712241,301905220,3832187707,7305731377,613634152,91418770,12213982223302,14190273003,1886559159,76925721,0.5,0.5,0,0,0,63666,1570.6970753620458,50093,163.17327770347154,64,24287,457,565,50093
7,clean-run,1000,true,uniform,UPDATE,178,2253773,602033,597192,55038,49908,44965,0,0,0,448,22882,28712241,301905220,3832187707,7305731377,613634152,91418770,12213982223302,14190273003,1886559159,76925721,0.5,0.5,0,0,0,63666,1570.6970753620458,49907,1100.5046386278477,401,10199,1536,1706,49907
7,avg-run,1000,true,uniform,READ,292,3164369,849777,836444,65367,99923,54198,0,0,0,448,22882,28712241,301905221,3832187707,7305733780,613634152,91418770,12214014692483,14190460284,1886559163,76925721,0.5,0.5,0,0,0,62407,1602.3843479096897,50011,123.81402091539861,24,18527,432,531,50011
7,avg-run,1000,true,uniform,UPDATE,292,3164369,849777,836444,65367,99923,54198,0,0,0,448,22882,28712241,301905221,3832187707,7305733780,613634152,91418770,12214014692483,14190460284,1886559163,76925721,0.5,0.5,0,0,0,62407,1602.3843479096897,49989,1113.1236271979835,360,9663,1527,1658,49989
8,extend,1000,true,uniform,EXTEND,34795,15173089,4133499,3854497,310885,429995,300805,0,0,0,448,22882,28712241,301905221,3832187707,7305738502,613634152,91418770,12214045171468,14190522868,1886562737,76925721,0,0,0,0,1,14015,713.5212272565109,10000,1363.7273,790,16119,1712,1845,10000
8,run,1000,true,uniform,READ,41807,17471602,4747626,4460426,355645,479986,345593,0,0,0,448,22882,28712241,301905304,3832187707,7305742727,613634152,91418770,12214145287277,14190880994,1886563574,76925721,0.5,0.5,0,0,0,61290,1631.587534671235,50031,147.66534748455956,75,24191,350,430,50031
8,run,1000,true,uniform,UPDATE,41807,17471602,4747626,4460426,355645,479986,345593,0,0,0,448,22882,28712241,301905304,3832187707,7305742727,613634152,91418770,12214145287277,14190880994,1886563574,76925721,0.5,0.5,0,0,0,61290,1631.587534671235,49969,1067.654565830815,475,4851,1255,1388,49969
8,reference,1000,true,uniform,READ,37019,15401752,4118120,4015814,296407,400769,286359,0,0,0,448,22882,28712241,301911869,3832192524,7305749619,613634152,91418770,12214255771164,14191247711,1886567822,76925721,0.5,0.5,0,0,0,62087,1610.6431298017299,49744,149.33770907044067,74,2347,353,425,49744
8,reference,1000,true,uniform,UPDATE,37019,15401752,4118120,4015814,296407,400769,286359,0,0,0,448,22882,28712241,301911869,3832192524,7305749619,613634152,91418770,12214255771164,14191247711,1886567822,76925721,0.5,0.5,0,0,0,62087,1610.6431298017299,50256,1076.8816857688635,440,25903,1268,1412,50256
8,clean-run,1000,true,uniform,READ,57,2275574,605352,596513,55026,49992,44977,0,0,0,448,22883,28725642,301914361,3832200313,7305762713,613634336,91418779,12214385110039,14191626940,1886574951,76926997,0.5,0.5,0,0,0,59504,1680.559290131756,50009,149.091203583355,79,2459,350,419,50009
8,clean-run,1000,true,uniform,UPDATE,57,2275574,605352,596513,55026,49992,44977,0,0,0,448,22883,28725642,301914361,3832200313,7305762713,613634336,91418779,12214385110039,14191626940,1886574951,76926997,0.5,0.5,0,0,0,59504,1680.559290131756,49991,1030.3520633714068,412,23967,1258,1393,49991
8,avg-run,1000,true,uniform,READ,169,3187025,854669,838670,65467,100125,54286,0,0,0,448,22883,28725642,301918862,3832204444,7305764881,613634336,91418779,12214417987209,14191813854,1886574955,76926997,0.5,0.5,0,0,0,63226,1581.6278113434346,49882,134.88707349344452,24,21935,442,530,49882
8,avg-run,1000,true,uniform,UPDATE,169,3187025,854669,838670,65467,100125,54286,0,0,0,448,22883,28725642,301918862,3832204444,7305764881,613634336,91418779,12214417987209,14191813854,1886574955,76926997,0.5,0.5,0,0,0,63226,1581.6278113434346,50118,1116.0072429067402,375,13455,1526,1647,50118
9,extend,1000,true,uniform,EXTEND,51109,17695558,4816663,4502956,364556,489997,354504,0,0,0,448,22883,28725642,301918862,3832204444,7305769363,613634336,91418779,12214451049724,14191883662,1886578718,76926997,0,0,0,0,1,14118,708.3156254426973,10000,1373.9034,776,15823,1717,1864,10000
9,run,1000,true,uniform,READ,56458,19954177,5428013,5110551,409307,539768,399259,0,0,0,448,22883,28725642,301918889,3832204444,7305774920,613634336,91418779,12214546014211,14192226246,1886579387,76926997,0.5,0.5,0,0,0,62752,1593.574706782254,50251,161.0310242582237,83,24111,360,433,50251
9,run,1000,true,uniform,UPDATE,56458,19954177,5428013,5110551,409307,539768,399259,0,0,0,448,22883,28725642,301918889,3832204444,7305774920,613634336,91418779,12214546014211,14192226246,1886579387,76926997,0.5,0.5,0,0,0,62752,1593.574706782254,49749,1087.600775894993,575,5495,1271,1406,49749
9,reference,1000,true,uniform,READ,49219,17629928,4720640,4613279,341406,450820,331359,0,0,0,448,22883,28725642,301925313,3832208461,7305785933,613634336,91418779,12214642254430,14192586966,1886579696,76926997,0.5,0.5,0,0,0,61800,1618.1229773462783,49971,157.10672189870124,84,24703,358,433,49971
9,reference,1000,true,uniform,UPDATE,49219,17629928,4720640,4613279,341406,450820,331359,0,0,0,448,22883,28725642,301925313,3832208461,7305785933,613634336,91418779,12214642254430,14192586966,1886579696,76926997,0.5,0.5,0,0,0,61800,1618.1229773462783,50029,1067.3423614303704,416,11887,1270,1418,50029
9,clean-run,1000,true,uniform,READ,113,2239404,598677,595712,55111,50084,45060,0,0,0,448,22884,28741509,301930034,3832217574,7305801857,613634553,91418788,12214767971428,14192976299,1886589410,76928408,0.5,0.5,0,0,0,59892,1669.6720764041943,49917,151.22106697117215,84,26335,350,420,49917
9,clean-run,1000,true,uniform,UPDATE,113,2239404,598677,595712,55111,50084,45060,0,0,0,448,22884,28741509,301930034,3832217574,7305801857,613634553,91418788,12214767971428,14192976299,1886589410,76928408,0.5,0.5,0,0,0,59892,1669.6720764041943,50083,1034.029950282531,400,11551,1258,1408,50083
9,avg-run,1000,true,uniform,READ,229,3152981,849747,838906,65616,99872,54486,0,0,0,448,22884,28741509,301934753,3832221925,7305804564,613634553,91418788,12214801880752,14193158454,1886589413,76928408,0.5,0.5,0,0,0,59366,1684.4658558771014,50227,106.75439504648894,24,4049,406,510,50227
9,avg-run,1000,true,uniform,UPDATE,229,3152981,849747,838906,65616,99872,54486,0,0,0,448,22884,28741509,301934753,3832221925,7305804564,613634553,91418788,12214801880752,14193158454,1886589413,76928408,0.5,0.5,0,0,0,59366,1684.4658558771014,49773,1074.851706748639,366,27055,1487,1624,49773
10,extend,1000,true,uniform,EXTEND,71237,20219231,5499408,5153577,418317,549790,408263,0,0,0,448,22884,28741509,301934798,3832221925,7305810245,613634553,91418788,12214839398737,14193243207,1886593330,76928408,0,0,0,0,1,14271,700.7217433956976,10000,1389.0284,746,17407,1721,1838,10000
10,run,1000,true,uniform,READ,80777,22637478,6127058,5760626,463268,599682,453215,0,0,0,448,22884,28741509,301937681,3832225501,7305819651,613634553,91418788,12214968829614,14193621743,1886594119,76928408,0.5,0.5,0,0,0,62034,1612.019215269046,50130,155.85158587672052,88,21183,352,432,50130
10,run,1000,true,uniform,UPDATE,80777,22637478,6127058,5760626,463268,599682,453215,0,0,0,448,22884,28741509,301937681,3832225501,7305819651,613634553,91418788,12214968829614,14193621743,1886594119,76928408,0.5,0.5,0,0,0,62034,1612.019215269046,49870,1076.5179266091839,410,9695,1270,1397,49870
10,reference,1000,true,uniform,READ,61615,19967136,5339716,5211823,386231,500722,376179,0,0,0,448,22884,28741509,301950033,3832243488,7305835925,613634553,91418788,12215093606209,14193966212,1886594647,76928408,0.5,0.5,0,0,0,62532,1599.1812192157615,50120,163.95093774940145,86,2711,362,441,50120
10,reference,1000,true,uniform,UPDATE,61615,19967136,5339716,5211823,386231,500722,376179,0,0,0,448,22884,28741509,301950033,3832243488,7305835925,613634553,91418788,12215093606209,14193966212,1886594647,76928408,0.5,0.5,0,0,0,62532,1599.1812192157615,49880,1077.8717321571771,412,27551,1273,1447,49880
10,clean-run,1000,true,uniform,READ,129,2390794,618227,595733,54982,50079,44928,0,0,0,448,22885,28757252,301956821,3832261817,7305857124,613634767,91418846,12215255336869,14194376402,1886606289,76928408,0.5,0.5,0,0,0,59418,1682.991686021071,49922,149.29498016906373,86,22399,340,423,49922
10,clean-run,1000,true,uniform,UPDATE,129,2390794,618227,595733,54982,50079,44928,0,0,0,448,22885,28757252,301956821,3832261817,7305857124,613634767,91418846,12215255336869,14194376402,1886606289,76928408,0.5,0.5,0,0,0,59418,1682.991686021071,50078,1027.3417668437237,419,15135,1257,1407,50078
10,avg-run,1000,true,uniform,READ,217,3313523,868906,839582,65644,100175,54457,0,0,0,448,22885,28757252,301956821,3832261817,7305859657,613634767,91418846,12215289858141,14194562941,1886606293,76928408,0.5,0.5,0,0,0,62015,1612.513101668951,49919,124.30319116969491,24,23519,425,526,49919
10,avg-run,1000,true,uniform,UPDATE,217,3313523,868906,839582,65644,100175,54457,0,0,0,448,22885,28757252,301956821,3832261817,7305859657,613634767,91418846,12215289858141,14194562941,1886606293,76928408,0.5,0.5,0,0,0,62015,1612.513101668951,50081,1103.6412012539686,382,11103,1515,1651,50081
11,extend,1000,true,uniform,EXTEND,109205,22872487,6198614,5803371,472324,609693,462232,0,0,0,448,22885,28757252,301956821,3832261817,7305864748,613634767,91418846,12215330296023,14194634625,1886610457,76928408,0,0,0,0,1,13706,729.607471180505,10000,1333.2507,794,16543,1718,1860,10000
11,run,1000,true,uniform,READ,127960,25278290,6823138,6410381,517238,659622,507189,0,0,0,448,22885,28757252,301956821,3832261817,7305870199,613634767,91418846,12215468956822,14195003518,1886611500,76928408,0.5,0.5,0,0,0,63808,1567.2016048144433,50093,171.24091190385883,92,16023,365,442,50093
11,run,1000,true,uniform,UPDATE,127960,25278290,6823138,6410381,517238,659622,507189,0,0,0,448,22885,28757252,301956821,3832261817,7305870199,613634767,91418846,12215468956822,14195003518,1886611500,76928408,0.5,0.5,0,0,0,63808,1567.2016048144433,49907,1095.5723245236138,449,25103,1287,1425,49907
11,reference,1000,true,uniform,READ,84332,22367263,5957609,5808515,431283,550753,421229,0,0,0,448,22885,28757252,301968821,3832278960,7305885661,613634767,91418846,12215610715383,14195390237,1886612506,76928408,0.5,0.5,0,0,0,61523,1625.4083838564438,49991,162.58618551339242,85,24751,355,437,49991
11,reference,1000,true,uniform,UPDATE,84332,22367263,5957609,5808515,431283,550753,421229,0,0,0,448,22885,28757252,301968821,3832278960,7305885661,613634767,91418846,12215610715383,14195390237,1886612506,76928408,0.5,0.5,0,0,0,61523,1625.4083838564438,50009,1056.9857625627387,406,9655,1271,1457,50009
11,clean-run,1000,true,uniform,READ,252,2364691,614905,597372,55040,49893,44988,0,0,0,448,22886,28770025,301970036,3832311820,7305913134,613634934,91418854,12215785730451,14195773808,1886623007,76929659,0.5,0.5,0,0,0,61019,1638.8338058637473,50108,162.40237087890156,92,2955,353,433,50108
11,clean-run,1000,true,uniform,UPDATE,252,2364691,614905,597372,55040,49893,44988,0,0,0,448,22886,28770025,301970036,3832311820,7305913134,613634934,91418854,12215785730451,14195773808,1886623007,76929659,0.5,0.5,0,0,0,61019,1638.8338058637473,49892,1049.4580694299686,414,23951,1279,1496,49892
11,avg-run,1000,true,uniform,READ,469,3299277,869958,843928,65887,99974,54723,0,0,0,448,22886,28770025,301970249,3832311820,7305916465,613634934,91418854,12215821233302,14195964682,1886623011,76929659,0.5,0.5,0,0,0,59369,1684.3807374218868,49945,115.94768245069577,24,15031,410,515,49945
11,avg-run,1000,true,uniform,UPDATE,469,3299277,869958,843928,65887,99974,54723,0,0,0,448,22886,28770025,301970249,3832311820,7305916465,613634934,91418854,12215821233302,14195964682,1886623011,76929659,0.5,0.5,0,0,0,59369,1684.3807374218868,50055,1059.3952052741984,363,17535,1493,1638,50055
12,extend,1000,true,uniform,EXTEND,158893,25506454,6893593,6453410,526972,669633,516350,0,0,0,448,22886,28770025,301970258,3832311820,7305923419,613634934,91418854,12215861681220,14196030636,1886627815,76929659,0,0,0,0,1,14163,706.0650992021465,10000,1378.1108,835,17023,1724,1842,10000
12,run,1000,true,uniform,READ,167180,27792097,7510620,7066540,571798,719560,561737,0,0,0,448,22886,28770025,301970258,3832318583,7305930063,613634934,91418854,12215984474469,14196399366,1886628880,76929659,0.5,0.5,0,0,0,63141,1583.756988327711,50095,167.8540772532189,95,27087,361,443,50095
12,run,1000,true,uniform,UPDATE,167180,27792097,7510620,7066540,571798,719560,561737,0,0,0,448,22886,28770025,301970258,3832318583,7305930063,613634934,91418854,12215984474469,14196399366,1886628880,76929659,0.5,0.5,0,0,0,63141,1583.756988327711,49905,1085.864422402565,470,7955,1275,1409,49905
12,reference,1000,true,uniform,READ,125951,24617715,6564263,6408594,475948,600490,465892,0,0,0,448,22886,28770025,301977045,3832331282,7305942099,613634934,91418854,12216107971923,14196780651,1886629163,76929659,0.5,0.5,0,0,0,63799,1567.42268687597,50285,174.9441781843492,98,26367,369,455,50285
12,reference,1000,true,uniform,UPDATE,125951,24617715,6564263,6408594,475948,600490,465892,0,0,0,448,22886,28770025,301977045,3832331282,7305942099,613634934,91418854,12216107971923,14196780651,1886629163,76929659,0.5,0.5,0,0,0,63799,1567.42268687597,49715,1095.3215327365986,416,8007,1283,1430,49715
12,clean-run,1000,true,uniform,READ,248,2255960,601321,597225,55080,50018,45026,0,0,0,448,22887,28785762,301981445,3832353008,7305964459,613635130,91418863,12216267128682,14197189335,1886639908,76931076,0.5,0.5,0,0,0,61893,1615.6915967880052,50000,169.92642,92,4235,374,449,50000
12,clean-run,1000,true,uniform,UPDATE,248,2255960,601321,597225,55080,50018,45026,0,0,0,448,22887,28785762,301981445,3832353008,7305964459,613635130,91418863,12216267128682,14197189335,1886639908,76931076,0.5,0.5,0,0,0,61893,1615.6915967880052,50000,1057.1148,396,22943,1288,1445,50000
12,avg-run,1000,true,uniform,READ,342,3182446,854149,842080,66067,100187,54895,0,0,0,448,22887,28785762,301984148,3832353008,7305967406,613635130,91418863,12216304297923,14197387253,1886639912,76931076,0.5,0.5,0,0,0,61010,1639.0755613833799,49857,120.48695268467819,24,3179,427,532,49857
12,avg-run,1000,true,uniform,UPDATE,342,3182446,854149,842080,66067,100187,54895,0,0,0,448,22887,28785762,301984148,3832353008,7305967406,613635130,91418863,12216304297923,14197387253,1886639912,76931076,0.5,0.5,0,0,0,61010,1639.0755613833799,50143,1085.986997188042,380,25583,1513,1660,50143
13,extend,1000,true,uniform,EXTEND,199039,28062257,7583493,7112057,585033,729582,571994,0,0,0,448,22887,28785762,301984162,3832353008,7305973872,613635130,91418863,12216347022330,14197474646,1886644263,76931076,0,0,0,0,1,14810,675.219446320054,10000,1441.507,875,17999,1753,1870,10000
13,run,1000,true,uniform,READ,210014,30634366,8468227,7991892,657874,779862,642257,0,0,0,448,22887,28785762,301987231,3832357519,7305983142,613635130,91418863,12216476704269,14197912140,1886645221,76931076,0.5,0.5,0,0,0,64795,1543.3289605679452,49742,189.12836234972457,106,24511,379,465,49742
13,run,1000,true,uniform,UPDATE,210014,30634366,8468227,7991892,657874,779862,642257,0,0,0,448,22887,28785762,301987231,3832357519,7305983142,613635130,91418863,12216476704269,14197912140,1886645221,76931076,0.5,0.5,0,0,0,64795,1543.3289605679452,50258,1091.0178876994707,467,6247,1284,1410,50258
13,reference,1000,true,uniform,READ,150709,27144024,7410423,7247659,548270,650557,532825,0,0,0,448,22887,28785762,301999821,3832369640,7305999481,613635130,91418863,12216609834786,14198357990,1886646052,76931076,0.5,0.5,0,0,0,63586,1572.6732299562798,49955,182.84478030227206,105,4171,367,458,49955
13,reference,1000,true,uniform,UPDATE,150709,27144024,7410423,7247659,548270,650557,532825,0,0,0,448,22887,28785762,301999821,3832369640,7305999481,613635130,91418863,12216609834786,14198357990,1886646052,76931076,0.5,0.5,0,0,0,63586,1572.6732299562798,50045,1076.9014686781895,436,26815,1274,1450,50045
13,clean-run,1000,true,uniform,READ,247,2571004,903697,900791,87803,49873,72234,0,0,0,448,22888,28800995,301999944,3832389103,7306024574,613635301,91418947,12216767720119,14198801073,1886650809,76933184,0.5,0.5,0,0,0,61936,1614.5698785843451,50128,182.87444142993937,99,25167,371,450,50128
13,clean-run,1000,true,uniform,UPDATE,247,2571004,903697,900791,87803,49873,72234,0,0,0,448,22888,28800995,301999944,3832389103,7306024574,613635301,91418947,12216767720119,14198801073,1886650809,76933184,0.5,0.5,0,0,0,61936,1614.5698785843451,49872,1047.2459095283928,420,12255,1273,1396,49872
13,avg-run,1000,true,uniform,READ,326,3519750,1173957,1163495,98805,99426,82168,0,0,0,448,22888,28800995,301999946,3832397286,7306027506,613635301,91418947,12216805400314,14199001438,1886650812,76933184,0.5,0.5,0,0,0,59467,1681.6049237392167,50462,117.49328207363958,24,25871,408,519,50462
13,avg-run,1000,true,uniform,UPDATE,326,3519750,1173957,1163495,98805,99426,82168,0,0,0,448,22888,28800995,301999946,3832397286,7306027506,613635301,91418947,12216805400314,14199001438,1886650812,76933184,0.5,0.5,0,0,0,59467,1681.6049237392167,49538,1069.8510840163108,375,6871,1491,1626,49538
14,extend,1000,true,uniform,EXTEND,241310,30903644,8557548,8055119,677782,789873,658734,0,0,0,448,22888,28800995,301999946,3832397286,7306034584,613635301,91418947,12216851100026,14199097623,1886655890,76933184,0,0,0,0,1,12965,771.3073659853452,10000,1258.827,788,17199,1655,1839,10000
14,run,1000,true,uniform,READ,258148,33670908,9754740,9248928,777389,839950,756443,0,0,0,448,22888,28800995,302002913,3832397286,7306043676,613635301,91418947,12216988583185,14199598960,1886657042,76933184,0.5,0.5,0,0,0,63319,1579.3047900314282,49945,176.5222544799279,101,25631,358,449,49945
14,run,1000,true,uniform,UPDATE,258148,33670908,9754740,9248928,777389,839950,756443,0,0,0,448,22888,28800995,302002913,3832397286,7306043676,613635301,91418947,12216988583185,14199598960,1886657042,76933184,0.5,0.5,0,0,0,63319,1579.3047900314282,50055,1078.2560183797823,446,6651,1264,1376,50055
14,reference,1000,true,uniform,READ,188389,29810473,8547556,8380147,648284,700857,627386,0,0,0,448,22888,28800995,302015464,3832423100,7306060926,613635301,91418947,12217138496616,14200123063,1886660409,76933184,0.5,0.5,0,0,0,63791,1567.6192566349484,49722,184.6430151643136,99,4375,387,552,49722
14,reference,1000,true,uniform,UPDATE,188389,29810473,8547556,8380147,648284,700857,627386,0,0,0,448,22888,28800995,302015464,3832423100,7306060926,613635301,91418947,12217138496616,14200123063,1886660409,76933184,0.5,0.5,0,0,0,63791,1567.6192566349484,50278,1075.53188273201,407,32239,1375,1660,50278
14,clean-run,1000,true,uniform,READ,268,2693274,1197626,1195591,120409,50010,99460,0,0,0,448,22889,28815937,302017737,3832464091,7306091106,613635456,91418955,12217321052278,14200718561,1886673566,76935126,0.5,0.5,0,0,0,61470,1626.8098259313485,49991,173.57302314416594,96,4403,358,446,49991
14,clean-run,1000,true,uniform,UPDATE,268,2693274,1197626,1195591,120409,50010,99460,0,0,0,448,22889,28815937,302017737,3832464091,7306091106,613635456,91418955,12217321052278,14200718561,1886673566,76935126,0.5,0.5,0,0,0,61470,1626.8098259313485,50009,1044.6698994181047,413,32239,1270,1395,50009
14,avg-run,1000,true,uniform,READ,469,3684193,1607148,1597838,141471,100031,119316,0,0,0,448,22889,28815937,302017943,3832469842,7306095155,613635456,91418955,12217362372751,14200951435,1886673570,76935126,0.5,0.5,0,0,0,61071,1637.4383913805243,49994,132.72320678481418,24,3599,430,533,49994
14,avg-run,1000,true,uniform,UPDATE,469,3684193,1607148,1597838,141471,100031,119316,0,0,0,448,22889,28815937,302017943,3832469842,7306095155,613635456,91418955,12217362372751,14200951435,1886673570,76935126,0.5,0.5,0,0,0,61071,1637.4383913805243,50006,1077.511938567372,365,26463,1512,1652,50006
15,extend,1000,true,uniform,EXTEND,298159,33963346,9856167,9324367,797363,849961,776362,0,0,0,448,22889,28815937,302017943,3832469842,7306104089,613635456,91418955,12217410024720,14201052560,1886679268,76935126,0,0,0,0,1,14124,708.0147267063155,10000,1375.8967,834,18863,1732,1849,10000
15,run,1000,true,uniform,READ,313730,37174462,11082560,10547530,896993,899852,875948,0,0,0,448,22889,28815937,302027749,3832471950,7306118693,613635456,91418955,12217554986331,14201539469,1886680897,76935126,0.5,0.5,0,0,0,65136,1535.249324490297,50131,193.86130338513095,107,4791,384,469,50131
15,run,1000,true,uniform,UPDATE,313730,37174462,11082560,10547530,896993,899852,875948,0,0,0,448,22889,28815937,302027749,3832471950,7306118693,613635456,91418955,12217554986331,14201539469,1886680897,76935126,0.5,0.5,0,0,0,65136,1535.249324490297,49869,1099.96392548477,429,26959,1291,1418,49869
15,reference,1000,true,uniform,READ,240729,32950739,9750170,9578236,748436,751015,727402,0,0,0,448,22890,28817180,302041580,3832508770,7306139334,613635456,91418955,12217740189953,14202067387,1886687193,76935126,0.5,0.5,0,0,0,63802,1567.348985925206,49864,185.44330579175357,107,4535,370,459,49864
15,reference,1000,true,uniform,UPDATE,240729,32950739,9750170,9578236,748436,751015,727402,0,0,0,448,22890,28817180,302041580,3832508770,7306139334,613635456,91418955,12217740189953,14202067387,1886687193,76935126,0.5,0.5,0,0,0,63802,1567.348985925206,50136,1077.1682822722196,405,28639,1292,1438,50136
15,clean-run,1000,true,uniform,READ,268,2695088,1204704,1202676,120715,49887,99676,0,0,0,448,22891,28832911,302052586,3832548313,7306169652,613648064,91419010,12217933421726,14202677227,1886705557,76937319,0.5,0.5,0,0,0,60949,1640.7160084660945,50114,179.0766652033364,108,4045,361,452,50114
15,clean-run,1000,true,uniform,UPDATE,268,2695088,1204704,1202676,120715,49887,99676,0,0,0,448,22891,28832911,302052586,3832548313,7306169652,613648064,91419010,12217933421726,14202677227,1886705557,76937319,0.5,0.5,0,0,0,60949,1640.7160084660945,49886,1031.1094495449624,382,35295,1278,1449,49886
15,avg-run,1000,true,uniform,READ,471,3696583,1614821,1604683,141839,99916,119628,0,0,0,448,22891,28832911,302052788,3832548313,7306173764,613648064,91419010,12217976974542,14202919743,1886705561,76937319,0.5,0.5,0,0,0,62406,1602.4100246771143,49997,136.05474328459707,25,25887,431,532,49997
15,avg-run,1000,true,uniform,UPDATE,471,3696583,1614821,1604683,141839,99916,119628,0,0,0,448,22891,28832911,302052788,3832548313,7306173764,613648064,91419010,12217976974542,14202919743,1886705561,76937319,0.5,0.5,0,0,0,62406,1602.4100246771143,50003,1101.01945883247,379,9951,1514,1645,50003
16,extend,1000,true,uniform,EXTEND,356769,37480774,11185118,10623224,916983,909863,895938,0,0,0,448,22891,28832911,302052788,3832548313,7306182712,613648064,91419010,12218025907447,14203010617,1886710821,76937319,0,0,0,0,1,14998,666.7555674089879,10000,1461.0545,702,16991,1761,1870,10000
16,run,1000,true,uniform,READ,381784,40716637,12409231,11844107,1016971,959919,995930,0,0,0,448,22891,28832911,302059839,3832553378,7306193934,613648064,91419010,12218182342410,14203542238,1886712664,76937319,0.5,0.5,0,0,0,65534,1525.9254737998597,49966,195.977884961774,114,4319,380,472,49966
16,run,1000,true,uniform,UPDATE,381784,40716637,12409231,11844107,1016971,959919,995930,0,0,0,448,22891,28832911,302059839,3832553378,7306193934,613648064,91419010,12218182342410,14203542238,1886712664,76937319,0.5,0.5,0,0,0,65534,1525.9254737998597,50034,1102.9000879402006,448,23519,1291,1443,50034
16,reference,1000,true,uniform,READ,293139,36125583,10952115,10774780,849014,801355,827963,0,0,0,448,22892,28835832,302076594,3832582810,7306216476,613648064,91419010,12218382464286,14204094427,1886730053,76937319,0.5,0.5,0,0,0,64806,1543.0669999691386,49682,193.23100921863048,109,26351,377,467,49682
16,reference,1000,true,uniform,UPDATE,293139,36125583,10952115,10774780,849014,801355,827963,0,0,0,448,22892,28835832,302076594,3832582810,7306216476,613648064,91419010,12218382464286,14204094427,1886730053,76937319,0.5,0.5,0,0,0,64806,1543.0669999691386,50318,1086.2919432409874,421,8623,1298,1508,50318
16,clean-run,1000,true,uniform,READ,247,2685863,1203130,1201098,120875,49969,99854,0,0,0,448,22893,28851089,302080572,3832620706,7306249157,613675872,91419060,12218581422918,14204689851,1886740553,76940032,0.5,0.5,0,0,0,62645,1596.2965919067763,50032,192.8485968979853,113,4131,376,463,50032
16,clean-run,1000,true,uniform,UPDATE,247,2685863,1203130,1201098,120875,49969,99854,0,0,0,448,22893,28851089,302080572,3832620706,7306249157,613675872,91419060,12218581422918,14204689851,1886740553,76940032,0.5,0.5,0,0,0,62645,1596.2965919067763,49968,1049.9130243355748,412,27039,1289,1444,49968
16,avg-run,1000,true,uniform,READ,7977,3705112,1613140,1602600,141939,100102,119732,0,0,0,448,22893,28851089,302081262,3832627615,7306253152,613675872,91419060,12218628491644,14204963603,1886740557,76940032,0.5,0.5,0,0,0,61988,1613.2154610569787,49893,133.8997254123825,24,4483,438,540,49893
16,avg-run,1000,true,uniform,UPDATE,7977,3705112,1613140,1602600,141939,100102,119732,0,0,0,448,22893,28851089,302081262,3832627615,7306253152,613675872,91419060,12218628491644,14204963603,1886740557,76940032,0.5,0.5,0,0,0,61988,1613.2154610569787,50107,1093.3538627337498,372,24159,1518,1654,50107
17,extend,1000,true,uniform,EXTEND,427404,41005470,12510903,11919791,1036965,969930,1015924,0,0,0,448,22893,28851089,302081262,3832627615,7306262124,613675872,91419060,12218680771031,14205055722,1886746653,76940032,0,0,0,0,1,14479,690.6554320049727,10000,1408.8217,441,17391,1740,1854,10000
17,run,1000,true,uniform,READ,444405,44228310,13727730,13133388,1137713,1020375,1116678,0,0,0,448,22893,28851089,302088773,3832632875,7306274770,613675872,91419060,12218842050314,14205568149,1886748320,76940032,0.5,0.5,0,0,0,65721,1521.5836642777804,49577,197.05976561712083,113,3149,379,471,49577
17,run,1000,true,uniform,UPDATE,444405,44228310,13727730,13133388,1137713,1020375,1116678,0,0,0,448,22893,28851089,302088773,3832632875,7306274770,613675872,91419060,12218842050314,14205568149,1886748320,76940032,0.5,0.5,0,0,0,65721,1521.5836642777804,50423,1098.5734882890745,436,24767,1286,1417,50423
17,reference,1000,true,uniform,READ,348873,39271040,12157438,11975578,949062,851449,928037,0,0,0,448,22894,28852439,302101585,3832660431,7306295392,613675872,91419060,12219047689175,14206111088,1886757724,76940032,0.5,0.5,0,0,0,64724,1545.0219393115383,49928,200.79838968114083,109,23679,383,474,49928
17,reference,1000,true,uniform,UPDATE,348873,39271040,12157438,11975578,949062,851449,928037,0,0,0,448,22894,28852439,302101585,3832660431,7306295392,613675872,91419060,12219047689175,14206111088,1886757724,76940032,0.5,0.5,0,0,0,64724,1545.0219393115383,50072,1081.2699912126538,422,18287,1298,1484,50072
17,clean-run,1000,true,uniform,READ,268,2692004,1202982,1200953,120945,50011,99910,0,0,0,448,22895,28868405,302113052,3832699945,7306326132,613711928,91419074,12219258996698,14206736417,1886776108,76942464,0.5,0.5,0,0,0,63649,1571.116592562334,49997,196.22731363881832,111,4271,377,467,49997
17,clean-run,1000,true,uniform,UPDATE,268,2692004,1202982,1200953,120945,50011,99910,0,0,0,448,22895,28868405,302113052,3832699945,7306326132,613711928,91419074,12219258996698,14206736417,1886776108,76942464,0.5,0.5,0,0,0,63649,1571.116592562334,50003,1065.4004959702418,400,26143,1291,1460,50003
17,avg-run,1000,true,uniform,READ,470,3689961,1614094,1603537,142008,100004,119745,0,0,0,448,22895,28868405,302113252,3832699945,7306330220,613711928,91419074,12219305076315,14206978956,1886776112,76942464,0.5,0.5,0,0,0,62282,1605.6003339648694,50033,135.7791657506046,24,4263,442,553,50033
17,avg-run,1000,true,uniform,UPDATE,470,3689961,1614094,1603537,142008,100004,119745,0,0,0,448,22895,28868405,302113252,3832699945,7306330220,613711928,91419074,12219305076315,14206978956,1886776112,76942464,0.5,0.5,0,0,0,62282,1605.6003339648694,49967,1099.0322212660355,381,25199,1519,1662,49967
18,extend,1000,true,uniform,EXTEND,486936,44537805,13830250,13209044,1157689,1030386,1136654,0,0,0,448,22895,28868405,302113252,3832699945,7306339673,613711928,91419074,12219358940578,14207070837,1886781429,76942464,0,0,0,0,1,14091,709.6728408203818,10000,1371.8967,854,16351,1733,1863,10000
18,run,1000,true,uniform,READ,512303,47875750,15050036,14425600,1258123,1080669,1237084,0,0,0,448,22895,28868405,302121034,3832705394,7306351984,613711928,91419074,12219529507676,14207605586,1886783247,76942464,0.5,0.5,0,0,0,65701,1522.046848602,49739,200.86125575504133,120,22991,378,475,49739
18,run,1000,true,uniform,UPDATE,512303,47875750,15050036,14425600,1258123,1080669,1237084,0,0,0,448,22895,28868405,302121034,3832705394,7306351984,613711928,91419074,12219529507676,14207605586,1886783247,76942464,0.5,0.5,0,0,0,65701,1522.046848602,50261,1097.5712978253516,446,17311,1287,1440,50261
18,reference,1000,true,uniform,READ,402090,42542041,13367455,13180194,1048666,901319,1027625,0,0,0,448,22896,28870812,302138488,3832739759,7306375169,613711928,91419074,12219770794415,14208165038,1886810930,76942464,0.5,0.5,0,0,0,64155,1558.724962980282,50152,201.70637262721328,121,30383,379,478,50152
18,reference,1000,true,uniform,UPDATE,402090,42542041,13367455,13180194,1048666,901319,1027625,0,0,0,448,22896,28870812,302138488,3832739759,7306375169,613711928,91419074,12219770794415,14208165038,1886810930,76942464,0.5,0.5,0,0,0,64155,1558.724962980282,49848,1072.9073182474724,407,10327,1306,1505,49848
18,clean-run,1000,true,uniform,READ,247,2791079,1205539,1203514,120665,49853,99622,0,0,0,448,22897,28886415,302144354,3832791766,7306409895,613754463,91419138,12219989135877,14208766255,1886823400,76945079,0.5,0.5,0,0,0,62798,1592.4074015096023,50148,198.4715242881072,119,4671,375,465,50148
18,clean-run,1000,true,uniform,UPDATE,247,2791079,1205539,1203514,120665,49853,99622,0,0,0,448,22897,28886415,302144354,3832791766,7306409895,613754463,91419138,12219989135877,14208766255,1886823400,76945079,0.5,0.5,0,0,0,62798,1592.4074015096023,49852,1049.2905801171466,418,27167,1297,1478,49852
18,avg-run,1000,true,uniform,READ,10112,3875459,1616031,1605440,141729,99771,119482,0,0,0,448,22897,28886415,302144470,3832791766,7306414165,613754463,91419138,12220040123162,14209062563,1886823404,76945079,0.5,0.5,0,0,0,60321,1657.7974503075213,50108,126.94122694978846,24,4671,425,539,50108
18,avg-run,1000,true,uniform,UPDATE,10112,3875459,1616031,1605440,141729,99771,119482,0,0,0,448,22897,28886415,302144470,3832791766,7306414165,613754463,91419138,12220040123162,14209062563,1886823404,76945079,0.5,0.5,0,0,0,60321,1657.7974503075213,49892,1070.8889601539324,369,28831,1502,1645,49892
19,extend,1000,true,uniform,EXTEND,563201,48172732,15151674,14501250,1278101,1090680,1257062,0,0,0,448,22897,28886415,302144470,3832791766,7306424325,613754463,91419138,12220097672175,14209154142,1886830149,76945079,0,0,0,0,1,13957,716.4863509350147,10000,1358.3974,530,21935,1702,1825,10000
19,run,1000,true,uniform,READ,586458,51542493,16375944,15722289,1377963,1140687,1356938,0,0,0,448,22897,28886415,302157888,3832802613,7306442232,613754463,91419138,12220272442089,14209667934,1886831880,76945079,0.5,0.5,0,0,0,65973,1515.7716035347794,50015,206.5705088473458,120,3567,382,470,50015
19,run,1000,true,uniform,UPDATE,586458,51542493,16375944,15722289,1377963,1140687,1356938,0,0,0,448,22897,28886415,302157888,3832802613,7306442232,613754463,91419138,12220272442089,14209667934,1886831880,76945079,0.5,0.5,0,0,0,65973,1515.7716035347794,49985,1102.174432329699,451,25439,1293,1436,49985
19,reference,1000,true,uniform,READ,460530,45838559,14575710,14383924,1148258,951212,1127233,0,0,0,448,22898,28889380,302171993,3832839369,7306465793,613754463,91419138,12220499356348,14210215503,1886847187,76945079,0.5,0.5,0,0,0,64746,1544.496957340994,50129,205.28017714297113,124,9735,384,473,50129
19,reference,1000,true,uniform,UPDATE,460530,45838559,14575710,14383924,1148258,951212,1127233,0,0,0,448,22898,28889380,302171993,3832839369,7306465793,613754463,91419138,12220499356348,14210215503,1886847187,76945079,0.5,0.5,0,0,0,64746,1544.496957340994,49871,1081.0801066752222,420,27807,1298,1547,49871
19,clean-run,1000,true,uniform,READ,271,2868320,1203824,1201796,120837,49945,99790,0,0,0,448,22899,28905248,302177033,3832895155,7306501129,613810802,91419175,12220731786343,14210854120,1886867876,76947956,0.5,0.5,0,0,0,62742,1593.82869529183,50056,205.87607879175323,129,5555,383,472,50056
19,clean-run,1000,true,uniform,UPDATE,271,2868320,1203824,1201796,120837,49945,99790,0,0,0,448,22899,28905248,302177033,3832895155,7306501129,613810802,91419175,12220731786343,14210854120,1886867876,76947956,0.5,0.5,0,0,0,62742,1593.82869529183,49944,1038.698462277751,411,31679,1303,1469,49944
19,avg-run,1000,true,uniform,READ,473,3911734,1613740,1603202,141901,99982,119700,0,0,0,448,22899,28905248,302177234,3832899882,7306505674,613810802,91419175,12220781014487,14211100581,1886867880,76947956,0.5,0.5,0,0,0,62834,1591.4950504503931,49989,138.7259397067355,24,24751,444,551,49989
19,avg-run,1000,true,uniform,UPDATE,473,3911734,1613740,1603202,141901,99982,119700,0,0,0,448,22899,28905248,302177234,3832899882,7306505674,613810802,91419175,12220781014487,14211100581,1886867880,76947956,0.5,0.5,0,0,0,62834,1591.4950504503931,50011,1107.1332506848494,378,8623,1514,1654,50011
20,extend,1000,true,uniform,EXTEND,640137,51855903,16478418,15797899,1397921,1150698,1376896,0,0,0,448,22899,28905248,302177234,3832899882,7306516331,613810802,91419175,12220840404825,14211192485,1886875264,76947956,0,0,0,0,1,13426,744.8234768359898,10000,1306.7944,836,21071,1714,1850,10000
20,run,1000,true,uniform,READ,672953,55226972,17703479,17019730,1497745,1200682,1476710,0,0,0,448,22899,28905248,302189662,3832907627,7306531087,613810802,91419175,12221024946957,14211727990,1886877357,76947956,0.5,0.5,0,0,0,66432,1505.2986512524085,50038,210.3350453655222,128,24319,386,477,50038
20,run,1000,true,uniform,UPDATE,672953,55226972,17703479,17019730,1497745,1200682,1476710,0,0,0,448,22899,28905248,302189662,3832907627,7306531087,613810802,91419175,12221024946957,14211727990,1886877357,76947956,0.5,0.5,0,0,0,66432,1505.2986512524085,49962,1107.6654857691847,439,5883,1297,1448,49962
20,reference,1000,true,uniform,READ,540085,49128860,15781115,15583928,1248406,1001348,1227371,0,0,0,448,22900,28906552,302206982,3832951617,7306557448,613810802,91419175,12221267377209,14212294522,1886902370,76947956,0.5,0.5,0,0,0,66436,1505.2080197483292,49886,214.2359980756124,128,25695,394,490,49886
20,reference,1000,true,uniform,UPDATE,540085,49128860,15781115,15583928,1248406,1001348,1227371,0,0,0,448,22900,28906552,302206982,3832951617,7306557448,613810802,91419175,12221267377209,14212294522,1886902370,76947956,0.5,0.5,0,0,0,66436,1505.2080197483292,50114,1100.8696372271222,400,10087,1328,1521,50114
20,clean-run,1000,true,uniform,READ,268,2868645,1201143,1199114,121095,50080,100048,0,0,0,448,22901,28922402,302211963,3832997225,7306592141,613874330,91419187,12221506556144,14212914698,1886916193,76951302,0.5,0.5,0,0,0,64092,1560.2571303750858,49921,210.9320326115262,128,23743,387,480,49921
20,clean-run,1000,true,uniform,UPDATE,268,2868645,1201143,1199114,121095,50080,100048,0,0,0,448,22901,28922402,302211963,3832997225,7306592141,613874330,91419187,12221506556144,14212914698,1886916193,76951302,0.5,0.5,0,0,0,64092,1560.2571303750858,50079,1058.4382875057408,421,12223,1305,1447,50079
20,avg-run,1000,true,uniform,READ,476,3913693,1611561,1601064,142161,100248,119912,0,0,0,448,22901,28922402,302212196,3832997225,7306596640,613874330,91419187,12221557259396,14213161168,1886916197,76951302,0.5,0.5,0,0,0,62757,1593.4477428812722,49858,141.537907657748,24,4667,447,553,49858
20,avg-run,1000,true,uniform,UPDATE,476,3913693,1611561,1601064,142161,100248,119912,0,0,0,448,22901,28922402,302212196,3832997225,7306596640,613874330,91419187,12221557259396,14213161168,1886916197,76951302,0.5,0.5,0,0,0,62757,1593.4477428812722,50142,1099.9273662797655,370,22047,1523,1649,50142
21,extend,1000,true,uniform,EXTEND,729564,55524920,17805141,17095404,1517737,1210693,1496702,0,0,0,448,22901,28922402,302212196,3832997225,7306607833,613874330,91419187,12221620167416,14213252049,1886923446,76951302,0,0,0,0,1,14127,707.8643731860975,10000,1375.3288,878,17087,1724,1853,10000
21,run,1000,true,uniform,READ,752525,58756809,19025590,18312623,1618057,1260925,1597010,0,0,0,448,22902,28923606,302232758,3833033676,7306633138,613874330,91419187,12221821738913,14213738455,1886927767,76951302,0.5,0.5,0,0,0,66847,1495.9534459287627,49790,217.79240811407914,133,23087,397,489,49790
21,run,1000,true,uniform,UPDATE,752525,58756809,19025590,18312623,1618057,1260925,1597010,0,0,0,448,22902,28923606,302232758,3833033676,7306633138,613874330,91419187,12221821738913,14213738455,1886927767,76951302,0.5,0.5,0,0,0,66847,1495.9534459287627,50210,1104.3898227444731,438,6647,1313,1500,50210
21,reference,1000,true,uniform,READ,603649,52342930,16986896,16785184,1348428,1051424,1327385,0,0,0,448,22902,28924342,302254106,3833075636,7306663860,613874330,91419187,12222057620110,14214300314,1886961442,76951302,0.5,0.5,0,0,0,65181,1534.1894110246851,49946,207.89170303928242,135,5179,379,478,49946
21,reference,1000,true,uniform,UPDATE,603649,52342930,16986896,16785184,1348428,1051424,1327385,0,0,0,448,22902,28924342,302254106,3833075636,7306663860,613874330,91419187,12222057620110,14214300314,1886961442,76951302,0.5,0.5,0,0,0,65181,1534.1894110246851,50054,1084.1136572501698,427,26447,1310,1625,50054
21,clean-run,1000,true,uniform,READ,268,2733605,1204113,1202082,120789,49925,99750,0,0,0,448,22903,28940203,302267204,3833150181,7306704395,613943457,91419240,12222303815493,14214944517,1886987731,76951302,0.5,0.5,0,0,0,63946,1563.8194726800739,50076,208.22266155443725,128,24831,380,477,50076
21,clean-run,1000,true,uniform,UPDATE,268,2733605,1204113,1202082,120789,49925,99750,0,0,0,448,22903,28940203,302267204,3833150181,7306704395,613943457,91419240,12222303815493,14214944517,1886987731,76951302,0.5,0.5,0,0,0,63946,1563.8194726800739,49924,1061.1992829100232,428,58943,1297,1456,49924
21,avg-run,1000,true,uniform,READ,470,3748944,1614512,1603875,141882,99908,119637,0,0,0,448,22903,28940203,302267404,3833154615,7306710196,613943457,91419240,12222356100451,14215192469,1886987735,76951302,0.5,0.5,0,0,0,63092,1584.9870031065745,50043,143.41784065703496,24,5003,450,560,50043
21,avg-run,1000,true,uniform,UPDATE,470,3748944,1614512,1603875,141882,99908,119637,0,0,0,448,22903,28940203,302267404,3833154615,7306710196,613943457,91419240,12222356100451,14215192469,1886987735,76951302,0.5,0.5,0,0,0,63092,1584.9870031065745,49957,1107.9092019136458,367,18367,1521,1649,49957
22,extend,1000,true,uniform,EXTEND,834562,59094833,19128385,18388545,1638055,1270947,1617008,0,0,0,448,22903,28940203,302268304,3833154615,7306721689,613943457,91419240,12222418496095,14215282675,1886993819,76951302,0,0,0,0,1,15063,663.8783774812455,10000,1466.9232,821,19311,1759,1871,10000
22,run,1000,true,uniform,READ,884787,62354398,20351220,19608150,1738133,1321062,1717096,0,0,0,448,22904,28941500,302284999,3833170422,7306744648,613943457,91419240,12222645276546,14215801083,1887000709,76951302,0.5,0.5,0,0,0,68677,1456.0915590372322,49907,231.52237161119683,136,5735,408,499,49907
22,run,1000,true,uniform,UPDATE,884787,62354398,20351220,19608150,1738133,1321062,1717096,0,0,0,448,22904,28941500,302284999,3833170422,7306744648,613943457,91419240,12222645276546,14215801083,1887000709,76951302,0.5,0.5,0,0,0,68677,1456.0915590372322,50093,1129.0492084722416,433,25935,1322,1460,50093
22,reference,1000,true,uniform,READ,702315,55546944,18193096,17984993,1448536,1101541,1427495,0,0,0,448,22904,28941750,302308000,3833221395,7306777272,613943457,91419240,12222882120777,14216360692,1887025163,76951302,0.5,0.5,0,0,0,67925,1472.211998527788,49905,227.26472297364992,139,33887,402,500,49905
22,reference,1000,true,uniform,UPDATE,702315,55546944,18193096,17984993,1448536,1101541,1427495,0,0,0,448,22904,28941750,302308000,3833221395,7306777272,613943457,91419240,12222882120777,14216360692,1887025163,76951302,0.5,0.5,0,0,0,67925,1472.211998527788,50095,1117.8685297933926,435,63839,1325,1551,50095
22,clean-run,1000,true,uniform,READ,247,2709351,1196982,1194948,121523,50301,100480,0,0,0,448,22905,28957691,302321655,3833298756,7306819834,614019679,91419251,12223136101646,14216987166,1887047638,76954684,0.5,0.5,0,0,0,65008,1538.2722126507506,49700,230.3338832997988,132,25647,403,496,49700
22,clean-run,1000,true,uniform,UPDATE,247,2709351,1196982,1194948,121523,50301,100480,0,0,0,448,22905,28957691,302321655,3833298756,7306819834,614019679,91419251,12223136101646,14216987166,1887047638,76954684,0.5,0.5,0,0,0,65008,1538.2722126507506,50300,1053.190675944334,428,60479,1315,1538,50300
22,avg-run,1000,true,uniform,READ,13633,3718499,1605735,1595224,142587,100404,120348,0,0,0,448,22905,28957691,302322071,3833314131,7306825540,614019679,91419251,12223190691941,14217255080,1887047642,76954684,0.5,0.5,0,0,0,62871,1590.5584450700642,49923,141.13775213829297,24,4615,452,561,49923
22,avg-run,1000,true,uniform,UPDATE,13633,3718499,1605735,1595224,142587,100404,120348,0,0,0,448,22905,28957691,302322071,3833314131,7306825540,614019679,91419251,12223190691941,14217255080,1887047642,76954684,0.5,0.5,0,0,0,62871,1590.5584450700642,50077,1103.761687002017,369,28031,1517,1647,50077
23,extend,1000,true,uniform,EXTEND,955070,62659167,20453758,19683824,1758117,1331073,1737080,0,0,0,448,22905,28957691,302322871,3833314131,7306836909,614019679,91419251,12223255351474,14217345195,1887053780,76954684,0,0,0,0,1,14269,700.8199593524423,10000,1388.7159,842,16343,1735,1860,10000
23,run,1000,true,uniform,READ,1022554,65909639,21677135,20903971,1858173,1381164,1837122,0,0,0,448,22906,28959855,302346126,3833340472,7306865802,614019679,91419251,12223496591507,14217886596,1887062168,76954684,0.5,0.5,0,0,0,67921,1472.2986999602479,49931,228.60533536280067,141,28047,396,494,49931
23,run,1000,true,uniform,UPDATE,1022554,65909639,21677135,20903971,1858173,1381164,1837122,0,0,0,448,22906,28959855,302346126,3833340472,7306865802,614019679,91419251,12223496591507,14217886596,1887062168,76954684,0.5,0.5,0,0,0,67921,1472.2986999602479,50069,1117.857636461683,458,13815,1310,1488,50069
23,reference,1000,true,uniform,READ,810357,58746192,19401233,19187729,1548354,1151518,1527311,0,0,0,448,22906,28960567,302372056,3833391926,7306900944,614019679,91419251,12223735482663,14218443914,1887076642,76954684,0.5,0.5,0,0,0,67096,1490.4018123286037,50045,233.90476571086023,142,28527,406,504,50045
23,reference,1000,true,uniform,UPDATE,810357,58746192,19401233,19187729,1548354,1151518,1527311,0,0,0,448,22906,28960567,302372056,3833391926,7306900944,614019679,91419251,12223735482663,14218443914,1887076642,76954684,0.5,0.5,0,0,0,67096,1490.4018123286037,49955,1097.2894805324793,432,39935,1323,1554,49955
23,clean-run,1000,true,uniform,READ,268,2725384,1204742,1202716,120747,49897,99708,0,0,0,448,22907,28976430,302383711,3833447441,7306941478,614099594,91419271,12223992795713,14219049054,1887091331,76958196,0.5,0.5,0,0,0,64499,1550.4116342889038,50104,226.7789996806642,138,4647,395,495,50104
23,clean-run,1000,true,uniform,UPDATE,268,2725384,1204742,1202716,120747,49897,99708,0,0,0,448,22907,28976430,302383711,3833447441,7306941478,614099594,91419271,12223992795713,14219049054,1887091331,76958196,0.5,0.5,0,0,0,64499,1550.4116342889038,49896,1054.1219135802469,436,27695,1305,1468,49896
23,avg-run,1000,true,uniform,READ,470,3740346,1615570,1604846,141811,100022,119582,0,0,0,448,22907,28976430,302383845,3833454153,7306947140,614099594,91419271,12224047656066,14219297028,1887091335,76958196,0.5,0.5,0,0,0,62227,1607.0194610056728,49901,134.5337167591832,24,4383,432,545,49901
23,avg-run,1000,true,uniform,UPDATE,470,3740346,1615570,1604846,141811,100022,119582,0,0,0,448,22907,28976430,302383845,3833454153,7306947140,614099594,91419271,12224047656066,14219297028,1887091335,76958196,0.5,0.5,0,0,0,62227,1607.0194610056728,50099,1097.1919399588814,369,25679,1511,1635,50099
24,extend,1000,true,uniform,EXTEND,1084363,66209401,21778821,20979669,1878172,1391175,1857118,0,0,0,448,22907,28976430,302384345,3833454153,7306958197,614099594,91419271,12224118108470,14219387208,1887098477,76958196,0,0,0,0,1,14331,697.7880120019538,10000,1395.6494,638,17503,1755,1904,10000
24,run,1000,true,uniform,READ,1116976,69407951,23002677,22200295,1978136,1441228,1957105,0,0,0,448,22908,28978605,302405701,3833495751,7306985106,614099594,91419271,12224368466588,14219868217,1887105950,76958196,0.5,0.5,0,0,0,68789,1453.7207983834626,49969,239.64548019772258,144,3949,411,506,49969
24,run,1000,true,uniform,UPDATE,1116976,69407951,23002677,22200295,1978136,1441228,1957105,0,0,0,448,22908,28978605,302405701,3833495751,7306985106,614099594,91419271,12224368466588,14219868217,1887105950,76958196,0.5,0.5,0,0,0,68789,1453.7207983834626,50031,1124.658891487278,456,26399,1335,1521,50031
24,reference,1000,true,uniform,READ,880065,61879096,20605082,20387053,1648574,1201697,1627525,0,0,0,448,22908,28978789,302431244,3833541142,7307019917,614099594,91419271,12224620603344,14220417748,1887133167,76958196,0.5,0.5,0,0,0,67133,1489.5803852054876,49843,239.2952872018137,139,5239,413,512,49843
24,reference,1000,true,uniform,UPDATE,880065,61879096,20605082,20387053,1648574,1201697,1627525,0,0,0,448,22908,28978789,302431244,3833541142,7307019917,614099594,91419271,12224620603344,14220417748,1887133167,76958196,0.5,0.5,0,0,0,67133,1489.5803852054876,50157,1089.5203062384114,429,55743,1334,1601,50157
24,clean-run,1000,true,uniform,READ,247,2709245,1200759,1198727,121129,50101,100094,0,0,0,448,22909,28994405,302446243,3833613418,7307062661,614185580,91419756,12224899941493,14221064450,1887157215,76958196,0.5,0.5,0,0,0,66248,1509.4795314575535,49900,236.65470941883768,146,25935,411,511,49900
24,clean-run,1000,true,uniform,UPDATE,247,2709245,1200759,1198727,121129,50101,100094,0,0,0,448,22909,28994405,302446243,3833613418,7307062661,614185580,91419756,12224899941493,14221064450,1887157215,76958196,0.5,0.5,0,0,0,66248,1509.4795314575535,50100,1075.476866267465,433,16511,1340,1620,50100
24,avg-run,1000,true,uniform,READ,19551,3734148,1612127,1601453,142193,100058,119958,0,0,0,448,22909,28994405,302446850,3833620666,7307068344,614185580,91419756,12224958485743,14221344731,1887157219,76958196,0.5,0.5,0,0,0,61223,1633.373078744916,50069,136.75216201641734,24,5095,449,562,50069
24,avg-run,1000,true,uniform,UPDATE,19551,3734148,1612127,1601453,142193,100058,119958,0,0,0,448,22909,28994405,302446850,3833620666,7307068344,614185580,91419756,12224958485743,14221344731,1887157219,76958196,0.5,0.5,0,0,0,61223,1633.373078744916,49931,1078.2401313813061,375,16511,1513,1647,49931
25,extend,1000,true,uniform,EXTEND,1195582,69755194,23105426,22276178,1998167,1451250,1977088,0,0,0,448,22909,28994405,302447550,3833620666,7307079756,614185580,91419756,12225027975834,14221435714,1887163219,76958196,0,0,0,0,1,14348,696.9612489545581,10000,1396.6361,818,15535,1739,1855,10000
25,run,1000,true,uniform,READ,1246893,73004363,24330202,23497724,2098035,1501257,2076998,0,0,0,448,22910,28997010,302465607,3833639533,7307105084,614185580,91419756,12225291073443,14221966452,1887173475,76958196,0.5,0.5,0,0,0,69582,1437.1532867695669,50015,242.3223033090073,149,32063,418,508,50015
25,run,1000,true,uniform,UPDATE,1246893,73004363,24330202,23497724,2098035,1501257,2076998,0,0,0,448,22910,28997010,302465607,3833639533,7307105084,614185580,91419756,12225291073443,14221966452,1887173475,76958196,0.5,0.5,0,0,0,69582,1437.1532867695669,49985,1138.2728818645594,513,5787,1330,1498,49985
25,reference,1000,true,uniform,READ,994273,65102750,21813332,21589889,1748394,1251694,1727365,0,0,0,448,22910,28997110,302490859,3833688091,7307140917,614185580,91419756,12225546532763,14222535115,1887189876,76958196,0.5,0.5,0,0,0,66876,1495.3047431066452,50036,234.52696058837637,142,29503,406,509,50036
25,reference,1000,true,uniform,UPDATE,994273,65102750,21813332,21589889,1748394,1251694,1727365,0,0,0,448,22910,28997110,302490859,3833688091,7307140917,614185580,91419756,12225546532763,14222535115,1887189876,76958196,0.5,0.5,0,0,0,66876,1495.3047431066452,49964,1092.8543351212872,405,52735,1330,1633,49964
25,clean-run,1000,true,uniform,READ,268,2719389,1201842,1199810,120991,50032,99962,0,0,0,448,22911,29012990,302503149,3833760792,7307182278,614283140,91419769,12225830722873,14223189340,1887215656,76961809,0.5,0.5,0,0,0,64938,1539.9303951461393,49969,235.58918529488284,137,25231,409,507,49969
25,clean-run,1000,true,uniform,UPDATE,268,2719389,1201842,1199810,120991,50032,99962,0,0,0,448,22911,29012990,302503149,3833760792,7307182278,614283140,91419769,12225830722873,14223189340,1887215656,76961809,0.5,0.5,0,0,0,64938,1539.9303951461393,50031,1051.7205532569806,429,69183,1328,1584,50031
25,avg-run,1000,true,uniform,READ,470,3717739,1610028,1599533,142055,100032,119842,0,0,0,448,22911,29012990,302503249,3833766033,7307188049,614283140,91419769,12225888553599,14223437688,1887215660,76961809,0.5,0.5,0,0,0,64895,1540.9507666230063,50026,161.27451725102947,24,28767,464,570,50026
25,avg-run,1000,true,uniform,UPDATE,470,3717739,1610028,1599533,142055,100032,119842,0,0,0,448,22911,29012990,302503249,3833766033,7307188049,614283140,91419769,12225888553599,14223437688,1887215660,76961809,0.5,0.5,0,0,0,64895,1540.9507666230063,49974,1125.4756073158042,366,16863,1542,1674,49974
26,extend,1000,true,uniform,EXTEND,1319328,73317942,24432996,23573654,2118645,1511268,2097110,0,0,0,448,22911,29012990,302504049,3833766033,7307199510,614283140,91419769,12225960842336,14223531222,1887221772,76961809,0,0,0,0,1,15390,649.772579597141,10000,1499.588,753,18735,1787,1934,10000
26,run,1000,true,uniform,READ,1370694,76624619,25662979,24800407,2218565,1561306,2197530,0,0,0,448,22912,29017300,302520924,3833781235,7307221487,614283140,91419769,12226241617421,14224078559,1887234044,76961809,0.5,0.5,0,0,0,69712,1434.4732614184072,49984,244.12309939180537,153,4179,414,508,49984
26,run,1000,true,uniform,UPDATE,1370694,76624619,25662979,24800407,2218565,1561306,2197530,0,0,0,448,22912,29017300,302520924,3833781235,7307221487,614283140,91419769,12226241617421,14224078559,1887234044,76961809,0.5,0.5,0,0,0,69712,1434.4732614184072,50016,1138.5048584452975,463,25903,1338,1525,50016
26,reference,1000,true,uniform,READ,1100717,68309014,23021231,22792387,1848272,1301693,1827223,0,0,0,448,22912,29017671,302542749,3833834793,7307253310,614283140,91419769,12226505923565,14224663538,1887244915,76961809,0.5,0.5,0,0,0,67534,1480.7356294607162,50023,244.50708674009957,152,31055,421,518,50023
26,reference,1000,true,uniform,UPDATE,1100717,68309014,23021231,22792387,1848272,1301693,1827223,0,0,0,448,22912,29017671,302542749,3833834793,7307253310,614283140,91419769,12226505923565,14224663538,1887244915,76961809,0.5,0.5,0,0,0,67534,1480.7356294607162,49977,1095.0447005622586,440,32543,1333,1560,49977
26,clean-run,1000,true,uniform,READ,247,2717956,1198775,1196738,121327,50204,100290,0,0,0,448,22913,29033569,302555115,3833890087,7307294804,614383584,91419782,12226801075455,14225293349,1887262098,76965813,0.5,0.5,0,0,0,67399,1483.7015385984955,49797,241.0291583830351,150,22079,413,510,49797
26,clean-run,1000,true,uniform,UPDATE,247,2717956,1198775,1196738,121327,50204,100290,0,0,0,448,22913,29033569,302555115,3833890087,7307294804,614383584,91419782,12226801075455,14225293349,1887262098,76965813,0.5,0.5,0,0,0,67399,1483.7015385984955,50203,1092.332270979822,431,68479,1333,1544,50203
26,avg-run,1000,true,uniform,READ,8093,3719305,1609437,1598848,142391,100293,120134,0,0,0,448,22913,29033569,302555458,3833904224,7307300489,614383584,91419782,12226860878261,14225548996,1887262102,76965813,0.5,0.5,0,0,0,64124,1559.4785103861268,49937,151.88697759176563,24,5735,457,566,49937
26,avg-run,1000,true,uniform,UPDATE,8093,3719305,1609437,1598848,142391,100293,120134,0,0,0,448,22913,29033569,302555458,3833904224,7307300489,614383584,91419782,12226860878261,14225548996,1887262102,76965813,0.5,0.5,0,0,0,64124,1559.4785103861268,50063,1118.0828755767732,382,27119,1525,1655,50063
27,extend,1000,true,uniform,EXTEND,1442561,76937315,25768134,24878698,2242744,1571317,2218822,0,0,0,448,22913,29033569,302556358,3833904224,7307312313,614383584,91419782,12226937165716,14225650927,1887268511,76965813,0,0,0,0,1,14355,696.6213862765587,10000,1398.179,507,18879,1771,1905,10000
27,run,1000,true,uniform,READ,1508105,80416544,27265867,26373201,2369715,1621336,2343252,0,0,0,448,22914,29036521,302580791,3833933124,7307343026,614383584,91419782,12227240637385,14226292724,1887289239,76965813,0.5,0.5,0,0,0,70416,1420.1317882299477,50003,261.734715917045,153,32095,428,523,50003
27,run,1000,true,uniform,UPDATE,1508105,80416544,27265867,26373201,2369715,1621336,2343252,0,0,0,448,22914,29036521,302580791,3833933124,7307343026,614383584,91419782,12227240637385,14226292724,1887289239,76965813,0.5,0.5,0,0,0,70416,1420.1317882299477,49997,1135.5136308178492,453,6883,1344,1578,49997
27,reference,1000,true,uniform,READ,1201548,71701505,24464210,24229965,1975631,1351859,1949185,0,0,0,448,22914,29036754,302607054,3833987182,7307379617,614383584,91419782,12227518143687,14226948970,1887298198,76965813,0.5,0.5,0,0,0,68905,1451.2734924896597,49856,271.4746068677792,168,25695,450,543,49856
27,reference,1000,true,uniform,UPDATE,1201548,71701505,24464210,24229965,1975631,1351859,1949185,0,0,0,448,22914,29036754,302607054,3833987182,7307379617,614383584,91419782,12227518143687,14226948970,1887298198,76965813,0.5,0.5,0,0,0,68905,1451.2734924896597,50144,1092.6070317485642,440,52223,1350,1616,50144
27,clean-run,1000,true,uniform,READ,256,2974509,1499323,1497294,153574,50082,127147,0,0,0,448,22915,29052634,302622848,3834070212,7307426689,614495210,91419800,12227827811236,14227668757,1887316096,76969893,0.5,0.5,0,0,0,68742,1454.7147304413604,49919,267.49742582984436,172,29503,440,529,49919
27,clean-run,1000,true,uniform,UPDATE,256,2974509,1499323,1497294,153574,50082,127147,0,0,0,448,22915,29052634,302622848,3834070212,7307426689,614495210,91419800,12227827811236,14227668757,1887316096,76969893,0.5,0.5,0,0,0,68742,1454.7147304413604,50081,1095.0098839879395,438,11543,1340,1523,50081
27,avg-run,1000,true,uniform,READ,26429,4031727,1922558,1911992,174638,100261,146999,0,0,0,448,22915,29052634,302623221,3834077751,7307432434,614495210,91419800,12227891785571,14227965400,1887316100,76969893,0.5,0.5,0,0,0,62902,1589.7745699659788,49847,145.61401889782735,24,5079,450,559,49847
27,avg-run,1000,true,uniform,UPDATE,26429,4031727,1922558,1911992,174638,100261,146999,0,0,0,448,22915,29052634,302623221,3834077751,7307432434,614495210,91419800,12227891785571,14227965400,1887316100,76969893,0.5,0.5,0,0,0,62902,1589.7745699659788,50153,1098.3710645424999,366,24767,1516,1650,50153
28,extend,1000,true,uniform,EXTEND,1585708,80800157,27388267,26468736,2399530,1631358,2370319,0,0,0,448,22915,29052634,302624217,3834077751,7307443672,614495210,91419800,12227978003288,14228104436,1887324846,76969893,0,0,0,0,1,13836,722.7522405319456,10000,1345.8842,755,18879,1750,1891,10000
28,run,1000,true,uniform,READ,1655077,84425604,29148166,28225405,2549121,1681364,2518160,0,0,0,448,22916,29055553,302654542,3834134107,7307480028,614495210,91419800,12228295785516,14228808287,1887343711,76969893,0.5,0.5,0,0,0,73536,1359.8781549173193,50016,280.74858045425464,164,30511,461,607,50016
28,run,1000,true,uniform,UPDATE,1655077,84425604,29148166,28225405,2549121,1681364,2518160,0,0,0,448,22916,29055553,302654542,3834134107,7307480028,614495210,91419800,12228295785516,14228808287,1887343711,76969893,0.5,0.5,0,0,0,73536,1359.8781549173193,49984,1178.8070982714469,452,57887,1414,1731,49984
28,reference,1000,true,uniform,READ,1312363,75262035,26173580,25933934,2124783,1401706,2093822,0,0,0,448,22916,29055566,302687601,3834214275,7307524820,614609906,91420447,12228584779195,14229527701,1887353738,76969893,0.5,0.5,0,0,0,73289,1364.4612424784075,50175,283.1658196312905,152,6187,479,641,50175
28,reference,1000,true,uniform,UPDATE,1312363,75262035,26173580,25933934,2124783,1401706,2093822,0,0,0,448,22916,29055566,302687601,3834214275,7307524820,614609906,91420447,12228584779195,14229527701,1887353738,76969893,0.5,0.5,0,0,0,73289,1364.4612424784075,49825,1174.2071450075264,420,90239,1483,1821,49825
28,clean-run,1000,true,uniform,READ,341,3255028,1744630,1742605,181223,50191,150225,0,0,0,448,22917,29071470,302710082,3834315497,7307579530,614610112,91420455,12228904178602,14230320340,1887372977,76974591,0.5,0.5,0,0,0,71616,1396.3360142984807,49810,284.1024894599478,160,6443,457,552,49810
28,clean-run,1000,true,uniform,UPDATE,341,3255028,1744630,1742605,181223,50191,150225,0,0,0,448,22917,29071470,302710082,3834315497,7307579530,614610112,91420455,12228904178602,14230320340,1887372977,76974591,0.5,0.5,0,0,0,71616,1396.3360142984807,50190,1133.5599521817096,411,60127,1355,1674,50190
28,avg-run,1000,true,uniform,READ,32472,4401408,2303044,2292555,212287,100326,180016,0,0,0,448,22917,29071470,302710523,3834330946,7307586976,614610112,91420455,12228972043553,14230654183,1887372982,76974591,0.5,0.5,0,0,0,60336,1657.3853089366216,49891,132.73522278567276,24,30095,415,530,49891
28,avg-run,1000,true,uniform,UPDATE,32472,4401408,2303044,2292555,212287,100326,180016,0,0,0,448,22917,29071470,302710523,3834330946,7307586976,614610112,91420455,12228972043553,14230654183,1887372982,76974591,0.5,0.5,0,0,0,60336,1657.3853089366216,50109,1060.6189906004909,375,11055,1451,1618,50109
29,extend,1000,true,uniform,EXTEND,1749421,84815682,29280784,28331158,2579064,1691386,2548087,0,0,0,448,22917,29071470,302714323,3834337153,7307601426,614610112,91420455,12229058582835,14230797290,1887382057,76974591,0,0,0,0,1,13595,735.5645457888929,10000,1322.3555,619,17711,1697,2038,10000
29,run,1000,true,uniform,READ,1832309,88448885,31060775,30107919,2728366,1741386,2697433,0,0,0,448,22918,29074792,302743547,3834381169,7307638614,614610112,91420455,12229387760260,14231503268,1887400094,76974591,0.5,0.5,0,0,0,72948,1370.8395021110928,50022,296.79265123345726,163,30239,462,557,50022
29,run,1000,true,uniform,UPDATE,1832309,88448885,31060775,30107919,2728366,1741386,2697433,0,0,0,448,22918,29074792,302743547,3834381169,7307638614,614610112,91420455,12229387760260,14231503268,1887400094,76974591,0.5,0.5,0,0,0,72948,1370.8395021110928,49978,1151.2602745207892,453,7143,1363,1551,49978
29,reference,1000,true,uniform,READ,1445442,78826483,27918458,27673411,2274863,1451979,2243931,0,0,0,448,22919,29076335,302777415,3834463974,7307686828,614718693,91421197,12229715762241,14232236045,1887416408,76974591,0.5,0.5,0,0,0,72150,1386.001386001386,49749,296.1952200044222,164,23999,467,570,49749
29,reference,1000,true,uniform,UPDATE,1445442,78826483,27918458,27673411,2274863,1451979,2243931,0,0,0,448,22919,29076335,302777415,3834463974,7307686828,614718693,91421197,12229715762241,14232236045,1887416408,76974591,0.5,0.5,0,0,0,72150,1386.001386001386,50251,1130.5696603052675,434,94847,1380,1828,50251
29,clean-run,1000,true,uniform,READ,344,3256646,1747404,1745380,180196,49971,149263,0,0,0,448,22920,29091474,302798069,3834550444,7307740766,614725122,91421209,12230041669350,14233025782,1887435222,76979261,0.5,0.5,0,0,0,68681,1456.0067558713472,50030,290.4648011193284,158,5439,457,552,50030
29,clean-run,1000,true,uniform,UPDATE,344,3256646,1747404,1745380,180196,49971,149263,0,0,0,448,22920,29091474,302798069,3834550444,7307740766,614725122,91421209,12230041669350,14233025782,1887435222,76979261,0.5,0.5,0,0,0,68681,1456.0067558713472,49970,1072.795697418451,409,26591,1347,1598,49970
29,avg-run,1000,true,uniform,READ,18279,4377413,2307846,2297300,211260,99817,179051,0,0,0,448,22920,29091474,302798557,3834565946,7307748212,614725122,91421209,12230108445507,14233322139,1887435226,76979261,0.5,0.5,0,0,0,61499,1626.0426998812989,50180,140.75438421681946,24,21039,456,577,50180
29,avg-run,1000,true,uniform,UPDATE,18279,4377413,2307846,2297300,211260,99817,179051,0,0,0,448,22920,29091474,302798557,3834565946,7307748212,614725122,91421209,12230108445507,14233322139,1887435226,76979261,0.5,0.5,0,0,0,61499,1626.0426998812989,49820,1081.5601164191087,367,11151,1506,1644,49820
30,extend,1000,true,uniform,EXTEND,1911470,88797211,31192168,30213324,2758280,1751397,2727320,0,0,0,448,22920,29091474,302801957,3834571451,7307763965,614725122,91421209,12230195350636,14233442071,1887443733,76979261,0,0,0,0,1,12649,790.5763301446755,10000,1228.7726,758,19455,1539,2003,10000
30,run,1000,true,uniform,READ,2014734,92460523,32970395,31987444,2908635,1801629,2877647,0,0,0,448,22921,29095201,302829590,3834627465,7307800995,614725122,91421209,12230537035586,14234175537,1887460934,76979261,0.5,0.5,0,0,0,73710,1356.66802333469,49801,317.6085419971487,177,23839,485,583,49801
30,run,1000,true,uniform,UPDATE,2014734,92460523,32970395,31987444,2908635,1801629,2877647,0,0,0,448,22921,29095201,302829590,3834627465,7307800995,614725122,91421209,12230537035586,14234175537,1887460934,76979261,0.5,0.5,0,0,0,73710,1356.66802333469,50199,1141.6517261300025,467,13719,1374,1559,50199
30,reference,1000,true,uniform,READ,1585290,82397753,29674045,29423597,2424550,1501976,2393544,0,0,0,448,22922,29097557,302864042,3834704309,7307849072,614832806,91421400,12230895830302,14234904175,1887484988,76979261,0.5,0.5,0,0,0,74323,1345.4785194354372,50025,308.9822088955522,150,6499,478,579,50025
30,reference,1000,true,uniform,UPDATE,1585290,82397753,29674045,29423597,2424550,1501976,2393544,0,0,0,448,22922,29097557,302864042,3834704309,7307849072,614832806,91421400,12230895830302,14234904175,1887484988,76979261,0.5,0.5,0,0,0,74323,1345.4785194354372,49975,1166.3137168584292,440,30847,1389,1872,49975
30,clean-run,1000,true,uniform,READ,420,3262432,1750722,1748689,180727,50011,149727,0,0,0,448,22923,29112717,302884926,3834790566,7307903097,614846650,91421553,12231230468067,14235691734,1887502565,76984279,0.5,0.5,0,0,0,69791,1432.849507816194,49997,299.60421625297516,168,5139,463,557,49997
30,clean-run,1000,true,uniform,UPDATE,420,3262432,1750722,1748689,180727,50011,149727,0,0,0,448,22923,29112717,302884926,3834790566,7307903097,614846650,91421553,12231230468067,14235691734,1887502565,76984279,0.5,0.5,0,0,0,69791,1432.849507816194,50003,1084.987520748755,436,30239,1345,1567,50003
30,avg-run,1000,true,uniform,READ,20861,4387624,2313378,2302900,211791,99913,179533,0,0,0,448,22923,29112717,302885309,3834806170,7307910528,614846650,91421553,12231299092763,14235993118,1887502569,76984279,0.5,0.5,0,0,0,60429,1654.8345992818017,50124,130.7019192402841,24,4671,433,577,50124
30,avg-run,1000,true,uniform,UPDATE,20861,4387624,2313378,2302900,211791,99913,179533,0,0,0,448,22923,29112717,302885309,3834806170,7307910528,614846650,91421553,12231299092763,14235993118,1887502569,76984279,0.5,0.5,0,0,0,60429,1654.8345992818017,49876,1069.2373887240356,365,21199,1484,1636,49876
31,extend,1000,true,uniform,EXTEND,2091192,92806281,33101973,32093034,2938598,1811640,2907599,0,0,0,448,22923,29112717,302888609,3834811563,7307926286,614846650,91421553,12231387531058,14236113244,1887510884,76984279,0,0,0,0,1,12892,775.6748371082842,10000,1251.318,631,15127,1521,2057,10000
31,run,1000,true,uniform,READ,2200026,96465722,34884607,33871561,3088763,1861765,3057734,0,0,0,448,22924,29116512,302917055,3834864798,7307963695,614846650,91421553,12231732241182,14236848083,1887526839,76984279,0.5,0.5,0,0,0,74917,1334.8105236461683,49908,315.9543359781999,168,27999,482,571,49908
31,run,1000,true,uniform,UPDATE,2200026,96465722,34884607,33871561,3088763,1861765,3057734,0,0,0,448,22924,29116512,302917055,3834864798,7307963695,614846650,91421553,12231732241182,14236848083,1887526839,76984279,0.5,0.5,0,0,0,74917,1334.8105236461683,50092,1169.3506148686417,456,6539,1378,1587,50092
31,reference,1000,true,uniform,READ,1722675,85975959,31435371,31179522,2573840,1551809,2542814,0,0,0,448,22925,29119480,302951626,3834939439,7308011781,614954433,91421568,12232106427933,14237575054,1887563194,76984279,0.5,0.5,0,0,0,74659,1339.4232443509825,50189,310.4515730538564,185,25327,477,583,50189
31,reference,1000,true,uniform,UPDATE,1722675,85975959,31435371,31179522,2573840,1551809,2542814,0,0,0,448,22925,29119480,302951626,3834939439,7308011781,614954433,91421568,12232106427933,14237575054,1887563194,76984279,0.5,0.5,0,0,0,74659,1339.4232443509825,49811,1174.683704402642,462,15695,1401,1915,49811
31,clean-run,1000,true,uniform,READ,363,3252463,1752706,1750672,180792,49977,149772,0,0,0,448,22926,29134738,302973977,3835040882,7308066332,614972739,91421592,12232451652644,14238366423,1887581969,76989113,0.5,0.5,0,0,0,73073,1368.4945191794507,50024,309.4286142651527,195,24543,474,563,50024
31,clean-run,1000,true,uniform,UPDATE,363,3252463,1752706,1750672,180792,49977,149772,0,0,0,448,22926,29134738,302973977,3835040882,7308066332,614972739,91421592,12232451652644,14238366423,1887581969,76989113,0.5,0.5,0,0,0,73073,1368.4945191794507,49976,1141.0417000160078,435,63807,1353,1660,49976
31,avg-run,1000,true,uniform,READ,36085,4406814,2314376,2303930,211856,100039,179632,0,0,0,448,22926,29134738,302974438,3835056108,7308073776,614972739,91421592,12232524345164,14238708902,1887581974,76989113,0.5,0.5,0,0,0,63517,1574.3816616024058,49964,154.18379233047796,24,30831,462,576,49964
31,avg-run,1000,true,uniform,UPDATE,36085,4406814,2314376,2303930,211856,100039,179632,0,0,0,448,22926,29134738,302974438,3835056108,7308073776,614972739,91421592,12232524345164,14238708902,1887581974,76989113,0.5,0.5,0,0,0,63517,1574.3816616024058,50036,1104.318790470861,366,10191,1525,1655,50036
32,extend,1000,true,uniform,EXTEND,2278881,96814376,35017370,33977459,3118740,1871787,3087711,0,0,0,448,22926,29134738,302978238,3835061129,7308089358,614972739,91421592,12232615479903,14238830857,1887590258,76989113,0,0,0,0,1,14018,713.3685261806249,10000,1364.1031,567,16863,1723,1903,10000
32,run,1000,true,uniform,READ,2371964,100453832,36806285,35763144,3268108,1921637,3237076,0,0,0,448,22927,29138962,303005649,3835106781,7308125662,614972739,91421592,12232957959594,14239561058,1887605226,76989113,0.5,0.5,0,0,0,72952,1370.7643381949774,50172,314.0840508650243,208,4919,477,575,50172
32,run,1000,true,uniform,UPDATE,2371964,100453832,36806285,35763144,3268108,1921637,3237076,0,0,0,448,22927,29138962,303005649,3835106781,7308125662,614972739,91421592,12232957959594,14239561058,1887605226,76989113,0.5,0.5,0,0,0,72952,1370.7643381949774,49828,1136.4068796660513,463,28543,1376,1646,49828
32,reference,1000,true,uniform,READ,1857546,89540854,33193645,32932395,2723508,1601775,2692473,0,0,0,448,22928,29141971,303039095,3835182654,7308172820,615077326,91421860,12233343192593,14240304296,1887633615,76989113,0.5,0.5,0,0,0,74355,1344.8994687647098,50056,318.402329391082,202,6847,483,583,50056
32,reference,1000,true,uniform,UPDATE,1857546,89540854,33193645,32932395,2723508,1601775,2692473,0,0,0,448,22928,29141971,303039095,3835182654,7308172820,615077326,91421860,12233343192593,14240304296,1887633615,76989113,0.5,0.5,0,0,0,74355,1344.8994687647098,49944,1157.9968564792568,475,26831,1400,1876,49944
32,clean-run,1000,true,uniform,READ,343,3258409,1749244,1747212,181185,50106,150156,0,0,0,448,22929,29157488,303059377,3835269749,7308225744,615101388,91421873,12233702880735,14241120199,1887655060,76994537,0.5,0.5,0,0,0,71711,1394.4862015590356,49895,314.7145405351238,203,4235,479,569,49895
32,clean-run,1000,true,uniform,UPDATE,343,3258409,1749244,1747212,181185,50106,150156,0,0,0,448,22929,29157488,303059377,3835269749,7308225744,615101388,91421873,12233702880735,14241120199,1887655060,76994537,0.5,0.5,0,0,0,71711,1394.4862015590356,50105,1106.3783654325916,427,25551,1358,1630,50105
32,avg-run,1000,true,uniform,READ,20056,4384240,2312963,2302510,212249,99878,179968,0,0,0,448,22929,29157488,303059667,3835285238,7308233164,615101388,91421873,12233774371341,14241422461,1887655064,76994537,0.5,0.5,0,0,0,64126,1559.4298724386365,50254,162.41805627412742,24,18255,474,588,50254
32,avg-run,1000,true,uniform,UPDATE,20056,4384240,2312963,2302510,212249,99878,179968,0,0,0,448,22929,29157488,303059667,3835285238,7308233164,615101388,91421873,12233774371341,14241422461,1887655064,76994537,0.5,0.5,0,0,0,64126,1559.4298724386365,49746,1113.5496321312266,380,12711,1527,1664,49746
33,extend,1000,true,uniform,EXTEND,2468694,100844341,36939032,35869026,3298064,1931659,3267032,0,0,0,448,22929,29157488,303063400,3835292030,7308247338,615101388,91421873,12233872758971,14241566519,1887664504,76994537,0,0,0,0,1,13705,729.6607077708866,10000,1333.817,455,17167,1715,2099,10000
33,run,1000,true,uniform,READ,2549530,104463038,38721641,37648405,3448074,1981734,3417045,0,0,0,448,22930,29161413,303091857,3835340257,7308284175,615101388,91421873,12234212950302,14242288161,1887675799,76994537,0.5,0.5,0,0,0,73575,1359.1573224600747,49947,326.0497126954572,212,7383,493,583,49947
33,run,1000,true,uniform,UPDATE,2549530,104463038,38721641,37648405,3448074,1981734,3417045,0,0,0,448,22930,29161413,303091857,3835340257,7308284175,615101388,91421873,12234212950302,14242288161,1887675799,76994537,0.5,0.5,0,0,0,73575,1359.1573224600747,50053,1133.11481829261,473,24639,1387,1621,50053
33,reference,1000,true,uniform,READ,1991163,93115218,34947116,34680465,2873752,1651928,2842714,0,0,0,448,22931,29165050,303125080,3835417002,7308331379,615204461,91421888,12234627291932,14243034792,1887728722,76994537,0.5,0.5,0,0,0,73832,1354.4262650341316,49869,329.35749664119993,185,29279,497,596,49869
33,reference,1000,true,uniform,UPDATE,1991163,93115218,34947116,34680465,2873752,1651928,2842714,0,0,0,448,22931,29165050,303125080,3835417002,7308331379,615204461,91421888,12234627291932,14243034792,1887728722,76994537,0.5,0.5,0,0,0,73832,1354.4262650341316,50131,1133.7734734994315,464,23071,1417,1908,50131
33,clean-run,1000,true,uniform,READ,43028,3302855,1747524,1744616,181445,50212,150428,0,0,0,448,22932,29180528,303148974,3835533508,7308386968,615235231,91422228,12234999378714,14243925432,1887747786,76999632,0.5,0.5,0,0,0,75490,1324.6787653993906,49800,328.65576305220884,191,4879,492,585,49800
33,clean-run,1000,true,uniform,UPDATE,43028,3302855,1747524,1744616,181445,50212,150428,0,0,0,448,22932,29180528,303148974,3835533508,7308386968,615235231,91422228,12234999378714,14243925432,1887747786,76999632,0.5,0.5,0,0,0,75490,1324.6787653993906,50200,1166.2082270916335,438,76927,1367,1723,50200
33,avg-run,1000,true,uniform,READ,43203,4410731,2297747,2287266,212507,100359,180232,0,0,0,448,22932,29180528,303149074,3835540914,7308394362,615235231,91422228,12235070944680,14244205417,1887747790,76999632,0.5,0.5,0,0,0,64909,1540.618404227457,49868,164.8522900457207,24,14143,477,592,49868
33,avg-run,1000,true,uniform,UPDATE,43203,4410731,2297747,2287266,212507,100359,180232,0,0,0,448,22932,29180528,303149074,3835540914,7308394362,615235231,91422228,12235070944680,14244205417,1887747790,76999632,0.5,0.5,0,0,0,64909,1540.618404227457,50132,1118.9299249980052,373,21903,1537,1672,50132
34,extend,1000,true,uniform,EXTEND,2629244,104811961,38854162,37754062,3478052,1991745,3447023,0,0,0,448,22933,29181030,303152374,3835545338,7308410120,615235231,91422228,12235176889911,14244326987,1887757858,76999632,0,0,0,0,1,12666,789.5152376440865,10000,1230.8428,530,22079,1490,1771,10000
34,run,1000,true,uniform,READ,2724190,108542481,40644829,39541499,3627156,2041513,3596124,0,0,0,448,22933,29186151,303182167,3835591679,7308449591,615235231,91422228,12235514027632,14245052696,1887773159,76999982,0.5,0.5,0,0,0,73370,1362.954886193267,50254,324.51844629283244,200,7019,488,586,50254
34,run,1000,true,uniform,UPDATE,2724190,108542481,40644829,39541499,3627156,2041513,3596124,0,0,0,448,22933,29186151,303182167,3835591679,7308449591,615235231,91422228,12235514027632,14245052696,1887773159,76999982,0.5,0.5,0,0,0,73370,1362.954886193267,49746,1135.7055642664736,470,25935,1361,1630,49746
34,reference,1000,true,uniform,READ,2128229,96755972,36705738,36433686,3023465,1701899,2992433,0,0,0,448,22934,29189486,303218650,3835673145,7308500804,615338024,91422238,12235923625693,14245801988,1887818517,76999982,0.5,0.5,0,0,0,77922,1283.33461666795,50051,349.1821941619548,196,30335,516,611,50051
34,reference,1000,true,uniform,UPDATE,2128229,96755972,36705738,36433686,3023465,1701899,2992433,0,0,0,448,22934,29189486,303218650,3835673145,7308500804,615338024,91422238,12235923625693,14245801988,1887818517,76999982,0.5,0.5,0,0,0,77922,1283.33461666795,49949,1198.4583675348856,469,66047,1420,1933,49949
34,clean-run,1000,true,uniform,READ,47018,3412415,1754691,1751786,180773,49968,149726,0,0,0,448,22935,29205035,303245058,3835804342,7308560294,615376999,91422277,12236313607181,14246704517,1887843881,77005526,0.5,0.5,0,0,0,75106,1331.451548478151,50044,336.52843497722006,196,24975,498,591,50044
34,clean-run,1000,true,uniform,UPDATE,47018,3412415,1754691,1751786,180773,49968,149726,0,0,0,448,22935,29205035,303245058,3835804342,7308560294,615376999,91422277,12236313607181,14246704517,1887843881,77005526,0.5,0.5,0,0,0,75106,1331.451548478151,49956,1154.8759908719674,468,72319,1367,1662,49956
34,avg-run,1000,true,uniform,READ,47206,4562630,2308930,2298411,211835,99983,179509,0,0,0,448,22935,29205035,303245158,3835810860,7308568113,615376999,91422277,12236386594982,14246982938,1887843885,77005526,0.5,0.5,0,0,0,62438,1601.5887760658572,50000,147.4407,24,4739,461,580,50000
34,avg-run,1000,true,uniform,UPDATE,47206,4562630,2308930,2298411,211835,99983,179509,0,0,0,448,22935,29205035,303245158,3835810860,7308568113,615376999,91422277,12236386594982,14246982938,1887843885,77005526,0.5,0.5,0,0,0,62438,1601.5887760658572,50000,1090.28688,365,21375,1513,1645,50000
35,extend,1000,true,uniform,EXTEND,2814494,108897955,40777362,39647168,3657140,2051524,3626108,0,0,0,448,22936,29206184,303249158,3835823057,7308586622,615376999,91422277,12236516735651,14247103816,1887858795,77005526,0,0,0,0,1,13011,768.5804319422027,10000,1265.6943,471,19087,1511,1737,10000
35,run,1000,true,uniform,READ,2907967,112668453,42563466,41430042,3806772,2101467,3775737,0,0,0,448,22936,29208901,303281054,3835875296,7308630102,615376999,91422277,12236843197271,14247830776,1887868362,77005526,0.5,0.5,0,0,0,74160,1348.4358144552318,50079,337.9889973841331,209,7979,504,603,50079
35,run,1000,true,uniform,UPDATE,2907967,112668453,42563466,41430042,3806772,2101467,3775737,0,0,0,448,22936,29208901,303281054,3835875296,7308630102,615376999,91422277,12236843197271,14247830776,1887868362,77005526,0.5,0.5,0,0,0,74160,1348.4358144552318,49921,1135.1780413052622,455,28831,1366,1617,49921
35,reference,1000,true,uniform,READ,2273943,100436970,38459767,38182314,3173604,1752023,3142566,0,0,0,448,22937,29212629,303318605,3835967183,7308689674,615476285,91422299,12237295326904,14248581255,1887926465,77005526,0.5,0.5,0,0,0,79741,1254.0600193125242,49898,350.29830854944083,208,7555,521,621,49898
35,reference,1000,true,uniform,UPDATE,2273943,100436970,38459767,38182314,3173604,1752023,3142566,0,0,0,448,22937,29212629,303318605,3835967183,7308689674,615476285,91422299,12237295326904,14248581255,1887926465,77005526,0.5,0.5,0,0,0,79741,1254.0600193125242,50102,1230.4231567602092,475,58623,1454,1913,50102
35,clean-run,1000,true,uniform,READ,973,3436609,1752120,1750093,180906,50004,149871,0,0,0,448,22938,29227875,303342347,3836091375,7308747266,615525000,91422356,12237686780955,14249415618,1887953645,77011197,0.5,0.5,0,0,0,75908,1317.3842019286506,49997,331.33802028121687,212,7907,497,586,49997
35,clean-run,1000,true,uniform,UPDATE,973,3436609,1752120,1750093,180906,50004,149871,0,0,0,448,22938,29227875,303342347,3836091375,7308747266,615525000,91422356,12237686780955,14249415618,1887953645,77011197,0.5,0.5,0,0,0,75908,1317.3842019286506,50003,1175.3465392076475,446,66047,1372,1683,50003
35,avg-run,1000,true,uniform,READ,36203,4626576,2310468,2299955,211970,100288,179659,0,0,0,448,22938,29227875,303342847,3836098968,7308755258,615525000,91422356,12237765077408,14249758672,1887953650,77011197,0.5,0.5,0,0,0,62210,1607.4586079408455,49742,147.0550842346508,24,30559,465,600,49742
35,avg-run,1000,true,uniform,UPDATE,36203,4626576,2310468,2299955,211970,100288,179659,0,0,0,448,22938,29227875,303342847,3836098968,7308755258,615525000,91422356,12237765077408,14249758672,1887953650,77011197,0.5,0.5,0,0,0,62210,1607.4586079408455,50258,1081.3640216482947,376,15639,1502,1642,50258
36,extend,1000,true,uniform,EXTEND,3000480,113025127,42695954,41535666,3836732,2111478,3805697,0,0,0,448,22939,29228992,303346747,3836110377,7308773809,615525000,91422356,12237894813850,14249879884,1887968619,77011197,0,0,0,0,1,12894,775.5545214828602,10000,1251.7583,544,18415,1499,1680,10000
36,run,1000,true,uniform,READ,3094768,116775315,44477444,43313926,3986883,2161598,3955860,0,0,0,448,22939,29232403,303380076,3836155473,7308818444,615525000,91422356,12238233810710,14250623047,1887978964,77011197,0.5,0.5,0,0,0,76558,1306.199221505264,49902,349.73995030259306,214,26559,515,601,49902
36,run,1000,true,uniform,UPDATE,3094768,116775315,44477444,43313926,3986883,2161598,3955860,0,0,0,448,22939,29232403,303380076,3836155473,7308818444,615525000,91422356,12238233810710,14250623047,1887978964,77011197,0.5,0.5,0,0,0,76558,1306.199221505264,50098,1168.2459778833486,463,12055,1381,1662,50098
36,reference,1000,true,uniform,READ,2427045,104112772,40212845,39929991,3323884,1802188,3292846,0,0,0,448,22940,29236250,303417217,3836245230,7308881296,615623986,91422383,12238688248369,14251386534,1888038170,77011197,0.5,0.5,0,0,0,77727,1286.554221827679,49857,340.46862025392625,210,28703,507,608,49857
36,reference,1000,true,uniform,UPDATE,2427045,104112772,40212845,39929991,3323884,1802188,3292846,0,0,0,448,22940,29236250,303417217,3836245230,7308881296,615623986,91422383,12238688248369,14251386534,1888038170,77011197,0.5,0.5,0,0,0,77727,1286.554221827679,50143,1199.886345053148,450,79295,1445,1791,50143
36,clean-run,1000,true,uniform,READ,47300,3476070,1753680,1750695,180890,50023,149864,0,0,0,448,22941,29250537,303442957,3836383960,7308941446,615674637,91422512,12239100382008,14252322332,1888066378,77016901,0.5,0.5,0,0,0,75561,1323.4340466642846,49989,344.1052831622957,219,4859,512,596,49989
36,clean-run,1000,true,uniform,UPDATE,47300,3476070,1753680,1750695,180890,50023,149864,0,0,0,448,22941,29250537,303442957,3836383960,7308941446,615674637,91422512,12239100382008,14252322332,1888066378,77016901,0.5,0.5,0,0,0,75561,1323.4340466642846,50011,1155.3032532842774,409,64671,1388,1635,50011
36,avg-run,1000,true,uniform,READ,47526,4630092,2308033,2297395,211952,100282,179680,0,0,0,448,22941,29250537,303443157,3836391752,7308949387,615674637,91422512,12239176511127,14252608076,1888066382,77016901,0.5,0.5,0,0,0,64181,1558.0935167728767,49756,158.00946619503176,24,26575,472,606,49756
36,avg-run,1000,true,uniform,UPDATE,47526,4630092,2308033,2297395,211952,100282,179680,0,0,0,448,22941,29250537,303443157,3836391752,7308949387,615674637,91422512,12239176511127,14252608076,1888066382,77016901,0.5,0.5,0,0,0,64181,1558.0935167728767,50244,1109.7865615794922,371,8983,1518,1648,50244
37,extend,1000,true,uniform,EXTEND,3190127,117130639,44610046,43419664,4016859,2171609,3985835,0,0,0,448,22942,29252867,303447057,3836397831,7308967739,615674637,91422512,12239306864838,14252730471,1888081479,77016901,0,0,0,0,1,12846,778.4524365561264,10000,1249.5856,475,17647,1490,1673,10000
37,run,1000,true,uniform,READ,3279397,120886856,46386113,45192500,4167538,2221914,4136512,0,0,0,448,22942,29253632,303480929,3836439705,7309015455,615674637,91422512,12239640921584,14253470347,1888087947,77016901,0.5,0.5,0,0,0,77411,1291.8060740721603,49717,352.2931793953778,197,24751,522,621,49717
37,run,1000,true,uniform,UPDATE,3279397,120886856,46386113,45192500,4167538,2221914,4136512,0,0,0,448,22942,29253632,303480929,3836439705,7309015455,615674637,91422512,12239640921584,14253470347,1888087947,77016901,0.5,0.5,0,0,0,77411,1291.8060740721603,50283,1179.5373784380406,419,10375,1380,1676,50283
37,reference,1000,true,uniform,READ,2573783,107819474,41974119,41685864,3473258,1852048,3442223,0,0,0,448,22943,29257807,303518975,3836527562,7309081121,615773509,91422538,12240111393167,14254227246,1888147688,77016901,0.5,0.5,0,0,0,78561,1272.8962207711206,50162,357.59626809138393,221,25039,525,630,50162
37,reference,1000,true,uniform,UPDATE,2573783,107819474,41974119,41685864,3473258,1852048,3442223,0,0,0,448,22943,29257807,303518975,3836527562,7309081121,615773509,91422538,12240111393167,14254227246,1888147688,77016901,0.5,0.5,0,0,0,78561,1272.8962207711206,49838,1204.8821782575544,465,43935,1461,1808,49838
37,clean-run,1000,true,uniform,READ,1462,3379480,1744484,1742458,181758,50288,150714,0,0,0,448,22944,29272327,303543779,3836658972,7309143479,615830116,91422654,12240523674420,14255083241,1888178435,77022515,0.5,0.5,0,0,0,74965,1333.9558460614953,49713,341.00144831331846,218,28047,507,602,49713
37,clean-run,1000,true,uniform,UPDATE,1462,3379480,1744484,1742458,181758,50288,150714,0,0,0,448,22944,29272327,303543779,3836658972,7309143479,615830116,91422654,12240523674420,14255083241,1888178435,77022515,0.5,0.5,0,0,0,74965,1333.9558460614953,50287,1142.14093105574,465,41919,1384,1734,50287
37,avg-run,1000,true,uniform,READ,37384,4553963,2303025,2292428,212822,100323,180517,0,0,0,448,22944,29272327,303544233,3836666510,7309151823,615830116,91422654,12240604618968,14255422373,1888178440,77022515,0.5,0.5,0,0,0,64372,1553.470452991984,49991,165.33756076093698,24,25679,476,603,49991
37,avg-run,1000,true,uniform,UPDATE,37384,4553963,2303025,2292428,212822,100323,180517,0,0,0,448,22944,29272327,303544233,3836666510,7309151823,615830116,91422654,12240604618968,14255422373,1888178440,77022515,0.5,0.5,0,0,0,64372,1553.470452991984,50009,1110.789537883181,376,11815,1531,1664,50009
38,extend,1000,true,uniform,EXTEND,3372398,121238306,46518612,45298135,4197515,2231925,4166482,0,0,0,448,22945,29274573,303548485,3836679660,7309170468,615830116,91422654,12240731998140,14255544261,1888192879,77022515,0,0,0,0,1,13102,763.2422530911311,10000,1273.4189,562,20847,1491,1670,10000
38,run,1000,true,uniform,READ,3444057,125026270,48304838,47081131,4346997,2281839,4315986,0,0,0,448,22945,29275933,303581318,3836710648,7309214908,615830116,91422654,12241074772464,14256258951,1888201946,77022515,0.5,0.5,0,0,0,77410,1291.822761917065,50108,365.61455256645644,229,11303,531,625,50108
38,run,1000,true,uniform,UPDATE,3444057,125026270,48304838,47081131,4346997,2281839,4315986,0,0,0,448,22945,29275933,303581318,3836710648,7309214908,615830116,91422654,12241074772464,14256258951,1888201946,77022515,0.5,0.5,0,0,0,77410,1291.822761917065,49892,1172.3870961276357,466,29039,1387,1645,49892
38,reference,1000,true,uniform,READ,2716879,111503880,43724656,43431000,3623712,1902286,3592689,0,0,0,448,22946,29280125,303617494,3836807557,7309273294,615928189,91422778,12241504954337,14257039748,1888233866,77022515,0.5,0.5,0,0,0,78881,1267.7324070435213,49784,354.8585288446087,218,32927,523,626,49784
38,reference,1000,true,uniform,UPDATE,2716879,111503880,43724656,43431000,3623712,1902286,3592689,0,0,0,448,22946,29280125,303617494,3836807557,7309273294,615928189,91422778,12241504954337,14257039748,1888233866,77022515,0.5,0.5,0,0,0,78881,1267.7324070435213,50216,1207.4559502947268,446,45343,1432,1930,50216
38,clean-run,1000,true,uniform,READ,52671,3378450,1753947,1751034,180693,49974,149682,0,0,0,448,22947,29294833,303647093,3836961936,7309337637,615987181,91422878,12241930303376,14257973715,1888268544,77028691,0.5,0.5,0,0,0,78718,1270.3574785944766,50044,363.78133242746384,194,31007,530,621,50044
38,clean-run,1000,true,uniform,UPDATE,52671,3378450,1753947,1751034,180693,49974,149682,0,0,0,448,22947,29294833,303647093,3836961936,7309337637,615987181,91422878,12241930303376,14257973715,1888268544,77028691,0.5,0.5,0,0,0,78718,1270.3574785944766,49956,1199.6846825206183,410,69567,1397,1949,49956
38,avg-run,1000,true,uniform,READ,52902,4531314,2317768,2307175,211755,99873,179507,0,0,0,448,22947,29294833,303647293,3836966532,7309345967,615987181,91422878,12242009168411,14258257788,1888268548,77028691,0.5,0.5,0,0,0,63947,1563.7950177490734,50116,162.27180940218693,24,5699,468,597,50116
38,avg-run,1000,true,uniform,UPDATE,52902,4531314,2317768,2307175,211755,99873,179507,0,0,0,448,22947,29294833,303647293,3836966532,7309345967,615987181,91422878,12242009168411,14258257788,1888268548,77028691,0.5,0.5,0,0,0,63947,1563.7950177490734,49884,1107.5385895277043,370,27103,1523,1655,49884
39,extend,1000,true,uniform,EXTEND,3548800,125385892,48437322,47186751,4377061,2291850,4345956,0,0,0,448,22948,29297007,303651393,3836978057,7309363847,615987181,91422878,12242129657085,14258380513,1888279938,77028691,0,0,0,0,1,13108,762.8928898382667,10000,1272.1955,517,9703,1495,1669,10000
39,run,1000,true,uniform,READ,3618887,129120557,50220011,48966210,4527197,2341955,4496158,0,0,0,448,22948,29297029,303684377,3837044236,7309411306,615987181,91422878,12242476322360,14259089045,1888287077,77028691,0.5,0.5,0,0,0,77923,1283.3181474019225,49917,358.73361780555723,223,5259,526,611,49917
39,run,1000,true,uniform,UPDATE,3618887,129120557,50220011,48966210,4527197,2341955,4496158,0,0,0,448,22948,29297029,303684377,3837044236,7309411306,615987181,91422878,12242476322360,14259089045,1888287077,77028691,0.5,0.5,0,0,0,77923,1283.3181474019225,50083,1186.634726354252,474,27343,1390,1655,50083
39,reference,1000,true,uniform,READ,2860176,115171062,45485727,45186670,3773065,1952143,3742042,0,0,0,448,22949,29300719,303722192,3837145309,7309475256,616085436,91422919,12242928585283,14259871546,1888319288,77028691,0.5,0.5,0,0,0,80175,1247.2715933894606,50165,362.0794976577295,201,16199,531,642,50165
39,reference,1000,true,uniform,UPDATE,2860176,115171062,45485727,45186670,3773065,1952143,3742042,0,0,0,448,22949,29300719,303722192,3837145309,7309475256,616085436,91422919,12242928585283,14259871546,1888319288,77028691,0.5,0.5,0,0,0,80175,1247.2715933894606,49835,1232.5078759907694,514,43231,1439,1888,49835
39,clean-run,1000,true,uniform,READ,2967,3362774,1752419,1750388,180832,49983,149803,0,0,0,448,22950,29315665,303750023,3837263272,7309537487,616149627,91424790,12243363925404,14260760675,1888338256,77028691,0.5,0.5,0,0,0,76937,1299.7647425815928,50018,367.1505857891159,231,28735,534,626,50018
39,clean-run,1000,true,uniform,UPDATE,2967,3362774,1752419,1750388,180832,49983,149803,0,0,0,448,22950,29315665,303750023,3837263272,7309537487,616149627,91424790,12243363925404,14260760675,1888338256,77028691,0.5,0.5,0,0,0,76937,1299.7647425815928,49982,1160.157376655596,454,10847,1402,1858,49982
39,avg-run,1000,true,uniform,READ,54042,4566676,2310613,2300003,211896,99987,179609,0,0,0,448,22950,29315665,303750444,3837278538,7309545805,616149627,91424790,12243450010086,14261141169,1888338261,77028691,0.5,0.5,0,0,0,63724,1569.267465946896,50022,157.56203270560954,24,7611,476,608,50022
39,avg-run,1000,true,uniform,UPDATE,54042,4566676,2310613,2300003,211896,99987,179609,0,0,0,448,22950,29315665,303750444,3837278538,7309545805,616149627,91424790,12243450010086,14261141169,1888338261,77028691,0.5,0.5,0,0,0,63724,1569.267465946896,49978,1105.6120893193006,359,25247,1514,1645,49978
40,extend,1000,true,uniform,EXTEND,3774279,129577656,50354346,49072803,4558096,2351988,4526350,0,0,0,448,22951,29317282,303754744,3837293106,7309563453,616149627,91424790,12243572332624,14261299406,1888350865,77028691,0,0,0,0,1,13418,745.2675510508273,10000,1304.5387,516,18351,1690,2357,10000
40,run,1000,true,uniform,READ,3880535,133314222,52146267,50861494,4708028,2402028,4676995,0,0,0,448,22951,29317300,303790884,3837348816,7309612862,616149627,91424790,12243925990658,14262045794,1888355176,77028691,0.5,0.5,0,0,0,79225,1262.2278321236984,49982,373.4999799927974,246,5763,538,624,49982
40,run,1000,true,uniform,UPDATE,3880535,133314222,52146267,50861494,4708028,2402028,4676995,0,0,0,448,22951,29317300,303790884,3837348816,7309612862,616149627,91424790,12243925990658,14262045794,1888355176,77028691,0.5,0.5,0,0,0,79225,1262.2278321236984,50018,1198.4922627853973,456,26607,1397,1663,50018
40,reference,1000,true,uniform,READ,3067301,118906539,47246023,46940688,3922636,2002083,3891625,0,0,0,448,22952,29320684,303829754,3837435325,7309674298,616247480,91424828,12244392113895,14262816879,1888400656,77028691,0.5,0.5,0,0,0,79917,1251.2982219052267,50093,370.0059090092428,229,25311,542,649,50093
40,reference,1000,true,uniform,UPDATE,3067301,118906539,47246023,46940688,3922636,2002083,3891625,0,0,0,448,22952,29320684,303829754,3837435325,7309674298,616247480,91424828,12244392113895,14262816879,1888400656,77028691,0.5,0.5,0,0,0,79917,1251.2982219052267,49907,1217.8505219708659,462,38751,1453,1906,49907
40,clean-run,1000,true,uniform,READ,51495,3428175,1751689,1748787,181107,50078,150066,0,0,0,448,22953,29336005,303857206,3837572452,7309736544,616313032,91424890,12244837653131,14263745716,1888425563,77035070,0.5,0.5,0,0,0,77569,1289.174799211025,49934,369.1637161052589,240,7339,536,618,49934
40,clean-run,1000,true,uniform,UPDATE,51495,3428175,1751689,1748787,181107,50078,150066,0,0,0,448,22953,29336005,303857206,3837572452,7309736544,616313032,91424890,12244837653131,14263745716,1888425563,77035070,0.5,0.5,0,0,0,77569,1289.174799211025,50066,1169.0550673111493,454,50559,1410,1758,50066
40,avg-run,1000,true,uniform,READ,51727,4573030,2308429,2297869,212169,100086,179876,0,0,0,448,22953,29336005,303857306,3837580145,7309744860,616313032,91424890,12244919562645,14264032328,1888425567,77035070,0.5,0.5,0,0,0,63688,1570.1545032031152,50007,163.06841042254084,24,5507,480,613,50007
40,avg-run,1000,true,uniform,UPDATE,51727,4573030,2308429,2297869,212169,100086,179876,0,0,0,448,22953,29336005,303857306,3837580145,7309744860,616313032,91424890,12244919562645,14264032328,1888425567,77035070,0.5,0.5,0,0,0,63688,1570.1545032031152,49993,1099.6859360310443,371,16039,1519,1645,49993
41,extend,1000,true,uniform,EXTEND,3971538,133685600,52282317,50970680,4743347,2412039,4708737,0,0,0,448,22954,29337594,303861306,3837587691,7309764531,616313032,91424890,12245044766035,14264167946,1888436930,77035070,0,0,0,0,1,12525,798.4031936127744,10000,1216.5836,555,15655,1481,1801,10000
41,run,1000,true,uniform,READ,4118298,137589889,54432038,53117171,4931214,2462253,4892740,0,0,0,448,22954,29337607,303898519,3837669704,7309842247,616313032,91424890,12245411951079,14265028295,1888441478,77035070,0.5,0.5,0,0,0,79391,1259.5886183572445,49808,371.4745823964022,224,5499,536,622,49808
41,run,1000,true,uniform,UPDATE,4118298,137589889,54432038,53117171,4931214,2462253,4892740,0,0,0,448,22954,29337607,303898519,3837669704,7309842247,616313032,91424890,12245411951079,14265028295,1888441478,77035070,0.5,0.5,0,0,0,79391,1259.5886183572445,50192,1201.3591010519606,413,47775,1398,1707,50192
41,reference,1000,true,uniform,READ,3250058,122745117,49336139,49025403,4109314,2051971,4070826,0,0,0,448,22955,29340763,303936495,3837790738,7309935123,616407785,91425429,12245900143503,14265907092,1888493436,77035070,0.5,0.5,0,0,0,80044,1249.3128779171457,50134,381.1695655642877,211,26543,547,645,50134
41,reference,1000,true,uniform,UPDATE,3250058,122745117,49336139,49025403,4109314,2051971,4070826,0,0,0,448,22955,29340763,303936495,3837790738,7309935123,616407785,91425429,12245900143503,14265907092,1888493436,77035070,0.5,0.5,0,0,0,80044,1249.3128779171457,49866,1210.3346969879276,399,66495,1464,1949,49866
41,clean-run,1000,true,uniform,READ,79685,3733267,2162177,2159272,225808,50049,187312,0,0,0,448,22956,29353115,303969381,3837988215,7310021282,616480038,91425781,12246364361097,14266985493,1888525987,77041644,0.5,0.5,0,0,0,79774,1253.5412540426705,49963,374.1128435041931,234,29919,538,627,49963
41,clean-run,1000,true,uniform,UPDATE,79685,3733267,2162177,2159272,225808,50049,187312,0,0,0,448,22956,29353115,303969381,3837988215,7310021282,616480038,91425781,12246364361097,14266985493,1888525987,77041644,0.5,0.5,0,0,0,79774,1253.5412540426705,50037,1208.5772528329037,449,68607,1404,1757,50037
41,avg-run,1000,true,uniform,READ,80315,4882302,2737689,2727179,256870,100150,217107,0,0,0,448,22957,29354501,303969581,3837997521,7310030002,616480038,91425781,12246468278708,14267272373,1888533723,77041644,0.5,0.5,0,0,0,65124,1535.5322154658804,49914,167.61213286853388,24,32895,489,621,49914
41,avg-run,1000,true,uniform,UPDATE,80315,4882302,2737689,2727179,256870,100150,217107,0,0,0,448,22957,29354501,303969581,3837997521,7310030002,616480038,91425781,12246468278708,14267272373,1888533723,77041644,0.5,0.5,0,0,0,65124,1535.5322154658804,50086,1121.5846543944415,366,7279,1529,1659,50086
42,extend,1000,true,uniform,EXTEND,4228155,137988804,54588709,53246978,4971034,2472264,4931060,0,0,0,448,22957,29355458,303973690,3838006618,7310052866,616480038,91425781,12246589707930,14267421492,1888545099,77041644,0,0,0,0,1,13087,764.1170627340108,10000,1272.9384,504,20687,1497,1685,10000
42,run,1000,true,uniform,READ,4397741,142005831,56918432,55573471,5169707,2522164,5128825,0,0,0,448,22957,29355458,304013313,3838092687,7310169266,616615353,91426233,12246958765777,14268286149,1888547738,77041644,0.5,0.5,0,0,0,79962,1250.5940321652786,50122,384.68606599896253,239,28623,551,644,50122
42,run,1000,true,uniform,UPDATE,4397741,142005831,56918432,55573471,5169707,2522164,5128825,0,0,0,448,22957,29355458,304013313,3838092687,7310169266,616615353,91426233,12246958765777,14268286149,1888547738,77041644,0.5,0.5,0,0,0,79962,1250.5940321652786,49878,1204.7039576566824,395,21231,1409,1721,49878
42,reference,1000,true,uniform,READ,3472402,126657255,51602087,51285950,4309269,2102183,4268387,0,0,0,448,22958,29356141,304052980,3838265185,7310302191,616615353,91426233,12247429288604,14269212557,1888605771,77041644,0.5,0.5,0,0,0,81143,1232.392196492612,49810,378.3247540654487,242,5147,544,648,49810
42,reference,1000,true,uniform,UPDATE,3472402,126657255,51602087,51285950,4309269,2102183,4268387,0,0,0,448,22958,29356141,304052980,3838265185,7310302191,616615353,91426233,12247429288604,14269212557,1888605771,77041644,0.5,0.5,0,0,0,81143,1232.392196492612,50190,1229.620183303447,496,59743,1448,1843,50190
42,clean-run,1000,true,uniform,READ,22312,3758493,2288811,2286780,240701,50158,199792,0,0,0,448,22959,29368893,304086858,3838498708,7310404473,616694045,91427330,12247893723023,14270256657,1888650377,77041644,0.5,0.5,0,0,0,80839,1237.0266826655452,49843,384.00150472483597,231,5567,550,634,49843
42,clean-run,1000,true,uniform,UPDATE,22312,3758493,2288811,2286780,240701,50158,199792,0,0,0,448,22959,29368893,304086858,3838498708,7310404473,616694045,91427330,12247893723023,14270256657,1888650377,77041644,0.5,0.5,0,0,0,80839,1237.0266826655452,50157,1218.5852423390554,422,96063,1429,1906,50157
42,avg-run,1000,true,uniform,READ,97865,4956667,2998913,2988428,281765,100113,239536,0,0,0,448,22960,29371353,304087258,3838515026,7310416188,616694045,91427330,12248049299512,14270693292,1888660227,77041644,0.5,0.5,0,0,0,65488,1526.99731248473,50071,171.135767210561,24,32447,482,625,50071
42,avg-run,1000,true,uniform,UPDATE,97865,4956667,2998913,2988428,281765,100113,239536,0,0,0,448,22960,29371353,304087258,3838515026,7310416188,616694045,91427330,12248049299512,14270693292,1888660227,77041644,0.5,0.5,0,0,0,65488,1526.99731248473,49929,1128.6260690180056,364,7543,1545,1685,49929
43,extend,1000,true,uniform,EXTEND,4521124,142410167,57080548,55708723,5209541,2532175,5168654,0,0,0,448,22960,29371908,304092287,3838528734,7310438719,616694045,91427330,12248168814222,14270843124,1888671211,77041644,0,0,0,0,1,13224,756.2008469449486,10000,1285.0255,539,24399,1565,2359,10000
43,run,1000,true,uniform,READ,4749754,146470583,59425250,58049318,5408259,2582047,5367317,0,0,0,448,22961,29373333,304132725,3838669433,7310567023,616836171,91428191,12248608230645,14271766094,1888692445,77041644,0.5,0.5,0,0,0,81172,1231.9519045976444,50161,384.80353262494765,251,5935,552,647,50161
43,run,1000,true,uniform,UPDATE,4749754,146470583,59425250,58049318,5408259,2582047,5367317,0,0,0,448,22961,29373333,304132725,3838669433,7310567023,616836171,91428191,12248608230645,14271766094,1888692445,77041644,0.5,0.5,0,0,0,81172,1231.9519045976444,49839,1229.5494692911175,502,50815,1442,1878,49839
43,reference,1000,true,uniform,READ,3784581,130627985,53895788,53573320,4509602,2152452,4468679,0,0,0,448,22961,29373397,304173898,3838819480,7310703078,616921411,91428297,12249051664745,14272689591,1888717260,77041644,0.5,0.5,0,0,0,85095,1175.15717727246,49764,389.3751306165099,239,7059,559,667,49764
43,reference,1000,true,uniform,UPDATE,3784581,130627985,53895788,53573320,4509602,2152452,4468679,0,0,0,448,22961,29373397,304173898,3838819480,7310703078,616921411,91428297,12249051664745,14272689591,1888717260,77041644,0.5,0.5,0,0,0,85095,1175.15717727246,50236,1296.4836372322636,503,69567,1458,2771,50236
43,clean-run,1000,true,uniform,READ,27432,3821372,2296686,2294655,240338,50022,199407,0,0,0,448,22962,29385653,304205111,3839019618,7310806693,616921601,91428692,12249526408400,14273708754,1888750794,77048515,0.5,0.5,0,0,0,80980,1234.8728081007657,49986,395.9096346977154,251,26143,560,650,49986
43,clean-run,1000,true,uniform,UPDATE,27432,3821372,2296686,2294655,240338,50022,199407,0,0,0,448,22962,29385653,304205111,3839019618,7310806693,616921601,91428692,12249526408400,14273708754,1888750794,77048515,0.5,0.5,0,0,0,80980,1234.8728081007657,50014,1211.7750829767665,455,63359,1420,1976,50014
43,avg-run,1000,true,uniform,READ,89014,4991524,2992107,2981629,281402,99982,239211,0,0,0,448,22963,29388127,304205811,3839041663,7310818931,616921601,91428692,12249683051399,14274116742,1888760627,77048515,0.5,0.5,0,0,0,66510,1503.5333032626672,50066,180.0978108896257,24,8359,496,631,50066
43,avg-run,1000,true,uniform,UPDATE,89014,4991524,2992107,2981629,281402,99982,239211,0,0,0,448,22963,29388127,304205811,3839041663,7310818931,616921601,91428692,12249683051399,14274116742,1888760627,77048515,0.5,0.5,0,0,0,66510,1503.5333032626672,49934,1140.2061721472344,376,22031,1552,1690,49934
44,extend,1000,true,uniform,EXTEND,4861893,146875714,59587495,58184699,5448147,2592058,5407202,0,0,0,448,22963,29388825,304210881,3839051396,7310841424,616921601,91428692,12249804661719,14274266724,1888771306,77048515,0,0,0,0,1,13027,767.6364473785216,10000,1267.2398,533,17087,1521,1785,10000
44,run,1000,true,uniform,READ,5073756,150907062,61924289,60518263,5647994,2642165,5607023,0,0,0,448,22964,29390136,304251746,3839150439,7310974235,617062821,91428801,12250249342662,14275142419,1888784145,77048515,0.5,0.5,0,0,0,81911,1220.8372501861777,49915,415.92781728939195,257,33983,580,674,49915
44,run,1000,true,uniform,UPDATE,5073756,150907062,61924289,60518263,5647994,2642165,5607023,0,0,0,448,22964,29390136,304251746,3839150439,7310974235,617062821,91428801,12250249342662,14275142419,1888784145,77048515,0.5,0.5,0,0,0,81911,1220.8372501861777,50085,1208.9918139163422,500,13071,1430,1840,50085
44,reference,1000,true,uniform,READ,4044162,134601501,56197179,55869310,4709317,2202519,4668335,0,0,0,448,22965,29391032,304292420,3839331502,7311126931,617143669,91428875,12250723081236,14276063290,1888830457,77048515,0.5,0.5,0,0,0,84065,1189.5557009456968,49955,408.2533079771795,247,36927,572,662,49955
44,reference,1000,true,uniform,UPDATE,4044162,134601501,56197179,55869310,4709317,2202519,4668335,0,0,0,448,22965,29391032,304292420,3839331502,7311126931,617143669,91428875,12250723081236,14276063290,1888830457,77048515,0.5,0.5,0,0,0,84065,1189.5557009456968,50045,1260.1402138075732,480,71679,1460,1871,50045
44,clean-run,1000,true,uniform,READ,22130,3794832,2301058,2299025,240092,49916,199121,0,0,0,448,22966,29405909,304323216,3839526235,7311225939,617147049,91430720,12251227683119,14277128200,1888893139,77048515,0.5,0.5,0,0,0,79434,1258.906765364957,50085,407.17705899970053,217,5019,567,656,50085
44,clean-run,1000,true,uniform,UPDATE,22130,3794832,2301058,2299025,240092,49916,199121,0,0,0,448,22966,29405909,304323216,3839526235,7311225939,617147049,91430720,12251227683119,14277128200,1888893139,77048515,0.5,0.5,0,0,0,79434,1258.906765364957,49915,1170.9762796754483,435,85759,1424,1926,49915
44,avg-run,1000,true,uniform,READ,71256,4960913,3009383,2998855,281156,100180,238837,0,0,0,448,22967,29407685,304323916,3839542862,7311237854,617147049,91430720,12251368291864,14277510361,1888900315,77048515,0.5,0.5,0,0,0,64422,1552.2647542764894,49762,168.1631164342269,24,6851,486,620,49762
44,avg-run,1000,true,uniform,UPDATE,71256,4960913,3009383,2998855,281156,100180,238837,0,0,0,448,22967,29407685,304323916,3839542862,7311237854,617147049,91430720,12251368291864,14277510361,1888900315,77048515,0.5,0.5,0,0,0,64422,1552.2647542764894,50238,1104.3377722043074,378,28783,1531,1675,50238
45,extend,1000,true,uniform,EXTEND,5225711,151377774,62087833,60654066,5687943,2652187,5646963,0,0,0,448,22967,29408640,304329033,3839558019,7311259454,617147049,91430720,12251495092658,14277698051,1888911817,77048515,0,0,0,0,1,14199,704.2749489400662,10000,1382.257,529,18191,1742,2181,10000
45,run,1000,true,uniform,READ,5437776,155407801,64424208,62987211,5887729,2702300,5846762,0,0,0,448,22968,29410453,304368753,3839675656,7311391402,617285666,91431040,12251968503461,14278584584,1888941257,77048515,0.5,0.5,0,0,0,82355,1214.2553579017667,49909,423.07860305756475,261,31615,585,679,49909
45,run,1000,true,uniform,UPDATE,5437776,155407801,64424208,62987211,5887729,2702300,5846762,0,0,0,448,22968,29410453,304368753,3839675656,7311391402,617285666,91431040,12251968503461,14278584584,1888941257,77048515,0.5,0.5,0,0,0,82355,1214.2553579017667,50091,1210.0713900700725,489,19791,1459,1740,50091
45,reference,1000,true,uniform,READ,4378253,138609864,58494256,58160104,4909501,2252735,4868562,0,0,0,448,22969,29412166,304411900,3839831521,7311541780,617364711,91433961,12252495134693,14279508785,1888976804,77048515,0.5,0.5,0,0,0,89182,1121.302504989796,49817,433.3354276652548,255,4419,604,729,49817
45,reference,1000,true,uniform,UPDATE,4378253,138609864,58494256,58160104,4909501,2252735,4868562,0,0,0,448,22969,29412166,304411900,3839831521,7311541780,617364711,91433961,12252495134693,14279508785,1888976804,77048515,0.5,0.5,0,0,0,89182,1121.302504989796,50183,1334.6148097961461,508,72255,1496,3241,50183
45,clean-run,1000,true,uniform,READ,24540,3796013,2293893,2291862,240927,50116,199986,0,0,0,448,22970,29422900,304443575,3840038116,7311641850,617376095,91434663,12252996513029,14280540826,1889012673,77055778,0.5,0.5,0,0,0,83407,1198.9401369189636,49885,432.30413952089805,240,30527,595,683,49885
45,clean-run,1000,true,uniform,UPDATE,24540,3796013,2293893,2291862,240927,50116,199986,0,0,0,448,22970,29422900,304443575,3840038116,7311641850,617376095,91434663,12252996513029,14280540826,1889012673,77055778,0.5,0.5,0,0,0,83407,1198.9401369189636,50115,1221.8632345605108,465,62559,1440,1796,50115
45,avg-run,1000,true,uniform,READ,87351,4982714,3007875,2997308,281991,100220,239690,0,0,0,448,22971,29423939,304444275,3840054803,7311653642,617376095,91434663,12253120129871,14280954579,1889016666,77055778,0.5,0.5,0,0,0,64347,1554.0740050041184,49922,167.5657425583911,24,27887,485,625,49922
45,avg-run,1000,true,uniform,UPDATE,87351,4982714,3007875,2997308,281991,100220,239690,0,0,0,448,22971,29423939,304444275,3840054803,7311653642,617376095,91434663,12253120129871,14280954579,1889016666,77055778,0.5,0.5,0,0,0,64347,1554.0740050041184,50078,1106.7127281440953,375,11455,1528,1681,50078
46,extend,1000,true,uniform,EXTEND,5555216,155818560,64586586,63122725,5927695,2712311,5886701,0,0,0,448,22971,29424443,304449761,3840065338,7311676471,617376095,91434663,12253248314136,14281104799,1889027838,77055778,0,0,0,0,1,13430,744.6016381236038,10000,1305.7228,659,18399,1531,1746,10000
46,run,1000,true,uniform,READ,5726836,159900880,66934975,65467884,6126865,2762177,6085831,0,0,0,448,22972,29425991,304490669,3840175566,7311803589,617513010,91434707,12253711070160,14281942821,1889041585,77055778,0.5,0.5,0,0,0,82241,1215.93852214832,50156,420.5503229922641,279,6635,582,677,50156
46,run,1000,true,uniform,UPDATE,5726836,159900880,66934975,65467884,6126865,2762177,6085831,0,0,0,448,22972,29425991,304490669,3840175566,7311803589,617513010,91434707,12253711070160,14281942821,1889041585,77055778,0.5,0.5,0,0,0,82241,1215.93852214832,49844,1215.1254714709894,506,29023,1451,1731,49844
46,reference,1000,true,uniform,READ,4706593,142666827,60791841,60451411,5110333,2303025,5069319,0,0,0,448,22973,29427607,304533284,3840371693,7311960479,617590360,91436152,12254274276712,14283013219,1889140547,77055778,0.5,0.5,0,0,0,88281,1132.7465706097576,49743,433.15913796916146,282,32175,596,693,49743
46,reference,1000,true,uniform,UPDATE,4706593,142666827,60791841,60451411,5110333,2303025,5069319,0,0,0,448,22973,29427607,304533284,3840371693,7311960479,617590360,91436152,12254274276712,14283013219,1889140547,77055778,0.5,0.5,0,0,0,88281,1132.7465706097576,50257,1315.3644069482857,480,58303,1501,2157,50257
46,clean-run,1000,true,uniform,READ,21606,3770903,2304688,2302658,240495,49922,199488,0,0,0,448,22974,29440210,304565604,3840545437,7312060722,617605806,91438265,12254761065789,14283984384,1889161101,77063627,0.5,0.5,0,0,0,79308,1260.9068442023504,50079,414.5516284270852,242,8487,571,655,50079
46,clean-run,1000,true,uniform,UPDATE,21606,3770903,2304688,2302658,240495,49922,199488,0,0,0,448,22974,29440210,304565604,3840545437,7312060722,617605806,91438265,12254761065789,14283984384,1889161101,77063627,0.5,0.5,0,0,0,79308,1260.9068442023504,49921,1161.2731115161955,399,62815,1412,1787,49921
46,avg-run,1000,true,uniform,READ,84047,4948961,3012322,3001694,281559,100185,239176,0,0,0,448,22975,29441874,304566304,3840567733,7312072907,617605806,91438265,12254903072171,14284392700,1889167540,77063627,0.5,0.5,0,0,0,66488,1504.0308025508361,49763,177.99602114020456,25,6131,497,640,49763
46,avg-run,1000,true,uniform,UPDATE,84047,4948961,3012322,3001694,281559,100185,239176,0,0,0,448,22975,29441874,304566304,3840567733,7312072907,617605806,91438265,12254903072171,14284392700,1889167540,77063627,0.5,0.5,0,0,0,66488,1504.0308025508361,50237,1135.7529908234967,375,23999,1541,1683,50237
47,extend,1000,true,uniform,EXTEND,5898934,160373069,67098603,65603770,6166849,2772199,6125807,0,0,0,448,22975,29442533,304571418,3840578621,7312096207,617605806,91438265,12255032243816,14284542922,1889178691,77063627,0,0,0,0,1,12960,771.604938271605,10000,1258.98,536,16831,1497,1708,10000
47,run,1000,true,uniform,READ,6153107,164490538,69447593,67949530,6366021,2822066,6325002,0,0,0,448,22976,29444428,304613481,3840700555,7312254906,617743924,91438480,12255542140630,14285438066,1889200756,77063627,0.5,0.5,0,0,0,84136,1188.5518684035371,50155,439.63257900508427,258,16783,602,697,50155
47,run,1000,true,uniform,UPDATE,6153107,164490538,69447593,67949530,6366021,2822066,6325002,0,0,0,448,22976,29444428,304613481,3840700555,7312254906,617743924,91438480,12255542140630,14285438066,1889200756,77063627,0.5,0.5,0,0,0,84136,1188.5518684035371,49845,1233.358952753536,439,23903,1455,1906,49845
47,reference,1000,true,uniform,READ,4988514,146663357,63090878,62745047,5310941,2353252,5269934,0,0,0,448,22977,29445964,304656181,3840872658,7312423388,617813948,91440643,12256112153579,14286366468,1889243639,77063627,0.5,0.5,0,0,0,88039,1135.8602437556083,49795,438.29161562405864,266,32207,602,701,49795
47,reference,1000,true,uniform,UPDATE,4988514,146663357,63090878,62745047,5310941,2353252,5269934,0,0,0,448,22977,29445964,304656181,3840872658,7312423388,617813948,91440643,12256112153579,14286366468,1889243639,77063627,0.5,0.5,0,0,0,88039,1135.8602437556083,50205,1306.4989742057564,499,105471,1492,2003,50205
47,clean-run,1000,true,uniform,READ,75640,3490652,2300681,2297781,241165,50081,200134,0,0,0,448,22978,29458177,304692043,3841089694,7312508989,617838686,91441326,12256651782591,14287529780,1889302669,77063627,0.5,0.5,0,0,0,85133,1174.6326336438278,49931,422.77202539504515,254,9215,583,666,49931
47,clean-run,1000,true,uniform,UPDATE,75640,3490652,2300681,2297781,241165,50081,200134,0,0,0,448,22978,29458177,304692043,3841089694,7312508989,617838686,91441326,12256651782591,14287529780,1889302669,77063627,0.5,0.5,0,0,0,85133,1174.6326336438278,50069,1266.397611296411,500,64287,1466,2032,50069
47,avg-run,1000,true,uniform,READ,75898,4617349,3012797,3002336,282227,100227,239828,0,0,0,448,22979,29459020,304692243,3841104413,7312519817,617838686,91441326,12256756217236,14287846088,1889304182,77063627,0.5,0.5,0,0,0,63933,1564.1374563996685,49869,164.6386131664962,24,27519,492,642,49869
47,avg-run,1000,true,uniform,UPDATE,75898,4617349,3012797,3002336,282227,100227,239828,0,0,0,448,22979,29459020,304692243,3841104413,7312519817,617838686,91441326,12256756217236,14287846088,1889304182,77063627,0.5,0.5,0,0,0,63933,1564.1374563996685,50131,1100.0584069737288,370,8099,1514,1654,50131
48,extend,1000,true,uniform,EXTEND,6301556,164959074,69611257,68085453,6405997,2832088,6364978,0,0,0,448,22979,29459074,304697943,3841123641,7312543964,617838686,91441326,12256893533306,14288036625,1889317879,77063627,0,0,0,0,1,14033,712.6060001425212,10000,1364.9567,547,20207,1726,2369,10000
48,run,1000,true,uniform,READ,6532230,169053747,71951218,70422184,6606209,2882209,6565186,0,0,0,448,22980,29460871,304739770,3841246657,7312695539,617973287,91441347,12257406065210,14288926452,1889367562,77063627,0.5,0.5,0,0,0,85574,1168.5792413583565,49901,440.8270174946394,273,28895,602,699,49901
48,run,1000,true,uniform,UPDATE,6532230,169053747,71951218,70422184,6606209,2882209,6565186,0,0,0,448,22980,29460871,304739770,3841246657,7312695539,617973287,91441347,12257406065210,14288926452,1889367562,77063627,0.5,0.5,0,0,0,85574,1168.5792413583565,50099,1257.2910038124514,507,56479,1470,1831,50099
48,reference,1000,true,uniform,READ,5352110,150716054,65405118,65052967,5510003,2403096,5469000,0,0,0,448,22981,29462826,304782370,3841415902,7312880355,618043418,91443460,12257993727784,14289849955,1889407572,77063627,0.5,0.5,0,0,0,87592,1141.6567723079734,50189,449.14877762059416,257,30655,614,716,50189
48,reference,1000,true,uniform,UPDATE,5352110,150716054,65405118,65052967,5510003,2403096,5469000,0,0,0,448,22981,29462826,304782370,3841415902,7312880355,618043418,91443460,12257993727784,14289849955,1889407572,77063627,0.5,0.5,0,0,0,87592,1141.6567723079734,49811,1293.8411796591115,508,112383,1497,2105,49811
48,clean-run,1000,true,uniform,READ,3125,3444408,2297043,2295008,241287,50121,200264,0,0,0,448,22983,29473734,304814302,3841617054,7312961327,618072276,91443931,12258536618686,14290880474,1889445056,77071827,0.5,0.5,0,0,0,82329,1214.6388271447486,49880,425.03081395348835,248,32255,586,675,49880
48,clean-run,1000,true,uniform,UPDATE,3125,3444408,2297043,2295008,241287,50121,200264,0,0,0,448,22983,29473734,304814302,3841617054,7312961327,618072276,91443931,12258536618686,14290880474,1889445056,77071827,0.5,0.5,0,0,0,82329,1214.6388271447486,50120,1207.829469273743,424,70399,1451,1741,50120
48,avg-run,1000,true,uniform,READ,68574,4615419,3000170,2989710,282351,100179,240076,0,0,0,448,22983,29473754,304814749,3841632790,7312972225,618072276,91443931,12258638682507,14291298291,1889456191,77071827,0.5,0.5,0,0,0,65542,1525.7392206524062,49968,180.18964137047712,24,33247,487,630,49968
48,avg-run,1000,true,uniform,UPDATE,68574,4615419,3000170,2989710,282351,100179,240076,0,0,0,448,22983,29473754,304814749,3841632790,7312972225,618072276,91443931,12258638682507,14291298291,1889456191,77071827,0.5,0.5,0,0,0,65542,1525.7392206524062,50032,1119.149824112568,366,7195,1528,1656,50032
49,extend,1000,true,uniform,EXTEND,6653572,169467003,72113738,70557840,6646191,2892220,6605168,0,0,0,448,22983,29473754,304820149,3841646025,7312996987,618072276,91443931,12258777251078,14291448873,1889468606,77071827,0,0,0,0,1,13138,761.150860100472,10000,1277.5425,522,16703,1530,1762,10000
49,run,1000,true,uniform,READ,6837032,173572960,74464122,72904994,6845267,2942055,6804252,0,0,0,448,22984,29475355,304862100,3841774506,7313139542,618207289,91444328,12259281214668,14292301181,1889486066,77071827,0.5,0.5,0,0,0,84724,1180.3031018365516,50187,426.7919780022715,297,7807,592,676,50187
49,run,1000,true,uniform,UPDATE,6837032,173572960,74464122,72904994,6845267,2942055,6804252,0,0,0,448,22984,29475355,304862100,3841774506,7313139542,618207289,91444328,12259281214668,14292301181,1889486066,77071827,0.5,0.5,0,0,0,84724,1180.3031018365516,49813,1259.0642603336478,465,97087,1470,1984,49813
49,reference,1000,true,uniform,READ,5688484,154731351,67720074,67361645,5708853,2452906,5667842,0,0,0,448,22985,29476803,304903900,3841970931,7313319234,618278732,91444759,12259876580493,14293361764,1889574631,77071827,0.5,0.5,0,0,0,85044,1175.861906777668,50223,434.45059036696335,246,13375,601,716,50223
49,reference,1000,true,uniform,UPDATE,5688484,154731351,67720074,67361645,5708853,2452906,5667842,0,0,0,448,22985,29476803,304903900,3841970931,7313319234,618278732,91444759,12259876580493,14293361764,1889574631,77071827,0.5,0.5,0,0,0,85044,1175.861906777668,49777,1257.928702010969,426,40191,1504,2121,49777
49,clean-run,1000,true,uniform,READ,2782,3436834,2310458,2308428,239891,49771,198868,0,0,0,448,22986,29489361,304937042,3842143982,7313401790,618310422,91447160,12260392264609,14294327443,1889596472,77079716,0.5,0.5,0,0,0,80044,1249.3128779171457,50230,415.2160262791161,276,29791,579,666,50230
49,clean-run,1000,true,uniform,UPDATE,2782,3436834,2310458,2308428,239891,49771,198868,0,0,0,448,22986,29489361,304937042,3842143982,7313401790,618310422,91447160,12260392264609,14294327443,1889596472,77079716,0.5,0.5,0,0,0,80044,1249.3128779171457,49770,1177.2765521398433,408,59103,1432,1767,49770
49,avg-run,1000,true,uniform,READ,73323,4618183,3022769,3012190,280955,99867,238636,0,0,0,448,22987,29490247,304937493,3842165647,7313412669,618310422,91447160,12260508292823,14294754729,1889598180,77079716,0.5,0.5,0,0,0,65068,1536.8537529968648,49930,176.60236330863208,24,31023,502,652,49930
49,avg-run,1000,true,uniform,UPDATE,73323,4618183,3022769,3012190,280955,99867,238636,0,0,0,448,22987,29490247,304937493,3842165647,7313412669,618310422,91447160,12260508292823,14294754729,1889598180,77079716,0.5,0.5,0,0,0,65068,1536.8537529968648,50070,1112.232194927102,369,13263,1523,1665,50070
50,extend,1000,true,uniform,EXTEND,7015547,174043116,74627694,73040825,6885223,2952077,6844208,0,0,0,448,22987,29490311,304942862,3842177723,7313436516,618310422,91447160,12260645454703,14294905693,1889609619,77079716,0,0,0,0,1,13301,751.8231711901361,10000,1293.2833,652,16255,1523,1701,10000
50,run,1000,true,uniform,READ,7254873,178075728,76970855,75380756,7085135,3002113,7044096,0,0,0,448,22988,29492518,304985662,3842294275,7313579578,618442329,91447982,12261179113827,14295838259,1889634495,77079716,0.5,0.5,0,0,0,85541,1169.0300557627336,49986,439.75109030528546,286,28591,601,699,49986
50,run,1000,true,uniform,UPDATE,7254873,178075728,76970855,75380756,7085135,3002113,7044096,0,0,0,448,22988,29492518,304985662,3842294275,7313579578,618442329,91447982,12261179113827,14295838259,1889634495,77079716,0.5,0.5,0,0,0,85541,1169.0300557627336,50014,1258.845383292678,403,15999,1477,1982,50014
50,reference,1000,true,uniform,READ,5919439,158581882,70030760,69666930,5908153,2502806,5867138,0,0,0,448,22989,29494638,305027672,3842441324,7313697210,618510658,91448461,12261746662768,14296766537,1889670410,77079716,0.5,0.5,0,0,0,86113,1161.2648496742652,50122,434.2551374645864,271,6987,604,721,50122
50,reference,1000,true,uniform,UPDATE,5919439,158581882,70030760,69666930,5908153,2502806,5867138,0,0,0,448,22989,29494638,305027672,3842441324,7313697210,618510658,91448461,12261746662768,14296766537,1889670410,77079716,0.5,0.5,0,0,0,86113,1161.2648496742652,49878,1278.1377360760255,447,87999,1491,1916,49878
50,clean-run,1000,true,uniform,READ,75706,3490165,2306200,2303296,240481,49917,199450,0,0,0,448,22991,29507643,305063082,3842647835,7313781804,618545204,91449214,12262296976863,14297898663,1889728893,77079716,0.5,0.5,0,0,0,84165,1188.1423394522665,50095,414.2289849286356,265,8163,578,672,50095
50,clean-run,1000,true,uniform,UPDATE,75706,3490165,2306200,2303296,240481,49917,199450,0,0,0,448,22991,29507643,305063082,3842647835,7313781804,618545204,91449214,12262296976863,14297898663,1889728893,77079716,0.5,0.5,0,0,0,84165,1188.1423394522665,49905,1258.5369602244264,414,63455,1478,2231,49905
50,avg-run,1000,true,uniform,READ,75994,4613380,3013141,3002685,281543,100181,239140,0,0,0,448,22991,29507659,305063282,3842658360,7313792686,618545204,91449214,12262395468884,14298216782,1889728905,77079716,0.5,0.5,0,0,0,64510,1550.147263990079,49751,171.3079134087757,24,8887,485,628,49751
50,avg-run,1000,true,uniform,UPDATE,75994,4613380,3013141,3002685,281543,100181,239140,0,0,0,448,22991,29507659,305063282,3842658360,7313792686,618545204,91449214,12262395468884,14298216782,1889728905,77079716,0.5,0.5,0,0,0,64510,1550.147263990079,50249,1103.1053354295607,373,24527,1516,1657,50249
51,extend,1000,true,uniform,EXTEND,7400527,178542112,77134571,75516731,7125127,3012135,7084088,0,0,0,448,22991,29507659,305069009,3842672649,7313813806,618545204,91449214,12262536253790,14298404750,1889741400,77079716,0,0,0,0,1,14221,703.1854299978904,10000,1384.6284,622,17295,1763,2405,10000
51,run,1000,true,uniform,READ,7611343,182560157,79476236,77855166,7325031,3062193,7284036,0,0,0,448,22992,29509283,305110483,3842785233,7313944082,618677494,91449643,12263067894024,14299328418,1889790886,77079716,0.5,0.5,0,0,0,86390,1157.5413821044103,49964,435.0669081738852,289,8287,600,690,49964
51,run,1000,true,uniform,UPDATE,7611343,182560157,79476236,77855166,7325031,3062193,7284036,0,0,0,448,22992,29509283,305110483,3842785233,7313944082,618677494,91449643,12263067894024,14299328418,1889790886,77079716,0.5,0.5,0,0,0,86390,1157.5413821044103,50036,1280.0367935086738,450,56127,1490,1940,50036
51,reference,1000,true,uniform,READ,6215672,162435486,72330649,71960514,6108771,2553039,6067768,0,0,0,448,22993,29511838,305152983,3842930879,7314068803,618747033,91450651,12263664663850,14300277560,1889837803,77079716,0.5,0.5,0,0,0,86691,1153.5222802828437,49800,433.5973895582329,274,25119,602,711,49800
51,reference,1000,true,uniform,UPDATE,6215672,162435486,72330649,71960514,6108771,2553039,6067768,0,0,0,448,22993,29511838,305152983,3842930879,7314068803,618747033,91450651,12263664663850,14300277560,1889837803,77079716,0.5,0.5,0,0,0,86691,1153.5222802828437,50200,1284.5209362549801,518,40799,1510,2163,50200
51,clean-run,1000,true,uniform,READ,3067,3441661,2301834,2299808,240671,49972,199668,0,0,0,448,22995,29523895,305185654,3843131840,7314147865,618784491,91451360,12264207759147,14301283282,1889872475,77088571,0.5,0.5,0,0,0,82735,1208.6783102677223,50029,425.10935657318754,270,27391,588,676,50029
51,clean-run,1000,true,uniform,UPDATE,3067,3441661,2301834,2299808,240671,49972,199668,0,0,0,448,22995,29523895,305185654,3843131840,7314147865,618784491,91451360,12264207759147,14301283282,1889872475,77088571,0.5,0.5,0,0,0,82735,1208.6783102677223,49971,1218.277520962158,455,66367,1448,1828,49971
51,avg-run,1000,true,uniform,READ,74532,4627104,3015983,3005448,281735,99883,239396,0,0,0,448,22995,29523917,305186108,3843147069,7314158782,618784491,91451360,12264314749025,14301713459,1889878531,77088571,0.5,0.5,0,0,0,65814,1519.4335551706324,50115,187.19541055572185,24,9551,514,661,50115
51,avg-run,1000,true,uniform,UPDATE,74532,4627104,3015983,3005448,281735,99883,239396,0,0,0,448,22995,29523917,305186108,3843147069,7314158782,618784491,91451360,12264314749025,14301713459,1889878531,77088571,0.5,0.5,0,0,0,65814,1519.4335551706324,49885,1119.4935351308009,374,17263,1534,1663,49885
52,extend,1000,true,uniform,EXTEND,7725005,182954935,79638582,77990648,7364958,3072204,7323945,0,0,0,448,22995,29523917,305191306,3843157046,7314179991,618784491,91451360,12264450552834,14301863934,1889887961,77088571,0,0,0,0,1,13277,753.1821947729155,10000,1291.9748,570,18207,1506,1729,10000
52,run,1000,true,uniform,READ,7828097,186584880,81982277,80331113,7564706,3122212,7523695,0,0,0,448,22996,29526716,305232856,3843268803,7314250673,618915889,91451660,12264975141512,14302681752,1889903210,77088571,0.5,0.5,0,0,0,84707,1180.5399789863884,50014,418.0940536649738,276,10351,580,682,50014
52,run,1000,true,uniform,UPDATE,7828097,186584880,81982277,80331113,7564706,3122212,7523695,0,0,0,448,22996,29526716,305232856,3843268803,7314250673,618915889,91451660,12264975141512,14302681752,1889903210,77088571,0.5,0.5,0,0,0,84707,1180.5399789863884,49986,1264.4519465450326,522,55711,1462,1963,49986
52,reference,1000,true,uniform,READ,6489495,166300348,74627553,74251140,6309733,2603363,6268710,0,0,0,448,22997,29528811,305274856,3843434612,7314373456,618985999,91451711,12265578479788,14303745845,1889987763,77088571,0.5,0.5,0,0,0,85417,1170.7271386258005,49709,436.5027660986944,274,9519,602,706,49709
52,reference,1000,true,uniform,UPDATE,6489495,166300348,74627553,74251140,6309733,2603363,6268710,0,0,0,448,22997,29528811,305274856,3843434612,7314373456,618985999,91451711,12265578479788,14303745845,1889987763,77088571,0.5,0.5,0,0,0,85417,1170.7271386258005,50291,1254.80189298284,428,35455,1505,2149,50291
52,clean-run,1000,true,uniform,READ,77426,3488157,2302583,2299677,240809,50012,199790,0,0,0,448,22998,29541538,305310468,3843614452,7314452398,619022698,91453941,12266127873842,14304819533,1890009283,77097177,0.5,0.5,0,0,0,84187,1187.8318505232398,50000,427.37266,279,8003,589,679,50000
52,clean-run,1000,true,uniform,UPDATE,77426,3488157,2302583,2299677,240809,50012,199790,0,0,0,448,22998,29541538,305310468,3843614452,7314452398,619022698,91453941,12266127873842,14304819533,1890009283,77097177,0.5,0.5,0,0,0,84187,1187.8318505232398,50000,1244.45184,478,73983,1454,2053,50000
52,avg-run,1000,true,uniform,READ,77740,4615533,3015559,3004948,281871,99979,239496,0,0,0,448,22999,29541610,305310568,3843627192,7314463281,619029915,91454055,12266229384322,14305136393,1890009325,77097177,0.5,0.5,0,0,0,64517,1549.9790752824838,50048,174.84604779411765,24,33663,490,629,50048
52,avg-run,1000,true,uniform,UPDATE,77740,4615533,3015559,3004948,281871,99979,239496,0,0,0,448,22999,29541610,305310568,3843627192,7314463281,619029915,91454055,12266229384322,14305136393,1890009325,77097177,0.5,0.5,0,0,0,64517,1549.9790752824838,49952,1105.0756125880846,390,15367,1519,1645,49952
53,extend,1000,true,uniform,EXTEND,7989444,187037289,82145920,80467015,7604855,3132234,7563690,0,0,0,448,22999,29541610,305315368,3843632684,7314482222,619029915,91454055,12266365221879,14305286978,1890016524,77097177,0,0,0,0,1,13041,766.8123610152595,10000,1267.501,505,17247,1487,1688,10000
53,run,1000,true,uniform,READ,8178422,190962821,84491715,82809580,7804567,3182235,7763567,0,0,0,448,23000,29543437,305357561,3843715974,7314590516,619029915,91454055,12266925320511,14306180517,1890038236,77097177,0.5,0.5,0,0,0,87218,1146.552317182233,50021,443.4975710201715,273,8183,603,690,50021
53,run,1000,true,uniform,UPDATE,8178422,190962821,84491715,82809580,7804567,3182235,7763567,0,0,0,448,23000,29543437,305357561,3843715974,7314590516,619029915,91454055,12266925320511,14306180517,1890038236,77097177,0.5,0.5,0,0,0,87218,1146.552317182233,49979,1288.7974749394746,535,33567,1492,2071,49979
53,reference,1000,true,uniform,READ,6690283,169978220,76933771,76551957,6509521,2653382,6468482,0,0,0,448,23001,29546198,305400147,3843880315,7314687270,619097558,91454092,12267523158298,14307087041,1890074349,77097177,0.5,0.5,0,0,0,87871,1138.031887653492,50003,438.32222066676,277,30559,606,709,50003
53,reference,1000,true,uniform,UPDATE,6690283,169978220,76933771,76551957,6509521,2653382,6468482,0,0,0,448,23001,29546198,305400147,3843880315,7314687270,619097558,91454092,12267523158298,14307087041,1890074349,77097177,0.5,0.5,0,0,0,87871,1138.031887653492,49997,1306.8487309238553,543,68095,1505,2049,49997
53,clean-run,1000,true,uniform,READ,75051,3489550,2303728,2300815,240550,49960,199543,0,0,0,448,23003,29561287,305434144,3844071200,7314767498,619140679,91455730,12268088306967,14308249037,1890126935,77097177,0.5,0.5,0,0,0,81424,1228.1391235999215,50052,426.38282186526015,277,29823,591,679,50052
53,clean-run,1000,true,uniform,UPDATE,75051,3489550,2303728,2300815,240550,49960,199543,0,0,0,448,23003,29561287,305434144,3844071200,7314767498,619140679,91455730,12268088306967,14308249037,1890126935,77097177,0.5,0.5,0,0,0,81424,1228.1391235999215,49948,1190.9828021141989,456,65023,1460,1984,49948
53,avg-run,1000,true,uniform,READ,75328,4612052,3010827,3000390,281612,99954,239281,0,0,0,448,23003,29561291,305434244,3844081735,7314778294,619140679,91455730,12268190914390,14308565220,1890126946,77097177,0.5,0.5,0,0,0,67119,1489.891088961397,50021,195.34863357389895,24,35615,512,658,50021
53,avg-run,1000,true,uniform,UPDATE,75328,4612052,3010827,3000390,281612,99954,239281,0,0,0,448,23003,29561291,305434244,3844081735,7314778294,619140679,91455730,12268190914390,14308565220,1890126946,77097177,0.5,0.5,0,0,0,67119,1489.891088961397,49979,1135.8278076792253,370,16167,1550,1680,49979
54,extend,1000,true,uniform,EXTEND,8297482,191360554,84655784,82945909,7846034,3192246,7803890,0,0,0,448,23003,29561291,305439310,3844091794,7314799391,619140679,91455730,12268331832454,14308719323,1890136277,77097177,0,0,0,0,1,13231,755.8007709167863,10000,1286.6499,473,20687,1525,1787,10000
54,run,1000,true,uniform,READ,8516915,195379317,87010228,85297123,8046210,3242352,8005170,0,0,0,448,23004,29563527,305482738,3844199231,7314921638,619270981,91456084,12268901650884,14309651581,1890178371,77097177,0.5,0.5,0,0,0,87273,1145.8297526153565,49916,448.58854876192004,307,8319,612,706,49916
54,run,1000,true,uniform,UPDATE,8516915,195379317,87010228,85297123,8046210,3242352,8005170,0,0,0,448,23004,29563527,305482738,3844199231,7314921638,619270981,91456084,12268901650884,14309651581,1890178371,77097177,0.5,0.5,0,0,0,87273,1145.8297526153565,50084,1283.221408034502,519,44415,1527,2249,50084
54,reference,1000,true,uniform,READ,6944898,173676971,79245551,78857458,6708739,2703288,6667724,0,0,0,448,23005,29566664,305524643,3844313197,7315000015,619338126,91456585,12269501741623,14310558531,1890210581,77097177,0.5,0.5,0,0,0,85933,1163.697299058569,50127,435.70864005426216,271,34335,601,704,50127
54,reference,1000,true,uniform,UPDATE,6944898,173676971,79245551,78857458,6708739,2703288,6667724,0,0,0,448,23005,29566664,305524643,3844313197,7315000015,619338126,91456585,12269501741623,14310558531,1890210581,77097177,0.5,0.5,0,0,0,85933,1163.697299058569,49873,1272.8112405509996,424,33663,1501,2109,49873
54,clean-run,1000,true,uniform,READ,2906,3443992,2303754,2301728,240688,49956,199681,0,0,0,448,23007,29581881,305557570,3844530801,7315080148,619386280,91456701,12270056193501,14311581726,1890249709,77097177,0.5,0.5,0,0,0,85076,1175.4196248060557,50045,434.2319312618643,298,8271,599,690,50045
54,clean-run,1000,true,uniform,UPDATE,2906,3443992,2303754,2301728,240688,49956,199681,0,0,0,448,23007,29581881,305557570,3844530801,7315080148,619386280,91456701,12270056193501,14311581726,1890249709,77097177,0.5,0.5,0,0,0,85076,1175.4196248060557,49955,1255.9821239115204,457,92415,1467,2125,49955
54,avg-run,1000,true,uniform,READ,73447,4627362,3015574,3005096,281752,99756,239449,0,0,0,448,23007,29581886,305557770,3844542041,7315091017,619386280,91456701,12270167433663,14312011155,1890258408,77097177,0.5,0.5,0,0,0,64390,1553.0361857431278,50226,177.83472703380718,24,10151,517,687,50226
54,avg-run,1000,true,uniform,UPDATE,73447,4627362,3015574,3005096,281752,99756,239449,0,0,0,448,23007,29581886,305557770,3844542041,7315091017,619386280,91456701,12270167433663,14312011155,1890258408,77097177,0.5,0.5,0,0,0,64390,1553.0361857431278,49774,1102.7166392092256,382,29455,1524,1663,49774
55,extend,1000,true,uniform,EXTEND,8638752,195809509,87177947,85437978,8093552,3252363,8047743,0,0,0,448,23007,29581886,305563170,3844555472,7315115904,619386280,91456701,12270324199581,14312181299,1890270972,77097177,0,0,0,0,1,13424,744.9344457687723,10000,1306.4753,533,19983,1618,1877,10000
55,run,1000,true,uniform,READ,8920407,200066159,89968387,88224311,8337335,3302384,8287506,0,0,0,448,23008,29583296,305608369,3844730804,7315304399,619512086,91457218,12270899387183,14313258441,1890319044,77097177,0.5,0.5,0,0,0,91203,1096.4551604662126,50012,501.08401983523953,317,8343,667,771,50012
55,run,1000,true,uniform,UPDATE,8920407,200066159,89968387,88224311,8337335,3302384,8287506,0,0,0,448,23008,29583296,305608369,3844730804,7315304399,619512086,91457218,12270899387183,14313258441,1890319044,77097177,0.5,0.5,0,0,0,91203,1096.4551604662126,49988,1310.982255741378,503,56543,1511,1944,49988
55,reference,1000,true,uniform,READ,7293483,177737669,81933306,81538936,6953529,2753504,6903708,0,0,0,448,23009,29585263,305653169,3844900756,7315506355,619580630,91457446,12271538573962,14314306991,1890387595,77097177,0.5,0.5,0,0,0,91265,1095.710294198214,49806,490.74750030116854,280,26303,654,754,49806
55,reference,1000,true,uniform,UPDATE,7293483,177737669,81933306,81538936,6953529,2753504,6903708,0,0,0,448,23009,29585263,305653169,3844900756,7315506355,619580630,91457446,12271538573962,14314306991,1890387595,77097177,0.5,0.5,0,0,0,91265,1095.710294198214,50194,1318.7735984380604,522,65055,1547,2011,50194
55,clean-run,1000,true,uniform,READ,88855,4298103,2779211,2776300,294536,50188,244699,0,0,0,448,23011,29597553,305692246,3845119857,7315601224,619638511,91458262,12272177667381,14315615518,1890436756,77106611,0.5,0.5,0,0,0,91145,1097.1528882549783,49824,500.1288134232498,344,29103,658,748,49824
55,clean-run,1000,true,uniform,UPDATE,88855,4298103,2779211,2776300,294536,50188,244699,0,0,0,448,23011,29597553,305692246,3845119857,7315601224,619638511,91458262,12272177667381,14315615518,1890436756,77106611,0.5,0.5,0,0,0,91145,1097.1528882549783,50176,1307.6108298788265,424,63615,1502,1996,50176
55,avg-run,1000,true,uniform,READ,90799,5440256,3507588,3497083,335598,100271,284417,0,0,0,448,23011,29597554,305692446,3845131573,7315613858,619638511,91458262,12272283141638,14315930761,1890436768,77106611,0.5,0.5,0,0,0,64002,1562.4511734008313,49932,177.41079868621324,24,9911,496,645,49932
55,avg-run,1000,true,uniform,UPDATE,90799,5440256,3507588,3497083,335598,100271,284417,0,0,0,448,23011,29597554,305692446,3845131573,7315613858,619638511,91458262,12272283141638,14315930761,1890436768,77106611,0.5,0.5,0,0,0,64002,1562.4511734008313,50068,1089.977350802908,365,23839,1509,1651,50068
56,extend,1000,true,uniform,EXTEND,9070533,200582082,90159263,88387446,8387189,3312406,8336683,0,0,0,448,23011,29597554,305698914,3845152148,7315639287,619638511,91458262,12272438216419,14316149031,1890448536,77106611,0,0,0,0,1,15548,643.1695394906097,10000,1516.2875,495,23039,1920,2431,10000
56,run,1000,true,uniform,READ,9395877,204817491,93053290,91278243,8636146,3362382,8585256,0,0,0,448,23012,29598775,305744386,3845315895,7315867929,619759009,91458357,12273031530775,14317202875,1890488229,77106611,0.5,0.5,0,0,0,92958,1075.7546418812797,50046,509.53033209447307,337,5763,677,783,50046
56,run,1000,true,uniform,UPDATE,9395877,204817491,93053290,91278243,8636146,3362382,8585256,0,0,0,448,23012,29598775,305744386,3845315895,7315867929,619759009,91458357,12273031530775,14317202875,1890488229,77106611,0.5,0.5,0,0,0,92958,1075.7546418812797,49954,1337.5782519918325,472,61023,1523,2024,49954
56,reference,1000,true,uniform,READ,7723523,181886664,84769731,84369084,7202914,2803565,7152042,0,0,0,448,23013,29600343,305790486,3845525499,7316145285,619901483,91460100,12273692366499,14318314870,1890562200,77106611,0.5,0.5,0,0,0,94726,1055.6763718514453,49961,514.6898380736975,353,35679,676,795,49961
56,reference,1000,true,uniform,UPDATE,7723523,181886664,84769731,84369084,7202914,2803565,7152042,0,0,0,448,23013,29600343,305790486,3845525499,7316145285,619901483,91460100,12273692366499,14318314870,1890562200,77106611,0.5,0.5,0,0,0,94726,1055.6763718514453,50039,1366.4993305221926,534,54655,1554,2297,50039
56,clean-run,1000,true,uniform,READ,90993,4401519,2859372,2856466,298766,49740,247865,0,0,0,448,23015,29612769,305828252,3845748623,7316246831,619901698,91460794,12274352580651,14319640240,1890622340,77115699,0.5,0.5,0,0,0,90689,1102.669563012052,50279,499.3216452196742,346,26831,660,755,50279
56,clean-run,1000,true,uniform,UPDATE,90993,4401519,2859372,2856466,298766,49740,247865,0,0,0,448,23015,29612769,305828252,3845748623,7316246831,619901698,91460794,12274352580651,14319640240,1890622340,77115699,0.5,0.5,0,0,0,90689,1102.669563012052,49721,1306.785141087267,436,69503,1512,1840,49721
56,avg-run,1000,true,uniform,READ,93894,5733267,3719069,3708603,349828,99759,297482,0,0,0,448,23015,29612770,305828427,3845761017,7316260494,619901698,91460794,12274461611221,14319990949,1890622351,77115699,0.5,0.5,0,0,0,61592,1623.5874788933627,49996,170.80474437955036,24,10231,484,640,49996
56,avg-run,1000,true,uniform,UPDATE,93894,5733267,3719069,3708603,349828,99759,297482,0,0,0,448,23015,29612770,305828427,3845761017,7316260494,619901698,91460794,12274461611221,14319990949,1890622351,77115699,0.5,0.5,0,0,0,61592,1623.5874788933627,50004,1049.7064434845213,368,27391,1438,1619,50004
57,extend,1000,true,uniform,EXTEND,9538453,205276374,93245363,91443452,8685972,3372393,8635069,0,0,0,448,23015,29612770,305835027,3845776314,7316288387,619901698,91460794,12274617849431,14320170864,1890635251,77115699,0,0,0,0,1,15669,638.2028208564682,10000,1528.6031,695,18671,1864,2036,10000
57,run,1000,true,uniform,READ,9907460,209527513,96147542,94341524,8934436,3422298,8883564,0,0,0,448,23016,29614043,305881042,3845972589,7316528861,620018601,91460841,12275224503847,14321267279,1890671927,77115699,0.5,0.5,0,0,0,92350,1082.8370330265295,50128,487.8039618576444,344,33823,651,762,50128
57,run,1000,true,uniform,UPDATE,9907460,209527513,96147542,94341524,8934436,3422298,8883564,0,0,0,448,23016,29614043,305881042,3845972589,7316528861,620018601,91460841,12275224503847,14321267279,1890671927,77115699,0.5,0.5,0,0,0,92350,1082.8370330265295,49872,1348.7190006416427,528,90239,1521,2073,49872
57,reference,1000,true,uniform,READ,8153041,186045192,87614877,87207953,7452500,2853685,7401624,0,0,0,448,23018,29615613,305925942,3846191731,7316807430,620159369,91461978,12275888802664,14322379605,1890739576,77115699,0.5,0.5,0,0,0,92191,1084.7045807074444,49902,492.81024808624903,348,25183,659,776,49902
57,reference,1000,true,uniform,UPDATE,8153041,186045192,87614877,87207953,7452500,2853685,7401624,0,0,0,448,23018,29615613,305925942,3846191731,7316807430,620159369,91461978,12275888802664,14322379605,1890739576,77115699,0.5,0.5,0,0,0,92191,1084.7045807074444,50098,1336.757435426564,523,60479,1554,2355,50098
57,clean-run,1000,true,uniform,READ,102953,4324913,2849633,2846728,299439,49895,248578,0,0,0,448,23020,29627630,305965796,3846422005,7316922629,620160670,91462823,12276556686390,14323689541,1890789124,77124506,0.5,0.5,0,0,0,91384,1094.2834631883043,50106,500.98960204366745,353,33631,662,750,50106
57,clean-run,1000,true,uniform,UPDATE,102953,4324913,2849633,2846728,299439,49895,248578,0,0,0,448,23020,29627630,305965796,3846422005,7316922629,620160670,91462823,12276556686390,14323689541,1890789124,77124506,0.5,0.5,0,0,0,91384,1094.2834631883043,49894,1315.8754960516294,468,72959,1513,2049,49894
57,avg-run,1000,true,uniform,READ,107133,5648510,3699742,3689195,350501,100286,298210,0,0,0,448,23020,29627632,305965997,3846435187,7316937986,620160670,91462823,12276667280683,14324040834,1890789137,77124506,0.5,0.5,0,0,0,61791,1618.3586606463725,49624,166.64313638561987,24,27887,478,629,49624
57,avg-run,1000,true,uniform,UPDATE,107133,5648510,3699742,3689195,350501,100286,298210,0,0,0,448,23020,29627632,305965997,3846435187,7316937986,620160670,91462823,12276667280683,14324040834,1890789137,77124506,0.5,0.5,0,0,0,61791,1618.3586606463725,50376,1051.6776441162458,361,9031,1451,1622,50376
58,extend,1000,true,uniform,EXTEND,10076843,210049586,96340709,94506950,8984237,3432320,8933365,0,0,0,448,23020,29627632,305972397,3846461830,7316965495,620160670,91462823,12276828026462,14324264866,1890802031,77124506,0,0,0,0,1,15129,660.9822195782933,10000,1475.8977,622,16623,1892,2521,10000
58,run,1000,true,uniform,READ,10424143,214274627,99255151,97418162,9231527,3481944,9180601,0,0,0,448,23021,29628931,306017687,3846631613,7317210962,620273686,91463631,12277435477070,14325314126,1890837170,77124506,0.5,0.5,0,0,0,92785,1077.7604138599988,50398,511.8080082542958,369,25135,673,767,50398
58,run,1000,true,uniform,UPDATE,10424143,214274627,99255151,97418162,9231527,3481944,9180601,0,0,0,448,23021,29628931,306017687,3846631613,7317210962,620273686,91463631,12277435477070,14325314126,1890837170,77124506,0.5,0.5,0,0,0,92785,1077.7604138599988,49602,1337.7711584210315,539,51359,1530,2163,49602
58,reference,1000,true,uniform,READ,8586940,190211584,90470647,90057446,7701071,2903580,7650196,0,0,0,448,23023,29631091,306062287,3846850232,7317485592,620413859,91464486,12278124612683,14326427669,1890908750,77124506,0.5,0.5,0,0,0,91367,1094.487068635284,50127,505.1915933528837,357,34015,672,787,50127
58,reference,1000,true,uniform,UPDATE,8586940,190211584,90470647,90057446,7701071,2903580,7650196,0,0,0,448,23023,29631091,306062287,3846850232,7317485592,620413859,91464486,12278124612683,14326427669,1890908750,77124506,0.5,0.5,0,0,0,91367,1094.487068635284,49873,1311.936879674373,455,58495,1572,2367,49873
58,clean-run,1000,true,uniform,READ,114321,4395568,2846123,2843217,300280,50033,249388,0,0,0,448,23025,29643008,306098962,3847086051,7317610115,620418121,91465233,12278815380863,14327775575,1890994075,77134215,0.5,0.5,0,0,0,90318,1107.1990079496888,49979,505.34512495248003,351,9439,668,770,49979
58,clean-run,1000,true,uniform,UPDATE,114321,4395568,2846123,2843217,300280,50033,249388,0,0,0,448,23025,29643008,306098962,3847086051,7317610115,620418121,91465233,12278815380863,14327775575,1890994075,77134215,0.5,0.5,0,0,0,90318,1107.1990079496888,50021,1288.2501549349274,469,46879,1526,2095,50021
58,avg-run,1000,true,uniform,READ,117829,5726179,3705572,3695031,351342,100133,299015,0,0,0,448,23025,29643010,306099163,3847099211,7317624905,620418121,91465233,12278927102433,14328128073,1890994086,77134215,0.5,0.5,0,0,0,63176,1582.8795745219704,49915,179.68043674246218,24,7603,500,656,49915
58,avg-run,1000,true,uniform,UPDATE,117829,5726179,3705572,3695031,351342,100133,299015,0,0,0,448,23025,29643010,306099163,3847099211,7317624905,620418121,91465233,12278927102433,14328128073,1890994086,77134215,0.5,0.5,0,0,0,63176,1582.8795745219704,50085,1070.647159828292,372,22271,1477,1641,50085
59,extend,1000,true,uniform,EXTEND,10567540,214733874,99447350,97583497,9281400,3491955,9230471,0,0,0,448,23025,29643010,306106063,3847114549,7317652730,620418121,91465233,12279087780961,14328308142,1891006988,77134215,0,0,0,0,1,16160,618.8118811881188,10000,1577.7208,534,10751,1938,2087,10000
59,run,1000,true,uniform,READ,10948132,218976314,102355538,100487579,9530172,3541819,9479210,0,0,0,448,23026,29644521,306151480,3847316282,7317902751,620602103,91466225,12279708912000,14329409718,1891038752,77134215,0.5,0.5,0,0,0,91944,1087.618550421996,50158,499.75989872004465,363,9655,663,762,50158
59,run,1000,true,uniform,UPDATE,10948132,218976314,102355538,100487579,9530172,3541819,9479210,0,0,0,448,23026,29644521,306151480,3847316282,7317902751,620602103,91466225,12279708912000,14329409718,1891038752,77134215,0.5,0.5,0,0,0,91944,1087.618550421996,49842,1329.2287428273344,479,63199,1516,2231,49842
59,reference,1000,true,uniform,READ,9012970,194399725,93331976,92912498,7949707,2953425,7898743,0,0,0,448,23028,29646797,306196328,3847536413,7318167296,620671921,91466374,12280395846721,14330521312,1891102370,77134215,0.5,0.5,0,0,0,92228,1084.2694192652991,50177,507.1546525300436,357,27807,673,772,50177
59,reference,1000,true,uniform,UPDATE,9012970,194399725,93331976,92912498,7949707,2953425,7898743,0,0,0,448,23028,29646797,306196328,3847536413,7318167296,620671921,91466374,12280395846721,14330521312,1891102370,77134215,0.5,0.5,0,0,0,92228,1084.2694192652991,49823,1327.8726491780903,413,101439,1548,2027,49823
59,clean-run,1000,true,uniform,READ,126967,4351983,2845140,2842231,300978,50112,250013,0,0,0,448,23030,29658943,306235741,3847778151,7318305118,620679966,91467233,12281088286964,14331847803,1891164023,77143871,0.5,0.5,0,0,0,90686,1102.7060406236906,49900,504.42082164328656,360,27135,665,752,49900
59,clean-run,1000,true,uniform,UPDATE,126967,4351983,2845140,2842231,300978,50112,250013,0,0,0,448,23030,29658943,306235741,3847778151,7318305118,620679966,91467233,12281088286964,14331847803,1891164023,77143871,0.5,0.5,0,0,0,90686,1102.7060406236906,50100,1295.2775449101796,436,57951,1525,2113,50100
59,avg-run,1000,true,uniform,READ,132035,5672702,3695228,3684653,352040,100037,299690,0,0,0,448,23030,29658944,306235941,3847791984,7318321652,620679966,91467233,12281201112366,14332200348,1891164034,77143871,0.5,0.5,0,0,0,64355,1553.88081734131,50090,188.85496107007387,24,10399,487,634,50090
59,avg-run,1000,true,uniform,UPDATE,132035,5672702,3695228,3684653,352040,100037,299690,0,0,0,448,23030,29658944,306235941,3847791984,7318321652,620679966,91467233,12281201112366,14332200348,1891164034,77143871,0.5,0.5,0,0,0,64355,1553.88081734131,49910,1088.685493889,371,23231,1504,1647,49910
60,extend,1000,true,uniform,EXTEND,11083472,219434277,102547952,100653129,9580114,3551830,9529148,0,0,0,448,23030,29658944,306242841,3847818927,7318349395,620679966,91467233,12281361961565,14332380542,1891176530,77143871,0,0,0,0,1,15982,625.7039169065198,10000,1560.4781,501,21007,1955,2319,10000
60,run,1000,true,uniform,READ,11466469,223709360,105450955,103552025,9828742,3601753,9777847,0,0,0,448,23031,29660448,306288127,3847989900,7318597881,620792788,91467974,12281989980923,14333478946,1891209430,77143871,0.5,0.5,0,0,0,92826,1077.2843815310366,50110,501.7138495310317,357,6751,665,760,50110
60,run,1000,true,uniform,UPDATE,11466469,223709360,105450955,103552025,9828742,3601753,9777847,0,0,0,448,23031,29660448,306288127,3847989900,7318597881,620792788,91467974,12281989980923,14333478946,1891209430,77143871,0.5,0.5,0,0,0,92826,1077.2843815310366,49890,1343.9304870715575,552,59807,1527,2213,49890
60,reference,1000,true,uniform,READ,9440196,198564875,96172029,95746274,8200334,3003725,8149420,0,0,0,448,23033,29662933,306333808,3848204540,7318860012,620933954,91468285,12282710463918,14334600322,1891280555,77143871,0.5,0.5,0,0,0,93466,1069.9077739498855,49722,514.80258235791,362,8623,680,780,49722
60,reference,1000,true,uniform,UPDATE,9440196,198564875,96172029,95746274,8200334,3003725,8149420,0,0,0,448,23033,29662933,306333808,3848204540,7318860012,620933954,91468285,12282710463918,14334600322,1891280555,77143871,0.5,0.5,0,0,0,93466,1069.9077739498855,50278,1337.3255499423208,489,74303,1567,2081,50278
60,clean-run,1000,true,uniform,READ,143354,4342820,2848847,2845942,299749,49943,248830,0,0,0,448,23035,29674595,306373371,3848455826,7319010904,620944742,91469112,12283428320381,14335952015,1891368866,77153099,0.5,0.5,0,0,0,93103,1074.0792455667379,50069,516.5925023467614,361,5931,681,770,50069
60,clean-run,1000,true,uniform,UPDATE,143354,4342820,2848847,2845942,299749,49943,248830,0,0,0,448,23035,29674595,306373371,3848455826,7319010904,620944742,91469112,12283428320381,14335952015,1891368866,77153099,0.5,0.5,0,0,0,93103,1074.0792455667379,49931,1334.2480623260099,434,60575,1548,2085,49931
60,avg-run,1000,true,uniform,READ,152347,5660849,3700316,3689730,350811,100056,298487,0,0,0,448,23035,29674598,306373671,3848470710,7319031956,620944742,91469112,12283542806061,14336306604,1891368877,77153099,0.5,0.5,0,0,0,64330,1554.48468832582,49902,189.957857400505,25,35007,496,646,49902
60,avg-run,1000,true,uniform,UPDATE,152347,5660849,3700316,3689730,350811,100056,298487,0,0,0,448,23035,29674598,306373671,3848470710,7319031956,620944742,91469112,12283542806061,14336306604,1891368877,77153099,0.5,0.5,0,0,0,64330,1554.48468832582,50098,1083.772426044952,368,7351,1492,1641,50098
61,extend,1000,true,uniform,EXTEND,11640086,224233427,105644253,103717582,9878625,3611775,9827702,0,0,0,448,23035,29674598,306380971,3848497114,7319059832,620944742,91469112,12283710732993,14336529996,1891382421,77153099,0,0,0,0,1,16583,603.0271965265633,10000,1619.4925,770,17215,1963,2237,10000
61,run,1000,true,uniform,READ,11989531,228448531,108542195,106612294,10128081,3661815,10077147,0,0,0,448,23036,29676324,306427110,3848662935,7319307668,621127958,91469867,12284337152426,14337586222,1891408374,77153099,0.5,0.5,0,0,0,94166,1061.9544209162543,49982,515.6310471769838,370,10399,679,780,49982
61,run,1000,true,uniform,UPDATE,11989531,228448531,108542195,106612294,10128081,3661815,10077147,0,0,0,448,23036,29676324,306427110,3848662935,7319307668,621127958,91469867,12284337152426,14337586222,1891408374,77153099,0.5,0.5,0,0,0,94166,1061.9544209162543,50018,1354.770842496701,563,58719,1540,2169,50018
61,reference,1000,true,uniform,READ,9884693,202710292,99014517,98582485,8450849,3053969,8399890,0,0,0,448,23038,29678045,306473510,3848881199,7319588718,621198571,91470019,12285054723033,14338705299,1891477557,77153099,0.5,0.5,0,0,0,95021,1052.3989433914608,49778,528.4176142070794,370,26223,696,816,49778
61,reference,1000,true,uniform,UPDATE,9884693,202710292,99014517,98582485,8450849,3053969,8399890,0,0,0,448,23038,29678045,306473510,3848881199,7319588718,621198571,91470019,12285054723033,14338705299,1891477557,77153099,0.5,0.5,0,0,0,95021,1052.3989433914608,50222,1355.727768706941,467,62559,1577,2067,50222
61,clean-run,1000,true,uniform,READ,154661,4296407,2837101,2834194,301671,50265,250695,0,0,0,448,23040,29689341,306516632,3849142934,7319754151,621213815,91470835,12285796564204,14340057069,1891550708,77162688,0.5,0.5,0,0,0,98299,1017.3043469414745,49747,521.4211309224677,367,27711,685,787,49747
61,clean-run,1000,true,uniform,UPDATE,154661,4296407,2837101,2834194,301671,50265,250695,0,0,0,448,23040,29689341,306516632,3849142934,7319754151,621213815,91470835,12285796564204,14340057069,1891550708,77162688,0.5,0.5,0,0,0,98299,1017.3043469414745,50253,1427.6156249378146,456,93247,1570,3587,50253
61,avg-run,1000,true,uniform,READ,165219,5619598,3697379,3686791,352733,100153,300372,0,0,0,448,23040,29689342,306516932,3849158125,7319776834,621213815,91470835,12285912001752,14340407093,1891550719,77162688,0.5,0.5,0,0,0,62415,1602.1789633902106,50127,177.24497775649849,24,27199,504,665,50127
61,avg-run,1000,true,uniform,UPDATE,165219,5619598,3697379,3686791,352733,100153,300372,0,0,0,448,23040,29689342,306516932,3849158125,7319776834,621213815,91470835,12285912001752,14340407093,1891550719,77162688,0.5,0.5,0,0,0,62415,1602.1789633902106,49873,1062.6977522908187,360,8727,1473,1626,49873
62,extend,1000,true,uniform,EXTEND,12152658,228952356,108735668,106778026,10178055,3671837,10127070,0,0,0,448,23040,29689342,306524132,3849182098,7319802719,621213815,91470835,12286083102759,14340606954,1891564510,77162688,0,0,0,0,1,16387,610.2398242509306,10000,1600.6819,697,19215,1963,2265,10000
62,run,1000,true,uniform,READ,12502379,233181541,111637286,109676414,10427904,3721884,10376893,0,0,0,448,23042,29691936,306570690,3849351425,7320048305,621394687,91471423,12286735971249,14341682765,1891591459,77162688,0.5,0.5,0,0,0,94048,1063.2868322558693,49975,527.3430715357679,365,34879,692,803,49975
62,run,1000,true,uniform,UPDATE,12502379,233181541,111637286,109676414,10427904,3721884,10376893,0,0,0,448,23042,29691936,306570690,3849351425,7320048305,621394687,91471423,12286735971249,14341682765,1891591459,77162688,0.5,0.5,0,0,0,94048,1063.2868322558693,50025,1340.1565017491255,565,40127,1541,2153,50025
62,reference,1000,true,uniform,READ,10328549,206863885,101878850,101440541,8699733,3103817,8648702,0,0,0,448,23043,29693173,306618190,3849593312,7320346226,621461504,91472587,12287469095363,14342796334,1891661373,77162688,0.5,0.5,0,0,0,97261,1028.161339077328,50174,535.8789014230478,381,10823,703,821,50174
62,reference,1000,true,uniform,UPDATE,10328549,206863885,101878850,101440541,8699733,3103817,8648702,0,0,0,448,23043,29693173,306618190,3849593312,7320346226,621461504,91472587,12287469095363,14342796334,1891661373,77162688,0.5,0.5,0,0,0,97261,1028.161339077328,49826,1399.1443222414,399,57951,1614,2969,49826
62,clean-run,1000,true,uniform,READ,149407,4317938,2844960,2842052,301335,50149,250351,0,0,0,448,23045,29706004,306659885,3849834184,7320506454,621485213,91472674,12288223898490,14344148954,1891762382,77162688,0.5,0.5,0,0,0,97211,1028.6901688080568,49863,529.8816958466198,380,32735,695,795,49863
62,clean-run,1000,true,uniform,UPDATE,149407,4317938,2844960,2842052,301335,50149,250351,0,0,0,448,23045,29706004,306659885,3849834184,7320506454,621485213,91472674,12288223898490,14344148954,1891762382,77162688,0.5,0.5,0,0,0,97211,1028.6901688080568,50137,1399.528571713505,469,65919,1570,3233,50137
62,avg-run,1000,true,uniform,READ,158924,5650090,3716530,3705992,352397,99702,299978,0,0,0,448,23045,29706004,306660185,3849849085,7320528089,621485213,91472674,12288340954803,14344502246,1891762393,77162688,0.5,0.5,0,0,0,64495,1550.5077913016512,50462,194.52516745273672,24,7951,503,663,50462
62,avg-run,1000,true,uniform,UPDATE,158924,5650090,3716530,3705992,352397,99702,299978,0,0,0,448,23045,29706004,306660185,3849849085,7320528089,621485213,91472674,12288340954803,14344502246,1891762393,77162688,0.5,0.5,0,0,0,64495,1550.5077913016512,49538,1092.5920909201018,361,23007,1510,1655,49538
63,extend,1000,true,uniform,EXTEND,12649548,233641510,111830648,109842036,10477876,3731895,10426857,0,0,0,448,23045,29706004,306667285,3849864938,7320555913,621594630,91472910,12288513992463,14344682997,1891776333,77162688,0,0,0,0,1,16201,617.2458490216653,10000,1581.7188,482,16199,1941,2125,10000
63,run,1000,true,uniform,READ,13015990,237868344,114729274,112737432,10728190,3782021,10677151,0,0,0,448,23047,29708761,306713685,3850039745,7320824755,621665260,91473558,12289195031480,14345752917,1891806314,77162688,0.5,0.5,0,0,0,93808,1066.0071635681393,49896,529.1186267436267,383,27839,690,782,49896
63,run,1000,true,uniform,UPDATE,13015990,237868344,114729274,112737432,10728190,3782021,10677151,0,0,0,448,23047,29708761,306713685,3850039745,7320824755,621665260,91473558,12289195031480,14345752917,1891806314,77162688,0.5,0.5,0,0,0,93808,1066.0071635681393,50104,1332.8580153281175,542,34719,1556,2087,50104
63,reference,1000,true,uniform,READ,10814811,211115914,104740073,104294530,8949071,3153782,8898087,0,0,0,448,23048,29710011,306761444,3850331399,7321097502,621727176,91474265,12289955858122,14346984368,1891910114,77162688,0.5,0.5,0,0,0,99257,1007.4856181428011,50079,532.20132191138,368,36831,698,805,50079
63,reference,1000,true,uniform,UPDATE,10814811,211115914,104740073,104294530,8949071,3153782,8898087,0,0,0,448,23048,29710011,306761444,3850331399,7321097502,621727176,91474265,12289955858122,14346984368,1891910114,77162688,0.5,0.5,0,0,0,99257,1007.4856181428011,49921,1441.7324572825064,452,114879,1611,2491,49921
63,clean-run,1000,true,uniform,READ,206728,4245121,2856329,2853419,300291,49926,249282,0,0,0,448,23050,29722247,306803337,3850595252,7321311116,621761967,91474300,12290695195899,14348267020,1891986982,77172782,0.5,0.5,0,0,0,92954,1075.8009337952105,50086,529.6992772431418,372,9415,696,793,50086
63,clean-run,1000,true,uniform,UPDATE,206728,4245121,2856329,2853419,300291,49926,249282,0,0,0,448,23050,29722247,306803337,3850595252,7321311116,621761967,91474300,12290695195899,14348267020,1891986982,77172782,0.5,0.5,0,0,0,92954,1075.8009337952105,49914,1318.5336378571142,467,68287,1549,2087,49914
63,avg-run,1000,true,uniform,READ,220098,5564307,3720041,3709417,351353,99868,298899,0,0,0,448,23050,29722247,306803537,3850611733,7321337616,621761967,91474300,12290813813904,14348620738,1891986993,77172782,0.5,0.5,0,0,0,63648,1571.14127702363,50073,186.93745132107122,24,28431,520,710,50073
63,avg-run,1000,true,uniform,UPDATE,220098,5564307,3720041,3709417,351353,99868,298899,0,0,0,448,23050,29722247,306803537,3850611733,7321337616,621761967,91474300,12290813813904,14348620738,1891986993,77172782,0.5,0.5,0,0,0,63648,1571.14127702363,49927,1075.5799467222143,365,15391,1484,1646,49927
64,extend,1000,true,uniform,EXTEND,13166960,238322397,114922700,112903118,10778172,3792032,10727133,0,0,0,448,23050,29722247,306810837,3850628366,7321365357,621761967,91474300,12290985020201,14348802270,1892000277,77172782,0,0,0,0,1,16202,617.2077521293668,10000,1581.1042,635,19599,1934,2071,10000
64,run,1000,true,uniform,READ,13541249,242570125,117821686,115798874,11028516,3842161,10977472,0,0,0,448,23052,29724843,306857381,3850809870,7321650663,621939179,91475003,12291663695053,14349894897,1892031547,77172782,0.5,0.5,0,0,0,93711,1067.1105846698892,49893,539.7291804461547,373,32143,704,803,49893
64,run,1000,true,uniform,UPDATE,13541249,242570125,117821686,115798874,11028516,3842161,10977472,0,0,0,448,23052,29724843,306857381,3850809870,7321650663,621939179,91475003,12291663695053,14349894897,1892031547,77172782,0.5,0.5,0,0,0,93711,1067.1105846698892,50107,1320.498054164089,508,38335,1562,2089,50107
64,reference,1000,true,uniform,READ,11284909,215352422,107605958,107154137,9197787,3203600,9146788,0,0,0,448,23053,29726057,306904077,3851065963,7321921377,622002898,91475814,12292406539788,14351116611,1892142151,77172782,0.5,0.5,0,0,0,96238,1039.0905879174547,50215,534.7010853330678,365,6563,701,808,50215
64,reference,1000,true,uniform,UPDATE,11284909,215352422,107605958,107154137,9197787,3203600,9146788,0,0,0,448,23053,29726057,306904077,3851065963,7321921377,622002898,91475814,12292406539788,14351116611,1892142151,77172782,0.5,0.5,0,0,0,96238,1039.0905879174547,49785,1381.001325700512,553,65663,1606,2429,49785
64,clean-run,1000,true,uniform,READ,209324,4266500,2849607,2846707,301276,50116,250262,0,0,0,448,23055,29737595,306948224,3851334909,7322134407,622032347,91478337,12293156547599,14352450456,1892223815,77183569,0.5,0.5,0,0,0,92708,1078.6555637053975,49913,535.3371867048664,383,5879,702,795,49913
64,clean-run,1000,true,uniform,UPDATE,209324,4266500,2849607,2846707,301276,50116,250262,0,0,0,448,23055,29737595,306948224,3851334909,7322134407,622032347,91478337,12293156547599,14352450456,1892223815,77183569,0.5,0.5,0,0,0,92708,1078.6555637053975,50087,1305.3009763012358,507,57599,1566,2101,50087
64,avg-run,1000,true,uniform,READ,222880,5583930,3712212,3701675,352338,100058,299919,0,0,0,448,23055,29737596,306948424,3851351802,7322161076,622032347,91478337,12293276791385,14352811807,1892223826,77183569,0.5,0.5,0,0,0,62542,1598.925522049183,50073,179.52109919517505,24,8767,498,685,50073
64,avg-run,1000,true,uniform,UPDATE,222880,5583930,3712212,3701675,352338,100058,299919,0,0,0,448,23055,29737596,306948424,3851351802,7322161076,622032347,91478337,12293276791385,14352811807,1892223826,77183569,0.5,0.5,0,0,0,62542,1598.925522049183,49927,1062.1031105413904,378,23743,1471,1635,49927
65,extend,1000,true,uniform,EXTEND,13692421,243029200,118015315,115964575,11078495,3852183,11027451,0,0,0,448,23055,29737596,306955524,3851368060,7322189023,622136489,91478631,12293450007477,14352994627,1892237098,77183569,0,0,0,0,1,15632,639.7134083930399,10000,1525.2209,472,17983,1899,2119,10000
65,run,1000,true,uniform,READ,14072427,247289776,120916503,118862533,11328449,3902250,11277445,0,0,0,448,23057,29740462,307001824,3851555927,7322472034,622205223,91479240,12294142455745,14354083882,1892272258,77183569,0.5,0.5,0,0,0,93072,1074.4369950146124,49955,537.3472124912421,385,34687,702,808,49955
65,run,1000,true,uniform,UPDATE,14072427,247289776,120916503,118862533,11328449,3902250,11277445,0,0,0,448,23057,29740462,307001824,3851555927,7322472034,622205223,91479240,12294142455745,14354083882,1892272258,77183569,0.5,0.5,0,0,0,93072,1074.4369950146124,50045,1310.687281446698,498,19471,1584,2325,50045
65,reference,1000,true,uniform,READ,11750459,219537904,110470795,110012696,9446728,3253464,9395719,0,0,0,448,23058,29741591,307047465,3851816868,7322754456,622266636,91479788,12294903031466,14355314661,1892383786,77183569,0.5,0.5,0,0,0,94172,1061.8867603958713,50169,541.379278040224,384,8591,710,816,50169
65,reference,1000,true,uniform,UPDATE,11750459,219537904,110470795,110012696,9446728,3253464,9395719,0,0,0,448,23058,29741591,307047465,3851816868,7322754456,622266636,91479788,12294903031466,14355314661,1892383786,77183569,0.5,0.5,0,0,0,94172,1061.8867603958713,49831,1332.0281953001145,470,68415,1603,2171,49831
65,clean-run,1000,true,uniform,READ,213408,4263495,2860884,2857979,299826,49816,248797,0,0,0,448,23060,29752818,307091023,3852084654,7322968073,622300756,91482376,12295659876186,14356648354,1892467404,77193882,0.5,0.5,0,0,0,92603,1079.8786216429273,50196,540.0719579249343,373,37855,705,807,50196
65,clean-run,1000,true,uniform,UPDATE,213408,4263495,2860884,2857979,299826,49816,248797,0,0,0,448,23060,29752818,307091023,3852084654,7322968073,622300756,91482376,12295659876186,14356648354,1892467404,77193882,0.5,0.5,0,0,0,92603,1079.8786216429273,49804,1302.5992892137178,531,86335,1567,2365,49804
65,avg-run,1000,true,uniform,READ,226319,5577012,3716800,3706204,350888,100031,298459,0,0,0,448,23060,29752818,307091223,3852101427,7322994100,622300756,91482376,12295781788182,14357011361,1892467415,77193882,0.5,0.5,0,0,0,62988,1587.603988061218,49800,182.81164658634538,24,24495,510,667,49800
65,avg-run,1000,true,uniform,UPDATE,226319,5577012,3716800,3706204,350888,100031,298459,0,0,0,448,23060,29752818,307091223,3852101427,7322994100,622300756,91482376,12295781788182,14357011361,1892467415,77193882,0.5,0.5,0,0,0,62988,1587.603988061218,50200,1062.1702589641434,380,9359,1463,1639,50200
66,extend,1000,true,uniform,EXTEND,14253421,247776619,121110091,119028338,11378426,3912272,11327416,0,0,0,448,23060,29752818,307098308,3852116451,7323021591,622404751,91482627,12295956771212,14357194496,1892480003,77193882,0,0,0,0,1,15565,642.4670735624799,10000,1518.5735,475,22111,1941,2141,10000
66,run,1000,true,uniform,READ,14618550,252031552,124021591,121936608,11627225,3962107,11576260,0,0,0,448,23062,29755875,307145308,3852305927,7323293793,622473676,91483292,12296656999813,14358269827,1892514072,77193882,0.5,0.5,0,0,0,94467,1058.5707178168038,50187,541.2576962161515,382,34943,711,819,50187
66,run,1000,true,uniform,UPDATE,14618550,252031552,124021591,121936608,11627225,3962107,11576260,0,0,0,448,23062,29755875,307145308,3852305927,7323293793,622473676,91483292,12296656999813,14358269827,1892514072,77193882,0.5,0.5,0,0,0,94467,1058.5707178168038,49813,1338.6048421094895,564,23023,1586,2157,49813
66,reference,1000,true,uniform,READ,12205639,223734091,113337262,112872885,9695269,3303270,9644290,0,0,0,448,23063,29757039,307192553,3852548890,7323566974,622535088,91483665,12297419404875,14359494791,1892623640,77193882,0.5,0.5,0,0,0,97284,1027.9182599399696,50227,548.005992792721,389,33855,716,819,50227
66,reference,1000,true,uniform,UPDATE,12205639,223734091,113337262,112872885,9695269,3303270,9644290,0,0,0,448,23063,29757039,307192553,3852548890,7323566974,622535088,91483665,12297419404875,14359494791,1892623640,77193882,0.5,0.5,0,0,0,97284,1027.9182599399696,49773,1389.0136620255962,481,62207,1627,2307,49773
66,clean-run,1000,true,uniform,READ,214501,4188572,2852264,2849362,300675,49992,249666,0,0,0,448,23065,29768398,307237254,3852825557,7323786795,622573950,91486098,12298196544061,14360813297,1892710014,77204431,0.5,0.5,0,0,0,95521,1046.8902126234022,50009,549.1740286748385,380,12215,716,819,50009
66,clean-run,1000,true,uniform,UPDATE,214501,4188572,2852264,2849362,300675,49992,249666,0,0,0,448,23065,29768398,307237254,3852825557,7323786795,622573950,91486098,12298196544061,14360813297,1892710014,77204431,0.5,0.5,0,0,0,95521,1046.8902126234022,49991,1349.0755736032486,478,87039,1580,2131,49991
66,avg-run,1000,true,uniform,READ,226791,5509836,3716032,3705541,351737,100011,299293,0,0,0,448,23065,29768398,307237454,3852842131,7323812247,622573950,91486098,12298319359163,14361169866,1892710026,77204431,0.5,0.5,0,0,0,64049,1561.3046261456072,49996,189.9698775902072,24,11623,517,685,49996
66,avg-run,1000,true,uniform,UPDATE,226791,5509836,3716032,3705541,351737,100011,299293,0,0,0,448,23065,29768398,307237454,3852842131,7323812247,622573950,91486098,12298319359163,14361169866,1892710026,77204431,0.5,0.5,0,0,0,64049,1561.3046261456072,50004,1079.5089992800577,370,25199,1489,1643,50004
67,extend,1000,true,uniform,EXTEND,14805273,252532202,124215004,122102274,11677167,3972129,11626163,0,0,0,448,23065,29768398,307244154,3852861883,7323839412,622679152,91486280,12298496228970,14361352836,1892722436,77204431,0,0,0,0,1,15027,665.4688227856525,10000,1463.7962,412,12959,1938,2099,10000
67,run,1000,true,uniform,READ,15147011,256775923,127121408,125005448,11926571,4022072,11875567,0,0,0,448,23067,29771906,307291254,3853072328,7324105523,622747092,91486936,12299206656752,14362419362,1892753064,77204431,0.5,0.5,0,0,0,94118,1062.4960156399413,50079,554.7401106252122,397,7991,722,836,50079
67,run,1000,true,uniform,UPDATE,15147011,256775923,127121408,125005448,11926571,4022072,11875567,0,0,0,448,23067,29771906,307291254,3853072328,7324105523,622747092,91486936,12299206656752,14362419362,1892753064,77204431,0.5,0.5,0,0,0,94118,1062.4960156399413,49921,1315.9281665030749,545,28783,1594,2031,49921
67,reference,1000,true,uniform,READ,12651836,227920234,116179998,115709344,9946693,3353608,9895674,0,0,0,448,23068,29773129,307339685,3853281565,7324374839,622806109,91487457,12299982012928,14363664346,1892860998,77204431,0.5,0.5,0,0,0,100109,998.911186806381,49684,554.8506360196442,384,26447,725,854,49684
67,reference,1000,true,uniform,UPDATE,12651836,227920234,116179998,115709344,9946693,3353608,9895674,0,0,0,448,23068,29773129,307339685,3853281565,7324374839,622806109,91487457,12299982012928,14363664346,1892860998,77204431,0.5,0.5,0,0,0,100109,998.911186806381,50316,1429.0471023133794,535,67135,1650,3917,50316
67,clean-run,1000,true,uniform,READ,215840,4225206,2845040,2842135,301631,50177,250617,0,0,0,448,23070,29784851,307385023,3853567748,7324595323,622854308,91487494,12300780158817,14365017345,1892954573,77215672,0.5,0.5,0,0,0,97395,1026.746752913394,49835,554.2786997090399,395,36607,720,822,49835
67,clean-run,1000,true,uniform,UPDATE,215840,4225206,2845040,2842135,301631,50177,250617,0,0,0,448,23070,29784851,307385023,3853567748,7324595323,622854308,91487494,12300780158817,14365017345,1892954573,77215672,0.5,0.5,0,0,0,97395,1026.746752913394,50165,1378.39186683943,466,88575,1591,2187,50165
67,avg-run,1000,true,uniform,READ,229274,5530423,3689787,3679368,352693,100443,300369,0,0,0,448,23070,29784851,307385223,3853584575,7324621803,622854308,91487494,12300904334732,14365374097,1892954584,77215672,0.5,0.5,0,0,0,64975,1539.0534821085032,49749,194.87919355162919,24,21855,508,669,49749
67,avg-run,1000,true,uniform,UPDATE,229274,5530423,3689787,3679368,352693,100443,300369,0,0,0,448,23070,29784851,307385223,3853584575,7324621803,622854308,91487494,12300904334732,14365374097,1892954584,77215672,0.5,0.5,0,0,0,64975,1539.0534821085032,50251,1088.5242283735647,366,9559,1509,1649,50251
68,extend,1000,true,uniform,EXTEND,15350890,257300289,127315172,125171471,11977025,4032094,11925626,0,0,0,448,23071,29785778,307391723,3853611128,7324649372,622962308,91487663,12301096931551,14365558351,1892969268,77215672,0,0,0,0,1,14493,689.9882701994067,10000,1411.5781,416,22207,1914,2105,10000
68,run,1000,true,uniform,READ,15752646,261546977,130210940,128063132,12228231,4082416,12177205,0,0,0,448,23072,29787136,307439476,3853826468,7324915356,623031736,91488153,12301849663608,14366725648,1893059144,77215672,0.5,0.5,0,0,0,96800,1033.0578512396694,49711,559.5869525859467,394,34463,728,849,49711
68,run,1000,true,uniform,UPDATE,15752646,261546977,130210940,128063132,12228231,4082416,12177205,0,0,0,448,23072,29787136,307439476,3853826468,7324915356,623031736,91488153,12301849663608,14366725648,1893059144,77215672,0.5,0.5,0,0,0,96800,1033.0578512396694,50289,1359.1423969456541,478,76927,1592,2267,50289
68,reference,1000,true,uniform,READ,13110041,232102858,119035411,118558480,10196662,3403670,10145643,0,0,0,448,23073,29788407,307488476,3854037862,7325210717,623087856,91489551,12302619569659,14367843568,1893135148,77215672,0.5,0.5,0,0,0,100517,994.8565914223465,49960,568.2479583666934,393,32447,740,870,49960
68,reference,1000,true,uniform,UPDATE,13110041,232102858,119035411,118558480,10196662,3403670,10145643,0,0,0,448,23073,29788407,307488476,3854037862,7325210717,623087856,91489551,12302619569659,14367843568,1893135148,77215672,0.5,0.5,0,0,0,100517,994.8565914223465,50040,1428.5278177458033,567,42687,1668,4611,50040
68,clean-run,1000,true,uniform,READ,206775,4247569,2853172,2850263,300653,49986,249644,0,0,0,448,23075,29798769,307533281,3854309775,7325422573,623148127,91489776,12303442040562,14369205538,1893231860,77215672,0.5,0.5,0,0,0,101103,989.0903336201695,50026,565.9524847079518,396,29231,732,825,50026
68,clean-run,1000,true,uniform,UPDATE,206775,4247569,2853172,2850263,300653,49986,249644,0,0,0,448,23075,29798769,307533281,3854309775,7325422573,623148127,91489776,12303442040562,14369205538,1893231860,77215672,0.5,0.5,0,0,0,101103,989.0903336201695,49974,1443.8190859246808,563,69311,1622,2601,49974
68,avg-run,1000,true,uniform,READ,219725,5563561,3711724,3701186,351715,99840,299331,0,0,0,448,23075,29798769,307533481,3854326389,7325448777,623148127,91489776,12303567608356,14369562164,1893231871,77215672,0.5,0.5,0,0,0,63233,1581.4527224708618,50161,186.68483483184147,24,12223,525,721,50161
68,avg-run,1000,true,uniform,UPDATE,219725,5563561,3711724,3701186,351715,99840,299331,0,0,0,448,23075,29798769,307533481,3854326389,7325448777,623148127,91489776,12303567608356,14369562164,1893231871,77215672,0.5,0.5,0,0,0,63233,1581.4527224708618,49839,1069.7294086960012,364,23615,1481,1644,49839
69,extend,1000,true,uniform,EXTEND,15889748,262015129,130405903,128230355,12281025,4092427,12227962,0,0,0,448,23076,29800000,307540581,3854347126,7325476586,623257123,91489902,12303772148533,14369751906,1893248085,77215672,0,0,0,0,1,15688,637.4298827129015,10000,1530.7832,466,15943,1978,2157,10000
69,run,1000,true,uniform,READ,16277883,266264305,133328779,131150001,12531209,4142547,12480180,0,0,0,448,23077,29801480,307589070,3854523865,7325757182,623325753,91490607,12304514692709,14370865388,1893294061,77215672,0.5,0.5,0,0,0,97301,1027.738666611854,49902,565.6417578453769,399,37919,730,833,49902
69,run,1000,true,uniform,UPDATE,16277883,266264305,133328779,131150001,12531209,4142547,12480180,0,0,0,448,23077,29801480,307589070,3854523865,7325757182,623325753,91490607,12304514692709,14370865388,1893294061,77215672,0.5,0.5,0,0,0,97301,1027.738666611854,50098,1365.9618946864146,572,22831,1606,2265,50098
69,reference,1000,true,uniform,READ,13632211,236339787,121878844,121394565,10448055,3454046,10397051,0,0,0,448,23078,29802844,307639104,3854802412,7326061218,623380467,91493259,12305307589632,14372100643,1893366367,77215672,0.5,0.5,0,0,0,103959,961.9176790850239,49668,575.6273858419909,389,34847,746,858,49668
69,reference,1000,true,uniform,UPDATE,13632211,236339787,121878844,121394565,10448055,3454046,10397051,0,0,0,448,23078,29802844,307639104,3854802412,7326061218,623380467,91493259,12305307589632,14372100643,1893366367,77215672,0.5,0.5,0,0,0,103959,961.9176790850239,50332,1484.6426726535801,586,56959,1645,2791,50332
69,clean-run,1000,true,uniform,READ,212455,4243045,2856704,2853796,300226,49906,249211,0,0,0,448,23080,29814472,307682945,3855067228,7326276438,623446544,91493364,12306111645573,14373428653,1893450756,77227053,0.5,0.5,0,0,0,97552,1025.0943086763982,50113,560.3293157464132,362,6899,732,835,50113
69,clean-run,1000,true,uniform,UPDATE,212455,4243045,2856704,2853796,300226,49906,249211,0,0,0,448,23080,29814472,307682945,3855067228,7326276438,623446544,91493364,12306111645573,14373428653,1893450756,77227053,0.5,0.5,0,0,0,97552,1025.0943086763982,49887,1380.1877843927275,423,83583,1589,2209,49887
69,avg-run,1000,true,uniform,READ,225699,5564833,3723110,3712561,351288,99535,298828,0,0,0,448,23080,29814472,307683145,3855084044,7326302955,623446544,91493364,12306238541390,14373785263,1893450767,77227053,0.5,0.5,0,0,0,64027,1561.8410982866603,50386,194.64585400706545,24,34207,525,690,50386
69,avg-run,1000,true,uniform,UPDATE,225699,5564833,3723110,3712561,351288,99535,298828,0,0,0,448,23080,29814472,307683145,3855084044,7326302955,623446544,91493364,12306238541390,14373785263,1893450767,77227053,0.5,0.5,0,0,0,64027,1561.8410982866603,49614,1081.3538920465996,371,9431,1500,1654,49614
70,extend,1000,true,uniform,EXTEND,16431448,266753319,133529243,131322244,12590514,4152569,12533584,0,0,0,448,23081,29815415,307690145,3855105723,7326333492,623554250,91493513,12306446261681,14373989656,1893467870,77227053,0,0,0,0,1,15519,644.3714156840002,10000,1513.1374,443,20943,1991,2177,10000
70,run,1000,true,uniform,READ,16910386,271151789,136903694,134693465,12889309,4202895,12828876,0,0,0,448,23082,29816194,307737945,3855389395,7326735620,623618961,91493958,12307197666991,14375183496,1893512686,77227053,0.5,0.5,0,0,0,95055,1052.0225132817843,49696,564.2175024146812,394,39359,735,846,49696
70,run,1000,true,uniform,UPDATE,16910386,271151789,136903694,134693465,12889309,4202895,12828876,0,0,0,448,23082,29816194,307737945,3855389395,7326735620,623618961,91493958,12307197666991,14375183496,1893512686,77227053,0.5,0.5,0,0,0,95055,1052.0225132817843,50304,1319.2036418575065,430,31871,1611,2183,50304
70,reference,1000,true,uniform,READ,14190085,240665953,125141418,124650862,10746403,3504285,10685964,0,0,0,448,23083,29817097,307787167,3855659846,7327123658,623735478,91496737,12308025861854,14376578719,1893628874,77227053,0.5,0.5,0,0,0,102670,973.9943508327651,49783,579.289797722114,411,11711,753,880,49783
70,reference,1000,true,uniform,UPDATE,14190085,240665953,125141418,124650862,10746403,3504285,10685964,0,0,0,448,23083,29817097,307787167,3855659846,7327123658,623735478,91496737,12308025861854,14376578719,1893628874,77227053,0.5,0.5,0,0,0,102670,973.9943508327651,50217,1457.30414003226,440,59935,1675,5311,50217
70,clean-run,1000,true,uniform,READ,307760,4449721,3364409,3361505,358223,50143,297810,0,0,0,448,23085,29826896,307834891,3856040036,7327429491,623735677,91496985,12308851094715,14378130805,1893734381,77238498,0.5,0.5,0,0,0,100474,995.2823616059876,49869,568.2114339569672,399,6195,737,846,49869
70,clean-run,1000,true,uniform,UPDATE,307760,4449721,3364409,3361505,358223,50143,297810,0,0,0,448,23085,29826896,307834891,3856040036,7327429491,623735677,91496985,12308851094715,14378130805,1893734381,77238498,0.5,0.5,0,0,0,100474,995.2823616059876,50131,1426.1687578544215,557,72831,1605,4435,50131
70,avg-run,1000,true,uniform,READ,326188,5756551,4234747,4224216,409285,100346,347517,0,0,0,448,23085,29826896,307835091,3856057068,7327461071,623735677,91496985,12308979118092,14378489064,1893734392,77238498,0.5,0.5,0,0,0,63779,1567.9142037347717,49812,190.57899702882838,24,7883,523,700,49812
70,avg-run,1000,true,uniform,UPDATE,326188,5756551,4234747,4224216,409285,100346,347517,0,0,0,448,23085,29826896,307835091,3856057068,7327461071,623735677,91496985,12308979118092,14378489064,1893734392,77238498,0.5,0.5,0,0,0,63779,1567.9142037347717,50188,1070.45303658245,370,24703,1480,1636,50188
71,extend,1000,true,uniform,EXTEND,17166341,271773249,137127061,134888214,12949166,4212928,12888430,0,0,0,448,23086,29828665,307842049,3856079954,7327491024,623845270,91497116,12309187086543,14378727408,1893751719,77238498,0,0,0,0,1,15349,651.5082415792559,10000,1496.8583,490,23343,1959,2169,10000
71,run,1000,true,uniform,READ,17698824,276184873,140583001,138340924,13248419,4262940,13187465,0,0,0,448,23087,29829742,307890805,3856314623,7327887183,623910191,91498937,12309955590824,14379972708,1893814783,77238498,0.5,0.5,0,0,0,98918,1010.9383529792353,50010,569.2382923415317,409,7791,737,855,50010
71,run,1000,true,uniform,UPDATE,17698824,276184873,140583001,138340924,13248419,4262940,13187465,0,0,0,448,23087,29829742,307890805,3856314623,7327887183,623910191,91498937,12309955590824,14379972708,1893814783,77238498,0.5,0.5,0,0,0,98918,1010.9383529792353,49990,1396.0228045609122,571,86143,1614,2771,49990
71,reference,1000,true,uniform,READ,14792336,245019794,128542959,128046126,11045295,3554227,10984389,0,0,0,448,23088,29830594,307940605,3856637277,7328315654,624027026,91502797,12310751572823,14381245565,1893901265,77238498,0.5,0.5,0,0,0,102741,973.3212641496578,50080,577.9543330670926,410,29151,749,863,50080
71,reference,1000,true,uniform,UPDATE,14792336,245019794,128542959,128046126,11045295,3554227,10984389,0,0,0,448,23088,29830594,307940605,3856637277,7328315654,624027026,91502797,12310751572823,14381245565,1893901265,77238498,0.5,0.5,0,0,0,102741,973.3212641496578,49920,1465.4743389423077,585,91391,1662,4371,49920
71,clean-run,1000,true,uniform,READ,313774,4427993,3387884,3384976,361429,50201,300494,0,0,0,448,23090,29841751,307988642,3857010256,7328631483,624027224,91503075,12311601696586,14382848649,1894022874,77238498,0.5,0.5,0,0,0,99249,1007.5668268697922,49811,578.9872116600751,411,6803,749,844,49811
71,clean-run,1000,true,uniform,UPDATE,313774,4427993,3387884,3384976,361429,50201,300494,0,0,0,448,23090,29841751,307988642,3857010256,7328631483,624027224,91503075,12311601696586,14382848649,1894022874,77238498,0.5,0.5,0,0,0,99249,1007.5668268697922,50189,1390.1091872721115,456,61407,1612,2443,50189
71,avg-run,1000,true,uniform,READ,332665,5793984,4400490,4389879,422491,100080,360136,0,0,0,448,23090,29841751,307988874,3857029605,7328666096,624027224,91503075,12311732614881,14383235665,1894022885,77238498,0.5,0.5,0,0,0,64524,1549.8109230673858,50136,198.64217328865485,25,10431,534,717,50136
71,avg-run,1000,true,uniform,UPDATE,332665,5793984,4400490,4389879,422491,100080,360136,0,0,0,448,23090,29841751,307988874,3857029605,7328666096,624027224,91503075,12311732614881,14383235665,1894022885,77238498,0.5,0.5,0,0,0,64524,1549.8109230673858,49864,1083.0836675758062,374,23871,1494,1640,49864
72,extend,1000,true,uniform,EXTEND,17870210,276698205,140806148,138536331,13308306,4272951,13247350,0,0,0,448,23091,29844172,307996274,3857052269,7328697173,624135724,91503186,12311957480276,14383445857,1894043528,77238498,0,0,0,0,1,15370,650.6180871828237,10000,1498.3737,466,13959,1992,2183,10000
72,run,1000,true,uniform,READ,18383981,281089645,144253688,141980641,13608918,4323179,13548018,0,0,0,448,23092,29844980,308045754,3857310575,7329112660,624201745,91503436,12312719542891,14384666167,1894083440,77238498,0.5,0.5,0,0,0,98668,1013.4998175700329,49794,583.310599670643,414,9367,753,864,49794
72,run,1000,true,uniform,UPDATE,18383981,281089645,144253688,141980641,13608918,4323179,13548018,0,0,0,448,23092,29844980,308045754,3857310575,7329112660,624201745,91503436,12312719542891,14384666167,1894083440,77238498,0.5,0.5,0,0,0,98668,1013.4998175700329,50206,1374.1199856590845,574,31951,1601,2261,50206
72,reference,1000,true,uniform,READ,15467542,249417679,131930692,131426704,11346262,3604536,11285327,0,0,0,448,23094,29846783,308096061,3857622080,7329525664,624315457,91507668,12313596154675,14386071477,1894184497,77238498,0.5,0.5,0,0,0,105925,944.0641963653528,49724,588.0348724961789,393,8171,760,878,49724
72,reference,1000,true,uniform,UPDATE,15467542,249417679,131930692,131426704,11346262,3604536,11285327,0,0,0,448,23094,29846783,308096061,3857622080,7329525664,624315457,91507668,12313596154675,14386071477,1894184497,77238498,0.5,0.5,0,0,0,105925,944.0641963653528,50276,1512.5306706977485,489,85375,1660,4575,50276
72,clean-run,1000,true,uniform,READ,303281,4380250,3413344,3410440,358484,49706,297551,0,0,0,448,23096,29856370,308144326,3857980198,7329838008,624323940,91508202,12314431916850,14387577253,1894287664,77250518,0.5,0.5,0,0,0,100004,999.960001599936,50295,579.7429565563177,413,35391,747,853,50295
72,clean-run,1000,true,uniform,UPDATE,303281,4380250,3413344,3410440,358484,49706,297551,0,0,0,448,23096,29856370,308144326,3857980198,7329838008,624323940,91508202,12314431916850,14387577253,1894287664,77250518,0.5,0.5,0,0,0,100004,999.960001599936,49705,1412.7263253193844,466,86719,1593,2361,49705
72,avg-run,1000,true,uniform,READ,322508,5742022,4418553,4408055,419546,99726,357013,0,0,0,448,23096,29856370,308144526,3857999712,7329872837,624323940,91508202,12314563980401,14387959341,1894287676,77250518,0.5,0.5,0,0,0,63215,1581.903029344301,49995,184.87774777477748,25,8951,514,692,49995
72,avg-run,1000,true,uniform,UPDATE,322508,5742022,4418553,4408055,419546,99726,357013,0,0,0,448,23096,29856370,308144526,3857999712,7329872837,624323940,91508202,12314563980401,14387959341,1894287676,77250518,0.5,0.5,0,0,0,63215,1581.903029344301,50005,1068.486691330867,365,25375,1475,1644,50005
73,extend,1000,true,uniform,EXTEND,18617984,281653712,144476944,142176155,13668775,4333201,13607875,0,0,0,448,23097,29858794,308152100,3858035652,7329903709,624432237,91508320,12314785200692,14388192679,1894313704,77250518,0,0,0,0,1,15709,636.5777579731364,10000,1530.8539,487,14999,1990,2171,10000
73,run,1000,true,uniform,READ,19173296,286071348,147953743,145648847,13965535,4382858,13904651,0,0,0,448,23098,29859571,308201219,3858313244,7330310091,624496556,91508487,12315556415888,14389472957,1894398942,77250518,0.5,0.5,0,0,0,100215,997.8546125829466,50376,595.6313125297761,411,34463,762,869,50376
73,run,1000,true,uniform,UPDATE,19173296,286071348,147953743,145648847,13965535,4382858,13904651,0,0,0,448,23098,29859571,308201219,3858313244,7330310091,624496556,91508487,12315556415888,14389472957,1894398942,77250518,0.5,0.5,0,0,0,100215,997.8546125829466,49624,1401.7415766564566,512,80703,1627,2313,49624
73,reference,1000,true,uniform,READ,16077403,253781987,135332130,134821865,11645280,3654546,11584383,0,0,0,448,23100,29861337,308251904,3858615359,7330729258,624616278,91509681,12316407694431,14390722942,1894492177,77250518,0.5,0.5,0,0,0,104665,955.4292265800411,50012,597.4021834759658,416,9279,770,890,50012
73,reference,1000,true,uniform,UPDATE,16077403,253781987,135332130,134821865,11645280,3654546,11584383,0,0,0,448,23100,29861337,308251904,3858615359,7330729258,624616278,91509681,12316407694431,14390722942,1894492177,77250518,0.5,0.5,0,0,0,104665,955.4292265800411,49988,1483.2071097063294,567,80319,1696,4491,49988
73,clean-run,1000,true,uniform,READ,303976,4433586,3391585,3388681,360321,50071,299433,0,0,0,448,23102,29873929,308300531,3858979356,7331038834,624624538,91510388,12317292138874,14392321430,1894635420,77251798,0.5,0.5,0,0,0,99817,1001.8333550397227,49941,578.3948659418113,411,15663,743,848,49941
73,clean-run,1000,true,uniform,UPDATE,303976,4433586,3391585,3388681,360321,50071,299433,0,0,0,448,23102,29873929,308300531,3858979356,7331038834,624624538,91510388,12317292138874,14392321430,1894635420,77251798,0.5,0.5,0,0,0,99817,1001.8333550397227,50059,1403.6454983119918,506,55903,1639,3993,50059
73,avg-run,1000,true,uniform,READ,322986,5795209,4396759,4386265,421383,100125,359111,0,0,0,448,23102,29873929,308300731,3858998991,7331073535,624624538,91510388,12317425753000,14392705892,1894635431,77251798,0.5,0.5,0,0,0,63962,1563.4282855445422,49961,191.9288244830968,24,10311,539,697,49961
73,avg-run,1000,true,uniform,UPDATE,322986,5795209,4396759,4386265,421383,100125,359111,0,0,0,448,23102,29873929,308300731,3858998991,7331073535,624624538,91510388,12317425753000,14392705892,1894635431,77251798,0.5,0.5,0,0,0,63962,1563.4282855445422,50039,1075.3724494893984,378,30783,1497,1657,50039
74,extend,1000,true,uniform,EXTEND,19332777,286578967,148176678,145844042,14025349,4392869,13964465,0,0,0,448,23103,29876234,308308015,3859026393,7331104030,624734543,91510499,12317645897160,14392915820,1894653351,77251798,0,0,0,0,1,15029,665.3802648213453,10000,1464.7525,491,25279,1947,2155,10000
74,run,1000,true,uniform,READ,19849256,290984596,151632226,149296360,14324914,4442930,14263996,0,0,0,448,23104,29877107,308357097,3859282305,7331508579,624798364,91510673,12318419299062,14394130226,1894692885,77251798,0.5,0.5,0,0,0,98735,1012.8120727199068,49961,596.3826985048338,427,30559,769,905,49961
74,run,1000,true,uniform,UPDATE,19849256,290984596,151632226,149296360,14324914,4442930,14263996,0,0,0,448,23104,29877107,308357097,3859282305,7331508579,624798364,91510673,12318419299062,14394130226,1894692885,77251798,0.5,0.5,0,0,0,98735,1012.8120727199068,50039,1364.9859509582525,585,20719,1622,2383,50039
74,reference,1000,true,uniform,READ,16764361,258209634,138740577,138223157,11944028,3704480,11883119,0,0,0,448,23106,29879122,308407902,3859580062,7331927587,624912380,91513871,12319330864780,14395528652,1894793732,77251798,0.5,0.5,0,0,0,105958,943.7701730874497,50099,603.7896165592127,424,30303,775,905,50099
74,reference,1000,true,uniform,UPDATE,16764361,258209634,138740577,138223157,11944028,3704480,11883119,0,0,0,448,23106,29879122,308407902,3859580062,7331927587,624912380,91513871,12319330864780,14395528652,1894793732,77251798,0.5,0.5,0,0,0,105958,943.7701730874497,49901,1504.3986092463076,544,139007,1676,4099,49901
74,clean-run,1000,true,uniform,READ,315077,4433863,3383350,3380440,361967,50288,301032,0,0,0,448,23108,29888726,308457106,3859954737,7332239689,624927278,91514041,12320198684569,14397084406,1894894933,77263280,0.5,0.5,0,0,0,103068,970.2332440718749,49724,599.4865256214302,419,35967,768,879,49724
74,clean-run,1000,true,uniform,UPDATE,315077,4433863,3383350,3380440,361967,50288,301032,0,0,0,448,23108,29888726,308457106,3859954737,7332239689,624927278,91514041,12320198684569,14397084406,1894894933,77263280,0.5,0.5,0,0,0,103068,970.2332440718749,50276,1444.4149892592886,445,90175,1621,3899,50276
74,avg-run,1000,true,uniform,READ,333996,5800721,4396793,4386207,423029,100009,360620,0,0,0,448,23108,29888726,308457406,3859974516,7332274485,624927278,91514041,12320333790218,14397470983,1894894941,77263280,0.5,0.5,0,0,0,63127,1584.108226274019,50294,193.37248976020996,24,10551,529,719,50294
74,avg-run,1000,true,uniform,UPDATE,333996,5800721,4396793,4386207,423029,100009,360620,0,0,0,448,23108,29888726,308457406,3859974516,7332274485,624927278,91514041,12320333790218,14397470983,1894894941,77263280,0.5,0.5,0,0,0,63127,1584.108226274019,49706,1063.0234378143484,374,30335,1461,1626,49706
75,extend,1000,true,uniform,EXTEND,20081190,291567671,151856701,149492217,14384803,4452963,14323885,0,0,0,448,23109,29892503,308465284,3859997915,7332305619,625038011,91514093,12320556191155,14397682359,1894913177,77263280,0,0,0,0,1,16252,615.3088850603003,10000,1586.8782,497,18591,2008,2183,10000
75,run,1000,true,uniform,READ,20631809,295985018,155311421,152943707,14684311,4503027,14623404,0,0,0,448,23110,29893434,308515866,3860237698,7332711229,625101435,91514672,12321345837474,14398945192,1894984173,77263280,0.5,0.5,0,0,0,101851,981.8263934571089,49958,593.0937987909845,426,27407,762,880,49958
75,run,1000,true,uniform,UPDATE,20631809,295985018,155311421,152943707,14684311,4503027,14623404,0,0,0,448,23110,29893434,308515866,3860237698,7332711229,625101435,91514672,12321345837474,14398945192,1894984173,77263280,0.5,0.5,0,0,0,101851,981.8263934571089,50042,1430.0890052356021,641,46207,1643,3559,50042
75,reference,1000,true,uniform,READ,17361690,262567583,142132646,141608949,12244342,3754681,12183411,0,0,0,448,23112,29895470,308567166,3860578377,7333130589,625214364,91515299,12322256685135,14400225523,1895093697,77263280,0.5,0.5,0,0,0,105459,948.2358072805546,49821,602.3277935007326,423,8511,773,890,49821
75,reference,1000,true,uniform,UPDATE,17361690,262567583,142132646,141608949,12244342,3754681,12183411,0,0,0,448,23112,29895470,308567166,3860578377,7333130589,625214364,91515299,12322256685135,14400225523,1895093697,77263280,0.5,0.5,0,0,0,105459,948.2358072805546,50179,1491.0859722194543,439,81087,1724,5023,50179
75,clean-run,1000,true,uniform,READ,313089,4436260,3383406,3380503,361648,50256,300731,0,0,0,448,23114,29905493,308616304,3860932475,7333445213,625236252,91515478,12323172046100,14401855734,1895245073,77263280,0.5,0.5,0,0,0,103154,969.4243558175156,49756,598.1733459281293,413,27551,765,868,49756
75,clean-run,1000,true,uniform,UPDATE,313089,4436260,3383406,3380503,361648,50256,300731,0,0,0,448,23114,29905493,308616304,3860932475,7333445213,625236252,91515478,12323172046100,14401855734,1895245073,77263280,0.5,0.5,0,0,0,103154,969.4243558175156,50244,1447.6454701058833,458,70655,1645,3859,50244
75,avg-run,1000,true,uniform,READ,332142,5796266,4387082,4376550,422710,100070,360433,0,0,0,448,23114,29905493,308616504,3860951979,7333479950,625346748,91515481,12323308476362,14402241062,1895245081,77263280,0.5,0.5,0,0,0,64016,1562.109472631842,50201,197.86322981613912,25,11087,539,734,50201
75,avg-run,1000,true,uniform,UPDATE,332142,5796266,4387082,4376550,422710,100070,360433,0,0,0,448,23114,29905493,308616504,3860951979,7333479950,625346748,91515481,12323308476362,14402241062,1895245081,77263280,0.5,0.5,0,0,0,64016,1562.109472631842,49799,1074.623687222635,370,30415,1491,1656,49799
76,extend,1000,true,uniform,EXTEND,20814403,296493863,155534391,153138937,14744134,4513038,14683224,0,0,0,448,23115,29910121,308624326,3860984052,7333512118,625346748,91515481,12323541608949,14402469747,1895271619,77263280,0,0,0,0,1,16256,615.1574803149606,10000,1587.7932,692,21279,1961,2155,10000
76,run,1000,true,uniform,READ,21385400,300967548,158985058,156585497,15044169,4563202,14983231,0,0,0,448,23116,29910928,308674991,3861280986,7333918893,625408072,91516000,12324331740515,14403795231,1895328694,77263280,0.5,0.5,0,0,0,101864,981.7010916516139,49869,613.7201267320379,443,24479,782,904,49869
76,run,1000,true,uniform,UPDATE,21385400,300967548,158985058,156585497,15044169,4563202,14983231,0,0,0,448,23116,29910928,308674991,3861280986,7333918893,625408072,91516000,12324331740515,14403795231,1895328694,77263280,0.5,0.5,0,0,0,101864,981.7010916516139,50131,1408.2944285970757,493,68735,1630,2865,50131
76,reference,1000,true,uniform,READ,18051302,267003934,145546798,145015947,12542440,3804517,12481515,0,0,0,448,23118,29912839,308726447,3861551964,7334342205,625524390,91520402,12325252510765,14405038748,1895412580,77263280,0.5,0.5,0,0,0,108776,919.320438331985,50197,611.9742414885352,427,14663,785,922,50197
76,reference,1000,true,uniform,UPDATE,18051302,267003934,145546798,145015947,12542440,3804517,12481515,0,0,0,448,23118,29912839,308726447,3861551964,7334342205,625524390,91520402,12325252510765,14405038748,1895412580,77263280,0.5,0.5,0,0,0,108776,919.320438331985,49803,1554.4415999036203,585,117375,1694,3993,49803
76,clean-run,1000,true,uniform,READ,305477,4384642,3409525,3406622,358663,49752,297759,0,0,0,448,23120,29922931,308775795,3861912999,7334656254,625545585,91521710,12326156465343,14406583087,1895541523,77263280,0.5,0.5,0,0,0,103246,968.5605253472289,50249,557.8748631813569,389,28303,730,854,50249
76,clean-run,1000,true,uniform,UPDATE,305477,4384642,3409525,3406622,358663,49752,297759,0,0,0,448,23120,29922931,308775795,3861912999,7334656254,625545585,91521710,12326156465343,14406583087,1895541523,77263280,0.5,0.5,0,0,0,103246,968.5605253472289,49751,1498.8795803099435,566,74111,1653,3517,49751
76,avg-run,1000,true,uniform,READ,325131,5748469,4419112,4408673,419725,99639,357419,0,0,0,448,23120,29922931,308775995,3861932455,7334691499,625545585,91521710,12326293844639,14406961157,1895541535,77263280,0.5,0.5,0,0,0,61206,1633.8267490115347,50128,178.35566948611554,24,12511,518,691,50128
76,avg-run,1000,true,uniform,UPDATE,325131,5748469,4419112,4408673,419725,99639,357419,0,0,0,448,23120,29922931,308775995,3861932455,7334691499,625545585,91521710,12326293844639,14406961157,1895541535,77263280,0.5,0.5,0,0,0,61206,1633.8267490115347,49872,1036.9370789220404,363,27151,1398,1604,49872
77,extend,1000,true,uniform,EXTEND,21525221,301462591,159208223,156780922,15104088,4573213,15043133,0,0,0,448,23121,29927785,308784095,3861968936,7334721645,625655132,91521730,12326517964825,14407200131,1895567552,77263280,0,0,0,0,1,16765,596.4807634953772,10000,1638.8496,574,16495,2005,2169,10000
77,run,1000,true,uniform,READ,22052210,305878106,162662302,160231771,15403898,4623319,15342990,0,0,0,448,23122,29928897,308834170,3862218696,7335126741,625717356,91521772,12327322695026,14408406441,1895601210,77263280,0.5,0.5,0,0,0,100780,992.2603691208573,49916,604.0133824825707,433,11623,773,888,49916
77,run,1000,true,uniform,UPDATE,22052210,305878106,162662302,160231771,15403898,4623319,15342990,0,0,0,448,23122,29928897,308834170,3862218696,7335126741,625717356,91521772,12327322695026,14408406441,1895601210,77263280,0.5,0.5,0,0,0,100780,992.2603691208573,50084,1397.2605622554108,531,36703,1633,2463,50084
77,reference,1000,true,uniform,READ,18725546,271402013,148961947,148423926,12840494,3854333,12779566,0,0,0,448,23124,29930835,308885751,3862524953,7335555716,625824974,91527199,12328293817493,14409794033,1895713883,77263280,0.5,0.5,0,0,0,108821,918.9402780713282,50217,605.9067049007308,432,9439,779,907,50217
77,reference,1000,true,uniform,UPDATE,18725546,271402013,148961947,148423926,12840494,3854333,12779566,0,0,0,448,23124,29930835,308885751,3862524953,7335555716,625824974,91527199,12328293817493,14409794033,1895713883,77263280,0.5,0.5,0,0,0,108821,918.9402780713282,49783,1561.552879497017,586,125247,1743,6055,49783
77,clean-run,1000,true,uniform,READ,315094,4438216,3381818,3378906,361872,50283,300962,0,0,0,448,23126,29940591,308935137,3862896772,7335869161,625854376,91527395,12329196632308,14411346785,1895812469,77276334,0.5,0.5,0,0,0,103557,965.6517666599071,49729,614.7271813227694,395,37727,783,894,49729
77,clean-run,1000,true,uniform,UPDATE,315094,4438216,3381818,3378906,361872,50283,300962,0,0,0,448,23126,29940591,308935137,3862896772,7335869161,625854376,91527395,12329196632308,14411346785,1895812469,77276334,0.5,0.5,0,0,0,103557,965.6517666599071,50271,1439.024427602395,460,64191,1641,4211,50271
77,avg-run,1000,true,uniform,READ,334198,5801937,4390588,4380057,422934,100132,360538,0,0,0,448,23126,29940591,308935437,3862916121,7335904255,625921315,91527569,12329335896621,14411731356,1895812477,77276334,0.5,0.5,0,0,0,62323,1604.5440688028498,50166,186.78872144480326,24,33503,527,734,50166
77,avg-run,1000,true,uniform,UPDATE,334198,5801937,4390588,4380057,422934,100132,360538,0,0,0,448,23126,29940591,308935437,3862916121,7335904255,625921315,91527569,12329335896621,14411731356,1895812477,77276334,0.5,0.5,0,0,0,62323,1604.5440688028498,49834,1051.8145041537905,372,14991,1436,1623,49834
78,extend,1000,true,uniform,EXTEND,22282455,306448934,162886738,160427586,15463824,4633352,15402863,0,0,0,448,23127,29943804,308943568,3862944772,7335935594,625921315,91527569,12329555633812,14411943096,1895829226,77276334,0,0,0,0,1,16759,596.6943135031923,10000,1638.4006,547,17855,2003,2195,10000
78,run,1000,true,uniform,READ,22845333,310863856,166345335,163882953,15763712,4683415,15702721,0,0,0,448,23128,29944634,308994254,3863181756,7336348490,625982335,91528204,12330358957935,14413210587,1895898271,77276334,0.5,0.5,0,0,0,102565,974.9914688246478,49959,621.8655097179687,444,29855,790,910,49959
78,run,1000,true,uniform,UPDATE,22845333,310863856,166345335,163882953,15763712,4683415,15702721,0,0,0,448,23128,29944634,308994254,3863181756,7336348490,625982335,91528204,12330358957935,14413210587,1895898271,77276334,0.5,0.5,0,0,0,102565,974.9914688246478,50041,1415.8372134849424,535,52607,1655,2465,50041
78,reference,1000,true,uniform,READ,19323985,275770586,152361245,151816947,13140917,3904478,13079932,0,0,0,448,23130,29946634,309046618,3863543361,7336778554,626095155,91530424,12331306033567,14414493167,1896000527,77276334,0.5,0.5,0,0,0,108352,922.917897223863,49877,623.8356156144115,446,33503,793,914,49877
78,reference,1000,true,uniform,UPDATE,19323985,275770586,152361245,151816947,13140917,3904478,13079932,0,0,0,448,23130,29946634,309046618,3863543361,7336778554,626095155,91530424,12331306033567,14414493167,1896000527,77276334,0.5,0.5,0,0,0,108352,922.917897223863,50123,1528.2075294774854,596,107263,1745,3577,50123
78,clean-run,1000,true,uniform,READ,306207,4374477,3391256,3388351,361637,50170,300671,0,0,0,448,23132,29956403,309096978,3863870231,7337092740,626127879,91531948,12332236114716,14416104187,1896127621,77287270,0.5,0.5,0,0,0,105741,945.7069632403703,49831,617.6440970480223,430,12863,786,896,49831
78,clean-run,1000,true,uniform,UPDATE,306207,4374477,3391256,3388351,361637,50170,300671,0,0,0,448,23132,29956403,309096978,3863870231,7337092740,626127879,91531948,12332236114716,14416104187,1896127621,77287270,0.5,0.5,0,0,0,105741,945.7069632403703,50169,1481.3589866252069,472,101503,1646,3511,50169
78,avg-run,1000,true,uniform,READ,325466,5733422,4394048,4383656,422699,100308,360307,0,0,0,448,23132,29956403,309097178,3863890018,7337127772,626217249,91531964,12332376228377,14416479053,1896127633,77287270,0.5,0.5,0,0,0,62051,1611.5775732864902,49877,182.74316819375665,24,11831,548,739,49877
78,avg-run,1000,true,uniform,UPDATE,325466,5733422,4394048,4383656,422699,100308,360307,0,0,0,448,23132,29956403,309097178,3863890018,7337127772,626217249,91531964,12332376228377,14416479053,1896127633,77287270,0.5,0.5,0,0,0,62051,1611.5775732864902,50123,1045.4238972128564,365,22911,1421,1628,50123
79,extend,1000,true,uniform,EXTEND,23017829,311373204,166568651,164078529,15823666,4693426,15762672,0,0,0,448,23133,29960603,309105346,3863930634,7337160014,626217249,91531964,12332612964808,14416724929,1896158391,77287270,0,0,0,0,1,16861,593.0846331771544,10000,1648.6403,533,16527,2024,2195,10000
79,run,1000,true,uniform,READ,23563911,315768625,170025593,167531364,16124278,4743601,16063267,0,0,0,448,23134,29961321,309157258,3864208982,7337566552,626277172,91532546,12333413986841,14418041252,1896222715,77287270,0.5,0.5,0,0,0,105178,950.7691722603587,49858,632.9467086525733,445,29103,803,940,49858
79,run,1000,true,uniform,UPDATE,23563911,315768625,170025593,167531364,16124278,4743601,16063267,0,0,0,448,23134,29961321,309157258,3864208982,7337566552,626277172,91532546,12333413986841,14418041252,1896222715,77287270,0.5,0.5,0,0,0,105178,950.7691722603587,50142,1455.149814526744,566,67775,1642,2399,50142
79,reference,1000,true,uniform,READ,19992183,280185121,155766242,155214790,13440851,3954550,13379852,0,0,0,448,23136,29963138,309209402,3864512097,7337974171,626393382,91536329,12334343277068,14419309585,1896309474,77287270,0.5,0.5,0,0,0,108915,918.1471789927925,49961,634.1514581373472,446,29263,810,944,49961
79,reference,1000,true,uniform,UPDATE,19992183,280185121,155766242,155214790,13440851,3954550,13379852,0,0,0,448,23136,29963138,309209402,3864512097,7337974171,626393382,91536329,12334343277068,14419309585,1896309474,77287270,0.5,0.5,0,0,0,108915,918.1471789927925,50039,1530.1387118047924,445,195839,1734,5739,50039
79,clean-run,1000,true,uniform,READ,316045,4435287,3389573,3386669,362063,50231,301058,0,0,0,448,23138,29973426,309259994,3864858659,7338287767,626423027,91537183,12335284672210,14420932180,1896439572,77287270,0.5,0.5,0,0,0,105023,952.1723812879084,49781,625.6854623249834,444,39359,797,904,49781
79,clean-run,1000,true,uniform,UPDATE,316045,4435287,3389573,3386669,362063,50231,301058,0,0,0,448,23138,29973426,309259994,3864858659,7338287767,626423027,91537183,12335284672210,14420932180,1896439572,77287270,0.5,0.5,0,0,0,105023,952.1723812879084,50219,1457.8526454130906,494,67071,1693,4283,50219
79,avg-run,1000,true,uniform,READ,334986,5792405,4391151,4380654,423125,100143,360754,0,0,0,448,23138,29973426,309260294,3864877399,7338322583,626473551,91537372,12335427067870,14421321563,1896439580,77287270,0.5,0.5,0,0,0,62901,1589.7998441996153,50103,193.30712731772547,24,12855,533,676,50103
79,avg-run,1000,true,uniform,UPDATE,334986,5792405,4391151,4380654,423125,100143,360754,0,0,0,448,23138,29973426,309260294,3864877399,7338322583,626473551,91537372,12335427067870,14421321563,1896439580,77287270,0.5,0.5,0,0,0,62901,1589.7998441996153,49897,1055.5701545183076,383,25951,1457,1618,49897
80,extend,1000,true,uniform,EXTEND,23719559,316273291,170248971,167727002,16184251,4753612,16123239,0,0,0,448,23139,29976288,309268218,3864907884,7338353031,626473551,91537372,12335644219739,14421534183,1896454751,77287270,0,0,0,0,1,16605,602.2282445046673,10000,1621.4242,722,18847,1988,2201,10000
80,run,1000,true,uniform,READ,24293169,320743812,173712826,171186750,16483957,4803642,16422940,0,0,0,448,23140,29977019,309319592,3865180094,7338732722,626533078,91537850,12336451381117,14422894372,1896510333,77287270,0.5,0.5,0,0,0,103228,968.7294144999419,50003,629.6657400555966,438,34783,800,921,50003
80,run,1000,true,uniform,UPDATE,24293169,320743812,173712826,171186750,16483957,4803642,16422940,0,0,0,448,23140,29977019,309319592,3865180094,7338732722,626533078,91537850,12336451381117,14422894372,1896510333,77287270,0.5,0.5,0,0,0,103228,968.7294144999419,49997,1422.1482688961337,498,45151,1648,2419,49997
80,reference,1000,true,uniform,READ,20666247,284597863,159165177,158606570,13741463,4004732,13680464,0,0,0,448,23142,29979041,309372592,3865456185,7339143241,626650390,91542880,12337390991430,14424166768,1896590378,77287270,0.5,0.5,0,0,0,110286,906.7334022450719,49851,642.0237708370945,423,35615,813,954,49851
80,reference,1000,true,uniform,UPDATE,20666247,284597863,159165177,158606570,13741463,4004732,13680464,0,0,0,448,23142,29979041,309372592,3865456185,7339143241,626650390,91542880,12337390991430,14424166768,1896590378,77287270,0.5,0.5,0,0,0,110286,906.7334022450719,50149,1547.6505214460906,599,53503,1740,5179,50149
80,clean-run,1000,true,uniform,READ,311844,4434004,3409000,3406097,359861,49874,298874,0,0,0,448,23144,29989745,309424727,3865807296,7339454711,626680407,91544979,12338333329385,14425747914,1896717543,77287294,0.5,0.5,0,0,0,106692,937.2773966183031,50138,635.0242131716462,455,13895,804,923,50138
80,clean-run,1000,true,uniform,UPDATE,311844,4434004,3409000,3406097,359861,49874,298874,0,0,0,448,23144,29989745,309424727,3865807296,7339454711,626680407,91544979,12338333329385,14425747914,1896717543,77287294,0.5,0.5,0,0,0,106692,937.2773966183031,49862,1488.2946933536562,440,61023,1687,3675,49862
80,avg-run,1000,true,uniform,READ,331173,5795412,4416522,4405974,420923,99732,358468,0,0,0,448,23144,29989745,309424927,3865824067,7339489734,626733330,91545149,12338476831082,14426132629,1896717551,77287294,0.5,0.5,0,0,0,62813,1592.0271281422636,50157,195.70805670195585,24,30527,545,755,50157
80,avg-run,1000,true,uniform,UPDATE,331173,5795412,4416522,4405974,420923,99732,358468,0,0,0,448,23144,29989745,309424927,3865824067,7339489734,626733330,91545149,12338476831082,14426132629,1896717551,77287294,0.5,0.5,0,0,0,62813,1592.0271281422636,49843,1052.106735148366,370,8607,1437,1613,49843
81,extend,1000,true,uniform,EXTEND,24434499,321239613,173936214,171382398,16543933,4813653,16482914,0,0,0,448,23145,29991935,309432668,3865860859,7339519545,626733330,91545149,12338689653666,14426367942,1896738250,77287294,0,0,0,0,1,16422,608.939227865059,10000,1602.8291,615,18543,1976,2159,10000
81,run,1000,true,uniform,READ,24922680,325638668,177407609,174850563,16842707,4863515,16781690,0,0,0,448,23146,29992921,309484098,3866128325,7339902074,626791834,91546095,12339489628816,14427577105,1896763650,77287294,0.5,0.5,0,0,0,103111,969.8286312808526,50160,634.6937799043062,450,34783,806,923,50160
81,run,1000,true,uniform,UPDATE,24922680,325638668,177407609,174850563,16842707,4863515,16781690,0,0,0,448,23146,29992921,309484098,3866128325,7339902074,626791834,91546095,12339489628816,14427577105,1896763650,77287294,0.5,0.5,0,0,0,103111,969.8286312808526,49840,1416.5629213483146,576,34687,1646,2429,49840
81,reference,1000,true,uniform,READ,21338254,288997652,162566260,162000499,14041865,4054879,13980884,0,0,0,448,23148,29995039,309537398,3866394976,7340326261,626906760,91551552,12340461125853,14428997277,1896857770,77287294,0.5,0.5,0,0,0,110585,904.281774200841,49886,642.3840155554665,414,29983,816,957,49886
81,reference,1000,true,uniform,UPDATE,21338254,288997652,162566260,162000499,14041865,4054879,13980884,0,0,0,448,23148,29995039,309537398,3866394976,7340326261,626906760,91551552,12340461125853,14428997277,1896857770,77287294,0.5,0.5,0,0,0,110585,904.281774200841,50114,1554.0850460949036,597,135295,1732,4943,50114
81,clean-run,1000,true,uniform,READ,306629,4430333,3408403,3405497,359939,49890,298946,0,0,0,448,23150,30004920,309588607,3866735258,7340640094,626941308,91552674,12341408588220,14430541802,1896963109,77287294,0.5,0.5,0,0,0,106827,936.0929353066173,50122,631.0247795379274,446,37599,802,912,50122
81,clean-run,1000,true,uniform,UPDATE,306629,4430333,3408403,3405497,359939,49890,298946,0,0,0,448,23150,30004920,309588607,3866735258,7340640094,626941308,91552674,12341408588220,14430541802,1896963109,77287294,0.5,0.5,0,0,0,106827,936.0929353066173,49878,1494.7463410722162,459,67967,1677,3967,49878
81,avg-run,1000,true,uniform,READ,325852,5794145,4420017,4409568,421001,99900,358636,0,0,0,448,23151,30005512,309588907,3866755193,7340675256,626994722,91552789,12341555825869,14430924043,1896963573,77287294,0.5,0.5,0,0,0,63244,1581.1776611220037,50005,198.04517548245175,24,10815,545,709,50005
81,avg-run,1000,true,uniform,UPDATE,325852,5794145,4420017,4409568,421001,99900,358636,0,0,0,448,23151,30005512,309588907,3866755193,7340675256,626994722,91552789,12341555825869,14430924043,1896963573,77287294,0.5,0.5,0,0,0,63244,1581.1776611220037,49995,1055.9734573457347,385,14199,1459,1627,49995
82,extend,1000,true,uniform,EXTEND,25170911,326232535,177632140,175046477,16902731,4873537,16841681,0,0,0,448,23151,30007092,309597305,3866792773,7340706897,626994722,91552789,12341771567400,14431165983,1896986578,77287294,0,0,0,0,1,17167,582.5129609133803,10000,1678.1255,709,18431,2020,2199,10000
82,run,1000,true,uniform,READ,25693423,330640466,181091089,178502196,17202627,4923604,17141658,0,0,0,448,23152,30008491,309648705,3867058002,7341107949,627061639,91553871,12342589350721,14432404147,1897013409,77287294,0.5,0.5,0,0,0,102618,974.487906605079,49955,636.7031528375538,413,10079,809,939,49955
82,run,1000,true,uniform,UPDATE,25693423,330640466,181091089,178502196,17202627,4923604,17141658,0,0,0,448,23152,30008491,309648705,3867058002,7341107949,627061639,91553871,12342589350721,14432404147,1897013409,77287294,0.5,0.5,0,0,0,102618,974.487906605079,50045,1401.8188030772305,595,27215,1649,2317,50045
82,reference,1000,true,uniform,READ,21996930,293359127,165972883,165399817,14341559,4104912,14280530,0,0,0,448,23154,30010387,309702770,3867349715,7341571665,627170412,91559524,12343601554722,14433823016,1897131830,77287294,0.5,0.5,0,0,0,112419,889.529350020904,50000,643.90838,459,6679,813,945,50000
82,reference,1000,true,uniform,UPDATE,21996930,293359127,165972883,165399817,14341559,4104912,14280530,0,0,0,448,23154,30010387,309702770,3867349715,7341571665,627170412,91559524,12343601554722,14433823016,1897131830,77287294,0.5,0.5,0,0,0,112419,889.529350020904,50000,1591.3836,615,94591,1826,6623,50000
82,clean-run,1000,true,uniform,READ,318437,4430650,3400252,3397342,360773,50040,299798,0,0,0,448,23156,30020050,309755014,3867714695,7341888594,627214691,91560001,12344547510305,14435385683,1897231611,77287294,0.5,0.5,0,0,0,108084,925.2063210095852,49979,642.4058304487885,457,38879,813,932,49979
82,clean-run,1000,true,uniform,UPDATE,318437,4430650,3400252,3397342,360773,50040,299798,0,0,0,448,23156,30020050,309755014,3867714695,7341888594,627214691,91560001,12344547510305,14435385683,1897231611,77287294,0.5,0.5,0,0,0,108084,925.2063210095852,50021,1505.3650866636012,491,61887,1694,5167,50021
82,avg-run,1000,true,uniform,READ,337943,5789784,4404005,4393397,421835,100096,359344,0,0,0,448,23157,30021971,309755314,3867734780,7341923994,627268004,91560125,12344705698220,14435771923,1897233603,77287294,0.5,0.5,0,0,0,63426,1576.640494434459,49959,200.8045397225725,24,30463,550,709,49959
82,avg-run,1000,true,uniform,UPDATE,337943,5789784,4404005,4393397,421835,100096,359344,0,0,0,448,23157,30021971,309755314,3867734780,7341923994,627268004,91560125,12344705698220,14435771923,1897233603,77287294,0.5,0.5,0,0,0,63426,1576.640494434459,50041,1056.3198577166722,369,12999,1471,1630,50041
83,extend,1000,true,uniform,EXTEND,25927667,331228533,181315664,178698153,17263122,4933626,17201695,0,0,0,448,23157,30023695,309762896,3867769599,7341956578,627268004,91560125,12344925081635,14436008782,1897253733,77287294,0,0,0,0,1,16831,594.1417622244668,10000,1644.937,614,18575,1996,2153,10000
83,run,1000,true,uniform,READ,26510811,335669948,184775974,182155233,17563762,4983796,17502774,0,0,0,448,23158,30024493,309816329,3868050683,7342413532,627413789,91563237,12345760274916,14437265491,1897285906,77287294,0.5,0.5,0,0,0,107868,927.0589980346349,49852,658.7611931316698,462,7375,828,955,49852
83,run,1000,true,uniform,UPDATE,26510811,335669948,184775974,182155233,17563762,4983796,17502774,0,0,0,448,23158,30024493,309816329,3868050683,7342413532,627413789,91563237,12345760274916,14437265491,1897285906,77287294,0.5,0.5,0,0,0,107868,927.0589980346349,50148,1482.757138868948,614,104831,1678,4131,50148
83,reference,1000,true,uniform,READ,22662161,297766924,169378272,168798053,14641353,4154958,14580360,0,0,0,448,23160,30025751,309870429,3868332090,7342871399,627468382,91566008,12346743046898,14438677783,1897396473,77287294,0.5,0.5,0,0,0,111449,897.2713976796562,49976,655.2297302705299,427,6463,829,953,49976
83,reference,1000,true,uniform,UPDATE,22662161,297766924,169378272,168798053,14641353,4154958,14580360,0,0,0,448,23160,30025751,309870429,3868332090,7342871399,627468382,91566008,12346743046898,14438677783,1897396473,77287294,0.5,0.5,0,0,0,111449,897.2713976796562,50024,1560.038081720774,529,79487,1857,5731,50024
83,clean-run,1000,true,uniform,READ,319198,4428087,3394784,3391880,361362,50124,300375,0,0,0,448,23162,30035139,309922432,3868698153,7343188291,627512912,91566417,12347703600534,14440242222,1897496932,77287294,0.5,0.5,0,0,0,107792,927.7126317351937,49888,642.625280628608,446,7435,811,916,49888
83,clean-run,1000,true,uniform,UPDATE,319198,4428087,3394784,3391880,361362,50124,300375,0,0,0,448,23162,30035139,309922432,3868698153,7343188291,627512912,91566417,12347703600534,14440242222,1897496932,77287294,0.5,0.5,0,0,0,107792,927.7126317351937,50112,1498.3156928480205,427,63871,1687,4639,50112
83,avg-run,1000,true,uniform,READ,338548,5789306,4402219,4391703,422424,100136,359969,0,0,0,448,23163,30037978,309922632,3868717943,7343223328,627565624,91566545,12347892581503,14440629057,1897503219,77287294,0.5,0.5,0,0,0,64956,1539.5036640187204,50003,212.32912025278483,24,37055,558,736,50003
83,avg-run,1000,true,uniform,UPDATE,338548,5789306,4402219,4391703,422424,100136,359969,0,0,0,448,23163,30037978,309922632,3868717943,7343223328,627565624,91566545,12347892581503,14440629057,1897503219,77287294,0.5,0.5,0,0,0,64956,1539.5036640187204,49997,1075.5406924415465,378,11311,1493,1653,49997
84,extend,1000,true,uniform,EXTEND,26734904,336257992,185002058,182352700,17626785,4993818,17563556,0,0,0,448,23163,30038105,309930656,3868752543,7343255213,627565624,91566545,12348111278253,14440870937,1897518059,77287294,0,0,0,0,1,16678,599.592277251469,10000,1629.5211,699,17215,1977,2131,10000
84,run,1000,true,uniform,READ,27330519,340737836,188608043,185955455,17938897,5043767,17875299,0,0,0,448,23165,30039576,309981984,3869032751,7343728937,627719999,91567760,12348966636951,14442148680,1897570221,77287294,0.5,0.5,0,0,0,102825,972.5261366399222,50073,652.7876500309548,443,35551,823,955,50073
84,run,1000,true,uniform,UPDATE,27330519,340737836,188608043,185955455,17938897,5043767,17875299,0,0,0,448,23165,30039576,309981984,3869032751,7343728937,627719999,91567760,12348966636951,14442148680,1897570221,77287294,0.5,0.5,0,0,0,102825,972.5261366399222,49927,1391.8963086105714,453,30319,1700,2739,49927
84,reference,1000,true,uniform,READ,23341602,302187322,172897595,172310223,14954025,4204997,14890464,0,0,0,448,23166,30040257,310035299,3869344980,7344206962,627772288,91569290,12349943010999,14443600686,1897707401,77287294,0.5,0.5,0,0,0,111626,895.8486374142225,49983,658.370926114879,392,31999,832,956,49983
84,reference,1000,true,uniform,UPDATE,23341602,302187322,172897595,172310223,14954025,4204997,14890464,0,0,0,448,23166,30040257,310035299,3869344980,7344206962,627772288,91569290,12349943010999,14443600686,1897707401,77287294,0.5,0.5,0,0,0,111626,895.8486374142225,50017,1560.3114141191995,456,67903,1790,6651,50017
84,clean-run,1000,true,uniform,READ,364628,4598343,3550082,3547178,375573,49895,311905,0,0,0,448,23168,30049443,310087030,3869718668,7344580222,627826904,91569586,12350911653356,14445203312,1897813067,77300883,0.5,0.5,0,0,0,107196,932.8706295011008,50117,650.0965540634915,464,38431,820,950,50117
84,clean-run,1000,true,uniform,UPDATE,364628,4598343,3550082,3547178,375573,49895,311905,0,0,0,448,23168,30049443,310087030,3869718668,7344580222,627826904,91569586,12350911653356,14445203312,1897813067,77300883,0.5,0.5,0,0,0,107196,932.8706295011008,49883,1483.1540404546638,431,64319,1681,4827,49883
84,avg-run,1000,true,uniform,READ,388433,5960011,4562089,4551637,436635,99732,371547,0,0,0,448,23169,30053389,310087230,3869738891,7344619742,627879943,91569694,12351167298005,14445580870,1897828239,77300883,0.5,0.5,0,0,0,65854,1518.5106447596197,50178,207.0354338554745,24,11471,556,763,50178
84,avg-run,1000,true,uniform,UPDATE,388433,5960011,4562089,4551637,436635,99732,371547,0,0,0,448,23169,30053389,310087230,3869738891,7344619742,627879943,91569694,12351167298005,14445580870,1897828239,77300883,0.5,0.5,0,0,0,65854,1518.5106447596197,49822,1101.7893500863072,396,25823,1481,1636,49822
85,extend,1000,true,uniform,EXTEND,27561713,341346775,188844886,186163679,18008000,5053789,17940154,0,0,0,448,23169,30054169,310095409,3869772449,7344654886,627879943,91569694,12351391058011,14445848359,1897843045,77300883,0,0,0,0,1,16874,592.627711271779,10000,1647.6017,731,17695,2016,2179,10000
85,run,1000,true,uniform,READ,28276378,345947202,192816398,190131961,18352561,5103549,18282303,0,0,0,448,23171,30055378,310147663,3870091483,7345235955,628038735,91569928,12352308974970,14447218940,1897900734,77300883,0.5,0.5,0,0,0,104684,955.2558175079287,50262,671.396959929967,487,35263,838,954,50262
85,run,1000,true,uniform,UPDATE,28276378,345947202,192816398,190131961,18352561,5103549,18282303,0,0,0,448,23171,30055378,310147663,3870091483,7345235955,628038735,91569928,12352308974970,14447218940,1897900734,77300883,0.5,0.5,0,0,0,104684,955.2558175079287,49738,1413.5504845389842,483,59647,1701,2959,49738
85,reference,1000,true,uniform,READ,24137839,306794658,176757681,176163155,15299259,4254829,15228979,0,0,0,448,23173,30056762,310200628,3870474904,7345794943,628137717,91576183,12353351116972,14448807160,1898036792,77300883,0.5,0.5,0,0,0,112537,888.59663932751,50201,665.1258939064959,478,13271,835,958,50201
85,reference,1000,true,uniform,UPDATE,24137839,306794658,176757681,176163155,15299259,4254829,15228979,0,0,0,448,23173,30056762,310200628,3870474904,7345794943,628137717,91576183,12353351116972,14448807160,1898036792,77300883,0.5,0.5,0,0,0,112537,888.59663932751,49799,1576.087170425109,467,139903,1743,4367,49799
85,clean-run,1000,true,uniform,READ,483804,4859656,3927954,3925045,415505,49818,345095,0,0,0,448,23175,30065175,310254342,3870887269,7346285099,628146968,91576882,12354336067117,14450507551,1898141962,77314443,0.5,0.5,0,0,0,110720,903.179190751445,50194,661.9173008726143,473,39007,834,976,50194
85,clean-run,1000,true,uniform,UPDATE,483804,4859656,3927954,3925045,415505,49818,345095,0,0,0,448,23175,30065175,310254342,3870887269,7346285099,628146968,91576882,12354336067117,14450507551,1898141962,77314443,0.5,0.5,0,0,0,110720,903.179190751445,49806,1542.2892021041641,480,76223,1694,5955,49806
85,avg-run,1000,true,uniform,READ,523046,6350580,5081438,5071196,486567,99944,414712,0,0,0,448,23176,30068521,310260983,3870913199,7346340719,628202890,91576971,12354589640367,14450910475,1898155788,77314443,0.5,0.5,0,0,0,65811,1519.5028186777286,49889,205.60163563110103,24,31743,582,794,49889
85,avg-run,1000,true,uniform,UPDATE,523046,6350580,5081438,5071196,486567,99944,414712,0,0,0,448,23176,30068521,310260983,3870913199,7346340719,628202890,91576971,12354589640367,14450910475,1898155788,77314443,0.5,0.5,0,0,0,65811,1519.5028186777286,50111,1097.2043263954022,371,13903,1510,1685,50111
86,extend,1000,true,uniform,EXTEND,28523349,346557458,193069092,190356032,18422357,5113571,18351755,0,0,0,448,23176,30069810,310269188,3870938308,7346377112,628202890,91576971,12354814810620,14451193907,1898171603,77314443,0,0,0,0,1,16544,604.448742746615,10000,1615.1664,552,17423,1999,2213,10000
86,run,1000,true,uniform,READ,29248341,351158701,197071032,194354741,18771408,5163685,18700696,0,0,0,448,23178,30071027,310322498,3871276063,7346972924,628360287,91578948,12355758825980,14452574070,1898229459,77314443,0.5,0.5,0,0,0,107105,933.6632276737781,49908,680.2918169431755,483,35231,850,984,49908
86,run,1000,true,uniform,UPDATE,29248341,351158701,197071032,194354741,18771408,5163685,18700696,0,0,0,448,23178,30071027,310322498,3871276063,7346972924,628360287,91578948,12355758825980,14452574070,1898229459,77314443,0.5,0.5,0,0,0,107105,933.6632276737781,50092,1447.2042242274215,531,40671,1709,2637,50092
86,reference,1000,true,uniform,READ,24964174,311367629,180715033,180113353,15645688,4304565,15574937,0,0,0,448,23180,30072436,310376998,3871630967,7347555321,628460169,91585240,12356834081671,14454165682,1898378118,77314443,0.5,0.5,0,0,0,115341,866.9943905462932,50297,673.4215957214147,475,8663,844,983,50297
86,reference,1000,true,uniform,UPDATE,24964174,311367629,180715033,180113353,15645688,4304565,15574937,0,0,0,448,23180,30072436,310376998,3871630967,7347555321,628460169,91585240,12356834081671,14454165682,1898378118,77314443,0.5,0.5,0,0,0,115341,866.9943905462932,49703,1625.9288171740136,452,108031,1770,5371,49703
86,clean-run,1000,true,uniform,READ,488776,4884174,3931465,3928558,419818,50109,349115,0,0,0,448,23182,30080455,310430417,3872062771,7348050455,628477155,91585976,12357836587710,14455904345,1898487867,77328032,0.5,0.5,0,0,0,109403,914.0517170461504,49903,642.1592289040739,415,28719,818,953,49903
86,clean-run,1000,true,uniform,UPDATE,488776,4884174,3931465,3928558,419818,50109,349115,0,0,0,448,23182,30080455,310430417,3872062771,7348050455,628477155,91585976,12357836587710,14455904345,1898487867,77328032,0.5,0.5,0,0,0,109403,914.0517170461504,50097,1531.1839830728386,489,75519,1702,5743,50097
86,avg-run,1000,true,uniform,READ,529635,6420979,5080810,5069570,490942,100286,418710,0,0,0,448,23183,30083364,310438330,3872089625,7348106463,628531362,91586047,12358080060002,14456351943,1898499702,77328032,0.5,0.5,0,0,0,68874,1451.9267067398437,49849,226.01009047322916,24,8623,597,818,49849
86,avg-run,1000,true,uniform,UPDATE,529635,6420979,5080810,5069570,490942,100286,418710,0,0,0,448,23183,30083364,310438330,3872089625,7348106463,628531362,91586047,12358080060002,14456351943,1898499702,77328032,0.5,0.5,0,0,0,68874,1451.9267067398437,50151,1136.5258918067436,361,27903,1536,1678,50151
87,extend,1000,true,uniform,EXTEND,29509144,351791183,197324582,194579674,18841062,5173707,18770349,0,0,0,448,23183,30084241,310446844,3872114128,7348142863,628531362,91586047,12358304854471,14456591432,1898515296,77328032,0,0,0,0,1,17344,576.5682656826568,10000,1694.6546,944,15807,2002,2149,10000
87,run,1000,true,uniform,READ,30229023,356386863,201326954,198578816,19191593,5223918,19120716,0,0,0,448,23185,30085474,310500039,3872447304,7348731796,628691457,91588020,12359262575936,14457970996,1898573489,77328032,0.5,0.5,0,0,0,106574,938.3151612963762,49811,646.4757985183995,445,29183,824,970,49811
87,run,1000,true,uniform,UPDATE,30229023,356386863,201326954,198578816,19191593,5223918,19120716,0,0,0,448,23185,30085474,310500039,3872447304,7348731796,628691457,91588020,12359262575936,14457970996,1898573489,77328032,0.5,0.5,0,0,0,106574,938.3151612963762,50189,1468.6757058319552,612,39807,1706,2473,50189
87,reference,1000,true,uniform,READ,25796657,315945134,184666689,184057855,15994592,4354557,15923680,0,0,0,448,23187,30087140,310555303,3872805035,7349309017,628790538,91594197,12360360297669,14459573582,1898722189,77328032,0.5,0.5,0,0,0,117086,854.0730744922536,50041,662.0814132411423,425,12911,837,975,50041
87,reference,1000,true,uniform,UPDATE,25796657,315945134,184666689,184057855,15994592,4354557,15923680,0,0,0,448,23187,30087140,310555303,3872805035,7349309017,628790538,91594197,12360360297669,14459573582,1898722189,77328032,0.5,0.5,0,0,0,117086,854.0730744922536,49959,1667.0970996216897,592,171391,1781,5959,49959
87,clean-run,1000,true,uniform,READ,496343,4880384,3954362,3951451,418975,49863,348125,0,0,0,448,23189,30095353,310608162,3873238420,7349814583,628811755,91594820,12361372068971,14461307096,1898834408,77341412,0.5,0.5,0,0,0,108860,918.6110600771633,50149,638.4952840535205,442,7215,816,950,50149
87,clean-run,1000,true,uniform,UPDATE,496343,4880384,3954362,3951451,418975,49863,348125,0,0,0,448,23189,30095353,310608162,3873238420,7349814583,628811755,91594820,12361372068971,14461307096,1898834408,77341412,0.5,0.5,0,0,0,108860,918.6110600771633,49851,1528.409720968486,429,64063,1687,5987,49851
87,avg-run,1000,true,uniform,READ,537021,6412066,5094525,5083350,490099,100259,417783,0,0,0,448,23190,30097981,310615465,3873265085,7349870508,628867166,91594864,12361601758453,14461754653,1898844091,77341412,0.5,0.5,0,0,0,68134,1467.6960108022427,49630,217.91811404392504,25,31567,576,761,49630
87,avg-run,1000,true,uniform,UPDATE,537021,6412066,5094525,5083350,490099,100259,417783,0,0,0,448,23190,30097981,310615465,3873265085,7349870508,628867166,91594864,12361601758453,14461754653,1898844091,77341412,0.5,0.5,0,0,0,68134,1467.6960108022427,50370,1126.4773873337303,375,11207,1531,1678,50370
88,extend,1000,true,uniform,EXTEND,30493434,357026089,201581033,198804278,19261438,5233940,19190551,0,0,0,448,23190,30098539,310623949,3873290326,7349906927,628867166,91594864,12361828553556,14461994711,1898859662,77341412,0,0,0,0,1,17274,578.904712284358,10000,1688.6387,823,17903,2013,2195,10000
88,run,1000,true,uniform,READ,31218682,361620301,205588050,202808065,19611672,5284118,19540759,0,0,0,448,23192,30099768,310677898,3873632787,7350499291,629027653,91595992,12362793088224,14463371244,1898917134,77341412,0.5,0.5,0,0,0,108475,921.8713989398478,49844,685.4033986036434,499,10135,857,982,49844
88,run,1000,true,uniform,UPDATE,31218682,361620301,205588050,202808065,19611672,5284118,19540759,0,0,0,448,23192,30099768,310677898,3873632787,7350499291,629027653,91595992,12362793088224,14463371244,1898917134,77341412,0.5,0.5,0,0,0,108475,921.8713989398478,50156,1468.2619626764495,551,28367,1725,2555,50156
88,reference,1000,true,uniform,READ,26624114,320521290,188625070,188009083,16343138,4404479,16272229,0,0,0,448,23194,30101190,310734430,3873972099,7351075959,629127534,91602084,12363906074699,14464971373,1899067705,77341412,0.5,0.5,0,0,0,118690,842.5309630128908,50100,693.3160279441117,491,11143,865,999,50100
88,reference,1000,true,uniform,UPDATE,26624114,320521290,188625070,188009083,16343138,4404479,16272229,0,0,0,448,23194,30101190,310734430,3873972099,7351075959,629127534,91602084,12363906074699,14464971373,1899067705,77341412,0.5,0.5,0,0,0,118690,842.5309630128908,49900,1668.9760721442885,614,121535,1771,4859,49900
88,clean-run,1000,true,uniform,READ,501650,4886173,3942517,3939529,420628,50085,349722,0,0,0,448,23196,30110030,310789564,3874412637,7351577681,629151285,91602705,12364935326751,14466722290,1899177580,77341412,0.5,0.5,0,0,0,112924,885.5513442669406,49927,692.562481222585,462,31135,865,988,49927
88,clean-run,1000,true,uniform,UPDATE,501650,4886173,3942517,3939529,420628,50085,349722,0,0,0,448,23196,30110030,310789564,3874412637,7351577681,629151285,91602705,12364935326751,14466722290,1899177580,77341412,0.5,0.5,0,0,0,112924,885.5513442669406,50073,1551.6132246919497,611,82239,1838,5747,50073
88,avg-run,1000,true,uniform,READ,541504,6380689,5101616,5091211,491690,100079,419234,0,0,0,448,23197,30112384,310796987,3874439213,7351633941,629207203,91602730,12365153829202,14467128820,1899185857,77341412,0.5,0.5,0,0,0,66239,1509.6846268814445,50021,215.32018552208072,25,30463,604,823,50021
88,avg-run,1000,true,uniform,UPDATE,541504,6380689,5101616,5091211,491690,100079,419234,0,0,0,448,23197,30112384,310796987,3874439213,7351633941,629207203,91602730,12365153829202,14467128820,1899185857,77341412,0.5,0.5,0,0,0,66239,1509.6846268814445,49979,1098.0384361431802,371,8535,1511,1668,49979
89,extend,1000,true,uniform,EXTEND,31488681,362267101,205842185,203033583,19681517,5294140,19610604,0,0,0,448,23197,30112701,310805143,3874466372,7351670336,629207203,91602730,12365385179137,14467409711,1899201360,77341412,0,0,0,0,1,16658,600.3121623244087,10000,1628.0828,678,19279,1979,2165,10000
89,run,1000,true,uniform,READ,32192753,366864940,209869807,207057975,20029319,5343974,19958424,0,0,0,448,23199,30114018,310858535,3874818096,7352256021,629364381,91604575,12366343273410,14468763754,1899257883,77341412,0.5,0.5,0,0,0,107184,932.9750709061054,50188,687.2701044074281,493,5147,860,999,50188
89,run,1000,true,uniform,UPDATE,32192753,366864940,209869807,207057975,20029319,5343974,19958424,0,0,0,448,23199,30114018,310858535,3874818096,7352256021,629364381,91604575,12366343273410,14468763754,1899257883,77341412,0.5,0.5,0,0,0,107184,932.9750709061054,49812,1446.1370352525496,495,28559,1724,2437,49812
89,reference,1000,true,uniform,READ,27446839,325081994,192559299,191935341,16694441,4454792,16623522,0,0,0,448,23201,30115392,310915935,3875196347,7352850046,629465255,91608072,12367483777074,14470350383,1899418481,77341412,0.5,0.5,0,0,0,119143,839.3275307823371,49709,717.6542074875777,494,38175,888,1014,49709
89,reference,1000,true,uniform,UPDATE,27446839,325081994,192559299,191935341,16694441,4454792,16623522,0,0,0,448,23201,30115392,310915935,3875196347,7352850046,629465255,91608072,12367483777074,14470350383,1899418481,77341412,0.5,0.5,0,0,0,119143,839.3275307823371,50291,1645.9504483903681,493,105727,1806,5947,50291
89,clean-run,1000,true,uniform,READ,502535,4904152,3932082,3929180,421702,50232,350798,0,0,0,448,23203,30124393,310969368,3875584224,7353345126,629490932,91611499,12368542190036,14472121529,1899551619,77341412,0.5,0.5,0,0,0,108535,921.3617727000507,49780,681.8917235837686,495,43711,848,954,49780
89,clean-run,1000,true,uniform,UPDATE,502535,4904152,3932082,3929180,421702,50232,350798,0,0,0,448,23203,30124393,310969368,3875584224,7353345126,629490932,91611499,12368542190036,14472121529,1899551619,77341412,0.5,0.5,0,0,0,108535,921.3617727000507,50220,1471.7936678614099,473,84287,1715,3543,50220
89,avg-run,1000,true,uniform,READ,540783,6392548,5076773,5066262,492764,100459,420352,0,0,0,448,23204,30126712,310976601,3875610409,7353399251,629548145,91611535,12368758596071,14472537905,1899559292,77341412,0.5,0.5,0,0,0,67538,1480.6479315348397,49788,225.95506949465735,24,10231,610,829,49788
89,avg-run,1000,true,uniform,UPDATE,540783,6392548,5076773,5066262,492764,100459,420352,0,0,0,448,23204,30126712,310976601,3875610409,7353399251,629548145,91611535,12368758596071,14472537905,1899559292,77341412,0.5,0.5,0,0,0,67538,1480.6479315348397,50212,1109.7374731139967,365,28303,1526,1679,50212
90,extend,1000,true,uniform,EXTEND,32473395,367518758,210123900,207283451,20099152,5353996,20028257,0,0,0,448,23204,30127223,310984651,3875653032,7353435908,629548145,91611535,12368991547114,14472808168,1899574548,77341412,0,0,0,0,1,16444,608.1245439065921,10000,1605.7828,549,18143,1991,2171,10000
90,run,1000,true,uniform,READ,33163981,372102708,214111404,211267725,20451622,5404477,20380748,0,0,0,448,23206,30128592,311037175,3876005902,7354015552,629704623,91613237,12369978713556,14474159361,1899629394,77341412,0.5,0.5,0,0,0,105252,950.1007106753316,49541,702.4049575099413,493,31775,873,1007,49541
90,run,1000,true,uniform,UPDATE,33163981,372102708,214111404,211267725,20451622,5404477,20380748,0,0,0,448,23206,30128592,311037175,3876005902,7354015552,629704623,91613237,12369978713556,14474159361,1899629394,77341412,0.5,0.5,0,0,0,105252,950.1007106753316,50459,1383.4010781030142,527,25087,1740,2549,50459
90,reference,1000,true,uniform,READ,28288660,329647010,196498592,195867478,17045190,4505034,16974260,0,0,0,448,23208,30130176,311093092,3876432273,7354640177,629799998,91614049,12371181626611,14475799205,1899819796,77341412,0.5,0.5,0,0,0,118494,843.9245868989148,49791,705.9338836335884,483,9095,885,1030,49791
90,reference,1000,true,uniform,UPDATE,28288660,329647010,196498592,195867478,17045190,4505034,16974260,0,0,0,448,23208,30130176,311093092,3876432273,7354640177,629799998,91614049,12371181626611,14475799205,1899819796,77341412,0.5,0.5,0,0,0,118494,843.9245868989148,50209,1646.665577884443,481,88959,1854,7839,50209
90,clean-run,1000,true,uniform,READ,508381,4892752,3959241,3956339,418846,49843,347915,0,0,0,448,23210,30139928,311146283,3876849892,7355142918,629891871,91617641,12372262335165,14477617322,1899973163,77341428,0.5,0.5,0,0,0,108577,921.005369461304,50186,697.7557685410274,502,10199,869,986,50186
90,clean-run,1000,true,uniform,UPDATE,508381,4892752,3959241,3956339,418846,49843,347915,0,0,0,448,23210,30139928,311146283,3876849892,7355142918,629891871,91617641,12372262335165,14477617322,1899973163,77341428,0.5,0.5,0,0,0,108577,921.005369461304,49814,1463.5149757096399,532,68735,1774,3505,49814
90,avg-run,1000,true,uniform,READ,547773,6386478,5113498,5103001,489908,99810,417504,0,0,0,448,23211,30141098,311153534,3876881425,7355198307,629891871,91617641,12372447482427,14478031094,1899976563,77341428,0.5,0.5,0,0,0,65350,1530.221882172915,50048,212.42569133631713,24,39423,599,802,50048
90,avg-run,1000,true,uniform,UPDATE,547773,6386478,5113498,5103001,489908,99810,417504,0,0,0,448,23211,30141098,311153534,3876881425,7355198307,629891871,91617641,12372447482427,14478031094,1899976563,77341428,0.5,0.5,0,0,0,65350,1530.221882172915,49952,1084.0485466047405,383,13695,1489,1668,49952
91,extend,1000,true,uniform,EXTEND,33458442,372765026,214365444,211493148,20521439,5414499,20450565,0,0,0,448,23211,30141200,311162011,3876925024,7355234983,629891871,91617641,12372682574023,14478305509,1899991817,77341428,0,0,0,0,1,17370,575.7052389176741,10000,1698.3679,496,15647,2049,2195,10000
91,run,1000,true,uniform,READ,34271231,377469104,218391337,215514934,20869273,5464365,20798402,0,0,0,448,23213,30142624,311215964,3877272948,7355815833,630047847,91619288,12373704369865,14479800807,1900098689,77341428,0.5,0.5,0,0,0,108280,923.5315847801995,50167,738.0966970319134,443,9335,914,1052,50167
91,run,1000,true,uniform,UPDATE,34271231,377469104,218391337,215514934,20869273,5464365,20798402,0,0,0,448,23213,30142624,311215964,3877272948,7355815833,630047847,91619288,12373704369865,14479800807,1900098689,77341428,0.5,0.5,0,0,0,108280,923.5315847801995,49833,1416.5549936788875,573,28143,1756,2511,49833
91,reference,1000,true,uniform,READ,29175395,334281172,200449141,199810873,17394083,4555061,17323255,0,0,0,448,23215,30144059,311273564,3877666879,7356420345,630149331,91621024,12374824899490,14481220023,1900208035,77341428,0.5,0.5,0,0,0,119503,836.7990761738199,50006,759.9486661600608,508,28511,936,1052,50006
91,reference,1000,true,uniform,UPDATE,29175395,334281172,200449141,199810873,17394083,4555061,17323255,0,0,0,448,23215,30144059,311273564,3877666879,7356420345,630149331,91621024,12374824899490,14481220023,1900208035,77341428,0.5,0.5,0,0,0,119503,836.7990761738199,49994,1616.4557346881627,454,81983,1819,4631,49994
91,clean-run,1000,true,uniform,READ,495127,4868754,3936439,3933532,420877,50149,349961,0,0,0,448,23217,30152624,311329554,3878051108,7356924841,630240031,91625233,12375898830739,14483044244,1900343097,77341428,0.5,0.5,0,0,0,114917,870.1932699252504,49863,736.7178669554579,424,39327,912,1043,49863
91,clean-run,1000,true,uniform,UPDATE,495127,4868754,3936439,3933532,420877,50149,349961,0,0,0,448,23217,30152624,311329554,3878051108,7356924841,630240031,91625233,12375898830739,14483044244,1900343097,77341428,0.5,0.5,0,0,0,114917,870.1932699252504,50137,1545.857231186549,526,87743,1744,3579,50137
91,avg-run,1000,true,uniform,READ,535643,6406261,5097334,5085923,491941,99994,419496,0,0,0,448,23218,30154259,311334710,3878080080,7356980430,630240031,91625233,12376103122266,14483488641,1900348480,77341428,0.5,0.5,0,0,0,66315,1507.9544597753147,50181,222.82262210796915,24,29503,603,822,50181
91,avg-run,1000,true,uniform,UPDATE,535643,6406261,5097334,5085923,491941,99994,419496,0,0,0,448,23218,30154259,311334710,3878080080,7356980430,630240031,91625233,12376103122266,14483488641,1900348480,77341428,0.5,0.5,0,0,0,66315,1507.9544597753147,49819,1095.297557156908,374,7195,1517,1670,49819
92,extend,1000,true,uniform,EXTEND,34443550,378020295,218644267,215740124,20939095,5474376,20868220,0,0,0,448,23218,30154413,311343210,3878106450,7357016215,630240031,91625233,12376338986824,14483728712,1900363822,77341428,0,0,0,0,1,17021,587.5095470301393,10000,1662.4289,572,16607,2036,2221,10000
92,run,1000,true,uniform,READ,35215653,382642924,222655318,219747068,21289180,5524523,21218239,0,0,0,448,23220,30155776,311400239,3878418441,7357596784,630394502,91628830,12377396839916,14485180768,1900472868,77341428,0.5,0.5,0,0,0,116581,857.7727073879963,49886,758.8366275107245,479,33663,928,1062,49886
92,run,1000,true,uniform,UPDATE,35215653,382642924,222655318,219747068,21289180,5524523,21218239,0,0,0,448,23220,30155776,311400239,3878418441,7357596784,630394502,91628830,12377396839916,14485180768,1900472868,77341428,0.5,0.5,0,0,0,116581,857.7727073879963,50114,1557.0941253941014,568,144639,1772,3461,50114
92,reference,1000,true,uniform,READ,30141865,339013694,204396959,203750660,17743684,4605169,17672813,0,0,0,448,23222,30157135,311457245,3878811970,7358187999,630495583,91630473,12378527130921,14486750429,1900643114,77341428,0.5,0.5,0,0,0,118039,847.1776277332068,49936,752.8486062159565,432,9447,925,1071,49936
92,reference,1000,true,uniform,UPDATE,30141865,339013694,204396959,203750660,17743684,4605169,17672813,0,0,0,448,23222,30157135,311457245,3878811970,7358187999,630495583,91630473,12378527130921,14486750429,1900643114,77341428,0.5,0.5,0,0,0,118039,847.1776277332068,50064,1593.516618728028,599,134015,1809,5643,50064
92,clean-run,1000,true,uniform,READ,516329,4791274,3961767,3958866,418529,49776,347636,0,0,0,448,23224,30165461,311513371,3879224862,7358708443,630594835,91631992,12379580060992,14488454688,1900741100,77355671,0.5,0.5,0,0,0,115574,865.2465087303373,50236,759.0666852456405,515,29471,928,1062,50236
92,clean-run,1000,true,uniform,UPDATE,516329,4791274,3961767,3958866,418529,49776,347636,0,0,0,448,23224,30165461,311513371,3879224862,7358708443,630594835,91631992,12379580060992,14488454688,1900741100,77355671,0.5,0.5,0,0,0,115574,865.2465087303373,49764,1542.9488787074995,431,70335,1723,5499,49764
92,avg-run,1000,true,uniform,READ,566818,6294076,5109004,5097719,489619,99917,417176,0,0,0,448,23225,30166587,311520347,3879265407,7358772094,630594835,91631992,12379774464004,14488901160,1900745196,77355671,0.5,0.5,0,0,0,67100,1490.312965722802,49885,222.34218703016938,24,8895,606,834,49885
92,avg-run,1000,true,uniform,UPDATE,566818,6294076,5109004,5097719,489619,99917,417176,0,0,0,448,23225,30166587,311520347,3879265407,7358772094,630594835,91631992,12379774464004,14488901160,1900745196,77355671,0.5,0.5,0,0,0,67100,1490.312965722802,50115,1106.0103561807841,370,27503,1512,1654,50115
93,extend,1000,true,uniform,EXTEND,35413372,383212083,222909597,219972730,21359077,5534545,21288128,0,0,0,448,23225,30166687,311528747,3879291899,7358808571,630594835,91631992,12380015441459,14489143107,1900761426,77355671,0,0,0,0,1,17125,583.9416058394161,10000,1673.8045,596,19935,2023,2219,10000
93,run,1000,true,uniform,READ,36168160,387834528,226938749,223998652,21707451,5584406,21636475,0,0,0,448,23227,30168171,311586360,3879623429,7359412179,630750409,91635823,12381065796888,14490558577,1900823306,77355671,0.5,0.5,0,0,0,116065,861.5861801576702,50161,781.769143358386,426,39263,951,1074,50161
93,run,1000,true,uniform,UPDATE,36168160,387834528,226938749,223998652,21707451,5584406,21636475,0,0,0,448,23227,30168171,311586360,3879623429,7359412179,630750409,91635823,12381065796888,14490558577,1900823306,77355671,0.5,0.5,0,0,0,116065,861.5861801576702,49839,1528.291759465479,572,67839,1766,3239,49839
93,reference,1000,true,uniform,READ,30962904,343584660,208345122,207691670,18093874,4655286,18022938,0,0,0,448,23229,30169500,311643960,3879943960,7359999131,630849694,91640991,12382196699443,14492081329,1900931594,77355671,0.5,0.5,0,0,0,120157,832.2444801384855,49905,771.4623184049694,519,9247,948,1090,49905
93,reference,1000,true,uniform,UPDATE,30962904,343584660,208345122,207691670,18093874,4655286,18022938,0,0,0,448,23229,30169500,311643960,3879943960,7359999131,630849694,91640991,12382196699443,14492081329,1900931594,77355671,0.5,0.5,0,0,0,120157,832.2444801384855,50095,1616.3168978940014,479,128319,1828,5987,50095
93,clean-run,1000,true,uniform,READ,523867,4772449,3951520,3948612,420041,49962,349091,0,0,0,448,23231,30179712,311701295,3880374782,7360526728,630945319,91641964,12383272545247,14493827586,1901041790,77355671,0.5,0.5,0,0,0,116977,854.8689058532874,50050,757.3162037962038,470,30607,930,1052,50050
93,clean-run,1000,true,uniform,UPDATE,523867,4772449,3951520,3948612,420041,49962,349091,0,0,0,448,23231,30179712,311701295,3880374782,7360526728,630945319,91641964,12383272545247,14493827586,1901041790,77355671,0.5,0.5,0,0,0,116977,854.8689058532874,49950,1569.9686886886886,454,86143,1760,5219,49950
93,avg-run,1000,true,uniform,READ,572215,6288098,5116200,5104757,491105,99584,418584,0,0,0,448,23232,30180173,311707432,3880412136,7360588205,630945319,91641964,12383446582055,14494273140,1901043019,77355671,0.5,0.5,0,0,0,66313,1507.9999396800024,50404,224.99867074041742,24,15287,617,838,50404
93,avg-run,1000,true,uniform,UPDATE,572215,6288098,5116200,5104757,491105,99584,418584,0,0,0,448,23232,30180173,311707432,3880412136,7360588205,630945319,91641964,12383446582055,14494273140,1901043019,77355671,0.5,0.5,0,0,0,66313,1507.9999396800024,49596,1096.9654810871843,360,26095,1512,1656,49596
94,extend,1000,true,uniform,EXTEND,36352192,388403198,227193094,224224374,21777401,5594428,21706401,0,0,0,448,23232,30180190,311716232,3880441433,7360627261,630945319,91641964,12383703093836,14494515893,1901062492,77355671,0,0,0,0,1,17649,566.6043401892458,10000,1726.2998,696,18751,2075,2277,10000
94,run,1000,true,uniform,READ,37214270,393125890,231210089,228237262,22127465,5644535,22056480,0,0,0,448,23234,30181676,311774155,3880811669,7361247601,631100283,91644475,12384756534938,14496071105,1901171276,77355671,0.5,0.5,0,0,0,117065,854.2262845427754,49926,775.9862596643031,458,11375,953,1095,49926
94,run,1000,true,uniform,UPDATE,37214270,393125890,231210089,228237262,22127465,5644535,22056480,0,0,0,448,23234,30181676,311774155,3880811669,7361247601,631100283,91644475,12384756534938,14496071105,1901171276,77355671,0.5,0.5,0,0,0,117065,854.2262845427754,50074,1550.4666094180614,638,57983,1777,3021,50074
94,reference,1000,true,uniform,READ,31905116,348255195,212277598,211615939,18446002,4705706,18375059,0,0,0,448,23236,30183059,311832555,3881222412,7361883197,631200870,91645838,12385913750037,14497673988,1901315859,77355671,0.5,0.5,0,0,0,120107,832.5909397453937,49624,792.574379332581,506,40223,970,1105,49624
94,reference,1000,true,uniform,UPDATE,31905116,348255195,212277598,211615939,18446002,4705706,18375059,0,0,0,448,23236,30183059,311832555,3881222412,7361883197,631200870,91645838,12385913750037,14497673988,1901315859,77355671,0.5,0.5,0,0,0,120107,832.5909397453937,50376,1589.7883515959982,533,61183,1841,5311,50376
94,clean-run,1000,true,uniform,READ,541816,4794868,3957486,3954578,419706,49895,348770,0,0,0,448,23238,30191452,311889127,3881642029,7362414741,631303494,91649395,12386979093286,14499405544,1901421081,77370157,0.5,0.5,0,0,0,115666,864.5582971659779,50117,774.4193786539497,476,10671,945,1075,50117
94,clean-run,1000,true,uniform,UPDATE,541816,4794868,3957486,3954578,419706,49895,348770,0,0,0,448,23238,30191452,311889127,3881642029,7362414741,631303494,91649395,12386979093286,14499405544,1901421081,77370157,0.5,0.5,0,0,0,115666,864.5582971659779,49883,1527.0469498626787,491,103423,1751,4065,49883
94,avg-run,1000,true,uniform,READ,589529,6261345,5124314,5113947,490768,99772,418282,0,0,0,448,23239,30192380,311897348,3881681728,7362477713,631303494,91649395,12387167325602,14499858945,1901423886,77370157,0.5,0.5,0,0,0,68457,1460.7709949311247,50138,232.77803262994135,24,35775,633,848,50138
94,avg-run,1000,true,uniform,UPDATE,589529,6261345,5124314,5113947,490768,99772,418282,0,0,0,448,23239,30192380,311897348,3881681728,7362477713,631303494,91649395,12387167325602,14499858945,1901423886,77370157,0.5,0.5,0,0,0,68457,1460.7709949311247,49862,1127.2755204364046,370,10967,1546,1704,49862
95,extend,1000,true,uniform,EXTEND,37395383,393684914,231463399,228462832,22197422,5654546,22126431,0,0,0,448,23239,30192431,311905945,3881707735,7362514862,631303494,91649395,12387415391104,14500103127,1901440757,77370157,0,0,0,0,1,17438,573.4602592040371,10000,1705.2058,988,20031,2075,2273,10000
95,run,1000,true,uniform,READ,38165850,398306441,235488373,232483700,22546978,5704543,22475954,0,0,0,448,23241,30194220,311964350,3882016675,7363119130,631460669,91653157,12388484790310,14501574974,1901521427,77370157,0.5,0.5,0,0,0,118627,842.978411322886,50025,784.4417991004498,486,34143,954,1084,50025
95,run,1000,true,uniform,UPDATE,38165850,398306441,235488373,232483700,22546978,5704543,22475954,0,0,0,448,23241,30194220,311964350,3882016675,7363119130,631460669,91653157,12388484790310,14501574974,1901521427,77370157,0.5,0.5,0,0,0,118627,842.978411322886,49975,1574.7102551275639,660,70015,1790,3517,49975
95,reference,1000,true,uniform,READ,32766177,352896934,216242192,215573379,18794804,4755612,18723773,0,0,0,448,23243,30195500,312022206,3882397294,7363714230,631558151,91656012,12389629871874,14503153238,1901689490,77370157,0.5,0.5,0,0,0,119896,834.0561820244212,50127,780.2980629201827,452,42175,954,1078,50127
95,reference,1000,true,uniform,UPDATE,32766177,352896934,216242192,215573379,18794804,4755612,18723773,0,0,0,448,23243,30195500,312022206,3882397294,7363714230,631558151,91656012,12389629871874,14503153238,1901689490,77370157,0.5,0.5,0,0,0,119896,834.0561820244212,49873,1605.6742726525374,626,80703,1839,4443,49873
95,clean-run,1000,true,uniform,READ,536070,4784840,3955238,3952331,420249,49957,349260,0,0,0,448,23245,30203783,312078999,3882827761,7364248280,631661366,91656992,12390709604202,14504902347,1901788348,77385079,0.5,0.5,0,0,0,116084,861.4451604010889,50062,776.2907394830411,494,38559,949,1058,50062
95,clean-run,1000,true,uniform,UPDATE,536070,4784840,3955238,3952331,420249,49957,349260,0,0,0,448,23245,30203783,312078999,3882827761,7364248280,631661366,91656992,12390709604202,14504902347,1901788348,77385079,0.5,0.5,0,0,0,116084,861.4451604010889,49938,1533.259962353318,485,119807,1743,5667,49938
95,avg-run,1000,true,uniform,READ,586547,6296720,5117559,5106529,491373,100025,418792,0,0,0,448,23246,30204438,312085799,3882864515,7364311775,631661366,91656992,12390888494758,14505357474,1901789725,77385079,0.5,0.5,0,0,0,66544,1502.765087761481,49958,213.80737819768606,24,12879,625,844,49958
95,avg-run,1000,true,uniform,UPDATE,586547,6296720,5117559,5106529,491373,100025,418792,0,0,0,448,23246,30204438,312085799,3882864515,7364311775,631661366,91656992,12390888494758,14505357474,1901789725,77385079,0.5,0.5,0,0,0,66544,1502.765087761481,50042,1104.4576755525359,381,29647,1514,1671,50042
96,extend,1000,true,uniform,EXTEND,38359555,398871661,235742590,232709301,22616934,5714554,22545894,0,0,0,448,23246,30204455,312094151,3882892760,7364349652,631661366,91656992,12391141082555,14505601474,1901807220,77385079,0,0,0,0,1,16739,597.4072525240456,10000,1635.3675,669,16431,2025,2215,10000
96,run,1000,true,uniform,READ,39087557,403474908,239761367,236724848,22967134,5764644,22896117,0,0,0,448,23248,30205759,312152125,3883263174,7364972085,631814444,91658641,12392207391986,14507161937,1901898335,77385079,0.5,0.5,0,0,0,117558,850.6439374606578,49932,799.0500680926059,535,7295,970,1095,49932
96,run,1000,true,uniform,UPDATE,39087557,403474908,239761367,236724848,22967134,5764644,22896117,0,0,0,448,23248,30205759,312152125,3883263174,7364972085,631814444,91658641,12392207391986,14507161937,1901898335,77385079,0.5,0.5,0,0,0,117558,850.6439374606578,50068,1537.614863785252,508,73087,1783,3689,50068
96,reference,1000,true,uniform,READ,33596165,357466186,220206649,219530683,19143352,4805492,19072398,0,0,0,448,23250,30207751,312210525,3883607670,7365573550,631918944,91660788,12393352779516,14508616576,1901995182,77385079,0.5,0.5,0,0,0,120424,830.3992559622667,50142,800.1563559491045,468,11343,979,1141,50142
96,reference,1000,true,uniform,UPDATE,33596165,357466186,220206649,219530683,19143352,4805492,19072398,0,0,0,448,23250,30207751,312210525,3883607670,7365573550,631918944,91660788,12393352779516,14508616576,1901995182,77385079,0.5,0.5,0,0,0,120424,830.3992559622667,49858,1596.8591399574793,492,86335,1849,5319,49858
96,clean-run,1000,true,uniform,READ,523660,4776317,3956247,3953341,420109,49935,349106,0,0,0,448,23253,30216038,312268015,3884003558,7366098437,632018931,91663568,12394508893494,14510366722,1902118283,77385079,0.5,0.5,0,0,0,115671,864.5209257290072,50077,779.4324340515606,519,10783,950,1070,50077
96,clean-run,1000,true,uniform,UPDATE,523660,4776317,3956247,3953341,420109,49935,349106,0,0,0,448,23253,30216038,312268015,3884003558,7366098437,632018931,91663568,12394508893494,14510366722,1902118283,77385079,0.5,0.5,0,0,0,115671,864.5209257290072,49923,1521.7030426857361,464,64319,1835,4215,49923
96,avg-run,1000,true,uniform,READ,574093,6293831,5127361,5116319,491201,100013,418683,0,0,0,448,23253,30216039,312274663,3884041242,7366161437,632018931,91663568,12394679244834,14510821684,1902118466,77385079,0.5,0.5,0,0,0,68412,1461.7318599076186,49948,230.6853327460559,24,9711,632,873,49948
96,avg-run,1000,true,uniform,UPDATE,574093,6293831,5127361,5116319,491201,100013,418683,0,0,0,448,23253,30216039,312274663,3884041242,7366161437,632018931,91663568,12394679244834,14510821684,1902118466,77385079,0.5,0.5,0,0,0,68412,1461.7318599076186,50052,1124.6928194677535,378,27983,1531,1676,50052
97,extend,1000,true,uniform,EXTEND,39356771,404123715,240015858,236950722,23037233,5774666,22966088,0,0,0,448,23253,30216039,312283163,3884068341,7366197808,632018931,91663568,12394929057992,14511065523,1902134517,77385079,0,0,0,0,1,17061,586.1321141785359,10000,1667.021,730,16359,2037,2245,10000
97,run,1000,true,uniform,READ,40127122,408743571,244031945,240962702,23387743,5824829,23316746,0,0,0,448,23255,30217635,312342242,3884384286,7366792248,632173514,91665912,12396011483314,14512550081,1902232213,77385079,0.5,0.5,0,0,0,119031,840.11728037234,49870,798.5859635051133,540,40223,973,1131,49870
97,run,1000,true,uniform,UPDATE,40127122,408743571,244031945,240962702,23387743,5824829,23316746,0,0,0,448,23255,30217635,312342242,3884384286,7366792248,632173514,91665912,12396011483314,14512550081,1902232213,77385079,0.5,0.5,0,0,0,119031,840.11728037234,50130,1566.548613604628,548,62623,1805,5927,50130
97,reference,1000,true,uniform,READ,34534110,362139620,224178945,223494944,19491414,4855307,19420404,0,0,0,448,23257,30219126,312401326,3884797051,7367445721,632276302,91669574,12397156220627,14514155836,1902383525,77385079,0.5,0.5,0,0,0,122664,815.2351138068219,50229,798.1841565629418,525,39359,975,1102,50229
97,reference,1000,true,uniform,UPDATE,34534110,362139620,224178945,223494944,19491414,4855307,19420404,0,0,0,448,23257,30219126,312401326,3884797051,7367445721,632276302,91669574,12397156220627,14514155836,1902383525,77385079,0.5,0.5,0,0,0,122664,815.2351138068219,49771,1645.03196640614,519,56095,1902,7239,49771
97,clean-run,1000,true,uniform,READ,536321,4783606,3938590,3935680,421853,50202,350913,0,0,0,448,23260,30227860,312458399,3885229164,7367974341,632386054,91670541,12398289615831,14515915480,1902483466,77400196,0.5,0.5,0,0,0,117294,852.558528142957,49810,787.7854848424012,489,6847,962,1082,49810
97,clean-run,1000,true,uniform,UPDATE,536321,4783606,3938590,3935680,421853,50202,350913,0,0,0,448,23260,30227860,312458399,3885229164,7367974341,632386054,91670541,12398289615831,14515915480,1902483466,77400196,0.5,0.5,0,0,0,117294,852.558528142957,50190,1541.1420402470612,492,68543,1760,4623,50190
97,avg-run,1000,true,uniform,READ,586450,6296215,5101479,5090382,492977,99986,420515,0,0,0,448,23260,30227861,312465262,3885264663,7368037324,632386054,91670541,12398461330648,14516369509,1902483655,77400196,0.5,0.5,0,0,0,66858,1495.707319991624,50242,223.52292902352613,24,9879,637,884,50242
97,avg-run,1000,true,uniform,UPDATE,586450,6296215,5101479,5090382,492977,99986,420515,0,0,0,448,23260,30227861,312465262,3885264663,7368037324,632386054,91670541,12398461330648,14516369509,1902483655,77400196,0.5,0.5,0,0,0,66858,1495.707319991624,49758,1106.3876763535511,379,25903,1532,1680,49758
98,extend,1000,true,uniform,EXTEND,40321599,409311974,244286913,241189054,23459086,5834840,23387063,0,0,0,448,23260,30227861,312474258,3885292363,7368075580,632386054,91670541,12398719923631,14516616865,1902501115,77400196,0,0,0,0,1,17893,558.8777734309507,10000,1749.9137,645,17135,2071,2223,10000
98,run,1000,true,uniform,READ,41165982,414026241,248320328,245218362,23808805,5884891,23737825,0,0,0,448,23262,30229306,312533129,3885658470,7368709217,632538921,91672750,12399803348934,14518169248,1902583648,77400196,0.5,0.5,0,0,0,120282,831.3795912937929,49982,815.1889680284903,538,11375,987,1125,49982
98,run,1000,true,uniform,UPDATE,41165982,414026241,248320328,245218362,23808805,5884891,23737825,0,0,0,448,23262,30229306,312533129,3885658470,7368709217,632538921,91672750,12399803348934,14518169248,1902583648,77400196,0.5,0.5,0,0,0,120282,831.3795912937929,50018,1576.4374425206925,622,92095,1782,2621,50018
98,reference,1000,true,uniform,READ,35366937,366717764,228137861,227446707,19841019,4905308,19769988,0,0,0,448,23264,30230965,312592729,3886026039,7369324025,632690910,91681799,12400951794330,14519634866,1902679575,77400196,0.5,0.5,0,0,0,123560,809.3234056328909,50021,797.3755822554527,492,30079,969,1123,50021
98,reference,1000,true,uniform,UPDATE,35366937,366717764,228137861,227446707,19841019,4905308,19769988,0,0,0,448,23264,30230965,312592729,3886026039,7369324025,632690910,91681799,12400951794330,14519634866,1902679575,77400196,0.5,0.5,0,0,0,123560,809.3234056328909,49979,1660.2888613217551,632,105087,1890,5583,49979
98,clean-run,1000,true,uniform,READ,512392,4713048,3943491,3940589,421442,50117,350446,0,0,0,448,23267,30240293,312650109,3886381815,7369845848,632747582,91682315,12402108759549,14521357536,1902785374,77400196,0.5,0.5,0,0,0,117882,848.3059330516958,49884,790.2471133028627,503,34303,956,1079,49884
98,clean-run,1000,true,uniform,UPDATE,512392,4713048,3943491,3940589,421442,50117,350446,0,0,0,448,23267,30240293,312650109,3886381815,7369845848,632747582,91682315,12402108759549,14521357536,1902785374,77400196,0.5,0.5,0,0,0,117882,848.3059330516958,50116,1551.9616888817943,433,64639,1758,3513,50116
98,avg-run,1000,true,uniform,READ,560722,6174731,5103967,5092423,492504,100091,419965,0,0,0,448,23267,30240293,312657034,3886417205,7369908919,632747582,91682315,12402280701187,14521795060,1902785501,77400196,0.5,0.5,0,0,0,67658,1478.0218156019982,50041,232.87472272736358,24,12247,634,873,50041
98,avg-run,1000,true,uniform,UPDATE,560722,6174731,5103967,5092423,492504,100091,419965,0,0,0,448,23267,30240293,312657034,3886417205,7369908919,632747582,91682315,12402280701187,14521795060,1902785501,77400196,0.5,0.5,0,0,0,67658,1478.0218156019982,49959,1109.5572569506996,376,25983,1522,1669,49959
99,extend,1000,true,uniform,EXTEND,41333244,414597509,248578558,245448852,23885688,5894902,23810217,0,0,0,448,23267,30240293,312665676,3886449682,7369947601,632747582,91682315,12402537128087,14522054274,1902801591,77400196,0,0,0,0,1,17476,572.2133211261158,10000,1707.8429,942,22271,2053,2279,10000
99,run,1000,true,uniform,READ,42255083,419366754,253026737,249892924,24277708,5944944,24198349,0,0,0,448,23269,30241808,312725818,3886804307,7370683612,632951136,91685849,12403648147758,14523632122,1902899754,77400196,0.5,0.5,0,0,0,120166,832.1821480285605,49991,797.5494388990019,514,6991,965,1105,49991
99,run,1000,true,uniform,UPDATE,42255083,419366754,253026737,249892924,24277708,5944944,24198349,0,0,0,448,23269,30241808,312725818,3886804307,7370683612,632951136,91685849,12403648147758,14523632122,1902899754,77400196,0.5,0.5,0,0,0,120166,832.1821480285605,50009,1591.9697454458199,648,85887,1797,5351,50009
99,reference,1000,true,uniform,READ,36412660,371519172,232465595,231766410,20232948,4955374,20153603,0,0,0,448,23272,30243258,312786211,3887249748,7371437431,633053707,91689800,12404824585653,14525363336,1903070035,77400196,0.5,0.5,0,0,0,124969,800.1984492154054,49978,809.2366241146104,542,10407,988,1119,49978
99,reference,1000,true,uniform,UPDATE,36412660,371519172,232465595,231766410,20232948,4955374,20153603,0,0,0,448,23272,30243258,312786211,3887249748,7371437431,633053707,91689800,12404824585653,14525363336,1903070035,77400196,0.5,0.5,0,0,0,124969,800.1984492154054,50022,1676.149954020231,514,83903,1890,7895,50022
99,clean-run,1000,true,uniform,READ,656130,4951870,4408684,4405778,471669,50085,392192,0,0,0,448,23275,30251830,312845655,3887751465,7372088235,633109280,91690518,12406042107977,14527290194,1903201451,77400196,0.5,0.5,0,0,0,121698,821.706190734441,49927,807.7789572776253,547,37663,981,1110,49927
99,clean-run,1000,true,uniform,UPDATE,656130,4951870,4408684,4405778,471669,50085,392192,0,0,0,448,23275,30251830,312845655,3887751465,7372088235,633109280,91690518,12406042107977,14527290194,1903201451,77400196,0.5,0.5,0,0,0,121698,821.706190734441,50073,1611.4801789387495,511,88703,1802,6095,50073
99,avg-run,1000,true,uniform,READ,710628,6425549,5574242,5562859,542733,100277,461720,0,0,0,448,23275,30251830,312851484,3887786397,7372157108,633109280,91690518,12406215298390,14527734982,1903201466,77400196,0.5,0.5,0,0,0,65872,1518.0957007529755,49834,223.67500100333106,25,9999,644,886,49834
99,avg-run,1000,true,uniform,UPDATE,710628,6425549,5574242,5562859,542733,100277,461720,0,0,0,448,23275,30251830,312851484,3887786397,7372157108,633109280,91690518,12406215298390,14527734982,1903201466,77400196,0.5,0.5,0,0,0,65872,1518.0957007529755,50166,1079.4429294741458,377,28767,1492,1652,50166
100,extend,1000,true,uniform,EXTEND,42461508,419973081,253307079,250144619,24357218,5954966,24277082,0,0,0,448,23276,30252626,312860284,3887819935,7372200547,633203938,91691187,12406495579186,14528004026,1903223905,77400196,0,0,0,0,1,17562,569.4112287894317,10000,1715.8533,518,22911,2071,3175,10000
100,run,1000,true,uniform,READ,43440981,424822546,257861617,254695049,24755562,6005040,24674936,0,0,0,448,23278,30253769,312918727,3888238084,7372970638,633307430,91696282,12407612987016,14529683431,1903333201,77400196,0.5,0.5,0,0,0,119637,835.8618153246905,49959,760.4435837386657,501,9903,949,1113,49959
100,run,1000,true,uniform,UPDATE,43440981,424822546,257861617,254695049,24755562,6005040,24674936,0,0,0,448,23278,30253769,312918727,3888238084,7372970638,633307430,91696282,12407612987016,14529683431,1903333201,77400196,0.5,0.5,0,0,0,119637,835.8618153246905,50041,1617.9260806138966,630,93759,1797,6439,50041
100,reference,1000,true,uniform,READ,37517245,376348955,236943195,236235513,20630782,5005390,20550142,0,0,0,448,23280,30255359,312979569,3888720154,7373776918,633407135,91701687,12408835612175,14531423684,1903467431,77400196,0.5,0.5,0,0,0,126798,788.6559724916797,50028,826.9957623730711,555,11431,1003,1144,50028
100,reference,1000,true,uniform,UPDATE,37517245,376348955,236943195,236235513,20630782,5005390,20550142,0,0,0,448,23280,30255359,312979569,3888720154,7373776918,633407135,91701687,12408835612175,14531423684,1903467431,77400196,0.5,0.5,0,0,0,126798,788.6559724916797,49972,1695.4165132474186,465,123007,1869,6031,49972
100,clean-run,1000,true,uniform,READ,672240,4975655,4476515,4473606,479339,50097,398653,0,0,0,448,23283,30263133,313038235,3889224461,7374442075,633471695,91707789,12410045906753,14533348566,1903579075,77415444,0.5,0.5,0,0,0,120105,832.6048041297198,49915,809.440428728839,542,35327,985,1132,49915
100,clean-run,1000,true,uniform,UPDATE,672240,4975655,4476515,4473606,479339,50097,398653,0,0,0,448,23283,30263133,313038235,3889224461,7374442075,633471695,91707789,12410045906753,14533348566,1903579075,77415444,0.5,0.5,0,0,0,120105,832.6048041297198,50085,1578.0246780473196,451,68607,1787,5755,50085
100,avg-run,1000,true,uniform,READ,762057,6442015,5779687,5768231,560421,99954,478155,0,0,0,448,23283,30263133,313046275,3889284085,7374537847,633471695,91707789,12410222651895,14533833621,1903579089,77415444,0.5,0.5,0,0,0,64985,1538.816649996153,50169,221.52859335446192,25,36287,614,864,50169
100,avg-run,1000,true,uniform,UPDATE,762057,6442015,5779687,5768231,560421,99954,478155,0,0,0,448,23283,30263133,313046275,3889284085,7374537847,633471695,91707789,12410222651895,14533833621,1903579089,77415444,0.5,0.5,0,0,0,64985,1538.816649996153,49831,1069.6563785595313,370,6187,1493,1670,49831
