Epoch,Phase,Recordcount,Readallfields,Requestdist,Operation,blks_read,blks_hit,tup_returned,tup_fetched,tup_inserted,tup_updated,tup_deleted,deadlocks,temp_files,temp_bytes,checkpoints_timed,checkpoints_req,buffers_checkpoint,buffers_clean,buffers_backend,buffers_alloc,checkpoint_write_time,checkpoint_sync_time,wal_bytes,wal_records,wal_fpi,wal_buffers_full,Readprop,Updateprop,Scanprop,Insertprop,Extendprop,Runtime(ms),Throughput(ops/sec),Operations,AverageLatency(us),MinLatency(us),MaxLatency(us),95thPercentileLatency(us),99thPercentileLatency(us),Return=OK
0,load,10000,true,uniform,INSERT,1,38944,12848,1876,10118,1,0,0,0,0,312,14833,17186388,190050186,2491138239,5259585029,386397019,59143713,7897233696940,9117750266,1204708291,52678036,1,0,0,0,0,13288,752.5586995785671,10000,1268.2703,506,27791,1643,1751,10000
1,extend,10000,true,uniform,EXTEND,2,861112,145392,112561,21683,100023,2346,0,0,0,312,14833,17186388,190050186,2491146431,5259591483,386397019,59143713,7897340698680,9118157050,1204708297,52678036,0,0,0,0,1,124886,800.7302660025944,100000,1241.62685,394,17263,1615,1734,100000
1,run,10000,true,uniform,READ,2,1522345,378039,324762,21804,100034,2448,0,0,0,312,14833,17186388,190050186,2491146431,5259591483,386397019,59143713,7897341835267,9118172481,1204708297,52678036,1,0,0,0,0,4546,21997.360316761988,100000,41.50096,25,25455,57,83,100000
1,reference,10000,true,uniform,READ,1,343841,125278,102549,10181,12,62,0,0,0,312,14833,17186388,190050186,2491146431,5259591483,386397019,59143713,7897341835420,9118172482,1204708297,52678036,1,0,0,0,0,3628,27563.395810363836,100000,32.37145,23,23455,43,78,100000
1,clean-run,10000,true,uniform,READ,557,623103,200052,189960,18857,1,0,0,4,385024,312,14834,17195313,190050186,2491146512,5259595583,386397156,59143723,7897369900154,9118194333,1204709282,52679658,1,0,0,0,0,4786,20894.27496865859,100000,44.11906,26,28927,55,81,100000
1,avg-run,10000,true,uniform,READ,559,1445442,483885,432863,38980,5,0,0,4,385024,312,14834,17195313,190050186,2491146512,5259598534,386397156,59143723,7897395072048,9118245441,1204709286,52679658,1,0,0,0,0,4703,21263.0236019562,100000,43.02745,27,20079,55,82,100000
2,extend,10000,true,uniform,EXTEND,2,2685833,619283,512197,63769,200056,22946,0,0,0,312,14834,17195313,190050815,2491146512,5259600856,386397156,59143723,7897521473154,9118743106,1204715583,52679658,0,0,0,0,1,130635,765.4916370038658,100000,1298.99778,410,18943,1655,1828,100000
2,run,10000,true,uniform,READ,2,4237544,1141609,1013291,64113,200078,23260,0,0,0,312,14834,17195313,190050815,2491146512,5259600890,386397156,59143723,7897523685573,9118768956,1204715584,52679658,1,0,0,0,0,5338,18733.608092918697,100000,49.52015,27,20671,65,98,100000
2,reference,10000,true,uniform,READ,1,646354,249192,203812,10181,12,62,0,0,0,312,14834,17195313,190050815,2491146512,5259600890,386397156,59143723,7897523685573,9118768956,1204715584,52679658,1,0,0,0,0,3975,25157.232704402515,100000,35.91539,23,21679,47,73,100000
2,clean-run,10000,true,uniform,READ,1322,1334628,402494,392402,39179,1,0,0,4,385024,312,14835,17204065,190051273,2491153224,5259607630,386397265,59143731,7897565214282,9118831638,1204716570,52683351,1,0,0,0,0,5487,18224.89520685256,100000,51.04499,27,19519,66,95,100000
2,avg-run,10000,true,uniform,READ,1401,3552163,1100185,1049163,89352,22,0,0,4,385024,312,14835,17204065,190051273,2491160958,5259612173,386397265,59143731,7897604943640,9118943888,1204716574,52683351,1,0,0,0,0,5268,18982.536066818528,100000,48.94151,33,19791,65,94,100000
3,extend,10000,true,uniform,EXTEND,3,5901125,1491366,1303520,119405,300100,62749,0,0,0,312,14835,17204065,190051855,2491160958,5259615150,386397265,59143731,7897767339629,9119521364,1204724997,52683351,0,0,0,0,1,129572,771.771679066465,100000,1288.28299,406,21775,1656,1819,100000
3,run,10000,true,uniform,READ,115,7920670,2171003,1962711,119627,300111,62951,0,0,0,312,14835,17204065,190053358,2491160958,5259615322,386397265,59143731,7897769632359,9119552912,1204724997,52683351,1,0,0,0,0,6334,15787.811809283234,100000,59.50301,32,22495,74,104,100000
3,reference,10000,true,uniform,READ,1589,947206,372216,305061,10181,12,62,0,0,0,312,14835,17204065,190054901,2491160958,5259616911,386397265,59143731,7897769645957,9119553130,1204724997,52683351,1,0,0,0,0,4028,24826.216484607747,100000,36.53978,23,20767,47,78,100000
3,clean-run,10000,true,uniform,READ,1481,1877894,556658,546566,54624,1,0,0,4,385024,312,14836,17215714,190055526,2491164804,5259626640,386397410,59143743,7897823864937,9119646845,1204725982,52686991,1,0,0,0,0,6063,16493.48507339601,100000,56.74347,29,22815,74,103,100000
3,avg-run,10000,true,uniform,READ,1596,5018896,1527425,1476403,124847,5,0,0,4,385024,312,14836,17215714,190055526,2491172398,5259632882,386397410,59143743,7897876653122,9119799434,1204725986,52686991,1,0,0,0,0,6637,15067.048365225251,100000,62.54955,42,22367,75,105,100000
4,extend,10000,true,uniform,EXTEND,14709,9973402,2591773,2320814,182360,400133,115285,0,0,0,312,14836,17215714,190067275,2491180145,5259648407,386397410,59143743,7898066180468,9120423226,1204736941,52686991,0,0,0,0,1,130549,765.9959095818429,100000,1297.83444,401,15223,1666,1792,100000
4,run,10000,true,uniform,READ,14865,13046536,3394061,3102656,182630,400144,115537,0,0,0,312,14836,17215714,190067277,2491180145,5259648570,386397410,59143743,7898068874118,9120460289,1204736941,52686991,1,0,0,0,0,7187,13914.011409489356,100000,68.00003,37,23151,85,124,100000
4,reference,10000,true,uniform,READ,3327,1247981,496130,406324,10181,12,62,0,0,0,312,14836,17215714,190067367,2491180145,5259650161,386397410,59143743,7898068874168,9120460290,1204736941,52686991,1,0,0,0,0,3968,25201.612903225807,100000,35.76986,23,19839,45,73,100000
4,clean-run,10000,true,uniform,READ,659,2244873,660175,650083,64895,1,0,0,4,385024,312,14837,17229801,190067789,2491181971,5259660417,386397518,59143751,7898135014360,9120574677,1204737926,52692421,1,0,0,0,0,6637,15067.048365225251,100000,62.46162,35,29519,78,112,100000
4,avg-run,10000,true,uniform,READ,765,5979015,1806943,1755921,145176,5,0,0,4,385024,312,14837,17229801,190067789,2491189742,5259668387,386397518,59143751,7898199787690,9120753167,1204738003,52692421,1,0,0,0,0,6141,16283.992835043153,100000,57.46928,42,18207,80,114,100000
5,extend,10000,true,uniform,EXTEND,45898,15452818,3853379,3500709,250836,500166,176501,0,0,0,312,14837,17229801,190089885,2491210873,5259703913,386397518,59143751,7898408446054,9121414386,1204751128,52692421,0,0,0,0,1,129911,769.7577572337985,100000,1291.77829,390,15343,1669,1797,100000
5,run,10000,true,uniform,READ,48420,18854520,4737965,4364849,251147,500177,176803,0,0,0,312,14837,17229801,190090615,2491210873,5259704522,386397518,59143751,7898411036117,9121448603,1204751128,52692421,1,0,0,0,0,7585,13183.915622940012,100000,72.10684,41,23071,92,137,100000
5,reference,10000,true,uniform,READ,5375,1548446,620044,507587,10181,12,62,0,0,0,312,14837,17229801,190092429,2491210873,5259706410,386397518,59143751,7898411036117,9121448603,1204751128,52692421,1,0,0,0,0,3953,25297.24260055654,100000,35.68824,23,19871,48,85,100000
5,clean-run,10000,true,uniform,READ,1777,2502477,732886,722794,72227,1,0,0,4,385024,312,14838,17241949,190093069,2491219922,5259722892,386397701,59143779,7898488670991,9121577846,1204752114,52698866,1,0,0,0,0,7277,13741.92661811186,100000,68.93351,39,21247,88,123,100000
5,avg-run,10000,true,uniform,READ,1892,6156155,1856451,1805429,152550,5,0,0,4,385024,312,14838,17241949,190093069,2491228041,5259731771,386397701,59143779,7898563208923,9121751100,1204752200,52698866,1,0,0,0,0,6679,14972.301242701004,100000,62.78807,44,17983,85,120,100000
6,extend,10000,true,uniform,EXTEND,115804,21328526,5213546,4780707,323900,600199,244162,0,0,0,312,14838,17241949,190125559,2491256999,5259792723,386397701,59143779,7898790112628,9122437468,1204767875,52698866,0,0,0,0,1,129251,773.6884047318783,100000,1285.1454,394,19183,1666,1811,100000
6,run,10000,true,uniform,READ,142803,24932363,6154088,5700803,324242,600210,244495,0,0,0,312,14838,17241949,190128167,2491260759,5259810919,386397701,59143779,7898792600581,9122468949,1204767875,52698866,1,0,0,0,0,8176,12230.91976516634,100000,77.80576,45,26159,97,138,100000
6,reference,10000,true,uniform,READ,7222,1849112,743958,608850,10181,12,62,0,0,0,312,14838,17241949,190128317,2491260759,5259812799,386397701,59143779,7898792600581,9122468949,1204767875,52698866,1,0,0,0,0,3936,25406.50406504065,100000,35.50178,23,19359,45,77,100000
6,clean-run,10000,true,uniform,READ,1311,2882083,842228,831259,78128,8,0,0,4,385024,312,14839,17253249,190129292,2491270450,5259827650,386397834,59143795,7898882773107,9122620137,1204768862,52706481,1,0,0,0,0,8192,12207.03125,100000,77.9911,42,19567,99,139,100000
6,avg-run,10000,true,uniform,READ,1405,6930981,2081958,2030936,168128,12,0,0,4,385024,312,14839,17253249,190129292,2491278235,5259838151,386397834,59143795,7898967984255,9122810812,1204768955,52706481,1,0,0,0,0,7246,13800.71763731714,100000,68.52891,48,25775,88,125,100000
7,extend,10000,true,uniform,EXTEND,233843,27423353,6630787,6119495,400628,700232,316581,0,0,0,312,14839,17253249,190176529,2491322456,5259927466,386397834,59143795,7899213757972,9123520681,1204786721,52706481,0,0,0,0,1,131977,757.7077824166332,100000,1312.11947,399,17759,1687,1837,100000
7,run,10000,true,uniform,READ,318963,31132141,7611089,7079351,400991,700243,316943,0,0,0,312,14839,17253249,190180546,2491335949,5259997458,386397834,59143795,7899216432401,9123554568,1204786724,52706481,1,0,0,0,0,8549,11697.274535033337,100000,81.6593,50,23343,102,147,100000
7,reference,10000,true,uniform,READ,9015,2149832,867872,710113,10181,12,62,0,0,0,312,14839,17253249,190180670,2491335949,5259999548,386397834,59143795,7899216432401,9123554568,1204786724,52706481,1,0,0,0,0,3956,25278.058645096058,100000,35.78378,23,25679,48,81,100000
7,clean-run,10000,true,uniform,READ,1244,3018978,878310,867341,82528,1,0,0,4,385024,312,14840,17258409,190181447,2491344321,5260019108,386397958,59143909,7899317778869,9123715932,1204787711,52715344,1,0,0,0,0,8860,11286.681715575622,100000,84.83434,47,22991,111,165,100000
7,avg-run,10000,true,uniform,READ,1337,7097814,2126924,2075902,172528,5,0,0,4,385024,312,14840,17258409,190181447,2491352278,5260031007,386397958,59143909,7899412979498,9123906636,1204787810,52715344,1,0,0,0,0,7728,12939.958592132505,100000,73.39074,52,25775,90,125,100000
8,extend,10000,true,uniform,EXTEND,439286,33598100,8080278,7491723,480378,800265,392867,0,0,0,312,14840,17258409,190237619,2491414253,5260139418,386397958,59143909,7899678523522,9124636215,1204807632,52715344,0,0,0,0,1,130355,767.1358981243527,100000,1295.96558,408,17967,1683,1836,100000
8,run,10000,true,uniform,READ,611647,37333603,9088686,8479685,480760,800276,393249,0,0,0,312,14840,17258409,190241550,2491434380,5260291156,386397958,59143909,7899681385577,9124672731,1204807639,52715344,1,0,0,0,0,9692,10317.78786628147,100000,93.06179,56,22335,111,163,100000
8,reference,10000,true,uniform,READ,10808,2450552,991786,811376,10181,12,62,0,0,0,312,14840,17258409,190241583,2491434380,5260294058,386397958,59143909,7899681385577,9124672731,1204807639,52715344,1,0,0,0,0,3658,27337.342810278842,100000,32.65672,23,21023,45,78,100000
8,clean-run,10000,true,uniform,READ,1399,2994403,872098,861132,86023,1,0,0,4,385024,312,14841,17259893,190242273,2491445565,5260324062,386398011,59144164,7899792256695,9124829781,1204808625,52726273,1,0,0,0,0,9399,10639.429726566656,100000,90.21879,51,22895,114,191,100000
8,avg-run,10000,true,uniform,READ,1499,7097251,2126144,2075125,176023,5,0,0,4,385024,312,14841,17259893,190242273,2491461633,5260337079,386398011,59144164,7899897458836,9125020505,1204808729,52726273,1,0,0,0,0,7843,12750.223128904756,100000,74.29744,54,15127,93,129,100000
9,extend,10000,true,uniform,EXTEND,762538,39759375,9546612,8880755,562669,900298,472502,0,0,0,312,14841,17259893,190303637,2491534309,5260458949,386398011,59144164,7900184880141,9125768142,1204830554,52726273,0,0,0,0,1,128493,778.2525118099819,100000,1277.74495,396,19055,1689,1860,100000
9,run,10000,true,uniform,READ,1032113,43467377,10573158,9886855,563071,900309,472898,0,0,0,312,14841,17259893,190306613,2491562657,5260704246,386398011,59144164,7900187878747,9125806572,1204830561,52726273,1,0,0,0,0,9825,10178.117048346056,100000,94.24092,58,25695,119,174,100000
9,reference,10000,true,uniform,READ,12601,2751272,1115700,912639,10181,12,62,0,0,0,312,14841,17259893,190306618,2491562657,5260706987,386398011,59144164,7900187878797,9125806573,1204830561,52726273,1,0,0,0,0,3630,27548.209366391184,100000,32.44564,23,25343,44,74,100000
9,clean-run,10000,true,uniform,READ,1240,3093119,899871,889779,88876,1,0,0,4,385024,312,14842,17260699,190307290,2491571896,5260747347,386398030,59144401,7900309555998,9125969421,1204831546,52738616,1,0,0,0,0,9972,10028.078620136383,100000,95.91154,54,22063,130,208,100000
9,avg-run,10000,true,uniform,READ,1355,7730150,2307518,2256496,189289,5,0,0,4,385024,312,14842,17260699,190307299,2491587912,5260762522,386398030,59144401,7900427950599,9126195114,1204831657,52738616,1,0,0,0,0,8372,11944.577161968466,100000,79.96,58,23807,95,141,100000
10,extend,10000,true,uniform,EXTEND,1211456,45845312,11017999,10274815,647490,1000331,554823,0,0,0,312,14843,17262606,190372509,2491682728,5260897224,386398030,59144401,7900793933854,9126961975,1204866900,52738616,0,0,0,0,1,134019,746.1628575052791,100000,1332.64722,405,32511,1718,1881,100000
10,run,10000,true,uniform,READ,1551578,49535264,12062209,11298579,647902,1000342,555235,0,0,0,312,14843,17262633,190374796,2491714355,5261209699,386398030,59144401,7900811345811,9127002177,1204870854,52738616,1,0,0,0,0,10424,9593.246354566385,100000,100.30524,59,27583,124,178,100000
10,reference,10000,true,uniform,READ,14394,3051992,1239614,1013902,10181,12,62,0,0,0,312,14843,17262633,190374797,2491714355,5261213537,386398030,59144401,7900811345811,9127002177,1204870854,52738616,1,0,0,0,0,3723,26860.059092130003,100000,33.3631,23,21807,48,83,100000
10,clean-run,10000,true,uniform,READ,2656,3242910,939952,928983,91752,1,0,0,4,385024,312,14844,17263402,190375985,2491730164,5261263783,386423646,59144623,7900945588869,9127186342,1204871844,52751315,1,0,0,0,0,10463,9557.488292076841,100000,100.56911,59,28431,133,215,100000
10,avg-run,10000,true,uniform,READ,2751,7787100,2327210,2276188,191752,5,0,0,4,385024,312,14844,17263402,190375985,2491745974,5261278881,386423646,59144623,7901072339018,9127397135,1204871962,52751315,1,0,0,0,0,8959,11161.960040183056,100000,85.72908,62,30767,100,144,100000
11,extend,10000,true,uniform,EXTEND,1740020,51896257,12499394,11679951,735889,1100364,639892,0,0,0,312,14845,17266936,190439511,2491841693,5261388822,386423646,59144623,7901528615267,9128191125,1204924939,52751315,0,0,0,0,1,130426,766.7182923650192,100000,1296.86834,404,36511,1723,1960,100000
11,run,10000,true,uniform,READ,2156219,55592588,13573179,12733290,736311,1100375,640312,0,0,0,312,14845,17266936,190441608,2491883830,5261774560,386423646,59144623,7901532409978,9128242645,1204924990,52751315,1,0,0,0,0,11274,8869.966294128082,100000,108.82967,67,26927,131,190,100000
11,reference,10000,true,uniform,READ,16187,3352712,1363528,1115165,10181,12,62,0,0,0,312,14845,17266936,190441608,2491883830,5261776368,386423646,59144623,7901532409978,9128242645,1204924990,52751315,1,0,0,0,0,4058,24642.681123706257,100000,36.69479,23,24287,49,78,100000
11,clean-run,10000,true,uniform,READ,14854,3295498,964930,953961,95003,1,0,0,4,385024,312,14846,17267726,190447812,2491905606,5261846543,386466641,59144845,7901677615659,9128434830,1204925979,52765359,1,0,0,0,0,10909,9166.743056192136,100000,105.18039,73,22031,138,218,100000
11,avg-run,10000,true,uniform,READ,38867,7834444,2358730,2307708,195003,5,0,0,4,385024,312,14846,17267726,190453499,2491933775,5261887946,386466641,59144845,7901814310871,9128645624,1204926093,52765359,1,0,0,0,0,9138,10943.31363536879,100000,87.43338,64,25183,106,160,100000
12,extend,10000,true,uniform,EXTEND,2366744,57940942,14009563,13115407,829026,1200397,728923,0,0,0,312,14847,17270705,190518295,2492039483,5262003461,386466641,59144845,7902316974660,9129441744,1204982456,52765359,0,0,0,0,1,135108,740.1486218432661,100000,1343.68568,390,40863,1742,1916,100000
12,run,10000,true,uniform,READ,2848620,61655890,15124078,14209476,829452,1200408,729346,0,0,0,312,14847,17270705,190520238,2492086584,5262447855,386466641,59144845,7902321119526,9129499077,1204982504,52765359,1,0,0,0,0,11818,8461.668641056016,100000,114.30306,71,25919,140,201,100000
12,reference,10000,true,uniform,READ,17980,3653432,1487442,1216428,10181,12,62,0,0,0,312,14847,17270705,190520239,2492086584,5262453112,386466641,59144845,7902321119526,9129499077,1204982504,52765359,1,0,0,0,0,3994,25037.55633450175,100000,36.16144,21,24143,47,73,100000
12,clean-run,10000,true,uniform,READ,32961,3308757,999141,989049,98854,1,0,0,4,385024,312,14848,17271503,190526542,2492115558,5262550541,386539860,59145179,7902475430994,9129682105,1204983491,52779508,1,0,0,0,0,11378,8788.890841975743,100000,109.88874,77,22095,152,226,100000
12,avg-run,10000,true,uniform,READ,72503,7893087,2405883,2354861,199291,5,0,0,4,385024,312,14848,17271503,190533198,2492150316,5262605959,386539860,59145179,7902624038121,9129910646,1204983608,52779508,1,0,0,0,0,9565,10454.783063251438,100000,91.85511,67,26319,114,170,100000
13,extend,10000,true,uniform,EXTEND,3074400,64013048,15566279,14598499,927570,1300430,822368,0,0,0,312,14849,17274256,190596892,2492263360,5262722999,386539860,59145179,7903147663802,9130721422,1205042773,52779508,0,0,0,0,1,131251,761.898956960328,100000,1305.36489,405,26607,1725,1900,100000
13,run,10000,true,uniform,READ,3627814,67738160,16734869,15746643,928002,1300441,822800,0,0,0,312,14849,17274256,190598814,2492314850,5263233836,386539860,59145179,7903152153107,9130784500,1205042828,52779508,1,0,0,0,0,12636,7913.896802785692,100000,122.4429,78,26911,145,211,100000
13,reference,10000,true,uniform,READ,19773,3954152,1611356,1317691,10181,12,62,0,0,0,312,14849,17274256,190598815,2492314850,5263238926,386539860,59145179,7903152153107,9130784500,1205042828,52779508,1,0,0,0,0,3912,25562.37218813906,100000,35.22675,23,20831,46,77,100000
13,clean-run,10000,true,uniform,READ,55971,3421915,1056088,1045119,104718,1,0,0,4,385024,312,14850,17275084,190605446,2492358706,5263363181,386633067,59145246,7903319699465,9130998836,1205043817,52796114,1,0,0,0,0,11707,8541.898009737764,100000,113.0477,73,21263,146,223,100000
13,avg-run,10000,true,uniform,READ,157565,7915551,2469358,2418336,204718,5,0,0,4,385024,312,14850,17275084,190610132,2492403191,5263485191,386633067,59145246,7903476402926,9131209645,1205043936,52796114,1,0,0,0,0,10156,9846.396218983851,100000,97.77502,69,22047,112,162,100000
14,extend,10000,true,uniform,EXTEND,3875984,70109609,17188403,16148039,1032293,1400463,921174,0,0,0,312,14851,17278169,190672070,2492522565,5263608402,386633067,59145246,7904011755131,9132038205,1205106486,52796114,0,0,0,0,1,134796,741.8617763138373,100000,1340.62345,406,42111,1738,1925,100000
14,run,10000,true,uniform,READ,4472261,73851200,18421195,17360385,1032731,1400474,921607,0,0,0,312,14851,17278169,190673949,2492581567,5264158313,386633067,59145246,7904016934643,9132112904,1205106571,52796114,1,0,0,0,0,12946,7724.393635099645,100000,125.50526,79,25711,150,227,100000
14,reference,10000,true,uniform,READ,21566,4254872,1735270,1418954,10181,12,62,0,0,0,312,14851,17278169,190673951,2492581567,5264163135,386633067,59145246,7904016934693,9132112905,1205106571,52796114,1,0,0,0,0,3877,25793.139025019344,100000,34.93211,23,22575,45,79,100000
14,clean-run,10000,true,uniform,READ,76910,3471610,1117086,1106117,110865,1,0,0,4,385024,312,14852,17279047,190680838,2492625168,5264312311,386743412,59146004,7904195848068,9132341563,1205107560,52812248,1,0,0,0,0,12660,7898.894154818326,100000,122.75486,86,23439,160,235,100000
14,avg-run,10000,true,uniform,READ,203782,7950902,2542674,2491652,210865,5,0,0,4,385024,312,14852,17279047,190683438,2492678928,5264459856,386743412,59146004,7904362491762,9132551920,1205107562,52812248,1,0,0,0,0,10192,9811.616954474097,100000,97.96642,73,22559,118,180,100000
15,extend,10000,true,uniform,EXTEND,4706876,76188708,18892405,17779118,1144535,1500496,1026488,0,0,0,312,14853,17281553,190743552,2492792289,5264586020,386743412,59146004,7904925217012,9133366845,1205169438,52812248,0,0,0,0,1,129622,771.4739781827159,100000,1288.83955,404,37183,1739,2271,100000
15,run,10000,true,uniform,READ,5381203,79909287,20201548,19066938,1144977,1500507,1026930,0,0,0,312,14853,17281553,190745535,2492864586,5265203948,386743412,59146004,7904931703171,9133463470,1205169534,52812248,1,0,0,0,0,13133,7614.406457016676,100000,127.43704,80,20927,155,237,100000
15,reference,10000,true,uniform,READ,23359,4555592,1859184,1520217,10181,12,62,0,0,0,312,14853,17281553,190745536,2492864586,5265205757,386743412,59146004,7904931703171,9133463470,1205169534,52812248,1,0,0,0,0,3882,25759.917568263783,100000,34.96348,23,18463,46,76,100000
15,clean-run,10000,true,uniform,READ,92180,3461433,1186318,1175352,117479,1,0,0,4,385024,312,14854,17282452,190750262,2492903350,5265383221,386860037,59146058,7905119767310,9133684023,1205170521,52831292,1,0,0,0,0,13252,7546.030787805615,100000,128.68234,86,20223,164,246,100000
15,avg-run,10000,true,uniform,READ,307715,7865318,2623276,2572257,217479,5,0,0,4,385024,312,14854,17282452,190754410,2492954253,5265623444,386860037,59146058,7905296463193,9133894834,1205170640,52831292,1,0,0,0,0,12732,7854.225573358467,100000,123.3791,100,13663,163,234,100000
16,extend,10000,true,uniform,EXTEND,5675753,82332575,20692697,19506019,1265077,1600529,1139162,0,0,0,312,14855,17284876,190816805,2493117954,5265757420,386860037,59146058,7905873523031,9134819769,1205234581,52831292,0,0,0,0,1,134196,745.1786938507854,100000,1334.65812,413,68095,1741,1997,100000
16,run,10000,true,uniform,READ,6371060,86036448,22086835,20879711,1265524,1600540,1139608,0,0,0,312,14855,17284876,190818448,2493158198,5266406618,386860037,59146058,7905876839607,9134862072,1205234594,52831292,1,0,0,0,0,14124,7080.147267063155,100000,137.30483,88,23183,161,238,100000
16,reference,10000,true,uniform,READ,25185,4856352,1983988,1621494,10181,12,62,0,0,0,312,14855,17284876,190818449,2493158198,5266410064,386860037,59146058,7905876839607,9134862072,1205234594,52831292,1,0,0,0,0,3517,28433.323855558716,100000,31.38663,23,19551,44,77,100000
16,clean-run,10000,true,uniform,READ,125972,3520882,1266232,1255263,125864,1,0,0,4,385024,312,14856,17285783,190825858,2493217402,5266617435,386984780,59146946,7906078740573,9135123512,1205235583,52848648,1,0,0,0,0,14133,7075.638576381519,100000,137.32576,90,24303,180,257,100000
16,avg-run,10000,true,uniform,READ,342583,7927618,2721854,2670832,225864,5,0,0,4,385024,312,14856,17285783,190829827,2493269907,5266858576,386984780,59146946,7906265445340,9135334336,1205235705,52848648,1,0,0,0,0,11476,8713.83757406762,100000,110.96639,78,22719,130,190,100000
17,extend,10000,true,uniform,EXTEND,6674952,88506700,22602494,21343169,1395239,1700562,1260269,0,0,0,312,14857,17288265,190893189,2493435035,5266997915,386984780,59146946,7906848663159,9136286815,1205298947,52848648,0,0,0,0,1,135849,736.1114178242019,100000,1351.25789,390,67967,1742,2016,100000
17,run,10000,true,uniform,READ,7401988,92217365,24095613,22815842,1395687,1700573,1260718,0,0,0,312,14857,17288265,190894909,2493494357,5267670247,386984780,59146946,7906853710029,9136358813,1205298972,52848648,1,0,0,0,0,14605,6846.970215679562,100000,142.22872,89,30415,166,233,100000
17,reference,10000,true,uniform,READ,26978,5157072,2107902,1722757,10181,12,62,0,0,0,312,14857,17288265,190894909,2493494357,5267675239,386984780,59146946,7906853710029,9136358813,1205298972,52848648,1,0,0,0,0,3984,25100.4016064257,100000,35.77362,23,20687,48,75,100000
17,clean-run,10000,true,uniform,READ,151413,3538693,1355559,1344590,134884,1,0,0,4,385024,312,14858,17289229,190901249,2493563247,5267910515,387118571,59147678,7907067348910,9136640275,1205300079,52869081,1,0,0,0,0,14542,6876.633200385091,100000,141.55914,83,27215,182,264,100000
17,avg-run,10000,true,uniform,READ,374133,7941388,2829225,2778203,234884,5,0,0,4,385024,312,14858,17289229,190904892,2493607394,5268158494,387118571,59147678,7907263992600,9136850632,1205300081,52869081,1,0,0,0,0,11468,8719.916288803628,100000,110.75396,82,26879,133,197,100000
18,extend,10000,true,uniform,EXTEND,7672979,94664204,24639791,23306811,1535112,1800595,1390713,0,0,0,312,14859,17291534,190968700,2493762704,5268296820,387118571,59147678,7907851420800,9137783286,1205359476,52869081,0,0,0,0,1,135959,735.515854044234,100000,1352.48938,397,67775,1746,1983,100000
18,run,10000,true,uniform,READ,8475090,98338214,26239050,24884748,1535433,1800606,1391105,0,0,0,312,14859,17291534,190970529,2493839361,5269034199,387118571,59147678,7907857801647,9137882287,1205359547,52869081,1,0,0,0,0,14675,6814.310051107325,100000,142.97295,90,22911,171,257,100000
18,reference,10000,true,uniform,READ,28771,5457792,2231816,1824020,10181,12,62,0,0,0,312,14859,17291534,190970529,2493839361,5269036007,387118571,59147678,7907857801647,9137882287,1205359547,52869081,1,0,0,0,0,3958,25265.285497726123,100000,35.69451,23,17375,46,70,100000
18,clean-run,10000,true,uniform,READ,175497,3562482,1450466,1439497,144154,1,0,0,4,385024,312,14860,17292540,190978078,2493907171,5269301088,387261659,59148955,7908082861829,9138183455,1205360536,52891817,1,0,0,0,0,14573,6862.005077883758,100000,141.71087,84,27743,182,267,100000
18,avg-run,10000,true,uniform,READ,382524,8389591,3062164,3011142,254154,5,0,0,4,385024,312,14860,17292540,190981487,2493959605,5269533804,387261659,59148955,7908290956079,9138413841,1205360538,52891817,1,0,0,0,0,11927,8384.338056510438,100000,115.38596,86,31631,133,195,100000
19,extend,10000,true,uniform,EXTEND,8823752,100895541,26811827,25403978,1684636,1900628,1530795,0,0,0,312,14861,17294667,191047404,2494155127,5269687197,387261659,59148955,7908895645193,9139447277,1205424298,52891817,0,0,0,0,1,140603,711.2223779008983,100000,1398.35689,408,68031,1755,2021,100000
19,run,10000,true,uniform,READ,9644678,104571422,28514755,27086460,1684820,1900639,1530995,0,0,0,312,14861,17294676,191049333,2494203016,5270450960,387390578,59150187,7908899590126,9139509365,1205424325,52891817,1,0,0,0,0,16176,6181.998021760633,100000,157.84419,105,24095,187,271,100000
19,reference,10000,true,uniform,READ,30569,5758580,2356620,1925297,10181,12,62,0,0,0,312,14861,17294676,191049334,2494203016,5270454562,387390578,59150187,7908899590126,9139509365,1205424325,52891817,1,0,0,0,0,3758,26609.89888238425,100000,33.76244,23,19951,47,77,100000
19,clean-run,10000,true,uniform,READ,201090,3591431,1545009,1534040,153530,8,0,0,4,385024,312,14862,17295714,191057138,2494284703,5270747513,387390601,59150195,7909136130272,9139831042,1205425314,52914985,1,0,0,0,0,16263,6148.927012236365,100000,158.78208,98,23183,205,282,100000
19,avg-run,10000,true,uniform,READ,532185,9790721,4374911,4323889,363530,12,0,0,4,385024,312,14862,17295714,191062086,2494344140,5271112323,387390601,59150195,7909367571335,9140261908,1205425370,52914985,1,0,0,0,0,14006,7139.797229758675,100000,136.15045,100,27903,167,245,100000
20,extend,10000,true,uniform,EXTEND,9953299,107094781,29115483,27633521,1843369,2000661,1679945,0,0,0,312,14863,17297400,191128412,2494524798,5271270490,387514824,59151849,7909956056252,9141261389,1205483314,52914985,0,0,0,0,1,144435,692.352961539793,100000,1436.67425,416,54559,1768,2079,100000
20,run,10000,true,uniform,READ,10838099,110778545,30925086,29421801,1843464,2000672,1680076,0,0,0,312,14863,17297400,191130620,2494611932,5272077959,387514824,59151849,7909962788187,9141373669,1205483416,52914985,1,0,0,0,0,17268,5791.058605513088,100000,168.71261,108,23631,201,309,100000
20,reference,10000,true,uniform,READ,32395,6059340,2481424,2026574,10181,12,62,0,0,0,312,14863,17297400,191130620,2494611932,5272079800,387514824,59151849,7909962788187,9141373669,1205483416,52914985,1,0,0,0,0,3988,25075.225677031092,100000,35.984,23,19039,49,78,100000
20,clean-run,10000,true,uniform,READ,227430,4532894,1639898,1628929,162895,1,0,0,4,385024,312,14864,17298466,191138202,2494696718,5272401602,387515188,59151883,7910210908550,9141715882,1205484405,52936861,1,0,0,0,0,17033,5870.956378794105,100000,166.4386,111,23647,215,305,100000
20,avg-run,10000,true,uniform,READ,563528,10913819,4488174,4437152,372895,5,0,0,4,385024,312,14864,17298466,191143551,2494756331,5272773568,387515188,59151883,7910452337769,9142146682,1205484447,52936861,1,0,0,0,0,13931,7178.2355896920535,100000,135.49015,105,26559,158,233,100000
21,extend,10000,true,uniform,EXTEND,11212230,113413811,31552145,29996527,2010360,2100694,1838158,0,0,0,312,14865,17299816,191209817,2494965382,5272942775,387631694,59153124,7911044386998,9143219478,1205542636,52936861,0,0,0,0,1,142757,700.4910442219996,100000,1420.19271,445,170879,1759,2213,100000
21,run,10000,true,uniform,READ,12118346,117125719,33457971,31881031,2010413,2100705,1838225,0,0,0,312,14865,17299816,191211830,2495042859,5273777386,387631694,59153124,7911050379851,9143320516,1205542716,52936861,1,0,0,0,0,17432,5736.576411197797,100000,170.40566,112,29119,199,290,100000
21,reference,10000,true,uniform,READ,34197,6360124,2606228,2127851,10181,12,62,0,0,0,312,14865,17299816,191211830,2495042859,5273781775,387631694,59153124,7911050379851,9143320516,1205542716,52936861,1,0,0,0,0,3912,25562.37218813906,100000,35.18911,23,23055,46,80,100000
21,clean-run,10000,true,uniform,READ,249926,4584809,1726947,1715978,171624,1,0,0,4,385024,312,14866,17300902,191219185,2495133327,5274129134,387631729,59154390,7911310073257,9143681609,1205543705,52960917,1,0,0,0,0,15564,6425.083526085839,100000,151.77442,100,24271,189,297,100000
21,avg-run,10000,true,uniform,READ,587211,10973247,4592513,4541491,381624,5,0,0,4,385024,312,14866,17300902,191224569,2495200532,5274501712,387631729,59154390,7911561477096,9144112269,1205543707,52960917,1,0,0,0,0,14223,7030.865499542993,100000,138.20487,108,25199,162,238,100000
22,extend,10000,true,uniform,EXTEND,12509898,119794170,34108735,32480573,2184702,2200727,2004362,0,0,0,312,14868,17303341,191292764,2495431517,5274679615,387745427,59155797,7912207031948,9145219140,1205608538,52960917,0,0,0,0,1,147218,679.2647638196416,100000,1464.59789,420,63807,1791,2203,100000
22,run,10000,true,uniform,READ,13462163,123549086,36104274,34454790,2184736,2200738,2004401,0,0,0,312,14868,17303398,191294948,2495504484,5275560975,387745427,59155797,7912285743284,9145320572,1205628890,52961018,1,0,0,0,0,19057,5247.415647793462,100000,186.50808,118,26479,219,313,100000
22,reference,10000,true,uniform,READ,35986,6660848,2730142,2229114,10181,12,62,0,0,0,312,14868,17303398,191294948,2495504484,5275566726,387745427,59155797,7912285743284,9145320572,1205628890,52961018,1,0,0,0,0,3711,26946.914578280786,100000,33.09658,23,25023,48,80,100000
22,clean-run,10000,true,uniform,READ,251486,4610895,1809273,1798307,179711,1,0,0,4,385024,312,14869,17304501,191298390,2495567470,5275936371,387779974,59155816,7912554964880,9145666387,1205629877,52985265,1,0,0,0,0,17084,5853.430110044486,100000,166.95234,112,22431,198,307,100000
22,avg-run,10000,true,uniform,READ,591053,11009062,4690695,4639676,389711,5,0,0,4,385024,312,14869,17304501,191303632,2495626989,5276311895,387779974,59155816,7912816368693,9146097048,1205629879,52985265,1,0,0,0,0,14543,6876.16035205941,100000,141.71064,113,25695,166,251,100000
23,extend,10000,true,uniform,EXTEND,13868670,126253339,36777852,35077679,2365721,2300760,2178160,0,0,0,312,14871,17308314,191370702,2495884551,5276494546,387885660,59156397,7913573683051,9147237547,1205716869,52985265,0,0,0,0,1,143659,696.0928309399342,100000,1429.05025,439,34239,1799,2251,100000
23,run,10000,true,uniform,READ,14886302,130035697,38852715,37132093,2365736,2300771,2178182,0,0,0,312,14871,17308315,191372695,2495947873,5277438429,387885660,59156397,7913602123558,9147314854,1205724198,52985265,1,0,0,0,0,19401,5154.373485902788,100000,189.747,118,26687,222,347,100000
23,reference,10000,true,uniform,READ,37812,6961608,2854946,2330391,10181,12,62,0,0,0,312,14871,17308315,191372695,2495947873,5277444985,387885660,59156397,7913602123558,9147314854,1205724198,52985265,1,0,0,0,0,3611,27693.159789531986,100000,32.31123,23,20319,44,74,100000
23,clean-run,10000,true,uniform,READ,270408,4689057,1881965,1870999,187032,1,0,0,4,385024,312,14872,17309414,191376222,2496011247,5277841496,387930366,59156420,7913882763280,9147675249,1205725210,53013609,1,0,0,0,0,17345,5765.350245027385,100000,169.58325,110,26703,200,329,100000
23,avg-run,10000,true,uniform,READ,613480,11097659,4778029,4727010,397032,5,0,0,4,385024,312,14873,17309493,191381713,2496077546,5278219139,387930366,59156420,7914154439647,9148105909,1205725264,53013609,1,0,0,0,0,14801,6756.300249983109,100000,144.03671,115,28127,168,226,100000
24,extend,10000,true,uniform,EXTEND,15252431,132702570,39546412,37775942,2552461,2400793,2358797,0,0,0,312,14874,17311572,191453161,2496344805,5278408090,388050449,59156488,7914874632400,9149174002,1205802305,53013609,0,0,0,0,1,149383,669.4202151516572,100000,1486.20983,449,39807,1820,2409,100000
24,run,10000,true,uniform,READ,16397645,136602967,41689350,39897557,2552479,2400815,2358816,0,0,0,312,14874,17311572,191454795,2496395941,5279410179,388050449,59156488,7914980841415,9149358857,1205829471,53013609,1,0,0,0,0,19517,5123.738279448686,100000,191.22283,120,21631,225,342,100000
24,reference,10000,true,uniform,READ,39638,7262368,2979750,2431668,10181,12,62,0,0,0,312,14874,17311572,191454796,2496395941,5279412798,388050449,59156488,7914980841415,9149358857,1205829471,53013609,1,0,0,0,0,4283,23348.120476301658,100000,39.02152,23,24991,50,76,100000
24,clean-run,10000,true,uniform,READ,291108,4763715,1944429,1933463,193313,1,0,0,4,385024,312,14875,17312662,191458268,2496459436,5279837154,388104071,59156503,7915272694073,9149731551,1205830458,53043670,1,0,0,0,0,17306,5778.342771293193,100000,169.0585,113,26271,202,315,100000
24,avg-run,10000,true,uniform,READ,638085,11182464,4853055,4802036,403313,5,0,0,4,385024,312,14876,17313201,191463772,2496527841,5280218668,388104071,59156503,7915554437901,9150162210,1205830531,53043670,1,0,0,0,0,15344,6517.205422314912,100000,149.50231,119,29231,174,253,100000
25,extend,10000,true,uniform,EXTEND,16784802,139299798,42399820,40558924,2743862,2500837,2545150,0,0,0,312,14877,17315429,191534245,2496804135,5280415108,388208635,59158544,7916374284233,9151246262,1205927997,53043670,0,0,0,0,1,150295,665.3581290129412,100000,1495.40492,446,91135,1821,3473,100000
25,run,10000,true,uniform,READ,17985780,143227461,44598043,42735824,2743870,2500859,2545160,0,0,0,312,14877,17315429,191536149,2496863976,5281466020,388208635,59158544,7916423242207,9151416609,1205940536,53043670,1,0,0,0,0,19831,5042.61005496445,100000,194.23486,128,25215,227,363,100000
25,reference,10000,true,uniform,READ,41464,7563128,3104554,2532945,10181,12,62,0,0,0,312,14877,17315429,191536149,2496863976,5281467828,388208635,59158544,7916423242207,9151416609,1205940536,53043670,1,0,0,0,0,3873,25819.777949909632,100000,34.90095,20,20431,48,72,100000
25,clean-run,10000,true,uniform,READ,311650,4826896,1997565,1986519,198491,1,0,0,4,385024,312,14878,17316496,191539679,2496934969,5281919774,388282528,59158556,7916726202290,9151799507,1205941524,53071990,1,0,0,0,0,17412,5743.165632896853,100000,170.05164,114,23039,201,340,100000
25,avg-run,10000,true,uniform,READ,661497,11254549,4916547,4865448,408491,5,0,0,4,385024,312,14879,17317382,191545157,2496998502,5282303285,388282528,59158556,7917017919734,9152230167,1205941589,53071990,1,0,0,0,0,15707,6366.588145412873,100000,153.0613,121,31135,178,248,100000
26,extend,10000,true,uniform,EXTEND,18389513,145951185,45322015,43411409,2939142,2600881,2736089,0,0,0,312,14880,17320954,191615637,2497285127,5282507862,388380388,59159408,7917908866644,9153322637,1206054671,53071990,0,0,0,0,1,148180,674.854906195168,100000,1473.95402,441,73343,1826,3483,100000
26,run,10000,true,uniform,READ,19645611,149900783,47567601,45635672,2939149,2600903,2736095,0,0,0,312,14880,17320954,191617524,2497350276,5283604789,388380388,59159408,7917939333459,9153495896,1206061268,53071990,1,0,0,0,0,19950,5012.5313283208025,100000,195.4519,130,26431,230,324,100000
26,reference,10000,true,uniform,READ,43290,7863888,3229358,2634222,10181,12,62,0,0,0,312,14880,17320954,191617524,2497350276,5283608259,388380388,59159408,7917939333459,9153495896,1206061268,53071990,1,0,0,0,0,3760,26595.744680851065,100000,33.65249,23,23279,44,72,100000
26,clean-run,10000,true,uniform,READ,327525,4871678,2041102,2030141,202908,1,0,0,0,0,312,14881,17322030,191620827,2497421710,5284080622,388465306,59159425,7918253275972,9153887541,1206062255,53101386,1,0,0,0,0,17588,5685.694791903571,100000,171.90933,121,27311,202,304,100000
26,avg-run,10000,true,uniform,READ,747345,11607808,4968918,4917904,412908,5,0,0,0,0,312,14882,17322830,191626668,2497494093,5284538834,388465306,59159425,7918554978046,9154318200,1206062306,53101386,1,0,0,0,0,16064,6225.099601593625,100000,156.49405,124,24671,182,269,100000
27,extend,10000,true,uniform,EXTEND,20065732,152651486,48303496,46323959,3137927,2700925,2931203,0,0,0,312,14883,17326615,191698666,2497800634,5284752018,388559052,59159465,7919478315612,9155421414,1206182796,53101386,0,0,0,0,1,150650,663.7902422834385,100000,1498.49995,481,48927,1832,2705,100000
27,run,10000,true,uniform,READ,21368666,156629735,50590361,48589501,3137935,2700947,2931211,0,0,0,312,14883,17326615,191700528,2497866247,5285886821,388559052,59159465,7919498406526,9155604110,1206185048,53101386,1,0,0,0,0,20596,4855.311711011847,100000,201.85367,137,29631,237,323,100000
27,reference,10000,true,uniform,READ,45116,8164648,3354162,2735499,10181,12,62,0,0,0,312,14883,17326615,191700528,2497866247,5285891409,388559052,59159465,7919498406526,9155604110,1206185048,53101386,1,0,0,0,0,3725,26845.637583892618,100000,33.3415,23,20031,46,78,100000
27,clean-run,10000,true,uniform,READ,345471,4899953,2077542,2067455,206630,1,0,0,0,0,312,14884,17327693,191708074,2497973828,5286388459,388654538,59159494,7919823252309,9156003156,1206186035,53132062,1,0,0,0,0,18168,5504.183179216205,100000,177.72839,123,25567,212,297,100000
27,avg-run,10000,true,uniform,READ,803825,11649061,5014056,4963039,416645,5,0,0,0,0,312,14885,17328650,191714538,2498050388,5286859285,388654538,59159494,7920137317313,9156473797,1206186083,53132062,1,0,0,0,0,16450,6079.0273556231,100000,160.47471,122,30063,183,272,100000
28,extend,10000,true,uniform,EXTEND,21798871,159390301,51335774,49288119,3339892,2800969,3129650,0,0,0,312,14886,17330577,191786503,2498348277,5287074639,388813527,59162925,7921088513195,9157633507,1206308513,53132062,0,0,0,0,1,154104,648.9124227794217,100000,1532.83909,429,81279,1838,2993,100000
28,run,10000,true,uniform,READ,23140301,163354913,53661263,51592285,3339896,2800991,3129655,0,0,0,312,14886,17330577,191788700,2498427965,5288242247,388813527,59162925,7921098240575,9157798444,1206308700,53132062,1,0,0,0,0,21022,4756.921320521358,100000,206.21821,139,25167,245,350,100000
28,reference,10000,true,uniform,READ,46942,8465408,3478966,2836776,10181,12,62,0,0,0,312,14886,17330577,191788700,2498427965,5288247007,388813527,59162925,7921098240575,9157798444,1206308700,53132062,1,0,0,0,0,3772,26511.134676564157,100000,33.73204,23,23567,47,79,100000
28,clean-run,10000,true,uniform,READ,360632,4920272,2114282,2103321,210181,18,0,0,0,0,312,14887,17331645,191791858,2498508017,5288764231,388813570,59162933,7921433975528,9158204743,1206309687,53163761,1,0,0,0,0,18516,5400.734499891985,100000,181.01508,125,28607,216,308,100000
28,avg-run,10000,true,uniform,READ,796849,11614541,5056661,5005647,420181,22,0,0,0,0,312,14888,17332725,191798112,2498581175,5289239125,388813570,59162933,7921755625266,9158635403,1206309730,53163761,1,0,0,0,0,16709,5984.798611526722,100000,162.88585,126,30607,188,268,100000
29,extend,10000,true,uniform,EXTEND,23586538,166139606,54416308,52301070,3545135,2901013,3331423,0,0,0,312,14889,17336138,191871247,2498911528,5289461640,388967940,59166032,7922711272298,9159788822,1206435419,53163761,0,0,0,0,1,153210,652.6989099928203,100000,1524.42696,443,63103,1831,3523,100000
29,run,10000,true,uniform,READ,24968120,170148721,56779494,54642933,3545139,2901035,3331427,0,0,0,312,14889,17336138,191873127,2498967939,5290660351,388967940,59166032,7922722784247,9159985179,1206435655,53163761,1,0,0,0,0,21760,4595.588235294118,100000,213.65218,144,28351,252,375,100000
29,reference,10000,true,uniform,READ,48768,8766168,3603770,2938053,10181,12,62,0,0,0,312,14889,17336138,191873127,2498967939,5290663288,388967940,59166032,7922722784247,9159985179,1206435655,53163761,1,0,0,0,0,3833,26089.225150013044,100000,34.42219,23,23231,47,74,100000
29,clean-run,10000,true,uniform,READ,403421,4990265,2148730,2137766,213688,1,0,0,0,0,312,14890,17337216,191880940,2499096637,5291198129,388967981,59166040,7923071999117,9160442308,1206436645,53197234,1,0,0,0,0,19411,5151.7180979856785,100000,190.16881,135,27551,228,332,100000
29,avg-run,10000,true,uniform,READ,935762,11291210,5098209,5047192,423688,5,0,0,0,0,312,14891,17337575,191888340,2499192006,5291781564,388967981,59166040,7923403638129,9160872969,1206436688,53197234,1,0,0,0,0,16962,5895.531187359981,100000,165.61551,130,26735,190,292,100000
30,extend,10000,true,uniform,EXTEND,25424659,172951547,57544817,55362377,3754144,3001057,3536793,0,0,0,312,14893,17343071,191961222,2499551009,5292011869,389110520,59169478,7924432207659,9162047476,1206571070,53197234,0,0,0,0,1,152766,654.5959179398558,100000,1519.53519,459,98559,1872,3693,100000
30,run,10000,true,uniform,READ,26845070,176962074,59947855,57744557,3754148,3001079,3536797,0,0,0,312,14893,17343079,191963245,2499611497,5293244621,389110520,59169478,7924610086017,9162247574,1206616724,53197234,1,0,0,0,0,22651,4414.816122908481,100000,222.56024,151,28367,260,390,100000
30,reference,10000,true,uniform,READ,50594,9066928,3728574,3039330,10181,12,62,0,0,0,312,14893,17343079,191963245,2499611497,5293246472,389110520,59169478,7924610086017,9162247574,1206616724,53197234,1,0,0,0,0,3645,27434.842249657064,100000,32.56585,23,19087,44,79,100000
30,clean-run,10000,true,uniform,READ,417852,4996375,2185404,2174440,217341,1,0,0,0,0,312,14894,17344194,191970990,2499735870,5293799635,389150628,59169488,7924970315661,9162714201,1206617714,53232342,1,0,0,0,0,20075,4981.3200498132,100000,196.75162,137,23631,232,332,100000
30,avg-run,10000,true,uniform,READ,954333,11294606,5142205,5091188,427341,5,0,0,0,0,312,14895,17345117,191979053,2499841472,5294385932,389150628,59169488,7925311934973,9163144862,1206617757,53232342,1,0,0,0,0,17294,5782.352260899734,100000,169.01523,135,24175,193,288,100000
31,extend,10000,true,uniform,EXTEND,27416790,179895409,60725553,58476419,3967597,3101112,3746170,0,0,0,312,14897,17349355,192054511,2500199266,5294624898,389292674,59171537,7926528841257,9164466266,1206796973,53232342,0,0,0,0,1,157457,635.0940256705005,100000,1566.74474,482,76351,1882,3531,100000
31,run,10000,true,uniform,READ,28777377,183813777,63172733,60903757,3967599,3101123,3746172,0,0,0,312,14897,17349355,192056642,2500270138,5295893880,389292674,59171537,7926546347499,9164550026,1206800259,53232342,1,0,0,0,0,23238,4303.296324984938,100000,228.37532,147,28671,264,378,100000
31,reference,10000,true,uniform,READ,52420,9367688,3853378,3140607,10181,12,62,0,0,0,312,14897,17349355,192056642,2500270138,5295895733,389292674,59171537,7926546347499,9164550026,1206800259,53232342,1,0,0,0,0,3649,27404.768429706768,100000,32.6989,23,21823,44,72,100000
31,clean-run,10000,true,uniform,READ,428127,5006896,2225706,2214742,221420,1,0,0,0,0,312,14898,17350464,192065659,2500401175,5296463672,389344616,59171554,7926917635731,9165026767,1206801249,53267097,1,0,0,0,0,20624,4848.719937936385,100000,202.08732,138,26735,237,329,100000
31,avg-run,10000,true,uniform,READ,968053,11302955,5190666,5139649,431420,5,0,0,0,0,312,14899,17350887,192073386,2500498405,5297053430,389344616,59171554,7927269233693,9165457427,1206801292,53267097,1,0,0,0,0,18684,5352.172982230786,100000,182.71074,149,19695,207,280,100000
32,extend,10000,true,uniform,EXTEND,29352077,186768432,63962652,61648139,4185785,3201145,3959820,0,0,0,312,14901,17357133,192147771,2500857587,5297303732,389481502,59175814,7928457728980,9166746972,1206964263,53267097,0,0,0,0,1,155070,644.8700586831753,100000,1542.87676,564,105151,1857,4135,100000
32,run,10000,true,uniform,READ,30763103,190696706,66459940,64124702,4185787,3201156,3959822,0,0,0,312,14901,17357133,192150283,2500959664,5298610663,389481502,59175814,7928507328703,9166880984,1206977491,53267097,1,0,0,0,0,24053,4157.485552737704,100000,236.44726,154,26463,272,398,100000
32,reference,10000,true,uniform,READ,54246,9668448,3978182,3241884,10181,12,62,0,0,0,312,14901,17357133,192150283,2500959664,5298613161,389481502,59175814,7928507328703,9166880984,1206977491,53267097,1,0,0,0,0,3482,28719.126938541067,100000,30.76655,23,22463,43,72,100000
32,clean-run,10000,true,uniform,READ,409612,4948581,2271891,2260930,225950,8,0,0,0,0,312,14902,17358221,192153756,2501054990,5299197818,389540642,59175864,7928886830664,9167319959,1206978478,53302661,1,0,0,0,0,21293,4696.379091720283,100000,208.93744,139,30015,241,355,100000
32,avg-run,10000,true,uniform,READ,952942,11242261,5245807,5194793,435950,12,0,0,0,0,312,14903,17359800,192165868,2501184580,5299793518,389540642,59175864,7929248417558,9167750619,1206978521,53302661,1,0,0,0,0,19189,5211.318984835062,100000,187.87968,153,31167,212,291,100000
33,extend,10000,true,uniform,EXTEND,31347713,193675976,67262725,64882924,4409177,3301178,4178145,0,0,0,312,14905,17364399,192241561,2501503799,5300051102,389672828,59179701,7930467088632,9169029302,1207141548,53302661,0,0,0,0,1,156938,637.1943060316813,100000,1561.5305,451,50975,1878,3559,100000
33,run,10000,true,uniform,READ,32815844,197608107,69816567,67415443,4409179,3301189,4178147,0,0,0,312,14905,17364399,192244233,2501620945,5301405588,389672828,59179701,7930521669830,9169186205,1207155681,53302661,1,0,0,0,0,24540,4074.9796251018747,100000,241.36631,157,30287,275,375,100000
33,reference,10000,true,uniform,READ,56105,9969248,4103876,3343175,10181,12,62,0,0,0,312,14905,17364399,192244233,2501620945,5301407395,389672828,59179701,7930521669830,9169186205,1207155681,53302661,1,0,0,0,0,3903,25621.316935690495,100000,35.04467,23,27375,47,76,100000
33,clean-run,10000,true,uniform,READ,456998,5023850,2321728,2310764,231030,1,0,0,0,0,312,14906,17365467,192254000,2501759552,5302011279,389742284,59179710,7930915232361,9169685460,1207156671,53341391,1,0,0,0,0,21965,4552.6974732529025,100000,215.44778,143,29935,251,388,100000
33,avg-run,10000,true,uniform,READ,1004190,11315616,5305907,5254890,441030,5,0,0,0,0,312,14907,17366630,192262644,2501863870,5302608671,389742284,59179710,7931286795173,9170116121,1207156698,53341391,1,0,0,0,0,19421,5149.065444621801,100000,190.17717,154,27087,216,316,100000
34,extend,10000,true,uniform,EXTEND,33314920,200489704,70634955,68188704,4638496,3401211,4401764,0,0,0,312,14909,17369803,192338234,2502244943,5302859745,389863298,59187628,7932553530562,9171353193,1207324956,53341391,0,0,0,0,1,158819,629.6475862459781,100000,1580.46899,467,279551,1864,3849,100000
34,run,10000,true,uniform,READ,34877340,204491975,73250440,70783598,4638500,3401233,4401768,0,0,0,312,14909,17369875,192340568,2502327290,5304203981,389863298,59187628,7932608338320,9171564515,1207340776,53341391,1,0,0,0,0,25229,3963.6925760038052,100000,248.08326,163,27167,283,412,100000
34,reference,10000,true,uniform,READ,57931,10270008,4228680,3444452,10181,12,62,0,0,0,312,14909,17369885,192340569,2502327290,5304209174,389863298,59187628,7932608338320,9171564515,1207340776,53341391,1,0,0,0,0,4222,23685.457129322596,100000,38.31876,23,19471,49,80,100000
34,clean-run,10000,true,uniform,READ,438160,4971774,2378271,2367310,236719,1,0,0,0,0,312,14910,17370892,192344205,2502422927,5304830036,389946578,59187641,7933010092643,9172025233,1207341764,53381068,1,0,0,0,0,22383,4467.676361524371,100000,219.88737,145,25183,252,341,100000
34,avg-run,10000,true,uniform,READ,988532,11263170,5373725,5322711,446719,5,0,0,0,0,312,14911,17371768,192355819,2502554751,5305431800,389946578,59187641,7933391640309,9172455894,1207341789,53381068,1,0,0,0,0,19808,5048.4652665589665,100000,193.90708,158,27663,222,311,100000
35,extend,10000,true,uniform,EXTEND,35509057,207528189,74088246,71576214,4874689,3501266,4631736,0,0,0,312,14913,17374904,192430508,2502918404,5305690230,390064728,59193395,7934719863117,9173848799,1207529350,53381068,0,0,0,0,1,155285,643.9772032070065,100000,1544.83148,451,56287,1903,4823,100000
35,run,10000,true,uniform,READ,37007742,211445460,76772805,74239746,4874691,3501277,4631738,0,0,0,312,14913,17375175,192432989,2503003378,5307077686,390064728,59193395,7934725902339,9173951253,1207529605,53381068,1,0,0,0,0,25678,3894.384297842511,100000,252.50651,163,31343,290,405,100000
35,reference,10000,true,uniform,READ,59757,10570768,4353484,3545729,10181,12,62,0,0,0,312,14913,17375177,192432989,2503003378,5307081938,390064728,59193395,7934725902339,9173951253,1207529605,53381068,1,0,0,0,0,3975,25157.232704402515,100000,35.98607,23,22703,48,78,100000
35,clean-run,10000,true,uniform,READ,452737,4991383,2441174,2430213,242940,1,0,0,0,0,312,14914,17376049,192436672,2503106830,5307722475,390149318,59193410,7935138866825,9174424418,1207530592,53426971,1,0,0,0,0,22863,4373.879193456677,100000,224.59571,155,28895,258,370,100000
35,avg-run,10000,true,uniform,READ,1040125,11350535,5450173,5398282,452953,5,0,0,0,0,312,14915,17378041,192450193,2503244837,5308326686,390149318,59193410,7935533411016,9174905405,1207530625,53426971,1,0,0,0,0,19581,5106.991471324243,100000,191.91067,152,26207,219,316,100000
36,extend,10000,true,uniform,EXTEND,37638637,214515325,77628208,75050396,5117247,3601299,4867927,0,0,0,312,14917,17382883,192524837,2503585229,5308597882,390268482,59197873,7936848123587,9176223098,1207713719,53426971,0,0,0,0,1,158138,632.359078779294,100000,1573.17217,463,53023,1932,4919,100000
36,run,10000,true,uniform,READ,39232194,218450068,80382535,77783993,5117251,3601321,4867931,0,0,0,312,14917,17383074,192527653,2503697489,5310040734,390326785,59200299,7936868038230,9176392439,1207716371,53426971,1,0,0,0,0,26407,3786.8746923164313,100000,260.04715,176,28287,297,412,100000
36,reference,10000,true,uniform,READ,61616,10871568,4479178,3647020,10181,12,62,0,0,0,312,14917,17383074,192527653,2503697489,5310042570,390326785,59200299,7936868038230,9176392439,1207716371,53426971,1,0,0,0,0,3735,26773.76171352075,100000,33.40277,23,21599,46,77,100000
36,clean-run,10000,true,uniform,READ,468082,5017873,2505200,2494239,249307,1,0,0,0,0,312,14918,17384123,192531438,2503803066,5310703177,390326837,59200309,7937292237371,9176878090,1207717358,53467266,1,0,0,0,0,23375,4278.07486631016,100000,229.65352,159,26191,263,358,100000
36,avg-run,10000,true,uniform,READ,1024145,11311628,5525830,5474816,459307,5,0,0,0,0,312,14919,17386509,192545416,2503942842,5311312086,390326837,59200309,7937696776879,9177359078,1207717391,53467266,1,0,0,0,0,19835,5041.593143433325,100000,194.41698,153,23807,221,293,100000
37,extend,10000,true,uniform,EXTEND,39898454,221548097,81258195,78614355,5366382,3701354,5110537,0,0,0,312,14922,17394639,192621267,2504326439,5311584209,390491542,59206830,7939187703167,9178750667,1207939573,53467266,0,0,0,0,1,162146,616.7281339040125,100000,1613.38667,471,42143,1932,7171,100000
37,run,10000,true,uniform,READ,41474364,225450362,84084476,81420010,5366384,3701365,5110539,0,0,0,312,14922,17394640,192623653,2504406996,5313047625,390491542,59206830,7939252108542,9178855256,1207959272,53467266,1,0,0,0,0,27071,3693.989878467733,100000,266.54084,176,24799,306,436,100000
37,reference,10000,true,uniform,READ,63442,11172328,4603982,3748297,10181,12,62,0,0,0,312,14922,17394640,192623654,2504406996,5313049364,390491542,59206830,7939252108542,9178855256,1207959272,53467266,1,0,0,0,0,3833,26089.225150013044,100000,34.46522,23,19311,45,78,100000
37,clean-run,10000,true,uniform,READ,483707,5046715,2569282,2558321,255832,1,0,0,0,0,312,14923,17395717,192627471,2504510457,5313729885,390535462,59206842,7939687589612,9179354240,1207960259,53510276,1,0,0,0,0,23977,4170.6635525712145,100000,235.6529,166,30527,269,399,100000
37,avg-run,10000,true,uniform,READ,1079302,11407579,5604064,5552173,465845,5,0,0,0,0,312,14924,17399083,192640654,2504653697,5314342445,390535462,59206842,7940102118472,9179835226,1207960292,53510276,1,0,0,0,0,20140,4965.243296921549,100000,197.31369,157,17231,227,321,100000
38,extend,10000,true,uniform,EXTEND,42138573,228585786,84978506,82269741,5622194,3801387,5359623,0,0,0,312,14926,17404366,192713936,2505018743,5314625847,390700646,59211541,7941449902229,9181219466,1208146749,53510276,0,0,0,0,1,157502,634.9125725387614,100000,1567.51016,469,39423,1912,5047,100000
38,run,10000,true,uniform,READ,43811513,232518707,87879377,85150022,5622198,3801409,5359627,0,0,0,312,14927,17405501,192717479,2505134946,5316130166,390700646,59211541,7941631005794,9181404284,1208197661,53510276,1,0,0,0,0,27708,3609.065973726,100000,272.83362,181,26351,311,438,100000
38,reference,10000,true,uniform,READ,65301,11473128,4729676,3849588,10181,12,62,0,0,0,312,14927,17405501,192717480,2505134946,5316136674,390700646,59211541,7941631005794,9181404284,1208197661,53510276,1,0,0,0,0,3421,29231.218941829873,100000,30.29988,23,20415,41,76,100000
38,clean-run,10000,true,uniform,READ,496387,5078435,2636336,2625375,262558,1,0,0,0,0,312,14928,17406542,192721233,2505246529,5316836076,390737189,59211554,7942077768292,9181916456,1208198648,53555264,1,0,0,0,0,24693,4049.7306929089214,100000,242.89086,178,28431,279,382,100000
38,avg-run,10000,true,uniform,READ,1092286,11444021,5684570,5632679,472571,5,0,0,0,0,312,14929,17408397,192735147,2505385340,5317448539,390737189,59211554,7942502273462,9182397442,1208198680,53555264,1,0,0,0,0,20490,4880.429477794046,100000,200.8212,161,23695,227,325,100000
39,extend,10000,true,uniform,EXTEND,44509458,235679602,88794128,86019635,5884109,3901442,5615163,0,0,0,312,14932,17414044,192809728,2505792840,5317734588,390898622,59212945,7944138741940,9183836658,1208451926,53555264,0,0,0,0,1,159455,627.1361826220564,100000,1586.6636,436,53951,1969,4103,100000
39,run,10000,true,uniform,READ,46169497,239574393,91764860,88969820,5884111,3901453,5615165,0,0,0,312,14932,17414044,192813742,2505880027,5319274481,390898622,59212945,7944168939250,9183946421,1208458516,53555264,1,0,0,0,0,28318,3531.3228335334416,100000,278.98091,197,28591,317,438,100000
39,reference,10000,true,uniform,READ,67136,11773952,4855370,3950879,10181,12,62,0,0,0,312,14932,17414044,192813743,2505880027,5319276339,390898622,59212945,7944168939250,9183946421,1208458516,53555264,1,0,0,0,0,3518,28425.241614553725,100000,31.31169,23,19983,42,72,100000
39,clean-run,10000,true,uniform,READ,557424,5183871,2701896,2690932,268946,1,0,0,0,0,312,14933,17415082,192823956,2506042826,5319997312,390958899,59212953,7944630449474,9184530160,1208459506,53601910,1,0,0,0,0,25365,3942.4403705893947,100000,249.57767,177,29551,286,435,100000
39,avg-run,10000,true,uniform,READ,1373955,11893299,6961908,6910891,578946,5,0,0,0,0,312,14934,17417592,192840794,2506230675,5320880589,390958899,59212953,7945075234185,9185161095,1208459522,53601910,1,0,0,0,0,23984,4169.446297531687,100000,235.59507,191,28351,265,358,100000
40,extend,10000,true,uniform,EXTEND,46749440,242624584,92697867,89858611,6152375,4001475,5877202,0,0,0,312,14937,17424164,192915676,2506634854,5321167012,391118530,59218758,7946535545095,9186577419,1208665907,53601910,0,0,0,0,1,161371,619.6900310464706,100000,1605.8925,461,89791,1937,6479,100000
40,run,10000,true,uniform,READ,48556242,246623977,95737582,92877782,6152379,4001497,5877206,0,0,0,312,14937,17424164,192918168,2506723271,5322720291,391118530,59218758,7946687566949,9186835018,1208713463,53601910,1,0,0,0,0,29015,3446.4931931759434,100000,285.95298,200,32527,325,453,100000
40,reference,10000,true,uniform,READ,68958,12074716,4980174,4052156,10181,12,62,0,0,0,312,14937,17424164,192918169,2506723271,5322722154,391118530,59218758,7946687566949,9186835018,1208713463,53601910,1,0,0,0,0,3584,27901.785714285714,100000,31.96973,23,19311,43,74,100000
40,clean-run,10000,true,uniform,READ,577925,5211471,2763406,2752442,275173,1,0,0,0,0,312,14938,17425198,192928915,2506893324,5323465138,391178238,59218768,7947160390520,9187432698,1208714453,53648421,1,0,0,0,0,25914,3858.917959404183,100000,255.05473,180,30127,294,425,100000
40,avg-run,10000,true,uniform,READ,1449656,12006136,7036989,6985095,585175,16,2,0,0,0,312,14939,17427886,192946151,2507077860,5324351466,391178238,59218768,7947619175270,9188130617,1208714477,53648421,1,0,0,0,0,25041,3993.4507407851124,100000,246.37442,205,25631,275,385,100000
41,extend,10000,true,uniform,EXTEND,49157864,249703979,96690547,93784783,6426257,4101530,6145117,0,0,0,312,14942,17432433,193021592,2507415862,5324639680,391334644,59225810,7949160312882,9189523670,1208937877,53648421,0,0,0,0,1,164869,606.542163778515,100000,1640.97868,517,127615,1923,6303,100000
41,run,10000,true,uniform,READ,50893952,253585107,99794693,96869273,6426259,4101541,6145119,0,0,0,312,14942,17432433,193026286,2507560541,5326215625,391334644,59225810,7949245173344,9189725340,1208966868,53648421,1,0,0,0,0,29722,3364.511136531862,100000,293.09738,204,26959,330,461,100000
41,reference,10000,true,uniform,READ,70817,12375516,5105868,4153447,10181,12,62,0,0,0,312,14942,17432433,193026286,2507560541,5326217502,391334644,59225810,7949245173344,9189725340,1208966868,53648421,1,0,0,0,0,4018,24888.003982080638,100000,36.28388,23,19999,48,79,100000
41,clean-run,10000,true,uniform,READ,599976,5238003,2823139,2812175,281140,1,0,0,0,0,312,14943,17433467,193037245,2507730761,5326984062,391408189,59225819,7949729259199,9190336112,1208967858,53696156,1,0,0,0,0,26530,3769.317753486619,100000,261.24827,192,30047,300,411,100000
41,avg-run,10000,true,uniform,READ,1472287,12037635,7108655,7056761,591142,16,2,0,0,0,312,14944,17435481,193054451,2507919143,5327873222,391408189,59225819,7950198029395,9191034029,1208967881,53696156,1,0,0,0,0,25361,3943.0621820906117,100000,249.35327,206,29583,279,396,100000
42,extend,10000,true,uniform,EXTEND,51624906,256844032,100764376,97793881,6705706,4201563,6418942,0,0,0,312,14947,17439985,193129524,2508340453,5328171714,391563405,59233193,7951688034052,9192477966,1209175117,53696156,0,0,0,0,1,160025,624.9023590064053,100000,1592.61401,486,99455,1931,6539,100000
42,run,10000,true,uniform,READ,53471302,260801187,103931372,100940344,6705710,4201585,6418946,0,0,0,312,14947,17439985,193132431,2508444041,5329779293,391563405,59233193,7951796834664,9192698697,1209208026,53696156,1,0,0,0,0,31053,3220.300776092487,100000,306.22331,212,26175,345,463,100000
42,reference,10000,true,uniform,READ,72676,12676316,5231562,4254738,10181,12,62,0,0,0,312,14947,17439985,193132432,2508444041,5329786253,391563405,59233193,7951796834664,9192698697,1209208026,53696156,1,0,0,0,0,3921,25503.69803621525,100000,35.32906,24,20655,47,82,100000
42,clean-run,10000,true,uniform,READ,575809,5183762,2878675,2867714,286751,1,0,0,0,0,312,14948,17440998,193136577,2508563499,5330578823,391631388,59233203,7952288488638,9193259354,1209209029,53744135,1,0,0,0,0,27560,3628.44702467344,100000,271.37088,198,30591,307,420,100000
42,avg-run,10000,true,uniform,READ,1451202,11982156,7175355,7123464,596763,5,0,0,0,0,312,14949,17443258,193151871,2508750463,5331470937,391631388,59233203,7952767125730,9193955351,1209209049,53744135,1,0,0,0,0,26048,3839.066339066339,100000,256.31066,211,17919,286,416,100000
43,extend,10000,true,uniform,EXTEND,54229786,264084167,104918320,101882137,6990280,4301607,6698220,0,0,0,312,14952,17448932,193224465,2509179345,5331784599,391779484,59236083,7954444047656,9195446222,1209459105,53744135,0,0,0,0,1,154894,645.602799333738,100000,1541.25068,467,47711,2003,6323,100000
43,run,10000,true,uniform,READ,56036520,267975461,108143125,105086410,6990282,4301618,6698222,0,0,0,312,14952,17449256,193227393,2509303476,5333442036,391850262,59236127,7954472568860,9195607219,1209464349,53744135,1,0,0,0,0,30833,3243.278305711413,100000,304.00159,218,26191,342,474,100000
43,reference,10000,true,uniform,READ,74543,12977326,5357352,4356125,10181,12,62,0,0,0,312,14952,17449256,193227393,2509303476,5333448727,391850262,59236127,7954472568860,9195607219,1209464349,53744135,1,0,0,0,0,3928,25458.248472505093,100000,35.4336,23,21295,48,76,100000
43,clean-run,10000,true,uniform,READ,642188,5281835,2932134,2921170,292060,1,0,0,0,0,312,14953,17450010,193239176,2509480944,5334266054,391850287,59236134,7954979033955,9196241955,1209465339,53796264,1,0,0,0,0,27573,3626.7363000036266,100000,271.62123,190,26975,310,426,100000
43,avg-run,10000,true,uniform,READ,1519853,12086231,7239490,7187596,602062,16,2,0,0,0,312,14954,17451750,193256367,2509668712,5335160455,391850287,59236134,7955467793243,9196939876,1209465359,53796264,1,0,0,0,0,25895,3861.749372465727,100000,254.77315,209,32287,285,387,100000
44,extend,10000,true,uniform,EXTEND,56807629,271272271,109144731,106042941,7279603,4401640,6982568,0,0,0,312,14957,17457746,193329065,2510114133,5335478493,392031617,59245362,7957176453514,9198509470,1209722235,53796264,0,0,0,0,1,158738,629.9688795373509,100000,1580.07369,512,93887,1954,7967,100000
44,run,10000,true,uniform,READ,58643488,275157941,112424362,109302040,7279605,4401651,6982570,0,0,0,312,14957,17457746,193332046,2510225913,5337175027,392031617,59245362,7957184761786,9198650566,1209722586,53796264,1,0,0,0,0,31145,3210.7882485150103,100000,307.19382,218,25199,345,465,100000
44,reference,10000,true,uniform,READ,76402,13278126,5483046,4457416,10181,12,62,0,0,0,312,14957,17457746,193332046,2510225913,5337176910,392031617,59245362,7957184761786,9198650566,1209722586,53796264,1,0,0,0,0,4193,23849.272597185787,100000,38.11068,23,22207,49,81,100000
44,clean-run,10000,true,uniform,READ,611433,5224154,2981491,2970530,297022,1,0,0,0,0,312,14958,17458740,193336500,2510354554,5338015050,392031667,59245369,7957698514523,9199231759,1209723573,53845355,1,0,0,0,0,28036,3566.8426309031247,100000,276.39196,206,29855,312,448,100000
44,avg-run,10000,true,uniform,READ,1492070,12030431,7298654,7246763,607035,5,0,0,0,0,312,14959,17460145,193353881,2510539271,5338910210,392076225,59245478,7958197259980,9199929689,1209723593,53845355,1,0,0,0,0,26546,3767.04588261885,100000,261.40466,217,28607,293,417,100000
45,extend,10000,true,uniform,EXTEND,59288407,278332489,113441062,110273665,7573765,4501673,7271987,0,0,0,312,14962,17464461,193427391,2510888500,5339233049,392203939,59254599,7959892911613,9201362061,1209961614,53845355,0,0,0,0,1,157862,633.4646716752607,100000,1571.14268,480,58303,1938,7795,100000
45,run,10000,true,uniform,READ,61201736,282210222,116772948,113585019,7573767,4501684,7271989,0,0,0,312,14963,17465488,193432529,2511072097,5340966680,392203939,59254599,7960175288102,9201635986,1210043523,53845355,1,0,0,0,0,32049,3120.222159817779,100000,316.20667,221,29247,355,497,100000
45,reference,10000,true,uniform,READ,78261,13578926,5608740,4558707,10181,12,62,0,0,0,312,14963,17465488,193432531,2511072097,5340973293,392203939,59254599,7960175288102,9201635986,1210043523,53845355,1,0,0,0,0,3884,25746.652935118436,100000,34.86702,23,21823,48,80,100000
45,clean-run,10000,true,uniform,READ,629759,5244905,3029379,3018418,301765,8,0,0,0,0,312,14964,17466446,193436967,2511199523,5341833693,392252563,59254607,7960700075094,9202226690,1210044510,53896758,1,0,0,0,0,28574,3499.6850283474487,100000,281.78834,208,29631,319,452,100000
45,avg-run,10000,true,uniform,READ,1511957,12042356,7356088,7304197,611778,12,0,0,0,0,312,14965,17467054,193451624,2511382289,5342735159,392278594,59257461,7961208457348,9202918674,1210044527,53896758,1,0,0,0,0,26594,3760.246672181695,100000,261.74832,217,26271,292,407,100000
46,extend,10000,true,uniform,EXTEND,61865431,285410272,117803279,114570275,7872119,4601706,7565850,0,0,0,312,14969,17472358,193524964,2511745045,5343068881,392404093,59262893,7962946445423,9204357426,1210294041,53896758,0,0,0,0,1,156444,639.2063613817085,100000,1557.08988,482,39551,1941,7419,100000
46,run,10000,true,uniform,READ,63832090,289285385,121184859,117931323,7872121,4601717,7565852,0,0,0,312,14969,17472414,193529095,2511933655,5344853453,392404093,59262893,7963207868953,9204645881,1210371608,53903924,1,0,0,0,0,32499,3077.017754392443,100000,320.66058,234,33407,358,492,100000
46,reference,10000,true,uniform,READ,80120,13879726,5734434,4659998,10181,12,62,0,0,0,312,14969,17472414,193529096,2511933655,5344859029,392404093,59262893,7963207868953,9204645881,1210371608,53903924,1,0,0,0,0,3918,25523.226135783563,100000,35.27935,23,21039,48,75,100000
46,clean-run,10000,true,uniform,READ,649702,5260217,3073582,3062621,306256,1,0,0,0,0,312,14970,17473375,193533634,2512061134,5345746317,392452426,59262902,7963743652142,9205245568,1210372595,53955355,1,0,0,0,0,28917,3458.1733928139156,100000,285.14922,220,29551,320,410,100000
46,avg-run,10000,true,uniform,READ,1538179,12066054,7409258,7357367,616269,5,0,0,0,0,312,14971,17473745,193549149,2512251559,5346648792,392475672,59265575,7964262328445,9205942492,1210372611,53955355,1,0,0,0,0,26763,3736.501886933453,100000,263.49421,218,25359,294,411,100000
47,extend,10000,true,uniform,EXTEND,64504758,292508290,122228697,118930086,8174934,4701739,7864221,0,0,0,312,14975,17479319,193624035,2512620746,5346989612,392598986,59271832,7966065132069,9207392698,1210631160,53955355,0,0,0,0,1,160055,624.785230077161,100000,1592.95769,503,38463,1969,6599,100000
47,run,10000,true,uniform,READ,66512636,296384521,125659121,122339978,8174936,4701750,7864223,0,0,0,312,14975,17479319,193628201,2512815317,5348808524,392598986,59271832,7966309709746,9207684817,1210701794,53961939,1,0,0,0,0,30060,3326.67997338656,100000,296.3789,198,36223,358,489,100000
47,reference,10000,true,uniform,READ,81979,14180526,5860128,4761289,10181,12,62,0,0,0,312,14975,17479319,193628201,2512815317,5348815812,392598986,59271832,7966309709746,9207684817,1210701794,53961939,1,0,0,0,0,3867,25859.839668994053,100000,34.7332,23,23487,48,79,100000
47,clean-run,10000,true,uniform,READ,669245,5275854,3119048,3108087,310700,1,0,0,0,0,312,14976,17480251,193632815,2512950052,5349727204,392651484,59271844,7966856485119,9208293404,1210702781,54016084,1,0,0,0,0,26497,3774.0121523191306,100000,260.89663,176,25519,317,455,100000
47,avg-run,10000,true,uniform,READ,1556122,12089249,7463566,7411675,620713,5,0,0,0,0,312,14977,17480301,193649472,2513136065,5350629770,392656494,59271959,7967385204510,9208991337,1210702795,54016084,1,0,0,0,0,27538,3631.3457767448617,100000,271.17619,229,43871,301,412,100000
48,extend,10000,true,uniform,EXTEND,67212614,299641619,126716058,123351839,8482048,4801783,8166796,0,0,0,312,14981,17487086,193729569,2513514180,5350979305,392779332,59279348,7969320692186,9210468738,1210989483,54016084,0,0,0,0,1,171555,582.9034420448253,100000,1707.47296,510,43839,2016,7503,100000
48,run,10000,true,uniform,READ,69264983,303516228,130196570,126811819,8482050,4801794,8166798,0,0,0,312,14981,17487086,193734784,2513706021,5352845372,392779332,59279348,7969505260830,9210749032,1211041619,54019396,1,0,0,0,0,28544,3503.3632286995517,100000,281.32014,191,27055,312,466,100000
48,reference,10000,true,uniform,READ,83838,14481326,5985822,4862580,10181,12,62,0,0,0,312,14981,17487086,193734784,2513706021,5352850710,392779332,59279348,7969505260830,9210749032,1211041619,54019396,1,0,0,0,0,3934,25419.42043721403,100000,35.58838,23,20991,48,75,100000
48,clean-run,10000,true,uniform,READ,686678,5292888,3164553,3153592,315239,1,0,0,0,0,312,14983,17488025,193739472,2513843406,5353785043,392847197,59279358,7970063431966,9211366710,1211042674,54072517,1,0,0,0,0,25104,3983.428935627788,100000,247.04797,183,25407,277,381,100000
48,avg-run,10000,true,uniform,READ,1576121,12097572,7518210,7466319,625252,5,0,0,0,0,312,14984,17488095,193755817,2514024943,5354690106,392899290,59281717,7970602003284,9212059571,1211042715,54072517,1,0,0,0,0,27564,3627.9204759831664,100000,271.49397,230,29359,301,393,100000
49,extend,10000,true,uniform,EXTEND,69971887,306796452,131267854,127838027,8794064,4901827,8474275,0,0,0,312,14987,17494373,193836481,2514408587,5355046805,393045634,59289835,7972585471119,9213546908,1211333920,54072517,0,0,0,0,1,174794,572.1020172317128,100000,1739.87828,482,45119,2071,7559,100000
49,run,10000,true,uniform,READ,72070018,310665655,134797829,131347470,8794066,4901838,8474277,0,0,0,312,14987,17494592,193841972,2514600732,5356954809,393081729,59295327,7972754742764,9213835920,1211381404,54074954,1,0,0,0,0,28971,3451.7275896586243,100000,285.64807,200,28671,321,444,100000
49,reference,10000,true,uniform,READ,85697,14782126,6111516,4963871,10181,12,62,0,0,0,312,14987,17494592,193841974,2514600732,5356957508,393081729,59295327,7972754742764,9213835920,1211381404,54074954,1,0,0,0,0,3765,26560.42496679947,100000,33.79074,23,22447,45,76,100000
49,clean-run,10000,true,uniform,READ,707886,5306212,3209595,3198634,319776,1,0,0,0,0,312,14989,17495400,193846760,2514747726,5357917954,393081773,59295335,7973323901127,9214462682,1211382454,54130226,1,0,0,0,0,25471,3926.033528326332,100000,250.70681,191,25983,281,435,100000
49,avg-run,10000,true,uniform,READ,1701208,12354755,7572286,7520395,629789,5,0,0,0,0,312,14990,17495467,193866457,2514945610,5358925744,393134564,59297807,7973873268677,9215165375,1211382538,54130226,1,0,0,0,0,28246,3540.3242937053033,100000,278.40656,232,27647,311,426,100000
50,extend,10000,true,uniform,EXTEND,72779973,313955377,135882519,132387085,9110806,5001860,8786312,0,0,0,312,14993,17501666,193941675,2515336384,5359285758,393273681,59304220,7975881380046,9216656954,1211676707,54130226,0,0,0,0,1,165388,604.6387887875783,100000,1646.01846,519,70975,2012,7147,100000
50,run,10000,true,uniform,READ,74904291,317822687,139464323,135948357,9110808,5001871,8786314,0,0,0,312,14993,17501866,193946551,2515537592,5361214360,393309576,59308515,7976046234439,9216954854,1211722989,54132009,1,0,0,0,0,29141,3431.591228852819,100000,287.29483,205,30575,320,431,100000
50,reference,10000,true,uniform,READ,87556,15082926,6237210,5065162,10181,12,62,0,0,0,312,14993,17501866,193946552,2515537592,5361216254,393309576,59308515,7976046234439,9216954854,1211722989,54132009,1,0,0,0,0,3626,27578.599007170436,100000,32.35319,23,20143,46,79,100000
50,clean-run,10000,true,uniform,READ,726774,5317500,3256702,3245741,324481,1,0,0,0,0,312,14995,17502785,193951241,2515685088,5362199147,393309609,59308520,7976626399953,9217591039,1211724038,54187981,1,0,0,0,0,26118,3828.7770885979016,100000,257.2192,185,24351,290,427,100000
50,avg-run,10000,true,uniform,READ,1718395,12360346,7628843,7576952,634494,5,0,0,0,0,312,14996,17502861,193968064,2515880227,5363208526,393361694,59310892,7977185462878,9218288483,1211724125,54187981,1,0,0,0,0,28688,3485.7780256553265,100000,282.75945,232,32079,314,428,100000
51,extend,10000,true,uniform,EXTEND,75621744,321133147,140562851,137001810,9432376,5101893,9102911,0,0,0,312,14999,17509083,194043903,2516270733,5363570115,393499128,59315864,7979205767781,9219791835,1212020203,54187981,0,0,0,0,1,161809,618.0125950966881,100000,1610.57437,505,55615,2024,7059,100000
51,run,10000,true,uniform,READ,77773471,324993729,144198718,140617145,9432378,5101904,9102913,0,0,0,312,15000,17512983,194048894,2516478277,5365520668,393536328,59320284,7979630347643,9220098790,1212145671,54189079,1,0,0,0,0,29621,3375.9832551230547,100000,292.0005,205,27311,329,430,100000
51,reference,10000,true,uniform,READ,89415,15383726,6362904,5166453,10181,12,62,0,0,0,312,15000,17512983,194048896,2516478277,5365522525,393536328,59320284,7979630347643,9220098790,1212145671,54189079,1,0,0,0,0,4111,24324.98175626368,100000,37.32375,23,23263,48,78,100000
51,clean-run,10000,true,uniform,READ,744342,5333942,3306057,3295096,329452,1,0,0,0,0,312,15002,17513887,194053573,2516624832,5366523000,393580581,59320292,7980221501772,9220745093,1212146707,54246646,1,0,0,0,0,26363,3793.195008155369,100000,259.60061,193,25199,293,395,100000
51,avg-run,10000,true,uniform,READ,1739166,12361767,7688124,7636233,639464,5,0,0,0,0,312,15003,17513959,194067491,2516814942,5367540679,393633269,59322567,7980790068099,9221434608,1212146791,54246646,1,0,0,0,0,28736,3479.955456570156,100000,283.06728,236,33023,313,452,100000
52,extend,10000,true,uniform,EXTEND,78488182,328325318,145312600,141685952,9759308,5201926,9424706,0,0,0,312,15006,17518102,194143884,2517198643,5367901932,393774659,59330369,7982735180245,9222944732,1212418504,54246646,0,0,0,0,1,164265,608.7724104343591,100000,1635.30421,546,43039,1963,6763,100000
52,run,10000,true,uniform,READ,80649414,332183811,149005194,145358014,9759310,5201937,9424708,0,0,0,312,15006,17518332,194148271,2517418353,5369851799,393811459,59335252,7982929055444,9223268623,1212474903,54250118,1,0,0,0,0,30092,3323.142363418849,100000,296.74122,205,32895,338,480,100000
52,reference,10000,true,uniform,READ,91274,15684526,6488598,5267744,10181,12,62,0,0,0,312,15006,17518332,194148272,2517418353,5369853659,393811459,59335252,7982929055444,9223268623,1212474903,54250118,1,0,0,0,0,3881,25766.555011594948,100000,34.94094,21,20719,47,82,100000
52,clean-run,10000,true,uniform,READ,823072,5435072,3358645,3347681,334602,1,0,0,0,0,312,15008,17519223,194161357,2517637610,5370874876,393811504,59335259,7983535948629,9224001080,1212475968,54308324,1,0,0,0,0,27064,3694.9453148093407,100000,266.55438,196,27391,308,434,100000
52,avg-run,10000,true,uniform,READ,1825417,12484658,7751067,7699173,644604,16,2,0,0,0,312,15009,17519290,194180879,2517835487,5371894671,393863590,59337299,7984115281548,9224703765,1212476047,54308324,1,0,0,0,0,29084,3438.3166001925456,100000,286.69577,239,25183,318,436,100000
53,extend,10000,true,uniform,EXTEND,81548480,335719408,150136181,146443049,10091817,5301970,9751905,0,0,0,312,15012,17525770,194258197,2518333492,5372258271,394041782,59345796,7986200308148,9226409880,1212800554,54308324,0,0,0,0,1,170447,586.6926375940908,100000,1697.11598,527,77695,2071,7167,100000
53,run,10000,true,uniform,READ,83700441,339582536,153886748,150173960,10091819,5301981,9751907,0,0,0,312,15013,17525818,194262250,2518488667,5374225595,394041782,59345796,7986417142899,9226634360,1212867869,54308324,1,0,0,0,0,30691,3258.284187546838,100000,302.70436,206,30239,353,457,100000
53,reference,10000,true,uniform,READ,93133,15985326,6614292,5369035,10181,12,62,0,0,0,312,15013,17525818,194262251,2518488667,5374229320,394041782,59345796,7986417142899,9226634360,1212867869,54308324,1,0,0,0,0,3885,25740.02574002574,100000,34.91726,23,20559,48,79,100000
53,clean-run,10000,true,uniform,READ,777205,5355764,3410161,3399200,339899,1,0,0,0,0,312,15015,17526717,194267170,2518641944,5375269406,394087851,59345804,7987030474278,9227301578,1212868903,54367527,1,0,0,0,0,27495,3637.0249136206585,100000,271.03303,203,28367,319,401,100000
53,avg-run,10000,true,uniform,READ,1774558,12272637,7813137,7761246,649911,5,0,0,0,0,312,15016,17526814,194280086,2518836687,5376292945,394139036,59347910,7987618817828,9227987729,1212868973,54367527,1,0,0,0,0,29277,3415.6505106397512,100000,288.65856,240,32351,318,424,100000
54,extend,10000,true,uniform,EXTEND,84605001,343143764,155033749,151275009,10429916,5402014,10084456,0,0,0,312,15020,17535000,194358332,2519335544,5376668720,394308517,59354460,7989799836132,9229694771,1213198768,54367527,0,0,0,0,1,167232,597.9716800612323,100000,1664.40787,488,37375,2085,6927,100000
54,run,10000,true,uniform,READ,86794895,347005365,158846629,155068233,10429918,5402025,10084458,0,0,0,312,15020,17535000,194363372,2519505913,5378664890,394308517,59354460,7989992372001,9229940786,1213258542,54371406,1,0,0,0,0,31571,3167.463811725951,100000,311.60672,222,36639,365,446,100000
54,reference,10000,true,uniform,READ,94992,16286126,6739986,5470326,10181,12,62,0,0,0,312,15020,17535000,194363373,2519505913,5378671752,394308517,59354460,7989992372001,9229940786,1213258542,54371406,1,0,0,0,0,3629,27555.80049600441,100000,32.37662,23,21391,45,75,100000
54,clean-run,10000,true,uniform,READ,794714,5368310,3466996,3456035,345447,18,0,0,0,0,312,15022,17535894,194368347,2519662794,5379734906,394363408,59354472,7990617221378,9230619206,1213259633,54430195,1,0,0,0,0,28030,3567.6061362825544,100000,276.21771,202,27183,328,447,100000
54,avg-run,10000,true,uniform,READ,1798473,12295248,7881069,7829178,655460,22,0,0,0,0,312,15023,17535958,194383386,2519862212,5380760208,394415498,59356435,7991215941946,9231312120,1213259692,54430195,1,0,0,0,0,29650,3372.681281618887,100000,292.36763,238,24847,324,418,100000
55,extend,10000,true,uniform,EXTEND,87559917,350414520,160009959,156185611,10773500,5502058,10422409,0,0,0,312,15027,17543217,194461167,2520298929,5381137200,394592553,59361657,7993400150902,9232927717,1213580602,54430195,0,0,0,0,1,168521,593.3978554601504,100000,1677.46659,479,38271,2025,7447,100000
55,run,10000,true,uniform,READ,89804986,354270729,163883849,160038969,10773502,5502069,10422411,0,0,0,312,15027,17543217,194466565,2520509194,5383170148,394592553,59361657,7993639059583,9233238718,1213656047,54436648,1,0,0,0,0,32324,3093.676525182527,100000,319.08239,224,32831,380,497,100000
55,reference,10000,true,uniform,READ,96860,16586990,6866570,5571631,10181,12,62,0,0,0,312,15027,17543217,194466566,2520509194,5383171874,394592553,59361657,7993639059583,9233238718,1213656047,54436648,1,0,0,0,0,3899,25647.601949217747,100000,35.09879,23,18223,47,78,100000
55,clean-run,10000,true,uniform,READ,808665,5376495,3522562,3511601,351078,1,0,0,0,0,312,15029,17544097,194471807,2520669287,5384253742,394651285,59361666,7994274630792,9233928458,1213657072,54498728,1,0,0,0,0,28866,3464.283239797686,100000,284.55018,210,30847,342,442,100000
55,avg-run,10000,true,uniform,READ,1811217,12291620,7947897,7896006,661091,5,0,0,0,0,312,15030,17544182,194484572,2520863612,5385283285,394704071,59363570,7994882897400,9234613805,1213657131,54498728,1,0,0,0,0,30037,3329.227286346839,100000,296.12164,248,32255,326,455,100000
56,extend,10000,true,uniform,EXTEND,90579878,357704008,165063079,161173124,11122825,5602091,10766065,0,0,0,312,15034,17550174,194562157,2521288127,5385668670,394871513,59374207,7997090851406,9236219209,1213979942,54498728,0,0,0,0,1,166968,598.917157778736,100000,1661.92005,543,50015,2012,9007,100000
56,run,10000,true,uniform,READ,92874178,361554047,169000489,165090002,11122827,5602102,10766067,0,0,0,312,15034,17550174,194567232,2521511079,5387739568,394871513,59374207,7997349876661,9236551282,1214058322,54507300,1,0,0,0,0,33339,2999.4900866852636,100000,329.04702,226,34047,393,511,100000
56,reference,10000,true,uniform,READ,98715,16887794,6992264,5672922,10181,12,62,0,0,0,312,15034,17550174,194567233,2521511079,5387746668,394871513,59374207,7997349876661,9236551282,1214058322,54507300,1,0,0,0,0,3682,27159.152634437807,100000,33.07456,23,20447,47,76,100000
56,clean-run,10000,true,uniform,READ,822305,5384746,3578514,3567553,356747,1,0,0,0,0,312,15036,17551039,194572633,2521674699,5388846976,394938097,59374217,7997996857409,9237252564,1214059385,54569103,1,0,0,0,0,29725,3364.17157275021,100000,293.09478,212,31647,354,467,100000
56,avg-run,10000,true,uniform,READ,1836010,12315491,8015186,7963295,666760,5,0,0,0,0,312,15037,17551103,194589802,2521877383,5389882068,394991083,59375983,7998615871703,9237950703,1214059441,54569103,1,0,0,0,0,30383,3291.3142217687523,100000,299.60694,250,25487,332,443,100000
57,extend,10000,true,uniform,EXTEND,93826850,365206441,170198872,166242433,11478459,5702135,11115883,0,0,0,312,15041,17557907,194670391,2522404294,5390276984,395157159,59387642,8000918412090,9239714323,1214407929,54569103,0,0,0,0,1,175003,571.4187756781313,100000,1741.88208,484,59199,2099,9807,100000
57,run,10000,true,uniform,READ,96130914,369064177,174200031,170223060,11478461,5702146,11115885,0,0,0,312,15041,17557907,194674681,2522584848,5392382129,395157159,59387642,8001066756139,9239968083,1214452534,54570563,1,0,0,0,0,34296,2915.7919290879404,100000,338.63242,226,35967,406,547,100000
57,reference,10000,true,uniform,READ,100574,17188594,7117958,5774213,10181,12,62,0,0,0,312,15041,17557907,194674681,2522584848,5392385047,395157159,59387642,8001066756139,9239968083,1214452534,54570563,1,0,0,0,0,3783,26434.047052603753,100000,33.98176,23,24143,47,79,100000
57,clean-run,10000,true,uniform,READ,834858,5390922,3637453,3626492,362563,1,0,0,0,0,312,15043,17558730,194680320,2522751971,5393503427,395224218,59387647,8001725132841,9240681353,1214453630,54635076,1,0,0,0,0,30667,3260.834121368246,100000,302.56467,213,28623,364,474,100000
57,avg-run,10000,true,uniform,READ,1843070,12289122,8085738,8033847,672576,5,0,0,0,0,312,15044,17558799,194691991,2522940766,5394542581,395276703,59389348,8002352991589,9241360050,1214453685,54635076,1,0,0,0,0,30380,3291.639236339697,100000,299.64869,250,29359,329,452,100000
58,extend,10000,true,uniform,EXTEND,96932174,372555635,175414315,171392268,11839506,5802179,11471200,0,0,0,312,15048,17566242,194775823,2523381146,5394940618,395442324,59403646,8004682738099,9243023547,1214791469,54635076,0,0,0,0,1,180108,555.2224221022942,100000,1792.9646,505,54079,2073,9479,100000
58,run,10000,true,uniform,READ,99292320,376405312,179477205,175434626,11839508,5802190,11471202,0,0,0,312,15048,17566433,194780972,2523608369,5397075306,395472816,59410016,8004891716795,9243355779,1214853892,54639394,1,0,0,0,0,35927,2783.4219389317227,100000,354.89504,234,26879,425,567,100000
58,reference,10000,true,uniform,READ,102466,17489434,7244542,5875518,10181,12,62,0,0,0,312,15048,17566433,194780972,2523608369,5397079857,395472816,59410016,8004891716795,9243355779,1214853892,54639394,1,0,0,0,0,3566,28042.624789680314,100000,31.89107,23,24319,47,77,100000
58,clean-run,10000,true,uniform,READ,845688,5394000,3694599,3683638,368293,8,0,0,0,0,312,15050,17567222,194786706,2523779236,5398215168,395472860,59410022,8005560843336,9244081028,1214854920,54702709,1,0,0,0,0,32083,3116.9155004207837,100000,316.6229,224,26191,381,524,100000
58,avg-run,10000,true,uniform,READ,1856767,12290350,8154359,8102468,678306,12,0,0,0,0,312,15051,17567290,194798539,2523968174,5399254859,395527550,59411609,8006198723378,9244760053,1214854977,54702709,1,0,0,0,0,30799,3246.8586642423456,100000,303.85344,256,31807,333,453,100000
59,extend,10000,true,uniform,EXTEND,100102169,379904221,180710029,176621498,12206339,5902223,11832477,0,0,0,312,15055,17573411,194880405,2524456925,5399645475,395686500,59424325,8008594113614,9246507585,1215225642,54702709,0,0,0,0,1,176648,566.0975499298039,100000,1758.86814,506,85823,2057,9327,100000
59,run,10000,true,uniform,READ,102440849,383753911,184834905,180725842,12206341,5902234,11832479,0,0,0,312,15055,17573659,194885398,2524652867,5401754881,395724904,59430018,8008705254700,9246784323,1215265441,54702709,1,0,0,0,0,36848,2713.851498046027,100000,364.20523,237,25023,434,576,100000
59,reference,10000,true,uniform,READ,104358,17790274,7371126,5976823,10181,12,62,0,0,0,312,15055,17573659,194885398,2524652867,5401757438,395724904,59430018,8008705254700,9246784323,1215265441,54702709,1,0,0,0,0,3476,28768.699654775603,100000,30.78306,23,20031,43,76,100000
59,clean-run,10000,true,uniform,READ,858495,5386766,3749339,3738378,373849,1,0,0,0,0,312,15057,17574462,194891339,2524828965,5402903901,395724935,59430027,8009386030383,9247521360,1215266542,54766423,1,0,0,0,0,33095,3021.6044719746187,100000,326.76922,219,32895,391,537,100000
59,avg-run,10000,true,uniform,READ,2157573,11702697,9420216,9368325,783862,5,0,0,0,0,312,15058,17574510,194906439,2525088308,5404239559,395778522,59432246,8010048593209,9248423747,1215266595,54766423,1,0,0,0,0,31772,3147.4254060178773,100000,313.46459,259,29951,344,463,100000
60,extend,10000,true,uniform,EXTEND,103235358,387279404,186082295,181928157,12578288,6002256,12198806,0,0,0,312,15062,17580045,194985451,2525526394,5404628865,395952976,59443945,8012167132688,9250048918,1215559128,54766423,0,0,0,0,1,172889,578.4057979397186,100000,1721.20022,521,73983,2067,8951,100000
60,run,10000,true,uniform,READ,105656402,391144870,190270116,186094569,12578292,6002278,12198810,0,0,0,312,15062,17580045,194989959,2525746698,5406734670,395952976,59443945,8012441957197,9250453394,1215652657,54766423,1,0,0,0,0,38282,2612.1937202862964,100000,378.25889,240,27279,448,601,100000
60,reference,10000,true,uniform,READ,106217,18091074,7496820,6078114,10181,12,62,0,0,0,312,15062,17580045,194989959,2525746698,5406736534,395952976,59443945,8012441957197,9250453394,1215652657,54766423,1,0,0,0,0,3859,25913.449080072558,100000,34.76606,23,19855,46,79,100000
60,clean-run,10000,true,uniform,READ,868415,5382394,3805567,3794606,379469,1,0,0,0,0,312,15064,17580829,194995817,2525924196,5407894778,396023773,59443953,8013133430303,9251202456,1215653683,54832363,1,0,0,0,0,34474,2900.7367871439346,100000,340.53751,232,28687,404,546,100000
60,avg-run,10000,true,uniform,READ,2144189,11656576,9487684,9435793,789482,5,0,0,0,0,312,15065,17580878,195008742,2526153781,5409230464,396079363,59446197,8013804093424,9252072890,1215653736,54832363,1,0,0,0,0,31982,3126.758801826027,100000,315.74279,264,30895,347,444,100000
61,extend,10000,true,uniform,EXTEND,106467503,394691440,191534741,187314119,12955888,6102300,12570966,0,0,0,312,15069,17586927,195089018,2526644322,5409627892,396246349,59458279,8016026736630,9253821570,1215972413,54832363,0,0,0,0,1,175076,571.180515890242,100000,1743.19214,594,200319,2049,9511,100000
61,run,10000,true,uniform,READ,108869004,398540334,195782575,191541340,12955892,6102322,12570970,0,0,0,312,15069,17587134,195094376,2526873528,5411770217,396277935,59465343,8016248045921,9254175861,1216044030,54832363,1,0,0,0,0,39669,2520.8601174720816,100000,392.13851,249,28095,459,623,100000
61,reference,10000,true,uniform,READ,108109,18391914,7623404,6179419,10181,12,62,0,0,0,312,15069,17587134,195094377,2526873528,5411772082,396277935,59465343,8016248045921,9254175861,1216044030,54832363,1,0,0,0,0,4067,24588.148512417014,100000,36.63824,23,20447,49,77,100000
61,clean-run,10000,true,uniform,READ,879875,5365636,3861224,3850263,384909,1,0,0,0,0,312,15071,17587727,195100407,2527060244,5412944901,396277970,59465349,8016950711203,9254936627,1216045061,54899872,1,0,0,0,0,35484,2818.171570285199,100000,350.53056,238,27647,411,535,100000
61,avg-run,10000,true,uniform,READ,2172211,11642955,9554205,9502314,794921,5,0,0,0,0,312,15072,17587805,195113264,2527301476,5414286833,396333764,59467322,8017632061740,9255818744,1216045114,54899872,1,0,0,0,0,32367,3089.566533815306,100000,319.53752,270,32319,351,474,100000
62,extend,10000,true,uniform,EXTEND,109693439,402112280,197064206,192777020,13338681,6202344,12948464,0,0,0,312,15076,17594985,195192327,2527796539,5414695585,396489650,59478898,8020024103477,9257588737,1216401188,54899872,0,0,0,0,1,171882,581.794486915442,100000,1711.24314,514,70399,2085,9327,100000
62,run,10000,true,uniform,READ,112121887,405950173,201368762,197061044,13338683,6202355,12948466,0,0,0,312,15077,17596232,195197326,2528037218,5416882001,396526773,59485623,8020417392126,9257948871,1216521761,54901254,1,0,0,0,0,40771,2452.7237497240685,100000,403.11306,256,29535,473,650,100000
62,reference,10000,true,uniform,READ,110001,18692754,7749988,6280724,10181,12,62,0,0,0,312,15077,17596232,195197326,2528037218,5416883765,396526773,59485623,8020417392126,9257948871,1216521761,54901254,1,0,0,0,0,3830,26109.660574412534,100000,34.41745,23,19263,47,74,100000
62,clean-run,10000,true,uniform,READ,891334,5348529,3914216,3903255,390204,1,0,0,0,0,312,15079,17597001,195203548,2528220750,5418075088,396583794,59485632,8021131467900,9258720858,1216522834,54970613,1,0,0,0,0,36405,2746.875429199286,100000,359.95667,239,28287,418,576,100000
62,avg-run,10000,true,uniform,READ,2188595,11623248,9617803,9565912,800217,5,0,0,0,0,312,15080,17597066,195216023,2528465385,5419419342,396640095,59487541,8021822990615,9259606065,1216522887,54970613,1,0,0,0,0,32639,3063.819357210699,100000,322.13319,268,24815,353,464,100000
63,extend,10000,true,uniform,EXTEND,112962816,409544851,202666410,198312741,13726670,6302377,13331321,0,0,0,312,15085,17604339,195296472,2528932070,5419836560,396826338,59499169,8024340989497,9261356675,1216908354,54970613,0,0,0,0,1,175278,570.5222560732094,100000,1745.18344,557,59679,2135,9663,100000
63,run,10000,true,uniform,READ,115440757,413380535,207027163,202652962,13726672,6302388,13331323,0,0,0,312,15085,17604341,195301820,2529171791,5422070617,396826338,59499169,8024634157596,9261715195,1217002544,54978801,1,0,0,0,0,41854,2389.2578964973477,100000,413.81629,262,31839,486,638,100000
63,reference,10000,true,uniform,READ,111893,18993594,7876572,6382029,10181,12,62,0,0,0,312,15085,17604341,195301820,2529171791,5422075843,396826338,59499169,8024634157596,9261715195,1217002544,54978801,1,0,0,0,0,3830,26109.660574412534,100000,34.41528,23,19103,48,79,100000
63,clean-run,10000,true,uniform,READ,905384,5328577,3965046,3954085,395336,1,0,0,0,0,312,15087,17605056,195308033,2529358230,5423287591,396896003,59499180,8025359163542,9262497912,1217003589,55048047,1,0,0,0,0,37554,2662.832188315492,100000,371.11229,235,28079,428,594,100000
63,avg-run,10000,true,uniform,READ,2199435,11594504,9678896,9627005,805348,5,0,0,0,0,312,15088,17605122,195320257,2529598924,5424632320,396952807,59500887,8026060421020,9263378956,1217003642,55048047,1,0,0,0,0,35410,2824.060999717594,100000,349.60782,291,28543,383,522,100000
64,extend,10000,true,uniform,EXTEND,116292854,416996730,208339483,203919331,14119323,6402410,13718948,0,0,0,312,15093,17612789,195402376,2530068195,5425058145,397140135,59509906,8028626732798,9265136625,1217391821,55048047,0,0,0,0,1,177709,562.7177014107333,100000,1769.77521,570,46335,2155,9623,100000
64,run,10000,true,uniform,READ,118831885,420833319,212756250,208315565,14119327,6402432,13718952,0,0,0,312,15093,17612789,195407329,2530310128,5427335786,397140135,59509906,8028910676004,9265506887,1217481686,55048047,1,0,0,0,0,42624,2346.096096096096,100000,421.62372,263,26911,490,645,100000
64,reference,10000,true,uniform,READ,113785,19294434,8003156,6483334,10181,12,62,0,0,0,312,15093,17612789,195407330,2530310128,5427337553,397140135,59509906,8028910676004,9265506887,1217481686,55048047,1,0,0,0,0,3892,25693.730729701954,100000,34.92239,23,23967,45,73,100000
64,clean-run,10000,true,uniform,READ,916554,5291221,4015572,4004611,400362,1,0,0,0,0,312,15095,17613487,195413701,2530499061,5428565025,397211794,59509916,8029646701091,9266299886,1217482722,55118083,1,0,0,0,0,38053,2627.9136993141146,100000,376.15157,244,30479,432,587,100000
64,avg-run,10000,true,uniform,READ,2212838,11539841,9739475,9687584,810375,5,0,0,0,0,312,15096,17613540,195426067,2530735964,5429916396,397268188,59511487,8030357732225,9267177211,1217482775,55118083,1,0,0,0,0,35606,2808.515418749649,100000,351.75089,296,36255,385,539,100000
65,extend,10000,true,uniform,EXTEND,119688468,424472625,214083889,209597253,14517087,6502454,14111702,0,0,0,312,15101,17621508,195509394,2531272919,5430343776,397457833,59520787,8032917098371,9268998823,1217865206,55118083,0,0,0,0,1,181163,551.9890926955284,100000,1804.10619,573,72895,2147,9879,100000
65,run,10000,true,uniform,READ,122265281,428320323,218556423,214048378,14517091,6502476,14111706,0,0,0,312,15101,17621508,195514500,2531509723,5432623202,397457833,59520787,8033204614257,9269387452,1217957287,55118083,1,0,0,0,0,43148,2317.6045239640307,100000,426.87526,264,33247,498,654,100000
65,reference,10000,true,uniform,READ,115677,19595274,8129740,6584639,10181,12,62,0,0,0,312,15101,17621508,195514502,2531509723,5432630244,397457833,59520787,8033204614257,9269387452,1217957287,55118083,1,0,0,0,0,3377,29612.081729345573,100000,29.93772,23,18879,40,74,100000
65,clean-run,10000,true,uniform,READ,932048,5252229,4064733,4053772,405372,1,0,0,0,0,312,15103,17622218,195521180,2531700545,5433875414,397530934,59520801,8033951930489,9270190599,1217958354,55192515,1,0,0,0,0,38733,2581.777812201482,100000,383.07431,251,25519,444,613,100000
65,avg-run,10000,true,uniform,READ,2212464,11472641,9798656,9746765,815385,5,0,0,0,0,312,15104,17622268,195533252,2531920059,5435229587,397588223,59522347,8034671887455,9271049991,1217958406,55192515,1,0,0,0,0,35796,2793.6082243826127,100000,353.87949,302,29455,389,537,100000
66,extend,10000,true,uniform,EXTEND,123116854,431978669,219898638,215345518,14919990,6602498,14509684,0,0,0,312,15109,17631419,195614879,2532480616,5435654966,397781581,59530441,8037144741605,9272885196,1218314486,55192515,0,0,0,0,1,177494,563.3993261744059,100000,1767.3041,568,131455,2135,8127,100000
66,run,10000,true,uniform,READ,125694613,435829930,224425375,219850846,14919994,6602520,14509688,0,0,0,312,15109,17631421,195619667,2532717472,5437916467,397781581,59530441,8037456736322,9273300282,1218419888,55192515,1,0,0,0,0,43877,2279.0983886774393,100000,434.16364,276,30367,496,656,100000
66,reference,10000,true,uniform,READ,117569,19896114,8256324,6685944,10181,12,62,0,0,0,312,15109,17631421,195619667,2532717472,5437918387,397781581,59530441,8037456736322,9273300282,1218419888,55192515,1,0,0,0,0,4035,24783.147459727385,100000,36.33079,23,21471,49,77,100000
66,clean-run,10000,true,uniform,READ,946518,5209450,4114583,4103622,410293,1,0,0,0,0,312,15111,17632118,195626761,2532910052,5439177293,397853985,59530449,8038215847413,9274113323,1218421061,55260033,1,0,0,0,0,39445,2535.1755609075926,100000,389.98644,250,35615,448,611,100000
66,avg-run,10000,true,uniform,READ,2242216,11429536,9858333,9806442,820306,5,0,0,0,0,312,15112,17632193,195639210,2533140851,5440534820,397911782,59531797,8038946495125,9274984419,1218421114,55260033,1,0,0,0,0,36334,2752.2430781086587,100000,359.05838,299,19679,393,513,100000
67,extend,10000,true,uniform,EXTEND,126560228,439508353,225782423,221162819,15327932,6702542,14912622,0,0,0,312,15117,17639957,195720979,2533678954,5440960082,398106163,59538078,8041456799585,9276835854,1218794286,55260033,0,0,0,0,1,177232,564.2321928319942,100000,1764.35899,568,80319,2133,7527,100000
67,run,10000,true,uniform,READ,129145633,443348490,230363498,225722485,15327936,6702564,14912626,0,0,0,312,15117,17639957,195726070,2533923288,5443246360,398106163,59538078,8041742212407,9277232429,1218889762,55260033,1,0,0,0,0,44070,2269.117313365101,100000,436.24874,278,27599,507,679,100000
67,reference,10000,true,uniform,READ,119461,20196954,8382908,6787249,10181,12,62,0,0,0,312,15117,17639957,195726070,2533923288,5443250417,398106163,59538078,8041742212407,9277232429,1218889762,55260033,1,0,0,0,0,3499,28579.59416976279,100000,31.07595,23,22303,46,73,100000
67,clean-run,10000,true,uniform,READ,966870,5150935,4164742,4153781,415297,1,0,0,0,0,312,15119,17640664,195733022,2534117703,5444532526,398179853,59538088,8042513145349,9278055496,1218891042,55334057,1,0,0,0,0,39871,2508.0885856888467,100000,394.44198,262,24431,456,610,100000
67,avg-run,10000,true,uniform,READ,2222173,11347751,9918559,9866668,825310,5,0,0,0,0,312,15120,17640714,195746714,2534320228,5445889758,398237846,59539341,8043252209367,9278900036,1218891090,55334057,1,0,0,0,0,36496,2740.0263042525207,100000,360.73157,306,32735,396,533,100000
68,extend,10000,true,uniform,EXTEND,129995624,447045142,231735214,227049126,15740724,6802586,15320392,0,0,0,312,15125,17649253,195832129,2534902010,5446314555,398438319,59549078,8045637415995,9280758208,1219213872,55334057,0,0,0,0,1,183785,544.1140463041054,100000,1830.38135,557,154239,2139,9791,100000
68,run,10000,true,uniform,READ,132619888,450907077,236371833,231664336,15740728,6802608,15320396,0,0,0,312,15125,17649253,195836850,2535124322,5448565675,398438319,59549078,8046004158938,9281198397,1219340019,55334057,1,0,0,0,0,44724,2235.9359627940257,100000,442.84658,283,32175,516,682,100000
68,reference,10000,true,uniform,READ,121353,20497794,8509492,6888554,10181,12,62,0,0,0,312,15125,17649253,195836850,2535124322,5448567431,398438319,59549078,8046004158938,9281198397,1219340019,55334057,1,0,0,0,0,3819,26184.86514794449,100000,34.19349,23,25295,49,81,100000
68,clean-run,10000,true,uniform,READ,988003,5100755,4214628,4203667,420319,1,0,0,0,0,312,15127,17649973,195844118,2535319603,5449868384,398509591,59549086,8046785371049,9282031526,1219341186,55405191,1,0,0,0,0,41060,2435.4603019970773,100000,406.05059,275,33983,482,656,100000
68,avg-run,10000,true,uniform,READ,2285248,11300195,9978445,9926554,830332,5,0,0,0,0,312,15128,17650035,195856392,2535550967,5451226631,398568582,59550218,8047536022646,9282903023,1219341231,55405191,1,0,0,0,0,36661,2727.694280025095,100000,362.57925,309,31295,396,543,100000
69,extend,10000,true,uniform,EXTEND,133471551,454616268,237758759,233006187,16158606,6902630,15733256,0,0,0,312,15133,17657369,195937161,2536092098,5451646863,398768420,59556331,8049865578575,9284733826,1219653810,55405191,0,0,0,0,1,174713,572.3672537246799,100000,1739.24544,520,79871,2075,7883,100000
69,run,10000,true,uniform,READ,136081292,458466840,242450840,237676859,16158610,6902652,15733260,0,0,0,312,15133,17657383,195941736,2536333473,5453896631,398768420,59556331,8050231229009,9285176060,1219784330,55405191,1,0,0,0,0,45312,2206.9209039548023,100000,448.45808,279,32671,515,676,100000
69,reference,10000,true,uniform,READ,123278,20798674,8636966,6989873,10181,12,62,0,0,0,312,15133,17657383,195941737,2536333473,5453898494,398768420,59556331,8050231229009,9285176060,1219784330,55405191,1,0,0,0,0,4005,24968.789013732832,100000,36.07923,23,20319,49,76,100000
69,clean-run,10000,true,uniform,READ,1015458,5068552,4264268,4253307,425337,1,0,0,0,0,312,15135,17658054,195949024,2536529622,5455226998,398840548,59556339,8051022846838,9286019237,1219785404,55474982,1,0,0,0,0,36872,2712.085050987199,100000,364.46328,266,26463,425,574,100000
69,avg-run,10000,true,uniform,READ,2333725,11290402,10038120,9986229,835350,5,0,0,0,0,312,15136,17658103,195962839,2536783385,5456584327,398895335,59557352,8051784895692,9286914744,1219785444,55474982,1,0,0,0,0,36932,2707.678977580418,100000,364.97933,298,26735,401,554,100000
70,extend,10000,true,uniform,EXTEND,136953180,462201479,243852486,239033430,16581471,7002674,16150971,0,0,0,312,15141,17666128,196043958,2537261351,5457010267,399084709,59569245,8054218351145,9288735667,1220132577,55474982,0,0,0,0,1,174117,574.3264586456233,100000,1733.50051,515,35871,2125,7703,100000
70,run,10000,true,uniform,READ,139567736,466046169,248600615,243760150,16581475,7002696,16150975,0,0,0,312,15141,17666128,196048720,2537512002,5459290906,399084709,59569245,8054506902429,9289158431,1220236299,55474982,1,0,0,0,0,46024,2172.779419433339,100000,455.61163,268,37247,522,699,100000
70,reference,10000,true,uniform,READ,125146,21099538,8763550,7091178,10181,12,62,0,0,0,312,15141,17666128,196048721,2537512002,5459294811,399084709,59569245,8054506902429,9289158431,1220236299,55474982,1,0,0,0,0,3717,26903.41673392521,100000,33.24964,23,22895,47,75,100000
70,clean-run,10000,true,uniform,READ,1046837,5057263,4316381,4305420,430487,1,0,0,0,0,312,15143,17666779,196056166,2537708525,5460657764,399163134,59569256,8055311229047,9290011922,1220237602,55550550,1,0,0,0,0,42144,2372.817008352316,100000,416.88474,277,25327,482,632,100000
70,avg-run,10000,true,uniform,READ,2306505,11239012,10100578,10048687,840500,5,0,0,0,0,312,15144,17666829,196070800,2537909956,5462019338,399222433,59570119,8056080347192,9290857947,1220237635,55550550,1,0,0,0,0,35268,2835.4315526823184,100000,348.44517,299,26719,381,522,100000
71,extend,10000,true,uniform,EXTEND,140663513,470032479,250019244,245132827,17009692,7102729,16574044,0,0,0,312,15149,17673228,196155233,2538563122,5462454616,399411526,59572098,8058694219461,9292943758,1220636842,55550550,0,0,0,0,1,176880,565.3550429669833,100000,1761.24785,529,73663,2189,7359,100000
71,run,10000,true,uniform,READ,143251033,473861577,254823608,249916659,17009694,7102740,16574046,0,0,0,312,15149,17673368,196160045,2538778558,5464791289,399455534,59578142,8058845777224,9293244897,1220689105,55551377,1,0,0,0,0,46959,2129.5172384420453,100000,465.06238,303,35167,546,706,100000
71,reference,10000,true,uniform,READ,127034,21400382,8890134,7192483,10181,12,62,0,0,0,312,15149,17673368,196160045,2538778558,5464793166,399455534,59578142,8058845777224,9293244897,1220689105,55551377,1,0,0,0,0,3822,26164.311878597593,100000,34.31612,23,20863,46,75,100000
71,clean-run,10000,true,uniform,READ,1075437,5068646,4368831,4357870,435635,8,0,0,0,0,312,15151,17673868,196167487,2538975582,5466190132,399455564,59578147,8059659565971,9294108707,1220690177,55623981,1,0,0,0,0,42995,2325.851843237586,100000,425.47247,279,26559,494,668,100000
71,avg-run,10000,true,uniform,READ,2333312,11235044,10163265,10111374,845648,12,0,0,0,0,312,15152,17673935,196184300,2539187587,5467548653,399535993,59582783,8060438072102,9294944310,1220690209,55623981,1,0,0,0,0,35959,2780.9449650991405,100000,355.34181,299,36767,388,527,100000
72,extend,10000,true,uniform,EXTEND,144161853,477653463,256257815,251304914,17443299,7202773,17002341,0,0,0,312,15157,17682109,196273842,2539785671,5467981969,399662819,59593665,8063184085383,9296999475,1221112050,55623981,0,0,0,0,1,192061,520.6679127985379,100000,1912.6812,554,190335,2189,10175,100000
72,run,10000,true,uniform,READ,146742021,481472587,261121385,256147952,17443301,7202784,17002343,0,0,0,312,15158,17683712,196278826,2540023410,5470285586,399700020,59597349,8063489170734,9297339886,1221223490,55623981,1,0,0,0,0,47716,2095.7330874339846,100000,472.36129,310,34335,591,732,100000
72,reference,10000,true,uniform,READ,128926,21701222,9016718,7293788,10181,12,62,0,0,0,312,15158,17683712,196278826,2540023410,5470288936,399700020,59597349,8063489170734,9297339886,1221223490,55623981,1,0,0,0,0,3762,26581.60552897395,100000,33.72767,23,23279,47,77,100000
72,clean-run,10000,true,uniform,READ,1107396,5089179,4422409,4411448,440945,1,0,0,0,0,312,15160,17684371,196286338,2540220796,5471714823,399763650,59597357,8064314760326,9298214321,1221224657,55699347,1,0,0,0,0,43475,2300.1725129384704,100000,430.39127,268,34047,507,668,100000
72,avg-run,10000,true,uniform,READ,2367038,11260606,10227463,10175572,850957,5,0,0,0,0,312,15161,17684437,196305572,2540448457,5473075489,399847919,59598054,8065103266272,9299050251,1221224687,55699347,1,0,0,0,0,36276,2756.6435108611754,100000,358.36515,307,22671,393,523,100000
73,extend,10000,true,uniform,EXTEND,147655958,485280733,262571480,257552096,17882390,7302806,17436051,0,0,0,312,15166,17690880,196389844,2540992098,5473517235,399971945,59610390,8067728637812,9301048366,1221602399,55699347,0,0,0,0,1,180222,554.8712143911398,100000,1794.39293,584,76671,2109,9263,100000
73,run,10000,true,uniform,READ,150324741,489102114,267493947,262453154,17882394,7302828,17436055,0,0,0,312,15167,17693695,196395113,2541254751,5475888971,400001828,59617453,8068187171740,9301438906,1221761271,55699615,1,0,0,0,0,48276,2071.422653078134,100000,478.02842,320,31823,560,712,100000
73,reference,10000,true,uniform,READ,130827,22002126,9144192,7395107,10181,12,62,0,0,0,312,15167,17693695,196395114,2541254751,5475890847,400001828,59617453,8068187171740,9301438906,1221761271,55699615,1,0,0,0,0,3801,26308.86608787161,100000,34.12288,23,22415,47,80,100000
73,clean-run,10000,true,uniform,READ,1134765,5120150,4474673,4463712,446326,1,0,0,0,0,312,15169,17694285,196402703,2541452735,5477349626,400063744,59617462,8069023547854,9302324119,1221762393,55777166,1,0,0,0,0,43959,2274.8470165381377,100000,435.27994,287,28431,504,658,100000
73,avg-run,10000,true,uniform,READ,2395292,11313433,10290548,10238657,856339,5,0,0,0,0,312,15170,17694444,196422147,2541675160,5478713232,400144371,59621811,8069822481435,9303167408,1221762424,55777166,1,0,0,0,0,36526,2737.775830914965,100000,361.1705,306,33567,396,547,100000
74,extend,10000,true,uniform,EXTEND,151270044,492944385,268959945,263873200,18326648,7402861,17874900,0,0,0,312,15176,17701834,196512567,2542263008,5479157969,400308476,59630184,8072638563685,9305247210,1222197944,55777166,0,0,0,0,1,193697,516.2702571542151,100000,1929.29432,572,60095,2231,10343,100000
74,run,10000,true,uniform,READ,153946176,496759503,273941619,268834342,18326650,7402872,17874902,0,0,0,312,15176,17701834,196517651,2542510294,5481552455,400308476,59630184,8072883963072,9305606935,1222293414,55782295,1,0,0,0,0,48882,2045.7428092140256,100000,484.10826,317,33887,559,715,100000
74,reference,10000,true,uniform,READ,132715,22302970,9270776,7496412,10181,12,62,0,0,0,312,15176,17701834,196517652,2542510294,5481554322,400308476,59630184,8072883963072,9305606935,1222293414,55782295,1,0,0,0,0,3702,27012.425715829282,100000,33.10387,23,20127,47,77,100000
74,clean-run,10000,true,uniform,READ,1161919,5158968,4529283,4518322,451735,1,0,0,0,0,312,15178,17702424,196525163,2542709457,5483043902,400377280,59630191,8073731340958,9306502980,1222294517,55864225,1,0,0,0,0,44872,2228.561240862899,100000,444.3389,267,30895,515,690,100000
74,avg-run,10000,true,uniform,READ,2420941,11339530,10355894,10304003,861746,5,0,0,0,0,312,15180,17702614,196546073,2542948565,5484404955,400457916,59634517,8074539807562,9307334579,1222294589,55864225,1,0,0,0,0,37476,2668.3744262994983,100000,370.37765,318,31631,405,541,100000
75,extend,10000,true,uniform,EXTEND,154883136,500621164,275424181,270270953,18776533,7502894,18319427,0,0,0,312,15184,17708147,196633211,2543512863,5484858514,400653424,59649721,8077227766148,9309363727,1222674620,55864225,0,0,0,0,1,186532,536.1010443248343,100000,1857.69124,617,76479,2151,9719,100000
75,run,10000,true,uniform,READ,157675126,504462449,280465813,275291176,18776537,7502916,18319431,0,0,0,312,15185,17708159,196638028,2543772652,5487297932,400653424,59649721,8077611161104,9309794342,1222811589,55864225,1,0,0,0,0,49031,2039.5260141543106,100000,485.52551,340,27087,552,714,100000
75,reference,10000,true,uniform,READ,134616,22603874,9398250,7597731,10181,12,62,0,0,0,312,15185,17708159,196638028,2543772652,5487299774,400653424,59649721,8077611161104,9309794342,1222811589,55864225,1,0,0,0,0,3641,27464.982147761602,100000,32.42814,23,19631,44,72,100000
75,clean-run,10000,true,uniform,READ,1186050,5197080,4583097,4572136,457093,1,0,0,0,0,312,15187,17708698,196645831,2543973085,5488817673,400720915,59649729,8078469877065,9310701118,1222812719,55939038,1,0,0,0,0,45320,2206.531332744925,100000,448.656,314,33887,517,682,100000
75,avg-run,10000,true,uniform,READ,2449017,11381844,10420353,10368462,867093,5,0,0,0,0,312,15189,17709364,196667438,2544215389,5490183373,400802349,59653840,8079288425778,9311532344,1222812817,55939038,1,0,0,0,0,37417,2672.581981452281,100000,369.96542,316,35519,406,553,100000
76,extend,10000,true,uniform,EXTEND,158644567,508358106,281964948,276744359,19232042,7602949,18769461,0,0,0,312,15194,17717234,196757670,2544795692,5490645328,400999728,59666025,8082164858685,9313637506,1223247178,55939038,0,0,0,0,1,194948,512.9573014342286,100000,1941.61315,550,220031,2193,11111,100000
76,run,10000,true,uniform,READ,161426695,512168432,287066560,281824563,19232044,7602960,18769463,0,0,0,312,15194,17717234,196763283,2545062968,5493136465,400999728,59666025,8082419321738,9314025981,1223341415,55945213,1,0,0,0,0,49949,2002.0420829245832,100000,494.74789,351,29119,592,737,100000
76,reference,10000,true,uniform,READ,136504,22904718,9524834,7699036,10181,12,62,0,0,0,312,15194,17717234,196763283,2545062968,5493138331,400999728,59666025,8082419321738,9314025981,1223341415,55945213,1,0,0,0,0,4022,24863.25211337643,100000,36.28401,23,21343,48,81,100000
76,clean-run,10000,true,uniform,READ,1205042,5240719,4637489,4626528,462568,1,0,0,0,0,312,15196,17717730,196771383,2545266854,5494681578,401081254,59666034,8083289024576,9314943724,1223342527,56028075,1,0,0,0,0,45751,2185.744573889095,100000,452.82037,328,31455,525,698,100000
76,avg-run,10000,true,uniform,READ,2486004,11453231,10485867,10433976,872581,5,0,0,0,0,312,15198,17718589,196794484,2545539035,5496049228,401163096,59669983,8084118647138,9315792887,1223342630,56028075,1,0,0,0,0,37681,2653.857381704307,100000,372.54227,316,47647,408,548,100000
77,extend,10000,true,uniform,EXTEND,162404390,516088729,288581718,283293769,19692725,7702993,19224767,0,0,0,312,15203,17726839,196885038,2546136264,5496510061,401350450,59685726,8087088651517,9317953049,1223803655,56028075,0,0,0,0,1,193632,516.4435630474302,100000,1928.55667,583,261887,2217,9647,100000
77,run,10000,true,uniform,READ,165170007,519902062,293741524,288433043,19692727,7703004,19224769,0,0,0,312,15203,17726839,196890438,2546384342,5498982770,401350450,59685726,8087271090138,9318304786,1223877485,56029535,1,0,0,0,0,50443,1982.4356204032274,100000,499.70202,351,25999,574,743,100000
77,reference,10000,true,uniform,READ,138429,23205598,9652308,7800355,10181,12,62,0,0,0,312,15203,17726839,196890438,2546384342,5498984943,401350450,59685726,8087271090138,9318304786,1223877485,56029535,1,0,0,0,0,4285,23337.222870478414,100000,38.92011,23,21471,50,79,100000
77,clean-run,10000,true,uniform,READ,1221410,5282676,4690305,4679344,467945,1,0,0,0,0,312,15205,17727389,196898606,2546588616,5500544220,401442485,59685735,8088151930679,9319233302,1223878601,56113336,1,0,0,0,0,46671,2142.658181740267,100000,462.12157,329,38879,534,715,100000
77,avg-run,10000,true,uniform,READ,2489260,11494512,10549359,10497468,877957,5,0,0,0,0,312,15207,17727902,196918686,2546819929,5501914081,401523516,59689510,8088990879386,9320071431,1223878704,56113336,1,0,0,0,0,37885,2639.567110993797,100000,374.62857,318,27215,411,561,100000
78,extend,10000,true,uniform,EXTEND,166158392,523840729,295274184,289918795,20158668,7803037,19685308,0,0,0,312,15212,17735580,197008105,2547447555,5502370500,401706062,59714692,8091941886634,9322255214,1224342464,56113336,0,0,0,0,1,194858,513.1942234858204,100000,1940.8134,564,289279,2197,11735,100000
78,run,10000,true,uniform,READ,168917910,527649692,300492966,295117045,20158670,7803048,19685310,0,0,0,312,15212,17735580,197013227,2547685325,5504833571,401706062,59714692,8092100894178,9322589421,1224410552,56113844,1,0,0,0,0,51448,1943.7101539418443,100000,509.71825,377,35743,603,755,100000
78,reference,10000,true,uniform,READ,140354,23506478,9779782,7901674,10181,12,62,0,0,0,312,15212,17735580,197013227,2547685325,5504835363,401706062,59714692,8092100894178,9322589421,1224410552,56113844,1,0,0,0,0,4063,24612.35540241201,100000,36.58757,23,24463,49,77,100000
78,clean-run,10000,true,uniform,READ,1234782,5328046,4744864,4733903,473347,1,0,0,0,0,312,15214,17736114,197021494,2547891977,5506406988,401795697,59714700,8092993339183,9323528750,1224411732,56199780,1,0,0,0,0,47309,2113.762708998288,100000,468.58043,330,35199,582,718,100000
78,avg-run,10000,true,uniform,READ,2512213,11545005,10614775,10562884,883360,5,0,0,0,0,312,15216,17737758,197044085,2548153811,5507778605,401878540,59718349,8093842437600,9324369729,1224411834,56199780,1,0,0,0,0,38629,2588.728675347537,100000,382.09717,326,34495,419,591,100000
79,extend,10000,true,uniform,EXTEND,169887964,531604351,302040150,296618278,20629975,7903070,20151340,0,0,0,312,15221,17745540,197131095,2548734788,5508241693,402069828,59736890,8096582245186,9326456531,1224803041,56199780,0,0,0,0,1,187852,532.3339650363051,100000,1870.69715,540,222591,2209,10599,100000
79,run,10000,true,uniform,READ,172808861,535454279,307319193,301875912,20629979,7903092,20151344,0,0,0,312,15221,17745540,197136106,2548988640,5510754917,402069828,59736890,8096912096721,9326917925,1224924932,56199780,1,0,0,0,0,51813,1930.0175631598247,100000,513.40155,372,37215,608,764,100000
79,reference,10000,true,uniform,READ,142279,23807358,9907256,8002993,10181,12,62,0,0,0,312,15221,17745540,197136106,2548988640,5510756808,402069828,59736890,8096912096721,9326917925,1224924932,56199780,1,0,0,0,0,3641,27464.982147761602,100000,32.56069,23,20511,44,77,100000
79,clean-run,10000,true,uniform,READ,1246844,5370573,4798309,4787348,478622,1,0,0,0,0,312,15223,17745969,197144499,2549197631,5512346157,402149011,59736899,8097814700488,9327867818,1224925987,56284649,1,0,0,0,0,47907,2087.3776274865886,100000,474.3398,360,35519,570,714,100000
79,avg-run,10000,true,uniform,READ,2551975,13161313,11878760,11826869,988635,5,0,0,0,0,312,15225,17747345,197170276,2549477079,5513750554,402232958,59740526,8098686835695,9328903649,1224926093,56284649,1,0,0,0,0,44366,2253.9782716494615,100000,439.30895,369,32191,496,657,100000
80,extend,10000,true,uniform,EXTEND,173800339,539435696,308882134,303392902,21106726,8003114,20622615,0,0,0,312,15230,17754389,197258139,2550066128,5514230568,402419892,59759983,8101621576145,9331033999,1225360301,56284649,0,0,0,0,1,192676,519.0059997093566,100000,1919.19904,691,73343,2241,11559,100000
80,run,10000,true,uniform,READ,176780131,543281222,314220509,308709868,21106730,8003136,20622619,0,0,0,312,15231,17758436,197262680,2550312868,5516813649,402445936,59766759,8102185709226,9331480553,1225567261,56284649,1,0,0,0,0,52426,1907.450501659482,100000,519.36666,386,38495,602,760,100000
80,reference,10000,true,uniform,READ,144204,24108238,10034730,8104312,10181,12,62,0,0,0,312,15231,17758440,197262681,2550312868,5516816178,402445936,59766759,8102185709226,9331480553,1225567261,56284649,1,0,0,0,0,3750,26666.666666666668,100000,33.67681,23,21647,46,76,100000
80,clean-run,10000,true,uniform,READ,1258085,5413789,4854274,4843313,484098,18,0,0,0,0,312,15233,17758867,197271118,2550524216,5518425473,402513041,59766767,8103100018940,9332441432,1225568391,56369665,1,0,0,0,0,48558,2059.3928909757406,100000,481.03163,358,30223,570,714,100000
80,avg-run,10000,true,uniform,READ,2689825,13080393,11945635,11893744,994111,22,0,0,0,0,312,15235,17760889,197295393,2550788523,5519961775,402594580,59770285,8103982179399,9333478599,1225568477,56369665,1,0,0,0,0,44939,2225.238656845947,100000,444.70057,374,25503,492,647,100000
81,extend,10000,true,uniform,EXTEND,177780750,547285825,315800527,310243934,21588955,8103169,21099582,0,0,0,312,15240,17768926,197388160,2551394999,5520450525,402783858,59793997,8106952101480,9335610456,1225998187,56369665,0,0,0,0,1,199735,500.6633789771447,100000,1989.2148,641,70079,2231,10983,100000
81,run,10000,true,uniform,READ,180813660,551128651,321197850,315619848,21588959,8103191,21099586,0,0,0,312,15241,17769636,197392628,2551647783,5523073265,402850756,59801670,8107492221934,9336088150,1226184633,56369665,1,0,0,0,0,52379,1909.1620687680177,100000,518.98304,389,33887,598,763,100000
81,reference,10000,true,uniform,READ,146129,24409118,10162204,8205631,10181,12,62,0,0,0,312,15241,17769636,197392628,2551647783,5523075141,402850756,59801670,8107492221934,9336088150,1226184633,56369665,1,0,0,0,0,4284,23342.67040149393,100000,38.97291,24,18447,48,77,100000
81,clean-run,10000,true,uniform,READ,1259531,5463227,4904864,4893903,489360,1,0,0,0,0,312,15243,17769887,197401110,2551861734,5524690975,402850771,59801676,8108417589790,9337059548,1226185759,56455385,1,0,0,0,0,48590,2058.0366330520683,100000,481.19813,372,38591,560,708,100000
81,avg-run,10000,true,uniform,READ,2779783,13040355,12006749,11954858,999373,5,0,0,0,0,312,15245,17771092,197424487,2552124420,5526317403,402931614,59805200,8109309729827,9338096839,1226185837,56455385,1,0,0,0,0,43951,2275.2610862096426,100000,435.09645,370,28351,483,651,100000
82,extend,10000,true,uniform,EXTEND,181830046,555162984,322792974,317169020,22076109,8203224,21581456,0,0,0,312,15251,17778343,197519217,2552754246,5526811744,403145656,59833311,8112317069485,9340253263,1226626146,56455385,0,0,0,0,1,207211,482.59986197643946,100000,2064.34361,579,108159,2285,12847,100000
82,run,10000,true,uniform,READ,184916219,559006452,328247381,322602018,22076113,8203246,21581460,0,0,0,312,15251,17778407,197524222,2553003184,5529473687,403145656,59833311,8112801723120,9340740579,1226800128,56455385,1,0,0,0,0,52977,1887.6116050361477,100000,525.05854,381,27071,605,757,100000
82,reference,10000,true,uniform,READ,148054,24709998,10289678,8306950,10181,12,62,0,0,0,312,15251,17778407,197524222,2553003184,5529475550,403145656,59833311,8112801723120,9340740579,1226800128,56455385,1,0,0,0,0,4153,24078.979051288225,100000,37.73168,23,21135,48,78,100000
82,clean-run,10000,true,uniform,READ,1268434,5505590,4959363,4948402,494640,1,0,0,0,0,312,15253,17778797,197532756,2553219579,5531105400,403219459,59833319,8113738014698,9341722552,1226801230,56544488,1,0,0,0,0,48989,2041.2745718426586,100000,485.28414,379,32991,574,736,100000
82,avg-run,10000,true,uniform,READ,2811367,13055517,12071808,12019917,1004653,5,0,0,0,0,312,15255,17781834,197556452,2553490256,5532755871,403301201,59836651,8114640077663,9342758284,1226801307,56544488,1,0,0,0,0,44297,2257.489220488972,100000,438.34724,371,22287,490,648,100000
83,extend,10000,true,uniform,EXTEND,185937372,563055759,329858701,324167386,22568603,8303279,22068803,0,0,0,312,15261,17790594,197652129,2554134419,5533255150,403517146,59863993,8117670887325,9344922558,1227241810,56544488,0,0,0,0,1,210570,474.9014579474759,100000,2097.19189,626,180735,2279,12727,100000
83,run,10000,true,uniform,READ,189080424,566904860,335369412,329656688,22568607,8303301,22068807,0,0,0,312,15261,17790601,197656924,2554375381,5535944453,403517146,59863993,8118163584328,9345426395,1227417346,56544488,1,0,0,0,0,54458,1836.2774982555363,100000,539.44365,402,34879,613,782,100000
83,reference,10000,true,uniform,READ,149979,25010878,10417152,8408269,10181,12,62,0,0,0,312,15261,17790601,197656925,2554375381,5535946332,403517146,59863993,8118163584328,9345426395,1227417346,56544488,1,0,0,0,0,4198,23820.867079561696,100000,38.02748,23,20191,48,75,100000
83,clean-run,10000,true,uniform,READ,1264279,5554852,5009473,4998512,499787,1,0,0,0,0,312,15263,17790969,197667974,2554613233,5537574250,403596344,59864000,8119111141510,9346418677,1227418471,56633274,1,0,0,0,0,49238,2030.9517039684797,100000,487.81996,385,27519,603,724,100000
83,avg-run,10000,true,uniform,READ,2971374,13221775,12133406,12080638,1009802,16,2,0,0,0,312,15265,17792016,197695719,2554924039,5539265966,403679079,59867326,8120031534676,9347594904,1227418555,56633274,1,0,0,0,0,45035,2220.4951704230043,100000,445.97356,372,31087,497,659,100000
84,extend,10000,true,uniform,EXTEND,190105521,570973328,336995306,331236631,23065996,8403323,22560972,0,0,0,312,15271,17800434,197785837,2555550293,5539767913,403891391,59881590,8123060924952,9349668594,1227858317,56633274,0,0,0,0,1,193817,515.9506132073038,100000,1930.19401,601,39615,2297,10967,100000
84,run,10000,true,uniform,READ,193269948,574816650,342563186,336783102,23066000,8403345,22560976,0,0,0,312,15271,17800435,197790710,2555800936,5542478469,403891391,59881590,8123536562335,9350177581,1228029775,56633274,1,0,0,0,0,54574,1832.3743907355151,100000,540.95914,398,27535,643,806,100000
84,reference,10000,true,uniform,READ,151904,25311758,10544626,8509588,10181,12,62,0,0,0,312,15271,17800435,197790712,2555800936,5542481334,403891391,59881590,8123536562335,9350177581,1228029775,56633274,1,0,0,0,0,3688,27114.967462039047,100000,32.95659,23,18559,46,78,100000
84,clean-run,10000,true,uniform,READ,1266097,5595578,5062262,5051301,505011,1,0,0,0,0,312,15273,17800730,197799862,2556021954,5544114290,403978425,59881598,8124494966395,9351180336,1228030869,56722701,1,0,0,0,0,49981,2000.7602889097857,100000,495.06153,382,27391,611,745,100000
84,avg-run,10000,true,uniform,READ,2960314,13205287,12196608,12143840,1015026,16,2,0,0,0,312,15275,17802946,197827350,2556325610,5545822446,404062166,59884883,8125423432440,9352324829,1228030945,56722701,1,0,0,0,0,45533,2196.2093426745437,100000,450.63593,377,21423,509,688,100000
85,extend,10000,true,uniform,EXTEND,194283700,578905289,344205854,338379819,23569148,8503367,23058916,0,0,0,312,15280,17810314,197910775,2556903891,5546323096,404266737,59904264,8128386444243,9354379303,1228441701,56722701,0,0,0,0,1,181825,549.9793757734085,100000,1811.03231,573,110463,2149,10743,100000
85,run,10000,true,uniform,READ,197414242,582727320,349832035,343984591,23569152,8503389,23058920,0,0,0,312,15281,17810330,197915927,2557203978,5549024066,404266737,59904264,8128864556764,9354907503,1228624528,56722701,1,0,0,0,0,54787,1825.2505156332707,100000,542.90443,403,30239,650,777,100000
85,reference,10000,true,uniform,READ,153829,25612638,10672100,8610907,10181,12,62,0,0,0,312,15281,17810330,197915928,2557203978,5549026622,404266737,59904264,8128864556764,9354907503,1228624528,56722701,1,0,0,0,0,4262,23463.16283435007,100000,38.74526,23,19439,48,79,100000
85,clean-run,10000,true,uniform,READ,1270262,5631671,5113599,5102638,510219,1,0,0,0,0,312,15283,17810641,197925245,2557427510,5550664125,404342835,59904273,8129834179940,9355920677,1228625637,56813055,1,0,0,0,0,50549,1978.2785020475183,100000,500.92443,392,36191,639,750,100000
85,avg-run,10000,true,uniform,READ,2977345,13245385,12258371,12205603,1020234,16,2,0,0,0,312,15285,17813268,197953139,2557736120,5552379618,404426974,59907347,8130773000987,9357070862,1228625714,56813055,1,0,0,0,0,45925,2177.4632553075667,100000,454.72614,383,30895,510,693,100000
86,extend,10000,true,uniform,EXTEND,198431219,586835974,351489511,345596116,24077067,8603411,23561660,0,0,0,312,15291,17820983,198045541,2558374384,5552878999,404648645,59929087,8133626337593,9359129650,1229005428,56813055,0,0,0,0,1,204306,489.4618856029681,100000,2034.99945,573,87679,2307,12303,100000
86,run,10000,true,uniform,READ,201655264,590705614,357172157,351257353,24077071,8603433,23561664,0,0,0,312,15291,17821006,198049817,2558617156,5555580151,404648645,59929087,8134206474286,9359691312,1229228757,56813055,1,0,0,0,0,55225,1810.7741059302853,100000,547.52057,408,34431,653,804,100000
86,reference,10000,true,uniform,READ,155754,25913518,10799574,8712226,10181,12,62,0,0,0,312,15291,17821006,198049819,2558617156,5555582011,404648645,59929087,8134206474286,9359691312,1229228757,56813055,1,0,0,0,0,3692,27085.590465872156,100000,33.04485,23,18431,44,76,100000
86,clean-run,10000,true,uniform,READ,1278496,5659077,5164477,5153516,515394,1,0,0,0,0,312,15293,17821314,198059321,2558843430,5557229897,404729029,59929094,8135187030557,9360714858,1229229846,56904923,1,0,0,0,0,50911,1964.2120563336018,100000,504.47378,400,26303,589,764,100000
86,avg-run,10000,true,uniform,READ,3005089,13255684,12319623,12266855,1025409,16,2,0,0,0,312,15295,17824715,198087999,2559169955,5558957454,404813270,59932166,8136136521864,9361876462,1229229924,56904923,1,0,0,0,0,46213,2163.893276783589,100000,457.56714,385,29711,509,695,100000
87,extend,10000,true,uniform,EXTEND,202727581,594849791,358846174,352884542,24589931,8703466,24069498,0,0,0,312,15301,17833347,198180926,2559777336,5559465699,405031675,59948703,8139329506100,9364062696,1229716387,56904923,0,0,0,0,1,200440,498.9024146876871,100000,1996.49903,663,302591,2323,10767,100000
87,run,10000,true,uniform,READ,205864369,598660323,364584625,358601584,24589935,8703488,24069502,0,0,0,312,15301,17833347,198185823,2560060714,5562233996,405031675,59948703,8139612552901,9364504802,1229823803,56904923,1,0,0,0,0,56075,1783.3259028087382,100000,555.87021,408,31615,650,796,100000
87,reference,10000,true,uniform,READ,157688,26214462,10927938,8813559,10181,12,62,0,0,0,312,15301,17833347,198185823,2560060714,5562236535,405031675,59948703,8139612552901,9364504802,1229823803,56904923,1,0,0,0,0,3748,26680.896478121664,100000,33.61813,21,22943,45,82,100000
87,clean-run,10000,true,uniform,READ,1285485,5685947,5216071,5205110,520420,1,0,0,0,0,312,15303,17833633,198197425,2560304724,5563899131,405121892,59948712,8140604603924,9365538406,1229824950,56997462,1,0,0,0,0,51472,1942.8038545228474,100000,510.00081,397,29247,631,755,100000
87,avg-run,10000,true,uniform,READ,3028393,13305080,12381269,12328501,1030435,16,2,0,0,0,312,15305,17836927,198226621,2560631036,5565627819,405205744,59951585,8141565094504,9366717312,1229825024,56997462,1,0,0,0,0,46872,2133.4698754053593,100000,464.29378,382,31247,549,708,100000
88,extend,10000,true,uniform,EXTEND,206943526,602826729,366273097,360244105,25108306,8803510,24582639,0,0,0,312,15311,17845448,198315393,2561272073,5566150714,405407062,59970543,8144863054816,9368901017,1230313083,56997462,0,0,0,0,1,190388,525.2431875958569,100000,1896.08953,614,228991,2291,10311,100000
88,run,10000,true,uniform,READ,210181864,606645976,372068956,366018555,25108310,8803532,24582643,0,0,0,312,15312,17848761,198320042,2561549408,5568981071,405429433,59977773,8145450667912,9369377817,1230531970,56997462,1,0,0,0,0,56638,1765.5990677636921,100000,561.57145,416,37887,687,817,100000
88,reference,10000,true,uniform,READ,159609,26515346,11055412,8914878,10181,12,62,0,0,0,312,15312,17848761,198320042,2561549408,5568982932,405429433,59977773,8145450667912,9369377817,1230531970,56997462,1,0,0,0,0,3594,27824.15136338342,100000,32.06802,23,26671,44,76,100000
88,clean-run,10000,true,uniform,READ,1297024,5706992,5268849,5257888,525654,1,0,0,0,0,312,15314,17848983,198331762,2561796673,5570664698,405498640,59977781,8146453507137,9370421904,1230533077,57090789,1,0,0,0,0,52158,1917.2514283523142,100000,516.73001,401,33439,604,762,100000
88,avg-run,10000,true,uniform,READ,3043536,13327943,12444515,12391747,1035669,16,2,0,0,0,312,15316,17851956,198361235,2562123348,5572397516,405583589,59980589,8147424054379,9371601638,1230533152,57090789,1,0,0,0,0,47246,2116.581297887652,100000,467.69002,383,30815,595,721,100000
89,extend,10000,true,uniform,EXTEND,211251110,610830260,373772515,367676163,25631519,8903554,25100707,0,0,0,312,15322,17861142,198451675,2562777922,5572923230,405785908,60004576,8150602245044,9373757414,1230976055,57090789,0,0,0,0,1,193965,515.5569303740366,100000,1931.98722,599,137983,2297,10879,100000
89,run,10000,true,uniform,READ,214559418,614669110,379625167,373507406,25631523,8903576,25100711,0,0,0,312,15323,17866100,198455723,2563043745,5575746664,405811003,60014280,8151264942991,9374296899,1231225063,57090789,1,0,0,0,0,56791,1760.84238699794,100000,563.16873,430,36127,685,817,100000
89,reference,10000,true,uniform,READ,161534,26816226,11182886,9016197,10181,12,62,0,0,0,312,15323,17866100,198455724,2563043745,5575748537,405811003,60014280,8151264942991,9374296899,1231225063,57090789,1,0,0,0,0,3814,26219.192448872574,100000,34.24931,23,20287,48,75,100000
89,clean-run,10000,true,uniform,READ,1312208,5719599,5319639,5308678,530799,1,0,0,0,0,312,15325,17866299,198465540,2563277959,5577445429,405879331,60014288,8152279026446,9375351290,1231226191,57184448,1,0,0,0,0,52461,1906.1779226473,100000,519.95402,405,30751,599,753,100000
89,avg-run,10000,true,uniform,READ,3091124,13224875,12505595,12452827,1040814,16,2,0,0,0,312,15327,17869023,198495887,2563641084,5579227311,405964173,60017441,8153259174225,9376525306,1231226260,57184448,1,0,0,0,0,47676,2097.491400285259,100000,472.23749,397,34815,567,711,100000
90,extend,10000,true,uniform,EXTEND,215668353,618886447,381345523,375180934,26160056,9003609,25624032,0,0,0,312,15333,17877641,198590395,2564284305,5579757764,406178867,60032226,8156593630786,9378757975,1231729150,57184448,0,0,0,0,1,202463,493.9174071311795,100000,2016.59675,619,264959,2319,10255,100000
90,run,10000,true,uniform,READ,218952299,622695397,387256385,381070387,26160060,9003631,25624036,0,0,0,312,15334,17878870,198595391,2564570326,5582642882,406267489,60040560,8157115933220,9379235123,1231908421,57184448,1,0,0,0,0,57595,1736.2618282837052,100000,571.01165,432,37183,681,820,100000
90,reference,10000,true,uniform,READ,163492,27117146,11311250,9117530,10181,12,62,0,0,0,312,15334,17878870,198595391,2564570326,5582645833,406267489,60040560,8157115933220,9379235123,1231908421,57184448,1,0,0,0,0,3638,27487.63056624519,100000,32.44416,23,19695,47,78,100000
90,clean-run,10000,true,uniform,READ,1327766,5731626,5371601,5360640,536011,1,0,0,0,0,312,15336,17878978,198606560,2564819513,5584365228,406267496,60040564,8158140626777,9380299951,1231909483,57280501,1,0,0,0,0,52435,1907.1231047964145,100000,519.84708,415,34367,609,766,100000
90,avg-run,10000,true,uniform,READ,3123581,13251128,12567982,12515214,1046026,16,2,0,0,0,312,15338,17880670,198636724,2565184455,5586151434,406352436,60043709,8159131599373,9381488025,1231909550,57280501,1,0,0,0,0,47879,2088.5983416529166,100000,474.32467,400,36127,560,711,100000
91,extend,10000,true,uniform,EXTEND,220039012,626928441,388991415,382759466,26693907,9103653,26152657,0,0,0,312,15344,17888811,198728056,2565864572,5586688518,406552319,60066505,8162377216449,9383674818,1232360444,57280501,0,0,0,0,1,203569,491.2339305100482,100000,2027.64684,682,260991,2345,12415,100000
91,run,10000,true,uniform,READ,223437102,630768897,394958979,388705621,26693911,9103675,26152661,0,0,0,312,15345,17888947,198732803,2566136061,5589569492,406618120,60074515,8163008793375,9384242239,1232594824,57280501,1,0,0,0,0,58063,1722.2671925322495,100000,575.8585,445,28671,705,861,100000
91,reference,10000,true,uniform,READ,165417,27418026,11438724,9218849,10181,12,62,0,0,0,312,15345,17888947,198732803,2566136061,5589571356,406618120,60074515,8163008793375,9384242239,1232594824,57280501,1,0,0,0,0,4032,24801.5873015873,100000,36.3569,23,19871,48,79,100000
91,clean-run,10000,true,uniform,READ,1342501,5741999,5423526,5412565,541237,1,0,0,0,0,312,15347,17889061,198743893,2566383541,5591307131,406627754,60082017,8164045302152,9385317536,1232595986,57375991,1,0,0,0,0,53090,1883.5938971557732,100000,526.02623,398,33791,609,765,100000
91,avg-run,10000,true,uniform,READ,3138155,13262625,12630358,12577590,1051252,16,2,0,0,0,312,15349,17891570,198775070,2566750606,5593092582,406645794,60084860,8165046208500,9386504765,1232596053,57375991,1,0,0,0,0,48135,2077.490391606939,100000,476.86904,400,32543,549,700,100000
92,extend,10000,true,uniform,EXTEND,224559863,635032879,396710361,390410175,27232719,9203708,26686276,0,0,0,312,15356,17901376,198872725,2567431499,5593631117,406884985,60106118,8168386692630,9388759267,1233091643,57375991,0,0,0,0,1,211247,473.3795036142525,100000,2104.06195,613,393215,2373,11383,100000
92,run,10000,true,uniform,READ,227951840,638864141,402734233,396412638,27232723,9203730,26686280,0,0,0,312,15356,17901433,198877520,2567696399,5596558523,406884985,60106118,8168875999756,9389271389,1233272550,57375991,1,0,0,0,0,58846,1699.350847976073,100000,583.61436,436,31151,695,822,100000
92,reference,10000,true,uniform,READ,167375,27718946,11567088,9320182,10181,12,62,0,0,0,312,15356,17901433,198877520,2567696399,5596560396,406884985,60106118,8168875999756,9389271389,1233272550,57375991,1,0,0,0,0,3944,25354.96957403651,100000,35.44189,23,23439,49,80,100000
92,clean-run,10000,true,uniform,READ,1366388,5742364,5475557,5464596,546430,1,0,0,0,0,312,15358,17901568,198888827,2567946802,5598324744,406981026,60113252,8169922708169,9390357089,1233273589,57472232,1,0,0,0,0,54104,1848.2921780275026,100000,536.23645,413,32575,624,782,100000
92,avg-run,10000,true,uniform,READ,3166271,13260194,12692776,12640008,1056445,16,2,0,0,0,312,15360,17904048,198918381,2568315037,5600116113,406998872,60116078,8170933589480,9391543801,1233273658,57472232,1,0,0,0,0,48643,2055.7942561108484,100000,481.76304,403,29039,562,711,100000
93,extend,10000,true,uniform,EXTEND,229019957,643133395,404499848,398132302,27776579,9303752,27224984,0,0,0,312,15366,17913058,199010742,2569024043,5600650155,407195479,60146166,8174060275672,9393710820,1233691167,57472232,0,0,0,0,1,203868,490.5134694998725,100000,2030.83486,580,183679,2341,12175,100000
93,run,10000,true,uniform,READ,232489306,647019210,410581814,404191983,27776583,9303774,27224988,0,0,0,312,15367,17914021,199014907,2569289477,5603517877,407275401,60154962,8174763771063,9394322988,1233966643,57472232,1,0,0,0,0,58953,1696.2665173952132,100000,584.53101,453,36447,666,841,100000
93,reference,10000,true,uniform,READ,169309,28019890,11695452,9421515,10181,12,62,0,0,0,312,15367,17914021,199014907,2569289477,5603519753,407275401,60154962,8174763771063,9394322988,1233966643,57472232,1,0,0,0,0,3406,29359.953024075163,100000,30.19461,23,18959,42,74,100000
93,clean-run,10000,true,uniform,READ,1386785,5743829,5528046,5517085,551582,1,0,0,0,0,312,15369,17914134,199030072,2569572075,5605301989,407285133,60163214,8175821897911,9395419003,1233967730,57572081,1,0,0,0,0,53104,1883.0973184694185,100000,526.50374,420,27487,641,787,100000
93,avg-run,10000,true,uniform,READ,3218904,13297488,12755569,12702801,1061597,16,2,0,0,0,312,15371,17915732,199060950,2569940161,5607094727,407303074,60165894,8176844708710,9396638696,1233967798,57572081,1,0,0,0,0,49034,2039.401231798344,100000,485.7036,408,30175,551,715,100000
94,extend,10000,true,uniform,EXTEND,233597338,651312260,412363408,405927626,28325853,9403796,27769105,0,0,0,312,15377,17924042,199150142,2570616798,5607627316,407506315,60191020,8180028205120,9398876608,1234420206,57572081,0,0,0,0,1,196250,509.5541401273885,100000,1954.79241,585,296191,2325,10959,100000
94,run,10000,true,uniform,READ,237004009,655153094,418501272,412044081,28325857,9403818,27769109,0,0,0,312,15378,17924606,199154578,2570887996,5610519166,407564632,60204901,8180623767586,9399432189,1234646254,57572081,1,0,0,0,0,59617,1677.3739034168107,100000,591.29625,450,36191,699,837,100000
94,reference,10000,true,uniform,READ,171230,28320774,11822926,9522834,10181,12,62,0,0,0,312,15378,17924606,199154578,2570887996,5610524874,407564632,60204901,8180623767586,9399432189,1234646254,57572081,1,0,0,0,0,3693,27078.256160303277,100000,33.02208,23,19903,44,76,100000
94,clean-run,10000,true,uniform,READ,1399867,5752053,5579013,5568052,556735,1,0,0,0,0,312,15380,17924714,199166028,2571145337,5612325092,407574267,60213138,8181692710680,9400538524,1234647305,57672044,1,0,0,0,0,53506,1868.9492767166298,100000,530.34596,421,31711,632,787,100000
94,avg-run,10000,true,uniform,READ,3209598,13269178,12816841,12764073,1066750,16,2,0,0,0,312,15382,17925528,199196750,2571516269,5614120366,407592105,60215768,8182723709863,9401727685,1234647370,57672044,1,0,0,0,0,49230,2031.2817387771684,100000,487.59469,397,32447,608,722,100000
95,extend,10000,true,uniform,EXTEND,238151088,659487050,420300128,413796109,28880750,9503851,28318712,0,0,0,312,15389,17936335,199292718,2572211634,5614670458,407817876,60248508,8186173259095,9404033587,1235157875,57672044,0,0,0,0,1,209028,478.40480701150085,100000,2082.02664,663,316415,2373,11839,100000
95,run,10000,true,uniform,READ,241605512,663316110,426496904,419971476,28880754,9503873,28318716,0,0,0,312,15389,17936335,199297687,2572485402,5617647231,407817876,60248508,8186583938840,9404549284,1235308841,57672044,1,0,0,0,0,60181,1661.654010401954,100000,597.00924,453,38207,708,859,100000
95,reference,10000,true,uniform,READ,173188,28621694,11951290,9624167,10181,12,62,0,0,0,312,15389,17936335,199297687,2572485402,5617649098,407817876,60248508,8186583938840,9404549284,1235308841,57672044,1,0,0,0,0,3889,25713.551041398816,100000,34.99518,23,18671,48,77,100000
95,clean-run,10000,true,uniform,READ,1415016,5757955,5631770,5620809,562025,1,0,0,0,0,312,15391,17936455,199309363,2572745463,5619472700,407916171,60256860,8187663971934,9405666216,1235309890,57772530,1,0,0,0,0,50760,1970.0551615445233,100000,503.04366,404,30847,612,761,100000
95,avg-run,10000,true,uniform,READ,3223340,13267969,12880178,12827410,1072040,16,2,0,0,0,312,15393,17936987,199340744,2573111455,5621272832,407933902,60259402,8188704639239,9406850066,1235309954,57772530,1,0,0,0,0,49763,2009.5251492072423,100000,492.99078,414,26863,581,722,100000
96,extend,10000,true,uniform,EXTEND,242763660,667661551,428310751,421738495,29440323,9603906,28873191,0,0,0,312,15400,17948276,199436060,2573809241,5621813696,408159109,60291258,8192232598400,9409263985,1235851072,57772530,0,0,0,0,1,208841,478.83317930866065,100000,2080.2366,629,256639,2361,11759,100000
96,run,10000,true,uniform,READ,246054097,671445485,434561808,427968143,29440325,9603917,28873193,0,0,0,312,15400,17948276,199440844,2574104794,5624732449,408159109,60291258,8192465535136,9409684189,1235956550,57775130,1,0,0,0,0,60550,1651.5276630883568,100000,600.51726,464,34751,696,850,100000
96,reference,10000,true,uniform,READ,175146,28922614,12079654,9725500,10181,12,62,0,0,0,312,15400,17948276,199440844,2574104794,5624734315,408159109,60291258,8192465535136,9409684189,1235956550,57775130,1,0,0,0,0,4329,23100.0231000231,100000,39.39285,24,22863,49,77,100000
96,clean-run,10000,true,uniform,READ,1423173,5769883,5682861,5671900,567119,1,0,0,0,0,312,15403,17948387,199451882,2574361011,5626563164,408260695,60300085,8193556544125,9410811322,1235957584,57875770,1,0,0,0,0,44649,2239.691818405787,100000,442.04176,354,36287,486,691,100000
96,avg-run,10000,true,uniform,READ,3220215,13260335,12941434,12888666,1077134,16,2,0,0,0,312,15405,17949332,199483057,2574718472,5628367886,408278427,60302738,8194606241436,9411978723,1235957649,57875770,1,0,0,0,0,49509,2019.8347775151992,100000,490.7472,419,38719,592,721,100000
97,extend,10000,true,uniform,EXTEND,247184936,675808546,436389901,429750285,30005125,9703939,29432791,0,0,0,312,15412,17958377,199575569,2575415843,5628906410,408501484,60339708,8197811060998,9414253999,1236402375,57875770,0,0,0,0,1,205323,487.0374970168953,100000,2045.38202,634,290559,2325,13135,100000
97,run,10000,true,uniform,READ,250690109,679665069,442699082,436038057,30005129,9703961,29432795,0,0,0,312,15412,17958405,199580370,2575684456,5631843308,408501484,60339708,8198373103469,9414841630,1236630345,57875770,1,0,0,0,0,61009,1639.1024275106952,100000,605.13084,465,35295,692,864,100000
97,reference,10000,true,uniform,READ,177071,29223494,12207128,9826819,10181,12,62,0,0,0,312,15412,17958405,199580370,2575684456,5631847655,408501484,60339708,8198373103469,9414841630,1236630345,57875770,1,0,0,0,0,3996,25025.025025025025,100000,36.10113,23,23311,47,76,100000
97,clean-run,10000,true,uniform,READ,1433740,5780723,5736099,5725138,572321,8,0,0,0,0,312,15415,17958519,199595393,2575981803,5633688086,408597114,60348578,8199475618777,9415979194,1236631439,57977486,1,0,0,0,0,49466,2021.5905874742248,100000,490.19169,391,29775,583,745,100000
97,avg-run,10000,true,uniform,READ,3283491,13325295,13005100,12952332,1082336,23,2,0,0,0,312,15417,17958855,199627073,2576346991,5635500499,408638373,60352951,8200538412251,9417198821,1236631507,57977486,1,0,0,0,0,50339,1986.531317666223,100000,499.03997,425,28959,616,733,100000
98,extend,10000,true,uniform,EXTEND,251853907,684048941,444543325,437835473,30574968,9803983,29997422,0,0,0,312,15424,17968886,199712375,2577016423,5636054568,408779924,60375908,8204012501743,9419544122,1237140207,57977486,0,0,0,0,1,184019,543.4221466261636,100000,1832.91892,658,135935,2119,11375,100000
98,run,10000,true,uniform,READ,255304850,687846326,450910117,444180856,30574972,9804005,29997426,0,0,0,312,15424,17968886,199717634,2577339265,5639075604,408779924,60375908,8204343843395,9420057751,1237272181,57977486,1,0,0,0,0,61590,1623.640201331385,100000,610.4771,472,27647,688,858,100000
98,reference,10000,true,uniform,READ,179025,29524418,12335492,9928152,10181,12,62,0,0,0,312,15424,17968886,199717634,2577339265,5639077472,408779924,60375908,8204343843395,9420057751,1237272181,57977486,1,0,0,0,0,3672,27233.115468409585,100000,32.83506,23,20463,45,75,100000
98,clean-run,10000,true,uniform,READ,1436044,5799090,5786764,5775803,577533,1,0,0,0,0,312,15427,17968965,199737491,2577668389,5640932744,408878713,60384687,8205457627059,9421205744,1237273304,58079740,1,0,0,0,0,55495,1801.9641409135959,100000,550.21877,442,32591,675,811,100000
98,avg-run,10000,true,uniform,READ,3312666,13367337,13067051,13013407,1087548,16,2,0,0,0,312,15429,17969036,199764596,2578032781,5642745297,408905567,60385010,8206531843815,9422449530,1237273370,58079740,1,0,0,0,0,50506,1979.962776699798,100000,500.57021,426,34591,594,731,100000
99,extend,10000,true,uniform,EXTEND,256495362,692255414,452770350,445994261,31149950,9904038,30567340,0,0,0,312,15436,17978520,199857874,2578759856,5643288164,409053084,60420576,8210112721987,9424937134,1237827974,58079740,0,0,0,0,1,207624,481.6398874889223,100000,2068.0317,609,288511,2373,13439,100000
99,run,10000,true,uniform,READ,259821554,696030276,459191563,452394066,31149952,9904049,30567342,0,0,0,312,15436,17978520,199862802,2579048289,5646231594,409053084,60420576,8210306267907,9425343314,1237921415,58080174,1,0,0,0,0,61644,1622.217896307832,100000,611.48918,462,38975,731,878,100000
99,reference,10000,true,uniform,READ,180959,29825362,12463856,10029485,10181,12,62,0,0,0,312,15436,17978520,199862802,2579048289,5646234651,409053084,60420576,8210306267907,9425343314,1237921415,58080174,1,0,0,0,0,3778,26469.031233456855,100000,33.8335,23,20959,45,74,100000
99,clean-run,10000,true,uniform,READ,1445416,5810970,5837712,5826751,582597,1,0,0,0,0,312,15439,17978609,199877532,2579337216,5648090854,409156914,60430042,8211430891389,9426501447,1237922502,58183058,1,0,0,0,0,45960,2175.805047867711,100000,455.41258,365,32271,533,746,100000
99,avg-run,10000,true,uniform,READ,3576307,13352788,14327264,14274496,1192612,16,2,0,0,0,312,15441,17979106,199911337,2579776615,5650200906,409193589,60435075,8212527454241,9427929800,1237922567,58183058,1,0,0,0,0,51513,1941.2575466387125,100000,510.53935,434,31839,632,752,100000
100,extend,10000,true,uniform,EXTEND,260971795,700456865,461066026,454222578,31730113,10004071,31142386,0,0,0,312,15448,17987667,200006226,2580490480,5650742397,409351016,60468742,8215717302635,9430245712,1238359066,58183058,0,0,0,0,1,209227,477.9497865954203,100000,2084.49669,609,301311,2365,12079,100000
100,run,10000,true,uniform,READ,264540208,704335304,467543018,460678161,31730117,10004093,31142390,0,0,0,312,15448,17987667,200010579,2580762064,5653706059,409351016,60468742,8216258998454,9430848674,1238587439,58183058,1,0,0,0,0,55939,1787.6615599134773,100000,554.42679,422,29071,672,830,100000
100,reference,10000,true,uniform,READ,182880,30126246,12591330,10130804,10181,12,62,0,0,0,312,15448,17987667,200010579,2580762064,5653707930,409351016,60468742,8216258998454,9430848674,1238587439,58183058,1,0,0,0,0,3667,27270.248159258248,100000,32.73261,23,20047,43,72,100000
100,clean-run,10000,true,uniform,READ,1448659,5831879,5889506,5878545,587714,1,0,0,0,0,312,15451,17987765,200031817,2581105451,5655574246,409444467,60478574,8217394708523,9432017057,1238588524,58285905,1,0,0,0,0,56447,1771.5733342781725,100000,559.74735,452,34687,694,845,100000
100,avg-run,10000,true,uniform,READ,3611142,13389060,14390422,14336777,1197731,27,4,0,0,0,312,15453,17987911,200057226,2581514783,5657687334,409480838,60485496,8218502563472,9433467114,1238588590,58285905,1,0,0,0,0,51781,1931.2102894884224,100000,513.04278,433,23215,590,747,100000
