ycsb_key,size
user8539201758784880032,57800
user6943442373593081024,100000
user3486008481586566305,57500
user8809139443131349383,57100
user946025556135882843,59500
user1578673671622387894,56700
user3777614026647265302,57500
user2029249960847121105,38250500
user3733851920252065829,15745000
user9220298162685852237,91700
user3931338628279891387,56000
user106281953899047093,59900
user5700687264205668100,60600
user7836997454681818629,62400
user4255759264771161937,64200
user4382351547940308364,66000
user1821489282974321172,68200
user7043243983593046358,47400
user3778952262889388081,62700
user3953661434647646682,58800
user551270455298073610,58700
user5254018881270220239,63100
user7835659218439695850,65900
user1551882998453206801,69900
user1710635427399399132,54600
user3877975597159371084,59000
user6124691195479062101,58000
user6269261748290994707,64600
user513427536553935811,74600
user7675568553251380740,59400
user8213101240757188138,61800
user7340313986402995367,56700
user8114637866999345583,57700
user1457327530984649596,64600
user5777606107325737691,62100
user5647324233085147797,60200
user2708895043898457434,62300
user3804623015034288278,61100
user2703088940854908857,54700
user5098626215396870596,59600
user4380453351186045137,57300
user2822101826129454363,58100
user8087505548535865925,76300
user3207029833026916572,82700
user6906937691091066004,51300
user3710845823295713404,59700
user6766493359786260631,66000
user4619361056248693065,55800
user848900418620163067,61000
user853586600639430748,61000
user5438225318970225085,65000
user5322343636081736799,60900
user5206803598487547078,56800
user4036386380811264850,90000
user3529770587981765778,60000
user4268709707100381870,60600
user2139325540692060814,57600
user1961143521253446428,58100
user5516824043626716020,88200
user1423610833747639030,59300
user7571299076449989608,60800
user4960640041358468898,59100
user4200043306994566745,63400
user6002443449034884790,57100
user2140103816422043145,54100
user1473284273796715866,59700
user6904479533824662329,57100
user3673002904551575605,64600
user5696001082186400419,61700
user4087521387178921147,59300
user3662292304270917464,56900
user7702359226420561833,78500
user8452681990939489611,61000
user7460881851310751334,65500
user3975765925797560094,58800
user4679308466142744276,60000
user8678639253672917606,52900
user7097840020345360654,56900
user5872048490186781799,58200
user3937923007053422295,56000
user4887287459233386092,59000
user2402565761657486160,63500
user7687180759338477894,60800
user1695115315023016628,59400
user5062338276285943258,60400
user9110564228135211093,56100
user488304927625478276,71100
user3041019980187539788,61100
user8533054010447032890,62800
user8108271803443656558,59900
user3914698594879227987,65400
user2380461270507572748,54500
user7549194585300076196,56700
user7082319907968978150,73500
user7268982931108632470,71600
user4202843109555268985,61100
user4897561429078360467,59300
user8214999437511451365,62900
user2903593766661278538,76400
user2903033806149138090,55000
user4328657116994433081,61000
user4867422810132034472,69400
user8181282740274440799,55300
user7588375740286336774,64700
user3129551029394706533,55300
user8863840710493992465,1464900
user2667704179377174733,57300
user7465909678624317580,58900
user6049670549113255737,75200
user2304320703117485488,69800
user8989094757421016113,57100
user7019801256201010167,58700
user1649568096481067025,55900
user6481708608183062321,61300
user5292981721038638934,58100
user275298107221270214,56000
user3142831299722527245,63500
user701416978640015124,50500
user172148551444159978,62300
user4803224276827645145,58100
user1820369361950040276,56700
user821549784938841526,58500
user3221430024379018180,54900
user3462005793682389666,56500
user6999594961805359982,56500
user9086779855448876337,59800
user8872434798802545496,56700
user8972578054096809395,62500
user6389269652686610226,61900
user161096305869203272,55200
user3804404699816446395,58200
user7708725289976250858,58800
user5983243991056002404,58300
user7009308971138193909,88900
user4481716527504589932,60400
user1326485696231919254,58700
user8132387575955346294,56100
user4283328213670325361,59400
user8099459399917261644,62300
user6174706280822437502,56700
user8720390078706340755,55800
user6619353136927165454,68500
user2343956588005557728,55000
user2299074560586077359,55100
user7654242337831449659,59400
user2968900403694250975,53900
user8616120601904949623,99100
user5903420114764901787,66400
user4541882252616483026,63000
user6845652044954892014,58500
user7083439828993259046,60200
user1158017686126138795,57300
user8555500146891244867,67400
user6340934448879656169,61000
user1370694678531746078,58200
user324753232052505167,59300
user9121616473710167799,57800
user5585925502341460710,77900
user3378172743790188388,58400
user576722892225131924,57400
user1017803487334873091,53300
user6808587401940736546,61100
user1747358425119256035,57500
user313141025965408013,59500
user389281593355495273,55200
user8863622395276150582,57300
user6304646509768728831,52900
user4582078098016695714,61800
user8538641798272739584,57000
user4508725515891612908,57200
user4506267358625209233,55100
user2293050142324686899,59000
user8175476637230892222,63400
user3116040626553346152,57200
user8253297086157400826,55000
user4507387279649490129,58800
user7743333347550756852,59500
user5254578841782360687,55600
user582528995268680501,60900
user6407807882841536853,60000
user7021699452955273394,55800
user4315706674665213148,56700
user4444538799882921367,55000
user528387688418177867,57300
user3775934145110843958,55200
user7223654027784524750,53300
user5626339662959515281,58100
user6552148303139929790,55300
user6818519726491412356,59300
user5538928534776629432,63400
user5635598942390537546,63400
user1155229700861134341,57700
user4679868426654884724,67300
user2859384784361451714,56600
user7697891359619136035,60500
user7087907695794684844,62900
user8301850605182196766,61300
user4032260159304137617,62300
user8998808766753850040,57000
user6076461222282436830,58700
user1043255924261931405,59500
user632097204707428551,60600
user2882609196535646022,54900
user5120170746034643560,55300
user1879756811331951039,51800
user3226894482128268192,69800
user2177728419948339061,56000
user3001838825201279210,57300
user4833706112895023906,61800
user4076469141603964441,59800
user6358352758010301900,54100
user7324015598296630532,55700
user4633201287088654225,55900
user7929094764883972159,56000
user6642577549101359762,54900
user6780563723139761460,55200
user2655873658072235696,54100
user6922676118685290391,55200
user6858602487284111947,61700
user71445335637755631,59600
user356684817142765603,19474100
user424336526834628618,61000
user7474173938934269832,57800
user7571517391667831491,58600
user1028855732909829797,60800
user5245424792961667208,65900
user8511291164591418043,58800
user3562927324706635896,59100
user2584532357308929214,53600
user5372918681937252648,54500
user159758069627080493,57300
user2039182285397796915,60300
user2809256614410563216,58900
user1229690386714800257,58400
user8028118099153955162,54400
user8792168009905331003,57100
user8720950039218481203,66500
user4861056746576345447,62600
user8514857425586404828,54500
user1093384094212819903,60800
user1473065958578873983,58600
user3162147805607436203,86100
user4634539523330777004,63800
user4083383348376096128,59400
user3222549945403299076,85900
user742732745064508708,66900
user7215619899988112167,58100
user5688515097606430498,65300
user3085902007607020157,108100
user7413666568528078173,58100
user6709564067670753543,81400
user3508454618030778282,60100
user6652291558434193689,52200
user3257044918370291973,56900
user6984976455235416491,78500
user3419476692918984186,53700
user1950651236190630170,68100
user2470330555956862272,69700
user4449224981902189048,58700
user8612212695615664273,74700
user5099186175909011044,55100
user9097832101023833043,74700
user9006294751333819961,52300
user5681600890834298811,76400
user2353110636826251207,55100
user3569853348774465369,56900
user3554114921180240982,57000
user8383237315103692155,55300
user7235826194383762352,57000
user6815948484617495584,59300
user4458938991235022975,56100
user1084790005904266872,54300
user5548082583597322911,74900
user858054467440856546,62500
user6862168748279098732,59000
user3236608491461102119,55400
user8631859029499174010,58100
user5339201984700242082,59100
user4326977235458011737,56600
user6996028700810373197,56800
user6836497996134198535,59400
user1605246029573727104,54000
user1050181948329760878,57600
user2627621418584475142,54500
user6285000175885219094,56200
user2742724825742981097,57800
user918220192552749640,58400
user5601663929935685097,58800
user1372362742772469636,56600
user6506271256599379408,54300
user1424730754771919926,62200
user8465289216147656778,56500
user4573919068317072248,64900
user4426560530240135188,58000
user4877915095194850730,55400
user8757113076426197658,65200
user7312745037503831943,61500
user1937370965862809458,56000
user5570187074747236323,56300
user4732784581870777676,71000
user9187701386473122567,52400
user5597756023646399747,56300
user7038557801573778677,59000
user2398657855368200810,63700
user7685500877802056550,50100
user1368796481777482851,57600
user7797474654401259486,60400
user4379893390673904689,58400
user1221096298406247226,57800
user622383195374594624,62200
user38288598912885513,54100
user4356680795795408167,57000
user8721168354436323086,55600
user4226055704433765507,57200
user8153932106593119258,56600
user652521814320920619,53300
user1054308169836888111,58400
user8269813789481607544,60200
user5199317613907577157,58100
user6305984746010851610,59900
user6063510779953216897,67500
user1805750855380096785,60200
user5496274532110013069,55900
user8231970870737469745,53800
user5395696218206819605,56500
user8903363510774551608,53600
user540218209723116904,57000
user4343275623564376572,59400
user8032804281173222843,59200
user4873788873687723497,55600
user66199193106347502,60300
user6306326391305150175,56700
user5690973254872834173,60800
user3606358031276480389,55700
user3695667356213629465,59100
user3804964660328586843,62600
user7822367130816177352,63300
user2001339366653659116,55100
user38848559425025961,170600
user6416401971150089884,54100
user3974646004773279198,62100
user4223267719168761053,4505800
user4865742928595613128,115400
user3766561781072308596,63800
user3448165562842428506,59400
user2213891457156055516,55600
user9085111791208152779,85100
user1536144570858982414,89500
user731680499489552002,64800
user350205668979563481,83900
user6416620286367931767,74400
user6128704332378676237,88600
user1879869895939464136,61800
user3871278133778327079,59100
user8906711456551696510,74400
user5108340224729704523,58800
user8527247907403484313,64100
user9134566916039387732,57300
user6998256725563237203,59800
user539098288698836008,57000
user1648895051361413480,54000
user9100850218802377166,56900
user4103372899380658631,60100
user7384522968702822191,66100
user312362750235425682,59200
user3759522672396966026,68000
user5449277564545181791,58200
user5203455652710402176,90200
user3463685675218811010,68200
user2986100397607054823,53700
user5679361048785737019,83600
user1955337418209897851,59100
user2314253027668161298,55400
user6528375747749292820,72700
user3154443505809624399,60100
user505381591461825442,70700
user5457871652853734822,56400
user390059869085477604,56200
user1507000971033726432,60600
user6356454561256038673,58400
user1346691990627569439,81500
user5223661947106052361,76100
user165222527376330505,71800
user6103706625353429585,66700
user9098952022048113939,54200
user8972018093584668947,58900
user1208705816589167741,59000
user7802720796932667615,62900
user7153319563437986067,59400
user842534355064474042,99100
user8709337833131384049,84400
user5453963746564449472,69800
user3101080474689104096,60200
user1746798464607115587,54900
user4667696260055647122,60900
user4231861807477314084,65500
user4176600579602530554,67600
user5218074159280345667,85800
user8688571578223593416,57100
user1242422513826178307,60700
user3426621032204655542,53800
user1425509030501902257,60800
user1233828425517625276,56900
user3914138634367087539,52100
user7030293541263826425,55500
user2073458943146947929,64000
user5382291045975788010,62300
user2166894489591224238,84700
user1226902401449795803,95500
user8209753294980043236,62100
user7429404996122302560,60300
user9158339471430024702,122000
user5134010976874604720,62900
user8762359218957605787,55800
user6877128900143340788,76000
user7439897281185118818,58400
user5463677755897283399,56400
user4156954245719020817,59800
user2770075459424302638,51700
user1242080868531879742,55200
user9169951677517121856,64100
user2566782648352928503,64700
user6417740207392212663,56500
user7994629962603730064,64000
user2325305273243118004,54300
user7088685971524667175,62300
user8780337488600391966,58500
user5247104674498088552,59800
user8621366744436357752,83400
user3585591776368689756,58800
user1240742632289756963,69300
user6679642192115515230,57100
user1799384791824407760,58500
user3732731999227784933,59500
user3344456046553177822,61100
user2414956243474565645,58000
user6068196961972484578,59800
user313482671259706578,61000
user2643701491472998094,60500
user7325695479833051876,56200
user1550203116916785457,56100
user1220536337894106778,58400
user917660232040609192,50200
user4524463943485837295,63600
user3145849417501071368,58700
user7334849528653745355,59400
user5790556549654957624,55400
user8577376077354372811,78200
user2519225720275956777,72500
user1734078154791435323,55800
user1458105806714631927,62300
user2238348874962043817,56600
user637561662456678563,81600
user8233090791761750641,59000
user5913912399827718045,60400
user1244320710580441534,68500
user3429409017469659996,61200
user9197975356318096942,86600
user4855250643532796870,55000
user3143391260234667693,59700
user3525644366474638545,60500
user3725805975159955460,66500
user3584253540126566977,121100
user3986258210860376352,59300
user5348915994033076009,60500
user1587827720443081373,71200
user3111354444534078471,57800
user1034661835953378374,60600
user3201223729983367995,57800
user628749258930283649,60900
user4442080642616517692,57600
user8583182180397921388,59400
user3084222126070598813,58500
user311242829211144786,63500
user4030020317255575825,55200
user3848831997334115102,63700
user4733562857600760007,59900
user7927756528641849380,53400
user4463625173254290656,58100
user6295492460948035352,62600
user8329201238863518307,63700
user879039037566489062,66900
user2940876724893275889,76700
user2488856968816091113,55600
user2481942762043959426,55900
user2753995386535779686,100800
user2870778675230706985,60200
user1064800454899704369,58000
user3902868073574288950,57700
user6707324225622191751,53300
user8538081837760599136,62300
user883165259073616295,59100
user2821323550399472032,62700
user5420028734109597023,95000
user1172201134087152721,58500
user2403903997899608939,63200
user1573427529090979765,53500
user3584813500638707425,56400
user5110238421483967750,59100
user3123184965839017508,53900
user8963424005276115916,56200
user2981072570293488577,54400
user595592522205413531,58600
user8461162994640529545,53600
user2474456777463989505,98000
user9083431909671731435,59100
user5437447043240242754,57300
user6581291902965185772,73200
user8407240003007868794,59000
user1072399524087187387,56400
user4553494458703580180,68000
user202287170390485973,88800
user6414722089613668540,58700
user5444591382525914110,62100
user8944667459903347406,64300
user501255369954698209,84000
user181520915482695340,64600
user3573979570281592602,72400
user5023375436517524563,52900
user4298288365534567417,57600
user3699015301990774367,55100
user4881823001484136080,75500
user4657763935504971312,61400
user5304147051221108737,92700
user4686234490210573749,57800
user1368454836483184286,56900
user1786994310007328275,54200
user439856639211011122,63400
user3687403095903677213,57500
user8301072329452214435,62500
user7636824028700803928,100500
user5197089589154713151,81000
user9115250410154478774,76500
user653081774833061067,56300
user8461381309858371428,146100
user6305206470280869279,55600
user680432408514382608,56000
user5589491763336447495,72800
user4388157650983856941,58300
user4595918328856656874,61800
user3484110284832303078,55500
user7428285075098021664,69500
user2226841899485275449,69900
user2904713687685559434,58400
user6131275574252593009,53900
user1989614075959048865,63100
user3528319267132129902,59100
user256541561848501704,63200
user2293828418054669230,66300
user1851627901920647167,60000
user9215393665448742673,60800
user7462561732847172678,78600
user5848045802282605160,80500
user8016505893066858008,62300
user6043304485557566712,59200
user3363542419924547111,57000
user8018745735115419800,103800
user5031079736315336367,58300
user8522001764872076184,95600
user6053018494890400639,55100
user2653633816023673904,59200
user5581239320322193029,59900
user3947077055874115774,60600
user6066528897731761020,80100
user1070046597431112498,75900
user6872442718124073107,62900
user6621592978975727246,73800
user7038339486355936794,110800
user6658657621989882714,77700
user3749808663064132099,118900
user1121513003624123775,66800
user5778726028350018587,51800
user3353268450079572736,57300
user8358344838688774289,60400
user4719504311542956964,76800
user4982744532508382310,83800
user6630965343014262608,92200
user6630405382502122160,81000
user5289528544651165246,55200
user6856704290529848720,70100
user1697903300288021082,54100
user6181290659595968410,83300
user813172440021376177,54000
user3354170055886011749,57000
user3382298965297315621,61500
user8069308963675237863,56400
user9004054909285258169,55600
user3594185864677242787,60900
user4743836827445734382,61000
user2048554649436332277,72900
user6542775939101394428,56900
user6185758526397394208,91800
user4892875247059092786,57400
user8554380225866963971,56400
user4802229257706575132,55800
user6168340217266748477,53400
user5722791755355581512,54700
user7259828882287938991,68600
user4390945636248861395,125400
user2993244736892726179,60800
user246609237297825894,70800
user5712517785510607137,58400
user5915592281364139389,78000
user71786980932054196,58900
user6218013657315825313,3311400
user1825055543969307957,154800
user8141541624776039773,55100
user5459551534390156166,86900
user2856926627095048039,79700
user3993857280047859370,81000
user3662510619488759347,86900
user568128803916578893,62500
user2722518531347330912,60500
user2128491610334945991,57300
user6546342200096381213,56300
user2984980476582773927,57500
user3458439532687402881,55700
user502375290978979105,57800
user8403113781500741561,55000
user4398991581340971764,60300
user8928815947701609922,71800
user6515985265932213335,11334700
user6384583470667342545,58000
user917441916822767309,62000
user5003169142121874378,62500
user2238567190179885700,68100
user5409423364439267668,78700
user5321783675569596351,64300
user8672720066021855932,57900
user8895877526194581687,77100
user4764821397571366898,81400
user3552995000155960086,73400
user3663630540513040243,59000
user5197649549666853599,57600
user5355282057588765034,62200
user1985487854451921632,55000
user3237728412485383015,64300
user1488244425660957922,59700
user8305758511471482116,58300
user8038610384216771420,57800
user3698455341478633919,76800
user5797482573722787097,85700
user1025837615131285674,1534400
user5515372722777080144,58000
user9206239616628049194,59700
user1155789661373274789,56100
user7764877878188529816,63600
user3827847427208482586,54500
user5427733033907408827,69200
user2881270960293523243,75600
user254313537095637698,59000
user8736346821518407025,72100
user4793851912789109783,73600
user8746060830851240952,186400
user7780056345270613755,58900
user8174698361500909891,57800
user4015401810685632334,59100
user2348424454806983526,63100
user1814904904200790264,73200
user5591171644872868839,72400
user8050004275086026691,53800
user5371238800400831304,54600
user3816016905903543549,59400
user5696779357916382750,78300
user5566279168457950973,57300
user639241543993099907,74100
user9188261346985263015,60700
user1177447276618560850,62100
user7804400678469088959,60900
user6707105910404349868,52800
user8743272845586236498,50300
user7209813796944563590,61100
user5085675773067650663,62700
user3858546006666949029,54800
user2224943702731012222,60700
user2073117297852649364,60000
user7906430313221918299,62300
user544344431230244137,60600
user832602030513798232,75200
user1572649253360997434,69600
user246827552515667777,51900
user7585917583019933099,58600
user619365077596050501,59400
user742391099770210143,55700
user6994348819273951853,63400
user7821807170304036904,59700
user6505151335575098512,58800
user3254805076321730181,68500
user7086787774770403948,68700
user3424162874938251867,79800
user4305774350114537338,56700
user991012814165691998,70400
user929054122909864463,59800
user1207585895564886845,89400
user5224440222836034692,58100
user225169937270381716,85900
user6101353698697354696,80600
user2567000963570770386,53000
user2267597705397628585,75700
user13177807280125764,56900
user770861654475812580,89900
user451127200003809711,124200
user7578443415735660964,95800
user5998877188039898005,54700
user527267767393896971,166100
user4783577942944135408,75300
user598267422862904888,56600
user6984416494723276043,60200
user4473557497804966466,61200
user7244638597910157266,60000
user9007073027063802292,98600
user8048324393549605347,76700
user1972195766828403134,80200
user1257041020396121798,139500
user1243200789556160638,74000
user1928546745040716758,136400
user154170281801373799,68900
user6658315976695584149,61400
user5338642024188101634,63300
user6526477550995029593,59500
user3447947247624586623,55000
user5509784934951373450,57800
user6492979168975860910,59300
user184868861259840242,67200
user5561033025926542844,55400
user3287743497828758416,54900
user7506210754634859054,57500
user1010099187537061287,54200
user7290185816452106869,77100
user2406132022652472945,58700
user1803852658625833558,66700
user6132395495276873905,63000
user4203951213283852095,73300
user7942934995723933319,58400
user1599439926530178527,59300
user5282489435975822676,59400
user3940151031806286301,65400
user286910313308367368,52400
user4293602183515299736,52000
user2226623584267433566,58500
user3336751746755366018,67900
user3672784589333733722,52000
user5213947937773218434,87200
user6065408976707480124,55600
user4042752444366953875,57100
user776107797007220709,59200
user5336743827433838407,61900
user3128772753664724202,62700
user7756500533271064467,55300
user3982805034472902664,72200
user982748553855739746,57100
user191794885327669715,55600
user1939598990615673464,67300
user8846982361875487182,69400
user1550544762211084022,85400
user7276240355001816923,76400
user2781127704999259344,107600
user2188220705011155319,60000
user6212767514784417184,59700
user8969230108319664493,73600
user1346132030115428991,94800
user3848053721604132771,87800
user6316258715855825985,111400
user1946183369389204372,58200
user2991004894844164387,90300
user7187149345282509730,55000
user5580679359810052581,104600
user7487454209262090544,57000
user9069808422222857957,80300
user5146183143473842322,55700
user4676850308876340601,64900
user1969967742075539128,63800
user2590120145134635908,57400
user6884833199941152592,70100
user4525023903997977743,66400
user39408519937166409,56500
user4772525697369178702,61800
user7840345400458963531,69800
user708456087315357694,87600
user8181842700786581247,55700
user5273895347667269645,54700
user8133507496979627190,61900
user6158626207933914550,55500
user947363792378005622,62300
user7538920615455101821,57100
user7256250803997254420,85300
user5906998193055586358,8932400
user2424888568025241455,59400
user6274507890822402836,62200
user6178832502329564735,55100
user6043086170339724829,55000
user540778170235257352,54700
user4513971658423021037,48500
user8051342511328149470,55400
user5697339318428523198,76300
user2704208861879189753,67200
user1245988774821165092,57200
user6140429623073286488,62000
user5381512770245805679,60900
user5859098047857561866,55700
user5256477038536623914,56600
user6184638605373113312,58400
user5201775771173980832,59400
user5466135913163687074,62900
user615798816601063716,57700
user1184373300686390323,55900
user8616338917122791506,105700
user3002057140419121093,62400
user4415508284665178482,55500
user5989163178707064078,56800
user5607470032979233674,56900
user5356060333318747365,63600
user5570405389965078206,58200
user7690187059821324231,64800
user1720786067167916825,62200
user6972804288636178889,61300
user2303200782093204592,61800
user6514865344907932439,57800
user5482215986052210026,68800
user5531224234978817628,61800
user1846941719901379486,72800
user4451453006655053054,53900
user3134797171926114662,100100
user5295334647694713823,55600
user2052132727727016848,60000
user6169678453508871256,53500
user8881259019624638196,60800
user5520058904796347825,57100
user4338029481032968443,55800
user5294214726670432927,56700
user2656651933802218027,52000
user2036394300132792461,52700
user6107719762253043721,56700
user9219519886955869906,51100
user7813554727289782438,58500
user1575655553843843771,61000
user349645708467423033,56100
user6619913097439305902,61100
user5657038242417981724,55200
user4950707716807793088,57400
user7362418477552908779,58800
user620703313838173280,59100
user8494432815972912760,53700
user8807128161769573059,56700
user2402784076875328043,60200
user2555730402777971797,58700
user5653690296640836822,58000
user439514993916712557,59700
user9176089180386025413,87000
user2216909574934599639,57800
user9132108758772984057,70000
user7686279153532038881,93400
user3259272943123155979,60300
user2768955538400021742,63800
user205305288169030096,97500
user8531155813692769663,61400
user8381569250862968597,57000
user5382072730757946127,80200
user8076794948255207784,58800
user6794403953979722620,79800
user1116826821604856094,248900
user3043807965452544242,76000
user9195187371053092488,58600
user7628011625174409014,7355100
user6180170738571687514,64800
user2276970069436163947,78000
user7977989929203066664,72800
user1291877638657413260,58700
user8462396000272323538,61100
user2328105075803820244,54200
user2764829316892894509,64300
user6643697470125640658,59000
user2214451417668195964,57600
user7828733194371866377,136100
user8115310912118999128,64300
user5622648500061317613,63800
user2281437936237589745,73300
user8338915248196352234,67100
user7382624771948558964,55200
user48002608245719440,59300
user7386315934846756632,57800
user1026397575643426122,71000
user6378777367623793968,56700
user8290580044389398177,62000
user1914706514200755598,58400
user1494050528704506499,59800
user9088118091690999116,67600
user9130428877236562713,93200
user4792172031252688439,59600
user3133458935683991883,57500
user5611596254486360907,62700
user5606350111954952778,55900
user1797704910287986416,56200
user8566552392466201573,54200
user5991838079364555435,52300
user4302974547553835098,62000
user1219976377381966330,52900
user9073499585121055625,62600
user3859665927691229925,64400
user50460765512123115,56200
user5283609357000103572,59400
user2861064665897873058,48700
user8986088456938169776,59800
user7409975405629880505,98700
user7746568208720388657,59300
user49682489782140784,70200
user5722231794843441064,94400
user3926092485748483258,60900
user4679090150924902393,53100
user1951989472432752949,170300
user8704091690599975920,264200
user224951622052539833,82700
user4545790158905768376,63600
user5175545058516940187,71200
user5663062660679372184,61000
user819309942890279734,57000
user1279705472058175658,59200
user2891421600062040936,88300
user2265699508643365358,78400
user4916877934963269425,91900
user4509067161185911473,60300
user3059111334437839064,67100
user7096160138808939310,61200
user5449059249327339908,56800
user8930267268551245798,64300
user5415560867308171225,73200
user4992676857059058120,59900
user4316266635177353596,56700
user7927196568129708932,55300
user2142331841174907151,57900
user8647597457093398397,57600
user3462565754194530114,91700
user2577274933415744761,59500
user4278082071138917232,56800
user6581510218183027655,58800
user3535358375807472472,60100
user2629301300120896486,58700
user2982192491317769473,53500
user5564940932215828194,57200
user2606636848458842626,62000
user7576763534199239620,59000
user3601330203962914143,67300
user4349194811215438246,61400
user8106156863298305649,56100
user3533565409663538031,58400
user6301858524503724377,59500
user8056028693347417151,60000
user895337425672853897,63800
user5949527293818991838,58300
user6176044517064560281,61500
user8665015766224044128,73500
user127939569144333154,69700
user1746238504094975139,65900
user5475289961984380553,66800
user4905265728876172271,64700
user891989479895708995,61600
user4733904502895058572,69300
user150044060294246566,59200
user8007693489540463094,123600
user4970012405397004260,55500
user7215059939475971719,59400
user759809408900855874,58800
user8749638909141925523,58900
user5993071084996349428,56100
user8152033909838856031,62200
user1576215514355984219,57600
user9110782543353052976,233000
user5651119054766920050,72200
user8988316481691033782,72100
user6527815787237152372,57800
user5472501976719376099,57200
user3777832341865107185,68700
user6129937338010470230,68200
user2655532012777937131,59800
user656099892611605190,60000
user5802168755742054778,58300
user8076234987743067336,85600
user1822049243486461620,62100
user781913900050769286,59200
user5564039326409389181,57400
user5372358721425112200,58800
user8690686518368944325,61100
user4256537540501144268,54100
user5599435905182821091,57500
user55146947531390796,65300
user6037280067296176252,60300
user1694555354510876180,61000
user3828407387720623034,52300
user7400261396297046578,61800
user6772859423341949656,79700
user1121854648918422340,53000
user6263455645247446130,54700
user1713641727882245469,57200
user2006585509185067245,57300
user1160257528174700587,60600
user1947303290413485268,57400
user2352437591706597662,56200
user592461319819356311,56100
user564550725625894322,56400
user1589165956685204152,54900
user4217243300907370593,79400
user3801616714551441941,61300
user7951759216546026019,70000
user1258939217150385025,55800
user7135122978577358005,59900
user2651965751782950346,61300
user5757399812930087506,56500
user1840575656345690461,55600
user1777840261186634796,59800
user7380396747195694958,59500
user6284440215373078646,57900
user8405341806253605567,64000
user1714201688394385917,55900
user1021711393624158441,67800
user1429075291496889042,63500
user8778657607063970622,57000
user8257983268176668507,99400
user5401502321250368182,57000
user3861677209053006249,62100
user1809098801157241687,59000
user1547196816433939120,56600
user5598315984158540195,60200
user7312403392209533378,75700
user2358575094575501219,60700
user7413106608015937725,90100
user6026446136939061429,56400
user3950095173652659897,62600
user8960965848009712241,57200
user5950087254331132286,98500
user9089797973227420460,82600
user505163276243983559,69600
user3002398785713419658,55100
user8085607351781602698,135300
user4639007390132202802,78800
user8494651131190754643,70800
user616577092331046047,59800
user4629075065581526992,104700
user345737802178137683,57900
user8512069440321400374,63500
user4281989977428202582,57300
user2645599688227261321,77700
user9111342503865193424,76400
user8154492067105259706,60200
user6031473964252627675,116700
user8608074656812839254,56300
user2056600594528442646,52900
user8653963520649087422,147300
user1206477791836303735,60500
user7948741098767481896,47400
user6077581143306717726,75100
user8017065853578998456,79300
user174936536709164432,79300
user5019249215010397330,60600
user7523182187860877434,54800
user5734622276660520549,60300
user3485790166368724422,57500
user1453419624695364246,61800
user4645591768905733710,58600
user3413557505267922512,56300
user3622096458870704776,61100
user3923852643699921466,59200
user2876243132979956997,63400
user8243583076824566899,60700
user6942322452568800128,72200
user7566271249136423362,58300
user1463911909758180504,62000
user3242974555016791144,54100
user4389277572008137837,87700
user2279758054701168401,60000
user8734448624764143798,63000
user8691246478881084773,112500
user3469491778262359587,135700
user5030519775803195919,58300
user1115488585362733315,60600
user4718944351030816516,55200
user3380960729055192842,77000
user280544249752678343,74300
user3721898068870670110,60000
user8328422963133535976,77400
user2381239546237555079,58200
user7274229073640040599,63000
user2639793585183712744,87800
user4420194466684446163,63800
user303768661926872651,87800
user3474177960281627268,57000
user8166664233704497308,89300
user5496834492622153517,62700
user2540210290401589293,99900
user719726648108156283,57000
user1004293084493512710,56600
user8730882363769157013,58100
user6368845043073118158,66300
user1471386077042452639,64600
user6777545605361217337,61000
user5690754939654992290,75100
user2770853735154284969,59300
user2353328952044093090,65400
user3821823008947092126,76600
user6651171637409912793,94800
user4173034318607543769,108400
user6132955455789014353,60800
user6647045415902785560,85200
user5810762844050607809,101000
user3573419609769452154,106500
user7950079335009604675,58800
user5148754385347759094,58400
user7043025668375204475,61400
user6311012573324417856,57900
user2355568794092654882,57500
user6510397478106506641,80800
user9122954709952290578,58300
user5029181539561073140,56400
user6217795342097983430,56800
user8533395655741331455,66400
user8994122584734582359,56500
user4364041878472167205,91100
user4833487797677182023,59200
user6596470370047269711,72700
user6409475947082260411,67200
user1437121236588999411,54300
user7373252407910023602,57300
user8278407877790160575,221500
user6960413806819099404,53900
user3335631825731085122,70000
user3427740953228936438,59200
user7918602479821155901,65400
user7219186160983098952,60700
user8847324007169785747,68800
user4734682778625040903,59000
user4003011328868552849,59600
user1467478170753167289,60000
user890651243653586216,74800
user2677418188710008660,57400
user533073870437445548,59600
user1700921418066565205,66400
user9040342848396185507,56200
user8401433899964320217,54200
user3200103808959087099,98600
user5429961058660272833,54500
user1095842251479223578,59600
user1209265777101308189,61900
user7149753302442999282,76200
user3590059643170115554,68900
user5938475048244035132,73800
user4167788176076135640,62900
user1940158951127813912,58400
user60953050574939373,59200
user4959301805116346119,75700
user4565106664790677334,60200
user3072951565277800224,85000
user6884054924211170261,5910700
user7537800694430820925,59000
user2087517489204750972,70800
user380127544534801794,63600
user5806294977249182011,55500
user5825941311132691748,56300
user6017073772900526067,55600
user6275067851334543284,56500
user2046326624683468271,116200
user642029529258104361,73700
user4751541127243546186,80600
user985206711122143421,61400
user6844750439148453001,66600
user2447553019687295315,55000
user5586143817559302593,55600
user7287292600576773629,99400
user2203399172093239258,98300
user4110733982057417669,81700
user1848279956143502265,57300
user5131782952121740714,94700
user5675794787790750234,81200
user115094357425442007,60200
user7196863354615343657,101900
user2710346364748093310,57400
user5010095166189703851,63700
user5877967677837843473,57800
user4776433603658464052,63200
user2186540823474733975,65700
user916321995798486413,63000
user2253745657261969639,61700
user6383245234425219766,70000
user769741733451531684,78000
user5723570031085563843,56900
user2458605265262252021,78000
user4760135215552099217,54100
user1788332546249451054,55300
user4514531618935161485,68200
user9147847186367208444,59200
user3942390873854848093,72500
user2656091973290077579,76700
user8266247528486620759,60400
user1869606171563433346,60800
user4756568954557112432,63500
user5339761945212382530,66100
user3912800398124964760,55200
user3913360358637105208,66800
user8924348080900184124,62000
user4062398778250463612,80200
user6896445406028249746,77800
user5113244721966814087,59000
user325313192564645615,58100
user6530043811990016378,64500
user8234085810882820654,57600
user1084230045392126424,60400
user4555722483456444186,60400
user4855592288827095435,62400
user2544118196690874643,64000
user765055551432264003,60400
user5047491209029214299,70800
user252633655559216354,65000
user2806363398535229976,58300
user3211716015046184253,66900
user2800444210884168302,56600
user5058543454604171005,60000
user6015953851876245171,54900
user5087573969821913890,57700
user5255917078024483466,81700
user3095834332157695967,80300
user6054356731132523418,77900
user180182679240572561,64400
user4507947240161630577,60500
user8591776268706474419,72800
user5145063222449561426,57100
user2155842244016267532,128800
user3172534860059923675,57200
user4855032328314954987,80300
user7775930123763486522,67700
user5049171090565635643,58300
user7114138408451725489,61600
user8973916290338932174,57100
user7998196223598716849,76200
user1929325020770699089,55300
user7988823859560181487,59500
user7531776276169430465,56800
user645607607548788932,60900
user3882661779178638765,73500
user6823547553804978602,58800
user8835711801082688593,55700
user190115003791248371,73100
user4360028741572553069,56000
user1915266474712896046,69600
user2315154633474600311,61100
user4244147058684064783,72900
user1622322693410074270,78600
user2723078491859471360,82200
user1259499177662525473,115900
user8870206774049681490,96000
user8914528840957021411,57000
user274519831491287883,234100
user6415282050125808988,60000
user9157779510917884254,87100
user7690747020333464679,86400
user8177156518767313566,61000
user6107938077470885604,91400
user2441186956131606290,85500
user263685901134173060,58100
user8525909671161361534,58100
user6618574861197183123,59500
user5974979730746050152,87400
user7348908074711548398,180600
user2771195380448583534,77700
user1819809401437899828,110600
user3331505604223957889,50100
user6778883841603340116,56700
user5575433217278644452,66600
user4256319225283302385,118700
user3217522118089732830,73300
user4949587795783512192,56100
user1473625919091014431,70700
user3678030731865141851,124200
user5525978092447409499,60500
user411946045017549133,73500
user7708383644681952293,60300
user6209201253789430399,58500
user7940706970971069313,52900
user4981966256778399979,159000
user3930218707255610491,88400
user6153161750184664538,191300
user2140663776934183593,58600
user2098569734779707678,92800
user1336418020782595064,58400
user6431580438232173823,61500
user5470043819452972424,66400
user4027014016772729488,58200
user7912018101047624993,73100
user9008192948088083188,56600
user6404789765062992730,95800
user138431854207149412,89800
user3281377434273069391,60400
user4775873643146323604,60600
user8125243236669674938,58200
user2628181379096615590,75900
user5470603779965112872,61100
user171588590932019530,57600
user4124139154288449264,65700
user5284500717337599000,59900
user6190444708416661889,66200
user6894547209273986519,65200
user1714761648906526365,98100
user3084003810852756930,89100
user5228908089637460490,58800
user6711119047303964004,54400
user7813213081995483873,56200
user3761533953758742350,95200
user5577331414032907679,61500
user2870437029936408420,56500
user2766167553135017288,57000
user951271698667290972,57900
user5497612768352135848,68500
user3388105068340864198,95500
user4753769151996410192,68800
user2307108688382489942,56500
user6973924209660459785,87500
user8879579138088216852,56000
user3009543124999091014,86100
user1292095953875255143,58600
user5927422802669078426,56900
user2452239201706562996,52200
user4715366272740131945,112500
user550150534273792714,60000
user7733836081609010607,58900
user2633427521628023719,66500
user9222538004734414029,74200
user1875070629312683358,93700
user1468598091777448185,59600
user8392621496437925303,65900
user1280483747788157989,89700
user2172700592634772815,58600
user7653682377319309211,57300
user3016457331771222701,58900
user3664190501025180691,68400
user3046266122718947917,91700
user8989654717933156561,82800
user1698463260800161530,81300
user7575985258469257289,73200
user1621544417680091939,55900
user5185477383067615997,57200
user3046720852620759579,50600
user9213153823400180881,56100
user677084462737237706,62400
user2777779759222114442,58800
user2833714032216551517,87700
user3764208854416233707,60900
user2265917823861207241,54800
user3723017989894951006,61700
user3409089638466496714,57700
user3002617100931261541,62500
user3033315680389727984,78600
user8050222590303868574,67300
user4303534508065975546,59500
user3200663769471227547,55500
user1688530936249485720,77900
user2303542427387503157,90300
user5811541119780590140,54800
user3474396275499469151,64800
user979400608078594844,77200
user4237780995128375758,62400
user5975539691258190600,62600
user6847550241709155241,56800
user1611270447835117564,97600
user929272438127706346,67500
user8637105172030582139,58700
user2616350857791676553,59000
user2001557681871500999,61700
user7499284730567029581,70900
user2177386774654040496,58100
user5262843102092312939,67900
user6167780256754608029,71300
user7402614322953121467,53400
user885623416340019970,73800
user5987151897345287754,58200
user6213887435808698080,58500
user7169057991032210454,76700
user7355834098779377871,162300
user8835930116300530476,58900
user3562149048976653565,70800
user6641239312859236983,1174600
user5427173073395268379,83600
user4692153677861635423,62600
user6284781860667377211,1377900
user5076521724246957184,83900
user2072898982634807481,67100
user2164436332324820563,58100
user708674402533199577,62100
user7763539641946407037,60100
user390961474891916617,55300
user2538312093647326066,58800
user6228847587672940136,60200
user3836441515517035617,58100
user902263449740683370,65500
user8060496560148842949,56400
user5939594969268316028,56400
user506501512486106338,73000
user846100616059460827,58200
user5018129293986116434,54700
user8993562624222441911,64300
user1572089292848856986,118700
user978622332348612513,108500
user539658249210976456,68400
user4479476685456028140,55100
user6654749715700597364,157000
user7309397091726687041,115600
user8808921127913507500,84900
user4843980082739998281,4146400
user450348924273827380,57400
user5778166067837878139,57500
user2022323936779291632,69100
user8917203741614512768,59000
user8192676631143696070,89900
user6406128001305115509,58800
user6753213089458439919,72300
user4781679746189872181,56200
user6389611297980908791,57000
user3202343651007648891,82100
user1254034719913275461,65100
user5186597304091896893,58300
user4552716182973597849,59400
user1383414988347426342,59600
user7710063526218373637,61900
user8491084870195767858,55500
user4085063229912517472,55500
user3031087655636863978,70300
user7060775377331205186,58300
user4381013311698185585,59600
user3889587803246468238,61500
user427684472611773520,66000
user1495388764946629278,59500
user8290020083877257729,62700
user4527263746046539535,58000
user8747180751875521848,60200
user4666358023813524343,52300
user1218638141139843551,59400
user2190118901765418546,56600
user2191786966006142104,94700
user1824837228751466074,87200
user8584302101422202284,71400
user730560578465271106,59400
user6541096057564973084,54900
user8847542322387627630,93700
user7049723131756248480,62600
user3381179044273034725,78600
user533292185655287431,58400
user7742100341918962859,63600
user5758519733954368402,167500
user8181064425056598916,70200
user4745175063687857161,66200
user7005401064848908559,72300
user296624322641201295,78100
user5915032320851998941,60600
user3596425706725804579,59600
user449229003249546484,58800
user2835942056969415523,80700
user8179944504032318020,57500
user69547138883492404,85400
user8736906782030547473,57900
user3432987095760344567,75000
user8293038201655801852,60500
user4630194986605807888,90300
user1571529332336716538,81700
user2055698988722003633,95700
user3145631102283229485,81600
user2544678157203015091,115200
user5374038602961533544,57100
user891211204165726664,76200
user3425501111180374646,56800
user7872382216159552753,57300
user4129043651525558828,61500
user6778105565873357785,63500
user7704257423174825060,79700
user7257370725021535316,65200
user8583742140910061836,142700
user2843646356767227327,62200
user8407021687790026911,61500
user1109682482319184738,60400
user659106193094451527,81300
user6620473057951446350,57900
user1336977981294735512,57100
user562882661385170764,56700
user8428224573133501310,62100
user4644253532663610931,54500
user2996251037375572516,58300
user5552987080834432475,62800
user8439618464002756581,67600
user8491644830707908306,59400
user61513011087079821,57800
user784141924803633292,74500
user5839451713974052129,122600
user5833987256224802117,65000
user2294388378566809678,55600
user3018137213307644045,57800
user2516207602497412654,64900
user2756235228584341478,89000
user6355334640231757777,59200
user4199824991776724862,88400
user2860504705385732610,55700
user4157295891013319382,53500
user2347191449175189533,59900
user1708955545862977788,55900
user7676906789493503519,59000
user1621762732897933822,63300
user7824825288082581027,60600
user3778392302377247633,75800
user1527985541159358948,84200
user5134789252604587051,63900
user2418864149763850995,61400
user3851071839382676894,81500
user5118272549280380333,117300
user6980838416432591472,60500
user8835151840570548145,109700
user1801612816577271766,56500
user6190663023634503772,64400
user2792958226304198381,55300
user6370513107313841716,54800
user402232035684715206,62300
user7008749010626053461,63200
user4517319604200165939,73100
user4452572927679333950,64600
user8780555803818233849,72600
user5020587451252520109,66600
user2052692688239157296,1083900
user8254635322399523605,58500
user8971458133072528499,89500
user6621033018463586798,82900
user1083110124367845528,84000
user7880759561077018102,66500
user8875452916581089619,58900
user4453132888191474398,64200
user8294706265896525410,60400
user9090357933739560908,62100
user4041072562830532531,56800
user4526143825022258639,59300
user6415842010637949436,56100
user1984586248645482619,65800
user6044424406581847608,129500
user8477014506842267029,67300
user3358296277393138982,74800
user4210877237351681568,58200
user418530423791080041,54800
user3074289801519923003,61100
user531393988901024204,117700
user7437999084430855591,56200
user3573201294551610271,56500
user6972026012906196558,96600
user8492752934436491416,121100
user5820695168601283619,96500
user2553502378025107791,57100
user3381739004785175173,117300
user6846990281197014793,61300
user758471172658733095,80800
user789388067335041421,65400
user2002677602895781895,57900
user2958749763925733282,58800
user8633757226253437237,112300
user3298567182716929654,116100
user1714979964124368248,68200
user1288642777487781455,55200
user869325028233655135,57600
user6310452612812277408,63100
user721966490156718075,65000
user6745508789660628115,102700
user5340321905724522978,74200
user1216410116386979545,60200
user1975213884606947257,72100
user3497060727161523011,57000
user1715539924636508696,63700
user4996584763348343470,85900
user5564380971703687746,60100
user8029238020178236058,73200
user3368228601943814792,70400
user5527316328689532278,55700
user2150377786267017520,68300
user5623768421085598509,60400
user5383192651782227023,59100
user6858042526771971499,59900
user370755180496266432,64200
user8885726886426063994,61300
user1735186258520018433,71200
user7699011280643416931,61900
user4022875977969904469,61700
user1031643718174834251,78100
user3096954253181976863,65900
user3298348867499087771,100800
user2867978872670004745,72900
user6117652086803719531,80500
user6417180246880072215,100100
user7919162440333296349,71000
user8858376252744742453,62700
user8168332297945220866,100600
user1710853742617241015,67500
user3231922309441834438,74500
user5601103969423544649,57000
user6152820104890365973,72000
user5943721190775443261,60900
user6908057612115346900,59000
user4190110982443890935,118800
user7950420980303903240,56200
user6636771446057811185,55000
user1005413005517793606,62800
user7549972861030058527,52600
user3328717618958953435,63200
user6641799273371377431,57700
user4425782254510152857,63500
user297962558883324074,60500
user5789996589142817176,60600
user8093871612091554950,87000
user6429352413479309817,65300
user6185198565885253760,85700
user5234714192681009067,72600
user1776502024944512017,51900
user5361306475850155494,64100
user1005640680888162,75400
user3311859270340448152,78900
user5624546696815580840,82400
user4654745817726427189,70700
user1096402211991364026,58400
user4025115820018466261,60100
user3690981174194361784,62200
user1608812290568713889,83800
user1935131123814247666,63200
user8999368727265990488,58100
user7131556717582371220,80900
user2454592128362637885,54400
user3201783690495508443,90000
user6414162129101528092,57500
user2930166124612617748,56200
user5288295539019371253,55700
user5967505563461778017,60300
user8520103568117812957,69400
user2440626995619465842,145600
user3109674562997657127,66800
user7560246830875032902,69800
user3596644021943646462,79200
user968130047285796255,120400
user4510405397428034252,66100
user8483380570397956054,57700
user7010087246868176240,100500
user3691541134706502232,59400
user8358904799200914737,115200
user1951771157214911066,110800
user7214281663745989388,102700
user2520345641300237673,53500
user8390381654389363511,54700
user679872448002242160,59800
user5928542723693359322,55900
user7505090833610578158,77200
user3777272381352966737,77400
user1512028798347292678,60800
user4803784237339785593,171700
user7158347390751552313,96000
user795194170378589998,106900
user2606418533241000743,61900
user2025342054557835755,64100
user709794323557480473,72200
user4543562134152904370,76600
user5112466446236831756,490900
user4997922999590466249,70300
user6521231408463621464,73000
user6048550628088974841,98900
user185988782284121138,62900
user2777219798709973994,85300
user8504925101035729018,64400
user3720559832628547331,55800
user9062447339546098919,62600
user7583129597754928645,59800
user654201695857341963,63100
user3787764666415782995,82900
user5458431613365875270,77600
user8527807867915624761,81500
user2406691983164613393,61300
user5521510225645983701,58900
user7213161742721708492,59300
user6862510393573397297,90700
user577842813249412820,58200
user1286071535613864683,57000
user5828181153181253540,61000
user2974706506737799552,59100
user2834822135945134627,60900
user281104210264818791,57800
user4897001468566220019,52400
user3011211189239814572,68500
user3562367364194495448,63400
user29476195386490599,56700
user507061472998246786,72600
user3053305231394290487,55300
user880937234320752289,54700
user2513419617232408200,72400
user8484500491422236950,71400
user7664734622894265917,57200
user5323463557106017695,61600
user5676354748302890682,59600
user5736862118709082341,94200
user6771739502317668760,89500
user6157847932203932219,56700
user3145071141771089037,57500
user2111861822403226176,59400
user5791116510167098072,61600
user403351956708996102,60900
user8664455805711903680,85300
user1946743329901344820,103100
user2425230213319540020,53600
user6995468740298232749,95800
user2658879958555082033,66400
user4646711689930014606,99000
user3882443463960796882,69100
user4167446530781837075,77000
user6946573575979138244,81300
user1363208693951776157,68800
user7790330315115588130,82200
user7791108590845570461,73400
user6576492636338404994,73600
user6730330322578544176,108700
user3987491216492170345,59000
user2468537589812927831,58800
user3963935404492621057,81000
user5003729102634014826,59900
user1820151046732198393,64800
user1361310497197512930,58800
user5954213475838259519,65800
user4325079038703748510,59600
user1808757155862943122,61600
user8882927083865361754,1349500
user7212041821697427596,1467500
user7825945209106861923,54200
user8170572139993782658,57700
user1416571725072296460,70900
user7812994766777641990,52300
user5333737526950992070,61600
user6442072723294990081,61200
user7048271810906612604,60400
user1007311202272056833,76200
user765615511944404451,95900
user3221989984891158628,62200
user8914415756349508314,57800
user8005453647491901302,59900
user8026998178129674266,56400
user177954654487708555,60400
user3005965046708406443,102800
user2721398610323050016,62900
user6779225486897638681,65900
user4050786572163366458,122300
user4282549937940343030,71100
user2024782094045695307,73800
user7105544320143172458,64200
user1798046555582284981,3497500
user6745727104878469998,64900
user7747688129744669553,143000
user212779455453302231,70500
user5822935010649845411,73200
user286350352796226920,71900
user3572641334039469823,88000
user8280866035056564250,70500
user6527255826725011924,66500
user8708996187837085484,73600
user4715813148644759296,68100
user4255417619476863372,58600
user5360186554825874598,61000
user1731060037012891200,68400
user5135130897898885616,79900
user2996810997887712964,60200
user8824317910213433322,58700
user3734630195982048160,59800
user9048823852097225441,58600
user4092767529710329276,61600
user4986870754015509543,57400
user7647657959057918751,89300
user2814844402236269910,70300
user1594753744510910846,55900
user8634317186765577685,74500
user6935521330404181538,63800
user7738087205019348723,92300
user6471776283632386511,447300
user1684063069448059922,58100
user4657203974992830864,59800
user524479782128892517,72500
user53808711289268017,88500
user8874114680338966840,59400
user6225052765991167883,55700
user2528939729608790704,63200
user675964541712956810,65900
user985766671634283869,52700
user676524502225097258,62500
user7849717764497498893,161600
user6403669844038711834,54800
user6293594264193772125,56000
user8507383258302132693,60600
user186767058014103469,56200
user5360746515338015046,57800
user8562644486176916223,96000
user3343336125528896926,60500
user4239119231370498537,56000
user9088459736985297681,71900
user5408303443414986772,113800
user5827621192669113092,62400
user8631299068987033562,58800
user7357732295533641098,70400
user868205107209374239,69600
user4204511173795992543,57700
user4519559446248727731,64800
user6287788161150223548,56600
user1281043708300298437,60400
user6510179162888664758,100700
user39968480449306857,128300
user8770405164049716156,90800
user7939027089434647969,1059100
user4847546343734985066,69500
user4704760903069802590,153100
user9024491336194448023,79800
user5952875239596136740,70800
user7877628358690960882,145000
user8203947191936494659,63500
user2969242048988549540,59700
user3134018896196132331,127100
user5662844345461530301,1613300
user1016465251092750312,235700
user7236386154895902800,55500
user3156123387346045743,5530000
user4101361618018882307,58100
user6719278077003587470,59200
user5537030338022366205,62300
user3374594665499503817,58700
user3650120137671679862,62100
user8481700688861534710,61400
user1584479774665936471,58000
user6086735192127411205,60100
user1983248012403359840,57000
user6983078258481153264,54800
user7347240010470824840,54600
user6481926923400904204,72200
user1105556260812057505,108100
user8264567646950199415,73900
user2117999325272129733,96300
user8627391162697748212,92400
user6495219011024422702,81500
user6594242345294405705,62700
user2188439020228997202,59400
user6894205563979687954,59900
user2424328607513101007,71800
user2754896992342218699,61200
user5986031976321006858,60300
user8043078251018197218,125900
user4041632523342672979,59900
user2901135609394874863,69600
user1028637417691987914,136300
user4492768773079546638,214400
user632875480437410882,54400
user6289468042686644892,76400
user8564872510929780229,61900
user900023607692121578,1124600
user413284281259671912,61200
user7541708600720106275,66100
user7703137502150544164,54100
user1861560226471322977,60200
user4409142221109489457,59600
user1570969371824576090,84800
user5174425137492659291,55800
user7934682552709678853,63500
user8926683869787648,91600
user8059936599636702501,56100
user8152593870350996479,61100
user4273955849631789999,52900
user6275627811846683732,57600
user4800996252074781139,53600
user8861382553227588790,54600
user7993510041579449168,56800
user665813901944439117,56500
user8192894946361537953,81200
user7792228511869851357,56900
user6305766430793009727,79800
user854146561151571196,54400
user2076465243629794266,75300
user5988490133587410533,56100
user4783017982431994960,96500
user4233313128326949960,66800
user3022263434814771278,56700
user3539371512707086608,59200
user4333343299013700762,112400
user5947069136552588163,92600
user5322903596593877247,73200
user8404781845741465119,58900
user3779512223401528529,94400
user6682100349381918905,65500
user7030853501775966873,76600
user2848892499298635456,105500
user7178885084972557478,160000
user4288356040983891607,57300
user3126532911616162410,59900
user3381520689567333290,59600
user5663622621191512632,60400
user7058877180576941959,62700
user2344516548517698176,56100
user2527259848072369360,55200
user2414396282962425197,64600
user8790829773663208224,57600
user5497394453134293965,53100
user6004901606301288465,78100
user7801382560690544836,61500
user6968678067129051656,63600
user3915258555391368435,57400
user5940154929780456476,55300
user8758792957962619002,102400
user9061327418521818023,141400
user3710627508077871521,56400
user6708225831428630764,55500
user5350814190787339236,84300
user7411986686991656829,58600
user3590277958387957437,58400
user25338156583665580,74000
user2554610481753690901,124300
user1297123781188821389,82700
user8379889369326547253,61400
user5343109890989527432,67200
user7213380057939550375,64500
user9150978388753265664,59200
user1874852314094841475,86200
user7573197273204252835,66900
user5609368229733496901,90600
user2067311194809100787,56500
user7934122592197538405,66300
user3083443850340616482,88300
user3464245635730951458,57300
user8789709852638927328,96100
user7032191738018089652,63300
user5428852954931689723,60200
user6392617598463755128,70800
user5828741113693393988,63400
user1685731133688783480,103800
user1983807972915500288,62600
user7712291550971237643,97600
user957077801710839549,81500
user2292490181812546451,65500
user1322907617941234683,92800
user4969234129667021929,105800
user4378225326433181131,83500
user7145615263640174263,58300
user2297176363831814132,94500
user6905817770066785108,60700
user7333169647117324011,60900
user3903428034086429398,59300
user5559134829172279617,56600
user2299634521098217807,59500
user594472601181132635,55300
user6651731597922053241,52900
user7522062266836596538,57000
user4952262696441003549,59000
user87525408526278583,64100
user140659878960013418,56100
user75913202439181429,56800
user7473054017909988936,75700
user5460889770632278945,62200
user6153940025914646869,71700
user6141207898803268819,76800
user3487128402610847201,65500
user6669149907052698972,79400
user7747906444962511436,63500
user3046939167838601462,56200
user8635985251006301243,100900
user1605805990085867552,56400
user4297728405022426969,56900
user417970463278939593,54800
user7840563715676805414,78000
user7635932668363308500,55400
user8641791354049849820,55400
user3199543848446946651,67900
user3349142228572445503,51800
user4777553524682744948,57000
user6290587963710925788,52600
user52688790264987121,58100
user6856922605747690603,96600
user7219527806277397517,73400
user2906941712438423440,55800
user5877076317500348045,83900
user7647876274275760634,157400
user6385703391691623441,58900
user8745500870339100504,60100
user8868868537807558711,60200
user7439119005455136487,58100
user2991564855356304835,58700
user8610314498861401046,56100
user8962304084251835020,60700
user9214833704936602225,60000
user10937965231563972,52300
user6210869318030153957,63000
user8290798359607240060,90400
user5073503606468413061,60100
user4053244729429770133,54800
user6460610953449916708,102000
user4378785286945321579,56200
user7446823305252948291,58400
user8544447901316288161,3439300
user4031140238279856721,56700
user969468283527919034,65700
user8947685577681891529,57700
user4211437197863822016,60400
user6033372161006890902,58700
user770083378745830249,58700
user2242693411687012933,57900
user5123518691811788462,63400
user6234766775324001810,61500
user3333963761490361564,57800
user429022708853896299,57500
user7133454914336634447,55400
user4255977579989003820,65000
user6783911668916906362,55700
user991572774677832446,72600
user1323467578453375131,64100
user8708777872619243601,59400
user7641738771406857077,55600
user8415834091316421825,65900
user456933303047358288,90800
user6268483472561012376,73200
user3105548341490529894,57400
user4817967685300799519,83100
user7165604814644736766,63900
user3563268970000934461,118800
user216357533743986802,72300
user9214492059642303660,58900
user4986310793503369095,88500
user1220877983188405343,61500
user8325634977868531522,74600
user2707340064265246973,108400
user5805735016737041563,91900
user9109444307110930197,68300
user4729436636093632774,52900
user8301632289964354883,71500
user8528149513209923326,94100
user3963375443980480609,60500
user1598879966018038079,59300
user902481764958525253,72700
user6466530141100978382,77800
user6298840406725180254,72600
user6510957438618647089,143600
user6390389573710891122,99800
user4277863755921075349,131300
user2945904552206842135,93500
user8543327980292007265,59700
user2907501672950563888,56200
user5298227863570047063,65600
user2352655906924439545,60500
user7787542329850583676,51200
user8467082182291591219,58600
user4770627500614915475,58900
user3756847771739474669,59000
user3280817473760928943,54600
user7817680948796909671,60400
user4832927837165041575,114900
user8982510378647485205,54900
user2507613514188859623,74400
user1548304920162522230,80700
user6608860851864349196,61100
user7596409868082749357,59600
user1736306179544299329,67100
user8784463710107519199,75900
user8682652390572531742,74300
user3712525704832134748,63100
user1028077457179847466,59300
user4343057308346534689,91500
user3297675822379434226,62100
user7953987241298890025,86900
user6505711296087238960,60200
user2128273295117104108,57400
user6242471075121813614,79500
user3855758021401944575,56000
user152272085047110572,150300
user7537582379212979042,57300
user4073451023825420318,56800
user7634812747339027604,59500
user5074281882198395392,79500
user1445933640115394325,63300
user8038952029511069985,71300
user9104976440309504399,61700
user7245198558422297714,59000
user6212549199566575301,115500
user23670092342942022,60400
user3936024810299159068,59300
user5343888166719509763,60000
user7938248813704665638,63000
user2138765580179920366,58800
user1361870457709653378,55600
user3684396795420830876,82000
user792187869895743661,95300
user1198213531526351483,64100
user253753576583497250,69700
user2958189803413592834,84100
user3321573279673282079,102900
user1735746219032158881,73200
user3731052117691363589,66200
user1661180302568164179,66800
user4744956748470015278,218900
user3222208300109000511,88700
user3185485302389143608,57600
user8994900860464564690,62400
user7691866941357745575,51800
user4689800751205560534,72100
user6531163733014297274,61700
user6028126018475482773,66400
user7385642889727103087,58800
user6770631398589085650,56300
user5130663031097459818,62700
user7879421324834895323,59900
user4879035016219131626,58700
user951490013885132855,57100
user6832919917843513964,54600
user2931504360854740527,67900
user49122529270000336,56500
user8380449329838687701,65800
user1620984457167951491,59200
user2389833634546108110,58500
user7088126011012526727,66300
user7158565705969394196,67400
user2312914791426038519,69500
user5982124070031721508,60100
user4289134316713873938,102500
user8242244840582444120,61600
user2892323205868479949,73800
user7296105004103168543,73300
user8086167312293743146,50400
user8378769448302266357,119700
user5498514374158574861,68000
user4870989071127021257,61000
user3599432007208650916,58000
user3496282451431540680,74400
user7575425297957116841,69900
user2323967037000995225,82000
user7725583638594756141,60800
user899463647179981130,81800
user4919105959716133431,58300
user6058824597933949216,62400
user6543554214831376759,92500
user2646159648739401769,71200
user164444251646348174,106800
user2516767563009553102,217900
user8505485061547869466,74100
user1533904728810420622,114000
user5801608795229914330,80900
user6367165161536696814,62800
user5351374151299479684,55300
user3122406690109035177,64200
user7521843951618754655,95500
user7599209670643451597,60000
user4189332706713908604,58700
user9104758125091662516,64900
user4101579933236724190,58400
user187108703308402034,57500
user2820308859985519922,53800
user3848613682116273219,58100
user3243534515528931592,60500
user5361088160632313611,56500
user1835329513814282332,52100
user8219685619530719046,61300
user2030028236577103436,59600
user1509788956298730886,58200
user7901744131202650618,53800
user5479976144003648234,71300
user7050283092268388928,55300
user2832034150680130173,56700
user8066520978410233409,56400
user7599987946373433928,70200
user1132565249199080481,62200
user8369397084263730995,61200
user2512641341502425869,119300
user292156455839775497,73200
user1310187308125554419,61100
user2073677258364789812,70600
user2987438633849177602,65200
user803458430688542250,57600
user7653122416807168763,78500
user5736302158196941893,89500
user7357172335021500650,93100
user9011540893865228090,56800
user9032525463990860606,88000
user4524245628267995412,56800
user7708165329464110410,64700
user676306187007255375,82300
user884285180097897191,64300
user7823487051840458248,62100
user5031639696827476815,86400
user4590890501543090628,56800
user64300996352084275,70000
user2013729848470738601,61000
user8397307678457192984,61200
user6395635716242299251,367800
user6640119391834956087,88400
user1699023221312301978,247700
user7999647544448352725,1584600
user7258149000751517647,86700
user8544106256021989596,80300
user7915584362042611778,83300
user2753777071317937803,59500
user3903987994598569846,58400
user7861329970584596047,57100
user6084495350078849413,86800
user1362990378733934274,58800
user3249558933790322052,83100
user5106660343193283179,63200
user4862176667600626343,76100
user1930226626577138102,60200
user8049662629791728126,60100
user627629337906002753,49600
user8269035513751625213,94700
user5020027490740379661,70200
user3222768260621140959,81000
user2734130737434428066,59600
user5822375050137704963,60400
user5657256557635823607,54800
user3096394292669836415,61800
user3383418886321596517,69200
user5916712202388420285,58200
user8517097267634966620,68900
user3638394846977069611,70300
user2337259124624513723,61400
user1884784638645517285,85500
user3941830913342707645,60500
user4099681736482460963,96400
user8064622781655970182,59600
user874912816059361829,80600
user6757120995747725269,55300
user3368788562455955240,62600
user4393185478297423187,63800
user9099730297778096270,60900
user606084807268229789,79700
user8105596902786165201,62000
user3702033419769318490,77500
user8554940186379104419,77200
user8707657951594962705,92300
user1244880671092581982,114100
user1458665767226772375,77400
user1171309773749657293,82000
user2616910818303817001,1503900
user7144507159911591153,112900
user2338710445474149599,63700
user5623208460573458061,62500
user616358777113204164,98600
user5487680443801460038,57500
user6668589946540558524,105100
user5862676126148246437,59200
user3018915489037626376,102100
user894217504648573001,59300
user4465076494103926532,81300
user5927764447963376991,59500
user2694276537328513943,66200
user1469158052289588633,60900
user5128204873831056143,54800
user2150036140972718955,118500
user515655561306799817,92600
user4736362660161462247,108500
user70885375125615183,64900
user6280873954378091861,62500
user6551588342627789342,56800
user604404925731808445,61500
user766175472456544899,66100
user6988542716230403276,72000
user2254087302556268204,60600
user7256810764509394868,59300
user3495722490919400232,57400
user6867756536104805426,71900
user6622152939487867694,53000
user979182292860752961,56400
user2810158220217002229,72200
user2974146546225659104,58500
user5936576851489771905,93800
user407259862998281452,84900
user4958960159822047554,58800
user6302418485015864825,79000
user197041027859077844,61100
user1519286222240477131,54500
user6835938035622058087,64300
user112201141550108767,60400
user1321239553700511125,60900
user6553828184676351134,56900
user6153380065402506421,63200
user4442298957834359575,59400
user1209484092319150072,83400
user5684388876099303265,79100
user2638455348941589965,68100
user1032763639199115147,66100
user997378877721381023,56500
user6203395150745881822,57100
user8495771052215035539,112500
user8653403560136946974,74900
user8155052027617400154,82900
user8131609300225363963,86100
user6267923512048871928,64500
user7459543615068628555,77400
user2380119625213274183,57100
user6156168050667510875,58000
user6161974153711059452,91700
user8259881464930931734,58100
user5958121382127544869,202000
user7879639640052737206,86900
user5977437888012453827,58400
user648955553325933834,174000
user8454236970572700072,64100
user7488232484992072875,53400
user8594794386485018542,58700
user7959793344342438602,1037900
user7210373757456704038,1667700
user362490920186314180,65400
user2074797179389070708,50900
user753443345345166849,88400
user2419082464981692878,96400
user2413836322450284749,91800
user2200051226316094356,61100
user8269595474263765661,93200
user5575651532496486335,60000
user690924693577198866,58800
user5211489780506814759,115200
user928712477615565898,58600
user4766501279107788242,55900
user2985198791800615810,80700
user8202608955694371880,70200
user2502927332169591942,78000
user2799324289859887406,70100
user4950147756295652640,60900
user8028678059666095610,142400
user2302422506363222261,88300
user2641473466720134088,62300
user3370126798698078019,61800
user3751601629208066540,57700
user3991286038173942598,58300
user8242463155800286003,61300
user279206013510555564,74600
user8078133184497330563,93500
user1369356442289623299,80700
user3379280847518771498,62300
user6740822607641360434,68700
user5851623880573289731,97500
user947923752890146070,58500
user5184139146825493218,62000
user2040520521639919694,133800
user767843536697268457,67200
user8936073371594794375,93600
user3838899672783439292,58600
user2095781749514703224,123600
user4299968247070988761,69400
user3184925341877003160,58700
user1044594160504054184,60100
user3208697897267640130,61800
user5343669851501667880,58100
user3247660737036058825,56400
user7383744692972839860,95900
user9188821307497403463,64200
user6053578455402541087,77700
user9083773554966030000,60800
user440074954428853005,84600
user328101177829650069,65700
user2968682088476409092,84600
user95229708324090387,57700
user1703709403331569659,85000
user4363595002567539854,87200
user8611652735103523825,92800
user6794963914491863068,190700
user1082891809150003645,83500
user5936016890977631457,82800
user3370686759210218467,91900
user4279761952675338576,63900
user2880151039269242347,62600
user5926644526939096095,57800
user1484336519371672572,60400
user2635667363676585511,55300
user4991338620816935341,56700
user1319901317458388346,78300
user8939981277884079725,57200
user5359408279095892267,63700
user3823161245189214905,76900
user3241854633992510248,62900
user46334544004995882,57200
user2298296284856095028,56600
user5996524261383823116,59300
user1242982474338318755,163000
user8742494569856254167,87000
user3158134668707822067,60700
user2632089285385900940,68900
user6968118106616911208,80000
user2276410108924023499,62200
user5349475954545216457,61500
user4158074166743301713,71100
user1099408512474210363,57600
user3611044213295748070,60000
user8769845203537575708,99500
user7943494956236073767,71600
user4870770755909179374,68800
user35282298430039176,59900
user1951211196702770618,67600
user4652517792973563183,81500
user2042200403176341038,69900
user8657529781644074207,178400
user759031133170873543,102800
user1609372251080854337,62400
user3336191786243225570,79800
user3947855331604098105,85200
user7298344846151730335,112400
user7197081669833185540,57400
user1447613521651815669,57700
user5813221001317011484,56600
user1082550163855705080,70900
user3321791594891123962,55500
user4089749411931785153,59900
user7597529789107030253,61000
user9009861012328806746,58100
user141779799984294314,69300
user2617689094033799332,57400
user2822661786641594811,63100
user6701186722753288194,61300
user6526695866212871476,64100
user241923055278558213,61800
user8659427978398337434,56100
user7301132831416734789,58700
user3276691252253801710,63500
user2884277260776369580,56900
user5423046851888141146,54800
user9022251494145886231,57900
user3413888905093277492,69700
user6426894256212906142,66900
user7973863707695939431,57600
user2518447444545974446,77100
user3562709009488794013,61400
user426564551587492624,62500
user6357792797498161452,58200
user5652570375616555926,62000
user9210925798647316875,84500
user8460043073616248649,58900
user7939368734728946534,208100
user7585357622507792651,64500
user3942049228560549528,72900
user7587815779774196326,62700
user3561589088464513117,104900
user5560473065414402396,61200
user3238506688215365346,57600
user5436327122215961858,61100
user3551875079131679190,61800
user2391513516082529454,60200
user405579981461860108,81800
user5450397485569462687,59100
user8429126178939940323,71200
user6464177214444903493,71400
user5321565360351754468,61700
user9121056513198027351,88800
user2901695569907015311,203100
user6142887780339690163,60100
user3737418181247052614,99900
user8037832108486789089,95800
user8484718806640078833,57800
user3192399509161275295,56500
user4886509183503403761,82700
user6090301453122397990,60600
user5229126404855302373,147100
user6903919573312521881,102200
user3695107395701489017,1769300
user1320119632676230229,58700
user8241124919558163224,55100
user5695441121674259971,57400
user1940937226857796243,67400
user2091095567495435543,57200
user3837219791247017948,93500
user2390393595058248558,62100
user5482994261782192357,85500
user8275619892525156121,53400
user8687120257373957540,92700
user7349468035223688846,60600
user676866147519395823,66600
user4215003458858808801,66400
user264245861646313508,57000
user265925743182734852,73900
user8565992431954061125,534700
user4057370950936897366,114800
user7591163725551341228,55200
user7207915600190300363,73200
user7734956002633291503,73100
user4826561773609352550,58900
user5344229812013808328,62500
user8366938926997327320,52900
user3585373461150847873,72300
user3075409722544203899,59900
user5707053327761357125,102500
user8017625814091138904,62300
user1378728806328158661,58300
user730000617953130658,58800
user6494099090000141806,56600
user3480544023837316293,73000
user3479984063325175845,56900
user2156402204528407980,52500
user7471155821155725709,57900
user808704573219950379,78900
user4706553869213737031,61500
user1028295772397689349,58900
user8584862061934342732,64700
user8973138014608949843,56300
user2826009732418739713,55400
user4224500724800555046,71300
user6199817072455197251,56600
user5383970927512209354,78300
user6999376646587518099,56400
user4640687271668624146,85300
user677644423249378154,55500
user2765389277405034957,61900
user2426568449561662799,54300
user1462232028221759160,61100
user6938196231061672895,59300
user4580739861774572935,64600
user279984289240537895,66800
user2021204015755010736,69900
user6757339310965567152,60800
user3507334697006497386,61500
user6113857265121947278,71000
user850008522348746177,55600
user3310521034098325373,57600
user4254079383234740593,63700
user1006191281247775937,75900
user3269765228185972237,69200
user3446827326600305727,57200
user5755948492080451630,65500
user1820929322462180724,69600
user7261496946528662549,71500
user6219133578340106209,64000
user3563487285218776344,66500
user544126116012402254,79500
user2732450855898006722,61400
user7890691885627693912,54300
user5787538431876413501,63100
user6520329802657182451,57400
user1358304196714666593,59200
user2482937781165029439,63600
user7471715781667866157,107000
user6174924596040279385,56100
user2514539538256689096,64500
user1880989816963745032,66900
user9111902464377333872,65100
user3984360014106113125,60600
user8782795645866795641,61200
user3452851744861696187,60300
user5476628198226503332,103400
user7692645217087727906,64700
user8083939287540879140,61200
user8303530486718618110,64900
user6464737174957043941,301700
user300750544148328528,107700
user2717832349328063231,116200
user1119614806869860548,55400
user6105044861595552364,57200
user2468319274595085948,256700
user2617470778815957449,72600
user757351251634452199,203400
user4255199304259021489,58200
user6482828529207343217,77900
user4970914011203443273,58400
user3821263048434951678,54400
user1813225022664368920,81800
user575602971200851028,77600
user8341486490070269006,80600
user6328990842967204035,60700
user4519217800954429166,85800
user6359347777131371913,88900
user2793518186816338829,55200
user6036938422001877687,60100
user2995472761645590185,68400
user7061335337843345634,64300
user4576271994973147137,61300
user315380868013969805,61000
user8741934609344113719,58100
user7893366786285185269,69700
user5943161230263302813,81700
user2198153029561831129,79400
user1709733821592960119,694900
user5129884755367477487,95700
user2253527342044127756,59600
user3816795181633525880,81000
user3579785673325141179,111300
user7976651692960943885,92900
user4885949222991263313,71900
user4768959436374191917,56400
user2393411712836792681,59900
user5807414898273462907,58400
user4948467874759231296,108500
user6459491032425635812,65800
user3631033764300310573,59300
user8214221161781469034,72900
user4188212785689627708,83500
user2200611186828234804,61600
user4606410613919473132,62000
user6944333733930576452,77100
user5652352060398714043,165000
user1504542813767322757,58500
user3459217808417385212,108900
user65980877888505619,64900
user3963593759198322492,59400
user4646151729417874158,89500
user815743681895292949,55600
user3174433056814186902,82000
user9165036934811068707,77700
user3937144731323439964,61900
user7390329071746370768,57400
user2315932909204582642,57100
user617697013355326943,58100
user197600988371218292,55700
user2664686061598630610,85600
user847220537083741723,61400
user2050234530972753621,59400
user4757907190799235211,59600
user1508120892058007328,64200
user5268649205135861516,57600
user4112413863593839013,81200
user1281603668812438885,65400
user702536899664296020,94700
user6583750060231589447,76900
user1995420179002597442,64500
user2634547442652304615,63200
user1759643676326006734,61100
user7351926192490092521,1650800
user588448182919742175,62500
user7457315590315764549,217900
user1094504015237100799,61100
user7184691188016106055,86300
user7712851511483378091,71200
user9122176434222308247,60500
user1775942064432371569,61300
user5243526596207403981,72200
user3293881000697661973,80800
user7539480575967242269,77800
user5130444715879617935,58800
user401112114660434310,60400
user2192346926518282552,108800
user4744615103175716713,78100
user6410035907594400859,62700
user408038138728263783,57800
user2942109730525069882,89400
user3032755719877587536,95400
user8128261354448219061,60100
user3706501286570744288,64700
user3332283879953940220,56600
user6075122986040314051,75100
user2627403103366633259,54400
user3822041324164934009,93800
user7507443760266653047,113600
user6493880774782299923,68800
user7361080241310786000,78200
user3233820506196097665,88800
user864638846214387454,70800
user4834266073407164354,80100
user8484158846127938385,110100
user4179618697381074677,66900
user527827727906037419,58400
user4551596261949316953,78800
user60174774844957042,61200
user3338089982997488797,80400
user6439844698542126075,55700
user5848605762794745608,64900
user4532509888577947664,90100
user6769511477564804754,91200
user292716416351915945,63800
user3711405783807853852,61700
user6492760853758019027,56700
user877919116542208166,57600
user7423598893078753983,71500
user4871549031639161705,98900
user5111906485724691308,59200
user8110843045317573330,79300
user9110004267623070645,95300
user8980842314406761647,55600
user3471389975016622814,58500
user2534404187358040716,69600
user1436001315564718515,58100
user1357402590908227580,114600
user7290080585841778083,80000
user1677478690674529014,92100
user7827613273347585481,107200
user4998264644884764814,265300
user2855818523366464929,57600
user2753217110805797355,57500
user7565151328112142466,65900
user1271671344261763075,73600
user461401169848784086,56500
user1986939175301557508,108400
user7589495661310617670,78300
user5549980780351586138,63400
user3436553356755331352,156900
user1962263442277727324,86700
user7904532116467655072,59700
user490763084891881951,95100
user6817628366153916928,57300
user7688518995580600673,80100
user3788324626927923443,58400
user6861390472549116401,56600
user7708943605194092741,63200
user3905886191352833073,71700
user4212215473593804347,95300
user8429344494157782206,87200
user4986092478285527212,72800
user8411707869809294592,105600
user2529718005338773035,94100
user3048059088862882358,61700
user2893661442110602728,121200
user578734173586908248,60900
user8175818282525190787,58800
user4268149746588241422,63700
user7812434806265501542,62700
user4113305223931334441,61500
user466647312380192215,54300
user6405909686087273626,55500
user6158066247421774102,185000
user4279201992163198128,60800
user4173252633825385652,60300
user5152549207029531347,110700
user8385695472370095830,65800
user4232981728501594980,64100
user2694494852546355826,63200
user8873554719826826392,68700
user2228634865629209890,84700
user2401445840633205264,68000
user4859936825552064551,90600
user1457545846202491479,74900
user390401514379776169,81000
user1974653924094806809,83500
user8139313600023175767,66400
user5861337889906123658,93400
user6282542018618815419,77800
user895555740890695780,64500
user7344221892692280717,82300
user3832315294009908384,58500
user63741035839943827,69200
user8996020781488845586,80600
user5949308978601149955,89000
user1875525359214495020,65500
user4869650834884898478,57300
user6453124968869946787,60700
user5553547041346572923,97300
user6669368222270540855,79500
user7835317573145397285,58000
user5260944905338049712,78100
user1678256966404511345,79700
user4132951557814844178,65300
user5727477937374849193,75900
user2156962165040548428,60000
user3249340618572480169,60900
user2413618007232442866,65500
user1353058054183258464,59700
user7257930685533675764,84300
user164662566864190057,89000
user1572867568578839317,57500
user7208133915408142246,74600
user5689635018630711394,55700
user6520889763169322899,64500
user4414948324153038034,78900
user5507326777684969775,95100
user5108558539947546406,60900
user5447379367790918564,61100
user2512859656720267752,89000
user634555361973832226,78400
user8256303386640247163,68300
user7906990273734058747,56600
user5596977747916417416,76600
user1017585172117031208,62600
user8756553115914057210,90400
user791846224601445096,75100
user2695167897666009371,90500
user4014841850173491886,73600
user3110794484021938023,63100
user8192334985849397505,56300
user9599728989441193,80600
user8510171243567137147,55400
user4615234834741565832,76100
user8516755622340668055,62200
user8984750220696046997,58600
user2507395198971017740,62800
user1698681576018003413,97400
user538538328186695560,60500
user1518166301216196235,128600
user1592513902462349054,66300
user7960353304854579050,135200
user3683836834908690428,83500
user1209825737613448637,73900
user6835378075109917639,73700
user1693777078780893849,61400
user8515417386098545276,56300
user5549420819839445690,56300
user9210147522917334544,99300
user7356954019803658767,84400
user9108324386086649301,54200
user1136473155488365831,102400
user4618022820006570286,59200
user1583141538423813692,156600
user4403117802848098997,67700
user5085115812555510215,79900
user7944054916748214215,58300
user496569187935430528,56600
user3731612078203504037,67900
user7221426003031660744,81700
user2958408118631434717,57300
user1989832391176890748,78300
user4768399475862051469,62500
user6735016504597811857,76700
user1755175809524580936,104000
user8595354346997158990,64900
user5680480969810017915,60100
user5218415804574644232,109500
user7003502868094645332,76700
user2291370260788265555,497700
user4238900916152656654,149900
user7004841104336768111,61900
user6316818676367966433,86000
user416632227036816814,74000
user8335348987201365449,71600
user5916152241876279837,62500
user4651179556731440404,76400
user8203387231424354211,92900
user8361132823953778743,106800
user2503487292681732390,74100
user2729444555415160385,160800
user1654814239012475154,59500
user7475842003174993390,56300
user4026454056260589040,59300
user3300247064253350998,92900
user946803831865865174,59200
user7345560128934403496,65600
user4635099483842917452,65800
user7437439123918715143,61000
user5157235389048799028,65900
user5591389960090710722,76500
user7314083273745954722,60300
user731120538977411554,59800
user163884291134207726,57400
user2065412998054837560,80900
user8622704980678480531,73800
user73685177686317423,83100
user6608082576134366865,73300
user2551822496488686447,58200
user3754276529865557897,61200
user6741600883371342765,59300
user55488592825689361,73100
user1122632924648404671,58000
user7031631777505949204,65400
user8737248427324846038,56500
user7581791361512805866,65000
user8658649702668355103,58600
user1241862553314037859,62000
user4015961771197772782,58700
user1134245130735501825,66000
user8004115411249778523,80500
user780234018514347942,52600
user8867188656271137367,54900
user6400321898261566932,93500
user4419976151466604280,86400
user4253519422722600145,61500
user1222216219430528122,59900
user5127644913318915695,67900
user7138701056868042576,59800
user412164360235391016,61700
user7923848622352564030,99000
user1456207609960368700,160300
user1324805814695497910,187900
user7752032666469638669,165800
user7702919186932702281,60900
user7172965897321495804,83300
user578061128467254703,89500
user5912804296099134935,59900
user4706772184431578914,108800
user814510676263498956,78800
user5498172728864276296,63600
user5689075058118570946,53700
user6200936993479478147,61400
user8408359924032149690,94900
user9005734790821679513,62700
user2771413695666425417,546500
user1143399179556195304,64200
user1298575102038457265,85800
user2996032722157730633,78300
user8869086853025400594,56700
user264587506940612073,74400
user4504039333872345227,59800
user2880710999781382795,79100
user8979722393382480751,60500
user7818800869821190567,59700
user653860050563043398,54300
user7916144322554752226,72900
user6396195676754439699,57800
user1221656258918387674,60600
user7093372153543934856,112200
user3210596094021903357,53700
user2290810300276125107,64200
user4064296975004726839,53200
user6629067146259999381,53400
user461619485066625969,75800
user369075298959845088,99100
user8417513972852843169,62400
user9022033178928044348,58500
user3799718517797178714,94300
user8378551133084424474,55600
user2149817825754877072,54900
user8527589552697782878,130000
user5436887082728102306,58300
user3671104707797312378,55300
user34722337917898728,69200
user3878535557671511532,66300
user7874953458033469525,58700
user165004212158488622,232500
user6290246318416627223,58400
user7109452226432457808,109600
user5334515802680974401,57200
user1108562561294903842,58100
user7722783836034053901,61900
user6179392462841705183,73200
user3258153022098875083,54200
user1135913194976225383,64800
user8087847193830164490,54800
user7031413462288107321,114400
user6036720106784035804,92700
user2391171870788230889,105500
user8884825280619624981,55600
user6047990667576834393,60600
user3414790510899716505,67600
user3437113317267471800,331300
user4257097501013284716,60400
user1506782655815884549,74700
user138991814719289860,66400
user7536462458188698146,66200
user5117152628256099437,56300
user3424941150668234198,65100
user8089185430072287269,58300
user5988043257682783182,61900
user2452020886488721113,62600
user7109670541650299691,65300
user7697673044401294152,55800
user3611604173807888518,53500
user1083451769662144093,61900
user505723236756124007,62000
user6759579153014128944,60100
user6062950819441076449,72300
user7231918288094477002,97400
user8187430488612287941,4974700
user5756166807298293513,70900
user3849173642628413667,72600
user2039742245909937363,66700
user3496500766649382563,59200
user5703145421472071775,66400
user7481648106218541967,69600
user1153891464619011562,58200
user2618249054545939780,57100
user6747966946927031790,86100
user7833419376391134058,96700
user314042631771847026,62100
user2112753182740721604,93800
user278086092486274668,97700
user5749022468012622157,59000
user4810710261407615066,60500
user4413610087910915255,157200
user7962033186391000394,117000
user8812934264813121636,236700
user5706493367249216677,57200
user8066302663192391526,204800
user5459209889095857601,79600
user304328622439013099,71100
user4265131628809697299,92800
user2870996990448548868,56200
user2267037744885488137,70100
user7901184170690510170,59700
user8185750607075866597,62100
user2985540437094914375,107200
user7508438779387723060,108400
user1715321609418666813,56700
user7107212384383896016,66800
user8255195282911664053,61400
user8895659210976739804,89900
user2027570079310699761,84900
user9094265840028846258,62100
user2222828762585661313,61400
user714262190358906271,108600
user3232482269953974886,55700
user6162534114223199900,95000
user5030301460585354036,82500
user6176604477576700729,61800
user6744948829148487667,55300
user7814333003019764769,53100
user1382306884618843232,69600
user1780846561669481133,61900
user8857256331720461557,59700
user890869558871428099,61000
user6325082936677918685,76700
user8617458838147072402,57200
user6143447740851830611,56800
user7899285973936246943,71500
user1704269363843710107,57000
user2976386388274220896,81900
user7246318479446578610,68800
user2377113324730427846,102500
user5225560143860315588,58200
user8536961916736318240,103100
user1640414047660373546,60400
user1669432745582418645,58200
user8518435503877089399,99100
user2362369916257273472,53300
user2517327523521693550,55800
user7955107162323170921,58600
user5194071471376169028,76700
user6760687256742712054,69000
user8114856182217187466,65500
user105162032874766197,78500
user4166668255051854744,56100
user8302192250476495331,57900
user2288022315011120653,61800
user3395579235625136333,63000
user2745742943521525220,105100
user2199272950586112025,61600
user6041406288803303485,67200
user2565662727328647607,57600
user4997144723860483918,56800
user7676346828981363071,62700
user2292708497030388334,79500
user2734690697946568514,62000
user5986591936833147306,121100
user4262903604056833293,64100
user6563760509227026944,97700
user6054916691644663866,57100
user5565719207945810525,62000
user5698459239452804094,81200
user3485448521074425857,103700
user7651671095957532887,102200
user3121846729596894729,81400
user8537521877248458688,79100
user1856874044452055296,78000
user1472505998066733535,70300
user4740488881668589480,66500
user6928376991118510182,60700
user2049114609948472725,56600
user8344161390727760363,83200
user7303031028170998016,75400
user1787212625225170158,61000
user3690421213682221336,81900
user59833129550658477,68300
user5686287072853566492,223100
user1638061121004298657,3769100
user6564880430251307840,94400
user5917490478118402616,73700
user4665798063301383895,69800
user8306318471983622564,89700
user7531663191561917368,55600
user4531389967553666768,66600
user4156735930501178934,109000
user6680202152627655678,59800
user4882382961996276528,76800
user845322340329478496,84400
user4531171652335824885,64000
user5324023517618158143,91000
user8834591880058407697,93700
user312922710747566130,64800
user3945957134849834878,61200
user8577044677529017831,68700
user5923856541674091641,62200
user6986644519476140049,62900
user4218581537149493372,69600
user2608316729995263970,57900
user3371806680234499363,64100
user2760361450091468711,81700
user6503813099332975733,79900
user4481934842722431815,64200
user8427446297403518979,73600
user2854138641830043585,57800
user6643137509613500210,59300
user3242414594504650696,56200
user1105774576029899388,59500
user4054364650454051029,62400
user6218915263122264326,58700
user7125408969244524078,76500
user6130497298522610678,67100
user8510949519297119478,58600
user664134020408017773,70200
user4993796778083339016,61600
user3536696612049595251,56800
user501037054736856326,58800
user8871874838290405048,59400
user3986599856154674917,88000
user3719999872116406883,62400
user6189324787392380993,65200
user263467585916331177,70100
user6173026399286016158,56600
user6165552232001744023,123100
user8628511083722029108,77000
user1408090721371256526,69300
user5173533777155163863,56200
user7918042519309015453,82200
user3939042928077703191,75100
user1474185879603154879,71700
user5245766438255965773,60200
user7186931030064667847,62900
user7032533383312388217,62100
user201727209878345525,56500
user1073737760329310166,76400
user8706984906475309160,82200
user547692377007389039,58500
user7613828177213395088,58700
user166342448400611401,62700
user4635659444355057900,68900
user2291930221300406003,68600
user5927204487451236543,63200
user3673344549845874170,56800
user4155616009476898038,59300
user8457368172958757292,56800
user8191775025337257057,60400
user6869094772346928205,55400
user504043355219702663,58500
user7258708961263658095,63400
user6582630139207308551,70200
user3841127697536303298,80400
user352776910853480253,67700
user7405849184122753272,85700
user859392703682979325,56100
user507621433510387234,59200
user9211485759159457323,68700
user5333955842168833953,72400
user3929098786231329595,90100
user6152601789672524090,77200
user8086727272805883594,112300
user4556282443968584634,51600
user7372132486885742706,73700
user1777280300674494348,87100
user7124630693514541747,58400
user3031647616149004426,58700
user4047438626386221556,59400
user6855584369505567824,60900
user2429916395338807701,54500
user6299400367237320702,112900
user8758232997450478554,88000
user9034423660745123833,59800
user554836716293060395,57200
user6732228519332807403,57000
user5030861421097494484,93900
user3552216724425977755,75400
user2645039727715120873,61800
user741612824040227812,55800
user888411401605024424,58700
user9119936592173746455,56100
user3519506863605734988,58500
user4266469865051820078,66000
user2278649950972585291,56000
user4521457643002990958,53400
user2408371864701034737,70500
user2513201302014566317,58400
user2450900965464440217,58200
user5602223890447825545,89700
user8521223489142093853,78000
user7880199600564877654,85000
user8040290265753192764,59500
user4584971313892028954,58300
user2505155356922455948,56800
user5863349171267899982,63500
user3338649943509629245,85200
user3926310800966325141,82700
user7484106263484945642,80400
user6291926199953048567,78300
user1884224678133376837,72000
user1769462916269169447,75800
user4431028397041560986,65200
user4326758920240169854,86900
user2254865578286250535,59100
user6008809512590573815,81800
user3906994295081416183,56300
user5937696772514052801,111000
user4127032370163782504,111700
user6509837517594366193,62800
user8644249511316253495,61700
user3299468788523368667,62200
user181302600264853457,58600
user7624320462276211346,108300
user6720616313245710249,61900
user978840647566454396,75400
user6425774335188625246,77000
user5041353706160310742,221500
user8532275734717050559,109400
user7582009676730647749,1863100
user2480822841019678530,63100
user6877688860655481236,68000
user1753942803892786943,79600
user8163646115925953185,59700
user7691306980845605127,69400
user1247886971575428319,60100
user7530543270537636472,65600
user7917824204091173570,78700
user3801056754039301493,92400
user975274386571467611,59500
user7983577717028773358,62800
user8862720789469711569,62300
user6552708263652070238,57300
user7860770010072455599,259700
user1753724488674945060,57700
user2824776726786945720,62500
user6543335899613534876,59200
user8985528496426029328,61200
user763157354678000776,79900
user1974435608876964926,59700
user1456767570472509148,72300
user994360759942836900,56700
user7371572526373602258,85400
user4409483866403788022,75800
user8202827270912213763,56400
user1798606516094425429,66400
user4528371849775122645,90500
user5399491039888591858,72300
user8598142332262163444,59000
user8837050037324811372,94200
user6131835534764733457,94300
user2897227703105589513,110000
user3458657847905244764,79900
user3925750840454184693,68100
user1198991807256333814,87900
user2404463958411749387,62900
user7097280059833220206,54800
user3001497179906980645,84100
user7928876449666130276,55800
user5362426396874436390,57300
user3122966650621175625,76600
user16184107762972101,63200
user496009227423290080,57800
user7737414159899695178,57000
user291938140621933614,58500
user3679928928619405078,87300
user3789444547952204339,52200
user2061846737059850775,60900
user2153384086749863857,66800
user5324583478130298591,69300
user516993797548922596,56000
user2743284786255121545,64300
user2154504007774144753,73200
user7611040191948390634,72900
user8080361209250194569,60600
user1933792887572124887,58200
user8720048433412042190,92300
user3803844739304305947,56700
user5233594271656728171,55900
user1452859664183223798,62700
user7020921177225291063,55900
user1026957536155566570,80300
user73125217174176975,87200
user6029794082716206331,103600
user3518605257799295975,61600
user8595914307509299438,59400
user406358257191842439,3646600
user9112462424889474320,67700
user3107446538244793121,101900
user7180005005996838374,107400
user5087014009309773442,101400
user2028130039822840209,91500
user2077803479871917045,58700
user5610488150757777797,68700
user7121282747737396845,72300
user6873220993854055438,74500
user1855205980211331738,147500
user1643980308655360331,129500
user6280313993865951413,577600
user187327018526243917,64800
user3623434695112827555,64700
user7633257767705817143,53500
user2776659838197833546,55300
user8962864044763975468,67500
user3447045641818147610,70700
user2529158044826632587,90700
user8597022411237882548,78600
user1287304541245658676,60000
user4463065212742150208,67400
user8975036211363213070,77600
user417192187548957262,86300
user7892371767164115256,65700
user4426000569727994740,90100
user4515091579447301933,65200
user6781123683651901908,59400
user2774761641443570319,57500
user2550484260246563668,86400
user6575591030531965981,59000
user1768342995244888551,74400
user8165325997462374529,63000
user3042139901211820684,52100
user3770014957459782284,60600
user8268475553239484765,59700
user6189884747904521441,66100
user2990444934332023939,56900
user3007644928244827787,62600
user6572137854144492293,69800
user8829905698039140016,114400
user8879920783382515417,60400
user6389051337468768343,77300
user380687505046942242,59000
user7107772344896036464,76000
user8302752210988635779,57000
user6882935003186889365,58800
user8803220255480287709,87200
user8702858684968181927,85700
user2061286776547710327,1082300
user2756795189096481926,1579800
user6085055310590989861,63800
user7098618296075342985,58900
user4607188889649455463,60500
user8267355632215203869,82400
user6570686533294856417,77200
user1527767225941517065,79500
user1583701498935954140,61700
user643149450282385257,57400
user2376553364218287398,79400
user3903646349304271281,102400
user7698233004913434600,61700
user8480032624620811152,82800
user8814167270444915629,61900
user1775382103920231121,69400
user4193458928221035837,78500
user5973424751112839691,70300
user5261163220555891595,92800
user7098399980857501102,58800
user2893101481598462280,99700
user5329269660149566272,146000
user8304090447230758558,63700
user3635719946319578254,366800
user4734464463407199020,60000
user1104436339787776609,80600
user1951429511920612501,59500
user8418073933364983617,86400
user314820907501829357,70900
user4282768253158184913,63200
user2992684776380585731,76200
user8565432471441920677,70900
user6812600538840350682,64600
user4858598589309941772,59800
user6032812200494750454,60400
user4494107009321669417,65700
user2408590179918876620,88900
user2793299871598496946,88500
user2066532919079118456,60800
user1282723589836719781,57300
user5723911676379862408,71000
user8385477157152253947,68400
user7118264629958852722,57300
user8738586663566968817,69600
user5740428379704069126,59400
user8033364241685363291,76500
user98017693589094841,105000
user6154499986426787317,64400
user467985548622314994,73700
user4325638999215888958,62900
user212219494941161783,97100
user5258156920073045258,128700
user3936243125517000951,65400
user5539923553897699445,68300
user242141370496400096,71500
user2424110292295259124,80200
user3143951220746808141,93300
user5103312397416138277,90000
user868765067721514687,76800
user7725241993300457576,79400
user7438777360160837922,84700
user2679876345976412335,282700
user8439058503490616133,79600
user3346124110793901380,81900
user4981624611484101414,59000
user1890703826296578959,152000
user2518665759763816329,67100
user7361858517040768331,95000
user7703479147444842729,85900
user223831701028258937,62800
user6527037511507170041,80500
user5505658713444246217,57100
user1405519479497339754,88000
user5738530182949805899,59200
user7371012565861461810,1429800
user2858046548119328935,83800
user7754385593125713558,91900
user4151708103187612688,71600
user6379337328135934416,62500
user776667757519361157,94600
user4987990675039790439,62000
user4998482960102606697,72000
user792406185113585544,62400
user6085615271103130309,77700
user1459225727738912823,59800
user189006900062665261,60300
user3713645625856415644,57000
user8804453261112081702,60600
user4646493374712172723,62600
user4482494803234572263,58900
user6003563370059165686,61500
user9029177518213715704,61900
user1126540830937690021,62300
user5119610785522503112,63500
user8583523825692219953,57000
user1230250347226940705,63700
user5806854937761322459,68300
user8259103189200949403,85700
user6494659050512282254,193800
user5734963921954819114,241100
user5976317966988172931,71000
user8400655624234337886,72400
user252975300853514919,54600
user4988550635551930887,89500
user3901748152550008054,61100
user6201496953991618595,74400
user3651458373913802641,52400
user5890699804949221523,79600
user720286608620296731,61300
user5868595313799308111,62600
user3446267366088165279,57300
user9060549142791835692,64100
user3132339014659710987,56000
user1973534003070525913,59400
user7470035900131444813,82300
user4716486193764412841,91400
user5113586367261112652,88500
user8432692439934927108,104600
user2971140245742812767,62000
user4969794090179162377,67000
user8781675724842514745,69400
user4503261058142362896,60300
user367955377935564192,84800
user1517834901390841255,55500
user2720060374080927237,60700
user632315519925270434,55000
user7455977354073641770,52100
user6682773394501572450,62500
user6928263906510997085,78000
user5312411311531060989,67500
user1142839219044054856,62100
user5002390866391892047,155600
user9145059201102203990,58400
user3452291784349555739,3372700
user4304094468578115994,64500
user5107780264217564075,90900
user1632036702742908197,95100
user4585986004305981064,59400
user2502367371657451494,89600
user9125742695217295032,115900
user2211663432403191510,62600
user2869877069424267972,245200
user9072721309391073294,62900
user7566052933918581479,64600
user7020361216713150615,70800
user4011823732394947763,86600
user2859944744873592162,55200
user8848102282899768078,59000
user8511851125103558491,69100
user8736128506300565142,58600
user8759011273180460885,73100
user1357962551420368028,69900
user7791450236139869026,87800
user3468371857238078691,91500
user5976099651770331048,61000
user7825385248594721475,90900
user9065795285323243821,60500
user6384023510155202097,73700
user7989042174778023370,85800
user7113578447939585041,59800
user891429519383568547,82800
user356790047753094389,81200
user1960583560741305980,82400
user995139035672819231,59600
user5948967333306851390,80200
user2997152643182011529,55300
user3590837918900097885,104200
user4429908476017280090,83400
user4893435207571233234,76900
user5950647214843272734,90900
user406139941974000556,59100
user8722288275460603982,52500
user1434663079322595736,77800
user8561524565152635327,62200
user905269750223529707,240900
user5905318311519165014,76200
user8258543228688808955,122400
user2415516203986706093,76300
user5370460524670848973,57600
user7994743047211243161,80400
user8000549150254791738,71900
user878479077054348614,59400
user3576219412330154394,84100
user4337811165815126560,71000
user4366613120346083977,106700
user4241359073419060329,68500
user5789778273924975293,65800
user5327589778613144928,79100
user5460329810120138497,75300
user2677076543415710095,56700
user5686847033365706940,76200
user6393737519488036024,60100
user8440178424514897029,83500
user1259280862444683590,68500
user5018689254498256882,61600
user4922124077494677554,77200
user8379671054108705370,56300
user4389837532520278285,63400
user2533065951115917937,59200
user3976885846821840990,82200
user1825957149775746970,62200
user7421700696324490756,138100
user5573193375230082660,64100
user7248216676200841837,56400
user7627338580054755469,58900
user8817060486320248869,62700
user3665298604753763801,56700
user9114690449642338326,73200
user869884988745795583,67000
user401672075172574758,52000
user7074055647659025898,56400
user718275327258520407,59400
user6065190661489638241,64000
user476579636930868025,83000
user109629899676191995,62600
user1699241536530143861,93600
user4289694277226014386,80800
user6751874853216317140,93200
user6201715269209460478,76700
user1406639400521620650,134500
user7224432303514507081,57900
user3696227316725769913,308400
user1664746563563150964,56800
user2451679241194422548,65700
user7447931408981531401,148200
user6200377032967337699,58700
user5124078652323928910,76400
user1787554270519468723,66100
user3469710093480201470,58900
user4893995168083373682,82600
user4047220311168379673,58400
user400333838930451979,73800
user6421088153169357565,56200
user3676910810840860955,54300
user4578386935118498046,76600
user7323237322566648201,63100
user1637842805786456774,76700
user5109678460971827302,58700
user8987756521178893334,62200
user929832398639846794,56100
user5202335731686121280,59800
user5475849922496521001,66000
user4107386036280272767,72200
user1709515506375118236,58000
user4876576858952727951,65800
user608312832021093795,65600
user8566210747171903008,66400
user4408363945379507126,56500
user5540036638505212542,60600
user2109062019842523936,105900
user8293598162167942300,62500
user5612716175510641803,62700
user3776712420840826289,55200
user2479142959483257186,61100
user3809650842347854524,62400
user1006751241759916385,58700
user5595297866379996072,90600
user664693980920158221,59000
user6521449723681463347,77900
user3814337024367122205,108600
user1112140639585588413,88800
user1155011385643292458,95200
user4826448689001839453,77800
user3394024255991925872,75300
user3017017292283363149,61100
user1000385178204227360,80900
user2633209206410181836,58600
user3347244031818182276,101300
user8291918280631520956,58500
user5256258723318782031,58000
user6103251895451617923,103900
user5634820666660555215,64700
user4984972557261246316,85000
user4003789604598535180,482500
user4387939335766015058,59800
user6041966249315443933,65300
user983868474880020642,59900
user8379111093596564922,62800
user2185980862962593527,82100
user253193616071356802,59400
user2632649245898041388,54200
user4429348515505139642,83200
user241581409984259648,83000
user1018363447847013539,99800
user8396529402727210653,77800
user654761656369482411,73900
user76473162951321877,87500
user791627909383603213,55500
user4267029825563960526,74000
user1000726823498525925,56100
user1379288766840299109,63800
user8140981664263899325,75400
user8369957044775871443,74500
user6300520288261601598,58100
user6998816686075377651,54600
user3413670589875435609,55600
user1926318720287852752,65000
user7948181138255341448,60100
user7483327987754963311,94000
user6299960327749461150,89800
user2505715317434596396,72600
user4227175625458046403,58700
user1924638838751431408,104800
user9131548798260843609,58500
user3054860211027500948,64900
user5733844000930538218,63600
user1406079440009480202,67800
user8693257760242861097,60500
user4987212399309808108,81200
user8893979329440318460,76400
user9136234980280111290,70600
user1021151433112017993,61900
user7087347735282544396,87100
user2315372948692442194,81600
user704548181026072344,69000
user3084563771364897378,102700
user8732780560523420240,62700
user2740496800990117091,73000
user6982176652674714251,94400
user2644261451985138542,80100
user5985472015808866410,59200
user3233042230466115334,67500
user3198765572716964320,65800
user4290814198250295282,150900
user4157514206231161265,55400
user4083943308888236576,69600
user4509285476403753356,81000
user3689642937952239005,70100
user2760703095385767276,57200
user1299135062550597713,111400
user5702367145742089444,58400
user3026401473617596297,88200
user1573987489603120213,95700
user6157287971691791771,99200
user5217855844062503784,68100
user9006513066551661844,161200
user7451509487272215972,83400
user6867974851322647309,57800
user8186310567588007045,59300
user3799376872502880149,70400
user300190583636188080,61200
user5026953514808209134,69300
user5849725683819026504,61400
user1484678164665971137,93800
user4991898581329075789,56400
user8416394051828562273,63700
user6668808261758400407,66800
user675746226495114927,63600
user4668037905349945687,75800
user5866024071925391339,55600
user1334519824028331837,73800
user7608582034681986959,58900
user1539150871341828751,61000
user8027558138641814714,56400
user6263237330029604247,55300
user2639233624671572296,61200
user5173305216468378395,67900
user231089124921443390,74000
user4626287080316522538,57200
user7099178256587483433,64300
user7822927091328317800,71600
user5778384383055720022,91400
user3597203982455786910,59100
user7681592971512771200,71600
user3332625525248238785,57100
user6928595306336352065,60600
user1231370268251221601,63000
user7924408582864704478,69300
user6209314338396943496,58800
user8494992776485053208,76000
user1710293782105100567,55900
user574047991567640567,59400
user3574539530793733050,110200
user2031148157601384332,57500
user5606910072467093226,60700
user9054743039748287115,58100
user8417732288070685052,54400
user1369574757507465182,147900
user5620420475308453607,64500
user1073177799817169718,72200
user3640966088850986383,64300
user6418300167904353111,121200
user1205917831324163287,61700
user3276909567471643593,86100
user3506214775982216490,74000
user3612164134320028966,55700
user7807406978951935296,72700
user6861950433061256849,3107500
user8732220600011279792,103800
user5174985098004799739,68600
user8385135511857955382,80800
user6065968937219620572,59600
user8873773035044668275,70500
user478590918292644349,56100
user4767839515349911021,61000
user3233602190978255782,75900
user6982736613186854699,82800
user5196311313424730820,70600
user26458077607946476,55500
user1984367933427640736,55200
user2885397181800650476,62000
user2529499690120931152,71200
user6576824036163759974,73700
user1829523410770733755,49900
user3964153719710462940,63400
user1495170449728787395,60900
user1600778162772301306,109100
user994920720454977348,56200
user4031700198791997169,73000
user4552156222461457401,75900
user3771247963091576277,67100
user1194865585749206581,91200
user4619921016760833513,86300
user4066524999757590845,65000
user1347470266357551770,71000
user1411885543053028779,82400
user1116608506387014211,61200
user4735242739137181351,65600
user8016287577849016125,62900
user8015727617336875677,63800
user1585039735178076919,68600
user2062406697571991223,57300
user8908049692793819289,74600
user6797982032270407191,78200
user4668597865862086135,57700
user6609980772888630092,102300
user4655305778238567637,57900
user6742160843883483213,53800
user5857429983616838308,61300
user5328149739125285376,53000
user7236044509601604235,59600
user322295074786101492,72900
user8642351314561990268,55800
user5208141834729669857,59900
user1387553027150251361,57900
user6294154224705912573,59600
user5576771453520767231,59700
user6249385281893945301,86000
user5690413294360693725,90500
user2759023213849345932,71200
user7824047012352598696,79200
user1396365430676646275,119100
user6879587057409744463,58700
user3596084061431506014,56900
user2402005801145345712,61800
user8167224194216637756,113800
user3255146721616028746,176300
user7834539297415414954,58600
user505941551973965890,77200
user5926084566426955647,81800
user1776720340162353900,86400
user8698503902774269226,73100
user1127660751961970917,77800
user6238779912223615946,60500
user3003177061443401989,57000
user5635038981878397098,60300
user54586987019250348,86000
user5106100382681142731,89700
user8818853452464183310,73400
user3479424102813035397,118500
user9209805877623035979,58200
user6834599799379935308,79100
user1730500076500750752,84000
user8117209108873262355,60100
user1413118548684822772,85100
user8390163339171521628,80200
user2595584602883885920,61800
user1027517496667707018,61200
user1650906332723189804,62200
user1237176371294770178,72900
user7167719754790087675,95800
user2877923014516378341,79800
user8544666216534130044,71700
user6641457628077078866,64300
user65420917376365171,60600
user7607462113657706063,115300
user8582290820060425960,67500
user4600604510875924555,77400
user230757725096088410,89800
user3927430721990606037,63600
user3705941326058603840,81100
user5953995160620417636,71100
user4002338283748899304,269600
user4904487453146189940,72100
user6157506286909633654,73200
user1725813894481483071,55500
user5482434301270051909,84000
user3438233238291752696,90400
user4150929827457630357,101900
user3166615672408862001,56800
user1769794316094524427,70600
user6158407892716072667,103900
user7264515064307206672,57000
user7212601782209568044,109200
user3992737359023578474,80400
user3822601284677074457,57700
user8214781122293609482,74000
user7402054362440981019,88900
user5997975582233458992,56700
user8872994759314685944,60700
user1462573673516057725,56400
user87743723744120466,59200
user4211997158375962464,62900
user626851062176020422,140900
user8260441425443072182,56400
user5959241303151825765,152000
user7511238581948425300,144600
user8637665132542722587,152800
user4580958176992414818,56200
user7941266931483209761,70000
user1325147459989796475,60300
user7496278430084183244,78200
user658327917364469196,56300
user6615786875932178669,80900
user6163094074735340348,107300
user3423489829818598322,79800
user154730242313514247,60600
user3484670245344443526,59400
user8874674640851107288,144900
user473904736273376668,70000
user5145623182961701874,59200
user127379608632192706,68300
user3473617999769486820,56700
user4608090495455894476,67200
user3050733989520373715,56700
user5371580445695129869,54500
user9123514670464431026,81500
user3336970061973207901,58400
user8769503558243277143,57800
user7908110194758339643,104600
user4880703080459855184,88600
user3947295371091957657,74000
user1858553925988476640,96900
user7039790807205572670,58000
user8275059932013015673,1602300
user9169391717004981408,54600
user2918553918525520594,60200
user5850503959549008835,58600
user2508173474701000071,59600
user6635993170327828854,62500
user4778673445707025844,77900
user7218967845765257069,59200
user3790004508464344787,164900
user4452012967167193502,79100
user3574321215575891167,99000
user5355500372806606917,94800
user5504538792419965321,52000
user1620424496655811043,60300
user5279814535318331319,55300
user4596136644074498757,62500
user400893799442592427,59200
user6645925494878504664,71100
user3269205267673831789,82200
user9162030634328222370,161300
user6267363551536731480,83500
user996258956697100127,79400
user3379840808030911946,69900
user1029975653934110693,58500
user1186041364927113881,347600
user5572085271501499550,92700
user1673570784385243664,78800
user3997310456435333058,96100
user6689574516666191040,63300
user1901974387089377548,58600
user7120162826713115949,61700
user5630134484641287534,97700
user1200111728280614710,57300
user1470277973313869529,63100
user754563266369447745,60000
user6991890662007548178,56400
user1936251044838528562,58600
user2700414040197417500,78900
user4947689599029248965,64000
user8168892258457361314,292000
user6988884361524701841,67400
user6872661033341914990,94100
user1122072964136264223,60700
user2525591783831645802,94700
user7484666223997086090,60100
user7460663536092909451,62000
user8131049339713223515,101000
user2634329127434462732,60700
user2286124118256857426,58300
user5002950826904032495,56000
user5004849023658295722,58800
user5590051723848587943,94300
user3959249222473353376,59000
user703875135906418799,76200
user768403497209408905,96400
user8467300497509433102,83400
user1731619997525031648,59000
user71227020419913748,55300
user8691806439393225221,55700
user3847493761091992323,57600
user1451521427941101019,159100
user984086790097862525,73700
user4405015999602362224,74100
user1418924651728371349,58300
user9101410179314517614,60200
user3360194474147402209,60400
user8821311609730586985,74700
user3810210802859994972,59700
user6861608787766958284,87600
user4689582435987718651,67600
user1676358769650248118,80900
user6736914701352075084,59500
user8280087759326581919,70000
user1676577084868090001,56000
user7461783457117190347,62100
user2666365943135051954,170900
user4936855668672134142,75200
user1299695023062738161,109000
user5185259067849774114,56500
user6400881858773707380,61000
user2088077449716891420,55600
user7959233383830298154,99200
user4086401466154640251,56900
user1006532926542074502,58200
user7005182749631066676,56300
user1995638494220439325,61500
user5310731429994639645,65200
user8854468346455457103,80000
user843094315576614490,69300
user7565711288624282914,60600
user5810202883538467361,84000
user232209045945724286,62900
user1745130400366392029,99600
user392299711134039396,61600
user1611052132617275681,72700
user7567951130672844706,72500
user4299408286558848313,84200
user2288582275523261101,60400
user7355274138267237423,59100
user463972411722700858,98800
user6560972523962022490,100100
user5346687969280212003,73100
user5447939328303059012,58800
user1549984801698943574,72600
user6887621185206157046,83400
user1176214270986766857,83500
user4406135920626643120,60600
user7840003755164664966,82500
user7692085256575587458,142700
user5333395881656693505,61900
user5096386373348308804,54900
user980520529102875740,80000
user467767233404473111,63200
user348090728834212572,84700
user4630973262335790219,129300
user8340595129732773578,66700
user8843416100880500397,59600
user8440396739732738912,57400
user6895325485003968850,52700
user6009027827808415698,68200
user3684055150126532311,113900
user1676918730162388566,57900
user6257431226986055670,78700
user1923860563021449077,76400
user3551656763913837307,57700
user8396187757432912088,110400
user4902247611097628148,85900
user7086227814258263500,72400
user8925581086531978117,74400
user549372258543810383,73100
user7734396042121151055,155600
user7754945553637854006,74700
user1473844234308856314,94900
user8627951123209888660,68100
user4675182244635617043,62000
user85845526989857239,69700
user3385086950562320075,50700
user48562568757859888,62100
user369635259471985536,61200
user7803840717956948511,65500
user1798824831312267312,61000
user1154451425131152010,169500
user3220310103354737284,64500
user2298856245368235476,56700
user6542994254319236311,59600
user4381791587428167916,96200
user6290806278928767671,66400
user7119944511495274066,102900
user7913356337289747772,61800
user4408923905891647574,66500
user6241911114609673166,87300
user5785870367635689943,58500
user6735794780327794188,55900
user4653077753485703631,55000
user7862108246314578378,64100
user8480592585132951600,121500
user5960361224176106661,74200
user3299687103741210550,108300
user4294940419757422515,97300
user4180178657893215125,62400
user6691472713420454267,53000
user9164705534985713727,56000
user2099129695291848126,59600
user2491315126082494788,56600
user3119618704844030723,73000
user7345901774228702061,65200
user1448173482163956117,56400
user1236834726000471613,65000
user9005953106039521396,60700
user5654250257152977270,66100
user7100298177611764329,73500
user6191222984146644220,56800
user5912244335586994487,76600
user4642585468422887373,58600
user2710014964922738330,74800
user7274447388857882482,67700
user1324027538965515579,97000
user1236056450270489282,119600
user7483546302972805194,72000
user9180557047187451211,87400
user6713471973960038893,63300
user8357784878176633841,90500
user4173594279119684217,85600
user1131227012956957702,75000
user5849943999036868387,148300
user3195977587451959866,58300
user2187660744499014871,100300
user10719650013722089,106600
user6152260144378225525,57300
user3497402372455821576,82400
user3727144211402078239,78800
user6844532123930611118,65200
user6015735536658403288,82300
user699861999006804663,76900
user3459777768929525660,60800
user8142661545800320669,89300
user7802160836420527167,60000
user128499529656473602,96500
user4063177053980445943,88100
user6213109160078715749,58200
user7566831209648563810,55600
user539439933993134573,74500
user8533955616253471903,66900
user2089415685959014199,58800
user2530277965850913483,57400
user8355886681422370614,90500
user1513367034589415457,61700
user2011271691204334926,59500
user6531382048232139157,59800
user6074563025528173603,79400
user3685735031662953655,70900
user2821541865617313915,85100
user8099790799742616624,90500
user7470595860643585261,56500
user1582021617399532796,58000
user3153883545297483951,92900
user8861942513739729238,77300
user236676912747150084,60000
user5860996244611825093,56300
user7028625477023102867,86700
user3953443119429804799,107700
user934518580659114475,56100
user5156675428536658580,105100
user6420528192657217117,87600
user4729996596605773222,56500
user1337537941806875960,69300
user3709507587053590625,89900
user6239452957343269491,87200
user77593083975602773,56100
user3948415292116238553,69500
user1074297720841450614,71600
user4861616707088485895,56300
user7732168017368287049,150600
user3244094476041072040,62000
user3029967734612583082,180900
user627069377393862305,133700
user4619142741030851182,224300
user5697899278940663646,69400
user5128764834343196591,62900
user3594745825189383235,280800
user4046660350656239225,84600
user7146175224152314711,70100
user1395587154946663944,75500
user9061669063816116588,89400
user1869824486781275229,74300
user4757347230287094763,88100
user7968057604652390854,58100
user9189941228521684359,61100
user202847130902626421,59200
user1094722330454942682,59400
user814292361045657073,57600
user8392061535925784855,53500
user1195425546261347029,68600
user6993228898249670957,151400
user4505159254896626123,83900
user8932942169208737155,57300
user6563200548714886496,62000
user3309961073586184925,68900
user2676298267685727764,69700
user1912248356934351923,57200
user379007623510520898,94200
user5448157643520900895,54200
user2884837221288510028,55600
user3409544368368308376,63000
user3552435039643819638,57100
user6223601445141532007,55100
user7330941622364460005,57400
user3652018334425943089,87600
user792966145625725992,58800
user1035781756977659270,57100
user4677970229900621497,66400
user6383463549643061649,61400
user3623994655624968003,61400
user3339769864533910141,64100
user1154109779836853445,56500
user8007133529028322646,141100
user7913916297801888220,83300
user874571170765063264,73900
user3449285483866709402,70700
user6866854930298366413,91500
user3398037392891540008,79800
user4752101087755686634,76900
user6043864446069707160,75500
user6645365534366364216,69700
user5255698762806641583,82000
user1729940115988610304,84900
user6428792452967169369,56700
user8478134427866547925,63900
user5001830905879751599,60600
user830143873247394557,104100
user3758962711884825578,57200
user4039734326588409752,59800
user9220079847468010354,60900
user6894765524491828402,87000
user643367765500227140,74700
user2151716022509140299,249800
user4065416896029007735,57200
user8962085769033993137,73300
user4052684768917629685,58000
user8177716479279454014,64000
user1123192885160545119,79000
user1518053216608683138,242500
user4970354050691302825,86700
user5450957446081603135,52700
user4905047413658330388,57500
user5813780961829151932,55600
user4931838086827511481,79200
user2066751234296960339,81000
user8983630299671766101,77800
user3475516196523750047,63200
user7007080946385329903,73100
user4117100045613106694,76600
user2177168459436198613,70400
user2638673664159431848,62500
user5483554222294332805,65300
user7269201246326474353,69700
user177394693975568107,88400
user3612382449537870849,56600
user774987875982939813,89400
user1559357165737478936,165600
user8214439476999310917,186400
user7246536794664420493,58400
user543566155500261806,70000
user8282545916592985594,75100
user2595366287666044037,64700
user903601685982806149,87000
user7857982024807451145,62100
user6436266620251441504,85700
user2275850148411883051,61700
user6013495694609841496,67300
user4656644014480690416,84200
user4415289969447336599,87100
user325873153076786063,72700
user5947629097064728611,55700
user4743276866933593934,68100
user5780064264592141366,107600
user4640345626374325581,64900
user6680980428357638009,53400
user2950590734226109816,114600
user7549412900517918079,61500
user2355008833580514434,82400
user1169069931701095501,56000
user906949631759951051,63300
user4655865738750708085,125000
user5486902168071477707,56500
user7198201590857466436,56900
user4424662333485871961,66100
user2078363440384057493,63200
user4516211500471582829,64800
user4427120490752275636,85000
user6279754033353810965,116100
user8988876442203174230,88100
user2301862545851081813,55700
user4038066262347686194,62800
user8515977346610685724,55900
user7687959035068460225,58200
user1718887870413653598,65900
user2642581570448717198,101100
user3633708664957801930,65000
user4055472754182634139,79800
user1303261284057724946,59700
user55706908043531244,58600
user3827287466696342138,63500
user2764269356380754061,81600
user5700127303693527652,59700
user6268141827266713811,76400
user4812048497649737845,59300
user802338509664261354,66200
user8120557054650407257,64400
user7890473570409852029,58600
user410826123993268237,73400
user2825896647811226616,58300
user8969790068831804941,58800
user6130155653228312113,57000
user7681033011000630752,72100
user4210317276839541120,58600
user515095600794659369,55300
user501815330466838657,83200
user6867414890810506861,60500
user6667470025516277628,66300
user77251438681304208,70200
user7526748448855864219,56900
user6482486883913044652,105000
user8983848614889607984,53600
user9200433513584500617,77600
user5263963023116593835,74200
user7089245932036807623,55300
user2180734720431185398,67700
user7324575558808770980,58000
user2155063968286285201,80700
user1269213186995359400,83400
user3130110989906846981,60100
user70107099395632852,65700
user6427112571430748025,58700
user4756787269774954315,68100
user6049110588601115289,60700
user1219198101651983999,58400
user6860270551524835505,77000
user587215177287948182,59100
user1121294688406281892,73200
user5230806286391723717,57600
user7440457241697259266,60300
user165564172670629070,58200
user6576605720945918091,88100
user8329761199375658755,58500
user3876524276309735208,53900
user4276743834896794453,61900
user5509566619733531567,60800
user1407199361033761098,144800
user7710623486730514085,90800
user5924964645402674751,115000
user8746620791363381400,104600
user4391505596761001843,56700
user6164213995759621244,58900
user4056032714694774587,85400
user7988595298873396019,138000
user1651466293235330252,89600
user3128991068882566085,83600
user5248772738738812110,55200
user3169186914282778773,60400
user4425440609215854292,260600
user6326751000918642243,322400
user7818240909309050119,79900
user6734456544085671409,56800
user6564320469739167392,98500
user8529487749452046105,68700
user7869147354989920948,90400
user9094484155246688141,81500
user5799710598475651103,65100
user3508112972736479717,114900
user450567239491669263,60500
user6283880254860938198,60600
user4761473451794221996,57100
user4506827319137349681,55300
user1456425925178210583,61000
user185428821771980690,65500
user6554606460406333465,67600
user1924078878239290960,55800
user8755445012185474100,376600
user708343002707844597,68900
user1913928238470773267,61500
user2775881562467851215,71400
user3721679753652828227,138100
user3815675260609244984,80000
user2759801489579328263,55900
user5721671834331300616,82700
user6083387246350266303,77300
user2242475096469171050,73700
user2970020324718531871,67700
user6970346131369775214,72200
user2541330211425870189,68800
user3155563426833905295,54800
user7249884740441565395,59300
user5178333043781944641,80700
user5937915087731894684,57400
user2337477439842355606,52100
user4804904158364066489,105000
user5906438232543445910,68200
user4491648852055265742,215400
user691484654089339314,77600
user6756001074723444373,72700
user2944784631182561239,119500
user525587885857475627,60600
user7350587956247969742,142800
user2781687665511399792,53200
user3021703474302630830,54600
user192013200545511598,54600
user6482268568695202769,61700
user4608308810673736359,60800
user7050843052780529376,57900
user8006013608004041750,82600
user5123737007029630345,72400
user2902815490931296207,59600
user5186037343579756445,70800
user4530051731311543989,75300
user6416060325855791319,59400
user4129385296819857393,76700
user6736354740839934636,60800
user7004622789118926228,57500
user4894213483301215565,62900
user2168574371127645582,110200
user7798594575425540382,53100
user1836107789544264663,57400
user7174977178683272128,71700
user4640127311156483698,59700
user6516763541662195666,78500
user6175484556552419833,101300
user5608808269221356453,64600
user3495162530407259784,53200
user2731672580168024391,59100
user4571025852441739008,60300
user2996592682669871081,82900
user5304033966613595640,59800
user8075675027230926888,74000
user3359976158929560326,93000
user2106947079697173027,58600
user2951823739857903809,94600
user4767061239619928690,58000
user4866302889107753576,77700
user1846381759389239038,62500
user5358848318583751819,62600
user1395027194434523496,99300
user1758970631206353189,101900
user7111350423186721035,70100
user549932219055950831,83300
user2282776172479712524,101100
user3931898588792031835,76900
user3061899319702843518,58400
user8016847538361156573,84400
user3652578294938083537,57600
user9087339815961016785,121400
user2192906887030423000,68000
user2382359467261835975,72100
user6556286341942754809,65100
user4315924989883055031,68900
user8924129765682342241,96800
user6768951517052664306,75200
user3715873650609279650,70300
user405020020949719660,68800
user5927982763181218874,61200
user3196537547964100314,95500
user9074059545633196073,71800
user4393403793515265070,56000
user8869646813537541042,60100
user3809869157565696407,61600
user945352511016229298,65600
user4043312404879094323,99900
user8075115066718786440,57000
user2028908315552822540,68600
user2916325893772656588,68000
user5049731051077776091,80400
user4288916001496032055,60500
user1231028622956923036,73500
user903041725470665701,61900
user6234985090541843693,81300
user2381799506749695527,82000
user6337243285981458501,73500
user5652912020910854491,58700
user1110242442831325186,57100
user198939224613341071,63000
user1072617839305029270,70000
user2439288759377343063,193200
user6709004107158613095,74400
user4151148142675472240,164600
user7891251846139834360,59900
user6608300891352208748,100200
user8451448985307695618,54500
user2067092879591258904,64000
user4004349565110675628,61700
user4780011681949148623,61800
user2593013361009969148,489300
user752105109103044070,58100
user5817347222824138717,56000
user149484099782106118,58900
user1802951052819394545,60400
user2072557337340508916,56300
user2595024642371745472,63500
user6993010583031829074,86000
user8884047004889642650,70300
user2732792501192305287,66300
user3252906879567466954,57800
user8636545211518441691,59500
user654979971587324294,79500
user6999035001293219534,57300
user7962811462120982725,56400
user6654189755188456916,62600
user3926870761478465589,62100
user2039400600615638798,95600
user3369348522968095688,56700
user2882049236023505574,59700
user3326477776910391643,64000
user8742712885074096050,77800
user5767113822262921433,67100
user4481156566992449484,103300
user8257423307664528059,62900
user6164992271489603575,79500
user5575091571984345887,55300
user8113517945975064687,62100
user3385646911074460523,63100
user9199313592560219721,87700
user2329213179532403354,85600
user8087287233318024042,60200
user7224992264026647529,88800
user4470104321417492778,80600
user5778944343567860470,79500
user7807966939464075744,59400
user6957065861041954502,62800
user6301080248773742046,56500
user8663895845199763232,78000
user3232700585171816769,56400
user3816235221121385432,355000
user650293789568056613,151100
user8149805885085992025,100000
user7229678446045915210,139700
user282224131289099687,63200
user5131222991609600266,59100
user5879647559374264817,62300
user6535289954521424507,58900
user293276376864056393,83400
user3871496448996168962,60000
user1662518538810286958,79100
user197819303589060175,65700
user6079249207547441284,57400
user4036946341323405298,83800
user6004123330571306134,86600
user3924412604212061914,55800
user5526196407665251382,82300
user1342784084338284089,96600
user2551262535976545999,84100
user5017569333473975986,58800
user7924968543376844926,61400
user644487686524508036,77200
user5888801608194958296,97100
user7709503565706233189,76100
user7095052035080356200,83300
user7434651138653710689,61200
user4139877581882673651,80900
user5210929819994674311,60700
user3029749419394741199,67000
user7643190092256492953,124100
user2760143134873626828,58300
user8175258322013050339,79700
user2056040634016302198,63000
user6288348121662363996,56200
user537200091944572781,73200
user3321231634378983514,58800
user4100801657506741859,58700
user8620246823412076856,60800
user5359968239608032715,104100
user4947907914247090848,71300
user8265127607462339863,107300
user859952664195119773,57400
user8961744123739694572,58900
user1816243140442913043,65400
user8130489379201083067,59200
user6283661939643096315,91500
user3817355142145666328,110600
user6644257430637781106,72200
user6679082231603374782,57700
user1632596663255048645,62000
user8190996749607274726,60400
user7065243244132630984,59400
user6816508445129636032,67000
user468658593741968539,62000
user1222776179942668570,56600
user5714197667047028481,59600
user8720608393924182638,89200
user2121234186441761538,56400
user2188780665523295767,67000
user3259832903635296427,64500
user5075961763734816736,60000
user2408030219406736172,58000
user2869098793694285641,59800
user604746571026107010,65800
user2165774568566943342,74400
user3005405086196265995,77500
user7406180583948108252,79500
user1940718911639954360,82600
user8806008240745292163,90600
user5905099996301323131,58100
user5414222631066048446,88200
user4100241696994601411,105500
user97457733076954393,59700
user7257589040239377199,56900
user2131166510992437348,57200
user6594802305806546153,79200
user5585583857047162145,71200
user230976040313930293,58900
user4804344197851926041,57900
user2820981905105173467,79400
user2247048193880925634,87900
user5271437190400865970,82200
user2929046203588336852,90200
user4980286375241978635,104500
user4050226611651226010,68400
user2440968640913764407,64200
user3986039895642534469,57400
user3371246719722358915,55400
user3218082078601873278,78300
user8588428322929329517,78400
user2254305617774110087,103200
user880377273808611841,55400
user5386198952265073360,56300
user554058440563078064,75400
user4168566451806117971,143500
user7714189747725500870,73700
user1721905988192197721,72900
user3218642039114013726,58500
user5576211493008626783,77500
user8896437486706722135,57400
user8304650407742899006,55700
user657767956852328748,103000
user7781176266294894651,58900
user8606406592572115696,153000
user8752426894406929977,80600
user3699575262502914815,100000
user2631529324873760492,57800
user5096728018642607369,58400
user869106713015813252,75300
user4283669858964623926,90800
user6779785447409779129,91500
user1287522856463500559,61500
user2400885880121064816,61000
user1749256621873519262,66900
user6385143431179482993,77400
user1687970975737345272,57000
user5655918321393700828,90700
user7218407885253116621,79700
user4266251549833978195,61100
user9210365838135176427,76900
user7554659043049326208,117600
user1067153381555779258,78000
user6112965904784451850,75700
user2886175457530632807,130300
user3798598596772897818,78500
user5009535205677563403,1109800
user8055468732835276703,128500
user6989102676742543724,111500
user757911212146592647,68300
user1197653571014211035,79300
user8896219171488880252,90300
user1587267759930940925,67000
user6258209502716038001,57400
user5621540396332734503,65600
user4972252247445566052,81000
user8418852209094965948,84000
user1210044052831290520,68700
user2850012420322916352,92600
user7383184732460699412,51800
user3146409378013211816,83000
user3348582268060305055,56500
user1325925735719778806,61200
user2640353545695853192,113900
user7797256339183417603,59600
user1949531315166349274,69400
user8619686862899936408,124100
user7420580775300209860,66500
user790507988359322317,67000
user4251851358481876587,97500
user4151489787969770805,63000
user2958968079143575165,58000
user2474238462246147622,94100
user8917763702126653216,75100
user3262291060901700102,60200
user5597537708428557864,134900
user1296676905284194038,57300
user2430694671068790032,58200
user2325865233755258452,92900
user7338415789648732140,87300
user6647605376414926008,88200
user1623442614434355166,152600
user8780897449112532414,85800
user6515083660125774322,63400
user6258769463228178449,77400
user3321013319161141631,64900
user2326425194267398900,71600
user5179671280024067420,359400
user6880147017921884911,76600
user7423380577860912100,273700
user2763709395868613613,59600
user1903654268625798892,173100
user2871556950960689316,78200
user2292148536518247886,115400
user5753273591422960273,90500
user5415342552090329342,77400
user5113026406748972204,80500
user8038392068998929537,60800
user890309598359287651,94400
user6542434293807095863,69800
user1990733996983329761,59900
user7178772000365044381,58100
user4539424095350079351,65500
user7672220607474235838,71400
user3457319611663121985,61400
user6366946846318854931,80500
user3435775081025349021,59100
user6938527630887027875,97700
user2649725909734388554,57800
user7110790462674580587,85100
user1688189290955187155,99200
user8885166925913923546,65900
user379909229316959911,56300
user7199321511881747332,65200
user2921572036304064717,58200
user847780497595882171,142600
user2718392309840203679,57900
user6647263731120627443,68200
user779455742784365611,84100
user3949535213140519449,59400
user6982518297969012816,59000
user2342505267155921852,59100
user1335639745052612733,56900
user3583133619102286081,55200
user2303760742605345040,65500
user8037272147974648641,63200
user7452069447784356420,78200
user175714812439146763,67900
user4288574356201733490,67600
user5438007003752383202,58700
user8039730305241052316,58300
user3593625904165102339,69300
user2304880663629625936,66100
user5357180254343028261,247700
user3018355528525485928,89700
user5119050825010362664,72700
user8605846632059975248,98900
user4041414208124831096,56200
user7824606972864739144,58700
user5311291390506780093,92200
user6514305384395791991,70200
user7602215971126297934,76400
user5435767161703821410,55900
user2463291447281519702,76400
user1810996997911504914,90000
user2232648002528824026,115900
user274738146709129766,64500
user9006854711845960409,76300
user3093936135403432740,71300
user2833154071704411069,62400
user4806024079388347385,71500
user3177999317809173687,109500
user8295266226408665858,92700
user7350027995735829294,102100
user7222534106760243854,84600
user7675786868469222623,60200
user2139543855909902697,117600
user7714749708237641318,79200
user7836437494169678181,92400
user6946013615466997796,75500
user9043577709565817312,74100
user2157522125552688876,64100
user6949579876461984581,83100
user4641465547398606477,90600
user8509051322542856251,89400
user1737084455274281660,104000
user4293820498733141619,67100
user4414170048423055703,59100
user8654181835866929305,96400
user7224773948808805646,93300
user9170843037854617284,98100
user3962815483468340161,58500
user323414995810382388,61600
user124808366758275934,60500
user5584245620805039366,57400
user2121347271049274635,69900
user3595305785701523683,70200
user6874340914878336334,113300
user3610484252783607622,74000
user866866870967251460,55900
user4515651539959442381,84400
user7616286334479798763,63500
user6156728011179651323,104900
user2981632530805629025,107400
user4030921923062014838,59700
user6731668558820666955,225200
user275079792003428331,66300
user9000488648290271384,59700
user1367676560753201955,92200
user6419968232145076669,63600
user1913586593176474702,84000
user7574865337444976393,59400
user7230020091340213775,61400
user5086235733579791111,89100
user4936524268846779162,63600
user1445715324897552442,56700
user4161640427738288498,233300
user2411938125696021522,58900
user423558251104646287,80600
user5356620293830887813,61800
user8771743400291838935,155900
user1834769553302141884,58500
user1898968086606531211,62900
user7798034614913399934,62100
user4778331800412727279,55300
user1673010823873103216,60200
user957856077440821880,54900
user1336199705564753181,75800
user3529552272763923895,60100
user4932056402045353364,77600
user5244086556719544429,55600
user2758463253337205484,62100
user3649447092552026317,87300
user6270381669315275603,57200
user8880139098600357300,59600
user7583689558267069093,101500
user1493490568192366051,92600
user5335075763193114849,72200
user5448499288815199460,76700
user650853750080197061,59500
user2549924299734423220,97800
user8752645209624771860,62300
user1658827375912089290,59400
user448669042737406036,60100
user6606962655110085969,77300
user2429574750044509136,53500
user3106668262514810790,57900
user3346684071306041828,84300
user214117691695425010,90100
user1066251775749340245,62900
user9200993474096641065,65900
user8254075361887383157,66300
user4230306827844103623,83600
user4651957832461422735,92000
user5771800004282189114,76900
user3463125714706670562,79400
user4606970574431613580,85500
user1942057147882077139,57200
user3231362348929693990,72800
user1268653226483218952,76200
user8768725282513294812,94500
user4140655857612655982,93700
user2187100783986874423,81100
user5724689952109844739,189100
user6475229460019860199,58500
user179622718728432113,60300
user3453971665885977083,62000
user7779496384758473307,82800
user1467259855535325406,58500
user8670480223973294140,59500
user8856136410696180661,60500
user4277303795408934901,62500
user3106326617220512225,57600
user895897386184994345,59700
user4252411318994017035,57100
user9132887034502966388,76200
user3722458029382810558,60000
user8609972853567102481,65500
user5692093175897115069,71900
user4382133232722466481,52700
user254873497607778146,57000
user8517315582852808503,95300
user7477740199929256617,55200
user1813784983176509368,100700
user3342557849798914595,159700
user8653621875354788857,67900
user3661172383246636568,61400
user1292209038482768240,62000
user7477521884711414734,82900
user7424158853590894431,58700
user2817415644110186682,65000
user755123226881588193,60200
user7237164430625885131,89500
user5964487445683233894,99000
user648395592813793386,84400
user633435440949551330,62600
user3913920319149245656,106100
user781135624320786955,58100
user4414730008935196151,76600
user7691525296063447010,84000
user2314594672962459863,107500
user3798816911990739701,79700
user1010659148049201735,81400
user4926810259513945235,75100
user9122394749440150130,60000
user832042070001657784,89000
user8859714488986865232,96100
user3006525007220546891,85300
user6393177558975895576,283300
user8143439821530303000,74000
user6002890324939512141,283600
user1447053561139675221,76500
user8916083820590231872,61400
user553498480050937616,78900
user1336759666076893629,60700
user1487684465148817474,67300
user6326191040406501795,64500
user7347799970982965288,82800
user8553260304842683075,66600
user7828951509589708260,67100
user3300807024765491446,75700
user2506835238458877292,78900
user2106833995089659930,72100
user6818301411273570473,57700
user6378217407111653520,70700
user5338423708970259751,59300
user5052405951735267448,59500
user2766727513647157736,117600
user8421080233847829954,83200
user8213879516487170469,76500
user6827113814799965387,76900
user3245992672795335267,284500
user3680541338379519,106700
user8555718462109086750,61400
user1803292698113693110,89400
user154511927095672364,88200
user8359464759713055185,83000
user1643867224047847234,59100
user8292478241143661404,82200
user4301866443825251988,75300
user8169452218969501762,68100
user9089238012715280012,108100
user741052863528087364,64400
user6006021527325569361,258000
user1945965054171362489,58800
user758689487876574978,58300
user9166156855835349603,59300
user5711739509780624806,119100
user6178272541817424287,63400
user6357232836986021004,90300
user4283888174182465809,99200
user1286289850831706566,61600
user4730556557117913670,135100
user151712124534970124,89100
user5188265368332620451,99700
user2640913506207993640,88600
user5411994606313184440,61800
user8516537307122826172,71600
user2648947634004406223,92100
user5734403961442678666,76600
user5574873256766504004,82900
user4959520120334188002,56600
user2628523024390914155,86800
user2710128049530251427,71600
user3837779751759158396,71500
user2665805982622911506,84700
user8472328324822999348,58600
user8521783449654234301,64000
user1561255362491742163,106100
user5861556205123965541,55200
user8493872855460772312,53900
user5088133930334054338,58600
user7136461214819480784,53800
user6480475602551268328,64800
user6416961931662230332,56800
user5007637008923300176,56800
user5232474350632447275,70000
user6863288669303379628,105700
user6328089237160765022,89000
user5158013664778781359,64800
user9214273744424461777,70800
user1722465948704338169,61600
user2735798801675151624,78000
user6634873249303547958,179600
user6382685273913079318,74200
user6051898573866119743,89300
user3694889080483647134,229100
user7792788472381991805,88500
user163324330622067278,90200
user4540544016374360247,100400
user8156171948641681050,58800
user2298514600073936911,98800
user3825389269942078911,57300
user2917433997501239698,62400
user6658097661477742266,76800
user1574547450115260661,89100
user5135349213116727499,67300
user2155623928798425649,93400
user8856696371208321109,85300
user7538702300237259938,102900
user6962312003573362631,111100
user5765880816631127440,78800
user2946795912544337563,79400
user302430425684749872,58900
user314260946989688909,58600
user7939928695241086982,75600
user8754325091161193204,100600
user5674114906254328890,80500
user6051338613353979295,57500
user4650619596219299956,67900
user1327045656744059702,52000
user1804070973843675441,68400
user8179384543520177572,67100
user3588379761633694210,67900
user631755559413129986,60600
user1004853045005653158,63700
user418312108573238158,262300
user2866870768941421635,62300
user8857816292232602005,92100
user6978610391679727466,61100
user242701331008540544,95400
user1531893447448644298,63900
user802898470176401802,63800
user9072939624608915177,77200
user5448717604033041343,92600
user2005352503553273252,64300
user744070981306631487,60800
user2028690000334980657,62200
user7373470723127865485,62100
user7027505555998821971,58900
user6439066422812143744,56000
user730778893683112989,61700
user5476068237714362884,85500
user3837561436541316513,63400
user8088065509048006373,58700
user2643141530960857646,109500
user5155555507512377684,56700
user1924420523533589525,99000
user3118498783819749827,114000
user6400103583043725049,69100
user8160298170148808283,125800
user5515485807384593241,60600
user5563821011191547298,57700
user6827000730192452290,55200
user4384031429476729708,66000
user3468931817750219139,59400
user8090305351096568165,61200
user5364654421627300396,80900
user2050794491484894069,69600
user3809090881835714076,60500
user7994961362429085044,79600
user2272843847929036714,62200
user5400382400226087286,128500
user1360202393468929820,72800
user7424718814103034879,74800
user4348976495997596363,66600
user1464471870270320952,84000
user2088637410229031868,91100
user4181846722133938683,57600
user9147287225855067996,60700
user6992450622519688626,72300
user3187600242534494517,77800
user8327863002621395528,62900
user1873732393070560579,77700
user4431246712259402869,91200
user1848061640925660382,62500
user297184283153341743,60200
user1198773492038491931,96500
user8588210007711487634,69200
user6507939320840102966,235900
user1384534909371707238,61300
user8632637305229156341,55500
user2425448528537381903,82300
user7360520280798645552,81600
user1697343339775880634,117300
user306556647191877105,58700
user5300580790226121952,61700
user5811322804562748257,74400
user6312692454860839200,164300
user402013720466873323,157100
user7501524572615591373,95000
user7736854199387554730,68300
user6997696765051096755,76100
user7157787430239411865,59200
user7270321167350755249,101800
user537760052456713229,75400
user7446263344740807843,77100
user7969177525676671750,60900
user901921804446384805,55500
user4163320309274709842,63100
user1825397189263606522,59000
user223271740516118489,62700
user2665246022110771058,85200
user5222542026081771465,94500
user8176036597743032670,63400
user3130670950418987429,64100
user5812661040804871036,92400
user7350806271465811625,57400
user7577105179493538185,135900
user6184078644860972864,60700
user8530047709964186553,58400
user4508165555379472460,63200
user8258201583394510390,75100
user4200603267506707193,65000
user5994409321238472207,62300
user973594505035046267,93300
user7156667509215130969,59400
user6469423356976311622,71800
user7312185076991691495,56500
user3519838263431089968,73600
user2014289808982879049,62400
user5120730706546784008,60600
user5074841842710535840,102700
user7839225479434682635,88100
user5911684375074854039,58800
user2010598646084681381,80700
user4238227871033003109,112100
user9208467641380913200,111200
user1281385353594597002,61500
user2770635419936443086,62000
user7528988290904426011,87400
user7882314540710228563,67200
user2417184268227429651,60600
user5711179549268484358,58800
user8858594567962584336,81400
user8507943218814273141,93800
user7160358672113328637,66200
user4101019972724583742,56100
user970028244040059482,67900
user74793281414900533,67100
user3028069537858319855,54400
user6781683644164042356,79700
user1896509929340127536,59600
user4037506301835545746,58500
user176834733463427659,60200
user1560477086761759832,514700
user3677470771353001403,58400
user8203168916206512328,74900
user5257036999048764362,62200
user2760921410603609159,69800
user5890139844437081075,61800
user8883487044377502202,57400
user1883664717621236389,62400
user428244433123913968,58200
user9220639807980150802,58700
user983526829585722077,55500
user565110686138034770,97400
user4866084573889911693,80700
user2573367027126459411,65200
user8523121685896357080,85500
user6653069834164176020,59500
user2189558941253278098,56200
user317608892766833811,61000
user4474790503436760459,80900
user7284161398190716409,70700
user3564047245730916792,60400
user1143959140068335752,56400
user8259321504418791286,76600
user3674682786087996949,63400
user517335442843221161,56700
user4441520682104377244,59100
user7271989231591478807,217200
user1325707420501936923,166400
user3270885149210253133,85100
user3380400768543052394,65300
user4982184571996241862,113800
user6633205185062824400,72100
user2289142236035401549,59700
user2678756424952131439,181800
user6032033924764768123,61700
user3772367884115857173,57800
user8054908772323136255,59500
user3358856237905279430,57900
user758129527364434530,83200
user2811609541066638105,90000
user1348030226869692218,99900
user3948975252628379001,72600
user469218554254108987,103600
user5921958344919828414,54500
user1914146553688615150,66600
user6893427288249705623,72400
user4377665365921040683,59900
user2644821412497278990,88400
user720846569132437179,72600
user4832367876652901127,66500
user6586756360714435784,225600
user1426068991014042705,94700
user803240115470700367,56600
user1018923408359153987,76600
user4483054763746712711,60100
user7449611290517952745,74600
user4792731991764828887,84700
user1051633269179396754,64200
user166902408912751849,58400
user4140095897100515534,84700
user3929658746743470043,59100
user7576545218981397737,68300
user6431020477720033375,62100
user1837009395350703676,67700
user7819019185039032450,65700
user4063518699274744508,108500
user3128431108370425637,67200
user5484114182806473253,82600
user5498732689376416744,60400
user8053010575568873028,85600
user8773411464532562493,60900
user4765381358083507346,106900
user6427672531942888473,123900
user8065742702680251078,93600
user6436826580763581952,83200
user3195417626939819418,63900
user6611100693912910988,59800
user131847475433618504,64200
user6735576465109952305,66000
user709576008339638590,88000
user3846933800579851875,206900
user7508998739899863508,68000
user8285893862370130496,90600
user1406857715739462533,82500
user5042473627184591638,67100
user4074789260067543097,62600
user7174085818345776700,77500
user8518995464389229847,72300
user5958681342639685317,59400
user5465575952651546626,70900
user2969460364206391423,64200
user8320948795849263841,94600
user1016683566310592195,64300
user5332617605926711174,78300
user7482986342460664746,201300
user5555226922882994267,87300
user7789770354603447682,354200
user6752434813728457588,67700
user4680428387167025172,78800
user6483046844425185100,240300
user3964713680222603388,55200
user3322351555403264410,62000
user1056319451198664435,89100
user1974093963582666361,102100
user5349694269763058340,150000
user2639015309453730413,91900
user4893653522789075117,73900
user7415781508673429082,78300
user2258213524063395437,59800
user6325196021285431782,132600
user8164984352168075964,86900
user529725924660300646,70900
user6470656362608105615,64300
user6179610778059547066,94200
user339153423404606775,76600
user742172784552368260,61600
user6702419728385082187,77600
user4223380803776274150,69800
user8181624385568739364,76300
user732458775219534333,80200
user4761255136576380113,58800
user8357566562958791958,68700
user4178280461138951898,75800
user3004296982467682885,62900
user8402553820988601113,63000
user2286902393986839757,61300
user2815062717454111793,60100
user7113018487427444593,83300
user5237720493163855404,70400
user7707605368951969962,56700
user4755667348750673419,89800
user8731660639499139344,94700
user630417323171007207,86700
user3117938823307609379,106500
user752665069615184518,98700
user668820202427285454,75000
user4201163228018847641,72400
user152832045559251020,77400
user6688019537032980579,58100
user1687629330443046707,55400
user4062958738762604060,91500
user2551044220758704116,54800
user4345628550220451461,89400
user1072057878792888822,84200
user5300239144931823387,61800
user9000147002995972819,68000
user2062625012789833106,74600
user4459157306452864858,136800
user8496890973239316435,63100
user8928929032309123019,59500
user2056258949234144081,75500
user9093924194734547693,59400
user98577654101235289,56900
user6983296573698995147,107900
user5041572021378152625,65300
user2414177967744583314,92600
user3095274371645555519,76900
user2451460925976580665,71800
user2187879059716856754,62300
user7814892963531905217,90300
user993240838918556004,60600
user4014063574443509555,57800
user8652283639112666078,77600
user5527876289201672726,65500
user4237107950008722213,60800
user2757903292825065036,57500
user7450389566247935076,58600
user2670492164642179187,81200
user741831139258069695,67600
user6696500540734020513,60400
user2895889466863466734,77600
user482498824581929699,100300
user3003737021955542437,76100
user7912236416265466876,75300
user7555219003561466656,68100
user7564933012894300583,64300
user6762367138279133398,57500
user4407803984867366678,64900
user1478872061622422560,60300
user6658875937207724597,86500
user7340655631697293932,118100
user5764325836997916979,165200
user5214507898285358882,91300
user8506263337277851797,78400
user7664516307676424034,58900
user6656977740453461370,81600
user950151777643010076,122800
user4063737014492586391,63500
user3343117810311055043,73800
user7175318823977570693,69400
user2652525712295090794,150000
user665253941432298669,112100
user3183587105634880381,57600
user3007084967732687339,112900
user1812105101640088024,111500
user2247161278488438731,92200
user5003510787416172943,76500
user4209757316327400672,71300
user6367506806830995379,62500
user5300799105443963835,88700
user4946456593397454972,74500
user5464797676921564295,80700
user8285552217075831931,79500
user1060114272880436688,70800
user3721119793140687779,104100
user6884273239429012144,59500
user6961752043061222183,79900
user2380679585725414631,77700
user1929666666064997654,59600
user9038891527546549631,80400
user7517376084817328857,65800
user6834258154085636743,59100
user3910572373372100754,97200
user2639575269965870861,101300
user3506774736494356938,94700
user1593073862974489502,62500
user1836667750056405111,57500
user1331171878251186935,54800
user2041080482152060142,95800
user5134570937386745168,73300
user6167220296242467581,124000
user5570965350477218654,65600
user3689861253170080888,106300
user4796310070055513458,61300
user6525917590482889145,61700
user1582581577911673244,55600
user6253523320696770320,52300
user7965039486873846731,58300
user6812713623447863779,78700
user8531715774204910111,85000
user5329829620661706720,89400
user3244872751771054371,67000
user5833427295712661669,96600
user5129324794855337039,126300
user4304654429090256442,54800
user2153944047262004305,57600
user3311299309828307704,68100
user1242640829044020190,70500
user5412554566825324888,69300
user190674964303388819,61400
user6277855836599547738,70800
user8795515955682475905,59100
user246496152690312797,54300
user6761807177766992950,62700
user5053857272584903324,98400
user1280825393082456554,83100
user7358852216557921994,242300
user775889481789378826,71600
user512867576041795363,65800
user4629635026093667440,104100
user8573809816359386026,57700
user2854698602342184033,57200
user4625727119804382090,69300
user3599991967720791364,53100
user4300186562288830644,59100
user1840015695833550013,68000
user4508507200673771025,110400
user8382677354591551707,57200
user7801600875908386719,89600
user7283041477166435513,60300
user3726365935672095908,155900
user5096168058130466921,125700
user7456195669291483653,60200
user7961691541096701829,126200
user6520111487439340568,89600
user5008196969435440624,59400
user8394289560678648861,166700
user8483940530910096502,60100
user7582569637242788197,80900
user4937757274478573155,164300
user7246878439958719058,55700
user1418023045921932336,53200
user3435215120513208573,81400
user5020369136034678226,100100
user8643689550804113047,81200
user2650285870246529002,152500
user1940377266345655795,57500
user3931556943497733270,76700
user5221982065569631017,72300
user1243760750068301086,60400
user4418296269930182936,58800
user8853908385943316655,60700
user7682152932024911648,66600
user1484118204153830689,55800
user417410502766799145,57400
user1109122521807044290,85700
user2549364339222282772,55700
user5167167713599474838,61300
user4971692286933425604,84600
user6607522615622226417,60500
user6987982755718262828,75900
user4695948499543407676,102400
user2384027531502559533,60000
user5701465539935650431,85300
user4492427127785248073,60000
user9198193671535938825,64200
user2056818909746284529,77600
user6264015605759586578,60900
user4200944912801005758,135200
user4629293380799368875,58400
user5332835921144553057,73200
user4130723533061980172,91700
user3513700760562186411,56500
user7725023678082615693,68000
user8232530831249610193,100000
user5901192090012037781,230000
user298522519395464522,76100
user6653629794676316468,73100
user8526469631673501982,71300
user6619694782221464019,69300
user8824099594995591439,88900
user8395627796920771640,152000
user7610480231436250186,62100
user6692705719052248260,63600
user1609932211592994785,70400
user2506275277946736844,64400
user3001278864689138762,54200
user8438498542978475685,58100
user1661958578298146510,62100
user5328709699637425824,59600
user327541217317509621,84100
user778895782272225163,62600
user5043924948034227514,96200
user1696783379263740186,96600
user2792179950574216050,297500
user8034484162709644187,58300
user801560233934279023,100600
user8245251141065290457,67200
user5889579883924940627,84700
user990452853653551550,94500
user8592223144611101770,56500
user6878248821167621684,81800
user1456985885690351031,88800
user5333177566438851622,107200
user7356052413997219754,87800
user8972796369314651278,81900
user2696287818690290267,78400
user4700634681562675357,53600
user5459769849607998049,56400
user2659439919067222481,91200
user7072387583418302340,73500
user5464237716409423847,85700
user1497068646483050622,119400
user4008475786617802861,87000
user8779217567576111070,56800
user6064289055683199228,82700
user1569301307583852532,60800
user7735734278363273834,85200
user6708444146646472647,54800
user5696219397404242302,77500
user5007077048411159728,70600
user4844540043252138729,65200
user1889470820664784966,75100
user6690134477178331488,62300
user4778113485194885396,74300
user1156909582397555685,58900
user1802732737601552662,65200
user9168831756492840960,77400
user4293042223003159288,62700
user9189381268009543911,79200
user3425282795962532763,94600
user6892867327737565175,78500
user8610532814079242929,61900
user3255365036833870629,56300
user6075682946552454499,58600
user4816847764276518623,81000
user6004683291083446582,95600
user2363042961376927017,76900
user4930718165803230585,107800
user856934546416575650,57400
user2803792156661313204,61800
user1111020718561307517,88700
user5535910416998085309,300100
user6767831596028383410,58200
user2357123773725865343,103800
user5249892659763093006,64700
user1130667052444817254,88800
user4475008818654602342,89300
user1131786973469098150,110600
user6981398376944731920,57800
user6636553130839969302,62700
user6987204479988280497,86300
user1093602409430661786,57000
user1099968472986350811,74600
user1100528433498491259,59200
user5394244897357183729,69100
user2855258562854324481,168300
user2528598084314492139,82300
user5916930517606262168,64200
user8119437133626126361,58500
user4169126412318258419,76500
user5715865731287752039,65100
user7878519719028456310,107200
user331119295608194192,80500
user27018038120086924,70800
user4608868771185876807,60700
user8368277163239450099,79900
user4823213827832207648,68000
user3925190879942044245,66900
user1120174767382000996,60600
user1298015141526316817,53000
user4418856230442323384,60600
user7939587049946788417,63600
user4981064650971960966,64600
user4315146714153072700,59300
user9134006955527247284,101300
user6895885445516109298,60200
user7564373052382160135,65400
user7577323494711380068,66700
user8714242330368493613,100800
user7394796938547796566,58000
user3863232188686216710,82100
user7902864052226931514,86600
user3632028783421380586,92300
user6801548293265393976,71400
user3458999493199543329,84700
user965890205237234463,63400
user4129603612037699276,62800
user9034205345527281950,84700
user4168348136588276088,59600
user4837614019184309256,59300
user984428435392161090,97100
user2872116911472829764,101700
user2902473845636997642,63200
user5019467530228239213,96900
user291036534815494601,1132500
user3813777063854981757,60500
user1427737055254766263,57900
user2596144563396026368,60600
user2161430031841974226,76000
user1726032209699324954,53700
user2528379769096650256,58500
user1462013713003917277,99500
user3711187468590011969,100000
user3027509577346179407,101700
user1568741347071712084,61000
user305996686679736657,243700
user1936032729620686679,67000
user54368671801408465,59700
user4189892667226049052,81500
user3134578856708272779,60500
user4942443456497840836,59900
user6690694437690471936,64400
user4708452065968000258,65100
user3074849762032063451,66000
user2051572767214876400,59200
user3299127143229070102,75100
user1815683179930772595,67600
user1847160035119221369,93400
user2523911902295224458,77100
user3812108999614258199,125300
user885063455827879522,63800
user8485278767152219281,85700
user2473118541221866726,74200
user2480262880507538082,137600
user4294380459245282067,58400
user8747399067093363731,64100
user5142835197696697420,57900
user8384917196640113499,84300
user6470874677825947498,106100
user4588879220181314304,88400
user8357006602446651510,66700
user2684562527995680016,59600
user2598819464053517725,56800
user4298848326046707865,77800
user7197423315127484105,91600
user896675661914976676,62300
user6064070740465357345,56900
user7427725114585881216,55800
user1856314083939914848,82800
user7130655111775932207,49900
user5827061232156972644,108600
user3974427689555437315,136200
user5815449026069875490,61300
user7949861019791762792,59100
user8219467304312877163,57800
user3914480279661386104,61000
user3008983164486950566,84500
user2635107403164445063,85700
user7851056000739621672,73400
user7757951854120700343,132500
user8981950418135344757,77900
user7867914349358126955,65000
user8731100678986998896,69900
user8270933710505888440,72900
user6389829613198750674,58200
user4036168065593422967,62200
user1392239209169519042,100200
user6741382568153500882,73300
user5257596959560904810,67400
user5615734293289185926,59900
user1461453752491776829,64100
user2527819808584509808,57700
user8064062821143829734,89200
user176274772951287211,86800
user7185811109040386951,57600
user5526756368177391830,127600
user8609194577837120150,63500
user2130171491871367335,77800
user9044137670077957760,64500
user504603315731843111,84600
user2452580847000861561,119900
user697290757132887891,102000
user491323045404022399,92700
user4710567006113351167,102100
user2392291791812511785,67700
user65639232594207054,54500
user2782247626023540240,68600
user1114928624850592867,88300
user4732224621358637228,59600
user651961853808780171,67600
user8077354908767348232,63000
user8602828514281431125,66900
user7054190998557674278,59500
user8868308577295418263,80500
user6680420467845497561,65300
user5914472360339858493,83800
user6565440390763448288,88200
user5860777929393983210,80400
user3110234523509797575,57400
user3860444203421212256,81500
user8281985956080845146,69400
user6532283654038578170,70900
user1154669740348993893,76900
user2644479767202980425,78700
user7746786523938230540,60300
user6130715613740452561,69200
user401453759954732875,85500
user3117378862795468931,58800
user9154991525652879800,58700
user6712352052935757997,79200
user6152041829160383642,71000
user5746016167529775820,111500
user4068423196511854072,91400
user5823153325867687294,80700
user7134563018065217557,97300
user6742720804395623661,137900
user8647037496581257949,94300
user526147846369616075,64400
user6075901261770296382,79300
user2276751754218322064,63300
user1152771543594730666,74500
user6202835190233741374,81500
user6869654732859068653,56600
user4113086908713492558,63000
user2065972958566978008,111300
user2606076887946702178,106000
user3220870063866877732,60300
user8880699059112497748,78900
user3096175977451994532,92100
user1279145511546035210,63900
user6042526209827584381,68800
user4782239706702012629,119700
user7445703384228667395,56500
user8632418990011314458,83400
user3402505259692965806,59300
user4577826974606357598,90000
user7829511470101848708,54100
user5337303787945978855,70100
user1187379601169236660,59400
user6077021182794577278,69800
user4871330716421319822,55900
user3952883158917664351,63700
user9011199248570929525,91400
user5348356033520935561,65800
user6111845983760170954,92600
user8642911275074130716,63000
user3526204326986778993,61900
user4400889778095234991,60900
user3981353713623266788,70600
user3155781742051747178,59300
user4903367532121909044,59500
user7482208066730682415,63000
user5837553517219788902,100500
user8669701948243311809,143700
user6608642536646507313,55400
user4254639343746881041,78400
user6575372715314124098,70300
user6710124028182893991,58600
user2129051570847086439,74500
user7122402668761677741,55100
user5480536104515788682,64300
user5716425691799892487,66900
user1241302592801897411,116800
user4294722104539580632,56400
user1885457683765170830,66600
user1307729150859150744,64100
user6312132494348698752,77700
user8190436789095134278,61200
user251295419317093575,59000
user1349150147893973114,54000
user7125190654026682195,116400
user744630941818771935,58100
user7498506454837047250,94300
user4656985659774988981,108400
user5585365541829320262,80700
user155850163337795143,57600
user5070715621203408607,88200
user497129148447570976,59900
user1104654655005618492,54600
user6113638949904105395,55500
user9105536400821644847,102700
user5426613112883127931,97400
user2578613169657867540,61000
user1999546400509724675,94000
user7450949526760075524,67900
user6647823691632767891,60400
user8793287930929611899,59900
user5538368574264488984,98500
user378789308292679015,161100
user1146965440551182089,65300
user6772299462829809208,62800
user5071275581715549055,102700
user7313304998015972391,58000
user1067371696773621141,61700
user1749038306655677379,66600
user4290254237738154834,101300
user8469540339557994894,67300
user9045029030415453188,83100
user7130996757070230772,77900
user5093380072865462467,57900
user3436335041537489469,112600
user1836449434838563228,95400
user2393971673348933129,77800
user2110741901378945280,247900
user323974956322522836,93400
user4440960721592236796,73500
user3357736316880998534,116300
user7713629787213360422,169700
user1374260939526732863,57600
user3700135223015055263,79300
user6994130504056109970,80100
user8878240901846094073,61500
user6857482566259831051,85700
user1510348916810871334,55900
user3052185310370009591,67700
user1332291799275467831,61000
user5169738955473391610,75500
user4981406296266259531,55200
user8896779132001020700,238800
user5881762499519615726,66500
user2280318015213308849,157000
user6999936607099658547,82800
user7782296187319175547,65000
user9114130489130197878,56700
user6898673430781113752,128700
user7120722787225256397,90600
user2990786579626322504,81000
user5145841498179543757,138000
user749317123838039616,86100
user6554388145188491582,72500
user3951763237893383455,94600
user633995401461691778,118500
user1721346027680057273,57400
user2110181940866804832,58400
user8938748272252285732,59400
user2905273648197699882,53500
user2038622324885656467,79600
user4543002173640763922,98500
user4153387984724034032,95700
user59054853820676146,64000
user1857434004964195744,75400
user6039178264050439479,132100
user7497386533812766354,71600
user5900632129499897333,59400
user802120194446419471,81700
user3271103464428095016,78000
user6881815082162608469,92800
user4822653867320067200,61400
user649733829055916165,96000
user6396755637266580147,82300
user8274841616795173790,69600
user512307615529654915,78500
user427124512099633072,147700
user738824838775223358,69200
user2952042055075745692,55700
user2868538833182145193,64600
user3210937739316201922,68900
user2469210634932581376,83000
user9130988837748703161,80300
user3243752830746773475,113000
user4766719594325630125,55400
user3974987650067577763,61700
user7247096755176560941,78700
user4403896078578081328,59900
user666032217162281000,55700
user2957629842901452386,92700
user5772919925306470010,59900
user2930384439830459631,85000
user3152215481056760393,58400
user6879027096897604015,77100
user2576714972903604313,92900
user8517875543364948951,66300
user8396747717945052536,60600
user960084102193685886,54500
user3211156054534043805,68400
user1451739743158942902,77700
user3701473459257178042,53100
user1952549432944893397,55900
user7863901212458512819,61100
user3144511181258948589,89900
user8235318816514614647,57400
user7164484893620455870,75600
user6033932121519031350,68000
user3155003466321764847,77500
user7322677362054507753,82600
user1703927718549411542,60700
user5850285644331166952,58400
user8185190646563726149,62700
user8317370717558579270,55800
user4453351203409316281,90300
user1683503108935919474,59000
user5571525310989359102,89000
user428462748341755851,58400
user3106108302002670342,51100
user617137052843186495,72300
user1362430418221793826,60100
user1499296671235914628,96800
user7395015253765638449,77500
user8668582027219030913,56000
user472566500031253889,62500
user2618809015058080228,58200
user1116048545874873763,74500
user4767279554837770573,77300
user550492179568091279,58600
user1595532020240893177,56600
user4336131284278705216,70700
user7000154922317500430,65300
user5124856928053911241,83100
user6631525303526403056,62500
user1197093610502070587,96800
user7682712892537052096,59200
user6437386541275722400,63300
user1252914798888994565,55700
user9105318085603802964,79000
user7486894248749950096,64700
user8336800308051001325,56700
user8621585059654199635,69500
user8760691154716882229,82100
user5345008087743790659,97900
user1802172777089412214,85400
user5425274876641005152,138800
user5713637706534888033,73200
user6509059241864383862,234300
user198160948883358740,100600
user480270799829065693,130200
user2277530029948304395,110600
user2412498086208161970,58300
user28916234874350151,60700
user3558801103199508663,111500
user7789210394091307234,126700
user4893093562276934669,59200
user7032751698530230100,250400
user8714024015150651730,85100
user3289194818678394292,79100
user5938256733026193249,57200
user5882995505151409719,75600
user6257649542203897553,79400
user8693039445025019214,69300
user5068257463937004932,59400
user1941497187369936691,66100
user3695449040995787582,60700
user2287803999793278770,85900
user3019475449549766824,170100
user6383805194937360214,206600
user4645933414200032275,100200
user2413276361938144301,61200
user2924919982081209619,58400
user6555166420918473913,59000
user4413050127398774807,66800
user195921106834796948,87700
user4707892105455859810,77100
user3518386942581454092,78800
user523919821616752069,51700
user2399217815880341258,148500
user8973356329826791726,170600
user7325135519320911428,61600
user6053236810108242522,66300
user820429863914560630,123100
user1110460758049167069,128500
user7928316489153989828,81300
user2879591078757101899,80400
user7582351322024946314,77100
user9198535316830237390,79400
user1276357526281030756,55200
user2074237218876930260,56800
user5129543110073178922,248400
user7665076268188564482,78200
user413844241771812360,57200
user3857426085642668133,84300
user6407247922329396405,88200
user9094825800540986706,188400
user7471934096885708040,57500
user2960088000167856061,63100
user2029468276064962988,70700
user6129377377498329782,65500
user5474170040960099657,82300
user5824273246891968190,64900
user153392006071391468,77700
user7781736226807035099,123900
user7611600152460531082,63000
user2453919083242984340,90000
user2897009387887747630,65600
user828350907103460116,82500
user7767665863453534270,60900
user2287462354498980205,110100
user6719496392221429353,65000
user5187157264604037341,89000
user1845261838364958142,67900
user4881263040971995632,88500
user4812161582257250942,126600
user2221595756953867320,77600
user296282677346902730,67800
user2502149056439609611,80700
user1659500421031742835,99500
user3710067547565731073,64600
user536640131432432333,81400
user4178840421651092346,78400
user6406687961817255957,66400
user6867196575592664978,69700
user8462614315490165421,61200
user2596704523908166816,91100
user3111572759751920354,76800
user1838347631592826455,103100
user1181242098300333103,81500
user3132898975171851435,89200
user3486568442098706753,66900
user5963927485171093446,73700
user4542223897910781591,95400
user4417188166201599826,68400
user6356672876473880556,59800
user4072331102801139422,58500
user9120496552685886903,73400
user7198761551369606884,74300
user8943994414783693861,85300
user281664170776959239,70800
user9216731901690865452,76200
user7356394059291518319,63200
user7695993162864872808,73900
user8670261908755452257,58700
user4745516708982155726,92100
user8370517005288011891,63100
user2777001483492132111,61400
user6746068750172768563,68500
user1297796826308474934,80800
user3956449419912651136,88500
user763717315190141224,70900
user275858067733410662,116700
user6295274145730193469,56800
user5734062316148380101,53800
user4904705768364031823,123700
user4061278857226182716,78000
user3163380811239230196,115200
user6994908779786092301,208300
user8770063518755417591,59600
user6796862111246126295,57900
user7663956347164283586,72600
user7372910762615725037,67800
user3586711697392970652,152800
user1282276713932092430,69600
user7878301403810614427,57900
user3195199311721977535,65800
user979960568590735292,96200
user1578113711110247446,69500
user6871322797099792211,70200
user7488014169774230992,57800
user7623760501764070898,58600
user8571238574485469254,85800
user8968670147807524045,57500
user8386815393394376726,61700
user4585084398499542051,137000
user4484722827987436269,74400
user2904153727173418986,65200
user3476076157035890495,59300
user5600544008911404201,73000
user7096720099321079758,139500
user3325917816398251195,79900
user865198806726527902,70300
user4140437542394814099,98000
user5952315279083996292,82100
user4552934498191439732,75300
user3100520514176963648,60200
user5701807185229948996,56800
user8276179853037296569,134300
user7556338924585747552,53200
user5822593365355546846,105700
user8757673036938338106,58500
user7665294583406406365,60400
user6368285082560977710,71700
user3238288372997523463,61000
user930505443759500339,111000
user6278634112329530069,69500
user7983796032246615241,88600
user6042184564533285816,59800
user1356624315178245249,59400
user2378781388971151404,82900
user2816295723085905786,58100
user8222038546186793935,69100
user1175995955768924974,64300
user606644767780370237,78500
user2865190887405000291,58500
user3892375788511472692,60900
user1231588583469063484,64300
user5473061937231516547,74900
user493551070156886405,61100
user3467811896725938243,56300
user1851067941408506719,57700
user7334507883359446790,85300
user5404177221907859539,59200
user7411768371773814946,75400
user9042457788541536416,73500
user8868526892513260146,85800
user9101970139826658062,85300
user703656820688576916,84100
user7346120089446543944,79100
user7021139492443132946,84300
user4607748850161595911,69600
user5311851351018920541,64500
user6098005752920209794,73100
user4844758358469980612,76300
user8874332995556808723,68100
user1561597007786040728,79600
user643927726012367588,102100
user4165548334027573848,55600
user4121786227632374375,79900
user3144729496476790472,66800
user2518105799251675881,100900
user4745735024199997609,84500
user5092820112353322019,72100
user906607986465652486,203900
user1001286784010666373,98200
user775547836495080261,97200
user2607196808970983074,100400
user3564607206243057240,60100
user2077025204141934714,76900
user8104705542448669773,102600
user1577895395892405563,86100
user8637883447760564470,89700
user2983300595046352583,59800
user4642025507910746925,92900
user4492208812567406190,83100
user5021147411764660557,58800
user8822866589363797446,99300
user8049444314573886243,56400
user563990765113753874,52200
user5487120483289319590,97200
user4992458541841216237,58900
user1775600419138073004,57900
user3474737920793767716,57900
user7130436796558090324,314200
user9072161348878932846,75500
user7157227469727271417,323100
user1912808317446492371,62500
user7054409313775516161,93900
user4454252809215755294,63000
user6504373059845116181,96600
user4794070228006951666,58000
user6138201598320422482,112600
user1934352848084265335,90800
user5634260706148414767,67300
user1906442253890803346,78100
user5004289063146155274,59400
user1774709058800577576,66900
user2314034712450319415,56600
user5923296581161951193,81100
user1533013368472925194,72000
user7811874845753361094,58200
user6390949534223031570,71700
user2931057484950113176,68000
user7666414504430687261,75100
user7109110581138159243,96400
user8759352918474759450,57100
user2300194481610358255,118100
user9133446995015106836,72900
user8818180407344529765,79000
user2802112275124891860,80900
user4620480977272973961,65500
user8655861717403350649,69200
user2235995948305968928,57700
user5360528200120173163,64900
user7098959941369641550,66100
user5445151343038054558,108600
user7598089749619170701,64300
user4025334135236308144,63100
user4983304493020522758,55400
user3663070580000899795,160000
user1992185317832965637,104600
user2127153374092823212,59300
user5663404305973670749,78100
user8395409481702929757,68700
user7213721703233848940,85400
user7072947543930442788,69900
user6266803591024591032,57800
user3915818515903508883,74000
user2541890171938010637,100800
user3503986751229352484,58900
user6541656018077113532,70700
user7087566050500386279,85900
user5684607191317145148,69900
user7538142339725119490,77700
user3095616016939854084,71600
user440416599723151570,57500
user399773878418311531,81400
user5525523362545597837,96100
user243261291520680992,73600
user9186363150230999788,85600
user6761247217254852502,106400
user742951060282350591,62900
user7786982369338443228,62000
user5779504304080000918,157800
user2381021231019713196,64800
user3156341702563887626,78500
user7336187764895868134,72800
user5485782247047196811,56900
user8884606965401783098,118500
user5124296967541770793,59300
user1483558243641690241,96700
user3654133274571293998,144100
user4388717611495997389,62900
user6730548637796386059,95000
user3775261099991190413,75200
user3788666272222222008,60500
user8412267830321435040,60600
user379349268804819463,76400
user5468923898428691528,84000
user1687411015225204824,87700
user3424722835450392315,56100
user1352156448376819451,123200
user4845878279494261508,61100
user516775482331080713,73100
user1837787671080686007,69400
user8142319900506022104,67700
user7800262639666263940,67400
user7472494057397848488,119700
user834157010147008693,71500
user983308514367880194,57900
user4337251205302986112,91200
user1325365775207638358,71300
user3508672933248620165,74500
user9209587562405194096,59300
user7812653121483343425,59100
user494329345886868736,63200
user8961525808521852689,67900
user1247668656357586436,65600
user6211989239054434853,61900
user9095044115758828589,83300
user252415340341374471,69100
user777227718031501605,260900
user879257352784330945,57100
user7031973422800247769,101500
user96897772564813945,55800
user1525092325284025708,69100
user774209600252957482,92400
user4084503269400377024,75200
user3805182975546428726,56600
user8894539289952458908,70400
user3811549039102117751,108500
user4001218362724618408,84600
user7759071775144981239,56400
user1235496489758348834,61700
user3904206309816411729,82300
user649173868543775717,143500
user7472835702692147053,77600
user4326198959728029406,75900
user2323407076488854777,81100
user1478312101110282112,67200
user4051346532675506906,59200
user5048611130053495195,74400
user5596636102622118851,54800
user482385739974416602,80700
user4679650111437042841,72000
user3322911515915404858,82200
user2859726429655750279,75400
user7893479870892698366,120000
user508181394022527682,114400
user4301306483313111540,70500
user2666584258352893837,60500
user161656266381343720,93200
user7686060838314196998,57800
user5860217968881842762,71800
user713029184727112278,110600
user4300746522800971092,94100
user1133125209711220929,111600
user1835889474326422780,82000
user5082327827290505761,59000
user3814896984879262653,54800
user4202283149043128537,231400
user2566222687840788055,78300
user5404395537125701422,109000
user9221978044222273581,67000
user6657537700965601818,91900
user162764370109926830,75000
user4048558547410502452,61800
user8997140702513126482,75900
user4911071831919720848,151300
user1583919814153796023,74000
user3740996259537737185,59500
user8018185774603279352,61200
user302648740902591755,62300
user595032561693273083,86600
user3350262149596726399,66200
user7666974464942827709,58600
user7835099257927555402,54400
user3007863243462669670,76800
user2630421221145177382,77500
user4161982073032587063,70700
user487185006601197380,237700
user3932116904009873718,78800
user7441017202209399714,80100
user1689869172491608499,87700
user3886456600860411018,57300
user3651240058695960758,53600
user6627399082019275823,60100
user4178498776356793781,85900
user5012323190942567857,58900
user6993788858761811405,59400
user3408871323248654831,82700
user4526703785534399087,81600
user1094162369942802234,64600
user4177720500626811450,59700
user554618401075218512,74600
user2775321601955710767,80400
user437616797162449330,57200
user8054348811810995807,59100
user2154722322991986636,60000
user2280877975725449297,62400
user5650672178862292699,62300
user6191564629440942785,59400
user7362760122847207344,87300
user8231192595007487414,79100
user1042695963749790957,78400
user7588157425068494891,67700
user8867748616783277815,170100
user1598320005505897631,71700
user287470273820507816,59800
user6532501969256420053,79900
user6580618857845532227,124800
user412506005529689581,75400
user8665575726736184576,62700
user4266811510346118643,82200
user4154496088452617142,73500
user6140989583585426936,84900
user4777771839900586831,66300
user6544114175343517207,75200
user7752487396371450331,62600
user8643129590291972599,78200
user7019241295688869719,101100
user6973364249148319337,146800
user7752705711589292214,55400
user5409641679657109551,116700
user5212049741018955207,67000
user2225503663243152670,78200
user4395083675051686414,54300
user8878800862358234521,71100
user4042192483854813427,79000
user5312971272043201437,61700
user439296678698870674,58800
user3212835936070465149,68700
user8633197265741296789,67000
user2041640442664200590,82100
user7255690843485113972,1724800
user6768391556540523858,72300
user8984408575401748432,74600
user6986084558963999601,84200
user7186029424258228834,81400
user8957399587014725456,191200
user6269821708803135155,69300
user1747918385631396483,81300
user7220866042519520296,94900
user1757290749669931845,65000
user5828399468399095423,66400
user8176378243037331235,61800
user8135175561220350748,78500
user6778665526385498233,85000
user7800822600178404388,95200
user3937363046541281847,113900
user4166108294539714296,59400
user5901752050524178229,93500
user2391731831300371337,69300
user7233586352335200560,63900
user4424102372973731513,333300
user1345572069603288543,63800
user8896997447218862583,75100
user7780616305782754203,99300
user5916370557094121720,57000
user2468090713908300480,88500
user8659209663180495551,87700
user8302410565694337214,62200
user5117712588768239885,82000
user1252354838376854117,97600
user2657211894314358475,67900
user4439292657351513238,57800
user3700695183527195711,56100
user2525031823319505354,88500
user3028629498370460303,86000
user3418243687287190193,66000
user6642017588589219314,60500
user5598875944670680643,60600
user1594412099216612281,59300
user8050782550816009022,81600
user1593852138704471833,58100
user6960632122036941287,63900
user5735182237172660997,127800
user280325934534836460,74400
user5004070747928313391,58900
user1346910305845411322,56400
user7099738217099623881,78800
user663574059895877325,87700
user1486016400908093916,80600
user6630187067284280277,1588500
user8231410910225329297,62600
user49340844487842219,71000
user517553758061063044,212300
user2765047632110736392,101200
user2524471862807364906,161800
user7642971777038651070,279400
user6377999091893811637,110800
user1558249062008895826,59000
user1268093265971078504,120400
user51580686536404011,82200
user2998490879424134308,124100
user637343347238836680,134200
user7450171251030093193,59200
user8791949694687489120,75200
user2088855725446873751,69400
user4959861765628486567,111500
user2051012806702735952,85300
user6972244328124038441,102900
user451687160515950159,60400
user2759583174361486380,61100
user1939039030103533016,94300
user2563434702575783601,57800
user7323797283078788649,135500
user2287244039281138322,82600
user7560806791387173350,272700
user4668256220567787570,65800
user8983070339159625653,62800
user7574305376932835945,59900
user1695675275535157076,64900
user8845644125633364403,101000
user6520671447951481016,69300
user7724463717570475245,89500
user8445642882264147041,63200
user3936803086029141399,67500
user5337863748458119303,66400
user5559913104902261948,59700
user8394849521190789309,70500
user5746234482747617703,67400
user5095608097618326473,81000
user889531322629305320,93600
user3044367925964684690,63000
user8862502474251869686,80100
user494889306399009184,56700
user645047647036648484,69100
user1610492172105135233,91000
user1101088394010631707,85300
user989674577923569219,63400
user2098009774267567230,81000
user2236555908818109376,75600
user789948027847181869,55900
user6256311305961774774,69100
user532732225143146983,66900
user2003237563407922343,72300
user8088407154342304938,62700
user8709556148349225932,75400
user2423550331783118676,106200
user2173820513659053711,61200
user4985532517773386764,103100
user7698451320131276483,75500
user8230290989201048401,70400
user6202275229721600926,148700
user3911132333884241202,83200
user4404237723872379893,131700
user115767402545095552,57500
user5723351715867721960,61700
user5249332699250952558,89700
user2424670252807399572,84400
user5458991573878015718,92100
user1538932556123986868,80200
user8918323662638793664,58100
user2099689655803988574,67400
user2844766277791508223,77700
user4833146152382883458,61500
user4088629490907504257,64200
user9209245917110895531,95200
user4633761247600794673,97600
user9174637859536389537,70700
user51020726024263563,73300
user8703077000186023810,85600
user748757163325899168,100400
user5597196063134259299,83000
user2866310808429281187,63200
user6522569644705744243,78200
user6605294590869362411,78000
user2297736324343954580,55200
user1460333831467495933,110600
user4643693572151470483,88500
user1828963450258593307,85500
user2072339022122667033,65300
user3244654436553212488,59800
user2237675829842390272,91100
user8384357236127973051,61300
user2903375451443436655,76900
user59614814332816594,123800
user7736294238875414282,83400
user5163932852429843033,71600
user8401215584746478334,85000
user4200384952288865310,94900
user4877136819464868399,94800
user342171541183150898,84800
user285790392284086472,83600
user8281425995568704698,77900
user6428014177237187038,66000
user1924980484045729973,61200
user5278581529686537326,62400
user4382911508452448812,105500
user5354722097076624586,81900
user1748136700849238366,71100
user666592177674421448,59700
user8258761543906650838,106600
user7561025106605015233,87300
user516433837036782148,56000
user1368236521265342403,77300
user3113252641288341698,202600
user452247121028090607,53300
user6169118492996730808,59000
user3507894657518637834,60400
user5948749018089009507,60700
user398105814177587973,56800
user3513919075780028294,60000
user3212275975558324701,98200
user5403057300883578643,89300
user8641231393537709372,81900
user3308281192049763581,74700
user9039109842764391514,140300
user1699801497042284309,97300
user5364094461115159948,72900
user4085623190424657920,60200
user5225000183348175140,57800
user2680984449704995445,77800
user8315702653317855712,119700
user9158899431942165150,54900
user7901525815984808735,76900
user5238840414188136300,56900
user8416954012340702721,87200
user213899376477583127,67900
user8906929771769538393,66500
user1110802403343465634,81700
user8006573568516182198,316700
user3371028404504517032,70700
user4338371126327267008,64300
user6917429976153882262,57500
user6031692279470469558,58400
user5788658352900694397,92200
user3085342047094879709,73200
user5118490864498222216,72700
user1380408687864580005,82400
user4862736628112766791,82800
user3171861814940270130,92700
user3173873096302046454,71900
user7572077352179971939,58000
user6770071438076945202,80000
user1374042624308890980,61800
user7711731590459097195,77300
user6932390128018124318,58700
user5673896591036487007,87200
user1451179782646802454,77800
user38070283695043630,60700
user881497194832892737,88900
user7949301059279622344,56600
user8555158501596946302,56700
user4502701097630222448,83000
user693942811355742989,85700
user8406680042495728346,107100
user7609141995194127407,79200
user1247108695845445988,85600
user116887323569376448,101400
user8391501575413644407,60500
user8340813444950615461,162800
user7838665518922542187,129700
user6103924940571271468,102400
user7982457796004492462,83800
user7247656715688701389,95400
user4696839859880903104,86200
user809937578851744372,60900
user3962255522956199713,75400
user1658380500007461939,57600
user5665302502727933976,80700
user2282216211967572076,64600
user2241242090837377057,112500
user631537244195288103,84400
user1543618738143254549,101700
user3689082977440098557,81600
user2162208307571956557,68400
user3348923913354603620,98700
user5152767522247373230,87500
user6088073428369533984,96000
user867426831479391908,272300
user6859710591012695057,81600
user235443907115356091,66300
user7231358327582336554,63700
user240690049646764220,66000
user9125182734705154584,57100
user6522009684193603795,62500
user8798534073461020028,56100
user6099238758552003787,59000
user2325646918537416569,69900
user3975205965285419646,75000
user6553486539382052569,69800
user8286453822882270944,72700
user1604126108549446208,61800
user4531949928065807216,64200
user3051966995152167708,65000
user1823157347215044730,60900
user8368058848021608216,61500
user6878467136385463567,63300
user8119324049018613264,73900
user4118551366462742570,51000
user2803232196149172756,84900
user4870210795397038926,72600
user721406529644577627,66000
user1066033460531498362,72100
user2765949237917175405,98400
user4323410974463024952,59300
user1561037047273900280,61600
user170810315202037199,61700
user450908884785967828,84100
user414404202283952808,55600
user5405628542757495415,115600
user8015945932554717560,237900
user3622656419382845224,102700
user8446762803288427937,57500
user6437946501787862848,89500
user7302471067658857568,81500
user3357176356368858086,75800
user372423244736989990,90000
user2678196464439990991,90100
user6511517399130787537,60400
user1040467938996926951,82900
user4805122473581908372,88900
user3619868434117840770,90900
user326433113588926511,69300
user6679860507333357113,80700
user5235492468410991398,87100
user1145857336822598979,266700
user7976091732448803437,93500
user6142109504609707832,63100
user3786986390685800664,82600
user3687963056415817661,58700
user176616418245585776,64300
user4904145807851891375,61000
user7701239305396280937,115600
user6427454216725046590,111000
user2870218714718566537,81900
user1144177455286177635,95100
user8389603378659381180,66100
user4028122120501312598,59300
user2534185872140198833,100400
user3714753729584998754,155800
user2650627515540827567,60200
user8616898877634931954,84400
user160536345357062824,63100
user7927974843859691263,73800
user4810928576625456949,72500
user8836271761594829041,65300
user341724665278523547,78700
user8132169260737504411,98400
user638121622968819011,59400
user3331723919441799772,64900
user7170072681446162564,77200
user9132668719285124505,53800
user7497946494324906802,97400
user5984476996687796397,73500
user8783903749595378751,64700
user6873780954366195886,90600
user1799944752336548208,60900
user8687338572591799423,59400
user5871830174968939916,97900
user731338854195253437,82200
user5713077746022747585,80700
user2792739911086356498,66200
user1981019987650495834,160000
user3447605602330288058,81200
user823104764572051987,76600
user4057152635719055483,77400
user2721958570835190464,62800
user804018391200682698,59600
user2254647263068408652,60100
user472784815249095772,284000
user5289746859869007129,150700
user678204383761518602,120200
user8522561725384216632,99200
user5301919026468244731,88100
user8680194233306128067,74700
user2580406135801801981,58400
user4554614379727861076,149300
user1872612472046279683,63000
user6294714185218053021,76900
user5724129991597704291,85000
user3964495365004761505,77200
user8917982017344495099,85500
user6657756016183443701,82900
user9187141425960982119,70600
user495449266911149632,61200
user4248833240703332464,85000
user4426342215022293305,114600
user1803511013331534993,65300
user7662276465627862242,106300
user7485226184509226538,82000
user1331731838763327383,77100
user6484726725961606444,71600
user6290028003198785340,59500
user2171580671610491919,73000
user1563495204540303955,62300
user243821252032821440,55900
user2769515498912162190,59300
user6408915986570119963,59800
user3634828585982082826,85000
user5085334127773352098,89500
user6981958337456872368,68300
user7917482558796875005,86400
user7912578061559765441,73900
user8004675371761918971,88300
user7599427985861293480,85000
user5752153670398679377,56300
user7045596910249121247,52500
user2908279948680546219,58400
user5641518130041599220,66300
user1732179958037172096,90300
user7186371069552527399,74800
user5005408984170436170,60600
user5902860154252761339,105100
user6746287065390610446,103800
user2176826814141900048,67400
user5790338234437115741,85000
user5879087598862124369,78000
user2538872054159466514,199000
user4401997881823818101,145400
user7793348432894132253,57500
user3374034704987363369,83300
user7929654725396112607,229100
user5652010415104415478,86800
user5260384944825909264,91900
user2265357863349066793,59100
user3848272036821974654,102500
user9216171941178725004,71300
user1759861991543848617,94000
user2063744933814114002,163500
user8174138400988769443,110800
user7230580051852354223,71200
user7674448632227099844,74400
user1805190894867956337,67200
user8561306249934793444,86700
user6268701787778854259,64900
user5122398770787507566,79200
user658887877876609644,57600
user4068204881294012189,79200
user3957009380424791584,94900
user1407872406153414643,67900
user760369369412996322,55000
user1435441355052578067,105600
user4314026793128791804,90500
user424896487346769066,70000
user2865750847917140739,73600
user3458097887393104316,55800
user7209253836432423142,56800
user8401775545258618782,64500
user6354661595112104232,56700
user3345016007065318270,73800
user2281656251455431628,79500
user8533613970959173338,62200
user5259824984313768816,73600
user6905039494336802777,59600
user5580337714515754016,63700
user8980282353894621199,75800
user8355213636302717069,107300
user8522343410166374749,77300
user2890083363819918157,62500
user1237954647024752509,57900
user1814003298394351251,72000
user982188593343599298,101500
user7686839114044179329,60100
user8243023116312426451,78300
user3498180648185803907,69500
user1847501680413519934,73600
user8771183439779698487,59800
user3359416198417419878,112800
user2426008489049522351,56800
user1871057492413069222,76200
user8220918625162513039,62500
user6883494963699029813,96000
user150604020806387014,83500
user6426334295700765694,87600
user5256818683830922479,108300
user3584471855344408860,231300
user6279535718135969082,68400
user7175537139195412576,60300
user7917264243579033122,70200
user7435771059677991585,58300
user1231930228763362049,104500
user813390755239218060,52900
user8958737823256848235,77500
user4392625517785282739,80200
user4053804689941910581,60800
user7458983654556488107,63800
user1876863595456617799,60700
user1357184275690385697,63900
user5965265721413216225,67900
user2750429125540792901,58200
user8567443752803697001,59400
user5816568947094156386,58800
user6089741492610257542,68800
user4574820674123511261,72300
user3112474365558359367,69700
user3483550324320162630,62000
user7600547906885574376,74200
user7033871619554510996,59300
user9133228679797264953,71300
user8443184724997743366,74700
user3897061970530740373,88700
user6678522271091234334,70400
user3176547996959537811,92000
user2689030394797105814,64400
user3831755333497767936,71100
user5801048834717773882,71600
user3111914405046218919,57700
user7428845035610162112,67700
user7753825632613573110,59800
user3172080130158112013,168000
user7323455637784490084,88700
user4844198397957840164,100400
user3837001476029176065,68700
user2278089990460444843,171600
user2555170442265831349,57100
user2304102387899643605,62900
user4958741844604205671,58600
user378229347780538567,58600
user5963367524658952998,61600
user3116600587065486600,52700
user6401441819285847828,59800
user3776494105622984406,82600
user3733291959739925381,64600
user3924972564724202362,76500
user858272782658698429,68000
user3112132720264060802,58900
user6040286367779022589,76400
user4280870056403921686,76400
user3973307768531156419,82700
user5078189788487680742,100400
user5684948836611443713,59700
user8201489034670090984,58700
user5487462128583618155,78600
user2956509921877171490,93200
user6283101979130955867,61100
user7527868369880145115,58500
user7926636607617568484,58700
user5586703778071443041,67900
user6244699099874677620,96500
user7813773042507624321,54200
user3942609189072689976,80500
user2983860555558493031,77200
user4821533946295786304,56600
user2859166469143609831,59100
user1710075466887258684,61600
user5207581874217529409,67800
user7572637312692112387,55000
user871004909770076479,59100
user211111391212578673,84500
user3604678149740059045,236100
user3825949230454219359,80200
user3279262494127718482,79800
user667152138186561896,59300
user1629361802085416840,79600
user1251794877864713669,59700
user674066344958693583,73800
user5939035008756175580,93300
user4845318318982121060,96900
user6288908082174504444,99700
user9095604076270969037,68800
user2178506695678321392,60700
user7472275742180006605,58000
user576162931712991476,64400
user8418292248582825500,93000
user7280366576508944156,77100
user8731442324281297461,99200
user3221648339596860063,63100
user5789436628630676728,84200
user7319889376789503299,61100
user1675798809138107670,98900
user155290202825654695,78000
user4287796080471751159,67900
user4878475055706991178,91100
user4694828578519126780,60200
user7776490084275626970,102300
user6100793738185214248,96300
user8611092774591383377,88800
user8313804456563592485,117600
user1814563258906491699,83900
user5238280453675995852,110500
user429364354148194864,62100
user6609202497158647761,57700
user7415894593280942179,65400
user8313244496051452037,61900
user6223932844966886987,74200
user1913026632664334254,72200
user1688749251467327603,69400
user6862728708791239180,73500
user7187709305794650178,62000
user4349081726607925149,87400
user2160870071329833778,193700
user1053748209324747663,235200
user3444039341335301273,101400
user3211497699828342370,108200
user4696166814761249559,73000
user7208693875920282694,72800
user6958733925282678060,89800
user7908670155270480091,69900
user2325086958025276121,105100
user2171922316904790484,83900
user199499185125481519,64400
user7951199256033885571,437600
user4278642031651057680,62900
user2714814231549519108,80100
user8618018798659212850,97700
user5047938084933841650,209000
user2755675268072201030,141300
user5470822095182954755,60700
user8520663528629953405,55400
user3017577252795503597,169800
user8747740712387662296,80100
user6252963360184629872,65200
user3611822489025730401,79200
user381247465559082690,111900
user2040302206422077811,136000
user2950703818833622913,100100
user289698298573371822,56900
user4339262486664762436,66600
user4882942922508416976,96800
user6923349163804943936,63100
user5234932507898850950,58800
user6142327819827549715,91600
user8995802466271003703,73000
user5548860859327305242,78300
user4891755326034811890,78800
user1923300602509308629,58500
user8934953450570513479,67800
user2666024297840753389,61800
user5821815089625564515,75000
user5009316890459721520,82900
user8762919179469746235,97100
user3849391957846255550,51800
user675186265982974479,91600
user6382125313400938870,107300
user4223162488558432267,69100
user759249448388715426,86100
user7919722400845436797,55500
user429582669366036747,80000
user2492435047106775684,58400
user188446939550524813,65600
user186548742796261586,117800
user1633156623767189093,81300
user5434099097463097852,112000
user2265139548131224910,84300
user1763656813225620870,132400
user6635433209815688406,66400
user5687406993877847388,127600
user9004614869797398617,82100
user773649639740817034,83800
user3799158557285038266,86800
user888971362117164872,70500
user5702585460959931327,111000
user7577883455223520516,93000
user3206469872514776124,108000
user5031421381609634932,98600
user6038618303538299031,74100
user6630747027796420725,62700
user2543558236178734195,202400
user2407251943676753841,87900
user752883384833026401,65300
user7436879163406574695,75100
user5799150637963510655,69700
user3635046901199924709,75100
user8317930678070719718,61700
user8577262992746859714,56000
user7570739115937849160,54500
user8995242505758863255,83700
user4287236119959610711,59500
user1579233632134528342,58300
user8984968535913888880,57000
user3835881555004895169,168600
user4519777761466569614,64100
user7965599447385987179,58200
user3588939722145834658,65900
user1434881394540437619,69800
user2243595017493451946,102900
user1446493600627534773,62300
user6027566057963342325,73300
user3509232893760760613,63200
user2947915833568618459,55900
user7004062828606785780,58200
user2461953211039396923,77500
user62632932111360717,60100
user868546752503672804,78200
user4061838817738323164,109400
user1185928280319600784,82000
user6291366239440908119,66200
user2517887484033833998,53900
user1708395585350837340,59700
user2046886585195608719,63500
user7778718109028490976,257400
user99137614613375737,84900
user5313531232555341885,81800
user6365266964782433587,100400
user5247664635010229000,80200
user6905599454848943225,70800
user5780624225104281814,62000
user7736635884169712847,97700
user4778891760924867727,83800
user8632077344717015893,77800
user9084551830696012331,56000
user8048884354061745795,160700
user3790564468976485235,71200
user391179790109758500,58300
user543784470718103689,94500
user9186923110743140236,98600
user1234936529246208386,56500
user4963428026623473352,76000
user7230798367070196106,133400
user1819591086220057945,84700
user5696561042698540867,178200
user6032252239982610006,59000
user8556838383133367646,69700
user1770695921900963440,219900
user8790269813151067776,91100
user2928486243076196404,66500
user8669141987731171361,63000
user5747467488379411696,66700
user7232478248606617450,105300
user7129876836045949876,82000
user7950980940816043688,61000
user630977283683147655,55600
user3569075073044483038,244100
user1200671688792755158,123400
user882057155345033185,93700
user4448105060877908152,62500
user2830022869318353849,117900
user2880929314999224678,71000
user264027546428471625,65800
user1776160379650213452,96900
user8279527798814441471,94100
user1166395031043604144,67100
user7570957431155691043,54000
user1246548735333305540,303700
user1599658241748020410,59300
user9215052020154444108,111900
user6508499281352243414,71000
user7598308064837012584,68300
user3922184579459197908,76300
user438176757674589778,73200
user4824333748856488544,61100
user8405901766765746015,74700
user3454531626398117531,78600
user7176657060219693472,76800
user1474404194820996762,77400
user9198753632048079273,96700
user6465628535294539369,168600
user3280257513248788495,78700
user1127100791449830469,94600
user3106886577732652673,63600
user8848662243411908526,80200
user1765108134075256746,106900
user5062451360893456355,81900
user8426886336891378531,194600
user1232708504493344380,82700
user3981572028841108671,72200
user6909165715843930010,91500
user3938482967565562743,81900
user7094492074568215752,85100
user8658089742156214655,104400
user2326985154779539348,75400
user2558748520556515920,56700
user703428260001791448,76700
user7817899264014751554,60200
user7374030683640005933,90000
user7213940018451690823,84900
user5691314900167132738,54900
user916881956310626861,107100
user9108884346598789749,55600
user1512247113565134561,83400
user5497954413646434413,77200
user5322685281376035364,249800
user3745682441557004866,56000
user5508446698709250671,121300
user8389821693877223063,96000
user1017243526822732643,99400
user66759153618487950,65700
user743511020794491039,69200
user1015905290580609864,77500
user4503479373360204779,81000
user8907271417063836958,65800
user770301693963672132,80800
user2767847434671438632,97900
user6180512383865986079,99000
user4695046893736968663,110700
user54928632313548913,108700
user2530837926363053931,86500
user616017131818905599,137700
user7439337320672978370,78500
user4480814921698150919,118200
user1622104378192232387,157900
user2986318712824896706,106500
user6634313288791407510,77600
user7652904101589326880,90900
user8159178249124527387,94100
user6202616875015899491,71100
user7832859415878993610,62600
user4865524613377771245,55900
user1902875992895816561,66800
user126819648120052258,125500
user4530830007041526320,94300
user5849165723306886056,66900
user1930444941794979985,82200
user1588387680955221821,57000
user4744396787957874830,111100
user3589717997875816989,112600
user8781115764330374297,83100
user5762085994949355187,94600
user3463344029924512445,62100
user1849399877167783161,58800
user8958177862744707787,75500
user907167946977792934,93200
user8510731204079277595,89000
user3327037737422532091,55800
user995698996184959679,124600
user4064856935516867287,83600
user8166104273192356860,89800
user6379897288648074864,63800
user4267589786076100974,87800
user858832743170838877,83900
user4399209896558813647,61400
user4677410269388481049,74800
user6350648458212490096,59500
user6506831217111519856,57000
user1237736331806910626,92400
user1720567751950074942,86700
user8744392766610517394,78600
user2910519790729108011,75900
user6959293885794818508,75200
user5692653136409255517,116800
user8027339823423972831,79200
user4657545620287129429,61400
user5236612389435272294,117400
user458166308679152281,80300
user406699902486141004,103000
user6381565352888798422,147800
user5997644182408104012,59200
user2513979577744548648,83000
user3889027842734327790,63200
user7791668551357710909,75600
user3282828755122705267,90800
user1359082472444648924,91200
user6960973767331239852,59700
user995480680967117796,63000
user6399761937749426484,91800
user4563768428548554555,68200
user3726925896184236356,71700
user7907550234246199195,89900
user2940658409675434006,233000
user8384575551345814934,92300
user4752661048267827082,60300
user4481374882210291367,90100
user2728884594903019937,76800
user6939429236693466888,138500
user3948196976898396670,99100
user800440312909998127,103800
user5562701090167266402,57400
user8395969442215070205,115100
user3711965744319994300,59200
user3337530022485348349,82900
user8568563673827977897,72800
user722526450668858523,79000
user9061887379033958471,59700
user9088678052203139564,106600
user2551604181270844564,62400
user5602442205665667428,71500
user8004893686979760854,69000
user2480044565289696199,53800
user2429356434826667253,57200
user820989824426701078,76700
user518113718573203492,84000
user4618241135224412169,59500
user5202895692198261728,59000
user7790548630333430013,55600
user3934904889274878172,73700
user4257657461525425164,66800
user1359642432956789372,64500
user7234146312847341008,61700
user2492995007618916132,85400
user6030914003740487227,60700
user1423829148965480913,1034700
user8280647719838722367,64800
user4541103976886500695,82700
user6768733201834822423,107900
user2127371689310665095,156600
user2463073132063677819,52900
user7250444700953705843,85500
user8836490076812670924,86900
user5757181497712245623,78800
user8994682545246722807,73500
user7829293154884006825,55700
user1479432022134563008,78700
user4305992665332379221,70700
user9209027601893053648,66500
user6504031414550817616,51400
user1144737415798318083,60900
user9033085424503001054,201600
user8697052581924633350,67600
user6652851518946334137,61500
user5244646517231684877,59900
user927374241373443119,66500
user3633148704445661482,62400
user8743832806098376946,55200
user4997704684372624366,57400
user5032199657339617263,58100
user1611612093129416129,62700
user2864972572187158408,58500
user1904774189650079788,101800
user1962481757495569207,66300
user575043010688710580,78200
user38630244207184078,82000
user6493539129488001358,54700
user5481314380245771013,73000
user5410314724776763096,118100
user2062065052277692658,55100
user176056457733445328,64500
user8505703376765711349,74900
user4520897682490850510,61900
user5032872702459270808,59500
user4873228913175583049,80200
user8205067112960775555,96900
user3166833987626703884,83000
user7226672145563068873,65000
user8280306074544423802,82800
user2197033108537550233,87700
user3474956236011609599,69800
user1630916781718627301,63900
user2138983895397762249,63100
user4653637713997844079,72000
user7112458526915304145,56500
user279765974022696012,116400
user5951207175355413182,79500
user3102200395713384992,60000
user5691533215384974621,62000
user8863280749981852017,58200
user3303595010030495900,79200
user4695719938856622208,81600
user7314643234258095170,92500
user974154465547186715,103100
user8054130496593153924,75700
user7655362258855730555,79700
user7400934441416700123,98500
user2633987482140164167,107000
user3227454442640408640,77800
user1520841201873687592,63900
user2181294680943325846,88000
user8833471959034126801,85500
user370195219984125984,98100
user6005461566813428913,91300
user3849951918358395998,64300
user1944845133147081593,86700
user7457875550827904997,64000
user6483606804937325548,59800
user1736866140056439777,64300
user1095282290967083130,94000
user642807804988086692,74400
user3347803992330322724,76500
user1117946742629136990,70800
user3900640048821424944,77700
user8225604807181780720,73300
user6484166765449465996,56700
user3702593380281458938,82100
user4856930525069218214,60800
user4530270046529385872,87500
user4970572365909144708,115800
user5588383659607864385,58700
user4047998586898362004,71800
user5733284040418397770,67600
user3122625005326877060,60400
user4668816181079928018,81800
user3859105967179089477,79900
user2035056063890669682,69300
user5838673438244069798,75300
user1693995393998735732,78900
user3621536498358564328,79600
user4735802699649321799,132200
user5953435200108277188,55500
user2049674570460613173,83900
user5965047406195374342,86200
user3181794139490945940,98000
user7940147010458928865,99600
user4354782599041144940,64500
user3145289456988930920,79200
user6177712581305283839,81200
user3237168451973242567,61500
user3885336679836130122,100200
user3715313690097139202,78000
user6767053320298401079,101400
user5732724079906257322,59300
user6463617253932763045,60600
user3303813325248337783,57700
user941557689334457045,88900
user5584805581317179814,52800
user7715309668749781766,72700
user2948475794080758907,106300
user9099511982560254387,69600
user8885385241131765429,60800
user172708511956300426,62900
user653641735345201515,72200
user2061505091765552210,129900
user6971684367611897993,65200
user8632978950523454906,58600
user7336747725408008582,71500
user3123526611133316073,65000
user1678816926916651793,65700
user1577553750598106998,100800
user5221422105057490569,87600
user2172482277416930932,151600
user3233260545683957217,88900
user7527308409368004667,85100
user819756818794907085,80000
user5481874340757911461,62800
user7686620798826337446,212800
user7177217020731833920,111800
user8504365140523588570,81300
user1723025909216478617,64900
user387053568602631267,77700
user1719447830925794046,87200
user6542215978589253980,81900
user3947637016386256222,148700
user265365782670594404,93400
user313700986477548461,80700
user2403125722169626608,94200
user6838166060374922093,77700
user2458718349869765118,100200
user8229399628863552973,60200
user3369908483480236136,244300
user3505654815470076042,133500
user2587767218478561019,77600
user8178276439791594462,56700
user7703697462662684612,57700
user3561029127952372669,82300
user848340458108022619,99300
user7630686525831900371,59600
user1142279258531914408,169800
user7606354009929122953,77400
user5674456551548627455,59700
user416072266524676366,72900
user6169460138291029373,57400
user5974419770233909704,68500
user3607477952300761285,58300
user4369961066123228879,105800
user3339209904021769693,58900
user2692036695279952151,59600
user4746854945224278505,55700
user5244864832449526760,53900
user8989436402715314678,82500
user9199873553072360169,77600
user2668264139889315181,323600
user924367940890596782,162700
user5872161574794294896,89000
user4883161237726258859,123500
user5699567343181387204,53900
user1963383363302008220,97400
user2470890516469002720,74500
user3248220697548199273,83800
user5586485462853601158,61100
user303208701414732203,57200
user1116266861092715646,84600
user879598998078629510,79000
user8312684535539311589,84200
user7950639295521745123,93700
user1468379776559606302,82900
user1061234193904717584,65000
user6791615968714718166,141500
user5904758351007024566,85300
user3486350126880864870,210600
user203065446120468304,92500
user6759019192501988496,76000
user3128212793152583754,90700
user846660576571601275,82500
user302990386196890320,86300
user2929606164100477300,75300
user2413058046720302418,105600
user4742716906421453486,76100
user4520119406760868179,70400
user7119602866200975501,86700
user3370468443992376584,116400
user1700361457554424757,532200
user1711973663641521911,59200
user3957569340936932032,91900
user5675234827278609786,104100
user8794955995170335457,67900
user3029189458882600751,63300
user576941207442973807,85600
user7851397646033920237,81800
user6128257456474048886,94400
user2891981560574181384,144800
user7665854543918546813,119300
user1934912808596405783,55300
user6445090841073534204,74600
user1422490912723358134,79000
user1308849071883431640,74300
user1269773147507499848,57900
user5223320301811753796,82600
user3108006498756933569,96300
user3736858220734912166,76800
user412724320747531464,74400
user5434659057975238300,119200
user5036885839358884944,88800
user317048932254693363,57400
user6695380619709739617,60300
user8306878432495763012,82400
user8710116108861366380,57900
user1562156968298181176,77900
user1834209592790001436,114800
user2715934152573800004,84500
user7912796376777607324,158400
user6565658705981290171,62200
user5361866436362295942,58900
user6301640209285882494,124900
user6516203581150055218,149100
user5354940412294466469,68200
user8383797275615832603,75400
user3832875254522048832,55200
user3396139196137276781,107400
user3589499682657975106,91500
user2847772578274354560,252100
user6460829268667758591,67300
user3008423203974810118,60500
user1815123219418632147,62100
user2063184973301973554,223300
user2970580285230672319,103900
user8534173931471313786,56700
user7312963352721673826,109100
user3953101474135506234,128800
user1599999887042318975,68700
user4542442213128623474,81900
user1597760044993757183,98700
user894777465160713449,120400
user3157461623588168522,87800
user5310513114776797762,129700
user9221418083710133133,69200
user6164432310977463127,58800
user6306544706522992058,73900
user1812665062152228472,91400
user604964886243948893,60600
user2173260553146913263,141600
user7164371809012942773,82600
user213339415965442679,58000
user5188152283725107354,139800
user7823705367058300131,96300
user5838113477731929350,149800
user3892594103729314575,59200
user5993289400214191311,82400
user5162699846798049040,113800
user8879360822870374969,64200
user506283197268264455,81100
user7693205177599868354,59600
user8542768019779866817,105200
user3237946727703224898,73800
user565670646650175218,79600
user6515643620637914770,76300
user3447387287112446175,75400
user7955325477541012804,91100
user2830695914438007394,57800
user1686851054713064376,75800
user929614083422004911,61800
user8428566218427799875,101300
user2175488577899777269,56900
user7311625116479551047,69900
user99355929831217620,80300
user8699623823798550122,77000
user4493547048809528969,96300
user4005904544743886089,66400
user974714426059327163,98500
user5344448127231650211,101000
user9089019697497438129,79200
user5446819407278778116,49100
user1191847467970662458,77000
user2627963063878773707,84000
user7510336976141986287,70600
user7085667853746123052,83700
user6691814358714752832,55300
user8963983965788256364,80100
user6256871266473915222,91800
user6329209158185045918,99200
user6937076310037391999,77000
user900583568204262026,58500
user3187713327142007614,73500
user6428232492455028921,56500
user5828959428911235871,124400
user3523633085112862221,89500
user1824277268239325626,60400
user3575099491305873498,92000
user2418304189251710547,99400
user7801942521202685284,92000
user8742152924561955602,69500
user8165544312680216412,57800
user8949913602434755535,99300
user8692366399905365669,136800
user200059145637621967,79000
user1572307608066698869,52200
user5508665013927092554,223500
user88085369038419031,83400
user4525583864510118191,62000
user8996580742000986034,85600
user3805742936058569174,84300
user2464524452913313695,87300
user6317036991585808316,93000
user968908323015778586,91700
user3408642762561869363,100300
user4883721198238399307,57100
user6566891711613084164,86600
user6276735915575266842,93500
user2177946735166180944,55500
user3282155710003051722,76300
user5838891753461911681,69200
user5455083667588730368,70600
user2293268457542528782,59600
user5233034311144587723,77200
user1596091980753033625,60800
user1101648354522772155,51100
user406918217703982887,90200
user4158634127255442161,93800
user1183813340174249875,81300
user3582573658590145633,73700
user5685508797123584161,75700
user674626305470834031,62100
user6223819760359373890,95200
user1474964155333137210,100900
user1007871162784197281,93300
user5641186730216244240,74500
user1397485351700927171,75500
user3838121397053456961,98800
user3722799674677109123,135300
user7189937330547514184,77700
user3622874734600687107,89700
user3951203277381243007,59000
user1475524115845277658,95700
user6942995497688453673,84700
user8682434075354689859,58900
user6062390858928936001,55500
user2035834339620652013,59000
user4368841145098947983,73300
user2706220143240966077,69000
user8881818980136778644,57800
user5831747414176240325,62700
user2403344037387468491,89500
user2754555347047920134,89600
user5119392470304661229,63700
user58494893308535698,88900
user1133685170223361377,72600
user1913368277958632819,73300
user555178361587358960,71900
user4030361962549874390,58400
user6179952423353845631,79600
user397545853665447525,117800
user7463121693359313126,132400
user3073169880495642107,832700
user2745182983009384772,102800
user5786430328147830391,87200
user5463117795385142951,81700
user4876795174170569834,56700
user7576203573687099172,57700
user4004909525622816076,82000
user3632588743933521034,81900
user7237724391138025579,119500
user6530603772502156826,84500
user120682145251148701,94900
user8964543926300396812,55100
user8142879861018162552,74600
user4767621200132069138,92700
user6782791747892625466,64300
user2985758752312756258,91900
user6053796770620382970,90200
user3788106311710081560,57600
user1485456440395953468,65900
user106395038506560190,62000
user879817313296471393,83000
user5554107001858713371,94100
user4142335739149077326,56100
user1106894497054180284,132100
user3473058039257346372,96700
user2742164865230840649,81900
user4999042920614747145,68000
user7598649710131311149,100800
user6557394445671337919,61300
user8144559742554583896,91200
user3127652832640443306,68100
user9099170337265955822,58000
user1847719995631361817,122700
user1910020332181487917,78100
user4604182589166609126,79100
user379567584022661346,206000
user7124070733002401299,77300
user2947137557838636128,87500
user2667144218865034285,85700
user3559361063711649111,94300
user1600559847554459423,58700
user4192898967708895389,61000
user2450341004952299769,90800
user8735568545788424694,60200
user1589725917197344600,57000
user3061786235095330421,88700
user7071827622906161892,82000
user5008415284653282507,77100
user6610540733400770540,70200
user5397251197840030066,84600
user8138753639511035319,89000
user8621926704948498200,82400
user5382632691270086575,57700
user2598932548661030822,158700
user7713971432507658987,104700
user3085123731877037826,96800
user5903980075277042235,55000
user8005795292786199867,76700
user7021481137737431511,64300
user9199095277342377838,62800
user8038050423704630972,68600
user1424170794259779478,77900
user8733340521035560688,54300
user5283827672217945455,138600
user4697399820393043552,82300
user3223328221133281407,61300
user4428240411776556532,94600
user5812101080292730588,57300
user6097787437702367911,92500
user10046604894068544,86200
user5107998579435405958,62800
user557076558341622187,56500
user2172140632122632367,57500
user5103872357928278725,61000
user3551315118619538742,76800
user8482820609885815606,68900
user6806576120578960222,104500
user6752653128946299471,65700
user8089858475191940814,92600
user3426061071692515094,61200
user3258712982611015531,130200
user8832363855305543691,67100
user3470051738774500035,68500
user8191556710119415174,58400
user8224153486332144844,88600
user4994356738595479464,91700
user984646750610002973,111600
user6997136804538956307,85100
user2975826427762080448,134900
user542446234475980910,59200
user7382064811436418516,155000
user3595865746213664131,64000
user6119103407653355407,134300
user3984919974618253573,57600
user8701738763943901031,67100
user6278415797111688186,135200
user3705381365546463392,75400
user1032203678686974699,92600
user3475297881305908164,75500
user896115701402836228,67300
user6531942008744279605,76900
user1984927893939781184,85500
user8835370155788390028,55600
user5156115468024518132,56400
user7987143978023760143,65600
user4127705415283436049,129300
user8753546815431210873,101800
user3307608146930110036,78300
user2744623022497244324,55900
user1270551423237482179,91800
user3803284778792165499,98700
user7430524917146583456,58600
user3732172038715644485,92200
user548252337519529487,57700
user4111293942569558117,60900
user3254026800591747850,91600
user5098066254884730148,63200
user1008431123296337729,60800
user6495778971536563150,55900
user4074229299555402649,75400
user7559905185580734337,55000
user6917211660936040379,164000
user7223094067272384302,61600
user290258259085512270,58600
user9160019352966446046,54500
user2990226619114182056,110000
user2047446545707749167,82000
user8164206076438093633,54400
user7609360310411969290,71300
user2517545838739535433,58800
user6702638043602924070,81800
user7930774646420393503,80800
user8346732632601677135,250200
user1208145856077027293,106000
user1596651941265174073,92500
user3799936833015020597,70100
user8957617902232567339,78000
user438736718186730226,114900
user2733570776922287618,150300
user8995460820976705138,81100
user8153713791375277375,54500
user4832586191870743010,78800
user5097506294372589700,86100
user5836993556707648454,157300
user2700082640372062520,120700
user1356064354666104801,116700
user6042744525045426264,56600
user2458386950044410138,110700
user2894221402622743176,95600
user5741548300728350022,55000
user747637242301618272,81200
user5608589954003514570,59700
user5509006659221391119,57200
user5685727112341426044,87500
user3117160547577627048,106200
user4884281158750539755,96300
user918780153064890088,146800
user1925758759775712304,59600
user8390723299683662076,116100
user2804570432391295535,93600
user1367116600241061507,109600
user6553268224164210686,346900
user7456755629803624101,81700
user1220318022676264895,86300
user4908053714141176725,233100
user9221199768492291250,64500
user6887061224694016598,133800
user8276739813549437017,98000
user6493320814270159475,116000
user3270325188698112685,69900
user7676128513763521188,113300
user7477180239417116169,74000
user4514313303717319602,59300
user1216970076899119993,85300
user870444949257936031,103700
user4198705070752443966,88500
user4650059635707159508,55100
user1990952312201171644,81100
user1931004902307120433,56700
user6579498936821251331,137100
user4128825336307716945,89600
user8403673742012882009,91100
user3585031815856549308,82900
user6327310961430782691,56800
user3278029488495924489,64000
user6518991566415059672,91700
user280885895046976908,80300
user6230858869034716460,105200
user6652509873652035572,98000
user4746294984712138057,180800
user2428796474314526805,81400
user8202048995182231432,79400
user5826501271644832196,71300
user1635167905128965417,59500
user529165964148160198,132200
user1523972404259744812,111900
user9020913257903763452,85600
user8482260649373675158,74700
user769523418233689801,102300
user5354162136564484138,77200
user6456816131768144455,57100
user6112405944272311402,78300
user1870944407805556125,76100
user1310747268637694867,89600
user9220858123197992685,145600
user7449051330005812297,284700
user7930214685908253055,85200
user60393090062798925,162900
user7351366231977952073,116000
user4607530534943754028,84200
user1120734727894141444,108600
user4640905586886466029,141300
user4997363039078325801,69500
user3313527334581171710,76800
user4541663937398641143,68400
user1497628606995191070,60100
user593352680156851739,128600
user6757680956259865717,103900
user1428856976279047159,72300
user2853920326612201702,74600
user8044198172042478114,103900
user2980512609781348129,96700
user1258720901932543142,94400
user1725253933969342623,170400
user3415008826117558388,77400
user1379848727352439557,94400
user2366061079155471140,81900
user4618582780518710734,60900
user9187483071255280684,69500
user6970906091881915662,63600
user2059606895011288983,66000
user4189551021931750487,72500
user8703190084793536907,88000
user935751586290908468,58800
user9100071943072394835,90600
user2232761087136337123,103600
user6855802684723409707,103000
user4631533222847930667,118200
user2994352840621309289,80500
user7476961924199274286,57300
user4986652438797667660,86600
user6920217961418886716,61500
user5255138802294501135,87700
user8311564614515030693,68700
user1953109393457033845,76800
user77033123463462325,88100
user7372692447397883154,77700
user3777054066135124854,69200
user5509224974439233002,70500
user1082331848637863197,61400
user8758451312668320437,52400
user4958181884092065223,64100
user2609984794235987528,94600
user6906159415361083673,72900
user1585599695690217367,93600
user9030410523845509697,95700
user3583693579614426529,103500
user3210377778804061474,74000
user366504057085928316,63300
user4941210450866046843,80000
user3760414032734461454,58300
user2803450511367014639,75500
user1862120186983463425,98100
user2778899680246395338,61300
user1971635806316262686,56200
user7749139450594305429,53100
user6016513812388385619,232500
user7098058335563202537,64000
user6191782944658784668,82100
user7609701955706267855,62700
user5385090848536490250,79500
user8269253828969467096,77200
user3281937394785209839,87700
user7362200162335066896,55700
user7889353649385571133,72800
user7008189050113913013,96600
user6562640588202746048,391400
user6394297480000176472,237500
user2997930918911993860,63200
user9107216282358066191,72500
user7429964956634443008,61800
user3713085665344275196,60800
user8738026703054828369,58200
user4567334689543541340,117700
user8132947536467486742,85600
user6064630700977497793,64200
user342844586302804443,105100
user4517879564712306387,81400
user5042691942402433521,100500
user4288014395689593042,111800
user8542208059267726369,80300
user1826175464993588853,168400
user8043856526748179549,71600
user7083999789505399494,144800
user6948241640219861802,93800
user1551104722723224470,144700
user4174932515361806996,104800
user1309627347613413971,85700
user8619126902387795960,83800
user3193519430185556191,92100
user4702086002412311233,101300
user5156893743754500463,81300
user9011759209083069973,57000
user719508332890314400,86500
user6073443104503892707,99700
user5346128008768071555,88200
user127161293414350823,118700
user2723638452371611808,77400
user8400873939452179769,89800
user8129929418688942619,103400
user6823765869022820485,89100
user3268097163945248679,55800
user6338363207005739397,55000
user3838339712271298844,76500
user780575663808646507,80600
user8562757570784429320,89800
user5816787262311998269,62000
user8212541280245047690,80500
user5520277220014189708,68800
user6302978445528005273,62800
user3020035410061907272,104100
user1061347278512230681,74800
user5751262310061183949,149900
user4078697166356828447,78900
user451468845298108276,90100
user4877355134682710282,59200
user4554054419215720628,76200
user7587255819262055878,59700
user3207589793539057020,72900
user2478924644265415303,145900
user3372366640746639811,110300
user1755062724917067839,81800
user3973867729043296867,216600
user8648157417605538845,93700
user3722239714164968675,55900
user8421640194359970402,69500
user4880143119947714736,155600
user2677636503927850543,98600
user6168900177778888925,66900
user1995751578827952422,70300
user4628515105069386544,79000
user5514471116970641131,64900
user4960080080846328450,56700
user2876024817762115114,105700
user7236604470113744683,85000
user6425214374676484798,71700
user7351707877272250638,101000
user637903307750977128,92600
user8960405887497571793,92400
user1083670084879985976,66200
user4002109723062113836,111600
user278646052998415116,112200
user1413336863902664655,90900
user1857993965476336192,81200
user4791063927524105329,101000
user3997092141217491175,58000
user7937688853192525190,109200
user5449837525057322239,56400
user8134067457491767638,57300
user1118506703141277438,84500
user3865472030734778502,82400
user1594193783998770398,108700
user1015345330068469416,57200
user6015175576146262840,75400
user5223101986593911913,67200
user6696718855951862396,258900
user1632814978472890528,89900
user3046047807501106034,57500
user5887008642051023855,101500
user8803001940262445826,90000
user1107454457566320732,59900
user7044476989224840351,53300
user222276721395048476,81000
user2754337031830078251,55100
user2264579587619084462,73600
user7765437838700670264,61000
user1973875648364824478,54700
user7218626200470958504,59200
user8049102669279587678,59100
user5664182581703653080,61500
user6988324401012561393,93100
user7324357243590929097,69800
user973034544522905819,66400
user1180122177276052207,134000
user905829710735670155,55800
user1551323037941066353,58300
user4993018502353356685,72900
user6168558532484590360,63500
user2060166855523429431,75000
user2235435987793828480,58800
user2281997896749730193,80400
user4666917984325664791,79600
user774769560765097930,67400
user1166063631218249164,86900
user7863228167338859274,88500
user4509845436915893804,103100
user2605858572728860295,92000
user1653581233380681161,126600
user8267915592727344317,83400
user2467199353570805052,82400
user1677137045380230449,95700
user2743503101472963428,123200
user4168006491293977523,74700
user8458488093983038188,72700
user8929034262919451805,66500
user6264575566271727026,76200
user2616569173009518436,106400
user1182133458637828531,85100
user543006194988121358,60000
user1317661475409826554,94400
user2935972227656166325,58800
user4052466453699787802,96400
user3209817818291921026,84300
user8077573223985190115,93400
user919900074089170984,98100
user3824829309429938463,58000
user986326632146424317,69000
user2716152467791641887,72600
user7085107893233982604,81500
user1603566148037305760,68600
user4074570944849701214,59000
user3434095199488927677,365000
user336925398651742769,78700
user2181854641455466294,113700
user1586707799418800477,78000
user2540770250913729741,59900
user6455023165624210014,66900
user8271493671018028888,99500
user8053570536081013476,98700
user2733010816410147170,108900
user4919665920228273879,128300
user9031965503478720158,65200
user7587037504044213995,113100
user5234372547386710502,99400
user7295886688885326660,82800
user8908609653305959737,65400
user2231309766286701247,96700
user3095056056427713636,114500
user5695659436892101854,238600
user1452299703671083350,79100
user2752657150293656907,66300
user5564599286921529629,87400
user1845821798877098590,64400
user4491867167273107625,86200
user5058325139386329122,66600
user1950091275678489722,98200
user6883713278916871696,53100
user5707613288273497573,130900
user2390953555570389006,91500
user8368837123751590547,80800
user2883169157047786470,99000
user3678590692377282299,53200
user1533686413592578739,78200
user7757733538902858460,53200
user4882601277214118411,63700
user4174372554849666548,66300
user628189298418143201,78900
user180960954970554892,60300
user1962823402789867772,82800
user5270877229888725522,107300
user7565492973406441031,73800
user8645369432340534391,83200
user6752093168434159023,115200
user4201723188530988089,57900
user4635441129137216017,89800
user632657165219568999,54900
user6340043088542160741,75800
user2439848719889483511,58700
user4987430714527649991,106900
user2550702575464405551,85600
user2199832911098252473,114900
user290818219597652718,95900
user2744063061985103876,84100
user4367733041370364873,65300
user7540040536479382717,312300
user4891195365522671442,117000
user7900965855472668287,60600
user3826727506184201690,100200
user857494506928716098,115600
user8954599784454023216,100000
user3551096803401696859,79400
user2743844746767261993,136500
user5664742542215793528,75000
user7400043081079204695,62200
user7852175921763902568,93100
user153610321289233351,81700
user3930778667767750939,79400
user3436895002049629917,90700
user5372140406207270317,68200
user3673562865063716053,77700
user8737466742542687921,137500
user1449841546404679675,69700
user4162542033544727511,82200
user6174364635528138937,76400
user4529491770799403541,70400
user3633926980175643813,99700
user40528440961447305,71100
user5609928190245637349,75900
user7697113083889153704,72800
user4905825689388312719,74200
user3382080650079473738,58500
user1576775474868124667,99100
user6934401409379900642,217600
user2532505990603777489,111600
user7902304091714791066,113000
user4292482262491018840,58600
user2984420516070633479,63400
user111081220525827871,299000
user5355842018100905482,91300
user5097287979154747817,78600
user6805456199554679326,73200
user4459270391060377955,77200
user3460337729441666108,63900
user236895227964991967,80000
user5973311666505326594,55400
user5104432318440419173,56500
user7883547546342022556,64900
user8629071044234169556,88000
user7168839675814368571,56200
user3900080088309284496,99700
user2070659140586245689,86000
user4856370564557077766,87900
user1378168845816018213,56300
user2202839211581098810,110300
user6924469084829224832,94100
user1972755727340543582,106400
user7559686870362892454,250200
user6525357629970748697,125100
user7596969828594889805,67100
user733018735731674781,63700
user8278967838302301023,59700
user6405568040792975061,76100
user276977988757691558,166100
user1422937788627985485,246200
user1471946037554593087,94700
user8245138056457777360,57700
user1686291094200923928,82900
user9140373019082936309,74800
user1610710487322977116,79300
user731898814707393885,80600
user5414109546458535349,71600
user7923070346622581699,83500
user990234538435709667,56400
user1721127712462215390,266900
user5122958731299648014,88000
user780793979026488390,207400
user296064362129060847,59100
user2171362356392650036,122400
user7687399074556319777,85200
user1810437037399364466,79300
user896457346697134793,117400
user8430464415182063102,81400
user4541322292104342578,81400
user8381009290350828149,78200
user2392851752324652233,79200
user2055480673504161750,72300
user1029415693421970245,79700
user1588947641467362269,83900
user7104984359631032010,87100
user2286684078768997874,90300
user3337311707267506466,61200
user5962259420930369888,62200
user6163654035247480796,58500
user3886009724955783667,210900
user867986791991532356,94000
user174376576197023984,79300
user4191230903468171831,56700
user7260936986016522101,60100
user4233200043719436863,56300
user2508733435213140519,94500
user2151156061996999851,140600
user77811399193444656,91200
user6394515795218018355,74500
user449788963761686932,55900
user5116592667743958989,79700
user5281929475463682228,85200
user2166676174373382355,58800
user6118885092435513524,106300
user1809317116375083570,87100
user5817688868118437282,75500
user5399709355106433741,200600
user885405101122178087,65700
user3030527695124723530,82400
user3997423541042846155,93600
user5294433041888274810,57400
user3623216379894985672,90900
user8437938582466335237,91500
user3806302896570709622,68000
user7717537693502645772,62900
user7987703938535900591,96400
user3891255867487191796,72000
user6031132318958329110,72700
user3597763942967927358,90600
user6812382223622508799,59100
user8630739108474893114,113900
user6927362300704558072,98600
user4756227309262813867,56800
user6856144330017708272,66300
user6783351708404765914,71300
user8256863347152387611,96600
user3653138255450223985,66200
user801000273422138575,54500
user1557689101496755378,60000
user3332843840466080668,62600
user5988271818369568650,58100
user890091283141445768,90500
user7224213988296665198,128300
user5210369859482533863,65500
user1269991462725341731,55800
user2252967381531987308,102500
user6728090480529982384,91900
user8708104827499590056,67200
user4425222293998012409,77600
user5800488874205633434,59900
user7654802298343590107,60700
user6317378636880106881,411200
user958416037952962328,59300
user7466687954354299911,67000
user5789218313412834845,54000
user5607688348197075557,87400
user5824833207404108638,123600
user3606917991788620837,84800
user2326206879049557017,83300
user6519551526927200120,74500
user421878369568224943,149500
user7515924763967692981,68900
user8390941614901503959,86800
user780015703296506059,62000
user6110291004126960493,60800
user285572077066244589,62800
user3904766270328552177,55900
user1901756071871535665,57100
user8289460123365117281,93200
user1143057534261896739,71500
user7093153838326092973,57100
user8170230494699484093,90300
user8264349331732357532,108500
user4765941318595647794,81000
user1469718012801729081,100500
user5877749362620001590,95200
user7108892265920317360,90100
user2155282283504127084,222400
user3565167166755197688,62600
user6501025114067971279,92500
user7362978438065049227,96700
user2584419272701416117,87200
user874011210252922816,60500
user5233812586874570054,78300
user3827069151478500255,58000
user4563986743766396438,83100
user5926862842156937978,57700
user64860956864224723,59200
user6938414546279514778,86800
user5371020485182989421,92000
user2877363054004237893,57500
user5383410967000068906,59500
user2419424110275991443,146600
user2776441522979991663,58500
user9180443962579938114,86900
user6590551182396208037,76100
user6188764826880240545,88500
user955957880686558653,103600
user538320012968853677,116300
user4352989632897210499,80100
user4566774729031400892,90100
user1720007791437934494,81700
user2848332538786495008,70000
user753784990639465414,88400
user8485838727664359729,166300
user324193271540364719,74900
user3283057315809490735,83700
user9121274828415869234,56400
user9061109103303976140,80400
user2607756769483123522,90000
user7131215072288072655,75900
user3255924997346011077,96600
user4190670942956031383,59300
user6277295876087407290,131200
user8043638211530337666,69400
user8749078948629785075,80500
user1963041718007709655,58600
user2650067555028687119,85800
user8379329408814406805,61400
user2176048538411917717,86000
user6871882757611932659,66800
user9111124188647351541,76900
user8791389734175348672,60500
user3209257857779780578,1024000
user8088625469560146821,86400
user6453684929382087235,94700
user2417744228739570099,92800
user4299066641264549748,117200
user5438785279482365533,52900
user4072891063313279870,57200
user6898113470268973304,76000
user4627955144557246096,131200
user7680473050488490304,60900
user7211481861185287148,77200
user621823234862454176,78600
user1321799514212651573,81400
user7048490126124454487,105600
user8527029592185642430,91300
user6170238414021011704,84500
user531953949413164652,86200
user4107499120887785864,56400
user2198931305291813460,59400
user1005972966029934054,66300
user8153153830863136927,88800
user5338983669482400199,75600
user5507886738197110223,125100
user407478178216123335,56600
user1494610489216646947,58700
user5219194080304626563,118600
user7359960320286505104,54200
user5802728716254195226,57700
user8428784533645641758,55700
user6460942353275271688,79700
user1809877076887224018,215000
user4277522110626776784,56800
user8033924202197503739,89100
user1343344044850424537,58800
user8511509479809259926,95300
user3435993396243190904,58100
user1952331117727051514,194400
user8516195661828527607,59400
user8582963865180079505,62500
user2161648347059816109,63900
user6315698755343685537,117900
user8532835695229191007,61000
user3328157658446812987,95900
user4141215818124796430,121800
user367737062717722309,60800
user4906385649900453167,89700
user1253474759401135013,92100
user5915810596581981272,88600
user5800830519499931999,75200
user5636271987510191091,116900
user1421817867603704589,88800
user7833979336903274506,93700
user3871609533603682059,97200
user324534916834663284,86300
user1704487679061551990,57500
user3696787277237910361,79900
user6267581866754573363,80200
user7839785439946823083,94600
user3605238110252199493,58400
user6026787782233359994,99000
user8061056520660983397,102600
user3679368968107264630,131300
user7389209150722089872,77600
user3485230205856583974,56500
user1269431502213201283,86600
user8042518290506056770,89100
user7923288661840423582,87900
user3097514213694117311,79300
user7642070171232212057,69800
user6731108598308526507,60100
user7933562631685397957,60500
user2085849424964027414,74700
user1529218546791152941,87300
user88303684256260914,60400
user1236616410782629730,59800
user5208701795241810305,80300
user4590672186325248745,56000
user6583190099719448999,60100
user8401993860476460665,74200
user5981905754813879625,59500
user3067705422746392095,102500
user6668029986028418076,106500
user2179626616702602288,57800
user1005631320735635489,92200
user9063007300058239367,63700
user3260051218853138310,54400
user3349702189084585951,76200
user4276183874384654005,92000
user86965448014138135,82300
user3008204888756968235,125200
user7736075923657572399,97800
user6040846328291163037,74700
user2302982466875362709,55000
user7358292256045781546,65100
user6959853846306958956,61800
user8502697076282865012,86300
user8680754193818268515,59500
user4286676159447470263,184300
user335805477627461873,100600
user1046387126647988625,58000
user3353610095373871301,102000
user1561815323003882611,101800
user3478864142300894949,90400
user5800270558987791551,54400
user5461449731144419393,112400
user4902807571609768596,72300
user467538672717687643,62800
user6882375042674748917,54400
user3253466840079607402,117900
user2831815835462288290,62100
user1562375283516023059,101900
user1258160941420402694,169700
user6259329423740318897,59900
user4756008994044971984,58300
user1929884981282839537,100800
user6618014900685042675,55900
user1104996300299917057,110000
user5551088884080169248,86200
user7803280757444808063,89200
user8451230670089853735,77300
user7486334288237809648,83700
user2519785680788097225,74700
user4187652825177487260,131100
user8192116670631555622,102700
user7811314885241220646,63300
user3256484957858151525,57800
user4464185133766431104,61000
user2166116213861241907,75600
user3680488889131545526,104600
user224391661540399385,105400
user4480596606480309036,86000
user1588605996173063704,56900
user4759575255039958769,80800
user7229460130828073327,53400
user2342723582373763735,106400
user7851615961251762120,116500
user6877907175873323119,62300
user7610261916218408303,91100
user5554666962370853819,55400
user8368618808533748664,63900
user8328982923645676424,302100
user3172753175277765558,85000
user3310739349316167256,114500
user1070719642550766043,63900
user4937975589696415038,83500
user1948423211437766164,55600
user8709897793643524497,56800
user311802789723285234,56700
user1827295386017869749,72200
user6405008080280834613,2265900
user7239952415890889585,77900
user7106104280655312906,80300
user6576710951556246877,92600
user5335635723705255297,58100
user3362982459412406663,105000
user4265691589321837747,96200
user3094496095915573188,216600
user4356120835283267719,55000
user3688741332145799992,59400
user7549754545812216644,53400
user6075341301258155934,79000
user7164153493795100890,92600
user117447284081516896,77400
user3916378476415649331,60300
user6762585453496975281,89400
user2802672235637032308,85700
user8429904454669922654,59500
user1814344943688649816,338200
user5437665358458084637,124800
user1198431846744193366,56000
user4468871315785698785,92000
user3688523016927958109,90900
user4062617093468305495,56600
user5937136812001912353,89300
user4336691244790845664,75400
user8065401057385952513,80400
user4003229644086394732,156100
user3310179388804026808,79700
user1342005808608301758,66300
user6873002678636213555,58300
user8145119703066724344,137200
user391739750621898948,121500
user322855035298241940,111100
user6845092084442751566,55000
user6747406986414891342,147800
user6180730699083827962,92600
user2597264484420307264,142900
user1985706169669763515,60300
user6957625821554094950,82400
user8341268174852427123,95300
user4678748505630603828,88200
user669380162939425902,95600
user6335128345836107592,89500
user2959528039655715613,64400
user7114356723669567372,86500
user9215611980666584556,57500
user4933849368189287805,52200
user335587162409619990,60800
user4754329112508550640,1054500
user4244365373901906666,60200
user4156394285206880369,80800
user663014099383736877,56600
user1132346933981238598,82900
user1373482663796750532,57300
user1661398617786006062,59400
user4107167721062430884,60800
user4779451721437008175,100300
user2891203284844199053,117500
user8630179147962752666,57400
user2100809576828269470,126600
user2791060029549935154,58800
user2771755340960723982,102200
user9043017749053676864,88900
user8386255432882236278,122800
user2030588197089243884,59400
user516215521818940265,93000
user6650611676897772345,231800
user5817907183336279165,145800
user4162200388250428946,113700
user5918050438630543064,96000
user1600218202260160858,55000
user7657590283608594561,81800
user5085894088285492546,58100
user3082323929316335586,92600
user4381573272210326033,72300
user1552442958965347249,56400
user6531723693526437722,54700
user548812298031669935,57700
user2188998980741137650,81300
user4167228215563995192,54800
user2097014755146497217,59800
user5038118844990678937,70500
user7245758518934438162,77800
user6476462465651654192,63900
user5612156214998501355,90100
user6748526907439172238,118300
user7059997101601222855,60400
user3438793198803893144,97500
user7751814351251796786,62600
user3812668960126398647,76900
user4560420482771409653,94500
user6503253138820835285,84000
user2422430410758837780,65700
user7108332305408176912,88300
user4545230198393627928,65400
user4007137550375680082,80300
user7339535710673013036,54300
user5814889065557735042,127300
user8923009844658061345,73500
user5428292994419549275,86600
user8874892956068949171,99100
user2125561705169058,69800
user139551775231430308,86900
user7438559044942996039,87000
user2167454450103364686,64000
user6300738603479443481,55500
user53248750777127569,81900
user8506823297789992245,94200
user3519725178823576871,69500
user5146401458691684205,63800
user2895329506351326286,121600
user7701799265908421385,135700
user3685175071150813207,86000
user4052124808405489237,68500
user7861889931096736495,101400
user3655366280203087991,92900
user4645373453687891827,70500
user8606966553084256144,87400
user781353939538628838,74200
user2150596101484859403,63000
user364949077452717855,61400
user5839793359268350694,53500
user5107438618923265510,66000
user4392065557273142291,101600
user8637323487248424022,115000
user7891811806651974808,95700
user5608248308709216005,127400
user1604686069061586656,55300
user3515152081411822287,64000
user5788098392388553949,55900
user5938816693538333697,91400
user5470262134670814307,79300
user6317596952097948764,84600
user3230802388417553542,93700
user3507553012224339269,54400
user8769285243025435260,100300
user7439678965967276935,64000
user3875622670503296195,102800
user1760981912568129513,89000
user928494162397724015,155800
user2885957142312790924,105900
user6856362645235550155,70600
user927934201885583567,98600
user6454804850406368131,116600
user2771973656178565865,56800
user1357744236202526145,118700
user6717038234955025678,56900
user1798264870800126864,59600
user8103803936642230760,110200
user8768165322001154364,84300
user5817128907606296834,254400
user6421306468387199448,56000
user6612208797641494098,60200
user756791291122311751,72700
user1941278872152094808,229600
user8654741796379069753,98000
user3108566459269074017,59400
user153951966583531916,94600
user572814985935846574,57700
user6880706978434025359,95100
user1901196111359395217,89200
user5897614011721353210,205200
user8947125617169751081,135900
user2165556253349101459,150000
user8747959027605504179,86700
user5350035915057356905,128900
user8076453302960909219,115900
user5840011674486192577,100700
user5439905200506646429,62600
user1177228961400718967,81900
user5481656025540069578,114000
user5822033404843406398,69300
user3245432712283194819,82900
user9106096361333785295,56500
user2255425538798390983,82600
user8923228159875903228,59300
user627411022688160870,72000
user5219754040816767011,78400
user4427680451264416084,169300
user5469483858940831976,200000
user5832867335200521221,116900
user7928534804371831711,132700
user5674674866766469338,87300
user2332791257823087925,60100
user8296604462650788637,155400
user3940710992318426749,62500
user7132894953824493999,96600
user2405023918923889835,133500
user3905326230840692625,183600
user3815456945391403101,91300
user2941891415307227999,85800
user2237447269155604804,111200
user3254586761103888298,70900
user3539484597314599705,113400
user2539432014671606962,57600
user3361314395171683105,116800
user2481382801531818978,99400
user7340873946915135815,95700
user5371798760912971752,53900
user1689309211979468051,54100
user6346180591411064298,61800
user7561585067117155681,58400
user2407811904188894289,56600
user4177160540114671002,75600
user2469770595444721824,60900
user2243813332711293829,155100
user8312124575027171141,63400
user2957848158119294269,156600
user754003305857307297,67700
user5350254230275198788,230500
user4776993564170604500,76900
user5649999133742639154,87600
user8106716823810446097,63500
user3935464849787018620,87200
user1370134718019605630,84600
user4392843833003124622,58700
user6027006097451201877,177400
user9083213594453889552,54800
user638463268263117576,56100
user7448491369493671849,57600
user638681583480959459,81600
user8779777528088251518,80900
user9176990786192464426,112600
user6626839121507135375,90000
user8056588653859557599,64900
user2275071872681900720,54300
user447000978496682478,129300
user3930996982985592822,77500
user8846422401363346734,167100
user3011771149751955020,111200
user6337803246493598949,118900
user6646485455390645112,214100
user7354714177755096975,99600
user7510118660924144404,55500
user6213669120590856197,132700
user6202056914503759043,71100
user291596495327635049,58300
user3427180992716795990,128300
user423216605810347722,113400
user1372922703284610084,102500
user2504047253193872838,89500
user276418028245551110,77900
user3820703087922811230,90000
user4152828024211893584,126600
user3724137910919231902,127200
user6151481868648243194,60300
user9093705879516705810,70800
user7465349718112177132,55900
user2804352117173453652,60700
user8681532469548250846,62000
user4860278470846363116,334800
user4644813493175751379,56900
user1699583181824442426,63200
user3831195372985627488,77600
user5008975245165422955,58200
user957296116928681432,54000
user3676350850328720507,90800
user2633769166922322284,53800
user7461223496605049899,87700
user7767552778846021173,130100
user3007303282950529222,113000
user4952375781048516646,63200
user3995972220193210279,167800
user5471382055695095203,94600
user1153331504106871114,53400
user1436561276076858963,535400
user7555778964073607104,97500
user5779285988862159035,82300
user3131779054147570539,62600
user7985029037878409234,75600
user7538360654942961373,92700
user3112692680776201250,57700
user1496508685970910174,80000
user5077081684759097632,642900
user5060783296652732797,92300
user165782487888470953,81000
user3029407774100442634,60800
user5892927829702085529,67200
user4077577245332547551,162700
user5311073075288938210,57700
user8143221506312461117,59800
user2193125202248264883,91400
user7005961025361049007,142300
user7802502481714825732,87800
user8005235332274059419,58800
user3952323198405523903,96200
user338593462892466327,86000
user698628993375010670,143200
user6631306988308561173,56200
user2858606508631469383,109600
user2314812988180301746,212800
user555396676805200843,133400
user4760913491282081548,116500
user7120504472007414514,57700
user551830415810214058,74600
user7752934272276077682,59900
user6086175231615270757,58400
user7164266578402613987,172500
user1330953563033345052,90700
user7281486497533225052,111500
user5735742197684801445,57100
user855814625392294754,108400
user4355342559553285388,64900
user1398158396820580716,71900
user3133677250901833766,56200
user6141549544097567384,148300
user7961473225878859946,83800
user6753773049970580367,221600
user1117386782116996542,97300
user2089197370741172316,110200
user5245206477743825325,89500
user2416076164498846541,81900
user4634881168625075569,62300
user4462505252230009760,123700
user3348022307548164607,96100
user4992116896546917672,113000
user8564312550417639781,58600
user7664174662382125469,55100
user9087899776473157233,60100
user6382903589130921201,109500
user8027899783936113279,88200
user7121842708249537293,100400
user126601332902210375,76200
user6284221900155236763,110900
user4961200001870609346,133300
user4771187461127055923,57000
user1450961467428960571,85100
user5369900564158708525,125900
user7724682032788317128,109200
user291378180109793166,59200
user1947863250925625716,60600
user3134237211413974214,68500
user3457879572175262433,51300
user4618801095736552617,159700
user5595857826892136520,63900
user944232589991948402,272300
user9110222582840912528,120600
user682890565780786283,56800
user1338097902319016408,90900
user1463351949246040056,55600
user3569293388262324921,86100
user4866644534402052141,61400
user7303590988683138464,102300
user1631476742230767749,61200
user8079253105521611459,96900
user5690194979142851842,263600
user802680154958559919,102100
user7132334993312353551,57800
user1050400263547602761,93900
user6026227821721219546,98900
user3470270053992341918,57300
user402791996196855654,58600
user7473613978422129384,195000
user2283336132991852972,134400
user1674678888113826774,51900
user7010428892162474805,118100
user3857986046154808581,121700
user2619368975570220676,56100
user7773471966497082847,73800
user7860210049560315151,55800
user9075727609873919631,101200
user253535261365655367,80300
user8176596558255173118,56000
user7087006089988245831,59200
user5511577901095307891,61900
user6744388868636347219,368000
user1583359853641655575,122500
user6846430320684874345,54000
user4073669339043262201,101400
user2297954639561796463,61400
user187886979038384365,100800
user5454523707076589920,89800
user8813265664638476616,55200
user7960913265366719498,103300
user5474730001472240105,54500
user4978058350489114629,81800
user763935630407983107,55200
user8973697975121090291,160500
user1257600980908262246,58900
user440634914940993453,66800
user7520610945986960662,200800
user1085349966416407320,55900
user7881319521589158550,60500
user3453411705373836635,129100
user7675008592739240292,58200
user605524846756089341,134000
user1433543158298314840,65100
user1902534347601517996,83800
user27796313850069255,59700
user3936584770811299516,62400
user7136242899601638901,94600
user5905878272031305462,58300
user6961192082549081735,110800
user2491875086594635236,58000
user7220306082007379848,61100
user2275631833194041168,61300
user5922176660137670297,57700
user2038062364373516019,52500
user550710494785933162,58500
user3921624618947057460,107000
user3327597697934672539,119400
user3674122825575856501,63500
user3575659451818013946,98800
user8502137115770724564,82800
user2780567744487118896,121500
user3050952304738215598,61800
user3860225888203370373,102200
user892549440407849443,53800
user7345341813716561613,77200
user72005296149896079,98900
user7052957992925880285,59200
user884845140610037639,202900
user4393963754027405518,54500
user9031405542966579710,51100
user3332065564736098337,121200
user5207363558999687526,64600
user8813152580030963519,68800
user7239392455378749137,61200
user4518439525224446835,65600
user5559353144390121500,139500
user3810429118077836855,62600
user3985479935130394021,82700
user794086066650006888,62200
user4164440230298990738,108800
user5111346525212550860,115700
user1270333108019640296,57100
user857712822146557981,124100
user4733344542382918124,89700
user4823773788344348096,57600
user6141767859315409267,60800
user8609754538349260598,57200
user7082879868481118598,118500
user7188269266306790626,60100
user6131057259034751126,131900
user2936303627481521305,153800
user5481096065027929130,57600
user8663335884687622784,132400
user4028682081013453046,62600
user1081771888125722749,60500
user2166334529079083790,59900
user4305432704820238773,229300
user8295826186920806306,85500
user6863848629815520076,61100
user5929102684205499770,52200
user1093944054724960351,90700
user994579075160678783,102300
user8300512368940073987,80900
user36950362670762734,102100
user6174146320310297054,285600
user6211429278542294405,92100
user8644809471828393943,69900
user7675226907957082175,109500
user6466748456318820265,138400
user7129316875533809428,62900
user4281430016916062134,60400
user1332851759787608279,60600
user4141775778636936878,59900
user4172692673313245204,54400
user8782235685354655193,54600
user8045536408284600893,61500
user5218634119792486115,78700
user6619134821709323571,120000
user3121286769084754281,83700
user415512306012535918,104900
user180742639752713009,94600
user5103094082198296394,248700
user7333729607629464459,302000
user1347251951139709887,63500
user5029741500073213588,161800
user3601111888745072260,84300
user3333403800978221116,60700
user8291358320119380508,53600
user3524524445450357649,139900
user9005174830309539065,144000
user526707806881756523,57700
user5775378082572873685,125700
user8623264941190620979,69800
user2255985499310531431,105200
user1460893791979636381,58900
user3494602569895119336,131500
user3407191441712233487,205700
user6963980067814086189,59300
user7563813091870019687,70300
user6526135905700731028,130600
user2857486587607188487,82000
user1672450863360962768,133900
user2039960561127779246,241300
user2419642425493833326,61000
user6795182229709704951,67400
user1371254639043886526,75200
user7723343796546194349,72700
user2730552659143743495,141500
user7466127993842159463,125600
user1529000231573311058,55200
user390619829597618052,61000
user596152482717553979,111100
user4609428731698017255,57500
user8339475208708492682,57500
user70667059907773300,73200
user4882041316701977963,65300
user49900804999982667,147400
user8962645729546133585,52500
user1904214229137939340,75100
user7834757612633256837,60900
user3018697173819784493,128300
user1017025211604890760,53400
user6054138415914681535,65000
user6327870921942923139,74700
user4834826033919304802,103500
user2699181034565623507,55000
user4150588182163331792,88700
user7225333909320946094,58200
user4402557842335958549,55900
user1335079784540472285,75000
user6266243630512450584,56900
user8655301756891210201,54200
user7637725634507242941,114600
user7613268216701254640,60800
user6003781685277007569,59500
user2452799162218703444,96000
user6733896583573530961,86800
user7301911107146717120,59800
user6059384558446089664,64600
user2392073476594669902,63500
user4539984055862219799,122300
user7609920270924109738,66600
user2732232540680164839,60000
user7512129942285920728,56700
user6127149352745465776,63900
user5823713286379827742,133900
user1020591472599877545,82900
user1523081043922249384,55300
user7646424953426124758,97800
user8656421677915491097,118600
user643709410794525705,52400
user4782799667214153077,131000
user4416068245177318930,65700
user5932108984688346107,126900
user1324587499477656027,146800
user6400663543555865497,61500
user8411147909297154144,66800
user621263274350313728,200600
user6405349725575133178,53400
user1739324297322843452,76100
user1921072577756444623,257300
user769181772939391236,64700
user654420011075183846,63400
user4816629449058676740,55600
user5173752092373005746,164500
user4470322636635334661,141900
user3927990682502746485,98000
user419090384303220489,76600
user7104424399118891562,58400
user3120726808572613833,98100
user857152861634417533,54900
user1885675998983012713,59400
user5212609701531095655,60000
user7208475560702440811,129900
user3600551928232931812,98700
user6052458534378260191,110500
user289138338061231374,60300
user7587597464556354443,60000
user3700353538232897146,69700
user7230238406558055658,98400
user528046043123879302,56900
user4871890676933460270,56400
user2524253547589523023,60800
user197259343076919727,68300
user7006520985873189455,61500
user4972812207957706500,131700
user7462001772335032230,94800
user6004341645789148017,121400
user288030234332648264,62100
user4996024802836203022,61300
user7335067843871587238,58100
user4651739517243580852,101600
user655539932099464742,63800
user3127092872128302858,56900
user3399830359035474449,56700
user8719830118194200307,63500
user514535640282518921,65700
user1890922141514420842,122700
user4783359627726293525,56900
user5932668945200486555,62100
user1578455356404546011,96200
user2161088386547675661,189100
user2533625911628058385,60400
user3405076501566882578,57700
user7110230502162440139,61500
user5485222286535056363,85400
user5344789772525948776,88300
user8213661201269328586,58500
user7170290996664004447,78500
user6697951861583656389,62700
user7602775931638438382,198800
user3067923737964233978,167700
user7146735184664455159,62300
user7961131580584561381,59000
user7622092437523347340,200300
user8970898172560388051,129700
user8164424391655935516,89600
user4460390312084658851,55300
user8044976447772460445,55300
user4860496786064204999,71500
user7219746121495239400,211500
user8806568201257432611,55700
user8760131194204741781,66200
user3547748857624551957,61800
user6394857440512316920,72800
user6609420812376489644,83700
user6686786531401186586,72700
user428804393636054416,87800
user4291922301978878392,56100
user8885945201643905877,189000
user7637270904605431279,134400
user764277275702281672,170300
user5207021913705388961,133400
user3526764287498919441,228300
user9160237668184287929,56700
user6343609349537147526,138400
user7586477543532073547,94900
user5712859430804905702,55300
user9083991870183871883,139700
user3747910466309868872,60100
user1825615504481448405,58700
user3639514768001350507,55200
user6279194072841670517,61200
user1125980870425549573,60800
user7464789757600036684,65100
user6845310399660593449,101600
user296842637859043178,267400
user2539650329889448845,74900
user4075349220579683545,195500
user297402598371183626,59600
user2382919427773976423,52100
user4887069144015544209,57900
user368515338447704640,87700
user3470830014504482366,57700
user175496497221304880,87900
user4928043265145739228,74100
user6721176273757850697,61700
user3123744926351157956,58000
user9197415395805956494,101600
user5647105917867305914,269200
user4755449033532831536,55600
user7279133570877150163,63200
user5008756929947581072,82900
user8093653296873713067,58900
user6048332312871132958,108400
user7973976792303452528,60600
user8279746114032283354,272700
user7567391170160704258,59300
user411386084505408685,60600
user4374647248142496560,80400
user6079809168059581732,57500
user76691478169163760,101100
user4383471468964589260,197500
user8788601748910344218,62200
user3283948676146986163,95200
user8496331012727175987,65900
user8302970526206477662,56700
user7450731211542233641,56200
user7810754924729080198,80500
user7225552224538787977,115500
user3047386043743228813,61700
user6949361561244142698,121500
user3298908828011228219,145400
user8352320420427383829,60800
user1009539227024920839,97900
user425456447858909514,79900
user4492987088297388521,281100
user5176105019029080635,65400
user2491096810864652905,63800
user4651397871949282287,58700
user1774262182895950225,244100
user5703705381984212223,68900
user7528428330392285563,65900
user5941822994021180034,76800
user1996871499852233318,87300
user6404229804550852282,172800
user5925524605914815199,57400
user7338975750160872588,60100
user9072379664096774729,65900
user1788892506761591502,92000
user8154273751887417823,87500
user6134623520029737911,157900
user4760695176064239665,96200
user3537256572561735699,81900
user3877415636647230636,58300
user538879973480994125,57200
user196481067346937396,79100
user5278363214468695443,58100
user7952319177058166467,82200
user8767605361489013916,88900
user1927986784528576310,61800
user5587263738583583489,116600
user6629627106772139829,97900
user8643471235586271164,147400
user2791619990062075602,55200
user1498736710723774180,75100
user5322125320863894916,117500
user5107220303705423627,173800
user2379341349483291852,140600
user5681040930322158363,63200
user9213713783912321329,58800
user2422990371270978228,85100
user25898117095806028,57300
user2767287474159298184,116600
user7135682939089498453,111400
user4550476340925036057,117900
user4056592675206915035,57100
user3605798070764339941,86600
user3820143127410670782,56700
user3092268071162709182,60100
user2584314042091087331,173700
user6038058343026158583,51000
user8905031575015275166,194100
user8819071767682025193,55900
user7941826891995350209,119500
user60734735357097490,62300
user2473005456614353629,68000
user8163086155413812737,59600
user1019483368871294435,59100
user2892541521086321832,167900
user6779443802115480564,177600
user8748300672899802744,78800
user6533061929768560501,297300
user3802724818280025051,57100
user7339754025890854919,84100
user6834039838867794860,58100
user6093319570900942113,53300
user4405575960114502672,144200
user1505662734791603653,78400
user694615856475396534,68400
user2137085698643499022,64600
user4440400761080096348,109400
user2552382457000826895,167600
user3549976882377415963,53800
user6756779350453426704,116400
user3678809007595124182,113100
user7637052589387589396,113200
user1859892162230599419,61900
user6037498382514018135,168700
user5465015992139406178,265900
user5388657109531477035,58800
user201167249366205077,53900
user7234706273359481456,56800
user6311572533836558304,64300
user1032981954416957030,58700
user8428006257915659427,61100
user7535789413069044601,88000
user4464858178886084649,55300
user2168014410615505134,80300
user1055646406079010890,68600
user8412827790833575488,60400
user2654753737047954800,318000
user8153372146080978810,113200
user946243871353724726,174700
user1342224123826143641,56400
user5839233398756210246,56600
user8610874459373541494,59300
user389841553867635721,61100
user6632645224550683952,143500
user2804010471879155087,60600
user1348590187381832666,84600
user4892315286546952338,149100
user7850277725009639341,173500
user8291140004901538625,62000
user8357224917664493393,61100
user5574313296254363556,147500
user376001323027674561,157400
user7461441811822891782,118400
user7335627804383727686,58100
user2975266467249940000,66700
user2739936840477976643,59500
user4199265031264584414,77300
user8054690457105294372,117600
user9188043031767421132,117200
user3826509190966359807,65700
user3248780658060339721,121700
user6255191384937493878,161500
user3293662685479820090,54200
user8864400671006132913,167400
user7010647207380316688,122200
user5987370212563129637,139600
user1724134012945061727,103900
user7554099082537185760,266100
user4327318880752310302,77200
user4229186906819822727,81900
user4872668952663442601,57000
user7635372707851168052,63100
user7663396386652143138,87100
user4179058736868934229,60100
user5922736620649810745,169200
user1826735425505729301,67400
user4929598244778949689,63100
user8993002663710301463,60100
user1219758062164124447,54500
user3760860908639088805,164300
user4860838431358503564,63100
user971136347768642592,58100
user2552942417512967343,62100
user3070163580012795770,87700
user8155611988129540602,72900
user6640679352347096535,63600
user2459838270894046014,218200
user4630413301823649771,57500
user45774583492855434,62000
user8029797980690376506,56800
user2890643324332058605,60700
user5212828016748937538,141600
user5679921009297877467,121200
user4294162144027440184,55600
user968348362503638138,85700
user4634321208112935121,59200
user6756561035235584821,67500
user565888961868017101,134800
user8225273407356425740,58400
user5832307374688380773,64300
user1495730410240927843,69300
user75353241927040981,83300
user2164996292836961011,58300
user639801504505240355,66000
user1450401506916820123,61800
user5573753335742223108,114400
user1675238848625967222,168000
user4700966081388030337,84200
user7499066415349187698,163800
user7331501582876600453,214300
user2655313697560095248,74500
user1303042968839883063,75600
user3464463950948793341,159400
user5904540035789182683,151600
user2650845830758669450,140600
user3234380466708238113,85400
user6636211485545670737,81500
user6338923167517879845,78000
user6255751345449634326,215400
user1435223039834736184,74600
user4578946895630638494,96200
user2266477784373347689,82500
user3425842756474673211,131400
user3234940427220378561,61300
user3570413309286605817,59600
user1343904005362564985,151300
user6971466052394056110,82200
user8393729600166508413,59300
user377109426756257671,55500
user3586151736880830204,59300
user3645652270870254064,262400
user6025667861209079098,173500
user6746628710684909011,66000
user264805822158453956,86700
user7235484549089463787,64400
user7061895298355486082,148500
user7351147916760110190,61500
user3227796087934707205,65600
user28356274362209703,169300
user3382858925809456069,99000
user798772248669274569,56600
user4001891407844271953,218300
user8044416487260319997,69200
user1407417676251602981,168900
user2388165570305384552,91600
user6481148647670921873,297600
user2035274379108511565,74600
user352558595635638370,56200
user2099907971021830457,68900
user1823717307727185178,59300
user5184357462043335101,59300
user4771747421639196371,124200
user4169686372830398867,59400
user472453415423740792,60900
user4639567350644343250,60700
user5178219959174431544,80400
user1290757717633132364,59000
user5347796073008795113,79900
user5596417787404276968,240000
user8553820265354823523,212900
user8091413454825151275,68100
user8351418814620944816,84700
user5380952809733665231,166800
user8620806783924217304,59300
user3788884587440063891,98400
user1394467233922383048,118800
user2484170786796823432,148500
user6030354043228346779,72700
user764495590920123555,111500
user6229738948010435564,84700
user3700913498745037594,71000
user8225491722574267623,95600
user8159738209636667835,58200
user2071219101098386137,58600
user2217582620054253184,65200
user6050230509625396185,71200
user7905870352709777851,74900
user1484896479883813020,58200
user5460111494902296614,79700
user4520337721978710062,60400
user1707835624838696892,56900
user1369014796995324734,65300
user1873172432558420131,246800
user6757899271477707600,56800
user5476409883008661449,77100
user4404456039090221776,70600
user1335858060270454616,75300
user8773971425044702941,91700
user8711236029885647276,94700
user466865627598034098,71200
user9000706963508113267,97400
user321186971057518382,62000
user4772307382151336819,56800
user6979170352191867914,143800
user1237394686512612061,154400
user914653931557762855,57800
user6733336623061390513,73600
user3755396450889838793,58800
user7697331399106995587,58400
user6395075755730158803,57400
user5462009691656559841,54800
user1611830408347258012,76600
user4872108992151302153,57000
user4182406682646079131,110500
user6068756922484625026,59700
user3268210248552761776,58500
user6064849016195339676,264000
user2027010118798559313,111700
user1277477447305311652,64600
user7449829605735794628,240100
user173816615684883536,118400
user2176608498924058165,66000
user9010420972840947194,65500
user5587823699095723937,91600
user2366621039667611588,66900
user3219750142842596836,126500
user4895333404325496461,101600
user2440408680401623959,72300
user8627172847479906329,65100
user1506222695303744101,67800
user9051395093971142213,73400
user642589489770244809,76300
user583980316118316377,72900
user2979952649269207681,56700
user5246544713985948104,62800
user4150369866945489909,65800
user7588935700798477222,122600
user5661724424437249405,224900
user1468038131265307737,58900
user3739876338513456289,58400
user5230246325879583269,163700
user422438330080365391,57300
user4930158205291090137,86300
user9021473218415903900,57800
user9045257591102238656,124400
user588666498137584058,53000
user2832594111192270621,67500
user4518999485736587283,62100
user4552374537679299284,91400
user8236438737538895543,62100
user920573119208824529,58200
user4382693193234606929,63200
user1211723934367711864,109900
user6620254742733604467,127800
user362709235404156063,63500
user8180504464544458468,69000
user7383963008190681743,132900
user1132005288686940033,69200
user6797535156365779840,65500
user2778339719734254890,61300
user2348642770024825409,99100
user6055476652156804314,59500
user3810989078589977303,57900
user2379901309995432300,98200
user4067084960269731293,243500
user3761315638540900467,61800
user1132906894493379046,235500
user8907831377575977406,55800
user6768173241322681975,58100
user701976939152155572,67000
user1345012109091148095,60300
user9175870865168183530,61200
user4333124983795858879,162100
user996818917209240575,76700
user8678526169065404509,79700
user6931270206993843422,61300
user2077585164654075162,117400
user2997370958399853412,56000
user1311742287758764880,80400
user6509619202376524310,60900
user2109621980354664384,59100
user993800799430696452,58800
user1684623029960200370,122100
user3639733083219192390,117400
user3497620687673663459,111300
user2179066656190461840,56400
user1280265432570316106,58700
user1655032554230317037,52000
user7591723686063481676,144600
user4161422112520446615,58000
user8777549503335387512,255800
user527486082611738854,237900
user7180223321214680257,75500
user8974476250851072622,62000
user4314586753640932252,59800
user4855810604044937318,62500
user2781905980729241675,67000
user2765607592622876840,60500
user5712299470292765254,65300
user301870465172609424,55900
user7280035176683589176,144100
user4131283493574120620,122200
user4793291952276969335,54100
user1711413703129381463,74500
user7723903757058334797,57400
user7916704283066892674,226900
user1196533649989930139,57400
user7259268921775798543,59700
user791067948871462765,61500
user1173321055111433617,74000
user6741040922859202317,185800
user4172474358095403321,56800
user3343896086041037374,58300
user5157453704266640911,56700
user62072971599220269,90700
user7713411471995518539,62800
user748197202813758720,79400
user6163312389953182231,87200
user2372975285927602827,57100
user1757850710182072293,59800
user1225782480425514907,58500
user6515425305420072887,57200
user5213387977261077986,69400
user4014281889661351438,78600
user4029242041525593494,58900
user1482998283129549793,129200
user3810770763372135420,74300
user623503116398875520,76300
user2574600032758253404,52700
user8522903370678515197,83800
user2028348355040682092,61100
user2387605609793244104,75200
user5737970222437665451,353000
user7123510772490260851,207000
user1848839916655642713,117800
user4067644920781871741,60700
user3177781002591331804,65700
user3958129301449072480,112100
user4734122818112900455,81600
user8654523481161227870,55700
user834270094754521790,58600
user1495948725458769726,334400
user4922797122614331099,61800
user9098392061535973491,55200
user2731112619655883943,124900
user3496842411943681128,271300
user7828173233859725929,61400
user1593633823486629950,75300
user1935472769108546231,104100
user452920166147744152,314200
user8810259364155630279,61800
user8753205170136912308,55900
user2675738307173587316,56500
user6301298563991583929,63400
user3248998973278181604,74700
user8003442366130124978,58100
user8150365845598132473,67400
user6993570543543969522,111000
user880158958590769958,70200
user7560465146092874785,66200
user6367725122048837262,55500
user6047772352358992510,61300
user5158686709898434904,61700
user8759571233692601333,55600
user5943502875557601378,76100
user5590611684360728391,76900
user528606003636019750,142600
user2232429687310982143,57400
user7272549192103619255,57600
user7435211099165851137,86700
user9115468725372320657,59900
user3852179943111260004,60100
user4942661771715682719,65100
user1276139211063188873,64400
user2677978149222149108,81900
user1401953218502352969,59900
user2879031118244961451,65200
user4223049403950919170,71100
user4430468436529420538,68100
user8846204086145504851,60600
user4867982770644174920,63100
user598380507470417985,127000
user8407799963520009242,81800
user7923630307134722147,61500
user4367173080858224425,290000
user422998290592505839,75800
user5302478986980385179,52900
user5563261050679406850,54800
user6746847025902750894,86200
user1549424841186803126,103700
user5608029993491374122,67000
user6860830512036975953,71000
user2129611531359226887,73200
user6885393160453293040,58400
user1210604013343430968,51800
user479710839316925245,57100
user8059376639124562053,237100
user301310504660468976,83100
user6653411479458474585,113800
user109848214894033878,74900
user5198209510178994047,167400
user257661482872782600,60100
user27236353337928807,71900
user7301351146634576672,58900
user4949027835271371744,228300
user2050452846190595504,87200
user5625666617839861736,63300
user901143528716402474,61300
user3941270952830567197,82200
user5959801263663966213,54300
user8984190260183906549,58500
user5883213820369251602,70000
user4400329817583094543,61600
user4217461616125212476,71200
user5157795349560939476,61800
user5548300898815164794,92600
user2669932204130038739,65500
user5019809175522537778,59900
user7753152587493919565,57000
user1925198799263571856,64700
user2902255530419155759,61700
user8906151496039556062,216800
user2078145125166215610,56100
user8296386147432946754,63800
user944905635111601947,72300
user8170012179481642210,65000
user8936633332106934823,60300
user7816561027772628775,78700
user6399543622531584601,58000
user2908061633462704336,55500
user5382851006487928458,232500
user5196529628642572703,75500
user6278975757623828634,247800
user3699793577720756698,285900
user2237228953937762921,70200
user5816008986582015938,60400
user7962251501608842277,58600
user7481088145706401519,70700
user478372603074802466,57400
user3572081373527329375,58600
user8721728314948463534,57500
user7608022074169846511,57100
user2313474751938178967,97000
user3991504353391784481,81500
user2507053553676719175,59400
user4593130343591652420,57100
user4327537195970152185,57800
user5773138240524311893,61900
user2937423548505802201,92500
user6802781298897187969,59900
user4771965736857038254,53600
user856374585904435202,56000
user5465917597945845191,72000
user6378559052405952085,57600
user6616346836444319117,57100
user6015393891364104723,390400
user4859158549822082220,58300
user6866636615080524530,90200
user7341433907427276263,55300
user4971132326421285156,223800
user8859154528474724784,94600
user8483598885615797937,56500
user8493312894948631864,59900
user8316810757046438822,56400
user3406631481200093039,59200
user8117769069385402803,68800
user7082101592751136267,68000
user8270373749993747992,57800
user7346680049958684392,89800
user8753765130649052756,243800
user4089189451419644705,60600
user4528931810287263093,57800
user6504591375062958064,60500
user3437673277779612248,120100
user4234214734133388973,56700
user86405487501997687,56900
user7677466750005643967,257000
user5311633035801078658,62500
user5081767866778365313,85600
user791286264089304648,58300
user3723577950407091454,65200
user1467819816047465854,64600
user9020353297391623004,59900
user5345568048255931107,67800
user9119376631661606007,79600
user7817120988284769223,61300
user2256545459822671879,77700
user9096164036783109485,65400
user6233533769692207817,209900
user8648375732823380728,72300
user7735515963145431951,65800
user3223888181645421855,95600
user3272223385452375912,74000
user7118824590470993170,196800
user6309892652300136960,56000
user3463903990436652893,74500
user2199491265803953908,64500
user7119384550983133618,122600
user5942382954533320482,59900
user1577335435380265115,56300
user8999928687778130936,60200
user8067080938922373857,185200
user7916922598284734557,74600
user3550536842889556411,55400
user6438506462300003296,72400
user3915040240173526552,60000
user4305214389602396890,61300
user549590573761652266,70200
user6163872350465322679,76900
user4416628205689459378,60000
user27577998632227372,75400
user2991346540138462952,263100
user2542450132450151085,60600
user7584249518779209541,103000
user1562935244028163507,57500
user6504933020357256629,56900
user28137959144367820,65300
user6987764440500420945,69300
user3119058744331890275,62200
user1199551767768474262,301200
user1764889818857414863,163900
user7466469639136458028,56600
user8065182742168110630,208600
user8543887940804147713,91600
user7322117401542367305,60100
user2578394854440025657,74400
user6220366583971900202,78600
user5987824942464941299,58300
user2649507594516546671,70200
user9100290258290236718,54600
user1463133634028198173,148300
user4908613674653317173,60900
user2197593069049690681,63600
user226289858294662612,61800
user2201171147340375252,60600
user2844206317279367775,61300
user6139309702049005592,57600
user6893987248761846071,60500
user3081215825587752476,55900
user6149253843895379188,72400
user1945405093659222041,224400
user2979734334051365798,59400
user3104988380978389446,100600
user1232148543981203932,59800
user4629853341311509323,61800
user1105214615517758940,188700
user8528367828427765209,54300
user4039174366076269304,57600
user3117720508089767496,57000
user9044810715197611305,82100
user7714531393019799435,57300
user4903927492634049492,232500
user1946525014683502937,56400
user4525365549292276308,55200
user4980846335754119083,174900
user5633700745636274319,75800
user5710619588756343910,56000
user5518938983772066929,58000
user9010980933353087642,60700
user7104206083901049679,58900
user3360754434659542657,63700
user4299626601776690196,61300
user2540551935695887858,64000
user8506045022060009914,60800
user4156175969989038486,324000
user8265687567974480311,313700
user2054360752479880854,66900
user3101640435201244544,62200
user3800496793527161045,90700
user7337855829136591692,56500
user5172413856130882967,64700
user423776566322488170,56700
user2947355873056478011,131700
user7093932114056075304,108100
user1402171533720194852,330300
user6033467994454408,73000
user5439345239994505981,307700
user7562145027629296129,61400
user6632085264038543504,81600
user3419695008136826069,59100
user7696553123377013256,87300
user2986878673337037154,55800
user4283109898452483478,238000
user2881489275511365126,57100
user1211163973855571416,82000
user1559917126249619384,61300
user7334289568141604907,87200
user4334576304645494755,58800
user7356612374509360202,77700
user8748518988117644627,56000
user9106656321845925743,54700
user3946517095361975326,75600
user664912296138000104,69300
user6686568216183344703,64300
user9132327073990825940,60500
user2071779061610526585,97100
user302088780390451307,64500
user8770623479267558039,82200
user2132399516624231341,88700
user6074003065016033155,59000
user4008257471399960978,122600
user8667473923490447803,63700
user6922457803467448508,59800
user5537808613752348536,221500
user1027735811885548901,79700
user4409702181621629905,55400
user8040850226265333212,59500
user7049163171244108032,57700
user2629861260633036934,56400
user3821481363652793561,75200
user7954547201811030473,70300
user5083995891531229319,52800
user1166281946436091047,61500
user104943717656924314,51800
user299082479907604970,70100
user7702577541638403716,61900
user3787546351197941112,54700
user1141719298019773960,59300
user5222760341299613348,57000
user3127871147858285189,60000
user2617129133521658884,253500
user5889361568707098744,76900
user3548308818136692405,243100
user4504599294384485675,63400
user7186589384770369282,55200
user5635380627172695663,65400
user8752986854919070425,59200
user9007632987575942740,297000
user7476401963687133838,64300
user8870766734561821938,168500
user5767000737655408336,58600
user5375146706690116654,72400
user4078137205844687999,55800
user4030580277767716273,73500
user6517323502174336114,59100
user4647271650442155054,349800
user4162760348762569394,326500
user3086461968119160605,60200
user4741608802692870376,55400
user1982688051891219392,62000
user5086454048797632994,52600
user7280148261291102273,66900
user6944115418712734569,60200
user8895099250464599356,61000
user1787772585737310606,57100
user2654193776535814352,58900
user4502919412848064331,61800
user5245984753473807656,66500
user5726917976862708745,63900
user7527090094150162784,64700
user8846764046657645299,58200
user3040801664969697905,56600
user1589507601979502717,57400
user4046878665874081108,53900
user901361843934244357,56000
user5702025500447790879,110600
user6289686357904486775,68400
user5301359065956104283,63900
user6845870360172733897,56300
user6231418829546856908,92100
user3573761255063750719,71000
user221043715763254483,264700
user5236052428923131846,58700
user245376231666031901,56300
user8026779862911832383,58100
user3292429679848026097,69300
user1505102774279463205,61700
user5499852610400697640,61600
user2869658754206426089,60000
user98795969319077172,62200
user1230810307739081153,110500
user4474677418829247362,289400
user120795229858661798,60300
user8419412169607106396,57700
user1452081388453241467,65700
user8143999782042443448,83500
user3073729841007782555,80000
user8164766036950234081,81000
user8055250417617434820,239600
user9046148951439734084,58600
user1115706900580575198,61400
user3600770243450773695,72900
user5562141129655125954,59400
user346639407984576696,60700
user2430476355850948149,3561500
user7850837685521779789,61100
user4029802002037733942,65300
user7859215030439245138,68000
user3056871492389277272,61600
user7963371422633123173,69100
user8131827615443205846,66700
user4075909181091823993,63000
user2494103111347499242,61400
user6580837173063374110,67500
user7551092782054339423,57800
user4636219404867198348,56400
user5791676470679238520,57900
user3689301292657940440,88300
user883725219585756743,305200
user4419416190954463832,65900
user5118832509792520781,53700
user2531397886875194379,63000
user6173586359798156606,56100
user7235266233871621904,58800
user6793843993467582172,60600
user7482768027242822863,64100
user5229468050149600938,66400
user6257089581691757105,68300
user5905659956813463579,60200
user523359861104611621,75600
user1248446932087568767,54100
user5096946333860449252,53900
user2523693587077382575,70300
user8652843599624806526,51900
user7340095671185153484,54000
user3711747429102152417,755300
user1724693973457202175,59400
user6450896944117082781,69100
user8041958329993916322,492900
user5725249912621985187,51500
user906389671247810603,87000
user6780003762627621012,62400
user1248228616869726884,84700
user918001877334907757,65000
user4656425699262848533,65200
user3348363952842463172,229100
user4524805588780135860,63600
user7692426901869886023,69900
user3465023911460933789,61500
user3677689086570843286,62000
user2876803093492097445,75400
user5465357637433704743,58000
user8275401577307314238,84700
user989892893141411102,103400
user6393955834705877907,110800
user7286172679552492733,61200
user1358522511932508476,112500
user5201215810661840384,55800
user4589999141205595200,57700
user1935691084326388114,58400
user8857474646938303440,239600
user6878808781679762132,58400
user724194514909582081,57300
user4175492475873947444,60300
user1804630934355815889,77200
user2509293395725280967,57100
user4961759962382749794,61100
user8186870528100147493,67300
user5075401803222676288,57500
user9121834788928009682,58200
user2539991975183747410,321100
user5565159247433670077,60300
user6758459231989848048,71300
user9136794940792251738,369200
user6735234819815653740,60900
user3958689261961212928,271500
user6076242907064594947,61800
user4355560874771127271,83600
user1333959863516191389,61200
user1449281585892539227,57400
user8905591535527415614,159600
user8736688466812705590,54000
user2676858228197868212,58700
user1929106705552857206,73900
user8837609997836951820,68300
user5131862188015395,57800
user8858034607450443888,73400
user8120775369868249140,199700
user5211708095724656642,70200
user8863062434764010134,63500
user2994912801133449737,53500
user1352498093671118016,57600
user2198712990073971577,58200
user5651792099886573595,52600
user6058264637421808768,53000
user4513753343205179154,58600
user4617462859494429838,69100
user8943547538879066510,64900
user764837236214422120,71800
user7344781853204421165,62200
user171028630419879082,60000
user5760074713587578863,59000
user8432132479422786660,86000
user2054920712992021302,66100
user5028621579048932692,72400
user4393745438809563635,70000
user7460103575580769003,52700
user4274515810143930447,251200
user286132037578385037,56900
user7290298901059619966,57800
user4399769857070954095,67000
user7848049700256775335,264100
user4051906493187647354,61800
user4152268063699753136,534700
user1902316032383676113,1786800
user753225030127324966,82200
user5133451016362464272,778300
user5685167151829285596,88700
user3244312791258913923,58600
user6691254398202612384,59600
user1797486595070144533,54300
user2051354451997034517,53600
user8142101585288180221,79300
user605306531538247458,58100
user1758410670694212741,75500
user5701247224717808548,58500
user2321739012248131219,57100
user8735008585276284246,62500
user3084782086582739261,59700
user1961703481765586876,74800
user3590619603682256002,55200
user6868534811834787757,57300
user8184630686051585701,340600
user4025894095748448592,57800
user2750989086052933349,91000
user3036333798168272107,61400
user6591224227515861582,56700
user3359634513635261761,84800
user2776099877685693098,57600
user4130163572549839724,63400
user6895107169786126967,59200
user4894773443813356013,57700
user7384304653484980308,60600
user5234154232168868619,63100
user7655922219367871003,55300
user8712904094126370834,3236400
user3748470426822009320,57900
user5471163740477253320,52400
user4948809520053529861,55000
user532513909925305100,64500
user5229686365367442821,62000
user6675734285826229880,60500
user7313523313233814274,64600
user8128821314960359509,344000
user2628741339608756038,264200
user6983856534211135595,60400
user4711800011745145160,351100
user2666925903647192402,60100
user2651405791270809898,149400
user3925532525236342810,55600
user2402224116363187595,79600
user8528927788939905657,371000
user2896449427375607182,73900
user2782465941241382123,55800
user1875743674432336903,66000
user7320449337301643747,320700
user4188772746201768156,63600
user6905257809554644660,59200
user191234924815529267,58100
user8039170344728911868,57100
user4967006104914157923,65400
user1903094308113658444,73200
user2162768268084097005,61700
user2858824823849311266,274900
user37510323182903182,67100
user5423606812400281594,59400
user4454471124433597177,54500
user1677697005892370897,61300
user4123237548482010251,61600
user4859718510334222668,74300
user5653130336128696374,59800
user4815396443426882747,71500
user4741048842180729928,55300
user4263463564568973741,79300
user3820921403140653113,81800
user1936811005350669010,62900
user4097453711729596957,65300
user2343396627493417280,57700
user6962871964085503079,53900
user4530611691823684437,90300
user4040294287100550200,63000
user4074010984337560766,65400
user7068809505127617769,368400
user5084555852043369767,78300
user7214499978963831271,67700
user2849452459810775904,73800
user7226112185050928425,56300
user1594972059728752729,53900
user6191004668928802337,58100
user7725801953812598024,64200
user3342776165016756478,60400
user3826167545672061242,76500
user4394523714539545966,57800
user7790890275627728578,69500
user1963601678519850103,1180600
user733578696243815229,70000
user6319276833634370108,74000
user7397368180421713338,59300
user8406461727277886463,52400
user1550763077428925905,67200
user7938808774216806086,61500
user5796922613210646649,55700
user6604734630357221963,121300
user7661168361899279132,56200
user7058204135457288414,62100
user7989715219897676915,104200
user7004281143824627663,72000
user1446275285409692890,55700
user1283396634956373326,55200
user4173812594337526100,61800
user3678249047082983734,60300
user8009361553781186652,67700
user1187161285951394777,63900
user5821255129113424067,59400
user8291699965413679073,59300
user2060726816035569879,51600
user6602276473090818288,54700
user5124638612836069358,60100
user958975998465102776,60400
user8253515401375242709,88600
user8345281311752041259,57400
user6737474661864215532,72500
user9033303739720842937,57200
user7131775032800213103,54900
user518673679085343940,57400
user6402001779797988276,67000
user5047719769715999767,59900
user7835877533657537733,59000
user2949035754592899355,55900
user4866862849619894024,56800
user3684615110638672759,60400
user8754885051673333652,61100
user7999429229230510842,60000
user1320679593188370677,59100
user2917993958013380146,63100
user948918772011216083,62400
user5515704122602435124,59000
user24230052855082470,56700
user8622145020166340083,55300
user1703149442819429211,57700
user6294932500435894904,56900
user6906377730578925556,67400
user5486342207559337259,62500
user3448725523354568954,65600
user4754889073020691088,58200
user8331554165519593196,74900
user6360580782763165906,59000
user1201779792521338268,77400
user1424949069989761809,63000
user7197641630345325988,60600
user2318160933957446648,61200
user2428236513802386357,67100
user9090917894251701356,58600
user4051564847893348789,60200
user6767613280810541527,57600
user3283275631027332618,73900
user6720056352733569801,59500
user5095048137106186025,62300
user2683442606971399120,75400
user9150305343633612119,61700
user7824265327570440579,63200
user4118333051244900687,2936600
user665472256650140552,57400
user2755115307560060582,61500
user7863009852121017391,55200
user8698285587556427343,3104300
user2980294294563506246,60500
user3579225712813000731,60800
user5109118500459686854,63600
user8710676069373506828,72600
user6256529621179616657,55700
user5811882765074888705,58000
user5179452964806225537,59700
user4551036301437176505,59400
user3553554960668100534,56700
user2906381751926282992,68300
user8679634272793987619,63000
user5948189057576869059,68600
user7509558700412003956,77200
user4594685323224862881,74700
user4404797684384520341,61800
user2368289103908335146,56200
user641469568745963913,58200
user4678530190412761945,987600
user4340382407689043332,59100
user8646477536069117501,57300
user417752148061097710,65200
user3489356427363711207,49600
user4155056048964757590,57500
user1143617494774037187,61600
user2891763245356339501,65900
user3902308113062148502,54100
user4534177952818671222,57100
user4040854247612690648,67200
user3469150132968061022,58300
user159976384844922376,62300
user6870762836587651763,65300
user1424389109477621361,59000
user5060223336140592349,58100
user7176097099707553024,65200
user8244143037336707347,57900
user1106334536542039836,57900
user5776486186301456795,58200
user7373812368422164050,55500
user1973315687852684030,56000
user7598868025349153032,82600
user6442632683807130529,67700
user3595524100919365566,67400
user768963457721549353,60500
user7009868931650334357,58500
user4316484950395195479,55900
user1837227710568545559,59900
user72565256662036527,57500
user3359074553123121313,63600
user6159186168446054998,56200
user2324526997513135673,64500
user5113804682478954535,53800
user5223880262323894244,76900
user4163880269786850290,64500
user5471942016207235651,70500
user1383974948859566790,56800
user6755441114211303925,83200
user1111580679073447965,57500
user1482438322617409345,62600
user2276191793706181616,73700
user5212268056236797090,75100
user2430134710556649584,60000
user714480505576748154,58700
user1226342440937655355,85200
user1619864536143670595,82400
user6804896239042538878,52800
user8077013263473049667,55200
user7818459224526892002,57200
user7699571241155557379,56800
user1233268465005484828,81200
user2845874381520091333,55400
user3755614766107680676,82600
user2780007783974978448,59900
user3975547610579718211,61900
user198379264101200623,62400
user7002942907582504884,79000
user648613908031635269,56700
user2992124815868445283,62200
user4304872744308098325,54500
user4800462362660415,98400
user3407751402224373935,56600
user4729218320875790891,56600
user7361640201822926448,57000
user3916938436927789779,51800
user6025886176426920981,53200
user698410678157168787,58200
user8456476812621261864,58500
user775329521277238378,57900
user4667477944837805239,59700
user356571732535252506,57200
user6834818114597777191,498600
user8495211091702895091,59800
user5144503261937420978,59700
user8509611283054996699,58700
user8916643781102372320,53600
user5827839507886954975,60400
user6656417779941320922,539200
user5130103070585319370,54100
user1462791988733899608,54100
user622943155886735072,57600
user1702589482307288763,61200
user6642359233883517879,57800
user1808538840645101239,511300
user8170790455211624541,55300
user66540838400646067,56800
user8608634617324979702,59200
user8397867638969333432,56200
user4534737913330811670,61200
user2568680845107191730,60000
user226071543076820729,65100
user7556898885097888000,51600
user3337871667779646914,62100
user3091708110650568734,60800
user8065961017898092961,58300
user1071839563575046939,66800
user7550532821542198975,574400
user7707045408439829514,62700
user5859658008369702314,56100
user8621025099142059187,61300
user2264797902836926345,71400
user4403677763360239445,69400
user8929147347526964902,59700
user901703489228542922,53600
user6554046499894193017,56300
user8907489732281678841,56800
user5933010590494785120,57200
user7159685626993675092,78500
user4993236817571198568,67100
user5942942915045460930,66100
user7049504816538406597,57500
