ycsb_key,size
user7319889376789503299,55700
user7817899264014751554,59600
user37510323182903182,65800
user8732780560523420240,66600
user8244143037336707347,57800
user7676346828981363071,64600
user3760414032734461454,57600
user6259329423740318897,59300
user7537800694430820925,59000
user8045536408284600893,56400
user3100520514176963648,57800
user8428006257915659427,56700
user5311851351018920541,65000
user8106716823810446097,60300
user3805182975546428726,57900
user4404456039090221776,65200
user4732224621358637228,54700
user2325305273243118004,52500
user6210869318030153957,56900
user866866870967251460,55000
user6999594961805359982,58400
user2528379769096650256,56000
user5997975582233458992,55700
user5701247224717808548,58500
user5010095166189703851,68600
user5606350111954952778,54900
user1478312101110282112,68600
user6778883841603340116,56300
user3155563426833905295,54800
user6557394445671337919,58900
user551270455298073610,56300
user4844758358469980612,76100
user3731612078203504037,68100
user3326477776910391643,58700
user5615734293289185926,55200
user5746234482747617703,64300
user2337477439842355606,50900
user1723025909216478617,71400
user2253745657261969639,59800
user6997136804538956307,87800
user1083451769662144093,60200
user2468090713908300480,81700
user1836107789544264663,57200
user321186971057518382,61300
user427684472611773520,68900
user6455023165624210014,65900
user8276179853037296569,130700
user6708225831428630764,56800
user3799936833015020597,67200
user5905659956813463579,62400
user5987151897345287754,59200
user7198201590857466436,55900
user3959249222473353376,48400
user2216909574934599639,57600
user4201723188530988089,58300
user7325135519320911428,60700
user4263463564568973741,74700
user3460337729441666108,68900
user364949077452717855,61300
user6917429976153882262,55000
user5690973254872834173,52200
user3287743497828758416,58700
user450348924273827380,56700
user4381573272210326033,69000
user2885397181800650476,61400
user7008749010626053461,59300
user63741035839943827,69100
user9094265840028846258,59800
user3426621032204655542,55900
user2153944047262004305,57300
user7786982369338443228,62400
user2896449427375607182,68100
user1621544417680091939,60900
user7187709305794650178,57200
user2930166124612617748,58500
user1424170794259779478,76700
user3378172743790188388,61600
user6863848629815520076,61500
user6981398376944731920,55000
user7362200162335066896,55600
user5278363214468695443,56600
user7949861019791762792,55900
user7733836081609010607,56500
user9215611980666584556,60500
user8691806439393225221,51300
user1211163973855571416,79300
user7840003755164664966,84100
user1755175809524580936,102100
user6077021182794577278,71300
user5756166807298293513,74700
user5475849922496521001,71300
user1382306884618843232,68700
user6808587401940736546,57400
user6038618303538299031,72200
user1529000231573311058,56000
user4453132888191474398,57600
user1154109779836853445,54900
user6631306988308561173,54900
user1323467578453375131,61500
user9213713783912321329,56300
user6719278077003587470,58800
user3221648339596860063,66500
user5476409883008661449,74900
user6464177214444903493,73500
user3339209904021769693,63700
user6978610391679727466,55300
user3672784589333733722,56900
user3128431108370425637,65400
user3331505604223957889,56000
user8437938582466335237,92000
user8759352918474759450,57500
user2831815835462288290,57600
user1973875648364824478,54400
user3145071141771089037,59100
user6746628710684909011,71900
user7120162826713115949,53900
user7723903757058334797,57000
user6290246318416627223,60000
user3192399509161275295,55700
user2162768268084097005,57100
user3926310800966325141,81100
user901143528716402474,63100
user7380396747195694958,57700
user3260051218853138310,54300
user8917203741614512768,56900
user7335067843871587238,53300
user3676910810840860955,55900
user5706493367249216677,55600
user1085349966416407320,56800
user4053804689941910581,55700
user3711405783807853852,59000
user7099178256587483433,60300
user302088780390451307,63400
user472566500031253889,60900
user2480822841019678530,62000
user7566052933918581479,58000
user8411707869809294592,105900
user356684817142765603,19427900
user516215521818940265,94400
user7255690843485113972,1693800
user8721168354436323086,53100
user348090728834212572,86100
user1721346027680057273,60100
user3936024810299159068,57900
user5041572021378152625,68700
user2974706506737799552,59000
user8132169260737504411,98700
user2232429687310982143,59800
user4155616009476898038,58800
user4700634681562675357,52900
user1643867224047847234,53600
user2029249960847121105,38247600
user1765108134075256746,106300
user9220639807980150802,57500
user1093384094212819903,58100
user680432408514382608,56700
user1940718911639954360,83300
user2304320703117485488,64600
user8881259019624638196,62400
user1269773147507499848,56700
user2010598646084681381,81200
user4210877237351681568,60100
user4958960159822047554,57700
user7312403392209533378,72100
user5817347222824138717,57300
user6686568216183344703,60700
user6055476652156804314,61400
user3595865746213664131,65700
user7676906789493503519,61100
user3569853348774465369,57000
user1640414047660373546,61200
user6086735192127411205,58800
user2881489275511365126,58500
user1787212625225170158,57700
user6720056352733569801,62700
user6346180591411064298,55700
user1684063069448059922,55600
user1358304196714666593,58000
user4273955849631789999,56700
user2806363398535229976,58100
user652521814320920619,52100
user3363542419924547111,61700
user653081774833061067,54700
user418530423791080041,55300
user5652570375616555926,54200
user3789444547952204339,58000
user6551588342627789342,53800
user6190444708416661889,67500
user1621762732897933822,64800
user7881319521589158550,54300
user5734622276660520549,60800
user4111293942569558117,55400
user391179790109758500,57400
user4877915095194850730,54100
user6062390858928936001,58600
user8483380570397956054,59400
user2429356434826667253,57700
user7356394059291518319,56000
user8331554165519593196,75500
user5360746515338015046,59000
user8313244496051452037,57700
user252633655559216354,65200
user4223162488558432267,69000
user6036938422001877687,54400
user2326425194267398900,65500
user2382919427773976423,55200
user3269765228185972237,70600
user7713411471995518539,60000
user5321783675569596351,63500
user4227175625458046403,58200
user6157847932203932219,57000
user1973534003070525913,62600
user2527259848072369360,59700
user7009868931650334357,62700
user7797256339183417603,56700
user1379288766840299109,59800
user8939981277884079725,57700
user8690686518368944325,53900
user3280817473760928943,58500
user2488856968816091113,54900
user6992450622519688626,65500
user4695948499543407676,109300
user2917993958013380146,56000
user7455977354073641770,54100
user5932668945200486555,65700
user490763084891881951,98400
user1753942803892786943,80000
user1562935244028163507,58900
user1507000971033726432,58200
user9106096361333785295,56100
user2765389277405034957,69800
user3457319611663121985,61700
user325873153076786063,77800
user9031965503478720158,61300
user1593852138704471833,58800
user4326198959728029406,74900
user5816568947094156386,59200
user7373252407910023602,59000
user6356672876473880556,54800
user3470270053992341918,52100
user6556286341942754809,62700
user781135624320786955,59300
user4893093562276934669,59100
user960084102193685886,52700
user2061846737059850775,62200
user1436001315564718515,55800
user2110181940866804832,55200
user2403903997899608939,55700
user8533054010447032890,56500
user6105044861595552364,59200
user412164360235391016,59900
user4524463943485837295,59600
user8608634617324979702,59800
user7630686525831900371,58000
user1099408512474210363,59300
user8872434798802545496,59900
user3855758021401944575,57800
user6217795342097983430,60400
user3733851920252065829,15776200
user883725219585756743,300600
user8462614315490165421,57300
user5382072730757946127,75300
user1468598091777448185,60300
user1517834901390841255,52700
user3256484957858151525,55200
user2916325893772656588,63700
user8759571233692601333,55500
user1620984457167951491,57000
user2078145125166215610,60600
user5008975245165422955,58100
user5238840414188136300,63600
user2426568449561662799,56300
user2689030394797105814,62700
user6855584369505567824,58500
user7256250803997254420,79700
user991572774677832446,69600
user3775934145110843958,56100
user1290757717633132364,61200
user4038066262347686194,59500
user9005953106039521396,62800
user5485782247047196811,56500
user8393729600166508413,57900
user300190583636188080,65200
user8813265664638476616,60700
user846100616059460827,58200
user617697013355326943,59100
user6399761937749426484,93300
user7930774646420393503,80100
user7098399980857501102,61100
user7597529789107030253,65800
user4156954245719020817,56400
user8824317910213433322,57900
user7226112185050928425,61200
user8972018093584668947,50900
user7213161742721708492,58100
user7791108590845570461,74500
user7961131580584561381,55700
user429364354148194864,66800
user8554380225866963971,59700
user4210317276839541120,56300
user6266243630512450584,53600
user1325925735719778806,59700
user632657165219568999,52300
user5988490133587410533,58000
user1912248356934351923,59300
user742732745064508708,63600
user2480044565289696199,56900
user9150305343633612119,58700
user4555722483456444186,61600
user7175318823977570693,68800
user7591163725551341228,53900
user7714531393019799435,63200
user4992676857059058120,58000
user6555166420918473913,58000
user4223049403950919170,66800
user3710627508077871521,53400
user4326977235458011737,57300
user8202827270912213763,57400
user3474956236011609599,76200
user4679090150924902393,57400
user7215619899988112167,61700
user3177781002591331804,64900
user380127544534801794,58900
user4804344197851926041,60100
user6169118492996730808,56000
user5734062316148380101,55900
user3022263434814771278,58500
user2505155356922455948,62700
user3380400768543052394,62400
user8916643781102372320,52200
user1579233632134528342,54800
user3195977587451959866,58300
user3816795181633525880,76800
user3111914405046218919,61100
user7460103575580769003,54000
user730000617953130658,55700
user8368058848021608216,64100
user6735794780327794188,56700
user1006751241759916385,55300
user3415008826117558388,73900
user3086461968119160605,58900
user4571025852441739008,55400
user1321239553700511125,58700
user958416037952962328,55700
user1331731838763327383,75500
user1096402211991364026,57200
user6306544706522992058,78000
user8669141987731171361,60100
user402232035684715206,62600
user4987990675039790439,57000
user2769515498912162190,57900
user4039734326588409752,58000
user6767613280810541527,58000
user6845092084442751566,57200
user5586703778071443041,66600
user6417740207392212663,55700
user5339201984700242082,53600
user4393963754027405518,53900
user5207363558999687526,60000
user4155056048964757590,57000
user478590918292644349,54000
user7902864052226931514,80700
user538879973480994125,56100
user6717038234955025678,56600
user1720786067167916825,63200
user659106193094451527,79900
user1946743329901344820,103100
user8687338572591799423,61100
user532732225143146983,64700
user5838673438244069798,81800
user2062065052277692658,56100
user4756568954557112432,61500
user8060496560148842949,57000
user7988823859560181487,55200
user6735234819815653740,59100
user7664734622894265917,55400
user7753825632613573110,58600
user8451448985307695618,56500
user9115468725372320657,60300
user6695380619709739617,59700
user2235995948305968928,56900
user6492979168975860910,57400
user6153380065402506421,60100
user5068257463937004932,57400
user1822049243486461620,60900
user6264015605759586578,58000
user7086787774770403948,65700
user4166108294539714296,57700
user2791060029549935154,57600
user5711179549268484358,58400
user4314586753640932252,54100
user5839793359268350694,57200
user8964543926300396812,55900
user9087899776473157233,56900
user8736688466812705590,55900
user6063510779953216897,67900
user935751586290908468,59100
user2635667363676585511,57500
user2127153374092823212,56200
user1216410116386979545,56900
user4378785286945321579,60800
user856374585904435202,54400
user2993244736892726179,55200
user5086454048797632994,53300
user6416401971150089884,57300
user4872108992151302153,58300
user2362369916257273472,54800
user2997930918911993860,55000
user6484166765449465996,52300
user4276743834896794453,59100
user3525644366474638545,58600
user4403117802848098997,65300
user8234085810882820654,57900
user5185259067849774114,59400
user5653690296640836822,58300
user6772299462829809208,57300
user1840575656345690461,56600
user1144737415798318083,58400
user2172140632122632367,57000
user6520329802657182451,65900
user776107797007220709,61400
user4507387279649490129,56200
user191794885327669715,56600
user5773138240524311893,63000
user5991838079364555435,61700
user1703149442819429211,58400
user6238779912223615946,59700
user9031405542966579710,57000
user8914415756349508314,56700
user7197081669833185540,62900
user1946525014683502937,55600
user5962259420930369888,65500
user4403896078578081328,61200
user5032199657339617263,59500
user5381512770245805679,50500
user7093153838326092973,58400
user4067644920781871741,55400
user7587815779774196326,52000
user246827552515667777,55600
user8268475553239484765,60400
user3360194474147402209,59000
user8863280749981852017,55300
user3930778667767750939,78700
user2640913506207993640,88400
user4325079038703748510,60900
user1359082472444648924,86400
user7710623486730514085,84000
user1160257528174700587,56200
user2452799162218703444,95300
user4043312404879094323,100100
user7466687954354299911,65400
user6761807177766992950,59900
user4812048497649737845,57500
user1509788956298730886,57200
user8907489732281678841,55800
user814510676263498956,80300
user8858376252744742453,58600
user2907501672950563888,59300
user243261291520680992,74800
user9086779855448876337,58700
user6619913097439305902,58600
user8242463155800286003,64200
user8748518988117644627,52100
user3327037737422532091,55900
user6530603772502156826,90300
user4618582780518710734,61500
user7510336976141986287,65900
user5382291045975788010,63100
user2150596101484859403,63000
user5939594969268316028,60900
user4053244729429770133,60200
user3193519430185556191,84000
user5953995160620417636,69900
user4424662333485871961,62100
user55706908043531244,58900
user8291918280631520956,60900
user4539424095350079351,59600
user7850837685521779789,58800
user7445703384228667395,56200
user2153384086749863857,72600
user6396195676754439699,60600
user5236052428923131846,60800
user2629301300120896486,62400
user8438498542978475685,55400
user1362990378733934274,57100
user1880989816963745032,69500
user3107446538244793121,99000
user1552442958965347249,58400
user4986310793503369095,88600
user5157453704266640911,56500
user3227796087934707205,60300
user9054743039748287115,59200
user2452020886488721113,63400
user8644249511316253495,59600
user8478134427866547925,54400
user1588605996173063704,55600
user1777840261186634796,55700
user6058264637421808768,55500
user3212835936070465149,67900
user5635380627172695663,62600
user120682145251148701,91700
user1379848727352439557,99100
user8391501575413644407,56500
user7565492973406441031,70800
user1847501680413519934,63400
user6180512383865986079,99900
user2198712990073971577,57800
user1495948725458769726,341800
user1815683179930772595,59600
user1423829148965480913,1011400
user4593130343591652420,52900
user2676298267685727764,68100
user2860504705385732610,57200
user9122394749440150130,58000
user7462561732847172678,76100
user5690754939654992290,74800
user5676354748302890682,54000
user4541322292104342578,76400
user3459777768929525660,57600
user1676577084868090001,59200
user1111020718561307517,89800
user3847493761091992323,55400
user6164213995759621244,59600
user8483940530910096502,56500
user7097840020345360654,54300
user3947077055874115774,57400
user2073677258364789812,67800
user5423606812400281594,56800
user3223328221133281407,60400
user1494610489216646947,59100
user8445642882264147041,57300
user757911212146592647,67200
user1885675998983012713,53100
user2781687665511399792,56700
user6636771446057811185,57300
user994920720454977348,53600
user5049171090565635643,61900
user7496278430084183244,88600
user1142839219044054856,62200
user2627403103366633259,53200
user8120557054650407257,62200
user4772307382151336819,53600
user2771755340960723982,100400
user6862168748279098732,54200
user1510348916810871334,56500
user4298288365534567417,57100
user6505711296087238960,56900
user5244646517231684877,62300
user1710293782105100567,57000
user4074010984337560766,68700
user8396529402727210653,80000
user5723351715867721960,62500
user117447284081516896,78000
user5496834492622153517,55500
user5233034311144587723,69200
user3158134668707822067,64300
user8049102669279587678,56600
user7950420980303903240,61100
user2492435047106775684,57000
user48002608245719440,58300
user8329201238863518307,57100
user1709733821592960119,680000
user8191556710119415174,57000
user7048271810906612604,57400
user5912804296099134935,59500
user4959520120334188002,55100
user192013200545511598,58800
user1600218202260160858,55000
user4733562857600760007,57100
user1758410670694212741,74700
user2337259124624513723,60900
user112201141550108767,58100
user8958737823256848235,83000
user7476961924199274286,57600
user2983300595046352583,61800
user542446234475980910,60900
user3210377778804061474,74600
user2742164865230840649,85600
user878479077054348614,56300
user7628011625174409014,7363100
user8339475208708492682,57200
user4513753343205179154,60200
user8680754193818268515,56700
user2918553918525520594,59500
user7050843052780529376,60000
user1247668656357586436,61000
user3222549945403299076,86300
user2802112275124891860,85800
user6043304485557566712,56000
user8835930116300530476,58800
user7940706970971069313,58400
user1708955545862977788,57400
user1282723589836719781,58000
user582528995268680501,57000
user7314643234258095170,95000
user4872668952663442601,58300
user2632649245898041388,58200
user7736635884169712847,91000
user507621433510387234,64100
user2188780665523295767,65000
user4387939335766015058,59500
user5811541119780590140,55700
user6846430320684874345,56700
user7135122978577358005,57700
user5927422802669078426,59600
user8134067457491767638,55600
user2616350857791676553,61000
user4454252809215755294,63300
user8026779862911832383,65100
user767843536697268457,63900
user6708444146646472647,57600
user5361306475850155494,59900
user1279705472058175658,53600
user9011540893865228090,59100
user4754329112508550640,1063900
user5943161230263302813,85000
user4650059635707159508,56400
user7371572526373602258,83700
user5098066254884730148,60000
user1029415693421970245,77900
user7104206083901049679,55700
user8029797980690376506,57700
user2650627515540827567,59200
user6199817072455197251,58300
user402791996196855654,59700
user1748136700849238366,70900
user4483054763746712711,63200
user2584532357308929214,56200
user3984360014106113125,59700
user550710494785933162,59300
user2618809015058080228,62500
user5186597304091896893,56700
user7058204135457288414,58500
user6509837517594366193,59800
user6609202497158647761,57100
user8515977346610685724,59700
user7333169647117324011,56100
user7439119005455136487,56300
user7934682552709678853,54100
user8301072329452214435,63200
user6483606804937325548,56600
user7824825288082581027,57200
user4640127311156483698,61100
user4608090495455894476,70800
user6213887435808698080,54800
user2298856245368235476,58900
user8720950039218481203,66200
user1678256966404511345,76400
user5623208460573458061,55100
user1731060037012891200,76100
user9180443962579938114,86800
user3676350850328720507,93600
user8185190646563726149,65300
user6149253843895379188,71300
user202847130902626421,59100
user7219186160983098952,61200
user524479782128892517,69300
user6406128001305115509,62400
user5058325139386329122,69300
user6987982755718262828,76500
user7226672145563068873,66300
user6988542716230403276,71000
user2530837926363053931,84600
user7999647544448352725,1565100
user7848049700256775335,251000
user2430476355850948149,3562500
user5207581874217529409,65400
user4729218320875790891,51800
user3584813500638707425,58800
user3513700760562186411,62400
user2679876345976412335,281200
user4702086002412311233,97200
user7609701955706267855,59600
user4983304493020522758,55100
user8077354908767348232,56200
user5562141129655125954,58700
user4606410613919473132,60800
user4204511173795992543,58100
user1131786973469098150,110500
user3359976158929560326,93000
user6306326391305150175,53600
user2324526997513135673,59500
user7928876449666130276,52600
user1343344044850424537,53000
user6270381669315275603,56600
user2425230213319540020,56300
user7446823305252948291,53900
user8986088456938169776,62000
user5860777929393983210,83300
user564550725625894322,64800
user4426000569727994740,88800
user3234380466708238113,88200
user5447939328303059012,58300
user2098569734779707678,94700
user9121834788928009682,56800
user4083943308888236576,66500
user3695107395701489017,1757400
user7168839675814368571,59700
user4388157650983856941,58500
user950151777643010076,126700
user342171541183150898,81100
user690924693577198866,57900
user8190996749607274726,60600
user1231588583469063484,64000
user3485790166368724422,61200
user7926636607617568484,53800
user4543562134152904370,82100
user4124139154288449264,70800
user957296116928681432,56300
user8790269813151067776,90700
user6651731597922053241,58500
user7349468035223688846,56900
user5298227863570047063,74800
user5797482573722787097,84400
user7653122416807168763,78000
user3823161245189214905,78700
user7702577541638403716,57800
user8015727617336875677,60100
user742172784552368260,60300
user775547836495080261,98300
user6030354043228346779,76000
user880158958590769958,68000
user8142319900506022104,60700
user5450957446081603135,55700
user3953661434647646682,55400
user6065968937219620572,56300
user5179452964806225537,61300
user1008431123296337729,59600
user6620473057951446350,59800
user6064070740465357345,59100
user5989163178707064078,53600
user2264579587619084462,73300
user8357006602446651510,63700
user6957065861041954502,62900
user1605805990085867552,61000
user5575091571984345887,57600
user9008192948088083188,55300
user6656977740453461370,83100
user8738586663566968817,68500
user1017025211604890760,58500
user4154496088452617142,66400
user6827000730192452290,56500
user8804453261112081702,59700
user4905047413658330388,58600
user4506267358625209233,62400
user5435767161703821410,57400
user1040467938996926951,80500
user6328990842967204035,58500
user7708943605194092741,62400
user7071827622906161892,86900
user2631529324873760492,53600
user7429964956634443008,59500
user1245988774821165092,62600
user1373482663796750532,59400
user3902868073574288950,58000
user5839233398756210246,57400
user6834258154085636743,64300
user6884054924211170261,5959100
user1914706514200755598,57000
user8936633332106934823,57200
user4150369866945489909,64800
user3528319267132129902,56700
user8338915248196352234,57200
user7466469639136458028,55700
user8757673036938338106,61900
user1383414988347426342,61500
user628749258930283649,57300
user6711119047303964004,53600
user1947863250925625716,62900
user6783911668916906362,59900
user2178506695678321392,63800
user2187660744499014871,101400
user505941551973965890,73200
user3001278864689138762,52400
user7765437838700670264,65900
user6542775939101394428,62700
user3586151736880830204,55400
user4936855668672134142,71800
user1676918730162388566,59200
user7340873946915135815,96400
user8983070339159625653,62200
user8835370155788390028,57600
user3258153022098875083,52000
user4642585468422887373,55300
user6713471973960038893,56000
user4394523714539545966,54600
user3473617999769486820,58700
user4277863755921075349,133000
user7955107162323170921,53700
user177954654487708555,64300
user4459157306452864858,130500
user4768959436374191917,56100
user4215003458858808801,67400
user6209201253789430399,59300
user1775942064432371569,61600
user4367733041370364873,66300
user1127660751961970917,83600
user1000726823498525925,57300
user7174977178683272128,70600
user4633201287088654225,54100
user8832363855305543691,65000
user7913356337289747772,62500
user4908613674653317173,61500
user5505658713444246217,55100
user1066251775749340245,66900
user1683503108935919474,66700
user5674456551548627455,59600
user7572637312692112387,57500
user7574305376932835945,57900
user6456816131768144455,56200
user8895099250464599356,55900
user10046604894068544,90400
user5343888166719509763,52900
user3016457331771222701,55300
user8712904094126370834,3258800
user406358257191842439,3687900
user2412498086208161970,58100
user7959793344342438602,1041000
user8368618808533748664,65800
user66199193106347502,62500
user2232648002528824026,105800
user6870762836587651763,59400
user2390953555570389006,94000
user2303200782093204592,60600
user1925758759775712304,60000
user2290810300276125107,62700
user3529552272763923895,55600
user1210604013343430968,55000
user6531723693526437722,49800
user6928376991118510182,55100
user1357744236202526145,119000
user4948467874759231296,115700
user4425782254510152857,60100
user2549364339222282772,58200
user1226342440937655355,79700
user2353328952044093090,60100
user6517323502174336114,59200
user2856926627095048039,85200
user2278089990460444843,168400
user7582009676730647749,1891700
user4803224276827645145,58900
user5684388876099303265,77100
user6127149352745465776,57900
user4609428731698017255,60800
user8668582027219030913,54100
user9145059201102203990,60000
user5576211493008626783,85200
user8770623479267558039,80900
user764837236214422120,80100
user5499852610400697640,55700
user6378217407111653520,70700
user3109674562997657127,69800
user3931556943497733270,69100
user3031647616149004426,58300
user4897561429078360467,58800
user6405568040792975061,80700
user7702359226420561833,78200
user8778657607063970622,56300
user452247121028090607,60600
user1630916781718627301,59100
user1155789661373274789,53500
user313141025965408013,65900
user1483558243641690241,103600
user8779217567576111070,53600
user1879756811331951039,57800
user754563266369447745,62900
user8822866589363797446,97400
user3051966995152167708,60200
user752883384833026401,61200
user1557689101496755378,56200
user2279758054701168401,63200
user5447379367790918564,57900
user6357232836986021004,88400
user3475297881305908164,76400
user2844206317279367775,55900
user38070283695043630,58200
user6290587963710925788,60500
user978622332348612513,117700
user5468923898428691528,90800
user4400889778095234991,50500
user7913916297801888220,83200
user6999376646587518099,60900
user5222760341299613348,57700
user2013729848470738601,65000
user4645373453687891827,66100
user5685727112341426044,84400
user4540544016374360247,112100
user1153331504106871114,52900
user5686847033365706940,72600
user9044137670077957760,65100
user6522009684193603795,58600
user8908609653305959737,64800
user2142331841174907151,58800
user8164984352168075964,91300
user5903420114764901787,57600
user548812298031669935,58600
user5208701795241810305,82500
user6501025114067971279,85900
user5714197667047028481,58000
user3474737920793767716,59200
user5131782952121740714,89700
user7929094764883972159,58400
user9133228679797264953,70500
user791627909383603213,56200
user2314034712450319415,56400
user8384357236127973051,59000
user3452291784349555739,3391900
user1296676905284194038,57500
user8516755622340668055,62400
user75913202439181429,61400
user1757290749669931845,64300
user853586600639430748,62300
user4816629449058676740,58200
user1589725917197344600,60600
user9147287225855067996,57600
user4503261058142362896,61100
user6709004107158613095,70500
user8907831377575977406,54600
user7576763534199239620,55000
user3471389975016622814,61900
user4518439525224446835,61000
user1155229700861134341,58100
user4856930525069218214,64800
user3075409722544203899,56300
user1884224678133376837,74900
user4865524613377771245,58900
user8636545211518441691,61200
user5123737007029630345,67400
user5837553517219788902,98000
user1225782480425514907,62300
user190674964303388819,61000
user3811549039102117751,103500
user3044367925964684690,67500
user8969790068831804941,61000
user1736306179544299329,65500
user4031140238279856721,60800
user5302478986980385179,59100
user1347251951139709887,63300
user1303042968839883063,70100
user2596144563396026368,60300
user7312745037503831943,58500
user7549754545812216644,57300
user3886456600860411018,57100
user6275067851334543284,57800
user7813213081995483873,59100
user3008983164486950566,76800
user5124638612836069358,59200
user2657211894314358475,73600
user6770071438076945202,73200
user4843980082739998281,4111500
user8143999782042443448,77900
user7587037504044213995,108800
user604746571026107010,60200
user2422990371270978228,86700
user5217855844062503784,72500
user7698451320131276483,78600
user2484170786796823432,142400
user4870770755909179374,75200
user8620246823412076856,59100
user791846224601445096,71300
user2061286776547710327,1081500
user4389837532520278285,60800
user6996028700810373197,60600
user8245138056457777360,57600
user3936584770811299516,63600
user5225000183348175140,59400
user6043086170339724829,61700
user5311291390506780093,94300
user4409142221109489457,64300
user159976384844922376,61900
user282224131289099687,58800
user4715813148644759296,70100
user929832398639846794,55400
user214117691695425010,95900
user5083995891531229319,57000
user5032872702459270808,57300
user9021473218415903900,57300
user6042184564533285816,58500
user1456207609960368700,155300
user3413557505267922512,54300
user427124512099633072,147500
user7939027089434647969,1041600
user201167249366205077,58600
user3244094476041072040,59700
user2555170442265831349,57500
user6962871964085503079,55400
user5134570937386745168,72100
user5202335731686121280,62000
user124808366758275934,56800
user2551822496488686447,56000
user8730882363769157013,56000
user7587255819262055878,61000
user3198765572716964320,62800
user2566222687840788055,81000
user5981905754813879625,57600
user9132668719285124505,53900
user526147846369616075,64400
user7687959035068460225,61400
user323414995810382388,57300
user9011759209083069973,58200
user3788324626927923443,60900
user7919722400845436797,57800
user3940710992318426749,69000
user4759575255039958769,90900
user3117160547577627048,106700
user8644809471828393943,74700
user2814844402236269910,71200
user3156123387346045743,5526600
user1004293084493512710,57000
user4678530190412761945,967000
user4200944912801005758,127600
user7177217020731833920,118600
user6476462465651654192,67800
user4251851358481876587,99900
user236676912747150084,62600
user2642581570448717198,95400
user6040286367779022589,72300
user3575659451818013946,96600
user1287304541245658676,60600
user622383195374594624,60600
user7812994766777641990,57400
user4086401466154640251,52900
user902263449740683370,56000
user7861329970584596047,50700
user3922184579459197908,76800
user8738026703054828369,58700
user162764370109926830,72400
user8652843599624806526,56300
user3018137213307644045,61500
user362709235404156063,63700
user1374260939526732863,55000
user8736128506300565142,56300
user449229003249546484,53000
user3360754434659542657,55600
user3788666272222222008,56100
user6630747027796420725,55300
user7527868369880145115,57200
user6173586359798156606,59800
user2078363440384057493,59800
user3446267366088165279,62500
user7708165329464110410,59000
user2982192491317769473,55500
user7613268216701254640,59700
user4426560530240135188,57800
user2651965751782950346,59100
user4064296975004726839,51800
user2417184268227429651,57000
user8791389734175348672,59800
user7335627804383727686,56400
user1231370268251221601,69300
user1456425925178210583,54000
user8803220255480287709,88700
user6179952423353845631,83200
user376001323027674561,155700
user5108558539947546406,59300
user4527263746046539535,54700
user7753152587493919565,58300
user2809256614410563216,57400
user7623760501764070898,57800
user6520671447951481016,65800
user8255195282911664053,54700
user5260944905338049712,82800
user8971458133072528499,87300
user1819809401437899828,111900
user1589507601979502717,59800
user6414162129101528092,59000
user5509566619733531567,59400
user2882049236023505574,62900
user391739750621898948,125000
user5301919026468244731,84600
user1105214615517758940,186600
user1596651941265174073,87500
user3084782086582739261,58900
user8187430488612287941,4974200
user5713637706534888033,69100
user6581510218183027655,58600
user3368788562455955240,54200
user7867914349358126955,63400
user8528367828427765209,55600
user2051572767214876400,57200
user8672720066021855932,59300
user4531171652335824885,60700
user6806576120578960222,106200
user1428856976279047159,66000
user2632089285385900940,63400
user6733896583573530961,76100
user3925750840454184693,68100
user429022708853896299,56900
user1856874044452055296,80600
user8133507496979627190,61700
user7710063526218373637,57800
user6257431226986055670,79000
user997378877721381023,58300
user3339769864533910141,58900
user50460765512123115,52500
user5423046851888141146,57200
user8041958329993916322,499900
user2655873658072235696,58200
user8856696371208321109,83200
user4510405397428034252,66700
user3558801103199508663,114600
user533292185655287431,58300
user1175995955768924974,56900
user4416628205689459378,56900
user7641738771406857077,56100
user4052684768917629685,60700
user674626305470834031,59000
user906949631759951051,68900
user5997644182408104012,58900
user554618401075218512,73900
user415512306012535918,105400
user5344229812013808328,57900
user7415894593280942179,70400
user1786994310007328275,57800
user6054916691644663866,58000
user6591224227515861582,58400
user2551044220758704116,54700
user4778331800412727279,53600
user6906377730578925556,67100
user7322117401542367305,62000
user5279814535318331319,62200
user1237394686512612061,160500
user532513909925305100,62200
user6653069834164176020,58600
user176056457733445328,58500
user2533065951115917937,58100
user5520058904796347825,61500
user7235826194383762352,59300
user5355282057588765034,60900
user813172440021376177,60600
user8961744123739694572,60000
user6856144330017708272,67700
user7655922219367871003,58000
user4304654429090256442,53600
user2996810997887712964,58600
user1757850710182072293,55000
user7882314540710228563,64000
user5426613112883127931,96700
user3435775081025349021,61400
user5122958731299648014,90500
user7664516307676424034,62800
user341724665278523547,78900
user2848892499298635456,106500
user279206013510555564,74400
user8504925101035729018,68200
user7209253836432423142,55700
user2667704179377174733,54900
user6515985265932213335,11364000
user2381799506749695527,82600
user3447947247624586623,53100
user7752487396371450331,60300
user6140429623073286488,60400
user1583919814153796023,74300
user1349150147893973114,56100
user1677697005892370897,56800
user440416599723151570,60200
user879257352784330945,56600
user3002057140419121093,62700
user1609372251080854337,59900
user9099730297778096270,58900
user5802728716254195226,59100
user5201215810661840384,58300
user4239119231370498537,54100
user7883547546342022556,62500
user8027558138641814714,60900
user5685508797123584161,73200
user8291699965413679073,62400
user9111902464377333872,61500
user5890139844437081075,59100
user5570965350477218654,60700
user3469150132968061022,55900
user6734456544085671409,57600
user4859158549822082220,61500
user6944333733930576452,79700
user7223094067272384302,55900
user6048550628088974841,99600
user697290757132887891,100200
user4265691589321837747,89800
user5350254230275198788,234500
user2990226619114182056,107100
user5009535205677563403,1096300
user3595305785701523683,71500
user4679650111437042841,63900
user4833706112895023906,61100
user978840647566454396,70500
user1813225022664368920,82900
user643709410794525705,57200
user5031079736315336367,56600
user5471163740477253320,60400
user577842813249412820,57900
user8736906782030547473,57100
user7582351322024946314,72300
user5722791755355581512,54200
user9010980933353087642,55300
user3017017292283363149,62200
user5973311666505326594,56900
user5509224974439233002,68700
user2804352117173453652,59400
user3664190501025180691,74400
user5576771453520767231,57900
user5777606107325737691,60900
user6293594264193772125,59400
user3699015301990774367,55400
user4767839515349911021,59600
user3238288372997523463,60700
user2343956588005557728,58100
user8737248427324846038,59700
user627629337906002753,51400
user2527819808584509808,59400
user2168014410615505134,81900
user6682773394501572450,57900
user5127644913318915695,70300
user163884291134207726,54800
user639801504505240355,58600
user4845878279494261508,58200
user4960640041358468898,59700
user3926092485748483258,58500
user6400663543555865497,58800
user8222038546186793935,65500
user6218915263122264326,58700
user880377273808611841,61100
user6553828184676351134,56700
user983526829585722077,49900
user6691254398202612384,62200
user4675182244635617043,54500
user2513201302014566317,54600
user6076242907064594947,58300
user2352655906924439545,55900
user7290298901059619966,58300
user3915258555391368435,57500
user4200603267506707193,73300
user583980316118316377,80000
user791067948871462765,63100
user177394693975568107,93800
user8089185430072287269,59600
user3395579235625136333,56300
user5916152241876279837,56300
user5172413856130882967,65500
user6152041829160383642,69000
user5813221001317011484,55100
user3809650842347854524,57500
user6228847587672940136,55200
user1543618738143254549,96800
user6862510393573397297,88200
user654761656369482411,71400
user8177716479279454014,58700
user7313523313233814274,68800
user7005182749631066676,59900
user2001339366653659116,59000
user5004289063146155274,61200
user6937076310037391999,81100
user947923752890146070,61900
user7357732295533641098,66400
user4030921923062014838,61300
user5916370557094121720,57600
user3937923007053422295,54500
user3469491778262359587,134800
user1572867568578839317,55700
user2855818523366464929,57800
user2653633816023673904,63200
user8556838383133367646,66400
user7109670541650299691,65500
user1281603668812438885,65600
user526707806881756523,59700
user8093653296873713067,53400
user6174706280822437502,55400
user6099238758552003787,59300
user495449266911149632,54700
user4459270391060377955,78500
user8396747717945052536,56600
user6757899271477707600,52400
user7185811109040386951,55900
user417752148061097710,63500
user1424730754771919926,66100
user1572089292848856986,119700
user2165774568566943342,77200
user2997370958399853412,56700
user7576545218981397737,62200
user3690981174194361784,56600
user529725924660300646,69100
user317608892766833811,57800
user3911132333884241202,83700
user9073499585121055625,59400
user3272223385452375912,77400
user620703313838173280,57900
user7782296187319175547,61600
user9214833704936602225,62600
user2404463958411749387,58100
user3562367364194495448,62500
user540218209723116904,57500
user3187600242534494517,75500
user929272438127706346,65900
user7094492074568215752,77900
user6616346836444319117,55500
user1840015695833550013,69200
user719726648108156283,58400
user286910313308367368,59000
user8056028693347417151,62100
user5949527293818991838,64900
user8253297086157400826,60500
user765055551432264003,52200
user3952883158917664351,58600
user7323237322566648201,63400
user7244638597910157266,61800
user4441520682104377244,59100
user1588387680955221821,56000
user8861942513739729238,70300
user9060549142791835692,67000
user2312914791426038519,74500
user4178840421651092346,86300
user7791450236139869026,87900
user1950091275678489722,101900
user1346132030115428991,97500
user1319901317458388346,73100
user592461319819356311,58800
user8403113781500741561,59800
user848900418620163067,59900
user1571529332336716538,82300
user3903428034086429398,59200
user2987438633849177602,61600
user4866644534402052141,61500
user5740428379704069126,60900
user6658315976695584149,56200
user3162147805607436203,90000
user8153932106593119258,55600
user7488232484992072875,57100
user4906385649900453167,84300
user4087521387178921147,61000
user537760052456713229,71300
user8656421677915491097,110600
user2503487292681732390,72500
user6510179162888664758,103400
user5559134829172279617,62000
user663014099383736877,64500
user6652851518946334137,56100
user7891251846139834360,58200
user6152260144378225525,60700
user1971635806316262686,55800
user5993289400214191311,81400
user4304872744308098325,57200
user854146561151571196,57600
user6861608787766958284,88800
user4608868771185876807,62000
user1695115315023016628,62600
user6426334295700765694,86700
user2803792156661313204,63100
user7572077352179971939,61300
user7460663536092909451,60500
user3722239714164968675,55000
user4132951557814844178,66000
user1283396634956373326,61100
user254873497607778146,64100
user7675568553251380740,58600
user5271437190400865970,79300
user5096728018642607369,58500
user1495170449728787395,59600
user971136347768642592,57900
user6098005752920209794,75700
user1474964155333137210,95900
user4937757274478573155,165400
user8006013608004041750,78900
user7312185076991691495,59500
user4756227309262813867,53800
user1094504015237100799,58300
user5135130897898885616,82100
user5940154929780456476,60200
user3600551928232931812,96900
user7834539297415414954,56100
user6103706625353429585,64700
user4179058736868934229,63900
user5339761945212382530,62300
user5518938983772066929,58500
user8383237315103692155,62100
user7527090094150162784,59600
user4179618697381074677,63500
user6868534811834787757,58300
user3489356427363711207,57000
user3336970061973207901,59300
user608312832021093795,59000
user4005904544743886089,76400
user8627951123209888660,64200
user7256810764509394868,55100
user5948189057576869059,68600
user4316266635177353596,58100
user9034423660745123833,60200
user650853750080197061,59700
user5371580445695129869,55900
user4783359627726293525,57100
user5977437888012453827,52400
user549932219055950831,87300
user2645039727715120873,59600
user2573367027126459411,71300
user6378559052405952085,61200
user5355500372806606917,93200
user7912018101047624993,65400
user7339535710673013036,54700
user8610532814079242929,59500
user6514865344907932439,56000
user6680420467845497561,66700
user1984586248645482619,63900
user8091413454825151275,74700
user3906994295081416183,56500
user4201163228018847641,70000
user1929325020770699089,59900
user8389603378659381180,68300
user2025342054557835755,63000
user5246544713985948104,53600
user3242974555016791144,54100
user7039790807205572670,55100
user8995460820976705138,83300
user1054308169836888111,57800
user49682489782140784,65300
user3208697897267640130,61800
user2517887484033833998,57900
user8813152580030963519,68100
user2606418533241000743,62000
user2027010118798559313,108000
user23670092342942022,54700
user8401215584746478334,83300
user991012814165691998,70100
user3572641334039469823,90500
user5157795349560939476,58800
user3678249047082983734,60300
user920573119208824529,60900
user3070163580012795770,81600
user4893435207571233234,72400
user55146947531390796,64200
user2755675268072201030,144000
user3484670245344443526,60800
user859952664195119773,59600
user8658649702668355103,55600
user7413666568528078173,64000
user1269991462725341731,59500
user2771973656178565865,62600
user5537030338022366205,59000
user2971140245742812767,58800
user5134010976874604720,63600
user4666358023813524343,52700
user9107216282358066191,70400
user8370517005288011891,62400
user2200051226316094356,60000
user3986039895642534469,57400
user7965599447385987179,55900
user7045596910249121247,58000
user4073451023825420318,63600
user2076465243629794266,78400
user3962815483468340161,54700
user1071839563575046939,65500
user6493880774782299923,66600
user9010420972840947194,61700
user3948415292116238553,68800
user3877975597159371084,60400
user2199272950586112025,60400
user9136794940792251738,362500
user5937696772514052801,113500
user2743503101472963428,122800
user5355842018100905482,81800
user6174364635528138937,80300
user4618241135224412169,59200
user5117152628256099437,56800
user7373812368422164050,57100
user198160948883358740,92600
user1237954647024752509,56800
user8790829773663208224,57100
user3536696612049595251,60300
user1032203678686974699,94000
user664693980920158221,58200
user3689861253170080888,105300
user6337243285981458501,75300
user4414730008935196151,76300
user1698463260800161530,82400
user1324805814695497910,187600
user6407807882841536853,63000
user5905878272031305462,56900
user4128825336307716945,90800
user6644257430637781106,67400
user7702919186932702281,53900
user8879579138088216852,55600
user1896509929340127536,57100
user1352498093671118016,55600
user1467478170753167289,54900
user3001838825201279210,57600
user7690187059821324231,69900
user1848279956143502265,57200
user2036394300132792461,54800
user6608642536646507313,54600
user3745682441557004866,55000
user8682434075354689859,59400
user243821252032821440,53300
user4192898967708895389,62800
user2401445840633205264,69300
user1699583181824442426,57500
user6690694437690471936,64100
user8428224573133501310,63300
user8923228159875903228,56800
user7531776276169430465,58000
user5586143817559302593,55500
user4735242739137181351,66600
user6737474661864215532,64900
user3991286038173942598,55300
user9004614869797398617,78800
user7923070346622581699,88000
user275079792003428331,73100
user4646493374712172723,69400
user1536144570858982414,89900
user3409544368368308376,62300
user3927430721990606037,62200
user5321565360351754468,66100
user2391171870788230889,116000
user6938196231061672895,58100
user3232482269953974886,58900
user8505485061547869466,76300
user2179066656190461840,58300
user1082550163855705080,65200
user4051346532675506906,57700
user2232761087136337123,104500
user5156675428536658580,104400
user5312971272043201437,61100
user1299695023062738161,105700
user1651466293235330252,89000
user2665805982622911506,76100
user13177807280125764,56800
user4460390312084658851,59400
user7311625116479551047,73200
user230976040313930293,59200
user4767279554837770573,77000
user241581409984259648,81000
user8051342511328149470,56900
user6416060325855791319,58100
user4304094468578115994,57100
user2520345641300237673,53200
user7574865337444976393,49800
user8026998178129674266,55800
user632097204707428551,59900
user3119618704844030723,78400
user6782791747892625466,63000
user4338371126327267008,65000
user6877907175873323119,65200
user8153713791375277375,63400
user5563261050679406850,58800
user5726917976862708745,58400
user2882609196535646022,57000
user8760131194204741781,68100
user3221989984891158628,58700
user7214281663745989388,95800
user196481067346937396,78300
user7121282747737396845,73200
user3519725178823576871,72000
user3195417626939819418,60100
user4340382407689043332,59400
user7283041477166435513,54700
user3946517095361975326,78300
user368515338447704640,85900
user3787546351197941112,53200
user7466127993842159463,121500
user2047446545707749167,77900
user8176036597743032670,58800
user5459769849607998049,58100
user6962312003573362631,116200
user6268701787778854259,61100
user4618022820006570286,57800
user1947303290413485268,58800
user5060783296652732797,92200
user6520111487439340568,87100
user4847546343734985066,64400
user7186029424258228834,75600
user7976091732448803437,87600
user4200043306994566745,62600
user6968118106616911208,81100
user2407811904188894289,57500
user6881815082162608469,91200
user4565106664790677334,61600
user8038610384216771420,61500
user7825945209106861923,60300
user2991004894844164387,94100
user7596409868082749357,57500
user398105814177587973,59400
user7145615263640174263,50000
user9101970139826658062,86100
user1755062724917067839,87700
user3332065564736098337,122200
user7839785439946823083,88100
user2568680845107191730,62500
user3952323198405523903,95600
user7905870352709777851,73200
user3889027842734327790,61900
user2644261451985138542,82000
user6177712581305283839,85800
user6029794082716206331,95900
user5610488150757777797,70700
user7439897281185118818,57000
user4029802002037733942,63100
user830143873247394557,103500
user5107780264217564075,85200
user4074570944849701214,55700
user1336199705564753181,73200
user770301693963672132,80400
user2791619990062075602,63900
user7499066415349187698,167900
user1935691084326388114,56000
user1982688051891219392,59100
user3974646004773279198,60800
user4325638999215888958,57700
user7157787430239411865,58600
user5563821011191547298,54400
user6608300891352208748,96700
user709576008339638590,84600
user7832859415878993610,60000
user4083383348376096128,57700
user4103372899380658631,53800
user2897009387887747630,65100
user1951429511920612501,54300
user2834822135945134627,58800
user7049723131756248480,59800
user1372362742772469636,59100
user4996584763348343470,82000
user5229686365367442821,58400
user4887069144015544209,55400
user708674402533199577,56800
user6305984746010851610,61100
user6521231408463621464,79200
user3081215825587752476,61000
user7019241295688869719,101900
user7537582379212979042,61700
user2628741339608756038,251300
user8390941614901503959,77600
user3073169880495642107,832500
user191234924815529267,59900
user7065243244132630984,57400
user1084790005904266872,57000
user1336759666076893629,59000
user8737466742542687921,140800
user9005734790821679513,62100
user6632645224550683952,149600
user3029407774100442634,61200
user1577335435380265115,52800
user7890473570409852029,53300
user2238567190179885700,69000
user7742100341918962859,55300
user3755396450889838793,53500
user4392843833003124622,56000
user2717832349328063231,112100
user4806024079388347385,68700
user8999928687778130936,61500
user3799376872502880149,72200
user7301132831416734789,57100
user5608589954003514570,58800
user8407240003007868794,56000
user4802229257706575132,59500
user8256303386640247163,67100
user8050004275086026691,56500
user6079249207547441284,55600
user850008522348746177,57300
user5020027490740379661,68400
user6759579153014128944,58800
user869325028233655135,58300
user5356060333318747365,68600
user8243583076824566899,59200
user3424722835450392315,59600
user5752153670398679377,60100
user9150978388753265664,54400
user1669432745582418645,58000
user3003737021955542437,75500
user1407872406153414643,61300
user6211989239054434853,63900
user8163646115925953185,64500
user1820151046732198393,63700
user4892875247059092786,57200
user5724129991597704291,78300
user5901752050524178229,84800
user8819071767682025193,56100
user5800270558987791551,53600
user5762085994949355187,94800
user637343347238836680,132000
user682890565780786283,57400
user7708383644681952293,58900
user9131548798260843609,57800
user8401433899964320217,55300
user5890699804949221523,72900
user5598875944670680643,60600
user985766671634283869,54900
user4327537195970152185,63500
user2201171147340375252,55400
user7465909678624317580,61300
user2826009732418739713,58700
user5597196063134259299,85500
user2902255530419155759,61000
user3772367884115857173,54700
user8125243236669674938,61300
user4651397871949282287,59600
user7691866941357745575,56100
user467985548622314994,78200
user254313537095637698,59800
user8065961017898092961,51200
user5474730001472240105,60300
user5085894088285492546,63700
user7633257767705817143,58700
user5948967333306851390,76700
user6980838416432591472,62300
user6437946501787862848,93700
user6015393891364104723,403500
user4991898581329075789,55000
user4014841850173491886,79700
user655539932099464742,62500
user1292209038482768240,60800
user8276739813549437017,102800
user3526204326986778993,65500
user291596495327635049,60300
user6960973767331239852,58100
user7286172679552492733,56000
user2067092879591258904,65600
user3142831299722527245,63300
user4772525697369178702,59300
user6795182229709704951,64200
user5130103070585319370,60200
user2224943702731012222,64300
user1527985541159358948,75000
user4657763935504971312,62000
user5119050825010362664,76200
user7917482558796875005,88600
user449788963761686932,58100
user8654523481161227870,57700
user2139325540692060814,53300
user6068756922484625026,66300
user160536345357062824,63000
user1736866140056439777,65500
user5120170746034643560,57100
user5088133930334054338,59500
user1196533649989930139,59500
user5609928190245637349,76400
user533073870437445548,57800
user6140989583585426936,88000
user6542215978589253980,83100
user9042457788541536416,74300
user1357402590908227580,120600
user3359074553123121313,65100
user588666498137584058,59100
user5256258723318782031,56200
user2958189803413592834,87300
user1746238504094975139,64400
user7813554727289782438,57700
user5124296967541770793,57100
user6278415797111688186,137300
user8769845203537575708,96000
user8357784878176633841,89700
user5927982763181218874,61500
user8783903749595378751,63700
user6942322452568800128,76900
user6802781298897187969,60400
user2424110292295259124,78200
user3121846729596894729,79900
user3804964660328586843,66300
user7793348432894132253,53100
user2381239546237555079,51700
user8176596558255173118,58500
user2276410108924023499,59000
user3112692680776201250,59000
user5062338276285943258,56100
user4078137205844687999,54300
user8378551133084424474,59300
user2892323205868479949,72900
user5921958344919828414,62500
user7259828882287938991,70100
user2552942417512967343,61900
user4380453351186045137,60800
user6605294590869362411,74700
user5623768421085598509,59400
user6158626207933914550,59000
user1803511013331534993,69100
user5988271818369568650,56900
user1673010823873103216,59700
user6878808781679762132,56400
user437616797162449330,59500
user1788332546249451054,56200
user8647037496581257949,102300
user1248446932087568767,58000
user3230802388417553542,96100
user4525023903997977743,69400
user5018129293986116434,54000
user8988316481691033782,71700
user5736862118709082341,99200
user5235492468410991398,81000
user297402598371183626,59400
user6414722089613668540,58000
user6527815787237152372,56400
user303768661926872651,89000
user7110230502162440139,56100
user4300186562288830644,64400
user8565992431954061125,523400
user1345012109091148095,60900
user1307729150859150744,59400
user7985029037878409234,77300
user2633769166922322284,58000
user3638394846977069611,68500
user2028690000334980657,60100
user6252963360184629872,55100
user2167454450103364686,59700
user804018391200682698,58200
user5747467488379411696,62000
user5942382954533320482,57700
user1083670084879985976,62400
user5085675773067650663,54500
user2425448528537381903,79000
user289698298573371822,58500
user4667477944837805239,58900
user5096168058130466921,118400
user71445335637755631,54700
user3394024255991925872,73600
user8930267268551245798,68800
user5351374151299479684,54900
user7186931030064667847,60200
user9098952022048113939,55500
user741612824040227812,57900
user6174146320310297054,276200
user9040342848396185507,59700
user1334519824028331837,73100
user4425222293998012409,76200
user6757680956259865717,101900
user2314594672962459863,105100
user5208141834729669857,57500
user3897061970530740373,88800
user3877415636647230636,59300
user6203395150745881822,56600
user2950703818833622913,90200
user657767956852328748,100500
user8532275734717050559,106600
user820989824426701078,81600
user9164705534985713727,54400
user5751262310061183949,148600
user3837561436541316513,56400
user7751814351251796786,59000
user293276376864056393,87200
user2576714972903604313,93900
user7331501582876600453,222000
user8264349331732357532,112100
user240690049646764220,66200
user1191847467970662458,80100
user2710346364748093310,54700
user8628511083722029108,71000
user5937915087731894684,57400
user7338975750160872588,58400
user5651792099886573595,55900
user7439337320672978370,81400
user8561524565152635327,64500
user3645652270870254064,268500
user6086175231615270757,60300
user6218013657315825313,3258400
user369075298959845088,92900
user6269821708803135155,71200
user6904479533824662329,56200
user8984408575401748432,72200
user3101080474689104096,62500
user4756787269774954315,61400
user7608022074169846511,54800
user2413618007232442866,68100
user2985540437094914375,107300
user1453419624695364246,59800
user5254578841782360687,53300
user676866147519395823,66200
user578734173586908248,58800
user4101019972724583742,57500
user7346680049958684392,94000
user1257041020396121798,144500
user1485456440395953468,63100
user5283609357000103572,57800
user8906711456551696510,78500
user3134578856708272779,57000
user5263963023116593835,76000
user8044416487260319997,74700
user7146735184664455159,58300
user5311633035801078658,72000
user2127371689310665095,152700
user8407021687790026911,59700
user8743832806098376946,57700
user7178772000365044381,58300
user6290028003198785340,58700
user7130655111775932207,58100
user1158017686126138795,65900
user3469710093480201470,63200
user7483327987754963311,96500
user2507053553676719175,58100
user4232981728501594980,64800
user4882601277214118411,61300
user979400608078594844,71900
user3332625525248238785,56300
user7439678965967276935,67200
user6748526907439172238,121100
user59614814332816594,122200
user1697903300288021082,57200
user7237164430625885131,100600
user4349081726607925149,90100
user642807804988086692,74200
user6554388145188491582,75200
user6984416494723276043,58500
user3027509577346179407,97300
user2072339022122667033,65400
user9147847186367208444,55500
user1973315687852684030,61500
user4289134316713873938,96300
user7880759561077018102,69700
user918220192552749640,56500
user3437113317267471800,323000
user8863622395276150582,57400
user789948027847181869,58800
user7575425297957116841,67500
user8719830118194200307,68500
user9062447339546098919,64000
user7125190654026682195,117000
user2347191449175189533,59000
user4903927492634049492,232700
user8782795645866795641,66200
user4101579933236724190,56400
user312362750235425682,60700
user4998264644884764814,270900
user2429574750044509136,59600
user5641186730216244240,84700
user5347796073008795113,85100
user7560465146092874785,67100
user6920217961418886716,60800
user1182133458637828531,77700
user3247660737036058825,55200
user1132565249199080481,61100
user857152861634417533,58800
user6844532123930611118,66600
user1210044052831290520,69500
user1082331848637863197,62200
user4479476685456028140,52900
user847220537083741723,56700
user5427173073395268379,85300
user5337303787945978855,72600
user4689800751205560534,78700
user2325865233755258452,91000
user698410678157168787,61500
user8271493671018028888,95100
user1637842805786456774,74300
user2607196808970983074,95700
user6742160843883483213,57100
user505163276243983559,67300
user3929658746743470043,55800
user4952375781048516646,66300
user4783017982431994960,99900
user1787554270519468723,66600
user9121274828415869234,63800
user3934904889274878172,70100
user1992185317832965637,103600
user8520103568117812957,67700
user6041406288803303485,64000
user5004849023658295722,64600
user3464463950948793341,170100
user7405849184122753272,87000
user5497394453134293965,54400
user2011271691204334926,61300
user8538641798272739584,52700
user2890083363819918157,58200
user4741608802692870376,58000
user3997310456435333058,87000
user5937136812001912353,88000
user7977989929203066664,68400
user856934546416575650,60300
user2200611186828234804,61600
user8994682545246722807,73000
user2321739012248131219,60000
user8701738763943901031,70300
user2658879958555082033,64500
user2859944744873592162,57700
user2231309766286701247,98800
user3709507587053590625,86700
user884285180097897191,64300
user7165604814644736766,62000
user4859718510334222668,74500
user4088629490907504257,61000
user4333343299013700762,109400
user507061472998246786,82200
user7095052035080356200,81500
user8641791354049849820,61100
user497129148447570976,56300
user7482208066730682415,62700
user8962645729546133585,62800
user199499185125481519,59700
user6541096057564973084,58300
user3653138255450223985,72100
user8527247907403484313,60600
user2780007783974978448,59600
user7665294583406406365,56300
user166342448400611401,60100
user6257089581691757105,77100
user8294706265896525410,62300
user2770075459424302638,58100
user8493312894948631864,62500
user1094722330454942682,58300
user8141541624776039773,56600
user3655366280203087991,84700
user5041353706160310742,225400
user8555500146891244867,67000
user2056600594528442646,52800
user236895227964991967,77300
user8267915592727344317,80000
user529165964148160198,129900
user5959801263663966213,54500
user754003305857307297,62000
user2293828418054669230,59800
user3332843840466080668,66300
user1258939217150385025,54500
user3688741332145799992,55900
user2817415644110186682,69400
user1395587154946663944,76200
user7665076268188564482,83100
user2166894489591224238,80700
user417410502766799145,64800
user2670492164642179187,85000
user317048932254693363,59500
user5914472360339858493,84600
user4881263040971995632,85900
user3710845823295713404,60600
user7790330315115588130,85600
user2022323936779291632,71000
user4634539523330777004,58800
user848340458108022619,96700
user4578386935118498046,78600
user5712859430804905702,53300
user2029468276064962988,72200
user8972796369314651278,81100
user8979722393382480751,59700
user1257600980908262246,58200
user7386315934846756632,56300
user172148551444159978,61200
user2243813332711293829,160100
user6823547553804978602,60400
user3684615110638672759,60300
user6720616313245710249,56000
user7372910762615725037,68600
user8533395655741331455,62100
user5680480969810017915,62400
user4771747421639196371,123800
user1197093610502070587,102400
user3268097163945248679,54100
user345737802178137683,62200
user5696001082186400419,58600
user801000273422138575,58700
user1406639400521620650,130500
user3237946727703224898,74700
user4542442213128623474,81000
user7373470723127865485,59400
user7944054916748214215,59100
user8076453302960909219,115100
user1471946037554593087,95600
user1209265777101308189,61700
user1368236521265342403,78300
user5527876289201672726,62400
user1201779792521338268,71400
user1930444941794979985,79200
user6546342200096381213,55900
user4509845436915893804,104300
user6917211660936040379,162600
user7555219003561466656,67400
user8632418990011314458,82000
user7598649710131311149,105700
user4294940419757422515,90900
user7058877180576941959,58600
user7074055647659025898,52000
user8232530831249610193,96800
user1520841201873687592,66500
user5047719769715999767,58400
user3343336125528896926,59000
user2189558941253278098,58600
user4824333748856488544,58800
user4099681736482460963,88700
user1115488585362733315,64400
user8088065509048006373,60600
user708456087315357694,83300
user2903033806149138090,55500
user5741548300728350022,58700
user6771739502317668760,93100
user7585917583019933099,56500
user6959853846306958956,62100
user6442632683807130529,63300
user7389209150722089872,74600
user4255977579989003820,60800
user7198761551369606884,75200
user3849391957846255550,55000
user8514857425586404828,58000
user7551092782054339423,52700
user3381520689567333290,57400
user5831747414176240325,58000
user2129611531359226887,73300
user8401993860476460665,74500
user3678590692377282299,54100
user3200663769471227547,59700
user8853908385943316655,57300
user3084003810852756930,91400
user3435215120513208573,80500
user4531389967553666768,63400
user6234766775324001810,58100
user7345901774228702061,65500
user8871874838290405048,59700
user6622152939487867694,56900
user6003781685277007569,58000
user1208705816589167741,59300
user504043355219702663,53500
user4241359073419060329,69900
user1594972059728752729,59100
user1596091980753033625,57100
user7692426901869886023,69200
user5697339318428523198,80100
user4676850308876340601,60700
user3776494105622984406,76100
user8663895845199763232,74100
user1101088394010631707,87200
user52688790264987121,58300
user5062451360893456355,77300
user1721905988192197721,73200
user5695441121674259971,57100
user703428260001791448,77600
user3476076157035890495,56500
user6301858524503724377,58700
user1308849071883431640,77600
user3166615672408862001,58100
user6268483472561012376,70900
user8543327980292007265,61800
user8637323487248424022,115600
user1197653571014211035,76200
user2039742245909937363,65700
user2730552659143743495,135900
user6611100693912910988,60800
user9220079847468010354,60500
user8616338917122791506,107000
user7652904101589326880,91400
user5463677755897283399,62200
user6083387246350266303,74000
user9215393665448742673,54700
user71227020419913748,57600
user3313527334581171710,77600
user1448173482163956117,51900
user6113638949904105395,60200
user2986878673337037154,63300
user4051564847893348789,53600
user5130444715879617935,59700
user1236616410782629730,55900
user7440457241697259266,64000
user3506214775982216490,75700
user5861556205123965541,54100
user8532835695229191007,59600
user6202835190233741374,81200
user6528375747749292820,74200
user187327018526243917,59000
user131847475433618504,73200
user3924972564724202362,74100
user1298015141526316817,53500
user544344431230244137,62200
user7950639295521745123,93700
user892549440407849443,53400
user2329213179532403354,84800
user1254034719913275461,61100
user2054920712992021302,66400
user1869606171563433346,61800
user7006520985873189455,62900
user3812108999614258199,135000
user3005405086196265995,78400
user4266811510346118643,81200
user666032217162281000,60400
user2379901309995432300,94900
user7746786523938230540,60600
user4244365373901906666,55600
user4301866443825251988,72600
user2894221402622743176,95300
user2975826427762080448,135000
user8306318471983622564,90600
user5187157264604037341,85400
user2292490181812546451,66100
user5925524605914815199,56100
user7460881851310751334,63900
user1177447276618560850,64400
user3449285483866709402,75100
user8213879516487170469,73500
user3134018896196132331,130300
user5549980780351586138,58900
user6575372715314124098,74300
user2288582275523261101,60500
user5122398770787507566,75100
user5538928534776629432,64900
user4997144723860483918,63000
user1463911909758180504,60600
user1974435608876964926,60600
user6407247922329396405,89800
user3453411705373836635,135600
user7697673044401294152,53400
user4589999141205595200,57500
user4409702181621629905,59000
user6003563370059165686,57900
user5785870367635689943,56900
user1797704910287986416,59800
user6635993170327828854,66800
user6049110588601115289,58800
user6326751000918642243,320200
user1946183369389204372,57000
user8531715774204910111,81600
user847780497595882171,145200
user2035274379108511565,80500
user8491084870195767858,55500
user7695993162864872808,70800
user2776659838197833546,61400
user5778726028350018587,54500
user1923860563021449077,76900
user654420011075183846,58600
user1588947641467362269,87700
user1572307608066698869,58500
user7734956002633291503,76700
user4402557842335958549,56800
user578061128467254703,89200
user4157514206231161265,55600
user4492427127785248073,62200
user2060726816035569879,53400
user412506005529689581,72300
user6494099090000141806,54900
user7330941622364460005,57700
user1775382103920231121,71300
user1649568096481067025,58600
user6530043811990016378,58800
user2180734720431185398,69400
user8896437486706722135,56500
user4374647248142496560,79300
user3702593380281458938,87400
user5249892659763093006,67700
user900583568204262026,57200
user6242471075121813614,82700
user9200993474096641065,68700
user3358856237905279430,61000
user6707105910404349868,54100
user1111580679073447965,63800
user7284161398190716409,72900
user3484110284832303078,57600
user1969967742075539128,62100
user3303813325248337783,59200
user6721176273757850697,59100
user263685901134173060,56500
user8430464415182063102,78200
user280885895046976908,80200
user1222776179942668570,63200
user4766719594325630125,56000
user4986652438797667660,78800
user8176378243037331235,60400
user7423380577860912100,277200
user6938527630887027875,93400
user8735008585276284246,62400
user8202608955694371880,67700
user7567951130672844706,73200
user8510171243567137147,56100
user4778891760924867727,89400
user2775881562467851215,70500
user6026446136939061429,54400
user6358352758010301900,57900
user6399543622531584601,56000
user2853920326612201702,70400
user3949535213140519449,56100
user185988782284121138,63500
user4796310070055513458,56700
user3195199311721977535,61600
user8077013263473049667,59700
user7234706273359481456,54800
user3825949230454219359,79300
user2039182285397796915,58600
user6515425305420072887,60900
user2959528039655715613,57400
user2402784076875328043,59500
user3674122825575856501,59700
user7610480231436250186,56100
user8155611988129540602,76200
user1115706900580575198,63000
user3589499682657975106,97400
user6085055310590989861,57700
user8836490076812670924,90100
user2542450132450151085,57700
user7020921177225291063,54300
user8531155813692769663,67400
user5234154232168868619,65000
user1936811005350669010,60500
user4328657116994433081,60100
user4427680451264416084,168500
user6946573575979138244,83800
user5697899278940663646,69900
user843094315576614490,66600
user6013495694609841496,66300
user8536961916736318240,108300
user8043856526748179549,71200
user7938248813704665638,56800
user1361870457709653378,58900
user5649999133742639154,92900
user3453971665885977083,58600
user115767402545095552,59200
user5257596959560904810,65000
user8507943218814273141,91300
user5211489780506814759,108700
user3803844739304305947,58700
user2763709395868613613,59300
user2280877975725449297,61200
user390619829597618052,58600
user1107454457566320732,61500
user2619368975570220676,55600
user104943717656924314,57900
user5458431613365875270,83500
user8088625469560146821,85400
user1519286222240477131,55900
user5259824984313768816,75800
user3787764666415782995,76100
user8214781122293609482,78900
user4524245628267995412,55200
user4504039333872345227,55100
user4278082071138917232,57900
user281104210264818791,62100
user3790564468976485235,72200
user9022251494145886231,57500
user8491644830707908306,59100
user4865742928595613128,112600
user4631533222847930667,122900
user8181842700786581247,54900
user7697331399106995587,59500
user8975036211363213070,85200
user5710619588756343910,59900
user5333737526950992070,59200
user9140373019082936309,73300
user7350027995735829294,99400
user5776486186301456795,61200
user2952042055075745692,55400
user5950647214843272734,88000
user2641473466720134088,60200
user3108566459269074017,56500
user7723343796546194349,70000
user9061669063816116588,83200
user126601332902210375,74000
user4298848326046707865,75700
user469218554254108987,102000
user2235435987793828480,62700
user4406135920626643120,59200
user3233602190978255782,77500
user4706772184431578914,105700
user1242422513826178307,60400
user276418028245551110,79900
user7061895298355486082,145600
user1703927718549411542,63200
user7951759216546026019,67700
user8159178249124527387,93500
user2403125722169626608,92900
user5778384383055720022,91400
user5324023517618158143,89300
user3110794484021938023,63000
user8169452218969501762,62700
user3711965744319994300,58100
user4248833240703332464,86500
user6073443104503892707,102000
user7361858517040768331,89600
user3177999317809173687,120000
user473904736273376668,72300
user8462396000272323538,61800
user311242829211144786,58100
user879039037566489062,66900
user4047438626386221556,60900
user1575655553843843771,57900
user3157461623588168522,87300
user3007644928244827787,67700
user2606636848458842626,58500
user7089245932036807623,57200
user3700695183527195711,56000
user6030914003740487227,60100
user6895107169786126967,58500
user6131275574252593009,58000
user7526748448855864219,60500
user3458097887393104316,58700
user6223601445141532007,57500
user7829511470101848708,58400
user8220918625162513039,64300
user7413106608015937725,95600
user2426008489049522351,54900
user188446939550524813,62700
user4004349565110675628,59600
user4656644014480690416,83800
user8679634272793987619,63800
user6630965343014262608,90200
user1775600419138073004,58000
user3432987095760344567,72700
user6527255826725011924,67600
user6256871266473915222,93000
user6267363551536731480,85000
user984086790097862525,85700
user2731112619655883943,125800
user352558595635638370,58300
user3838339712271298844,80100
user6255751345449634326,205400
user8429904454669922654,58100
user6994348819273951853,62100
user60734735357097490,56300
user1032981954416957030,60800
user7918602479821155901,68700
user16184107762972101,63100
user1798264870800126864,56600
user6264575566271727026,76100
user2991564855356304835,61100
user8526469631673501982,69900
user4454471124433597177,51800
user5020587451252520109,68700
user5470043819452972424,65100
user7919162440333296349,76100
user8555158501596946302,60200
user5245766438255965773,64400
user2301862545851081813,57000
user6379897288648074864,64200
user2906381751926282992,57800
user6758459231989848048,66500
user9122954709952290578,56700
user6493539129488001358,53800
user7965039486873846731,66400
user8132947536467486742,89100
user5304147051221108737,96500
user223831701028258937,57800
user5548082583597322911,78700
user2281437936237589745,72000
user5906998193055586358,8899000
user7488014169774230992,58600
user8179944504032318020,58400
user322295074786101492,72500
user7522062266836596538,55100
user6619353136927165454,69200
user4290254237738154834,104200
user2969242048988549540,62400
user885623416340019970,75300
user6428792452967169369,60600
user8643471235586271164,145600
user9162030634328222370,150400
user349645708467423033,55900
user7138701056868042576,59000
user5553547041346572923,102400
user1508120892058007328,56900
user8392061535925784855,56700
user2745742943521525220,103700
user3479984063325175845,59500
user2869658754206426089,64700
user4277303795408934901,56800
user2696287818690290267,79800
user4580739861774572935,59300
user5664182581703653080,61100
user1981019987650495834,160700
user3085902007607020157,111600
user6180730699083827962,102200
user4203951213283852095,70600
user5735182237172660997,129600
user645047647036648484,71600
user3413670589875435609,60400
user3379280847518771498,62500
user2458386950044410138,114400
user8617458838147072402,59800
user8114856182217187466,59600
user4048558547410502452,63500
user6691472713420454267,55400
user7627338580054755469,59300
user5801048834717773882,77000
user2598819464053517725,59500
user769181772939391236,60500
user1120174767382000996,56300
user6898113470268973304,74900
user3310521034098325373,65100
user7225333909320946094,56500
user2056258949234144081,72400
user1730500076500750752,80000
user6998816686075377651,55400
user3809869157565696407,60900
user1875743674432336903,69400
user778895782272225163,59300
user2406691983164613393,61100
user3353610095373871301,103300
user1799944752336548208,56900
user4633761247600794673,104000
user3930996982985592822,76300
user3321791594891123962,59200
user5019467530228239213,99600
user1745130400366392029,101400
user1797486595070144533,58800
user3321013319161141631,63800
user3611822489025730401,80200
user3825389269942078911,57700
user1051633269179396754,64300
user1586707799418800477,73400
user6612208797641494098,58900
user2041640442664200590,80200
user451687160515950159,55500
user1029975653934110693,56300
user6576824036163759974,78200
user4293602183515299736,58400
user6065408976707480124,55800
user7746568208720388657,60600
user1825397189263606522,63600
user5412554566825324888,68100
user3590619603682256002,58400
user8395627796920771640,148700
user424896487346769066,67400
user2744623022497244324,56000
user3011771149751955020,111700
user1219198101651983999,59000
user8997140702513126482,78000
user8053010575568873028,80800
user2981072570293488577,55100
user8329761199375658755,55300
user3731052117691363589,66800
user2597264484420307264,144400
user2906941712438423440,63600
user4413050127398774807,65200
user1837227710568545559,57900
user4993018502353356685,79600
user4288356040983891607,55700
user2654753737047954800,314800
user3398037392891540008,81400
user4573919068317072248,71600
user5802168755742054778,61200
user6885393160453293040,61300
user6898673430781113752,142600
user3407751402224373935,59500
user553498480050937616,81200
user5380952809733665231,157400
user8037272147974648641,60100
user3700353538232897146,75400
user6304646509768728831,54700
user6343609349537147526,132700
user5106660343193283179,59900
user3413888905093277492,66100
user1875525359214495020,65800
user1479432022134563008,79300
user6844750439148453001,71300
user5580679359810052581,99300
user2947915833568618459,58400
user505381591461825442,69100
user8352320420427383829,60200
user3755614766107680676,82400
user7049504816538406597,56900
user7663396386652143138,92000
user7763539641946407037,55800
user8385695472370095830,64700
user5415342552090329342,80300
user40528440961447305,74400
user6892867327737565175,74700
user5974979730746050152,84600
user1330953563033345052,89900
user7400043081079204695,61000
user7477180239417116169,75000
user338593462892466327,84100
user7692645217087727906,66800
user7800822600178404388,94100
user7607462113657706063,113400
user7798034614913399934,66500
user2353110636826251207,56200
user3145849417501071368,63900
user1387553027150251361,61100
user4403677763360239445,70900
user2893661442110602728,117100
user8609754538349260598,58400
user6152601789672524090,77300
user5472501976719376099,58600
user8874332995556808723,65000
user38288598912885513,60400
user676306187007255375,88200
user5247664635010229000,76000
user1533013368472925194,75800
user246496152690312797,52700
user927934201885583567,93500
user6618574861197183123,53700
user8691246478881084773,112500
user7158347390751552313,95300
user2692036695279952151,58000
user1664746563563150964,56700
user973034544522905819,62900
user1710853742617241015,61800
user8947685577681891529,54600
user809937578851744372,60300
user8781675724842514745,70900
user7447931408981531401,143400
user8973356329826791726,170200
user8303530486718618110,61600
user6396755637266580147,83000
user7610261916218408303,88600
user8405341806253605567,64600
user4097453711729596957,61700
user7356052413997219754,84200
user1929666666064997654,64400
user889531322629305320,94200
user979182292860752961,56500
user7767665863453534270,57300
user2439848719889483511,58600
user7449611290517952745,73800
user8779777528088251518,73600
user8565432471441920677,77200
user3860225888203370373,100400
user549372258543810383,77200
user5146183143473842322,60100
user73125217174176975,92300
user175496497221304880,85800
user8812934264813121636,240700
user5288295539019371253,60500
user5565719207945810525,61100
user3761533953758742350,103900
user801560233934279023,107100
user8033364241685363291,82300
user2876024817762115114,103100
user8357566562958791958,67100
user1949531315166349274,75900
user8973138014608949843,61900
user7382624771948558964,57700
user4692153677861635423,62000
user6832919917843513964,50700
user1206477791836303735,56600
user3951763237893383455,95500
user5449277564545181791,57400
user1707835624838696892,57600
user540778170235257352,56800
user4833146152382883458,52200
user3283057315809490735,82300
user8698503902774269226,74400
user6370513107313841716,54000
user5951207175355413182,75000
user7324575558808770980,59600
user6736354740839934636,57600
user4338029481032968443,58700
user919900074089170984,103500
user407478178216123335,59400
user7158565705969394196,70100
user1269213186995359400,75800
user3941830913342707645,57400
user3444039341335301273,104800
user8293598162167942300,64800
user7345560128934403496,63200
user1774262182895950225,239500
user4668597865862086135,63100
user482498824581929699,101000
user2293268457542528782,60800
user287470273820507816,58000
user6981958337456872368,66700
user4419976151466604280,89400
user3596084061431506014,53100
user6301640209285882494,125800
user3816235221121385432,358600
user5559913104902261948,59400
user6394515795218018355,71400
user7257589040239377199,55400
user5696561042698540867,177100
user802338509664261354,65800
user1593633823486629950,73700
user1286071535613864683,58100
user8670261908755452257,61800
user60953050574939373,60400
user4895333404325496461,98900
user3942390873854848093,69200
user7814333003019764769,58600
user5889361568707098744,78900
user4630413301823649771,60200
user9165036934811068707,73300
user6058824597933949216,61500
user9108324386086649301,58600
user4223380803776274150,74100
user4031700198791997169,68100
user366504057085928316,56500
user2655313697560095248,75900
user6991890662007548178,61300
user3019475449549766824,162500
user2099129695291848126,60900
user6268141827266713811,73000
user8567443752803697001,64000
user3096954253181976863,62600
user3047386043743228813,60700
user5967505563461778017,59500
user1559917126249619384,61400
user2059606895011288983,64900
user8269253828969467096,77300
user2884837221288510028,57900
user4521457643002990958,57800
user4163880269786850290,62100
user598267422862904888,58100
user8984968535913888880,60200
user3732731999227784933,58700
user1072617839305029270,68900
user7707045408439829514,58400
user2753995386535779686,109200
user4482494803234572263,58700
user1116048545874873763,79400
user1655032554230317037,56200
user1985706169669763515,57600
user774209600252957482,94300
user5691314900167132738,57900
user4652517792973563183,83600
user7940147010458928865,100500
user6090301453122397990,61800
user3036333798168272107,60100
user4075909181091823993,67300
user5481874340757911461,58700
user313482671259706578,60300
user2908279948680546219,60400
user5334515802680974401,58600
user4760695176064239665,100000
user2302422506363222261,90300
user6378777367623793968,60800
user3281937394785209839,82800
user3892594103729314575,58100
user1166395031043604144,65900
user5372358721425112200,59300
user4003011328868552849,59000
user7588375740286336774,66000
user905829710735670155,63000
user62632932111360717,56300
user1990733996983329761,60000
user3117378862795468931,57700
user7536462458188698146,60600
user7196863354615343657,104900
user1242080868531879742,56700
user1463351949246040056,56600
user5722231794843441064,93900
user7565151328112142466,68800
user1776502024944512017,55400
user7274447388857882482,67900
user4333124983795858879,160100
user2289142236035401549,60700
user6527037511507170041,81000
user8265687567974480311,322800
user3737418181247052614,104000
user9176089180386025413,81000
user5598315984158540195,63500
user3292429679848026097,71700
user5883213820369251602,78700
user8632978950523454906,66400
user3332283879953940220,63200
user3562149048976653565,67800
user4876576858952727951,68100
user5570187074747236323,53800
user4991338620816935341,58000
user4635441129137216017,91700
user4085063229912517472,52400
user1122072964136264223,62400
user6908057612115346900,54700
user8446762803288427937,60700
user8495211091702895091,59200
user8190436789095134278,58200
user5985472015808866410,56200
user4046878665874081108,55300
user3549976882377415963,57100
user3903987994598569846,58600
user7186371069552527399,75200
user1369574757507465182,146400
user3775261099991190413,71500
user4051906493187647354,64100
user6697951861583656389,59100
user587215177287948182,56600
user2228634865629209890,89600
user7520610945986960662,197500
user630417323171007207,87600
user2627963063878773707,83400
user4072891063313279870,59500
user5681040930322158363,57900
user4030361962549874390,58100
user6586756360714435784,230400
user64300996352084275,69700
user4514531618935161485,67800
user3987491216492170345,58200
user4117100045613106694,80500
user5344789772525948776,88900
user3123744926351157956,58800
user1268653226483218952,76000
user4902807571609768596,71000
user5552987080834432475,62300
user1689309211979468051,58300
user1336418020782595064,62100
user9166156855835349603,59500
user2091095567495435543,58800
user198939224613341071,63700
user5789778273924975293,63000
user4776993564170604500,78300
user3211156054534043805,75100
user6400321898261566932,89100
user2822661786641594811,61400
user5526756368177391830,128000
user7450731211542233641,57000
user1126540830937690021,60400
user617137052843186495,74100
user2454592128362637885,57800
user6652509873652035572,96100
user7511238581948425300,152800
user2414396282962425197,62400
user8637883447760564470,90300
user1166063631218249164,87400
user8412827790833575488,61300
user6804896239042538878,56600
user6778105565873357785,62300
user8119324049018613264,65900
user3804623015034288278,63400
user8884047004889642650,76500
user2768955538400021742,59300
user2716152467791641887,67400
user676524502225097258,65500
user7703137502150544164,59600
user4903367532121909044,59500
user1990952312201171644,79400
user1933792887572124887,55200
user3003177061443401989,55400
user463972411722700858,104500
user918001877334907757,58400
user6418300167904353111,115300
user8583182180397921388,53300
user1332851759787608279,59300
user5900632129499897333,58100
user2418864149763850995,58800
user7598089749619170701,60400
user3914138634367087539,58600
user1347470266357551770,67700
user2871556950960689316,80200
user1425509030501902257,63800
user8345281311752041259,65200
user5577331414032907679,61100
user8863840710493992465,1489900
user8381569250862968597,61000
user1809098801157241687,56800
user8542208059267726369,80700
user2644479767202980425,76000
user8963424005276115916,59400
user285790392284086472,86300
user397545853665447525,113300
user6781123683651901908,56500
user416072266524676366,72500
user8506045022060009914,59000
user4113305223931334441,55500
user6742720804395623661,142100
user2525031823319505354,90700
user5374038602961533544,57600
user5332835921144553057,72000
user8527807867915624761,82800
user4303534508065975546,55300
user1989614075959048865,62600
user4539984055862219799,135500
user3328717618958953435,64900
user3321573279673282079,100100
user3633148704445661482,66600
user5268649205135861516,58700
user3067705422746392095,100600
user6504933020357256629,61900
user3406631481200093039,58400
user8302410565694337214,61500
user8621366744436357752,90100
user6682100349381918905,60300
user5807414898273462907,58400
user488304927625478276,72600
user5210929819994674311,56100
user7054190998557674278,58800
user8722288275460603982,57700
user6128704332378676237,86100
user3255365036833870629,54200
user4883721198238399307,56300
user3101640435201244544,62600
user4916877934963269425,89400
user4418856230442323384,57100
user7949301059279622344,61500
user7802502481714825732,89200
user5812101080292730588,56100
user1764889818857414863,173400
user1429075291496889042,65200
user7384522968702822191,68600
user6667470025516277628,67100
user2618249054545939780,57100
user6002443449034884790,54700
user7246878439958719058,58400
user741831139258069695,68000
user6153940025914646869,66700
user894217504648573001,61000
user1247886971575428319,57700
user7113018487427444593,86300
user1467259855535325406,60900
user1539150871341828751,57600
user5414109546458535349,72700
user6757120995747725269,56600
user8411147909297154144,65900
user6791615968714718166,144800
user5284500717337599000,56100
user4782799667214153077,133200
user2491315126082494788,58300
user6279535718135969082,69600
user5738530182949805899,59800
user2188220705011155319,59600
user6741600883371342765,61900
user7654802298343590107,68200
user6134623520029737911,160400
user4040294287100550200,62200
user9213153823400180881,55900
user8170012179481642210,63600
user8114637866999345583,57100
user8616120601904949623,102700
user7987143978023760143,64900
user8943547538879066510,58400
user1166281946436091047,59800
user6200377032967337699,57700
user8573809816359386026,63600
user1401953218502352969,57100
user5561033025926542844,58600
user8264567646950199415,75500
user1143617494774037187,63200
user6428232492455028921,59900
user6960413806819099404,57100
user5093380072865462467,56300
user5401502321250368182,53200
user3930218707255610491,86400
user3604678149740059045,226700
user5437447043240242754,61400
user1311742287758764880,81400
user3028069537858319855,56000
user516993797548922596,53100
user4595918328856656874,62400
user8480592585132951600,113700
user5871830174968939916,98500
user8641231393537709372,81900
user3957009380424791584,92800
user1359642432956789372,66700
user8594794386485018542,61600
user5938816693538333697,90800
user7497946494324906802,97000
user5228908089637460490,52200
user7230580051852354223,70900
user5207021913705388961,138400
user7400261396297046578,58400
user7068809505127617769,380900
user4534737913330811670,57800
user4845318318982121060,92000
user7836997454681818629,64900
user7812653121483343425,58100
user7818800869821190567,61700
user7060775377331205186,58000
user2302982466875362709,59000
user5974419770233909704,68500
user2125561705169058,72000
user251295419317093575,56100
user5005408984170436170,62200
user7450949526760075524,72600
user5178219959174431544,73800
user5244864832449526760,55200
user9211485759159457323,62800
user2407251943676753841,88400
user5634820666660555215,58700
user7096720099321079758,138300
user6163654035247480796,60500
user4541663937398641143,64500
user2704208861879189753,62900
user3454531626398117531,79400
user3778392302377247633,82500
user2150377786267017520,69100
user6861390472549116401,58700
user6678522271091234334,73900
user3695449040995787582,60600
user3689301292657940440,91200
user4382133232722466481,58900
user5113244721966814087,56600
user3097514213694117311,78900
user6076461222282436830,53200
user4123237548482010251,66200
user3852179943111260004,60600
user2884277260776369580,63400
user3353268450079572736,54500
user55488592825689361,73100
user4151148142675472240,164900
user350205668979563481,81700
user1948423211437766164,56000
user5009316890459721520,82900
user4752101087755686634,73900
user4656425699262848533,59400
user6932390128018124318,56200
user7789210394091307234,138800
user4876795174170569834,56700
user6184078644860972864,59700
user4481934842722431815,61900
user7118264629958852722,57200
user1999546400509724675,98500
user5588383659607864385,58300
user6360580782763165906,61800
user7054409313775516161,95700
user4981624611484101414,58300
user4508165555379472460,56900
user2074237218876930260,62000
user7698233004913434600,59400
user6581291902965185772,67200
user2314812988180301746,207100
user8741934609344113719,52800
user3122625005326877060,57700
user7901184170690510170,56000
user2732450855898006722,60100
user2157522125552688876,59800
user5789436628630676728,76800
user2391731831300371337,63000
user5018689254498256882,54500
user61513011087079821,60500
user906389671247810603,86000
user8875452916581089619,63200
user4266251549833978195,59900
user4257097501013284716,57700
user6845652044954892014,61200
user5395696218206819605,57700
user5370460524670848973,58000
user2173820513659053711,60800
user896115701402836228,68400
user5371020485182989421,97700
user4584971313892028954,59100
user3496500766649382563,61100
user5481096065027929130,56700
user8923009844658061345,77900
user1120734727894141444,105600
user5515704122602435124,57900
user3281377434273069391,57700
user6367725122048837262,57900
user3358296277393138982,79400
user7219527806277397517,76400
user4645933414200032275,103700
user6983078258481153264,57400
user1081771888125722749,60000
user2332791257823087925,59400
user6288348121662363996,61300
user7357172335021500650,94100
user3480544023837316293,70800
user1725813894481483071,55500
user4173812594337526100,65600
user5595857826892136520,63600
user6794403953979722620,80600
user2976386388274220896,80000
user7635372707851168052,63800
user6970346131369775214,69500
user4255417619476863372,56400
user7906990273734058747,56100
user7236604470113744683,90000
user6389611297980908791,60600
user3337311707267506466,62700
user1605246029573727104,53000
user8637665132542722587,152800
user1232148543981203932,55200
user86965448014138135,80100
user4729996596605773222,55700
user4855032328314954987,82300
user5487120483289319590,90600
user2014289808982879049,65400
user3820143127410670782,62700
user9072379664096774729,67800
user4520897682490850510,55300
user982748553855739746,60200
user1348030226869692218,98800
user5788658352900694397,94600
user7239952415890889585,78300
user6566891711613084164,83300
user1802951052819394545,53500
user6401441819285847828,67400
user7309397091726687041,115200
user8075115066718786440,59700
user5158013664778781359,59000
user7573197273204252835,73400
user4129043651525558828,62600
user2880929314999224678,73100
user538538328186695560,58000
user4176600579602530554,64500
user8305758511471482116,59600
user8533613970959173338,63000
user1939598990615673464,64100
user1989832391176890748,85200
user8693039445025019214,67200
user3759522672396966026,66000
user6647823691632767891,57100
user5641518130041599220,61800
user2876243132979956997,57800
user5196529628642572703,73200
user8566552392466201573,52500
user8657529781644074207,178400
user5998877188039898005,58800
user4959861765628486567,111900
user116887323569376448,98700
user6394297480000176472,235900
user3832875254522048832,60900
user550150534273792714,64400
user3751601629208066540,57400
user6393737519488036024,64400
user2221595756953867320,78100
user6641799273371377431,58700
user2265357863349066793,57700
user1406079440009480202,74200
user5620420475308453607,63700
user1392239209169519042,98100
user1067371696773621141,67200
user744070981306631487,59500
user2638673664159431848,62400
user1435441355052578067,105900
user928712477615565898,61800
user8846982361875487182,67100
user708343002707844597,70500
user1418023045921932336,58000
user7711731590459097195,77000
user1714201688394385917,58000
user5449059249327339908,61400
user7061335337843345634,58500
user6689574516666191040,66300
user7749139450594305429,57300
user4172474358095403321,59000
user732458775219534333,85500
user4686234490210573749,58000
user8185750607075866597,64400
user1005413005517793606,58700
user1244880671092581982,115500
user8562644486176916223,95500
user4904487453146189940,75900
user2754555347047920134,97100
user4107386036280272767,78700
user3593625904165102339,76500
user5362426396874436390,58500
user3673562865063716053,79900
user6143447740851830611,57600
user401112114660434310,58300
user8608074656812839254,57900
user3509232893760760613,62600
user2304102387899643605,61500
user8202048995182231432,75900
user4689582435987718651,69900
user7736294238875414282,82900
user8622704980678480531,71500
user6835938035622058087,60100
user8609194577837120150,63000
user1805750855380096785,61300
user4377665365921040683,60600
user448669042737406036,56900
user8835151840570548145,117400
user4516211500471582829,69600
user3327597697934672539,121100
user3380960729055192842,71500
user8006573568516182198,310600
user3799158557285038266,95600
user6442072723294990081,65400
user8868526892513260146,84000
user8632077344717015893,80800
user8150365845598132473,61400
user8055250417617434820,245700
user400333838930451979,73400
user2266477784373347689,77400
user3128991068882566085,84900
user3048059088862882358,56400
user115094357425442007,57200
user5958681342639685317,55700
user352776910853480253,72600
user5806854937761322459,66700
user763717315190141224,77800
user8869086853025400594,54600
user2473118541221866726,73400
user5580337714515754016,65500
user2381021231019713196,69400
user5849725683819026504,62100
user4369961066123228879,105100
user2387605609793244104,67400
user6924469084829224832,92800
user5196311313424730820,77500
user4378225326433181131,90400
user4959301805116346119,81200
user3095274371645555519,80500
user4515091579447301933,65100
user2639233624671572296,57100
user7303590988683138464,100900
user1694555354510876180,65900
user2921572036304064717,58800
user4233313128326949960,66100
user2430694671068790032,57800
user1952331117727051514,190100
user379349268804819463,70900
user2924919982081209619,57400
user1467819816047465854,66100
user3382298965297315621,60700
user7696553123377013256,86600
user9221418083710133133,72200
user3733291959739925381,62000
user213899376477583127,62700
user4794070228006951666,61600
user6184638605373113312,60100
user6031473964252627675,115900
user2002677602895781895,55800
user9090917894251701356,59700
user6042526209827584381,67800
user6866636615080524530,92200
user4696166814761249559,73800
user2001557681871500999,66000
user2638455348941589965,70200
user8233090791761750641,60400
user5877076317500348045,89500
user4880703080459855184,88300
user5836993556707648454,152200
user6032252239982610006,59400
user2408030219406736172,59400
user5382632691270086575,61100
user4608308810673736359,56900
user5383410967000068906,59000
user3523633085112862221,86400
user6189884747904521441,60000
user7031631777505949204,66000
user3903646349304271281,101500
user6225052765991167883,56200
user4826561773609352550,59500
user5145063222449561426,57700
user2181294680943325846,94200
user6107719762253043721,52600
user1504542813767322757,59100
user5119610785522503112,60700
user6408915986570119963,60600
user1221096298406247226,59100
user6047772352358992510,64000
user6054356731132523418,75400
user3084222126070598813,58600
user8848662243411908526,76200
user6289468042686644892,75600
user2368289103908335146,55700
user2166676174373382355,58700
user6971684367611897993,61900
user1282276713932092430,66600
user257661482872782600,62900
user29476195386490599,59900
user6928595306336352065,58100
user2792958226304198381,56000
user1374042624308890980,60500
user8702858684968181927,81500
user4041072562830532531,55600
user2859384784361451714,56000
user3008423203974810118,65000
user6059384558446089664,65400
user6410035907594400859,60100
user3838899672783439292,60300
user6294154224705912573,59600
user5211708095724656642,63700
user6384583470667342545,63300
user2782247626023540240,64100
user1346910305845411322,55400
user2775321601955710767,76800
user3526764287498919441,228900
user4393745438809563635,74100
user2299634521098217807,56700
user3127871147858285189,68000
user5214507898285358882,84800
user414404202283952808,60400
user5575651532496486335,59800
user7120722787225256397,97900
user4162200388250428946,114400
user2908061633462704336,61200
user7486334288237809648,79000
user1869824486781275229,83600
user1687970975737345272,64000
user324534916834663284,87400
user6481926923400904204,69800
user6560972523962022490,96700
user2050452846190595504,89100
user7004622789118926228,60900
user5713077746022747585,73400
user8731100678986998896,61000
user2832594111192270621,70200
user8554940186379104419,75500
user1342224123826143641,61900
user4932056402045353364,74300
user4563986743766396438,89500
user230757725096088410,96000
user3381179044273034725,78000
user3912800398124964760,56100
user604964886243948893,60100
user6504373059845116181,96200
user3221430024379018180,60000
user28137959144367820,63600
user3939042928077703191,75600
user8655861717403350649,67900
user4972812207957706500,130900
user2666925903647192402,67400
user8203168916206512328,82700
user4904145807851891375,63500
user6762367138279133398,56200
user5411994606313184440,61900
user7456755629803624101,86300
user8667473923490447803,71100
user4970914011203443273,55800
user5256818683830922479,101300
user5943502875557601378,72300
user7383184732460699412,55300
user3029189458882600751,61300
user8291358320119380508,54800
user7303031028170998016,71200
user2877923014516378341,79300
user253193616071356802,58700
user356790047753094389,79200
user2770635419936443086,59700
user3801616714551441941,67200
user1903654268625798892,173600
user704548181026072344,69800
user5003729102634014826,58700
user4202843109555268985,60600
user888971362117164872,67900
user2185980862962593527,79400
user877919116542208166,59400
user6111845983760170954,89100
user3143391260234667693,55200
user5601663929935685097,60700
user2171362356392650036,117100
user4783577942944135408,78200
user5537808613752348536,204700
user6466748456318820265,136500
user7549412900517918079,60900
user2162208307571956557,70600
user1009539227024920839,90200
user6845870360172733897,59300
user3496842411943681128,286600
user7893479870892698366,116500
user927374241373443119,64000
user3612164134320028966,58200
user8894539289952458908,72300
user2876803093492097445,78900
user97457733076954393,61300
user1187161285951394777,65600
user8076234987743067336,83100
user6142109504609707832,69200
user7231358327582336554,64300
user1704269363843710107,56300
user2759801489579328263,62600
user4354782599041144940,67000
user1462791988733899608,57000
user369635259471985536,68700
user7874953458033469525,59100
user1218638141139843551,63300
user6483046844425185100,229700
user2678756424952131439,178000
user4519777761466569614,64700
user1558249062008895826,59600
user406139941974000556,56800
user1984927893939781184,88200
user7334289568141604907,89300
user4640345626374325581,56600
user5364094461115159948,76100
user8870206774049681490,103300
user3172534860059923675,61000
user8007693489540463094,126400
user3640966088850986383,67700
user4513971658423021037,57300
user1297123781188821389,81000
user1913586593176474702,80300
user3254586761103888298,77400
user9209027601893053648,65500
user770083378745830249,67000
user3851071839382676894,78800
user6191222984146644220,61100
user8496331012727175987,64000
user1582021617399532796,57700
user3905886191352833073,74000
user7900965855472668287,63500
user5700127303693527652,61200
user4978058350489114629,73500
user4615234834741565832,77100
user7457875550827904997,58900
user8984190260183906549,60300
user4643693572151470483,84900
user1589165956685204152,60800
user4415289969447336599,79500
user7340095671185153484,50900
user1599658241748020410,60800
user4680428387167025172,72800
user3859105967179089477,73200
user4668037905349945687,77400
user3605238110252199493,60000
user241923055278558213,56800
user8872994759314685944,57900
user5174425137492659291,56300
user5479976144003648234,70200
user3948975252628379001,74300
user5107998579435405958,61400
user7248216676200841837,60500
user6256529621179616657,56800
user8742152924561955602,66700
user4395083675051686414,57000
user3981572028841108671,66500
user6645925494878504664,71000
user6178832502329564735,54800
user3335631825731085122,64400
user760369369412996322,58200
user1720567751950074942,87500
user2523911902295224458,80100
user3289194818678394292,80000
user1950651236190630170,65600
user5767113822262921433,66800
user6931270206993843422,61500
user5358848318583751819,62600
user3110234523509797575,55600
user8149805885085992025,102600
user7437999084430855591,56900
user8280647719838722367,67400
user7556898885097888000,59100
user514535640282518921,62900
user4715366272740131945,100800
user8619686862899936408,127900
user6326191040406501795,58700
user7236044509601604235,64400
user9099511982560254387,71700
user9093924194734547693,56800
user2052132727727016848,57800
user4355342559553285388,69700
user4407803984867366678,61800
user5791676470679238520,59300
user6781683644164042356,75300
user5938475048244035132,76900
user2323967037000995225,76400
user6075341301258155934,75700
user5007077048411159728,72200
user731680499489552002,53900
user7538702300237259938,101700
user280325934534836460,80200
user5356620293830887813,55200
user8278407877790160575,211200
user7773471966497082847,72000
user8164206076438093633,57200
user8906929771769538393,71800
user6576710951556246877,92100
user1600778162772301306,113000
user7703697462662684612,52900
user2940658409675434006,224900
user517553758061063044,223300
user4458938991235022975,60200
user1470277973313869529,57200
user1597760044993757183,101600
user3299468788523368667,58200
user2481942762043959426,59800
user9123514670464431026,85100
user2523693587077382575,68900
user4708452065968000258,61200
user3758962711884825578,58100
user6008809512590573815,81400
user1046387126647988625,56200
user8981950418135344757,82300
user7458983654556488107,63800
user5199317613907577157,60300
user5095608097618326473,87200
user2760703095385767276,57600
user6338923167517879845,81200
user2138983895397762249,59500
user1814563258906491699,83200
user1734078154791435323,56500
user1236834726000471613,61400
user4768399475862051469,58200
user720286608620296731,63000
user4230306827844103623,87400
user6379337328135934416,61500
user1929884981282839537,104900
user677084462737237706,62700
user7912236416265466876,74400
user3612382449537870849,53800
user1598879966018038079,53600
user5647105917867305914,272000
user8417513972852843169,58800
user2539432014671606962,57000
user3129551029394706533,56300
user2830695914438007394,57700
user1870944407805556125,77400
user5681600890834298811,74300
user6403669844038711834,57400
user6658097661477742266,77700
user3719999872116406883,56800
user7541708600720106275,71000
user8996020781488845586,77800
user265365782670594404,97600
user8869646813537541042,60700
user9175870865168183530,57600
user5197649549666853599,61000
user2633209206410181836,53800
user605306531538247458,58000
user5099186175909011044,53500
user1846941719901379486,70900
user2166116213861241907,73100
user784141924803633292,66800
user8980842314406761647,54600
user126819648120052258,124300
user8059936599636702501,58300
user7448491369493671849,59700
user45774583492855434,68200
user2699181034565623507,61300
user3601111888745072260,78600
user1463133634028198173,152800
user555396676805200843,139400
user7600547906885574376,74400
user150044060294246566,58200
user4047220311168379673,57600
user49122529270000336,61300
user1125980870425549573,60500
user2825896647811226616,58300
user5185477383067615997,56300
user528046043123879302,60400
user3713645625856415644,55300
user9100071943072394835,94900
user8383797275615832603,73500
user6796862111246126295,56900
user8406680042495728346,103100
user1116608506387014211,57600
user1803292698113693110,85400
user3590277958387957437,60100
user6340934448879656169,64000
user5509784934951373450,61300
user2238348874962043817,61700
user6077581143306717726,70100
user6647263731120627443,72000
user8925581086531978117,70400
user4388717611495997389,64800
user8191775025337257057,54600
user2226841899485275449,76000
user8032804281173222843,55800
user6075901261770296382,80600
user8099790799742616624,96600
user2864972572187158408,59700
user2732792501192305287,72500
user4177720500626811450,60800
user8678639253672917606,59700
user8687120257373957540,92800
user3513919075780028294,57600
user2538312093647326066,54500
user1297796826308474934,80500
user8985528496426029328,64900
user8780555803818233849,78800
user628189298418143201,75000
user5757399812930087506,60400
user424336526834628618,58100
user8379671054108705370,57200
user1253474759401135013,93000
user7362760122847207344,85100
user6740822607641360434,61600
user8005795292786199867,72500
user5104432318440419173,57700
user3836441515517035617,57900
user6858602487284111947,62600
user9090357933739560908,59400
user4667696260055647122,57400
user5475289961984380553,70900
user2491875086594635236,60400
user2587767218478561019,76200
user6543335899613534876,61700
user8595914307509299438,61300
user5679361048785737019,87200
user8465289216147656778,56700
user3574321215575891167,95200
user4172692673313245204,55200
user3882661779178638765,70800
user8731442324281297461,100400
user3734630195982048160,58600
user3623434695112827555,61500
user4719504311542956964,75100
user3506774736494356938,96200
user2028130039822840209,90700
user7487454209262090544,58800
user6905817770066785108,60800
user5212049741018955207,70700
user1523081043922249384,61400
user2276751754218322064,64400
user7963371422633123173,64600
user1635167905128965417,57900
user2074797179389070708,52300
user7810754924729080198,79600
user4505159254896626123,87100
user7176097099707553024,67500
user8962304084251835020,60000
user4164440230298990738,112700
user4576271994973147137,56900
user3370686759210218467,91700
user4404797684384520341,55600
user200059145637621967,81600
user595032561693273083,88100
user4531949928065807216,65500
user8115310912118999128,65200
user3885336679836130122,104000
user7510118660924144404,56000
user3061786235095330421,89400
user4936524268846779162,59600
user8881818980136778644,57300
user7424718814103034879,78500
user8366938926997327320,55200
user9084551830696012331,61500
user7109452226432457808,99100
user8059376639124562053,229800
user7004281143824627663,72900
user7180005005996838374,113700
user6766493359786260631,64300
user2630421221145177382,76000
user4542223897910781591,91300
user6445090841073534204,81600
user7717537693502645772,66000
user7950980940816043688,58500
user951271698667290972,59800
user4279761952675338576,55200
user5042691942402433521,102500
user8954599784454023216,101500
user6031692279470469558,56600
user4211997158375962464,55400
user6044424406581847608,127700
user5364654421627300396,87300
user791286264089304648,60400
user3649447092552026317,85500
user8709337833131384049,75600
user2275850148411883051,59700
user4484722827987436269,74700
user8874674640851107288,150000
user5633700745636274319,71500
user6641457628077078866,60200
user190115003791248371,76200
user1324587499477656027,141500
user165004212158488622,230200
user2213891457156055516,60800
user5983243991056002404,60500
user4506827319137349681,57600
user4993796778083339016,54500
user7437439123918715143,59600
user5727477937374849193,77800
user4635099483842917452,62600
user8179384543520177572,67600
user2753777071317937803,62800
user6042744525045426264,57100
user8143439821530303000,73100
user2879591078757101899,71100
user1611270447835117564,104700
user392299711134039396,57900
user8814167270444915629,61300
user537200091944572781,79500
user410826123993268237,80300
user53248750777127569,82800
user4442080642616517692,55000
user27577998632227372,81900
user6107938077470885604,92600
user6437386541275722400,61600
user7969177525676671750,62600
user2983860555558493031,77200
user4173594279119684217,90900
user6420528192657217117,87300
user6178272541817424287,66600
user2835942056969415523,82600
user794086066650006888,57500
user8054908772323136255,59200
user4993236817571198568,61000
user5360186554825874598,58700
user7663956347164283586,76200
user4634881168625075569,62600
user1719447830925794046,82800
user6882375042674748917,54400
user5350035915057356905,123800
user6176044517064560281,63100
user7807966939464075744,55400
user6385143431179482993,81500
user1418924651728371349,57900
user644487686524508036,83500
user9083773554966030000,60400
user3185485302389143608,56600
user7324357243590929097,71700
user7757733538902858460,58400
user2452239201706562996,54700
user8782235685354655193,56500
user5996524261383823116,54000
user2357123773725865343,102800
user3083443850340616482,85000
user3346124110793901380,78200
user5608808269221356453,62800
user5716425691799892487,71500
user2595584602883885920,58900
user2865190887405000291,59500
user8736346821518407025,72400
user8597022411237882548,80700
user7498506454837047250,92200
user4292482262491018840,60200
user4004909525622816076,84400
user504603315731843111,79200
user2549924299734423220,98300
user4315924989883055031,68000
user6004901606301288465,85700
user8129929418688942619,98400
user5611596254486360907,55500
user8214999437511451365,60800
user8017625814091138904,58500
user6797982032270407191,73900
user1576215514355984219,55500
user5017569333473975986,61600
user2482937781165029439,65800
user379909229316959911,53600
user1879869895939464136,58000
user1484336519371672572,61900
user6427454216725046590,107800
user5300799105443963835,88900
user5466135913163687074,62500
user7350587956247969742,145100
user4075349220579683545,178500
user1962481757495569207,60100
user7457315590315764549,207500
user1026397575643426122,71800
user6884833199941152592,71100
user7351147916760110190,68300
user2035834339620652013,59500
user5507886738197110223,123100
user2439288759377343063,189600
user9119376631661606007,83100
user2055698988722003633,91100
user669380162939425902,94700
user3564047245730916792,56200
user6554606460406333465,66400
user9083213594453889552,53100
user3359634513635261761,88800
user5123518691811788462,61700
user2391513516082529454,59100
user3487128402610847201,60500
user7811874845753361094,59900
user3705381365546463392,78400
user7834757612633256837,56900
user7122402668761677741,56300
user7798594575425540382,57800
user7235484549089463787,67000
user2649507594516546671,72100
user6767053320298401079,97500
user1119614806869860548,58100
user7747906444962511436,58200
user7554099082537185760,265800
user1533686413592578739,76400
user7088126011012526727,63300
user1471386077042452639,61800
user6542434293807095863,72500
user800440312909998127,105300
user6728090480529982384,90100
user1121294688406281892,75700
user2313474751938178967,96800
user713029184727112278,102600
user7968057604652390854,59100
user7559905185580734337,57300
user175714812439146763,66200
user8317930678070719718,60500
user8408359924032149690,89700
user8386815393394376726,64000
user5256477038536623914,56200
user6026227821721219546,103900
user4694828578519126780,57300
user1121513003624123775,62900
user4491867167273107625,84200
user3113252641288341698,203700
user3713085665344275196,65600
user3821481363652793561,77800
user7657590283608594561,78000
user3596425706725804579,54700
user5383192651782227023,57700
user4514313303717319602,57900
user6417180246880072215,92500
user3418243687287190193,63800
user7082879868481118598,124100
user346639407984576696,57100
user2089415685959014199,62600
user9112462424889474320,70700
user496009227423290080,62300
user7462001772335032230,88400
user4869650834884898478,57000
user8968670147807524045,59900
user5540036638505212542,65700
user7345341813716561613,82700
user6596470370047269711,79000
user7211481861185287148,78300
user2565662727328647607,55700
user6944115418712734569,52300
user6838166060374922093,74400
user2676858228197868212,58300
user6679082231603374782,59900
user2106833995089659930,70300
user7223654027784524750,51900
user2848332538786495008,66200
user990234538435709667,53000
user7735515963145431951,63700
user7146175224152314711,64500
user1876863595456617799,68800
user6089741492610257542,66100
user8117209108873262355,63500
user5345568048255931107,68600
user4922124077494677554,78000
user3259832903635296427,67000
user1472505998066733535,70300
user3570413309286605817,62400
user5474170040960099657,89000
user54928632313548913,108900
user505723236756124007,58900
user4744615103175716713,74800
user8521783449654234301,64200
user1512247113565134561,80500
user8885166925913923546,65700
user7471715781667866157,100700
user3237728412485383015,62700
user8066302663192391526,203200
user6466530141100978382,73800
user6872442718124073107,61900
user1005972966029934054,65200
user2154722322991986636,61300
user1561037047273900280,62500
user7005401064848908559,69200
user4832367876652901127,65900
user3102200395713384992,56100
user2222828762585661313,59000
user7952319177058166467,74700
user2494103111347499242,65000
user2518665759763816329,74200
user2992124815868445283,60700
user790507988359322317,70500
user539439933993134573,85000
user7554659043049326208,117300
user8088407154342304938,66500
user7156667509215130969,62300
user9011199248570929525,93700
user4475008818654602342,90400
user3761315638540900467,58400
user235443907115356091,70200
user1825957149775746970,58700
user4860278470846363116,351100
user3594185864677242787,57200
user6859710591012695057,85000
user2650845830758669450,144800
user3860444203421212256,75600
user868546752503672804,74600
user1434663079322595736,84000
user1258160941420402694,165400
user2595024642371745472,59600
user536640131432432333,81900
user419090384303220489,76900
user4905265728876172271,60800
user2872116911472829764,105000
user423558251104646287,78300
user6526135905700731028,129300
user5581239320322193029,64700
user2071219101098386137,56900
user2528598084314492139,82900
user4481716527504589932,59800
user1104996300299917057,106200
user2764269356380754061,81500
user7125408969244524078,76000
user8254075361887383157,64100
user5584805581317179814,60800
user1582581577911673244,56000
user2054360752479880854,75000
user1737084455274281660,104300
user1095842251479223578,61900
user5348915994033076009,55100
user6668589946540558524,107700
user4022875977969904469,62100
user633435440949551330,59000
user8461381309858371428,140900
user5002950826904032495,62000
user8341486490070269006,74500
user2087517489204750972,70600
user4255759264771161937,65800
user995698996184959679,127600
user2997152643182011529,54300
user264245861646313508,57100
user8259881464930931734,56800
user1801612816577271766,60600
user8192676631143696070,87400
user8040850226265333212,54500
user7697891359619136035,63000
user8929147347526964902,63000
user2553502378025107791,62000
user6033467994454408,71200
user2400885880121064816,61800
user7707605368951969962,56600
user4107167721062430884,62000
user9132887034502966388,77000
user5906438232543445910,68000
user4050226611651226010,70300
user1940158951127813912,55400
user5394244897357183729,74500
user1578113711110247446,69500
user6938414546279514778,78300
user2117999325272129733,96300
user1995638494220439325,58500
user7571517391667831491,59700
user3374034704987363369,82000
user3565167166755197688,61100
user2968900403694250975,58100
user3243752830746773475,107600
user6779785447409779129,98700
user4525365549292276308,56600
user5689635018630711394,60100
user8496890973239316435,62200
user3586711697392970652,156600
user1814003298394351251,70100
user7027505555998821971,58200
user1551323037941066353,60600
user8156171948641681050,59100
user8142879861018162552,84600
user7213380057939550375,64000
user3207589793539057020,69900
user2388165570305384552,83700
user8720608393924182638,94300
user3409089638466496714,55500
user1835889474326422780,75300
user2578613169657867540,61000
user6993788858761811405,60900
user4152268063699753136,531900
user2759023213849345932,72200
user8999368727265990488,60500
user2458718349869765118,98800
user2529718005338773035,88500
user864638846214387454,62200
user2502149056439609611,70700
user813390755239218060,53600
user6367506806830995379,64000
user6635433209815688406,67400
user6860830512036975953,67800
user2767847434671438632,95900
user7616286334479798763,64800
user2986318712824896706,101200
user2413836322450284749,90300
user766175472456544899,65200
user1708395585350837340,55800
user4930718165803230585,107000
user8285552217075831931,82800
user72565256662036527,59000
user6877128900143340788,76600
user8516537307122826172,68400
user3687403095903677213,59600
user422998290592505839,78900
user1955337418209897851,55100
user6993570543543969522,117200
user8358344838688774289,60300
user2710014964922738330,75200
user2303542427387503157,88300
user869884988745795583,72500
user5520277220014189708,70000
user7752934272276077682,54100
user8009361553781186652,67600
user5019809175522537778,62800
user154730242313514247,63700
user5372918681937252648,56900
user174936536709164432,77000
user5173533777155163863,56600
user8928815947701609922,76100
user1031643718174834251,77500
user3684396795420830876,80100
user550492179568091279,60100
user1594412099216612281,60200
user8973916290338932174,55400
user606644767780370237,78400
user6873220993854055438,74700
user1288642777487781455,59600
user7059997101601222855,56100
user749317123838039616,82000
user5861337889906123658,89100
user2502367371657451494,85200
user3962255522956199713,80000
user7114356723669567372,84400
user7340313986402995367,57000
user7507443760266653047,104600
user3249558933790322052,85500
user3405076501566882578,58900
user6132955455789014353,58600
user5450397485569462687,60900
user1093602409430661786,61600
user1061234193904717584,68600
user3685735031662953655,68700
user7918042519309015453,82400
user5663622621191512632,62300
user2166334529079083790,57200
user7354714177755096975,104400
user3350262149596726399,65700
user8153372146080978810,112600
user930505443759500339,110300
user3723577950407091454,67400
user903601685982806149,86300
user6469423356976311622,68100
user2883169157047786470,100200
user7672220607474235838,68200
user2760143134873626828,56300
user1325147459989796475,58500
user1930226626577138102,57400
user5438007003752383202,59300
user6053236810108242522,64100
user3588939722145834658,67200
user1233828425517625276,54000
user1836667750056405111,55500
user4985532517773386764,104100
user2161648347059816109,62700
user8038392068998929537,60400
user5712517785510607137,59400
user3699575262502914815,99600
user8184630686051585701,345100
user8110843045317573330,76900
user3937144731323439964,61600
user2451679241194422548,60100
user4696839859880903104,82100
user9121056513198027351,83500
user8598142332262163444,58100
user4113086908713492558,63200
user8285893862370130496,95000
user6279754033353810965,115900
user378789308292679015,160900
user8510949519297119478,60100
user159758069627080493,58100
user8203947191936494659,69500
user1280825393082456554,86300
user5459551534390156166,83700
user1342784084338284089,104000
user9000488648290271384,61400
user7576203573687099172,60800
user297184283153341743,61700
user4339262486664762436,65100
user1674678888113826774,53300
user1926318720287852752,68600
user4655865738750708085,119200
user8274841616795173790,64300
user1032763639199115147,67200
user3820703087922811230,85800
user5862676126148246437,56500
user4619921016760833513,83400
user8747399067093363731,65400
user3662292304270917464,56200
user7527308409368004667,89100
user1424949069989761809,59000
user7899285973936246943,73700
user153610321289233351,73900
user6142887780339690163,61400
user7549972861030058527,54200
user6253523320696770320,57300
user290258259085512270,60600
user4007137550375680082,75500
user7423598893078753983,71600
user7851056000739621672,71900
user4534177952818671222,61600
user902481764958525253,66700
user1411885543053028779,82700
user3748470426822009320,59700
user5827621192669113092,52000
user8242244840582444120,56600
user1447053561139675221,69700
user6998256725563237203,63800
user5866024071925391339,57300
user7324015598296630532,61700
user5444591382525914110,56300
user7003502868094645332,69800
user222276721395048476,77900
user3074849762032063451,65400
user4345628550220451461,96800
user6302418485015864825,79500
user4641465547398606477,92700
user7427725114585881216,56000
user1623442614434355166,143200
user6481708608183062321,56700
user8654741796379069753,97900
user4556282443968584634,57100
user1650906332723189804,62100
user5021147411764660557,59200
user731338854195253437,80800
user8652283639112666078,79800
user2843646356767227327,64300
user8016287577849016125,58000
user4299066641264549748,122400
user946803831865865174,57100
user554058440563078064,77200
user7908670155270480091,68300
user5650672178862292699,68900
user6575591030531965981,60100
user4881823001484136080,74600
user2344516548517698176,58500
user6511517399130787537,60800
user8395409481702929757,65800
user3679368968107264630,132900
user2609984794235987528,90200
user9106656321845925743,58900
user3722458029382810558,63100
user4163320309274709842,63600
user4129603612037699276,63200
user1320679593188370677,54900
user8752426894406929977,85300
user8963983965788256364,85000
user7043243983593046358,59900
user7436879163406574695,79900
user1007311202272056833,73400
user3361314395171683105,113800
user867426831479391908,281900
user3622096458870704776,57400
user1525092325284025708,69000
user742391099770210143,51900
user6338363207005739397,54800
user7939587049946788417,64100
user846660576571601275,84400
user5973424751112839691,68100
user2281997896749730193,82400
user2654193776535814352,57600
user1450961467428960571,84300
user3986599856154674917,86400
user738824838775223358,66500
user6627399082019275823,64700
user6878248821167621684,85900
user6709564067670753543,81000
user2958968079143575165,59000
user5465575952651546626,73300
user8720390078706340755,55700
user5108340224729704523,57200
user8386255432882236278,119800
user324193271540364719,69200
user5359408279095892267,61100
user7280035176683589176,139300
user6702638043602924070,79800
user965890205237234463,66900
user109629899676191995,66900
user8275059932013015673,1599800
user71786980932054196,54400
user3046047807501106034,58200
user1017585172117031208,59300
user3040801664969697905,58400
user412724320747531464,77700
user3344456046553177822,56400
user4427120490752275636,84100
user1696783379263740186,98200
user6979170352191867914,150400
user957856077440821880,59500
user4294722104539580632,59800
user3777054066135124854,68800
user653641735345201515,71600
user2343396627493417280,57700
user3020035410061907272,105200
user7406180583948108252,78500
user8659209663180495551,84900
user1963601678519850103,1164200
user3599991967720791364,57700
user1093944054724960351,94300
user995480680967117796,64200
user1482998283129549793,132200
user324753232052505167,58000
user4356120835283267719,59800
user7775930123763486522,70500
user8857256331720461557,59100
user5075401803222676288,61600
user1435223039834736184,79400
user1787772585737310606,57100
user896457346697134793,110600
user2979952649269207681,60600
user7691306980845605127,70200
user3550536842889556411,59400
user4761473451794221996,54600
user6263237330029604247,59700
user1599439926530178527,53200
user7948741098767481896,55200
user4552374537679299284,91400
user4999042920614747145,65400
user6130155653228312113,55800
user106395038506560190,58800
user9221199768492291250,66600
user1837009395350703676,60800
user302430425684749872,57800
user8659427978398337434,55900
user6079809168059581732,56700
user656099892611605190,59200
user2155063968286285201,73600
user6065190661489638241,65400
user7258149000751517647,84300
user1486016400908093916,74900
user5237720493163855404,69000
user7050283092268388928,53300
user59054853820676146,66700
user8893979329440318460,76200
user3310179388804026808,79400
user7570957431155691043,59400
user574047991567640567,60000
user4430468436529420538,65100
user4003229644086394732,153300
user3463685675218811010,69800
user819756818794907085,79900
user995139035672819231,62300
user2996032722157730633,76700
user2030588197089243884,58800
user8960965848009712241,57100
user6608082576134366865,72900
user5156115468024518132,58900
user2267597705397628585,77900
user4281430016916062134,61700
user3805742936058569174,89100
user3310739349316167256,112800
user6922457803467448508,60600
user7208693875920282694,71900
user7598308064837012584,73800
user6922676118685290391,56200
user7482768027242822863,63200
user4025894095748448592,55800
user6471776283632386511,453900
user606084807268229789,83400
user6191782944658784668,78200
user8269035513751625213,105000
user7290185816452106869,80500
user8029238020178236058,69000
user296624322641201295,74000
user7348908074711548398,180600
user5586485462853601158,58600
user3635046901199924709,74800
user1715539924636508696,61200
user8335348987201365449,76300
user279984289240537895,62800
user4391505596761001843,64200
user1362430418221793826,63400
user5822935010649845411,77600
user8279527798814441471,89500
user7587597464556354443,60600
user2151716022509140299,242600
user8537521877248458688,74500
user3282155710003051722,76100
user8846204086145504851,62500
user2461953211039396923,75000
user6894205563979687954,56400
user6812600538840350682,61500
user8005235332274059419,55500
user895897386184994345,62200
user7598868025349153032,78500
user2764829316892894509,67600
user7602215971126297934,76900
user8301850605182196766,60600
user64860956864224723,59300
user5663062660679372184,57900
user6970906091881915662,63500
user7530543270537636472,63700
user4315706674665213148,60100
user6431020477720033375,62400
user7999429229230510842,59400
user6241911114609673166,96600
user7505090833610578158,76200
user2723078491859471360,79900
user494329345886868736,53700
user1484118204153830689,61200
user8907271417063836958,64300
user6048332312871132958,112700
user7611600152460531082,65900
user6746847025902750894,89000
user3940151031806286301,66000
user8602828514281431125,65200
user7960353304854579050,129400
user2677418188710008660,61800
user6544114175343517207,76400
user2981632530805629025,107300
user5404177221907859539,55900
user2902473845636997642,64500
user8078133184497330563,93900
user7144507159911591153,113600
user4646711689930014606,102500
user8846764046657645299,59300
user7247656715688701389,94400
user66759153618487950,63900
user380687505046942242,61100
user7259268921775798543,56900
user2519785680788097225,70900
user5375146706690116654,73500
user7993510041579449168,54000
user3132898975171851435,91800
user3585373461150847873,74400
user7697113083889153704,69100
user8119437133626126361,56400
user5400382400226087286,124300
user2338710445474149599,62800
user5916930517606262168,65700
user3714753729584998754,161800
user4524805588780135860,60300
user1369356442289623299,80600
user1622322693410074270,74900
user2173260553146913263,142100
user2342723582373763735,109200
user3925532525236342810,54300
user7032533383312388217,63400
user6287788161150223548,58300
user619365077596050501,60000
user7132334993312353551,58600
user3133458935683991883,59800
user6736914701352075084,60700
user2577274933415744761,61600
user9209587562405194096,60500
user2411938125696021522,62100
user7924968543376844926,62700
user5223101986593911913,67400
user2607756769483123522,90500
user59833129550658477,70600
user7823487051840458248,64500
user8439618464002756581,72000
user7470035900131444813,75600
user6827113814799965387,75900
user6562640588202746048,401800
user6906159415361083673,74200
user1231028622956923036,71200
user2975266467249940000,69500
user4626287080316522538,54300
user3046266122718947917,86200
user3448725523354568954,56100
user8806568201257432611,54700
user2865750847917140739,74100
user3437673277779612248,124200
user5953435200108277188,59900
user6064849016195339676,275600
user3096394292669836415,67900
user4063737014492586391,61700
user2272843847929036714,63500
user6563760509227026944,96700
user1924420523533589525,99100
user3706501286570744288,61900
user3997092141217491175,60500
user1346691990627569439,73700
user3220310103354737284,60800
user2066532919079118456,59900
user4997704684372624366,59000
user2046886585195608719,64700
user6400881858773707380,57400
user8143221506312461117,54100
user4168348136588276088,57000
user4336691244790845664,67100
user6768733201834822423,108100
user8467082182291591219,57300
user405579981461860108,79500
user5788098392388553949,57900
user3756847771739474669,58100
user7214499978963831271,67700
user5663404305973670749,80100
user1654814239012475154,59100
user3776712420840826289,49600
user1595532020240893177,59100
user3916378476415649331,67100
user632315519925270434,56600
user4805122473581908372,85700
user5982124070031721508,53600
user7344781853204421165,64000
user8027899783936113279,90300
user2297176363831814132,102300
user7699011280643416931,62900
user180182679240572561,61900
user8505703376765711349,76400
user5712299470292765254,59600
user1904214229137939340,74700
user7609360310411969290,70900
user3712525704832134748,62800
user6541656018077113532,75900
user2695167897666009371,91400
user5338983669482400199,78000
user1960583560741305980,81000
user4741048842180729928,56800
user3046720852620759579,59700
user5636271987510191091,109000
user1962823402789867772,82000
user5249332699250952558,86200
user2077025204141934714,82900
user1890922141514420842,114600
user2617689094033799332,62700
user4046660350656239225,77200
user6768391556540523858,68900
user5575433217278644452,66500
user2514539538256689096,56600
user1132005288686940033,72400
user5028621579048932692,73200
user2459838270894046014,213700
user7790548630333430013,55700
user4678748505630603828,89800
user2314253027668161298,51600
user3201223729983367995,59900
user6730330322578544176,105800
user2252967381531987308,100600
user3524524445450357649,150200
user7872382216159552753,58700
user6993228898249670957,152500
user7933562631685397957,58000
user2299074560586077359,56700
user28916234874350151,63400
user7950079335009604675,58100
user4969234129667021929,105100
user7556338924585747552,60300
user4151489787969770805,59500
user2732232540680164839,52200
user4837614019184309256,58900
user641469568745963913,61300
user3993857280047859370,81200
user1951211196702770618,68700
user8520663528629953405,59700
user38630244207184078,83800
user4894773443813356013,57600
user4982744532508382310,80300
user3948196976898396670,96400
user5882995505151409719,76300
user4800462362660415,93400
user5548300898815164794,93700
user3679928928619405078,89900
user4173252633825385652,60400
user5602442205665667428,74300
user3739876338513456289,55400
user2731672580168024391,59700
user7703479147444842729,85500
user5626339662959515281,61900
user5255138802294501135,85800
user2149817825754877072,58800
user9105318085603802964,81300
user2694494852546355826,65400
user7535789413069044601,87000
user406699902486141004,107600
user7239392455378749137,55700
user3585591776368689756,52600
user4414948324153038034,77100
user3498180648185803907,72500
user4025334135236308144,64700
user6460829268667758591,78100
user4140095897100515534,78200
user8293038201655801852,59800
user9115250410154478774,74300
user3033315680389727984,82300
user5791116510167098072,59000
user1028077457179847466,59300
user7359960320286505104,57600
user6658875937207724597,82500
user989674577923569219,57600
user5338423708970259751,62700
user2380461270507572748,55900
user8509611283054996699,59700
user905269750223529707,238700
user7245758518934438162,81400
user4718944351030816516,59800
user8005453647491901302,59100
user6521449723681463347,74500
user8049444314573886243,61900
user675964541712956810,67100
user1143057534261896739,68700
user7230238406558055658,92800
user8882927083865361754,1371900
user7734396042121151055,153600
user576722892225131924,56000
user9089019697497438129,76900
user9210147522917334544,99900
user5655918321393700828,96400
user4305992665332379221,73800
user1747358425119256035,57200
user3336191786243225570,76400
user2722518531347330912,60500
user4028122120501312598,58100
user1094162369942802234,60300
user3357736316880998534,116900
user6993010583031829074,89800
user4861616707088485895,60700
user3436553356755331352,158400
user1234936529246208386,59300
user2512859656720267752,87000
user3610484252783607622,80100
user5008196969435440624,53300
user7477521884711414734,78000
user7450389566247935076,55000
user5825941311132691748,62400
user8180504464544458468,64300
user8511291164591418043,60300
user7164484893620455870,80300
user4448105060877908152,61500
user5916712202388420285,58200
user1763656813225620870,140800
user3370126798698078019,60600
user3695667356213629465,60600
user4580958176992414818,58500
user3486008481586566305,54800
user5562701090167266402,58800
user461401169848784086,57600
user5344448127231650211,99400
user4844198397957840164,96200
user3711187468590011969,104300
user2665246022110771058,86200
user9024491336194448023,78200
user8972578054096809395,66200
user7549194585300076196,61100
user7675008592739240292,59300
user4929598244778949689,62500
user5625666617839861736,64000
user2580406135801801981,60500
user1732179958037172096,88600
user1901756071871535665,57600
user1506222695303744101,65000
user7646424953426124758,86100
user1945405093659222041,229600
user3837779751759158396,68900
user2645599688227261321,83100
user1849399877167783161,56800
user8989436402715314678,81300
user8280866035056564250,65200
user1413336863902664655,87400
user1713641727882245469,62100
user4873788873687723497,58400
user1802172777089412214,80400
user4130163572549839724,60400
user3446827326600305727,61600
user8914528840957021411,60000
user7031973422800247769,103000
user8225491722574267623,97000
user6284440215373078646,58200
user6973364249148319337,146600
user3975205965285419646,73000
user5824273246891968190,67000
user7428285075098021664,66000
user6905599454848943225,75400
user2855258562854324481,168900
user8706984906475309160,86700
user3878535557671511532,64900
user1924078878239290960,58700
user2192346926518282552,103500
user916881956310626861,108200
user775329521277238378,61600
user7132894953824493999,97900
user3639733083219192390,118600
user7236386154895902800,54700
user9176990786192464426,116000
user1241302592801897411,116800
user2035056063890669682,71900
user4167788176076135640,59500
user4399209896558813647,64500
user8983630299671766101,79500
user4030020317255575825,56700
user2413276361938144301,58100
user8346732632601677135,252400
user8296604462650788637,144400
user2406132022652472945,62400
user1017243526822732643,95000
user2944784631182561239,113900
user7878301403810614427,57000
user5780064264592141366,108800
user868765067721514687,79100
user3196537547964100314,100500
user5278581529686537326,60100
user6657756016183443701,80400
user714480505576748154,54800
user8152593870350996479,60700
user2506835238458877292,80400
user5496274532110013069,61300
user5833987256224802117,63900
user3495162530407259784,59000
user7374030683640005933,89200
user8856136410696180661,62200
user8469540339557994894,65800
user6554046499894193017,51300
user7301351146634576672,62000
user4526143825022258639,57000
user28356274362209703,170100
user25338156583665580,73900
user3248998973278181604,75100
user3832315294009908384,63400
user4629853341311509323,57100
user7563813091870019687,68900
user1469158052289588633,51300
user7465349718112177132,58500
user7596969828594889805,64400
user6004683291083446582,104600
user5675794787790750234,89700
user5194071471376169028,69100
user3127652832640443306,75800
user7421700696324490756,140400
user8534173931471313786,59000
user7934122592197538405,66900
user2298514600073936911,94400
user2516207602497412654,61800
user1447613521651815669,57100
user5103872357928278725,63800
user6033372161006890902,59900
user479710839316925245,55000
user2799324289859887406,70100
user6657537700965601818,89200
user1929106705552857206,76600
user4150929827457630357,102000
user5760074713587578863,64500
user8429344494157782206,88700
user5622648500061317613,61000
user527486082611738854,239900
user2930384439830459631,88300
user7450171251030093193,57000
user752105109103044070,59200
user4173034318607543769,106900
user703875135906418799,80000
user2778899680246395338,62200
user3042139901211820684,54800
user7792788472381991805,87900
user1473284273796715866,60000
user7184691188016106055,89000
user5987824942464941299,57700
user1776720340162353900,84300
user9030410523845509697,90800
user8621025099142059187,62200
user7987703938535900591,101400
user1687629330443046707,55500
user1760981912568129513,85100
user3252906879567466954,57500
user4453351203409316281,85400
user5029741500073213588,150500
user9222538004734414029,75600
user5157235389048799028,67200
user1661398617786006062,61900
user5233594271656728171,56100
user4065416896029007735,55700
user2390393595058248558,62000
user4800996252074781139,60000
user5354162136564484138,77200
user538320012968853677,113700
user7106104280655312906,82100
user7160358672113328637,69100
user3680488889131545526,108300
user1034661835953378374,58800
user5607470032979233674,56600
user4897001468566220019,61500
user1495730410240927843,61200
user3156341702563887626,81900
user5881762499519615726,68600
user7197423315127484105,93400
user226289858294662612,56500
user3211497699828342370,107400
user8791949694687489120,74900
user4036946341323405298,82700
user3764208854416233707,61400
user3831195372985627488,81000
user900023607692121578,1123200
user6755441114211303925,86500
user6439066422812143744,53400
user1945965054171362489,57400
user3379840808030911946,71800
user5564940932215828194,58100
user3914698594879227987,64600
user7879639640052737206,89300
user1177228961400718967,80400
user6482268568695202769,56600
user5554666962370853819,57100
user5324583478130298591,71500
user3508112972736479717,108200
user3368228601943814792,80900
user2629861260633036934,58800
user5984476996687796397,77100
user1924980484045729973,61900
user7112458526915304145,60000
user5247104674498088552,56000
user3631033764300310573,58100
user6602276473090818288,60300
user1456985885690351031,86100
user5096946333860449252,58200
user9132108758772984057,75900
user9020353297391623004,63600
user8627172847479906329,60900
user929614083422004911,66600
user1699023221312301978,259100
user411386084505408685,63000
user5817688868118437282,79500
user8555718462109086750,62200
user8270373749993747992,58700
user5833427295712661669,96800
user1812105101640088024,112500
user544126116012402254,81800
user7586477543532073547,99900
user3726925896184236356,67600
user6191564629440942785,59300
user8231192595007487414,82300
user4036386380811264850,99400
user7982457796004492462,72600
user5800488874205633434,58200
user5403057300883578643,94500
user8192334985849397505,55700
user3496282451431540680,76400
user658327917364469196,55600
user2065412998054837560,81000
user1473625919091014431,68700
user4870210795397038926,71700
user141779799984294314,69500
user224951622052539833,83400
user3467811896725938243,60300
user6389269652686610226,63700
user4826448689001839453,83000
user35282298430039176,61800
user803458430688542250,59800
user3232700585171816769,53600
user7901525815984808735,80400
user2028908315552822540,64200
user3425501111180374646,58000
user5465357637433704743,53200
user1131227012956957702,74600
user4226055704433765507,60200
user1845821798877098590,63100
user1370134718019605630,85800
user5657256557635823607,58500
user275298107221270214,58000
user2616569173009518436,103300
user5225560143860315588,62300
user5117712588768239885,74400
user8394849521190789309,69900
user3678809007595124182,107900
user1230250347226940705,64400
user1241862553314037859,63300
user7902304091714791066,106400
user9198535316830237390,75500
user4008475786617802861,82100
user9020913257903763452,85700
user8007133529028322646,138500
user4775873643146323604,58000
user8884606965401783098,128000
user2513979577744548648,82700
user4254639343746881041,87400
user3206469872514776124,103200
user3941270952830567197,80600
user1961143521253446428,56600
user869106713015813252,79800
user2990786579626322504,82400
user1395027194434523496,100300
user3222208300109000511,88900
user1577553750598106998,97400
user3810210802859994972,61700
user3374594665499503817,55600
user5652352060398714043,169200
user428804393636054416,88200
user2777001483492132111,58300
user7229678446045915210,138600
user3680541338379519,107800
user4948809520053529861,54800
user7010087246868176240,107300
user834270094754521790,57300
user5933010590494785120,55900
user7362418477552908779,58400
user5877967677837843473,60000
user7566271249136423362,57900
user6068196961972484578,58400
user7743333347550756852,58500
user985206711122143421,58300
user1931004902307120433,60000
user494889306399009184,56300
user4238900916152656654,137100
user2363042961376927017,82000
user2197593069049690681,58800
user5888801608194958296,95800
user4032260159304137617,54000
user2774761641443570319,63000
user8154492067105259706,62000
user5111906485724691308,59800
user6163094074735340348,102500
user8231410910225329297,63100
user3474177960281627268,57700
user1408090721371256526,72100
user8258201583394510390,68700
user1884784638645517285,77800
user6167780256754608029,72800
user3427740953228936438,63300
user3691541134706502232,57500
user8040290265753192764,62700
user6647045415902785560,84100
user3067923737964233978,162100
user1941497187369936691,65800
user4015961771197772782,59700
user1060114272880436688,74500
user8734448624764143798,57700
user8818853452464183310,80000
user1405519479497339754,92300
user525587885857475627,53300
user2470890516469002720,78800
user70107099395632852,67900
user6049670549113255737,69700
user407259862998281452,88000
user4657203974992830864,59600
user7415781508673429082,79100
user1714979964124368248,65500
user6004123330571306134,89500
user5349475954545216457,63200
user7665854543918546813,113300
user4027014016772729488,56000
user6756561035235584821,66400
user6690134477178331488,62300
user5597537708428557864,124800
user312922710747566130,59400
user951490013885132855,53300
user4392625517785282739,76800
user1292095953875255143,62100
user1016683566310592195,63800
user1724693973457202175,63400
user7523182187860877434,64300
user3701473459257178042,50800
user5224440222836034692,59400
user3237168451973242567,60000
user3595524100919365566,65300
user8044976447772460445,55700
user8219467304312877163,60800
user8316810757046438822,59700
user5915032320851998941,59700
user880937234320752289,60000
user5346687969280212003,79000
user6062950819441076449,71500
user2188439020228997202,60500
user3725805975159955460,67300
user3018355528525485928,84400
user508181394022527682,112000
user8461162994640529545,57700
user6997696765051096755,72900
user2128491610334945991,63500
user8312124575027171141,60100
user2529499690120931152,72500
user562882661385170764,59000
user5294433041888274810,60100
user7402614322953121467,61900
user4992458541841216237,57400
user1611612093129416129,60900
user77251438681304208,69000
user3419695008136826069,58500
user7609920270924109738,65300
user5218634119792486115,71500
user4729436636093632774,62800
user9188261346985263015,57300
user4244147058684064783,72400
user4961759962382749794,61600
user5060223336140592349,61500
user8165325997462374529,59200
user2073117297852649364,58700
user7824606972864739144,57100
user24230052855082470,58900
user8564872510929780229,64000
user4628515105069386544,82600
user634555361973832226,81900
user5001830905879751599,57500
user7290080585841778083,80900
user9189941228521684359,63900
user5248772738738812110,55900
user6972026012906196558,96800
user3573419609769452154,110800
user491323045404022399,92600
user5905099996301323131,59000
user7207915600190300363,79200
user6692705719052248260,58500
user3187713327142007614,73000
user1383974948859566790,53300
user2986100397607054823,54300
user1493490568192366051,89000
user5600544008911404201,74600
user4746854945224278505,56100
user7642971777038651070,268300
user4553494458703580180,66400
user2513419617232408200,75200
user1834769553302141884,58300
user4052124808405489237,71800
user3234940427220378561,54800
user8642911275074130716,65600
user7824265327570440579,62600
user2917433997501239698,67200
user8630179147962752666,58700
user1912808317446492371,57400
user7131215072288072655,82100
user3298908828011228219,151500
user6279194072841670517,63400
user7230798367070196106,136700
user9110564228135211093,58900
user3325917816398251195,77700
user6310452612812277408,57200
user1325707420501936923,155500
user1446493600627534773,61900
user211111391212578673,88300
user1394467233922383048,118200
user7863901212458512819,62100
user5733284040418397770,72800
user4452572927679333950,63400
user1488244425660957922,60700
user5504538792419965321,58500
user447000978496682478,134500
user588448182919742175,60500
user2474456777463989505,97700
user7725801953812598024,67900
user8154273751887417823,85400
user8270933710505888440,74500
user4987212399309808108,84300
user278646052998415116,110700
user8703077000186023810,89400
user768403497209408905,101700
user4072331102801139422,61600
user213339415965442679,57300
user4745175063687857161,62000
user3278029488495924489,62900
user973594505035046267,88000
user5597756023646399747,59900
user4833487797677182023,55100
user3111354444534078471,60700
user6508499281352243414,73300
user8793287930929611899,60600
user4733344542382918124,86400
user1478872061622422560,64100
user4267589786076100974,94100
user153392006071391468,75500
user5461449731144419393,105100
user3371806680234499363,63600
user2423550331783118676,113300
user3766561781072308596,64600
user4508725515891612908,56600
user7802720796932667615,66200
user2608316729995263970,60200
user7098618296075342985,55100
user1788892506761591502,92600
user2734690697946568514,63100
user8384575551345814934,96300
user4074789260067543097,62900
user9098392061535973491,60500
user934518580659114475,55300
user3674682786087996949,63300
user2958749763925733282,56500
user6867414890810506861,55600
user4885949222991263313,66200
user6066528897731761020,80300
user2752657150293656907,62100
user2832034150680130173,60900
user292156455839775497,69600
user8038952029511069985,72400
user5690194979142851842,268100
user9093705879516705810,72200
user4566774729031400892,95100
user7235266233871621904,60200
user6167220296242467581,129900
user1776160379650213452,98500
user7994743047211243161,72100
user4668816181079928018,77000
user6927362300704558072,98500
user4503479373360204779,85600
user7754945553637854006,73300
user3552435039643819638,59800
user2969460364206391423,66900
user8606966553084256144,89600
user6052458534378260191,109400
user3715873650609279650,71900
user512867576041795363,68700
user885405101122178087,66700
user8745500870339100504,57800
user2634329127434462732,60100
user6906937691091066004,53300
user9214492059642303660,58100
user3857426085642668133,87500
user5361866436362295942,55400
user4997922999590466249,66700
user654201695857341963,59100
user7124630693514541747,58200
user8086167312293743146,56000
user983308514367880194,58800
user1936251044838528562,57600
user6426894256212906142,68100
user8794955995170335457,72600
user1117946742629136990,71000
user5942942915045460930,61800
user8645369432340534391,85400
user2649725909734388554,56500
user6036720106784035804,96000
user7124070733002401299,83200
user1270551423237482179,96400
user9085111791208152779,81200
user5420028734109597023,91500
user4039174366076269304,63200
user3822041324164934009,103500
user4360028741572553069,55300
user4884281158750539755,96200
user5460889770632278945,60600
user8693257760242861097,61900
user6152820104890365973,69600
user6590551182396208037,83100
user4509067161185911473,61800
user5976099651770331048,65400
user4792731991764828887,84000
user6879587057409744463,63200
user265925743182734852,74100
user5030301460585354036,79500
user731898814707393885,85600
user2538872054159466514,213400
user5113586367261112652,81600
user3254026800591747850,92000
user3176547996959537811,96100
user7653682377319309211,56400
user7411986686991656829,56200
user2634547442652304615,58200
user5723911676379862408,74000
user675186265982974479,98700
user6968678067129051656,66300
user6643697470125640658,65400
user8209753294980043236,56100
user802680154958559919,107200
user4981406296266259531,59700
user7561585067117155681,60800
user8788601748910344218,62700
user6526695866212871476,67500
user3348582268060305055,55900
user1458105806714631927,58800
user4620480977272973961,65200
user8944667459903347406,64100
user3508454618030778282,62700
user1856314083939914848,81400
user1073737760329310166,80400
user8186310567588007045,57900
user8929034262919451805,64700
user666592177674421448,63800
user7606354009929122953,74200
user7382064811436418516,157200
user6327310961430782691,55700
user3926870761478465589,58000
user3026401473617596297,84500
user6971466052394056110,79600
user7472275742180006605,59600
user8896219171488880252,98900
user70885375125615183,65200
user1497628606995191070,55900
user8065182742168110630,198200
user8862502474251869686,77700
user6531942008744279605,75800
user4810710261407615066,59000
user1004853045005653158,69100
user3106326617220512225,60300
user4866302889107753576,75400
user5258156920073045258,135300
user1572649253360997434,67600
user3777272381352966737,85200
user969468283527919034,69300
user1631476742230767749,58600
user3073729841007782555,83000
user758689487876574978,58700
user3134237211413974214,68300
user1337537941806875960,68200
user5210369859482533863,64000
user5436327122215961858,63500
user2782465941241382123,53600
user4348976495997596363,61800
user4873228913175583049,79700
user993800799430696452,56500
user7028625477023102867,82800
user458166308679152281,82400
user7687180759338477894,66300
user4636219404867198348,60800
user3321231634378983514,61900
user6691814358714752832,55400
user4777553524682744948,60400
user8592223144611101770,59400
user2099689655803988574,67600
user2720060374080927237,60400
user9189381268009543911,77800
user3975547610579718211,59100
user3181794139490945940,99600
user8854468346455457103,82900
user8144559742554583896,83000
user7989715219897676915,107200
user6463617253932763045,55700
user5350814190787339236,87300
user7685500877802056550,58800
user9097832101023833043,74300
user2985198791800615810,80300
user252975300853514919,56200
user3689642937952239005,64900
user4981064650971960966,57800
user2593013361009969148,488200
user8357224917664493393,63300
user5927204487451236543,63200
user8311564614515030693,69300
user6626839121507135375,87700
user7803840717956948511,67400
user39968480449306857,130100
user968908323015778586,96600
user7390329071746370768,52600
user5936576851489771905,93900
user7280148261291102273,68800
user7821807170304036904,56000
user2292148536518247886,107800
user1325365775207638358,67600
user3964713680222603388,57200
user6156728011179651323,109600
user7187149345282509730,56300
user753784990639465414,83600
user3632028783421380586,89900
user6211429278542294405,85000
user6392617598463755128,70800
user8708996187837085484,73900
user6983856534211135595,58300
user7704257423174825060,84500
user2849452459810775904,76100
user7233586352335200560,59000
user5811322804562748257,74600
user5002390866391892047,164800
user6553486539382052569,72000
user4428240411776556532,98300
user2242693411687012933,50200
user4588879220181314304,84500
user4316484950395195479,60500
user6818301411273570473,61300
user2429916395338807701,59500
user4299408286558848313,80500
user6987764440500420945,73700
user975274386571467611,57700
user4504599294384485675,61800
user7712851511483378091,66600
user2440968640913764407,65600
user3017577252795503597,167800
user1345572069603288543,60900
user3812668960126398647,80700
user5360528200120173163,59900
user4530830007041526320,94100
user4180178657893215125,55700
user1570969371824576090,88000
user5234714192681009067,75400
user2247048193880925634,94800
user4156175969989038486,334400
user76691478169163760,101700
user4950707716807793088,57000
user6532501969256420053,84400
user3964495365004761505,77600
user8054690457105294372,109300
user3754276529865557897,59600
user4426342215022293305,113500
user5255698762806641583,92200
user5832307374688380773,61800
user8588210007711487634,76800
user5574313296254363556,155800
user1413118548684822772,81600
user3211716015046184253,68700
user1549984801698943574,71700
user299082479907604970,67800
user1141719298019773960,62000
user2056040634016302198,67000
user8192116670631555622,101700
user2453919083242984340,84500
user4468871315785698785,87700
user8845644125633364403,99600
user7822927091328317800,66100
user7032191738018089652,62600
user4743276866933593934,72000
user4337811165815126560,78100
user4530611691823684437,95000
user2949035754592899355,61300
user789388067335041421,71300
user2984420516070633479,55100
user6406687961817255957,65400
user3244872751771054371,66600
user907167946977792934,88400
user439856639211011122,64900
user7010428892162474805,110800
user1183813340174249875,81000
user7134563018065217557,97500
user5963927485171093446,80000
user1360202393468929820,69200
user5986031976321006858,61900
user1961703481765586876,74600
user9170843037854617284,93900
user2247161278488438731,91800
user1422490912723358134,76100
user5075961763734816736,62300
user2292708497030388334,74400
user5634260706148414767,65600
user5965047406195374342,77700
user6675734285826229880,60900
user758129527364434530,86800
user719508332890314400,84400
user4158634127255442161,92000
user9197975356318096942,91000
user4449224981902189048,65100
user4882041316701977963,64900
user6884273239429012144,63700
user1768342995244888551,72200
user5223320301811753796,83900
user763935630407983107,59100
user9065795285323243821,60200
user6421306468387199448,56900
user2072557337340508916,59500
user515655561306799817,92700
user4893653522789075117,73000
user5155555507512377684,58200
user5498172728864276296,61000
user5832867335200521221,116300
user5515372722777080144,57500
user4634321208112935121,57600
user996818917209240575,70400
user3619868434117840770,87100
user6278634112329530069,71700
user73685177686317423,86500
user6064630700977497793,64500
user3915818515903508883,77200
user6878467136385463567,73200
user6465628535294539369,172100
user7323797283078788649,129700
user6609980772888630092,98900
user6492760853758019027,58000
user5294214726670432927,61200
user4855592288827095435,61500
user593352680156851739,130000
user7577105179493538185,138600
user4294380459245282067,60800
user7170290996664004447,77500
user1436561276076858963,516700
user6768173241322681975,52900
user3778952262889388081,56800
user6327870921942923139,78000
user7314083273745954722,58400
user5103312397416138277,86200
user3473058039257346372,99900
user3475516196523750047,57300
user1281043708300298437,57400
user5178333043781944641,85100
user6032033924764768123,57900
user901361843934244357,59300
user4958181884092065223,66600
user2217582620054253184,59400
user2168574371127645582,123100
user2666365943135051954,164000
user5922736620649810745,181500
user881497194832892737,86900
user4233200043719436863,58300
user7818459224526892002,63900
user9220298162685852237,96300
user1661958578298146510,64300
user5232474350632447275,68100
user3573979570281592602,78200
user769523418233689801,98100
user336925398651742769,80000
user2870437029936408420,59600
user6632085264038543504,81900
user1533904728810420622,109600
user6368845043073118158,67600
user2199491265803953908,63900
user1352156448376819451,126600
user7010647207380316688,120300
user8743272845586236498,51300
user5735742197684801445,60700
user8710116108861366380,60100
user1940377266345655795,57600
user4552934498191439732,83900
user5219754040816767011,77400
user895337425672853897,52900
user1207585895564886845,91800
user3457879572175262433,58900
user1461453752491776829,61500
user8678526169065404509,79900
user7176657060219693472,73700
user1421817867603704589,92000
user8995802466271003703,74500
user5822033404843406398,72000
user8265127607462339863,109000
user5827839507886954975,60500
user3826727506184201690,95500
user6028126018475482773,61900
user65980877888505619,60900
user2822101826129454363,60100
user6383245234425219766,78400
user4532509888577947664,88700
user1677478690674529014,85200
user3091708110650568734,62900
user970028244040059482,59600
user7072387583418302340,71100
user6856922605747690603,104900
user4994356738595479464,93200
user3694889080483647134,224300
user4922797122614331099,66400
user4517319604200165939,72900
user2903375451443436655,73800
user2188998980741137650,73500
user3749808663064132099,124000
user5348356033520935561,67100
user8769503558243277143,58100
user418312108573238158,258100
user2192906887030423000,65700
user747637242301618272,80900
user3463125714706670562,77600
user792187869895743661,95900
user2187879059716856754,57800
user5086235733579791111,79000
user776667757519361157,90700
user8170230494699484093,91400
user6329209158185045918,98200
user1851067941408506719,60200
user8142101585288180221,74700
user5128764834343196591,60100
user2902815490931296207,63200
user6772859423341949656,72700
user3652018334425943089,89700
user8631299068987033562,56600
user8340595129732773578,74100
user2038062364373516019,57400
user5260384944825909264,92900
user2533625911628058385,57700
user5281929475463682228,79000
user7852175921763902568,92600
user6867974851322647309,62600
user5312411311531060989,64600
user2595366287666044037,61800
user1825615504481448405,57500
user1468038131265307737,57700
user2792739911086356498,61900
user8770405164049716156,92600
user3128212793152583754,86500
user8028118099153955162,58900
user10937965231563972,58000
user3632588743933521034,82700
user2398657855368200810,62800
user4642025507910746925,92500
user8259103189200949403,85800
user2824776726786945720,62900
user2021204015755010736,66700
user7355274138267237423,59200
user7851397646033920237,85800
user7838665518922542187,128800
user2650067555028687119,88700
user649733829055916165,98300
user2280318015213308849,158700
user95229708324090387,54700
user945352511016229298,64000
user3283275631027332618,70000
user7828173233859725929,63000
user9119936592173746455,58500
user8418073933364983617,88200
user87525408526278583,64400
user5343669851501667880,59000
user8878800862358234521,67100
user8355213636302717069,109800
user1251794877864713669,60600
user4218581537149493372,66400
user10719650013722089,107200
user6179610778059547066,93600
user781913900050769286,59400
user487185006601197380,238700
user8562757570784429320,96800
user5789996589142817176,64600
user6170238414021011704,85700
user8806008240745292163,89900
user9009861012328806746,60800
user1083110124367845528,91900
user1154451425131152010,174800
user2171922316904790484,81000
user8302752210988635779,56800
user3463344029924512445,61000
user7561025106605015233,86800
user4209757316327400672,73300
user2833714032216551517,86800
user3106668262514810790,56700
user3349142228572445503,59400
user7472835702692147053,86800
user4286676159447470263,169300
user4679308466142744276,56000
user5218074159280345667,81500
user4947689599029248965,56400
user322855035298241940,113900
user5383970927512209354,77400
user7664174662382125469,61200
user86405487501997687,58600
user6266803591024591032,60900
user181302600264853457,59900
user5926862842156937978,56500
user5811882765074888705,55900
user1042695963749790957,78800
user6871322797099792211,69500
user7347799970982965288,81700
user527827727906037419,59000
user2723638452371611808,75500
user5425274876641005152,126000
user9051395093971142213,69100
user1335858060270454616,71900
user7588157425068494891,65400
user128499529656473602,90800
user8988876442203174230,80500
user5584245620805039366,61600
user7229460130828073327,59000
user3248780658060339721,122800
user7338415789648732140,91000
user1798824831312267312,64600
user6367165161536696814,56700
user901921804446384805,60700
user74793281414900533,65500
user6174924596040279385,58000
user5234932507898850950,65500
user6129377377498329782,57600
user2567000963570770386,60700
user4740488881668589480,71500
user9187483071255280684,64700
user5661724424437249405,217200
user8681532469548250846,64600
user7637725634507242941,113600
user5295334647694713823,59100
user4381791587428167916,90500
user6481148647670921873,305100
user858832743170838877,82800
user5922176660137670297,56200
user6658657621989882714,74900
user8178276439791594462,55000
user6506271256599379408,54300
user2297736324343954580,57800
user4933849368189287805,57100
user6439844698542126075,57100
user1281385353594597002,65600
user9209805877623035979,62000
user834157010147008693,69500
user4860496786064204999,74400
user8418292248582825500,90300
user7312963352721673826,103700
user7515924763967692981,64700
user6604734630357221963,118500
user947363792378005622,63600
user25898117095806028,60200
user98795969319077172,62900
user3576219412330154394,81100
user3710067547565731073,67000
user6201496953991618595,73300
user1130667052444817254,85800
user2970020324718531871,67300
user4363595002567539854,86500
user4110733982057417669,86200
user3579785673325141179,107300
user8653621875354788857,68200
user8050782550816009022,84500
user3579225712813000731,58200
user3359416198417419878,109000
user8083939287540879140,63400
user5448499288815199460,77100
user1974653924094806809,85800
user8885726886426063994,59400
user274519831491287883,238200
user7264515064307206672,59500
user2479142959483257186,59000
user3508672933248620165,76800
user39408519937166409,56800
user5799710598475651103,61900
user7186589384770369282,56900
user4600604510875924555,81400
user7928316489153989828,82500
user1983807972915500288,58300
user1236056450270489282,114900
user4952262696441003549,63500
user155290202825654695,78300
user7747688129744669553,146500
user6280313993865951413,582800
user7451509487272215972,80500
user6783351708404765914,71800
user5336743827433838407,61900
user4947907914247090848,73100
user5954213475838259519,67900
user8049662629791728126,61000
user7906430313221918299,58800
user4169686372830398867,57200
user5273895347667269645,63100
user325313192564645615,58200
user6494659050512282254,201800
user49900804999982667,149900
user1482438322617409345,65500
user8086727272805883594,106100
user2225503663243152670,79500
user6075682946552454499,61000
user7268982931108632470,71500
user1901974387089377548,57200
user3337530022485348349,85100
user7044476989224840351,59500
user3705941326058603840,79100
user5335075763193114849,76200
user7481648106218541967,65400
user6027566057963342325,73400
user264805822158453956,85900
user5076521724246957184,80400
user6733336623061390513,77900
user4299968247070988761,72400
user3463903990436652893,70500
user5800830519499931999,75900
user2129051570847086439,70500
user232209045945724286,60400
user7257370725021535316,68200
user8359464759713055185,80000
user3779512223401528529,92200
user212779455453302231,71500
user2177946735166180944,52000
user7473054017909988936,76000
user8746620791363381400,98800
user5949308978601149955,91100
user4515651539959442381,87200
user3166833987626703884,82900
user1562375283516023059,102800
user2291370260788265555,491800
user1608812290568713889,85200
user1106334536542039836,56400
user4187652825177487260,129200
user2050794491484894069,72300
user4151708103187612688,70600
user3849951918358395998,63300
user7397368180421713338,59500
user6213669120590856197,121800
user4444538799882921367,58300
user993240838918556004,55500
user7562145027629296129,57100
user3424941150668234198,65500
user3788106311710081560,59200
user1452859664183223798,59800
user5903980075277042235,56800
user8290580044389398177,62800
user5385090848536490250,85200
user2098009774267567230,80200
user8087847193830164490,55000
user1457327530984649596,63300
user3093936135403432740,72600
user4651179556731440404,77100
user7245198558422297714,59300
user3947295371091957657,76400
user1154669740348993893,72200
user7692085256575587458,153200
user1434881394540437619,75200
user422438330080365391,58100
user1673570784385243664,72800
user8004675371761918971,87000
user164444251646348174,113300
user8918323662638793664,57500
user476579636930868025,83300
user7801382560690544836,61100
user4189551021931750487,73000
user979960568590735292,101900
user1368454836483184286,53200
user1155011385643292458,92200
user9004054909285258169,57100
user7560246830875032902,67000
user6642577549101359762,56000
user6882935003186889365,57300
user466647312380192215,60900
user2994912801133449737,54900
user8419412169607106396,54700
user4480596606480309036,85900
user4076469141603964441,62300
user4707892105455859810,73800
user2996251037375572516,61000
user9122176434222308247,60900
user5335635723705255297,59600
user4492208812567406190,86000
user5814889065557735042,127500
user626851062176020422,150300
user8528149513209923326,87900
user8402553820988601113,65800
user2935972227656166325,57700
user6289686357904486775,61100
user7943494956236073767,73100
user1172201134087152721,60800
user2765047632110736392,101100
user638681583480959459,76700
user4655305778238567637,62100
user5673896591036487007,84400
user7811314885241220646,61800
user6552148303139929790,60500
user2422430410758837780,72500
user5511577901095307891,62500
user2635107403164445063,83900
user7571299076449989608,62500
user8515417386098545276,57000
user3119058744331890275,59000
user4237107950008722213,57000
user4062398778250463612,80200
user5245206477743825325,90400
user8390723299683662076,112200
user72005296149896079,97400
user2800444210884168302,58400
user879817313296471393,88500
user3270325188698112685,70000
user4508507200673771025,111400
user8336800308051001325,59800
user1749256621873519262,71700
user7197641630345325988,62700
user1122632924648404671,55700
user4519559446248727731,63700
user3495722490919400232,63000
user3468371857238078691,88600
user1384534909371707238,61600
user5849165723306886056,67900
user6669149907052698972,75000
user639241543993099907,78800
user8584862061934342732,66800
user3599432007208650916,62200
user1006532926542074502,60000
user165564172670629070,61300
user3519838263431089968,73900
user6382685273913079318,68800
user3371028404504517032,72300
user6103924940571271468,103600
user7637270904605431279,127100
user8553260304842683075,68400
user7007080946385329903,71600
user3300247064253350998,94600
user3438233238291752696,91600
user5095048137106186025,64000
user5564380971703687746,61900
user226071543076820729,72700
user6847550241709155241,60900
user6475229460019860199,58000
user5733844000930538218,66800
user9220858123197992685,139900
user3821823008947092126,78600
user5746016167529775820,109000
user1495388764946629278,56700
user5950087254331132286,103300
user450567239491669263,59400
user1357962551420368028,74300
user8312684535539311589,83900
user4528931810287263093,54300
user1700921418066565205,68100
user6285000175885219094,58500
user2481382801531818978,100900
user5927764447963376991,61400
user4919665920228273879,130400
user576941207442973807,79300
user4429908476017280090,89600
user1291877638657413260,62400
user2793299871598496946,96600
user6642359233883517879,59700
user5184357462043335101,63400
user1370694678531746078,55000
user1746798464607115587,56900
user674066344958693583,69800
user2936303627481521305,148800
user2735798801675151624,72000
user1494050528704506499,62200
user6395635716242299251,366600
user7358292256045781546,70400
user5816008986582015938,60100
user1006191281247775937,76200
user69547138883492404,82300
user8103803936642230760,110400
user5621540396332734503,67000
user4293820498733141619,64600
user7169057991032210454,78400
user3345016007065318270,70100
user2171580671610491919,69700
user3354170055886011749,55800
user3777614026647265302,54000
user1397485351700927171,79000
user7355834098779377871,166700
user4439292657351513238,60900
user7577323494711380068,57800
user3651240058695960758,60000
user7083439828993259046,62400
user5915592281364139389,76600
user7599209670643451597,58600
user8707657951594962705,94000
user2277530029948304395,117600
user1027735811885548901,79700
user1053748209324747663,235100
user6470656362608105615,61500
user5109118500459686854,61500
user4393185478297423187,59400
user3043807965452544242,73000
user2858824823849311266,283100
user2384027531502559533,61500
user8369397084263730995,59200
user720846569132437179,78600
user4100801657506741859,54900
user4930158205291090137,87500
user2258213524063395437,57100
user8140981664263899325,83400
user2714814231549519108,76800
user5609368229733496901,89400
user3673344549845874170,60700
user679872448002242160,65500
user467767233404473111,59400
user3947855331604098105,83100
user3700135223015055263,74800
user1974093963582666361,101800
user753225030127324966,84100
user5031639696827476815,88100
user4442298957834359575,63300
user4084503269400377024,74900
user1603566148037305760,64100
user4287796080471751159,64800
user6015175576146262840,74100
user8697052581924633350,66800
user4191230903468171831,62100
user1848061640925660382,56200
user7714189747725500870,68000
user8443184724997743366,76800
user5131862188015395,62300
user7005961025361049007,141400
user8516195661828527607,56300
user944905635111601947,68600
user5184139146825493218,55200
user7850277725009639341,168500
user2974146546225659104,57000
user7428845035610162112,69100
user5460111494902296614,86500
user1587827720443081373,76300
user8404781845741465119,61100
user5113804682478954535,57700
user3964153719710462940,63500
user3458439532687402881,57600
user8384917196640113499,85800
user5549420819839445690,55400
user2759583174361486380,57800
user802898470176401802,59700
user1121854648918422340,58500
user8192894946361537953,80100
user1117386782116996542,94100
user4078697166356828447,79700
user4753769151996410192,73900
user6515643620637914770,82600
user1857434004964195744,78300
user6328089237160765022,87300
user7167719754790087675,86800
user2048554649436332277,69900
user7133454914336634447,54400
user5163932852429843033,75800
user9043577709565817312,71600
user7043025668375204475,59900
user3951203277381243007,55700
user6400103583043725049,67400
user2325646918537416569,71000
user6710124028182893991,63000
user77593083975602773,56500
user2003237563407922343,73300
user5245984753473807656,67300
user1972195766828403134,78200
user773649639740817034,81400
user3002617100931261541,62300
user2131166510992437348,55300
user5757181497712245623,76500
user3904766270328552177,54900
user1462573673516057725,58200
user401672075172574758,56200
user5696779357916382750,85800
user3828407387720623034,58000
user3720559832628547331,57700
user6025886176426920981,58700
user5595297866379996072,97400
user5219194080304626563,117300
user7994961362429085044,78400
user36950362670762734,103800
user8482820609885815606,67700
user6928263906510997085,70200
user8458488093983038188,72800
user8028678059666095610,141900
user1901196111359395217,82800
user642029529258104361,67500
user4234214734133388973,57700
user7860210049560315151,58500
user1513367034589415457,57700
user1279145511546035210,66100
user5343109890989527432,71800
user6752434813728457588,59000
user6158407892716072667,109900
user7962033186391000394,110100
user691484654089339314,78000
user98577654101235289,60400
user6384023510155202097,76500
user5652912020910854491,57900
user6229738948010435564,90600
user1710075466887258684,61400
user3582573658590145633,71600
user6223819760359373890,92500
user1027517496667707018,66000
user701976939152155572,69900
user3328157658446812987,92500
user6181290659595968410,82800
user820429863914560630,124100
user2606076887946702178,111300
user6275627811846683732,58500
user8175258322013050339,78500
user187886979038384365,109600
user7983796032246615241,86400
user5071275581715549055,108700
user417970463278939593,61300
user7224432303514507081,62500
user968130047285796255,119100
user9111342503865193424,77700
user2197033108537550233,87700
user3276691252253801710,66300
user3032755719877587536,94200
user4625727119804382090,68000
user3821263048434951678,56600
user1593073862974489502,66200
user1298575102038457265,85800
user7441017202209399714,76600
user6037280067296176252,66400
user2419642425493833326,68000
user8917763702126653216,77700
user4156394285206880369,81300
user6858042526771971499,62700
user6893987248761846071,62100
user6113857265121947278,69700
user2931057484950113176,73100
user2750429125540792901,64200
user1677137045380230449,93900
user4174372554849666548,65900
user9158899431942165150,57700
user2804570432391295535,92000
user1547196816433939120,56500
user3810770763372135420,70600
user6404789765062992730,94700
user2643141530960857646,109500
user5167167713599474838,60800
user1331171878251186935,52800
user3333403800978221116,54600
user1195425546261347029,67100
user5304033966613595640,59800
user8477014506842267029,63500
user4877355134682710282,56800
user5429961058660272833,62400
user6867756536104805426,67300
user7642070171232212057,64900
user4283669858964623926,94700
user5538368574264488984,97700
user8254635322399523605,58400
user2508173474701000071,62500
user3986258210860376352,57100
user8267355632215203869,83500
user8906151496039556062,220100
user8747180751875521848,59500
user5120730706546784008,58800
user3771247963091576277,66000
user2694276537328513943,64700
user2666024297840753389,66100
user814292361045657073,55000
user2750989086052933349,98100
user4986870754015509543,58100
user1872612472046279683,57600
user7611040191948390634,72100
user314260946989688909,62600
user3183587105634880381,58700
user630977283683147655,57700
user6519551526927200120,73900
user5653130336128696374,61300
user4551596261949316953,78500
user890651243653586216,74800
user304328622439013099,69700
user2283336132991852972,128900
user8768165322001154364,90600
user502375290978979105,58000
user9048823852097225441,57500
user2555730402777971797,60200
user5486902168071477707,59900
user5087014009309773442,100300
user3486350126880864870,205300
user3497620687673663459,110300
user2430134710556649584,58100
user2328105075803820244,56700
user8926683869787648,90300
user3535358375807472472,59100
user8974476250851072622,60100
user390059869085477604,56500
user461619485066625969,82800
user4152828024211893584,133300
user2866310808429281187,65000
user4283328213670325361,57400
user3333963761490361564,56400
user3561029127952372669,81100
user9208467641380913200,113200
user1735186258520018433,72400
user1309627347613413971,86900
user7372132486885742706,75100
user6688019537032980579,64000
user1484896479883813020,59400
user6231418829546856908,96400
user3293881000697661973,72600
user501037054736856326,58600
user1820929322462180724,67000
user622943155886735072,60000
user378229347780538567,55800
user1280265432570316106,58200
user2288022315011120653,66300
user5212268056236797090,72900
user8612212695615664273,69100
user205305288169030096,91600
user1109122521807044290,80100
user7757951854120700343,127600
user4743836827445734382,63400
user8634317186765577685,72200
user1198213531526351483,60500
user7939928695241086982,76600
user8481700688861534710,57000
user8960405887497571793,91100
user467538672717687643,61500
user4112413863593839013,80000
user8302192250476495331,59400
user4734122818112900455,77200
user9111124188647351541,75400
user5129543110073178922,245500
user2644821412497278990,87000
user1925198799263571856,65400
user2550702575464405551,87700
user7776490084275626970,97800
user2070659140586245689,86300
user5913912399827718045,58200
user3153883545297483951,87900
user7819019185039032450,60300
user8253515401375242709,82500
user6075122986040314051,68500
user2734130737434428066,60600
user650293789568056613,157800
user1953109393457033845,82400
user4607188889649455463,60300
user8044198172042478114,107500
user9180557047187451211,87800
user8821311609730586985,79300
user8069308963675237863,58300
user5772919925306470010,53800
user2177168459436198613,66100
user7708725289976250858,60000
user8655301756891210201,56100
user6300738603479443481,58800
user3677689086570843286,58900
user172708511956300426,63800
user4650619596219299956,66700
user1600559847554459423,56500
user2656651933802218027,60700
user4352989632897210499,85000
user9214273744424461777,73100
user8653403560136946974,75800
user7917264243579033122,68500
user7797474654401259486,63600
user1378168845816018213,58800
user8632637305229156341,55400
user6015735536658403288,79200
user2951823739857903809,92900
user5188265368332620451,95300
user401453759954732875,87500
user6382125313400938870,101600
user6354661595112104232,58800
user2639015309453730413,86000
user2214451417668195964,59800
user5548860859327305242,74400
user4677410269388481049,73500
user456933303047358288,90300
user6040846328291163037,82800
user2405023918923889835,127200
user478372603074802466,57500
user7274229073640040599,63300
user3004296982467682885,56400
user5647324233085147797,61000
user543566155500261806,65600
user2765607592622876840,59600
user1310747268637694867,91800
user5257036999048764362,58900
user4860838431358503564,62600
user2980294294563506246,58000
user1718887870413653598,65200
user4355560874771127271,84700
user1367676560753201955,86300
user2055480673504161750,78100
user5827061232156972644,115800
user3233042230466115334,66200
user1688749251467327603,70400
user4871549031639161705,95100
user4585084398499542051,148000
user1845261838364958142,71400
user7962811462120982725,56700
user4314026793128791804,93500
user5255917078024483466,86700
user6389051337468768343,82900
user2985758752312756258,93300
user8286453822882270944,72300
user2833154071704411069,59700
user8908049692793819289,81700
user2408371864701034737,69100
user3244312791258913923,54600
user6202616875015899491,68500
user3537256572561735699,77000
user7446263344740807843,78800
user2164436332324820563,62400
user946243871353724726,174000
user6510957438618647089,142700
user3905326230840692625,191800
user3929098786231329595,86100
user4867982770644174920,63900
user1505662734791603653,79200
user2051012806702735952,79200
user3594745825189383235,271000
user1583359853641655575,125000
user8880699059112497748,72600
user4596136644074498757,61300
user8368837123751590547,83200
user6894765524491828402,88400
user4288916001496032055,65400
user9174637859536389537,69400
user6994908779786092301,211400
user3029749419394741199,67500
user9210365838135176427,83900
user305996686679736657,242500
user6405909686087273626,56100
user9109444307110930197,64800
user6188764826880240545,88100
user1769462916269169447,75400
user7220306082007379848,59600
user2850012420322916352,94600
user989892893141411102,103000
user3633926980175643813,96400
user3436895002049629917,85800
user9063007300058239367,61200
user1583141538423813692,151700
user3452851744861696187,57300
user6325082936677918685,74000
user2140663776934183593,57400
user3082323929316335586,91400
user5560473065414402396,57500
user2186540823474733975,74000
user5702585460959931327,109600
user1423610833747639030,62700
user1951989472432752949,166900
user2254087302556268204,56200
user5118272549280380333,123000
user1200671688792755158,119300
user7550532821542198975,564500
user8494432815972912760,58100
user4474790503436760459,77000
user7189937330547514184,78700
user1820369361950040276,62200
user2928486243076196404,70600
user7715309668749781766,73900
user6282542018618815419,69700
user3009543124999091014,90900
user8553820265354823523,217900
user2648947634004406223,100300
user4629075065581526992,106400
user1693995393998735732,79400
user5058543454604171005,62500
user6747406986414891342,152400
user3007863243462669670,70600
user2506275277946736844,69300
user1110242442831325186,57200
user8880139098600357300,60800
user6180170738571687514,62100
user9096164036783109485,66800
user406918217703982887,86300
user1459225727738912823,61400
user2895889466863466734,78200
user3382080650079473738,66200
user8066520978410233409,62400
user4706553869213737031,58500
user4158074166743301713,76800
user2803232196149172756,84400
user1219976377381966330,55300
user6532283654038578170,69300
user4980846335754119083,168000
user6741382568153500882,76900
user3815675260609244984,76000
user6213109160078715749,60200
user8885385241131765429,58700
user8648375732823380728,75200
user6630405382502122160,87700
user5085334127773352098,94400
user518113718573203492,83000
user4356680795795408167,54300
user2979734334051365798,57800
user1798606516094425429,68600
user4695719938856622208,80100
user3233260545683957217,94900
user7927196568129708932,60200
user2574600032758253404,58700
user7509558700412003956,77300
user6305766430793009727,80300
user5840011674486192577,101500
user9094484155246688141,77100
user4188212785689627708,76300
user6110291004126960493,62000
user5484114182806473253,85100
user8748300672899802744,74700
user4399769857070954095,70700
user1702589482307288763,58400
user7521843951618754655,90000
user6212549199566575301,108600
user6834039838867794860,60700
user4277522110626776784,56000
user3050952304738215598,57700
user5947629097064728611,62100
user7948181138255341448,55800
user2931504360854740527,62200
user5486342207559337259,61000
user3262291060901700102,57000
user8280087759326581919,70100
user3585031815856549308,80600
user6202056914503759043,69400
user1715321609418666813,58600
user1473065958578873983,60800
user7344221892692280717,91900
user1804630934355815889,81800
user7609141995194127407,80900
user8824099594995591439,90700
user1100528433498491259,64000
user8837609997836951820,66400
user2677636503927850543,90100
user7792228511869851357,58300
user2760361450091468711,79700
user6816508445129636032,67600
user2524253547589523023,58300
user4398991581340971764,58100
user5838891753461911681,67500
user3623216379894985672,83200
user2847772578274354560,241900
user6283101979130955867,59100
user1985487854451921632,59500
user7725023678082615693,71400
user4393403793515265070,59600
user2056818909746284529,81900
user2879031118244961451,64300
user8611652735103523825,87300
user8177156518767313566,57000
user4237780995128375758,67000
user7218407885253116621,79000
user2664686061598630610,80700
user1808538840645101239,505200
user5821815089625564515,88400
user1594753744510910846,53600
user8304090447230758558,58800
user298522519395464522,76800
user8050222590303868574,68200
user3369908483480236136,251100
user3348923913354603620,101800
user7686060838314196998,62800
user1619864536143670595,78000
user5692093175897115069,64800
user9046148951439734084,60800
user4182406682646079131,109300
user8747740712387662296,74800
user6159186168446054998,54600
user9101410179314517614,66900
user3859665927691229925,65300
user4064856935516867287,81000
user3155003466321764847,75900
user4697399820393043552,89900
user7483546302972805194,74700
user9198753632048079273,99800
user7438559044942996039,85100
user7801600875908386719,89300
user2138765580179920366,63100
user3011211189239814572,63400
user161096305869203272,59800
user4162542033544727511,79400
user482385739974416602,80400
user2820981905105173467,74900
user8837050037324811372,94300
user4291922301978878392,57700
user5332617605926711174,77600
user6935521330404181538,64300
user3470830014504482366,62500
user8762359218957605787,53200
user5481314380245771013,72700
user1332291799275467831,62000
user8756553115914057210,91600
user3426061071692515094,57600
user832042070001657784,81100
user6986084558963999601,85300
user8241124919558163224,58700
user627411022688160870,73000
user6518991566415059672,85400
user9006513066551661844,161400
user5148754385347759094,60300
user6746068750172768563,65500
user6009027827808415698,66300
user6565440390763448288,83600
user3803284778792165499,94900
user6982736613186854699,80100
user2355008833580514434,83300
user4607748850161595911,66700
user4420194466684446163,70500
user6084495350078849413,99000
user4470104321417492778,84000
user356571732535252506,58800
user5498514374158574861,61800
user3402505259692965806,61100
user7484666223997086090,59700
user3357176356368858086,83100
user9061887379033958471,58800
user2286902393986839757,57800
user3991504353391784481,76800
user6202275229721600926,145300
user7129876836045949876,84000
user3654133274571293998,149400
user996258956697100127,84700
user5439905200506646429,62500
user1813784983176509368,97900
user4526703785534399087,74400
user8885945201643905877,178000
user8768725282513294812,82600
user3973307768531156419,86900
user8994900860464564690,64300
user885063455827879522,58500
user7049163171244108032,57100
user6088073428369533984,96400
user6409475947082260411,69700
user3298567182716929654,120800
user7215059939475971719,61100
user202287170390485973,86700
user1066033460531498362,72200
user5386198952265073360,59800
user3824829309429938463,59700
user5917490478118402616,67200
user2366061079155471140,77600
user3438793198803893144,93000
user8568563673827977897,73100
user5162699846798049040,116200
user5482434301270051909,89800
user8834591880058407697,94000
user4816847764276518623,80300
user575602971200851028,81800
user3953443119429804799,105600
user7474173938934269832,60000
user4751541127243546186,77500
user890309598359287651,86200
user1402171533720194852,323100
user416632227036816814,73800
user7334507883359446790,88000
user1826735425505729301,68300
user8538081837760599136,61800
user2766167553135017288,62500
user9136234980280111290,68300
user6368285082560977710,73300
user8949913602434755535,99700
user3503986751229352484,57400
user8328422963133535976,73400
user106281953899047093,56600
user4168566451806117971,138200
user3973867729043296867,226000
user8231970870737469745,59000
user6201715269209460478,68900
user6856704290529848720,74400
user5591389960090710722,68500
user5388657109531477035,59900
user890091283141445768,95200
user531953949413164652,87600
user8616898877634931954,83300
user598380507470417985,130700
user3249340618572480169,55300
user7030853501775966873,82100
user5707613288273497573,126500
user5098626215396870596,61500
user3322351555403264410,64900
user6015953851876245171,58700
user4893995168083373682,83600
user150604020806387014,83300
user2478924644265415303,152200
user3257044918370291973,61800
user4494107009321669417,67300
user6103251895451617923,101100
user2803450511367014639,77200
user4429348515505139642,77500
user8358904799200914737,112100
user3857986046154808581,123200
user1464471870270320952,82900
user7272549192103619255,53400
user8588428322929329517,73700
user4509285476403753356,85400
user4408923905891647574,67700
user1132906894493379046,237200
user5135349213116727499,66500
user1562156968298181176,80100
user8753546815431210873,102200
user4265131628809697299,82100
user1610710487322977116,75100
user4904705768364031823,125200
user3804404699816446395,56400
user6131835534764733457,92800
user201727209878345525,60300
user2869098793694285641,63200
user6168340217266748477,57700
user1450401506916820123,63600
user5469483858940831976,204500
user4413610087910915255,155000
user8135175561220350748,74400
user8181282740274440799,54800
user8517875543364948951,65200
user994579075160678783,111600
user6756001074723444373,73500
user3293662685479820090,55700
user3419476692918984186,58100
user3601330203962914143,69000
user2176048538411917717,91900
user5310513114776797762,124200
user4926810259513945235,77200
user3889587803246468238,60600
user8622145020166340083,63000
user867986791991532356,95100
user5439345239994505981,311700
user8928929032309123019,61200
user2942109730525069882,83000
user4644253532663610931,53800
user5073503606468413061,62000
user1406857715739462533,82100
user3054860211027500948,64700
user6871882757611932659,65000
user2097014755146497217,58300
user3217522118089732830,68300
user6572137854144492293,70000
user7096160138808939310,61400
user1693777078780893849,64900
user8416394051828562273,64300
user3385646911074460523,68000
user2844766277791508223,77800
user6957625821554094950,81200
user1703709403331569659,81600
user174376576197023984,76400
user3041019980187539788,59000
user281664170776959239,70500
user1835329513814282332,50600
user8781115764330374297,83300
user2684562527995680016,59900
user7322677362054507753,86800
user4199265031264584414,78100
user5923296581161951193,80200
user4181846722133938683,60600
user7199321511881747332,65700
user3963375443980480609,59200
user3447045641818147610,74000
user2777779759222114442,62500
user2891203284844199053,124000
user3271103464428095016,85000
user2903593766661278538,79700
user6179392462841705183,68600
user1913368277958632819,72900
user5912244335586994487,72800
user7149753302442999282,78300
user983868474880020642,56000
user3913360358637105208,67200
user7578443415735660964,99600
user252415340341374471,63100
user7829293154884006825,58000
user8104705542448669773,100200
user4178280461138951898,73400
user1356624315178245249,58400
user6189324787392380993,65200
user3104988380978389446,102700
user2937423548505802201,97500
user8355886681422370614,88400
user4520119406760868179,77200
user4810928576625456949,79700
user6680980428357638009,58400
user4756008994044971984,55700
user8836271761594829041,67200
user4463065212742150208,69600
user3118498783819749827,111600
user3505654815470076042,132100
user6730548637796386059,91800
user2534404187358040716,69100
user4257657461525425164,64100
user903041725470665701,60100
user403351956708996102,62900
user8635985251006301243,92000
user7583689558267069093,106600
user4778113485194885396,77200
user6629627106772139829,100100
user7019801256201010167,57400
user1176214270986766857,83000
user5857429983616838308,55300
user3588379761633694210,73000
user1276139211063188873,66100
user1632814978472890528,91300
user5963367524658952998,64200
user8054348811810995807,57300
user7000154922317500430,59600
user8427446297403518979,75500
user2980512609781348129,93700
user3841127697536303298,83700
user5483554222294332805,61900
user7424158853590894431,59100
user3963935404492621057,70200
user4056592675206915035,60400
user7800262639666263940,64400
user8439058503490616133,72900
user60174774844957042,64800
user8397307678457192984,62600
user6780563723139761460,57800
user3408871323248654831,77800
user1658827375912089290,59100
user7113578447939585041,60800
user8080361209250194569,61400
user8621926704948498200,84200
user3882443463960796882,67200
user4651739517243580852,103400
user3800496793527161045,86500
user9083991870183871883,129600
user314042631771847026,69700
user3553554960668100534,57000
user1105774576029899388,60600
user1220318022676264895,85100
user8108271803443656558,56400
user5221422105057490569,92600
user2413058046720302418,101400
user2777219798709973994,84700
user5986591936833147306,115500
user549590573761652266,66100
user4178498776356793781,88800
user3902308113062148502,54600
user8166104273192356860,83200
user4950147756295652640,61400
user4343057308346534689,94200
user3408642762561869363,99700
user3732172038715644485,96200
user3447387287112446175,81300
user2326985154779539348,72700
user4481374882210291367,86900
user7575985258469257289,68200
user6988884361524701841,70900
user8325634977868531522,74100
user8281985956080845146,69600
user1937370965862809458,58000
user7506210754634859054,62400
user8983848614889607984,58800
user4368841145098947983,76700
user5715865731287752039,62000
user5333955842168833953,73000
user1398158396820580716,74100
user554836716293060395,58500
user2006585509185067245,57300
user3651458373913802641,60100
user7803280757444808063,84000
user7901744131202650618,58000
user4274515810143930447,254500
user8962085769033993137,69500
user428462748341755851,53600
user2177386774654040496,60100
user668820202427285454,77300
user1371254639043886526,80800
user5596636102622118851,56600
user4167446530781837075,77900
user1324027538965515579,101200
user181520915482695340,57600
user77811399193444656,92300
user714262190358906271,101000
user7589495661310617670,77900
user5789218313412834845,61100
user3061899319702843518,59200
user9134006955527247284,101200
user3760860908639088805,170500
user7724463717570475245,85500
user5004070747928313391,59100
user9069808422222857957,79300
user8618018798659212850,93900
user8710676069373506828,68300
user3848831997334115102,61300
user5414222631066048446,89300
user2154504007774144753,78800
user3561589088464513117,106600
user2793518186816338829,61000
user2858046548119328935,90400
user7687399074556319777,79400
user4118551366462742570,61100
user327541217317509621,81900
user5340321905724522978,71800
user2355568794092654882,59000
user8917982017344495099,87800
user5805735016737041563,96700
user2418304189251710547,94000
user1923300602509308629,59700
user8544666216534130044,75200
user3507894657518637834,59200
user5675234827278609786,95500
user2891421600062040936,83000
user4755667348750673419,88200
user8165544312680216412,61800
user4941210450866046843,84900
user2380679585725414631,71800
user5780624225104281814,61600
user5905318311519165014,74800
user2551604181270844564,63400
user9169391717004981408,59700
user3650120137671679862,65000
user6274507890822402836,62300
user1007871162784197281,92800
user3871496448996168962,61000
user6744388868636347219,366200
user858054467440856546,61700
user1873732393070560579,77100
user7008189050113913013,91000
user7816561027772628775,77800
user5455083667588730368,73800
user7567391170160704258,57900
user4267029825563960526,77800
user6642017588589219314,61500
user7009308971138193909,87100
user5624546696815580840,80700
user1064800454899704369,60600
user3974427689555437315,134400
user413844241771812360,62400
user1685731133688783480,103400
user2372975285927602827,54100
user1814344943688649816,331300
user2187100783986874423,74600
user7531663191561917368,61700
user9187141425960982119,66100
user5003169142121874378,60000
user3975765925797560094,60900
user4061278857226182716,74800
user2447553019687295315,59100
user7164153493795100890,93700
user2348642770024825409,94300
user5698459239452804094,83500
user2264797902836926345,67300
user7839225479434682635,86300
user755123226881588193,59400
user4640687271668624146,84500
user6256311305961774774,67500
user3122966650621175625,79500
user2540770250913729741,61300
user7835317573145397285,59700
user2721958570835190464,59900
user8039730305241052316,58800
user1433543158298314840,61500
user565670646650175218,74100
user780015703296506059,58500
user3639514768001350507,53400
user7828951509589708260,66700
user1445933640115394325,61200
user3388105068340864198,101400
user7435211099165851137,88400
user6668808261758400407,63500
user1704487679061551990,60300
user6503813099332975733,81100
user1802732737601552662,62800
user1070719642550766043,67500
user4030580277767716273,75700
user4121786227632374375,81000
user6535289954521424507,62900
user5947069136552588163,96500
user7464789757600036684,64600
user8523121685896357080,80300
user9000147002995972819,71100
user627069377393862305,138500
user3008204888756968235,129300
user8943994414783693861,83100
user4156735930501178934,107400
user654979971587324294,80600
user702536899664296020,88600
user6747966946927031790,89900
user8454236970572700072,64100
user8833471959034126801,88000
user1269431502213201283,82600
user6097787437702367911,84900
user6861950433061256849,3099500
user7107212384383896016,66900
user3747910466309868872,59900
user874571170765063264,77400
user8152033909838856031,63700
user1056319451198664435,96400
user2893101481598462280,97100
user5369900564158708525,125700
user3300807024765491446,75000
user548252337519529487,58400
user5828399468399095423,69900
user6503253138820835285,82900
user5936016890977631457,88800
user6335128345836107592,84300
user1939039030103533016,90600
user780793979026488390,212800
user3207029833026916572,85400
user4732784581870777676,63000
user1437121236588999411,59800
user1152771543594730666,78500
user2755115307560060582,56600
user2992684776380585731,76700
user5453963746564449472,75000
user4089749411931785153,60700
user264587506940612073,73900
user8289460123365117281,93500
user7429404996122302560,62400
user26458077607946476,55200
user4127705415283436049,125800
user5497954413646434413,81400
user2655532012777937131,58300
user2765949237917175405,105900
user1574547450115260661,88500
user770861654475812580,88600
user857494506928716098,118000
user1583701498935954140,64200
user1187379601169236660,55100
user4001891407844271953,217800
user5801608795229914330,83600
user9043017749053676864,98100
user3236608491461102119,63300
user154170281801373799,72400
user6994130504056109970,82600
user3721119793140687779,102200
user5197089589154713151,75700
user5322685281376035364,256900
user3311859270340448152,79400
user274738146709129766,68500
user472784815249095772,283500
user3724137910919231902,125600
user768963457721549353,61400
user6618014900685042675,61500
user3338089982997488797,77300
user4238227871033003109,112100
user3858546006666949029,57900
user7835099257927555402,56100
user5030861421097494484,87000
user5471942016207235651,75500
user5564599286921529629,89000
user4551036301437176505,58300
user7878519719028456310,102900
user4057370950936897366,114000
user7942934995723933319,54800
user4804904158364066489,106200
user8405901766765746015,83300
user4054364650454051029,59700
user1043255924261931405,58900
user3573201294551610271,60000
user3112132720264060802,59500
user7690747020333464679,77200
user3573761255063750719,78000
user7048490126124454487,101300
user2643701491472998094,56100
user7097280059833220206,56800
user4463625173254290656,58500
user8969230108319664493,71900
user4287236119959610711,58100
user6291926199953048567,71600
user6190663023634503772,67100
user2656091973290077579,81300
user4190670942956031383,63600
user7105544320143172458,68500
user7336187764895868134,68700
user8903363510774551608,56800
user48562568757859888,62800
user8646477536069117501,56500
user3849173642628413667,69300
user1996871499852233318,93000
user3820921403140653113,86200
user3199543848446946651,60400
user3551096803401696859,80200
user7591723686063481676,139900
user5008756929947581072,81400
user6873002678636213555,56100
user4366613120346083977,104600
user6669368222270540855,85000
user7246318479446578610,73300
user8658089742156214655,100300
user5465917597945845191,72900
user4100241696994601411,104000
user9038891527546549631,83100
user3096175977451994532,100500
user4481156566992449484,109000
user4085623190424657920,58600
user4266469865051820078,62800
user648395592813793386,81800
user5508446698709250671,120100
user4700966081388030337,77300
user1396365430676646275,112800
user7528428330392285563,75400
user8773411464532562493,58800
user8647597457093398397,64000
user2451460925976580665,73800
user8016505893066858008,61200
user8142661545800320669,87400
user8769285243025435260,104300
user5915810596581981272,91800
user8106156863298305649,58200
user2904153727173418986,70600
user2539991975183747410,317400
user5169738955473391610,76100
user3507553012224339269,59900
user3299127143229070102,79700
user2754896992342218699,60100
user5087573969821913890,55500
user7409975405629880505,103800
user7218967845765257069,57000
user7100298177611764329,76000
user302990386196890320,86400
user6415282050125808988,57900
user5176105019029080635,62900
user1913026632664334254,69700
user8300512368940073987,91100
user5109678460971827302,58300
user187108703308402034,61400
user6460610953449916708,99900
user2403344037387468491,86600
user2667144218865034285,82100
user1695675275535157076,63200
user2265139548131224910,80300
user4502701097630222448,78500
user6317036991585808316,92700
user2491096810864652905,62800
user5038118844990678937,74100
user6533061929768560501,292500
user651961853808780171,69800
user1632596663255048645,60100
user769741733451531684,76800
user2578394854440025657,70700
user3218082078601873278,76600
user289138338061231374,55800
user5230246325879583269,163900
user5850503959549008835,59900
user1084230045392126424,61300
user616358777113204164,108100
user3429409017469659996,64400
user5590051723848587943,90500
user2156962165040548428,63400
user6482486883913044652,106400
user1828963450258593307,80400
user8243023116312426451,79000
user4042752444366953875,64200
user151712124534970124,80700
user6340043088542160741,78200
user664134020408017773,65900
user8418852209094965948,86100
user3145289456988930920,80300
user246609237297825894,74400
user6514305384395791991,75800
user4734682778625040903,56300
user2534185872140198833,96100
user3519506863605734988,58300
user3835881555004895169,180100
user2756235228584341478,90300
user6583190099719448999,61700
user6653629794676316468,72100
user4791063927524105329,106500
user3539371512707086608,56500
user763157354678000776,85400
user5690413294360693725,87900
user7339754025890854919,82600
user8315702653317855712,108100
user7701799265908421385,137600
user2507613514188859623,78200
user8682652390572531742,74900
user2028348355040682092,62000
user3916938436927789779,57100
user2891763245356339501,68600
user7383963008190681743,128800
user5322343636081736799,62200
user3931898588792031835,79800
user253535261365655367,82400
user1460333831467495933,110100
user8958177862744707787,78900
user8664455805711903680,79100
user5036885839358884944,89000
user4861056746576345447,59100
user8406461727277886463,58300
user780234018514347942,61500
user4189332706713908604,63600
user5872161574794294896,86600
user2998490879424134308,119900
user6580837173063374110,62600
user3942049228560549528,69000
user3985479935130394021,86700
user8085607351781602698,134100
user4870989071127021257,55100
user1611052132617275681,69400
user6696500540734020513,58900
user9089797973227420460,83000
user7983577717028773358,59200
user7539480575967242269,79700
user7759071775144981239,54200
user1104436339787776609,80900
user8018185774603279352,63300
user1335079784540472285,76000
user3154443505809624399,61400
user6299400367237320702,122100
user4268149746588241422,59900
user6834599799379935308,74700
user8033924202197503739,85200
user7470595860643585261,57700
user5338642024188101634,65400
user3130670950418987429,64600
user6801548293265393976,73900
user3173873096302046454,77000
user2541890171938010637,103700
user4036168065593422967,62100
user6745727104878469998,67700
user774769560765097930,70400
user1810996997911504914,87900
user1452081388453241467,58900
user5480536104515788682,59100
user2897227703105589513,101400
user7998196223598716849,80700
user8611092774591383377,84000
user1184373300686390323,56200
user1110460758049167069,132000
user6812382223622508799,57900
user1935131123814247666,64200
user8452681990939489611,62100
user1073177799817169718,75100
user4315146714153072700,60700
user6431580438232173823,60400
user27236353337928807,68900
user8792168009905331003,57000
user4198705070752443966,85200
user5654250257152977270,62800
user6051338613353979295,58500
user7528988290904426011,83500
user2517545838739535433,63300
user3938482967565562743,85300
user7087566050500386279,85600
user5926644526939096095,53700
user8038050423704630972,67300
user439296678698870674,61100
user5965265721413216225,66200
user888411401605024424,56100
user8870766734561821938,159100
user5516824043626716020,88700
user2416076164498846541,80500
user5695659436892101854,241500
user7260936986016522101,58100
user6129937338010470230,73100
user2137085698643499022,63300
user9110004267623070645,96200
user7674448632227099844,79500
user2099907971021830457,70400
user5213387977261077986,74000
user7824047012352598696,84600
user9121616473710167799,55700
user1369014796995324734,64800
user1819591086220057945,81400
user1018923408359153987,78200
user1101648354522772155,57400
user5245424792961667208,63200
user2767287474159298184,120200
user2382359467261835975,68800
user5111346525212550860,121000
user4711800011745145160,342000
user5357180254343028261,252400
user7208133915408142246,76800
user5223661947106052361,76100
user5415560867308171225,72700
user5337863748458119303,67100
user8163086155413812737,58700
user3861677209053006249,60300
user4844540043252138729,62100
user4855250643532796870,61300
user2282216211967572076,63300
user6525357629970748697,123800
user8771743400291838935,160800
user5924964645402674751,108200
user7234146312847341008,59200
user6744948829148487667,56700
user7912578061559765441,77200
user2377113324730427846,107400
user3303595010030495900,81100
user3552995000155960086,73100
user5487680443801460038,55600
user1759643676326006734,58700
user3424162874938251867,79900
user2740496800990117091,76400
user4282768253158184913,61800
user3349702189084585951,76200
user7916704283066892674,224500
user5043924948034227514,90000
user9083431909671731435,59900
user2110741901378945280,231400
user4859936825552064551,94400
user1687411015225204824,83000
user6553268224164210686,351800
user6169460138291029373,60900
user4334576304645494755,59300
user8235318816514614647,58300
user9088678052203139564,109700
user7136242899601638901,90100
user7686839114044179329,65000
user9088459736985297681,70400
user7538142339725119490,80300
user1604126108549446208,61800
user6778665526385498233,88100
user1153891464619011562,59500
user2512641341502425869,117800
user665253941432298669,110800
user4969794090179162377,63200
user6757339310965567152,59400
user3006525007220546891,90700
user3474396275499469151,62600
user88085369038419031,86300
user6284221900155236763,101900
user2378781388971151404,87000
user2880710999781382795,83100
user7471934096885708040,56400
user139551775231430308,94800
user1662518538810286958,75300
user3551875079131679190,56900
user7863228167338859274,85100
user8170790455211624541,60800
user2474238462246147622,91100
user5938256733026193249,60600
user7301911107146717120,56900
user4998482960102606697,75400
user5333395881656693505,58300
user2265917823861207241,57200
user5023375436517524563,56600
user6118885092435513524,101500
user379007623510520898,97700
user4161982073032587063,69200
user4452012967167193502,77200
user1814904904200790264,74100
user2440626995619465842,137500
user8369957044775871443,77400
user2318160933957446648,64900
user1237736331806910626,91400
user5301359065956104283,65200
user3279262494127718482,84500
user7688518995580600673,87400
user6158066247421774102,186500
user1808757155862943122,61200
user6459491032425635812,65000
user3901748152550008054,60900
user868205107209374239,70500
user7362978438065049227,85100
user3665298604753763801,65800
user6032812200494750454,61000
user7086227814258263500,73000
user7484106263484945642,77800
user4327318880752310302,73500
user7130996757070230772,83400
user75353241927040981,90200
user1458665767226772375,73700
user6735576465109952305,68300
user1143399179556195304,60200
user6031132318958329110,69800
user2463073132063677819,57900
user5244086556719544429,56300
user3248220697548199273,80200
user1010659148049201735,79300
user3984919974618253573,58900
user8577376077354372811,81400
user7880199600564877654,79500
user4382693193234606929,66600
user2550484260246563668,86600
user5382851006487928458,224600
user6425214374676484798,74500
user6651171637409912793,93200
user4629293380799368875,60000
user2060166855523429431,73900
user4409483866403788022,74000
user8351418814620944816,80100
user8295266226408665858,84600
user76473162951321877,88900
user7087347735282544396,87600
user3254805076321730181,70800
user9105536400821644847,98600
user4627955144557246096,118300
user2415516203986706093,74900
user3826509190966359807,66700
user8518995464389229847,74400
user5674114906254328890,82800
user2161088386547675661,178000
user8993002663710301463,58200
user1599999887042318975,68300
user501255369954698209,80000
user5427733033907408827,74800
user5085115812555510215,75700
user7780056345270613755,57700
user4364041878472167205,82700
user3721898068870670110,63200
user450908884785967828,78100
user6610540733400770540,68700
user8846422401363346734,158100
user1462013713003917277,96400
user152832045559251020,79700
user6680202152627655678,59400
user5313531232555341885,84200
user5457871652853734822,59300
user733578696243815229,70300
user242141370496400096,66500
user4665798063301383895,70700
user331119295608194192,81100
user3685175071150813207,86900
user4231861807477314084,64400
user9099170337265955822,61800
user7735734278363273834,89200
user7764877878188529816,58000
user4193458928221035837,74600
user3950095173652659897,59500
user3117720508089767496,57200
user1001286784010666373,96200
user387053568602631267,75000
user5428292994419549275,85900
user3046939167838601462,59800
user2393411712836792681,59500
user2236555908818109376,76300
user120795229858661798,60300
user5473061937231516547,76100
user917441916822767309,53900
user1244320710580441534,63000
user4465076494103926532,84100
user7714749708237641318,78100
user7804400678469088959,59000
user2960088000167856061,61800
user596152482717553979,110300
user6767831596028383410,57000
user8003442366130124978,53500
user8113517945975064687,64500
user5887008642051023855,109200
user3786986390685800664,78300
user2947137557838636128,93300
user7636824028700803928,96400
user4002109723062113836,120000
user2109062019842523936,94900
user6583750060231589447,85200
user5975539691258190600,69900
user8344161390727760363,85200
user8451230670089853735,74900
user8771183439779698487,58300
user2990444934332023939,56700
user8873773035044668275,69800
user1367116600241061507,107400
user7879421324834895323,63400
user4141215818124796430,122800
user4961200001870609346,143500
user5904758351007024566,95100
user2760921410603609159,68000
user161656266381343720,89400
user2255425538798390983,88100
user3942609189072689976,78400
user4029242041525593494,56100
user9000706963508113267,98500
user990452853653551550,91300
user3382858925809456069,91200
user3184925341877003160,60600
user1561597007786040728,82100
user370195219984125984,98800
user3827847427208482586,58100
user4862176667600626343,78800
user6542994254319236311,58900
user2605858572728860295,92500
user5525978092447409499,59000
user3095834332157695967,73300
user3130110989906846981,56100
user3976885846821840990,82000
user1898968086606531211,64100
user8533955616253471903,69300
user3900080088309284496,103700
user4301306483313111540,68500
user4894213483301215565,59500
user6812713623447863779,84500
user3924412604212061914,61600
user6509059241864383862,228500
user5186037343579756445,76900
user4776433603658464052,65200
user3727144211402078239,73000
user6317596952097948764,81000
user4224500724800555046,69400
user4066524999757590845,72100
user4887287459233386092,59700
user2051354451997034517,57700
user8989654717933156561,86300
user253753576583497250,66400
user6151481868648243194,58200
user468658593741968539,58200
user9168831756492840960,72000
user2941891415307227999,87400
user8313804456563592485,112300
user2049674570460613173,85900
user6223932844966886987,74700
user7599427985861293480,76600
user1243200789556160638,73100
user5790338234437115741,84300
user342844586302804443,102500
user5859098047857561866,55300
user3515152081411822287,65700
user165782487888470953,86500
user4574820674123511261,70700
user6887621185206157046,76300
user3992737359023578474,81000
user8571238574485469254,87500
user6301298563991583929,62700
user7257930685533675764,85300
user6005461566813428913,89800
user6168558532484590360,61000
user4474677418829247362,289600
user6958733925282678060,93600
user8522903370678515197,91000
user6154499986426787317,65500
user8212541280245047690,86300
user6607522615622226417,59600
user2062625012789833106,71500
user1248228616869726884,84600
user8077573223985190115,90800
user758471172658733095,79700
user663574059895877325,84800
user7038339486355936794,115800
user5823153325867687294,82800
user4744396787957874830,115200
user7270321167350755249,106700
user3072951565277800224,76100
user8884825280619624981,56900
user2077803479871917045,61600
user2287244039281138322,77600
user2677076543415710095,54600
user8186870528100147493,74300
user34722337917898728,72400
user2176826814141900048,71200
user1722465948704338169,58800
user4305214389602396890,60400
user8416954012340702721,94000
user6619134821709323571,121100
user2254647263068408652,64800
user3052185310370009591,70400
user4911071831919720848,150700
user8301632289964354883,73800
user2531397886875194379,55300
user1825055543969307957,150400
user9199873553072360169,86400
user46334544004995882,58600
user2675738307173587316,57600
user1074297720841450614,69300
user5254018881270220239,70400
user2281656251455431628,82500
user1610492172105135233,88300
user8998808766753850040,59700
user4937975589696415038,81900
user8544106256021989596,81100
user8400655624234337886,76400
user5118832509792520781,54100
user4767621200132069138,88400
user4519217800954429166,86100
user6484726725961606444,69400
user280544249752678343,70800
user5129324794855337039,120100
user7261496946528662549,66500
user1551882998453206801,70400
user4760135215552099217,58100
user4276183874384654005,90800
user3383418886321596517,65300
user515095600794659369,60000
user3671104707797312378,61800
user8090305351096568165,60400
user8973697975121090291,165700
user7346120089446543944,76500
user8155052027617400154,76400
user3479424102813035397,128500
user8412267830321435040,61900
user2190118901765418546,64200
user1770695921900963440,207300
user6482828529207343217,83800
user8472328324822999348,58600
user8236438737538895543,67800
user8704091690599975920,260600
user1924638838751431408,107000
user7114138408451725489,60500
user6856362645235550155,66100
user5585925502341460710,78300
user8754325091161193204,101700
user2463291447281519702,84300
user5012323190942567857,56100
user4050786572163366458,125700
user2505715317434596396,70200
user1885457683765170830,59600
user3233820506196097665,94500
user1198773492038491931,97900
user8064062821143829734,93100
user3837219791247017948,95000
user339153423404606775,75000
user4382911508452448812,102200
user5664742542215793528,69600
user5213947937773218434,92500
user2132399516624231341,86600
user6903919573312521881,99800
user779455742784365611,83900
user3871609533603682059,102600
user7508998739899863508,75200
user7840345400458963531,74500
user1816243140442913043,64000
user315380868013969805,55200
user4211437197863822016,61900
user5587823699095723937,87900
user5221982065569631017,77400
user5223880262323894244,76500
user203065446120468304,90900
user3227454442640408640,76500
user4140655857612655982,90800
user4405015999602362224,79800
user3126532911616162410,63600
user105162032874766197,79600
user4174932515361806996,100800
user8482260649373675158,75500
user6564320469739167392,96500
user3347244031818182276,101200
user4960080080846328450,62100
user5684948836611443713,61400
user3683836834908690428,77900
user7893366786285185269,69700
user1890703826296578959,153900
user7336747725408008582,78100
user3331723919441799772,62400
user4212215473593804347,88600
user4440960721592236796,79300
user3169186914282778773,54300
user4619361056248693065,56100
user6877688860655481236,73600
user7002942907582504884,85200
user3634828585982082826,81800
user7434651138653710689,62100
user7538920615455101821,54900
user6860270551524835505,82700
user1758970631206353189,99900
user1446275285409692890,60100
user8043078251018197218,115900
user5952875239596136740,68000
user8742712885074096050,81400
user6470874677825947498,108900
user2441186956131606290,97600
user3031087655636863978,65000
user4823213827832207648,59100
user7585357622507792651,71500
user5145841498179543757,141900
user2291930221300406003,64000
user2868538833182145193,57500
user7021139492443132946,84000
user1573987489603120213,98200
user9154991525652879800,57100
user6429352413479309817,67200
user8663335884687622784,128000
user8327863002621395528,62200
user7994629962603730064,65200
user2130171491871367335,72800
user1944845133147081593,84600
user7822367130816177352,58900
user1587267759930940925,73000
user440634914940993453,67200
user8521223489142093853,73300
user879598998078629510,78000
user2558748520556515920,57000
user3507334697006497386,56000
user8993562624222441911,53700
user648613908031635269,55900
user7250444700953705843,87200
user994360759942836900,62700
user2758463253337205484,54700
user4530270046529385872,89200
user9188821307497403463,66000
user8753205170136912308,54500
user6869654732859068653,62700
user693942811355742989,84700
user3226894482128268192,78500
user7662276465627862242,99800
user1028295772397689349,57500
user5964487445683233894,94200
user6319276833634370108,71900
user1144177455286177635,87800
user7085107893233982604,79700
user7123510772490260851,203200
user1169069931701095501,57500
user845322340329478496,88000
user6531163733014297274,58200
user7566831209648563810,63600
user4931838086827511481,81900
user2256545459822671879,74900
user1594193783998770398,104300
user496569187935430528,58100
user5202895692198261728,59600
user176616418245585776,66500
user2904713687685559434,61900
user6515083660125774322,59000
user8512069440321400374,63600
user6504591375062958064,52400
user2315932909204582642,53800
user7681033011000630752,70000
user2529158044826632587,91800
user1847160035119221369,93200
user140659878960013418,57700
user5787538431876413501,62400
user4754889073020691088,56000
user8295826186920806306,84700
user3848053721604132771,85500
user4617462859494429838,74700
user4166668255051854744,58100
user7400934441416700123,100300
user6100793738185214248,101800
user9072939624608915177,76100
user231089124921443390,71000
user8780897449112532414,86500
user7651671095957532887,103700
user5323463557106017695,63300
user5700687264205668100,57300
user4541103976886500695,80900
user7564373052382160135,62400
user3736858220734912166,73200
user4585986004305981064,62800
user9087339815961016785,120900
user4817967685300799519,82600
user3945957134849834878,62900
user4550476340925036057,110600
user3007084967732687339,119100
user1457545846202491479,76300
user7082101592751136267,66000
user5591171644872868839,72500
user1936032729620686679,67400
user9197415395805956494,96400
user4834826033919304802,101000
user8708777872619243601,60400
user4834266073407164354,77800
user8502697076282865012,86200
user5572085271501499550,99300
user8087287233318024042,63300
user5848605762794745608,64100
user1714761648906526365,103200
user195921106834796948,85100
user9094825800540986706,195200
user8054130496593153924,72600
user4525583864510118191,64300
user4867422810132034472,64200
user1237176371294770178,80300
user8139313600023175767,65600
user722526450668858523,81500
user2867978872670004745,68700
user1857993965476336192,77200
user7752032666469638669,172400
user7164266578402613987,172700
user8582290820060425960,66800
user1709515506375118236,57600
user3085123731877037826,94300
user6520889763169322899,66400
user1862120186983463425,93000
user8341268174852427123,89700
user5152767522247373230,87100
user1005640680888162,68000
user5587263738583583489,104100
user5585365541829320262,80600
user8483598885615797937,58600
user4073669339043262201,101800
user3425282795962532763,92700
user4382351547940308364,66400
user6156168050667510875,55100
user8752645209624771860,61100
user9110222582840912528,119100
user5131222991609600266,66300
user3925190879942044245,70400
user6093319570900942113,58100
user166902408912751849,56000
user1118506703141277438,79800
user4169126412318258419,70900
user5084555852043369767,85000
user8709556148349225932,82200
user6311572533836558304,65000
user5570405389965078206,60400
user1326485696231919254,54200
user2710128049530251427,68800
user6949579876461984581,83600
user8584302101422202284,71600
user2440408680401623959,67800
user2516767563009553102,228500
user1739324297322843452,72900
user3623994655624968003,58600
user4677970229900621497,67000
user4639567350644343250,58800
user1812665062152228472,84500
user3875622670503296195,98600
user6288908082174504444,94000
user9007073027063802292,99300
user7693205177599868354,57700
user3144511181258948589,92500
user2156402204528407980,60700
user4026454056260589040,61100
user8859154528474724784,95800
user6923349163804943936,62800
user6377999091893811637,113300
user5879087598862124369,74000
user185428821771980690,66800
user6037498382514018135,175500
user7220866042519520296,94000
user1067153381555779258,77900
user3931338628279891387,65200
user565110686138034770,92000
user389841553867635721,65300
user7231918288094477002,97200
user6280873954378091861,63300
user6866854930298366413,94600
user3799718517797178714,91700
user2303760742605345040,62700
user1460893791979636381,58300
user438176757674589778,72700
user1055646406079010890,70100
user4654745817726427189,71200
user8131609300225363963,88600
user5346128008768071555,86500
user2088855725446873751,69000
user3982805034472902664,72200
user539098288698836008,55800
user3863232188686216710,79800
user372423244736989990,91400
user4630194986605807888,87100
user3074289801519923003,59500
user6702419728385082187,77800
user901703489228542922,61000
user6337803246493598949,120500
user7131775032800213103,56400
user5179671280024067420,354700
user7385642889727103087,61100
user4529491770799403541,73600
user7581791361512805866,71400
user7481088145706401519,67500
user6872661033341914990,93000
user8863062434764010134,59400
user3910572373372100754,98800
user7475842003174993390,64100
user4042192483854813427,78700
user5328149739125285376,56700
user1986939175301557508,107600
user1474404194820996762,74000
user2669932204130038739,64700
user6643137509613500210,64100
user5821255129113424067,57000
user6381565352888798422,147100
user6112965904784451850,77500
user4480814921698150919,113000
user4165548334027573848,58900
user1498736710723774180,88200
user2957629842901452386,95600
user4384031429476729708,67500
user49340844487842219,73000
user948918772011216083,55600
user8290798359607240060,91700
user3143951220746808141,93200
user472453415423740792,61600
user5445151343038054558,105700
user6753213089458439919,72200
user2073458943146947929,66600
user1902534347601517996,80900
user8075675027230926888,76100
user8873554719826826392,68300
user1829523410770733755,62200
user5531224234978817628,57200
user8808921127913507500,89200
user6493320814270159475,110300
user6905039494336802777,62600
user7961473225878859946,83200
user6893427288249705623,69200
user6654189755188456916,64900
user408038138728263783,57300
user5590611684360728391,86300
user8494651131190754643,71200
user1449281585892539227,58500
user7701239305396280937,115100
user6039178264050439479,126400
user3801056754039301493,85700
user7356954019803658767,88900
user3144729496476790472,64900
user6636553130839969302,58300
user6986644519476140049,65200
user6163312389953182231,90000
user7394796938547796566,59500
user1451739743158942902,77600
user8995242505758863255,86600
user2424888568025241455,59600
user3715313690097139202,80600
user7835659218439695850,61100
user198379264101200623,60600
user9104758125091662516,62800
user8878240901846094073,61100
user7456195669291483653,59400
user3231922309441834438,73100
user1551104722723224470,140400
user411946045017549133,70100
user759031133170873543,99400
user421878369568224943,146600
user1846381759389239038,58700
user2348424454806983526,58800
user4695046893736968663,109600
user3108006498756933569,100500
user5527316328689532278,61900
user6823765869022820485,87700
user1799384791824407760,57200
user1327045656744059702,56300
user4982184571996241862,109400
user88303684256260914,65600
user6615786875932178669,82400
user3997423541042846155,90700
user5410314724776763096,116500
user6949361561244142698,121500
user3478864142300894949,87300
user2940876724893275889,74100
user6751874853216317140,94600
user3687963056415817661,57900
user8510731204079277595,84300
user5097287979154747817,73500
user8561306249934793444,84900
user6130497298522610678,62200
user3436335041537489469,115200
user6294932500435894904,54400
user5078189788487680742,101000
user5822593365355546846,106000
user1226902401449795803,94900
user8492752934436491416,123900
user6619694782221464019,63900
user5003510787416172943,73700
user1561255362491742163,109300
user5635598942390537546,66200
user7052957992925880285,54500
user176834733463427659,63800
user1133685170223361377,73600
user2452580847000861561,122600
user7818240909309050119,82800
user6267581866754573363,87900
user3258712982611015531,131200
user5923856541674091641,56300
user3815456945391403101,91700
user3464245635730951458,56800
user1584479774665936471,62200
user6943442373593081024,95700
user7635932668363308500,56100
user2492995007618916132,90600
user4949027835271371744,224500
user2745182983009384772,101500
user6276735915575266842,93200
user1686291094200923928,88900
user3342557849798914595,162600
user643367765500227140,71900
user3700913498745037594,75400
user9186363150230999788,84300
user3533565409663538031,56600
user5657038242417981724,59100
user7247096755176560941,71400
user6961192082549081735,113600
user8654181835866929305,97100
user7472494057397848488,117200
user6200936993479478147,62400
user3923852643699921466,57400
user7121842708249537293,103800
user9061109103303976140,73900
user4056032714694774587,85100
user8407799963520009242,80900
user9199313592560219721,88300
user5707053327761357125,102800
user3458657847905244764,83800
user6312132494348698752,78300
user27018038120086924,68600
user7107772344896036464,75700
user5630134484641287534,98000
user8396187757432912088,105900
user4958741844604205671,59000
user8401775545258618782,56200
user3155781742051747178,61100
user5767000737655408336,61100
user623503116398875520,74200
user3095616016939854084,70200
user1951771157214911066,110300
user3134797171926114662,100700
user6752653128946299471,62900
user6050230509625396185,71900
user7976651692960943885,94400
user3698455341478633919,77700
user5311073075288938210,58200
user276977988757691558,166000
user8018745735115419800,111500
user7170072681446162564,73600
user5107438618923265510,56500
user7812434806265501542,60800
user296282677346902730,69200
user6112405944272311402,79000
user5812661040804871036,91600
user8924348080900184124,61500
user7082319907968978150,74000
user7119602866200975501,90600
user6646485455390645112,200600
user3777832341865107185,68600
user2929046203588336852,88400
user4014063574443509555,56200
user6770631398589085650,60900
user6495778971536563150,56600
user4464185133766431104,65100
user179622718728432113,60800
user3005965046708406443,92000
user4063518699274744508,112400
user7033871619554510996,55200
user2419082464981692878,92400
user1915266474712896046,76700
user189006900062665261,60900
user1015905290580609864,73200
user3223888181645421855,93800
user6047990667576834393,64500
user2544118196690874643,64500
user1449841546404679675,75900
user1585599695690217367,88300
user1678816926916651793,64400
user413284281259671912,63900
user2668264139889315181,316700
user621263274350313728,185900
user6972804288636178889,60600
user1180122177276052207,139300
user9045029030415453188,79800
user197041027859077844,58900
user2376553364218287398,79800
user1904774189650079788,103300
user5939035008756175580,92300
user4780011681949148623,57200
user6162534114223199900,91200
user2424328607513101007,76800
user9044810715197611305,83600
user8522561725384216632,95100
user2929606164100477300,75300
user5806294977249182011,59300
user3721679753652828227,142800
user3309961073586184925,70300
user2366621039667611588,66300
user4981966256778399979,153800
user5779504304080000918,164300
user1995751578827952422,67900
user6419968232145076669,65000
user3001497179906980645,82900
user4279201992163198128,60900
user8606406592572115696,152600
user2088637410229031868,84800
user6480475602551268328,58800
user8164766036950234081,78200
user1171309773749657293,83000
user8120775369868249140,191900
user7098058335563202537,64000
user7486894248749950096,69300
user2414177967744583314,93000
user4552156222461457401,74200
user5007637008923300176,52000
user2072898982634807481,62100
user8529487749452046105,73600
user423776566322488170,61300
user4987430714527649991,97200
user6516203581150055218,148700
user6163872350465322679,72200
user2402224116363187595,75100
user2005352503553273252,67700
user4418296269930182936,59500
user1299135062550597713,118900
user2651405791270809898,152400
user326433113588926511,67800
user8714024015150651730,80000
user1859892162230599419,60500
user2088077449716891420,57200
user748197202813758720,76400
user2050234530972753621,61800
user1523972404259744812,111800
user6946013615466997796,84000
user3253466840079607402,120000
user2700082640372062520,120800
user2226623584267433566,58000
user5736302158196941893,93800
user7790890275627728578,69600
user3690421213682221336,86400
user6506831217111519856,57400
user4280870056403921686,71600
user9033085424503001054,205100
user5822375050137704963,64800
user1216970076899119993,81800
user980520529102875740,84600
user884845140610037639,210600
user2518447444545974446,82000
user1252354838376854117,91400
user2596704523908166816,88000
user6064289055683199228,83000
user595592522205413531,54400
user9089238012715280012,103900
user328101177829650069,60800
user5685167151829285596,86000
user4001218362724618408,90800
user9198193671535938825,60400
user1243760750068301086,60900
user5701807185229948996,57000
user3210937739316201922,74100
user6290806278928767671,66500
user2678196464439990991,92600
user9022033178928044348,58200
user2502927332169591942,74200
user6896445406028249746,77200
user8847542322387627630,97800
user5448157643520900895,61500
user3621536498358564328,75000
user7577883455223520516,92800
user1585039735178076919,69500
user1809317116375083570,81100
user1317661475409826554,100100
user6752093168434159023,117200
user1633156623767189093,84400
user4607530534943754028,82300
user3810429118077836855,58000
user621823234862454176,71700
user2901135609394874863,68100
user946025556135882843,61700
user1114928624850592867,90200
user7110790462674580587,86600
user8867748616783277815,169200
user6464737174957043941,300300
user2948475794080758907,108600
user3371246719722358915,60000
user6402001779797988276,67300
user8017065853578998456,82100
user6909165715843930010,100300
user3201783690495508443,91300
user4730556557117913670,134500
user5612716175510641803,62100
user7675226907957082175,107700
user5526196407665251382,81900
user7752705711589292214,59400
user4567334689543541340,124000
user291938140621933614,57300
user6416961931662230332,56500
user1940937226857796243,72100
user7129316875533809428,70600
user6131057259034751126,127500
user6366946846318854931,78800
user5174985098004799739,65300
user1906442253890803346,77000
user6594242345294405705,56000
user4653077753485703631,60800
user8525909671161361534,51900
user2895329506351326286,121500
user2242475096469171050,76500
user5779285988862159035,82000
user6450896944117082781,68000
user4656985659774988981,104400
user5602223890447825545,84500
user1984367933427640736,56400
user3337871667779646914,60100
user7512129942285920728,54200
user8048324393549605347,75900
user2039400600615638798,100700
user5049731051077776091,73600
user2067311194809100787,66600
user5601103969423544649,52200
user7334849528653745355,57100
user1538932556123986868,84300
user370755180496266432,65100
user8428566218427799875,100900
user4142335739149077326,61600
user1110802403343465634,87000
user1368796481777482851,60800
user5988043257682783182,53300
user6759019192501988496,75700
user8759011273180460885,76200
user699861999006804663,82300
user7104984359631032010,79800
user451468845298108276,90300
user4431246712259402869,91000
user7564933012894300583,61800
user7857982024807451145,68700
user8380449329838687701,60100
user221043715763254483,270200
user6258769463228178449,78500
user1569301307583852532,61800
user3307608146930110036,80500
user7555778964073607104,103300
user6390949534223031570,70200
user2859726429655750279,76200
user5229126404855302373,149800
user6609420812376489644,90000
user3280257513248788495,78100
user4302974547553835098,55600
user3913920319149245656,105500
user6263455645247446130,59100
user1889470820664784966,77200
user6731668558820666955,230800
user8936073371594794375,88400
user405020020949719660,63600
user3308281192049763581,78600
user1659500421031742835,93700
user2970580285230672319,107600
user4545790158905768376,57800
user7153319563437986067,63500
user4782239706702012629,119300
user1233268465005484828,75200
user8509051322542856251,96100
user4744956748470015278,218800
user4793851912789109783,80100
user8484500491422236950,73400
user6942995497688453673,83900
user4057152635719055483,74000
user2743284786255121545,57000
user8629071044234169556,96100
user8777549503335387512,249100
user1320119632676230229,59600
user1468379776559606302,88200
user8896997447218862583,73900
user1380408687864580005,81400
user7791668551357710909,79400
user3084563771364897378,103300
user6191004668928802337,60200
user3245432712283194819,85300
user5175545058516940187,68900
user1112140639585588413,79500
user2414956243474565645,63700
user5020369136034678226,97100
user8390381654389363511,57200
user8809139443131349383,61300
user1962263442277727324,82400
user8379329408814406805,63200
user7159685626993675092,83100
user3283948676146986163,94900
user6043864446069707160,70400
user9032525463990860606,92500
user1050400263547602761,99300
user3171861814940270130,90500
user523359861104611621,82600
user5612156214998501355,84100
user4582078098016695714,59200
user4323410974463024952,61300
user1848839916655642713,116400
user1875070629312683358,89000
user3030527695124723530,86300
user7941266931483209761,71100
user8138753639511035319,88600
user3958689261961212928,270200
user5482994261782192357,86700
user8378769448302266357,128600
user2024782094045695307,72500
user8087505548535865925,80300
user1805190894867956337,65600
user5993071084996349428,59200
user1804070973843675441,70700
user5124078652323928910,81200
user4252411318994017035,61800
user7482986342460664746,212900
user5753273591422960273,84200
user6291366239440908119,66700
user3957569340936932032,93800
user1426068991014042705,96300
user2802672235637032308,85800
user8566210747171903008,68700
user7889353649385571133,71400
user9125182734705154584,61500
user2175488577899777269,59100
user7449051330005812297,289900
user2139543855909902697,119000
user5218415804574644232,116400
user99137614613375737,79600
user1050181948329760878,58500
user6817628366153916928,60500
user631537244195288103,83900
user539658249210976456,72800
user4757907190799235211,59300
user292716416351915945,65900
user1759861991543848617,90100
user4877136819464868399,94600
user7085667853746123052,83700
user1499296671235914628,99700
user3242414594504650696,54300
user5409641679657109551,119000
user6390389573710891122,98500
user8591776268706474419,73000
user8747959027605504179,83100
user2554610481753690901,122500
user6510397478106506641,84200
user3459217808417385212,100900
user9133446995015106836,78100
user4343275623564376572,61000
user3486568442098706753,55600
user7938808774216806086,63100
user2255985499310531431,119500
user5437665358458084637,130500
user1353058054183258464,58600
user8631859029499174010,61500
user8980282353894621199,77500
user367955377935564192,88000
user7608582034681986959,62100
user1568741347071712084,55100
user2276970069436163947,72900
user2728884594903019937,80300
user1561815323003882611,96600
user2468537589812927831,60100
user2563434702575783601,54300
user1578673671622387894,62600
user3238506688215365346,56900
user3270885149210253133,83200
user4493547048809528969,94900
user7801942521202685284,94700
user6185198565885253760,81100
user8174138400988769443,111800
user8016847538361156573,86700
user8153153830863136927,87100
user4047998586898362004,75400
user8400873939452179769,88300
user1199551767768474262,300700
user5212828016748937538,140600
user6212767514784417184,62400
user8934953450570513479,65800
user8440178424514897029,76900
user8494992776485053208,77400
user986326632146424317,63600
user3891255867487191796,72600
user2100809576828269470,129900
user4778673445707025844,78700
user8302970526206477662,56700
user2066751234296960339,74500
user4635659444355057900,68200
user3347803992330322724,78000
user5464797676921564295,80100
user2193125202248264883,94000
user4949587795783512192,59800
user3485230205856583974,55400
user4812161582257250942,117700
user3876524276309735208,54000
user3369348522968095688,55600
user77033123463462325,81900
user5679921009297877467,121600
user7691525296063447010,85500
user4389277572008137837,80900
user6316818676367966433,82200
user1000385178204227360,88100
user974154465547186715,100500
user2910519790729108011,78200
user8131049339713223515,102200
user5849943999036868387,147500
user8643129590291972599,82200
user5828959428911235871,122300
user8757113076426197658,65300
user9061327418521818023,135900
user5734963921954819114,244800
user4025115820018466261,61600
user7807406978951935296,69200
user6165552232001744023,123700
user1220877983188405343,61500
user871004909770076479,55400
user400893799442592427,57400
user3583133619102286081,56900
user1941278872152094808,232700
user4283109898452483478,235100
user8522001764872076184,92100
user899463647179981130,79800
user4383471468964589260,204800
user301310504660468976,84800
user3269205267673831789,82100
user8653963520649087422,151000
user8269595474263765661,88700
user9186923110743140236,89600
user1548304920162522230,78800
user563990765113753874,53600
user6277855836599547738,75200
user5476628198226503332,105400
user8426886336891378531,195800
user4666917984325664791,73000
user6526477550995029593,59200
user5082327827290505761,54200
user152272085047110572,157800
user653860050563043398,55100
user8947125617169751081,132000
user6219133578340106209,67700
user6283661939643096315,91000
user4886509183503403761,84800
user8874892956068949171,108100
user7709503565706233189,77800
user2038622324885656467,75600
user1378728806328158661,63400
user5771800004282189114,74600
user5686287072853566492,212400
user4473557497804966466,64000
user4424102372973731513,345200
user5948749018089009507,62100
user2886175457530632807,126500
user5327589778613144928,82600
user2628181379096615590,71700
user4639007390132202802,77400
user823104764572051987,75400
user8266247528486620759,59200
user4679868426654884724,58500
user5941822994021180034,79900
user5701465539935650431,85900
user4074229299555402649,76100
user285572077066244589,67100
user4986092478285527212,69700
user2408590179918876620,91100
user8000549150254791738,72600
user808704573219950379,76300
user2617470778815957449,69400
user1132346933981238598,83700
user8703190084793536907,86900
user2071779061610526585,99200
user153951966583531916,91300
user6460942353275271688,79800
user4970354050691302825,79300
user3932116904009873718,79700
user1044594160504054184,57000
user2155623928798425649,89700
user165222527376330505,72700
user8680194233306128067,74000
user5826501271644832196,68200
user3770014957459782284,55900
user7890691885627693912,55300
user7276240355001816923,74500
user8181064425056598916,70200
user8432132479422786660,91300
user7647657959057918751,86100
user8037832108486789089,92900
user2199832911098252473,113800
user8166664233704497308,90400
user2744063061985103876,78700
user6522569644705744243,71700
user3282828755122705267,90600
user5116592667743958989,77300
user9206239616628049194,63300
user8079253105521611459,92800
user3381739004785175173,119200
user5008415284653282507,76700
user5525523362545597837,101100
user1321799514212651573,80600
user3848613682116273219,57900
user5573193375230082660,66400
user1475524115845277658,96100
user5877749362620001590,85100
user6051898573866119743,88700
user8517315582852808503,101600
user5926084566426955647,75400
user1777280300674494348,81000
user6999936607099658547,88300
user7725241993300457576,80000
user225169937270381716,88200
user9157779510917884254,83400
user1106894497054180284,124200
user3095056056427713636,117900
user8744392766610517394,80300
user3904206309816411729,75800
user7924408582864704478,66500
user7224992264026647529,89500
user6735016504597811857,82900
user2680984449704995445,77700
user3798598596772897818,76700
user3231362348929693990,75500
user5596977747916417416,77600
user7930214685908253055,81500
user1858553925988476640,100100
user7131556717582371220,84300
user7840563715676805414,81700
user2627621418584475142,63100
user8174698361500909891,60600
user523919821616752069,56400
user4736362660161462247,107800
user9130988837748703161,75000
user7851615961251762120,112000
user5436887082728102306,59500
user6895885445516109298,57000
user2402565761657486160,66700
user5778944343567860470,75200
user6760687256742712054,72800
user2241242090837377057,106100
user3468931817750219139,59700
user1672450863360962768,135300
user6582630139207308551,72100
user1711413703129381463,72300
user891429519383568547,87500
user4996024802836203022,60100
user7817120988284769223,59500
user1598320005505897631,82500
user8385135511857955382,83200
user5399709355106433741,211400
user753443345345166849,88900
user2995472761645590185,68300
user7383744692972839860,105500
user1451179782646802454,81200
user7296105004103168543,72900
user1921072577756444623,263600
user8984750220696046997,55400
user1592513902462349054,68900
user2866870768941421635,58500
user6641239312859236983,1173700
user2754337031830078251,55000
user1837787671080686007,70400
user2859166469143609831,57900
user291378180109793166,52800
user8868308577295418263,78600
user6835378075109917639,69200
user1270333108019640296,54400
user7916922598284734557,75300
user4462505252230009760,121200
user5555226922882994267,93400
user8605846632059975248,106600
user6857482566259831051,77100
user2945904552206842135,87700
user7411768371773814946,75100
user6316258715855825985,112000
user5070715621203408607,82800
user6939429236693466888,138300
user632875480437410882,57500
user3152215481056760393,58400
user531393988901024204,120100
user7859215030439245138,64000
user5463117795385142951,80900
user5230806286391723717,62500
user3600770243450773695,77300
user3518386942581454092,76900
user1972755727340543582,106400
user7099738217099623881,78100
user4256537540501144268,59200
user6654749715700597364,159800
user8627391162697748212,95800
user6164432310977463127,60100
user5918050438630543064,95600
user7279133570877150163,67200
user8749078948629785075,81400
user5599435905182821091,57500
user9130428877236562713,91500
user2172482277416930932,145700
user7501524572615591373,93400
user513427536553935811,73200
user6973924209660459785,90600
user4862736628112766791,89300
user8623264941190620979,71600
user3589717997875816989,114500
user8205067112960775555,91100
user7347240010470824840,57800
user4288574356201733490,67100
user631755559413129986,65000
user417192187548957262,89000
user6987204479988280497,91900
user6168900177778888925,68800
user5608248308709216005,132700
user6267923512048871928,66700
user4014281889661351438,82300
user1416571725072296460,72300
user8767605361489013916,89700
user2518105799251675881,98600
user3661172383246636568,67000
user4606970574431613580,81900
user2729444555415160385,155400
user5810202883538467361,79700
user4878475055706991178,91100
user6436266620251441504,94300
user4092767529710329276,56900
user1573427529090979765,58900
user3574539530793733050,117500
user8175818282525190787,54600
user8485838727664359729,163300
user1823157347215044730,61700
user4765941318595647794,80000
user7098959941369641550,64300
user290818219597652718,101400
user7222534106760243854,85400
user5734403961442678666,78500
user765615511944404451,96400
user3174433056814186902,85900
user9221978044222273581,63100
user7360520280798645552,82900
user4167228215563995192,55000
user5229468050149600938,62600
user3414790510899716505,70500
user5173752092373005746,165900
user8648157417605538845,98100
user9187701386473122567,58200
user2468319274595085948,255900
user918780153064890088,143900
user6631525303526403056,61700
user6141207898803268819,79500
user6026787782233359994,101700
user4984972557261246316,89200
user8711236029885647276,87600
user6002890324939512141,282900
user3244654436553212488,58300
user2112753182740721604,88200
user7172965897321495804,78300
user4757347230287094763,83800
user6634313288791407510,73100
user3798816911990739701,75500
user8042518290506056770,85200
user7232478248606617450,108000
user9034205345527281950,77900
user6130715613740452561,69700
user2458605265262252021,77800
user5674674866766469338,79500
user1127100791449830469,94700
user802120194446419471,83300
user8164424391655935516,91500
user1518053216608683138,247600
user7588935700798477222,120200
user7340655631697293932,116100
user9158339471430024702,127500
user4379893390673904689,61900
user2467199353570805052,91900
user3112474365558359367,71800
user3343117810311055043,74000
user928494162397724015,169400
user4880143119947714736,151500
user286350352796226920,73200
user2469210634932581376,85600
user4337251205302986112,83400
user6640679352347096535,69800
user1016465251092750312,238400
user4200384952288865310,92500
user5758519733954368402,153800
user1686851054713064376,75500
user186548742796261586,123600
user4349194811215438246,59700
user7164371809012942773,80100
user7582569637242788197,77200
user2524471862807364906,164500
user362490920186314180,67900
user7004062828606785780,57200
user512307615529654915,80000
user516775482331080713,69500
user3590059643170115554,74300
user605524846756089341,126400
user2181854641455466294,111400
user2392291791812511785,60200
user2470330555956862272,71400
user4153387984724034032,93200
user1198431846744193366,56900
user8861382553227588790,58100
user5482215986052210026,82300
user8304650407742899006,57500
user780575663808646507,76000
user2700414040197417500,82100
user1146965440551182089,66400
user8457368172958757292,55500
user3935464849787018620,85700
user1720007791437934494,88400
user4217461616125212476,79100
user6780003762627621012,57600
user2633987482140164167,105900
user5889579883924940627,80500
user6984976455235416491,75300
user5848045802282605160,79000
user8065401057385952513,81700
user2718392309840203679,54700
user4761255136576380113,60300
user8961525808521852689,72000
user7088685971524667175,59000
user6053578455402541087,77400
user4168006491293977523,75100
user8039170344728911868,59400
user8619126902387795960,81200
user3575099491305873498,92300
user555178361587358960,73300
user8258761543906650838,114600
user1611830408347258012,78700
user1731619997525031648,66200
user2821323550399472032,62600
user5470262134670814307,78200
user4946456593397454972,69700
user9033303739720842937,62800
user870444949257936031,100000
user3448165562842428506,54700
user5329269660149566272,133000
user197259343076919727,65900
user2508733435213140519,91400
user9005174830309539065,137600
user5238280453675995852,110400
user3423489829818598322,81500
user8259321504418791286,75500
user264027546428471625,61700
user8429126178939940323,68600
user3346684071306041828,89000
user3696787277237910361,78200
user5515485807384593241,53400
user4866084573889911693,81200
user2861064665897873058,52500
user8970898172560388051,137100
user6504031414550817616,58100
user1020591472599877545,79400
user8577044677529017831,68900
user8317370717558579270,54300
user7681592971512771200,79800
user4832927837165041575,110600
user2062406697571991223,60700
user3222768260621140959,83700
user2881270960293523243,78300
user8762919179469746235,100800
user2203399172093239258,98200
user2267037744885488137,70100
user9108884346598789749,56000
user2778339719734254890,56700
user8467300497509433102,78700
user8699623823798550122,84300
user5571525310989359102,91000
user1356064354666104801,117300
user4594685323224862881,75600
user5156893743754500463,80400
user6220366583971900202,79300
user2326206879049557017,89100
user6679860507333357113,82100
user8818180407344529765,81700
user4832586191870743010,75500
user5408303443414986772,114100
user5574873256766504004,80300
user1026957536155566570,82100
user2085849424964027414,76600
user3569293388262324921,90200
user2253527342044127756,61600
user4011823732394947763,89100
user1198991807256333814,93800
user5464237716409423847,86200
user7021481137737431511,66000
user7923288661840423582,88700
user3053305231394290487,52900
user4742716906421453486,74700
user572814985935846574,57300
user7461441811822891782,119100
user4866862849619894024,61800
user1235496489758348834,63900
user2703088940854908857,57100
user6636211485545670737,81800
user5113026406748972204,77900
user3322911515915404858,86800
user3810989078589977303,60300
user6244699099874677620,95700
user2707340064265246973,101700
user642589489770244809,77500
user2031148157601384332,61600
user8511509479809259926,93600
user109848214894033878,76000
user7814892963531905217,85000
user2254865578286250535,58400
user4970572365909144708,116300
user9072161348878932846,77200
user4563768428548554555,72900
user6006021527325569361,264900
user1156909582397555685,57800
user2077585164654075162,116400
user5652010415104415478,82200
user974714426059327163,101900
user4735802699649321799,136800
user7686279153532038881,92300
user197819303589060175,67300
user4942661771715682719,71700
user5409423364439267668,73000
user3497402372455821576,81900
user6157506286909633654,72500
user4764821397571366898,89800
user1834209592790001436,120500
user2996592682669871081,82800
user9120496552685886903,73400
user4326758920240169854,87000
user7680473050488490304,55800
user1072057878792888822,86000
user296064362129060847,58600
user8752986854919070425,62200
user8506263337277851797,79400
user4858598589309941772,65700
user7959233383830298154,95400
user857712822146557981,124600
user7032751698530230100,239700
user5110238421483967750,62600
user1577895395892405563,94100
user1061347278512230681,85000
user5031421381609634932,100400
user2063744933814114002,160100
user1028637417691987914,142200
user1072399524087187387,61700
user8665575726736184576,60900
user3241854633992510248,63100
user7269201246326474353,69400
user5749022468012622157,56900
user4668256220567787570,67400
user5476068237714362884,89800
user1280483747788157989,86500
user4745735024199997609,78900
user6948241640219861802,88700
user6608860851864349196,58200
user4971692286933425604,78300
user6769511477564804754,91900
user4653637713997844079,68400
user2286684078768997874,84300
user8506823297789992245,91300
user2027570079310699761,85800
user278086092486274668,98700
user3219750142842596836,124900
user1271671344261763075,74600
user263467585916331177,73000
user5145623182961701874,61000
user774987875982939813,88700
user2540210290401589293,101800
user3816016905903543549,56300
user3563268970000934461,120000
user828350907103460116,87000
user2756795189096481926,1559000
user1247108695845445988,82700
user5786430328147830391,83300
user4062617093468305495,59000
user8256863347152387611,107900
user2771413695666425417,534400
user8061056520660983397,111300
user8874114680338966840,54500
user4278642031651057680,65000
user1018363447847013539,106700
user7020361216713150615,69800
user4530051731311543989,75500
user1883664717621236389,61000
user6350648458212490096,58500
user5048611130053495195,76600
user8517097267634966620,72600
user1620424496655811043,65500
user6393177558975895576,284300
user4289694277226014386,77300
user4657545620287129429,58500
user5300239144931823387,60800
user3596644021943646462,78300
user7175537139195412576,65600
user1473844234308856314,95500
user4063177053980445943,88400
user7258708961263658095,69300
user764277275702281672,173300
user7781736226807035099,119900
user164662566864190057,85300
user275858067733410662,113400
user5684607191317145148,78100
user4015401810685632334,54900
user7565711288624282914,58500
user8403673742012882009,98900
user3362982459412406663,103600
user3298348867499087771,100400
user313700986477548461,86600
user7737414159899695178,57400
user6495219011024422702,86300
user9160019352966446046,57300
user9160237668184287929,57400
user8257983268176668507,103800
user4408363945379507126,55300
user3551315118619538742,75400
user8296386147432946754,65300
user7779496384758473307,81400
user718275327258520407,60400
user9088118091690999116,67400
user6883494963699029813,98200
user4882942922508416976,102700
user7923630307134722147,61100
user8269813789481607544,56900
user6543554214831376759,94000
user1711973663641521911,61000
user6972244328124038441,103500
user6516763541662195666,75700
user7209813796944563590,62100
user5328709699637425824,62600
user5261163220555891595,92100
user2177728419948339061,57600
user7827613273347585481,101500
user5460329810120138497,76400
user7402054362440981019,91300
user3145631102283229485,78100
user8896779132001020700,242000
user874011210252922816,58300
user1689869172491608499,89800
user2646159648739401769,65600
user7295886688885326660,82100
user6438506462300003296,76200
user2870218714718566537,82000
user2877363054004237893,59400
user616577092331046047,61100
user8181624385568739364,75000
user493551070156886405,54600
user4752661048267827082,62100
user742951060282350591,62700
user9104976440309504399,68000
user7713629787213360422,174500
user3702033419769318490,83500
user5564039326409389181,56900
user4492768773079546638,201400
user6383805194937360214,211900
user7789770354603447682,342700
user7778718109028490976,257700
user8773971425044702941,93500
user1824837228751466074,79100
user5243526596207403981,71500
user1242640829044020190,64800
user6576605720945918091,82000
user3462005793682389666,58800
user3622656419382845224,113700
user4055472754182634139,76600
user4189892667226049052,87400
user3689082977440098557,87200
user3956449419912651136,89700
user27796313850069255,60200
user633995401461691778,115500
user1648895051361413480,55400
user8643689550804113047,77000
user752665069615184518,101900
user6855802684723409707,105300
user5987370212563129637,141900
user2297954639561796463,63200
user984428435392161090,96200
user5349694269763058340,142400
user7961691541096701829,124400
user1135913194976225383,65500
user5130663031097459818,63400
user6385703391691623441,53000
user7863009852121017391,56300
user2633427521628023719,67100
user8924129765682342241,99400
user4256319225283302385,115900
user3163380811239230196,121100
user4139877581882673651,81600
user8504365140523588570,84400
user4823773788344348096,57000
user2891981560574181384,147200
user1838347631592826455,98500
user3002398785713419658,56800
user5074841842710535840,104500
user4882382961996276528,73500
user576162931712991476,62800
user8281425995568704698,77200
user1735746219032158881,75700
user2683442606971399120,74800
user3172753175277765558,79600
user5952315279083996292,83800
user3802724818280025051,59100
user5119392470304661229,64100
user3121286769084754281,82400
user4528371849775122645,97100
user171588590932019530,56500
user5863349171267899982,62600
user296842637859043178,276900
user6141549544097567384,142500
user3915040240173526552,62600
user2810158220217002229,71900
user70667059907773300,76100
user3276909567471643593,87000
user8065742702680251078,93800
user7754385593125713558,93300
user4177160540114671002,78200
user6862728708791239180,75100
user2300194481610358255,121200
user7916144322554752226,74800
user3848272036821974654,99900
user7655362258855730555,83500
user6963980067814086189,54500
user8542768019779866817,104100
user8731660639499139344,92200
user1724134012945061727,107100
user6101353698697354696,81600
user1123192885160545119,79200
user4037506301835545746,63400
user1512028798347292678,62100
user2742724825742981097,58600
user5129884755367477487,91300
user2282776172479712524,97700
user245376231666031901,52500
user4552716182973597849,61900
user7219746121495239400,210500
user6309892652300136960,59700
user1747918385631396483,85100
user3116600587065486600,58600
user8214439476999310917,170900
user1348590187381832666,84500
user99355929831217620,85600
user2304880663629625936,65700
user8857816292232602005,91300
user8669701948243311809,150600
user1725253933969342623,161900
user3590837918900097885,98900
user1496508685970910174,88100
user377109426756257671,58200
user1209825737613448637,81900
user5124856928053911241,83700
user2276191793706181616,78000
user2994352840621309289,75800
user4517879564712306387,81600
user138431854207149412,93500
user1902316032383676113,1745400
user8868868537807558711,59000
user648955553325933834,166600
user6277295876087407290,129900
user2566782648352928503,55600
user3622874734600687107,88500
user4902247611097628148,88300
user5765880816631127440,85700
user1684623029960200370,120000
user5959241303151825765,147000
user7452069447784356420,75900
user1082891809150003645,86700
user5047938084933841650,209200
user2243595017493451946,102900
user6230858869034716460,106400
user7738087205019348723,89300
user2202839211581098810,104900
user6633205185062824400,76200
user8817060486320248869,58500
user9195187371053092488,55400
user8055468732835276703,136700
user5872048490186781799,59400
user2854698602342184033,58400
user6983296573698995147,109000
user8224153486332144844,84300
user6563200548714886496,62100
user1855205980211331738,151700
user8390163339171521628,81400
user955957880686558653,101300
user6119103407653355407,143300
user3813777063854981757,64000
user127161293414350823,118900
user6645365534366364216,66700
user5539923553897699445,67400
user2275071872681900720,55400
user4891195365522671442,112500
user3865472030734778502,87800
user8511851125103558491,67600
user6153161750184664538,192000
user7208475560702440811,124500
user5359968239608032715,103600
user664912296138000104,69500
user399773878418311531,79500
user2358575094575501219,63000
user8004115411249778523,81800
user6164992271489603575,80200
user7666414504430687261,75700
user149484099782106118,58800
user3817355142145666328,114200
user3927990682502746485,102700
user3370468443992376584,114100
user2424670252807399572,82900
user4150588182163331792,92600
user4745516708982155726,99100
user7119944511495274066,97500
user2392851752324652233,76600
user8938748272252285732,59600
user6393955834705877907,103900
user8784463710107519199,80300
user8128821314960359509,347800
user3892375788511472692,60100
user6719496392221429353,68700
user4199824991776724862,86100
user7135682939089498453,110400
user7174085818345776700,80700
user1688530936249485720,85700
user6989102676742543724,120200
user4294162144027440184,56200
user4140437542394814099,97600
user8130489379201083067,64200
user5459209889095857601,82800
user551830415810214058,71500
user2211663432403191510,65400
user429582669366036747,81200
user8280306074544423802,84300
user8630739108474893114,106100
user8595354346997158990,67100
user855814625392294754,110600
user1675798809138107670,92700
user7212041821697427596,1456800
user5097506294372589700,85400
user3396139196137276781,100700
user2315154633474600311,54600
user65420917376365171,53000
user7337855829136591692,59400
user7031413462288107321,122000
user176274772951287211,85100
user3597763942967927358,91000
user4127032370163782504,108300
user62072971599220269,94400
user7224213988296665198,129000
user4640905586886466029,140900
user6175484556552419833,100600
user3407191441712233487,195800
user242701331008540544,94700
user968348362503638138,77700
user1578455356404546011,99900
user6359347777131371913,81600
user6580618857845532227,122400
user4440400761080096348,112600
user1336977981294735512,52100
user6185758526397394208,97600
user6621592978975727246,75500
user5173305216468378395,67400
user3018915489037626376,97000
user7802160836420527167,61900
user6959293885794818508,72500
user7395015253765638449,81200
user6982176652674714251,92900
user1372922703284610084,105300
user7538360654942961373,84900
user8379889369326547253,58600
user5203455652710402176,93800
user516433837036782148,56600
user2287803999793278770,84100
user1099968472986350811,81100
user9219519886955869906,55600
user5454523707076589920,97700
user528606003636019750,143100
user6620254742733604467,120800
user3678030731865141851,116700
user8753765130649052756,244800
user7833419376391134058,97100
user7973976792303452528,58800
user6257649542203897553,78800
user6731108598308526507,61800
user7637052589387589396,118000
user1675238848625967222,167000
user8867188656271137367,56500
user4404237723872379893,127700
user5535910416998085309,303400
user4405575960114502672,153500
user5799150637963510655,68200
user3131779054147570539,64300
user7280366576508944156,77400
user1729940115988610304,82700
user2543558236178734195,210000
user6038058343026158583,61100
user4089189451419644705,62100
user163324330622067278,94700
user7927756528641849380,60800
user5485222286535056363,86000
user2150036140972718955,119400
user3111572759751920354,80100
user5233812586874570054,80600
user2237228953937762921,72200
user6382903589130921201,112600
user428244433123913968,59500
user8564312550417639781,55400
user8895877526194581687,71900
user8027339823423972831,86100
user7686620798826337446,217500
user4068423196511854072,88700
user9100290258290236718,59500
user7560806791387173350,267300
user8829905698039140016,115200
user7584249518779209541,98400
user8742494569856254167,90000
user2659439919067222481,90400
user3900640048821424944,71600
user4646151729417874158,89300
user1661180302568164179,71600
user5096386373348308804,60200
user1142279258531914408,172900
user5860996244611825093,52500
user96897772564813945,59200
user6427112571430748025,53900
user8290020083877257729,63900
user7371012565861461810,1420800
user4068204881294012189,82500
user6756779350453426704,114000
user8610874459373541494,55800
user7302471067658857568,86700
user2278649950972585291,58400
user480270799829065693,133300
user8292478241143661404,82200
user390961474891916617,57300
user527267767393896971,166000
user2464524452913313695,86300
user5721671834331300616,80400
user6128257456474048886,95200
user3425842756474673211,135500
user8858594567962584336,83700
user4871330716421319822,56700
user2065972958566978008,111800
user1874852314094841475,92000
user2956509921877171490,93100
user4288014395689593042,109800
user2519225720275956777,73800
user2480262880507538082,130800
user6873780954366195886,88000
user8858034607450443888,79100
user9209245917110895531,93100
user2151156061996999851,146000
user4381013311698185585,57800
user2870996990448548868,58700
user7213721703233848940,84000
user5796922613210646649,57700
user2551262535976545999,89900
user4928043265145739228,74400
user1506782655815884549,75300
user3120726808572613833,101500
user3007303282950529222,116300
user3662510619488759347,91600
user390401514379776169,80700
user54586987019250348,82900
user7459543615068628555,74300
user173816615684883536,113700
user7823705367058300131,102000
user6356454561256038673,55200
user8160298170148808283,122600
user7915584362042611778,83800
user798772248669274569,54500
user2155842244016267532,128000
user3311299309828307704,66500
user51580686536404011,83400
user6668029986028418076,106400
user2639575269965870861,103200
user709794323557480473,78000
user8480032624620811152,80500
user5699567343181387204,56500
user7666974464942827709,57600
user8803001940262445826,90600
user1136473155488365831,102300
user4560420482771409653,88800
user8807128161769573059,58700
user6085615271103130309,82900
user6404229804550852282,178900
user3583693579614426529,106800
user3094496095915573188,214700
user8175476637230892222,58500
user7960913265366719498,99600
user4883161237726258859,130300
user7438777360160837922,83000
user2858606508631469383,105100
user8089858475191940814,92200
user8770063518755417591,56200
user8583523825692219953,60100
user5158686709898434904,62900
user5270877229888725522,109100
user8282545916592985594,74000
user5554107001858713371,99700
user1116266861092715646,86700
user1219758062164124447,55700
user7108892265920317360,94800
user3128772753664724202,62600
user8798534073461020028,60700
user5823713286379827742,123400
user1231930228763362049,109200
user3117938823307609379,105000
user2325086958025276121,110000
user7351366231977952073,112700
user9114690449642338326,71100
user7862108246314578378,63400
user8257423307664528059,60800
user3470051738774500035,66300
user2584419272701416117,87700
user5828741113693393988,64200
user8093871612091554950,87300
user637903307750977128,88700
user8385477157152253947,70000
user2275631833194041168,59700
user2161430031841974226,72500
user4131283493574120620,129300
user8053570536081013476,98200
user7602775931638438382,213100
user5118490864498222216,78200
user5508665013927092554,227300
user1823717307727185178,58800
user3788884587440063891,95000
user6745508789660628115,100200
user2323407076488854777,84300
user303208701414732203,56300
user5810762844050607809,95200
user3837001476029176065,74200
user2544678157203015091,109200
user7813773042507624321,60700
user5212609701531095655,60700
user1563495204540303955,51900
user7825385248594721475,90000
user8583742140910061836,141900
user3133677250901833766,57800
user1451521427941101019,152600
user2298296284856095028,56900
user5458991573878015718,98000
user6365266964782433587,97500
user1240742632289756963,62700
user2628523024390914155,86800
user7213940018451690823,87800
user5262843102092312939,66200
user138991814719289860,75400
user1232708504493344380,86600
user4892315286546952338,142000
user1529218546791152941,81900
user1229690386714800257,57500
user3529770587981765778,61300
user2541330211425870189,69200
user6895325485003968850,57200
user4300746522800971092,90800
user4470322636635334661,139500
user3485448521074425857,103000
user5081767866778365313,87500
user4765381358083507346,106200
user5397251197840030066,80100
user3605798070764339941,82500
user2265699508643365358,74800
user4578946895630638494,95000
user8996580742000986034,81700
user3814337024367122205,111200
user2046326624683468271,110800
user5438785279482365533,53800
user1942057147882077139,63400
user300750544148328528,111300
user2830022869318353849,122700
user2507395198971017740,58800
user6299960327749461150,87800
user6315698755343685537,111700
user2042200403176341038,73300
user1303261284057724946,56900
user5897614011721353210,200200
user1258720901932543142,102700
user3822601284677074457,60500
user2733010816410147170,111400
user1710635427399399132,56300
user5860217968881842762,72200
user1927986784528576310,61900
user6507939320840102966,242600
user7212601782209568044,111700
user3255924997346011077,96300
user5839451713974052129,115700
user2128273295117104108,59900
user8962864044763975468,69200
user4856370564557077766,89200
user1021711393624158441,73300
user5234372547386710502,99800
user7225552224538787977,117500
user9210925798647316875,85200
user1699241536530143861,90300
user4554054419215720628,74300
user2885957142312790924,107500
user7849717764497498893,160700
user6138201598320422482,115800
user2315372948692442194,86900
user832602030513798232,79300
user7954547201811030473,71300
user2640353545695853192,115900
user2061505091765552210,124800
user6606962655110085969,85100
user4415508284665178482,58200
user891211204165726664,76900
user8708104827499590056,65100
user1975213884606947257,70200
user4980286375241978635,101600
user9075727609873919631,99800
user6995468740298232749,91100
user8527029592185642430,92800
user3936243125517000951,64700
user3688523016927958109,91900
user5724689952109844739,195500
user5764325836997916979,168200
user8755445012185474100,378500
user7907550234246199195,87300
user3871278133778327079,56300
user1211723934367711864,108500
user5042473627184591638,62500
user1358522511932508476,115000
user286132037578385037,61400
user451127200003809711,131600
user890869558871428099,56300
user8258543228688808955,128700
user6325196021285431782,129100
user3338649943509629245,90700
user3385086950562320075,57900
user171028630419879082,58800
user4577826974606357598,86500
user6436826580763581952,84900
user7119384550983133618,123200
user6312692454860839200,156000
user1910020332181487917,80800
user6053796770620382970,96900
user65639232594207054,58800
user3838121397053456961,98900
user1826175464993588853,165500
user5732724079906257322,60400
user2816295723085905786,59800
user5074281882198395392,83400
user7224773948808805646,96000
user6594802305806546153,73700
user7955325477541012804,97900
user3202343651007648891,83700
user667152138186561896,56500
user1698681576018003413,100300
user5026953514808209134,71600
user984646750610002973,110200
user2165556253349101459,145200
user5333177566438851622,100700
user5354722097076624586,77800
user815743681895292949,59400
user7767552778846021173,122800
user1469718012801729081,98200
user6845310399660593449,99400
user7497386533812766354,72400
user2106947079697173027,59500
user8633757226253437237,112800
user8720048433412042190,87000
user1518166301216196235,123000
user1549424841186803126,103800
user6761247217254852502,111000
user6874340914878336334,113200
user1827295386017869749,75900
user6961752043061222183,77300
user2160870071329833778,194000
user3085342047094879709,77900
user2815062717454111793,50900
user9125742695217295032,116000
user7828733194371866377,136300
user4283888174182465809,94400
user7108332305408176912,96500
user9134566916039387732,53900
user565888961868017101,128600
user2293050142324686899,54900
user6416620286367931767,72800
user7677466750005643967,255600
user6531382048232139157,55700
user1287522856463500559,63200
user4040854247612690648,67700
user6357792797498161452,53800
user4543002173640763922,102000
user2399217815880341258,155900
user6234985090541843693,83300
user6161974153711059452,92000
user1208145856077027293,111100
user7928534804371831711,129700
user3958129301449072480,113500
user2393971673348933129,77300
user5960361224176106661,72800
user5507326777684969775,100300
user2639793585183712744,85600
user3559361063711649111,93800
user3209817818291921026,89400
user8789709852638927328,101900
user2792179950574216050,305300
user7323455637784490084,87700
user5703145421472071775,65600
user604404925731808445,64100
user335805477627461873,106700
user957077801710839549,85700
user2598932548661030822,166400
user2666584258352893837,63400
user7676128513763521188,105700
user8527589552697782878,139100
user6004341645789148017,115000
user3343896086041037374,53900
user4710567006113351167,101500
user4052466453699787802,95400
user2504047253193872838,87500
user2584314042091087331,163100
user5292981721038638934,56900
user6355334640231757777,58000
user2984980476582773927,59200
user1407417676251602981,167000
user2525591783831645802,101800
user5052405951735267448,53900
user5448717604033041343,94900
user7780616305782754203,90900
user7476401963687133838,64100
user3722799674677109123,139300
user7917824204091173570,88400
user6142327819827549715,90600
user1769794316094524427,79200
user2958408118631434717,61700
user8485278767152219281,83200
user8484158846127938385,106500
user643149450282385257,55600
user3212275975558324701,103600
user1934352848084265335,90700
user6863288669303379628,100900
user575043010688710580,82400
user643927726012367588,102000
user8493872855460772312,55600
user8957617902232567339,77700
user730560578465271106,57100
user51020726024263563,80400
user748757163325899168,97500
user3336751746755366018,71300
user2677978149222149108,82500
user1576775474868124667,100600
user7712291550971237643,104000
user8034484162709644187,57100
user6269261748290994707,66500
user2845874381520091333,57900
user5134789252604587051,59600
user1658380500007461939,58200
user5404395537125701422,102500
user4590890501543090628,58100
user302648740902591755,67600
user127939569144333154,73300
user6233533769692207817,216300
user4400329817583094543,60100
user3981353713623266788,75000
user4451453006655053054,56800
user5566279168457950973,54400
user4771187461127055923,56500
user53808711289268017,84900
user2040302206422077811,132700
user4520337721978710062,61800
user5879647559374264817,56800
user3462565754194530114,85900
user5449837525057322239,62300
user1815123219418632147,64000
user1070046597431112498,77000
user3028629498370460303,82000
user1629361802085416840,76000
user2757903292825065036,53700
user1632036702742908197,94500
user3497060727161523011,57200
user6982518297969012816,55700
user665472256650140552,58200
user2780567744487118896,118700
user6453684929382087235,87500
user6779225486897638681,66800
user6880147017921884911,80000
user1134245130735501825,67500
user5198209510178994047,167900
user5206803598487547078,56200
user568128803916578893,60600
user3348022307548164607,90600
user3050733989520373715,57000
user306556647191877105,56200
user8432692439934927108,102800
user4645591768905733710,59100
user543006194988121358,61800
user5702367145742089444,61800
user4297728405022426969,59700
user6317378636880106881,409000
user7989042174778023370,86000
user1035781756977659270,59800
user3547748857624551957,64300
user5868595313799308111,61600
user4390945636248861395,128300
user3569075073044483038,238400
user1095282290967083130,93400
user5092820112353322019,74900
user1286289850831706566,56400
user8389821693877223063,98700
user8518435503877089399,101100
user4190110982443890935,113100
user8203387231424354211,84300
user1484678164665971137,96800
user982188593343599298,106600
user1963383363302008220,95000
user4202283149043128537,220700
user6621033018463586798,84800
user8905031575015275166,196300
user7249884740441565395,57900
user127379608632192706,65300
user7517376084817328857,64000
user1550763077428925905,62500
user4822653867320067200,57600
user3726365935672095908,157800
user4618801095736552617,159100
user7732168017368287049,143700
user3259272943123155979,56600
user381247465559082690,110200
user5434659057975238300,125900
user9039109842764391514,133100
user6427672531942888473,116600
user8306878432495763012,77100
user8381009290350828149,80800
user8859714488986865232,100200
user8320948795849263841,98000
user1688189290955187155,106400
user1497068646483050622,117200
user1310187308125554419,56500
user4107499120887785864,56200
user819309942890279734,58500
user3018697173819784493,129200
user7912796376777607324,164200
user7477740199929256617,54300
user3435993396243190904,59100
user5128204873831056143,49900
user1019483368871294435,58700
user4157295891013319382,52700
user8275401577307314238,82800
user256541561848501704,58000
user2739936840477976643,64700
user803240115470700367,56900
user2771195380448583534,74900
user4502919412848064331,60600
user8670480223973294140,51100
user4766501279107788242,57200
user5361088160632313611,55800
user5691533215384974621,59000
user2450900965464440217,58800
user6132395495276873905,57100
user941557689334457045,86900
user1343904005362564985,154700
user7237724391138025579,113200
user2041080482152060142,96100
user2198153029561831129,82800
user2237447269155604804,111100
user4253519422722600145,56300
user7724682032788317128,112500
user54368671801408465,51800
user466865627598034098,73700
user4061838817738323164,100400
user1335639745052612733,60400
user2307108688382489942,55300
user6305206470280869279,55400
user1322907617941234683,99900
user4629635026093667440,108500
user9199095277342377838,60100
user7461223496605049899,89200
user7781176266294894651,58300
user2901695569907015311,204700
user1749038306655677379,70800
user3539484597314599705,115500
user7463121693359313126,128200
user8637105172030582139,60200
user9006294751333819961,55500
user894777465160713449,128400
user423216605810347722,122000
user440074954428853005,81200
user2191786966006142104,91400
user7908110194758339643,108600
user7298344846151730335,113300
user8994122584734582359,54100
user8758792957962619002,93800
user4755449033532831536,64600
user2530277965850913483,55800
user7180223321214680257,70600
user7988595298873396019,135100
user4716486193764412841,96100
user5481656025540069578,113100
user7093932114056075304,118800
user2450341004952299769,89000
user7178885084972557478,160000
user6762585453496975281,83900
user9599728989441193,79500
user212219494941161783,98500
user7836437494169678181,98400
user5994409321238472207,57800
user4062958738762604060,93100
user1017803487334873091,56500
user7817680948796909671,62900
user5813780961829151932,55800
user4161422112520446615,57100
user1531893447448644298,64800
user6880706978434025359,90500
user6647605376414926008,89800
user4367173080858224425,292900
user6988324401012561393,95100
user3673002904551575605,62100
user8428784533645641758,56200
user7083999789505399494,143700
user98017693589094841,103600
user6239452957343269491,91400
user6074003065016033155,60500
user2950590734226109816,117900
user7860770010072455599,258600
user8225273407356425740,56800
user7953987241298890025,93600
user367737062717722309,54200
user8213101240757188138,62200
user1643980308655360331,127400
user3611604173807888518,60500
user4988550635551930887,87200
user2590120145134635908,57400
user2905273648197699882,60100
user2287462354498980205,106100
user2380119625213274183,61400
user8421080233847829954,90300
user1133125209711220929,110100
user3846933800579851875,207400
user4281989977428202582,59000
user3372366640746639811,105300
user678204383761518602,121600
user2473005456614353629,65300
user7937688853192525190,114600
user1220536337894106778,57400
user2517327523521693550,55900
user5289746859869007129,151600
user3562709009488794013,56600
user4779451721437008175,98100
user3518605257799295975,64500
user3122406690109035177,68200
user402013720466873323,166800
user2652525712295090794,154000
user8132387575955346294,58500
user8230290989201048401,71000
user1609932211592994785,65800
user3606917991788620837,88200
user865198806726527902,69800
user2811609541066638105,78100
user2095781749514703224,112300
user792966145625725992,59000
user547692377007389039,61300
user4268709707100381870,56000
user1185928280319600784,87600
user3494602569895119336,131400
user438736718186730226,115900
user2781127704999259344,110800
user9215052020154444108,104300
user3921624618947057460,105400
user8128261354448219061,60900
user8502137115770724564,80100
user5310731429994639645,66900
user7281486497533225052,117700
user1653581233380681161,126500
user2766727513647157736,124900
user1559357165737478936,167200
user4175492475873947444,62500
user4767061239619928690,56900
user2870778675230706985,59300
user1550544762211084022,81300
user6815948484617495584,61800
user1560477086761759832,495900
user7093372153543934856,110900
user4129385296819857393,81300
user7109110581138159243,103300
user8582963865180079505,59100
user3243534515528931592,59300
user5053857272584903324,107000
user1108562561294903842,58200
user4630973262335790219,129400
user6283880254860938198,62000
user2198931305291813460,57100
user5703705381984212223,63700
user4644813493175751379,58600
user1105556260812057505,111800
user8421640194359970402,72500
user5928542723693359322,56000
user6564880430251307840,93500
user895555740890695780,63400
user6867196575592664978,78300
user7313304998015972391,62000
user3563487285218776344,71900
user1104654655005618492,58400
user6033932121519031350,61600
user1407199361033761098,141700
user6552708263652070238,54300
user5573753335742223108,105300
user4781679746189872181,58100
user5142835197696697420,59400
user323974956322522836,95200
user8577262992746859714,56100
user2708895043898457434,62400
user3399830359035474449,58600
user314820907501829357,77000
user3652578294938083537,58100
user5514471116970641131,63000
user6395075755730158803,55100
user6295274145730193469,59700
user1935472769108546231,102200
user1021151433112017993,59400
user858272782658698429,69200
user6302978445528005273,70500
user3105548341490529894,60600
user2650285870246529002,147700
user649173868543775717,137600
user5236612389435272294,116700
user3826167545672061242,78900
user3886009724955783667,204100
user7271989231591478807,207700
user1015345330068469416,53300
user7435771059677991585,57400
user6768951517052664306,78100
user5820695168601283619,94900
user1810437037399364466,76800
user821549784938841526,56600
user8417732288070685052,60500
user7118824590470993170,198800
user2804010471879155087,59000
user5687406993877847388,127100
user6565658705981290171,63800
user6389829613198750674,58700
user4431028397041560986,68500
user6124691195479062101,61700
user4518999485736587283,61500
user5497612768352135848,71800
user8340813444950615461,175700
user883165259073616295,58900
user1836449434838563228,97200
user3572081373527329375,59000
user7188269266306790626,58000
user6746287065390610446,105900
user8145119703066724344,133500
user6686786531401186586,74600
user111081220525827871,301000
user6209314338396943496,57200
user701416978640015124,56500
user87743723744120466,53100
user1697343339775880634,114700
user5904540035789182683,156400
user7104424399118891562,55400
user8495771052215035539,113200
user5688515097606430498,67400
user7473613978422129384,196200
user8957399587014725456,195300
user1622104378192232387,155400
user6818519726491412356,62400
user9110782543353052976,237400
user777227718031501605,255700
user1861560226471322977,56200
user3597203982455786910,57300
user5371238800400831304,51300
user8368277163239450099,87800
user7713971432507658987,104100
user6656417779941320922,548100
user4793291952276969335,60800
user311802789723285234,59300
user4419416190954463832,67900
user6027006097451201877,171000
user3995972220193210279,171400
user1952549432944893397,62200
user1928546745040716758,133700
user3220870063866877732,61400
user7461783457117190347,55500
user4760913491282081548,121100
user7351707877272250638,96100
user3427180992716795990,126700
user2733570776922287618,152600
user2352437591706597662,57900
user1005631320735635489,97300
user2111861822403226176,53600
user891989479895708995,57100
user5651119054766920050,69000
user8733340521035560688,59200
user3483550324320162630,58600
user7583129597754928645,56200
user6249385281893945301,81800
user7356612374509360202,81600
user2419424110275991443,141800
user1186041364927113881,363800
user8732220600011279792,110600
user8460043073616248649,59700
user6169678453508871256,56400
user3584253540126566977,126000
user1983248012403359840,57300
user8245251141065290457,65900
user2509293395725280967,55800
user3809090881835714076,62400
user1803852658625833558,63700
user8168332297945220866,112600
user1221656258918387674,56800
user2140103816422043145,58000
user7508438779387723060,110800
user9006854711845960409,78900
user5815449026069875490,63500
user6579498936821251331,139900
user6934401409379900642,226900
user4871890676933460270,58300
user4414170048423055703,62400
user3953101474135506234,126400
user744630941818771935,64700
user698628993375010670,144000
user781353939538628838,71600
user60393090062798925,172900
user1259499177662525473,120600
user8167224194216637756,115900
user5902860154252761339,105100
user4992116896546917672,108100
user5434099097463097852,122700
user6025667861209079098,174600
user180960954970554892,56500
user6794963914491863068,189900
user1200111728280614710,54400
user2392073476594669902,62200
user724194514909582081,58400
user8987756521178893334,54000
user4067084960269731293,241300
user3342776165016756478,60300
user6415842010637949436,59500
user3696227316725769913,323100
user6576492636338404994,71100
user5585583857047162145,70700
user6300520288261601598,58900
user5755948492080451630,64900
user7904532116467655072,57500
user8522343410166374749,72700
user721406529644577627,67800
user7833979336903274506,87300
user2532505990603777489,112000
user2039960561127779246,239300
user1456767570472509148,70200
user8692366399905365669,131700
user6634873249303547958,179500
user795194170378589998,117100
user882057155345033185,98800
user3663070580000899795,158900
user2743844746767261993,144500
user426564551587492624,60300
user6258209502716038001,55500
user7941826891995350209,117200
user7736075923657572399,103600
user7725583638594756141,69000
user4401997881823818101,143400
user506501512486106338,74000
user6505151335575098512,56400
user3434095199488927677,372500
user1871057492413069222,74900
user2528939729608790704,64000
user4416068245177318930,60000
user5283827672217945455,137200
user8758232997450478554,89300
user8879360822870374969,60300
user4604182589166609126,85900
user741052863528087364,56800
user7361640201822926448,59200
user3937363046541281847,116700
user2417744228739570099,92700
user3814896984879262653,56500
user7218626200470958504,65700
user3611044213295748070,60900
user638121622968819011,55500
user3209257857779780578,1031200
user1913928238470773267,55900
user3554114921180240982,57100
user3132339014659710987,60900
user8105596902786165201,62600
user8440396739732738912,58300
user5723570031085563843,58800
user6525917590482889145,56900
user7869147354989920948,91300
user5509006659221391119,57900
user8275619892525156121,54300
user8528927788939905657,370200
user6255191384937493878,159900
user7622092437523347340,190700
user8456476812621261864,53700
user2254305617774110087,97200
user703656820688576916,82000
user3255146721616028746,188900
user5559353144390121500,141700
user2089197370741172316,121900
user5282489435975822676,61900
user3297675822379434226,60700
user1914146553688615150,61300
user186767058014103469,53700
user615798816601063716,57500
user743511020794491039,67500
user2820308859985519922,55100
user8864400671006132913,173100
user8260441425443072182,56800
user5152549207029531347,117000
user8507383258302132693,62400
user1847719995631361817,124500
user7485226184509226538,83900
user842534355064474042,93900
user4101361618018882307,59700
user1934912808596405783,56400
user1145857336822598979,262800
user2857486587607188487,82200
user4507947240161630577,59800
user1173321055111433617,71500
user1277477447305311652,64900
user1753724488674945060,54800
user6157287971691791771,108000
user6016513812388385619,225900
user2237675829842390272,88400
user5019249215010397330,58000
user694615856475396534,71600
user721966490156718075,67400
user4161640427738288498,238200
user8539201758784880032,55200
user8621585059654199635,68100
user38848559425025961,160200
user3116040626553346152,59300
user5029181539561073140,54000
user2063184973301973554,227300
user7499284730567029581,70800
user2869877069424267972,239500
user1699801497042284309,98900
user4392065557273142291,105300
user7420580775300209860,62700
user8749638909141925523,61300
user1268093265971078504,114200
user4733904502895058572,62700
user5345008087743790659,94300
user1242982474338318755,167200
user2052692688239157296,1095600
user5932108984688346107,123400
user5047491209029214299,67700
user658887877876609644,63000
user9045257591102238656,131200
user1028855732909829797,57200
user4970012405397004260,57900
user8219685619530719046,55300
user2539650329889448845,74400
user2379341349483291852,138700
user7682152932024911648,63000
user3635719946319578254,366000
user6869094772346928205,59800
user7624320462276211346,111600
user3200103808959087099,96800
user6053018494890400639,55600
user5790556549654957624,56500
user7540040536479382717,311200
user7030293541263826425,58500
user1230810307739081153,104600
user4963428026623473352,73400
user1462232028221759160,59000
user5188152283725107354,140700
user4919105959716133431,60200
user675746226495114927,58200
user2947355873056478011,126000
user1550203116916785457,59400
user6509619202376524310,58200
user517335442843221161,56600
user4290814198250295282,148500
user8714242330368493613,99000
user3607477952300761285,59600
user4972252247445566052,79200
user7072947543930442788,72000
user7643190092256492953,116600
user8291140004901538625,65100
user4491648852055265742,208000
user2706220143240966077,65800
user8932942169208737155,60900
user2040520521639919694,133200
user5817128907606296834,261000
user5606910072467093226,61600
user5607688348197075557,81600
user4554614379727861076,152300
user5551088884080169248,91100
user2179626616702602288,53700
user2821541865617313915,80100
user224391661540399385,98900
user8214221161781469034,70100
user8989094757421016113,66300
user8048884354061745795,163300
user8905591535527415614,154600
user7927974843859691263,74700
user9029177518213715704,67900
user8709897793643524497,59500
user7613828177213395088,60900
user180742639752713009,89800
user5711739509780624806,120400
user197600988371218292,55800
user8043638211530337666,60100
user756791291122311751,69100
user2121347271049274635,65500
user4821533946295786304,62400
user518673679085343940,61400
user5702025500447790879,106800
user8064622781655970182,54800
user4704760903069802590,153500
user9114130489130197878,61900
user6741040922859202317,188700
user5892927829702085529,63900
user5487462128583618155,74400
user5222542026081771465,91300
user8159738209636667835,58400
user6428014177237187038,66800
user3210596094021903357,54100
user3684055150126532311,109800
user958975998465102776,59400
user8382677354591551707,56600
user6653411479458474585,118500
user3458999493199543329,81100
user8610314498861401046,56100
user8394289560678648861,159300
user1181242098300333103,80600
user4905825689388312719,73400
user5817907183336279165,144400
user5146401458691684205,59900
user1246548735333305540,300300
user4217243300907370593,80700
user2469770595444721824,61000
user5665302502727933976,79600
user6294714185218053021,80100
user8361132823953778743,105600
user3172080130158112013,166700
user8117769069385402803,68500
user4803784237339785593,179000
user2294388378566809678,56300
user5399491039888591858,74900
user66540838400646067,58100
user8780337488600391966,58800
user7430524917146583456,62400
user6017073772900526067,58700
user2776441522979991663,56300
user5107220303705423627,164800
user5470822095182954755,58600
user4077577245332547551,169100
user8397867638969333432,56600
user917660232040609192,53700
user6887061224694016598,126100
user279765974022696012,113300
user645607607548788932,56800
user2715934152573800004,84500
user3677470771353001403,56800
user8395969442215070205,116000
user5775378082572873685,131900
user6894547209273986519,58200
user3806302896570709622,70900
user1363208693951776157,75500
user1222216219430528122,61500
user5372140406207270317,71400
user6679642192115515230,61000
user3146409378013211816,83000
user2753217110805797355,56000
user6405349725575133178,51600
user9007632987575942740,285700
user775889481789378826,77200
user1809877076887224018,221000
user5112466446236831756,490100
user1424389109477621361,59500
user7647876274275760634,162500
user7157227469727271417,330500
user5462009691656559841,55800
user5405628542757495415,120700
user3831755333497767936,65200
user7599987946373433928,68800
user1873172432558420131,247900
user7891811806651974808,91400
user6805456199554679326,68100
user3059111334437839064,61900
user5696219397404242302,79000
user8056588653859557599,64000
user7111350423186721035,67500
user5322125320863894916,128900
user1276357526281030756,55400
user7923848622352564030,97500
user8213661201269328586,61700
user6117652086803719531,80000
user5438225318970225085,67700
user1259280862444683590,60800
user2957848158119294269,161700
user5446819407278778116,55600
user1700361457554424757,544700
user9188043031767421132,118200
user2342505267155921852,52500
user3584471855344408860,223500
user7877628358690960882,149700
user1903094308113658444,71900
user7973863707695939431,57700
user7570739115937849160,60800
user2617129133521658884,259800
user8746060830851240952,182600
user8328982923645676424,303100
user616017131818905599,131500
user594472601181132635,55300
user4815396443426882747,72500
user4229186906819822727,82500
user6298840406725180254,69900
user874912816059361829,76900
user7120504472007414514,58300
user8758451312668320437,54100
user6311012573324417856,60500
user8067080938922373857,175200
user85845526989857239,66300
user7722783836034053901,67100
user2890643324332058605,56200
user3947637016386256222,134500
user5608029993491374122,65700
user1209484092319150072,85900
user2770853735154284969,58100
user759809408900855874,60300
user1505102774279463205,61500
user8895659210976739804,95000
user216357533743986802,71300
user7287292600576773629,103400
user8633197265741296789,73600
user2552382457000826895,167200
user8688571578223593416,56800
user1338097902319016408,81600
user2428796474314526805,80800
user5498732689376416744,55000
user6883713278916871696,54400
user6797535156365779840,66400
user4305432704820238773,227000
user3299687103741210550,108800
user8131827615443205846,63200
user1194865585749206581,82000
user7929654725396112607,231500
user3548308818136692405,237300
user3790004508464344787,166000
user155850163337795143,62900
user2428236513802386357,60800
user4590672186325248745,58100
user4425440609215854292,265800
user7654242337831449659,54100
user3827069151478500255,58000
user4770627500614915475,60600
user1721127712462215390,270600
user58494893308535698,90500
user501815330466838657,86200
user4417188166201599826,60400
user3723017989894951006,60000
user5725249912621985187,54500
user4792172031252688439,57600
user6394857440512316920,74100
user6879027096897604015,83500
user9095044115758828589,80600
user6176604477576700729,66400
user1357184275690385697,67400
user7372692447397883154,69700
user6454804850406368131,115200
user929054122909864463,62200
user3029967734612583082,164300
user731120538977411554,57800
user637561662456678563,79100
user8415834091316421825,67600
user4492987088297388521,289100
user764495590920123555,116000
user7892371767164115256,68700
user5692653136409255517,120300
user8099459399917261644,62300
user2721398610323050016,57000
user2176608498924058165,65600
user4188772746201768156,62600
user1452299703671083350,76500
user5465015992139406178,263600
user4855810604044937318,61200
user335587162409619990,62300
user8225604807181780720,65600
user5859658008369702314,56200
user3218642039114013726,59200
user6732228519332807403,57200
user4041414208124831096,59200
user425456447858909514,73600
user5106100382681142731,89000
user6295492460948035352,58200
user7861889931096736495,90600
user389281593355495273,57800
user5329829620661706720,83300
user1361310497197512930,55900
user4879035016219131626,59400
user6640119391834956087,92500
user5838113477731929350,157200
user4130723533061980172,97200
user8847324007169785747,74300
user4028682081013453046,61300
user4647271650442155054,350600
user6141767859315409267,57400
user4041632523342672979,57300
user4223267719168761053,4499800
user506283197268264455,77300
user5371798760912971752,57600
user7682712892537052096,62400
user170810315202037199,60400
user7559686870362892454,246400
user1780846561669481133,56700
user5589491763336447495,71400
user8883487044377502202,59900
user543784470718103689,97200
user5851623880573289731,92700
user6779443802115480564,176900
user6301080248773742046,58800
user2172700592634772815,57800
user301870465172609424,58200
user3663630540513040243,55300
user5816787262311998269,59500
user906607986465652486,205200
user8170572139993782658,56700
user6999035001293219534,58100
user8015945932554717560,237200
user2164996292836961011,59200
user7358852216557921994,243800
user6905257809554644660,55900
user7951199256033885571,435100
user5850285644331166952,55600
user6793843993467582172,59600
user6753773049970580367,219100
user5470603779965112872,64800
user8609972853567102481,65700
user757351251634452199,204500
user3127092872128302858,60600
user5103094082198296394,253200
user3348363952842463172,242000
user3552216724425977755,73300
user7675786868469222623,54800
user859392703682979325,57500
user5635038981878397098,57700
user8229399628863552973,56900
user9095604076270969037,68400
user4008257471399960978,123800
user1205917831324163287,62100
user1474185879603154879,72700
user1010099187537061287,55400
user8530047709964186553,57500
user2030028236577103436,60000
user2880151039269242347,54000
user1422937788627985485,251700
user6701186722753288194,54800
user5958121382127544869,193100
user8484718806640078833,54000
user7962251501608842277,60400
user4651957832461422735,88100
user9216171941178725004,73400
user6139309702049005592,59200
user2892541521086321832,177600
user5030519775803195919,57100
user3564607206243057240,58100
user4771965736857038254,57900
user2968682088476409092,77000
user4293042223003159288,56100
user5201775771173980832,59000
user4777771839900586831,68400
user6650611676897772345,215300
user1527767225941517065,77000
user1116826821604856094,257800
user5354940412294466469,69900
user3827287466696342138,64700
user6278975757623828634,246700
user8201489034670090984,60200
user3021703474302630830,56800
user3447605602330288058,84800
user6074563025528173603,79100
user8843416100880500397,63800
user8795515955682475905,59100
user8760691154716882229,83500
user4734464463407199020,56500
user6173026399286016158,58600
user5077081684759097632,636500
user8279746114032283354,281100
user759249448388715426,88600
user6383463549643061649,58700
user5471382055695095203,96600
user4299626601776690196,61400
user439514993916712557,57800
user7736854199387554730,72400
user6054138415914681535,63700
user7756500533271064467,57800
user3633708664957801930,62100
user8665015766224044128,74400
user944232589991948402,274100
user7699571241155557379,58200
user7361080241310786000,75000
user1676358769650248118,84600
user5322903596593877247,75800
user2991346540138462952,251600
user291036534815494601,1128400
user528387688418177867,53300
user4746294984712138057,183500
user1851627901920647167,59400
user4002338283748899304,266700
user7087907695794684844,66800
user4262903604056833293,60600
user792406185113585544,64100
user6453124968869946787,59500
user7246536794664420493,54800
user4619142741030851182,231400
user7939368734728946534,205800
user5778166067837878139,56800
user2155282283504127084,223900
user3914480279661386104,57900
user8004893686979760854,67900
user1109682482319184738,55500
user7320449337301643747,331500
user7350806271465811625,57800
user4967006104914157923,64800
user6696718855951862396,259800
user3606358031276480389,57800
user1445715324897552442,62200
user9074059545633196073,70200
user7835877533657537733,62800
user1487684465148817474,64800
user5289528544651165246,54700
user5824833207404108638,131900
user6629067146259999381,55200
user9072721309391073294,65600
user8642351314561990268,57100
user6960632122036941287,66900
user2946795912544337563,81000
user733018735731674781,61100
user2402005801145345712,57100
user5596417787404276968,241500
user4971132326421285156,226200
user4997363039078325801,59100
user7221426003031660744,79700
user4162760348762569394,335400
user8857474646938303440,237600
user9169951677517121856,61400
user5565159247433670077,53900
user8543887940804147713,97000
user452920166147744152,319500
user3092268071162709182,67100
user379567584022661346,208200
user8810259364155630279,57500
user1821489282974321172,64500
user9200433513584500617,77100
user638463268263117576,58000
user3963593759198322492,55400
user7449829605735794628,237100
user3268210248552761776,57800
user9216731901690865452,76100
user4141775778636936878,59900
user297962558883324074,60300
user5428852954931689723,57900
user3699793577720756698,280500
user7787542329850583676,55900
user7341433907427276263,53100
user1638061121004298657,3803200
user665813901944439117,60800
user8620806783924217304,54300
user7136461214819480784,57300
user1427737055254766263,55200
user5689075058118570946,57900
user2389833634546108110,57600
user4118333051244900687,2940600
user8862720789469711569,64700
user5929102684205499770,59000
user2121234186441761538,58100
user5901192090012037781,221000
user6041966249315443933,61400
user8076794948255207784,60000
user3740996259537737185,57600
user7325695479833051876,57500
user4282549937940343030,76100
user2049114609948472725,57400
user3106108302002670342,57700
user914653931557762855,55500
user3551656763913837307,59400
user3465023911460933789,62000
user6846990281197014793,60000
user6707324225622191751,57700
user896675661914976676,61700
user1726032209699324954,55900
user5737970222437665451,356200
user557076558341622187,55800
user7333729607629464459,295100
user4003789604598535180,489600
user8379111093596564922,63000
user5133451016362464272,782000
user3123526611133316073,61400
user1774709058800577576,68500
user4305774350114537338,55300
user7384304653484980308,61300
user4336131284278705216,68500
user5911684375074854039,63700
user5828181153181253540,62200
user1333959863516191389,56900
user4908053714141176725,233200
user1824277268239325626,58200
user7230020091340213775,59500
user9100850218802377166,55200
user7634812747339027604,63400
user3123184965839017508,60900
user1798046555582284981,3524400
user6836497996134198535,56300
user1604686069061586656,56000
user8168892258457361314,285400
user223271740516118489,57100
user6425774335188625246,81200
user6712352052935757997,74100
user6421088153169357565,55800
user924367940890596782,168100
user154511927095672364,85600
user6405008080280834613,2284300
user1995420179002597442,61800
user916321995798486413,62100
user6630187067284280277,1594400
user7130436796558090324,304400
user8721728314948463534,61500
user4942443456497840836,61000
user2109621980354664384,59600
user9132327073990825940,58400
user8698285587556427343,3140400
user288030234332648264,57900
user7661168361899279132,55400
user7351926192490092521,1629500
user7471155821155725709,60800
user7038557801573778677,54700
user3245992672795335267,288800
user5521510225645983701,60400
user184868861259840242,59400
user7004841104336768111,59300
user1342005808608301758,59700
user8392621496437925303,64000
user2854138641830043585,53100
user6570686533294856417,81000
user4891755326034811890,72700
user4541882252616483026,59800
user4545230198393627928,58700
user8848102282899768078,58600
user3056871492389277272,58500
user8278967838302301023,56900
user5943721190775443261,52100
user6834818114597777191,503800
user2776099877685693098,55400
user1963041718007709655,59700
user8544447901316288161,3409800
user5976317966988172931,69200
user1025837615131285674,1534000
user7021699452955273394,57600
user3936803086029141399,67700
user5300580790226121952,56300
user8735568545788424694,62000
user2286124118256857426,57300
user6652291558434193689,52900
user677644423249378154,66800
user4254079383234740593,63400
user8982510378647485205,59300
user8835711801082688593,56000
user7210373757456704038,1657300
user730778893683112989,56900
user8754885051673333652,60700
user5144503261937420978,61500
user3562927324706635896,58000
user1143959140068335752,56600
user5662844345461530301,1618300
user6284781860667377211,1348900
user4464858178886084649,57300
user1252914798888994565,55800
user2540551935695887858,63400
user4255199304259021489,58900
user6777545605361217337,55400
user7087006089988245831,55800
user1902875992895816561,64900
user2616910818303817001,1519800
user3711747429102152417,727400
user3106886577732652673,62400
user3974987650067577763,54600
user8916083820590231872,61100
user2781905980729241675,62700
user8879920783382515417,58700
