Initializing PostgreSQL database ycsb...
Done initializing ycsb.
Initializing PostgreSQL database ycsb_unchange...
Done initializing ycsb_unchange.
=== Executing the load phase ===
Initial-load verification - TotalSize:1000000 ExpectedFieldLength:100
Arrangement completed. Output saved to ../analysis/Data/Workload_data/postgresql_array_run1_zipfian_light_mixed.csv
Reference-load verification - TotalSize:1000000 ExpectedFieldLength:100
=== Setting parameter values for extend phase ===
=== Executing the extend phase with extendproportion=1 and other proportions=0 ===
Arrangement completed. Output saved to ../analysis/Data/Workload_data/postgresql_array_run1_zipfian_light_mixed.csv
Size computation started
Extend verification - Min:1100 Max:41000 Avg:2000 (Expected avg per record: ~1000 bytes initially)
Generating histogram from key size log: key_sizes.csv
Histogram written to histogram_postgresql_array_zipfian_light_mixed.txt (BlockSize = 100)
Appending first iteration...
First iteration: Appended values from key_sizes.csv to ../analysis/Data/Value_size_data/value_sizes_postgresql_array_run1_zipfian_light_mixed_before.csv
VACUUM start: 1773505499
VACUUM end: 1773505499
=== Setting parameter values for run phase ===
Checking query plan before run phase
=== Executing the run phase with extendproportion=0 and read/update proportions=0.5 ===
Arrangement completed. Output saved to ../analysis/Data/Workload_data/postgresql_array_run1_zipfian_light_mixed.csv
Arrangement completed. Output saved to ../analysis/Data/Workload_data/postgresql_array_run1_zipfian_light_mixed.csv
Backing up the database started
Backing up the database finished
Arrangement completed. Output saved to ../analysis/Data/Workload_data/postgresql_array_run1_zipfian_light_mixed.csv
Size computation started
Appending first iteration...
First iteration: Appended values from key_sizes.csv to ../analysis/Data/Value_size_data/value_sizes_postgresql_array_run1_zipfian_light_mixed_after.csv
Total size: 2481000, Field length average: 248
Workload file fieldlength set to: 248 (expected: 248)
=== Executing the load phase for the comparison study ===
Comparison-load verification - Epoch:1 Run:1 TotalSize:2480000 ExpectedFieldLength:248
Avg-run verification - Epoch:1 Run:1 Iteration:1 TotalSize:2480000 ExpectedFieldLength:248
=== Executing the run phase with extendproportion=0 and read/update proportions=0.5 ===
Arrangement completed. Output saved to ../analysis/Data/Workload_data/postgresql_array_run1_zipfian_light_mixed.csv
=== Setting parameter values for extend phase ===
=== Executing the extend phase with extendproportion=1 and other proportions=0 ===
Arrangement completed. Output saved to ../analysis/Data/Workload_data/postgresql_array_run1_zipfian_light_mixed.csv
Size computation started
Extend verification - Min:2300 Max:43300 Avg:3440 (Expected avg per record: ~1000 bytes initially)
Generating histogram from key size log: key_sizes.csv
Histogram written to histogram_postgresql_array_zipfian_light_mixed.txt (BlockSize = 100)
Appending subsequent iteration 2...
Iteration 2: Appended new size values from key_sizes.csv to ../analysis/Data/Value_size_data/value_sizes_postgresql_array_run1_zipfian_light_mixed_before.csv
VACUUM start: 1773505781
VACUUM end: 1773505782
=== Setting parameter values for run phase ===
Checking query plan before run phase
=== Executing the run phase with extendproportion=0 and read/update proportions=0.5 ===
Arrangement completed. Output saved to ../analysis/Data/Workload_data/postgresql_array_run1_zipfian_light_mixed.csv
Arrangement completed. Output saved to ../analysis/Data/Workload_data/postgresql_array_run1_zipfian_light_mixed.csv
Backing up the database started
Backing up the database finished
Arrangement completed. Output saved to ../analysis/Data/Workload_data/postgresql_array_run1_zipfian_light_mixed.csv
Size computation started
Appending subsequent iteration 2...
Iteration 2: Appended new size values from key_sizes.csv to ../analysis/Data/Value_size_data/value_sizes_postgresql_array_run1_zipfian_light_mixed_after.csv
Total size: 3971300, Field length average: 397
Workload file fieldlength set to: 397 (expected: 397)
=== Executing the load phase for the comparison study ===
Comparison-load verification - Epoch:1 Run:2 TotalSize:3970000 ExpectedFieldLength:397
Avg-run verification - Epoch:1 Run:2 Iteration:2 TotalSize:3970000 ExpectedFieldLength:397
=== Executing the run phase with extendproportion=0 and read/update proportions=0.5 ===
Arrangement completed. Output saved to ../analysis/Data/Workload_data/postgresql_array_run1_zipfian_light_mixed.csv
=== Setting parameter values for extend phase ===
=== Executing the extend phase with extendproportion=1 and other proportions=0 ===
Arrangement completed. Output saved to ../analysis/Data/Workload_data/postgresql_array_run1_zipfian_light_mixed.csv
Size computation started
Extend verification - Min:3600 Max:43000 Avg:4948 (Expected avg per record: ~1000 bytes initially)
Generating histogram from key size log: key_sizes.csv
Histogram written to histogram_postgresql_array_zipfian_light_mixed.txt (BlockSize = 100)
Appending subsequent iteration 3...
Iteration 3: Appended new size values from key_sizes.csv to ../analysis/Data/Value_size_data/value_sizes_postgresql_array_run1_zipfian_light_mixed_before.csv
VACUUM start: 1773506072
VACUUM end: 1773506072
=== Setting parameter values for run phase ===
Checking query plan before run phase
=== Executing the run phase with extendproportion=0 and read/update proportions=0.5 ===
Arrangement completed. Output saved to ../analysis/Data/Workload_data/postgresql_array_run1_zipfian_light_mixed.csv
Arrangement completed. Output saved to ../analysis/Data/Workload_data/postgresql_array_run1_zipfian_light_mixed.csv
Backing up the database started
Backing up the database finished
Arrangement completed. Output saved to ../analysis/Data/Workload_data/postgresql_array_run1_zipfian_light_mixed.csv
Size computation started
Appending subsequent iteration 3...
Iteration 3: Appended new size values from key_sizes.csv to ../analysis/Data/Value_size_data/value_sizes_postgresql_array_run1_zipfian_light_mixed_after.csv
Total size: 5455900, Field length average: 545
Workload file fieldlength set to: 545 (expected: 545)
=== Executing the load phase for the comparison study ===
Comparison-load verification - Epoch:1 Run:3 TotalSize:5450000 ExpectedFieldLength:545
Avg-run verification - Epoch:1 Run:3 Iteration:3 TotalSize:5450000 ExpectedFieldLength:545
=== Executing the run phase with extendproportion=0 and read/update proportions=0.5 ===
Arrangement completed. Output saved to ../analysis/Data/Workload_data/postgresql_array_run1_zipfian_light_mixed.csv
=== Setting parameter values for extend phase ===
=== Executing the extend phase with extendproportion=1 and other proportions=0 ===
Arrangement completed. Output saved to ../analysis/Data/Workload_data/postgresql_array_run1_zipfian_light_mixed.csv
Size computation started
Extend verification - Min:4900 Max:46000 Avg:6424 (Expected avg per record: ~1000 bytes initially)
Generating histogram from key size log: key_sizes.csv
Histogram written to histogram_postgresql_array_zipfian_light_mixed.txt (BlockSize = 100)
Appending subsequent iteration 4...
Iteration 4: Appended new size values from key_sizes.csv to ../analysis/Data/Value_size_data/value_sizes_postgresql_array_run1_zipfian_light_mixed_before.csv
VACUUM start: 1773506356
VACUUM end: 1773506357
=== Setting parameter values for run phase ===
Checking query plan before run phase
=== Executing the run phase with extendproportion=0 and read/update proportions=0.5 ===
Arrangement completed. Output saved to ../analysis/Data/Workload_data/postgresql_array_run1_zipfian_light_mixed.csv
Arrangement completed. Output saved to ../analysis/Data/Workload_data/postgresql_array_run1_zipfian_light_mixed.csv
Backing up the database started
Backing up the database finished
Arrangement completed. Output saved to ../analysis/Data/Workload_data/postgresql_array_run1_zipfian_light_mixed.csv
Size computation started
Appending subsequent iteration 4...
Iteration 4: Appended new size values from key_sizes.csv to ../analysis/Data/Value_size_data/value_sizes_postgresql_array_run1_zipfian_light_mixed_after.csv
Total size: 6950500, Field length average: 695
Workload file fieldlength set to: 695 (expected: 695)
=== Executing the load phase for the comparison study ===
Comparison-load verification - Epoch:1 Run:4 TotalSize:6950000 ExpectedFieldLength:695
Avg-run verification - Epoch:1 Run:4 Iteration:4 TotalSize:6950000 ExpectedFieldLength:695
=== Executing the run phase with extendproportion=0 and read/update proportions=0.5 ===
Arrangement completed. Output saved to ../analysis/Data/Workload_data/postgresql_array_run1_zipfian_light_mixed.csv
=== Setting parameter values for extend phase ===
=== Executing the extend phase with extendproportion=1 and other proportions=0 ===
Arrangement completed. Output saved to ../analysis/Data/Workload_data/postgresql_array_run1_zipfian_light_mixed.csv
Size computation started
Extend verification - Min:6600 Max:45600 Avg:7948 (Expected avg per record: ~1000 bytes initially)
Generating histogram from key size log: key_sizes.csv
Histogram written to histogram_postgresql_array_zipfian_light_mixed.txt (BlockSize = 100)
Appending subsequent iteration 5...
Iteration 5: Appended new size values from key_sizes.csv to ../analysis/Data/Value_size_data/value_sizes_postgresql_array_run1_zipfian_light_mixed_before.csv
VACUUM start: 1773506653
VACUUM end: 1773506653
=== Setting parameter values for run phase ===
Checking query plan before run phase
=== Executing the run phase with extendproportion=0 and read/update proportions=0.5 ===
Arrangement completed. Output saved to ../analysis/Data/Workload_data/postgresql_array_run1_zipfian_light_mixed.csv
Arrangement completed. Output saved to ../analysis/Data/Workload_data/postgresql_array_run1_zipfian_light_mixed.csv
Backing up the database started
Backing up the database finished
Arrangement completed. Output saved to ../analysis/Data/Workload_data/postgresql_array_run1_zipfian_light_mixed.csv
Size computation started
Appending subsequent iteration 5...
Iteration 5: Appended new size values from key_sizes.csv to ../analysis/Data/Value_size_data/value_sizes_postgresql_array_run1_zipfian_light_mixed_after.csv
Total size: 8435000, Field length average: 843
Workload file fieldlength set to: 843 (expected: 843)
=== Executing the load phase for the comparison study ===
Comparison-load verification - Epoch:1 Run:5 TotalSize:8430000 ExpectedFieldLength:843
Avg-run verification - Epoch:1 Run:5 Iteration:5 TotalSize:8430000 ExpectedFieldLength:843
=== Executing the run phase with extendproportion=0 and read/update proportions=0.5 ===
Arrangement completed. Output saved to ../analysis/Data/Workload_data/postgresql_array_run1_zipfian_light_mixed.csv
=== Setting parameter values for extend phase ===
=== Executing the extend phase with extendproportion=1 and other proportions=0 ===
Arrangement completed. Output saved to ../analysis/Data/Workload_data/postgresql_array_run1_zipfian_light_mixed.csv
Size computation started
Extend verification - Min:8000 Max:47100 Avg:9443 (Expected avg per record: ~1000 bytes initially)
Generating histogram from key size log: key_sizes.csv
Histogram written to histogram_postgresql_array_zipfian_light_mixed.txt (BlockSize = 100)
Appending subsequent iteration 6...
Iteration 6: Appended new size values from key_sizes.csv to ../analysis/Data/Value_size_data/value_sizes_postgresql_array_run1_zipfian_light_mixed_before.csv
VACUUM start: 1773506951
VACUUM end: 1773506951
=== Setting parameter values for run phase ===
Checking query plan before run phase
=== Executing the run phase with extendproportion=0 and read/update proportions=0.5 ===
Arrangement completed. Output saved to ../analysis/Data/Workload_data/postgresql_array_run1_zipfian_light_mixed.csv
Arrangement completed. Output saved to ../analysis/Data/Workload_data/postgresql_array_run1_zipfian_light_mixed.csv
Backing up the database started
Backing up the database finished
Arrangement completed. Output saved to ../analysis/Data/Workload_data/postgresql_array_run1_zipfian_light_mixed.csv
Size computation started
Appending subsequent iteration 6...
Iteration 6: Appended new size values from key_sizes.csv to ../analysis/Data/Value_size_data/value_sizes_postgresql_array_run1_zipfian_light_mixed_after.csv
Total size: 9948300, Field length average: 994
Workload file fieldlength set to: 994 (expected: 994)
=== Executing the load phase for the comparison study ===
Comparison-load verification - Epoch:1 Run:6 TotalSize:9940000 ExpectedFieldLength:994
Avg-run verification - Epoch:1 Run:6 Iteration:6 TotalSize:9940000 ExpectedFieldLength:994
=== Executing the run phase with extendproportion=0 and read/update proportions=0.5 ===
Arrangement completed. Output saved to ../analysis/Data/Workload_data/postgresql_array_run1_zipfian_light_mixed.csv
=== Setting parameter values for extend phase ===
=== Executing the extend phase with extendproportion=1 and other proportions=0 ===
Arrangement completed. Output saved to ../analysis/Data/Workload_data/postgresql_array_run1_zipfian_light_mixed.csv
Size computation started
Extend verification - Min:9400 Max:50400 Avg:10973 (Expected avg per record: ~1000 bytes initially)
Generating histogram from key size log: key_sizes.csv
Histogram written to histogram_postgresql_array_zipfian_light_mixed.txt (BlockSize = 100)
Appending subsequent iteration 7...
Iteration 7: Appended new size values from key_sizes.csv to ../analysis/Data/Value_size_data/value_sizes_postgresql_array_run1_zipfian_light_mixed_before.csv
VACUUM start: 1773507246
VACUUM end: 1773507246
=== Setting parameter values for run phase ===
Checking query plan before run phase
=== Executing the run phase with extendproportion=0 and read/update proportions=0.5 ===
Arrangement completed. Output saved to ../analysis/Data/Workload_data/postgresql_array_run1_zipfian_light_mixed.csv
Arrangement completed. Output saved to ../analysis/Data/Workload_data/postgresql_array_run1_zipfian_light_mixed.csv
Backing up the database started
Backing up the database finished
Arrangement completed. Output saved to ../analysis/Data/Workload_data/postgresql_array_run1_zipfian_light_mixed.csv
Size computation started
Appending subsequent iteration 7...
Iteration 7: Appended new size values from key_sizes.csv to ../analysis/Data/Value_size_data/value_sizes_postgresql_array_run1_zipfian_light_mixed_after.csv
Total size: 11462100, Field length average: 1146
Workload file fieldlength set to: 1146 (expected: 1146)
=== Executing the load phase for the comparison study ===
Comparison-load verification - Epoch:1 Run:7 TotalSize:11460000 ExpectedFieldLength:1146
Avg-run verification - Epoch:1 Run:7 Iteration:7 TotalSize:11460000 ExpectedFieldLength:1146
=== Executing the run phase with extendproportion=0 and read/update proportions=0.5 ===
Arrangement completed. Output saved to ../analysis/Data/Workload_data/postgresql_array_run1_zipfian_light_mixed.csv
=== Setting parameter values for extend phase ===
=== Executing the extend phase with extendproportion=1 and other proportions=0 ===
Arrangement completed. Output saved to ../analysis/Data/Workload_data/postgresql_array_run1_zipfian_light_mixed.csv
Size computation started
Extend verification - Min:10900 Max:51800 Avg:12443 (Expected avg per record: ~1000 bytes initially)
Generating histogram from key size log: key_sizes.csv
Histogram written to histogram_postgresql_array_zipfian_light_mixed.txt (BlockSize = 100)
Appending subsequent iteration 8...
Iteration 8: Appended new size values from key_sizes.csv to ../analysis/Data/Value_size_data/value_sizes_postgresql_array_run1_zipfian_light_mixed_before.csv
VACUUM start: 1773507543
VACUUM end: 1773507543
=== Setting parameter values for run phase ===
Checking query plan before run phase
=== Executing the run phase with extendproportion=0 and read/update proportions=0.5 ===
Arrangement completed. Output saved to ../analysis/Data/Workload_data/postgresql_array_run1_zipfian_light_mixed.csv
Arrangement completed. Output saved to ../analysis/Data/Workload_data/postgresql_array_run1_zipfian_light_mixed.csv
Backing up the database started
Backing up the database finished
Arrangement completed. Output saved to ../analysis/Data/Workload_data/postgresql_array_run1_zipfian_light_mixed.csv
Size computation started
Appending subsequent iteration 8...
Iteration 8: Appended new size values from key_sizes.csv to ../analysis/Data/Value_size_data/value_sizes_postgresql_array_run1_zipfian_light_mixed_after.csv
Total size: 12933300, Field length average: 1293
Workload file fieldlength set to: 1293 (expected: 1293)
=== Executing the load phase for the comparison study ===
Comparison-load verification - Epoch:1 Run:8 TotalSize:12930000 ExpectedFieldLength:1293
Avg-run verification - Epoch:1 Run:8 Iteration:8 TotalSize:12930000 ExpectedFieldLength:1293
=== Executing the run phase with extendproportion=0 and read/update proportions=0.5 ===
Arrangement completed. Output saved to ../analysis/Data/Workload_data/postgresql_array_run1_zipfian_light_mixed.csv
=== Setting parameter values for extend phase ===
=== Executing the extend phase with extendproportion=1 and other proportions=0 ===
Arrangement completed. Output saved to ../analysis/Data/Workload_data/postgresql_array_run1_zipfian_light_mixed.csv
Size computation started
Extend verification - Min:12300 Max:54300 Avg:13920 (Expected avg per record: ~1000 bytes initially)
Generating histogram from key size log: key_sizes.csv
Histogram written to histogram_postgresql_array_zipfian_light_mixed.txt (BlockSize = 100)
Appending subsequent iteration 9...
Iteration 9: Appended new size values from key_sizes.csv to ../analysis/Data/Value_size_data/value_sizes_postgresql_array_run1_zipfian_light_mixed_before.csv
VACUUM start: 1773507845
VACUUM end: 1773507845
=== Setting parameter values for run phase ===
Checking query plan before run phase
=== Executing the run phase with extendproportion=0 and read/update proportions=0.5 ===
Arrangement completed. Output saved to ../analysis/Data/Workload_data/postgresql_array_run1_zipfian_light_mixed.csv
Arrangement completed. Output saved to ../analysis/Data/Workload_data/postgresql_array_run1_zipfian_light_mixed.csv
Backing up the database started
Backing up the database finished
Arrangement completed. Output saved to ../analysis/Data/Workload_data/postgresql_array_run1_zipfian_light_mixed.csv
Size computation started
Appending subsequent iteration 9...
Iteration 9: Appended new size values from key_sizes.csv to ../analysis/Data/Value_size_data/value_sizes_postgresql_array_run1_zipfian_light_mixed_after.csv
Total size: 14389700, Field length average: 1438
Workload file fieldlength set to: 1438 (expected: 1438)
=== Executing the load phase for the comparison study ===
Comparison-load verification - Epoch:1 Run:9 TotalSize:14380000 ExpectedFieldLength:1438
Avg-run verification - Epoch:1 Run:9 Iteration:9 TotalSize:14380000 ExpectedFieldLength:1438
=== Executing the run phase with extendproportion=0 and read/update proportions=0.5 ===
Arrangement completed. Output saved to ../analysis/Data/Workload_data/postgresql_array_run1_zipfian_light_mixed.csv
=== Setting parameter values for extend phase ===
=== Executing the extend phase with extendproportion=1 and other proportions=0 ===
Arrangement completed. Output saved to ../analysis/Data/Workload_data/postgresql_array_run1_zipfian_light_mixed.csv
Size computation started
Extend verification - Min:13100 Max:51000 Avg:15419 (Expected avg per record: ~1000 bytes initially)
Generating histogram from key size log: key_sizes.csv
Histogram written to histogram_postgresql_array_zipfian_light_mixed.txt (BlockSize = 100)
Appending subsequent iteration 10...
Iteration 10: Appended new size values from key_sizes.csv to ../analysis/Data/Value_size_data/value_sizes_postgresql_array_run1_zipfian_light_mixed_before.csv
VACUUM start: 1773508144
VACUUM end: 1773508145
=== Setting parameter values for run phase ===
Checking query plan before run phase
=== Executing the run phase with extendproportion=0 and read/update proportions=0.5 ===
Arrangement completed. Output saved to ../analysis/Data/Workload_data/postgresql_array_run1_zipfian_light_mixed.csv
Arrangement completed. Output saved to ../analysis/Data/Workload_data/postgresql_array_run1_zipfian_light_mixed.csv
Backing up the database started
Backing up the database finished
Arrangement completed. Output saved to ../analysis/Data/Workload_data/postgresql_array_run1_zipfian_light_mixed.csv
Size computation started
Appending subsequent iteration 10...
Iteration 10: Appended new size values from key_sizes.csv to ../analysis/Data/Value_size_data/value_sizes_postgresql_array_run1_zipfian_light_mixed_after.csv
Total size: 15925900, Field length average: 1592
Workload file fieldlength set to: 1592 (expected: 1592)
=== Executing the load phase for the comparison study ===
Comparison-load verification - Epoch:1 Run:10 TotalSize:15920000 ExpectedFieldLength:1592
Avg-run verification - Epoch:1 Run:10 Iteration:10 TotalSize:15920000 ExpectedFieldLength:1592
=== Executing the run phase with extendproportion=0 and read/update proportions=0.5 ===
Arrangement completed. Output saved to ../analysis/Data/Workload_data/postgresql_array_run1_zipfian_light_mixed.csv
=== Setting parameter values for extend phase ===
=== Executing the extend phase with extendproportion=1 and other proportions=0 ===
Arrangement completed. Output saved to ../analysis/Data/Workload_data/postgresql_array_run1_zipfian_light_mixed.csv
Size computation started
Extend verification - Min:14700 Max:54600 Avg:16935 (Expected avg per record: ~1000 bytes initially)
Generating histogram from key size log: key_sizes.csv
Histogram written to histogram_postgresql_array_zipfian_light_mixed.txt (BlockSize = 100)
Appending subsequent iteration 11...
Iteration 11: Appended new size values from key_sizes.csv to ../analysis/Data/Value_size_data/value_sizes_postgresql_array_run1_zipfian_light_mixed_before.csv
VACUUM start: 1773508449
VACUUM end: 1773508449
=== Setting parameter values for run phase ===
Checking query plan before run phase
=== Executing the run phase with extendproportion=0 and read/update proportions=0.5 ===
Arrangement completed. Output saved to ../analysis/Data/Workload_data/postgresql_array_run1_zipfian_light_mixed.csv
Arrangement completed. Output saved to ../analysis/Data/Workload_data/postgresql_array_run1_zipfian_light_mixed.csv
Backing up the database started
Backing up the database finished
Arrangement completed. Output saved to ../analysis/Data/Workload_data/postgresql_array_run1_zipfian_light_mixed.csv
Size computation started
Appending subsequent iteration 11...
Iteration 11: Appended new size values from key_sizes.csv to ../analysis/Data/Value_size_data/value_sizes_postgresql_array_run1_zipfian_light_mixed_after.csv
Total size: 17410000, Field length average: 1741
Workload file fieldlength set to: 1741 (expected: 1741)
=== Executing the load phase for the comparison study ===
Comparison-load verification - Epoch:2 Run:1 TotalSize:17410000 ExpectedFieldLength:1741
Avg-run verification - Epoch:2 Run:1 Iteration:11 TotalSize:17410000 ExpectedFieldLength:1741
=== Executing the run phase with extendproportion=0 and read/update proportions=0.5 ===
Arrangement completed. Output saved to ../analysis/Data/Workload_data/postgresql_array_run1_zipfian_light_mixed.csv
=== Setting parameter values for extend phase ===
=== Executing the extend phase with extendproportion=1 and other proportions=0 ===
Arrangement completed. Output saved to ../analysis/Data/Workload_data/postgresql_array_run1_zipfian_light_mixed.csv
Size computation started
Extend verification - Min:15900 Max:59800 Avg:18411 (Expected avg per record: ~1000 bytes initially)
Generating histogram from key size log: key_sizes.csv
Histogram written to histogram_postgresql_array_zipfian_light_mixed.txt (BlockSize = 100)
Appending subsequent iteration 12...
Iteration 12: Appended new size values from key_sizes.csv to ../analysis/Data/Value_size_data/value_sizes_postgresql_array_run1_zipfian_light_mixed_before.csv
VACUUM start: 1773508751
VACUUM end: 1773508751
=== Setting parameter values for run phase ===
Checking query plan before run phase
=== Executing the run phase with extendproportion=0 and read/update proportions=0.5 ===
Arrangement completed. Output saved to ../analysis/Data/Workload_data/postgresql_array_run1_zipfian_light_mixed.csv
Arrangement completed. Output saved to ../analysis/Data/Workload_data/postgresql_array_run1_zipfian_light_mixed.csv
Backing up the database started
Backing up the database finished
Arrangement completed. Output saved to ../analysis/Data/Workload_data/postgresql_array_run1_zipfian_light_mixed.csv
Size computation started
Appending subsequent iteration 12...
Iteration 12: Appended new size values from key_sizes.csv to ../analysis/Data/Value_size_data/value_sizes_postgresql_array_run1_zipfian_light_mixed_after.csv
Total size: 18919000, Field length average: 1891
Workload file fieldlength set to: 1891 (expected: 1891)
=== Executing the load phase for the comparison study ===
Comparison-load verification - Epoch:2 Run:2 TotalSize:18910000 ExpectedFieldLength:1891
Avg-run verification - Epoch:2 Run:2 Iteration:12 TotalSize:18910000 ExpectedFieldLength:1891
=== Executing the run phase with extendproportion=0 and read/update proportions=0.5 ===
Arrangement completed. Output saved to ../analysis/Data/Workload_data/postgresql_array_run1_zipfian_light_mixed.csv
=== Setting parameter values for extend phase ===
=== Executing the extend phase with extendproportion=1 and other proportions=0 ===
Arrangement completed. Output saved to ../analysis/Data/Workload_data/postgresql_array_run1_zipfian_light_mixed.csv
Size computation started
Extend verification - Min:17600 Max:61600 Avg:19916 (Expected avg per record: ~1000 bytes initially)
Generating histogram from key size log: key_sizes.csv
Histogram written to histogram_postgresql_array_zipfian_light_mixed.txt (BlockSize = 100)
Appending subsequent iteration 13...
Iteration 13: Appended new size values from key_sizes.csv to ../analysis/Data/Value_size_data/value_sizes_postgresql_array_run1_zipfian_light_mixed_before.csv
VACUUM start: 1773509054
VACUUM end: 1773509055
=== Setting parameter values for run phase ===
Checking query plan before run phase
=== Executing the run phase with extendproportion=0 and read/update proportions=0.5 ===
Arrangement completed. Output saved to ../analysis/Data/Workload_data/postgresql_array_run1_zipfian_light_mixed.csv
Arrangement completed. Output saved to ../analysis/Data/Workload_data/postgresql_array_run1_zipfian_light_mixed.csv
Backing up the database started
Backing up the database finished
Arrangement completed. Output saved to ../analysis/Data/Workload_data/postgresql_array_run1_zipfian_light_mixed.csv
Size computation started
Appending subsequent iteration 13...
Iteration 13: Appended new size values from key_sizes.csv to ../analysis/Data/Value_size_data/value_sizes_postgresql_array_run1_zipfian_light_mixed_after.csv
Total size: 20403400, Field length average: 2040
Workload file fieldlength set to: 2040 (expected: 2040)
=== Executing the load phase for the comparison study ===
Comparison-load verification - Epoch:2 Run:3 TotalSize:20400000 ExpectedFieldLength:2040
Avg-run verification - Epoch:2 Run:3 Iteration:13 TotalSize:20400000 ExpectedFieldLength:2040
=== Executing the run phase with extendproportion=0 and read/update proportions=0.5 ===
Arrangement completed. Output saved to ../analysis/Data/Workload_data/postgresql_array_run1_zipfian_light_mixed.csv
=== Setting parameter values for extend phase ===
=== Executing the extend phase with extendproportion=1 and other proportions=0 ===
Arrangement completed. Output saved to ../analysis/Data/Workload_data/postgresql_array_run1_zipfian_light_mixed.csv
Size computation started
Extend verification - Min:18700 Max:60800 Avg:21395 (Expected avg per record: ~1000 bytes initially)
Generating histogram from key size log: key_sizes.csv
Histogram written to histogram_postgresql_array_zipfian_light_mixed.txt (BlockSize = 100)
Appending subsequent iteration 14...
Iteration 14: Appended new size values from key_sizes.csv to ../analysis/Data/Value_size_data/value_sizes_postgresql_array_run1_zipfian_light_mixed_before.csv
VACUUM start: 1773509346
VACUUM end: 1773509347
=== Setting parameter values for run phase ===
Checking query plan before run phase
=== Executing the run phase with extendproportion=0 and read/update proportions=0.5 ===
Arrangement completed. Output saved to ../analysis/Data/Workload_data/postgresql_array_run1_zipfian_light_mixed.csv
Arrangement completed. Output saved to ../analysis/Data/Workload_data/postgresql_array_run1_zipfian_light_mixed.csv
Backing up the database started
Backing up the database finished
Arrangement completed. Output saved to ../analysis/Data/Workload_data/postgresql_array_run1_zipfian_light_mixed.csv
Size computation started
Appending subsequent iteration 14...
Iteration 14: Appended new size values from key_sizes.csv to ../analysis/Data/Value_size_data/value_sizes_postgresql_array_run1_zipfian_light_mixed_after.csv
Total size: 21873000, Field length average: 2187
Workload file fieldlength set to: 2187 (expected: 2187)
=== Executing the load phase for the comparison study ===
Comparison-load verification - Epoch:2 Run:4 TotalSize:21870000 ExpectedFieldLength:2187
Avg-run verification - Epoch:2 Run:4 Iteration:14 TotalSize:21870000 ExpectedFieldLength:2187
=== Executing the run phase with extendproportion=0 and read/update proportions=0.5 ===
Arrangement completed. Output saved to ../analysis/Data/Workload_data/postgresql_array_run1_zipfian_light_mixed.csv
=== Setting parameter values for extend phase ===
=== Executing the extend phase with extendproportion=1 and other proportions=0 ===
Arrangement completed. Output saved to ../analysis/Data/Workload_data/postgresql_array_run1_zipfian_light_mixed.csv
Size computation started
Extend verification - Min:20000 Max:59600 Avg:22852 (Expected avg per record: ~1000 bytes initially)
Generating histogram from key size log: key_sizes.csv
Histogram written to histogram_postgresql_array_zipfian_light_mixed.txt (BlockSize = 100)
Appending subsequent iteration 15...
Iteration 15: Appended new size values from key_sizes.csv to ../analysis/Data/Value_size_data/value_sizes_postgresql_array_run1_zipfian_light_mixed_before.csv
VACUUM start: 1773509637
VACUUM end: 1773509638
=== Setting parameter values for run phase ===
Checking query plan before run phase
=== Executing the run phase with extendproportion=0 and read/update proportions=0.5 ===
Arrangement completed. Output saved to ../analysis/Data/Workload_data/postgresql_array_run1_zipfian_light_mixed.csv
Arrangement completed. Output saved to ../analysis/Data/Workload_data/postgresql_array_run1_zipfian_light_mixed.csv
Backing up the database started
Backing up the database finished
Arrangement completed. Output saved to ../analysis/Data/Workload_data/postgresql_array_run1_zipfian_light_mixed.csv
Size computation started
Appending subsequent iteration 15...
Iteration 15: Appended new size values from key_sizes.csv to ../analysis/Data/Value_size_data/value_sizes_postgresql_array_run1_zipfian_light_mixed_after.csv
Total size: 23353900, Field length average: 2335
Workload file fieldlength set to: 2335 (expected: 2335)
=== Executing the load phase for the comparison study ===
Comparison-load verification - Epoch:2 Run:5 TotalSize:23350000 ExpectedFieldLength:2335
Avg-run verification - Epoch:2 Run:5 Iteration:15 TotalSize:23350000 ExpectedFieldLength:2335
=== Executing the run phase with extendproportion=0 and read/update proportions=0.5 ===
Arrangement completed. Output saved to ../analysis/Data/Workload_data/postgresql_array_run1_zipfian_light_mixed.csv
=== Setting parameter values for extend phase ===
=== Executing the extend phase with extendproportion=1 and other proportions=0 ===
Arrangement completed. Output saved to ../analysis/Data/Workload_data/postgresql_array_run1_zipfian_light_mixed.csv
Size computation started
Extend verification - Min:21100 Max:62500 Avg:24373 (Expected avg per record: ~1000 bytes initially)
Generating histogram from key size log: key_sizes.csv
Histogram written to histogram_postgresql_array_zipfian_light_mixed.txt (BlockSize = 100)
Appending subsequent iteration 16...
Iteration 16: Appended new size values from key_sizes.csv to ../analysis/Data/Value_size_data/value_sizes_postgresql_array_run1_zipfian_light_mixed_before.csv
VACUUM start: 1773509933
VACUUM end: 1773509933
=== Setting parameter values for run phase ===
Checking query plan before run phase
=== Executing the run phase with extendproportion=0 and read/update proportions=0.5 ===
Arrangement completed. Output saved to ../analysis/Data/Workload_data/postgresql_array_run1_zipfian_light_mixed.csv
Arrangement completed. Output saved to ../analysis/Data/Workload_data/postgresql_array_run1_zipfian_light_mixed.csv
Backing up the database started
Backing up the database finished
Arrangement completed. Output saved to ../analysis/Data/Workload_data/postgresql_array_run1_zipfian_light_mixed.csv
Size computation started
Appending subsequent iteration 16...
Iteration 16: Appended new size values from key_sizes.csv to ../analysis/Data/Value_size_data/value_sizes_postgresql_array_run1_zipfian_light_mixed_after.csv
Total size: 24833700, Field length average: 2483
Workload file fieldlength set to: 2483 (expected: 2483)
=== Executing the load phase for the comparison study ===
Comparison-load verification - Epoch:2 Run:6 TotalSize:24830000 ExpectedFieldLength:2483
Avg-run verification - Epoch:2 Run:6 Iteration:16 TotalSize:24830000 ExpectedFieldLength:2483
=== Executing the run phase with extendproportion=0 and read/update proportions=0.5 ===
Arrangement completed. Output saved to ../analysis/Data/Workload_data/postgresql_array_run1_zipfian_light_mixed.csv
=== Setting parameter values for extend phase ===
=== Executing the extend phase with extendproportion=1 and other proportions=0 ===
Arrangement completed. Output saved to ../analysis/Data/Workload_data/postgresql_array_run1_zipfian_light_mixed.csv
Size computation started
Extend verification - Min:23000 Max:66100 Avg:25882 (Expected avg per record: ~1000 bytes initially)
Generating histogram from key size log: key_sizes.csv
Histogram written to histogram_postgresql_array_zipfian_light_mixed.txt (BlockSize = 100)
Appending subsequent iteration 17...
Iteration 17: Appended new size values from key_sizes.csv to ../analysis/Data/Value_size_data/value_sizes_postgresql_array_run1_zipfian_light_mixed_before.csv
VACUUM start: 1773510232
VACUUM end: 1773510233
=== Setting parameter values for run phase ===
Checking query plan before run phase
=== Executing the run phase with extendproportion=0 and read/update proportions=0.5 ===
Arrangement completed. Output saved to ../analysis/Data/Workload_data/postgresql_array_run1_zipfian_light_mixed.csv
Arrangement completed. Output saved to ../analysis/Data/Workload_data/postgresql_array_run1_zipfian_light_mixed.csv
Backing up the database started
Backing up the database finished
Arrangement completed. Output saved to ../analysis/Data/Workload_data/postgresql_array_run1_zipfian_light_mixed.csv
Size computation started
Appending subsequent iteration 17...
Iteration 17: Appended new size values from key_sizes.csv to ../analysis/Data/Value_size_data/value_sizes_postgresql_array_run1_zipfian_light_mixed_after.csv
Total size: 26367600, Field length average: 2636
Workload file fieldlength set to: 2636 (expected: 2636)
=== Executing the load phase for the comparison study ===
Comparison-load verification - Epoch:2 Run:7 TotalSize:26360000 ExpectedFieldLength:2636
Avg-run verification - Epoch:2 Run:7 Iteration:17 TotalSize:26360000 ExpectedFieldLength:2636
=== Executing the run phase with extendproportion=0 and read/update proportions=0.5 ===
Arrangement completed. Output saved to ../analysis/Data/Workload_data/postgresql_array_run1_zipfian_light_mixed.csv
=== Setting parameter values for extend phase ===
=== Executing the extend phase with extendproportion=1 and other proportions=0 ===
Arrangement completed. Output saved to ../analysis/Data/Workload_data/postgresql_array_run1_zipfian_light_mixed.csv
Size computation started
Extend verification - Min:24100 Max:69400 Avg:27351 (Expected avg per record: ~1000 bytes initially)
Generating histogram from key size log: key_sizes.csv
Histogram written to histogram_postgresql_array_zipfian_light_mixed.txt (BlockSize = 100)
Appending subsequent iteration 18...
Iteration 18: Appended new size values from key_sizes.csv to ../analysis/Data/Value_size_data/value_sizes_postgresql_array_run1_zipfian_light_mixed_before.csv
VACUUM start: 1773510532
VACUUM end: 1773510532
=== Setting parameter values for run phase ===
Checking query plan before run phase
=== Executing the run phase with extendproportion=0 and read/update proportions=0.5 ===
Arrangement completed. Output saved to ../analysis/Data/Workload_data/postgresql_array_run1_zipfian_light_mixed.csv
Arrangement completed. Output saved to ../analysis/Data/Workload_data/postgresql_array_run1_zipfian_light_mixed.csv
Backing up the database started
Backing up the database finished
Arrangement completed. Output saved to ../analysis/Data/Workload_data/postgresql_array_run1_zipfian_light_mixed.csv
Size computation started
Appending subsequent iteration 18...
Iteration 18: Appended new size values from key_sizes.csv to ../analysis/Data/Value_size_data/value_sizes_postgresql_array_run1_zipfian_light_mixed_after.csv
Total size: 27837300, Field length average: 2783
Workload file fieldlength set to: 2783 (expected: 2783)
=== Executing the load phase for the comparison study ===
Comparison-load verification - Epoch:2 Run:8 TotalSize:27830000 ExpectedFieldLength:2783
Avg-run verification - Epoch:2 Run:8 Iteration:18 TotalSize:27830000 ExpectedFieldLength:2783
=== Executing the run phase with extendproportion=0 and read/update proportions=0.5 ===
Arrangement completed. Output saved to ../analysis/Data/Workload_data/postgresql_array_run1_zipfian_light_mixed.csv
=== Setting parameter values for extend phase ===
=== Executing the extend phase with extendproportion=1 and other proportions=0 ===
Arrangement completed. Output saved to ../analysis/Data/Workload_data/postgresql_array_run1_zipfian_light_mixed.csv
Size computation started
Extend verification - Min:25000 Max:69700 Avg:28839 (Expected avg per record: ~1000 bytes initially)
Generating histogram from key size log: key_sizes.csv
Histogram written to histogram_postgresql_array_zipfian_light_mixed.txt (BlockSize = 100)
Appending subsequent iteration 19...
Iteration 19: Appended new size values from key_sizes.csv to ../analysis/Data/Value_size_data/value_sizes_postgresql_array_run1_zipfian_light_mixed_before.csv
VACUUM start: 1773510834
VACUUM end: 1773510835
=== Setting parameter values for run phase ===
Checking query plan before run phase
=== Executing the run phase with extendproportion=0 and read/update proportions=0.5 ===
Arrangement completed. Output saved to ../analysis/Data/Workload_data/postgresql_array_run1_zipfian_light_mixed.csv
Arrangement completed. Output saved to ../analysis/Data/Workload_data/postgresql_array_run1_zipfian_light_mixed.csv
Backing up the database started
Backing up the database finished
Arrangement completed. Output saved to ../analysis/Data/Workload_data/postgresql_array_run1_zipfian_light_mixed.csv
Size computation started
Appending subsequent iteration 19...
Iteration 19: Appended new size values from key_sizes.csv to ../analysis/Data/Value_size_data/value_sizes_postgresql_array_run1_zipfian_light_mixed_after.csv
Total size: 29305900, Field length average: 2930
Workload file fieldlength set to: 2930 (expected: 2930)
=== Executing the load phase for the comparison study ===
Comparison-load verification - Epoch:2 Run:9 TotalSize:29300000 ExpectedFieldLength:2930
Avg-run verification - Epoch:2 Run:9 Iteration:19 TotalSize:29300000 ExpectedFieldLength:2930
=== Executing the run phase with extendproportion=0 and read/update proportions=0.5 ===
Arrangement completed. Output saved to ../analysis/Data/Workload_data/postgresql_array_run1_zipfian_light_mixed.csv
=== Setting parameter values for extend phase ===
=== Executing the extend phase with extendproportion=1 and other proportions=0 ===
Arrangement completed. Output saved to ../analysis/Data/Workload_data/postgresql_array_run1_zipfian_light_mixed.csv
Size computation started
Extend verification - Min:26500 Max:65600 Avg:30302 (Expected avg per record: ~1000 bytes initially)
Generating histogram from key size log: key_sizes.csv
Histogram written to histogram_postgresql_array_zipfian_light_mixed.txt (BlockSize = 100)
Appending subsequent iteration 20...
Iteration 20: Appended new size values from key_sizes.csv to ../analysis/Data/Value_size_data/value_sizes_postgresql_array_run1_zipfian_light_mixed_before.csv
VACUUM start: 1773511139
VACUUM end: 1773511140
=== Setting parameter values for run phase ===
Checking query plan before run phase
=== Executing the run phase with extendproportion=0 and read/update proportions=0.5 ===
Arrangement completed. Output saved to ../analysis/Data/Workload_data/postgresql_array_run1_zipfian_light_mixed.csv
Arrangement completed. Output saved to ../analysis/Data/Workload_data/postgresql_array_run1_zipfian_light_mixed.csv
Backing up the database started
Backing up the database finished
Arrangement completed. Output saved to ../analysis/Data/Workload_data/postgresql_array_run1_zipfian_light_mixed.csv
Size computation started
Appending subsequent iteration 20...
Iteration 20: Appended new size values from key_sizes.csv to ../analysis/Data/Value_size_data/value_sizes_postgresql_array_run1_zipfian_light_mixed_after.csv
Total size: 30796000, Field length average: 3079
Workload file fieldlength set to: 3079 (expected: 3079)
=== Executing the load phase for the comparison study ===
Comparison-load verification - Epoch:2 Run:10 TotalSize:30790000 ExpectedFieldLength:3079
Avg-run verification - Epoch:2 Run:10 Iteration:20 TotalSize:30790000 ExpectedFieldLength:3079
=== Executing the run phase with extendproportion=0 and read/update proportions=0.5 ===
Arrangement completed. Output saved to ../analysis/Data/Workload_data/postgresql_array_run1_zipfian_light_mixed.csv
=== Setting parameter values for extend phase ===
=== Executing the extend phase with extendproportion=1 and other proportions=0 ===
Arrangement completed. Output saved to ../analysis/Data/Workload_data/postgresql_array_run1_zipfian_light_mixed.csv
Size computation started
Extend verification - Min:28000 Max:68900 Avg:31813 (Expected avg per record: ~1000 bytes initially)
Generating histogram from key size log: key_sizes.csv
Histogram written to histogram_postgresql_array_zipfian_light_mixed.txt (BlockSize = 100)
Appending subsequent iteration 21...
Iteration 21: Appended new size values from key_sizes.csv to ../analysis/Data/Value_size_data/value_sizes_postgresql_array_run1_zipfian_light_mixed_before.csv
VACUUM start: 1773511441
VACUUM end: 1773511441
=== Setting parameter values for run phase ===
Checking query plan before run phase
=== Executing the run phase with extendproportion=0 and read/update proportions=0.5 ===
Arrangement completed. Output saved to ../analysis/Data/Workload_data/postgresql_array_run1_zipfian_light_mixed.csv
Arrangement completed. Output saved to ../analysis/Data/Workload_data/postgresql_array_run1_zipfian_light_mixed.csv
Backing up the database started
Backing up the database finished
Arrangement completed. Output saved to ../analysis/Data/Workload_data/postgresql_array_run1_zipfian_light_mixed.csv
Size computation started
Appending subsequent iteration 21...
Iteration 21: Appended new size values from key_sizes.csv to ../analysis/Data/Value_size_data/value_sizes_postgresql_array_run1_zipfian_light_mixed_after.csv
Total size: 32292200, Field length average: 3229
Workload file fieldlength set to: 3229 (expected: 3229)
=== Executing the load phase for the comparison study ===
Comparison-load verification - Epoch:3 Run:1 TotalSize:32290000 ExpectedFieldLength:3229
Avg-run verification - Epoch:3 Run:1 Iteration:21 TotalSize:32290000 ExpectedFieldLength:3229
=== Executing the run phase with extendproportion=0 and read/update proportions=0.5 ===
Arrangement completed. Output saved to ../analysis/Data/Workload_data/postgresql_array_run1_zipfian_light_mixed.csv
=== Setting parameter values for extend phase ===
=== Executing the extend phase with extendproportion=1 and other proportions=0 ===
Arrangement completed. Output saved to ../analysis/Data/Workload_data/postgresql_array_run1_zipfian_light_mixed.csv
Size computation started
Extend verification - Min:29600 Max:70300 Avg:33314 (Expected avg per record: ~1000 bytes initially)
Generating histogram from key size log: key_sizes.csv
Histogram written to histogram_postgresql_array_zipfian_light_mixed.txt (BlockSize = 100)
Appending subsequent iteration 22...
Iteration 22: Appended new size values from key_sizes.csv to ../analysis/Data/Value_size_data/value_sizes_postgresql_array_run1_zipfian_light_mixed_before.csv
VACUUM start: 1773511742
VACUUM end: 1773511743
=== Setting parameter values for run phase ===
Checking query plan before run phase
=== Executing the run phase with extendproportion=0 and read/update proportions=0.5 ===
Arrangement completed. Output saved to ../analysis/Data/Workload_data/postgresql_array_run1_zipfian_light_mixed.csv
Arrangement completed. Output saved to ../analysis/Data/Workload_data/postgresql_array_run1_zipfian_light_mixed.csv
Backing up the database started
Backing up the database finished
Arrangement completed. Output saved to ../analysis/Data/Workload_data/postgresql_array_run1_zipfian_light_mixed.csv
Size computation started
Appending subsequent iteration 22...
Iteration 22: Appended new size values from key_sizes.csv to ../analysis/Data/Value_size_data/value_sizes_postgresql_array_run1_zipfian_light_mixed_after.csv
Total size: 33781700, Field length average: 3378
Workload file fieldlength set to: 3378 (expected: 3378)
=== Executing the load phase for the comparison study ===
Comparison-load verification - Epoch:3 Run:2 TotalSize:33780000 ExpectedFieldLength:3378
Avg-run verification - Epoch:3 Run:2 Iteration:22 TotalSize:33780000 ExpectedFieldLength:3378
=== Executing the run phase with extendproportion=0 and read/update proportions=0.5 ===
Arrangement completed. Output saved to ../analysis/Data/Workload_data/postgresql_array_run1_zipfian_light_mixed.csv
=== Setting parameter values for extend phase ===
=== Executing the extend phase with extendproportion=1 and other proportions=0 ===
Arrangement completed. Output saved to ../analysis/Data/Workload_data/postgresql_array_run1_zipfian_light_mixed.csv
Size computation started
Extend verification - Min:30600 Max:73000 Avg:34768 (Expected avg per record: ~1000 bytes initially)
Generating histogram from key size log: key_sizes.csv
Histogram written to histogram_postgresql_array_zipfian_light_mixed.txt (BlockSize = 100)
Appending subsequent iteration 23...
Iteration 23: Appended new size values from key_sizes.csv to ../analysis/Data/Value_size_data/value_sizes_postgresql_array_run1_zipfian_light_mixed_before.csv
VACUUM start: 1773512052
VACUUM end: 1773512053
=== Setting parameter values for run phase ===
Checking query plan before run phase
=== Executing the run phase with extendproportion=0 and read/update proportions=0.5 ===
Arrangement completed. Output saved to ../analysis/Data/Workload_data/postgresql_array_run1_zipfian_light_mixed.csv
Arrangement completed. Output saved to ../analysis/Data/Workload_data/postgresql_array_run1_zipfian_light_mixed.csv
Backing up the database started
Backing up the database finished
Arrangement completed. Output saved to ../analysis/Data/Workload_data/postgresql_array_run1_zipfian_light_mixed.csv
Size computation started
Appending subsequent iteration 23...
Iteration 23: Appended new size values from key_sizes.csv to ../analysis/Data/Value_size_data/value_sizes_postgresql_array_run1_zipfian_light_mixed_after.csv
Total size: 35237700, Field length average: 3523
Workload file fieldlength set to: 3523 (expected: 3523)
=== Executing the load phase for the comparison study ===
Comparison-load verification - Epoch:3 Run:3 TotalSize:35230000 ExpectedFieldLength:3523
Avg-run verification - Epoch:3 Run:3 Iteration:23 TotalSize:35230000 ExpectedFieldLength:3523
=== Executing the run phase with extendproportion=0 and read/update proportions=0.5 ===
Arrangement completed. Output saved to ../analysis/Data/Workload_data/postgresql_array_run1_zipfian_light_mixed.csv
=== Setting parameter values for extend phase ===
=== Executing the extend phase with extendproportion=1 and other proportions=0 ===
Arrangement completed. Output saved to ../analysis/Data/Workload_data/postgresql_array_run1_zipfian_light_mixed.csv
Size computation started
Extend verification - Min:32100 Max:71900 Avg:36274 (Expected avg per record: ~1000 bytes initially)
Generating histogram from key size log: key_sizes.csv
Histogram written to histogram_postgresql_array_zipfian_light_mixed.txt (BlockSize = 100)
Appending subsequent iteration 24...
Iteration 24: Appended new size values from key_sizes.csv to ../analysis/Data/Value_size_data/value_sizes_postgresql_array_run1_zipfian_light_mixed_before.csv
VACUUM start: 1773512364
VACUUM end: 1773512365
=== Setting parameter values for run phase ===
Checking query plan before run phase
=== Executing the run phase with extendproportion=0 and read/update proportions=0.5 ===
Arrangement completed. Output saved to ../analysis/Data/Workload_data/postgresql_array_run1_zipfian_light_mixed.csv
Arrangement completed. Output saved to ../analysis/Data/Workload_data/postgresql_array_run1_zipfian_light_mixed.csv
Backing up the database started
Backing up the database finished
Arrangement completed. Output saved to ../analysis/Data/Workload_data/postgresql_array_run1_zipfian_light_mixed.csv
Size computation started
Appending subsequent iteration 24...
Iteration 24: Appended new size values from key_sizes.csv to ../analysis/Data/Value_size_data/value_sizes_postgresql_array_run1_zipfian_light_mixed_after.csv
Total size: 36759300, Field length average: 3675
Workload file fieldlength set to: 3675 (expected: 3675)
=== Executing the load phase for the comparison study ===
Comparison-load verification - Epoch:3 Run:4 TotalSize:36750000 ExpectedFieldLength:3675
Avg-run verification - Epoch:3 Run:4 Iteration:24 TotalSize:36750000 ExpectedFieldLength:3675
=== Executing the run phase with extendproportion=0 and read/update proportions=0.5 ===
Arrangement completed. Output saved to ../analysis/Data/Workload_data/postgresql_array_run1_zipfian_light_mixed.csv
=== Setting parameter values for extend phase ===
=== Executing the extend phase with extendproportion=1 and other proportions=0 ===
Arrangement completed. Output saved to ../analysis/Data/Workload_data/postgresql_array_run1_zipfian_light_mixed.csv
Size computation started
Extend verification - Min:33200 Max:73300 Avg:37716 (Expected avg per record: ~1000 bytes initially)
Generating histogram from key size log: key_sizes.csv
Histogram written to histogram_postgresql_array_zipfian_light_mixed.txt (BlockSize = 100)
Appending subsequent iteration 25...
Iteration 25: Appended new size values from key_sizes.csv to ../analysis/Data/Value_size_data/value_sizes_postgresql_array_run1_zipfian_light_mixed_before.csv
VACUUM start: 1773512675
VACUUM end: 1773512676
=== Setting parameter values for run phase ===
Checking query plan before run phase
=== Executing the run phase with extendproportion=0 and read/update proportions=0.5 ===
Arrangement completed. Output saved to ../analysis/Data/Workload_data/postgresql_array_run1_zipfian_light_mixed.csv
Arrangement completed. Output saved to ../analysis/Data/Workload_data/postgresql_array_run1_zipfian_light_mixed.csv
Backing up the database started
Backing up the database finished
Arrangement completed. Output saved to ../analysis/Data/Workload_data/postgresql_array_run1_zipfian_light_mixed.csv
Size computation started
Appending subsequent iteration 25...
Iteration 25: Appended new size values from key_sizes.csv to ../analysis/Data/Value_size_data/value_sizes_postgresql_array_run1_zipfian_light_mixed_after.csv
Total size: 38200000, Field length average: 3820
Workload file fieldlength set to: 3820 (expected: 3820)
=== Executing the load phase for the comparison study ===
Comparison-load verification - Epoch:3 Run:5 TotalSize:38200000 ExpectedFieldLength:3820
Avg-run verification - Epoch:3 Run:5 Iteration:25 TotalSize:38200000 ExpectedFieldLength:3820
=== Executing the run phase with extendproportion=0 and read/update proportions=0.5 ===
Arrangement completed. Output saved to ../analysis/Data/Workload_data/postgresql_array_run1_zipfian_light_mixed.csv
=== Setting parameter values for extend phase ===
=== Executing the extend phase with extendproportion=1 and other proportions=0 ===
Arrangement completed. Output saved to ../analysis/Data/Workload_data/postgresql_array_run1_zipfian_light_mixed.csv
Size computation started
Extend verification - Min:34600 Max:79500 Avg:39193 (Expected avg per record: ~1000 bytes initially)
Generating histogram from key size log: key_sizes.csv
Histogram written to histogram_postgresql_array_zipfian_light_mixed.txt (BlockSize = 100)
Appending subsequent iteration 26...
Iteration 26: Appended new size values from key_sizes.csv to ../analysis/Data/Value_size_data/value_sizes_postgresql_array_run1_zipfian_light_mixed_before.csv
VACUUM start: 1773512985
VACUUM end: 1773512986
=== Setting parameter values for run phase ===
Checking query plan before run phase
=== Executing the run phase with extendproportion=0 and read/update proportions=0.5 ===
Arrangement completed. Output saved to ../analysis/Data/Workload_data/postgresql_array_run1_zipfian_light_mixed.csv
Arrangement completed. Output saved to ../analysis/Data/Workload_data/postgresql_array_run1_zipfian_light_mixed.csv
Backing up the database started
Backing up the database finished
Arrangement completed. Output saved to ../analysis/Data/Workload_data/postgresql_array_run1_zipfian_light_mixed.csv
Size computation started
Appending subsequent iteration 26...
Iteration 26: Appended new size values from key_sizes.csv to ../analysis/Data/Value_size_data/value_sizes_postgresql_array_run1_zipfian_light_mixed_after.csv
Total size: 39646000, Field length average: 3964
Workload file fieldlength set to: 3964 (expected: 3964)
=== Executing the load phase for the comparison study ===
Comparison-load verification - Epoch:3 Run:6 TotalSize:39640000 ExpectedFieldLength:3964
Avg-run verification - Epoch:3 Run:6 Iteration:26 TotalSize:39640000 ExpectedFieldLength:3964
=== Executing the run phase with extendproportion=0 and read/update proportions=0.5 ===
Arrangement completed. Output saved to ../analysis/Data/Workload_data/postgresql_array_run1_zipfian_light_mixed.csv
=== Setting parameter values for extend phase ===
=== Executing the extend phase with extendproportion=1 and other proportions=0 ===
Arrangement completed. Output saved to ../analysis/Data/Workload_data/postgresql_array_run1_zipfian_light_mixed.csv
Size computation started
Extend verification - Min:35700 Max:78400 Avg:40684 (Expected avg per record: ~1000 bytes initially)
Generating histogram from key size log: key_sizes.csv
Histogram written to histogram_postgresql_array_zipfian_light_mixed.txt (BlockSize = 100)
Appending subsequent iteration 27...
Iteration 27: Appended new size values from key_sizes.csv to ../analysis/Data/Value_size_data/value_sizes_postgresql_array_run1_zipfian_light_mixed_before.csv
VACUUM start: 1773513297
VACUUM end: 1773513298
=== Setting parameter values for run phase ===
Checking query plan before run phase
=== Executing the run phase with extendproportion=0 and read/update proportions=0.5 ===
Arrangement completed. Output saved to ../analysis/Data/Workload_data/postgresql_array_run1_zipfian_light_mixed.csv
Arrangement completed. Output saved to ../analysis/Data/Workload_data/postgresql_array_run1_zipfian_light_mixed.csv
Backing up the database started
Backing up the database finished
Arrangement completed. Output saved to ../analysis/Data/Workload_data/postgresql_array_run1_zipfian_light_mixed.csv
Size computation started
Appending subsequent iteration 27...
Iteration 27: Appended new size values from key_sizes.csv to ../analysis/Data/Value_size_data/value_sizes_postgresql_array_run1_zipfian_light_mixed_after.csv
Total size: 41179700, Field length average: 4117
Workload file fieldlength set to: 4117 (expected: 4117)
=== Executing the load phase for the comparison study ===
Comparison-load verification - Epoch:3 Run:7 TotalSize:41170000 ExpectedFieldLength:4117
Avg-run verification - Epoch:3 Run:7 Iteration:27 TotalSize:41170000 ExpectedFieldLength:4117
=== Executing the run phase with extendproportion=0 and read/update proportions=0.5 ===
Arrangement completed. Output saved to ../analysis/Data/Workload_data/postgresql_array_run1_zipfian_light_mixed.csv
=== Setting parameter values for extend phase ===
=== Executing the extend phase with extendproportion=1 and other proportions=0 ===
Arrangement completed. Output saved to ../analysis/Data/Workload_data/postgresql_array_run1_zipfian_light_mixed.csv
Size computation started
Extend verification - Min:37300 Max:79000 Avg:42162 (Expected avg per record: ~1000 bytes initially)
Generating histogram from key size log: key_sizes.csv
Histogram written to histogram_postgresql_array_zipfian_light_mixed.txt (BlockSize = 100)
Appending subsequent iteration 28...
Iteration 28: Appended new size values from key_sizes.csv to ../analysis/Data/Value_size_data/value_sizes_postgresql_array_run1_zipfian_light_mixed_before.csv
VACUUM start: 1773513617
VACUUM end: 1773513618
=== Setting parameter values for run phase ===
Checking query plan before run phase
=== Executing the run phase with extendproportion=0 and read/update proportions=0.5 ===
Arrangement completed. Output saved to ../analysis/Data/Workload_data/postgresql_array_run1_zipfian_light_mixed.csv
Arrangement completed. Output saved to ../analysis/Data/Workload_data/postgresql_array_run1_zipfian_light_mixed.csv
Backing up the database started
Backing up the database finished
Arrangement completed. Output saved to ../analysis/Data/Workload_data/postgresql_array_run1_zipfian_light_mixed.csv
Size computation started
Appending subsequent iteration 28...
Iteration 28: Appended new size values from key_sizes.csv to ../analysis/Data/Value_size_data/value_sizes_postgresql_array_run1_zipfian_light_mixed_after.csv
Total size: 42618800, Field length average: 4261
Workload file fieldlength set to: 4261 (expected: 4261)
=== Executing the load phase for the comparison study ===
Comparison-load verification - Epoch:3 Run:8 TotalSize:42610000 ExpectedFieldLength:4261
Avg-run verification - Epoch:3 Run:8 Iteration:28 TotalSize:42610000 ExpectedFieldLength:4261
=== Executing the run phase with extendproportion=0 and read/update proportions=0.5 ===
Arrangement completed. Output saved to ../analysis/Data/Workload_data/postgresql_array_run1_zipfian_light_mixed.csv
=== Setting parameter values for extend phase ===
=== Executing the extend phase with extendproportion=1 and other proportions=0 ===
Arrangement completed. Output saved to ../analysis/Data/Workload_data/postgresql_array_run1_zipfian_light_mixed.csv
Size computation started
Extend verification - Min:38500 Max:81900 Avg:43613 (Expected avg per record: ~1000 bytes initially)
Generating histogram from key size log: key_sizes.csv
Histogram written to histogram_postgresql_array_zipfian_light_mixed.txt (BlockSize = 100)
Appending subsequent iteration 29...
Iteration 29: Appended new size values from key_sizes.csv to ../analysis/Data/Value_size_data/value_sizes_postgresql_array_run1_zipfian_light_mixed_before.csv
VACUUM start: 1773513935
VACUUM end: 1773513937
=== Setting parameter values for run phase ===
Checking query plan before run phase
=== Executing the run phase with extendproportion=0 and read/update proportions=0.5 ===
Arrangement completed. Output saved to ../analysis/Data/Workload_data/postgresql_array_run1_zipfian_light_mixed.csv
Arrangement completed. Output saved to ../analysis/Data/Workload_data/postgresql_array_run1_zipfian_light_mixed.csv
Backing up the database started
Backing up the database finished
Arrangement completed. Output saved to ../analysis/Data/Workload_data/postgresql_array_run1_zipfian_light_mixed.csv
Size computation started
Appending subsequent iteration 29...
Iteration 29: Appended new size values from key_sizes.csv to ../analysis/Data/Value_size_data/value_sizes_postgresql_array_run1_zipfian_light_mixed_after.csv
Total size: 44119700, Field length average: 4411
Workload file fieldlength set to: 4411 (expected: 4411)
=== Executing the load phase for the comparison study ===
Comparison-load verification - Epoch:3 Run:9 TotalSize:44110000 ExpectedFieldLength:4411
Avg-run verification - Epoch:3 Run:9 Iteration:29 TotalSize:44110000 ExpectedFieldLength:4411
=== Executing the run phase with extendproportion=0 and read/update proportions=0.5 ===
Arrangement completed. Output saved to ../analysis/Data/Workload_data/postgresql_array_run1_zipfian_light_mixed.csv
=== Setting parameter values for extend phase ===
=== Executing the extend phase with extendproportion=1 and other proportions=0 ===
Arrangement completed. Output saved to ../analysis/Data/Workload_data/postgresql_array_run1_zipfian_light_mixed.csv
Size computation started
Extend verification - Min:39700 Max:84800 Avg:45090 (Expected avg per record: ~1000 bytes initially)
Generating histogram from key size log: key_sizes.csv
Histogram written to histogram_postgresql_array_zipfian_light_mixed.txt (BlockSize = 100)
Appending subsequent iteration 30...
Iteration 30: Appended new size values from key_sizes.csv to ../analysis/Data/Value_size_data/value_sizes_postgresql_array_run1_zipfian_light_mixed_before.csv
VACUUM start: 1773514259
VACUUM end: 1773514260
=== Setting parameter values for run phase ===
Checking query plan before run phase
=== Executing the run phase with extendproportion=0 and read/update proportions=0.5 ===
Arrangement completed. Output saved to ../analysis/Data/Workload_data/postgresql_array_run1_zipfian_light_mixed.csv
Arrangement completed. Output saved to ../analysis/Data/Workload_data/postgresql_array_run1_zipfian_light_mixed.csv
Backing up the database started
Backing up the database finished
Arrangement completed. Output saved to ../analysis/Data/Workload_data/postgresql_array_run1_zipfian_light_mixed.csv
Size computation started
Appending subsequent iteration 30...
Iteration 30: Appended new size values from key_sizes.csv to ../analysis/Data/Value_size_data/value_sizes_postgresql_array_run1_zipfian_light_mixed_after.csv
Total size: 45528600, Field length average: 4552
Workload file fieldlength set to: 4552 (expected: 4552)
=== Executing the load phase for the comparison study ===
Comparison-load verification - Epoch:3 Run:10 TotalSize:45520000 ExpectedFieldLength:4552
Avg-run verification - Epoch:3 Run:10 Iteration:30 TotalSize:45520000 ExpectedFieldLength:4552
=== Executing the run phase with extendproportion=0 and read/update proportions=0.5 ===
Arrangement completed. Output saved to ../analysis/Data/Workload_data/postgresql_array_run1_zipfian_light_mixed.csv
=== Setting parameter values for extend phase ===
=== Executing the extend phase with extendproportion=1 and other proportions=0 ===
Arrangement completed. Output saved to ../analysis/Data/Workload_data/postgresql_array_run1_zipfian_light_mixed.csv
Size computation started
Extend verification - Min:41000 Max:89000 Avg:46558 (Expected avg per record: ~1000 bytes initially)
Generating histogram from key size log: key_sizes.csv
Histogram written to histogram_postgresql_array_zipfian_light_mixed.txt (BlockSize = 100)
Appending subsequent iteration 31...
Iteration 31: Appended new size values from key_sizes.csv to ../analysis/Data/Value_size_data/value_sizes_postgresql_array_run1_zipfian_light_mixed_before.csv
VACUUM start: 1773514583
VACUUM end: 1773514584
=== Setting parameter values for run phase ===
Checking query plan before run phase
=== Executing the run phase with extendproportion=0 and read/update proportions=0.5 ===
Arrangement completed. Output saved to ../analysis/Data/Workload_data/postgresql_array_run1_zipfian_light_mixed.csv
Arrangement completed. Output saved to ../analysis/Data/Workload_data/postgresql_array_run1_zipfian_light_mixed.csv
Backing up the database started
Backing up the database finished
Arrangement completed. Output saved to ../analysis/Data/Workload_data/postgresql_array_run1_zipfian_light_mixed.csv
Size computation started
Appending subsequent iteration 31...
Iteration 31: Appended new size values from key_sizes.csv to ../analysis/Data/Value_size_data/value_sizes_postgresql_array_run1_zipfian_light_mixed_after.csv
Total size: 47024900, Field length average: 4702
Workload file fieldlength set to: 4702 (expected: 4702)
=== Executing the load phase for the comparison study ===
Comparison-load verification - Epoch:4 Run:1 TotalSize:47020000 ExpectedFieldLength:4702
Avg-run verification - Epoch:4 Run:1 Iteration:31 TotalSize:47020000 ExpectedFieldLength:4702
=== Executing the run phase with extendproportion=0 and read/update proportions=0.5 ===
Arrangement completed. Output saved to ../analysis/Data/Workload_data/postgresql_array_run1_zipfian_light_mixed.csv
=== Setting parameter values for extend phase ===
=== Executing the extend phase with extendproportion=1 and other proportions=0 ===
Arrangement completed. Output saved to ../analysis/Data/Workload_data/postgresql_array_run1_zipfian_light_mixed.csv
Size computation started
Extend verification - Min:42300 Max:87000 Avg:48037 (Expected avg per record: ~1000 bytes initially)
Generating histogram from key size log: key_sizes.csv
Histogram written to histogram_postgresql_array_zipfian_light_mixed.txt (BlockSize = 100)
Appending subsequent iteration 32...
Iteration 32: Appended new size values from key_sizes.csv to ../analysis/Data/Value_size_data/value_sizes_postgresql_array_run1_zipfian_light_mixed_before.csv
VACUUM start: 1773514908
VACUUM end: 1773514909
=== Setting parameter values for run phase ===
Checking query plan before run phase
=== Executing the run phase with extendproportion=0 and read/update proportions=0.5 ===
Arrangement completed. Output saved to ../analysis/Data/Workload_data/postgresql_array_run1_zipfian_light_mixed.csv
Arrangement completed. Output saved to ../analysis/Data/Workload_data/postgresql_array_run1_zipfian_light_mixed.csv
Backing up the database started
Backing up the database finished
Arrangement completed. Output saved to ../analysis/Data/Workload_data/postgresql_array_run1_zipfian_light_mixed.csv
Size computation started
Appending subsequent iteration 32...
Iteration 32: Appended new size values from key_sizes.csv to ../analysis/Data/Value_size_data/value_sizes_postgresql_array_run1_zipfian_light_mixed_after.csv
Total size: 48479000, Field length average: 4847
Workload file fieldlength set to: 4847 (expected: 4847)
=== Executing the load phase for the comparison study ===
Comparison-load verification - Epoch:4 Run:2 TotalSize:48470000 ExpectedFieldLength:4847
Avg-run verification - Epoch:4 Run:2 Iteration:32 TotalSize:48470000 ExpectedFieldLength:4847
=== Executing the run phase with extendproportion=0 and read/update proportions=0.5 ===
Arrangement completed. Output saved to ../analysis/Data/Workload_data/postgresql_array_run1_zipfian_light_mixed.csv
=== Setting parameter values for extend phase ===
=== Executing the extend phase with extendproportion=1 and other proportions=0 ===
Arrangement completed. Output saved to ../analysis/Data/Workload_data/postgresql_array_run1_zipfian_light_mixed.csv
Size computation started
Extend verification - Min:44100 Max:87700 Avg:49469 (Expected avg per record: ~1000 bytes initially)
Generating histogram from key size log: key_sizes.csv
Histogram written to histogram_postgresql_array_zipfian_light_mixed.txt (BlockSize = 100)
Appending subsequent iteration 33...
Iteration 33: Appended new size values from key_sizes.csv to ../analysis/Data/Value_size_data/value_sizes_postgresql_array_run1_zipfian_light_mixed_before.csv
VACUUM start: 1773515234
VACUUM end: 1773515237
=== Setting parameter values for run phase ===
Checking query plan before run phase
=== Executing the run phase with extendproportion=0 and read/update proportions=0.5 ===
Arrangement completed. Output saved to ../analysis/Data/Workload_data/postgresql_array_run1_zipfian_light_mixed.csv
Arrangement completed. Output saved to ../analysis/Data/Workload_data/postgresql_array_run1_zipfian_light_mixed.csv
Backing up the database started
Backing up the database finished
Arrangement completed. Output saved to ../analysis/Data/Workload_data/postgresql_array_run1_zipfian_light_mixed.csv
Size computation started
Appending subsequent iteration 33...
Iteration 33: Appended new size values from key_sizes.csv to ../analysis/Data/Value_size_data/value_sizes_postgresql_array_run1_zipfian_light_mixed_after.csv
Total size: 49909400, Field length average: 4990
Workload file fieldlength set to: 4990 (expected: 4990)
=== Executing the load phase for the comparison study ===
Comparison-load verification - Epoch:4 Run:3 TotalSize:49900000 ExpectedFieldLength:4990
Avg-run verification - Epoch:4 Run:3 Iteration:33 TotalSize:49900000 ExpectedFieldLength:4990
=== Executing the run phase with extendproportion=0 and read/update proportions=0.5 ===
Arrangement completed. Output saved to ../analysis/Data/Workload_data/postgresql_array_run1_zipfian_light_mixed.csv
=== Setting parameter values for extend phase ===
=== Executing the extend phase with extendproportion=1 and other proportions=0 ===
Arrangement completed. Output saved to ../analysis/Data/Workload_data/postgresql_array_run1_zipfian_light_mixed.csv
Size computation started
Extend verification - Min:45400 Max:91100 Avg:50934 (Expected avg per record: ~1000 bytes initially)
Generating histogram from key size log: key_sizes.csv
Histogram written to histogram_postgresql_array_zipfian_light_mixed.txt (BlockSize = 100)
Appending subsequent iteration 34...
Iteration 34: Appended new size values from key_sizes.csv to ../analysis/Data/Value_size_data/value_sizes_postgresql_array_run1_zipfian_light_mixed_before.csv
VACUUM start: 1773515568
VACUUM end: 1773515570
=== Setting parameter values for run phase ===
Checking query plan before run phase
=== Executing the run phase with extendproportion=0 and read/update proportions=0.5 ===
Arrangement completed. Output saved to ../analysis/Data/Workload_data/postgresql_array_run1_zipfian_light_mixed.csv
Arrangement completed. Output saved to ../analysis/Data/Workload_data/postgresql_array_run1_zipfian_light_mixed.csv
Backing up the database started
Backing up the database finished
Arrangement completed. Output saved to ../analysis/Data/Workload_data/postgresql_array_run1_zipfian_light_mixed.csv
Size computation started
Appending subsequent iteration 34...
Iteration 34: Appended new size values from key_sizes.csv to ../analysis/Data/Value_size_data/value_sizes_postgresql_array_run1_zipfian_light_mixed_after.csv
Total size: 51345200, Field length average: 5134
Workload file fieldlength set to: 5134 (expected: 5134)
=== Executing the load phase for the comparison study ===
Comparison-load verification - Epoch:4 Run:4 TotalSize:51340000 ExpectedFieldLength:5134
Avg-run verification - Epoch:4 Run:4 Iteration:34 TotalSize:51340000 ExpectedFieldLength:5134
=== Executing the run phase with extendproportion=0 and read/update proportions=0.5 ===
Arrangement completed. Output saved to ../analysis/Data/Workload_data/postgresql_array_run1_zipfian_light_mixed.csv
=== Setting parameter values for extend phase ===
=== Executing the extend phase with extendproportion=1 and other proportions=0 ===
Arrangement completed. Output saved to ../analysis/Data/Workload_data/postgresql_array_run1_zipfian_light_mixed.csv
Size computation started
Extend verification - Min:46400 Max:89200 Avg:52374 (Expected avg per record: ~1000 bytes initially)
Generating histogram from key size log: key_sizes.csv
Histogram written to histogram_postgresql_array_zipfian_light_mixed.txt (BlockSize = 100)
Appending subsequent iteration 35...
Iteration 35: Appended new size values from key_sizes.csv to ../analysis/Data/Value_size_data/value_sizes_postgresql_array_run1_zipfian_light_mixed_before.csv
VACUUM start: 1773515902
VACUUM end: 1773515904
=== Setting parameter values for run phase ===
Checking query plan before run phase
=== Executing the run phase with extendproportion=0 and read/update proportions=0.5 ===
Arrangement completed. Output saved to ../analysis/Data/Workload_data/postgresql_array_run1_zipfian_light_mixed.csv
Arrangement completed. Output saved to ../analysis/Data/Workload_data/postgresql_array_run1_zipfian_light_mixed.csv
Backing up the database started
Backing up the database finished
Arrangement completed. Output saved to ../analysis/Data/Workload_data/postgresql_array_run1_zipfian_light_mixed.csv
Size computation started
Appending subsequent iteration 35...
Iteration 35: Appended new size values from key_sizes.csv to ../analysis/Data/Value_size_data/value_sizes_postgresql_array_run1_zipfian_light_mixed_after.csv
Total size: 52843600, Field length average: 5284
Workload file fieldlength set to: 5284 (expected: 5284)
=== Executing the load phase for the comparison study ===
Comparison-load verification - Epoch:4 Run:5 TotalSize:52840000 ExpectedFieldLength:5284
Avg-run verification - Epoch:4 Run:5 Iteration:35 TotalSize:52840000 ExpectedFieldLength:5284
=== Executing the run phase with extendproportion=0 and read/update proportions=0.5 ===
Arrangement completed. Output saved to ../analysis/Data/Workload_data/postgresql_array_run1_zipfian_light_mixed.csv
=== Setting parameter values for extend phase ===
=== Executing the extend phase with extendproportion=1 and other proportions=0 ===
Arrangement completed. Output saved to ../analysis/Data/Workload_data/postgresql_array_run1_zipfian_light_mixed.csv
Size computation started
Extend verification - Min:48300 Max:93600 Avg:53860 (Expected avg per record: ~1000 bytes initially)
Generating histogram from key size log: key_sizes.csv
Histogram written to histogram_postgresql_array_zipfian_light_mixed.txt (BlockSize = 100)
Appending subsequent iteration 36...
Iteration 36: Appended new size values from key_sizes.csv to ../analysis/Data/Value_size_data/value_sizes_postgresql_array_run1_zipfian_light_mixed_before.csv
VACUUM start: 1773516235
VACUUM end: 1773516237
=== Setting parameter values for run phase ===
Checking query plan before run phase
=== Executing the run phase with extendproportion=0 and read/update proportions=0.5 ===
Arrangement completed. Output saved to ../analysis/Data/Workload_data/postgresql_array_run1_zipfian_light_mixed.csv
Arrangement completed. Output saved to ../analysis/Data/Workload_data/postgresql_array_run1_zipfian_light_mixed.csv
Backing up the database started
Backing up the database finished
Arrangement completed. Output saved to ../analysis/Data/Workload_data/postgresql_array_run1_zipfian_light_mixed.csv
Size computation started
Appending subsequent iteration 36...
Iteration 36: Appended new size values from key_sizes.csv to ../analysis/Data/Value_size_data/value_sizes_postgresql_array_run1_zipfian_light_mixed_after.csv
Total size: 54343600, Field length average: 5434
Workload file fieldlength set to: 5434 (expected: 5434)
=== Executing the load phase for the comparison study ===
Comparison-load verification - Epoch:4 Run:6 TotalSize:54340000 ExpectedFieldLength:5434
Avg-run verification - Epoch:4 Run:6 Iteration:36 TotalSize:54340000 ExpectedFieldLength:5434
=== Executing the run phase with extendproportion=0 and read/update proportions=0.5 ===
Arrangement completed. Output saved to ../analysis/Data/Workload_data/postgresql_array_run1_zipfian_light_mixed.csv
=== Setting parameter values for extend phase ===
=== Executing the extend phase with extendproportion=1 and other proportions=0 ===
Arrangement completed. Output saved to ../analysis/Data/Workload_data/postgresql_array_run1_zipfian_light_mixed.csv
Size computation started
Extend verification - Min:49300 Max:90800 Avg:55299 (Expected avg per record: ~1000 bytes initially)
Generating histogram from key size log: key_sizes.csv
Histogram written to histogram_postgresql_array_zipfian_light_mixed.txt (BlockSize = 100)
Appending subsequent iteration 37...
Iteration 37: Appended new size values from key_sizes.csv to ../analysis/Data/Value_size_data/value_sizes_postgresql_array_run1_zipfian_light_mixed_before.csv
VACUUM start: 1773516571
VACUUM end: 1773516572
=== Setting parameter values for run phase ===
Checking query plan before run phase
=== Executing the run phase with extendproportion=0 and read/update proportions=0.5 ===
Arrangement completed. Output saved to ../analysis/Data/Workload_data/postgresql_array_run1_zipfian_light_mixed.csv
Arrangement completed. Output saved to ../analysis/Data/Workload_data/postgresql_array_run1_zipfian_light_mixed.csv
Backing up the database started
Backing up the database finished
Arrangement completed. Output saved to ../analysis/Data/Workload_data/postgresql_array_run1_zipfian_light_mixed.csv
Size computation started
Appending subsequent iteration 37...
Iteration 37: Appended new size values from key_sizes.csv to ../analysis/Data/Value_size_data/value_sizes_postgresql_array_run1_zipfian_light_mixed_after.csv
Total size: 55761800, Field length average: 5576
Workload file fieldlength set to: 5576 (expected: 5576)
=== Executing the load phase for the comparison study ===
Comparison-load verification - Epoch:4 Run:7 TotalSize:55760000 ExpectedFieldLength:5576
Avg-run verification - Epoch:4 Run:7 Iteration:37 TotalSize:55760000 ExpectedFieldLength:5576
=== Executing the run phase with extendproportion=0 and read/update proportions=0.5 ===
Arrangement completed. Output saved to ../analysis/Data/Workload_data/postgresql_array_run1_zipfian_light_mixed.csv
=== Setting parameter values for extend phase ===
=== Executing the extend phase with extendproportion=1 and other proportions=0 ===
Arrangement completed. Output saved to ../analysis/Data/Workload_data/postgresql_array_run1_zipfian_light_mixed.csv
Size computation started
Extend verification - Min:50500 Max:94800 Avg:56793 (Expected avg per record: ~1000 bytes initially)
Generating histogram from key size log: key_sizes.csv
Histogram written to histogram_postgresql_array_zipfian_light_mixed.txt (BlockSize = 100)
Appending subsequent iteration 38...
Iteration 38: Appended new size values from key_sizes.csv to ../analysis/Data/Value_size_data/value_sizes_postgresql_array_run1_zipfian_light_mixed_before.csv
VACUUM start: 1773516907
VACUUM end: 1773516908
=== Setting parameter values for run phase ===
Checking query plan before run phase
=== Executing the run phase with extendproportion=0 and read/update proportions=0.5 ===
Arrangement completed. Output saved to ../analysis/Data/Workload_data/postgresql_array_run1_zipfian_light_mixed.csv
Arrangement completed. Output saved to ../analysis/Data/Workload_data/postgresql_array_run1_zipfian_light_mixed.csv
Backing up the database started
Backing up the database finished
Arrangement completed. Output saved to ../analysis/Data/Workload_data/postgresql_array_run1_zipfian_light_mixed.csv
Size computation started
Appending subsequent iteration 38...
Iteration 38: Appended new size values from key_sizes.csv to ../analysis/Data/Value_size_data/value_sizes_postgresql_array_run1_zipfian_light_mixed_after.csv
Total size: 57264700, Field length average: 5726
Workload file fieldlength set to: 5726 (expected: 5726)
=== Executing the load phase for the comparison study ===
Comparison-load verification - Epoch:4 Run:8 TotalSize:57260000 ExpectedFieldLength:5726
Avg-run verification - Epoch:4 Run:8 Iteration:38 TotalSize:57260000 ExpectedFieldLength:5726
=== Executing the run phase with extendproportion=0 and read/update proportions=0.5 ===
Arrangement completed. Output saved to ../analysis/Data/Workload_data/postgresql_array_run1_zipfian_light_mixed.csv
=== Setting parameter values for extend phase ===
=== Executing the extend phase with extendproportion=1 and other proportions=0 ===
Arrangement completed. Output saved to ../analysis/Data/Workload_data/postgresql_array_run1_zipfian_light_mixed.csv
Size computation started
Extend verification - Min:51400 Max:95500 Avg:58250 (Expected avg per record: ~1000 bytes initially)
Generating histogram from key size log: key_sizes.csv
Histogram written to histogram_postgresql_array_zipfian_light_mixed.txt (BlockSize = 100)
Appending subsequent iteration 39...
Iteration 39: Appended new size values from key_sizes.csv to ../analysis/Data/Value_size_data/value_sizes_postgresql_array_run1_zipfian_light_mixed_before.csv
VACUUM start: 1773517253
VACUUM end: 1773517254
=== Setting parameter values for run phase ===
Checking query plan before run phase
=== Executing the run phase with extendproportion=0 and read/update proportions=0.5 ===
Arrangement completed. Output saved to ../analysis/Data/Workload_data/postgresql_array_run1_zipfian_light_mixed.csv
Arrangement completed. Output saved to ../analysis/Data/Workload_data/postgresql_array_run1_zipfian_light_mixed.csv
Backing up the database started
Backing up the database finished
Arrangement completed. Output saved to ../analysis/Data/Workload_data/postgresql_array_run1_zipfian_light_mixed.csv
Size computation started
Appending subsequent iteration 39...
Iteration 39: Appended new size values from key_sizes.csv to ../analysis/Data/Value_size_data/value_sizes_postgresql_array_run1_zipfian_light_mixed_after.csv
Total size: 58684800, Field length average: 5868
Workload file fieldlength set to: 5868 (expected: 5868)
=== Executing the load phase for the comparison study ===
Comparison-load verification - Epoch:4 Run:9 TotalSize:58680000 ExpectedFieldLength:5868
Avg-run verification - Epoch:4 Run:9 Iteration:39 TotalSize:58680000 ExpectedFieldLength:5868
=== Executing the run phase with extendproportion=0 and read/update proportions=0.5 ===
Arrangement completed. Output saved to ../analysis/Data/Workload_data/postgresql_array_run1_zipfian_light_mixed.csv
=== Setting parameter values for extend phase ===
=== Executing the extend phase with extendproportion=1 and other proportions=0 ===
Arrangement completed. Output saved to ../analysis/Data/Workload_data/postgresql_array_run1_zipfian_light_mixed.csv
Size computation started
Extend verification - Min:53200 Max:100400 Avg:59688 (Expected avg per record: ~1000 bytes initially)
Generating histogram from key size log: key_sizes.csv
Histogram written to histogram_postgresql_array_zipfian_light_mixed.txt (BlockSize = 100)
Appending subsequent iteration 40...
Iteration 40: Appended new size values from key_sizes.csv to ../analysis/Data/Value_size_data/value_sizes_postgresql_array_run1_zipfian_light_mixed_before.csv
VACUUM start: 1773517600
VACUUM end: 1773517601
=== Setting parameter values for run phase ===
Checking query plan before run phase
=== Executing the run phase with extendproportion=0 and read/update proportions=0.5 ===
Arrangement completed. Output saved to ../analysis/Data/Workload_data/postgresql_array_run1_zipfian_light_mixed.csv
Arrangement completed. Output saved to ../analysis/Data/Workload_data/postgresql_array_run1_zipfian_light_mixed.csv
Backing up the database started
Backing up the database finished
Arrangement completed. Output saved to ../analysis/Data/Workload_data/postgresql_array_run1_zipfian_light_mixed.csv
Size computation started
Appending subsequent iteration 40...
Iteration 40: Appended new size values from key_sizes.csv to ../analysis/Data/Value_size_data/value_sizes_postgresql_array_run1_zipfian_light_mixed_after.csv
Total size: 60151200, Field length average: 6015
Workload file fieldlength set to: 6015 (expected: 6015)
=== Executing the load phase for the comparison study ===
Comparison-load verification - Epoch:4 Run:10 TotalSize:60150000 ExpectedFieldLength:6015
Avg-run verification - Epoch:4 Run:10 Iteration:40 TotalSize:60150000 ExpectedFieldLength:6015
=== Executing the run phase with extendproportion=0 and read/update proportions=0.5 ===
Arrangement completed. Output saved to ../analysis/Data/Workload_data/postgresql_array_run1_zipfian_light_mixed.csv
=== Setting parameter values for extend phase ===
=== Executing the extend phase with extendproportion=1 and other proportions=0 ===
Arrangement completed. Output saved to ../analysis/Data/Workload_data/postgresql_array_run1_zipfian_light_mixed.csv
Size computation started
Extend verification - Min:54100 Max:99400 Avg:61116 (Expected avg per record: ~1000 bytes initially)
Generating histogram from key size log: key_sizes.csv
Histogram written to histogram_postgresql_array_zipfian_light_mixed.txt (BlockSize = 100)
Appending subsequent iteration 41...
Iteration 41: Appended new size values from key_sizes.csv to ../analysis/Data/Value_size_data/value_sizes_postgresql_array_run1_zipfian_light_mixed_before.csv
VACUUM start: 1773517946
VACUUM end: 1773517948
=== Setting parameter values for run phase ===
Checking query plan before run phase
=== Executing the run phase with extendproportion=0 and read/update proportions=0.5 ===
Arrangement completed. Output saved to ../analysis/Data/Workload_data/postgresql_array_run1_zipfian_light_mixed.csv
Arrangement completed. Output saved to ../analysis/Data/Workload_data/postgresql_array_run1_zipfian_light_mixed.csv
Backing up the database started
Backing up the database finished
Arrangement completed. Output saved to ../analysis/Data/Workload_data/postgresql_array_run1_zipfian_light_mixed.csv
Size computation started
Appending subsequent iteration 41...
Iteration 41: Appended new size values from key_sizes.csv to ../analysis/Data/Value_size_data/value_sizes_postgresql_array_run1_zipfian_light_mixed_after.csv
Total size: 61544000, Field length average: 6154
Workload file fieldlength set to: 6154 (expected: 6154)
=== Executing the load phase for the comparison study ===
Comparison-load verification - Epoch:5 Run:1 TotalSize:61540000 ExpectedFieldLength:6154
Avg-run verification - Epoch:5 Run:1 Iteration:41 TotalSize:61540000 ExpectedFieldLength:6154
=== Executing the run phase with extendproportion=0 and read/update proportions=0.5 ===
Arrangement completed. Output saved to ../analysis/Data/Workload_data/postgresql_array_run1_zipfian_light_mixed.csv
=== Setting parameter values for extend phase ===
=== Executing the extend phase with extendproportion=1 and other proportions=0 ===
Arrangement completed. Output saved to ../analysis/Data/Workload_data/postgresql_array_run1_zipfian_light_mixed.csv
Size computation started
Extend verification - Min:55400 Max:101200 Avg:62525 (Expected avg per record: ~1000 bytes initially)
Generating histogram from key size log: key_sizes.csv
Histogram written to histogram_postgresql_array_zipfian_light_mixed.txt (BlockSize = 100)
Appending subsequent iteration 42...
Iteration 42: Appended new size values from key_sizes.csv to ../analysis/Data/Value_size_data/value_sizes_postgresql_array_run1_zipfian_light_mixed_before.csv
VACUUM start: 1773518293
VACUUM end: 1773518295
=== Setting parameter values for run phase ===
Checking query plan before run phase
=== Executing the run phase with extendproportion=0 and read/update proportions=0.5 ===
Arrangement completed. Output saved to ../analysis/Data/Workload_data/postgresql_array_run1_zipfian_light_mixed.csv
Arrangement completed. Output saved to ../analysis/Data/Workload_data/postgresql_array_run1_zipfian_light_mixed.csv
Backing up the database started
Backing up the database finished
Arrangement completed. Output saved to ../analysis/Data/Workload_data/postgresql_array_run1_zipfian_light_mixed.csv
Size computation started
Appending subsequent iteration 42...
Iteration 42: Appended new size values from key_sizes.csv to ../analysis/Data/Value_size_data/value_sizes_postgresql_array_run1_zipfian_light_mixed_after.csv
Total size: 62952700, Field length average: 6295
Workload file fieldlength set to: 6295 (expected: 6295)
=== Executing the load phase for the comparison study ===
Comparison-load verification - Epoch:5 Run:2 TotalSize:62950000 ExpectedFieldLength:6295
Avg-run verification - Epoch:5 Run:2 Iteration:42 TotalSize:62950000 ExpectedFieldLength:6295
=== Executing the run phase with extendproportion=0 and read/update proportions=0.5 ===
Arrangement completed. Output saved to ../analysis/Data/Workload_data/postgresql_array_run1_zipfian_light_mixed.csv
=== Setting parameter values for extend phase ===
=== Executing the extend phase with extendproportion=1 and other proportions=0 ===
Arrangement completed. Output saved to ../analysis/Data/Workload_data/postgresql_array_run1_zipfian_light_mixed.csv
Size computation started
Extend verification - Min:51100 Max:104500 Avg:63961 (Expected avg per record: ~1000 bytes initially)
Generating histogram from key size log: key_sizes.csv
Histogram written to histogram_postgresql_array_zipfian_light_mixed.txt (BlockSize = 100)
Appending subsequent iteration 43...
Iteration 43: Appended new size values from key_sizes.csv to ../analysis/Data/Value_size_data/value_sizes_postgresql_array_run1_zipfian_light_mixed_before.csv
VACUUM start: 1773518645
VACUUM end: 1773518646
=== Setting parameter values for run phase ===
Checking query plan before run phase
=== Executing the run phase with extendproportion=0 and read/update proportions=0.5 ===
Arrangement completed. Output saved to ../analysis/Data/Workload_data/postgresql_array_run1_zipfian_light_mixed.csv
Arrangement completed. Output saved to ../analysis/Data/Workload_data/postgresql_array_run1_zipfian_light_mixed.csv
Backing up the database started
Backing up the database finished
Arrangement completed. Output saved to ../analysis/Data/Workload_data/postgresql_array_run1_zipfian_light_mixed.csv
Size computation started
Appending subsequent iteration 43...
Iteration 43: Appended new size values from key_sizes.csv to ../analysis/Data/Value_size_data/value_sizes_postgresql_array_run1_zipfian_light_mixed_after.csv
Total size: 64397500, Field length average: 6439
Workload file fieldlength set to: 6439 (expected: 6439)
=== Executing the load phase for the comparison study ===
Comparison-load verification - Epoch:5 Run:3 TotalSize:64390000 ExpectedFieldLength:6439
Avg-run verification - Epoch:5 Run:3 Iteration:43 TotalSize:64390000 ExpectedFieldLength:6439
=== Executing the run phase with extendproportion=0 and read/update proportions=0.5 ===
Arrangement completed. Output saved to ../analysis/Data/Workload_data/postgresql_array_run1_zipfian_light_mixed.csv
=== Setting parameter values for extend phase ===
=== Executing the extend phase with extendproportion=1 and other proportions=0 ===
Arrangement completed. Output saved to ../analysis/Data/Workload_data/postgresql_array_run1_zipfian_light_mixed.csv
Size computation started
Extend verification - Min:58100 Max:99700 Avg:65373 (Expected avg per record: ~1000 bytes initially)
Generating histogram from key size log: key_sizes.csv
Histogram written to histogram_postgresql_array_zipfian_light_mixed.txt (BlockSize = 100)
Appending subsequent iteration 44...
Iteration 44: Appended new size values from key_sizes.csv to ../analysis/Data/Value_size_data/value_sizes_postgresql_array_run1_zipfian_light_mixed_before.csv
VACUUM start: 1773519001
VACUUM end: 1773519003
=== Setting parameter values for run phase ===
Checking query plan before run phase
=== Executing the run phase with extendproportion=0 and read/update proportions=0.5 ===
Arrangement completed. Output saved to ../analysis/Data/Workload_data/postgresql_array_run1_zipfian_light_mixed.csv
Arrangement completed. Output saved to ../analysis/Data/Workload_data/postgresql_array_run1_zipfian_light_mixed.csv
Backing up the database started
Backing up the database finished
Arrangement completed. Output saved to ../analysis/Data/Workload_data/postgresql_array_run1_zipfian_light_mixed.csv
Size computation started
Appending subsequent iteration 44...
Iteration 44: Appended new size values from key_sizes.csv to ../analysis/Data/Value_size_data/value_sizes_postgresql_array_run1_zipfian_light_mixed_after.csv
Total size: 65850800, Field length average: 6585
Workload file fieldlength set to: 6585 (expected: 6585)
=== Executing the load phase for the comparison study ===
Comparison-load verification - Epoch:5 Run:4 TotalSize:65850000 ExpectedFieldLength:6585
Avg-run verification - Epoch:5 Run:4 Iteration:44 TotalSize:65850000 ExpectedFieldLength:6585
=== Executing the run phase with extendproportion=0 and read/update proportions=0.5 ===
Arrangement completed. Output saved to ../analysis/Data/Workload_data/postgresql_array_run1_zipfian_light_mixed.csv
=== Setting parameter values for extend phase ===
=== Executing the extend phase with extendproportion=1 and other proportions=0 ===
Arrangement completed. Output saved to ../analysis/Data/Workload_data/postgresql_array_run1_zipfian_light_mixed.csv
Size computation started
Extend verification - Min:59200 Max:106500 Avg:66844 (Expected avg per record: ~1000 bytes initially)
Generating histogram from key size log: key_sizes.csv
Histogram written to histogram_postgresql_array_zipfian_light_mixed.txt (BlockSize = 100)
Appending subsequent iteration 45...
Iteration 45: Appended new size values from key_sizes.csv to ../analysis/Data/Value_size_data/value_sizes_postgresql_array_run1_zipfian_light_mixed_before.csv
VACUUM start: 1773519350
VACUUM end: 1773519352
=== Setting parameter values for run phase ===
Checking query plan before run phase
=== Executing the run phase with extendproportion=0 and read/update proportions=0.5 ===
Arrangement completed. Output saved to ../analysis/Data/Workload_data/postgresql_array_run1_zipfian_light_mixed.csv
Arrangement completed. Output saved to ../analysis/Data/Workload_data/postgresql_array_run1_zipfian_light_mixed.csv
Backing up the database started
Backing up the database finished
Arrangement completed. Output saved to ../analysis/Data/Workload_data/postgresql_array_run1_zipfian_light_mixed.csv
Size computation started
Appending subsequent iteration 45...
Iteration 45: Appended new size values from key_sizes.csv to ../analysis/Data/Value_size_data/value_sizes_postgresql_array_run1_zipfian_light_mixed_after.csv
Total size: 67244200, Field length average: 6724
Workload file fieldlength set to: 6724 (expected: 6724)
=== Executing the load phase for the comparison study ===
Comparison-load verification - Epoch:5 Run:5 TotalSize:67240000 ExpectedFieldLength:6724
Avg-run verification - Epoch:5 Run:5 Iteration:45 TotalSize:67240000 ExpectedFieldLength:6724
=== Executing the run phase with extendproportion=0 and read/update proportions=0.5 ===
Arrangement completed. Output saved to ../analysis/Data/Workload_data/postgresql_array_run1_zipfian_light_mixed.csv
=== Setting parameter values for extend phase ===
=== Executing the extend phase with extendproportion=1 and other proportions=0 ===
Arrangement completed. Output saved to ../analysis/Data/Workload_data/postgresql_array_run1_zipfian_light_mixed.csv
Size computation started
Extend verification - Min:60500 Max:105500 Avg:68249 (Expected avg per record: ~1000 bytes initially)
Generating histogram from key size log: key_sizes.csv
Histogram written to histogram_postgresql_array_zipfian_light_mixed.txt (BlockSize = 100)
Appending subsequent iteration 46...
Iteration 46: Appended new size values from key_sizes.csv to ../analysis/Data/Value_size_data/value_sizes_postgresql_array_run1_zipfian_light_mixed_before.csv
VACUUM start: 1773519709
VACUUM end: 1773519712
=== Setting parameter values for run phase ===
Checking query plan before run phase
=== Executing the run phase with extendproportion=0 and read/update proportions=0.5 ===
Arrangement completed. Output saved to ../analysis/Data/Workload_data/postgresql_array_run1_zipfian_light_mixed.csv
Arrangement completed. Output saved to ../analysis/Data/Workload_data/postgresql_array_run1_zipfian_light_mixed.csv
Backing up the database started
Backing up the database finished
Arrangement completed. Output saved to ../analysis/Data/Workload_data/postgresql_array_run1_zipfian_light_mixed.csv
Size computation started
Appending subsequent iteration 46...
Iteration 46: Appended new size values from key_sizes.csv to ../analysis/Data/Value_size_data/value_sizes_postgresql_array_run1_zipfian_light_mixed_after.csv
Total size: 68710100, Field length average: 6871
Workload file fieldlength set to: 6871 (expected: 6871)
=== Executing the load phase for the comparison study ===
Comparison-load verification - Epoch:5 Run:6 TotalSize:68710000 ExpectedFieldLength:6871
Avg-run verification - Epoch:5 Run:6 Iteration:46 TotalSize:68710000 ExpectedFieldLength:6871
=== Executing the run phase with extendproportion=0 and read/update proportions=0.5 ===
Arrangement completed. Output saved to ../analysis/Data/Workload_data/postgresql_array_run1_zipfian_light_mixed.csv
=== Setting parameter values for extend phase ===
=== Executing the extend phase with extendproportion=1 and other proportions=0 ===
Arrangement completed. Output saved to ../analysis/Data/Workload_data/postgresql_array_run1_zipfian_light_mixed.csv
Size computation started
Extend verification - Min:62100 Max:111100 Avg:69710 (Expected avg per record: ~1000 bytes initially)
Generating histogram from key size log: key_sizes.csv
Histogram written to histogram_postgresql_array_zipfian_light_mixed.txt (BlockSize = 100)
Appending subsequent iteration 47...
Iteration 47: Appended new size values from key_sizes.csv to ../analysis/Data/Value_size_data/value_sizes_postgresql_array_run1_zipfian_light_mixed_before.csv
VACUUM start: 1773520068
VACUUM end: 1773520071
=== Setting parameter values for run phase ===
Checking query plan before run phase
=== Executing the run phase with extendproportion=0 and read/update proportions=0.5 ===
Arrangement completed. Output saved to ../analysis/Data/Workload_data/postgresql_array_run1_zipfian_light_mixed.csv
Arrangement completed. Output saved to ../analysis/Data/Workload_data/postgresql_array_run1_zipfian_light_mixed.csv
Backing up the database started
Backing up the database finished
Arrangement completed. Output saved to ../analysis/Data/Workload_data/postgresql_array_run1_zipfian_light_mixed.csv
Size computation started
Appending subsequent iteration 47...
Iteration 47: Appended new size values from key_sizes.csv to ../analysis/Data/Value_size_data/value_sizes_postgresql_array_run1_zipfian_light_mixed_after.csv
Total size: 70145700, Field length average: 7014
Workload file fieldlength set to: 7014 (expected: 7014)
=== Executing the load phase for the comparison study ===
Comparison-load verification - Epoch:5 Run:7 TotalSize:70140000 ExpectedFieldLength:7014
Avg-run verification - Epoch:5 Run:7 Iteration:47 TotalSize:70140000 ExpectedFieldLength:7014
=== Executing the run phase with extendproportion=0 and read/update proportions=0.5 ===
Arrangement completed. Output saved to ../analysis/Data/Workload_data/postgresql_array_run1_zipfian_light_mixed.csv
=== Setting parameter values for extend phase ===
=== Executing the extend phase with extendproportion=1 and other proportions=0 ===
Arrangement completed. Output saved to ../analysis/Data/Workload_data/postgresql_array_run1_zipfian_light_mixed.csv
Size computation started
Extend verification - Min:63400 Max:106200 Avg:71126 (Expected avg per record: ~1000 bytes initially)
Generating histogram from key size log: key_sizes.csv
Histogram written to histogram_postgresql_array_zipfian_light_mixed.txt (BlockSize = 100)
Appending subsequent iteration 48...
Iteration 48: Appended new size values from key_sizes.csv to ../analysis/Data/Value_size_data/value_sizes_postgresql_array_run1_zipfian_light_mixed_before.csv
VACUUM start: 1773520425
VACUUM end: 1773520428
=== Setting parameter values for run phase ===
Checking query plan before run phase
=== Executing the run phase with extendproportion=0 and read/update proportions=0.5 ===
Arrangement completed. Output saved to ../analysis/Data/Workload_data/postgresql_array_run1_zipfian_light_mixed.csv
Arrangement completed. Output saved to ../analysis/Data/Workload_data/postgresql_array_run1_zipfian_light_mixed.csv
Backing up the database started
Backing up the database finished
Arrangement completed. Output saved to ../analysis/Data/Workload_data/postgresql_array_run1_zipfian_light_mixed.csv
Size computation started
Appending subsequent iteration 48...
Iteration 48: Appended new size values from key_sizes.csv to ../analysis/Data/Value_size_data/value_sizes_postgresql_array_run1_zipfian_light_mixed_after.csv
Total size: 71560300, Field length average: 7156
Workload file fieldlength set to: 7156 (expected: 7156)
=== Executing the load phase for the comparison study ===
Comparison-load verification - Epoch:5 Run:8 TotalSize:71560000 ExpectedFieldLength:7156
Avg-run verification - Epoch:5 Run:8 Iteration:48 TotalSize:71560000 ExpectedFieldLength:7156
=== Executing the run phase with extendproportion=0 and read/update proportions=0.5 ===
Arrangement completed. Output saved to ../analysis/Data/Workload_data/postgresql_array_run1_zipfian_light_mixed.csv
=== Setting parameter values for extend phase ===
=== Executing the extend phase with extendproportion=1 and other proportions=0 ===
Arrangement completed. Output saved to ../analysis/Data/Workload_data/postgresql_array_run1_zipfian_light_mixed.csv
Size computation started
Extend verification - Min:64600 Max:109900 Avg:72590 (Expected avg per record: ~1000 bytes initially)
Generating histogram from key size log: key_sizes.csv
Histogram written to histogram_postgresql_array_zipfian_light_mixed.txt (BlockSize = 100)
Appending subsequent iteration 49...
Iteration 49: Appended new size values from key_sizes.csv to ../analysis/Data/Value_size_data/value_sizes_postgresql_array_run1_zipfian_light_mixed_before.csv
VACUUM start: 1773520781
VACUUM end: 1773520783
=== Setting parameter values for run phase ===
Checking query plan before run phase
=== Executing the run phase with extendproportion=0 and read/update proportions=0.5 ===
Arrangement completed. Output saved to ../analysis/Data/Workload_data/postgresql_array_run1_zipfian_light_mixed.csv
Arrangement completed. Output saved to ../analysis/Data/Workload_data/postgresql_array_run1_zipfian_light_mixed.csv
Backing up the database started
Backing up the database finished
Arrangement completed. Output saved to ../analysis/Data/Workload_data/postgresql_array_run1_zipfian_light_mixed.csv
Size computation started
Appending subsequent iteration 49...
Iteration 49: Appended new size values from key_sizes.csv to ../analysis/Data/Value_size_data/value_sizes_postgresql_array_run1_zipfian_light_mixed_after.csv
Total size: 73016800, Field length average: 7301
Workload file fieldlength set to: 7301 (expected: 7301)
=== Executing the load phase for the comparison study ===
Comparison-load verification - Epoch:5 Run:9 TotalSize:73010000 ExpectedFieldLength:7301
Avg-run verification - Epoch:5 Run:9 Iteration:49 TotalSize:73010000 ExpectedFieldLength:7301
=== Executing the run phase with extendproportion=0 and read/update proportions=0.5 ===
Arrangement completed. Output saved to ../analysis/Data/Workload_data/postgresql_array_run1_zipfian_light_mixed.csv
=== Setting parameter values for extend phase ===
=== Executing the extend phase with extendproportion=1 and other proportions=0 ===
Arrangement completed. Output saved to ../analysis/Data/Workload_data/postgresql_array_run1_zipfian_light_mixed.csv
Size computation started
Extend verification - Min:59000 Max:109600 Avg:74026 (Expected avg per record: ~1000 bytes initially)
Generating histogram from key size log: key_sizes.csv
Histogram written to histogram_postgresql_array_zipfian_light_mixed.txt (BlockSize = 100)
Appending subsequent iteration 50...
Iteration 50: Appended new size values from key_sizes.csv to ../analysis/Data/Value_size_data/value_sizes_postgresql_array_run1_zipfian_light_mixed_before.csv
VACUUM start: 1773521135
VACUUM end: 1773521137
=== Setting parameter values for run phase ===
Checking query plan before run phase
=== Executing the run phase with extendproportion=0 and read/update proportions=0.5 ===
Arrangement completed. Output saved to ../analysis/Data/Workload_data/postgresql_array_run1_zipfian_light_mixed.csv
Arrangement completed. Output saved to ../analysis/Data/Workload_data/postgresql_array_run1_zipfian_light_mixed.csv
Backing up the database started
Backing up the database finished
Arrangement completed. Output saved to ../analysis/Data/Workload_data/postgresql_array_run1_zipfian_light_mixed.csv
Size computation started
Appending subsequent iteration 50...
Iteration 50: Appended new size values from key_sizes.csv to ../analysis/Data/Value_size_data/value_sizes_postgresql_array_run1_zipfian_light_mixed_after.csv
Total size: 74422700, Field length average: 7442
Workload file fieldlength set to: 7442 (expected: 7442)
=== Executing the load phase for the comparison study ===
Comparison-load verification - Epoch:5 Run:10 TotalSize:74420000 ExpectedFieldLength:7442
Avg-run verification - Epoch:5 Run:10 Iteration:50 TotalSize:74420000 ExpectedFieldLength:7442
=== Executing the run phase with extendproportion=0 and read/update proportions=0.5 ===
Arrangement completed. Output saved to ../analysis/Data/Workload_data/postgresql_array_run1_zipfian_light_mixed.csv
=== Setting parameter values for extend phase ===
=== Executing the extend phase with extendproportion=1 and other proportions=0 ===
Arrangement completed. Output saved to ../analysis/Data/Workload_data/postgresql_array_run1_zipfian_light_mixed.csv
Size computation started
Extend verification - Min:67100 Max:115900 Avg:75391 (Expected avg per record: ~1000 bytes initially)
Generating histogram from key size log: key_sizes.csv
Histogram written to histogram_postgresql_array_zipfian_light_mixed.txt (BlockSize = 100)
Appending subsequent iteration 51...
Iteration 51: Appended new size values from key_sizes.csv to ../analysis/Data/Value_size_data/value_sizes_postgresql_array_run1_zipfian_light_mixed_before.csv
VACUUM start: 1773521497
VACUUM end: 1773521499
=== Setting parameter values for run phase ===
Checking query plan before run phase
=== Executing the run phase with extendproportion=0 and read/update proportions=0.5 ===
Arrangement completed. Output saved to ../analysis/Data/Workload_data/postgresql_array_run1_zipfian_light_mixed.csv
Arrangement completed. Output saved to ../analysis/Data/Workload_data/postgresql_array_run1_zipfian_light_mixed.csv
Backing up the database started
Backing up the database finished
Arrangement completed. Output saved to ../analysis/Data/Workload_data/postgresql_array_run1_zipfian_light_mixed.csv
Size computation started
Appending subsequent iteration 51...
Iteration 51: Appended new size values from key_sizes.csv to ../analysis/Data/Value_size_data/value_sizes_postgresql_array_run1_zipfian_light_mixed_after.csv
Total size: 75840500, Field length average: 7584
Workload file fieldlength set to: 7584 (expected: 7584)
=== Executing the load phase for the comparison study ===
Comparison-load verification - Epoch:6 Run:1 TotalSize:75840000 ExpectedFieldLength:7584
Avg-run verification - Epoch:6 Run:1 Iteration:51 TotalSize:75840000 ExpectedFieldLength:7584
=== Executing the run phase with extendproportion=0 and read/update proportions=0.5 ===
Arrangement completed. Output saved to ../analysis/Data/Workload_data/postgresql_array_run1_zipfian_light_mixed.csv
=== Setting parameter values for extend phase ===
=== Executing the extend phase with extendproportion=1 and other proportions=0 ===
Arrangement completed. Output saved to ../analysis/Data/Workload_data/postgresql_array_run1_zipfian_light_mixed.csv
Size computation started
Extend verification - Min:67300 Max:114500 Avg:76824 (Expected avg per record: ~1000 bytes initially)
Generating histogram from key size log: key_sizes.csv
Histogram written to histogram_postgresql_array_zipfian_light_mixed.txt (BlockSize = 100)
Appending subsequent iteration 52...
Iteration 52: Appended new size values from key_sizes.csv to ../analysis/Data/Value_size_data/value_sizes_postgresql_array_run1_zipfian_light_mixed_before.csv
VACUUM start: 1773521862
VACUUM end: 1773521864
=== Setting parameter values for run phase ===
Checking query plan before run phase
=== Executing the run phase with extendproportion=0 and read/update proportions=0.5 ===
Arrangement completed. Output saved to ../analysis/Data/Workload_data/postgresql_array_run1_zipfian_light_mixed.csv
Arrangement completed. Output saved to ../analysis/Data/Workload_data/postgresql_array_run1_zipfian_light_mixed.csv
Backing up the database started
Backing up the database finished
Arrangement completed. Output saved to ../analysis/Data/Workload_data/postgresql_array_run1_zipfian_light_mixed.csv
Size computation started
Appending subsequent iteration 52...
Iteration 52: Appended new size values from key_sizes.csv to ../analysis/Data/Value_size_data/value_sizes_postgresql_array_run1_zipfian_light_mixed_after.csv
Total size: 77253700, Field length average: 7725
Workload file fieldlength set to: 7725 (expected: 7725)
=== Executing the load phase for the comparison study ===
Comparison-load verification - Epoch:6 Run:2 TotalSize:77250000 ExpectedFieldLength:7725
Avg-run verification - Epoch:6 Run:2 Iteration:52 TotalSize:77250000 ExpectedFieldLength:7725
=== Executing the run phase with extendproportion=0 and read/update proportions=0.5 ===
Arrangement completed. Output saved to ../analysis/Data/Workload_data/postgresql_array_run1_zipfian_light_mixed.csv
=== Setting parameter values for extend phase ===
=== Executing the extend phase with extendproportion=1 and other proportions=0 ===
Arrangement completed. Output saved to ../analysis/Data/Workload_data/postgresql_array_run1_zipfian_light_mixed.csv
Size computation started
Extend verification - Min:69800 Max:116500 Avg:78229 (Expected avg per record: ~1000 bytes initially)
Generating histogram from key size log: key_sizes.csv
Histogram written to histogram_postgresql_array_zipfian_light_mixed.txt (BlockSize = 100)
Appending subsequent iteration 53...
Iteration 53: Appended new size values from key_sizes.csv to ../analysis/Data/Value_size_data/value_sizes_postgresql_array_run1_zipfian_light_mixed_before.csv
VACUUM start: 1773522228
VACUUM end: 1773522230
=== Setting parameter values for run phase ===
Checking query plan before run phase
=== Executing the run phase with extendproportion=0 and read/update proportions=0.5 ===
Arrangement completed. Output saved to ../analysis/Data/Workload_data/postgresql_array_run1_zipfian_light_mixed.csv
Arrangement completed. Output saved to ../analysis/Data/Workload_data/postgresql_array_run1_zipfian_light_mixed.csv
Backing up the database started
Backing up the database finished
Arrangement completed. Output saved to ../analysis/Data/Workload_data/postgresql_array_run1_zipfian_light_mixed.csv
Size computation started
Appending subsequent iteration 53...
Iteration 53: Appended new size values from key_sizes.csv to ../analysis/Data/Value_size_data/value_sizes_postgresql_array_run1_zipfian_light_mixed_after.csv
Total size: 78647400, Field length average: 7864
Workload file fieldlength set to: 7864 (expected: 7864)
=== Executing the load phase for the comparison study ===
Comparison-load verification - Epoch:6 Run:3 TotalSize:78640000 ExpectedFieldLength:7864
Avg-run verification - Epoch:6 Run:3 Iteration:53 TotalSize:78640000 ExpectedFieldLength:7864
=== Executing the run phase with extendproportion=0 and read/update proportions=0.5 ===
Arrangement completed. Output saved to ../analysis/Data/Workload_data/postgresql_array_run1_zipfian_light_mixed.csv
=== Setting parameter values for extend phase ===
=== Executing the extend phase with extendproportion=1 and other proportions=0 ===
Arrangement completed. Output saved to ../analysis/Data/Workload_data/postgresql_array_run1_zipfian_light_mixed.csv
Size computation started
Extend verification - Min:70900 Max:117100 Avg:79651 (Expected avg per record: ~1000 bytes initially)
Generating histogram from key size log: key_sizes.csv
Histogram written to histogram_postgresql_array_zipfian_light_mixed.txt (BlockSize = 100)
Appending subsequent iteration 54...
Iteration 54: Appended new size values from key_sizes.csv to ../analysis/Data/Value_size_data/value_sizes_postgresql_array_run1_zipfian_light_mixed_before.csv
VACUUM start: 1773522591
VACUUM end: 1773522593
=== Setting parameter values for run phase ===
Checking query plan before run phase
=== Executing the run phase with extendproportion=0 and read/update proportions=0.5 ===
Arrangement completed. Output saved to ../analysis/Data/Workload_data/postgresql_array_run1_zipfian_light_mixed.csv
Arrangement completed. Output saved to ../analysis/Data/Workload_data/postgresql_array_run1_zipfian_light_mixed.csv
Backing up the database started
Backing up the database finished
Arrangement completed. Output saved to ../analysis/Data/Workload_data/postgresql_array_run1_zipfian_light_mixed.csv
Size computation started
Appending subsequent iteration 54...
Iteration 54: Appended new size values from key_sizes.csv to ../analysis/Data/Value_size_data/value_sizes_postgresql_array_run1_zipfian_light_mixed_after.csv
Total size: 80156400, Field length average: 8015
Workload file fieldlength set to: 8015 (expected: 8015)
=== Executing the load phase for the comparison study ===
Comparison-load verification - Epoch:6 Run:4 TotalSize:80150000 ExpectedFieldLength:8015
Avg-run verification - Epoch:6 Run:4 Iteration:54 TotalSize:80150000 ExpectedFieldLength:8015
=== Executing the run phase with extendproportion=0 and read/update proportions=0.5 ===
Arrangement completed. Output saved to ../analysis/Data/Workload_data/postgresql_array_run1_zipfian_light_mixed.csv
=== Setting parameter values for extend phase ===
=== Executing the extend phase with extendproportion=1 and other proportions=0 ===
Arrangement completed. Output saved to ../analysis/Data/Workload_data/postgresql_array_run1_zipfian_light_mixed.csv
Size computation started
Extend verification - Min:72300 Max:120200 Avg:81076 (Expected avg per record: ~1000 bytes initially)
Generating histogram from key size log: key_sizes.csv
Histogram written to histogram_postgresql_array_zipfian_light_mixed.txt (BlockSize = 100)
Appending subsequent iteration 55...
Iteration 55: Appended new size values from key_sizes.csv to ../analysis/Data/Value_size_data/value_sizes_postgresql_array_run1_zipfian_light_mixed_before.csv
VACUUM start: 1773522968
VACUUM end: 1773522972
=== Setting parameter values for run phase ===
Checking query plan before run phase
=== Executing the run phase with extendproportion=0 and read/update proportions=0.5 ===
Arrangement completed. Output saved to ../analysis/Data/Workload_data/postgresql_array_run1_zipfian_light_mixed.csv
Arrangement completed. Output saved to ../analysis/Data/Workload_data/postgresql_array_run1_zipfian_light_mixed.csv
Backing up the database started
Backing up the database finished
Arrangement completed. Output saved to ../analysis/Data/Workload_data/postgresql_array_run1_zipfian_light_mixed.csv
Size computation started
Appending subsequent iteration 55...
Iteration 55: Appended new size values from key_sizes.csv to ../analysis/Data/Value_size_data/value_sizes_postgresql_array_run1_zipfian_light_mixed_after.csv
Total size: 81499000, Field length average: 8149
Workload file fieldlength set to: 8149 (expected: 8149)
=== Executing the load phase for the comparison study ===
Comparison-load verification - Epoch:6 Run:5 TotalSize:81490000 ExpectedFieldLength:8149
Avg-run verification - Epoch:6 Run:5 Iteration:55 TotalSize:81490000 ExpectedFieldLength:8149
=== Executing the run phase with extendproportion=0 and read/update proportions=0.5 ===
Arrangement completed. Output saved to ../analysis/Data/Workload_data/postgresql_array_run1_zipfian_light_mixed.csv
=== Setting parameter values for extend phase ===
=== Executing the extend phase with extendproportion=1 and other proportions=0 ===
Arrangement completed. Output saved to ../analysis/Data/Workload_data/postgresql_array_run1_zipfian_light_mixed.csv
Size computation started
Extend verification - Min:73300 Max:118300 Avg:82509 (Expected avg per record: ~1000 bytes initially)
Generating histogram from key size log: key_sizes.csv
Histogram written to histogram_postgresql_array_zipfian_light_mixed.txt (BlockSize = 100)
Appending subsequent iteration 56...
Iteration 56: Appended new size values from key_sizes.csv to ../analysis/Data/Value_size_data/value_sizes_postgresql_array_run1_zipfian_light_mixed_before.csv
VACUUM start: 1773523348
VACUUM end: 1773523352
=== Setting parameter values for run phase ===
Checking query plan before run phase
=== Executing the run phase with extendproportion=0 and read/update proportions=0.5 ===
Arrangement completed. Output saved to ../analysis/Data/Workload_data/postgresql_array_run1_zipfian_light_mixed.csv
Arrangement completed. Output saved to ../analysis/Data/Workload_data/postgresql_array_run1_zipfian_light_mixed.csv
Backing up the database started
Backing up the database finished
Arrangement completed. Output saved to ../analysis/Data/Workload_data/postgresql_array_run1_zipfian_light_mixed.csv
Size computation started
Appending subsequent iteration 56...
Iteration 56: Appended new size values from key_sizes.csv to ../analysis/Data/Value_size_data/value_sizes_postgresql_array_run1_zipfian_light_mixed_after.csv
Total size: 83006300, Field length average: 8300
Workload file fieldlength set to: 8300 (expected: 8300)
=== Executing the load phase for the comparison study ===
Comparison-load verification - Epoch:6 Run:6 TotalSize:83000000 ExpectedFieldLength:8300
Avg-run verification - Epoch:6 Run:6 Iteration:56 TotalSize:83000000 ExpectedFieldLength:8300
=== Executing the run phase with extendproportion=0 and read/update proportions=0.5 ===
Arrangement completed. Output saved to ../analysis/Data/Workload_data/postgresql_array_run1_zipfian_light_mixed.csv
=== Setting parameter values for extend phase ===
=== Executing the extend phase with extendproportion=1 and other proportions=0 ===
Arrangement completed. Output saved to ../analysis/Data/Workload_data/postgresql_array_run1_zipfian_light_mixed.csv
Size computation started
Extend verification - Min:74900 Max:120100 Avg:83990 (Expected avg per record: ~1000 bytes initially)
Generating histogram from key size log: key_sizes.csv
Histogram written to histogram_postgresql_array_zipfian_light_mixed.txt (BlockSize = 100)
Appending subsequent iteration 57...
Iteration 57: Appended new size values from key_sizes.csv to ../analysis/Data/Value_size_data/value_sizes_postgresql_array_run1_zipfian_light_mixed_before.csv
VACUUM start: 1773523735
VACUUM end: 1773523738
=== Setting parameter values for run phase ===
Checking query plan before run phase
=== Executing the run phase with extendproportion=0 and read/update proportions=0.5 ===
Arrangement completed. Output saved to ../analysis/Data/Workload_data/postgresql_array_run1_zipfian_light_mixed.csv
Arrangement completed. Output saved to ../analysis/Data/Workload_data/postgresql_array_run1_zipfian_light_mixed.csv
Backing up the database started
Backing up the database finished
Arrangement completed. Output saved to ../analysis/Data/Workload_data/postgresql_array_run1_zipfian_light_mixed.csv
Size computation started
Appending subsequent iteration 57...
Iteration 57: Appended new size values from key_sizes.csv to ../analysis/Data/Value_size_data/value_sizes_postgresql_array_run1_zipfian_light_mixed_after.csv
Total size: 84417400, Field length average: 8441
Workload file fieldlength set to: 8441 (expected: 8441)
=== Executing the load phase for the comparison study ===
Comparison-load verification - Epoch:6 Run:7 TotalSize:84410000 ExpectedFieldLength:8441
Avg-run verification - Epoch:6 Run:7 Iteration:57 TotalSize:84410000 ExpectedFieldLength:8441
=== Executing the run phase with extendproportion=0 and read/update proportions=0.5 ===
Arrangement completed. Output saved to ../analysis/Data/Workload_data/postgresql_array_run1_zipfian_light_mixed.csv
=== Setting parameter values for extend phase ===
=== Executing the extend phase with extendproportion=1 and other proportions=0 ===
Arrangement completed. Output saved to ../analysis/Data/Workload_data/postgresql_array_run1_zipfian_light_mixed.csv
Size computation started
Extend verification - Min:75700 Max:123000 Avg:85425 (Expected avg per record: ~1000 bytes initially)
Generating histogram from key size log: key_sizes.csv
Histogram written to histogram_postgresql_array_zipfian_light_mixed.txt (BlockSize = 100)
Appending subsequent iteration 58...
Iteration 58: Appended new size values from key_sizes.csv to ../analysis/Data/Value_size_data/value_sizes_postgresql_array_run1_zipfian_light_mixed_before.csv
VACUUM start: 1773524122
VACUUM end: 1773524124
=== Setting parameter values for run phase ===
Checking query plan before run phase
=== Executing the run phase with extendproportion=0 and read/update proportions=0.5 ===
Arrangement completed. Output saved to ../analysis/Data/Workload_data/postgresql_array_run1_zipfian_light_mixed.csv
Arrangement completed. Output saved to ../analysis/Data/Workload_data/postgresql_array_run1_zipfian_light_mixed.csv
Backing up the database started
Backing up the database finished
Arrangement completed. Output saved to ../analysis/Data/Workload_data/postgresql_array_run1_zipfian_light_mixed.csv
Size computation started
Appending subsequent iteration 58...
Iteration 58: Appended new size values from key_sizes.csv to ../analysis/Data/Value_size_data/value_sizes_postgresql_array_run1_zipfian_light_mixed_after.csv
Total size: 85876200, Field length average: 8587
Workload file fieldlength set to: 8587 (expected: 8587)
=== Executing the load phase for the comparison study ===
Comparison-load verification - Epoch:6 Run:8 TotalSize:85870000 ExpectedFieldLength:8587
Avg-run verification - Epoch:6 Run:8 Iteration:58 TotalSize:85870000 ExpectedFieldLength:8587
=== Executing the run phase with extendproportion=0 and read/update proportions=0.5 ===
Arrangement completed. Output saved to ../analysis/Data/Workload_data/postgresql_array_run1_zipfian_light_mixed.csv
=== Setting parameter values for extend phase ===
=== Executing the extend phase with extendproportion=1 and other proportions=0 ===
Arrangement completed. Output saved to ../analysis/Data/Workload_data/postgresql_array_run1_zipfian_light_mixed.csv
Size computation started
Extend verification - Min:77900 Max:122900 Avg:86898 (Expected avg per record: ~1000 bytes initially)
Generating histogram from key size log: key_sizes.csv
Histogram written to histogram_postgresql_array_zipfian_light_mixed.txt (BlockSize = 100)
Appending subsequent iteration 59...
Iteration 59: Appended new size values from key_sizes.csv to ../analysis/Data/Value_size_data/value_sizes_postgresql_array_run1_zipfian_light_mixed_before.csv
VACUUM start: 1773524511
VACUUM end: 1773524514
=== Setting parameter values for run phase ===
Checking query plan before run phase
=== Executing the run phase with extendproportion=0 and read/update proportions=0.5 ===
Arrangement completed. Output saved to ../analysis/Data/Workload_data/postgresql_array_run1_zipfian_light_mixed.csv
Arrangement completed. Output saved to ../analysis/Data/Workload_data/postgresql_array_run1_zipfian_light_mixed.csv
Backing up the database started
Backing up the database finished
Arrangement completed. Output saved to ../analysis/Data/Workload_data/postgresql_array_run1_zipfian_light_mixed.csv
Size computation started
Appending subsequent iteration 59...
Iteration 59: Appended new size values from key_sizes.csv to ../analysis/Data/Value_size_data/value_sizes_postgresql_array_run1_zipfian_light_mixed_after.csv
Total size: 87337600, Field length average: 8733
Workload file fieldlength set to: 8733 (expected: 8733)
=== Executing the load phase for the comparison study ===
Comparison-load verification - Epoch:6 Run:9 TotalSize:87330000 ExpectedFieldLength:8733
Avg-run verification - Epoch:6 Run:9 Iteration:59 TotalSize:87330000 ExpectedFieldLength:8733
=== Executing the run phase with extendproportion=0 and read/update proportions=0.5 ===
Arrangement completed. Output saved to ../analysis/Data/Workload_data/postgresql_array_run1_zipfian_light_mixed.csv
=== Setting parameter values for extend phase ===
=== Executing the extend phase with extendproportion=1 and other proportions=0 ===
Arrangement completed. Output saved to ../analysis/Data/Workload_data/postgresql_array_run1_zipfian_light_mixed.csv
Size computation started
Extend verification - Min:79000 Max:128000 Avg:88324 (Expected avg per record: ~1000 bytes initially)
Generating histogram from key size log: key_sizes.csv
Histogram written to histogram_postgresql_array_zipfian_light_mixed.txt (BlockSize = 100)
Appending subsequent iteration 60...
Iteration 60: Appended new size values from key_sizes.csv to ../analysis/Data/Value_size_data/value_sizes_postgresql_array_run1_zipfian_light_mixed_before.csv
VACUUM start: 1773524900
VACUUM end: 1773524902
=== Setting parameter values for run phase ===
Checking query plan before run phase
=== Executing the run phase with extendproportion=0 and read/update proportions=0.5 ===
Arrangement completed. Output saved to ../analysis/Data/Workload_data/postgresql_array_run1_zipfian_light_mixed.csv
Arrangement completed. Output saved to ../analysis/Data/Workload_data/postgresql_array_run1_zipfian_light_mixed.csv
Backing up the database started
Backing up the database finished
Arrangement completed. Output saved to ../analysis/Data/Workload_data/postgresql_array_run1_zipfian_light_mixed.csv
Size computation started
Appending subsequent iteration 60...
Iteration 60: Appended new size values from key_sizes.csv to ../analysis/Data/Value_size_data/value_sizes_postgresql_array_run1_zipfian_light_mixed_after.csv
Total size: 88775600, Field length average: 8877
Workload file fieldlength set to: 8877 (expected: 8877)
=== Executing the load phase for the comparison study ===
Comparison-load verification - Epoch:6 Run:10 TotalSize:88770000 ExpectedFieldLength:8877
Avg-run verification - Epoch:6 Run:10 Iteration:60 TotalSize:88770000 ExpectedFieldLength:8877
=== Executing the run phase with extendproportion=0 and read/update proportions=0.5 ===
Arrangement completed. Output saved to ../analysis/Data/Workload_data/postgresql_array_run1_zipfian_light_mixed.csv
=== Setting parameter values for extend phase ===
=== Executing the extend phase with extendproportion=1 and other proportions=0 ===
Arrangement completed. Output saved to ../analysis/Data/Workload_data/postgresql_array_run1_zipfian_light_mixed.csv
Size computation started
Extend verification - Min:80300 Max:127400 Avg:89758 (Expected avg per record: ~1000 bytes initially)
Generating histogram from key size log: key_sizes.csv
Histogram written to histogram_postgresql_array_zipfian_light_mixed.txt (BlockSize = 100)
Appending subsequent iteration 61...
Iteration 61: Appended new size values from key_sizes.csv to ../analysis/Data/Value_size_data/value_sizes_postgresql_array_run1_zipfian_light_mixed_before.csv
VACUUM start: 1773525299
VACUUM end: 1773525302
=== Setting parameter values for run phase ===
Checking query plan before run phase
=== Executing the run phase with extendproportion=0 and read/update proportions=0.5 ===
Arrangement completed. Output saved to ../analysis/Data/Workload_data/postgresql_array_run1_zipfian_light_mixed.csv
Arrangement completed. Output saved to ../analysis/Data/Workload_data/postgresql_array_run1_zipfian_light_mixed.csv
Backing up the database started
Backing up the database finished
Arrangement completed. Output saved to ../analysis/Data/Workload_data/postgresql_array_run1_zipfian_light_mixed.csv
Size computation started
Appending subsequent iteration 61...
Iteration 61: Appended new size values from key_sizes.csv to ../analysis/Data/Value_size_data/value_sizes_postgresql_array_run1_zipfian_light_mixed_after.csv
Total size: 90130500, Field length average: 9013
Workload file fieldlength set to: 9013 (expected: 9013)
=== Executing the load phase for the comparison study ===
Comparison-load verification - Epoch:7 Run:1 TotalSize:90130000 ExpectedFieldLength:9013
Avg-run verification - Epoch:7 Run:1 Iteration:61 TotalSize:90130000 ExpectedFieldLength:9013
=== Executing the run phase with extendproportion=0 and read/update proportions=0.5 ===
Arrangement completed. Output saved to ../analysis/Data/Workload_data/postgresql_array_run1_zipfian_light_mixed.csv
=== Setting parameter values for extend phase ===
=== Executing the extend phase with extendproportion=1 and other proportions=0 ===
Arrangement completed. Output saved to ../analysis/Data/Workload_data/postgresql_array_run1_zipfian_light_mixed.csv
Size computation started
Extend verification - Min:81000 Max:126700 Avg:91202 (Expected avg per record: ~1000 bytes initially)
Generating histogram from key size log: key_sizes.csv
Histogram written to histogram_postgresql_array_zipfian_light_mixed.txt (BlockSize = 100)
Appending subsequent iteration 62...
Iteration 62: Appended new size values from key_sizes.csv to ../analysis/Data/Value_size_data/value_sizes_postgresql_array_run1_zipfian_light_mixed_before.csv
VACUUM start: 1773525689
VACUUM end: 1773525691
=== Setting parameter values for run phase ===
Checking query plan before run phase
=== Executing the run phase with extendproportion=0 and read/update proportions=0.5 ===
Arrangement completed. Output saved to ../analysis/Data/Workload_data/postgresql_array_run1_zipfian_light_mixed.csv
Arrangement completed. Output saved to ../analysis/Data/Workload_data/postgresql_array_run1_zipfian_light_mixed.csv
Backing up the database started
Backing up the database finished
Arrangement completed. Output saved to ../analysis/Data/Workload_data/postgresql_array_run1_zipfian_light_mixed.csv
Size computation started
Appending subsequent iteration 62...
Iteration 62: Appended new size values from key_sizes.csv to ../analysis/Data/Value_size_data/value_sizes_postgresql_array_run1_zipfian_light_mixed_after.csv
Total size: 91629600, Field length average: 9162
Workload file fieldlength set to: 9162 (expected: 9162)
=== Executing the load phase for the comparison study ===
Comparison-load verification - Epoch:7 Run:2 TotalSize:91620000 ExpectedFieldLength:9162
Avg-run verification - Epoch:7 Run:2 Iteration:62 TotalSize:91620000 ExpectedFieldLength:9162
=== Executing the run phase with extendproportion=0 and read/update proportions=0.5 ===
Arrangement completed. Output saved to ../analysis/Data/Workload_data/postgresql_array_run1_zipfian_light_mixed.csv
=== Setting parameter values for extend phase ===
=== Executing the extend phase with extendproportion=1 and other proportions=0 ===
Arrangement completed. Output saved to ../analysis/Data/Workload_data/postgresql_array_run1_zipfian_light_mixed.csv
Size computation started
Extend verification - Min:83100 Max:127400 Avg:92676 (Expected avg per record: ~1000 bytes initially)
Generating histogram from key size log: key_sizes.csv
Histogram written to histogram_postgresql_array_zipfian_light_mixed.txt (BlockSize = 100)
Appending subsequent iteration 63...
Iteration 63: Appended new size values from key_sizes.csv to ../analysis/Data/Value_size_data/value_sizes_postgresql_array_run1_zipfian_light_mixed_before.csv
VACUUM start: 1773526081
VACUUM end: 1773526085
=== Setting parameter values for run phase ===
Checking query plan before run phase
=== Executing the run phase with extendproportion=0 and read/update proportions=0.5 ===
Arrangement completed. Output saved to ../analysis/Data/Workload_data/postgresql_array_run1_zipfian_light_mixed.csv
Arrangement completed. Output saved to ../analysis/Data/Workload_data/postgresql_array_run1_zipfian_light_mixed.csv
Backing up the database started
Backing up the database finished
Arrangement completed. Output saved to ../analysis/Data/Workload_data/postgresql_array_run1_zipfian_light_mixed.csv
Size computation started
Appending subsequent iteration 63...
Iteration 63: Appended new size values from key_sizes.csv to ../analysis/Data/Value_size_data/value_sizes_postgresql_array_run1_zipfian_light_mixed_after.csv
Total size: 93136400, Field length average: 9313
Workload file fieldlength set to: 9313 (expected: 9313)
=== Executing the load phase for the comparison study ===
Comparison-load verification - Epoch:7 Run:3 TotalSize:93130000 ExpectedFieldLength:9313
Avg-run verification - Epoch:7 Run:3 Iteration:63 TotalSize:93130000 ExpectedFieldLength:9313
=== Executing the run phase with extendproportion=0 and read/update proportions=0.5 ===
Arrangement completed. Output saved to ../analysis/Data/Workload_data/postgresql_array_run1_zipfian_light_mixed.csv
=== Setting parameter values for extend phase ===
=== Executing the extend phase with extendproportion=1 and other proportions=0 ===
Arrangement completed. Output saved to ../analysis/Data/Workload_data/postgresql_array_run1_zipfian_light_mixed.csv
Size computation started
Extend verification - Min:84100 Max:130800 Avg:94141 (Expected avg per record: ~1000 bytes initially)
Generating histogram from key size log: key_sizes.csv
Histogram written to histogram_postgresql_array_zipfian_light_mixed.txt (BlockSize = 100)
Appending subsequent iteration 64...
Iteration 64: Appended new size values from key_sizes.csv to ../analysis/Data/Value_size_data/value_sizes_postgresql_array_run1_zipfian_light_mixed_before.csv
VACUUM start: 1773526484
VACUUM end: 1773526487
=== Setting parameter values for run phase ===
Checking query plan before run phase
=== Executing the run phase with extendproportion=0 and read/update proportions=0.5 ===
Arrangement completed. Output saved to ../analysis/Data/Workload_data/postgresql_array_run1_zipfian_light_mixed.csv
Arrangement completed. Output saved to ../analysis/Data/Workload_data/postgresql_array_run1_zipfian_light_mixed.csv
Backing up the database started
Backing up the database finished
Arrangement completed. Output saved to ../analysis/Data/Workload_data/postgresql_array_run1_zipfian_light_mixed.csv
Size computation started
Appending subsequent iteration 64...
Iteration 64: Appended new size values from key_sizes.csv to ../analysis/Data/Value_size_data/value_sizes_postgresql_array_run1_zipfian_light_mixed_after.csv
Total size: 94565600, Field length average: 9456
Workload file fieldlength set to: 9456 (expected: 9456)
=== Executing the load phase for the comparison study ===
Comparison-load verification - Epoch:7 Run:4 TotalSize:94560000 ExpectedFieldLength:9456
Avg-run verification - Epoch:7 Run:4 Iteration:64 TotalSize:94560000 ExpectedFieldLength:9456
=== Executing the run phase with extendproportion=0 and read/update proportions=0.5 ===
Arrangement completed. Output saved to ../analysis/Data/Workload_data/postgresql_array_run1_zipfian_light_mixed.csv
=== Setting parameter values for extend phase ===
=== Executing the extend phase with extendproportion=1 and other proportions=0 ===
Arrangement completed. Output saved to ../analysis/Data/Workload_data/postgresql_array_run1_zipfian_light_mixed.csv
Size computation started
Extend verification - Min:83600 Max:131300 Avg:95540 (Expected avg per record: ~1000 bytes initially)
Generating histogram from key size log: key_sizes.csv
Histogram written to histogram_postgresql_array_zipfian_light_mixed.txt (BlockSize = 100)
Appending subsequent iteration 65...
Iteration 65: Appended new size values from key_sizes.csv to ../analysis/Data/Value_size_data/value_sizes_postgresql_array_run1_zipfian_light_mixed_before.csv
VACUUM start: 1773526885
VACUUM end: 1773526888
=== Setting parameter values for run phase ===
Checking query plan before run phase
=== Executing the run phase with extendproportion=0 and read/update proportions=0.5 ===
Arrangement completed. Output saved to ../analysis/Data/Workload_data/postgresql_array_run1_zipfian_light_mixed.csv
Arrangement completed. Output saved to ../analysis/Data/Workload_data/postgresql_array_run1_zipfian_light_mixed.csv
Backing up the database started
Backing up the database finished
Arrangement completed. Output saved to ../analysis/Data/Workload_data/postgresql_array_run1_zipfian_light_mixed.csv
Size computation started
Appending subsequent iteration 65...
Iteration 65: Appended new size values from key_sizes.csv to ../analysis/Data/Value_size_data/value_sizes_postgresql_array_run1_zipfian_light_mixed_after.csv
Total size: 95977800, Field length average: 9597
Workload file fieldlength set to: 9597 (expected: 9597)
=== Executing the load phase for the comparison study ===
Comparison-load verification - Epoch:7 Run:5 TotalSize:95970000 ExpectedFieldLength:9597
Avg-run verification - Epoch:7 Run:5 Iteration:65 TotalSize:95970000 ExpectedFieldLength:9597
=== Executing the run phase with extendproportion=0 and read/update proportions=0.5 ===
Arrangement completed. Output saved to ../analysis/Data/Workload_data/postgresql_array_run1_zipfian_light_mixed.csv
=== Setting parameter values for extend phase ===
=== Executing the extend phase with extendproportion=1 and other proportions=0 ===
Arrangement completed. Output saved to ../analysis/Data/Workload_data/postgresql_array_run1_zipfian_light_mixed.csv
Size computation started
Extend verification - Min:86000 Max:137800 Avg:96949 (Expected avg per record: ~1000 bytes initially)
Generating histogram from key size log: key_sizes.csv
Histogram written to histogram_postgresql_array_zipfian_light_mixed.txt (BlockSize = 100)
Appending subsequent iteration 66...
Iteration 66: Appended new size values from key_sizes.csv to ../analysis/Data/Value_size_data/value_sizes_postgresql_array_run1_zipfian_light_mixed_before.csv
VACUUM start: 1773527277
VACUUM end: 1773527281
=== Setting parameter values for run phase ===
Checking query plan before run phase
=== Executing the run phase with extendproportion=0 and read/update proportions=0.5 ===
Arrangement completed. Output saved to ../analysis/Data/Workload_data/postgresql_array_run1_zipfian_light_mixed.csv
Arrangement completed. Output saved to ../analysis/Data/Workload_data/postgresql_array_run1_zipfian_light_mixed.csv
Backing up the database started
Backing up the database finished
Arrangement completed. Output saved to ../analysis/Data/Workload_data/postgresql_array_run1_zipfian_light_mixed.csv
Size computation started
Appending subsequent iteration 66...
Iteration 66: Appended new size values from key_sizes.csv to ../analysis/Data/Value_size_data/value_sizes_postgresql_array_run1_zipfian_light_mixed_after.csv
Total size: 97345400, Field length average: 9734
Workload file fieldlength set to: 9734 (expected: 9734)
=== Executing the load phase for the comparison study ===
Comparison-load verification - Epoch:7 Run:6 TotalSize:97340000 ExpectedFieldLength:9734
Avg-run verification - Epoch:7 Run:6 Iteration:66 TotalSize:97340000 ExpectedFieldLength:9734
=== Executing the run phase with extendproportion=0 and read/update proportions=0.5 ===
Arrangement completed. Output saved to ../analysis/Data/Workload_data/postgresql_array_run1_zipfian_light_mixed.csv
=== Setting parameter values for extend phase ===
=== Executing the extend phase with extendproportion=1 and other proportions=0 ===
Arrangement completed. Output saved to ../analysis/Data/Workload_data/postgresql_array_run1_zipfian_light_mixed.csv
Size computation started
Extend verification - Min:87500 Max:137000 Avg:98336 (Expected avg per record: ~1000 bytes initially)
Generating histogram from key size log: key_sizes.csv
Histogram written to histogram_postgresql_array_zipfian_light_mixed.txt (BlockSize = 100)
Appending subsequent iteration 67...
Iteration 67: Appended new size values from key_sizes.csv to ../analysis/Data/Value_size_data/value_sizes_postgresql_array_run1_zipfian_light_mixed_before.csv
VACUUM start: 1773527680
VACUUM end: 1773527683
=== Setting parameter values for run phase ===
Checking query plan before run phase
=== Executing the run phase with extendproportion=0 and read/update proportions=0.5 ===
Arrangement completed. Output saved to ../analysis/Data/Workload_data/postgresql_array_run1_zipfian_light_mixed.csv
Arrangement completed. Output saved to ../analysis/Data/Workload_data/postgresql_array_run1_zipfian_light_mixed.csv
Backing up the database started
Backing up the database finished
Arrangement completed. Output saved to ../analysis/Data/Workload_data/postgresql_array_run1_zipfian_light_mixed.csv
Size computation started
Appending subsequent iteration 67...
Iteration 67: Appended new size values from key_sizes.csv to ../analysis/Data/Value_size_data/value_sizes_postgresql_array_run1_zipfian_light_mixed_after.csv
Total size: 98756600, Field length average: 9875
Workload file fieldlength set to: 9875 (expected: 9875)
=== Executing the load phase for the comparison study ===
Comparison-load verification - Epoch:7 Run:7 TotalSize:98750000 ExpectedFieldLength:9875
Avg-run verification - Epoch:7 Run:7 Iteration:67 TotalSize:98750000 ExpectedFieldLength:9875
=== Executing the run phase with extendproportion=0 and read/update proportions=0.5 ===
Arrangement completed. Output saved to ../analysis/Data/Workload_data/postgresql_array_run1_zipfian_light_mixed.csv
=== Setting parameter values for extend phase ===
=== Executing the extend phase with extendproportion=1 and other proportions=0 ===
Arrangement completed. Output saved to ../analysis/Data/Workload_data/postgresql_array_run1_zipfian_light_mixed.csv
Size computation started
Extend verification - Min:89500 Max:136000 Avg:99744 (Expected avg per record: ~1000 bytes initially)
Generating histogram from key size log: key_sizes.csv
Histogram written to histogram_postgresql_array_zipfian_light_mixed.txt (BlockSize = 100)
Appending subsequent iteration 68...
Iteration 68: Appended new size values from key_sizes.csv to ../analysis/Data/Value_size_data/value_sizes_postgresql_array_run1_zipfian_light_mixed_before.csv
VACUUM start: 1773528084
VACUUM end: 1773528087
=== Setting parameter values for run phase ===
Checking query plan before run phase
=== Executing the run phase with extendproportion=0 and read/update proportions=0.5 ===
Arrangement completed. Output saved to ../analysis/Data/Workload_data/postgresql_array_run1_zipfian_light_mixed.csv
Arrangement completed. Output saved to ../analysis/Data/Workload_data/postgresql_array_run1_zipfian_light_mixed.csv
Backing up the database started
Backing up the database finished
Arrangement completed. Output saved to ../analysis/Data/Workload_data/postgresql_array_run1_zipfian_light_mixed.csv
Size computation started
Appending subsequent iteration 68...
Iteration 68: Appended new size values from key_sizes.csv to ../analysis/Data/Value_size_data/value_sizes_postgresql_array_run1_zipfian_light_mixed_after.csv
Total size: 100156000, Field length average: 10015
Workload file fieldlength set to: 10015 (expected: 10015)
=== Executing the load phase for the comparison study ===
Comparison-load verification - Epoch:7 Run:8 TotalSize:100150000 ExpectedFieldLength:10015
Avg-run verification - Epoch:7 Run:8 Iteration:68 TotalSize:100150000 ExpectedFieldLength:10015
=== Executing the run phase with extendproportion=0 and read/update proportions=0.5 ===
Arrangement completed. Output saved to ../analysis/Data/Workload_data/postgresql_array_run1_zipfian_light_mixed.csv
=== Setting parameter values for extend phase ===
=== Executing the extend phase with extendproportion=1 and other proportions=0 ===
Arrangement completed. Output saved to ../analysis/Data/Workload_data/postgresql_array_run1_zipfian_light_mixed.csv
Size computation started
Extend verification - Min:89900 Max:144100 Avg:101151 (Expected avg per record: ~1000 bytes initially)
Generating histogram from key size log: key_sizes.csv
Histogram written to histogram_postgresql_array_zipfian_light_mixed.txt (BlockSize = 100)
Appending subsequent iteration 69...
Iteration 69: Appended new size values from key_sizes.csv to ../analysis/Data/Value_size_data/value_sizes_postgresql_array_run1_zipfian_light_mixed_before.csv
VACUUM start: 1773528506
VACUUM end: 1773528510
=== Setting parameter values for run phase ===
Checking query plan before run phase
=== Executing the run phase with extendproportion=0 and read/update proportions=0.5 ===
Arrangement completed. Output saved to ../analysis/Data/Workload_data/postgresql_array_run1_zipfian_light_mixed.csv
Arrangement completed. Output saved to ../analysis/Data/Workload_data/postgresql_array_run1_zipfian_light_mixed.csv
Backing up the database started
Backing up the database finished
Arrangement completed. Output saved to ../analysis/Data/Workload_data/postgresql_array_run1_zipfian_light_mixed.csv
Size computation started
Appending subsequent iteration 69...
Iteration 69: Appended new size values from key_sizes.csv to ../analysis/Data/Value_size_data/value_sizes_postgresql_array_run1_zipfian_light_mixed_after.csv
Total size: 101506200, Field length average: 10150
Workload file fieldlength set to: 10150 (expected: 10150)
=== Executing the load phase for the comparison study ===
Comparison-load verification - Epoch:7 Run:9 TotalSize:101500000 ExpectedFieldLength:10150
Avg-run verification - Epoch:7 Run:9 Iteration:69 TotalSize:101500000 ExpectedFieldLength:10150
=== Executing the run phase with extendproportion=0 and read/update proportions=0.5 ===
Arrangement completed. Output saved to ../analysis/Data/Workload_data/postgresql_array_run1_zipfian_light_mixed.csv
=== Setting parameter values for extend phase ===
=== Executing the extend phase with extendproportion=1 and other proportions=0 ===
Arrangement completed. Output saved to ../analysis/Data/Workload_data/postgresql_array_run1_zipfian_light_mixed.csv
Size computation started
Extend verification - Min:85200 Max:140300 Avg:102475 (Expected avg per record: ~1000 bytes initially)
Generating histogram from key size log: key_sizes.csv
Histogram written to histogram_postgresql_array_zipfian_light_mixed.txt (BlockSize = 100)
Appending subsequent iteration 70...
Iteration 70: Appended new size values from key_sizes.csv to ../analysis/Data/Value_size_data/value_sizes_postgresql_array_run1_zipfian_light_mixed_before.csv
VACUUM start: 1773528921
VACUUM end: 1773528925
=== Setting parameter values for run phase ===
Checking query plan before run phase
=== Executing the run phase with extendproportion=0 and read/update proportions=0.5 ===
Arrangement completed. Output saved to ../analysis/Data/Workload_data/postgresql_array_run1_zipfian_light_mixed.csv
Arrangement completed. Output saved to ../analysis/Data/Workload_data/postgresql_array_run1_zipfian_light_mixed.csv
Backing up the database started
Backing up the database finished
Arrangement completed. Output saved to ../analysis/Data/Workload_data/postgresql_array_run1_zipfian_light_mixed.csv
Size computation started
Appending subsequent iteration 70...
Iteration 70: Appended new size values from key_sizes.csv to ../analysis/Data/Value_size_data/value_sizes_postgresql_array_run1_zipfian_light_mixed_after.csv
Total size: 102881700, Field length average: 10288
Workload file fieldlength set to: 10288 (expected: 10288)
=== Executing the load phase for the comparison study ===
Comparison-load verification - Epoch:7 Run:10 TotalSize:102880000 ExpectedFieldLength:10288
Avg-run verification - Epoch:7 Run:10 Iteration:70 TotalSize:102880000 ExpectedFieldLength:10288
=== Executing the run phase with extendproportion=0 and read/update proportions=0.5 ===
Arrangement completed. Output saved to ../analysis/Data/Workload_data/postgresql_array_run1_zipfian_light_mixed.csv
=== Setting parameter values for extend phase ===
=== Executing the extend phase with extendproportion=1 and other proportions=0 ===
Arrangement completed. Output saved to ../analysis/Data/Workload_data/postgresql_array_run1_zipfian_light_mixed.csv
Size computation started
Extend verification - Min:92600 Max:146200 Avg:103912 (Expected avg per record: ~1000 bytes initially)
Generating histogram from key size log: key_sizes.csv
Histogram written to histogram_postgresql_array_zipfian_light_mixed.txt (BlockSize = 100)
Appending subsequent iteration 71...
Iteration 71: Appended new size values from key_sizes.csv to ../analysis/Data/Value_size_data/value_sizes_postgresql_array_run1_zipfian_light_mixed_before.csv
VACUUM start: 1773529346
VACUUM end: 1773529351
=== Setting parameter values for run phase ===
Checking query plan before run phase
=== Executing the run phase with extendproportion=0 and read/update proportions=0.5 ===
Arrangement completed. Output saved to ../analysis/Data/Workload_data/postgresql_array_run1_zipfian_light_mixed.csv
Arrangement completed. Output saved to ../analysis/Data/Workload_data/postgresql_array_run1_zipfian_light_mixed.csv
Backing up the database started
Backing up the database finished
Arrangement completed. Output saved to ../analysis/Data/Workload_data/postgresql_array_run1_zipfian_light_mixed.csv
Size computation started
Appending subsequent iteration 71...
Iteration 71: Appended new size values from key_sizes.csv to ../analysis/Data/Value_size_data/value_sizes_postgresql_array_run1_zipfian_light_mixed_after.csv
Total size: 104209000, Field length average: 10420
Workload file fieldlength set to: 10420 (expected: 10420)
=== Executing the load phase for the comparison study ===
Comparison-load verification - Epoch:8 Run:1 TotalSize:104200000 ExpectedFieldLength:10420
Avg-run verification - Epoch:8 Run:1 Iteration:71 TotalSize:104200000 ExpectedFieldLength:10420
=== Executing the run phase with extendproportion=0 and read/update proportions=0.5 ===
Arrangement completed. Output saved to ../analysis/Data/Workload_data/postgresql_array_run1_zipfian_light_mixed.csv
=== Setting parameter values for extend phase ===
=== Executing the extend phase with extendproportion=1 and other proportions=0 ===
Arrangement completed. Output saved to ../analysis/Data/Workload_data/postgresql_array_run1_zipfian_light_mixed.csv
Size computation started
Extend verification - Min:92600 Max:143800 Avg:105276 (Expected avg per record: ~1000 bytes initially)
Generating histogram from key size log: key_sizes.csv
Histogram written to histogram_postgresql_array_zipfian_light_mixed.txt (BlockSize = 100)
Appending subsequent iteration 72...
Iteration 72: Appended new size values from key_sizes.csv to ../analysis/Data/Value_size_data/value_sizes_postgresql_array_run1_zipfian_light_mixed_before.csv
VACUUM start: 1773529775
VACUUM end: 1773529779
=== Setting parameter values for run phase ===
Checking query plan before run phase
=== Executing the run phase with extendproportion=0 and read/update proportions=0.5 ===
Arrangement completed. Output saved to ../analysis/Data/Workload_data/postgresql_array_run1_zipfian_light_mixed.csv
Arrangement completed. Output saved to ../analysis/Data/Workload_data/postgresql_array_run1_zipfian_light_mixed.csv
Backing up the database started
Backing up the database finished
Arrangement completed. Output saved to ../analysis/Data/Workload_data/postgresql_array_run1_zipfian_light_mixed.csv
Size computation started
Appending subsequent iteration 72...
Iteration 72: Appended new size values from key_sizes.csv to ../analysis/Data/Value_size_data/value_sizes_postgresql_array_run1_zipfian_light_mixed_after.csv
Total size: 105655300, Field length average: 10565
Workload file fieldlength set to: 10565 (expected: 10565)
=== Executing the load phase for the comparison study ===
Comparison-load verification - Epoch:8 Run:2 TotalSize:105650000 ExpectedFieldLength:10565
Avg-run verification - Epoch:8 Run:2 Iteration:72 TotalSize:105650000 ExpectedFieldLength:10565
=== Executing the run phase with extendproportion=0 and read/update proportions=0.5 ===
Arrangement completed. Output saved to ../analysis/Data/Workload_data/postgresql_array_run1_zipfian_light_mixed.csv
=== Setting parameter values for extend phase ===
=== Executing the extend phase with extendproportion=1 and other proportions=0 ===
Arrangement completed. Output saved to ../analysis/Data/Workload_data/postgresql_array_run1_zipfian_light_mixed.csv
Size computation started
Extend verification - Min:94800 Max:142300 Avg:106653 (Expected avg per record: ~1000 bytes initially)
Generating histogram from key size log: key_sizes.csv
Histogram written to histogram_postgresql_array_zipfian_light_mixed.txt (BlockSize = 100)
Appending subsequent iteration 73...
Iteration 73: Appended new size values from key_sizes.csv to ../analysis/Data/Value_size_data/value_sizes_postgresql_array_run1_zipfian_light_mixed_before.csv
VACUUM start: 1773530203
VACUUM end: 1773530210
=== Setting parameter values for run phase ===
Checking query plan before run phase
=== Executing the run phase with extendproportion=0 and read/update proportions=0.5 ===
Arrangement completed. Output saved to ../analysis/Data/Workload_data/postgresql_array_run1_zipfian_light_mixed.csv
Arrangement completed. Output saved to ../analysis/Data/Workload_data/postgresql_array_run1_zipfian_light_mixed.csv
Backing up the database started
Backing up the database finished
Arrangement completed. Output saved to ../analysis/Data/Workload_data/postgresql_array_run1_zipfian_light_mixed.csv
Size computation started
Appending subsequent iteration 73...
Iteration 73: Appended new size values from key_sizes.csv to ../analysis/Data/Value_size_data/value_sizes_postgresql_array_run1_zipfian_light_mixed_after.csv
Total size: 107073900, Field length average: 10707
Workload file fieldlength set to: 10707 (expected: 10707)
=== Executing the load phase for the comparison study ===
Comparison-load verification - Epoch:8 Run:3 TotalSize:107070000 ExpectedFieldLength:10707
Avg-run verification - Epoch:8 Run:3 Iteration:73 TotalSize:107070000 ExpectedFieldLength:10707
=== Executing the run phase with extendproportion=0 and read/update proportions=0.5 ===
Arrangement completed. Output saved to ../analysis/Data/Workload_data/postgresql_array_run1_zipfian_light_mixed.csv
=== Setting parameter values for extend phase ===
=== Executing the extend phase with extendproportion=1 and other proportions=0 ===
Arrangement completed. Output saved to ../analysis/Data/Workload_data/postgresql_array_run1_zipfian_light_mixed.csv
Size computation started
Extend verification - Min:96600 Max:147500 Avg:108089 (Expected avg per record: ~1000 bytes initially)
Generating histogram from key size log: key_sizes.csv
Histogram written to histogram_postgresql_array_zipfian_light_mixed.txt (BlockSize = 100)
Appending subsequent iteration 74...
Iteration 74: Appended new size values from key_sizes.csv to ../analysis/Data/Value_size_data/value_sizes_postgresql_array_run1_zipfian_light_mixed_before.csv
VACUUM start: 1773530636
VACUUM end: 1773530640
=== Setting parameter values for run phase ===
Checking query plan before run phase
=== Executing the run phase with extendproportion=0 and read/update proportions=0.5 ===
Arrangement completed. Output saved to ../analysis/Data/Workload_data/postgresql_array_run1_zipfian_light_mixed.csv
Arrangement completed. Output saved to ../analysis/Data/Workload_data/postgresql_array_run1_zipfian_light_mixed.csv
Backing up the database started
Backing up the database finished
Arrangement completed. Output saved to ../analysis/Data/Workload_data/postgresql_array_run1_zipfian_light_mixed.csv
Size computation started
Appending subsequent iteration 74...
Iteration 74: Appended new size values from key_sizes.csv to ../analysis/Data/Value_size_data/value_sizes_postgresql_array_run1_zipfian_light_mixed_after.csv
Total size: 108489200, Field length average: 10848
Workload file fieldlength set to: 10848 (expected: 10848)
=== Executing the load phase for the comparison study ===
Comparison-load verification - Epoch:8 Run:4 TotalSize:108480000 ExpectedFieldLength:10848
Avg-run verification - Epoch:8 Run:4 Iteration:74 TotalSize:108480000 ExpectedFieldLength:10848
=== Executing the run phase with extendproportion=0 and read/update proportions=0.5 ===
Arrangement completed. Output saved to ../analysis/Data/Workload_data/postgresql_array_run1_zipfian_light_mixed.csv
=== Setting parameter values for extend phase ===
=== Executing the extend phase with extendproportion=1 and other proportions=0 ===
Arrangement completed. Output saved to ../analysis/Data/Workload_data/postgresql_array_run1_zipfian_light_mixed.csv
Size computation started
Extend verification - Min:98200 Max:145200 Avg:109417 (Expected avg per record: ~1000 bytes initially)
Generating histogram from key size log: key_sizes.csv
Histogram written to histogram_postgresql_array_zipfian_light_mixed.txt (BlockSize = 100)
Appending subsequent iteration 75...
Iteration 75: Appended new size values from key_sizes.csv to ../analysis/Data/Value_size_data/value_sizes_postgresql_array_run1_zipfian_light_mixed_before.csv
VACUUM start: 1773531070
VACUUM end: 1773531074
=== Setting parameter values for run phase ===
Checking query plan before run phase
=== Executing the run phase with extendproportion=0 and read/update proportions=0.5 ===
Arrangement completed. Output saved to ../analysis/Data/Workload_data/postgresql_array_run1_zipfian_light_mixed.csv
Arrangement completed. Output saved to ../analysis/Data/Workload_data/postgresql_array_run1_zipfian_light_mixed.csv
Backing up the database started
Backing up the database finished
Arrangement completed. Output saved to ../analysis/Data/Workload_data/postgresql_array_run1_zipfian_light_mixed.csv
Size computation started
Appending subsequent iteration 75...
Iteration 75: Appended new size values from key_sizes.csv to ../analysis/Data/Value_size_data/value_sizes_postgresql_array_run1_zipfian_light_mixed_after.csv
Total size: 109874200, Field length average: 10987
Workload file fieldlength set to: 10987 (expected: 10987)
=== Executing the load phase for the comparison study ===
Comparison-load verification - Epoch:8 Run:5 TotalSize:109870000 ExpectedFieldLength:10987
Avg-run verification - Epoch:8 Run:5 Iteration:75 TotalSize:109870000 ExpectedFieldLength:10987
=== Executing the run phase with extendproportion=0 and read/update proportions=0.5 ===
Arrangement completed. Output saved to ../analysis/Data/Workload_data/postgresql_array_run1_zipfian_light_mixed.csv
=== Setting parameter values for extend phase ===
=== Executing the extend phase with extendproportion=1 and other proportions=0 ===
Arrangement completed. Output saved to ../analysis/Data/Workload_data/postgresql_array_run1_zipfian_light_mixed.csv
Size computation started
Extend verification - Min:99300 Max:149900 Avg:110835 (Expected avg per record: ~1000 bytes initially)
Generating histogram from key size log: key_sizes.csv
Histogram written to histogram_postgresql_array_zipfian_light_mixed.txt (BlockSize = 100)
Appending subsequent iteration 76...
Iteration 76: Appended new size values from key_sizes.csv to ../analysis/Data/Value_size_data/value_sizes_postgresql_array_run1_zipfian_light_mixed_before.csv
VACUUM start: 1773531504
VACUUM end: 1773531506
=== Setting parameter values for run phase ===
Checking query plan before run phase
=== Executing the run phase with extendproportion=0 and read/update proportions=0.5 ===
Arrangement completed. Output saved to ../analysis/Data/Workload_data/postgresql_array_run1_zipfian_light_mixed.csv
Arrangement completed. Output saved to ../analysis/Data/Workload_data/postgresql_array_run1_zipfian_light_mixed.csv
Backing up the database started
Backing up the database finished
Arrangement completed. Output saved to ../analysis/Data/Workload_data/postgresql_array_run1_zipfian_light_mixed.csv
Size computation started
Appending subsequent iteration 76...
Iteration 76: Appended new size values from key_sizes.csv to ../analysis/Data/Value_size_data/value_sizes_postgresql_array_run1_zipfian_light_mixed_after.csv
Total size: 111289100, Field length average: 11128
Workload file fieldlength set to: 11128 (expected: 11128)
=== Executing the load phase for the comparison study ===
Comparison-load verification - Epoch:8 Run:6 TotalSize:111280000 ExpectedFieldLength:11128
Avg-run verification - Epoch:8 Run:6 Iteration:76 TotalSize:111280000 ExpectedFieldLength:11128
=== Executing the run phase with extendproportion=0 and read/update proportions=0.5 ===
Arrangement completed. Output saved to ../analysis/Data/Workload_data/postgresql_array_run1_zipfian_light_mixed.csv
=== Setting parameter values for extend phase ===
=== Executing the extend phase with extendproportion=1 and other proportions=0 ===
Arrangement completed. Output saved to ../analysis/Data/Workload_data/postgresql_array_run1_zipfian_light_mixed.csv
Size computation started
Extend verification - Min:100400 Max:148000 Avg:112226 (Expected avg per record: ~1000 bytes initially)
Generating histogram from key size log: key_sizes.csv
Histogram written to histogram_postgresql_array_zipfian_light_mixed.txt (BlockSize = 100)
Appending subsequent iteration 77...
Iteration 77: Appended new size values from key_sizes.csv to ../analysis/Data/Value_size_data/value_sizes_postgresql_array_run1_zipfian_light_mixed_before.csv
VACUUM start: 1773531934
VACUUM end: 1773531937
=== Setting parameter values for run phase ===
Checking query plan before run phase
=== Executing the run phase with extendproportion=0 and read/update proportions=0.5 ===
Arrangement completed. Output saved to ../analysis/Data/Workload_data/postgresql_array_run1_zipfian_light_mixed.csv
Arrangement completed. Output saved to ../analysis/Data/Workload_data/postgresql_array_run1_zipfian_light_mixed.csv
Backing up the database started
Backing up the database finished
Arrangement completed. Output saved to ../analysis/Data/Workload_data/postgresql_array_run1_zipfian_light_mixed.csv
Size computation started
Appending subsequent iteration 77...
Iteration 77: Appended new size values from key_sizes.csv to ../analysis/Data/Value_size_data/value_sizes_postgresql_array_run1_zipfian_light_mixed_after.csv
Total size: 112590000, Field length average: 11259
Workload file fieldlength set to: 11259 (expected: 11259)
=== Executing the load phase for the comparison study ===
Comparison-load verification - Epoch:8 Run:7 TotalSize:112590000 ExpectedFieldLength:11259
Avg-run verification - Epoch:8 Run:7 Iteration:77 TotalSize:112590000 ExpectedFieldLength:11259
=== Executing the run phase with extendproportion=0 and read/update proportions=0.5 ===
Arrangement completed. Output saved to ../analysis/Data/Workload_data/postgresql_array_run1_zipfian_light_mixed.csv
=== Setting parameter values for extend phase ===
=== Executing the extend phase with extendproportion=1 and other proportions=0 ===
Arrangement completed. Output saved to ../analysis/Data/Workload_data/postgresql_array_run1_zipfian_light_mixed.csv
Size computation started
Extend verification - Min:91400 Max:153100 Avg:113564 (Expected avg per record: ~1000 bytes initially)
Generating histogram from key size log: key_sizes.csv
Histogram written to histogram_postgresql_array_zipfian_light_mixed.txt (BlockSize = 100)
Appending subsequent iteration 78...
Iteration 78: Appended new size values from key_sizes.csv to ../analysis/Data/Value_size_data/value_sizes_postgresql_array_run1_zipfian_light_mixed_before.csv
VACUUM start: 1773532365
VACUUM end: 1773532368
=== Setting parameter values for run phase ===
Checking query plan before run phase
=== Executing the run phase with extendproportion=0 and read/update proportions=0.5 ===
Arrangement completed. Output saved to ../analysis/Data/Workload_data/postgresql_array_run1_zipfian_light_mixed.csv
Arrangement completed. Output saved to ../analysis/Data/Workload_data/postgresql_array_run1_zipfian_light_mixed.csv
Backing up the database started
Backing up the database finished
Arrangement completed. Output saved to ../analysis/Data/Workload_data/postgresql_array_run1_zipfian_light_mixed.csv
Size computation started
Appending subsequent iteration 78...
Iteration 78: Appended new size values from key_sizes.csv to ../analysis/Data/Value_size_data/value_sizes_postgresql_array_run1_zipfian_light_mixed_after.csv
Total size: 113895500, Field length average: 11389
Workload file fieldlength set to: 11389 (expected: 11389)
=== Executing the load phase for the comparison study ===
Comparison-load verification - Epoch:8 Run:8 TotalSize:113890000 ExpectedFieldLength:11389
Avg-run verification - Epoch:8 Run:8 Iteration:78 TotalSize:113890000 ExpectedFieldLength:11389
=== Executing the run phase with extendproportion=0 and read/update proportions=0.5 ===
Arrangement completed. Output saved to ../analysis/Data/Workload_data/postgresql_array_run1_zipfian_light_mixed.csv
=== Setting parameter values for extend phase ===
=== Executing the extend phase with extendproportion=1 and other proportions=0 ===
Arrangement completed. Output saved to ../analysis/Data/Workload_data/postgresql_array_run1_zipfian_light_mixed.csv
Size computation started
Extend verification - Min:102200 Max:155100 Avg:114966 (Expected avg per record: ~1000 bytes initially)
Generating histogram from key size log: key_sizes.csv
Histogram written to histogram_postgresql_array_zipfian_light_mixed.txt (BlockSize = 100)
Appending subsequent iteration 79...
Iteration 79: Appended new size values from key_sizes.csv to ../analysis/Data/Value_size_data/value_sizes_postgresql_array_run1_zipfian_light_mixed_before.csv
VACUUM start: 1773532799
VACUUM end: 1773532802
=== Setting parameter values for run phase ===
Checking query plan before run phase
=== Executing the run phase with extendproportion=0 and read/update proportions=0.5 ===
Arrangement completed. Output saved to ../analysis/Data/Workload_data/postgresql_array_run1_zipfian_light_mixed.csv
Arrangement completed. Output saved to ../analysis/Data/Workload_data/postgresql_array_run1_zipfian_light_mixed.csv
Backing up the database started
Backing up the database finished
Arrangement completed. Output saved to ../analysis/Data/Workload_data/postgresql_array_run1_zipfian_light_mixed.csv
Size computation started
Appending subsequent iteration 79...
Iteration 79: Appended new size values from key_sizes.csv to ../analysis/Data/Value_size_data/value_sizes_postgresql_array_run1_zipfian_light_mixed_after.csv
Total size: 115324400, Field length average: 11532
Workload file fieldlength set to: 11532 (expected: 11532)
=== Executing the load phase for the comparison study ===
Comparison-load verification - Epoch:8 Run:9 TotalSize:115320000 ExpectedFieldLength:11532
Avg-run verification - Epoch:8 Run:9 Iteration:79 TotalSize:115320000 ExpectedFieldLength:11532
=== Executing the run phase with extendproportion=0 and read/update proportions=0.5 ===
Arrangement completed. Output saved to ../analysis/Data/Workload_data/postgresql_array_run1_zipfian_light_mixed.csv
=== Setting parameter values for extend phase ===
=== Executing the extend phase with extendproportion=1 and other proportions=0 ===
Arrangement completed. Output saved to ../analysis/Data/Workload_data/postgresql_array_run1_zipfian_light_mixed.csv
Size computation started
Extend verification - Min:103400 Max:155000 Avg:116354 (Expected avg per record: ~1000 bytes initially)
Generating histogram from key size log: key_sizes.csv
Histogram written to histogram_postgresql_array_zipfian_light_mixed.txt (BlockSize = 100)
Appending subsequent iteration 80...
Iteration 80: Appended new size values from key_sizes.csv to ../analysis/Data/Value_size_data/value_sizes_postgresql_array_run1_zipfian_light_mixed_before.csv
VACUUM start: 1773533239
VACUUM end: 1773533243
=== Setting parameter values for run phase ===
Checking query plan before run phase
=== Executing the run phase with extendproportion=0 and read/update proportions=0.5 ===
Arrangement completed. Output saved to ../analysis/Data/Workload_data/postgresql_array_run1_zipfian_light_mixed.csv
Arrangement completed. Output saved to ../analysis/Data/Workload_data/postgresql_array_run1_zipfian_light_mixed.csv
Backing up the database started
Backing up the database finished
Arrangement completed. Output saved to ../analysis/Data/Workload_data/postgresql_array_run1_zipfian_light_mixed.csv
Size computation started
Appending subsequent iteration 80...
Iteration 80: Appended new size values from key_sizes.csv to ../analysis/Data/Value_size_data/value_sizes_postgresql_array_run1_zipfian_light_mixed_after.csv
Total size: 116771500, Field length average: 11677
Workload file fieldlength set to: 11677 (expected: 11677)
=== Executing the load phase for the comparison study ===
Comparison-load verification - Epoch:8 Run:10 TotalSize:116770000 ExpectedFieldLength:11677
Avg-run verification - Epoch:8 Run:10 Iteration:80 TotalSize:116770000 ExpectedFieldLength:11677
=== Executing the run phase with extendproportion=0 and read/update proportions=0.5 ===
Arrangement completed. Output saved to ../analysis/Data/Workload_data/postgresql_array_run1_zipfian_light_mixed.csv
=== Setting parameter values for extend phase ===
=== Executing the extend phase with extendproportion=1 and other proportions=0 ===
Arrangement completed. Output saved to ../analysis/Data/Workload_data/postgresql_array_run1_zipfian_light_mixed.csv
Size computation started
Extend verification - Min:105100 Max:155400 Avg:117808 (Expected avg per record: ~1000 bytes initially)
Generating histogram from key size log: key_sizes.csv
Histogram written to histogram_postgresql_array_zipfian_light_mixed.txt (BlockSize = 100)
Appending subsequent iteration 81...
Iteration 81: Appended new size values from key_sizes.csv to ../analysis/Data/Value_size_data/value_sizes_postgresql_array_run1_zipfian_light_mixed_before.csv
VACUUM start: 1773533680
VACUUM end: 1773533683
=== Setting parameter values for run phase ===
Checking query plan before run phase
=== Executing the run phase with extendproportion=0 and read/update proportions=0.5 ===
Arrangement completed. Output saved to ../analysis/Data/Workload_data/postgresql_array_run1_zipfian_light_mixed.csv
Arrangement completed. Output saved to ../analysis/Data/Workload_data/postgresql_array_run1_zipfian_light_mixed.csv
Backing up the database started
Backing up the database finished
Arrangement completed. Output saved to ../analysis/Data/Workload_data/postgresql_array_run1_zipfian_light_mixed.csv
Size computation started
Appending subsequent iteration 81...
Iteration 81: Appended new size values from key_sizes.csv to ../analysis/Data/Value_size_data/value_sizes_postgresql_array_run1_zipfian_light_mixed_after.csv
Total size: 118245300, Field length average: 11824
Workload file fieldlength set to: 11824 (expected: 11824)
=== Executing the load phase for the comparison study ===
Comparison-load verification - Epoch:9 Run:1 TotalSize:118240000 ExpectedFieldLength:11824
Avg-run verification - Epoch:9 Run:1 Iteration:81 TotalSize:118240000 ExpectedFieldLength:11824
=== Executing the run phase with extendproportion=0 and read/update proportions=0.5 ===
Arrangement completed. Output saved to ../analysis/Data/Workload_data/postgresql_array_run1_zipfian_light_mixed.csv
=== Setting parameter values for extend phase ===
=== Executing the extend phase with extendproportion=1 and other proportions=0 ===
Arrangement completed. Output saved to ../analysis/Data/Workload_data/postgresql_array_run1_zipfian_light_mixed.csv
Size computation started
Extend verification - Min:106500 Max:160500 Avg:119213 (Expected avg per record: ~1000 bytes initially)
Generating histogram from key size log: key_sizes.csv
Histogram written to histogram_postgresql_array_zipfian_light_mixed.txt (BlockSize = 100)
Appending subsequent iteration 82...
Iteration 82: Appended new size values from key_sizes.csv to ../analysis/Data/Value_size_data/value_sizes_postgresql_array_run1_zipfian_light_mixed_before.csv
VACUUM start: 1773534117
VACUUM end: 1773534121
=== Setting parameter values for run phase ===
Checking query plan before run phase
=== Executing the run phase with extendproportion=0 and read/update proportions=0.5 ===
Arrangement completed. Output saved to ../analysis/Data/Workload_data/postgresql_array_run1_zipfian_light_mixed.csv
Arrangement completed. Output saved to ../analysis/Data/Workload_data/postgresql_array_run1_zipfian_light_mixed.csv
Backing up the database started
Backing up the database finished
Arrangement completed. Output saved to ../analysis/Data/Workload_data/postgresql_array_run1_zipfian_light_mixed.csv
Size computation started
Appending subsequent iteration 82...
Iteration 82: Appended new size values from key_sizes.csv to ../analysis/Data/Value_size_data/value_sizes_postgresql_array_run1_zipfian_light_mixed_after.csv
Total size: 119578100, Field length average: 11957
Workload file fieldlength set to: 11957 (expected: 11957)
=== Executing the load phase for the comparison study ===
Comparison-load verification - Epoch:9 Run:2 TotalSize:119570000 ExpectedFieldLength:11957
Avg-run verification - Epoch:9 Run:2 Iteration:82 TotalSize:119570000 ExpectedFieldLength:11957
=== Executing the run phase with extendproportion=0 and read/update proportions=0.5 ===
Arrangement completed. Output saved to ../analysis/Data/Workload_data/postgresql_array_run1_zipfian_light_mixed.csv
=== Setting parameter values for extend phase ===
=== Executing the extend phase with extendproportion=1 and other proportions=0 ===
Arrangement completed. Output saved to ../analysis/Data/Workload_data/postgresql_array_run1_zipfian_light_mixed.csv
Size computation started
Extend verification - Min:108400 Max:161200 Avg:120610 (Expected avg per record: ~1000 bytes initially)
Generating histogram from key size log: key_sizes.csv
Histogram written to histogram_postgresql_array_zipfian_light_mixed.txt (BlockSize = 100)
Appending subsequent iteration 83...
Iteration 83: Appended new size values from key_sizes.csv to ../analysis/Data/Value_size_data/value_sizes_postgresql_array_run1_zipfian_light_mixed_before.csv
VACUUM start: 1773534571
VACUUM end: 1773534574
=== Setting parameter values for run phase ===
Checking query plan before run phase
=== Executing the run phase with extendproportion=0 and read/update proportions=0.5 ===
Arrangement completed. Output saved to ../analysis/Data/Workload_data/postgresql_array_run1_zipfian_light_mixed.csv
Arrangement completed. Output saved to ../analysis/Data/Workload_data/postgresql_array_run1_zipfian_light_mixed.csv
Backing up the database started
Backing up the database finished
Arrangement completed. Output saved to ../analysis/Data/Workload_data/postgresql_array_run1_zipfian_light_mixed.csv
Size computation started
Appending subsequent iteration 83...
Iteration 83: Appended new size values from key_sizes.csv to ../analysis/Data/Value_size_data/value_sizes_postgresql_array_run1_zipfian_light_mixed_after.csv
Total size: 120957500, Field length average: 12095
Workload file fieldlength set to: 12095 (expected: 12095)
=== Executing the load phase for the comparison study ===
Comparison-load verification - Epoch:9 Run:3 TotalSize:120950000 ExpectedFieldLength:12095
Avg-run verification - Epoch:9 Run:3 Iteration:83 TotalSize:120950000 ExpectedFieldLength:12095
=== Executing the run phase with extendproportion=0 and read/update proportions=0.5 ===
Arrangement completed. Output saved to ../analysis/Data/Workload_data/postgresql_array_run1_zipfian_light_mixed.csv
=== Setting parameter values for extend phase ===
=== Executing the extend phase with extendproportion=1 and other proportions=0 ===
Arrangement completed. Output saved to ../analysis/Data/Workload_data/postgresql_array_run1_zipfian_light_mixed.csv
Size computation started
Extend verification - Min:109400 Max:157500 Avg:121999 (Expected avg per record: ~1000 bytes initially)
Generating histogram from key size log: key_sizes.csv
Histogram written to histogram_postgresql_array_zipfian_light_mixed.txt (BlockSize = 100)
Appending subsequent iteration 84...
Iteration 84: Appended new size values from key_sizes.csv to ../analysis/Data/Value_size_data/value_sizes_postgresql_array_run1_zipfian_light_mixed_before.csv
VACUUM start: 1773535039
VACUUM end: 1773535044
=== Setting parameter values for run phase ===
Checking query plan before run phase
=== Executing the run phase with extendproportion=0 and read/update proportions=0.5 ===
Arrangement completed. Output saved to ../analysis/Data/Workload_data/postgresql_array_run1_zipfian_light_mixed.csv
Arrangement completed. Output saved to ../analysis/Data/Workload_data/postgresql_array_run1_zipfian_light_mixed.csv
Backing up the database started
Backing up the database finished
Arrangement completed. Output saved to ../analysis/Data/Workload_data/postgresql_array_run1_zipfian_light_mixed.csv
Size computation started
Appending subsequent iteration 84...
Iteration 84: Appended new size values from key_sizes.csv to ../analysis/Data/Value_size_data/value_sizes_postgresql_array_run1_zipfian_light_mixed_after.csv
Total size: 122294400, Field length average: 12229
Workload file fieldlength set to: 12229 (expected: 12229)
=== Executing the load phase for the comparison study ===
Comparison-load verification - Epoch:9 Run:4 TotalSize:122290000 ExpectedFieldLength:12229
Avg-run verification - Epoch:9 Run:4 Iteration:84 TotalSize:122290000 ExpectedFieldLength:12229
=== Executing the run phase with extendproportion=0 and read/update proportions=0.5 ===
Arrangement completed. Output saved to ../analysis/Data/Workload_data/postgresql_array_run1_zipfian_light_mixed.csv
=== Setting parameter values for extend phase ===
=== Executing the extend phase with extendproportion=1 and other proportions=0 ===
Arrangement completed. Output saved to ../analysis/Data/Workload_data/postgresql_array_run1_zipfian_light_mixed.csv
Size computation started
Extend verification - Min:109800 Max:165100 Avg:123315 (Expected avg per record: ~1000 bytes initially)
Generating histogram from key size log: key_sizes.csv
Histogram written to histogram_postgresql_array_zipfian_light_mixed.txt (BlockSize = 100)
Appending subsequent iteration 85...
Iteration 85: Appended new size values from key_sizes.csv to ../analysis/Data/Value_size_data/value_sizes_postgresql_array_run1_zipfian_light_mixed_before.csv
VACUUM start: 1773535493
VACUUM end: 1773535500
=== Setting parameter values for run phase ===
Checking query plan before run phase
=== Executing the run phase with extendproportion=0 and read/update proportions=0.5 ===
Arrangement completed. Output saved to ../analysis/Data/Workload_data/postgresql_array_run1_zipfian_light_mixed.csv
Arrangement completed. Output saved to ../analysis/Data/Workload_data/postgresql_array_run1_zipfian_light_mixed.csv
Backing up the database started
Backing up the database finished
Arrangement completed. Output saved to ../analysis/Data/Workload_data/postgresql_array_run1_zipfian_light_mixed.csv
Size computation started
Appending subsequent iteration 85...
Iteration 85: Appended new size values from key_sizes.csv to ../analysis/Data/Value_size_data/value_sizes_postgresql_array_run1_zipfian_light_mixed_after.csv
Total size: 123697600, Field length average: 12369
Workload file fieldlength set to: 12369 (expected: 12369)
=== Executing the load phase for the comparison study ===
Comparison-load verification - Epoch:9 Run:5 TotalSize:123690000 ExpectedFieldLength:12369
Avg-run verification - Epoch:9 Run:5 Iteration:85 TotalSize:123690000 ExpectedFieldLength:12369
=== Executing the run phase with extendproportion=0 and read/update proportions=0.5 ===
Arrangement completed. Output saved to ../analysis/Data/Workload_data/postgresql_array_run1_zipfian_light_mixed.csv
=== Setting parameter values for extend phase ===
=== Executing the extend phase with extendproportion=1 and other proportions=0 ===
Arrangement completed. Output saved to ../analysis/Data/Workload_data/postgresql_array_run1_zipfian_light_mixed.csv
Size computation started
Extend verification - Min:112100 Max:163600 Avg:124734 (Expected avg per record: ~1000 bytes initially)
Generating histogram from key size log: key_sizes.csv
Histogram written to histogram_postgresql_array_zipfian_light_mixed.txt (BlockSize = 100)
Appending subsequent iteration 86...
Iteration 86: Appended new size values from key_sizes.csv to ../analysis/Data/Value_size_data/value_sizes_postgresql_array_run1_zipfian_light_mixed_before.csv
VACUUM start: 1773535966
VACUUM end: 1773535970
=== Setting parameter values for run phase ===
Checking query plan before run phase
=== Executing the run phase with extendproportion=0 and read/update proportions=0.5 ===
Arrangement completed. Output saved to ../analysis/Data/Workload_data/postgresql_array_run1_zipfian_light_mixed.csv
Arrangement completed. Output saved to ../analysis/Data/Workload_data/postgresql_array_run1_zipfian_light_mixed.csv
Backing up the database started
Backing up the database finished
Arrangement completed. Output saved to ../analysis/Data/Workload_data/postgresql_array_run1_zipfian_light_mixed.csv
Size computation started
Appending subsequent iteration 86...
Iteration 86: Appended new size values from key_sizes.csv to ../analysis/Data/Value_size_data/value_sizes_postgresql_array_run1_zipfian_light_mixed_after.csv
Total size: 125096600, Field length average: 12509
Workload file fieldlength set to: 12509 (expected: 12509)
=== Executing the load phase for the comparison study ===
Comparison-load verification - Epoch:9 Run:6 TotalSize:125090000 ExpectedFieldLength:12509
Avg-run verification - Epoch:9 Run:6 Iteration:86 TotalSize:125090000 ExpectedFieldLength:12509
=== Executing the run phase with extendproportion=0 and read/update proportions=0.5 ===
Arrangement completed. Output saved to ../analysis/Data/Workload_data/postgresql_array_run1_zipfian_light_mixed.csv
=== Setting parameter values for extend phase ===
=== Executing the extend phase with extendproportion=1 and other proportions=0 ===
Arrangement completed. Output saved to ../analysis/Data/Workload_data/postgresql_array_run1_zipfian_light_mixed.csv
Size computation started
Extend verification - Min:111900 Max:166100 Avg:126117 (Expected avg per record: ~1000 bytes initially)
Generating histogram from key size log: key_sizes.csv
Histogram written to histogram_postgresql_array_zipfian_light_mixed.txt (BlockSize = 100)
Appending subsequent iteration 87...
Iteration 87: Appended new size values from key_sizes.csv to ../analysis/Data/Value_size_data/value_sizes_postgresql_array_run1_zipfian_light_mixed_before.csv
VACUUM start: 1773536440
VACUUM end: 1773536444
=== Setting parameter values for run phase ===
Checking query plan before run phase
=== Executing the run phase with extendproportion=0 and read/update proportions=0.5 ===
Arrangement completed. Output saved to ../analysis/Data/Workload_data/postgresql_array_run1_zipfian_light_mixed.csv
Arrangement completed. Output saved to ../analysis/Data/Workload_data/postgresql_array_run1_zipfian_light_mixed.csv
Backing up the database started
Backing up the database finished
Arrangement completed. Output saved to ../analysis/Data/Workload_data/postgresql_array_run1_zipfian_light_mixed.csv
Size computation started
Appending subsequent iteration 87...
Iteration 87: Appended new size values from key_sizes.csv to ../analysis/Data/Value_size_data/value_sizes_postgresql_array_run1_zipfian_light_mixed_after.csv
Total size: 126517300, Field length average: 12651
Workload file fieldlength set to: 12651 (expected: 12651)
=== Executing the load phase for the comparison study ===
Comparison-load verification - Epoch:9 Run:7 TotalSize:126510000 ExpectedFieldLength:12651
Avg-run verification - Epoch:9 Run:7 Iteration:87 TotalSize:126510000 ExpectedFieldLength:12651
=== Executing the run phase with extendproportion=0 and read/update proportions=0.5 ===
Arrangement completed. Output saved to ../analysis/Data/Workload_data/postgresql_array_run1_zipfian_light_mixed.csv
=== Setting parameter values for extend phase ===
=== Executing the extend phase with extendproportion=1 and other proportions=0 ===
Arrangement completed. Output saved to ../analysis/Data/Workload_data/postgresql_array_run1_zipfian_light_mixed.csv
Size computation started
Extend verification - Min:114500 Max:163100 Avg:127483 (Expected avg per record: ~1000 bytes initially)
Generating histogram from key size log: key_sizes.csv
Histogram written to histogram_postgresql_array_zipfian_light_mixed.txt (BlockSize = 100)
Appending subsequent iteration 88...
Iteration 88: Appended new size values from key_sizes.csv to ../analysis/Data/Value_size_data/value_sizes_postgresql_array_run1_zipfian_light_mixed_before.csv
VACUUM start: 1773536912
VACUUM end: 1773536917
=== Setting parameter values for run phase ===
Checking query plan before run phase
=== Executing the run phase with extendproportion=0 and read/update proportions=0.5 ===
Arrangement completed. Output saved to ../analysis/Data/Workload_data/postgresql_array_run1_zipfian_light_mixed.csv
Arrangement completed. Output saved to ../analysis/Data/Workload_data/postgresql_array_run1_zipfian_light_mixed.csv
Backing up the database started
Backing up the database finished
Arrangement completed. Output saved to ../analysis/Data/Workload_data/postgresql_array_run1_zipfian_light_mixed.csv
Size computation started
Appending subsequent iteration 88...
Iteration 88: Appended new size values from key_sizes.csv to ../analysis/Data/Value_size_data/value_sizes_postgresql_array_run1_zipfian_light_mixed_after.csv
Total size: 127892500, Field length average: 12789
Workload file fieldlength set to: 12789 (expected: 12789)
=== Executing the load phase for the comparison study ===
Comparison-load verification - Epoch:9 Run:8 TotalSize:127890000 ExpectedFieldLength:12789
Avg-run verification - Epoch:9 Run:8 Iteration:88 TotalSize:127890000 ExpectedFieldLength:12789
=== Executing the run phase with extendproportion=0 and read/update proportions=0.5 ===
Arrangement completed. Output saved to ../analysis/Data/Workload_data/postgresql_array_run1_zipfian_light_mixed.csv
=== Setting parameter values for extend phase ===
=== Executing the extend phase with extendproportion=1 and other proportions=0 ===
Arrangement completed. Output saved to ../analysis/Data/Workload_data/postgresql_array_run1_zipfian_light_mixed.csv
Size computation started
Extend verification - Min:115500 Max:163900 Avg:128833 (Expected avg per record: ~1000 bytes initially)
Generating histogram from key size log: key_sizes.csv
Histogram written to histogram_postgresql_array_zipfian_light_mixed.txt (BlockSize = 100)
Appending subsequent iteration 89...
Iteration 89: Appended new size values from key_sizes.csv to ../analysis/Data/Value_size_data/value_sizes_postgresql_array_run1_zipfian_light_mixed_before.csv
VACUUM start: 1773537396
VACUUM end: 1773537401
=== Setting parameter values for run phase ===
Checking query plan before run phase
=== Executing the run phase with extendproportion=0 and read/update proportions=0.5 ===
Arrangement completed. Output saved to ../analysis/Data/Workload_data/postgresql_array_run1_zipfian_light_mixed.csv
Arrangement completed. Output saved to ../analysis/Data/Workload_data/postgresql_array_run1_zipfian_light_mixed.csv
Backing up the database started
Backing up the database finished
Arrangement completed. Output saved to ../analysis/Data/Workload_data/postgresql_array_run1_zipfian_light_mixed.csv
Size computation started
Appending subsequent iteration 89...
Iteration 89: Appended new size values from key_sizes.csv to ../analysis/Data/Value_size_data/value_sizes_postgresql_array_run1_zipfian_light_mixed_after.csv
Total size: 129201000, Field length average: 12920
Workload file fieldlength set to: 12920 (expected: 12920)
=== Executing the load phase for the comparison study ===
Comparison-load verification - Epoch:9 Run:9 TotalSize:129200000 ExpectedFieldLength:12920
Avg-run verification - Epoch:9 Run:9 Iteration:89 TotalSize:129200000 ExpectedFieldLength:12920
=== Executing the run phase with extendproportion=0 and read/update proportions=0.5 ===
Arrangement completed. Output saved to ../analysis/Data/Workload_data/postgresql_array_run1_zipfian_light_mixed.csv
=== Setting parameter values for extend phase ===
=== Executing the extend phase with extendproportion=1 and other proportions=0 ===
Arrangement completed. Output saved to ../analysis/Data/Workload_data/postgresql_array_run1_zipfian_light_mixed.csv
Size computation started
Extend verification - Min:117000 Max:169500 Avg:130318 (Expected avg per record: ~1000 bytes initially)
Generating histogram from key size log: key_sizes.csv
Histogram written to histogram_postgresql_array_zipfian_light_mixed.txt (BlockSize = 100)
Appending subsequent iteration 90...
Iteration 90: Appended new size values from key_sizes.csv to ../analysis/Data/Value_size_data/value_sizes_postgresql_array_run1_zipfian_light_mixed_before.csv
VACUUM start: 1773537869
VACUUM end: 1773537874
=== Setting parameter values for run phase ===
Checking query plan before run phase
=== Executing the run phase with extendproportion=0 and read/update proportions=0.5 ===
Arrangement completed. Output saved to ../analysis/Data/Workload_data/postgresql_array_run1_zipfian_light_mixed.csv
Arrangement completed. Output saved to ../analysis/Data/Workload_data/postgresql_array_run1_zipfian_light_mixed.csv
Backing up the database started
Backing up the database finished
Arrangement completed. Output saved to ../analysis/Data/Workload_data/postgresql_array_run1_zipfian_light_mixed.csv
Size computation started
Appending subsequent iteration 90...
Iteration 90: Appended new size values from key_sizes.csv to ../analysis/Data/Value_size_data/value_sizes_postgresql_array_run1_zipfian_light_mixed_after.csv
Total size: 130754900, Field length average: 13075
Workload file fieldlength set to: 13075 (expected: 13075)
=== Executing the load phase for the comparison study ===
Comparison-load verification - Epoch:9 Run:10 TotalSize:130750000 ExpectedFieldLength:13075
Avg-run verification - Epoch:9 Run:10 Iteration:90 TotalSize:130750000 ExpectedFieldLength:13075
=== Executing the run phase with extendproportion=0 and read/update proportions=0.5 ===
Arrangement completed. Output saved to ../analysis/Data/Workload_data/postgresql_array_run1_zipfian_light_mixed.csv
=== Setting parameter values for extend phase ===
=== Executing the extend phase with extendproportion=1 and other proportions=0 ===
Arrangement completed. Output saved to ../analysis/Data/Workload_data/postgresql_array_run1_zipfian_light_mixed.csv
Size computation started
Extend verification - Min:117900 Max:169600 Avg:131692 (Expected avg per record: ~1000 bytes initially)
Generating histogram from key size log: key_sizes.csv
Histogram written to histogram_postgresql_array_zipfian_light_mixed.txt (BlockSize = 100)
Appending subsequent iteration 91...
Iteration 91: Appended new size values from key_sizes.csv to ../analysis/Data/Value_size_data/value_sizes_postgresql_array_run1_zipfian_light_mixed_before.csv
VACUUM start: 1773538352
VACUUM end: 1773538357
=== Setting parameter values for run phase ===
Checking query plan before run phase
=== Executing the run phase with extendproportion=0 and read/update proportions=0.5 ===
Arrangement completed. Output saved to ../analysis/Data/Workload_data/postgresql_array_run1_zipfian_light_mixed.csv
Arrangement completed. Output saved to ../analysis/Data/Workload_data/postgresql_array_run1_zipfian_light_mixed.csv
Backing up the database started
Backing up the database finished
Arrangement completed. Output saved to ../analysis/Data/Workload_data/postgresql_array_run1_zipfian_light_mixed.csv
Size computation started
Appending subsequent iteration 91...
Iteration 91: Appended new size values from key_sizes.csv to ../analysis/Data/Value_size_data/value_sizes_postgresql_array_run1_zipfian_light_mixed_after.csv
Total size: 132016300, Field length average: 13201
Workload file fieldlength set to: 13201 (expected: 13201)
=== Executing the load phase for the comparison study ===
Comparison-load verification - Epoch:10 Run:1 TotalSize:132010000 ExpectedFieldLength:13201
Avg-run verification - Epoch:10 Run:1 Iteration:91 TotalSize:132010000 ExpectedFieldLength:13201
=== Executing the run phase with extendproportion=0 and read/update proportions=0.5 ===
Arrangement completed. Output saved to ../analysis/Data/Workload_data/postgresql_array_run1_zipfian_light_mixed.csv
=== Setting parameter values for extend phase ===
=== Executing the extend phase with extendproportion=1 and other proportions=0 ===
Arrangement completed. Output saved to ../analysis/Data/Workload_data/postgresql_array_run1_zipfian_light_mixed.csv
Size computation started
Extend verification - Min:118900 Max:172000 Avg:133108 (Expected avg per record: ~1000 bytes initially)
Generating histogram from key size log: key_sizes.csv
Histogram written to histogram_postgresql_array_zipfian_light_mixed.txt (BlockSize = 100)
Appending subsequent iteration 92...
Iteration 92: Appended new size values from key_sizes.csv to ../analysis/Data/Value_size_data/value_sizes_postgresql_array_run1_zipfian_light_mixed_before.csv
VACUUM start: 1773538839
VACUUM end: 1773538842
=== Setting parameter values for run phase ===
Checking query plan before run phase
=== Executing the run phase with extendproportion=0 and read/update proportions=0.5 ===
Arrangement completed. Output saved to ../analysis/Data/Workload_data/postgresql_array_run1_zipfian_light_mixed.csv
Arrangement completed. Output saved to ../analysis/Data/Workload_data/postgresql_array_run1_zipfian_light_mixed.csv
Backing up the database started
Backing up the database finished
Arrangement completed. Output saved to ../analysis/Data/Workload_data/postgresql_array_run1_zipfian_light_mixed.csv
Size computation started
Appending subsequent iteration 92...
Iteration 92: Appended new size values from key_sizes.csv to ../analysis/Data/Value_size_data/value_sizes_postgresql_array_run1_zipfian_light_mixed_after.csv
Total size: 133481000, Field length average: 13348
Workload file fieldlength set to: 13348 (expected: 13348)
=== Executing the load phase for the comparison study ===
Comparison-load verification - Epoch:10 Run:2 TotalSize:133480000 ExpectedFieldLength:13348
Avg-run verification - Epoch:10 Run:2 Iteration:92 TotalSize:133480000 ExpectedFieldLength:13348
=== Executing the run phase with extendproportion=0 and read/update proportions=0.5 ===
Arrangement completed. Output saved to ../analysis/Data/Workload_data/postgresql_array_run1_zipfian_light_mixed.csv
=== Setting parameter values for extend phase ===
=== Executing the extend phase with extendproportion=1 and other proportions=0 ===
Arrangement completed. Output saved to ../analysis/Data/Workload_data/postgresql_array_run1_zipfian_light_mixed.csv
Size computation started
Extend verification - Min:120000 Max:173100 Avg:134434 (Expected avg per record: ~1000 bytes initially)
Generating histogram from key size log: key_sizes.csv
Histogram written to histogram_postgresql_array_zipfian_light_mixed.txt (BlockSize = 100)
Appending subsequent iteration 93...
Iteration 93: Appended new size values from key_sizes.csv to ../analysis/Data/Value_size_data/value_sizes_postgresql_array_run1_zipfian_light_mixed_before.csv
VACUUM start: 1773539306
VACUUM end: 1773539312
=== Setting parameter values for run phase ===
Checking query plan before run phase
=== Executing the run phase with extendproportion=0 and read/update proportions=0.5 ===
Arrangement completed. Output saved to ../analysis/Data/Workload_data/postgresql_array_run1_zipfian_light_mixed.csv
Arrangement completed. Output saved to ../analysis/Data/Workload_data/postgresql_array_run1_zipfian_light_mixed.csv
Backing up the database started
Backing up the database finished
Arrangement completed. Output saved to ../analysis/Data/Workload_data/postgresql_array_run1_zipfian_light_mixed.csv
Size computation started
Appending subsequent iteration 93...
Iteration 93: Appended new size values from key_sizes.csv to ../analysis/Data/Value_size_data/value_sizes_postgresql_array_run1_zipfian_light_mixed_after.csv
Total size: 134792600, Field length average: 13479
Workload file fieldlength set to: 13479 (expected: 13479)
=== Executing the load phase for the comparison study ===
Comparison-load verification - Epoch:10 Run:3 TotalSize:134790000 ExpectedFieldLength:13479
Avg-run verification - Epoch:10 Run:3 Iteration:93 TotalSize:134790000 ExpectedFieldLength:13479
=== Executing the run phase with extendproportion=0 and read/update proportions=0.5 ===
Arrangement completed. Output saved to ../analysis/Data/Workload_data/postgresql_array_run1_zipfian_light_mixed.csv
=== Setting parameter values for extend phase ===
=== Executing the extend phase with extendproportion=1 and other proportions=0 ===
Arrangement completed. Output saved to ../analysis/Data/Workload_data/postgresql_array_run1_zipfian_light_mixed.csv
Size computation started
Extend verification - Min:107900 Max:173000 Avg:135783 (Expected avg per record: ~1000 bytes initially)
Generating histogram from key size log: key_sizes.csv
Histogram written to histogram_postgresql_array_zipfian_light_mixed.txt (BlockSize = 100)
Appending subsequent iteration 94...
Iteration 94: Appended new size values from key_sizes.csv to ../analysis/Data/Value_size_data/value_sizes_postgresql_array_run1_zipfian_light_mixed_before.csv
VACUUM start: 1773539789
VACUUM end: 1773539793
=== Setting parameter values for run phase ===
Checking query plan before run phase
=== Executing the run phase with extendproportion=0 and read/update proportions=0.5 ===
Arrangement completed. Output saved to ../analysis/Data/Workload_data/postgresql_array_run1_zipfian_light_mixed.csv
Arrangement completed. Output saved to ../analysis/Data/Workload_data/postgresql_array_run1_zipfian_light_mixed.csv
Backing up the database started
Backing up the database finished
Arrangement completed. Output saved to ../analysis/Data/Workload_data/postgresql_array_run1_zipfian_light_mixed.csv
Size computation started
Appending subsequent iteration 94...
Iteration 94: Appended new size values from key_sizes.csv to ../analysis/Data/Value_size_data/value_sizes_postgresql_array_run1_zipfian_light_mixed_after.csv
Total size: 136157500, Field length average: 13615
Workload file fieldlength set to: 13615 (expected: 13615)
=== Executing the load phase for the comparison study ===
Comparison-load verification - Epoch:10 Run:4 TotalSize:136150000 ExpectedFieldLength:13615
Avg-run verification - Epoch:10 Run:4 Iteration:94 TotalSize:136150000 ExpectedFieldLength:13615
=== Executing the run phase with extendproportion=0 and read/update proportions=0.5 ===
Arrangement completed. Output saved to ../analysis/Data/Workload_data/postgresql_array_run1_zipfian_light_mixed.csv
=== Setting parameter values for extend phase ===
=== Executing the extend phase with extendproportion=1 and other proportions=0 ===
Arrangement completed. Output saved to ../analysis/Data/Workload_data/postgresql_array_run1_zipfian_light_mixed.csv
Size computation started
Extend verification - Min:122600 Max:175700 Avg:137116 (Expected avg per record: ~1000 bytes initially)
Generating histogram from key size log: key_sizes.csv
Histogram written to histogram_postgresql_array_zipfian_light_mixed.txt (BlockSize = 100)
Appending subsequent iteration 95...
Iteration 95: Appended new size values from key_sizes.csv to ../analysis/Data/Value_size_data/value_sizes_postgresql_array_run1_zipfian_light_mixed_before.csv
VACUUM start: 1773540275
VACUUM end: 1773540280
=== Setting parameter values for run phase ===
Checking query plan before run phase
=== Executing the run phase with extendproportion=0 and read/update proportions=0.5 ===
Arrangement completed. Output saved to ../analysis/Data/Workload_data/postgresql_array_run1_zipfian_light_mixed.csv
Arrangement completed. Output saved to ../analysis/Data/Workload_data/postgresql_array_run1_zipfian_light_mixed.csv
Backing up the database started
Backing up the database finished
Arrangement completed. Output saved to ../analysis/Data/Workload_data/postgresql_array_run1_zipfian_light_mixed.csv
Size computation started
Appending subsequent iteration 95...
Iteration 95: Appended new size values from key_sizes.csv to ../analysis/Data/Value_size_data/value_sizes_postgresql_array_run1_zipfian_light_mixed_after.csv
Total size: 137480400, Field length average: 13748
Workload file fieldlength set to: 13748 (expected: 13748)
=== Executing the load phase for the comparison study ===
Comparison-load verification - Epoch:10 Run:5 TotalSize:137480000 ExpectedFieldLength:13748
Avg-run verification - Epoch:10 Run:5 Iteration:95 TotalSize:137480000 ExpectedFieldLength:13748
=== Executing the run phase with extendproportion=0 and read/update proportions=0.5 ===
Arrangement completed. Output saved to ../analysis/Data/Workload_data/postgresql_array_run1_zipfian_light_mixed.csv
=== Setting parameter values for extend phase ===
=== Executing the extend phase with extendproportion=1 and other proportions=0 ===
Arrangement completed. Output saved to ../analysis/Data/Workload_data/postgresql_array_run1_zipfian_light_mixed.csv
Size computation started
Extend verification - Min:121900 Max:180700 Avg:138507 (Expected avg per record: ~1000 bytes initially)
Generating histogram from key size log: key_sizes.csv
Histogram written to histogram_postgresql_array_zipfian_light_mixed.txt (BlockSize = 100)
Appending subsequent iteration 96...
Iteration 96: Appended new size values from key_sizes.csv to ../analysis/Data/Value_size_data/value_sizes_postgresql_array_run1_zipfian_light_mixed_before.csv
VACUUM start: 1773540760
VACUUM end: 1773540765
=== Setting parameter values for run phase ===
Checking query plan before run phase
=== Executing the run phase with extendproportion=0 and read/update proportions=0.5 ===
Arrangement completed. Output saved to ../analysis/Data/Workload_data/postgresql_array_run1_zipfian_light_mixed.csv
Arrangement completed. Output saved to ../analysis/Data/Workload_data/postgresql_array_run1_zipfian_light_mixed.csv
Backing up the database started
Backing up the database finished
Arrangement completed. Output saved to ../analysis/Data/Workload_data/postgresql_array_run1_zipfian_light_mixed.csv
Size computation started
Appending subsequent iteration 96...
Iteration 96: Appended new size values from key_sizes.csv to ../analysis/Data/Value_size_data/value_sizes_postgresql_array_run1_zipfian_light_mixed_after.csv
Total size: 138814700, Field length average: 13881
Workload file fieldlength set to: 13881 (expected: 13881)
=== Executing the load phase for the comparison study ===
Comparison-load verification - Epoch:10 Run:6 TotalSize:138810000 ExpectedFieldLength:13881
Avg-run verification - Epoch:10 Run:6 Iteration:96 TotalSize:138810000 ExpectedFieldLength:13881
=== Executing the run phase with extendproportion=0 and read/update proportions=0.5 ===
Arrangement completed. Output saved to ../analysis/Data/Workload_data/postgresql_array_run1_zipfian_light_mixed.csv
=== Setting parameter values for extend phase ===
=== Executing the extend phase with extendproportion=1 and other proportions=0 ===
Arrangement completed. Output saved to ../analysis/Data/Workload_data/postgresql_array_run1_zipfian_light_mixed.csv
Size computation started
Extend verification - Min:124600 Max:180400 Avg:139903 (Expected avg per record: ~1000 bytes initially)
Generating histogram from key size log: key_sizes.csv
Histogram written to histogram_postgresql_array_zipfian_light_mixed.txt (BlockSize = 100)
Appending subsequent iteration 97...
Iteration 97: Appended new size values from key_sizes.csv to ../analysis/Data/Value_size_data/value_sizes_postgresql_array_run1_zipfian_light_mixed_before.csv
VACUUM start: 1773541240
VACUUM end: 1773541245
=== Setting parameter values for run phase ===
Checking query plan before run phase
=== Executing the run phase with extendproportion=0 and read/update proportions=0.5 ===
Arrangement completed. Output saved to ../analysis/Data/Workload_data/postgresql_array_run1_zipfian_light_mixed.csv
Arrangement completed. Output saved to ../analysis/Data/Workload_data/postgresql_array_run1_zipfian_light_mixed.csv
Backing up the database started
Backing up the database finished
Arrangement completed. Output saved to ../analysis/Data/Workload_data/postgresql_array_run1_zipfian_light_mixed.csv
Size computation started
Appending subsequent iteration 97...
Iteration 97: Appended new size values from key_sizes.csv to ../analysis/Data/Value_size_data/value_sizes_postgresql_array_run1_zipfian_light_mixed_after.csv
Total size: 140291300, Field length average: 14029
Workload file fieldlength set to: 14029 (expected: 14029)
=== Executing the load phase for the comparison study ===
Comparison-load verification - Epoch:10 Run:7 TotalSize:140290000 ExpectedFieldLength:14029
Avg-run verification - Epoch:10 Run:7 Iteration:97 TotalSize:140290000 ExpectedFieldLength:14029
=== Executing the run phase with extendproportion=0 and read/update proportions=0.5 ===
Arrangement completed. Output saved to ../analysis/Data/Workload_data/postgresql_array_run1_zipfian_light_mixed.csv
=== Setting parameter values for extend phase ===
=== Executing the extend phase with extendproportion=1 and other proportions=0 ===
Arrangement completed. Output saved to ../analysis/Data/Workload_data/postgresql_array_run1_zipfian_light_mixed.csv
Size computation started
Extend verification - Min:125500 Max:179600 Avg:141281 (Expected avg per record: ~1000 bytes initially)
Generating histogram from key size log: key_sizes.csv
Histogram written to histogram_postgresql_array_zipfian_light_mixed.txt (BlockSize = 100)
Appending subsequent iteration 98...
Iteration 98: Appended new size values from key_sizes.csv to ../analysis/Data/Value_size_data/value_sizes_postgresql_array_run1_zipfian_light_mixed_before.csv
VACUUM start: 1773541733
VACUUM end: 1773541740
=== Setting parameter values for run phase ===
Checking query plan before run phase
=== Executing the run phase with extendproportion=0 and read/update proportions=0.5 ===
Arrangement completed. Output saved to ../analysis/Data/Workload_data/postgresql_array_run1_zipfian_light_mixed.csv
Arrangement completed. Output saved to ../analysis/Data/Workload_data/postgresql_array_run1_zipfian_light_mixed.csv
Backing up the database started
Backing up the database finished
Arrangement completed. Output saved to ../analysis/Data/Workload_data/postgresql_array_run1_zipfian_light_mixed.csv
Size computation started
Appending subsequent iteration 98...
Iteration 98: Appended new size values from key_sizes.csv to ../analysis/Data/Value_size_data/value_sizes_postgresql_array_run1_zipfian_light_mixed_after.csv
Total size: 141685200, Field length average: 14168
Workload file fieldlength set to: 14168 (expected: 14168)
=== Executing the load phase for the comparison study ===
Comparison-load verification - Epoch:10 Run:8 TotalSize:141680000 ExpectedFieldLength:14168
Avg-run verification - Epoch:10 Run:8 Iteration:98 TotalSize:141680000 ExpectedFieldLength:14168
=== Executing the run phase with extendproportion=0 and read/update proportions=0.5 ===
Arrangement completed. Output saved to ../analysis/Data/Workload_data/postgresql_array_run1_zipfian_light_mixed.csv
=== Setting parameter values for extend phase ===
=== Executing the extend phase with extendproportion=1 and other proportions=0 ===
Arrangement completed. Output saved to ../analysis/Data/Workload_data/postgresql_array_run1_zipfian_light_mixed.csv
Size computation started
Extend verification - Min:127300 Max:178100 Avg:142683 (Expected avg per record: ~1000 bytes initially)
Generating histogram from key size log: key_sizes.csv
Histogram written to histogram_postgresql_array_zipfian_light_mixed.txt (BlockSize = 100)
Appending subsequent iteration 99...
Iteration 99: Appended new size values from key_sizes.csv to ../analysis/Data/Value_size_data/value_sizes_postgresql_array_run1_zipfian_light_mixed_before.csv
VACUUM start: 1773542222
VACUUM end: 1773542227
=== Setting parameter values for run phase ===
Checking query plan before run phase
=== Executing the run phase with extendproportion=0 and read/update proportions=0.5 ===
Arrangement completed. Output saved to ../analysis/Data/Workload_data/postgresql_array_run1_zipfian_light_mixed.csv
Arrangement completed. Output saved to ../analysis/Data/Workload_data/postgresql_array_run1_zipfian_light_mixed.csv
Backing up the database started
Backing up the database finished
Arrangement completed. Output saved to ../analysis/Data/Workload_data/postgresql_array_run1_zipfian_light_mixed.csv
Size computation started
Appending subsequent iteration 99...
Iteration 99: Appended new size values from key_sizes.csv to ../analysis/Data/Value_size_data/value_sizes_postgresql_array_run1_zipfian_light_mixed_after.csv
Total size: 143023700, Field length average: 14302
Workload file fieldlength set to: 14302 (expected: 14302)
=== Executing the load phase for the comparison study ===
Comparison-load verification - Epoch:10 Run:9 TotalSize:143020000 ExpectedFieldLength:14302
Avg-run verification - Epoch:10 Run:9 Iteration:99 TotalSize:143020000 ExpectedFieldLength:14302
=== Executing the run phase with extendproportion=0 and read/update proportions=0.5 ===
Arrangement completed. Output saved to ../analysis/Data/Workload_data/postgresql_array_run1_zipfian_light_mixed.csv
=== Setting parameter values for extend phase ===
=== Executing the extend phase with extendproportion=1 and other proportions=0 ===
Arrangement completed. Output saved to ../analysis/Data/Workload_data/postgresql_array_run1_zipfian_light_mixed.csv
Size computation started
Extend verification - Min:128900 Max:180400 Avg:144052 (Expected avg per record: ~1000 bytes initially)
Generating histogram from key size log: key_sizes.csv
Histogram written to histogram_postgresql_array_zipfian_light_mixed.txt (BlockSize = 100)
Appending subsequent iteration 100...
Iteration 100: Appended new size values from key_sizes.csv to ../analysis/Data/Value_size_data/value_sizes_postgresql_array_run1_zipfian_light_mixed_before.csv
VACUUM start: 1773542693
VACUUM end: 1773542698
=== Setting parameter values for run phase ===
Checking query plan before run phase
=== Executing the run phase with extendproportion=0 and read/update proportions=0.5 ===
Arrangement completed. Output saved to ../analysis/Data/Workload_data/postgresql_array_run1_zipfian_light_mixed.csv
Arrangement completed. Output saved to ../analysis/Data/Workload_data/postgresql_array_run1_zipfian_light_mixed.csv
Backing up the database started
Backing up the database finished
Arrangement completed. Output saved to ../analysis/Data/Workload_data/postgresql_array_run1_zipfian_light_mixed.csv
Size computation started
Appending subsequent iteration 100...
Iteration 100: Appended new size values from key_sizes.csv to ../analysis/Data/Value_size_data/value_sizes_postgresql_array_run1_zipfian_light_mixed_after.csv
Total size: 144413700, Field length average: 14441
Workload file fieldlength set to: 14441 (expected: 14441)
=== Executing the load phase for the comparison study ===
Comparison-load verification - Epoch:10 Run:10 TotalSize:144410000 ExpectedFieldLength:14441
Avg-run verification - Epoch:10 Run:10 Iteration:100 TotalSize:144410000 ExpectedFieldLength:14441
=== Executing the run phase with extendproportion=0 and read/update proportions=0.5 ===
Arrangement completed. Output saved to ../analysis/Data/Workload_data/postgresql_array_run1_zipfian_light_mixed.csv
=== All steps completed. Results are logged in ./ycsb_postgresql_array_results_zipfian_light_mixed.log ===
