Initializing PostgreSQL database ycsb...
Done initializing ycsb.
Initializing PostgreSQL database ycsb_unchange...
Done initializing ycsb_unchange.
=== Executing the load phase ===
Initial-load verification - TotalSize:10000000 ExpectedFieldLength:100
Arrangement completed. Output saved to ../analysis/Data/Workload_data/postgresql_arrayjson_vacuum_notfull_run1_uniform_heavy_mixed.csv
Reference-load verification - TotalSize:10000000 ExpectedFieldLength:100
=== Setting parameter values for extend phase ===
=== Executing the extend phase with extendproportion=1 and other proportions=0 ===
Arrangement completed. Output saved to ../analysis/Data/Workload_data/postgresql_arrayjson_vacuum_notfull_run1_uniform_heavy_mixed.csv
Size computation started
Extend verification - Min:1100 Max:3500 Avg:2000 (Expected avg per record: ~1000 bytes initially)
Generating histogram from key size log: key_sizes_postgresql_arrayjson_vacuum_notfull_uniform_heavy_mixed_run1.csv
Histogram written to histogram.txt (BlockSize = 100)
Appending first iteration...
First iteration: Appended values from key_sizes_postgresql_arrayjson_vacuum_notfull_uniform_heavy_mixed_run1.csv to ../analysis/Data/Value_size_data/value_sizes_postgresql_arrayjson_vacuum_notfull_run1_uniform_heavy_before_mixed.csv
VACUUM start: 1774441656
VACUUM end: 1774441657
=== Setting parameter values for run phase ===
Checking query plan before run phase
=== Executing the run phase with extendproportion=0 and read/update proportions=0.5 ===
Arrangement completed. Output saved to ../analysis/Data/Workload_data/postgresql_arrayjson_vacuum_notfull_run1_uniform_heavy_mixed.csv
Arrangement completed. Output saved to ../analysis/Data/Workload_data/postgresql_arrayjson_vacuum_notfull_run1_uniform_heavy_mixed.csv
Backing up the database started
Backing up the database finished
Arrangement completed. Output saved to ../analysis/Data/Workload_data/postgresql_arrayjson_vacuum_notfull_run1_uniform_heavy_mixed.csv
Size computation started
Appending first iteration...
First iteration: Appended values from key_sizes_postgresql_arrayjson_vacuum_notfull_uniform_heavy_mixed_run1.csv to ../analysis/Data/Value_size_data/value_sizes_postgresql_arrayjson_vacuum_notfull_run1_uniform_heavy_after_mixed.csv
Total size: 23419100, Field length average: 234
Workload file fieldlength set to: 234 (expected: 234)
=== Executing the load phase for the comparison study ===
Comparison-load verification - Epoch:1 Run:1 TotalSize:23400000 ExpectedFieldLength:234
Avg-run verification - Epoch:1 Run:1 Iteration:1 TotalSize:23400000 ExpectedFieldLength:234
=== Executing the run phase with extendproportion=0 and read/update proportions=0.5 ===
Arrangement completed. Output saved to ../analysis/Data/Workload_data/postgresql_arrayjson_vacuum_notfull_run1_uniform_heavy_mixed.csv
=== Setting parameter values for extend phase ===
=== Executing the extend phase with extendproportion=1 and other proportions=0 ===
Arrangement completed. Output saved to ../analysis/Data/Workload_data/postgresql_arrayjson_vacuum_notfull_run1_uniform_heavy_mixed.csv
Size computation started
Extend verification - Min:1700 Max:4900 Avg:3210 (Expected avg per record: ~1000 bytes initially)
Generating histogram from key size log: key_sizes_postgresql_arrayjson_vacuum_notfull_uniform_heavy_mixed_run1.csv
Histogram written to histogram.txt (BlockSize = 100)
Appending subsequent iteration 2...
Iteration 2: Appended new size values from key_sizes_postgresql_arrayjson_vacuum_notfull_uniform_heavy_mixed_run1.csv to ../analysis/Data/Value_size_data/value_sizes_postgresql_arrayjson_vacuum_notfull_run1_uniform_heavy_before_mixed.csv
VACUUM start: 1774442066
VACUUM end: 1774442067
=== Setting parameter values for run phase ===
Checking query plan before run phase
=== Executing the run phase with extendproportion=0 and read/update proportions=0.5 ===
Arrangement completed. Output saved to ../analysis/Data/Workload_data/postgresql_arrayjson_vacuum_notfull_run1_uniform_heavy_mixed.csv
Arrangement completed. Output saved to ../analysis/Data/Workload_data/postgresql_arrayjson_vacuum_notfull_run1_uniform_heavy_mixed.csv
Backing up the database started
Backing up the database finished
Arrangement completed. Output saved to ../analysis/Data/Workload_data/postgresql_arrayjson_vacuum_notfull_run1_uniform_heavy_mixed.csv
Size computation started
Appending subsequent iteration 2...
Iteration 2: Appended new size values from key_sizes_postgresql_arrayjson_vacuum_notfull_uniform_heavy_mixed_run1.csv to ../analysis/Data/Value_size_data/value_sizes_postgresql_arrayjson_vacuum_notfull_run1_uniform_heavy_after_mixed.csv
Total size: 35346800, Field length average: 353
Workload file fieldlength set to: 353 (expected: 353)
=== Executing the load phase for the comparison study ===
Comparison-load verification - Epoch:1 Run:2 TotalSize:35300000 ExpectedFieldLength:353
Avg-run verification - Epoch:1 Run:2 Iteration:2 TotalSize:35300000 ExpectedFieldLength:353
=== Executing the run phase with extendproportion=0 and read/update proportions=0.5 ===
Arrangement completed. Output saved to ../analysis/Data/Workload_data/postgresql_arrayjson_vacuum_notfull_run1_uniform_heavy_mixed.csv
=== Setting parameter values for extend phase ===
=== Executing the extend phase with extendproportion=1 and other proportions=0 ===
Arrangement completed. Output saved to ../analysis/Data/Workload_data/postgresql_arrayjson_vacuum_notfull_run1_uniform_heavy_mixed.csv
Size computation started
Extend verification - Min:2800 Max:6400 Avg:4408 (Expected avg per record: ~1000 bytes initially)
Generating histogram from key size log: key_sizes_postgresql_arrayjson_vacuum_notfull_uniform_heavy_mixed_run1.csv
Histogram written to histogram.txt (BlockSize = 100)
Appending subsequent iteration 3...
Iteration 3: Appended new size values from key_sizes_postgresql_arrayjson_vacuum_notfull_uniform_heavy_mixed_run1.csv to ../analysis/Data/Value_size_data/value_sizes_postgresql_arrayjson_vacuum_notfull_run1_uniform_heavy_before_mixed.csv
VACUUM start: 1774442491
VACUUM end: 1774442491
=== Setting parameter values for run phase ===
Checking query plan before run phase
=== Executing the run phase with extendproportion=0 and read/update proportions=0.5 ===
Arrangement completed. Output saved to ../analysis/Data/Workload_data/postgresql_arrayjson_vacuum_notfull_run1_uniform_heavy_mixed.csv
Arrangement completed. Output saved to ../analysis/Data/Workload_data/postgresql_arrayjson_vacuum_notfull_run1_uniform_heavy_mixed.csv
Backing up the database started
Backing up the database finished
Arrangement completed. Output saved to ../analysis/Data/Workload_data/postgresql_arrayjson_vacuum_notfull_run1_uniform_heavy_mixed.csv
Size computation started
Appending subsequent iteration 3...
Iteration 3: Appended new size values from key_sizes_postgresql_arrayjson_vacuum_notfull_uniform_heavy_mixed_run1.csv to ../analysis/Data/Value_size_data/value_sizes_postgresql_arrayjson_vacuum_notfull_run1_uniform_heavy_after_mixed.csv
Total size: 47547500, Field length average: 475
Workload file fieldlength set to: 475 (expected: 475)
=== Executing the load phase for the comparison study ===
Comparison-load verification - Epoch:1 Run:3 TotalSize:47500000 ExpectedFieldLength:475
Avg-run verification - Epoch:1 Run:3 Iteration:3 TotalSize:47500000 ExpectedFieldLength:475
=== Executing the run phase with extendproportion=0 and read/update proportions=0.5 ===
Arrangement completed. Output saved to ../analysis/Data/Workload_data/postgresql_arrayjson_vacuum_notfull_run1_uniform_heavy_mixed.csv
=== Setting parameter values for extend phase ===
=== Executing the extend phase with extendproportion=1 and other proportions=0 ===
Arrangement completed. Output saved to ../analysis/Data/Workload_data/postgresql_arrayjson_vacuum_notfull_run1_uniform_heavy_mixed.csv
Size computation started
Extend verification - Min:3800 Max:7500 Avg:5628 (Expected avg per record: ~1000 bytes initially)
Generating histogram from key size log: key_sizes_postgresql_arrayjson_vacuum_notfull_uniform_heavy_mixed_run1.csv
Histogram written to histogram.txt (BlockSize = 100)
Appending subsequent iteration 4...
Iteration 4: Appended new size values from key_sizes_postgresql_arrayjson_vacuum_notfull_uniform_heavy_mixed_run1.csv to ../analysis/Data/Value_size_data/value_sizes_postgresql_arrayjson_vacuum_notfull_run1_uniform_heavy_before_mixed.csv
VACUUM start: 1774442911
VACUUM end: 1774442911
=== Setting parameter values for run phase ===
Checking query plan before run phase
=== Executing the run phase with extendproportion=0 and read/update proportions=0.5 ===
Arrangement completed. Output saved to ../analysis/Data/Workload_data/postgresql_arrayjson_vacuum_notfull_run1_uniform_heavy_mixed.csv
Arrangement completed. Output saved to ../analysis/Data/Workload_data/postgresql_arrayjson_vacuum_notfull_run1_uniform_heavy_mixed.csv
Backing up the database started
Backing up the database finished
Arrangement completed. Output saved to ../analysis/Data/Workload_data/postgresql_arrayjson_vacuum_notfull_run1_uniform_heavy_mixed.csv
Size computation started
Appending subsequent iteration 4...
Iteration 4: Appended new size values from key_sizes_postgresql_arrayjson_vacuum_notfull_uniform_heavy_mixed_run1.csv to ../analysis/Data/Value_size_data/value_sizes_postgresql_arrayjson_vacuum_notfull_run1_uniform_heavy_after_mixed.csv
Total size: 59719000, Field length average: 597
Workload file fieldlength set to: 597 (expected: 597)
=== Executing the load phase for the comparison study ===
Comparison-load verification - Epoch:1 Run:4 TotalSize:59700000 ExpectedFieldLength:597
Avg-run verification - Epoch:1 Run:4 Iteration:4 TotalSize:59700000 ExpectedFieldLength:597
=== Executing the run phase with extendproportion=0 and read/update proportions=0.5 ===
Arrangement completed. Output saved to ../analysis/Data/Workload_data/postgresql_arrayjson_vacuum_notfull_run1_uniform_heavy_mixed.csv
=== Setting parameter values for extend phase ===
=== Executing the extend phase with extendproportion=1 and other proportions=0 ===
Arrangement completed. Output saved to ../analysis/Data/Workload_data/postgresql_arrayjson_vacuum_notfull_run1_uniform_heavy_mixed.csv
Size computation started
Extend verification - Min:4900 Max:9100 Avg:6843 (Expected avg per record: ~1000 bytes initially)
Generating histogram from key size log: key_sizes_postgresql_arrayjson_vacuum_notfull_uniform_heavy_mixed_run1.csv
Histogram written to histogram.txt (BlockSize = 100)
Appending subsequent iteration 5...
Iteration 5: Appended new size values from key_sizes_postgresql_arrayjson_vacuum_notfull_uniform_heavy_mixed_run1.csv to ../analysis/Data/Value_size_data/value_sizes_postgresql_arrayjson_vacuum_notfull_run1_uniform_heavy_before_mixed.csv
VACUUM start: 1774443340
VACUUM end: 1774443341
=== Setting parameter values for run phase ===
Checking query plan before run phase
=== Executing the run phase with extendproportion=0 and read/update proportions=0.5 ===
Arrangement completed. Output saved to ../analysis/Data/Workload_data/postgresql_arrayjson_vacuum_notfull_run1_uniform_heavy_mixed.csv
Arrangement completed. Output saved to ../analysis/Data/Workload_data/postgresql_arrayjson_vacuum_notfull_run1_uniform_heavy_mixed.csv
Backing up the database started
Backing up the database finished
Arrangement completed. Output saved to ../analysis/Data/Workload_data/postgresql_arrayjson_vacuum_notfull_run1_uniform_heavy_mixed.csv
Size computation started
Appending subsequent iteration 5...
Iteration 5: Appended new size values from key_sizes_postgresql_arrayjson_vacuum_notfull_uniform_heavy_mixed_run1.csv to ../analysis/Data/Value_size_data/value_sizes_postgresql_arrayjson_vacuum_notfull_run1_uniform_heavy_after_mixed.csv
Total size: 71877100, Field length average: 718
Workload file fieldlength set to: 718 (expected: 718)
=== Executing the load phase for the comparison study ===
Comparison-load verification - Epoch:1 Run:5 TotalSize:71800000 ExpectedFieldLength:718
Avg-run verification - Epoch:1 Run:5 Iteration:5 TotalSize:71800000 ExpectedFieldLength:718
=== Executing the run phase with extendproportion=0 and read/update proportions=0.5 ===
Arrangement completed. Output saved to ../analysis/Data/Workload_data/postgresql_arrayjson_vacuum_notfull_run1_uniform_heavy_mixed.csv
=== Setting parameter values for extend phase ===
=== Executing the extend phase with extendproportion=1 and other proportions=0 ===
Arrangement completed. Output saved to ../analysis/Data/Workload_data/postgresql_arrayjson_vacuum_notfull_run1_uniform_heavy_mixed.csv
Size computation started
Extend verification - Min:6100 Max:9900 Avg:8057 (Expected avg per record: ~1000 bytes initially)
Generating histogram from key size log: key_sizes_postgresql_arrayjson_vacuum_notfull_uniform_heavy_mixed_run1.csv
Histogram written to histogram.txt (BlockSize = 100)
Appending subsequent iteration 6...
Iteration 6: Appended new size values from key_sizes_postgresql_arrayjson_vacuum_notfull_uniform_heavy_mixed_run1.csv to ../analysis/Data/Value_size_data/value_sizes_postgresql_arrayjson_vacuum_notfull_run1_uniform_heavy_before_mixed.csv
VACUUM start: 1774443773
VACUUM end: 1774443773
=== Setting parameter values for run phase ===
Checking query plan before run phase
=== Executing the run phase with extendproportion=0 and read/update proportions=0.5 ===
Arrangement completed. Output saved to ../analysis/Data/Workload_data/postgresql_arrayjson_vacuum_notfull_run1_uniform_heavy_mixed.csv
Arrangement completed. Output saved to ../analysis/Data/Workload_data/postgresql_arrayjson_vacuum_notfull_run1_uniform_heavy_mixed.csv
Backing up the database started
Backing up the database finished
Arrangement completed. Output saved to ../analysis/Data/Workload_data/postgresql_arrayjson_vacuum_notfull_run1_uniform_heavy_mixed.csv
Size computation started
Appending subsequent iteration 6...
Iteration 6: Appended new size values from key_sizes_postgresql_arrayjson_vacuum_notfull_uniform_heavy_mixed_run1.csv to ../analysis/Data/Value_size_data/value_sizes_postgresql_arrayjson_vacuum_notfull_run1_uniform_heavy_after_mixed.csv
Total size: 83711900, Field length average: 837
Workload file fieldlength set to: 837 (expected: 837)
=== Executing the load phase for the comparison study ===
Comparison-load verification - Epoch:1 Run:6 TotalSize:83700000 ExpectedFieldLength:837
Avg-run verification - Epoch:1 Run:6 Iteration:6 TotalSize:83700000 ExpectedFieldLength:837
=== Executing the run phase with extendproportion=0 and read/update proportions=0.5 ===
Arrangement completed. Output saved to ../analysis/Data/Workload_data/postgresql_arrayjson_vacuum_notfull_run1_uniform_heavy_mixed.csv
=== Setting parameter values for extend phase ===
=== Executing the extend phase with extendproportion=1 and other proportions=0 ===
Arrangement completed. Output saved to ../analysis/Data/Workload_data/postgresql_arrayjson_vacuum_notfull_run1_uniform_heavy_mixed.csv
Size computation started
Extend verification - Min:6900 Max:11400 Avg:9252 (Expected avg per record: ~1000 bytes initially)
Generating histogram from key size log: key_sizes_postgresql_arrayjson_vacuum_notfull_uniform_heavy_mixed_run1.csv
Histogram written to histogram.txt (BlockSize = 100)
Appending subsequent iteration 7...
Iteration 7: Appended new size values from key_sizes_postgresql_arrayjson_vacuum_notfull_uniform_heavy_mixed_run1.csv to ../analysis/Data/Value_size_data/value_sizes_postgresql_arrayjson_vacuum_notfull_run1_uniform_heavy_before_mixed.csv
VACUUM start: 1774444200
VACUUM end: 1774444201
=== Setting parameter values for run phase ===
Checking query plan before run phase
=== Executing the run phase with extendproportion=0 and read/update proportions=0.5 ===
Arrangement completed. Output saved to ../analysis/Data/Workload_data/postgresql_arrayjson_vacuum_notfull_run1_uniform_heavy_mixed.csv
Arrangement completed. Output saved to ../analysis/Data/Workload_data/postgresql_arrayjson_vacuum_notfull_run1_uniform_heavy_mixed.csv
Backing up the database started
Backing up the database finished
Arrangement completed. Output saved to ../analysis/Data/Workload_data/postgresql_arrayjson_vacuum_notfull_run1_uniform_heavy_mixed.csv
Size computation started
Appending subsequent iteration 7...
Iteration 7: Appended new size values from key_sizes_postgresql_arrayjson_vacuum_notfull_uniform_heavy_mixed_run1.csv to ../analysis/Data/Value_size_data/value_sizes_postgresql_arrayjson_vacuum_notfull_run1_uniform_heavy_after_mixed.csv
Total size: 95945500, Field length average: 959
Workload file fieldlength set to: 959 (expected: 959)
=== Executing the load phase for the comparison study ===
Comparison-load verification - Epoch:1 Run:7 TotalSize:95900000 ExpectedFieldLength:959
Avg-run verification - Epoch:1 Run:7 Iteration:7 TotalSize:95900000 ExpectedFieldLength:959
=== Executing the run phase with extendproportion=0 and read/update proportions=0.5 ===
Arrangement completed. Output saved to ../analysis/Data/Workload_data/postgresql_arrayjson_vacuum_notfull_run1_uniform_heavy_mixed.csv
=== Setting parameter values for extend phase ===
=== Executing the extend phase with extendproportion=1 and other proportions=0 ===
Arrangement completed. Output saved to ../analysis/Data/Workload_data/postgresql_arrayjson_vacuum_notfull_run1_uniform_heavy_mixed.csv
Size computation started
Extend verification - Min:8500 Max:12800 Avg:10465 (Expected avg per record: ~1000 bytes initially)
Generating histogram from key size log: key_sizes_postgresql_arrayjson_vacuum_notfull_uniform_heavy_mixed_run1.csv
Histogram written to histogram.txt (BlockSize = 100)
Appending subsequent iteration 8...
Iteration 8: Appended new size values from key_sizes_postgresql_arrayjson_vacuum_notfull_uniform_heavy_mixed_run1.csv to ../analysis/Data/Value_size_data/value_sizes_postgresql_arrayjson_vacuum_notfull_run1_uniform_heavy_before_mixed.csv
VACUUM start: 1774444630
VACUUM end: 1774444631
=== Setting parameter values for run phase ===
Checking query plan before run phase
=== Executing the run phase with extendproportion=0 and read/update proportions=0.5 ===
Arrangement completed. Output saved to ../analysis/Data/Workload_data/postgresql_arrayjson_vacuum_notfull_run1_uniform_heavy_mixed.csv
Arrangement completed. Output saved to ../analysis/Data/Workload_data/postgresql_arrayjson_vacuum_notfull_run1_uniform_heavy_mixed.csv
Backing up the database started
Backing up the database finished
Arrangement completed. Output saved to ../analysis/Data/Workload_data/postgresql_arrayjson_vacuum_notfull_run1_uniform_heavy_mixed.csv
Size computation started
Appending subsequent iteration 8...
Iteration 8: Appended new size values from key_sizes_postgresql_arrayjson_vacuum_notfull_uniform_heavy_mixed_run1.csv to ../analysis/Data/Value_size_data/value_sizes_postgresql_arrayjson_vacuum_notfull_run1_uniform_heavy_after_mixed.csv
Total size: 108060600, Field length average: 1080
Workload file fieldlength set to: 1080 (expected: 1080)
=== Executing the load phase for the comparison study ===
Comparison-load verification - Epoch:1 Run:8 TotalSize:108000000 ExpectedFieldLength:1080
Avg-run verification - Epoch:1 Run:8 Iteration:8 TotalSize:108000000 ExpectedFieldLength:1080
=== Executing the run phase with extendproportion=0 and read/update proportions=0.5 ===
Arrangement completed. Output saved to ../analysis/Data/Workload_data/postgresql_arrayjson_vacuum_notfull_run1_uniform_heavy_mixed.csv
=== Setting parameter values for extend phase ===
=== Executing the extend phase with extendproportion=1 and other proportions=0 ===
Arrangement completed. Output saved to ../analysis/Data/Workload_data/postgresql_arrayjson_vacuum_notfull_run1_uniform_heavy_mixed.csv
Size computation started
Extend verification - Min:9700 Max:13800 Avg:11682 (Expected avg per record: ~1000 bytes initially)
Generating histogram from key size log: key_sizes_postgresql_arrayjson_vacuum_notfull_uniform_heavy_mixed_run1.csv
Histogram written to histogram.txt (BlockSize = 100)
Appending subsequent iteration 9...
Iteration 9: Appended new size values from key_sizes_postgresql_arrayjson_vacuum_notfull_uniform_heavy_mixed_run1.csv to ../analysis/Data/Value_size_data/value_sizes_postgresql_arrayjson_vacuum_notfull_run1_uniform_heavy_before_mixed.csv
VACUUM start: 1774445075
VACUUM end: 1774445076
=== Setting parameter values for run phase ===
Checking query plan before run phase
=== Executing the run phase with extendproportion=0 and read/update proportions=0.5 ===
Arrangement completed. Output saved to ../analysis/Data/Workload_data/postgresql_arrayjson_vacuum_notfull_run1_uniform_heavy_mixed.csv
Arrangement completed. Output saved to ../analysis/Data/Workload_data/postgresql_arrayjson_vacuum_notfull_run1_uniform_heavy_mixed.csv
Backing up the database started
Backing up the database finished
Arrangement completed. Output saved to ../analysis/Data/Workload_data/postgresql_arrayjson_vacuum_notfull_run1_uniform_heavy_mixed.csv
Size computation started
Appending subsequent iteration 9...
Iteration 9: Appended new size values from key_sizes_postgresql_arrayjson_vacuum_notfull_uniform_heavy_mixed_run1.csv to ../analysis/Data/Value_size_data/value_sizes_postgresql_arrayjson_vacuum_notfull_run1_uniform_heavy_after_mixed.csv
Total size: 120245400, Field length average: 1202
Workload file fieldlength set to: 1202 (expected: 1202)
=== Executing the load phase for the comparison study ===
Comparison-load verification - Epoch:1 Run:9 TotalSize:120200000 ExpectedFieldLength:1202
Avg-run verification - Epoch:1 Run:9 Iteration:9 TotalSize:120200000 ExpectedFieldLength:1202
=== Executing the run phase with extendproportion=0 and read/update proportions=0.5 ===
Arrangement completed. Output saved to ../analysis/Data/Workload_data/postgresql_arrayjson_vacuum_notfull_run1_uniform_heavy_mixed.csv
=== Setting parameter values for extend phase ===
=== Executing the extend phase with extendproportion=1 and other proportions=0 ===
Arrangement completed. Output saved to ../analysis/Data/Workload_data/postgresql_arrayjson_vacuum_notfull_run1_uniform_heavy_mixed.csv
Size computation started
Extend verification - Min:10700 Max:15200 Avg:12893 (Expected avg per record: ~1000 bytes initially)
Generating histogram from key size log: key_sizes_postgresql_arrayjson_vacuum_notfull_uniform_heavy_mixed_run1.csv
Histogram written to histogram.txt (BlockSize = 100)
Appending subsequent iteration 10...
Iteration 10: Appended new size values from key_sizes_postgresql_arrayjson_vacuum_notfull_uniform_heavy_mixed_run1.csv to ../analysis/Data/Value_size_data/value_sizes_postgresql_arrayjson_vacuum_notfull_run1_uniform_heavy_before_mixed.csv
VACUUM start: 1774445511
VACUUM end: 1774445512
=== Setting parameter values for run phase ===
Checking query plan before run phase
=== Executing the run phase with extendproportion=0 and read/update proportions=0.5 ===
Arrangement completed. Output saved to ../analysis/Data/Workload_data/postgresql_arrayjson_vacuum_notfull_run1_uniform_heavy_mixed.csv
Arrangement completed. Output saved to ../analysis/Data/Workload_data/postgresql_arrayjson_vacuum_notfull_run1_uniform_heavy_mixed.csv
Backing up the database started
Backing up the database finished
Arrangement completed. Output saved to ../analysis/Data/Workload_data/postgresql_arrayjson_vacuum_notfull_run1_uniform_heavy_mixed.csv
Size computation started
Appending subsequent iteration 10...
Iteration 10: Appended new size values from key_sizes_postgresql_arrayjson_vacuum_notfull_uniform_heavy_mixed_run1.csv to ../analysis/Data/Value_size_data/value_sizes_postgresql_arrayjson_vacuum_notfull_run1_uniform_heavy_after_mixed.csv
Total size: 132429700, Field length average: 1324
Workload file fieldlength set to: 1324 (expected: 1324)
=== Executing the load phase for the comparison study ===
Comparison-load verification - Epoch:1 Run:10 TotalSize:132400000 ExpectedFieldLength:1324
Avg-run verification - Epoch:1 Run:10 Iteration:10 TotalSize:132400000 ExpectedFieldLength:1324
=== Executing the run phase with extendproportion=0 and read/update proportions=0.5 ===
Arrangement completed. Output saved to ../analysis/Data/Workload_data/postgresql_arrayjson_vacuum_notfull_run1_uniform_heavy_mixed.csv
=== Setting parameter values for extend phase ===
=== Executing the extend phase with extendproportion=1 and other proportions=0 ===
Arrangement completed. Output saved to ../analysis/Data/Workload_data/postgresql_arrayjson_vacuum_notfull_run1_uniform_heavy_mixed.csv
Size computation started
Extend verification - Min:11900 Max:16800 Avg:14113 (Expected avg per record: ~1000 bytes initially)
Generating histogram from key size log: key_sizes_postgresql_arrayjson_vacuum_notfull_uniform_heavy_mixed_run1.csv
Histogram written to histogram.txt (BlockSize = 100)
Appending subsequent iteration 11...
Iteration 11: Appended new size values from key_sizes_postgresql_arrayjson_vacuum_notfull_uniform_heavy_mixed_run1.csv to ../analysis/Data/Value_size_data/value_sizes_postgresql_arrayjson_vacuum_notfull_run1_uniform_heavy_before_mixed.csv
VACUUM start: 1774445962
VACUUM end: 1774445963
=== Setting parameter values for run phase ===
Checking query plan before run phase
=== Executing the run phase with extendproportion=0 and read/update proportions=0.5 ===
Arrangement completed. Output saved to ../analysis/Data/Workload_data/postgresql_arrayjson_vacuum_notfull_run1_uniform_heavy_mixed.csv
Arrangement completed. Output saved to ../analysis/Data/Workload_data/postgresql_arrayjson_vacuum_notfull_run1_uniform_heavy_mixed.csv
Backing up the database started
Backing up the database finished
Arrangement completed. Output saved to ../analysis/Data/Workload_data/postgresql_arrayjson_vacuum_notfull_run1_uniform_heavy_mixed.csv
Size computation started
Appending subsequent iteration 11...
Iteration 11: Appended new size values from key_sizes_postgresql_arrayjson_vacuum_notfull_uniform_heavy_mixed_run1.csv to ../analysis/Data/Value_size_data/value_sizes_postgresql_arrayjson_vacuum_notfull_run1_uniform_heavy_after_mixed.csv
Total size: 144615400, Field length average: 1446
Workload file fieldlength set to: 1446 (expected: 1446)
=== Executing the load phase for the comparison study ===
Comparison-load verification - Epoch:2 Run:1 TotalSize:144600000 ExpectedFieldLength:1446
Avg-run verification - Epoch:2 Run:1 Iteration:11 TotalSize:144600000 ExpectedFieldLength:1446
=== Executing the run phase with extendproportion=0 and read/update proportions=0.5 ===
Arrangement completed. Output saved to ../analysis/Data/Workload_data/postgresql_arrayjson_vacuum_notfull_run1_uniform_heavy_mixed.csv
=== Setting parameter values for extend phase ===
=== Executing the extend phase with extendproportion=1 and other proportions=0 ===
Arrangement completed. Output saved to ../analysis/Data/Workload_data/postgresql_arrayjson_vacuum_notfull_run1_uniform_heavy_mixed.csv
Size computation started
Extend verification - Min:12900 Max:17600 Avg:15326 (Expected avg per record: ~1000 bytes initially)
Generating histogram from key size log: key_sizes_postgresql_arrayjson_vacuum_notfull_uniform_heavy_mixed_run1.csv
Histogram written to histogram.txt (BlockSize = 100)
Appending subsequent iteration 12...
Iteration 12: Appended new size values from key_sizes_postgresql_arrayjson_vacuum_notfull_uniform_heavy_mixed_run1.csv to ../analysis/Data/Value_size_data/value_sizes_postgresql_arrayjson_vacuum_notfull_run1_uniform_heavy_before_mixed.csv
VACUUM start: 1774446420
VACUUM end: 1774446421
=== Setting parameter values for run phase ===
Checking query plan before run phase
=== Executing the run phase with extendproportion=0 and read/update proportions=0.5 ===
Arrangement completed. Output saved to ../analysis/Data/Workload_data/postgresql_arrayjson_vacuum_notfull_run1_uniform_heavy_mixed.csv
Arrangement completed. Output saved to ../analysis/Data/Workload_data/postgresql_arrayjson_vacuum_notfull_run1_uniform_heavy_mixed.csv
Backing up the database started
Backing up the database finished
Arrangement completed. Output saved to ../analysis/Data/Workload_data/postgresql_arrayjson_vacuum_notfull_run1_uniform_heavy_mixed.csv
Size computation started
Appending subsequent iteration 12...
Iteration 12: Appended new size values from key_sizes_postgresql_arrayjson_vacuum_notfull_uniform_heavy_mixed_run1.csv to ../analysis/Data/Value_size_data/value_sizes_postgresql_arrayjson_vacuum_notfull_run1_uniform_heavy_after_mixed.csv
Total size: 156744400, Field length average: 1567
Workload file fieldlength set to: 1567 (expected: 1567)
=== Executing the load phase for the comparison study ===
Comparison-load verification - Epoch:2 Run:2 TotalSize:156700000 ExpectedFieldLength:1567
Avg-run verification - Epoch:2 Run:2 Iteration:12 TotalSize:156700000 ExpectedFieldLength:1567
=== Executing the run phase with extendproportion=0 and read/update proportions=0.5 ===
Arrangement completed. Output saved to ../analysis/Data/Workload_data/postgresql_arrayjson_vacuum_notfull_run1_uniform_heavy_mixed.csv
=== Setting parameter values for extend phase ===
=== Executing the extend phase with extendproportion=1 and other proportions=0 ===
Arrangement completed. Output saved to ../analysis/Data/Workload_data/postgresql_arrayjson_vacuum_notfull_run1_uniform_heavy_mixed.csv
Size computation started
Extend verification - Min:14200 Max:18500 Avg:16543 (Expected avg per record: ~1000 bytes initially)
Generating histogram from key size log: key_sizes_postgresql_arrayjson_vacuum_notfull_uniform_heavy_mixed_run1.csv
Histogram written to histogram.txt (BlockSize = 100)
Appending subsequent iteration 13...
Iteration 13: Appended new size values from key_sizes_postgresql_arrayjson_vacuum_notfull_uniform_heavy_mixed_run1.csv to ../analysis/Data/Value_size_data/value_sizes_postgresql_arrayjson_vacuum_notfull_run1_uniform_heavy_before_mixed.csv
VACUUM start: 1774446886
VACUUM end: 1774446887
=== Setting parameter values for run phase ===
Checking query plan before run phase
=== Executing the run phase with extendproportion=0 and read/update proportions=0.5 ===
Arrangement completed. Output saved to ../analysis/Data/Workload_data/postgresql_arrayjson_vacuum_notfull_run1_uniform_heavy_mixed.csv
Arrangement completed. Output saved to ../analysis/Data/Workload_data/postgresql_arrayjson_vacuum_notfull_run1_uniform_heavy_mixed.csv
Backing up the database started
Backing up the database finished
Arrangement completed. Output saved to ../analysis/Data/Workload_data/postgresql_arrayjson_vacuum_notfull_run1_uniform_heavy_mixed.csv
Size computation started
Appending subsequent iteration 13...
Iteration 13: Appended new size values from key_sizes_postgresql_arrayjson_vacuum_notfull_uniform_heavy_mixed_run1.csv to ../analysis/Data/Value_size_data/value_sizes_postgresql_arrayjson_vacuum_notfull_run1_uniform_heavy_after_mixed.csv
Total size: 168817100, Field length average: 1688
Workload file fieldlength set to: 1688 (expected: 1688)
=== Executing the load phase for the comparison study ===
Comparison-load verification - Epoch:2 Run:3 TotalSize:168800000 ExpectedFieldLength:1688
Avg-run verification - Epoch:2 Run:3 Iteration:13 TotalSize:168800000 ExpectedFieldLength:1688
=== Executing the run phase with extendproportion=0 and read/update proportions=0.5 ===
Arrangement completed. Output saved to ../analysis/Data/Workload_data/postgresql_arrayjson_vacuum_notfull_run1_uniform_heavy_mixed.csv
=== Setting parameter values for extend phase ===
=== Executing the extend phase with extendproportion=1 and other proportions=0 ===
Arrangement completed. Output saved to ../analysis/Data/Workload_data/postgresql_arrayjson_vacuum_notfull_run1_uniform_heavy_mixed.csv
Size computation started
Extend verification - Min:15300 Max:20200 Avg:17758 (Expected avg per record: ~1000 bytes initially)
Generating histogram from key size log: key_sizes_postgresql_arrayjson_vacuum_notfull_uniform_heavy_mixed_run1.csv
Histogram written to histogram.txt (BlockSize = 100)
Appending subsequent iteration 14...
Iteration 14: Appended new size values from key_sizes_postgresql_arrayjson_vacuum_notfull_uniform_heavy_mixed_run1.csv to ../analysis/Data/Value_size_data/value_sizes_postgresql_arrayjson_vacuum_notfull_run1_uniform_heavy_before_mixed.csv
VACUUM start: 1774447334
VACUUM end: 1774447336
=== Setting parameter values for run phase ===
Checking query plan before run phase
=== Executing the run phase with extendproportion=0 and read/update proportions=0.5 ===
Arrangement completed. Output saved to ../analysis/Data/Workload_data/postgresql_arrayjson_vacuum_notfull_run1_uniform_heavy_mixed.csv
Arrangement completed. Output saved to ../analysis/Data/Workload_data/postgresql_arrayjson_vacuum_notfull_run1_uniform_heavy_mixed.csv
Backing up the database started
Backing up the database finished
Arrangement completed. Output saved to ../analysis/Data/Workload_data/postgresql_arrayjson_vacuum_notfull_run1_uniform_heavy_mixed.csv
Size computation started
Appending subsequent iteration 14...
Iteration 14: Appended new size values from key_sizes_postgresql_arrayjson_vacuum_notfull_uniform_heavy_mixed_run1.csv to ../analysis/Data/Value_size_data/value_sizes_postgresql_arrayjson_vacuum_notfull_run1_uniform_heavy_after_mixed.csv
Total size: 181015700, Field length average: 1810
Workload file fieldlength set to: 1810 (expected: 1810)
=== Executing the load phase for the comparison study ===
Comparison-load verification - Epoch:2 Run:4 TotalSize:181000000 ExpectedFieldLength:1810
Avg-run verification - Epoch:2 Run:4 Iteration:14 TotalSize:181000000 ExpectedFieldLength:1810
=== Executing the run phase with extendproportion=0 and read/update proportions=0.5 ===
Arrangement completed. Output saved to ../analysis/Data/Workload_data/postgresql_arrayjson_vacuum_notfull_run1_uniform_heavy_mixed.csv
=== Setting parameter values for extend phase ===
=== Executing the extend phase with extendproportion=1 and other proportions=0 ===
Arrangement completed. Output saved to ../analysis/Data/Workload_data/postgresql_arrayjson_vacuum_notfull_run1_uniform_heavy_mixed.csv
Size computation started
Extend verification - Min:16700 Max:21400 Avg:18976 (Expected avg per record: ~1000 bytes initially)
Generating histogram from key size log: key_sizes_postgresql_arrayjson_vacuum_notfull_uniform_heavy_mixed_run1.csv
Histogram written to histogram.txt (BlockSize = 100)
Appending subsequent iteration 15...
Iteration 15: Appended new size values from key_sizes_postgresql_arrayjson_vacuum_notfull_uniform_heavy_mixed_run1.csv to ../analysis/Data/Value_size_data/value_sizes_postgresql_arrayjson_vacuum_notfull_run1_uniform_heavy_before_mixed.csv
VACUUM start: 1774447795
VACUUM end: 1774447796
=== Setting parameter values for run phase ===
Checking query plan before run phase
=== Executing the run phase with extendproportion=0 and read/update proportions=0.5 ===
Arrangement completed. Output saved to ../analysis/Data/Workload_data/postgresql_arrayjson_vacuum_notfull_run1_uniform_heavy_mixed.csv
Arrangement completed. Output saved to ../analysis/Data/Workload_data/postgresql_arrayjson_vacuum_notfull_run1_uniform_heavy_mixed.csv
Backing up the database started
Backing up the database finished
Arrangement completed. Output saved to ../analysis/Data/Workload_data/postgresql_arrayjson_vacuum_notfull_run1_uniform_heavy_mixed.csv
Size computation started
Appending subsequent iteration 15...
Iteration 15: Appended new size values from key_sizes_postgresql_arrayjson_vacuum_notfull_uniform_heavy_mixed_run1.csv to ../analysis/Data/Value_size_data/value_sizes_postgresql_arrayjson_vacuum_notfull_run1_uniform_heavy_after_mixed.csv
Total size: 193195200, Field length average: 1931
Workload file fieldlength set to: 1931 (expected: 1931)
=== Executing the load phase for the comparison study ===
Comparison-load verification - Epoch:2 Run:5 TotalSize:193100000 ExpectedFieldLength:1931
Avg-run verification - Epoch:2 Run:5 Iteration:15 TotalSize:193100000 ExpectedFieldLength:1931
=== Executing the run phase with extendproportion=0 and read/update proportions=0.5 ===
Arrangement completed. Output saved to ../analysis/Data/Workload_data/postgresql_arrayjson_vacuum_notfull_run1_uniform_heavy_mixed.csv
=== Setting parameter values for extend phase ===
=== Executing the extend phase with extendproportion=1 and other proportions=0 ===
Arrangement completed. Output saved to ../analysis/Data/Workload_data/postgresql_arrayjson_vacuum_notfull_run1_uniform_heavy_mixed.csv
Size computation started
Extend verification - Min:17700 Max:22300 Avg:20192 (Expected avg per record: ~1000 bytes initially)
Generating histogram from key size log: key_sizes_postgresql_arrayjson_vacuum_notfull_uniform_heavy_mixed_run1.csv
Histogram written to histogram.txt (BlockSize = 100)
Appending subsequent iteration 16...
Iteration 16: Appended new size values from key_sizes_postgresql_arrayjson_vacuum_notfull_uniform_heavy_mixed_run1.csv to ../analysis/Data/Value_size_data/value_sizes_postgresql_arrayjson_vacuum_notfull_run1_uniform_heavy_before_mixed.csv
VACUUM start: 1774448246
VACUUM end: 1774448248
=== Setting parameter values for run phase ===
Checking query plan before run phase
=== Executing the run phase with extendproportion=0 and read/update proportions=0.5 ===
Arrangement completed. Output saved to ../analysis/Data/Workload_data/postgresql_arrayjson_vacuum_notfull_run1_uniform_heavy_mixed.csv
Arrangement completed. Output saved to ../analysis/Data/Workload_data/postgresql_arrayjson_vacuum_notfull_run1_uniform_heavy_mixed.csv
Backing up the database started
Backing up the database finished
Arrangement completed. Output saved to ../analysis/Data/Workload_data/postgresql_arrayjson_vacuum_notfull_run1_uniform_heavy_mixed.csv
Size computation started
Appending subsequent iteration 16...
Iteration 16: Appended new size values from key_sizes_postgresql_arrayjson_vacuum_notfull_uniform_heavy_mixed_run1.csv to ../analysis/Data/Value_size_data/value_sizes_postgresql_arrayjson_vacuum_notfull_run1_uniform_heavy_after_mixed.csv
Total size: 205389000, Field length average: 2053
Workload file fieldlength set to: 2053 (expected: 2053)
=== Executing the load phase for the comparison study ===
Comparison-load verification - Epoch:2 Run:6 TotalSize:205300000 ExpectedFieldLength:2053
Avg-run verification - Epoch:2 Run:6 Iteration:16 TotalSize:205300000 ExpectedFieldLength:2053
=== Executing the run phase with extendproportion=0 and read/update proportions=0.5 ===
Arrangement completed. Output saved to ../analysis/Data/Workload_data/postgresql_arrayjson_vacuum_notfull_run1_uniform_heavy_mixed.csv
=== Setting parameter values for extend phase ===
=== Executing the extend phase with extendproportion=1 and other proportions=0 ===
Arrangement completed. Output saved to ../analysis/Data/Workload_data/postgresql_arrayjson_vacuum_notfull_run1_uniform_heavy_mixed.csv
Size computation started
Extend verification - Min:18400 Max:23700 Avg:21411 (Expected avg per record: ~1000 bytes initially)
Generating histogram from key size log: key_sizes_postgresql_arrayjson_vacuum_notfull_uniform_heavy_mixed_run1.csv
Histogram written to histogram.txt (BlockSize = 100)
Appending subsequent iteration 17...
Iteration 17: Appended new size values from key_sizes_postgresql_arrayjson_vacuum_notfull_uniform_heavy_mixed_run1.csv to ../analysis/Data/Value_size_data/value_sizes_postgresql_arrayjson_vacuum_notfull_run1_uniform_heavy_before_mixed.csv
VACUUM start: 1774448713
VACUUM end: 1774448715
=== Setting parameter values for run phase ===
Checking query plan before run phase
=== Executing the run phase with extendproportion=0 and read/update proportions=0.5 ===
Arrangement completed. Output saved to ../analysis/Data/Workload_data/postgresql_arrayjson_vacuum_notfull_run1_uniform_heavy_mixed.csv
Arrangement completed. Output saved to ../analysis/Data/Workload_data/postgresql_arrayjson_vacuum_notfull_run1_uniform_heavy_mixed.csv
Backing up the database started
Backing up the database finished
Arrangement completed. Output saved to ../analysis/Data/Workload_data/postgresql_arrayjson_vacuum_notfull_run1_uniform_heavy_mixed.csv
Size computation started
Appending subsequent iteration 17...
Iteration 17: Appended new size values from key_sizes_postgresql_arrayjson_vacuum_notfull_uniform_heavy_mixed_run1.csv to ../analysis/Data/Value_size_data/value_sizes_postgresql_arrayjson_vacuum_notfull_run1_uniform_heavy_after_mixed.csv
Total size: 217609400, Field length average: 2176
Workload file fieldlength set to: 2176 (expected: 2176)
=== Executing the load phase for the comparison study ===
Comparison-load verification - Epoch:2 Run:7 TotalSize:217600000 ExpectedFieldLength:2176
Avg-run verification - Epoch:2 Run:7 Iteration:17 TotalSize:217600000 ExpectedFieldLength:2176
=== Executing the run phase with extendproportion=0 and read/update proportions=0.5 ===
Arrangement completed. Output saved to ../analysis/Data/Workload_data/postgresql_arrayjson_vacuum_notfull_run1_uniform_heavy_mixed.csv
=== Setting parameter values for extend phase ===
=== Executing the extend phase with extendproportion=1 and other proportions=0 ===
Arrangement completed. Output saved to ../analysis/Data/Workload_data/postgresql_arrayjson_vacuum_notfull_run1_uniform_heavy_mixed.csv
Size computation started
Extend verification - Min:19400 Max:24700 Avg:22631 (Expected avg per record: ~1000 bytes initially)
Generating histogram from key size log: key_sizes_postgresql_arrayjson_vacuum_notfull_uniform_heavy_mixed_run1.csv
Histogram written to histogram.txt (BlockSize = 100)
Appending subsequent iteration 18...
Iteration 18: Appended new size values from key_sizes_postgresql_arrayjson_vacuum_notfull_uniform_heavy_mixed_run1.csv to ../analysis/Data/Value_size_data/value_sizes_postgresql_arrayjson_vacuum_notfull_run1_uniform_heavy_before_mixed.csv
VACUUM start: 1774449180
VACUUM end: 1774449182
=== Setting parameter values for run phase ===
Checking query plan before run phase
=== Executing the run phase with extendproportion=0 and read/update proportions=0.5 ===
Arrangement completed. Output saved to ../analysis/Data/Workload_data/postgresql_arrayjson_vacuum_notfull_run1_uniform_heavy_mixed.csv
Arrangement completed. Output saved to ../analysis/Data/Workload_data/postgresql_arrayjson_vacuum_notfull_run1_uniform_heavy_mixed.csv
Backing up the database started
Backing up the database finished
Arrangement completed. Output saved to ../analysis/Data/Workload_data/postgresql_arrayjson_vacuum_notfull_run1_uniform_heavy_mixed.csv
Size computation started
Appending subsequent iteration 18...
Iteration 18: Appended new size values from key_sizes_postgresql_arrayjson_vacuum_notfull_uniform_heavy_mixed_run1.csv to ../analysis/Data/Value_size_data/value_sizes_postgresql_arrayjson_vacuum_notfull_run1_uniform_heavy_after_mixed.csv
Total size: 229766700, Field length average: 2297
Workload file fieldlength set to: 2297 (expected: 2297)
=== Executing the load phase for the comparison study ===
Comparison-load verification - Epoch:2 Run:8 TotalSize:229700000 ExpectedFieldLength:2297
Avg-run verification - Epoch:2 Run:8 Iteration:18 TotalSize:229700000 ExpectedFieldLength:2297
=== Executing the run phase with extendproportion=0 and read/update proportions=0.5 ===
Arrangement completed. Output saved to ../analysis/Data/Workload_data/postgresql_arrayjson_vacuum_notfull_run1_uniform_heavy_mixed.csv
=== Setting parameter values for extend phase ===
=== Executing the extend phase with extendproportion=1 and other proportions=0 ===
Arrangement completed. Output saved to ../analysis/Data/Workload_data/postgresql_arrayjson_vacuum_notfull_run1_uniform_heavy_mixed.csv
Size computation started
Extend verification - Min:20900 Max:26000 Avg:23848 (Expected avg per record: ~1000 bytes initially)
Generating histogram from key size log: key_sizes_postgresql_arrayjson_vacuum_notfull_uniform_heavy_mixed_run1.csv
Histogram written to histogram.txt (BlockSize = 100)
Appending subsequent iteration 19...
Iteration 19: Appended new size values from key_sizes_postgresql_arrayjson_vacuum_notfull_uniform_heavy_mixed_run1.csv to ../analysis/Data/Value_size_data/value_sizes_postgresql_arrayjson_vacuum_notfull_run1_uniform_heavy_before_mixed.csv
VACUUM start: 1774449648
VACUUM end: 1774449651
=== Setting parameter values for run phase ===
Checking query plan before run phase
=== Executing the run phase with extendproportion=0 and read/update proportions=0.5 ===
Arrangement completed. Output saved to ../analysis/Data/Workload_data/postgresql_arrayjson_vacuum_notfull_run1_uniform_heavy_mixed.csv
Arrangement completed. Output saved to ../analysis/Data/Workload_data/postgresql_arrayjson_vacuum_notfull_run1_uniform_heavy_mixed.csv
Backing up the database started
Backing up the database finished
Arrangement completed. Output saved to ../analysis/Data/Workload_data/postgresql_arrayjson_vacuum_notfull_run1_uniform_heavy_mixed.csv
Size computation started
Appending subsequent iteration 19...
Iteration 19: Appended new size values from key_sizes_postgresql_arrayjson_vacuum_notfull_uniform_heavy_mixed_run1.csv to ../analysis/Data/Value_size_data/value_sizes_postgresql_arrayjson_vacuum_notfull_run1_uniform_heavy_after_mixed.csv
Total size: 241924100, Field length average: 2419
Workload file fieldlength set to: 2419 (expected: 2419)
=== Executing the load phase for the comparison study ===
Comparison-load verification - Epoch:2 Run:9 TotalSize:241900000 ExpectedFieldLength:2419
Avg-run verification - Epoch:2 Run:9 Iteration:19 TotalSize:241900000 ExpectedFieldLength:2419
=== Executing the run phase with extendproportion=0 and read/update proportions=0.5 ===
Arrangement completed. Output saved to ../analysis/Data/Workload_data/postgresql_arrayjson_vacuum_notfull_run1_uniform_heavy_mixed.csv
=== Setting parameter values for extend phase ===
=== Executing the extend phase with extendproportion=1 and other proportions=0 ===
Arrangement completed. Output saved to ../analysis/Data/Workload_data/postgresql_arrayjson_vacuum_notfull_run1_uniform_heavy_mixed.csv
Size computation started
Extend verification - Min:22100 Max:27600 Avg:25059 (Expected avg per record: ~1000 bytes initially)
Generating histogram from key size log: key_sizes_postgresql_arrayjson_vacuum_notfull_uniform_heavy_mixed_run1.csv
Histogram written to histogram.txt (BlockSize = 100)
Appending subsequent iteration 20...
Iteration 20: Appended new size values from key_sizes_postgresql_arrayjson_vacuum_notfull_uniform_heavy_mixed_run1.csv to ../analysis/Data/Value_size_data/value_sizes_postgresql_arrayjson_vacuum_notfull_run1_uniform_heavy_before_mixed.csv
VACUUM start: 1774450115
VACUUM end: 1774450117
=== Setting parameter values for run phase ===
Checking query plan before run phase
=== Executing the run phase with extendproportion=0 and read/update proportions=0.5 ===
Arrangement completed. Output saved to ../analysis/Data/Workload_data/postgresql_arrayjson_vacuum_notfull_run1_uniform_heavy_mixed.csv
Arrangement completed. Output saved to ../analysis/Data/Workload_data/postgresql_arrayjson_vacuum_notfull_run1_uniform_heavy_mixed.csv
Backing up the database started
Backing up the database finished
Arrangement completed. Output saved to ../analysis/Data/Workload_data/postgresql_arrayjson_vacuum_notfull_run1_uniform_heavy_mixed.csv
Size computation started
Appending subsequent iteration 20...
Iteration 20: Appended new size values from key_sizes_postgresql_arrayjson_vacuum_notfull_uniform_heavy_mixed_run1.csv to ../analysis/Data/Value_size_data/value_sizes_postgresql_arrayjson_vacuum_notfull_run1_uniform_heavy_after_mixed.csv
Total size: 254073600, Field length average: 2540
Workload file fieldlength set to: 2540 (expected: 2540)
=== Executing the load phase for the comparison study ===
Comparison-load verification - Epoch:2 Run:10 TotalSize:254000000 ExpectedFieldLength:2540
Avg-run verification - Epoch:2 Run:10 Iteration:20 TotalSize:254000000 ExpectedFieldLength:2540
=== Executing the run phase with extendproportion=0 and read/update proportions=0.5 ===
Arrangement completed. Output saved to ../analysis/Data/Workload_data/postgresql_arrayjson_vacuum_notfull_run1_uniform_heavy_mixed.csv
=== Setting parameter values for extend phase ===
=== Executing the extend phase with extendproportion=1 and other proportions=0 ===
Arrangement completed. Output saved to ../analysis/Data/Workload_data/postgresql_arrayjson_vacuum_notfull_run1_uniform_heavy_mixed.csv
Size computation started
Extend verification - Min:23500 Max:28800 Avg:26277 (Expected avg per record: ~1000 bytes initially)
Generating histogram from key size log: key_sizes_postgresql_arrayjson_vacuum_notfull_uniform_heavy_mixed_run1.csv
Histogram written to histogram.txt (BlockSize = 100)
Appending subsequent iteration 21...
Iteration 21: Appended new size values from key_sizes_postgresql_arrayjson_vacuum_notfull_uniform_heavy_mixed_run1.csv to ../analysis/Data/Value_size_data/value_sizes_postgresql_arrayjson_vacuum_notfull_run1_uniform_heavy_before_mixed.csv
VACUUM start: 1774450590
VACUUM end: 1774450592
=== Setting parameter values for run phase ===
Checking query plan before run phase
=== Executing the run phase with extendproportion=0 and read/update proportions=0.5 ===
Arrangement completed. Output saved to ../analysis/Data/Workload_data/postgresql_arrayjson_vacuum_notfull_run1_uniform_heavy_mixed.csv
Arrangement completed. Output saved to ../analysis/Data/Workload_data/postgresql_arrayjson_vacuum_notfull_run1_uniform_heavy_mixed.csv
Backing up the database started
Backing up the database finished
Arrangement completed. Output saved to ../analysis/Data/Workload_data/postgresql_arrayjson_vacuum_notfull_run1_uniform_heavy_mixed.csv
Size computation started
Appending subsequent iteration 21...
Iteration 21: Appended new size values from key_sizes_postgresql_arrayjson_vacuum_notfull_uniform_heavy_mixed_run1.csv to ../analysis/Data/Value_size_data/value_sizes_postgresql_arrayjson_vacuum_notfull_run1_uniform_heavy_after_mixed.csv
Total size: 266236700, Field length average: 2662
Workload file fieldlength set to: 2662 (expected: 2662)
=== Executing the load phase for the comparison study ===
Comparison-load verification - Epoch:3 Run:1 TotalSize:266200000 ExpectedFieldLength:2662
Avg-run verification - Epoch:3 Run:1 Iteration:21 TotalSize:266200000 ExpectedFieldLength:2662
=== Executing the run phase with extendproportion=0 and read/update proportions=0.5 ===
Arrangement completed. Output saved to ../analysis/Data/Workload_data/postgresql_arrayjson_vacuum_notfull_run1_uniform_heavy_mixed.csv
=== Setting parameter values for extend phase ===
=== Executing the extend phase with extendproportion=1 and other proportions=0 ===
Arrangement completed. Output saved to ../analysis/Data/Workload_data/postgresql_arrayjson_vacuum_notfull_run1_uniform_heavy_mixed.csv
Size computation started
Extend verification - Min:24400 Max:30200 Avg:27493 (Expected avg per record: ~1000 bytes initially)
Generating histogram from key size log: key_sizes_postgresql_arrayjson_vacuum_notfull_uniform_heavy_mixed_run1.csv
Histogram written to histogram.txt (BlockSize = 100)
Appending subsequent iteration 22...
Iteration 22: Appended new size values from key_sizes_postgresql_arrayjson_vacuum_notfull_uniform_heavy_mixed_run1.csv to ../analysis/Data/Value_size_data/value_sizes_postgresql_arrayjson_vacuum_notfull_run1_uniform_heavy_before_mixed.csv
VACUUM start: 1774451072
VACUUM end: 1774451075
=== Setting parameter values for run phase ===
Checking query plan before run phase
=== Executing the run phase with extendproportion=0 and read/update proportions=0.5 ===
Arrangement completed. Output saved to ../analysis/Data/Workload_data/postgresql_arrayjson_vacuum_notfull_run1_uniform_heavy_mixed.csv
Arrangement completed. Output saved to ../analysis/Data/Workload_data/postgresql_arrayjson_vacuum_notfull_run1_uniform_heavy_mixed.csv
Backing up the database started
Backing up the database finished
Arrangement completed. Output saved to ../analysis/Data/Workload_data/postgresql_arrayjson_vacuum_notfull_run1_uniform_heavy_mixed.csv
Size computation started
Appending subsequent iteration 22...
Iteration 22: Appended new size values from key_sizes_postgresql_arrayjson_vacuum_notfull_uniform_heavy_mixed_run1.csv to ../analysis/Data/Value_size_data/value_sizes_postgresql_arrayjson_vacuum_notfull_run1_uniform_heavy_after_mixed.csv
Total size: 278358500, Field length average: 2783
Workload file fieldlength set to: 2783 (expected: 2783)
=== Executing the load phase for the comparison study ===
Comparison-load verification - Epoch:3 Run:2 TotalSize:278300000 ExpectedFieldLength:2783
Avg-run verification - Epoch:3 Run:2 Iteration:22 TotalSize:278300000 ExpectedFieldLength:2783
=== Executing the run phase with extendproportion=0 and read/update proportions=0.5 ===
Arrangement completed. Output saved to ../analysis/Data/Workload_data/postgresql_arrayjson_vacuum_notfull_run1_uniform_heavy_mixed.csv
=== Setting parameter values for extend phase ===
=== Executing the extend phase with extendproportion=1 and other proportions=0 ===
Arrangement completed. Output saved to ../analysis/Data/Workload_data/postgresql_arrayjson_vacuum_notfull_run1_uniform_heavy_mixed.csv
Size computation started
Extend verification - Min:26000 Max:31100 Avg:28705 (Expected avg per record: ~1000 bytes initially)
Generating histogram from key size log: key_sizes_postgresql_arrayjson_vacuum_notfull_uniform_heavy_mixed_run1.csv
Histogram written to histogram.txt (BlockSize = 100)
Appending subsequent iteration 23...
Iteration 23: Appended new size values from key_sizes_postgresql_arrayjson_vacuum_notfull_uniform_heavy_mixed_run1.csv to ../analysis/Data/Value_size_data/value_sizes_postgresql_arrayjson_vacuum_notfull_run1_uniform_heavy_before_mixed.csv
VACUUM start: 1774451559
VACUUM end: 1774451563
=== Setting parameter values for run phase ===
Checking query plan before run phase
=== Executing the run phase with extendproportion=0 and read/update proportions=0.5 ===
Arrangement completed. Output saved to ../analysis/Data/Workload_data/postgresql_arrayjson_vacuum_notfull_run1_uniform_heavy_mixed.csv
Arrangement completed. Output saved to ../analysis/Data/Workload_data/postgresql_arrayjson_vacuum_notfull_run1_uniform_heavy_mixed.csv
Backing up the database started
Backing up the database finished
Arrangement completed. Output saved to ../analysis/Data/Workload_data/postgresql_arrayjson_vacuum_notfull_run1_uniform_heavy_mixed.csv
Size computation started
Appending subsequent iteration 23...
Iteration 23: Appended new size values from key_sizes_postgresql_arrayjson_vacuum_notfull_uniform_heavy_mixed_run1.csv to ../analysis/Data/Value_size_data/value_sizes_postgresql_arrayjson_vacuum_notfull_run1_uniform_heavy_after_mixed.csv
Total size: 290433200, Field length average: 2904
Workload file fieldlength set to: 2904 (expected: 2904)
=== Executing the load phase for the comparison study ===
Comparison-load verification - Epoch:3 Run:3 TotalSize:290400000 ExpectedFieldLength:2904
Avg-run verification - Epoch:3 Run:3 Iteration:23 TotalSize:290400000 ExpectedFieldLength:2904
=== Executing the run phase with extendproportion=0 and read/update proportions=0.5 ===
Arrangement completed. Output saved to ../analysis/Data/Workload_data/postgresql_arrayjson_vacuum_notfull_run1_uniform_heavy_mixed.csv
=== Setting parameter values for extend phase ===
=== Executing the extend phase with extendproportion=1 and other proportions=0 ===
Arrangement completed. Output saved to ../analysis/Data/Workload_data/postgresql_arrayjson_vacuum_notfull_run1_uniform_heavy_mixed.csv
Size computation started
Extend verification - Min:26700 Max:32300 Avg:29914 (Expected avg per record: ~1000 bytes initially)
Generating histogram from key size log: key_sizes_postgresql_arrayjson_vacuum_notfull_uniform_heavy_mixed_run1.csv
Histogram written to histogram.txt (BlockSize = 100)
Appending subsequent iteration 24...
Iteration 24: Appended new size values from key_sizes_postgresql_arrayjson_vacuum_notfull_uniform_heavy_mixed_run1.csv to ../analysis/Data/Value_size_data/value_sizes_postgresql_arrayjson_vacuum_notfull_run1_uniform_heavy_before_mixed.csv
VACUUM start: 1774452047
VACUUM end: 1774452050
=== Setting parameter values for run phase ===
Checking query plan before run phase
=== Executing the run phase with extendproportion=0 and read/update proportions=0.5 ===
Arrangement completed. Output saved to ../analysis/Data/Workload_data/postgresql_arrayjson_vacuum_notfull_run1_uniform_heavy_mixed.csv
Arrangement completed. Output saved to ../analysis/Data/Workload_data/postgresql_arrayjson_vacuum_notfull_run1_uniform_heavy_mixed.csv
Backing up the database started
Backing up the database finished
Arrangement completed. Output saved to ../analysis/Data/Workload_data/postgresql_arrayjson_vacuum_notfull_run1_uniform_heavy_mixed.csv
Size computation started
Appending subsequent iteration 24...
Iteration 24: Appended new size values from key_sizes_postgresql_arrayjson_vacuum_notfull_uniform_heavy_mixed_run1.csv to ../analysis/Data/Value_size_data/value_sizes_postgresql_arrayjson_vacuum_notfull_run1_uniform_heavy_after_mixed.csv
Total size: 302618100, Field length average: 3026
Workload file fieldlength set to: 3026 (expected: 3026)
=== Executing the load phase for the comparison study ===
Comparison-load verification - Epoch:3 Run:4 TotalSize:302600000 ExpectedFieldLength:3026
Avg-run verification - Epoch:3 Run:4 Iteration:24 TotalSize:302600000 ExpectedFieldLength:3026
=== Executing the run phase with extendproportion=0 and read/update proportions=0.5 ===
Arrangement completed. Output saved to ../analysis/Data/Workload_data/postgresql_arrayjson_vacuum_notfull_run1_uniform_heavy_mixed.csv
=== Setting parameter values for extend phase ===
=== Executing the extend phase with extendproportion=1 and other proportions=0 ===
Arrangement completed. Output saved to ../analysis/Data/Workload_data/postgresql_arrayjson_vacuum_notfull_run1_uniform_heavy_mixed.csv
Size computation started
Extend verification - Min:27400 Max:33800 Avg:31127 (Expected avg per record: ~1000 bytes initially)
Generating histogram from key size log: key_sizes_postgresql_arrayjson_vacuum_notfull_uniform_heavy_mixed_run1.csv
Histogram written to histogram.txt (BlockSize = 100)
Appending subsequent iteration 25...
Iteration 25: Appended new size values from key_sizes_postgresql_arrayjson_vacuum_notfull_uniform_heavy_mixed_run1.csv to ../analysis/Data/Value_size_data/value_sizes_postgresql_arrayjson_vacuum_notfull_run1_uniform_heavy_before_mixed.csv
VACUUM start: 1774452543
VACUUM end: 1774452546
=== Setting parameter values for run phase ===
Checking query plan before run phase
=== Executing the run phase with extendproportion=0 and read/update proportions=0.5 ===
Arrangement completed. Output saved to ../analysis/Data/Workload_data/postgresql_arrayjson_vacuum_notfull_run1_uniform_heavy_mixed.csv
Arrangement completed. Output saved to ../analysis/Data/Workload_data/postgresql_arrayjson_vacuum_notfull_run1_uniform_heavy_mixed.csv
Backing up the database started
Backing up the database finished
Arrangement completed. Output saved to ../analysis/Data/Workload_data/postgresql_arrayjson_vacuum_notfull_run1_uniform_heavy_mixed.csv
Size computation started
Appending subsequent iteration 25...
Iteration 25: Appended new size values from key_sizes_postgresql_arrayjson_vacuum_notfull_uniform_heavy_mixed_run1.csv to ../analysis/Data/Value_size_data/value_sizes_postgresql_arrayjson_vacuum_notfull_run1_uniform_heavy_after_mixed.csv
Total size: 314648200, Field length average: 3146
Workload file fieldlength set to: 3146 (expected: 3146)
=== Executing the load phase for the comparison study ===
Comparison-load verification - Epoch:3 Run:5 TotalSize:314600000 ExpectedFieldLength:3146
Avg-run verification - Epoch:3 Run:5 Iteration:25 TotalSize:314600000 ExpectedFieldLength:3146
=== Executing the run phase with extendproportion=0 and read/update proportions=0.5 ===
Arrangement completed. Output saved to ../analysis/Data/Workload_data/postgresql_arrayjson_vacuum_notfull_run1_uniform_heavy_mixed.csv
=== Setting parameter values for extend phase ===
=== Executing the extend phase with extendproportion=1 and other proportions=0 ===
Arrangement completed. Output saved to ../analysis/Data/Workload_data/postgresql_arrayjson_vacuum_notfull_run1_uniform_heavy_mixed.csv
Size computation started
Extend verification - Min:29100 Max:34700 Avg:32339 (Expected avg per record: ~1000 bytes initially)
Generating histogram from key size log: key_sizes_postgresql_arrayjson_vacuum_notfull_uniform_heavy_mixed_run1.csv
Histogram written to histogram.txt (BlockSize = 100)
Appending subsequent iteration 26...
Iteration 26: Appended new size values from key_sizes_postgresql_arrayjson_vacuum_notfull_uniform_heavy_mixed_run1.csv to ../analysis/Data/Value_size_data/value_sizes_postgresql_arrayjson_vacuum_notfull_run1_uniform_heavy_before_mixed.csv
VACUUM start: 1774453045
VACUUM end: 1774453049
=== Setting parameter values for run phase ===
Checking query plan before run phase
=== Executing the run phase with extendproportion=0 and read/update proportions=0.5 ===
Arrangement completed. Output saved to ../analysis/Data/Workload_data/postgresql_arrayjson_vacuum_notfull_run1_uniform_heavy_mixed.csv
Arrangement completed. Output saved to ../analysis/Data/Workload_data/postgresql_arrayjson_vacuum_notfull_run1_uniform_heavy_mixed.csv
Backing up the database started
Backing up the database finished
Arrangement completed. Output saved to ../analysis/Data/Workload_data/postgresql_arrayjson_vacuum_notfull_run1_uniform_heavy_mixed.csv
Size computation started
Appending subsequent iteration 26...
Iteration 26: Appended new size values from key_sizes_postgresql_arrayjson_vacuum_notfull_uniform_heavy_mixed_run1.csv to ../analysis/Data/Value_size_data/value_sizes_postgresql_arrayjson_vacuum_notfull_run1_uniform_heavy_after_mixed.csv
Total size: 326853300, Field length average: 3268
Workload file fieldlength set to: 3268 (expected: 3268)
=== Executing the load phase for the comparison study ===
Comparison-load verification - Epoch:3 Run:6 TotalSize:326800000 ExpectedFieldLength:3268
Avg-run verification - Epoch:3 Run:6 Iteration:26 TotalSize:326800000 ExpectedFieldLength:3268
=== Executing the run phase with extendproportion=0 and read/update proportions=0.5 ===
Arrangement completed. Output saved to ../analysis/Data/Workload_data/postgresql_arrayjson_vacuum_notfull_run1_uniform_heavy_mixed.csv
=== Setting parameter values for extend phase ===
=== Executing the extend phase with extendproportion=1 and other proportions=0 ===
Arrangement completed. Output saved to ../analysis/Data/Workload_data/postgresql_arrayjson_vacuum_notfull_run1_uniform_heavy_mixed.csv
Size computation started
Extend verification - Min:29600 Max:35600 Avg:33555 (Expected avg per record: ~1000 bytes initially)
Generating histogram from key size log: key_sizes_postgresql_arrayjson_vacuum_notfull_uniform_heavy_mixed_run1.csv
Histogram written to histogram.txt (BlockSize = 100)
Appending subsequent iteration 27...
Iteration 27: Appended new size values from key_sizes_postgresql_arrayjson_vacuum_notfull_uniform_heavy_mixed_run1.csv to ../analysis/Data/Value_size_data/value_sizes_postgresql_arrayjson_vacuum_notfull_run1_uniform_heavy_before_mixed.csv
VACUUM start: 1774453548
VACUUM end: 1774453552
=== Setting parameter values for run phase ===
Checking query plan before run phase
=== Executing the run phase with extendproportion=0 and read/update proportions=0.5 ===
Arrangement completed. Output saved to ../analysis/Data/Workload_data/postgresql_arrayjson_vacuum_notfull_run1_uniform_heavy_mixed.csv
Arrangement completed. Output saved to ../analysis/Data/Workload_data/postgresql_arrayjson_vacuum_notfull_run1_uniform_heavy_mixed.csv
Backing up the database started
Backing up the database finished
Arrangement completed. Output saved to ../analysis/Data/Workload_data/postgresql_arrayjson_vacuum_notfull_run1_uniform_heavy_mixed.csv
Size computation started
Appending subsequent iteration 27...
Iteration 27: Appended new size values from key_sizes_postgresql_arrayjson_vacuum_notfull_uniform_heavy_mixed_run1.csv to ../analysis/Data/Value_size_data/value_sizes_postgresql_arrayjson_vacuum_notfull_run1_uniform_heavy_after_mixed.csv
Total size: 338944900, Field length average: 3389
Workload file fieldlength set to: 3389 (expected: 3389)
=== Executing the load phase for the comparison study ===
Comparison-load verification - Epoch:3 Run:7 TotalSize:338900000 ExpectedFieldLength:3389
Avg-run verification - Epoch:3 Run:7 Iteration:27 TotalSize:338900000 ExpectedFieldLength:3389
=== Executing the run phase with extendproportion=0 and read/update proportions=0.5 ===
Arrangement completed. Output saved to ../analysis/Data/Workload_data/postgresql_arrayjson_vacuum_notfull_run1_uniform_heavy_mixed.csv
=== Setting parameter values for extend phase ===
=== Executing the extend phase with extendproportion=1 and other proportions=0 ===
Arrangement completed. Output saved to ../analysis/Data/Workload_data/postgresql_arrayjson_vacuum_notfull_run1_uniform_heavy_mixed.csv
Size computation started
Extend verification - Min:30900 Max:36900 Avg:34768 (Expected avg per record: ~1000 bytes initially)
Generating histogram from key size log: key_sizes_postgresql_arrayjson_vacuum_notfull_uniform_heavy_mixed_run1.csv
Histogram written to histogram.txt (BlockSize = 100)
Appending subsequent iteration 28...
Iteration 28: Appended new size values from key_sizes_postgresql_arrayjson_vacuum_notfull_uniform_heavy_mixed_run1.csv to ../analysis/Data/Value_size_data/value_sizes_postgresql_arrayjson_vacuum_notfull_run1_uniform_heavy_before_mixed.csv
VACUUM start: 1774454068
VACUUM end: 1774454072
=== Setting parameter values for run phase ===
Checking query plan before run phase
=== Executing the run phase with extendproportion=0 and read/update proportions=0.5 ===
Arrangement completed. Output saved to ../analysis/Data/Workload_data/postgresql_arrayjson_vacuum_notfull_run1_uniform_heavy_mixed.csv
Arrangement completed. Output saved to ../analysis/Data/Workload_data/postgresql_arrayjson_vacuum_notfull_run1_uniform_heavy_mixed.csv
Backing up the database started
Backing up the database finished
Arrangement completed. Output saved to ../analysis/Data/Workload_data/postgresql_arrayjson_vacuum_notfull_run1_uniform_heavy_mixed.csv
Size computation started
Appending subsequent iteration 28...
Iteration 28: Appended new size values from key_sizes_postgresql_arrayjson_vacuum_notfull_uniform_heavy_mixed_run1.csv to ../analysis/Data/Value_size_data/value_sizes_postgresql_arrayjson_vacuum_notfull_run1_uniform_heavy_after_mixed.csv
Total size: 351033100, Field length average: 3510
Workload file fieldlength set to: 3510 (expected: 3510)
=== Executing the load phase for the comparison study ===
Comparison-load verification - Epoch:3 Run:8 TotalSize:351000000 ExpectedFieldLength:3510
Avg-run verification - Epoch:3 Run:8 Iteration:28 TotalSize:351000000 ExpectedFieldLength:3510
=== Executing the run phase with extendproportion=0 and read/update proportions=0.5 ===
Arrangement completed. Output saved to ../analysis/Data/Workload_data/postgresql_arrayjson_vacuum_notfull_run1_uniform_heavy_mixed.csv
=== Setting parameter values for extend phase ===
=== Executing the extend phase with extendproportion=1 and other proportions=0 ===
Arrangement completed. Output saved to ../analysis/Data/Workload_data/postgresql_arrayjson_vacuum_notfull_run1_uniform_heavy_mixed.csv
Size computation started
Extend verification - Min:32300 Max:38400 Avg:35976 (Expected avg per record: ~1000 bytes initially)
Generating histogram from key size log: key_sizes_postgresql_arrayjson_vacuum_notfull_uniform_heavy_mixed_run1.csv
Histogram written to histogram.txt (BlockSize = 100)
Appending subsequent iteration 29...
Iteration 29: Appended new size values from key_sizes_postgresql_arrayjson_vacuum_notfull_uniform_heavy_mixed_run1.csv to ../analysis/Data/Value_size_data/value_sizes_postgresql_arrayjson_vacuum_notfull_run1_uniform_heavy_before_mixed.csv
VACUUM start: 1774454578
VACUUM end: 1774454585
=== Setting parameter values for run phase ===
Checking query plan before run phase
=== Executing the run phase with extendproportion=0 and read/update proportions=0.5 ===
Arrangement completed. Output saved to ../analysis/Data/Workload_data/postgresql_arrayjson_vacuum_notfull_run1_uniform_heavy_mixed.csv
Arrangement completed. Output saved to ../analysis/Data/Workload_data/postgresql_arrayjson_vacuum_notfull_run1_uniform_heavy_mixed.csv
Backing up the database started
Backing up the database finished
Arrangement completed. Output saved to ../analysis/Data/Workload_data/postgresql_arrayjson_vacuum_notfull_run1_uniform_heavy_mixed.csv
Size computation started
Appending subsequent iteration 29...
Iteration 29: Appended new size values from key_sizes_postgresql_arrayjson_vacuum_notfull_uniform_heavy_mixed_run1.csv to ../analysis/Data/Value_size_data/value_sizes_postgresql_arrayjson_vacuum_notfull_run1_uniform_heavy_after_mixed.csv
Total size: 363241100, Field length average: 3632
Workload file fieldlength set to: 3632 (expected: 3632)
=== Executing the load phase for the comparison study ===
Comparison-load verification - Epoch:3 Run:9 TotalSize:363200000 ExpectedFieldLength:3632
Avg-run verification - Epoch:3 Run:9 Iteration:29 TotalSize:363200000 ExpectedFieldLength:3632
=== Executing the run phase with extendproportion=0 and read/update proportions=0.5 ===
Arrangement completed. Output saved to ../analysis/Data/Workload_data/postgresql_arrayjson_vacuum_notfull_run1_uniform_heavy_mixed.csv
=== Setting parameter values for extend phase ===
=== Executing the extend phase with extendproportion=1 and other proportions=0 ===
Arrangement completed. Output saved to ../analysis/Data/Workload_data/postgresql_arrayjson_vacuum_notfull_run1_uniform_heavy_mixed.csv
Size computation started
Extend verification - Min:32900 Max:39700 Avg:37194 (Expected avg per record: ~1000 bytes initially)
Generating histogram from key size log: key_sizes_postgresql_arrayjson_vacuum_notfull_uniform_heavy_mixed_run1.csv
Histogram written to histogram.txt (BlockSize = 100)
Appending subsequent iteration 30...
Iteration 30: Appended new size values from key_sizes_postgresql_arrayjson_vacuum_notfull_uniform_heavy_mixed_run1.csv to ../analysis/Data/Value_size_data/value_sizes_postgresql_arrayjson_vacuum_notfull_run1_uniform_heavy_before_mixed.csv
VACUUM start: 1774455095
VACUUM end: 1774455100
=== Setting parameter values for run phase ===
Checking query plan before run phase
=== Executing the run phase with extendproportion=0 and read/update proportions=0.5 ===
Arrangement completed. Output saved to ../analysis/Data/Workload_data/postgresql_arrayjson_vacuum_notfull_run1_uniform_heavy_mixed.csv
Arrangement completed. Output saved to ../analysis/Data/Workload_data/postgresql_arrayjson_vacuum_notfull_run1_uniform_heavy_mixed.csv
Backing up the database started
Backing up the database finished
Arrangement completed. Output saved to ../analysis/Data/Workload_data/postgresql_arrayjson_vacuum_notfull_run1_uniform_heavy_mixed.csv
Size computation started
Appending subsequent iteration 30...
Iteration 30: Appended new size values from key_sizes_postgresql_arrayjson_vacuum_notfull_uniform_heavy_mixed_run1.csv to ../analysis/Data/Value_size_data/value_sizes_postgresql_arrayjson_vacuum_notfull_run1_uniform_heavy_after_mixed.csv
Total size: 375337500, Field length average: 3753
Workload file fieldlength set to: 3753 (expected: 3753)
=== Executing the load phase for the comparison study ===
Comparison-load verification - Epoch:3 Run:10 TotalSize:375300000 ExpectedFieldLength:3753
Avg-run verification - Epoch:3 Run:10 Iteration:30 TotalSize:375300000 ExpectedFieldLength:3753
=== Executing the run phase with extendproportion=0 and read/update proportions=0.5 ===
Arrangement completed. Output saved to ../analysis/Data/Workload_data/postgresql_arrayjson_vacuum_notfull_run1_uniform_heavy_mixed.csv
=== Setting parameter values for extend phase ===
=== Executing the extend phase with extendproportion=1 and other proportions=0 ===
Arrangement completed. Output saved to ../analysis/Data/Workload_data/postgresql_arrayjson_vacuum_notfull_run1_uniform_heavy_mixed.csv
Size computation started
Extend verification - Min:33600 Max:40700 Avg:38410 (Expected avg per record: ~1000 bytes initially)
Generating histogram from key size log: key_sizes_postgresql_arrayjson_vacuum_notfull_uniform_heavy_mixed_run1.csv
Histogram written to histogram.txt (BlockSize = 100)
Appending subsequent iteration 31...
Iteration 31: Appended new size values from key_sizes_postgresql_arrayjson_vacuum_notfull_uniform_heavy_mixed_run1.csv to ../analysis/Data/Value_size_data/value_sizes_postgresql_arrayjson_vacuum_notfull_run1_uniform_heavy_before_mixed.csv
VACUUM start: 1774455619
VACUUM end: 1774455624
=== Setting parameter values for run phase ===
Checking query plan before run phase
=== Executing the run phase with extendproportion=0 and read/update proportions=0.5 ===
Arrangement completed. Output saved to ../analysis/Data/Workload_data/postgresql_arrayjson_vacuum_notfull_run1_uniform_heavy_mixed.csv
Arrangement completed. Output saved to ../analysis/Data/Workload_data/postgresql_arrayjson_vacuum_notfull_run1_uniform_heavy_mixed.csv
Backing up the database started
Backing up the database finished
Arrangement completed. Output saved to ../analysis/Data/Workload_data/postgresql_arrayjson_vacuum_notfull_run1_uniform_heavy_mixed.csv
Size computation started
Appending subsequent iteration 31...
Iteration 31: Appended new size values from key_sizes_postgresql_arrayjson_vacuum_notfull_uniform_heavy_mixed_run1.csv to ../analysis/Data/Value_size_data/value_sizes_postgresql_arrayjson_vacuum_notfull_run1_uniform_heavy_after_mixed.csv
Total size: 387506600, Field length average: 3875
Workload file fieldlength set to: 3875 (expected: 3875)
=== Executing the load phase for the comparison study ===
Comparison-load verification - Epoch:4 Run:1 TotalSize:387500000 ExpectedFieldLength:3875
Avg-run verification - Epoch:4 Run:1 Iteration:31 TotalSize:387500000 ExpectedFieldLength:3875
=== Executing the run phase with extendproportion=0 and read/update proportions=0.5 ===
Arrangement completed. Output saved to ../analysis/Data/Workload_data/postgresql_arrayjson_vacuum_notfull_run1_uniform_heavy_mixed.csv
=== Setting parameter values for extend phase ===
=== Executing the extend phase with extendproportion=1 and other proportions=0 ===
Arrangement completed. Output saved to ../analysis/Data/Workload_data/postgresql_arrayjson_vacuum_notfull_run1_uniform_heavy_mixed.csv
Size computation started
Extend verification - Min:34400 Max:42100 Avg:39621 (Expected avg per record: ~1000 bytes initially)
Generating histogram from key size log: key_sizes_postgresql_arrayjson_vacuum_notfull_uniform_heavy_mixed_run1.csv
Histogram written to histogram.txt (BlockSize = 100)
Appending subsequent iteration 32...
Iteration 32: Appended new size values from key_sizes_postgresql_arrayjson_vacuum_notfull_uniform_heavy_mixed_run1.csv to ../analysis/Data/Value_size_data/value_sizes_postgresql_arrayjson_vacuum_notfull_run1_uniform_heavy_before_mixed.csv
VACUUM start: 1774456152
VACUUM end: 1774456156
=== Setting parameter values for run phase ===
Checking query plan before run phase
=== Executing the run phase with extendproportion=0 and read/update proportions=0.5 ===
Arrangement completed. Output saved to ../analysis/Data/Workload_data/postgresql_arrayjson_vacuum_notfull_run1_uniform_heavy_mixed.csv
Arrangement completed. Output saved to ../analysis/Data/Workload_data/postgresql_arrayjson_vacuum_notfull_run1_uniform_heavy_mixed.csv
Backing up the database started
Backing up the database finished
Arrangement completed. Output saved to ../analysis/Data/Workload_data/postgresql_arrayjson_vacuum_notfull_run1_uniform_heavy_mixed.csv
Size computation started
Appending subsequent iteration 32...
Iteration 32: Appended new size values from key_sizes_postgresql_arrayjson_vacuum_notfull_uniform_heavy_mixed_run1.csv to ../analysis/Data/Value_size_data/value_sizes_postgresql_arrayjson_vacuum_notfull_run1_uniform_heavy_after_mixed.csv
Total size: 399691800, Field length average: 3996
Workload file fieldlength set to: 3996 (expected: 3996)
=== Executing the load phase for the comparison study ===
Comparison-load verification - Epoch:4 Run:2 TotalSize:399600000 ExpectedFieldLength:3996
Avg-run verification - Epoch:4 Run:2 Iteration:32 TotalSize:399600000 ExpectedFieldLength:3996
=== Executing the run phase with extendproportion=0 and read/update proportions=0.5 ===
Arrangement completed. Output saved to ../analysis/Data/Workload_data/postgresql_arrayjson_vacuum_notfull_run1_uniform_heavy_mixed.csv
=== Setting parameter values for extend phase ===
=== Executing the extend phase with extendproportion=1 and other proportions=0 ===
Arrangement completed. Output saved to ../analysis/Data/Workload_data/postgresql_arrayjson_vacuum_notfull_run1_uniform_heavy_mixed.csv
Size computation started
Extend verification - Min:36500 Max:43300 Avg:40833 (Expected avg per record: ~1000 bytes initially)
Generating histogram from key size log: key_sizes_postgresql_arrayjson_vacuum_notfull_uniform_heavy_mixed_run1.csv
Histogram written to histogram.txt (BlockSize = 100)
Appending subsequent iteration 33...
Iteration 33: Appended new size values from key_sizes_postgresql_arrayjson_vacuum_notfull_uniform_heavy_mixed_run1.csv to ../analysis/Data/Value_size_data/value_sizes_postgresql_arrayjson_vacuum_notfull_run1_uniform_heavy_before_mixed.csv
VACUUM start: 1774456698
VACUUM end: 1774456704
=== Setting parameter values for run phase ===
Checking query plan before run phase
=== Executing the run phase with extendproportion=0 and read/update proportions=0.5 ===
Arrangement completed. Output saved to ../analysis/Data/Workload_data/postgresql_arrayjson_vacuum_notfull_run1_uniform_heavy_mixed.csv
Arrangement completed. Output saved to ../analysis/Data/Workload_data/postgresql_arrayjson_vacuum_notfull_run1_uniform_heavy_mixed.csv
Backing up the database started
Backing up the database finished
Arrangement completed. Output saved to ../analysis/Data/Workload_data/postgresql_arrayjson_vacuum_notfull_run1_uniform_heavy_mixed.csv
Size computation started
Appending subsequent iteration 33...
Iteration 33: Appended new size values from key_sizes_postgresql_arrayjson_vacuum_notfull_uniform_heavy_mixed_run1.csv to ../analysis/Data/Value_size_data/value_sizes_postgresql_arrayjson_vacuum_notfull_run1_uniform_heavy_after_mixed.csv
Total size: 411772300, Field length average: 4117
Workload file fieldlength set to: 4117 (expected: 4117)
=== Executing the load phase for the comparison study ===
Comparison-load verification - Epoch:4 Run:3 TotalSize:411700000 ExpectedFieldLength:4117
Avg-run verification - Epoch:4 Run:3 Iteration:33 TotalSize:411700000 ExpectedFieldLength:4117
=== Executing the run phase with extendproportion=0 and read/update proportions=0.5 ===
Arrangement completed. Output saved to ../analysis/Data/Workload_data/postgresql_arrayjson_vacuum_notfull_run1_uniform_heavy_mixed.csv
=== Setting parameter values for extend phase ===
=== Executing the extend phase with extendproportion=1 and other proportions=0 ===
Arrangement completed. Output saved to ../analysis/Data/Workload_data/postgresql_arrayjson_vacuum_notfull_run1_uniform_heavy_mixed.csv
Size computation started
Extend verification - Min:37900 Max:44300 Avg:42052 (Expected avg per record: ~1000 bytes initially)
Generating histogram from key size log: key_sizes_postgresql_arrayjson_vacuum_notfull_uniform_heavy_mixed_run1.csv
Histogram written to histogram.txt (BlockSize = 100)
Appending subsequent iteration 34...
Iteration 34: Appended new size values from key_sizes_postgresql_arrayjson_vacuum_notfull_uniform_heavy_mixed_run1.csv to ../analysis/Data/Value_size_data/value_sizes_postgresql_arrayjson_vacuum_notfull_run1_uniform_heavy_before_mixed.csv
VACUUM start: 1774457265
VACUUM end: 1774457269
=== Setting parameter values for run phase ===
Checking query plan before run phase
=== Executing the run phase with extendproportion=0 and read/update proportions=0.5 ===
Arrangement completed. Output saved to ../analysis/Data/Workload_data/postgresql_arrayjson_vacuum_notfull_run1_uniform_heavy_mixed.csv
Arrangement completed. Output saved to ../analysis/Data/Workload_data/postgresql_arrayjson_vacuum_notfull_run1_uniform_heavy_mixed.csv
Backing up the database started
Backing up the database finished
Arrangement completed. Output saved to ../analysis/Data/Workload_data/postgresql_arrayjson_vacuum_notfull_run1_uniform_heavy_mixed.csv
Size computation started
Appending subsequent iteration 34...
Iteration 34: Appended new size values from key_sizes_postgresql_arrayjson_vacuum_notfull_uniform_heavy_mixed_run1.csv to ../analysis/Data/Value_size_data/value_sizes_postgresql_arrayjson_vacuum_notfull_run1_uniform_heavy_after_mixed.csv
Total size: 424015800, Field length average: 4240
Workload file fieldlength set to: 4240 (expected: 4240)
=== Executing the load phase for the comparison study ===
Comparison-load verification - Epoch:4 Run:4 TotalSize:424000000 ExpectedFieldLength:4240
Avg-run verification - Epoch:4 Run:4 Iteration:34 TotalSize:424000000 ExpectedFieldLength:4240
=== Executing the run phase with extendproportion=0 and read/update proportions=0.5 ===
Arrangement completed. Output saved to ../analysis/Data/Workload_data/postgresql_arrayjson_vacuum_notfull_run1_uniform_heavy_mixed.csv
=== Setting parameter values for extend phase ===
=== Executing the extend phase with extendproportion=1 and other proportions=0 ===
Arrangement completed. Output saved to ../analysis/Data/Workload_data/postgresql_arrayjson_vacuum_notfull_run1_uniform_heavy_mixed.csv
Size computation started
Extend verification - Min:39100 Max:45600 Avg:43270 (Expected avg per record: ~1000 bytes initially)
Generating histogram from key size log: key_sizes_postgresql_arrayjson_vacuum_notfull_uniform_heavy_mixed_run1.csv
Histogram written to histogram.txt (BlockSize = 100)
Appending subsequent iteration 35...
Iteration 35: Appended new size values from key_sizes_postgresql_arrayjson_vacuum_notfull_uniform_heavy_mixed_run1.csv to ../analysis/Data/Value_size_data/value_sizes_postgresql_arrayjson_vacuum_notfull_run1_uniform_heavy_before_mixed.csv
VACUUM start: 1774457823
VACUUM end: 1774457829
=== Setting parameter values for run phase ===
Checking query plan before run phase
=== Executing the run phase with extendproportion=0 and read/update proportions=0.5 ===
Arrangement completed. Output saved to ../analysis/Data/Workload_data/postgresql_arrayjson_vacuum_notfull_run1_uniform_heavy_mixed.csv
Arrangement completed. Output saved to ../analysis/Data/Workload_data/postgresql_arrayjson_vacuum_notfull_run1_uniform_heavy_mixed.csv
Backing up the database started
Backing up the database finished
Arrangement completed. Output saved to ../analysis/Data/Workload_data/postgresql_arrayjson_vacuum_notfull_run1_uniform_heavy_mixed.csv
Size computation started
Appending subsequent iteration 35...
Iteration 35: Appended new size values from key_sizes_postgresql_arrayjson_vacuum_notfull_uniform_heavy_mixed_run1.csv to ../analysis/Data/Value_size_data/value_sizes_postgresql_arrayjson_vacuum_notfull_run1_uniform_heavy_after_mixed.csv
Total size: 436132800, Field length average: 4361
Workload file fieldlength set to: 4361 (expected: 4361)
=== Executing the load phase for the comparison study ===
Comparison-load verification - Epoch:4 Run:5 TotalSize:436100000 ExpectedFieldLength:4361
Avg-run verification - Epoch:4 Run:5 Iteration:35 TotalSize:436100000 ExpectedFieldLength:4361
=== Executing the run phase with extendproportion=0 and read/update proportions=0.5 ===
Arrangement completed. Output saved to ../analysis/Data/Workload_data/postgresql_arrayjson_vacuum_notfull_run1_uniform_heavy_mixed.csv
=== Setting parameter values for extend phase ===
=== Executing the extend phase with extendproportion=1 and other proportions=0 ===
Arrangement completed. Output saved to ../analysis/Data/Workload_data/postgresql_arrayjson_vacuum_notfull_run1_uniform_heavy_mixed.csv
Size computation started
Extend verification - Min:40200 Max:46800 Avg:44482 (Expected avg per record: ~1000 bytes initially)
Generating histogram from key size log: key_sizes_postgresql_arrayjson_vacuum_notfull_uniform_heavy_mixed_run1.csv
Histogram written to histogram.txt (BlockSize = 100)
Appending subsequent iteration 36...
Iteration 36: Appended new size values from key_sizes_postgresql_arrayjson_vacuum_notfull_uniform_heavy_mixed_run1.csv to ../analysis/Data/Value_size_data/value_sizes_postgresql_arrayjson_vacuum_notfull_run1_uniform_heavy_before_mixed.csv
VACUUM start: 1774458377
VACUUM end: 1774458391
=== Setting parameter values for run phase ===
Checking query plan before run phase
=== Executing the run phase with extendproportion=0 and read/update proportions=0.5 ===
Arrangement completed. Output saved to ../analysis/Data/Workload_data/postgresql_arrayjson_vacuum_notfull_run1_uniform_heavy_mixed.csv
Arrangement completed. Output saved to ../analysis/Data/Workload_data/postgresql_arrayjson_vacuum_notfull_run1_uniform_heavy_mixed.csv
Backing up the database started
Backing up the database finished
Arrangement completed. Output saved to ../analysis/Data/Workload_data/postgresql_arrayjson_vacuum_notfull_run1_uniform_heavy_mixed.csv
Size computation started
Appending subsequent iteration 36...
Iteration 36: Appended new size values from key_sizes_postgresql_arrayjson_vacuum_notfull_uniform_heavy_mixed_run1.csv to ../analysis/Data/Value_size_data/value_sizes_postgresql_arrayjson_vacuum_notfull_run1_uniform_heavy_after_mixed.csv
Total size: 448243100, Field length average: 4482
Workload file fieldlength set to: 4482 (expected: 4482)
=== Executing the load phase for the comparison study ===
Comparison-load verification - Epoch:4 Run:6 TotalSize:448200000 ExpectedFieldLength:4482
Avg-run verification - Epoch:4 Run:6 Iteration:36 TotalSize:448200000 ExpectedFieldLength:4482
=== Executing the run phase with extendproportion=0 and read/update proportions=0.5 ===
Arrangement completed. Output saved to ../analysis/Data/Workload_data/postgresql_arrayjson_vacuum_notfull_run1_uniform_heavy_mixed.csv
=== Setting parameter values for extend phase ===
=== Executing the extend phase with extendproportion=1 and other proportions=0 ===
Arrangement completed. Output saved to ../analysis/Data/Workload_data/postgresql_arrayjson_vacuum_notfull_run1_uniform_heavy_mixed.csv
Size computation started
Extend verification - Min:41300 Max:48000 Avg:45693 (Expected avg per record: ~1000 bytes initially)
Generating histogram from key size log: key_sizes_postgresql_arrayjson_vacuum_notfull_uniform_heavy_mixed_run1.csv
Histogram written to histogram.txt (BlockSize = 100)
Appending subsequent iteration 37...
Iteration 37: Appended new size values from key_sizes_postgresql_arrayjson_vacuum_notfull_uniform_heavy_mixed_run1.csv to ../analysis/Data/Value_size_data/value_sizes_postgresql_arrayjson_vacuum_notfull_run1_uniform_heavy_before_mixed.csv
VACUUM start: 1774458950
VACUUM end: 1774458963
=== Setting parameter values for run phase ===
Checking query plan before run phase
=== Executing the run phase with extendproportion=0 and read/update proportions=0.5 ===
Arrangement completed. Output saved to ../analysis/Data/Workload_data/postgresql_arrayjson_vacuum_notfull_run1_uniform_heavy_mixed.csv
Arrangement completed. Output saved to ../analysis/Data/Workload_data/postgresql_arrayjson_vacuum_notfull_run1_uniform_heavy_mixed.csv
Backing up the database started
Backing up the database finished
Arrangement completed. Output saved to ../analysis/Data/Workload_data/postgresql_arrayjson_vacuum_notfull_run1_uniform_heavy_mixed.csv
Size computation started
Appending subsequent iteration 37...
Iteration 37: Appended new size values from key_sizes_postgresql_arrayjson_vacuum_notfull_uniform_heavy_mixed_run1.csv to ../analysis/Data/Value_size_data/value_sizes_postgresql_arrayjson_vacuum_notfull_run1_uniform_heavy_after_mixed.csv
Total size: 460367600, Field length average: 4603
Workload file fieldlength set to: 4603 (expected: 4603)
=== Executing the load phase for the comparison study ===
Comparison-load verification - Epoch:4 Run:7 TotalSize:460300000 ExpectedFieldLength:4603
Avg-run verification - Epoch:4 Run:7 Iteration:37 TotalSize:460300000 ExpectedFieldLength:4603
=== Executing the run phase with extendproportion=0 and read/update proportions=0.5 ===
Arrangement completed. Output saved to ../analysis/Data/Workload_data/postgresql_arrayjson_vacuum_notfull_run1_uniform_heavy_mixed.csv
=== Setting parameter values for extend phase ===
=== Executing the extend phase with extendproportion=1 and other proportions=0 ===
Arrangement completed. Output saved to ../analysis/Data/Workload_data/postgresql_arrayjson_vacuum_notfull_run1_uniform_heavy_mixed.csv
Size computation started
Extend verification - Min:41700 Max:49200 Avg:46907 (Expected avg per record: ~1000 bytes initially)
Generating histogram from key size log: key_sizes_postgresql_arrayjson_vacuum_notfull_uniform_heavy_mixed_run1.csv
Histogram written to histogram.txt (BlockSize = 100)
Appending subsequent iteration 38...
Iteration 38: Appended new size values from key_sizes_postgresql_arrayjson_vacuum_notfull_uniform_heavy_mixed_run1.csv to ../analysis/Data/Value_size_data/value_sizes_postgresql_arrayjson_vacuum_notfull_run1_uniform_heavy_before_mixed.csv
VACUUM start: 1774459516
VACUUM end: 1774459523
=== Setting parameter values for run phase ===
Checking query plan before run phase
=== Executing the run phase with extendproportion=0 and read/update proportions=0.5 ===
Arrangement completed. Output saved to ../analysis/Data/Workload_data/postgresql_arrayjson_vacuum_notfull_run1_uniform_heavy_mixed.csv
Arrangement completed. Output saved to ../analysis/Data/Workload_data/postgresql_arrayjson_vacuum_notfull_run1_uniform_heavy_mixed.csv
Backing up the database started
Backing up the database finished
Arrangement completed. Output saved to ../analysis/Data/Workload_data/postgresql_arrayjson_vacuum_notfull_run1_uniform_heavy_mixed.csv
Size computation started
Appending subsequent iteration 38...
Iteration 38: Appended new size values from key_sizes_postgresql_arrayjson_vacuum_notfull_uniform_heavy_mixed_run1.csv to ../analysis/Data/Value_size_data/value_sizes_postgresql_arrayjson_vacuum_notfull_run1_uniform_heavy_after_mixed.csv
Total size: 472537500, Field length average: 4725
Workload file fieldlength set to: 4725 (expected: 4725)
=== Executing the load phase for the comparison study ===
Comparison-load verification - Epoch:4 Run:8 TotalSize:472500000 ExpectedFieldLength:4725
Avg-run verification - Epoch:4 Run:8 Iteration:38 TotalSize:472500000 ExpectedFieldLength:4725
=== Executing the run phase with extendproportion=0 and read/update proportions=0.5 ===
Arrangement completed. Output saved to ../analysis/Data/Workload_data/postgresql_arrayjson_vacuum_notfull_run1_uniform_heavy_mixed.csv
=== Setting parameter values for extend phase ===
=== Executing the extend phase with extendproportion=1 and other proportions=0 ===
Arrangement completed. Output saved to ../analysis/Data/Workload_data/postgresql_arrayjson_vacuum_notfull_run1_uniform_heavy_mixed.csv
Size computation started
Extend verification - Min:42500 Max:50200 Avg:48123 (Expected avg per record: ~1000 bytes initially)
Generating histogram from key size log: key_sizes_postgresql_arrayjson_vacuum_notfull_uniform_heavy_mixed_run1.csv
Histogram written to histogram.txt (BlockSize = 100)
Appending subsequent iteration 39...
Iteration 39: Appended new size values from key_sizes_postgresql_arrayjson_vacuum_notfull_uniform_heavy_mixed_run1.csv to ../analysis/Data/Value_size_data/value_sizes_postgresql_arrayjson_vacuum_notfull_run1_uniform_heavy_before_mixed.csv
VACUUM start: 1774460084
VACUUM end: 1774460095
=== Setting parameter values for run phase ===
Checking query plan before run phase
=== Executing the run phase with extendproportion=0 and read/update proportions=0.5 ===
Arrangement completed. Output saved to ../analysis/Data/Workload_data/postgresql_arrayjson_vacuum_notfull_run1_uniform_heavy_mixed.csv
Arrangement completed. Output saved to ../analysis/Data/Workload_data/postgresql_arrayjson_vacuum_notfull_run1_uniform_heavy_mixed.csv
Backing up the database started
Backing up the database finished
Arrangement completed. Output saved to ../analysis/Data/Workload_data/postgresql_arrayjson_vacuum_notfull_run1_uniform_heavy_mixed.csv
Size computation started
Appending subsequent iteration 39...
Iteration 39: Appended new size values from key_sizes_postgresql_arrayjson_vacuum_notfull_uniform_heavy_mixed_run1.csv to ../analysis/Data/Value_size_data/value_sizes_postgresql_arrayjson_vacuum_notfull_run1_uniform_heavy_after_mixed.csv
Total size: 484673100, Field length average: 4846
Workload file fieldlength set to: 4846 (expected: 4846)
=== Executing the load phase for the comparison study ===
Comparison-load verification - Epoch:4 Run:9 TotalSize:484600000 ExpectedFieldLength:4846
Avg-run verification - Epoch:4 Run:9 Iteration:39 TotalSize:484600000 ExpectedFieldLength:4846
=== Executing the run phase with extendproportion=0 and read/update proportions=0.5 ===
Arrangement completed. Output saved to ../analysis/Data/Workload_data/postgresql_arrayjson_vacuum_notfull_run1_uniform_heavy_mixed.csv
=== Setting parameter values for extend phase ===
=== Executing the extend phase with extendproportion=1 and other proportions=0 ===
Arrangement completed. Output saved to ../analysis/Data/Workload_data/postgresql_arrayjson_vacuum_notfull_run1_uniform_heavy_mixed.csv
Size computation started
Extend verification - Min:44200 Max:51900 Avg:49335 (Expected avg per record: ~1000 bytes initially)
Generating histogram from key size log: key_sizes_postgresql_arrayjson_vacuum_notfull_uniform_heavy_mixed_run1.csv
Histogram written to histogram.txt (BlockSize = 100)
Appending subsequent iteration 40...
Iteration 40: Appended new size values from key_sizes_postgresql_arrayjson_vacuum_notfull_uniform_heavy_mixed_run1.csv to ../analysis/Data/Value_size_data/value_sizes_postgresql_arrayjson_vacuum_notfull_run1_uniform_heavy_before_mixed.csv
VACUUM start: 1774460670
VACUUM end: 1774460679
=== Setting parameter values for run phase ===
Checking query plan before run phase
=== Executing the run phase with extendproportion=0 and read/update proportions=0.5 ===
Arrangement completed. Output saved to ../analysis/Data/Workload_data/postgresql_arrayjson_vacuum_notfull_run1_uniform_heavy_mixed.csv
Arrangement completed. Output saved to ../analysis/Data/Workload_data/postgresql_arrayjson_vacuum_notfull_run1_uniform_heavy_mixed.csv
Backing up the database started
Backing up the database finished
Arrangement completed. Output saved to ../analysis/Data/Workload_data/postgresql_arrayjson_vacuum_notfull_run1_uniform_heavy_mixed.csv
Size computation started
Appending subsequent iteration 40...
Iteration 40: Appended new size values from key_sizes_postgresql_arrayjson_vacuum_notfull_uniform_heavy_mixed_run1.csv to ../analysis/Data/Value_size_data/value_sizes_postgresql_arrayjson_vacuum_notfull_run1_uniform_heavy_after_mixed.csv
Total size: 496834300, Field length average: 4968
Workload file fieldlength set to: 4968 (expected: 4968)
=== Executing the load phase for the comparison study ===
Comparison-load verification - Epoch:4 Run:10 TotalSize:496800000 ExpectedFieldLength:4968
Avg-run verification - Epoch:4 Run:10 Iteration:40 TotalSize:496800000 ExpectedFieldLength:4968
=== Executing the run phase with extendproportion=0 and read/update proportions=0.5 ===
Arrangement completed. Output saved to ../analysis/Data/Workload_data/postgresql_arrayjson_vacuum_notfull_run1_uniform_heavy_mixed.csv
=== Setting parameter values for extend phase ===
=== Executing the extend phase with extendproportion=1 and other proportions=0 ===
Arrangement completed. Output saved to ../analysis/Data/Workload_data/postgresql_arrayjson_vacuum_notfull_run1_uniform_heavy_mixed.csv
Size computation started
Extend verification - Min:45000 Max:52800 Avg:50548 (Expected avg per record: ~1000 bytes initially)
Generating histogram from key size log: key_sizes_postgresql_arrayjson_vacuum_notfull_uniform_heavy_mixed_run1.csv
Histogram written to histogram.txt (BlockSize = 100)
Appending subsequent iteration 41...
Iteration 41: Appended new size values from key_sizes_postgresql_arrayjson_vacuum_notfull_uniform_heavy_mixed_run1.csv to ../analysis/Data/Value_size_data/value_sizes_postgresql_arrayjson_vacuum_notfull_run1_uniform_heavy_before_mixed.csv
VACUUM start: 1774461268
VACUUM end: 1774461276
=== Setting parameter values for run phase ===
Checking query plan before run phase
=== Executing the run phase with extendproportion=0 and read/update proportions=0.5 ===
Arrangement completed. Output saved to ../analysis/Data/Workload_data/postgresql_arrayjson_vacuum_notfull_run1_uniform_heavy_mixed.csv
Arrangement completed. Output saved to ../analysis/Data/Workload_data/postgresql_arrayjson_vacuum_notfull_run1_uniform_heavy_mixed.csv
Backing up the database started
Backing up the database finished
Arrangement completed. Output saved to ../analysis/Data/Workload_data/postgresql_arrayjson_vacuum_notfull_run1_uniform_heavy_mixed.csv
Size computation started
Appending subsequent iteration 41...
Iteration 41: Appended new size values from key_sizes_postgresql_arrayjson_vacuum_notfull_uniform_heavy_mixed_run1.csv to ../analysis/Data/Value_size_data/value_sizes_postgresql_arrayjson_vacuum_notfull_run1_uniform_heavy_after_mixed.csv
Total size: 508826500, Field length average: 5088
Workload file fieldlength set to: 5088 (expected: 5088)
=== Executing the load phase for the comparison study ===
Comparison-load verification - Epoch:5 Run:1 TotalSize:508800000 ExpectedFieldLength:5088
Avg-run verification - Epoch:5 Run:1 Iteration:41 TotalSize:508800000 ExpectedFieldLength:5088
=== Executing the run phase with extendproportion=0 and read/update proportions=0.5 ===
Arrangement completed. Output saved to ../analysis/Data/Workload_data/postgresql_arrayjson_vacuum_notfull_run1_uniform_heavy_mixed.csv
=== Setting parameter values for extend phase ===
=== Executing the extend phase with extendproportion=1 and other proportions=0 ===
Arrangement completed. Output saved to ../analysis/Data/Workload_data/postgresql_arrayjson_vacuum_notfull_run1_uniform_heavy_mixed.csv
Size computation started
Extend verification - Min:46300 Max:53900 Avg:51755 (Expected avg per record: ~1000 bytes initially)
Generating histogram from key size log: key_sizes_postgresql_arrayjson_vacuum_notfull_uniform_heavy_mixed_run1.csv
Histogram written to histogram.txt (BlockSize = 100)
Appending subsequent iteration 42...
Iteration 42: Appended new size values from key_sizes_postgresql_arrayjson_vacuum_notfull_uniform_heavy_mixed_run1.csv to ../analysis/Data/Value_size_data/value_sizes_postgresql_arrayjson_vacuum_notfull_run1_uniform_heavy_before_mixed.csv
VACUUM start: 1774461869
VACUUM end: 1774461877
=== Setting parameter values for run phase ===
Checking query plan before run phase
=== Executing the run phase with extendproportion=0 and read/update proportions=0.5 ===
Arrangement completed. Output saved to ../analysis/Data/Workload_data/postgresql_arrayjson_vacuum_notfull_run1_uniform_heavy_mixed.csv
Arrangement completed. Output saved to ../analysis/Data/Workload_data/postgresql_arrayjson_vacuum_notfull_run1_uniform_heavy_mixed.csv
Backing up the database started
Backing up the database finished
Arrangement completed. Output saved to ../analysis/Data/Workload_data/postgresql_arrayjson_vacuum_notfull_run1_uniform_heavy_mixed.csv
Size computation started
Appending subsequent iteration 42...
Iteration 42: Appended new size values from key_sizes_postgresql_arrayjson_vacuum_notfull_uniform_heavy_mixed_run1.csv to ../analysis/Data/Value_size_data/value_sizes_postgresql_arrayjson_vacuum_notfull_run1_uniform_heavy_after_mixed.csv
Total size: 520862400, Field length average: 5208
Workload file fieldlength set to: 5208 (expected: 5208)
=== Executing the load phase for the comparison study ===
Comparison-load verification - Epoch:5 Run:2 TotalSize:520800000 ExpectedFieldLength:5208
Avg-run verification - Epoch:5 Run:2 Iteration:42 TotalSize:520800000 ExpectedFieldLength:5208
=== Executing the run phase with extendproportion=0 and read/update proportions=0.5 ===
Arrangement completed. Output saved to ../analysis/Data/Workload_data/postgresql_arrayjson_vacuum_notfull_run1_uniform_heavy_mixed.csv
=== Setting parameter values for extend phase ===
=== Executing the extend phase with extendproportion=1 and other proportions=0 ===
Arrangement completed. Output saved to ../analysis/Data/Workload_data/postgresql_arrayjson_vacuum_notfull_run1_uniform_heavy_mixed.csv
Size computation started
Extend verification - Min:47300 Max:55100 Avg:52961 (Expected avg per record: ~1000 bytes initially)
Generating histogram from key size log: key_sizes_postgresql_arrayjson_vacuum_notfull_uniform_heavy_mixed_run1.csv
Histogram written to histogram.txt (BlockSize = 100)
Appending subsequent iteration 43...
Iteration 43: Appended new size values from key_sizes_postgresql_arrayjson_vacuum_notfull_uniform_heavy_mixed_run1.csv to ../analysis/Data/Value_size_data/value_sizes_postgresql_arrayjson_vacuum_notfull_run1_uniform_heavy_before_mixed.csv
VACUUM start: 1774462475
VACUUM end: 1774462483
=== Setting parameter values for run phase ===
Checking query plan before run phase
=== Executing the run phase with extendproportion=0 and read/update proportions=0.5 ===
Arrangement completed. Output saved to ../analysis/Data/Workload_data/postgresql_arrayjson_vacuum_notfull_run1_uniform_heavy_mixed.csv
Arrangement completed. Output saved to ../analysis/Data/Workload_data/postgresql_arrayjson_vacuum_notfull_run1_uniform_heavy_mixed.csv
Backing up the database started
Backing up the database finished
Arrangement completed. Output saved to ../analysis/Data/Workload_data/postgresql_arrayjson_vacuum_notfull_run1_uniform_heavy_mixed.csv
Size computation started
Appending subsequent iteration 43...
Iteration 43: Appended new size values from key_sizes_postgresql_arrayjson_vacuum_notfull_uniform_heavy_mixed_run1.csv to ../analysis/Data/Value_size_data/value_sizes_postgresql_arrayjson_vacuum_notfull_run1_uniform_heavy_after_mixed.csv
Total size: 533053000, Field length average: 5330
Workload file fieldlength set to: 5330 (expected: 5330)
=== Executing the load phase for the comparison study ===
Comparison-load verification - Epoch:5 Run:3 TotalSize:533000000 ExpectedFieldLength:5330
Avg-run verification - Epoch:5 Run:3 Iteration:43 TotalSize:533000000 ExpectedFieldLength:5330
=== Executing the run phase with extendproportion=0 and read/update proportions=0.5 ===
Arrangement completed. Output saved to ../analysis/Data/Workload_data/postgresql_arrayjson_vacuum_notfull_run1_uniform_heavy_mixed.csv
=== Setting parameter values for extend phase ===
=== Executing the extend phase with extendproportion=1 and other proportions=0 ===
Arrangement completed. Output saved to ../analysis/Data/Workload_data/postgresql_arrayjson_vacuum_notfull_run1_uniform_heavy_mixed.csv
Size computation started
Extend verification - Min:48100 Max:56700 Avg:54174 (Expected avg per record: ~1000 bytes initially)
Generating histogram from key size log: key_sizes_postgresql_arrayjson_vacuum_notfull_uniform_heavy_mixed_run1.csv
Histogram written to histogram.txt (BlockSize = 100)
Appending subsequent iteration 44...
Iteration 44: Appended new size values from key_sizes_postgresql_arrayjson_vacuum_notfull_uniform_heavy_mixed_run1.csv to ../analysis/Data/Value_size_data/value_sizes_postgresql_arrayjson_vacuum_notfull_run1_uniform_heavy_before_mixed.csv
VACUUM start: 1774463077
VACUUM end: 1774463085
=== Setting parameter values for run phase ===
Checking query plan before run phase
=== Executing the run phase with extendproportion=0 and read/update proportions=0.5 ===
Arrangement completed. Output saved to ../analysis/Data/Workload_data/postgresql_arrayjson_vacuum_notfull_run1_uniform_heavy_mixed.csv
Arrangement completed. Output saved to ../analysis/Data/Workload_data/postgresql_arrayjson_vacuum_notfull_run1_uniform_heavy_mixed.csv
Backing up the database started
Backing up the database finished
Arrangement completed. Output saved to ../analysis/Data/Workload_data/postgresql_arrayjson_vacuum_notfull_run1_uniform_heavy_mixed.csv
Size computation started
Appending subsequent iteration 44...
Iteration 44: Appended new size values from key_sizes_postgresql_arrayjson_vacuum_notfull_uniform_heavy_mixed_run1.csv to ../analysis/Data/Value_size_data/value_sizes_postgresql_arrayjson_vacuum_notfull_run1_uniform_heavy_after_mixed.csv
Total size: 545222500, Field length average: 5452
Workload file fieldlength set to: 5452 (expected: 5452)
=== Executing the load phase for the comparison study ===
Comparison-load verification - Epoch:5 Run:4 TotalSize:545200000 ExpectedFieldLength:5452
Avg-run verification - Epoch:5 Run:4 Iteration:44 TotalSize:545200000 ExpectedFieldLength:5452
=== Executing the run phase with extendproportion=0 and read/update proportions=0.5 ===
Arrangement completed. Output saved to ../analysis/Data/Workload_data/postgresql_arrayjson_vacuum_notfull_run1_uniform_heavy_mixed.csv
=== Setting parameter values for extend phase ===
=== Executing the extend phase with extendproportion=1 and other proportions=0 ===
Arrangement completed. Output saved to ../analysis/Data/Workload_data/postgresql_arrayjson_vacuum_notfull_run1_uniform_heavy_mixed.csv
Size computation started
Extend verification - Min:49700 Max:57600 Avg:55391 (Expected avg per record: ~1000 bytes initially)
Generating histogram from key size log: key_sizes_postgresql_arrayjson_vacuum_notfull_uniform_heavy_mixed_run1.csv
Histogram written to histogram.txt (BlockSize = 100)
Appending subsequent iteration 45...
Iteration 45: Appended new size values from key_sizes_postgresql_arrayjson_vacuum_notfull_uniform_heavy_mixed_run1.csv to ../analysis/Data/Value_size_data/value_sizes_postgresql_arrayjson_vacuum_notfull_run1_uniform_heavy_before_mixed.csv
VACUUM start: 1774463677
VACUUM end: 1774463689
=== Setting parameter values for run phase ===
Checking query plan before run phase
=== Executing the run phase with extendproportion=0 and read/update proportions=0.5 ===
Arrangement completed. Output saved to ../analysis/Data/Workload_data/postgresql_arrayjson_vacuum_notfull_run1_uniform_heavy_mixed.csv
Arrangement completed. Output saved to ../analysis/Data/Workload_data/postgresql_arrayjson_vacuum_notfull_run1_uniform_heavy_mixed.csv
Backing up the database started
Backing up the database finished
Arrangement completed. Output saved to ../analysis/Data/Workload_data/postgresql_arrayjson_vacuum_notfull_run1_uniform_heavy_mixed.csv
Size computation started
Appending subsequent iteration 45...
Iteration 45: Appended new size values from key_sizes_postgresql_arrayjson_vacuum_notfull_uniform_heavy_mixed_run1.csv to ../analysis/Data/Value_size_data/value_sizes_postgresql_arrayjson_vacuum_notfull_run1_uniform_heavy_after_mixed.csv
Total size: 557347100, Field length average: 5573
Workload file fieldlength set to: 5573 (expected: 5573)
=== Executing the load phase for the comparison study ===
Comparison-load verification - Epoch:5 Run:5 TotalSize:557300000 ExpectedFieldLength:5573
Avg-run verification - Epoch:5 Run:5 Iteration:45 TotalSize:557300000 ExpectedFieldLength:5573
=== Executing the run phase with extendproportion=0 and read/update proportions=0.5 ===
Arrangement completed. Output saved to ../analysis/Data/Workload_data/postgresql_arrayjson_vacuum_notfull_run1_uniform_heavy_mixed.csv
=== Setting parameter values for extend phase ===
=== Executing the extend phase with extendproportion=1 and other proportions=0 ===
Arrangement completed. Output saved to ../analysis/Data/Workload_data/postgresql_arrayjson_vacuum_notfull_run1_uniform_heavy_mixed.csv
Size computation started
Extend verification - Min:50300 Max:58700 Avg:56604 (Expected avg per record: ~1000 bytes initially)
Generating histogram from key size log: key_sizes_postgresql_arrayjson_vacuum_notfull_uniform_heavy_mixed_run1.csv
Histogram written to histogram.txt (BlockSize = 100)
Appending subsequent iteration 46...
Iteration 46: Appended new size values from key_sizes_postgresql_arrayjson_vacuum_notfull_uniform_heavy_mixed_run1.csv to ../analysis/Data/Value_size_data/value_sizes_postgresql_arrayjson_vacuum_notfull_run1_uniform_heavy_before_mixed.csv
VACUUM start: 1774464294
VACUUM end: 1774464305
=== Setting parameter values for run phase ===
Checking query plan before run phase
=== Executing the run phase with extendproportion=0 and read/update proportions=0.5 ===
Arrangement completed. Output saved to ../analysis/Data/Workload_data/postgresql_arrayjson_vacuum_notfull_run1_uniform_heavy_mixed.csv
Arrangement completed. Output saved to ../analysis/Data/Workload_data/postgresql_arrayjson_vacuum_notfull_run1_uniform_heavy_mixed.csv
Backing up the database started
Backing up the database finished
Arrangement completed. Output saved to ../analysis/Data/Workload_data/postgresql_arrayjson_vacuum_notfull_run1_uniform_heavy_mixed.csv
Size computation started
Appending subsequent iteration 46...
Iteration 46: Appended new size values from key_sizes_postgresql_arrayjson_vacuum_notfull_uniform_heavy_mixed_run1.csv to ../analysis/Data/Value_size_data/value_sizes_postgresql_arrayjson_vacuum_notfull_run1_uniform_heavy_after_mixed.csv
Total size: 569398200, Field length average: 5693
Workload file fieldlength set to: 5693 (expected: 5693)
=== Executing the load phase for the comparison study ===
Comparison-load verification - Epoch:5 Run:6 TotalSize:569300000 ExpectedFieldLength:5693
Avg-run verification - Epoch:5 Run:6 Iteration:46 TotalSize:569300000 ExpectedFieldLength:5693
=== Executing the run phase with extendproportion=0 and read/update proportions=0.5 ===
Arrangement completed. Output saved to ../analysis/Data/Workload_data/postgresql_arrayjson_vacuum_notfull_run1_uniform_heavy_mixed.csv
=== Setting parameter values for extend phase ===
=== Executing the extend phase with extendproportion=1 and other proportions=0 ===
Arrangement completed. Output saved to ../analysis/Data/Workload_data/postgresql_arrayjson_vacuum_notfull_run1_uniform_heavy_mixed.csv
Size computation started
Extend verification - Min:51800 Max:60100 Avg:57809 (Expected avg per record: ~1000 bytes initially)
Generating histogram from key size log: key_sizes_postgresql_arrayjson_vacuum_notfull_uniform_heavy_mixed_run1.csv
Histogram written to histogram.txt (BlockSize = 100)
Appending subsequent iteration 47...
Iteration 47: Appended new size values from key_sizes_postgresql_arrayjson_vacuum_notfull_uniform_heavy_mixed_run1.csv to ../analysis/Data/Value_size_data/value_sizes_postgresql_arrayjson_vacuum_notfull_run1_uniform_heavy_before_mixed.csv
VACUUM start: 1774464904
VACUUM end: 1774464912
=== Setting parameter values for run phase ===
Checking query plan before run phase
=== Executing the run phase with extendproportion=0 and read/update proportions=0.5 ===
Arrangement completed. Output saved to ../analysis/Data/Workload_data/postgresql_arrayjson_vacuum_notfull_run1_uniform_heavy_mixed.csv
Arrangement completed. Output saved to ../analysis/Data/Workload_data/postgresql_arrayjson_vacuum_notfull_run1_uniform_heavy_mixed.csv
Backing up the database started
Backing up the database finished
Arrangement completed. Output saved to ../analysis/Data/Workload_data/postgresql_arrayjson_vacuum_notfull_run1_uniform_heavy_mixed.csv
Size computation started
Appending subsequent iteration 47...
Iteration 47: Appended new size values from key_sizes_postgresql_arrayjson_vacuum_notfull_uniform_heavy_mixed_run1.csv to ../analysis/Data/Value_size_data/value_sizes_postgresql_arrayjson_vacuum_notfull_run1_uniform_heavy_after_mixed.csv
Total size: 581526900, Field length average: 5815
Workload file fieldlength set to: 5815 (expected: 5815)
=== Executing the load phase for the comparison study ===
Comparison-load verification - Epoch:5 Run:7 TotalSize:581500000 ExpectedFieldLength:5815
Avg-run verification - Epoch:5 Run:7 Iteration:47 TotalSize:581500000 ExpectedFieldLength:5815
=== Executing the run phase with extendproportion=0 and read/update proportions=0.5 ===
Arrangement completed. Output saved to ../analysis/Data/Workload_data/postgresql_arrayjson_vacuum_notfull_run1_uniform_heavy_mixed.csv
=== Setting parameter values for extend phase ===
=== Executing the extend phase with extendproportion=1 and other proportions=0 ===
Arrangement completed. Output saved to ../analysis/Data/Workload_data/postgresql_arrayjson_vacuum_notfull_run1_uniform_heavy_mixed.csv
Size computation started
Extend verification - Min:52400 Max:61100 Avg:59027 (Expected avg per record: ~1000 bytes initially)
Generating histogram from key size log: key_sizes_postgresql_arrayjson_vacuum_notfull_uniform_heavy_mixed_run1.csv
Histogram written to histogram.txt (BlockSize = 100)
Appending subsequent iteration 48...
Iteration 48: Appended new size values from key_sizes_postgresql_arrayjson_vacuum_notfull_uniform_heavy_mixed_run1.csv to ../analysis/Data/Value_size_data/value_sizes_postgresql_arrayjson_vacuum_notfull_run1_uniform_heavy_before_mixed.csv
VACUUM start: 1774465518
VACUUM end: 1774465530
=== Setting parameter values for run phase ===
Checking query plan before run phase
=== Executing the run phase with extendproportion=0 and read/update proportions=0.5 ===
Arrangement completed. Output saved to ../analysis/Data/Workload_data/postgresql_arrayjson_vacuum_notfull_run1_uniform_heavy_mixed.csv
Arrangement completed. Output saved to ../analysis/Data/Workload_data/postgresql_arrayjson_vacuum_notfull_run1_uniform_heavy_mixed.csv
Backing up the database started
Backing up the database finished
Arrangement completed. Output saved to ../analysis/Data/Workload_data/postgresql_arrayjson_vacuum_notfull_run1_uniform_heavy_mixed.csv
Size computation started
Appending subsequent iteration 48...
Iteration 48: Appended new size values from key_sizes_postgresql_arrayjson_vacuum_notfull_uniform_heavy_mixed_run1.csv to ../analysis/Data/Value_size_data/value_sizes_postgresql_arrayjson_vacuum_notfull_run1_uniform_heavy_after_mixed.csv
Total size: 593684500, Field length average: 5936
Workload file fieldlength set to: 5936 (expected: 5936)
=== Executing the load phase for the comparison study ===
Comparison-load verification - Epoch:5 Run:8 TotalSize:593600000 ExpectedFieldLength:5936
Avg-run verification - Epoch:5 Run:8 Iteration:48 TotalSize:593600000 ExpectedFieldLength:5936
=== Executing the run phase with extendproportion=0 and read/update proportions=0.5 ===
Arrangement completed. Output saved to ../analysis/Data/Workload_data/postgresql_arrayjson_vacuum_notfull_run1_uniform_heavy_mixed.csv
=== Setting parameter values for extend phase ===
=== Executing the extend phase with extendproportion=1 and other proportions=0 ===
Arrangement completed. Output saved to ../analysis/Data/Workload_data/postgresql_arrayjson_vacuum_notfull_run1_uniform_heavy_mixed.csv
Size computation started
Extend verification - Min:53500 Max:62500 Avg:60239 (Expected avg per record: ~1000 bytes initially)
Generating histogram from key size log: key_sizes_postgresql_arrayjson_vacuum_notfull_uniform_heavy_mixed_run1.csv
Histogram written to histogram.txt (BlockSize = 100)
Appending subsequent iteration 49...
Iteration 49: Appended new size values from key_sizes_postgresql_arrayjson_vacuum_notfull_uniform_heavy_mixed_run1.csv to ../analysis/Data/Value_size_data/value_sizes_postgresql_arrayjson_vacuum_notfull_run1_uniform_heavy_before_mixed.csv
VACUUM start: 1774466135
VACUUM end: 1774466152
=== Setting parameter values for run phase ===
Checking query plan before run phase
=== Executing the run phase with extendproportion=0 and read/update proportions=0.5 ===
Arrangement completed. Output saved to ../analysis/Data/Workload_data/postgresql_arrayjson_vacuum_notfull_run1_uniform_heavy_mixed.csv
Arrangement completed. Output saved to ../analysis/Data/Workload_data/postgresql_arrayjson_vacuum_notfull_run1_uniform_heavy_mixed.csv
Backing up the database started
Backing up the database finished
Arrangement completed. Output saved to ../analysis/Data/Workload_data/postgresql_arrayjson_vacuum_notfull_run1_uniform_heavy_mixed.csv
Size computation started
Appending subsequent iteration 49...
Iteration 49: Appended new size values from key_sizes_postgresql_arrayjson_vacuum_notfull_uniform_heavy_mixed_run1.csv to ../analysis/Data/Value_size_data/value_sizes_postgresql_arrayjson_vacuum_notfull_run1_uniform_heavy_after_mixed.csv
Total size: 605857100, Field length average: 6058
Workload file fieldlength set to: 6058 (expected: 6058)
=== Executing the load phase for the comparison study ===
Comparison-load verification - Epoch:5 Run:9 TotalSize:605800000 ExpectedFieldLength:6058
Avg-run verification - Epoch:5 Run:9 Iteration:49 TotalSize:605800000 ExpectedFieldLength:6058
=== Executing the run phase with extendproportion=0 and read/update proportions=0.5 ===
Arrangement completed. Output saved to ../analysis/Data/Workload_data/postgresql_arrayjson_vacuum_notfull_run1_uniform_heavy_mixed.csv
=== Setting parameter values for extend phase ===
=== Executing the extend phase with extendproportion=1 and other proportions=0 ===
Arrangement completed. Output saved to ../analysis/Data/Workload_data/postgresql_arrayjson_vacuum_notfull_run1_uniform_heavy_mixed.csv
Size computation started
Extend verification - Min:55000 Max:63600 Avg:61460 (Expected avg per record: ~1000 bytes initially)
Generating histogram from key size log: key_sizes_postgresql_arrayjson_vacuum_notfull_uniform_heavy_mixed_run1.csv
Histogram written to histogram.txt (BlockSize = 100)
Appending subsequent iteration 50...
Iteration 50: Appended new size values from key_sizes_postgresql_arrayjson_vacuum_notfull_uniform_heavy_mixed_run1.csv to ../analysis/Data/Value_size_data/value_sizes_postgresql_arrayjson_vacuum_notfull_run1_uniform_heavy_before_mixed.csv
VACUUM start: 1774466774
VACUUM end: 1774466787
=== Setting parameter values for run phase ===
Checking query plan before run phase
=== Executing the run phase with extendproportion=0 and read/update proportions=0.5 ===
Arrangement completed. Output saved to ../analysis/Data/Workload_data/postgresql_arrayjson_vacuum_notfull_run1_uniform_heavy_mixed.csv
Arrangement completed. Output saved to ../analysis/Data/Workload_data/postgresql_arrayjson_vacuum_notfull_run1_uniform_heavy_mixed.csv
Backing up the database started
Backing up the database finished
Arrangement completed. Output saved to ../analysis/Data/Workload_data/postgresql_arrayjson_vacuum_notfull_run1_uniform_heavy_mixed.csv
Size computation started
Appending subsequent iteration 50...
Iteration 50: Appended new size values from key_sizes_postgresql_arrayjson_vacuum_notfull_uniform_heavy_mixed_run1.csv to ../analysis/Data/Value_size_data/value_sizes_postgresql_arrayjson_vacuum_notfull_run1_uniform_heavy_after_mixed.csv
Total size: 617977100, Field length average: 6179
Workload file fieldlength set to: 6179 (expected: 6179)
=== Executing the load phase for the comparison study ===
Comparison-load verification - Epoch:5 Run:10 TotalSize:617900000 ExpectedFieldLength:6179
Avg-run verification - Epoch:5 Run:10 Iteration:50 TotalSize:617900000 ExpectedFieldLength:6179
=== Executing the run phase with extendproportion=0 and read/update proportions=0.5 ===
Arrangement completed. Output saved to ../analysis/Data/Workload_data/postgresql_arrayjson_vacuum_notfull_run1_uniform_heavy_mixed.csv
=== Setting parameter values for extend phase ===
=== Executing the extend phase with extendproportion=1 and other proportions=0 ===
Arrangement completed. Output saved to ../analysis/Data/Workload_data/postgresql_arrayjson_vacuum_notfull_run1_uniform_heavy_mixed.csv
Size computation started
Extend verification - Min:56300 Max:64800 Avg:62673 (Expected avg per record: ~1000 bytes initially)
Generating histogram from key size log: key_sizes_postgresql_arrayjson_vacuum_notfull_uniform_heavy_mixed_run1.csv
Histogram written to histogram.txt (BlockSize = 100)
Appending subsequent iteration 51...
Iteration 51: Appended new size values from key_sizes_postgresql_arrayjson_vacuum_notfull_uniform_heavy_mixed_run1.csv to ../analysis/Data/Value_size_data/value_sizes_postgresql_arrayjson_vacuum_notfull_run1_uniform_heavy_before_mixed.csv
VACUUM start: 1774467410
VACUUM end: 1774467427
=== Setting parameter values for run phase ===
Checking query plan before run phase
=== Executing the run phase with extendproportion=0 and read/update proportions=0.5 ===
Arrangement completed. Output saved to ../analysis/Data/Workload_data/postgresql_arrayjson_vacuum_notfull_run1_uniform_heavy_mixed.csv
Arrangement completed. Output saved to ../analysis/Data/Workload_data/postgresql_arrayjson_vacuum_notfull_run1_uniform_heavy_mixed.csv
Backing up the database started
Backing up the database finished
Arrangement completed. Output saved to ../analysis/Data/Workload_data/postgresql_arrayjson_vacuum_notfull_run1_uniform_heavy_mixed.csv
Size computation started
Appending subsequent iteration 51...
Iteration 51: Appended new size values from key_sizes_postgresql_arrayjson_vacuum_notfull_uniform_heavy_mixed_run1.csv to ../analysis/Data/Value_size_data/value_sizes_postgresql_arrayjson_vacuum_notfull_run1_uniform_heavy_after_mixed.csv
Total size: 630068900, Field length average: 6300
Workload file fieldlength set to: 6300 (expected: 6300)
=== Executing the load phase for the comparison study ===
Comparison-load verification - Epoch:6 Run:1 TotalSize:630000000 ExpectedFieldLength:6300
Avg-run verification - Epoch:6 Run:1 Iteration:51 TotalSize:630000000 ExpectedFieldLength:6300
=== Executing the run phase with extendproportion=0 and read/update proportions=0.5 ===
Arrangement completed. Output saved to ../analysis/Data/Workload_data/postgresql_arrayjson_vacuum_notfull_run1_uniform_heavy_mixed.csv
=== Setting parameter values for extend phase ===
=== Executing the extend phase with extendproportion=1 and other proportions=0 ===
Arrangement completed. Output saved to ../analysis/Data/Workload_data/postgresql_arrayjson_vacuum_notfull_run1_uniform_heavy_mixed.csv
Size computation started
Extend verification - Min:56600 Max:66400 Avg:63881 (Expected avg per record: ~1000 bytes initially)
Generating histogram from key size log: key_sizes_postgresql_arrayjson_vacuum_notfull_uniform_heavy_mixed_run1.csv
Histogram written to histogram.txt (BlockSize = 100)
Appending subsequent iteration 52...
Iteration 52: Appended new size values from key_sizes_postgresql_arrayjson_vacuum_notfull_uniform_heavy_mixed_run1.csv to ../analysis/Data/Value_size_data/value_sizes_postgresql_arrayjson_vacuum_notfull_run1_uniform_heavy_before_mixed.csv
VACUUM start: 1774468069
VACUUM end: 1774468080
=== Setting parameter values for run phase ===
Checking query plan before run phase
=== Executing the run phase with extendproportion=0 and read/update proportions=0.5 ===
Arrangement completed. Output saved to ../analysis/Data/Workload_data/postgresql_arrayjson_vacuum_notfull_run1_uniform_heavy_mixed.csv
Arrangement completed. Output saved to ../analysis/Data/Workload_data/postgresql_arrayjson_vacuum_notfull_run1_uniform_heavy_mixed.csv
Backing up the database started
Backing up the database finished
Arrangement completed. Output saved to ../analysis/Data/Workload_data/postgresql_arrayjson_vacuum_notfull_run1_uniform_heavy_mixed.csv
Size computation started
Appending subsequent iteration 52...
Iteration 52: Appended new size values from key_sizes_postgresql_arrayjson_vacuum_notfull_uniform_heavy_mixed_run1.csv to ../analysis/Data/Value_size_data/value_sizes_postgresql_arrayjson_vacuum_notfull_run1_uniform_heavy_after_mixed.csv
Total size: 642191100, Field length average: 6421
Workload file fieldlength set to: 6421 (expected: 6421)
=== Executing the load phase for the comparison study ===
Comparison-load verification - Epoch:6 Run:2 TotalSize:642100000 ExpectedFieldLength:6421
Avg-run verification - Epoch:6 Run:2 Iteration:52 TotalSize:642100000 ExpectedFieldLength:6421
=== Executing the run phase with extendproportion=0 and read/update proportions=0.5 ===
Arrangement completed. Output saved to ../analysis/Data/Workload_data/postgresql_arrayjson_vacuum_notfull_run1_uniform_heavy_mixed.csv
=== Setting parameter values for extend phase ===
=== Executing the extend phase with extendproportion=1 and other proportions=0 ===
Arrangement completed. Output saved to ../analysis/Data/Workload_data/postgresql_arrayjson_vacuum_notfull_run1_uniform_heavy_mixed.csv
Size computation started
Extend verification - Min:58000 Max:67500 Avg:65089 (Expected avg per record: ~1000 bytes initially)
Generating histogram from key size log: key_sizes_postgresql_arrayjson_vacuum_notfull_uniform_heavy_mixed_run1.csv
Histogram written to histogram.txt (BlockSize = 100)
Appending subsequent iteration 53...
Iteration 53: Appended new size values from key_sizes_postgresql_arrayjson_vacuum_notfull_uniform_heavy_mixed_run1.csv to ../analysis/Data/Value_size_data/value_sizes_postgresql_arrayjson_vacuum_notfull_run1_uniform_heavy_before_mixed.csv
VACUUM start: 1774468716
VACUUM end: 1774468728
=== Setting parameter values for run phase ===
Checking query plan before run phase
=== Executing the run phase with extendproportion=0 and read/update proportions=0.5 ===
Arrangement completed. Output saved to ../analysis/Data/Workload_data/postgresql_arrayjson_vacuum_notfull_run1_uniform_heavy_mixed.csv
Arrangement completed. Output saved to ../analysis/Data/Workload_data/postgresql_arrayjson_vacuum_notfull_run1_uniform_heavy_mixed.csv
Backing up the database started
Backing up the database finished
Arrangement completed. Output saved to ../analysis/Data/Workload_data/postgresql_arrayjson_vacuum_notfull_run1_uniform_heavy_mixed.csv
Size computation started
Appending subsequent iteration 53...
Iteration 53: Appended new size values from key_sizes_postgresql_arrayjson_vacuum_notfull_uniform_heavy_mixed_run1.csv to ../analysis/Data/Value_size_data/value_sizes_postgresql_arrayjson_vacuum_notfull_run1_uniform_heavy_after_mixed.csv
Total size: 654311600, Field length average: 6543
Workload file fieldlength set to: 6543 (expected: 6543)
=== Executing the load phase for the comparison study ===
Comparison-load verification - Epoch:6 Run:3 TotalSize:654300000 ExpectedFieldLength:6543
Avg-run verification - Epoch:6 Run:3 Iteration:53 TotalSize:654300000 ExpectedFieldLength:6543
=== Executing the run phase with extendproportion=0 and read/update proportions=0.5 ===
Arrangement completed. Output saved to ../analysis/Data/Workload_data/postgresql_arrayjson_vacuum_notfull_run1_uniform_heavy_mixed.csv
=== Setting parameter values for extend phase ===
=== Executing the extend phase with extendproportion=1 and other proportions=0 ===
Arrangement completed. Output saved to ../analysis/Data/Workload_data/postgresql_arrayjson_vacuum_notfull_run1_uniform_heavy_mixed.csv
Size computation started
Extend verification - Min:58900 Max:68500 Avg:66300 (Expected avg per record: ~1000 bytes initially)
Generating histogram from key size log: key_sizes_postgresql_arrayjson_vacuum_notfull_uniform_heavy_mixed_run1.csv
Histogram written to histogram.txt (BlockSize = 100)
Appending subsequent iteration 54...
Iteration 54: Appended new size values from key_sizes_postgresql_arrayjson_vacuum_notfull_uniform_heavy_mixed_run1.csv to ../analysis/Data/Value_size_data/value_sizes_postgresql_arrayjson_vacuum_notfull_run1_uniform_heavy_before_mixed.csv
VACUUM start: 1774469359
VACUUM end: 1774469375
=== Setting parameter values for run phase ===
Checking query plan before run phase
=== Executing the run phase with extendproportion=0 and read/update proportions=0.5 ===
Arrangement completed. Output saved to ../analysis/Data/Workload_data/postgresql_arrayjson_vacuum_notfull_run1_uniform_heavy_mixed.csv
Arrangement completed. Output saved to ../analysis/Data/Workload_data/postgresql_arrayjson_vacuum_notfull_run1_uniform_heavy_mixed.csv
Backing up the database started
Backing up the database finished
Arrangement completed. Output saved to ../analysis/Data/Workload_data/postgresql_arrayjson_vacuum_notfull_run1_uniform_heavy_mixed.csv
Size computation started
Appending subsequent iteration 54...
Iteration 54: Appended new size values from key_sizes_postgresql_arrayjson_vacuum_notfull_uniform_heavy_mixed_run1.csv to ../analysis/Data/Value_size_data/value_sizes_postgresql_arrayjson_vacuum_notfull_run1_uniform_heavy_after_mixed.csv
Total size: 666450900, Field length average: 6664
Workload file fieldlength set to: 6664 (expected: 6664)
=== Executing the load phase for the comparison study ===
Comparison-load verification - Epoch:6 Run:4 TotalSize:666400000 ExpectedFieldLength:6664
Avg-run verification - Epoch:6 Run:4 Iteration:54 TotalSize:666400000 ExpectedFieldLength:6664
=== Executing the run phase with extendproportion=0 and read/update proportions=0.5 ===
Arrangement completed. Output saved to ../analysis/Data/Workload_data/postgresql_arrayjson_vacuum_notfull_run1_uniform_heavy_mixed.csv
=== Setting parameter values for extend phase ===
=== Executing the extend phase with extendproportion=1 and other proportions=0 ===
Arrangement completed. Output saved to ../analysis/Data/Workload_data/postgresql_arrayjson_vacuum_notfull_run1_uniform_heavy_mixed.csv
Size computation started
Extend verification - Min:59900 Max:70300 Avg:67519 (Expected avg per record: ~1000 bytes initially)
Generating histogram from key size log: key_sizes_postgresql_arrayjson_vacuum_notfull_uniform_heavy_mixed_run1.csv
Histogram written to histogram.txt (BlockSize = 100)
Appending subsequent iteration 55...
Iteration 55: Appended new size values from key_sizes_postgresql_arrayjson_vacuum_notfull_uniform_heavy_mixed_run1.csv to ../analysis/Data/Value_size_data/value_sizes_postgresql_arrayjson_vacuum_notfull_run1_uniform_heavy_before_mixed.csv
VACUUM start: 1774470009
VACUUM end: 1774470024
=== Setting parameter values for run phase ===
Checking query plan before run phase
=== Executing the run phase with extendproportion=0 and read/update proportions=0.5 ===
Arrangement completed. Output saved to ../analysis/Data/Workload_data/postgresql_arrayjson_vacuum_notfull_run1_uniform_heavy_mixed.csv
Arrangement completed. Output saved to ../analysis/Data/Workload_data/postgresql_arrayjson_vacuum_notfull_run1_uniform_heavy_mixed.csv
Backing up the database started
Backing up the database finished
Arrangement completed. Output saved to ../analysis/Data/Workload_data/postgresql_arrayjson_vacuum_notfull_run1_uniform_heavy_mixed.csv
Size computation started
Appending subsequent iteration 55...
Iteration 55: Appended new size values from key_sizes_postgresql_arrayjson_vacuum_notfull_uniform_heavy_mixed_run1.csv to ../analysis/Data/Value_size_data/value_sizes_postgresql_arrayjson_vacuum_notfull_run1_uniform_heavy_after_mixed.csv
Total size: 678606800, Field length average: 6786
Workload file fieldlength set to: 6786 (expected: 6786)
=== Executing the load phase for the comparison study ===
Comparison-load verification - Epoch:6 Run:5 TotalSize:678600000 ExpectedFieldLength:6786
Avg-run verification - Epoch:6 Run:5 Iteration:55 TotalSize:678600000 ExpectedFieldLength:6786
=== Executing the run phase with extendproportion=0 and read/update proportions=0.5 ===
Arrangement completed. Output saved to ../analysis/Data/Workload_data/postgresql_arrayjson_vacuum_notfull_run1_uniform_heavy_mixed.csv
=== Setting parameter values for extend phase ===
=== Executing the extend phase with extendproportion=1 and other proportions=0 ===
Arrangement completed. Output saved to ../analysis/Data/Workload_data/postgresql_arrayjson_vacuum_notfull_run1_uniform_heavy_mixed.csv
Size computation started
Extend verification - Min:60600 Max:70900 Avg:68731 (Expected avg per record: ~1000 bytes initially)
Generating histogram from key size log: key_sizes_postgresql_arrayjson_vacuum_notfull_uniform_heavy_mixed_run1.csv
Histogram written to histogram.txt (BlockSize = 100)
Appending subsequent iteration 56...
Iteration 56: Appended new size values from key_sizes_postgresql_arrayjson_vacuum_notfull_uniform_heavy_mixed_run1.csv to ../analysis/Data/Value_size_data/value_sizes_postgresql_arrayjson_vacuum_notfull_run1_uniform_heavy_before_mixed.csv
VACUUM start: 1774470654
VACUUM end: 1774470669
=== Setting parameter values for run phase ===
Checking query plan before run phase
=== Executing the run phase with extendproportion=0 and read/update proportions=0.5 ===
Arrangement completed. Output saved to ../analysis/Data/Workload_data/postgresql_arrayjson_vacuum_notfull_run1_uniform_heavy_mixed.csv
Arrangement completed. Output saved to ../analysis/Data/Workload_data/postgresql_arrayjson_vacuum_notfull_run1_uniform_heavy_mixed.csv
Backing up the database started
Backing up the database finished
Arrangement completed. Output saved to ../analysis/Data/Workload_data/postgresql_arrayjson_vacuum_notfull_run1_uniform_heavy_mixed.csv
Size computation started
Appending subsequent iteration 56...
Iteration 56: Appended new size values from key_sizes_postgresql_arrayjson_vacuum_notfull_uniform_heavy_mixed_run1.csv to ../analysis/Data/Value_size_data/value_sizes_postgresql_arrayjson_vacuum_notfull_run1_uniform_heavy_after_mixed.csv
Total size: 690636400, Field length average: 6906
Workload file fieldlength set to: 6906 (expected: 6906)
=== Executing the load phase for the comparison study ===
Comparison-load verification - Epoch:6 Run:6 TotalSize:690600000 ExpectedFieldLength:6906
Avg-run verification - Epoch:6 Run:6 Iteration:56 TotalSize:690600000 ExpectedFieldLength:6906
=== Executing the run phase with extendproportion=0 and read/update proportions=0.5 ===
Arrangement completed. Output saved to ../analysis/Data/Workload_data/postgresql_arrayjson_vacuum_notfull_run1_uniform_heavy_mixed.csv
=== Setting parameter values for extend phase ===
=== Executing the extend phase with extendproportion=1 and other proportions=0 ===
Arrangement completed. Output saved to ../analysis/Data/Workload_data/postgresql_arrayjson_vacuum_notfull_run1_uniform_heavy_mixed.csv
Size computation started
Extend verification - Min:62000 Max:72300 Avg:69932 (Expected avg per record: ~1000 bytes initially)
Generating histogram from key size log: key_sizes_postgresql_arrayjson_vacuum_notfull_uniform_heavy_mixed_run1.csv
Histogram written to histogram.txt (BlockSize = 100)
Appending subsequent iteration 57...
Iteration 57: Appended new size values from key_sizes_postgresql_arrayjson_vacuum_notfull_uniform_heavy_mixed_run1.csv to ../analysis/Data/Value_size_data/value_sizes_postgresql_arrayjson_vacuum_notfull_run1_uniform_heavy_before_mixed.csv
VACUUM start: 1774471314
VACUUM end: 1774471327
=== Setting parameter values for run phase ===
Checking query plan before run phase
=== Executing the run phase with extendproportion=0 and read/update proportions=0.5 ===
Arrangement completed. Output saved to ../analysis/Data/Workload_data/postgresql_arrayjson_vacuum_notfull_run1_uniform_heavy_mixed.csv
Arrangement completed. Output saved to ../analysis/Data/Workload_data/postgresql_arrayjson_vacuum_notfull_run1_uniform_heavy_mixed.csv
Backing up the database started
Backing up the database finished
Arrangement completed. Output saved to ../analysis/Data/Workload_data/postgresql_arrayjson_vacuum_notfull_run1_uniform_heavy_mixed.csv
Size computation started
Appending subsequent iteration 57...
Iteration 57: Appended new size values from key_sizes_postgresql_arrayjson_vacuum_notfull_uniform_heavy_mixed_run1.csv to ../analysis/Data/Value_size_data/value_sizes_postgresql_arrayjson_vacuum_notfull_run1_uniform_heavy_after_mixed.csv
Total size: 702828700, Field length average: 7028
Workload file fieldlength set to: 7028 (expected: 7028)
=== Executing the load phase for the comparison study ===
Comparison-load verification - Epoch:6 Run:7 TotalSize:702800000 ExpectedFieldLength:7028
Avg-run verification - Epoch:6 Run:7 Iteration:57 TotalSize:702800000 ExpectedFieldLength:7028
=== Executing the run phase with extendproportion=0 and read/update proportions=0.5 ===
Arrangement completed. Output saved to ../analysis/Data/Workload_data/postgresql_arrayjson_vacuum_notfull_run1_uniform_heavy_mixed.csv
=== Setting parameter values for extend phase ===
=== Executing the extend phase with extendproportion=1 and other proportions=0 ===
Arrangement completed. Output saved to ../analysis/Data/Workload_data/postgresql_arrayjson_vacuum_notfull_run1_uniform_heavy_mixed.csv
Size computation started
Extend verification - Min:63500 Max:73500 Avg:71147 (Expected avg per record: ~1000 bytes initially)
Generating histogram from key size log: key_sizes_postgresql_arrayjson_vacuum_notfull_uniform_heavy_mixed_run1.csv
Histogram written to histogram.txt (BlockSize = 100)
Appending subsequent iteration 58...
Iteration 58: Appended new size values from key_sizes_postgresql_arrayjson_vacuum_notfull_uniform_heavy_mixed_run1.csv to ../analysis/Data/Value_size_data/value_sizes_postgresql_arrayjson_vacuum_notfull_run1_uniform_heavy_before_mixed.csv
VACUUM start: 1774471971
VACUUM end: 1774471985
=== Setting parameter values for run phase ===
Checking query plan before run phase
=== Executing the run phase with extendproportion=0 and read/update proportions=0.5 ===
Arrangement completed. Output saved to ../analysis/Data/Workload_data/postgresql_arrayjson_vacuum_notfull_run1_uniform_heavy_mixed.csv
Arrangement completed. Output saved to ../analysis/Data/Workload_data/postgresql_arrayjson_vacuum_notfull_run1_uniform_heavy_mixed.csv
Backing up the database started
Backing up the database finished
Arrangement completed. Output saved to ../analysis/Data/Workload_data/postgresql_arrayjson_vacuum_notfull_run1_uniform_heavy_mixed.csv
Size computation started
Appending subsequent iteration 58...
Iteration 58: Appended new size values from key_sizes_postgresql_arrayjson_vacuum_notfull_uniform_heavy_mixed_run1.csv to ../analysis/Data/Value_size_data/value_sizes_postgresql_arrayjson_vacuum_notfull_run1_uniform_heavy_after_mixed.csv
Total size: 714891200, Field length average: 7148
Workload file fieldlength set to: 7148 (expected: 7148)
=== Executing the load phase for the comparison study ===
Comparison-load verification - Epoch:6 Run:8 TotalSize:714800000 ExpectedFieldLength:7148
Avg-run verification - Epoch:6 Run:8 Iteration:58 TotalSize:714800000 ExpectedFieldLength:7148
=== Executing the run phase with extendproportion=0 and read/update proportions=0.5 ===
Arrangement completed. Output saved to ../analysis/Data/Workload_data/postgresql_arrayjson_vacuum_notfull_run1_uniform_heavy_mixed.csv
=== Setting parameter values for extend phase ===
=== Executing the extend phase with extendproportion=1 and other proportions=0 ===
Arrangement completed. Output saved to ../analysis/Data/Workload_data/postgresql_arrayjson_vacuum_notfull_run1_uniform_heavy_mixed.csv
Size computation started
Extend verification - Min:64600 Max:74500 Avg:72360 (Expected avg per record: ~1000 bytes initially)
Generating histogram from key size log: key_sizes_postgresql_arrayjson_vacuum_notfull_uniform_heavy_mixed_run1.csv
Histogram written to histogram.txt (BlockSize = 100)
Appending subsequent iteration 59...
Iteration 59: Appended new size values from key_sizes_postgresql_arrayjson_vacuum_notfull_uniform_heavy_mixed_run1.csv to ../analysis/Data/Value_size_data/value_sizes_postgresql_arrayjson_vacuum_notfull_run1_uniform_heavy_before_mixed.csv
VACUUM start: 1774472631
VACUUM end: 1774472651
=== Setting parameter values for run phase ===
Checking query plan before run phase
=== Executing the run phase with extendproportion=0 and read/update proportions=0.5 ===
Arrangement completed. Output saved to ../analysis/Data/Workload_data/postgresql_arrayjson_vacuum_notfull_run1_uniform_heavy_mixed.csv
Arrangement completed. Output saved to ../analysis/Data/Workload_data/postgresql_arrayjson_vacuum_notfull_run1_uniform_heavy_mixed.csv
Backing up the database started
Backing up the database finished
Arrangement completed. Output saved to ../analysis/Data/Workload_data/postgresql_arrayjson_vacuum_notfull_run1_uniform_heavy_mixed.csv
Size computation started
Appending subsequent iteration 59...
Iteration 59: Appended new size values from key_sizes_postgresql_arrayjson_vacuum_notfull_uniform_heavy_mixed_run1.csv to ../analysis/Data/Value_size_data/value_sizes_postgresql_arrayjson_vacuum_notfull_run1_uniform_heavy_after_mixed.csv
Total size: 727040100, Field length average: 7270
Workload file fieldlength set to: 7270 (expected: 7270)
=== Executing the load phase for the comparison study ===
Comparison-load verification - Epoch:6 Run:9 TotalSize:727000000 ExpectedFieldLength:7270
Avg-run verification - Epoch:6 Run:9 Iteration:59 TotalSize:727000000 ExpectedFieldLength:7270
=== Executing the run phase with extendproportion=0 and read/update proportions=0.5 ===
Arrangement completed. Output saved to ../analysis/Data/Workload_data/postgresql_arrayjson_vacuum_notfull_run1_uniform_heavy_mixed.csv
=== Setting parameter values for extend phase ===
=== Executing the extend phase with extendproportion=1 and other proportions=0 ===
Arrangement completed. Output saved to ../analysis/Data/Workload_data/postgresql_arrayjson_vacuum_notfull_run1_uniform_heavy_mixed.csv
Size computation started
Extend verification - Min:65800 Max:75500 Avg:73572 (Expected avg per record: ~1000 bytes initially)
Generating histogram from key size log: key_sizes_postgresql_arrayjson_vacuum_notfull_uniform_heavy_mixed_run1.csv
Histogram written to histogram.txt (BlockSize = 100)
Appending subsequent iteration 60...
Iteration 60: Appended new size values from key_sizes_postgresql_arrayjson_vacuum_notfull_uniform_heavy_mixed_run1.csv to ../analysis/Data/Value_size_data/value_sizes_postgresql_arrayjson_vacuum_notfull_run1_uniform_heavy_before_mixed.csv
VACUUM start: 1774473306
VACUUM end: 1774473323
=== Setting parameter values for run phase ===
Checking query plan before run phase
=== Executing the run phase with extendproportion=0 and read/update proportions=0.5 ===
Arrangement completed. Output saved to ../analysis/Data/Workload_data/postgresql_arrayjson_vacuum_notfull_run1_uniform_heavy_mixed.csv
Arrangement completed. Output saved to ../analysis/Data/Workload_data/postgresql_arrayjson_vacuum_notfull_run1_uniform_heavy_mixed.csv
Backing up the database started
Backing up the database finished
Arrangement completed. Output saved to ../analysis/Data/Workload_data/postgresql_arrayjson_vacuum_notfull_run1_uniform_heavy_mixed.csv
Size computation started
Appending subsequent iteration 60...
Iteration 60: Appended new size values from key_sizes_postgresql_arrayjson_vacuum_notfull_uniform_heavy_mixed_run1.csv to ../analysis/Data/Value_size_data/value_sizes_postgresql_arrayjson_vacuum_notfull_run1_uniform_heavy_after_mixed.csv
Total size: 739070400, Field length average: 7390
Workload file fieldlength set to: 7390 (expected: 7390)
=== Executing the load phase for the comparison study ===
Comparison-load verification - Epoch:6 Run:10 TotalSize:739000000 ExpectedFieldLength:7390
Avg-run verification - Epoch:6 Run:10 Iteration:60 TotalSize:739000000 ExpectedFieldLength:7390
=== Executing the run phase with extendproportion=0 and read/update proportions=0.5 ===
Arrangement completed. Output saved to ../analysis/Data/Workload_data/postgresql_arrayjson_vacuum_notfull_run1_uniform_heavy_mixed.csv
=== Setting parameter values for extend phase ===
=== Executing the extend phase with extendproportion=1 and other proportions=0 ===
Arrangement completed. Output saved to ../analysis/Data/Workload_data/postgresql_arrayjson_vacuum_notfull_run1_uniform_heavy_mixed.csv
Size computation started
Extend verification - Min:66800 Max:77200 Avg:74785 (Expected avg per record: ~1000 bytes initially)
Generating histogram from key size log: key_sizes_postgresql_arrayjson_vacuum_notfull_uniform_heavy_mixed_run1.csv
Histogram written to histogram.txt (BlockSize = 100)
Appending subsequent iteration 61...
Iteration 61: Appended new size values from key_sizes_postgresql_arrayjson_vacuum_notfull_uniform_heavy_mixed_run1.csv to ../analysis/Data/Value_size_data/value_sizes_postgresql_arrayjson_vacuum_notfull_run1_uniform_heavy_before_mixed.csv
VACUUM start: 1774473974
VACUUM end: 1774473990
=== Setting parameter values for run phase ===
Checking query plan before run phase
=== Executing the run phase with extendproportion=0 and read/update proportions=0.5 ===
Arrangement completed. Output saved to ../analysis/Data/Workload_data/postgresql_arrayjson_vacuum_notfull_run1_uniform_heavy_mixed.csv
Arrangement completed. Output saved to ../analysis/Data/Workload_data/postgresql_arrayjson_vacuum_notfull_run1_uniform_heavy_mixed.csv
Backing up the database started
Backing up the database finished
Arrangement completed. Output saved to ../analysis/Data/Workload_data/postgresql_arrayjson_vacuum_notfull_run1_uniform_heavy_mixed.csv
Size computation started
Appending subsequent iteration 61...
Iteration 61: Appended new size values from key_sizes_postgresql_arrayjson_vacuum_notfull_uniform_heavy_mixed_run1.csv to ../analysis/Data/Value_size_data/value_sizes_postgresql_arrayjson_vacuum_notfull_run1_uniform_heavy_after_mixed.csv
Total size: 751332700, Field length average: 7513
Workload file fieldlength set to: 7513 (expected: 7513)
=== Executing the load phase for the comparison study ===
Comparison-load verification - Epoch:7 Run:1 TotalSize:751300000 ExpectedFieldLength:7513
Avg-run verification - Epoch:7 Run:1 Iteration:61 TotalSize:751300000 ExpectedFieldLength:7513
=== Executing the run phase with extendproportion=0 and read/update proportions=0.5 ===
Arrangement completed. Output saved to ../analysis/Data/Workload_data/postgresql_arrayjson_vacuum_notfull_run1_uniform_heavy_mixed.csv
=== Setting parameter values for extend phase ===
=== Executing the extend phase with extendproportion=1 and other proportions=0 ===
Arrangement completed. Output saved to ../analysis/Data/Workload_data/postgresql_arrayjson_vacuum_notfull_run1_uniform_heavy_mixed.csv
Size computation started
Extend verification - Min:68000 Max:78700 Avg:76000 (Expected avg per record: ~1000 bytes initially)
Generating histogram from key size log: key_sizes_postgresql_arrayjson_vacuum_notfull_uniform_heavy_mixed_run1.csv
Histogram written to histogram.txt (BlockSize = 100)
Appending subsequent iteration 62...
Iteration 62: Appended new size values from key_sizes_postgresql_arrayjson_vacuum_notfull_uniform_heavy_mixed_run1.csv to ../analysis/Data/Value_size_data/value_sizes_postgresql_arrayjson_vacuum_notfull_run1_uniform_heavy_before_mixed.csv
VACUUM start: 1774474640
VACUUM end: 1774474652
=== Setting parameter values for run phase ===
Checking query plan before run phase
=== Executing the run phase with extendproportion=0 and read/update proportions=0.5 ===
Arrangement completed. Output saved to ../analysis/Data/Workload_data/postgresql_arrayjson_vacuum_notfull_run1_uniform_heavy_mixed.csv
Arrangement completed. Output saved to ../analysis/Data/Workload_data/postgresql_arrayjson_vacuum_notfull_run1_uniform_heavy_mixed.csv
Backing up the database started
Backing up the database finished
Arrangement completed. Output saved to ../analysis/Data/Workload_data/postgresql_arrayjson_vacuum_notfull_run1_uniform_heavy_mixed.csv
Size computation started
Appending subsequent iteration 62...
Iteration 62: Appended new size values from key_sizes_postgresql_arrayjson_vacuum_notfull_uniform_heavy_mixed_run1.csv to ../analysis/Data/Value_size_data/value_sizes_postgresql_arrayjson_vacuum_notfull_run1_uniform_heavy_after_mixed.csv
Total size: 763468200, Field length average: 7634
Workload file fieldlength set to: 7634 (expected: 7634)
=== Executing the load phase for the comparison study ===
Comparison-load verification - Epoch:7 Run:2 TotalSize:763400000 ExpectedFieldLength:7634
Avg-run verification - Epoch:7 Run:2 Iteration:62 TotalSize:763400000 ExpectedFieldLength:7634
=== Executing the run phase with extendproportion=0 and read/update proportions=0.5 ===
Arrangement completed. Output saved to ../analysis/Data/Workload_data/postgresql_arrayjson_vacuum_notfull_run1_uniform_heavy_mixed.csv
=== Setting parameter values for extend phase ===
=== Executing the extend phase with extendproportion=1 and other proportions=0 ===
Arrangement completed. Output saved to ../analysis/Data/Workload_data/postgresql_arrayjson_vacuum_notfull_run1_uniform_heavy_mixed.csv
Size computation started
Extend verification - Min:69400 Max:79400 Avg:77217 (Expected avg per record: ~1000 bytes initially)
Generating histogram from key size log: key_sizes_postgresql_arrayjson_vacuum_notfull_uniform_heavy_mixed_run1.csv
Histogram written to histogram.txt (BlockSize = 100)
Appending subsequent iteration 63...
Iteration 63: Appended new size values from key_sizes_postgresql_arrayjson_vacuum_notfull_uniform_heavy_mixed_run1.csv to ../analysis/Data/Value_size_data/value_sizes_postgresql_arrayjson_vacuum_notfull_run1_uniform_heavy_before_mixed.csv
VACUUM start: 1774475328
VACUUM end: 1774475345
=== Setting parameter values for run phase ===
Checking query plan before run phase
=== Executing the run phase with extendproportion=0 and read/update proportions=0.5 ===
Arrangement completed. Output saved to ../analysis/Data/Workload_data/postgresql_arrayjson_vacuum_notfull_run1_uniform_heavy_mixed.csv
Arrangement completed. Output saved to ../analysis/Data/Workload_data/postgresql_arrayjson_vacuum_notfull_run1_uniform_heavy_mixed.csv
Backing up the database started
Backing up the database finished
Arrangement completed. Output saved to ../analysis/Data/Workload_data/postgresql_arrayjson_vacuum_notfull_run1_uniform_heavy_mixed.csv
Size computation started
Appending subsequent iteration 63...
Iteration 63: Appended new size values from key_sizes_postgresql_arrayjson_vacuum_notfull_uniform_heavy_mixed_run1.csv to ../analysis/Data/Value_size_data/value_sizes_postgresql_arrayjson_vacuum_notfull_run1_uniform_heavy_after_mixed.csv
Total size: 775635300, Field length average: 7756
Workload file fieldlength set to: 7756 (expected: 7756)
=== Executing the load phase for the comparison study ===
Comparison-load verification - Epoch:7 Run:3 TotalSize:775600000 ExpectedFieldLength:7756
Avg-run verification - Epoch:7 Run:3 Iteration:63 TotalSize:775600000 ExpectedFieldLength:7756
=== Executing the run phase with extendproportion=0 and read/update proportions=0.5 ===
Arrangement completed. Output saved to ../analysis/Data/Workload_data/postgresql_arrayjson_vacuum_notfull_run1_uniform_heavy_mixed.csv
=== Setting parameter values for extend phase ===
=== Executing the extend phase with extendproportion=1 and other proportions=0 ===
Arrangement completed. Output saved to ../analysis/Data/Workload_data/postgresql_arrayjson_vacuum_notfull_run1_uniform_heavy_mixed.csv
Size computation started
Extend verification - Min:70000 Max:81300 Avg:78434 (Expected avg per record: ~1000 bytes initially)
Generating histogram from key size log: key_sizes_postgresql_arrayjson_vacuum_notfull_uniform_heavy_mixed_run1.csv
Histogram written to histogram.txt (BlockSize = 100)
Appending subsequent iteration 64...
Iteration 64: Appended new size values from key_sizes_postgresql_arrayjson_vacuum_notfull_uniform_heavy_mixed_run1.csv to ../analysis/Data/Value_size_data/value_sizes_postgresql_arrayjson_vacuum_notfull_run1_uniform_heavy_before_mixed.csv
VACUUM start: 1774476017
VACUUM end: 1774476029
=== Setting parameter values for run phase ===
Checking query plan before run phase
=== Executing the run phase with extendproportion=0 and read/update proportions=0.5 ===
Arrangement completed. Output saved to ../analysis/Data/Workload_data/postgresql_arrayjson_vacuum_notfull_run1_uniform_heavy_mixed.csv
Arrangement completed. Output saved to ../analysis/Data/Workload_data/postgresql_arrayjson_vacuum_notfull_run1_uniform_heavy_mixed.csv
Backing up the database started
Backing up the database finished
Arrangement completed. Output saved to ../analysis/Data/Workload_data/postgresql_arrayjson_vacuum_notfull_run1_uniform_heavy_mixed.csv
Size computation started
Appending subsequent iteration 64...
Iteration 64: Appended new size values from key_sizes_postgresql_arrayjson_vacuum_notfull_uniform_heavy_mixed_run1.csv to ../analysis/Data/Value_size_data/value_sizes_postgresql_arrayjson_vacuum_notfull_run1_uniform_heavy_after_mixed.csv
Total size: 787796900, Field length average: 7877
Workload file fieldlength set to: 7877 (expected: 7877)
=== Executing the load phase for the comparison study ===
Comparison-load verification - Epoch:7 Run:4 TotalSize:787700000 ExpectedFieldLength:7877
Avg-run verification - Epoch:7 Run:4 Iteration:64 TotalSize:787700000 ExpectedFieldLength:7877
=== Executing the run phase with extendproportion=0 and read/update proportions=0.5 ===
Arrangement completed. Output saved to ../analysis/Data/Workload_data/postgresql_arrayjson_vacuum_notfull_run1_uniform_heavy_mixed.csv
=== Setting parameter values for extend phase ===
=== Executing the extend phase with extendproportion=1 and other proportions=0 ===
Arrangement completed. Output saved to ../analysis/Data/Workload_data/postgresql_arrayjson_vacuum_notfull_run1_uniform_heavy_mixed.csv
Size computation started
Extend verification - Min:71400 Max:82200 Avg:79651 (Expected avg per record: ~1000 bytes initially)
Generating histogram from key size log: key_sizes_postgresql_arrayjson_vacuum_notfull_uniform_heavy_mixed_run1.csv
Histogram written to histogram.txt (BlockSize = 100)
Appending subsequent iteration 65...
Iteration 65: Appended new size values from key_sizes_postgresql_arrayjson_vacuum_notfull_uniform_heavy_mixed_run1.csv to ../analysis/Data/Value_size_data/value_sizes_postgresql_arrayjson_vacuum_notfull_run1_uniform_heavy_before_mixed.csv
VACUUM start: 1774476714
VACUUM end: 1774476729
=== Setting parameter values for run phase ===
Checking query plan before run phase
=== Executing the run phase with extendproportion=0 and read/update proportions=0.5 ===
Arrangement completed. Output saved to ../analysis/Data/Workload_data/postgresql_arrayjson_vacuum_notfull_run1_uniform_heavy_mixed.csv
Arrangement completed. Output saved to ../analysis/Data/Workload_data/postgresql_arrayjson_vacuum_notfull_run1_uniform_heavy_mixed.csv
Backing up the database started
Backing up the database finished
Arrangement completed. Output saved to ../analysis/Data/Workload_data/postgresql_arrayjson_vacuum_notfull_run1_uniform_heavy_mixed.csv
Size computation started
Appending subsequent iteration 65...
Iteration 65: Appended new size values from key_sizes_postgresql_arrayjson_vacuum_notfull_uniform_heavy_mixed_run1.csv to ../analysis/Data/Value_size_data/value_sizes_postgresql_arrayjson_vacuum_notfull_run1_uniform_heavy_after_mixed.csv
Total size: 799816800, Field length average: 7998
Workload file fieldlength set to: 7998 (expected: 7998)
=== Executing the load phase for the comparison study ===
Comparison-load verification - Epoch:7 Run:5 TotalSize:799800000 ExpectedFieldLength:7998
Avg-run verification - Epoch:7 Run:5 Iteration:65 TotalSize:799800000 ExpectedFieldLength:7998
=== Executing the run phase with extendproportion=0 and read/update proportions=0.5 ===
Arrangement completed. Output saved to ../analysis/Data/Workload_data/postgresql_arrayjson_vacuum_notfull_run1_uniform_heavy_mixed.csv
=== Setting parameter values for extend phase ===
=== Executing the extend phase with extendproportion=1 and other proportions=0 ===
Arrangement completed. Output saved to ../analysis/Data/Workload_data/postgresql_arrayjson_vacuum_notfull_run1_uniform_heavy_mixed.csv
Size computation started
Extend verification - Min:71900 Max:83200 Avg:80859 (Expected avg per record: ~1000 bytes initially)
Generating histogram from key size log: key_sizes_postgresql_arrayjson_vacuum_notfull_uniform_heavy_mixed_run1.csv
Histogram written to histogram.txt (BlockSize = 100)
Appending subsequent iteration 66...
Iteration 66: Appended new size values from key_sizes_postgresql_arrayjson_vacuum_notfull_uniform_heavy_mixed_run1.csv to ../analysis/Data/Value_size_data/value_sizes_postgresql_arrayjson_vacuum_notfull_run1_uniform_heavy_before_mixed.csv
VACUUM start: 1774477430
VACUUM end: 1774477450
=== Setting parameter values for run phase ===
Checking query plan before run phase
=== Executing the run phase with extendproportion=0 and read/update proportions=0.5 ===
Arrangement completed. Output saved to ../analysis/Data/Workload_data/postgresql_arrayjson_vacuum_notfull_run1_uniform_heavy_mixed.csv
Arrangement completed. Output saved to ../analysis/Data/Workload_data/postgresql_arrayjson_vacuum_notfull_run1_uniform_heavy_mixed.csv
Backing up the database started
Backing up the database finished
Arrangement completed. Output saved to ../analysis/Data/Workload_data/postgresql_arrayjson_vacuum_notfull_run1_uniform_heavy_mixed.csv
Size computation started
Appending subsequent iteration 66...
Iteration 66: Appended new size values from key_sizes_postgresql_arrayjson_vacuum_notfull_uniform_heavy_mixed_run1.csv to ../analysis/Data/Value_size_data/value_sizes_postgresql_arrayjson_vacuum_notfull_run1_uniform_heavy_after_mixed.csv
Total size: 812006200, Field length average: 8120
Workload file fieldlength set to: 8120 (expected: 8120)
=== Executing the load phase for the comparison study ===
Comparison-load verification - Epoch:7 Run:6 TotalSize:812000000 ExpectedFieldLength:8120
Avg-run verification - Epoch:7 Run:6 Iteration:66 TotalSize:812000000 ExpectedFieldLength:8120
=== Executing the run phase with extendproportion=0 and read/update proportions=0.5 ===
Arrangement completed. Output saved to ../analysis/Data/Workload_data/postgresql_arrayjson_vacuum_notfull_run1_uniform_heavy_mixed.csv
=== Setting parameter values for extend phase ===
=== Executing the extend phase with extendproportion=1 and other proportions=0 ===
Arrangement completed. Output saved to ../analysis/Data/Workload_data/postgresql_arrayjson_vacuum_notfull_run1_uniform_heavy_mixed.csv
Size computation started
Extend verification - Min:73300 Max:84100 Avg:82070 (Expected avg per record: ~1000 bytes initially)
Generating histogram from key size log: key_sizes_postgresql_arrayjson_vacuum_notfull_uniform_heavy_mixed_run1.csv
Histogram written to histogram.txt (BlockSize = 100)
Appending subsequent iteration 67...
Iteration 67: Appended new size values from key_sizes_postgresql_arrayjson_vacuum_notfull_uniform_heavy_mixed_run1.csv to ../analysis/Data/Value_size_data/value_sizes_postgresql_arrayjson_vacuum_notfull_run1_uniform_heavy_before_mixed.csv
VACUUM start: 1774478148
VACUUM end: 1774478169
=== Setting parameter values for run phase ===
Checking query plan before run phase
=== Executing the run phase with extendproportion=0 and read/update proportions=0.5 ===
Arrangement completed. Output saved to ../analysis/Data/Workload_data/postgresql_arrayjson_vacuum_notfull_run1_uniform_heavy_mixed.csv
Arrangement completed. Output saved to ../analysis/Data/Workload_data/postgresql_arrayjson_vacuum_notfull_run1_uniform_heavy_mixed.csv
Backing up the database started
Backing up the database finished
Arrangement completed. Output saved to ../analysis/Data/Workload_data/postgresql_arrayjson_vacuum_notfull_run1_uniform_heavy_mixed.csv
Size computation started
Appending subsequent iteration 67...
Iteration 67: Appended new size values from key_sizes_postgresql_arrayjson_vacuum_notfull_uniform_heavy_mixed_run1.csv to ../analysis/Data/Value_size_data/value_sizes_postgresql_arrayjson_vacuum_notfull_run1_uniform_heavy_after_mixed.csv
Total size: 824083100, Field length average: 8240
Workload file fieldlength set to: 8240 (expected: 8240)
=== Executing the load phase for the comparison study ===
Comparison-load verification - Epoch:7 Run:7 TotalSize:824000000 ExpectedFieldLength:8240
Avg-run verification - Epoch:7 Run:7 Iteration:67 TotalSize:824000000 ExpectedFieldLength:8240
=== Executing the run phase with extendproportion=0 and read/update proportions=0.5 ===
Arrangement completed. Output saved to ../analysis/Data/Workload_data/postgresql_arrayjson_vacuum_notfull_run1_uniform_heavy_mixed.csv
=== Setting parameter values for extend phase ===
=== Executing the extend phase with extendproportion=1 and other proportions=0 ===
Arrangement completed. Output saved to ../analysis/Data/Workload_data/postgresql_arrayjson_vacuum_notfull_run1_uniform_heavy_mixed.csv
Size computation started
Extend verification - Min:74200 Max:85500 Avg:83284 (Expected avg per record: ~1000 bytes initially)
Generating histogram from key size log: key_sizes_postgresql_arrayjson_vacuum_notfull_uniform_heavy_mixed_run1.csv
Histogram written to histogram.txt (BlockSize = 100)
Appending subsequent iteration 68...
Iteration 68: Appended new size values from key_sizes_postgresql_arrayjson_vacuum_notfull_uniform_heavy_mixed_run1.csv to ../analysis/Data/Value_size_data/value_sizes_postgresql_arrayjson_vacuum_notfull_run1_uniform_heavy_before_mixed.csv
VACUUM start: 1774478871
VACUUM end: 1774478897
=== Setting parameter values for run phase ===
Checking query plan before run phase
=== Executing the run phase with extendproportion=0 and read/update proportions=0.5 ===
Arrangement completed. Output saved to ../analysis/Data/Workload_data/postgresql_arrayjson_vacuum_notfull_run1_uniform_heavy_mixed.csv
Arrangement completed. Output saved to ../analysis/Data/Workload_data/postgresql_arrayjson_vacuum_notfull_run1_uniform_heavy_mixed.csv
Backing up the database started
Backing up the database finished
Arrangement completed. Output saved to ../analysis/Data/Workload_data/postgresql_arrayjson_vacuum_notfull_run1_uniform_heavy_mixed.csv
Size computation started
Appending subsequent iteration 68...
Iteration 68: Appended new size values from key_sizes_postgresql_arrayjson_vacuum_notfull_uniform_heavy_mixed_run1.csv to ../analysis/Data/Value_size_data/value_sizes_postgresql_arrayjson_vacuum_notfull_run1_uniform_heavy_after_mixed.csv
Total size: 836130200, Field length average: 8361
Workload file fieldlength set to: 8361 (expected: 8361)
=== Executing the load phase for the comparison study ===
Comparison-load verification - Epoch:7 Run:8 TotalSize:836100000 ExpectedFieldLength:8361
Avg-run verification - Epoch:7 Run:8 Iteration:68 TotalSize:836100000 ExpectedFieldLength:8361
=== Executing the run phase with extendproportion=0 and read/update proportions=0.5 ===
Arrangement completed. Output saved to ../analysis/Data/Workload_data/postgresql_arrayjson_vacuum_notfull_run1_uniform_heavy_mixed.csv
=== Setting parameter values for extend phase ===
=== Executing the extend phase with extendproportion=1 and other proportions=0 ===
Arrangement completed. Output saved to ../analysis/Data/Workload_data/postgresql_arrayjson_vacuum_notfull_run1_uniform_heavy_mixed.csv
Size computation started
Extend verification - Min:75500 Max:86900 Avg:84489 (Expected avg per record: ~1000 bytes initially)
Generating histogram from key size log: key_sizes_postgresql_arrayjson_vacuum_notfull_uniform_heavy_mixed_run1.csv
Histogram written to histogram.txt (BlockSize = 100)
Appending subsequent iteration 69...
Iteration 69: Appended new size values from key_sizes_postgresql_arrayjson_vacuum_notfull_uniform_heavy_mixed_run1.csv to ../analysis/Data/Value_size_data/value_sizes_postgresql_arrayjson_vacuum_notfull_run1_uniform_heavy_before_mixed.csv
VACUUM start: 1774479615
VACUUM end: 1774479635
=== Setting parameter values for run phase ===
Checking query plan before run phase
=== Executing the run phase with extendproportion=0 and read/update proportions=0.5 ===
Arrangement completed. Output saved to ../analysis/Data/Workload_data/postgresql_arrayjson_vacuum_notfull_run1_uniform_heavy_mixed.csv
Arrangement completed. Output saved to ../analysis/Data/Workload_data/postgresql_arrayjson_vacuum_notfull_run1_uniform_heavy_mixed.csv
Backing up the database started
Backing up the database finished
Arrangement completed. Output saved to ../analysis/Data/Workload_data/postgresql_arrayjson_vacuum_notfull_run1_uniform_heavy_mixed.csv
Size computation started
Appending subsequent iteration 69...
Iteration 69: Appended new size values from key_sizes_postgresql_arrayjson_vacuum_notfull_uniform_heavy_mixed_run1.csv to ../analysis/Data/Value_size_data/value_sizes_postgresql_arrayjson_vacuum_notfull_run1_uniform_heavy_after_mixed.csv
Total size: 848287100, Field length average: 8482
Workload file fieldlength set to: 8482 (expected: 8482)
=== Executing the load phase for the comparison study ===
Comparison-load verification - Epoch:7 Run:9 TotalSize:848200000 ExpectedFieldLength:8482
Avg-run verification - Epoch:7 Run:9 Iteration:69 TotalSize:848200000 ExpectedFieldLength:8482
=== Executing the run phase with extendproportion=0 and read/update proportions=0.5 ===
Arrangement completed. Output saved to ../analysis/Data/Workload_data/postgresql_arrayjson_vacuum_notfull_run1_uniform_heavy_mixed.csv
=== Setting parameter values for extend phase ===
=== Executing the extend phase with extendproportion=1 and other proportions=0 ===
Arrangement completed. Output saved to ../analysis/Data/Workload_data/postgresql_arrayjson_vacuum_notfull_run1_uniform_heavy_mixed.csv
Size computation started
Extend verification - Min:76400 Max:88000 Avg:85695 (Expected avg per record: ~1000 bytes initially)
Generating histogram from key size log: key_sizes_postgresql_arrayjson_vacuum_notfull_uniform_heavy_mixed_run1.csv
Histogram written to histogram.txt (BlockSize = 100)
Appending subsequent iteration 70...
Iteration 70: Appended new size values from key_sizes_postgresql_arrayjson_vacuum_notfull_uniform_heavy_mixed_run1.csv to ../analysis/Data/Value_size_data/value_sizes_postgresql_arrayjson_vacuum_notfull_run1_uniform_heavy_before_mixed.csv
VACUUM start: 1774480354
VACUUM end: 1774480368
=== Setting parameter values for run phase ===
Checking query plan before run phase
=== Executing the run phase with extendproportion=0 and read/update proportions=0.5 ===
Arrangement completed. Output saved to ../analysis/Data/Workload_data/postgresql_arrayjson_vacuum_notfull_run1_uniform_heavy_mixed.csv
Arrangement completed. Output saved to ../analysis/Data/Workload_data/postgresql_arrayjson_vacuum_notfull_run1_uniform_heavy_mixed.csv
Backing up the database started
Backing up the database finished
Arrangement completed. Output saved to ../analysis/Data/Workload_data/postgresql_arrayjson_vacuum_notfull_run1_uniform_heavy_mixed.csv
Size computation started
Appending subsequent iteration 70...
Iteration 70: Appended new size values from key_sizes_postgresql_arrayjson_vacuum_notfull_uniform_heavy_mixed_run1.csv to ../analysis/Data/Value_size_data/value_sizes_postgresql_arrayjson_vacuum_notfull_run1_uniform_heavy_after_mixed.csv
Total size: 860311200, Field length average: 8603
Workload file fieldlength set to: 8603 (expected: 8603)
=== Executing the load phase for the comparison study ===
Comparison-load verification - Epoch:7 Run:10 TotalSize:860300000 ExpectedFieldLength:8603
Avg-run verification - Epoch:7 Run:10 Iteration:70 TotalSize:860300000 ExpectedFieldLength:8603
=== Executing the run phase with extendproportion=0 and read/update proportions=0.5 ===
Arrangement completed. Output saved to ../analysis/Data/Workload_data/postgresql_arrayjson_vacuum_notfull_run1_uniform_heavy_mixed.csv
=== Setting parameter values for extend phase ===
=== Executing the extend phase with extendproportion=1 and other proportions=0 ===
Arrangement completed. Output saved to ../analysis/Data/Workload_data/postgresql_arrayjson_vacuum_notfull_run1_uniform_heavy_mixed.csv
Size computation started
Extend verification - Min:77500 Max:89300 Avg:86907 (Expected avg per record: ~1000 bytes initially)
Generating histogram from key size log: key_sizes_postgresql_arrayjson_vacuum_notfull_uniform_heavy_mixed_run1.csv
Histogram written to histogram.txt (BlockSize = 100)
Appending subsequent iteration 71...
Iteration 71: Appended new size values from key_sizes_postgresql_arrayjson_vacuum_notfull_uniform_heavy_mixed_run1.csv to ../analysis/Data/Value_size_data/value_sizes_postgresql_arrayjson_vacuum_notfull_run1_uniform_heavy_before_mixed.csv
VACUUM start: 1774481094
VACUUM end: 1774481112
=== Setting parameter values for run phase ===
Checking query plan before run phase
=== Executing the run phase with extendproportion=0 and read/update proportions=0.5 ===
Arrangement completed. Output saved to ../analysis/Data/Workload_data/postgresql_arrayjson_vacuum_notfull_run1_uniform_heavy_mixed.csv
Arrangement completed. Output saved to ../analysis/Data/Workload_data/postgresql_arrayjson_vacuum_notfull_run1_uniform_heavy_mixed.csv
Backing up the database started
Backing up the database finished
Arrangement completed. Output saved to ../analysis/Data/Workload_data/postgresql_arrayjson_vacuum_notfull_run1_uniform_heavy_mixed.csv
Size computation started
Appending subsequent iteration 71...
Iteration 71: Appended new size values from key_sizes_postgresql_arrayjson_vacuum_notfull_uniform_heavy_mixed_run1.csv to ../analysis/Data/Value_size_data/value_sizes_postgresql_arrayjson_vacuum_notfull_run1_uniform_heavy_after_mixed.csv
Total size: 872429800, Field length average: 8724
Workload file fieldlength set to: 8724 (expected: 8724)
=== Executing the load phase for the comparison study ===
Comparison-load verification - Epoch:8 Run:1 TotalSize:872400000 ExpectedFieldLength:8724
Avg-run verification - Epoch:8 Run:1 Iteration:71 TotalSize:872400000 ExpectedFieldLength:8724
=== Executing the run phase with extendproportion=0 and read/update proportions=0.5 ===
Arrangement completed. Output saved to ../analysis/Data/Workload_data/postgresql_arrayjson_vacuum_notfull_run1_uniform_heavy_mixed.csv
=== Setting parameter values for extend phase ===
=== Executing the extend phase with extendproportion=1 and other proportions=0 ===
Arrangement completed. Output saved to ../analysis/Data/Workload_data/postgresql_arrayjson_vacuum_notfull_run1_uniform_heavy_mixed.csv
Size computation started
Extend verification - Min:79100 Max:90500 Avg:88117 (Expected avg per record: ~1000 bytes initially)
Generating histogram from key size log: key_sizes_postgresql_arrayjson_vacuum_notfull_uniform_heavy_mixed_run1.csv
Histogram written to histogram.txt (BlockSize = 100)
Appending subsequent iteration 72...
Iteration 72: Appended new size values from key_sizes_postgresql_arrayjson_vacuum_notfull_uniform_heavy_mixed_run1.csv to ../analysis/Data/Value_size_data/value_sizes_postgresql_arrayjson_vacuum_notfull_run1_uniform_heavy_before_mixed.csv
VACUUM start: 1774481847
VACUUM end: 1774481863
=== Setting parameter values for run phase ===
Checking query plan before run phase
=== Executing the run phase with extendproportion=0 and read/update proportions=0.5 ===
Arrangement completed. Output saved to ../analysis/Data/Workload_data/postgresql_arrayjson_vacuum_notfull_run1_uniform_heavy_mixed.csv
Arrangement completed. Output saved to ../analysis/Data/Workload_data/postgresql_arrayjson_vacuum_notfull_run1_uniform_heavy_mixed.csv
Backing up the database started
Backing up the database finished
Arrangement completed. Output saved to ../analysis/Data/Workload_data/postgresql_arrayjson_vacuum_notfull_run1_uniform_heavy_mixed.csv
Size computation started
Appending subsequent iteration 72...
Iteration 72: Appended new size values from key_sizes_postgresql_arrayjson_vacuum_notfull_uniform_heavy_mixed_run1.csv to ../analysis/Data/Value_size_data/value_sizes_postgresql_arrayjson_vacuum_notfull_run1_uniform_heavy_after_mixed.csv
Total size: 884668200, Field length average: 8846
Workload file fieldlength set to: 8846 (expected: 8846)
=== Executing the load phase for the comparison study ===
Comparison-load verification - Epoch:8 Run:2 TotalSize:884600000 ExpectedFieldLength:8846
Avg-run verification - Epoch:8 Run:2 Iteration:72 TotalSize:884600000 ExpectedFieldLength:8846
=== Executing the run phase with extendproportion=0 and read/update proportions=0.5 ===
Arrangement completed. Output saved to ../analysis/Data/Workload_data/postgresql_arrayjson_vacuum_notfull_run1_uniform_heavy_mixed.csv
=== Setting parameter values for extend phase ===
=== Executing the extend phase with extendproportion=1 and other proportions=0 ===
Arrangement completed. Output saved to ../analysis/Data/Workload_data/postgresql_arrayjson_vacuum_notfull_run1_uniform_heavy_mixed.csv
Size computation started
Extend verification - Min:80000 Max:91500 Avg:89334 (Expected avg per record: ~1000 bytes initially)
Generating histogram from key size log: key_sizes_postgresql_arrayjson_vacuum_notfull_uniform_heavy_mixed_run1.csv
Histogram written to histogram.txt (BlockSize = 100)
Appending subsequent iteration 73...
Iteration 73: Appended new size values from key_sizes_postgresql_arrayjson_vacuum_notfull_uniform_heavy_mixed_run1.csv to ../analysis/Data/Value_size_data/value_sizes_postgresql_arrayjson_vacuum_notfull_run1_uniform_heavy_before_mixed.csv
VACUUM start: 1774482598
VACUUM end: 1774482619
=== Setting parameter values for run phase ===
Checking query plan before run phase
=== Executing the run phase with extendproportion=0 and read/update proportions=0.5 ===
Arrangement completed. Output saved to ../analysis/Data/Workload_data/postgresql_arrayjson_vacuum_notfull_run1_uniform_heavy_mixed.csv
Arrangement completed. Output saved to ../analysis/Data/Workload_data/postgresql_arrayjson_vacuum_notfull_run1_uniform_heavy_mixed.csv
Backing up the database started
Backing up the database finished
Arrangement completed. Output saved to ../analysis/Data/Workload_data/postgresql_arrayjson_vacuum_notfull_run1_uniform_heavy_mixed.csv
Size computation started
Appending subsequent iteration 73...
Iteration 73: Appended new size values from key_sizes_postgresql_arrayjson_vacuum_notfull_uniform_heavy_mixed_run1.csv to ../analysis/Data/Value_size_data/value_sizes_postgresql_arrayjson_vacuum_notfull_run1_uniform_heavy_after_mixed.csv
Total size: 896810700, Field length average: 8968
Workload file fieldlength set to: 8968 (expected: 8968)
=== Executing the load phase for the comparison study ===
Comparison-load verification - Epoch:8 Run:3 TotalSize:896800000 ExpectedFieldLength:8968
Avg-run verification - Epoch:8 Run:3 Iteration:73 TotalSize:896800000 ExpectedFieldLength:8968
=== Executing the run phase with extendproportion=0 and read/update proportions=0.5 ===
Arrangement completed. Output saved to ../analysis/Data/Workload_data/postgresql_arrayjson_vacuum_notfull_run1_uniform_heavy_mixed.csv
=== Setting parameter values for extend phase ===
=== Executing the extend phase with extendproportion=1 and other proportions=0 ===
Arrangement completed. Output saved to ../analysis/Data/Workload_data/postgresql_arrayjson_vacuum_notfull_run1_uniform_heavy_mixed.csv
Size computation started
Extend verification - Min:80900 Max:92600 Avg:90549 (Expected avg per record: ~1000 bytes initially)
Generating histogram from key size log: key_sizes_postgresql_arrayjson_vacuum_notfull_uniform_heavy_mixed_run1.csv
Histogram written to histogram.txt (BlockSize = 100)
Appending subsequent iteration 74...
Iteration 74: Appended new size values from key_sizes_postgresql_arrayjson_vacuum_notfull_uniform_heavy_mixed_run1.csv to ../analysis/Data/Value_size_data/value_sizes_postgresql_arrayjson_vacuum_notfull_run1_uniform_heavy_before_mixed.csv
VACUUM start: 1774483357
VACUUM end: 1774483380
=== Setting parameter values for run phase ===
Checking query plan before run phase
=== Executing the run phase with extendproportion=0 and read/update proportions=0.5 ===
Arrangement completed. Output saved to ../analysis/Data/Workload_data/postgresql_arrayjson_vacuum_notfull_run1_uniform_heavy_mixed.csv
Arrangement completed. Output saved to ../analysis/Data/Workload_data/postgresql_arrayjson_vacuum_notfull_run1_uniform_heavy_mixed.csv
Backing up the database started
Backing up the database finished
Arrangement completed. Output saved to ../analysis/Data/Workload_data/postgresql_arrayjson_vacuum_notfull_run1_uniform_heavy_mixed.csv
Size computation started
Appending subsequent iteration 74...
Iteration 74: Appended new size values from key_sizes_postgresql_arrayjson_vacuum_notfull_uniform_heavy_mixed_run1.csv to ../analysis/Data/Value_size_data/value_sizes_postgresql_arrayjson_vacuum_notfull_run1_uniform_heavy_after_mixed.csv
Total size: 908821800, Field length average: 9088
Workload file fieldlength set to: 9088 (expected: 9088)
=== Executing the load phase for the comparison study ===
Comparison-load verification - Epoch:8 Run:4 TotalSize:908800000 ExpectedFieldLength:9088
Avg-run verification - Epoch:8 Run:4 Iteration:74 TotalSize:908800000 ExpectedFieldLength:9088
=== Executing the run phase with extendproportion=0 and read/update proportions=0.5 ===
Arrangement completed. Output saved to ../analysis/Data/Workload_data/postgresql_arrayjson_vacuum_notfull_run1_uniform_heavy_mixed.csv
=== Setting parameter values for extend phase ===
=== Executing the extend phase with extendproportion=1 and other proportions=0 ===
Arrangement completed. Output saved to ../analysis/Data/Workload_data/postgresql_arrayjson_vacuum_notfull_run1_uniform_heavy_mixed.csv
Size computation started
Extend verification - Min:82100 Max:94000 Avg:91760 (Expected avg per record: ~1000 bytes initially)
Generating histogram from key size log: key_sizes_postgresql_arrayjson_vacuum_notfull_uniform_heavy_mixed_run1.csv
Histogram written to histogram.txt (BlockSize = 100)
Appending subsequent iteration 75...
Iteration 75: Appended new size values from key_sizes_postgresql_arrayjson_vacuum_notfull_uniform_heavy_mixed_run1.csv to ../analysis/Data/Value_size_data/value_sizes_postgresql_arrayjson_vacuum_notfull_run1_uniform_heavy_before_mixed.csv
VACUUM start: 1774484117
VACUUM end: 1774484137
=== Setting parameter values for run phase ===
Checking query plan before run phase
=== Executing the run phase with extendproportion=0 and read/update proportions=0.5 ===
Arrangement completed. Output saved to ../analysis/Data/Workload_data/postgresql_arrayjson_vacuum_notfull_run1_uniform_heavy_mixed.csv
Arrangement completed. Output saved to ../analysis/Data/Workload_data/postgresql_arrayjson_vacuum_notfull_run1_uniform_heavy_mixed.csv
Backing up the database started
Backing up the database finished
Arrangement completed. Output saved to ../analysis/Data/Workload_data/postgresql_arrayjson_vacuum_notfull_run1_uniform_heavy_mixed.csv
Size computation started
Appending subsequent iteration 75...
Iteration 75: Appended new size values from key_sizes_postgresql_arrayjson_vacuum_notfull_uniform_heavy_mixed_run1.csv to ../analysis/Data/Value_size_data/value_sizes_postgresql_arrayjson_vacuum_notfull_run1_uniform_heavy_after_mixed.csv
Total size: 920951500, Field length average: 9209
Workload file fieldlength set to: 9209 (expected: 9209)
=== Executing the load phase for the comparison study ===
Comparison-load verification - Epoch:8 Run:5 TotalSize:920900000 ExpectedFieldLength:9209
Avg-run verification - Epoch:8 Run:5 Iteration:75 TotalSize:920900000 ExpectedFieldLength:9209
=== Executing the run phase with extendproportion=0 and read/update proportions=0.5 ===
Arrangement completed. Output saved to ../analysis/Data/Workload_data/postgresql_arrayjson_vacuum_notfull_run1_uniform_heavy_mixed.csv
=== Setting parameter values for extend phase ===
=== Executing the extend phase with extendproportion=1 and other proportions=0 ===
Arrangement completed. Output saved to ../analysis/Data/Workload_data/postgresql_arrayjson_vacuum_notfull_run1_uniform_heavy_mixed.csv
Size computation started
Extend verification - Min:83600 Max:95400 Avg:92973 (Expected avg per record: ~1000 bytes initially)
Generating histogram from key size log: key_sizes_postgresql_arrayjson_vacuum_notfull_uniform_heavy_mixed_run1.csv
Histogram written to histogram.txt (BlockSize = 100)
Appending subsequent iteration 76...
Iteration 76: Appended new size values from key_sizes_postgresql_arrayjson_vacuum_notfull_uniform_heavy_mixed_run1.csv to ../analysis/Data/Value_size_data/value_sizes_postgresql_arrayjson_vacuum_notfull_run1_uniform_heavy_before_mixed.csv
VACUUM start: 1774484891
VACUUM end: 1774484905
=== Setting parameter values for run phase ===
Checking query plan before run phase
=== Executing the run phase with extendproportion=0 and read/update proportions=0.5 ===
Arrangement completed. Output saved to ../analysis/Data/Workload_data/postgresql_arrayjson_vacuum_notfull_run1_uniform_heavy_mixed.csv
Arrangement completed. Output saved to ../analysis/Data/Workload_data/postgresql_arrayjson_vacuum_notfull_run1_uniform_heavy_mixed.csv
Backing up the database started
Backing up the database finished
Arrangement completed. Output saved to ../analysis/Data/Workload_data/postgresql_arrayjson_vacuum_notfull_run1_uniform_heavy_mixed.csv
Size computation started
Appending subsequent iteration 76...
Iteration 76: Appended new size values from key_sizes_postgresql_arrayjson_vacuum_notfull_uniform_heavy_mixed_run1.csv to ../analysis/Data/Value_size_data/value_sizes_postgresql_arrayjson_vacuum_notfull_run1_uniform_heavy_after_mixed.csv
Total size: 933236100, Field length average: 9332
Workload file fieldlength set to: 9332 (expected: 9332)
=== Executing the load phase for the comparison study ===
Comparison-load verification - Epoch:8 Run:6 TotalSize:933200000 ExpectedFieldLength:9332
Avg-run verification - Epoch:8 Run:6 Iteration:76 TotalSize:933200000 ExpectedFieldLength:9332
=== Executing the run phase with extendproportion=0 and read/update proportions=0.5 ===
Arrangement completed. Output saved to ../analysis/Data/Workload_data/postgresql_arrayjson_vacuum_notfull_run1_uniform_heavy_mixed.csv
=== Setting parameter values for extend phase ===
=== Executing the extend phase with extendproportion=1 and other proportions=0 ===
Arrangement completed. Output saved to ../analysis/Data/Workload_data/postgresql_arrayjson_vacuum_notfull_run1_uniform_heavy_mixed.csv
Size computation started
Extend verification - Min:84300 Max:96400 Avg:94189 (Expected avg per record: ~1000 bytes initially)
Generating histogram from key size log: key_sizes_postgresql_arrayjson_vacuum_notfull_uniform_heavy_mixed_run1.csv
Histogram written to histogram.txt (BlockSize = 100)
Appending subsequent iteration 77...
Iteration 77: Appended new size values from key_sizes_postgresql_arrayjson_vacuum_notfull_uniform_heavy_mixed_run1.csv to ../analysis/Data/Value_size_data/value_sizes_postgresql_arrayjson_vacuum_notfull_run1_uniform_heavy_before_mixed.csv
VACUUM start: 1774485659
VACUUM end: 1774485682
=== Setting parameter values for run phase ===
Checking query plan before run phase
=== Executing the run phase with extendproportion=0 and read/update proportions=0.5 ===
Arrangement completed. Output saved to ../analysis/Data/Workload_data/postgresql_arrayjson_vacuum_notfull_run1_uniform_heavy_mixed.csv
Arrangement completed. Output saved to ../analysis/Data/Workload_data/postgresql_arrayjson_vacuum_notfull_run1_uniform_heavy_mixed.csv
Backing up the database started
Backing up the database finished
Arrangement completed. Output saved to ../analysis/Data/Workload_data/postgresql_arrayjson_vacuum_notfull_run1_uniform_heavy_mixed.csv
Size computation started
Appending subsequent iteration 77...
Iteration 77: Appended new size values from key_sizes_postgresql_arrayjson_vacuum_notfull_uniform_heavy_mixed_run1.csv to ../analysis/Data/Value_size_data/value_sizes_postgresql_arrayjson_vacuum_notfull_run1_uniform_heavy_after_mixed.csv
Total size: 945278600, Field length average: 9452
Workload file fieldlength set to: 9452 (expected: 9452)
=== Executing the load phase for the comparison study ===
Comparison-load verification - Epoch:8 Run:7 TotalSize:945200000 ExpectedFieldLength:9452
Avg-run verification - Epoch:8 Run:7 Iteration:77 TotalSize:945200000 ExpectedFieldLength:9452
=== Executing the run phase with extendproportion=0 and read/update proportions=0.5 ===
Arrangement completed. Output saved to ../analysis/Data/Workload_data/postgresql_arrayjson_vacuum_notfull_run1_uniform_heavy_mixed.csv
=== Setting parameter values for extend phase ===
=== Executing the extend phase with extendproportion=1 and other proportions=0 ===
Arrangement completed. Output saved to ../analysis/Data/Workload_data/postgresql_arrayjson_vacuum_notfull_run1_uniform_heavy_mixed.csv
Size computation started
Extend verification - Min:85200 Max:97800 Avg:95398 (Expected avg per record: ~1000 bytes initially)
Generating histogram from key size log: key_sizes_postgresql_arrayjson_vacuum_notfull_uniform_heavy_mixed_run1.csv
Histogram written to histogram.txt (BlockSize = 100)
Appending subsequent iteration 78...
Iteration 78: Appended new size values from key_sizes_postgresql_arrayjson_vacuum_notfull_uniform_heavy_mixed_run1.csv to ../analysis/Data/Value_size_data/value_sizes_postgresql_arrayjson_vacuum_notfull_run1_uniform_heavy_before_mixed.csv
VACUUM start: 1774486446
VACUUM end: 1774486466
=== Setting parameter values for run phase ===
Checking query plan before run phase
=== Executing the run phase with extendproportion=0 and read/update proportions=0.5 ===
Arrangement completed. Output saved to ../analysis/Data/Workload_data/postgresql_arrayjson_vacuum_notfull_run1_uniform_heavy_mixed.csv
Arrangement completed. Output saved to ../analysis/Data/Workload_data/postgresql_arrayjson_vacuum_notfull_run1_uniform_heavy_mixed.csv
Backing up the database started
Backing up the database finished
Arrangement completed. Output saved to ../analysis/Data/Workload_data/postgresql_arrayjson_vacuum_notfull_run1_uniform_heavy_mixed.csv
Size computation started
Appending subsequent iteration 78...
Iteration 78: Appended new size values from key_sizes_postgresql_arrayjson_vacuum_notfull_uniform_heavy_mixed_run1.csv to ../analysis/Data/Value_size_data/value_sizes_postgresql_arrayjson_vacuum_notfull_run1_uniform_heavy_after_mixed.csv
Total size: 957366200, Field length average: 9573
Workload file fieldlength set to: 9573 (expected: 9573)
=== Executing the load phase for the comparison study ===
Comparison-load verification - Epoch:8 Run:8 TotalSize:957300000 ExpectedFieldLength:9573
Avg-run verification - Epoch:8 Run:8 Iteration:78 TotalSize:957300000 ExpectedFieldLength:9573
=== Executing the run phase with extendproportion=0 and read/update proportions=0.5 ===
Arrangement completed. Output saved to ../analysis/Data/Workload_data/postgresql_arrayjson_vacuum_notfull_run1_uniform_heavy_mixed.csv
=== Setting parameter values for extend phase ===
=== Executing the extend phase with extendproportion=1 and other proportions=0 ===
Arrangement completed. Output saved to ../analysis/Data/Workload_data/postgresql_arrayjson_vacuum_notfull_run1_uniform_heavy_mixed.csv
Size computation started
Extend verification - Min:86100 Max:98900 Avg:96608 (Expected avg per record: ~1000 bytes initially)
Generating histogram from key size log: key_sizes_postgresql_arrayjson_vacuum_notfull_uniform_heavy_mixed_run1.csv
Histogram written to histogram.txt (BlockSize = 100)
Appending subsequent iteration 79...
Iteration 79: Appended new size values from key_sizes_postgresql_arrayjson_vacuum_notfull_uniform_heavy_mixed_run1.csv to ../analysis/Data/Value_size_data/value_sizes_postgresql_arrayjson_vacuum_notfull_run1_uniform_heavy_before_mixed.csv
VACUUM start: 1774487231
VACUUM end: 1774487247
=== Setting parameter values for run phase ===
Checking query plan before run phase
=== Executing the run phase with extendproportion=0 and read/update proportions=0.5 ===
Arrangement completed. Output saved to ../analysis/Data/Workload_data/postgresql_arrayjson_vacuum_notfull_run1_uniform_heavy_mixed.csv
Arrangement completed. Output saved to ../analysis/Data/Workload_data/postgresql_arrayjson_vacuum_notfull_run1_uniform_heavy_mixed.csv
Backing up the database started
Backing up the database finished
Arrangement completed. Output saved to ../analysis/Data/Workload_data/postgresql_arrayjson_vacuum_notfull_run1_uniform_heavy_mixed.csv
Size computation started
Appending subsequent iteration 79...
Iteration 79: Appended new size values from key_sizes_postgresql_arrayjson_vacuum_notfull_uniform_heavy_mixed_run1.csv to ../analysis/Data/Value_size_data/value_sizes_postgresql_arrayjson_vacuum_notfull_run1_uniform_heavy_after_mixed.csv
Total size: 969427100, Field length average: 9694
Workload file fieldlength set to: 9694 (expected: 9694)
=== Executing the load phase for the comparison study ===
Comparison-load verification - Epoch:8 Run:9 TotalSize:969400000 ExpectedFieldLength:9694
Avg-run verification - Epoch:8 Run:9 Iteration:79 TotalSize:969400000 ExpectedFieldLength:9694
=== Executing the run phase with extendproportion=0 and read/update proportions=0.5 ===
Arrangement completed. Output saved to ../analysis/Data/Workload_data/postgresql_arrayjson_vacuum_notfull_run1_uniform_heavy_mixed.csv
=== Setting parameter values for extend phase ===
=== Executing the extend phase with extendproportion=1 and other proportions=0 ===
Arrangement completed. Output saved to ../analysis/Data/Workload_data/postgresql_arrayjson_vacuum_notfull_run1_uniform_heavy_mixed.csv
Size computation started
Extend verification - Min:87600 Max:100000 Avg:97817 (Expected avg per record: ~1000 bytes initially)
Generating histogram from key size log: key_sizes_postgresql_arrayjson_vacuum_notfull_uniform_heavy_mixed_run1.csv
Histogram written to histogram.txt (BlockSize = 100)
Appending subsequent iteration 80...
Iteration 80: Appended new size values from key_sizes_postgresql_arrayjson_vacuum_notfull_uniform_heavy_mixed_run1.csv to ../analysis/Data/Value_size_data/value_sizes_postgresql_arrayjson_vacuum_notfull_run1_uniform_heavy_before_mixed.csv
VACUUM start: 1774488025
VACUUM end: 1774488037
=== Setting parameter values for run phase ===
Checking query plan before run phase
=== Executing the run phase with extendproportion=0 and read/update proportions=0.5 ===
Arrangement completed. Output saved to ../analysis/Data/Workload_data/postgresql_arrayjson_vacuum_notfull_run1_uniform_heavy_mixed.csv
Arrangement completed. Output saved to ../analysis/Data/Workload_data/postgresql_arrayjson_vacuum_notfull_run1_uniform_heavy_mixed.csv
Backing up the database started
Backing up the database finished
Arrangement completed. Output saved to ../analysis/Data/Workload_data/postgresql_arrayjson_vacuum_notfull_run1_uniform_heavy_mixed.csv
Size computation started
Appending subsequent iteration 80...
Iteration 80: Appended new size values from key_sizes_postgresql_arrayjson_vacuum_notfull_uniform_heavy_mixed_run1.csv to ../analysis/Data/Value_size_data/value_sizes_postgresql_arrayjson_vacuum_notfull_run1_uniform_heavy_after_mixed.csv
Total size: 981574200, Field length average: 9815
Workload file fieldlength set to: 9815 (expected: 9815)
=== Executing the load phase for the comparison study ===
Comparison-load verification - Epoch:8 Run:10 TotalSize:981500000 ExpectedFieldLength:9815
Avg-run verification - Epoch:8 Run:10 Iteration:80 TotalSize:981500000 ExpectedFieldLength:9815
=== Executing the run phase with extendproportion=0 and read/update proportions=0.5 ===
Arrangement completed. Output saved to ../analysis/Data/Workload_data/postgresql_arrayjson_vacuum_notfull_run1_uniform_heavy_mixed.csv
=== Setting parameter values for extend phase ===
=== Executing the extend phase with extendproportion=1 and other proportions=0 ===
Arrangement completed. Output saved to ../analysis/Data/Workload_data/postgresql_arrayjson_vacuum_notfull_run1_uniform_heavy_mixed.csv
Size computation started
Extend verification - Min:88600 Max:101100 Avg:99033 (Expected avg per record: ~1000 bytes initially)
Generating histogram from key size log: key_sizes_postgresql_arrayjson_vacuum_notfull_uniform_heavy_mixed_run1.csv
Histogram written to histogram.txt (BlockSize = 100)
Appending subsequent iteration 81...
Iteration 81: Appended new size values from key_sizes_postgresql_arrayjson_vacuum_notfull_uniform_heavy_mixed_run1.csv to ../analysis/Data/Value_size_data/value_sizes_postgresql_arrayjson_vacuum_notfull_run1_uniform_heavy_before_mixed.csv
VACUUM start: 1774488817
VACUUM end: 1774488830
=== Setting parameter values for run phase ===
Checking query plan before run phase
=== Executing the run phase with extendproportion=0 and read/update proportions=0.5 ===
Arrangement completed. Output saved to ../analysis/Data/Workload_data/postgresql_arrayjson_vacuum_notfull_run1_uniform_heavy_mixed.csv
Arrangement completed. Output saved to ../analysis/Data/Workload_data/postgresql_arrayjson_vacuum_notfull_run1_uniform_heavy_mixed.csv
Backing up the database started
Backing up the database finished
Arrangement completed. Output saved to ../analysis/Data/Workload_data/postgresql_arrayjson_vacuum_notfull_run1_uniform_heavy_mixed.csv
Size computation started
Appending subsequent iteration 81...
Iteration 81: Appended new size values from key_sizes_postgresql_arrayjson_vacuum_notfull_uniform_heavy_mixed_run1.csv to ../analysis/Data/Value_size_data/value_sizes_postgresql_arrayjson_vacuum_notfull_run1_uniform_heavy_after_mixed.csv
Total size: 993749400, Field length average: 9937
Workload file fieldlength set to: 9937 (expected: 9937)
=== Executing the load phase for the comparison study ===
Comparison-load verification - Epoch:9 Run:1 TotalSize:993700000 ExpectedFieldLength:9937
Avg-run verification - Epoch:9 Run:1 Iteration:81 TotalSize:993700000 ExpectedFieldLength:9937
=== Executing the run phase with extendproportion=0 and read/update proportions=0.5 ===
Arrangement completed. Output saved to ../analysis/Data/Workload_data/postgresql_arrayjson_vacuum_notfull_run1_uniform_heavy_mixed.csv
=== Setting parameter values for extend phase ===
=== Executing the extend phase with extendproportion=1 and other proportions=0 ===
Arrangement completed. Output saved to ../analysis/Data/Workload_data/postgresql_arrayjson_vacuum_notfull_run1_uniform_heavy_mixed.csv
Size computation started
Extend verification - Min:89700 Max:103200 Avg:100246 (Expected avg per record: ~1000 bytes initially)
Generating histogram from key size log: key_sizes_postgresql_arrayjson_vacuum_notfull_uniform_heavy_mixed_run1.csv
Histogram written to histogram.txt (BlockSize = 100)
Appending subsequent iteration 82...
Iteration 82: Appended new size values from key_sizes_postgresql_arrayjson_vacuum_notfull_uniform_heavy_mixed_run1.csv to ../analysis/Data/Value_size_data/value_sizes_postgresql_arrayjson_vacuum_notfull_run1_uniform_heavy_before_mixed.csv
VACUUM start: 1774489617
VACUUM end: 1774489644
=== Setting parameter values for run phase ===
Checking query plan before run phase
=== Executing the run phase with extendproportion=0 and read/update proportions=0.5 ===
Arrangement completed. Output saved to ../analysis/Data/Workload_data/postgresql_arrayjson_vacuum_notfull_run1_uniform_heavy_mixed.csv
Arrangement completed. Output saved to ../analysis/Data/Workload_data/postgresql_arrayjson_vacuum_notfull_run1_uniform_heavy_mixed.csv
Backing up the database started
Backing up the database finished
Arrangement completed. Output saved to ../analysis/Data/Workload_data/postgresql_arrayjson_vacuum_notfull_run1_uniform_heavy_mixed.csv
Size computation started
Appending subsequent iteration 82...
Iteration 82: Appended new size values from key_sizes_postgresql_arrayjson_vacuum_notfull_uniform_heavy_mixed_run1.csv to ../analysis/Data/Value_size_data/value_sizes_postgresql_arrayjson_vacuum_notfull_run1_uniform_heavy_after_mixed.csv
Total size: 1005916500, Field length average: 10059
Workload file fieldlength set to: 10059 (expected: 10059)
=== Executing the load phase for the comparison study ===
Comparison-load verification - Epoch:9 Run:2 TotalSize:1005900000 ExpectedFieldLength:10059
Avg-run verification - Epoch:9 Run:2 Iteration:82 TotalSize:1005900000 ExpectedFieldLength:10059
=== Executing the run phase with extendproportion=0 and read/update proportions=0.5 ===
Arrangement completed. Output saved to ../analysis/Data/Workload_data/postgresql_arrayjson_vacuum_notfull_run1_uniform_heavy_mixed.csv
=== Setting parameter values for extend phase ===
=== Executing the extend phase with extendproportion=1 and other proportions=0 ===
Arrangement completed. Output saved to ../analysis/Data/Workload_data/postgresql_arrayjson_vacuum_notfull_run1_uniform_heavy_mixed.csv
Size computation started
Extend verification - Min:90900 Max:104000 Avg:101459 (Expected avg per record: ~1000 bytes initially)
Generating histogram from key size log: key_sizes_postgresql_arrayjson_vacuum_notfull_uniform_heavy_mixed_run1.csv
Histogram written to histogram.txt (BlockSize = 100)
Appending subsequent iteration 83...
Iteration 83: Appended new size values from key_sizes_postgresql_arrayjson_vacuum_notfull_uniform_heavy_mixed_run1.csv to ../analysis/Data/Value_size_data/value_sizes_postgresql_arrayjson_vacuum_notfull_run1_uniform_heavy_before_mixed.csv
VACUUM start: 1774490427
VACUUM end: 1774490444
=== Setting parameter values for run phase ===
Checking query plan before run phase
=== Executing the run phase with extendproportion=0 and read/update proportions=0.5 ===
Arrangement completed. Output saved to ../analysis/Data/Workload_data/postgresql_arrayjson_vacuum_notfull_run1_uniform_heavy_mixed.csv
Arrangement completed. Output saved to ../analysis/Data/Workload_data/postgresql_arrayjson_vacuum_notfull_run1_uniform_heavy_mixed.csv
Backing up the database started
Backing up the database finished
Arrangement completed. Output saved to ../analysis/Data/Workload_data/postgresql_arrayjson_vacuum_notfull_run1_uniform_heavy_mixed.csv
Size computation started
Appending subsequent iteration 83...
Iteration 83: Appended new size values from key_sizes_postgresql_arrayjson_vacuum_notfull_uniform_heavy_mixed_run1.csv to ../analysis/Data/Value_size_data/value_sizes_postgresql_arrayjson_vacuum_notfull_run1_uniform_heavy_after_mixed.csv
Total size: 1018074800, Field length average: 10180
Workload file fieldlength set to: 10180 (expected: 10180)
=== Executing the load phase for the comparison study ===
Comparison-load verification - Epoch:9 Run:3 TotalSize:1018000000 ExpectedFieldLength:10180
Avg-run verification - Epoch:9 Run:3 Iteration:83 TotalSize:1018000000 ExpectedFieldLength:10180
=== Executing the run phase with extendproportion=0 and read/update proportions=0.5 ===
Arrangement completed. Output saved to ../analysis/Data/Workload_data/postgresql_arrayjson_vacuum_notfull_run1_uniform_heavy_mixed.csv
=== Setting parameter values for extend phase ===
=== Executing the extend phase with extendproportion=1 and other proportions=0 ===
Arrangement completed. Output saved to ../analysis/Data/Workload_data/postgresql_arrayjson_vacuum_notfull_run1_uniform_heavy_mixed.csv
Size computation started
Extend verification - Min:92000 Max:104800 Avg:102676 (Expected avg per record: ~1000 bytes initially)
Generating histogram from key size log: key_sizes_postgresql_arrayjson_vacuum_notfull_uniform_heavy_mixed_run1.csv
Histogram written to histogram.txt (BlockSize = 100)
Appending subsequent iteration 84...
Iteration 84: Appended new size values from key_sizes_postgresql_arrayjson_vacuum_notfull_uniform_heavy_mixed_run1.csv to ../analysis/Data/Value_size_data/value_sizes_postgresql_arrayjson_vacuum_notfull_run1_uniform_heavy_before_mixed.csv
VACUUM start: 1774491228
VACUUM end: 1774491258
=== Setting parameter values for run phase ===
Checking query plan before run phase
=== Executing the run phase with extendproportion=0 and read/update proportions=0.5 ===
Arrangement completed. Output saved to ../analysis/Data/Workload_data/postgresql_arrayjson_vacuum_notfull_run1_uniform_heavy_mixed.csv
Arrangement completed. Output saved to ../analysis/Data/Workload_data/postgresql_arrayjson_vacuum_notfull_run1_uniform_heavy_mixed.csv
Backing up the database started
Backing up the database finished
Arrangement completed. Output saved to ../analysis/Data/Workload_data/postgresql_arrayjson_vacuum_notfull_run1_uniform_heavy_mixed.csv
Size computation started
Appending subsequent iteration 84...
Iteration 84: Appended new size values from key_sizes_postgresql_arrayjson_vacuum_notfull_uniform_heavy_mixed_run1.csv to ../analysis/Data/Value_size_data/value_sizes_postgresql_arrayjson_vacuum_notfull_run1_uniform_heavy_after_mixed.csv
Total size: 1030076400, Field length average: 10300
Workload file fieldlength set to: 10300 (expected: 10300)
=== Executing the load phase for the comparison study ===
Comparison-load verification - Epoch:9 Run:4 TotalSize:1030000000 ExpectedFieldLength:10300
Avg-run verification - Epoch:9 Run:4 Iteration:84 TotalSize:1030000000 ExpectedFieldLength:10300
=== Executing the run phase with extendproportion=0 and read/update proportions=0.5 ===
Arrangement completed. Output saved to ../analysis/Data/Workload_data/postgresql_arrayjson_vacuum_notfull_run1_uniform_heavy_mixed.csv
=== Setting parameter values for extend phase ===
=== Executing the extend phase with extendproportion=1 and other proportions=0 ===
Arrangement completed. Output saved to ../analysis/Data/Workload_data/postgresql_arrayjson_vacuum_notfull_run1_uniform_heavy_mixed.csv
Size computation started
Extend verification - Min:93000 Max:106000 Avg:103880 (Expected avg per record: ~1000 bytes initially)
Generating histogram from key size log: key_sizes_postgresql_arrayjson_vacuum_notfull_uniform_heavy_mixed_run1.csv
Histogram written to histogram.txt (BlockSize = 100)
Appending subsequent iteration 85...
Iteration 85: Appended new size values from key_sizes_postgresql_arrayjson_vacuum_notfull_uniform_heavy_mixed_run1.csv to ../analysis/Data/Value_size_data/value_sizes_postgresql_arrayjson_vacuum_notfull_run1_uniform_heavy_before_mixed.csv
VACUUM start: 1774492050
VACUUM end: 1774492067
=== Setting parameter values for run phase ===
Checking query plan before run phase
=== Executing the run phase with extendproportion=0 and read/update proportions=0.5 ===
Arrangement completed. Output saved to ../analysis/Data/Workload_data/postgresql_arrayjson_vacuum_notfull_run1_uniform_heavy_mixed.csv
Arrangement completed. Output saved to ../analysis/Data/Workload_data/postgresql_arrayjson_vacuum_notfull_run1_uniform_heavy_mixed.csv
Backing up the database started
Backing up the database finished
Arrangement completed. Output saved to ../analysis/Data/Workload_data/postgresql_arrayjson_vacuum_notfull_run1_uniform_heavy_mixed.csv
Size computation started
Appending subsequent iteration 85...
Iteration 85: Appended new size values from key_sizes_postgresql_arrayjson_vacuum_notfull_uniform_heavy_mixed_run1.csv to ../analysis/Data/Value_size_data/value_sizes_postgresql_arrayjson_vacuum_notfull_run1_uniform_heavy_after_mixed.csv
Total size: 1042185200, Field length average: 10421
Workload file fieldlength set to: 10421 (expected: 10421)
=== Executing the load phase for the comparison study ===
Comparison-load verification - Epoch:9 Run:5 TotalSize:1042100000 ExpectedFieldLength:10421
Avg-run verification - Epoch:9 Run:5 Iteration:85 TotalSize:1042100000 ExpectedFieldLength:10421
=== Executing the run phase with extendproportion=0 and read/update proportions=0.5 ===
Arrangement completed. Output saved to ../analysis/Data/Workload_data/postgresql_arrayjson_vacuum_notfull_run1_uniform_heavy_mixed.csv
=== Setting parameter values for extend phase ===
=== Executing the extend phase with extendproportion=1 and other proportions=0 ===
Arrangement completed. Output saved to ../analysis/Data/Workload_data/postgresql_arrayjson_vacuum_notfull_run1_uniform_heavy_mixed.csv
Size computation started
Extend verification - Min:94000 Max:107200 Avg:105092 (Expected avg per record: ~1000 bytes initially)
Generating histogram from key size log: key_sizes_postgresql_arrayjson_vacuum_notfull_uniform_heavy_mixed_run1.csv
Histogram written to histogram.txt (BlockSize = 100)
Appending subsequent iteration 86...
Iteration 86: Appended new size values from key_sizes_postgresql_arrayjson_vacuum_notfull_uniform_heavy_mixed_run1.csv to ../analysis/Data/Value_size_data/value_sizes_postgresql_arrayjson_vacuum_notfull_run1_uniform_heavy_before_mixed.csv
VACUUM start: 1774492864
VACUUM end: 1774492893
=== Setting parameter values for run phase ===
Checking query plan before run phase
=== Executing the run phase with extendproportion=0 and read/update proportions=0.5 ===
Arrangement completed. Output saved to ../analysis/Data/Workload_data/postgresql_arrayjson_vacuum_notfull_run1_uniform_heavy_mixed.csv
Arrangement completed. Output saved to ../analysis/Data/Workload_data/postgresql_arrayjson_vacuum_notfull_run1_uniform_heavy_mixed.csv
Backing up the database started
Backing up the database finished
Arrangement completed. Output saved to ../analysis/Data/Workload_data/postgresql_arrayjson_vacuum_notfull_run1_uniform_heavy_mixed.csv
Size computation started
Appending subsequent iteration 86...
Iteration 86: Appended new size values from key_sizes_postgresql_arrayjson_vacuum_notfull_uniform_heavy_mixed_run1.csv to ../analysis/Data/Value_size_data/value_sizes_postgresql_arrayjson_vacuum_notfull_run1_uniform_heavy_after_mixed.csv
Total size: 1054280200, Field length average: 10542
Workload file fieldlength set to: 10542 (expected: 10542)
=== Executing the load phase for the comparison study ===
Comparison-load verification - Epoch:9 Run:6 TotalSize:1054200000 ExpectedFieldLength:10542
Avg-run verification - Epoch:9 Run:6 Iteration:86 TotalSize:1054200000 ExpectedFieldLength:10542
=== Executing the run phase with extendproportion=0 and read/update proportions=0.5 ===
Arrangement completed. Output saved to ../analysis/Data/Workload_data/postgresql_arrayjson_vacuum_notfull_run1_uniform_heavy_mixed.csv
=== Setting parameter values for extend phase ===
=== Executing the extend phase with extendproportion=1 and other proportions=0 ===
Arrangement completed. Output saved to ../analysis/Data/Workload_data/postgresql_arrayjson_vacuum_notfull_run1_uniform_heavy_mixed.csv
Size computation started
Extend verification - Min:94900 Max:108800 Avg:106297 (Expected avg per record: ~1000 bytes initially)
Generating histogram from key size log: key_sizes_postgresql_arrayjson_vacuum_notfull_uniform_heavy_mixed_run1.csv
Histogram written to histogram.txt (BlockSize = 100)
Appending subsequent iteration 87...
Iteration 87: Appended new size values from key_sizes_postgresql_arrayjson_vacuum_notfull_uniform_heavy_mixed_run1.csv to ../analysis/Data/Value_size_data/value_sizes_postgresql_arrayjson_vacuum_notfull_run1_uniform_heavy_before_mixed.csv
VACUUM start: 1774493683
VACUUM end: 1774493698
=== Setting parameter values for run phase ===
Checking query plan before run phase
=== Executing the run phase with extendproportion=0 and read/update proportions=0.5 ===
Arrangement completed. Output saved to ../analysis/Data/Workload_data/postgresql_arrayjson_vacuum_notfull_run1_uniform_heavy_mixed.csv
Arrangement completed. Output saved to ../analysis/Data/Workload_data/postgresql_arrayjson_vacuum_notfull_run1_uniform_heavy_mixed.csv
Backing up the database started
Backing up the database finished
Arrangement completed. Output saved to ../analysis/Data/Workload_data/postgresql_arrayjson_vacuum_notfull_run1_uniform_heavy_mixed.csv
Size computation started
Appending subsequent iteration 87...
Iteration 87: Appended new size values from key_sizes_postgresql_arrayjson_vacuum_notfull_uniform_heavy_mixed_run1.csv to ../analysis/Data/Value_size_data/value_sizes_postgresql_arrayjson_vacuum_notfull_run1_uniform_heavy_after_mixed.csv
Total size: 1066279300, Field length average: 10662
Workload file fieldlength set to: 10662 (expected: 10662)
=== Executing the load phase for the comparison study ===
Comparison-load verification - Epoch:9 Run:7 TotalSize:1066200000 ExpectedFieldLength:10662
Avg-run verification - Epoch:9 Run:7 Iteration:87 TotalSize:1066200000 ExpectedFieldLength:10662
=== Executing the run phase with extendproportion=0 and read/update proportions=0.5 ===
Arrangement completed. Output saved to ../analysis/Data/Workload_data/postgresql_arrayjson_vacuum_notfull_run1_uniform_heavy_mixed.csv
=== Setting parameter values for extend phase ===
=== Executing the extend phase with extendproportion=1 and other proportions=0 ===
Arrangement completed. Output saved to ../analysis/Data/Workload_data/postgresql_arrayjson_vacuum_notfull_run1_uniform_heavy_mixed.csv
Size computation started
Extend verification - Min:95400 Max:109400 Avg:107500 (Expected avg per record: ~1000 bytes initially)
Generating histogram from key size log: key_sizes_postgresql_arrayjson_vacuum_notfull_uniform_heavy_mixed_run1.csv
Histogram written to histogram.txt (BlockSize = 100)
Appending subsequent iteration 88...
Iteration 88: Appended new size values from key_sizes_postgresql_arrayjson_vacuum_notfull_uniform_heavy_mixed_run1.csv to ../analysis/Data/Value_size_data/value_sizes_postgresql_arrayjson_vacuum_notfull_run1_uniform_heavy_before_mixed.csv
VACUUM start: 1774494494
VACUUM end: 1774494521
=== Setting parameter values for run phase ===
Checking query plan before run phase
=== Executing the run phase with extendproportion=0 and read/update proportions=0.5 ===
Arrangement completed. Output saved to ../analysis/Data/Workload_data/postgresql_arrayjson_vacuum_notfull_run1_uniform_heavy_mixed.csv
Arrangement completed. Output saved to ../analysis/Data/Workload_data/postgresql_arrayjson_vacuum_notfull_run1_uniform_heavy_mixed.csv
Backing up the database started
Backing up the database finished
Arrangement completed. Output saved to ../analysis/Data/Workload_data/postgresql_arrayjson_vacuum_notfull_run1_uniform_heavy_mixed.csv
Size computation started
Appending subsequent iteration 88...
Iteration 88: Appended new size values from key_sizes_postgresql_arrayjson_vacuum_notfull_uniform_heavy_mixed_run1.csv to ../analysis/Data/Value_size_data/value_sizes_postgresql_arrayjson_vacuum_notfull_run1_uniform_heavy_after_mixed.csv
Total size: 1078242500, Field length average: 10782
Workload file fieldlength set to: 10782 (expected: 10782)
=== Executing the load phase for the comparison study ===
Comparison-load verification - Epoch:9 Run:8 TotalSize:1078200000 ExpectedFieldLength:10782
Avg-run verification - Epoch:9 Run:8 Iteration:88 TotalSize:1078200000 ExpectedFieldLength:10782
=== Executing the run phase with extendproportion=0 and read/update proportions=0.5 ===
Arrangement completed. Output saved to ../analysis/Data/Workload_data/postgresql_arrayjson_vacuum_notfull_run1_uniform_heavy_mixed.csv
=== Setting parameter values for extend phase ===
=== Executing the extend phase with extendproportion=1 and other proportions=0 ===
Arrangement completed. Output saved to ../analysis/Data/Workload_data/postgresql_arrayjson_vacuum_notfull_run1_uniform_heavy_mixed.csv
Size computation started
Extend verification - Min:97300 Max:110800 Avg:108706 (Expected avg per record: ~1000 bytes initially)
Generating histogram from key size log: key_sizes_postgresql_arrayjson_vacuum_notfull_uniform_heavy_mixed_run1.csv
Histogram written to histogram.txt (BlockSize = 100)
Appending subsequent iteration 89...
Iteration 89: Appended new size values from key_sizes_postgresql_arrayjson_vacuum_notfull_uniform_heavy_mixed_run1.csv to ../analysis/Data/Value_size_data/value_sizes_postgresql_arrayjson_vacuum_notfull_run1_uniform_heavy_before_mixed.csv
VACUUM start: 1774495328
VACUUM end: 1774495353
=== Setting parameter values for run phase ===
Checking query plan before run phase
=== Executing the run phase with extendproportion=0 and read/update proportions=0.5 ===
Arrangement completed. Output saved to ../analysis/Data/Workload_data/postgresql_arrayjson_vacuum_notfull_run1_uniform_heavy_mixed.csv
Arrangement completed. Output saved to ../analysis/Data/Workload_data/postgresql_arrayjson_vacuum_notfull_run1_uniform_heavy_mixed.csv
Backing up the database started
Backing up the database finished
Arrangement completed. Output saved to ../analysis/Data/Workload_data/postgresql_arrayjson_vacuum_notfull_run1_uniform_heavy_mixed.csv
Size computation started
Appending subsequent iteration 89...
Iteration 89: Appended new size values from key_sizes_postgresql_arrayjson_vacuum_notfull_uniform_heavy_mixed_run1.csv to ../analysis/Data/Value_size_data/value_sizes_postgresql_arrayjson_vacuum_notfull_run1_uniform_heavy_after_mixed.csv
Total size: 1090345800, Field length average: 10903
Workload file fieldlength set to: 10903 (expected: 10903)
=== Executing the load phase for the comparison study ===
Comparison-load verification - Epoch:9 Run:9 TotalSize:1090300000 ExpectedFieldLength:10903
Avg-run verification - Epoch:9 Run:9 Iteration:89 TotalSize:1090300000 ExpectedFieldLength:10903
=== Executing the run phase with extendproportion=0 and read/update proportions=0.5 ===
Arrangement completed. Output saved to ../analysis/Data/Workload_data/postgresql_arrayjson_vacuum_notfull_run1_uniform_heavy_mixed.csv
=== Setting parameter values for extend phase ===
=== Executing the extend phase with extendproportion=1 and other proportions=0 ===
Arrangement completed. Output saved to ../analysis/Data/Workload_data/postgresql_arrayjson_vacuum_notfull_run1_uniform_heavy_mixed.csv
Size computation started
Extend verification - Min:98600 Max:112500 Avg:109912 (Expected avg per record: ~1000 bytes initially)
Generating histogram from key size log: key_sizes_postgresql_arrayjson_vacuum_notfull_uniform_heavy_mixed_run1.csv
Histogram written to histogram.txt (BlockSize = 100)
Appending subsequent iteration 90...
Iteration 90: Appended new size values from key_sizes_postgresql_arrayjson_vacuum_notfull_uniform_heavy_mixed_run1.csv to ../analysis/Data/Value_size_data/value_sizes_postgresql_arrayjson_vacuum_notfull_run1_uniform_heavy_before_mixed.csv
VACUUM start: 1774496146
VACUUM end: 1774496161
=== Setting parameter values for run phase ===
Checking query plan before run phase
=== Executing the run phase with extendproportion=0 and read/update proportions=0.5 ===
Arrangement completed. Output saved to ../analysis/Data/Workload_data/postgresql_arrayjson_vacuum_notfull_run1_uniform_heavy_mixed.csv
Arrangement completed. Output saved to ../analysis/Data/Workload_data/postgresql_arrayjson_vacuum_notfull_run1_uniform_heavy_mixed.csv
Backing up the database started
Backing up the database finished
Arrangement completed. Output saved to ../analysis/Data/Workload_data/postgresql_arrayjson_vacuum_notfull_run1_uniform_heavy_mixed.csv
Size computation started
Appending subsequent iteration 90...
Iteration 90: Appended new size values from key_sizes_postgresql_arrayjson_vacuum_notfull_uniform_heavy_mixed_run1.csv to ../analysis/Data/Value_size_data/value_sizes_postgresql_arrayjson_vacuum_notfull_run1_uniform_heavy_after_mixed.csv
Total size: 1102461700, Field length average: 11024
Workload file fieldlength set to: 11024 (expected: 11024)
=== Executing the load phase for the comparison study ===
Comparison-load verification - Epoch:9 Run:10 TotalSize:1102400000 ExpectedFieldLength:11024
Avg-run verification - Epoch:9 Run:10 Iteration:90 TotalSize:1102400000 ExpectedFieldLength:11024
=== Executing the run phase with extendproportion=0 and read/update proportions=0.5 ===
Arrangement completed. Output saved to ../analysis/Data/Workload_data/postgresql_arrayjson_vacuum_notfull_run1_uniform_heavy_mixed.csv
=== Setting parameter values for extend phase ===
=== Executing the extend phase with extendproportion=1 and other proportions=0 ===
Arrangement completed. Output saved to ../analysis/Data/Workload_data/postgresql_arrayjson_vacuum_notfull_run1_uniform_heavy_mixed.csv
Size computation started
Extend verification - Min:99700 Max:113300 Avg:111125 (Expected avg per record: ~1000 bytes initially)
Generating histogram from key size log: key_sizes_postgresql_arrayjson_vacuum_notfull_uniform_heavy_mixed_run1.csv
Histogram written to histogram.txt (BlockSize = 100)
Appending subsequent iteration 91...
Iteration 91: Appended new size values from key_sizes_postgresql_arrayjson_vacuum_notfull_uniform_heavy_mixed_run1.csv to ../analysis/Data/Value_size_data/value_sizes_postgresql_arrayjson_vacuum_notfull_run1_uniform_heavy_before_mixed.csv
VACUUM start: 1774496984
VACUUM end: 1774497002
=== Setting parameter values for run phase ===
Checking query plan before run phase
=== Executing the run phase with extendproportion=0 and read/update proportions=0.5 ===
Arrangement completed. Output saved to ../analysis/Data/Workload_data/postgresql_arrayjson_vacuum_notfull_run1_uniform_heavy_mixed.csv
Arrangement completed. Output saved to ../analysis/Data/Workload_data/postgresql_arrayjson_vacuum_notfull_run1_uniform_heavy_mixed.csv
Backing up the database started
Backing up the database finished
Arrangement completed. Output saved to ../analysis/Data/Workload_data/postgresql_arrayjson_vacuum_notfull_run1_uniform_heavy_mixed.csv
Size computation started
Appending subsequent iteration 91...
Iteration 91: Appended new size values from key_sizes_postgresql_arrayjson_vacuum_notfull_uniform_heavy_mixed_run1.csv to ../analysis/Data/Value_size_data/value_sizes_postgresql_arrayjson_vacuum_notfull_run1_uniform_heavy_after_mixed.csv
Total size: 1114595800, Field length average: 11145
Workload file fieldlength set to: 11145 (expected: 11145)
=== Executing the load phase for the comparison study ===
Comparison-load verification - Epoch:10 Run:1 TotalSize:1114500000 ExpectedFieldLength:11145
Avg-run verification - Epoch:10 Run:1 Iteration:91 TotalSize:1114500000 ExpectedFieldLength:11145
=== Executing the run phase with extendproportion=0 and read/update proportions=0.5 ===
Arrangement completed. Output saved to ../analysis/Data/Workload_data/postgresql_arrayjson_vacuum_notfull_run1_uniform_heavy_mixed.csv
=== Setting parameter values for extend phase ===
=== Executing the extend phase with extendproportion=1 and other proportions=0 ===
Arrangement completed. Output saved to ../analysis/Data/Workload_data/postgresql_arrayjson_vacuum_notfull_run1_uniform_heavy_mixed.csv
Size computation started
Extend verification - Min:101200 Max:114800 Avg:112339 (Expected avg per record: ~1000 bytes initially)
Generating histogram from key size log: key_sizes_postgresql_arrayjson_vacuum_notfull_uniform_heavy_mixed_run1.csv
Histogram written to histogram.txt (BlockSize = 100)
Appending subsequent iteration 92...
Iteration 92: Appended new size values from key_sizes_postgresql_arrayjson_vacuum_notfull_uniform_heavy_mixed_run1.csv to ../analysis/Data/Value_size_data/value_sizes_postgresql_arrayjson_vacuum_notfull_run1_uniform_heavy_before_mixed.csv
VACUUM start: 1774497803
VACUUM end: 1774497826
=== Setting parameter values for run phase ===
Checking query plan before run phase
=== Executing the run phase with extendproportion=0 and read/update proportions=0.5 ===
Arrangement completed. Output saved to ../analysis/Data/Workload_data/postgresql_arrayjson_vacuum_notfull_run1_uniform_heavy_mixed.csv
Arrangement completed. Output saved to ../analysis/Data/Workload_data/postgresql_arrayjson_vacuum_notfull_run1_uniform_heavy_mixed.csv
Backing up the database started
Backing up the database finished
Arrangement completed. Output saved to ../analysis/Data/Workload_data/postgresql_arrayjson_vacuum_notfull_run1_uniform_heavy_mixed.csv
Size computation started
Appending subsequent iteration 92...
Iteration 92: Appended new size values from key_sizes_postgresql_arrayjson_vacuum_notfull_uniform_heavy_mixed_run1.csv to ../analysis/Data/Value_size_data/value_sizes_postgresql_arrayjson_vacuum_notfull_run1_uniform_heavy_after_mixed.csv
Total size: 1126742700, Field length average: 11267
Workload file fieldlength set to: 11267 (expected: 11267)
=== Executing the load phase for the comparison study ===
Comparison-load verification - Epoch:10 Run:2 TotalSize:1126700000 ExpectedFieldLength:11267
Avg-run verification - Epoch:10 Run:2 Iteration:92 TotalSize:1126700000 ExpectedFieldLength:11267
=== Executing the run phase with extendproportion=0 and read/update proportions=0.5 ===
Arrangement completed. Output saved to ../analysis/Data/Workload_data/postgresql_arrayjson_vacuum_notfull_run1_uniform_heavy_mixed.csv
=== Setting parameter values for extend phase ===
=== Executing the extend phase with extendproportion=1 and other proportions=0 ===
Arrangement completed. Output saved to ../analysis/Data/Workload_data/postgresql_arrayjson_vacuum_notfull_run1_uniform_heavy_mixed.csv
Size computation started
Extend verification - Min:102200 Max:116200 Avg:113548 (Expected avg per record: ~1000 bytes initially)
Generating histogram from key size log: key_sizes_postgresql_arrayjson_vacuum_notfull_uniform_heavy_mixed_run1.csv
Histogram written to histogram.txt (BlockSize = 100)
Appending subsequent iteration 93...
Iteration 93: Appended new size values from key_sizes_postgresql_arrayjson_vacuum_notfull_uniform_heavy_mixed_run1.csv to ../analysis/Data/Value_size_data/value_sizes_postgresql_arrayjson_vacuum_notfull_run1_uniform_heavy_before_mixed.csv
VACUUM start: 1774498654
VACUUM end: 1774498683
=== Setting parameter values for run phase ===
Checking query plan before run phase
=== Executing the run phase with extendproportion=0 and read/update proportions=0.5 ===
Arrangement completed. Output saved to ../analysis/Data/Workload_data/postgresql_arrayjson_vacuum_notfull_run1_uniform_heavy_mixed.csv
Arrangement completed. Output saved to ../analysis/Data/Workload_data/postgresql_arrayjson_vacuum_notfull_run1_uniform_heavy_mixed.csv
Backing up the database started
Backing up the database finished
Arrangement completed. Output saved to ../analysis/Data/Workload_data/postgresql_arrayjson_vacuum_notfull_run1_uniform_heavy_mixed.csv
Size computation started
Appending subsequent iteration 93...
Iteration 93: Appended new size values from key_sizes_postgresql_arrayjson_vacuum_notfull_uniform_heavy_mixed_run1.csv to ../analysis/Data/Value_size_data/value_sizes_postgresql_arrayjson_vacuum_notfull_run1_uniform_heavy_after_mixed.csv
Total size: 1138966900, Field length average: 11389
Workload file fieldlength set to: 11389 (expected: 11389)
=== Executing the load phase for the comparison study ===
Comparison-load verification - Epoch:10 Run:3 TotalSize:1138900000 ExpectedFieldLength:11389
Avg-run verification - Epoch:10 Run:3 Iteration:93 TotalSize:1138900000 ExpectedFieldLength:11389
=== Executing the run phase with extendproportion=0 and read/update proportions=0.5 ===
Arrangement completed. Output saved to ../analysis/Data/Workload_data/postgresql_arrayjson_vacuum_notfull_run1_uniform_heavy_mixed.csv
=== Setting parameter values for extend phase ===
=== Executing the extend phase with extendproportion=1 and other proportions=0 ===
Arrangement completed. Output saved to ../analysis/Data/Workload_data/postgresql_arrayjson_vacuum_notfull_run1_uniform_heavy_mixed.csv
Size computation started
Extend verification - Min:103300 Max:117100 Avg:114764 (Expected avg per record: ~1000 bytes initially)
Generating histogram from key size log: key_sizes_postgresql_arrayjson_vacuum_notfull_uniform_heavy_mixed_run1.csv
Histogram written to histogram.txt (BlockSize = 100)
Appending subsequent iteration 94...
Iteration 94: Appended new size values from key_sizes_postgresql_arrayjson_vacuum_notfull_uniform_heavy_mixed_run1.csv to ../analysis/Data/Value_size_data/value_sizes_postgresql_arrayjson_vacuum_notfull_run1_uniform_heavy_before_mixed.csv
VACUUM start: 1774499511
VACUUM end: 1774499538
=== Setting parameter values for run phase ===
Checking query plan before run phase
=== Executing the run phase with extendproportion=0 and read/update proportions=0.5 ===
Arrangement completed. Output saved to ../analysis/Data/Workload_data/postgresql_arrayjson_vacuum_notfull_run1_uniform_heavy_mixed.csv
Arrangement completed. Output saved to ../analysis/Data/Workload_data/postgresql_arrayjson_vacuum_notfull_run1_uniform_heavy_mixed.csv
Backing up the database started
Backing up the database finished
Arrangement completed. Output saved to ../analysis/Data/Workload_data/postgresql_arrayjson_vacuum_notfull_run1_uniform_heavy_mixed.csv
Size computation started
Appending subsequent iteration 94...
Iteration 94: Appended new size values from key_sizes_postgresql_arrayjson_vacuum_notfull_uniform_heavy_mixed_run1.csv to ../analysis/Data/Value_size_data/value_sizes_postgresql_arrayjson_vacuum_notfull_run1_uniform_heavy_after_mixed.csv
Total size: 1150952800, Field length average: 11509
Workload file fieldlength set to: 11509 (expected: 11509)
=== Executing the load phase for the comparison study ===
Comparison-load verification - Epoch:10 Run:4 TotalSize:1150900000 ExpectedFieldLength:11509
Avg-run verification - Epoch:10 Run:4 Iteration:94 TotalSize:1150900000 ExpectedFieldLength:11509
=== Executing the run phase with extendproportion=0 and read/update proportions=0.5 ===
Arrangement completed. Output saved to ../analysis/Data/Workload_data/postgresql_arrayjson_vacuum_notfull_run1_uniform_heavy_mixed.csv
=== Setting parameter values for extend phase ===
=== Executing the extend phase with extendproportion=1 and other proportions=0 ===
Arrangement completed. Output saved to ../analysis/Data/Workload_data/postgresql_arrayjson_vacuum_notfull_run1_uniform_heavy_mixed.csv
Size computation started
Extend verification - Min:104500 Max:118100 Avg:115973 (Expected avg per record: ~1000 bytes initially)
Generating histogram from key size log: key_sizes_postgresql_arrayjson_vacuum_notfull_uniform_heavy_mixed_run1.csv
Histogram written to histogram.txt (BlockSize = 100)
Appending subsequent iteration 95...
Iteration 95: Appended new size values from key_sizes_postgresql_arrayjson_vacuum_notfull_uniform_heavy_mixed_run1.csv to ../analysis/Data/Value_size_data/value_sizes_postgresql_arrayjson_vacuum_notfull_run1_uniform_heavy_before_mixed.csv
VACUUM start: 1774500349
VACUUM end: 1774500377
=== Setting parameter values for run phase ===
Checking query plan before run phase
=== Executing the run phase with extendproportion=0 and read/update proportions=0.5 ===
Arrangement completed. Output saved to ../analysis/Data/Workload_data/postgresql_arrayjson_vacuum_notfull_run1_uniform_heavy_mixed.csv
Arrangement completed. Output saved to ../analysis/Data/Workload_data/postgresql_arrayjson_vacuum_notfull_run1_uniform_heavy_mixed.csv
Backing up the database started
Backing up the database finished
Arrangement completed. Output saved to ../analysis/Data/Workload_data/postgresql_arrayjson_vacuum_notfull_run1_uniform_heavy_mixed.csv
Size computation started
Appending subsequent iteration 95...
Iteration 95: Appended new size values from key_sizes_postgresql_arrayjson_vacuum_notfull_uniform_heavy_mixed_run1.csv to ../analysis/Data/Value_size_data/value_sizes_postgresql_arrayjson_vacuum_notfull_run1_uniform_heavy_after_mixed.csv
Total size: 1163099000, Field length average: 11630
Workload file fieldlength set to: 11630 (expected: 11630)
=== Executing the load phase for the comparison study ===
Comparison-load verification - Epoch:10 Run:5 TotalSize:1163000000 ExpectedFieldLength:11630
Avg-run verification - Epoch:10 Run:5 Iteration:95 TotalSize:1163000000 ExpectedFieldLength:11630
=== Executing the run phase with extendproportion=0 and read/update proportions=0.5 ===
Arrangement completed. Output saved to ../analysis/Data/Workload_data/postgresql_arrayjson_vacuum_notfull_run1_uniform_heavy_mixed.csv
=== Setting parameter values for extend phase ===
=== Executing the extend phase with extendproportion=1 and other proportions=0 ===
Arrangement completed. Output saved to ../analysis/Data/Workload_data/postgresql_arrayjson_vacuum_notfull_run1_uniform_heavy_mixed.csv
Size computation started
Extend verification - Min:105200 Max:119100 Avg:117186 (Expected avg per record: ~1000 bytes initially)
Generating histogram from key size log: key_sizes_postgresql_arrayjson_vacuum_notfull_uniform_heavy_mixed_run1.csv
Histogram written to histogram.txt (BlockSize = 100)
Appending subsequent iteration 96...
Iteration 96: Appended new size values from key_sizes_postgresql_arrayjson_vacuum_notfull_uniform_heavy_mixed_run1.csv to ../analysis/Data/Value_size_data/value_sizes_postgresql_arrayjson_vacuum_notfull_run1_uniform_heavy_before_mixed.csv
VACUUM start: 1774501207
VACUUM end: 1774501239
=== Setting parameter values for run phase ===
Checking query plan before run phase
=== Executing the run phase with extendproportion=0 and read/update proportions=0.5 ===
Arrangement completed. Output saved to ../analysis/Data/Workload_data/postgresql_arrayjson_vacuum_notfull_run1_uniform_heavy_mixed.csv
Arrangement completed. Output saved to ../analysis/Data/Workload_data/postgresql_arrayjson_vacuum_notfull_run1_uniform_heavy_mixed.csv
Backing up the database started
Backing up the database finished
Arrangement completed. Output saved to ../analysis/Data/Workload_data/postgresql_arrayjson_vacuum_notfull_run1_uniform_heavy_mixed.csv
Size computation started
Appending subsequent iteration 96...
Iteration 96: Appended new size values from key_sizes_postgresql_arrayjson_vacuum_notfull_uniform_heavy_mixed_run1.csv to ../analysis/Data/Value_size_data/value_sizes_postgresql_arrayjson_vacuum_notfull_run1_uniform_heavy_after_mixed.csv
Total size: 1175145600, Field length average: 11751
Workload file fieldlength set to: 11751 (expected: 11751)
=== Executing the load phase for the comparison study ===
Comparison-load verification - Epoch:10 Run:6 TotalSize:1175100000 ExpectedFieldLength:11751
Avg-run verification - Epoch:10 Run:6 Iteration:96 TotalSize:1175100000 ExpectedFieldLength:11751
=== Executing the run phase with extendproportion=0 and read/update proportions=0.5 ===
Arrangement completed. Output saved to ../analysis/Data/Workload_data/postgresql_arrayjson_vacuum_notfull_run1_uniform_heavy_mixed.csv
=== Setting parameter values for extend phase ===
=== Executing the extend phase with extendproportion=1 and other proportions=0 ===
Arrangement completed. Output saved to ../analysis/Data/Workload_data/postgresql_arrayjson_vacuum_notfull_run1_uniform_heavy_mixed.csv
Size computation started
Extend verification - Min:106400 Max:120500 Avg:118394 (Expected avg per record: ~1000 bytes initially)
Generating histogram from key size log: key_sizes_postgresql_arrayjson_vacuum_notfull_uniform_heavy_mixed_run1.csv
Histogram written to histogram.txt (BlockSize = 100)
Appending subsequent iteration 97...
Iteration 97: Appended new size values from key_sizes_postgresql_arrayjson_vacuum_notfull_uniform_heavy_mixed_run1.csv to ../analysis/Data/Value_size_data/value_sizes_postgresql_arrayjson_vacuum_notfull_run1_uniform_heavy_before_mixed.csv
VACUUM start: 1774502064
VACUUM end: 1774502093
=== Setting parameter values for run phase ===
Checking query plan before run phase
=== Executing the run phase with extendproportion=0 and read/update proportions=0.5 ===
Arrangement completed. Output saved to ../analysis/Data/Workload_data/postgresql_arrayjson_vacuum_notfull_run1_uniform_heavy_mixed.csv
Arrangement completed. Output saved to ../analysis/Data/Workload_data/postgresql_arrayjson_vacuum_notfull_run1_uniform_heavy_mixed.csv
Backing up the database started
Backing up the database finished
Arrangement completed. Output saved to ../analysis/Data/Workload_data/postgresql_arrayjson_vacuum_notfull_run1_uniform_heavy_mixed.csv
Size computation started
Appending subsequent iteration 97...
Iteration 97: Appended new size values from key_sizes_postgresql_arrayjson_vacuum_notfull_uniform_heavy_mixed_run1.csv to ../analysis/Data/Value_size_data/value_sizes_postgresql_arrayjson_vacuum_notfull_run1_uniform_heavy_after_mixed.csv
Total size: 1187379600, Field length average: 11873
Workload file fieldlength set to: 11873 (expected: 11873)
=== Executing the load phase for the comparison study ===
Comparison-load verification - Epoch:10 Run:7 TotalSize:1187300000 ExpectedFieldLength:11873
Avg-run verification - Epoch:10 Run:7 Iteration:97 TotalSize:1187300000 ExpectedFieldLength:11873
=== Executing the run phase with extendproportion=0 and read/update proportions=0.5 ===
Arrangement completed. Output saved to ../analysis/Data/Workload_data/postgresql_arrayjson_vacuum_notfull_run1_uniform_heavy_mixed.csv
=== Setting parameter values for extend phase ===
=== Executing the extend phase with extendproportion=1 and other proportions=0 ===
Arrangement completed. Output saved to ../analysis/Data/Workload_data/postgresql_arrayjson_vacuum_notfull_run1_uniform_heavy_mixed.csv
Size computation started
Extend verification - Min:107300 Max:121900 Avg:119601 (Expected avg per record: ~1000 bytes initially)
Generating histogram from key size log: key_sizes_postgresql_arrayjson_vacuum_notfull_uniform_heavy_mixed_run1.csv
Histogram written to histogram.txt (BlockSize = 100)
Appending subsequent iteration 98...
Iteration 98: Appended new size values from key_sizes_postgresql_arrayjson_vacuum_notfull_uniform_heavy_mixed_run1.csv to ../analysis/Data/Value_size_data/value_sizes_postgresql_arrayjson_vacuum_notfull_run1_uniform_heavy_before_mixed.csv
VACUUM start: 1774502932
VACUUM end: 1774502962
=== Setting parameter values for run phase ===
Checking query plan before run phase
=== Executing the run phase with extendproportion=0 and read/update proportions=0.5 ===
Arrangement completed. Output saved to ../analysis/Data/Workload_data/postgresql_arrayjson_vacuum_notfull_run1_uniform_heavy_mixed.csv
Arrangement completed. Output saved to ../analysis/Data/Workload_data/postgresql_arrayjson_vacuum_notfull_run1_uniform_heavy_mixed.csv
Backing up the database started
Backing up the database finished
Arrangement completed. Output saved to ../analysis/Data/Workload_data/postgresql_arrayjson_vacuum_notfull_run1_uniform_heavy_mixed.csv
Size computation started
Appending subsequent iteration 98...
Iteration 98: Appended new size values from key_sizes_postgresql_arrayjson_vacuum_notfull_uniform_heavy_mixed_run1.csv to ../analysis/Data/Value_size_data/value_sizes_postgresql_arrayjson_vacuum_notfull_run1_uniform_heavy_after_mixed.csv
Total size: 1199316700, Field length average: 11993
Workload file fieldlength set to: 11993 (expected: 11993)
=== Executing the load phase for the comparison study ===
Comparison-load verification - Epoch:10 Run:8 TotalSize:1199300000 ExpectedFieldLength:11993
Avg-run verification - Epoch:10 Run:8 Iteration:98 TotalSize:1199300000 ExpectedFieldLength:11993
=== Executing the run phase with extendproportion=0 and read/update proportions=0.5 ===
Arrangement completed. Output saved to ../analysis/Data/Workload_data/postgresql_arrayjson_vacuum_notfull_run1_uniform_heavy_mixed.csv
=== Setting parameter values for extend phase ===
=== Executing the extend phase with extendproportion=1 and other proportions=0 ===
Arrangement completed. Output saved to ../analysis/Data/Workload_data/postgresql_arrayjson_vacuum_notfull_run1_uniform_heavy_mixed.csv
Size computation started
Extend verification - Min:108300 Max:123200 Avg:120801 (Expected avg per record: ~1000 bytes initially)
Generating histogram from key size log: key_sizes_postgresql_arrayjson_vacuum_notfull_uniform_heavy_mixed_run1.csv
Histogram written to histogram.txt (BlockSize = 100)
Appending subsequent iteration 99...
Iteration 99: Appended new size values from key_sizes_postgresql_arrayjson_vacuum_notfull_uniform_heavy_mixed_run1.csv to ../analysis/Data/Value_size_data/value_sizes_postgresql_arrayjson_vacuum_notfull_run1_uniform_heavy_before_mixed.csv
VACUUM start: 1774503805
VACUUM end: 1774503834
=== Setting parameter values for run phase ===
Checking query plan before run phase
=== Executing the run phase with extendproportion=0 and read/update proportions=0.5 ===
Arrangement completed. Output saved to ../analysis/Data/Workload_data/postgresql_arrayjson_vacuum_notfull_run1_uniform_heavy_mixed.csv
Arrangement completed. Output saved to ../analysis/Data/Workload_data/postgresql_arrayjson_vacuum_notfull_run1_uniform_heavy_mixed.csv
Backing up the database started
Backing up the database finished
Arrangement completed. Output saved to ../analysis/Data/Workload_data/postgresql_arrayjson_vacuum_notfull_run1_uniform_heavy_mixed.csv
Size computation started
Appending subsequent iteration 99...
Iteration 99: Appended new size values from key_sizes_postgresql_arrayjson_vacuum_notfull_uniform_heavy_mixed_run1.csv to ../analysis/Data/Value_size_data/value_sizes_postgresql_arrayjson_vacuum_notfull_run1_uniform_heavy_after_mixed.csv
Total size: 1211443800, Field length average: 12114
Workload file fieldlength set to: 12114 (expected: 12114)
=== Executing the load phase for the comparison study ===
Comparison-load verification - Epoch:10 Run:9 TotalSize:1211400000 ExpectedFieldLength:12114
Avg-run verification - Epoch:10 Run:9 Iteration:99 TotalSize:1211400000 ExpectedFieldLength:12114
=== Executing the run phase with extendproportion=0 and read/update proportions=0.5 ===
Arrangement completed. Output saved to ../analysis/Data/Workload_data/postgresql_arrayjson_vacuum_notfull_run1_uniform_heavy_mixed.csv
=== Setting parameter values for extend phase ===
=== Executing the extend phase with extendproportion=1 and other proportions=0 ===
Arrangement completed. Output saved to ../analysis/Data/Workload_data/postgresql_arrayjson_vacuum_notfull_run1_uniform_heavy_mixed.csv
Size computation started
Extend verification - Min:109000 Max:124500 Avg:122009 (Expected avg per record: ~1000 bytes initially)
Generating histogram from key size log: key_sizes_postgresql_arrayjson_vacuum_notfull_uniform_heavy_mixed_run1.csv
Histogram written to histogram.txt (BlockSize = 100)
Appending subsequent iteration 100...
Iteration 100: Appended new size values from key_sizes_postgresql_arrayjson_vacuum_notfull_uniform_heavy_mixed_run1.csv to ../analysis/Data/Value_size_data/value_sizes_postgresql_arrayjson_vacuum_notfull_run1_uniform_heavy_before_mixed.csv
VACUUM start: 1774504686
VACUUM end: 1774504716
=== Setting parameter values for run phase ===
Checking query plan before run phase
=== Executing the run phase with extendproportion=0 and read/update proportions=0.5 ===
Arrangement completed. Output saved to ../analysis/Data/Workload_data/postgresql_arrayjson_vacuum_notfull_run1_uniform_heavy_mixed.csv
Arrangement completed. Output saved to ../analysis/Data/Workload_data/postgresql_arrayjson_vacuum_notfull_run1_uniform_heavy_mixed.csv
Backing up the database started
Backing up the database finished
Arrangement completed. Output saved to ../analysis/Data/Workload_data/postgresql_arrayjson_vacuum_notfull_run1_uniform_heavy_mixed.csv
Size computation started
Appending subsequent iteration 100...
Iteration 100: Appended new size values from key_sizes_postgresql_arrayjson_vacuum_notfull_uniform_heavy_mixed_run1.csv to ../analysis/Data/Value_size_data/value_sizes_postgresql_arrayjson_vacuum_notfull_run1_uniform_heavy_after_mixed.csv
Total size: 1223415700, Field length average: 12234
Workload file fieldlength set to: 12234 (expected: 12234)
=== Executing the load phase for the comparison study ===
Comparison-load verification - Epoch:10 Run:10 TotalSize:1223400000 ExpectedFieldLength:12234
Avg-run verification - Epoch:10 Run:10 Iteration:100 TotalSize:1223400000 ExpectedFieldLength:12234
=== Executing the run phase with extendproportion=0 and read/update proportions=0.5 ===
Arrangement completed. Output saved to ../analysis/Data/Workload_data/postgresql_arrayjson_vacuum_notfull_run1_uniform_heavy_mixed.csv
=== All steps completed. Results are logged in ./ycsb_postgresql_arrayjson_vacuum_notfull_uniform_heavy_mixed_run1_results.log ===
