Initializing PostgreSQL database ycsb...
Done initializing ycsb.
Initializing PostgreSQL database ycsb_unchange...
Done initializing ycsb_unchange.
=== Executing the load phase ===
Initial-load verification - TotalSize:1000000 ExpectedFieldLength:100
Arrangement completed. Output saved to ../analysis/Data/Workload_data/postgresql_arrayjson_vacuum_notfull_run1_zipfian_light_mixed.csv
Reference-load verification - TotalSize:1000000 ExpectedFieldLength:100
=== Setting parameter values for extend phase ===
=== Executing the extend phase with extendproportion=1 and other proportions=0 ===
Arrangement completed. Output saved to ../analysis/Data/Workload_data/postgresql_arrayjson_vacuum_notfull_run1_zipfian_light_mixed.csv
Size computation started
Extend verification - Min:1100 Max:38600 Avg:2000 (Expected avg per record: ~1000 bytes initially)
Generating histogram from key size log: key_sizes_postgresql_arrayjson_vacuum_notfull_zipfian_light_mixed_run1.csv
Histogram written to histogram.txt (BlockSize = 100)
Appending first iteration...
First iteration: Appended values from key_sizes_postgresql_arrayjson_vacuum_notfull_zipfian_light_mixed_run1.csv to ../analysis/Data/Value_size_data/value_sizes_postgresql_arrayjson_vacuum_notfull_run1_zipfian_light_before_mixed.csv
VACUUM start: 1774580596
VACUUM end: 1774580596
=== Setting parameter values for run phase ===
Checking query plan before run phase
=== Executing the run phase with extendproportion=0 and read/update proportions=0.5 ===
Arrangement completed. Output saved to ../analysis/Data/Workload_data/postgresql_arrayjson_vacuum_notfull_run1_zipfian_light_mixed.csv
Arrangement completed. Output saved to ../analysis/Data/Workload_data/postgresql_arrayjson_vacuum_notfull_run1_zipfian_light_mixed.csv
Backing up the database started
Backing up the database finished
Arrangement completed. Output saved to ../analysis/Data/Workload_data/postgresql_arrayjson_vacuum_notfull_run1_zipfian_light_mixed.csv
Size computation started
Appending first iteration...
First iteration: Appended values from key_sizes_postgresql_arrayjson_vacuum_notfull_zipfian_light_mixed_run1.csv to ../analysis/Data/Value_size_data/value_sizes_postgresql_arrayjson_vacuum_notfull_run1_zipfian_light_after_mixed.csv
Total size: 2449900, Field length average: 244
Workload file fieldlength set to: 244 (expected: 244)
=== Executing the load phase for the comparison study ===
Comparison-load verification - Epoch:1 Run:1 TotalSize:2440000 ExpectedFieldLength:244
Avg-run verification - Epoch:1 Run:1 Iteration:1 TotalSize:2440000 ExpectedFieldLength:244
=== Executing the run phase with extendproportion=0 and read/update proportions=0.5 ===
Arrangement completed. Output saved to ../analysis/Data/Workload_data/postgresql_arrayjson_vacuum_notfull_run1_zipfian_light_mixed.csv
=== Setting parameter values for extend phase ===
=== Executing the extend phase with extendproportion=1 and other proportions=0 ===
Arrangement completed. Output saved to ../analysis/Data/Workload_data/postgresql_arrayjson_vacuum_notfull_run1_zipfian_light_mixed.csv
Size computation started
Extend verification - Min:2100 Max:39900 Avg:3479 (Expected avg per record: ~1000 bytes initially)
Generating histogram from key size log: key_sizes_postgresql_arrayjson_vacuum_notfull_zipfian_light_mixed_run1.csv
Histogram written to histogram.txt (BlockSize = 100)
Appending subsequent iteration 2...
Iteration 2: Appended new size values from key_sizes_postgresql_arrayjson_vacuum_notfull_zipfian_light_mixed_run1.csv to ../analysis/Data/Value_size_data/value_sizes_postgresql_arrayjson_vacuum_notfull_run1_zipfian_light_before_mixed.csv
VACUUM start: 1774580877
VACUUM end: 1774580877
=== Setting parameter values for run phase ===
Checking query plan before run phase
=== Executing the run phase with extendproportion=0 and read/update proportions=0.5 ===
Arrangement completed. Output saved to ../analysis/Data/Workload_data/postgresql_arrayjson_vacuum_notfull_run1_zipfian_light_mixed.csv
Arrangement completed. Output saved to ../analysis/Data/Workload_data/postgresql_arrayjson_vacuum_notfull_run1_zipfian_light_mixed.csv
Backing up the database started
Backing up the database finished
Arrangement completed. Output saved to ../analysis/Data/Workload_data/postgresql_arrayjson_vacuum_notfull_run1_zipfian_light_mixed.csv
Size computation started
Appending subsequent iteration 2...
Iteration 2: Appended new size values from key_sizes_postgresql_arrayjson_vacuum_notfull_zipfian_light_mixed_run1.csv to ../analysis/Data/Value_size_data/value_sizes_postgresql_arrayjson_vacuum_notfull_run1_zipfian_light_after_mixed.csv
Total size: 3991500, Field length average: 399
Workload file fieldlength set to: 399 (expected: 399)
=== Executing the load phase for the comparison study ===
Comparison-load verification - Epoch:1 Run:2 TotalSize:3990000 ExpectedFieldLength:399
Avg-run verification - Epoch:1 Run:2 Iteration:2 TotalSize:3990000 ExpectedFieldLength:399
=== Executing the run phase with extendproportion=0 and read/update proportions=0.5 ===
Arrangement completed. Output saved to ../analysis/Data/Workload_data/postgresql_arrayjson_vacuum_notfull_run1_zipfian_light_mixed.csv
=== Setting parameter values for extend phase ===
=== Executing the extend phase with extendproportion=1 and other proportions=0 ===
Arrangement completed. Output saved to ../analysis/Data/Workload_data/postgresql_arrayjson_vacuum_notfull_run1_zipfian_light_mixed.csv
Size computation started
Extend verification - Min:3700 Max:39900 Avg:4979 (Expected avg per record: ~1000 bytes initially)
Generating histogram from key size log: key_sizes_postgresql_arrayjson_vacuum_notfull_zipfian_light_mixed_run1.csv
Histogram written to histogram.txt (BlockSize = 100)
Appending subsequent iteration 3...
Iteration 3: Appended new size values from key_sizes_postgresql_arrayjson_vacuum_notfull_zipfian_light_mixed_run1.csv to ../analysis/Data/Value_size_data/value_sizes_postgresql_arrayjson_vacuum_notfull_run1_zipfian_light_before_mixed.csv
VACUUM start: 1774581162
VACUUM end: 1774581162
=== Setting parameter values for run phase ===
Checking query plan before run phase
=== Executing the run phase with extendproportion=0 and read/update proportions=0.5 ===
Arrangement completed. Output saved to ../analysis/Data/Workload_data/postgresql_arrayjson_vacuum_notfull_run1_zipfian_light_mixed.csv
Arrangement completed. Output saved to ../analysis/Data/Workload_data/postgresql_arrayjson_vacuum_notfull_run1_zipfian_light_mixed.csv
Backing up the database started
Backing up the database finished
Arrangement completed. Output saved to ../analysis/Data/Workload_data/postgresql_arrayjson_vacuum_notfull_run1_zipfian_light_mixed.csv
Size computation started
Appending subsequent iteration 3...
Iteration 3: Appended new size values from key_sizes_postgresql_arrayjson_vacuum_notfull_zipfian_light_mixed_run1.csv to ../analysis/Data/Value_size_data/value_sizes_postgresql_arrayjson_vacuum_notfull_run1_zipfian_light_after_mixed.csv
Total size: 5495900, Field length average: 549
Workload file fieldlength set to: 549 (expected: 549)
=== Executing the load phase for the comparison study ===
Comparison-load verification - Epoch:1 Run:3 TotalSize:5490000 ExpectedFieldLength:549
Avg-run verification - Epoch:1 Run:3 Iteration:3 TotalSize:5490000 ExpectedFieldLength:549
=== Executing the run phase with extendproportion=0 and read/update proportions=0.5 ===
Arrangement completed. Output saved to ../analysis/Data/Workload_data/postgresql_arrayjson_vacuum_notfull_run1_zipfian_light_mixed.csv
=== Setting parameter values for extend phase ===
=== Executing the extend phase with extendproportion=1 and other proportions=0 ===
Arrangement completed. Output saved to ../analysis/Data/Workload_data/postgresql_arrayjson_vacuum_notfull_run1_zipfian_light_mixed.csv
Size computation started
Extend verification - Min:5100 Max:43700 Avg:6488 (Expected avg per record: ~1000 bytes initially)
Generating histogram from key size log: key_sizes_postgresql_arrayjson_vacuum_notfull_zipfian_light_mixed_run1.csv
Histogram written to histogram.txt (BlockSize = 100)
Appending subsequent iteration 4...
Iteration 4: Appended new size values from key_sizes_postgresql_arrayjson_vacuum_notfull_zipfian_light_mixed_run1.csv to ../analysis/Data/Value_size_data/value_sizes_postgresql_arrayjson_vacuum_notfull_run1_zipfian_light_before_mixed.csv
VACUUM start: 1774581449
VACUUM end: 1774581449
=== Setting parameter values for run phase ===
Checking query plan before run phase
=== Executing the run phase with extendproportion=0 and read/update proportions=0.5 ===
Arrangement completed. Output saved to ../analysis/Data/Workload_data/postgresql_arrayjson_vacuum_notfull_run1_zipfian_light_mixed.csv
Arrangement completed. Output saved to ../analysis/Data/Workload_data/postgresql_arrayjson_vacuum_notfull_run1_zipfian_light_mixed.csv
Backing up the database started
Backing up the database finished
Arrangement completed. Output saved to ../analysis/Data/Workload_data/postgresql_arrayjson_vacuum_notfull_run1_zipfian_light_mixed.csv
Size computation started
Appending subsequent iteration 4...
Iteration 4: Appended new size values from key_sizes_postgresql_arrayjson_vacuum_notfull_zipfian_light_mixed_run1.csv to ../analysis/Data/Value_size_data/value_sizes_postgresql_arrayjson_vacuum_notfull_run1_zipfian_light_after_mixed.csv
Total size: 6980000, Field length average: 698
Workload file fieldlength set to: 698 (expected: 698)
=== Executing the load phase for the comparison study ===
Comparison-load verification - Epoch:1 Run:4 TotalSize:6980000 ExpectedFieldLength:698
Avg-run verification - Epoch:1 Run:4 Iteration:4 TotalSize:6980000 ExpectedFieldLength:698
=== Executing the run phase with extendproportion=0 and read/update proportions=0.5 ===
Arrangement completed. Output saved to ../analysis/Data/Workload_data/postgresql_arrayjson_vacuum_notfull_run1_zipfian_light_mixed.csv
=== Setting parameter values for extend phase ===
=== Executing the extend phase with extendproportion=1 and other proportions=0 ===
Arrangement completed. Output saved to ../analysis/Data/Workload_data/postgresql_arrayjson_vacuum_notfull_run1_zipfian_light_mixed.csv
Size computation started
Extend verification - Min:6500 Max:44100 Avg:7971 (Expected avg per record: ~1000 bytes initially)
Generating histogram from key size log: key_sizes_postgresql_arrayjson_vacuum_notfull_zipfian_light_mixed_run1.csv
Histogram written to histogram.txt (BlockSize = 100)
Appending subsequent iteration 5...
Iteration 5: Appended new size values from key_sizes_postgresql_arrayjson_vacuum_notfull_zipfian_light_mixed_run1.csv to ../analysis/Data/Value_size_data/value_sizes_postgresql_arrayjson_vacuum_notfull_run1_zipfian_light_before_mixed.csv
VACUUM start: 1774581737
VACUUM end: 1774581737
=== Setting parameter values for run phase ===
Checking query plan before run phase
=== Executing the run phase with extendproportion=0 and read/update proportions=0.5 ===
Arrangement completed. Output saved to ../analysis/Data/Workload_data/postgresql_arrayjson_vacuum_notfull_run1_zipfian_light_mixed.csv
Arrangement completed. Output saved to ../analysis/Data/Workload_data/postgresql_arrayjson_vacuum_notfull_run1_zipfian_light_mixed.csv
Backing up the database started
Backing up the database finished
Arrangement completed. Output saved to ../analysis/Data/Workload_data/postgresql_arrayjson_vacuum_notfull_run1_zipfian_light_mixed.csv
Size computation started
Appending subsequent iteration 5...
Iteration 5: Appended new size values from key_sizes_postgresql_arrayjson_vacuum_notfull_zipfian_light_mixed_run1.csv to ../analysis/Data/Value_size_data/value_sizes_postgresql_arrayjson_vacuum_notfull_run1_zipfian_light_after_mixed.csv
Total size: 8452000, Field length average: 845
Workload file fieldlength set to: 845 (expected: 845)
=== Executing the load phase for the comparison study ===
Comparison-load verification - Epoch:1 Run:5 TotalSize:8450000 ExpectedFieldLength:845
Avg-run verification - Epoch:1 Run:5 Iteration:5 TotalSize:8450000 ExpectedFieldLength:845
=== Executing the run phase with extendproportion=0 and read/update proportions=0.5 ===
Arrangement completed. Output saved to ../analysis/Data/Workload_data/postgresql_arrayjson_vacuum_notfull_run1_zipfian_light_mixed.csv
=== Setting parameter values for extend phase ===
=== Executing the extend phase with extendproportion=1 and other proportions=0 ===
Arrangement completed. Output saved to ../analysis/Data/Workload_data/postgresql_arrayjson_vacuum_notfull_run1_zipfian_light_mixed.csv
Size computation started
Extend verification - Min:8000 Max:45800 Avg:9474 (Expected avg per record: ~1000 bytes initially)
Generating histogram from key size log: key_sizes_postgresql_arrayjson_vacuum_notfull_zipfian_light_mixed_run1.csv
Histogram written to histogram.txt (BlockSize = 100)
Appending subsequent iteration 6...
Iteration 6: Appended new size values from key_sizes_postgresql_arrayjson_vacuum_notfull_zipfian_light_mixed_run1.csv to ../analysis/Data/Value_size_data/value_sizes_postgresql_arrayjson_vacuum_notfull_run1_zipfian_light_before_mixed.csv
VACUUM start: 1774582030
VACUUM end: 1774582030
=== Setting parameter values for run phase ===
Checking query plan before run phase
=== Executing the run phase with extendproportion=0 and read/update proportions=0.5 ===
Arrangement completed. Output saved to ../analysis/Data/Workload_data/postgresql_arrayjson_vacuum_notfull_run1_zipfian_light_mixed.csv
Arrangement completed. Output saved to ../analysis/Data/Workload_data/postgresql_arrayjson_vacuum_notfull_run1_zipfian_light_mixed.csv
Backing up the database started
Backing up the database finished
Arrangement completed. Output saved to ../analysis/Data/Workload_data/postgresql_arrayjson_vacuum_notfull_run1_zipfian_light_mixed.csv
Size computation started
Appending subsequent iteration 6...
Iteration 6: Appended new size values from key_sizes_postgresql_arrayjson_vacuum_notfull_zipfian_light_mixed_run1.csv to ../analysis/Data/Value_size_data/value_sizes_postgresql_arrayjson_vacuum_notfull_run1_zipfian_light_after_mixed.csv
Total size: 9983800, Field length average: 998
Workload file fieldlength set to: 998 (expected: 998)
=== Executing the load phase for the comparison study ===
Comparison-load verification - Epoch:1 Run:6 TotalSize:9980000 ExpectedFieldLength:998
Avg-run verification - Epoch:1 Run:6 Iteration:6 TotalSize:9980000 ExpectedFieldLength:998
=== Executing the run phase with extendproportion=0 and read/update proportions=0.5 ===
Arrangement completed. Output saved to ../analysis/Data/Workload_data/postgresql_arrayjson_vacuum_notfull_run1_zipfian_light_mixed.csv
=== Setting parameter values for extend phase ===
=== Executing the extend phase with extendproportion=1 and other proportions=0 ===
Arrangement completed. Output saved to ../analysis/Data/Workload_data/postgresql_arrayjson_vacuum_notfull_run1_zipfian_light_mixed.csv
Size computation started
Extend verification - Min:9100 Max:45500 Avg:11007 (Expected avg per record: ~1000 bytes initially)
Generating histogram from key size log: key_sizes_postgresql_arrayjson_vacuum_notfull_zipfian_light_mixed_run1.csv
Histogram written to histogram.txt (BlockSize = 100)
Appending subsequent iteration 7...
Iteration 7: Appended new size values from key_sizes_postgresql_arrayjson_vacuum_notfull_zipfian_light_mixed_run1.csv to ../analysis/Data/Value_size_data/value_sizes_postgresql_arrayjson_vacuum_notfull_run1_zipfian_light_before_mixed.csv
VACUUM start: 1774582327
VACUUM end: 1774582327
=== Setting parameter values for run phase ===
Checking query plan before run phase
=== Executing the run phase with extendproportion=0 and read/update proportions=0.5 ===
Arrangement completed. Output saved to ../analysis/Data/Workload_data/postgresql_arrayjson_vacuum_notfull_run1_zipfian_light_mixed.csv
Arrangement completed. Output saved to ../analysis/Data/Workload_data/postgresql_arrayjson_vacuum_notfull_run1_zipfian_light_mixed.csv
Backing up the database started
Backing up the database finished
Arrangement completed. Output saved to ../analysis/Data/Workload_data/postgresql_arrayjson_vacuum_notfull_run1_zipfian_light_mixed.csv
Size computation started
Appending subsequent iteration 7...
Iteration 7: Appended new size values from key_sizes_postgresql_arrayjson_vacuum_notfull_zipfian_light_mixed_run1.csv to ../analysis/Data/Value_size_data/value_sizes_postgresql_arrayjson_vacuum_notfull_run1_zipfian_light_after_mixed.csv
Total size: 11498900, Field length average: 1149
Workload file fieldlength set to: 1149 (expected: 1149)
=== Executing the load phase for the comparison study ===
Comparison-load verification - Epoch:1 Run:7 TotalSize:11490000 ExpectedFieldLength:1149
Avg-run verification - Epoch:1 Run:7 Iteration:7 TotalSize:11490000 ExpectedFieldLength:1149
=== Executing the run phase with extendproportion=0 and read/update proportions=0.5 ===
Arrangement completed. Output saved to ../analysis/Data/Workload_data/postgresql_arrayjson_vacuum_notfull_run1_zipfian_light_mixed.csv
=== Setting parameter values for extend phase ===
=== Executing the extend phase with extendproportion=1 and other proportions=0 ===
Arrangement completed. Output saved to ../analysis/Data/Workload_data/postgresql_arrayjson_vacuum_notfull_run1_zipfian_light_mixed.csv
Size computation started
Extend verification - Min:10700 Max:53000 Avg:12495 (Expected avg per record: ~1000 bytes initially)
Generating histogram from key size log: key_sizes_postgresql_arrayjson_vacuum_notfull_zipfian_light_mixed_run1.csv
Histogram written to histogram.txt (BlockSize = 100)
Appending subsequent iteration 8...
Iteration 8: Appended new size values from key_sizes_postgresql_arrayjson_vacuum_notfull_zipfian_light_mixed_run1.csv to ../analysis/Data/Value_size_data/value_sizes_postgresql_arrayjson_vacuum_notfull_run1_zipfian_light_before_mixed.csv
VACUUM start: 1774582618
VACUUM end: 1774582618
=== Setting parameter values for run phase ===
Checking query plan before run phase
=== Executing the run phase with extendproportion=0 and read/update proportions=0.5 ===
Arrangement completed. Output saved to ../analysis/Data/Workload_data/postgresql_arrayjson_vacuum_notfull_run1_zipfian_light_mixed.csv
Arrangement completed. Output saved to ../analysis/Data/Workload_data/postgresql_arrayjson_vacuum_notfull_run1_zipfian_light_mixed.csv
Backing up the database started
Backing up the database finished
Arrangement completed. Output saved to ../analysis/Data/Workload_data/postgresql_arrayjson_vacuum_notfull_run1_zipfian_light_mixed.csv
Size computation started
Appending subsequent iteration 8...
Iteration 8: Appended new size values from key_sizes_postgresql_arrayjson_vacuum_notfull_zipfian_light_mixed_run1.csv to ../analysis/Data/Value_size_data/value_sizes_postgresql_arrayjson_vacuum_notfull_run1_zipfian_light_after_mixed.csv
Total size: 13013900, Field length average: 1301
Workload file fieldlength set to: 1301 (expected: 1301)
=== Executing the load phase for the comparison study ===
Comparison-load verification - Epoch:1 Run:8 TotalSize:13010000 ExpectedFieldLength:1301
Avg-run verification - Epoch:1 Run:8 Iteration:8 TotalSize:13010000 ExpectedFieldLength:1301
=== Executing the run phase with extendproportion=0 and read/update proportions=0.5 ===
Arrangement completed. Output saved to ../analysis/Data/Workload_data/postgresql_arrayjson_vacuum_notfull_run1_zipfian_light_mixed.csv
=== Setting parameter values for extend phase ===
=== Executing the extend phase with extendproportion=1 and other proportions=0 ===
Arrangement completed. Output saved to ../analysis/Data/Workload_data/postgresql_arrayjson_vacuum_notfull_run1_zipfian_light_mixed.csv
Size computation started
Extend verification - Min:11800 Max:48600 Avg:14021 (Expected avg per record: ~1000 bytes initially)
Generating histogram from key size log: key_sizes_postgresql_arrayjson_vacuum_notfull_zipfian_light_mixed_run1.csv
Histogram written to histogram.txt (BlockSize = 100)
Appending subsequent iteration 9...
Iteration 9: Appended new size values from key_sizes_postgresql_arrayjson_vacuum_notfull_zipfian_light_mixed_run1.csv to ../analysis/Data/Value_size_data/value_sizes_postgresql_arrayjson_vacuum_notfull_run1_zipfian_light_before_mixed.csv
VACUUM start: 1774582900
VACUUM end: 1774582900
=== Setting parameter values for run phase ===
Checking query plan before run phase
=== Executing the run phase with extendproportion=0 and read/update proportions=0.5 ===
Arrangement completed. Output saved to ../analysis/Data/Workload_data/postgresql_arrayjson_vacuum_notfull_run1_zipfian_light_mixed.csv
Arrangement completed. Output saved to ../analysis/Data/Workload_data/postgresql_arrayjson_vacuum_notfull_run1_zipfian_light_mixed.csv
Backing up the database started
Backing up the database finished
Arrangement completed. Output saved to ../analysis/Data/Workload_data/postgresql_arrayjson_vacuum_notfull_run1_zipfian_light_mixed.csv
Size computation started
Appending subsequent iteration 9...
Iteration 9: Appended new size values from key_sizes_postgresql_arrayjson_vacuum_notfull_zipfian_light_mixed_run1.csv to ../analysis/Data/Value_size_data/value_sizes_postgresql_arrayjson_vacuum_notfull_run1_zipfian_light_after_mixed.csv
Total size: 14521000, Field length average: 1452
Workload file fieldlength set to: 1452 (expected: 1452)
=== Executing the load phase for the comparison study ===
Comparison-load verification - Epoch:1 Run:9 TotalSize:14520000 ExpectedFieldLength:1452
Avg-run verification - Epoch:1 Run:9 Iteration:9 TotalSize:14520000 ExpectedFieldLength:1452
=== Executing the run phase with extendproportion=0 and read/update proportions=0.5 ===
Arrangement completed. Output saved to ../analysis/Data/Workload_data/postgresql_arrayjson_vacuum_notfull_run1_zipfian_light_mixed.csv
=== Setting parameter values for extend phase ===
=== Executing the extend phase with extendproportion=1 and other proportions=0 ===
Arrangement completed. Output saved to ../analysis/Data/Workload_data/postgresql_arrayjson_vacuum_notfull_run1_zipfian_light_mixed.csv
Size computation started
Extend verification - Min:13100 Max:54400 Avg:15492 (Expected avg per record: ~1000 bytes initially)
Generating histogram from key size log: key_sizes_postgresql_arrayjson_vacuum_notfull_zipfian_light_mixed_run1.csv
Histogram written to histogram.txt (BlockSize = 100)
Appending subsequent iteration 10...
Iteration 10: Appended new size values from key_sizes_postgresql_arrayjson_vacuum_notfull_zipfian_light_mixed_run1.csv to ../analysis/Data/Value_size_data/value_sizes_postgresql_arrayjson_vacuum_notfull_run1_zipfian_light_before_mixed.csv
VACUUM start: 1774583181
VACUUM end: 1774583181
=== Setting parameter values for run phase ===
Checking query plan before run phase
=== Executing the run phase with extendproportion=0 and read/update proportions=0.5 ===
Arrangement completed. Output saved to ../analysis/Data/Workload_data/postgresql_arrayjson_vacuum_notfull_run1_zipfian_light_mixed.csv
Arrangement completed. Output saved to ../analysis/Data/Workload_data/postgresql_arrayjson_vacuum_notfull_run1_zipfian_light_mixed.csv
Backing up the database started
Backing up the database finished
Arrangement completed. Output saved to ../analysis/Data/Workload_data/postgresql_arrayjson_vacuum_notfull_run1_zipfian_light_mixed.csv
Size computation started
Appending subsequent iteration 10...
Iteration 10: Appended new size values from key_sizes_postgresql_arrayjson_vacuum_notfull_zipfian_light_mixed_run1.csv to ../analysis/Data/Value_size_data/value_sizes_postgresql_arrayjson_vacuum_notfull_run1_zipfian_light_after_mixed.csv
Total size: 15985300, Field length average: 1598
Workload file fieldlength set to: 1598 (expected: 1598)
=== Executing the load phase for the comparison study ===
Comparison-load verification - Epoch:1 Run:10 TotalSize:15980000 ExpectedFieldLength:1598
Avg-run verification - Epoch:1 Run:10 Iteration:10 TotalSize:15980000 ExpectedFieldLength:1598
=== Executing the run phase with extendproportion=0 and read/update proportions=0.5 ===
Arrangement completed. Output saved to ../analysis/Data/Workload_data/postgresql_arrayjson_vacuum_notfull_run1_zipfian_light_mixed.csv
=== Setting parameter values for extend phase ===
=== Executing the extend phase with extendproportion=1 and other proportions=0 ===
Arrangement completed. Output saved to ../analysis/Data/Workload_data/postgresql_arrayjson_vacuum_notfull_run1_zipfian_light_mixed.csv
Size computation started
Extend verification - Min:14600 Max:55800 Avg:16997 (Expected avg per record: ~1000 bytes initially)
Generating histogram from key size log: key_sizes_postgresql_arrayjson_vacuum_notfull_zipfian_light_mixed_run1.csv
Histogram written to histogram.txt (BlockSize = 100)
Appending subsequent iteration 11...
Iteration 11: Appended new size values from key_sizes_postgresql_arrayjson_vacuum_notfull_zipfian_light_mixed_run1.csv to ../analysis/Data/Value_size_data/value_sizes_postgresql_arrayjson_vacuum_notfull_run1_zipfian_light_before_mixed.csv
VACUUM start: 1774583465
VACUUM end: 1774583465
=== Setting parameter values for run phase ===
Checking query plan before run phase
=== Executing the run phase with extendproportion=0 and read/update proportions=0.5 ===
Arrangement completed. Output saved to ../analysis/Data/Workload_data/postgresql_arrayjson_vacuum_notfull_run1_zipfian_light_mixed.csv
Arrangement completed. Output saved to ../analysis/Data/Workload_data/postgresql_arrayjson_vacuum_notfull_run1_zipfian_light_mixed.csv
Backing up the database started
Backing up the database finished
Arrangement completed. Output saved to ../analysis/Data/Workload_data/postgresql_arrayjson_vacuum_notfull_run1_zipfian_light_mixed.csv
Size computation started
Appending subsequent iteration 11...
Iteration 11: Appended new size values from key_sizes_postgresql_arrayjson_vacuum_notfull_zipfian_light_mixed_run1.csv to ../analysis/Data/Value_size_data/value_sizes_postgresql_arrayjson_vacuum_notfull_run1_zipfian_light_after_mixed.csv
Total size: 17466900, Field length average: 1746
Workload file fieldlength set to: 1746 (expected: 1746)
=== Executing the load phase for the comparison study ===
Comparison-load verification - Epoch:2 Run:1 TotalSize:17460000 ExpectedFieldLength:1746
Avg-run verification - Epoch:2 Run:1 Iteration:11 TotalSize:17460000 ExpectedFieldLength:1746
=== Executing the run phase with extendproportion=0 and read/update proportions=0.5 ===
Arrangement completed. Output saved to ../analysis/Data/Workload_data/postgresql_arrayjson_vacuum_notfull_run1_zipfian_light_mixed.csv
=== Setting parameter values for extend phase ===
=== Executing the extend phase with extendproportion=1 and other proportions=0 ===
Arrangement completed. Output saved to ../analysis/Data/Workload_data/postgresql_arrayjson_vacuum_notfull_run1_zipfian_light_mixed.csv
Size computation started
Extend verification - Min:16100 Max:56500 Avg:18467 (Expected avg per record: ~1000 bytes initially)
Generating histogram from key size log: key_sizes_postgresql_arrayjson_vacuum_notfull_zipfian_light_mixed_run1.csv
Histogram written to histogram.txt (BlockSize = 100)
Appending subsequent iteration 12...
Iteration 12: Appended new size values from key_sizes_postgresql_arrayjson_vacuum_notfull_zipfian_light_mixed_run1.csv to ../analysis/Data/Value_size_data/value_sizes_postgresql_arrayjson_vacuum_notfull_run1_zipfian_light_before_mixed.csv
VACUUM start: 1774583751
VACUUM end: 1774583751
=== Setting parameter values for run phase ===
Checking query plan before run phase
=== Executing the run phase with extendproportion=0 and read/update proportions=0.5 ===
Arrangement completed. Output saved to ../analysis/Data/Workload_data/postgresql_arrayjson_vacuum_notfull_run1_zipfian_light_mixed.csv
Arrangement completed. Output saved to ../analysis/Data/Workload_data/postgresql_arrayjson_vacuum_notfull_run1_zipfian_light_mixed.csv
Backing up the database started
Backing up the database finished
Arrangement completed. Output saved to ../analysis/Data/Workload_data/postgresql_arrayjson_vacuum_notfull_run1_zipfian_light_mixed.csv
Size computation started
Appending subsequent iteration 12...
Iteration 12: Appended new size values from key_sizes_postgresql_arrayjson_vacuum_notfull_zipfian_light_mixed_run1.csv to ../analysis/Data/Value_size_data/value_sizes_postgresql_arrayjson_vacuum_notfull_run1_zipfian_light_after_mixed.csv
Total size: 18982800, Field length average: 1898
Workload file fieldlength set to: 1898 (expected: 1898)
=== Executing the load phase for the comparison study ===
Comparison-load verification - Epoch:2 Run:2 TotalSize:18980000 ExpectedFieldLength:1898
Avg-run verification - Epoch:2 Run:2 Iteration:12 TotalSize:18980000 ExpectedFieldLength:1898
=== Executing the run phase with extendproportion=0 and read/update proportions=0.5 ===
Arrangement completed. Output saved to ../analysis/Data/Workload_data/postgresql_arrayjson_vacuum_notfull_run1_zipfian_light_mixed.csv
=== Setting parameter values for extend phase ===
=== Executing the extend phase with extendproportion=1 and other proportions=0 ===
Arrangement completed. Output saved to ../analysis/Data/Workload_data/postgresql_arrayjson_vacuum_notfull_run1_zipfian_light_mixed.csv
Size computation started
Extend verification - Min:17400 Max:59200 Avg:19980 (Expected avg per record: ~1000 bytes initially)
Generating histogram from key size log: key_sizes_postgresql_arrayjson_vacuum_notfull_zipfian_light_mixed_run1.csv
Histogram written to histogram.txt (BlockSize = 100)
Appending subsequent iteration 13...
Iteration 13: Appended new size values from key_sizes_postgresql_arrayjson_vacuum_notfull_zipfian_light_mixed_run1.csv to ../analysis/Data/Value_size_data/value_sizes_postgresql_arrayjson_vacuum_notfull_run1_zipfian_light_before_mixed.csv
VACUUM start: 1774584031
VACUUM end: 1774584031
=== Setting parameter values for run phase ===
Checking query plan before run phase
=== Executing the run phase with extendproportion=0 and read/update proportions=0.5 ===
Arrangement completed. Output saved to ../analysis/Data/Workload_data/postgresql_arrayjson_vacuum_notfull_run1_zipfian_light_mixed.csv
Arrangement completed. Output saved to ../analysis/Data/Workload_data/postgresql_arrayjson_vacuum_notfull_run1_zipfian_light_mixed.csv
Backing up the database started
Backing up the database finished
Arrangement completed. Output saved to ../analysis/Data/Workload_data/postgresql_arrayjson_vacuum_notfull_run1_zipfian_light_mixed.csv
Size computation started
Appending subsequent iteration 13...
Iteration 13: Appended new size values from key_sizes_postgresql_arrayjson_vacuum_notfull_zipfian_light_mixed_run1.csv to ../analysis/Data/Value_size_data/value_sizes_postgresql_arrayjson_vacuum_notfull_run1_zipfian_light_after_mixed.csv
Total size: 20464100, Field length average: 2046
Workload file fieldlength set to: 2046 (expected: 2046)
=== Executing the load phase for the comparison study ===
Comparison-load verification - Epoch:2 Run:3 TotalSize:20460000 ExpectedFieldLength:2046
Avg-run verification - Epoch:2 Run:3 Iteration:13 TotalSize:20460000 ExpectedFieldLength:2046
=== Executing the run phase with extendproportion=0 and read/update proportions=0.5 ===
Arrangement completed. Output saved to ../analysis/Data/Workload_data/postgresql_arrayjson_vacuum_notfull_run1_zipfian_light_mixed.csv
=== Setting parameter values for extend phase ===
=== Executing the extend phase with extendproportion=1 and other proportions=0 ===
Arrangement completed. Output saved to ../analysis/Data/Workload_data/postgresql_arrayjson_vacuum_notfull_run1_zipfian_light_mixed.csv
Size computation started
Extend verification - Min:18700 Max:59400 Avg:21439 (Expected avg per record: ~1000 bytes initially)
Generating histogram from key size log: key_sizes_postgresql_arrayjson_vacuum_notfull_zipfian_light_mixed_run1.csv
Histogram written to histogram.txt (BlockSize = 100)
Appending subsequent iteration 14...
Iteration 14: Appended new size values from key_sizes_postgresql_arrayjson_vacuum_notfull_zipfian_light_mixed_run1.csv to ../analysis/Data/Value_size_data/value_sizes_postgresql_arrayjson_vacuum_notfull_run1_zipfian_light_before_mixed.csv
VACUUM start: 1774584318
VACUUM end: 1774584318
=== Setting parameter values for run phase ===
Checking query plan before run phase
=== Executing the run phase with extendproportion=0 and read/update proportions=0.5 ===
Arrangement completed. Output saved to ../analysis/Data/Workload_data/postgresql_arrayjson_vacuum_notfull_run1_zipfian_light_mixed.csv
Arrangement completed. Output saved to ../analysis/Data/Workload_data/postgresql_arrayjson_vacuum_notfull_run1_zipfian_light_mixed.csv
Backing up the database started
Backing up the database finished
Arrangement completed. Output saved to ../analysis/Data/Workload_data/postgresql_arrayjson_vacuum_notfull_run1_zipfian_light_mixed.csv
Size computation started
Appending subsequent iteration 14...
Iteration 14: Appended new size values from key_sizes_postgresql_arrayjson_vacuum_notfull_zipfian_light_mixed_run1.csv to ../analysis/Data/Value_size_data/value_sizes_postgresql_arrayjson_vacuum_notfull_run1_zipfian_light_after_mixed.csv
Total size: 21926500, Field length average: 2192
Workload file fieldlength set to: 2192 (expected: 2192)
=== Executing the load phase for the comparison study ===
Comparison-load verification - Epoch:2 Run:4 TotalSize:21920000 ExpectedFieldLength:2192
Avg-run verification - Epoch:2 Run:4 Iteration:14 TotalSize:21920000 ExpectedFieldLength:2192
=== Executing the run phase with extendproportion=0 and read/update proportions=0.5 ===
Arrangement completed. Output saved to ../analysis/Data/Workload_data/postgresql_arrayjson_vacuum_notfull_run1_zipfian_light_mixed.csv
=== Setting parameter values for extend phase ===
=== Executing the extend phase with extendproportion=1 and other proportions=0 ===
Arrangement completed. Output saved to ../analysis/Data/Workload_data/postgresql_arrayjson_vacuum_notfull_run1_zipfian_light_mixed.csv
Size computation started
Extend verification - Min:19900 Max:62900 Avg:22934 (Expected avg per record: ~1000 bytes initially)
Generating histogram from key size log: key_sizes_postgresql_arrayjson_vacuum_notfull_zipfian_light_mixed_run1.csv
Histogram written to histogram.txt (BlockSize = 100)
Appending subsequent iteration 15...
Iteration 15: Appended new size values from key_sizes_postgresql_arrayjson_vacuum_notfull_zipfian_light_mixed_run1.csv to ../analysis/Data/Value_size_data/value_sizes_postgresql_arrayjson_vacuum_notfull_run1_zipfian_light_before_mixed.csv
VACUUM start: 1774584591
VACUUM end: 1774584592
=== Setting parameter values for run phase ===
Checking query plan before run phase
=== Executing the run phase with extendproportion=0 and read/update proportions=0.5 ===
Arrangement completed. Output saved to ../analysis/Data/Workload_data/postgresql_arrayjson_vacuum_notfull_run1_zipfian_light_mixed.csv
Arrangement completed. Output saved to ../analysis/Data/Workload_data/postgresql_arrayjson_vacuum_notfull_run1_zipfian_light_mixed.csv
Backing up the database started
Backing up the database finished
Arrangement completed. Output saved to ../analysis/Data/Workload_data/postgresql_arrayjson_vacuum_notfull_run1_zipfian_light_mixed.csv
Size computation started
Appending subsequent iteration 15...
Iteration 15: Appended new size values from key_sizes_postgresql_arrayjson_vacuum_notfull_zipfian_light_mixed_run1.csv to ../analysis/Data/Value_size_data/value_sizes_postgresql_arrayjson_vacuum_notfull_run1_zipfian_light_after_mixed.csv
Total size: 23413800, Field length average: 2341
Workload file fieldlength set to: 2341 (expected: 2341)
=== Executing the load phase for the comparison study ===
Comparison-load verification - Epoch:2 Run:5 TotalSize:23410000 ExpectedFieldLength:2341
Avg-run verification - Epoch:2 Run:5 Iteration:15 TotalSize:23410000 ExpectedFieldLength:2341
=== Executing the run phase with extendproportion=0 and read/update proportions=0.5 ===
Arrangement completed. Output saved to ../analysis/Data/Workload_data/postgresql_arrayjson_vacuum_notfull_run1_zipfian_light_mixed.csv
=== Setting parameter values for extend phase ===
=== Executing the extend phase with extendproportion=1 and other proportions=0 ===
Arrangement completed. Output saved to ../analysis/Data/Workload_data/postgresql_arrayjson_vacuum_notfull_run1_zipfian_light_mixed.csv
Size computation started
Extend verification - Min:21200 Max:63600 Avg:24404 (Expected avg per record: ~1000 bytes initially)
Generating histogram from key size log: key_sizes_postgresql_arrayjson_vacuum_notfull_zipfian_light_mixed_run1.csv
Histogram written to histogram.txt (BlockSize = 100)
Appending subsequent iteration 16...
Iteration 16: Appended new size values from key_sizes_postgresql_arrayjson_vacuum_notfull_zipfian_light_mixed_run1.csv to ../analysis/Data/Value_size_data/value_sizes_postgresql_arrayjson_vacuum_notfull_run1_zipfian_light_before_mixed.csv
VACUUM start: 1774584872
VACUUM end: 1774584872
=== Setting parameter values for run phase ===
Checking query plan before run phase
=== Executing the run phase with extendproportion=0 and read/update proportions=0.5 ===
Arrangement completed. Output saved to ../analysis/Data/Workload_data/postgresql_arrayjson_vacuum_notfull_run1_zipfian_light_mixed.csv
Arrangement completed. Output saved to ../analysis/Data/Workload_data/postgresql_arrayjson_vacuum_notfull_run1_zipfian_light_mixed.csv
Backing up the database started
Backing up the database finished
Arrangement completed. Output saved to ../analysis/Data/Workload_data/postgresql_arrayjson_vacuum_notfull_run1_zipfian_light_mixed.csv
Size computation started
Appending subsequent iteration 16...
Iteration 16: Appended new size values from key_sizes_postgresql_arrayjson_vacuum_notfull_zipfian_light_mixed_run1.csv to ../analysis/Data/Value_size_data/value_sizes_postgresql_arrayjson_vacuum_notfull_run1_zipfian_light_after_mixed.csv
Total size: 24880300, Field length average: 2488
Workload file fieldlength set to: 2488 (expected: 2488)
=== Executing the load phase for the comparison study ===
Comparison-load verification - Epoch:2 Run:6 TotalSize:24880000 ExpectedFieldLength:2488
Avg-run verification - Epoch:2 Run:6 Iteration:16 TotalSize:24880000 ExpectedFieldLength:2488
=== Executing the run phase with extendproportion=0 and read/update proportions=0.5 ===
Arrangement completed. Output saved to ../analysis/Data/Workload_data/postgresql_arrayjson_vacuum_notfull_run1_zipfian_light_mixed.csv
=== Setting parameter values for extend phase ===
=== Executing the extend phase with extendproportion=1 and other proportions=0 ===
Arrangement completed. Output saved to ../analysis/Data/Workload_data/postgresql_arrayjson_vacuum_notfull_run1_zipfian_light_mixed.csv
Size computation started
Extend verification - Min:22100 Max:60100 Avg:25885 (Expected avg per record: ~1000 bytes initially)
Generating histogram from key size log: key_sizes_postgresql_arrayjson_vacuum_notfull_zipfian_light_mixed_run1.csv
Histogram written to histogram.txt (BlockSize = 100)
Appending subsequent iteration 17...
Iteration 17: Appended new size values from key_sizes_postgresql_arrayjson_vacuum_notfull_zipfian_light_mixed_run1.csv to ../analysis/Data/Value_size_data/value_sizes_postgresql_arrayjson_vacuum_notfull_run1_zipfian_light_before_mixed.csv
VACUUM start: 1774585154
VACUUM end: 1774585154
=== Setting parameter values for run phase ===
Checking query plan before run phase
=== Executing the run phase with extendproportion=0 and read/update proportions=0.5 ===
Arrangement completed. Output saved to ../analysis/Data/Workload_data/postgresql_arrayjson_vacuum_notfull_run1_zipfian_light_mixed.csv
Arrangement completed. Output saved to ../analysis/Data/Workload_data/postgresql_arrayjson_vacuum_notfull_run1_zipfian_light_mixed.csv
Backing up the database started
Backing up the database finished
Arrangement completed. Output saved to ../analysis/Data/Workload_data/postgresql_arrayjson_vacuum_notfull_run1_zipfian_light_mixed.csv
Size computation started
Appending subsequent iteration 17...
Iteration 17: Appended new size values from key_sizes_postgresql_arrayjson_vacuum_notfull_zipfian_light_mixed_run1.csv to ../analysis/Data/Value_size_data/value_sizes_postgresql_arrayjson_vacuum_notfull_run1_zipfian_light_after_mixed.csv
Total size: 26376100, Field length average: 2637
Workload file fieldlength set to: 2637 (expected: 2637)
=== Executing the load phase for the comparison study ===
Comparison-load verification - Epoch:2 Run:7 TotalSize:26370000 ExpectedFieldLength:2637
Avg-run verification - Epoch:2 Run:7 Iteration:17 TotalSize:26370000 ExpectedFieldLength:2637
=== Executing the run phase with extendproportion=0 and read/update proportions=0.5 ===
Arrangement completed. Output saved to ../analysis/Data/Workload_data/postgresql_arrayjson_vacuum_notfull_run1_zipfian_light_mixed.csv
=== Setting parameter values for extend phase ===
=== Executing the extend phase with extendproportion=1 and other proportions=0 ===
Arrangement completed. Output saved to ../analysis/Data/Workload_data/postgresql_arrayjson_vacuum_notfull_run1_zipfian_light_mixed.csv
Size computation started
Extend verification - Min:24400 Max:63100 Avg:27386 (Expected avg per record: ~1000 bytes initially)
Generating histogram from key size log: key_sizes_postgresql_arrayjson_vacuum_notfull_zipfian_light_mixed_run1.csv
Histogram written to histogram.txt (BlockSize = 100)
Appending subsequent iteration 18...
Iteration 18: Appended new size values from key_sizes_postgresql_arrayjson_vacuum_notfull_zipfian_light_mixed_run1.csv to ../analysis/Data/Value_size_data/value_sizes_postgresql_arrayjson_vacuum_notfull_run1_zipfian_light_before_mixed.csv
VACUUM start: 1774585438
VACUUM end: 1774585439
=== Setting parameter values for run phase ===
Checking query plan before run phase
=== Executing the run phase with extendproportion=0 and read/update proportions=0.5 ===
Arrangement completed. Output saved to ../analysis/Data/Workload_data/postgresql_arrayjson_vacuum_notfull_run1_zipfian_light_mixed.csv
Arrangement completed. Output saved to ../analysis/Data/Workload_data/postgresql_arrayjson_vacuum_notfull_run1_zipfian_light_mixed.csv
Backing up the database started
Backing up the database finished
Arrangement completed. Output saved to ../analysis/Data/Workload_data/postgresql_arrayjson_vacuum_notfull_run1_zipfian_light_mixed.csv
Size computation started
Appending subsequent iteration 18...
Iteration 18: Appended new size values from key_sizes_postgresql_arrayjson_vacuum_notfull_zipfian_light_mixed_run1.csv to ../analysis/Data/Value_size_data/value_sizes_postgresql_arrayjson_vacuum_notfull_run1_zipfian_light_after_mixed.csv
Total size: 27897800, Field length average: 2789
Workload file fieldlength set to: 2789 (expected: 2789)
=== Executing the load phase for the comparison study ===
Comparison-load verification - Epoch:2 Run:8 TotalSize:27890000 ExpectedFieldLength:2789
Avg-run verification - Epoch:2 Run:8 Iteration:18 TotalSize:27890000 ExpectedFieldLength:2789
=== Executing the run phase with extendproportion=0 and read/update proportions=0.5 ===
Arrangement completed. Output saved to ../analysis/Data/Workload_data/postgresql_arrayjson_vacuum_notfull_run1_zipfian_light_mixed.csv
=== Setting parameter values for extend phase ===
=== Executing the extend phase with extendproportion=1 and other proportions=0 ===
Arrangement completed. Output saved to ../analysis/Data/Workload_data/postgresql_arrayjson_vacuum_notfull_run1_zipfian_light_mixed.csv
Size computation started
Extend verification - Min:23900 Max:68900 Avg:28867 (Expected avg per record: ~1000 bytes initially)
Generating histogram from key size log: key_sizes_postgresql_arrayjson_vacuum_notfull_zipfian_light_mixed_run1.csv
Histogram written to histogram.txt (BlockSize = 100)
Appending subsequent iteration 19...
Iteration 19: Appended new size values from key_sizes_postgresql_arrayjson_vacuum_notfull_zipfian_light_mixed_run1.csv to ../analysis/Data/Value_size_data/value_sizes_postgresql_arrayjson_vacuum_notfull_run1_zipfian_light_before_mixed.csv
VACUUM start: 1774585723
VACUUM end: 1774585724
=== Setting parameter values for run phase ===
Checking query plan before run phase
=== Executing the run phase with extendproportion=0 and read/update proportions=0.5 ===
Arrangement completed. Output saved to ../analysis/Data/Workload_data/postgresql_arrayjson_vacuum_notfull_run1_zipfian_light_mixed.csv
Arrangement completed. Output saved to ../analysis/Data/Workload_data/postgresql_arrayjson_vacuum_notfull_run1_zipfian_light_mixed.csv
Backing up the database started
Backing up the database finished
Arrangement completed. Output saved to ../analysis/Data/Workload_data/postgresql_arrayjson_vacuum_notfull_run1_zipfian_light_mixed.csv
Size computation started
Appending subsequent iteration 19...
Iteration 19: Appended new size values from key_sizes_postgresql_arrayjson_vacuum_notfull_zipfian_light_mixed_run1.csv to ../analysis/Data/Value_size_data/value_sizes_postgresql_arrayjson_vacuum_notfull_run1_zipfian_light_after_mixed.csv
Total size: 29358600, Field length average: 2935
Workload file fieldlength set to: 2935 (expected: 2935)
=== Executing the load phase for the comparison study ===
Comparison-load verification - Epoch:2 Run:9 TotalSize:29350000 ExpectedFieldLength:2935
Avg-run verification - Epoch:2 Run:9 Iteration:19 TotalSize:29350000 ExpectedFieldLength:2935
=== Executing the run phase with extendproportion=0 and read/update proportions=0.5 ===
Arrangement completed. Output saved to ../analysis/Data/Workload_data/postgresql_arrayjson_vacuum_notfull_run1_zipfian_light_mixed.csv
=== Setting parameter values for extend phase ===
=== Executing the extend phase with extendproportion=1 and other proportions=0 ===
Arrangement completed. Output saved to ../analysis/Data/Workload_data/postgresql_arrayjson_vacuum_notfull_run1_zipfian_light_mixed.csv
Size computation started
Extend verification - Min:27100 Max:71900 Avg:30346 (Expected avg per record: ~1000 bytes initially)
Generating histogram from key size log: key_sizes_postgresql_arrayjson_vacuum_notfull_zipfian_light_mixed_run1.csv
Histogram written to histogram.txt (BlockSize = 100)
Appending subsequent iteration 20...
Iteration 20: Appended new size values from key_sizes_postgresql_arrayjson_vacuum_notfull_zipfian_light_mixed_run1.csv to ../analysis/Data/Value_size_data/value_sizes_postgresql_arrayjson_vacuum_notfull_run1_zipfian_light_before_mixed.csv
VACUUM start: 1774586009
VACUUM end: 1774586009
=== Setting parameter values for run phase ===
Checking query plan before run phase
=== Executing the run phase with extendproportion=0 and read/update proportions=0.5 ===
Arrangement completed. Output saved to ../analysis/Data/Workload_data/postgresql_arrayjson_vacuum_notfull_run1_zipfian_light_mixed.csv
Arrangement completed. Output saved to ../analysis/Data/Workload_data/postgresql_arrayjson_vacuum_notfull_run1_zipfian_light_mixed.csv
Backing up the database started
Backing up the database finished
Arrangement completed. Output saved to ../analysis/Data/Workload_data/postgresql_arrayjson_vacuum_notfull_run1_zipfian_light_mixed.csv
Size computation started
Appending subsequent iteration 20...
Iteration 20: Appended new size values from key_sizes_postgresql_arrayjson_vacuum_notfull_zipfian_light_mixed_run1.csv to ../analysis/Data/Value_size_data/value_sizes_postgresql_arrayjson_vacuum_notfull_run1_zipfian_light_after_mixed.csv
Total size: 30801800, Field length average: 3080
Workload file fieldlength set to: 3080 (expected: 3080)
=== Executing the load phase for the comparison study ===
Comparison-load verification - Epoch:2 Run:10 TotalSize:30800000 ExpectedFieldLength:3080
Avg-run verification - Epoch:2 Run:10 Iteration:20 TotalSize:30800000 ExpectedFieldLength:3080
=== Executing the run phase with extendproportion=0 and read/update proportions=0.5 ===
Arrangement completed. Output saved to ../analysis/Data/Workload_data/postgresql_arrayjson_vacuum_notfull_run1_zipfian_light_mixed.csv
=== Setting parameter values for extend phase ===
=== Executing the extend phase with extendproportion=1 and other proportions=0 ===
Arrangement completed. Output saved to ../analysis/Data/Workload_data/postgresql_arrayjson_vacuum_notfull_run1_zipfian_light_mixed.csv
Size computation started
Extend verification - Min:27900 Max:69600 Avg:31802 (Expected avg per record: ~1000 bytes initially)
Generating histogram from key size log: key_sizes_postgresql_arrayjson_vacuum_notfull_zipfian_light_mixed_run1.csv
Histogram written to histogram.txt (BlockSize = 100)
Appending subsequent iteration 21...
Iteration 21: Appended new size values from key_sizes_postgresql_arrayjson_vacuum_notfull_zipfian_light_mixed_run1.csv to ../analysis/Data/Value_size_data/value_sizes_postgresql_arrayjson_vacuum_notfull_run1_zipfian_light_before_mixed.csv
VACUUM start: 1774586300
VACUUM end: 1774586300
=== Setting parameter values for run phase ===
Checking query plan before run phase
=== Executing the run phase with extendproportion=0 and read/update proportions=0.5 ===
Arrangement completed. Output saved to ../analysis/Data/Workload_data/postgresql_arrayjson_vacuum_notfull_run1_zipfian_light_mixed.csv
Arrangement completed. Output saved to ../analysis/Data/Workload_data/postgresql_arrayjson_vacuum_notfull_run1_zipfian_light_mixed.csv
Backing up the database started
Backing up the database finished
Arrangement completed. Output saved to ../analysis/Data/Workload_data/postgresql_arrayjson_vacuum_notfull_run1_zipfian_light_mixed.csv
Size computation started
Appending subsequent iteration 21...
Iteration 21: Appended new size values from key_sizes_postgresql_arrayjson_vacuum_notfull_zipfian_light_mixed_run1.csv to ../analysis/Data/Value_size_data/value_sizes_postgresql_arrayjson_vacuum_notfull_run1_zipfian_light_after_mixed.csv
Total size: 32266300, Field length average: 3226
Workload file fieldlength set to: 3226 (expected: 3226)
=== Executing the load phase for the comparison study ===
Comparison-load verification - Epoch:3 Run:1 TotalSize:32260000 ExpectedFieldLength:3226
Avg-run verification - Epoch:3 Run:1 Iteration:21 TotalSize:32260000 ExpectedFieldLength:3226
=== Executing the run phase with extendproportion=0 and read/update proportions=0.5 ===
Arrangement completed. Output saved to ../analysis/Data/Workload_data/postgresql_arrayjson_vacuum_notfull_run1_zipfian_light_mixed.csv
=== Setting parameter values for extend phase ===
=== Executing the extend phase with extendproportion=1 and other proportions=0 ===
Arrangement completed. Output saved to ../analysis/Data/Workload_data/postgresql_arrayjson_vacuum_notfull_run1_zipfian_light_mixed.csv
Size computation started
Extend verification - Min:29600 Max:71200 Avg:33297 (Expected avg per record: ~1000 bytes initially)
Generating histogram from key size log: key_sizes_postgresql_arrayjson_vacuum_notfull_zipfian_light_mixed_run1.csv
Histogram written to histogram.txt (BlockSize = 100)
Appending subsequent iteration 22...
Iteration 22: Appended new size values from key_sizes_postgresql_arrayjson_vacuum_notfull_zipfian_light_mixed_run1.csv to ../analysis/Data/Value_size_data/value_sizes_postgresql_arrayjson_vacuum_notfull_run1_zipfian_light_before_mixed.csv
VACUUM start: 1774586593
VACUUM end: 1774586594
=== Setting parameter values for run phase ===
Checking query plan before run phase
=== Executing the run phase with extendproportion=0 and read/update proportions=0.5 ===
Arrangement completed. Output saved to ../analysis/Data/Workload_data/postgresql_arrayjson_vacuum_notfull_run1_zipfian_light_mixed.csv
Arrangement completed. Output saved to ../analysis/Data/Workload_data/postgresql_arrayjson_vacuum_notfull_run1_zipfian_light_mixed.csv
Backing up the database started
Backing up the database finished
Arrangement completed. Output saved to ../analysis/Data/Workload_data/postgresql_arrayjson_vacuum_notfull_run1_zipfian_light_mixed.csv
Size computation started
Appending subsequent iteration 22...
Iteration 22: Appended new size values from key_sizes_postgresql_arrayjson_vacuum_notfull_zipfian_light_mixed_run1.csv to ../analysis/Data/Value_size_data/value_sizes_postgresql_arrayjson_vacuum_notfull_run1_zipfian_light_after_mixed.csv
Total size: 33731600, Field length average: 3373
Workload file fieldlength set to: 3373 (expected: 3373)
=== Executing the load phase for the comparison study ===
Comparison-load verification - Epoch:3 Run:2 TotalSize:33730000 ExpectedFieldLength:3373
Avg-run verification - Epoch:3 Run:2 Iteration:22 TotalSize:33730000 ExpectedFieldLength:3373
=== Executing the run phase with extendproportion=0 and read/update proportions=0.5 ===
Arrangement completed. Output saved to ../analysis/Data/Workload_data/postgresql_arrayjson_vacuum_notfull_run1_zipfian_light_mixed.csv
=== Setting parameter values for extend phase ===
=== Executing the extend phase with extendproportion=1 and other proportions=0 ===
Arrangement completed. Output saved to ../analysis/Data/Workload_data/postgresql_arrayjson_vacuum_notfull_run1_zipfian_light_mixed.csv
Size computation started
Extend verification - Min:30400 Max:71500 Avg:34775 (Expected avg per record: ~1000 bytes initially)
Generating histogram from key size log: key_sizes_postgresql_arrayjson_vacuum_notfull_zipfian_light_mixed_run1.csv
Histogram written to histogram.txt (BlockSize = 100)
Appending subsequent iteration 23...
Iteration 23: Appended new size values from key_sizes_postgresql_arrayjson_vacuum_notfull_zipfian_light_mixed_run1.csv to ../analysis/Data/Value_size_data/value_sizes_postgresql_arrayjson_vacuum_notfull_run1_zipfian_light_before_mixed.csv
VACUUM start: 1774586890
VACUUM end: 1774586891
=== Setting parameter values for run phase ===
Checking query plan before run phase
=== Executing the run phase with extendproportion=0 and read/update proportions=0.5 ===
Arrangement completed. Output saved to ../analysis/Data/Workload_data/postgresql_arrayjson_vacuum_notfull_run1_zipfian_light_mixed.csv
Arrangement completed. Output saved to ../analysis/Data/Workload_data/postgresql_arrayjson_vacuum_notfull_run1_zipfian_light_mixed.csv
Backing up the database started
Backing up the database finished
Arrangement completed. Output saved to ../analysis/Data/Workload_data/postgresql_arrayjson_vacuum_notfull_run1_zipfian_light_mixed.csv
Size computation started
Appending subsequent iteration 23...
Iteration 23: Appended new size values from key_sizes_postgresql_arrayjson_vacuum_notfull_zipfian_light_mixed_run1.csv to ../analysis/Data/Value_size_data/value_sizes_postgresql_arrayjson_vacuum_notfull_run1_zipfian_light_after_mixed.csv
Total size: 35268000, Field length average: 3526
Workload file fieldlength set to: 3526 (expected: 3526)
=== Executing the load phase for the comparison study ===
Comparison-load verification - Epoch:3 Run:3 TotalSize:35260000 ExpectedFieldLength:3526
Avg-run verification - Epoch:3 Run:3 Iteration:23 TotalSize:35260000 ExpectedFieldLength:3526
=== Executing the run phase with extendproportion=0 and read/update proportions=0.5 ===
Arrangement completed. Output saved to ../analysis/Data/Workload_data/postgresql_arrayjson_vacuum_notfull_run1_zipfian_light_mixed.csv
=== Setting parameter values for extend phase ===
=== Executing the extend phase with extendproportion=1 and other proportions=0 ===
Arrangement completed. Output saved to ../analysis/Data/Workload_data/postgresql_arrayjson_vacuum_notfull_run1_zipfian_light_mixed.csv
Size computation started
Extend verification - Min:31700 Max:76600 Avg:36259 (Expected avg per record: ~1000 bytes initially)
Generating histogram from key size log: key_sizes_postgresql_arrayjson_vacuum_notfull_zipfian_light_mixed_run1.csv
Histogram written to histogram.txt (BlockSize = 100)
Appending subsequent iteration 24...
Iteration 24: Appended new size values from key_sizes_postgresql_arrayjson_vacuum_notfull_zipfian_light_mixed_run1.csv to ../analysis/Data/Value_size_data/value_sizes_postgresql_arrayjson_vacuum_notfull_run1_zipfian_light_before_mixed.csv
VACUUM start: 1774587189
VACUUM end: 1774587190
=== Setting parameter values for run phase ===
Checking query plan before run phase
=== Executing the run phase with extendproportion=0 and read/update proportions=0.5 ===
Arrangement completed. Output saved to ../analysis/Data/Workload_data/postgresql_arrayjson_vacuum_notfull_run1_zipfian_light_mixed.csv
Arrangement completed. Output saved to ../analysis/Data/Workload_data/postgresql_arrayjson_vacuum_notfull_run1_zipfian_light_mixed.csv
Backing up the database started
Backing up the database finished
Arrangement completed. Output saved to ../analysis/Data/Workload_data/postgresql_arrayjson_vacuum_notfull_run1_zipfian_light_mixed.csv
Size computation started
Appending subsequent iteration 24...
Iteration 24: Appended new size values from key_sizes_postgresql_arrayjson_vacuum_notfull_zipfian_light_mixed_run1.csv to ../analysis/Data/Value_size_data/value_sizes_postgresql_arrayjson_vacuum_notfull_run1_zipfian_light_after_mixed.csv
Total size: 36732900, Field length average: 3673
Workload file fieldlength set to: 3673 (expected: 3673)
=== Executing the load phase for the comparison study ===
Comparison-load verification - Epoch:3 Run:4 TotalSize:36730000 ExpectedFieldLength:3673
Avg-run verification - Epoch:3 Run:4 Iteration:24 TotalSize:36730000 ExpectedFieldLength:3673
=== Executing the run phase with extendproportion=0 and read/update proportions=0.5 ===
Arrangement completed. Output saved to ../analysis/Data/Workload_data/postgresql_arrayjson_vacuum_notfull_run1_zipfian_light_mixed.csv
=== Setting parameter values for extend phase ===
=== Executing the extend phase with extendproportion=1 and other proportions=0 ===
Arrangement completed. Output saved to ../analysis/Data/Workload_data/postgresql_arrayjson_vacuum_notfull_run1_zipfian_light_mixed.csv
Size computation started
Extend verification - Min:33100 Max:76200 Avg:37689 (Expected avg per record: ~1000 bytes initially)
Generating histogram from key size log: key_sizes_postgresql_arrayjson_vacuum_notfull_zipfian_light_mixed_run1.csv
Histogram written to histogram.txt (BlockSize = 100)
Appending subsequent iteration 25...
Iteration 25: Appended new size values from key_sizes_postgresql_arrayjson_vacuum_notfull_zipfian_light_mixed_run1.csv to ../analysis/Data/Value_size_data/value_sizes_postgresql_arrayjson_vacuum_notfull_run1_zipfian_light_before_mixed.csv
VACUUM start: 1774587481
VACUUM end: 1774587482
=== Setting parameter values for run phase ===
Checking query plan before run phase
=== Executing the run phase with extendproportion=0 and read/update proportions=0.5 ===
Arrangement completed. Output saved to ../analysis/Data/Workload_data/postgresql_arrayjson_vacuum_notfull_run1_zipfian_light_mixed.csv
Arrangement completed. Output saved to ../analysis/Data/Workload_data/postgresql_arrayjson_vacuum_notfull_run1_zipfian_light_mixed.csv
Backing up the database started
Backing up the database finished
Arrangement completed. Output saved to ../analysis/Data/Workload_data/postgresql_arrayjson_vacuum_notfull_run1_zipfian_light_mixed.csv
Size computation started
Appending subsequent iteration 25...
Iteration 25: Appended new size values from key_sizes_postgresql_arrayjson_vacuum_notfull_zipfian_light_mixed_run1.csv to ../analysis/Data/Value_size_data/value_sizes_postgresql_arrayjson_vacuum_notfull_run1_zipfian_light_after_mixed.csv
Total size: 38176100, Field length average: 3817
Workload file fieldlength set to: 3817 (expected: 3817)
=== Executing the load phase for the comparison study ===
Comparison-load verification - Epoch:3 Run:5 TotalSize:38170000 ExpectedFieldLength:3817
Avg-run verification - Epoch:3 Run:5 Iteration:25 TotalSize:38170000 ExpectedFieldLength:3817
=== Executing the run phase with extendproportion=0 and read/update proportions=0.5 ===
Arrangement completed. Output saved to ../analysis/Data/Workload_data/postgresql_arrayjson_vacuum_notfull_run1_zipfian_light_mixed.csv
=== Setting parameter values for extend phase ===
=== Executing the extend phase with extendproportion=1 and other proportions=0 ===
Arrangement completed. Output saved to ../analysis/Data/Workload_data/postgresql_arrayjson_vacuum_notfull_run1_zipfian_light_mixed.csv
Size computation started
Extend verification - Min:34600 Max:80100 Avg:39153 (Expected avg per record: ~1000 bytes initially)
Generating histogram from key size log: key_sizes_postgresql_arrayjson_vacuum_notfull_zipfian_light_mixed_run1.csv
Histogram written to histogram.txt (BlockSize = 100)
Appending subsequent iteration 26...
Iteration 26: Appended new size values from key_sizes_postgresql_arrayjson_vacuum_notfull_zipfian_light_mixed_run1.csv to ../analysis/Data/Value_size_data/value_sizes_postgresql_arrayjson_vacuum_notfull_run1_zipfian_light_before_mixed.csv
VACUUM start: 1774587773
VACUUM end: 1774587774
=== Setting parameter values for run phase ===
Checking query plan before run phase
=== Executing the run phase with extendproportion=0 and read/update proportions=0.5 ===
Arrangement completed. Output saved to ../analysis/Data/Workload_data/postgresql_arrayjson_vacuum_notfull_run1_zipfian_light_mixed.csv
Arrangement completed. Output saved to ../analysis/Data/Workload_data/postgresql_arrayjson_vacuum_notfull_run1_zipfian_light_mixed.csv
Backing up the database started
Backing up the database finished
Arrangement completed. Output saved to ../analysis/Data/Workload_data/postgresql_arrayjson_vacuum_notfull_run1_zipfian_light_mixed.csv
Size computation started
Appending subsequent iteration 26...
Iteration 26: Appended new size values from key_sizes_postgresql_arrayjson_vacuum_notfull_zipfian_light_mixed_run1.csv to ../analysis/Data/Value_size_data/value_sizes_postgresql_arrayjson_vacuum_notfull_run1_zipfian_light_after_mixed.csv
Total size: 39620400, Field length average: 3962
Workload file fieldlength set to: 3962 (expected: 3962)
=== Executing the load phase for the comparison study ===
Comparison-load verification - Epoch:3 Run:6 TotalSize:39620000 ExpectedFieldLength:3962
Avg-run verification - Epoch:3 Run:6 Iteration:26 TotalSize:39620000 ExpectedFieldLength:3962
=== Executing the run phase with extendproportion=0 and read/update proportions=0.5 ===
Arrangement completed. Output saved to ../analysis/Data/Workload_data/postgresql_arrayjson_vacuum_notfull_run1_zipfian_light_mixed.csv
=== Setting parameter values for extend phase ===
=== Executing the extend phase with extendproportion=1 and other proportions=0 ===
Arrangement completed. Output saved to ../analysis/Data/Workload_data/postgresql_arrayjson_vacuum_notfull_run1_zipfian_light_mixed.csv
Size computation started
Extend verification - Min:35900 Max:77400 Avg:40602 (Expected avg per record: ~1000 bytes initially)
Generating histogram from key size log: key_sizes_postgresql_arrayjson_vacuum_notfull_zipfian_light_mixed_run1.csv
Histogram written to histogram.txt (BlockSize = 100)
Appending subsequent iteration 27...
Iteration 27: Appended new size values from key_sizes_postgresql_arrayjson_vacuum_notfull_zipfian_light_mixed_run1.csv to ../analysis/Data/Value_size_data/value_sizes_postgresql_arrayjson_vacuum_notfull_run1_zipfian_light_before_mixed.csv
VACUUM start: 1774588069
VACUUM end: 1774588070
=== Setting parameter values for run phase ===
Checking query plan before run phase
=== Executing the run phase with extendproportion=0 and read/update proportions=0.5 ===
Arrangement completed. Output saved to ../analysis/Data/Workload_data/postgresql_arrayjson_vacuum_notfull_run1_zipfian_light_mixed.csv
Arrangement completed. Output saved to ../analysis/Data/Workload_data/postgresql_arrayjson_vacuum_notfull_run1_zipfian_light_mixed.csv
Backing up the database started
Backing up the database finished
Arrangement completed. Output saved to ../analysis/Data/Workload_data/postgresql_arrayjson_vacuum_notfull_run1_zipfian_light_mixed.csv
Size computation started
Appending subsequent iteration 27...
Iteration 27: Appended new size values from key_sizes_postgresql_arrayjson_vacuum_notfull_zipfian_light_mixed_run1.csv to ../analysis/Data/Value_size_data/value_sizes_postgresql_arrayjson_vacuum_notfull_run1_zipfian_light_after_mixed.csv
Total size: 41118700, Field length average: 4111
Workload file fieldlength set to: 4111 (expected: 4111)
=== Executing the load phase for the comparison study ===
Comparison-load verification - Epoch:3 Run:7 TotalSize:41110000 ExpectedFieldLength:4111
Avg-run verification - Epoch:3 Run:7 Iteration:27 TotalSize:41110000 ExpectedFieldLength:4111
=== Executing the run phase with extendproportion=0 and read/update proportions=0.5 ===
Arrangement completed. Output saved to ../analysis/Data/Workload_data/postgresql_arrayjson_vacuum_notfull_run1_zipfian_light_mixed.csv
=== Setting parameter values for extend phase ===
=== Executing the extend phase with extendproportion=1 and other proportions=0 ===
Arrangement completed. Output saved to ../analysis/Data/Workload_data/postgresql_arrayjson_vacuum_notfull_run1_zipfian_light_mixed.csv
Size computation started
Extend verification - Min:37300 Max:81400 Avg:42075 (Expected avg per record: ~1000 bytes initially)
Generating histogram from key size log: key_sizes_postgresql_arrayjson_vacuum_notfull_zipfian_light_mixed_run1.csv
Histogram written to histogram.txt (BlockSize = 100)
Appending subsequent iteration 28...
Iteration 28: Appended new size values from key_sizes_postgresql_arrayjson_vacuum_notfull_zipfian_light_mixed_run1.csv to ../analysis/Data/Value_size_data/value_sizes_postgresql_arrayjson_vacuum_notfull_run1_zipfian_light_before_mixed.csv
VACUUM start: 1774588378
VACUUM end: 1774588378
=== Setting parameter values for run phase ===
Checking query plan before run phase
=== Executing the run phase with extendproportion=0 and read/update proportions=0.5 ===
Arrangement completed. Output saved to ../analysis/Data/Workload_data/postgresql_arrayjson_vacuum_notfull_run1_zipfian_light_mixed.csv
Arrangement completed. Output saved to ../analysis/Data/Workload_data/postgresql_arrayjson_vacuum_notfull_run1_zipfian_light_mixed.csv
Backing up the database started
Backing up the database finished
Arrangement completed. Output saved to ../analysis/Data/Workload_data/postgresql_arrayjson_vacuum_notfull_run1_zipfian_light_mixed.csv
Size computation started
Appending subsequent iteration 28...
Iteration 28: Appended new size values from key_sizes_postgresql_arrayjson_vacuum_notfull_zipfian_light_mixed_run1.csv to ../analysis/Data/Value_size_data/value_sizes_postgresql_arrayjson_vacuum_notfull_run1_zipfian_light_after_mixed.csv
Total size: 42536800, Field length average: 4253
Workload file fieldlength set to: 4253 (expected: 4253)
=== Executing the load phase for the comparison study ===
Comparison-load verification - Epoch:3 Run:8 TotalSize:42530000 ExpectedFieldLength:4253
Avg-run verification - Epoch:3 Run:8 Iteration:28 TotalSize:42530000 ExpectedFieldLength:4253
=== Executing the run phase with extendproportion=0 and read/update proportions=0.5 ===
Arrangement completed. Output saved to ../analysis/Data/Workload_data/postgresql_arrayjson_vacuum_notfull_run1_zipfian_light_mixed.csv
=== Setting parameter values for extend phase ===
=== Executing the extend phase with extendproportion=1 and other proportions=0 ===
Arrangement completed. Output saved to ../analysis/Data/Workload_data/postgresql_arrayjson_vacuum_notfull_run1_zipfian_light_mixed.csv
Size computation started
Extend verification - Min:38600 Max:79400 Avg:43506 (Expected avg per record: ~1000 bytes initially)
Generating histogram from key size log: key_sizes_postgresql_arrayjson_vacuum_notfull_zipfian_light_mixed_run1.csv
Histogram written to histogram.txt (BlockSize = 100)
Appending subsequent iteration 29...
Iteration 29: Appended new size values from key_sizes_postgresql_arrayjson_vacuum_notfull_zipfian_light_mixed_run1.csv to ../analysis/Data/Value_size_data/value_sizes_postgresql_arrayjson_vacuum_notfull_run1_zipfian_light_before_mixed.csv
VACUUM start: 1774588686
VACUUM end: 1774588687
=== Setting parameter values for run phase ===
Checking query plan before run phase
=== Executing the run phase with extendproportion=0 and read/update proportions=0.5 ===
Arrangement completed. Output saved to ../analysis/Data/Workload_data/postgresql_arrayjson_vacuum_notfull_run1_zipfian_light_mixed.csv
Arrangement completed. Output saved to ../analysis/Data/Workload_data/postgresql_arrayjson_vacuum_notfull_run1_zipfian_light_mixed.csv
Backing up the database started
Backing up the database finished
Arrangement completed. Output saved to ../analysis/Data/Workload_data/postgresql_arrayjson_vacuum_notfull_run1_zipfian_light_mixed.csv
Size computation started
Appending subsequent iteration 29...
Iteration 29: Appended new size values from key_sizes_postgresql_arrayjson_vacuum_notfull_zipfian_light_mixed_run1.csv to ../analysis/Data/Value_size_data/value_sizes_postgresql_arrayjson_vacuum_notfull_run1_zipfian_light_after_mixed.csv
Total size: 43993000, Field length average: 4399
Workload file fieldlength set to: 4399 (expected: 4399)
=== Executing the load phase for the comparison study ===
Comparison-load verification - Epoch:3 Run:9 TotalSize:43990000 ExpectedFieldLength:4399
Avg-run verification - Epoch:3 Run:9 Iteration:29 TotalSize:43990000 ExpectedFieldLength:4399
=== Executing the run phase with extendproportion=0 and read/update proportions=0.5 ===
Arrangement completed. Output saved to ../analysis/Data/Workload_data/postgresql_arrayjson_vacuum_notfull_run1_zipfian_light_mixed.csv
=== Setting parameter values for extend phase ===
=== Executing the extend phase with extendproportion=1 and other proportions=0 ===
Arrangement completed. Output saved to ../analysis/Data/Workload_data/postgresql_arrayjson_vacuum_notfull_run1_zipfian_light_mixed.csv
Size computation started
Extend verification - Min:39500 Max:87400 Avg:44998 (Expected avg per record: ~1000 bytes initially)
Generating histogram from key size log: key_sizes_postgresql_arrayjson_vacuum_notfull_zipfian_light_mixed_run1.csv
Histogram written to histogram.txt (BlockSize = 100)
Appending subsequent iteration 30...
Iteration 30: Appended new size values from key_sizes_postgresql_arrayjson_vacuum_notfull_zipfian_light_mixed_run1.csv to ../analysis/Data/Value_size_data/value_sizes_postgresql_arrayjson_vacuum_notfull_run1_zipfian_light_before_mixed.csv
VACUUM start: 1774588997
VACUUM end: 1774588998
=== Setting parameter values for run phase ===
Checking query plan before run phase
=== Executing the run phase with extendproportion=0 and read/update proportions=0.5 ===
Arrangement completed. Output saved to ../analysis/Data/Workload_data/postgresql_arrayjson_vacuum_notfull_run1_zipfian_light_mixed.csv
Arrangement completed. Output saved to ../analysis/Data/Workload_data/postgresql_arrayjson_vacuum_notfull_run1_zipfian_light_mixed.csv
Backing up the database started
Backing up the database finished
Arrangement completed. Output saved to ../analysis/Data/Workload_data/postgresql_arrayjson_vacuum_notfull_run1_zipfian_light_mixed.csv
Size computation started
Appending subsequent iteration 30...
Iteration 30: Appended new size values from key_sizes_postgresql_arrayjson_vacuum_notfull_zipfian_light_mixed_run1.csv to ../analysis/Data/Value_size_data/value_sizes_postgresql_arrayjson_vacuum_notfull_run1_zipfian_light_after_mixed.csv
Total size: 45448800, Field length average: 4544
Workload file fieldlength set to: 4544 (expected: 4544)
=== Executing the load phase for the comparison study ===
Comparison-load verification - Epoch:3 Run:10 TotalSize:45440000 ExpectedFieldLength:4544
Avg-run verification - Epoch:3 Run:10 Iteration:30 TotalSize:45440000 ExpectedFieldLength:4544
=== Executing the run phase with extendproportion=0 and read/update proportions=0.5 ===
Arrangement completed. Output saved to ../analysis/Data/Workload_data/postgresql_arrayjson_vacuum_notfull_run1_zipfian_light_mixed.csv
=== Setting parameter values for extend phase ===
=== Executing the extend phase with extendproportion=1 and other proportions=0 ===
Arrangement completed. Output saved to ../analysis/Data/Workload_data/postgresql_arrayjson_vacuum_notfull_run1_zipfian_light_mixed.csv
Size computation started
Extend verification - Min:41100 Max:80700 Avg:46402 (Expected avg per record: ~1000 bytes initially)
Generating histogram from key size log: key_sizes_postgresql_arrayjson_vacuum_notfull_zipfian_light_mixed_run1.csv
Histogram written to histogram.txt (BlockSize = 100)
Appending subsequent iteration 31...
Iteration 31: Appended new size values from key_sizes_postgresql_arrayjson_vacuum_notfull_zipfian_light_mixed_run1.csv to ../analysis/Data/Value_size_data/value_sizes_postgresql_arrayjson_vacuum_notfull_run1_zipfian_light_before_mixed.csv
VACUUM start: 1774589311
VACUUM end: 1774589312
=== Setting parameter values for run phase ===
Checking query plan before run phase
=== Executing the run phase with extendproportion=0 and read/update proportions=0.5 ===
Arrangement completed. Output saved to ../analysis/Data/Workload_data/postgresql_arrayjson_vacuum_notfull_run1_zipfian_light_mixed.csv
Arrangement completed. Output saved to ../analysis/Data/Workload_data/postgresql_arrayjson_vacuum_notfull_run1_zipfian_light_mixed.csv
Backing up the database started
Backing up the database finished
Arrangement completed. Output saved to ../analysis/Data/Workload_data/postgresql_arrayjson_vacuum_notfull_run1_zipfian_light_mixed.csv
Size computation started
Appending subsequent iteration 31...
Iteration 31: Appended new size values from key_sizes_postgresql_arrayjson_vacuum_notfull_zipfian_light_mixed_run1.csv to ../analysis/Data/Value_size_data/value_sizes_postgresql_arrayjson_vacuum_notfull_run1_zipfian_light_after_mixed.csv
Total size: 46876400, Field length average: 4687
Workload file fieldlength set to: 4687 (expected: 4687)
=== Executing the load phase for the comparison study ===
Comparison-load verification - Epoch:4 Run:1 TotalSize:46870000 ExpectedFieldLength:4687
Avg-run verification - Epoch:4 Run:1 Iteration:31 TotalSize:46870000 ExpectedFieldLength:4687
=== Executing the run phase with extendproportion=0 and read/update proportions=0.5 ===
Arrangement completed. Output saved to ../analysis/Data/Workload_data/postgresql_arrayjson_vacuum_notfull_run1_zipfian_light_mixed.csv
=== Setting parameter values for extend phase ===
=== Executing the extend phase with extendproportion=1 and other proportions=0 ===
Arrangement completed. Output saved to ../analysis/Data/Workload_data/postgresql_arrayjson_vacuum_notfull_run1_zipfian_light_mixed.csv
Size computation started
Extend verification - Min:42700 Max:85600 Avg:47861 (Expected avg per record: ~1000 bytes initially)
Generating histogram from key size log: key_sizes_postgresql_arrayjson_vacuum_notfull_zipfian_light_mixed_run1.csv
Histogram written to histogram.txt (BlockSize = 100)
Appending subsequent iteration 32...
Iteration 32: Appended new size values from key_sizes_postgresql_arrayjson_vacuum_notfull_zipfian_light_mixed_run1.csv to ../analysis/Data/Value_size_data/value_sizes_postgresql_arrayjson_vacuum_notfull_run1_zipfian_light_before_mixed.csv
VACUUM start: 1774589627
VACUUM end: 1774589627
=== Setting parameter values for run phase ===
Checking query plan before run phase
=== Executing the run phase with extendproportion=0 and read/update proportions=0.5 ===
Arrangement completed. Output saved to ../analysis/Data/Workload_data/postgresql_arrayjson_vacuum_notfull_run1_zipfian_light_mixed.csv
Arrangement completed. Output saved to ../analysis/Data/Workload_data/postgresql_arrayjson_vacuum_notfull_run1_zipfian_light_mixed.csv
Backing up the database started
Backing up the database finished
Arrangement completed. Output saved to ../analysis/Data/Workload_data/postgresql_arrayjson_vacuum_notfull_run1_zipfian_light_mixed.csv
Size computation started
Appending subsequent iteration 32...
Iteration 32: Appended new size values from key_sizes_postgresql_arrayjson_vacuum_notfull_zipfian_light_mixed_run1.csv to ../analysis/Data/Value_size_data/value_sizes_postgresql_arrayjson_vacuum_notfull_run1_zipfian_light_after_mixed.csv
Total size: 48325300, Field length average: 4832
Workload file fieldlength set to: 4832 (expected: 4832)
=== Executing the load phase for the comparison study ===
Comparison-load verification - Epoch:4 Run:2 TotalSize:48320000 ExpectedFieldLength:4832
Avg-run verification - Epoch:4 Run:2 Iteration:32 TotalSize:48320000 ExpectedFieldLength:4832
=== Executing the run phase with extendproportion=0 and read/update proportions=0.5 ===
Arrangement completed. Output saved to ../analysis/Data/Workload_data/postgresql_arrayjson_vacuum_notfull_run1_zipfian_light_mixed.csv
=== Setting parameter values for extend phase ===
=== Executing the extend phase with extendproportion=1 and other proportions=0 ===
Arrangement completed. Output saved to ../analysis/Data/Workload_data/postgresql_arrayjson_vacuum_notfull_run1_zipfian_light_mixed.csv
Size computation started
Extend verification - Min:43800 Max:87300 Avg:49311 (Expected avg per record: ~1000 bytes initially)
Generating histogram from key size log: key_sizes_postgresql_arrayjson_vacuum_notfull_zipfian_light_mixed_run1.csv
Histogram written to histogram.txt (BlockSize = 100)
Appending subsequent iteration 33...
Iteration 33: Appended new size values from key_sizes_postgresql_arrayjson_vacuum_notfull_zipfian_light_mixed_run1.csv to ../analysis/Data/Value_size_data/value_sizes_postgresql_arrayjson_vacuum_notfull_run1_zipfian_light_before_mixed.csv
VACUUM start: 1774589947
VACUUM end: 1774589948
=== Setting parameter values for run phase ===
Checking query plan before run phase
=== Executing the run phase with extendproportion=0 and read/update proportions=0.5 ===
Arrangement completed. Output saved to ../analysis/Data/Workload_data/postgresql_arrayjson_vacuum_notfull_run1_zipfian_light_mixed.csv
Arrangement completed. Output saved to ../analysis/Data/Workload_data/postgresql_arrayjson_vacuum_notfull_run1_zipfian_light_mixed.csv
Backing up the database started
Backing up the database finished
Arrangement completed. Output saved to ../analysis/Data/Workload_data/postgresql_arrayjson_vacuum_notfull_run1_zipfian_light_mixed.csv
Size computation started
Appending subsequent iteration 33...
Iteration 33: Appended new size values from key_sizes_postgresql_arrayjson_vacuum_notfull_zipfian_light_mixed_run1.csv to ../analysis/Data/Value_size_data/value_sizes_postgresql_arrayjson_vacuum_notfull_run1_zipfian_light_after_mixed.csv
Total size: 49778800, Field length average: 4977
Workload file fieldlength set to: 4977 (expected: 4977)
=== Executing the load phase for the comparison study ===
Comparison-load verification - Epoch:4 Run:3 TotalSize:49770000 ExpectedFieldLength:4977
Avg-run verification - Epoch:4 Run:3 Iteration:33 TotalSize:49770000 ExpectedFieldLength:4977
=== Executing the run phase with extendproportion=0 and read/update proportions=0.5 ===
Arrangement completed. Output saved to ../analysis/Data/Workload_data/postgresql_arrayjson_vacuum_notfull_run1_zipfian_light_mixed.csv
=== Setting parameter values for extend phase ===
=== Executing the extend phase with extendproportion=1 and other proportions=0 ===
Arrangement completed. Output saved to ../analysis/Data/Workload_data/postgresql_arrayjson_vacuum_notfull_run1_zipfian_light_mixed.csv
Size computation started
Extend verification - Min:45400 Max:91400 Avg:50816 (Expected avg per record: ~1000 bytes initially)
Generating histogram from key size log: key_sizes_postgresql_arrayjson_vacuum_notfull_zipfian_light_mixed_run1.csv
Histogram written to histogram.txt (BlockSize = 100)
Appending subsequent iteration 34...
Iteration 34: Appended new size values from key_sizes_postgresql_arrayjson_vacuum_notfull_zipfian_light_mixed_run1.csv to ../analysis/Data/Value_size_data/value_sizes_postgresql_arrayjson_vacuum_notfull_run1_zipfian_light_before_mixed.csv
VACUUM start: 1774590267
VACUUM end: 1774590268
=== Setting parameter values for run phase ===
Checking query plan before run phase
=== Executing the run phase with extendproportion=0 and read/update proportions=0.5 ===
Arrangement completed. Output saved to ../analysis/Data/Workload_data/postgresql_arrayjson_vacuum_notfull_run1_zipfian_light_mixed.csv
Arrangement completed. Output saved to ../analysis/Data/Workload_data/postgresql_arrayjson_vacuum_notfull_run1_zipfian_light_mixed.csv
Backing up the database started
Backing up the database finished
Arrangement completed. Output saved to ../analysis/Data/Workload_data/postgresql_arrayjson_vacuum_notfull_run1_zipfian_light_mixed.csv
Size computation started
Appending subsequent iteration 34...
Iteration 34: Appended new size values from key_sizes_postgresql_arrayjson_vacuum_notfull_zipfian_light_mixed_run1.csv to ../analysis/Data/Value_size_data/value_sizes_postgresql_arrayjson_vacuum_notfull_run1_zipfian_light_after_mixed.csv
Total size: 51192600, Field length average: 5119
Workload file fieldlength set to: 5119 (expected: 5119)
=== Executing the load phase for the comparison study ===
Comparison-load verification - Epoch:4 Run:4 TotalSize:51190000 ExpectedFieldLength:5119
Avg-run verification - Epoch:4 Run:4 Iteration:34 TotalSize:51190000 ExpectedFieldLength:5119
=== Executing the run phase with extendproportion=0 and read/update proportions=0.5 ===
Arrangement completed. Output saved to ../analysis/Data/Workload_data/postgresql_arrayjson_vacuum_notfull_run1_zipfian_light_mixed.csv
=== Setting parameter values for extend phase ===
=== Executing the extend phase with extendproportion=1 and other proportions=0 ===
Arrangement completed. Output saved to ../analysis/Data/Workload_data/postgresql_arrayjson_vacuum_notfull_run1_zipfian_light_mixed.csv
Size computation started
Extend verification - Min:46600 Max:90600 Avg:52256 (Expected avg per record: ~1000 bytes initially)
Generating histogram from key size log: key_sizes_postgresql_arrayjson_vacuum_notfull_zipfian_light_mixed_run1.csv
Histogram written to histogram.txt (BlockSize = 100)
Appending subsequent iteration 35...
Iteration 35: Appended new size values from key_sizes_postgresql_arrayjson_vacuum_notfull_zipfian_light_mixed_run1.csv to ../analysis/Data/Value_size_data/value_sizes_postgresql_arrayjson_vacuum_notfull_run1_zipfian_light_before_mixed.csv
VACUUM start: 1774590591
VACUUM end: 1774590592
=== Setting parameter values for run phase ===
Checking query plan before run phase
=== Executing the run phase with extendproportion=0 and read/update proportions=0.5 ===
Arrangement completed. Output saved to ../analysis/Data/Workload_data/postgresql_arrayjson_vacuum_notfull_run1_zipfian_light_mixed.csv
Arrangement completed. Output saved to ../analysis/Data/Workload_data/postgresql_arrayjson_vacuum_notfull_run1_zipfian_light_mixed.csv
Backing up the database started
Backing up the database finished
Arrangement completed. Output saved to ../analysis/Data/Workload_data/postgresql_arrayjson_vacuum_notfull_run1_zipfian_light_mixed.csv
Size computation started
Appending subsequent iteration 35...
Iteration 35: Appended new size values from key_sizes_postgresql_arrayjson_vacuum_notfull_zipfian_light_mixed_run1.csv to ../analysis/Data/Value_size_data/value_sizes_postgresql_arrayjson_vacuum_notfull_run1_zipfian_light_after_mixed.csv
Total size: 52736200, Field length average: 5273
Workload file fieldlength set to: 5273 (expected: 5273)
=== Executing the load phase for the comparison study ===
Comparison-load verification - Epoch:4 Run:5 TotalSize:52730000 ExpectedFieldLength:5273
Avg-run verification - Epoch:4 Run:5 Iteration:35 TotalSize:52730000 ExpectedFieldLength:5273
=== Executing the run phase with extendproportion=0 and read/update proportions=0.5 ===
Arrangement completed. Output saved to ../analysis/Data/Workload_data/postgresql_arrayjson_vacuum_notfull_run1_zipfian_light_mixed.csv
=== Setting parameter values for extend phase ===
=== Executing the extend phase with extendproportion=1 and other proportions=0 ===
Arrangement completed. Output saved to ../analysis/Data/Workload_data/postgresql_arrayjson_vacuum_notfull_run1_zipfian_light_mixed.csv
Size computation started
Extend verification - Min:47900 Max:90600 Avg:53712 (Expected avg per record: ~1000 bytes initially)
Generating histogram from key size log: key_sizes_postgresql_arrayjson_vacuum_notfull_zipfian_light_mixed_run1.csv
Histogram written to histogram.txt (BlockSize = 100)
Appending subsequent iteration 36...
Iteration 36: Appended new size values from key_sizes_postgresql_arrayjson_vacuum_notfull_zipfian_light_mixed_run1.csv to ../analysis/Data/Value_size_data/value_sizes_postgresql_arrayjson_vacuum_notfull_run1_zipfian_light_before_mixed.csv
VACUUM start: 1774590916
VACUUM end: 1774590917
=== Setting parameter values for run phase ===
Checking query plan before run phase
=== Executing the run phase with extendproportion=0 and read/update proportions=0.5 ===
Arrangement completed. Output saved to ../analysis/Data/Workload_data/postgresql_arrayjson_vacuum_notfull_run1_zipfian_light_mixed.csv
Arrangement completed. Output saved to ../analysis/Data/Workload_data/postgresql_arrayjson_vacuum_notfull_run1_zipfian_light_mixed.csv
Backing up the database started
Backing up the database finished
Arrangement completed. Output saved to ../analysis/Data/Workload_data/postgresql_arrayjson_vacuum_notfull_run1_zipfian_light_mixed.csv
Size computation started
Appending subsequent iteration 36...
Iteration 36: Appended new size values from key_sizes_postgresql_arrayjson_vacuum_notfull_zipfian_light_mixed_run1.csv to ../analysis/Data/Value_size_data/value_sizes_postgresql_arrayjson_vacuum_notfull_run1_zipfian_light_after_mixed.csv
Total size: 54169600, Field length average: 5416
Workload file fieldlength set to: 5416 (expected: 5416)
=== Executing the load phase for the comparison study ===
Comparison-load verification - Epoch:4 Run:6 TotalSize:54160000 ExpectedFieldLength:5416
Avg-run verification - Epoch:4 Run:6 Iteration:36 TotalSize:54160000 ExpectedFieldLength:5416
=== Executing the run phase with extendproportion=0 and read/update proportions=0.5 ===
Arrangement completed. Output saved to ../analysis/Data/Workload_data/postgresql_arrayjson_vacuum_notfull_run1_zipfian_light_mixed.csv
=== Setting parameter values for extend phase ===
=== Executing the extend phase with extendproportion=1 and other proportions=0 ===
Arrangement completed. Output saved to ../analysis/Data/Workload_data/postgresql_arrayjson_vacuum_notfull_run1_zipfian_light_mixed.csv
Size computation started
Extend verification - Min:49000 Max:95100 Avg:55133 (Expected avg per record: ~1000 bytes initially)
Generating histogram from key size log: key_sizes_postgresql_arrayjson_vacuum_notfull_zipfian_light_mixed_run1.csv
Histogram written to histogram.txt (BlockSize = 100)
Appending subsequent iteration 37...
Iteration 37: Appended new size values from key_sizes_postgresql_arrayjson_vacuum_notfull_zipfian_light_mixed_run1.csv to ../analysis/Data/Value_size_data/value_sizes_postgresql_arrayjson_vacuum_notfull_run1_zipfian_light_before_mixed.csv
VACUUM start: 1774591238
VACUUM end: 1774591239
=== Setting parameter values for run phase ===
Checking query plan before run phase
=== Executing the run phase with extendproportion=0 and read/update proportions=0.5 ===
Arrangement completed. Output saved to ../analysis/Data/Workload_data/postgresql_arrayjson_vacuum_notfull_run1_zipfian_light_mixed.csv
Arrangement completed. Output saved to ../analysis/Data/Workload_data/postgresql_arrayjson_vacuum_notfull_run1_zipfian_light_mixed.csv
Backing up the database started
Backing up the database finished
Arrangement completed. Output saved to ../analysis/Data/Workload_data/postgresql_arrayjson_vacuum_notfull_run1_zipfian_light_mixed.csv
Size computation started
Appending subsequent iteration 37...
Iteration 37: Appended new size values from key_sizes_postgresql_arrayjson_vacuum_notfull_zipfian_light_mixed_run1.csv to ../analysis/Data/Value_size_data/value_sizes_postgresql_arrayjson_vacuum_notfull_run1_zipfian_light_after_mixed.csv
Total size: 55553200, Field length average: 5555
Workload file fieldlength set to: 5555 (expected: 5555)
=== Executing the load phase for the comparison study ===
Comparison-load verification - Epoch:4 Run:7 TotalSize:55550000 ExpectedFieldLength:5555
Avg-run verification - Epoch:4 Run:7 Iteration:37 TotalSize:55550000 ExpectedFieldLength:5555
=== Executing the run phase with extendproportion=0 and read/update proportions=0.5 ===
Arrangement completed. Output saved to ../analysis/Data/Workload_data/postgresql_arrayjson_vacuum_notfull_run1_zipfian_light_mixed.csv
=== Setting parameter values for extend phase ===
=== Executing the extend phase with extendproportion=1 and other proportions=0 ===
Arrangement completed. Output saved to ../analysis/Data/Workload_data/postgresql_arrayjson_vacuum_notfull_run1_zipfian_light_mixed.csv
Size computation started
Extend verification - Min:50900 Max:91500 Avg:56583 (Expected avg per record: ~1000 bytes initially)
Generating histogram from key size log: key_sizes_postgresql_arrayjson_vacuum_notfull_zipfian_light_mixed_run1.csv
Histogram written to histogram.txt (BlockSize = 100)
Appending subsequent iteration 38...
Iteration 38: Appended new size values from key_sizes_postgresql_arrayjson_vacuum_notfull_zipfian_light_mixed_run1.csv to ../analysis/Data/Value_size_data/value_sizes_postgresql_arrayjson_vacuum_notfull_run1_zipfian_light_before_mixed.csv
VACUUM start: 1774591567
VACUUM end: 1774591567
=== Setting parameter values for run phase ===
Checking query plan before run phase
=== Executing the run phase with extendproportion=0 and read/update proportions=0.5 ===
Arrangement completed. Output saved to ../analysis/Data/Workload_data/postgresql_arrayjson_vacuum_notfull_run1_zipfian_light_mixed.csv
Arrangement completed. Output saved to ../analysis/Data/Workload_data/postgresql_arrayjson_vacuum_notfull_run1_zipfian_light_mixed.csv
Backing up the database started
Backing up the database finished
Arrangement completed. Output saved to ../analysis/Data/Workload_data/postgresql_arrayjson_vacuum_notfull_run1_zipfian_light_mixed.csv
Size computation started
Appending subsequent iteration 38...
Iteration 38: Appended new size values from key_sizes_postgresql_arrayjson_vacuum_notfull_zipfian_light_mixed_run1.csv to ../analysis/Data/Value_size_data/value_sizes_postgresql_arrayjson_vacuum_notfull_run1_zipfian_light_after_mixed.csv
Total size: 57046900, Field length average: 5704
Workload file fieldlength set to: 5704 (expected: 5704)
=== Executing the load phase for the comparison study ===
Comparison-load verification - Epoch:4 Run:8 TotalSize:57040000 ExpectedFieldLength:5704
Avg-run verification - Epoch:4 Run:8 Iteration:38 TotalSize:57040000 ExpectedFieldLength:5704
=== Executing the run phase with extendproportion=0 and read/update proportions=0.5 ===
Arrangement completed. Output saved to ../analysis/Data/Workload_data/postgresql_arrayjson_vacuum_notfull_run1_zipfian_light_mixed.csv
=== Setting parameter values for extend phase ===
=== Executing the extend phase with extendproportion=1 and other proportions=0 ===
Arrangement completed. Output saved to ../analysis/Data/Workload_data/postgresql_arrayjson_vacuum_notfull_run1_zipfian_light_mixed.csv
Size computation started
Extend verification - Min:52000 Max:97700 Avg:58049 (Expected avg per record: ~1000 bytes initially)
Generating histogram from key size log: key_sizes_postgresql_arrayjson_vacuum_notfull_zipfian_light_mixed_run1.csv
Histogram written to histogram.txt (BlockSize = 100)
Appending subsequent iteration 39...
Iteration 39: Appended new size values from key_sizes_postgresql_arrayjson_vacuum_notfull_zipfian_light_mixed_run1.csv to ../analysis/Data/Value_size_data/value_sizes_postgresql_arrayjson_vacuum_notfull_run1_zipfian_light_before_mixed.csv
VACUUM start: 1774591896
VACUUM end: 1774591896
=== Setting parameter values for run phase ===
Checking query plan before run phase
=== Executing the run phase with extendproportion=0 and read/update proportions=0.5 ===
Arrangement completed. Output saved to ../analysis/Data/Workload_data/postgresql_arrayjson_vacuum_notfull_run1_zipfian_light_mixed.csv
Arrangement completed. Output saved to ../analysis/Data/Workload_data/postgresql_arrayjson_vacuum_notfull_run1_zipfian_light_mixed.csv
Backing up the database started
Backing up the database finished
Arrangement completed. Output saved to ../analysis/Data/Workload_data/postgresql_arrayjson_vacuum_notfull_run1_zipfian_light_mixed.csv
Size computation started
Appending subsequent iteration 39...
Iteration 39: Appended new size values from key_sizes_postgresql_arrayjson_vacuum_notfull_zipfian_light_mixed_run1.csv to ../analysis/Data/Value_size_data/value_sizes_postgresql_arrayjson_vacuum_notfull_run1_zipfian_light_after_mixed.csv
Total size: 58501700, Field length average: 5850
Workload file fieldlength set to: 5850 (expected: 5850)
=== Executing the load phase for the comparison study ===
Comparison-load verification - Epoch:4 Run:9 TotalSize:58500000 ExpectedFieldLength:5850
Avg-run verification - Epoch:4 Run:9 Iteration:39 TotalSize:58500000 ExpectedFieldLength:5850
=== Executing the run phase with extendproportion=0 and read/update proportions=0.5 ===
Arrangement completed. Output saved to ../analysis/Data/Workload_data/postgresql_arrayjson_vacuum_notfull_run1_zipfian_light_mixed.csv
=== Setting parameter values for extend phase ===
=== Executing the extend phase with extendproportion=1 and other proportions=0 ===
Arrangement completed. Output saved to ../analysis/Data/Workload_data/postgresql_arrayjson_vacuum_notfull_run1_zipfian_light_mixed.csv
Size computation started
Extend verification - Min:53200 Max:98700 Avg:59458 (Expected avg per record: ~1000 bytes initially)
Generating histogram from key size log: key_sizes_postgresql_arrayjson_vacuum_notfull_zipfian_light_mixed_run1.csv
Histogram written to histogram.txt (BlockSize = 100)
Appending subsequent iteration 40...
Iteration 40: Appended new size values from key_sizes_postgresql_arrayjson_vacuum_notfull_zipfian_light_mixed_run1.csv to ../analysis/Data/Value_size_data/value_sizes_postgresql_arrayjson_vacuum_notfull_run1_zipfian_light_before_mixed.csv
VACUUM start: 1774592225
VACUUM end: 1774592226
=== Setting parameter values for run phase ===
Checking query plan before run phase
=== Executing the run phase with extendproportion=0 and read/update proportions=0.5 ===
Arrangement completed. Output saved to ../analysis/Data/Workload_data/postgresql_arrayjson_vacuum_notfull_run1_zipfian_light_mixed.csv
Arrangement completed. Output saved to ../analysis/Data/Workload_data/postgresql_arrayjson_vacuum_notfull_run1_zipfian_light_mixed.csv
Backing up the database started
Backing up the database finished
Arrangement completed. Output saved to ../analysis/Data/Workload_data/postgresql_arrayjson_vacuum_notfull_run1_zipfian_light_mixed.csv
Size computation started
Appending subsequent iteration 40...
Iteration 40: Appended new size values from key_sizes_postgresql_arrayjson_vacuum_notfull_zipfian_light_mixed_run1.csv to ../analysis/Data/Value_size_data/value_sizes_postgresql_arrayjson_vacuum_notfull_run1_zipfian_light_after_mixed.csv
Total size: 59868400, Field length average: 5986
Workload file fieldlength set to: 5986 (expected: 5986)
=== Executing the load phase for the comparison study ===
Comparison-load verification - Epoch:4 Run:10 TotalSize:59860000 ExpectedFieldLength:5986
Avg-run verification - Epoch:4 Run:10 Iteration:40 TotalSize:59860000 ExpectedFieldLength:5986
=== Executing the run phase with extendproportion=0 and read/update proportions=0.5 ===
Arrangement completed. Output saved to ../analysis/Data/Workload_data/postgresql_arrayjson_vacuum_notfull_run1_zipfian_light_mixed.csv
=== Setting parameter values for extend phase ===
=== Executing the extend phase with extendproportion=1 and other proportions=0 ===
Arrangement completed. Output saved to ../analysis/Data/Workload_data/postgresql_arrayjson_vacuum_notfull_run1_zipfian_light_mixed.csv
Size computation started
Extend verification - Min:54200 Max:100000 Avg:60876 (Expected avg per record: ~1000 bytes initially)
Generating histogram from key size log: key_sizes_postgresql_arrayjson_vacuum_notfull_zipfian_light_mixed_run1.csv
Histogram written to histogram.txt (BlockSize = 100)
Appending subsequent iteration 41...
Iteration 41: Appended new size values from key_sizes_postgresql_arrayjson_vacuum_notfull_zipfian_light_mixed_run1.csv to ../analysis/Data/Value_size_data/value_sizes_postgresql_arrayjson_vacuum_notfull_run1_zipfian_light_before_mixed.csv
VACUUM start: 1774592562
VACUUM end: 1774592563
=== Setting parameter values for run phase ===
Checking query plan before run phase
=== Executing the run phase with extendproportion=0 and read/update proportions=0.5 ===
Arrangement completed. Output saved to ../analysis/Data/Workload_data/postgresql_arrayjson_vacuum_notfull_run1_zipfian_light_mixed.csv
Arrangement completed. Output saved to ../analysis/Data/Workload_data/postgresql_arrayjson_vacuum_notfull_run1_zipfian_light_mixed.csv
Backing up the database started
Backing up the database finished
Arrangement completed. Output saved to ../analysis/Data/Workload_data/postgresql_arrayjson_vacuum_notfull_run1_zipfian_light_mixed.csv
Size computation started
Appending subsequent iteration 41...
Iteration 41: Appended new size values from key_sizes_postgresql_arrayjson_vacuum_notfull_zipfian_light_mixed_run1.csv to ../analysis/Data/Value_size_data/value_sizes_postgresql_arrayjson_vacuum_notfull_run1_zipfian_light_after_mixed.csv
Total size: 61291200, Field length average: 6129
Workload file fieldlength set to: 6129 (expected: 6129)
=== Executing the load phase for the comparison study ===
Comparison-load verification - Epoch:5 Run:1 TotalSize:61290000 ExpectedFieldLength:6129
Avg-run verification - Epoch:5 Run:1 Iteration:41 TotalSize:61290000 ExpectedFieldLength:6129
=== Executing the run phase with extendproportion=0 and read/update proportions=0.5 ===
Arrangement completed. Output saved to ../analysis/Data/Workload_data/postgresql_arrayjson_vacuum_notfull_run1_zipfian_light_mixed.csv
=== Setting parameter values for extend phase ===
=== Executing the extend phase with extendproportion=1 and other proportions=0 ===
Arrangement completed. Output saved to ../analysis/Data/Workload_data/postgresql_arrayjson_vacuum_notfull_run1_zipfian_light_mixed.csv
Size computation started
Extend verification - Min:55700 Max:100700 Avg:62324 (Expected avg per record: ~1000 bytes initially)
Generating histogram from key size log: key_sizes_postgresql_arrayjson_vacuum_notfull_zipfian_light_mixed_run1.csv
Histogram written to histogram.txt (BlockSize = 100)
Appending subsequent iteration 42...
Iteration 42: Appended new size values from key_sizes_postgresql_arrayjson_vacuum_notfull_zipfian_light_mixed_run1.csv to ../analysis/Data/Value_size_data/value_sizes_postgresql_arrayjson_vacuum_notfull_run1_zipfian_light_before_mixed.csv
VACUUM start: 1774592904
VACUUM end: 1774592905
=== Setting parameter values for run phase ===
Checking query plan before run phase
=== Executing the run phase with extendproportion=0 and read/update proportions=0.5 ===
Arrangement completed. Output saved to ../analysis/Data/Workload_data/postgresql_arrayjson_vacuum_notfull_run1_zipfian_light_mixed.csv
Arrangement completed. Output saved to ../analysis/Data/Workload_data/postgresql_arrayjson_vacuum_notfull_run1_zipfian_light_mixed.csv
Backing up the database started
Backing up the database finished
Arrangement completed. Output saved to ../analysis/Data/Workload_data/postgresql_arrayjson_vacuum_notfull_run1_zipfian_light_mixed.csv
Size computation started
Appending subsequent iteration 42...
Iteration 42: Appended new size values from key_sizes_postgresql_arrayjson_vacuum_notfull_zipfian_light_mixed_run1.csv to ../analysis/Data/Value_size_data/value_sizes_postgresql_arrayjson_vacuum_notfull_run1_zipfian_light_after_mixed.csv
Total size: 62776900, Field length average: 6277
Workload file fieldlength set to: 6277 (expected: 6277)
=== Executing the load phase for the comparison study ===
Comparison-load verification - Epoch:5 Run:2 TotalSize:62770000 ExpectedFieldLength:6277
Avg-run verification - Epoch:5 Run:2 Iteration:42 TotalSize:62770000 ExpectedFieldLength:6277
=== Executing the run phase with extendproportion=0 and read/update proportions=0.5 ===
Arrangement completed. Output saved to ../analysis/Data/Workload_data/postgresql_arrayjson_vacuum_notfull_run1_zipfian_light_mixed.csv
=== Setting parameter values for extend phase ===
=== Executing the extend phase with extendproportion=1 and other proportions=0 ===
Arrangement completed. Output saved to ../analysis/Data/Workload_data/postgresql_arrayjson_vacuum_notfull_run1_zipfian_light_mixed.csv
Size computation started
Extend verification - Min:57000 Max:102900 Avg:63773 (Expected avg per record: ~1000 bytes initially)
Generating histogram from key size log: key_sizes_postgresql_arrayjson_vacuum_notfull_zipfian_light_mixed_run1.csv
Histogram written to histogram.txt (BlockSize = 100)
Appending subsequent iteration 43...
Iteration 43: Appended new size values from key_sizes_postgresql_arrayjson_vacuum_notfull_zipfian_light_mixed_run1.csv to ../analysis/Data/Value_size_data/value_sizes_postgresql_arrayjson_vacuum_notfull_run1_zipfian_light_before_mixed.csv
VACUUM start: 1774593250
VACUUM end: 1774593251
=== Setting parameter values for run phase ===
Checking query plan before run phase
=== Executing the run phase with extendproportion=0 and read/update proportions=0.5 ===
Arrangement completed. Output saved to ../analysis/Data/Workload_data/postgresql_arrayjson_vacuum_notfull_run1_zipfian_light_mixed.csv
Arrangement completed. Output saved to ../analysis/Data/Workload_data/postgresql_arrayjson_vacuum_notfull_run1_zipfian_light_mixed.csv
Backing up the database started
Backing up the database finished
Arrangement completed. Output saved to ../analysis/Data/Workload_data/postgresql_arrayjson_vacuum_notfull_run1_zipfian_light_mixed.csv
Size computation started
Appending subsequent iteration 43...
Iteration 43: Appended new size values from key_sizes_postgresql_arrayjson_vacuum_notfull_zipfian_light_mixed_run1.csv to ../analysis/Data/Value_size_data/value_sizes_postgresql_arrayjson_vacuum_notfull_run1_zipfian_light_after_mixed.csv
Total size: 64183000, Field length average: 6418
Workload file fieldlength set to: 6418 (expected: 6418)
=== Executing the load phase for the comparison study ===
Comparison-load verification - Epoch:5 Run:3 TotalSize:64180000 ExpectedFieldLength:6418
Avg-run verification - Epoch:5 Run:3 Iteration:43 TotalSize:64180000 ExpectedFieldLength:6418
=== Executing the run phase with extendproportion=0 and read/update proportions=0.5 ===
Arrangement completed. Output saved to ../analysis/Data/Workload_data/postgresql_arrayjson_vacuum_notfull_run1_zipfian_light_mixed.csv
=== Setting parameter values for extend phase ===
=== Executing the extend phase with extendproportion=1 and other proportions=0 ===
Arrangement completed. Output saved to ../analysis/Data/Workload_data/postgresql_arrayjson_vacuum_notfull_run1_zipfian_light_mixed.csv
Size computation started
Extend verification - Min:58000 Max:102600 Avg:65207 (Expected avg per record: ~1000 bytes initially)
Generating histogram from key size log: key_sizes_postgresql_arrayjson_vacuum_notfull_zipfian_light_mixed_run1.csv
Histogram written to histogram.txt (BlockSize = 100)
Appending subsequent iteration 44...
Iteration 44: Appended new size values from key_sizes_postgresql_arrayjson_vacuum_notfull_zipfian_light_mixed_run1.csv to ../analysis/Data/Value_size_data/value_sizes_postgresql_arrayjson_vacuum_notfull_run1_zipfian_light_before_mixed.csv
VACUUM start: 1774593602
VACUUM end: 1774593603
=== Setting parameter values for run phase ===
Checking query plan before run phase
=== Executing the run phase with extendproportion=0 and read/update proportions=0.5 ===
Arrangement completed. Output saved to ../analysis/Data/Workload_data/postgresql_arrayjson_vacuum_notfull_run1_zipfian_light_mixed.csv
Arrangement completed. Output saved to ../analysis/Data/Workload_data/postgresql_arrayjson_vacuum_notfull_run1_zipfian_light_mixed.csv
Backing up the database started
Backing up the database finished
Arrangement completed. Output saved to ../analysis/Data/Workload_data/postgresql_arrayjson_vacuum_notfull_run1_zipfian_light_mixed.csv
Size computation started
Appending subsequent iteration 44...
Iteration 44: Appended new size values from key_sizes_postgresql_arrayjson_vacuum_notfull_zipfian_light_mixed_run1.csv to ../analysis/Data/Value_size_data/value_sizes_postgresql_arrayjson_vacuum_notfull_run1_zipfian_light_after_mixed.csv
Total size: 65655200, Field length average: 6565
Workload file fieldlength set to: 6565 (expected: 6565)
=== Executing the load phase for the comparison study ===
Comparison-load verification - Epoch:5 Run:4 TotalSize:65650000 ExpectedFieldLength:6565
Avg-run verification - Epoch:5 Run:4 Iteration:44 TotalSize:65650000 ExpectedFieldLength:6565
=== Executing the run phase with extendproportion=0 and read/update proportions=0.5 ===
Arrangement completed. Output saved to ../analysis/Data/Workload_data/postgresql_arrayjson_vacuum_notfull_run1_zipfian_light_mixed.csv
=== Setting parameter values for extend phase ===
=== Executing the extend phase with extendproportion=1 and other proportions=0 ===
Arrangement completed. Output saved to ../analysis/Data/Workload_data/postgresql_arrayjson_vacuum_notfull_run1_zipfian_light_mixed.csv
Size computation started
Extend verification - Min:59500 Max:104600 Avg:66618 (Expected avg per record: ~1000 bytes initially)
Generating histogram from key size log: key_sizes_postgresql_arrayjson_vacuum_notfull_zipfian_light_mixed_run1.csv
Histogram written to histogram.txt (BlockSize = 100)
Appending subsequent iteration 45...
Iteration 45: Appended new size values from key_sizes_postgresql_arrayjson_vacuum_notfull_zipfian_light_mixed_run1.csv to ../analysis/Data/Value_size_data/value_sizes_postgresql_arrayjson_vacuum_notfull_run1_zipfian_light_before_mixed.csv
VACUUM start: 1774593950
VACUUM end: 1774593951
=== Setting parameter values for run phase ===
Checking query plan before run phase
=== Executing the run phase with extendproportion=0 and read/update proportions=0.5 ===
Arrangement completed. Output saved to ../analysis/Data/Workload_data/postgresql_arrayjson_vacuum_notfull_run1_zipfian_light_mixed.csv
Arrangement completed. Output saved to ../analysis/Data/Workload_data/postgresql_arrayjson_vacuum_notfull_run1_zipfian_light_mixed.csv
Backing up the database started
Backing up the database finished
Arrangement completed. Output saved to ../analysis/Data/Workload_data/postgresql_arrayjson_vacuum_notfull_run1_zipfian_light_mixed.csv
Size computation started
Appending subsequent iteration 45...
Iteration 45: Appended new size values from key_sizes_postgresql_arrayjson_vacuum_notfull_zipfian_light_mixed_run1.csv to ../analysis/Data/Value_size_data/value_sizes_postgresql_arrayjson_vacuum_notfull_run1_zipfian_light_after_mixed.csv
Total size: 67105700, Field length average: 6710
Workload file fieldlength set to: 6710 (expected: 6710)
=== Executing the load phase for the comparison study ===
Comparison-load verification - Epoch:5 Run:5 TotalSize:67100000 ExpectedFieldLength:6710
Avg-run verification - Epoch:5 Run:5 Iteration:45 TotalSize:67100000 ExpectedFieldLength:6710
=== Executing the run phase with extendproportion=0 and read/update proportions=0.5 ===
Arrangement completed. Output saved to ../analysis/Data/Workload_data/postgresql_arrayjson_vacuum_notfull_run1_zipfian_light_mixed.csv
=== Setting parameter values for extend phase ===
=== Executing the extend phase with extendproportion=1 and other proportions=0 ===
Arrangement completed. Output saved to ../analysis/Data/Workload_data/postgresql_arrayjson_vacuum_notfull_run1_zipfian_light_mixed.csv
Size computation started
Extend verification - Min:60400 Max:105100 Avg:68038 (Expected avg per record: ~1000 bytes initially)
Generating histogram from key size log: key_sizes_postgresql_arrayjson_vacuum_notfull_zipfian_light_mixed_run1.csv
Histogram written to histogram.txt (BlockSize = 100)
Appending subsequent iteration 46...
Iteration 46: Appended new size values from key_sizes_postgresql_arrayjson_vacuum_notfull_zipfian_light_mixed_run1.csv to ../analysis/Data/Value_size_data/value_sizes_postgresql_arrayjson_vacuum_notfull_run1_zipfian_light_before_mixed.csv
VACUUM start: 1774594303
VACUUM end: 1774594305
=== Setting parameter values for run phase ===
Checking query plan before run phase
=== Executing the run phase with extendproportion=0 and read/update proportions=0.5 ===
Arrangement completed. Output saved to ../analysis/Data/Workload_data/postgresql_arrayjson_vacuum_notfull_run1_zipfian_light_mixed.csv
Arrangement completed. Output saved to ../analysis/Data/Workload_data/postgresql_arrayjson_vacuum_notfull_run1_zipfian_light_mixed.csv
Backing up the database started
Backing up the database finished
Arrangement completed. Output saved to ../analysis/Data/Workload_data/postgresql_arrayjson_vacuum_notfull_run1_zipfian_light_mixed.csv
Size computation started
Appending subsequent iteration 46...
Iteration 46: Appended new size values from key_sizes_postgresql_arrayjson_vacuum_notfull_zipfian_light_mixed_run1.csv to ../analysis/Data/Value_size_data/value_sizes_postgresql_arrayjson_vacuum_notfull_run1_zipfian_light_after_mixed.csv
Total size: 68521000, Field length average: 6852
Workload file fieldlength set to: 6852 (expected: 6852)
=== Executing the load phase for the comparison study ===
Comparison-load verification - Epoch:5 Run:6 TotalSize:68520000 ExpectedFieldLength:6852
Avg-run verification - Epoch:5 Run:6 Iteration:46 TotalSize:68520000 ExpectedFieldLength:6852
=== Executing the run phase with extendproportion=0 and read/update proportions=0.5 ===
Arrangement completed. Output saved to ../analysis/Data/Workload_data/postgresql_arrayjson_vacuum_notfull_run1_zipfian_light_mixed.csv
=== Setting parameter values for extend phase ===
=== Executing the extend phase with extendproportion=1 and other proportions=0 ===
Arrangement completed. Output saved to ../analysis/Data/Workload_data/postgresql_arrayjson_vacuum_notfull_run1_zipfian_light_mixed.csv
Size computation started
Extend verification - Min:61900 Max:109100 Avg:69476 (Expected avg per record: ~1000 bytes initially)
Generating histogram from key size log: key_sizes_postgresql_arrayjson_vacuum_notfull_zipfian_light_mixed_run1.csv
Histogram written to histogram.txt (BlockSize = 100)
Appending subsequent iteration 47...
Iteration 47: Appended new size values from key_sizes_postgresql_arrayjson_vacuum_notfull_zipfian_light_mixed_run1.csv to ../analysis/Data/Value_size_data/value_sizes_postgresql_arrayjson_vacuum_notfull_run1_zipfian_light_before_mixed.csv
VACUUM start: 1774594658
VACUUM end: 1774594658
=== Setting parameter values for run phase ===
Checking query plan before run phase
=== Executing the run phase with extendproportion=0 and read/update proportions=0.5 ===
Arrangement completed. Output saved to ../analysis/Data/Workload_data/postgresql_arrayjson_vacuum_notfull_run1_zipfian_light_mixed.csv
Arrangement completed. Output saved to ../analysis/Data/Workload_data/postgresql_arrayjson_vacuum_notfull_run1_zipfian_light_mixed.csv
Backing up the database started
Backing up the database finished
Arrangement completed. Output saved to ../analysis/Data/Workload_data/postgresql_arrayjson_vacuum_notfull_run1_zipfian_light_mixed.csv
Size computation started
Appending subsequent iteration 47...
Iteration 47: Appended new size values from key_sizes_postgresql_arrayjson_vacuum_notfull_zipfian_light_mixed_run1.csv to ../analysis/Data/Value_size_data/value_sizes_postgresql_arrayjson_vacuum_notfull_run1_zipfian_light_after_mixed.csv
Total size: 69957700, Field length average: 6995
Workload file fieldlength set to: 6995 (expected: 6995)
=== Executing the load phase for the comparison study ===
Comparison-load verification - Epoch:5 Run:7 TotalSize:69950000 ExpectedFieldLength:6995
Avg-run verification - Epoch:5 Run:7 Iteration:47 TotalSize:69950000 ExpectedFieldLength:6995
=== Executing the run phase with extendproportion=0 and read/update proportions=0.5 ===
Arrangement completed. Output saved to ../analysis/Data/Workload_data/postgresql_arrayjson_vacuum_notfull_run1_zipfian_light_mixed.csv
=== Setting parameter values for extend phase ===
=== Executing the extend phase with extendproportion=1 and other proportions=0 ===
Arrangement completed. Output saved to ../analysis/Data/Workload_data/postgresql_arrayjson_vacuum_notfull_run1_zipfian_light_mixed.csv
Size computation started
Extend verification - Min:63500 Max:106000 Avg:70950 (Expected avg per record: ~1000 bytes initially)
Generating histogram from key size log: key_sizes_postgresql_arrayjson_vacuum_notfull_zipfian_light_mixed_run1.csv
Histogram written to histogram.txt (BlockSize = 100)
Appending subsequent iteration 48...
Iteration 48: Appended new size values from key_sizes_postgresql_arrayjson_vacuum_notfull_zipfian_light_mixed_run1.csv to ../analysis/Data/Value_size_data/value_sizes_postgresql_arrayjson_vacuum_notfull_run1_zipfian_light_before_mixed.csv
VACUUM start: 1774595011
VACUUM end: 1774595013
=== Setting parameter values for run phase ===
Checking query plan before run phase
=== Executing the run phase with extendproportion=0 and read/update proportions=0.5 ===
Arrangement completed. Output saved to ../analysis/Data/Workload_data/postgresql_arrayjson_vacuum_notfull_run1_zipfian_light_mixed.csv
Arrangement completed. Output saved to ../analysis/Data/Workload_data/postgresql_arrayjson_vacuum_notfull_run1_zipfian_light_mixed.csv
Backing up the database started
Backing up the database finished
Arrangement completed. Output saved to ../analysis/Data/Workload_data/postgresql_arrayjson_vacuum_notfull_run1_zipfian_light_mixed.csv
Size computation started
Appending subsequent iteration 48...
Iteration 48: Appended new size values from key_sizes_postgresql_arrayjson_vacuum_notfull_zipfian_light_mixed_run1.csv to ../analysis/Data/Value_size_data/value_sizes_postgresql_arrayjson_vacuum_notfull_run1_zipfian_light_after_mixed.csv
Total size: 71417500, Field length average: 7141
Workload file fieldlength set to: 7141 (expected: 7141)
=== Executing the load phase for the comparison study ===
Comparison-load verification - Epoch:5 Run:8 TotalSize:71410000 ExpectedFieldLength:7141
Avg-run verification - Epoch:5 Run:8 Iteration:48 TotalSize:71410000 ExpectedFieldLength:7141
=== Executing the run phase with extendproportion=0 and read/update proportions=0.5 ===
Arrangement completed. Output saved to ../analysis/Data/Workload_data/postgresql_arrayjson_vacuum_notfull_run1_zipfian_light_mixed.csv
=== Setting parameter values for extend phase ===
=== Executing the extend phase with extendproportion=1 and other proportions=0 ===
Arrangement completed. Output saved to ../analysis/Data/Workload_data/postgresql_arrayjson_vacuum_notfull_run1_zipfian_light_mixed.csv
Size computation started
Extend verification - Min:64600 Max:113900 Avg:72413 (Expected avg per record: ~1000 bytes initially)
Generating histogram from key size log: key_sizes_postgresql_arrayjson_vacuum_notfull_zipfian_light_mixed_run1.csv
Histogram written to histogram.txt (BlockSize = 100)
Appending subsequent iteration 49...
Iteration 49: Appended new size values from key_sizes_postgresql_arrayjson_vacuum_notfull_zipfian_light_mixed_run1.csv to ../analysis/Data/Value_size_data/value_sizes_postgresql_arrayjson_vacuum_notfull_run1_zipfian_light_before_mixed.csv
VACUUM start: 1774595362
VACUUM end: 1774595363
=== Setting parameter values for run phase ===
Checking query plan before run phase
=== Executing the run phase with extendproportion=0 and read/update proportions=0.5 ===
Arrangement completed. Output saved to ../analysis/Data/Workload_data/postgresql_arrayjson_vacuum_notfull_run1_zipfian_light_mixed.csv
Arrangement completed. Output saved to ../analysis/Data/Workload_data/postgresql_arrayjson_vacuum_notfull_run1_zipfian_light_mixed.csv
Backing up the database started
Backing up the database finished
Arrangement completed. Output saved to ../analysis/Data/Workload_data/postgresql_arrayjson_vacuum_notfull_run1_zipfian_light_mixed.csv
Size computation started
Appending subsequent iteration 49...
Iteration 49: Appended new size values from key_sizes_postgresql_arrayjson_vacuum_notfull_zipfian_light_mixed_run1.csv to ../analysis/Data/Value_size_data/value_sizes_postgresql_arrayjson_vacuum_notfull_run1_zipfian_light_after_mixed.csv
Total size: 72853000, Field length average: 7285
Workload file fieldlength set to: 7285 (expected: 7285)
=== Executing the load phase for the comparison study ===
Comparison-load verification - Epoch:5 Run:9 TotalSize:72850000 ExpectedFieldLength:7285
Avg-run verification - Epoch:5 Run:9 Iteration:49 TotalSize:72850000 ExpectedFieldLength:7285
=== Executing the run phase with extendproportion=0 and read/update proportions=0.5 ===
Arrangement completed. Output saved to ../analysis/Data/Workload_data/postgresql_arrayjson_vacuum_notfull_run1_zipfian_light_mixed.csv
=== Setting parameter values for extend phase ===
=== Executing the extend phase with extendproportion=1 and other proportions=0 ===
Arrangement completed. Output saved to ../analysis/Data/Workload_data/postgresql_arrayjson_vacuum_notfull_run1_zipfian_light_mixed.csv
Size computation started
Extend verification - Min:66000 Max:112200 Avg:73808 (Expected avg per record: ~1000 bytes initially)
Generating histogram from key size log: key_sizes_postgresql_arrayjson_vacuum_notfull_zipfian_light_mixed_run1.csv
Histogram written to histogram.txt (BlockSize = 100)
Appending subsequent iteration 50...
Iteration 50: Appended new size values from key_sizes_postgresql_arrayjson_vacuum_notfull_zipfian_light_mixed_run1.csv to ../analysis/Data/Value_size_data/value_sizes_postgresql_arrayjson_vacuum_notfull_run1_zipfian_light_before_mixed.csv
VACUUM start: 1774595713
VACUUM end: 1774595714
=== Setting parameter values for run phase ===
Checking query plan before run phase
=== Executing the run phase with extendproportion=0 and read/update proportions=0.5 ===
Arrangement completed. Output saved to ../analysis/Data/Workload_data/postgresql_arrayjson_vacuum_notfull_run1_zipfian_light_mixed.csv
Arrangement completed. Output saved to ../analysis/Data/Workload_data/postgresql_arrayjson_vacuum_notfull_run1_zipfian_light_mixed.csv
Backing up the database started
Backing up the database finished
Arrangement completed. Output saved to ../analysis/Data/Workload_data/postgresql_arrayjson_vacuum_notfull_run1_zipfian_light_mixed.csv
Size computation started
Appending subsequent iteration 50...
Iteration 50: Appended new size values from key_sizes_postgresql_arrayjson_vacuum_notfull_zipfian_light_mixed_run1.csv to ../analysis/Data/Value_size_data/value_sizes_postgresql_arrayjson_vacuum_notfull_run1_zipfian_light_after_mixed.csv
Total size: 74258500, Field length average: 7425
Workload file fieldlength set to: 7425 (expected: 7425)
=== Executing the load phase for the comparison study ===
Comparison-load verification - Epoch:5 Run:10 TotalSize:74250000 ExpectedFieldLength:7425
Avg-run verification - Epoch:5 Run:10 Iteration:50 TotalSize:74250000 ExpectedFieldLength:7425
=== Executing the run phase with extendproportion=0 and read/update proportions=0.5 ===
Arrangement completed. Output saved to ../analysis/Data/Workload_data/postgresql_arrayjson_vacuum_notfull_run1_zipfian_light_mixed.csv
=== Setting parameter values for extend phase ===
=== Executing the extend phase with extendproportion=1 and other proportions=0 ===
Arrangement completed. Output saved to ../analysis/Data/Workload_data/postgresql_arrayjson_vacuum_notfull_run1_zipfian_light_mixed.csv
Size computation started
Extend verification - Min:67100 Max:113200 Avg:75231 (Expected avg per record: ~1000 bytes initially)
Generating histogram from key size log: key_sizes_postgresql_arrayjson_vacuum_notfull_zipfian_light_mixed_run1.csv
Histogram written to histogram.txt (BlockSize = 100)
Appending subsequent iteration 51...
Iteration 51: Appended new size values from key_sizes_postgresql_arrayjson_vacuum_notfull_zipfian_light_mixed_run1.csv to ../analysis/Data/Value_size_data/value_sizes_postgresql_arrayjson_vacuum_notfull_run1_zipfian_light_before_mixed.csv
VACUUM start: 1774596062
VACUUM end: 1774596064
=== Setting parameter values for run phase ===
Checking query plan before run phase
=== Executing the run phase with extendproportion=0 and read/update proportions=0.5 ===
Arrangement completed. Output saved to ../analysis/Data/Workload_data/postgresql_arrayjson_vacuum_notfull_run1_zipfian_light_mixed.csv
Arrangement completed. Output saved to ../analysis/Data/Workload_data/postgresql_arrayjson_vacuum_notfull_run1_zipfian_light_mixed.csv
Backing up the database started
Backing up the database finished
Arrangement completed. Output saved to ../analysis/Data/Workload_data/postgresql_arrayjson_vacuum_notfull_run1_zipfian_light_mixed.csv
Size computation started
Appending subsequent iteration 51...
Iteration 51: Appended new size values from key_sizes_postgresql_arrayjson_vacuum_notfull_zipfian_light_mixed_run1.csv to ../analysis/Data/Value_size_data/value_sizes_postgresql_arrayjson_vacuum_notfull_run1_zipfian_light_after_mixed.csv
Total size: 75626600, Field length average: 7562
Workload file fieldlength set to: 7562 (expected: 7562)
=== Executing the load phase for the comparison study ===
Comparison-load verification - Epoch:6 Run:1 TotalSize:75620000 ExpectedFieldLength:7562
Avg-run verification - Epoch:6 Run:1 Iteration:51 TotalSize:75620000 ExpectedFieldLength:7562
=== Executing the run phase with extendproportion=0 and read/update proportions=0.5 ===
Arrangement completed. Output saved to ../analysis/Data/Workload_data/postgresql_arrayjson_vacuum_notfull_run1_zipfian_light_mixed.csv
=== Setting parameter values for extend phase ===
=== Executing the extend phase with extendproportion=1 and other proportions=0 ===
Arrangement completed. Output saved to ../analysis/Data/Workload_data/postgresql_arrayjson_vacuum_notfull_run1_zipfian_light_mixed.csv
Size computation started
Extend verification - Min:68700 Max:115900 Avg:76665 (Expected avg per record: ~1000 bytes initially)
Generating histogram from key size log: key_sizes_postgresql_arrayjson_vacuum_notfull_zipfian_light_mixed_run1.csv
Histogram written to histogram.txt (BlockSize = 100)
Appending subsequent iteration 52...
Iteration 52: Appended new size values from key_sizes_postgresql_arrayjson_vacuum_notfull_zipfian_light_mixed_run1.csv to ../analysis/Data/Value_size_data/value_sizes_postgresql_arrayjson_vacuum_notfull_run1_zipfian_light_before_mixed.csv
VACUUM start: 1774596416
VACUUM end: 1774596417
=== Setting parameter values for run phase ===
Checking query plan before run phase
=== Executing the run phase with extendproportion=0 and read/update proportions=0.5 ===
Arrangement completed. Output saved to ../analysis/Data/Workload_data/postgresql_arrayjson_vacuum_notfull_run1_zipfian_light_mixed.csv
Arrangement completed. Output saved to ../analysis/Data/Workload_data/postgresql_arrayjson_vacuum_notfull_run1_zipfian_light_mixed.csv
Backing up the database started
Backing up the database finished
Arrangement completed. Output saved to ../analysis/Data/Workload_data/postgresql_arrayjson_vacuum_notfull_run1_zipfian_light_mixed.csv
Size computation started
Appending subsequent iteration 52...
Iteration 52: Appended new size values from key_sizes_postgresql_arrayjson_vacuum_notfull_zipfian_light_mixed_run1.csv to ../analysis/Data/Value_size_data/value_sizes_postgresql_arrayjson_vacuum_notfull_run1_zipfian_light_after_mixed.csv
Total size: 77100300, Field length average: 7710
Workload file fieldlength set to: 7710 (expected: 7710)
=== Executing the load phase for the comparison study ===
Comparison-load verification - Epoch:6 Run:2 TotalSize:77100000 ExpectedFieldLength:7710
Avg-run verification - Epoch:6 Run:2 Iteration:52 TotalSize:77100000 ExpectedFieldLength:7710
=== Executing the run phase with extendproportion=0 and read/update proportions=0.5 ===
Arrangement completed. Output saved to ../analysis/Data/Workload_data/postgresql_arrayjson_vacuum_notfull_run1_zipfian_light_mixed.csv
=== Setting parameter values for extend phase ===
=== Executing the extend phase with extendproportion=1 and other proportions=0 ===
Arrangement completed. Output saved to ../analysis/Data/Workload_data/postgresql_arrayjson_vacuum_notfull_run1_zipfian_light_mixed.csv
Size computation started
Extend verification - Min:69300 Max:113900 Avg:78129 (Expected avg per record: ~1000 bytes initially)
Generating histogram from key size log: key_sizes_postgresql_arrayjson_vacuum_notfull_zipfian_light_mixed_run1.csv
Histogram written to histogram.txt (BlockSize = 100)
Appending subsequent iteration 53...
Iteration 53: Appended new size values from key_sizes_postgresql_arrayjson_vacuum_notfull_zipfian_light_mixed_run1.csv to ../analysis/Data/Value_size_data/value_sizes_postgresql_arrayjson_vacuum_notfull_run1_zipfian_light_before_mixed.csv
VACUUM start: 1774596778
VACUUM end: 1774596779
=== Setting parameter values for run phase ===
Checking query plan before run phase
=== Executing the run phase with extendproportion=0 and read/update proportions=0.5 ===
Arrangement completed. Output saved to ../analysis/Data/Workload_data/postgresql_arrayjson_vacuum_notfull_run1_zipfian_light_mixed.csv
Arrangement completed. Output saved to ../analysis/Data/Workload_data/postgresql_arrayjson_vacuum_notfull_run1_zipfian_light_mixed.csv
Backing up the database started
Backing up the database finished
Arrangement completed. Output saved to ../analysis/Data/Workload_data/postgresql_arrayjson_vacuum_notfull_run1_zipfian_light_mixed.csv
Size computation started
Appending subsequent iteration 53...
Iteration 53: Appended new size values from key_sizes_postgresql_arrayjson_vacuum_notfull_zipfian_light_mixed_run1.csv to ../analysis/Data/Value_size_data/value_sizes_postgresql_arrayjson_vacuum_notfull_run1_zipfian_light_after_mixed.csv
Total size: 78570400, Field length average: 7857
Workload file fieldlength set to: 7857 (expected: 7857)
=== Executing the load phase for the comparison study ===
Comparison-load verification - Epoch:6 Run:3 TotalSize:78570000 ExpectedFieldLength:7857
Avg-run verification - Epoch:6 Run:3 Iteration:53 TotalSize:78570000 ExpectedFieldLength:7857
=== Executing the run phase with extendproportion=0 and read/update proportions=0.5 ===
Arrangement completed. Output saved to ../analysis/Data/Workload_data/postgresql_arrayjson_vacuum_notfull_run1_zipfian_light_mixed.csv
=== Setting parameter values for extend phase ===
=== Executing the extend phase with extendproportion=1 and other proportions=0 ===
Arrangement completed. Output saved to ../analysis/Data/Workload_data/postgresql_arrayjson_vacuum_notfull_run1_zipfian_light_mixed.csv
Size computation started
Extend verification - Min:70700 Max:118600 Avg:79555 (Expected avg per record: ~1000 bytes initially)
Generating histogram from key size log: key_sizes_postgresql_arrayjson_vacuum_notfull_zipfian_light_mixed_run1.csv
Histogram written to histogram.txt (BlockSize = 100)
Appending subsequent iteration 54...
Iteration 54: Appended new size values from key_sizes_postgresql_arrayjson_vacuum_notfull_zipfian_light_mixed_run1.csv to ../analysis/Data/Value_size_data/value_sizes_postgresql_arrayjson_vacuum_notfull_run1_zipfian_light_before_mixed.csv
VACUUM start: 1774597140
VACUUM end: 1774597142
=== Setting parameter values for run phase ===
Checking query plan before run phase
=== Executing the run phase with extendproportion=0 and read/update proportions=0.5 ===
Arrangement completed. Output saved to ../analysis/Data/Workload_data/postgresql_arrayjson_vacuum_notfull_run1_zipfian_light_mixed.csv
Arrangement completed. Output saved to ../analysis/Data/Workload_data/postgresql_arrayjson_vacuum_notfull_run1_zipfian_light_mixed.csv
Backing up the database started
Backing up the database finished
Arrangement completed. Output saved to ../analysis/Data/Workload_data/postgresql_arrayjson_vacuum_notfull_run1_zipfian_light_mixed.csv
Size computation started
Appending subsequent iteration 54...
Iteration 54: Appended new size values from key_sizes_postgresql_arrayjson_vacuum_notfull_zipfian_light_mixed_run1.csv to ../analysis/Data/Value_size_data/value_sizes_postgresql_arrayjson_vacuum_notfull_run1_zipfian_light_after_mixed.csv
Total size: 80050500, Field length average: 8005
Workload file fieldlength set to: 8005 (expected: 8005)
=== Executing the load phase for the comparison study ===
Comparison-load verification - Epoch:6 Run:4 TotalSize:80050000 ExpectedFieldLength:8005
Avg-run verification - Epoch:6 Run:4 Iteration:54 TotalSize:80050000 ExpectedFieldLength:8005
=== Executing the run phase with extendproportion=0 and read/update proportions=0.5 ===
Arrangement completed. Output saved to ../analysis/Data/Workload_data/postgresql_arrayjson_vacuum_notfull_run1_zipfian_light_mixed.csv
=== Setting parameter values for extend phase ===
=== Executing the extend phase with extendproportion=1 and other proportions=0 ===
Arrangement completed. Output saved to ../analysis/Data/Workload_data/postgresql_arrayjson_vacuum_notfull_run1_zipfian_light_mixed.csv
Size computation started
Extend verification - Min:72100 Max:115700 Avg:80969 (Expected avg per record: ~1000 bytes initially)
Generating histogram from key size log: key_sizes_postgresql_arrayjson_vacuum_notfull_zipfian_light_mixed_run1.csv
Histogram written to histogram.txt (BlockSize = 100)
Appending subsequent iteration 55...
Iteration 55: Appended new size values from key_sizes_postgresql_arrayjson_vacuum_notfull_zipfian_light_mixed_run1.csv to ../analysis/Data/Value_size_data/value_sizes_postgresql_arrayjson_vacuum_notfull_run1_zipfian_light_before_mixed.csv
VACUUM start: 1774597510
VACUUM end: 1774597512
=== Setting parameter values for run phase ===
Checking query plan before run phase
=== Executing the run phase with extendproportion=0 and read/update proportions=0.5 ===
Arrangement completed. Output saved to ../analysis/Data/Workload_data/postgresql_arrayjson_vacuum_notfull_run1_zipfian_light_mixed.csv
Arrangement completed. Output saved to ../analysis/Data/Workload_data/postgresql_arrayjson_vacuum_notfull_run1_zipfian_light_mixed.csv
Backing up the database started
Backing up the database finished
Arrangement completed. Output saved to ../analysis/Data/Workload_data/postgresql_arrayjson_vacuum_notfull_run1_zipfian_light_mixed.csv
Size computation started
Appending subsequent iteration 55...
Iteration 55: Appended new size values from key_sizes_postgresql_arrayjson_vacuum_notfull_zipfian_light_mixed_run1.csv to ../analysis/Data/Value_size_data/value_sizes_postgresql_arrayjson_vacuum_notfull_run1_zipfian_light_after_mixed.csv
Total size: 81408900, Field length average: 8140
Workload file fieldlength set to: 8140 (expected: 8140)
=== Executing the load phase for the comparison study ===
Comparison-load verification - Epoch:6 Run:5 TotalSize:81400000 ExpectedFieldLength:8140
Avg-run verification - Epoch:6 Run:5 Iteration:55 TotalSize:81400000 ExpectedFieldLength:8140
=== Executing the run phase with extendproportion=0 and read/update proportions=0.5 ===
Arrangement completed. Output saved to ../analysis/Data/Workload_data/postgresql_arrayjson_vacuum_notfull_run1_zipfian_light_mixed.csv
=== Setting parameter values for extend phase ===
=== Executing the extend phase with extendproportion=1 and other proportions=0 ===
Arrangement completed. Output saved to ../analysis/Data/Workload_data/postgresql_arrayjson_vacuum_notfull_run1_zipfian_light_mixed.csv
Size computation started
Extend verification - Min:72600 Max:118500 Avg:82341 (Expected avg per record: ~1000 bytes initially)
Generating histogram from key size log: key_sizes_postgresql_arrayjson_vacuum_notfull_zipfian_light_mixed_run1.csv
Histogram written to histogram.txt (BlockSize = 100)
Appending subsequent iteration 56...
Iteration 56: Appended new size values from key_sizes_postgresql_arrayjson_vacuum_notfull_zipfian_light_mixed_run1.csv to ../analysis/Data/Value_size_data/value_sizes_postgresql_arrayjson_vacuum_notfull_run1_zipfian_light_before_mixed.csv
VACUUM start: 1774597887
VACUUM end: 1774597889
=== Setting parameter values for run phase ===
Checking query plan before run phase
=== Executing the run phase with extendproportion=0 and read/update proportions=0.5 ===
Arrangement completed. Output saved to ../analysis/Data/Workload_data/postgresql_arrayjson_vacuum_notfull_run1_zipfian_light_mixed.csv
Arrangement completed. Output saved to ../analysis/Data/Workload_data/postgresql_arrayjson_vacuum_notfull_run1_zipfian_light_mixed.csv
Backing up the database started
Backing up the database finished
Arrangement completed. Output saved to ../analysis/Data/Workload_data/postgresql_arrayjson_vacuum_notfull_run1_zipfian_light_mixed.csv
Size computation started
Appending subsequent iteration 56...
Iteration 56: Appended new size values from key_sizes_postgresql_arrayjson_vacuum_notfull_zipfian_light_mixed_run1.csv to ../analysis/Data/Value_size_data/value_sizes_postgresql_arrayjson_vacuum_notfull_run1_zipfian_light_after_mixed.csv
Total size: 82741000, Field length average: 8274
Workload file fieldlength set to: 8274 (expected: 8274)
=== Executing the load phase for the comparison study ===
Comparison-load verification - Epoch:6 Run:6 TotalSize:82740000 ExpectedFieldLength:8274
Avg-run verification - Epoch:6 Run:6 Iteration:56 TotalSize:82740000 ExpectedFieldLength:8274
=== Executing the run phase with extendproportion=0 and read/update proportions=0.5 ===
Arrangement completed. Output saved to ../analysis/Data/Workload_data/postgresql_arrayjson_vacuum_notfull_run1_zipfian_light_mixed.csv
=== Setting parameter values for extend phase ===
=== Executing the extend phase with extendproportion=1 and other proportions=0 ===
Arrangement completed. Output saved to ../analysis/Data/Workload_data/postgresql_arrayjson_vacuum_notfull_run1_zipfian_light_mixed.csv
Size computation started
Extend verification - Min:74500 Max:122200 Avg:83777 (Expected avg per record: ~1000 bytes initially)
Generating histogram from key size log: key_sizes_postgresql_arrayjson_vacuum_notfull_zipfian_light_mixed_run1.csv
Histogram written to histogram.txt (BlockSize = 100)
Appending subsequent iteration 57...
Iteration 57: Appended new size values from key_sizes_postgresql_arrayjson_vacuum_notfull_zipfian_light_mixed_run1.csv to ../analysis/Data/Value_size_data/value_sizes_postgresql_arrayjson_vacuum_notfull_run1_zipfian_light_before_mixed.csv
VACUUM start: 1774598261
VACUUM end: 1774598263
=== Setting parameter values for run phase ===
Checking query plan before run phase
=== Executing the run phase with extendproportion=0 and read/update proportions=0.5 ===
Arrangement completed. Output saved to ../analysis/Data/Workload_data/postgresql_arrayjson_vacuum_notfull_run1_zipfian_light_mixed.csv
Arrangement completed. Output saved to ../analysis/Data/Workload_data/postgresql_arrayjson_vacuum_notfull_run1_zipfian_light_mixed.csv
Backing up the database started
Backing up the database finished
Arrangement completed. Output saved to ../analysis/Data/Workload_data/postgresql_arrayjson_vacuum_notfull_run1_zipfian_light_mixed.csv
Size computation started
Appending subsequent iteration 57...
Iteration 57: Appended new size values from key_sizes_postgresql_arrayjson_vacuum_notfull_zipfian_light_mixed_run1.csv to ../analysis/Data/Value_size_data/value_sizes_postgresql_arrayjson_vacuum_notfull_run1_zipfian_light_after_mixed.csv
Total size: 84181600, Field length average: 8418
Workload file fieldlength set to: 8418 (expected: 8418)
=== Executing the load phase for the comparison study ===
Comparison-load verification - Epoch:6 Run:7 TotalSize:84180000 ExpectedFieldLength:8418
Avg-run verification - Epoch:6 Run:7 Iteration:57 TotalSize:84180000 ExpectedFieldLength:8418
=== Executing the run phase with extendproportion=0 and read/update proportions=0.5 ===
Arrangement completed. Output saved to ../analysis/Data/Workload_data/postgresql_arrayjson_vacuum_notfull_run1_zipfian_light_mixed.csv
=== Setting parameter values for extend phase ===
=== Executing the extend phase with extendproportion=1 and other proportions=0 ===
Arrangement completed. Output saved to ../analysis/Data/Workload_data/postgresql_arrayjson_vacuum_notfull_run1_zipfian_light_mixed.csv
Size computation started
Extend verification - Min:76100 Max:122200 Avg:85248 (Expected avg per record: ~1000 bytes initially)
Generating histogram from key size log: key_sizes_postgresql_arrayjson_vacuum_notfull_zipfian_light_mixed_run1.csv
Histogram written to histogram.txt (BlockSize = 100)
Appending subsequent iteration 58...
Iteration 58: Appended new size values from key_sizes_postgresql_arrayjson_vacuum_notfull_zipfian_light_mixed_run1.csv to ../analysis/Data/Value_size_data/value_sizes_postgresql_arrayjson_vacuum_notfull_run1_zipfian_light_before_mixed.csv
VACUUM start: 1774598639
VACUUM end: 1774598640
=== Setting parameter values for run phase ===
Checking query plan before run phase
=== Executing the run phase with extendproportion=0 and read/update proportions=0.5 ===
Arrangement completed. Output saved to ../analysis/Data/Workload_data/postgresql_arrayjson_vacuum_notfull_run1_zipfian_light_mixed.csv
Arrangement completed. Output saved to ../analysis/Data/Workload_data/postgresql_arrayjson_vacuum_notfull_run1_zipfian_light_mixed.csv
Backing up the database started
Backing up the database finished
Arrangement completed. Output saved to ../analysis/Data/Workload_data/postgresql_arrayjson_vacuum_notfull_run1_zipfian_light_mixed.csv
Size computation started
Appending subsequent iteration 58...
Iteration 58: Appended new size values from key_sizes_postgresql_arrayjson_vacuum_notfull_zipfian_light_mixed_run1.csv to ../analysis/Data/Value_size_data/value_sizes_postgresql_arrayjson_vacuum_notfull_run1_zipfian_light_after_mixed.csv
Total size: 85629300, Field length average: 8562
Workload file fieldlength set to: 8562 (expected: 8562)
=== Executing the load phase for the comparison study ===
Comparison-load verification - Epoch:6 Run:8 TotalSize:85620000 ExpectedFieldLength:8562
Avg-run verification - Epoch:6 Run:8 Iteration:58 TotalSize:85620000 ExpectedFieldLength:8562
=== Executing the run phase with extendproportion=0 and read/update proportions=0.5 ===
Arrangement completed. Output saved to ../analysis/Data/Workload_data/postgresql_arrayjson_vacuum_notfull_run1_zipfian_light_mixed.csv
=== Setting parameter values for extend phase ===
=== Executing the extend phase with extendproportion=1 and other proportions=0 ===
Arrangement completed. Output saved to ../analysis/Data/Workload_data/postgresql_arrayjson_vacuum_notfull_run1_zipfian_light_mixed.csv
Size computation started
Extend verification - Min:76700 Max:125700 Avg:86635 (Expected avg per record: ~1000 bytes initially)
Generating histogram from key size log: key_sizes_postgresql_arrayjson_vacuum_notfull_zipfian_light_mixed_run1.csv
Histogram written to histogram.txt (BlockSize = 100)
Appending subsequent iteration 59...
Iteration 59: Appended new size values from key_sizes_postgresql_arrayjson_vacuum_notfull_zipfian_light_mixed_run1.csv to ../analysis/Data/Value_size_data/value_sizes_postgresql_arrayjson_vacuum_notfull_run1_zipfian_light_before_mixed.csv
VACUUM start: 1774599018
VACUUM end: 1774599019
=== Setting parameter values for run phase ===
Checking query plan before run phase
=== Executing the run phase with extendproportion=0 and read/update proportions=0.5 ===
Arrangement completed. Output saved to ../analysis/Data/Workload_data/postgresql_arrayjson_vacuum_notfull_run1_zipfian_light_mixed.csv
Arrangement completed. Output saved to ../analysis/Data/Workload_data/postgresql_arrayjson_vacuum_notfull_run1_zipfian_light_mixed.csv
Backing up the database started
Backing up the database finished
Arrangement completed. Output saved to ../analysis/Data/Workload_data/postgresql_arrayjson_vacuum_notfull_run1_zipfian_light_mixed.csv
Size computation started
Appending subsequent iteration 59...
Iteration 59: Appended new size values from key_sizes_postgresql_arrayjson_vacuum_notfull_zipfian_light_mixed_run1.csv to ../analysis/Data/Value_size_data/value_sizes_postgresql_arrayjson_vacuum_notfull_run1_zipfian_light_after_mixed.csv
Total size: 87048400, Field length average: 8704
Workload file fieldlength set to: 8704 (expected: 8704)
=== Executing the load phase for the comparison study ===
Comparison-load verification - Epoch:6 Run:9 TotalSize:87040000 ExpectedFieldLength:8704
Avg-run verification - Epoch:6 Run:9 Iteration:59 TotalSize:87040000 ExpectedFieldLength:8704
=== Executing the run phase with extendproportion=0 and read/update proportions=0.5 ===
Arrangement completed. Output saved to ../analysis/Data/Workload_data/postgresql_arrayjson_vacuum_notfull_run1_zipfian_light_mixed.csv
=== Setting parameter values for extend phase ===
=== Executing the extend phase with extendproportion=1 and other proportions=0 ===
Arrangement completed. Output saved to ../analysis/Data/Workload_data/postgresql_arrayjson_vacuum_notfull_run1_zipfian_light_mixed.csv
Size computation started
Extend verification - Min:77800 Max:126900 Avg:88035 (Expected avg per record: ~1000 bytes initially)
Generating histogram from key size log: key_sizes_postgresql_arrayjson_vacuum_notfull_zipfian_light_mixed_run1.csv
Histogram written to histogram.txt (BlockSize = 100)
Appending subsequent iteration 60...
Iteration 60: Appended new size values from key_sizes_postgresql_arrayjson_vacuum_notfull_zipfian_light_mixed_run1.csv to ../analysis/Data/Value_size_data/value_sizes_postgresql_arrayjson_vacuum_notfull_run1_zipfian_light_before_mixed.csv
VACUUM start: 1774599397
VACUUM end: 1774599398
=== Setting parameter values for run phase ===
Checking query plan before run phase
=== Executing the run phase with extendproportion=0 and read/update proportions=0.5 ===
Arrangement completed. Output saved to ../analysis/Data/Workload_data/postgresql_arrayjson_vacuum_notfull_run1_zipfian_light_mixed.csv
Arrangement completed. Output saved to ../analysis/Data/Workload_data/postgresql_arrayjson_vacuum_notfull_run1_zipfian_light_mixed.csv
Backing up the database started
Backing up the database finished
Arrangement completed. Output saved to ../analysis/Data/Workload_data/postgresql_arrayjson_vacuum_notfull_run1_zipfian_light_mixed.csv
Size computation started
Appending subsequent iteration 60...
Iteration 60: Appended new size values from key_sizes_postgresql_arrayjson_vacuum_notfull_zipfian_light_mixed_run1.csv to ../analysis/Data/Value_size_data/value_sizes_postgresql_arrayjson_vacuum_notfull_run1_zipfian_light_after_mixed.csv
Total size: 88466500, Field length average: 8846
Workload file fieldlength set to: 8846 (expected: 8846)
=== Executing the load phase for the comparison study ===
Comparison-load verification - Epoch:6 Run:10 TotalSize:88460000 ExpectedFieldLength:8846
Avg-run verification - Epoch:6 Run:10 Iteration:60 TotalSize:88460000 ExpectedFieldLength:8846
=== Executing the run phase with extendproportion=0 and read/update proportions=0.5 ===
Arrangement completed. Output saved to ../analysis/Data/Workload_data/postgresql_arrayjson_vacuum_notfull_run1_zipfian_light_mixed.csv
=== Setting parameter values for extend phase ===
=== Executing the extend phase with extendproportion=1 and other proportions=0 ===
Arrangement completed. Output saved to ../analysis/Data/Workload_data/postgresql_arrayjson_vacuum_notfull_run1_zipfian_light_mixed.csv
Size computation started
Extend verification - Min:79700 Max:127400 Avg:89417 (Expected avg per record: ~1000 bytes initially)
Generating histogram from key size log: key_sizes_postgresql_arrayjson_vacuum_notfull_zipfian_light_mixed_run1.csv
Histogram written to histogram.txt (BlockSize = 100)
Appending subsequent iteration 61...
Iteration 61: Appended new size values from key_sizes_postgresql_arrayjson_vacuum_notfull_zipfian_light_mixed_run1.csv to ../analysis/Data/Value_size_data/value_sizes_postgresql_arrayjson_vacuum_notfull_run1_zipfian_light_before_mixed.csv
VACUUM start: 1774599783
VACUUM end: 1774599784
=== Setting parameter values for run phase ===
Checking query plan before run phase
=== Executing the run phase with extendproportion=0 and read/update proportions=0.5 ===
Arrangement completed. Output saved to ../analysis/Data/Workload_data/postgresql_arrayjson_vacuum_notfull_run1_zipfian_light_mixed.csv
Arrangement completed. Output saved to ../analysis/Data/Workload_data/postgresql_arrayjson_vacuum_notfull_run1_zipfian_light_mixed.csv
Backing up the database started
Backing up the database finished
Arrangement completed. Output saved to ../analysis/Data/Workload_data/postgresql_arrayjson_vacuum_notfull_run1_zipfian_light_mixed.csv
Size computation started
Appending subsequent iteration 61...
Iteration 61: Appended new size values from key_sizes_postgresql_arrayjson_vacuum_notfull_zipfian_light_mixed_run1.csv to ../analysis/Data/Value_size_data/value_sizes_postgresql_arrayjson_vacuum_notfull_run1_zipfian_light_after_mixed.csv
Total size: 89826300, Field length average: 8982
Workload file fieldlength set to: 8982 (expected: 8982)
=== Executing the load phase for the comparison study ===
Comparison-load verification - Epoch:7 Run:1 TotalSize:89820000 ExpectedFieldLength:8982
Avg-run verification - Epoch:7 Run:1 Iteration:61 TotalSize:89820000 ExpectedFieldLength:8982
=== Executing the run phase with extendproportion=0 and read/update proportions=0.5 ===
Arrangement completed. Output saved to ../analysis/Data/Workload_data/postgresql_arrayjson_vacuum_notfull_run1_zipfian_light_mixed.csv
=== Setting parameter values for extend phase ===
=== Executing the extend phase with extendproportion=1 and other proportions=0 ===
Arrangement completed. Output saved to ../analysis/Data/Workload_data/postgresql_arrayjson_vacuum_notfull_run1_zipfian_light_mixed.csv
Size computation started
Extend verification - Min:80700 Max:128000 Avg:90853 (Expected avg per record: ~1000 bytes initially)
Generating histogram from key size log: key_sizes_postgresql_arrayjson_vacuum_notfull_zipfian_light_mixed_run1.csv
Histogram written to histogram.txt (BlockSize = 100)
Appending subsequent iteration 62...
Iteration 62: Appended new size values from key_sizes_postgresql_arrayjson_vacuum_notfull_zipfian_light_mixed_run1.csv to ../analysis/Data/Value_size_data/value_sizes_postgresql_arrayjson_vacuum_notfull_run1_zipfian_light_before_mixed.csv
VACUUM start: 1774600169
VACUUM end: 1774600171
=== Setting parameter values for run phase ===
Checking query plan before run phase
=== Executing the run phase with extendproportion=0 and read/update proportions=0.5 ===
Arrangement completed. Output saved to ../analysis/Data/Workload_data/postgresql_arrayjson_vacuum_notfull_run1_zipfian_light_mixed.csv
Arrangement completed. Output saved to ../analysis/Data/Workload_data/postgresql_arrayjson_vacuum_notfull_run1_zipfian_light_mixed.csv
Backing up the database started
Backing up the database finished
Arrangement completed. Output saved to ../analysis/Data/Workload_data/postgresql_arrayjson_vacuum_notfull_run1_zipfian_light_mixed.csv
Size computation started
Appending subsequent iteration 62...
Iteration 62: Appended new size values from key_sizes_postgresql_arrayjson_vacuum_notfull_zipfian_light_mixed_run1.csv to ../analysis/Data/Value_size_data/value_sizes_postgresql_arrayjson_vacuum_notfull_run1_zipfian_light_after_mixed.csv
Total size: 91303000, Field length average: 9130
Workload file fieldlength set to: 9130 (expected: 9130)
=== Executing the load phase for the comparison study ===
Comparison-load verification - Epoch:7 Run:2 TotalSize:91300000 ExpectedFieldLength:9130
Avg-run verification - Epoch:7 Run:2 Iteration:62 TotalSize:91300000 ExpectedFieldLength:9130
=== Executing the run phase with extendproportion=0 and read/update proportions=0.5 ===
Arrangement completed. Output saved to ../analysis/Data/Workload_data/postgresql_arrayjson_vacuum_notfull_run1_zipfian_light_mixed.csv
=== Setting parameter values for extend phase ===
=== Executing the extend phase with extendproportion=1 and other proportions=0 ===
Arrangement completed. Output saved to ../analysis/Data/Workload_data/postgresql_arrayjson_vacuum_notfull_run1_zipfian_light_mixed.csv
Size computation started
Extend verification - Min:82300 Max:131100 Avg:92264 (Expected avg per record: ~1000 bytes initially)
Generating histogram from key size log: key_sizes_postgresql_arrayjson_vacuum_notfull_zipfian_light_mixed_run1.csv
Histogram written to histogram.txt (BlockSize = 100)
Appending subsequent iteration 63...
Iteration 63: Appended new size values from key_sizes_postgresql_arrayjson_vacuum_notfull_zipfian_light_mixed_run1.csv to ../analysis/Data/Value_size_data/value_sizes_postgresql_arrayjson_vacuum_notfull_run1_zipfian_light_before_mixed.csv
VACUUM start: 1774600557
VACUUM end: 1774600558
=== Setting parameter values for run phase ===
Checking query plan before run phase
=== Executing the run phase with extendproportion=0 and read/update proportions=0.5 ===
Arrangement completed. Output saved to ../analysis/Data/Workload_data/postgresql_arrayjson_vacuum_notfull_run1_zipfian_light_mixed.csv
Arrangement completed. Output saved to ../analysis/Data/Workload_data/postgresql_arrayjson_vacuum_notfull_run1_zipfian_light_mixed.csv
Backing up the database started
Backing up the database finished
Arrangement completed. Output saved to ../analysis/Data/Workload_data/postgresql_arrayjson_vacuum_notfull_run1_zipfian_light_mixed.csv
Size computation started
Appending subsequent iteration 63...
Iteration 63: Appended new size values from key_sizes_postgresql_arrayjson_vacuum_notfull_zipfian_light_mixed_run1.csv to ../analysis/Data/Value_size_data/value_sizes_postgresql_arrayjson_vacuum_notfull_run1_zipfian_light_after_mixed.csv
Total size: 92687200, Field length average: 9268
Workload file fieldlength set to: 9268 (expected: 9268)
=== Executing the load phase for the comparison study ===
Comparison-load verification - Epoch:7 Run:3 TotalSize:92680000 ExpectedFieldLength:9268
Avg-run verification - Epoch:7 Run:3 Iteration:63 TotalSize:92680000 ExpectedFieldLength:9268
=== Executing the run phase with extendproportion=0 and read/update proportions=0.5 ===
Arrangement completed. Output saved to ../analysis/Data/Workload_data/postgresql_arrayjson_vacuum_notfull_run1_zipfian_light_mixed.csv
=== Setting parameter values for extend phase ===
=== Executing the extend phase with extendproportion=1 and other proportions=0 ===
Arrangement completed. Output saved to ../analysis/Data/Workload_data/postgresql_arrayjson_vacuum_notfull_run1_zipfian_light_mixed.csv
Size computation started
Extend verification - Min:83800 Max:131500 Avg:93617 (Expected avg per record: ~1000 bytes initially)
Generating histogram from key size log: key_sizes_postgresql_arrayjson_vacuum_notfull_zipfian_light_mixed_run1.csv
Histogram written to histogram.txt (BlockSize = 100)
Appending subsequent iteration 64...
Iteration 64: Appended new size values from key_sizes_postgresql_arrayjson_vacuum_notfull_zipfian_light_mixed_run1.csv to ../analysis/Data/Value_size_data/value_sizes_postgresql_arrayjson_vacuum_notfull_run1_zipfian_light_before_mixed.csv
VACUUM start: 1774600950
VACUUM end: 1774600952
=== Setting parameter values for run phase ===
Checking query plan before run phase
=== Executing the run phase with extendproportion=0 and read/update proportions=0.5 ===
Arrangement completed. Output saved to ../analysis/Data/Workload_data/postgresql_arrayjson_vacuum_notfull_run1_zipfian_light_mixed.csv
Arrangement completed. Output saved to ../analysis/Data/Workload_data/postgresql_arrayjson_vacuum_notfull_run1_zipfian_light_mixed.csv
Backing up the database started
Backing up the database finished
Arrangement completed. Output saved to ../analysis/Data/Workload_data/postgresql_arrayjson_vacuum_notfull_run1_zipfian_light_mixed.csv
Size computation started
Appending subsequent iteration 64...
Iteration 64: Appended new size values from key_sizes_postgresql_arrayjson_vacuum_notfull_zipfian_light_mixed_run1.csv to ../analysis/Data/Value_size_data/value_sizes_postgresql_arrayjson_vacuum_notfull_run1_zipfian_light_after_mixed.csv
Total size: 94103200, Field length average: 9410
Workload file fieldlength set to: 9410 (expected: 9410)
=== Executing the load phase for the comparison study ===
Comparison-load verification - Epoch:7 Run:4 TotalSize:94100000 ExpectedFieldLength:9410
Avg-run verification - Epoch:7 Run:4 Iteration:64 TotalSize:94100000 ExpectedFieldLength:9410
=== Executing the run phase with extendproportion=0 and read/update proportions=0.5 ===
Arrangement completed. Output saved to ../analysis/Data/Workload_data/postgresql_arrayjson_vacuum_notfull_run1_zipfian_light_mixed.csv
=== Setting parameter values for extend phase ===
=== Executing the extend phase with extendproportion=1 and other proportions=0 ===
Arrangement completed. Output saved to ../analysis/Data/Workload_data/postgresql_arrayjson_vacuum_notfull_run1_zipfian_light_mixed.csv
Size computation started
Extend verification - Min:84600 Max:134400 Avg:95044 (Expected avg per record: ~1000 bytes initially)
Generating histogram from key size log: key_sizes_postgresql_arrayjson_vacuum_notfull_zipfian_light_mixed_run1.csv
Histogram written to histogram.txt (BlockSize = 100)
Appending subsequent iteration 65...
Iteration 65: Appended new size values from key_sizes_postgresql_arrayjson_vacuum_notfull_zipfian_light_mixed_run1.csv to ../analysis/Data/Value_size_data/value_sizes_postgresql_arrayjson_vacuum_notfull_run1_zipfian_light_before_mixed.csv
VACUUM start: 1774601341
VACUUM end: 1774601343
=== Setting parameter values for run phase ===
Checking query plan before run phase
=== Executing the run phase with extendproportion=0 and read/update proportions=0.5 ===
Arrangement completed. Output saved to ../analysis/Data/Workload_data/postgresql_arrayjson_vacuum_notfull_run1_zipfian_light_mixed.csv
Arrangement completed. Output saved to ../analysis/Data/Workload_data/postgresql_arrayjson_vacuum_notfull_run1_zipfian_light_mixed.csv
Backing up the database started
Backing up the database finished
Arrangement completed. Output saved to ../analysis/Data/Workload_data/postgresql_arrayjson_vacuum_notfull_run1_zipfian_light_mixed.csv
Size computation started
Appending subsequent iteration 65...
Iteration 65: Appended new size values from key_sizes_postgresql_arrayjson_vacuum_notfull_zipfian_light_mixed_run1.csv to ../analysis/Data/Value_size_data/value_sizes_postgresql_arrayjson_vacuum_notfull_run1_zipfian_light_after_mixed.csv
Total size: 95401700, Field length average: 9540
Workload file fieldlength set to: 9540 (expected: 9540)
=== Executing the load phase for the comparison study ===
Comparison-load verification - Epoch:7 Run:5 TotalSize:95400000 ExpectedFieldLength:9540
Avg-run verification - Epoch:7 Run:5 Iteration:65 TotalSize:95400000 ExpectedFieldLength:9540
=== Executing the run phase with extendproportion=0 and read/update proportions=0.5 ===
Arrangement completed. Output saved to ../analysis/Data/Workload_data/postgresql_arrayjson_vacuum_notfull_run1_zipfian_light_mixed.csv
=== Setting parameter values for extend phase ===
=== Executing the extend phase with extendproportion=1 and other proportions=0 ===
Arrangement completed. Output saved to ../analysis/Data/Workload_data/postgresql_arrayjson_vacuum_notfull_run1_zipfian_light_mixed.csv
Size computation started
Extend verification - Min:85900 Max:135200 Avg:96457 (Expected avg per record: ~1000 bytes initially)
Generating histogram from key size log: key_sizes_postgresql_arrayjson_vacuum_notfull_zipfian_light_mixed_run1.csv
Histogram written to histogram.txt (BlockSize = 100)
Appending subsequent iteration 66...
Iteration 66: Appended new size values from key_sizes_postgresql_arrayjson_vacuum_notfull_zipfian_light_mixed_run1.csv to ../analysis/Data/Value_size_data/value_sizes_postgresql_arrayjson_vacuum_notfull_run1_zipfian_light_before_mixed.csv
VACUUM start: 1774601738
VACUUM end: 1774601740
=== Setting parameter values for run phase ===
Checking query plan before run phase
=== Executing the run phase with extendproportion=0 and read/update proportions=0.5 ===
Arrangement completed. Output saved to ../analysis/Data/Workload_data/postgresql_arrayjson_vacuum_notfull_run1_zipfian_light_mixed.csv
Arrangement completed. Output saved to ../analysis/Data/Workload_data/postgresql_arrayjson_vacuum_notfull_run1_zipfian_light_mixed.csv
Backing up the database started
Backing up the database finished
Arrangement completed. Output saved to ../analysis/Data/Workload_data/postgresql_arrayjson_vacuum_notfull_run1_zipfian_light_mixed.csv
Size computation started
Appending subsequent iteration 66...
Iteration 66: Appended new size values from key_sizes_postgresql_arrayjson_vacuum_notfull_zipfian_light_mixed_run1.csv to ../analysis/Data/Value_size_data/value_sizes_postgresql_arrayjson_vacuum_notfull_run1_zipfian_light_after_mixed.csv
Total size: 96897100, Field length average: 9689
Workload file fieldlength set to: 9689 (expected: 9689)
=== Executing the load phase for the comparison study ===
Comparison-load verification - Epoch:7 Run:6 TotalSize:96890000 ExpectedFieldLength:9689
Avg-run verification - Epoch:7 Run:6 Iteration:66 TotalSize:96890000 ExpectedFieldLength:9689
=== Executing the run phase with extendproportion=0 and read/update proportions=0.5 ===
Arrangement completed. Output saved to ../analysis/Data/Workload_data/postgresql_arrayjson_vacuum_notfull_run1_zipfian_light_mixed.csv
=== Setting parameter values for extend phase ===
=== Executing the extend phase with extendproportion=1 and other proportions=0 ===
Arrangement completed. Output saved to ../analysis/Data/Workload_data/postgresql_arrayjson_vacuum_notfull_run1_zipfian_light_mixed.csv
Size computation started
Extend verification - Min:87600 Max:135300 Avg:97896 (Expected avg per record: ~1000 bytes initially)
Generating histogram from key size log: key_sizes_postgresql_arrayjson_vacuum_notfull_zipfian_light_mixed_run1.csv
Histogram written to histogram.txt (BlockSize = 100)
Appending subsequent iteration 67...
Iteration 67: Appended new size values from key_sizes_postgresql_arrayjson_vacuum_notfull_zipfian_light_mixed_run1.csv to ../analysis/Data/Value_size_data/value_sizes_postgresql_arrayjson_vacuum_notfull_run1_zipfian_light_before_mixed.csv
VACUUM start: 1774602134
VACUUM end: 1774602136
=== Setting parameter values for run phase ===
Checking query plan before run phase
=== Executing the run phase with extendproportion=0 and read/update proportions=0.5 ===
Arrangement completed. Output saved to ../analysis/Data/Workload_data/postgresql_arrayjson_vacuum_notfull_run1_zipfian_light_mixed.csv
Arrangement completed. Output saved to ../analysis/Data/Workload_data/postgresql_arrayjson_vacuum_notfull_run1_zipfian_light_mixed.csv
Backing up the database started
Backing up the database finished
Arrangement completed. Output saved to ../analysis/Data/Workload_data/postgresql_arrayjson_vacuum_notfull_run1_zipfian_light_mixed.csv
Size computation started
Appending subsequent iteration 67...
Iteration 67: Appended new size values from key_sizes_postgresql_arrayjson_vacuum_notfull_zipfian_light_mixed_run1.csv to ../analysis/Data/Value_size_data/value_sizes_postgresql_arrayjson_vacuum_notfull_run1_zipfian_light_after_mixed.csv
Total size: 98278300, Field length average: 9827
Workload file fieldlength set to: 9827 (expected: 9827)
=== Executing the load phase for the comparison study ===
Comparison-load verification - Epoch:7 Run:7 TotalSize:98270000 ExpectedFieldLength:9827
Avg-run verification - Epoch:7 Run:7 Iteration:67 TotalSize:98270000 ExpectedFieldLength:9827
=== Executing the run phase with extendproportion=0 and read/update proportions=0.5 ===
Arrangement completed. Output saved to ../analysis/Data/Workload_data/postgresql_arrayjson_vacuum_notfull_run1_zipfian_light_mixed.csv
=== Setting parameter values for extend phase ===
=== Executing the extend phase with extendproportion=1 and other proportions=0 ===
Arrangement completed. Output saved to ../analysis/Data/Workload_data/postgresql_arrayjson_vacuum_notfull_run1_zipfian_light_mixed.csv
Size computation started
Extend verification - Min:88900 Max:142800 Avg:99293 (Expected avg per record: ~1000 bytes initially)
Generating histogram from key size log: key_sizes_postgresql_arrayjson_vacuum_notfull_zipfian_light_mixed_run1.csv
Histogram written to histogram.txt (BlockSize = 100)
Appending subsequent iteration 68...
Iteration 68: Appended new size values from key_sizes_postgresql_arrayjson_vacuum_notfull_zipfian_light_mixed_run1.csv to ../analysis/Data/Value_size_data/value_sizes_postgresql_arrayjson_vacuum_notfull_run1_zipfian_light_before_mixed.csv
VACUUM start: 1774602532
VACUUM end: 1774602534
=== Setting parameter values for run phase ===
Checking query plan before run phase
=== Executing the run phase with extendproportion=0 and read/update proportions=0.5 ===
Arrangement completed. Output saved to ../analysis/Data/Workload_data/postgresql_arrayjson_vacuum_notfull_run1_zipfian_light_mixed.csv
Arrangement completed. Output saved to ../analysis/Data/Workload_data/postgresql_arrayjson_vacuum_notfull_run1_zipfian_light_mixed.csv
Backing up the database started
Backing up the database finished
Arrangement completed. Output saved to ../analysis/Data/Workload_data/postgresql_arrayjson_vacuum_notfull_run1_zipfian_light_mixed.csv
Size computation started
Appending subsequent iteration 68...
Iteration 68: Appended new size values from key_sizes_postgresql_arrayjson_vacuum_notfull_zipfian_light_mixed_run1.csv to ../analysis/Data/Value_size_data/value_sizes_postgresql_arrayjson_vacuum_notfull_run1_zipfian_light_after_mixed.csv
Total size: 99653600, Field length average: 9965
Workload file fieldlength set to: 9965 (expected: 9965)
=== Executing the load phase for the comparison study ===
Comparison-load verification - Epoch:7 Run:8 TotalSize:99650000 ExpectedFieldLength:9965
Avg-run verification - Epoch:7 Run:8 Iteration:68 TotalSize:99650000 ExpectedFieldLength:9965
=== Executing the run phase with extendproportion=0 and read/update proportions=0.5 ===
Arrangement completed. Output saved to ../analysis/Data/Workload_data/postgresql_arrayjson_vacuum_notfull_run1_zipfian_light_mixed.csv
=== Setting parameter values for extend phase ===
=== Executing the extend phase with extendproportion=1 and other proportions=0 ===
Arrangement completed. Output saved to ../analysis/Data/Workload_data/postgresql_arrayjson_vacuum_notfull_run1_zipfian_light_mixed.csv
Size computation started
Extend verification - Min:89900 Max:141600 Avg:100664 (Expected avg per record: ~1000 bytes initially)
Generating histogram from key size log: key_sizes_postgresql_arrayjson_vacuum_notfull_zipfian_light_mixed_run1.csv
Histogram written to histogram.txt (BlockSize = 100)
Appending subsequent iteration 69...
Iteration 69: Appended new size values from key_sizes_postgresql_arrayjson_vacuum_notfull_zipfian_light_mixed_run1.csv to ../analysis/Data/Value_size_data/value_sizes_postgresql_arrayjson_vacuum_notfull_run1_zipfian_light_before_mixed.csv
VACUUM start: 1774602937
VACUUM end: 1774602939
=== Setting parameter values for run phase ===
Checking query plan before run phase
=== Executing the run phase with extendproportion=0 and read/update proportions=0.5 ===
Arrangement completed. Output saved to ../analysis/Data/Workload_data/postgresql_arrayjson_vacuum_notfull_run1_zipfian_light_mixed.csv
Arrangement completed. Output saved to ../analysis/Data/Workload_data/postgresql_arrayjson_vacuum_notfull_run1_zipfian_light_mixed.csv
Backing up the database started
Backing up the database finished
Arrangement completed. Output saved to ../analysis/Data/Workload_data/postgresql_arrayjson_vacuum_notfull_run1_zipfian_light_mixed.csv
Size computation started
Appending subsequent iteration 69...
Iteration 69: Appended new size values from key_sizes_postgresql_arrayjson_vacuum_notfull_zipfian_light_mixed_run1.csv to ../analysis/Data/Value_size_data/value_sizes_postgresql_arrayjson_vacuum_notfull_run1_zipfian_light_after_mixed.csv
Total size: 101053900, Field length average: 10105
Workload file fieldlength set to: 10105 (expected: 10105)
=== Executing the load phase for the comparison study ===
Comparison-load verification - Epoch:7 Run:9 TotalSize:101050000 ExpectedFieldLength:10105
Avg-run verification - Epoch:7 Run:9 Iteration:69 TotalSize:101050000 ExpectedFieldLength:10105
=== Executing the run phase with extendproportion=0 and read/update proportions=0.5 ===
Arrangement completed. Output saved to ../analysis/Data/Workload_data/postgresql_arrayjson_vacuum_notfull_run1_zipfian_light_mixed.csv
=== Setting parameter values for extend phase ===
=== Executing the extend phase with extendproportion=1 and other proportions=0 ===
Arrangement completed. Output saved to ../analysis/Data/Workload_data/postgresql_arrayjson_vacuum_notfull_run1_zipfian_light_mixed.csv
Size computation started
Extend verification - Min:91000 Max:138300 Avg:102078 (Expected avg per record: ~1000 bytes initially)
Generating histogram from key size log: key_sizes_postgresql_arrayjson_vacuum_notfull_zipfian_light_mixed_run1.csv
Histogram written to histogram.txt (BlockSize = 100)
Appending subsequent iteration 70...
Iteration 70: Appended new size values from key_sizes_postgresql_arrayjson_vacuum_notfull_zipfian_light_mixed_run1.csv to ../analysis/Data/Value_size_data/value_sizes_postgresql_arrayjson_vacuum_notfull_run1_zipfian_light_before_mixed.csv
VACUUM start: 1774603346
VACUUM end: 1774603348
=== Setting parameter values for run phase ===
Checking query plan before run phase
=== Executing the run phase with extendproportion=0 and read/update proportions=0.5 ===
Arrangement completed. Output saved to ../analysis/Data/Workload_data/postgresql_arrayjson_vacuum_notfull_run1_zipfian_light_mixed.csv
Arrangement completed. Output saved to ../analysis/Data/Workload_data/postgresql_arrayjson_vacuum_notfull_run1_zipfian_light_mixed.csv
Backing up the database started
Backing up the database finished
Arrangement completed. Output saved to ../analysis/Data/Workload_data/postgresql_arrayjson_vacuum_notfull_run1_zipfian_light_mixed.csv
Size computation started
Appending subsequent iteration 70...
Iteration 70: Appended new size values from key_sizes_postgresql_arrayjson_vacuum_notfull_zipfian_light_mixed_run1.csv to ../analysis/Data/Value_size_data/value_sizes_postgresql_arrayjson_vacuum_notfull_run1_zipfian_light_after_mixed.csv
Total size: 102466100, Field length average: 10246
Workload file fieldlength set to: 10246 (expected: 10246)
=== Executing the load phase for the comparison study ===
Comparison-load verification - Epoch:7 Run:10 TotalSize:102460000 ExpectedFieldLength:10246
Avg-run verification - Epoch:7 Run:10 Iteration:70 TotalSize:102460000 ExpectedFieldLength:10246
=== Executing the run phase with extendproportion=0 and read/update proportions=0.5 ===
Arrangement completed. Output saved to ../analysis/Data/Workload_data/postgresql_arrayjson_vacuum_notfull_run1_zipfian_light_mixed.csv
=== Setting parameter values for extend phase ===
=== Executing the extend phase with extendproportion=1 and other proportions=0 ===
Arrangement completed. Output saved to ../analysis/Data/Workload_data/postgresql_arrayjson_vacuum_notfull_run1_zipfian_light_mixed.csv
Size computation started
Extend verification - Min:92600 Max:139800 Avg:103555 (Expected avg per record: ~1000 bytes initially)
Generating histogram from key size log: key_sizes_postgresql_arrayjson_vacuum_notfull_zipfian_light_mixed_run1.csv
Histogram written to histogram.txt (BlockSize = 100)
Appending subsequent iteration 71...
Iteration 71: Appended new size values from key_sizes_postgresql_arrayjson_vacuum_notfull_zipfian_light_mixed_run1.csv to ../analysis/Data/Value_size_data/value_sizes_postgresql_arrayjson_vacuum_notfull_run1_zipfian_light_before_mixed.csv
VACUUM start: 1774603758
VACUUM end: 1774603760
=== Setting parameter values for run phase ===
Checking query plan before run phase
=== Executing the run phase with extendproportion=0 and read/update proportions=0.5 ===
Arrangement completed. Output saved to ../analysis/Data/Workload_data/postgresql_arrayjson_vacuum_notfull_run1_zipfian_light_mixed.csv
Arrangement completed. Output saved to ../analysis/Data/Workload_data/postgresql_arrayjson_vacuum_notfull_run1_zipfian_light_mixed.csv
Backing up the database started
Backing up the database finished
Arrangement completed. Output saved to ../analysis/Data/Workload_data/postgresql_arrayjson_vacuum_notfull_run1_zipfian_light_mixed.csv
Size computation started
Appending subsequent iteration 71...
Iteration 71: Appended new size values from key_sizes_postgresql_arrayjson_vacuum_notfull_zipfian_light_mixed_run1.csv to ../analysis/Data/Value_size_data/value_sizes_postgresql_arrayjson_vacuum_notfull_run1_zipfian_light_after_mixed.csv
Total size: 104011800, Field length average: 10401
Workload file fieldlength set to: 10401 (expected: 10401)
=== Executing the load phase for the comparison study ===
Comparison-load verification - Epoch:8 Run:1 TotalSize:104010000 ExpectedFieldLength:10401
Avg-run verification - Epoch:8 Run:1 Iteration:71 TotalSize:104010000 ExpectedFieldLength:10401
=== Executing the run phase with extendproportion=0 and read/update proportions=0.5 ===
Arrangement completed. Output saved to ../analysis/Data/Workload_data/postgresql_arrayjson_vacuum_notfull_run1_zipfian_light_mixed.csv
=== Setting parameter values for extend phase ===
=== Executing the extend phase with extendproportion=1 and other proportions=0 ===
Arrangement completed. Output saved to ../analysis/Data/Workload_data/postgresql_arrayjson_vacuum_notfull_run1_zipfian_light_mixed.csv
Size computation started
Extend verification - Min:93800 Max:143400 Avg:104988 (Expected avg per record: ~1000 bytes initially)
Generating histogram from key size log: key_sizes_postgresql_arrayjson_vacuum_notfull_zipfian_light_mixed_run1.csv
Histogram written to histogram.txt (BlockSize = 100)
Appending subsequent iteration 72...
Iteration 72: Appended new size values from key_sizes_postgresql_arrayjson_vacuum_notfull_zipfian_light_mixed_run1.csv to ../analysis/Data/Value_size_data/value_sizes_postgresql_arrayjson_vacuum_notfull_run1_zipfian_light_before_mixed.csv
VACUUM start: 1774604175
VACUUM end: 1774604177
=== Setting parameter values for run phase ===
Checking query plan before run phase
=== Executing the run phase with extendproportion=0 and read/update proportions=0.5 ===
Arrangement completed. Output saved to ../analysis/Data/Workload_data/postgresql_arrayjson_vacuum_notfull_run1_zipfian_light_mixed.csv
Arrangement completed. Output saved to ../analysis/Data/Workload_data/postgresql_arrayjson_vacuum_notfull_run1_zipfian_light_mixed.csv
Backing up the database started
Backing up the database finished
Arrangement completed. Output saved to ../analysis/Data/Workload_data/postgresql_arrayjson_vacuum_notfull_run1_zipfian_light_mixed.csv
Size computation started
Appending subsequent iteration 72...
Iteration 72: Appended new size values from key_sizes_postgresql_arrayjson_vacuum_notfull_zipfian_light_mixed_run1.csv to ../analysis/Data/Value_size_data/value_sizes_postgresql_arrayjson_vacuum_notfull_run1_zipfian_light_after_mixed.csv
Total size: 105388800, Field length average: 10538
Workload file fieldlength set to: 10538 (expected: 10538)
=== Executing the load phase for the comparison study ===
Comparison-load verification - Epoch:8 Run:2 TotalSize:105380000 ExpectedFieldLength:10538
Avg-run verification - Epoch:8 Run:2 Iteration:72 TotalSize:105380000 ExpectedFieldLength:10538
=== Executing the run phase with extendproportion=0 and read/update proportions=0.5 ===
Arrangement completed. Output saved to ../analysis/Data/Workload_data/postgresql_arrayjson_vacuum_notfull_run1_zipfian_light_mixed.csv
=== Setting parameter values for extend phase ===
=== Executing the extend phase with extendproportion=1 and other proportions=0 ===
Arrangement completed. Output saved to ../analysis/Data/Workload_data/postgresql_arrayjson_vacuum_notfull_run1_zipfian_light_mixed.csv
Size computation started
Extend verification - Min:94900 Max:142700 Avg:106355 (Expected avg per record: ~1000 bytes initially)
Generating histogram from key size log: key_sizes_postgresql_arrayjson_vacuum_notfull_zipfian_light_mixed_run1.csv
Histogram written to histogram.txt (BlockSize = 100)
Appending subsequent iteration 73...
Iteration 73: Appended new size values from key_sizes_postgresql_arrayjson_vacuum_notfull_zipfian_light_mixed_run1.csv to ../analysis/Data/Value_size_data/value_sizes_postgresql_arrayjson_vacuum_notfull_run1_zipfian_light_before_mixed.csv
VACUUM start: 1774604594
VACUUM end: 1774604596
=== Setting parameter values for run phase ===
Checking query plan before run phase
=== Executing the run phase with extendproportion=0 and read/update proportions=0.5 ===
Arrangement completed. Output saved to ../analysis/Data/Workload_data/postgresql_arrayjson_vacuum_notfull_run1_zipfian_light_mixed.csv
Arrangement completed. Output saved to ../analysis/Data/Workload_data/postgresql_arrayjson_vacuum_notfull_run1_zipfian_light_mixed.csv
Backing up the database started
Backing up the database finished
Arrangement completed. Output saved to ../analysis/Data/Workload_data/postgresql_arrayjson_vacuum_notfull_run1_zipfian_light_mixed.csv
Size computation started
Appending subsequent iteration 73...
Iteration 73: Appended new size values from key_sizes_postgresql_arrayjson_vacuum_notfull_zipfian_light_mixed_run1.csv to ../analysis/Data/Value_size_data/value_sizes_postgresql_arrayjson_vacuum_notfull_run1_zipfian_light_after_mixed.csv
Total size: 106680200, Field length average: 10668
Workload file fieldlength set to: 10668 (expected: 10668)
=== Executing the load phase for the comparison study ===
Comparison-load verification - Epoch:8 Run:3 TotalSize:106680000 ExpectedFieldLength:10668
Avg-run verification - Epoch:8 Run:3 Iteration:73 TotalSize:106680000 ExpectedFieldLength:10668
=== Executing the run phase with extendproportion=0 and read/update proportions=0.5 ===
Arrangement completed. Output saved to ../analysis/Data/Workload_data/postgresql_arrayjson_vacuum_notfull_run1_zipfian_light_mixed.csv
=== Setting parameter values for extend phase ===
=== Executing the extend phase with extendproportion=1 and other proportions=0 ===
Arrangement completed. Output saved to ../analysis/Data/Workload_data/postgresql_arrayjson_vacuum_notfull_run1_zipfian_light_mixed.csv
Size computation started
Extend verification - Min:96600 Max:144800 Avg:107806 (Expected avg per record: ~1000 bytes initially)
Generating histogram from key size log: key_sizes_postgresql_arrayjson_vacuum_notfull_zipfian_light_mixed_run1.csv
Histogram written to histogram.txt (BlockSize = 100)
Appending subsequent iteration 74...
Iteration 74: Appended new size values from key_sizes_postgresql_arrayjson_vacuum_notfull_zipfian_light_mixed_run1.csv to ../analysis/Data/Value_size_data/value_sizes_postgresql_arrayjson_vacuum_notfull_run1_zipfian_light_before_mixed.csv
VACUUM start: 1774605008
VACUUM end: 1774605010
=== Setting parameter values for run phase ===
Checking query plan before run phase
=== Executing the run phase with extendproportion=0 and read/update proportions=0.5 ===
Arrangement completed. Output saved to ../analysis/Data/Workload_data/postgresql_arrayjson_vacuum_notfull_run1_zipfian_light_mixed.csv
Arrangement completed. Output saved to ../analysis/Data/Workload_data/postgresql_arrayjson_vacuum_notfull_run1_zipfian_light_mixed.csv
Backing up the database started
Backing up the database finished
Arrangement completed. Output saved to ../analysis/Data/Workload_data/postgresql_arrayjson_vacuum_notfull_run1_zipfian_light_mixed.csv
Size computation started
Appending subsequent iteration 74...
Iteration 74: Appended new size values from key_sizes_postgresql_arrayjson_vacuum_notfull_zipfian_light_mixed_run1.csv to ../analysis/Data/Value_size_data/value_sizes_postgresql_arrayjson_vacuum_notfull_run1_zipfian_light_after_mixed.csv
Total size: 108206100, Field length average: 10820
Workload file fieldlength set to: 10820 (expected: 10820)
=== Executing the load phase for the comparison study ===
Comparison-load verification - Epoch:8 Run:4 TotalSize:108200000 ExpectedFieldLength:10820
Avg-run verification - Epoch:8 Run:4 Iteration:74 TotalSize:108200000 ExpectedFieldLength:10820
=== Executing the run phase with extendproportion=0 and read/update proportions=0.5 ===
Arrangement completed. Output saved to ../analysis/Data/Workload_data/postgresql_arrayjson_vacuum_notfull_run1_zipfian_light_mixed.csv
=== Setting parameter values for extend phase ===
=== Executing the extend phase with extendproportion=1 and other proportions=0 ===
Arrangement completed. Output saved to ../analysis/Data/Workload_data/postgresql_arrayjson_vacuum_notfull_run1_zipfian_light_mixed.csv
Size computation started
Extend verification - Min:98400 Max:146200 Avg:109246 (Expected avg per record: ~1000 bytes initially)
Generating histogram from key size log: key_sizes_postgresql_arrayjson_vacuum_notfull_zipfian_light_mixed_run1.csv
Histogram written to histogram.txt (BlockSize = 100)
Appending subsequent iteration 75...
Iteration 75: Appended new size values from key_sizes_postgresql_arrayjson_vacuum_notfull_zipfian_light_mixed_run1.csv to ../analysis/Data/Value_size_data/value_sizes_postgresql_arrayjson_vacuum_notfull_run1_zipfian_light_before_mixed.csv
VACUUM start: 1774605426
VACUUM end: 1774605428
=== Setting parameter values for run phase ===
Checking query plan before run phase
=== Executing the run phase with extendproportion=0 and read/update proportions=0.5 ===
Arrangement completed. Output saved to ../analysis/Data/Workload_data/postgresql_arrayjson_vacuum_notfull_run1_zipfian_light_mixed.csv
Arrangement completed. Output saved to ../analysis/Data/Workload_data/postgresql_arrayjson_vacuum_notfull_run1_zipfian_light_mixed.csv
Backing up the database started
Backing up the database finished
Arrangement completed. Output saved to ../analysis/Data/Workload_data/postgresql_arrayjson_vacuum_notfull_run1_zipfian_light_mixed.csv
Size computation started
Appending subsequent iteration 75...
Iteration 75: Appended new size values from key_sizes_postgresql_arrayjson_vacuum_notfull_zipfian_light_mixed_run1.csv to ../analysis/Data/Value_size_data/value_sizes_postgresql_arrayjson_vacuum_notfull_run1_zipfian_light_after_mixed.csv
Total size: 109634400, Field length average: 10963
Workload file fieldlength set to: 10963 (expected: 10963)
=== Executing the load phase for the comparison study ===
Comparison-load verification - Epoch:8 Run:5 TotalSize:109630000 ExpectedFieldLength:10963
Avg-run verification - Epoch:8 Run:5 Iteration:75 TotalSize:109630000 ExpectedFieldLength:10963
=== Executing the run phase with extendproportion=0 and read/update proportions=0.5 ===
Arrangement completed. Output saved to ../analysis/Data/Workload_data/postgresql_arrayjson_vacuum_notfull_run1_zipfian_light_mixed.csv
=== Setting parameter values for extend phase ===
=== Executing the extend phase with extendproportion=1 and other proportions=0 ===
Arrangement completed. Output saved to ../analysis/Data/Workload_data/postgresql_arrayjson_vacuum_notfull_run1_zipfian_light_mixed.csv
Size computation started
Extend verification - Min:98600 Max:150300 Avg:110680 (Expected avg per record: ~1000 bytes initially)
Generating histogram from key size log: key_sizes_postgresql_arrayjson_vacuum_notfull_zipfian_light_mixed_run1.csv
Histogram written to histogram.txt (BlockSize = 100)
Appending subsequent iteration 76...
Iteration 76: Appended new size values from key_sizes_postgresql_arrayjson_vacuum_notfull_zipfian_light_mixed_run1.csv to ../analysis/Data/Value_size_data/value_sizes_postgresql_arrayjson_vacuum_notfull_run1_zipfian_light_before_mixed.csv
VACUUM start: 1774605847
VACUUM end: 1774605849
=== Setting parameter values for run phase ===
Checking query plan before run phase
=== Executing the run phase with extendproportion=0 and read/update proportions=0.5 ===
Arrangement completed. Output saved to ../analysis/Data/Workload_data/postgresql_arrayjson_vacuum_notfull_run1_zipfian_light_mixed.csv
Arrangement completed. Output saved to ../analysis/Data/Workload_data/postgresql_arrayjson_vacuum_notfull_run1_zipfian_light_mixed.csv
Backing up the database started
Backing up the database finished
Arrangement completed. Output saved to ../analysis/Data/Workload_data/postgresql_arrayjson_vacuum_notfull_run1_zipfian_light_mixed.csv
Size computation started
Appending subsequent iteration 76...
Iteration 76: Appended new size values from key_sizes_postgresql_arrayjson_vacuum_notfull_zipfian_light_mixed_run1.csv to ../analysis/Data/Value_size_data/value_sizes_postgresql_arrayjson_vacuum_notfull_run1_zipfian_light_after_mixed.csv
Total size: 111092700, Field length average: 11109
Workload file fieldlength set to: 11109 (expected: 11109)
=== Executing the load phase for the comparison study ===
Comparison-load verification - Epoch:8 Run:6 TotalSize:111090000 ExpectedFieldLength:11109
Avg-run verification - Epoch:8 Run:6 Iteration:76 TotalSize:111090000 ExpectedFieldLength:11109
=== Executing the run phase with extendproportion=0 and read/update proportions=0.5 ===
Arrangement completed. Output saved to ../analysis/Data/Workload_data/postgresql_arrayjson_vacuum_notfull_run1_zipfian_light_mixed.csv
=== Setting parameter values for extend phase ===
=== Executing the extend phase with extendproportion=1 and other proportions=0 ===
Arrangement completed. Output saved to ../analysis/Data/Workload_data/postgresql_arrayjson_vacuum_notfull_run1_zipfian_light_mixed.csv
Size computation started
Extend verification - Min:100400 Max:149500 Avg:112101 (Expected avg per record: ~1000 bytes initially)
Generating histogram from key size log: key_sizes_postgresql_arrayjson_vacuum_notfull_zipfian_light_mixed_run1.csv
Histogram written to histogram.txt (BlockSize = 100)
Appending subsequent iteration 77...
Iteration 77: Appended new size values from key_sizes_postgresql_arrayjson_vacuum_notfull_zipfian_light_mixed_run1.csv to ../analysis/Data/Value_size_data/value_sizes_postgresql_arrayjson_vacuum_notfull_run1_zipfian_light_before_mixed.csv
VACUUM start: 1774606268
VACUUM end: 1774606270
=== Setting parameter values for run phase ===
Checking query plan before run phase
=== Executing the run phase with extendproportion=0 and read/update proportions=0.5 ===
Arrangement completed. Output saved to ../analysis/Data/Workload_data/postgresql_arrayjson_vacuum_notfull_run1_zipfian_light_mixed.csv
Arrangement completed. Output saved to ../analysis/Data/Workload_data/postgresql_arrayjson_vacuum_notfull_run1_zipfian_light_mixed.csv
Backing up the database started
Backing up the database finished
Arrangement completed. Output saved to ../analysis/Data/Workload_data/postgresql_arrayjson_vacuum_notfull_run1_zipfian_light_mixed.csv
Size computation started
Appending subsequent iteration 77...
Iteration 77: Appended new size values from key_sizes_postgresql_arrayjson_vacuum_notfull_zipfian_light_mixed_run1.csv to ../analysis/Data/Value_size_data/value_sizes_postgresql_arrayjson_vacuum_notfull_run1_zipfian_light_after_mixed.csv
Total size: 112482600, Field length average: 11248
Workload file fieldlength set to: 11248 (expected: 11248)
=== Executing the load phase for the comparison study ===
Comparison-load verification - Epoch:8 Run:7 TotalSize:112480000 ExpectedFieldLength:11248
Avg-run verification - Epoch:8 Run:7 Iteration:77 TotalSize:112480000 ExpectedFieldLength:11248
=== Executing the run phase with extendproportion=0 and read/update proportions=0.5 ===
Arrangement completed. Output saved to ../analysis/Data/Workload_data/postgresql_arrayjson_vacuum_notfull_run1_zipfian_light_mixed.csv
=== Setting parameter values for extend phase ===
=== Executing the extend phase with extendproportion=1 and other proportions=0 ===
Arrangement completed. Output saved to ../analysis/Data/Workload_data/postgresql_arrayjson_vacuum_notfull_run1_zipfian_light_mixed.csv
Size computation started
Extend verification - Min:101700 Max:148500 Avg:113483 (Expected avg per record: ~1000 bytes initially)
Generating histogram from key size log: key_sizes_postgresql_arrayjson_vacuum_notfull_zipfian_light_mixed_run1.csv
Histogram written to histogram.txt (BlockSize = 100)
Appending subsequent iteration 78...
Iteration 78: Appended new size values from key_sizes_postgresql_arrayjson_vacuum_notfull_zipfian_light_mixed_run1.csv to ../analysis/Data/Value_size_data/value_sizes_postgresql_arrayjson_vacuum_notfull_run1_zipfian_light_before_mixed.csv
VACUUM start: 1774606697
VACUUM end: 1774606699
=== Setting parameter values for run phase ===
Checking query plan before run phase
=== Executing the run phase with extendproportion=0 and read/update proportions=0.5 ===
Arrangement completed. Output saved to ../analysis/Data/Workload_data/postgresql_arrayjson_vacuum_notfull_run1_zipfian_light_mixed.csv
Arrangement completed. Output saved to ../analysis/Data/Workload_data/postgresql_arrayjson_vacuum_notfull_run1_zipfian_light_mixed.csv
Backing up the database started
Backing up the database finished
Arrangement completed. Output saved to ../analysis/Data/Workload_data/postgresql_arrayjson_vacuum_notfull_run1_zipfian_light_mixed.csv
Size computation started
Appending subsequent iteration 78...
Iteration 78: Appended new size values from key_sizes_postgresql_arrayjson_vacuum_notfull_zipfian_light_mixed_run1.csv to ../analysis/Data/Value_size_data/value_sizes_postgresql_arrayjson_vacuum_notfull_run1_zipfian_light_after_mixed.csv
Total size: 113897500, Field length average: 11389
Workload file fieldlength set to: 11389 (expected: 11389)
=== Executing the load phase for the comparison study ===
Comparison-load verification - Epoch:8 Run:8 TotalSize:113890000 ExpectedFieldLength:11389
Avg-run verification - Epoch:8 Run:8 Iteration:78 TotalSize:113890000 ExpectedFieldLength:11389
=== Executing the run phase with extendproportion=0 and read/update proportions=0.5 ===
Arrangement completed. Output saved to ../analysis/Data/Workload_data/postgresql_arrayjson_vacuum_notfull_run1_zipfian_light_mixed.csv
=== Setting parameter values for extend phase ===
=== Executing the extend phase with extendproportion=1 and other proportions=0 ===
Arrangement completed. Output saved to ../analysis/Data/Workload_data/postgresql_arrayjson_vacuum_notfull_run1_zipfian_light_mixed.csv
Size computation started
Extend verification - Min:103200 Max:154800 Avg:114940 (Expected avg per record: ~1000 bytes initially)
Generating histogram from key size log: key_sizes_postgresql_arrayjson_vacuum_notfull_zipfian_light_mixed_run1.csv
Histogram written to histogram.txt (BlockSize = 100)
Appending subsequent iteration 79...
Iteration 79: Appended new size values from key_sizes_postgresql_arrayjson_vacuum_notfull_zipfian_light_mixed_run1.csv to ../analysis/Data/Value_size_data/value_sizes_postgresql_arrayjson_vacuum_notfull_run1_zipfian_light_before_mixed.csv
VACUUM start: 1774607119
VACUUM end: 1774607121
=== Setting parameter values for run phase ===
Checking query plan before run phase
=== Executing the run phase with extendproportion=0 and read/update proportions=0.5 ===
Arrangement completed. Output saved to ../analysis/Data/Workload_data/postgresql_arrayjson_vacuum_notfull_run1_zipfian_light_mixed.csv
Arrangement completed. Output saved to ../analysis/Data/Workload_data/postgresql_arrayjson_vacuum_notfull_run1_zipfian_light_mixed.csv
Backing up the database started
Backing up the database finished
Arrangement completed. Output saved to ../analysis/Data/Workload_data/postgresql_arrayjson_vacuum_notfull_run1_zipfian_light_mixed.csv
Size computation started
Appending subsequent iteration 79...
Iteration 79: Appended new size values from key_sizes_postgresql_arrayjson_vacuum_notfull_zipfian_light_mixed_run1.csv to ../analysis/Data/Value_size_data/value_sizes_postgresql_arrayjson_vacuum_notfull_run1_zipfian_light_after_mixed.csv
Total size: 115389100, Field length average: 11538
Workload file fieldlength set to: 11538 (expected: 11538)
=== Executing the load phase for the comparison study ===
Comparison-load verification - Epoch:8 Run:9 TotalSize:115380000 ExpectedFieldLength:11538
Avg-run verification - Epoch:8 Run:9 Iteration:79 TotalSize:115380000 ExpectedFieldLength:11538
=== Executing the run phase with extendproportion=0 and read/update proportions=0.5 ===
Arrangement completed. Output saved to ../analysis/Data/Workload_data/postgresql_arrayjson_vacuum_notfull_run1_zipfian_light_mixed.csv
=== Setting parameter values for extend phase ===
=== Executing the extend phase with extendproportion=1 and other proportions=0 ===
Arrangement completed. Output saved to ../analysis/Data/Workload_data/postgresql_arrayjson_vacuum_notfull_run1_zipfian_light_mixed.csv
Size computation started
Extend verification - Min:103600 Max:155900 Avg:116310 (Expected avg per record: ~1000 bytes initially)
Generating histogram from key size log: key_sizes_postgresql_arrayjson_vacuum_notfull_zipfian_light_mixed_run1.csv
Histogram written to histogram.txt (BlockSize = 100)
Appending subsequent iteration 80...
Iteration 80: Appended new size values from key_sizes_postgresql_arrayjson_vacuum_notfull_zipfian_light_mixed_run1.csv to ../analysis/Data/Value_size_data/value_sizes_postgresql_arrayjson_vacuum_notfull_run1_zipfian_light_before_mixed.csv
VACUUM start: 1774607546
VACUUM end: 1774607548
=== Setting parameter values for run phase ===
Checking query plan before run phase
=== Executing the run phase with extendproportion=0 and read/update proportions=0.5 ===
Arrangement completed. Output saved to ../analysis/Data/Workload_data/postgresql_arrayjson_vacuum_notfull_run1_zipfian_light_mixed.csv
Arrangement completed. Output saved to ../analysis/Data/Workload_data/postgresql_arrayjson_vacuum_notfull_run1_zipfian_light_mixed.csv
Backing up the database started
Backing up the database finished
Arrangement completed. Output saved to ../analysis/Data/Workload_data/postgresql_arrayjson_vacuum_notfull_run1_zipfian_light_mixed.csv
Size computation started
Appending subsequent iteration 80...
Iteration 80: Appended new size values from key_sizes_postgresql_arrayjson_vacuum_notfull_zipfian_light_mixed_run1.csv to ../analysis/Data/Value_size_data/value_sizes_postgresql_arrayjson_vacuum_notfull_run1_zipfian_light_after_mixed.csv
Total size: 116767800, Field length average: 11676
Workload file fieldlength set to: 11676 (expected: 11676)
=== Executing the load phase for the comparison study ===
Comparison-load verification - Epoch:8 Run:10 TotalSize:116760000 ExpectedFieldLength:11676
Avg-run verification - Epoch:8 Run:10 Iteration:80 TotalSize:116760000 ExpectedFieldLength:11676
=== Executing the run phase with extendproportion=0 and read/update proportions=0.5 ===
Arrangement completed. Output saved to ../analysis/Data/Workload_data/postgresql_arrayjson_vacuum_notfull_run1_zipfian_light_mixed.csv
=== Setting parameter values for extend phase ===
=== Executing the extend phase with extendproportion=1 and other proportions=0 ===
Arrangement completed. Output saved to ../analysis/Data/Workload_data/postgresql_arrayjson_vacuum_notfull_run1_zipfian_light_mixed.csv
Size computation started
Extend verification - Min:105300 Max:153000 Avg:117712 (Expected avg per record: ~1000 bytes initially)
Generating histogram from key size log: key_sizes_postgresql_arrayjson_vacuum_notfull_zipfian_light_mixed_run1.csv
Histogram written to histogram.txt (BlockSize = 100)
Appending subsequent iteration 81...
Iteration 81: Appended new size values from key_sizes_postgresql_arrayjson_vacuum_notfull_zipfian_light_mixed_run1.csv to ../analysis/Data/Value_size_data/value_sizes_postgresql_arrayjson_vacuum_notfull_run1_zipfian_light_before_mixed.csv
VACUUM start: 1774607970
VACUUM end: 1774607972
=== Setting parameter values for run phase ===
Checking query plan before run phase
=== Executing the run phase with extendproportion=0 and read/update proportions=0.5 ===
Arrangement completed. Output saved to ../analysis/Data/Workload_data/postgresql_arrayjson_vacuum_notfull_run1_zipfian_light_mixed.csv
Arrangement completed. Output saved to ../analysis/Data/Workload_data/postgresql_arrayjson_vacuum_notfull_run1_zipfian_light_mixed.csv
Backing up the database started
Backing up the database finished
Arrangement completed. Output saved to ../analysis/Data/Workload_data/postgresql_arrayjson_vacuum_notfull_run1_zipfian_light_mixed.csv
Size computation started
Appending subsequent iteration 81...
Iteration 81: Appended new size values from key_sizes_postgresql_arrayjson_vacuum_notfull_zipfian_light_mixed_run1.csv to ../analysis/Data/Value_size_data/value_sizes_postgresql_arrayjson_vacuum_notfull_run1_zipfian_light_after_mixed.csv
Total size: 118169300, Field length average: 11816
Workload file fieldlength set to: 11816 (expected: 11816)
=== Executing the load phase for the comparison study ===
Comparison-load verification - Epoch:9 Run:1 TotalSize:118160000 ExpectedFieldLength:11816
Avg-run verification - Epoch:9 Run:1 Iteration:81 TotalSize:118160000 ExpectedFieldLength:11816
=== Executing the run phase with extendproportion=0 and read/update proportions=0.5 ===
Arrangement completed. Output saved to ../analysis/Data/Workload_data/postgresql_arrayjson_vacuum_notfull_run1_zipfian_light_mixed.csv
=== Setting parameter values for extend phase ===
=== Executing the extend phase with extendproportion=1 and other proportions=0 ===
Arrangement completed. Output saved to ../analysis/Data/Workload_data/postgresql_arrayjson_vacuum_notfull_run1_zipfian_light_mixed.csv
Size computation started
Extend verification - Min:106800 Max:156600 Avg:119148 (Expected avg per record: ~1000 bytes initially)
Generating histogram from key size log: key_sizes_postgresql_arrayjson_vacuum_notfull_zipfian_light_mixed_run1.csv
Histogram written to histogram.txt (BlockSize = 100)
Appending subsequent iteration 82...
Iteration 82: Appended new size values from key_sizes_postgresql_arrayjson_vacuum_notfull_zipfian_light_mixed_run1.csv to ../analysis/Data/Value_size_data/value_sizes_postgresql_arrayjson_vacuum_notfull_run1_zipfian_light_before_mixed.csv
VACUUM start: 1774608400
VACUUM end: 1774608402
=== Setting parameter values for run phase ===
Checking query plan before run phase
=== Executing the run phase with extendproportion=0 and read/update proportions=0.5 ===
Arrangement completed. Output saved to ../analysis/Data/Workload_data/postgresql_arrayjson_vacuum_notfull_run1_zipfian_light_mixed.csv
Arrangement completed. Output saved to ../analysis/Data/Workload_data/postgresql_arrayjson_vacuum_notfull_run1_zipfian_light_mixed.csv
Backing up the database started
Backing up the database finished
Arrangement completed. Output saved to ../analysis/Data/Workload_data/postgresql_arrayjson_vacuum_notfull_run1_zipfian_light_mixed.csv
Size computation started
Appending subsequent iteration 82...
Iteration 82: Appended new size values from key_sizes_postgresql_arrayjson_vacuum_notfull_zipfian_light_mixed_run1.csv to ../analysis/Data/Value_size_data/value_sizes_postgresql_arrayjson_vacuum_notfull_run1_zipfian_light_after_mixed.csv
Total size: 119484500, Field length average: 11948
Workload file fieldlength set to: 11948 (expected: 11948)
=== Executing the load phase for the comparison study ===
Comparison-load verification - Epoch:9 Run:2 TotalSize:119480000 ExpectedFieldLength:11948
Avg-run verification - Epoch:9 Run:2 Iteration:82 TotalSize:119480000 ExpectedFieldLength:11948
=== Executing the run phase with extendproportion=0 and read/update proportions=0.5 ===
Arrangement completed. Output saved to ../analysis/Data/Workload_data/postgresql_arrayjson_vacuum_notfull_run1_zipfian_light_mixed.csv
=== Setting parameter values for extend phase ===
=== Executing the extend phase with extendproportion=1 and other proportions=0 ===
Arrangement completed. Output saved to ../analysis/Data/Workload_data/postgresql_arrayjson_vacuum_notfull_run1_zipfian_light_mixed.csv
Size computation started
Extend verification - Min:107000 Max:157000 Avg:120506 (Expected avg per record: ~1000 bytes initially)
Generating histogram from key size log: key_sizes_postgresql_arrayjson_vacuum_notfull_zipfian_light_mixed_run1.csv
Histogram written to histogram.txt (BlockSize = 100)
Appending subsequent iteration 83...
Iteration 83: Appended new size values from key_sizes_postgresql_arrayjson_vacuum_notfull_zipfian_light_mixed_run1.csv to ../analysis/Data/Value_size_data/value_sizes_postgresql_arrayjson_vacuum_notfull_run1_zipfian_light_before_mixed.csv
VACUUM start: 1774608837
VACUUM end: 1774608839
=== Setting parameter values for run phase ===
Checking query plan before run phase
=== Executing the run phase with extendproportion=0 and read/update proportions=0.5 ===
Arrangement completed. Output saved to ../analysis/Data/Workload_data/postgresql_arrayjson_vacuum_notfull_run1_zipfian_light_mixed.csv
Arrangement completed. Output saved to ../analysis/Data/Workload_data/postgresql_arrayjson_vacuum_notfull_run1_zipfian_light_mixed.csv
Backing up the database started
Backing up the database finished
Arrangement completed. Output saved to ../analysis/Data/Workload_data/postgresql_arrayjson_vacuum_notfull_run1_zipfian_light_mixed.csv
Size computation started
Appending subsequent iteration 83...
Iteration 83: Appended new size values from key_sizes_postgresql_arrayjson_vacuum_notfull_zipfian_light_mixed_run1.csv to ../analysis/Data/Value_size_data/value_sizes_postgresql_arrayjson_vacuum_notfull_run1_zipfian_light_after_mixed.csv
Total size: 120942800, Field length average: 12094
Workload file fieldlength set to: 12094 (expected: 12094)
=== Executing the load phase for the comparison study ===
Comparison-load verification - Epoch:9 Run:3 TotalSize:120940000 ExpectedFieldLength:12094
Avg-run verification - Epoch:9 Run:3 Iteration:83 TotalSize:120940000 ExpectedFieldLength:12094
=== Executing the run phase with extendproportion=0 and read/update proportions=0.5 ===
Arrangement completed. Output saved to ../analysis/Data/Workload_data/postgresql_arrayjson_vacuum_notfull_run1_zipfian_light_mixed.csv
=== Setting parameter values for extend phase ===
=== Executing the extend phase with extendproportion=1 and other proportions=0 ===
Arrangement completed. Output saved to ../analysis/Data/Workload_data/postgresql_arrayjson_vacuum_notfull_run1_zipfian_light_mixed.csv
Size computation started
Extend verification - Min:108900 Max:156200 Avg:121938 (Expected avg per record: ~1000 bytes initially)
Generating histogram from key size log: key_sizes_postgresql_arrayjson_vacuum_notfull_zipfian_light_mixed_run1.csv
Histogram written to histogram.txt (BlockSize = 100)
Appending subsequent iteration 84...
Iteration 84: Appended new size values from key_sizes_postgresql_arrayjson_vacuum_notfull_zipfian_light_mixed_run1.csv to ../analysis/Data/Value_size_data/value_sizes_postgresql_arrayjson_vacuum_notfull_run1_zipfian_light_before_mixed.csv
VACUUM start: 1774609277
VACUUM end: 1774609280
=== Setting parameter values for run phase ===
Checking query plan before run phase
=== Executing the run phase with extendproportion=0 and read/update proportions=0.5 ===
Arrangement completed. Output saved to ../analysis/Data/Workload_data/postgresql_arrayjson_vacuum_notfull_run1_zipfian_light_mixed.csv
Arrangement completed. Output saved to ../analysis/Data/Workload_data/postgresql_arrayjson_vacuum_notfull_run1_zipfian_light_mixed.csv
Backing up the database started
Backing up the database finished
Arrangement completed. Output saved to ../analysis/Data/Workload_data/postgresql_arrayjson_vacuum_notfull_run1_zipfian_light_mixed.csv
Size computation started
Appending subsequent iteration 84...
Iteration 84: Appended new size values from key_sizes_postgresql_arrayjson_vacuum_notfull_zipfian_light_mixed_run1.csv to ../analysis/Data/Value_size_data/value_sizes_postgresql_arrayjson_vacuum_notfull_run1_zipfian_light_after_mixed.csv
Total size: 122404100, Field length average: 12240
Workload file fieldlength set to: 12240 (expected: 12240)
=== Executing the load phase for the comparison study ===
Comparison-load verification - Epoch:9 Run:4 TotalSize:122400000 ExpectedFieldLength:12240
Avg-run verification - Epoch:9 Run:4 Iteration:84 TotalSize:122400000 ExpectedFieldLength:12240
=== Executing the run phase with extendproportion=0 and read/update proportions=0.5 ===
Arrangement completed. Output saved to ../analysis/Data/Workload_data/postgresql_arrayjson_vacuum_notfull_run1_zipfian_light_mixed.csv
=== Setting parameter values for extend phase ===
=== Executing the extend phase with extendproportion=1 and other proportions=0 ===
Arrangement completed. Output saved to ../analysis/Data/Workload_data/postgresql_arrayjson_vacuum_notfull_run1_zipfian_light_mixed.csv
Size computation started
Extend verification - Min:110400 Max:159000 Avg:123278 (Expected avg per record: ~1000 bytes initially)
Generating histogram from key size log: key_sizes_postgresql_arrayjson_vacuum_notfull_zipfian_light_mixed_run1.csv
Histogram written to histogram.txt (BlockSize = 100)
Appending subsequent iteration 85...
Iteration 85: Appended new size values from key_sizes_postgresql_arrayjson_vacuum_notfull_zipfian_light_mixed_run1.csv to ../analysis/Data/Value_size_data/value_sizes_postgresql_arrayjson_vacuum_notfull_run1_zipfian_light_before_mixed.csv
VACUUM start: 1774609720
VACUUM end: 1774609722
=== Setting parameter values for run phase ===
Checking query plan before run phase
=== Executing the run phase with extendproportion=0 and read/update proportions=0.5 ===
Arrangement completed. Output saved to ../analysis/Data/Workload_data/postgresql_arrayjson_vacuum_notfull_run1_zipfian_light_mixed.csv
Arrangement completed. Output saved to ../analysis/Data/Workload_data/postgresql_arrayjson_vacuum_notfull_run1_zipfian_light_mixed.csv
Backing up the database started
Backing up the database finished
Arrangement completed. Output saved to ../analysis/Data/Workload_data/postgresql_arrayjson_vacuum_notfull_run1_zipfian_light_mixed.csv
Size computation started
Appending subsequent iteration 85...
Iteration 85: Appended new size values from key_sizes_postgresql_arrayjson_vacuum_notfull_zipfian_light_mixed_run1.csv to ../analysis/Data/Value_size_data/value_sizes_postgresql_arrayjson_vacuum_notfull_run1_zipfian_light_after_mixed.csv
Total size: 123621800, Field length average: 12362
Workload file fieldlength set to: 12362 (expected: 12362)
=== Executing the load phase for the comparison study ===
Comparison-load verification - Epoch:9 Run:5 TotalSize:123620000 ExpectedFieldLength:12362
Avg-run verification - Epoch:9 Run:5 Iteration:85 TotalSize:123620000 ExpectedFieldLength:12362
=== Executing the run phase with extendproportion=0 and read/update proportions=0.5 ===
Arrangement completed. Output saved to ../analysis/Data/Workload_data/postgresql_arrayjson_vacuum_notfull_run1_zipfian_light_mixed.csv
=== Setting parameter values for extend phase ===
=== Executing the extend phase with extendproportion=1 and other proportions=0 ===
Arrangement completed. Output saved to ../analysis/Data/Workload_data/postgresql_arrayjson_vacuum_notfull_run1_zipfian_light_mixed.csv
Size computation started
Extend verification - Min:111800 Max:165000 Avg:124649 (Expected avg per record: ~1000 bytes initially)
Generating histogram from key size log: key_sizes_postgresql_arrayjson_vacuum_notfull_zipfian_light_mixed_run1.csv
Histogram written to histogram.txt (BlockSize = 100)
Appending subsequent iteration 86...
Iteration 86: Appended new size values from key_sizes_postgresql_arrayjson_vacuum_notfull_zipfian_light_mixed_run1.csv to ../analysis/Data/Value_size_data/value_sizes_postgresql_arrayjson_vacuum_notfull_run1_zipfian_light_before_mixed.csv
VACUUM start: 1774610165
VACUUM end: 1774610166
=== Setting parameter values for run phase ===
Checking query plan before run phase
=== Executing the run phase with extendproportion=0 and read/update proportions=0.5 ===
Arrangement completed. Output saved to ../analysis/Data/Workload_data/postgresql_arrayjson_vacuum_notfull_run1_zipfian_light_mixed.csv
Arrangement completed. Output saved to ../analysis/Data/Workload_data/postgresql_arrayjson_vacuum_notfull_run1_zipfian_light_mixed.csv
Backing up the database started
Backing up the database finished
Arrangement completed. Output saved to ../analysis/Data/Workload_data/postgresql_arrayjson_vacuum_notfull_run1_zipfian_light_mixed.csv
Size computation started
Appending subsequent iteration 86...
Iteration 86: Appended new size values from key_sizes_postgresql_arrayjson_vacuum_notfull_zipfian_light_mixed_run1.csv to ../analysis/Data/Value_size_data/value_sizes_postgresql_arrayjson_vacuum_notfull_run1_zipfian_light_after_mixed.csv
Total size: 124978300, Field length average: 12497
Workload file fieldlength set to: 12497 (expected: 12497)
=== Executing the load phase for the comparison study ===
Comparison-load verification - Epoch:9 Run:6 TotalSize:124970000 ExpectedFieldLength:12497
Avg-run verification - Epoch:9 Run:6 Iteration:86 TotalSize:124970000 ExpectedFieldLength:12497
=== Executing the run phase with extendproportion=0 and read/update proportions=0.5 ===
Arrangement completed. Output saved to ../analysis/Data/Workload_data/postgresql_arrayjson_vacuum_notfull_run1_zipfian_light_mixed.csv
=== Setting parameter values for extend phase ===
=== Executing the extend phase with extendproportion=1 and other proportions=0 ===
Arrangement completed. Output saved to ../analysis/Data/Workload_data/postgresql_arrayjson_vacuum_notfull_run1_zipfian_light_mixed.csv
Size computation started
Extend verification - Min:112900 Max:160700 Avg:126019 (Expected avg per record: ~1000 bytes initially)
Generating histogram from key size log: key_sizes_postgresql_arrayjson_vacuum_notfull_zipfian_light_mixed_run1.csv
Histogram written to histogram.txt (BlockSize = 100)
Appending subsequent iteration 87...
Iteration 87: Appended new size values from key_sizes_postgresql_arrayjson_vacuum_notfull_zipfian_light_mixed_run1.csv to ../analysis/Data/Value_size_data/value_sizes_postgresql_arrayjson_vacuum_notfull_run1_zipfian_light_before_mixed.csv
VACUUM start: 1774610611
VACUUM end: 1774610613
=== Setting parameter values for run phase ===
Checking query plan before run phase
=== Executing the run phase with extendproportion=0 and read/update proportions=0.5 ===
Arrangement completed. Output saved to ../analysis/Data/Workload_data/postgresql_arrayjson_vacuum_notfull_run1_zipfian_light_mixed.csv
Arrangement completed. Output saved to ../analysis/Data/Workload_data/postgresql_arrayjson_vacuum_notfull_run1_zipfian_light_mixed.csv
Backing up the database started
Backing up the database finished
Arrangement completed. Output saved to ../analysis/Data/Workload_data/postgresql_arrayjson_vacuum_notfull_run1_zipfian_light_mixed.csv
Size computation started
Appending subsequent iteration 87...
Iteration 87: Appended new size values from key_sizes_postgresql_arrayjson_vacuum_notfull_zipfian_light_mixed_run1.csv to ../analysis/Data/Value_size_data/value_sizes_postgresql_arrayjson_vacuum_notfull_run1_zipfian_light_after_mixed.csv
Total size: 126413000, Field length average: 12641
Workload file fieldlength set to: 12641 (expected: 12641)
=== Executing the load phase for the comparison study ===
Comparison-load verification - Epoch:9 Run:7 TotalSize:126410000 ExpectedFieldLength:12641
Avg-run verification - Epoch:9 Run:7 Iteration:87 TotalSize:126410000 ExpectedFieldLength:12641
=== Executing the run phase with extendproportion=0 and read/update proportions=0.5 ===
Arrangement completed. Output saved to ../analysis/Data/Workload_data/postgresql_arrayjson_vacuum_notfull_run1_zipfian_light_mixed.csv
=== Setting parameter values for extend phase ===
=== Executing the extend phase with extendproportion=1 and other proportions=0 ===
Arrangement completed. Output saved to ../analysis/Data/Workload_data/postgresql_arrayjson_vacuum_notfull_run1_zipfian_light_mixed.csv
Size computation started
Extend verification - Min:113300 Max:163900 Avg:127395 (Expected avg per record: ~1000 bytes initially)
Generating histogram from key size log: key_sizes_postgresql_arrayjson_vacuum_notfull_zipfian_light_mixed_run1.csv
Histogram written to histogram.txt (BlockSize = 100)
Appending subsequent iteration 88...
Iteration 88: Appended new size values from key_sizes_postgresql_arrayjson_vacuum_notfull_zipfian_light_mixed_run1.csv to ../analysis/Data/Value_size_data/value_sizes_postgresql_arrayjson_vacuum_notfull_run1_zipfian_light_before_mixed.csv
VACUUM start: 1774611065
VACUUM end: 1774611066
=== Setting parameter values for run phase ===
Checking query plan before run phase
=== Executing the run phase with extendproportion=0 and read/update proportions=0.5 ===
Arrangement completed. Output saved to ../analysis/Data/Workload_data/postgresql_arrayjson_vacuum_notfull_run1_zipfian_light_mixed.csv
Arrangement completed. Output saved to ../analysis/Data/Workload_data/postgresql_arrayjson_vacuum_notfull_run1_zipfian_light_mixed.csv
Backing up the database started
Backing up the database finished
Arrangement completed. Output saved to ../analysis/Data/Workload_data/postgresql_arrayjson_vacuum_notfull_run1_zipfian_light_mixed.csv
Size computation started
Appending subsequent iteration 88...
Iteration 88: Appended new size values from key_sizes_postgresql_arrayjson_vacuum_notfull_zipfian_light_mixed_run1.csv to ../analysis/Data/Value_size_data/value_sizes_postgresql_arrayjson_vacuum_notfull_run1_zipfian_light_after_mixed.csv
Total size: 127832700, Field length average: 12783
Workload file fieldlength set to: 12783 (expected: 12783)
=== Executing the load phase for the comparison study ===
Comparison-load verification - Epoch:9 Run:8 TotalSize:127830000 ExpectedFieldLength:12783
Avg-run verification - Epoch:9 Run:8 Iteration:88 TotalSize:127830000 ExpectedFieldLength:12783
=== Executing the run phase with extendproportion=0 and read/update proportions=0.5 ===
Arrangement completed. Output saved to ../analysis/Data/Workload_data/postgresql_arrayjson_vacuum_notfull_run1_zipfian_light_mixed.csv
=== Setting parameter values for extend phase ===
=== Executing the extend phase with extendproportion=1 and other proportions=0 ===
Arrangement completed. Output saved to ../analysis/Data/Workload_data/postgresql_arrayjson_vacuum_notfull_run1_zipfian_light_mixed.csv
Size computation started
Extend verification - Min:116000 Max:166800 Avg:128796 (Expected avg per record: ~1000 bytes initially)
Generating histogram from key size log: key_sizes_postgresql_arrayjson_vacuum_notfull_zipfian_light_mixed_run1.csv
Histogram written to histogram.txt (BlockSize = 100)
Appending subsequent iteration 89...
Iteration 89: Appended new size values from key_sizes_postgresql_arrayjson_vacuum_notfull_zipfian_light_mixed_run1.csv to ../analysis/Data/Value_size_data/value_sizes_postgresql_arrayjson_vacuum_notfull_run1_zipfian_light_before_mixed.csv
VACUUM start: 1774611519
VACUUM end: 1774611521
=== Setting parameter values for run phase ===
Checking query plan before run phase
=== Executing the run phase with extendproportion=0 and read/update proportions=0.5 ===
Arrangement completed. Output saved to ../analysis/Data/Workload_data/postgresql_arrayjson_vacuum_notfull_run1_zipfian_light_mixed.csv
Arrangement completed. Output saved to ../analysis/Data/Workload_data/postgresql_arrayjson_vacuum_notfull_run1_zipfian_light_mixed.csv
Backing up the database started
Backing up the database finished
Arrangement completed. Output saved to ../analysis/Data/Workload_data/postgresql_arrayjson_vacuum_notfull_run1_zipfian_light_mixed.csv
Size computation started
Appending subsequent iteration 89...
Iteration 89: Appended new size values from key_sizes_postgresql_arrayjson_vacuum_notfull_zipfian_light_mixed_run1.csv to ../analysis/Data/Value_size_data/value_sizes_postgresql_arrayjson_vacuum_notfull_run1_zipfian_light_after_mixed.csv
Total size: 129224200, Field length average: 12922
Workload file fieldlength set to: 12922 (expected: 12922)
=== Executing the load phase for the comparison study ===
Comparison-load verification - Epoch:9 Run:9 TotalSize:129220000 ExpectedFieldLength:12922
Avg-run verification - Epoch:9 Run:9 Iteration:89 TotalSize:129220000 ExpectedFieldLength:12922
=== Executing the run phase with extendproportion=0 and read/update proportions=0.5 ===
Arrangement completed. Output saved to ../analysis/Data/Workload_data/postgresql_arrayjson_vacuum_notfull_run1_zipfian_light_mixed.csv
=== Setting parameter values for extend phase ===
=== Executing the extend phase with extendproportion=1 and other proportions=0 ===
Arrangement completed. Output saved to ../analysis/Data/Workload_data/postgresql_arrayjson_vacuum_notfull_run1_zipfian_light_mixed.csv
Size computation started
Extend verification - Min:117000 Max:169100 Avg:130219 (Expected avg per record: ~1000 bytes initially)
Generating histogram from key size log: key_sizes_postgresql_arrayjson_vacuum_notfull_zipfian_light_mixed_run1.csv
Histogram written to histogram.txt (BlockSize = 100)
Appending subsequent iteration 90...
Iteration 90: Appended new size values from key_sizes_postgresql_arrayjson_vacuum_notfull_zipfian_light_mixed_run1.csv to ../analysis/Data/Value_size_data/value_sizes_postgresql_arrayjson_vacuum_notfull_run1_zipfian_light_before_mixed.csv
VACUUM start: 1774611982
VACUUM end: 1774611983
=== Setting parameter values for run phase ===
Checking query plan before run phase
=== Executing the run phase with extendproportion=0 and read/update proportions=0.5 ===
Arrangement completed. Output saved to ../analysis/Data/Workload_data/postgresql_arrayjson_vacuum_notfull_run1_zipfian_light_mixed.csv
Arrangement completed. Output saved to ../analysis/Data/Workload_data/postgresql_arrayjson_vacuum_notfull_run1_zipfian_light_mixed.csv
Backing up the database started
Backing up the database finished
Arrangement completed. Output saved to ../analysis/Data/Workload_data/postgresql_arrayjson_vacuum_notfull_run1_zipfian_light_mixed.csv
Size computation started
Appending subsequent iteration 90...
Iteration 90: Appended new size values from key_sizes_postgresql_arrayjson_vacuum_notfull_zipfian_light_mixed_run1.csv to ../analysis/Data/Value_size_data/value_sizes_postgresql_arrayjson_vacuum_notfull_run1_zipfian_light_after_mixed.csv
Total size: 130613200, Field length average: 13061
Workload file fieldlength set to: 13061 (expected: 13061)
=== Executing the load phase for the comparison study ===
Comparison-load verification - Epoch:9 Run:10 TotalSize:130610000 ExpectedFieldLength:13061
Avg-run verification - Epoch:9 Run:10 Iteration:90 TotalSize:130610000 ExpectedFieldLength:13061
=== Executing the run phase with extendproportion=0 and read/update proportions=0.5 ===
Arrangement completed. Output saved to ../analysis/Data/Workload_data/postgresql_arrayjson_vacuum_notfull_run1_zipfian_light_mixed.csv
=== Setting parameter values for extend phase ===
=== Executing the extend phase with extendproportion=1 and other proportions=0 ===
Arrangement completed. Output saved to ../analysis/Data/Workload_data/postgresql_arrayjson_vacuum_notfull_run1_zipfian_light_mixed.csv
Size computation started
Extend verification - Min:117500 Max:167400 Avg:131620 (Expected avg per record: ~1000 bytes initially)
Generating histogram from key size log: key_sizes_postgresql_arrayjson_vacuum_notfull_zipfian_light_mixed_run1.csv
Histogram written to histogram.txt (BlockSize = 100)
Appending subsequent iteration 91...
Iteration 91: Appended new size values from key_sizes_postgresql_arrayjson_vacuum_notfull_zipfian_light_mixed_run1.csv to ../analysis/Data/Value_size_data/value_sizes_postgresql_arrayjson_vacuum_notfull_run1_zipfian_light_before_mixed.csv
VACUUM start: 1774612440
VACUUM end: 1774612443
=== Setting parameter values for run phase ===
Checking query plan before run phase
=== Executing the run phase with extendproportion=0 and read/update proportions=0.5 ===
Arrangement completed. Output saved to ../analysis/Data/Workload_data/postgresql_arrayjson_vacuum_notfull_run1_zipfian_light_mixed.csv
Arrangement completed. Output saved to ../analysis/Data/Workload_data/postgresql_arrayjson_vacuum_notfull_run1_zipfian_light_mixed.csv
Backing up the database started
Backing up the database finished
Arrangement completed. Output saved to ../analysis/Data/Workload_data/postgresql_arrayjson_vacuum_notfull_run1_zipfian_light_mixed.csv
Size computation started
Appending subsequent iteration 91...
Iteration 91: Appended new size values from key_sizes_postgresql_arrayjson_vacuum_notfull_zipfian_light_mixed_run1.csv to ../analysis/Data/Value_size_data/value_sizes_postgresql_arrayjson_vacuum_notfull_run1_zipfian_light_after_mixed.csv
Total size: 131955500, Field length average: 13195
Workload file fieldlength set to: 13195 (expected: 13195)
=== Executing the load phase for the comparison study ===
Comparison-load verification - Epoch:10 Run:1 TotalSize:131950000 ExpectedFieldLength:13195
Avg-run verification - Epoch:10 Run:1 Iteration:91 TotalSize:131950000 ExpectedFieldLength:13195
=== Executing the run phase with extendproportion=0 and read/update proportions=0.5 ===
Arrangement completed. Output saved to ../analysis/Data/Workload_data/postgresql_arrayjson_vacuum_notfull_run1_zipfian_light_mixed.csv
=== Setting parameter values for extend phase ===
=== Executing the extend phase with extendproportion=1 and other proportions=0 ===
Arrangement completed. Output saved to ../analysis/Data/Workload_data/postgresql_arrayjson_vacuum_notfull_run1_zipfian_light_mixed.csv
Size computation started
Extend verification - Min:119300 Max:170500 Avg:132971 (Expected avg per record: ~1000 bytes initially)
Generating histogram from key size log: key_sizes_postgresql_arrayjson_vacuum_notfull_zipfian_light_mixed_run1.csv
Histogram written to histogram.txt (BlockSize = 100)
Appending subsequent iteration 92...
Iteration 92: Appended new size values from key_sizes_postgresql_arrayjson_vacuum_notfull_zipfian_light_mixed_run1.csv to ../analysis/Data/Value_size_data/value_sizes_postgresql_arrayjson_vacuum_notfull_run1_zipfian_light_before_mixed.csv
VACUUM start: 1774612904
VACUUM end: 1774612906
=== Setting parameter values for run phase ===
Checking query plan before run phase
=== Executing the run phase with extendproportion=0 and read/update proportions=0.5 ===
Arrangement completed. Output saved to ../analysis/Data/Workload_data/postgresql_arrayjson_vacuum_notfull_run1_zipfian_light_mixed.csv
Arrangement completed. Output saved to ../analysis/Data/Workload_data/postgresql_arrayjson_vacuum_notfull_run1_zipfian_light_mixed.csv
Backing up the database started
Backing up the database finished
Arrangement completed. Output saved to ../analysis/Data/Workload_data/postgresql_arrayjson_vacuum_notfull_run1_zipfian_light_mixed.csv
Size computation started
Appending subsequent iteration 92...
Iteration 92: Appended new size values from key_sizes_postgresql_arrayjson_vacuum_notfull_zipfian_light_mixed_run1.csv to ../analysis/Data/Value_size_data/value_sizes_postgresql_arrayjson_vacuum_notfull_run1_zipfian_light_after_mixed.csv
Total size: 133355400, Field length average: 13335
Workload file fieldlength set to: 13335 (expected: 13335)
=== Executing the load phase for the comparison study ===
Comparison-load verification - Epoch:10 Run:2 TotalSize:133350000 ExpectedFieldLength:13335
Avg-run verification - Epoch:10 Run:2 Iteration:92 TotalSize:133350000 ExpectedFieldLength:13335
=== Executing the run phase with extendproportion=0 and read/update proportions=0.5 ===
Arrangement completed. Output saved to ../analysis/Data/Workload_data/postgresql_arrayjson_vacuum_notfull_run1_zipfian_light_mixed.csv
=== Setting parameter values for extend phase ===
=== Executing the extend phase with extendproportion=1 and other proportions=0 ===
Arrangement completed. Output saved to ../analysis/Data/Workload_data/postgresql_arrayjson_vacuum_notfull_run1_zipfian_light_mixed.csv
Size computation started
Extend verification - Min:120500 Max:172500 Avg:134345 (Expected avg per record: ~1000 bytes initially)
Generating histogram from key size log: key_sizes_postgresql_arrayjson_vacuum_notfull_zipfian_light_mixed_run1.csv
Histogram written to histogram.txt (BlockSize = 100)
Appending subsequent iteration 93...
Iteration 93: Appended new size values from key_sizes_postgresql_arrayjson_vacuum_notfull_zipfian_light_mixed_run1.csv to ../analysis/Data/Value_size_data/value_sizes_postgresql_arrayjson_vacuum_notfull_run1_zipfian_light_before_mixed.csv
VACUUM start: 1774613369
VACUUM end: 1774613371
=== Setting parameter values for run phase ===
Checking query plan before run phase
=== Executing the run phase with extendproportion=0 and read/update proportions=0.5 ===
Arrangement completed. Output saved to ../analysis/Data/Workload_data/postgresql_arrayjson_vacuum_notfull_run1_zipfian_light_mixed.csv
Arrangement completed. Output saved to ../analysis/Data/Workload_data/postgresql_arrayjson_vacuum_notfull_run1_zipfian_light_mixed.csv
Backing up the database started
Backing up the database finished
Arrangement completed. Output saved to ../analysis/Data/Workload_data/postgresql_arrayjson_vacuum_notfull_run1_zipfian_light_mixed.csv
Size computation started
Appending subsequent iteration 93...
Iteration 93: Appended new size values from key_sizes_postgresql_arrayjson_vacuum_notfull_zipfian_light_mixed_run1.csv to ../analysis/Data/Value_size_data/value_sizes_postgresql_arrayjson_vacuum_notfull_run1_zipfian_light_after_mixed.csv
Total size: 134643600, Field length average: 13464
Workload file fieldlength set to: 13464 (expected: 13464)
=== Executing the load phase for the comparison study ===
Comparison-load verification - Epoch:10 Run:3 TotalSize:134640000 ExpectedFieldLength:13464
Avg-run verification - Epoch:10 Run:3 Iteration:93 TotalSize:134640000 ExpectedFieldLength:13464
=== Executing the run phase with extendproportion=0 and read/update proportions=0.5 ===
Arrangement completed. Output saved to ../analysis/Data/Workload_data/postgresql_arrayjson_vacuum_notfull_run1_zipfian_light_mixed.csv
=== Setting parameter values for extend phase ===
=== Executing the extend phase with extendproportion=1 and other proportions=0 ===
Arrangement completed. Output saved to ../analysis/Data/Workload_data/postgresql_arrayjson_vacuum_notfull_run1_zipfian_light_mixed.csv
Size computation started
Extend verification - Min:121200 Max:173400 Avg:135660 (Expected avg per record: ~1000 bytes initially)
Generating histogram from key size log: key_sizes_postgresql_arrayjson_vacuum_notfull_zipfian_light_mixed_run1.csv
Histogram written to histogram.txt (BlockSize = 100)
Appending subsequent iteration 94...
Iteration 94: Appended new size values from key_sizes_postgresql_arrayjson_vacuum_notfull_zipfian_light_mixed_run1.csv to ../analysis/Data/Value_size_data/value_sizes_postgresql_arrayjson_vacuum_notfull_run1_zipfian_light_before_mixed.csv
VACUUM start: 1774613836
VACUUM end: 1774613840
=== Setting parameter values for run phase ===
Checking query plan before run phase
=== Executing the run phase with extendproportion=0 and read/update proportions=0.5 ===
Arrangement completed. Output saved to ../analysis/Data/Workload_data/postgresql_arrayjson_vacuum_notfull_run1_zipfian_light_mixed.csv
Arrangement completed. Output saved to ../analysis/Data/Workload_data/postgresql_arrayjson_vacuum_notfull_run1_zipfian_light_mixed.csv
Backing up the database started
Backing up the database finished
Arrangement completed. Output saved to ../analysis/Data/Workload_data/postgresql_arrayjson_vacuum_notfull_run1_zipfian_light_mixed.csv
Size computation started
Appending subsequent iteration 94...
Iteration 94: Appended new size values from key_sizes_postgresql_arrayjson_vacuum_notfull_zipfian_light_mixed_run1.csv to ../analysis/Data/Value_size_data/value_sizes_postgresql_arrayjson_vacuum_notfull_run1_zipfian_light_after_mixed.csv
Total size: 136005900, Field length average: 13600
Workload file fieldlength set to: 13600 (expected: 13600)
=== Executing the load phase for the comparison study ===
Comparison-load verification - Epoch:10 Run:4 TotalSize:136000000 ExpectedFieldLength:13600
Avg-run verification - Epoch:10 Run:4 Iteration:94 TotalSize:136000000 ExpectedFieldLength:13600
=== Executing the run phase with extendproportion=0 and read/update proportions=0.5 ===
Arrangement completed. Output saved to ../analysis/Data/Workload_data/postgresql_arrayjson_vacuum_notfull_run1_zipfian_light_mixed.csv
=== Setting parameter values for extend phase ===
=== Executing the extend phase with extendproportion=1 and other proportions=0 ===
Arrangement completed. Output saved to ../analysis/Data/Workload_data/postgresql_arrayjson_vacuum_notfull_run1_zipfian_light_mixed.csv
Size computation started
Extend verification - Min:121200 Max:178600 Avg:137011 (Expected avg per record: ~1000 bytes initially)
Generating histogram from key size log: key_sizes_postgresql_arrayjson_vacuum_notfull_zipfian_light_mixed_run1.csv
Histogram written to histogram.txt (BlockSize = 100)
Appending subsequent iteration 95...
Iteration 95: Appended new size values from key_sizes_postgresql_arrayjson_vacuum_notfull_zipfian_light_mixed_run1.csv to ../analysis/Data/Value_size_data/value_sizes_postgresql_arrayjson_vacuum_notfull_run1_zipfian_light_before_mixed.csv
VACUUM start: 1774614308
VACUUM end: 1774614310
=== Setting parameter values for run phase ===
Checking query plan before run phase
=== Executing the run phase with extendproportion=0 and read/update proportions=0.5 ===
Arrangement completed. Output saved to ../analysis/Data/Workload_data/postgresql_arrayjson_vacuum_notfull_run1_zipfian_light_mixed.csv
Arrangement completed. Output saved to ../analysis/Data/Workload_data/postgresql_arrayjson_vacuum_notfull_run1_zipfian_light_mixed.csv
Backing up the database started
Backing up the database finished
Arrangement completed. Output saved to ../analysis/Data/Workload_data/postgresql_arrayjson_vacuum_notfull_run1_zipfian_light_mixed.csv
Size computation started
Appending subsequent iteration 95...
Iteration 95: Appended new size values from key_sizes_postgresql_arrayjson_vacuum_notfull_zipfian_light_mixed_run1.csv to ../analysis/Data/Value_size_data/value_sizes_postgresql_arrayjson_vacuum_notfull_run1_zipfian_light_after_mixed.csv
Total size: 137426100, Field length average: 13742
Workload file fieldlength set to: 13742 (expected: 13742)
=== Executing the load phase for the comparison study ===
Comparison-load verification - Epoch:10 Run:5 TotalSize:137420000 ExpectedFieldLength:13742
Avg-run verification - Epoch:10 Run:5 Iteration:95 TotalSize:137420000 ExpectedFieldLength:13742
=== Executing the run phase with extendproportion=0 and read/update proportions=0.5 ===
Arrangement completed. Output saved to ../analysis/Data/Workload_data/postgresql_arrayjson_vacuum_notfull_run1_zipfian_light_mixed.csv
=== Setting parameter values for extend phase ===
=== Executing the extend phase with extendproportion=1 and other proportions=0 ===
Arrangement completed. Output saved to ../analysis/Data/Workload_data/postgresql_arrayjson_vacuum_notfull_run1_zipfian_light_mixed.csv
Size computation started
Extend verification - Min:124300 Max:180600 Avg:138398 (Expected avg per record: ~1000 bytes initially)
Generating histogram from key size log: key_sizes_postgresql_arrayjson_vacuum_notfull_zipfian_light_mixed_run1.csv
Histogram written to histogram.txt (BlockSize = 100)
Appending subsequent iteration 96...
Iteration 96: Appended new size values from key_sizes_postgresql_arrayjson_vacuum_notfull_zipfian_light_mixed_run1.csv to ../analysis/Data/Value_size_data/value_sizes_postgresql_arrayjson_vacuum_notfull_run1_zipfian_light_before_mixed.csv
VACUUM start: 1774614774
VACUUM end: 1774614776
=== Setting parameter values for run phase ===
Checking query plan before run phase
=== Executing the run phase with extendproportion=0 and read/update proportions=0.5 ===
Arrangement completed. Output saved to ../analysis/Data/Workload_data/postgresql_arrayjson_vacuum_notfull_run1_zipfian_light_mixed.csv
Arrangement completed. Output saved to ../analysis/Data/Workload_data/postgresql_arrayjson_vacuum_notfull_run1_zipfian_light_mixed.csv
Backing up the database started
Backing up the database finished
Arrangement completed. Output saved to ../analysis/Data/Workload_data/postgresql_arrayjson_vacuum_notfull_run1_zipfian_light_mixed.csv
Size computation started
Appending subsequent iteration 96...
Iteration 96: Appended new size values from key_sizes_postgresql_arrayjson_vacuum_notfull_zipfian_light_mixed_run1.csv to ../analysis/Data/Value_size_data/value_sizes_postgresql_arrayjson_vacuum_notfull_run1_zipfian_light_after_mixed.csv
Total size: 138809200, Field length average: 13880
Workload file fieldlength set to: 13880 (expected: 13880)
=== Executing the load phase for the comparison study ===
Comparison-load verification - Epoch:10 Run:6 TotalSize:138800000 ExpectedFieldLength:13880
Avg-run verification - Epoch:10 Run:6 Iteration:96 TotalSize:138800000 ExpectedFieldLength:13880
=== Executing the run phase with extendproportion=0 and read/update proportions=0.5 ===
Arrangement completed. Output saved to ../analysis/Data/Workload_data/postgresql_arrayjson_vacuum_notfull_run1_zipfian_light_mixed.csv
=== Setting parameter values for extend phase ===
=== Executing the extend phase with extendproportion=1 and other proportions=0 ===
Arrangement completed. Output saved to ../analysis/Data/Workload_data/postgresql_arrayjson_vacuum_notfull_run1_zipfian_light_mixed.csv
Size computation started
Extend verification - Min:125400 Max:176800 Avg:139784 (Expected avg per record: ~1000 bytes initially)
Generating histogram from key size log: key_sizes_postgresql_arrayjson_vacuum_notfull_zipfian_light_mixed_run1.csv
Histogram written to histogram.txt (BlockSize = 100)
Appending subsequent iteration 97...
Iteration 97: Appended new size values from key_sizes_postgresql_arrayjson_vacuum_notfull_zipfian_light_mixed_run1.csv to ../analysis/Data/Value_size_data/value_sizes_postgresql_arrayjson_vacuum_notfull_run1_zipfian_light_before_mixed.csv
VACUUM start: 1774615242
VACUUM end: 1774615244
=== Setting parameter values for run phase ===
Checking query plan before run phase
=== Executing the run phase with extendproportion=0 and read/update proportions=0.5 ===
Arrangement completed. Output saved to ../analysis/Data/Workload_data/postgresql_arrayjson_vacuum_notfull_run1_zipfian_light_mixed.csv
Arrangement completed. Output saved to ../analysis/Data/Workload_data/postgresql_arrayjson_vacuum_notfull_run1_zipfian_light_mixed.csv
Backing up the database started
Backing up the database finished
Arrangement completed. Output saved to ../analysis/Data/Workload_data/postgresql_arrayjson_vacuum_notfull_run1_zipfian_light_mixed.csv
Size computation started
Appending subsequent iteration 97...
Iteration 97: Appended new size values from key_sizes_postgresql_arrayjson_vacuum_notfull_zipfian_light_mixed_run1.csv to ../analysis/Data/Value_size_data/value_sizes_postgresql_arrayjson_vacuum_notfull_run1_zipfian_light_after_mixed.csv
Total size: 140205400, Field length average: 14020
Workload file fieldlength set to: 14020 (expected: 14020)
=== Executing the load phase for the comparison study ===
Comparison-load verification - Epoch:10 Run:7 TotalSize:140200000 ExpectedFieldLength:14020
Avg-run verification - Epoch:10 Run:7 Iteration:97 TotalSize:140200000 ExpectedFieldLength:14020
=== Executing the run phase with extendproportion=0 and read/update proportions=0.5 ===
Arrangement completed. Output saved to ../analysis/Data/Workload_data/postgresql_arrayjson_vacuum_notfull_run1_zipfian_light_mixed.csv
=== Setting parameter values for extend phase ===
=== Executing the extend phase with extendproportion=1 and other proportions=0 ===
Arrangement completed. Output saved to ../analysis/Data/Workload_data/postgresql_arrayjson_vacuum_notfull_run1_zipfian_light_mixed.csv
Size computation started
Extend verification - Min:125400 Max:179000 Avg:141128 (Expected avg per record: ~1000 bytes initially)
Generating histogram from key size log: key_sizes_postgresql_arrayjson_vacuum_notfull_zipfian_light_mixed_run1.csv
Histogram written to histogram.txt (BlockSize = 100)
Appending subsequent iteration 98...
Iteration 98: Appended new size values from key_sizes_postgresql_arrayjson_vacuum_notfull_zipfian_light_mixed_run1.csv to ../analysis/Data/Value_size_data/value_sizes_postgresql_arrayjson_vacuum_notfull_run1_zipfian_light_before_mixed.csv
VACUUM start: 1774615728
VACUUM end: 1774615730
=== Setting parameter values for run phase ===
Checking query plan before run phase
=== Executing the run phase with extendproportion=0 and read/update proportions=0.5 ===
Arrangement completed. Output saved to ../analysis/Data/Workload_data/postgresql_arrayjson_vacuum_notfull_run1_zipfian_light_mixed.csv
Arrangement completed. Output saved to ../analysis/Data/Workload_data/postgresql_arrayjson_vacuum_notfull_run1_zipfian_light_mixed.csv
Backing up the database started
Backing up the database finished
Arrangement completed. Output saved to ../analysis/Data/Workload_data/postgresql_arrayjson_vacuum_notfull_run1_zipfian_light_mixed.csv
Size computation started
Appending subsequent iteration 98...
Iteration 98: Appended new size values from key_sizes_postgresql_arrayjson_vacuum_notfull_zipfian_light_mixed_run1.csv to ../analysis/Data/Value_size_data/value_sizes_postgresql_arrayjson_vacuum_notfull_run1_zipfian_light_after_mixed.csv
Total size: 141433100, Field length average: 14143
Workload file fieldlength set to: 14143 (expected: 14143)
=== Executing the load phase for the comparison study ===
Comparison-load verification - Epoch:10 Run:8 TotalSize:141430000 ExpectedFieldLength:14143
Avg-run verification - Epoch:10 Run:8 Iteration:98 TotalSize:141430000 ExpectedFieldLength:14143
=== Executing the run phase with extendproportion=0 and read/update proportions=0.5 ===
Arrangement completed. Output saved to ../analysis/Data/Workload_data/postgresql_arrayjson_vacuum_notfull_run1_zipfian_light_mixed.csv
=== Setting parameter values for extend phase ===
=== Executing the extend phase with extendproportion=1 and other proportions=0 ===
Arrangement completed. Output saved to ../analysis/Data/Workload_data/postgresql_arrayjson_vacuum_notfull_run1_zipfian_light_mixed.csv
Size computation started
Extend verification - Min:127800 Max:183000 Avg:142445 (Expected avg per record: ~1000 bytes initially)
Generating histogram from key size log: key_sizes_postgresql_arrayjson_vacuum_notfull_zipfian_light_mixed_run1.csv
Histogram written to histogram.txt (BlockSize = 100)
Appending subsequent iteration 99...
Iteration 99: Appended new size values from key_sizes_postgresql_arrayjson_vacuum_notfull_zipfian_light_mixed_run1.csv to ../analysis/Data/Value_size_data/value_sizes_postgresql_arrayjson_vacuum_notfull_run1_zipfian_light_before_mixed.csv
VACUUM start: 1774616215
VACUUM end: 1774616217
=== Setting parameter values for run phase ===
Checking query plan before run phase
=== Executing the run phase with extendproportion=0 and read/update proportions=0.5 ===
Arrangement completed. Output saved to ../analysis/Data/Workload_data/postgresql_arrayjson_vacuum_notfull_run1_zipfian_light_mixed.csv
Arrangement completed. Output saved to ../analysis/Data/Workload_data/postgresql_arrayjson_vacuum_notfull_run1_zipfian_light_mixed.csv
Backing up the database started
Backing up the database finished
Arrangement completed. Output saved to ../analysis/Data/Workload_data/postgresql_arrayjson_vacuum_notfull_run1_zipfian_light_mixed.csv
Size computation started
Appending subsequent iteration 99...
Iteration 99: Appended new size values from key_sizes_postgresql_arrayjson_vacuum_notfull_zipfian_light_mixed_run1.csv to ../analysis/Data/Value_size_data/value_sizes_postgresql_arrayjson_vacuum_notfull_run1_zipfian_light_after_mixed.csv
Total size: 142729000, Field length average: 14272
Workload file fieldlength set to: 14272 (expected: 14272)
=== Executing the load phase for the comparison study ===
Comparison-load verification - Epoch:10 Run:9 TotalSize:142720000 ExpectedFieldLength:14272
Avg-run verification - Epoch:10 Run:9 Iteration:99 TotalSize:142720000 ExpectedFieldLength:14272
=== Executing the run phase with extendproportion=0 and read/update proportions=0.5 ===
Arrangement completed. Output saved to ../analysis/Data/Workload_data/postgresql_arrayjson_vacuum_notfull_run1_zipfian_light_mixed.csv
=== Setting parameter values for extend phase ===
=== Executing the extend phase with extendproportion=1 and other proportions=0 ===
Arrangement completed. Output saved to ../analysis/Data/Workload_data/postgresql_arrayjson_vacuum_notfull_run1_zipfian_light_mixed.csv
Size computation started
Extend verification - Min:128300 Max:180800 Avg:143760 (Expected avg per record: ~1000 bytes initially)
Generating histogram from key size log: key_sizes_postgresql_arrayjson_vacuum_notfull_zipfian_light_mixed_run1.csv
Histogram written to histogram.txt (BlockSize = 100)
Appending subsequent iteration 100...
Iteration 100: Appended new size values from key_sizes_postgresql_arrayjson_vacuum_notfull_zipfian_light_mixed_run1.csv to ../analysis/Data/Value_size_data/value_sizes_postgresql_arrayjson_vacuum_notfull_run1_zipfian_light_before_mixed.csv
VACUUM start: 1774616702
VACUUM end: 1774616705
=== Setting parameter values for run phase ===
Checking query plan before run phase
=== Executing the run phase with extendproportion=0 and read/update proportions=0.5 ===
Arrangement completed. Output saved to ../analysis/Data/Workload_data/postgresql_arrayjson_vacuum_notfull_run1_zipfian_light_mixed.csv
Arrangement completed. Output saved to ../analysis/Data/Workload_data/postgresql_arrayjson_vacuum_notfull_run1_zipfian_light_mixed.csv
Backing up the database started
Backing up the database finished
Arrangement completed. Output saved to ../analysis/Data/Workload_data/postgresql_arrayjson_vacuum_notfull_run1_zipfian_light_mixed.csv
Size computation started
Appending subsequent iteration 100...
Iteration 100: Appended new size values from key_sizes_postgresql_arrayjson_vacuum_notfull_zipfian_light_mixed_run1.csv to ../analysis/Data/Value_size_data/value_sizes_postgresql_arrayjson_vacuum_notfull_run1_zipfian_light_after_mixed.csv
Total size: 144144300, Field length average: 14414
Workload file fieldlength set to: 14414 (expected: 14414)
=== Executing the load phase for the comparison study ===
Comparison-load verification - Epoch:10 Run:10 TotalSize:144140000 ExpectedFieldLength:14414
Avg-run verification - Epoch:10 Run:10 Iteration:100 TotalSize:144140000 ExpectedFieldLength:14414
=== Executing the run phase with extendproportion=0 and read/update proportions=0.5 ===
Arrangement completed. Output saved to ../analysis/Data/Workload_data/postgresql_arrayjson_vacuum_notfull_run1_zipfian_light_mixed.csv
=== All steps completed. Results are logged in ./ycsb_postgresql_arrayjson_vacuum_notfull_zipfian_light_mixed_run1_results.log ===
