Initializing PostgreSQL database ycsb...
Done initializing ycsb.
Initializing PostgreSQL database ycsb_unchange...
Done initializing ycsb_unchange.
=== Executing the load phase ===
Initial-load verification - TotalSize:1000000 ExpectedFieldLength:100
Arrangement completed. Output saved to ../analysis/Data/Workload_data/postgresql_array_run1_zipfian_light.csv
Reference-load verification - TotalSize:1000000 ExpectedFieldLength:100
=== Setting parameter values for extend phase ===
=== Executing the extend phase with extendproportion=1 and other proportions=0 ===
Arrangement completed. Output saved to ../analysis/Data/Workload_data/postgresql_array_run1_zipfian_light.csv
Size computation started
Extend verification - Min:1000 Max:41100 Avg:2000 (Expected avg per record: ~1000 bytes initially)
Generating histogram from key size log: key_sizes.csv
Histogram written to histogram_postgresql_array_zipfian_light.txt (BlockSize = 100)
Appending first iteration...
First iteration: Appended values from key_sizes.csv to ../analysis/Data/Value_size_data/value_sizes_postgresql_array_run1_zipfian_light_before.csv
VACUUM start: 1773497124
VACUUM end: 1773497124
=== Setting parameter values for run phase ===
Checking query plan before run phase
=== Executing the run phase with extendproportion=0 and read/update proportions=0.5 ===
Arrangement completed. Output saved to ../analysis/Data/Workload_data/postgresql_array_run1_zipfian_light.csv
Arrangement completed. Output saved to ../analysis/Data/Workload_data/postgresql_array_run1_zipfian_light.csv
Backing up the database started
Backing up the database finished
Arrangement completed. Output saved to ../analysis/Data/Workload_data/postgresql_array_run1_zipfian_light.csv
Size computation started
Appending first iteration...
First iteration: Appended values from key_sizes.csv to ../analysis/Data/Value_size_data/value_sizes_postgresql_array_run1_zipfian_light_after.csv
Total size: 2000000, Field length average: 200
Workload file fieldlength set to: 200 (expected: 200)
=== Executing the load phase for the comparison study ===
Comparison-load verification - Epoch:1 Run:1 TotalSize:2000000 ExpectedFieldLength:200
Avg-run verification - Epoch:1 Run:1 Iteration:1 TotalSize:2000000 ExpectedFieldLength:200
=== Executing the run phase with extendproportion=0 and read/update proportions=0.5 ===
Arrangement completed. Output saved to ../analysis/Data/Workload_data/postgresql_array_run1_zipfian_light.csv
=== Setting parameter values for extend phase ===
=== Executing the extend phase with extendproportion=1 and other proportions=0 ===
Arrangement completed. Output saved to ../analysis/Data/Workload_data/postgresql_array_run1_zipfian_light.csv
Size computation started
Extend verification - Min:1300 Max:80900 Avg:3000 (Expected avg per record: ~1000 bytes initially)
Generating histogram from key size log: key_sizes.csv
Histogram written to histogram_postgresql_array_zipfian_light.txt (BlockSize = 100)
Appending subsequent iteration 2...
Iteration 2: Appended new size values from key_sizes.csv to ../analysis/Data/Value_size_data/value_sizes_postgresql_array_run1_zipfian_light_before.csv
VACUUM start: 1773497158
VACUUM end: 1773497158
=== Setting parameter values for run phase ===
Checking query plan before run phase
=== Executing the run phase with extendproportion=0 and read/update proportions=0.5 ===
Arrangement completed. Output saved to ../analysis/Data/Workload_data/postgresql_array_run1_zipfian_light.csv
Arrangement completed. Output saved to ../analysis/Data/Workload_data/postgresql_array_run1_zipfian_light.csv
Backing up the database started
Backing up the database finished
Arrangement completed. Output saved to ../analysis/Data/Workload_data/postgresql_array_run1_zipfian_light.csv
Size computation started
Appending subsequent iteration 2...
Iteration 2: Appended new size values from key_sizes.csv to ../analysis/Data/Value_size_data/value_sizes_postgresql_array_run1_zipfian_light_after.csv
Total size: 3000000, Field length average: 300
Workload file fieldlength set to: 300 (expected: 300)
=== Executing the load phase for the comparison study ===
Comparison-load verification - Epoch:1 Run:2 TotalSize:3000000 ExpectedFieldLength:300
Avg-run verification - Epoch:1 Run:2 Iteration:2 TotalSize:3000000 ExpectedFieldLength:300
=== Executing the run phase with extendproportion=0 and read/update proportions=0.5 ===
Arrangement completed. Output saved to ../analysis/Data/Workload_data/postgresql_array_run1_zipfian_light.csv
=== Setting parameter values for extend phase ===
=== Executing the extend phase with extendproportion=1 and other proportions=0 ===
Arrangement completed. Output saved to ../analysis/Data/Workload_data/postgresql_array_run1_zipfian_light.csv
Size computation started
Extend verification - Min:1800 Max:117900 Avg:4000 (Expected avg per record: ~1000 bytes initially)
Generating histogram from key size log: key_sizes.csv
Histogram written to histogram_postgresql_array_zipfian_light.txt (BlockSize = 100)
Appending subsequent iteration 3...
Iteration 3: Appended new size values from key_sizes.csv to ../analysis/Data/Value_size_data/value_sizes_postgresql_array_run1_zipfian_light_before.csv
VACUUM start: 1773497194
VACUUM end: 1773497195
=== Setting parameter values for run phase ===
Checking query plan before run phase
=== Executing the run phase with extendproportion=0 and read/update proportions=0.5 ===
Arrangement completed. Output saved to ../analysis/Data/Workload_data/postgresql_array_run1_zipfian_light.csv
Arrangement completed. Output saved to ../analysis/Data/Workload_data/postgresql_array_run1_zipfian_light.csv
Backing up the database started
Backing up the database finished
Arrangement completed. Output saved to ../analysis/Data/Workload_data/postgresql_array_run1_zipfian_light.csv
Size computation started
Appending subsequent iteration 3...
Iteration 3: Appended new size values from key_sizes.csv to ../analysis/Data/Value_size_data/value_sizes_postgresql_array_run1_zipfian_light_after.csv
Total size: 4000000, Field length average: 400
Workload file fieldlength set to: 400 (expected: 400)
=== Executing the load phase for the comparison study ===
Comparison-load verification - Epoch:1 Run:3 TotalSize:4000000 ExpectedFieldLength:400
Avg-run verification - Epoch:1 Run:3 Iteration:3 TotalSize:4000000 ExpectedFieldLength:400
=== Executing the run phase with extendproportion=0 and read/update proportions=0.5 ===
Arrangement completed. Output saved to ../analysis/Data/Workload_data/postgresql_array_run1_zipfian_light.csv
=== Setting parameter values for extend phase ===
=== Executing the extend phase with extendproportion=1 and other proportions=0 ===
Arrangement completed. Output saved to ../analysis/Data/Workload_data/postgresql_array_run1_zipfian_light.csv
Size computation started
Extend verification - Min:2300 Max:158000 Avg:5000 (Expected avg per record: ~1000 bytes initially)
Generating histogram from key size log: key_sizes.csv
Histogram written to histogram_postgresql_array_zipfian_light.txt (BlockSize = 100)
Appending subsequent iteration 4...
Iteration 4: Appended new size values from key_sizes.csv to ../analysis/Data/Value_size_data/value_sizes_postgresql_array_run1_zipfian_light_before.csv
VACUUM start: 1773497233
VACUUM end: 1773497233
=== Setting parameter values for run phase ===
Checking query plan before run phase
=== Executing the run phase with extendproportion=0 and read/update proportions=0.5 ===
Arrangement completed. Output saved to ../analysis/Data/Workload_data/postgresql_array_run1_zipfian_light.csv
Arrangement completed. Output saved to ../analysis/Data/Workload_data/postgresql_array_run1_zipfian_light.csv
Backing up the database started
Backing up the database finished
Arrangement completed. Output saved to ../analysis/Data/Workload_data/postgresql_array_run1_zipfian_light.csv
Size computation started
Appending subsequent iteration 4...
Iteration 4: Appended new size values from key_sizes.csv to ../analysis/Data/Value_size_data/value_sizes_postgresql_array_run1_zipfian_light_after.csv
Total size: 5000000, Field length average: 500
Workload file fieldlength set to: 500 (expected: 500)
=== Executing the load phase for the comparison study ===
Comparison-load verification - Epoch:1 Run:4 TotalSize:5000000 ExpectedFieldLength:500
Avg-run verification - Epoch:1 Run:4 Iteration:4 TotalSize:5000000 ExpectedFieldLength:500
=== Executing the run phase with extendproportion=0 and read/update proportions=0.5 ===
Arrangement completed. Output saved to ../analysis/Data/Workload_data/postgresql_array_run1_zipfian_light.csv
=== Setting parameter values for extend phase ===
=== Executing the extend phase with extendproportion=1 and other proportions=0 ===
Arrangement completed. Output saved to ../analysis/Data/Workload_data/postgresql_array_run1_zipfian_light.csv
Size computation started
Extend verification - Min:2700 Max:195000 Avg:6000 (Expected avg per record: ~1000 bytes initially)
Generating histogram from key size log: key_sizes.csv
Histogram written to histogram_postgresql_array_zipfian_light.txt (BlockSize = 100)
Appending subsequent iteration 5...
Iteration 5: Appended new size values from key_sizes.csv to ../analysis/Data/Value_size_data/value_sizes_postgresql_array_run1_zipfian_light_before.csv
VACUUM start: 1773497272
VACUUM end: 1773497273
=== Setting parameter values for run phase ===
Checking query plan before run phase
=== Executing the run phase with extendproportion=0 and read/update proportions=0.5 ===
Arrangement completed. Output saved to ../analysis/Data/Workload_data/postgresql_array_run1_zipfian_light.csv
Arrangement completed. Output saved to ../analysis/Data/Workload_data/postgresql_array_run1_zipfian_light.csv
Backing up the database started
Backing up the database finished
Arrangement completed. Output saved to ../analysis/Data/Workload_data/postgresql_array_run1_zipfian_light.csv
Size computation started
Appending subsequent iteration 5...
Iteration 5: Appended new size values from key_sizes.csv to ../analysis/Data/Value_size_data/value_sizes_postgresql_array_run1_zipfian_light_after.csv
Total size: 6000000, Field length average: 600
Workload file fieldlength set to: 600 (expected: 600)
=== Executing the load phase for the comparison study ===
Comparison-load verification - Epoch:1 Run:5 TotalSize:6000000 ExpectedFieldLength:600
Avg-run verification - Epoch:1 Run:5 Iteration:5 TotalSize:6000000 ExpectedFieldLength:600
=== Executing the run phase with extendproportion=0 and read/update proportions=0.5 ===
Arrangement completed. Output saved to ../analysis/Data/Workload_data/postgresql_array_run1_zipfian_light.csv
=== Setting parameter values for extend phase ===
=== Executing the extend phase with extendproportion=1 and other proportions=0 ===
Arrangement completed. Output saved to ../analysis/Data/Workload_data/postgresql_array_run1_zipfian_light.csv
Size computation started
Extend verification - Min:3300 Max:235300 Avg:7000 (Expected avg per record: ~1000 bytes initially)
Generating histogram from key size log: key_sizes.csv
Histogram written to histogram_postgresql_array_zipfian_light.txt (BlockSize = 100)
Appending subsequent iteration 6...
Iteration 6: Appended new size values from key_sizes.csv to ../analysis/Data/Value_size_data/value_sizes_postgresql_array_run1_zipfian_light_before.csv
VACUUM start: 1773497313
VACUUM end: 1773497313
=== Setting parameter values for run phase ===
Checking query plan before run phase
=== Executing the run phase with extendproportion=0 and read/update proportions=0.5 ===
Arrangement completed. Output saved to ../analysis/Data/Workload_data/postgresql_array_run1_zipfian_light.csv
Arrangement completed. Output saved to ../analysis/Data/Workload_data/postgresql_array_run1_zipfian_light.csv
Backing up the database started
Backing up the database finished
Arrangement completed. Output saved to ../analysis/Data/Workload_data/postgresql_array_run1_zipfian_light.csv
Size computation started
Appending subsequent iteration 6...
Iteration 6: Appended new size values from key_sizes.csv to ../analysis/Data/Value_size_data/value_sizes_postgresql_array_run1_zipfian_light_after.csv
Total size: 7000000, Field length average: 700
Workload file fieldlength set to: 700 (expected: 700)
=== Executing the load phase for the comparison study ===
Comparison-load verification - Epoch:1 Run:6 TotalSize:7000000 ExpectedFieldLength:700
Avg-run verification - Epoch:1 Run:6 Iteration:6 TotalSize:7000000 ExpectedFieldLength:700
=== Executing the run phase with extendproportion=0 and read/update proportions=0.5 ===
Arrangement completed. Output saved to ../analysis/Data/Workload_data/postgresql_array_run1_zipfian_light.csv
=== Setting parameter values for extend phase ===
=== Executing the extend phase with extendproportion=1 and other proportions=0 ===
Arrangement completed. Output saved to ../analysis/Data/Workload_data/postgresql_array_run1_zipfian_light.csv
Size computation started
Extend verification - Min:3600 Max:277800 Avg:8000 (Expected avg per record: ~1000 bytes initially)
Generating histogram from key size log: key_sizes.csv
Histogram written to histogram_postgresql_array_zipfian_light.txt (BlockSize = 100)
Appending subsequent iteration 7...
Iteration 7: Appended new size values from key_sizes.csv to ../analysis/Data/Value_size_data/value_sizes_postgresql_array_run1_zipfian_light_before.csv
VACUUM start: 1773497353
VACUUM end: 1773497353
=== Setting parameter values for run phase ===
Checking query plan before run phase
=== Executing the run phase with extendproportion=0 and read/update proportions=0.5 ===
Arrangement completed. Output saved to ../analysis/Data/Workload_data/postgresql_array_run1_zipfian_light.csv
Arrangement completed. Output saved to ../analysis/Data/Workload_data/postgresql_array_run1_zipfian_light.csv
Backing up the database started
Backing up the database finished
Arrangement completed. Output saved to ../analysis/Data/Workload_data/postgresql_array_run1_zipfian_light.csv
Size computation started
Appending subsequent iteration 7...
Iteration 7: Appended new size values from key_sizes.csv to ../analysis/Data/Value_size_data/value_sizes_postgresql_array_run1_zipfian_light_after.csv
Total size: 8000000, Field length average: 800
Workload file fieldlength set to: 800 (expected: 800)
=== Executing the load phase for the comparison study ===
Comparison-load verification - Epoch:1 Run:7 TotalSize:8000000 ExpectedFieldLength:800
Avg-run verification - Epoch:1 Run:7 Iteration:7 TotalSize:8000000 ExpectedFieldLength:800
=== Executing the run phase with extendproportion=0 and read/update proportions=0.5 ===
Arrangement completed. Output saved to ../analysis/Data/Workload_data/postgresql_array_run1_zipfian_light.csv
=== Setting parameter values for extend phase ===
=== Executing the extend phase with extendproportion=1 and other proportions=0 ===
Arrangement completed. Output saved to ../analysis/Data/Workload_data/postgresql_array_run1_zipfian_light.csv
Size computation started
Extend verification - Min:4000 Max:314800 Avg:9000 (Expected avg per record: ~1000 bytes initially)
Generating histogram from key size log: key_sizes.csv
Histogram written to histogram_postgresql_array_zipfian_light.txt (BlockSize = 100)
Appending subsequent iteration 8...
Iteration 8: Appended new size values from key_sizes.csv to ../analysis/Data/Value_size_data/value_sizes_postgresql_array_run1_zipfian_light_before.csv
VACUUM start: 1773497394
VACUUM end: 1773497394
=== Setting parameter values for run phase ===
Checking query plan before run phase
=== Executing the run phase with extendproportion=0 and read/update proportions=0.5 ===
Arrangement completed. Output saved to ../analysis/Data/Workload_data/postgresql_array_run1_zipfian_light.csv
Arrangement completed. Output saved to ../analysis/Data/Workload_data/postgresql_array_run1_zipfian_light.csv
Backing up the database started
Backing up the database finished
Arrangement completed. Output saved to ../analysis/Data/Workload_data/postgresql_array_run1_zipfian_light.csv
Size computation started
Appending subsequent iteration 8...
Iteration 8: Appended new size values from key_sizes.csv to ../analysis/Data/Value_size_data/value_sizes_postgresql_array_run1_zipfian_light_after.csv
Total size: 9000000, Field length average: 900
Workload file fieldlength set to: 900 (expected: 900)
=== Executing the load phase for the comparison study ===
Comparison-load verification - Epoch:1 Run:8 TotalSize:9000000 ExpectedFieldLength:900
Avg-run verification - Epoch:1 Run:8 Iteration:8 TotalSize:9000000 ExpectedFieldLength:900
=== Executing the run phase with extendproportion=0 and read/update proportions=0.5 ===
Arrangement completed. Output saved to ../analysis/Data/Workload_data/postgresql_array_run1_zipfian_light.csv
=== Setting parameter values for extend phase ===
=== Executing the extend phase with extendproportion=1 and other proportions=0 ===
Arrangement completed. Output saved to ../analysis/Data/Workload_data/postgresql_array_run1_zipfian_light.csv
Size computation started
Extend verification - Min:4800 Max:353900 Avg:10000 (Expected avg per record: ~1000 bytes initially)
Generating histogram from key size log: key_sizes.csv
Histogram written to histogram_postgresql_array_zipfian_light.txt (BlockSize = 100)
Appending subsequent iteration 9...
Iteration 9: Appended new size values from key_sizes.csv to ../analysis/Data/Value_size_data/value_sizes_postgresql_array_run1_zipfian_light_before.csv
VACUUM start: 1773497436
VACUUM end: 1773497436
=== Setting parameter values for run phase ===
Checking query plan before run phase
=== Executing the run phase with extendproportion=0 and read/update proportions=0.5 ===
Arrangement completed. Output saved to ../analysis/Data/Workload_data/postgresql_array_run1_zipfian_light.csv
Arrangement completed. Output saved to ../analysis/Data/Workload_data/postgresql_array_run1_zipfian_light.csv
Backing up the database started
Backing up the database finished
Arrangement completed. Output saved to ../analysis/Data/Workload_data/postgresql_array_run1_zipfian_light.csv
Size computation started
Appending subsequent iteration 9...
Iteration 9: Appended new size values from key_sizes.csv to ../analysis/Data/Value_size_data/value_sizes_postgresql_array_run1_zipfian_light_after.csv
Total size: 10000000, Field length average: 1000
Workload file fieldlength set to: 1000 (expected: 1000)
=== Executing the load phase for the comparison study ===
Comparison-load verification - Epoch:1 Run:9 TotalSize:10000000 ExpectedFieldLength:1000
Avg-run verification - Epoch:1 Run:9 Iteration:9 TotalSize:10000000 ExpectedFieldLength:1000
=== Executing the run phase with extendproportion=0 and read/update proportions=0.5 ===
Arrangement completed. Output saved to ../analysis/Data/Workload_data/postgresql_array_run1_zipfian_light.csv
=== Setting parameter values for extend phase ===
=== Executing the extend phase with extendproportion=1 and other proportions=0 ===
Arrangement completed. Output saved to ../analysis/Data/Workload_data/postgresql_array_run1_zipfian_light.csv
Size computation started
Extend verification - Min:5400 Max:391600 Avg:11000 (Expected avg per record: ~1000 bytes initially)
Generating histogram from key size log: key_sizes.csv
Histogram written to histogram_postgresql_array_zipfian_light.txt (BlockSize = 100)
Appending subsequent iteration 10...
Iteration 10: Appended new size values from key_sizes.csv to ../analysis/Data/Value_size_data/value_sizes_postgresql_array_run1_zipfian_light_before.csv
VACUUM start: 1773497479
VACUUM end: 1773497479
=== Setting parameter values for run phase ===
Checking query plan before run phase
=== Executing the run phase with extendproportion=0 and read/update proportions=0.5 ===
Arrangement completed. Output saved to ../analysis/Data/Workload_data/postgresql_array_run1_zipfian_light.csv
Arrangement completed. Output saved to ../analysis/Data/Workload_data/postgresql_array_run1_zipfian_light.csv
Backing up the database started
Backing up the database finished
Arrangement completed. Output saved to ../analysis/Data/Workload_data/postgresql_array_run1_zipfian_light.csv
Size computation started
Appending subsequent iteration 10...
Iteration 10: Appended new size values from key_sizes.csv to ../analysis/Data/Value_size_data/value_sizes_postgresql_array_run1_zipfian_light_after.csv
Total size: 11000000, Field length average: 1100
Workload file fieldlength set to: 1100 (expected: 1100)
=== Executing the load phase for the comparison study ===
Comparison-load verification - Epoch:1 Run:10 TotalSize:11000000 ExpectedFieldLength:1100
Avg-run verification - Epoch:1 Run:10 Iteration:10 TotalSize:11000000 ExpectedFieldLength:1100
=== Executing the run phase with extendproportion=0 and read/update proportions=0.5 ===
Arrangement completed. Output saved to ../analysis/Data/Workload_data/postgresql_array_run1_zipfian_light.csv
=== Setting parameter values for extend phase ===
=== Executing the extend phase with extendproportion=1 and other proportions=0 ===
Arrangement completed. Output saved to ../analysis/Data/Workload_data/postgresql_array_run1_zipfian_light.csv
Size computation started
Extend verification - Min:6200 Max:430300 Avg:12000 (Expected avg per record: ~1000 bytes initially)
Generating histogram from key size log: key_sizes.csv
Histogram written to histogram_postgresql_array_zipfian_light.txt (BlockSize = 100)
Appending subsequent iteration 11...
Iteration 11: Appended new size values from key_sizes.csv to ../analysis/Data/Value_size_data/value_sizes_postgresql_array_run1_zipfian_light_before.csv
VACUUM start: 1773497522
VACUUM end: 1773497522
=== Setting parameter values for run phase ===
Checking query plan before run phase
=== Executing the run phase with extendproportion=0 and read/update proportions=0.5 ===
Arrangement completed. Output saved to ../analysis/Data/Workload_data/postgresql_array_run1_zipfian_light.csv
Arrangement completed. Output saved to ../analysis/Data/Workload_data/postgresql_array_run1_zipfian_light.csv
Backing up the database started
Backing up the database finished
Arrangement completed. Output saved to ../analysis/Data/Workload_data/postgresql_array_run1_zipfian_light.csv
Size computation started
Appending subsequent iteration 11...
Iteration 11: Appended new size values from key_sizes.csv to ../analysis/Data/Value_size_data/value_sizes_postgresql_array_run1_zipfian_light_after.csv
Total size: 12000000, Field length average: 1200
Workload file fieldlength set to: 1200 (expected: 1200)
=== Executing the load phase for the comparison study ===
Comparison-load verification - Epoch:2 Run:1 TotalSize:12000000 ExpectedFieldLength:1200
Avg-run verification - Epoch:2 Run:1 Iteration:11 TotalSize:12000000 ExpectedFieldLength:1200
=== Executing the run phase with extendproportion=0 and read/update proportions=0.5 ===
Arrangement completed. Output saved to ../analysis/Data/Workload_data/postgresql_array_run1_zipfian_light.csv
=== Setting parameter values for extend phase ===
=== Executing the extend phase with extendproportion=1 and other proportions=0 ===
Arrangement completed. Output saved to ../analysis/Data/Workload_data/postgresql_array_run1_zipfian_light.csv
Size computation started
Extend verification - Min:6700 Max:466700 Avg:13000 (Expected avg per record: ~1000 bytes initially)
Generating histogram from key size log: key_sizes.csv
Histogram written to histogram_postgresql_array_zipfian_light.txt (BlockSize = 100)
Appending subsequent iteration 12...
Iteration 12: Appended new size values from key_sizes.csv to ../analysis/Data/Value_size_data/value_sizes_postgresql_array_run1_zipfian_light_before.csv
VACUUM start: 1773497566
VACUUM end: 1773497566
=== Setting parameter values for run phase ===
Checking query plan before run phase
=== Executing the run phase with extendproportion=0 and read/update proportions=0.5 ===
Arrangement completed. Output saved to ../analysis/Data/Workload_data/postgresql_array_run1_zipfian_light.csv
Arrangement completed. Output saved to ../analysis/Data/Workload_data/postgresql_array_run1_zipfian_light.csv
Backing up the database started
Backing up the database finished
Arrangement completed. Output saved to ../analysis/Data/Workload_data/postgresql_array_run1_zipfian_light.csv
Size computation started
Appending subsequent iteration 12...
Iteration 12: Appended new size values from key_sizes.csv to ../analysis/Data/Value_size_data/value_sizes_postgresql_array_run1_zipfian_light_after.csv
Total size: 13000000, Field length average: 1300
Workload file fieldlength set to: 1300 (expected: 1300)
=== Executing the load phase for the comparison study ===
Comparison-load verification - Epoch:2 Run:2 TotalSize:13000000 ExpectedFieldLength:1300
Avg-run verification - Epoch:2 Run:2 Iteration:12 TotalSize:13000000 ExpectedFieldLength:1300
=== Executing the run phase with extendproportion=0 and read/update proportions=0.5 ===
Arrangement completed. Output saved to ../analysis/Data/Workload_data/postgresql_array_run1_zipfian_light.csv
=== Setting parameter values for extend phase ===
=== Executing the extend phase with extendproportion=1 and other proportions=0 ===
Arrangement completed. Output saved to ../analysis/Data/Workload_data/postgresql_array_run1_zipfian_light.csv
Size computation started
Extend verification - Min:7100 Max:502100 Avg:14000 (Expected avg per record: ~1000 bytes initially)
Generating histogram from key size log: key_sizes.csv
Histogram written to histogram_postgresql_array_zipfian_light.txt (BlockSize = 100)
Appending subsequent iteration 13...
Iteration 13: Appended new size values from key_sizes.csv to ../analysis/Data/Value_size_data/value_sizes_postgresql_array_run1_zipfian_light_before.csv
VACUUM start: 1773497610
VACUUM end: 1773497610
=== Setting parameter values for run phase ===
Checking query plan before run phase
=== Executing the run phase with extendproportion=0 and read/update proportions=0.5 ===
Arrangement completed. Output saved to ../analysis/Data/Workload_data/postgresql_array_run1_zipfian_light.csv
Arrangement completed. Output saved to ../analysis/Data/Workload_data/postgresql_array_run1_zipfian_light.csv
Backing up the database started
Backing up the database finished
Arrangement completed. Output saved to ../analysis/Data/Workload_data/postgresql_array_run1_zipfian_light.csv
Size computation started
Appending subsequent iteration 13...
Iteration 13: Appended new size values from key_sizes.csv to ../analysis/Data/Value_size_data/value_sizes_postgresql_array_run1_zipfian_light_after.csv
Total size: 14000000, Field length average: 1400
Workload file fieldlength set to: 1400 (expected: 1400)
=== Executing the load phase for the comparison study ===
Comparison-load verification - Epoch:2 Run:3 TotalSize:14000000 ExpectedFieldLength:1400
Avg-run verification - Epoch:2 Run:3 Iteration:13 TotalSize:14000000 ExpectedFieldLength:1400
=== Executing the run phase with extendproportion=0 and read/update proportions=0.5 ===
Arrangement completed. Output saved to ../analysis/Data/Workload_data/postgresql_array_run1_zipfian_light.csv
=== Setting parameter values for extend phase ===
=== Executing the extend phase with extendproportion=1 and other proportions=0 ===
Arrangement completed. Output saved to ../analysis/Data/Workload_data/postgresql_array_run1_zipfian_light.csv
Size computation started
Extend verification - Min:7600 Max:544800 Avg:15000 (Expected avg per record: ~1000 bytes initially)
Generating histogram from key size log: key_sizes.csv
Histogram written to histogram_postgresql_array_zipfian_light.txt (BlockSize = 100)
Appending subsequent iteration 14...
Iteration 14: Appended new size values from key_sizes.csv to ../analysis/Data/Value_size_data/value_sizes_postgresql_array_run1_zipfian_light_before.csv
VACUUM start: 1773497655
VACUUM end: 1773497655
=== Setting parameter values for run phase ===
Checking query plan before run phase
=== Executing the run phase with extendproportion=0 and read/update proportions=0.5 ===
Arrangement completed. Output saved to ../analysis/Data/Workload_data/postgresql_array_run1_zipfian_light.csv
Arrangement completed. Output saved to ../analysis/Data/Workload_data/postgresql_array_run1_zipfian_light.csv
Backing up the database started
Backing up the database finished
Arrangement completed. Output saved to ../analysis/Data/Workload_data/postgresql_array_run1_zipfian_light.csv
Size computation started
Appending subsequent iteration 14...
Iteration 14: Appended new size values from key_sizes.csv to ../analysis/Data/Value_size_data/value_sizes_postgresql_array_run1_zipfian_light_after.csv
Total size: 15000000, Field length average: 1500
Workload file fieldlength set to: 1500 (expected: 1500)
=== Executing the load phase for the comparison study ===
Comparison-load verification - Epoch:2 Run:4 TotalSize:15000000 ExpectedFieldLength:1500
Avg-run verification - Epoch:2 Run:4 Iteration:14 TotalSize:15000000 ExpectedFieldLength:1500
=== Executing the run phase with extendproportion=0 and read/update proportions=0.5 ===
Arrangement completed. Output saved to ../analysis/Data/Workload_data/postgresql_array_run1_zipfian_light.csv
=== Setting parameter values for extend phase ===
=== Executing the extend phase with extendproportion=1 and other proportions=0 ===
Arrangement completed. Output saved to ../analysis/Data/Workload_data/postgresql_array_run1_zipfian_light.csv
Size computation started
Extend verification - Min:8300 Max:582300 Avg:16000 (Expected avg per record: ~1000 bytes initially)
Generating histogram from key size log: key_sizes.csv
Histogram written to histogram_postgresql_array_zipfian_light.txt (BlockSize = 100)
Appending subsequent iteration 15...
Iteration 15: Appended new size values from key_sizes.csv to ../analysis/Data/Value_size_data/value_sizes_postgresql_array_run1_zipfian_light_before.csv
VACUUM start: 1773497700
VACUUM end: 1773497700
=== Setting parameter values for run phase ===
Checking query plan before run phase
=== Executing the run phase with extendproportion=0 and read/update proportions=0.5 ===
Arrangement completed. Output saved to ../analysis/Data/Workload_data/postgresql_array_run1_zipfian_light.csv
Arrangement completed. Output saved to ../analysis/Data/Workload_data/postgresql_array_run1_zipfian_light.csv
Backing up the database started
Backing up the database finished
Arrangement completed. Output saved to ../analysis/Data/Workload_data/postgresql_array_run1_zipfian_light.csv
Size computation started
Appending subsequent iteration 15...
Iteration 15: Appended new size values from key_sizes.csv to ../analysis/Data/Value_size_data/value_sizes_postgresql_array_run1_zipfian_light_after.csv
Total size: 16000000, Field length average: 1600
Workload file fieldlength set to: 1600 (expected: 1600)
=== Executing the load phase for the comparison study ===
Comparison-load verification - Epoch:2 Run:5 TotalSize:16000000 ExpectedFieldLength:1600
Avg-run verification - Epoch:2 Run:5 Iteration:15 TotalSize:16000000 ExpectedFieldLength:1600
=== Executing the run phase with extendproportion=0 and read/update proportions=0.5 ===
Arrangement completed. Output saved to ../analysis/Data/Workload_data/postgresql_array_run1_zipfian_light.csv
=== Setting parameter values for extend phase ===
=== Executing the extend phase with extendproportion=1 and other proportions=0 ===
Arrangement completed. Output saved to ../analysis/Data/Workload_data/postgresql_array_run1_zipfian_light.csv
Size computation started
Extend verification - Min:8800 Max:621600 Avg:17000 (Expected avg per record: ~1000 bytes initially)
Generating histogram from key size log: key_sizes.csv
Histogram written to histogram_postgresql_array_zipfian_light.txt (BlockSize = 100)
Appending subsequent iteration 16...
Iteration 16: Appended new size values from key_sizes.csv to ../analysis/Data/Value_size_data/value_sizes_postgresql_array_run1_zipfian_light_before.csv
VACUUM start: 1773497745
VACUUM end: 1773497745
=== Setting parameter values for run phase ===
Checking query plan before run phase
=== Executing the run phase with extendproportion=0 and read/update proportions=0.5 ===
Arrangement completed. Output saved to ../analysis/Data/Workload_data/postgresql_array_run1_zipfian_light.csv
Arrangement completed. Output saved to ../analysis/Data/Workload_data/postgresql_array_run1_zipfian_light.csv
Backing up the database started
Backing up the database finished
Arrangement completed. Output saved to ../analysis/Data/Workload_data/postgresql_array_run1_zipfian_light.csv
Size computation started
Appending subsequent iteration 16...
Iteration 16: Appended new size values from key_sizes.csv to ../analysis/Data/Value_size_data/value_sizes_postgresql_array_run1_zipfian_light_after.csv
Total size: 17000000, Field length average: 1700
Workload file fieldlength set to: 1700 (expected: 1700)
=== Executing the load phase for the comparison study ===
Comparison-load verification - Epoch:2 Run:6 TotalSize:17000000 ExpectedFieldLength:1700
Avg-run verification - Epoch:2 Run:6 Iteration:16 TotalSize:17000000 ExpectedFieldLength:1700
=== Executing the run phase with extendproportion=0 and read/update proportions=0.5 ===
Arrangement completed. Output saved to ../analysis/Data/Workload_data/postgresql_array_run1_zipfian_light.csv
=== Setting parameter values for extend phase ===
=== Executing the extend phase with extendproportion=1 and other proportions=0 ===
Arrangement completed. Output saved to ../analysis/Data/Workload_data/postgresql_array_run1_zipfian_light.csv
Size computation started
Extend verification - Min:9000 Max:661800 Avg:18000 (Expected avg per record: ~1000 bytes initially)
Generating histogram from key size log: key_sizes.csv
Histogram written to histogram_postgresql_array_zipfian_light.txt (BlockSize = 100)
Appending subsequent iteration 17...
Iteration 17: Appended new size values from key_sizes.csv to ../analysis/Data/Value_size_data/value_sizes_postgresql_array_run1_zipfian_light_before.csv
VACUUM start: 1773497792
VACUUM end: 1773497792
=== Setting parameter values for run phase ===
Checking query plan before run phase
=== Executing the run phase with extendproportion=0 and read/update proportions=0.5 ===
Arrangement completed. Output saved to ../analysis/Data/Workload_data/postgresql_array_run1_zipfian_light.csv
Arrangement completed. Output saved to ../analysis/Data/Workload_data/postgresql_array_run1_zipfian_light.csv
Backing up the database started
Backing up the database finished
Arrangement completed. Output saved to ../analysis/Data/Workload_data/postgresql_array_run1_zipfian_light.csv
Size computation started
Appending subsequent iteration 17...
Iteration 17: Appended new size values from key_sizes.csv to ../analysis/Data/Value_size_data/value_sizes_postgresql_array_run1_zipfian_light_after.csv
Total size: 18000000, Field length average: 1800
Workload file fieldlength set to: 1800 (expected: 1800)
=== Executing the load phase for the comparison study ===
Comparison-load verification - Epoch:2 Run:7 TotalSize:18000000 ExpectedFieldLength:1800
Avg-run verification - Epoch:2 Run:7 Iteration:17 TotalSize:18000000 ExpectedFieldLength:1800
=== Executing the run phase with extendproportion=0 and read/update proportions=0.5 ===
Arrangement completed. Output saved to ../analysis/Data/Workload_data/postgresql_array_run1_zipfian_light.csv
=== Setting parameter values for extend phase ===
=== Executing the extend phase with extendproportion=1 and other proportions=0 ===
Arrangement completed. Output saved to ../analysis/Data/Workload_data/postgresql_array_run1_zipfian_light.csv
Size computation started
Extend verification - Min:9700 Max:703000 Avg:19000 (Expected avg per record: ~1000 bytes initially)
Generating histogram from key size log: key_sizes.csv
Histogram written to histogram_postgresql_array_zipfian_light.txt (BlockSize = 100)
Appending subsequent iteration 18...
Iteration 18: Appended new size values from key_sizes.csv to ../analysis/Data/Value_size_data/value_sizes_postgresql_array_run1_zipfian_light_before.csv
VACUUM start: 1773497840
VACUUM end: 1773497841
=== Setting parameter values for run phase ===
Checking query plan before run phase
=== Executing the run phase with extendproportion=0 and read/update proportions=0.5 ===
Arrangement completed. Output saved to ../analysis/Data/Workload_data/postgresql_array_run1_zipfian_light.csv
Arrangement completed. Output saved to ../analysis/Data/Workload_data/postgresql_array_run1_zipfian_light.csv
Backing up the database started
Backing up the database finished
Arrangement completed. Output saved to ../analysis/Data/Workload_data/postgresql_array_run1_zipfian_light.csv
Size computation started
Appending subsequent iteration 18...
Iteration 18: Appended new size values from key_sizes.csv to ../analysis/Data/Value_size_data/value_sizes_postgresql_array_run1_zipfian_light_after.csv
Total size: 19000000, Field length average: 1900
Workload file fieldlength set to: 1900 (expected: 1900)
=== Executing the load phase for the comparison study ===
Comparison-load verification - Epoch:2 Run:8 TotalSize:19000000 ExpectedFieldLength:1900
Avg-run verification - Epoch:2 Run:8 Iteration:18 TotalSize:19000000 ExpectedFieldLength:1900
=== Executing the run phase with extendproportion=0 and read/update proportions=0.5 ===
Arrangement completed. Output saved to ../analysis/Data/Workload_data/postgresql_array_run1_zipfian_light.csv
=== Setting parameter values for extend phase ===
=== Executing the extend phase with extendproportion=1 and other proportions=0 ===
Arrangement completed. Output saved to ../analysis/Data/Workload_data/postgresql_array_run1_zipfian_light.csv
Size computation started
Extend verification - Min:10100 Max:742100 Avg:20000 (Expected avg per record: ~1000 bytes initially)
Generating histogram from key size log: key_sizes.csv
Histogram written to histogram_postgresql_array_zipfian_light.txt (BlockSize = 100)
Appending subsequent iteration 19...
Iteration 19: Appended new size values from key_sizes.csv to ../analysis/Data/Value_size_data/value_sizes_postgresql_array_run1_zipfian_light_before.csv
VACUUM start: 1773497888
VACUUM end: 1773497889
=== Setting parameter values for run phase ===
Checking query plan before run phase
=== Executing the run phase with extendproportion=0 and read/update proportions=0.5 ===
Arrangement completed. Output saved to ../analysis/Data/Workload_data/postgresql_array_run1_zipfian_light.csv
Arrangement completed. Output saved to ../analysis/Data/Workload_data/postgresql_array_run1_zipfian_light.csv
Backing up the database started
Backing up the database finished
Arrangement completed. Output saved to ../analysis/Data/Workload_data/postgresql_array_run1_zipfian_light.csv
Size computation started
Appending subsequent iteration 19...
Iteration 19: Appended new size values from key_sizes.csv to ../analysis/Data/Value_size_data/value_sizes_postgresql_array_run1_zipfian_light_after.csv
Total size: 20000000, Field length average: 2000
Workload file fieldlength set to: 2000 (expected: 2000)
=== Executing the load phase for the comparison study ===
Comparison-load verification - Epoch:2 Run:9 TotalSize:20000000 ExpectedFieldLength:2000
Avg-run verification - Epoch:2 Run:9 Iteration:19 TotalSize:20000000 ExpectedFieldLength:2000
=== Executing the run phase with extendproportion=0 and read/update proportions=0.5 ===
Arrangement completed. Output saved to ../analysis/Data/Workload_data/postgresql_array_run1_zipfian_light.csv
=== Setting parameter values for extend phase ===
=== Executing the extend phase with extendproportion=1 and other proportions=0 ===
Arrangement completed. Output saved to ../analysis/Data/Workload_data/postgresql_array_run1_zipfian_light.csv
Size computation started
Extend verification - Min:10600 Max:780000 Avg:21000 (Expected avg per record: ~1000 bytes initially)
Generating histogram from key size log: key_sizes.csv
Histogram written to histogram_postgresql_array_zipfian_light.txt (BlockSize = 100)
Appending subsequent iteration 20...
Iteration 20: Appended new size values from key_sizes.csv to ../analysis/Data/Value_size_data/value_sizes_postgresql_array_run1_zipfian_light_before.csv
VACUUM start: 1773497937
VACUUM end: 1773497937
=== Setting parameter values for run phase ===
Checking query plan before run phase
=== Executing the run phase with extendproportion=0 and read/update proportions=0.5 ===
Arrangement completed. Output saved to ../analysis/Data/Workload_data/postgresql_array_run1_zipfian_light.csv
Arrangement completed. Output saved to ../analysis/Data/Workload_data/postgresql_array_run1_zipfian_light.csv
Backing up the database started
Backing up the database finished
Arrangement completed. Output saved to ../analysis/Data/Workload_data/postgresql_array_run1_zipfian_light.csv
Size computation started
Appending subsequent iteration 20...
Iteration 20: Appended new size values from key_sizes.csv to ../analysis/Data/Value_size_data/value_sizes_postgresql_array_run1_zipfian_light_after.csv
Total size: 21000000, Field length average: 2100
Workload file fieldlength set to: 2100 (expected: 2100)
=== Executing the load phase for the comparison study ===
Comparison-load verification - Epoch:2 Run:10 TotalSize:21000000 ExpectedFieldLength:2100
Avg-run verification - Epoch:2 Run:10 Iteration:20 TotalSize:21000000 ExpectedFieldLength:2100
=== Executing the run phase with extendproportion=0 and read/update proportions=0.5 ===
Arrangement completed. Output saved to ../analysis/Data/Workload_data/postgresql_array_run1_zipfian_light.csv
=== Setting parameter values for extend phase ===
=== Executing the extend phase with extendproportion=1 and other proportions=0 ===
Arrangement completed. Output saved to ../analysis/Data/Workload_data/postgresql_array_run1_zipfian_light.csv
Size computation started
Extend verification - Min:11200 Max:818700 Avg:22000 (Expected avg per record: ~1000 bytes initially)
Generating histogram from key size log: key_sizes.csv
Histogram written to histogram_postgresql_array_zipfian_light.txt (BlockSize = 100)
Appending subsequent iteration 21...
Iteration 21: Appended new size values from key_sizes.csv to ../analysis/Data/Value_size_data/value_sizes_postgresql_array_run1_zipfian_light_before.csv
VACUUM start: 1773497986
VACUUM end: 1773497986
=== Setting parameter values for run phase ===
Checking query plan before run phase
=== Executing the run phase with extendproportion=0 and read/update proportions=0.5 ===
Arrangement completed. Output saved to ../analysis/Data/Workload_data/postgresql_array_run1_zipfian_light.csv
Arrangement completed. Output saved to ../analysis/Data/Workload_data/postgresql_array_run1_zipfian_light.csv
Backing up the database started
Backing up the database finished
Arrangement completed. Output saved to ../analysis/Data/Workload_data/postgresql_array_run1_zipfian_light.csv
Size computation started
Appending subsequent iteration 21...
Iteration 21: Appended new size values from key_sizes.csv to ../analysis/Data/Value_size_data/value_sizes_postgresql_array_run1_zipfian_light_after.csv
Total size: 22000000, Field length average: 2200
Workload file fieldlength set to: 2200 (expected: 2200)
=== Executing the load phase for the comparison study ===
Comparison-load verification - Epoch:3 Run:1 TotalSize:22000000 ExpectedFieldLength:2200
Avg-run verification - Epoch:3 Run:1 Iteration:21 TotalSize:22000000 ExpectedFieldLength:2200
=== Executing the run phase with extendproportion=0 and read/update proportions=0.5 ===
Arrangement completed. Output saved to ../analysis/Data/Workload_data/postgresql_array_run1_zipfian_light.csv
=== Setting parameter values for extend phase ===
=== Executing the extend phase with extendproportion=1 and other proportions=0 ===
Arrangement completed. Output saved to ../analysis/Data/Workload_data/postgresql_array_run1_zipfian_light.csv
Size computation started
Extend verification - Min:11600 Max:857400 Avg:23000 (Expected avg per record: ~1000 bytes initially)
Generating histogram from key size log: key_sizes.csv
Histogram written to histogram_postgresql_array_zipfian_light.txt (BlockSize = 100)
Appending subsequent iteration 22...
Iteration 22: Appended new size values from key_sizes.csv to ../analysis/Data/Value_size_data/value_sizes_postgresql_array_run1_zipfian_light_before.csv
VACUUM start: 1773498038
VACUUM end: 1773498038
=== Setting parameter values for run phase ===
Checking query plan before run phase
=== Executing the run phase with extendproportion=0 and read/update proportions=0.5 ===
Arrangement completed. Output saved to ../analysis/Data/Workload_data/postgresql_array_run1_zipfian_light.csv
Arrangement completed. Output saved to ../analysis/Data/Workload_data/postgresql_array_run1_zipfian_light.csv
Backing up the database started
Backing up the database finished
Arrangement completed. Output saved to ../analysis/Data/Workload_data/postgresql_array_run1_zipfian_light.csv
Size computation started
Appending subsequent iteration 22...
Iteration 22: Appended new size values from key_sizes.csv to ../analysis/Data/Value_size_data/value_sizes_postgresql_array_run1_zipfian_light_after.csv
Total size: 23000000, Field length average: 2300
Workload file fieldlength set to: 2300 (expected: 2300)
=== Executing the load phase for the comparison study ===
Comparison-load verification - Epoch:3 Run:2 TotalSize:23000000 ExpectedFieldLength:2300
Avg-run verification - Epoch:3 Run:2 Iteration:22 TotalSize:23000000 ExpectedFieldLength:2300
=== Executing the run phase with extendproportion=0 and read/update proportions=0.5 ===
Arrangement completed. Output saved to ../analysis/Data/Workload_data/postgresql_array_run1_zipfian_light.csv
=== Setting parameter values for extend phase ===
=== Executing the extend phase with extendproportion=1 and other proportions=0 ===
Arrangement completed. Output saved to ../analysis/Data/Workload_data/postgresql_array_run1_zipfian_light.csv
Size computation started
Extend verification - Min:12300 Max:896000 Avg:24000 (Expected avg per record: ~1000 bytes initially)
Generating histogram from key size log: key_sizes.csv
Histogram written to histogram_postgresql_array_zipfian_light.txt (BlockSize = 100)
Appending subsequent iteration 23...
Iteration 23: Appended new size values from key_sizes.csv to ../analysis/Data/Value_size_data/value_sizes_postgresql_array_run1_zipfian_light_before.csv
VACUUM start: 1773498091
VACUUM end: 1773498091
=== Setting parameter values for run phase ===
Checking query plan before run phase
=== Executing the run phase with extendproportion=0 and read/update proportions=0.5 ===
Arrangement completed. Output saved to ../analysis/Data/Workload_data/postgresql_array_run1_zipfian_light.csv
Arrangement completed. Output saved to ../analysis/Data/Workload_data/postgresql_array_run1_zipfian_light.csv
Backing up the database started
Backing up the database finished
Arrangement completed. Output saved to ../analysis/Data/Workload_data/postgresql_array_run1_zipfian_light.csv
Size computation started
Appending subsequent iteration 23...
Iteration 23: Appended new size values from key_sizes.csv to ../analysis/Data/Value_size_data/value_sizes_postgresql_array_run1_zipfian_light_after.csv
Total size: 24000000, Field length average: 2400
Workload file fieldlength set to: 2400 (expected: 2400)
=== Executing the load phase for the comparison study ===
Comparison-load verification - Epoch:3 Run:3 TotalSize:24000000 ExpectedFieldLength:2400
Avg-run verification - Epoch:3 Run:3 Iteration:23 TotalSize:24000000 ExpectedFieldLength:2400
=== Executing the run phase with extendproportion=0 and read/update proportions=0.5 ===
Arrangement completed. Output saved to ../analysis/Data/Workload_data/postgresql_array_run1_zipfian_light.csv
=== Setting parameter values for extend phase ===
=== Executing the extend phase with extendproportion=1 and other proportions=0 ===
Arrangement completed. Output saved to ../analysis/Data/Workload_data/postgresql_array_run1_zipfian_light.csv
Size computation started
Extend verification - Min:13000 Max:932300 Avg:25000 (Expected avg per record: ~1000 bytes initially)
Generating histogram from key size log: key_sizes.csv
Histogram written to histogram_postgresql_array_zipfian_light.txt (BlockSize = 100)
Appending subsequent iteration 24...
Iteration 24: Appended new size values from key_sizes.csv to ../analysis/Data/Value_size_data/value_sizes_postgresql_array_run1_zipfian_light_before.csv
VACUUM start: 1773498145
VACUUM end: 1773498145
=== Setting parameter values for run phase ===
Checking query plan before run phase
=== Executing the run phase with extendproportion=0 and read/update proportions=0.5 ===
Arrangement completed. Output saved to ../analysis/Data/Workload_data/postgresql_array_run1_zipfian_light.csv
Arrangement completed. Output saved to ../analysis/Data/Workload_data/postgresql_array_run1_zipfian_light.csv
Backing up the database started
Backing up the database finished
Arrangement completed. Output saved to ../analysis/Data/Workload_data/postgresql_array_run1_zipfian_light.csv
Size computation started
Appending subsequent iteration 24...
Iteration 24: Appended new size values from key_sizes.csv to ../analysis/Data/Value_size_data/value_sizes_postgresql_array_run1_zipfian_light_after.csv
Total size: 25000000, Field length average: 2500
Workload file fieldlength set to: 2500 (expected: 2500)
=== Executing the load phase for the comparison study ===
Comparison-load verification - Epoch:3 Run:4 TotalSize:25000000 ExpectedFieldLength:2500
Avg-run verification - Epoch:3 Run:4 Iteration:24 TotalSize:25000000 ExpectedFieldLength:2500
=== Executing the run phase with extendproportion=0 and read/update proportions=0.5 ===
Arrangement completed. Output saved to ../analysis/Data/Workload_data/postgresql_array_run1_zipfian_light.csv
=== Setting parameter values for extend phase ===
=== Executing the extend phase with extendproportion=1 and other proportions=0 ===
Arrangement completed. Output saved to ../analysis/Data/Workload_data/postgresql_array_run1_zipfian_light.csv
Size computation started
Extend verification - Min:13400 Max:971500 Avg:26000 (Expected avg per record: ~1000 bytes initially)
Generating histogram from key size log: key_sizes.csv
Histogram written to histogram_postgresql_array_zipfian_light.txt (BlockSize = 100)
Appending subsequent iteration 25...
Iteration 25: Appended new size values from key_sizes.csv to ../analysis/Data/Value_size_data/value_sizes_postgresql_array_run1_zipfian_light_before.csv
VACUUM start: 1773498199
VACUUM end: 1773498199
=== Setting parameter values for run phase ===
Checking query plan before run phase
=== Executing the run phase with extendproportion=0 and read/update proportions=0.5 ===
Arrangement completed. Output saved to ../analysis/Data/Workload_data/postgresql_array_run1_zipfian_light.csv
Arrangement completed. Output saved to ../analysis/Data/Workload_data/postgresql_array_run1_zipfian_light.csv
Backing up the database started
Backing up the database finished
Arrangement completed. Output saved to ../analysis/Data/Workload_data/postgresql_array_run1_zipfian_light.csv
Size computation started
Appending subsequent iteration 25...
Iteration 25: Appended new size values from key_sizes.csv to ../analysis/Data/Value_size_data/value_sizes_postgresql_array_run1_zipfian_light_after.csv
Total size: 26000000, Field length average: 2600
Workload file fieldlength set to: 2600 (expected: 2600)
=== Executing the load phase for the comparison study ===
Comparison-load verification - Epoch:3 Run:5 TotalSize:26000000 ExpectedFieldLength:2600
Avg-run verification - Epoch:3 Run:5 Iteration:25 TotalSize:26000000 ExpectedFieldLength:2600
=== Executing the run phase with extendproportion=0 and read/update proportions=0.5 ===
Arrangement completed. Output saved to ../analysis/Data/Workload_data/postgresql_array_run1_zipfian_light.csv
=== Setting parameter values for extend phase ===
=== Executing the extend phase with extendproportion=1 and other proportions=0 ===
Arrangement completed. Output saved to ../analysis/Data/Workload_data/postgresql_array_run1_zipfian_light.csv
Size computation started
Extend verification - Min:14300 Max:1009000 Avg:27000 (Expected avg per record: ~1000 bytes initially)
Generating histogram from key size log: key_sizes.csv
Histogram written to histogram_postgresql_array_zipfian_light.txt (BlockSize = 100)
Appending subsequent iteration 26...
Iteration 26: Appended new size values from key_sizes.csv to ../analysis/Data/Value_size_data/value_sizes_postgresql_array_run1_zipfian_light_before.csv
VACUUM start: 1773498253
VACUUM end: 1773498253
=== Setting parameter values for run phase ===
Checking query plan before run phase
=== Executing the run phase with extendproportion=0 and read/update proportions=0.5 ===
Arrangement completed. Output saved to ../analysis/Data/Workload_data/postgresql_array_run1_zipfian_light.csv
Arrangement completed. Output saved to ../analysis/Data/Workload_data/postgresql_array_run1_zipfian_light.csv
Backing up the database started
Backing up the database finished
Arrangement completed. Output saved to ../analysis/Data/Workload_data/postgresql_array_run1_zipfian_light.csv
Size computation started
Appending subsequent iteration 26...
Iteration 26: Appended new size values from key_sizes.csv to ../analysis/Data/Value_size_data/value_sizes_postgresql_array_run1_zipfian_light_after.csv
Total size: 27000000, Field length average: 2700
Workload file fieldlength set to: 2700 (expected: 2700)
=== Executing the load phase for the comparison study ===
Comparison-load verification - Epoch:3 Run:6 TotalSize:27000000 ExpectedFieldLength:2700
Avg-run verification - Epoch:3 Run:6 Iteration:26 TotalSize:27000000 ExpectedFieldLength:2700
=== Executing the run phase with extendproportion=0 and read/update proportions=0.5 ===
Arrangement completed. Output saved to ../analysis/Data/Workload_data/postgresql_array_run1_zipfian_light.csv
=== Setting parameter values for extend phase ===
=== Executing the extend phase with extendproportion=1 and other proportions=0 ===
Arrangement completed. Output saved to ../analysis/Data/Workload_data/postgresql_array_run1_zipfian_light.csv
Size computation started
Extend verification - Min:14400 Max:1045500 Avg:28000 (Expected avg per record: ~1000 bytes initially)
Generating histogram from key size log: key_sizes.csv
Histogram written to histogram_postgresql_array_zipfian_light.txt (BlockSize = 100)
Appending subsequent iteration 27...
Iteration 27: Appended new size values from key_sizes.csv to ../analysis/Data/Value_size_data/value_sizes_postgresql_array_run1_zipfian_light_before.csv
VACUUM start: 1773498309
VACUUM end: 1773498309
=== Setting parameter values for run phase ===
Checking query plan before run phase
=== Executing the run phase with extendproportion=0 and read/update proportions=0.5 ===
Arrangement completed. Output saved to ../analysis/Data/Workload_data/postgresql_array_run1_zipfian_light.csv
Arrangement completed. Output saved to ../analysis/Data/Workload_data/postgresql_array_run1_zipfian_light.csv
Backing up the database started
Backing up the database finished
Arrangement completed. Output saved to ../analysis/Data/Workload_data/postgresql_array_run1_zipfian_light.csv
Size computation started
Appending subsequent iteration 27...
Iteration 27: Appended new size values from key_sizes.csv to ../analysis/Data/Value_size_data/value_sizes_postgresql_array_run1_zipfian_light_after.csv
Total size: 28000000, Field length average: 2800
Workload file fieldlength set to: 2800 (expected: 2800)
=== Executing the load phase for the comparison study ===
Comparison-load verification - Epoch:3 Run:7 TotalSize:28000000 ExpectedFieldLength:2800
Avg-run verification - Epoch:3 Run:7 Iteration:27 TotalSize:28000000 ExpectedFieldLength:2800
=== Executing the run phase with extendproportion=0 and read/update proportions=0.5 ===
Arrangement completed. Output saved to ../analysis/Data/Workload_data/postgresql_array_run1_zipfian_light.csv
=== Setting parameter values for extend phase ===
=== Executing the extend phase with extendproportion=1 and other proportions=0 ===
Arrangement completed. Output saved to ../analysis/Data/Workload_data/postgresql_array_run1_zipfian_light.csv
Size computation started
Extend verification - Min:15100 Max:1083400 Avg:29000 (Expected avg per record: ~1000 bytes initially)
Generating histogram from key size log: key_sizes.csv
Histogram written to histogram_postgresql_array_zipfian_light.txt (BlockSize = 100)
Appending subsequent iteration 28...
Iteration 28: Appended new size values from key_sizes.csv to ../analysis/Data/Value_size_data/value_sizes_postgresql_array_run1_zipfian_light_before.csv
VACUUM start: 1773498365
VACUUM end: 1773498365
=== Setting parameter values for run phase ===
Checking query plan before run phase
=== Executing the run phase with extendproportion=0 and read/update proportions=0.5 ===
Arrangement completed. Output saved to ../analysis/Data/Workload_data/postgresql_array_run1_zipfian_light.csv
Arrangement completed. Output saved to ../analysis/Data/Workload_data/postgresql_array_run1_zipfian_light.csv
Backing up the database started
Backing up the database finished
Arrangement completed. Output saved to ../analysis/Data/Workload_data/postgresql_array_run1_zipfian_light.csv
Size computation started
Appending subsequent iteration 28...
Iteration 28: Appended new size values from key_sizes.csv to ../analysis/Data/Value_size_data/value_sizes_postgresql_array_run1_zipfian_light_after.csv
Total size: 29000000, Field length average: 2900
Workload file fieldlength set to: 2900 (expected: 2900)
=== Executing the load phase for the comparison study ===
Comparison-load verification - Epoch:3 Run:8 TotalSize:29000000 ExpectedFieldLength:2900
Avg-run verification - Epoch:3 Run:8 Iteration:28 TotalSize:29000000 ExpectedFieldLength:2900
=== Executing the run phase with extendproportion=0 and read/update proportions=0.5 ===
Arrangement completed. Output saved to ../analysis/Data/Workload_data/postgresql_array_run1_zipfian_light.csv
=== Setting parameter values for extend phase ===
=== Executing the extend phase with extendproportion=1 and other proportions=0 ===
Arrangement completed. Output saved to ../analysis/Data/Workload_data/postgresql_array_run1_zipfian_light.csv
Size computation started
Extend verification - Min:15600 Max:1125200 Avg:30000 (Expected avg per record: ~1000 bytes initially)
Generating histogram from key size log: key_sizes.csv
Histogram written to histogram_postgresql_array_zipfian_light.txt (BlockSize = 100)
Appending subsequent iteration 29...
Iteration 29: Appended new size values from key_sizes.csv to ../analysis/Data/Value_size_data/value_sizes_postgresql_array_run1_zipfian_light_before.csv
VACUUM start: 1773498423
VACUUM end: 1773498423
=== Setting parameter values for run phase ===
Checking query plan before run phase
=== Executing the run phase with extendproportion=0 and read/update proportions=0.5 ===
Arrangement completed. Output saved to ../analysis/Data/Workload_data/postgresql_array_run1_zipfian_light.csv
Arrangement completed. Output saved to ../analysis/Data/Workload_data/postgresql_array_run1_zipfian_light.csv
Backing up the database started
Backing up the database finished
Arrangement completed. Output saved to ../analysis/Data/Workload_data/postgresql_array_run1_zipfian_light.csv
Size computation started
Appending subsequent iteration 29...
Iteration 29: Appended new size values from key_sizes.csv to ../analysis/Data/Value_size_data/value_sizes_postgresql_array_run1_zipfian_light_after.csv
Total size: 30000000, Field length average: 3000
Workload file fieldlength set to: 3000 (expected: 3000)
=== Executing the load phase for the comparison study ===
Comparison-load verification - Epoch:3 Run:9 TotalSize:30000000 ExpectedFieldLength:3000
Avg-run verification - Epoch:3 Run:9 Iteration:29 TotalSize:30000000 ExpectedFieldLength:3000
=== Executing the run phase with extendproportion=0 and read/update proportions=0.5 ===
Arrangement completed. Output saved to ../analysis/Data/Workload_data/postgresql_array_run1_zipfian_light.csv
=== Setting parameter values for extend phase ===
=== Executing the extend phase with extendproportion=1 and other proportions=0 ===
Arrangement completed. Output saved to ../analysis/Data/Workload_data/postgresql_array_run1_zipfian_light.csv
Size computation started
Extend verification - Min:16300 Max:1163300 Avg:31000 (Expected avg per record: ~1000 bytes initially)
Generating histogram from key size log: key_sizes.csv
Histogram written to histogram_postgresql_array_zipfian_light.txt (BlockSize = 100)
Appending subsequent iteration 30...
Iteration 30: Appended new size values from key_sizes.csv to ../analysis/Data/Value_size_data/value_sizes_postgresql_array_run1_zipfian_light_before.csv
VACUUM start: 1773498481
VACUUM end: 1773498482
=== Setting parameter values for run phase ===
Checking query plan before run phase
=== Executing the run phase with extendproportion=0 and read/update proportions=0.5 ===
Arrangement completed. Output saved to ../analysis/Data/Workload_data/postgresql_array_run1_zipfian_light.csv
Arrangement completed. Output saved to ../analysis/Data/Workload_data/postgresql_array_run1_zipfian_light.csv
Backing up the database started
Backing up the database finished
Arrangement completed. Output saved to ../analysis/Data/Workload_data/postgresql_array_run1_zipfian_light.csv
Size computation started
Appending subsequent iteration 30...
Iteration 30: Appended new size values from key_sizes.csv to ../analysis/Data/Value_size_data/value_sizes_postgresql_array_run1_zipfian_light_after.csv
Total size: 31000000, Field length average: 3100
Workload file fieldlength set to: 3100 (expected: 3100)
=== Executing the load phase for the comparison study ===
Comparison-load verification - Epoch:3 Run:10 TotalSize:31000000 ExpectedFieldLength:3100
Avg-run verification - Epoch:3 Run:10 Iteration:30 TotalSize:31000000 ExpectedFieldLength:3100
=== Executing the run phase with extendproportion=0 and read/update proportions=0.5 ===
Arrangement completed. Output saved to ../analysis/Data/Workload_data/postgresql_array_run1_zipfian_light.csv
=== Setting parameter values for extend phase ===
=== Executing the extend phase with extendproportion=1 and other proportions=0 ===
Arrangement completed. Output saved to ../analysis/Data/Workload_data/postgresql_array_run1_zipfian_light.csv
Size computation started
Extend verification - Min:16800 Max:1200400 Avg:32000 (Expected avg per record: ~1000 bytes initially)
Generating histogram from key size log: key_sizes.csv
Histogram written to histogram_postgresql_array_zipfian_light.txt (BlockSize = 100)
Appending subsequent iteration 31...
Iteration 31: Appended new size values from key_sizes.csv to ../analysis/Data/Value_size_data/value_sizes_postgresql_array_run1_zipfian_light_before.csv
VACUUM start: 1773498541
VACUUM end: 1773498541
=== Setting parameter values for run phase ===
Checking query plan before run phase
=== Executing the run phase with extendproportion=0 and read/update proportions=0.5 ===
Arrangement completed. Output saved to ../analysis/Data/Workload_data/postgresql_array_run1_zipfian_light.csv
Arrangement completed. Output saved to ../analysis/Data/Workload_data/postgresql_array_run1_zipfian_light.csv
Backing up the database started
Backing up the database finished
Arrangement completed. Output saved to ../analysis/Data/Workload_data/postgresql_array_run1_zipfian_light.csv
Size computation started
Appending subsequent iteration 31...
Iteration 31: Appended new size values from key_sizes.csv to ../analysis/Data/Value_size_data/value_sizes_postgresql_array_run1_zipfian_light_after.csv
Total size: 32000000, Field length average: 3200
Workload file fieldlength set to: 3200 (expected: 3200)
=== Executing the load phase for the comparison study ===
Comparison-load verification - Epoch:4 Run:1 TotalSize:32000000 ExpectedFieldLength:3200
Avg-run verification - Epoch:4 Run:1 Iteration:31 TotalSize:32000000 ExpectedFieldLength:3200
=== Executing the run phase with extendproportion=0 and read/update proportions=0.5 ===
Arrangement completed. Output saved to ../analysis/Data/Workload_data/postgresql_array_run1_zipfian_light.csv
=== Setting parameter values for extend phase ===
=== Executing the extend phase with extendproportion=1 and other proportions=0 ===
Arrangement completed. Output saved to ../analysis/Data/Workload_data/postgresql_array_run1_zipfian_light.csv
Size computation started
Extend verification - Min:17500 Max:1239600 Avg:33000 (Expected avg per record: ~1000 bytes initially)
Generating histogram from key size log: key_sizes.csv
Histogram written to histogram_postgresql_array_zipfian_light.txt (BlockSize = 100)
Appending subsequent iteration 32...
Iteration 32: Appended new size values from key_sizes.csv to ../analysis/Data/Value_size_data/value_sizes_postgresql_array_run1_zipfian_light_before.csv
VACUUM start: 1773498602
VACUUM end: 1773498602
=== Setting parameter values for run phase ===
Checking query plan before run phase
=== Executing the run phase with extendproportion=0 and read/update proportions=0.5 ===
Arrangement completed. Output saved to ../analysis/Data/Workload_data/postgresql_array_run1_zipfian_light.csv
Arrangement completed. Output saved to ../analysis/Data/Workload_data/postgresql_array_run1_zipfian_light.csv
Backing up the database started
Backing up the database finished
Arrangement completed. Output saved to ../analysis/Data/Workload_data/postgresql_array_run1_zipfian_light.csv
Size computation started
Appending subsequent iteration 32...
Iteration 32: Appended new size values from key_sizes.csv to ../analysis/Data/Value_size_data/value_sizes_postgresql_array_run1_zipfian_light_after.csv
Total size: 33000000, Field length average: 3300
Workload file fieldlength set to: 3300 (expected: 3300)
=== Executing the load phase for the comparison study ===
Comparison-load verification - Epoch:4 Run:2 TotalSize:33000000 ExpectedFieldLength:3300
Avg-run verification - Epoch:4 Run:2 Iteration:32 TotalSize:33000000 ExpectedFieldLength:3300
=== Executing the run phase with extendproportion=0 and read/update proportions=0.5 ===
Arrangement completed. Output saved to ../analysis/Data/Workload_data/postgresql_array_run1_zipfian_light.csv
=== Setting parameter values for extend phase ===
=== Executing the extend phase with extendproportion=1 and other proportions=0 ===
Arrangement completed. Output saved to ../analysis/Data/Workload_data/postgresql_array_run1_zipfian_light.csv
Size computation started
Extend verification - Min:18000 Max:1277100 Avg:34000 (Expected avg per record: ~1000 bytes initially)
Generating histogram from key size log: key_sizes.csv
Histogram written to histogram_postgresql_array_zipfian_light.txt (BlockSize = 100)
Appending subsequent iteration 33...
Iteration 33: Appended new size values from key_sizes.csv to ../analysis/Data/Value_size_data/value_sizes_postgresql_array_run1_zipfian_light_before.csv
VACUUM start: 1773498664
VACUUM end: 1773498665
=== Setting parameter values for run phase ===
Checking query plan before run phase
=== Executing the run phase with extendproportion=0 and read/update proportions=0.5 ===
Arrangement completed. Output saved to ../analysis/Data/Workload_data/postgresql_array_run1_zipfian_light.csv
Arrangement completed. Output saved to ../analysis/Data/Workload_data/postgresql_array_run1_zipfian_light.csv
Backing up the database started
Backing up the database finished
Arrangement completed. Output saved to ../analysis/Data/Workload_data/postgresql_array_run1_zipfian_light.csv
Size computation started
Appending subsequent iteration 33...
Iteration 33: Appended new size values from key_sizes.csv to ../analysis/Data/Value_size_data/value_sizes_postgresql_array_run1_zipfian_light_after.csv
Total size: 34000000, Field length average: 3400
Workload file fieldlength set to: 3400 (expected: 3400)
=== Executing the load phase for the comparison study ===
Comparison-load verification - Epoch:4 Run:3 TotalSize:34000000 ExpectedFieldLength:3400
Avg-run verification - Epoch:4 Run:3 Iteration:33 TotalSize:34000000 ExpectedFieldLength:3400
=== Executing the run phase with extendproportion=0 and read/update proportions=0.5 ===
Arrangement completed. Output saved to ../analysis/Data/Workload_data/postgresql_array_run1_zipfian_light.csv
=== Setting parameter values for extend phase ===
=== Executing the extend phase with extendproportion=1 and other proportions=0 ===
Arrangement completed. Output saved to ../analysis/Data/Workload_data/postgresql_array_run1_zipfian_light.csv
Size computation started
Extend verification - Min:18500 Max:1317800 Avg:35000 (Expected avg per record: ~1000 bytes initially)
Generating histogram from key size log: key_sizes.csv
Histogram written to histogram_postgresql_array_zipfian_light.txt (BlockSize = 100)
Appending subsequent iteration 34...
Iteration 34: Appended new size values from key_sizes.csv to ../analysis/Data/Value_size_data/value_sizes_postgresql_array_run1_zipfian_light_before.csv
VACUUM start: 1773498726
VACUUM end: 1773498726
=== Setting parameter values for run phase ===
Checking query plan before run phase
=== Executing the run phase with extendproportion=0 and read/update proportions=0.5 ===
Arrangement completed. Output saved to ../analysis/Data/Workload_data/postgresql_array_run1_zipfian_light.csv
Arrangement completed. Output saved to ../analysis/Data/Workload_data/postgresql_array_run1_zipfian_light.csv
Backing up the database started
Backing up the database finished
Arrangement completed. Output saved to ../analysis/Data/Workload_data/postgresql_array_run1_zipfian_light.csv
Size computation started
Appending subsequent iteration 34...
Iteration 34: Appended new size values from key_sizes.csv to ../analysis/Data/Value_size_data/value_sizes_postgresql_array_run1_zipfian_light_after.csv
Total size: 35000000, Field length average: 3500
Workload file fieldlength set to: 3500 (expected: 3500)
=== Executing the load phase for the comparison study ===
Comparison-load verification - Epoch:4 Run:4 TotalSize:35000000 ExpectedFieldLength:3500
Avg-run verification - Epoch:4 Run:4 Iteration:34 TotalSize:35000000 ExpectedFieldLength:3500
=== Executing the run phase with extendproportion=0 and read/update proportions=0.5 ===
Arrangement completed. Output saved to ../analysis/Data/Workload_data/postgresql_array_run1_zipfian_light.csv
=== Setting parameter values for extend phase ===
=== Executing the extend phase with extendproportion=1 and other proportions=0 ===
Arrangement completed. Output saved to ../analysis/Data/Workload_data/postgresql_array_run1_zipfian_light.csv
Size computation started
Extend verification - Min:19100 Max:1357500 Avg:36000 (Expected avg per record: ~1000 bytes initially)
Generating histogram from key size log: key_sizes.csv
Histogram written to histogram_postgresql_array_zipfian_light.txt (BlockSize = 100)
Appending subsequent iteration 35...
Iteration 35: Appended new size values from key_sizes.csv to ../analysis/Data/Value_size_data/value_sizes_postgresql_array_run1_zipfian_light_before.csv
VACUUM start: 1773498787
VACUUM end: 1773498788
=== Setting parameter values for run phase ===
Checking query plan before run phase
=== Executing the run phase with extendproportion=0 and read/update proportions=0.5 ===
Arrangement completed. Output saved to ../analysis/Data/Workload_data/postgresql_array_run1_zipfian_light.csv
Arrangement completed. Output saved to ../analysis/Data/Workload_data/postgresql_array_run1_zipfian_light.csv
Backing up the database started
Backing up the database finished
Arrangement completed. Output saved to ../analysis/Data/Workload_data/postgresql_array_run1_zipfian_light.csv
Size computation started
Appending subsequent iteration 35...
Iteration 35: Appended new size values from key_sizes.csv to ../analysis/Data/Value_size_data/value_sizes_postgresql_array_run1_zipfian_light_after.csv
Total size: 36000000, Field length average: 3600
Workload file fieldlength set to: 3600 (expected: 3600)
=== Executing the load phase for the comparison study ===
Comparison-load verification - Epoch:4 Run:5 TotalSize:36000000 ExpectedFieldLength:3600
Avg-run verification - Epoch:4 Run:5 Iteration:35 TotalSize:36000000 ExpectedFieldLength:3600
=== Executing the run phase with extendproportion=0 and read/update proportions=0.5 ===
Arrangement completed. Output saved to ../analysis/Data/Workload_data/postgresql_array_run1_zipfian_light.csv
=== Setting parameter values for extend phase ===
=== Executing the extend phase with extendproportion=1 and other proportions=0 ===
Arrangement completed. Output saved to ../analysis/Data/Workload_data/postgresql_array_run1_zipfian_light.csv
Size computation started
Extend verification - Min:19500 Max:1398400 Avg:37000 (Expected avg per record: ~1000 bytes initially)
Generating histogram from key size log: key_sizes.csv
Histogram written to histogram_postgresql_array_zipfian_light.txt (BlockSize = 100)
Appending subsequent iteration 36...
Iteration 36: Appended new size values from key_sizes.csv to ../analysis/Data/Value_size_data/value_sizes_postgresql_array_run1_zipfian_light_before.csv
VACUUM start: 1773498851
VACUUM end: 1773498852
=== Setting parameter values for run phase ===
Checking query plan before run phase
=== Executing the run phase with extendproportion=0 and read/update proportions=0.5 ===
Arrangement completed. Output saved to ../analysis/Data/Workload_data/postgresql_array_run1_zipfian_light.csv
Arrangement completed. Output saved to ../analysis/Data/Workload_data/postgresql_array_run1_zipfian_light.csv
Backing up the database started
Backing up the database finished
Arrangement completed. Output saved to ../analysis/Data/Workload_data/postgresql_array_run1_zipfian_light.csv
Size computation started
Appending subsequent iteration 36...
Iteration 36: Appended new size values from key_sizes.csv to ../analysis/Data/Value_size_data/value_sizes_postgresql_array_run1_zipfian_light_after.csv
Total size: 37000000, Field length average: 3700
Workload file fieldlength set to: 3700 (expected: 3700)
=== Executing the load phase for the comparison study ===
Comparison-load verification - Epoch:4 Run:6 TotalSize:37000000 ExpectedFieldLength:3700
Avg-run verification - Epoch:4 Run:6 Iteration:36 TotalSize:37000000 ExpectedFieldLength:3700
=== Executing the run phase with extendproportion=0 and read/update proportions=0.5 ===
Arrangement completed. Output saved to ../analysis/Data/Workload_data/postgresql_array_run1_zipfian_light.csv
=== Setting parameter values for extend phase ===
=== Executing the extend phase with extendproportion=1 and other proportions=0 ===
Arrangement completed. Output saved to ../analysis/Data/Workload_data/postgresql_array_run1_zipfian_light.csv
Size computation started
Extend verification - Min:20400 Max:1437300 Avg:38000 (Expected avg per record: ~1000 bytes initially)
Generating histogram from key size log: key_sizes.csv
Histogram written to histogram_postgresql_array_zipfian_light.txt (BlockSize = 100)
Appending subsequent iteration 37...
Iteration 37: Appended new size values from key_sizes.csv to ../analysis/Data/Value_size_data/value_sizes_postgresql_array_run1_zipfian_light_before.csv
VACUUM start: 1773498915
VACUUM end: 1773498916
=== Setting parameter values for run phase ===
Checking query plan before run phase
=== Executing the run phase with extendproportion=0 and read/update proportions=0.5 ===
Arrangement completed. Output saved to ../analysis/Data/Workload_data/postgresql_array_run1_zipfian_light.csv
Arrangement completed. Output saved to ../analysis/Data/Workload_data/postgresql_array_run1_zipfian_light.csv
Backing up the database started
Backing up the database finished
Arrangement completed. Output saved to ../analysis/Data/Workload_data/postgresql_array_run1_zipfian_light.csv
Size computation started
Appending subsequent iteration 37...
Iteration 37: Appended new size values from key_sizes.csv to ../analysis/Data/Value_size_data/value_sizes_postgresql_array_run1_zipfian_light_after.csv
Total size: 38000000, Field length average: 3800
Workload file fieldlength set to: 3800 (expected: 3800)
=== Executing the load phase for the comparison study ===
Comparison-load verification - Epoch:4 Run:7 TotalSize:38000000 ExpectedFieldLength:3800
Avg-run verification - Epoch:4 Run:7 Iteration:37 TotalSize:38000000 ExpectedFieldLength:3800
=== Executing the run phase with extendproportion=0 and read/update proportions=0.5 ===
Arrangement completed. Output saved to ../analysis/Data/Workload_data/postgresql_array_run1_zipfian_light.csv
=== Setting parameter values for extend phase ===
=== Executing the extend phase with extendproportion=1 and other proportions=0 ===
Arrangement completed. Output saved to ../analysis/Data/Workload_data/postgresql_array_run1_zipfian_light.csv
Size computation started
Extend verification - Min:21000 Max:1475100 Avg:39000 (Expected avg per record: ~1000 bytes initially)
Generating histogram from key size log: key_sizes.csv
Histogram written to histogram_postgresql_array_zipfian_light.txt (BlockSize = 100)
Appending subsequent iteration 38...
Iteration 38: Appended new size values from key_sizes.csv to ../analysis/Data/Value_size_data/value_sizes_postgresql_array_run1_zipfian_light_before.csv
VACUUM start: 1773498980
VACUUM end: 1773498981
=== Setting parameter values for run phase ===
Checking query plan before run phase
=== Executing the run phase with extendproportion=0 and read/update proportions=0.5 ===
Arrangement completed. Output saved to ../analysis/Data/Workload_data/postgresql_array_run1_zipfian_light.csv
Arrangement completed. Output saved to ../analysis/Data/Workload_data/postgresql_array_run1_zipfian_light.csv
Backing up the database started
Backing up the database finished
Arrangement completed. Output saved to ../analysis/Data/Workload_data/postgresql_array_run1_zipfian_light.csv
Size computation started
Appending subsequent iteration 38...
Iteration 38: Appended new size values from key_sizes.csv to ../analysis/Data/Value_size_data/value_sizes_postgresql_array_run1_zipfian_light_after.csv
Total size: 39000000, Field length average: 3900
Workload file fieldlength set to: 3900 (expected: 3900)
=== Executing the load phase for the comparison study ===
Comparison-load verification - Epoch:4 Run:8 TotalSize:39000000 ExpectedFieldLength:3900
Avg-run verification - Epoch:4 Run:8 Iteration:38 TotalSize:39000000 ExpectedFieldLength:3900
=== Executing the run phase with extendproportion=0 and read/update proportions=0.5 ===
Arrangement completed. Output saved to ../analysis/Data/Workload_data/postgresql_array_run1_zipfian_light.csv
=== Setting parameter values for extend phase ===
=== Executing the extend phase with extendproportion=1 and other proportions=0 ===
Arrangement completed. Output saved to ../analysis/Data/Workload_data/postgresql_array_run1_zipfian_light.csv
Size computation started
Extend verification - Min:21700 Max:1516000 Avg:40000 (Expected avg per record: ~1000 bytes initially)
Generating histogram from key size log: key_sizes.csv
Histogram written to histogram_postgresql_array_zipfian_light.txt (BlockSize = 100)
Appending subsequent iteration 39...
Iteration 39: Appended new size values from key_sizes.csv to ../analysis/Data/Value_size_data/value_sizes_postgresql_array_run1_zipfian_light_before.csv
VACUUM start: 1773499046
VACUUM end: 1773499047
=== Setting parameter values for run phase ===
Checking query plan before run phase
=== Executing the run phase with extendproportion=0 and read/update proportions=0.5 ===
Arrangement completed. Output saved to ../analysis/Data/Workload_data/postgresql_array_run1_zipfian_light.csv
Arrangement completed. Output saved to ../analysis/Data/Workload_data/postgresql_array_run1_zipfian_light.csv
Backing up the database started
Backing up the database finished
Arrangement completed. Output saved to ../analysis/Data/Workload_data/postgresql_array_run1_zipfian_light.csv
Size computation started
Appending subsequent iteration 39...
Iteration 39: Appended new size values from key_sizes.csv to ../analysis/Data/Value_size_data/value_sizes_postgresql_array_run1_zipfian_light_after.csv
Total size: 40000000, Field length average: 4000
Workload file fieldlength set to: 4000 (expected: 4000)
=== Executing the load phase for the comparison study ===
Comparison-load verification - Epoch:4 Run:9 TotalSize:40000000 ExpectedFieldLength:4000
Avg-run verification - Epoch:4 Run:9 Iteration:39 TotalSize:40000000 ExpectedFieldLength:4000
=== Executing the run phase with extendproportion=0 and read/update proportions=0.5 ===
Arrangement completed. Output saved to ../analysis/Data/Workload_data/postgresql_array_run1_zipfian_light.csv
=== Setting parameter values for extend phase ===
=== Executing the extend phase with extendproportion=1 and other proportions=0 ===
Arrangement completed. Output saved to ../analysis/Data/Workload_data/postgresql_array_run1_zipfian_light.csv
Size computation started
Extend verification - Min:22100 Max:1553100 Avg:41000 (Expected avg per record: ~1000 bytes initially)
Generating histogram from key size log: key_sizes.csv
Histogram written to histogram_postgresql_array_zipfian_light.txt (BlockSize = 100)
Appending subsequent iteration 40...
Iteration 40: Appended new size values from key_sizes.csv to ../analysis/Data/Value_size_data/value_sizes_postgresql_array_run1_zipfian_light_before.csv
VACUUM start: 1773499113
VACUUM end: 1773499114
=== Setting parameter values for run phase ===
Checking query plan before run phase
=== Executing the run phase with extendproportion=0 and read/update proportions=0.5 ===
Arrangement completed. Output saved to ../analysis/Data/Workload_data/postgresql_array_run1_zipfian_light.csv
Arrangement completed. Output saved to ../analysis/Data/Workload_data/postgresql_array_run1_zipfian_light.csv
Backing up the database started
Backing up the database finished
Arrangement completed. Output saved to ../analysis/Data/Workload_data/postgresql_array_run1_zipfian_light.csv
Size computation started
Appending subsequent iteration 40...
Iteration 40: Appended new size values from key_sizes.csv to ../analysis/Data/Value_size_data/value_sizes_postgresql_array_run1_zipfian_light_after.csv
Total size: 41000000, Field length average: 4100
Workload file fieldlength set to: 4100 (expected: 4100)
=== Executing the load phase for the comparison study ===
Comparison-load verification - Epoch:4 Run:10 TotalSize:41000000 ExpectedFieldLength:4100
Avg-run verification - Epoch:4 Run:10 Iteration:40 TotalSize:41000000 ExpectedFieldLength:4100
=== Executing the run phase with extendproportion=0 and read/update proportions=0.5 ===
Arrangement completed. Output saved to ../analysis/Data/Workload_data/postgresql_array_run1_zipfian_light.csv
=== Setting parameter values for extend phase ===
=== Executing the extend phase with extendproportion=1 and other proportions=0 ===
Arrangement completed. Output saved to ../analysis/Data/Workload_data/postgresql_array_run1_zipfian_light.csv
Size computation started
Extend verification - Min:22600 Max:1593900 Avg:42000 (Expected avg per record: ~1000 bytes initially)
Generating histogram from key size log: key_sizes.csv
Histogram written to histogram_postgresql_array_zipfian_light.txt (BlockSize = 100)
Appending subsequent iteration 41...
Iteration 41: Appended new size values from key_sizes.csv to ../analysis/Data/Value_size_data/value_sizes_postgresql_array_run1_zipfian_light_before.csv
VACUUM start: 1773499181
VACUUM end: 1773499182
=== Setting parameter values for run phase ===
Checking query plan before run phase
=== Executing the run phase with extendproportion=0 and read/update proportions=0.5 ===
Arrangement completed. Output saved to ../analysis/Data/Workload_data/postgresql_array_run1_zipfian_light.csv
Arrangement completed. Output saved to ../analysis/Data/Workload_data/postgresql_array_run1_zipfian_light.csv
Backing up the database started
Backing up the database finished
Arrangement completed. Output saved to ../analysis/Data/Workload_data/postgresql_array_run1_zipfian_light.csv
Size computation started
Appending subsequent iteration 41...
Iteration 41: Appended new size values from key_sizes.csv to ../analysis/Data/Value_size_data/value_sizes_postgresql_array_run1_zipfian_light_after.csv
Total size: 42000000, Field length average: 4200
Workload file fieldlength set to: 4200 (expected: 4200)
=== Executing the load phase for the comparison study ===
Comparison-load verification - Epoch:5 Run:1 TotalSize:42000000 ExpectedFieldLength:4200
Avg-run verification - Epoch:5 Run:1 Iteration:41 TotalSize:42000000 ExpectedFieldLength:4200
=== Executing the run phase with extendproportion=0 and read/update proportions=0.5 ===
Arrangement completed. Output saved to ../analysis/Data/Workload_data/postgresql_array_run1_zipfian_light.csv
=== Setting parameter values for extend phase ===
=== Executing the extend phase with extendproportion=1 and other proportions=0 ===
Arrangement completed. Output saved to ../analysis/Data/Workload_data/postgresql_array_run1_zipfian_light.csv
Size computation started
Extend verification - Min:23000 Max:1630000 Avg:43000 (Expected avg per record: ~1000 bytes initially)
Generating histogram from key size log: key_sizes.csv
Histogram written to histogram_postgresql_array_zipfian_light.txt (BlockSize = 100)
Appending subsequent iteration 42...
Iteration 42: Appended new size values from key_sizes.csv to ../analysis/Data/Value_size_data/value_sizes_postgresql_array_run1_zipfian_light_before.csv
VACUUM start: 1773499248
VACUUM end: 1773499250
=== Setting parameter values for run phase ===
Checking query plan before run phase
=== Executing the run phase with extendproportion=0 and read/update proportions=0.5 ===
Arrangement completed. Output saved to ../analysis/Data/Workload_data/postgresql_array_run1_zipfian_light.csv
Arrangement completed. Output saved to ../analysis/Data/Workload_data/postgresql_array_run1_zipfian_light.csv
Backing up the database started
Backing up the database finished
Arrangement completed. Output saved to ../analysis/Data/Workload_data/postgresql_array_run1_zipfian_light.csv
Size computation started
Appending subsequent iteration 42...
Iteration 42: Appended new size values from key_sizes.csv to ../analysis/Data/Value_size_data/value_sizes_postgresql_array_run1_zipfian_light_after.csv
Total size: 43000000, Field length average: 4300
Workload file fieldlength set to: 4300 (expected: 4300)
=== Executing the load phase for the comparison study ===
Comparison-load verification - Epoch:5 Run:2 TotalSize:43000000 ExpectedFieldLength:4300
Avg-run verification - Epoch:5 Run:2 Iteration:42 TotalSize:43000000 ExpectedFieldLength:4300
=== Executing the run phase with extendproportion=0 and read/update proportions=0.5 ===
Arrangement completed. Output saved to ../analysis/Data/Workload_data/postgresql_array_run1_zipfian_light.csv
=== Setting parameter values for extend phase ===
=== Executing the extend phase with extendproportion=1 and other proportions=0 ===
Arrangement completed. Output saved to ../analysis/Data/Workload_data/postgresql_array_run1_zipfian_light.csv
Size computation started
Extend verification - Min:23500 Max:1670200 Avg:44000 (Expected avg per record: ~1000 bytes initially)
Generating histogram from key size log: key_sizes.csv
Histogram written to histogram_postgresql_array_zipfian_light.txt (BlockSize = 100)
Appending subsequent iteration 43...
Iteration 43: Appended new size values from key_sizes.csv to ../analysis/Data/Value_size_data/value_sizes_postgresql_array_run1_zipfian_light_before.csv
VACUUM start: 1773499317
VACUUM end: 1773499318
=== Setting parameter values for run phase ===
Checking query plan before run phase
=== Executing the run phase with extendproportion=0 and read/update proportions=0.5 ===
Arrangement completed. Output saved to ../analysis/Data/Workload_data/postgresql_array_run1_zipfian_light.csv
Arrangement completed. Output saved to ../analysis/Data/Workload_data/postgresql_array_run1_zipfian_light.csv
Backing up the database started
Backing up the database finished
Arrangement completed. Output saved to ../analysis/Data/Workload_data/postgresql_array_run1_zipfian_light.csv
Size computation started
Appending subsequent iteration 43...
Iteration 43: Appended new size values from key_sizes.csv to ../analysis/Data/Value_size_data/value_sizes_postgresql_array_run1_zipfian_light_after.csv
Total size: 44000000, Field length average: 4400
Workload file fieldlength set to: 4400 (expected: 4400)
=== Executing the load phase for the comparison study ===
Comparison-load verification - Epoch:5 Run:3 TotalSize:44000000 ExpectedFieldLength:4400
Avg-run verification - Epoch:5 Run:3 Iteration:43 TotalSize:44000000 ExpectedFieldLength:4400
=== Executing the run phase with extendproportion=0 and read/update proportions=0.5 ===
Arrangement completed. Output saved to ../analysis/Data/Workload_data/postgresql_array_run1_zipfian_light.csv
=== Setting parameter values for extend phase ===
=== Executing the extend phase with extendproportion=1 and other proportions=0 ===
Arrangement completed. Output saved to ../analysis/Data/Workload_data/postgresql_array_run1_zipfian_light.csv
Size computation started
Extend verification - Min:24000 Max:1711000 Avg:45000 (Expected avg per record: ~1000 bytes initially)
Generating histogram from key size log: key_sizes.csv
Histogram written to histogram_postgresql_array_zipfian_light.txt (BlockSize = 100)
Appending subsequent iteration 44...
Iteration 44: Appended new size values from key_sizes.csv to ../analysis/Data/Value_size_data/value_sizes_postgresql_array_run1_zipfian_light_before.csv
VACUUM start: 1773499385
VACUUM end: 1773499387
=== Setting parameter values for run phase ===
Checking query plan before run phase
=== Executing the run phase with extendproportion=0 and read/update proportions=0.5 ===
Arrangement completed. Output saved to ../analysis/Data/Workload_data/postgresql_array_run1_zipfian_light.csv
Arrangement completed. Output saved to ../analysis/Data/Workload_data/postgresql_array_run1_zipfian_light.csv
Backing up the database started
Backing up the database finished
Arrangement completed. Output saved to ../analysis/Data/Workload_data/postgresql_array_run1_zipfian_light.csv
Size computation started
Appending subsequent iteration 44...
Iteration 44: Appended new size values from key_sizes.csv to ../analysis/Data/Value_size_data/value_sizes_postgresql_array_run1_zipfian_light_after.csv
Total size: 45000000, Field length average: 4500
Workload file fieldlength set to: 4500 (expected: 4500)
=== Executing the load phase for the comparison study ===
Comparison-load verification - Epoch:5 Run:4 TotalSize:45000000 ExpectedFieldLength:4500
Avg-run verification - Epoch:5 Run:4 Iteration:44 TotalSize:45000000 ExpectedFieldLength:4500
=== Executing the run phase with extendproportion=0 and read/update proportions=0.5 ===
Arrangement completed. Output saved to ../analysis/Data/Workload_data/postgresql_array_run1_zipfian_light.csv
=== Setting parameter values for extend phase ===
=== Executing the extend phase with extendproportion=1 and other proportions=0 ===
Arrangement completed. Output saved to ../analysis/Data/Workload_data/postgresql_array_run1_zipfian_light.csv
Size computation started
Extend verification - Min:24400 Max:1745000 Avg:46000 (Expected avg per record: ~1000 bytes initially)
Generating histogram from key size log: key_sizes.csv
Histogram written to histogram_postgresql_array_zipfian_light.txt (BlockSize = 100)
Appending subsequent iteration 45...
Iteration 45: Appended new size values from key_sizes.csv to ../analysis/Data/Value_size_data/value_sizes_postgresql_array_run1_zipfian_light_before.csv
VACUUM start: 1773499453
VACUUM end: 1773499455
=== Setting parameter values for run phase ===
Checking query plan before run phase
=== Executing the run phase with extendproportion=0 and read/update proportions=0.5 ===
Arrangement completed. Output saved to ../analysis/Data/Workload_data/postgresql_array_run1_zipfian_light.csv
Arrangement completed. Output saved to ../analysis/Data/Workload_data/postgresql_array_run1_zipfian_light.csv
Backing up the database started
Backing up the database finished
Arrangement completed. Output saved to ../analysis/Data/Workload_data/postgresql_array_run1_zipfian_light.csv
Size computation started
Appending subsequent iteration 45...
Iteration 45: Appended new size values from key_sizes.csv to ../analysis/Data/Value_size_data/value_sizes_postgresql_array_run1_zipfian_light_after.csv
Total size: 46000000, Field length average: 4600
Workload file fieldlength set to: 4600 (expected: 4600)
=== Executing the load phase for the comparison study ===
Comparison-load verification - Epoch:5 Run:5 TotalSize:46000000 ExpectedFieldLength:4600
Avg-run verification - Epoch:5 Run:5 Iteration:45 TotalSize:46000000 ExpectedFieldLength:4600
=== Executing the run phase with extendproportion=0 and read/update proportions=0.5 ===
Arrangement completed. Output saved to ../analysis/Data/Workload_data/postgresql_array_run1_zipfian_light.csv
=== Setting parameter values for extend phase ===
=== Executing the extend phase with extendproportion=1 and other proportions=0 ===
Arrangement completed. Output saved to ../analysis/Data/Workload_data/postgresql_array_run1_zipfian_light.csv
Size computation started
Extend verification - Min:24600 Max:1782300 Avg:47000 (Expected avg per record: ~1000 bytes initially)
Generating histogram from key size log: key_sizes.csv
Histogram written to histogram_postgresql_array_zipfian_light.txt (BlockSize = 100)
Appending subsequent iteration 46...
Iteration 46: Appended new size values from key_sizes.csv to ../analysis/Data/Value_size_data/value_sizes_postgresql_array_run1_zipfian_light_before.csv
VACUUM start: 1773499523
VACUUM end: 1773499525
=== Setting parameter values for run phase ===
Checking query plan before run phase
=== Executing the run phase with extendproportion=0 and read/update proportions=0.5 ===
Arrangement completed. Output saved to ../analysis/Data/Workload_data/postgresql_array_run1_zipfian_light.csv
Arrangement completed. Output saved to ../analysis/Data/Workload_data/postgresql_array_run1_zipfian_light.csv
Backing up the database started
Backing up the database finished
Arrangement completed. Output saved to ../analysis/Data/Workload_data/postgresql_array_run1_zipfian_light.csv
Size computation started
Appending subsequent iteration 46...
Iteration 46: Appended new size values from key_sizes.csv to ../analysis/Data/Value_size_data/value_sizes_postgresql_array_run1_zipfian_light_after.csv
Total size: 47000000, Field length average: 4700
Workload file fieldlength set to: 4700 (expected: 4700)
=== Executing the load phase for the comparison study ===
Comparison-load verification - Epoch:5 Run:6 TotalSize:47000000 ExpectedFieldLength:4700
Avg-run verification - Epoch:5 Run:6 Iteration:46 TotalSize:47000000 ExpectedFieldLength:4700
=== Executing the run phase with extendproportion=0 and read/update proportions=0.5 ===
Arrangement completed. Output saved to ../analysis/Data/Workload_data/postgresql_array_run1_zipfian_light.csv
=== Setting parameter values for extend phase ===
=== Executing the extend phase with extendproportion=1 and other proportions=0 ===
Arrangement completed. Output saved to ../analysis/Data/Workload_data/postgresql_array_run1_zipfian_light.csv
Size computation started
Extend verification - Min:25200 Max:1819100 Avg:48000 (Expected avg per record: ~1000 bytes initially)
Generating histogram from key size log: key_sizes.csv
Histogram written to histogram_postgresql_array_zipfian_light.txt (BlockSize = 100)
Appending subsequent iteration 47...
Iteration 47: Appended new size values from key_sizes.csv to ../analysis/Data/Value_size_data/value_sizes_postgresql_array_run1_zipfian_light_before.csv
VACUUM start: 1773499594
VACUUM end: 1773499595
=== Setting parameter values for run phase ===
Checking query plan before run phase
=== Executing the run phase with extendproportion=0 and read/update proportions=0.5 ===
Arrangement completed. Output saved to ../analysis/Data/Workload_data/postgresql_array_run1_zipfian_light.csv
Arrangement completed. Output saved to ../analysis/Data/Workload_data/postgresql_array_run1_zipfian_light.csv
Backing up the database started
Backing up the database finished
Arrangement completed. Output saved to ../analysis/Data/Workload_data/postgresql_array_run1_zipfian_light.csv
Size computation started
Appending subsequent iteration 47...
Iteration 47: Appended new size values from key_sizes.csv to ../analysis/Data/Value_size_data/value_sizes_postgresql_array_run1_zipfian_light_after.csv
Total size: 48000000, Field length average: 4800
Workload file fieldlength set to: 4800 (expected: 4800)
=== Executing the load phase for the comparison study ===
Comparison-load verification - Epoch:5 Run:7 TotalSize:48000000 ExpectedFieldLength:4800
Avg-run verification - Epoch:5 Run:7 Iteration:47 TotalSize:48000000 ExpectedFieldLength:4800
=== Executing the run phase with extendproportion=0 and read/update proportions=0.5 ===
Arrangement completed. Output saved to ../analysis/Data/Workload_data/postgresql_array_run1_zipfian_light.csv
=== Setting parameter values for extend phase ===
=== Executing the extend phase with extendproportion=1 and other proportions=0 ===
Arrangement completed. Output saved to ../analysis/Data/Workload_data/postgresql_array_run1_zipfian_light.csv
Size computation started
Extend verification - Min:25600 Max:1857600 Avg:49000 (Expected avg per record: ~1000 bytes initially)
Generating histogram from key size log: key_sizes.csv
Histogram written to histogram_postgresql_array_zipfian_light.txt (BlockSize = 100)
Appending subsequent iteration 48...
Iteration 48: Appended new size values from key_sizes.csv to ../analysis/Data/Value_size_data/value_sizes_postgresql_array_run1_zipfian_light_before.csv
VACUUM start: 1773499666
VACUUM end: 1773499667
=== Setting parameter values for run phase ===
Checking query plan before run phase
=== Executing the run phase with extendproportion=0 and read/update proportions=0.5 ===
Arrangement completed. Output saved to ../analysis/Data/Workload_data/postgresql_array_run1_zipfian_light.csv
Arrangement completed. Output saved to ../analysis/Data/Workload_data/postgresql_array_run1_zipfian_light.csv
Backing up the database started
Backing up the database finished
Arrangement completed. Output saved to ../analysis/Data/Workload_data/postgresql_array_run1_zipfian_light.csv
Size computation started
Appending subsequent iteration 48...
Iteration 48: Appended new size values from key_sizes.csv to ../analysis/Data/Value_size_data/value_sizes_postgresql_array_run1_zipfian_light_after.csv
Total size: 49000000, Field length average: 4900
Workload file fieldlength set to: 4900 (expected: 4900)
=== Executing the load phase for the comparison study ===
Comparison-load verification - Epoch:5 Run:8 TotalSize:49000000 ExpectedFieldLength:4900
Avg-run verification - Epoch:5 Run:8 Iteration:48 TotalSize:49000000 ExpectedFieldLength:4900
=== Executing the run phase with extendproportion=0 and read/update proportions=0.5 ===
Arrangement completed. Output saved to ../analysis/Data/Workload_data/postgresql_array_run1_zipfian_light.csv
=== Setting parameter values for extend phase ===
=== Executing the extend phase with extendproportion=1 and other proportions=0 ===
Arrangement completed. Output saved to ../analysis/Data/Workload_data/postgresql_array_run1_zipfian_light.csv
Size computation started
Extend verification - Min:26000 Max:1896800 Avg:50000 (Expected avg per record: ~1000 bytes initially)
Generating histogram from key size log: key_sizes.csv
Histogram written to histogram_postgresql_array_zipfian_light.txt (BlockSize = 100)
Appending subsequent iteration 49...
Iteration 49: Appended new size values from key_sizes.csv to ../analysis/Data/Value_size_data/value_sizes_postgresql_array_run1_zipfian_light_before.csv
VACUUM start: 1773499738
VACUUM end: 1773499740
=== Setting parameter values for run phase ===
Checking query plan before run phase
=== Executing the run phase with extendproportion=0 and read/update proportions=0.5 ===
Arrangement completed. Output saved to ../analysis/Data/Workload_data/postgresql_array_run1_zipfian_light.csv
Arrangement completed. Output saved to ../analysis/Data/Workload_data/postgresql_array_run1_zipfian_light.csv
Backing up the database started
Backing up the database finished
Arrangement completed. Output saved to ../analysis/Data/Workload_data/postgresql_array_run1_zipfian_light.csv
Size computation started
Appending subsequent iteration 49...
Iteration 49: Appended new size values from key_sizes.csv to ../analysis/Data/Value_size_data/value_sizes_postgresql_array_run1_zipfian_light_after.csv
Total size: 50000000, Field length average: 5000
Workload file fieldlength set to: 5000 (expected: 5000)
=== Executing the load phase for the comparison study ===
Comparison-load verification - Epoch:5 Run:9 TotalSize:50000000 ExpectedFieldLength:5000
Avg-run verification - Epoch:5 Run:9 Iteration:49 TotalSize:50000000 ExpectedFieldLength:5000
=== Executing the run phase with extendproportion=0 and read/update proportions=0.5 ===
Arrangement completed. Output saved to ../analysis/Data/Workload_data/postgresql_array_run1_zipfian_light.csv
=== Setting parameter values for extend phase ===
=== Executing the extend phase with extendproportion=1 and other proportions=0 ===
Arrangement completed. Output saved to ../analysis/Data/Workload_data/postgresql_array_run1_zipfian_light.csv
Size computation started
Extend verification - Min:26800 Max:1936100 Avg:51000 (Expected avg per record: ~1000 bytes initially)
Generating histogram from key size log: key_sizes.csv
Histogram written to histogram_postgresql_array_zipfian_light.txt (BlockSize = 100)
Appending subsequent iteration 50...
Iteration 50: Appended new size values from key_sizes.csv to ../analysis/Data/Value_size_data/value_sizes_postgresql_array_run1_zipfian_light_before.csv
VACUUM start: 1773499810
VACUUM end: 1773499813
=== Setting parameter values for run phase ===
Checking query plan before run phase
=== Executing the run phase with extendproportion=0 and read/update proportions=0.5 ===
Arrangement completed. Output saved to ../analysis/Data/Workload_data/postgresql_array_run1_zipfian_light.csv
Arrangement completed. Output saved to ../analysis/Data/Workload_data/postgresql_array_run1_zipfian_light.csv
Backing up the database started
Backing up the database finished
Arrangement completed. Output saved to ../analysis/Data/Workload_data/postgresql_array_run1_zipfian_light.csv
Size computation started
Appending subsequent iteration 50...
Iteration 50: Appended new size values from key_sizes.csv to ../analysis/Data/Value_size_data/value_sizes_postgresql_array_run1_zipfian_light_after.csv
Total size: 51000000, Field length average: 5100
Workload file fieldlength set to: 5100 (expected: 5100)
=== Executing the load phase for the comparison study ===
Comparison-load verification - Epoch:5 Run:10 TotalSize:51000000 ExpectedFieldLength:5100
Avg-run verification - Epoch:5 Run:10 Iteration:50 TotalSize:51000000 ExpectedFieldLength:5100
=== Executing the run phase with extendproportion=0 and read/update proportions=0.5 ===
Arrangement completed. Output saved to ../analysis/Data/Workload_data/postgresql_array_run1_zipfian_light.csv
=== Setting parameter values for extend phase ===
=== Executing the extend phase with extendproportion=1 and other proportions=0 ===
Arrangement completed. Output saved to ../analysis/Data/Workload_data/postgresql_array_run1_zipfian_light.csv
Size computation started
Extend verification - Min:27700 Max:1977100 Avg:52000 (Expected avg per record: ~1000 bytes initially)
Generating histogram from key size log: key_sizes.csv
Histogram written to histogram_postgresql_array_zipfian_light.txt (BlockSize = 100)
Appending subsequent iteration 51...
Iteration 51: Appended new size values from key_sizes.csv to ../analysis/Data/Value_size_data/value_sizes_postgresql_array_run1_zipfian_light_before.csv
VACUUM start: 1773499884
VACUUM end: 1773499886
=== Setting parameter values for run phase ===
Checking query plan before run phase
=== Executing the run phase with extendproportion=0 and read/update proportions=0.5 ===
Arrangement completed. Output saved to ../analysis/Data/Workload_data/postgresql_array_run1_zipfian_light.csv
Arrangement completed. Output saved to ../analysis/Data/Workload_data/postgresql_array_run1_zipfian_light.csv
Backing up the database started
Backing up the database finished
Arrangement completed. Output saved to ../analysis/Data/Workload_data/postgresql_array_run1_zipfian_light.csv
Size computation started
Appending subsequent iteration 51...
Iteration 51: Appended new size values from key_sizes.csv to ../analysis/Data/Value_size_data/value_sizes_postgresql_array_run1_zipfian_light_after.csv
Total size: 52000000, Field length average: 5200
Workload file fieldlength set to: 5200 (expected: 5200)
=== Executing the load phase for the comparison study ===
Comparison-load verification - Epoch:6 Run:1 TotalSize:52000000 ExpectedFieldLength:5200
Avg-run verification - Epoch:6 Run:1 Iteration:51 TotalSize:52000000 ExpectedFieldLength:5200
=== Executing the run phase with extendproportion=0 and read/update proportions=0.5 ===
Arrangement completed. Output saved to ../analysis/Data/Workload_data/postgresql_array_run1_zipfian_light.csv
=== Setting parameter values for extend phase ===
=== Executing the extend phase with extendproportion=1 and other proportions=0 ===
Arrangement completed. Output saved to ../analysis/Data/Workload_data/postgresql_array_run1_zipfian_light.csv
Size computation started
Extend verification - Min:28300 Max:2014900 Avg:53000 (Expected avg per record: ~1000 bytes initially)
Generating histogram from key size log: key_sizes.csv
Histogram written to histogram_postgresql_array_zipfian_light.txt (BlockSize = 100)
Appending subsequent iteration 52...
Iteration 52: Appended new size values from key_sizes.csv to ../analysis/Data/Value_size_data/value_sizes_postgresql_array_run1_zipfian_light_before.csv
VACUUM start: 1773499958
VACUUM end: 1773499959
=== Setting parameter values for run phase ===
Checking query plan before run phase
=== Executing the run phase with extendproportion=0 and read/update proportions=0.5 ===
Arrangement completed. Output saved to ../analysis/Data/Workload_data/postgresql_array_run1_zipfian_light.csv
Arrangement completed. Output saved to ../analysis/Data/Workload_data/postgresql_array_run1_zipfian_light.csv
Backing up the database started
Backing up the database finished
Arrangement completed. Output saved to ../analysis/Data/Workload_data/postgresql_array_run1_zipfian_light.csv
Size computation started
Appending subsequent iteration 52...
Iteration 52: Appended new size values from key_sizes.csv to ../analysis/Data/Value_size_data/value_sizes_postgresql_array_run1_zipfian_light_after.csv
Total size: 53000000, Field length average: 5300
Workload file fieldlength set to: 5300 (expected: 5300)
=== Executing the load phase for the comparison study ===
Comparison-load verification - Epoch:6 Run:2 TotalSize:53000000 ExpectedFieldLength:5300
Avg-run verification - Epoch:6 Run:2 Iteration:52 TotalSize:53000000 ExpectedFieldLength:5300
=== Executing the run phase with extendproportion=0 and read/update proportions=0.5 ===
Arrangement completed. Output saved to ../analysis/Data/Workload_data/postgresql_array_run1_zipfian_light.csv
=== Setting parameter values for extend phase ===
=== Executing the extend phase with extendproportion=1 and other proportions=0 ===
Arrangement completed. Output saved to ../analysis/Data/Workload_data/postgresql_array_run1_zipfian_light.csv
Size computation started
Extend verification - Min:28800 Max:2051300 Avg:54000 (Expected avg per record: ~1000 bytes initially)
Generating histogram from key size log: key_sizes.csv
Histogram written to histogram_postgresql_array_zipfian_light.txt (BlockSize = 100)
Appending subsequent iteration 53...
Iteration 53: Appended new size values from key_sizes.csv to ../analysis/Data/Value_size_data/value_sizes_postgresql_array_run1_zipfian_light_before.csv
VACUUM start: 1773500032
VACUUM end: 1773500033
=== Setting parameter values for run phase ===
Checking query plan before run phase
=== Executing the run phase with extendproportion=0 and read/update proportions=0.5 ===
Arrangement completed. Output saved to ../analysis/Data/Workload_data/postgresql_array_run1_zipfian_light.csv
Arrangement completed. Output saved to ../analysis/Data/Workload_data/postgresql_array_run1_zipfian_light.csv
Backing up the database started
Backing up the database finished
Arrangement completed. Output saved to ../analysis/Data/Workload_data/postgresql_array_run1_zipfian_light.csv
Size computation started
Appending subsequent iteration 53...
Iteration 53: Appended new size values from key_sizes.csv to ../analysis/Data/Value_size_data/value_sizes_postgresql_array_run1_zipfian_light_after.csv
Total size: 54000000, Field length average: 5400
Workload file fieldlength set to: 5400 (expected: 5400)
=== Executing the load phase for the comparison study ===
Comparison-load verification - Epoch:6 Run:3 TotalSize:54000000 ExpectedFieldLength:5400
Avg-run verification - Epoch:6 Run:3 Iteration:53 TotalSize:54000000 ExpectedFieldLength:5400
=== Executing the run phase with extendproportion=0 and read/update proportions=0.5 ===
Arrangement completed. Output saved to ../analysis/Data/Workload_data/postgresql_array_run1_zipfian_light.csv
=== Setting parameter values for extend phase ===
=== Executing the extend phase with extendproportion=1 and other proportions=0 ===
Arrangement completed. Output saved to ../analysis/Data/Workload_data/postgresql_array_run1_zipfian_light.csv
Size computation started
Extend verification - Min:29200 Max:2094200 Avg:55000 (Expected avg per record: ~1000 bytes initially)
Generating histogram from key size log: key_sizes.csv
Histogram written to histogram_postgresql_array_zipfian_light.txt (BlockSize = 100)
Appending subsequent iteration 54...
Iteration 54: Appended new size values from key_sizes.csv to ../analysis/Data/Value_size_data/value_sizes_postgresql_array_run1_zipfian_light_before.csv
VACUUM start: 1773500107
VACUUM end: 1773500109
=== Setting parameter values for run phase ===
Checking query plan before run phase
=== Executing the run phase with extendproportion=0 and read/update proportions=0.5 ===
Arrangement completed. Output saved to ../analysis/Data/Workload_data/postgresql_array_run1_zipfian_light.csv
Arrangement completed. Output saved to ../analysis/Data/Workload_data/postgresql_array_run1_zipfian_light.csv
Backing up the database started
Backing up the database finished
Arrangement completed. Output saved to ../analysis/Data/Workload_data/postgresql_array_run1_zipfian_light.csv
Size computation started
Appending subsequent iteration 54...
Iteration 54: Appended new size values from key_sizes.csv to ../analysis/Data/Value_size_data/value_sizes_postgresql_array_run1_zipfian_light_after.csv
Total size: 55000000, Field length average: 5500
Workload file fieldlength set to: 5500 (expected: 5500)
=== Executing the load phase for the comparison study ===
Comparison-load verification - Epoch:6 Run:4 TotalSize:55000000 ExpectedFieldLength:5500
Avg-run verification - Epoch:6 Run:4 Iteration:54 TotalSize:55000000 ExpectedFieldLength:5500
=== Executing the run phase with extendproportion=0 and read/update proportions=0.5 ===
Arrangement completed. Output saved to ../analysis/Data/Workload_data/postgresql_array_run1_zipfian_light.csv
=== Setting parameter values for extend phase ===
=== Executing the extend phase with extendproportion=1 and other proportions=0 ===
Arrangement completed. Output saved to ../analysis/Data/Workload_data/postgresql_array_run1_zipfian_light.csv
Size computation started
Extend verification - Min:29400 Max:2138200 Avg:56000 (Expected avg per record: ~1000 bytes initially)
Generating histogram from key size log: key_sizes.csv
Histogram written to histogram_postgresql_array_zipfian_light.txt (BlockSize = 100)
Appending subsequent iteration 55...
Iteration 55: Appended new size values from key_sizes.csv to ../analysis/Data/Value_size_data/value_sizes_postgresql_array_run1_zipfian_light_before.csv
VACUUM start: 1773500184
VACUUM end: 1773500186
=== Setting parameter values for run phase ===
Checking query plan before run phase
=== Executing the run phase with extendproportion=0 and read/update proportions=0.5 ===
Arrangement completed. Output saved to ../analysis/Data/Workload_data/postgresql_array_run1_zipfian_light.csv
Arrangement completed. Output saved to ../analysis/Data/Workload_data/postgresql_array_run1_zipfian_light.csv
Backing up the database started
Backing up the database finished
Arrangement completed. Output saved to ../analysis/Data/Workload_data/postgresql_array_run1_zipfian_light.csv
Size computation started
Appending subsequent iteration 55...
Iteration 55: Appended new size values from key_sizes.csv to ../analysis/Data/Value_size_data/value_sizes_postgresql_array_run1_zipfian_light_after.csv
Total size: 56000000, Field length average: 5600
Workload file fieldlength set to: 5600 (expected: 5600)
=== Executing the load phase for the comparison study ===
Comparison-load verification - Epoch:6 Run:5 TotalSize:56000000 ExpectedFieldLength:5600
Avg-run verification - Epoch:6 Run:5 Iteration:55 TotalSize:56000000 ExpectedFieldLength:5600
=== Executing the run phase with extendproportion=0 and read/update proportions=0.5 ===
Arrangement completed. Output saved to ../analysis/Data/Workload_data/postgresql_array_run1_zipfian_light.csv
=== Setting parameter values for extend phase ===
=== Executing the extend phase with extendproportion=1 and other proportions=0 ===
Arrangement completed. Output saved to ../analysis/Data/Workload_data/postgresql_array_run1_zipfian_light.csv
Size computation started
Extend verification - Min:29900 Max:2178800 Avg:57000 (Expected avg per record: ~1000 bytes initially)
Generating histogram from key size log: key_sizes.csv
Histogram written to histogram_postgresql_array_zipfian_light.txt (BlockSize = 100)
Appending subsequent iteration 56...
Iteration 56: Appended new size values from key_sizes.csv to ../analysis/Data/Value_size_data/value_sizes_postgresql_array_run1_zipfian_light_before.csv
VACUUM start: 1773500261
VACUUM end: 1773500263
=== Setting parameter values for run phase ===
Checking query plan before run phase
=== Executing the run phase with extendproportion=0 and read/update proportions=0.5 ===
Arrangement completed. Output saved to ../analysis/Data/Workload_data/postgresql_array_run1_zipfian_light.csv
Arrangement completed. Output saved to ../analysis/Data/Workload_data/postgresql_array_run1_zipfian_light.csv
Backing up the database started
Backing up the database finished
Arrangement completed. Output saved to ../analysis/Data/Workload_data/postgresql_array_run1_zipfian_light.csv
Size computation started
Appending subsequent iteration 56...
Iteration 56: Appended new size values from key_sizes.csv to ../analysis/Data/Value_size_data/value_sizes_postgresql_array_run1_zipfian_light_after.csv
Total size: 57000000, Field length average: 5700
Workload file fieldlength set to: 5700 (expected: 5700)
=== Executing the load phase for the comparison study ===
Comparison-load verification - Epoch:6 Run:6 TotalSize:57000000 ExpectedFieldLength:5700
Avg-run verification - Epoch:6 Run:6 Iteration:56 TotalSize:57000000 ExpectedFieldLength:5700
=== Executing the run phase with extendproportion=0 and read/update proportions=0.5 ===
Arrangement completed. Output saved to ../analysis/Data/Workload_data/postgresql_array_run1_zipfian_light.csv
=== Setting parameter values for extend phase ===
=== Executing the extend phase with extendproportion=1 and other proportions=0 ===
Arrangement completed. Output saved to ../analysis/Data/Workload_data/postgresql_array_run1_zipfian_light.csv
Size computation started
Extend verification - Min:30400 Max:2219200 Avg:58000 (Expected avg per record: ~1000 bytes initially)
Generating histogram from key size log: key_sizes.csv
Histogram written to histogram_postgresql_array_zipfian_light.txt (BlockSize = 100)
Appending subsequent iteration 57...
Iteration 57: Appended new size values from key_sizes.csv to ../analysis/Data/Value_size_data/value_sizes_postgresql_array_run1_zipfian_light_before.csv
VACUUM start: 1773500338
VACUUM end: 1773500340
=== Setting parameter values for run phase ===
Checking query plan before run phase
=== Executing the run phase with extendproportion=0 and read/update proportions=0.5 ===
Arrangement completed. Output saved to ../analysis/Data/Workload_data/postgresql_array_run1_zipfian_light.csv
Arrangement completed. Output saved to ../analysis/Data/Workload_data/postgresql_array_run1_zipfian_light.csv
Backing up the database started
Backing up the database finished
Arrangement completed. Output saved to ../analysis/Data/Workload_data/postgresql_array_run1_zipfian_light.csv
Size computation started
Appending subsequent iteration 57...
Iteration 57: Appended new size values from key_sizes.csv to ../analysis/Data/Value_size_data/value_sizes_postgresql_array_run1_zipfian_light_after.csv
Total size: 58000000, Field length average: 5800
Workload file fieldlength set to: 5800 (expected: 5800)
=== Executing the load phase for the comparison study ===
Comparison-load verification - Epoch:6 Run:7 TotalSize:58000000 ExpectedFieldLength:5800
Avg-run verification - Epoch:6 Run:7 Iteration:57 TotalSize:58000000 ExpectedFieldLength:5800
=== Executing the run phase with extendproportion=0 and read/update proportions=0.5 ===
Arrangement completed. Output saved to ../analysis/Data/Workload_data/postgresql_array_run1_zipfian_light.csv
=== Setting parameter values for extend phase ===
=== Executing the extend phase with extendproportion=1 and other proportions=0 ===
Arrangement completed. Output saved to ../analysis/Data/Workload_data/postgresql_array_run1_zipfian_light.csv
Size computation started
Extend verification - Min:31200 Max:2260400 Avg:59000 (Expected avg per record: ~1000 bytes initially)
Generating histogram from key size log: key_sizes.csv
Histogram written to histogram_postgresql_array_zipfian_light.txt (BlockSize = 100)
Appending subsequent iteration 58...
Iteration 58: Appended new size values from key_sizes.csv to ../analysis/Data/Value_size_data/value_sizes_postgresql_array_run1_zipfian_light_before.csv
VACUUM start: 1773500416
VACUUM end: 1773500418
=== Setting parameter values for run phase ===
Checking query plan before run phase
=== Executing the run phase with extendproportion=0 and read/update proportions=0.5 ===
Arrangement completed. Output saved to ../analysis/Data/Workload_data/postgresql_array_run1_zipfian_light.csv
Arrangement completed. Output saved to ../analysis/Data/Workload_data/postgresql_array_run1_zipfian_light.csv
Backing up the database started
Backing up the database finished
Arrangement completed. Output saved to ../analysis/Data/Workload_data/postgresql_array_run1_zipfian_light.csv
Size computation started
Appending subsequent iteration 58...
Iteration 58: Appended new size values from key_sizes.csv to ../analysis/Data/Value_size_data/value_sizes_postgresql_array_run1_zipfian_light_after.csv
Total size: 59000000, Field length average: 5900
Workload file fieldlength set to: 5900 (expected: 5900)
=== Executing the load phase for the comparison study ===
Comparison-load verification - Epoch:6 Run:8 TotalSize:59000000 ExpectedFieldLength:5900
Avg-run verification - Epoch:6 Run:8 Iteration:58 TotalSize:59000000 ExpectedFieldLength:5900
=== Executing the run phase with extendproportion=0 and read/update proportions=0.5 ===
Arrangement completed. Output saved to ../analysis/Data/Workload_data/postgresql_array_run1_zipfian_light.csv
=== Setting parameter values for extend phase ===
=== Executing the extend phase with extendproportion=1 and other proportions=0 ===
Arrangement completed. Output saved to ../analysis/Data/Workload_data/postgresql_array_run1_zipfian_light.csv
Size computation started
Extend verification - Min:31700 Max:2295000 Avg:60000 (Expected avg per record: ~1000 bytes initially)
Generating histogram from key size log: key_sizes.csv
Histogram written to histogram_postgresql_array_zipfian_light.txt (BlockSize = 100)
Appending subsequent iteration 59...
Iteration 59: Appended new size values from key_sizes.csv to ../analysis/Data/Value_size_data/value_sizes_postgresql_array_run1_zipfian_light_before.csv
VACUUM start: 1773500495
VACUUM end: 1773500497
=== Setting parameter values for run phase ===
Checking query plan before run phase
=== Executing the run phase with extendproportion=0 and read/update proportions=0.5 ===
Arrangement completed. Output saved to ../analysis/Data/Workload_data/postgresql_array_run1_zipfian_light.csv
Arrangement completed. Output saved to ../analysis/Data/Workload_data/postgresql_array_run1_zipfian_light.csv
Backing up the database started
Backing up the database finished
Arrangement completed. Output saved to ../analysis/Data/Workload_data/postgresql_array_run1_zipfian_light.csv
Size computation started
Appending subsequent iteration 59...
Iteration 59: Appended new size values from key_sizes.csv to ../analysis/Data/Value_size_data/value_sizes_postgresql_array_run1_zipfian_light_after.csv
Total size: 60000000, Field length average: 6000
Workload file fieldlength set to: 6000 (expected: 6000)
=== Executing the load phase for the comparison study ===
Comparison-load verification - Epoch:6 Run:9 TotalSize:60000000 ExpectedFieldLength:6000
Avg-run verification - Epoch:6 Run:9 Iteration:59 TotalSize:60000000 ExpectedFieldLength:6000
=== Executing the run phase with extendproportion=0 and read/update proportions=0.5 ===
Arrangement completed. Output saved to ../analysis/Data/Workload_data/postgresql_array_run1_zipfian_light.csv
=== Setting parameter values for extend phase ===
=== Executing the extend phase with extendproportion=1 and other proportions=0 ===
Arrangement completed. Output saved to ../analysis/Data/Workload_data/postgresql_array_run1_zipfian_light.csv
Size computation started
Extend verification - Min:32400 Max:2335100 Avg:61000 (Expected avg per record: ~1000 bytes initially)
Generating histogram from key size log: key_sizes.csv
Histogram written to histogram_postgresql_array_zipfian_light.txt (BlockSize = 100)
Appending subsequent iteration 60...
Iteration 60: Appended new size values from key_sizes.csv to ../analysis/Data/Value_size_data/value_sizes_postgresql_array_run1_zipfian_light_before.csv
VACUUM start: 1773500575
VACUUM end: 1773500576
=== Setting parameter values for run phase ===
Checking query plan before run phase
=== Executing the run phase with extendproportion=0 and read/update proportions=0.5 ===
Arrangement completed. Output saved to ../analysis/Data/Workload_data/postgresql_array_run1_zipfian_light.csv
Arrangement completed. Output saved to ../analysis/Data/Workload_data/postgresql_array_run1_zipfian_light.csv
Backing up the database started
Backing up the database finished
Arrangement completed. Output saved to ../analysis/Data/Workload_data/postgresql_array_run1_zipfian_light.csv
Size computation started
Appending subsequent iteration 60...
Iteration 60: Appended new size values from key_sizes.csv to ../analysis/Data/Value_size_data/value_sizes_postgresql_array_run1_zipfian_light_after.csv
Total size: 61000000, Field length average: 6100
Workload file fieldlength set to: 6100 (expected: 6100)
=== Executing the load phase for the comparison study ===
Comparison-load verification - Epoch:6 Run:10 TotalSize:61000000 ExpectedFieldLength:6100
Avg-run verification - Epoch:6 Run:10 Iteration:60 TotalSize:61000000 ExpectedFieldLength:6100
=== Executing the run phase with extendproportion=0 and read/update proportions=0.5 ===
Arrangement completed. Output saved to ../analysis/Data/Workload_data/postgresql_array_run1_zipfian_light.csv
=== Setting parameter values for extend phase ===
=== Executing the extend phase with extendproportion=1 and other proportions=0 ===
Arrangement completed. Output saved to ../analysis/Data/Workload_data/postgresql_array_run1_zipfian_light.csv
Size computation started
Extend verification - Min:32500 Max:2377200 Avg:62000 (Expected avg per record: ~1000 bytes initially)
Generating histogram from key size log: key_sizes.csv
Histogram written to histogram_postgresql_array_zipfian_light.txt (BlockSize = 100)
Appending subsequent iteration 61...
Iteration 61: Appended new size values from key_sizes.csv to ../analysis/Data/Value_size_data/value_sizes_postgresql_array_run1_zipfian_light_before.csv
VACUUM start: 1773500655
VACUUM end: 1773500657
=== Setting parameter values for run phase ===
Checking query plan before run phase
=== Executing the run phase with extendproportion=0 and read/update proportions=0.5 ===
Arrangement completed. Output saved to ../analysis/Data/Workload_data/postgresql_array_run1_zipfian_light.csv
Arrangement completed. Output saved to ../analysis/Data/Workload_data/postgresql_array_run1_zipfian_light.csv
Backing up the database started
Backing up the database finished
Arrangement completed. Output saved to ../analysis/Data/Workload_data/postgresql_array_run1_zipfian_light.csv
Size computation started
Appending subsequent iteration 61...
Iteration 61: Appended new size values from key_sizes.csv to ../analysis/Data/Value_size_data/value_sizes_postgresql_array_run1_zipfian_light_after.csv
Total size: 62000000, Field length average: 6200
Workload file fieldlength set to: 6200 (expected: 6200)
=== Executing the load phase for the comparison study ===
Comparison-load verification - Epoch:7 Run:1 TotalSize:62000000 ExpectedFieldLength:6200
Avg-run verification - Epoch:7 Run:1 Iteration:61 TotalSize:62000000 ExpectedFieldLength:6200
=== Executing the run phase with extendproportion=0 and read/update proportions=0.5 ===
Arrangement completed. Output saved to ../analysis/Data/Workload_data/postgresql_array_run1_zipfian_light.csv
=== Setting parameter values for extend phase ===
=== Executing the extend phase with extendproportion=1 and other proportions=0 ===
Arrangement completed. Output saved to ../analysis/Data/Workload_data/postgresql_array_run1_zipfian_light.csv
Size computation started
Extend verification - Min:33400 Max:2417900 Avg:63000 (Expected avg per record: ~1000 bytes initially)
Generating histogram from key size log: key_sizes.csv
Histogram written to histogram_postgresql_array_zipfian_light.txt (BlockSize = 100)
Appending subsequent iteration 62...
Iteration 62: Appended new size values from key_sizes.csv to ../analysis/Data/Value_size_data/value_sizes_postgresql_array_run1_zipfian_light_before.csv
VACUUM start: 1773500735
VACUUM end: 1773500737
=== Setting parameter values for run phase ===
Checking query plan before run phase
=== Executing the run phase with extendproportion=0 and read/update proportions=0.5 ===
Arrangement completed. Output saved to ../analysis/Data/Workload_data/postgresql_array_run1_zipfian_light.csv
Arrangement completed. Output saved to ../analysis/Data/Workload_data/postgresql_array_run1_zipfian_light.csv
Backing up the database started
Backing up the database finished
Arrangement completed. Output saved to ../analysis/Data/Workload_data/postgresql_array_run1_zipfian_light.csv
Size computation started
Appending subsequent iteration 62...
Iteration 62: Appended new size values from key_sizes.csv to ../analysis/Data/Value_size_data/value_sizes_postgresql_array_run1_zipfian_light_after.csv
Total size: 63000000, Field length average: 6300
Workload file fieldlength set to: 6300 (expected: 6300)
=== Executing the load phase for the comparison study ===
Comparison-load verification - Epoch:7 Run:2 TotalSize:63000000 ExpectedFieldLength:6300
Avg-run verification - Epoch:7 Run:2 Iteration:62 TotalSize:63000000 ExpectedFieldLength:6300
=== Executing the run phase with extendproportion=0 and read/update proportions=0.5 ===
Arrangement completed. Output saved to ../analysis/Data/Workload_data/postgresql_array_run1_zipfian_light.csv
=== Setting parameter values for extend phase ===
=== Executing the extend phase with extendproportion=1 and other proportions=0 ===
Arrangement completed. Output saved to ../analysis/Data/Workload_data/postgresql_array_run1_zipfian_light.csv
Size computation started
Extend verification - Min:34000 Max:2459300 Avg:64000 (Expected avg per record: ~1000 bytes initially)
Generating histogram from key size log: key_sizes.csv
Histogram written to histogram_postgresql_array_zipfian_light.txt (BlockSize = 100)
Appending subsequent iteration 63...
Iteration 63: Appended new size values from key_sizes.csv to ../analysis/Data/Value_size_data/value_sizes_postgresql_array_run1_zipfian_light_before.csv
VACUUM start: 1773500817
VACUUM end: 1773500819
=== Setting parameter values for run phase ===
Checking query plan before run phase
=== Executing the run phase with extendproportion=0 and read/update proportions=0.5 ===
Arrangement completed. Output saved to ../analysis/Data/Workload_data/postgresql_array_run1_zipfian_light.csv
Arrangement completed. Output saved to ../analysis/Data/Workload_data/postgresql_array_run1_zipfian_light.csv
Backing up the database started
Backing up the database finished
Arrangement completed. Output saved to ../analysis/Data/Workload_data/postgresql_array_run1_zipfian_light.csv
Size computation started
Appending subsequent iteration 63...
Iteration 63: Appended new size values from key_sizes.csv to ../analysis/Data/Value_size_data/value_sizes_postgresql_array_run1_zipfian_light_after.csv
Total size: 64000000, Field length average: 6400
Workload file fieldlength set to: 6400 (expected: 6400)
=== Executing the load phase for the comparison study ===
Comparison-load verification - Epoch:7 Run:3 TotalSize:64000000 ExpectedFieldLength:6400
Avg-run verification - Epoch:7 Run:3 Iteration:63 TotalSize:64000000 ExpectedFieldLength:6400
=== Executing the run phase with extendproportion=0 and read/update proportions=0.5 ===
Arrangement completed. Output saved to ../analysis/Data/Workload_data/postgresql_array_run1_zipfian_light.csv
=== Setting parameter values for extend phase ===
=== Executing the extend phase with extendproportion=1 and other proportions=0 ===
Arrangement completed. Output saved to ../analysis/Data/Workload_data/postgresql_array_run1_zipfian_light.csv
Size computation started
Extend verification - Min:34300 Max:2495200 Avg:65000 (Expected avg per record: ~1000 bytes initially)
Generating histogram from key size log: key_sizes.csv
Histogram written to histogram_postgresql_array_zipfian_light.txt (BlockSize = 100)
Appending subsequent iteration 64...
Iteration 64: Appended new size values from key_sizes.csv to ../analysis/Data/Value_size_data/value_sizes_postgresql_array_run1_zipfian_light_before.csv
VACUUM start: 1773500898
VACUUM end: 1773500900
=== Setting parameter values for run phase ===
Checking query plan before run phase
=== Executing the run phase with extendproportion=0 and read/update proportions=0.5 ===
Arrangement completed. Output saved to ../analysis/Data/Workload_data/postgresql_array_run1_zipfian_light.csv
Arrangement completed. Output saved to ../analysis/Data/Workload_data/postgresql_array_run1_zipfian_light.csv
Backing up the database started
Backing up the database finished
Arrangement completed. Output saved to ../analysis/Data/Workload_data/postgresql_array_run1_zipfian_light.csv
Size computation started
Appending subsequent iteration 64...
Iteration 64: Appended new size values from key_sizes.csv to ../analysis/Data/Value_size_data/value_sizes_postgresql_array_run1_zipfian_light_after.csv
Total size: 65000000, Field length average: 6500
Workload file fieldlength set to: 6500 (expected: 6500)
=== Executing the load phase for the comparison study ===
Comparison-load verification - Epoch:7 Run:4 TotalSize:65000000 ExpectedFieldLength:6500
Avg-run verification - Epoch:7 Run:4 Iteration:64 TotalSize:65000000 ExpectedFieldLength:6500
=== Executing the run phase with extendproportion=0 and read/update proportions=0.5 ===
Arrangement completed. Output saved to ../analysis/Data/Workload_data/postgresql_array_run1_zipfian_light.csv
=== Setting parameter values for extend phase ===
=== Executing the extend phase with extendproportion=1 and other proportions=0 ===
Arrangement completed. Output saved to ../analysis/Data/Workload_data/postgresql_array_run1_zipfian_light.csv
Size computation started
Extend verification - Min:35300 Max:2534500 Avg:66000 (Expected avg per record: ~1000 bytes initially)
Generating histogram from key size log: key_sizes.csv
Histogram written to histogram_postgresql_array_zipfian_light.txt (BlockSize = 100)
Appending subsequent iteration 65...
Iteration 65: Appended new size values from key_sizes.csv to ../analysis/Data/Value_size_data/value_sizes_postgresql_array_run1_zipfian_light_before.csv
VACUUM start: 1773500981
VACUUM end: 1773500983
=== Setting parameter values for run phase ===
Checking query plan before run phase
=== Executing the run phase with extendproportion=0 and read/update proportions=0.5 ===
Arrangement completed. Output saved to ../analysis/Data/Workload_data/postgresql_array_run1_zipfian_light.csv
Arrangement completed. Output saved to ../analysis/Data/Workload_data/postgresql_array_run1_zipfian_light.csv
Backing up the database started
Backing up the database finished
Arrangement completed. Output saved to ../analysis/Data/Workload_data/postgresql_array_run1_zipfian_light.csv
Size computation started
Appending subsequent iteration 65...
Iteration 65: Appended new size values from key_sizes.csv to ../analysis/Data/Value_size_data/value_sizes_postgresql_array_run1_zipfian_light_after.csv
Total size: 66000000, Field length average: 6600
Workload file fieldlength set to: 6600 (expected: 6600)
=== Executing the load phase for the comparison study ===
Comparison-load verification - Epoch:7 Run:5 TotalSize:66000000 ExpectedFieldLength:6600
Avg-run verification - Epoch:7 Run:5 Iteration:65 TotalSize:66000000 ExpectedFieldLength:6600
=== Executing the run phase with extendproportion=0 and read/update proportions=0.5 ===
Arrangement completed. Output saved to ../analysis/Data/Workload_data/postgresql_array_run1_zipfian_light.csv
=== Setting parameter values for extend phase ===
=== Executing the extend phase with extendproportion=1 and other proportions=0 ===
Arrangement completed. Output saved to ../analysis/Data/Workload_data/postgresql_array_run1_zipfian_light.csv
Size computation started
Extend verification - Min:35700 Max:2572000 Avg:67000 (Expected avg per record: ~1000 bytes initially)
Generating histogram from key size log: key_sizes.csv
Histogram written to histogram_postgresql_array_zipfian_light.txt (BlockSize = 100)
Appending subsequent iteration 66...
Iteration 66: Appended new size values from key_sizes.csv to ../analysis/Data/Value_size_data/value_sizes_postgresql_array_run1_zipfian_light_before.csv
VACUUM start: 1773501065
VACUUM end: 1773501068
=== Setting parameter values for run phase ===
Checking query plan before run phase
=== Executing the run phase with extendproportion=0 and read/update proportions=0.5 ===
Arrangement completed. Output saved to ../analysis/Data/Workload_data/postgresql_array_run1_zipfian_light.csv
Arrangement completed. Output saved to ../analysis/Data/Workload_data/postgresql_array_run1_zipfian_light.csv
Backing up the database started
Backing up the database finished
Arrangement completed. Output saved to ../analysis/Data/Workload_data/postgresql_array_run1_zipfian_light.csv
Size computation started
Appending subsequent iteration 66...
Iteration 66: Appended new size values from key_sizes.csv to ../analysis/Data/Value_size_data/value_sizes_postgresql_array_run1_zipfian_light_after.csv
Total size: 67000000, Field length average: 6700
Workload file fieldlength set to: 6700 (expected: 6700)
=== Executing the load phase for the comparison study ===
Comparison-load verification - Epoch:7 Run:6 TotalSize:67000000 ExpectedFieldLength:6700
Avg-run verification - Epoch:7 Run:6 Iteration:66 TotalSize:67000000 ExpectedFieldLength:6700
=== Executing the run phase with extendproportion=0 and read/update proportions=0.5 ===
Arrangement completed. Output saved to ../analysis/Data/Workload_data/postgresql_array_run1_zipfian_light.csv
=== Setting parameter values for extend phase ===
=== Executing the extend phase with extendproportion=1 and other proportions=0 ===
Arrangement completed. Output saved to ../analysis/Data/Workload_data/postgresql_array_run1_zipfian_light.csv
Size computation started
Extend verification - Min:36400 Max:2609400 Avg:68000 (Expected avg per record: ~1000 bytes initially)
Generating histogram from key size log: key_sizes.csv
Histogram written to histogram_postgresql_array_zipfian_light.txt (BlockSize = 100)
Appending subsequent iteration 67...
Iteration 67: Appended new size values from key_sizes.csv to ../analysis/Data/Value_size_data/value_sizes_postgresql_array_run1_zipfian_light_before.csv
VACUUM start: 1773501152
VACUUM end: 1773501155
=== Setting parameter values for run phase ===
Checking query plan before run phase
=== Executing the run phase with extendproportion=0 and read/update proportions=0.5 ===
Arrangement completed. Output saved to ../analysis/Data/Workload_data/postgresql_array_run1_zipfian_light.csv
Arrangement completed. Output saved to ../analysis/Data/Workload_data/postgresql_array_run1_zipfian_light.csv
Backing up the database started
Backing up the database finished
Arrangement completed. Output saved to ../analysis/Data/Workload_data/postgresql_array_run1_zipfian_light.csv
Size computation started
Appending subsequent iteration 67...
Iteration 67: Appended new size values from key_sizes.csv to ../analysis/Data/Value_size_data/value_sizes_postgresql_array_run1_zipfian_light_after.csv
Total size: 68000000, Field length average: 6800
Workload file fieldlength set to: 6800 (expected: 6800)
=== Executing the load phase for the comparison study ===
Comparison-load verification - Epoch:7 Run:7 TotalSize:68000000 ExpectedFieldLength:6800
Avg-run verification - Epoch:7 Run:7 Iteration:67 TotalSize:68000000 ExpectedFieldLength:6800
=== Executing the run phase with extendproportion=0 and read/update proportions=0.5 ===
Arrangement completed. Output saved to ../analysis/Data/Workload_data/postgresql_array_run1_zipfian_light.csv
=== Setting parameter values for extend phase ===
=== Executing the extend phase with extendproportion=1 and other proportions=0 ===
Arrangement completed. Output saved to ../analysis/Data/Workload_data/postgresql_array_run1_zipfian_light.csv
Size computation started
Extend verification - Min:37300 Max:2643200 Avg:69000 (Expected avg per record: ~1000 bytes initially)
Generating histogram from key size log: key_sizes.csv
Histogram written to histogram_postgresql_array_zipfian_light.txt (BlockSize = 100)
Appending subsequent iteration 68...
Iteration 68: Appended new size values from key_sizes.csv to ../analysis/Data/Value_size_data/value_sizes_postgresql_array_run1_zipfian_light_before.csv
VACUUM start: 1773501238
VACUUM end: 1773501241
=== Setting parameter values for run phase ===
Checking query plan before run phase
=== Executing the run phase with extendproportion=0 and read/update proportions=0.5 ===
Arrangement completed. Output saved to ../analysis/Data/Workload_data/postgresql_array_run1_zipfian_light.csv
Arrangement completed. Output saved to ../analysis/Data/Workload_data/postgresql_array_run1_zipfian_light.csv
Backing up the database started
Backing up the database finished
Arrangement completed. Output saved to ../analysis/Data/Workload_data/postgresql_array_run1_zipfian_light.csv
Size computation started
Appending subsequent iteration 68...
Iteration 68: Appended new size values from key_sizes.csv to ../analysis/Data/Value_size_data/value_sizes_postgresql_array_run1_zipfian_light_after.csv
Total size: 69000000, Field length average: 6900
Workload file fieldlength set to: 6900 (expected: 6900)
=== Executing the load phase for the comparison study ===
Comparison-load verification - Epoch:7 Run:8 TotalSize:69000000 ExpectedFieldLength:6900
Avg-run verification - Epoch:7 Run:8 Iteration:68 TotalSize:69000000 ExpectedFieldLength:6900
=== Executing the run phase with extendproportion=0 and read/update proportions=0.5 ===
Arrangement completed. Output saved to ../analysis/Data/Workload_data/postgresql_array_run1_zipfian_light.csv
=== Setting parameter values for extend phase ===
=== Executing the extend phase with extendproportion=1 and other proportions=0 ===
Arrangement completed. Output saved to ../analysis/Data/Workload_data/postgresql_array_run1_zipfian_light.csv
Size computation started
Extend verification - Min:38100 Max:2684200 Avg:70000 (Expected avg per record: ~1000 bytes initially)
Generating histogram from key size log: key_sizes.csv
Histogram written to histogram_postgresql_array_zipfian_light.txt (BlockSize = 100)
Appending subsequent iteration 69...
Iteration 69: Appended new size values from key_sizes.csv to ../analysis/Data/Value_size_data/value_sizes_postgresql_array_run1_zipfian_light_before.csv
VACUUM start: 1773501325
VACUUM end: 1773501327
=== Setting parameter values for run phase ===
Checking query plan before run phase
=== Executing the run phase with extendproportion=0 and read/update proportions=0.5 ===
Arrangement completed. Output saved to ../analysis/Data/Workload_data/postgresql_array_run1_zipfian_light.csv
Arrangement completed. Output saved to ../analysis/Data/Workload_data/postgresql_array_run1_zipfian_light.csv
Backing up the database started
Backing up the database finished
Arrangement completed. Output saved to ../analysis/Data/Workload_data/postgresql_array_run1_zipfian_light.csv
Size computation started
Appending subsequent iteration 69...
Iteration 69: Appended new size values from key_sizes.csv to ../analysis/Data/Value_size_data/value_sizes_postgresql_array_run1_zipfian_light_after.csv
Total size: 70000000, Field length average: 7000
Workload file fieldlength set to: 7000 (expected: 7000)
=== Executing the load phase for the comparison study ===
Comparison-load verification - Epoch:7 Run:9 TotalSize:70000000 ExpectedFieldLength:7000
Avg-run verification - Epoch:7 Run:9 Iteration:69 TotalSize:70000000 ExpectedFieldLength:7000
=== Executing the run phase with extendproportion=0 and read/update proportions=0.5 ===
Arrangement completed. Output saved to ../analysis/Data/Workload_data/postgresql_array_run1_zipfian_light.csv
=== Setting parameter values for extend phase ===
=== Executing the extend phase with extendproportion=1 and other proportions=0 ===
Arrangement completed. Output saved to ../analysis/Data/Workload_data/postgresql_array_run1_zipfian_light.csv
Size computation started
Extend verification - Min:38400 Max:2724400 Avg:71000 (Expected avg per record: ~1000 bytes initially)
Generating histogram from key size log: key_sizes.csv
Histogram written to histogram_postgresql_array_zipfian_light.txt (BlockSize = 100)
Appending subsequent iteration 70...
Iteration 70: Appended new size values from key_sizes.csv to ../analysis/Data/Value_size_data/value_sizes_postgresql_array_run1_zipfian_light_before.csv
VACUUM start: 1773501412
VACUUM end: 1773501415
=== Setting parameter values for run phase ===
Checking query plan before run phase
=== Executing the run phase with extendproportion=0 and read/update proportions=0.5 ===
Arrangement completed. Output saved to ../analysis/Data/Workload_data/postgresql_array_run1_zipfian_light.csv
Arrangement completed. Output saved to ../analysis/Data/Workload_data/postgresql_array_run1_zipfian_light.csv
Backing up the database started
Backing up the database finished
Arrangement completed. Output saved to ../analysis/Data/Workload_data/postgresql_array_run1_zipfian_light.csv
Size computation started
Appending subsequent iteration 70...
Iteration 70: Appended new size values from key_sizes.csv to ../analysis/Data/Value_size_data/value_sizes_postgresql_array_run1_zipfian_light_after.csv
Total size: 71000000, Field length average: 7100
Workload file fieldlength set to: 7100 (expected: 7100)
=== Executing the load phase for the comparison study ===
Comparison-load verification - Epoch:7 Run:10 TotalSize:71000000 ExpectedFieldLength:7100
Avg-run verification - Epoch:7 Run:10 Iteration:70 TotalSize:71000000 ExpectedFieldLength:7100
=== Executing the run phase with extendproportion=0 and read/update proportions=0.5 ===
Arrangement completed. Output saved to ../analysis/Data/Workload_data/postgresql_array_run1_zipfian_light.csv
=== Setting parameter values for extend phase ===
=== Executing the extend phase with extendproportion=1 and other proportions=0 ===
Arrangement completed. Output saved to ../analysis/Data/Workload_data/postgresql_array_run1_zipfian_light.csv
Size computation started
Extend verification - Min:38900 Max:2764500 Avg:72000 (Expected avg per record: ~1000 bytes initially)
Generating histogram from key size log: key_sizes.csv
Histogram written to histogram_postgresql_array_zipfian_light.txt (BlockSize = 100)
Appending subsequent iteration 71...
Iteration 71: Appended new size values from key_sizes.csv to ../analysis/Data/Value_size_data/value_sizes_postgresql_array_run1_zipfian_light_before.csv
VACUUM start: 1773501500
VACUUM end: 1773501503
=== Setting parameter values for run phase ===
Checking query plan before run phase
=== Executing the run phase with extendproportion=0 and read/update proportions=0.5 ===
Arrangement completed. Output saved to ../analysis/Data/Workload_data/postgresql_array_run1_zipfian_light.csv
Arrangement completed. Output saved to ../analysis/Data/Workload_data/postgresql_array_run1_zipfian_light.csv
Backing up the database started
Backing up the database finished
Arrangement completed. Output saved to ../analysis/Data/Workload_data/postgresql_array_run1_zipfian_light.csv
Size computation started
Appending subsequent iteration 71...
Iteration 71: Appended new size values from key_sizes.csv to ../analysis/Data/Value_size_data/value_sizes_postgresql_array_run1_zipfian_light_after.csv
Total size: 72000000, Field length average: 7200
Workload file fieldlength set to: 7200 (expected: 7200)
=== Executing the load phase for the comparison study ===
Comparison-load verification - Epoch:8 Run:1 TotalSize:72000000 ExpectedFieldLength:7200
Avg-run verification - Epoch:8 Run:1 Iteration:71 TotalSize:72000000 ExpectedFieldLength:7200
=== Executing the run phase with extendproportion=0 and read/update proportions=0.5 ===
Arrangement completed. Output saved to ../analysis/Data/Workload_data/postgresql_array_run1_zipfian_light.csv
=== Setting parameter values for extend phase ===
=== Executing the extend phase with extendproportion=1 and other proportions=0 ===
Arrangement completed. Output saved to ../analysis/Data/Workload_data/postgresql_array_run1_zipfian_light.csv
Size computation started
Extend verification - Min:39600 Max:2806200 Avg:73000 (Expected avg per record: ~1000 bytes initially)
Generating histogram from key size log: key_sizes.csv
Histogram written to histogram_postgresql_array_zipfian_light.txt (BlockSize = 100)
Appending subsequent iteration 72...
Iteration 72: Appended new size values from key_sizes.csv to ../analysis/Data/Value_size_data/value_sizes_postgresql_array_run1_zipfian_light_before.csv
VACUUM start: 1773501588
VACUUM end: 1773501591
=== Setting parameter values for run phase ===
Checking query plan before run phase
=== Executing the run phase with extendproportion=0 and read/update proportions=0.5 ===
Arrangement completed. Output saved to ../analysis/Data/Workload_data/postgresql_array_run1_zipfian_light.csv
Arrangement completed. Output saved to ../analysis/Data/Workload_data/postgresql_array_run1_zipfian_light.csv
Backing up the database started
Backing up the database finished
Arrangement completed. Output saved to ../analysis/Data/Workload_data/postgresql_array_run1_zipfian_light.csv
Size computation started
Appending subsequent iteration 72...
Iteration 72: Appended new size values from key_sizes.csv to ../analysis/Data/Value_size_data/value_sizes_postgresql_array_run1_zipfian_light_after.csv
Total size: 73000000, Field length average: 7300
Workload file fieldlength set to: 7300 (expected: 7300)
=== Executing the load phase for the comparison study ===
Comparison-load verification - Epoch:8 Run:2 TotalSize:73000000 ExpectedFieldLength:7300
Avg-run verification - Epoch:8 Run:2 Iteration:72 TotalSize:73000000 ExpectedFieldLength:7300
=== Executing the run phase with extendproportion=0 and read/update proportions=0.5 ===
Arrangement completed. Output saved to ../analysis/Data/Workload_data/postgresql_array_run1_zipfian_light.csv
=== Setting parameter values for extend phase ===
=== Executing the extend phase with extendproportion=1 and other proportions=0 ===
Arrangement completed. Output saved to ../analysis/Data/Workload_data/postgresql_array_run1_zipfian_light.csv
Size computation started
Extend verification - Min:40100 Max:2845100 Avg:74000 (Expected avg per record: ~1000 bytes initially)
Generating histogram from key size log: key_sizes.csv
Histogram written to histogram_postgresql_array_zipfian_light.txt (BlockSize = 100)
Appending subsequent iteration 73...
Iteration 73: Appended new size values from key_sizes.csv to ../analysis/Data/Value_size_data/value_sizes_postgresql_array_run1_zipfian_light_before.csv
VACUUM start: 1773501676
VACUUM end: 1773501680
=== Setting parameter values for run phase ===
Checking query plan before run phase
=== Executing the run phase with extendproportion=0 and read/update proportions=0.5 ===
Arrangement completed. Output saved to ../analysis/Data/Workload_data/postgresql_array_run1_zipfian_light.csv
Arrangement completed. Output saved to ../analysis/Data/Workload_data/postgresql_array_run1_zipfian_light.csv
Backing up the database started
Backing up the database finished
Arrangement completed. Output saved to ../analysis/Data/Workload_data/postgresql_array_run1_zipfian_light.csv
Size computation started
Appending subsequent iteration 73...
Iteration 73: Appended new size values from key_sizes.csv to ../analysis/Data/Value_size_data/value_sizes_postgresql_array_run1_zipfian_light_after.csv
Total size: 74000000, Field length average: 7400
Workload file fieldlength set to: 7400 (expected: 7400)
=== Executing the load phase for the comparison study ===
Comparison-load verification - Epoch:8 Run:3 TotalSize:74000000 ExpectedFieldLength:7400
Avg-run verification - Epoch:8 Run:3 Iteration:73 TotalSize:74000000 ExpectedFieldLength:7400
=== Executing the run phase with extendproportion=0 and read/update proportions=0.5 ===
Arrangement completed. Output saved to ../analysis/Data/Workload_data/postgresql_array_run1_zipfian_light.csv
=== Setting parameter values for extend phase ===
=== Executing the extend phase with extendproportion=1 and other proportions=0 ===
Arrangement completed. Output saved to ../analysis/Data/Workload_data/postgresql_array_run1_zipfian_light.csv
Size computation started
Extend verification - Min:40400 Max:2883300 Avg:75000 (Expected avg per record: ~1000 bytes initially)
Generating histogram from key size log: key_sizes.csv
Histogram written to histogram_postgresql_array_zipfian_light.txt (BlockSize = 100)
Appending subsequent iteration 74...
Iteration 74: Appended new size values from key_sizes.csv to ../analysis/Data/Value_size_data/value_sizes_postgresql_array_run1_zipfian_light_before.csv
VACUUM start: 1773501765
VACUUM end: 1773501768
=== Setting parameter values for run phase ===
Checking query plan before run phase
=== Executing the run phase with extendproportion=0 and read/update proportions=0.5 ===
Arrangement completed. Output saved to ../analysis/Data/Workload_data/postgresql_array_run1_zipfian_light.csv
Arrangement completed. Output saved to ../analysis/Data/Workload_data/postgresql_array_run1_zipfian_light.csv
Backing up the database started
Backing up the database finished
Arrangement completed. Output saved to ../analysis/Data/Workload_data/postgresql_array_run1_zipfian_light.csv
Size computation started
Appending subsequent iteration 74...
Iteration 74: Appended new size values from key_sizes.csv to ../analysis/Data/Value_size_data/value_sizes_postgresql_array_run1_zipfian_light_after.csv
Total size: 75000000, Field length average: 7500
Workload file fieldlength set to: 7500 (expected: 7500)
=== Executing the load phase for the comparison study ===
Comparison-load verification - Epoch:8 Run:4 TotalSize:75000000 ExpectedFieldLength:7500
Avg-run verification - Epoch:8 Run:4 Iteration:74 TotalSize:75000000 ExpectedFieldLength:7500
=== Executing the run phase with extendproportion=0 and read/update proportions=0.5 ===
Arrangement completed. Output saved to ../analysis/Data/Workload_data/postgresql_array_run1_zipfian_light.csv
=== Setting parameter values for extend phase ===
=== Executing the extend phase with extendproportion=1 and other proportions=0 ===
Arrangement completed. Output saved to ../analysis/Data/Workload_data/postgresql_array_run1_zipfian_light.csv
Size computation started
Extend verification - Min:41200 Max:2919700 Avg:76000 (Expected avg per record: ~1000 bytes initially)
Generating histogram from key size log: key_sizes.csv
Histogram written to histogram_postgresql_array_zipfian_light.txt (BlockSize = 100)
Appending subsequent iteration 75...
Iteration 75: Appended new size values from key_sizes.csv to ../analysis/Data/Value_size_data/value_sizes_postgresql_array_run1_zipfian_light_before.csv
VACUUM start: 1773501855
VACUUM end: 1773501858
=== Setting parameter values for run phase ===
Checking query plan before run phase
=== Executing the run phase with extendproportion=0 and read/update proportions=0.5 ===
Arrangement completed. Output saved to ../analysis/Data/Workload_data/postgresql_array_run1_zipfian_light.csv
Arrangement completed. Output saved to ../analysis/Data/Workload_data/postgresql_array_run1_zipfian_light.csv
Backing up the database started
Backing up the database finished
Arrangement completed. Output saved to ../analysis/Data/Workload_data/postgresql_array_run1_zipfian_light.csv
Size computation started
Appending subsequent iteration 75...
Iteration 75: Appended new size values from key_sizes.csv to ../analysis/Data/Value_size_data/value_sizes_postgresql_array_run1_zipfian_light_after.csv
Total size: 76000000, Field length average: 7600
Workload file fieldlength set to: 7600 (expected: 7600)
=== Executing the load phase for the comparison study ===
Comparison-load verification - Epoch:8 Run:5 TotalSize:76000000 ExpectedFieldLength:7600
Avg-run verification - Epoch:8 Run:5 Iteration:75 TotalSize:76000000 ExpectedFieldLength:7600
=== Executing the run phase with extendproportion=0 and read/update proportions=0.5 ===
Arrangement completed. Output saved to ../analysis/Data/Workload_data/postgresql_array_run1_zipfian_light.csv
=== Setting parameter values for extend phase ===
=== Executing the extend phase with extendproportion=1 and other proportions=0 ===
Arrangement completed. Output saved to ../analysis/Data/Workload_data/postgresql_array_run1_zipfian_light.csv
Size computation started
Extend verification - Min:41900 Max:2957000 Avg:77000 (Expected avg per record: ~1000 bytes initially)
Generating histogram from key size log: key_sizes.csv
Histogram written to histogram_postgresql_array_zipfian_light.txt (BlockSize = 100)
Appending subsequent iteration 76...
Iteration 76: Appended new size values from key_sizes.csv to ../analysis/Data/Value_size_data/value_sizes_postgresql_array_run1_zipfian_light_before.csv
VACUUM start: 1773501945
VACUUM end: 1773501948
=== Setting parameter values for run phase ===
Checking query plan before run phase
=== Executing the run phase with extendproportion=0 and read/update proportions=0.5 ===
Arrangement completed. Output saved to ../analysis/Data/Workload_data/postgresql_array_run1_zipfian_light.csv
Arrangement completed. Output saved to ../analysis/Data/Workload_data/postgresql_array_run1_zipfian_light.csv
Backing up the database started
Backing up the database finished
Arrangement completed. Output saved to ../analysis/Data/Workload_data/postgresql_array_run1_zipfian_light.csv
Size computation started
Appending subsequent iteration 76...
Iteration 76: Appended new size values from key_sizes.csv to ../analysis/Data/Value_size_data/value_sizes_postgresql_array_run1_zipfian_light_after.csv
Total size: 77000000, Field length average: 7700
Workload file fieldlength set to: 7700 (expected: 7700)
=== Executing the load phase for the comparison study ===
Comparison-load verification - Epoch:8 Run:6 TotalSize:77000000 ExpectedFieldLength:7700
Avg-run verification - Epoch:8 Run:6 Iteration:76 TotalSize:77000000 ExpectedFieldLength:7700
=== Executing the run phase with extendproportion=0 and read/update proportions=0.5 ===
Arrangement completed. Output saved to ../analysis/Data/Workload_data/postgresql_array_run1_zipfian_light.csv
=== Setting parameter values for extend phase ===
=== Executing the extend phase with extendproportion=1 and other proportions=0 ===
Arrangement completed. Output saved to ../analysis/Data/Workload_data/postgresql_array_run1_zipfian_light.csv
Size computation started
Extend verification - Min:42100 Max:2998000 Avg:78000 (Expected avg per record: ~1000 bytes initially)
Generating histogram from key size log: key_sizes.csv
Histogram written to histogram_postgresql_array_zipfian_light.txt (BlockSize = 100)
Appending subsequent iteration 77...
Iteration 77: Appended new size values from key_sizes.csv to ../analysis/Data/Value_size_data/value_sizes_postgresql_array_run1_zipfian_light_before.csv
VACUUM start: 1773502035
VACUUM end: 1773502038
=== Setting parameter values for run phase ===
Checking query plan before run phase
=== Executing the run phase with extendproportion=0 and read/update proportions=0.5 ===
Arrangement completed. Output saved to ../analysis/Data/Workload_data/postgresql_array_run1_zipfian_light.csv
Arrangement completed. Output saved to ../analysis/Data/Workload_data/postgresql_array_run1_zipfian_light.csv
Backing up the database started
Backing up the database finished
Arrangement completed. Output saved to ../analysis/Data/Workload_data/postgresql_array_run1_zipfian_light.csv
Size computation started
Appending subsequent iteration 77...
Iteration 77: Appended new size values from key_sizes.csv to ../analysis/Data/Value_size_data/value_sizes_postgresql_array_run1_zipfian_light_after.csv
Total size: 78000000, Field length average: 7800
Workload file fieldlength set to: 7800 (expected: 7800)
=== Executing the load phase for the comparison study ===
Comparison-load verification - Epoch:8 Run:7 TotalSize:78000000 ExpectedFieldLength:7800
Avg-run verification - Epoch:8 Run:7 Iteration:77 TotalSize:78000000 ExpectedFieldLength:7800
=== Executing the run phase with extendproportion=0 and read/update proportions=0.5 ===
Arrangement completed. Output saved to ../analysis/Data/Workload_data/postgresql_array_run1_zipfian_light.csv
=== Setting parameter values for extend phase ===
=== Executing the extend phase with extendproportion=1 and other proportions=0 ===
Arrangement completed. Output saved to ../analysis/Data/Workload_data/postgresql_array_run1_zipfian_light.csv
Size computation started
Extend verification - Min:42800 Max:3040000 Avg:79000 (Expected avg per record: ~1000 bytes initially)
Generating histogram from key size log: key_sizes.csv
Histogram written to histogram_postgresql_array_zipfian_light.txt (BlockSize = 100)
Appending subsequent iteration 78...
Iteration 78: Appended new size values from key_sizes.csv to ../analysis/Data/Value_size_data/value_sizes_postgresql_array_run1_zipfian_light_before.csv
VACUUM start: 1773502127
VACUUM end: 1773502131
=== Setting parameter values for run phase ===
Checking query plan before run phase
=== Executing the run phase with extendproportion=0 and read/update proportions=0.5 ===
Arrangement completed. Output saved to ../analysis/Data/Workload_data/postgresql_array_run1_zipfian_light.csv
Arrangement completed. Output saved to ../analysis/Data/Workload_data/postgresql_array_run1_zipfian_light.csv
Backing up the database started
Backing up the database finished
Arrangement completed. Output saved to ../analysis/Data/Workload_data/postgresql_array_run1_zipfian_light.csv
Size computation started
Appending subsequent iteration 78...
Iteration 78: Appended new size values from key_sizes.csv to ../analysis/Data/Value_size_data/value_sizes_postgresql_array_run1_zipfian_light_after.csv
Total size: 79000000, Field length average: 7900
Workload file fieldlength set to: 7900 (expected: 7900)
=== Executing the load phase for the comparison study ===
Comparison-load verification - Epoch:8 Run:8 TotalSize:79000000 ExpectedFieldLength:7900
Avg-run verification - Epoch:8 Run:8 Iteration:78 TotalSize:79000000 ExpectedFieldLength:7900
=== Executing the run phase with extendproportion=0 and read/update proportions=0.5 ===
Arrangement completed. Output saved to ../analysis/Data/Workload_data/postgresql_array_run1_zipfian_light.csv
=== Setting parameter values for extend phase ===
=== Executing the extend phase with extendproportion=1 and other proportions=0 ===
Arrangement completed. Output saved to ../analysis/Data/Workload_data/postgresql_array_run1_zipfian_light.csv
Size computation started
Extend verification - Min:43100 Max:3076800 Avg:80000 (Expected avg per record: ~1000 bytes initially)
Generating histogram from key size log: key_sizes.csv
Histogram written to histogram_postgresql_array_zipfian_light.txt (BlockSize = 100)
Appending subsequent iteration 79...
Iteration 79: Appended new size values from key_sizes.csv to ../analysis/Data/Value_size_data/value_sizes_postgresql_array_run1_zipfian_light_before.csv
VACUUM start: 1773502219
VACUUM end: 1773502222
=== Setting parameter values for run phase ===
Checking query plan before run phase
=== Executing the run phase with extendproportion=0 and read/update proportions=0.5 ===
Arrangement completed. Output saved to ../analysis/Data/Workload_data/postgresql_array_run1_zipfian_light.csv
Arrangement completed. Output saved to ../analysis/Data/Workload_data/postgresql_array_run1_zipfian_light.csv
Backing up the database started
Backing up the database finished
Arrangement completed. Output saved to ../analysis/Data/Workload_data/postgresql_array_run1_zipfian_light.csv
Size computation started
Appending subsequent iteration 79...
Iteration 79: Appended new size values from key_sizes.csv to ../analysis/Data/Value_size_data/value_sizes_postgresql_array_run1_zipfian_light_after.csv
Total size: 80000000, Field length average: 8000
Workload file fieldlength set to: 8000 (expected: 8000)
=== Executing the load phase for the comparison study ===
Comparison-load verification - Epoch:8 Run:9 TotalSize:80000000 ExpectedFieldLength:8000
Avg-run verification - Epoch:8 Run:9 Iteration:79 TotalSize:80000000 ExpectedFieldLength:8000
=== Executing the run phase with extendproportion=0 and read/update proportions=0.5 ===
Arrangement completed. Output saved to ../analysis/Data/Workload_data/postgresql_array_run1_zipfian_light.csv
=== Setting parameter values for extend phase ===
=== Executing the extend phase with extendproportion=1 and other proportions=0 ===
Arrangement completed. Output saved to ../analysis/Data/Workload_data/postgresql_array_run1_zipfian_light.csv
Size computation started
Extend verification - Min:43600 Max:3114300 Avg:81000 (Expected avg per record: ~1000 bytes initially)
Generating histogram from key size log: key_sizes.csv
Histogram written to histogram_postgresql_array_zipfian_light.txt (BlockSize = 100)
Appending subsequent iteration 80...
Iteration 80: Appended new size values from key_sizes.csv to ../analysis/Data/Value_size_data/value_sizes_postgresql_array_run1_zipfian_light_before.csv
VACUUM start: 1773502311
VACUUM end: 1773502314
=== Setting parameter values for run phase ===
Checking query plan before run phase
=== Executing the run phase with extendproportion=0 and read/update proportions=0.5 ===
Arrangement completed. Output saved to ../analysis/Data/Workload_data/postgresql_array_run1_zipfian_light.csv
Arrangement completed. Output saved to ../analysis/Data/Workload_data/postgresql_array_run1_zipfian_light.csv
Backing up the database started
Backing up the database finished
Arrangement completed. Output saved to ../analysis/Data/Workload_data/postgresql_array_run1_zipfian_light.csv
Size computation started
Appending subsequent iteration 80...
Iteration 80: Appended new size values from key_sizes.csv to ../analysis/Data/Value_size_data/value_sizes_postgresql_array_run1_zipfian_light_after.csv
Total size: 81000000, Field length average: 8100
Workload file fieldlength set to: 8100 (expected: 8100)
=== Executing the load phase for the comparison study ===
Comparison-load verification - Epoch:8 Run:10 TotalSize:81000000 ExpectedFieldLength:8100
Avg-run verification - Epoch:8 Run:10 Iteration:80 TotalSize:81000000 ExpectedFieldLength:8100
=== Executing the run phase with extendproportion=0 and read/update proportions=0.5 ===
Arrangement completed. Output saved to ../analysis/Data/Workload_data/postgresql_array_run1_zipfian_light.csv
=== Setting parameter values for extend phase ===
=== Executing the extend phase with extendproportion=1 and other proportions=0 ===
Arrangement completed. Output saved to ../analysis/Data/Workload_data/postgresql_array_run1_zipfian_light.csv
Size computation started
Extend verification - Min:44400 Max:3152500 Avg:82000 (Expected avg per record: ~1000 bytes initially)
Generating histogram from key size log: key_sizes.csv
Histogram written to histogram_postgresql_array_zipfian_light.txt (BlockSize = 100)
Appending subsequent iteration 81...
Iteration 81: Appended new size values from key_sizes.csv to ../analysis/Data/Value_size_data/value_sizes_postgresql_array_run1_zipfian_light_before.csv
VACUUM start: 1773502403
VACUUM end: 1773502406
=== Setting parameter values for run phase ===
Checking query plan before run phase
=== Executing the run phase with extendproportion=0 and read/update proportions=0.5 ===
Arrangement completed. Output saved to ../analysis/Data/Workload_data/postgresql_array_run1_zipfian_light.csv
Arrangement completed. Output saved to ../analysis/Data/Workload_data/postgresql_array_run1_zipfian_light.csv
Backing up the database started
Backing up the database finished
Arrangement completed. Output saved to ../analysis/Data/Workload_data/postgresql_array_run1_zipfian_light.csv
Size computation started
Appending subsequent iteration 81...
Iteration 81: Appended new size values from key_sizes.csv to ../analysis/Data/Value_size_data/value_sizes_postgresql_array_run1_zipfian_light_after.csv
Total size: 82000000, Field length average: 8200
Workload file fieldlength set to: 8200 (expected: 8200)
=== Executing the load phase for the comparison study ===
Comparison-load verification - Epoch:9 Run:1 TotalSize:82000000 ExpectedFieldLength:8200
Avg-run verification - Epoch:9 Run:1 Iteration:81 TotalSize:82000000 ExpectedFieldLength:8200
=== Executing the run phase with extendproportion=0 and read/update proportions=0.5 ===
Arrangement completed. Output saved to ../analysis/Data/Workload_data/postgresql_array_run1_zipfian_light.csv
=== Setting parameter values for extend phase ===
=== Executing the extend phase with extendproportion=1 and other proportions=0 ===
Arrangement completed. Output saved to ../analysis/Data/Workload_data/postgresql_array_run1_zipfian_light.csv
Size computation started
Extend verification - Min:44700 Max:3192100 Avg:83000 (Expected avg per record: ~1000 bytes initially)
Generating histogram from key size log: key_sizes.csv
Histogram written to histogram_postgresql_array_zipfian_light.txt (BlockSize = 100)
Appending subsequent iteration 82...
Iteration 82: Appended new size values from key_sizes.csv to ../analysis/Data/Value_size_data/value_sizes_postgresql_array_run1_zipfian_light_before.csv
VACUUM start: 1773502500
VACUUM end: 1773502504
=== Setting parameter values for run phase ===
Checking query plan before run phase
=== Executing the run phase with extendproportion=0 and read/update proportions=0.5 ===
Arrangement completed. Output saved to ../analysis/Data/Workload_data/postgresql_array_run1_zipfian_light.csv
Arrangement completed. Output saved to ../analysis/Data/Workload_data/postgresql_array_run1_zipfian_light.csv
Backing up the database started
Backing up the database finished
Arrangement completed. Output saved to ../analysis/Data/Workload_data/postgresql_array_run1_zipfian_light.csv
Size computation started
Appending subsequent iteration 82...
Iteration 82: Appended new size values from key_sizes.csv to ../analysis/Data/Value_size_data/value_sizes_postgresql_array_run1_zipfian_light_after.csv
Total size: 83000000, Field length average: 8300
Workload file fieldlength set to: 8300 (expected: 8300)
=== Executing the load phase for the comparison study ===
Comparison-load verification - Epoch:9 Run:2 TotalSize:83000000 ExpectedFieldLength:8300
Avg-run verification - Epoch:9 Run:2 Iteration:82 TotalSize:83000000 ExpectedFieldLength:8300
=== Executing the run phase with extendproportion=0 and read/update proportions=0.5 ===
Arrangement completed. Output saved to ../analysis/Data/Workload_data/postgresql_array_run1_zipfian_light.csv
=== Setting parameter values for extend phase ===
=== Executing the extend phase with extendproportion=1 and other proportions=0 ===
Arrangement completed. Output saved to ../analysis/Data/Workload_data/postgresql_array_run1_zipfian_light.csv
Size computation started
Extend verification - Min:45400 Max:3234000 Avg:84000 (Expected avg per record: ~1000 bytes initially)
Generating histogram from key size log: key_sizes.csv
Histogram written to histogram_postgresql_array_zipfian_light.txt (BlockSize = 100)
Appending subsequent iteration 83...
Iteration 83: Appended new size values from key_sizes.csv to ../analysis/Data/Value_size_data/value_sizes_postgresql_array_run1_zipfian_light_before.csv
VACUUM start: 1773502600
VACUUM end: 1773502603
=== Setting parameter values for run phase ===
Checking query plan before run phase
=== Executing the run phase with extendproportion=0 and read/update proportions=0.5 ===
Arrangement completed. Output saved to ../analysis/Data/Workload_data/postgresql_array_run1_zipfian_light.csv
Arrangement completed. Output saved to ../analysis/Data/Workload_data/postgresql_array_run1_zipfian_light.csv
Backing up the database started
Backing up the database finished
Arrangement completed. Output saved to ../analysis/Data/Workload_data/postgresql_array_run1_zipfian_light.csv
Size computation started
Appending subsequent iteration 83...
Iteration 83: Appended new size values from key_sizes.csv to ../analysis/Data/Value_size_data/value_sizes_postgresql_array_run1_zipfian_light_after.csv
Total size: 84000000, Field length average: 8400
Workload file fieldlength set to: 8400 (expected: 8400)
=== Executing the load phase for the comparison study ===
Comparison-load verification - Epoch:9 Run:3 TotalSize:84000000 ExpectedFieldLength:8400
Avg-run verification - Epoch:9 Run:3 Iteration:83 TotalSize:84000000 ExpectedFieldLength:8400
=== Executing the run phase with extendproportion=0 and read/update proportions=0.5 ===
Arrangement completed. Output saved to ../analysis/Data/Workload_data/postgresql_array_run1_zipfian_light.csv
=== Setting parameter values for extend phase ===
=== Executing the extend phase with extendproportion=1 and other proportions=0 ===
Arrangement completed. Output saved to ../analysis/Data/Workload_data/postgresql_array_run1_zipfian_light.csv
Size computation started
Extend verification - Min:45800 Max:3272200 Avg:85000 (Expected avg per record: ~1000 bytes initially)
Generating histogram from key size log: key_sizes.csv
Histogram written to histogram_postgresql_array_zipfian_light.txt (BlockSize = 100)
Appending subsequent iteration 84...
Iteration 84: Appended new size values from key_sizes.csv to ../analysis/Data/Value_size_data/value_sizes_postgresql_array_run1_zipfian_light_before.csv
VACUUM start: 1773502698
VACUUM end: 1773502704
=== Setting parameter values for run phase ===
Checking query plan before run phase
=== Executing the run phase with extendproportion=0 and read/update proportions=0.5 ===
Arrangement completed. Output saved to ../analysis/Data/Workload_data/postgresql_array_run1_zipfian_light.csv
Arrangement completed. Output saved to ../analysis/Data/Workload_data/postgresql_array_run1_zipfian_light.csv
Backing up the database started
Backing up the database finished
Arrangement completed. Output saved to ../analysis/Data/Workload_data/postgresql_array_run1_zipfian_light.csv
Size computation started
Appending subsequent iteration 84...
Iteration 84: Appended new size values from key_sizes.csv to ../analysis/Data/Value_size_data/value_sizes_postgresql_array_run1_zipfian_light_after.csv
Total size: 85000000, Field length average: 8500
Workload file fieldlength set to: 8500 (expected: 8500)
=== Executing the load phase for the comparison study ===
Comparison-load verification - Epoch:9 Run:4 TotalSize:85000000 ExpectedFieldLength:8500
Avg-run verification - Epoch:9 Run:4 Iteration:84 TotalSize:85000000 ExpectedFieldLength:8500
=== Executing the run phase with extendproportion=0 and read/update proportions=0.5 ===
Arrangement completed. Output saved to ../analysis/Data/Workload_data/postgresql_array_run1_zipfian_light.csv
=== Setting parameter values for extend phase ===
=== Executing the extend phase with extendproportion=1 and other proportions=0 ===
Arrangement completed. Output saved to ../analysis/Data/Workload_data/postgresql_array_run1_zipfian_light.csv
Size computation started
Extend verification - Min:46800 Max:3310100 Avg:86000 (Expected avg per record: ~1000 bytes initially)
Generating histogram from key size log: key_sizes.csv
Histogram written to histogram_postgresql_array_zipfian_light.txt (BlockSize = 100)
Appending subsequent iteration 85...
Iteration 85: Appended new size values from key_sizes.csv to ../analysis/Data/Value_size_data/value_sizes_postgresql_array_run1_zipfian_light_before.csv
VACUUM start: 1773502799
VACUUM end: 1773502803
=== Setting parameter values for run phase ===
Checking query plan before run phase
=== Executing the run phase with extendproportion=0 and read/update proportions=0.5 ===
Arrangement completed. Output saved to ../analysis/Data/Workload_data/postgresql_array_run1_zipfian_light.csv
Arrangement completed. Output saved to ../analysis/Data/Workload_data/postgresql_array_run1_zipfian_light.csv
Backing up the database started
Backing up the database finished
Arrangement completed. Output saved to ../analysis/Data/Workload_data/postgresql_array_run1_zipfian_light.csv
Size computation started
Appending subsequent iteration 85...
Iteration 85: Appended new size values from key_sizes.csv to ../analysis/Data/Value_size_data/value_sizes_postgresql_array_run1_zipfian_light_after.csv
Total size: 86000000, Field length average: 8600
Workload file fieldlength set to: 8600 (expected: 8600)
=== Executing the load phase for the comparison study ===
Comparison-load verification - Epoch:9 Run:5 TotalSize:86000000 ExpectedFieldLength:8600
Avg-run verification - Epoch:9 Run:5 Iteration:85 TotalSize:86000000 ExpectedFieldLength:8600
=== Executing the run phase with extendproportion=0 and read/update proportions=0.5 ===
Arrangement completed. Output saved to ../analysis/Data/Workload_data/postgresql_array_run1_zipfian_light.csv
=== Setting parameter values for extend phase ===
=== Executing the extend phase with extendproportion=1 and other proportions=0 ===
Arrangement completed. Output saved to ../analysis/Data/Workload_data/postgresql_array_run1_zipfian_light.csv
Size computation started
Extend verification - Min:47000 Max:3348900 Avg:87000 (Expected avg per record: ~1000 bytes initially)
Generating histogram from key size log: key_sizes.csv
Histogram written to histogram_postgresql_array_zipfian_light.txt (BlockSize = 100)
Appending subsequent iteration 86...
Iteration 86: Appended new size values from key_sizes.csv to ../analysis/Data/Value_size_data/value_sizes_postgresql_array_run1_zipfian_light_before.csv
VACUUM start: 1773502901
VACUUM end: 1773502904
=== Setting parameter values for run phase ===
Checking query plan before run phase
=== Executing the run phase with extendproportion=0 and read/update proportions=0.5 ===
Arrangement completed. Output saved to ../analysis/Data/Workload_data/postgresql_array_run1_zipfian_light.csv
Arrangement completed. Output saved to ../analysis/Data/Workload_data/postgresql_array_run1_zipfian_light.csv
Backing up the database started
Backing up the database finished
Arrangement completed. Output saved to ../analysis/Data/Workload_data/postgresql_array_run1_zipfian_light.csv
Size computation started
Appending subsequent iteration 86...
Iteration 86: Appended new size values from key_sizes.csv to ../analysis/Data/Value_size_data/value_sizes_postgresql_array_run1_zipfian_light_after.csv
Total size: 87000000, Field length average: 8700
Workload file fieldlength set to: 8700 (expected: 8700)
=== Executing the load phase for the comparison study ===
Comparison-load verification - Epoch:9 Run:6 TotalSize:87000000 ExpectedFieldLength:8700
Avg-run verification - Epoch:9 Run:6 Iteration:86 TotalSize:87000000 ExpectedFieldLength:8700
=== Executing the run phase with extendproportion=0 and read/update proportions=0.5 ===
Arrangement completed. Output saved to ../analysis/Data/Workload_data/postgresql_array_run1_zipfian_light.csv
=== Setting parameter values for extend phase ===
=== Executing the extend phase with extendproportion=1 and other proportions=0 ===
Arrangement completed. Output saved to ../analysis/Data/Workload_data/postgresql_array_run1_zipfian_light.csv
Size computation started
Extend verification - Min:47500 Max:3386800 Avg:88000 (Expected avg per record: ~1000 bytes initially)
Generating histogram from key size log: key_sizes.csv
Histogram written to histogram_postgresql_array_zipfian_light.txt (BlockSize = 100)
Appending subsequent iteration 87...
Iteration 87: Appended new size values from key_sizes.csv to ../analysis/Data/Value_size_data/value_sizes_postgresql_array_run1_zipfian_light_before.csv
VACUUM start: 1773503002
VACUUM end: 1773503006
=== Setting parameter values for run phase ===
Checking query plan before run phase
=== Executing the run phase with extendproportion=0 and read/update proportions=0.5 ===
Arrangement completed. Output saved to ../analysis/Data/Workload_data/postgresql_array_run1_zipfian_light.csv
Arrangement completed. Output saved to ../analysis/Data/Workload_data/postgresql_array_run1_zipfian_light.csv
Backing up the database started
Backing up the database finished
Arrangement completed. Output saved to ../analysis/Data/Workload_data/postgresql_array_run1_zipfian_light.csv
Size computation started
Appending subsequent iteration 87...
Iteration 87: Appended new size values from key_sizes.csv to ../analysis/Data/Value_size_data/value_sizes_postgresql_array_run1_zipfian_light_after.csv
Total size: 88000000, Field length average: 8800
Workload file fieldlength set to: 8800 (expected: 8800)
=== Executing the load phase for the comparison study ===
Comparison-load verification - Epoch:9 Run:7 TotalSize:88000000 ExpectedFieldLength:8800
Avg-run verification - Epoch:9 Run:7 Iteration:87 TotalSize:88000000 ExpectedFieldLength:8800
=== Executing the run phase with extendproportion=0 and read/update proportions=0.5 ===
Arrangement completed. Output saved to ../analysis/Data/Workload_data/postgresql_array_run1_zipfian_light.csv
=== Setting parameter values for extend phase ===
=== Executing the extend phase with extendproportion=1 and other proportions=0 ===
Arrangement completed. Output saved to ../analysis/Data/Workload_data/postgresql_array_run1_zipfian_light.csv
Size computation started
Extend verification - Min:47800 Max:3425600 Avg:89000 (Expected avg per record: ~1000 bytes initially)
Generating histogram from key size log: key_sizes.csv
Histogram written to histogram_postgresql_array_zipfian_light.txt (BlockSize = 100)
Appending subsequent iteration 88...
Iteration 88: Appended new size values from key_sizes.csv to ../analysis/Data/Value_size_data/value_sizes_postgresql_array_run1_zipfian_light_before.csv
VACUUM start: 1773503103
VACUUM end: 1773503107
=== Setting parameter values for run phase ===
Checking query plan before run phase
=== Executing the run phase with extendproportion=0 and read/update proportions=0.5 ===
Arrangement completed. Output saved to ../analysis/Data/Workload_data/postgresql_array_run1_zipfian_light.csv
Arrangement completed. Output saved to ../analysis/Data/Workload_data/postgresql_array_run1_zipfian_light.csv
Backing up the database started
Backing up the database finished
Arrangement completed. Output saved to ../analysis/Data/Workload_data/postgresql_array_run1_zipfian_light.csv
Size computation started
Appending subsequent iteration 88...
Iteration 88: Appended new size values from key_sizes.csv to ../analysis/Data/Value_size_data/value_sizes_postgresql_array_run1_zipfian_light_after.csv
Total size: 89000000, Field length average: 8900
Workload file fieldlength set to: 8900 (expected: 8900)
=== Executing the load phase for the comparison study ===
Comparison-load verification - Epoch:9 Run:8 TotalSize:89000000 ExpectedFieldLength:8900
Avg-run verification - Epoch:9 Run:8 Iteration:88 TotalSize:89000000 ExpectedFieldLength:8900
=== Executing the run phase with extendproportion=0 and read/update proportions=0.5 ===
Arrangement completed. Output saved to ../analysis/Data/Workload_data/postgresql_array_run1_zipfian_light.csv
=== Setting parameter values for extend phase ===
=== Executing the extend phase with extendproportion=1 and other proportions=0 ===
Arrangement completed. Output saved to ../analysis/Data/Workload_data/postgresql_array_run1_zipfian_light.csv
Size computation started
Extend verification - Min:48700 Max:3465800 Avg:90000 (Expected avg per record: ~1000 bytes initially)
Generating histogram from key size log: key_sizes.csv
Histogram written to histogram_postgresql_array_zipfian_light.txt (BlockSize = 100)
Appending subsequent iteration 89...
Iteration 89: Appended new size values from key_sizes.csv to ../analysis/Data/Value_size_data/value_sizes_postgresql_array_run1_zipfian_light_before.csv
VACUUM start: 1773503206
VACUUM end: 1773503209
=== Setting parameter values for run phase ===
Checking query plan before run phase
=== Executing the run phase with extendproportion=0 and read/update proportions=0.5 ===
Arrangement completed. Output saved to ../analysis/Data/Workload_data/postgresql_array_run1_zipfian_light.csv
Arrangement completed. Output saved to ../analysis/Data/Workload_data/postgresql_array_run1_zipfian_light.csv
Backing up the database started
Backing up the database finished
Arrangement completed. Output saved to ../analysis/Data/Workload_data/postgresql_array_run1_zipfian_light.csv
Size computation started
Appending subsequent iteration 89...
Iteration 89: Appended new size values from key_sizes.csv to ../analysis/Data/Value_size_data/value_sizes_postgresql_array_run1_zipfian_light_after.csv
Total size: 90000000, Field length average: 9000
Workload file fieldlength set to: 9000 (expected: 9000)
=== Executing the load phase for the comparison study ===
Comparison-load verification - Epoch:9 Run:9 TotalSize:90000000 ExpectedFieldLength:9000
Avg-run verification - Epoch:9 Run:9 Iteration:89 TotalSize:90000000 ExpectedFieldLength:9000
=== Executing the run phase with extendproportion=0 and read/update proportions=0.5 ===
Arrangement completed. Output saved to ../analysis/Data/Workload_data/postgresql_array_run1_zipfian_light.csv
=== Setting parameter values for extend phase ===
=== Executing the extend phase with extendproportion=1 and other proportions=0 ===
Arrangement completed. Output saved to ../analysis/Data/Workload_data/postgresql_array_run1_zipfian_light.csv
Size computation started
Extend verification - Min:49600 Max:3504000 Avg:91000 (Expected avg per record: ~1000 bytes initially)
Generating histogram from key size log: key_sizes.csv
Histogram written to histogram_postgresql_array_zipfian_light.txt (BlockSize = 100)
Appending subsequent iteration 90...
Iteration 90: Appended new size values from key_sizes.csv to ../analysis/Data/Value_size_data/value_sizes_postgresql_array_run1_zipfian_light_before.csv
VACUUM start: 1773503308
VACUUM end: 1773503312
=== Setting parameter values for run phase ===
Checking query plan before run phase
=== Executing the run phase with extendproportion=0 and read/update proportions=0.5 ===
Arrangement completed. Output saved to ../analysis/Data/Workload_data/postgresql_array_run1_zipfian_light.csv
Arrangement completed. Output saved to ../analysis/Data/Workload_data/postgresql_array_run1_zipfian_light.csv
Backing up the database started
Backing up the database finished
Arrangement completed. Output saved to ../analysis/Data/Workload_data/postgresql_array_run1_zipfian_light.csv
Size computation started
Appending subsequent iteration 90...
Iteration 90: Appended new size values from key_sizes.csv to ../analysis/Data/Value_size_data/value_sizes_postgresql_array_run1_zipfian_light_after.csv
Total size: 91000000, Field length average: 9100
Workload file fieldlength set to: 9100 (expected: 9100)
=== Executing the load phase for the comparison study ===
Comparison-load verification - Epoch:9 Run:10 TotalSize:91000000 ExpectedFieldLength:9100
Avg-run verification - Epoch:9 Run:10 Iteration:90 TotalSize:91000000 ExpectedFieldLength:9100
=== Executing the run phase with extendproportion=0 and read/update proportions=0.5 ===
Arrangement completed. Output saved to ../analysis/Data/Workload_data/postgresql_array_run1_zipfian_light.csv
=== Setting parameter values for extend phase ===
=== Executing the extend phase with extendproportion=1 and other proportions=0 ===
Arrangement completed. Output saved to ../analysis/Data/Workload_data/postgresql_array_run1_zipfian_light.csv
Size computation started
Extend verification - Min:50300 Max:3544000 Avg:92000 (Expected avg per record: ~1000 bytes initially)
Generating histogram from key size log: key_sizes.csv
Histogram written to histogram_postgresql_array_zipfian_light.txt (BlockSize = 100)
Appending subsequent iteration 91...
Iteration 91: Appended new size values from key_sizes.csv to ../analysis/Data/Value_size_data/value_sizes_postgresql_array_run1_zipfian_light_before.csv
VACUUM start: 1773503412
VACUUM end: 1773503416
=== Setting parameter values for run phase ===
Checking query plan before run phase
=== Executing the run phase with extendproportion=0 and read/update proportions=0.5 ===
Arrangement completed. Output saved to ../analysis/Data/Workload_data/postgresql_array_run1_zipfian_light.csv
Arrangement completed. Output saved to ../analysis/Data/Workload_data/postgresql_array_run1_zipfian_light.csv
Backing up the database started
Backing up the database finished
Arrangement completed. Output saved to ../analysis/Data/Workload_data/postgresql_array_run1_zipfian_light.csv
Size computation started
Appending subsequent iteration 91...
Iteration 91: Appended new size values from key_sizes.csv to ../analysis/Data/Value_size_data/value_sizes_postgresql_array_run1_zipfian_light_after.csv
Total size: 92000000, Field length average: 9200
Workload file fieldlength set to: 9200 (expected: 9200)
=== Executing the load phase for the comparison study ===
Comparison-load verification - Epoch:10 Run:1 TotalSize:92000000 ExpectedFieldLength:9200
Avg-run verification - Epoch:10 Run:1 Iteration:91 TotalSize:92000000 ExpectedFieldLength:9200
=== Executing the run phase with extendproportion=0 and read/update proportions=0.5 ===
Arrangement completed. Output saved to ../analysis/Data/Workload_data/postgresql_array_run1_zipfian_light.csv
=== Setting parameter values for extend phase ===
=== Executing the extend phase with extendproportion=1 and other proportions=0 ===
Arrangement completed. Output saved to ../analysis/Data/Workload_data/postgresql_array_run1_zipfian_light.csv
Size computation started
Extend verification - Min:50800 Max:3584300 Avg:93000 (Expected avg per record: ~1000 bytes initially)
Generating histogram from key size log: key_sizes.csv
Histogram written to histogram_postgresql_array_zipfian_light.txt (BlockSize = 100)
Appending subsequent iteration 92...
Iteration 92: Appended new size values from key_sizes.csv to ../analysis/Data/Value_size_data/value_sizes_postgresql_array_run1_zipfian_light_before.csv
VACUUM start: 1773503517
VACUUM end: 1773503521
=== Setting parameter values for run phase ===
Checking query plan before run phase
=== Executing the run phase with extendproportion=0 and read/update proportions=0.5 ===
Arrangement completed. Output saved to ../analysis/Data/Workload_data/postgresql_array_run1_zipfian_light.csv
Arrangement completed. Output saved to ../analysis/Data/Workload_data/postgresql_array_run1_zipfian_light.csv
Backing up the database started
Backing up the database finished
Arrangement completed. Output saved to ../analysis/Data/Workload_data/postgresql_array_run1_zipfian_light.csv
Size computation started
Appending subsequent iteration 92...
Iteration 92: Appended new size values from key_sizes.csv to ../analysis/Data/Value_size_data/value_sizes_postgresql_array_run1_zipfian_light_after.csv
Total size: 93000000, Field length average: 9300
Workload file fieldlength set to: 9300 (expected: 9300)
=== Executing the load phase for the comparison study ===
Comparison-load verification - Epoch:10 Run:2 TotalSize:93000000 ExpectedFieldLength:9300
Avg-run verification - Epoch:10 Run:2 Iteration:92 TotalSize:93000000 ExpectedFieldLength:9300
=== Executing the run phase with extendproportion=0 and read/update proportions=0.5 ===
Arrangement completed. Output saved to ../analysis/Data/Workload_data/postgresql_array_run1_zipfian_light.csv
=== Setting parameter values for extend phase ===
=== Executing the extend phase with extendproportion=1 and other proportions=0 ===
Arrangement completed. Output saved to ../analysis/Data/Workload_data/postgresql_array_run1_zipfian_light.csv
Size computation started
Extend verification - Min:51600 Max:3620200 Avg:94000 (Expected avg per record: ~1000 bytes initially)
Generating histogram from key size log: key_sizes.csv
Histogram written to histogram_postgresql_array_zipfian_light.txt (BlockSize = 100)
Appending subsequent iteration 93...
Iteration 93: Appended new size values from key_sizes.csv to ../analysis/Data/Value_size_data/value_sizes_postgresql_array_run1_zipfian_light_before.csv
VACUUM start: 1773503621
VACUUM end: 1773503625
=== Setting parameter values for run phase ===
Checking query plan before run phase
=== Executing the run phase with extendproportion=0 and read/update proportions=0.5 ===
Arrangement completed. Output saved to ../analysis/Data/Workload_data/postgresql_array_run1_zipfian_light.csv
Arrangement completed. Output saved to ../analysis/Data/Workload_data/postgresql_array_run1_zipfian_light.csv
Backing up the database started
Backing up the database finished
Arrangement completed. Output saved to ../analysis/Data/Workload_data/postgresql_array_run1_zipfian_light.csv
Size computation started
Appending subsequent iteration 93...
Iteration 93: Appended new size values from key_sizes.csv to ../analysis/Data/Value_size_data/value_sizes_postgresql_array_run1_zipfian_light_after.csv
Total size: 94000000, Field length average: 9400
Workload file fieldlength set to: 9400 (expected: 9400)
=== Executing the load phase for the comparison study ===
Comparison-load verification - Epoch:10 Run:3 TotalSize:94000000 ExpectedFieldLength:9400
Avg-run verification - Epoch:10 Run:3 Iteration:93 TotalSize:94000000 ExpectedFieldLength:9400
=== Executing the run phase with extendproportion=0 and read/update proportions=0.5 ===
Arrangement completed. Output saved to ../analysis/Data/Workload_data/postgresql_array_run1_zipfian_light.csv
=== Setting parameter values for extend phase ===
=== Executing the extend phase with extendproportion=1 and other proportions=0 ===
Arrangement completed. Output saved to ../analysis/Data/Workload_data/postgresql_array_run1_zipfian_light.csv
Size computation started
Extend verification - Min:52000 Max:3658600 Avg:95000 (Expected avg per record: ~1000 bytes initially)
Generating histogram from key size log: key_sizes.csv
Histogram written to histogram_postgresql_array_zipfian_light.txt (BlockSize = 100)
Appending subsequent iteration 94...
Iteration 94: Appended new size values from key_sizes.csv to ../analysis/Data/Value_size_data/value_sizes_postgresql_array_run1_zipfian_light_before.csv
VACUUM start: 1773503727
VACUUM end: 1773503731
=== Setting parameter values for run phase ===
Checking query plan before run phase
=== Executing the run phase with extendproportion=0 and read/update proportions=0.5 ===
Arrangement completed. Output saved to ../analysis/Data/Workload_data/postgresql_array_run1_zipfian_light.csv
Arrangement completed. Output saved to ../analysis/Data/Workload_data/postgresql_array_run1_zipfian_light.csv
Backing up the database started
Backing up the database finished
Arrangement completed. Output saved to ../analysis/Data/Workload_data/postgresql_array_run1_zipfian_light.csv
Size computation started
Appending subsequent iteration 94...
Iteration 94: Appended new size values from key_sizes.csv to ../analysis/Data/Value_size_data/value_sizes_postgresql_array_run1_zipfian_light_after.csv
Total size: 95000000, Field length average: 9500
Workload file fieldlength set to: 9500 (expected: 9500)
=== Executing the load phase for the comparison study ===
Comparison-load verification - Epoch:10 Run:4 TotalSize:95000000 ExpectedFieldLength:9500
Avg-run verification - Epoch:10 Run:4 Iteration:94 TotalSize:95000000 ExpectedFieldLength:9500
=== Executing the run phase with extendproportion=0 and read/update proportions=0.5 ===
Arrangement completed. Output saved to ../analysis/Data/Workload_data/postgresql_array_run1_zipfian_light.csv
=== Setting parameter values for extend phase ===
=== Executing the extend phase with extendproportion=1 and other proportions=0 ===
Arrangement completed. Output saved to ../analysis/Data/Workload_data/postgresql_array_run1_zipfian_light.csv
Size computation started
Extend verification - Min:52900 Max:3695300 Avg:96000 (Expected avg per record: ~1000 bytes initially)
Generating histogram from key size log: key_sizes.csv
Histogram written to histogram_postgresql_array_zipfian_light.txt (BlockSize = 100)
Appending subsequent iteration 95...
Iteration 95: Appended new size values from key_sizes.csv to ../analysis/Data/Value_size_data/value_sizes_postgresql_array_run1_zipfian_light_before.csv
VACUUM start: 1773503834
VACUUM end: 1773503838
=== Setting parameter values for run phase ===
Checking query plan before run phase
=== Executing the run phase with extendproportion=0 and read/update proportions=0.5 ===
Arrangement completed. Output saved to ../analysis/Data/Workload_data/postgresql_array_run1_zipfian_light.csv
Arrangement completed. Output saved to ../analysis/Data/Workload_data/postgresql_array_run1_zipfian_light.csv
Backing up the database started
Backing up the database finished
Arrangement completed. Output saved to ../analysis/Data/Workload_data/postgresql_array_run1_zipfian_light.csv
Size computation started
Appending subsequent iteration 95...
Iteration 95: Appended new size values from key_sizes.csv to ../analysis/Data/Value_size_data/value_sizes_postgresql_array_run1_zipfian_light_after.csv
Total size: 96000000, Field length average: 9600
Workload file fieldlength set to: 9600 (expected: 9600)
=== Executing the load phase for the comparison study ===
Comparison-load verification - Epoch:10 Run:5 TotalSize:96000000 ExpectedFieldLength:9600
Avg-run verification - Epoch:10 Run:5 Iteration:95 TotalSize:96000000 ExpectedFieldLength:9600
=== Executing the run phase with extendproportion=0 and read/update proportions=0.5 ===
Arrangement completed. Output saved to ../analysis/Data/Workload_data/postgresql_array_run1_zipfian_light.csv
=== Setting parameter values for extend phase ===
=== Executing the extend phase with extendproportion=1 and other proportions=0 ===
Arrangement completed. Output saved to ../analysis/Data/Workload_data/postgresql_array_run1_zipfian_light.csv
Size computation started
Extend verification - Min:53400 Max:3733000 Avg:97000 (Expected avg per record: ~1000 bytes initially)
Generating histogram from key size log: key_sizes.csv
Histogram written to histogram_postgresql_array_zipfian_light.txt (BlockSize = 100)
Appending subsequent iteration 96...
Iteration 96: Appended new size values from key_sizes.csv to ../analysis/Data/Value_size_data/value_sizes_postgresql_array_run1_zipfian_light_before.csv
VACUUM start: 1773503940
VACUUM end: 1773503944
=== Setting parameter values for run phase ===
Checking query plan before run phase
=== Executing the run phase with extendproportion=0 and read/update proportions=0.5 ===
Arrangement completed. Output saved to ../analysis/Data/Workload_data/postgresql_array_run1_zipfian_light.csv
Arrangement completed. Output saved to ../analysis/Data/Workload_data/postgresql_array_run1_zipfian_light.csv
Backing up the database started
Backing up the database finished
Arrangement completed. Output saved to ../analysis/Data/Workload_data/postgresql_array_run1_zipfian_light.csv
Size computation started
Appending subsequent iteration 96...
Iteration 96: Appended new size values from key_sizes.csv to ../analysis/Data/Value_size_data/value_sizes_postgresql_array_run1_zipfian_light_after.csv
Total size: 97000000, Field length average: 9700
Workload file fieldlength set to: 9700 (expected: 9700)
=== Executing the load phase for the comparison study ===
Comparison-load verification - Epoch:10 Run:6 TotalSize:97000000 ExpectedFieldLength:9700
Avg-run verification - Epoch:10 Run:6 Iteration:96 TotalSize:97000000 ExpectedFieldLength:9700
=== Executing the run phase with extendproportion=0 and read/update proportions=0.5 ===
Arrangement completed. Output saved to ../analysis/Data/Workload_data/postgresql_array_run1_zipfian_light.csv
=== Setting parameter values for extend phase ===
=== Executing the extend phase with extendproportion=1 and other proportions=0 ===
Arrangement completed. Output saved to ../analysis/Data/Workload_data/postgresql_array_run1_zipfian_light.csv
Size computation started
Extend verification - Min:53800 Max:3773000 Avg:98000 (Expected avg per record: ~1000 bytes initially)
Generating histogram from key size log: key_sizes.csv
Histogram written to histogram_postgresql_array_zipfian_light.txt (BlockSize = 100)
Appending subsequent iteration 97...
Iteration 97: Appended new size values from key_sizes.csv to ../analysis/Data/Value_size_data/value_sizes_postgresql_array_run1_zipfian_light_before.csv
VACUUM start: 1773504047
VACUUM end: 1773504051
=== Setting parameter values for run phase ===
Checking query plan before run phase
=== Executing the run phase with extendproportion=0 and read/update proportions=0.5 ===
Arrangement completed. Output saved to ../analysis/Data/Workload_data/postgresql_array_run1_zipfian_light.csv
Arrangement completed. Output saved to ../analysis/Data/Workload_data/postgresql_array_run1_zipfian_light.csv
Backing up the database started
Backing up the database finished
Arrangement completed. Output saved to ../analysis/Data/Workload_data/postgresql_array_run1_zipfian_light.csv
Size computation started
Appending subsequent iteration 97...
Iteration 97: Appended new size values from key_sizes.csv to ../analysis/Data/Value_size_data/value_sizes_postgresql_array_run1_zipfian_light_after.csv
Total size: 98000000, Field length average: 9800
Workload file fieldlength set to: 9800 (expected: 9800)
=== Executing the load phase for the comparison study ===
Comparison-load verification - Epoch:10 Run:7 TotalSize:98000000 ExpectedFieldLength:9800
Avg-run verification - Epoch:10 Run:7 Iteration:97 TotalSize:98000000 ExpectedFieldLength:9800
=== Executing the run phase with extendproportion=0 and read/update proportions=0.5 ===
Arrangement completed. Output saved to ../analysis/Data/Workload_data/postgresql_array_run1_zipfian_light.csv
=== Setting parameter values for extend phase ===
=== Executing the extend phase with extendproportion=1 and other proportions=0 ===
Arrangement completed. Output saved to ../analysis/Data/Workload_data/postgresql_array_run1_zipfian_light.csv
Size computation started
Extend verification - Min:54500 Max:3811800 Avg:99000 (Expected avg per record: ~1000 bytes initially)
Generating histogram from key size log: key_sizes.csv
Histogram written to histogram_postgresql_array_zipfian_light.txt (BlockSize = 100)
Appending subsequent iteration 98...
Iteration 98: Appended new size values from key_sizes.csv to ../analysis/Data/Value_size_data/value_sizes_postgresql_array_run1_zipfian_light_before.csv
VACUUM start: 1773504154
VACUUM end: 1773504158
=== Setting parameter values for run phase ===
Checking query plan before run phase
=== Executing the run phase with extendproportion=0 and read/update proportions=0.5 ===
Arrangement completed. Output saved to ../analysis/Data/Workload_data/postgresql_array_run1_zipfian_light.csv
Arrangement completed. Output saved to ../analysis/Data/Workload_data/postgresql_array_run1_zipfian_light.csv
Backing up the database started
Backing up the database finished
Arrangement completed. Output saved to ../analysis/Data/Workload_data/postgresql_array_run1_zipfian_light.csv
Size computation started
Appending subsequent iteration 98...
Iteration 98: Appended new size values from key_sizes.csv to ../analysis/Data/Value_size_data/value_sizes_postgresql_array_run1_zipfian_light_after.csv
Total size: 99000000, Field length average: 9900
Workload file fieldlength set to: 9900 (expected: 9900)
=== Executing the load phase for the comparison study ===
Comparison-load verification - Epoch:10 Run:8 TotalSize:99000000 ExpectedFieldLength:9900
Avg-run verification - Epoch:10 Run:8 Iteration:98 TotalSize:99000000 ExpectedFieldLength:9900
=== Executing the run phase with extendproportion=0 and read/update proportions=0.5 ===
Arrangement completed. Output saved to ../analysis/Data/Workload_data/postgresql_array_run1_zipfian_light.csv
=== Setting parameter values for extend phase ===
=== Executing the extend phase with extendproportion=1 and other proportions=0 ===
Arrangement completed. Output saved to ../analysis/Data/Workload_data/postgresql_array_run1_zipfian_light.csv
Size computation started
Extend verification - Min:54800 Max:3850000 Avg:100000 (Expected avg per record: ~1000 bytes initially)
Generating histogram from key size log: key_sizes.csv
Histogram written to histogram_postgresql_array_zipfian_light.txt (BlockSize = 100)
Appending subsequent iteration 99...
Iteration 99: Appended new size values from key_sizes.csv to ../analysis/Data/Value_size_data/value_sizes_postgresql_array_run1_zipfian_light_before.csv
VACUUM start: 1773504262
VACUUM end: 1773504267
=== Setting parameter values for run phase ===
Checking query plan before run phase
=== Executing the run phase with extendproportion=0 and read/update proportions=0.5 ===
Arrangement completed. Output saved to ../analysis/Data/Workload_data/postgresql_array_run1_zipfian_light.csv
Arrangement completed. Output saved to ../analysis/Data/Workload_data/postgresql_array_run1_zipfian_light.csv
Backing up the database started
Backing up the database finished
Arrangement completed. Output saved to ../analysis/Data/Workload_data/postgresql_array_run1_zipfian_light.csv
Size computation started
Appending subsequent iteration 99...
Iteration 99: Appended new size values from key_sizes.csv to ../analysis/Data/Value_size_data/value_sizes_postgresql_array_run1_zipfian_light_after.csv
Total size: 100000000, Field length average: 10000
Workload file fieldlength set to: 10000 (expected: 10000)
=== Executing the load phase for the comparison study ===
Comparison-load verification - Epoch:10 Run:9 TotalSize:100000000 ExpectedFieldLength:10000
Avg-run verification - Epoch:10 Run:9 Iteration:99 TotalSize:100000000 ExpectedFieldLength:10000
=== Executing the run phase with extendproportion=0 and read/update proportions=0.5 ===
Arrangement completed. Output saved to ../analysis/Data/Workload_data/postgresql_array_run1_zipfian_light.csv
=== Setting parameter values for extend phase ===
=== Executing the extend phase with extendproportion=1 and other proportions=0 ===
Arrangement completed. Output saved to ../analysis/Data/Workload_data/postgresql_array_run1_zipfian_light.csv
Size computation started
Extend verification - Min:55200 Max:3887400 Avg:101000 (Expected avg per record: ~1000 bytes initially)
Generating histogram from key size log: key_sizes.csv
Histogram written to histogram_postgresql_array_zipfian_light.txt (BlockSize = 100)
Appending subsequent iteration 100...
Iteration 100: Appended new size values from key_sizes.csv to ../analysis/Data/Value_size_data/value_sizes_postgresql_array_run1_zipfian_light_before.csv
VACUUM start: 1773504373
VACUUM end: 1773504377
=== Setting parameter values for run phase ===
Checking query plan before run phase
=== Executing the run phase with extendproportion=0 and read/update proportions=0.5 ===
Arrangement completed. Output saved to ../analysis/Data/Workload_data/postgresql_array_run1_zipfian_light.csv
Arrangement completed. Output saved to ../analysis/Data/Workload_data/postgresql_array_run1_zipfian_light.csv
Backing up the database started
Backing up the database finished
Arrangement completed. Output saved to ../analysis/Data/Workload_data/postgresql_array_run1_zipfian_light.csv
Size computation started
Appending subsequent iteration 100...
Iteration 100: Appended new size values from key_sizes.csv to ../analysis/Data/Value_size_data/value_sizes_postgresql_array_run1_zipfian_light_after.csv
Total size: 101000000, Field length average: 10100
Workload file fieldlength set to: 10100 (expected: 10100)
=== Executing the load phase for the comparison study ===
Comparison-load verification - Epoch:10 Run:10 TotalSize:101000000 ExpectedFieldLength:10100
Avg-run verification - Epoch:10 Run:10 Iteration:100 TotalSize:101000000 ExpectedFieldLength:10100
=== Executing the run phase with extendproportion=0 and read/update proportions=0.5 ===
Arrangement completed. Output saved to ../analysis/Data/Workload_data/postgresql_array_run1_zipfian_light.csv
=== All steps completed. Results are logged in ./ycsb_postgresql_array_results_zipfian_light.log ===
