Epoch,Phase,Recordcount,Readallfields,Requestdist,Operation,blks_read,blks_hit,tup_returned,tup_fetched,tup_inserted,tup_updated,tup_deleted,deadlocks,temp_files,temp_bytes,checkpoints_timed,checkpoints_req,buffers_checkpoint,buffers_clean,buffers_backend,buffers_alloc,checkpoint_write_time,checkpoint_sync_time,wal_bytes,wal_records,wal_fpi,wal_buffers_full,Readprop,Updateprop,Scanprop,Insertprop,Extendprop,Runtime(ms),Throughput(ops/sec),Operations,AverageLatency(us),MinLatency(us),MaxLatency(us),95thPercentileLatency(us),99thPercentileLatency(us),Return=OK
0,load,10000,true,uniform,INSERT,1,38382,13033,2061,10119,8,0,0,0,0,486,38718,378232009,478708332,5883282562,10761877715,974174265,158364593,20877260796915,24536425698,3303268147,70169805,1,0,0,0,0,13914,718.7005893344832,10000,1345.9541,834,16271,1663,1775,10000
1,extend,10000,true,uniform,EXTEND,2,855704,144610,111988,21612,100030,2318,0,0,0,486,38718,378232009,478709008,5883290078,10761883907,974174265,158364593,20877367519674,24536831760,3303268152,70169805,0,0,0,0,1,131715,759.2149717192423,100000,1309.02862,380,15847,1634,1730,100000
1,run,10000,true,uniform,READ,2,1734600,372759,314139,34867,150017,8951,0,0,0,486,38718,378232009,478709008,5883290078,10761884375,974174265,158364593,20877413857563,24537071971,3303268152,70169805,0.5,0.5,0,0,0,68171,1466.8994147071335,50035,152.34152093534527,30,11535,453,542,50035
1,run,10000,true,uniform,UPDATE,2,1734600,372759,314139,34867,150017,8951,0,0,0,486,38718,378232009,478709008,5883290078,10761884375,974174265,158364593,20877413857563,24537071971,3303268152,70169805,0.5,0.5,0,0,0,68171,1466.8994147071335,49965,1197.8355048533974,625,15575,1591,1713,49965
1,reference,10000,true,uniform,READ,2,603541,144892,105804,12553,49945,309,0,0,0,486,38718,378232009,478709010,5883290078,10761887591,974174265,158364593,20877464330000,24537265503,3303268152,70169805,0.5,0.5,0,0,0,67495,1481.5912289799244,50067,144.95100565242575,27,2415,445,532,50067
1,reference,10000,true,uniform,UPDATE,2,603541,144892,105804,12553,49945,309,0,0,0,486,38718,378232009,478709010,5883290078,10761887591,974174265,158364593,20877464330000,24537265503,3303268152,70169805,0.5,0.5,0,0,0,67495,1481.5912289799244,49933,1193.5169326898044,396,16287,1592,1709,49933
1,clean-run,10000,true,uniform,READ,637,1107890,268852,239063,40084,50126,9255,0,4,393216,486,38719,378243633,478710471,5883294258,10761895511,974174391,158364600,20877564366294,24537577834,3303273654,70172096,0.5,0.5,0,0,0,65973,1515.7716035347794,49886,143.99370564887946,31,1428,441,536,49886
1,clean-run,10000,true,uniform,UPDATE,637,1107890,268852,239063,40084,50126,9255,0,4,393216,486,38719,378243633,478710471,5883294258,10761895511,974174391,158364600,20877564366294,24537577834,3303273654,70172096,0.5,0.5,0,0,0,65973,1515.7716035347794,50114,1159.3813505208125,370,15583,1586,1723,50114
1,avg-run,10000,true,uniform,READ,743,2617161,679043,595008,80257,100322,21375,0,4,393216,486,38719,378243633,478711587,5883300516,10761902298,974174391,158364600,20877637200485,24537889335,3303273658,70172096,0.5,0.5,0,0,0,60018,1666.1668166216803,49819,99.44908569019852,30,12527,393,508,49819
1,avg-run,10000,true,uniform,UPDATE,743,2617161,679043,595008,80257,100322,21375,0,4,393216,486,38719,378243633,478711587,5883300516,10761902298,974174391,158364600,20877637200485,24537889335,3303273658,70172096,0.5,0.5,0,0,0,60018,1666.1668166216803,50181,1085.463183276539,380,9199,1505,1666,50181
2,extend,10000,true,uniform,EXTEND,5212,3160340,680381,574340,82210,250050,35854,0,0,0,486,38719,378243633,478715339,5883305639,10761909491,974174391,158364600,20877766986840,24538434785,3303280021,70172096,0,0,0,0,1,129049,774.8994567954808,100000,1282.56292,392,14007,1634,1738,100000
2,run,10000,true,uniform,READ,5314,4838302,1138961,1005749,107775,299832,55680,0,0,0,487,38719,378245757,478721041,5883308188,10761909951,974174391,158364600,20877874336065,24538735251,3303288780,70172096,0.5,0.5,0,0,0,69340,1442.169022209403,50240,163.91001194267517,36,3455,469,571,50240
2,run,10000,true,uniform,UPDATE,5314,4838302,1138961,1005749,107775,299832,55680,0,0,0,487,38719,378245757,478721041,5883308188,10761909951,974174391,158364600,20877874336065,24538735251,3303288780,70172096,0.5,0.5,0,0,0,69340,1442.169022209403,49760,1214.2953376205787,438,20191,1618,1753,49760
2,reference,10000,true,uniform,READ,4877,1525845,363190,287152,36766,99993,6229,0,0,0,487,38719,378248820,478722337,5883310304,10761916984,974174391,158364600,20877959636311,24539008461,3303293495,70172096,0.5,0.5,0,0,0,69824,1432.172318973419,49974,157.9100932484892,30,2745,459,550,49974
2,reference,10000,true,uniform,UPDATE,4877,1525845,363190,287152,36766,99993,6229,0,0,0,487,38719,378248820,478722337,5883310304,10761916984,974174391,158364600,20877959636311,24539008461,3303293495,70172096,0.5,0.5,0,0,0,69824,1432.172318973419,50026,1224.5441770279456,403,17151,1621,1744,50026
2,clean-run,10000,true,uniform,READ,634,1902203,460034,425096,77511,50288,21896,0,4,385024,487,38720,378262917,478727858,5883317413,10761930155,974288217,158364619,20878094637496,24539421427,3303300276,70176221,0.5,0.5,0,0,0,69130,1446.5499783017503,49724,173.9475102566165,40,14391,475,575,49724
2,clean-run,10000,true,uniform,UPDATE,634,1902203,460034,425096,77511,50288,21896,0,4,385024,487,38720,378262917,478727858,5883317413,10761930155,974288217,158364619,20878094637496,24539421427,3303300276,70176221,0.5,0.5,0,0,0,69130,1446.5499783017503,50276,1189.0870196515236,374,9551,1621,1765,50276
2,avg-run,10000,true,uniform,READ,734,4185223,1083203,996187,142777,100356,43563,0,4,385024,487,38720,378262917,478727858,5883321411,10761937783,974288217,158364619,20878184100396,24539799423,3303300280,70176221,0.5,0.5,0,0,0,64308,1555.0164831747215,49947,132.29679460227842,33,1321,435,541,49947
2,avg-run,10000,true,uniform,UPDATE,734,4185223,1083203,996187,142777,100356,43563,0,4,385024,487,38720,378262917,478727858,5883321411,10761937783,974288217,158364619,20878184100396,24539799423,3303300280,70176221,0.5,0.5,0,0,0,64308,1555.0164831747215,50053,1140.026431982099,394,20255,1554,1691,50053
3,extend,10000,true,uniform,EXTEND,19959,6861439,1588193,1402550,168966,399865,104649,0,0,0,487,38720,378262917,478737893,5883329573,10761954366,974288217,158364619,20878352402389,24540427226,3303309065,70176221,0,0,0,0,1,131462,760.6760889078213,100000,1306.54797,388,17119,1650,1763,100000
3,run,10000,true,uniform,READ,20081,9550190,2195079,1979566,201521,449870,133105,0,0,0,488,38720,378266631,478737893,5883331768,10761954602,974288217,158364619,20878487711698,24540768493,3303320981,70176221,0.5,0.5,0,0,0,68561,1458.5551552631962,50017,158.6692324609633,46,2083,468,585,50017
3,run,10000,true,uniform,UPDATE,20081,9550190,2195079,1979566,201521,449870,133105,0,0,0,488,38720,378266631,478737893,5883331768,10761954602,974288217,158364619,20878487711698,24540768493,3303320981,70176221,0.5,0.5,0,0,0,68561,1458.5551552631962,49983,1199.9043474781427,427,16543,1605,1753,49983
3,reference,10000,true,uniform,READ,15508,2965620,726390,622016,71141,150152,21910,0,0,0,488,38720,378268133,478746587,5883341236,10761968340,974288217,158364619,20878589043834,24541093691,3303327710,70176221,0.5,0.5,0,0,0,66009,1514.9449317517308,49863,130.63708561458395,30,1481,428,538,49863
3,reference,10000,true,uniform,UPDATE,15508,2965620,726390,622016,71141,150152,21910,0,0,0,488,38720,378268133,478746587,5883341236,10761968340,974288217,158364619,20878589043834,24541093691,3303327710,70176221,0.5,0.5,0,0,0,66009,1514.9449317517308,50137,1173.5324211660052,404,16559,1588,1747,50137
3,clean-run,10000,true,uniform,READ,808,2182087,515220,477608,99004,49913,29044,0,4,385024,488,38721,378282853,478746943,5883357422,10761987383,974408581,158364640,20878760704977,24541541083,3303336587,70180966,0.5,0.5,0,0,0,62443,1601.4605320051887,50088,129.1154767609008,46,13919,421,545,50088
3,clean-run,10000,true,uniform,UPDATE,808,2182087,515220,477608,99004,49913,29044,0,4,385024,488,38721,378282853,478746943,5883357422,10761987383,974408581,158364640,20878760704977,24541541083,3303336587,70180966,0.5,0.5,0,0,0,62443,1601.4605320051887,49912,1108.2991264625741,385,11943,1571,1758,49912
3,avg-run,10000,true,uniform,READ,1139,5207541,1344345,1255291,179765,100121,57264,0,4,385024,488,38721,378282853,478750284,5883363234,10761997191,974408581,158364640,20878863880292,24541990865,3303336591,70180966,0.5,0.5,0,0,0,67133,1489.5803852054876,49818,159.45244690674053,35,12871,463,562,49818
3,avg-run,10000,true,uniform,UPDATE,1139,5207541,1344345,1255291,179765,100121,57264,0,4,385024,488,38721,378282853,478750284,5883363234,10761997191,974408581,158364640,20878863880292,24541990865,3303336591,70180966,0.5,0.5,0,0,0,67133,1489.5803852054876,50182,1166.1831931768363,384,6687,1575,1699,50182
4,extend,10000,true,uniform,EXTEND,63676,12279845,2731729,2452474,271977,549903,196151,0,0,0,488,38721,378282853,478767672,5883380179,10762029046,974408581,158364640,20879063837917,24542659139,3303348275,70180966,0,0,0,0,1,134679,742.5062556152036,100000,1338.51013,365,10791,1672,1788,100000
4,run,10000,true,uniform,READ,63798,15385514,3430479,3121134,308539,599805,230132,0,0,0,489,38721,378287158,478767672,5883383208,10762029296,974408581,158364640,20879220087009,24543025399,3303362852,70180966,0.5,0.5,0,0,0,70004,1428.4898005828238,50120,170.49988028731045,53,18031,482,600,50120
4,run,10000,true,uniform,UPDATE,63798,15385514,3430479,3121134,308539,599805,230132,0,0,0,489,38721,378287158,478767672,5883383208,10762029296,974408581,158364640,20879220087009,24543025399,3303362852,70180966,0.5,0.5,0,0,0,70004,1428.4898005828238,49880,1217.5422012830793,431,5603,1623,1771,49880
4,reference,10000,true,uniform,READ,54033,4792365,1212721,1079959,109223,200267,45751,0,0,0,489,38721,378288288,478782745,5883404391,10762060362,974408581,158364640,20879339102945,24543378189,3303371480,70180966,0.5,0.5,0,0,0,69844,1431.7622129316762,49907,161.23491694551868,32,3223,464,570,49907
4,reference,10000,true,uniform,UPDATE,54033,4792365,1212721,1079959,109223,200267,45751,0,0,0,489,38721,378288288,478782745,5883404391,10762060362,974408581,158364640,20879339102945,24543378189,3303371480,70180966,0.5,0.5,0,0,0,69844,1431.7622129316762,50093,1219.6627073643024,413,16271,1623,1783,50093
4,clean-run,10000,true,uniform,READ,14163,2458423,573235,539584,113058,50081,34004,0,4,385024,489,38722,378301311,478795555,5883430061,10762113257,974534441,158364659,20879545823689,24543878398,3303382247,70187756,0.5,0.5,0,0,0,67441,1482.777538885841,49920,161.18729967948718,49,1731,464,577,49920
4,clean-run,10000,true,uniform,UPDATE,14163,2458423,573235,539584,113058,50081,34004,0,4,385024,489,38722,378301311,478795555,5883430061,10762113257,974534441,158364659,20879545823689,24543878398,3303382247,70187756,0.5,0.5,0,0,0,67441,1482.777538885841,50080,1172.3710463258785,394,15383,1617,1814,50080
4,avg-run,10000,true,uniform,READ,14500,5719856,1463560,1377432,200708,99967,64536,0,4,385024,489,38722,378301311,478796307,5883440118,10762124763,974534441,158364659,20879667514393,24544356717,3303382251,70187756,0.5,0.5,0,0,0,65934,1516.66818333485,50140,154.13827283605903,35,2555,461,571,50140
4,avg-run,10000,true,uniform,UPDATE,14500,5719856,1463560,1377432,200708,99967,64536,0,4,385024,489,38722,378301311,478796307,5883440118,10762124763,974534441,158364659,20879667514393,24544356717,3303382251,70187756,0.5,0.5,0,0,0,65934,1516.66818333485,49860,1153.8916967509026,375,15703,1566,1695,49860
5,extend,10000,true,uniform,EXTEND,154926,18313229,4013705,3642522,385067,699838,301739,0,0,0,489,38723,378303683,478825202,5883467686,10762179932,974534441,158364659,20879960738396,24545056612,3303411196,70187756,0,0,0,0,1,134718,742.2913047996556,100000,1339.19793,380,9583,1674,1804,100000
5,run,10000,true,uniform,READ,176002,21644096,4766730,4367416,425501,749899,339667,0,0,0,489,38723,378305453,478836892,5883470244,10762192675,974534441,158364659,20880053706841,24545440360,3303413886,70187756,0.5,0.5,0,0,0,69130,1446.5499783017503,49961,172.1637677388363,60,13119,484,608,49961
5,run,10000,true,uniform,UPDATE,176002,21644096,4766730,4367416,425501,749899,339667,0,0,0,489,38723,378305453,478836892,5883470244,10762192675,974534441,158364659,20880053706841,24545440360,3303413886,70187756,0.5,0.5,0,0,0,69130,1446.5499783017503,50039,1197.2696296888428,449,5271,1601,1748,50039
5,reference,10000,true,uniform,READ,110790,6896860,1789883,1622062,149792,250183,75756,0,0,0,489,38723,378306942,478846647,5883498765,10762243354,974534441,158364659,20880186534505,24545789034,3303424470,70187756,0.5,0.5,0,0,0,69372,1441.503776739895,50106,164.50918053726102,42,14583,469,582,50106
5,reference,10000,true,uniform,UPDATE,110790,6896860,1789883,1622062,149792,250183,75756,0,0,0,489,38723,378306942,478846647,5883498765,10762243354,974534441,158364659,20880186534505,24545789034,3303424470,70187756,0.5,0.5,0,0,0,69372,1441.503776739895,49894,1211.0093598428668,401,34015,1611,1771,49894
5,clean-run,10000,true,uniform,READ,18386,2627007,611996,582472,123733,50025,37389,0,4,385024,489,38724,378319835,478858291,5883532986,10762305465,974691658,158364679,20880416949800,24546321969,3303436437,70195903,0.5,0.5,0,0,0,67408,1483.5034417279849,49976,162.36149351688812,52,15823,468,591,49976
5,clean-run,10000,true,uniform,UPDATE,18386,2627007,611996,582472,123733,50025,37389,0,4,385024,489,38724,378319835,478858291,5883532986,10762305465,974691658,158364679,20880416949800,24546321969,3303436437,70195903,0.5,0.5,0,0,0,67408,1483.5034417279849,50024,1171.4898048936511,384,7859,1622,1807,50024
5,avg-run,10000,true,uniform,READ,20649,6086038,1558831,1476921,214778,100199,69377,0,4,385024,489,38724,378319835,478859106,5883543666,10762319055,974691658,158364679,20880548881961,24546815472,3303436441,70195903,0.5,0.5,0,0,0,66883,1495.1482439483875,49841,160.4517766497462,40,14695,471,579,49841
5,avg-run,10000,true,uniform,UPDATE,20649,6086038,1558831,1476921,214778,100199,69377,0,4,385024,489,38724,378319835,478859106,5883543666,10762319055,974691658,158364679,20880548881961,24546815472,3303436441,70195903,0.5,0.5,0,0,0,66883,1495.1482439483875,50159,1160.6382902370462,365,4763,1567,1701,50159
6,extend,10000,true,uniform,EXTEND,317373,24626562,5376136,4918100,506649,849932,417795,0,0,0,489,38725,378323717,478905874,5883589873,10762409837,974691658,158364679,20880899544529,24547541247,3303473631,70195903,0,0,0,0,1,135595,737.4903204395442,100000,1347.39316,380,17663,1696,1838,100000
6,run,10000,true,uniform,READ,416850,28040267,6159860,5672349,547847,900003,458053,0,0,0,489,38725,378324102,478939274,5883617238,10762488089,974691658,158364679,20880992566758,24547941170,3303473798,70195903,0.5,0.5,0,0,0,66590,1501.726986033939,49951,163.5322215771456,65,17631,436,579,49951
6,run,10000,true,uniform,UPDATE,416850,28040267,6159860,5672349,547847,900003,458053,0,0,0,489,38725,378324102,478939274,5883617238,10762488089,974691658,158364679,20880992566758,24547941170,3303473798,70195903,0.5,0.5,0,0,0,66590,1501.726986033939,50049,1153.7149993006853,439,12215,1550,1752,50049
6,reference,10000,true,uniform,READ,177374,9565605,2433475,2231246,192188,300308,110560,0,0,0,489,38725,378324171,478949639,5883648544,10762557618,974691658,158364679,20881142820096,24548304426,3303486216,70195903,0.5,0.5,0,0,0,68396,1462.0738054857009,49897,164.249674329118,48,2579,473,589,49897
6,reference,10000,true,uniform,UPDATE,177374,9565605,2433475,2231246,192188,300308,110560,0,0,0,489,38725,378324171,478949639,5883648544,10762557618,974691658,158364679,20881142820096,24548304426,3303486216,70195903,0.5,0.5,0,0,0,68396,1462.0738054857009,50103,1188.117917090793,394,31343,1624,1793,50103
6,clean-run,10000,true,uniform,READ,31137,2741613,635475,608009,129578,50156,39643,0,4,393216,489,38726,378339126,478964012,5883695402,10762635494,974882067,158364694,20881402016364,24548862451,3303499538,70205616,0.5,0.5,0,0,0,67790,1475.143826523086,49845,173.21414384592237,59,13615,472,585,49845
6,clean-run,10000,true,uniform,UPDATE,31137,2741613,635475,608009,129578,50156,39643,0,4,393216,489,38726,378339126,478964012,5883695402,10762635494,974882067,158364694,20881402016364,24548862451,3303499538,70205616,0.5,0.5,0,0,0,67790,1475.143826523086,50155,1166.268986142957,391,8519,1624,1853,50155
6,avg-run,10000,true,uniform,READ,43568,6225817,1593157,1514116,225966,100073,73203,0,4,393216,489,38726,378339126,478964603,5883707328,10762654522,974882067,158364694,20881546601355,24549346570,3303499542,70205616,0.5,0.5,0,0,0,66884,1495.1258895999042,50098,160.44514751087868,39,14159,470,577,50098
6,avg-run,10000,true,uniform,UPDATE,43568,6225817,1593157,1514116,225966,100073,73203,0,4,393216,489,38726,378339126,478964603,5883707328,10762654522,974882067,158364694,20881546601355,24549346570,3303499542,70205616,0.5,0.5,0,0,0,66884,1495.1258895999042,49902,1166.2463829105045,393,14831,1565,1702,49902
7,extend,10000,true,uniform,EXTEND,612859,31020727,6769056,6220085,630789,1000036,539376,0,0,0,489,38727,378339569,479021543,5883778158,10762777043,974882067,158364694,20881930173973,24550099963,3303537670,70205616,0,0,0,0,1,132102,756.990810131565,100000,1312.8189,403,17743,1697,1859,100000
7,run,10000,true,uniform,READ,804677,34343732,7549058,6972158,673452,1049915,580817,0,0,0,489,38727,378339569,479057143,5883844780,10762935441,974882067,158364694,20882025978274,24550505600,3303537691,70205616,0.5,0.5,0,0,0,71016,1408.1333783936013,50143,194.65743972239395,64,3409,501,630,50143
7,run,10000,true,uniform,UPDATE,804677,34343732,7549058,6972158,673452,1049915,580817,0,0,0,489,38727,378339569,479057143,5883844780,10762935441,974882067,158364694,20882025978274,24550505600,3303537691,70205616,0.5,0.5,0,0,0,71016,1408.1333783936013,49857,1214.6023226427583,424,15943,1614,1775,49857
7,reference,10000,true,uniform,READ,254310,12599322,3125335,2888990,235675,350263,148300,0,0,0,489,38727,378339569,479071679,5883877628,10763017773,975102802,158364730,20882193872371,24550877217,3303552069,70205616,0.5,0.5,0,0,0,66404,1505.933377507379,50067,161.13192322288134,54,3397,461,595,50067
7,reference,10000,true,uniform,UPDATE,254310,12599322,3125335,2888990,235675,350263,148300,0,0,0,489,38727,378339569,479071679,5883877628,10763017773,975102802,158364730,20882193872371,24550877217,3303552069,70205616,0.5,0.5,0,0,0,66404,1505.933377507379,49933,1155.5802174914386,394,37759,1601,1803,49933
7,clean-run,10000,true,uniform,READ,43804,2750578,634831,609284,132899,50073,40585,0,4,385024,489,38728,378355460,479090353,5883920356,10763123209,975102945,158364741,20882426984918,24551421389,3303558080,70217099,0.5,0.5,0,0,0,65043,1537.444459818889,49928,156.1935186668803,61,2773,437,574,49928
7,clean-run,10000,true,uniform,UPDATE,43804,2750578,634831,609284,132899,50073,40585,0,4,385024,489,38728,378355460,479090353,5883920356,10763123209,975102945,158364741,20882426984918,24551421389,3303558080,70217099,0.5,0.5,0,0,0,65043,1537.444459818889,50072,1130.0946437130533,391,14495,1570,1762,50072
7,avg-run,10000,true,uniform,READ,61878,6221304,1594901,1519340,233770,99926,76741,0,4,385024,489,38728,378355460,479090853,5883940836,10763148462,975102945,158364741,20882576006398,24551900340,3303558084,70217099,0.5,0.5,0,0,0,66200,1510.5740181268882,50173,167.17838279552748,42,16831,478,595,50173
7,avg-run,10000,true,uniform,UPDATE,61878,6221304,1594901,1519340,233770,99926,76741,0,4,385024,489,38728,378355460,479090853,5883940836,10763148462,975102945,158364741,20882576006398,24551900340,3303558084,70217099,0.5,0.5,0,0,0,66200,1510.5740181268882,49827,1146.630943062998,387,16639,1563,1697,49827
8,extend,10000,true,uniform,EXTEND,1036055,37146549,8116712,7482433,761432,1149948,665837,0,0,0,489,38729,378356001,479153020,5884027876,10763287912,975102945,158364741,20882992713502,24552670171,3303601644,70217099,0,0,0,0,1,137314,728.2578615436154,100000,1365.17589,392,9959,1719,1885,100000
8,run,10000,true,uniform,READ,1315565,40316223,8872091,8211868,807653,1199983,709987,0,0,0,489,38729,378356001,479188327,5884123532,10763520967,975102945,158364741,20883088436969,24553084458,3303601662,70217099,0.5,0.5,0,0,0,70468,1419.0838394732361,49987,196.06565707083843,74,14543,494,625,49987
8,run,10000,true,uniform,UPDATE,1315565,40316223,8872091,8211868,807653,1199983,709987,0,0,0,489,38729,378356001,479188327,5884123532,10763520967,975102945,158364741,20883088436969,24553084458,3303601662,70217099,0.5,0.5,0,0,0,70468,1419.0838394732361,50013,1198.9786855417592,698,11167,1597,1769,50013
8,reference,10000,true,uniform,READ,400883,15606816,3835441,3566282,281147,399950,188639,0,0,0,489,38730,378356643,479220671,5884171959,10763649848,975309451,158364814,20883304244190,24553463744,3303623112,70217099,0.5,0.5,0,0,0,67660,1477.9781259237363,50335,171.49538094765074,58,18015,447,595,50335
8,reference,10000,true,uniform,UPDATE,400883,15606816,3835441,3566282,281147,399950,188639,0,0,0,489,38730,378356643,479220671,5884171959,10763649848,975309451,158364814,20883304244190,24553463744,3303623112,70217099,0.5,0.5,0,0,0,67660,1477.9781259237363,49665,1174.6421423537702,396,11679,1591,1808,49665
8,clean-run,10000,true,uniform,READ,53704,2742279,625089,597005,140464,49877,42826,0,4,385024,489,38731,378368107,479248836,5884219475,10763787636,975313620,158364870,20883548997385,24554018235,3303629068,70229826,0.5,0.5,0,0,0,68796,1453.5728821443108,50124,188.53960178756682,67,13655,491,612,50124
8,clean-run,10000,true,uniform,UPDATE,53704,2742279,625089,597005,140464,49877,42826,0,4,385024,489,38731,378368107,479248836,5884219475,10763787636,975313620,158364870,20883548997385,24554018235,3303629068,70229826,0.5,0.5,0,0,0,68796,1453.5728821443108,49876,1176.3554414949074,403,12615,1618,1801,49876
8,avg-run,10000,true,uniform,READ,108355,6112962,1545143,1466015,241018,99996,79285,0,4,385024,489,38731,378368107,479253103,5884256255,10763846073,975313620,158364870,20883714738978,24554532756,3303629072,70229826,0.5,0.5,0,0,0,68413,1461.7104936196338,49907,182.4945198068407,44,3361,487,599,49907
8,avg-run,10000,true,uniform,UPDATE,108355,6112962,1545143,1466015,241018,99996,79285,0,4,385024,489,38731,378368107,479253103,5884256255,10763846073,975313620,158364870,20883714738978,24554532756,3303629072,70229826,0.5,0.5,0,0,0,68413,1461.7104936196338,50093,1170.7878945162,379,17551,1564,1691,50093
9,extend,10000,true,uniform,EXTEND,1547496,42830758,9359093,8653494,898528,1300016,799361,0,0,0,489,38732,378371848,479322498,5884355779,10763958766,975313620,158364870,20884194388151,24555343902,3303686349,70229826,0,0,0,0,1,142600,701.2622720897616,100000,1417.64833,380,11431,1753,1978,100000
9,run,10000,true,uniform,READ,1859703,45807913,10090911,9360387,944686,1349878,844796,0,0,0,489,38732,378371848,479359200,5884450011,10764234676,975313620,158364870,20884291999802,24555734052,3303686378,70229826,0.5,0.5,0,0,0,73241,1365.3554702966917,50160,223.9219696969697,80,15367,533,650,50160
9,run,10000,true,uniform,UPDATE,1859703,45807913,10090911,9360387,944686,1349878,844796,0,0,0,489,38732,378371848,479359200,5884450011,10764234676,975313620,158364870,20884291999802,24555734052,3303686378,70229826,0.5,0.5,0,0,0,73241,1365.3554702966917,49840,1231.1077447833065,473,12335,1633,1800,49840
9,reference,10000,true,uniform,READ,587757,18527872,4527638,4226402,327407,449932,231467,0,0,0,489,38733,378373688,479396100,5884539808,10764387602,975511660,158364978,20884643234967,24556181238,3303734586,70229826,0.5,0.5,0,0,0,75216,1329.5043607743034,50040,198.89658273381295,70,2931,507,633,50040
9,reference,10000,true,uniform,UPDATE,587757,18527872,4527638,4226402,327407,449932,231467,0,0,0,489,38733,378373688,479396100,5884539808,10764387602,975511660,158364978,20884643234967,24556181238,3303734586,70229826,0.5,0.5,0,0,0,75216,1329.5043607743034,49960,1291.9793634907926,540,68927,1722,2035,49960
9,clean-run,10000,true,uniform,READ,73409,2657192,626899,593058,143850,49844,44403,0,4,385024,489,38734,378382487,479428025,5884631989,10764550938,975570725,158365258,20884973586778,24556771970,3303755070,70244217,0.5,0.5,0,0,0,62893,1590.002067002687,50157,159.44366688597802,79,2899,356,438,50157
9,clean-run,10000,true,uniform,UPDATE,73409,2657192,626899,593058,143850,49844,44403,0,4,385024,489,38734,378382487,479428025,5884631989,10764550938,975570725,158365258,20884973586778,24556771970,3303755070,70244217,0.5,0.5,0,0,0,62893,1590.002067002687,49843,1089.282908332163,403,16815,1393,1712,49843
9,avg-run,10000,true,uniform,READ,172948,5978111,1536638,1451436,244555,99732,80230,0,4,385024,489,38734,378382487,479450257,5884678297,10764649980,975570725,158365258,20885154199876,24557298732,3303755076,70244217,0.5,0.5,0,0,0,61662,1621.7443482209464,50127,145.3500508707882,41,15039,393,544,50127
9,avg-run,10000,true,uniform,UPDATE,172948,5978111,1536638,1451436,244555,99732,80230,0,4,385024,489,38734,378382487,479450257,5884678297,10764649980,975570725,158365258,20885154199876,24557298732,3303755076,70244217,0.5,0.5,0,0,0,61662,1621.7443482209464,49873,1078.21386321256,380,7387,1437,1645,49873
10,extend,10000,true,uniform,EXTEND,2118416,48173687,10540918,9765408,1036190,1449911,935831,0,0,0,489,38735,378384871,479515260,5884751817,10764756615,975570725,158365258,20885526890077,24558036599,3303792784,70244217,0,0,0,0,1,133804,747.3618128008131,100000,1330.1781,385,10767,1700,1870,100000
10,run,10000,true,uniform,READ,2492404,51080087,11265045,10463308,1082070,1499734,981593,0,0,0,489,38735,378384871,479551583,5884874535,10765085472,975570725,158365258,20885633841976,24558440108,3303792853,70244217,0.5,0.5,0,0,0,72143,1386.1358690378831,50199,216.36885196916273,85,14071,523,647,50199
10,run,10000,true,uniform,UPDATE,2492404,51080087,11265045,10463308,1082070,1499734,981593,0,0,0,489,38735,378384871,479551583,5884874535,10765085472,975570725,158365258,20885633841976,24558440108,3303792853,70244217,0.5,0.5,0,0,0,72143,1386.1358690378831,49801,1217.3577237404872,661,12743,1625,1789,49801
10,reference,10000,true,uniform,READ,837156,21295362,5198149,4865744,373689,499979,275653,0,0,0,489,38736,378385584,479589583,5884956431,10765289659,975780772,158366123,20885936846015,24558852028,3303829889,70244217,0.5,0.5,0,0,0,77314,1293.4268049771063,49975,223.59009504752376,73,3599,533,655,49975
10,reference,10000,true,uniform,UPDATE,837156,21295362,5198149,4865744,373689,499979,275653,0,0,0,489,38736,378385584,479589583,5884956431,10765289659,975780772,158366123,20885936846015,24558852028,3303829889,70244217,0.5,0.5,0,0,0,77314,1293.4268049771063,50025,1307.887556221889,575,77247,1704,1947,50025
10,clean-run,10000,true,uniform,READ,124336,2784834,631571,598094,146046,50146,45569,0,4,385024,489,38737,378395516,479625789,5885072036,10765481359,975841632,158366973,20886294480226,24559536244,3303850486,70244217,0.5,0.5,0,0,0,70916,1410.1190140447854,49866,197.29460955360366,78,13983,500,625,49866
10,clean-run,10000,true,uniform,UPDATE,124336,2784834,631571,598094,146046,50146,45569,0,4,385024,489,38737,378395516,479625789,5885072036,10765481359,975841632,158366973,20886294480226,24559536244,3303850486,70244217,0.5,0.5,0,0,0,70916,1410.1190140447854,50134,1205.1827103362987,398,61471,1646,1895,50134
10,avg-run,10000,true,uniform,READ,273170,6023685,1538639,1453878,246744,100289,81561,0,4,385024,489,38738,378396565,479657914,5885140121,10765641380,975841632,158366973,20886533360785,24560024205,3303859162,70244217,0.5,0.5,0,0,0,65649,1523.2524486283112,49872,170.02793150465192,41,14583,445,570,49872
10,avg-run,10000,true,uniform,UPDATE,273170,6023685,1538639,1453878,246744,100289,81561,0,4,385024,489,38738,378396565,479657914,5885140121,10765641380,975841632,158366973,20886533360785,24560024205,3303859162,70244217,0.5,0.5,0,0,0,65649,1523.2524486283112,50128,1127.7823970635175,402,15623,1536,1725,50128
11,extend,10000,true,uniform,EXTEND,2801630,53504451,11709179,10858816,1174865,1599789,1073979,0,0,0,489,38738,378397534,479724290,5885244365,10765754313,975841632,158366973,20886896411062,24560835887,3303891092,70244217,0,0,0,0,1,136160,734.4300822561692,100000,1353.53173,381,13871,1712,1876,100000
11,run,10000,true,uniform,READ,3212774,56423170,12427019,11551761,1220969,1649960,1120207,0,0,0,489,38738,378397534,479760911,5885361118,10766097552,976045663,158367137,20887010639170,24561263210,3303891145,70244217,0.5,0.5,0,0,0,73089,1368.1949404151103,49851,227.5586848809452,86,3893,543,664,49851
11,run,10000,true,uniform,UPDATE,3212774,56423170,12427019,11551761,1220969,1649960,1120207,0,0,0,489,38738,378397534,479760911,5885361118,10766097552,976045663,158367137,20887010639170,24561263210,3303891145,70244217,0.5,0.5,0,0,0,73089,1368.1949404151103,50149,1218.0485553051906,403,20175,1637,1835,50149
11,reference,10000,true,uniform,READ,1169463,24100169,5871437,5511615,420309,550065,321077,0,0,0,489,38739,378397794,479798511,5885450256,10766344575,976045663,158367137,20887274533525,24561655063,3303923473,70244217,0.5,0.5,0,0,0,76271,1311.1143160572171,49947,230.55266582577534,81,3449,544,662,49947
11,reference,10000,true,uniform,UPDATE,1169463,24100169,5871437,5511615,420309,550065,321077,0,0,0,489,38739,378397794,479798511,5885450256,10766344575,976045663,158367137,20887274533525,24561655063,3303923473,70244217,0.5,0.5,0,0,0,76271,1311.1143160572171,50053,1279.0190997542604,425,20399,1692,1907,50053
11,clean-run,10000,true,uniform,READ,141620,2775682,633475,600972,145976,49884,45439,0,4,385024,489,38740,378406081,479835297,5885554740,10766550044,976120369,158367533,20887576515010,24562290537,3303929514,70259340,0.5,0.5,0,0,0,71230,1403.9028499227854,50128,211.3673595595276,79,15503,517,635,50128
11,clean-run,10000,true,uniform,UPDATE,141620,2775682,633475,600972,145976,49884,45439,0,4,385024,489,38740,378406081,479835297,5885554740,10766550044,976120369,158367533,20887576515010,24562290537,3303929514,70259340,0.5,0.5,0,0,0,71230,1403.9028499227854,49872,1201.7117821623356,416,12943,1646,1844,49872
11,avg-run,10000,true,uniform,READ,304785,6023568,1544141,1462034,249611,99895,81586,0,4,385024,489,38740,378406081,479868713,5885628638,10766724347,976120369,158367533,20887782906398,24562785226,3303929518,70259340,0.5,0.5,0,0,0,67139,1489.447266119543,50004,183.88536917046636,42,4375,494,624,50004
11,avg-run,10000,true,uniform,UPDATE,304785,6023568,1544141,1462034,249611,99895,81586,0,4,385024,489,38740,378406081,479868713,5885628638,10766724347,976120369,158367533,20887782906398,24562785226,3303929518,70259340,0.5,0.5,0,0,0,67139,1489.447266119543,49996,1145.718917513401,383,16959,1567,1747,49996
12,extend,10000,true,uniform,EXTEND,3476648,58786725,12864009,11943362,1313954,1749993,1212250,0,0,0,489,38741,378408035,479937844,5885756357,10766839429,976120369,158367533,20888271979142,24563660709,3303982765,70259340,0,0,0,0,1,141020,709.1192738618636,100000,1401.82567,451,13023,1741,1960,100000
12,run,10000,true,uniform,READ,3889780,61672562,13588592,12637720,1359703,1800309,1258632,0,0,0,489,38742,378408437,479974953,5885874159,10767207189,976276149,158367627,20888509404250,24564078620,3304001185,70259340,0.5,0.5,0,0,0,74037,1350.676013344679,49706,225.50738341447712,92,3291,522,649,49706
12,run,10000,true,uniform,UPDATE,3889780,61672562,13588592,12637720,1359703,1800309,1258632,0,0,0,489,38742,378408437,479974953,5885874159,10767207189,976276149,158367627,20888509404250,24564078620,3304001185,70259340,0.5,0.5,0,0,0,74037,1350.676013344679,50294,1235.240784188969,445,16751,1641,1850,50294
12,reference,10000,true,uniform,READ,1492219,26748574,6520752,6137015,466404,600217,366554,0,0,0,489,38742,378408438,480011999,5886028996,10767491399,976276149,158367627,20888828657563,24564565424,3304039582,70259340,0.5,0.5,0,0,0,76081,1314.3886121370645,49870,217.01676358532183,85,15935,509,642,49870
12,reference,10000,true,uniform,UPDATE,1492219,26748574,6520752,6137015,466404,600217,366554,0,0,0,489,38742,378408438,480011999,5886028996,10767491399,976276149,158367627,20888828657563,24564565424,3304039582,70259340,0.5,0.5,0,0,0,76081,1314.3886121370645,50130,1288.8437861559944,429,57119,1655,1996,50130
12,clean-run,10000,true,uniform,READ,167300,2791392,635711,601599,146190,50051,45529,0,4,385024,489,38743,378417905,480049141,5886177336,10767718032,976379770,158368339,20889234490783,24565269746,3304061335,70259340,0.5,0.5,0,0,0,72726,1375.0240629211012,49961,206.6657993234723,83,14415,511,633,49961
12,clean-run,10000,true,uniform,UPDATE,167300,2791392,635711,601599,146190,50051,45529,0,4,385024,489,38743,378417905,480049141,5886177336,10767718032,976379770,158368339,20889234490783,24565269746,3304061335,70259340,0.5,0.5,0,0,0,72726,1375.0240629211012,50039,1233.0194848018546,413,49567,1646,1860,50039
12,avg-run,10000,true,uniform,READ,338575,6041568,1547986,1466188,251964,100370,82360,0,4,385024,489,38744,378418866,480082677,5886255167,10767893463,976379770,158368339,20889575713363,24565765102,3304076823,70259340,0.5,0.5,0,0,0,67711,1476.8649111665757,49696,183.41955086928525,47,18511,463,599,49696
12,avg-run,10000,true,uniform,UPDATE,338575,6041568,1547986,1466188,251964,100370,82360,0,4,385024,489,38744,378418866,480082677,5886255167,10767893463,976379770,158368339,20889575713363,24565765102,3304076823,70259340,0.5,0.5,0,0,0,67711,1476.8649111665757,50304,1151.2036020992366,389,13255,1533,1718,50304
13,extend,10000,true,uniform,EXTEND,4242751,64163774,14035596,13029955,1455963,1900342,1351371,0,0,0,489,38745,378422113,480153123,5886420068,10768030548,976524486,158368955,20890184738210,24566648406,3304147950,70259340,0,0,0,0,1,144194,693.5101321830311,100000,1433.48144,587,51519,1758,1974,100000
13,run,10000,true,uniform,READ,4743239,67076257,14774918,13739866,1501276,1950539,1398498,0,0,0,489,38745,378422113,480186961,5886581623,10768448445,976524486,158368955,20890335815089,24567095750,3304150202,70259340,0.5,0.5,0,0,0,67233,1487.3648357205539,49825,201.19311590566986,104,2517,378,465,49825
13,run,10000,true,uniform,UPDATE,4743239,67076257,14774918,13739866,1501276,1950539,1398498,0,0,0,489,38745,378422113,480186961,5886581623,10768448445,976524486,158368955,20890335815089,24567095750,3304150202,70259340,0.5,0.5,0,0,0,67233,1487.3648357205539,50175,1126.9302441454909,454,17535,1320,1624,50175
13,reference,10000,true,uniform,READ,1885756,29458240,7173892,6758284,512839,650231,412667,0,0,0,489,38746,378423215,480225061,5886728376,10768754963,976650314,158370906,20890813511576,24567575343,3304222196,70259340,0.5,0.5,0,0,0,78540,1273.2365673542145,50019,219.47543933305343,86,4915,518,648,50019
13,reference,10000,true,uniform,UPDATE,1885756,29458240,7173892,6758284,512839,650231,412667,0,0,0,489,38746,378423215,480225061,5886728376,10768754963,976650314,158370906,20890813511576,24567575343,3304222196,70259340,0.5,0.5,0,0,0,78540,1273.2365673542145,49981,1338.4163182009163,451,44351,1746,2207,49981
13,clean-run,10000,true,uniform,READ,184481,2717268,645437,609108,147816,49992,46100,0,4,385024,489,38747,378430386,480259069,5886901216,10769035952,976705217,158371449,20891243773061,24568199370,3304245601,70278008,0.5,0.5,0,0,0,66562,1502.3587031639674,50016,185.25727767114523,97,3621,363,447,50016
13,clean-run,10000,true,uniform,UPDATE,184481,2717268,645437,609108,147816,49992,46100,0,4,385024,489,38747,378430386,480259069,5886901216,10769035952,976705217,158371449,20891243773061,24568199370,3304245601,70278008,0.5,0.5,0,0,0,66562,1502.3587031639674,49984,1133.8489516645327,414,43967,1397,1899,49984
13,avg-run,10000,true,uniform,READ,474336,5975844,1573516,1490668,255499,99613,83401,0,4,385024,489,38748,378432312,480293560,5887015011,10769294017,976705217,158371449,20891565614986,24568737733,3304258457,70278008,0.5,0.5,0,0,0,64749,1544.4253965312205,50405,172.28610256918955,45,15991,412,565,50405
13,avg-run,10000,true,uniform,UPDATE,474336,5975844,1573516,1490668,255499,99613,83401,0,4,385024,489,38748,378432312,480293560,5887015011,10769294017,976705217,158371449,20891565614986,24568737733,3304258457,70278008,0.5,0.5,0,0,0,64749,1544.4253965312205,49595,1117.1780824679906,443,11143,1459,1659,49595
14,extend,10000,true,uniform,EXTEND,5098066,69553148,15227090,14142551,1609860,2050572,1495803,0,0,0,489,38749,378436182,480361708,5887146245,10769431959,976842730,158372581,20892187563948,24569608513,3304331787,70278008,0,0,0,0,1,139529,716.6968873854181,100000,1387.27835,404,25167,1756,1991,100000
14,run,10000,true,uniform,READ,5581418,72383433,16020410,14910379,1655788,2100276,1546281,0,0,0,489,38749,378436182,480395714,5887288122,10769859363,976842730,158372581,20892330598241,24570036963,3304333594,70278008,0.5,0.5,0,0,0,67466,1482.2280852577594,50318,204.34365435828133,103,13911,383,478,50318
14,run,10000,true,uniform,UPDATE,5581418,72383433,16020410,14910379,1655788,2100276,1546281,0,0,0,489,38749,378436182,480395714,5887288122,10769859363,976842730,158372581,20892330598241,24570036963,3304333594,70278008,0.5,0.5,0,0,0,67466,1482.2280852577594,49682,1137.392093716034,631,18527,1326,1694,49682
14,reference,10000,true,uniform,READ,2270202,32014602,7816337,7368931,560186,700261,458658,0,0,0,489,38750,378437134,480434114,5887430155,10770188133,976974066,158374480,20892790207501,24570466842,3304396442,70278008,0.5,0.5,0,0,0,79032,1265.310254074299,49992,225.61805888942231,93,15055,518,646,49992
14,reference,10000,true,uniform,UPDATE,2270202,32014602,7816337,7368931,560186,700261,458658,0,0,0,489,38750,378437134,480434114,5887430155,10770188133,976974066,158374480,20892790207501,24570466842,3304396442,70278008,0.5,0.5,0,0,0,79032,1265.310254074299,50008,1340.7271836506159,510,40607,1755,2273,50008
14,clean-run,10000,true,uniform,READ,185416,2718048,674289,640238,155421,49922,48908,0,4,385024,489,38751,378444726,480468598,5887614517,10770469186,977036940,158375143,20893244490801,24571143282,3304424210,70278008,0.5,0.5,0,0,0,67187,1488.383169363121,50079,190.1976277481579,102,14759,366,447,50079
14,clean-run,10000,true,uniform,UPDATE,185416,2718048,674289,640238,155421,49922,48908,0,4,385024,489,38751,378444726,480468598,5887614517,10770469186,977036940,158375143,20893244490801,24571143282,3304424210,70278008,0.5,0.5,0,0,0,67187,1488.383169363121,49921,1141.3206866849623,427,68095,1369,1770,49921
14,avg-run,10000,true,uniform,READ,451131,6143870,1650862,1567819,265482,100018,88312,0,4,385024,489,38752,378447191,480502376,5887706113,10770701125,977036940,158375143,20893545140995,24571744152,3304433865,70278008,0.5,0.5,0,0,0,66377,1506.5459421185049,49930,185.5741237732826,46,3223,451,596,49930
14,avg-run,10000,true,uniform,UPDATE,451131,6143870,1650862,1567819,265482,100018,88312,0,4,385024,489,38752,378447191,480502376,5887706113,10770701125,977036940,158375143,20893545140995,24571744152,3304433865,70278008,0.5,0.5,0,0,0,66377,1506.5459421185049,50070,1127.458058717795,410,17663,1502,1698,50070
15,extend,10000,true,uniform,EXTEND,5980531,74909181,16507219,15353025,1798147,2200320,1660096,0,0,0,489,38753,378449577,480574005,5887882979,10770849531,977178460,158376059,20894207583572,24572739698,3304511729,70278008,0,0,0,0,1,147970,675.812664729337,100000,1471.12915,412,35903,1781,2111,100000
15,run,10000,true,uniform,READ,6527727,77952041,17493300,16314766,1873469,2250285,1726447,0,0,0,489,38753,378449772,480608074,5888053108,10771308033,977178460,158376059,20894354870502,24573267240,3304513235,70278008,0.5,0.5,0,0,0,67686,1477.4103950595397,50057,216.30115668138322,117,3695,388,479,50057
15,run,10000,true,uniform,UPDATE,6527727,77952041,17493300,16314766,1873469,2250285,1726447,0,0,0,489,38753,378449772,480608074,5888053108,10771308033,977178460,158376059,20894354870502,24573267240,3304513235,70278008,0.5,0.5,0,0,0,67686,1477.4103950595397,49943,1125.100794906193,474,20047,1318,1648,49943
15,reference,10000,true,uniform,READ,2745133,34732824,8531403,8057421,637034,750279,511713,0,0,0,489,38754,378450549,480645474,5888213684,10771675261,977315899,158377292,20894822977465,24573803224,3304584221,70278008,0.5,0.5,0,0,0,76839,1301.4224547430342,50015,236.37124862541236,98,17567,498,644,50015
15,reference,10000,true,uniform,UPDATE,2745133,34732824,8531403,8057421,637034,750279,511713,0,0,0,489,38754,378450549,480645474,5888213684,10771675261,977315899,158377292,20894822977465,24573803224,3304584221,70278008,0.5,0.5,0,0,0,76839,1301.4224547430342,49985,1286.5228168450535,417,23743,1652,2145,49985
15,clean-run,10000,true,uniform,READ,202531,3361780,884891,855076,218757,50040,68533,0,4,385024,489,38755,378457717,480679578,5888394497,10771979784,977382350,158378023,20895281621788,24574617727,3304608331,70299893,0.5,0.5,0,0,0,66324,1507.7498341475182,49961,197.37082924681252,109,3603,372,456,49961
15,clean-run,10000,true,uniform,UPDATE,202531,3361780,884891,855076,218757,50040,68533,0,4,385024,489,38755,378457717,480679578,5888394497,10771979784,977382350,158378023,20895281621788,24574617727,3304608331,70299893,0.5,0.5,0,0,0,66324,1507.7498341475182,50039,1115.5608425428165,434,62207,1383,1849,50039
15,avg-run,10000,true,uniform,READ,467721,6974569,1949860,1870537,328823,100149,107907,0,4,385024,489,38756,378459261,480712174,5888489179,10772228997,977382350,158378023,20895589326652,24575194555,3304616955,70299893,0.5,0.5,0,0,0,63418,1576.8393831404333,49917,171.9471122062624,41,3467,411,569,49917
15,avg-run,10000,true,uniform,UPDATE,467721,6974569,1949860,1870537,328823,100149,107907,0,4,385024,489,38756,378459261,480712174,5888489179,10772228997,977382350,158378023,20895589326652,24575194555,3304616955,70299893,0.5,0.5,0,0,0,63418,1576.8393831404333,50083,1082.1440808258292,394,14831,1451,1688,50083
16,extend,10000,true,uniform,EXTEND,6934413,80664326,18091996,16869781,2051366,2350318,1877877,0,0,0,489,38757,378461204,480782319,5888664778,10772391685,977508236,158378878,20896280920986,24576234834,3304694399,70299893,0,0,0,0,1,143756,695.6231392081027,100000,1429.05042,418,22111,1766,2053,100000
16,run,10000,true,uniform,READ,7534200,83739097,19319750,18073858,2150862,2400470,1963576,0,0,0,489,38757,378461912,480817096,5888821768,10772926201,977642789,158379001,20896435795110,24576785822,3304696190,70299893,0.5,0.5,0,0,0,69148,1446.1734251171401,49870,233.54337276919992,133,17103,399,499,49870
16,run,10000,true,uniform,UPDATE,7534200,83739097,19319750,18073858,2150862,2400470,1963576,0,0,0,489,38757,378461912,480817096,5888821768,10772926201,977642789,158379001,20896435795110,24576785822,3304696190,70299893,0.5,0.5,0,0,0,69148,1446.1734251171401,50130,1134.60596449232,438,21375,1326,1742,50130
16,reference,10000,true,uniform,READ,3203015,37458492,9394937,8901796,737563,800533,579176,0,0,0,489,38758,378462274,480857496,5889028949,10773322277,977642789,158379001,20896908547626,24577384274,3304769507,70299893,0.5,0.5,0,0,0,82695,1209.262954229397,49768,254.03484166532712,91,9143,570,685,49768
16,reference,10000,true,uniform,UPDATE,3203015,37458492,9394937,8901796,737563,800533,579176,0,0,0,489,38758,378462274,480857496,5889028949,10773322277,977642789,158379001,20896908547626,24577384274,3304769507,70299893,0.5,0.5,0,0,0,82695,1209.262954229397,50232,1379.7992514731645,544,55231,1801,2367,50232
16,clean-run,10000,true,uniform,READ,238647,3685007,1108334,1090847,283937,49969,89809,0,4,385024,489,38759,378471052,480894430,5889219992,10773680631,977722536,158380409,20897355223170,24578341871,3304786308,70305250,0.5,0.5,0,0,0,71923,1390.3758185837632,50032,223.08130796290374,99,14879,513,653,50032
16,clean-run,10000,true,uniform,UPDATE,238647,3685007,1108334,1090847,283937,49969,89809,0,4,385024,489,38759,378471052,480894430,5889219992,10773680631,977722536,158380409,20897355223170,24578341871,3304786308,70305250,0.5,0.5,0,0,0,71923,1390.3758185837632,49968,1202.369416426513,431,35743,1638,1947,49968
16,avg-run,10000,true,uniform,READ,621067,8223071,2895631,2828911,494001,99992,168433,0,4,385024,489,38760,378472268,480929600,5889350945,10774027404,977722536,158380409,20897699916346,24579184097,3304798056,70305250,0.5,0.5,0,0,0,63427,1576.6156368738866,50003,173.558606483611,42,2837,375,476,50003
16,avg-run,10000,true,uniform,UPDATE,621067,8223071,2895631,2828911,494001,99992,168433,0,4,385024,489,38760,378472268,480929600,5889350945,10774027404,977722536,158380409,20897699916346,24579184097,3304798056,70305250,0.5,0.5,0,0,0,63427,1576.6156368738866,49997,1082.7810468628118,411,23455,1286,1677,49997
17,extend,10000,true,uniform,EXTEND,8024795,86538700,20018945,18731187,2343223,2500503,2145977,0,0,0,489,38761,378476234,480999261,5889591941,10774204767,977847420,158380512,20898408314969,24580331634,3304893900,70305250,0,0,0,0,1,145221,688.6056424346341,100000,1443.89088,401,25103,1787,2443,100000
17,run,10000,true,uniform,READ,8660065,89635340,21378462,20068225,2442870,2550352,2240623,0,0,0,489,38762,378477101,481035139,5889739719,10774767181,977976241,158382120,20898581927640,24580867087,3304899044,70305250,0.5,0.5,0,0,0,72498,1379.3483958178156,50173,247.62555557770116,118,18511,437,612,50173
17,run,10000,true,uniform,UPDATE,8660065,89635340,21378462,20068225,2442870,2550352,2240623,0,0,0,489,38762,378477101,481035139,5889739719,10774767181,977976241,158382120,20898581927640,24580867087,3304899044,70305250,0.5,0.5,0,0,0,72498,1379.3483958178156,49827,1191.6506913922171,464,23967,1480,1969,49827
17,reference,10000,true,uniform,READ,3718588,40234124,10408055,9894109,838630,850486,659737,0,0,0,489,38762,378477256,481074339,5889920256,10775215091,977976241,158382120,20899052751278,24581483990,3304976763,70305250,0.5,0.5,0,0,0,81113,1232.8480021698124,50080,246.59794329073483,104,15167,531,664,50080
17,reference,10000,true,uniform,UPDATE,3718588,40234124,10408055,9894109,838630,850486,659737,0,0,0,489,38762,378477256,481074339,5889920256,10775215091,977976241,158382120,20899052751278,24581483990,3304976763,70305250,0.5,0.5,0,0,0,81113,1232.8480021698124,49920,1362.8192908653846,485,48639,1706,2957,49920
17,clean-run,10000,true,uniform,READ,232068,3760190,1177110,1163883,301353,49990,96614,0,0,0,489,38763,378484358,481110667,5890157341,10775567990,978061301,158382856,20899589335054,24582513495,3305013220,70305250,0.5,0.5,0,0,0,71982,1389.2361979383734,50011,204.44672172122134,105,14135,396,558,50011
17,clean-run,10000,true,uniform,UPDATE,232068,3760190,1177110,1163883,301353,49990,96614,0,0,0,489,38763,378484358,481110667,5890157341,10775567990,978061301,158382856,20899589335054,24582513495,3305013220,70305250,0.5,0.5,0,0,0,71982,1389.2361979383734,49989,1221.7708495869092,431,90559,1534,2611,49989
17,avg-run,10000,true,uniform,READ,606435,8290130,2985367,2922741,511417,99919,175206,0,0,0,489,38764,378484498,481145117,5890286723,10775914180,978076232,158383269,20899869866058,24583334726,3305013328,70305250,0.5,0.5,0,0,0,61523,1625.4083838564438,50097,165.98842246042676,47,11727,354,464,50097
17,avg-run,10000,true,uniform,UPDATE,606435,8290130,2985367,2922741,511417,99919,175206,0,0,0,489,38764,378484498,481145117,5890286723,10775914180,978076232,158383269,20899869866058,24583334726,3305013328,70305250,0.5,0.5,0,0,0,61523,1625.4083838564438,49903,1054.0896138508706,491,18927,1231,1594,49903
18,extend,10000,true,uniform,EXTEND,9187457,92456408,22114349,20764105,2640325,2650396,2434721,0,0,0,489,38765,378485979,481215143,5890510903,10776093435,978076232,158383269,20900601364871,24584482261,3305107770,70305250,0,0,0,0,1,145756,686.0781031312605,100000,1449.22908,416,31519,1771,2221,100000
18,run,10000,true,uniform,READ,9882313,95637319,23514314,22142369,2740361,2700439,2532989,0,0,0,489,38766,378486679,481250988,5890696296,10776659644,978189932,158384875,20900935531799,24585085555,3305151654,70305250,0.5,0.5,0,0,0,72185,1385.3293620558288,49979,234.05146161387782,120,15271,404,516,49979
18,run,10000,true,uniform,UPDATE,9882313,95637319,23514314,22142369,2740361,2700439,2532989,0,0,0,489,38766,378486679,481250988,5890696296,10776659644,978189932,158384875,20900935531799,24585085555,3305151654,70305250,0.5,0.5,0,0,0,72185,1385.3293620558288,50021,1195.8478838887668,468,22799,1447,2151,50021
18,reference,10000,true,uniform,READ,4330473,43099127,11507351,10974965,938799,900339,747704,0,0,0,489,38767,378486991,481290088,5890834098,10777135380,978272862,158386229,20901338386038,24585611338,3305208629,70305250,0.5,0.5,0,0,0,81065,1233.5779929686055,50169,254.7806812972154,110,4439,554,682,50169
18,reference,10000,true,uniform,UPDATE,4330473,43099127,11507351,10974965,938799,900339,747704,0,0,0,489,38767,378486991,481290088,5890834098,10777135380,978272862,158386229,20901338386038,24585611338,3305208629,70305250,0.5,0.5,0,0,0,81065,1233.5779929686055,49831,1356.6625995866027,447,66303,1720,3307,49831
18,clean-run,10000,true,uniform,READ,206679,3717580,1202413,1190278,306999,49932,98668,0,0,0,489,38768,378494002,481326031,5891045972,10777485963,978286207,158387486,20901861439329,24586600796,3305240057,70331873,0.5,0.5,0,0,0,69578,1437.235907901923,50069,207.74253530128422,114,14759,379,468,50069
18,clean-run,10000,true,uniform,UPDATE,206679,3717580,1202413,1190278,306999,49932,98668,0,0,0,489,38768,378494002,481326031,5891045972,10777485963,978286207,158387486,20901861439329,24586600796,3305240057,70331873,0.5,0.5,0,0,0,69578,1437.235907901923,49931,1172.1538723438346,444,48575,1396,2083,49931
18,avg-run,10000,true,uniform,READ,590546,8273544,3018309,2956958,517074,99898,177346,0,0,0,489,38769,378494284,481361032,5891176848,10777830783,978358616,158387527,20902160638794,24587449297,3305240847,70331873,0.5,0.5,0,0,0,62587,1597.7758959528337,50049,173.9686107614538,46,3227,362,454,50049
18,avg-run,10000,true,uniform,UPDATE,590546,8273544,3018309,2956958,517074,99898,177346,0,0,0,489,38769,378494284,481361032,5891176848,10777830783,978358616,158387527,20902160638794,24587449297,3305240847,70331873,0.5,0.5,0,0,0,62587,1597.7758959528337,49951,1066.416728393826,480,27647,1232,1603,49951
19,extend,10000,true,uniform,EXTEND,10314489,98394548,24260971,22850639,2939462,2800472,2730931,0,0,0,489,38770,378497386,481431715,5891428622,10778010802,978358616,158387527,20902911210399,24588648244,3305336151,70331873,0,0,0,0,1,146367,683.2141124707072,100000,1455.62578,448,24047,1784,2217,100000
19,run,10000,true,uniform,READ,10961721,101490346,25676774,24244895,3039422,2850466,2830286,0,0,0,489,38771,378497826,481468757,5891663952,10778580799,978471995,158389209,20903272636824,24589233344,3305376720,70331873,0.5,0.5,0,0,0,73792,1355.1604509973981,50017,235.76729911829977,128,3677,401,495,50017
19,run,10000,true,uniform,UPDATE,10961721,101490346,25676774,24244895,3039422,2850466,2830286,0,0,0,489,38771,378497826,481468757,5891663952,10778580799,978471995,158389209,20903272636824,24589233344,3305376720,70331873,0.5,0.5,0,0,0,73792,1355.1604509973981,49983,1227.7394714202828,436,82751,1396,2307,49983
19,reference,10000,true,uniform,READ,4959605,45948432,12658317,12107919,1038721,950187,840320,0,0,0,489,38772,378498082,481505957,5891830745,10779066324,978545306,158391064,20903816190522,24589899652,3305463397,70331873,0.5,0.5,0,0,0,77247,1294.5486556112212,50174,232.43805556662812,116,3379,414,585,50174
19,reference,10000,true,uniform,UPDATE,4959605,45948432,12658317,12107919,1038721,950187,840320,0,0,0,489,38772,378498082,481505957,5891830745,10779066324,978545306,158391064,20903816190522,24589899652,3305463397,70331873,0.5,0.5,0,0,0,77247,1294.5486556112212,49826,1302.5463011279253,456,41823,1542,3455,49826
19,clean-run,10000,true,uniform,READ,227463,3801225,1210443,1198847,308946,49930,99497,0,0,0,489,38773,378505386,481541483,5892002069,10779415867,978587255,158392332,20904260457440,24590864355,3305470008,70359693,0.5,0.5,0,0,0,67948,1471.713663389651,50071,210.89095484412135,121,15583,379,467,50071
19,clean-run,10000,true,uniform,UPDATE,227463,3801225,1210443,1198847,308946,49930,99497,0,0,0,489,38773,378505386,481541483,5892002069,10779415867,978587255,158392332,20904260457440,24590864355,3305470008,70359693,0.5,0.5,0,0,0,67948,1471.713663389651,49929,1136.9880630495304,431,42303,1324,1997,49929
19,avg-run,10000,true,uniform,READ,608852,8352686,3031745,2970861,519010,99718,177881,0,0,0,489,38774,378507360,481575966,5892134730,10779761221,978587255,158392332,20904632737605,24591698800,3305478952,70359693,0.5,0.5,0,0,0,62046,1611.7074428649712,50238,178.54860862295473,42,17231,368,463,50238
19,avg-run,10000,true,uniform,UPDATE,608852,8352686,3031745,2970861,519010,99718,177881,0,0,0,489,38774,378507360,481575966,5892134730,10779761221,978587255,158392332,20904632737605,24591698800,3305478952,70359693,0.5,0.5,0,0,0,62046,1611.7074428649712,49762,1053.4597082110847,383,23615,1260,1688,49762
20,extend,10000,true,uniform,EXTEND,11475934,104351502,26428815,24957058,3239148,2950510,3029619,0,0,0,489,38775,378510987,481646914,5892382515,10779949845,978798182,158397668,20905400510411,24592901799,3305573117,70359693,0,0,0,0,1,148879,671.686403052143,100000,1480.9117,459,40799,1789,2515,100000
20,run,10000,true,uniform,READ,12181130,107477305,27850815,26358069,3339010,3000467,3129289,0,0,0,489,38776,378511264,481684349,5892572500,10780571111,978798182,158397668,20905790986606,24593486144,3305618243,70359693,0.5,0.5,0,0,0,74714,1338.4372406777845,50065,249.64917607110755,137,3291,415,505,50065
20,run,10000,true,uniform,UPDATE,12181130,107477305,27850815,26358069,3339010,3000467,3129289,0,0,0,489,38776,378511264,481684349,5892572500,10780571111,978798182,158397668,20905790986606,24593486144,3305618243,70359693,0.5,0.5,0,0,0,74714,1338.4372406777845,49935,1232.3012316010813,454,22959,1408,2259,49935
20,reference,10000,true,uniform,READ,5467909,48650508,13835357,13267711,1139169,1000336,936156,0,0,0,489,38777,378511529,481721549,5892784076,10781067007,978870692,158401250,20906293520979,24594076267,3305687805,70359693,0.5,0.5,0,0,0,78044,1281.3284813694838,49873,238.20488039620636,122,4327,408,501,49873
20,reference,10000,true,uniform,UPDATE,5467909,48650508,13835357,13267711,1139169,1000336,936156,0,0,0,489,38777,378511529,481721549,5892784076,10781067007,978870692,158401250,20906293520979,24594076267,3305687805,70359693,0.5,0.5,0,0,0,78044,1281.3284813694838,50127,1305.8306700979513,448,76287,1464,3301,50127
20,clean-run,10000,true,uniform,READ,239540,3823453,1212359,1201078,309622,49959,99774,0,0,0,489,38779,378519852,481757750,5893007739,10781436399,978920662,158403330,20907000633325,24595177626,3305747886,70359693,0.5,0.5,0,0,0,70557,1417.2938191816545,50042,213.05972982694536,127,4431,381,469,50042
20,clean-run,10000,true,uniform,UPDATE,239540,3823453,1212359,1201078,309622,49959,99774,0,0,0,489,38779,378519852,481757750,5893007739,10781436399,978920662,158403330,20907000633325,24595177626,3305747886,70359693,0.5,0.5,0,0,0,70557,1417.2938191816545,49958,1185.6016053484927,444,74175,1449,2153,49958
20,avg-run,10000,true,uniform,READ,627859,8389728,3031390,2970880,519686,99938,178264,0,0,0,489,38779,378519852,481793032,5893133235,10781782466,978976950,158403338,20907384273215,24596037690,3305764296,70359693,0.5,0.5,0,0,0,62811,1592.077820763879,50047,180.93540072332007,44,4127,371,466,50047
20,avg-run,10000,true,uniform,UPDATE,627859,8389728,3031390,2970880,519686,99938,178264,0,0,0,489,38779,378519852,481793032,5893133235,10781782466,978976950,158403338,20907384273215,24596037690,3305764296,70359693,0.5,0.5,0,0,0,62811,1592.077820763879,49953,1063.4219766580586,416,22095,1232,1637,49953
21,extend,10000,true,uniform,EXTEND,12745856,110356760,28603868,27065409,3538902,3100500,3329038,0,0,0,489,38781,378522579,481865970,5893418891,10781996762,979051988,158404698,20908343471326,24597258659,3305896829,70359693,0,0,0,0,1,150694,663.596427196836,100000,1498.74394,461,32863,1815,2353,100000
21,run,10000,true,uniform,READ,13549842,113515751,30033985,28474497,3638064,3150105,3428126,0,0,0,489,38782,378523518,481902660,5893622460,10782717350,979143669,158405759,20908627032041,24597839352,3305916511,70359693,0.5,0.5,0,0,0,73290,1364.442625187611,50417,254.55267072614396,142,10895,414,508,50417
21,run,10000,true,uniform,UPDATE,13549842,113515751,30033985,28474497,3638064,3150105,3428126,0,0,0,489,38782,378523518,481902660,5893622460,10782717350,979143669,158405759,20908627032041,24597839352,3305916511,70359693,0.5,0.5,0,0,0,73290,1364.442625187611,49583,1206.0255934493678,453,22815,1400,3097,49583
21,reference,10000,true,uniform,READ,6099333,51445246,15036327,14449822,1239176,1050283,1033513,0,0,0,489,38783,378523783,481940860,5893834536,10783247363,979199857,158407052,20909259240477,24598466053,3306020579,70359693,0.5,0.5,0,0,0,79612,1256.092046425162,50086,245.15014175617938,129,15143,411,500,50086
21,reference,10000,true,uniform,UPDATE,6099333,51445246,15036327,14449822,1239176,1050283,1033513,0,0,0,489,38783,378523783,481940860,5893834536,10783247363,979199857,158407052,20909259240477,24598466053,3306020579,70359693,0.5,0.5,0,0,0,79612,1256.092046425162,49914,1335.4177585446969,460,57759,1543,3841,49914
21,clean-run,10000,true,uniform,READ,284498,3934911,1213457,1202280,309828,49948,99837,0,0,0,489,38785,378530725,481978245,5894094115,10783670950,979225274,158408469,20910092265337,24599582485,3306097597,70359693,0.5,0.5,0,0,0,73285,1364.5357167223851,50053,225.80216970011787,131,15479,393,474,50053
21,clean-run,10000,true,uniform,UPDATE,284498,3934911,1213457,1202280,309828,49948,99837,0,0,0,489,38785,378530725,481978245,5894094115,10783670950,979225274,158408469,20910092265337,24599582485,3306097597,70359693,0.5,0.5,0,0,0,73285,1364.5357167223851,49947,1227.2738302600758,442,62047,1497,3507,49947
21,avg-run,10000,true,uniform,READ,732300,8698318,3034975,2974480,519892,99805,178521,0,0,0,489,38786,378530855,482014593,5894243736,10784076947,979281465,158408980,20910651975370,24600435962,3306130340,70359693,0.5,0.5,0,0,0,63778,1567.9387876697294,50169,189.44752735753156,47,14775,370,452,50169
21,avg-run,10000,true,uniform,UPDATE,732300,8698318,3034975,2974480,519892,99805,178521,0,0,0,489,38786,378530855,482014593,5894243736,10784076947,979281465,158408980,20910651975370,24600435962,3306130340,70359693,0.5,0.5,0,0,0,63778,1567.9387876697294,49831,1077.0850273925869,384,24479,1297,1746,49831
22,extend,10000,true,uniform,EXTEND,14166899,116425513,30787517,29189458,3838024,3250138,3628039,0,0,0,489,38788,378533320,482087951,5894556089,10784303223,979465466,158414886,20911518744216,24601660406,3306238144,70359693,0,0,0,0,1,153668,650.7535726371137,100000,1528.29184,475,57855,1814,2919,100000
22,run,10000,true,uniform,READ,15011378,119575664,32212078,30593259,3937874,3300084,3727853,0,0,0,489,38788,378533374,482125345,5894764486,10785056217,979465466,158414886,20911944275783,24602263738,3306293134,70361108,0.5,0.5,0,0,0,74112,1349.3091537132989,50076,261.8969965652209,151,15223,424,511,50076
22,run,10000,true,uniform,UPDATE,15011378,119575664,32212078,30593259,3937874,3300084,3727853,0,0,0,489,38788,378533374,482125345,5894764486,10785056217,979465466,158414886,20911944275783,24602263738,3306293134,70361108,0.5,0.5,0,0,0,74112,1349.3091537132989,49924,1208.838514542104,602,19455,1393,2357,49924
22,reference,10000,true,uniform,READ,6788031,54250715,16244165,15636714,1339649,1100491,1132225,0,0,0,489,38790,378534498,482164945,5895014183,10785636958,979600295,158417608,20912652025774,24602883346,3306414255,70361108,0.5,0.5,0,0,0,82352,1214.299591995337,49825,250.45226292022076,132,16255,416,512,49825
22,reference,10000,true,uniform,UPDATE,6788031,54250715,16244165,15636714,1339649,1100491,1132225,0,0,0,489,38790,378534498,482164945,5895014183,10785636958,979600295,158417608,20912652025774,24602883346,3306414255,70361108,0.5,0.5,0,0,0,82352,1214.299591995337,50175,1378.7171699053313,592,54431,1709,5523,50175
22,clean-run,10000,true,uniform,READ,295410,3942517,1215037,1203754,309779,49884,99751,0,0,0,489,38792,378542973,482201683,5895267106,10786080937,979610496,158419850,20913473069422,24603995783,3306488987,70361108,0.5,0.5,0,0,0,71117,1406.1335545650127,50117,222.83069617095995,134,3935,387,474,50117
22,clean-run,10000,true,uniform,UPDATE,295410,3942517,1215037,1203754,309779,49884,99751,0,0,0,489,38792,378542973,482201683,5895267106,10786080937,979610496,158419850,20913473069422,24603995783,3306488987,70361108,0.5,0.5,0,0,0,71117,1406.1335545650127,49883,1188.382054006375,444,57983,1438,2115,49883
22,avg-run,10000,true,uniform,READ,765509,8687365,3031059,2970670,519843,100055,178545,0,0,0,489,38793,378543098,482240330,5895414816,10786499531,979656274,158420472,20914108873559,24604879477,3306534464,70361108,0.5,0.5,0,0,0,66451,1504.868248784819,49855,199.8252933507171,46,19439,382,470,49855
22,avg-run,10000,true,uniform,UPDATE,765509,8687365,3031059,2970670,519843,100055,178545,0,0,0,489,38793,378543098,482240330,5895414816,10786499531,979656274,158420472,20914108873559,24604879477,3306534464,70361108,0.5,0.5,0,0,0,66451,1504.868248784819,50145,1113.0209193339315,381,25007,1305,1689,50145
23,extend,10000,true,uniform,EXTEND,15635627,122504712,32965803,31308449,4137872,3400117,3927833,0,0,0,489,38795,378546196,482313764,5895728867,10786729344,979836678,158425741,20915044350971,24606107559,3306654922,70361108,0,0,0,0,1,153797,650.2077413733688,100000,1529.41303,461,68351,1818,3521,100000
23,run,10000,true,uniform,READ,16493021,125652969,34390333,32712255,4237756,3450082,4027717,0,0,0,489,38795,378546866,482351637,5895970641,10787489057,979922042,158427427,20915441144084,24606721594,3306700596,70361798,0.5,0.5,0,0,0,75750,1320.1320132013202,50057,264.0902770841241,137,20479,429,526,50057
23,run,10000,true,uniform,UPDATE,16493021,125652969,34390333,32712255,4237756,3450082,4027717,0,0,0,489,38795,378546866,482351637,5895970641,10787489057,979922042,158427427,20915441144084,24606721594,3306700596,70361798,0.5,0.5,0,0,0,75750,1320.1320132013202,49943,1238.244879162245,453,28991,1406,3783,49943
23,reference,10000,true,uniform,READ,7594534,57148529,17463522,16836405,1439684,1150510,1231267,0,0,0,489,38797,378547662,482391537,5896238834,10788117962,979970832,158429452,20916284183330,24607456822,3306850158,70361798,0.5,0.5,0,0,0,82563,1211.1962985841114,50014,262.92576078697965,139,15495,432,529,50014
23,reference,10000,true,uniform,UPDATE,7594534,57148529,17463522,16836405,1439684,1150510,1231267,0,0,0,489,38797,378547662,482391537,5896238834,10788117962,979970832,158429452,20916284183330,24607456822,3306850158,70361798,0.5,0.5,0,0,0,82563,1211.1962985841114,49986,1374.3172088184692,695,49599,1752,4935,49986
23,clean-run,10000,true,uniform,READ,283176,3856215,1214174,1202892,309856,49922,99836,0,0,0,489,38798,378554453,482428058,5896432782,10788578640,979988172,158431708,20916795549316,24608409428,3306855975,70393812,0.5,0.5,0,0,0,70499,1418.4598363097348,50079,234.3433774636075,141,4983,402,492,50079
23,clean-run,10000,true,uniform,UPDATE,283176,3856215,1214174,1202892,309856,49922,99836,0,0,0,489,38798,378554453,482428058,5896432782,10788578640,979988172,158431708,20916795549316,24608409428,3306855975,70393812,0.5,0.5,0,0,0,70499,1418.4598363097348,49921,1164.2300635003305,445,43551,1345,2181,49921
23,avg-run,10000,true,uniform,READ,751453,8589029,3033845,2973440,519931,99834,178126,0,0,0,489,38799,378555156,482465199,5896584130,10788999997,979988172,158431708,20917165312512,24609273054,3306857845,70393812,0.5,0.5,0,0,0,62891,1590.0526307420776,50103,191.37323114384367,51,14063,374,462,50103
23,avg-run,10000,true,uniform,UPDATE,751453,8589029,3033845,2973440,519931,99834,178126,0,0,0,489,38799,378555156,482465199,5896584130,10788999997,979988172,158431708,20917165312512,24609273054,3306857845,70393812,0.5,0.5,0,0,0,62891,1590.0526307420776,49897,1055.4201454997294,396,25903,1231,1715,49897
24,extend,10000,true,uniform,EXTEND,17143242,128597875,35144331,33425100,4437770,3550126,4227721,0,0,0,489,38801,378559484,482540137,5896923333,10789240894,980142387,158433817,20918373156045,24610522399,3307032065,70393812,0,0,0,0,1,154959,645.331991042792,100000,1541.36887,555,63135,1848,2547,100000
24,run,10000,true,uniform,READ,18028476,131744111,36568282,34828378,4537726,3600128,4327682,0,0,0,489,38802,378560273,482579082,5897171483,10790026087,980220696,158434891,20918819524489,24611115114,3307082457,70393812,0.5,0.5,0,0,0,78124,1280.016384209718,50020,270.35387844862055,146,3563,432,530,50020
24,run,10000,true,uniform,UPDATE,18028476,131744111,36568282,34828378,4537726,3600128,4327682,0,0,0,489,38802,378560273,482579082,5897171483,10790026087,980220696,158434891,20918819524489,24611115114,3307082457,70393812,0.5,0.5,0,0,0,78124,1280.016384209718,49980,1278.8166266506603,466,39103,1457,4187,49980
24,reference,10000,true,uniform,READ,8252825,59861062,18681545,18037460,1540046,1200694,1330985,0,0,0,489,38803,378560458,482618182,5897451067,10790681246,980280590,158438848,20919420096519,24611741025,3307170084,70393812,0.5,0.5,0,0,0,81733,1223.496017520463,49827,265.770124631224,147,3761,429,516,49827
24,reference,10000,true,uniform,UPDATE,8252825,59861062,18681545,18037460,1540046,1200694,1330985,0,0,0,489,38803,378560458,482618182,5897451067,10790681246,980280590,158438848,20919420096519,24611741025,3307170084,70393812,0.5,0.5,0,0,0,81733,1223.496017520463,50173,1350.8591872122456,489,371455,1517,5243,50173
24,clean-run,10000,true,uniform,READ,309232,3742455,1215532,1204248,309777,49899,99755,0,0,0,489,38804,378567699,482654836,5897653236,10791183526,980342489,158441879,20919993392430,24612802442,3307186892,70427090,0.5,0.5,0,0,0,69956,1429.4699525415976,50119,230.98308026895987,142,15319,393,477,50119
24,clean-run,10000,true,uniform,UPDATE,309232,3742455,1215532,1204248,309777,49899,99755,0,0,0,489,38804,378567699,482654836,5897653236,10791183526,980342489,158441879,20919993392430,24612802442,3307186892,70427090,0.5,0.5,0,0,0,69956,1429.4699525415976,49881,1158.0882099396563,446,62111,1337,2779,49881
24,avg-run,10000,true,uniform,READ,840811,8218968,3036036,2975715,519852,99731,178119,0,0,0,489,38805,378567926,482693021,5897836703,10791674870,980396069,158442712,20920362868259,24613642854,3307187474,70427090,0.5,0.5,0,0,0,65204,1533.6482424391143,50183,198.64310623119383,48,4017,380,468,50183
24,avg-run,10000,true,uniform,UPDATE,840811,8218968,3036036,2975715,519852,99731,178119,0,0,0,489,38805,378567926,482693021,5897836703,10791674870,980396069,158442712,20920362868259,24613642854,3307187474,70427090,0.5,0.5,0,0,0,65204,1533.6482424391143,49817,1096.2809081237328,395,40831,1235,1939,49817
25,extend,10000,true,uniform,EXTEND,18701426,134703888,37323047,35542005,4737742,3700172,4527683,0,0,0,489,38807,378571957,482767633,5898186413,10791917755,980459611,158444762,20921528643274,24614916263,3307365777,70427090,0,0,0,0,1,158081,632.5870914278123,100000,1572.65325,420,65791,1870,6167,100000
25,run,10000,true,uniform,READ,19580594,137831685,38742028,36940312,4838246,3750448,4628189,0,0,0,489,38808,378572753,482807779,5898469189,10792693091,980538486,158446584,20921969521667,24615514536,3307413504,70427090,0.5,0.5,0,0,0,81466,1227.505953403874,49746,281.1884573634061,154,15055,443,547,49746
25,run,10000,true,uniform,UPDATE,19580594,137831685,38742028,36940312,4838246,3750448,4628189,0,0,0,489,38808,378572753,482807779,5898469189,10792693091,980538486,158446584,20921969521667,24615514536,3307413504,70427090,0.5,0.5,0,0,0,81466,1227.505953403874,50254,1329.8236359294783,471,31759,1492,6171,50254
25,reference,10000,true,uniform,READ,9124269,62766987,19909753,19247407,1639846,1250617,1430379,0,0,0,489,38809,378572926,482846979,5898716524,10793366847,980596874,158450281,20922645042860,24616258780,3307525110,70427090,0.5,0.5,0,0,0,81563,1226.0461238551795,50110,265.13967272001594,146,4671,429,529,50110
25,reference,10000,true,uniform,UPDATE,9124269,62766987,19909753,19247407,1639846,1250617,1430379,0,0,0,489,38809,378572926,482846979,5898716524,10793366847,980596874,158450281,20922645042860,24616258780,3307525110,70427090,0.5,0.5,0,0,0,81563,1226.0461238551795,49890,1355.0301663660052,497,36063,1515,7323,49890
25,clean-run,10000,true,uniform,READ,344126,3790155,1214167,1203122,309893,49927,99850,0,0,0,489,38811,378579916,482884744,5898966300,10793867656,980655956,158452178,20923213421394,24617232135,3307534385,70460621,0.5,0.5,0,0,0,73177,1366.5495989176927,50074,243.65918440707753,145,16847,407,496,50074
25,clean-run,10000,true,uniform,UPDATE,344126,3790155,1214167,1203122,309893,49927,99850,0,0,0,489,38811,378579916,482884744,5898966300,10793867656,980655956,158452178,20923213421394,24617232135,3307534385,70460621,0.5,0.5,0,0,0,73177,1366.5495989176927,49926,1208.4499058606739,469,62207,1400,2443,49926
25,avg-run,10000,true,uniform,READ,889672,8268040,3035404,2975330,519957,99729,178338,0,0,0,489,38811,378579916,482923105,5899141552,10794363021,980655956,158452178,20923632683320,24618079601,3307548936,70460621,0.5,0.5,0,0,0,65987,1515.4500128813252,50224,204.57293325899968,54,19247,383,480,50224
25,avg-run,10000,true,uniform,UPDATE,889672,8268040,3035404,2975330,519957,99729,178338,0,0,0,489,38811,378579916,482923105,5899141552,10794363021,980655956,158452178,20923632683320,24618079601,3307548936,70460621,0.5,0.5,0,0,0,65987,1515.4500128813252,49776,1105.9070234651238,392,51135,1235,1798,49776
26,extend,10000,true,uniform,EXTEND,20247702,140806838,39496097,37654746,5038309,3850492,4828200,0,0,0,489,38813,378583841,482997347,5899492907,10794603023,980823153,158454122,20924762596487,24619355520,3307718221,70460621,0,0,0,0,1,157910,633.2721170286873,100000,1570.56439,439,37375,1859,5027,100000
26,run,10000,true,uniform,READ,21247108,144063830,40919111,39056210,5138521,3900632,4928428,0,0,0,489,38814,378584606,483038122,5899785946,10795374919,980899121,158456969,20925268337395,24620087036,3307780949,70460621,0.5,0.5,0,0,0,81790,1222.643354933366,49893,290.8974405227186,167,4791,452,550,49893
26,run,10000,true,uniform,UPDATE,21247108,144063830,40919111,39056210,5138521,3900632,4928428,0,0,0,489,38814,378584606,483038122,5899785946,10795374919,980899121,158456969,20925268337395,24620087036,3307780949,70460621,0.5,0.5,0,0,0,81790,1222.643354933366,50107,1329.6363981080488,472,33759,1487,6323,50107
26,reference,10000,true,uniform,READ,9918487,65586657,21136593,20457418,1739823,1300629,1530143,0,0,0,489,38815,378585003,483077422,5900009615,10796062175,980967056,158459030,20925863809615,24620699947,3307870451,70460621,0.5,0.5,0,0,0,81881,1221.2845470866257,50010,277.3121575684863,152,16087,442,548,50010
26,reference,10000,true,uniform,UPDATE,9918487,65586657,21136593,20457418,1739823,1300629,1530143,0,0,0,489,38815,378585003,483077422,5900009615,10796062175,980967056,158459030,20925863809615,24620699947,3307870451,70460621,0.5,0.5,0,0,0,81881,1221.2845470866257,49990,1347.253970794159,466,37887,1510,3581,49990
26,clean-run,10000,true,uniform,READ,305435,3679382,1211299,1200021,310288,50116,100228,0,0,0,489,38817,378591862,483115335,5900230172,10796565101,981035423,158460848,20926478390565,24621623421,3307884235,70496233,0.5,0.5,0,0,0,72516,1379.0060124662143,49892,252.05826585424518,154,4383,410,494,49892
26,clean-run,10000,true,uniform,UPDATE,305435,3679382,1211299,1200021,310288,50116,100228,0,0,0,489,38817,378591862,483115335,5900230172,10796565101,981035423,158460848,20926478390565,24621623421,3307884235,70496233,0.5,0.5,0,0,0,72516,1379.0060124662143,50108,1183.821086453261,447,54719,1419,2397,50108
26,avg-run,10000,true,uniform,READ,850031,8143860,3027166,2966972,520363,100225,179270,0,0,0,489,38818,378592500,483153466,5900404269,10797060754,981073890,158462367,20927040593695,24622503276,3307929455,70496233,0.5,0.5,0,0,0,63813,1567.0788083932741,49906,199.8047930108604,52,5351,376,464,49906
26,avg-run,10000,true,uniform,UPDATE,850031,8143860,3027166,2966972,520363,100225,179270,0,0,0,489,38818,378592500,483153466,5900404269,10797060754,981073890,158462367,20927040593695,24622503276,3307929455,70496233,0.5,0.5,0,0,0,63813,1567.0788083932741,50094,1061.9299117658802,397,22879,1242,1709,50094
27,extend,10000,true,uniform,EXTEND,21818093,146945297,41672305,39771428,5338822,4000665,5128538,0,0,0,489,38820,378597104,483228116,5900823157,10797308756,981208553,158470622,20928196441446,24623752460,3308088276,70496233,0,0,0,0,1,159237,627.9947499638903,100000,1584.39488,460,38175,1880,6103,100000
27,run,10000,true,uniform,READ,22901648,150272730,43100513,41178086,5438564,4050570,5228379,0,0,0,489,38821,378597623,483268924,5901083721,10798114215,981283633,158473046,20928747187258,24624524756,3308163449,70496233,0.5,0.5,0,0,0,82886,1206.476365128007,50128,292.75345116501757,178,16799,453,546,50128
27,run,10000,true,uniform,UPDATE,22901648,150272730,43100513,41178086,5438564,4050570,5228379,0,0,0,489,38821,378597623,483268924,5901083721,10798114215,981283633,158473046,20928747187258,24624524756,3308163449,70496233,0.5,0.5,0,0,0,82886,1206.476365128007,49872,1353.7965992941931,487,39007,1465,8255,49872
27,reference,10000,true,uniform,READ,10724259,68400790,22363564,21667863,1839883,1350685,1630059,0,0,0,489,38822,378597900,483309324,5901315373,10798813933,981338359,158473672,20929452893379,24625141756,3308272926,70496233,0.5,0.5,0,0,0,83317,1200.235246108237,49966,286.9569106992755,153,4055,449,550,49966
27,reference,10000,true,uniform,UPDATE,10724259,68400790,22363564,21667863,1839883,1350685,1630059,0,0,0,489,38822,378597900,483309324,5901315373,10798813933,981338359,158473672,20929452893379,24625141756,3308272926,70496233,0.5,0.5,0,0,0,83317,1200.235246108237,50034,1365.2550665547428,481,32927,1558,6279,50034
27,clean-run,10000,true,uniform,READ,347126,3764723,1209623,1198539,310597,50213,100479,0,0,0,489,38824,378606095,483350575,5901671385,10799323629,981374719,158475575,20930440195217,24626252830,3308364784,70496233,0.5,0.5,0,0,0,79928,1251.126013412071,49788,264.6462601430064,163,20783,424,503,49788
27,clean-run,10000,true,uniform,UPDATE,347126,3764723,1209623,1198539,310597,50213,100479,0,0,0,489,38824,378606095,483350575,5901671385,10799323629,981374719,158475575,20930440195217,24626252830,3308364784,70496233,0.5,0.5,0,0,0,79928,1251.126013412071,50212,1316.2469529196208,455,56831,1532,4939,50212
27,avg-run,10000,true,uniform,READ,915799,8274800,3028979,2968508,520661,100223,179007,0,0,0,489,38825,378608610,483389390,5901838538,10799819714,981441421,158475615,20930920054205,24627142816,3308379426,70496233,0.5,0.5,0,0,0,66939,1493.8974290025246,50016,212.91772632757517,58,15935,393,482,50016
27,avg-run,10000,true,uniform,UPDATE,915799,8274800,3028979,2968508,520661,100223,179007,0,0,0,489,38825,378608610,483389390,5901838538,10799819714,981441421,158475615,20930920054205,24627142816,3308379426,70496233,0.5,0.5,0,0,0,66939,1493.8974290025246,49984,1112.9240556978234,665,52959,1253,1710,49984
28,extend,10000,true,uniform,EXTEND,23505132,153146975,43855138,41894080,5639562,4150603,5428735,0,0,0,489,38827,378611767,483465248,5902231735,10800053909,981604891,158480296,20932108986459,24628478243,3308551701,70496233,0,0,0,0,1,162576,615.0969392776301,100000,1617.43637,403,91519,1879,7731,100000
28,run,10000,true,uniform,READ,24441980,156289643,45286042,43304312,5739174,4200423,5528651,0,0,0,489,38828,378612562,483506675,5902544806,10800871332,981683135,158481039,20932593488474,24629078126,3308604598,70496233,0.5,0.5,0,0,0,83482,1197.8630123859036,50191,296.63312147596184,175,18687,456,548,50191
28,run,10000,true,uniform,UPDATE,24441980,156289643,45286042,43304312,5739174,4200423,5528651,0,0,0,489,38828,378612562,483506675,5902544806,10800871332,981683135,158481039,20932593488474,24629078126,3308604598,70496233,0.5,0.5,0,0,0,83482,1197.8630123859036,49809,1363.2023730651088,552,22207,1521,7827,49809
28,reference,10000,true,uniform,READ,11639802,71329419,23590499,22877504,1940103,1400822,1730193,0,0,0,489,38829,378612869,483546975,5902758066,10801584752,981749238,158485050,20933216160399,24629792545,3308700275,70496233,0.5,0.5,0,0,0,84110,1188.9192723814053,49885,295.05386388693995,167,4703,451,544,49885
28,reference,10000,true,uniform,UPDATE,11639802,71329419,23590499,22877504,1940103,1400822,1730193,0,0,0,489,38829,378612869,483546975,5902758066,10801584752,981749238,158485050,20933216160399,24629792545,3308700275,70496233,0.5,0.5,0,0,0,84110,1188.9192723814053,50115,1370.6599421330939,514,36191,1503,7647,50115
28,clean-run,10000,true,uniform,READ,341124,3769508,1212539,1201299,310801,50143,100461,0,0,0,489,38831,378619826,483585343,5903016735,10802092054,981818424,158487074,20933919420594,24630768993,3308721036,70534421,0.5,0.5,0,0,0,73627,1358.1974004101755,49858,264.4010790645433,169,5671,420,514,49858
28,clean-run,10000,true,uniform,UPDATE,341124,3769508,1212539,1201299,310801,50143,100461,0,0,0,489,38831,378619826,483585343,5903016735,10802092054,981818424,158487074,20933919420594,24630768993,3308721036,70534421,0.5,0.5,0,0,0,73627,1358.1974004101755,50142,1192.3323561086515,457,40831,1418,2307,50142
28,avg-run,10000,true,uniform,READ,897065,8244270,3029164,2968959,520865,100251,179351,0,0,0,489,38832,378619922,483624149,5903191878,10802588421,981862998,158487985,20934595897006,24631636508,3308771130,70534421,0.5,0.5,0,0,0,66890,1494.9917775452236,49918,211.30872631115028,56,12031,390,480,49918
28,avg-run,10000,true,uniform,UPDATE,897065,8244270,3029164,2968959,520865,100251,179351,0,0,0,489,38832,378619922,483624149,5903191878,10802588421,981862998,158487985,20934595897006,24631636508,3308771130,70534421,0.5,0.5,0,0,0,66890,1494.9917775452236,50082,1111.9210295116009,396,30319,1276,1707,50082
29,extend,10000,true,uniform,EXTEND,25079097,159185336,46043104,44022179,5942575,4300467,5729937,0,0,0,489,38834,378624591,483698791,5903578067,10802827711,982017575,158495188,20935873518225,24632841491,3308960966,70534421,0,0,0,0,1,158297,631.7239113817698,100000,1574.42027,423,110079,1897,5687,100000
29,run,10000,true,uniform,READ,26247653,162554009,47481126,45438651,6042637,4350531,5831026,0,0,0,489,38835,378625343,483739266,5903851787,10803656823,982075048,158498407,20936403868629,24633607747,3309027547,70534421,0.5,0.5,0,0,0,80108,1248.3147750536775,49969,302.2772318837679,171,5747,462,556,49969
29,run,10000,true,uniform,UPDATE,26247653,162554009,47481126,45438651,6042637,4350531,5831026,0,0,0,489,38835,378625343,483739266,5903851787,10803656823,982075048,158498407,20936403868629,24633607747,3309027547,70534421,0.5,0.5,0,0,0,80108,1248.3147750536775,50031,1285.4665107633268,473,21423,1495,3913,50031
29,reference,10000,true,uniform,READ,12473175,74142088,24819947,24090416,2039991,1450794,1830027,0,0,0,489,38836,378625763,483780166,5904081950,10804382354,982213382,158503355,20937019375869,24634233197,3309113661,70534421,0.5,0.5,0,0,0,85405,1170.8916339792752,50050,300.71644355644355,160,6083,461,560,50050
29,reference,10000,true,uniform,UPDATE,12473175,74142088,24819947,24090416,2039991,1450794,1830027,0,0,0,489,38836,378625763,483780166,5904081950,10804382354,982213382,158503355,20937019375869,24634233197,3309113661,70534421,0.5,0.5,0,0,0,85405,1170.8916339792752,49950,1394.7734934934936,475,29631,1580,7995,49950
29,clean-run,10000,true,uniform,READ,431333,3871549,1222146,1210089,311463,49941,100435,0,0,0,489,38839,378633530,483821336,5904459593,10804893537,982266740,158508054,20938178261290,24635471115,3309238039,70534421,0.5,0.5,0,0,0,80470,1242.6991425375916,50071,264.5813944199237,167,18703,424,515,50071
29,clean-run,10000,true,uniform,UPDATE,431333,3871549,1222146,1210089,311463,49941,100435,0,0,0,489,38839,378633530,483821336,5904459593,10804893537,982266740,158508054,20938178261290,24635471115,3309238039,70534421,0.5,0.5,0,0,0,80470,1242.6991425375916,49929,1333.0042660578022,468,42143,1611,5631,49929
29,avg-run,10000,true,uniform,READ,919747,8311049,3050042,2989756,521525,99467,178297,0,0,0,489,38839,378633530,483860012,5904633207,10805391362,982336140,158509733,20938613615136,24636274412,3309240977,70534421,0.5,0.5,0,0,0,66137,1512.0129428307907,50489,217.26074986630752,62,16095,395,493,50489
29,avg-run,10000,true,uniform,UPDATE,919747,8311049,3050042,2989756,521525,99467,178297,0,0,0,489,38839,378633530,483860012,5904633207,10805391362,982336140,158509733,20938613615136,24636274412,3309240977,70534421,0.5,0.5,0,0,0,66137,1512.0129428307907,49511,1101.0062006422816,395,41375,1231,1808,49511
30,extend,10000,true,uniform,EXTEND,26895650,165484433,48244713,46163625,6253470,4450564,6035150,0,0,0,489,38842,378641416,483936119,5905009471,10805631974,982442162,158515097,20939989396662,24637609855,3309459673,70534421,0,0,0,0,1,160685,622.3356256028876,100000,1598.87336,470,47999,1926,6255,100000
30,run,10000,true,uniform,READ,27878027,168632432,49710990,47609230,6353560,4500626,6138505,0,0,0,489,38843,378642386,483977817,5905331816,10806488174,982515438,158516876,20940513556040,24638240719,3309522419,70534515,0.5,0.5,0,0,0,83345,1199.8320235167077,49949,306.80309916114436,170,12999,465,565,49949
30,run,10000,true,uniform,UPDATE,27878027,168632432,49710990,47609230,6353560,4500626,6138505,0,0,0,489,38843,378642386,483977817,5905331816,10806488174,982515438,158516876,20940513556040,24638240719,3309522419,70534515,0.5,0.5,0,0,0,83345,1199.8320235167077,50051,1345.1463507222634,581,32623,1555,4803,50051
30,reference,10000,true,uniform,READ,13428097,77075184,26054769,25302437,2139401,1500526,1929400,0,0,0,489,38844,378642532,484018717,5905555576,10807228367,982563013,158519277,20941305750361,24638970026,3309658772,70534515,0.5,0.5,0,0,0,85443,1170.3708905352107,50290,301.4305428514615,170,5779,462,564,50290
30,reference,10000,true,uniform,UPDATE,13428097,77075184,26054769,25302437,2139401,1500526,1929400,0,0,0,489,38844,378642532,484018717,5905555576,10807228367,982563013,158519277,20941305750361,24638970026,3309658772,70534515,0.5,0.5,0,0,0,85443,1170.3708905352107,49710,1399.4535304767653,496,52255,1572,7279,49710
30,clean-run,10000,true,uniform,READ,347730,3790263,1229383,1218291,315591,50273,102526,0,0,0,489,38846,378649368,484059226,5905845794,10807745870,982618899,158521413,20942110029259,24639989188,3309690520,70576299,0.5,0.5,0,0,0,76693,1303.899964794701,49728,270.7637950450451,174,5723,429,517,49728
30,clean-run,10000,true,uniform,UPDATE,347730,3790263,1229383,1218291,315591,50273,102526,0,0,0,489,38846,378649368,484059226,5905845794,10807745870,982618899,158521413,20942110029259,24639989188,3309690520,70576299,0.5,0.5,0,0,0,76693,1303.899964794701,50272,1244.467655951623,436,42015,1443,2775,50272
30,avg-run,10000,true,uniform,READ,922553,8297844,3051245,2991101,525655,100356,181430,0,0,0,489,38847,378649848,484098822,5906022837,10808242104,982670182,158521803,20942751023791,24640891715,3309725092,70576299,0.5,0.5,0,0,0,67979,1471.0425278394798,49943,223.09799171055002,58,18575,400,489,49943
30,avg-run,10000,true,uniform,UPDATE,922553,8297844,3051245,2991101,525655,100356,181430,0,0,0,489,38847,378649848,484098822,5906022837,10808242104,982670182,158521803,20942751023791,24640891715,3309725092,70576299,0.5,0.5,0,0,0,67979,1471.0425278394798,50057,1122.4438939608847,409,39903,1279,1820,50057
31,extend,10000,true,uniform,EXTEND,28678261,171760753,50497555,48355672,6585341,4600681,6351718,0,0,0,489,38850,378655956,484177146,5906425492,10808497034,982879437,158529399,20944171585592,24642298542,3309938592,70576299,0,0,0,0,1,165821,603.059926064853,100000,1649.72516,578,62463,1941,7435,100000
31,run,10000,true,uniform,READ,29678215,174927469,52067909,49905353,6693227,4650596,6462527,0,0,0,489,38851,378657032,484218676,5906637040,10809376057,982947620,158531871,20944754023861,24642909356,3310012518,70576337,0.5,0.5,0,0,0,84881,1178.1199561739377,50107,317.8528548905343,186,17663,479,589,50107
31,run,10000,true,uniform,UPDATE,29678215,174927469,52067909,49905353,6693227,4650596,6462527,0,0,0,489,38851,378657032,484218676,5906637040,10809376057,982947620,158531871,20944754023861,24642909356,3310012518,70576337,0.5,0.5,0,0,0,84881,1178.1199561739377,49893,1368.2943699516966,547,23983,1506,8671,49893
31,reference,10000,true,uniform,READ,14307613,79925758,27302541,26532819,2247766,1550636,2031286,0,0,0,489,38852,378657381,484261276,5906971557,10810137684,983033469,158536091,20945705230140,24643710961,3310186158,70576337,0.5,0.5,0,0,0,89180,1121.327651939897,49923,308.31402359633836,174,16991,467,567,49923
31,reference,10000,true,uniform,UPDATE,14307613,79925758,27302541,26532819,2247766,1550636,2031286,0,0,0,489,38852,378657381,484261276,5906971557,10810137684,983033469,158536091,20945705230140,24643710961,3310186158,70576337,0.5,0.5,0,0,0,89180,1121.327651939897,50077,1459.6227010403977,508,32415,1835,6547,50077
31,clean-run,10000,true,uniform,READ,452426,3973168,1319997,1308071,339136,50153,110239,0,0,0,489,38854,378665676,484302370,5907356173,10810674459,983076521,158540799,20946787520525,24645032148,3310278824,70618962,0.5,0.5,0,0,0,84061,1189.6123053496865,49859,285.5176598006378,176,3355,446,539,49859
31,clean-run,10000,true,uniform,UPDATE,452426,3973168,1319997,1308071,339136,50153,110239,0,0,0,489,38854,378665676,484302370,5907356173,10810674459,983076521,158540799,20946787520525,24645032148,3310278824,70618962,0.5,0.5,0,0,0,84061,1189.6123053496865,50141,1379.320296763128,468,59391,1612,9399,50141
31,avg-run,10000,true,uniform,READ,940228,8402246,3170699,3110434,549198,100435,189139,0,0,0,489,38855,378665889,484341488,5907536217,10811173641,983110073,158540808,20947238681892,24645836879,3310279151,70618962,0.5,0.5,0,0,0,67409,1483.4814342298507,49733,226.5787907425653,65,5955,402,490,49733
31,avg-run,10000,true,uniform,UPDATE,940228,8402246,3170699,3110434,549198,100435,189139,0,0,0,489,38855,378665889,484341488,5907536217,10811173641,983110073,158540808,20947238681892,24645836879,3310279151,70618962,0.5,0.5,0,0,0,67409,1483.4814342298507,50267,1103.7957109037739,390,40383,1233,1840,50267
32,extend,10000,true,uniform,EXTEND,30387517,178042604,52917880,50716747,6962653,4750629,6700281,0,0,0,489,38858,378671926,484418377,5907941227,10811446214,983214332,158545773,20948623157584,24647229467,3310475673,70618962,0,0,0,0,1,161208,620.3166095975386,100000,1603.59381,633,35487,1932,6587,100000
32,run,10000,true,uniform,READ,31687948,181542433,54719747,52497064,7107750,4800903,6831017,0,0,0,489,38859,378672882,484461455,5908244455,10812398392,983279119,158548655,20949348356920,24648162581,3310590974,70618962,0.5,0.5,0,0,0,87385,1144.3611603822167,49759,344.65059587210357,208,7163,507,611,49759
32,run,10000,true,uniform,UPDATE,31687948,181542433,54719747,52497064,7107750,4800903,6831017,0,0,0,489,38859,378672882,484461455,5908244455,10812398392,983279119,158548655,20949348356920,24648162581,3310590974,70618962,0.5,0.5,0,0,0,87385,1144.3611603822167,50241,1384.7740689874804,483,43391,1646,5419,50241
32,reference,10000,true,uniform,READ,15232293,82852462,28662832,27875810,2392270,1600691,2143324,0,0,0,489,38861,378673464,484505155,5908556278,10813188082,983371387,158556006,20950259016602,24648893304,3310737285,70618962,0.5,0.5,0,0,0,91763,1089.7638481741008,49967,324.3105449596734,187,17263,486,595,49967
32,reference,10000,true,uniform,UPDATE,15232293,82852462,28662832,27875810,2392270,1600691,2143324,0,0,0,489,38861,378673464,484505155,5908556278,10813188082,983371387,158556006,20950259016602,24648893304,3310737285,70618962,0.5,0.5,0,0,0,91763,1089.7638481741008,50033,1496.0518857554014,614,38751,1796,8655,50033
32,clean-run,10000,true,uniform,READ,450314,4170169,1603836,1592709,421436,50083,135915,0,0,0,489,38864,378681558,484546890,5908934559,10813827665,983460904,158560878,20951455769896,24650301018,3310842217,70618962,0.5,0.5,0,0,0,83259,1201.0713556492392,49918,310.84833126327175,193,16167,469,561,49918
32,clean-run,10000,true,uniform,UPDATE,450314,4170169,1603836,1592709,421436,50083,135915,0,0,0,489,38864,378681558,484546890,5908934559,10813827665,983460904,158560878,20951455769896,24650301018,3310842217,70618962,0.5,0.5,0,0,0,83259,1201.0713556492392,50082,1339.4747613913182,473,53503,1501,5939,50082
32,avg-run,10000,true,uniform,READ,1233065,9095884,4206014,4145578,731500,100079,253867,0,0,0,489,38865,378681735,484589269,5909164063,10814525808,983490561,158563392,20952017951332,24651438919,3310864102,70618962,0.5,0.5,0,0,0,67138,1489.4694509815604,50030,244.48185088946633,55,5971,419,521,50030
32,avg-run,10000,true,uniform,UPDATE,1233065,9095884,4206014,4145578,731500,100079,253867,0,0,0,489,38865,378681735,484589269,5909164063,10814525808,983490561,158563392,20952017951332,24651438919,3310864102,70618962,0.5,0.5,0,0,0,67138,1489.4694509815604,49970,1086.1598759255553,405,40863,1236,1819,49970
33,extend,10000,true,uniform,EXTEND,32417726,184741724,55690151,53428862,7397481,4900936,7105971,0,0,0,489,38867,378686984,484667821,5909653876,10814815392,983634082,158571974,20953546369989,24652969116,3311106205,70618962,0,0,0,0,1,165466,604.3537645195992,100000,1645.92691,446,97471,1905,7183,100000
33,run,10000,true,uniform,READ,33687236,188152312,57660447,55377608,7548070,4951189,7249242,0,0,0,489,38868,378688040,484713058,5909894671,10815816010,983704414,158572914,20954189457631,24653825048,3311196999,70618962,0.5,0.5,0,0,0,91240,1096.0105217010084,49780,356.97193652069103,172,16703,619,743,49780
33,run,10000,true,uniform,UPDATE,33687236,188152312,57660447,55377608,7548070,4951189,7249242,0,0,0,489,38868,378688040,484713058,5909894671,10815816010,983704414,158572914,20954189457631,24653825048,3311196999,70618962,0.5,0.5,0,0,0,91240,1096.0105217010084,50220,1448.4176821983274,505,23023,1768,7883,50220
33,reference,10000,true,uniform,READ,16312991,85926178,30176577,29370186,2542580,1650858,2269542,0,0,0,489,38870,378688761,484759542,5910291464,10816651293,983742079,158576952,20955217813262,24654824616,3311383105,70618962,0.5,0.5,0,0,0,97823,1022.2544800302587,49877,348.28590332217254,170,5115,601,739,49877
33,reference,10000,true,uniform,UPDATE,16312991,85926178,30176577,29370186,2542580,1650858,2269542,0,0,0,489,38870,378688761,484759542,5910291464,10816651293,983742079,158576952,20955217813262,24654824616,3311383105,70618962,0.5,0.5,0,0,0,97823,1022.2544800302587,50123,1591.3144464617042,546,57663,1905,9199,50123
33,clean-run,10000,true,uniform,READ,488238,4259071,1714055,1702912,448788,50007,145639,0,0,0,489,38872,378695974,484802934,5910660569,10817334689,983792658,158580935,20956147785186,24656141673,3311421631,70664874,0.5,0.5,0,0,0,84456,1184.0484986265037,49994,309.70416449974,173,6743,590,718,49994
33,clean-run,10000,true,uniform,UPDATE,488238,4259071,1714055,1702912,448788,50007,145639,0,0,0,489,38872,378695974,484802934,5910660569,10817334689,983792658,158580935,20956147785186,24656141673,3311421631,70664874,0.5,0.5,0,0,0,84456,1184.0484986265037,50006,1365.0716314042315,469,65119,1744,2767,50006
33,avg-run,10000,true,uniform,READ,1292242,9195832,4352943,4292841,758852,100023,263471,0,0,0,489,38873,378696599,484847348,5910900694,10818043585,983858967,158581044,20956757438314,24657304247,3311445846,70664874,0.5,0.5,0,0,0,74456,1343.0751047598583,50010,260.44717056588684,50,16151,510,670,50010
33,avg-run,10000,true,uniform,UPDATE,1292242,9195832,4352943,4292841,758852,100023,263471,0,0,0,489,38873,378696599,484847348,5910900694,10818043585,983858967,158581044,20956757438314,24657304247,3311445846,70664874,0.5,0.5,0,0,0,74456,1343.0751047598583,49990,1216.328125625125,407,49055,1511,2010,49990
34,extend,10000,true,uniform,EXTEND,34630836,191574443,58687629,56361343,7844663,5051244,7540873,0,0,0,489,38876,378702682,484926700,5911390599,10818350991,984061456,158587421,20958349581394,24658983236,3311723184,70664874,0,0,0,0,1,168155,594.689423448604,100000,1673.09857,492,36191,1951,7999,100000
34,run,10000,true,uniform,READ,35806308,194863398,60723654,58376695,7995075,5101417,7688833,0,0,0,489,38877,378703697,484972358,5911709922,10819378960,984120406,158590164,20958958807332,24659730476,3311794630,70664874,0.5,0.5,0,0,0,92046,1086.4133150815896,49849,349.31370739633695,184,18927,627,760,49849
34,run,10000,true,uniform,UPDATE,35806308,194863398,60723654,58376695,7995075,5101417,7688833,0,0,0,489,38877,378703697,484972358,5911709922,10819378960,984120406,158590164,20958958807332,24659730476,3311794630,70664874,0.5,0.5,0,0,0,92046,1086.4133150815896,50151,1473.3732727163965,484,28287,1796,7839,50151
34,reference,10000,true,uniform,READ,17323772,88903511,31789268,30965304,2693474,1701194,2405866,0,0,0,489,38879,378704195,485021158,5912055198,10820253644,984226206,158591959,20960045563272,24660710525,3312001291,70664874,0.5,0.5,0,0,0,101872,981.6239987435213,49686,362.4916072938051,176,6659,658,772,49686
34,reference,10000,true,uniform,UPDATE,17323772,88903511,31789268,30965304,2693474,1701194,2405866,0,0,0,489,38879,378704195,485021158,5912055198,10820253644,984226206,158591959,20960045563272,24660710525,3312001291,70664874,0.5,0.5,0,0,0,101872,981.6239987435213,50314,1651.8500019875185,546,68223,2071,8831,50314
34,clean-run,10000,true,uniform,READ,432487,4151707,1735512,1724231,457374,50400,149703,0,0,0,489,38881,378711356,485062933,5912381513,10820945141,984271490,158594256,20961011685728,24661979625,3312042398,70711943,0.5,0.5,0,0,0,81143,1232.392196492612,49601,308.14842442692685,177,19103,487,645,49601
34,clean-run,10000,true,uniform,UPDATE,432487,4151707,1735512,1724231,457374,50400,149703,0,0,0,489,38881,378711356,485062933,5912381513,10820945141,984271490,158594256,20961011685728,24661979625,3312042398,70711943,0.5,0.5,0,0,0,81143,1232.392196492612,50399,1292.986666402111,453,63839,1564,2597,50399
34,avg-run,10000,true,uniform,READ,1225024,9070271,4375958,4315193,767449,100574,268247,0,0,0,489,38882,378712504,485106361,5912643628,10821655279,984339595,158594300,20961605717710,24663142705,3312061795,70711943,0.5,0.5,0,0,0,74556,1341.273673480337,49841,261.9405509520274,65,4535,515,671,49841
34,avg-run,10000,true,uniform,UPDATE,1225024,9070271,4375958,4315193,767449,100574,268247,0,0,0,489,38882,378712504,485106361,5912643628,10821655279,984339595,158594300,20961605717710,24663142705,3312061795,70711943,0.5,0.5,0,0,0,74556,1341.273673480337,50159,1212.8441755218405,412,98367,1510,2035,50159
35,extend,10000,true,uniform,EXTEND,36734415,198298032,61768877,59381371,8293902,5201461,7985905,0,0,0,489,38885,378718658,485182948,5913115689,10821971167,984533994,158598200,20963231880876,24664795445,3312329179,70711943,0,0,0,0,1,159484,627.0221464222117,100000,1586.74631,454,41119,1949,7099,100000
35,run,10000,true,uniform,READ,38062869,201727658,63829714,61420658,8444220,5251602,8135419,0,0,0,489,38887,378719916,485227348,5913493792,10823004732,984642343,158605843,20963946923316,24665724153,3312427801,70711943,0.5,0.5,0,0,0,89759,1114.0944083601644,49892,351.2009340174778,198,16719,525,684,49892
35,run,10000,true,uniform,UPDATE,38062869,201727658,63829714,61420658,8444220,5251602,8135419,0,0,0,489,38887,378719916,485227348,5913493792,10823004732,984642343,158605843,20963946923316,24665724153,3312427801,70711943,0.5,0.5,0,0,0,89759,1114.0944083601644,50108,1428.332761235731,489,32495,1683,8343,50108
35,reference,10000,true,uniform,READ,18368775,91866895,33472219,32630921,2843541,1751240,2547067,0,0,0,489,38888,378720078,485273448,5913795161,10823904106,984696330,158608153,20964854123848,24666540469,3312581865,70711943,0.5,0.5,0,0,0,96596,1035.2395544328958,49976,350.2441371858492,170,7835,618,760,49976
35,reference,10000,true,uniform,UPDATE,18368775,91866895,33472219,32630921,2843541,1751240,2547067,0,0,0,489,38888,378720078,485273448,5913795161,10823904106,984696330,158608153,20964854123848,24666540469,3312581865,70711943,0.5,0.5,0,0,0,96596,1035.2395544328958,50024,1566.1908883735807,507,82751,1954,8559,50024
35,clean-run,10000,true,uniform,READ,498073,4284085,1760666,1749545,458447,49887,149144,0,0,0,489,38890,378727071,485315269,5914155792,10824599047,984736050,158610524,20965865599482,24667881300,3312628127,70745053,0.5,0.5,0,0,0,81269,1230.4814874060219,50114,329.07848106317596,178,19615,490,588,50114
35,clean-run,10000,true,uniform,UPDATE,498073,4284085,1760666,1749545,458447,49887,149144,0,0,0,489,38890,378727071,485315269,5914155792,10824599047,984736050,158610524,20965865599482,24667881300,3312628127,70745053,0.5,0.5,0,0,0,81269,1230.4814874060219,49886,1284.7442969971535,481,64031,1468,2531,49886
35,avg-run,10000,true,uniform,READ,1288356,9190647,4409063,4348748,768511,99916,267237,0,0,0,489,38891,378728423,485359135,5914390720,10825308507,984804856,158610555,20966442874761,24669005322,3312640656,70745053,0.5,0.5,0,0,0,74089,1349.7280298019948,49997,264.1713302798168,61,7035,516,673,49997
35,avg-run,10000,true,uniform,UPDATE,1288356,9190647,4409063,4348748,768511,99916,267237,0,0,0,489,38891,378728423,485359135,5914390720,10825308507,984804856,158610555,20966442874761,24669005322,3312640656,70745053,0.5,0.5,0,0,0,74089,1349.7280298019948,50003,1203.8154310741356,416,48959,1498,2009,50003
36,extend,10000,true,uniform,EXTEND,38697715,204867715,64880249,62432399,8743780,5351635,8434412,0,0,0,489,38894,378734078,485435861,5914816737,10825614873,985040695,158616521,20968115063882,24670567316,3312908767,70745053,0,0,0,0,1,162179,616.6026427589269,100000,1613.70313,441,55551,1913,8255,100000
36,run,10000,true,uniform,READ,40080380,208320451,66946212,64476812,8894332,5401853,8584697,0,0,0,489,38896,378735843,485481729,5915237135,10826637936,985098640,158618087,20969023467316,24671620198,3313085587,70745053,0.5,0.5,0,0,0,88108,1134.970717755482,49815,364.7533473853257,205,6503,530,651,49815
36,run,10000,true,uniform,UPDATE,40080380,208320451,66946212,64476812,8894332,5401853,8584697,0,0,0,489,38896,378735843,485481729,5915237135,10826637936,985098640,158618087,20969023467316,24671620198,3313085587,70745053,0.5,0.5,0,0,0,88108,1134.970717755482,50185,1379.4387964531234,507,39967,1657,6751,50185
36,reference,10000,true,uniform,READ,19447789,94865829,35201003,34341526,2992809,1801028,2691056,0,0,0,489,38898,378736303,485526129,5915522154,10827553798,985204516,158621931,20969827302862,24672426402,3313215340,70745053,0.5,0.5,0,0,0,93874,1065.2576858342034,50245,348.26245397552,173,18335,542,718,50245
36,reference,10000,true,uniform,UPDATE,19447789,94865829,35201003,34341526,2992809,1801028,2691056,0,0,0,489,38898,378736303,485526129,5915522154,10827553798,985204516,158621931,20969827302862,24672426402,3313215340,70745053,0.5,0.5,0,0,0,93874,1065.2576858342034,49755,1520.3975278866446,524,49951,1856,9087,49755
36,clean-run,10000,true,uniform,READ,432506,4161329,1756494,1745219,460120,50170,150329,0,0,0,489,38901,378743179,485570288,5915906129,10828243505,985257766,158628414,20970890917612,24673689944,3313261144,70794300,0.5,0.5,0,0,0,87369,1144.570728748183,49831,337.04519275150005,196,4647,497,600,49831
36,clean-run,10000,true,uniform,UPDATE,432506,4161329,1756494,1745219,460120,50170,150329,0,0,0,489,38901,378743179,485570288,5915906129,10828243505,985257766,158628414,20970890917612,24673689944,3313261144,70794300,0.5,0.5,0,0,0,87369,1144.570728748183,50169,1393.3119655564194,485,66687,1633,6683,50169
36,avg-run,10000,true,uniform,READ,1268945,9102917,4403065,4340911,770197,100301,268827,0,0,0,489,38902,378743773,485616936,5916210082,10828953760,985285316,158631785,20971923757995,24675104515,3313399770,70794300,0.5,0.5,0,0,0,75721,1320.6376038351316,49895,270.110552159535,55,16303,514,672,49895
36,avg-run,10000,true,uniform,UPDATE,1268945,9102917,4403065,4340911,770197,100301,268827,0,0,0,489,38902,378743773,485616936,5916210082,10828953760,985285316,158631785,20971923757995,24675104515,3313399770,70794300,0.5,0.5,0,0,0,75721,1320.6376038351316,50105,1228.9113860892126,405,118527,1528,2935,50105
37,extend,10000,true,uniform,EXTEND,40705625,211464839,67998903,65490866,9194169,5501886,8884351,0,0,0,489,38905,378748111,485694939,5916639372,10829249615,985478591,158637859,20973426551475,24676519651,3313603643,70794300,0,0,0,0,1,165078,605.7742400562158,100000,1642.59999,451,55007,1932,8231,100000
37,run,10000,true,uniform,READ,42049922,214827896,70070153,67540566,9344406,5551999,9034514,0,0,0,489,38907,378749450,485740713,5916967117,10830253528,985592919,158642451,20974267243013,24677520236,3313751159,70794300,0.5,0.5,0,0,0,91572,1092.0368671646354,49920,379.6847956730769,206,8207,542,642,49920
37,run,10000,true,uniform,UPDATE,42049922,214827896,70070153,67540566,9344406,5551999,9034514,0,0,0,489,38907,378749450,485740713,5916967117,10830253528,985592919,158642451,20974267243013,24677520236,3313751159,70794300,0.5,0.5,0,0,0,91572,1092.0368671646354,50080,1435.9340654952077,539,39103,1571,9031,50080
37,reference,10000,true,uniform,READ,20668168,97977023,36943886,36065501,3142894,1851081,2837864,0,0,0,489,38908,378749654,485786613,5917311808,10831173573,985633287,158649223,20975261439845,24678480328,3313933580,70794300,0.5,0.5,0,0,0,96597,1035.2288373344927,49969,359.05457383577817,191,5759,538,691,49969
37,reference,10000,true,uniform,UPDATE,20668168,97977023,36943886,36065501,3142894,1851081,2837864,0,0,0,489,38908,378749654,485786613,5917311808,10831173573,985633287,158649223,20975261439845,24678480328,3313933580,70794300,0.5,0.5,0,0,0,96597,1035.2288373344927,50031,1558.070736143591,541,53375,1899,9991,50031
37,clean-run,10000,true,uniform,READ,434032,4167332,1760583,1749299,460029,50057,150107,0,0,0,489,38911,378756745,485830880,5917654150,10831863795,985750045,158654408,20976349422083,24679767425,3313983195,70845500,0.5,0.5,0,0,0,85335,1171.8521122634324,49944,346.98254044529875,191,16167,505,603,49944
37,clean-run,10000,true,uniform,UPDATE,434032,4167332,1760583,1749299,460029,50057,150107,0,0,0,489,38911,378756745,485830880,5917654150,10831863795,985750045,158654408,20976349422083,24679767425,3313983195,70845500,0.5,0.5,0,0,0,85335,1171.8521122634324,50056,1345.7831029247243,435,93631,1527,5887,50056
37,avg-run,10000,true,uniform,READ,1322331,9191906,4410693,4348446,770106,100164,268200,0,0,0,489,38912,378756817,485877594,5917943298,10832574335,985778001,158656376,20977261269972,24681049316,3314048478,70845500,0.5,0.5,0,0,0,75818,1318.9480070695613,49919,269.53356437428636,59,17247,508,671,49919
37,avg-run,10000,true,uniform,UPDATE,1322331,9191906,4410693,4348446,770106,100164,268200,0,0,0,489,38912,378756817,485877594,5917943298,10832574335,985778001,158656376,20977261269972,24681049316,3314048478,70845500,0.5,0.5,0,0,0,75818,1318.9480070695613,50081,1232.5683193226973,403,86207,1526,1930,50081
38,extend,10000,true,uniform,EXTEND,42884549,218148071,71124635,68553943,9644356,5652043,9334400,0,0,0,489,38915,378760829,485950784,5918278846,10832875698,985959818,158662421,20978845516845,24682473761,3314282832,70845500,0,0,0,0,1,154300,648.0881399870383,100000,1534.74938,487,29327,1891,6579,100000
38,run,10000,true,uniform,READ,44099591,221451424,73201165,70609804,9793937,5701933,9483975,0,0,0,489,38917,378762302,485998446,5918701412,10833892029,986069482,158664017,20979659319559,24683363419,3314409448,70846085,0.5,0.5,0,0,0,94677,1056.2227362506205,50132,388.21335673821113,234,17535,549,677,50132
38,run,10000,true,uniform,UPDATE,44099591,221451424,73201165,70609804,9793937,5701933,9483975,0,0,0,489,38917,378762302,485998446,5918701412,10833892029,986069482,158664017,20979659319559,24683363419,3314409448,70846085,0.5,0.5,0,0,0,94677,1056.2227362506205,49868,1494.1488128659662,507,47359,1749,10087,49868
38,reference,10000,true,uniform,READ,21744638,100944334,38703715,37807914,3292715,1901048,2985705,0,0,0,489,38918,378762693,486044146,5919018426,10834809827,986155927,158669806,20980711990934,24684358155,3314599490,70846085,0.5,0.5,0,0,0,96704,1034.0833884844474,50055,368.146199180901,183,5811,537,663,50055
38,reference,10000,true,uniform,UPDATE,21744638,100944334,38703715,37807914,3292715,1901048,2985705,0,0,0,489,38918,378762693,486044146,5919018426,10834809827,986155927,158669806,20980711990934,24684358155,3314599490,70846085,0.5,0.5,0,0,0,96704,1034.0833884844474,49945,1553.4636299929923,499,59007,1934,9759,49945
38,clean-run,10000,true,uniform,READ,436061,4167373,1759132,1747846,460294,50120,150326,0,0,0,489,38921,378770468,486088251,5919372120,10835502640,986221768,158671684,20981855508484,24685652608,3314654027,70898081,0.5,0.5,0,0,0,84509,1183.305920079518,49881,352.87460155169305,215,5679,510,612,49881
38,clean-run,10000,true,uniform,UPDATE,436061,4167373,1759132,1747846,460294,50120,150326,0,0,0,489,38921,378770468,486088251,5919372120,10835502640,986221768,158671684,20981855508484,24685652608,3314654027,70898081,0.5,0.5,0,0,0,84509,1183.305920079518,50119,1322.0775155130789,487,116159,1614,5027,50119
38,avg-run,10000,true,uniform,READ,1331523,9203184,4413181,4351112,770371,100069,268245,0,0,0,489,38922,378770540,486135288,5919663546,10836214203,986248519,158672900,20982771376597,24686940475,3314727061,70898081,0.5,0.5,0,0,0,75886,1317.7661228685133,50077,272.50064900053917,61,18655,518,675,50077
38,avg-run,10000,true,uniform,UPDATE,1331523,9203184,4413181,4351112,770371,100069,268245,0,0,0,489,38922,378770540,486135288,5919663546,10836214203,986248519,158672900,20982771376597,24686940475,3314727061,70898081,0.5,0.5,0,0,0,75886,1317.7661228685133,49923,1233.3015443783427,461,87359,1549,2637,49923
39,extend,10000,true,uniform,EXTEND,44908915,224769862,74255822,71624408,10093888,5801977,9783894,0,0,0,489,38925,378776553,486213488,5920024633,10836521884,986429942,158677328,20984402923365,24688345759,3314951673,70898081,0,0,0,0,1,163384,612.0550359888362,100000,1625.48201,491,54207,1931,7107,100000
39,run,10000,true,uniform,READ,46214644,228099005,76336541,73683582,10243159,5851771,9933155,0,0,0,489,38927,378779112,486260416,5920340642,10837554738,986537912,158685283,20985327962819,24689293403,3315106453,70898081,0.5,0.5,0,0,0,91983,1087.1574095213246,50239,386.5733394374888,229,22959,544,643,50239
39,run,10000,true,uniform,UPDATE,46214644,228099005,76336541,73683582,10243159,5851771,9933155,0,0,0,489,38927,378779112,486260416,5920340642,10837554738,986537912,158685283,20985327962819,24689293403,3315106453,70898081,0.5,0.5,0,0,0,91983,1087.1574095213246,49761,1444.3025059785775,552,41727,1563,7979,49761
39,reference,10000,true,uniform,READ,22839001,103927645,40469982,39555980,3442901,1951145,3134699,0,0,0,489,38929,378780435,486309716,5920769675,10838480724,986608639,158699205,20986670051914,24690324141,3315390932,70898081,0.5,0.5,0,0,0,105770,945.4476694714948,49936,385.6318087151554,206,18511,552,688,49936
39,reference,10000,true,uniform,UPDATE,22839001,103927645,40469982,39555980,3442901,1951145,3134699,0,0,0,489,38929,378780435,486309716,5920769675,10838480724,986608639,158699205,20986670051914,24690324141,3315390932,70898081,0.5,0.5,0,0,0,105770,945.4476694714948,50064,1713.5279841802492,522,264191,2281,10647,50064
39,clean-run,10000,true,uniform,READ,556151,4286709,1765350,1753181,459833,49956,149811,0,0,0,489,38932,378787337,486356734,5921234043,10839187430,986695164,158706510,20988190389704,24691959203,3315551288,70951039,0.5,0.5,0,0,0,96407,1037.2690779715165,50052,372.71399744265966,233,7763,535,630,50052
39,clean-run,10000,true,uniform,UPDATE,556151,4286709,1765350,1753181,459833,49956,149811,0,0,0,489,38932,378787337,486356734,5921234043,10839187430,986695164,158706510,20988190389704,24691959203,3315551288,70951039,0.5,0.5,0,0,0,96407,1037.2690779715165,49948,1542.8465604228397,489,110591,1719,11223,49948
39,avg-run,10000,true,uniform,READ,1321560,9176388,4416874,4354722,769897,100039,267904,0,0,0,489,38933,378789544,486402897,5921499280,10839897244,986818736,158708665,20988828771835,24693078415,3315561049,70951039,0.5,0.5,0,0,0,76934,1299.8154262094783,49943,273.47145746150613,51,5131,516,681,49943
39,avg-run,10000,true,uniform,UPDATE,1321560,9176388,4416874,4354722,769897,100039,267904,0,0,0,489,38933,378789544,486402897,5921499280,10839897244,986818736,158708665,20988828771835,24693078415,3315561049,70951039,0.5,0.5,0,0,0,76934,1299.8154262094783,50057,1250.5618195257407,435,64287,1521,5175,50057
40,extend,10000,true,uniform,EXTEND,47060208,231424262,77391065,74698658,10543126,5951804,10233110,0,0,0,489,38936,378795313,486478384,5921839955,10840214655,986953267,158715754,20990463865804,24694518255,3315787405,70951039,0,0,0,0,1,159701,626.1701554780497,100000,1589.12484,596,47007,1922,7791,100000
40,run,10000,true,uniform,READ,48353456,234729594,79461316,76748242,10693425,6001919,10383407,0,0,0,489,38938,378797397,486526410,5922301443,10841319296,987006325,158715877,20991419550021,24695426141,3315944001,70951039,0.5,0.5,0,0,0,94337,1060.0294688192332,49896,398.50438912938915,244,4779,556,666,49896
40,run,10000,true,uniform,UPDATE,48353456,234729594,79461316,76748242,10693425,6001919,10383407,0,0,0,489,38938,378797397,486526410,5922301443,10841319296,987006325,158715877,20991419550021,24695426141,3315944001,70951039,0.5,0.5,0,0,0,94337,1060.0294688192332,50104,1472.5093206131246,614,49055,1655,8975,50104
40,reference,10000,true,uniform,READ,23955073,106906119,42249528,41317421,3592047,2000885,3283139,0,0,0,489,38940,378797893,486570510,5922477554,10842256102,987103405,158722860,20992356133802,24696241446,3316094876,70951039,0.5,0.5,0,0,0,92054,1086.3188997762184,50282,383.3116821128833,197,7207,541,643,50282
40,reference,10000,true,uniform,UPDATE,23955073,106906119,42249528,41317421,3592047,2000885,3283139,0,0,0,489,38940,378797893,486570510,5922477554,10842256102,987103405,158722860,20992356133802,24696241446,3316094876,70951039,0.5,0.5,0,0,0,92054,1086.3188997762184,49718,1449.3119594513053,532,26655,1599,8695,49718
40,clean-run,10000,true,uniform,READ,692297,4478938,1766010,1754052,459771,49932,149743,0,0,0,489,38944,378804826,486620502,5923011055,10843044752,987204284,158730317,20994018887507,24697953683,3316272830,70952119,0.5,0.5,0,0,0,99528,1004.7423840527289,50080,370.3403354632588,236,7827,533,637,50080
40,clean-run,10000,true,uniform,UPDATE,692297,4478938,1766010,1754052,459771,49932,149743,0,0,0,489,38944,378804826,486620502,5923011055,10843044752,987204284,158730317,20994018887507,24697953683,3316272830,70952119,0.5,0.5,0,0,0,99528,1004.7423840527289,49920,1607.9677083333333,491,125055,2015,10959,49920
40,avg-run,10000,true,uniform,READ,1482385,9390158,4412979,4351304,769835,100142,268001,0,0,0,489,38945,378804980,486668623,5923278847,10843773973,987232437,158732604,20994926772187,24699073906,3316317255,70952119,0.5,0.5,0,0,0,78953,1266.5763175560144,49816,292.8482013810824,54,23039,556,702,49816
40,avg-run,10000,true,uniform,UPDATE,1482385,9390158,4412979,4351304,769835,100142,268001,0,0,0,489,38945,378804980,486668623,5923278847,10843773973,987232437,158732604,20994926772187,24699073906,3316317255,70952119,0.5,0.5,0,0,0,78953,1266.5763175560144,50184,1268.4252351347043,426,100031,1583,2447,50184
41,extend,10000,true,uniform,EXTEND,49231737,238097322,80517263,77763461,10993426,6101974,10683396,0,0,0,489,38949,378811536,486751041,5923676741,10844107971,987456801,158739856,20996773847521,24700590074,3316590534,70952119,0,0,0,0,1,175103,571.0924427337053,100000,1742.66723,459,58143,1972,9135,100000
41,run,10000,true,uniform,READ,50607010,241428469,82587227,79812757,11143790,6152123,10833755,0,0,0,489,38950,378812511,486799769,5924148992,10845270676,987508355,158742305,20997687415913,24701518447,3316740289,70954888,0.5,0.5,0,0,0,97091,1029.9615824329753,49873,402.91664828664807,242,8335,560,666,49873
41,run,10000,true,uniform,UPDATE,50607010,241428469,82587227,79812757,11143790,6152123,10833755,0,0,0,489,38950,378812511,486799769,5924148992,10845270676,987508355,158742305,20997687415913,24701518447,3316740289,70954888,0.5,0.5,0,0,0,97091,1029.9615824329753,50127,1521.9227960979113,547,44191,1675,9943,50127
41,reference,10000,true,uniform,READ,25116192,109890364,44025734,43075470,3742006,2050897,3432640,0,0,0,489,38952,378812855,486844069,5924346141,10846240732,987609258,158747713,20998656924760,24702345133,3316894794,70954888,0.5,0.5,0,0,0,92542,1080.5904346134728,50010,393.9254349130174,212,5415,550,655,50010
41,reference,10000,true,uniform,UPDATE,25116192,109890364,44025734,43075470,3742006,2050897,3432640,0,0,0,489,38952,378812855,486844069,5924346141,10846240732,987609258,158747713,20998656924760,24702345133,3316894794,70954888,0.5,0.5,0,0,0,92542,1080.5904346134728,49990,1442.8670334066812,544,33567,1604,7439,49990
41,clean-run,10000,true,uniform,READ,696625,4522474,1760676,1748746,460370,50130,150345,0,0,0,489,38956,378819895,486895803,5924898958,10847039881,987712919,158753489,21000420080499,24704077417,3317092795,70954911,0.5,0.5,0,0,0,102904,971.7795226618985,49882,385.0391523996632,242,4979,546,654,49882
41,clean-run,10000,true,uniform,UPDATE,696625,4522474,1760676,1748746,460370,50130,150345,0,0,0,489,38956,378819895,486895803,5924898958,10847039881,987712919,158753489,21000420080499,24704077417,3317092795,70954911,0.5,0.5,0,0,0,102904,971.7795226618985,50118,1655.7006265214095,502,101247,2089,9471,50118
41,avg-run,10000,true,uniform,READ,1550736,9563157,4406476,4344949,770434,100263,268621,0,0,0,489,38957,378819967,486944623,5925187596,10847837694,987743576,158755351,21001292408330,24705198185,3317132130,70954911,0.5,0.5,0,0,0,79795,1253.211354094868,49893,299.15491151063276,60,7819,553,704,49893
41,avg-run,10000,true,uniform,UPDATE,1550736,9563157,4406476,4344949,770434,100263,268621,0,0,0,489,38957,378819967,486944623,5925187596,10847837694,987743576,158755351,21001292408330,24705198185,3317132130,70954911,0.5,0.5,0,0,0,79795,1253.211354094868,50107,1280.8288263116929,440,72127,1574,2373,50107
42,extend,10000,true,uniform,EXTEND,51529248,244822645,83643219,80827941,11443816,6252178,11133758,0,0,0,489,38961,378828444,487025484,5925599075,10848183458,987952535,158765086,21003310525296,24706713603,3317451328,70954911,0,0,0,0,1,172030,581.2939603557519,100000,1711.98505,471,74943,2028,8623,100000
42,run,10000,true,uniform,READ,53105679,248308682,85720907,82884084,11593489,6302100,11283430,0,0,0,489,38963,378829632,487075468,5926094169,10849372782,988043840,158774201,21004442763708,24707803110,3317663276,70956345,0.5,0.5,0,0,0,100224,997.7650063856961,50111,420.40871265789946,269,22207,583,712,50111
42,run,10000,true,uniform,UPDATE,53105679,248308682,85720907,82884084,11593489,6302100,11283430,0,0,0,489,38963,378829632,487075468,5926094169,10849372782,988043840,158774201,21004442763708,24707803110,3317663276,70956345,0.5,0.5,0,0,0,100224,997.7650063856961,49889,1572.5858405660567,588,52415,1879,10007,49889
42,reference,10000,true,uniform,READ,26317367,112879516,45801852,44833414,3892193,2100985,3582581,0,0,0,489,38965,378830033,487121368,5926297519,10850381826,988128407,158784081,21005352928343,24708450280,3317788149,70956345,0.5,0.5,0,0,0,97348,1027.2424703126926,49934,406.14877638482795,233,16687,565,678,49934
42,reference,10000,true,uniform,UPDATE,26317367,112879516,45801852,44833414,3892193,2100985,3582581,0,0,0,489,38965,378830033,487121368,5926297519,10850381826,988128407,158784081,21005352928343,24708450280,3317788149,70956345,0.5,0.5,0,0,0,97348,1027.2424703126926,50066,1525.7771541565135,511,31711,1701,9807,50066
42,clean-run,10000,true,uniform,READ,582890,4411266,1760634,1748616,460427,50137,150375,0,0,0,489,38969,378835966,487171460,5926784471,10851178212,988213868,158794509,21007098622625,24710087528,3317980519,70956345,0.5,0.5,0,0,0,99287,1007.1812019700465,49875,385.8631779448622,245,35007,548,659,49875
42,clean-run,10000,true,uniform,UPDATE,582890,4411266,1760634,1748616,460427,50137,150375,0,0,0,489,38969,378835966,487171460,5926784471,10851178212,988213868,158794509,21007098622625,24710087528,3317980519,70956345,0.5,0.5,0,0,0,99287,1007.1812019700465,50125,1583.2059052369077,500,201343,1883,10407,50125
42,avg-run,10000,true,uniform,READ,1450243,9473633,4411670,4349804,770490,100101,268560,0,0,0,489,38970,378836059,487219813,5927089702,10851977367,988243025,158796438,21008020874544,24711237033,3318025538,70956345,0.5,0.5,0,0,0,78638,1271.6498385004704,50062,292.2514082537653,79,20399,545,689,50062
42,avg-run,10000,true,uniform,UPDATE,1450243,9473633,4411670,4349804,770490,100101,268560,0,0,0,489,38970,378836059,487219813,5927089702,10851977367,988243025,158796438,21008020874544,24711237033,3318025538,70956345,0.5,0.5,0,0,0,78638,1271.6498385004704,49938,1267.9702831511074,396,117055,1578,3047,49938
43,extend,10000,true,uniform,EXTEND,53862823,251546429,86775894,83899223,11893626,6402144,11583471,0,0,0,489,38974,378842220,487301349,5927516692,10852321685,988444176,158804792,21010088029698,24712771808,3318362722,70956345,0,0,0,0,1,172817,578.6467766481306,100000,1719.60225,499,77311,2008,9511,100000
43,run,10000,true,uniform,READ,55270645,254880835,88851851,85954512,12043393,6452095,11733301,0,0,0,489,38976,378843392,487350832,5927981437,10853512926,988540086,158813677,21011015996311,24713685499,3318507988,70957798,0.5,0.5,0,0,0,99303,1007.0189218855422,50071,419.06013460885544,273,17359,578,702,50071
43,run,10000,true,uniform,UPDATE,55270645,254880835,88851851,85954512,12043393,6452095,11733301,0,0,0,489,38976,378843392,487350832,5927981437,10853512926,988540086,158813677,21011015996311,24713685499,3318507988,70957798,0.5,0.5,0,0,0,99303,1007.0189218855422,49929,1555.1219531735064,622,49215,1778,9767,49929
43,reference,10000,true,uniform,READ,27548474,115873133,47578545,46586722,4042460,2151112,3732685,0,0,0,489,38978,378843726,487397832,5928213610,10854547859,988623625,158822366,21012159102952,24714520269,3318702596,70957798,0.5,0.5,0,0,0,99218,1007.8816343808583,49906,414.4949905822947,231,10695,574,689,49906
43,reference,10000,true,uniform,UPDATE,27548474,115873133,47578545,46586722,4042460,2151112,3732685,0,0,0,489,38978,378843726,487397832,5928213610,10854547859,988623625,158822366,21012159102952,24714520269,3318702596,70957798,0.5,0.5,0,0,0,99218,1007.8816343808583,50094,1554.0793707829282,668,25471,1867,9047,50094
43,clean-run,10000,true,uniform,READ,635600,4374478,1758613,1746456,460686,50205,150612,0,0,0,489,38982,378851399,487449132,5928745352,10855355148,988712318,158839426,21013892411676,24716226346,3318883710,70957798,0.5,0.5,0,0,0,103791,963.4746750681659,49796,393.88971001686883,246,5679,555,665,49796
43,clean-run,10000,true,uniform,UPDATE,635600,4374478,1758613,1746456,460686,50205,150612,0,0,0,489,38982,378851399,487449132,5928745352,10855355148,988712318,158839426,21013892411676,24716226346,3318883710,70957798,0.5,0.5,0,0,0,103791,963.4746750681659,50204,1662.5109154649033,493,314111,1846,11759,50204
43,avg-run,10000,true,uniform,READ,1482373,9321123,4406955,4345220,770750,100382,268783,0,0,0,489,38983,378851497,487497889,5929037106,10856161602,988741273,158841698,21014797511972,24717345967,3318925732,70957798,0.5,0.5,0,0,0,78416,1275.249948990002,49849,302.3558145599711,69,19103,554,696,49849
43,avg-run,10000,true,uniform,UPDATE,1482373,9321123,4406955,4345220,770750,100382,268783,0,0,0,489,38983,378851497,487497889,5929037106,10856161602,988741273,158841698,21014797511972,24717345967,3318925732,70957798,0.5,0.5,0,0,0,78416,1275.249948990002,50151,1249.1487108931028,433,67391,1556,2091,50151
44,extend,10000,true,uniform,EXTEND,56208402,258276474,89907959,86969668,12343927,6552139,12033457,0,0,0,489,38987,378858718,487574699,5929454258,10856508118,988936399,158848329,21016881230799,24718863413,3319260357,70957798,0,0,0,0,1,162507,615.3581076507473,100000,1616.97491,487,95807,1997,8383,100000
44,run,10000,true,uniform,READ,57635144,261607734,91982750,89023791,12494033,6602199,12183713,0,0,0,489,38989,378859837,487624127,5929933683,10857715071,989028986,158857472,21017846616346,24719785400,3319411008,70959662,0.5,0.5,0,0,0,98968,1010.4276129658072,49962,415.1230735358873,265,17119,576,691,49962
44,run,10000,true,uniform,UPDATE,57635144,261607734,91982750,89023791,12494033,6602199,12183713,0,0,0,489,38989,378859837,487624127,5929933683,10857715071,989028986,158857472,21017846616346,24719785400,3319411008,70959662,0.5,0.5,0,0,0,98968,1010.4276129658072,50038,1549.8357248491147,660,53503,1764,8895,50038
44,reference,10000,true,uniform,READ,28793148,118875356,49357631,48347657,4192518,2201156,3882640,0,0,0,489,38991,378860155,487671327,5930157036,10858767954,989116029,158860202,21018992322444,24720620421,3319604796,70959662,0.5,0.5,0,0,0,98512,1015.1047588111093,49978,425.20907199167635,244,7335,585,697,49978
44,reference,10000,true,uniform,UPDATE,28793148,118875356,49357631,48347657,4192518,2201156,3882640,0,0,0,489,38991,378860155,487671327,5930157036,10858767954,989116029,158860202,21018992322444,24720620421,3319604796,70959662,0.5,0.5,0,0,0,98512,1015.1047588111093,50022,1529.821818399904,533,31391,1731,9047,50022
44,clean-run,10000,true,uniform,READ,630181,4354214,1760159,1748002,460839,50179,150641,0,0,0,489,38995,378867887,487721824,5930688901,10859573451,989206063,158878212,21020760250353,24722318023,3319789539,70959662,0.5,0.5,0,0,0,102111,979.3264192888131,49822,395.9170246076031,248,8431,560,669,49822
44,clean-run,10000,true,uniform,UPDATE,630181,4354214,1760159,1748002,460839,50179,150641,0,0,0,489,38995,378867887,487721824,5930688901,10859573451,989206063,158878212,21020760250353,24722318023,3319789539,70959662,0.5,0.5,0,0,0,102111,979.3264192888131,50178,1627.2927378532424,501,443135,1813,11727,50178
44,avg-run,10000,true,uniform,READ,1480494,9302649,4413671,4351950,770903,100154,268926,0,0,0,489,38996,378867952,487769880,5930982503,10860382821,989235716,158880198,21021662817760,24723438339,3319828544,70959662,0.5,0.5,0,0,0,77678,1287.3657921161719,50051,296.7303350582406,58,8007,542,696,50051
44,avg-run,10000,true,uniform,UPDATE,1480494,9302649,4413671,4351950,770903,100154,268926,0,0,0,489,38996,378867952,487769880,5930982503,10860382821,989235716,158880198,21021662817760,24723438339,3319828544,70959662,0.5,0.5,0,0,0,77678,1287.3657921161719,49949,1244.6506436565296,419,68607,1563,2511,49949
45,extend,10000,true,uniform,EXTEND,58584176,265012083,93040130,90040302,12795890,6702243,12484391,0,0,0,489,39000,378873377,487847118,5931414090,10860735432,989426821,158885014,21023811466907,24724968186,3320169165,70959662,0,0,0,0,1,163216,612.6850308793256,100000,1624.53756,569,68735,2011,8423,100000
45,run,10000,true,uniform,READ,60199012,268509096,95128894,92107522,12945150,6752020,12634224,0,0,0,489,39002,378874869,487897328,5931912353,10861960373,989516710,158892485,21024934517484,24726058819,3320364195,70960834,0.5,0.5,0,0,0,98555,1014.6618639338441,50245,433.9181809135237,279,6039,593,714,50245
45,run,10000,true,uniform,UPDATE,60199012,268509096,95128894,92107522,12945150,6752020,12634224,0,0,0,489,39002,378874869,487897328,5931912353,10861960373,989516710,158892485,21024934517484,24726058819,3320364195,70960834,0.5,0.5,0,0,0,98555,1014.6618639338441,49755,1528.2969148829263,783,28383,1761,8551,49755
45,reference,10000,true,uniform,READ,30051361,121877017,51130632,50102502,4343314,2251444,4033362,0,0,0,489,39004,378875156,487945728,5932130957,10863026364,989608355,158896287,21025926545650,24726719917,3320504230,70960834,0.5,0.5,0,0,0,101588,984.3682324684017,49734,436.3368118389834,238,8631,596,716,49734
45,reference,10000,true,uniform,UPDATE,30051361,121877017,51130632,50102502,4343314,2251444,4033362,0,0,0,489,39004,378875156,487945728,5932130957,10863026364,989608355,158896287,21025926545650,24726719917,3320504230,70960834,0.5,0.5,0,0,0,101588,984.3682324684017,50266,1575.5252059045877,558,33087,1770,9951,50266
45,clean-run,10000,true,uniform,READ,585063,4355907,1770898,1758878,460580,49898,149976,0,0,0,489,39008,378880753,487997339,5932627910,10863831576,989706054,158905497,21027765920469,24728357639,3320702378,70960834,0.5,0.5,0,0,0,98808,1012.0638005019837,50114,396.8947000838089,250,16623,555,657,50114
45,clean-run,10000,true,uniform,UPDATE,585063,4355907,1770898,1758878,460580,49898,149976,0,0,0,489,39008,378880753,487997339,5932627910,10863831576,989706054,158905497,21027765920469,24728357639,3320702378,70960834,0.5,0.5,0,0,0,98808,1012.0638005019837,49886,1568.2283005251975,506,235391,1926,8743,49886
45,avg-run,10000,true,uniform,READ,1464515,9342541,4425482,4363609,770644,99841,268033,0,0,0,489,39009,378880818,488045470,5932941111,10864641229,989829549,158906809,21028643485665,24729504660,3320735229,70960834,0.5,0.5,0,0,0,78281,1277.4491894584894,50083,304.49044585987264,51,8311,555,700,50083
45,avg-run,10000,true,uniform,UPDATE,1464515,9342541,4425482,4363609,770644,99841,268033,0,0,0,489,39009,378880818,488045470,5932941111,10864641229,989829549,158906809,21028643485665,24729504660,3320735229,70960834,0.5,0.5,0,0,0,78281,1277.4491894584894,49917,1248.9275196826732,399,111167,1565,3545,49917
46,extend,10000,true,uniform,EXTEND,60979117,271776192,96189971,93128715,13251294,6852064,12936504,0,0,0,489,39013,378886098,488129749,5933371901,10864997172,989935462,158917878,21030819510740,24731059566,3321075041,70960834,0,0,0,0,1,177979,561.864040139567,100000,1771.05358,511,62303,2025,9335,100000
46,run,10000,true,uniform,READ,62597159,275279973,98289842,95207042,13401253,6902076,13088354,0,0,0,489,39016,378889006,488181852,5933872139,10866226774,990066714,158927212,21032014728522,24732151070,3321286485,70961856,0.5,0.5,0,0,0,101502,985.2022620243936,50010,422.4366726654669,265,19183,583,709,50010
46,run,10000,true,uniform,UPDATE,62597159,275279973,98289842,95207042,13401253,6902076,13088354,0,0,0,489,39016,378889006,488181852,5933872139,10866226774,990066714,158927212,21032014728522,24732151070,3321286485,70961856,0.5,0.5,0,0,0,101502,985.2022620243936,49990,1593.1672934586918,528,41151,1860,11015,49990
46,reference,10000,true,uniform,READ,31338302,124880013,52909183,51857372,4493554,2301560,4183575,0,0,0,489,39017,378889204,488228752,5934118898,10867309013,990118294,158929455,21032991148492,24732816660,3321419711,70961856,0.5,0.5,0,0,0,98297,1017.3250455252958,49917,436.48915199230726,254,19023,592,707,49917
46,reference,10000,true,uniform,UPDATE,31338302,124880013,52909183,51857372,4493554,2301560,4183575,0,0,0,489,39017,378889204,488228752,5934118898,10867309013,990118294,158929455,21032991148492,24732816660,3321419711,70961856,0.5,0.5,0,0,0,98297,1017.3250455252958,50083,1513.4274504322825,655,24351,1693,8727,50083
46,clean-run,10000,true,uniform,READ,627816,4363984,1770389,1758231,463553,50224,151737,0,0,0,489,39021,378895678,488280288,5934620383,10868113731,990227527,158948336,21034828210055,24734500322,3321604661,70961856,0.5,0.5,0,0,0,103444,966.7066238737868,49777,406.06635594752595,262,8471,567,681,49777
46,clean-run,10000,true,uniform,UPDATE,627816,4363984,1770389,1758231,463553,50224,151737,0,0,0,489,39021,378895678,488280288,5934620383,10868113731,990227527,158948336,21034828210055,24734500322,3321604661,70961856,0.5,0.5,0,0,0,103444,966.7066238737868,50223,1642.569300917906,500,375807,1841,10663,50223
46,avg-run,10000,true,uniform,READ,1469242,9301271,4421652,4359940,773617,100432,270136,0,0,0,489,39022,378895774,488329136,5934910182,10868923899,990345208,158949930,21035727443747,24735626149,3321638681,70961856,0.5,0.5,0,0,0,78802,1269.0033247887109,49818,307.7160464089285,78,23679,565,709,49818
46,avg-run,10000,true,uniform,UPDATE,1469242,9301271,4421652,4359940,773617,100432,270136,0,0,0,489,39022,378895774,488329136,5934910182,10868923899,990345208,158949930,21035727443747,24735626149,3321638681,70961856,0.5,0.5,0,0,0,78802,1269.0033247887109,50182,1251.0359491451118,429,70783,1566,2257,50182
47,extend,10000,true,uniform,EXTEND,63363237,278560426,99362320,96239817,13720224,7002109,13395846,0,0,0,489,39026,378901737,488407581,5935352607,10869276775,990483179,158959937,21037927489272,24737211508,3321978331,70961856,0,0,0,0,1,164642,607.3784332065937,100000,1638.26108,451,91839,1996,8079,100000
47,run,10000,true,uniform,READ,65001932,282068623,101509276,98365229,13872020,7052365,13552395,0,0,0,489,39029,378902894,488459817,5935860565,10870506637,990572252,158967321,21039113195091,24738330704,3322188544,70967101,0.5,0.5,0,0,0,102086,979.5662480653566,49766,445.58256641080254,276,6183,607,735,49766
47,run,10000,true,uniform,UPDATE,65001932,282068623,101509276,98365229,13872020,7052365,13552395,0,0,0,489,39029,378902894,488459817,5935860565,10870506637,990572252,158967321,21039113195091,24738330704,3322188544,70967101,0.5,0.5,0,0,0,102086,979.5662480653566,50234,1576.7242704144603,530,45407,1827,10287,50234
47,reference,10000,true,uniform,READ,32630748,127882517,54683691,53611067,4645761,2351951,4334855,0,0,0,489,39030,378903263,488508617,5936112509,10871597229,990664407,158973529,21040128937409,24739011665,3322325516,70967101,0.5,0.5,0,0,0,103283,968.2135491804072,49642,442.8858627774868,261,18031,596,724,49642
47,reference,10000,true,uniform,UPDATE,32630748,127882517,54683691,53611067,4645761,2351951,4334855,0,0,0,489,39030,378903263,488508617,5936112509,10871597229,990664407,158973529,21040128937409,24739011665,3322325516,70967101,0.5,0.5,0,0,0,103283,968.2135491804072,50358,1600.4804003336114,550,35359,1802,10231,50358
47,clean-run,10000,true,uniform,READ,634689,4402336,1799871,1787710,471588,50294,154970,0,0,0,489,39034,378909692,488560798,5936622104,10872408368,990731767,158989299,21042050192964,24740725316,3322523911,70967101,0.5,0.5,0,0,0,105177,950.7782119664946,49707,415.8711449091677,280,4367,574,687,49707
47,clean-run,10000,true,uniform,UPDATE,634689,4402336,1799871,1787710,471588,50294,154970,0,0,0,489,39034,378909692,488560798,5936622104,10872408368,990731767,158989299,21042050192964,24740725316,3322523911,70967101,0.5,0.5,0,0,0,105177,950.7782119664946,50293,1665.2404907243554,508,214271,1979,11135,50293
47,avg-run,10000,true,uniform,READ,1466643,9357806,4469791,4408342,781651,100090,272450,0,0,0,489,39036,378909783,488609484,5936903485,10873221122,990834448,158992153,21042901275120,24741846430,3322549058,70967101,0.5,0.5,0,0,0,78819,1268.729621030462,50230,309.5204061317938,43,7827,560,708,50230
47,avg-run,10000,true,uniform,UPDATE,1466643,9357806,4469791,4408342,781651,100090,272450,0,0,0,489,39036,378909783,488609484,5936903485,10873221122,990834448,158992153,21042901275120,24741846430,3322549058,70967101,0.5,0.5,0,0,0,78819,1268.729621030462,49770,1257.523106288929,406,68031,1553,3457,49770
48,extend,10000,true,uniform,EXTEND,65789381,285447931,102619460,99435615,14222422,7152398,13875377,0,0,0,489,39040,378915574,488688956,5937348296,10873586851,990971394,159005395,21045116006103,24743500581,3322886891,70967101,0,0,0,0,1,168508,593.443634723574,100000,1676.68043,439,110399,2005,8407,100000
48,run,10000,true,uniform,READ,67480868,289044191,104959244,101753855,14399959,7202299,14045527,0,0,0,489,39042,378916779,488741173,5937871570,10874865096,991058670,159013083,21046307332435,24744693516,3323097092,70981055,0.5,0.5,0,0,0,100653,993.5123642613732,50121,454.03565371800244,275,5499,613,740,50121
48,run,10000,true,uniform,UPDATE,67480868,289044191,104959244,101753855,14399959,7202299,14045527,0,0,0,489,39042,378916779,488741173,5937871570,10874865096,991058670,159013083,21046307332435,24744693516,3323097092,70981055,0.5,0.5,0,0,0,100653,993.5123642613732,49879,1546.9149541891377,550,56927,1767,8847,49879
48,reference,10000,true,uniform,READ,33960009,130960570,56538743,55444875,4822646,2401765,4490356,0,0,0,489,39044,378917265,488789073,5938147594,10875985512,991148122,159016137,21047380128650,24745426014,3323244485,70981055,0.5,0.5,0,0,0,99871,1001.2916662494619,50219,447.57285091300105,267,21519,607,729,50219
48,reference,10000,true,uniform,UPDATE,33960009,130960570,56538743,55444875,4822646,2401765,4490356,0,0,0,489,39044,378917265,488789073,5938147594,10875985512,991148122,159016137,21047380128650,24745426014,3323244485,70981055,0.5,0.5,0,0,0,99871,1001.2916662494619,49781,1539.9822422209277,771,37919,1744,7935,49781
48,clean-run,10000,true,uniform,READ,728166,4568979,2016233,2004074,532877,50181,174080,0,0,0,489,39048,378923956,488841173,5938678085,10876895130,991222772,159034407,21049371754764,24747281506,3323461749,70981055,0.5,0.5,0,0,0,103414,966.9870617131143,49820,419.13215576073867,280,6451,580,700,49820
48,clean-run,10000,true,uniform,UPDATE,728166,4568979,2016233,2004074,532877,50181,174080,0,0,0,489,39048,378923956,488841173,5938678085,10876895130,991222772,159034407,21049371754764,24747281506,3323461749,70981055,0.5,0.5,0,0,0,103414,966.9870617131143,50180,1631.3009366281387,508,324351,1924,11175,50180
48,avg-run,10000,true,uniform,READ,1596576,9520657,4763945,4702344,842941,100262,291963,0,0,0,489,39050,378925337,488889841,5938971987,10877721230,991311528,159034823,21050279939661,24748406960,3323494969,70981055,0.5,0.5,0,0,0,81084,1233.2889349316758,49945,319.1045149664631,58,6407,580,728,49945
48,avg-run,10000,true,uniform,UPDATE,1596576,9520657,4763945,4702344,842941,100262,291963,0,0,0,489,39050,378925337,488889841,5938971987,10877721230,991311528,159034823,21050279939661,24748406960,3323494969,70981055,0.5,0.5,0,0,0,81084,1233.2889349316758,50055,1288.5062031765058,457,69119,1580,2359,50055
49,extend,10000,true,uniform,EXTEND,68294248,292541642,106174081,102929017,14782369,7302332,14403432,0,0,0,489,39054,378931293,488968779,5939451135,10878109517,991457315,159048242,21052548492777,24750151939,3323846364,70981055,0,0,0,0,1,167181,598.1540964583296,100000,1663.74688,467,77951,2014,8495,100000
49,run,10000,true,uniform,READ,70088753,296222439,108725235,105458627,14982432,7352534,14591715,0,0,0,489,39056,378932223,489021700,5940002511,10879470005,991547512,159054814,21053795873400,24751413502,3324071466,70985470,0.5,0.5,0,0,0,103595,965.2975529707032,49820,461.7860096346849,300,17903,621,754,49820
49,run,10000,true,uniform,UPDATE,70088753,296222439,108725235,105458627,14982432,7352534,14591715,0,0,0,489,39056,378932223,489021700,5940002511,10879470005,991547512,159054814,21053795873400,24751413502,3324071466,70985470,0.5,0.5,0,0,0,103595,965.2975529707032,50180,1592.1294539657233,551,58751,1860,9647,50180
49,reference,10000,true,uniform,READ,35322986,134106859,58533631,57419631,5021633,2451710,4659325,0,0,0,489,39058,378932869,489072900,5940368606,10880636363,991665509,159061582,21054897215147,24752191105,3324219867,70985470,0.5,0.5,0,0,0,108964,917.7342975661686,50088,456.0088045040728,281,9111,616,756,50088
49,reference,10000,true,uniform,UPDATE,35322986,134106859,58533631,57419631,5021633,2451710,4659325,0,0,0,489,39058,378932869,489072900,5940368606,10880636363,991665509,159061582,21054897215147,24752191105,3324219867,70985470,0.5,0.5,0,0,0,108964,917.7342975661686,49912,1710.5915811828818,588,40959,2077,11119,49912
49,clean-run,10000,true,uniform,READ,616624,4566797,2228846,2217573,589806,49957,192043,0,0,0,489,39061,378940062,489121321,5940844159,10881605997,991714267,159063530,21056510355604,24753979704,3324341648,71050710,0.5,0.5,0,0,0,92091,1085.8824423667893,50044,419.1720086324035,281,6255,579,700,50044
49,clean-run,10000,true,uniform,UPDATE,616624,4566797,2228846,2217573,589806,49957,192043,0,0,0,489,39061,378940062,489121321,5940844159,10881605997,991714267,159063530,21056510355604,24753979704,3324341648,71050710,0.5,0.5,0,0,0,92091,1085.8824423667893,49956,1410.225458403395,516,61567,1579,3707,49956
49,avg-run,10000,true,uniform,READ,1782701,9618506,5692100,5630108,999882,99951,349234,0,0,0,489,39063,378942764,489169655,5941198694,10882545909,991779787,159068121,21057549348469,24755533454,3324421451,71050710,0.5,0.5,0,0,0,82353,1214.284846939395,50032,308.80440518068434,62,9047,559,709,50032
49,avg-run,10000,true,uniform,UPDATE,1782701,9618506,5692100,5630108,999882,99951,349234,0,0,0,489,39063,378942764,489169655,5941198694,10882545909,991779787,159068121,21057549348469,24755533454,3324421451,71050710,0.5,0.5,0,0,0,82353,1214.284846939395,49968,1325.369416426513,506,26975,1591,10039,49968
50,extend,10000,true,uniform,EXTEND,70932787,299791238,110031528,106725425,15376515,7452567,14977184,0,0,0,489,39067,378947587,489253740,5941775194,10882945878,991975984,159082612,21059793370698,24757318421,3324777189,71050710,0,0,0,0,1,180622,553.6424134380087,100000,1797.73489,527,71295,2107,10055,100000
50,run,10000,true,uniform,READ,72722135,303341718,112693346,109365698,15577088,7502755,15173581,0,0,0,489,39069,378948784,489304373,5942241304,10884334668,992064597,159086320,21060987337335,24758536983,3324992688,71050710,0.5,0.5,0,0,0,99769,1002.3153484549309,49845,448.0760156485104,276,6643,608,740,49845
50,run,10000,true,uniform,UPDATE,72722135,303341718,112693346,109365698,15577088,7502755,15173581,0,0,0,489,39069,378948784,489304373,5942241304,10884334668,992064597,159086320,21060987337335,24758536983,3324992688,71050710,0.5,0.5,0,0,0,99769,1002.3153484549309,50155,1529.1843883959725,537,57279,1724,8179,50155
50,reference,10000,true,uniform,READ,36919327,137436094,60664609,59530357,5221055,2501617,4840050,0,0,0,489,39072,378949665,489358373,5942723642,10885555631,992165086,159100170,21062628177445,24759779853,3325322544,71050710,0.5,0.5,0,0,0,114534,873.1031833342064,50137,468.94945848375454,290,23679,629,757,50137
50,reference,10000,true,uniform,UPDATE,36919327,137436094,60664609,59530357,5221055,2501617,4840050,0,0,0,489,39072,378949665,489358373,5942723642,10885555631,992165086,159100170,21062628177445,24759779853,3325322544,71050710,0.5,0.5,0,0,0,114534,873.1031833342064,49863,1810.014740388665,639,72447,2321,11255,49863
50,clean-run,10000,true,uniform,READ,873919,4895375,2286676,2274512,603349,49983,197329,0,0,0,489,39075,378954655,489408788,5943265881,10886536966,992243609,159104303,21064151071663,24761648524,3325425435,71117422,0.5,0.5,0,0,0,98088,1019.4927004322649,50029,420.4881168922025,280,6867,577,683,50029
50,clean-run,10000,true,uniform,UPDATE,873919,4895375,2286676,2274512,603349,49983,197329,0,0,0,489,39075,378954655,489408788,5943265881,10886536966,992243609,159104303,21064151071663,24761648524,3325425435,71117422,0.5,0.5,0,0,0,98088,1019.4927004322649,49971,1527.4635088351245,514,63039,1653,6643,49971
50,avg-run,10000,true,uniform,READ,1888278,9789168,5752727,5690910,1013413,100311,355381,0,0,0,489,39077,378955330,489458985,5943601163,10887480798,992314129,159110017,21065126467052,24763011889,3325466351,71117422,0.5,0.5,0,0,0,78942,1266.7528058574649,49698,319.912189625337,54,9367,576,719,49698
50,avg-run,10000,true,uniform,UPDATE,1888278,9789168,5752727,5690910,1013413,100311,355381,0,0,0,489,39077,378955330,489458985,5943601163,10887480798,992314129,159110017,21065126467052,24763011889,3325466351,71117422,0.5,0.5,0,0,0,78942,1266.7528058574649,50302,1239.7658741203134,400,38527,1572,2223,50302
51,extend,10000,true,uniform,EXTEND,73837821,307146034,114032726,110663578,15975078,7602799,15568644,0,0,0,489,39081,378961830,489539876,5944082420,10887896411,992510797,159125539,21067415642598,24764797759,3325825791,71117422,0,0,0,0,1,173124,577.6206649569095,100000,1722.96133,515,53375,2032,9871,100000
51,run,10000,true,uniform,READ,75521985,310647837,116729570,113338877,16175977,7653068,15768136,0,0,0,489,39084,378968874,489590853,5944516394,10889293367,992627628,159134497,21068752078224,24765950891,3326095508,71117422,0.5,0.5,0,0,0,100551,994.5201937325337,49764,459.0577525922354,309,8575,615,740,49764
51,run,10000,true,uniform,UPDATE,75521985,310647837,116729570,113338877,16175977,7653068,15768136,0,0,0,489,39084,378968874,489590853,5944516394,10889293367,992627628,159134497,21068752078224,24765950891,3326095508,71117422,0.5,0.5,0,0,0,100551,994.5201937325337,50236,1532.3746516442393,610,33951,1683,8951,50236
51,reference,10000,true,uniform,READ,38325459,140574919,62869560,61712183,5421080,2551662,5028643,0,0,0,489,39087,378970136,489646853,5945086536,10890514666,992710823,159158459,21070588246790,24767242371,3326496348,71117422,0.5,0.5,0,0,0,120644,828.8849839196313,49988,468.04547091301913,297,21103,630,768,49988
51,reference,10000,true,uniform,UPDATE,38325459,140574919,62869560,61712183,5421080,2551662,5028643,0,0,0,489,39087,378970136,489646853,5945086536,10890514666,992710823,159158459,21070588246790,24767242371,3326496348,71117422,0.5,0.5,0,0,0,120644,828.8849839196313,50012,1929.513696712789,554,234879,4791,11455,50012
51,clean-run,10000,true,uniform,READ,803053,4764966,2306022,2293866,607606,49954,198919,0,0,0,489,39091,378976873,489699523,5945756637,10891527440,992784148,159175879,21072585862547,24769352542,3326762215,71187301,0.5,0.5,0,0,0,109681,911.7349404181216,50047,437.19120027174455,286,22719,600,735,50047
51,clean-run,10000,true,uniform,UPDATE,803053,4764966,2306022,2293866,607606,49954,198919,0,0,0,489,39091,378976873,489699523,5945756637,10891527440,992784148,159175879,21072585862547,24769352542,3326762215,71187301,0.5,0.5,0,0,0,109681,911.7349404181216,49953,1743.2095169459292,519,123263,1910,12487,49953
51,avg-run,10000,true,uniform,READ,1753717,9586259,5785323,5723953,1017670,100072,356367,0,0,0,489,39093,378977882,489746569,5946069544,10892479272,992859670,159176263,21073473594750,24770677771,3326803191,71187301,0.5,0.5,0,0,0,81384,1228.7427504177726,49908,322.16400176324436,66,12295,576,722,49908
51,avg-run,10000,true,uniform,UPDATE,1753717,9586259,5785323,5723953,1017670,100072,356367,0,0,0,489,39093,378977882,489746569,5946069544,10892479272,992859670,159176263,21073473594750,24770677771,3326803191,71187301,0.5,0.5,0,0,0,81384,1228.7427504177726,50092,1290.2040844845485,499,74815,1561,2445,50092
52,extend,10000,true,uniform,EXTEND,76627343,314450739,118079205,114640839,16575299,7753101,16166491,0,0,0,489,39097,378983113,489829524,5946579780,10892895983,993032253,159186980,21075742196168,24772503314,3327149450,71187301,0,0,0,0,1,178684,559.6471984061247,100000,1778.74149,497,36063,2083,11047,100000
52,run,10000,true,uniform,READ,78497429,318145827,120797028,117336240,16775338,7803176,16366137,0,0,0,489,39099,378984057,489883327,5947124999,10894296119,993116735,159198956,21077026324668,24773804185,3327388570,71187301,0.5,0.5,0,0,0,109341,914.5700149074912,49969,487.3163161159919,291,25167,648,790,49969
52,run,10000,true,uniform,UPDATE,78497429,318145827,120797028,117336240,16775338,7803176,16366137,0,0,0,489,39099,378984057,489883327,5947124999,10894296119,993116735,159198956,21077026324668,24773804185,3327388570,71187301,0.5,0.5,0,0,0,109341,914.5700149074912,50031,1684.049969019208,582,40767,1978,12151,50031
52,reference,10000,true,uniform,READ,39790931,143751416,65131267,63955578,5620212,2601486,5220991,0,0,0,489,39101,378984376,489934127,5947423128,10895511950,993204683,159207542,21078058393312,24774568772,3327527793,71187301,0.5,0.5,0,0,0,107409,931.0206779692577,50198,467.38547352484164,297,5299,629,759,50198
52,reference,10000,true,uniform,UPDATE,39790931,143751416,65131267,63955578,5620212,2601486,5220991,0,0,0,489,39101,378984376,489934127,5947423128,10895511950,993204683,159207542,21078058393312,24774568772,3327527793,71187301,0.5,0.5,0,0,0,107409,931.0206779692577,49802,1670.8989197220994,616,37151,1854,11895,49802
52,clean-run,10000,true,uniform,READ,776820,4759790,2303824,2291653,609835,50187,200403,0,0,0,489,39105,378992833,489986170,5947984801,10896496459,993312177,159220303,21079995307036,24776634523,3327752932,71187301,0.5,0.5,0,0,0,103677,964.5340818117808,49821,451.23148872965214,278,8615,612,745,49821
52,clean-run,10000,true,uniform,UPDATE,776820,4759790,2303824,2291653,609835,50187,200403,0,0,0,489,39105,378992833,489986170,5947984801,10896496459,993312177,159220303,21079995307036,24776634523,3327752932,71187301,0.5,0.5,0,0,0,103677,964.5340818117808,50179,1603.7528248869048,513,120511,1739,7951,50179
52,avg-run,10000,true,uniform,READ,1753105,9614953,5790679,5729052,1019899,100116,358087,0,0,0,489,39106,378992883,490035141,5948307003,10897441454,993432632,159222309,21080883128259,24777974138,3327775678,71187301,0.5,0.5,0,0,0,78019,1281.7390635614402,50097,338.7293450705631,64,9271,601,750,50097
52,avg-run,10000,true,uniform,UPDATE,1753105,9614953,5790679,5729052,1019899,100116,358087,0,0,0,489,39106,378992883,490035141,5948307003,10897441454,993432632,159222309,21080883128259,24777974138,3327775678,71187301,0.5,0.5,0,0,0,78019,1281.7390635614402,49903,1209.862994208765,402,33439,1552,2059,49903
53,extend,10000,true,uniform,EXTEND,79336233,321730859,122148405,118643247,17175016,7903198,16765453,0,0,0,489,39111,379000301,490119672,5948922180,10897847152,993565384,159235043,21083181256061,24779770052,3328122335,71187301,0,0,0,0,1,181582,550.7153792776817,100000,1807.45972,450,45983,2087,9175,100000
53,run,10000,true,uniform,READ,81176395,325306745,124864943,121338240,17375573,7953381,16965855,0,0,0,489,39113,379001199,490172655,5949425357,10899221861,993653596,159244092,21084504363200,24781026134,3328381285,71187301,0.5,0.5,0,0,0,106626,937.8575581940615,49850,500.78657973921764,305,7339,660,785,49850
53,run,10000,true,uniform,UPDATE,81176395,325306745,124864943,121338240,17375573,7953381,16965855,0,0,0,489,39113,379001199,490172655,5949425357,10899221861,993653596,159244092,21084504363200,24781026134,3328381285,71187301,0.5,0.5,0,0,0,106626,937.8575581940615,50150,1614.502372881356,559,60255,1788,10247,50150
53,reference,10000,true,uniform,READ,41254195,146916788,67418858,66223535,5819953,2651464,5416487,0,0,0,489,39115,379001722,490224655,5949726346,10900458954,993777017,159250348,21085760995256,24782027439,3328589004,71187301,0.5,0.5,0,0,0,110187,907.5480773593981,50055,489.20317650584354,285,12031,655,791,50055
53,reference,10000,true,uniform,UPDATE,41254195,146916788,67418858,66223535,5819953,2651464,5416487,0,0,0,489,39115,379001722,490224655,5949726346,10900458954,993777017,159250348,21085760995256,24782027439,3328589004,71187301,0.5,0.5,0,0,0,110187,907.5480773593981,49945,1701.1124837321054,596,34911,2117,10847,49945
53,clean-run,10000,true,uniform,READ,795250,4762795,2313792,2301633,609513,49961,199706,0,0,0,489,39119,379008072,490276141,5950376149,10901457421,993837059,159262962,21087851626939,24784178555,3328856250,71187301,0.5,0.5,0,0,0,104085,960.7532305327377,50040,468.65337729816144,294,23807,626,752,50040
53,clean-run,10000,true,uniform,UPDATE,795250,4762795,2313792,2301633,609513,49961,199706,0,0,0,489,39119,379008072,490276141,5950376149,10901457421,993837059,159262962,21087851626939,24784178555,3328856250,71187301,0.5,0.5,0,0,0,104085,960.7532305327377,49960,1599.6122297838272,550,176127,1838,8271,49960
53,avg-run,10000,true,uniform,READ,1796596,9632333,5790833,5729290,1019577,100139,357474,0,0,0,489,39121,379009365,490325530,5950702972,10902408838,993894755,159268127,21088822584004,24785528978,3328900515,71187301,0.5,0.5,0,0,0,78544,1273.1717254023222,49848,334.9754854758466,56,18831,595,742,49848
53,avg-run,10000,true,uniform,UPDATE,1796596,9632333,5790833,5729290,1019577,100139,357474,0,0,0,489,39121,379009365,490325530,5950702972,10902408838,993894755,159268127,21088822584004,24785528978,3328900515,71187301,0.5,0.5,0,0,0,78544,1273.1717254023222,50152,1220.3889775083746,432,41311,1565,2036,50152
54,extend,10000,true,uniform,EXTEND,82282775,329138449,126219905,122652537,17775452,8053425,17365603,0,0,0,489,39125,379014190,490408689,5951243713,10902816403,994073408,159282392,21091133559439,24787308038,3329248616,71187301,0,0,0,0,1,178690,559.6284067379261,100000,1778.83902,476,48991,2089,9503,100000
54,run,10000,true,uniform,READ,84065080,332689003,128944339,125355426,17975362,8103435,17565438,0,0,0,489,39128,379018557,490462821,5951729701,10904201275,994189739,159292225,21092561749499,24788524746,3329551021,71187301,0.5,0.5,0,0,0,109420,913.9097057210747,50023,498.0018591447934,301,8567,659,807,50023
54,run,10000,true,uniform,UPDATE,84065080,332689003,128944339,125355426,17975362,8103435,17565438,0,0,0,489,39128,379018557,490462821,5951729701,10904201275,994189739,159292225,21092561749499,24788524746,3329551021,71187301,0.5,0.5,0,0,0,109420,913.9097057210747,49977,1676.261800428197,569,38495,1999,11583,49977
54,reference,10000,true,uniform,READ,42940145,150284300,69721629,68504694,6020150,2701558,5614098,0,0,0,489,39130,379018951,490515721,5952145832,10905433443,994261562,159305907,21093956094494,24789721891,3329812238,71187301,0.5,0.5,0,0,0,112917,885.6062417527919,49950,498.0844644644645,307,12967,660,800,49950
54,reference,10000,true,uniform,UPDATE,42940145,150284300,69721629,68504694,6020150,2701558,5614098,0,0,0,489,39130,379018951,490515721,5952145832,10905433443,994261562,159305907,21093956094494,24789721891,3329812238,71187301,0.5,0.5,0,0,0,112917,885.6062417527919,50050,1744.0694505494505,586,113535,2391,10783,50050
54,clean-run,10000,true,uniform,READ,611299,4593790,2312209,2300931,609907,50002,199946,0,0,0,489,39134,379025163,490569417,5952734142,10906404071,994374170,159311158,21095741861288,24791562819,3329966749,71258403,0.5,0.5,0,0,0,105452,948.2987520388423,49999,470.1440028800576,314,18207,629,762,49999
54,clean-run,10000,true,uniform,UPDATE,611299,4593790,2312209,2300931,609907,50002,199946,0,0,0,489,39134,379025163,490569417,5952734142,10906404071,994374170,159311158,21095741861288,24791562819,3329966749,71258403,0.5,0.5,0,0,0,105452,948.2987520388423,50001,1625.559628807424,543,134271,1807,9743,50001
54,avg-run,10000,true,uniform,READ,1662765,9545085,5796290,5734873,1019984,100108,357330,0,0,0,489,39136,379025527,490616644,5953052275,10907324676,994464014,159312746,21096752800836,24793044810,3330029622,71258403,0.5,0.5,0,0,0,77184,1295.6053067993366,49920,326.8464342948718,66,9655,570,721,49920
54,avg-run,10000,true,uniform,UPDATE,1662765,9545085,5796290,5734873,1019984,100108,357330,0,0,0,489,39136,379025527,490616644,5953052275,10907324676,994464014,159312746,21096752800836,24793044810,3330029622,71258403,0.5,0.5,0,0,0,77184,1295.6053067993366,50080,1202.0006589456868,404,68479,1510,2024,50080
55,extend,10000,true,uniform,EXTEND,85187782,336522053,130299789,126669777,18375309,8203479,17965327,0,0,0,489,39140,379030866,490699125,5953562574,10907738398,994604234,159326952,21099161635074,24794835737,3330396482,71258403,0,0,0,0,1,175833,568.7214572918622,100000,1750.35834,531,51231,2073,8959,100000
55,run,10000,true,uniform,READ,86927597,340049098,133026170,129374613,18575047,8253453,18165062,0,0,0,489,39142,379031804,490751089,5954024861,10909138329,994685930,159335068,21100439997263,24796026839,3330612503,71258403,0.5,0.5,0,0,0,103359,967.5016205652145,50059,491.6524501088715,322,18863,651,783,50059
55,run,10000,true,uniform,UPDATE,86927597,340049098,133026170,129374613,18575047,8253453,18165062,0,0,0,489,39142,379031804,490751089,5954024861,10909138329,994685930,159335068,21100439997263,24796026839,3330612503,71258403,0.5,0.5,0,0,0,103359,967.5016205652145,49941,1561.7997036503073,702,36063,1716,9135,49941
55,reference,10000,true,uniform,READ,44589426,153639057,72041518,70803225,6219382,2751394,5811818,0,0,0,489,39145,379032696,490806289,5954499979,10910376656,994794150,159346593,21102011317150,24797246632,3330916175,71258403,0.5,0.5,0,0,0,117160,853.5336292249915,50186,513.9303989160323,322,11191,678,806,50186
55,reference,10000,true,uniform,UPDATE,44589426,153639057,72041518,70803225,6219382,2751394,5811818,0,0,0,489,39145,379032696,490806289,5954499979,10910376656,994794150,159346593,21102011317150,24797246632,3330916175,71258403,0.5,0.5,0,0,0,117160,853.5336292249915,49814,1819.6035451880998,555,42655,2795,11151,49814
55,clean-run,10000,true,uniform,READ,644854,4599608,2307892,2296604,610464,50130,200486,0,0,0,489,39148,379040524,490856650,5954992719,10911383483,994905913,159356839,21103542074553,24798872353,3330975674,71327364,0.5,0.5,0,0,0,101705,983.2358291136129,49871,473.97788293798,321,20623,631,755,49871
55,clean-run,10000,true,uniform,UPDATE,644854,4599608,2307892,2296604,610464,50130,200486,0,0,0,489,39148,379040524,490856650,5954992719,10911383483,994905913,159356839,21103542074553,24798872353,3330975674,71327364,0.5,0.5,0,0,0,101705,983.2358291136129,50129,1543.1524865846118,531,75775,1615,7999,50129
55,avg-run,10000,true,uniform,READ,1805267,9592320,5783420,5721842,1020540,100383,358169,0,0,0,489,39150,379041108,490906244,5955327233,10912347085,994926654,159360154,21104626467293,24800438281,3331040537,71327364,0.5,0.5,0,0,0,77253,1294.4481120474286,49773,332.0208345890342,67,9191,590,735,49773
55,avg-run,10000,true,uniform,UPDATE,1805267,9592320,5783420,5721842,1020540,100383,358169,0,0,0,489,39150,379041108,490906244,5955327233,10912347085,994926654,159360154,21104626467293,24800438281,3331040537,71327364,0.5,0.5,0,0,0,77253,1294.4481120474286,50227,1195.7532801083082,395,41727,1531,2063,50227
56,extend,10000,true,uniform,EXTEND,88059312,343873030,134381689,130687203,18974980,8353497,18564976,0,0,0,489,39155,379047989,490987007,5955810653,10912763287,995144716,159370727,21107134920559,24802241137,3331421868,71327364,0,0,0,0,1,171543,582.9442180677731,100000,1707.78639,429,39551,2063,8239,100000
56,run,10000,true,uniform,READ,89940311,347566298,137114907,133398876,19173950,8403268,18763965,0,0,0,489,39157,379048917,491040774,5956373719,10914181244,995228113,159377719,21108506569539,24803538033,3331672659,71328668,0.5,0.5,0,0,0,106890,935.5412105903265,50251,504.2343435951523,321,10327,669,817,50251
56,run,10000,true,uniform,UPDATE,89940311,347566298,137114907,133398876,19173950,8403268,18763965,0,0,0,489,39157,379048917,491040774,5956373719,10914181244,995228113,159377719,21108506569539,24803538033,3331672659,71328668,0.5,0.5,0,0,0,106890,935.5412105903265,49749,1624.4081288066093,658,49951,1999,9287,49749
56,reference,10000,true,uniform,READ,45807687,156608476,74364218,73107695,6419106,2801350,6010566,0,0,0,489,39160,379049755,491093774,5956729430,10915406574,995348627,159391759,21109554428818,24804325441,3331792228,71328668,0.5,0.5,0,0,0,113551,880.6615529585824,50066,516.5646147085847,336,6527,679,826,50066
56,reference,10000,true,uniform,UPDATE,45807687,156608476,74364218,73107695,6419106,2801350,6010566,0,0,0,489,39160,379049755,491093774,5956729430,10915406574,995348627,159391759,21109554428818,24804325441,3331792228,71328668,0.5,0.5,0,0,0,113551,880.6615529585824,49934,1740.9157487884006,716,319487,1961,12143,49934
56,clean-run,10000,true,uniform,READ,816444,4771198,2313554,2301395,609997,50004,199991,0,0,0,489,39164,379057032,491147443,5957288331,10916432014,995418309,159403001,21111702158180,24806470632,3332057447,71328668,0.5,0.5,0,0,0,106272,940.9816320385426,49997,471.5456927415645,320,20527,628,742,49997
56,clean-run,10000,true,uniform,UPDATE,816444,4771198,2313554,2301395,609997,50004,199991,0,0,0,489,39164,379057032,491147443,5957288331,10916432014,995418309,159403001,21111702158180,24806470632,3332057447,71328668,0.5,0.5,0,0,0,106272,940.9816320385426,50003,1639.286642801432,536,145023,1761,7659,50003
56,avg-run,10000,true,uniform,READ,1780627,9619102,5797736,5736214,1020061,99975,357183,0,0,0,489,39166,379057666,491195727,5957592631,10917396004,995479294,159403690,21112691604721,24807800906,3332103608,71328668,0.5,0.5,0,0,0,81128,1232.6200571935706,50055,341.64562980721206,67,10063,602,757,50055
56,avg-run,10000,true,uniform,UPDATE,1780627,9619102,5797736,5736214,1020061,99975,357183,0,0,0,489,39166,379057666,491195727,5957592631,10917396004,995479294,159403690,21112691604721,24807800906,3332103608,71328668,0.5,0.5,0,0,0,81128,1232.6200571935706,49945,1268.3135849434377,405,66943,1544,2139,49945
57,extend,10000,true,uniform,EXTEND,90794011,351185146,138469435,134713894,19573914,8503301,19163917,0,0,0,489,39171,379066467,491280568,5958212302,10917804801,995667585,159423078,21115113574567,24809580269,3332452234,71328668,0,0,0,0,1,185298,539.6712322852918,100000,1844.4183,524,88831,2107,10215,100000
57,run,10000,true,uniform,READ,92903922,355004143,141191188,137413226,19774276,8553429,19364260,0,0,0,489,39173,379067349,491333816,5958735512,10919198008,995752458,159426561,21116786649617,24811062621,3332826861,71328668,0.5,0.5,0,0,0,107851,927.2051255899343,49905,514.8445646728785,323,9791,675,818,49905
57,run,10000,true,uniform,UPDATE,92903922,355004143,141191188,137413226,19774276,8553429,19364260,0,0,0,489,39173,379067349,491333816,5958735512,10919198008,995752458,159426561,21116786649617,24811062621,3332826861,71328668,0.5,0.5,0,0,0,107851,927.2051255899343,50095,1625.6782912466315,593,52383,1903,10271,50095
57,reference,10000,true,uniform,READ,47313017,159771806,76695999,75420129,6618400,2851206,6209258,0,0,0,489,39175,379067870,491386116,5959036140,10920443018,995874470,159431949,21117924126450,24811850275,3332974297,71328668,0.5,0.5,0,0,0,109822,910.5643677951595,50177,521.0801761763357,325,16271,682,831,50177
57,reference,10000,true,uniform,UPDATE,47313017,159771806,76695999,75420129,6618400,2851206,6209258,0,0,0,489,39175,379067870,491386116,5959036140,10920443018,995874470,159431949,21117924126450,24811850275,3332974297,71328668,0.5,0.5,0,0,0,109822,910.5643677951595,49823,1664.9781225538406,579,35839,1927,10559,49823
57,clean-run,10000,true,uniform,READ,703119,4707858,2319735,2307578,609328,49833,199309,0,0,0,489,39179,379074609,491440763,5959637068,10921360116,995932106,159444354,21120026583568,24813989511,3333229195,71328701,0.5,0.5,0,0,0,111012,900.8035167369294,50168,470.91795566895235,306,7027,630,754,50168
57,clean-run,10000,true,uniform,UPDATE,703119,4707858,2319735,2307578,609328,49833,199309,0,0,0,489,39179,379074609,491440763,5959637068,10921360116,995932106,159444354,21120026583568,24813989511,3333229195,71328701,0.5,0.5,0,0,0,111012,900.8035167369294,49832,1739.677155241612,564,500479,1913,10527,49832
57,avg-run,10000,true,uniform,READ,1598101,9533653,5804193,5742862,1019392,99903,356777,0,0,0,489,39181,379075049,491490522,5959940463,10922254498,995999218,159448509,21121107106619,24815319546,3333268511,71328701,0.5,0.5,0,0,0,78251,1277.938940077443,49956,341.1387821282729,82,19503,594,756,49956
57,avg-run,10000,true,uniform,UPDATE,1598101,9533653,5804193,5742862,1019392,99903,356777,0,0,0,489,39181,379075049,491490522,5959940463,10922254498,995999218,159448509,21121107106619,24815319546,3333268511,71328701,0.5,0.5,0,0,0,78251,1277.938940077443,50044,1210.0310127088162,444,57759,1563,2185,50044
58,extend,10000,true,uniform,EXTEND,93784091,358642462,142545789,138728206,20174271,8653462,19764233,0,0,0,489,39186,379083062,491575424,5960536511,10922666217,996218762,159460900,21123471144988,24817077618,3333608042,71328701,0,0,0,0,1,181515,550.9186568603146,100000,1806.46688,486,169087,2127,8871,100000
58,run,10000,true,uniform,READ,95915432,362454925,145268477,141428473,20374553,8703570,19964536,0,0,0,489,39188,379084082,491629172,5961077308,10924067572,996300138,159469993,21125085419466,24818566717,3333967041,71328701,0.5,0.5,0,0,0,109674,911.7931323741269,49925,511.577486229344,349,6263,675,811,49925
58,run,10000,true,uniform,UPDATE,95915432,362454925,145268477,141428473,20374553,8703570,19964536,0,0,0,489,39188,379084082,491629172,5961077308,10924067572,996300138,159469993,21125085419466,24818566717,3333967041,71328701,0.5,0.5,0,0,0,109674,911.7931323741269,50075,1665.497753369945,572,51519,1873,11439,50075
58,reference,10000,true,uniform,READ,48860193,162959093,79028898,77733155,6817958,2901131,6408468,0,0,0,489,39191,379084895,491682772,5961402182,10925335040,996419539,159483879,21126256386163,24819362639,3334123780,71328701,0.5,0.5,0,0,0,113698,879.5229467536808,50108,537.4963478885608,352,22767,693,842,50108
58,reference,10000,true,uniform,UPDATE,48860193,162959093,79028898,77733155,6817958,2901131,6408468,0,0,0,489,39191,379084895,491682772,5961402182,10925335040,996419539,159483879,21126256386163,24819362639,3334123780,71328701,0.5,0.5,0,0,0,113698,879.5229467536808,49892,1723.9095446163712,643,33119,2057,10959,49892
58,clean-run,10000,true,uniform,READ,630589,4563432,2326079,2313916,608641,49660,198616,0,0,0,489,39195,379090991,491733520,5961949305,10926188327,996494616,159494865,21128181668986,24821440357,3334340934,71328701,0.5,0.5,0,0,0,100186,998.1434531770906,50341,443.4499711964403,281,20159,599,718,50341
58,clean-run,10000,true,uniform,UPDATE,630589,4563432,2326079,2313916,608641,49660,198616,0,0,0,489,39195,379090991,491733520,5961949305,10926188327,996494616,159494865,21128181668986,24821440357,3334340934,71328701,0.5,0.5,0,0,0,100186,998.1434531770906,49659,1554.4723413681306,517,682495,1676,6939,49659
58,avg-run,10000,true,uniform,READ,1535408,9365483,5805636,5744129,1018705,99845,356068,0,0,0,489,39197,379091519,491784543,5962269915,10927058403,996587854,159497379,21129167901061,24822780691,3334365006,71328701,0.5,0.5,0,0,0,78762,1269.647799700363,49841,344.07744627916776,78,7323,597,745,49841
58,avg-run,10000,true,uniform,UPDATE,1535408,9365483,5805636,5744129,1018705,99845,356068,0,0,0,489,39197,379091519,491784543,5962269915,10927058403,996587854,159497379,21129167901061,24822780691,3334365006,71328701,0.5,0.5,0,0,0,78762,1269.647799700363,50159,1215.4885065491737,391,38943,1556,2113,50159
59,extend,10000,true,uniform,EXTEND,96812984,366106760,146623148,142743501,20774620,8803603,20364543,0,0,0,489,39201,379097922,491870428,5962873726,10927474916,996738796,159510056,21131511309230,24824545304,3334693060,71328701,0,0,0,0,1,184118,543.1299492716628,100000,1832.55772,506,72639,2109,9447,100000
59,run,10000,true,uniform,READ,98975193,369943664,149353655,145451588,20974074,8853501,20564012,0,0,0,489,39204,379101950,491924657,5963407918,10928910193,996853098,159523948,21133295287289,24826014135,3335099889,71328701,0.5,0.5,0,0,0,110642,903.8159107752933,50135,510.0075795352548,341,23199,674,806,50135
59,run,10000,true,uniform,UPDATE,98975193,369943664,149353655,145451588,20974074,8853501,20564012,0,0,0,489,39204,379101950,491924657,5963407918,10928910193,996853098,159523948,21133295287289,24826014135,3335099889,71328701,0.5,0.5,0,0,0,110642,903.8159107752933,49865,1690.991557204452,643,39007,2012,11415,49865
59,reference,10000,true,uniform,READ,50418884,166149136,81357105,80041685,7018112,2951203,6608407,0,0,0,489,39207,379102657,491978857,5963772026,10930199296,996965506,159534523,21134497106673,24826818370,3335258007,71328701,0.5,0.5,0,0,0,115186,868.1610612400813,49961,524.0445947839314,342,15807,692,856,49961
59,reference,10000,true,uniform,UPDATE,50418884,166149136,81357105,80041685,7018112,2951203,6608407,0,0,0,489,39207,379102657,491978857,5963772026,10930199296,996965506,159534523,21134497106673,24826818370,3335258007,71328701,0.5,0.5,0,0,0,115186,868.1610612400813,50039,1763.8047722776234,671,51903,2034,11727,50039
59,clean-run,10000,true,uniform,READ,625257,4547117,2311306,2299141,610330,50074,200284,0,0,0,489,39211,379109633,492030670,5964286884,10931047426,997041266,159548951,21136405912020,24828899215,3335461702,71328701,0.5,0.5,0,0,0,105408,948.6945962355799,49927,445.8743765898211,314,5371,606,735,49927
59,clean-run,10000,true,uniform,UPDATE,625257,4547117,2311306,2299141,610330,50074,200284,0,0,0,489,39211,379109633,492030670,5964286884,10931047426,997041266,159548951,21136405912020,24828899215,3335461702,71328701,0.5,0.5,0,0,0,105408,948.6945962355799,50073,1646.4761647993928,555,146431,1669,11663,50073
59,avg-run,10000,true,uniform,READ,1500445,9345457,5790535,5729160,1020394,100258,357900,0,0,0,489,39212,379109684,492081803,5964589332,10931915028,997155718,159551136,21137412385766,24830230856,3335486525,71328701,0.5,0.5,0,0,0,78993,1265.9349562619473,49842,347.047209181012,64,21343,596,748,49842
59,avg-run,10000,true,uniform,UPDATE,1500445,9345457,5790535,5729160,1020394,100258,357900,0,0,0,489,39212,379109684,492081803,5964589332,10931915028,997155718,159551136,21137412385766,24830230856,3335486525,71328701,0.5,0.5,0,0,0,78993,1265.9349562619473,50158,1216.4633159216876,441,34687,1531,1980,50158
60,extend,10000,true,uniform,EXTEND,99871286,373590438,150708565,146766889,21374382,8953534,20964115,0,0,0,489,39217,379117014,492168495,5965190047,10932330855,997284417,159565904,21139750759361,24831988387,3335810444,71328701,0,0,0,0,1,185576,538.8627839806871,100000,1847.28922,553,97919,2139,9695,100000
60,run,10000,true,uniform,READ,102011130,377427404,153433460,149469364,21574592,9003619,21164421,0,0,0,489,39220,379118425,492224528,5965718753,10933743099,997412160,159579127,21141298623572,24833463875,3336128043,71328701,0.5,0.5,0,0,0,112589,888.1862348897316,49948,504.06196444302077,342,10623,666,803,49948
60,run,10000,true,uniform,UPDATE,102011130,377427404,153433460,149469364,21574592,9003619,21164421,0,0,0,489,39220,379118425,492224528,5965718753,10933743099,997412160,159579127,21141298623572,24833463875,3336128043,71328701,0.5,0.5,0,0,0,112589,888.1862348897316,50052,1731.668085191401,642,29599,2245,11847,50052
60,reference,10000,true,uniform,READ,51986323,169337393,83686078,82351245,7218266,3001279,6808429,0,0,0,489,39222,379119006,492278228,5966100977,10935045421,997493916,159585241,21142532807817,24834279266,3336295742,71328701,0.5,0.5,0,0,0,113343,882.2776880795461,49957,532.7938226875112,321,21055,699,845,49957
60,reference,10000,true,uniform,UPDATE,51986323,169337393,83686078,82351245,7218266,3001279,6808429,0,0,0,489,39222,379119006,492278228,5966100977,10935045421,997493916,159585241,21142532807817,24834279266,3336295742,71328701,0.5,0.5,0,0,0,113343,882.2776880795461,50043,1717.5964870211617,682,50303,2073,10215,50043
60,clean-run,10000,true,uniform,READ,480598,4410112,2323578,2312294,608986,49716,198910,0,0,0,489,39226,379126180,492330219,5966603553,10935892557,997589591,159599105,21144450209639,24836173688,3336470512,71328701,0.5,0.5,0,0,0,99785,1002.1546324597886,50285,457.7911902157701,323,21455,615,742,50285
60,clean-run,10000,true,uniform,UPDATE,480598,4410112,2323578,2312294,608986,49716,198910,0,0,0,489,39226,379126180,492330219,5966603553,10935892557,997589591,159599105,21144450209639,24836173688,3336470512,71328701,0.5,0.5,0,0,0,99785,1002.1546324597886,49715,1529.3189580609474,524,128063,1560,4511,49715
60,avg-run,10000,true,uniform,READ,1550067,9378399,5818683,5757065,1019063,99449,355842,0,0,0,489,39227,379126234,492382504,5966937241,10936764578,997698660,159601375,21145493619211,24837696993,3336534582,71328701,0.5,0.5,0,0,0,79311,1260.8591494244179,50293,354.1277116099656,74,9119,612,754,50293
60,avg-run,10000,true,uniform,UPDATE,1550067,9378399,5818683,5757065,1019063,99449,355842,0,0,0,489,39227,379126234,492382504,5966937241,10936764578,997698660,159601375,21145493619211,24837696993,3336534582,71328701,0.5,0.5,0,0,0,79311,1260.8591494244179,49707,1223.4190757840947,392,35199,1544,2055,49707
61,extend,10000,true,uniform,EXTEND,102929221,381065873,154790020,150785513,21975585,9103663,21564748,0,0,0,489,39232,379133658,492466825,5967476909,10937165674,997830633,159609224,21148088635284,24839599542,3336952235,71328701,0,0,0,0,1,180061,555.3673477321574,100000,1792.39211,523,70399,2127,9143,100000
61,run,10000,true,uniform,READ,104856192,384824518,157513120,153486196,22176291,9153877,21765787,0,0,0,489,39234,379135023,492522500,5968042007,10938556017,997951793,159623524,21149355772803,24840894108,3337173014,71331264,0.5,0.5,0,0,0,111548,896.475060063829,49819,515.049960858307,340,24367,676,813,49819
61,run,10000,true,uniform,UPDATE,104856192,384824518,157513120,153486196,22176291,9153877,21765787,0,0,0,489,39234,379135023,492522500,5968042007,10938556017,997951793,159623524,21149355772803,24840894108,3337173014,71331264,0.5,0.5,0,0,0,111548,896.475060063829,50181,1696.647575775692,623,58431,2145,10527,50181
61,reference,10000,true,uniform,READ,53577917,172529013,86024598,84670443,7417420,3051106,7007522,0,0,0,489,39237,379135727,492575800,5968418281,10939877665,998031233,159629802,21150621419373,24841703696,3337344351,71331264,0.5,0.5,0,0,0,113340,882.3010411152285,50206,521.5407321834044,339,7419,685,814,50206
61,reference,10000,true,uniform,UPDATE,53577917,172529013,86024598,84670443,7417420,3051106,7007522,0,0,0,489,39237,379135727,492575800,5968418281,10939877665,998031233,159629802,21150621419373,24841703696,3337344351,71331264,0.5,0.5,0,0,0,113340,882.3010411152285,49794,1735.6839378238342,596,36223,2089,10767,49794
61,clean-run,10000,true,uniform,READ,622824,4549722,2306829,2294671,611500,50252,201183,0,0,0,489,39241,379142862,492628288,5968939469,10940720281,998114761,159647202,21152644025356,24843784267,3337558448,71331264,0.5,0.5,0,0,0,102935,971.4868606402099,49749,459.8338459064504,329,21855,617,748,49749
61,clean-run,10000,true,uniform,UPDATE,622824,4549722,2306829,2294671,611500,50252,201183,0,0,0,489,39241,379142862,492628288,5968939469,10940720281,998114761,159647202,21152644025356,24843784267,3337558448,71331264,0.5,0.5,0,0,0,102935,971.4868606402099,50251,1578.5343973254264,560,459263,1594,8959,50251
61,avg-run,10000,true,uniform,READ,1508823,9353998,5790415,5729053,1021564,100277,358559,0,0,0,489,39243,379143519,492679471,5969245960,10941590592,998187687,159648934,21153716237766,24845119569,3337605860,71331264,0.5,0.5,0,0,0,79987,1250.2031580131772,50001,363.0064998700026,76,22927,624,763,50001
61,avg-run,10000,true,uniform,UPDATE,1508823,9353998,5790415,5729053,1021564,100277,358559,0,0,0,489,39243,379143519,492679471,5969245960,10941590592,998187687,159648934,21153716237766,24845119569,3337605860,71331264,0.5,0.5,0,0,0,79987,1250.2031580131772,49999,1223.097481949639,391,67903,1584,1972,49999
62,extend,10000,true,uniform,EXTEND,105780154,388454959,158870826,154799500,22579781,9253910,22167090,0,0,0,489,39247,379149891,492761384,5969765911,10941983390,998376540,159672156,21156276681637,24847029885,3338019474,71331264,0,0,0,0,1,179172,558.1229209921192,100000,1783.50695,519,222847,2103,10487,100000
62,run,10000,true,uniform,READ,107475255,391982265,161608251,157515385,22779911,9303976,22368271,0,0,0,489,39250,379150837,492817046,5970234564,10943357436,998473433,159676676,21157542102702,24848191939,3338232183,71331264,0.5,0.5,0,0,0,109895,909.9595068019473,49967,519.0597194148138,339,21391,677,804,49967
62,run,10000,true,uniform,UPDATE,107475255,391982265,161608251,157515385,22779911,9303976,22368271,0,0,0,489,39250,379150837,492817046,5970234564,10943357436,998473433,159676676,21157542102702,24848191939,3338232183,71331264,0.5,0.5,0,0,0,109895,909.9595068019473,50033,1663.3743729138769,634,38879,1888,11111,50033
62,reference,10000,true,uniform,READ,55427111,175924700,88366554,86992059,7616356,3100886,7206397,0,0,0,489,39253,379151617,492874546,5970812972,10944691207,998570334,159695502,21159421227191,24849522339,3338640604,71331264,0.5,0.5,0,0,0,126944,787.7489286614571,50264,527.2919385643801,328,11383,696,840,50264
62,reference,10000,true,uniform,UPDATE,55427111,175924700,88366554,86992059,7616356,3100886,7206397,0,0,0,489,39253,379151617,492874546,5970812972,10944691207,998570334,159695502,21159421227191,24849522339,3338640604,71331264,0.5,0.5,0,0,0,126944,787.7489286614571,49736,2004.587803603024,580,132351,3495,15303,49736
62,clean-run,10000,true,uniform,READ,630958,4559290,2321114,2308949,611600,49993,200606,0,0,0,489,39256,379157967,492924916,5971268157,10945535626,998622060,159699370,21161009694010,24851328083,3338706841,71404979,0.5,0.5,0,0,0,99607,1003.9455058379431,50008,461.3366461366181,328,23839,619,733,50008
62,clean-run,10000,true,uniform,UPDATE,630958,4559290,2321114,2308949,611600,49993,200606,0,0,0,489,39256,379157967,492924916,5971268157,10945535626,998622060,159699370,21161009694010,24851328083,3338706841,71404979,0.5,0.5,0,0,0,99607,1003.9455058379431,49992,1517.1431429028644,553,80511,1577,8415,49992
62,avg-run,10000,true,uniform,READ,1557576,9377935,5795710,5734108,1021663,100337,358377,0,0,0,489,39258,379159537,492977770,5971592705,10946407723,998708037,159702448,21162105085106,24852679872,3338737150,71404979,0.5,0.5,0,0,0,83660,1195.3143676786995,49682,363.29672718489593,74,7723,618,763,49682
62,avg-run,10000,true,uniform,UPDATE,1557576,9377935,5795710,5734108,1021663,100337,358377,0,0,0,489,39258,379159537,492977770,5971592705,10946407723,998708037,159702448,21162105085106,24852679872,3338737150,71404979,0.5,0.5,0,0,0,83660,1195.3143676786995,50318,1290.971163400771,544,44255,1604,6487,50318
63,extend,10000,true,uniform,EXTEND,108680471,395917213,162974534,158835931,23191204,9404031,22772609,0,0,0,489,39263,379166111,493067080,5972081232,10946825065,998944347,159709356,21164659317882,24854498401,3339090702,71404979,0,0,0,0,1,190768,524.1969303027762,100000,1899.47323,547,62207,2165,9495,100000
63,run,10000,true,uniform,READ,110483432,399477720,165736297,161576154,23392098,9454290,22976817,0,0,0,489,39266,379167595,493124009,5972600343,10948263171,999057816,159722921,21166091072892,24855700615,3339318107,71404979,0.5,0.5,0,0,0,113885,878.0787636651007,49774,533.9180294933097,343,22399,698,835,49774
63,run,10000,true,uniform,UPDATE,110483432,399477720,165736297,161576154,23392098,9454290,22976817,0,0,0,489,39266,379167595,493124009,5972600343,10948263171,999057816,159722921,21166091072892,24855700615,3339318107,71404979,0.5,0.5,0,0,0,113885,878.0787636651007,50226,1723.4977302592283,673,41247,2127,9951,50226
63,reference,10000,true,uniform,READ,57037562,179121629,90708882,89314327,7815266,3150647,7405270,0,0,0,489,39269,379168353,493181109,5973129546,10949611393,999145582,159743774,21168015432233,24857009844,3339701430,71404979,0.5,0.5,0,0,0,124093,805.8472274826139,50272,533.1521323997454,344,22527,701,840,50272
63,reference,10000,true,uniform,UPDATE,57037562,179121629,90708882,89314327,7815266,3150647,7405270,0,0,0,489,39269,379168353,493181109,5973129546,10949611393,999145582,159743774,21168015432233,24857009844,3339701430,71404979,0.5,0.5,0,0,0,124093,805.8472274826139,49728,1940.9338601994853,594,259711,2541,13463,49728
63,clean-run,10000,true,uniform,READ,646624,4577098,2333880,2321725,615573,50077,202374,0,0,0,489,39272,379173691,493233267,5973586459,10950477353,999251570,159755088,21169655046181,24858829822,3339768440,71484614,0.5,0.5,0,0,0,102190,978.5693316371465,49924,466.43494111048796,319,21999,627,756,49924
63,clean-run,10000,true,uniform,UPDATE,646624,4577098,2333880,2321725,615573,50077,202374,0,0,0,489,39272,379173691,493233267,5973586459,10950477353,999251570,159755088,21169655046181,24858829822,3339768440,71484614,0.5,0.5,0,0,0,102190,978.5693316371465,50076,1561.3914849428868,558,97727,1579,11255,50076
63,avg-run,10000,true,uniform,READ,1548292,9373572,5816305,5755035,1025637,100295,359682,0,0,0,489,39274,379174119,493285445,5973909096,10951349062,999354914,159757874,21170741060598,24860165963,3339795676,71484614,0.5,0.5,0,0,0,80417,1243.5181615827498,49808,366.2946916158047,81,10359,627,770,49808
63,avg-run,10000,true,uniform,UPDATE,1548292,9373572,5816305,5755035,1025637,100295,359682,0,0,0,489,39274,379174119,493285445,5973909096,10951349062,999354914,159757874,21170741060598,24860165963,3339795676,71484614,0.5,0.5,0,0,0,80417,1243.5181615827498,50192,1225.1172298374242,413,37055,1553,2051,50192
64,extend,10000,true,uniform,EXTEND,111651143,403436525,167124970,162923058,23824849,9554334,23390638,0,0,0,489,39280,379183691,493372860,5974474240,10951792209,999501025,159773715,21173428913900,24862024934,3340164581,71484614,0,0,0,0,1,186310,536.7398421984864,100000,1854.38256,490,41503,2187,9679,100000
64,run,10000,true,uniform,READ,113594664,407042952,170004172,165780720,24033278,9604241,23601409,0,0,0,489,39282,379184763,493430761,5975021823,10953292519,999615994,159783609,21175048704538,24863328569,3340459497,71484614,0.5,0.5,0,0,0,117273,852.7111952452824,50126,548.5449666839564,336,18815,714,860,50126
64,run,10000,true,uniform,UPDATE,113594664,407042952,170004172,165780720,24033278,9604241,23601409,0,0,0,489,39282,379184763,493430761,5975021823,10953292519,999615994,159783609,21175048704538,24863328569,3340459497,71484614,0.5,0.5,0,0,0,117273,852.7111952452824,49874,1784.8600072181898,592,187391,2143,13447,49874
64,reference,10000,true,uniform,READ,58647758,182349215,93059886,91641656,8024391,3200742,7607358,0,0,0,489,39285,379186222,493487061,5975479216,10954651789,999717944,159787350,21176818226056,24864626146,3340799008,71484614,0.5,0.5,0,0,0,117990,847.5294516484448,49938,536.0049261083744,336,23055,700,857,49938
64,reference,10000,true,uniform,UPDATE,58647758,182349215,93059886,91641656,8024391,3200742,7607358,0,0,0,489,39285,379186222,493487061,5975479216,10954651789,999717944,159787350,21176818226056,24864626146,3340799008,71484614,0.5,0.5,0,0,0,117990,847.5294516484448,50062,1807.3231792577205,722,41471,2421,10591,50062
64,clean-run,10000,true,uniform,READ,575027,4562377,2424790,2413513,640980,50078,210794,0,0,0,489,39289,379193385,493542905,5976106153,10955603469,999778797,159796396,21178849650334,24866754493,3340983764,71565203,0.5,0.5,0,0,0,109000,917.4311926605504,49923,491.7905173967911,305,22511,656,785,49923
64,clean-run,10000,true,uniform,UPDATE,575027,4562377,2424790,2413513,640980,50078,210794,0,0,0,489,39289,379193385,493542905,5976106153,10955603469,999778797,159796396,21178849650334,24866754493,3340983764,71565203,0.5,0.5,0,0,0,109000,917.4311926605504,50077,1672.0672963636,538,104703,2115,11759,50077
64,avg-run,10000,true,uniform,READ,1616083,9521603,5956132,5894919,1051057,100008,367642,0,0,0,489,39291,379195343,493594633,5976404332,10956496815,999843017,159799826,21180007736431,24868081301,3341018214,71565203,0.5,0.5,0,0,0,82148,1217.3150898378535,50096,370.0152507186202,64,12487,624,769,50096
64,avg-run,10000,true,uniform,UPDATE,1616083,9521603,5956132,5894919,1051057,100008,367642,0,0,0,489,39291,379195343,493594633,5976404332,10956496815,999843017,159799826,21180007736431,24868081301,3341018214,71565203,0.5,0.5,0,0,0,82148,1217.3150898378535,49904,1260.5596545367105,515,42559,1578,2041,49904
65,extend,10000,true,uniform,EXTEND,114831243,411151890,171460611,167195405,24503774,9704296,24040273,0,0,0,489,39297,379203205,493685820,5977028972,10956947358,1000094665,159814506,21182891502584,24870246339,3341497339,71565203,0,0,0,0,1,196639,508.5461175046659,100000,1957.8859,534,83071,2219,11631,100000
65,run,10000,true,uniform,READ,116976115,415058538,174571225,170283603,24749142,9754445,24271555,0,0,0,489,39299,379203985,493744264,5977646206,10958533003,1000182229,159823027,21184388900987,24871708346,3341781534,71571742,0.5,0.5,0,0,0,116863,855.7028315206695,49884,584.0039090690402,373,21711,747,887,49884
65,run,10000,true,uniform,UPDATE,116976115,415058538,174571225,170283603,24749142,9754445,24271555,0,0,0,489,39299,379203985,493744264,5977646206,10958533003,1000182229,159823027,21184388900987,24871708346,3341781534,71571742,0.5,0.5,0,0,0,116863,855.7028315206695,50116,1735.2726275041903,676,56191,2027,11383,50116
65,reference,10000,true,uniform,READ,60518793,185868574,95531681,94093680,8268695,3250640,7819230,0,0,0,489,39302,379204712,493800464,5978039195,10959943853,1000290533,159835993,21185993102736,24872799763,3342024099,71571742,0.5,0.5,0,0,0,120641,828.9055959416783,50124,555.1844425823956,342,7659,722,865,50124
65,reference,10000,true,uniform,UPDATE,60518793,185868574,95531681,94093680,8268695,3250640,7819230,0,0,0,489,39302,379204712,493800464,5978039195,10959943853,1000290533,159835993,21185993102736,24872799763,3342024099,71571742,0.5,0.5,0,0,0,120641,828.9055959416783,49876,1846.325647606063,634,307199,2227,12335,49876
65,clean-run,10000,true,uniform,READ,866439,5208999,2723831,2710790,721237,49749,235128,0,0,0,489,39306,379212658,493858054,5978529585,10961049490,1000384739,159852861,21187875334485,24874892564,3342120238,71655274,0.5,0.5,0,0,0,112014,892.7455496634349,50270,537.0504674756315,354,21087,694,821,50270
65,clean-run,10000,true,uniform,UPDATE,866439,5208999,2723831,2710790,721237,49749,235128,0,0,0,489,39306,379212658,493858054,5978529585,10961049490,1000384739,159852861,21187875334485,24874892564,3342120238,71655274,0.5,0.5,0,0,0,112014,892.7455496634349,49730,1694.950492660366,561,127679,1719,13855,49730
65,avg-run,10000,true,uniform,READ,1786635,11156203,6989404,6928562,1231299,99764,431725,0,0,0,489,39308,379212774,493912111,5978857490,10961979572,1000441846,159853736,21189140771799,24876474290,3342164264,71655274,0.5,0.5,0,0,0,83006,1204.7321880345999,50000,416.33948,81,10871,626,760,50000
65,avg-run,10000,true,uniform,UPDATE,1786635,11156203,6989404,6928562,1231299,99764,431725,0,0,0,489,39308,379212774,493912111,5978857490,10961979572,1000441846,159853736,21189140771799,24876474290,3342164264,71655274,0.5,0.5,0,0,0,83006,1204.7321880345999,50000,1229.80242,429,84543,1365,2189,50000
66,extend,10000,true,uniform,EXTEND,117990990,419036382,176144322,171814018,25238877,9854478,24746990,0,0,0,489,39314,379221237,494004813,5979614646,10962449296,1000687295,159874892,21191880333848,24878640423,3342584282,71655274,0,0,0,0,1,202107,494.78741458732253,100000,2012.74938,512,219903,2339,12447,100000
66,run,10000,true,uniform,READ,120469297,423089418,179429315,175075718,25488141,9904396,24989242,0,0,0,489,39316,379222056,494062434,5980201567,10964105063,1000806024,159886059,21193680459184,24880315774,3342994052,71655274,0.5,0.5,0,0,0,117185,853.3515381661475,50126,591.4172485336951,402,22015,753,897,50126
66,run,10000,true,uniform,UPDATE,120469297,423089418,179429315,175075718,25488141,9904396,24989242,0,0,0,489,39316,379222056,494062434,5980201567,10964105063,1000806024,159886059,21193680459184,24880315774,3342994052,71655274,0.5,0.5,0,0,0,117185,853.3515381661475,49874,1739.7419697638047,594,43487,2145,11927,49874
66,reference,10000,true,uniform,READ,61941193,189041403,98148514,96691380,8518789,3300692,8045693,0,0,0,489,39320,379222908,494119834,5980682608,10965544247,1000907396,159891569,21194984983714,24881248763,3343149668,71655274,0.5,0.5,0,0,0,120159,832.2306277515626,49959,584.2596529153906,358,18543,745,899,49959
66,reference,10000,true,uniform,UPDATE,61941193,189041403,98148514,96691380,8518789,3300692,8045693,0,0,0,489,39320,379222908,494119834,5980682608,10965544247,1000907396,159891569,21194984983714,24881248763,3343149668,71655274,0.5,0.5,0,0,0,120159,832.2306277515626,50041,1803.173957354969,631,46879,2317,10263,50041
66,clean-run,10000,true,uniform,READ,867048,5412731,2811790,2799635,749200,50081,246002,0,0,0,489,39324,379231639,494176646,5981198473,10966659184,1000977222,159904423,21197283809621,24883722776,3343396398,71740343,0.5,0.5,0,0,0,109597,912.433734500032,49920,538.8586338141025,380,50015,696,826,49920
66,clean-run,10000,true,uniform,UPDATE,867048,5412731,2811790,2799635,749200,50081,246002,0,0,0,489,39324,379231639,494176646,5981198473,10966659184,1000977222,159904423,21197283809621,24883722776,3343396398,71740343,0.5,0.5,0,0,0,109597,912.433734500032,50080,1637.2722444089457,575,101375,1754,10495,50080
66,avg-run,10000,true,uniform,READ,1902665,11287812,7119361,7058068,1259264,100023,441961,0,0,0,489,39326,379231762,494232081,5981556861,10967698147,1001030327,159908581,21198570332467,24885312051,3343441425,71740343,0.5,0.5,0,0,0,84811,1179.092334720732,50084,436.1916779809919,43,23503,641,770,50084
66,avg-run,10000,true,uniform,UPDATE,1902665,11287812,7119361,7058068,1259264,100023,441961,0,0,0,489,39326,379231762,494232081,5981556861,10967698147,1001030327,159908581,21198570332467,24885312051,3343441425,71740343,0.5,0.5,0,0,0,84811,1179.092334720732,49916,1247.2445107781073,633,57791,1383,2111,49916
67,extend,10000,true,uniform,EXTEND,121515062,427108067,181055807,176658268,25984579,10004429,25480718,0,0,0,489,39332,379241568,494326236,5982355050,10968181442,1001269334,159928782,21201444847468,24887540717,3343927323,71740343,0,0,0,0,1,204105,489.94390142328706,100000,2032.79132,489,57663,2319,12847,100000
67,run,10000,true,uniform,READ,124017247,431189535,184405194,179984362,26233821,10054335,25727615,0,0,0,489,39335,379242475,494383831,5982951557,10969858324,1001384606,159937672,21203225833896,24889230026,3344318541,71740343,0.5,0.5,0,0,0,114194,875.7027514580451,50138,592.2992341138458,399,10231,750,880,50138
67,run,10000,true,uniform,UPDATE,124017247,431189535,184405194,179984362,26233821,10054335,25727615,0,0,0,489,39335,379242475,494383831,5982951557,10969858324,1001384606,159937672,21203225833896,24889230026,3344318541,71740343,0.5,0.5,0,0,0,114194,875.7027514580451,49862,1679.4135614295456,653,43423,2034,8999,49862
67,reference,10000,true,uniform,READ,63661935,192385928,100878769,99401608,8767845,3350549,8280214,0,0,0,489,39338,379243179,494441731,5983404603,10971314304,1001492925,159944429,21204589718597,24890154201,3344500537,71740343,0.5,0.5,0,0,0,122751,814.6573144006974,50176,589.974589445153,350,9551,751,893,50176
67,reference,10000,true,uniform,UPDATE,63661935,192385928,100878769,99401608,8767845,3350549,8280214,0,0,0,489,39338,379243179,494441731,5983404603,10971314304,1001492925,159944429,21204589718597,24890154201,3344500537,71740343,0.5,0.5,0,0,0,122751,814.6573144006974,49824,1854.9017341040462,678,101887,2279,11247,49824
67,clean-run,10000,true,uniform,READ,906080,5430453,2844363,2832202,756378,50055,248781,0,0,0,489,39342,379250813,494499560,5983946307,10972468455,1001568344,159960344,21206945909829,24892640958,3344753093,71820474,0.5,0.5,0,0,0,110455,905.3460685346973,49946,545.3427501701838,385,25023,707,846,49946
67,clean-run,10000,true,uniform,UPDATE,906080,5430453,2844363,2832202,756378,50055,248781,0,0,0,489,39342,379250813,494499560,5983946307,10972468455,1001568344,159960344,21206945909829,24892640958,3344753093,71820474,0.5,0.5,0,0,0,110455,905.3460685346973,50054,1647.8481040476286,585,108607,1758,10871,50054
67,avg-run,10000,true,uniform,READ,2008687,11242882,7159657,7098318,1266442,100007,445170,0,0,0,489,39344,379252539,494554925,5984324950,10973572257,1001702379,159964987,21208240783360,24894231533,3344797675,71820474,0.5,0.5,0,0,0,84956,1177.0799001836244,50074,419.17442185565363,75,8199,615,732,50074
67,avg-run,10000,true,uniform,UPDATE,2008687,11242882,7159657,7098318,1266442,100007,445170,0,0,0,489,39344,379252539,494554925,5984324950,10973572257,1001702379,159964987,21208240783360,24894231533,3344797675,71820474,0.5,0.5,0,0,0,84956,1177.0799001836244,49926,1268.3602531746985,668,60287,1385,2321,49926
68,extend,10000,true,uniform,EXTEND,125061170,435227119,186050116,181585186,26732531,10154368,26224652,0,0,0,489,39350,379261568,494649868,5985133687,10974057238,1001851207,159980912,21211143836003,24896460044,3345276844,71820474,0,0,0,0,1,203011,492.58414568668695,100000,2021.59844,521,269311,2289,11407,100000
68,run,10000,true,uniform,READ,127320716,439045438,189423987,184936641,26981284,10204173,26472633,0,0,0,489,39353,379265086,494705817,5985625854,10975721723,1001970439,159991170,21212935871369,24897980015,3345670920,71820474,0.5,0.5,0,0,0,111675,895.4555630176852,50228,587.8884884924743,409,5175,738,865,50228
68,run,10000,true,uniform,UPDATE,127320716,439045438,189423987,184936641,26981284,10204173,26472633,0,0,0,489,39353,379265086,494705817,5985625854,10975721723,1001970439,159991170,21212935871369,24897980015,3345670920,71820474,0.5,0.5,0,0,0,111675,895.4555630176852,49772,1635.1504259422968,647,31231,1810,8751,49772
68,reference,10000,true,uniform,READ,65716103,195975148,103666297,102167323,9017740,3400590,8521341,0,0,0,489,39357,379265869,494769017,5986271411,10977220703,1002086156,160011064,21215055313276,24899542977,3346146875,71820474,0.5,0.5,0,0,0,137215,728.7832962868491,50003,599.0932144071355,392,16959,765,925,50003
68,reference,10000,true,uniform,UPDATE,65716103,195975148,103666297,102167323,9017740,3400590,8521341,0,0,0,489,39357,379265869,494769017,5986271411,10977220703,1002086156,160011064,21215055313276,24899542977,3346146875,71820474,0.5,0.5,0,0,0,137215,728.7832962868491,49997,2129.834450067004,639,326399,5315,14263,49997
68,clean-run,10000,true,uniform,READ,931968,5418247,2851054,2838008,759409,50186,250331,0,0,0,489,39361,379272053,494828137,5986807811,10978395660,1002166418,160024862,21217099649958,24901739715,3346267862,71904279,0.5,0.5,0,0,0,114886,870.4280765280365,49826,547.6806887970137,368,25135,705,834,49826
68,clean-run,10000,true,uniform,UPDATE,931968,5418247,2851054,2838008,759409,50186,250331,0,0,0,489,39361,379272053,494828137,5986807811,10978395660,1002166418,160024862,21217099649958,24901739715,3346267862,71904279,0.5,0.5,0,0,0,114886,870.4280765280365,50174,1731.0107426156974,582,120895,1888,12439,50174
68,avg-run,10000,true,uniform,READ,2074543,11191507,7171536,7110442,1269471,100030,446583,0,0,0,489,39364,379273706,494884130,5987214338,10979541651,1002288112,160031899,21218440048071,24903330260,3346318448,71904279,0.5,0.5,0,0,0,85981,1163.047650062223,50171,427.8720774949672,72,11287,631,768,50171
68,avg-run,10000,true,uniform,UPDATE,2074543,11191507,7171536,7110442,1269471,100030,446583,0,0,0,489,39364,379273706,494884130,5987214338,10979541651,1002288112,160031899,21218440048071,24903330260,3346318448,71904279,0.5,0.5,0,0,0,85981,1163.047650062223,49829,1280.7019807742479,419,70527,1414,2375,49829
69,extend,10000,true,uniform,EXTEND,128706558,443362772,191077388,186545993,27480737,10304228,26971564,0,0,0,489,39369,379280516,494978954,5987846833,10980027063,1002443052,160061177,21221447203515,24905599252,3346819282,71904279,0,0,0,0,1,203453,491.5140106068724,100000,2025.84241,525,199295,2263,11831,100000
69,run,10000,true,uniform,READ,130753341,447066686,194450677,189897748,27730249,10354185,27220841,0,0,0,489,39372,379281569,495036237,5988414276,10981694402,1002561067,160071402,21222917708172,24906960470,3347063370,71904279,0.5,0.5,0,0,0,114570,872.8288382648162,50076,592.9351186196981,395,20863,748,880,50076
69,run,10000,true,uniform,UPDATE,130753341,447066686,194450677,189897748,27730249,10354185,27220841,0,0,0,489,39372,379281569,495036237,5988414276,10981694402,1002561067,160071402,21222917708172,24906960470,3347063370,71904279,0.5,0.5,0,0,0,114570,872.8288382648162,49924,1685.150248377534,620,35231,1951,8799,49924
69,reference,10000,true,uniform,READ,67527856,199346328,106497723,104977230,9266745,3450444,8765003,0,0,0,489,39376,379282825,495097937,5989046509,10983218498,1002666715,160093569,21225115677117,24908527935,3347554059,71904279,0.5,0.5,0,0,0,133853,747.0882236483307,50179,562.0209848741505,354,24271,730,873,50179
69,reference,10000,true,uniform,UPDATE,67527856,199346328,106497723,104977230,9266745,3450444,8765003,0,0,0,489,39376,379282825,495097937,5989046509,10983218498,1002666715,160093569,21225115677117,24908527935,3347554059,71904279,0.5,0.5,0,0,0,133853,747.0882236483307,49821,2105.4725115914976,644,218495,5199,13391,49821
69,clean-run,10000,true,uniform,READ,953936,5399306,2867788,2855630,758562,49848,248961,0,0,0,489,39380,379289053,495157140,5989593031,10984415402,1002739202,160107308,21227211314374,24910724411,3347678127,71990805,0.5,0.5,0,0,0,114105,876.3857850225669,50153,554.4006938767371,381,24575,710,838,50153
69,clean-run,10000,true,uniform,UPDATE,953936,5399306,2867788,2855630,758562,49848,248961,0,0,0,489,39380,379289053,495157140,5989593031,10984415402,1002739202,160107308,21227211314374,24910724411,3347678127,71990805,0.5,0.5,0,0,0,114105,876.3857850225669,49847,1716.8029971713443,588,94143,1832,11423,49847
69,avg-run,10000,true,uniform,READ,2124212,11139221,7187242,7126172,1268626,99827,445805,0,0,0,489,39383,379293110,495214828,5990004345,10985586739,1002855277,160111512,21228594378633,24912316403,3347734015,71990805,0.5,0.5,0,0,0,87371,1144.5445285048816,50047,431.28029652127003,82,11591,639,795,50047
69,avg-run,10000,true,uniform,UPDATE,2124212,11139221,7187242,7126172,1268626,99827,445805,0,0,0,489,39383,379293110,495214828,5990004345,10985586739,1002855277,160111512,21228594378633,24912316403,3347734015,71990805,0.5,0.5,0,0,0,87371,1144.5445285048816,49953,1302.8819690509079,398,74239,1448,6771,49953
70,extend,10000,true,uniform,EXTEND,132121046,451373303,196105897,191510389,28229920,10454240,27720304,0,0,0,489,39388,379300219,495307255,5990662997,10986075680,1003046321,160141896,21231649784701,24914588679,3348223876,71990830,0,0,0,0,1,202576,493.6418924255588,100000,2017.14888,509,359935,2293,11647,100000
70,run,10000,true,uniform,READ,134203190,455096119,199482837,194865795,28479298,10504167,27969563,0,0,0,489,39391,379300997,495366871,5991257398,10987745394,1003130709,160145383,21233230844500,24915993526,3348507566,71990830,0.5,0.5,0,0,0,119838,834.4598541364174,50106,579.4773081068136,400,22943,737,873,50106
70,run,10000,true,uniform,UPDATE,134203190,455096119,199482837,194865795,28479298,10504167,27969563,0,0,0,489,39391,379300997,495366871,5991257398,10987745394,1003130709,160145383,21233230844500,24915993526,3348507566,71990830,0.5,0.5,0,0,0,119838,834.4598541364174,49894,1804.7789513769192,836,38751,2145,12439,49894
70,reference,10000,true,uniform,READ,69354220,202707535,109351309,107809912,9515888,3500328,9010917,0,0,0,489,39395,379301743,495428371,5991845372,10989271791,1003237319,160177473,21235374467095,24917531773,3348970812,71990830,0.5,0.5,0,0,0,132754,753.2729710592524,50149,602.6509202576323,408,11543,767,912,50149
70,reference,10000,true,uniform,UPDATE,69354220,202707535,109351309,107809912,9515888,3500328,9010917,0,0,0,489,39395,379301743,495428371,5991845372,10989271791,1003237319,160177473,21235374467095,24917531773,3348970812,71990830,0.5,0.5,0,0,0,132754,753.2729710592524,49851,2041.6460652745182,621,291327,2779,14527,49851
70,clean-run,10000,true,uniform,READ,973204,5377580,2872445,2860267,758483,49775,248713,0,0,0,489,39399,379308401,495488329,5992401579,10990486992,1003323903,160192395,21237514743878,24919734600,3349098141,72079381,0.5,0.5,0,0,0,113820,878.5802143735723,50226,557.7674511209334,395,8155,713,836,50226
70,clean-run,10000,true,uniform,UPDATE,973204,5377580,2872445,2860267,758483,49775,248713,0,0,0,489,39399,379308401,495488329,5992401579,10990486992,1003323903,160192395,21237514743878,24919734600,3349098141,72079381,0.5,0.5,0,0,0,113820,878.5802143735723,49774,1709.4839474424398,570,136447,1859,11175,49774
70,avg-run,10000,true,uniform,READ,2151200,11112474,7195516,7134592,1268547,99678,444597,0,0,0,489,39402,379310439,495546503,5992815273,10991664914,1003433064,160195239,21238954379211,24921333674,3349165055,72079381,0.5,0.5,0,0,0,86261,1159.2724406162693,50123,438.46036749595993,86,11375,642,772,50123
70,avg-run,10000,true,uniform,UPDATE,2151200,11112474,7195516,7134592,1268547,99678,444597,0,0,0,489,39402,379310439,495546503,5992815273,10991664914,1003433064,160195239,21238954379211,24921333674,3349165055,72079381,0.5,0.5,0,0,0,86261,1159.2724406162693,49877,1274.7810413617499,388,61023,1538,4191,49877
71,extend,10000,true,uniform,EXTEND,135551216,459395530,201138677,196479665,28979114,10604211,28469296,0,0,0,489,39408,379319265,495640000,5993506018,10992158613,1003632090,160218039,21242011574079,24923579580,3349638254,72079530,0,0,0,0,1,202756,493.2036536526663,100000,2018.89888,551,74879,2303,11607,100000
71,run,10000,true,uniform,READ,137701442,463136640,204532567,199852022,29226770,10653786,28716910,0,0,0,489,39411,379320188,495698615,5994123288,10993841251,1003744050,160231523,21243665151103,24925015093,3349939361,72079530,0.5,0.5,0,0,0,119829,834.5225279356416,50458,581.2312616433469,406,8471,747,904,50458
71,run,10000,true,uniform,UPDATE,137701442,463136640,204532567,199852022,29226770,10653786,28716910,0,0,0,489,39411,379320188,495698615,5994123288,10993841251,1003744050,160231523,21243665151103,24925015093,3349939361,72079530,0.5,0.5,0,0,0,119829,834.5225279356416,49542,1811.443986920189,639,49631,2155,12335,49542
71,reference,10000,true,uniform,READ,71184216,206066342,112213964,110651962,9765548,3550311,9258593,0,0,0,489,39414,379320924,495759415,5994647425,10995368848,1003824404,160246029,21245774152752,24926519197,3350381905,72079530,0.5,0.5,0,0,0,129957,769.485291288657,50050,619.6841358641359,411,25503,782,941,50050
71,reference,10000,true,uniform,UPDATE,71184216,206066342,112213964,110651962,9765548,3550311,9258593,0,0,0,489,39414,379320924,495759415,5994647425,10995368848,1003824404,160246029,21245774152752,24926519197,3350381905,72079530,0.5,0.5,0,0,0,129957,769.485291288657,49950,1965.1021221221222,655,213759,2725,12311,49950
71,clean-run,10000,true,uniform,READ,948040,5382356,2877910,2864879,758273,49706,248372,0,0,0,489,39419,379327898,495824919,5995407703,10996567175,1003936294,160278322,21248401958498,24929034893,3350682185,72173189,0.5,0.5,0,0,0,128511,778.1435052252336,50306,566.7576034667833,405,8911,726,874,50306
71,clean-run,10000,true,uniform,UPDATE,948040,5382356,2877910,2864879,758273,49706,248372,0,0,0,489,39419,379327898,495824919,5995407703,10996567175,1003936294,160278322,21248401958498,24929034893,3350682185,72173189,0.5,0.5,0,0,0,128511,778.1435052252336,49694,1997.5146697790478,538,201855,3211,14087,49694
71,avg-run,10000,true,uniform,READ,2281692,11217988,7199194,7136797,1268397,99616,444691,0,0,0,489,39422,379331872,495882429,5995871505,10997774379,1004042662,160283977,21249913734752,24930740750,3350777240,72173189,0.5,0.5,0,0,0,89778,1113.8586290627993,50116,439.99377444329156,103,13543,652,789,50116
71,avg-run,10000,true,uniform,UPDATE,2281692,11217988,7199194,7136797,1268397,99616,444691,0,0,0,489,39422,379331872,495882429,5995871505,10997774379,1004042662,160283977,21249913734752,24930740750,3350777240,72173189,0.5,0.5,0,0,0,89778,1113.8586290627993,49884,1343.5688798011386,494,87359,1452,3633,49884
72,extend,10000,true,uniform,EXTEND,139059752,467455711,206189845,201466817,29726667,10753841,29216741,0,0,0,489,39428,379340862,495974277,5996515797,10998253927,1004236294,160300784,21253019029284,24932985696,3351275282,72173189,0,0,0,0,1,198511,503.7504218909783,100000,1976.92351,508,105023,2279,11151,100000
72,run,10000,true,uniform,READ,141058270,471143660,209564936,204820376,29976511,10803834,29466541,0,0,0,489,39430,379341472,496031002,5997039434,10999901191,1004318482,160306918,21254482082836,24934336484,3351515577,72174952,0.5,0.5,0,0,0,111462,897.1667474116739,50029,579.2812168942014,403,25407,735,856,50029
72,run,10000,true,uniform,UPDATE,141058270,471143660,209564936,204820376,29976511,10803834,29466541,0,0,0,489,39430,379341472,496031002,5997039434,10999901191,1004318482,160306918,21254482082836,24934336484,3351515577,72174952,0.5,0.5,0,0,0,111462,897.1667474116739,49971,1635.681275139581,739,51423,1848,8287,49971
72,reference,10000,true,uniform,READ,73279776,209677770,115084873,113502185,10015441,3600338,9507300,0,0,0,489,39434,379342459,496094402,5997648292,11001426838,1004452158,160324060,21256506126714,24935839039,3351947234,72174952,0.5,0.5,0,0,0,139408,717.3189486973488,50017,616.2367395085671,410,22367,779,930,50017
72,reference,10000,true,uniform,UPDATE,73279776,209677770,115084873,113502185,10015441,3600338,9507300,0,0,0,489,39434,379342459,496094402,5997648292,11001426838,1004452158,160324060,21256506126714,24935839039,3351947234,72174952,0.5,0.5,0,0,0,139408,717.3189486973488,49983,2156.8142168337235,646,81727,4619,16431,49983
72,clean-run,10000,true,uniform,READ,950527,5374516,2842576,2829535,762392,50502,252406,0,0,0,489,39439,379347991,496155897,5998212828,11002615388,1004563122,160343777,21258735843513,24938050293,3352077775,72267123,0.5,0.5,0,0,0,121507,822.9978519756063,49510,572.0678650777621,400,7515,730,880,49510
72,clean-run,10000,true,uniform,UPDATE,950527,5374516,2842576,2829535,762392,50502,252406,0,0,0,489,39439,379347991,496155897,5998212828,11002615388,1004563122,160343777,21258735843513,24938050293,3352077775,72267123,0.5,0.5,0,0,0,121507,822.9978519756063,50490,1830.926817191523,582,104831,1975,13343,50490
72,avg-run,10000,true,uniform,READ,2154366,11070280,7163276,7101101,1272516,100472,448910,0,0,0,489,39441,379348497,496214982,5998608267,11003827830,1004614093,160347640,21260255494643,24939643245,3352151315,72267123,0.5,0.5,0,0,0,87214,1146.6049028825648,50056,443.9629614831389,77,25295,657,793,50056
72,avg-run,10000,true,uniform,UPDATE,2154366,11070280,7163276,7101101,1272516,100472,448910,0,0,0,489,39441,379348497,496214982,5998608267,11003827830,1004614093,160347640,21260255494643,24939643245,3352151315,72267123,0.5,0.5,0,0,0,87214,1146.6049028825648,49944,1287.1406575364408,417,144383,1443,2905,49944
73,extend,10000,true,uniform,EXTEND,142452286,475487663,211221632,206431351,30476464,10903889,29966461,0,0,0,489,39447,379357069,496310607,5999319450,11004315616,1004827647,160369684,21263425031993,24941937781,3352670731,72267123,0,0,0,0,1,205436,486.7696022118811,100000,2045.73397,583,177791,2353,11207,100000
73,run,10000,true,uniform,READ,144594023,479239805,214596581,209784767,30726395,10953909,30216382,0,0,0,489,39451,379362741,496370800,5999926462,11006001500,1004960807,160384774,21265219534756,24943345512,3353026160,72267123,0.5,0.5,0,0,0,122706,814.9560738676186,50013,596.6602883250355,415,25007,759,913,50013
73,run,10000,true,uniform,UPDATE,144594023,479239805,214596581,209784767,30726395,10953909,30216382,0,0,0,489,39451,379362741,496370800,5999926462,11006001500,1004960807,160384774,21265219534756,24943345512,3353026160,72267123,0.5,0.5,0,0,0,122706,814.9560738676186,49987,1842.3868605837517,706,51199,2447,11455,49987
73,reference,10000,true,uniform,READ,74798184,212788708,117960286,116353775,10265225,3650321,9756341,0,0,0,489,39454,379363330,496429600,6000365472,11007511154,1005060535,160392085,21266956427517,24944557047,3353320523,72267123,0.5,0.5,0,0,0,124194,805.1918772243425,50039,617.7999960031176,403,9423,780,940,50039
73,reference,10000,true,uniform,UPDATE,74798184,212788708,117960286,116353775,10265225,3650321,9756341,0,0,0,489,39454,379363330,496429600,6000365472,11007511154,1005060535,160392085,21266956427517,24944557047,3353320523,72267123,0.5,0.5,0,0,0,124194,805.1918772243425,49961,1851.5659414343188,646,38495,2543,10831,49961
73,clean-run,10000,true,uniform,READ,1007915,5300442,2867335,2854306,759715,49956,249702,0,0,0,489,39459,379370258,496495753,6001058091,11008776006,1005144491,160414855,21269747899383,24947129769,3353647067,72267123,0.5,0.5,0,0,0,125197,798.7411838941828,50056,575.4894518139683,406,64703,733,862,50056
73,clean-run,10000,true,uniform,UPDATE,1007915,5300442,2867335,2854306,759715,49956,249702,0,0,0,489,39459,379370258,496495753,6001058091,11008776006,1005144491,160414855,21269747899383,24947129769,3353647067,72267123,0.5,0.5,0,0,0,125197,798.7411838941828,49944,1914.8941013935607,593,303871,2115,10631,49944
73,avg-run,10000,true,uniform,READ,2428907,11026186,7180569,7117710,1269779,100102,447371,0,0,0,489,39462,379372414,496553983,6001562992,11010056351,1005258868,160418890,21271284254358,24948855566,3353749216,72267123,0.5,0.5,0,0,0,88182,1134.0182803746795,49880,448.58089414595025,78,12063,649,782,49880
73,avg-run,10000,true,uniform,UPDATE,2428907,11026186,7180569,7117710,1269779,100102,447371,0,0,0,489,39462,379372414,496553983,6001562992,11010056351,1005258868,160418890,21271284254358,24948855566,3353749216,72267123,0.5,0.5,0,0,0,88182,1134.0182803746795,50120,1298.7741420590582,403,94335,1438,2055,50120
74,extend,10000,true,uniform,EXTEND,145926203,483542604,216253151,211399694,31226372,11053953,30716342,0,0,0,489,39468,379381377,496649697,6002287232,11010555387,1005449899,160431106,21274390966679,24950963224,3354195376,72267123,0,0,0,0,1,205195,487.34130948609857,100000,2043.00149,495,218751,2441,10391,100000
74,run,10000,true,uniform,READ,148234778,487352488,219624618,214748750,31476798,11104074,30966770,0,0,0,489,39471,379385416,496708014,6002787200,11012269018,1005561273,160439639,21276367368899,24952488330,3354607392,72267123,0.5,0.5,0,0,0,116394,859.1508153341238,49912,624.5721670139445,442,12199,779,921,49912
74,run,10000,true,uniform,UPDATE,148234778,487352488,219624618,214748750,31476798,11104074,30966770,0,0,0,489,39471,379385416,496708014,6002787200,11012269018,1005561273,160439639,21276367368899,24952488330,3354607392,72267123,0.5,0.5,0,0,0,116394,859.1508153341238,50088,1686.2991534898579,702,32719,1880,9271,50088
74,reference,10000,true,uniform,READ,76906381,216395013,120839194,119210555,10515353,3700390,10006001,0,0,0,489,39475,379386381,496772314,6003424123,11013763823,1005684056,160456940,21278487324614,24954051417,3355075324,72267123,0.5,0.5,0,0,0,137512,727.2092617371575,49975,628.5833916958479,430,26639,794,962,49975
74,reference,10000,true,uniform,UPDATE,76906381,216395013,120839194,119210555,10515353,3700390,10006001,0,0,0,489,39475,379386381,496772314,6003424123,11013763823,1005684056,160456940,21278487324614,24954051417,3355075324,72267123,0.5,0.5,0,0,0,137512,727.2092617371575,50025,2105.2596101949025,648,325375,5235,12015,50025
74,clean-run,10000,true,uniform,READ,999700,5270837,2862552,2849523,760275,50064,250263,0,0,0,489,39480,379393077,496832379,6004034887,11015016098,1005800686,160473033,21280732302005,24956272465,3355211015,72362795,0.5,0.5,0,0,0,118194,846.0666362082677,49948,572.8210739168735,407,7503,733,870,49948
74,clean-run,10000,true,uniform,UPDATE,999700,5270837,2862552,2849523,760275,50064,250263,0,0,0,489,39480,379393077,496832379,6004034887,11015016098,1005800686,160473033,21280732302005,24956272465,3355211015,72362795,0.5,0.5,0,0,0,118194,846.0666362082677,50052,1775.0667505793974,583,120959,1837,10551,50052
74,avg-run,10000,true,uniform,READ,2274210,10825477,7162789,7101283,1270337,100482,447960,0,0,0,489,39482,379393616,496891821,6004522178,11016303944,1005848777,160476855,21282253102432,24957837637,3355282785,72362795,0.5,0.5,0,0,0,88312,1132.3489446507836,49597,449.349940520596,91,7687,653,768,49597
74,avg-run,10000,true,uniform,UPDATE,2274210,10825477,7162789,7101283,1270337,100482,447960,0,0,0,489,39482,379393616,496891821,6004522178,11016303944,1005848777,160476855,21282253102432,24957837637,3355282785,72362795,0.5,0.5,0,0,0,88312,1132.3489446507836,50403,1296.710771184255,422,113279,1403,2855,50403
75,extend,10000,true,uniform,EXTEND,149636446,491696949,221281292,216360369,31976836,11204118,31466774,0,0,0,489,39488,379403142,496987037,6005197962,11016810476,1006064215,160500641,21285388067844,24960097863,3355740968,72362795,0,0,0,0,1,201927,495.22847365632134,100000,2010.8592,495,289791,2335,9903,100000
75,run,10000,true,uniform,READ,152158603,495705752,224656055,219712722,32226964,11254186,31716907,0,0,0,489,39492,379404880,497050283,6005855460,11018559404,1006188396,160526551,21287497802555,24961782755,3356197752,72362795,0.5,0.5,0,0,0,130021,769.1065289453243,49976,636.6518929085961,444,9519,800,953,49976
75,run,10000,true,uniform,UPDATE,152158603,495705752,224656055,219712722,32226964,11254186,31716907,0,0,0,489,39492,379404880,497050283,6005855460,11018559404,1006188396,160526551,21287497802555,24961782755,3356197752,72362795,0.5,0.5,0,0,0,130021,769.1065289453243,50024,1948.2692307692307,619,139519,2665,13871,50024
75,reference,10000,true,uniform,READ,78429334,219514666,123728057,122078499,10764207,3750186,10254577,0,0,0,489,39495,379405539,497110383,6006305204,11020072380,1006297362,160532659,21288920028566,24962735106,3356369566,72362795,0.5,0.5,0,0,0,126617,789.7833624236872,50226,628.1465575598296,418,23263,787,931,50226
75,reference,10000,true,uniform,UPDATE,78429334,219514666,123728057,122078499,10764207,3750186,10254577,0,0,0,489,39495,379405539,497110383,6006305204,11020072380,1006297362,160532659,21288920028566,24962735106,3356369566,72362795,0.5,0.5,0,0,0,126617,789.7833624236872,49774,1895.1775023104433,607,47359,2385,11407,49774
75,clean-run,10000,true,uniform,READ,999384,5272508,2864206,2851159,760104,50029,250095,0,0,0,489,39500,379412898,497175601,6006985256,11021332048,1006400713,160552282,21291740452919,24965330824,3356705806,72362847,0.5,0.5,0,0,0,119602,836.1064196250899,49983,583.7941500110037,412,20607,745,878,49983
75,clean-run,10000,true,uniform,UPDATE,999384,5272508,2864206,2851159,760104,50029,250095,0,0,0,489,39500,379412898,497175601,6006985256,11021332048,1006400713,160552282,21291740452919,24965330824,3356705806,72362847,0.5,0.5,0,0,0,119602,836.1064196250899,50017,1793.1321550672772,588,837631,1861,8075,50017
75,avg-run,10000,true,uniform,READ,2436687,10984323,7175809,7113237,1270199,100104,447101,0,0,0,489,39503,379413735,497236559,6007496134,11022626897,1006517972,160559605,21293365136761,24967051762,3356817155,72362847,0.5,0.5,0,0,0,92783,1077.78364571096,49951,466.3199735741026,84,8383,676,806,49951
75,avg-run,10000,true,uniform,UPDATE,2436687,10984323,7175809,7113237,1270199,100104,447101,0,0,0,489,39503,379413735,497236559,6007496134,11022626897,1006517972,160559605,21293365136761,24967051762,3356817155,72362847,0.5,0.5,0,0,0,92783,1077.78364571096,50049,1375.2280964654638,507,73855,1496,2915,50049
76,extend,10000,true,uniform,EXTEND,153281561,499794301,226312860,221328127,32727116,11354230,32216948,0,0,0,489,39509,379422730,497332859,6008203292,11023130526,1006691033,160587465,21296652956783,24969287751,3357338103,72362847,0,0,0,0,1,208244,480.2059122951922,100000,2073.81749,594,282367,2323,12159,100000
76,run,10000,true,uniform,READ,155514479,503557548,229695000,224688734,32976312,11404110,32466217,0,0,0,489,39512,379423559,497395947,6008857514,11024896067,1006795882,160605256,21298347359357,24970729417,3357626009,72362847,0.5,0.5,0,0,0,128081,780.7559278893825,50153,640.4348493609555,428,9727,802,964,50153
76,run,10000,true,uniform,UPDATE,155514479,503557548,229695000,224688734,32976312,11404110,32466217,0,0,0,489,39512,379423559,497395947,6008857514,11024896067,1006795882,160605256,21298347359357,24970729417,3357626009,72362847,0.5,0.5,0,0,0,128081,780.7559278893825,49847,1909.3099685036211,677,46399,2441,13135,49847
76,reference,10000,true,uniform,READ,80285211,222881753,126612028,124941506,11013963,3800175,10504172,0,0,0,489,39515,379424090,497454647,6009304507,11026417849,1006896662,160620603,21300075648540,24971934056,3357909935,72362847,0.5,0.5,0,0,0,127130,786.5963973885,50044,630.0435017184877,424,23519,791,935,50044
76,reference,10000,true,uniform,UPDATE,80285211,222881753,126612028,124941506,11013963,3800175,10504172,0,0,0,489,39515,379424090,497454647,6009304507,11026417849,1006896662,160620603,21300075648540,24971934056,3357909935,72362847,0.5,0.5,0,0,0,127130,786.5963973885,49956,1897.941468492273,637,175359,2375,12207,49956
76,clean-run,10000,true,uniform,READ,995372,5267206,2845073,2832044,762297,50458,252254,0,0,0,489,39520,379433227,497520953,6010034323,11027674981,1006998086,160651418,21302915835374,24974514909,3358236653,72362918,0.5,0.5,0,0,0,121765,821.2540549418962,49554,587.4312265407434,414,8431,746,888,49554
76,clean-run,10000,true,uniform,UPDATE,995372,5267206,2845073,2832044,762297,50458,252254,0,0,0,489,39520,379433227,497520953,6010034323,11027674981,1006998086,160651418,21302915835374,24974514909,3358236653,72362918,0.5,0.5,0,0,0,121765,821.2540549418962,50446,1821.833346548785,537,421119,2040,11271,50446
76,avg-run,10000,true,uniform,READ,2436892,10991940,7174847,7112158,1272376,100206,448559,0,0,0,489,39523,379435057,497580172,6010545817,11028975744,1007102868,160655518,21304499646472,24976236049,3358333459,72362918,0.5,0.5,0,0,0,92768,1077.9579165229388,50278,469.3245156927483,53,23247,673,824,50278
76,avg-run,10000,true,uniform,UPDATE,2436892,10991940,7174847,7112158,1272376,100206,448559,0,0,0,489,39523,379435057,497580172,6010545817,11028975744,1007102868,160655518,21304499646472,24976236049,3358333459,72362918,0.5,0.5,0,0,0,92768,1077.9579165229388,49722,1377.9092353485378,410,90111,1478,4499,49722
77,extend,10000,true,uniform,EXTEND,156953868,507920256,231354571,226305770,33476844,11504182,32966386,0,0,0,489,39529,379445085,497676562,6011215350,11029482879,1007297511,160672405,21307825884215,24978484414,3358855925,72362918,0,0,0,0,1,204305,489.4642813440689,100000,2034.62496,505,241791,2347,10591,100000
77,run,10000,true,uniform,READ,159146070,511655948,234750353,229680018,33724700,11553793,33214430,0,0,0,489,39533,379448210,497738209,6011855233,11031264586,1007425150,160691571,21309684910742,24979882388,3359214088,72362918,0.5,0.5,0,0,0,123371,810.5632604096587,50422,639.4323707905279,434,22831,791,930,50422
77,run,10000,true,uniform,UPDATE,159146070,511655948,234750353,229680018,33724700,11553793,33214430,0,0,0,489,39533,379448210,497738209,6011855233,11031264586,1007425150,160691571,21309684910742,24979882388,3359214088,72362918,0.5,0.5,0,0,0,123371,810.5632604096587,49578,1822.459760377587,615,56831,2155,12375,49578
77,reference,10000,true,uniform,READ,82181945,226250648,129485900,127794235,11264929,3850404,10755038,0,0,0,489,39536,379448800,497799609,6012315425,11032820947,1007520828,160706729,21311543884630,24981122124,3359535408,72362918,0.5,0.5,0,0,0,131804,758.7023155594671,49804,640.0227893341901,436,9543,802,946,49804
77,reference,10000,true,uniform,UPDATE,82181945,226250648,129485900,127794235,11264929,3850404,10755038,0,0,0,489,39536,379448800,497799609,6012315425,11032820947,1007520828,160706729,21311543884630,24981122124,3359535408,72362918,0.5,0.5,0,0,0,131804,758.7023155594671,50196,1975.8542712566739,634,201727,2553,12215,50196
77,clean-run,10000,true,uniform,READ,992686,5277654,2861543,2848494,760747,50111,250591,0,0,0,489,39541,379456637,497868550,6013075787,11034089422,1007648979,160734204,21314395655822,24983682368,3359854792,72362941,0.5,0.5,0,0,0,130803,764.508459286102,49901,596.1773912346446,418,8831,757,891,49901
77,clean-run,10000,true,uniform,UPDATE,992686,5277654,2861543,2848494,760747,50111,250591,0,0,0,489,39541,379456637,497868550,6013075787,11034089422,1007648979,160734204,21314395655822,24983682368,3359854792,72362941,0.5,0.5,0,0,0,130803,764.508459286102,50099,2002.558993193477,593,947711,2265,13047,50099
77,avg-run,10000,true,uniform,READ,2396668,10929578,7171789,7109310,1270811,100209,447175,0,0,0,489,39544,379457711,497930342,6013559891,11035390203,1007702245,160736858,21315981041758,24985374013,3359936877,72362941,0.5,0.5,0,0,0,87580,1141.8131993605846,49928,463.7789016183304,78,12007,668,785,49928
77,avg-run,10000,true,uniform,UPDATE,2396668,10929578,7171789,7109310,1270811,100209,447175,0,0,0,489,39544,379457711,497930342,6013559891,11035390203,1007702245,160736858,21315981041758,24985374013,3359936877,72362941,0.5,0.5,0,0,0,87580,1141.8131993605846,50072,1272.7811351653618,413,135039,1450,4463,50072
78,extend,10000,true,uniform,EXTEND,160604737,516027486,236409683,231296635,34226615,11653848,33715071,0,0,0,489,39550,379466934,498026442,6014219536,11035900037,1007935782,160763844,21319353749426,24987644080,3360465842,72362941,0,0,0,0,1,207325,482.3344989750392,100000,2064.91358,533,435711,2331,11463,100000
78,run,10000,true,uniform,READ,162772895,519745616,239799367,234664784,34475811,11703723,33964856,0,0,0,489,39554,379467775,498088549,6014858816,11037686722,1008052905,160777807,21321056298429,24989022148,3360746215,72362941,0.5,0.5,0,0,0,125422,797.3082872223374,50158,643.8211850552254,446,7259,805,970,50158
78,run,10000,true,uniform,UPDATE,162772895,519745616,239799367,234664784,34475811,11703723,33964856,0,0,0,489,39554,379467775,498088549,6014858816,11037686722,1008052905,160777807,21321056298429,24989022148,3360746215,72362941,0.5,0.5,0,0,0,125422,797.3082872223374,49842,1853.8006500541712,593,37791,2403,11711,49842
78,reference,10000,true,uniform,READ,84106602,229629116,132353289,130639902,11516670,3900785,11006715,0,0,0,489,39557,379468341,498150049,6015357852,11039260554,1008147481,160791662,21322961434931,24990277907,3361079425,72362941,0.5,0.5,0,0,0,131430,760.861294985924,49652,644.6700233626037,436,12279,806,957,49652
78,reference,10000,true,uniform,UPDATE,84106602,229629116,132353289,130639902,11516670,3900785,11006715,0,0,0,489,39557,379468341,498150049,6015357852,11039260554,1008147481,160791662,21322961434931,24990277907,3361079425,72362941,0.5,0.5,0,0,0,131430,760.861294985924,50348,1959.693413839676,625,133887,2537,12631,50348
78,clean-run,10000,true,uniform,READ,1001358,5279600,2870068,2857028,760827,49998,250273,0,0,0,489,39562,379475500,498217723,6016089642,11040529997,1008242343,160818369,21325825025381,24992815437,3361385460,72363092,0.5,0.5,0,0,0,123976,806.6077305284894,50021,597.7428480038384,426,12775,756,877,50021
78,clean-run,10000,true,uniform,UPDATE,1001358,5279600,2870068,2857028,760827,49998,250273,0,0,0,489,39562,379475500,498217723,6016089642,11040529997,1008242343,160818369,21325825025381,24992815437,3361385460,72363092,0.5,0.5,0,0,0,123976,806.6077305284894,49979,1867.1933412033054,603,239231,2175,9975,49979
78,avg-run,10000,true,uniform,READ,2425334,10966523,7176982,7114230,1270891,100234,447522,0,0,0,489,39565,379478100,498280084,6016586986,11041829348,1008333879,160827549,21327434188542,24994525342,3361470999,72363092,0.5,0.5,0,0,0,93667,1067.6118590325302,49790,476.0539465756176,43,22015,690,827,49790
78,avg-run,10000,true,uniform,UPDATE,2425334,10966523,7176982,7114230,1270891,100234,447522,0,0,0,489,39565,379478100,498280084,6016586986,11041829348,1008333879,160827549,21327434188542,24994525342,3361470999,72363092,0.5,0.5,0,0,0,93667,1067.6118590325302,50210,1379.0845050786695,413,153727,1482,5243,50210
79,extend,10000,true,uniform,EXTEND,164168010,524126448,241461736,236285066,34982225,11803767,34467238,0,0,0,489,39572,379487705,498376652,6017307273,11042346261,1008557418,160859526,21330556042351,24996613997,3361890498,72363092,0,0,0,0,1,208695,479.16816406717936,100000,2078.46694,508,268543,2341,11687,100000
79,run,10000,true,uniform,READ,166558440,527977267,244849531,239650450,35233786,11854113,34720765,0,0,0,489,39575,379488835,498438915,6017897426,11044107911,1008663638,160872813,21332693401291,24998217076,3362323125,72363092,0.5,0.5,0,0,0,127525,784.1599686336012,49687,648.4223639986315,450,26383,808,965,49687
79,run,10000,true,uniform,UPDATE,166558440,527977267,244849531,239650450,35233786,11854113,34720765,0,0,0,489,39575,379488835,498438915,6017897426,11044107911,1008663638,160872813,21332693401291,24998217076,3362323125,72363092,0.5,0.5,0,0,0,127525,784.1599686336012,50313,1878.923697652694,656,54751,2129,13079,50313
79,reference,10000,true,uniform,READ,86053139,233006140,135229481,133494635,11767446,3950979,11257477,0,0,0,489,39579,379489704,498503815,6018440769,11045717954,1008783487,160902979,21334654702124,24999494021,3362675571,72363092,0.5,0.5,0,0,0,143705,695.8700114818552,49839,655.6749734143943,437,20767,820,984,49839
79,reference,10000,true,uniform,UPDATE,86053139,233006140,135229481,133494635,11767446,3950979,11257477,0,0,0,489,39579,379489704,498503815,6018440769,11045717954,1008783487,160902979,21334654702124,24999494021,3362675571,72363092,0.5,0.5,0,0,0,143705,695.8700114818552,50161,2197.6606726341183,665,280831,5983,15303,50161
79,clean-run,10000,true,uniform,READ,1003756,5293411,2882570,2869552,762498,49910,250632,0,0,0,489,39584,379497517,498572784,6019148586,11046990240,1008862845,160927363,21337562814929,25002031023,3362983398,72363160,0.5,0.5,0,0,0,123044,812.7174019050096,50102,601.6580176440062,426,25631,760,889,50102
79,clean-run,10000,true,uniform,UPDATE,1003756,5293411,2882570,2869552,762498,49910,250632,0,0,0,489,39584,379497517,498572784,6019148586,11046990240,1008862845,160927363,21337562814929,25002031023,3362983398,72363160,0.5,0.5,0,0,0,123044,812.7174019050096,49898,1846.8875506032307,598,237567,2075,11711,49898
79,avg-run,10000,true,uniform,READ,2423804,10976217,7205518,7142885,1272562,99887,447936,0,0,0,489,39587,379500512,498634535,6019640881,11048294678,1008951318,160936738,21339194617343,25003735050,3363069487,72363160,0.5,0.5,0,0,0,93963,1064.2486936347286,50049,477.23524945553356,77,21263,683,832,50049
79,avg-run,10000,true,uniform,UPDATE,2423804,10976217,7205518,7142885,1272562,99887,447936,0,0,0,489,39587,379500512,498634535,6019640881,11048294678,1008951318,160936738,21339194617343,25003735050,3363069487,72363160,0.5,0.5,0,0,0,93963,1064.2486936347286,49951,1389.2019979579989,438,91519,1491,5851,49951
80,extend,10000,true,uniform,EXTEND,168033739,532404172,246526443,241284003,35753088,11954168,35228384,0,0,0,489,39594,379510884,498731577,6020307362,11048812403,1009177006,160966560,21342661980699,25006035791,3363601035,72363160,0,0,0,0,1,208728,479.0924073435284,100000,2078.38512,556,291839,2333,11423,100000
80,run,10000,true,uniform,READ,170221430,536129217,249978075,244714102,36004760,12004292,35484864,0,0,0,489,39597,379511649,498796398,6020934133,11050614918,1009290251,160975867,21344396678282,25007432599,3363880516,72363160,0.5,0.5,0,0,0,130250,767.7543186180422,49909,665.1764010499109,453,24783,826,988,49909
80,run,10000,true,uniform,UPDATE,170221430,536129217,249978075,244714102,36004760,12004292,35484864,0,0,0,489,39597,379511649,498796398,6020934133,11050614918,1009290251,160975867,21344396678282,25007432599,3363880516,72363160,0.5,0.5,0,0,0,130250,767.7543186180422,50091,1921.8806172765567,670,48191,2715,12199,50091
80,reference,10000,true,uniform,READ,88019207,236392404,138127471,136371321,12017390,4000754,11506446,0,0,0,489,39601,379512587,498861098,6021484897,11052249583,1009411494,161002594,21346401247216,25008705725,3364239770,72363160,0.5,0.5,0,0,0,144088,694.0203209149964,50258,665.7183731943173,438,13335,831,1012,50258
80,reference,10000,true,uniform,UPDATE,88019207,236392404,138127471,136371321,12017390,4000754,11506446,0,0,0,489,39601,379512587,498861098,6021484897,11052249583,1009411494,161002594,21346401247216,25008705725,3364239770,72363160,0.5,0.5,0,0,0,144088,694.0203209149964,49742,2207.746753246753,636,215039,5699,15551,49742
80,clean-run,10000,true,uniform,READ,1008762,5330867,2918540,2905525,770178,49831,253275,0,0,0,489,39606,379519719,498929424,6022182352,11053532279,1009493149,161025390,21349338295983,25011251874,3364540649,72363195,0.5,0.5,0,0,0,120576,829.3524416135881,50181,597.3870588469739,435,10343,764,906,50181
80,clean-run,10000,true,uniform,UPDATE,1008762,5330867,2918540,2905525,770178,49831,253275,0,0,0,489,39606,379519719,498929424,6022182352,11053532279,1009493149,161025390,21349338295983,25011251874,3364540649,72363195,0.5,0.5,0,0,0,120576,829.3524416135881,49819,1803.2744735944118,594,132607,2095,11439,49819
80,avg-run,10000,true,uniform,READ,2421565,11012693,7264265,7201792,1280241,99515,449608,0,0,0,489,39609,379522088,498991743,6022667072,11054835529,1009587815,161028480,21350986855052,25012945726,3364626245,72363195,0.5,0.5,0,0,0,88891,1124.9732818845553,50342,475.8303404711771,49,20399,681,820,50342
80,avg-run,10000,true,uniform,UPDATE,2421565,11012693,7264265,7201792,1280241,99515,449608,0,0,0,489,39609,379522088,498991743,6022667072,11054835529,1009587815,161028480,21350986855052,25012945726,3364626245,72363195,0.5,0.5,0,0,0,88891,1124.9732818845553,49658,1293.6403399250876,416,97983,1478,4555,49658
81,extend,10000,true,uniform,EXTEND,171721825,540660359,251693035,246385900,36555874,12104347,36008508,0,0,0,489,39616,379532443,499088308,6023367780,11055374873,1009808246,161057636,21354494605894,25015327078,3365159226,72363195,0,0,0,0,1,208450,479.7313504437515,100000,2075.70195,561,408063,2313,11391,100000
81,run,10000,true,uniform,READ,174012751,544466203,255336295,250007627,36833797,12154317,36278800,0,0,0,489,39619,379533015,499151946,6024021008,11057264211,1009911841,161073513,21356292347037,25016811430,3365452516,72363195,0.5,0.5,0,0,0,129100,774.5933384972889,50063,662.9202604718055,453,24431,826,990,50063
81,run,10000,true,uniform,UPDATE,174012751,544466203,255336295,250007627,36833797,12154317,36278800,0,0,0,489,39619,379533015,499151946,6024021008,11057264211,1009911841,161073513,21356292347037,25016811430,3365452516,72363195,0.5,0.5,0,0,0,129100,774.5933384972889,49937,1905.0735927268358,646,210303,2345,12231,49937
81,reference,10000,true,uniform,READ,90027798,239840569,141081537,139304101,12295541,4050763,11762674,0,0,0,489,39623,379533699,499217746,6024591848,11058942183,1010031902,161092812,21358422484926,25018170566,3365837916,72363195,0.5,0.5,0,0,0,144232,693.3274169393754,50024,670.3265432592356,455,22943,834,995,50024
81,reference,10000,true,uniform,UPDATE,90027798,239840569,141081537,139304101,12295541,4050763,11762674,0,0,0,489,39623,379533699,499217746,6024591848,11058942183,1010031902,161092812,21358422484926,25018170566,3365837916,72363195,0.5,0.5,0,0,0,144232,693.3274169393754,49976,2199.146930526653,743,348671,5215,15623,49976
81,clean-run,10000,true,uniform,READ,1056798,5509081,3134912,3121891,832294,49828,272773,0,0,0,489,39628,379541463,499287210,6025310564,11060282736,1010126582,161118896,21361359051757,25020871725,3366141919,72363419,0.5,0.5,0,0,0,123761,808.0089850599138,50184,610.5556950422446,432,23567,766,897,50184
81,clean-run,10000,true,uniform,UPDATE,1056798,5509081,3134912,3121891,832294,49828,272773,0,0,0,489,39628,379541463,499287210,6025310564,11060282736,1010126582,161118896,21361359051757,25020871725,3366141919,72363419,0.5,0.5,0,0,0,123761,808.0089850599138,49816,1853.9612775012044,615,210815,2251,11343,49816
81,avg-run,10000,true,uniform,READ,2476885,11203328,7555451,7492918,1342358,99698,469162,0,0,0,489,39631,379545174,499349216,6025796936,11061582735,1010216817,161128404,21363022671249,25022568204,3366225622,72363419,0.5,0.5,0,0,0,93749,1066.6780445658087,50156,482.1606786825106,46,29135,694,822,50156
81,avg-run,10000,true,uniform,UPDATE,2476885,11203328,7555451,7492918,1342358,99698,469162,0,0,0,489,39631,379545174,499349216,6025796936,11061582735,1010216817,161128404,21363022671249,25022568204,3366225622,72363419,0.5,0.5,0,0,0,93749,1066.6780445658087,49844,1381.513421876254,466,117439,1489,5555,49844
82,extend,10000,true,uniform,EXTEND,175543196,549130991,257155472,251783832,37416384,12254372,36837002,0,0,0,489,39638,379555888,499447336,6026582265,11062148485,1010432038,161164323,21366597790261,25025008120,3366776270,72363419,0,0,0,0,1,213330,468.7573243331927,100000,2125.17531,547,472575,2351,11855,100000
82,run,10000,true,uniform,READ,178356680,553332368,261020069,255625142,37715502,12304388,37124524,0,0,0,489,39642,379556502,499512696,6027324589,11064133511,1010559924,161185850,21368704542782,25026869091,3367191530,72363419,0.5,0.5,0,0,0,130875,764.087870105062,50039,669.4826835068646,465,25311,831,985,50039
82,run,10000,true,uniform,UPDATE,178356680,553332368,261020069,255625142,37715502,12304388,37124524,0,0,0,489,39642,379556502,499512696,6027324589,11064133511,1010559924,161185850,21368704542782,25026869091,3367191530,72363419,0.5,0.5,0,0,0,130875,764.087870105062,49961,1934.2737735433639,680,166271,2949,10903,49961
82,reference,10000,true,uniform,READ,92107956,243350152,144189573,142390851,12593599,4100587,12030974,0,0,0,489,39645,379556946,499575196,6027837442,11065877926,1010654800,161198632,21370440924200,25027957160,3367416382,72363419,0.5,0.5,0,0,0,131932,757.9662250250129,50209,673.1132466290904,445,10455,833,988,50209
82,reference,10000,true,uniform,UPDATE,92107956,243350152,144189573,142390851,12593599,4100587,12030974,0,0,0,489,39645,379556946,499575196,6027837442,11065877926,1010654800,161198632,21370440924200,25027957160,3367416382,72363419,0.5,0.5,0,0,0,131932,757.9662250250129,49791,1955.2755116386495,724,189823,2489,11359,49791
82,clean-run,10000,true,uniform,READ,1114612,5589030,3331271,3318238,890260,50003,292314,0,0,0,489,39650,379564552,499643325,6028550942,11067294627,1010769953,161227641,21373286637036,25030802028,3367710112,72457069,0.5,0.5,0,0,0,120164,832.1959988016378,50009,618.7399268131736,443,24495,777,912,50009
82,clean-run,10000,true,uniform,UPDATE,1114612,5589030,3331271,3318238,890260,50003,292314,0,0,0,489,39650,379564552,499643325,6028550942,11067294627,1010769953,161227641,21373286637036,25030802028,3367710112,72457069,0.5,0.5,0,0,0,120164,832.1959988016378,49991,1769.187933828089,629,119807,1803,9663,49991
82,avg-run,10000,true,uniform,READ,2722480,11483577,8444597,8382037,1500324,100298,529174,0,0,0,489,39653,379565321,499704942,6029116275,11068751717,1010885345,161234851,21374922026648,25032753372,3367819798,72457069,0.5,0.5,0,0,0,91656,1091.0360478310204,49731,487.2154390621544,79,12999,701,857,49731
82,avg-run,10000,true,uniform,UPDATE,2722480,11483577,8444597,8382037,1500324,100298,529174,0,0,0,489,39653,379565321,499704942,6029116275,11068751717,1010885345,161234851,21374922026648,25032753372,3367819798,72457069,0.5,0.5,0,0,0,91656,1091.0360478310204,50269,1327.2272175694761,396,82815,1432,2613,50269
83,extend,10000,true,uniform,EXTEND,179578210,557766294,262927447,257486847,38309509,12404421,37709959,0,0,0,489,39660,379575583,499805983,6029983886,11069325640,1011083333,161257796,21378456636570,25035249676,3368380648,72457069,0,0,0,0,1,217133,460.54722220942926,100000,2162.58892,575,150015,2637,12327,100000
83,run,10000,true,uniform,READ,182509400,562052404,266914749,261450867,38607493,12454141,38003842,0,0,0,489,39663,379576054,499870544,6030699262,11071328979,1011182348,161279324,21380629308007,25037150290,3368855197,72457069,0.5,0.5,0,0,0,133962,746.4803451725116,50324,678.7306056752245,479,13615,837,986,50324
83,run,10000,true,uniform,UPDATE,182509400,562052404,266914749,261450867,38607493,12454141,38003842,0,0,0,489,39663,379576054,499870544,6030699262,11071328979,1011182348,161279324,21380629308007,25037150290,3368855197,72457069,0.5,0.5,0,0,0,133962,746.4803451725116,49676,1994.1756381351156,761,94079,2499,14183,49676
83,reference,10000,true,uniform,READ,94521187,247127206,147411625,145590198,12894553,4150800,12313355,0,0,0,489,39667,379576572,499935544,6031239792,11073117697,1011305469,161287444,21382816878551,25038559819,3369242671,72457069,0.5,0.5,0,0,0,139007,719.3882322472969,49831,687.67193112721,443,28767,848,1005,49831
83,reference,10000,true,uniform,UPDATE,94521187,247127206,147411625,145590198,12894553,4150800,12313355,0,0,0,489,39667,379576572,499935544,6031239792,11073117697,1011305469,161287444,21382816878551,25038559819,3369242671,72457069,0.5,0.5,0,0,0,139007,719.3882322472969,50169,2071.818852279296,812,42527,4827,11447,50169
83,clean-run,10000,true,uniform,READ,1114396,5619575,3387751,3374725,903540,50006,297309,0,0,0,489,39672,379583314,500004967,6031924111,11074543075,1011423339,161307462,21385226098431,25041107840,3369379961,72563799,0.5,0.5,0,0,0,122919,813.5438784890863,50006,616.4343478782546,437,13615,775,906,50006
83,clean-run,10000,true,uniform,UPDATE,1114396,5619575,3387751,3374725,903540,50006,297309,0,0,0,489,39672,379583314,500004967,6031924111,11074543075,1011423339,161307462,21385226098431,25041107840,3369379961,72563799,0.5,0.5,0,0,0,122919,813.5438784890863,49994,1827.6437172460696,624,976895,1802,8135,49994
83,avg-run,10000,true,uniform,READ,2533435,11316956,8518183,8455677,1513603,100241,534054,0,0,0,489,39675,379583956,500066317,6032368388,11076003970,1011539535,161313983,21386818599249,25042901923,3369445500,72563799,0.5,0.5,0,0,0,91526,1092.5857133492123,49791,488.81207447129,82,11919,705,846,49791
83,avg-run,10000,true,uniform,UPDATE,2533435,11316956,8518183,8455677,1513603,100241,534054,0,0,0,489,39675,379583956,500066317,6032368388,11076003970,1011539535,161313983,21386818599249,25042901923,3369445500,72563799,0.5,0.5,0,0,0,91526,1092.5857133492123,50209,1324.3271724192873,406,62847,1384,2149,50209
84,extend,10000,true,uniform,EXTEND,183740206,566481094,268855411,263348817,39205496,12554185,38599035,0,0,0,489,39681,379592877,500164318,6033267530,11076554489,1011710722,161340896,21390394492824,25045654853,3370110402,72563799,0,0,0,0,1,212991,469.5034062472123,100000,2121.23252,527,285183,2373,11343,100000
84,run,10000,true,uniform,READ,186162752,570366525,272868808,267340685,39504494,12604053,38896697,0,0,0,489,39685,379597131,500229608,6034061749,11078510075,1011843750,161364259,21392334370687,25047356348,3370521159,72563799,0.5,0.5,0,0,0,131240,761.9628162145688,50154,671.982454041552,474,8223,834,986,50154
84,run,10000,true,uniform,UPDATE,186162752,570366525,272868808,267340685,39504494,12604053,38896697,0,0,0,489,39685,379597131,500229608,6034061749,11078510075,1011843750,161364259,21392334370687,25047356348,3370521159,72563799,0.5,0.5,0,0,0,131240,761.9628162145688,49846,1942.0801669140953,628,85503,2497,13367,49846
84,reference,10000,true,uniform,READ,96657581,250643648,150729364,148886267,13193463,4200658,12600972,0,0,0,489,39689,379597686,500297608,6034733717,11080327111,1011950869,161386784,21394843095343,25049094868,3371061664,72563799,0.5,0.5,0,0,0,147930,675.995403231258,50175,691.4439063278525,460,24575,859,1032,50175
84,reference,10000,true,uniform,UPDATE,96657581,250643648,150729364,148886267,13193463,4200658,12600972,0,0,0,489,39689,379597686,500297608,6034733717,11080327111,1011950869,161386784,21394843095343,25049094868,3371061664,72563799,0.5,0.5,0,0,0,147930,675.995403231258,49825,2256.6360461615654,687,477695,5627,15015,49825
84,clean-run,10000,true,uniform,READ,1116823,5623453,3411226,3398193,907094,49903,298408,0,0,0,489,39694,379605036,500364919,6035429452,11081744298,1012076737,161402934,21397257567277,25051661645,3371199343,72671790,0.5,0.5,0,0,0,120205,831.9121500769519,50109,625.3642659003373,438,64831,781,931,50109
84,clean-run,10000,true,uniform,UPDATE,1116823,5623453,3411226,3398193,907094,49903,298408,0,0,0,489,39694,379605036,500364919,6035429452,11081744298,1012076737,161402934,21397257567277,25051661645,3371199343,72671790,0.5,0.5,0,0,0,120205,831.9121500769519,49891,1766.1175161852839,605,157183,1778,6463,49891
84,avg-run,10000,true,uniform,READ,2551176,11345351,8567529,8504971,1517158,99732,534020,0,0,0,489,39697,379605782,500425805,6035886080,11083209402,1012189531,161409768,21398862826632,25053461782,3371264075,72671790,0.5,0.5,0,0,0,90497,1105.0090058233975,50197,487.8165627427934,84,23039,703,862,50197
84,avg-run,10000,true,uniform,UPDATE,2551176,11345351,8567529,8504971,1517158,99732,534020,0,0,0,489,39697,379605782,500425805,6035886080,11083209402,1012189531,161409768,21398862826632,25053461782,3371264075,72671790,0.5,0.5,0,0,0,90497,1105.0090058233975,49803,1311.472883159649,402,66687,1388,2069,49803
85,extend,10000,true,uniform,EXTEND,187789311,575174097,274820758,269250021,40103708,12704097,39495007,0,0,0,489,39704,379615104,500526973,6036819137,11083772371,1012385794,161441306,21402497519299,25056203964,3371929373,72671790,0,0,0,0,1,219639,455.2925482268632,100000,2188.12089,661,224127,2875,12735,100000
85,run,10000,true,uniform,READ,190319338,579136087,278835549,273243283,40403894,12754176,39794725,0,0,0,489,39707,379615576,500591055,6037568420,11085729328,1012491521,161455980,21404387529621,25057872058,3372290353,72671790,0.5,0.5,0,0,0,130605,765.6674706175108,49954,678.5893221764023,470,9151,839,982,49954
85,run,10000,true,uniform,UPDATE,190319338,579136087,278835549,273243283,40403894,12754176,39794725,0,0,0,489,39707,379615576,500591055,6037568420,11085729328,1012491521,161455980,21404387529621,25057872058,3372290353,72671790,0.5,0.5,0,0,0,130605,765.6674706175108,50046,1916.8099948047795,790,49631,2211,14583,50046
85,reference,10000,true,uniform,READ,98824852,254171892,154089177,152225112,13493113,4250653,12893759,0,0,0,489,39711,379616119,500656655,6038159783,11087543979,1012600524,161472238,21406860949318,25059566142,3372807990,72671790,0.5,0.5,0,0,0,140000,714.2857142857143,50038,694.371457692154,460,24831,861,1034,50038
85,reference,10000,true,uniform,UPDATE,98824852,254171892,154089177,152225112,13493113,4250653,12893759,0,0,0,489,39711,379616119,500656655,6038159783,11087543979,1012600524,161472238,21406860949318,25059566142,3372807990,72671790,0.5,0.5,0,0,0,140000,714.2857142857143,49962,2091.3387574556664,727,182911,4227,12095,49962
85,clean-run,10000,true,uniform,READ,1100162,5620504,3413749,3400742,908752,49963,299339,0,0,0,489,39717,379622085,500729942,6039057364,11088960470,1012743361,161497629,21409779419076,25062485068,3373133530,72671823,0.5,0.5,0,0,0,129587,771.6823446796361,50049,634.8806169953446,447,9655,792,925,50049
85,clean-run,10000,true,uniform,UPDATE,1100162,5620504,3413749,3400742,908752,49963,299339,0,0,0,489,39717,379622085,500729942,6039057364,11088960470,1012743361,161497629,21409779419076,25062485068,3373133530,72671823,0.5,0.5,0,0,0,129587,771.6823446796361,49951,1942.8651678645072,633,221183,2223,11759,49951
85,avg-run,10000,true,uniform,READ,2645353,11424482,8564361,8502077,1518816,99921,534957,0,0,0,489,39720,379622610,500793024,6039577233,11090425209,1012861756,161502385,21411444595200,25064380446,3373204011,72671823,0.5,0.5,0,0,0,87651,1140.8882956269752,50068,492.01705680274824,80,13535,712,899,50068
85,avg-run,10000,true,uniform,UPDATE,2645353,11424482,8564361,8502077,1518816,99921,534957,0,0,0,489,39720,379622610,500793024,6039577233,11090425209,1012861756,161502385,21411444595200,25064380446,3373204011,72671823,0.5,0.5,0,0,0,87651,1140.8882956269752,49932,1248.0501882560282,393,129023,1411,3619,49932
86,extend,10000,true,uniform,EXTEND,191884572,583906679,280790811,275156268,41003476,12854220,40394005,0,0,0,489,39726,379631085,500890669,6040436547,11090989928,1013021223,161531658,21414925569828,25066862449,3373731582,72671823,0,0,0,0,1,213969,467.3574209348083,100000,2131.105,546,276991,2391,12895,100000
86,run,10000,true,uniform,READ,194528628,587934773,284819951,279163001,41302615,12904127,40693005,0,0,0,489,39730,379636902,500951360,6041061163,11092943225,1013148856,161549681,21417087052486,25068592583,3374205507,72671823,0.5,0.5,0,0,0,123055,812.6447523465117,50126,684.2223596536727,480,9111,837,975,50126
86,run,10000,true,uniform,UPDATE,194528628,587934773,284819951,279163001,41302615,12904127,40693005,0,0,0,489,39730,379636902,500951360,6041061163,11092943225,1013148856,161549681,21417087052486,25068592583,3374205507,72671823,0.5,0.5,0,0,0,123055,812.6447523465117,49874,1764.7092272526768,689,36287,1990,9959,49874
86,reference,10000,true,uniform,READ,101031622,257717790,157494752,155605725,13791107,4300362,13187533,0,0,0,489,39734,379637358,501018260,6041640899,11094778666,1013264067,161570644,21419206924160,25070030063,3374605258,72671823,0.5,0.5,0,0,0,144627,691.4338263256515,50324,696.0803592719179,471,25407,859,1019,50324
86,reference,10000,true,uniform,UPDATE,101031622,257717790,157494752,155605725,13791107,4300362,13187533,0,0,0,489,39734,379637358,501018260,6041640899,11094778666,1013264067,161570644,21419206924160,25070030063,3374605258,72671823,0.5,0.5,0,0,0,144627,691.4338263256515,49676,2190.4245913519608,601,247423,5619,15143,49676
86,clean-run,10000,true,uniform,READ,1108341,5630178,3404744,3391724,910441,50164,300726,0,0,0,489,39739,379643627,501089235,6042431298,11096196851,1013364251,161589933,21422140072124,25072913734,3374907872,72671968,0.5,0.5,0,0,0,126739,789.0231104869061,49848,633.0865230300112,448,21343,789,926,49848
86,clean-run,10000,true,uniform,UPDATE,1108341,5630178,3404744,3391724,910441,50164,300726,0,0,0,489,39739,379643627,501089235,6042431298,11096196851,1013364251,161589933,21422140072124,25072913734,3374907872,72671968,0.5,0.5,0,0,0,126739,789.0231104869061,50152,1882.358629765513,633,180479,2301,9271,50152
86,avg-run,10000,true,uniform,READ,2661969,11444076,8555536,8493271,1520505,100152,537040,0,0,0,489,39742,379645860,501152781,6042951097,11097662661,1013455216,161593880,21423831422447,25074818338,3374988919,72671968,0.5,0.5,0,0,0,85926,1163.792100179224,50038,494.80698669011554,85,19967,707,858,50038
86,avg-run,10000,true,uniform,UPDATE,2661969,11444076,8555536,8493271,1520505,100152,537040,0,0,0,489,39742,379645860,501152781,6042951097,11097662661,1013455216,161593880,21423831422447,25074818338,3374988919,72671968,0.5,0.5,0,0,0,85926,1163.792100179224,49962,1209.951603218446,388,107519,1400,3495,49962
87,extend,10000,true,uniform,EXTEND,196140513,592719987,286776678,281076516,41902412,13004182,41292674,0,0,0,489,39749,379657392,501251543,6043710427,11098222807,1013680720,161632124,21427373534493,25077339905,3375533202,72671968,0,0,0,0,1,215035,465.04057479015046,100000,2141.83282,640,274943,2327,13399,100000
87,run,10000,true,uniform,READ,198602028,596652619,290812613,285090919,42200832,13053972,41591073,0,0,0,489,39752,379657867,501317310,6044423362,11100163381,1013794744,161638115,21429151707270,25078952827,3375835308,72671968,0.5,0.5,0,0,0,133004,751.8570870049022,50243,692.13173974484,486,10263,849,998,50243
87,run,10000,true,uniform,UPDATE,198602028,596652619,290812613,285090919,42200832,13053972,41591073,0,0,0,489,39752,379657867,501317310,6044423362,11100163381,1013794744,161638115,21429151707270,25078952827,3375835308,72671968,0.5,0.5,0,0,0,133004,751.8570870049022,49757,1959.161545109231,700,34047,2775,12927,49757
87,reference,10000,true,uniform,READ,103207181,261246472,160893821,158983397,14091709,4350513,13485697,0,0,0,489,39756,379658414,501382310,6044965912,11101986043,1013924078,161647372,21431134252079,25080325490,3376174960,72671968,0.5,0.5,0,0,0,137736,726.0266016146832,49882,698.4398981596568,472,22159,861,1038,49882
87,reference,10000,true,uniform,UPDATE,103207181,261246472,160893821,158983397,14091709,4350513,13485697,0,0,0,489,39756,379658414,501382310,6044965912,11101986043,1013924078,161647372,21431134252079,25080325490,3376174960,72671968,0.5,0.5,0,0,0,137736,726.0266016146832,50118,2038.2199010335607,709,367103,3917,11575,50118
87,clean-run,10000,true,uniform,READ,1111603,5628903,3412066,3399027,909843,50041,300045,0,0,0,489,39761,379666177,501451525,6045715675,11103396081,1014035309,161673148,21434122759286,25083243437,3376493544,72678637,0.5,0.5,0,0,0,121081,825.8934101964801,49971,632.3261491665165,447,8139,789,927,49971
87,clean-run,10000,true,uniform,UPDATE,1111603,5628903,3412066,3399027,909843,50041,300045,0,0,0,489,39761,379666177,501451525,6045715675,11103396081,1014035309,161673148,21434122759286,25083243437,3376493544,72678637,0.5,0.5,0,0,0,121081,825.8934101964801,50029,1773.9387355333906,614,212863,1797,4903,50029
87,avg-run,10000,true,uniform,READ,2540212,11334789,8572324,8509799,1519907,99843,535159,0,0,0,489,39764,379666850,501512544,6046161784,11104863006,1014135181,161678145,21435778931530,25085035448,3376558057,72678637,0.5,0.5,0,0,0,91546,1092.347016800297,50224,498.5814949028353,94,14759,712,866,50224
87,avg-run,10000,true,uniform,UPDATE,2540212,11334789,8572324,8509799,1519907,99843,535159,0,0,0,489,39764,379666850,501512544,6046161784,11104863006,1014135181,161678145,21435778931530,25085035448,3376558057,72678637,0.5,0.5,0,0,0,91546,1092.347016800297,49776,1321.9334619093538,464,76863,1387,2249,49776
88,extend,10000,true,uniform,EXTEND,200168632,601417229,292769367,287005361,42800610,13154016,42190805,0,0,0,489,39771,379676759,501614513,6047170184,11105416097,1014340754,161705649,21439479512260,25087763610,3377227779,72678637,0,0,0,0,1,219389,455.81136702387084,100000,2185.41804,563,235519,2783,11999,100000
88,run,10000,true,uniform,READ,202796866,605469141,296802572,291016158,43099503,13203878,42489681,0,0,0,489,39775,379679450,501678516,6047776672,11107330067,1014483607,161721462,21441546108958,25089481726,3377667827,72678637,0.5,0.5,0,0,0,127428,784.756882317858,50171,696.5343325825676,491,19983,854,986,50171
88,run,10000,true,uniform,UPDATE,202796866,605469141,296802572,291016158,43099503,13203878,42489681,0,0,0,489,39775,379679450,501678516,6047776672,11107330067,1014483607,161721462,21441546108958,25089481726,3377667827,72678637,0.5,0.5,0,0,0,127428,784.756882317858,49829,1841.1822031347208,703,34783,2283,10247,49829
88,reference,10000,true,uniform,READ,105344031,264777722,164307395,162375138,14391947,4400606,13784465,0,0,0,489,39779,379679913,501746016,6048388354,11109132488,1014594833,161752342,21443659202543,25090931538,3378058680,72678637,0.5,0.5,0,0,0,148098,675.2285648692082,49940,709.0095915098118,483,26367,874,1030,49940
88,reference,10000,true,uniform,UPDATE,105344031,264777722,164307395,162375138,14391947,4400606,13784465,0,0,0,489,39779,379679913,501746016,6048388354,11109132488,1014594833,161752342,21443659202543,25090931538,3378058680,72678637,0.5,0.5,0,0,0,148098,675.2285648692082,50060,2235.1397323212145,685,256383,5427,15223,50060
88,clean-run,10000,true,uniform,READ,1106639,5627836,3414466,3401435,909603,49996,299793,0,0,0,489,39785,379686748,501817207,6049209132,11110548395,1014711009,161778593,21446731384730,25093900732,3378416171,72678793,0.5,0.5,0,0,0,125970,793.8398031277288,50016,591.1511516314779,422,25263,757,894,50016
88,clean-run,10000,true,uniform,UPDATE,1106639,5627836,3414466,3401435,909603,49996,299793,0,0,0,489,39785,379686748,501817207,6049209132,11110548395,1014711009,161778593,21446731384730,25093900732,3378416171,72678793,0.5,0.5,0,0,0,125970,793.8398031277288,49984,1913.0672015044815,611,305407,2137,12191,49984
88,avg-run,10000,true,uniform,READ,2668501,11446298,8563329,8501130,1519667,100037,535543,0,0,0,489,39788,379687478,501880707,6049734840,11112014182,1014822497,161786000,21448451629104,25095806513,3378486947,72678793,0.5,0.5,0,0,0,87371,1144.5445285048816,49985,485.91371411423427,84,21391,700,835,49985
88,avg-run,10000,true,uniform,UPDATE,2668501,11446298,8563329,8501130,1519667,100037,535543,0,0,0,489,39788,379687478,501880707,6049734840,11112014182,1014822497,161786000,21448451629104,25095806513,3378486947,72678793,0.5,0.5,0,0,0,87371,1144.5445285048816,50015,1248.0589423173049,412,71423,1389,3983,50015
89,extend,10000,true,uniform,EXTEND,204386447,610261431,298759485,292929846,43699332,13303922,43089461,0,0,0,489,39794,379695993,501981829,6050526752,11112574694,1014990970,161813655,21451971243574,25098261130,3378996288,72678793,0,0,0,0,1,220832,452.8329227648167,100000,2199.59393,578,229503,2621,13199,100000
89,run,10000,true,uniform,READ,206964651,614246160,302796788,296944763,43997795,13353715,43387915,0,0,0,489,39798,379697794,502043713,6051127065,11114511764,1015122249,161828517,21454090167985,25099939495,3379421080,72678793,0.5,0.5,0,0,0,125113,799.2774531823231,50240,661.7574641719746,453,14071,823,982,50240
89,run,10000,true,uniform,UPDATE,206964651,614246160,302796788,296944763,43997795,13353715,43387915,0,0,0,489,39798,379697794,502043713,6051127065,11114511764,1015122249,161828517,21454090167985,25099939495,3379421080,72678793,0.5,0.5,0,0,0,125113,799.2774531823231,49760,1830.4531953376206,790,34911,2133,10759,49760
89,reference,10000,true,uniform,READ,107848526,268602988,167734323,165779039,14691603,4450609,14083169,0,0,0,489,39802,379698475,502113413,6051820298,11116294332,1015257007,161858292,21456574459213,25101702069,3379969889,72678793,0.5,0.5,0,0,0,152449,655.9570741690663,50041,705.6386563018325,468,13559,873,1028,50041
89,reference,10000,true,uniform,UPDATE,107848526,268602988,167734323,165779039,14691603,4450609,14083169,0,0,0,489,39802,379698475,502113413,6051820298,11116294332,1015257007,161858292,21456574459213,25101702069,3379969889,72678793,0.5,0.5,0,0,0,152449,655.9570741690663,49959,2328.7178086030544,658,311295,5967,16215,49959
89,clean-run,10000,true,uniform,READ,1113402,5634882,3429942,3416897,908061,49720,298176,0,0,0,489,39807,379705634,502180642,6052505175,11117708868,1015353634,161872502,21459115918855,25104254324,3380104242,72792306,0.5,0.5,0,0,0,119960,833.6112037345782,50292,636.2161974071423,473,14599,793,935,50292
89,clean-run,10000,true,uniform,UPDATE,1113402,5634882,3429942,3416897,908061,49720,298176,0,0,0,489,39807,379705634,502180642,6052505175,11117708868,1015353634,161872502,21459115918855,25104254324,3380104242,72792306,0.5,0.5,0,0,0,119960,833.6112037345782,49708,1754.10859419007,594,181759,1808,5419,49708
89,avg-run,10000,true,uniform,READ,2699544,11481788,8572131,8509638,1518125,99824,534610,0,0,0,489,39810,379706283,502243541,6053046739,11119175377,1015450581,161877571,21460864918751,25106195694,3380204327,72792306,0.5,0.5,0,0,0,93143,1073.6179852484888,49922,510.08795721325265,70,23631,729,902,49922
89,avg-run,10000,true,uniform,UPDATE,2699544,11481788,8572131,8509638,1518125,99824,534610,0,0,0,489,39810,379706283,502243541,6053046739,11119175377,1015450581,161877571,21460864918751,25106195694,3380204327,72792306,0.5,0.5,0,0,0,93143,1073.6179852484888,50078,1337.3689843843604,395,57343,1459,3961,50078
90,extend,10000,true,uniform,EXTEND,208576172,619022942,304754164,298858347,44597706,13453770,43987763,0,0,0,489,39817,379716275,502342873,6053790820,11119731540,1015664184,161906397,21464491408221,25108735454,3380750187,72792306,0,0,0,0,1,214758,465.6403952355675,100000,2138.81658,561,350463,2359,12143,100000
90,run,10000,true,uniform,READ,211006017,622941898,308782866,302865540,44897197,13503719,44287214,0,0,0,489,39820,379716730,502407287,6054475377,11121669051,1015770906,161925599,21466264308262,25110318809,3381040527,72792306,0.5,0.5,0,0,0,132538,754.5005960554709,50084,704.5731770625349,494,27903,863,1016,50084
90,run,10000,true,uniform,UPDATE,211006017,622941898,308782866,302865540,44897197,13503719,44287214,0,0,0,489,39820,379716730,502407287,6054475377,11121669051,1015770906,161925599,21466264308262,25110318809,3381040527,72792306,0.5,0.5,0,0,0,132538,754.5005960554709,49916,1933.051907204103,686,126783,2385,12455,49916
90,reference,10000,true,uniform,READ,109994783,272153349,171161145,169184151,14991588,4500643,14382512,0,0,0,489,39824,379717411,502476987,6055108639,11123459471,1015884554,161946609,21468735859496,25112031208,3381554874,72792306,0.5,0.5,0,0,0,152353,656.3704029457904,49999,722.2153843076861,491,24719,888,1053,49999
90,reference,10000,true,uniform,UPDATE,109994783,272153349,171161145,169184151,14991588,4500643,14382512,0,0,0,489,39824,379717411,502476987,6055108639,11123459471,1015884554,161946609,21468735859496,25112031208,3381554874,72792306,0.5,0.5,0,0,0,152353,656.3704029457904,50001,2308.7238655226897,678,236927,5839,15559,50001
90,clean-run,10000,true,uniform,READ,1102017,5626269,3418666,3405638,909489,49936,299514,0,0,0,489,39830,379723708,502552521,6055999140,11124871791,1016032567,161977562,21471739909919,25114931061,3381870598,72792370,0.5,0.5,0,0,0,131826,758.5756982689303,50076,650.528237079639,486,9207,812,974,50076
90,clean-run,10000,true,uniform,UPDATE,1102017,5626269,3418666,3405638,909489,49936,299514,0,0,0,489,39830,379723708,502552521,6055999140,11124871791,1016032567,161977562,21471739909919,25114931061,3381870598,72792370,0.5,0.5,0,0,0,131826,758.5756982689303,49924,1972.348089095425,643,284415,2491,11423,49924
90,avg-run,10000,true,uniform,READ,2643312,11424742,8569382,8507390,1519553,99956,535414,0,0,0,489,39833,379724522,502616791,6056514957,11126337968,1016140143,161985101,21473497734134,25116821522,3381942179,72792370,0.5,0.5,0,0,0,88591,1128.7828334706685,50006,510.0473343198816,93,27759,729,905,50006
90,avg-run,10000,true,uniform,UPDATE,2643312,11424742,8569382,8507390,1519553,99956,535414,0,0,0,489,39833,379724522,502616791,6056514957,11126337968,1016140143,161985101,21473497734134,25116821522,3381942179,72792370,0.5,0.5,0,0,0,88591,1128.7828334706685,49994,1247.6567588110572,393,66239,1406,3207,49994
91,extend,10000,true,uniform,EXTEND,212582308,627753558,310741450,304780763,45497220,13603774,44887181,0,0,0,489,39840,379733399,502717025,6057357787,11126901767,1016341351,162008429,21476952521460,25119238694,3382418289,72792370,0,0,0,0,1,220596,453.3173765616784,100000,2196.99707,518,240767,2495,13159,100000
91,run,10000,true,uniform,READ,215276478,631824160,314762874,308780678,45797544,13653865,45187524,0,0,0,489,39843,379733958,502781690,6058041241,11128847820,1016448773,162018014,21479164978050,25121048623,3382888416,72792370,0.5,0.5,0,0,0,130794,764.5610654923008,49942,709.5303952584999,498,21455,872,1019,49942
91,run,10000,true,uniform,UPDATE,215276478,631824160,314762874,308780678,45797544,13653865,45187524,0,0,0,489,39843,379733958,502781690,6058041241,11128847820,1016448773,162018014,21479164978050,25121048623,3382888416,72792370,0.5,0.5,0,0,0,130794,764.5610654923008,50058,1890.3018099005153,663,40063,2223,12591,50058
91,reference,10000,true,uniform,READ,112162682,275713280,174580872,172578309,15292650,4550859,14683188,0,0,0,489,39847,379734445,502849990,6058610817,11130645202,1016575999,162029920,21481204763596,25122445994,3383246559,72792370,0.5,0.5,0,0,0,146056,684.6688941228022,49817,721.641989682237,498,7179,890,1052,49817
91,reference,10000,true,uniform,UPDATE,112162682,275713280,174580872,172578309,15292650,4550859,14683188,0,0,0,489,39847,379734445,502849990,6058610817,11130645202,1016575999,162029920,21481204763596,25122445994,3383246559,72792370,0.5,0.5,0,0,0,146056,684.6688941228022,50183,2178.7915628798596,692,41983,5887,12511,50183
91,clean-run,10000,true,uniform,READ,1113553,5633251,3403181,3390096,911294,50238,301305,0,0,0,489,39852,379741497,502920157,6059326140,11132059781,1016682421,162052163,21484215381375,25125307164,3383529262,72905957,0.5,0.5,0,0,0,120857,827.4241458914254,49781,656.630883268717,457,14527,813,956,49781
91,clean-run,10000,true,uniform,UPDATE,1113553,5633251,3403181,3390096,911294,50238,301305,0,0,0,489,39852,379741497,502920157,6059326140,11132059781,1016682421,162052163,21484215381375,25125307164,3383529262,72905957,0.5,0.5,0,0,0,120857,827.4241458914254,50219,1740.6030984288816,637,97983,1826,8043,50219
91,avg-run,10000,true,uniform,READ,2694147,11472892,8536022,8473606,1521358,100540,537973,0,0,0,489,39855,379744294,502983954,6059864062,11133524971,1016828068,162063975,21486008436073,25127239732,3383611325,72905957,0.5,0.5,0,0,0,94857,1054.2184551482758,49724,516.3074973855684,81,21711,734,887,49724
91,avg-run,10000,true,uniform,UPDATE,2694147,11472892,8536022,8473606,1521358,100540,537973,0,0,0,489,39855,379744294,502983954,6059864062,11133524971,1016828068,162063975,21486008436073,25127239732,3383611325,72905957,0.5,0.5,0,0,0,94857,1054.2184551482758,50276,1362.4332484684542,397,153599,1448,4555,50276
92,extend,10000,true,uniform,EXTEND,216892887,636641596,316720463,310695765,46397627,13753909,45787542,0,0,0,489,39862,379754222,503083149,6060704058,11134097987,1016972789,162098897,21489643671656,25129725435,3384144732,72905957,0,0,0,0,1,218471,457.72665479628876,100000,2175.93523,571,266495,2393,13479,100000
92,run,10000,true,uniform,READ,219578362,640679651,320758739,314711656,46696223,13803710,46086165,0,0,0,489,39866,379754999,503149406,6061369389,11136115449,1017098967,162121737,21491901361574,25131461531,3384598123,72905957,0.5,0.5,0,0,0,135450,738.27980804725,50232,726.8654841535276,514,26799,882,1030,50232
92,run,10000,true,uniform,UPDATE,219578362,640679651,320758739,314711656,46696223,13803710,46086165,0,0,0,489,39866,379754999,503149406,6061369389,11136115449,1017098967,162121737,21491901361574,25131461531,3384598123,72905957,0.5,0.5,0,0,0,135450,738.27980804725,49768,1972.226430638161,838,179583,2733,12383,49768
92,reference,10000,true,uniform,READ,114288266,279242680,178015967,175991536,15592290,4600837,14982605,0,0,0,489,39870,379755515,503215806,6061951965,11137917404,1017218034,162138943,21494049983408,25132907142,3384979968,72905957,0.5,0.5,0,0,0,141361,707.4086912231803,50055,720.993087603636,503,21823,884,1036,50055
92,reference,10000,true,uniform,UPDATE,114288266,279242680,178015967,175991536,15592290,4600837,14982605,0,0,0,489,39870,379755515,503215806,6061951965,11137917404,1017218034,162138943,21494049983408,25132907142,3384979968,72905957,0.5,0.5,0,0,0,141361,707.4086912231803,49945,2092.382220442487,699,258687,3001,13063,49945
92,clean-run,10000,true,uniform,READ,1104037,5644657,3423092,3410057,909136,49862,299099,0,0,0,489,39876,379762561,503290439,6062794679,11139343798,1017353059,162169836,21497219995960,25135887737,3385335352,72906141,0.5,0.5,0,0,0,132917,752.3492104095037,50150,659.9447657028913,482,27135,817,950,50150
92,clean-run,10000,true,uniform,UPDATE,1104037,5644657,3423092,3410057,909136,49862,299099,0,0,0,489,39876,379762561,503290439,6062794679,11139343798,1017353059,162169836,21497219995960,25135887737,3385335352,72906141,0.5,0.5,0,0,0,132917,752.3492104095037,49850,1987.0159879638916,593,252799,2223,14263,49850
92,avg-run,10000,true,uniform,READ,2636718,11441505,8570073,8507234,1519261,99934,535474,0,0,0,489,39879,379763222,503356183,6063320733,11140812562,1017453536,162173521,21499045203256,25137797486,3385433733,72906141,0.5,0.5,0,0,0,94685,1056.1334952738025,49965,523.4305013509456,94,8895,743,910,49965
92,avg-run,10000,true,uniform,UPDATE,2636718,11441505,8570073,8507234,1519261,99934,535474,0,0,0,489,39879,379763222,503356183,6063320733,11140812562,1017453536,162173521,21499045203256,25137797486,3385433733,72906141,0.5,0.5,0,0,0,94685,1056.1334952738025,50035,1355.840771459978,424,76415,1501,8171,50035
93,extend,10000,true,uniform,EXTEND,221208682,645485863,322717594,316626645,47296498,13903765,46686252,0,0,0,489,39886,379772775,503457383,6064089743,11141403021,1017655746,162209708,21502900742513,25140378574,3386047587,72906141,0,0,0,0,1,219917,454.71700687077396,100000,2190.40838,596,283135,2465,13271,100000
93,run,10000,true,uniform,READ,223720504,649367237,326753607,320641149,47595320,13953593,46985142,0,0,0,489,39891,379774869,503528309,6064954474,11143461538,1017804350,162246069,21505237397594,25142086023,3386484709,72921759,0.5,0.5,0,0,0,144746,690.8653779724483,50194,730.5102203450612,517,9695,892,1060,50194
93,run,10000,true,uniform,UPDATE,223720504,649367237,326753607,320641149,47595320,13953593,46985142,0,0,0,489,39891,379774869,503528309,6064954474,11143461538,1017804350,162246069,21505237397594,25142086023,3386484709,72921759,0.5,0.5,0,0,0,144746,690.8653779724483,49806,2154.851403445368,677,417791,3783,16031,49806
93,reference,10000,true,uniform,READ,116471362,282791506,181449509,179402983,15892182,4650860,15282384,0,0,0,489,39894,379775227,503592609,6065478634,11145242728,1017899443,162254512,21507295106473,25143472266,3386830840,72921759,0.5,0.5,0,0,0,136017,735.2022173698875,50010,729.8902019596081,510,22831,889,1044,50010
93,reference,10000,true,uniform,UPDATE,116471362,282791506,181449509,179402983,15892182,4650860,15282384,0,0,0,489,39894,379775227,503592609,6065478634,11145242728,1017899443,162254512,21507295106473,25143472266,3386830840,72921759,0.5,0.5,0,0,0,136017,735.2022173698875,49990,1975.28849769954,687,336895,2515,11495,49990
93,clean-run,10000,true,uniform,READ,1122887,5635343,3420468,3407456,909604,49920,299475,0,0,0,489,39899,379783037,503665932,6066246423,11146686146,1018008312,162284564,21510412428310,25146390581,3387146928,72921932,0.5,0.5,0,0,0,124909,800.5828242960876,50092,668.891020522239,502,25103,823,975,50092
93,clean-run,10000,true,uniform,UPDATE,1122887,5635343,3420468,3407456,909604,49920,299475,0,0,0,489,39899,379783037,503665932,6066246423,11146686146,1018008312,162284564,21510412428310,25146390581,3387146928,72921932,0.5,0.5,0,0,0,124909,800.5828242960876,49908,1815.8488017953034,621,145535,1956,10655,49908
93,avg-run,10000,true,uniform,READ,2669150,11444007,8574834,8512005,1519730,99939,535419,0,0,0,489,39903,379785624,503733108,6066772588,11148159787,1018162472,162288066,21512257646339,25148304995,3387224256,72921932,0.5,0.5,0,0,0,91693,1090.5957924814327,50018,527.4484585549202,43,25535,743,866,50018
93,avg-run,10000,true,uniform,UPDATE,2669150,11444007,8574834,8512005,1519730,99939,535419,0,0,0,489,39903,379785624,503733108,6066772588,11148159787,1018162472,162288066,21512257646339,25148304995,3387224256,72921932,0.5,0.5,0,0,0,91693,1090.5957924814327,49982,1292.6670801488535,433,64927,1455,3295,49982
94,extend,10000,true,uniform,EXTEND,225342232,654197993,328713927,322558150,48196351,14053648,47585498,0,0,0,489,39910,379796772,503835343,6067658371,11148751138,1018341142,162320915,21515997297960,25150767431,3387751227,72921932,0,0,0,0,1,224367,445.69834244786443,100000,2235.35709,587,361471,2631,13583,100000
94,run,10000,true,uniform,READ,228133975,658255573,332745790,326568507,48496003,14103625,47885475,0,0,0,489,39914,379800558,503901648,6068393861,11150803445,1018467328,162338409,21518471559006,25152590469,3388265275,72921932,0.5,0.5,0,0,0,132624,754.0113403305586,50056,706.9800623301902,481,16527,868,1017,50056
94,run,10000,true,uniform,UPDATE,228133975,658255573,332745790,326568507,48496003,14103625,47885475,0,0,0,489,39914,379800558,503901648,6068393861,11150803445,1018467328,162338409,21518471559006,25152590469,3388265275,72921932,0.5,0.5,0,0,0,132624,754.0113403305586,49944,1930.9769341662661,722,172287,2631,10903,49944
94,reference,10000,true,uniform,READ,118651644,286352152,184880742,182812330,16192446,4700937,15582529,0,0,0,489,39918,379801019,503968248,6068969772,11152610712,1018593151,162346239,21520562918767,25153996520,3388616329,72921932,0.5,0.5,0,0,0,140613,711.1717977711876,49956,730.5689807030186,501,22863,891,1044,49956
94,reference,10000,true,uniform,UPDATE,118651644,286352152,184880742,182812330,16192446,4700937,15582529,0,0,0,489,39918,379801019,503968248,6068969772,11152610712,1018593151,162346239,21520562918767,25153996520,3388616329,72921932,0.5,0.5,0,0,0,140613,711.1717977711876,50044,2065.2932419470867,724,291327,4053,11087,50044
94,clean-run,10000,true,uniform,READ,1132392,5628989,3421393,3408361,909996,49930,299685,0,0,0,489,39923,379807953,504041817,6069728587,11154055761,1018702673,162369797,21523748542182,25156937073,3388949013,72922219,0.5,0.5,0,0,0,125281,798.2056337353629,50082,673.5519148596302,497,9559,831,973,50082
94,clean-run,10000,true,uniform,UPDATE,1132392,5628989,3421393,3408361,909996,49930,299685,0,0,0,489,39923,379807953,504041817,6069728587,11154055761,1018702673,162369797,21523748542182,25156937073,3388949013,72922219,0.5,0.5,0,0,0,125281,798.2056337353629,49918,1818.3188829680676,624,128639,1970,9983,49918
94,avg-run,10000,true,uniform,READ,2715127,11467935,8584620,8522417,1520060,99708,535099,0,0,0,489,39927,379811677,504108056,6070267962,11155532484,1018848824,162376570,21525613942565,25158868135,3389026493,72922219,0.5,0.5,0,0,0,88341,1131.9772246182406,50248,530.6058350581118,91,29407,739,882,50248
94,avg-run,10000,true,uniform,UPDATE,2715127,11467935,8584620,8522417,1520060,99708,535099,0,0,0,489,39927,379811677,504108056,6070267962,11155532484,1018848824,162376570,21525613942565,25158868135,3389026493,72922219,0.5,0.5,0,0,0,88341,1131.9772246182406,49752,1226.096960926194,385,71551,1410,2787,49752
95,extend,10000,true,uniform,EXTEND,229774441,663095564,334706388,328486704,49099384,14203669,48486745,0,0,0,489,39934,379821838,504210190,6071136335,11156124737,1019029796,162401557,21529434807229,25161362867,3389575810,72922219,0,0,0,0,1,219574,455.427327461357,100000,2187.17896,580,194559,2579,12175,100000
95,run,10000,true,uniform,READ,232542377,667111223,338756951,332514805,49398208,14253508,48786636,0,0,0,489,39938,379826650,504275939,6071836358,11158199828,1019152739,162422120,21531926951631,25163148092,3390083062,72922219,0.5,0.5,0,0,0,133306,750.1537815252127,50194,711.4831653185639,498,5627,867,996,50194
95,run,10000,true,uniform,UPDATE,232542377,667111223,338756951,332514805,49398208,14253508,48786636,0,0,0,489,39938,379826650,504275939,6071836358,11158199828,1019152739,162422120,21531926951631,25163148092,3390083062,72922219,0.5,0.5,0,0,0,133306,750.1537815252127,49806,1943.5100991848371,696,38943,2469,11359,49806
95,reference,10000,true,uniform,READ,120866788,289913819,188319661,186224543,16492028,4750913,15882061,0,0,0,489,39943,379827302,504346939,6072467137,11160029718,1019291018,162460784,21534152102912,25164592307,3390472156,72922219,0.5,0.5,0,0,0,155925,641.333974667308,50068,743.517815770552,507,11159,907,1070,50068
95,reference,10000,true,uniform,UPDATE,120866788,289913819,188319661,186224543,16492028,4750913,15882061,0,0,0,489,39943,379827302,504346939,6072467137,11160029718,1019291018,162460784,21534152102912,25164592307,3390472156,72922219,0.5,0.5,0,0,0,155925,641.333974667308,49932,2361.198189537771,710,206335,7175,15543,49932
95,clean-run,10000,true,uniform,READ,1123855,5637139,3410490,3397456,912768,50217,301840,0,0,0,489,39949,379832636,504421634,6073239784,11161479566,1019406248,162485164,21537361718720,25167531797,3390802073,72922248,0.5,0.5,0,0,0,130669,765.2924565122562,49795,690.1958228737825,513,29375,844,992,49795
95,clean-run,10000,true,uniform,UPDATE,1123855,5637139,3410490,3397456,912768,50217,301840,0,0,0,489,39949,379832636,504421634,6073239784,11161479566,1019406248,162485164,21537361718720,25167531797,3390802073,72922248,0.5,0.5,0,0,0,130669,765.2924565122562,50205,1902.9796434618065,561,178047,2205,13951,50205
95,avg-run,10000,true,uniform,READ,2643669,11413006,8547014,8484165,1522894,100525,539512,0,0,0,489,39952,379833349,504486670,6073763866,11162950471,1019500508,162490174,21539267540978,25169437204,3390904147,72922248,0.5,0.5,0,0,0,91049,1098.3097013695922,49729,532.0328781998431,82,24943,749,900,49729
95,avg-run,10000,true,uniform,UPDATE,2643669,11413006,8547014,8484165,1522894,100525,539512,0,0,0,489,39952,379833349,504486670,6073763866,11162950471,1019500508,162490174,21539267540978,25169437204,3390904147,72922248,0.5,0.5,0,0,0,91049,1098.3097013695922,50271,1270.8148236557856,392,75455,1512,5563,50271
96,extend,10000,true,uniform,EXTEND,234190798,671963294,340725590,334439897,50009340,14353563,49390837,0,0,0,489,39959,379843286,504587439,6074553087,11163551685,1019693113,162519109,21543225671716,25172045485,3391518329,72922248,0,0,0,0,1,218269,458.15026412362727,100000,2174.23643,580,327167,2507,12295,100000
96,run,10000,true,uniform,READ,237138880,676173630,344798342,338489389,50309236,14403604,49694063,0,0,0,489,39964,379845305,504658155,6075446834,11165635676,1019848212,162546289,21545923723929,25174052873,3392088899,72922248,0.5,0.5,0,0,0,137566,726.9238038468808,50014,736.8282480905347,519,13199,892,1042,50014
96,run,10000,true,uniform,UPDATE,237138880,676173630,344798342,338489389,50309236,14403604,49694063,0,0,0,489,39964,379845305,504658155,6075446834,11165635676,1019848212,162546289,21545923723929,25174052873,3392088899,72922248,0.5,0.5,0,0,0,137566,726.9238038468808,49986,1999.8922698355539,696,189055,2517,13783,49986
96,reference,10000,true,uniform,READ,123453395,293762414,191745224,189620965,16793086,4801138,16183118,0,0,0,489,39968,379845896,504726055,6076012431,11167468279,1019957219,162573720,21548253399715,25175522137,3392497996,72922248,0.5,0.5,0,0,0,147934,675.9771249340922,49819,744.9902045404364,503,12895,906,1076,49819
96,reference,10000,true,uniform,UPDATE,123453395,293762414,191745224,189620965,16793086,4801138,16183118,0,0,0,489,39968,379845896,504726055,6076012431,11167468279,1019957219,162573720,21548253399715,25175522137,3392497996,72922248,0.5,0.5,0,0,0,147934,675.9771249340922,50181,2193.3371395548115,709,262399,4151,15615,50181
96,clean-run,10000,true,uniform,READ,1151253,5657858,3437417,3424386,915097,50008,301986,0,0,0,489,39973,379852100,504798677,6076721945,11168931249,1020054932,162594777,21551051865815,25178127115,3392662532,73044686,0.5,0.5,0,0,0,123902,807.0894739390809,50004,675.0386169106472,495,13655,829,969,50004
96,clean-run,10000,true,uniform,UPDATE,1151253,5657858,3437417,3424386,915097,50008,301986,0,0,0,489,39973,379852100,504798677,6076721945,11168931249,1020054932,162594777,21551051865815,25178127115,3392662532,73044686,0.5,0.5,0,0,0,123902,807.0894739390809,49996,1788.0356028482279,491,113791,1909,10015,49996
96,avg-run,10000,true,uniform,READ,2732517,11495543,8583795,8521505,1525160,100240,539391,0,0,0,489,39977,379854340,504866273,6077263493,11170405097,1020192437,162606754,21552948227808,25180063805,3392743337,73044686,0.5,0.5,0,0,0,94724,1055.6986613740974,49794,538.3567698919549,50,35359,757,898,49794
96,avg-run,10000,true,uniform,UPDATE,2732517,11495543,8583795,8521505,1525160,100240,539391,0,0,0,489,39977,379854340,504866273,6077263493,11170405097,1020192437,162606754,21552948227808,25180063805,3392743337,73044686,0.5,0.5,0,0,0,94724,1055.6986613740974,50206,1339.174540891527,402,80063,1475,6387,50206
97,extend,10000,true,uniform,EXTEND,238436077,680775154,346787811,340430172,50941221,14503648,50307421,0,0,0,489,39984,379863647,504968378,6078086311,11170987769,1020386390,162632334,21556903627134,25182790415,3393352679,73044686,0,0,0,0,1,220456,453.6052545632689,100000,2195.93745,567,212863,2463,13439,100000
97,run,10000,true,uniform,READ,241320556,685036901,350968859,344588834,51248527,14553529,50617663,0,0,0,489,39988,379864164,505037735,6078911465,11173033952,1020516046,162656959,21558998606164,25184679254,3393762083,73052180,0.5,0.5,0,0,0,138561,721.7037983270906,50163,739.4629308454439,519,11447,901,1060,50163
97,run,10000,true,uniform,UPDATE,241320556,685036901,350968859,344588834,51248527,14553529,50617663,0,0,0,489,39988,379864164,505037735,6078911465,11173033952,1020516046,162656959,21558998606164,25184679254,3393762083,73052180,0.5,0.5,0,0,0,138561,721.7037983270906,49837,2020.1476814414993,710,138751,3933,12191,49837
97,reference,10000,true,uniform,READ,125697603,297340021,195185690,193037357,17103058,4851423,16486443,0,0,0,489,39992,379864724,505106735,6079504958,11174885442,1020626668,162685220,21561425304489,25186195320,3394186158,73052180,0.5,0.5,0,0,0,150785,663.1959412408396,49748,749.840938329179,524,11175,915,1079,49748
97,reference,10000,true,uniform,UPDATE,125697603,297340021,195185690,193037357,17103058,4851423,16486443,0,0,0,489,39992,379864724,505106735,6079504958,11174885442,1020626668,162685220,21561425304489,25186195320,3394186158,73052180,0.5,0.5,0,0,0,150785,663.1959412408396,50252,2242.1806296266814,712,395519,3431,16831,50252
97,clean-run,10000,true,uniform,READ,1220893,5780179,3526643,3513615,939030,49986,309684,0,0,0,489,39998,379871550,505181421,6080241026,11176411065,1020755421,162714451,21564321948778,25188871196,3394366764,73174577,0.5,0.5,0,0,0,129867,770.0185574472345,50026,690.3389637388558,500,9391,846,976,50026
97,clean-run,10000,true,uniform,UPDATE,1220893,5780179,3526643,3513615,939030,49986,309684,0,0,0,489,39998,379871550,505181421,6080241026,11176411065,1020755421,162714451,21564321948778,25188871196,3394366764,73174577,0.5,0.5,0,0,0,129867,770.0185574472345,49974,1892.904830511866,645,87231,2095,12543,49974
97,avg-run,10000,true,uniform,READ,2823813,11645492,8727639,8664615,1549156,99819,545490,0,0,0,489,40001,379872260,505249692,6080778989,11177909741,1020849564,162721247,21566266283555,25190800628,3394473201,73174577,0.5,0.5,0,0,0,97910,1021.346134204882,50204,541.0863875388416,73,13103,758,902,50204
97,avg-run,10000,true,uniform,UPDATE,2823813,11645492,8727639,8664615,1549156,99819,545490,0,0,0,489,40001,379872260,505249692,6080778989,11177909741,1020849564,162721247,21566266283555,25190800628,3394473201,73174577,0.5,0.5,0,0,0,97910,1021.346134204882,49796,1406.529721262752,435,55647,1553,7311,49796
98,extend,10000,true,uniform,EXTEND,242705968,689797851,353023890,346597594,51917798,14653584,51255472,0,0,0,489,40008,379881685,505352656,6081593685,11178506883,1021049106,162752865,21570188749767,25193621536,3395093988,73174577,0,0,0,0,1,221640,451.1820970943873,100000,2207.45734,573,317695,2461,11655,100000
98,run,10000,true,uniform,READ,245678753,694154348,357435114,350986443,52261425,14703568,51585056,0,0,0,489,40012,379884183,505421997,6082437548,11180643043,1021185356,162769364,21572457833230,25195607043,3395584894,73177288,0.5,0.5,0,0,0,138280,723.1703789412786,50060,743.9327806632042,526,22287,902,1054,50060
98,run,10000,true,uniform,UPDATE,245678753,694154348,357435114,350986443,52261425,14703568,51585056,0,0,0,489,40012,379884183,505421997,6082437548,11180643043,1021185356,162769364,21572457833230,25195607043,3395584894,73177288,0.5,0.5,0,0,0,138280,723.1703789412786,49940,2008.2781537845415,660,56991,2679,13095,49940
98,reference,10000,true,uniform,READ,128021556,301010484,198760494,196589165,17446269,4901317,16797595,0,0,0,489,40017,379884787,505492297,6083054199,11182576282,1021318635,162798460,21574923053416,25197203057,3396017278,73177288,0.5,0.5,0,0,0,153514,651.4063863882121,50139,763.0435389616865,522,12047,926,1107,50139
98,reference,10000,true,uniform,UPDATE,128021556,301010484,198760494,196589165,17446269,4901317,16797595,0,0,0,489,40017,379884787,505492297,6083054199,11182576282,1021318635,162798460,21574923053416,25197203057,3396017278,73177288,0.5,0.5,0,0,0,153514,651.4063863882121,49861,2295.768255750988,691,252671,6423,13887,49861
98,clean-run,10000,true,uniform,READ,1369831,6073477,3804703,3791673,1020599,50028,335511,0,0,0,489,40023,379891785,505567581,6083819020,11184275630,1021445014,162820443,21577889014157,25200049979,3396207039,73290157,0.5,0.5,0,0,0,134429,743.8871076925366,49984,710.9833546734956,505,22559,865,999,49984
98,clean-run,10000,true,uniform,UPDATE,1369831,6073477,3804703,3791673,1020599,50028,335511,0,0,0,489,40023,379891785,505567581,6083819020,11184275630,1021445014,162820443,21577889014157,25200049979,3396207039,73290157,0.5,0.5,0,0,0,134429,743.8871076925366,50016,1962.5310500639796,644,140287,2071,12479,50016
98,avg-run,10000,true,uniform,READ,3264181,12420236,9738251,9675566,1730725,100089,612028,0,0,0,489,40026,379892351,505636379,6084408364,11186108851,1021530929,162822762,21579891080501,25202200929,3396320039,73290157,0.5,0.5,0,0,0,95758,1044.2991708264583,49976,562.1578957899792,90,20095,786,951,49976
98,avg-run,10000,true,uniform,UPDATE,3264181,12420236,9738251,9675566,1730725,100089,612028,0,0,0,489,40026,379892351,505636379,6084408364,11186108851,1021530929,162822762,21579891080501,25202200929,3396320039,73290157,0.5,0.5,0,0,0,95758,1044.2991708264583,50024,1338.2128578282425,384,147967,1503,4267,50024
99,extend,10000,true,uniform,EXTEND,247057825,698979637,359608366,353115247,52950894,14803612,52259739,0,0,0,489,40034,379903626,505738862,6085409143,11186711759,1021759702,162860937,21583975744159,25205280351,3397063556,73290157,0,0,0,0,1,224438,445.5573476862207,100000,2235.58482,547,251007,2721,13143,100000
99,run,10000,true,uniform,READ,249747222,703046778,364168666,357654050,53302270,14853850,52603830,0,0,0,489,40037,379903942,505805452,6086227226,11188866849,1021877333,162877892,21585857285236,25207136826,3397399541,73290575,0.5,0.5,0,0,0,135210,739.5902669920864,49784,752.6914671380363,541,11815,907,1069,49784
99,run,10000,true,uniform,UPDATE,249747222,703046778,364168666,357654050,53302270,14853850,52603830,0,0,0,489,40037,379903942,505805452,6086227226,11188866849,1021877333,162877892,21585857285236,25207136826,3397399541,73290575,0.5,0.5,0,0,0,135210,739.5902669920864,50216,1930.677752110881,774,229759,2119,12231,50216
99,reference,10000,true,uniform,READ,130008364,304390202,202475359,200281564,17796529,4951408,17123917,0,0,0,489,40042,379904505,505881452,6086965781,11190858159,1022028344,162906830,21588161956885,25208769178,3397832314,73290575,0.5,0.5,0,0,0,166431,600.8496013362895,49942,785.1527171518962,537,22527,949,1122,49942
99,reference,10000,true,uniform,UPDATE,130008364,304390202,202475359,200281564,17796529,4951408,17123917,0,0,0,489,40042,379904505,505881452,6086965781,11190858159,1022028344,162906830,21588161956885,25208769178,3397832314,73290575,0.5,0.5,0,0,0,166431,600.8496013362895,50058,2525.893323744456,690,178559,8071,16287,50058
99,clean-run,10000,true,uniform,READ,1407117,6175484,3913168,3900127,1048467,50033,345497,0,0,0,489,40048,379910136,505956294,6087823123,11192612218,1022134656,162935100,21591661644916,25212099084,3398225055,73290619,0.5,0.5,0,0,0,133153,751.0157488002524,49979,711.614137937934,517,34591,865,997,49979
99,clean-run,10000,true,uniform,UPDATE,1407117,6175484,3913168,3900127,1048467,50033,345497,0,0,0,489,40048,379910136,505956294,6087823123,11192612218,1022134656,162935100,21591661644916,25212099084,3398225055,73290619,0.5,0.5,0,0,0,133153,751.0157488002524,50021,1935.9801283460947,626,185727,2097,9783,50021
99,avg-run,10000,true,uniform,READ,3304439,12524813,9902335,9839524,1758593,99782,619655,0,0,0,489,40052,379911867,506023640,6088402605,11194460773,1022260781,162946827,21593697554352,25214226337,3398321826,73290619,0.5,0.5,0,0,0,92589,1080.0419056259384,50288,533.2457047406936,91,21007,781,964,50288
99,avg-run,10000,true,uniform,UPDATE,3304439,12524813,9902335,9839524,1758593,99782,619655,0,0,0,489,40052,379911867,506023640,6088402605,11194460773,1022260781,162946827,21593697554352,25214226337,3398321826,73290619,0.5,0.5,0,0,0,92589,1080.0419056259384,49712,1308.8685629224333,386,107135,1471,2447,49712
100,extend,10000,true,uniform,EXTEND,251634151,708340962,366399394,359840247,53998640,14953916,53295091,0,0,0,489,40059,379922081,506126273,6089351209,11195073344,1022443616,162979879,21597736941789,25217321857,3399050189,73290619,0,0,0,0,1,223853,446.7217325655676,100000,2230.47127,564,368383,2803,12351,100000
100,run,10000,true,uniform,READ,254670305,712747579,371021016,364439495,54350648,15004251,53644633,0,0,0,489,40063,379926571,506196497,6090205790,11197230274,1022571783,163006204,21599960114023,25219373388,3399591225,73290619,0.5,0.5,0,0,0,143345,697.6176357738324,49698,753.1885790172643,540,10663,912,1089,49698
100,run,10000,true,uniform,UPDATE,254670305,712747579,371021016,364439495,54350648,15004251,53644633,0,0,0,489,40063,379926571,506196497,6090205790,11197230274,1022571783,163006204,21599960114023,25219373388,3399591225,73290619,0.5,0.5,0,0,0,143345,697.6176357738324,50302,2090.7549600413504,746,175743,5035,13271,50302
100,reference,10000,true,uniform,READ,132826580,308402728,206298279,204078036,18146373,5001447,17459193,0,0,0,489,40067,379926997,506265897,6090789550,11199234374,1022695717,163020460,21602277867616,25220969401,3400014415,73290619,0.5,0.5,0,0,0,149784,667.6280510601933,50005,769.4564343565644,543,7663,933,1102,50005
100,reference,10000,true,uniform,UPDATE,132826580,308402728,206298279,204078036,18146373,5001447,17459193,0,0,0,489,40067,379926997,506265897,6090789550,11199234374,1022695717,163020460,21602277867616,25220969401,3400014415,73290619,0.5,0.5,0,0,0,149784,667.6280510601933,49995,2210.128112811281,700,205439,4015,16191,49995
100,clean-run,10000,true,uniform,READ,1441126,6199511,3935298,3922258,1057253,50204,349761,0,0,0,489,40073,379933719,506340583,6091585791,11201007443,1022838412,163034900,21605317080704,25223915440,3400207380,73400512,0.5,0.5,0,0,0,131253,761.8873473368228,49808,702.7887086411821,514,7787,863,1007,49808
100,clean-run,10000,true,uniform,UPDATE,1441126,6199511,3935298,3922258,1057253,50204,349761,0,0,0,489,40073,379933719,506340583,6091585791,11201007443,1022838412,163034900,21605317080704,25223915440,3400207380,73400512,0.5,0.5,0,0,0,131253,761.8873473368228,50192,1902.373445967485,651,232831,2005,8075,50192
100,avg-run,10000,true,uniform,READ,3378929,12594449,9925876,9863174,1767379,100032,624059,0,0,0,489,40077,379934527,506409152,6092180028,11202851849,1022969053,163047986,21607363192450,25226078550,3400314209,73400512,0.5,0.5,0,0,0,98331,1016.9732841118264,50209,566.27722121532,98,9703,788,931,50209
100,avg-run,10000,true,uniform,UPDATE,3378929,12594449,9925876,9863174,1767379,100032,624059,0,0,0,489,40077,379934527,506409152,6092180028,11202851849,1022969053,163047986,21607363192450,25226078550,3400314209,73400512,0.5,0.5,0,0,0,98331,1016.9732841118264,49791,1389.6292703500633,396,116543,1535,5079,49791
