Epoch,Phase,Recordcount,Readallfields,Requestdist,Operation,blks_read,blks_hit,tup_returned,tup_fetched,tup_inserted,tup_updated,tup_deleted,deadlocks,temp_files,temp_bytes,checkpoints_timed,checkpoints_req,buffers_checkpoint,buffers_clean,buffers_backend,buffers_alloc,checkpoint_write_time,checkpoint_sync_time,wal_bytes,wal_records,wal_fpi,wal_buffers_full,Readprop,Updateprop,Scanprop,Insertprop,Extendprop,Runtime(ms),Throughput(ops/sec),Operations,AverageLatency(us),MinLatency(us),MaxLatency(us),95thPercentileLatency(us),99thPercentileLatency(us),Return=OK
0,load,1000,true,uniform,INSERT,1,5297,1085,998,1046,1,0,0,0,0,169,677,1332439,9717520,78166856,433343003,21646571,1391825,281317029392,272754154,36101919,3220981,0,0,0,1,0,1868,535.3319057815846,1000,1358.048,909,10479,1718,1841,1000
1,extend,1000,true,uniform,EXTEND,2,113485,27348,23888,1962,10001,143,0,0,0,169,677,1332439,9717520,78166856,433343790,21646571,1391825,281327011934,272790909,36101924,3220981,0,0,0,0,1,13875,720.7207207207207,10000,1343.6861,854,15887,1978,2137,10000
1,run,1000,true,uniform,READ,2,629753,201789,195604,1962,10001,143,0,0,0,169,677,1332439,9717520,78166856,433343793,21646571,1391825,281327024993,272791116,36101924,3220981,1,0,0,0,0,3921,25503.69803621525,100000,34.61104,22,13399,51,86,100000
1,reference,1000,true,uniform,READ,1,306668,103425,101457,1119,1,0,0,0,0,169,677,1332439,9717520,78166856,433343793,21646571,1391825,281327025354,272791121,36101924,3220981,1,0,0,0,0,3247,30797.65937788728,100000,27.70844,18,12015,39,73,100000
1,clean-run,1000,true,uniform,READ,8,507515,169339,168252,1718,1,0,0,0,0,169,678,1334325,9717520,78168093,433345082,21646611,1391843,281333699131,272794145,36102869,3221009,1,0,0,0,0,4038,24764.735017335315,100000,35.80771,19,13391,48,76,100000
1,avg-run,1000,true,uniform,READ,10,1118581,373789,369640,3718,5,0,0,0,0,169,678,1334325,9717520,78168093,433345381,21646611,1391843,281336095394,272799181,36102871,3221009,1,0,0,0,0,3705,26990.55330634278,100000,32.27349,22,11375,43,78,100000
2,extend,1000,true,uniform,EXTEND,2,813690,272436,240464,5842,20001,1935,0,0,0,169,678,1334325,9717520,78168093,433346041,21646611,1391843,281349746179,272844876,36103568,3221009,0,0,0,0,1,14782,676.4984440535786,10000,1433.4017,872,16031,2031,2189,10000
2,run,1000,true,uniform,READ,2,1953534,654345,620058,5842,20001,1935,0,0,0,169,678,1334325,9717520,78168093,433346041,21646611,1391843,281349762569,272845134,36103568,3221009,1,0,0,0,0,4495,22246.94104560623,100000,40.22894,24,14855,53,88,100000
2,reference,1000,true,uniform,READ,1,609164,206695,202687,1119,1,0,0,0,0,169,678,1334325,9717520,78168093,433346041,21646611,1391843,281349762569,272845134,36103568,3221009,1,0,0,0,0,3694,27070.92582566324,100000,31.99471,21,12255,46,78,100000
2,clean-run,1000,true,uniform,READ,8,1122392,371432,369468,3872,1,0,0,0,0,169,679,1335680,9717520,78169423,433347492,21646628,1391849,281358046562,272852650,36104508,3221036,1,0,0,0,0,4921,20321.0729526519,100000,44.41299,23,12063,59,93,100000
2,avg-run,1000,true,uniform,READ,10,2649258,876804,871778,8872,5,0,0,0,0,169,679,1335680,9717520,78169423,433347935,21646628,1391849,281361881895,272863693,36104510,3221036,1,0,0,0,0,4602,21729.6827466319,100000,41.04982,28,16495,59,95,100000
3,extend,1000,true,uniform,EXTEND,2,2234254,751989,690632,11228,30012,5636,0,0,0,169,679,1335680,9717520,78169423,433348259,21646628,1391849,281377769751,272919084,36105916,3221036,0,0,0,0,1,15020,665.7789613848203,10000,1457.2493,785,18351,2027,2197,10000
3,run,1000,true,uniform,READ,2,3852551,1293645,1231016,11228,30012,5636,0,0,0,169,679,1335680,9717520,78169423,433348262,21646628,1391849,281377783661,272919304,36105916,3221036,1,0,0,0,0,4949,20206.10224287735,100000,44.79772,26,12703,60,98,100000
3,reference,1000,true,uniform,READ,1,911733,310855,303931,1119,1,0,0,0,0,169,679,1335680,9717520,78169423,433348262,21646628,1391849,281377783661,272919304,36105916,3221036,1,0,0,0,0,3902,25627.883136852895,100000,34.20144,21,14207,45,77,100000
3,clean-run,1000,true,uniform,READ,8,1588443,523493,522406,5261,1,0,0,0,0,169,680,1337425,9717520,78170747,433349802,21646648,1391855,281386950493,272929441,36106855,3221064,1,0,0,0,0,4807,20802.99563137092,100000,43.28729,25,12959,64,99,100000
3,avg-run,1000,true,uniform,READ,10,3745128,1235224,1230198,12484,5,0,0,0,0,169,680,1337425,9717520,78170747,433350470,21646648,1391855,281392549992,272945276,36106858,3221064,1,0,0,0,0,5053,19790.223629527012,100000,45.69822,30,14983,58,93,100000
4,extend,1000,true,uniform,EXTEND,2,4177320,1404146,1315642,17296,40012,10596,0,0,0,169,680,1337425,9717520,78170747,433351391,21646648,1391855,281413369304,273000037,36108301,3221064,0,0,0,0,1,15519,644.3714156840002,10000,1505.9147,882,17631,2049,2233,10000
4,run,1000,true,uniform,READ,2,6127737,2056403,1966595,17296,40012,10596,0,0,0,169,680,1337425,9717520,78170747,433351391,21646648,1391855,281413383911,273000268,36108301,3221064,1,0,0,0,0,5814,17199.862401100792,100000,53.57422,30,13879,72,108,100000
4,reference,1000,true,uniform,READ,1,1214229,414125,405161,1119,1,0,0,0,0,169,680,1337425,9717520,78170747,433351391,21646648,1391855,281414798211,273007651,36108563,3221064,1,0,0,0,0,3661,27314.94127287626,100000,31.77621,21,13791,46,80,100000
4,clean-run,1000,true,uniform,READ,8,1920620,632307,631220,6343,1,0,0,0,0,169,681,1340163,9717520,78173061,433353124,21646674,1391860,281425149471,273019968,36109505,3221125,1,0,0,0,0,5101,19603.99921584003,100000,46.23287,27,14807,62,101,100000
4,avg-run,1000,true,uniform,READ,10,4385886,1445066,1440040,14616,5,0,0,0,0,169,681,1340163,9717520,78173061,433353942,21646674,1391860,281432013603,273038039,36109508,3221125,1,0,0,0,0,5267,18986.14011771407,100000,47.82728,32,15095,70,102,100000
5,extend,1000,true,uniform,EXTEND,2,6516400,2184429,2068198,24148,50023,16587,0,0,0,169,681,1340163,9717520,78173061,433353997,21646674,1391860,281451767501,273094508,36111220,3221125,0,0,0,0,1,14877,672.1785306177321,10000,1441.4942,710,18335,2040,2215,10000
5,run,1000,true,uniform,READ,2,8695054,2912943,2795406,24148,50023,16587,0,0,0,169,681,1340163,9717520,78173061,433354000,21646674,1391860,281451782399,273094742,36111220,3221125,1,0,0,0,0,5848,17099.86320109439,100000,53.94018,32,13623,70,108,100000
5,reference,1000,true,uniform,READ,1,1516798,518285,506405,1119,1,0,0,0,0,169,681,1340163,9717520,78173061,433354000,21646674,1391860,281451782399,273094742,36111220,3221125,1,0,0,0,0,3554,28137.310073157005,100000,30.58301,18,10863,41,71,100000
5,clean-run,1000,true,uniform,READ,8,2169950,714165,712201,7410,1,0,0,0,0,169,682,1342533,9717520,78174739,433355911,21646697,1391864,281463896813,273109799,36112160,3221349,1,0,0,0,0,5256,19025.875190258754,100000,47.81825,30,14839,69,111,100000
5,avg-run,1000,true,uniform,READ,10,4612814,1520242,1515216,15410,5,0,0,0,0,169,682,1342533,9717520,78174739,433356780,21646697,1391864,281471175972,273126852,36112162,3221349,1,0,0,0,0,5687,17583.963425356076,100000,52.09625,33,13855,72,108,100000
6,extend,1000,true,uniform,EXTEND,2,9113082,3049880,2906133,31526,60034,23352,0,0,0,169,682,1342533,9717520,78174739,433357561,21646697,1391864,281497874742,273194475,36114638,3221349,0,0,0,0,1,15788,633.3924499619965,10000,1531.4131,767,18159,2083,2303,10000
6,run,1000,true,uniform,READ,2,11452365,3832038,3686886,31526,60034,23352,0,0,0,169,682,1342533,9717520,78174739,433357561,21646697,1391864,281497880069,273194562,36114638,3221349,1,0,0,0,0,6205,16116.035455278,100000,57.30391,32,14247,75,116,100000
6,reference,1000,true,uniform,READ,1,1819294,621555,607635,1119,1,0,0,0,0,169,682,1342533,9717520,78174739,433357561,21646697,1391864,281497880069,273194562,36114638,3221349,1,0,0,0,0,3653,27374.76047084588,100000,31.7041,21,13199,45,75,100000
6,clean-run,1000,true,uniform,READ,8,2326351,765079,763992,7672,1,0,0,0,0,169,683,1346098,9717520,78177404,433359533,21646730,1391873,281510404031,273209553,36115577,3221666,1,0,0,0,0,5903,16940.53870913095,100000,54.22494,32,12999,72,115,100000
6,avg-run,1000,true,uniform,READ,10,5103087,1680359,1675253,17045,22,0,0,0,0,169,683,1346098,9717520,78177404,433360590,21646730,1391873,281519656464,273230114,36115581,3221666,1,0,0,0,0,5864,17053.20600272851,100000,54.09229,34,13303,74,116,100000
7,extend,1000,true,uniform,EXTEND,2,11858370,3966959,3796294,38984,70034,30378,0,0,0,169,683,1346098,9717520,78177404,433360611,21646730,1391873,281543860978,273289154,36118017,3221666,0,0,0,0,1,14896,671.3211600429646,10000,1443.4511,749,14991,2049,2251,10000
7,run,1000,true,uniform,READ,2,14326449,4792326,4620438,38984,70034,30378,0,0,0,169,683,1346098,9717520,78177404,433360611,21646730,1391873,281543876588,273289398,36118017,3221666,1,0,0,0,0,6156,16244.314489928525,100000,56.72555,33,15007,75,111,100000
7,reference,1000,true,uniform,READ,1,2121863,725715,708879,1119,1,0,0,0,0,169,683,1346098,9717520,78177404,433360611,21646730,1391873,281543876588,273289398,36118017,3221666,1,0,0,0,0,3795,26350.461133069828,100000,33.43531,19,13319,46,77,100000
7,clean-run,1000,true,uniform,READ,8,2462603,809921,808834,8122,1,0,0,0,0,169,684,1349076,9717520,78179557,433362704,21646764,1391879,281557463959,273305293,36118956,3222142,1,0,0,0,0,5969,16753.224995811695,100000,55.2158,33,13703,74,127,100000
7,avg-run,1000,true,uniform,READ,10,5210643,1715368,1710342,17122,5,0,0,0,0,169,684,1349076,9717520,78179557,433363880,21646764,1391879,281566888474,273324353,36118958,3222142,1,0,0,0,0,5942,16829.350387075057,100000,54.58544,35,14919,68,108,100000
8,extend,1000,true,uniform,EXTEND,2,14779324,4938937,4741502,47135,80045,38118,0,0,0,169,684,1349076,9717520,78179557,433364057,21646764,1391879,281598492427,273394468,36122108,3222142,0,0,0,0,1,15904,628.7726358148893,10000,1542.6028,870,17359,2097,2329,10000
8,run,1000,true,uniform,READ,2,17357046,5801301,5602633,47135,80045,38118,0,0,0,169,684,1349076,9717520,78179557,433364057,21646764,1391879,281598508159,273394714,36122108,3222142,1,0,0,0,0,6470,15455.950540958269,100000,60.20666,35,14207,87,152,100000
8,reference,1000,true,uniform,READ,1,2424432,829875,810123,1119,1,0,0,0,0,169,684,1349076,9717520,78179557,433364057,21646764,1391879,281598508159,273394714,36122108,3222142,1,0,0,0,0,3442,29052.87623474724,100000,29.49855,18,11911,41,72,100000
8,clean-run,1000,true,uniform,READ,8,2598267,854534,852570,8914,1,0,0,0,0,169,685,1352533,9717520,78182122,433366371,21646794,1391884,281614043962,273413208,36123048,3222815,1,0,0,0,0,6195,16142.050040355125,100000,57.09433,33,14271,80,153,100000
8,avg-run,1000,true,uniform,READ,10,5347086,1761061,1756035,17914,5,0,0,0,0,169,685,1352533,9717520,78182122,433367658,21646794,1391884,281624467685,273432263,36123050,3222815,1,0,0,0,0,5818,17188.037126160194,100000,53.63793,38,14783,72,129,100000
9,extend,1000,true,uniform,EXTEND,2,17790181,5944683,5721036,55180,90045,45885,0,0,0,169,685,1352533,9717520,78182122,433368636,21646794,1391884,281655924339,273493358,36125699,3222815,0,0,0,0,1,15474,646.2453147214683,10000,1502.4452,859,17567,2063,2289,10000
9,run,1000,true,uniform,READ,2,20475418,6840096,6614375,55593,90056,46262,0,0,0,169,685,1352533,9717520,78182122,433368660,21646794,1391884,281658492928,273506178,36126075,3222815,1,0,0,0,0,6786,14736.221632773357,100000,63.0355,36,14255,90,155,100000
9,reference,1000,true,uniform,READ,1,2726928,933145,911353,1119,1,0,0,0,0,169,685,1352533,9717520,78182122,433368660,21646794,1391884,281658492928,273506178,36126075,3222815,1,0,0,0,0,3627,27570.995312930798,100000,31.7073,21,12823,42,76,100000
9,clean-run,1000,true,uniform,READ,8,2671421,879504,878417,8819,1,0,0,0,0,169,686,1356935,9717520,78185860,433371016,21646852,1391899,281674183776,273523480,36127014,3223580,1,0,0,0,0,6124,16329.196603527107,100000,56.41424,34,16207,82,148,100000
9,avg-run,1000,true,uniform,READ,10,5740510,1890815,1885789,19243,5,0,0,0,0,169,686,1356935,9717520,78185860,433372614,21646852,1391899,281686703412,273546528,36127017,3223580,1,0,0,0,0,6343,15765.410688948446,100000,58.64335,39,14175,79,112,100000
10,extend,1000,true,uniform,EXTEND,2,20917589,6986269,6734911,63835,100056,54271,0,0,0,169,686,1356935,9717520,78185860,433372636,21646852,1391899,281714899891,273607705,36130260,3223580,0,0,0,0,1,15261,655.265054714632,10000,1479.717,781,15327,2040,2223,10000
10,run,1000,true,uniform,READ,2,23633040,7899903,7647341,63835,100056,54271,0,0,0,169,686,1356935,9717520,78185860,433372636,21646852,1391899,281714914858,273607940,36130260,3223580,1,0,0,0,0,6780,14749.262536873157,100000,63.11951,39,14239,83,138,100000
10,reference,1000,true,uniform,READ,1,3029497,1037305,1012597,1119,1,0,0,0,0,169,686,1356935,9717520,78185860,433372636,21646852,1391899,281714914858,273607940,36130260,3223580,1,0,0,0,0,3787,26406.12622128334,100000,33.05784,21,13983,46,82,100000
10,clean-run,1000,true,uniform,READ,8,2747013,908485,906521,9506,8,0,0,0,0,169,687,1360729,9717520,78188972,433375232,21646886,1391905,281732632411,273627932,36131200,3224585,1,0,0,0,0,6499,15386.982612709648,100000,59.98177,38,18799,86,141,100000
10,avg-run,1000,true,uniform,READ,10,5801203,1915202,1910176,19506,12,0,0,0,0,169,687,1360729,9717520,78188972,433376725,21646886,1391905,281745205370,273648990,36131202,3224585,1,0,0,0,0,6328,15802.781289506953,100000,58.40016,39,16399,76,110,100000
11,extend,1000,true,uniform,EXTEND,2,24110315,8053608,7775601,72735,110067,62825,0,0,0,169,687,1360729,9717520,78188972,433377206,21646886,1391905,281785694044,273724832,36135267,3224585,0,0,0,0,1,14763,677.36909842173,10000,1429.2046,854,22783,2022,2281,10000
11,run,1000,true,uniform,READ,2,26891667,8999888,8720672,72735,110067,62825,0,0,0,169,687,1360729,9717520,78188972,433377206,21646886,1391905,281785708604,273725060,36135267,3224585,1,0,0,0,0,6697,14932.059130954158,100000,62.25855,41,14895,91,149,100000
11,reference,1000,true,uniform,READ,1,3332066,1141465,1113841,1119,1,0,0,0,0,169,687,1360729,9717520,78188972,433377206,21646886,1391905,281785708604,273725060,36135267,3224585,1,0,0,0,0,3750,26666.666666666668,100000,32.677,21,11703,45,74,100000
11,clean-run,1000,true,uniform,READ,8,2806129,937635,935671,9825,1,0,0,0,0,169,688,1365546,9717520,78192678,433379943,21647161,1391925,281804510970,273745811,36136208,3225666,1,0,0,0,0,6555,15255.530129672006,100000,61.09276,40,23135,73,114,100000
11,avg-run,1000,true,uniform,READ,10,5860836,1944412,1939386,19825,5,0,0,0,0,169,688,1365546,9717520,78192678,433381683,21647161,1391925,281818083983,273766870,36136210,3225666,1,0,0,0,0,6300,15873.015873015873,100000,58.09665,40,16207,74,120,100000
12,extend,1000,true,uniform,EXTEND,2,27354582,9153641,8849693,81751,120067,71424,0,0,0,169,688,1365546,9717520,78192678,433381947,21647161,1391925,281855388406,273830853,36140140,3225666,0,0,0,0,1,15015,666.000666000666,10000,1455.0701,472,19711,2038,2207,10000
12,run,1000,true,uniform,READ,2,30199529,10141529,9836397,81751,120067,71424,0,0,0,169,688,1365546,9717520,78192678,433381947,21647161,1391925,281855404924,273831109,36140140,3225666,1,0,0,0,0,7307,13685.50704803613,100000,68.12919,42,16559,83,156,100000
12,reference,1000,true,uniform,READ,1,3634562,1244735,1215071,1119,1,0,0,0,0,169,688,1365546,9717520,78192678,433381957,21647161,1391925,281858254657,273845250,36140476,3225666,1,0,0,0,0,3463,28876.696505919725,100000,29.84041,18,11663,44,75,100000
12,clean-run,1000,true,uniform,READ,8,2859414,975384,974297,9782,1,0,0,0,0,169,689,1370498,9717520,78196565,433384712,21647202,1391929,281877078440,273864507,36141415,3226838,1,0,0,0,0,6365,15710.919088766694,100000,58.8502,41,15847,75,143,100000
12,avg-run,1000,true,uniform,READ,10,5916926,1980905,1975879,19795,5,0,0,0,0,169,689,1370498,9717520,78196565,433386460,21647202,1391929,281891753589,273887096,36141418,3226838,1,0,0,0,0,6497,15391.719255040787,100000,60.40367,40,13159,79,125,100000
13,extend,1000,true,uniform,EXTEND,2,30694944,10303683,9973219,91790,130078,80918,0,0,0,169,689,1370498,9717520,78196565,433386476,21647202,1391929,281925719756,273951397,36145398,3226838,0,0,0,0,1,15106,661.9886137958428,10000,1465.1979,634,18255,2059,2311,10000
13,run,1000,true,uniform,READ,2,33606944,11344159,11012548,91790,130078,80918,0,0,0,169,689,1370498,9717520,78196565,433386476,21647202,1391929,281925734014,273951619,36145398,3226838,1,0,0,0,0,7317,13666.803334700013,100000,68.25959,42,19055,90,137,100000
13,reference,1000,true,uniform,READ,1,3937131,1348895,1316315,1119,1,0,0,0,0,169,689,1370498,9717520,78196565,433386476,21647202,1391929,281925734014,273951619,36145398,3226838,1,0,0,0,0,3936,25406.50406504065,100000,34.82421,21,12591,47,75,100000
13,clean-run,1000,true,uniform,READ,8,2943253,1032081,1030117,10801,1,0,0,0,0,169,690,1374892,9717520,78200220,433389479,21647240,1391932,281946704842,273974628,36146338,3228220,1,0,0,0,0,6997,14291.839359725596,100000,65.33902,41,13911,88,168,100000
13,avg-run,1000,true,uniform,READ,10,5998536,2038933,2033907,20801,5,0,0,0,0,169,690,1374892,9717520,78200220,433391519,21647240,1391932,281962277801,273995686,36146340,3228220,1,0,0,0,0,6442,15523.12946289972,100000,59.44334,41,13647,74,119,100000
14,extend,1000,true,uniform,EXTEND,2,34110877,11512932,11156223,102559,140089,91038,0,0,0,169,690,1374892,9717520,78200220,433392603,21647240,1391932,282009102909,274078927,36151028,3228220,0,0,0,0,1,15554,642.9214350006429,10000,1510.4223,816,18591,2075,2379,10000
14,run,1000,true,uniform,READ,2,37069345,12617884,12260029,102559,140089,91038,0,0,0,169,690,1374892,9717520,78200220,433392603,21647240,1391932,282009113495,274079093,36151028,3228220,1,0,0,0,0,7361,13585.110718652357,100000,69.0106,44,16047,97,172,100000
14,reference,1000,true,uniform,READ,1,4239700,1453055,1417559,1119,1,0,0,0,0,169,690,1374892,9717520,78200220,433392603,21647240,1391932,282009113495,274079093,36151028,3228220,1,0,0,0,0,3370,29673.59050445104,100000,29.06707,21,12855,39,75,100000
14,clean-run,1000,true,uniform,READ,8,3003658,1099622,1097658,11481,1,0,0,0,0,169,691,1380868,9717520,78205515,433395724,21647464,1391938,282031189121,274103606,36151968,3229765,1,0,0,0,0,7366,13575.889220743959,100000,68.84816,43,14239,92,150,100000
14,avg-run,1000,true,uniform,READ,10,6059032,2106484,2101458,21481,5,0,0,0,0,169,691,1380868,9717520,78205515,433397814,21647464,1391938,282047762130,274124665,36151970,3229765,1,0,0,0,0,7092,14100.39481105471,100000,65.91874,42,16559,87,169,100000
15,extend,1000,true,uniform,EXTEND,2,37559611,12791926,12409637,113643,150089,101454,0,0,0,169,691,1380868,9717520,78205515,433397830,21647464,1391938,282090753987,274193563,36156745,3229765,0,0,0,0,1,15191,658.2845105654663,10000,1470.3795,518,21967,2055,2261,10000
15,run,1000,true,uniform,READ,2,40549520,13963270,13579832,113643,150089,101454,0,0,0,169,691,1380868,9717520,78205515,433397830,21647464,1391938,282090774970,274193892,36156745,3229765,1,0,0,0,0,7775,12861.736334405145,100000,73.18705,45,15415,94,152,100000
15,reference,1000,true,uniform,READ,1,4542196,1556325,1518789,1119,1,0,0,0,0,169,691,1380868,9717520,78205515,433397830,21647464,1391938,282093707781,274210606,36157130,3229765,1,0,0,0,0,3921,25503.69803621525,100000,34.27898,21,14559,47,77,100000
15,clean-run,1000,true,uniform,READ,8,3034830,1168070,1166983,11704,1,0,0,0,0,169,692,1386716,9717520,78209943,433400968,21647519,1391943,282115796228,274233707,36158069,3231444,1,0,0,0,0,8060,12406.94789081886,100000,75.83127,44,14871,109,177,100000
15,avg-run,1000,true,uniform,READ,10,6090709,2173576,2168550,21715,5,0,0,0,0,169,692,1386716,9717520,78209943,433403517,21647519,1391943,282133384115,274254841,36158072,3231444,1,0,0,0,0,6884,14526.43811737362,100000,64.11639,41,14439,90,139,100000
16,extend,1000,true,uniform,EXTEND,2,41069677,14147832,13739219,125795,160100,112927,0,0,0,169,692,1386716,9717520,78209943,433403534,21647519,1391943,282173219537,274325794,36162768,3231444,0,0,0,0,1,14604,684.7439057792386,10000,1416.6955,767,18175,2037,2301,10000
16,run,1000,true,uniform,READ,2,44079423,15401495,14991751,125795,160100,112927,0,0,0,169,692,1386716,9717520,78209943,433403534,21647519,1391943,282173235121,274326040,36162768,3231444,1,0,0,0,0,7951,12577.034335303735,100000,74.6352,45,14943,93,135,100000
16,reference,1000,true,uniform,READ,1,4844765,1660485,1620033,1119,1,0,0,0,0,169,692,1386716,9717520,78209943,433403534,21647519,1391943,282173235121,274326040,36162768,3231444,1,0,0,0,0,3819,26184.86514794449,100000,33.1592,21,12663,43,76,100000
16,clean-run,1000,true,uniform,READ,8,3056563,1251859,1250772,12541,1,0,0,0,0,169,693,1391930,9717520,78214846,433406815,21647571,1391947,282196437873,274350851,36163707,3233260,1,0,0,0,0,8438,11851.149561507465,100000,79.7979,47,14807,106,188,100000
16,avg-run,1000,true,uniform,READ,10,6117147,2257380,2252354,22554,5,0,0,0,0,169,693,1391930,9717520,78214846,433409363,21647571,1391947,282215157272,274374190,36163710,3233260,1,0,0,0,0,7476,13376.136971642589,100000,70.0611,47,14959,93,212,100000
17,extend,1000,true,uniform,EXTEND,2,44604486,15596269,15161435,138788,170111,125132,0,0,0,169,693,1391930,9717520,78214846,433409766,21647571,1391947,282265789586,274466282,36169262,3233260,0,0,0,0,1,14860,672.9475100942127,10000,1442.2289,607,17967,2047,2331,10000
17,run,1000,true,uniform,READ,2,47627377,16942512,16506508,138788,170111,125132,0,0,0,169,693,1391930,9717520,78214846,433409766,21647571,1391947,282265806621,274466551,36169262,3233260,1,0,0,0,0,8462,11817.53722524226,100000,79.60456,47,18815,100,162,100000
17,reference,1000,true,uniform,READ,1,5147334,1764645,1721277,1119,1,0,0,0,0,169,693,1391930,9717520,78214846,433409766,21647571,1391947,282265806671,274466552,36169262,3233260,1,0,0,0,0,3657,27344.818156959256,100000,31.65355,18,12199,42,67,100000
17,clean-run,1000,true,uniform,READ,8,3076025,1344531,1342567,13604,1,0,0,0,0,169,694,1398081,9717520,78220279,433413218,21647622,1391951,282290525449,274495763,36170202,3235213,1,0,0,0,0,8295,12055.455093429777,100000,77.96579,46,16543,101,199,100000
17,avg-run,1000,true,uniform,READ,10,6131824,2349718,2344692,23604,5,0,0,0,0,169,694,1398081,9717520,78220279,433415758,21647622,1391951,282310098462,274516822,36170204,3235213,1,0,0,0,0,7355,13596.193065941536,100000,68.82447,46,16495,91,157,100000
18,extend,1000,true,uniform,EXTEND,2,48135781,17146457,16686013,152589,180111,137949,0,0,0,169,694,1398081,9717520,78220279,433416976,21647622,1391951,282362448494,274594989,36175331,3235213,0,0,0,0,1,13709,729.4478080093369,10000,1324.1892,442,17039,1715,2097,10000
18,run,1000,true,uniform,READ,2,51190014,18593538,18131057,152663,180122,138120,0,0,0,169,694,1398081,9717520,78220279,433416976,21647622,1391951,282365265416,274615174,36176014,3235213,1,0,0,0,0,8352,11973.180076628352,100000,78.96627,47,14791,107,178,100000
18,reference,1000,true,uniform,READ,1,5449830,1867915,1822507,1119,1,0,0,0,0,169,694,1398081,9717520,78220279,433416976,21647622,1391951,282365265416,274615174,36176014,3235213,1,0,0,0,0,3653,27374.76047084588,100000,31.95814,21,12759,42,74,100000
18,clean-run,1000,true,uniform,READ,8,3087490,1444347,1442383,14537,1,0,0,0,0,169,695,1405458,9717520,78226691,433420614,21647746,1391962,282391019419,274646384,36176954,3237306,1,0,0,0,0,9024,11081.560283687943,100000,85.45335,49,15935,111,209,100000
18,avg-run,1000,true,uniform,READ,10,6448195,2549289,2544263,25537,5,0,0,0,0,169,695,1405458,9717520,78226691,433423187,21647746,1391962,282411737579,274669445,36176956,3237306,1,0,0,0,0,8530,11723.329425556858,100000,80.36183,56,16311,111,224,100000
19,extend,1000,true,uniform,EXTEND,2,51706195,18809806,18321910,167486,190122,152013,0,0,0,169,695,1405458,9717520,78226691,433423227,21647746,1391962,282457967930,274750090,36182115,3237306,0,0,0,0,1,13227,756.0293339381568,10000,1276.3847,537,17183,1627,1778,10000
19,run,1000,true,uniform,READ,2,54758567,20346952,19857887,167486,190122,152013,0,0,0,169,695,1405458,9717520,78226691,433423228,21647746,1391962,282457985867,274750375,36182115,3237306,1,0,0,0,0,9569,10450.412791305256,100000,90.80648,55,14639,129,219,100000
19,reference,1000,true,uniform,READ,1,5752399,1972075,1923751,1119,1,0,0,0,0,169,695,1405458,9717520,78226691,433423228,21647746,1391962,282457985867,274750375,36182115,3237306,1,0,0,0,0,3581,27925.160569673277,100000,30.92657,21,11583,44,75,100000
19,clean-run,1000,true,uniform,READ,8,3105079,1535906,1533942,15423,1,0,0,0,0,169,696,1411892,9717520,78232080,433426994,21647818,1391967,282484810714,274783514,36183055,3239535,1,0,0,0,0,9368,10674.63706233988,100000,88.95458,52,14895,124,228,100000
19,avg-run,1000,true,uniform,READ,10,6497643,3640693,3635667,36423,5,0,0,0,0,169,696,1411892,9717520,78232080,433430438,21647818,1391967,282525475902,274847512,36189098,3239676,1,0,0,0,0,8925,11204.481792717086,100000,84.36891,61,17919,116,208,100000
20,extend,1000,true,uniform,EXTEND,2,55308953,20575768,20061224,183360,200133,166985,0,0,0,169,696,1411892,9717520,78232080,433430442,21647818,1391967,282559440187,274931477,36190017,3239676,0,0,0,0,1,13199,757.6331540268202,10000,1277.5944,545,16591,1629,1797,10000
20,run,1000,true,uniform,READ,2,58379982,22206771,21691046,183360,200133,166985,0,0,0,169,696,1411892,9717520,78232080,433430442,21647818,1391967,282559456462,274931734,36190017,3239676,1,0,0,0,0,9562,10458.063166701528,100000,91.06326,60,15239,121,219,100000
20,reference,1000,true,uniform,READ,1,6054968,2076235,2024995,1119,1,0,0,0,0,169,696,1411892,9717520,78232080,433430442,21647818,1391967,282559456462,274931734,36190017,3239676,1,0,0,0,0,3973,25169.896803423107,100000,34.85941,21,14183,47,77,100000
20,clean-run,1000,true,uniform,READ,8,3123141,1627412,1625448,16324,1,0,0,0,0,169,697,1419294,9717520,78238431,433434342,21647898,1391972,282587377881,274966821,36190957,3242043,1,0,0,0,0,9583,10435.145570280705,100000,90.93654,55,14287,121,248,100000
20,avg-run,1000,true,uniform,READ,10,6515685,3732109,3727083,37324,5,0,0,0,0,169,697,1419294,9717520,78238431,433437776,21647898,1391972,282611426561,275009909,36190959,3242043,1,0,0,0,0,9256,10803.802938634399,100000,88.05208,64,15431,118,209,100000
21,extend,1000,true,uniform,EXTEND,2,58932588,22445614,21904621,199872,210144,182622,0,0,0,169,697,1419294,9717520,78238431,433437947,21647898,1391972,282670213033,275115954,36197938,3242043,0,0,0,0,1,13747,727.4314395868189,10000,1327.4057,581,20383,1676,1898,10000
21,run,1000,true,uniform,READ,2,62028625,24165331,23623171,199872,210144,182622,0,0,0,169,697,1419294,9717520,78238431,433437947,21647898,1391972,282670231120,275116241,36197938,3242043,1,0,0,0,0,10208,9796.238244514107,100000,97.2762,64,15295,127,223,100000
21,reference,1000,true,uniform,READ,1,6357537,2180395,2126239,1119,1,0,0,0,0,169,697,1419294,9717520,78238431,433437947,21647898,1391972,282670231120,275116241,36197938,3242043,1,0,0,0,0,3920,25510.20408163265,100000,34.58883,21,13079,47,82,100000
21,clean-run,1000,true,uniform,READ,8,3151385,1714936,1713849,17170,1,0,0,0,0,169,698,1426871,9717520,78245074,433441996,21647994,1391979,282699056596,275150371,36198877,3244243,1,0,0,0,0,9772,10233.319688907082,100000,92.81964,64,15647,120,237,100000
21,avg-run,1000,true,uniform,READ,10,6543860,3820383,3815357,38170,5,0,0,0,0,169,698,1426871,9717520,78245074,433445430,21647994,1391979,282724106118,275193465,36198879,3244243,1,0,0,0,0,10020,9980.039920159681,100000,95.40982,68,16447,133,244,100000
22,extend,1000,true,uniform,EXTEND,2,62590562,24414470,23847074,217178,220155,199157,0,0,0,169,698,1426871,9717520,78245074,433446708,21647994,1391979,282789438198,275304665,36206033,3244243,0,0,0,0,1,13746,727.4843590862796,10000,1331.5707,563,18175,1691,1888,10000
22,run,1000,true,uniform,READ,2,65727796,26213021,25644463,217178,220155,199157,0,0,0,169,698,1426871,9717520,78245074,433446708,21647994,1391979,282789451617,275304882,36206033,3244243,1,0,0,0,0,10020,9980.039920159681,100000,95.66875,64,15855,134,230,100000
22,reference,1000,true,uniform,READ,1,6660106,2284555,2227483,1119,1,0,0,0,0,169,698,1426871,9717520,78245074,433446708,21647994,1391979,282789451617,275304882,36206033,3244243,1,0,0,0,0,3690,27100.271002710026,100000,32.00377,21,11735,42,72,100000
22,clean-run,1000,true,uniform,READ,8,3196980,1794848,1792884,17975,1,0,0,0,0,169,699,1435742,9717520,78252971,433450908,21648064,1391983,282819579175,275343603,36206973,3246829,1,0,0,0,0,9935,10065.425264217412,100000,94.44358,64,14975,121,218,100000
22,avg-run,1000,true,uniform,READ,10,6589439,3899460,3894434,38975,5,0,0,0,0,169,699,1435742,9717520,78252971,433454342,21648064,1391983,282845627909,275386692,36206975,3246829,1,0,0,0,0,9496,10530.749789385005,100000,90.05363,67,15823,127,227,100000
23,extend,1000,true,uniform,EXTEND,2,66272721,26470126,25877295,235224,230155,216530,0,0,0,169,699,1435742,9717520,78252971,433454354,21648064,1391983,282902511333,275477348,36213097,3246829,0,0,0,0,1,13985,715.0518412584912,10000,1355.9473,786,18095,1718,2107,10000
23,run,1000,true,uniform,READ,2,69487381,28337803,27742960,235230,230166,216539,0,0,0,169,699,1435742,9717520,78252971,433454355,21648064,1391983,282904449400,275498636,36213572,3246829,1,0,0,0,0,10255,9751.340809361287,100000,97.67111,66,16655,135,231,100000
23,reference,1000,true,uniform,READ,1,6962602,2387825,2328713,1119,1,0,0,0,0,169,699,1435742,9717520,78252971,433454355,21648064,1391983,282904449400,275498636,36213572,3246829,1,0,0,0,0,4000,25000.0,100000,35.48044,21,12679,47,76,100000
23,clean-run,1000,true,uniform,READ,8,3242725,1860991,1859027,18641,8,0,0,0,0,169,700,1443971,9717520,78259755,433458626,21648166,1391989,282935674260,275538831,36214512,3249360,1,0,0,0,0,9942,10058.338362502514,100000,94.8993,66,14831,119,221,100000
23,avg-run,1000,true,uniform,READ,10,6635046,3965593,3960567,39641,12,0,0,0,0,169,700,1443971,9717520,78259755,433462060,21648166,1391989,282962723021,275581920,36214514,3249360,1,0,0,0,0,9549,10472.300764477955,100000,90.76025,67,14063,126,218,100000
24,extend,1000,true,uniform,EXTEND,2,70043100,28602123,27982231,253785,240166,234487,0,0,0,169,700,1443971,9717520,78259755,433462110,21648166,1391989,283019278551,275674056,36220630,3249360,0,0,0,0,1,13670,731.528895391368,10000,1321.5342,556,18511,1669,1814,10000
24,run,1000,true,uniform,READ,2,73305123,30528226,29907218,253785,240166,234487,0,0,0,169,700,1443971,9717520,78259755,433462110,21648166,1391989,283019294030,275674306,36220630,3249360,1,0,0,0,0,10239,9766.578767457759,100000,97.87429,66,14303,127,214,100000
24,reference,1000,true,uniform,READ,1,7265171,2491985,2429957,1119,1,0,0,0,0,169,700,1443971,9717775,78259755,433462110,21648166,1391989,283019294030,275674306,36220630,3249360,1,0,0,0,0,3916,25536.26149131767,100000,34.73969,21,11887,46,76,100000
24,clean-run,1000,true,uniform,READ,8,3301640,1921037,1919950,19228,1,0,0,0,0,169,701,1451767,9717802,78266710,433466522,21648231,1391998,283053530163,275731604,36222517,3252159,1,0,0,0,0,10330,9680.54211035818,100000,98.43497,67,14263,138,245,100000
24,avg-run,1000,true,uniform,READ,10,6693987,4026484,4021458,40228,5,0,0,0,0,169,701,1451767,9717802,78266710,433469956,21648231,1391998,283081579685,275774698,36222519,3252159,1,0,0,0,0,10269,9738.0465478625,100000,97.81717,73,15295,129,222,100000
25,extend,1000,true,uniform,EXTEND,2,73898641,30800593,30154673,272756,250177,252910,0,0,0,169,701,1451767,9717802,78266710,433469958,21648231,1391998,283139841498,275867703,36228575,3252159,0,0,0,0,1,13748,727.3785277858598,10000,1331.1086,790,16959,1705,2179,10000
25,run,1000,true,uniform,READ,2,77234549,32781711,32134684,272756,250177,252910,0,0,0,169,701,1451767,9717802,78266710,433469958,21648231,1391998,283139852415,275867878,36228575,3252159,1,0,0,0,0,10516,9509.319132750095,100000,100.6629,68,15415,129,215,100000
25,reference,1000,true,uniform,READ,1,7567740,2596145,2531201,1119,1,0,0,0,0,169,701,1451767,9717802,78266710,433469958,21648231,1391998,283139852415,275867878,36228575,3252159,1,0,0,0,0,4079,24515.812699190978,100000,36.05226,21,14343,47,74,100000
25,clean-run,1000,true,uniform,READ,8,3372115,1978930,1976966,19810,1,0,0,0,0,169,702,1459429,9717802,78273757,433474477,21648295,1392001,283173250241,275910680,36229515,3254806,1,0,0,0,0,10429,9588.647041902388,100000,99.31246,69,15423,128,240,100000
25,avg-run,1000,true,uniform,READ,10,6764260,4083496,4078470,40810,5,0,0,0,0,169,702,1459429,9717802,78273757,433477911,21648295,1392001,283222763998,275976799,36236333,3255081,1,0,0,0,0,9916,10084.71157724889,100000,94.3099,70,16783,128,217,100000
26,extend,1000,true,uniform,EXTEND,2,77839103,33059883,32388065,292183,260188,271927,0,0,0,169,702,1459429,9717802,78273757,433477925,21648295,1392001,283265220845,276070738,36237504,3255081,0,0,0,0,1,13747,727.4314395868189,10000,1330.2663,875,20159,1683,2059,10000
26,run,1000,true,uniform,READ,2,81238908,35083014,34410097,292183,260188,271927,0,0,0,169,702,1459429,9717802,78273757,433477925,21648295,1392001,283265231222,276070905,36237504,3255081,1,0,0,0,0,11197,8930.963650977941,100000,107.16515,70,17439,153,252,100000
26,reference,1000,true,uniform,READ,1,7870309,2700305,2632445,1119,1,0,0,0,0,169,702,1459429,9717802,78273757,433477925,21648295,1392001,283265231222,276070905,36237504,3255081,1,0,0,0,0,3372,29655.990510083036,100000,28.79295,19,11551,39,67,100000
26,clean-run,1000,true,uniform,READ,8,3413602,2020914,2018953,20221,1,0,0,0,0,169,703,1467869,9717802,78280987,433482611,21648408,1392012,283299470710,276111108,36238443,3257739,1,0,0,0,0,10894,9179.364787956674,100000,103.81617,71,15655,147,254,100000
26,avg-run,1000,true,uniform,READ,10,7082610,4125364,4120341,41221,5,0,0,0,0,169,703,1467869,9717802,78280987,433486348,21648408,1392012,283329519440,276154197,36238445,3257739,1,0,0,0,0,10872,9197.93966151582,100000,103.71144,76,16975,142,270,100000
27,extend,1000,true,uniform,EXTEND,2,81851052,35365642,34667993,311880,270199,291279,0,0,0,169,703,1467869,9717802,78280987,433486351,21648408,1392012,283394506729,276271914,36246703,3257739,0,0,0,0,1,13523,739.4808844191377,10000,1306.5053,672,19999,1693,1929,10000
27,run,1000,true,uniform,READ,2,85298665,37422768,36724029,311880,270199,291279,0,0,0,169,703,1467869,9717802,78280987,433486351,21648408,1392012,283394522556,276272168,36246703,3257739,1,0,0,0,0,11137,8979.078746520607,100000,106.55214,69,15423,142,238,100000
27,reference,1000,true,uniform,READ,1,8172878,2804465,2733689,1119,1,0,0,0,0,169,703,1467869,9717802,78280987,433486351,21648408,1392012,283394522556,276272168,36246703,3257739,1,0,0,0,0,3858,25920.16588906169,100000,34.02723,21,12383,46,78,100000
27,clean-run,1000,true,uniform,READ,8,3460263,2056279,2054315,20583,1,0,0,0,0,169,704,1476515,9717802,78288675,433491213,21648489,1392018,283430043422,276316827,36247643,3260854,1,0,0,0,0,10786,9271.277582050807,100000,102.97898,72,18415,131,235,100000
27,avg-run,1000,true,uniform,READ,10,7105621,4160845,4155819,41583,5,0,0,0,0,169,704,1476515,9717802,78288675,433495063,21648489,1392018,283461092132,276359916,36247645,3260854,1,0,0,0,0,10286,9721.952167995334,100000,97.91777,71,14815,131,235,100000
28,extend,1000,true,uniform,EXTEND,2,85916413,37709427,36986101,331900,280210,310956,0,0,0,169,704,1476515,9718480,78296867,433496780,21648489,1392018,283534107681,276480235,36256191,3260854,0,0,0,0,1,13891,719.8905766323519,10000,1343.6184,468,17135,1711,1942,10000
28,run,1000,true,uniform,READ,2,89381105,39801420,39077020,331900,280210,310956,0,0,0,169,704,1476515,9718480,78296867,433496780,21648489,1392018,283534121323,276480459,36256191,3260854,1,0,0,0,0,11227,8907.098957869423,100000,107.52871,72,19823,146,245,100000
28,reference,1000,true,uniform,READ,1,8475447,2908625,2834933,1119,1,0,0,0,0,169,704,1476515,9718480,78296867,433496780,21648489,1392018,283534121373,276480460,36256191,3260854,1,0,0,0,0,3765,26560.42496679947,100000,32.8252,21,13383,46,74,100000
28,clean-run,1000,true,uniform,READ,120,3478332,2089797,2088710,20922,1,0,0,0,0,169,705,1486953,9718783,78298367,433502283,21648590,1392024,283570700611,276525992,36257131,3263403,1,0,0,0,0,10888,9184.423218221895,100000,104.3381,75,16399,130,230,100000
28,avg-run,1000,true,uniform,READ,190,7131911,4195387,4190361,41935,5,0,0,0,0,169,705,1486953,9718783,78306256,433506201,21648590,1392024,283602749341,276569081,36257133,3263403,1,0,0,0,0,10377,9636.696540425943,100000,98.90005,73,16911,129,217,100000
29,extend,1000,true,uniform,EXTEND,2,90007154,40091755,39342827,352212,290221,330978,0,0,0,169,705,1486953,9718807,78306256,433506754,21648590,1392024,283681548355,276691527,36266300,3263403,0,0,0,0,1,13751,727.2198385571959,10000,1331.6875,461,19023,1694,1864,10000
29,run,1000,true,uniform,READ,2,93503237,42213391,41463376,352212,290221,330978,0,0,0,169,705,1486953,9718807,78306256,433506754,21648590,1392024,283681555336,276691644,36266300,3263403,1,0,0,0,0,11409,8765.010079761592,100000,109.11583,73,20655,141,231,100000
29,reference,1000,true,uniform,READ,1,8778016,3012785,2936177,1119,1,0,0,0,0,169,705,1486953,9718807,78306256,433506754,21648590,1392024,283681555336,276691644,36266300,3263403,1,0,0,0,0,3557,28113.5788585887,100000,30.71556,21,13783,41,76,100000
29,clean-run,1000,true,uniform,READ,147,3509130,2120230,2118266,21230,1,0,0,0,0,169,706,1497941,9718922,78307649,433512825,21648709,1392031,283719185841,276737944,36267240,3266444,1,0,0,0,0,11269,8873.901854645488,100000,108.15996,76,15391,147,253,100000
29,avg-run,1000,true,uniform,READ,230,6904397,4224796,4219770,42230,5,0,0,0,0,169,706,1497941,9718940,78315726,433518039,21648709,1392031,283752234571,276781033,36267242,3266444,1,0,0,0,0,10403,9612.611746611554,100000,99.29586,74,14887,127,221,100000
30,extend,1000,true,uniform,EXTEND,785,94101749,42506123,41732452,372786,300221,351258,0,0,0,169,706,1497941,9718971,78315726,433518822,21648709,1392031,283824558435,276876764,36275446,3266444,0,0,0,0,1,13735,728.066982162359,10000,1328.0261,642,19439,1673,1829,10000
30,run,1000,true,uniform,READ,1568,97663465,44657965,43882364,372788,300232,351260,0,0,0,169,706,1497941,9719120,78315726,433519202,21648709,1392031,283826986223,276903540,36276023,3266444,1,0,0,0,0,11453,8731.336767659128,100000,109.95903,73,15975,152,234,100000
30,reference,1000,true,uniform,READ,272,9080314,3116945,3037421,1119,1,0,0,0,0,169,706,1497941,9719833,78315726,433519473,21648709,1392031,283826986368,276903542,36276023,3266444,1,0,0,0,0,3678,27188.68950516585,100000,31.94552,21,11911,42,71,100000
30,clean-run,1000,true,uniform,READ,33,3513451,2150481,2148517,21527,1,0,0,0,0,169,707,1508403,9720708,78318141,433526413,21648903,1392041,283865667505,276950625,36276963,3269805,1,0,0,0,0,11433,8746.610688358262,100000,109.75128,76,15247,144,252,100000
30,avg-run,1000,true,uniform,READ,35,6908799,4255047,4250021,42527,5,0,0,0,0,169,707,1508403,9720710,78325558,433531515,21648903,1392041,283899716265,276993715,36276965,3269805,1,0,0,0,0,10654,9386.146048432514,100000,101.6472,72,17647,138,234,100000
31,extend,1000,true,uniform,EXTEND,3527,98268342,44954430,44154311,393795,310232,371933,0,0,0,169,707,1508403,9720742,78325558,433532895,21648903,1392041,283969539730,277090188,36284860,3269805,0,0,0,0,1,13730,728.3321194464676,10000,1328.2526,648,17967,1673,1834,10000
31,run,1000,true,uniform,READ,4535,101862345,47138573,46336530,393797,310243,371935,0,0,0,169,707,1508403,9720754,78325558,433533188,21648903,1392041,283971182858,277114684,36285170,3269805,1,0,0,0,0,11999,8334.02783565297,100000,114.98653,72,15303,156,255,100000
31,reference,1000,true,uniform,READ,375,9382707,3220215,3138651,1119,1,0,0,0,0,169,707,1508403,9720755,78325558,433533220,21648903,1392041,283971182858,277114684,36285170,3269805,1,0,0,0,0,3506,28522.532800912722,100000,30.12286,21,15671,40,71,100000
31,clean-run,1000,true,uniform,READ,77,3517237,2183128,2181164,21861,1,0,0,0,0,169,708,1518329,9721059,78327971,433540092,21648985,1392044,284010921516,277162647,36286110,3272866,1,0,0,0,0,11740,8517.887563884156,100000,112.46282,77,16975,146,240,100000
31,avg-run,1000,true,uniform,READ,122,6912542,4287694,4282668,42861,5,0,0,0,0,169,708,1518329,9721073,78335859,433545240,21648985,1392044,284045970246,277205736,36286112,3272866,1,0,0,0,0,10461,9559.315553006405,100000,99.94822,74,15903,125,204,100000
32,extend,1000,true,uniform,EXTEND,5363,102474511,47438923,46612408,415131,320243,392895,0,0,0,169,708,1518329,9721077,78335859,433545679,21648985,1392044,284117753239,277303301,36294095,3272866,0,0,0,0,1,13837,722.7000072270001,10000,1341.5529,648,18479,1682,1846,10000
32,run,1000,true,uniform,READ,6327,106087310,49660950,48832517,415133,320254,392897,0,0,0,169,708,1518329,9721119,78335859,433546007,21648985,1392044,284119409015,277327726,36294421,3272866,1,0,0,0,0,12312,8122.157244964263,100000,118.36987,76,17055,152,228,100000
32,reference,1000,true,uniform,READ,676,9684975,3324375,3239895,1119,1,0,0,0,0,169,708,1518329,9721119,78335859,433546271,21648985,1392044,284119409110,277327727,36294421,3272866,1,0,0,0,0,3424,29205.607476635512,100000,29.3572,19,12255,40,72,100000
32,clean-run,1000,true,uniform,READ,48,3522374,2221937,2219893,22235,18,0,0,0,0,169,709,1528438,9721582,78338447,433553358,21649098,1392047,284160214141,277376665,36295361,3276201,1,0,0,0,0,12221,8182.636445462728,100000,117.41492,78,24927,153,250,100000
32,avg-run,1000,true,uniform,READ,68,6917696,4326497,4321391,43235,22,0,0,0,0,169,709,1528438,9721595,78346184,433558478,21649098,1392047,284196262871,277419754,36295363,3276201,1,0,0,0,0,10668,9373.828271466067,100000,102.18084,76,15783,132,197,100000
33,extend,1000,true,uniform,EXTEND,8058,106702012,49966314,49113457,436899,330254,414232,0,0,0,169,709,1528438,9721623,78346184,433559754,21649098,1392047,284270039764,277518408,36303470,3276201,0,0,0,0,1,14011,713.7249304118193,10000,1355.334,650,20799,1701,1911,10000
33,run,1000,true,uniform,READ,8333,110304557,52230411,51376511,436899,330254,414232,0,0,0,169,709,1528438,9721635,78346184,433560069,21649098,1392047,284270052322,277518612,36303470,3276201,1,0,0,0,0,12904,7749.535027898326,100000,124.16131,76,17151,160,243,100000
33,reference,1000,true,uniform,READ,998,9987222,3428535,3341139,1119,1,0,0,0,0,169,709,1528438,9722979,78346184,433560350,21649098,1392047,284271723660,277543385,36303798,3276201,1,0,0,0,0,3465,28860.02886002886,100000,30.14524,18,12231,42,76,100000
33,clean-run,1000,true,uniform,READ,49,3527474,2263972,2262008,22666,1,0,0,0,0,169,710,1538752,9723398,78349134,433567540,21649216,1392052,284313593286,277593364,36304738,3279292,1,0,0,0,0,12820,7800.312012480499,100000,123.50225,80,15719,169,291,100000
33,avg-run,1000,true,uniform,READ,84,6922789,4368538,4363512,43666,5,0,0,0,0,169,710,1538752,9723411,78356972,433572678,21649216,1392052,284350642046,277636454,36304740,3279292,1,0,0,0,0,10918,9159.186664224217,100000,104.27418,75,16559,140,233,100000
34,extend,1000,true,uniform,EXTEND,10736,110956756,52542165,51663969,459232,340265,436090,0,0,0,169,710,1538752,9723501,78356972,433574086,21649216,1392052,284426611276,277737024,36312976,3279292,0,0,0,0,1,14263,701.1147724882563,10000,1384.1099,518,18991,1717,1928,10000
34,run,1000,true,uniform,READ,11060,114589415,54853916,53974679,459232,340265,436090,0,0,0,169,710,1538752,9726273,78356972,433574421,21649216,1392052,284426624196,277737233,36312976,3279292,1,0,0,0,0,13295,7521.624670928921,100000,128.15678,77,17263,162,264,100000
34,reference,1000,true,uniform,READ,1335,10289454,3532695,3442383,1119,1,0,0,0,0,169,710,1538752,9726867,78356972,433574716,21649216,1392052,284428317345,277762431,36313302,3279292,1,0,0,0,0,3980,25125.628140703517,100000,34.9271,20,12111,47,80,100000
34,clean-run,1000,true,uniform,READ,100,3532433,2311578,2309614,23142,1,0,0,0,0,169,711,1549180,9727108,78360311,433582076,21649302,1392060,284471261736,277813540,36314242,3283000,1,0,0,0,0,12977,7705.941280727441,100000,124.88848,79,18623,162,240,100000
34,avg-run,1000,true,uniform,READ,177,6927642,4416144,4411118,44142,5,0,0,0,0,169,711,1549180,9727112,78368288,433587256,21649302,1392060,284509310466,277856629,36314244,3283000,1,0,0,0,0,11034,9062.89650172195,100000,105.43996,76,14695,142,231,100000
35,extend,1000,true,uniform,EXTEND,13676,115247546,55172221,54268696,482190,350276,458449,0,0,0,169,711,1549180,9727288,78368288,433589056,21649302,1392060,284587259409,277959076,36322708,3283000,0,0,0,0,1,14265,701.0164738871364,10000,1381.4364,508,18335,1720,1924,10000
35,run,1000,true,uniform,READ,14033,118904700,57543655,56639091,482190,350276,458449,0,0,0,169,711,1549180,9730520,78368288,433589485,21649302,1392060,284587273307,277959301,36322708,3283000,1,0,0,0,0,13672,7314.218841427735,100000,131.88407,83,18399,176,277,100000
35,reference,1000,true,uniform,READ,1672,10591686,3636855,3543627,1119,1,0,0,0,0,169,711,1549180,9731060,78368288,433589809,21649302,1392060,284589007294,277985093,36323051,3283000,1,0,0,0,0,3564,28058.361391694725,100000,31.04989,17,16223,42,77,100000
35,clean-run,1000,true,uniform,READ,94,3550180,2371686,2369722,23741,1,0,0,0,0,169,712,1560041,9731222,78371652,433597288,21649452,1392065,284633039845,278037550,36323991,3286817,1,0,0,0,0,13196,7578.053955744165,100000,127.08682,77,20895,166,241,100000
35,avg-run,1000,true,uniform,READ,171,6945389,4476252,4471226,44741,5,0,0,0,0,169,712,1560041,9731229,78379703,433602468,21649452,1392065,284672088575,278080639,36323993,3286817,1,0,0,0,0,11005,9086.778736937755,100000,105.23873,78,16495,133,195,100000
36,extend,1000,true,uniform,EXTEND,16136,119568976,57868896,56940040,505721,360287,481385,0,0,0,169,712,1560041,9731748,78379703,433604344,21649452,1392065,284752034530,278184920,36332593,3286817,0,0,0,0,1,14374,695.7005704744678,10000,1392.5614,526,20351,1723,1907,10000
36,run,1000,true,uniform,READ,16514,123238981,60299474,59369578,505721,360287,481385,0,0,0,169,712,1560041,9734415,78379703,433604765,21649452,1392065,284752050023,278185174,36332593,3286817,1,0,0,0,0,14039,7123.014459719353,100000,135.85124,81,15751,179,297,100000
36,reference,1000,true,uniform,READ,2011,10893916,3741015,3644871,1119,1,0,0,0,0,169,712,1560041,9735009,78379703,433605065,21649452,1392065,284753832063,278211497,36332925,3286817,1,0,0,0,0,4048,24703.557312252964,100000,35.59765,21,12751,47,80,100000
36,clean-run,1000,true,uniform,READ,123,3567413,2432140,2430176,24336,8,0,0,0,0,169,713,1571169,9735145,78383304,433612749,21649568,1392073,284798955494,278265307,36333865,3291008,1,0,0,0,0,13515,7399.186089530152,100000,130.2975,81,15719,165,251,100000
36,avg-run,1000,true,uniform,READ,206,6962616,4536706,4531680,45336,12,0,0,0,0,169,713,1571169,9735145,78391387,433617936,21649568,1392073,284839004337,278308398,36333867,3291008,1,0,0,0,0,11672,8567.511994516792,100000,112.20124,83,15719,148,271,100000
37,extend,1000,true,uniform,EXTEND,18832,123925602,60632145,59677965,529847,370298,504841,0,0,0,169,713,1571169,9736239,78391387,433620066,21649568,1392073,284920912392,278414456,36342683,3291008,0,0,0,0,1,14400,694.4444444444445,10000,1394.8118,489,18815,1720,1943,10000
37,run,1000,true,uniform,READ,19334,128659891,63131051,62174955,529849,370309,504843,0,0,0,169,713,1571169,9738897,78391387,433620551,21649568,1392073,284922726667,278441559,36343031,3291008,1,0,0,0,0,14633,6833.868653044488,100000,141.65185,80,17039,182,260,100000
37,reference,1000,true,uniform,READ,2357,11196139,3845175,3746115,1119,1,0,0,0,0,169,713,1571169,9739413,78391387,433620809,21649568,1392073,284922726717,278441560,36343031,3291008,1,0,0,0,0,3495,28612.30329041488,100000,29.93271,21,16383,40,73,100000
37,clean-run,1000,true,uniform,READ,124,3594594,2497705,2495741,25006,1,0,0,0,0,169,714,1582566,9739554,78395096,433628644,21649674,1392076,284968954996,278496836,36343972,3294852,1,0,0,0,0,13733,7281.730139081045,100000,132.35056,84,16223,172,256,100000
37,avg-run,1000,true,uniform,READ,208,6989796,4602271,4597245,46006,5,0,0,0,0,169,714,1582566,9739579,78403149,433633832,21649674,1392076,285010003726,278539925,36343974,3294852,1,0,0,0,0,11533,8670.770831526923,100000,110.68995,82,15927,140,203,100000
38,extend,1000,true,uniform,EXTEND,22119,129409647,63471058,62490557,554821,380309,529162,0,0,0,169,714,1582566,9741166,78403149,433636639,21649674,1392076,285094232377,278648595,36352959,3294852,0,0,0,0,1,14404,694.2515967786726,10000,1394.3089,579,23311,1735,1967,10000
38,run,1000,true,uniform,READ,22678,134173639,66035782,65053365,554823,380320,529164,0,0,0,169,714,1582566,9743735,78403149,433637095,21649674,1392076,285096115614,278676523,36353321,3294852,1,0,0,0,0,14684,6810.133478616181,100000,141.84202,83,20799,183,262,100000
38,reference,1000,true,uniform,READ,2708,11498357,3949335,3847359,1119,1,0,0,0,0,169,714,1582566,9744324,78407147,433637379,21649674,1392076,285096115759,278676525,36353321,3294852,1,0,0,0,0,3812,26232.948583420777,100000,33.29554,21,14255,47,81,100000
38,clean-run,1000,true,uniform,READ,135,3618376,2563396,2561432,25659,1,0,0,0,0,169,715,1594286,9745110,78407148,433645356,21649778,1392080,285143425764,278733260,36354261,3298389,1,0,0,0,0,14020,7132.667617689016,100000,135.52037,85,16271,179,277,100000
38,avg-run,1000,true,uniform,READ,221,7013576,4667962,4662936,46659,5,0,0,0,0,169,715,1594286,9745110,78414581,433650580,21649778,1392080,285185474474,278776349,36354263,3298389,1,0,0,0,0,11546,8661.008141347653,100000,110.92574,84,16111,140,208,100000
39,extend,1000,true,uniform,EXTEND,26411,134928370,66383584,65376760,580454,390320,554151,0,0,0,169,715,1594286,9747215,78414581,433654257,21649778,1392080,285271727274,278887031,36363501,3298389,0,0,0,0,1,14288,699.8880179171333,10000,1384.0177,576,21903,1760,2425,10000
39,run,1000,true,uniform,READ,26970,139716693,69013628,68004888,580456,390331,554153,0,0,0,169,715,1594286,9749943,78419314,433654780,21649778,1392080,285273660733,278915656,36363870,3298389,1,0,0,0,0,14493,6899.882701994066,100000,139.92553,88,17759,188,293,100000
39,reference,1000,true,uniform,READ,3059,11800575,4053495,3948603,1119,1,0,0,0,0,169,715,1594286,9750456,78419314,433655042,21649778,1392080,285273660783,278915657,36363870,3298389,1,0,0,0,0,3514,28457.598178713717,100000,30.33999,19,11839,41,71,100000
39,clean-run,1000,true,uniform,READ,971,3638078,2627941,2625980,26290,1,0,0,0,0,169,716,1606324,9751017,78419356,433664009,21649918,1392086,285321716209,278968112,36364809,3302185,1,0,0,0,0,14200,7042.2535211267605,100000,137.03496,87,21471,176,266,100000
39,avg-run,1000,true,uniform,READ,1063,7399831,5732391,5727368,57290,5,0,0,0,0,169,716,1606324,9751017,78427044,433670925,21649918,1392086,285366095439,279031228,36364811,3302185,1,0,0,0,0,12943,7726.184037703778,100000,124.49209,87,21311,160,242,100000
40,extend,1000,true,uniform,EXTEND,37996,140468562,69369159,68336012,606584,400331,579632,0,0,0,169,716,1606324,9755140,78433777,433681855,21649918,1392086,285454164442,279143435,36374212,3302185,0,0,0,0,1,14415,693.721817551162,10000,1396.4912,571,22959,1747,1983,10000
40,run,1000,true,uniform,READ,38549,145272859,72062543,71027480,606586,400342,579634,0,0,0,169,716,1606324,9757738,78433777,433682337,21649918,1392086,285456143370,279172724,36374582,3302185,1,0,0,0,0,14739,6784.720808738721,100000,142.37437,89,19119,186,298,100000
40,reference,1000,true,uniform,READ,3410,12102793,4157655,4049847,1119,1,0,0,0,0,169,716,1606324,9758214,78436642,433682688,21649918,1392086,285456550558,279179424,36374583,3302185,1,0,0,0,0,3833,26089.225150013044,100000,33.52051,21,11439,47,91,100000
40,clean-run,1000,true,uniform,READ,474,3679968,2692928,2690964,26952,1,0,0,0,0,169,717,1618613,9758902,78438168,433691267,21650091,1392089,285506047202,279238987,36375523,3305748,1,0,0,0,0,14085,7099.751508697195,100000,135.86186,94,18127,174,251,100000
40,avg-run,1000,true,uniform,READ,561,7441642,5797494,5792468,57952,5,0,0,0,0,169,717,1618613,9758902,78445699,433698180,21650091,1392089,285551426502,279302104,36375525,3305748,1,0,0,0,0,14402,6943.480072212193,100000,138.8424,105,19343,183,277,100000
41,extend,1000,true,uniform,EXTEND,49542,146030366,72425410,71365940,633437,410342,605893,0,0,0,169,717,1618613,9763310,78452253,433709163,21650091,1392089,285641866471,279416422,36385135,3305748,0,0,0,0,1,14485,690.3693476009665,10000,1405.9543,663,19055,1761,1985,10000
41,run,1000,true,uniform,READ,50088,150861535,75176961,74115575,633439,410353,605895,0,0,0,169,717,1618613,9765762,78452253,433709675,21650091,1392089,285643892810,279446484,36385507,3305748,1,0,0,0,0,14666,6818.491749624983,100000,141.6017,93,21263,183,250,100000
41,reference,1000,true,uniform,READ,3787,12404985,4261815,4151091,1119,1,0,0,0,0,169,717,1618613,9766275,78452253,433709937,21650091,1392089,285643892810,279446484,36385507,3305748,1,0,0,0,0,3482,28719.126938541067,100000,30.00612,19,11919,40,66,100000
41,clean-run,1000,true,uniform,READ,654,3705649,2751688,2749724,27544,1,0,0,0,0,169,718,1631254,9766331,78452913,433718830,21650299,1392096,285694476280,279507357,36386447,3309506,1,0,0,0,0,14176,7054.176072234763,100000,137.14445,98,16271,172,238,100000
41,avg-run,1000,true,uniform,READ,741,7467793,5856254,5851228,58544,5,0,0,0,0,169,718,1631254,9766331,78461076,433725742,21650299,1392096,285740855510,279570473,36386449,3309506,1,0,0,0,0,14558,6869.075422448139,100000,140.58509,105,20223,182,300,100000
42,extend,1000,true,uniform,EXTEND,63742,151620999,75547055,74461267,660810,420353,632657,0,0,0,169,718,1631254,9770761,78467805,433739335,21650299,1392096,285833067961,279686290,36396202,3309506,0,0,0,0,1,14532,688.1365262868153,10000,1411.4505,520,20799,1747,1975,10000
42,run,1000,true,uniform,READ,64298,156469154,78360416,77272712,660812,420364,632659,0,0,0,169,718,1631254,9773109,78467805,433739817,21650299,1392096,285835140388,279717044,36396584,3309506,1,0,0,0,0,14656,6823.144104803493,100000,141.6841,95,16783,183,264,100000
42,reference,1000,true,uniform,READ,4138,12707203,4365975,4252335,1119,1,0,0,0,0,169,718,1631254,9773770,78470505,433740125,21650299,1392096,285835546361,279723736,36396585,3309506,1,0,0,0,0,3731,26802.46582685607,100000,32.56994,19,11695,44,73,100000
42,clean-run,1000,true,uniform,READ,325,3741516,2812689,2810725,28153,1,0,0,0,0,169,719,1644145,9773960,78473158,433748800,21650443,1392101,285887217298,279785943,36397525,3313702,1,0,0,0,0,14640,6830.601092896175,100000,141.33056,93,19839,187,301,100000
42,avg-run,1000,true,uniform,READ,412,7503489,5917255,5912229,59153,5,0,0,0,0,169,719,1644145,9773960,78481261,433755720,21650443,1392101,285934596628,279849061,36397527,3313702,1,0,0,0,0,14574,6861.534239055853,100000,140.85546,107,15519,173,263,100000
43,extend,1000,true,uniform,EXTEND,77570,157233745,78737827,77625719,688761,430364,660042,0,0,0,169,719,1644145,9778576,78488005,433768896,21650443,1392101,286028842906,279966674,36407449,3313702,0,0,0,0,1,14500,689.6551724137931,10000,1404.5608,487,24559,1771,2031,10000
43,run,1000,true,uniform,READ,78122,162108563,81608237,80494213,688763,430375,660044,0,0,0,169,719,1644145,9781006,78488005,433769414,21650443,1392101,286030959219,279998034,36407861,3313702,1,0,0,0,0,15204,6577.216521967903,100000,147.04964,97,17759,192,295,100000
43,reference,1000,true,uniform,READ,4490,13009420,4470135,4353579,1119,1,0,0,0,0,169,719,1644145,9781018,78488005,433769678,21650443,1392101,286030959219,279998034,36407861,3313702,1,0,0,0,0,3948,25329.280648429583,100000,34.96846,21,11695,46,78,100000
43,clean-run,1000,true,uniform,READ,163,3768757,2868283,2866319,28719,1,0,0,0,0,169,720,1657335,9781789,78488769,433778316,21650633,1392109,286083713061,280061491,36408801,3317678,1,0,0,0,0,14730,6788.866259334691,100000,142.41794,103,18319,180,278,100000
43,avg-run,1000,true,uniform,READ,250,7530730,5972849,5967823,59719,5,0,0,0,0,169,720,1657335,9781789,78496193,433785228,21650633,1392109,286132092261,280124606,36408803,3317678,1,0,0,0,0,14812,6751.282743721307,100000,143.25908,107,19407,182,269,100000
44,extend,1000,true,uniform,EXTEND,91822,162877496,81991637,80853207,717156,440375,687951,0,0,0,169,720,1657335,9786448,78503258,433798844,21650633,1392109,286228401873,280243754,36418946,3317678,0,0,0,0,1,14616,684.1817186644773,10000,1416.6361,565,21871,1758,2155,10000
44,run,1000,true,uniform,READ,92379,167774908,84910461,83770115,717158,440386,687953,0,0,0,169,720,1657335,9788612,78503258,433799367,21650633,1392109,286230575744,280275720,36419354,3317678,1,0,0,0,0,15562,6425.909266161162,100000,150.6097,100,18927,193,256,100000
44,reference,1000,true,uniform,READ,4867,13311612,4574295,4454823,1119,1,0,0,0,0,169,720,1657335,9788612,78503258,433799630,21650633,1392109,286230575889,280275722,36419354,3317678,1,0,0,0,0,3957,25271.670457417236,100000,35.1032,21,13295,44,68,100000
44,clean-run,1000,true,uniform,READ,194,3796486,2917721,2915757,29205,1,0,0,0,0,169,721,1670787,9789237,78504512,433808416,21650822,1392112,286284401163,280340262,36420294,3322288,1,0,0,0,0,14942,6692.544505420961,100000,144.6254,104,18831,185,285,100000
44,avg-run,1000,true,uniform,READ,280,7558483,6022287,6017261,60205,5,0,0,0,0,169,721,1670787,9789237,78512079,433815328,21650822,1392112,286333780393,280403378,36420296,3322288,1,0,0,0,0,14866,6726.759047490919,100000,144.06298,107,16991,177,264,100000
45,extend,1000,true,uniform,EXTEND,107191,168547298,85299580,84134835,746034,450386,716382,0,0,0,169,721,1670787,9794015,78519110,433830046,21650822,1392112,286432524476,280524080,36430648,3322288,0,0,0,0,1,14795,675.9040216289287,10000,1434.315,618,25439,1800,2085,10000
45,run,1000,true,uniform,READ,107742,173465436,88263353,87096692,746036,450397,716384,0,0,0,169,721,1670787,9795903,78521797,433830588,21650822,1392112,286434710924,280556659,36431072,3322288,1,0,0,0,0,15421,6484.663770183516,100000,149.1985,97,16415,188,289,100000
45,reference,1000,true,uniform,READ,5244,13613804,4678455,4556067,1119,1,0,0,0,0,169,721,1670787,9796206,78521797,433830854,21650822,1392112,286435116751,280563349,36431073,3322288,1,0,0,0,0,3605,27739.251040221912,100000,31.1858,21,12031,41,72,100000
45,clean-run,1000,true,uniform,READ,174,3823226,2962191,2960227,29652,1,0,0,0,0,169,722,1684559,9796453,78525841,433839946,21650972,1392118,286490008890,280628890,36432013,3326881,1,0,0,0,0,15152,6599.7888067581835,100000,146.96206,105,16559,183,292,100000
45,avg-run,1000,true,uniform,READ,259,7585330,6066757,6061731,60652,5,0,0,0,0,169,722,1684559,9796453,78533888,433846865,21650972,1392118,286540388220,280692008,36432015,3326881,1,0,0,0,0,15329,6523.5827516472045,100000,148.6673,108,16943,191,302,100000
46,extend,1000,true,uniform,EXTEND,122217,174242481,88657848,87466783,775315,460397,745235,0,0,0,169,722,1684559,9801111,78540953,433861107,21650972,1392118,286640873080,280814211,36442516,3326881,0,0,0,0,1,14558,686.9075422448138,10000,1409.7359,508,30319,1805,2083,10000
46,run,1000,true,uniform,READ,122779,179188900,91664539,90471558,775317,460408,745237,0,0,0,169,722,1684559,9802673,78540953,433861485,21650972,1392118,286643089286,280847208,36442947,3326881,1,0,0,0,0,15858,6305.965443309371,100000,153.95106,104,16543,197,300,100000
46,reference,1000,true,uniform,READ,5597,13916020,4782615,4657311,1119,1,0,0,0,0,169,722,1684559,9802703,78544057,433861824,21650972,1392118,286643089431,280847210,36442947,3326881,1,0,0,0,0,3386,29533.372711163614,100000,29.28856,21,12511,40,75,100000
46,clean-run,1000,true,uniform,READ,195,3850552,3005063,3003099,30080,1,0,0,0,0,169,723,1698528,9802885,78547752,433871058,21651093,1392120,286699451356,280920414,36443888,3331452,1,0,0,0,0,15217,6571.597555365709,100000,147.31802,107,18815,183,251,100000
46,avg-run,1000,true,uniform,READ,279,7612373,6109629,6104603,61080,5,0,0,0,0,169,723,1698528,9802885,78555815,433877967,21651093,1392120,286750830606,280983530,36443890,3331452,1,0,0,0,0,15283,6543.217954590067,100000,147.96729,112,19983,179,282,100000
47,extend,1000,true,uniform,EXTEND,137421,179970596,92064017,90846630,804981,470408,774455,0,0,0,169,723,1698528,9807733,78562848,433892330,21651093,1392120,286853458108,281107031,36454549,3331452,0,0,0,0,1,14676,681.384573453257,10000,1423.8718,502,21215,1806,2167,10000
47,run,1000,true,uniform,READ,137959,184933718,95114862,93895559,804983,470419,774457,0,0,0,169,723,1698528,9809026,78562848,433892807,21651093,1392120,286855721255,281140687,36454980,3331452,1,0,0,0,0,16192,6175.889328063241,100000,157.23668,103,17711,194,297,100000
47,reference,1000,true,uniform,READ,5974,14218212,4886775,4758555,1119,1,0,0,0,0,169,723,1698528,9809027,78562848,433893071,21651093,1392120,286855721305,281140688,36454980,3331452,1,0,0,0,0,3723,26860.059092130003,100000,32.50727,20,16279,42,69,100000
47,clean-run,1000,true,uniform,READ,159,3857811,3050531,3048570,30513,1,0,0,0,0,169,724,1712784,9809049,78564421,433902420,21651233,1392124,286912342186,281201602,36455919,3336369,1,0,0,0,0,15501,6451.196696987291,100000,150.17302,103,17055,186,294,100000
47,avg-run,1000,true,uniform,READ,249,7619519,6154981,6149958,61513,5,0,0,0,0,169,724,1712784,9809049,78572592,433909330,21651233,1392124,286964721416,281264718,36455921,3336369,1,0,0,0,0,15718,6362.1325868431095,100000,152.22816,113,20991,184,309,100000
48,extend,1000,true,uniform,EXTEND,154326,185760797,95520567,94275983,835034,480430,804126,0,0,0,169,724,1712784,9813941,78579764,433924378,21651233,1392124,287070967036,281420803,36467136,3336369,0,0,0,0,1,14959,668.493883280968,10000,1451.3276,491,22639,1838,2265,10000
48,run,1000,true,uniform,READ,154665,190712996,98608702,97362919,835034,480430,804126,0,0,0,169,724,1712784,9816038,78582746,433924811,21651233,1392124,287071385646,281427698,36467137,3336369,1,0,0,0,0,16255,6151.953245155337,100000,157.91555,110,17247,194,261,100000
48,reference,1000,true,uniform,READ,6351,14520404,4990935,4859799,1119,1,0,0,0,0,169,724,1712784,9816657,78582746,433925073,21651233,1392124,287071385646,281427698,36467137,3336369,1,0,0,0,0,3903,25621.316935690495,100000,34.19453,21,12279,46,78,100000
48,clean-run,1000,true,uniform,READ,194,3898581,3088170,3086206,30908,1,0,0,0,0,169,725,1726747,9816789,78586431,433934592,21651408,1392129,287129465987,281496100,36468077,3341387,1,0,0,0,0,15607,6407.381303261357,100000,151.50613,111,17135,191,291,100000
48,avg-run,1000,true,uniform,READ,278,7660411,6192736,6187710,61908,5,0,0,0,0,169,725,1726747,9816789,78594492,433941501,21651408,1392129,287182845187,281559215,36468079,3341387,1,0,0,0,0,15572,6421.782686873877,100000,150.85042,112,19887,187,304,100000
49,extend,1000,true,uniform,EXTEND,170071,191502382,99018082,97748732,865522,490430,834176,0,0,0,169,725,1726747,9822324,78601676,433957586,21651408,1392129,287291736343,281685571,36479177,3341387,0,0,0,0,1,15043,664.7610184138803,10000,1457.7693,517,26959,1820,2141,10000
49,run,1000,true,uniform,READ,171285,196500546,102150709,100879018,865524,490441,834178,0,0,0,169,725,1726747,9822685,78605040,433958014,21651408,1392129,287295312961,281727515,36479851,3341387,1,0,0,0,0,16592,6027.000964320155,100000,161.29727,107,17551,201,269,100000
49,reference,1000,true,uniform,READ,6726,14822598,5095095,4961043,1119,1,0,0,0,0,169,725,1726747,9822923,78605040,433958277,21651408,1392129,287295313011,281727516,36479851,3341387,1,0,0,0,0,3700,27027.027027027027,100000,32.18068,21,12431,45,80,100000
49,clean-run,1000,true,uniform,READ,105,3920563,3131427,3129463,31346,8,0,0,0,0,169,726,1741831,9823398,78611326,433968515,21651655,1392133,287354461004,281796929,36480791,3346712,1,0,0,0,0,15759,6345.5803033187385,100000,152.61343,108,19743,191,262,100000
49,avg-run,1000,true,uniform,READ,175,7924450,6235993,6230967,62346,12,0,0,0,0,169,726,1741831,9823402,78619076,433975883,21651655,1392133,287408840287,281860045,36480793,3346712,1,0,0,0,0,15498,6452.445476835721,100000,150.13916,113,21999,188,254,100000
50,extend,1000,true,uniform,EXTEND,190741,197288356,102564976,101269453,896325,500441,864586,0,0,0,169,726,1741831,9828575,78626459,433994049,21651655,1392133,287517872544,281987550,36492047,3346712,0,0,0,0,1,14894,671.4113065664026,10000,1437.5534,546,22783,1803,2669,10000
50,run,1000,true,uniform,READ,191841,202315493,105737451,104439012,896327,500452,864588,0,0,0,169,726,1741831,9828982,78629943,433994647,21651655,1392133,287520986290,282030913,36492576,3346712,1,0,0,0,0,16661,6002.040693835904,100000,161.58926,110,16975,202,310,100000
50,reference,1000,true,uniform,READ,7077,15124816,5199255,5062287,1119,1,0,0,0,0,169,726,1741831,9829217,78629943,433994911,21651655,1392133,287520986340,282030914,36492576,3346712,1,0,0,0,0,3673,27225.70106180234,100000,32.25186,21,13927,42,69,100000
50,clean-run,1000,true,uniform,READ,93,3945591,3170858,3168894,31739,1,0,0,0,0,169,727,1756819,9829755,78636543,434005656,21651803,1392138,287581186250,282101227,36493516,3352247,1,0,0,0,0,15899,6289.7037549531415,100000,154.42378,110,16703,194,263,100000
50,avg-run,1000,true,uniform,READ,152,7949660,6275424,6270398,62739,5,0,0,0,0,169,727,1756819,9829755,78644198,434012998,21651803,1392138,287636565450,282164342,36493518,3352247,1,0,0,0,0,15745,6351.222610352493,100000,152.40062,110,20511,200,303,100000
51,extend,1000,true,uniform,EXTEND,211866,203109032,106156573,104833727,927577,510452,895423,0,0,0,169,727,1756819,9834764,78651736,434031358,21651803,1392138,287746975748,282293205,36504927,3352247,0,0,0,0,1,14960,668.4491978609626,10000,1451.7829,507,20911,1826,2227,10000
51,run,1000,true,uniform,READ,212506,208159331,109370800,108046038,927579,510463,895425,0,0,0,169,727,1756819,9835289,78655216,434031955,21651803,1392138,287749798757,282336001,36505379,3352247,1,0,0,0,0,16917,5911.213572146362,100000,164.4001,113,17743,199,281,100000
51,reference,1000,true,uniform,READ,7428,15427034,5303415,5163531,1119,1,0,0,0,0,169,727,1756819,9835439,78655216,434032219,21651803,1392138,287749798807,282336002,36505379,3352247,1,0,0,0,0,3729,26816.84097613301,100000,32.51769,18,12247,45,76,100000
51,clean-run,1000,true,uniform,READ,129,3966979,3212586,3210622,32154,1,0,0,0,0,169,728,1771915,9835667,78669823,434042105,21652058,1392142,287811061743,282407274,36506319,3358368,1,0,0,0,0,16323,6126.324817741836,100000,158.58117,113,17727,205,301,100000
51,avg-run,1000,true,uniform,READ,212,7970859,6317152,6312126,63154,5,0,0,0,0,169,728,1771915,9835667,78669823,434049489,21652058,1392142,287867440943,282470389,36506321,3358368,1,0,0,0,0,15620,6402.048655569783,100000,151.43796,113,21535,188,249,100000
52,extend,1000,true,uniform,EXTEND,231161,208959011,109795547,108446378,959436,520463,926807,0,0,0,169,728,1771915,9840727,78677358,434067621,21652058,1392142,287979872007,282601242,36517795,3358368,0,0,0,0,1,14671,681.6167950378298,10000,1423.073,499,22111,1859,2327,10000
52,run,1000,true,uniform,READ,231757,214031862,113057122,111705037,959438,520474,926809,0,0,0,169,728,1771915,9841075,78680995,434068295,21652058,1392142,287982719641,282644461,36518236,3358368,1,0,0,0,0,17102,5847.26932522512,100000,165.96734,115,19343,208,337,100000
52,reference,1000,true,uniform,READ,7795,15729236,5407575,5264775,1119,1,0,0,0,0,169,728,1771915,9841196,78680995,434068587,21652058,1392142,287982719691,282644462,36518236,3358368,1,0,0,0,0,3936,25406.50406504065,100000,34.63861,21,11935,44,70,100000
52,clean-run,1000,true,uniform,READ,101,3990968,3259984,3258020,32629,1,0,0,0,0,169,729,1787076,9841477,78696125,434078584,21652208,1392147,288045055687,282716834,36519176,3364450,1,0,0,0,0,16239,6158.014656074882,100000,157.79478,116,17935,192,310,100000
52,avg-run,1000,true,uniform,READ,184,7994687,6364550,6359524,63629,5,0,0,0,0,169,729,1787076,9841477,78696125,434085968,21652208,1392147,288102434887,282779949,36519178,3364450,1,0,0,0,0,15849,6309.546343617894,100000,153.73452,114,16263,193,326,100000
53,extend,1000,true,uniform,EXTEND,251622,214879872,113488430,112111061,991700,530485,958602,0,0,0,169,729,1787076,9846768,78707273,434104803,21652208,1392147,288219219931,282946864,36531266,3364450,0,0,0,0,1,15004,666.4889362836577,10000,1455.7633,524,23007,1859,2389,10000
53,run,1000,true,uniform,READ,251977,219921000,116795119,115416371,991700,530485,958602,0,0,0,169,729,1787076,9846981,78707273,434105283,21652208,1392147,288219661360,282954158,36531267,3364450,1,0,0,0,0,16985,5887.54783632617,100000,164.88491,110,21151,201,265,100000
53,reference,1000,true,uniform,READ,8146,16031454,5511735,5366019,1119,1,0,0,0,0,169,729,1787076,9847901,78714610,434105596,21652208,1392147,288219661410,282954159,36531267,3364450,1,0,0,0,0,3436,29103.60884749709,100000,29.87666,18,12319,40,72,100000
53,clean-run,1000,true,uniform,READ,108,4011837,3307450,3305486,33098,1,0,0,0,0,169,730,1801461,9848015,78722725,434115707,21652371,1392153,288283068970,283027622,36532207,3370033,1,0,0,0,0,16402,6096.817461285209,100000,159.48551,113,16831,199,275,100000
53,avg-run,1000,true,uniform,READ,192,7942134,6412016,6406990,64098,5,0,0,0,0,169,730,1801461,9848015,78722725,434123449,21652371,1392153,288341448170,283090737,36532209,3370033,1,0,0,0,0,16007,6247.266820765915,100000,155.31321,118,16735,198,277,100000
54,extend,1000,true,uniform,EXTEND,272660,220774207,117232304,115828932,1024451,540496,990900,0,0,0,169,730,1801461,9853175,78734803,434142948,21652371,1392153,288461820418,283259732,36544674,3370033,0,0,0,0,1,14786,676.3154335181929,10000,1432.5607,496,30463,1854,2535,10000
54,run,1000,true,uniform,READ,273059,225841814,120584202,119179628,1024451,540496,990900,0,0,0,169,730,1801461,9854736,78741331,434143484,21652371,1392153,288462290132,283267505,36544675,3370033,1,0,0,0,0,17563,5693.788077207766,100000,170.94567,119,18015,212,334,100000
54,reference,1000,true,uniform,READ,8499,16333670,5615895,5467263,1119,1,0,0,0,0,169,730,1801461,9855216,78741331,434143773,21652371,1392153,288462290132,283267505,36544675,3370033,1,0,0,0,0,3432,29137.529137529138,100000,29.65372,21,11951,39,69,100000
54,clean-run,1000,true,uniform,READ,102,4005884,3352629,3350668,33538,1,0,0,0,0,169,731,1814985,9855703,78750836,434154035,21652525,1392159,288526309910,283334476,36545614,3376134,1,0,0,0,0,16512,6056.201550387597,100000,160.2027,118,22975,196,262,100000
54,avg-run,1000,true,uniform,READ,192,7936010,6457079,6452056,64538,5,0,0,0,0,169,731,1814985,9855703,78758763,434161783,21652525,1392159,288585689160,283397592,36545616,3376134,1,0,0,0,0,16449,6079.396923825157,100000,159.94467,118,17119,204,294,100000
55,extend,1000,true,uniform,EXTEND,295728,226699599,121026884,119597863,1057717,550507,1023626,0,0,0,169,731,1814985,9860620,78763374,434182457,21652525,1392159,288708597389,283565731,36558303,3376134,0,0,0,0,1,15394,649.6037417175523,10000,1493.8558,513,27919,1887,2567,10000
55,run,1000,true,uniform,READ,296066,231782985,124432889,123002808,1057717,550507,1023626,0,0,0,169,731,1814985,9860881,78769978,434182920,21652525,1392159,288709080595,283573720,36558304,3376134,1,0,0,0,0,17645,5667.327854916407,100000,171.82156,114,17679,211,305,100000
55,reference,1000,true,uniform,READ,8883,16635928,5720945,5568521,1119,1,0,0,0,0,169,731,1814985,9860951,78769978,434183192,21652525,1392159,288709080645,283573721,36558304,3376134,1,0,0,0,0,3605,27739.251040221912,100000,31.29975,19,11927,41,74,100000
55,clean-run,1000,true,uniform,READ,102,4043413,3405978,3404014,34091,1,0,0,0,0,169,732,1829896,9861259,78779364,434193653,21652654,1392162,288774639775,283649490,36559244,3382325,1,0,0,0,0,16895,5918.910920390648,100000,164.11906,121,20927,199,299,100000
55,avg-run,1000,true,uniform,READ,185,7973711,6510544,6505518,65091,5,0,0,0,0,169,732,1829896,9861259,78787556,434201418,21652654,1392162,288835019075,283712607,36559246,3382325,1,0,0,0,0,16267,6147.415011987459,100000,157.74467,118,22895,197,267,100000
56,extend,1000,true,uniform,EXTEND,317684,232646180,124881880,123427494,1091485,560518,1056846,0,0,0,169,732,1829896,9865983,78792097,434220206,21652654,1392162,288964207211,283881781,36572580,3382325,0,0,0,0,1,15224,656.8575932737782,10000,1477.4183,518,21951,1887,2581,10000
56,run,1000,true,uniform,READ,318023,237763588,128343314,126887885,1091485,560518,1056846,0,0,0,169,732,1829896,9865985,78792097,434220582,21652654,1392162,288964240589,283882345,36572580,3382325,1,0,0,0,0,16587,6028.817748839452,100000,160.8368,105,19343,194,343,100000
56,reference,1000,true,uniform,READ,9232,16938148,5825105,5669765,1119,1,0,0,0,0,169,732,1829896,9866164,78799038,434220941,21652654,1392162,288964695613,283889869,36572581,3382325,1,0,0,0,0,3825,26143.7908496732,100000,33.47851,17,13471,45,80,100000
56,clean-run,1000,true,uniform,READ,95,4059480,3461554,3459590,34639,1,0,0,0,0,169,733,1844980,9866507,78808703,434233776,21653222,1392173,289031338890,283966915,36573521,3388519,1,0,0,0,0,15051,6644.076805527872,100000,145.90427,102,17919,176,271,100000
56,avg-run,1000,true,uniform,READ,175,7989781,6566120,6561094,65639,5,0,0,0,0,169,733,1844980,9866507,78816876,434241530,21653222,1392173,289092718190,284030032,36573523,3388519,1,0,0,0,0,16519,6053.63520794237,100000,160.27984,118,18991,199,300,100000
57,extend,1000,true,uniform,EXTEND,344226,238623722,128799145,127319428,1125915,570529,1090699,0,0,0,169,733,1844980,9872631,78822144,434263189,21653222,1392173,289227245653,284205297,36587678,3388519,0,0,0,0,1,15298,653.6802196365538,10000,1484.8918,524,24415,1854,2229,10000
57,run,1000,true,uniform,READ,344702,243721598,132318006,130837249,1125915,570529,1090699,0,0,0,169,733,1844980,9873408,78826662,434263862,21653222,1392173,289227280232,284205877,36587678,3388519,1,0,0,0,0,16961,5895.878780732268,100000,164.926,108,20127,197,312,100000
57,reference,1000,true,uniform,READ,9581,17240368,5929265,5771009,1119,1,0,0,0,0,169,733,1844980,9873467,78826662,434264105,21653222,1392173,289227735207,284213400,36587679,3388519,1,0,0,0,0,3779,26462.026991267532,100000,32.75228,19,13295,44,79,100000
57,clean-run,1000,true,uniform,READ,125,4078547,3519301,3517257,35216,1,0,0,0,0,169,734,1859653,9873689,78842141,434274949,21653419,1392177,289295476996,284291806,36588620,3395137,1,0,0,0,0,15647,6391.001469930338,100000,151.49244,102,17535,183,308,100000
57,avg-run,1000,true,uniform,READ,209,8008836,6623861,6618755,66216,5,0,0,0,0,169,734,1859653,9873689,78850333,434282723,21653419,1392177,289357856246,284354922,36588622,3395137,1,0,0,0,0,16916,5911.563017261764,100000,164.32991,123,17983,211,291,100000
58,extend,1000,true,uniform,EXTEND,370914,244588310,132780482,131275440,1160816,580540,1125090,0,0,0,169,734,1859653,9878197,78856086,434303086,21653419,1392177,289492017929,284529999,36603669,3395137,0,0,0,0,1,16410,609.3845216331505,10000,1595.4757,485,21279,2241,2703,10000
58,run,1000,true,uniform,READ,371360,249724764,136350878,134844796,1160816,580540,1125090,0,0,0,169,734,1859653,9879894,78860683,434303709,21653419,1392177,289492511757,284538173,36603670,3395137,1,0,0,0,0,17117,5842.145235730561,100000,166.3407,109,18383,198,337,100000
58,reference,1000,true,uniform,READ,9930,17542588,6033425,5872253,1119,1,0,0,0,0,169,734,1859653,9879920,78860683,434303958,21653419,1392177,289492511757,284538173,36603670,3395137,1,0,0,0,0,4227,23657.44026496333,100000,37.28481,21,12831,49,85,100000
58,clean-run,1000,true,uniform,READ,124,4076096,3571017,3568973,35726,18,0,0,0,0,169,735,1873518,9880152,78875801,434314981,21653562,1392183,289561323406,284617796,36604610,3400966,1,0,0,0,0,15588,6415.1911726969465,100000,151.11028,106,19039,187,260,100000
58,avg-run,1000,true,uniform,READ,206,8006390,6675578,6670472,66726,22,0,0,0,0,169,735,1873518,9880152,78883989,434322722,21653562,1392183,289624702606,284680911,36604612,3400966,1,0,0,0,0,17086,5852.744937375629,100000,165.74046,123,22799,206,339,100000
59,extend,1000,true,uniform,EXTEND,404171,250588960,136820197,135289830,1196408,590551,1160114,0,0,0,169,735,1873518,9885476,78898157,434344280,21653562,1392183,289759709005,284856682,36619952,3400966,0,0,0,0,1,15598,641.1078343377357,10000,1515.6383,510,23119,1976,2717,10000
59,run,1000,true,uniform,READ,404727,255759788,140446379,138914973,1196408,590551,1160114,0,0,0,169,735,1873518,9886250,78902474,434344987,21653562,1392183,289760207394,284864937,36619953,3400966,1,0,0,0,0,16611,6020.1071579074105,100000,161.16726,108,16431,194,285,100000
59,reference,1000,true,uniform,READ,10279,17844808,6137585,5973497,1119,1,0,0,0,0,169,735,1873518,9886341,78902474,434345226,21653562,1392183,289760207444,284864938,36619953,3400966,1,0,0,0,0,3540,28248.58757062147,100000,30.68728,21,13487,42,74,100000
59,clean-run,1000,true,uniform,READ,148,4086647,3627250,3625286,36294,1,0,0,0,0,169,736,1888033,9886504,78914034,434356475,21653860,1392189,289830101751,284945863,36620893,3407856,1,0,0,0,0,15150,6600.660066006601,100000,146.62765,105,21599,181,305,100000
59,avg-run,1000,true,uniform,READ,232,7552005,7731816,7726790,77294,5,0,0,0,0,169,736,1888033,9886505,78922226,434366745,21653860,1392189,289895815719,285029006,36620895,3407856,1,0,0,0,0,16941,5902.839265686795,100000,164.41848,123,21311,202,330,100000
60,extend,1000,true,uniform,EXTEND,442917,256618173,140922087,139366397,1232414,600562,1195590,0,0,0,169,736,1888033,9893443,78944567,434392926,21653860,1392189,290031247808,285210764,36637374,3407856,0,0,0,0,1,15096,662.4271330153683,10000,1464.6234,500,23183,2020,2677,10000
60,run,1000,true,uniform,READ,443915,261769795,144602460,143045731,1232414,600562,1195590,0,0,0,169,736,1888033,9894859,78954917,434394077,21653860,1392189,290031893144,285221506,36637375,3407856,1,0,0,0,0,16761,5966.231131794046,100000,162.63074,108,22719,195,279,100000
60,reference,1000,true,uniform,READ,10644,18147012,6241745,6074741,1119,1,0,0,0,0,169,736,1888033,9895153,78954917,434394333,21653860,1392189,290031893194,285221507,36637375,3407856,1,0,0,0,0,3527,28352.707683583783,100000,30.6685,19,12623,43,77,100000
60,clean-run,1000,true,uniform,READ,153,4076551,3679571,3677607,36824,1,0,0,0,0,169,737,1901443,9895310,78965794,434405750,21654080,1392194,290102868787,285303670,36638315,3414331,1,0,0,0,0,15413,6488.02958541491,100000,149.03307,104,24191,187,259,100000
60,avg-run,1000,true,uniform,READ,237,7541909,7784137,7779111,77824,5,0,0,0,0,169,737,1901443,9895310,78973984,434416021,21654080,1392194,290169582755,285386813,36638317,3414331,1,0,0,0,0,17090,5851.375073142189,100000,166.28574,125,18271,205,276,100000
61,extend,1000,true,uniform,EXTEND,488545,262632734,145084593,143503580,1269000,610573,1231648,0,0,0,169,737,1901443,9902183,79000808,434442345,21654080,1392194,290306455450,285571816,36656312,3414331,0,0,0,0,1,14705,680.0408024481469,10000,1427.8779,511,22047,1985,2797,10000
61,run,1000,true,uniform,READ,489863,267836604,148817356,147235304,1269000,610573,1231648,0,0,0,169,737,1901443,9903755,79006550,434443823,21654080,1392194,290307104346,285582619,36656313,3414331,1,0,0,0,0,17088,5852.059925093633,100000,165.91293,110,19647,201,273,100000
61,reference,1000,true,uniform,READ,11017,18449208,6345905,6175985,1119,1,0,0,0,0,169,737,1901443,9903912,79006550,434444085,21654080,1392194,290307104396,285582620,36656313,3414331,1,0,0,0,0,3409,29334.11557641537,100000,29.57791,21,12751,44,75,100000
61,clean-run,1000,true,uniform,READ,164,4088439,3732504,3730540,37352,1,0,0,0,0,169,738,1914671,9904062,79020183,434455661,21654272,1392202,290379161690,285666026,36657253,3421115,1,0,0,0,0,15473,6462.870807212564,100000,149.88318,105,19679,186,300,100000
61,avg-run,1000,true,uniform,READ,248,7553797,7837070,7832044,78352,5,0,0,0,0,169,738,1914671,9904064,79028373,434465994,21654272,1392202,290446875708,285749170,36657255,3421115,1,0,0,0,0,17354,5762.360262763628,100000,168.59609,127,19455,208,352,100000
62,extend,1000,true,uniform,EXTEND,538893,268700558,149305472,147699136,1306091,620584,1268170,0,0,0,169,738,1914671,9911324,79058795,434494198,21654272,1392202,290583943350,285937998,36675433,3421115,0,0,0,0,1,15271,654.8359635911204,10000,1482.4584,504,23487,1971,2851,10000
62,run,1000,true,uniform,READ,540603,273909737,153095534,151488159,1306091,620584,1268170,0,0,0,169,738,1914671,9912799,79061487,434495973,21654272,1392202,290583989177,285938767,36675433,3421115,1,0,0,0,0,17232,5803.156917363045,100000,167.44221,112,22655,200,319,100000
62,reference,1000,true,uniform,READ,11394,18751400,6450065,6277229,1119,1,0,0,0,0,169,738,1914671,9912953,79068655,434496353,21654272,1392202,290583989227,285938768,36675433,3421115,1,0,0,0,0,3663,27300.0273000273,100000,31.85834,17,12095,43,70,100000
62,clean-run,1000,true,uniform,READ,163,4081855,3789721,3787757,37921,8,0,0,0,0,169,739,1927464,9913112,79078884,434508085,21654464,1392213,290657692514,286032777,36676374,3428339,1,0,0,0,0,15514,6445.790898543251,100000,150.26341,107,17871,181,309,100000
62,avg-run,1000,true,uniform,READ,246,7547214,7894287,7889261,78921,12,0,0,0,0,169,739,1927464,9913115,79095266,434518421,21654464,1392213,290726406665,286115923,36676376,3428339,1,0,0,0,0,17256,5795.0857672693555,100000,167.71336,127,19999,208,277,100000
63,extend,1000,true,uniform,EXTEND,592084,274779466,153590776,151959117,1343701,630595,1305295,0,0,0,169,739,1927464,9920527,79121832,434544473,21654464,1392213,290863576700,286309474,36695191,3428339,0,0,0,0,1,15507,644.8700586831753,10000,1505.6382,548,22479,1922,2727,10000
63,run,1000,true,uniform,READ,593701,280006030,157428984,155796286,1343701,630595,1305295,0,0,0,169,739,1927464,9922077,79121832,434546446,21654464,1392213,290863612529,286310072,36695191,3428339,1,0,0,0,0,17254,5795.75750550597,100000,167.48553,111,25007,198,341,100000
63,reference,1000,true,uniform,READ,11771,19053592,6554225,6378473,1119,1,0,0,0,0,169,739,1927464,9922182,79127222,434546719,21654464,1392213,290864215003,286320095,36695192,3428339,1,0,0,0,0,3854,25947.067981318112,100000,33.57579,21,12087,47,90,100000
63,clean-run,1000,true,uniform,READ,160,4073447,3838318,3836354,38406,1,0,0,0,0,169,740,1940283,9922321,79141137,434558607,21654659,1392220,290938444974,286406012,36696133,3435499,1,0,0,0,0,15748,6350.0127000254,100000,152.38945,107,20943,182,289,100000
63,avg-run,1000,true,uniform,READ,244,7538805,7942884,7937858,79406,5,0,0,0,0,169,740,1940283,9923330,79165418,434569056,21654659,1392220,291008159042,286489157,36696135,3435499,1,0,0,0,0,17720,5643.340857787811,100000,172.54352,129,18863,215,283,100000
64,extend,1000,true,uniform,EXTEND,648828,280878790,157930265,156273283,1381968,640606,1343031,0,0,0,169,740,1940283,9930167,79186824,434595913,21654659,1392220,291146837937,286686221,36714710,3435499,0,0,0,0,1,14787,676.2696963549064,10000,1433.4295,530,25327,1842,2725,10000
64,run,1000,true,uniform,READ,650808,286102410,161820786,160162765,1381968,640606,1343031,0,0,0,169,740,1940283,9931697,79197314,434598148,21654659,1392220,291147473237,286696795,36714711,3435499,1,0,0,0,0,17482,5720.169317011783,100000,169.8464,111,20143,205,317,100000
64,reference,1000,true,uniform,READ,12148,19355784,6658385,6479717,1119,1,0,0,0,0,169,740,1940283,9931774,79197314,434598444,21654659,1392220,291147473237,286696795,36714711,3435499,1,0,0,0,0,3797,26336.581511719778,100000,33.27125,21,14183,46,76,100000
64,clean-run,1000,true,uniform,READ,194,4059097,3890878,3888914,38937,1,0,0,0,0,169,741,1952685,9931913,79207137,434610567,21654859,1392224,291222772616,286783990,36715651,3443313,1,0,0,0,0,15798,6329.915179136599,100000,152.89724,106,23871,183,293,100000
64,avg-run,1000,true,uniform,READ,278,7524455,7995444,7990418,79937,5,0,0,0,0,169,741,1952685,9933316,79238767,434620979,21654859,1392224,291329064054,286913956,36730222,3443313,1,0,0,0,0,17445,5732.301519059903,100000,169.60306,126,18063,204,271,100000
65,extend,1000,true,uniform,EXTEND,707256,286975867,162328195,160645890,1420643,650617,1381197,0,0,0,169,741,1952685,9940607,79252731,434649266,21654859,1392224,291434158629,287065897,36734295,3443313,0,0,0,0,1,15171,659.1523301034869,10000,1474.6592,517,20447,1875,2585,10000
65,run,1000,true,uniform,READ,709400,292216259,166270124,164586780,1420643,650617,1381197,0,0,0,169,741,1952685,9941962,79262675,434651564,21654859,1392224,291434800805,287076581,36734296,3443313,1,0,0,0,0,17528,5705.157462345961,100000,170.71677,113,18415,204,299,100000
65,reference,1000,true,uniform,READ,12525,19657976,6762545,6580961,1119,1,0,0,0,0,169,741,1952685,9942064,79262675,434651858,21654859,1392224,291434800805,287076581,36734296,3443313,1,0,0,0,0,3689,27107.617240444564,100000,31.93054,18,12103,42,68,100000
65,clean-run,1000,true,uniform,READ,204,4014987,3941589,3939628,39433,1,0,0,0,0,169,742,1965026,9942215,79273414,434664175,21655062,1392235,291510612643,287155597,36735235,3450780,1,0,0,0,0,16029,6238.692370079231,100000,155.35868,109,23615,190,276,100000
65,avg-run,1000,true,uniform,READ,293,7480175,8046039,8041016,80433,5,0,0,0,0,169,742,1965026,9944109,79305048,434674637,21655062,1392235,291618900786,287285743,36749987,3450780,1,0,0,0,0,18423,5427.997611681051,100000,179.13316,132,23007,216,349,100000
66,extend,1000,true,uniform,EXTEND,766883,293091573,166782917,165075289,1459672,660628,1419753,0,0,0,169,742,1965026,9951229,79318615,434703973,21655062,1392235,291724696621,287438785,36754000,3450780,0,0,0,0,1,14711,679.7634423220719,10000,1428.9685,527,22767,1876,2553,10000
66,run,1000,true,uniform,READ,769267,298349022,170771877,169063210,1459672,660628,1419753,0,0,0,169,742,1965026,9952638,79328538,434706515,21655062,1392235,291725336468,287449422,36754001,3450780,1,0,0,0,0,17813,5613.877505192837,100000,173.1341,113,21263,209,329,100000
66,reference,1000,true,uniform,READ,12902,19960168,6866705,6682205,1119,1,0,0,0,0,169,742,1965026,9952814,79328538,434706840,21655062,1392235,291725336468,287449422,36754001,3450780,1,0,0,0,0,3575,27972.027972027972,100000,30.82437,21,13671,43,74,100000
66,clean-run,1000,true,uniform,READ,208,3997974,3990263,3988299,39919,1,0,0,0,0,169,743,1977040,9952955,79340102,434719278,21655249,1392243,291802792091,287539027,36754941,3458295,1,0,0,0,0,16167,6185.439475474733,100000,157.07798,110,19135,191,258,100000
66,avg-run,1000,true,uniform,READ,285,7463339,8094829,8089803,80919,5,0,0,0,0,169,743,1977040,9954510,79372197,434729737,21655249,1392243,291912033227,287669597,36769803,3458295,1,0,0,0,0,15786,6334.726973267452,100000,153.12883,112,22383,184,260,100000
67,extend,1000,true,uniform,EXTEND,828201,299226591,171290415,169557464,1499193,670639,1458813,0,0,0,169,743,1977040,9961982,79388527,434760416,21655249,1392243,292019995043,287824198,36773946,3458295,0,0,0,0,1,15365,650.8298080052066,10000,1489.6417,529,25087,1894,2641,10000
67,run,1000,true,uniform,READ,830816,304497249,175326109,173592119,1499193,670639,1458813,0,0,0,169,743,1977040,9963440,79388527,434763215,21655249,1392243,292020033723,287824847,36773946,3458295,1,0,0,0,0,18031,5546.004104043037,100000,175.39066,116,17455,209,298,100000
67,reference,1000,true,uniform,READ,13279,20262360,6970865,6783449,1119,1,0,0,0,0,169,743,1977040,9963669,79395084,434763517,21655249,1392243,292020636197,287834870,36773947,3458295,1,0,0,0,0,3386,29533.372711163614,100000,29.0877,21,13887,44,88,100000
67,clean-run,1000,true,uniform,READ,209,3977535,4035426,4033462,40380,1,0,0,0,0,169,744,1988883,9963891,79407626,434777253,21655454,1392248,292099164116,287925589,36774887,3466234,1,0,0,0,0,16429,6086.797735711242,100000,159.72738,109,18879,194,261,100000
67,avg-run,1000,true,uniform,READ,286,7442900,8139992,8134966,81380,5,0,0,0,0,169,744,1988883,9966224,79439233,434787702,21655454,1392248,292209449433,288056575,36789854,3466234,1,0,0,0,0,16096,6212.72365805169,100000,156.07891,113,18367,189,279,100000
68,extend,1000,true,uniform,EXTEND,891653,305377577,175850376,174092102,1539201,680650,1498358,0,0,0,169,744,1988883,9973516,79455949,434819139,21655454,1392248,292318871272,288212818,36794018,3466234,0,0,0,0,1,15094,662.5149065853982,10000,1464.3564,531,23023,1886,2585,10000
68,run,1000,true,uniform,READ,894493,310667024,179931961,178172648,1539201,680650,1498358,0,0,0,169,744,1988883,9974912,79462150,434822065,21655454,1392248,292319509884,288223443,36794019,3466234,1,0,0,0,0,18215,5489.980785067252,100000,177.49882,119,19167,214,338,100000
68,reference,1000,true,uniform,READ,13656,20564552,7075025,6884693,1119,1,0,0,0,0,169,744,1988883,9975097,79462150,434822360,21655454,1392248,292319509884,288223443,36794019,3466234,1,0,0,0,0,3878,25786.487880350694,100000,34.2349,21,13191,45,78,100000
68,clean-run,1000,true,uniform,READ,201,3930328,4081494,4079530,40843,1,0,0,0,0,169,745,2000508,9975431,79483722,434837310,21655666,1392257,292399108874,288315251,36794959,3473870,1,0,0,0,0,17029,5872.335427799636,100000,165.28028,113,21039,203,310,100000
68,avg-run,1000,true,uniform,READ,278,7395693,8186060,8181034,81843,5,0,0,0,0,169,745,2000508,9978438,79507475,434847678,21655666,1392257,292510747416,288446630,36810100,3473870,1,0,0,0,0,15989,6254.299831133904,100000,155.08077,114,18415,190,334,100000
69,extend,1000,true,uniform,EXTEND,958224,311548800,180461711,178678114,1579641,690661,1538309,0,0,0,169,745,2000508,9985942,79523255,434881186,21655666,1392257,292621903416,288604142,36814363,3473870,0,0,0,0,1,15560,642.6735218508998,10000,1510.6333,533,25855,1884,2931,10000
69,run,1000,true,uniform,READ,961390,316864943,184592562,182807926,1579641,690661,1538309,0,0,0,169,745,2000508,9987368,79529143,434884405,21655666,1392257,292622547124,288614852,36814364,3473870,1,0,0,0,0,18642,5364.2313056539,100000,181.54237,120,22495,219,307,100000
69,reference,1000,true,uniform,READ,14033,20866744,7179185,6985937,1119,1,0,0,0,0,169,745,2000508,9987524,79529143,434884701,21655666,1392257,292622547124,288614852,36814364,3473870,1,0,0,0,0,3413,29299.73630237328,100000,29.44705,20,12303,39,75,100000
69,clean-run,1000,true,uniform,READ,178,3879913,4130784,4128820,41332,1,0,0,0,0,169,746,2011957,9989073,79568200,434900706,21655890,1392337,292739737074,288755667,36830005,3473870,1,0,0,0,0,17095,5849.66364434045,100000,165.95667,113,22335,199,315,100000
69,avg-run,1000,true,uniform,READ,255,7345278,8235350,8230324,82332,5,0,0,0,0,169,746,2011957,9990803,79575580,434911003,21655890,1392337,292815451142,288838812,36830007,3473870,1,0,0,0,0,16149,6192.333890643384,100000,156.6491,115,19263,194,310,100000
70,extend,1000,true,uniform,EXTEND,1023983,317752829,185128706,183319786,1620711,700672,1578864,0,0,0,169,746,2011957,9998277,79592115,434944921,21655890,1392337,292928968290,288998318,36834918,3473870,0,0,0,0,1,15307,653.2958777030117,10000,1485.4642,549,25023,1873,2637,10000
70,run,1000,true,uniform,READ,1037470,323111331,189312802,187501966,1620713,700683,1578866,0,0,0,169,746,2011957,10000348,79606284,434948586,21655890,1392337,292931717552,289043742,36834936,3473870,1,0,0,0,0,18868,5299.978800084799,100000,183.87926,120,19983,223,314,100000
70,reference,1000,true,uniform,READ,14410,21168936,7283345,7087181,1119,1,0,0,0,0,169,746,2011957,10000423,79606284,434948924,21655890,1392337,292932320027,289053765,36834937,3473870,1,0,0,0,0,3654,27367.26874657909,100000,31.69726,20,12311,45,85,100000
70,clean-run,1000,true,uniform,READ,173,3826866,4181906,4179942,41847,1,0,0,0,0,169,747,2026357,10000741,79621795,434965315,21656105,1392341,293014065855,289147797,36835877,3481690,1,0,0,0,0,17313,5776.0064691272455,100000,168.15775,116,23423,203,273,100000
70,avg-run,1000,true,uniform,READ,250,7292231,8286472,8281446,82847,5,0,0,0,0,169,747,2026357,10000741,79629975,434975580,21656105,1392341,293090779823,289230940,36835879,3481690,1,0,0,0,0,16240,6157.635467980295,100000,157.71874,117,17983,185,294,100000
71,extend,1000,true,uniform,EXTEND,1077082,323966403,189853847,188018606,1662246,710683,1619941,0,0,0,169,747,2026357,10007805,79647619,435011165,21656105,1392341,293238467409,289391794,36849633,3481690,0,0,0,0,1,15310,653.1678641410842,10000,1486.9982,559,23087,1940,2587,10000
71,run,1000,true,uniform,READ,1090990,329340120,194083172,192246015,1662248,710694,1619943,0,0,0,169,747,2026357,10010012,79661788,435015095,21656105,1392341,293242147425,289447561,36850185,3481690,1,0,0,0,0,19133,5226.571891496367,100000,186.18568,118,19935,225,401,100000
71,reference,1000,true,uniform,READ,14787,21471128,7387505,7188425,1119,1,0,0,0,0,169,747,2026357,10010029,79661788,435015417,21656105,1392341,293242147520,289447562,36850185,3481690,1,0,0,0,0,3246,30807.147258163895,100000,27.6335,21,12711,38,73,100000
71,clean-run,1000,true,uniform,READ,143,3783313,4227798,4225834,42305,1,0,0,0,0,169,748,2040712,10010330,79677024,435032552,21656318,1392355,293324957445,289542562,36851125,3489399,1,0,0,0,0,17967,5565.759447876663,100000,174.97198,115,19279,210,331,100000
71,avg-run,1000,true,uniform,READ,220,7248678,8332364,8327338,83305,5,0,0,0,0,169,748,2040712,10010330,79685199,435042849,21656318,1392355,293402671463,289625706,36851127,3489399,1,0,0,0,0,16415,6091.989034419738,100000,159.19254,117,22463,187,294,100000
72,extend,1000,true,uniform,EXTEND,1140017,330245300,194630514,192768073,1704247,720705,1661479,0,0,0,169,748,2040712,10017381,79704225,435077924,21656318,1392355,293552696990,289820794,36864887,3489399,0,0,0,0,1,15282,654.3646119617852,10000,1486.6866,524,22511,1966,2637,10000
72,run,1000,true,uniform,READ,1142258,335558936,198904949,197041458,1704247,720705,1661479,0,0,0,169,748,2040712,10018700,79717821,435080345,21656318,1392355,293553334503,289831412,36864888,3489399,1,0,0,0,0,19487,5131.626212346692,100000,190.16827,123,19311,224,329,100000
72,reference,1000,true,uniform,READ,15173,21773384,7492555,7289683,1119,1,0,0,0,0,169,748,2040712,10018976,79717821,435080617,21656318,1392355,293553334503,289831412,36864888,3489399,1,0,0,0,0,3703,27005.13097488523,100000,32.28441,18,13815,42,72,100000
72,clean-run,1000,true,uniform,READ,208,3782168,4273647,4271683,42768,1,0,0,0,0,169,749,2052336,10019124,79727179,435093696,21656543,1392361,293637206571,289927352,36865828,3497784,1,0,0,0,0,18147,5510.552708436656,100000,176.56981,114,20463,211,354,100000
72,avg-run,1000,true,uniform,READ,285,7247533,8378213,8373187,83768,5,0,0,0,0,169,749,2052336,10019124,79735368,435103941,21656543,1392361,293715920539,290010495,36865830,3497784,1,0,0,0,0,16591,6027.364233620638,100000,160.98431,115,22175,188,333,100000
73,extend,1000,true,uniform,EXTEND,1184051,336475884,199458067,197570281,1746777,730716,1703540,0,0,0,169,749,2052336,10026246,79755144,435136411,21656543,1392361,293874301341,290205072,36881701,3497784,0,0,0,0,1,15496,645.3278265358803,10000,1503.1575,546,24415,2039,2773,10000
73,run,1000,true,uniform,READ,1186990,341831961,203778266,201889441,1746777,730716,1703540,0,0,0,169,749,2052336,10027650,79767828,435139435,21656543,1392361,293874940111,290215704,36881702,3497784,1,0,0,0,0,19980,5005.005005005005,100000,195.14597,130,18655,229,351,100000
73,reference,1000,true,uniform,READ,15536,22075590,7596715,7390927,1119,1,0,0,0,0,169,749,2052336,10027886,79767828,435139721,21656543,1392361,293874940111,290215704,36881702,3497784,1,0,0,0,0,3825,26143.7908496732,100000,33.51838,21,12623,46,76,100000
73,clean-run,1000,true,uniform,READ,173,3786827,4322205,4320241,43237,1,0,0,0,0,169,750,2064158,10028188,79776334,435156150,21656740,1392371,293959876745,290312605,36882642,3506385,1,0,0,0,0,18463,5416.237881167741,100000,179.56236,122,25407,211,371,100000
73,avg-run,1000,true,uniform,READ,250,7252192,8426771,8421745,84237,5,0,0,0,0,169,750,2064158,10028191,79792704,435166479,21656740,1392371,294039590763,290395749,36882644,3506385,1,0,0,0,0,16897,5918.210333195242,100000,163.99592,120,22655,195,289,100000
74,extend,1000,true,uniform,EXTEND,1252134,342726047,204337238,202424129,1789783,740727,1746038,0,0,0,169,750,2064158,10035991,79826011,435202480,21656740,1392371,294196128895,290603397,36901119,3506385,0,0,0,0,1,15673,638.0399413003254,10000,1520.9797,557,25311,2004,2861,10000
74,run,1000,true,uniform,READ,1256259,348028870,208708926,206794778,1789783,740727,1746038,0,0,0,169,750,2064158,10037504,79832594,435206796,21656740,1392371,294196763737,290613963,36901120,3506385,1,0,0,0,0,20253,4937.540117513455,100000,197.50759,121,21263,233,348,100000
74,reference,1000,true,uniform,READ,15909,22377786,7700875,7492171,1119,1,0,0,0,0,169,750,2064158,10037664,79832594,435207113,21656740,1392371,294196763737,290613963,36901120,3506385,1,0,0,0,0,3352,29832.935560859187,100000,28.64234,18,13943,41,71,100000
74,clean-run,1000,true,uniform,READ,88,3816782,4372308,4370344,43745,1,0,0,0,0,169,751,2074553,10037972,79846026,435225660,21656911,1392374,294282769291,290711903,36902060,3514600,1,0,0,0,0,18724,5340.739158299509,100000,182.3975,121,18351,217,326,100000
74,avg-run,1000,true,uniform,READ,165,7282147,8476874,8471848,84745,5,0,0,0,0,169,751,2074553,10039044,79878250,435236136,21656911,1392374,294399115594,290845733,36917780,3514600,1,0,0,0,0,17061,5861.321141785358,100000,165.58526,119,19055,197,324,100000
75,extend,1000,true,uniform,EXTEND,1329327,348919848,209273676,207335244,1833155,750738,1788937,0,0,0,169,751,2074553,10046144,79897172,435273325,21656911,1392374,294521705972,291011976,36922625,3514600,0,0,0,0,1,14684,681.0133478616181,10000,1422.2723,571,34239,1918,2641,10000
75,run,1000,true,uniform,READ,1333710,354250917,213692222,211752751,1833155,750738,1788937,0,0,0,169,751,2074553,10047691,79910021,435278013,21656911,1392374,294522343760,291022590,36922626,3514600,1,0,0,0,0,20689,4833.486393735801,100000,201.83935,129,23135,236,407,100000
75,reference,1000,true,uniform,READ,16286,22679978,7805035,7593415,1119,1,0,0,0,0,169,751,2074553,10047762,79910021,435278354,21656911,1392374,294522343760,291022590,36922626,3514600,1,0,0,0,0,3802,26301.946344029457,100000,33.07506,21,17359,46,82,100000
75,clean-run,1000,true,uniform,READ,79,3848503,4418848,4416884,44218,8,0,0,0,0,169,752,2084829,10048013,79921207,435297567,21657130,1392379,294609415556,291121506,36923566,3523300,1,0,0,0,0,18895,5292.405398253506,100000,184.18492,123,19679,216,291,100000
75,avg-run,1000,true,uniform,READ,155,7313869,8523414,8518388,85218,12,0,0,0,0,169,752,2084829,10048587,79953378,435307943,21657130,1392379,294726508736,291255506,36939352,3523300,1,0,0,0,0,17004,5880.969183721478,100000,165.21233,121,20415,196,344,100000
76,extend,1000,true,uniform,EXTEND,1409498,355145360,214263090,212299335,1877125,760749,1832378,0,0,0,169,752,2084829,10056387,79973161,435346750,21657130,1392379,294851338278,291423648,36944337,3523300,0,0,0,0,1,16227,616.2568558575214,10000,1578.1185,583,23599,1936,3267,10000
76,run,1000,true,uniform,READ,1414709,360491171,218734167,216769373,1877125,760749,1832378,0,0,0,169,752,2084829,10057850,79985085,435352114,21657130,1392379,294851977788,291434295,36944338,3523300,1,0,0,0,0,20799,4807.923457858551,100000,203.01957,130,22063,237,329,100000
76,reference,1000,true,uniform,READ,16722,22982111,7909195,7694659,1119,1,0,0,0,0,169,752,2084829,10059664,79992268,435352677,21657130,1392379,294851977838,291434296,36944338,3523300,1,0,0,0,0,4045,24721.878862793572,100000,35.6482,17,12191,48,88,100000
76,clean-run,1000,true,uniform,READ,90,3895657,4472638,4470674,44747,1,0,0,0,0,169,753,2097467,10060802,80014317,435372796,21657376,1392520,294967753753,291581473,36956087,3523336,1,0,0,0,0,19180,5213.764337851929,100000,186.73599,128,19423,219,320,100000
76,avg-run,1000,true,uniform,READ,173,7361016,8577204,8572178,85747,5,0,0,0,0,169,753,2097467,10060824,80022175,435383067,21657376,1392520,295050467721,291664616,36956089,3523336,1,0,0,0,0,16884,5922.7671167969675,100000,164.21369,121,18911,192,311,100000
77,extend,1000,true,uniform,EXTEND,1481037,361400749,219311439,217322361,1921703,770760,1876441,0,0,0,169,753,2097467,10068141,80040745,435424774,21657376,1392520,295184130649,291834684,36963675,3523336,0,0,0,0,1,15430,648.0881399870383,10000,1498.029,570,21871,1926,2595,10000
77,run,1000,true,uniform,READ,1501093,366824049,223836564,221845214,1921705,770771,1876443,0,0,0,169,753,2097467,10069728,80062476,435431205,21657376,1392520,295187832615,291890535,36964253,3523336,1,0,0,0,0,20865,4792.715073088905,100000,203.55687,136,20927,238,351,100000
77,reference,1000,true,uniform,READ,17081,23284394,8014245,7795917,1119,1,0,0,0,0,169,753,2097467,10071828,80069457,435431726,21657376,1392520,295187832665,291890536,36964253,3523336,1,0,0,0,0,3849,25980.77422707197,100000,33.74426,21,11559,47,81,100000
77,clean-run,1000,true,uniform,READ,90,3950638,4524171,4522207,45262,1,0,0,0,0,169,754,2108499,10072116,80077511,435452017,21657604,1392531,295277046196,291991600,36965193,3532681,1,0,0,0,0,19502,5127.679212388473,100000,189.79809,131,22207,221,372,100000
77,avg-run,1000,true,uniform,READ,173,7415997,8628737,8623711,86262,5,0,0,0,0,169,754,2108499,10072116,80085690,435462306,21657604,1392531,295360760164,292074743,36965195,3532681,1,0,0,0,0,17307,5778.008898133703,100000,168.38966,124,19663,197,274,100000
78,extend,1000,true,uniform,EXTEND,1554092,367691324,224419853,222403863,1966666,780782,1920907,0,0,0,169,754,2108499,10079416,80104298,435506975,21657604,1392531,295522623609,292247324,36979693,3532681,0,0,0,0,1,15860,630.517023959647,10000,1539.5848,516,24879,1997,2597,10000
78,run,1000,true,uniform,READ,1574289,373060911,228992633,226975604,1966666,780782,1920907,0,0,0,169,754,2108499,10084129,80115623,435527547,21657604,1392531,295523262868,292257965,36979694,3532681,1,0,0,0,0,21326,4689.1118822095095,100000,208.20916,134,19775,246,399,100000
78,reference,1000,true,uniform,READ,17454,23586590,8118405,7897161,1119,1,0,0,0,0,169,754,2108499,10084219,80115623,435528047,21657604,1392531,295523262868,292257965,36979694,3532681,1,0,0,0,0,3837,26062.027625749284,100000,33.63222,21,13711,46,78,100000
78,clean-run,1000,true,uniform,READ,215,3991070,4573379,4571415,45759,1,0,0,0,0,169,755,2113669,10084339,80128453,435546242,21657796,1392538,295613548438,292360110,36980634,3542467,1,0,0,0,0,19482,5132.94322964788,100000,190.12709,130,23647,221,365,100000
78,avg-run,1000,true,uniform,READ,292,7456435,8677945,8672919,86759,5,0,0,0,0,169,755,2113669,10084339,80161220,435556670,21657796,1392538,295698262456,292443254,36980636,3542467,1,0,0,0,0,17278,5787.706910522051,100000,167.87794,124,20751,201,281,100000
79,extend,1000,true,uniform,EXTEND,1657344,373961890,229582035,227540722,2012198,790793,1965929,0,0,0,169,755,2113669,10091762,80187869,435601620,21657796,1392538,295864500313,292670293,37002598,3542467,0,0,0,0,1,15343,651.7630189663039,10000,1491.5619,573,25887,1963,2783,10000
79,run,1000,true,uniform,READ,1682789,379367468,234206789,232164437,2012198,790793,1965929,0,0,0,169,755,2113669,10096581,80198922,435627124,21657796,1392538,295865146117,292681042,37002599,3542467,1,0,0,0,0,21363,4680.99049758929,100000,208.55553,139,27023,248,353,100000
79,reference,1000,true,uniform,READ,17831,23888782,8222565,7998405,1119,1,0,0,0,0,169,755,2113669,10096620,80198922,435627629,21657796,1392538,295865146167,292681043,37002599,3542467,1,0,0,0,0,3214,31113.876789047914,100000,27.65003,20,12735,37,70,100000
79,clean-run,1000,true,uniform,READ,215,4035352,4623532,4621568,46269,1,0,0,0,0,169,756,2119171,10096740,80211066,435645992,21657947,1392546,295956505431,292784309,37003539,3551818,1,0,0,0,0,19455,5140.066820868671,100000,189.60967,128,22479,221,292,100000
79,avg-run,1000,true,uniform,READ,292,8550314,9728098,9723072,97269,5,0,0,0,0,169,756,2119171,10097103,80252020,435656555,21657947,1392546,296080133293,292940931,37020179,3551818,1,0,0,0,0,17836,5606.6382596994845,100000,173.63773,127,22175,207,378,100000
80,extend,1000,true,uniform,EXTEND,1767272,380277112,234802483,232735847,2058284,800804,2011474,0,0,0,169,756,2119171,10104309,80270076,435701388,21657947,1392546,296211897328,293115724,37025570,3551818,0,0,0,0,1,15089,662.7344423089668,10000,1463.233,582,27839,1951,2635,10000
80,run,1000,true,uniform,READ,1815165,385675040,239480485,237412810,2058284,800804,2011474,0,0,0,169,756,2119171,10109196,80280804,435749775,21657947,1392546,296212539815,293126418,37025571,3551818,1,0,0,0,0,21208,4715.201810637495,100000,207.37608,137,24479,247,375,100000
80,reference,1000,true,uniform,READ,18206,24190976,8326725,8099649,1119,1,0,0,0,0,169,756,2119171,10109214,80280804,435750141,21657947,1392546,296212539815,293126418,37025571,3551818,1,0,0,0,0,3517,28433.323855558716,100000,30.66052,19,12543,41,76,100000
80,clean-run,1000,true,uniform,READ,214,4063005,4678060,4676099,46797,1,0,0,0,0,169,757,2124090,10110121,80317784,435769161,21658084,1392584,296304350296,293220444,37026510,3561058,1,0,0,0,0,19572,5109.339873288372,100000,191.02413,133,19855,223,331,100000
80,avg-run,1000,true,uniform,READ,303,8577082,9782510,9777487,97797,5,0,0,0,0,169,757,2124090,10112040,80333254,435779693,21658084,1392584,296429995922,293377308,37043285,3561058,1,0,0,0,0,20409,4899.7991082365625,100000,199.3269,151,18495,240,335,100000
81,extend,1000,true,uniform,EXTEND,1904036,386583845,240082228,237990269,2104809,810815,2057479,0,0,0,169,757,2124090,10119366,80351049,435828329,21658084,1392584,296562224293,293553371,37048556,3561058,0,0,0,0,1,15388,649.8570314530804,10000,1493.1889,583,25871,1946,2613,10000
81,run,1000,true,uniform,READ,1990946,392038608,244813031,242719156,2104811,810826,2057481,0,0,0,169,757,2124090,10127899,80383582,435900067,21658084,1392584,296565887683,293614260,37048582,3561058,1,0,0,0,0,21142,4729.9214833033775,100000,206.6782,138,20095,248,373,100000
81,reference,1000,true,uniform,READ,18592,24493232,8431775,8200907,1119,1,0,0,0,0,169,757,2124090,10128273,80383582,435900535,21658084,1392584,296565887778,293614261,37048582,3561058,1,0,0,0,0,3597,27800.945232137892,100000,31.13729,21,15351,45,78,100000
81,clean-run,1000,true,uniform,READ,233,4123455,4730037,4728073,47330,1,0,0,0,0,169,758,2131829,10128400,80395837,435919708,21658272,1392687,296659401503,293719862,37049522,3570435,1,0,0,0,0,19562,5111.951743175545,100000,190.78747,135,23407,223,311,100000
81,avg-run,1000,true,uniform,READ,316,8636707,9834603,9829577,98330,5,0,0,0,0,169,758,2131829,10128400,80404015,435930388,21658272,1392687,296748444729,293823033,37049524,3570435,1,0,0,0,0,19129,5227.664802132887,100000,186.52315,143,23023,216,291,100000
82,extend,1000,true,uniform,EXTEND,2049385,392919977,245420828,243301669,2151806,820837,2103969,0,0,0,169,758,2131829,10135813,80423483,435981478,21658272,1392687,296916281525,294001490,37064397,3570435,0,0,0,0,1,16062,622.5874735400324,10000,1562.9391,587,22303,1989,2617,10000
82,run,1000,true,uniform,READ,2142933,398335526,250203415,248083217,2151806,820837,2103969,0,0,0,169,758,2131829,10139809,80442018,436075408,21658272,1392687,296916946438,294012562,37064398,3570435,1,0,0,0,0,21465,4658.746797111577,100000,209.6415,135,22527,247,341,100000
82,reference,1000,true,uniform,READ,18965,24795428,8535935,8302151,1119,1,0,0,0,0,169,758,2131829,10139819,80442018,436075920,21658272,1392687,296916946438,294012562,37064398,3570435,1,0,0,0,0,3426,29188.55808523059,100000,29.75671,21,15095,44,75,100000
82,clean-run,1000,true,uniform,READ,233,4166483,4781658,4779694,47837,1,0,0,0,0,169,759,2135849,10139963,80451423,436095665,21658396,1392696,297011535194,294119300,37065338,3579694,1,0,0,0,0,20006,4998.5004498650405,100000,195.1158,134,22767,228,370,100000
82,avg-run,1000,true,uniform,READ,316,8678883,9886224,9881198,98837,5,0,0,0,0,169,759,2135849,10140692,80491969,436106617,21658396,1392696,297140869684,294278006,37082603,3579694,1,0,0,0,0,19944,5014.039310068191,100000,193.42708,145,26095,228,411,100000
83,extend,1000,true,uniform,EXTEND,2235870,399252767,250817315,248672833,2199368,830848,2151039,0,0,0,169,759,2135849,10148260,80516934,436158122,21658396,1392696,297276273876,294457455,37087958,3579694,0,0,0,0,1,15470,646.4124111182934,10000,1501.3745,593,27071,1928,2627,10000
83,run,1000,true,uniform,READ,2348377,404674056,255646760,253501239,2199368,830848,2151039,0,0,0,169,759,2135849,10152217,80529755,436270345,21658396,1392696,297276952108,294468748,37087959,3579694,1,0,0,0,0,22139,4516.915849857717,100000,216.64699,144,19791,257,395,100000
83,reference,1000,true,uniform,READ,19342,25097620,8640095,8403395,1119,1,0,0,0,0,169,759,2135849,10152227,80529755,436271322,21658396,1392696,297276952108,294468748,37087959,3579694,1,0,0,0,0,3416,29274.00468384075,100000,29.42371,18,11679,40,68,100000
83,clean-run,1000,true,uniform,READ,233,4205270,4830351,4828387,48329,1,0,0,0,0,169,760,2139886,10152372,80548535,436291552,21658518,1392708,297372614091,294576591,37088899,3589460,1,0,0,0,0,19836,5041.33897963299,100000,193.44859,136,24879,225,311,100000
83,avg-run,1000,true,uniform,READ,316,8716914,9934917,9929891,99329,5,0,0,0,0,169,760,2139886,10154834,80581053,436302650,21658518,1392708,297503843361,294735643,37106393,3589460,1,0,0,0,0,19305,5180.00518000518,100000,188.13206,139,24383,220,313,100000
84,extend,1000,true,uniform,EXTEND,2444991,405592879,256266605,254096800,2247387,840859,2198550,0,0,0,169,760,2139886,10162404,80604554,436356848,21658518,1392708,297639716606,294916544,37111666,3589460,0,0,0,0,1,15502,645.0780544445878,10000,1507.2617,584,23791,1977,2631,10000
84,run,1000,true,uniform,READ,2571299,411017306,261146930,258976086,2247387,840859,2198550,0,0,0,169,760,2139886,10167924,80624414,436483389,21658518,1392708,297640400724,294927947,37111667,3589460,1,0,0,0,0,21743,4599.181345720462,100000,212.35579,137,21823,251,373,100000
84,reference,1000,true,uniform,READ,19719,25399812,8744255,8504639,1119,1,0,0,0,0,169,760,2139886,10168594,80631308,436484118,21658518,1392708,297643496961,294979523,37111680,3589460,1,0,0,0,0,3623,27601.43527463428,100000,31.49785,21,12439,47,88,100000
84,clean-run,1000,true,uniform,READ,238,4244652,4883038,4880994,48837,18,0,0,0,0,169,761,2152739,10168779,80646697,436505132,21658764,1392794,297740237609,295088508,37112620,3599411,1,0,0,0,0,20095,4976.3622791739235,100000,196.03877,138,23871,228,330,100000
84,avg-run,1000,true,uniform,READ,318,8755052,9987599,9982493,99837,22,0,0,0,0,169,761,2152739,10168779,80654870,436516284,21658764,1392794,297832280835,295191679,37112622,3599411,1,0,0,0,0,19435,5145.356315924878,100000,189.68,145,23695,225,314,100000
85,extend,1000,true,uniform,EXTEND,2661663,412008830,261774282,259577279,2295901,850881,2246551,0,0,0,169,761,2152739,10176015,80683037,436568364,21658764,1392794,298004344717,295400388,37127580,3599411,0,0,0,0,1,15667,638.2842918235782,10000,1523.6493,576,23775,2005,2707,10000
85,run,1000,true,uniform,READ,2725947,417501046,266707516,264509473,2295901,850881,2246551,0,0,0,169,761,2152739,10180508,80701272,436633067,21658764,1392794,298005038084,295411947,37127581,3599411,1,0,0,0,0,22054,4534.324839031468,100000,215.81795,141,19967,255,351,100000
85,reference,1000,true,uniform,READ,20134,25702257,8849401,8605993,1119,1,0,0,0,0,169,761,2152739,10180510,80701272,436633454,21658764,1392794,298005038084,295411947,37127581,3599411,1,0,0,0,0,3315,30165.912518853696,100000,28.56435,20,12767,40,71,100000
85,clean-run,1000,true,uniform,READ,222,4260233,4932625,4930664,49337,1,0,0,0,0,169,762,2157869,10180640,80709389,436652870,21658904,1392800,298102189063,295511059,37128520,3609182,1,0,0,0,0,20215,4946.821667078902,100000,197.27042,137,22415,231,331,100000
85,avg-run,1000,true,uniform,READ,311,8770464,10037075,10032052,100337,5,0,0,0,0,169,762,2157869,10180883,80741947,436664168,21658904,1392800,298195232339,295614231,37128522,3609182,1,0,0,0,0,19573,5109.078833086394,100000,190.79896,144,19487,223,310,100000
86,extend,1000,true,uniform,EXTEND,2812283,418431601,267339687,265117359,2345042,860892,2295178,0,0,0,169,762,2157869,10188445,80767402,436714038,21658904,1392800,298373437829,295837958,37148279,3609182,0,0,0,0,1,15557,642.7974545220801,10000,1511.3932,576,28639,2049,2625,10000
86,run,1000,true,uniform,READ,2942617,423814974,272322580,270099213,2345042,860892,2295178,0,0,0,169,762,2157869,10192020,80781793,436844564,21658904,1392800,298374122555,295849352,37148280,3609182,1,0,0,0,0,21631,4622.994776015903,100000,211.70389,141,18927,253,360,100000
86,reference,1000,true,uniform,READ,20511,26004449,8953561,8707237,1119,1,0,0,0,0,169,762,2157869,10192030,80781793,436845091,21658904,1392800,298374122555,295849352,37148280,3609182,1,0,0,0,0,3609,27708.50651149903,100000,31.43154,21,12407,44,77,100000
86,clean-run,1000,true,uniform,READ,237,4318557,4982749,4980785,49864,1,0,0,0,0,169,763,2161379,10192172,80791755,436866266,21659013,1392809,298473010287,295960622,37149220,3619080,1,0,0,0,0,20087,4978.344202718176,100000,196.23896,135,23999,226,340,100000
86,avg-run,1000,true,uniform,READ,320,8826463,10087315,10082289,100864,5,0,0,0,0,169,763,2161379,10194980,80838193,436878021,21659013,1392809,298604505143,296120744,37166736,3619080,1,0,0,0,0,19619,5097.099750242112,100000,191.52187,146,19327,221,379,100000
87,extend,1000,true,uniform,EXTEND,3043491,424735879,272960963,270713312,2394559,870903,2344209,0,0,0,169,763,2161379,10203006,80856136,436933993,21659013,1392809,298747840776,296305766,37172562,3619080,0,0,0,0,1,16971,589.2404690354133,10000,1654.7652,590,22847,2016,3797,10000
87,run,1000,true,uniform,READ,3197196,430139390,277993272,275744582,2394559,870903,2344209,0,0,0,169,763,2161379,10207307,80875879,437088100,21659013,1392809,298748567067,296317876,37172563,3619080,1,0,0,0,0,22536,4437.344692935747,100000,220.32933,144,19775,261,358,100000
87,reference,1000,true,uniform,READ,20888,26306641,9057721,8808481,1119,1,0,0,0,0,169,763,2161379,10208014,80882874,437088819,21659013,1392809,298748567162,296317877,37172563,3619080,1,0,0,0,0,3807,26267.402153926978,100000,33.37193,21,13535,48,99,100000
87,clean-run,1000,true,uniform,READ,237,4350207,5032772,5030808,50350,1,0,0,0,0,169,764,2172691,10208993,80905835,437111180,21659245,1392859,298872022053,296483013,37182864,3619080,1,0,0,0,0,20535,4869.734599464329,100000,200.3189,136,20623,231,374,100000
87,avg-run,1000,true,uniform,READ,320,8858113,10137338,10132312,101350,5,0,0,0,0,169,764,2172691,10209031,80913693,437122752,21659245,1392859,298967065279,296586184,37182866,3619080,1,0,0,0,0,19729,5068.680622433981,100000,192.71054,148,19183,223,326,100000
88,extend,1000,true,uniform,EXTEND,3294116,431138125,278638638,276363787,2444645,880925,2393810,0,0,0,169,764,2172691,10216741,80947233,437175255,21659245,1392859,299127901609,296800659,37193517,3619080,0,0,0,0,1,16315,612.9328838492185,10000,1589.0956,549,26399,2269,2771,10000
88,run,1000,true,uniform,READ,3376737,436656271,283719323,281443432,2444645,880925,2393810,0,0,0,169,764,2172691,10220901,80960517,437258210,21659245,1392859,299128619288,296812632,37193518,3619080,1,0,0,0,0,22478,4448.794376723908,100000,220.01548,143,20095,259,363,100000
88,reference,1000,true,uniform,READ,21296,26608875,9162771,8909739,1119,1,0,0,0,0,169,764,2172691,10220911,80960517,437258705,21659245,1392859,299128619288,296812632,37193518,3619080,1,0,0,0,0,3524,28376.844494892168,100000,30.39804,21,12191,40,73,100000
88,clean-run,1000,true,uniform,READ,239,4375332,5080410,5078446,50835,8,0,0,0,0,169,765,2177639,10221042,80971076,437278815,21659383,1393193,299229653775,296926109,37194458,3629097,1,0,0,0,0,20572,4860.976083997667,100000,200.85371,130,19711,234,322,100000
88,avg-run,1000,true,uniform,READ,321,8883239,10184976,10179950,101835,12,0,0,0,0,169,765,2177639,10221426,81003658,437290506,21659383,1393193,299353430400,297068785,37206442,3629097,1,0,0,0,0,19829,5043.118664582177,100000,193.35765,144,22623,223,386,100000
89,extend,1000,true,uniform,EXTEND,3467871,437592733,284369196,282069020,2495132,890936,2443796,0,0,0,169,765,2177639,10229022,81029536,437343928,21659383,1393193,299509198116,297257167,37214252,3629097,0,0,0,0,1,15640,639.386189258312,10000,1519.0509,571,29263,2044,2621,10000
89,run,1000,true,uniform,READ,3631525,442975312,289499387,287198172,2495132,890936,2443796,0,0,0,169,765,2177639,10232797,81041772,437507599,21659383,1393193,299509908747,297269015,37214253,3629097,1,0,0,0,0,22808,4384.426517011575,100000,223.05853,145,24415,267,384,100000
89,reference,1000,true,uniform,READ,21673,26911067,9266931,9010983,1119,1,0,0,0,0,169,765,2177639,10232802,81041772,437508291,21659383,1393193,299509908747,297269015,37214253,3629097,1,0,0,0,0,3913,25555.83950932788,100000,34.40028,21,11567,48,80,100000
89,clean-run,1000,true,uniform,READ,237,4402620,5131029,5129065,51336,1,0,0,0,0,169,766,2180514,10232936,81064707,437530386,21659475,1393204,299612026020,297383620,37215194,3639780,1,0,0,0,0,20803,4806.998990530212,100000,203.13228,143,23759,240,332,100000
89,avg-run,1000,true,uniform,READ,320,8903025,10235595,10230569,102336,5,0,0,0,0,169,766,2180514,10235220,81104147,437543380,21659475,1393204,299746660327,297545041,37233105,3639780,1,0,0,0,0,20073,4981.816370248593,100000,195.70763,149,19727,229,334,100000
90,extend,1000,true,uniform,EXTEND,3737480,443903291,290155096,287829597,2546077,900947,2494265,0,0,0,169,766,2180514,10243516,81128595,437602501,21659475,1393204,299895583462,297734339,37239243,3639780,0,0,0,0,1,17277,578.8041905423395,10000,1683.2611,920,43359,2055,3881,10000
90,run,1000,true,uniform,READ,3941978,449298307,295333310,293006772,2546077,900947,2494265,0,0,0,169,766,2180514,10250191,81162883,437807537,21659475,1393204,299896382326,297747673,37239244,3639780,1,0,0,0,0,22683,4408.587929286249,100000,222.15391,151,19375,265,381,100000
90,reference,1000,true,uniform,READ,22050,27213259,9371091,9112227,1119,1,0,0,0,0,169,766,2180514,10250663,81169915,437808010,21659475,1393204,299899642785,297801875,37239264,3639780,1,0,0,0,0,3758,26609.89888238425,100000,32.78381,21,14015,46,92,100000
90,clean-run,1000,true,uniform,READ,237,4423528,5178145,5176181,51812,1,0,0,0,0,169,767,2189911,10250959,81179692,437831164,21659704,1393516,300002816522,297917554,37240204,3650825,1,0,0,0,0,20755,4818.11611659841,100000,202.64895,145,25407,235,381,100000
90,avg-run,1000,true,uniform,READ,320,8923933,10282711,10277685,102812,5,0,0,0,0,169,767,2189911,10250959,81196053,437843995,21659704,1393516,300100859748,298020725,37240206,3650825,1,0,0,0,0,20422,4896.680050925473,100000,199.50211,150,20463,230,361,100000
91,extend,1000,true,uniform,EXTEND,4035585,450249902,295995792,293643095,2597534,910969,2545226,0,0,0,169,767,2189911,10258568,81221516,437908009,21659704,1393516,300284377588,298212822,37255912,3650825,0,0,0,0,1,16136,619.7322756569162,10000,1570.5254,569,24687,2071,2791,10000
91,run,1000,true,uniform,READ,4259532,455661130,301223556,298869820,2597534,910969,2545226,0,0,0,169,767,2189911,10262286,81234568,438132057,21659704,1393516,300285165660,298225987,37255913,3650825,1,0,0,0,0,23230,4304.778303917348,100000,227.15527,144,19247,272,378,100000
91,reference,1000,true,uniform,READ,22432,27515519,9476141,9213485,1119,1,0,0,0,0,169,767,2189911,10262292,81234568,438132565,21659704,1393516,300285165660,298225987,37255913,3650825,1,0,0,0,0,3661,27314.94127287626,100000,32.05444,18,13231,45,82,100000
91,clean-run,1000,true,uniform,READ,237,4442992,5228294,5226330,52308,1,0,0,0,0,169,768,2191703,10262422,81248645,438155967,21659768,1393523,300389412886,298342798,37256853,3661209,1,0,0,0,0,21000,4761.9047619047615,100000,204.90118,144,25823,238,329,100000
91,avg-run,1000,true,uniform,READ,320,8943397,10332860,10327834,103308,5,0,0,0,0,169,768,2191703,10264111,81296755,438169025,21659768,1393523,300528637718,298506050,37275390,3661209,1,0,0,0,0,20654,4841.677156967174,100000,201.49327,152,25199,234,354,100000
92,extend,1000,true,uniform,EXTEND,4374148,456596840,301891749,299513729,2649619,920980,2596800,0,0,0,169,768,2191703,10271604,81322471,438232793,21659768,1393523,300679483619,298699174,37281429,3661209,0,0,0,0,1,15517,644.4544692917445,10000,1506.076,552,30495,2099,2689,10000
92,run,1000,true,uniform,READ,4618329,462026407,307171035,304791976,2649619,920980,2596800,0,0,0,169,768,2191703,10275560,81343252,438477832,21659768,1393523,300680282742,298712521,37281430,3661209,1,0,0,0,0,23095,4329.941545789132,100000,226.08505,154,19919,269,385,100000
92,reference,1000,true,uniform,READ,22809,27817711,9580301,9314729,1119,1,0,0,0,0,169,768,2191703,10275566,81343252,438478354,21659768,1393523,300680282742,298712521,37281430,3661209,1,0,0,0,0,3769,26532.236667551075,100000,33.12902,21,12239,47,77,100000
92,clean-run,1000,true,uniform,READ,221,4437765,5279192,5277231,52806,1,0,0,0,0,169,769,2193500,10277621,81384579,438502541,21659836,1393565,300784893256,298818581,37282369,3672250,1,0,0,0,0,21036,4753.755466818787,100000,205.40688,142,25471,239,324,100000
92,avg-run,1000,true,uniform,READ,311,8937998,10383642,10378619,103806,5,0,0,0,0,169,769,2193500,10278604,81400314,438515382,21659836,1393565,300926316933,298982033,37301185,3672250,1,0,0,0,0,20753,4818.580446200549,100000,202.68043,153,23967,235,400,100000
93,extend,1000,true,uniform,EXTEND,4736012,462965206,307844445,305441102,2702015,930991,2648718,0,0,0,169,769,2193500,10286206,81441287,438582956,21659836,1393565,301078088127,299176518,37307231,3672250,0,0,0,0,1,15723,636.0109393881575,10000,1529.672,618,24047,1991,2643,10000
93,run,1000,true,uniform,READ,5029169,468438072,313172486,310767227,2702017,931002,2648720,0,0,0,169,769,2193500,10294903,81475215,438855190,21659836,1393565,301082253130,299245797,37307249,3672250,1,0,0,0,0,23452,4264.028654272557,100000,229.51406,150,19311,274,368,100000
93,reference,1000,true,uniform,READ,23219,28119943,9685351,9415987,1119,1,0,0,0,0,169,769,2193500,10294935,81475215,438856214,21659836,1393565,301082253225,299245798,37307249,3672250,1,0,0,0,0,4103,24372.410431391665,100000,36.18897,21,12711,48,78,100000
93,clean-run,1000,true,uniform,READ,237,4477485,5327575,5325611,53297,1,0,0,0,0,169,770,2196967,10295067,81486200,438880552,21659949,1393947,301188648937,299364850,37308189,3683378,1,0,0,0,0,21026,4756.016360696281,100000,205.57802,144,25167,241,332,100000
93,avg-run,1000,true,uniform,READ,320,8977890,10432141,10427115,104297,5,0,0,0,0,169,770,2196967,10295067,81502555,438893361,21659949,1393947,301289692163,299468021,37308191,3683378,1,0,0,0,0,19284,5185.646131507986,100000,187.93473,140,19519,222,306,100000
94,extend,1000,true,uniform,EXTEND,5108670,469346352,313851920,311421389,2755109,941002,2701319,0,0,0,169,770,2196967,10302988,81528318,438963121,21659949,1393947,301479747760,299664518,37324577,3683378,0,0,0,0,1,16709,598.4798611526722,10000,1627.9514,570,24943,2273,2799,10000
94,run,1000,true,uniform,READ,5392775,474786162,319228360,316796790,2755109,941002,2701319,0,0,0,169,770,2196967,10306681,81549633,439247429,21659949,1393947,301480547717,299677882,37324578,3683378,1,0,0,0,0,23419,4270.037149323199,100000,229.214,149,23423,274,411,100000
94,reference,1000,true,uniform,READ,23596,28422135,9789511,9517231,1119,1,0,0,0,0,169,770,2196967,10306685,81549633,439247880,21659949,1393947,301480547717,299677882,37324578,3683378,1,0,0,0,0,3732,26795.284030010716,100000,32.61674,21,12719,45,77,100000
94,clean-run,1000,true,uniform,READ,237,4495785,5376578,5374614,53790,1,0,0,0,0,169,771,2198172,10306816,81557974,439272615,21659999,1393955,301588017789,299798053,37325518,3694002,1,0,0,0,0,20925,4778.972520908005,100000,204.36862,143,23327,238,362,100000
94,avg-run,1000,true,uniform,READ,320,8996190,10481144,10476118,104790,5,0,0,0,0,169,771,2198172,10308852,81605345,439285703,21659999,1393955,301732307603,299962948,37344726,3694002,1,0,0,0,0,19535,5119.0171487074485,100000,190.27208,138,28383,224,344,100000
95,extend,1000,true,uniform,EXTEND,5517173,475729324,319913380,317457526,2808465,951013,2754152,0,0,0,169,771,2198172,10317268,81637828,439357258,21659999,1393955,301886829750,300160293,37350863,3694002,0,0,0,0,1,17663,566.155239766744,10000,1721.1743,898,59743,2045,4335,10000
95,run,1000,true,uniform,READ,5820106,481178990,325341176,322884283,2808465,951013,2754152,0,0,0,169,771,2198172,10323203,81665272,439660716,21659999,1393955,301887630152,300173659,37350864,3694002,1,0,0,0,0,23396,4274.234911950761,100000,228.98667,148,20287,273,421,100000
95,reference,1000,true,uniform,READ,23973,28724327,9893671,9618475,1119,1,0,0,0,0,169,771,2198172,10323554,81672329,439661449,21659999,1393955,301887630297,300173661,37350864,3694002,1,0,0,0,0,3870,25839.793281653747,100000,33.75125,21,12711,47,93,100000
95,clean-run,1000,true,uniform,READ,233,4508295,5428228,5426264,54313,1,0,0,0,0,169,772,2210048,10323902,81687913,439687185,21660274,1394347,302000535709,300351929,37352405,3705134,1,0,0,0,0,21146,4729.026766291498,100000,206.51807,151,22367,237,393,100000
95,avg-run,1000,true,uniform,READ,316,9008700,10532794,10527768,105313,5,0,0,0,0,169,772,2210048,10323903,81704262,439700016,21660274,1394347,302103578965,300455101,37352407,3705134,1,0,0,0,0,19367,5163.422316311251,100000,188.85357,142,24511,220,303,100000
96,extend,1000,true,uniform,EXTEND,5936817,482195027,326033874,323550821,2862376,961035,2807566,0,0,0,169,772,2210048,10331430,81731310,439769030,21660274,1394347,302296661578,300673808,37368858,3705134,0,0,0,0,1,16032,623.7524950099801,10000,1559.8723,609,28415,2039,2753,10000
96,run,1000,true,uniform,READ,6200660,487661944,331512533,329028440,2862376,961035,2807566,0,0,0,169,772,2210048,10335184,81752490,440033226,21660274,1394347,302297459003,300687133,37368859,3705134,1,0,0,0,0,20340,4916.420845624385,100000,198.51159,122,21007,245,367,100000
96,reference,1000,true,uniform,READ,24383,29026559,9998721,9719733,1119,1,0,0,0,0,169,772,2210048,10335191,81752490,440033787,21660274,1394347,302297459003,300687133,37368859,3705134,1,0,0,0,0,4013,24919.013207077,100000,35.3202,21,16183,46,76,100000
96,clean-run,1000,true,uniform,READ,245,4520179,5478598,5476634,54810,1,0,0,0,0,169,773,2211675,10335321,81763755,440058395,21660331,1394357,302407083262,300809655,37369799,3716605,1,0,0,0,0,21169,4723.888705182106,100000,206.93599,146,27839,240,362,100000
96,avg-run,1000,true,uniform,READ,328,9020584,10583164,10578138,105810,5,0,0,0,0,169,773,2211675,10336439,81803863,440071413,21660331,1394357,302545161883,300963976,37385457,3716605,1,0,0,0,0,19508,5126.10211195407,100000,190.47839,142,19423,225,323,100000
97,extend,1000,true,uniform,EXTEND,6319520,488612954,332209996,329701618,2916891,971046,2861577,0,0,0,169,773,2211675,10344404,81837406,440141580,21660331,1394357,302710411162,301164821,37393156,3716605,0,0,0,0,1,16303,613.3840397472858,10000,1588.0032,605,29407,2017,2693,10000
97,run,1000,true,uniform,READ,6625040,494020007,337738382,335228965,2916891,971046,2861577,0,0,0,169,773,2211675,10347935,81858165,440447294,21660331,1394357,302711199464,301177980,37393157,3716605,1,0,0,0,0,23414,4270.949004868882,100000,229.41977,152,25455,277,380,100000
97,reference,1000,true,uniform,READ,24760,29328751,10102881,9820977,1119,1,0,0,0,0,169,773,2211675,10347936,81858165,440447845,21660331,1394357,302711199464,301177980,37393157,3716605,1,0,0,0,0,3439,29078.22041291073,100000,29.69516,17,13863,40,74,100000
97,clean-run,1000,true,uniform,READ,237,4532564,5528364,5526400,55314,1,0,0,0,0,169,774,2212848,10348093,81883284,440473538,21660376,1394368,302821901898,301301678,37394097,3728071,1,0,0,0,0,21395,4673.989249824725,100000,209.00534,146,22975,243,404,100000
97,avg-run,1000,true,uniform,READ,321,9032968,10632930,10627904,106314,5,0,0,0,0,169,774,2212848,10350129,81914339,440486547,21660376,1394368,302967065305,301467351,37413378,3728071,1,0,0,0,0,19702,5075.626839914729,100000,192.05126,141,24463,225,355,100000
98,extend,1000,true,uniform,EXTEND,6754620,494964855,338442187,335908486,2971868,981057,2916039,0,0,0,169,774,2212848,10357929,81947970,440562233,21660376,1394368,303128583672,301669356,37419965,3728071,0,0,0,0,1,16234,615.991129727732,10000,1577.6383,589,28799,2033,3187,10000
98,run,1000,true,uniform,READ,7090136,500372566,344022054,341487314,2971868,981057,2916039,0,0,0,169,774,2212848,10365940,81996810,440898349,21660376,1394368,303132889046,301740965,37419992,3728071,1,0,0,0,0,23782,4204.860819106888,100000,232.76445,156,23871,281,434,100000
98,reference,1000,true,uniform,READ,25146,29631007,10207931,9922235,1119,1,0,0,0,0,169,774,2212848,10366280,81996810,440898830,21660376,1394368,303132889141,301740966,37419992,3728071,1,0,0,0,0,3459,28910.089621277824,100000,29.73227,18,16111,40,71,100000
98,clean-run,1000,true,uniform,READ,237,4543684,5580276,5578312,55829,1,0,0,0,0,169,775,2217373,10366445,82007006,440925310,21660519,1394838,303244669411,301865856,37420932,3740054,1,0,0,0,0,21261,4703.447627110672,100000,207.67613,148,24175,241,329,100000
98,avg-run,1000,true,uniform,READ,320,9044089,10684842,10679816,106829,5,0,0,0,0,169,775,2217373,10366445,82023361,440938108,21660519,1394838,303350712671,301969028,37420934,3740054,1,0,0,0,0,19772,5057.657293141817,100000,192.77919,147,19775,225,340,100000
99,extend,1000,true,uniform,EXTEND,7201242,501342947,344733147,342172248,3027442,991068,2971109,0,0,0,169,775,2217373,10374549,82049548,441014629,21660519,1394838,303549186784,302172949,37437645,3740054,0,0,0,0,1,17149,583.1243804303458,10000,1669.2864,569,28623,2351,2771,10000
99,run,1000,true,uniform,READ,7537192,506776879,350363635,347801697,3027442,991068,2971109,0,0,0,169,775,2217373,10378143,82069865,441350311,21660519,1394838,303549981342,302186223,37437646,3740054,1,0,0,0,0,23629,4232.087688856913,100000,231.13913,153,27999,275,391,100000
99,reference,1000,true,uniform,READ,25519,29933203,10312091,10023479,1119,1,0,0,0,0,169,775,2217373,10378147,82069865,441351321,21660519,1394838,303549981342,302186223,37437646,3740054,1,0,0,0,0,4108,24342.745861733205,100000,36.29261,21,14151,47,75,100000
99,clean-run,1000,true,uniform,READ,237,4555889,5631317,5629353,56333,1,0,0,0,0,169,776,2218108,10378278,82081504,441378068,21660551,1394849,303662840458,302312305,37438586,3751937,1,0,0,0,0,21455,4660.918200885574,100000,209.56157,150,21119,242,379,100000
99,avg-run,1000,true,uniform,READ,320,9091335,11735883,11730857,117333,5,0,0,0,0,169,776,2218108,10378681,82138460,441393740,21660551,1394849,303813197535,302499426,37458373,3751937,1,0,0,0,0,20298,4926.593753079121,100000,197.96105,150,25375,232,384,100000
100,extend,1000,true,uniform,EXTEND,7673424,507728314,351080059,348493837,3083560,1001079,3026718,0,0,0,169,776,2218108,10387737,82186917,441471313,21660551,1394849,303978449208,302719985,37465019,3751937,0,0,0,0,1,18975,527.0092226613966,10000,1851.1702,901,65375,2385,4987,10000
100,run,1000,true,uniform,READ,8046188,513152962,356760952,354173691,3083560,1001079,3026718,0,0,0,169,776,2218108,10392769,82199171,441844298,21660551,1394849,303978500544,302720846,37465019,3751937,1,0,0,0,0,23521,4251.519918370817,100000,230.1553,155,27439,274,369,100000
100,reference,1000,true,uniform,READ,25896,30235395,10416251,10124723,1119,1,0,0,0,0,169,776,2218108,10393214,82214021,441844857,21660551,1394849,303978500689,302720848,37465019,3751937,1,0,0,0,0,3969,25195.263290501385,100000,34.91257,21,12991,46,89,100000
100,clean-run,1000,true,uniform,READ,237,4568006,5681162,5679198,56842,1,0,0,0,0,169,777,2228357,10394196,82232852,441872589,21660827,1395435,304111368736,302907651,37472755,3751989,1,0,0,0,0,21400,4672.897196261682,100000,209.36561,149,21071,241,367,100000
100,avg-run,1000,true,uniform,READ,320,9103452,11785728,11780702,117842,5,0,0,0,0,169,777,2228357,10394284,82248843,441887947,21660827,1395435,304220740306,303030849,37472757,3751989,1,0,0,0,0,20006,4998.5004498650405,100000,195.2466,150,19807,224,321,100000
