ycsb_key,size
user890651243653586216,70400
user528046043123879302,61400
user7816561027772628775,77000
user5608589954003514570,55200
user7522062266836596538,54700
user7559905185580734337,56500
user1449281585892539227,55100
user741052863528087364,59400
user7220306082007379848,60200
user7708383644681952293,61600
user8592223144611101770,54600
user7950980940816043688,56800
user3913360358637105208,61500
user9010980933353087642,59800
user7527868369880145115,56800
user246496152690312797,58600
user6302978445528005273,68000
user548812298031669935,60000
user8086167312293743146,52300
user8962645729546133585,55000
user2175488577899777269,54500
user5699567343181387204,57800
user3633148704445661482,62800
user7246878439958719058,56900
user621823234862454176,75300
user7330941622364460005,55500
user8731100678986998896,65400
user6632645224550683952,154800
user6038618303538299031,67300
user253753576583497250,64400
user2830022869318353849,125600
user714480505576748154,59500
user4254079383234740593,63300
user4191230903468171831,58000
user3790564468976485235,71300
user6861390472549116401,60300
user2029249960847121105,38136200
user5310513114776797762,123600
user4015401810685632334,56600
user4414170048423055703,59300
user2921572036304064717,60900
user1588605996173063704,54800
user8872434798802545496,58400
user9200433513584500617,72700
user5712517785510607137,56600
user6026446136939061429,55400
user5821255129113424067,56800
user905829710735670155,61500
user901143528716402474,64500
user9122954709952290578,60400
user4454252809215755294,61200
user752883384833026401,58300
user8027558138641814714,56400
user4451453006655053054,54700
user4666358023813524343,56400
user8005235332274059419,60100
user2139325540692060814,55000
user4508165555379472460,60900
user858272782658698429,61400
user8980842314406761647,56300
user6396195676754439699,56100
user5559913104902261948,58900
user2178506695678321392,60700
user6263455645247446130,57000
user3469150132968061022,59000
user5664182581703653080,57400
user7223654027784524750,52200
user8806568201257432611,52000
user8598142332262163444,55200
user3596084061431506014,55800
user5499852610400697640,55100
user7474173938934269832,60900
user3328157658446812987,93400
user7707605368951969962,56800
user1929106705552857206,73400
user533292185655287431,54600
user2258213524063395437,54900
user8923228159875903228,54300
user2608316729995263970,53300
user1940377266345655795,53600
user1427737055254766263,57200
user8960965848009712241,55700
user5450397485569462687,58600
user5788098392388553949,55400
user850008522348746177,56600
user9033303739720842937,58300
user4083383348376096128,58600
user6636771446057811185,60800
user5146183143473842322,60500
user6209201253789430399,59600
user3836441515517035617,63300
user4767839515349911021,62000
user4459270391060377955,78800
user1589507601979502717,57200
user2035834339620652013,57600
user7132334993312353551,59700
user8213101240757188138,64000
user8862720789469711569,65000
user8972578054096809395,67000
user440074954428853005,82800
user628189298418143201,77500
user5802168755742054778,59300
user3633926980175643813,101400
user5356620293830887813,60500
user759809408900855874,63400
user2362369916257273472,56900
user8087847193830164490,58200
user1046387126647988625,56300
user2754337031830078251,54100
user4987212399309808108,79700
user1236834726000471613,55700
user6818519726491412356,62800
user3123184965839017508,58700
user7588375740286336774,59300
user2881270960293523243,74500
user5196529628642572703,68900
user3050733989520373715,52700
user1758410670694212741,78000
user4276743834896794453,55800
user1923300602509308629,56900
user6053236810108242522,62000
user9093705879516705810,71000
user2276191793706181616,72700
user7400043081079204695,58500
user3198765572716964320,60400
user3467811896725938243,60200
user2986878673337037154,59800
user7999429229230510842,62100
user7702577541638403716,53900
user5916370557094121720,63100
user16184107762972101,57600
user6494099090000141806,58700
user7355274138267237423,65000
user8567443752803697001,56300
user7759071775144981239,57500
user6132955455789014353,56700
user1786994310007328275,57400
user2315932909204582642,58800
user1952549432944893397,55300
user106281953899047093,55600
user8975036211363213070,71500
user4429908476017280090,87900
user6033467994454408,72000
user5312971272043201437,60900
user8258201583394510390,71500
user4733562857600760007,56100
user5470043819452972424,62900
user8738586663566968817,65900
user8368058848021608216,57400
user803458430688542250,52200
user2439848719889483511,61500
user7472275742180006605,59000
user3816016905903543549,60500
user5437447043240242754,60000
user472566500031253889,67400
user8878240901846094073,61700
user367737062717722309,56600
user8209753294980043236,53800
user2993244736892726179,59300
user3470270053992341918,58800
user7197641630345325988,53100
user2172140632122632367,57600
user3732731999227784933,55500
user8352320420427383829,56100
user7665294583406406365,59800
user7373812368422164050,58200
user2177386774654040496,59200
user6932390128018124318,55400
user2997930918911993860,52800
user2226623584267433566,59900
user8644809471828393943,76100
user2566782648352928503,60700
user7456195669291483653,58500
user3525644366474638545,59300
user3605238110252199493,51600
user6283101979130955867,59200
user76691478169163760,101400
user6043086170339724829,56900
user6356672876473880556,54000
user9215393665448742673,60400
user5008756929947581072,84800
user3902868073574288950,57700
user8483940530910096502,55800
user48562568757859888,55500
user428244433123913968,57700
user8213661201269328586,58500
user7019801256201010167,57900
user5926644526939096095,52900
user2347191449175189533,63400
user594472601181132635,59200
user5135349213116727499,69600
user5905659956813463579,60500
user7411768371773814946,73500
user3343896086041037374,58000
user4217243300907370593,74300
user901921804446384805,56300
user6959293885794818508,74300
user1798606516094425429,74200
user7944054916748214215,60000
user7570957431155691043,60500
user3434095199488927677,369500
user645047647036648484,69200
user3915258555391368435,60600
user1577335435380265115,55400
user5790556549654957624,53200
user2417184268227429651,57900
user3496282451431540680,68300
user4315146714153072700,56600
user9106656321845925743,58000
user6834258154085636743,58200
user5879647559374264817,56700
user2744623022497244324,56700
user3097514213694117311,80700
user2199272950586112025,59500
user3903428034086429398,54100
user5700687264205668100,60900
user4063737014492586391,64400
user8185750607075866597,64400
user8994122584734582359,54100
user1367676560753201955,89000
user7234706273359481456,58600
user5595857826892136520,66100
user5612716175510641803,60600
user2491096810864652905,57200
user6464177214444903493,73500
user5211708095724656642,67800
user7861329970584596047,57400
user3241854633992510248,66800
user5449059249327339908,61800
user1101648354522772155,56400
user1710075466887258684,62700
user7088126011012526727,66500
user5082327827290505761,55000
user2267037744885488137,67900
user7245758518934438162,74600
user515095600794659369,58500
user3425501111180374646,59800
user768963457721549353,57000
user5222760341299613348,58600
user3892375788511472692,59000
user8383797275615832603,72700
user1082891809150003645,89700
user8302970526206477662,54300
user1871057492413069222,75800
user7566271249136423362,56100
user8224153486332144844,85500
user6200377032967337699,63000
user6360580782763165906,60500
user5776486186301456795,56000
user494889306399009184,57100
user3595305785701523683,71700
user1235496489758348834,62500
user1211163973855571416,71600
user6642359233883517879,52200
user8026998178129674266,55900
user6551588342627789342,57100
user758689487876574978,54700
user7961131580584561381,57000
user8038610384216771420,59000
user2469770595444721824,63500
user3200663769471227547,56400
user1604686069061586656,54700
user6970346131369775214,66400
user4766501279107788242,56700
user1153891464619011562,56700
user1194865585749206581,91600
user3054860211027500948,64500
user720286608620296731,58700
user4525365549292276308,61200
user65420917376365171,56100
user8984968535913888880,53500
user6768173241322681975,60100
user8312124575027171141,56700
user9169391717004981408,52500
user5806854937761322459,74600
user4507387279649490129,57600
user3739876338513456289,58200
user8478134427866547925,61100
user656099892611605190,58200
user389281593355495273,60300
user1971635806316262686,58800
user3508454618030778282,58400
user8060496560148842949,56700
user3155781742051747178,56000
user4323410974463024952,60900
user3333963761490361564,60200
user7563813091870019687,69900
user4590890501543090628,59100
user5087573969821913890,60300
user7661168361899279132,55400
user1557689101496755378,61800
user5948749018089009507,62300
user1724693973457202175,56100
user165564172670629070,59700
user1914706514200755598,59100
user3506214775982216490,73300
user55488592825689361,79900
user495449266911149632,62600
user5206803598487547078,59100
user4189332706713908604,56900
user8280647719838722367,71600
user2491875086594635236,55300
user6731108598308526507,62300
user6416401971150089884,59300
user402791996196855654,62200
user2578394854440025657,70200
user3016457331771222701,59200
user8731660639499139344,99900
user356684817142765603,19512700
user4859158549822082220,56500
user7983796032246615241,83800
user1416571725072296460,72800
user5724129991597704291,75900
user9157779510917884254,86200
user4338029481032968443,59400
user1575655553843843771,55500
user2806363398535229976,59600
user3595524100919365566,61700
user754563266369447745,55300
user3047386043743228813,60900
user8773971425044702941,102800
user5019249215010397330,61500
user9221978044222273581,60400
user7338415789648732140,83500
user5172413856130882967,64900
user3733851920252065829,15767700
user4458938991235022975,58600
user4328657116994433081,59400
user4038066262347686194,64100
user201167249366205077,58200
user4210877237351681568,60200
user6400881858773707380,58400
user1551882998453206801,68300
user8654523481161227870,60100
user5615734293289185926,57200
user4897561429078360467,55100
user6277855836599547738,73400
user171028630419879082,51700
user7587255819262055878,57100
user5289528544651165246,59500
user3539371512707086608,55300
user369635259471985536,62300
user5178219959174431544,78800
user540778170235257352,57600
user4576271994973147137,56800
user1073737760329310166,81300
user7686279153532038881,87000
user7905870352709777851,76900
user4897001468566220019,58100
user7382624771948558964,58000
user2527819808584509808,60000
user3723577950407091454,65300
user5249892659763093006,63300
user1352156448376819451,118300
user4287236119959610711,52100
user562882661385170764,54100
user1989614075959048865,59800
user8832363855305543691,70400
user466647312380192215,58500
user60734735357097490,58500
user3770014957459782284,57300
user8016287577849016125,57300
user8633197265741296789,75800
user4073451023825420318,60200
user3745682441557004866,54100
user6354661595112104232,59900
user5123518691811788462,62700
user8391501575413644407,55100
user5509784934951373450,55500
user6708225831428630764,56800
user6781123683651901908,53100
user301310504660468976,83600
user1825397189263606522,54700
user2869658754206426089,60100
user7531663191561917368,58500
user6257431226986055670,76400
user5767113822262921433,65600
user245376231666031901,53500
user8407240003007868794,56400
user8968670147807524045,57400
user7962251501608842277,55000
user1734078154791435323,57800
user5860777929393983210,83200
user5248772738738812110,58300
user1825957149775746970,62200
user7714531393019799435,56800
user106395038506560190,59400
user7424158853590894431,57700
user1382306884618843232,68300
user7334289568141604907,89200
user542446234475980910,61000
user1373482663796750532,57700
user6871322797099792211,71000
user6873220993854055438,70800
user6894547209273986519,57200
user6618574861197183123,56100
user4273955849631789999,55300
user6631525303526403056,62700
user4439292657351513238,54000
user6174364635528138937,82600
user859952664195119773,54900
user7124070733002401299,83300
user9131548798260843609,55500
user1834769553302141884,58100
user4169686372830398867,59800
user9215052020154444108,104800
user6287788161150223548,58100
user731120538977411554,57500
user1725813894481483071,59900
user5922176660137670297,51000
user6263237330029604247,56200
user2232429687310982143,58100
user2731672580168024391,58400
user4936855668672134142,76000
user2242693411687012933,51700
user4543562134152904370,79500
user1475524115845277658,97400
user6968118106616911208,81300
user504043355219702663,55500
user3985479935130394021,80800
user5662844345461530301,1618500
user8134067457491767638,56300
user2802112275124891860,86700
user2073677258364789812,62100
user6378777367623793968,59100
user9115468725372320657,58500
user3733291959739925381,60500
user8155611988129540602,70200
user300190583636188080,60100
user2721958570835190464,56400
user5134010976874604720,56000
user3789444547952204339,55600
user4408923905891647574,65300
user8868868537807558711,60200
user5487680443801460038,59200
user197600988371218292,57500
user7892371767164115256,73100
user5950647214843272734,92400
user5906998193055586358,8938300
user3354170055886011749,58400
user5119610785522503112,56500
user7175537139195412576,63300
user6059384558446089664,66500
user4168006491293977523,76500
user5701465539935650431,81700
user2676858228197868212,58000
user3690981174194361784,59200
user6987982755718262828,76900
user3497060727161523011,61300
user8130489379201083067,60200
user4604182589166609126,89400
user2815062717454111793,55700
user6151481868648243194,59300
user5939594969268316028,56600
user2607756769483123522,93100
user2755115307560060582,54900
user9061887379033958471,59200
user6033932121519031350,63400
user4706553869213737031,56400
user7186931030064667847,58200
user4211437197863822016,58000
user4130163572549839724,61300
user846100616059460827,60200
user2384027531502559533,64100
user4776993564170604500,77600
user3631033764300310573,56000
user1517834901390841255,59800
user9100850218802377166,58300
user5741548300728350022,57300
user632657165219568999,55100
user7335067843871587238,53100
user7735515963145431951,60400
user637903307750977128,94100
user3599432007208650916,60000
user3259272943123155979,55500
user7213380057939550375,60300
user2833154071704411069,56300
user8928929032309123019,59300
user3974987650067577763,57100
user1930226626577138102,54400
user6756561035235584821,68000
user2817415644110186682,68300
user2906381751926282992,59300
user7818800869821190567,58800
user8029797980690376506,57200
user9209805877623035979,59600
user4619361056248693065,57900
user8164206076438093633,60700
user7560246830875032902,64700
user4877915095194850730,55000
user5816787262311998269,61300
user2024782094045695307,74600
user4188772746201768156,64300
user2867978872670004745,71600
user677644423249378154,58800
user4776433603658464052,57100
user2003237563407922343,75000
user5184357462043335101,56000
user7955107162323170921,58400
user1933792887572124887,56800
user3687403095903677213,59700
user4756787269774954315,64000
user5400382400226087286,131300
user6869094772346928205,56900
user1032763639199115147,66400
user315380868013969805,61900
user1225782480425514907,59900
user7510118660924144404,60700
user8017625814091138904,59000
user902263449740683370,59800
user7487454209262090544,58800
user8577262992746859714,53800
user7372692447397883154,76300
user379567584022661346,209000
user8742152924561955602,67400
user4268709707100381870,56800
user1884784638645517285,78400
user9098392061535973491,62200
user6421306468387199448,55000
user2892323205868479949,73800
user801000273422138575,55200
user514535640282518921,61000
user2470330555956862272,69300
user8612212695615664273,73300
user6742160843883483213,53000
user4589999141205595200,61600
user8242463155800286003,62200
user3507894657518637834,62200
user8836271761594829041,72200
user4732784581870777676,63300
user3252906879567466954,56600
user276418028245551110,77300
user3051966995152167708,60300
user1104654655005618492,56400
user7702919186932702281,53500
user7627338580054755469,57800
user1859892162230599419,61500
user418530423791080041,53100
user3711405783807853852,59700
user8645369432340534391,90100
user7961473225878859946,80800
user6991890662007548178,56100
user3876524276309735208,57700
user2056040634016302198,61700
user1568741347071712084,60800
user8835711801082688593,55600
user2187879059716856754,58000
user6066528897731761020,85800
user5120730706546784008,61500
user3048059088862882358,55300
user3121286769084754281,79500
user9170843037854617284,91700
user2942109730525069882,89300
user6164432310977463127,58100
user4855250643532796870,61200
user8553260304842683075,71000
user2970580285230672319,106800
user6944115418712734569,57500
user5817347222824138717,57900
user7549412900517918079,63900
user5943721190775443261,54100
user3303813325248337783,59200
user7793348432894132253,56400
user2617689094033799332,57600
user2540551935695887858,60000
user7566831209648563810,59200
user4861056746576345447,59900
user4800996252074781139,59600
user7538920615455101821,60800
user6169678453508871256,61200
user1450401506916820123,63400
user5401502321250368182,55500
user2470890516469002720,77700
user5723351715867721960,59800
user1913928238470773267,59700
user5124296967541770793,59900
user7149753302442999282,81500
user3579225712813000731,59800
user5372358721425112200,59000
user2870437029936408420,58700
user2996810997887712964,59000
user627069377393862305,136000
user9061669063816116588,89400
user2866310808429281187,61800
user7567951130672844706,67700
user2971140245742812767,60300
user1358304196714666593,57900
user7583129597754928645,58600
user1287304541245658676,59800
user1459225727738912823,63700
user8632418990011314458,80200
user1739324297322843452,70700
user9094265840028846258,57300
user606644767780370237,76000
user8798534073461020028,55900
user9109444307110930197,63500
user5470603779965112872,66100
user7818240909309050119,79700
user934518580659114475,56500
user7441017202209399714,80100
user98017693589094841,102900
user4971692286933425604,81400
user5062338276285943258,62100
user3236608491461102119,58500
user4181846722133938683,53900
user4518999485736587283,56200
user5711179549268484358,57700
user4534737913330811670,59400
user8863062434764010134,60200
user4871549031639161705,95100
user4573919068317072248,71400
user403351956708996102,60200
user3678249047082983734,55200
user2765389277405034957,62200
user7764877878188529816,61600
user2675738307173587316,57400
user2861064665897873058,51400
user3837001476029176065,67700
user2764829316892894509,63000
user982748553855739746,62300
user4539424095350079351,56300
user5973311666505326594,58600
user8357566562958791958,64500
user5119392470304661229,64000
user4409142221109489457,63000
user2844206317279367775,57900
user2895329506351326286,127800
user6055476652156804314,58600
user6928376991118510182,60300
user4165548334027573848,52300
user274519831491287883,237700
user6325082936677918685,78400
user4223162488558432267,71800
user8018185774603279352,56400
user763157354678000776,73900
user66199193106347502,57100
user1286071535613864683,60700
user3293881000697661973,77600
user4777553524682744948,58700
user3672784589333733722,59600
user1463911909758180504,56000
user7459543615068628555,70000
user6963980067814086189,61200
user1142279258531914408,164700
user4001218362724618408,78200
user4904487453146189940,75800
user161096305869203272,57200
user604964886243948893,60500
user4027014016772729488,59500
user5298227863570047063,69500
user8874332995556808723,72300
user2302982466875362709,58600
user1583919814153796023,68800
user4464185133766431104,61700
user1687970975737345272,66700
user4887069144015544209,55400
user8401433899964320217,58600
user3348582268060305055,56500
user8135175561220350748,73600
user5311073075288938210,55100
user4816629449058676740,56500
user1368796481777482851,57200
user426564551587492624,60800
user5124638612836069358,61000
user6312692454860839200,165900
user1563495204540303955,59400
user2854698602342184033,59100
user3145071141771089037,56100
user3468931817750219139,60900
user3687963056415817661,57800
user2164436332324820563,57600
user2128273295117104108,57200
user4905825689388312719,73600
user6757120995747725269,53800
user449788963761686932,60800
user5202895692198261728,52700
user7882314540710228563,66400
user3821823008947092126,72500
user2745742943521525220,107100
user626851062176020422,144900
user3073729841007782555,85600
user60953050574939373,55900
user1422490912723358134,77900
user920573119208824529,60600
user2278649950972585291,63100
user1218638141139843551,60200
user8049102669279587678,57500
user4381573272210326033,64200
user172148551444159978,58800
user5927204487451236543,60400
user6631306988308561173,52200
user2247048193880925634,93900
user6861608787766958284,88200
user9051395093971142213,68300
user7585357622507792651,66800
user7093153838326092973,59800
user2181294680943325846,87800
user5461449731144419393,107300
user6823547553804978602,62300
user3040801664969697905,59600
user2884277260776369580,59000
user2355568794092654882,55100
user8219467304312877163,61000
user1799944752336548208,61100
user1847501680413519934,72100
user8745500870339100504,61900
user5839793359268350694,54900
user742732745064508708,65400
user1676918730162388566,57500
user8282545916592985594,75100
user4041414208124831096,58000
user5458991573878015718,89900
user7582351322024946314,71500
user1230250347226940705,64000
user6884833199941152592,70600
user323974956322522836,92200
user8313244496051452037,59400
user1798824831312267312,59600
user6127149352745465776,58100
user5596636102622118851,54400
user5395696218206819605,57100
user1452859664183223798,63700
user6165552232001744023,127000
user2171580671610491919,72200
user4279201992163198128,53800
user7710063526218373637,60600
user34722337917898728,66500
user2304102387899643605,58400
user2506275277946736844,76400
user1210044052831290520,65600
user1572867568578839317,58500
user6042526209827584381,66100
user2315372948692442194,81600
user4387939335766015058,60800
user3606917991788620837,83700
user4618582780518710734,61400
user74793281414900533,64400
user8617458838147072402,61900
user1558249062008895826,63800
user5701807185229948996,56700
user8396747717945052536,58500
user3986258210860376352,59200
user1598879966018038079,57900
user7708943605194092741,58300
user4754329112508550640,1046700
user6691472713420454267,57400
user3755396450889838793,55700
user2473005456614353629,66600
user631755559413129986,62400
user7511238581948425300,144900
user6220366583971900202,73200
user4783359627726293525,56100
user690924693577198866,60300
user3925532525236342810,51300
user7691306980845605127,69400
user3018137213307644045,56900
user3462565754194530114,81800
user1643867224047847234,56700
user1352498093671118016,54900
user1484678164665971137,91700
user8384357236127973051,58400
user5459769849607998049,56600
user4855810604044937318,59800
user6680980428357638009,58900
user2503487292681732390,70200
user918220192552749640,60100
user8647597457093398397,58500
user7746786523938230540,57700
user9100290258290236718,59600
user4168348136588276088,61100
user8610874459373541494,59900
user2199491265803953908,66200
user8643129590291972599,78700
user2655532012777937131,60900
user1579233632134528342,57800
user2393411712836792681,53300
user1347470266357551770,71500
user2451679241194422548,55600
user4636219404867198348,57000
user5212609701531095655,59400
user1325147459989796475,62400
user3268210248552761776,53700
user4686234490210573749,55200
user4716486193764412841,92100
user7959793344342438602,1039000
user7628011625174409014,7375300
user3837561436541316513,62400
user4729996596605773222,55400
user664693980920158221,57700
user7800822600178404388,95300
user1115706900580575198,58800
user6389611297980908791,61300
user3153883545297483951,93300
user8584862061934342732,60500
user4238227871033003109,115500
user4887287459233386092,59800
user3331505604223957889,54000
user7549754545812216644,60600
user4055472754182634139,83700
user451687160515950159,59700
user479710839316925245,53700
user9108884346598789749,52900
user7244638597910157266,60700
user1125980870425549573,64600
user4876576858952727951,67200
user6316258715855825985,110100
user4078137205844687999,54500
user6605294590869362411,75600
user291378180109793166,56900
user3710627508077871521,62300
user8187430488612287941,4986300
user4107386036280272767,73100
user6531163733014297274,61400
user3185485302389143608,55200
user7510336976141986287,70100
user867986791991532356,98000
user7939027089434647969,1050100
user8520663528629953405,58300
user6554606460406333465,66800
user3156123387346045743,5545600
user6602276473090818288,57200
user4063518699274744508,112900
user1143057534261896739,66700
user8712904094126370834,3247400
user6983856534211135595,58600
user4821533946295786304,58900
user8242244840582444120,56400
user4791063927524105329,99400
user7256810764509394868,57200
user3986039895642534469,59300
user1861560226471322977,57700
user1156909582397555685,59100
user4404456039090221776,64900
user8749638909141925523,57300
user1084790005904266872,60500
user6741382568153500882,67100
user5073503606468413061,64400
user7576203573687099172,59600
user641469568745963913,61300
user5130103070585319370,56500
user4338371126327267008,61000
user6041406288803303485,65200
user6006021527325569361,263100
user5229468050149600938,62700
user3452291784349555739,3373700
user5827621192669113092,59100
user4645591768905733710,61400
user5601103969423544649,60700
user991012814165691998,69600
user6611100693912910988,63900
user4832927837165041575,109400
user4859718510334222668,70100
user709576008339638590,82400
user7906990273734058747,59200
user4879035016219131626,58700
user4118333051244900687,2947600
user3837779751759158396,65700
user1237394686512612061,159400
user994579075160678783,108900
user7822367130816177352,62300
user2651965751782950346,63100
user6225052765991167883,57000
user5988271818369568650,58700
user7715309668749781766,80500
user3593625904165102339,72800
user362709235404156063,61200
user9150305343633612119,57100
user338593462892466327,82800
user3283948676146986163,89300
user794086066650006888,56800
user617137052843186495,68100
user1757850710182072293,55500
user781913900050769286,56100
user8636545211518441691,58200
user38288598912885513,58500
user2344516548517698176,59300
user8088065509048006373,58200
user2714814231549519108,85600
user1951989472432752949,167600
user7466687954354299911,63400
user401453759954732875,85900
user7458983654556488107,60800
user5877967677837843473,54400
user4057152635719055483,77900
user4550476340925036057,117400
user6884054924211170261,5975100
user3855758021401944575,55200
user5230246325879583269,170400
user5703705381984212223,63300
user8144559742554583896,90600
user7538360654942961373,87100
user2584532357308929214,56200
user4555722483456444186,55300
user2983300595046352583,61800
user1334519824028331837,68300
user7609701955706267855,61300
user1387553027150251361,57200
user3212835936070465149,68700
user1589725917197344600,54400
user1505102774279463205,55800
user4960640041358468898,55500
user9132668719285124505,58100
user1236616410782629730,58200
user4837614019184309256,55900
user8506263337277851797,83900
user501255369954698209,82800
user25338156583665580,74900
user7456755629803624101,85700
user3001278864689138762,52100
user5686847033365706940,77500
user6767613280810541527,61300
user297402598371183626,55100
user5118832509792520781,56800
user6199817072455197251,57700
user303208701414732203,58800
user7798594575425540382,59000
user881497194832892737,86100
user6629067146259999381,56000
user2820981905105173467,75900
user955957880686558653,98800
user1321239553700511125,60300
user3848613682116273219,52500
user8988316481691033782,67700
user1995638494220439325,61900
user3143391260234667693,66400
user6515985265932213335,11298900
user1347251951139709887,64700
user5260384944825909264,89800
user6418300167904353111,120600
user8396529402727210653,72800
user929054122909864463,59700
user6522009684193603795,55700
user3117720508089767496,55300
user3172753175277765558,80000
user5145063222449561426,53200
user5447379367790918564,60100
user1448173482163956117,56500
user2013729848470738601,63800
user928712477615565898,62500
user6475229460019860199,54800
user8087287233318024042,50600
user8266247528486620759,62700
user4234214734133388973,56100
user2140103816422043145,59500
user5799710598475651103,60400
user4743276866933593934,66300
user4832367876652901127,61500
user9005953106039521396,58100
user7901525815984808735,74200
user856374585904435202,54200
user7434651138653710689,64500
user4580739861774572935,56500
user2930166124612617748,54000
user6999594961805359982,57000
user3825949230454219359,79600
user5760074713587578863,59400
user4817967685300799519,75300
user6748526907439172238,115000
user3775261099991190413,77400
user6075901261770296382,80500
user8620806783924217304,56200
user1576215514355984219,57600
user5233812586874570054,75400
user1248446932087568767,56800
user5300799105443963835,91400
user4593130343591652420,59300
user691484654089339314,81300
user6279194072841670517,55700
user7086787774770403948,64500
user7312403392209533378,68300
user6756001074723444373,70000
user2533065951115917937,57100
user4395083675051686414,53900
user9164705534985713727,57200
user3748470426822009320,60500
user2739936840477976643,60200
user3464245635730951458,55700
user8016505893066858008,58500
user6608642536646507313,57500
user70885375125615183,63800
user8076234987743067336,80000
user1699023221312301978,251100
user2066532919079118456,56400
user1258160941420402694,159700
user302648740902591755,63800
user8275059932013015673,1598700
user3975205965285419646,76400
user4315706674665213148,56600
user3086461968119160605,56000
user632097204707428551,56900
user4294940419757422515,94700
user4676850308876340601,57100
user6282542018618815419,69400
user648395592813793386,85600
user7345901774228702061,64600
user5176105019029080635,63000
user8390723299683662076,121400
user7071827622906161892,82100
user7939368734728946534,208200
user2128491610334945991,59700
user5663062660679372184,63000
user3368788562455955240,56600
user3515152081411822287,64200
user7565492973406441031,73600
user2171362356392650036,114900
user4282768253158184913,56500
user5218634119792486115,79500
user3484110284832303078,57700
user4237107950008722213,57800
user7358852216557921994,237500
user1298015141526316817,52500
user264245861646313508,54300
user4085063229912517472,57600
user1321799514212651573,88600
user6903919573312521881,98700
user1496508685970910174,82700
user198379264101200623,58300
user1876863595456617799,61500
user8527589552697782878,135400
user507061472998246786,77500
user8594794386485018542,62000
user2832034150680130173,57200
user2430476355850948149,3516100
user2254087302556268204,56600
user6863848629815520076,62400
user5702585460959931327,113400
user2538312093647326066,59800
user1638061121004298657,3780800
user6834818114597777191,500100
user7555219003561466656,67300
user4519559446248727731,56300
user2627403103366633259,57000
user1808538840645101239,489500
user1327045656744059702,57700
user3947295371091957657,77900
user8714024015150651730,91500
user7913356337289747772,63500
user5927982763181218874,60000
user2091095567495435543,57400
user8682434075354689859,61200
user380127544534801794,58700
user6438506462300003296,70800
user1446493600627534773,62000
user533073870437445548,57800
user2777779759222114442,59300
user378229347780538567,62000
user1973534003070525913,54300
user5335635723705255297,53400
user2974706506737799552,61900
user7749139450594305429,57800
user5460889770632278945,65000
user9110564228135211093,53700
user3924412604212061914,60200
user2791619990062075602,62400
user4179618697381074677,65000
user4729218320875790891,57200
user2254647263068408652,65000
user5623208460573458061,58800
user8089858475191940814,88100
user6732228519332807403,52200
user49340844487842219,72700
user1904214229137939340,72700
user8093653296873713067,57000
user1715539924636508696,64700
user3800496793527161045,86600
user6113638949904105395,58900
user1016683566310592195,60100
user6957065861041954502,57600
user6993228898249670957,158900
user1609932211592994785,69200
user5816568947094156386,58400
user5807414898273462907,52500
user5454523707076589920,101900
user868765067721514687,72300
user8268475553239484765,53800
user4646151729417874158,96500
user6074563025528173603,79800
user7675568553251380740,58800
user1885675998983012713,59600
user72565256662036527,59000
user8143999782042443448,81200
user6405909686087273626,56700
user2970020324718531871,68900
user3570413309286605817,57300
user3095056056427713636,113300
user8983848614889607984,56800
user3335631825731085122,68000
user488304927625478276,73000
user5256477038536623914,58500
user2413618007232442866,66400
user3754276529865557897,60500
user3678590692377282299,55200
user6634873249303547958,176000
user8986088456938169776,57300
user3050952304738215598,63300
user8405341806253605567,67200
user3372366640746639811,110200
user2325646918537416569,69900
user8285893862370130496,85100
user253193616071356802,64600
user3230802388417553542,88200
user5918050438630543064,98800
user596152482717553979,115100
user8432132479422786660,91600
user6367165161536696814,58700
user2563434702575783601,56000
user4843980082739998281,4098200
user9147847186367208444,59900
user8781115764330374297,82900
user5008975245165422955,58800
user5338642024188101634,62400
user4926810259513945235,75700
user1112140639585588413,75500
user2567000963570770386,56500
user5862676126148246437,52900
user3700695183527195711,56000
user5722791755355581512,55800
user5905099996301323131,53900
user7050843052780529376,60400
user1848279956143502265,54500
user4922797122614331099,61300
user2188780665523295767,62200
user3936024810299159068,55100
user2590120145134635908,57900
user3951203277381243007,56000
user1141719298019773960,59100
user2949035754592899355,57400
user3321231634378983514,57100
user951271698667290972,60100
user3311299309828307704,69100
user8621025099142059187,57000
user3476076157035890495,58000
user5800488874205633434,57300
user2403125722169626608,88100
user6981398376944731920,54000
user5244086556719544429,60100
user8202827270912213763,64500
user7798034614913399934,62400
user1925758759775712304,55400
user2638673664159431848,60100
user1973315687852684030,59100
user3705381365546463392,72600
user1358522511932508476,116400
user3722239714164968675,57200
user4936524268846779162,60900
user2087517489204750972,71300
user438176757674589778,70800
user6757339310965567152,56500
user854146561151571196,55000
user8370517005288011891,55200
user5071275581715549055,107200
user3310179388804026808,74700
user1468598091777448185,61800
user4040294287100550200,59800
user4506827319137349681,54800
user8905031575015275166,194600
user1242422513826178307,61000
user3822601284677074457,63000
user7371572526373602258,85400
user1198213531526351483,62400
user6393737519488036024,63900
user198939224613341071,61200
user3771247963091576277,67400
user4101361618018882307,62700
user576722892225131924,58800
user1560477086761759832,513300
user5778384383055720022,91900
user1798046555582284981,3533400
user2173820513659053711,60400
user5923296581161951193,76700
user4517319604200165939,69100
user2880151039269242347,53600
user2704208861879189753,66300
user4642585468422887373,56100
user231089124921443390,76500
user6483046844425185100,234900
user8914415756349508314,54400
user8108271803443656558,56400
user7675786868469222623,59300
user7872382216159552753,58700
user3947077055874115774,61600
user7698233004913434600,58100
user8191775025337257057,58400
user6377999091893811637,109300
user3303595010030495900,76600
user2528598084314492139,88600
user3101640435201244544,62300
user2981072570293488577,59600
user8291918280631520956,58300
user5757399812930087506,62100
user1029975653934110693,58800
user7097840020345360654,55300
user2452020886488721113,59700
user8516195661828527607,54700
user5732724079906257322,59900
user287470273820507816,58800
user4782799667214153077,133700
user8753546815431210873,102100
user8528367828427765209,56400
user4283328213670325361,58500
user5244646517231684877,58200
user6049670549113255737,74800
user2166334529079083790,61600
user7890473570409852029,58200
user848900418620163067,59600
user4377665365921040683,59000
user3747910466309868872,58800
user2071219101098386137,59500
user4987430714527649991,104800
user6284781860667377211,1354500
user9187701386473122567,57100
user2844766277791508223,77400
user1640414047660373546,62400
user3171861814940270130,90100
user4101019972724583742,57000
user8329201238863518307,59100
user4756227309262813867,53000
user1324587499477656027,147000
user3122406690109035177,67400
user8054130496593153924,79800
user4383471468964589260,205900
user324534916834663284,81200
user9122394749440150130,59700
user7279133570877150163,61800
user8880139098600357300,62000
user4064296975004726839,60400
user7653682377319309211,52500
user4391505596761001843,60900
user5649999133742639154,90500
user1962481757495569207,57400
user2298514600073936911,96000
user970028244040059482,63500
user8229399628863552973,64600
user8808921127913507500,81300
user1198991807256333814,84400
user2633209206410181836,61000
user7734396042121151055,157700
user2237228953937762921,65200
user4665798063301383895,69400
user5938256733026193249,59200
user8281425995568704698,72900
user5788658352900694397,95700
user293276376864056393,87400
user6622152939487867694,56200
user2804570432391295535,98000
user6972244328124038441,101000
user8456476812621261864,57000
user3984360014106113125,58500
user1453419624695364246,61200
user5346128008768071555,82200
user6793843993467582172,56200
user6173586359798156606,65400
user5474730001472240105,61100
user5575433217278644452,65900
user667152138186561896,59800
user4524245628267995412,55300
user1233828425517625276,57600
user7849717764497498893,159000
user4304094468578115994,61900
user3123526611133316073,57500
user8075115066718786440,56200
user3281377434273069391,64100
user917441916822767309,53700
user3280817473760928943,54500
user7824265327570440579,62300
user5684388876099303265,77500
user2814844402236269910,78500
user1320679593188370677,54000
user4778673445707025844,77100
user7912578061559765441,76400
user3663070580000899795,157000
user1219758062164124447,62600
user3177781002591331804,64600
user5839451713974052129,122200
user5245984753473807656,65900
user2774761641443570319,58800
user721406529644577627,64900
user2518447444545974446,80300
user2753217110805797355,55600
user1883664717621236389,61700
user9093924194734547693,55800
user175496497221304880,87400
user286132037578385037,58700
user312922710747566130,59900
user7323237322566648201,57500
user544344431230244137,58700
user5822935010649845411,72900
user8873554719826826392,62300
user2800444210884168302,57300
user6058264637421808768,56400
user6357792797498161452,54100
user5047719769715999767,58500
user1085349966416407320,55500
user1676577084868090001,49500
user400893799442592427,57200
user6379897288648074864,61300
user8311564614515030693,67200
user7450731211542233641,57500
user8856136410696180661,58400
user3108566459269074017,60400
user428462748341755851,55200
user70107099395632852,63800
user8064622781655970182,54800
user3255365036833870629,54400
user7571299076449989608,60500
user1982688051891219392,59300
user5633700745636274319,68900
user7832859415878993610,59600
user3374594665499503817,57700
user2328105075803820244,57200
user6878808781679762132,57600
user5288295539019371253,60100
user5486342207559337259,62300
user5018129293986116434,57300
user6184078644860972864,55900
user5681040930322158363,59000
user8190996749607274726,56200
user2825896647811226616,55200
user3485790166368724422,57200
user4882382961996276528,74900
user5257596959560904810,70700
user4107167721062430884,57900
user9189941228521684359,59200
user7609920270924109738,66300
user2655873658072235696,59500
user4003229644086394732,149400
user8609754538349260598,58200
user2769515498912162190,55200
user5429961058660272833,55000
user4288574356201733490,64900
user2030028236577103436,56100
user7950079335009604675,55300
user6591224227515861582,60200
user6030914003740487227,56800
user1206477791836303735,62300
user6531382048232139157,60600
user632875480437410882,59600
user3554114921180240982,59600
user3100520514176963648,58500
user2166676174373382355,55600
user1424949069989761809,57700
user8542768019779866817,102800
user8429904454669922654,54500
user4268149746588241422,59200
user5210929819994674311,56700
user6130155653228312113,56600
user3407751402224373935,58600
user2463073132063677819,57800
user28137959144367820,58700
user290258259085512270,56100
user8049444314573886243,57100
user163884291134207726,53500
user3485230205856583974,57200
user5712859430804905702,60400
user7223094067272384302,57800
user979400608078594844,76700
user7020921177225291063,55600
user7470595860643585261,61100
user7890691885627693912,57400
user4634881168625075569,52300
user5586143817559302593,55600
user5738530182949805899,55100
user6794403953979722620,76800
user8291358320119380508,55200
user2213891457156055516,58400
user4608868771185876807,61700
user4689582435987718651,69500
user391179790109758500,57900
user4741048842180729928,56000
user6484166765449465996,54000
user4528931810287263093,55900
user291938140621933614,56700
user7124630693514541747,56600
user3927430721990606037,58700
user6741600883371342765,63800
user8270373749993747992,55600
user7564933012894300583,60500
user5349475954545216457,61100
user2770075459424302638,55400
user1247668656357586436,57900
user2531397886875194379,59900
user2352437591706597662,56900
user1119614806869860548,59000
user165222527376330505,69200
user1177447276618560850,58400
user5157795349560939476,58000
user1378728806328158661,62500
user5093380072865462467,57000
user5333395881656693505,58600
user1569301307583852532,64000
user4294722104539580632,59200
user7878301403810614427,51900
user7054190998557674278,57500
user3336191786243225570,78900
user742172784552368260,60700
user8884825280619624981,56400
user1411885543053028779,80800
user1433543158298314840,58200
user8554380225866963971,63500
user58494893308535698,89100
user6690694437690471936,57200
user3916938436927789779,57800
user4751541127243546186,78800
user1562156968298181176,80100
user2507053553676719175,60400
user2859384784361451714,61700
user112201141550108767,60800
user2314253027668161298,54100
user5233594271656728171,59400
user3457879572175262433,59500
user638681583480959459,74400
user325313192564645615,58400
user3406631481200093039,59700
user3369348522968095688,52600
user5657038242417981724,53800
user7733836081609010607,57200
user2403903997899608939,58300
user3849391957846255550,54600
user2968900403694250975,55200
user8924129765682342241,101400
user7587815779774196326,56200
user1963041718007709655,62600
user3875622670503296195,102700
user8616338917122791506,96500
user8491644830707908306,55600
user1283396634956373326,55900
user5937915087731894684,62200
user1342005808608301758,62000
user312362750235425682,59300
user7351926192490092521,1649200
user2523693587077382575,71200
user5597537708428557864,126300
user7280035176683589176,139400
user6015175576146262840,70600
user8916643781102372320,53100
user5779504304080000918,166200
user1338097902319016408,87300
user1538932556123986868,79200
user1434881394540437619,71100
user4086401466154640251,55700
user2677418188710008660,60000
user252633655559216354,63500
user6406128001305115509,62100
user4039174366076269304,57100
user5736862118709082341,92100
user1572649253360997434,65900
user4507947240161630577,56400
user6957625821554094950,87400
user6642017588589219314,55800
user1107454457566320732,58500
user3827069151478500255,51800
user467538672717687643,59500
user2906941712438423440,57700
user7044476989224840351,57700
user2781687665511399792,55600
user298522519395464522,76300
user4233313128326949960,67600
user3699793577720756698,280400
user8142319900506022104,63600
user6130715613740452561,66300
user1527985541159358948,81500
user3495162530407259784,56700
user1121513003624123775,60700
user297962558883324074,57500
user2745182983009384772,101000
user5284500717337599000,57900
user1611830408347258012,77200
user440416599723151570,58300
user539098288698836008,60600
user3210596094021903357,58600
user4794070228006951666,52500
user7811314885241220646,60700
user2980294294563506246,60700
user6450896944117082781,70100
user2293050142324686899,59500
user6772299462829809208,60200
user1683503108935919474,60400
user7337855829136591692,58700
user896457346697134793,118300
user4845878279494261508,61700
user5785870367635689943,62400
user1233268465005484828,79100
user4110733982057417669,79500
user4174372554849666548,71700
user5800830519499931999,72100
user2073458943146947929,58500
user775889481789378826,71300
user7239392455378749137,59700
user8125243236669674938,57400
user4949587795783512192,62300
user2618249054545939780,58000
user2930384439830459631,81800
user2088077449716891420,56500
user3349142228572445503,56600
user6680202152627655678,59800
user8316810757046438822,55500
user879817313296471393,86400
user2821323550399472032,63000
user5480536104515788682,63700
user1950651236190630170,63500
user891429519383568547,87300
user4718944351030816516,63000
user3847493761091992323,57100
user2050794491484894069,69300
user7752934272276077682,60900
user8270933710505888440,75700
user4894213483301215565,61100
user5916152241876279837,54600
user2865190887405000291,52900
user8743832806098376946,56100
user5448157643520900895,58300
user5877076317500348045,88300
user8169452218969501762,70700
user6762367138279133398,59800
user5032199657339617263,56700
user1845821798877098590,56300
user7301132831416734789,58000
user8400655624234337886,73400
user54368671801408465,58600
user7664174662382125469,51500
user883165259073616295,58000
user306556647191877105,64600
user7791668551357710909,81900
user8917763702126653216,73600
user5812101080292730588,61500
user4067644920781871741,58600
user3333403800978221116,54200
user1154109779836853445,56700
user280885895046976908,79700
user879257352784330945,62000
user7213161742721708492,53600
user4256537540501144268,52400
user6697951861583656389,59400
user4513971658423021037,56400
user6753213089458439919,68900
user4866644534402052141,67700
user60174774844957042,62300
user6075341301258155934,79200
user2458718349869765118,106000
user4483054763746712711,63800
user7863901212458512819,55800
user5487120483289319590,95600
user7225333909320946094,60000
user5497612768352135848,71500
user658887877876609644,64400
user6846430320684874345,57200
user7351707877272250638,93800
user8103803936642230760,108900
user3662292304270917464,55100
user2643141530960857646,100700
user494329345886868736,60900
user4408363945379507126,54000
user5117712588768239885,79600
user792966145625725992,60100
user598267422862904888,54000
user8923009844658061345,74900
user3289194818678394292,81200
user7295886688885326660,82400
user8128821314960359509,340800
user5826501271644832196,64000
user4679090150924902393,57800
user4952375781048516646,67600
user1445715324897552442,59100
user8655301756891210201,57100
user2494103111347499242,61700
user2760143134873626828,56900
user4505159254896626123,89800
user3963593759198322492,56800
user5715865731287752039,57100
user8039730305241052316,56700
user7144507159911591153,103000
user6734456544085671409,54100
user7176657060219693472,74800
user4700634681562675357,53900
user6981958337456872368,62900
user5749022468012622157,56300
user5565719207945810525,59600
user7236044509601604235,53200
user2338710445474149599,61900
user2329213179532403354,89700
user528387688418177867,55900
user8120557054650407257,58300
user6460942353275271688,87500
user7386315934846756632,58400
user2529499690120931152,77300
user1698681576018003413,100300
user5652570375616555926,56700
user6844750439148453001,71400
user6872661033341914990,97600
user7465909678624317580,61200
user6581510218183027655,59400
user4760135215552099217,53500
user808704573219950379,79000
user2917433997501239698,64400
user2669932204130038739,66300
user5696001082186400419,63200
user595032561693273083,78500
user731680499489552002,57900
user4354782599041144940,64300
user2156962165040548428,61700
user5254578841782360687,54300
user1983248012403359840,59800
user2342505267155921852,53000
user5049171090565635643,58300
user8018745735115419800,103000
user5849725683819026504,63000
user537760052456713229,78000
user1216410116386979545,55500
user5673896591036487007,85300
user3651240058695960758,50700
user4426000569727994740,89500
user2684562527995680016,60900
user9097832101023833043,71500
user3715873650609279650,71800
user8690686518368944325,60300
user313482671259706578,58600
user5938816693538333697,89500
user2014289808982879049,63400
user3426621032204655542,52100
user5822375050137704963,67300
user3222208300109000511,93500
user1953109393457033845,80800
user6293594264193772125,59800
user994920720454977348,52900
user5515704122602435124,59100
user2426568449561662799,55800
user2299634521098217807,56300
user1362990378733934274,57300
user7224432303514507081,56100
user50460765512123115,56300
user7686839114044179329,59900
user4241359073419060329,68100
user4845318318982121060,91800
user1143959140068335752,55300
user2896449427375607182,71400
user4407803984867366678,64800
user8668582027219030913,59000
user7807966939464075744,61500
user3102200395713384992,57200
user1981019987650495834,156300
user4161422112520446615,59500
user1504542813767322757,52200
user1121294688406281892,71200
user701416978640015124,54500
user1406857715739462533,79100
user8522343410166374749,72500
user6669368222270540855,85200
user5383410967000068906,56400
user5905878272031305462,54500
user7814333003019764769,54900
user971136347768642592,51700
user8836490076812670924,94800
user449229003249546484,52500
user588448182919742175,59500
user5778726028350018587,52500
user7692426901869886023,71700
user3949535213140519449,55600
user313141025965408013,63900
user1126540830937690021,63400
user3046720852620759579,56800
user7692645217087727906,65100
user8255195282911664053,60800
user3005405086196265995,79600
user7187149345282509730,54800
user160536345357062824,62000
user2646159648739401769,69900
user6181290659595968410,84700
user7753825632613573110,56600
user7578443415735660964,98800
user1777840261186634796,62800
user5562701090167266402,60400
user6770631398589085650,58500
user6873002678636213555,53600
user5872161574794294896,81200
user3695667356213629465,60200
user3766561781072308596,61400
user527267767393896971,169300
user3256484957858151525,55100
user1081771888125722749,61600
user2859944744873592162,59300
user497129148447570976,61800
user7224213988296665198,133200
user7928534804371831711,128100
user1424389109477621361,55000
user8000549150254791738,73800
user6887621185206157046,84400
user155850163337795143,63700
user2752657150293656907,61400
user5201775771173980832,61800
user6274507890822402836,64500
user8083939287540879140,63100
user8814167270444915629,57400
user7220866042519520296,93500
user4800462362660415,99900
user5621540396332734503,69300
user4233200043719436863,55400
user8999928687778130936,58300
user8397867638969333432,57000
user1929666666064997654,63200
user2778339719734254890,57800
user5585925502341460710,71900
user2149817825754877072,58900
user3093936135403432740,72600
user2168014410615505134,84700
user532513909925305100,63900
user8637883447760564470,83000
user38070283695043630,59800
user2644821412497278990,86600
user8278407877790160575,216200
user5681600890834298811,74300
user6988884361524701841,67400
user5692093175897115069,68400
user4755449033532831536,58000
user8259321504418791286,70700
user400333838930451979,77700
user5107220303705423627,167600
user6079249207547441284,59600
user7065243244132630984,61600
user6742720804395623661,136000
user6652851518946334137,60700
user2987438633849177602,58300
user4869650834884898478,59600
user516433837036782148,59400
user7697673044401294152,57600
user2358575094575501219,65600
user1336977981294735512,54400
user7829511470101848708,55100
user8114637866999345583,59000
user2275850148411883051,53200
user1539150871341828751,55400
user1619864536143670595,77000
user4694828578519126780,58200
user2856926627095048039,83700
user8821311609730586985,76500
user2074797179389070708,52000
user3237728412485383015,64200
user2001339366653659116,61000
user2983860555558493031,83700
user458166308679152281,83300
user4052684768917629685,63200
user7802160836420527167,62700
user803240115470700367,51100
user1687629330443046707,60700
user3788324626927923443,57500
user8791389734175348672,57900
user6711119047303964004,58600
user6978610391679727466,56400
user8648157417605538845,93500
user7119602866200975501,90200
user6043304485557566712,59400
user743511020794491039,70500
user4871890676933460270,55900
user6036720106784035804,98200
user8038952029511069985,67900
user3123744926351157956,57000
user7556898885097888000,61100
user2179066656190461840,56600
user4778331800412727279,58200
user2771755340960723982,97700
user1596091980753033625,62200
user7989715219897676915,105900
user6405008080280834613,2256900
user8969230108319664493,73600
user8893979329440318460,83500
user628749258930283649,59500
user3276909567471643593,79000
user6832919917843513964,56900
user3572081373527329375,59500
user8440396739732738912,61200
user6542775939101394428,60600
user2179626616702602288,55000
user77251438681304208,74500
user4997704684372624366,58200
user4492427127785248073,61600
user1451179782646802454,74200
user8642351314561990268,55900
user1043255924261931405,61500
user1335079784540472285,78600
user5355282057588765034,60900
user4293820498733141619,63700
user7654242337831449659,59600
user4142335739149077326,58100
user8672720066021855932,55200
user6543335899613534876,60400
user653641735345201515,80000
user903041725470665701,62400
user1945965054171362489,58100
user1111580679073447965,58500
user6210869318030153957,63000
user1357402590908227580,114300
user5098066254884730148,59800
user6278634112329530069,70400
user6032252239982610006,56100
user5361866436362295942,58500
user7313304998015972391,60000
user1108562561294903842,61400
user4162542033544727511,85200
user5212268056236797090,69200
user8515977346610685724,61600
user8149805885085992025,94900
user2776659838197833546,61000
user3447947247624586623,51500
user2758463253337205484,55800
user1258939217150385025,52600
user697290757132887891,101200
user2137085698643499022,60000
user8974476250851072622,57300
user7824825288082581027,59700
user379909229316959911,54400
user6269261748290994707,66200
user7213721703233848940,84600
user2293268457542528782,58000
user7821807170304036904,56400
user885405101122178087,65300
user7135682939089498453,108100
user1029415693421970245,84400
user2649507594516546671,69200
user6710124028182893991,57800
user1292209038482768240,56300
user1710635427399399132,57100
user2188220705011155319,59300
user406139941974000556,61000
user7043025668375204475,60200
user994360759942836900,57600
user780234018514347942,51400
user8467082182291591219,62400
user2881489275511365126,62500
user3201223729983367995,58900
user8819071767682025193,55700
user2770635419936443086,57600
user9011759209083069973,58400
user8493312894948631864,57500
user1825615504481448405,54400
user9158899431942165150,60500
user5863349171267899982,67000
user3084782086582739261,56600
user3518605257799295975,62200
user7372910762615725037,67300
user2634329127434462732,57800
user3478864142300894949,87100
user5001830905879751599,56000
user7665076268188564482,85100
user5960361224176106661,73400
user4734464463407199020,60300
user828350907103460116,83200
user5577331414032907679,64400
user789948027847181869,59600
user6576492636338404994,70700
user2426008489049522351,60400
user5496274532110013069,60700
user6780563723139761460,59900
user3448165562842428506,57100
user1222216219430528122,56800
user2997152643182011529,58200
user4766719594325630125,61200
user7280148261291102273,69200
user6806576120578960222,105100
user1661398617786006062,59000
user4657545620287129429,60500
user993240838918556004,59000
user7107212384383896016,63700
user3727144211402078239,77300
user7834539297415414954,56500
user3419476692918984186,52100
user370195219984125984,100000
user3287743497828758416,57000
user6306326391305150175,61500
user6068196961972484578,58800
user1986939175301557508,107100
user2830695914438007394,59900
user4403117802848098997,63200
user490763084891881951,97400
user427684472611773520,63800
user8848662243411908526,71800
user1101088394010631707,85900
user8338915248196352234,64400
user6835938035622058087,65600
user8934953450570513479,68000
user2376553364218287398,73500
user5350814190787339236,86300
user6526135905700731028,126000
user7482768027242822863,64600
user7857982024807451145,60600
user10719650013722089,105100
user7272549192103619255,55700
user1280265432570316106,62800
user6083387246350266303,73800
user2467199353570805052,89500
user1855205980211331738,147300
user7527090094150162784,58700
user6827000730192452290,62700
user3424941150668234198,66000
user7611040191948390634,65000
user2052132727727016848,58200
user5822593365355546846,116100
user4118551366462742570,58500
user8351418814620944816,79600
user4930158205291090137,86500
user4419416190954463832,71500
user5923856541674091641,54100
user885623416340019970,72000
user2904713687685559434,56300
user3128431108370425637,63400
user6317036991585808316,89300
user927374241373443119,64400
user3760860908639088805,170700
user3413670589875435609,60300
user5482215986052210026,70000
user3231922309441834438,69500
user6867196575592664978,75000
user4881823001484136080,70200
user4743836827445734382,65400
user7588157425068494891,65500
user9021473218415903900,63600
user5323463557106017695,61200
user3360194474147402209,55100
user6906937691091066004,56900
user6511517399130787537,59300
user1093384094212819903,54100
user3877975597159371084,58700
user6845092084442751566,54100
user6744948829148487667,59700
user7059997101601222855,60700
user2792958226304198381,58800
user6389829613198750674,57400
user1550763077428925905,63300
user2732450855898006722,53800
user3095616016939854084,69900
user3248220697548199273,78000
user7212601782209568044,117900
user2154504007774144753,80000
user4504599294384485675,61700
user7797256339183417603,58600
user4903367532121909044,57100
user2616350857791676553,60200
user2568680845107191730,63500
user3429409017469659996,63200
user3199543848446946651,58900
user4986870754015509543,56500
user7400261396297046578,63600
user5184139146825493218,61000
user1805750855380096785,61800
user6836497996134198535,51800
user9121616473710167799,58700
user28916234874350151,60400
user9073499585121055625,59100
user8710116108861366380,61900
user1000385178204227360,81900
user8754325091161193204,95600
user5371798760912971752,58800
user4873788873687723497,56600
user4440960721592236796,80900
user5549980780351586138,60100
user6879587057409744463,59100
user2991004894844164387,89400
user2038062364373516019,61200
user6168340217266748477,57100
user2868538833182145193,57400
user7752487396371450331,56700
user6870762836587651763,63300
user5060223336140592349,63300
user5482994261782192357,85100
user6508499281352243414,70300
user2177728419948339061,56800
user3473617999769486820,61000
user1134245130735501825,63200
user8165325997462374529,56300
user5410314724776763096,120100
user2060726816035569879,58600
user6960632122036941287,57600
user3458657847905244764,79000
user1935472769108546231,99100
user3348022307548164607,88900
user2879591078757101899,74900
user7130655111775932207,53900
user1244880671092581982,112800
user5438225318970225085,68200
user5117152628256099437,57000
user4360028741572553069,56600
user3408642762561869363,96900
user1674678888113826774,56400
user6157506286909633654,73900
user3399830359035474449,58900
user6138201598320422482,114500
user2765047632110736392,103200
user766175472456544899,60400
user7341433907427276263,55000
user1473625919091014431,66300
user8794955995170335457,67100
user2028908315552822540,66800
user2050452846190595504,89700
user7681033011000630752,74300
user7538702300237259938,99700
user3932116904009873718,76400
user2290810300276125107,63700
user8385135511857955382,81400
user8054908772323136255,58900
user8301850605182196766,55100
user4963428026623473352,79700
user9210365838135176427,76000
user7301911107146717120,57900
user3446267366088165279,69400
user1031643718174834251,81200
user6612208797641494098,57200
user9043017749053676864,100100
user3496842411943681128,268900
user1648895051361413480,57400
user3678030731865141851,121200
user2833714032216551517,82900
user8768165322001154364,87200
user5466135913163687074,64500
user1746798464607115587,58600
user3632588743933521034,78400
user7488014169774230992,56200
user2994912801133449737,58000
user1649568096481067025,56800
user6767831596028383410,52800
user2109621980354664384,58500
user5595297866379996072,102000
user7747906444962511436,60300
user5465357637433704743,61600
user8824099594995591439,91000
user3344456046553177822,55800
user2527259848072369360,57500
user1787554270519468723,62900
user8583523825692219953,60700
user1281043708300298437,60300
user4154496088452617142,74900
user3653138255450223985,65800
user7708725289976250858,62000
user7325695479833051876,62100
user299082479907604970,65100
user2935972227656166325,55600
user5107438618923265510,59300
user214117691695425010,96300
user6310452612812277408,54700
user5083995891531229319,58100
user6647823691632767891,55500
user8201489034670090984,55800
user6867974851322647309,61600
user1901974387089377548,60800
user8623264941190620979,69700
user2368289103908335146,55000
user7699571241155557379,60700
user4046878665874081108,55100
user4255977579989003820,61700
user7488232484992072875,54700
user4201723188530988089,56300
user1845261838364958142,68000
user8203387231424354211,96500
user1851067941408506719,62000
user4855592288827095435,63200
user7439119005455136487,53800
user8279527798814441471,96500
user8170790455211624541,56800
user2292490181812546451,66600
user4113086908713492558,62200
user4237780995128375758,72600
user1028855732909829797,53000
user8510731204079277595,83100
user565110686138034770,95200
user3144729496476790472,64000
user8507383258302132693,64600
user572814985935846574,60000
user744070981306631487,60800
user6686568216183344703,61500
user5823153325867687294,88500
user6340043088542160741,76000
user8191556710119415174,62900
user2860504705385732610,63300
user6576605720945918091,91800
user2265357863349066793,58600
user5354162136564484138,74300
user8856696371208321109,88500
user6583190099719448999,60000
user3117378862795468931,57700
user3509232893760760613,63100
user6713471973960038893,57900
user4651739517243580852,110700
user6518991566415059672,85400
user6609202497158647761,58500
user3929658746743470043,59200
user5005408984170436170,59700
user1370134718019605630,87400
user280544249752678343,70300
user1104436339787776609,83900
user4470104321417492778,85500
user4560420482771409653,93800
user8817060486320248869,59300
user3987491216492170345,58200
user1689309211979468051,59500
user1821489282974321172,71000
user8884606965401783098,124700
user2430134710556649584,60200
user951490013885132855,53400
user8203168916206512328,78100
user8243023116312426451,76700
user4530611691823684437,89900
user8505703376765711349,72800
user8790829773663208224,61000
user5813780961829151932,59000
user3479984063325175845,54500
user2059606895011288983,71000
user378789308292679015,151200
user4025115820018466261,55000
user6064630700977497793,65200
user2406132022652472945,57500
user7383184732460699412,56000
user7153319563437986067,62900
user4629635026093667440,103800
user3475297881305908164,79800
user5222542026081771465,100000
user7923070346622581699,88600
user6873780954366195886,84200
user1505662734791603653,82200
user1018923408359153987,77800
user5936576851489771905,93600
user6756779350453426704,111400
user4771747421639196371,119300
user5371580445695129869,58000
user4400889778095234991,57700
user3452851744861696187,56500
user8213879516487170469,77900
user2750429125540792901,62000
user5186597304091896893,57600
user4528371849775122645,89800
user738824838775223358,67900
user7311625116479551047,76100
user99355929831217620,81000
user8411147909297154144,65000
user1708395585350837340,59800
user1155229700861134341,62000
user3322911515915404858,83700
user3041019980187539788,60800
user4398991581340971764,55100
user6410035907594400859,53700
user3586151736880830204,57400
user1209484092319150072,82600
user6653629794676316468,69100
user7439897281185118818,59600
user3310739349316167256,115600
user5791676470679238520,56100
user8168332297945220866,106600
user3688741332145799992,59600
user6294932500435894904,59900
user2826009732418739713,60100
user8704091690599975920,267300
user7869147354989920948,86700
user7924968543376844926,59700
user7346120089446543944,80000
user6760687256742712054,71700
user413284281259671912,62300
user6004123330571306134,88800
user6075682946552454499,57600
user3238506688215365346,54900
user3207589793539057020,78300
user3569853348774465369,56600
user1082331848637863197,59200
user3073169880495642107,843700
user7767665863453534270,59400
user6051338613353979295,55800
user8509611283054996699,56600
user5684607191317145148,73200
user3146409378013211816,81000
user3711747429102152417,746500
user4226055704433765507,54800
user5361306475850155494,58400
user2463291447281519702,81200
user6290028003198785340,55900
user9198535316830237390,77300
user2056818909746284529,81200
user9111902464377333872,67600
user3662510619488759347,91900
user324193271540364719,75700
user6393955834705877907,109600
user1787212625225170158,60200
user2155063968286285201,77400
user2051012806702735952,81000
user874571170765063264,79800
user4072891063313279870,58500
user4765941318595647794,78400
user4904145807851891375,60200
user5388657109531477035,58000
user4893435207571233234,78500
user241923055278558213,56900
user8734448624764143798,63100
user8055468732835276703,129000
user4630413301823649771,60600
user6346180591411064298,57800
user5735742197684801445,55700
user4062958738762604060,95100
user4530830007041526320,93800
user192013200545511598,54400
user6242471075121813614,76000
user5294214726670432927,57600
user8963424005276115916,57100
user4255417619476863372,59800
user6972804288636178889,58600
user7812994766777641990,57900
user3111914405046218919,57700
user5370460524670848973,55300
user754003305857307297,68200
user6505711296087238960,54100
user8027339823423972831,81400
user7633257767705817143,55500
user985206711122143421,60500
user7867914349358126955,62400
user7322117401542367305,56900
user4646493374712172723,68400
user885063455827879522,57900
user5828741113693393988,64200
user7261496946528662549,64800
user3002617100931261541,61200
user7402614322953121467,61200
user349645708467423033,48600
user3244094476041072040,59600
user7828173233859725929,60400
user2996251037375572516,55700
user7429964956634443008,66300
user7156667509215130969,62800
user8843416100880500397,57900
user8610532814079242929,58000
user8655861717403350649,68400
user4950147756295652640,60800
user4482494803234572263,55000
user8769503558243277143,57300
user2854138641830043585,54200
user6301298563991583929,54800
user3975547610579718211,64900
user7349468035223688846,56300
user9187483071255280684,64100
user6191564629440942785,58700
user7676346828981363071,67100
user7963371422633123173,61000
user6997696765051096755,66700
user3453971665885977083,58000
user6877688860655481236,73300
user7032191738018089652,63800
user2021204015755010736,71700
user1220877983188405343,60800
user1104996300299917057,107600
user7624320462276211346,103400
user3371806680234499363,66300
user8253515401375242709,81700
user8697052581924633350,71800
user802680154958559919,104800
user655539932099464742,62200
user7792228511869851357,56200
user4175492475873947444,55200
user3863232188686216710,79700
user4757907190799235211,58800
user6653069834164176020,58100
user429582669366036747,91900
user9022251494145886231,54900
user4032260159304137617,55500
user2947137557838636128,93100
user4046660350656239225,76200
user8254635322399523605,53700
user7530543270537636472,60600
user7829293154884006825,57500
user2117999325272129733,93900
user3029407774100442634,56400
user3474956236011609599,67000
user3825389269942078911,58700
user5354940412294466469,68200
user8152593870350996479,57700
user7599987946373433928,70100
user6654749715700597364,165100
user3211716015046184253,66600
user1226902401449795803,95000
user8016847538361156573,84200
user1797704910287986416,62400
user5446819407278778116,54900
user763717315190141224,73400
user5570405389965078206,57700
user620703313838173280,54400
user8616898877634931954,84500
user4524805588780135860,65400
user6244699099874677620,98500
user3128772753664724202,58700
user6856922605747690603,95200
user5676354748302890682,59000
user8329761199375658755,56100
user6190444708416661889,61100
user8813265664638476616,57300
user4952262696441003549,59900
user339153423404606775,74600
user6922457803467448508,56600
user177954654487708555,57700
user2901695569907015311,204200
user5053857272584903324,104400
user4151489787969770805,63100
user1447613521651815669,54400
user62632932111360717,56500
user472453415423740792,60300
user6736914701352075084,64800
user2566222687840788055,79100
user834157010147008693,67100
user9042457788541536416,77900
user7994743047211243161,80100
user1934912808596405783,59500
user4844758358469980612,68400
user1675238848625967222,165100
user6167780256754608029,74000
user3798816911990739701,77500
user2459838270894046014,211900
user6816508445129636032,64000
user2931504360854740527,68000
user8544447901316288161,3387900
user6201715269209460478,73700
user2617470778815957449,69200
user6675734285826229880,63500
user5651792099886573595,60000
user5068257463937004932,56200
user3106886577732652673,64300
user795194170378589998,117400
user1464471870270320952,86300
user7105544320143172458,66200
user5753273591422960273,85100
user3804404699816446395,56700
user6327310961430782691,55800
user5322685281376035364,249700
user7133454914336634447,53600
user945352511016229298,60900
user1209825737613448637,77400
user7129316875533809428,67400
user1071839563575046939,68300
user8835370155788390028,63000
user2162768268084097005,58300
user4189551021931750487,70900
user77593083975602773,54800
user9090917894251701356,58300
user8984190260183906549,59700
user6065968937219620572,53900
user5624546696815580840,74500
user6893987248761846071,65700
user888411401605024424,54400
user2067092879591258904,68500
user3552435039643819638,55800
user5113586367261112652,80000
user4277303795408934901,58200
user7787542329850583676,57000
user5279814535318331319,61400
user5994409321238472207,58000
user3551875079131679190,59800
user6403669844038711834,58500
user6416060325855791319,58500
user8758232997450478554,90100
user4919105959716133431,56900
user2869098793694285641,60600
user3803844739304305947,61200
user4823773788344348096,59800
user3583133619102286081,58500
user6483606804937325548,60800
user2298296284856095028,61700
user8033364241685363291,82300
user7338975750160872588,61000
user4158074166743301713,68700
user4155056048964757590,57500
user3454531626398117531,80800
user6131275574252593009,55700
user1599999887042318975,66900
user2281997896749730193,83400
user5787538431876413501,63100
user9132108758772984057,71600
user1000726823498525925,55000
user3293662685479820090,58500
user5234714192681009067,71800
user3172534860059923675,58600
user7112458526915304145,58300
user1418924651728371349,58100
user7236386154895902800,53000
user4983304493020522758,57600
user8658649702668355103,56900
user6379337328135934416,67200
user8357006602446651510,64200
user858054467440856546,61700
user7833419376391134058,100500
user71786980932054196,59600
user764277275702281672,168000
user2366621039667611588,64600
user5358848318583751819,63400
user732458775219534333,83000
user4492987088297388521,280300
user8632077344717015893,78700
user1798264870800126864,57500
user2766727513647157736,120100
user5185259067849774114,56500
user2067311194809100787,63600
user3678809007595124182,111400
user3127871147858285189,64400
user5409423364439267668,78400
user1236056450270489282,113700
user3632028783421380586,89000
user4958181884092065223,67000
user2292148536518247886,114200
user6382903589130921201,104700
user6073443104503892707,102300
user7215619899988112167,64200
user3486008481586566305,56100
user4129043651525558828,63100
user4668256220567787570,62600
user7259828882287938991,64200
user7213940018451690823,88700
user8341268174852427123,94300
user2879031118244961451,62800
user1632814978472890528,95600
user1371254639043886526,71400
user4465076494103926532,82000
user2991564855356304835,55700
user4343275623564376572,61500
user2041080482152060142,92200
user4942661771715682719,73000
user1279145511546035210,65500
user1155011385643292458,95900
user3358296277393138982,76800
user4442080642616517692,54200
user6101353698697354696,78000
user1342224123826143641,59300
user5889579883924940627,82900
user5464797676921564295,75700
user7646424953426124758,93500
user8300512368940073987,88400
user3292429679848026097,71000
user1220318022676264895,82600
user2877363054004237893,51300
user2775881562467851215,77100
user1281603668812438885,69300
user4251851358481876587,99100
user770861654475812580,88400
user1198773492038491931,93000
user8267915592727344317,83900
user4089189451419644705,56300
user7485226184509226538,76900
user2280877975725449297,55700
user2253527342044127756,64200
user8943547538879066510,63900
user4281430016916062134,64900
user4167446530781837075,79000
user1155789661373274789,56700
user9176089180386025413,77600
user3585031815856549308,77300
user2822101826129454363,57600
user4158634127255442161,91900
user6658315976695584149,56100
user8757673036938338106,62500
user424896487346769066,66000
user4030361962549874390,58500
user8366938926997327320,58600
user7574865337444976393,55100
user202847130902626421,59300
user6163872350465322679,72400
user8203947191936494659,68300
user6103924940571271468,99300
user8731442324281297461,100600
user4355342559553285388,70200
user3699015301990774367,59200
user3519838263431089968,79200
user5820695168601283619,96000
user5372140406207270317,72200
user5312411311531060989,68800
user2718392309840203679,57100
user4891195365522671442,112500
user7517376084817328857,67000
user3327037737422532091,54600
user1422937788627985485,243500
user6575372715314124098,75400
user1507000971033726432,53500
user7450171251030093193,62000
user5598315984158540195,54600
user429364354148194864,66500
user4378785286945321579,58900
user2645039727715120873,60500
user1709515506375118236,65500
user3031087655636863978,64900
user2760703095385767276,62600
user8417513972852843169,61600
user6290246318416627223,57600
user2406691983164613393,61100
user3923852643699921466,59100
user6630405382502122160,83600
user7916144322554752226,71100
user5104432318440419173,53900
user8040290265753192764,64900
user5963927485171093446,81500
user8357784878176633841,90700
user406918217703982887,86900
user1808757155862943122,57500
user8770405164049716156,85800
user3849173642628413667,64800
user3547748857624551957,63300
user4150588182163331792,87700
user3134237211413974214,68000
user5130663031097459818,61900
user223271740516118489,63800
user4877355134682710282,57900
user1437121236588999411,57000
user9119936592173746455,60700
user6492979168975860910,58900
user4679308466142744276,60500
user1243200789556160638,69700
user2157522125552688876,61000
user8863622395276150582,59200
user6179952423353845631,76700
user4947689599029248965,59100
user3247660737036058825,58500
user4223049403950919170,69700
user1418023045921932336,58400
user5244864832449526760,53300
user9133446995015106836,80500
user5268649205135861516,61700
user5107998579435405958,56900
user7756500533271064467,55600
user4767061239619928690,61500
user8564872510929780229,65900
user3740996259537737185,55000
user5539923553897699445,61600
user3143951220746808141,95500
user4585986004305981064,57100
user8659427978398337434,60500
user6493880774782299923,64700
user3458097887393104316,54900
user6040286367779022589,69300
user181520915482695340,61100
user1797486595070144533,57900
user6016513812388385619,225300
user5262843102092312939,66200
user1025837615131285674,1528900
user8939981277884079725,53800
user7481088145706401519,68600
user2353328952044093090,62600
user8341486490070269006,76700
user4074229299555402649,74400
user3900080088309284496,100100
user6757899271477707600,55800
user5824273246891968190,66300
user254313537095637698,54700
user4893653522789075117,69100
user8494432815972912760,56000
user3882443463960796882,61000
user4513753343205179154,55200
user8293038201655801852,60700
user3810770763372135420,76800
user5385090848536490250,83000
user8747180751875521848,64000
user1896509929340127536,55500
user1856874044452055296,74900
user2222828762585661313,60000
user5118490864498222216,77500
user5327589778613144928,75300
user3398037392891540008,77000
user336925398651742769,78600
user6905817770066785108,63500
user2990444934332023939,54600
user8392061535925784855,54700
user665813901944439117,53600
user138431854207149412,87200
user6367725122048837262,55600
user2314034712450319415,59000
user2173260553146913263,142800
user8451230670089853735,74400
user2022323936779291632,71800
user3473058039257346372,95700
user7824606972864739144,56600
user2450341004952299769,92400
user8290020083877257729,61800
user7577883455223520516,91000
user4382351547940308364,69500
user6908057612115346900,53700
user8738026703054828369,58100
user2303200782093204592,60900
user2578613169657867540,57800
user1100528433498491259,62600
user8929034262919451805,62700
user8006013608004041750,76800
user4239119231370498537,54200
user4577826974606357598,82100
user5575091571984345887,56400
user8430464415182063102,77700
user6563760509227026944,101000
user8907271417063836958,65000
user8896219171488880252,88800
user2051354451997034517,57800
user7535789413069044601,90600
user1684063069448059922,57400
user1259280862444683590,65100
user2315154633474600311,61200
user4202843109555268985,59000
user8555718462109086750,63200
user878479077054348614,58400
user6844532123930611118,62800
user4996024802836203022,58700
user5520277220014189708,70000
user7814892963531905217,88900
user9030410523845509697,91400
user9132327073990825940,62400
user9032525463990860606,91800
user6111845983760170954,91000
user2907501672950563888,59400
user3211497699828342370,101500
user6701186722753288194,55800
user6998816686075377651,57000
user3027509577346179407,97300
user9174637859536389537,70600
user2172700592634772815,60900
user8317370717558579270,55200
user857152861634417533,62500
user3061899319702843518,60300
user4068423196511854072,91100
user5527316328689532278,58700
user6581291902965185772,70900
user4802229257706575132,59000
user4036168065593422967,61600
user4051564847893348789,60100
user7314083273745954722,60200
user1369014796995324734,60900
user448669042737406036,61600
user9198193671535938825,59300
user3649447092552026317,85300
user2380119625213274183,54700
user5207581874217529409,67500
user7428285075098021664,65400
user3360754434659542657,57200
user8495211091702895091,61400
user5700127303693527652,56500
user8822866589363797446,92100
user4223267719168761053,4515100
user7411986686991656829,59800
user9085111791208152779,85400
user461619485066625969,80300
user4565106664790677334,59300
user5472501976719376099,57300
user7106104280655312906,83100
user659106193094451527,77800
user7437439123918715143,62400
user3599991967720791364,59000
user5336743827433838407,60900
user5439905200506646429,68800
user1257600980908262246,61900
user1726032209699324954,54500
user5713077746022747585,79000
user2677076543415710095,62900
user230976040313930293,58200
user1482438322617409345,60600
user8106716823810446097,62700
user4123237548482010251,55800
user8627391162697748212,97100
user8254075361887383157,69200
user7008749010626053461,57600
user3457319611663121985,63700
user3345016007065318270,69300
user4618022820006570286,56400
user2099129695291848126,61300
user3553554960668100534,55700
user1551323037941066353,59900
user66759153618487950,63200
user7085107893233982604,74200
user2429574750044509136,62600
user5839233398756210246,54600
user5479976144003648234,71500
user8809139443131349383,59200
user8511509479809259926,86700
user1533686413592578739,77300
user2534185872140198833,88300
user8611652735103523825,88900
user3582573658590145633,70200
user3760414032734461454,59800
user7198761551369606884,77300
user96897772564813945,59300
user3209257857779780578,1009300
user780793979026488390,205900
user7682712892537052096,64400
user6032033924764768123,61300
user7883547546342022556,60500
user188446939550524813,63100
user6368845043073118158,63500
user5599435905182821091,55600
user427124512099633072,145600
user2425448528537381903,83600
user3127652832640443306,72900
user3775934145110843958,58500
user356571732535252506,56700
user5457871652853734822,59500
user5689075058118570946,55300
user1120174767382000996,57800
user2050234530972753621,54400
user5520058904796347825,60600
user3948975252628379001,71600
user4103372899380658631,61700
user1326485696231919254,57100
user8421080233847829954,88500
user2411938125696021522,57700
user6564880430251307840,92900
user6142109504609707832,63500
user2112753182740721604,90500
user5465015992139406178,270000
user5612156214998501355,88800
user9197415395805956494,95000
user8621926704948498200,77300
user6522569644705744243,68200
user7175318823977570693,66500
user8979722393382480751,55600
user8608634617324979702,60400
user1337537941806875960,70100
user1487684465148817474,63700
user405020020949719660,77000
user8530047709964186553,59300
user1995420179002597442,63500
user2098569734779707678,92100
user3460337729441666108,71700
user9099730297778096270,60400
user6077021182794577278,65200
user6054138415914681535,62700
user3111354444534078471,60100
user8358904799200914737,125200
user6365266964782433587,99600
user2198931305291813460,56700
user203065446120468304,95900
user1509788956298730886,61900
user7264515064307206672,58400
user3359416198417419878,114600
user8654181835866929305,103600
user5460329810120138497,82000
user7939928695241086982,77100
user7039790807205572670,55500
user3508112972736479717,113900
user1924980484045729973,59400
user8759352918474759450,60500
user3419695008136826069,55200
user5509006659221391119,57400
user5552987080834432475,60900
user4130723533061980172,92600
user3726925896184236356,68700
user1810437037399364466,79100
user7373252407910023602,57500
user8698285587556427343,3102400
user1462791988733899608,52700
user8150365845598132473,66600
user6692705719052248260,58600
user6938527630887027875,94300
user241581409984259648,75900
user9158339471430024702,120300
user2753777071317937803,63500
user917660232040609192,58000
user7709503565706233189,71600
user9000147002995972819,71500
user3396139196137276781,111900
user8863280749981852017,56000
user703428260001791448,78400
user6960413806819099404,58500
user5851623880573289731,99200
user6895107169786126967,60200
user3413888905093277492,70800
user2831815835462288290,61000
user399773878418311531,81300
user5929102684205499770,56700
user804018391200682698,56800
user296064362129060847,60100
user5134789252604587051,62600
user8858376252744742453,60900
user8451448985307695618,57200
user7757951854120700343,130500
user8539201758784880032,55300
user8958177862744707787,77400
user5359408279095892267,56400
user461401169848784086,54300
user3494602569895119336,129900
user4400329817583094543,61600
user3465023911460933789,68300
user6997136804538956307,83800
user4804344197851926041,58100
user487185006601197380,247700
user1719447830925794046,84900
user8234085810882820654,58900
user1123192885160545119,76700
user3459217808417385212,101900
user7538142339725119490,80300
user6037280067296176252,62300
user2721398610323050016,58600
user9086779855448876337,60400
user7319889376789503299,57900
user5906438232543445910,73600
user4449224981902189048,61200
user5952315279083996292,89500
user60393090062798925,157800
user2641473466720134088,62300
user4162200388250428946,113100
user5194071471376169028,70300
user2131166510992437348,56900
user974714426059327163,103900
user919900074089170984,101600
user8166664233704497308,84600
user4481374882210291367,90000
user4452012967167193502,72000
user4959520120334188002,56600
user877919116542208166,60800
user496569187935430528,58700
user3485448521074425857,104800
user2848332538786495008,69200
user5003729102634014826,58300
user317608892766833811,57400
user2217582620054253184,60700
user2028130039822840209,93700
user2321739012248131219,57700
user2632089285385900940,70700
user3725805975159955460,62200
user9125182734705154584,58900
user1143617494774037187,64100
user402232035684715206,56500
user6505151335575098512,56800
user6607522615622226417,57500
user8186870528100147493,67600
user8065401057385952513,81000
user3166615672408862001,58600
user6691814358714752832,56600
user3299127143229070102,74700
user6283880254860938198,63200
user2616569173009518436,100400
user730560578465271106,54000
user5339201984700242082,57600
user8681532469548250846,59900
user5987151897345287754,60800
user3861677209053006249,55100
user4675182244635617043,58900
user7098618296075342985,58900
user4085623190424657920,61600
user13177807280125764,59200
user7773471966497082847,73800
user5778166067837878139,57600
user2513979577744548648,87200
user1333959863516191389,60700
user2990786579626322504,81900
user311242829211144786,59900
user2413276361938144301,61300
user2381021231019713196,64800
user6402001779797988276,66000
user1788332546249451054,58800
user7560465146092874785,62100
user8156171948641681050,62300
user7736635884169712847,94400
user8916083820590231872,56800
user4054364650454051029,65200
user466865627598034098,71600
user2708895043898457434,57700
user5017569333473975986,56000
user2167454450103364686,62300
user4639007390132202802,74600
user6294154224705912573,62600
user7197081669833185540,57000
user722526450668858523,80100
user5775378082572873685,126300
user39408519937166409,61200
user5278363214468695443,60900
user2635107403164445063,90100
user4404797684384520341,59400
user1678816926916651793,64000
user918780153064890088,142500
user2904153727173418986,73900
user3206469872514776124,108000
user6493539129488001358,56200
user1484336519371672572,65900
user539439933993134573,79400
user7572637312692112387,55200
user1576775474868124667,93700
user128499529656473602,100000
user4986092478285527212,74300
user4349081726607925149,84900
user7246318479446578610,70400
user5697899278940663646,67900
user6657756016183443701,86100
user5085115812555510215,81300
user8143439821530303000,78500
user5936016890977631457,76900
user370755180496266432,64700
user7803840717956948511,69800
user3871278133778327079,59200
user6064289055683199228,81000
user6278975757623828634,254500
user3019475449549766824,158900
user5348356033520935561,60700
user2121234186441761538,54500
user8835930116300530476,58500
user8516537307122826172,73800
user537200091944572781,79000
user7688518995580600673,85300
user6896445406028249746,79600
user4715366272740131945,112000
user2820308859985519922,59600
user9188821307497403463,62500
user3904206309816411729,76900
user131847475433618504,75300
user6657537700965601818,91400
user5018689254498256882,61600
user7104206083901049679,59300
user55146947531390796,61300
user2238567190179885700,70400
user5602223890447825545,84400
user3342776165016756478,54500
user6618014900685042675,61500
user6895885445516109298,55100
user4529491770799403541,66500
user2001557681871500999,66100
user6298840406725180254,71100
user4048558547410502452,66900
user6031692279470469558,55600
user5255138802294501135,83200
user2089415685959014199,61600
user2153944047262004305,58500
user6309892652300136960,59500
user3332283879953940220,60000
user8465289216147656778,63100
user4653637713997844079,66700
user8294706265896525410,60300
user3268097163945248679,58900
user1708955545862977788,57000
user4856370564557077766,88100
user1009539227024920839,98000
user5485782247047196811,58100
user8670261908755452257,63900
user5685167151829285596,88600
user4177160540114671002,76200
user1823157347215044730,60200
user6619913097439305902,59000
user2650627515540827567,57700
user1187161285951394777,60800
user8533955616253471903,72300
user4541322292104342578,82000
user302430425684749872,61000
user2072557337340508916,61300
user5207363558999687526,63000
user3871496448996168962,60900
user5386198952265073360,54500
user5230806286391723717,52300
user3004296982467682885,59900
user5409641679657109551,120600
user2492995007618916132,85900
user2224943702731012222,60400
user7497386533812766354,70200
user6482268568695202769,59200
user1561255362491742163,108000
user3009543124999091014,91000
user4334576304645494755,62500
user4933849368189287805,51800
user8192116670631555622,99700
user8175818282525190787,58800
user789388067335041421,71300
user3991504353391784481,75900
user8531155813692769663,64000
user424336526834628618,59300
user4215003458858808801,65300
user3519506863605734988,61400
user7585917583019933099,56000
user184868861259840242,67500
user6275627811846683732,58700
user187327018526243917,62700
user3238288372997523463,63200
user2198153029561831129,76400
user1588387680955221821,55800
user8485838727664359729,162200
user8408359924032149690,87300
user2866870768941421635,60100
user6679860507333357113,84500
user6266803591024591032,62800
user8280306074544423802,86100
user3328717618958953435,60200
user2760921410603609159,68400
user4464858178886084649,59800
user6188764826880240545,88900
user4256319225283302385,120600
user3110234523509797575,52800
user1942057147882077139,55200
user4367173080858224425,300400
user7356954019803658767,80700
user7324015598296630532,55900
user946025556135882843,56900
user4967006104914157923,66100
user5831747414176240325,60000
user8483380570397956054,65100
user8099790799742616624,100800
user4292482262491018840,63900
user801560233934279023,93900
user3297675822379434226,60100
user2897009387887747630,68400
user8735568545788424694,63400
user7874953458033469525,61600
user3134578856708272779,56700
user2639793585183712744,89200
user282224131289099687,58500
user7004622789118926228,57100
user957077801710839549,82600
user8003442366130124978,59900
user6520889763169322899,69000
user59054853820676146,66200
user2352655906924439545,56200
user1343344044850424537,57600
user8050222590303868574,65300
user7074055647659025898,59500
user813390755239218060,57900
user7286172679552492733,62400
user8818853452464183310,78100
user1992185317832965637,105500
user7122402668761677741,59700
user8813152580030963519,72600
user6644257430637781106,67200
user8521783449654234301,64800
user4981624611484101414,65500
user8679634272793987619,66200
user2756235228584341478,90400
user1495170449728787395,60200
user8038050423704630972,66700
user7402054362440981019,87500
user8648375732823380728,78100
user2241242090837377057,111700
user4014063574443509555,59400
user9104758125091662516,59400
user7642070171232212057,66600
user8304090447230758558,54000
user199499185125481519,58100
user8302192250476495331,63100
user5655918321393700828,95200
user3436895002049629917,89300
user1054308169836888111,59700
user5790338234437115741,81200
user3359634513635261761,82200
user6176604477576700729,57700
user8484158846127938385,108400
user802338509664261354,64000
user5221982065569631017,74200
user5271437190400865970,83700
user4278642031651057680,70200
user1469158052289588633,56900
user4629293380799368875,61100
user5725249912621985187,53900
user8678639253672917606,58100
user2193125202248264883,94100
user563990765113753874,52800
user553498480050937616,83500
user531393988901024204,111000
user1082550163855705080,70400
user5973424751112839691,68700
user6879027096897604015,82300
user6013495694609841496,68200
user8630179147962752666,57700
user6984976455235416491,76000
user5806294977249182011,61400
user8631859029499174010,58100
user9031405542966579710,57400
user2520345641300237673,60500
user708456087315357694,89100
user4209757316327400672,71000
user7082101592751136267,71600
user6883713278916871696,58100
user3497620687673663459,109100
user7912018101047624993,69300
user7082879868481118598,118500
user6217795342097983430,57800
user7232478248606617450,109800
user3425282795962532763,101400
user6928263906510997085,73500
user5850503959549008835,58800
user27577998632227372,87700
user1019483368871294435,58200
user4502919412848064331,59900
user3486568442098706753,55100
user7934682552709678853,55600
user4074789260067543097,61300
user8278967838302301023,60000
user8680754193818268515,55500
user2895889466863466734,76700
user4379893390673904689,59800
user7373470723127865485,58100
user3962255522956199713,78400
user1512028798347292678,57400
user6720616313245710249,59800
user8973356329826791726,172800
user8720950039218481203,67400
user6481926923400904204,69300
user5756166807298293513,74800
user5484114182806473253,84600
user6744388868636347219,364800
user2540210290401589293,102900
user8457368172958757292,57600
user5311291390506780093,96700
user6163654035247480796,59600
user2161088386547675661,187300
user5012323190942567857,62700
user6862510393573397297,90100
user5458431613365875270,78100
user4056592675206915035,58700
user6275067851334543284,60000
user4783017982431994960,104700
user3270885149210253133,85200
user6425214374676484798,72600
user9083431909671731435,57200
user2593013361009969148,511500
user3720559832628547331,58600
user7355834098779377871,166200
user4067084960269731293,242400
user6877907175873323119,60200
user653081774833061067,62600
user6184638605373113312,57800
user1372362742772469636,59800
user5185477383067615997,53800
user1244320710580441534,66700
user7209813796944563590,61400
user5041353706160310742,209800
user1570969371824576090,89800
user8007693489540463094,125700
user4491867167273107625,86100
user2156402204528407980,57700
user8789709852638927328,100200
user1230810307739081153,105300
user3957009380424791584,89900
user3169186914282778773,58100
user170810315202037199,59500
user7916922598284734557,79600
user5601663929935685097,59900
user7834757612633256837,60000
user4961759962382749794,59800
user8736688466812705590,59700
user4644253532663610931,57400
user2654193776535814352,57500
user6983078258481153264,56600
user4780011681949148623,63700
user3941830913342707645,55600
user2876803093492097445,79900
user6935521330404181538,66900
user5811541119780590140,54700
user9004614869797398617,80200
user3953101474135506234,127700
user2944784631182561239,115700
user7582569637242788197,83300
user8267355632215203869,83100
user8678526169065404509,77800
user2429916395338807701,57100
user4607748850161595911,66900
user4075349220579683545,181800
user8386255432882236278,122600
user274738146709129766,67000
user8406680042495728346,99600
user8140981664263899325,76400
user364949077452717855,60700
user9210147522917334544,101700
user6355334640231757777,57600
user2929046203588336852,84500
user744630941818771935,54100
user1028077457179847466,57700
user7893366786285185269,69400
user1593852138704471833,62300
user3046939167838601462,58000
user6635993170327828854,63500
user5438007003752383202,62200
user472784815249095772,280300
user6032812200494750454,58700
user4530051731311543989,74600
user4630973262335790219,137300
user5156115468024518132,60900
user7506210754634859054,59300
user8770063518755417591,61800
user2276970069436163947,67900
user5278581529686537326,61100
user7989042174778023370,86700
user7120504472007414514,55600
user6777545605361217337,58500
user4894773443813356013,56800
user1925198799263571856,64300
user4427120490752275636,90800
user423776566322488170,59200
user8971458133072528499,89900
user930505443759500339,108100
user5120170746034643560,58600
user1946743329901344820,108400
user6944333733930576452,84600
user6442072723294990081,57600
user9599728989441193,83100
user6357232836986021004,86600
user8504925101035729018,65400
user3705941326058603840,92000
user6973924209660459785,90800
user3424722835450392315,58900
user1478872061622422560,60700
user5174425137492659291,55800
user549372258543810383,72400
user5698459239452804094,75300
user4908613674653317173,57400
user557076558341622187,56900
user6719278077003587470,58000
user8427446297403518979,72900
user291596495327635049,61400
user8231192595007487414,77300
user6845652044954892014,58500
user9121274828415869234,62200
user6519551526927200120,77400
user7635932668363308500,56500
user9009861012328806746,60500
user3332625525248238785,56000
user126601332902210375,74500
user2468090713908300480,90300
user1308849071883431640,76200
user8768725282513294812,91900
user2200051226316094356,62100
user3695449040995787582,62900
user1936251044838528562,59100
user8947685577681891529,57500
user5462009691656559841,54200
user279984289240537895,68000
user1655032554230317037,57400
user7246536794664420493,50200
user6804896239042538878,54900
user8042518290506056770,86600
user5564599286921529629,83600
user1513367034589415457,65800
user6463617253932763045,53700
user5661724424437249405,216500
user882057155345033185,97200
user7087006089988245831,62100
user6234766775324001810,60100
user578061128467254703,93100
user6970906091881915662,65400
user6860270551524835505,83000
user314260946989688909,59500
user25898117095806028,55400
user8511291164591418043,55600
user1335858060270454616,73300
user8290580044389398177,62700
user1799384791824407760,62800
user3380400768543052394,64400
user8880699059112497748,78000
user7303590988683138464,103700
user2937423548505802201,101200
user9132887034502966388,84600
user6326751000918642243,324000
user6959853846306958956,57100
user1869824486781275229,71100
user3621536498358564328,82100
user653860050563043398,53100
user328101177829650069,65100
user6869654732859068653,58100
user3722799674677109123,144200
user1985487854451921632,57600
user6656977740453461370,82700
user2318160933957446648,65200
user2111861822403226176,59300
user6635433209815688406,71800
user6156728011179651323,108400
user648613908031635269,57700
user6062390858928936001,60300
user153951966583531916,88600
user1550203116916785457,62500
user414404202283952808,60300
user422438330080365391,62600
user8908609653305959737,61600
user6802781298897187969,59900
user3042139901211820684,57800
user1604126108549446208,64600
user7471155821155725709,63200
user2848892499298635456,99900
user7822927091328317800,68600
user1473284273796715866,59500
user66540838400646067,55500
user6278415797111688186,144600
user8882927083865361754,1343700
user2252967381531987308,95100
user5985472015808866410,59900
user1531893447448644298,58000
user2078145125166215610,56600
user4970914011203443273,58900
user3605798070764339941,82400
user6691254398202612384,61300
user6783911668916906362,58100
user4025894095748448592,56000
user7087907695794684844,68000
user4389837532520278285,59600
user8407021687790026911,59200
user4300186562288830644,64800
user8050782550816009022,80800
user9098952022048113939,57200
user6817628366153916928,54400
user764495590920123555,109200
user5346687969280212003,74200
user1021711393624158441,73000
user6436266620251441504,92200
user289698298573371822,56800
user1949531315166349274,66100
user496009227423290080,60300
user2628181379096615590,76600
user8461162994640529545,55200
user8896437486706722135,52900
user1828963450258593307,79000
user8924348080900184124,61500
user7951199256033885571,438300
user2412498086208161970,59300
user8518435503877089399,104700
user4981966256778399979,157600
user2056600594528442646,61300
user6535289954521424507,59600
user4891755326034811890,76400
user3848831997334115102,66600
user7019241295688869719,99900
user848340458108022619,99200
user7145615263640174263,58100
user9214833704936602225,57100
user8243583076824566899,58400
user3463125714706670562,74700
user3029749419394741199,67900
user3585591776368689756,60900
user674066344958693583,70100
user1989832391176890748,82300
user1662518538810286958,77600
user6252963360184629872,58900
user1700921418066565205,67800
user2197593069049690681,59700
user814292361045657073,59000
user3021703474302630830,55700
user5883213820369251602,74300
user6645925494878504664,74100
user5877749362620001590,92200
user297184283153341743,58400
user6213887435808698080,59600
user8192334985849397505,54600
user4642025507910746925,95100
user1836107789544264663,58800
user3806302896570709622,70600
user6143447740851830611,54500
user1713641727882245469,56500
user3777614026647265302,54700
user643709410794525705,60300
user7893479870892698366,113500
user6028126018475482773,62100
user4265131628809697299,81500
user8179944504032318020,58700
user4266251549833978195,60700
user631537244195288103,80200
user3959249222473353376,54100
user3892594103729314575,56100
user6652509873652035572,93100
user6709564067670753543,77400
user6999936607099658547,83500
user2138765580179920366,62200
user8382677354591551707,59200
user652521814320920619,58600
user4793291952276969335,58500
user5364654421627300396,83000
user3395579235625136333,62200
user7763539641946407037,65000
user1360202393468929820,71600
user257661482872782600,62800
user8514857425586404828,58900
user3036333798168272107,60400
user7119944511495274066,95200
user8848102282899768078,64500
user5911684375074854039,59900
user3131779054147570539,60500
user3751601629208066540,55200
user5343669851501667880,63500
user6325196021285431782,127100
user3192399509161275295,58200
user2908061633462704336,56700
user2390953555570389006,90500
user7218967845765257069,60500
user1585599695690217367,86800
user463972411722700858,103500
user5498514374158574861,69100
user6679082231603374782,60600
user3674122825575856501,59300
user3772367884115857173,62400
user3962815483468340161,55800
user1064800454899704369,56900
user3479424102813035397,123700
user1251794877864713669,54300
user6544114175343517207,76400
user8507943218814273141,91300
user6520671447951481016,68200
user8461381309858371428,143400
user7430524917146583456,58100
user3905886191352833073,76400
user3777054066135124854,67500
user6417180246880072215,98300
user6140429623073286488,66200
user4179058736868934229,58700
user6988542716230403276,70900
user4882601277214118411,61100
user5986031976321006858,63700
user8885166925913923546,64700
user6139309702049005592,59800
user5004849023658295722,64200
user27018038120086924,68300
user3676910810840860955,59600
user289138338061231374,57100
user703656820688576916,82300
user5811322804562748257,68700
user5263963023116593835,75300
user8687120257373957540,89400
user7110230502162440139,55800
user3176547996959537811,93200
user3814896984879262653,64600
user6090301453122397990,60400
user4382133232722466481,56800
user2164996292836961011,60200
user2264579587619084462,72400
user4606970574431613580,83700
user5173305216468378395,69300
user3195977587451959866,62400
user8428224573133501310,62000
user1840575656345690461,62700
user4282549937940343030,74400
user4337251205302986112,84600
user8778657607063970622,61400
user7000154922317500430,58400
user5685508797123584161,69800
user4521457643002990958,53800
user2528379769096650256,56100
user7390329071746370768,57000
user469218554254108987,108600
user575602971200851028,77900
user6616346836444319117,57200
user8305758511471482116,55800
user935751586290908468,60400
user4289694277226014386,76600
user1984927893939781184,90200
user518673679085343940,63000
user2372975285927602827,58100
user6610540733400770540,70500
user1279705472058175658,57800
user8076453302960909219,119300
user8115310912118999128,65300
user3551096803401696859,80300
user3596644021943646462,70800
user7214499978963831271,62400
user5482434301270051909,95700
user6542434293807095863,65600
user9043577709565817312,67900
user1635167905128965417,57200
user4757347230287094763,90100
user1820151046732198393,65300
user1611270447835117564,95800
user4551036301437176505,63800
user6086175231615270757,59600
user7435771059677991585,60900
user263467585916331177,71000
user7096160138808939310,58300
user891211204165726664,80000
user2574600032758253404,55400
user8818180407344529765,80600
user1096402211991364026,56400
user6162534114223199900,97200
user1972755727340543582,108500
user4415508284665178482,56300
user2771973656178565865,62400
user1084230045392126424,59900
user4700966081388030337,75700
user3788106311710081560,59700
user6758459231989848048,70500
user2540770250913729741,65700
user654420011075183846,54800
user2710346364748093310,59200
user1359082472444648924,83200
user1221656258918387674,63600
user7713971432507658987,105300
user3619868434117840770,87900
user3734630195982048160,58100
user2984980476582773927,57900
user2869877069424267972,240100
user2551262535976545999,84500
user8440178424514897029,79500
user9022033178928044348,58100
user2689030394797105814,65700
user3227454442640408640,78300
user7685500877802056550,53900
user1774709058800577576,63800
user2073117297852649364,63000
user423558251104646287,75600
user7324575558808770980,56500
user7702359226420561833,76900
user3551656763913837307,63600
user3503986751229352484,58300
user1424730754771919926,68300
user5427733033907408827,73000
user701976939152155572,61800
user5974419770233909704,70100
user7207915600190300363,83100
user2734130737434428066,59300
user4639567350644343250,56800
user2975266467249940000,66600
user6350648458212490096,60600
user3976885846821840990,84800
user4190110982443890935,119100
user3913920319149245656,106900
user6124691195479062101,56600
user7098959941369641550,62900
user4777771839900586831,62800
user8610314498861401046,56300
user8710676069373506828,73500
user2885957142312790924,104700
user8659209663180495551,89900
user1931004902307120433,56800
user4161640427738288498,223200
user3997092141217491175,55500
user6815948484617495584,55200
user3260051218853138310,57100
user9072721309391073294,61600
user7009308971138193909,85900
user8212541280245047690,84300
user7134563018065217557,86800
user2733010816410147170,104900
user6285000175885219094,56900
user4200944912801005758,129500
user2667704179377174733,57400
user392299711134039396,60500
user2596704523908166816,88700
user7350587956247969742,140600
user843094315576614490,69300
user9123514670464431026,79400
user7324357243590929097,71900
user8445642882264147041,56600
user186767058014103469,59700
user3622096458870704776,55900
user8214221161781469034,72100
user4519217800954429166,85400
user3007644928244827787,62800
user2242475096469171050,75500
user5504538792419965321,55200
user975274386571467611,58700
user3937144731323439964,58100
user8090305351096568165,60300
user6514305384395791991,76300
user7998196223598716849,76200
user4203951213283852095,71500
user3187713327142007614,71500
user2275631833194041168,58400
user3914138634367087539,56500
user5967505563461778017,66900
user2099689655803988574,62400
user3981353713623266788,71800
user6501025114067971279,88900
user3424162874938251867,80300
user1006532926542074502,56200
user1241862553314037859,61400
user3513919075780028294,58800
user4959301805116346119,76800
user4326977235458011737,56700
user3713645625856415644,59200
user1699241536530143861,92300
user3044367925964684690,65300
user6980838416432591472,63600
user7743333347550756852,60100
user1143399179556195304,64300
user598380507470417985,123800
user190115003791248371,74800
user2777001483492132111,63100
user2573367027126459411,75800
user9065795285323243821,57200
user3237168451973242567,57000
user5751262310061183949,148200
user6949579876461984581,85300
user8170572139993782658,62000
user7450389566247935076,55200
user5092820112353322019,73800
user3673344549845874170,60600
user7691525296063447010,80700
user6164213995759621244,58800
user8682652390572531742,74300
user1594193783998770398,104400
user10937965231563972,48400
user7988823859560181487,62300
user2216909574934599639,56000
user6746628710684909011,66100
user6835378075109917639,72800
user176616418245585776,63600
user5332835921144553057,73100
user7260936986016522101,58400
user6858602487284111947,59600
user38630244207184078,87300
user3552995000155960086,78900
user1287522856463500559,61100
user6791615968714718166,141400
user4746294984712138057,177200
user899463647179981130,78800
user9187141425960982119,67900
user5926862842156937978,58200
user423216605810347722,122300
user7312963352721673826,100800
user4543002173640763922,99600
user853586600639430748,64200
user5497394453134293965,53200
user7471934096885708040,54000
user5281929475463682228,80300
user505163276243983559,71900
user4768399475862051469,60200
user2552942417512967343,59600
user7565711288624282914,55100
user7290298901059619966,58400
user8824317910213433322,57400
user301870465172609424,57100
user5113244721966814087,60500
user1286289850831706566,58700
user6752093168434159023,106100
user4210317276839541120,57900
user4871330716421319822,56500
user6128704332378676237,84800
user8609194577837120150,69200
user6179392462841705183,71100
user8043638211530337666,67400
user5653690296640836822,59200
user3107446538244793121,105100
user3405076501566882578,58900
user985766671634283869,57500
user6097787437702367911,92400
user7449829605735794628,239700
user680432408514382608,59900
user2975826427762080448,145000
user8089185430072287269,56500
user4440400761080096348,109200
user7218626200470958504,62700
user2162208307571956557,71400
user4156735930501178934,106400
user7863228167338859274,88900
user2051572767214876400,63000
user4729436636093632774,57000
user4541103976886500695,79300
user2479142959483257186,56700
user8583182180397921388,58600
user98577654101235289,61500
user4997922999590466249,77100
user8080361209250194569,65300
user6755441114211303925,83500
user5857429983616838308,52900
user7347799970982965288,85500
user3155563426833905295,52100
user5283609357000103572,55900
user6863288669303379628,105900
user2110181940866804832,61600
user2956509921877171490,85300
user5329829620661706720,91200
user990234538435709667,56000
user7439678965967276935,66000
user8736128506300565142,60400
user3915818515903508883,77400
user676306187007255375,92000
user973594505035046267,85500
user7712851511483378091,69000
user4706772184431578914,105400
user2267597705397628585,75400
user7836997454681818629,60800
user1661180302568164179,66600
user3075409722544203899,59000
user6300738603479443481,60100
user4084503269400377024,76700
user4072331102801139422,61400
user2692036695279952151,56700
user5042473627184591638,66200
user9188043031767421132,121600
user3053305231394290487,50900
user1921072577756444623,249900
user5113804682478954535,59000
user2931057484950113176,66500
user1331171878251186935,56000
user7693205177599868354,57500
user4199824991776724862,88400
user7219186160983098952,60000
user595592522205413531,60600
user6288908082174504444,98600
user7828733194371866377,138800
user4363595002567539854,93200
user6996028700810373197,60500
user5030301460585354036,73800
user7136461214819480784,50300
user7257370725021535316,63200
user5223101986593911913,61000
user2734690697946568514,58400
user166902408912751849,59000
user5975539691258190600,66500
user5657256557635823607,62300
user4584971313892028954,60900
user8480032624620811152,84800
user3865472030734778502,73900
user6504373059845116181,95400
user1495388764946629278,57500
user4290814198250295282,146700
user5475289961984380553,67200
user1913586593176474702,82400
user4668597865862086135,58100
user617697013355326943,59900
user968908323015778586,90800
user7549972861030058527,52800
user1803852658625833558,63100
user8895659210976739804,95200
user5002950826904032495,59000
user7235484549089463787,64200
user5889361568707098744,80000
user4394523714539545966,62400
user2890083363819918157,62800
user2151156061996999851,141800
user9088678052203139564,103000
user1498736710723774180,78800
user1282723589836719781,58700
user7938248813704665638,59500
user7146735184664455159,57700
user2266477784373347689,84700
user6858042526771971499,56900
user3585373461150847873,71000
user5199317613907577157,57100
user1549984801698943574,76900
user380687505046942242,56400
user5032872702459270808,59200
user622383195374594624,57700
user2858606508631469383,114400
user7696553123377013256,88900
user3489356427363711207,54400
user5684948836611443713,60100
user4283109898452483478,248200
user2439288759377343063,194300
user8755445012185474100,371000
user5915592281364139389,71000
user4280870056403921686,74500
user8502697076282865012,86400
user675186265982974479,95800
user7120162826713115949,61100
user5746016167529775820,109000
user2408030219406736172,57900
user4004909525622816076,84500
user9180557047187451211,87400
user7908110194758339643,109000
user1276357526281030756,58800
user4541882252616483026,57700
user2850012420322916352,96900
user8401993860476460665,80900
user7374030683640005933,86200
user8044416487260319997,71200
user6476462465651654192,65300
user8164424391655935516,98600
user4127032370163782504,104500
user8336800308051001325,59200
user2440408680401623959,76400
user296624322641201295,78800
user7460103575580769003,58100
user8043856526748179549,71300
user1154669740348993893,77500
user5048611130053495195,71600
user770083378745830249,64800
user405579981461860108,79800
user8381569250862968597,60700
user4866084573889911693,82600
user1457327530984649596,62800
user1436001315564718515,62600
user1258720901932543142,101300
user6937076310037391999,74300
user5337863748458119303,66300
user5734622276660520549,62600
user7258708961263658095,71000
user3711965744319994300,56100
user3222549945403299076,82000
user4947907914247090848,69100
user5509566619733531567,59100
user6895325485003968850,54300
user7589495661310617670,77700
user8641791354049849820,61700
user1001286784010666373,100200
user4545230198393627928,62100
user4781679746189872181,60500
user7174085818345776700,85700
user3145849417501071368,63800
user7481648106218541967,67600
user8275619892525156121,55200
user1605246029573727104,54300
user507621433510387234,68400
user5927764447963376991,66900
user1594753744510910846,55000
user3715313690097139202,79400
user1200111728280614710,59800
user4065416896029007735,58300
user2363042961376927017,78500
user6200936993479478147,62800
user2517887484033833998,58100
user5075961763734816736,60200
user3722458029382810558,62900
user6268483472561012376,76300
user7666974464942827709,56900
user5344448127231650211,99500
user3590837918900097885,104100
user1291877638657413260,60300
user6042184564533285816,59800
user4958741844604205671,61000
user6407247922329396405,88500
user8721728314948463534,60500
user6994348819273951853,61800
user1748136700849238366,71100
user1805190894867956337,69400
user1345572069603288543,63000
user6939429236693466888,135900
user1803292698113693110,81800
user4617462859494429838,73700
user288030234332648264,57800
user5236052428923131846,58800
user4554054419215720628,82600
user979960568590735292,97800
user6142327819827549715,90100
user2695167897666009371,84300
user5514471116970641131,59200
user9220298162685852237,91800
user5680480969810017915,58600
user3759522672396966026,63200
user7219746121495239400,214600
user8908049692793819289,75300
user4473557497804966466,60000
user7356612374509360202,81400
user4053244729429770133,56000
user9006294751333819961,54100
user8403113781500741561,57500
user5481656025540069578,113700
user2150596101484859403,61900
user5861556205123965541,60200
user6170238414021011704,86100
user4552156222461457401,69000
user7483546302972805194,77000
user4970572365909144708,122300
user6866854930298366413,88100
user2176826814141900048,67700
user4518439525224446835,64300
user6390949534223031570,69700
user8132387575955346294,56200
user3484670245344443526,61900
user8859714488986865232,96300
user2530837926363053931,82700
user8402553820988601113,63300
user6482828529207343217,78900
user3418243687287190193,64800
user5566279168457950973,58300
user4566774729031400892,86200
user1494610489216646947,59400
user5254018881270220239,67400
user350205668979563481,84400
user8032804281173222843,60100
user8609972853567102481,70000
user1169069931701095501,56700
user7462001772335032230,89600
user5465575952651546626,72600
user9220079847468010354,55400
user7572077352179971939,57600
user3964153719710462940,57300
user7724463717570475245,86100
user348090728834212572,86100
user2742724825742981097,56300
user3200103808959087099,102000
user3119058744331890275,58200
user2994352840621309289,78100
user6270381669315275603,55000
user1066251775749340245,63200
user4263463564568973741,73600
user941557689334457045,88500
user4453351203409316281,89200
user7714749708237641318,85000
user3997310456435333058,86300
user480270799829065693,131400
user8280087759326581919,71600
user4414948324153038034,80700
user5953435200108277188,56400
user5976317966988172931,70800
user3349702189084585951,78200
user7362418477552908779,55200
user6279535718135969082,71200
user6107719762253043721,58800
user3809650842347854524,57700
user2528939729608790704,55700
user5124078652323928910,79000
user1044594160504054184,59400
user8515417386098545276,58900
user6191004668928802337,55800
user5197649549666853599,55500
user1004293084493512710,62400
user802120194446419471,80500
user5020369136034678226,96800
user6304646509768728831,54600
user8048324393549605347,74100
user7698451320131276483,76800
user1729940115988610304,84400
user1004853045005653158,61600
user3749808663064132099,123600
user6063510779953216897,68900
user4028682081013453046,54300
user4893093562276934669,58100
user8658089742156214655,99400
user604746571026107010,65000
user2468537589812927831,59500
user4413050127398774807,65300
user4276183874384654005,88500
user845322340329478496,79900
user450567239491669263,60500
user4678530190412761945,960900
user412724320747531464,74600
user7699011280643416931,61200
user3584253540126566977,116400
user774987875982939813,80400
user6801548293265393976,77600
user224951622052539833,77700
user2859166469143609831,60900
user5088133930334054338,58800
user7339535710673013036,58900
user2872116911472829764,97300
user8119324049018613264,70900
user9063007300058239367,68000
user5933010590494785120,52600
user7924408582864704478,66200
user2516207602497412654,63800
user3877415636647230636,57300
user3363542419924547111,57100
user6621592978975727246,77000
user2894221402622743176,97500
user8595914307509299438,58800
user8699623823798550122,78500
user8859154528474724784,94400
user3835881555004895169,169900
user5779285988862159035,84700
user5584805581317179814,59800
user7028625477023102867,85800
user3059111334437839064,67100
user7635372707851168052,65600
user6042744525045426264,57800
user7647657959057918751,87400
user2039182285397796915,61100
user3463685675218811010,64700
user548252337519529487,57200
user6751874853216317140,94300
user4036946341323405298,87400
user6301858524503724377,60100
user8428566218427799875,96300
user6646485455390645112,207100
user5124856928053911241,83200
user5219754040816767011,79600
user2539432014671606962,57600
user2279758054701168401,59000
user8577376077354372811,80900
user6834039838867794860,59300
user4229186906819822727,86400
user538879973480994125,52900
user1510348916810871334,54600
user3444039341335301273,102800
user3085342047094879709,71800
user9140373019082936309,74900
user1824277268239325626,63200
user265925743182734852,71700
user3468371857238078691,91100
user3524524445450357649,147200
user7610480231436250186,60400
user1325925735719778806,61800
user3300247064253350998,90800
user4416628205689459378,58200
user5019809175522537778,62100
user979182292860752961,51100
user3110794484021938023,60200
user4651397871949282287,61200
user8159178249124527387,90200
user1924420523533589525,96100
user4099681736482460963,89300
user5734062316148380101,56500
user643149450282385257,55800
user5927422802669078426,54800
user3828407387720623034,56300
user8117209108873262355,56400
user5602442205665667428,69700
user5571525310989359102,84500
user1677478690674529014,87000
user2551604181270844564,67200
user6431020477720033375,66600
user2418864149763850995,60000
user3028069537858319855,57000
user3144511181258948589,90100
user6658657621989882714,80400
user1599439926530178527,56200
user9209245917110895531,95700
user698410678157168787,57200
user6846990281197014793,58700
user2550484260246563668,88100
user8998808766753850040,57800
user2632649245898041388,53900
user1611052132617275681,69400
user8929147347526964902,54200
user7345560128934403496,69300
user1875743674432336903,60700
user240690049646764220,64600
user2416076164498846541,81800
user8634317186765577685,74400
user7790330315115588130,83100
user4961200001870609346,138100
user3128991068882566085,90000
user2631529324873760492,58200
user1231930228763362049,109900
user2121347271049274635,66700
user8747399067093363731,63100
user7817120988284769223,58000
user2482937781165029439,67800
user6291366239440908119,65800
user9110782543353052976,229600
user1105774576029899388,60800
user2005352503553273252,66000
user6202616875015899491,72200
user1787772585737310606,58900
user9209027601893053648,61200
user1095842251479223578,60600
user3322351555403264410,64100
user4534177952818671222,61500
user2980512609781348129,95700
user577842813249412820,57400
user8644249511316253495,61000
user8543327980292007265,64400
user4695046893736968663,104600
user9089238012715280012,102600
user3382080650079473738,57300
user1926318720287852752,69700
user742951060282350591,65900
user1702589482307288763,66400
user6015953851876245171,57500
user6455023165624210014,61000
user324753232052505167,61500
user1007311202272056833,79100
user5832867335200521221,113600
user5178333043781944641,84700
user3104988380978389446,100100
user9004054909285258169,55900
user1835329513814282332,61800
user619365077596050501,66400
user5470822095182954755,59600
user5710619588756343910,56700
user1160257528174700587,63600
user763935630407983107,58300
user4056032714694774587,82800
user5573193375230082660,67500
user5198209510178994047,163900
user7351366231977952073,114200
user3832315294009908384,64000
user5453963746564449472,68500
user4502701097630222448,78200
user2880710999781382795,78400
user2859726429655750279,76400
user2892541521086321832,170700
user51020726024263563,77000
user8906151496039556062,218000
user7549194585300076196,56300
user3155003466321764847,68100
user5255917078024483466,86400
user6917211660936040379,169200
user1242640829044020190,65900
user969468283527919034,73800
user9195187371053092488,55500
user5213387977261077986,75800
user3564047245730916792,55600
user7415781508673429082,78200
user1462232028221759160,58200
user4481934842722431815,58800
user3379280847518771498,60800
user6284440215373078646,56100
user7941826891995350209,115200
user2903033806149138090,57200
user2353110636826251207,56100
user8406461727277886463,59500
user2060166855523429431,81000
user4970354050691302825,87200
user7100298177611764329,75500
user1903094308113658444,69100
user550710494785933162,58000
user8834591880058407697,97500
user2235435987793828480,61700
user4667477944837805239,60300
user8846422401363346734,162100
user4286676159447470263,181600
user6949361561244142698,122100
user2048554649436332277,71600
user1254034719913275461,58900
user1473844234308856314,97400
user9209587562405194096,54500
user4101579933236724190,63800
user8903363510774551608,57000
user6385143431179482993,74600
user8185190646563726149,65100
user8153713791375277375,62600
user4902247611097628148,91700
user2142331841174907151,57200
user4902807571609768596,71100
user5103872357928278725,59000
user181302600264853457,57900
user8004675371761918971,95200
user6209314338396943496,59900
user7054409313775516161,94700
user8053570536081013476,96800
user2286902393986839757,61700
user7231358327582336554,63800
user3309961073586184925,68200
user9089797973227420460,86600
user3278029488495924489,65000
user8791949694687489120,80800
user1005413005517793606,61800
user8854468346455457103,86500
user1299695023062738161,114100
user3926092485748483258,58200
user3358856237905279430,58200
user9046148951439734084,60700
user639801504505240355,59400
user4367733041370364873,63000
user1950091275678489722,103900
user2027010118798559313,112300
user1518053216608683138,253700
user3195417626939819418,61500
user5498172728864276296,59400
user1924078878239290960,59300
user5928542723693359322,55400
user7345341813716561613,84100
user7113578447939585041,58000
user8961744123739694572,61300
user4948467874759231296,110900
user6555166420918473913,53100
user2401445840633205264,69100
user554618401075218512,70700
user5634820666660555215,59900
user2960088000167856061,64200
user6643697470125640658,60700
user5361088160632313611,55700
user565670646650175218,73600
user8085607351781602698,132100
user6256529621179616657,55600
user8119437133626126361,57200
user5650672178862292699,62400
user5932668945200486555,56800
user7045596910249121247,57500
user7334507883359446790,84300
user1369574757507465182,145200
user891989479895708995,62400
user2078363440384057493,58600
user5009535205677563403,1110500
user6608082576134366865,77800
user1573987489603120213,94200
user352776910853480253,75800
user5965265721413216225,68100
user2430694671068790032,60500
user5892927829702085529,61100
user8780337488600391966,58400
user5349694269763058340,148300
user1929325020770699089,62800
user1270551423237482179,91200
user4563986743766396438,85100
user7682152932024911648,70700
user5344789772525948776,87300
user6189324787392380993,62900
user3912800398124964760,59900
user2996592682669871081,87400
user3232482269953974886,58800
user5817688868118437282,76600
user5078189788487680742,97100
user5380952809733665231,165100
user2728884594903019937,82600
user7850837685521779789,58300
user3220870063866877732,59500
user6389269652686610226,64100
user1940158951127813912,57800
user2468319274595085948,258900
user7576763534199239620,62700
user6266243630512450584,56400
user8260441425443072182,60900
user5689635018630711394,56600
user4680428387167025172,73200
user6173026399286016158,58800
user769181772939391236,65400
user8389603378659381180,64200
user35282298430039176,63400
user3026401473617596297,88000
user8432692439934927108,108500
user7983577717028773358,57000
user5169738955473391610,75600
user780015703296506059,56600
user5174985098004799739,69200
user8231410910225329297,68900
user7797474654401259486,62400
user3166833987626703884,83500
user5838891753461911681,65600
user1812665062152228472,94800
user5439345239994505981,308200
user7476401963687133838,67000
user6174924596040279385,58100
user5498732689376416744,57700
user379349268804819463,79200
user8170012179481642210,62100
user9105536400821644847,100900
user4657763935504971312,59000
user6943442373593081024,95500
user8428006257915659427,56900
user8973697975121090291,161000
user664134020408017773,70800
user3237946727703224898,73400
user6110291004126960493,61800
user7470035900131444813,79100
user5942942915045460930,66000
user4425782254510152857,62100
user1497068646483050622,120400
user2703088940854908857,57700
user4650059635707159508,59200
user7637052589387589396,113200
user5702025500447790879,106500
user6267363551536731480,79300
user6938196231061672895,61100
user6079809168059581732,59400
user5537808613752348536,214700
user7960913265366719498,103500
user9104976440309504399,65000
user3469710093480201470,65400
user2743844746767261993,144800
user4459157306452864858,132700
user4882942922508416976,103600
user2190118901765418546,59800
user7331501582876600453,226500
user4150369866945489909,62400
user6887061224694016598,134800
user7168839675814368571,63000
user7038557801573778677,62900
user6239452957343269491,91900
user4100801657506741859,56700
user8571238574485469254,84800
user2272843847929036714,67700
user3116040626553346152,54300
user7901184170690510170,55900
user3221989984891158628,61900
user1703149442819429211,57500
user1005972966029934054,64000
user6779785447409779129,88300
user8397307678457192984,64500
user2062406697571991223,56400
user7095052035080356200,79300
user9119376631661606007,77900
user5997644182408104012,62600
user7276240355001816923,74600
user550150534273792714,60600
user2643701491472998094,63900
user3385646911074460523,66100
user8748300672899802744,78600
user7602215971126297934,73600
user7675008592739240292,56900
user675964541712956810,66500
user9188261346985263015,58600
user3106326617220512225,60500
user5238840414188136300,59300
user326433113588926511,71800
user5337303787945978855,70300
user1323467578453375131,58200
user4733344542382918124,90500
user4992676857059058120,58900
user847220537083741723,57600
user7687180759338477894,63200
user3731052117691363589,67300
user5635598942390537546,64200
user3706501286570744288,61700
user6583750060231589447,87200
user5913912399827718045,58000
user2337259124624513723,58600
user468658593741968539,58300
user1070046597431112498,80300
user7499284730567029581,73400
user7713411471995518539,62500
user4157295891013319382,54200
user5860217968881842762,72100
user5328149739125285376,56300
user2275071872681900720,50100
user1282276713932092430,63600
user4514531618935161485,67900
user7312185076991691495,57700
user8896997447218862583,76900
user5258156920073045258,124200
user4132951557814844178,64300
user7226672145563068873,68900
user6037498382514018135,177300
user7290080585841778083,84500
user781135624320786955,56600
user7130996757070230772,81000
user6456816131768144455,55400
user3394024255991925872,70100
user8214781122293609482,76800
user4735242739137181351,64400
user1597760044993757183,97200
user422998290592505839,75600
user3474737920793767716,59200
user5654250257152977270,62100
user3859105967179089477,77500
user2519225720275956777,71100
user5085894088285492546,60600
user947923752890146070,61300
user5122958731299648014,88500
user1849399877167783161,57700
user4618241135224412169,59100
user6026787782233359994,104900
user4645373453687891827,68600
user2282216211967572076,70300
user2606636848458842626,58200
user9111342503865193424,69900
user2598819464053517725,56800
user6041966249315443933,58200
user3210937739316201922,69500
user3332843840466080668,64200
user6036938422001877687,58200
user7362200162335066896,55700
user4515091579447301933,61800
user7782296187319175547,63700
user407478178216123335,60000
user5575651532496486335,60200
user9221199768492291250,60900
user1361310497197512930,62100
user2392073476594669902,61300
user6168558532484590360,65700
user7803280757444808063,90000
user1320119632676230229,56000
user390059869085477604,58600
user4022875977969904469,62600
user5219194080304626563,113200
user7339754025890854919,82100
user1820369361950040276,59700
user2505155356922455948,61400
user798772248669274569,58800
user5449837525057322239,58800
user2480262880507538082,130100
user5455083667588730368,69600
user4030580277767716273,77800
user3623434695112827555,58000
user7812434806265501542,61000
user6311572533836558304,66000
user6327870921942923139,72100
user4832586191870743010,81100
user8878800862358234521,76300
user5481874340757911461,60900
user77033123463462325,87000
user6993788858761811405,62000
user6712352052935757997,77200
user8039170344728911868,59800
user7005401064848908559,65500
user8452681990939489611,61100
user7209253836432423142,62700
user6872442718124073107,60700
user5515485807384593241,60800
user6719496392221429353,64600
user4972252247445566052,80000
user6633205185062824400,75700
user2793299871598496946,92600
user1837009395350703676,62000
user6213669120590856197,129900
user2161430031841974226,77300
user8390163339171521628,85200
user6636211485545670737,77400
user4752661048267827082,55500
user3799376872502880149,71400
user1725253933969342623,151100
user8026779862911832383,64400
user176834733463427659,57400
user164662566864190057,81500
user2650067555028687119,86100
user5108340224729704523,61100
user2968682088476409092,82400
user3119618704844030723,73600
user2287803999793278770,89000
user8265687567974480311,318400
user3011771149751955020,108000
user5560473065414402396,54300
user6004341645789148017,124200
user5321565360351754468,60800
user2553502378025107791,56700
user376001323027674561,156900
user3848272036821974654,103400
user7577323494711380068,58900
user5042691942402433521,99000
user5706493367249216677,58500
user9122176434222308247,69300
user6132395495276873905,58400
user5905318311519165014,75200
user1106334536542039836,57800
user4993236817571198568,61000
user896675661914976676,59800
user8995802466271003703,68200
user6118885092435513524,102700
user4336131284278705216,67500
user391739750621898948,117700
user5060783296652732797,90200
user884845140610037639,203600
user2732232540680164839,56400
user3357176356368858086,81900
user1277477447305311652,66000
user8602828514281431125,69800
user7464789757600036684,64400
user7717537693502645772,67400
user4180178657893215125,56500
user1332851759787608279,56700
user9090357933739560908,64800
user7509558700412003956,77400
user7357172335021500650,91400
user9114690449642338326,71800
user6426334295700765694,86500
user7482208066730682415,67400
user8522903370678515197,88500
user8050004275086026691,58800
user5223661947106052361,77800
user1222776179942668570,57800
user7146175224152314711,69800
user1332291799275467831,59800
user4858598589309941772,60700
user141779799984294314,68800
user4198705070752443966,85800
user4960080080846328450,61900
user5695441121674259971,56500
user7357732295533641098,73400
user2041640442664200590,75100
user185988782284121138,63100
user7438559044942996039,85700
user7185811109040386951,58700
user9048823852097225441,60200
user6882375042674748917,55000
user5179452964806225537,62400
user3337871667779646914,57400
user8905591535527415614,161800
user3787764666415782995,79300
user3710845823295713404,61800
user2619368975570220676,58500
user221043715763254483,263200
user2750989086052933349,94700
user5821815089625564515,77000
user901703489228542922,54800
user5687406993877847388,124300
user858832743170838877,80100
user411386084505408685,64000
user71445335637755631,65500
user2177168459436198613,68000
user5131862188015395,55400
user6553486539382052569,72200
user9154991525652879800,57400
user3904766270328552177,61700
user2304880663629625936,70700
user1131786973469098150,104200
user8256303386640247163,66900
user3219750142842596836,121000
user1600778162772301306,106600
user7362760122847207344,90300
user2049114609948472725,58900
user5345008087743790659,98300
user4355560874771127271,82400
user7860770010072455599,252700
user8290798359607240060,91900
user6606962655110085969,72100
user8029238020178236058,72700
user9096164036783109485,66300
user4182406682646079131,104400
user8142879861018162552,77800
user4172474358095403321,58200
user8328982923645676424,310400
user1027735811885548901,76100
user5374038602961533544,58500
user2314812988180301746,206500
user3984919974618253573,59800
user8847542322387627630,92800
user5111346525212550860,116500
user4399209896558813647,62800
user6971466052394056110,80000
user6255751345449634326,207400
user7397368180421713338,56000
user9000706963508113267,95900
user5712299470292765254,60200
user5588383659607864385,60000
user9087339815961016785,114000
user7123510772490260851,207900
user418312108573238158,252100
user6112405944272311402,81600
user4554614379727861076,152300
user7987703938535900591,98800
user4509067161185911473,60700
user1974653924094806809,91100
user8245138056457777360,61200
user7792788472381991805,85200
user3217522118089732830,65800
user551270455298073610,61600
user605524846756089341,130700
user1632596663255048645,61000
user2584314042091087331,175100
user1423610833747639030,64500
user3184925341877003160,60400
user46334544004995882,58700
user7164266578402613987,178400
user6425774335188625246,82600
user2186540823474733975,72100
user1873732393070560579,63900
user8531715774204910111,85800
user8616120601904949623,102600
user4578946895630638494,91600
user5810202883538467361,75800
user5767000737655408336,56500
user6439066422812143744,61600
user4030921923062014838,58800
user2265917823861207241,60700
user4405015999602362224,78000
user3684055150126532311,118900
user5420028734109597023,91000
user2425230213319540020,55700
user8691246478881084773,104000
user3448725523354568954,60100
user3688523016927958109,95400
user3882661779178638765,74200
user2776441522979991663,55000
user7438777360160837922,86300
user4792731991764828887,85200
user3948415292116238553,72400
user407259862998281452,84100
user5321783675569596351,62000
user7609360310411969290,62900
user3611604173807888518,61200
user6867414890810506861,55900
user4679650111437042841,65100
user8086727272805883594,109000
user7423598893078753983,74400
user6653411479458474585,112700
user1880989816963745032,64700
user3116600587065486600,55000
user605306531538247458,59500
user4508725515891612908,58800
user9121834788928009682,59500
user733578696243815229,71800
user7753152587493919565,55400
user8518995464389229847,75200
user7087566050500386279,85700
user5030519775803195919,57700
user2506835238458877292,80400
user5109118500459686854,59900
user1621544417680091939,60400
user3381520689567333290,57200
user3683836834908690428,80600
user1115488585362733315,60000
user1658827375912089290,58900
user8439618464002756581,66300
user5383970927512209354,81400
user6924469084829224832,88400
user1346691990627569439,79400
user6065190661489638241,61000
user140659878960013418,55600
user8760691154716882229,84500
user7598308064837012584,75500
user4068204881294012189,84600
user1527767225941517065,78300
user6203395150745881822,57100
user9111124188647351541,74300
user174936536709164432,77200
user356790047753094389,82800
user4520337721978710062,59500
user3942049228560549528,70800
user2990226619114182056,109000
user5916930517606262168,64500
user3993857280047859370,80500
user9120496552685886903,77000
user3018697173819784493,128400
user8782235685354655193,62500
user1010659148049201735,81200
user1211723934367711864,108400
user5540036638505212542,67100
user5664742542215793528,66700
user6343609349537147526,143100
user6421088153169357565,60600
user2538872054159466514,210100
user9216731901690865452,73400
user765055551432264003,57800
user6050230509625396185,69700
user8983070339159625653,64300
user9169951677517121856,60500
user4262903604056833293,59700
user7186029424258228834,80700
user6414162129101528092,57800
user2666584258352893837,55900
user5074281882198395392,82100
user7436879163406574695,75400
user6141767859315409267,58100
user3173873096302046454,74600
user6495219011024422702,85700
user5564380971703687746,63600
user189006900062665261,58200
user2666925903647192402,61900
user5086454048797632994,56100
user175714812439146763,67600
user2958749763925733282,61800
user213339415965442679,58000
user7528428330392285563,68200
user4349194811215438246,60000
user8795515955682475905,54300
user9062447339546098919,57800
user7680473050488490304,58500
user6153161750184664538,192900
user1017803487334873091,55900
user1594412099216612281,56100
user4866862849619894024,59900
user3132898975171851435,91900
user196481067346937396,78800
user8526469631673501982,73900
user6105044861595552364,63500
user2910519790729108011,73800
user5912244335586994487,79600
user5733844000930538218,63100
user4504039333872345227,58200
user6686786531401186586,67800
user3359976158929560326,93400
user3810989078589977303,54800
user1857993965476336192,82500
user815743681895292949,60200
user8458488093983038188,69600
user252975300853514919,57500
user4140095897100515534,79700
user6407807882841536853,63100
user412164360235391016,56200
user8511851125103558491,65400
user2694276537328513943,66800
user3809090881835714076,59700
user6130497298522610678,59400
user2291930221300406003,64100
user9199095277342377838,63000
user6576824036163759974,84000
user5963367524658952998,65900
user8472328324822999348,58200
user6778105565873357785,60700
user1005640680888162,71200
user1132565249199080481,58600
user9045257591102238656,119300
user5412554566825324888,63800
user5881762499519615726,62300
user4607530534943754028,82200
user6256871266473915222,89400
user2072898982634807481,66400
user2402224116363187595,75200
user638463268263117576,56200
user4281989977428202582,58000
user9136234980280111290,64200
user4418856230442323384,59800
user3187600242534494517,80500
user8264567646950199415,72800
user2377113324730427846,107800
user8733340521035560688,56200
user1714761648906526365,99500
user2946795912544337563,80800
user1362430418221793826,58400
user529725924660300646,66600
user3838899672783439292,58600
user5696779357916382750,83300
user6503253138820835285,86800
user4679868426654884724,65300
user8400873939452179769,88200
user927934201885583567,92400
user3606358031276480389,53600
user8771743400291838935,165300
user984086790097862525,82000
user894217504648573001,61700
user413844241771812360,61900
user6554388145188491582,71500
user3262291060901700102,62500
user8628511083722029108,69700
user2811609541066638105,86100
user8620246823412076856,60800
user7258149000751517647,78500
user918001877334907757,58500
user1643980308655360331,129200
user769523418233689801,101700
user2715934152573800004,87100
user7380396747195694958,52800
user1073177799817169718,74000
user8176036597743032670,62200
user5026953514808209134,70400
user7322677362054507753,78600
user7531776276169430465,53900
user6401441819285847828,62800
user4996584763348343470,84300
user8159738209636667835,58800
user516775482331080713,72200
user7891251846139834360,57800
user7725801953812598024,64400
user3664190501025180691,66500
user8114856182217187466,62600
user1451739743158942902,87400
user1237954647024752509,56000
user6009027827808415698,65200
user3183587105634880381,56400
user1611612093129416129,57000
user4978058350489114629,81300
user5585583857047162145,67100
user8744392766610517394,87200
user2555170442265831349,59000
user4113305223931334441,63000
user1006751241759916385,59200
user243821252032821440,59200
user7505090833610578158,73900
user574047991567640567,58000
user8181282740274440799,57900
user5897614011721353210,207400
user3254026800591747850,94900
user9199313592560219721,88100
user7611600152460531082,64900
user5622648500061317613,65800
user7259268921775798543,54900
user6415282050125808988,61700
user6654189755188456916,61500
user1462573673516057725,57800
user1303261284057724946,60800
user6608860851864349196,61500
user756791291122311751,76100
user7336747725408008582,76200
user4626287080316522538,59800
user2720060374080927237,63000
user2214451417668195964,63700
user7810754924729080198,83400
user1055646406079010890,67000
user389841553867635721,62500
user8379111093596564922,63300
user390961474891916617,60100
user3449285483866709402,69000
user2039400600615638798,97000
user6532283654038578170,71400
user1588947641467362269,85500
user7840345400458963531,75000
user2770853735154284969,64500
user1710293782105100567,59600
user5031639696827476815,89700
user5801048834717773882,78200
user3804623015034288278,59100
user1870944407805556125,78500
user7724682032788317128,111200
user1951211196702770618,68000
user504603315731843111,81900
user8928815947701609922,70900
user3801056754039301493,85100
user9099170337265955822,58300
user4696839859880903104,81800
user2633427521628023719,62100
user2236555908818109376,78800
user2297954639561796463,60800
user7917824204091173570,85400
user6992450622519688626,70500
user8065182742168110630,203900
user5334515802680974401,56300
user5752153670398679377,60600
user8269253828969467096,80100
user6590551182396208037,84100
user995480680967117796,60300
user8533613970959173338,63200
user3588939722145834658,69900
user3992737359023578474,77900
user2781127704999259344,109000
user4755667348750673419,86800
user201727209878345525,63700
user2382359467261835975,72100
user4315924989883055031,63100
user4294162144027440184,62700
user8964543926300396812,57000
user5607470032979233674,55500
user4810710261407615066,57400
user2544118196690874643,70100
user2628523024390914155,91200
user4474677418829247362,287900
user8665015766224044128,70800
user6190663023634503772,66400
user9210925798647316875,83900
user4732224621358637228,63200
user2595584602883885920,59800
user8412827790833575488,62700
user1401953218502352969,59000
user8346732632601677135,260400
user7602775931638438382,196700
user1094504015237100799,63100
user753443345345166849,86400
user3233042230466115334,67100
user8993002663710301463,56400
user372423244736989990,86800
user4981064650971960966,63300
user8709556148349225932,81800
user2028690000334980657,60800
user7598649710131311149,100700
user3952883158917664351,60700
user7697891359619136035,60600
user5381512770245805679,57600
user4772307382151336819,59800
user285790392284086472,87700
user5591171644872868839,78200
user6384583470667342545,67200
user5941822994021180034,74700
user3427740953228936438,60300
user868205107209374239,65000
user5382291045975788010,62400
user7362978438065049227,92700
user2791060029549935154,55900
user749317123838039616,84100
user2649725909734388554,58600
user719508332890314400,86200
user7093932114056075304,113100
user5360186554825874598,54900
user3133677250901833766,58900
user676524502225097258,60100
user5733284040418397770,72700
user4011823732394947763,86200
user5382072730757946127,72800
user8168892258457361314,297700
user3573201294551610271,56700
user8914528840957021411,63400
user7132894953824493999,101300
user900023607692121578,1146500
user7186589384770369282,54700
user5559353144390121500,140600
user974154465547186715,105500
user8753205170136912308,57900
user5696219397404242302,73300
user7274229073640040599,64500
user7851615961251762120,109400
user5564940932215828194,57100
user1720007791437934494,84300
user2857486587607188487,90300
user317048932254693363,61100
user5156893743754500463,84200
user1457545846202491479,77700
user3336970061973207901,58600
user5028621579048932692,78200
user780575663808646507,76700
user7804400678469088959,57700
user1523081043922249384,63000
user4919665920228273879,126200
user7961691541096701829,125900
user4992116896546917672,116700
user6356454561256038673,59000
user5947629097064728611,59100
user7912236416265466876,72400
user5096728018642607369,56200
user7737414159899695178,62700
user6154499986426787317,66700
user195921106834796948,88300
user7735734278363273834,83600
user4075909181091823993,61000
user2765607592622876840,57800
user1962823402789867772,81800
user9105318085603802964,78000
user7176097099707553024,65300
user7862108246314578378,65400
user2253745657261969639,63100
user4765381358083507346,109000
user5626339662959515281,59900
user1687411015225204824,84900
user5505658713444246217,59000
user6994908779786092301,206000
user6367506806830995379,66100
user2676298267685727764,69300
user8522001764872076184,92400
user2474456777463989505,99100
user5435767161703821410,58100
user3052185310370009591,72100
user7109670541650299691,66600
user3043807965452544242,78700
user335587162409619990,52900
user5304033966613595640,60300
user5786430328147830391,92600
user7929654725396112607,232400
user7691866941357745575,57100
user7561025106605015233,88800
user2517545838739535433,58200
user6305984746010851610,57800
user6408915986570119963,56200
user3339209904021769693,64700
user4862736628112766791,85600
user7583689558267069093,99300
user731338854195253437,83500
user3931556943497733270,78200
user4003011328868552849,58200
user6157847932203932219,60300
user8533395655741331455,64900
user7976651692960943885,94900
user6366946846318854931,73600
user6594242345294405705,58500
user6531942008744279605,83300
user6982736613186854699,81300
user884285180097897191,67600
user6566891711613084164,85100
user6960973767331239852,57400
user7948181138255341448,58600
user8568563673827977897,77000
user2289142236035401549,61000
user6553828184676351134,59800
user4987990675039790439,58600
user3584813500638707425,56500
user9088459736985297681,69400
user5096946333860449252,55100
user1695675275535157076,61900
user2710128049530251427,70200
user3914480279661386104,63700
user5030861421097494484,91000
user1449841546404679675,73100
user2792739911086356498,65100
user7824047012352598696,80700
user2657211894314358475,71000
user2648947634004406223,99700
user663014099383736877,53500
user929614083422004911,64200
user7817680948796909671,60300
user9214492059642303660,58500
user6084495350078849413,95500
user4656425699262848533,57700
user2891203284844199053,115800
user1910020332181487917,83700
user3929098786231329595,84000
user5832307374688380773,61500
user4265691589321837747,97700
user2584419272701416117,87000
user4970012405397004260,62200
user5581239320322193029,69400
user3195199311721977535,67200
user8533054010447032890,54600
user4299968247070988761,77200
user8379889369326547253,59800
user895337425672853897,60500
user2760361450091468711,81000
user5134570937386745168,69600
user8202608955694371880,69900
user6466530141100978382,79600
user1242982474338318755,165000
user4652517792973563183,88700
user6178832502329564735,56500
user7283041477166435513,59900
user508181394022527682,111700
user6015393891364104723,396100
user1208705816589167741,56200
user1008431123296337729,59600
user651961853808780171,64800
user978622332348612513,115500
user7440457241697259266,64200
user342844586302804443,103000
user9175870865168183530,59100
user6510179162888664758,97700
user3799158557285038266,92000
user6893427288249705623,68400
user7714189747725500870,68900
user9147287225855067996,63200
user2618809015058080228,61000
user428804393636054416,92000
user1699801497042284309,102800
user4288356040983891607,61000
user3826727506184201690,105800
user907167946977792934,91000
user3719999872116406883,59600
user2414396282962425197,61300
user9134566916039387732,57400
user4050786572163366458,126500
user627411022688160870,67000
user8301072329452214435,62100
user6552708263652070238,63100
user5724689952109844739,188400
user8232530831249610193,98700
user7560806791387173350,264400
user7937688853192525190,115200
user5339761945212382530,62700
user1493490568192366051,84900
user6086735192127411205,57400
user8004893686979760854,70000
user5984476996687796397,73100
user2062065052277692658,60100
user6779225486897638681,67000
user4388157650983856941,59200
user1561037047273900280,63100
user1714979964124368248,67000
user8561524565152635327,59200
user6426894256212906142,65900
user1973875648364824478,55400
user1749038306655677379,68200
user4202283149043128537,223300
user6276735915575266842,88800
user8701738763943901031,68500
user7501524572615591373,95600
user4201163228018847641,77400
user5737970222437665451,349700
user747637242301618272,81100
user3423489829818598322,83000
user1109122521807044290,76300
user300750544148328528,108800
user6856704290529848720,70400
user8280866035056564250,67400
user8972796369314651278,84500
user2771413695666425417,546400
user1815683179930772595,65900
user1837787671080686007,70600
user5233034311144587723,77500
user8657529781644074207,176200
user162764370109926830,80300
user4301306483313111540,67700
user3633708664957801930,65200
user1661958578298146510,62600
user5799150637963510655,67600
user7033871619554510996,59000
user9054743039748287115,53600
user4352989632897210499,82400
user419090384303220489,80600
user5890139844437081075,61200
user4382911508452448812,100100
user6053018494890400639,56200
user3242974555016791144,55100
user7591723686063481676,146400
user3413557505267922512,59700
user1297123781188821389,81300
user7647876274275760634,166000
user1158017686126138795,58600
user6038058343026158583,58300
user8304650407742899006,56300
user6030354043228346779,73700
user7973976792303452528,61500
user7405849184122753272,88200
user4980286375241978635,106000
user593352680156851739,129900
user9112462424889474320,69900
user2768955538400021742,61200
user3601330203962914143,72600
user3233260545683957217,87000
user5087014009309773442,95800
user9214273744424461777,76700
user3409089638466496714,61400
user7336187764895868134,70600
user1488244425660957922,52500
user2491315126082494788,61200
user1471386077042452639,64300
user1197653571014211035,80400
user8163646115925953185,58500
user8289460123365117281,90500
user2677636503927850543,98800
user7860210049560315151,54300
user9069808422222857957,82300
user6827113814799965387,77200
user4419976151466604280,89200
user5423046851888141146,62700
user6053796770620382970,88200
user1693777078780893849,68200
user7880759561077018102,68400
user8584302101422202284,73200
user7835099257927555402,58100
user6620473057951446350,59600
user996818917209240575,78000
user1280825393082456554,83400
user1906442253890803346,78400
user2030588197089243884,63400
user8987756521178893334,60000
user4366613120346083977,102800
user473904736273376668,68000
user7320449337301643747,326300
user2776099877685693098,55900
user86405487501997687,55400
user8317930678070719718,60300
user4640127311156483698,61300
user7839785439946823083,87600
user2897227703105589513,105400
user2577274933415744761,58700
user5553547041346572923,106700
user8236438737538895543,63300
user8736346821518407025,67900
user7249884740441565395,57400
user8879360822870374969,59000
user5511577901095307891,58800
user549590573761652266,72000
user5914472360339858493,90200
user8401775545258618782,57600
user2402005801145345712,60000
user6393177558975895576,293000
user3162147805607436203,84600
user5548082583597322911,69900
user8460043073616248649,60200
user6003781685277007569,57000
user3945957134849834878,59800
user1620984457167951491,55800
user5228908089637460490,58700
user3084563771364897378,105400
user6085055310590989861,61300
user482385739974416602,82800
user278086092486274668,102900
user5989163178707064078,56200
user4364041878472167205,83700
user2440626995619465842,144200
user4640687271668624146,86800
user4073669339043262201,104000
user2884837221288510028,58600
user8760131194204741781,67800
user8291699965413679073,60100
user7208133915408142246,72000
user3353268450079572736,56000
user4301866443825251988,74700
user5354722097076624586,80600
user6746847025902750894,89200
user5609368229733496901,89500
user3427180992716795990,119400
user3174433056814186902,87700
user8079253105521611459,92900
user4004349565110675628,61700
user6319276833634370108,73800
user8177716479279454014,58100
user666032217162281000,57600
user6191782944658784668,80900
user437616797162449330,58000
user3471389975016622814,63600
user7598868025349153032,76700
user2755675268072201030,139700
user5425274876641005152,136000
user6509619202376524310,60000
user4870989071127021257,60700
user5549420819839445690,60600
user2699181034565623507,54800
user104943717656924314,55500
user501815330466838657,89900
user6658875937207724597,83800
user1040467938996926951,84200
user8163086155413812737,59100
user4991338620816935341,61900
user1474964155333137210,95800
user5292981721038638934,56400
user236895227964991967,82500
user26458077607946476,55300
user6047990667576834393,62900
user6103706625353429585,68900
user7447931408981531401,140800
user1814003298394351251,69000
user9221418083710133133,72600
user3941270952830567197,86200
user7269201246326474353,70400
user755123226881588193,62100
user6641457628077078866,58300
user4862176667600626343,80300
user8009361553781186652,68600
user3498180648185803907,73200
user8180504464544458468,72600
user3562927324706635896,56800
user5106660343193283179,65700
user8059376639124562053,229500
user5917490478118402616,70000
user3935464849787018620,81500
user543006194988121358,59600
user7360520280798645552,79400
user958416037952962328,54700
user4470322636635334661,141700
user8381009290350828149,73000
user1813225022664368920,80300
user8543887940804147713,91800
user8595354346997158990,61200
user1342784084338284089,101600
user2085849424964027414,75100
user6747966946927031790,91000
user4463065212742150208,68600
user4140437542394814099,95400
user5797482573722787097,81100
user1142839219044054856,60800
user4515651539959442381,88100
user654761656369482411,72000
user1407872406153414643,66600
user9168831756492840960,75000
user7097280059833220206,56500
user2130171491871367335,69600
user608312832021093795,64500
user2418304189251710547,94700
user5444591382525914110,56400
user1257041020396121798,144900
user7813213081995483873,56600
user4028122120501312598,62100
user1951771157214911066,118900
user6419968232145076669,63900
user4177720500626811450,58300
user7235826194383762352,62100
user1769462916269169447,81300
user4424662333485871961,64100
user4607188889649455463,56700
user1774262182895950225,248600
user2422430410758837780,67700
user6445090841073534204,79700
user5548860859327305242,78100
user1815123219418632147,60600
user821549784938841526,58900
user6514865344907932439,57000
user6399761937749426484,95800
user45774583492855434,62600
user4770627500614915475,57400
user1116266861092715646,91200
user8412267830321435040,61100
user5322343636081736799,59200
user5110238421483967750,60200
user7835317573145397285,53900
user425456447858909514,81200
user549932219055950831,80600
user3487128402610847201,64400
user3243752830746773475,111400
user1456207609960368700,160500
user3070163580012795770,86400
user8792168009905331003,56100
user1191847467970662458,79100
user5399709355106433741,210900
user48002608245719440,61700
user2870778675230706985,57000
user4634321208112935121,63000
user3336751746755366018,70100
user2656091973290077579,77800
user3081215825587752476,58400
user5882995505151409719,76200
user3111572759751920354,81100
user6258209502716038001,55300
user1093944054724960351,88900
user2440968640913764407,60700
user1232148543981203932,55500
user3891255867487191796,72900
user3359074553123121313,59200
user5641186730216244240,82400
user1551104722723224470,143900
user4532509888577947664,92900
user341724665278523547,77800
user7107772344896036464,73300
user8301632289964354883,72500
user8853908385943316655,60100
user2513419617232408200,73100
user3848053721604132771,94200
user775547836495080261,99300
user2100809576828269470,123500
user7384304653484980308,56600
user9020353297391623004,62900
user5245424792961667208,66000
user7476961924199274286,58700
user1450961467428960571,85300
user2902815490931296207,57500
user9084551830696012331,53200
user880377273808611841,56900
user8984408575401748432,75000
user2038622324885656467,82800
user9044137670077957760,69800
user1232708504493344380,89300
user6305206470280869279,53200
user2551822496488686447,60800
user7356394059291518319,58200
user6062950819441076449,76400
user8879920783382515417,58200
user8588428322929329517,74100
user802898470176401802,59900
user3370126798698078019,57100
user6180170738571687514,72700
user6797535156365779840,64000
user149484099782106118,62300
user127379608632192706,65300
user6328990842967204035,62200
user2380679585725414631,77300
user856934546416575650,58600
user4166108294539714296,60200
user6920217961418886716,62500
user3595865746213664131,67100
user4076469141603964441,61700
user3925190879942044245,68600
user5243526596207403981,69100
user3911132333884241202,81100
user3677470771353001403,57500
user8155052027617400154,78600
user1594972059728752729,62700
user7111350423186721035,71300
user3573979570281592602,78800
user3634828585982082826,82600
user3755614766107680676,85100
user7496278430084183244,86100
user8335348987201365449,78700
user3799718517797178714,93000
user1723025909216478617,68700
user2640913506207993640,86100
user523919821616752069,54200
user5333177566438851622,100200
user7230580051852354223,75400
user7723903757058334797,58100
user867426831479391908,280800
user8325634977868531522,79600
user2809256614410563216,59200
user947363792378005622,61000
user439856639211011122,60700
user8938748272252285732,58800
user6453124968869946787,63100
user5463677755897283399,60400
user1809877076887224018,215500
user4509845436915893804,107600
user1357962551420368028,71200
user3690421213682221336,88300
user8973138014608949843,56300
user1508120892058007328,59800
user8881259019624638196,62000
user4772525697369178702,61500
user9211485759159457323,67200
user2740496800990117091,73300
user4405575960114502672,145000
user3956449419912651136,89000
user819756818794907085,82300
user4326758920240169854,85700
user1307729150859150744,61300
user1435223039834736184,74000
user543784470718103689,99000
user4444538799882921367,60300
user185428821771980690,67400
user2595366287666044037,58100
user8646477536069117501,58800
user1186041364927113881,345400
user944905635111601947,71300
user1121854648918422340,58400
user2276751754218322064,63100
user8181064425056598916,66400
user1208145856077027293,107800
user8806008240745292163,94000
user3325917816398251195,79600
user6141549544097567384,144300
user1270333108019640296,61500
user7230798367070196106,136900
user3233602190978255782,81400
user4525023903997977743,64700
user3685735031662953655,77200
user7598089749619170701,57800
user1780846561669481133,54200
user1290757717633132364,64200
user529165964148160198,126500
user8804453261112081702,58800
user6093319570900942113,56800
user4378225326433181131,87700
user3860444203421212256,78300
user1722465948704338169,51800
user752105109103044070,56700
user8128261354448219061,58900
user491323045404022399,89600
user8174138400988769443,110800
user8784463710107519199,76900
user8066302663192391526,204900
user5859658008369702314,58900
user6131835534764733457,89600
user8383237315103692155,61300
user1331731838763327383,77800
user741831139258069695,67100
user4327537195970152185,56700
user2627963063878773707,86200
user1704487679061551990,60500
user6211989239054434853,65600
user2381239546237555079,56300
user5574873256766504004,82700
user4859936825552064551,85500
user6747406986414891342,148500
user8771183439779698487,61400
user5003510787416172943,83100
user9106096361333785295,58600
user6008809512590573815,80500
user202287170390485973,84400
user8653963520649087422,148900
user1898968086606531211,63500
user3074849762032063451,63300
user1990952312201171644,75800
user1127660751961970917,78400
user7928876449666130276,56000
user3211156054534043805,69800
user4999042920614747145,62600
user3930218707255610491,85600
user7652904101589326880,93000
user1413336863902664655,87500
user5691533215384974621,62700
user7032533383312388217,61900
user2629301300120896486,63900
user7389209150722089872,73100
user6175484556552419833,106400
user3723017989894951006,64000
user4608090495455894476,66400
user7224773948808805646,91000
user1856314083939914848,80100
user6291926199953048567,77600
user1110802403343465634,82000
user401112114660434310,60600
user7608022074169846511,59600
user29476195386490599,57600
user7198201590857466436,56600
user439514993916712557,61200
user1529000231573311058,56100
user6431580438232173823,63700
user7395015253765638449,74600
user2780567744487118896,120200
user8179384543520177572,67400
user62072971599220269,88700
user587215177287948182,56100
user7448491369493671849,59000
user2056258949234144081,71000
user8857256331720461557,56300
user7654802298343590107,62200
user6394515795218018355,74800
user7852175921763902568,93000
user5573753335742223108,109200
user3809869157565696407,58000
user8653403560136946974,74400
user2155842244016267532,124600
user8687338572591799423,60100
user5652912020910854491,62200
user151712124534970124,79400
user4117100045613106694,78400
user5052405951735267448,54500
user2288582275523261101,62300
user1901756071871535665,56700
user6526695866212871476,62400
user7801942521202685284,101000
user1937370965862809458,58000
user4393745438809563635,70200
user6389051337468768343,78200
user263685901134173060,55900
user5812661040804871036,89800
user6948241640219861802,86300
user159758069627080493,55400
user1474185879603154879,78800
user3282828755122705267,95800
user6759579153014128944,64000
user3925750840454184693,66600
user7676128513763521188,105500
user8380449329838687701,63400
user1424170794259779478,76200
user3280257513248788495,76900
user5625666617839861736,64900
user6003563370059165686,60100
user4199265031264584414,78100
user2885397181800650476,62700
user2391513516082529454,59700
user1525092325284025708,74900
user7930774646420393503,78400
user5135130897898885616,75900
user8339475208708492682,62400
user4392625517785282739,79900
user7703697462662684612,59000
user2525031823319505354,89500
user2518665759763816329,71400
user3157461623588168522,90800
user5340321905724522978,73100
user4163880269786850290,56400
user8709897793643524497,58600
user3003177061443401989,60000
user2824776726786945720,68100
user6469423356976311622,69000
user410826123993268237,76300
user1809098801157241687,61500
user5635038981878397098,59400
user27796313850069255,60600
user3126532911616162410,61500
user4484722827987436269,76200
user3931898588792031835,79700
user5701247224717808548,60400
user6442632683807130529,64300
user7786982369338443228,60800
user3020035410061907272,106300
user3030527695124723530,85100
user3132339014659710987,61500
user8069308963675237863,59700
user2539991975183747410,322900
user1182133458637828531,77800
user2918553918525520594,62900
user5201215810661840384,60200
user1577553750598106998,96300
user8037272147974648641,59200
user1901196111359395217,93400
user2452580847000861561,120200
user1095282290967083130,88600
user7280366576508944156,77800
user3435993396243190904,57600
user4793851912789109783,80300
user2036394300132792461,53600
user5096386373348308804,59200
user6129377377498329782,64900
user2979952649269207681,56700
user5038118844990678937,71600
user2982192491317769473,58900
user5471382055695095203,97200
user4163320309274709842,57300
user5652010415104415478,86200
user4232981728501594980,66100
user5214507898285358882,93700
user4865742928595613128,105700
user8930267268551245798,64900
user965890205237234463,67900
user5313531232555341885,80800
user3061786235095330421,90000
user3963935404492621057,74100
user1969967742075539128,58500
user7968057604652390854,55800
user3201783690495508443,90900
user6986644519476140049,67000
user8328422963133535976,79400
user2413836322450284749,88600
user4826448689001839453,82300
user3562149048976653565,72700
user4088629490907504257,58300
user7554099082537185760,259800
user4107499120887785864,62600
user7484666223997086090,63300
user2171922316904790484,84100
user2278089990460444843,171700
user2865750847917140739,74000
user5075401803222676288,63800
user6878248821167621684,83800
user6520111487439340568,91800
user4734122818112900455,81100
user9199873553072360169,82400
user7950639295521745123,97000
user8653621875354788857,67600
user236676912747150084,62700
user3371028404504517032,67800
user2469210634932581376,91500
user7473613978422129384,198200
user2995472761645590185,70600
user6494659050512282254,195900
user6337803246493598949,112800
user8446762803288427937,63400
user6404789765062992730,90500
user3736858220734912166,75500
user120795229858661798,60300
user8512069440321400374,66100
user2323407076488854777,79800
user4519777761466569614,69600
user3409544368368308376,66200
user8963983965788256364,86300
user1720567751950074942,85300
user2492435047106775684,59200
user6033372161006890902,58200
user1673570784385243664,73700
user6737474661864215532,68100
user4880143119947714736,159000
user7158565705969394196,63900
user6823765869022820485,87600
user7174977178683272128,73400
user6185198565885253760,79500
user2071779061610526585,92100
user658327917364469196,58800
user871004909770076479,58000
user8517875543364948951,68400
user7754945553637854006,73900
user8980282353894621199,79300
user8680194233306128067,75400
user7994629962603730064,58900
user775329521277238378,58400
user4520119406760868179,76200
user2609984794235987528,93500
user4524463943485837295,56900
user4074570944849701214,58400
user478590918292644349,60200
user115094357425442007,59500
user7104424399118891562,53300
user2188439020228997202,60900
user1940718911639954360,83500
user682890565780786283,63200
user630977283683147655,59300
user6074003065016033155,58700
user4651179556731440404,82200
user5382632691270086575,58500
user7172965897321495804,81000
user3210377778804061474,79200
user4005904544743886089,70100
user8641231393537709372,82700
user6541656018077113532,68300
user1367116600241061507,110900
user7949861019791762792,55700
user1595532020240893177,58500
user5021147411764660557,57400
user2803232196149172756,91900
user5123737007029630345,71300
user742391099770210143,58900
user2407811904188894289,60800
user523359861104611621,73700
user279765974022696012,119800
user1336759666076893629,62600
user6867756536104805426,66400
user3506774736494356938,93600
user5962259420930369888,64900
user1912808317446492371,61500
user6871882757611932659,61500
user866866870967251460,57600
user4931838086827511481,81200
user888971362117164872,70600
user7413666568528078173,61900
user2247161278488438731,90300
user3810210802859994972,64300
user7196863354615343657,96900
user7508998739899863508,68100
user4460390312084658851,59800
user1407199361033761098,146100
user7790548630333430013,57200
user2969460364206391423,67300
user2254305617774110087,100200
user2381799506749695527,83100
user6107938077470885604,88700
user1578673671622387894,58000
user3696787277237910361,80400
user6668589946540558524,106400
user1600559847554459423,59800
user5224440222836034692,57200
user5531224234978817628,58400
user5311633035801078658,75100
user3655366280203087991,92200
user176274772951287211,82200
user4267029825563960526,75000
user997378877721381023,54500
user1720786067167916825,61100
user5247104674498088552,61400
user7110790462674580587,86200
user8631299068987033562,60500
user8131049339713223515,98200
user8642911275074130716,61700
user7863009852121017391,57400
user5983243991056002404,59700
user7233586352335200560,59800
user2882049236023505574,63900
user5345568048255931107,67300
user7239952415890889585,78700
user8737248427324846038,58200
user6481708608183062321,60300
user4230306827844103623,85000
user1913368277958632819,72000
user8611092774591383377,79700
user3255924997346011077,102400
user8509051322542856251,97400
user2903593766661278538,79700
user6961752043061222183,82500
user6856144330017708272,64900
user539658249210976456,74000
user6340934448879656169,57600
user3701473459257178042,55500
user8989094757421016113,60800
user8415834091316421825,60500
user8091413454825151275,72300
user2753995386535779686,101000
user3699575262502914815,99300
user154730242313514247,63100
user5464237716409423847,87500
user4812161582257250942,119700
user1975213884606947257,73100
user4997144723860483918,55800
user3109674562997657127,75800
user2286124118256857426,58700
user960084102193685886,60600
user5197089589154713151,76500
user8438498542978475685,56700
user1195425546261347029,72400
user3106108302002670342,50700
user6158626207933914550,59500
user3453411705373836635,136200
user7574305376932835945,61400
user8170230494699484093,87000
user4826561773609352550,57400
user1816243140442913043,71600
user7187709305794650178,61500
user4061278857226182716,87500
user7537582379212979042,58500
user791286264089304648,55900
user1775382103920231121,74700
user8106156863298305649,60700
user5475849922496521001,68400
user8793287930929611899,58100
user1603566148037305760,66100
user778895782272225163,60700
user8665575726736184576,64600
user7539480575967242269,77800
user8629071044234169556,93100
user6517323502174336114,57800
user1598320005505897631,82000
user5397251197840030066,81900
user3953661434647646682,58600
user957856077440821880,59200
user1395587154946663944,85400
user6752653128946299471,66100
user2959528039655715613,63300
user526707806881756523,59900
user1120734727894141444,104000
user6968678067129051656,65000
user187108703308402034,61600
user9029177518213715704,65500
user9134006955527247284,98600
user2160870071329833778,193400
user3528319267132129902,55300
user7736075923657572399,95300
user983308514367880194,61600
user5562141129655125954,60300
user3350262149596726399,66400
user895555740890695780,59200
user2400885880121064816,55000
user5004289063146155274,61600
user352558595635638370,58600
user1677137045380230449,92300
user1383414988347426342,56900
user4031140238279856721,61000
user7879421324834895323,54300
user7606354009929122953,70100
user3414790510899716505,65100
user8807128161769573059,56000
user5570187074747236323,53200
user5036885839358884944,87600
user3370468443992376584,114200
user2781905980729241675,65400
user1271671344261763075,80000
user5347796073008795113,85200
user5679921009297877467,118400
user7010087246868176240,103900
user2707340064265246973,103000
user7486334288237809648,78500
user531953949413164652,87800
user6554046499894193017,59600
user2106947079697173027,57100
user536640131432432333,81900
user417752148061097710,63800
user2633987482140164167,101900
user2283336132991852972,131800
user7229460130828073327,56500
user4302974547553835098,55500
user7439337320672978370,77600
user6384023510155202097,77500
user2551044220758704116,58500
user8219685619530719046,61500
user8741934609344113719,54600
user6526477550995029593,59500
user7934122592197538405,68700
user2161648347059816109,70600
user2549924299734423220,93000
user7927756528641849380,55300
user7030293541263826425,57000
user5688515097606430498,63500
user8495771052215035539,114300
user4001891407844271953,219700
user7089245932036807623,56100
user1183813340174249875,79200
user1506782655815884549,77200
user2127153374092823212,61800
user3700913498745037594,74600
user7186371069552527399,72600
user9200993474096641065,63200
user6415842010637949436,60000
user8858594567962584336,79300
user6256311305961774774,65000
user4100241696994601411,103800
user2382919427773976423,59900
user322295074786101492,78200
user1429075291496889042,62900
user6337243285981458501,68400
user3244312791258913923,64200
user1814904904200790264,75500
user9034423660745123833,61500
user1902316032383676113,1765000
user5447939328303059012,61900
user538320012968853677,107300
user8225604807181780720,71800
user3940710992318426749,63100
user6880147017921884911,76500
user8565432471441920677,75700
user1319901317458388346,71900
user4442298957834359575,63500
user6049110588601115289,60300
user6228847587672940136,54700
user4531949928065807216,67500
user95229708324090387,58700
user4157514206231161265,55400
user6149253843895379188,66200
user4619142741030851182,223500
user6795182229709704951,69300
user7994961362429085044,83900
user4277522110626776784,59000
user4816847764276518623,79700
user7526748448855864219,56500
user3841127697536303298,80200
user1947303290413485268,55900
user4503261058142362896,64600
user2929606164100477300,75300
user97457733076954393,63900
user8868526892513260146,84900
user2235995948305968928,63300
user5106100382681142731,89900
user5333737526950992070,60800
user2803792156661313204,64600
user1269431502213201283,92100
user8555158501596946302,57200
user2243813332711293829,157800
user4993018502353356685,73300
user3222768260621140959,80200
user6917429976153882262,58700
user1026397575643426122,69500
user4767279554837770573,80600
user8143221506312461117,55300
user8635985251006301243,92300
user1209265777101308189,61800
user3533565409663538031,56800
user8053010575568873028,79800
user5471942016207235651,67900
user2139543855909902697,125200
user554058440563078064,75200
user3665298604753763801,62500
user5127644913318915695,72900
user4633761247600794673,105800
user4520897682490850510,57400
user8368618808533748664,65600
user1269773147507499848,62600
user1759861991543848617,89900
user6973364249148319337,142300
user3245432712283194819,85900
user6818301411273570473,62500
user2735798801675151624,78900
user6520329802657182451,60200
user3623994655624968003,61800
user6429352413479309817,66000
user3474177960281627268,55500
user4525583864510118191,63000
user1584479774665936471,57700
user2810158220217002229,75400
user8379671054108705370,62200
user7475842003174993390,57100
user2743503101472963428,125800
user2677978149222149108,86500
user8269035513751625213,107500
user4356680795795408167,55700
user6668029986028418076,111500
user1392239209169519042,98500
user1587827720443081373,78900
user3495722490919400232,56300
user2630421221145177382,77200
user290818219597652718,101800
user7164484893620455870,73300
user6630747027796420725,59100
user8153153830863136927,90100
user8749078948629785075,81900
user6295492460948035352,57200
user191794885327669715,57000
user4590672186325248745,57400
user5976099651770331048,59800
user1458665767226772375,76800
user154511927095672364,93500
user7765437838700670264,64700
user1703709403331569659,83300
user2539650329889448845,75300
user322855035298241940,110300
user3590059643170115554,70600
user232209045945724286,62000
user3529770587981765778,51600
user4339262486664762436,68900
user6780003762627621012,61600
user4506267358625209233,62500
user4326198959728029406,79300
user2525591783831645802,94000
user3226894482128268192,75900
user901361843934244357,58400
user3435215120513208573,82800
user4425222293998012409,79500
user2542450132450151085,56500
user3381179044273034725,75000
user2514539538256689096,59900
user6572137854144492293,74500
user6099238758552003787,51300
user6640679352347096535,60300
user8583742140910061836,145800
user2286684078768997874,85900
user4166668255051854744,62400
user2821541865617313915,81400
user8707657951594962705,91100
user3589717997875816989,115700
user7561585067117155681,55600
user2950703818833622913,94500
user4129603612037699276,58300
user3113252641288341698,210000
user708674402533199577,60000
user2389833634546108110,60600
user4847546343734985066,64900
user9024491336194448023,82600
user4343057308346534689,89800
user4689800751205560534,75800
user4392065557273142291,103100
user3300807024765491446,74500
user1935131123814247666,64400
user5535910416998085309,306800
user3368228601943814792,73000
user1819591086220057945,90600
user3889027842734327790,60800
user1809317116375083570,78200
user6299960327749461150,84300
user6378217407111653520,70900
user1593633823486629950,78700
user6326191040406501795,54900
user5049731051077776091,79300
user4368841145098947983,73100
user1621762732897933822,64600
user6152601789672524090,74400
user4647271650442155054,352200
user1873172432558420131,259400
user1960583560741305980,80800
user5887008642051023855,100300
user616358777113204164,106300
user820429863914560630,127500
user4211997158375962464,58800
user7325135519320911428,58400
user7736294238875414282,78800
user678204383761518602,123500
user3650120137671679862,60900
user8275401577307314238,82000
user7356052413997219754,85600
user6733896583573530961,81500
user9007632987575942740,300700
user4668037905349945687,73800
user3551315118619538742,75400
user5436327122215961858,57900
user2153384086749863857,74500
user7881319521589158550,60700
user6626839121507135375,89900
user8883487044377502202,58800
user3101080474689104096,63200
user325873153076786063,77600
user3712525704832134748,66600
user3459777768929525660,58200
user6504591375062958064,60600
user7170072681446162564,73500
user7528988290904426011,78800
user2062625012789833106,72700
user7559686870362892454,243400
user3254805076321730181,72000
user4431028397041560986,64900
user8028118099153955162,56800
user4650619596219299956,68600
user3311859270340448152,78200
user4767621200132069138,92000
user1216970076899119993,85000
user3816795181633525880,80400
user2366061079155471140,79200
user4629853341311509323,57800
user8181624385568739364,80600
user5148754385347759094,64100
user8416394051828562273,62200
user3991286038173942598,64000
user1406079440009480202,71800
user1914146553688615150,68300
user564550725625894322,61300
user555178361587358960,70500
user8780555803818233849,75500
user5300239144931823387,61600
user5487462128583618155,75700
user7043243983593046358,55200
user2140663776934183593,58800
user1775600419138073004,56600
user281104210264818791,61800
user2282776172479712524,97200
user2237675829842390272,93400
user1995751578827952422,65200
user3931338628279891387,66300
user5208701795241810305,78700
user2891981560574181384,147100
user5959241303151825765,147000
user5403057300883578643,90500
user7690747020333464679,85100
user649733829055916165,93300
user1205917831324163287,57000
user4796310070055513458,60000
user4124139154288449264,68900
user5130444715879617935,57700
user331119295608194192,80600
user8076794948255207784,64600
user6392617598463755128,68800
user2191786966006142104,95100
user2110741901378945280,250900
user820989824426701078,81300
user5270877229888725522,107500
user3383418886321596517,58800
user8404781845741465119,59600
user8131827615443205846,61000
user4922124077494677554,77700
user7952319177058166467,75100
user890869558871428099,59000
user4382693193234606929,69300
user5822033404843406398,75500
user8874114680338966840,53300
user8708104827499590056,62400
user367955377935564192,92100
user4752101087755686634,77300
user4778113485194885396,77300
user8510171243567137147,62100
user8833471959034126801,82700
user4657203974992830864,63600
user417192187548957262,91800
user4178840421651092346,81300
user6640119391834956087,92300
user551830415810214058,75900
user1836449434838563228,93800
user8782795645866795641,67700
user6312132494348698752,82400
user4541663937398641143,66000
user478372603074802466,61600
user3813777063854981757,66200
user3926310800966325141,78300
user1152771543594730666,80800
user139551775231430308,94300
user1884224678133376837,69100
user1698463260800161530,81900
user3612382449537870849,60400
user1200671688792755158,121800
user748757163325899168,96500
user7564373052382160135,64000
user4169126412318258419,74000
user3121846729596894729,72500
user2633769166922322284,55400
user150044060294246566,55800
user7976091732448803437,90000
user2902255530419155759,63100
user3691541134706502232,56100
user4997363039078325801,60300
user7334849528653745355,57100
user3851071839382676894,77700
user6679642192115515230,56900
user3805182975546428726,56600
user2627621418584475142,58500
user6928595306336352065,59300
user7930214685908253055,79900
user3942390873854848093,72600
user4768959436374191917,58200
user6058824597933949216,60000
user4289134316713873938,95500
user3689861253170080888,105200
user5322903596593877247,77800
user9087899776473157233,55700
user6730548637796386059,95400
user1599658241748020410,61400
user5081767866778365313,85900
user197259343076919727,65300
user592461319819356311,65000
user6128257456474048886,90200
user7695993162864872808,69100
user8257983268176668507,106400
user4468871315785698785,89300
user476579636930868025,81700
user4761255136576380113,58300
user5108558539947546406,57800
user5939035008756175580,95100
user8742494569856254167,89200
user6088073428369533984,100600
user5324023517618158143,83200
user6460829268667758591,74700
user8292478241143661404,82100
user286910313308367368,58100
user865198806726527902,72600
user2985758752312756258,91400
user8544106256021989596,84800
user1494050528704506499,64700
user6783351708404765914,67300
user9083773554966030000,63500
user4692153677861635423,63400
user2029468276064962988,73200
user7599427985861293480,80400
user6161974153711059452,96200
user243261291520680992,77600
user7413106608015937725,90800
user1677697005892370897,57000
user3652018334425943089,86800
user1378168845816018213,60500
user8271493671018028888,94500
user565888961868017101,130900
user2924919982081209619,61300
user8477014506842267029,64100
user1072617839305029270,73600
user7655362258855730555,89200
user4959861765628486567,116100
user2780007783974978448,61300
user5041572021378152625,72400
user1875525359214495020,66500
user995139035672819231,58700
user366504057085928316,61700
user528606003636019750,148900
user5310731429994639645,72600
user6177712581305283839,78500
user6678522271091234334,66000
user4475008818654602342,96600
user2451460925976580665,69900
user7507443760266653047,109900
user4316484950395195479,58500
user4393185478297423187,57500
user5103312397416138277,86300
user6029794082716206331,98400
user4870210795397038926,73400
user7427725114585881216,57000
user216357533743986802,76000
user1592513902462349054,67400
user2822661786641594811,61400
user6855802684723409707,104100
user7088685971524667175,57500
user2731112619655883943,124900
user2651405791270809898,142600
user4932056402045353364,79200
user650293789568056613,153300
user9044810715197611305,82400
user1122072964136264223,60500
user1370694678531746078,56300
user7566052933918581479,59400
user8178276439791594462,58900
user8235318816514614647,58900
user5726917976862708745,64600
user3601111888745072260,80200
user4526143825022258639,56800
user6163312389953182231,86000
user5428292994419549275,81400
user6185758526397394208,101400
user770301693963672132,79300
user8233090791761750641,64400
user2940876724893275889,73100
user5755948492080451630,68500
user6874340914878336334,111000
user6884273239429012144,60400
user5551088884080169248,84400
user7303031028170998016,73100
user1053748209324747663,230600
user8703077000186023810,84900
user5356060333318747365,65400
user4266469865051820078,70300
user2287462354498980205,108600
user177394693975568107,95900
user6878467136385463567,63700
user2696287818690290267,79900
user3651458373913802641,56300
user1885457683765170830,59200
user632315519925270434,56800
user5692653136409255517,113100
user3689082977440098557,83300
user8355886681422370614,88600
user86965448014138135,86000
user8835151840570548145,114100
user5229686365367442821,58600
user3635719946319578254,377700
user2778899680246395338,62400
user7634812747339027604,67400
user6017073772900526067,53800
user8049662629791728126,63900
user1934352848084265335,90500
user8711236029885647276,95300
user790507988359322317,65400
user7121282747737396845,73000
user5904540035789182683,152100
user8141541624776039773,56200
user6493320814270159475,113000
user5988490133587410533,58300
user7512129942285920728,54500
user1405519479497339754,88700
user7940706970971069313,57200
user2596144563396026368,61300
user3597763942967927358,92200
user6390389573710891122,98500
user4744615103175716713,77000
user1396365430676646275,113900
user4905265728876172271,58300
user2099907971021830457,71100
user880158958590769958,65200
user7775930123763486522,75200
user7344781853204421165,67800
user7003502868094645332,69800
user7801382560690544836,60500
user6289686357904486775,66600
user6219133578340106209,61500
user3083443850340616482,87100
user759031133170873543,106700
user4141775778636936878,62800
user1402171533720194852,335300
user3761533953758742350,101900
user1703927718549411542,60600
user7902304091714791066,110200
user7960353304854579050,135800
user4314586753640932252,61100
user8861382553227588790,60700
user6972026012906196558,96300
user8165544312680216412,63400
user6400103583043725049,61400
user1467478170753167289,60200
user5084555852043369767,82700
user8619686862899936408,118000
user8407799963520009242,81700
user3914698594879227987,61000
user5597756023646399747,62000
user676866147519395823,65100
user5157453704266640911,58200
user6294714185218053021,79100
user7835877533657537733,60600
user7178772000365044381,60500
user1374260939526732863,56400
user5740428379704069126,61800
user4129385296819857393,77200
user5948189057576869059,71500
user6905599454848943225,68800
user8984750220696046997,61100
user1731619997525031648,67500
user7703479147444842729,81800
user2700082640372062520,114300
user7597529789107030253,56100
user5796922613210646649,60200
user6931270206993843422,62400
user7136242899601638901,96100
user1826735425505729301,67100
user5888801608194958296,97300
user6031132318958329110,67800
user1653581233380681161,125000
user5295334647694713823,56600
user54586987019250348,78400
user8561306249934793444,83300
user916321995798486413,59100
user2549364339222282772,56500
user6085615271103130309,79700
user1007871162784197281,88700
user5111906485724691308,63600
user2355008833580514434,75400
user4092767529710329276,61800
user2723078491859471360,78900
user4833146152382883458,60000
user809937578851744372,58800
user1721905988192197721,75500
user7351147916760110190,61800
user4002109723062113836,119000
user4152828024211893584,126000
user5047491209029214299,74100
user637343347238836680,135200
user4481156566992449484,106000
user6557394445671337919,63300
user3339769864533910141,52500
user3673562865063716053,77000
user2488856968816091113,60400
user264587506940612073,69900
user6311012573324417856,63600
user8732780560523420240,62000
user1198431846744193366,60900
user8378769448302266357,129900
user7424718814103034879,78900
user874011210252922816,63000
user5722231794843441064,90200
user7449611290517952745,80900
user6641239312859236983,1176300
user8302410565694337214,65600
user1812105101640088024,113300
user8527029592185642430,91300
user292716416351915945,63000
user1946183369389204372,54700
user7160358672113328637,67800
user1572307608066698869,60600
user8244143037336707347,57000
user8989436402715314678,83100
user7250444700953705843,81800
user4036386380811264850,94600
user65639232594207054,54900
user1456985885690351031,87000
user246827552515667777,52600
user1721346027680057273,59300
user3930996982985592822,78400
user1093602409430661786,57900
user4356120835283267719,55100
user165782487888470953,79000
user9165036934811068707,78100
user7747688129744669553,152100
user4618801095736552617,144700
user5085675773067650663,60400
user2595024642371745472,59800
user6905039494336802777,58200
user1484896479883813020,58200
user7010647207380316688,116900
user2928486243076196404,72400
user3193519430185556191,93000
user4908053714141176725,233300
user3721898068870670110,64900
user2325086958025276121,109400
user1027517496667707018,63400
user280325934534836460,75600
user8879579138088216852,58600
user8875452916581089619,58000
user4029242041525593494,54600
user8496890973239316435,63900
user2653633816023673904,62400
user1317661475409826554,98100
user6267581866754573363,77700
user8982510378647485205,59200
user7302471067658857568,86600
user633995401461691778,119200
user8643689550804113047,79600
user8245251141065290457,67100
user7571517391667831491,60800
user3698455341478633919,75700
user1935691084326388114,54700
user2061846737059850775,59800
user4942443456497840836,64300
user2976386388274220896,82100
user9160019352966446046,54600
user7889353649385571133,75700
user4620480977272973961,64100
user7472835702692147053,79300
user4393963754027405518,59800
user4715813148644759296,75000
user5771800004282189114,71600
user1550544762211084022,86500
user1495730410240927843,70800
user416632227036816814,75700
user1368454836483184286,59000
user1650906332723189804,60000
user6159186168446054998,57200
user6453684929382087235,91800
user4517879564712306387,82100
user9011199248570929525,94900
user6769511477564804754,93600
user8494992776485053208,71200
user7340655631697293932,110600
user8506823297789992245,92400
user6140989583585426936,95400
user7461783457117190347,60500
user3827287466696342138,69400
user665472256650140552,57200
user5811882765074888705,57700
user4173252633825385652,59700
user8944667459903347406,66200
user7482986342460664746,219900
user8847324007169785747,77100
user4480596606480309036,88400
user1042695963749790957,82800
user7954547201811030473,74100
user8983630299671766101,77000
user2314594672962459863,104900
user3056871492389277272,59900
user7446823305252948291,55200
user2655313697560095248,78600
user1109682482319184738,59200
user7208693875920282694,68400
user4985532517773386764,105300
user27236353337928807,68300
user4392843833003124622,56500
user7927196568129708932,53600
user4162760348762569394,343100
user8597022411237882548,83500
user3432987095760344567,73400
user7987143978023760143,69900
user7725583638594756141,61500
user3906994295081416183,54000
user8527247907403484313,60500
user983526829585722077,60800
user4822653867320067200,55500
user3788666272222222008,61400
user2307108688382489942,53000
user2298856245368235476,55600
user864638846214387454,70600
user6427454216725046590,112800
user950151777643010076,121900
user7835659218439695850,67400
user4578386935118498046,85200
user6862168748279098732,60700
user3897061970530740373,90000
user1303042968839883063,71100
user576162931712991476,66200
user1116048545874873763,74100
user1632036702742908197,96700
user2555730402777971797,58400
user3337530022485348349,82200
user2348642770024825409,97600
user2297736324343954580,60100
user5916712202388420285,55000
user3259832903635296427,61800
user4480814921698150919,113900
user3827847427208482586,57000
user5943502875557601378,74100
user5213947937773218434,92000
user7120722787225256397,90900
user773649639740817034,89300
user4860278470846363116,348900
user3374034704987363369,92300
user3597203982455786910,57500
user6971684367611897993,66600
user3271103464428095016,79700
user7712291550971237643,108000
user65980877888505619,68900
user8730882363769157013,59000
user6892867327737565175,72200
user984646750610002973,105700
user5674674866766469338,83300
user3447605602330288058,83600
user8392621496437925303,63000
user417410502766799145,61700
user7256250803997254420,80600
user679872448002242160,62100
user6521231408463621464,78100
user4948809520053529861,57600
user7348908074711548398,175400
user4756008994044971984,56500
user5949308978601149955,84000
user5459551534390156166,92200
user2891763245356339501,69100
user8051342511328149470,55600
user3470830014504482366,57000
user5355500372806606917,93500
user5212049741018955207,68600
user4530270046529385872,84100
user6504933020357256629,59300
user1461453752491776829,65400
user7255690843485113972,1691800
user3811549039102117751,99700
user7941266931483209761,72600
user3208697897267640130,61200
user5304147051221108737,91300
user870444949257936031,105900
user154170281801373799,77100
user1335639745052612733,60000
user1017025211604890760,62100
user7164153493795100890,90400
user4930718165803230585,105300
user5997975582233458992,60900
user4980846335754119083,174600
user4178280461138951898,74800
user1484118204153830689,52400
user8066520978410233409,65200
user5925524605914815199,59700
user8743272845586236498,54400
user7861889931096736495,96600
user4348976495997596363,63100
user5097506294372589700,86000
user3803284778792165499,97900
user8754885051673333652,59800
user7169057991032210454,73500
user1197093610502070587,95200
user6152041829160383642,72400
user4531171652335824885,63200
user5043924948034227514,93600
user7462561732847172678,79600
user7452069447784356420,78700
user3029967734612583082,185200
user6153940025914646869,73700
user1676358769650248118,77900
user8395409481702929757,69100
user3128212793152583754,89000
user3158134668707822067,63300
user2974146546225659104,55800
user8858034607450443888,76600
user4062617093468305495,60500
user3096394292669836415,65200
user2402784076875328043,61600
user2379341349483291852,129200
user7725023678082615693,75800
user3231362348929693990,77500
user4278082071138917232,55800
user6570686533294856417,77000
user2326425194267398900,72900
user6782791747892625466,72300
user3973307768531156419,80200
user3133458935683991883,58100
user3029189458882600751,59500
user6065408976707480124,63800
user8340595129732773578,71500
user6436826580763581952,79700
user7917264243579033122,75100
user6516203581150055218,145400
user3702593380281458938,84900
user643367765500227140,69500
user7108332305408176912,89600
user8720390078706340755,58100
user2393971673348933129,81200
user6258769463228178449,76600
user4217461616125212476,78400
user9020913257903763452,80800
user8093871612091554950,92900
user505941551973965890,79700
user3008204888756968235,122900
user7584249518779209541,93600
user6174706280822437502,56700
user4333343299013700762,103900
user3096954253181976863,65800
user555396676805200843,136500
user832602030513798232,72900
user5301359065956104283,68200
user3640966088850986383,68600
user7361640201822926448,57400
user171588590932019530,62400
user5173752092373005746,162800
user5186037343579756445,70900
user5257036999048764362,60700
user1133685170223361377,74800
user2187100783986874423,75000
user3950095173652659897,60300
user3518386942581454092,72400
user4756568954557112432,66500
user4223380803776274150,75200
user8862502474251869686,74000
user8176378243037331235,61400
user1759643676326006734,60700
user3677689086570843286,57700
user8996020781488845586,78300
user4761473451794221996,55100
user7708165329464110410,68800
user5953995160620417636,69800
user2047446545707749167,87500
user758471172658733095,77700
user8988876442203174230,78500
user3046047807501106034,61700
user6267923512048871928,66500
user2683442606971399120,73800
user7058204135457288414,58500
user2200611186828234804,61400
user4188212785689627708,83100
user1810996997911504914,88900
user1447053561139675221,75700
user5229126404855302373,146800
user8285552217075831931,82400
user4078697166356828447,73000
user3927990682502746485,98900
user5827839507886954975,60200
user1869606171563433346,63300
user251295419317093575,59600
user5707053327761357125,99300
user1651466293235330252,83700
user5414222631066048446,82300
user1654814239012475154,62000
user5311851351018920541,68200
user3623216379894985672,91200
user429022708853896299,58900
user3085902007607020157,110400
user8386815393394376726,68700
user1688189290955187155,114200
user5780624225104281814,64900
user6047772352358992510,60200
user3821481363652793561,76400
user4316266635177353596,59600
user3756847771739474669,56700
user8418073933364983617,85600
user5070715621203408607,86000
user8048884354061745795,160700
user3702033419769318490,80900
user4294380459245282067,59900
user4325638999215888958,59100
user3331723919441799772,63100
user4151708103187612688,74200
user5773138240524311893,59300
user3242414594504650696,58200
user3381739004785175173,119100
user3777832341865107185,67800
user3981572028841108671,66600
user5993289400214191311,77900
user7287292600576773629,103700
user5685727112341426044,88600
user3824829309429938463,59700
user5459209889095857601,79600
user4403677763360239445,70600
user8663895845199763232,75600
user8709337833131384049,85100
user2678196464439990991,93100
user7371012565861461810,1443300
user1468379776559606302,85900
user7825385248594721475,93400
user164444251646348174,108400
user4494107009321669417,68400
user5587823699095723937,99500
user8504365140523588570,82000
user406699902486141004,99200
user3438233238291752696,91900
user8099459399917261644,60100
user4426560530240135188,58500
user8962864044763975468,64600
user6306544706522992058,74100
user6383463549643061649,59400
user7049163171244108032,60500
user1984586248645482619,66100
user2297176363831814132,100700
user3028629498370460303,83900
user8037832108486789089,93000
user5221422105057490569,86900
user4619921016760833513,84000
user8868308577295418263,81800
user5825941311132691748,52400
user5716425691799892487,72600
user6238779912223615946,57900
user1446275285409692890,60100
user4403896078578081328,62300
user6516763541662195666,76600
user8769845203537575708,100900
user890091283141445768,100800
user3639733083219192390,112800
user6736354740839934636,57200
user3558801103199508663,109700
user8164766036950234081,78400
user1176214270986766857,82000
user7704257423174825060,82200
user8522561725384216632,96400
user5155555507512377684,59300
user6178272541817424287,64600
user2176608498924058165,64400
user6428792452967169369,60800
user323414995810382388,52400
user1070719642550766043,67800
user5559134829172279617,58600
user3142831299722527245,64100
user7879639640052737206,90700
user2028348355040682092,61300
user2300194481610358255,121200
user7582009676730647749,1857900
user8520103568117812957,66600
user2764269356380754061,83300
user1451521427941101019,159900
user7926636607617568484,54800
user1032203678686974699,90500
user3586711697392970652,153900
user4390945636248861395,127600
user6305766430793009727,80300
user6153380065402506421,62500
user7813773042507624321,60300
user5486902168071477707,58800
user4641465547398606477,92800
user1851627901920647167,60000
user7817899264014751554,63500
user4287796080471751159,62100
user64860956864224723,66400
user6113857265121947278,70400
user4314026793128791804,91300
user2700414040197417500,82700
user7313523313233814274,66100
user3684396795420830876,77900
user5335075763193114849,69800
user1929884981282839537,102300
user2767847434671438632,94700
user5476409883008661449,78700
user7032751698530230100,243700
user6005461566813428913,87400
user5481314380245771013,67100
user6156168050667510875,54300
user2109062019842523936,104100
user1363208693951776157,74300
user4928043265145739228,81200
user2177946735166180944,57700
user1472505998066733535,69200
user5256818683830922479,106200
user1735186258520018433,68500
user6942322452568800128,74800
user1951429511920612501,62600
user2402565761657486160,69200
user6368285082560977710,72700
user8175476637230892222,61900
user8132169260737504411,86400
user7118264629958852722,57100
user5518938983772066929,62800
user1106894497054180284,129300
user3254586761103888298,71200
user4031700198791997169,71200
user2031148157601384332,55900
user2587767218478561019,78600
user6212767514784417184,57800
user6157287971691791771,101400
user1548304920162522230,79600
user1571529332336716538,81700
user6290587963710925788,57100
user2816295723085905786,53800
user4600604510875924555,78100
user2474238462246147622,95700
user5338423708970259751,59600
user5375146706690116654,70100
user1105214615517758940,177900
user3327597697934672539,115800
user8654741796379069753,93900
user8429126178939940323,68500
user3787546351197941112,60800
user8632978950523454906,63700
user2767287474159298184,117400
user8566552392466201573,61000
user6530043811990016378,60500
user1268653226483218952,74600
user3248780658060339721,122000
user8184630686051585701,336400
user8872994759314685944,57000
user2441186956131606290,93500
user6621033018463586798,81500
user1730500076500750752,84800
user1583701498935954140,58000
user2992684776380585731,77100
user5868595313799308111,61800
user6596470370047269711,76700
user1310187308125554419,58300
user8401215584746478334,83700
user924367940890596782,167900
user5690413294360693725,87200
user412506005529689581,74100
user2901135609394874863,68800
user1749256621873519262,64000
user9115250410154478774,75200
user3942609189072689976,77100
user7973863707695939431,53800
user5294433041888274810,61000
user5958681342639685317,58500
user8105596902786165201,60800
user7340095671185153484,59100
user3569293388262324921,86600
user5981905754813879625,58600
user7587597464556354443,62500
user1689869172491608499,81100
user847780497595882171,145200
user4771965736857038254,54800
user764837236214422120,79100
user401672075172574758,59100
user3130110989906846981,53300
user1357744236202526145,110000
user2508733435213140519,98600
user512867576041795363,69800
user7030853501775966873,82400
user5828399468399095423,71600
user8656421677915491097,110900
user1562935244028163507,66400
user2664686061598630610,84300
user6563200548714886496,61800
user5938475048244035132,73300
user1804070973843675441,67300
user978840647566454396,75000
user6808587401940736546,59500
user4833487797677182023,59100
user7707045408439829514,63200
user61513011087079821,61900
user5570965350477218654,62100
user6164992271489603575,77600
user3778392302377247633,79100
user4399769857070954095,68800
user8357224917664493393,60800
user2858046548119328935,87200
user5758519733954368402,155400
user2072339022122667033,68000
user8708996187837085484,69900
user4635659444355057900,71200
user4998482960102606697,75900
user3936584770811299516,69900
user6746068750172768563,69600
user311802789723285234,57800
user7723343796546194349,72800
user2054360752479880854,68400
user5116592667743958989,81600
user6504031414550817616,59100
user730778893683112989,58800
user6542215978589253980,75300
user7466469639136458028,62600
user3638394846977069611,69600
user7125408969244524078,78500
user1788892506761591502,93300
user1117386782116996542,97000
user3901748152550008054,58700
user5634260706148414767,70200
user741612824040227812,52500
user2903375451443436655,69600
user2513201302014566317,54900
user5156675428536658580,103100
user2168574371127645582,122500
user6999376646587518099,58200
user7575985258469257289,69800
user8015945932554717560,234300
user7746568208720388657,56900
user3218642039114013726,60900
user1330953563033345052,84700
user3007863243462669670,70400
user2302422506363222261,86900
user6437386541275722400,64100
user4628515105069386544,82600
user8762359218957605787,57100
user784141924803633292,68000
user6894765524491828402,87000
user5921958344919828414,53500
user5234932507898850950,58400
user6541096057564973084,60700
user7951759216546026019,68200
user4189892667226049052,85400
user4711800011745145160,347400
user8395627796920771640,145000
user7189937330547514184,76400
user1171309773749657293,85700
user1879869895939464136,60500
user6191222984146644220,62200
user4805122473581908372,85900
user8276179853037296569,128400
user638121622968819011,58600
user5912804296099134935,61500
user6735576465109952305,64800
user4381013311698185585,56600
user1536144570858982414,97600
user6745508789660628115,101100
user8231970870737469745,60800
user1348590187381832666,83900
user1711413703129381463,79200
user7164371809012942773,76200
user7725241993300457576,79800
user6515643620637914770,77300
user6881815082162608469,88400
user7049504816538406597,58800
user1292095953875255143,60300
user4574820674123511261,73100
user5086235733579791111,79300
user5152549207029531347,110600
user1226342440937655355,86400
user5460111494902296614,87000
user5008196969435440624,55900
user7428845035610162112,68900
user1083670084879985976,69900
user6909165715843930010,92700
user583980316118316377,78300
user7933562631685397957,60800
user4293602183515299736,56900
user4883721198238399307,54500
user6495778971536563150,62100
user7486894248749950096,61500
user5590611684360728391,73600
user832042070001657784,80900
user6946573575979138244,80300
user3779512223401528529,94800
user9010420972840947194,69000
user9061327418521818023,138600
user8562757570784429320,91900
user5468923898428691528,90000
user4941210450866046843,85500
user7021699452955273394,54300
user109848214894033878,72500
user4415289969447336599,83400
user3974427689555437315,137900
user5119050825010362664,72900
user5259824984313768816,70400
user1583141538423813692,155900
user7734956002633291503,77100
user451468845298108276,91400
user6439844698542126075,57100
user6906377730578925556,69500
user5924964645402674751,107500
user5225000183348175140,63700
user5703145421472071775,67300
user9000488648290271384,60600
user4668816181079928018,78400
user127161293414350823,115600
user4696166814761249559,72300
user3486350126880864870,201300
user779455742784365611,88900
user3519725178823576871,71300
user4596136644074498757,57200
user8780897449112532414,89300
user1005631320735635489,100200
user3922184579459197908,79900
user7800262639666263940,63900
user2464524452913313695,88300
user9031965503478720158,69200
user3415008826117558388,73700
user9110222582840912528,116800
user5058325139386329122,69300
user1930444941794979985,92000
user7576545218981397737,68800
user1117946742629136990,64800
user3474396275499469151,60300
user2461953211039396923,84300
user3700353538232897146,67900
user8510949519297119478,56300
user890309598359287651,89000
user3817355142145666328,114600
user9114130489130197878,57400
user516993797548922596,61300
user1241302592801897411,109500
user3202343651007648891,85400
user3584471855344408860,226000
user3539484597314599705,122700
user506501512486106338,76400
user3826167545672061242,78300
user421878369568224943,143000
user3458999493199543329,79600
user5333955842168833953,76900
user2404463958411749387,62000
user8736906782030547473,60100
user4168566451806117971,150300
user1196533649989930139,61400
user8529487749452046105,66800
user2025342054557835755,70100
user6259329423740318897,60200
user5332617605926711174,80300
user627629337906002753,53700
user3283275631027332618,71900
user5982124070031721508,56700
user702536899664296020,89900
user2287244039281138322,82000
user302990386196890320,81600
user9038891527546549631,88800
user2576714972903604313,95900
user2187660744499014871,103500
user1132005288686940033,68200
user906949631759951051,66300
user1246548735333305540,300000
user989674577923569219,61800
user4834266073407164354,80500
user1421817867603704589,85400
user6669149907052698972,80800
user2452799162218703444,89200
user7686060838314196998,58800
user6223601445141532007,59500
user2793518186816338829,63000
user983868474880020642,62000
user7420580775300209860,62100
user1026957536155566570,79700
user6427112571430748025,56800
user4855032328314954987,85800
user9220639807980150802,60700
user9125742695217295032,112500
user5128764834343196591,63200
user3326477776910391643,62200
user7031973422800247769,103000
user390401514379776169,80700
user6152820104890365973,73200
user4815396443426882747,76100
user2343956588005557728,58700
user5585365541829320262,78600
user7359960320286505104,57200
user699861999006804663,69300
user5565159247433670077,52600
user5476068237714362884,83100
user3858546006666949029,53400
user2380461270507572748,58400
user3611044213295748070,60300
user5757181497712245623,76600
user7231918288094477002,95300
user7674448632227099844,77300
user4906385649900453167,84500
user2429356434826667253,61600
user2665246022110771058,86800
user6643137509613500210,60300
user3378172743790188388,62400
user8605846632059975248,102700
user155290202825654695,74700
user4946456593397454972,66400
user2969242048988549540,60500
user4708452065968000258,63800
user8544666216534130044,72100
user2534404187358040716,69500
user8521223489142093853,77400
user5872048490186781799,61100
user4595918328856656874,63400
user23670092342942022,59000
user3003737021955542437,71000
user6482486883913044652,100400
user1017243526822732643,91500
user7812653121483343425,64600
user2281656251455431628,80100
user2419642425493833326,62500
user5663404305973670749,77900
user6394857440512316920,74100
user5355842018100905482,90100
user1110242442831325186,62900
user6993010583031829074,96300
user2505715317434596396,70200
user7587037504044213995,112600
user7281486497533225052,116300
user6923349163804943936,61100
user1757290749669931845,63000
user3610484252783607622,68500
user7301351146634576672,60600
user3903646349304271281,102000
user2098009774267567230,80300
user5144503261937420978,64400
user2379901309995432300,96200
user2849452459810775904,79100
user5344229812013808328,61700
user6877128900143340788,77200
user8781675724842514745,69400
user7248216676200841837,57000
user3032755719877587536,97900
user2986318712824896706,100500
user8918323662638793664,63800
user1696783379263740186,97400
user7833979336903274506,94200
user3802724818280025051,57400
user7268982931108632470,74100
user398105814177587973,57100
user8113517945975064687,64500
user3321013319161141631,63800
user7664734622894265917,58700
user2759801489579328263,60400
user5838113477731929350,151800
user7722783836034053901,67200
user6131057259034751126,130300
user5986591936833147306,119500
user6264015605759586578,55600
user6987204479988280497,90900
user377109426756257671,55700
user3939042928077703191,75200
user6730330322578544176,102100
user8059936599636702501,58200
user576941207442973807,85100
user7609141995194127407,83300
user5128204873831056143,57700
user5937136812001912353,91000
user1620424496655811043,60000
user3713085665344275196,64500
user5591389960090710722,68900
user5665302502727933976,84800
user88085369038419031,75500
user3575659451818013946,100700
user1242080868531879742,57700
user8874674640851107288,149900
user5473061937231516547,74300
user2011271691204334926,60500
user3072951565277800224,83000
user5145623182961701874,63300
user6882935003186889365,58100
user4420194466684446163,71800
user6399543622531584601,57300
user5734403961442678666,77800
user6316818676367966433,82700
user73685177686317423,88600
user6847550241709155241,62600
user7121842708249537293,102500
user6027566057963342325,75600
user2232761087136337123,106000
user6076242907064594947,65100
user8061056520660983397,111000
user5245206477743825325,84600
user7340313986402995367,53000
user8056028693347417151,61100
user7613828177213395088,58700
user8958737823256848235,79500
user791067948871462765,58900
user1479432022134563008,76200
user2502149056439609611,66000
user3552216724425977755,71400
user3674682786087996949,65900
user6525917590482889145,56200
user5548300898815164794,90300
user1219198101651983999,63300
user4161982073032587063,76500
user4982184571996241862,111500
user8664455805711903680,81100
user6509837517594366193,64100
user6180730699083827962,104200
user8174698361500909891,59000
user6708444146646472647,57900
user3852179943111260004,64100
user1083451769662144093,58600
user8619126902387795960,83300
user7520610945986960662,203100
user2517327523521693550,55200
user2957629842901452386,92200
user1777280300674494348,90000
user1397485351700927171,78200
user4585084398499542051,146100
user1219976377381966330,57900
user5223320301811753796,82400
user5095048137106186025,65000
user8139313600023175767,68900
user8564312550417639781,62400
user1061347278512230681,75800
user6636553130839969302,58100
user3145289456988930920,75000
user6004683291083446582,96600
user4288916001496032055,70400
user1875070629312683358,92400
user578734173586908248,64900
user9094484155246688141,79200
user6988324401012561393,95500
user4267589786076100974,84700
user4866302889107753576,80300
user2039960561127779246,251500
user4510405397428034252,71400
user3826509190966359807,70100
user7985029037878409234,73700
user550492179568091279,62900
user1955337418209897851,54600
user1297796826308474934,79300
user1587267759930940925,72300
user3680541338379519,107400
user7167719754790087675,88200
user1201779792521338268,71900
user1962263442277727324,75800
user649173868543775717,141900
user5777606107325737691,61400
user4745175063687857161,64500
user2065412998054837560,81300
user654201695857341963,57000
user4083943308888236576,65900
user8256863347152387611,104500
user75353241927040981,87200
user3563487285218776344,69900
user8627951123209888660,65700
user7781736226807035099,118500
user543566155500261806,69400
user264805822158453956,84900
user7483327987754963311,98200
user3905326230840692625,189300
user3661172383246636568,59000
user4388717611495997389,62900
user5947069136552588163,88800
user3526204326986778993,60700
user2424328607513101007,71600
user5163932852429843033,76500
user3689642937952239005,70900
user1913026632664334254,75700
user7918602479821155901,65000
user7555778964073607104,110500
user8985528496426029328,62700
user1846941719901379486,71000
user7021481137737431511,63300
user1890703826296578959,158900
user781353939538628838,72100
user3112474365558359367,68800
user6565440390763448288,89000
user2077025204141934714,78500
user3921624618947057460,106900
user7498506454837047250,90900
user4651957832461422735,92600
user3695107395701489017,1785100
user1904774189650079788,98800
user8846982361875487182,65000
user1760981912568129513,90300
user968130047285796255,116200
user7818459224526892002,58400
user643927726012367588,102000
user9100071943072394835,93400
user3085123731877037826,97600
user513427536553935811,72200
user6962312003573362631,116800
user417970463278939593,61100
user2871556950960689316,79100
user5527876289201672726,62100
user6594802305806546153,77500
user5765880816631127440,79700
user7129876836045949876,77100
user4305992665332379221,71700
user5179671280024067420,340000
user2392851752324652233,77400
user1941497187369936691,67900
user6834599799379935308,78600
user1583359853641655575,127400
user180742639752713009,90300
user4503479373360204779,84000
user8394849521190789309,74800
user3564607206243057240,63900
user1769794316094524427,77700
user8306878432495763012,81100
user8491084870195767858,59100
user516215521818940265,94500
user1132346933981238598,83500
user7757733538902858460,59200
user4298848326046707865,80300
user5943161230263302813,86800
user1066033460531498362,66600
user6898113470268973304,78800
user314042631771847026,67300
user9101970139826658062,87600
user4050226611651226010,68700
user1372922703284610084,103400
user4389277572008137837,82700
user1747918385631396483,85600
user7358292256045781546,71700
user575043010688710580,79600
user5246544713985948104,60300
user3017577252795503597,165100
user3731612078203504037,68700
user6076461222282436830,60300
user8145119703066724344,137200
user7237164430625885131,94100
user7247096755176560941,71200
user2958408118631434717,63000
user5004070747928313391,57900
user1144737415798318083,63400
user1673010823873103216,68200
user10046604894068544,78200
user6733336623061390513,73100
user5399491039888591858,74500
user450348924273827380,55200
user8088407154342304938,67800
user1664746563563150964,60900
user1533013368472925194,76200
user6329209158185045918,95200
user4492208812567406190,90300
user889531322629305320,89300
user1132906894493379046,235500
user2291370260788265555,486200
user2070659140586245689,82700
user2502927332169591942,76600
user4824333748856488544,61600
user4152268063699753136,522200
user4047220311168379673,58600
user4760913491282081548,111200
user1675798809138107670,100800
user8429344494157782206,94500
user8104705542448669773,102600
user6328089237160765022,88100
user1858553925988476640,93400
user5964487445683233894,89500
user77811399193444656,94000
user7791108590845570461,77600
user2639575269965870861,107900
user1753724488674945060,56700
user2480822841019678530,62600
user3964713680222603388,58100
user3889587803246468238,57100
user3837219791247017948,97900
user946803831865865174,60300
user7421700696324490756,143100
user1737084455274281660,101000
user4969794090179162377,59900
user5009316890459721520,76700
user5817907183336279165,151500
user8428784533645641758,55500
user9006513066551661844,151100
user1972195766828403134,81300
user1207585895564886845,88300
user3576219412330154394,83300
user857712822146557981,117600
user9075727609873919631,107200
user9034205345527281950,84400
user1820929322462180724,69900
user752665069615184518,101300
user1755062724917067839,82700
user2403344037387468491,88900
user1245988774821165092,56500
user5563261050679406850,58000
user7948741098767481896,56900
user4644813493175751379,58200
user4552716182973597849,62800
user5848045802282605160,77400
user1562375283516023059,108900
user4633201287088654225,53600
user4463625173254290656,59200
user5977437888012453827,56200
user6812600538840350682,59400
user1983807972915500288,60200
user1974435608876964926,59900
user5608808269221356453,64700
user568128803916578893,62000
user8608074656812839254,62600
user4655865738750708085,117000
user708343002707844597,71200
user1902534347601517996,81500
user3483550324320162630,59800
user53808711289268017,83200
user5723570031085563843,54200
user5405628542757495415,119800
user506283197268264455,79600
user5641518130041599220,60400
user8637323487248424022,117200
user5020587451252520109,63000
user5762085994949355187,91700
user70667059907773300,75500
user1758970631206353189,105200
user6987764440500420945,76100
user4474790503436760459,79700
user4153387984724034032,92600
user4428240411776556532,105000
user3964495365004761505,69800
user733018735731674781,58300
user7791450236139869026,79500
user4895333404325496461,100400
user5521510225645983701,61800
user3007084967732687339,120400
user1945405093659222041,236500
user7913916297801888220,86500
user7104984359631032010,77200
user9219519886955869906,59600
user3244872751771054371,65800
user8759011273180460885,77700
user1520841201873687592,65300
user5515372722777080144,62900
user390619829597618052,58800
user4540544016374360247,97600
user327541217317509621,80800
user8485278767152219281,82700
user7108892265920317360,91800
user5801608795229914330,81200
user879598998078629510,87000
user2890643324332058605,62100
user4916877934963269425,93700
user6759019192501988496,76400
user2428796474314526805,77800
user3154443505809624399,59800
user774769560765097930,63200
user7908670155270480091,74800
user7113018487427444593,81000
user5497954413646434413,78100
user8110843045317573330,82100
user7807406978951935296,73200
user1732179958037172096,95100
user3007303282950529222,110300
user4893995168083373682,82500
user1020591472599877545,78800
user8637105172030582139,61100
user49122529270000336,67300
user8358344838688774289,62400
user2606076887946702178,110100
user1356064354666104801,120700
user2958189803413592834,81100
user2265139548131224910,79000
user4337811165815126560,76500
user2706220143240966077,72000
user8869646813537541042,56400
user4844198397957840164,102200
user4760695176064239665,96300
user6142887780339690163,59400
user7406180583948108252,74300
user2529718005338773035,93100
user5746234482747617703,65500
user8732220600011279792,102600
user7955325477541012804,97900
user996258956697100127,83400
user5509224974439233002,71500
user115767402545095552,58300
user2303542427387503157,102400
user6054356731132523418,78400
user2238348874962043817,59400
user3379840808030911946,72000
user5810762844050607809,95000
user256541561848501704,58800
user6746287065390610446,103400
user242141370496400096,71400
user6460610953449916708,96900
user5802728716254195226,57200
user3559361063711649111,91900
user8885726886426063994,61800
user4634539523330777004,58000
user7676906789493503519,59500
user6202056914503759043,68700
user7938808774216806086,60900
user7988595298873396019,141000
user4014841850173491886,83300
user2408371864701034737,72000
user1114928624850592867,93800
user5580679359810052581,100700
user8265127607462339863,110400
user6728090480529982384,93000
user8077354908767348232,56300
user4111293942569558117,54900
user6396755637266580147,85200
user9101410179314517614,66400
user1395027194434523496,97500
user5580337714515754016,64900
user225169937270381716,92300
user1574547450115260661,88700
user6480475602551268328,63100
user105162032874766197,72200
user5734963921954819114,238100
user1688749251467327603,70400
user7473054017909988936,74200
user4283888174182465809,102400
user3673002904551575605,63800
user9133228679797264953,72100
user1497628606995191070,55500
user1231588583469063484,64800
user4526703785534399087,79800
user8396187757432912088,108200
user7323797283078788649,133400
user1185928280319600784,85600
user5423606812400281594,59700
user8997140702513126482,71400
user4441520682104377244,58500
user4029802002037733942,68400
user616017131818905599,139400
user7939587049946788417,62100
user3382298965297315621,63300
user7907550234246199195,94600
user6031473964252627675,110000
user2323967037000995225,75600
user8286453822882270944,71800
user6619694782221464019,61500
user6838166060374922093,73900
user2855818523366464929,57300
user3298908828011228219,142600
user3572641334039469823,88000
user7211481861185287148,75500
user869884988745795583,74800
user5859098047857561866,55400
user4653077753485703631,56500
user8663335884687622784,131600
user879039037566489062,65600
user2166894489591224238,84600
user253535261365655367,80900
user4509285476403753356,88500
user2392291791812511785,68000
user2150036140972718955,112100
user5249332699250952558,85200
user6857482566259831051,79600
user452247121028090607,57500
user7666414504430687261,78600
user5598875944670680643,65300
user3234940427220378561,61700
user4063177053980445943,91900
user2541890171938010637,103900
user8393729600166508413,51800
user8591776268706474419,73700
user5426613112883127931,96400
user5778944343567860470,80500
user505381591461825442,73100
user6797982032270407191,80000
user5175545058516940187,74300
user7581791361512805866,72000
user3117938823307609379,107100
user5162699846798049040,114800
user3122625005326877060,56400
user6805456199554679326,73800
user4563768428548554555,71300
user2055698988722003633,99700
user8747959027605504179,83900
user1452299703671083350,77900
user4994356738595479464,96900
user2197033108537550233,87800
user3671104707797312378,65800
user9072379664096774729,64800
user7446263344740807843,75300
user281664170776959239,67300
user6268701787778854259,58100
user1237736331806910626,90600
user8033924202197503739,85600
user6845870360172733897,58200
user639241543993099907,79600
user4640905586886466029,141100
user5974979730746050152,90600
user6560972523962022490,101300
user1585039735178076919,71600
user6634313288791407510,74100
user6395635716242299251,369900
user2150377786267017520,69200
user275858067733410662,113000
user3347244031818182276,102900
user7461441811822891782,122600
user7222534106760243854,88100
user800440312909998127,100500
user7093372153543934856,116800
user2629861260633036934,52400
user1693995393998735732,79100
user6015735536658403288,80900
user3299468788523368667,62600
user4885949222991263313,65600
user4667696260055647122,57500
user5158686709898434904,60200
user1974093963582666361,103300
user3011211189239814572,66300
user3622656419382845224,107100
user9083991870183871883,130500
user7588935700798477222,122000
user212779455453302231,72200
user8368837123751590547,82500
user7048490126124454487,106600
user4008257471399960978,116500
user2010598646084681381,85000
user9121056513198027351,85400
user1374042624308890980,69300
user138991814719289860,76400
user8154492067105259706,58400
user6002890324939512141,280800
user846660576571601275,77100
user3408871323248654831,86200
user1939598990615673464,62200
user9006854711845960409,77200
user5674114906254328890,84100
user1135913194976225383,64900
user8462396000272323538,60700
user8344161390727760363,80800
user1990733996983329761,63600
user4327318880752310302,72300
user1715321609418666813,56900
user3963375443980480609,53100
user4678748505630603828,97700
user2742164865230840649,80500
user5538928534776629432,61600
user3940151031806286301,62900
user2288022315011120653,64800
user6043864446069707160,69400
user3033315680389727984,84000
user7131215072288072655,84800
user3105548341490529894,61600
user5238280453675995852,105900
user4988550635551930887,82900
user8276739813549437017,100400
user1083110124367845528,86400
user153392006071391468,73500
user8405901766765746015,79300
user9061109103303976140,78700
user4552934498191439732,78500
user1067153381555779258,74200
user2165774568566943342,79900
user2645599688227261321,80900
user6315698755343685537,113200
user3212275975558324701,98500
user198160948883358740,88600
user6994130504056109970,79100
user5008415284653282507,77500
user2125561705169058,70300
user5610488150757777797,65900
user7484106263484945642,82900
user5890699804949221523,78400
user7508438779387723060,105600
user748197202813758720,81400
user8379329408814406805,67200
user7982457796004492462,82800
user5554107001858713371,86600
user9213713783912321329,55700
user3639514768001350507,57600
user4571025852441739008,62300
user235443907115356091,68800
user3134797171926114662,102300
user6202835190233741374,77800
user8553820265354823523,218000
user7681592971512771200,70000
user8936073371594794375,89500
user7344221892692280717,88600
user1345012109091148095,61900
user279206013510555564,72000
user7290185816452106869,80300
user5904758351007024566,87000
user2076465243629794266,78500
user5926084566426955647,76300
user1460893791979636381,62400
user5010095166189703851,70200
user265365782670594404,105900
user9072161348878932846,74000
user4844540043252138729,62200
user1512247113565134561,79800
user3951763237893383455,91000
user2659439919067222481,91700
user5394244897357183729,72200
user6089741492610257542,69100
user1425509030501902257,64600
user5448499288815199460,76400
user2717832349328063231,117400
user4876795174170569834,56200
user4304872744308098325,59800
user1803511013331534993,67300
user205305288169030096,95200
user663574059895877325,93800
user2512641341502425869,117100
user6174146320310297054,281300
user4656985659774988981,109400
user5600544008911404201,74000
user6428014177237187038,68500
user1549424841186803126,105200
user7212041821697427596,1449600
user4539984055862219799,128400
user2155282283504127084,227500
user59833129550658477,71500
user5954213475838259519,66800
user8961525808521852689,67300
user179622718728432113,58200
user6619353136927165454,73900
user3480544023837316293,67200
user4369961066123228879,100000
user7082319907968978150,71700
user5359968239608032715,90700
user1248228616869726884,83200
user3348363952842463172,240200
user8390941614901503959,84100
user8077573223985190115,93000
user7257589040239377199,58700
user4991898581329075789,55400
user4514313303717319602,55800
user9099511982560254387,69900
user2905273648197699882,56400
user150604020806387014,81300
user8962085769033993137,66500
user1369356442289623299,81100
user8484500491422236950,67800
user2035056063890669682,64800
user2775321601955710767,80600
user1948423211437766164,55400
user3579785673325141179,107100
user2301862545851081813,55700
user4283669858964623926,90000
user5099186175909011044,57000
user3388105068340864198,97100
user3689301292657940440,89900
user5932108984688346107,136200
user5736302158196941893,99000
user6619134821709323571,110800
user3948196976898396670,95600
user4677970229900621497,70900
user6180512383865986079,98700
user2605858572728860295,90900
user6117652086803719531,77800
user2694494852546355826,65700
user1473065958578873983,59800
user5861337889906123658,84100
user467767233404473111,63800
user4833706112895023906,61800
user6778665526385498233,89600
user3926870761478465589,59900
user416072266524676366,71900
user2853920326612201702,69400
user7361858517040768331,88000
user7836437494169678181,100500
user7314643234258095170,86400
user5711739509780624806,121000
user1296676905284194038,61400
user5211489780506814759,114600
user2054920712992021302,62900
user2450900965464440217,58400
user5437665358458084637,130300
user3986599856154674917,90700
user2387605609793244104,69700
user7451509487272215972,84400
user7219527806277397517,78300
user668820202427285454,69800
user8394289560678648861,158100
user4880703080459855184,83800
user53248750777127569,85200
user9108324386086649301,60100
user1736866140056439777,64900
user2509293395725280967,53900
user87525408526278583,67600
user3299687103741210550,111300
user5322125320863894916,112500
user6437946501787862848,93600
user2877923014516378341,84200
user1336418020782595064,59100
user642807804988086692,74100
user4290254237738154834,105100
user37510323182903182,66700
user6658097661477742266,80100
user1458105806714631927,64300
user1061234193904717584,67100
user6521449723681463347,82600
user1462013713003917277,98500
user7354714177755096975,100300
user54928632313548913,107000
user3700135223015055263,78800
user4257657461525425164,65500
user2256545459822671879,80700
user6938414546279514778,81400
user6927362300704558072,95400
user1010099187537061287,56700
user8555500146891244867,64500
user4754889073020691088,57800
user4139877581882673651,78400
user8621366744436357752,87200
user8230290989201048401,69900
user5805735016737041563,95300
user8588210007711487634,68800
user5003169142121874378,57900
user3997423541042846155,94600
user830143873247394557,106800
user6302418485015864825,74900
user957296116928681432,60400
user8869086853025400594,61400
user8943994414783693861,82900
user6762585453496975281,81000
user2529158044826632587,86200
user7697113083889153704,70700
user718275327258520407,66300
user4040854247612690648,72200
user6689574516666191040,59600
user1298575102038457265,81200
user731898814707393885,82700
user4677410269388481049,76600
user4719504311542956964,71700
user5879087598862124369,80200
user4746854945224278505,56000
user3799936833015020597,71100
user4053804689941910581,50200
user5470262134670814307,79800
user8621585059654199635,67400
user4551596261949316953,80800
user5223880262323894244,80600
user5651119054766920050,75600
user5555226922882994267,88600
user2265699508643365358,81000
user1593073862974489502,67400
user6647605376414926008,84200
user2413058046720302418,96900
user9206239616628049194,58600
user6189884747904521441,59800
user49900804999982667,146600
user5167167713599474838,57300
user1768342995244888551,71600
user813172440021376177,56000
user5525978092447409499,58800
user4429348515505139642,81300
user5247664635010229000,79100
user1944845133147081593,90000
user8803220255480287709,88200
user2804010471879155087,58100
user7477180239417116169,75300
user4401997881823818101,138500
user1268093265971078504,114400
user1221096298406247226,58600
user7899285973936246943,78000
user7880199600564877654,82000
user7711731590459097195,72900
user1804630934355815889,76100
user3857426085642668133,84500
user694615856475396534,72500
user6280313993865951413,580500
user5526196407665251382,81300
user4937975589696415038,75600
user1745130400366392029,103900
user4336691244790845664,76700
user8296386147432946754,65200
user8643471235586271164,142200
user8259103189200949403,84800
user7098399980857501102,58400
user4878475055706991178,87900
user2192346926518282552,111000
user6796862111246126295,55300
user6223819760359373890,91400
user5608029993491374122,63500
user1928546745040716758,132800
user7850277725009639341,165100
user842534355064474042,96600
user8566210747171903008,70000
user8403673742012882009,97700
user8906711456551696510,74000
user9011540893865228090,59900
user8884047004889642650,79600
user8769285243025435260,100300
user4062398778250463612,84700
user7919162440333296349,71800
user124808366758275934,61000
user2550702575464405551,90700
user8788601748910344218,61700
user8295826186920806306,87700
user4121786227632374375,75000
user3612164134320028966,56300
user4764821397571366898,80200
user7942934995723933319,63400
user4402557842335958549,49700
user1577895395892405563,90300
user7622092437523347340,195600
user8867748616783277815,172300
user3117160547577627048,111100
user2281437936237589745,80900
user5097287979154747817,75300
user990452853653551550,89200
user7180223321214680257,74700
user3574539530793733050,115300
user5840011674486192577,109700
user1210604013343430968,52700
user7323455637784490084,88500
user2066751234296960339,78800
user2264797902836926345,66400
user3283057315809490735,85900
user439296678698870674,62200
user6280873954378091861,61100
user8133507496979627190,57100
user7738087205019348723,93600
user3563268970000934461,120800
user5723911676379862408,76700
user3382858925809456069,96800
user874912816059361829,78800
user6053578455402541087,74800
user3820921403140653113,79600
user8542208059267726369,76600
user5348915994033076009,55900
user4416068245177318930,63900
user4542442213128623474,77100
user8981950418135344757,82000
user868546752503672804,81400
user7221426003031660744,76600
user36950362670762734,98700
user8482820609885815606,67300
user7877628358690960882,154900
user6338923167517879845,77600
user7274447388857882482,64400
user3221648339596860063,65000
user6752434813728457588,61000
user7591163725551341228,56200
user4479476685456028140,62400
user8757113076426197658,67600
user7819019185039032450,67100
user3946517095361975326,75400
user2981632530805629025,108000
user450908884785967828,79200
user8281985956080845146,70100
user6904479533824662329,58700
user2876024817762115114,106200
user1637842805786456774,75400
user7827613273347585481,101000
user85845526989857239,70200
user2941891415307227999,90800
user4609428731698017255,59400
user5563821011191547298,59800
user7537800694430820925,60700
user8395969442215070205,118000
user8857816292232602005,88900
user5173533777155163863,55300
user2997370958399853412,55500
user6201496953991618595,74700
user242701331008540544,86000
user285572077066244589,60300
user4427680451264416084,166300
user3679368968107264630,133000
user6650611676897772345,231900
user345737802178137683,62500
user2650845830758669450,133700
user6656417779941320922,536200
user6359347777131371913,81600
user8702858684968181927,82900
user1874852314094841475,84300
user8758451312668320437,56700
user665253941432298669,113900
user2422990371270978228,85000
user2544678157203015091,109300
user1177228961400718967,82000
user5607688348197075557,80800
user1589165956685204152,61200
user8837050037324811372,88500
user6961192082549081735,111500
user3082323929316335586,93000
user7457315590315764549,213600
user6702419728385082187,78000
user7409975405629880505,99800
user2998490879424134308,120800
user4409483866403788022,72300
user5572085271501499550,93400
user8637665132542722587,141600
user4305432704820238773,241500
user4333124983795858879,168000
user38848559425025961,164300
user6428232492455028921,61100
user4582078098016695714,58400
user49682489782140784,69400
user7959233383830298154,97700
user8331554165519593196,75500
user9198753632048079273,98400
user2312914791426038519,75400
user1280483747788157989,91700
user7415894593280942179,64300
user1166395031043604144,70600
user6027006097451201877,175100
user8995460820976705138,84300
user8993562624222441911,60500
user3709507587053590625,91600
user2530277965850913483,58700
user1408090721371256526,67300
user4745735024199997609,78400
user8088625469560146821,80300
user8017065853578998456,80900
user1699583181824442426,58100
user6986084558963999601,84400
user5020027490740379661,58100
user2458386950044410138,121500
user6459491032425635812,66800
user9197975356318096942,92800
user1116608506387014211,61400
user9060549142791835692,62800
user1015345330068469416,58300
user7394796938547796566,59100
user9107216282358066191,71400
user8627172847479906329,60900
user4834826033919304802,101100
user190674964303388819,58100
user6213109160078715749,55300
user6158407892716072667,102700
user1229690386714800257,58400
user674626305470834031,59200
user3108006498756933569,94800
user9150978388753265664,56400
user7923848622352564030,100500
user1035781756977659270,56700
user2710014964922738330,80900
user4112413863593839013,78300
user8418292248582825500,90600
user3313527334581171710,79400
user2665805982622911506,79900
user3573419609769452154,103700
user6709004107158613095,76600
user3820703087922811230,83100
user7653122416807168763,74700
user252415340341374471,64300
user4606410613919473132,58000
user8312684535539311589,90600
user3654133274571293998,148000
user4695948499543407676,103000
user2658879958555082033,59500
user6338363207005739397,58300
user3685175071150813207,85500
user8752426894406929977,82500
user7085667853746123052,84500
user3308281192049763581,71300
user4227175625458046403,58200
user4299408286558848313,84500
user8532835695229191007,62200
user7823487051840458248,64300
user152832045559251020,87200
user5095608097618326473,86900
user1067371696773621141,60600
user7031413462288107321,119100
user5113026406748972204,80700
user1094722330454942682,56800
user1181242098300333103,77300
user5098626215396870596,58700
user2744063061985103876,78100
user6212549199566575301,113800
user6609420812376489644,87600
user7361080241310786000,80800
user4986310793503369095,87700
user5404395537125701422,109300
user8295266226408665858,90400
user2507613514188859623,78700
user5255698762806641583,80400
user4542223897910781591,93900
user6405349725575133178,61000
user8618018798659212850,92200
user8075675027230926888,74900
user3475516196523750047,62700
user4187652825177487260,135800
user3447387287112446175,77400
user8164984352168075964,89700
user8554940186379104419,73500
user8225491722574267623,93300
user5596977747916417416,75100
user3127092872128302858,63000
user3497402372455821576,84600
user8837609997836951820,66200
user993800799430696452,59800
user2202839211581098810,107000
user2876243132979956997,55200
user1872612472046279683,56500
user7616286334479798763,65300
user6979170352191867914,147300
user5620420475308453607,66300
user7096720099321079758,141400
user5196311313424730820,74700
user1936032729620686679,71100
user4047998586898362004,75500
user2391731831300371337,69500
user3573761255063750719,74700
user5576211493008626783,76500
user8954599784454023216,96900
user8416954012340702721,92700
user518113718573203492,79800
user7541708600720106275,71800
user3095274371645555519,76000
user4077577245332547551,175800
user5414109546458535349,78600
user4702086002412311233,97800
user1072057878792888822,83800
user7657590283608594561,77000
user4733904502895058572,63300
user8467300497509433102,76800
user538538328186695560,58200
user3930778667767750939,80900
user3900640048821424944,77200
user7828951509589708260,69200
user7010428892162474805,107200
user4425440609215854292,260900
user447000978496682478,139500
user8779777528088251518,82100
user9176990786192464426,117600
user1495948725458769726,349100
user5122398770787507566,80900
user1072399524087187387,58900
user6682773394501572450,60700
user675746226495114927,55100
user8369397084263730995,57800
user4516211500471582829,68000
user2414177967744583314,95200
user8746620791363381400,98500
user1819809401437899828,107900
user5630134484641287534,95600
user8969790068831804941,61400
user5261163220555891595,91600
user616577092331046047,64500
user8359464759713055185,77700
user6048332312871132958,109000
user792187869895743661,94000
user5789778273924975293,62500
user2880929314999224678,73400
user7969177525676671750,64300
user9216171941178725004,79900
user8411707869809294592,107600
user8384917196640113499,82700
user3402505259692965806,60100
user8810259364155630279,60300
user6580837173063374110,66400
user8871874838290405048,61600
user7754385593125713558,92600
user2802672235637032308,84700
user8005795292786199867,78000
user5695659436892101854,242300
user8054348811810995807,59200
user4151148142675472240,175600
user6586756360714435784,218600
user3821263048434951678,60500
user2524253547589523023,59000
user7906430313221918299,63100
user4167788176076135640,63500
user8327863002621395528,57400
user3600551928232931812,99000
user6179610778059547066,92600
user5611596254486360907,60100
user5827061232156972644,106200
user4635441129137216017,93900
user720846569132437179,75500
user1848061640925660382,56000
user5871830174968939916,100100
user1436561276076858963,514200
user1252354838376854117,98400
user2754896992342218699,61300
user3838339712271298844,85700
user4804904158364066489,108400
user3281937394785209839,85400
user7309397091726687041,117600
user8790269813151067776,95300
user1721127712462215390,265700
user7385642889727103087,60700
user7840003755164664966,81500
user4141215818124796430,126800
user5415342552090329342,76300
user5727477937374849193,74800
user989892893141411102,103100
user5554666962370853819,55800
user7350806271465811625,57800
user3255146721616028746,185300
user7270321167350755249,109600
user3001497179906980645,87200
user7575425297957116841,67800
user7197423315127484105,98800
user7099738217099623881,76800
user3006525007220546891,87200
user7949301059279622344,53000
user7823705367058300131,101100
user9045029030415453188,81200
user2228634865629209890,82500
user869106713015813252,73300
user753784990639465414,83600
user6129937338010470230,77900
user3816235221121385432,362700
user1435441355052578067,106900
user721966490156718075,66900
user5537030338022366205,64900
user2232648002528824026,111800
user777227718031501605,269100
user5837553517219788902,98600
user9220858123197992685,143800
user40528440961447305,73100
user1840015695833550013,74400
user623503116398875520,74000
user1543618738143254549,97500
user1586707799418800477,77500
user1838347631592826455,105100
user5031421381609634932,96700
user7460881851310751334,64100
user3536696612049595251,57900
user1434663079322595736,76400
user5589491763336447495,75600
user5203455652710402176,89600
user6859710591012695057,78400
user4877136819464868399,93300
user2656651933802218027,57900
user6652291558434193689,56000
user153610321289233351,77700
user6317378636880106881,417100
user6688019537032980579,57200
user1765108134075256746,106800
user8582290820060425960,70300
user4552374537679299284,95000
user2180734720431185398,69800
user1669432745582418645,62400
user2765949237917175405,103900
user4744396787957874830,112300
user1707835624838696892,57000
user6620254742733604467,126300
user588666498137584058,53100
user163324330622067278,90800
user3438793198803893144,93000
user5838673438244069798,79800
user7372132486885742706,69000
user1172201134087152721,64400
user2277530029948304395,115100
user6885393160453293040,56400
user9089019697497438129,75000
user127939569144333154,72400
user4299066641264549748,119100
user246609237297825894,75200
user4553494458703580180,72800
user3343117810311055043,72000
user2181854641455466294,122800
user8895877526194581687,77500
user3426061071692515094,60300
user3361314395171683105,114700
user713029184727112278,110200
user4695719938856622208,83300
user2428236513802386357,64000
user5152767522247373230,85400
user1017585172117031208,57500
user6077581143306717726,76200
user7573197273204252835,71800
user6995468740298232749,86100
user1348030226869692218,94500
user4127705415283436049,124300
user3223888181645421855,96600
user6064070740465357345,55600
user2326985154779539348,70500
user4753769151996410192,75600
user5849165723306886056,68800
user8532275734717050559,107800
user4867982770644174920,69000
user313700986477548461,89300
user791846224601445096,76700
user1629361802085416840,85100
user7675226907957082175,112800
user2883169157047786470,98500
user6856362645235550155,73900
user6575591030531965981,58300
user4244147058684064783,75500
user2129051570847086439,77000
user8064062821143829734,92000
user4173812594337526100,70800
user2378781388971151404,88400
user7098058335563202537,60000
user2255425538798390983,82300
user8746060830851240952,170700
user2221595756953867320,75800
user1915266474712896046,74200
user159976384844922376,61900
user7662276465627862242,104000
user8142661545800320669,90200
user264027546428471625,67100
user1834209592790001436,117200
user1659500421031742835,94800
user1247886971575428319,57900
user4643693572151470483,85400
user3046266122718947917,87700
user3248998973278181604,77800
user3526764287498919441,224700
user161656266381343720,85800
user6735794780327794188,54800
user438736718186730226,118500
user8054690457105294372,112600
user7802720796932667615,69400
user1471946037554593087,95700
user1847160035119221369,95100
user4303534508065975546,56600
user6249385281893945301,87400
user3574321215575891167,102000
user2006585509185067245,60200
user4304654429090256442,53100
user6707324225622191751,56200
user3425842756474673211,140100
user774209600252957482,94900
user8861942513739729238,72300
user2628741339608756038,253300
user296282677346902730,66900
user1220536337894106778,61300
user3849951918358395998,61400
user4742716906421453486,75400
user8494651131190754643,71700
user2533625911628058385,56800
user4192898967708895389,59600
user6532501969256420053,80900
user3513700760562186411,60300
user709794323557480473,77200
user3031647616149004426,59500
user7586477543532073547,91500
user1478312101110282112,66300
user1130667052444817254,86100
user5675794787790750234,82800
user906389671247810603,88800
user1398158396820580716,72100
user8762919179469746235,98500
user7962033186391000394,108600
user4224500724800555046,74100
user8721168354436323086,61500
user5590051723848587943,81200
user1467259855535325406,63900
user7927974843859691263,71100
user6866636615080524530,88400
user2106833995089659930,70900
user4426342215022293305,119700
user9180443962579938114,85000
user3218082078601873278,80000
user7177217020731833920,115000
user3234380466708238113,87300
user8896779132001020700,246700
user9130988837748703161,77300
user6533061929768560501,290200
user8995242505758863255,83200
user8527807867915624761,85800
user724194514909582081,61700
user6868534811834787757,58500
user5234154232168868619,65300
user6580618857845532227,116900
user6257089581691757105,68600
user286350352796226920,75000
user1144177455286177635,94600
user4812048497649737845,67000
user2185980862962593527,79800
user342171541183150898,84500
user7455977354073641770,56500
user7237724391138025579,112300
user456933303047358288,90200
user3353610095373871301,98900
user5948967333306851390,77900
user1136473155488365831,102500
user8556838383133367646,65200
user6004901606301288465,79700
user2424110292295259124,78500
user2357123773725865343,96000
user4300746522800971092,87400
user5690973254872834173,61300
user1322907617941234683,92400
user7114356723669567372,79600
user6993570543543969522,119500
user6778883841603340116,56200
user814510676263498956,78200
user2870218714718566537,82400
user7663956347164283586,80800
user526147846369616075,64600
user3122966650621175625,81300
user73125217174176975,91600
user226071543076820729,68200
user379007623510520898,90700
user8670480223973294140,57900
user6506271256599379408,57000
user7224992264026647529,86300
user8989654717933156561,82900
user4173034318607543769,105100
user8426886336891378531,204700
user2777219798709973994,83600
user1688530936249485720,81600
user2832594111192270621,72900
user5702367145742089444,61900
user7742100341918962859,62000
user5427173073395268379,93200
user6167220296242467581,121900
user4759575255039958769,84600
user3885336679836130122,107500
user6100793738185214248,96400
user1776720340162353900,86300
user7811874845753361094,57700
user7651671095957532887,106300
user2947355873056478011,132900
user3227796087934707205,62500
user3812668960126398647,74700
user6112965904784451850,78200
user2035274379108511565,73500
user644487686524508036,82800
user3002398785713419658,60700
user7825945209106861923,53300
user7021139492443132946,79100
user3523633085112862221,85700
user9074059545633196073,70200
user3710067547565731073,69100
user8873773035044668275,66800
user3838121397053456961,106300
user346639407984576696,60600
user6702638043602924070,77500
user1426068991014042705,96300
user3018355528525485928,84800
user2484170786796823432,151100
user2055480673504161750,74900
user8528927788939905657,368100
user5507326777684969775,89000
user8340813444950615461,167400
user2447553019687295315,52600
user2325305273243118004,53000
user3822041324164934009,97900
user6484726725961606444,75300
user6530603772502156826,88800
user1269213186995359400,77300
user1180122177276052207,134200
user4810928576625456949,78700
user3814337024367122205,107900
user5047938084933841650,209300
user5029181539561073140,53900
user7950420980303903240,61100
user6768733201834822423,102900
user2408590179918876620,86300
user4414730008935196151,74900
user1127100791449830469,99900
user8439058503490616133,74700
user1559917126249619384,59300
user4783577942944135408,74400
user5561033025926542844,54900
user8483598885615797937,56200
user3764208854416233707,68800
user2639015309453730413,95600
user2061505091765552210,125200
user8205067112960775555,94600
user1281385353594597002,64500
user2606418533241000743,60200
user1622322693410074270,76600
user9130428877236562713,83500
user7230020091340213775,60100
user8253297086157400826,61700
user7184691188016106055,86100
user7450949526760075524,68900
user3307608146930110036,72000
user8714242330368493613,90600
user5085334127773352098,89900
user3437113317267471800,328100
user7002942907582504884,81200
user2166116213861241907,72900
user8369957044775871443,79900
user2415516203986706093,80200
user3223328221133281407,57300
user9110004267623070645,90100
user51580686536404011,81200
user7460663536092909451,59400
user4039734326588409752,59100
user769741733451531684,78800
user4288014395689593042,106700
user8505485061547869466,73700
user8306318471983622564,88700
user2407251943676753841,82300
user6766493359786260631,62500
user3583693579614426529,105500
user3249558933790322052,89000
user8067080938922373857,174900
user4128825336307716945,97600
user4986652438797667660,82600
user5848605762794745608,66200
user4140655857612655982,88700
user2481942762043959426,56200
user4892875247059092786,55900
user2042200403176341038,72800
user402013720466873323,161200
user212219494941161783,100600
user1243760750068301086,59400
user6771739502317668760,91100
user7477521884711414734,80800
user6906159415361083673,75900
user5434099097463097852,112300
user7878519719028456310,105500
user6040846328291163037,77200
user1746238504094975139,68600
user6543554214831376759,95400
user3145631102283229485,81100
user1731060037012891200,73400
user1015905290580609864,72300
user3362982459412406663,110800
user4870770755909179374,74100
user1608812290568713889,77600
user4176600579602530554,66700
user4253519422722600145,60900
user6409475947082260411,67000
user6470656362608105615,61800
user7977989929203066664,72900
user7965599447385987179,60000
user512307615529654915,78300
user8004115411249778523,87800
user7600547906885574376,73700
user3196537547964100314,97400
user5674456551548627455,59500
user8846204086145504851,64600
user7613268216701254640,57300
user3805742936058569174,89700
user1952331117727051514,185000
user1936811005350669010,55600
user6211429278542294405,91900
user8894539289952458908,71200
user5202335731686121280,57400
user5019467530228239213,91900
user4015961771197772782,55000
user902481764958525253,73000
user6284221900155236763,105500
user3831195372985627488,79700
user4884281158750539755,88400
user7048271810906612604,64100
user6510397478106506641,84100
user8421640194359970402,67800
user2138983895397762249,58300
user8192676631143696070,87600
user5697339318428523198,81200
user8264349331732357532,108500
user1499296671235914628,100000
user7215059939475971719,55900
user7637270904605431279,129100
user3815456945391403101,97000
user3721119793140687779,108200
user615798816601063716,58500
user8719830118194200307,66400
user3084003810852756930,98000
user5942382954533320482,56300
user8783903749595378751,66700
user1862120186983463425,93000
user7918042519309015453,82800
user4248833240703332464,85300
user7245198558422297714,62900
user8437938582466335237,94000
user8385477157152253947,72600
user6301080248773742046,56800
user8493872855460772312,57500
user1605805990085867552,55200
user303768661926872651,88200
user7599209670643451597,56300
user6509059241864383862,230000
user1824837228751466074,87000
user3018915489037626376,97200
user3437673277779612248,118800
user7802502481714825732,85900
user7780616305782754203,91300
user1802172777089412214,84100
user7779496384758473307,80400
user76473162951321877,88900
user7923288661840423582,92200
user7038339486355936794,109900
user1572089292848856986,119500
user5411994606313184440,59500
user3243534515528931592,59500
user6168900177778888925,72400
user7050283092268388928,58700
user6576710951556246877,88100
user8257423307664528059,65900
user1912248356934351923,53800
user8181842700786581247,55900
user1166063631218249164,89900
user928494162397724015,168700
user8153372146080978810,116800
user2952042055075745692,54300
user1051633269179396754,62500
user7384522968702822191,73500
user6946013615466997796,72200
user3095834332157695967,77100
user7636824028700803928,101700
user4588879220181314304,83500
user3694889080483647134,222100
user8752986854919070425,58200
user8630739108474893114,110500
user5508446698709250671,125200
user4531389967553666768,64300
user3786986390685800664,77100
user7556338924585747552,55400
user4779451721437008175,105500
user7109110581138159243,102200
user5836993556707648454,153000
user1028295772397689349,54200
user6255191384937493878,171500
user9094825800540986706,198600
user757351251634452199,191500
user8087505548535865925,77000
user1697343339775880634,117600
user648955553325933834,170600
user8117769069385402803,66600
user7247656715688701389,94300
user6515083660125774322,57700
user5735182237172660997,129300
user7851397646033920237,82100
user4052466453699787802,93700
user1923860563021449077,74300
user7031631777505949204,65000
user4872668952663442601,57000
user8708777872619243601,58000
user4631533222847930667,119100
user6176044517064560281,57700
user2782247626023540240,66300
user4580958176992414818,56500
user2188998980741137650,84600
user4193458928221035837,73700
user1234936529246208386,57600
user3462005793682389666,59000
user5850285644331166952,58900
user1996871499852233318,89300
user5652352060398714043,166900
user4212215473593804347,89000
user3676350850328720507,94300
user1633156623767189093,87800
user5538368574264488984,97500
user6527037511507170041,71100
user1380408687864580005,84500
user6269821708803135155,74200
user4431246712259402869,94100
user8296604462650788637,145100
user5690754939654992290,72600
user7461223496605049899,92300
user6794963914491863068,191600
user2165556253349101459,156200
user4042192483854813427,80100
user2292708497030388334,78500
user4255199304259021489,57900
user5062451360893456355,78000
user7643190092256492953,125400
user8502137115770724564,76500
user1890922141514420842,123400
user5789996589142817176,65400
user7943494956236073767,68500
user3245992672795335267,287200
user5350254230275198788,218600
user2453919083242984340,81200
user8469540339557994894,72900
user1596651941265174073,92000
user8582963865180079505,62900
user8045536408284600893,59700
user5833987256224802117,69100
user1827295386017869749,75400
user6942995497688453673,89100
user8698503902774269226,81100
user6233533769692207817,225200
user2255985499310531431,111100
user1336199705564753181,72100
user2948475794080758907,100300
user5273895347667269645,56100
user6405568040792975061,75800
user8154273751887417823,79600
user4645933414200032275,104700
user8129929418688942619,100700
user2088637410229031868,86100
user1559357165737478936,156900
user5937696772514052801,106600
user4200384952288865310,87500
user2226841899485275449,75300
user7554659043049326208,113300
user1131227012956957702,77000
user6044424406581847608,127400
user7663396386652143138,93000
user3181794139490945940,101300
user2077803479871917045,57200
user1578113711110247446,66800
user3282155710003051722,78000
user4958960159822047554,58700
user3776494105622984406,77000
user9166156855835349603,59300
user4089749411931785153,60100
user9160237668184287929,58300
user7527308409368004667,89300
user6720056352733569801,63200
user3346124110793901380,71900
user7466127993842159463,126400
user3233820506196097665,89100
user8870766734561821938,161900
user1460333831467495933,109900
user2518105799251675881,98900
user8756553115914057210,93200
user3348923913354603620,94800
user1187379601169236660,59400
user6779443802115480564,176700
user5901192090012037781,225100
user6579498936821251331,142100
user6629627106772139829,98700
user8845644125633364403,103200
user3270325188698112685,67900
user6632085264038543504,81900
user3220310103354737284,67700
user1324027538965515579,99400
user1857434004964195744,78300
user2231309766286701247,90200
user8482260649373675158,72500
user6400321898261566932,88900
user7114138408451725489,60900
user3924972564724202362,69500
user5481096065027929130,61600
user2155623928798425649,91200
user7610261916218408303,91600
user8742712885074096050,82000
user7891811806651974808,88500
user2950590734226109816,114900
user4448105060877908152,62700
user2480044565289696199,56600
user5474170040960099657,87000
user3120726808572613833,99400
user7020361216713150615,67100
user3947855331604098105,82500
user8926683869787648,90900
user7346680049958684392,92200
user2754555347047920134,89400
user7928316489153989828,84700
user2882609196535646022,61100
user1368236521265342403,76700
user7642971777038651070,260700
user8528149513209923326,87800
user8863840710493992465,1524300
user117447284081516896,79600
user3258712982611015531,131200
user8389821693877223063,95600
user2985198791800615810,81100
user2891421600062040936,85500
user3209817818291921026,92000
user6731668558820666955,217900
user4014281889661351438,80700
user3156341702563887626,80700
user8606966553084256144,91800
user2532505990603777489,114500
user5338983669482400199,73000
user7497946494324906802,98100
user2458605265262252021,80200
user1753942803892786943,81500
user3463903990436652893,75800
user8506045022060009914,54400
user7902864052226931514,84100
user278646052998415116,112300
user7229678446045915210,138800
user3002057140419121093,59500
user4640345626374325581,61200
user4298288365534567417,59100
user2732792501192305287,66800
user2759023213849345932,71200
user5232474350632447275,68600
user9007073027063802292,103300
user200059145637621967,83600
user3860225888203370373,104600
user5993071084996349428,60500
user544126116012402254,85700
user1111020718561307517,86600
user3958129301449072480,111700
user6564320469739167392,93500
user4252411318994017035,57100
user1999546400509724675,99500
user415512306012535918,113500
user2893661442110602728,122000
user2552382457000826895,165800
user3106668262514810790,53600
user8652283639112666078,79800
user3915040240173526552,66100
user5058543454604171005,63800
user4025334135236308144,65800
user4178498776356793781,89000
user3823161245189214905,78500
user6279754033353810965,114700
user4008475786617802861,86800
user4865524613377771245,56500
user1105556260812057505,114800
user2502367371657451494,87000
user4782239706702012629,118300
user5679361048785737019,83900
user5922736620649810745,175400
user768403497209408905,104300
user7178885084972557478,167800
user6470874677825947498,107400
user5445151343038054558,103600
user2049674570460613173,82500
user3831755333497767936,71000
user2893101481598462280,100300
user657767956852328748,96000
user8720048433412042190,82900
user7859215030439245138,66300
user8313804456563592485,108700
user8534173931471313786,54100
user3022263434814771278,59100
user8516755622340668055,62200
user8996580742000986034,86800
user1470277973313869529,63600
user1963383363302008220,97600
user968348362503638138,78300
user3910572373372100754,94700
user8138753639511035319,95500
user703875135906418799,79600
user8443184724997743366,77400
user1547196816433939120,58800
user1814563258906491699,77000
user75913202439181429,63100
user1940937226857796243,70900
user8384575551345814934,97300
user296842637859043178,272100
user6404229804550852282,171000
user305996686679736657,238500
user1776160379650213452,101400
user2089197370741172316,110900
user4629075065581526992,101200
user5653130336128696374,57800
user7004062828606785780,59900
user3798598596772897818,74200
user4656644014480690416,80300
user63741035839943827,69300
user7499066415349187698,167200
user6630965343014262608,97300
user540218209723116904,59400
user6052458534378260191,103500
user5236612389435272294,109700
user6141207898803268819,75000
user5465917597945845191,65200
user1695115315023016628,57000
user8078133184497330563,93100
user4417188166201599826,64700
user1678256966404511345,73100
user637561662456678563,78300
user7007080946385329903,75500
user2192906887030423000,68200
user7005182749631066676,55400
user5816008986582015938,54500
user980520529102875740,76800
user6615786875932178669,83000
user5959801263663966213,59500
user1822049243486461620,60700
user900583568204262026,55800
user2424888568025241455,60600
user3871609533603682059,97300
user1578455356404546011,98900
user2644261451985138542,83800
user2065972958566978008,107500
user1529218546791152941,78500
user467985548622314994,77300
user5343109890989527432,67800
user7400934441416700123,96100
user3777272381352966737,81500
user5987824942464941299,60200
user4481716527504589932,63600
user224391661540399385,109300
user2254865578286250535,55400
user6051898573866119743,88800
user98795969319077172,59200
user3711187468590011969,99500
user3298567182716929654,118800
user6416620286367931767,68500
user4856930525069218214,67200
user3232700585171816769,57300
user958975998465102776,59700
user3878535557671511532,60200
user2803450511367014639,78300
user7471715781667866157,106600
user3369908483480236136,247800
user2543558236178734195,211700
user2237447269155604804,109500
user4969234129667021929,103300
user8720608393924182638,92500
user3279262494127718482,89500
user7767552778846021173,130300
user1755175809524580936,104800
user5525523362545597837,92200
user4374647248142496560,78400
user1463351949246040056,56900
user604404925731808445,60700
user8390381654389363511,55100
user1848839916655642713,119000
user7214281663745989388,101700
user4873228913175583049,83900
user2607196808970983074,102600
user8947125617169751081,132900
user6098005752920209794,77300
user5324583478130298591,73300
user5903420114764901787,62100
user1309627347613413971,89900
user8864400671006132913,166900
user1686291094200923928,84800
user292156455839775497,72600
user5371020485182989421,97200
user1469718012801729081,100200
user197041027859077844,62800
user6515425305420072887,59700
user7929094764883972159,60600
user4381791587428167916,89600
user2063184973301973554,220900
user6264575566271727026,79300
user6231418829546856908,93000
user5686287072853566492,221600
user1379848727352439557,95300
user4730556557117913670,130400
user5950087254331132286,105000
user2986100397607054823,51500
user7435211099165851137,88000
user4057370950936897366,111300
user642589489770244809,77200
user7118824590470993170,188300
user2984420516070633479,61400
user7157227469727271417,329400
user4279761952675338576,63100
user1984367933427640736,57800
user8044976447772460445,56600
user6406687961817255957,67500
user7350027995735829294,95000
user5188265368332620451,107000
user3810429118077836855,58500
user2640353545695853192,117000
user2756795189096481926,1553100
user982188593343599298,102400
user3338089982997488797,81700
user5485222286535056363,88300
user8320948795849263841,92200
user8633757226253437237,106300
user5096168058130466921,121600
user944232589991948402,284000
user1523972404259744812,117500
user8973916290338932174,58200
user8291140004901538625,59700
user758129527364434530,91700
user4173594279119684217,87200
user8906929771769538393,66600
user6562640588202746048,405500
user6503813099332975733,82100
user7923630307134722147,65100
user2243595017493451946,100900
user3112692680776201250,57300
user7060775377331205186,58600
user6735016504597811857,75100
user3957569340936932032,96300
user8269595474263765661,92800
user1941278872152094808,233700
user3679928928619405078,93400
user5507886738197110223,117900
user6163094074735340348,102400
user3346684071306041828,83800
user2541330211425870189,71000
user3272223385452375912,74700
user1801612816577271766,62900
user8770623479267558039,77500
user3721679753652828227,143700
user7789210394091307234,139700
user8523121685896357080,83600
user3934904889274878172,74400
user9088118091690999116,62500
user5828181153181253540,60000
user8361132823953778743,108900
user116887323569376448,102000
user5675234827278609786,100500
user7072387583418302340,69300
user3569075073044483038,229500
user4666917984325664791,77300
user1961703481765586876,78900
user6427672531942888473,118800
user6075122986040314051,70800
user397545853665447525,115500
user2722518531347330912,58000
user650853750080197061,55200
user4886509183503403761,84600
user1763656813225620870,137200
user5235492468410991398,90000
user2733570776922287618,156900
user9033085424503001054,206600
user7697331399106995587,59600
user4305214389602396890,60200
user7335627804383727686,54600
user8917982017344495099,88200
user8691806439393225221,54100
user8166104273192356860,85200
user2902473845636997642,56600
user2324526997513135673,57800
user916881956310626861,109900
user5369900564158708525,129000
user2390393595058248558,62700
user3347803992330322724,76200
user4823213827832207648,61800
user4007137550375680082,87000
user5463117795385142951,80700
user3537256572561735699,80100
user6740822607641360434,62800
user8970898172560388051,131300
user1325707420501936923,161800
user5823713286379827742,132300
user5218074159280345667,81400
user5516824043626716020,95300
user7086227814258263500,68500
user5234372547386710502,102000
user5483554222294332805,63800
user3008983164486950566,84300
user8259881464930931734,60700
user6454804850406368131,117500
user2729444555415160385,161100
user6651731597922053241,55000
user8773411464532562493,61400
user7236604470113744683,81800
user2886175457530632807,137500
user4527263746046539535,59200
user1686851054713064376,77200
user2864972572187158408,64600
user7801600875908386719,84700
user1133125209711220929,117000
user1247108695845445988,90600
user677084462737237706,65900
user2132399516624231341,83500
user4047438626386221556,60600
user1685731133688783480,99700
user39968480449306857,129600
user3096175977451994532,99200
user6370513107313841716,57900
user8175258322013050339,75300
user111081220525827871,305900
user4625727119804382090,67500
user3604678149740059045,225000
user2326206879049557017,87700
user1018363447847013539,108600
user6382125313400938870,103200
user5158013664778781359,59100
user1325365775207638358,71100
user3436335041537489469,111900
user855814625392294754,108100
user757911212146592647,68700
user9186363150230999788,82900
user5382851006487928458,231800
user7158347390751552313,91100
user72005296149896079,97000
user2027570079310699761,83100
user5713637706534888033,72000
user4646711689930014606,102800
user9186923110743140236,93700
user3469491778262359587,136300
user7083999789505399494,154500
user7521843951618754655,95900
user4630194986605807888,91900
user126819648120052258,119000
user7072947543930442788,77300
user4984972557261246316,85000
user1346132030115428991,91900
user1199551767768474262,301500
user6048550628088974841,100700
user4736362660161462247,107600
user2667144218865034285,79100
user3575099491305873498,95800
user5218415804574644232,117100
user1028637417691987914,138900
user4493547048809528969,96700
user2743284786255121545,60800
user5791116510167098072,61200
user3332065564736098337,106400
user8041958329993916322,491100
user2127371689310665095,151200
user5260944905338049712,79300
user5146401458691684205,61700
user6880706978434025359,92500
user3338649943509629245,90400
user2046326624683468271,112300
user765615511944404451,96000
user8202048995182231432,75900
user3600770243450773695,75500
user5129884755367477487,98000
user2325865233755258452,86700
user4064856935516867287,85500
user1456767570472509148,75800
user1311742287758764880,84700
user6982176652674714251,95200
user3938482967565562743,89100
user4860838431358503564,62000
user3163380811239230196,117200
user5815449026069875490,61700
user896115701402836228,64200
user7180005005996838374,111100
user903601685982806149,92000
user9145059201102203990,60100
user8895099250464599356,63800
user9083213594453889552,53700
user4710567006113351167,95100
user8177156518767313566,54000
user6383245234425219766,75400
user3005965046708406443,108700
user6608300891352208748,95100
user8176596558255173118,56200
user7257930685533675764,81600
user8258543228688808955,125100
user4131283493574120620,128800
user1486016400908093916,74400
user5074841842710535840,106500
user714262190358906271,103100
user3074289801519923003,61000
user7641738771406857077,56600
user2419082464981692878,95200
user8538081837760599136,59100
user4238900916152656654,144800
user1423829148965480913,1018900
user180182679240572561,66200
user986326632146424317,66700
user7838665518922542187,135300
user2523911902295224458,78000
user1346910305845411322,55900
user5364094461115159948,67700
user3118498783819749827,111400
user3778952262889388081,64500
user7094492074568215752,86300
user7840563715676805414,78300
user8647037496581257949,89300
user6735234819815653740,58700
user5145841498179543757,135900
user3936243125517000951,60800
user6420528192657217117,86900
user1561815323003882611,101000
user3370686759210218467,93600
user1452081388453241467,64200
user6642577549101359762,53300
user7218407885253116621,80900
user6812382223622508799,58100
user2423550331783118676,111700
user7993510041579449168,57300
user4087521387178921147,56400
user8803001940262445826,92000
user4745516708982155726,100300
user984428435392161090,90900
user2858824823849311266,278500
user6999035001293219534,61000
user4164440230298990738,111800
user99137614613375737,79500
user2936303627481521305,152900
user3622874734600687107,90900
user8293598162167942300,59200
user7119384550983133618,121800
user1276139211063188873,65800
user6767053320298401079,98400
user7083439828993259046,60200
user6565658705981290171,61200
user3244654436553212488,57700
user2916325893772656588,64700
user4950707716807793088,56900
user759249448388715426,85300
user3953443119429804799,103200
user8692366399905365669,126000
user1623442614434355166,139400
user4277863755921075349,125300
user387053568602631267,76100
user6696718855951862396,259300
user2077585164654075162,119900
user946243871353724726,169200
user5597196063134259299,74000
user693942811355742989,85300
user8007133529028322646,136200
user3321573279673282079,104700
user8562644486176916223,99700
user1154451425131152010,172400
user6383805194937360214,195300
user5606910072467093226,62600
user8870206774049681490,104800
user791627909383603213,58300
user7009868931650334357,60100
user8044198172042478114,107600
user4937757274478573155,164300
user2417744228739570099,87900
user2154722322991986636,57500
user1379288766840299109,60800
user7159685626993675092,78400
user8418852209094965948,87400
user482498824581929699,100000
user8777549503335387512,248500
user4043312404879094323,97900
user5647324233085147797,59800
user8131609300225363963,91900
user7382064811436418516,157200
user4404237723872379893,128200
user7752032666469638669,172900
user1582021617399532796,58200
user8517097267634966620,67700
user8537521877248458688,74400
user8192894946361537953,82700
user5608248308709216005,127300
user172708511956300426,67000
user8767605361489013916,87200
user8536961916736318240,102400
user3548308818136692405,234500
user8385695472370095830,73600
user321186971057518382,60900
user5901752050524178229,89300
user6768391556540523858,75900
user2835942056969415523,83000
user7940147010458928865,98900
user6395075755730158803,53200
user451127200003809711,125200
user5849943999036868387,153500
user6647263731120627443,70700
user2666024297840753389,63400
user8747740712387662296,76000
user4156394285206880369,86100
user1384534909371707238,54900
user5434659057975238300,120900
user776667757519361157,93800
user698628993375010670,144700
user6647045415902785560,87900
user4929598244778949689,60800
user7340873946915135815,91800
user2203399172093239258,99000
user2332791257823087925,61900
user1006191281247775937,69300
user3594185864677242787,57500
user1747358425119256035,58800
user6894205563979687954,53800
user2652525712295090794,146600
user6026227821721219546,103300
user8925581086531978117,76700
user7008189050113913013,90000
user8972018093584668947,60100
user180960954970554892,57000
user2481382801531818978,99300
user2294388378566809678,56400
user3458439532687402881,54800
user1483558243641690241,101000
user3995972220193210279,169000
user4992458541841216237,58000
user5780064264592141366,108700
user7333169647117324011,60600
user7463121693359313126,125300
user5596417787404276968,232100
user4744956748470015278,216000
user3594745825189383235,284700
user1519286222240477131,54000
user2845874381520091333,58800
user7165604814644736766,64000
user5958121382127544869,199000
user69547138883492404,86000
user5448717604033041343,92900
user6295274145730193469,55100
user4615234834741565832,77300
user120682145251148701,90400
user3714753729584998754,159300
user8517315582852808503,98500
user1394467233922383048,115200
user1231028622956923036,72800
user524479782128892517,74900
user5129324794855337039,118600
user1253474759401135013,92000
user1021151433112017993,61200
user4200603267506707193,68400
user5217855844062503784,73200
user302088780390451307,62400
user7006520985873189455,58800
user3505654815470076042,127200
user6299400367237320702,107500
user7672220607474235838,68400
user2414956243474565645,61600
user2201171147340375252,59700
user7692085256575587458,143200
user4867422810132034472,65400
user8703190084793536907,93400
user2792179950574216050,302200
user3529552272763923895,59900
user1050400263547602761,91300
user5721671834331300616,86300
user5526756368177391830,126600
user8722288275460603982,61000
user3724137910919231902,123000
user1946525014683502937,56300
user2424670252807399572,78600
user8315702653317855712,109400
user3221430024379018180,59700
user3589499682657975106,91600
user8028678059666095610,138800
user505723236756124007,60900
user7383744692972839860,100500
user7472494057397848488,114400
user7655922219367871003,60700
user3535358375807472472,59800
user2985540437094914375,111900
user8269813789481607544,56300
user4545790158905768376,63500
user7917482558796875005,85300
user1099408512474210363,57000
user7188269266306790626,53700
user8355213636302717069,111100
user1110460758049167069,131100
user4972812207957706500,130100
user1770695921900963440,200700
user109629899676191995,64600
user7567391170160704258,59100
user2666365943135051954,169700
user8222038546186793935,68900
user6717038234955025678,52900
user173816615684883536,120000
user3507553012224339269,54300
user3812108999614258199,126000
user1482998283129549793,134200
user211111391212578673,89300
user3134018896196132331,129000
user5586703778071443041,67600
user7677466750005643967,262900
user5903980075277042235,55500
user8565992431954061125,529500
user6860830512036975953,71800
user7703137502150544164,57400
user6922676118685290391,60400
user6542994254319236311,61400
user4150929827457630357,103600
user3269765228185972237,71100
user3815675260609244984,74600
user6934401409379900642,219100
user5965047406195374342,81500
user2644479767202980425,80700
user7851056000739621672,71800
user5133451016362464272,777900
user6300520288261601598,61400
user1252914798888994565,55000
user5940154929780456476,58200
user5360528200120173163,58600
user1153331504106871114,55600
user8812934264813121636,238600
user7780056345270613755,60300
user6761247217254852502,108900
user1343904005362564985,152700
user2519785680788097225,70400
user2766167553135017288,66200
user8132947536467486742,86000
user7637725634507242941,117600
user6989102676742543724,118400
user6898673430781113752,140600
user3820143127410670782,63000
user2172482277416930932,153100
user3611822489025730401,82800
user2598932548661030822,153000
user2343396627493417280,58600
user8056588653859557599,63000
user2507395198971017740,57400
user914653931557762855,55300
user6845310399660593449,96900
user4567334689543541340,123900
user3952323198405523903,103200
user4174932515361806996,102700
user2074237218876930260,55800
user8345281311752041259,59500
user2473118541221866726,72700
user1631476742230767749,69100
user5714197667047028481,69900
user3112132720264060802,60900
user3804964660328586843,68000
user4430468436529420538,65200
user4883161237726258859,125600
user152272085047110572,156300
user6253523320696770320,55400
user4778891760924867727,87400
user1173321055111433617,66300
user1413118548684822772,84600
user9039109842764391514,130600
user8737466742542687921,134200
user3017017292283363149,57900
user2478924644265415303,155700
user634555361973832226,75500
user4155616009476898038,62700
user5915032320851998941,57900
user3463344029924512445,58300
user3253466840079607402,120800
user582528995268680501,55900
user8258761543906650838,106600
user4508507200673771025,105800
user5996524261383823116,60100
user440634914940993453,61700
user6381565352888798422,145900
user664912296138000104,68500
user3172080130158112013,168400
user4002338283748899304,265700
user1240742632289756963,65500
user2129611531359226887,76800
user6753773049970580367,218000
user4741608802692870376,56300
user2342723582373763735,112300
user3067705422746392095,104900
user515655561306799817,95300
user4462505252230009760,116700
user502375290978979105,55600
user6721176273757850697,61500
user7912796376777607324,164700
user2654753737047954800,309600
user5428852954931689723,55600
user929272438127706346,66800
user1359642432956789372,66600
user880937234320752289,55900
user6525357629970748697,123500
user6812713623447863779,86200
user2847772578274354560,235200
user4299626601776690196,58300
user4052124808405489237,69100
user4491648852055265742,209700
user8190436789095134278,53800
user5187157264604037341,91900
user7790890275627728578,62600
user6335128345836107592,82600
user1074297720841450614,63600
user4452572927679333950,62900
user2280318015213308849,158800
user2199832911098252473,112300
user5408303443414986772,113900
user5586485462853601158,58800
user7052957992925880285,58400
user1237176371294770178,76300
user7298344846151730335,114200
user5587263738583583489,113300
user6465628535294539369,170400
user2095781749514703224,125400
user7962811462120982725,58300
user8055250417617434820,245500
user7284161398190716409,75800
user2189558941253278098,58100
user1582581577911673244,58800
user2040520521639919694,132900
user2508173474701000071,61400
user7776490084275626970,99500
user5031079736315336367,57500
user857494506928716098,117800
user411946045017549133,73500
user64300996352084275,66000
user3607477952300761285,59500
user5350035915057356905,127600
user4627955144557246096,132300
user1826175464993588853,168300
user3496500766649382563,60100
user5357180254343028261,254200
user304328622439013099,67900
user4097453711729596957,63500
user819309942890279734,61500
user6466748456318820265,142700
user6234985090541843693,80900
user5690194979142851842,266200
user2554610481753690901,126300
user1724134012945061727,107300
user2992124815868445283,57100
user5207021913705388961,137700
user4860496786064204999,74000
user8999368727265990488,62400
user8907831377575977406,55800
user7999647544448352725,1571300
user7109452226432457808,109300
user2558748520556515920,59200
user6169118492996730808,55100
user5663622621191512632,63100
user8065742702680251078,90400
user2940658409675434006,227200
user4037506301835545746,58800
user906607986465652486,214400
user1924638838751431408,102000
user1407417676251602981,176200
user4190670942956031383,54200
user2917993958013380146,56400
user5329269660149566272,144900
user7296105004103168543,75900
user3857986046154808581,124000
user5360746515338015046,55700
user5902860154252761339,93600
user3982805034472902664,65200
user3832875254522048832,58100
user8480592585132951600,121300
user5436887082728102306,59300
user525587885857475627,58700
user8669141987731171361,62300
user5109678460971827302,54900
user3152215481056760393,58300
user2639233624671572296,57100
user4981406296266259531,60100
user4792172031252688439,60100
user8829905698039140016,112900
user5476628198226503332,105200
user8142101585288180221,80200
user24230052855082470,56900
user7087347735282544396,88600
user6025886176426920981,56800
user3680488889131545526,119300
user1145857336822598979,270500
user8525909671161361534,61400
user8758792957962619002,100300
user7157787430239411865,57100
user8779217567576111070,60800
user7665854543918546813,118500
user1672450863360962768,139100
user2679876345976412335,283300
user2642581570448717198,94500
user5987370212563129637,149600
user2002677602895781895,59200
user8419412169607106396,58800
user7687959035068460225,58400
user2670492164642179187,88000
user2759583174361486380,56100
user6119103407653355407,133700
user5800270558987791551,56400
user8962304084251835020,59400
user55706908043531244,57200
user9095044115758828589,81100
user7701799265908421385,136800
user5282489435975822676,59200
user9189381268009543911,80800
user8917203741614512768,56800
user8006573568516182198,324100
user2388165570305384552,88600
user5636271987510191091,109700
user381247465559082690,109000
user4635099483842917452,65200
user8857474646938303440,232300
user2763709395868613613,58100
user4167228215563995192,53000
user5302478986980385179,55300
user1561597007786040728,84600
user6604734630357221963,117700
user2730552659143743495,135400
user4266811510346118643,87800
user2782465941241382123,60700
user5828959428911235871,116500
user7383963008190681743,133500
user7710623486730514085,89400
user335805477627461873,108000
user493551070156886405,59300
user362490920186314180,63800
user8874892956068949171,101100
user5438785279482365533,57500
user6202275229721600926,151300
user6002443449034884790,59200
user2597264484420307264,150800
user5833427295712661669,96000
user2638455348941589965,69300
user8688571578223593416,56800
user1269991462725341731,63500
user7701239305396280937,111300
user5245766438255965773,64400
user191234924815529267,58200
user6039178264050439479,125000
user1299135062550597713,119700
user1310747268637694867,86600
user5951207175355413182,75600
user8957617902232567339,76400
user3635046901199924709,80300
user3357736316880998534,111700
user7562145027629296129,60000
user1056319451198664435,90700
user1684623029960200370,115100
user9008192948088083188,57900
user6883494963699029813,99900
user7347240010470824840,56100
user2512859656720267752,91000
user3737418181247052614,104700
user8492752934436491416,131600
user3298348867499087771,100000
user1259499177662525473,121000
user59614814332816594,131300
user1622104378192232387,155300
user5002390866391892047,156400
user6400663543555865497,61100
user6103251895451617923,103600
user9162030634328222370,159500
user4257097501013284716,60600
user5691314900167132738,54000
user7477740199929256617,60500
user3684615110638672759,61000
user1467819816047465854,63900
user8960405887497571793,93500
user1406639400521620650,142300
user1324805814695497910,189300
user3177999317809173687,115200
user5077081684759097632,641800
user6301640209285882494,123500
user3342557849798914595,153900
user4735802699649321799,135900
user5029741500073213588,155300
user314820907501829357,73100
user254873497607778146,61300
user6707105910404349868,60300
user8667473923490447803,60200
user7131556717582371220,84000
user3886009724955783667,210300
user5707613288273497573,133900
user7919722400845436797,62300
user8652843599624806526,58600
user2524471862807364906,161100
user2757903292825065036,53300
user5383192651782227023,59900
user8225273407356425740,59500
user1184373300686390323,58100
user5188152283725107354,148700
user6745727104878469998,68400
user6667470025516277628,65200
user1356624315178245249,59600
user8538641798272739584,62700
user1694555354510876180,62700
user3663630540513040243,57200
user7058877180576941959,60200
user3561029127952372669,81900
user527827727906037419,58600
user2635667363676585511,58900
user8994900860464564690,62000
user7664516307676424034,60300
user7607462113657706063,116900
user995698996184959679,131900
user1704269363843710107,63000
user9215611980666584556,58700
user6609980772888630092,100900
user4556282443968584634,56000
user1485456440395953468,63400
user7752705711589292214,54400
user2957848158119294269,160700
user3561589088464513117,107100
user6382685273913079318,69100
user4905047413658330388,52200
user3726365935672095908,149500
user6152260144378225525,57100
user3464463950948793341,164600
user7778718109028490976,271600
user3130670950418987429,65000
user368515338447704640,90700
user5915810596581981272,90000
user5076521724246957184,93100
user452920166147744152,313600
user7536462458188698146,64600
user5007637008923300176,54200
user4418296269930182936,60000
user2617129133521658884,251100
user4061838817738323164,105600
user8949913602434755535,103800
user6651171637409912793,96500
user8279746114032283354,272500
user1823717307727185178,56300
user5300580790226121952,60100
user4218581537149493372,62700
user6958733925282678060,95500
user3091708110650568734,62100
user5469483858940831976,206500
user892549440407849443,56700
user1533904728810420622,110400
user606084807268229789,85100
user1146965440551182089,70400
user6417740207392212663,61300
user3343336125528896926,59400
user9208467641380913200,111100
user7713629787213360422,176000
user3916378476415649331,64400
user4608308810673736359,55800
user7915584362042611778,78500
user2313474751938178967,99200
user4051346532675506906,59400
user7208475560702440811,137200
user7230238406558055658,100500
user3562709009488794013,57800
user3337311707267506466,61000
user5212828016748937538,137000
user2040302206422077811,126300
user6781683644164042356,70400
user4803784237339785593,181000
user7900965855472668287,58600
user4345628550220451461,93200
user4200043306994566745,59600
user753225030127324966,84000
user5449277564545181791,61200
user3565167166755197688,60400
user7839225479434682635,88400
user4971132326421285156,218600
user87743723744120466,58400
user6317596952097948764,81100
user1122632924648404671,61800
user3371246719722358915,57200
user1463133634028198173,151500
user1939039030103533016,91700
user5764325836997916979,175800
user1776502024944512017,56800
user666592177674421448,59200
user1903654268625798892,179100
user4707892105455859810,71800
user5574313296254363556,160100
user8484718806640078833,58500
user6645365534366364216,61900
user7570739115937849160,57100
user2391171870788230889,113300
user5007077048411159728,73600
user3507334697006497386,55500
user6695380619709739617,59500
user8160298170148808283,126800
user4204511173795992543,58500
user6741040922859202317,194400
user3067923737964233978,163300
user645607607548788932,55000
user7130436796558090324,315600
user8241124919558163224,58900
user6862728708791239180,75200
user7751814351251796786,57300
user5118272549280380333,123700
user4454471124433597177,50300
user3447045641818147610,74900
user7445703384228667395,55300
user8152033909838856031,56500
user9005174830309539065,142400
user4892315286546952338,137800
user2405023918923889835,137800
user7061895298355486082,146200
user2399217815880341258,154200
user2419424110275991443,147300
user948918772011216083,59400
user6283661939643096315,95300
user5647105917867305914,270100
user3859665927691229925,66900
user3321791594891123962,58400
user7125190654026682195,119600
user6983296573698995147,106100
user8957399587014725456,189600
user4982744532508382310,85200
user1357184275690385697,63200
user5289746859869007129,148900
user291036534815494601,1140700
user4872108992151302153,61600
user5952875239596136740,72400
user6169460138291029373,58700
user6531723693526437722,57100
user1889470820664784966,75100
user834270094754521790,59900
user8065961017898092961,53500
user1609372251080854337,62600
user7312745037503831943,58700
user894777465160713449,124300
user4949027835271371744,223800
user1060114272880436688,73700
user4654745817726427189,73700
user6757680956259865717,104800
user1847719995631361817,125700
user2046886585195608719,62100
user1573427529090979765,56300
user4041632523342672979,60400
user3936803086029141399,68000
user3937363046541281847,118200
user3008423203974810118,60900
user4704760903069802590,148900
user3276691252253801710,59700
user2504047253193872838,89300
user7690187059821324231,67300
user7596409868082749357,59100
user3092268071162709182,62200
user633435440949551330,65000
user8027899783936113279,86200
user4041072562830532531,56000
user8274841616795173790,71400
user8632637305229156341,55000
user2716152467791641887,69100
user8153932106593119258,58500
user8454236970572700072,66600
user9072939624608915177,67800
user5023375436517524563,60400
user6527255826725011924,65400
user5225560143860315588,64300
user1718887870413653598,60900
user6230858869034716460,108500
user2996032722157730633,79000
user8417732288070685052,55500
user5496834492622153517,56400
user7210373757456704038,1659800
user5508665013927092554,223600
user6506831217111519856,62300
user5450957446081603135,57800
user5372918681937252648,54900
user7551092782054339423,56500
user2634547442652304615,62300
user2650285870246529002,147800
user6982518297969012816,59500
user2348424454806983526,60300
user28356274362209703,177800
user5131782952121740714,91300
user7953987241298890025,87000
user6288348121662363996,58400
user4413610087910915255,153500
user8462614315490165421,61800
user5471163740477253320,59700
user1506222695303744101,64300
user730000617953130658,54800
user6546342200096381213,63900
user4734682778625040903,58000
user8077013263473049667,50900
user8693039445025019214,67400
user6054916691644663866,61600
user4655305778238567637,59500
user6761807177766992950,60400
user1474404194820996762,78600
user8693257760242861097,54900
user1846381759389239038,63700
user6690134477178331488,60900
user4297728405022426969,55700
user4172692673313245204,57800
user8214439476999310917,170700
user3947637016386256222,139800
user6277295876087407290,132400
user6289468042686644892,73400
user6630187067284280277,1591300
user7225552224538787977,123400
user222276721395048476,86900
user369075298959845088,95800
user5362426396874436390,57700
user3549976882377415963,54800
user2454592128362637885,58600
user6527815787237152372,57400
user6984416494723276043,59600
user2678756424952131439,184900
user6241911114609673166,89400
user5131222991609600266,64600
user2516767563009553102,210900
user6394297480000176472,238200
user8481700688861534710,56300
user7138701056868042576,52800
user1518166301216196235,125500
user165004212158488622,234200
user5142835197696697420,58000
user2979734334051365798,61900
user9005734790821679513,62100
user1610492172105135233,89800
user2908279948680546219,58600
user8622704980678480531,77400
user9222538004734414029,66800
user6025667861209079098,178500
user1825055543969307957,152500
user7901744131202650618,54300
user7005961025361049007,139400
user8005453647491901302,64700
user4254639343746881041,86200
user621263274350313728,185700
user5283827672217945455,140400
user7449051330005812297,278000
user6507939320840102966,227100
user3257044918370291973,64300
user6510957438618647089,150200
user3207029833026916572,84000
user669380162939425902,93500
user2097014755146497217,56400
user8302752210988635779,55800
user4340382407689043332,58800
user1116826821604856094,254300
user5789218313412834845,61200
user4903927492634049492,231000
user4409702181621629905,54700
user7004841104336768111,63800
user2580406135801801981,59500
user2991346540138462952,254200
user6416961931662230332,54800
user1630916781718627301,60100
user532732225143146983,68500
user554836716293060395,58900
user5814889065557735042,127200
user1837227710568545559,58200
user4775873643146323604,59400
user1835889474326422780,77100
user1118506703141277438,85600
user176056457733445328,61100
user7687399074556319777,89200
user4030020317255575825,56300
user6627399082019275823,57300
user8034484162709644187,52200
user7577105179493538185,135700
user5301919026468244731,84300
user3258153022098875083,49000
user4861616707088485895,61300
user3470051738774500035,62600
user704548181026072344,70500
user6158066247421774102,189700
user5371238800400831304,55000
user8669701948243311809,153900
user6464737174957043941,301000
user4066524999757590845,69500
user1814344943688649816,337400
user3973867729043296867,215100
user4274515810143930447,246500
user7429404996122302560,56900
user3732172038715644485,93700
user3645652270870254064,272500
user7457875550827904997,59900
user5623768421085598509,63200
user276977988757691558,166500
user2052692688239157296,1095000
user2276410108924023499,63100
user8043078251018197218,114200
user1764889818857414863,163300
user4911071831919720848,157900
user4998264644884764814,268900
user4904705768364031823,121700
user5824833207404108638,126200
user3249340618572480169,57500
user2958968079143575165,56000
user973034544522905819,64000
user4806024079388347385,70500
user2870996990448548868,58100
user8885385241131765429,64700
user630417323171007207,84700
user895897386184994345,61700
user6668808261758400407,61200
user8303530486718618110,59100
user2225503663243152670,74000
user1836667750056405111,55800
user6257649542203897553,81500
user1383974948859566790,57200
user6641799273371377431,63200
user8120775369868249140,196600
user3380960729055192842,74600
user3310521034098325373,61700
user2855258562854324481,165500
user5900632129499897333,56800
user7004281143824627663,79300
user4771187461127055923,62100
user1961143521253446428,57500
user7465349718112177132,59600
user8606406592572115696,153600
user275079792003428331,65700
user7736854199387554730,71800
user7596969828594889805,64300
user7099178256587483433,58700
user5256258723318782031,57400
user7068809505127617769,371600
user4074010984337560766,67400
user3790004508464344787,162600
user6855584369505567824,58500
user1902875992895816561,65400
user230757725096088410,87700
user6223932844966886987,74300
user1709733821592960119,686100
user5817128907606296834,244600
user3958689261961212928,270500
user869325028233655135,58100
user9040342848396185507,63000
user8040850226265333212,60200
user3761315638540900467,58600
user7732168017368287049,149400
user5813221001317011484,56600
user1428856976279047159,65900
user4881263040971995632,83300
user7061335337843345634,60700
user5404177221907859539,58100
user3696227316725769913,306000
user3436553356755331352,163900
user6134623520029737911,158000
user8885945201643905877,181800
user3886456600860411018,57100
user4384031429476729708,75000
user5129543110073178922,240000
user4393403793515265070,58600
user7234146312847341008,58500
user7848049700256775335,264800
user7049723131756248480,62700
user2799324289859887406,68400
user5696561042698540867,165200
user6229738948010435564,90800
user197819303589060175,70700
user5988043257682783182,56500
user883725219585756743,300700
user223831701028258937,60900
user6680420467845497561,64700
user3407191441712233487,212700
user186548742796261586,124700
user8015727617336875677,61300
user8753765130649052756,236800
user2947915833568618459,63500
user929832398639846794,61100
user7226112185050928425,59000
user7565151328112142466,68700
user7686620798826337446,228700
user905269750223529707,242500
user2176048538411917717,84100
user1658380500007461939,59700
user2063744933814114002,163400
user5747467488379411696,65100
user187886979038384365,99200
user991572774677832446,70600
user1736306179544299329,69500
user6768951517052664306,85000
user408038138728263783,54600
user4255759264771161937,60900
user5351374151299479684,56000
user2337477439842355606,57800
user2299074560586077359,56100
user9095604076270969037,70900
user3588379761633694210,70700
user3801616714551441941,62900
user1710853742617241015,62400
user4697399820393043552,85100
user1947863250925625716,67100
user6772859423341949656,77700
user3846933800579851875,214000
user8759571233692601333,58100
user5609928190245637349,75800
user8167224194216637756,118700
user5991838079364555435,54000
user6552148303139929790,56200
user1697903300288021082,53000
user1361870457709653378,60400
user4492768773079546638,210800
user2039742245909937363,64400
user6481148647670921873,308300
user517553758061063044,220800
user859392703682979325,60200
user8752645209624771860,55000
user2088855725446873751,63300
user71227020419913748,56500
user4026454056260589040,62000
user1711973663641521911,59900
user2304320703117485488,66000
user1600218202260160858,55000
user3776712420840826289,55900
user4305774350114537338,57800
user5107780264217564075,85500
user642029529258104361,71700
user3788884587440063891,94500
user406358257191842439,3669400
user2945904552206842135,92100
user2668264139889315181,315500
user2680984449704995445,82600
user8496331012727175987,66800
user6358352758010301900,57200
user8573809816359386026,59800
user7523182187860877434,60300
user5103094082198296394,237200
user2061286776547710327,1077400
user6218915263122264326,57100
user1288642777487781455,54200
user7965039486873846731,60000
user6268141827266713811,71800
user1456425925178210583,58300
user2151716022509140299,243500
user7235266233871621904,59800
user6905257809554644660,57200
user8186310567588007045,62500
user7027505555998821971,56200
user1735746219032158881,74300
user6414722089613668540,57100
user1829523410770733755,58700
user4291922301978878392,56100
user5860996244611825093,58500
user1034661835953378374,60200
user1175995955768924974,61900
user7608582034681986959,58200
user1231370268251221601,63400
user1610710487322977116,74500
user7540040536479382717,303000
user4594685323224862881,79200
user5949527293818991838,58300
user1016465251092750312,240600
user5998877188039898005,57300
user4453132888191474398,57700
user3435775081025349021,59000
user1552442958965347249,59200
user7423380577860912100,273700
user767843536697268457,63300
user3590277958387957437,58500
user3001838825201279210,57600
user6528375747749292820,75000
user4882041316701977963,63000
user776107797007220709,59100
user8907489732281678841,59700
user5576771453520767231,52700
user8735008585276284246,60400
user792406185113585544,58700
user6290806278928767671,65700
user2834822135945134627,63100
user6696500540734020513,62000
user2398657855368200810,61700
user7271989231591478807,216900
user760369369412996322,60000
user1879756811331951039,57900
user2723638452371611808,74300
user5157235389048799028,70300
user5210369859482533863,65700
user2951823739857903809,93400
user517335442843221161,59800
user5635380627172695663,65400
user6385703391691623441,56100
user5584245620805039366,57300
user527486082611738854,229600
user5343888166719509763,60300
user2303760742605345040,65100
user1445933640115394325,55500
user8994682545246722807,77000
user4051906493187647354,58600
user719726648108156283,60400
user5237720493163855404,71100
user8867188656271137367,59100
user1349150147893973114,57500
user3596425706725804579,61100
user6218013657315825313,3258200
user3508672933248620165,70900
user5415560867308171225,74200
user7550532821542198975,559800
user4042752444366953875,60700
user8038392068998929537,58200
user7789770354603447682,345500
user3903987994598569846,55100
user6556286341942754809,61100
user1813784983176509368,97300
user6582630139207308551,70600
user7199321511881747332,67400
user622943155886735072,58300
user7131775032800213103,58100
user6682100349381918905,58200
user3094496095915573188,210400
user8378551133084424474,53300
user2565662727328647607,56100
user1714201688394385917,58300
user7781176266294894651,59400
user3385086950562320075,54600
user8936633332106934823,55000
user1775942064432371569,64400
user9136794940792251738,374800
user166342448400611401,61000
user8748518988117644627,52100
user6770071438076945202,71300
user2771195380448583534,75300
user7916704283066892674,227800
user3590619603682256002,54600
user7333729607629464459,307800
user4740488881668589480,69800
user174376576197023984,82700
user3550536842889556411,60500
user823104764572051987,75000
user2211663432403191510,62800
user6962871964085503079,61400
user5564039326409389181,54200
user4244365373901906666,56900
user3974646004773279198,58300
user1700361457554424757,545800
user213899376477583127,65300
user2293828418054669230,59800
user1963601678519850103,1197200
user2804352117173453652,62100
user275298107221270214,60900
user2452239201706562996,52100
user1468038131265307737,59200
user8214999437511451365,55500
user3652578294938083537,56700
user6068756922484625026,66500
user8932942169208737155,57400
user7170290996664004447,76700
user8368277163239450099,82000
user226289858294662612,58900
user1094162369942802234,63900
user1353058054183258464,58600
user3446827326600305727,58100
user7135122978577358005,52900
user1166281946436091047,61100
user4424102372973731513,337900
user8706984906475309160,81400
user3269205267673831789,88300
user4231861807477314084,64200
user6064849016195339676,270500
user7437999084430855591,59300
user7623760501764070898,51900
user3975765925797560094,54500
user7904532116467655072,55100
user1802951052819394545,57600
user1927986784528576310,58200
user4380453351186045137,60800
user4156954245719020817,60500
user7515924763967692981,65000
user1032981954416957030,60800
user6861950433061256849,3141000
user88303684256260914,66500
user9213153823400180881,55200
user3084222126070598813,55100
user4156175969989038486,320100
user3129551029394706533,52100
user4293042223003159288,56500
user5606350111954952778,58800
user5208141834729669857,57200
user1099968472986350811,77900
user3902308113062148502,57800
user5789436628630676728,82700
user654979971587324294,85700
user3562367364194495448,58800
user4003789604598535180,485200
user6998256725563237203,62500
user5112466446236831756,478400
user2843646356767227327,63800
user7630686525831900371,56300
user7813554727289782438,55000
user8846764046657645299,60700
user4406135920626643120,55000
user52688790264987121,65700
user4325079038703748510,60500
user501037054736856326,56300
user1802732737601552662,61400
user1050181948329760878,57800
user6553268224164210686,341800
user8220918625162513039,62300
user6492760853758019027,55800
user5328709699637425824,56500
user8881818980136778644,60000
user3758962711884825578,59500
user8577044677529017831,66300
user3937923007053422295,52900
user2616910818303817001,1489300
user1985706169669763515,61300
user6471776283632386511,446700
user4993796778083339016,54900
user5866024071925391339,55200
user4803224276827645145,58400
user2198712990073971577,58300
user6378559052405952085,58000
user547692377007389039,58400
user5772919925306470010,55700
user8622145020166340083,53300
