Initializing PostgreSQL database ycsb...
Done initializing ycsb.
Initializing PostgreSQL database ycsb_unchange...
Done initializing ycsb_unchange.
=== Executing the load phase ===
Initial-load verification - TotalSize:10000000 ExpectedFieldLength:100
Arrangement completed. Output saved to ../analysis/Data/Workload_data/postgresql_arrayjson_TOAST_HYPOTHESIS_run1_zipfian_heavy_pure.csv
Reference-load verification - TotalSize:10000000 ExpectedFieldLength:100
=== Setting parameter values for extend phase ===
=== Executing the extend phase with extendproportion=1 and other proportions=0 ===
Arrangement completed. Output saved to ../analysis/Data/Workload_data/postgresql_arrayjson_TOAST_HYPOTHESIS_run1_zipfian_heavy_pure.csv
Size computation started
Extend verification - Min:1000 Max:382800 Avg:2000 (Expected avg per record: ~1000 bytes initially)
Generating histogram from key size log: key_sizes_postgresql_arrayjson_TOAST_HYPOTHESIS_zipfian_heavy_pure_run1.csv
Histogram written to histogram.txt (BlockSize = 100)
Appending first iteration...
First iteration: Appended values from key_sizes_postgresql_arrayjson_TOAST_HYPOTHESIS_zipfian_heavy_pure_run1.csv to ../analysis/Data/Value_size_data/value_sizes_postgresql_arrayjson_TOAST_HYPOTHESIS_run1_zipfian_heavy_before_pure.csv
VACUUM start: 1777544357
VACUUM end: 1777544357
=== Setting parameter values for run phase ===
Checking query plan before run phase
=== Executing the run phase with extendproportion=0 and read/update proportions=0.5 ===
Arrangement completed. Output saved to ../analysis/Data/Workload_data/postgresql_arrayjson_TOAST_HYPOTHESIS_run1_zipfian_heavy_pure.csv
Running JSONB detoast probes for ycsb phase=post-run epoch=1
Arrangement completed. Output saved to ../analysis/Data/Workload_data/postgresql_arrayjson_TOAST_HYPOTHESIS_run1_zipfian_heavy_pure.csv
Backing up the database started
Backing up the database finished
Arrangement completed. Output saved to ../analysis/Data/Workload_data/postgresql_arrayjson_TOAST_HYPOTHESIS_run1_zipfian_heavy_pure.csv
Size computation started
Appending first iteration...
First iteration: Appended values from key_sizes_postgresql_arrayjson_TOAST_HYPOTHESIS_zipfian_heavy_pure_run1.csv to ../analysis/Data/Value_size_data/value_sizes_postgresql_arrayjson_TOAST_HYPOTHESIS_run1_zipfian_heavy_after_pure.csv
Total size: 20000000, Field length average: 200
Workload file fieldlength set to: 200 (expected: 200)
=== Executing the load phase for the comparison study ===
Comparison-load verification - Epoch:1 Run:1 TotalSize:20000000 ExpectedFieldLength:200
Avg-run verification - Epoch:1 Run:1 Iteration:1 TotalSize:20000000 ExpectedFieldLength:200
=== Executing the run phase with extendproportion=0 and read/update proportions=0.5 ===
Arrangement completed. Output saved to ../analysis/Data/Workload_data/postgresql_arrayjson_TOAST_HYPOTHESIS_run1_zipfian_heavy_pure.csv
=== Setting parameter values for extend phase ===
=== Executing the extend phase with extendproportion=1 and other proportions=0 ===
Arrangement completed. Output saved to ../analysis/Data/Workload_data/postgresql_arrayjson_TOAST_HYPOTHESIS_run1_zipfian_heavy_pure.csv
Size computation started
Extend verification - Min:1100 Max:764400 Avg:3000 (Expected avg per record: ~1000 bytes initially)
Generating histogram from key size log: key_sizes_postgresql_arrayjson_TOAST_HYPOTHESIS_zipfian_heavy_pure_run1.csv
Histogram written to histogram.txt (BlockSize = 100)
Appending subsequent iteration 2...
Iteration 2: Appended new size values from key_sizes_postgresql_arrayjson_TOAST_HYPOTHESIS_zipfian_heavy_pure_run1.csv to ../analysis/Data/Value_size_data/value_sizes_postgresql_arrayjson_TOAST_HYPOTHESIS_run1_zipfian_heavy_before_pure.csv
VACUUM start: 1777544511
VACUUM end: 1777544511
=== Setting parameter values for run phase ===
Checking query plan before run phase
=== Executing the run phase with extendproportion=0 and read/update proportions=0.5 ===
Arrangement completed. Output saved to ../analysis/Data/Workload_data/postgresql_arrayjson_TOAST_HYPOTHESIS_run1_zipfian_heavy_pure.csv
Running JSONB detoast probes for ycsb phase=post-run epoch=2
Arrangement completed. Output saved to ../analysis/Data/Workload_data/postgresql_arrayjson_TOAST_HYPOTHESIS_run1_zipfian_heavy_pure.csv
Backing up the database started
Backing up the database finished
Arrangement completed. Output saved to ../analysis/Data/Workload_data/postgresql_arrayjson_TOAST_HYPOTHESIS_run1_zipfian_heavy_pure.csv
Size computation started
Appending subsequent iteration 2...
Iteration 2: Appended new size values from key_sizes_postgresql_arrayjson_TOAST_HYPOTHESIS_zipfian_heavy_pure_run1.csv to ../analysis/Data/Value_size_data/value_sizes_postgresql_arrayjson_TOAST_HYPOTHESIS_run1_zipfian_heavy_after_pure.csv
Total size: 30000000, Field length average: 300
Workload file fieldlength set to: 300 (expected: 300)
=== Executing the load phase for the comparison study ===
Comparison-load verification - Epoch:1 Run:2 TotalSize:30000000 ExpectedFieldLength:300
Avg-run verification - Epoch:1 Run:2 Iteration:2 TotalSize:30000000 ExpectedFieldLength:300
=== Executing the run phase with extendproportion=0 and read/update proportions=0.5 ===
Arrangement completed. Output saved to ../analysis/Data/Workload_data/postgresql_arrayjson_TOAST_HYPOTHESIS_run1_zipfian_heavy_pure.csv
=== Setting parameter values for extend phase ===
=== Executing the extend phase with extendproportion=1 and other proportions=0 ===
Arrangement completed. Output saved to ../analysis/Data/Workload_data/postgresql_arrayjson_TOAST_HYPOTHESIS_run1_zipfian_heavy_pure.csv
Size computation started
Extend verification - Min:1500 Max:1134900 Avg:4000 (Expected avg per record: ~1000 bytes initially)
Generating histogram from key size log: key_sizes_postgresql_arrayjson_TOAST_HYPOTHESIS_zipfian_heavy_pure_run1.csv
Histogram written to histogram.txt (BlockSize = 100)
Appending subsequent iteration 3...
Iteration 3: Appended new size values from key_sizes_postgresql_arrayjson_TOAST_HYPOTHESIS_zipfian_heavy_pure_run1.csv to ../analysis/Data/Value_size_data/value_sizes_postgresql_arrayjson_TOAST_HYPOTHESIS_run1_zipfian_heavy_before_pure.csv
VACUUM start: 1777544679
VACUUM end: 1777544681
=== Setting parameter values for run phase ===
Checking query plan before run phase
=== Executing the run phase with extendproportion=0 and read/update proportions=0.5 ===
Arrangement completed. Output saved to ../analysis/Data/Workload_data/postgresql_arrayjson_TOAST_HYPOTHESIS_run1_zipfian_heavy_pure.csv
Running JSONB detoast probes for ycsb phase=post-run epoch=3
Arrangement completed. Output saved to ../analysis/Data/Workload_data/postgresql_arrayjson_TOAST_HYPOTHESIS_run1_zipfian_heavy_pure.csv
Backing up the database started
Backing up the database finished
Arrangement completed. Output saved to ../analysis/Data/Workload_data/postgresql_arrayjson_TOAST_HYPOTHESIS_run1_zipfian_heavy_pure.csv
Size computation started
Appending subsequent iteration 3...
Iteration 3: Appended new size values from key_sizes_postgresql_arrayjson_TOAST_HYPOTHESIS_zipfian_heavy_pure_run1.csv to ../analysis/Data/Value_size_data/value_sizes_postgresql_arrayjson_TOAST_HYPOTHESIS_run1_zipfian_heavy_after_pure.csv
Total size: 40000000, Field length average: 400
Workload file fieldlength set to: 400 (expected: 400)
=== Executing the load phase for the comparison study ===
Comparison-load verification - Epoch:1 Run:3 TotalSize:40000000 ExpectedFieldLength:400
Avg-run verification - Epoch:1 Run:3 Iteration:3 TotalSize:40000000 ExpectedFieldLength:400
=== Executing the run phase with extendproportion=0 and read/update proportions=0.5 ===
Arrangement completed. Output saved to ../analysis/Data/Workload_data/postgresql_arrayjson_TOAST_HYPOTHESIS_run1_zipfian_heavy_pure.csv
=== Setting parameter values for extend phase ===
=== Executing the extend phase with extendproportion=1 and other proportions=0 ===
Arrangement completed. Output saved to ../analysis/Data/Workload_data/postgresql_arrayjson_TOAST_HYPOTHESIS_run1_zipfian_heavy_pure.csv
Size computation started
Extend verification - Min:1700 Max:1525100 Avg:5000 (Expected avg per record: ~1000 bytes initially)
Generating histogram from key size log: key_sizes_postgresql_arrayjson_TOAST_HYPOTHESIS_zipfian_heavy_pure_run1.csv
Histogram written to histogram.txt (BlockSize = 100)
Appending subsequent iteration 4...
Iteration 4: Appended new size values from key_sizes_postgresql_arrayjson_TOAST_HYPOTHESIS_zipfian_heavy_pure_run1.csv to ../analysis/Data/Value_size_data/value_sizes_postgresql_arrayjson_TOAST_HYPOTHESIS_run1_zipfian_heavy_before_pure.csv
VACUUM start: 1777544868
VACUUM end: 1777544869
=== Setting parameter values for run phase ===
Checking query plan before run phase
=== Executing the run phase with extendproportion=0 and read/update proportions=0.5 ===
Arrangement completed. Output saved to ../analysis/Data/Workload_data/postgresql_arrayjson_TOAST_HYPOTHESIS_run1_zipfian_heavy_pure.csv
Running JSONB detoast probes for ycsb phase=post-run epoch=4
Arrangement completed. Output saved to ../analysis/Data/Workload_data/postgresql_arrayjson_TOAST_HYPOTHESIS_run1_zipfian_heavy_pure.csv
Backing up the database started
Backing up the database finished
Arrangement completed. Output saved to ../analysis/Data/Workload_data/postgresql_arrayjson_TOAST_HYPOTHESIS_run1_zipfian_heavy_pure.csv
Size computation started
Appending subsequent iteration 4...
Iteration 4: Appended new size values from key_sizes_postgresql_arrayjson_TOAST_HYPOTHESIS_zipfian_heavy_pure_run1.csv to ../analysis/Data/Value_size_data/value_sizes_postgresql_arrayjson_TOAST_HYPOTHESIS_run1_zipfian_heavy_after_pure.csv
Total size: 50000000, Field length average: 500
Workload file fieldlength set to: 500 (expected: 500)
=== Executing the load phase for the comparison study ===
Comparison-load verification - Epoch:1 Run:4 TotalSize:50000000 ExpectedFieldLength:500
Avg-run verification - Epoch:1 Run:4 Iteration:4 TotalSize:50000000 ExpectedFieldLength:500
=== Executing the run phase with extendproportion=0 and read/update proportions=0.5 ===
Arrangement completed. Output saved to ../analysis/Data/Workload_data/postgresql_arrayjson_TOAST_HYPOTHESIS_run1_zipfian_heavy_pure.csv
=== Setting parameter values for extend phase ===
=== Executing the extend phase with extendproportion=1 and other proportions=0 ===
Arrangement completed. Output saved to ../analysis/Data/Workload_data/postgresql_arrayjson_TOAST_HYPOTHESIS_run1_zipfian_heavy_pure.csv
Size computation started
Extend verification - Min:2100 Max:1905400 Avg:6000 (Expected avg per record: ~1000 bytes initially)
Generating histogram from key size log: key_sizes_postgresql_arrayjson_TOAST_HYPOTHESIS_zipfian_heavy_pure_run1.csv
Histogram written to histogram.txt (BlockSize = 100)
Appending subsequent iteration 5...
Iteration 5: Appended new size values from key_sizes_postgresql_arrayjson_TOAST_HYPOTHESIS_zipfian_heavy_pure_run1.csv to ../analysis/Data/Value_size_data/value_sizes_postgresql_arrayjson_TOAST_HYPOTHESIS_run1_zipfian_heavy_before_pure.csv
VACUUM start: 1777545072
VACUUM end: 1777545073
=== Setting parameter values for run phase ===
Checking query plan before run phase
=== Executing the run phase with extendproportion=0 and read/update proportions=0.5 ===
Arrangement completed. Output saved to ../analysis/Data/Workload_data/postgresql_arrayjson_TOAST_HYPOTHESIS_run1_zipfian_heavy_pure.csv
Running JSONB detoast probes for ycsb phase=post-run epoch=5
Arrangement completed. Output saved to ../analysis/Data/Workload_data/postgresql_arrayjson_TOAST_HYPOTHESIS_run1_zipfian_heavy_pure.csv
Backing up the database started
Backing up the database finished
Arrangement completed. Output saved to ../analysis/Data/Workload_data/postgresql_arrayjson_TOAST_HYPOTHESIS_run1_zipfian_heavy_pure.csv
Size computation started
Appending subsequent iteration 5...
Iteration 5: Appended new size values from key_sizes_postgresql_arrayjson_TOAST_HYPOTHESIS_zipfian_heavy_pure_run1.csv to ../analysis/Data/Value_size_data/value_sizes_postgresql_arrayjson_TOAST_HYPOTHESIS_run1_zipfian_heavy_after_pure.csv
Total size: 60000000, Field length average: 600
Workload file fieldlength set to: 600 (expected: 600)
=== Executing the load phase for the comparison study ===
Comparison-load verification - Epoch:1 Run:5 TotalSize:60000000 ExpectedFieldLength:600
Avg-run verification - Epoch:1 Run:5 Iteration:5 TotalSize:60000000 ExpectedFieldLength:600
=== Executing the run phase with extendproportion=0 and read/update proportions=0.5 ===
Arrangement completed. Output saved to ../analysis/Data/Workload_data/postgresql_arrayjson_TOAST_HYPOTHESIS_run1_zipfian_heavy_pure.csv
=== Setting parameter values for extend phase ===
=== Executing the extend phase with extendproportion=1 and other proportions=0 ===
Arrangement completed. Output saved to ../analysis/Data/Workload_data/postgresql_arrayjson_TOAST_HYPOTHESIS_run1_zipfian_heavy_pure.csv
Size computation started
Extend verification - Min:2500 Max:2291500 Avg:7000 (Expected avg per record: ~1000 bytes initially)
Generating histogram from key size log: key_sizes_postgresql_arrayjson_TOAST_HYPOTHESIS_zipfian_heavy_pure_run1.csv
Histogram written to histogram.txt (BlockSize = 100)
Appending subsequent iteration 6...
Iteration 6: Appended new size values from key_sizes_postgresql_arrayjson_TOAST_HYPOTHESIS_zipfian_heavy_pure_run1.csv to ../analysis/Data/Value_size_data/value_sizes_postgresql_arrayjson_TOAST_HYPOTHESIS_run1_zipfian_heavy_before_pure.csv
VACUUM start: 1777545289
VACUUM end: 1777545290
=== Setting parameter values for run phase ===
Checking query plan before run phase
=== Executing the run phase with extendproportion=0 and read/update proportions=0.5 ===
Arrangement completed. Output saved to ../analysis/Data/Workload_data/postgresql_arrayjson_TOAST_HYPOTHESIS_run1_zipfian_heavy_pure.csv
Running JSONB detoast probes for ycsb phase=post-run epoch=6
Arrangement completed. Output saved to ../analysis/Data/Workload_data/postgresql_arrayjson_TOAST_HYPOTHESIS_run1_zipfian_heavy_pure.csv
Backing up the database started
Backing up the database finished
Arrangement completed. Output saved to ../analysis/Data/Workload_data/postgresql_arrayjson_TOAST_HYPOTHESIS_run1_zipfian_heavy_pure.csv
Size computation started
Appending subsequent iteration 6...
Iteration 6: Appended new size values from key_sizes_postgresql_arrayjson_TOAST_HYPOTHESIS_zipfian_heavy_pure_run1.csv to ../analysis/Data/Value_size_data/value_sizes_postgresql_arrayjson_TOAST_HYPOTHESIS_run1_zipfian_heavy_after_pure.csv
Total size: 70000000, Field length average: 700
Workload file fieldlength set to: 700 (expected: 700)
=== Executing the load phase for the comparison study ===
Comparison-load verification - Epoch:1 Run:6 TotalSize:70000000 ExpectedFieldLength:700
Avg-run verification - Epoch:1 Run:6 Iteration:6 TotalSize:70000000 ExpectedFieldLength:700
=== Executing the run phase with extendproportion=0 and read/update proportions=0.5 ===
Arrangement completed. Output saved to ../analysis/Data/Workload_data/postgresql_arrayjson_TOAST_HYPOTHESIS_run1_zipfian_heavy_pure.csv
=== Setting parameter values for extend phase ===
=== Executing the extend phase with extendproportion=1 and other proportions=0 ===
Arrangement completed. Output saved to ../analysis/Data/Workload_data/postgresql_arrayjson_TOAST_HYPOTHESIS_run1_zipfian_heavy_pure.csv
Size computation started
Extend verification - Min:3000 Max:2668300 Avg:8000 (Expected avg per record: ~1000 bytes initially)
Generating histogram from key size log: key_sizes_postgresql_arrayjson_TOAST_HYPOTHESIS_zipfian_heavy_pure_run1.csv
Histogram written to histogram.txt (BlockSize = 100)
Appending subsequent iteration 7...
Iteration 7: Appended new size values from key_sizes_postgresql_arrayjson_TOAST_HYPOTHESIS_zipfian_heavy_pure_run1.csv to ../analysis/Data/Value_size_data/value_sizes_postgresql_arrayjson_TOAST_HYPOTHESIS_run1_zipfian_heavy_before_pure.csv
VACUUM start: 1777545519
VACUUM end: 1777545520
=== Setting parameter values for run phase ===
Checking query plan before run phase
=== Executing the run phase with extendproportion=0 and read/update proportions=0.5 ===
Arrangement completed. Output saved to ../analysis/Data/Workload_data/postgresql_arrayjson_TOAST_HYPOTHESIS_run1_zipfian_heavy_pure.csv
Running JSONB detoast probes for ycsb phase=post-run epoch=7
Arrangement completed. Output saved to ../analysis/Data/Workload_data/postgresql_arrayjson_TOAST_HYPOTHESIS_run1_zipfian_heavy_pure.csv
Backing up the database started
Backing up the database finished
Arrangement completed. Output saved to ../analysis/Data/Workload_data/postgresql_arrayjson_TOAST_HYPOTHESIS_run1_zipfian_heavy_pure.csv
Size computation started
Appending subsequent iteration 7...
Iteration 7: Appended new size values from key_sizes_postgresql_arrayjson_TOAST_HYPOTHESIS_zipfian_heavy_pure_run1.csv to ../analysis/Data/Value_size_data/value_sizes_postgresql_arrayjson_TOAST_HYPOTHESIS_run1_zipfian_heavy_after_pure.csv
Total size: 80000000, Field length average: 800
Workload file fieldlength set to: 800 (expected: 800)
=== Executing the load phase for the comparison study ===
Comparison-load verification - Epoch:1 Run:7 TotalSize:80000000 ExpectedFieldLength:800
Avg-run verification - Epoch:1 Run:7 Iteration:7 TotalSize:80000000 ExpectedFieldLength:800
=== Executing the run phase with extendproportion=0 and read/update proportions=0.5 ===
Arrangement completed. Output saved to ../analysis/Data/Workload_data/postgresql_arrayjson_TOAST_HYPOTHESIS_run1_zipfian_heavy_pure.csv
=== Setting parameter values for extend phase ===
=== Executing the extend phase with extendproportion=1 and other proportions=0 ===
Arrangement completed. Output saved to ../analysis/Data/Workload_data/postgresql_arrayjson_TOAST_HYPOTHESIS_run1_zipfian_heavy_pure.csv
Size computation started
Extend verification - Min:3300 Max:3037000 Avg:9000 (Expected avg per record: ~1000 bytes initially)
Generating histogram from key size log: key_sizes_postgresql_arrayjson_TOAST_HYPOTHESIS_zipfian_heavy_pure_run1.csv
Histogram written to histogram.txt (BlockSize = 100)
Appending subsequent iteration 8...
Iteration 8: Appended new size values from key_sizes_postgresql_arrayjson_TOAST_HYPOTHESIS_zipfian_heavy_pure_run1.csv to ../analysis/Data/Value_size_data/value_sizes_postgresql_arrayjson_TOAST_HYPOTHESIS_run1_zipfian_heavy_before_pure.csv
VACUUM start: 1777545763
VACUUM end: 1777545764
=== Setting parameter values for run phase ===
Checking query plan before run phase
=== Executing the run phase with extendproportion=0 and read/update proportions=0.5 ===
Arrangement completed. Output saved to ../analysis/Data/Workload_data/postgresql_arrayjson_TOAST_HYPOTHESIS_run1_zipfian_heavy_pure.csv
Running JSONB detoast probes for ycsb phase=post-run epoch=8
Arrangement completed. Output saved to ../analysis/Data/Workload_data/postgresql_arrayjson_TOAST_HYPOTHESIS_run1_zipfian_heavy_pure.csv
Backing up the database started
Backing up the database finished
Arrangement completed. Output saved to ../analysis/Data/Workload_data/postgresql_arrayjson_TOAST_HYPOTHESIS_run1_zipfian_heavy_pure.csv
Size computation started
Appending subsequent iteration 8...
Iteration 8: Appended new size values from key_sizes_postgresql_arrayjson_TOAST_HYPOTHESIS_zipfian_heavy_pure_run1.csv to ../analysis/Data/Value_size_data/value_sizes_postgresql_arrayjson_TOAST_HYPOTHESIS_run1_zipfian_heavy_after_pure.csv
Total size: 90000000, Field length average: 900
Workload file fieldlength set to: 900 (expected: 900)
=== Executing the load phase for the comparison study ===
Comparison-load verification - Epoch:1 Run:8 TotalSize:90000000 ExpectedFieldLength:900
Avg-run verification - Epoch:1 Run:8 Iteration:8 TotalSize:90000000 ExpectedFieldLength:900
=== Executing the run phase with extendproportion=0 and read/update proportions=0.5 ===
Arrangement completed. Output saved to ../analysis/Data/Workload_data/postgresql_arrayjson_TOAST_HYPOTHESIS_run1_zipfian_heavy_pure.csv
=== Setting parameter values for extend phase ===
=== Executing the extend phase with extendproportion=1 and other proportions=0 ===
Arrangement completed. Output saved to ../analysis/Data/Workload_data/postgresql_arrayjson_TOAST_HYPOTHESIS_run1_zipfian_heavy_pure.csv
Size computation started
Extend verification - Min:3600 Max:3415700 Avg:10000 (Expected avg per record: ~1000 bytes initially)
Generating histogram from key size log: key_sizes_postgresql_arrayjson_TOAST_HYPOTHESIS_zipfian_heavy_pure_run1.csv
Histogram written to histogram.txt (BlockSize = 100)
Appending subsequent iteration 9...
Iteration 9: Appended new size values from key_sizes_postgresql_arrayjson_TOAST_HYPOTHESIS_zipfian_heavy_pure_run1.csv to ../analysis/Data/Value_size_data/value_sizes_postgresql_arrayjson_TOAST_HYPOTHESIS_run1_zipfian_heavy_before_pure.csv
VACUUM start: 1777546017
VACUUM end: 1777546019
=== Setting parameter values for run phase ===
Checking query plan before run phase
=== Executing the run phase with extendproportion=0 and read/update proportions=0.5 ===
Arrangement completed. Output saved to ../analysis/Data/Workload_data/postgresql_arrayjson_TOAST_HYPOTHESIS_run1_zipfian_heavy_pure.csv
Running JSONB detoast probes for ycsb phase=post-run epoch=9
Arrangement completed. Output saved to ../analysis/Data/Workload_data/postgresql_arrayjson_TOAST_HYPOTHESIS_run1_zipfian_heavy_pure.csv
Backing up the database started
Backing up the database finished
Arrangement completed. Output saved to ../analysis/Data/Workload_data/postgresql_arrayjson_TOAST_HYPOTHESIS_run1_zipfian_heavy_pure.csv
Size computation started
Appending subsequent iteration 9...
Iteration 9: Appended new size values from key_sizes_postgresql_arrayjson_TOAST_HYPOTHESIS_zipfian_heavy_pure_run1.csv to ../analysis/Data/Value_size_data/value_sizes_postgresql_arrayjson_TOAST_HYPOTHESIS_run1_zipfian_heavy_after_pure.csv
Total size: 100000000, Field length average: 1000
Workload file fieldlength set to: 1000 (expected: 1000)
=== Executing the load phase for the comparison study ===
Comparison-load verification - Epoch:1 Run:9 TotalSize:100000000 ExpectedFieldLength:1000
Avg-run verification - Epoch:1 Run:9 Iteration:9 TotalSize:100000000 ExpectedFieldLength:1000
=== Executing the run phase with extendproportion=0 and read/update proportions=0.5 ===
Arrangement completed. Output saved to ../analysis/Data/Workload_data/postgresql_arrayjson_TOAST_HYPOTHESIS_run1_zipfian_heavy_pure.csv
=== Setting parameter values for extend phase ===
=== Executing the extend phase with extendproportion=1 and other proportions=0 ===
Arrangement completed. Output saved to ../analysis/Data/Workload_data/postgresql_arrayjson_TOAST_HYPOTHESIS_run1_zipfian_heavy_pure.csv
Size computation started
Extend verification - Min:4300 Max:3810300 Avg:11000 (Expected avg per record: ~1000 bytes initially)
Generating histogram from key size log: key_sizes_postgresql_arrayjson_TOAST_HYPOTHESIS_zipfian_heavy_pure_run1.csv
Histogram written to histogram.txt (BlockSize = 100)
Appending subsequent iteration 10...
Iteration 10: Appended new size values from key_sizes_postgresql_arrayjson_TOAST_HYPOTHESIS_zipfian_heavy_pure_run1.csv to ../analysis/Data/Value_size_data/value_sizes_postgresql_arrayjson_TOAST_HYPOTHESIS_run1_zipfian_heavy_before_pure.csv
VACUUM start: 1777546286
VACUUM end: 1777546288
=== Setting parameter values for run phase ===
Checking query plan before run phase
=== Executing the run phase with extendproportion=0 and read/update proportions=0.5 ===
Arrangement completed. Output saved to ../analysis/Data/Workload_data/postgresql_arrayjson_TOAST_HYPOTHESIS_run1_zipfian_heavy_pure.csv
Running JSONB detoast probes for ycsb phase=post-run epoch=10
Arrangement completed. Output saved to ../analysis/Data/Workload_data/postgresql_arrayjson_TOAST_HYPOTHESIS_run1_zipfian_heavy_pure.csv
Backing up the database started
Backing up the database finished
Arrangement completed. Output saved to ../analysis/Data/Workload_data/postgresql_arrayjson_TOAST_HYPOTHESIS_run1_zipfian_heavy_pure.csv
Size computation started
Appending subsequent iteration 10...
Iteration 10: Appended new size values from key_sizes_postgresql_arrayjson_TOAST_HYPOTHESIS_zipfian_heavy_pure_run1.csv to ../analysis/Data/Value_size_data/value_sizes_postgresql_arrayjson_TOAST_HYPOTHESIS_run1_zipfian_heavy_after_pure.csv
Total size: 110000000, Field length average: 1100
Workload file fieldlength set to: 1100 (expected: 1100)
=== Executing the load phase for the comparison study ===
Comparison-load verification - Epoch:1 Run:10 TotalSize:110000000 ExpectedFieldLength:1100
Avg-run verification - Epoch:1 Run:10 Iteration:10 TotalSize:110000000 ExpectedFieldLength:1100
=== Executing the run phase with extendproportion=0 and read/update proportions=0.5 ===
Arrangement completed. Output saved to ../analysis/Data/Workload_data/postgresql_arrayjson_TOAST_HYPOTHESIS_run1_zipfian_heavy_pure.csv
=== Setting parameter values for extend phase ===
=== Executing the extend phase with extendproportion=1 and other proportions=0 ===
Arrangement completed. Output saved to ../analysis/Data/Workload_data/postgresql_arrayjson_TOAST_HYPOTHESIS_run1_zipfian_heavy_pure.csv
Size computation started
Extend verification - Min:4800 Max:4197400 Avg:12000 (Expected avg per record: ~1000 bytes initially)
Generating histogram from key size log: key_sizes_postgresql_arrayjson_TOAST_HYPOTHESIS_zipfian_heavy_pure_run1.csv
Histogram written to histogram.txt (BlockSize = 100)
Appending subsequent iteration 11...
Iteration 11: Appended new size values from key_sizes_postgresql_arrayjson_TOAST_HYPOTHESIS_zipfian_heavy_pure_run1.csv to ../analysis/Data/Value_size_data/value_sizes_postgresql_arrayjson_TOAST_HYPOTHESIS_run1_zipfian_heavy_before_pure.csv
VACUUM start: 1777546569
VACUUM end: 1777546571
=== Setting parameter values for run phase ===
Checking query plan before run phase
=== Executing the run phase with extendproportion=0 and read/update proportions=0.5 ===
Arrangement completed. Output saved to ../analysis/Data/Workload_data/postgresql_arrayjson_TOAST_HYPOTHESIS_run1_zipfian_heavy_pure.csv
Running JSONB detoast probes for ycsb phase=post-run epoch=11
Arrangement completed. Output saved to ../analysis/Data/Workload_data/postgresql_arrayjson_TOAST_HYPOTHESIS_run1_zipfian_heavy_pure.csv
Backing up the database started
Backing up the database finished
Arrangement completed. Output saved to ../analysis/Data/Workload_data/postgresql_arrayjson_TOAST_HYPOTHESIS_run1_zipfian_heavy_pure.csv
Size computation started
Appending subsequent iteration 11...
Iteration 11: Appended new size values from key_sizes_postgresql_arrayjson_TOAST_HYPOTHESIS_zipfian_heavy_pure_run1.csv to ../analysis/Data/Value_size_data/value_sizes_postgresql_arrayjson_TOAST_HYPOTHESIS_run1_zipfian_heavy_after_pure.csv
Total size: 120000000, Field length average: 1200
Workload file fieldlength set to: 1200 (expected: 1200)
=== Executing the load phase for the comparison study ===
Comparison-load verification - Epoch:2 Run:1 TotalSize:120000000 ExpectedFieldLength:1200
Avg-run verification - Epoch:2 Run:1 Iteration:11 TotalSize:120000000 ExpectedFieldLength:1200
=== Executing the run phase with extendproportion=0 and read/update proportions=0.5 ===
Arrangement completed. Output saved to ../analysis/Data/Workload_data/postgresql_arrayjson_TOAST_HYPOTHESIS_run1_zipfian_heavy_pure.csv
=== Setting parameter values for extend phase ===
=== Executing the extend phase with extendproportion=1 and other proportions=0 ===
Arrangement completed. Output saved to ../analysis/Data/Workload_data/postgresql_arrayjson_TOAST_HYPOTHESIS_run1_zipfian_heavy_pure.csv
Size computation started
Extend verification - Min:5100 Max:4572600 Avg:13000 (Expected avg per record: ~1000 bytes initially)
Generating histogram from key size log: key_sizes_postgresql_arrayjson_TOAST_HYPOTHESIS_zipfian_heavy_pure_run1.csv
Histogram written to histogram.txt (BlockSize = 100)
Appending subsequent iteration 12...
Iteration 12: Appended new size values from key_sizes_postgresql_arrayjson_TOAST_HYPOTHESIS_zipfian_heavy_pure_run1.csv to ../analysis/Data/Value_size_data/value_sizes_postgresql_arrayjson_TOAST_HYPOTHESIS_run1_zipfian_heavy_before_pure.csv
VACUUM start: 1777546865
VACUUM end: 1777546866
=== Setting parameter values for run phase ===
Checking query plan before run phase
=== Executing the run phase with extendproportion=0 and read/update proportions=0.5 ===
Arrangement completed. Output saved to ../analysis/Data/Workload_data/postgresql_arrayjson_TOAST_HYPOTHESIS_run1_zipfian_heavy_pure.csv
Running JSONB detoast probes for ycsb phase=post-run epoch=12
Arrangement completed. Output saved to ../analysis/Data/Workload_data/postgresql_arrayjson_TOAST_HYPOTHESIS_run1_zipfian_heavy_pure.csv
Backing up the database started
Backing up the database finished
Arrangement completed. Output saved to ../analysis/Data/Workload_data/postgresql_arrayjson_TOAST_HYPOTHESIS_run1_zipfian_heavy_pure.csv
Size computation started
Appending subsequent iteration 12...
Iteration 12: Appended new size values from key_sizes_postgresql_arrayjson_TOAST_HYPOTHESIS_zipfian_heavy_pure_run1.csv to ../analysis/Data/Value_size_data/value_sizes_postgresql_arrayjson_TOAST_HYPOTHESIS_run1_zipfian_heavy_after_pure.csv
Total size: 130000000, Field length average: 1300
Workload file fieldlength set to: 1300 (expected: 1300)
=== Executing the load phase for the comparison study ===
Comparison-load verification - Epoch:2 Run:2 TotalSize:130000000 ExpectedFieldLength:1300
Avg-run verification - Epoch:2 Run:2 Iteration:12 TotalSize:130000000 ExpectedFieldLength:1300
=== Executing the run phase with extendproportion=0 and read/update proportions=0.5 ===
Arrangement completed. Output saved to ../analysis/Data/Workload_data/postgresql_arrayjson_TOAST_HYPOTHESIS_run1_zipfian_heavy_pure.csv
=== Setting parameter values for extend phase ===
=== Executing the extend phase with extendproportion=1 and other proportions=0 ===
Arrangement completed. Output saved to ../analysis/Data/Workload_data/postgresql_arrayjson_TOAST_HYPOTHESIS_run1_zipfian_heavy_pure.csv
Size computation started
Extend verification - Min:5400 Max:4964100 Avg:14000 (Expected avg per record: ~1000 bytes initially)
Generating histogram from key size log: key_sizes_postgresql_arrayjson_TOAST_HYPOTHESIS_zipfian_heavy_pure_run1.csv
Histogram written to histogram.txt (BlockSize = 100)
Appending subsequent iteration 13...
Iteration 13: Appended new size values from key_sizes_postgresql_arrayjson_TOAST_HYPOTHESIS_zipfian_heavy_pure_run1.csv to ../analysis/Data/Value_size_data/value_sizes_postgresql_arrayjson_TOAST_HYPOTHESIS_run1_zipfian_heavy_before_pure.csv
VACUUM start: 1777547171
VACUUM end: 1777547172
=== Setting parameter values for run phase ===
Checking query plan before run phase
=== Executing the run phase with extendproportion=0 and read/update proportions=0.5 ===
Arrangement completed. Output saved to ../analysis/Data/Workload_data/postgresql_arrayjson_TOAST_HYPOTHESIS_run1_zipfian_heavy_pure.csv
Running JSONB detoast probes for ycsb phase=post-run epoch=13
Arrangement completed. Output saved to ../analysis/Data/Workload_data/postgresql_arrayjson_TOAST_HYPOTHESIS_run1_zipfian_heavy_pure.csv
Backing up the database started
Backing up the database finished
Arrangement completed. Output saved to ../analysis/Data/Workload_data/postgresql_arrayjson_TOAST_HYPOTHESIS_run1_zipfian_heavy_pure.csv
Size computation started
Appending subsequent iteration 13...
Iteration 13: Appended new size values from key_sizes_postgresql_arrayjson_TOAST_HYPOTHESIS_zipfian_heavy_pure_run1.csv to ../analysis/Data/Value_size_data/value_sizes_postgresql_arrayjson_TOAST_HYPOTHESIS_run1_zipfian_heavy_after_pure.csv
Total size: 140000000, Field length average: 1400
Workload file fieldlength set to: 1400 (expected: 1400)
=== Executing the load phase for the comparison study ===
Comparison-load verification - Epoch:2 Run:3 TotalSize:140000000 ExpectedFieldLength:1400
Avg-run verification - Epoch:2 Run:3 Iteration:13 TotalSize:140000000 ExpectedFieldLength:1400
=== Executing the run phase with extendproportion=0 and read/update proportions=0.5 ===
Arrangement completed. Output saved to ../analysis/Data/Workload_data/postgresql_arrayjson_TOAST_HYPOTHESIS_run1_zipfian_heavy_pure.csv
=== Setting parameter values for extend phase ===
=== Executing the extend phase with extendproportion=1 and other proportions=0 ===
Arrangement completed. Output saved to ../analysis/Data/Workload_data/postgresql_arrayjson_TOAST_HYPOTHESIS_run1_zipfian_heavy_pure.csv
Size computation started
Extend verification - Min:6200 Max:5342300 Avg:15000 (Expected avg per record: ~1000 bytes initially)
Generating histogram from key size log: key_sizes_postgresql_arrayjson_TOAST_HYPOTHESIS_zipfian_heavy_pure_run1.csv
Histogram written to histogram.txt (BlockSize = 100)
Appending subsequent iteration 14...
Iteration 14: Appended new size values from key_sizes_postgresql_arrayjson_TOAST_HYPOTHESIS_zipfian_heavy_pure_run1.csv to ../analysis/Data/Value_size_data/value_sizes_postgresql_arrayjson_TOAST_HYPOTHESIS_run1_zipfian_heavy_before_pure.csv
VACUUM start: 1777547481
VACUUM end: 1777547482
=== Setting parameter values for run phase ===
Checking query plan before run phase
=== Executing the run phase with extendproportion=0 and read/update proportions=0.5 ===
Arrangement completed. Output saved to ../analysis/Data/Workload_data/postgresql_arrayjson_TOAST_HYPOTHESIS_run1_zipfian_heavy_pure.csv
Running JSONB detoast probes for ycsb phase=post-run epoch=14
Arrangement completed. Output saved to ../analysis/Data/Workload_data/postgresql_arrayjson_TOAST_HYPOTHESIS_run1_zipfian_heavy_pure.csv
Backing up the database started
Backing up the database finished
Arrangement completed. Output saved to ../analysis/Data/Workload_data/postgresql_arrayjson_TOAST_HYPOTHESIS_run1_zipfian_heavy_pure.csv
Size computation started
Appending subsequent iteration 14...
Iteration 14: Appended new size values from key_sizes_postgresql_arrayjson_TOAST_HYPOTHESIS_zipfian_heavy_pure_run1.csv to ../analysis/Data/Value_size_data/value_sizes_postgresql_arrayjson_TOAST_HYPOTHESIS_run1_zipfian_heavy_after_pure.csv
Total size: 150000000, Field length average: 1500
Workload file fieldlength set to: 1500 (expected: 1500)
=== Executing the load phase for the comparison study ===
Comparison-load verification - Epoch:2 Run:4 TotalSize:150000000 ExpectedFieldLength:1500
Avg-run verification - Epoch:2 Run:4 Iteration:14 TotalSize:150000000 ExpectedFieldLength:1500
=== Executing the run phase with extendproportion=0 and read/update proportions=0.5 ===
Arrangement completed. Output saved to ../analysis/Data/Workload_data/postgresql_arrayjson_TOAST_HYPOTHESIS_run1_zipfian_heavy_pure.csv
=== Setting parameter values for extend phase ===
=== Executing the extend phase with extendproportion=1 and other proportions=0 ===
Arrangement completed. Output saved to ../analysis/Data/Workload_data/postgresql_arrayjson_TOAST_HYPOTHESIS_run1_zipfian_heavy_pure.csv
Size computation started
Extend verification - Min:6700 Max:5720300 Avg:16000 (Expected avg per record: ~1000 bytes initially)
Generating histogram from key size log: key_sizes_postgresql_arrayjson_TOAST_HYPOTHESIS_zipfian_heavy_pure_run1.csv
Histogram written to histogram.txt (BlockSize = 100)
Appending subsequent iteration 15...
Iteration 15: Appended new size values from key_sizes_postgresql_arrayjson_TOAST_HYPOTHESIS_zipfian_heavy_pure_run1.csv to ../analysis/Data/Value_size_data/value_sizes_postgresql_arrayjson_TOAST_HYPOTHESIS_run1_zipfian_heavy_before_pure.csv
VACUUM start: 1777547805
VACUUM end: 1777547808
=== Setting parameter values for run phase ===
Checking query plan before run phase
=== Executing the run phase with extendproportion=0 and read/update proportions=0.5 ===
Arrangement completed. Output saved to ../analysis/Data/Workload_data/postgresql_arrayjson_TOAST_HYPOTHESIS_run1_zipfian_heavy_pure.csv
Running JSONB detoast probes for ycsb phase=post-run epoch=15
Arrangement completed. Output saved to ../analysis/Data/Workload_data/postgresql_arrayjson_TOAST_HYPOTHESIS_run1_zipfian_heavy_pure.csv
Backing up the database started
Backing up the database finished
Arrangement completed. Output saved to ../analysis/Data/Workload_data/postgresql_arrayjson_TOAST_HYPOTHESIS_run1_zipfian_heavy_pure.csv
Size computation started
Appending subsequent iteration 15...
Iteration 15: Appended new size values from key_sizes_postgresql_arrayjson_TOAST_HYPOTHESIS_zipfian_heavy_pure_run1.csv to ../analysis/Data/Value_size_data/value_sizes_postgresql_arrayjson_TOAST_HYPOTHESIS_run1_zipfian_heavy_after_pure.csv
Total size: 160000000, Field length average: 1600
Workload file fieldlength set to: 1600 (expected: 1600)
=== Executing the load phase for the comparison study ===
Comparison-load verification - Epoch:2 Run:5 TotalSize:160000000 ExpectedFieldLength:1600
Avg-run verification - Epoch:2 Run:5 Iteration:15 TotalSize:160000000 ExpectedFieldLength:1600
=== Executing the run phase with extendproportion=0 and read/update proportions=0.5 ===
Arrangement completed. Output saved to ../analysis/Data/Workload_data/postgresql_arrayjson_TOAST_HYPOTHESIS_run1_zipfian_heavy_pure.csv
=== Setting parameter values for extend phase ===
=== Executing the extend phase with extendproportion=1 and other proportions=0 ===
Arrangement completed. Output saved to ../analysis/Data/Workload_data/postgresql_arrayjson_TOAST_HYPOTHESIS_run1_zipfian_heavy_pure.csv
Size computation started
Extend verification - Min:6800 Max:6104600 Avg:17000 (Expected avg per record: ~1000 bytes initially)
Generating histogram from key size log: key_sizes_postgresql_arrayjson_TOAST_HYPOTHESIS_zipfian_heavy_pure_run1.csv
Histogram written to histogram.txt (BlockSize = 100)
Appending subsequent iteration 16...
Iteration 16: Appended new size values from key_sizes_postgresql_arrayjson_TOAST_HYPOTHESIS_zipfian_heavy_pure_run1.csv to ../analysis/Data/Value_size_data/value_sizes_postgresql_arrayjson_TOAST_HYPOTHESIS_run1_zipfian_heavy_before_pure.csv
VACUUM start: 1777548137
VACUUM end: 1777548141
=== Setting parameter values for run phase ===
Checking query plan before run phase
=== Executing the run phase with extendproportion=0 and read/update proportions=0.5 ===
Arrangement completed. Output saved to ../analysis/Data/Workload_data/postgresql_arrayjson_TOAST_HYPOTHESIS_run1_zipfian_heavy_pure.csv
Running JSONB detoast probes for ycsb phase=post-run epoch=16
Arrangement completed. Output saved to ../analysis/Data/Workload_data/postgresql_arrayjson_TOAST_HYPOTHESIS_run1_zipfian_heavy_pure.csv
Backing up the database started
Backing up the database finished
Arrangement completed. Output saved to ../analysis/Data/Workload_data/postgresql_arrayjson_TOAST_HYPOTHESIS_run1_zipfian_heavy_pure.csv
Size computation started
Appending subsequent iteration 16...
Iteration 16: Appended new size values from key_sizes_postgresql_arrayjson_TOAST_HYPOTHESIS_zipfian_heavy_pure_run1.csv to ../analysis/Data/Value_size_data/value_sizes_postgresql_arrayjson_TOAST_HYPOTHESIS_run1_zipfian_heavy_after_pure.csv
Total size: 170000000, Field length average: 1700
Workload file fieldlength set to: 1700 (expected: 1700)
=== Executing the load phase for the comparison study ===
Comparison-load verification - Epoch:2 Run:6 TotalSize:170000000 ExpectedFieldLength:1700
Avg-run verification - Epoch:2 Run:6 Iteration:16 TotalSize:170000000 ExpectedFieldLength:1700
=== Executing the run phase with extendproportion=0 and read/update proportions=0.5 ===
Arrangement completed. Output saved to ../analysis/Data/Workload_data/postgresql_arrayjson_TOAST_HYPOTHESIS_run1_zipfian_heavy_pure.csv
=== Setting parameter values for extend phase ===
=== Executing the extend phase with extendproportion=1 and other proportions=0 ===
Arrangement completed. Output saved to ../analysis/Data/Workload_data/postgresql_arrayjson_TOAST_HYPOTHESIS_run1_zipfian_heavy_pure.csv
Size computation started
Extend verification - Min:7200 Max:6485000 Avg:18000 (Expected avg per record: ~1000 bytes initially)
Generating histogram from key size log: key_sizes_postgresql_arrayjson_TOAST_HYPOTHESIS_zipfian_heavy_pure_run1.csv
Histogram written to histogram.txt (BlockSize = 100)
Appending subsequent iteration 17...
Iteration 17: Appended new size values from key_sizes_postgresql_arrayjson_TOAST_HYPOTHESIS_zipfian_heavy_pure_run1.csv to ../analysis/Data/Value_size_data/value_sizes_postgresql_arrayjson_TOAST_HYPOTHESIS_run1_zipfian_heavy_before_pure.csv
VACUUM start: 1777548497
VACUUM end: 1777548501
=== Setting parameter values for run phase ===
Checking query plan before run phase
=== Executing the run phase with extendproportion=0 and read/update proportions=0.5 ===
Arrangement completed. Output saved to ../analysis/Data/Workload_data/postgresql_arrayjson_TOAST_HYPOTHESIS_run1_zipfian_heavy_pure.csv
Running JSONB detoast probes for ycsb phase=post-run epoch=17
Arrangement completed. Output saved to ../analysis/Data/Workload_data/postgresql_arrayjson_TOAST_HYPOTHESIS_run1_zipfian_heavy_pure.csv
Backing up the database started
Backing up the database finished
Arrangement completed. Output saved to ../analysis/Data/Workload_data/postgresql_arrayjson_TOAST_HYPOTHESIS_run1_zipfian_heavy_pure.csv
Size computation started
Appending subsequent iteration 17...
Iteration 17: Appended new size values from key_sizes_postgresql_arrayjson_TOAST_HYPOTHESIS_zipfian_heavy_pure_run1.csv to ../analysis/Data/Value_size_data/value_sizes_postgresql_arrayjson_TOAST_HYPOTHESIS_run1_zipfian_heavy_after_pure.csv
Total size: 180000000, Field length average: 1800
Workload file fieldlength set to: 1800 (expected: 1800)
=== Executing the load phase for the comparison study ===
Comparison-load verification - Epoch:2 Run:7 TotalSize:180000000 ExpectedFieldLength:1800
Avg-run verification - Epoch:2 Run:7 Iteration:17 TotalSize:180000000 ExpectedFieldLength:1800
=== Executing the run phase with extendproportion=0 and read/update proportions=0.5 ===
Arrangement completed. Output saved to ../analysis/Data/Workload_data/postgresql_arrayjson_TOAST_HYPOTHESIS_run1_zipfian_heavy_pure.csv
=== Setting parameter values for extend phase ===
=== Executing the extend phase with extendproportion=1 and other proportions=0 ===
Arrangement completed. Output saved to ../analysis/Data/Workload_data/postgresql_arrayjson_TOAST_HYPOTHESIS_run1_zipfian_heavy_pure.csv
Size computation started
Extend verification - Min:7900 Max:6863400 Avg:19000 (Expected avg per record: ~1000 bytes initially)
Generating histogram from key size log: key_sizes_postgresql_arrayjson_TOAST_HYPOTHESIS_zipfian_heavy_pure_run1.csv
Histogram written to histogram.txt (BlockSize = 100)
Appending subsequent iteration 18...
Iteration 18: Appended new size values from key_sizes_postgresql_arrayjson_TOAST_HYPOTHESIS_zipfian_heavy_pure_run1.csv to ../analysis/Data/Value_size_data/value_sizes_postgresql_arrayjson_TOAST_HYPOTHESIS_run1_zipfian_heavy_before_pure.csv
VACUUM start: 1777548863
VACUUM end: 1777548866
=== Setting parameter values for run phase ===
Checking query plan before run phase
=== Executing the run phase with extendproportion=0 and read/update proportions=0.5 ===
Arrangement completed. Output saved to ../analysis/Data/Workload_data/postgresql_arrayjson_TOAST_HYPOTHESIS_run1_zipfian_heavy_pure.csv
Running JSONB detoast probes for ycsb phase=post-run epoch=18
Arrangement completed. Output saved to ../analysis/Data/Workload_data/postgresql_arrayjson_TOAST_HYPOTHESIS_run1_zipfian_heavy_pure.csv
Backing up the database started
Backing up the database finished
Arrangement completed. Output saved to ../analysis/Data/Workload_data/postgresql_arrayjson_TOAST_HYPOTHESIS_run1_zipfian_heavy_pure.csv
Size computation started
Appending subsequent iteration 18...
Iteration 18: Appended new size values from key_sizes_postgresql_arrayjson_TOAST_HYPOTHESIS_zipfian_heavy_pure_run1.csv to ../analysis/Data/Value_size_data/value_sizes_postgresql_arrayjson_TOAST_HYPOTHESIS_run1_zipfian_heavy_after_pure.csv
Total size: 190000000, Field length average: 1900
Workload file fieldlength set to: 1900 (expected: 1900)
=== Executing the load phase for the comparison study ===
Comparison-load verification - Epoch:2 Run:8 TotalSize:190000000 ExpectedFieldLength:1900
Avg-run verification - Epoch:2 Run:8 Iteration:18 TotalSize:190000000 ExpectedFieldLength:1900
=== Executing the run phase with extendproportion=0 and read/update proportions=0.5 ===
Arrangement completed. Output saved to ../analysis/Data/Workload_data/postgresql_arrayjson_TOAST_HYPOTHESIS_run1_zipfian_heavy_pure.csv
=== Setting parameter values for extend phase ===
=== Executing the extend phase with extendproportion=1 and other proportions=0 ===
Arrangement completed. Output saved to ../analysis/Data/Workload_data/postgresql_arrayjson_TOAST_HYPOTHESIS_run1_zipfian_heavy_pure.csv
Size computation started
Extend verification - Min:8200 Max:7242700 Avg:20000 (Expected avg per record: ~1000 bytes initially)
Generating histogram from key size log: key_sizes_postgresql_arrayjson_TOAST_HYPOTHESIS_zipfian_heavy_pure_run1.csv
Histogram written to histogram.txt (BlockSize = 100)
Appending subsequent iteration 19...
Iteration 19: Appended new size values from key_sizes_postgresql_arrayjson_TOAST_HYPOTHESIS_zipfian_heavy_pure_run1.csv to ../analysis/Data/Value_size_data/value_sizes_postgresql_arrayjson_TOAST_HYPOTHESIS_run1_zipfian_heavy_before_pure.csv
VACUUM start: 1777549251
VACUUM end: 1777549255
=== Setting parameter values for run phase ===
Checking query plan before run phase
=== Executing the run phase with extendproportion=0 and read/update proportions=0.5 ===
Arrangement completed. Output saved to ../analysis/Data/Workload_data/postgresql_arrayjson_TOAST_HYPOTHESIS_run1_zipfian_heavy_pure.csv
Running JSONB detoast probes for ycsb phase=post-run epoch=19
Arrangement completed. Output saved to ../analysis/Data/Workload_data/postgresql_arrayjson_TOAST_HYPOTHESIS_run1_zipfian_heavy_pure.csv
Backing up the database started
Backing up the database finished
Arrangement completed. Output saved to ../analysis/Data/Workload_data/postgresql_arrayjson_TOAST_HYPOTHESIS_run1_zipfian_heavy_pure.csv
Size computation started
Appending subsequent iteration 19...
Iteration 19: Appended new size values from key_sizes_postgresql_arrayjson_TOAST_HYPOTHESIS_zipfian_heavy_pure_run1.csv to ../analysis/Data/Value_size_data/value_sizes_postgresql_arrayjson_TOAST_HYPOTHESIS_run1_zipfian_heavy_after_pure.csv
Total size: 200000000, Field length average: 2000
Workload file fieldlength set to: 2000 (expected: 2000)
=== Executing the load phase for the comparison study ===
Comparison-load verification - Epoch:2 Run:9 TotalSize:200000000 ExpectedFieldLength:2000
Avg-run verification - Epoch:2 Run:9 Iteration:19 TotalSize:200000000 ExpectedFieldLength:2000
=== Executing the run phase with extendproportion=0 and read/update proportions=0.5 ===
Arrangement completed. Output saved to ../analysis/Data/Workload_data/postgresql_arrayjson_TOAST_HYPOTHESIS_run1_zipfian_heavy_pure.csv
=== Setting parameter values for extend phase ===
=== Executing the extend phase with extendproportion=1 and other proportions=0 ===
Arrangement completed. Output saved to ../analysis/Data/Workload_data/postgresql_arrayjson_TOAST_HYPOTHESIS_run1_zipfian_heavy_pure.csv
Size computation started
Extend verification - Min:8700 Max:7622400 Avg:21000 (Expected avg per record: ~1000 bytes initially)
Generating histogram from key size log: key_sizes_postgresql_arrayjson_TOAST_HYPOTHESIS_zipfian_heavy_pure_run1.csv
Histogram written to histogram.txt (BlockSize = 100)
Appending subsequent iteration 20...
Iteration 20: Appended new size values from key_sizes_postgresql_arrayjson_TOAST_HYPOTHESIS_zipfian_heavy_pure_run1.csv to ../analysis/Data/Value_size_data/value_sizes_postgresql_arrayjson_TOAST_HYPOTHESIS_run1_zipfian_heavy_before_pure.csv
VACUUM start: 1777549636
VACUUM end: 1777549645
=== Setting parameter values for run phase ===
Checking query plan before run phase
=== Executing the run phase with extendproportion=0 and read/update proportions=0.5 ===
Arrangement completed. Output saved to ../analysis/Data/Workload_data/postgresql_arrayjson_TOAST_HYPOTHESIS_run1_zipfian_heavy_pure.csv
Running JSONB detoast probes for ycsb phase=post-run epoch=20
Arrangement completed. Output saved to ../analysis/Data/Workload_data/postgresql_arrayjson_TOAST_HYPOTHESIS_run1_zipfian_heavy_pure.csv
Backing up the database started
Backing up the database finished
Arrangement completed. Output saved to ../analysis/Data/Workload_data/postgresql_arrayjson_TOAST_HYPOTHESIS_run1_zipfian_heavy_pure.csv
Size computation started
Appending subsequent iteration 20...
Iteration 20: Appended new size values from key_sizes_postgresql_arrayjson_TOAST_HYPOTHESIS_zipfian_heavy_pure_run1.csv to ../analysis/Data/Value_size_data/value_sizes_postgresql_arrayjson_TOAST_HYPOTHESIS_run1_zipfian_heavy_after_pure.csv
Total size: 210000000, Field length average: 2100
Workload file fieldlength set to: 2100 (expected: 2100)
=== Executing the load phase for the comparison study ===
Comparison-load verification - Epoch:2 Run:10 TotalSize:210000000 ExpectedFieldLength:2100
Avg-run verification - Epoch:2 Run:10 Iteration:20 TotalSize:210000000 ExpectedFieldLength:2100
=== Executing the run phase with extendproportion=0 and read/update proportions=0.5 ===
Arrangement completed. Output saved to ../analysis/Data/Workload_data/postgresql_arrayjson_TOAST_HYPOTHESIS_run1_zipfian_heavy_pure.csv
=== Setting parameter values for extend phase ===
=== Executing the extend phase with extendproportion=1 and other proportions=0 ===
Arrangement completed. Output saved to ../analysis/Data/Workload_data/postgresql_arrayjson_TOAST_HYPOTHESIS_run1_zipfian_heavy_pure.csv
Size computation started
Extend verification - Min:9000 Max:8012100 Avg:22000 (Expected avg per record: ~1000 bytes initially)
Generating histogram from key size log: key_sizes_postgresql_arrayjson_TOAST_HYPOTHESIS_zipfian_heavy_pure_run1.csv
Histogram written to histogram.txt (BlockSize = 100)
Appending subsequent iteration 21...
Iteration 21: Appended new size values from key_sizes_postgresql_arrayjson_TOAST_HYPOTHESIS_zipfian_heavy_pure_run1.csv to ../analysis/Data/Value_size_data/value_sizes_postgresql_arrayjson_TOAST_HYPOTHESIS_run1_zipfian_heavy_before_pure.csv
VACUUM start: 1777550047
VACUUM end: 1777550054
=== Setting parameter values for run phase ===
Checking query plan before run phase
=== Executing the run phase with extendproportion=0 and read/update proportions=0.5 ===
Arrangement completed. Output saved to ../analysis/Data/Workload_data/postgresql_arrayjson_TOAST_HYPOTHESIS_run1_zipfian_heavy_pure.csv
Running JSONB detoast probes for ycsb phase=post-run epoch=21
Arrangement completed. Output saved to ../analysis/Data/Workload_data/postgresql_arrayjson_TOAST_HYPOTHESIS_run1_zipfian_heavy_pure.csv
Backing up the database started
Backing up the database finished
Arrangement completed. Output saved to ../analysis/Data/Workload_data/postgresql_arrayjson_TOAST_HYPOTHESIS_run1_zipfian_heavy_pure.csv
Size computation started
Appending subsequent iteration 21...
Iteration 21: Appended new size values from key_sizes_postgresql_arrayjson_TOAST_HYPOTHESIS_zipfian_heavy_pure_run1.csv to ../analysis/Data/Value_size_data/value_sizes_postgresql_arrayjson_TOAST_HYPOTHESIS_run1_zipfian_heavy_after_pure.csv
Total size: 220000000, Field length average: 2200
Workload file fieldlength set to: 2200 (expected: 2200)
=== Executing the load phase for the comparison study ===
Comparison-load verification - Epoch:3 Run:1 TotalSize:220000000 ExpectedFieldLength:2200
Avg-run verification - Epoch:3 Run:1 Iteration:21 TotalSize:220000000 ExpectedFieldLength:2200
=== Executing the run phase with extendproportion=0 and read/update proportions=0.5 ===
Arrangement completed. Output saved to ../analysis/Data/Workload_data/postgresql_arrayjson_TOAST_HYPOTHESIS_run1_zipfian_heavy_pure.csv
=== Setting parameter values for extend phase ===
=== Executing the extend phase with extendproportion=1 and other proportions=0 ===
Arrangement completed. Output saved to ../analysis/Data/Workload_data/postgresql_arrayjson_TOAST_HYPOTHESIS_run1_zipfian_heavy_pure.csv
Size computation started
Extend verification - Min:9800 Max:8401800 Avg:23000 (Expected avg per record: ~1000 bytes initially)
Generating histogram from key size log: key_sizes_postgresql_arrayjson_TOAST_HYPOTHESIS_zipfian_heavy_pure_run1.csv
Histogram written to histogram.txt (BlockSize = 100)
Appending subsequent iteration 22...
Iteration 22: Appended new size values from key_sizes_postgresql_arrayjson_TOAST_HYPOTHESIS_zipfian_heavy_pure_run1.csv to ../analysis/Data/Value_size_data/value_sizes_postgresql_arrayjson_TOAST_HYPOTHESIS_run1_zipfian_heavy_before_pure.csv
VACUUM start: 1777550469
VACUUM end: 1777550477
=== Setting parameter values for run phase ===
Checking query plan before run phase
=== Executing the run phase with extendproportion=0 and read/update proportions=0.5 ===
Arrangement completed. Output saved to ../analysis/Data/Workload_data/postgresql_arrayjson_TOAST_HYPOTHESIS_run1_zipfian_heavy_pure.csv
Running JSONB detoast probes for ycsb phase=post-run epoch=22
Arrangement completed. Output saved to ../analysis/Data/Workload_data/postgresql_arrayjson_TOAST_HYPOTHESIS_run1_zipfian_heavy_pure.csv
Backing up the database started
Backing up the database finished
Arrangement completed. Output saved to ../analysis/Data/Workload_data/postgresql_arrayjson_TOAST_HYPOTHESIS_run1_zipfian_heavy_pure.csv
Size computation started
Appending subsequent iteration 22...
Iteration 22: Appended new size values from key_sizes_postgresql_arrayjson_TOAST_HYPOTHESIS_zipfian_heavy_pure_run1.csv to ../analysis/Data/Value_size_data/value_sizes_postgresql_arrayjson_TOAST_HYPOTHESIS_run1_zipfian_heavy_after_pure.csv
Total size: 230000000, Field length average: 2300
Workload file fieldlength set to: 2300 (expected: 2300)
=== Executing the load phase for the comparison study ===
Comparison-load verification - Epoch:3 Run:2 TotalSize:230000000 ExpectedFieldLength:2300
Avg-run verification - Epoch:3 Run:2 Iteration:22 TotalSize:230000000 ExpectedFieldLength:2300
=== Executing the run phase with extendproportion=0 and read/update proportions=0.5 ===
Arrangement completed. Output saved to ../analysis/Data/Workload_data/postgresql_arrayjson_TOAST_HYPOTHESIS_run1_zipfian_heavy_pure.csv
=== Setting parameter values for extend phase ===
=== Executing the extend phase with extendproportion=1 and other proportions=0 ===
Arrangement completed. Output saved to ../analysis/Data/Workload_data/postgresql_arrayjson_TOAST_HYPOTHESIS_run1_zipfian_heavy_pure.csv
Size computation started
Extend verification - Min:10400 Max:8781500 Avg:24000 (Expected avg per record: ~1000 bytes initially)
Generating histogram from key size log: key_sizes_postgresql_arrayjson_TOAST_HYPOTHESIS_zipfian_heavy_pure_run1.csv
Histogram written to histogram.txt (BlockSize = 100)
Appending subsequent iteration 23...
Iteration 23: Appended new size values from key_sizes_postgresql_arrayjson_TOAST_HYPOTHESIS_zipfian_heavy_pure_run1.csv to ../analysis/Data/Value_size_data/value_sizes_postgresql_arrayjson_TOAST_HYPOTHESIS_run1_zipfian_heavy_before_pure.csv
VACUUM start: 1777550902
VACUUM end: 1777550915
=== Setting parameter values for run phase ===
Checking query plan before run phase
=== Executing the run phase with extendproportion=0 and read/update proportions=0.5 ===
Arrangement completed. Output saved to ../analysis/Data/Workload_data/postgresql_arrayjson_TOAST_HYPOTHESIS_run1_zipfian_heavy_pure.csv
Running JSONB detoast probes for ycsb phase=post-run epoch=23
Arrangement completed. Output saved to ../analysis/Data/Workload_data/postgresql_arrayjson_TOAST_HYPOTHESIS_run1_zipfian_heavy_pure.csv
Backing up the database started
Backing up the database finished
Arrangement completed. Output saved to ../analysis/Data/Workload_data/postgresql_arrayjson_TOAST_HYPOTHESIS_run1_zipfian_heavy_pure.csv
Size computation started
Appending subsequent iteration 23...
Iteration 23: Appended new size values from key_sizes_postgresql_arrayjson_TOAST_HYPOTHESIS_zipfian_heavy_pure_run1.csv to ../analysis/Data/Value_size_data/value_sizes_postgresql_arrayjson_TOAST_HYPOTHESIS_run1_zipfian_heavy_after_pure.csv
Total size: 240000000, Field length average: 2400
Workload file fieldlength set to: 2400 (expected: 2400)
=== Executing the load phase for the comparison study ===
Comparison-load verification - Epoch:3 Run:3 TotalSize:240000000 ExpectedFieldLength:2400
Avg-run verification - Epoch:3 Run:3 Iteration:23 TotalSize:240000000 ExpectedFieldLength:2400
=== Executing the run phase with extendproportion=0 and read/update proportions=0.5 ===
Arrangement completed. Output saved to ../analysis/Data/Workload_data/postgresql_arrayjson_TOAST_HYPOTHESIS_run1_zipfian_heavy_pure.csv
=== Setting parameter values for extend phase ===
=== Executing the extend phase with extendproportion=1 and other proportions=0 ===
Arrangement completed. Output saved to ../analysis/Data/Workload_data/postgresql_arrayjson_TOAST_HYPOTHESIS_run1_zipfian_heavy_pure.csv
Size computation started
Extend verification - Min:10700 Max:9174300 Avg:25000 (Expected avg per record: ~1000 bytes initially)
Generating histogram from key size log: key_sizes_postgresql_arrayjson_TOAST_HYPOTHESIS_zipfian_heavy_pure_run1.csv
Histogram written to histogram.txt (BlockSize = 100)
Appending subsequent iteration 24...
Iteration 24: Appended new size values from key_sizes_postgresql_arrayjson_TOAST_HYPOTHESIS_zipfian_heavy_pure_run1.csv to ../analysis/Data/Value_size_data/value_sizes_postgresql_arrayjson_TOAST_HYPOTHESIS_run1_zipfian_heavy_before_pure.csv
VACUUM start: 1777551351
VACUUM end: 1777551386
=== Setting parameter values for run phase ===
Checking query plan before run phase
=== Executing the run phase with extendproportion=0 and read/update proportions=0.5 ===
Arrangement completed. Output saved to ../analysis/Data/Workload_data/postgresql_arrayjson_TOAST_HYPOTHESIS_run1_zipfian_heavy_pure.csv
Running JSONB detoast probes for ycsb phase=post-run epoch=24
Arrangement completed. Output saved to ../analysis/Data/Workload_data/postgresql_arrayjson_TOAST_HYPOTHESIS_run1_zipfian_heavy_pure.csv
Backing up the database started
Backing up the database finished
Arrangement completed. Output saved to ../analysis/Data/Workload_data/postgresql_arrayjson_TOAST_HYPOTHESIS_run1_zipfian_heavy_pure.csv
Size computation started
Appending subsequent iteration 24...
Iteration 24: Appended new size values from key_sizes_postgresql_arrayjson_TOAST_HYPOTHESIS_zipfian_heavy_pure_run1.csv to ../analysis/Data/Value_size_data/value_sizes_postgresql_arrayjson_TOAST_HYPOTHESIS_run1_zipfian_heavy_after_pure.csv
Total size: 250000000, Field length average: 2500
Workload file fieldlength set to: 2500 (expected: 2500)
=== Executing the load phase for the comparison study ===
Comparison-load verification - Epoch:3 Run:4 TotalSize:250000000 ExpectedFieldLength:2500
Avg-run verification - Epoch:3 Run:4 Iteration:24 TotalSize:250000000 ExpectedFieldLength:2500
=== Executing the run phase with extendproportion=0 and read/update proportions=0.5 ===
Arrangement completed. Output saved to ../analysis/Data/Workload_data/postgresql_arrayjson_TOAST_HYPOTHESIS_run1_zipfian_heavy_pure.csv
=== Setting parameter values for extend phase ===
=== Executing the extend phase with extendproportion=1 and other proportions=0 ===
Arrangement completed. Output saved to ../analysis/Data/Workload_data/postgresql_arrayjson_TOAST_HYPOTHESIS_run1_zipfian_heavy_pure.csv
Size computation started
Extend verification - Min:11100 Max:9552800 Avg:26000 (Expected avg per record: ~1000 bytes initially)
Generating histogram from key size log: key_sizes_postgresql_arrayjson_TOAST_HYPOTHESIS_zipfian_heavy_pure_run1.csv
Histogram written to histogram.txt (BlockSize = 100)
Appending subsequent iteration 25...
Iteration 25: Appended new size values from key_sizes_postgresql_arrayjson_TOAST_HYPOTHESIS_zipfian_heavy_pure_run1.csv to ../analysis/Data/Value_size_data/value_sizes_postgresql_arrayjson_TOAST_HYPOTHESIS_run1_zipfian_heavy_before_pure.csv
VACUUM start: 1777551813
VACUUM end: 1777551859
=== Setting parameter values for run phase ===
Checking query plan before run phase
=== Executing the run phase with extendproportion=0 and read/update proportions=0.5 ===
Arrangement completed. Output saved to ../analysis/Data/Workload_data/postgresql_arrayjson_TOAST_HYPOTHESIS_run1_zipfian_heavy_pure.csv
Running JSONB detoast probes for ycsb phase=post-run epoch=25
Arrangement completed. Output saved to ../analysis/Data/Workload_data/postgresql_arrayjson_TOAST_HYPOTHESIS_run1_zipfian_heavy_pure.csv
Backing up the database started
Backing up the database finished
Arrangement completed. Output saved to ../analysis/Data/Workload_data/postgresql_arrayjson_TOAST_HYPOTHESIS_run1_zipfian_heavy_pure.csv
Size computation started
Appending subsequent iteration 25...
Iteration 25: Appended new size values from key_sizes_postgresql_arrayjson_TOAST_HYPOTHESIS_zipfian_heavy_pure_run1.csv to ../analysis/Data/Value_size_data/value_sizes_postgresql_arrayjson_TOAST_HYPOTHESIS_run1_zipfian_heavy_after_pure.csv
Total size: 260000000, Field length average: 2600
Workload file fieldlength set to: 2600 (expected: 2600)
=== Executing the load phase for the comparison study ===
Comparison-load verification - Epoch:3 Run:5 TotalSize:260000000 ExpectedFieldLength:2600
Avg-run verification - Epoch:3 Run:5 Iteration:25 TotalSize:260000000 ExpectedFieldLength:2600
=== Executing the run phase with extendproportion=0 and read/update proportions=0.5 ===
Arrangement completed. Output saved to ../analysis/Data/Workload_data/postgresql_arrayjson_TOAST_HYPOTHESIS_run1_zipfian_heavy_pure.csv
=== Setting parameter values for extend phase ===
=== Executing the extend phase with extendproportion=1 and other proportions=0 ===
Arrangement completed. Output saved to ../analysis/Data/Workload_data/postgresql_arrayjson_TOAST_HYPOTHESIS_run1_zipfian_heavy_pure.csv
Size computation started
Extend verification - Min:11700 Max:9929300 Avg:27000 (Expected avg per record: ~1000 bytes initially)
Generating histogram from key size log: key_sizes_postgresql_arrayjson_TOAST_HYPOTHESIS_zipfian_heavy_pure_run1.csv
Histogram written to histogram.txt (BlockSize = 100)
Appending subsequent iteration 26...
Iteration 26: Appended new size values from key_sizes_postgresql_arrayjson_TOAST_HYPOTHESIS_zipfian_heavy_pure_run1.csv to ../analysis/Data/Value_size_data/value_sizes_postgresql_arrayjson_TOAST_HYPOTHESIS_run1_zipfian_heavy_before_pure.csv
VACUUM start: 1777552306
VACUUM end: 1777552328
=== Setting parameter values for run phase ===
Checking query plan before run phase
=== Executing the run phase with extendproportion=0 and read/update proportions=0.5 ===
Arrangement completed. Output saved to ../analysis/Data/Workload_data/postgresql_arrayjson_TOAST_HYPOTHESIS_run1_zipfian_heavy_pure.csv
Running JSONB detoast probes for ycsb phase=post-run epoch=26
Arrangement completed. Output saved to ../analysis/Data/Workload_data/postgresql_arrayjson_TOAST_HYPOTHESIS_run1_zipfian_heavy_pure.csv
Backing up the database started
Backing up the database finished
Arrangement completed. Output saved to ../analysis/Data/Workload_data/postgresql_arrayjson_TOAST_HYPOTHESIS_run1_zipfian_heavy_pure.csv
Size computation started
Appending subsequent iteration 26...
Iteration 26: Appended new size values from key_sizes_postgresql_arrayjson_TOAST_HYPOTHESIS_zipfian_heavy_pure_run1.csv to ../analysis/Data/Value_size_data/value_sizes_postgresql_arrayjson_TOAST_HYPOTHESIS_run1_zipfian_heavy_after_pure.csv
Total size: 270000000, Field length average: 2700
Workload file fieldlength set to: 2700 (expected: 2700)
=== Executing the load phase for the comparison study ===
Comparison-load verification - Epoch:3 Run:6 TotalSize:270000000 ExpectedFieldLength:2700
Avg-run verification - Epoch:3 Run:6 Iteration:26 TotalSize:270000000 ExpectedFieldLength:2700
=== Executing the run phase with extendproportion=0 and read/update proportions=0.5 ===
Arrangement completed. Output saved to ../analysis/Data/Workload_data/postgresql_arrayjson_TOAST_HYPOTHESIS_run1_zipfian_heavy_pure.csv
=== Setting parameter values for extend phase ===
=== Executing the extend phase with extendproportion=1 and other proportions=0 ===
Arrangement completed. Output saved to ../analysis/Data/Workload_data/postgresql_arrayjson_TOAST_HYPOTHESIS_run1_zipfian_heavy_pure.csv
Size computation started
Extend verification - Min:12000 Max:10305600 Avg:28000 (Expected avg per record: ~1000 bytes initially)
Generating histogram from key size log: key_sizes_postgresql_arrayjson_TOAST_HYPOTHESIS_zipfian_heavy_pure_run1.csv
Histogram written to histogram.txt (BlockSize = 100)
Appending subsequent iteration 27...
Iteration 27: Appended new size values from key_sizes_postgresql_arrayjson_TOAST_HYPOTHESIS_zipfian_heavy_pure_run1.csv to ../analysis/Data/Value_size_data/value_sizes_postgresql_arrayjson_TOAST_HYPOTHESIS_run1_zipfian_heavy_before_pure.csv
VACUUM start: 1777552769
VACUUM end: 1777552818
=== Setting parameter values for run phase ===
Checking query plan before run phase
=== Executing the run phase with extendproportion=0 and read/update proportions=0.5 ===
Arrangement completed. Output saved to ../analysis/Data/Workload_data/postgresql_arrayjson_TOAST_HYPOTHESIS_run1_zipfian_heavy_pure.csv
Running JSONB detoast probes for ycsb phase=post-run epoch=27
Arrangement completed. Output saved to ../analysis/Data/Workload_data/postgresql_arrayjson_TOAST_HYPOTHESIS_run1_zipfian_heavy_pure.csv
Backing up the database started
Backing up the database finished
Arrangement completed. Output saved to ../analysis/Data/Workload_data/postgresql_arrayjson_TOAST_HYPOTHESIS_run1_zipfian_heavy_pure.csv
Size computation started
Appending subsequent iteration 27...
Iteration 27: Appended new size values from key_sizes_postgresql_arrayjson_TOAST_HYPOTHESIS_zipfian_heavy_pure_run1.csv to ../analysis/Data/Value_size_data/value_sizes_postgresql_arrayjson_TOAST_HYPOTHESIS_run1_zipfian_heavy_after_pure.csv
Total size: 280000000, Field length average: 2800
Workload file fieldlength set to: 2800 (expected: 2800)
=== Executing the load phase for the comparison study ===
Comparison-load verification - Epoch:3 Run:7 TotalSize:280000000 ExpectedFieldLength:2800
Avg-run verification - Epoch:3 Run:7 Iteration:27 TotalSize:280000000 ExpectedFieldLength:2800
=== Executing the run phase with extendproportion=0 and read/update proportions=0.5 ===
Arrangement completed. Output saved to ../analysis/Data/Workload_data/postgresql_arrayjson_TOAST_HYPOTHESIS_run1_zipfian_heavy_pure.csv
=== Setting parameter values for extend phase ===
=== Executing the extend phase with extendproportion=1 and other proportions=0 ===
Arrangement completed. Output saved to ../analysis/Data/Workload_data/postgresql_arrayjson_TOAST_HYPOTHESIS_run1_zipfian_heavy_pure.csv
Size computation started
Extend verification - Min:12600 Max:10682400 Avg:29000 (Expected avg per record: ~1000 bytes initially)
Generating histogram from key size log: key_sizes_postgresql_arrayjson_TOAST_HYPOTHESIS_zipfian_heavy_pure_run1.csv
Histogram written to histogram.txt (BlockSize = 100)
Appending subsequent iteration 28...
Iteration 28: Appended new size values from key_sizes_postgresql_arrayjson_TOAST_HYPOTHESIS_zipfian_heavy_pure_run1.csv to ../analysis/Data/Value_size_data/value_sizes_postgresql_arrayjson_TOAST_HYPOTHESIS_run1_zipfian_heavy_before_pure.csv
VACUUM start: 1777553299
VACUUM end: 1777553348
=== Setting parameter values for run phase ===
Checking query plan before run phase
=== Executing the run phase with extendproportion=0 and read/update proportions=0.5 ===
Arrangement completed. Output saved to ../analysis/Data/Workload_data/postgresql_arrayjson_TOAST_HYPOTHESIS_run1_zipfian_heavy_pure.csv
Running JSONB detoast probes for ycsb phase=post-run epoch=28
Arrangement completed. Output saved to ../analysis/Data/Workload_data/postgresql_arrayjson_TOAST_HYPOTHESIS_run1_zipfian_heavy_pure.csv
Backing up the database started
Backing up the database finished
Arrangement completed. Output saved to ../analysis/Data/Workload_data/postgresql_arrayjson_TOAST_HYPOTHESIS_run1_zipfian_heavy_pure.csv
Size computation started
Appending subsequent iteration 28...
Iteration 28: Appended new size values from key_sizes_postgresql_arrayjson_TOAST_HYPOTHESIS_zipfian_heavy_pure_run1.csv to ../analysis/Data/Value_size_data/value_sizes_postgresql_arrayjson_TOAST_HYPOTHESIS_run1_zipfian_heavy_after_pure.csv
Total size: 290000000, Field length average: 2900
Workload file fieldlength set to: 2900 (expected: 2900)
=== Executing the load phase for the comparison study ===
Comparison-load verification - Epoch:3 Run:8 TotalSize:290000000 ExpectedFieldLength:2900
Avg-run verification - Epoch:3 Run:8 Iteration:28 TotalSize:290000000 ExpectedFieldLength:2900
=== Executing the run phase with extendproportion=0 and read/update proportions=0.5 ===
Arrangement completed. Output saved to ../analysis/Data/Workload_data/postgresql_arrayjson_TOAST_HYPOTHESIS_run1_zipfian_heavy_pure.csv
=== Setting parameter values for extend phase ===
=== Executing the extend phase with extendproportion=1 and other proportions=0 ===
Arrangement completed. Output saved to ../analysis/Data/Workload_data/postgresql_arrayjson_TOAST_HYPOTHESIS_run1_zipfian_heavy_pure.csv
Size computation started
Extend verification - Min:13400 Max:11062200 Avg:30000 (Expected avg per record: ~1000 bytes initially)
Generating histogram from key size log: key_sizes_postgresql_arrayjson_TOAST_HYPOTHESIS_zipfian_heavy_pure_run1.csv
Histogram written to histogram.txt (BlockSize = 100)
Appending subsequent iteration 29...
Iteration 29: Appended new size values from key_sizes_postgresql_arrayjson_TOAST_HYPOTHESIS_zipfian_heavy_pure_run1.csv to ../analysis/Data/Value_size_data/value_sizes_postgresql_arrayjson_TOAST_HYPOTHESIS_run1_zipfian_heavy_before_pure.csv
VACUUM start: 1777553845
VACUUM end: 1777553893
=== Setting parameter values for run phase ===
Checking query plan before run phase
=== Executing the run phase with extendproportion=0 and read/update proportions=0.5 ===
Arrangement completed. Output saved to ../analysis/Data/Workload_data/postgresql_arrayjson_TOAST_HYPOTHESIS_run1_zipfian_heavy_pure.csv
Running JSONB detoast probes for ycsb phase=post-run epoch=29
Arrangement completed. Output saved to ../analysis/Data/Workload_data/postgresql_arrayjson_TOAST_HYPOTHESIS_run1_zipfian_heavy_pure.csv
Backing up the database started
Backing up the database finished
Arrangement completed. Output saved to ../analysis/Data/Workload_data/postgresql_arrayjson_TOAST_HYPOTHESIS_run1_zipfian_heavy_pure.csv
Size computation started
Appending subsequent iteration 29...
Iteration 29: Appended new size values from key_sizes_postgresql_arrayjson_TOAST_HYPOTHESIS_zipfian_heavy_pure_run1.csv to ../analysis/Data/Value_size_data/value_sizes_postgresql_arrayjson_TOAST_HYPOTHESIS_run1_zipfian_heavy_after_pure.csv
Total size: 300000000, Field length average: 3000
Workload file fieldlength set to: 3000 (expected: 3000)
=== Executing the load phase for the comparison study ===
Comparison-load verification - Epoch:3 Run:9 TotalSize:300000000 ExpectedFieldLength:3000
Avg-run verification - Epoch:3 Run:9 Iteration:29 TotalSize:300000000 ExpectedFieldLength:3000
=== Executing the run phase with extendproportion=0 and read/update proportions=0.5 ===
Arrangement completed. Output saved to ../analysis/Data/Workload_data/postgresql_arrayjson_TOAST_HYPOTHESIS_run1_zipfian_heavy_pure.csv
=== Setting parameter values for extend phase ===
=== Executing the extend phase with extendproportion=1 and other proportions=0 ===
Arrangement completed. Output saved to ../analysis/Data/Workload_data/postgresql_arrayjson_TOAST_HYPOTHESIS_run1_zipfian_heavy_pure.csv
Size computation started
Extend verification - Min:13800 Max:11438800 Avg:31000 (Expected avg per record: ~1000 bytes initially)
Generating histogram from key size log: key_sizes_postgresql_arrayjson_TOAST_HYPOTHESIS_zipfian_heavy_pure_run1.csv
Histogram written to histogram.txt (BlockSize = 100)
Appending subsequent iteration 30...
Iteration 30: Appended new size values from key_sizes_postgresql_arrayjson_TOAST_HYPOTHESIS_zipfian_heavy_pure_run1.csv to ../analysis/Data/Value_size_data/value_sizes_postgresql_arrayjson_TOAST_HYPOTHESIS_run1_zipfian_heavy_before_pure.csv
VACUUM start: 1777554388
VACUUM end: 1777554463
=== Setting parameter values for run phase ===
Checking query plan before run phase
=== Executing the run phase with extendproportion=0 and read/update proportions=0.5 ===
Arrangement completed. Output saved to ../analysis/Data/Workload_data/postgresql_arrayjson_TOAST_HYPOTHESIS_run1_zipfian_heavy_pure.csv
Running JSONB detoast probes for ycsb phase=post-run epoch=30
Arrangement completed. Output saved to ../analysis/Data/Workload_data/postgresql_arrayjson_TOAST_HYPOTHESIS_run1_zipfian_heavy_pure.csv
Backing up the database started
Backing up the database finished
Arrangement completed. Output saved to ../analysis/Data/Workload_data/postgresql_arrayjson_TOAST_HYPOTHESIS_run1_zipfian_heavy_pure.csv
Size computation started
Appending subsequent iteration 30...
Iteration 30: Appended new size values from key_sizes_postgresql_arrayjson_TOAST_HYPOTHESIS_zipfian_heavy_pure_run1.csv to ../analysis/Data/Value_size_data/value_sizes_postgresql_arrayjson_TOAST_HYPOTHESIS_run1_zipfian_heavy_after_pure.csv
Total size: 310000000, Field length average: 3100
Workload file fieldlength set to: 3100 (expected: 3100)
=== Executing the load phase for the comparison study ===
Comparison-load verification - Epoch:3 Run:10 TotalSize:310000000 ExpectedFieldLength:3100
Avg-run verification - Epoch:3 Run:10 Iteration:30 TotalSize:310000000 ExpectedFieldLength:3100
=== Executing the run phase with extendproportion=0 and read/update proportions=0.5 ===
Arrangement completed. Output saved to ../analysis/Data/Workload_data/postgresql_arrayjson_TOAST_HYPOTHESIS_run1_zipfian_heavy_pure.csv
=== Setting parameter values for extend phase ===
=== Executing the extend phase with extendproportion=1 and other proportions=0 ===
Arrangement completed. Output saved to ../analysis/Data/Workload_data/postgresql_arrayjson_TOAST_HYPOTHESIS_run1_zipfian_heavy_pure.csv
Size computation started
Extend verification - Min:14100 Max:11817100 Avg:32000 (Expected avg per record: ~1000 bytes initially)
Generating histogram from key size log: key_sizes_postgresql_arrayjson_TOAST_HYPOTHESIS_zipfian_heavy_pure_run1.csv
Histogram written to histogram.txt (BlockSize = 100)
Appending subsequent iteration 31...
Iteration 31: Appended new size values from key_sizes_postgresql_arrayjson_TOAST_HYPOTHESIS_zipfian_heavy_pure_run1.csv to ../analysis/Data/Value_size_data/value_sizes_postgresql_arrayjson_TOAST_HYPOTHESIS_run1_zipfian_heavy_before_pure.csv
VACUUM start: 1777554960
VACUUM end: 1777555029
=== Setting parameter values for run phase ===
Checking query plan before run phase
=== Executing the run phase with extendproportion=0 and read/update proportions=0.5 ===
Arrangement completed. Output saved to ../analysis/Data/Workload_data/postgresql_arrayjson_TOAST_HYPOTHESIS_run1_zipfian_heavy_pure.csv
Running JSONB detoast probes for ycsb phase=post-run epoch=31
Arrangement completed. Output saved to ../analysis/Data/Workload_data/postgresql_arrayjson_TOAST_HYPOTHESIS_run1_zipfian_heavy_pure.csv
Backing up the database started
Backing up the database finished
Arrangement completed. Output saved to ../analysis/Data/Workload_data/postgresql_arrayjson_TOAST_HYPOTHESIS_run1_zipfian_heavy_pure.csv
Size computation started
Appending subsequent iteration 31...
Iteration 31: Appended new size values from key_sizes_postgresql_arrayjson_TOAST_HYPOTHESIS_zipfian_heavy_pure_run1.csv to ../analysis/Data/Value_size_data/value_sizes_postgresql_arrayjson_TOAST_HYPOTHESIS_run1_zipfian_heavy_after_pure.csv
Total size: 320000000, Field length average: 3200
Workload file fieldlength set to: 3200 (expected: 3200)
=== Executing the load phase for the comparison study ===
Comparison-load verification - Epoch:4 Run:1 TotalSize:320000000 ExpectedFieldLength:3200
Avg-run verification - Epoch:4 Run:1 Iteration:31 TotalSize:320000000 ExpectedFieldLength:3200
=== Executing the run phase with extendproportion=0 and read/update proportions=0.5 ===
Arrangement completed. Output saved to ../analysis/Data/Workload_data/postgresql_arrayjson_TOAST_HYPOTHESIS_run1_zipfian_heavy_pure.csv
=== Setting parameter values for extend phase ===
=== Executing the extend phase with extendproportion=1 and other proportions=0 ===
Arrangement completed. Output saved to ../analysis/Data/Workload_data/postgresql_arrayjson_TOAST_HYPOTHESIS_run1_zipfian_heavy_pure.csv
Size computation started
Extend verification - Min:14600 Max:12205700 Avg:33000 (Expected avg per record: ~1000 bytes initially)
Generating histogram from key size log: key_sizes_postgresql_arrayjson_TOAST_HYPOTHESIS_zipfian_heavy_pure_run1.csv
Histogram written to histogram.txt (BlockSize = 100)
Appending subsequent iteration 32...
Iteration 32: Appended new size values from key_sizes_postgresql_arrayjson_TOAST_HYPOTHESIS_zipfian_heavy_pure_run1.csv to ../analysis/Data/Value_size_data/value_sizes_postgresql_arrayjson_TOAST_HYPOTHESIS_run1_zipfian_heavy_before_pure.csv
VACUUM start: 1777555538
VACUUM end: 1777555623
=== Setting parameter values for run phase ===
Checking query plan before run phase
=== Executing the run phase with extendproportion=0 and read/update proportions=0.5 ===
Arrangement completed. Output saved to ../analysis/Data/Workload_data/postgresql_arrayjson_TOAST_HYPOTHESIS_run1_zipfian_heavy_pure.csv
Running JSONB detoast probes for ycsb phase=post-run epoch=32
Arrangement completed. Output saved to ../analysis/Data/Workload_data/postgresql_arrayjson_TOAST_HYPOTHESIS_run1_zipfian_heavy_pure.csv
Backing up the database started
Backing up the database finished
Arrangement completed. Output saved to ../analysis/Data/Workload_data/postgresql_arrayjson_TOAST_HYPOTHESIS_run1_zipfian_heavy_pure.csv
Size computation started
Appending subsequent iteration 32...
Iteration 32: Appended new size values from key_sizes_postgresql_arrayjson_TOAST_HYPOTHESIS_zipfian_heavy_pure_run1.csv to ../analysis/Data/Value_size_data/value_sizes_postgresql_arrayjson_TOAST_HYPOTHESIS_run1_zipfian_heavy_after_pure.csv
Total size: 330000000, Field length average: 3300
Workload file fieldlength set to: 3300 (expected: 3300)
=== Executing the load phase for the comparison study ===
Comparison-load verification - Epoch:4 Run:2 TotalSize:330000000 ExpectedFieldLength:3300
Avg-run verification - Epoch:4 Run:2 Iteration:32 TotalSize:330000000 ExpectedFieldLength:3300
=== Executing the run phase with extendproportion=0 and read/update proportions=0.5 ===
Arrangement completed. Output saved to ../analysis/Data/Workload_data/postgresql_arrayjson_TOAST_HYPOTHESIS_run1_zipfian_heavy_pure.csv
=== Setting parameter values for extend phase ===
=== Executing the extend phase with extendproportion=1 and other proportions=0 ===
Arrangement completed. Output saved to ../analysis/Data/Workload_data/postgresql_arrayjson_TOAST_HYPOTHESIS_run1_zipfian_heavy_pure.csv
Size computation started
Extend verification - Min:15100 Max:12581800 Avg:34000 (Expected avg per record: ~1000 bytes initially)
Generating histogram from key size log: key_sizes_postgresql_arrayjson_TOAST_HYPOTHESIS_zipfian_heavy_pure_run1.csv
Histogram written to histogram.txt (BlockSize = 100)
Appending subsequent iteration 33...
Iteration 33: Appended new size values from key_sizes_postgresql_arrayjson_TOAST_HYPOTHESIS_zipfian_heavy_pure_run1.csv to ../analysis/Data/Value_size_data/value_sizes_postgresql_arrayjson_TOAST_HYPOTHESIS_run1_zipfian_heavy_before_pure.csv
VACUUM start: 1777556128
VACUUM end: 1777556235
=== Setting parameter values for run phase ===
Checking query plan before run phase
=== Executing the run phase with extendproportion=0 and read/update proportions=0.5 ===
Arrangement completed. Output saved to ../analysis/Data/Workload_data/postgresql_arrayjson_TOAST_HYPOTHESIS_run1_zipfian_heavy_pure.csv
Running JSONB detoast probes for ycsb phase=post-run epoch=33
Arrangement completed. Output saved to ../analysis/Data/Workload_data/postgresql_arrayjson_TOAST_HYPOTHESIS_run1_zipfian_heavy_pure.csv
Backing up the database started
Backing up the database finished
Arrangement completed. Output saved to ../analysis/Data/Workload_data/postgresql_arrayjson_TOAST_HYPOTHESIS_run1_zipfian_heavy_pure.csv
Size computation started
Appending subsequent iteration 33...
Iteration 33: Appended new size values from key_sizes_postgresql_arrayjson_TOAST_HYPOTHESIS_zipfian_heavy_pure_run1.csv to ../analysis/Data/Value_size_data/value_sizes_postgresql_arrayjson_TOAST_HYPOTHESIS_run1_zipfian_heavy_after_pure.csv
Total size: 340000000, Field length average: 3400
Workload file fieldlength set to: 3400 (expected: 3400)
=== Executing the load phase for the comparison study ===
Comparison-load verification - Epoch:4 Run:3 TotalSize:340000000 ExpectedFieldLength:3400
Avg-run verification - Epoch:4 Run:3 Iteration:33 TotalSize:340000000 ExpectedFieldLength:3400
=== Executing the run phase with extendproportion=0 and read/update proportions=0.5 ===
Arrangement completed. Output saved to ../analysis/Data/Workload_data/postgresql_arrayjson_TOAST_HYPOTHESIS_run1_zipfian_heavy_pure.csv
=== Setting parameter values for extend phase ===
=== Executing the extend phase with extendproportion=1 and other proportions=0 ===
Arrangement completed. Output saved to ../analysis/Data/Workload_data/postgresql_arrayjson_TOAST_HYPOTHESIS_run1_zipfian_heavy_pure.csv
Size computation started
Extend verification - Min:15700 Max:12961200 Avg:35000 (Expected avg per record: ~1000 bytes initially)
Generating histogram from key size log: key_sizes_postgresql_arrayjson_TOAST_HYPOTHESIS_zipfian_heavy_pure_run1.csv
Histogram written to histogram.txt (BlockSize = 100)
Appending subsequent iteration 34...
Iteration 34: Appended new size values from key_sizes_postgresql_arrayjson_TOAST_HYPOTHESIS_zipfian_heavy_pure_run1.csv to ../analysis/Data/Value_size_data/value_sizes_postgresql_arrayjson_TOAST_HYPOTHESIS_run1_zipfian_heavy_before_pure.csv
VACUUM start: 1777556792
VACUUM end: 1777556872
=== Setting parameter values for run phase ===
Checking query plan before run phase
=== Executing the run phase with extendproportion=0 and read/update proportions=0.5 ===
Arrangement completed. Output saved to ../analysis/Data/Workload_data/postgresql_arrayjson_TOAST_HYPOTHESIS_run1_zipfian_heavy_pure.csv
Running JSONB detoast probes for ycsb phase=post-run epoch=34
Arrangement completed. Output saved to ../analysis/Data/Workload_data/postgresql_arrayjson_TOAST_HYPOTHESIS_run1_zipfian_heavy_pure.csv
Backing up the database started
Backing up the database finished
Arrangement completed. Output saved to ../analysis/Data/Workload_data/postgresql_arrayjson_TOAST_HYPOTHESIS_run1_zipfian_heavy_pure.csv
Size computation started
Appending subsequent iteration 34...
Iteration 34: Appended new size values from key_sizes_postgresql_arrayjson_TOAST_HYPOTHESIS_zipfian_heavy_pure_run1.csv to ../analysis/Data/Value_size_data/value_sizes_postgresql_arrayjson_TOAST_HYPOTHESIS_run1_zipfian_heavy_after_pure.csv
Total size: 350000000, Field length average: 3500
Workload file fieldlength set to: 3500 (expected: 3500)
=== Executing the load phase for the comparison study ===
Comparison-load verification - Epoch:4 Run:4 TotalSize:350000000 ExpectedFieldLength:3500
Avg-run verification - Epoch:4 Run:4 Iteration:34 TotalSize:350000000 ExpectedFieldLength:3500
=== Executing the run phase with extendproportion=0 and read/update proportions=0.5 ===
Arrangement completed. Output saved to ../analysis/Data/Workload_data/postgresql_arrayjson_TOAST_HYPOTHESIS_run1_zipfian_heavy_pure.csv
=== Setting parameter values for extend phase ===
=== Executing the extend phase with extendproportion=1 and other proportions=0 ===
Arrangement completed. Output saved to ../analysis/Data/Workload_data/postgresql_arrayjson_TOAST_HYPOTHESIS_run1_zipfian_heavy_pure.csv
Size computation started
Extend verification - Min:16100 Max:13341500 Avg:36000 (Expected avg per record: ~1000 bytes initially)
Generating histogram from key size log: key_sizes_postgresql_arrayjson_TOAST_HYPOTHESIS_zipfian_heavy_pure_run1.csv
Histogram written to histogram.txt (BlockSize = 100)
Appending subsequent iteration 35...
Iteration 35: Appended new size values from key_sizes_postgresql_arrayjson_TOAST_HYPOTHESIS_zipfian_heavy_pure_run1.csv to ../analysis/Data/Value_size_data/value_sizes_postgresql_arrayjson_TOAST_HYPOTHESIS_run1_zipfian_heavy_before_pure.csv
VACUUM start: 1777557419
VACUUM end: 1777557514
=== Setting parameter values for run phase ===
Checking query plan before run phase
=== Executing the run phase with extendproportion=0 and read/update proportions=0.5 ===
Arrangement completed. Output saved to ../analysis/Data/Workload_data/postgresql_arrayjson_TOAST_HYPOTHESIS_run1_zipfian_heavy_pure.csv
Running JSONB detoast probes for ycsb phase=post-run epoch=35
Arrangement completed. Output saved to ../analysis/Data/Workload_data/postgresql_arrayjson_TOAST_HYPOTHESIS_run1_zipfian_heavy_pure.csv
Backing up the database started
Backing up the database finished
Arrangement completed. Output saved to ../analysis/Data/Workload_data/postgresql_arrayjson_TOAST_HYPOTHESIS_run1_zipfian_heavy_pure.csv
Size computation started
Appending subsequent iteration 35...
Iteration 35: Appended new size values from key_sizes_postgresql_arrayjson_TOAST_HYPOTHESIS_zipfian_heavy_pure_run1.csv to ../analysis/Data/Value_size_data/value_sizes_postgresql_arrayjson_TOAST_HYPOTHESIS_run1_zipfian_heavy_after_pure.csv
Total size: 360000000, Field length average: 3600
Workload file fieldlength set to: 3600 (expected: 3600)
=== Executing the load phase for the comparison study ===
Comparison-load verification - Epoch:4 Run:5 TotalSize:360000000 ExpectedFieldLength:3600
Avg-run verification - Epoch:4 Run:5 Iteration:35 TotalSize:360000000 ExpectedFieldLength:3600
=== Executing the run phase with extendproportion=0 and read/update proportions=0.5 ===
Arrangement completed. Output saved to ../analysis/Data/Workload_data/postgresql_arrayjson_TOAST_HYPOTHESIS_run1_zipfian_heavy_pure.csv
=== Setting parameter values for extend phase ===
=== Executing the extend phase with extendproportion=1 and other proportions=0 ===
Arrangement completed. Output saved to ../analysis/Data/Workload_data/postgresql_arrayjson_TOAST_HYPOTHESIS_run1_zipfian_heavy_pure.csv
Size computation started
Extend verification - Min:16600 Max:13714700 Avg:37000 (Expected avg per record: ~1000 bytes initially)
Generating histogram from key size log: key_sizes_postgresql_arrayjson_TOAST_HYPOTHESIS_zipfian_heavy_pure_run1.csv
Histogram written to histogram.txt (BlockSize = 100)
Appending subsequent iteration 36...
Iteration 36: Appended new size values from key_sizes_postgresql_arrayjson_TOAST_HYPOTHESIS_zipfian_heavy_pure_run1.csv to ../analysis/Data/Value_size_data/value_sizes_postgresql_arrayjson_TOAST_HYPOTHESIS_run1_zipfian_heavy_before_pure.csv
VACUUM start: 1777558079
VACUUM end: 1777558166
=== Setting parameter values for run phase ===
Checking query plan before run phase
=== Executing the run phase with extendproportion=0 and read/update proportions=0.5 ===
Arrangement completed. Output saved to ../analysis/Data/Workload_data/postgresql_arrayjson_TOAST_HYPOTHESIS_run1_zipfian_heavy_pure.csv
Running JSONB detoast probes for ycsb phase=post-run epoch=36
Arrangement completed. Output saved to ../analysis/Data/Workload_data/postgresql_arrayjson_TOAST_HYPOTHESIS_run1_zipfian_heavy_pure.csv
Backing up the database started
Backing up the database finished
Arrangement completed. Output saved to ../analysis/Data/Workload_data/postgresql_arrayjson_TOAST_HYPOTHESIS_run1_zipfian_heavy_pure.csv
Size computation started
Appending subsequent iteration 36...
Iteration 36: Appended new size values from key_sizes_postgresql_arrayjson_TOAST_HYPOTHESIS_zipfian_heavy_pure_run1.csv to ../analysis/Data/Value_size_data/value_sizes_postgresql_arrayjson_TOAST_HYPOTHESIS_run1_zipfian_heavy_after_pure.csv
Total size: 370000000, Field length average: 3700
Workload file fieldlength set to: 3700 (expected: 3700)
=== Executing the load phase for the comparison study ===
Comparison-load verification - Epoch:4 Run:6 TotalSize:370000000 ExpectedFieldLength:3700
Avg-run verification - Epoch:4 Run:6 Iteration:36 TotalSize:370000000 ExpectedFieldLength:3700
=== Executing the run phase with extendproportion=0 and read/update proportions=0.5 ===
Arrangement completed. Output saved to ../analysis/Data/Workload_data/postgresql_arrayjson_TOAST_HYPOTHESIS_run1_zipfian_heavy_pure.csv
=== Setting parameter values for extend phase ===
=== Executing the extend phase with extendproportion=1 and other proportions=0 ===
Arrangement completed. Output saved to ../analysis/Data/Workload_data/postgresql_arrayjson_TOAST_HYPOTHESIS_run1_zipfian_heavy_pure.csv
Size computation started
Extend verification - Min:17300 Max:14098400 Avg:38000 (Expected avg per record: ~1000 bytes initially)
Generating histogram from key size log: key_sizes_postgresql_arrayjson_TOAST_HYPOTHESIS_zipfian_heavy_pure_run1.csv
Histogram written to histogram.txt (BlockSize = 100)
Appending subsequent iteration 37...
Iteration 37: Appended new size values from key_sizes_postgresql_arrayjson_TOAST_HYPOTHESIS_zipfian_heavy_pure_run1.csv to ../analysis/Data/Value_size_data/value_sizes_postgresql_arrayjson_TOAST_HYPOTHESIS_run1_zipfian_heavy_before_pure.csv
VACUUM start: 1777558749
VACUUM end: 1777558850
=== Setting parameter values for run phase ===
Checking query plan before run phase
=== Executing the run phase with extendproportion=0 and read/update proportions=0.5 ===
Arrangement completed. Output saved to ../analysis/Data/Workload_data/postgresql_arrayjson_TOAST_HYPOTHESIS_run1_zipfian_heavy_pure.csv
Running JSONB detoast probes for ycsb phase=post-run epoch=37
Arrangement completed. Output saved to ../analysis/Data/Workload_data/postgresql_arrayjson_TOAST_HYPOTHESIS_run1_zipfian_heavy_pure.csv
Backing up the database started
Backing up the database finished
Arrangement completed. Output saved to ../analysis/Data/Workload_data/postgresql_arrayjson_TOAST_HYPOTHESIS_run1_zipfian_heavy_pure.csv
Size computation started
Appending subsequent iteration 37...
Iteration 37: Appended new size values from key_sizes_postgresql_arrayjson_TOAST_HYPOTHESIS_zipfian_heavy_pure_run1.csv to ../analysis/Data/Value_size_data/value_sizes_postgresql_arrayjson_TOAST_HYPOTHESIS_run1_zipfian_heavy_after_pure.csv
Total size: 380000000, Field length average: 3800
Workload file fieldlength set to: 3800 (expected: 3800)
=== Executing the load phase for the comparison study ===
Comparison-load verification - Epoch:4 Run:7 TotalSize:380000000 ExpectedFieldLength:3800
Avg-run verification - Epoch:4 Run:7 Iteration:37 TotalSize:380000000 ExpectedFieldLength:3800
=== Executing the run phase with extendproportion=0 and read/update proportions=0.5 ===
Arrangement completed. Output saved to ../analysis/Data/Workload_data/postgresql_arrayjson_TOAST_HYPOTHESIS_run1_zipfian_heavy_pure.csv
=== Setting parameter values for extend phase ===
=== Executing the extend phase with extendproportion=1 and other proportions=0 ===
Arrangement completed. Output saved to ../analysis/Data/Workload_data/postgresql_arrayjson_TOAST_HYPOTHESIS_run1_zipfian_heavy_pure.csv
Size computation started
Extend verification - Min:17800 Max:14489800 Avg:39000 (Expected avg per record: ~1000 bytes initially)
Generating histogram from key size log: key_sizes_postgresql_arrayjson_TOAST_HYPOTHESIS_zipfian_heavy_pure_run1.csv
Histogram written to histogram.txt (BlockSize = 100)
Appending subsequent iteration 38...
Iteration 38: Appended new size values from key_sizes_postgresql_arrayjson_TOAST_HYPOTHESIS_zipfian_heavy_pure_run1.csv to ../analysis/Data/Value_size_data/value_sizes_postgresql_arrayjson_TOAST_HYPOTHESIS_run1_zipfian_heavy_before_pure.csv
VACUUM start: 1777559472
VACUUM end: 1777559571
=== Setting parameter values for run phase ===
Checking query plan before run phase
=== Executing the run phase with extendproportion=0 and read/update proportions=0.5 ===
Arrangement completed. Output saved to ../analysis/Data/Workload_data/postgresql_arrayjson_TOAST_HYPOTHESIS_run1_zipfian_heavy_pure.csv
Running JSONB detoast probes for ycsb phase=post-run epoch=38
Arrangement completed. Output saved to ../analysis/Data/Workload_data/postgresql_arrayjson_TOAST_HYPOTHESIS_run1_zipfian_heavy_pure.csv
Backing up the database started
Backing up the database finished
Arrangement completed. Output saved to ../analysis/Data/Workload_data/postgresql_arrayjson_TOAST_HYPOTHESIS_run1_zipfian_heavy_pure.csv
Size computation started
Appending subsequent iteration 38...
Iteration 38: Appended new size values from key_sizes_postgresql_arrayjson_TOAST_HYPOTHESIS_zipfian_heavy_pure_run1.csv to ../analysis/Data/Value_size_data/value_sizes_postgresql_arrayjson_TOAST_HYPOTHESIS_run1_zipfian_heavy_after_pure.csv
Total size: 390000000, Field length average: 3900
Workload file fieldlength set to: 3900 (expected: 3900)
=== Executing the load phase for the comparison study ===
Comparison-load verification - Epoch:4 Run:8 TotalSize:390000000 ExpectedFieldLength:3900
Avg-run verification - Epoch:4 Run:8 Iteration:38 TotalSize:390000000 ExpectedFieldLength:3900
=== Executing the run phase with extendproportion=0 and read/update proportions=0.5 ===
Arrangement completed. Output saved to ../analysis/Data/Workload_data/postgresql_arrayjson_TOAST_HYPOTHESIS_run1_zipfian_heavy_pure.csv
=== Setting parameter values for extend phase ===
=== Executing the extend phase with extendproportion=1 and other proportions=0 ===
Arrangement completed. Output saved to ../analysis/Data/Workload_data/postgresql_arrayjson_TOAST_HYPOTHESIS_run1_zipfian_heavy_pure.csv
Size computation started
Extend verification - Min:18400 Max:14875900 Avg:40000 (Expected avg per record: ~1000 bytes initially)
Generating histogram from key size log: key_sizes_postgresql_arrayjson_TOAST_HYPOTHESIS_zipfian_heavy_pure_run1.csv
Histogram written to histogram.txt (BlockSize = 100)
Appending subsequent iteration 39...
Iteration 39: Appended new size values from key_sizes_postgresql_arrayjson_TOAST_HYPOTHESIS_zipfian_heavy_pure_run1.csv to ../analysis/Data/Value_size_data/value_sizes_postgresql_arrayjson_TOAST_HYPOTHESIS_run1_zipfian_heavy_before_pure.csv
VACUUM start: 1777560172
VACUUM end: 1777560288
=== Setting parameter values for run phase ===
Checking query plan before run phase
=== Executing the run phase with extendproportion=0 and read/update proportions=0.5 ===
Arrangement completed. Output saved to ../analysis/Data/Workload_data/postgresql_arrayjson_TOAST_HYPOTHESIS_run1_zipfian_heavy_pure.csv
Running JSONB detoast probes for ycsb phase=post-run epoch=39
Arrangement completed. Output saved to ../analysis/Data/Workload_data/postgresql_arrayjson_TOAST_HYPOTHESIS_run1_zipfian_heavy_pure.csv
Backing up the database started
Backing up the database finished
Arrangement completed. Output saved to ../analysis/Data/Workload_data/postgresql_arrayjson_TOAST_HYPOTHESIS_run1_zipfian_heavy_pure.csv
Size computation started
Appending subsequent iteration 39...
Iteration 39: Appended new size values from key_sizes_postgresql_arrayjson_TOAST_HYPOTHESIS_zipfian_heavy_pure_run1.csv to ../analysis/Data/Value_size_data/value_sizes_postgresql_arrayjson_TOAST_HYPOTHESIS_run1_zipfian_heavy_after_pure.csv
Total size: 400000000, Field length average: 4000
Workload file fieldlength set to: 4000 (expected: 4000)
=== Executing the load phase for the comparison study ===
Comparison-load verification - Epoch:4 Run:9 TotalSize:400000000 ExpectedFieldLength:4000
Avg-run verification - Epoch:4 Run:9 Iteration:39 TotalSize:400000000 ExpectedFieldLength:4000
=== Executing the run phase with extendproportion=0 and read/update proportions=0.5 ===
Arrangement completed. Output saved to ../analysis/Data/Workload_data/postgresql_arrayjson_TOAST_HYPOTHESIS_run1_zipfian_heavy_pure.csv
=== Setting parameter values for extend phase ===
=== Executing the extend phase with extendproportion=1 and other proportions=0 ===
Arrangement completed. Output saved to ../analysis/Data/Workload_data/postgresql_arrayjson_TOAST_HYPOTHESIS_run1_zipfian_heavy_pure.csv
Size computation started
Extend verification - Min:19100 Max:15257500 Avg:41000 (Expected avg per record: ~1000 bytes initially)
Generating histogram from key size log: key_sizes_postgresql_arrayjson_TOAST_HYPOTHESIS_zipfian_heavy_pure_run1.csv
Histogram written to histogram.txt (BlockSize = 100)
Appending subsequent iteration 40...
Iteration 40: Appended new size values from key_sizes_postgresql_arrayjson_TOAST_HYPOTHESIS_zipfian_heavy_pure_run1.csv to ../analysis/Data/Value_size_data/value_sizes_postgresql_arrayjson_TOAST_HYPOTHESIS_run1_zipfian_heavy_before_pure.csv
VACUUM start: 1777560915
VACUUM end: 1777561053
=== Setting parameter values for run phase ===
Checking query plan before run phase
=== Executing the run phase with extendproportion=0 and read/update proportions=0.5 ===
Arrangement completed. Output saved to ../analysis/Data/Workload_data/postgresql_arrayjson_TOAST_HYPOTHESIS_run1_zipfian_heavy_pure.csv
Running JSONB detoast probes for ycsb phase=post-run epoch=40
Arrangement completed. Output saved to ../analysis/Data/Workload_data/postgresql_arrayjson_TOAST_HYPOTHESIS_run1_zipfian_heavy_pure.csv
Backing up the database started
Backing up the database finished
Arrangement completed. Output saved to ../analysis/Data/Workload_data/postgresql_arrayjson_TOAST_HYPOTHESIS_run1_zipfian_heavy_pure.csv
Size computation started
Appending subsequent iteration 40...
Iteration 40: Appended new size values from key_sizes_postgresql_arrayjson_TOAST_HYPOTHESIS_zipfian_heavy_pure_run1.csv to ../analysis/Data/Value_size_data/value_sizes_postgresql_arrayjson_TOAST_HYPOTHESIS_run1_zipfian_heavy_after_pure.csv
Total size: 410000000, Field length average: 4100
Workload file fieldlength set to: 4100 (expected: 4100)
=== Executing the load phase for the comparison study ===
Comparison-load verification - Epoch:4 Run:10 TotalSize:410000000 ExpectedFieldLength:4100
Avg-run verification - Epoch:4 Run:10 Iteration:40 TotalSize:410000000 ExpectedFieldLength:4100
=== Executing the run phase with extendproportion=0 and read/update proportions=0.5 ===
Arrangement completed. Output saved to ../analysis/Data/Workload_data/postgresql_arrayjson_TOAST_HYPOTHESIS_run1_zipfian_heavy_pure.csv
=== Setting parameter values for extend phase ===
=== Executing the extend phase with extendproportion=1 and other proportions=0 ===
Arrangement completed. Output saved to ../analysis/Data/Workload_data/postgresql_arrayjson_TOAST_HYPOTHESIS_run1_zipfian_heavy_pure.csv
Size computation started
Extend verification - Min:19500 Max:15631400 Avg:42000 (Expected avg per record: ~1000 bytes initially)
Generating histogram from key size log: key_sizes_postgresql_arrayjson_TOAST_HYPOTHESIS_zipfian_heavy_pure_run1.csv
Histogram written to histogram.txt (BlockSize = 100)
Appending subsequent iteration 41...
Iteration 41: Appended new size values from key_sizes_postgresql_arrayjson_TOAST_HYPOTHESIS_zipfian_heavy_pure_run1.csv to ../analysis/Data/Value_size_data/value_sizes_postgresql_arrayjson_TOAST_HYPOTHESIS_run1_zipfian_heavy_before_pure.csv
VACUUM start: 1777561696
VACUUM end: 1777561808
=== Setting parameter values for run phase ===
Checking query plan before run phase
=== Executing the run phase with extendproportion=0 and read/update proportions=0.5 ===
Arrangement completed. Output saved to ../analysis/Data/Workload_data/postgresql_arrayjson_TOAST_HYPOTHESIS_run1_zipfian_heavy_pure.csv
Running JSONB detoast probes for ycsb phase=post-run epoch=41
Arrangement completed. Output saved to ../analysis/Data/Workload_data/postgresql_arrayjson_TOAST_HYPOTHESIS_run1_zipfian_heavy_pure.csv
Backing up the database started
Backing up the database finished
Arrangement completed. Output saved to ../analysis/Data/Workload_data/postgresql_arrayjson_TOAST_HYPOTHESIS_run1_zipfian_heavy_pure.csv
Size computation started
Appending subsequent iteration 41...
Iteration 41: Appended new size values from key_sizes_postgresql_arrayjson_TOAST_HYPOTHESIS_zipfian_heavy_pure_run1.csv to ../analysis/Data/Value_size_data/value_sizes_postgresql_arrayjson_TOAST_HYPOTHESIS_run1_zipfian_heavy_after_pure.csv
Total size: 420000000, Field length average: 4200
Workload file fieldlength set to: 4200 (expected: 4200)
=== Executing the load phase for the comparison study ===
Comparison-load verification - Epoch:5 Run:1 TotalSize:420000000 ExpectedFieldLength:4200
Avg-run verification - Epoch:5 Run:1 Iteration:41 TotalSize:420000000 ExpectedFieldLength:4200
=== Executing the run phase with extendproportion=0 and read/update proportions=0.5 ===
Arrangement completed. Output saved to ../analysis/Data/Workload_data/postgresql_arrayjson_TOAST_HYPOTHESIS_run1_zipfian_heavy_pure.csv
=== Setting parameter values for extend phase ===
=== Executing the extend phase with extendproportion=1 and other proportions=0 ===
Arrangement completed. Output saved to ../analysis/Data/Workload_data/postgresql_arrayjson_TOAST_HYPOTHESIS_run1_zipfian_heavy_pure.csv
Size computation started
Extend verification - Min:20000 Max:16008900 Avg:43000 (Expected avg per record: ~1000 bytes initially)
Generating histogram from key size log: key_sizes_postgresql_arrayjson_TOAST_HYPOTHESIS_zipfian_heavy_pure_run1.csv
Histogram written to histogram.txt (BlockSize = 100)
Appending subsequent iteration 42...
Iteration 42: Appended new size values from key_sizes_postgresql_arrayjson_TOAST_HYPOTHESIS_zipfian_heavy_pure_run1.csv to ../analysis/Data/Value_size_data/value_sizes_postgresql_arrayjson_TOAST_HYPOTHESIS_run1_zipfian_heavy_before_pure.csv
VACUUM start: 1777562453
VACUUM end: 1777562593
=== Setting parameter values for run phase ===
Checking query plan before run phase
=== Executing the run phase with extendproportion=0 and read/update proportions=0.5 ===
Arrangement completed. Output saved to ../analysis/Data/Workload_data/postgresql_arrayjson_TOAST_HYPOTHESIS_run1_zipfian_heavy_pure.csv
Running JSONB detoast probes for ycsb phase=post-run epoch=42
Arrangement completed. Output saved to ../analysis/Data/Workload_data/postgresql_arrayjson_TOAST_HYPOTHESIS_run1_zipfian_heavy_pure.csv
Backing up the database started
Backing up the database finished
Arrangement completed. Output saved to ../analysis/Data/Workload_data/postgresql_arrayjson_TOAST_HYPOTHESIS_run1_zipfian_heavy_pure.csv
Size computation started
Appending subsequent iteration 42...
Iteration 42: Appended new size values from key_sizes_postgresql_arrayjson_TOAST_HYPOTHESIS_zipfian_heavy_pure_run1.csv to ../analysis/Data/Value_size_data/value_sizes_postgresql_arrayjson_TOAST_HYPOTHESIS_run1_zipfian_heavy_after_pure.csv
Total size: 430000000, Field length average: 4300
Workload file fieldlength set to: 4300 (expected: 4300)
=== Executing the load phase for the comparison study ===
Comparison-load verification - Epoch:5 Run:2 TotalSize:430000000 ExpectedFieldLength:4300
Avg-run verification - Epoch:5 Run:2 Iteration:42 TotalSize:430000000 ExpectedFieldLength:4300
=== Executing the run phase with extendproportion=0 and read/update proportions=0.5 ===
Arrangement completed. Output saved to ../analysis/Data/Workload_data/postgresql_arrayjson_TOAST_HYPOTHESIS_run1_zipfian_heavy_pure.csv
=== Setting parameter values for extend phase ===
=== Executing the extend phase with extendproportion=1 and other proportions=0 ===
Arrangement completed. Output saved to ../analysis/Data/Workload_data/postgresql_arrayjson_TOAST_HYPOTHESIS_run1_zipfian_heavy_pure.csv
Size computation started
Extend verification - Min:20500 Max:16389700 Avg:44000 (Expected avg per record: ~1000 bytes initially)
Generating histogram from key size log: key_sizes_postgresql_arrayjson_TOAST_HYPOTHESIS_zipfian_heavy_pure_run1.csv
Histogram written to histogram.txt (BlockSize = 100)
Appending subsequent iteration 43...
Iteration 43: Appended new size values from key_sizes_postgresql_arrayjson_TOAST_HYPOTHESIS_zipfian_heavy_pure_run1.csv to ../analysis/Data/Value_size_data/value_sizes_postgresql_arrayjson_TOAST_HYPOTHESIS_run1_zipfian_heavy_before_pure.csv
VACUUM start: 1777563262
VACUUM end: 1777563403
=== Setting parameter values for run phase ===
Checking query plan before run phase
=== Executing the run phase with extendproportion=0 and read/update proportions=0.5 ===
Arrangement completed. Output saved to ../analysis/Data/Workload_data/postgresql_arrayjson_TOAST_HYPOTHESIS_run1_zipfian_heavy_pure.csv
Running JSONB detoast probes for ycsb phase=post-run epoch=43
Arrangement completed. Output saved to ../analysis/Data/Workload_data/postgresql_arrayjson_TOAST_HYPOTHESIS_run1_zipfian_heavy_pure.csv
Backing up the database started
Backing up the database finished
Arrangement completed. Output saved to ../analysis/Data/Workload_data/postgresql_arrayjson_TOAST_HYPOTHESIS_run1_zipfian_heavy_pure.csv
Size computation started
Appending subsequent iteration 43...
Iteration 43: Appended new size values from key_sizes_postgresql_arrayjson_TOAST_HYPOTHESIS_zipfian_heavy_pure_run1.csv to ../analysis/Data/Value_size_data/value_sizes_postgresql_arrayjson_TOAST_HYPOTHESIS_run1_zipfian_heavy_after_pure.csv
Total size: 440000000, Field length average: 4400
Workload file fieldlength set to: 4400 (expected: 4400)
=== Executing the load phase for the comparison study ===
Comparison-load verification - Epoch:5 Run:3 TotalSize:440000000 ExpectedFieldLength:4400
Avg-run verification - Epoch:5 Run:3 Iteration:43 TotalSize:440000000 ExpectedFieldLength:4400
=== Executing the run phase with extendproportion=0 and read/update proportions=0.5 ===
Arrangement completed. Output saved to ../analysis/Data/Workload_data/postgresql_arrayjson_TOAST_HYPOTHESIS_run1_zipfian_heavy_pure.csv
=== Setting parameter values for extend phase ===
=== Executing the extend phase with extendproportion=1 and other proportions=0 ===
Arrangement completed. Output saved to ../analysis/Data/Workload_data/postgresql_arrayjson_TOAST_HYPOTHESIS_run1_zipfian_heavy_pure.csv
Size computation started
Extend verification - Min:20700 Max:16766300 Avg:45000 (Expected avg per record: ~1000 bytes initially)
Generating histogram from key size log: key_sizes_postgresql_arrayjson_TOAST_HYPOTHESIS_zipfian_heavy_pure_run1.csv
Histogram written to histogram.txt (BlockSize = 100)
Appending subsequent iteration 44...
Iteration 44: Appended new size values from key_sizes_postgresql_arrayjson_TOAST_HYPOTHESIS_zipfian_heavy_pure_run1.csv to ../analysis/Data/Value_size_data/value_sizes_postgresql_arrayjson_TOAST_HYPOTHESIS_run1_zipfian_heavy_before_pure.csv
VACUUM start: 1777564090
VACUUM end: 1777564232
=== Setting parameter values for run phase ===
Checking query plan before run phase
=== Executing the run phase with extendproportion=0 and read/update proportions=0.5 ===
Arrangement completed. Output saved to ../analysis/Data/Workload_data/postgresql_arrayjson_TOAST_HYPOTHESIS_run1_zipfian_heavy_pure.csv
Running JSONB detoast probes for ycsb phase=post-run epoch=44
Arrangement completed. Output saved to ../analysis/Data/Workload_data/postgresql_arrayjson_TOAST_HYPOTHESIS_run1_zipfian_heavy_pure.csv
Backing up the database started
Backing up the database finished
Arrangement completed. Output saved to ../analysis/Data/Workload_data/postgresql_arrayjson_TOAST_HYPOTHESIS_run1_zipfian_heavy_pure.csv
Size computation started
Appending subsequent iteration 44...
Iteration 44: Appended new size values from key_sizes_postgresql_arrayjson_TOAST_HYPOTHESIS_zipfian_heavy_pure_run1.csv to ../analysis/Data/Value_size_data/value_sizes_postgresql_arrayjson_TOAST_HYPOTHESIS_run1_zipfian_heavy_after_pure.csv
Total size: 450000000, Field length average: 4500
Workload file fieldlength set to: 4500 (expected: 4500)
=== Executing the load phase for the comparison study ===
Comparison-load verification - Epoch:5 Run:4 TotalSize:450000000 ExpectedFieldLength:4500
Avg-run verification - Epoch:5 Run:4 Iteration:44 TotalSize:450000000 ExpectedFieldLength:4500
=== Executing the run phase with extendproportion=0 and read/update proportions=0.5 ===
Arrangement completed. Output saved to ../analysis/Data/Workload_data/postgresql_arrayjson_TOAST_HYPOTHESIS_run1_zipfian_heavy_pure.csv
=== Setting parameter values for extend phase ===
=== Executing the extend phase with extendproportion=1 and other proportions=0 ===
Arrangement completed. Output saved to ../analysis/Data/Workload_data/postgresql_arrayjson_TOAST_HYPOTHESIS_run1_zipfian_heavy_pure.csv
Size computation started
Extend verification - Min:21100 Max:17150900 Avg:46000 (Expected avg per record: ~1000 bytes initially)
Generating histogram from key size log: key_sizes_postgresql_arrayjson_TOAST_HYPOTHESIS_zipfian_heavy_pure_run1.csv
Histogram written to histogram.txt (BlockSize = 100)
Appending subsequent iteration 45...
Iteration 45: Appended new size values from key_sizes_postgresql_arrayjson_TOAST_HYPOTHESIS_zipfian_heavy_pure_run1.csv to ../analysis/Data/Value_size_data/value_sizes_postgresql_arrayjson_TOAST_HYPOTHESIS_run1_zipfian_heavy_before_pure.csv
VACUUM start: 1777564958
VACUUM end: 1777565099
=== Setting parameter values for run phase ===
Checking query plan before run phase
=== Executing the run phase with extendproportion=0 and read/update proportions=0.5 ===
Arrangement completed. Output saved to ../analysis/Data/Workload_data/postgresql_arrayjson_TOAST_HYPOTHESIS_run1_zipfian_heavy_pure.csv
Running JSONB detoast probes for ycsb phase=post-run epoch=45
Arrangement completed. Output saved to ../analysis/Data/Workload_data/postgresql_arrayjson_TOAST_HYPOTHESIS_run1_zipfian_heavy_pure.csv
Backing up the database started
Backing up the database finished
Arrangement completed. Output saved to ../analysis/Data/Workload_data/postgresql_arrayjson_TOAST_HYPOTHESIS_run1_zipfian_heavy_pure.csv
Size computation started
Appending subsequent iteration 45...
Iteration 45: Appended new size values from key_sizes_postgresql_arrayjson_TOAST_HYPOTHESIS_zipfian_heavy_pure_run1.csv to ../analysis/Data/Value_size_data/value_sizes_postgresql_arrayjson_TOAST_HYPOTHESIS_run1_zipfian_heavy_after_pure.csv
Total size: 460000000, Field length average: 4600
Workload file fieldlength set to: 4600 (expected: 4600)
=== Executing the load phase for the comparison study ===
Comparison-load verification - Epoch:5 Run:5 TotalSize:460000000 ExpectedFieldLength:4600
Avg-run verification - Epoch:5 Run:5 Iteration:45 TotalSize:460000000 ExpectedFieldLength:4600
=== Executing the run phase with extendproportion=0 and read/update proportions=0.5 ===
Arrangement completed. Output saved to ../analysis/Data/Workload_data/postgresql_arrayjson_TOAST_HYPOTHESIS_run1_zipfian_heavy_pure.csv
=== Setting parameter values for extend phase ===
=== Executing the extend phase with extendproportion=1 and other proportions=0 ===
Arrangement completed. Output saved to ../analysis/Data/Workload_data/postgresql_arrayjson_TOAST_HYPOTHESIS_run1_zipfian_heavy_pure.csv
Size computation started
Extend verification - Min:21800 Max:17536400 Avg:47000 (Expected avg per record: ~1000 bytes initially)
Generating histogram from key size log: key_sizes_postgresql_arrayjson_TOAST_HYPOTHESIS_zipfian_heavy_pure_run1.csv
Histogram written to histogram.txt (BlockSize = 100)
Appending subsequent iteration 46...
Iteration 46: Appended new size values from key_sizes_postgresql_arrayjson_TOAST_HYPOTHESIS_zipfian_heavy_pure_run1.csv to ../analysis/Data/Value_size_data/value_sizes_postgresql_arrayjson_TOAST_HYPOTHESIS_run1_zipfian_heavy_before_pure.csv
VACUUM start: 1777565831
VACUUM end: 1777565969
=== Setting parameter values for run phase ===
Checking query plan before run phase
=== Executing the run phase with extendproportion=0 and read/update proportions=0.5 ===
Arrangement completed. Output saved to ../analysis/Data/Workload_data/postgresql_arrayjson_TOAST_HYPOTHESIS_run1_zipfian_heavy_pure.csv
Running JSONB detoast probes for ycsb phase=post-run epoch=46
Arrangement completed. Output saved to ../analysis/Data/Workload_data/postgresql_arrayjson_TOAST_HYPOTHESIS_run1_zipfian_heavy_pure.csv
Backing up the database started
Backing up the database finished
Arrangement completed. Output saved to ../analysis/Data/Workload_data/postgresql_arrayjson_TOAST_HYPOTHESIS_run1_zipfian_heavy_pure.csv
Size computation started
Appending subsequent iteration 46...
Iteration 46: Appended new size values from key_sizes_postgresql_arrayjson_TOAST_HYPOTHESIS_zipfian_heavy_pure_run1.csv to ../analysis/Data/Value_size_data/value_sizes_postgresql_arrayjson_TOAST_HYPOTHESIS_run1_zipfian_heavy_after_pure.csv
Total size: 470000000, Field length average: 4700
Workload file fieldlength set to: 4700 (expected: 4700)
=== Executing the load phase for the comparison study ===
Comparison-load verification - Epoch:5 Run:6 TotalSize:470000000 ExpectedFieldLength:4700
Avg-run verification - Epoch:5 Run:6 Iteration:46 TotalSize:470000000 ExpectedFieldLength:4700
=== Executing the run phase with extendproportion=0 and read/update proportions=0.5 ===
Arrangement completed. Output saved to ../analysis/Data/Workload_data/postgresql_arrayjson_TOAST_HYPOTHESIS_run1_zipfian_heavy_pure.csv
=== Setting parameter values for extend phase ===
=== Executing the extend phase with extendproportion=1 and other proportions=0 ===
Arrangement completed. Output saved to ../analysis/Data/Workload_data/postgresql_arrayjson_TOAST_HYPOTHESIS_run1_zipfian_heavy_pure.csv
Size computation started
Extend verification - Min:22300 Max:17924200 Avg:48000 (Expected avg per record: ~1000 bytes initially)
Generating histogram from key size log: key_sizes_postgresql_arrayjson_TOAST_HYPOTHESIS_zipfian_heavy_pure_run1.csv
Histogram written to histogram.txt (BlockSize = 100)
Appending subsequent iteration 47...
Iteration 47: Appended new size values from key_sizes_postgresql_arrayjson_TOAST_HYPOTHESIS_zipfian_heavy_pure_run1.csv to ../analysis/Data/Value_size_data/value_sizes_postgresql_arrayjson_TOAST_HYPOTHESIS_run1_zipfian_heavy_before_pure.csv
VACUUM start: 1777566718
VACUUM end: 1777566881
=== Setting parameter values for run phase ===
Checking query plan before run phase
=== Executing the run phase with extendproportion=0 and read/update proportions=0.5 ===
Arrangement completed. Output saved to ../analysis/Data/Workload_data/postgresql_arrayjson_TOAST_HYPOTHESIS_run1_zipfian_heavy_pure.csv
Running JSONB detoast probes for ycsb phase=post-run epoch=47
Arrangement completed. Output saved to ../analysis/Data/Workload_data/postgresql_arrayjson_TOAST_HYPOTHESIS_run1_zipfian_heavy_pure.csv
Backing up the database started
Backing up the database finished
Arrangement completed. Output saved to ../analysis/Data/Workload_data/postgresql_arrayjson_TOAST_HYPOTHESIS_run1_zipfian_heavy_pure.csv
Size computation started
Appending subsequent iteration 47...
Iteration 47: Appended new size values from key_sizes_postgresql_arrayjson_TOAST_HYPOTHESIS_zipfian_heavy_pure_run1.csv to ../analysis/Data/Value_size_data/value_sizes_postgresql_arrayjson_TOAST_HYPOTHESIS_run1_zipfian_heavy_after_pure.csv
Total size: 480000000, Field length average: 4800
Workload file fieldlength set to: 4800 (expected: 4800)
=== Executing the load phase for the comparison study ===
Comparison-load verification - Epoch:5 Run:7 TotalSize:480000000 ExpectedFieldLength:4800
Avg-run verification - Epoch:5 Run:7 Iteration:47 TotalSize:480000000 ExpectedFieldLength:4800
=== Executing the run phase with extendproportion=0 and read/update proportions=0.5 ===
Arrangement completed. Output saved to ../analysis/Data/Workload_data/postgresql_arrayjson_TOAST_HYPOTHESIS_run1_zipfian_heavy_pure.csv
=== Setting parameter values for extend phase ===
=== Executing the extend phase with extendproportion=1 and other proportions=0 ===
Arrangement completed. Output saved to ../analysis/Data/Workload_data/postgresql_arrayjson_TOAST_HYPOTHESIS_run1_zipfian_heavy_pure.csv
Size computation started
Extend verification - Min:22500 Max:18306500 Avg:49000 (Expected avg per record: ~1000 bytes initially)
Generating histogram from key size log: key_sizes_postgresql_arrayjson_TOAST_HYPOTHESIS_zipfian_heavy_pure_run1.csv
Histogram written to histogram.txt (BlockSize = 100)
Appending subsequent iteration 48...
Iteration 48: Appended new size values from key_sizes_postgresql_arrayjson_TOAST_HYPOTHESIS_zipfian_heavy_pure_run1.csv to ../analysis/Data/Value_size_data/value_sizes_postgresql_arrayjson_TOAST_HYPOTHESIS_run1_zipfian_heavy_before_pure.csv
VACUUM start: 1777567639
VACUUM end: 1777567806
=== Setting parameter values for run phase ===
Checking query plan before run phase
=== Executing the run phase with extendproportion=0 and read/update proportions=0.5 ===
Arrangement completed. Output saved to ../analysis/Data/Workload_data/postgresql_arrayjson_TOAST_HYPOTHESIS_run1_zipfian_heavy_pure.csv
Running JSONB detoast probes for ycsb phase=post-run epoch=48
Arrangement completed. Output saved to ../analysis/Data/Workload_data/postgresql_arrayjson_TOAST_HYPOTHESIS_run1_zipfian_heavy_pure.csv
Backing up the database started
Backing up the database finished
Arrangement completed. Output saved to ../analysis/Data/Workload_data/postgresql_arrayjson_TOAST_HYPOTHESIS_run1_zipfian_heavy_pure.csv
Size computation started
Appending subsequent iteration 48...
Iteration 48: Appended new size values from key_sizes_postgresql_arrayjson_TOAST_HYPOTHESIS_zipfian_heavy_pure_run1.csv to ../analysis/Data/Value_size_data/value_sizes_postgresql_arrayjson_TOAST_HYPOTHESIS_run1_zipfian_heavy_after_pure.csv
Total size: 490000000, Field length average: 4900
Workload file fieldlength set to: 4900 (expected: 4900)
=== Executing the load phase for the comparison study ===
Comparison-load verification - Epoch:5 Run:8 TotalSize:490000000 ExpectedFieldLength:4900
Avg-run verification - Epoch:5 Run:8 Iteration:48 TotalSize:490000000 ExpectedFieldLength:4900
=== Executing the run phase with extendproportion=0 and read/update proportions=0.5 ===
Arrangement completed. Output saved to ../analysis/Data/Workload_data/postgresql_arrayjson_TOAST_HYPOTHESIS_run1_zipfian_heavy_pure.csv
=== Setting parameter values for extend phase ===
=== Executing the extend phase with extendproportion=1 and other proportions=0 ===
Arrangement completed. Output saved to ../analysis/Data/Workload_data/postgresql_arrayjson_TOAST_HYPOTHESIS_run1_zipfian_heavy_pure.csv
Size computation started
Extend verification - Min:23100 Max:18684800 Avg:50000 (Expected avg per record: ~1000 bytes initially)
Generating histogram from key size log: key_sizes_postgresql_arrayjson_TOAST_HYPOTHESIS_zipfian_heavy_pure_run1.csv
Histogram written to histogram.txt (BlockSize = 100)
Appending subsequent iteration 49...
Iteration 49: Appended new size values from key_sizes_postgresql_arrayjson_TOAST_HYPOTHESIS_zipfian_heavy_pure_run1.csv to ../analysis/Data/Value_size_data/value_sizes_postgresql_arrayjson_TOAST_HYPOTHESIS_run1_zipfian_heavy_before_pure.csv
VACUUM start: 1777568556
VACUUM end: 1777568753
=== Setting parameter values for run phase ===
Checking query plan before run phase
=== Executing the run phase with extendproportion=0 and read/update proportions=0.5 ===
Arrangement completed. Output saved to ../analysis/Data/Workload_data/postgresql_arrayjson_TOAST_HYPOTHESIS_run1_zipfian_heavy_pure.csv
Running JSONB detoast probes for ycsb phase=post-run epoch=49
Arrangement completed. Output saved to ../analysis/Data/Workload_data/postgresql_arrayjson_TOAST_HYPOTHESIS_run1_zipfian_heavy_pure.csv
Backing up the database started
Backing up the database finished
Arrangement completed. Output saved to ../analysis/Data/Workload_data/postgresql_arrayjson_TOAST_HYPOTHESIS_run1_zipfian_heavy_pure.csv
Size computation started
Appending subsequent iteration 49...
Iteration 49: Appended new size values from key_sizes_postgresql_arrayjson_TOAST_HYPOTHESIS_zipfian_heavy_pure_run1.csv to ../analysis/Data/Value_size_data/value_sizes_postgresql_arrayjson_TOAST_HYPOTHESIS_run1_zipfian_heavy_after_pure.csv
Total size: 500000000, Field length average: 5000
Workload file fieldlength set to: 5000 (expected: 5000)
=== Executing the load phase for the comparison study ===
Comparison-load verification - Epoch:5 Run:9 TotalSize:500000000 ExpectedFieldLength:5000
Avg-run verification - Epoch:5 Run:9 Iteration:49 TotalSize:500000000 ExpectedFieldLength:5000
=== Executing the run phase with extendproportion=0 and read/update proportions=0.5 ===
Arrangement completed. Output saved to ../analysis/Data/Workload_data/postgresql_arrayjson_TOAST_HYPOTHESIS_run1_zipfian_heavy_pure.csv
=== Setting parameter values for extend phase ===
=== Executing the extend phase with extendproportion=1 and other proportions=0 ===
Arrangement completed. Output saved to ../analysis/Data/Workload_data/postgresql_arrayjson_TOAST_HYPOTHESIS_run1_zipfian_heavy_pure.csv
Size computation started
Extend verification - Min:23700 Max:19070400 Avg:51000 (Expected avg per record: ~1000 bytes initially)
Generating histogram from key size log: key_sizes_postgresql_arrayjson_TOAST_HYPOTHESIS_zipfian_heavy_pure_run1.csv
Histogram written to histogram.txt (BlockSize = 100)
Appending subsequent iteration 50...
Iteration 50: Appended new size values from key_sizes_postgresql_arrayjson_TOAST_HYPOTHESIS_zipfian_heavy_pure_run1.csv to ../analysis/Data/Value_size_data/value_sizes_postgresql_arrayjson_TOAST_HYPOTHESIS_run1_zipfian_heavy_before_pure.csv
VACUUM start: 1777569527
VACUUM end: 1777569731
=== Setting parameter values for run phase ===
Checking query plan before run phase
=== Executing the run phase with extendproportion=0 and read/update proportions=0.5 ===
Arrangement completed. Output saved to ../analysis/Data/Workload_data/postgresql_arrayjson_TOAST_HYPOTHESIS_run1_zipfian_heavy_pure.csv
Running JSONB detoast probes for ycsb phase=post-run epoch=50
Arrangement completed. Output saved to ../analysis/Data/Workload_data/postgresql_arrayjson_TOAST_HYPOTHESIS_run1_zipfian_heavy_pure.csv
Backing up the database started
Backing up the database finished
Arrangement completed. Output saved to ../analysis/Data/Workload_data/postgresql_arrayjson_TOAST_HYPOTHESIS_run1_zipfian_heavy_pure.csv
Size computation started
Appending subsequent iteration 50...
Iteration 50: Appended new size values from key_sizes_postgresql_arrayjson_TOAST_HYPOTHESIS_zipfian_heavy_pure_run1.csv to ../analysis/Data/Value_size_data/value_sizes_postgresql_arrayjson_TOAST_HYPOTHESIS_run1_zipfian_heavy_after_pure.csv
Total size: 510000000, Field length average: 5100
Workload file fieldlength set to: 5100 (expected: 5100)
=== Executing the load phase for the comparison study ===
Comparison-load verification - Epoch:5 Run:10 TotalSize:510000000 ExpectedFieldLength:5100
Avg-run verification - Epoch:5 Run:10 Iteration:50 TotalSize:510000000 ExpectedFieldLength:5100
=== Executing the run phase with extendproportion=0 and read/update proportions=0.5 ===
Arrangement completed. Output saved to ../analysis/Data/Workload_data/postgresql_arrayjson_TOAST_HYPOTHESIS_run1_zipfian_heavy_pure.csv
=== Setting parameter values for extend phase ===
=== Executing the extend phase with extendproportion=1 and other proportions=0 ===
Arrangement completed. Output saved to ../analysis/Data/Workload_data/postgresql_arrayjson_TOAST_HYPOTHESIS_run1_zipfian_heavy_pure.csv
Size computation started
Extend verification - Min:24000 Max:19446100 Avg:52000 (Expected avg per record: ~1000 bytes initially)
Generating histogram from key size log: key_sizes_postgresql_arrayjson_TOAST_HYPOTHESIS_zipfian_heavy_pure_run1.csv
Histogram written to histogram.txt (BlockSize = 100)
Appending subsequent iteration 51...
Iteration 51: Appended new size values from key_sizes_postgresql_arrayjson_TOAST_HYPOTHESIS_zipfian_heavy_pure_run1.csv to ../analysis/Data/Value_size_data/value_sizes_postgresql_arrayjson_TOAST_HYPOTHESIS_run1_zipfian_heavy_before_pure.csv
VACUUM start: 1777570505
VACUUM end: 1777570746
=== Setting parameter values for run phase ===
Checking query plan before run phase
=== Executing the run phase with extendproportion=0 and read/update proportions=0.5 ===
Arrangement completed. Output saved to ../analysis/Data/Workload_data/postgresql_arrayjson_TOAST_HYPOTHESIS_run1_zipfian_heavy_pure.csv
Running JSONB detoast probes for ycsb phase=post-run epoch=51
Arrangement completed. Output saved to ../analysis/Data/Workload_data/postgresql_arrayjson_TOAST_HYPOTHESIS_run1_zipfian_heavy_pure.csv
Backing up the database started
Backing up the database finished
Arrangement completed. Output saved to ../analysis/Data/Workload_data/postgresql_arrayjson_TOAST_HYPOTHESIS_run1_zipfian_heavy_pure.csv
Size computation started
Appending subsequent iteration 51...
Iteration 51: Appended new size values from key_sizes_postgresql_arrayjson_TOAST_HYPOTHESIS_zipfian_heavy_pure_run1.csv to ../analysis/Data/Value_size_data/value_sizes_postgresql_arrayjson_TOAST_HYPOTHESIS_run1_zipfian_heavy_after_pure.csv
Total size: 520000000, Field length average: 5200
Workload file fieldlength set to: 5200 (expected: 5200)
=== Executing the load phase for the comparison study ===
Comparison-load verification - Epoch:6 Run:1 TotalSize:520000000 ExpectedFieldLength:5200
Avg-run verification - Epoch:6 Run:1 Iteration:51 TotalSize:520000000 ExpectedFieldLength:5200
=== Executing the run phase with extendproportion=0 and read/update proportions=0.5 ===
Arrangement completed. Output saved to ../analysis/Data/Workload_data/postgresql_arrayjson_TOAST_HYPOTHESIS_run1_zipfian_heavy_pure.csv
=== Setting parameter values for extend phase ===
=== Executing the extend phase with extendproportion=1 and other proportions=0 ===
Arrangement completed. Output saved to ../analysis/Data/Workload_data/postgresql_arrayjson_TOAST_HYPOTHESIS_run1_zipfian_heavy_pure.csv
Size computation started
Extend verification - Min:24500 Max:19830900 Avg:53000 (Expected avg per record: ~1000 bytes initially)
Generating histogram from key size log: key_sizes_postgresql_arrayjson_TOAST_HYPOTHESIS_zipfian_heavy_pure_run1.csv
Histogram written to histogram.txt (BlockSize = 100)
Appending subsequent iteration 52...
Iteration 52: Appended new size values from key_sizes_postgresql_arrayjson_TOAST_HYPOTHESIS_zipfian_heavy_pure_run1.csv to ../analysis/Data/Value_size_data/value_sizes_postgresql_arrayjson_TOAST_HYPOTHESIS_run1_zipfian_heavy_before_pure.csv
VACUUM start: 1777571524
VACUUM end: 1777571768
=== Setting parameter values for run phase ===
Checking query plan before run phase
=== Executing the run phase with extendproportion=0 and read/update proportions=0.5 ===
Arrangement completed. Output saved to ../analysis/Data/Workload_data/postgresql_arrayjson_TOAST_HYPOTHESIS_run1_zipfian_heavy_pure.csv
Running JSONB detoast probes for ycsb phase=post-run epoch=52
Arrangement completed. Output saved to ../analysis/Data/Workload_data/postgresql_arrayjson_TOAST_HYPOTHESIS_run1_zipfian_heavy_pure.csv
Backing up the database started
Backing up the database finished
Arrangement completed. Output saved to ../analysis/Data/Workload_data/postgresql_arrayjson_TOAST_HYPOTHESIS_run1_zipfian_heavy_pure.csv
Size computation started
Appending subsequent iteration 52...
Iteration 52: Appended new size values from key_sizes_postgresql_arrayjson_TOAST_HYPOTHESIS_zipfian_heavy_pure_run1.csv to ../analysis/Data/Value_size_data/value_sizes_postgresql_arrayjson_TOAST_HYPOTHESIS_run1_zipfian_heavy_after_pure.csv
Total size: 530000000, Field length average: 5300
Workload file fieldlength set to: 5300 (expected: 5300)
=== Executing the load phase for the comparison study ===
Comparison-load verification - Epoch:6 Run:2 TotalSize:530000000 ExpectedFieldLength:5300
Avg-run verification - Epoch:6 Run:2 Iteration:52 TotalSize:530000000 ExpectedFieldLength:5300
=== Executing the run phase with extendproportion=0 and read/update proportions=0.5 ===
Arrangement completed. Output saved to ../analysis/Data/Workload_data/postgresql_arrayjson_TOAST_HYPOTHESIS_run1_zipfian_heavy_pure.csv
=== Setting parameter values for extend phase ===
=== Executing the extend phase with extendproportion=1 and other proportions=0 ===
Arrangement completed. Output saved to ../analysis/Data/Workload_data/postgresql_arrayjson_TOAST_HYPOTHESIS_run1_zipfian_heavy_pure.csv
Size computation started
Extend verification - Min:25000 Max:20224200 Avg:54000 (Expected avg per record: ~1000 bytes initially)
Generating histogram from key size log: key_sizes_postgresql_arrayjson_TOAST_HYPOTHESIS_zipfian_heavy_pure_run1.csv
Histogram written to histogram.txt (BlockSize = 100)
Appending subsequent iteration 53...
Iteration 53: Appended new size values from key_sizes_postgresql_arrayjson_TOAST_HYPOTHESIS_zipfian_heavy_pure_run1.csv to ../analysis/Data/Value_size_data/value_sizes_postgresql_arrayjson_TOAST_HYPOTHESIS_run1_zipfian_heavy_before_pure.csv
VACUUM start: 1777572577
VACUUM end: 1777572823
=== Setting parameter values for run phase ===
Checking query plan before run phase
=== Executing the run phase with extendproportion=0 and read/update proportions=0.5 ===
Arrangement completed. Output saved to ../analysis/Data/Workload_data/postgresql_arrayjson_TOAST_HYPOTHESIS_run1_zipfian_heavy_pure.csv
Running JSONB detoast probes for ycsb phase=post-run epoch=53
Arrangement completed. Output saved to ../analysis/Data/Workload_data/postgresql_arrayjson_TOAST_HYPOTHESIS_run1_zipfian_heavy_pure.csv
Backing up the database started
Backing up the database finished
Arrangement completed. Output saved to ../analysis/Data/Workload_data/postgresql_arrayjson_TOAST_HYPOTHESIS_run1_zipfian_heavy_pure.csv
Size computation started
Appending subsequent iteration 53...
Iteration 53: Appended new size values from key_sizes_postgresql_arrayjson_TOAST_HYPOTHESIS_zipfian_heavy_pure_run1.csv to ../analysis/Data/Value_size_data/value_sizes_postgresql_arrayjson_TOAST_HYPOTHESIS_run1_zipfian_heavy_after_pure.csv
Total size: 540000000, Field length average: 5400
Workload file fieldlength set to: 5400 (expected: 5400)
=== Executing the load phase for the comparison study ===
Comparison-load verification - Epoch:6 Run:3 TotalSize:540000000 ExpectedFieldLength:5400
Avg-run verification - Epoch:6 Run:3 Iteration:53 TotalSize:540000000 ExpectedFieldLength:5400
=== Executing the run phase with extendproportion=0 and read/update proportions=0.5 ===
Arrangement completed. Output saved to ../analysis/Data/Workload_data/postgresql_arrayjson_TOAST_HYPOTHESIS_run1_zipfian_heavy_pure.csv
=== Setting parameter values for extend phase ===
=== Executing the extend phase with extendproportion=1 and other proportions=0 ===
Arrangement completed. Output saved to ../analysis/Data/Workload_data/postgresql_arrayjson_TOAST_HYPOTHESIS_run1_zipfian_heavy_pure.csv
Size computation started
Extend verification - Min:25600 Max:20607000 Avg:55000 (Expected avg per record: ~1000 bytes initially)
Generating histogram from key size log: key_sizes_postgresql_arrayjson_TOAST_HYPOTHESIS_zipfian_heavy_pure_run1.csv
Histogram written to histogram.txt (BlockSize = 100)
Appending subsequent iteration 54...
Iteration 54: Appended new size values from key_sizes_postgresql_arrayjson_TOAST_HYPOTHESIS_zipfian_heavy_pure_run1.csv to ../analysis/Data/Value_size_data/value_sizes_postgresql_arrayjson_TOAST_HYPOTHESIS_run1_zipfian_heavy_before_pure.csv
VACUUM start: 1777573633
VACUUM end: 1777573907
=== Setting parameter values for run phase ===
Checking query plan before run phase
=== Executing the run phase with extendproportion=0 and read/update proportions=0.5 ===
Arrangement completed. Output saved to ../analysis/Data/Workload_data/postgresql_arrayjson_TOAST_HYPOTHESIS_run1_zipfian_heavy_pure.csv
Running JSONB detoast probes for ycsb phase=post-run epoch=54
Arrangement completed. Output saved to ../analysis/Data/Workload_data/postgresql_arrayjson_TOAST_HYPOTHESIS_run1_zipfian_heavy_pure.csv
Backing up the database started
Backing up the database finished
Arrangement completed. Output saved to ../analysis/Data/Workload_data/postgresql_arrayjson_TOAST_HYPOTHESIS_run1_zipfian_heavy_pure.csv
Size computation started
Appending subsequent iteration 54...
Iteration 54: Appended new size values from key_sizes_postgresql_arrayjson_TOAST_HYPOTHESIS_zipfian_heavy_pure_run1.csv to ../analysis/Data/Value_size_data/value_sizes_postgresql_arrayjson_TOAST_HYPOTHESIS_run1_zipfian_heavy_after_pure.csv
Total size: 550000000, Field length average: 5500
Workload file fieldlength set to: 5500 (expected: 5500)
=== Executing the load phase for the comparison study ===
Comparison-load verification - Epoch:6 Run:4 TotalSize:550000000 ExpectedFieldLength:5500
Avg-run verification - Epoch:6 Run:4 Iteration:54 TotalSize:550000000 ExpectedFieldLength:5500
=== Executing the run phase with extendproportion=0 and read/update proportions=0.5 ===
Arrangement completed. Output saved to ../analysis/Data/Workload_data/postgresql_arrayjson_TOAST_HYPOTHESIS_run1_zipfian_heavy_pure.csv
=== Setting parameter values for extend phase ===
=== Executing the extend phase with extendproportion=1 and other proportions=0 ===
Arrangement completed. Output saved to ../analysis/Data/Workload_data/postgresql_arrayjson_TOAST_HYPOTHESIS_run1_zipfian_heavy_pure.csv
Size computation started
Extend verification - Min:25700 Max:20988100 Avg:56000 (Expected avg per record: ~1000 bytes initially)
Generating histogram from key size log: key_sizes_postgresql_arrayjson_TOAST_HYPOTHESIS_zipfian_heavy_pure_run1.csv
Histogram written to histogram.txt (BlockSize = 100)
Appending subsequent iteration 55...
Iteration 55: Appended new size values from key_sizes_postgresql_arrayjson_TOAST_HYPOTHESIS_zipfian_heavy_pure_run1.csv to ../analysis/Data/Value_size_data/value_sizes_postgresql_arrayjson_TOAST_HYPOTHESIS_run1_zipfian_heavy_before_pure.csv
VACUUM start: 1777574739
VACUUM end: 1777575011
=== Setting parameter values for run phase ===
Checking query plan before run phase
=== Executing the run phase with extendproportion=0 and read/update proportions=0.5 ===
Arrangement completed. Output saved to ../analysis/Data/Workload_data/postgresql_arrayjson_TOAST_HYPOTHESIS_run1_zipfian_heavy_pure.csv
Running JSONB detoast probes for ycsb phase=post-run epoch=55
Arrangement completed. Output saved to ../analysis/Data/Workload_data/postgresql_arrayjson_TOAST_HYPOTHESIS_run1_zipfian_heavy_pure.csv
Backing up the database started
Backing up the database finished
Arrangement completed. Output saved to ../analysis/Data/Workload_data/postgresql_arrayjson_TOAST_HYPOTHESIS_run1_zipfian_heavy_pure.csv
Size computation started
Appending subsequent iteration 55...
Iteration 55: Appended new size values from key_sizes_postgresql_arrayjson_TOAST_HYPOTHESIS_zipfian_heavy_pure_run1.csv to ../analysis/Data/Value_size_data/value_sizes_postgresql_arrayjson_TOAST_HYPOTHESIS_run1_zipfian_heavy_after_pure.csv
Total size: 560000000, Field length average: 5600
Workload file fieldlength set to: 5600 (expected: 5600)
=== Executing the load phase for the comparison study ===
Comparison-load verification - Epoch:6 Run:5 TotalSize:560000000 ExpectedFieldLength:5600
Avg-run verification - Epoch:6 Run:5 Iteration:55 TotalSize:560000000 ExpectedFieldLength:5600
=== Executing the run phase with extendproportion=0 and read/update proportions=0.5 ===
Arrangement completed. Output saved to ../analysis/Data/Workload_data/postgresql_arrayjson_TOAST_HYPOTHESIS_run1_zipfian_heavy_pure.csv
=== Setting parameter values for extend phase ===
=== Executing the extend phase with extendproportion=1 and other proportions=0 ===
Arrangement completed. Output saved to ../analysis/Data/Workload_data/postgresql_arrayjson_TOAST_HYPOTHESIS_run1_zipfian_heavy_pure.csv
Size computation started
Extend verification - Min:25900 Max:21366600 Avg:57000 (Expected avg per record: ~1000 bytes initially)
Generating histogram from key size log: key_sizes_postgresql_arrayjson_TOAST_HYPOTHESIS_zipfian_heavy_pure_run1.csv
Histogram written to histogram.txt (BlockSize = 100)
Appending subsequent iteration 56...
Iteration 56: Appended new size values from key_sizes_postgresql_arrayjson_TOAST_HYPOTHESIS_zipfian_heavy_pure_run1.csv to ../analysis/Data/Value_size_data/value_sizes_postgresql_arrayjson_TOAST_HYPOTHESIS_run1_zipfian_heavy_before_pure.csv
VACUUM start: 1777575879
VACUUM end: 1777576142
=== Setting parameter values for run phase ===
Checking query plan before run phase
=== Executing the run phase with extendproportion=0 and read/update proportions=0.5 ===
Arrangement completed. Output saved to ../analysis/Data/Workload_data/postgresql_arrayjson_TOAST_HYPOTHESIS_run1_zipfian_heavy_pure.csv
Running JSONB detoast probes for ycsb phase=post-run epoch=56
Arrangement completed. Output saved to ../analysis/Data/Workload_data/postgresql_arrayjson_TOAST_HYPOTHESIS_run1_zipfian_heavy_pure.csv
Backing up the database started
Backing up the database finished
Arrangement completed. Output saved to ../analysis/Data/Workload_data/postgresql_arrayjson_TOAST_HYPOTHESIS_run1_zipfian_heavy_pure.csv
Size computation started
Appending subsequent iteration 56...
Iteration 56: Appended new size values from key_sizes_postgresql_arrayjson_TOAST_HYPOTHESIS_zipfian_heavy_pure_run1.csv to ../analysis/Data/Value_size_data/value_sizes_postgresql_arrayjson_TOAST_HYPOTHESIS_run1_zipfian_heavy_after_pure.csv
Total size: 570000000, Field length average: 5700
Workload file fieldlength set to: 5700 (expected: 5700)
=== Executing the load phase for the comparison study ===
Comparison-load verification - Epoch:6 Run:6 TotalSize:570000000 ExpectedFieldLength:5700
Avg-run verification - Epoch:6 Run:6 Iteration:56 TotalSize:570000000 ExpectedFieldLength:5700
=== Executing the run phase with extendproportion=0 and read/update proportions=0.5 ===
Arrangement completed. Output saved to ../analysis/Data/Workload_data/postgresql_arrayjson_TOAST_HYPOTHESIS_run1_zipfian_heavy_pure.csv
=== Setting parameter values for extend phase ===
=== Executing the extend phase with extendproportion=1 and other proportions=0 ===
Arrangement completed. Output saved to ../analysis/Data/Workload_data/postgresql_arrayjson_TOAST_HYPOTHESIS_run1_zipfian_heavy_pure.csv
Size computation started
Extend verification - Min:26500 Max:21756700 Avg:58000 (Expected avg per record: ~1000 bytes initially)
Generating histogram from key size log: key_sizes_postgresql_arrayjson_TOAST_HYPOTHESIS_zipfian_heavy_pure_run1.csv
Histogram written to histogram.txt (BlockSize = 100)
Appending subsequent iteration 57...
Iteration 57: Appended new size values from key_sizes_postgresql_arrayjson_TOAST_HYPOTHESIS_zipfian_heavy_pure_run1.csv to ../analysis/Data/Value_size_data/value_sizes_postgresql_arrayjson_TOAST_HYPOTHESIS_run1_zipfian_heavy_before_pure.csv
VACUUM start: 1777577086
VACUUM end: 1777577370
=== Setting parameter values for run phase ===
Checking query plan before run phase
=== Executing the run phase with extendproportion=0 and read/update proportions=0.5 ===
Arrangement completed. Output saved to ../analysis/Data/Workload_data/postgresql_arrayjson_TOAST_HYPOTHESIS_run1_zipfian_heavy_pure.csv
Running JSONB detoast probes for ycsb phase=post-run epoch=57
Arrangement completed. Output saved to ../analysis/Data/Workload_data/postgresql_arrayjson_TOAST_HYPOTHESIS_run1_zipfian_heavy_pure.csv
Backing up the database started
Backing up the database finished
Arrangement completed. Output saved to ../analysis/Data/Workload_data/postgresql_arrayjson_TOAST_HYPOTHESIS_run1_zipfian_heavy_pure.csv
Size computation started
Appending subsequent iteration 57...
Iteration 57: Appended new size values from key_sizes_postgresql_arrayjson_TOAST_HYPOTHESIS_zipfian_heavy_pure_run1.csv to ../analysis/Data/Value_size_data/value_sizes_postgresql_arrayjson_TOAST_HYPOTHESIS_run1_zipfian_heavy_after_pure.csv
Total size: 580000000, Field length average: 5800
Workload file fieldlength set to: 5800 (expected: 5800)
=== Executing the load phase for the comparison study ===
Comparison-load verification - Epoch:6 Run:7 TotalSize:580000000 ExpectedFieldLength:5800
Avg-run verification - Epoch:6 Run:7 Iteration:57 TotalSize:580000000 ExpectedFieldLength:5800
=== Executing the run phase with extendproportion=0 and read/update proportions=0.5 ===
Arrangement completed. Output saved to ../analysis/Data/Workload_data/postgresql_arrayjson_TOAST_HYPOTHESIS_run1_zipfian_heavy_pure.csv
=== Setting parameter values for extend phase ===
=== Executing the extend phase with extendproportion=1 and other proportions=0 ===
Arrangement completed. Output saved to ../analysis/Data/Workload_data/postgresql_arrayjson_TOAST_HYPOTHESIS_run1_zipfian_heavy_pure.csv
Size computation started
Extend verification - Min:26900 Max:22142200 Avg:59000 (Expected avg per record: ~1000 bytes initially)
Generating histogram from key size log: key_sizes_postgresql_arrayjson_TOAST_HYPOTHESIS_zipfian_heavy_pure_run1.csv
Histogram written to histogram.txt (BlockSize = 100)
Appending subsequent iteration 58...
Iteration 58: Appended new size values from key_sizes_postgresql_arrayjson_TOAST_HYPOTHESIS_zipfian_heavy_pure_run1.csv to ../analysis/Data/Value_size_data/value_sizes_postgresql_arrayjson_TOAST_HYPOTHESIS_run1_zipfian_heavy_before_pure.csv
VACUUM start: 1777578302
VACUUM end: 1777578610
=== Setting parameter values for run phase ===
Checking query plan before run phase
=== Executing the run phase with extendproportion=0 and read/update proportions=0.5 ===
Arrangement completed. Output saved to ../analysis/Data/Workload_data/postgresql_arrayjson_TOAST_HYPOTHESIS_run1_zipfian_heavy_pure.csv
Running JSONB detoast probes for ycsb phase=post-run epoch=58
Arrangement completed. Output saved to ../analysis/Data/Workload_data/postgresql_arrayjson_TOAST_HYPOTHESIS_run1_zipfian_heavy_pure.csv
Backing up the database started
Backing up the database finished
Arrangement completed. Output saved to ../analysis/Data/Workload_data/postgresql_arrayjson_TOAST_HYPOTHESIS_run1_zipfian_heavy_pure.csv
Size computation started
Appending subsequent iteration 58...
Iteration 58: Appended new size values from key_sizes_postgresql_arrayjson_TOAST_HYPOTHESIS_zipfian_heavy_pure_run1.csv to ../analysis/Data/Value_size_data/value_sizes_postgresql_arrayjson_TOAST_HYPOTHESIS_run1_zipfian_heavy_after_pure.csv
Total size: 590000000, Field length average: 5900
Workload file fieldlength set to: 5900 (expected: 5900)
=== Executing the load phase for the comparison study ===
Comparison-load verification - Epoch:6 Run:8 TotalSize:590000000 ExpectedFieldLength:5900
Avg-run verification - Epoch:6 Run:8 Iteration:58 TotalSize:590000000 ExpectedFieldLength:5900
=== Executing the run phase with extendproportion=0 and read/update proportions=0.5 ===
Arrangement completed. Output saved to ../analysis/Data/Workload_data/postgresql_arrayjson_TOAST_HYPOTHESIS_run1_zipfian_heavy_pure.csv
=== Setting parameter values for extend phase ===
=== Executing the extend phase with extendproportion=1 and other proportions=0 ===
Arrangement completed. Output saved to ../analysis/Data/Workload_data/postgresql_arrayjson_TOAST_HYPOTHESIS_run1_zipfian_heavy_pure.csv
Size computation started
Extend verification - Min:27300 Max:22513500 Avg:60000 (Expected avg per record: ~1000 bytes initially)
Generating histogram from key size log: key_sizes_postgresql_arrayjson_TOAST_HYPOTHESIS_zipfian_heavy_pure_run1.csv
Histogram written to histogram.txt (BlockSize = 100)
Appending subsequent iteration 59...
Iteration 59: Appended new size values from key_sizes_postgresql_arrayjson_TOAST_HYPOTHESIS_zipfian_heavy_pure_run1.csv to ../analysis/Data/Value_size_data/value_sizes_postgresql_arrayjson_TOAST_HYPOTHESIS_run1_zipfian_heavy_before_pure.csv
VACUUM start: 1777579507
VACUUM end: 1777579803
=== Setting parameter values for run phase ===
Checking query plan before run phase
=== Executing the run phase with extendproportion=0 and read/update proportions=0.5 ===
Arrangement completed. Output saved to ../analysis/Data/Workload_data/postgresql_arrayjson_TOAST_HYPOTHESIS_run1_zipfian_heavy_pure.csv
Running JSONB detoast probes for ycsb phase=post-run epoch=59
Arrangement completed. Output saved to ../analysis/Data/Workload_data/postgresql_arrayjson_TOAST_HYPOTHESIS_run1_zipfian_heavy_pure.csv
Backing up the database started
Backing up the database finished
Arrangement completed. Output saved to ../analysis/Data/Workload_data/postgresql_arrayjson_TOAST_HYPOTHESIS_run1_zipfian_heavy_pure.csv
Size computation started
Appending subsequent iteration 59...
Iteration 59: Appended new size values from key_sizes_postgresql_arrayjson_TOAST_HYPOTHESIS_zipfian_heavy_pure_run1.csv to ../analysis/Data/Value_size_data/value_sizes_postgresql_arrayjson_TOAST_HYPOTHESIS_run1_zipfian_heavy_after_pure.csv
Total size: 600000000, Field length average: 6000
Workload file fieldlength set to: 6000 (expected: 6000)
=== Executing the load phase for the comparison study ===
Comparison-load verification - Epoch:6 Run:9 TotalSize:600000000 ExpectedFieldLength:6000
Avg-run verification - Epoch:6 Run:9 Iteration:59 TotalSize:600000000 ExpectedFieldLength:6000
=== Executing the run phase with extendproportion=0 and read/update proportions=0.5 ===
Arrangement completed. Output saved to ../analysis/Data/Workload_data/postgresql_arrayjson_TOAST_HYPOTHESIS_run1_zipfian_heavy_pure.csv
=== Setting parameter values for extend phase ===
=== Executing the extend phase with extendproportion=1 and other proportions=0 ===
Arrangement completed. Output saved to ../analysis/Data/Workload_data/postgresql_arrayjson_TOAST_HYPOTHESIS_run1_zipfian_heavy_pure.csv
Size computation started
Extend verification - Min:28200 Max:22903000 Avg:61000 (Expected avg per record: ~1000 bytes initially)
Generating histogram from key size log: key_sizes_postgresql_arrayjson_TOAST_HYPOTHESIS_zipfian_heavy_pure_run1.csv
Histogram written to histogram.txt (BlockSize = 100)
Appending subsequent iteration 60...
Iteration 60: Appended new size values from key_sizes_postgresql_arrayjson_TOAST_HYPOTHESIS_zipfian_heavy_pure_run1.csv to ../analysis/Data/Value_size_data/value_sizes_postgresql_arrayjson_TOAST_HYPOTHESIS_run1_zipfian_heavy_before_pure.csv
VACUUM start: 1777580725
VACUUM end: 1777581032
=== Setting parameter values for run phase ===
Checking query plan before run phase
=== Executing the run phase with extendproportion=0 and read/update proportions=0.5 ===
Arrangement completed. Output saved to ../analysis/Data/Workload_data/postgresql_arrayjson_TOAST_HYPOTHESIS_run1_zipfian_heavy_pure.csv
Running JSONB detoast probes for ycsb phase=post-run epoch=60
Arrangement completed. Output saved to ../analysis/Data/Workload_data/postgresql_arrayjson_TOAST_HYPOTHESIS_run1_zipfian_heavy_pure.csv
Backing up the database started
Backing up the database finished
Arrangement completed. Output saved to ../analysis/Data/Workload_data/postgresql_arrayjson_TOAST_HYPOTHESIS_run1_zipfian_heavy_pure.csv
Size computation started
Appending subsequent iteration 60...
Iteration 60: Appended new size values from key_sizes_postgresql_arrayjson_TOAST_HYPOTHESIS_zipfian_heavy_pure_run1.csv to ../analysis/Data/Value_size_data/value_sizes_postgresql_arrayjson_TOAST_HYPOTHESIS_run1_zipfian_heavy_after_pure.csv
Total size: 610000000, Field length average: 6100
Workload file fieldlength set to: 6100 (expected: 6100)
=== Executing the load phase for the comparison study ===
Comparison-load verification - Epoch:6 Run:10 TotalSize:610000000 ExpectedFieldLength:6100
Avg-run verification - Epoch:6 Run:10 Iteration:60 TotalSize:610000000 ExpectedFieldLength:6100
=== Executing the run phase with extendproportion=0 and read/update proportions=0.5 ===
Arrangement completed. Output saved to ../analysis/Data/Workload_data/postgresql_arrayjson_TOAST_HYPOTHESIS_run1_zipfian_heavy_pure.csv
=== Setting parameter values for extend phase ===
=== Executing the extend phase with extendproportion=1 and other proportions=0 ===
Arrangement completed. Output saved to ../analysis/Data/Workload_data/postgresql_arrayjson_TOAST_HYPOTHESIS_run1_zipfian_heavy_pure.csv
Size computation started
Extend verification - Min:28400 Max:23275400 Avg:62000 (Expected avg per record: ~1000 bytes initially)
Generating histogram from key size log: key_sizes_postgresql_arrayjson_TOAST_HYPOTHESIS_zipfian_heavy_pure_run1.csv
Histogram written to histogram.txt (BlockSize = 100)
Appending subsequent iteration 61...
Iteration 61: Appended new size values from key_sizes_postgresql_arrayjson_TOAST_HYPOTHESIS_zipfian_heavy_pure_run1.csv to ../analysis/Data/Value_size_data/value_sizes_postgresql_arrayjson_TOAST_HYPOTHESIS_run1_zipfian_heavy_before_pure.csv
VACUUM start: 1777581960
VACUUM end: 1777582287
=== Setting parameter values for run phase ===
Checking query plan before run phase
=== Executing the run phase with extendproportion=0 and read/update proportions=0.5 ===
Arrangement completed. Output saved to ../analysis/Data/Workload_data/postgresql_arrayjson_TOAST_HYPOTHESIS_run1_zipfian_heavy_pure.csv
Running JSONB detoast probes for ycsb phase=post-run epoch=61
Arrangement completed. Output saved to ../analysis/Data/Workload_data/postgresql_arrayjson_TOAST_HYPOTHESIS_run1_zipfian_heavy_pure.csv
Backing up the database started
Backing up the database finished
Arrangement completed. Output saved to ../analysis/Data/Workload_data/postgresql_arrayjson_TOAST_HYPOTHESIS_run1_zipfian_heavy_pure.csv
Size computation started
Appending subsequent iteration 61...
Iteration 61: Appended new size values from key_sizes_postgresql_arrayjson_TOAST_HYPOTHESIS_zipfian_heavy_pure_run1.csv to ../analysis/Data/Value_size_data/value_sizes_postgresql_arrayjson_TOAST_HYPOTHESIS_run1_zipfian_heavy_after_pure.csv
Total size: 620000000, Field length average: 6200
Workload file fieldlength set to: 6200 (expected: 6200)
=== Executing the load phase for the comparison study ===
Comparison-load verification - Epoch:7 Run:1 TotalSize:620000000 ExpectedFieldLength:6200
Avg-run verification - Epoch:7 Run:1 Iteration:61 TotalSize:620000000 ExpectedFieldLength:6200
=== Executing the run phase with extendproportion=0 and read/update proportions=0.5 ===
Arrangement completed. Output saved to ../analysis/Data/Workload_data/postgresql_arrayjson_TOAST_HYPOTHESIS_run1_zipfian_heavy_pure.csv
=== Setting parameter values for extend phase ===
=== Executing the extend phase with extendproportion=1 and other proportions=0 ===
Arrangement completed. Output saved to ../analysis/Data/Workload_data/postgresql_arrayjson_TOAST_HYPOTHESIS_run1_zipfian_heavy_pure.csv
Size computation started
Extend verification - Min:29300 Max:23662500 Avg:63000 (Expected avg per record: ~1000 bytes initially)
Generating histogram from key size log: key_sizes_postgresql_arrayjson_TOAST_HYPOTHESIS_zipfian_heavy_pure_run1.csv
Histogram written to histogram.txt (BlockSize = 100)
Appending subsequent iteration 62...
Iteration 62: Appended new size values from key_sizes_postgresql_arrayjson_TOAST_HYPOTHESIS_zipfian_heavy_pure_run1.csv to ../analysis/Data/Value_size_data/value_sizes_postgresql_arrayjson_TOAST_HYPOTHESIS_run1_zipfian_heavy_before_pure.csv
VACUUM start: 1777583243
VACUUM end: 1777583556
=== Setting parameter values for run phase ===
Checking query plan before run phase
=== Executing the run phase with extendproportion=0 and read/update proportions=0.5 ===
Arrangement completed. Output saved to ../analysis/Data/Workload_data/postgresql_arrayjson_TOAST_HYPOTHESIS_run1_zipfian_heavy_pure.csv
Running JSONB detoast probes for ycsb phase=post-run epoch=62
Arrangement completed. Output saved to ../analysis/Data/Workload_data/postgresql_arrayjson_TOAST_HYPOTHESIS_run1_zipfian_heavy_pure.csv
Backing up the database started
Backing up the database finished
Arrangement completed. Output saved to ../analysis/Data/Workload_data/postgresql_arrayjson_TOAST_HYPOTHESIS_run1_zipfian_heavy_pure.csv
Size computation started
Appending subsequent iteration 62...
Iteration 62: Appended new size values from key_sizes_postgresql_arrayjson_TOAST_HYPOTHESIS_zipfian_heavy_pure_run1.csv to ../analysis/Data/Value_size_data/value_sizes_postgresql_arrayjson_TOAST_HYPOTHESIS_run1_zipfian_heavy_after_pure.csv
Total size: 630000000, Field length average: 6300
Workload file fieldlength set to: 6300 (expected: 6300)
=== Executing the load phase for the comparison study ===
Comparison-load verification - Epoch:7 Run:2 TotalSize:630000000 ExpectedFieldLength:6300
Avg-run verification - Epoch:7 Run:2 Iteration:62 TotalSize:630000000 ExpectedFieldLength:6300
=== Executing the run phase with extendproportion=0 and read/update proportions=0.5 ===
Arrangement completed. Output saved to ../analysis/Data/Workload_data/postgresql_arrayjson_TOAST_HYPOTHESIS_run1_zipfian_heavy_pure.csv
=== Setting parameter values for extend phase ===
=== Executing the extend phase with extendproportion=1 and other proportions=0 ===
Arrangement completed. Output saved to ../analysis/Data/Workload_data/postgresql_arrayjson_TOAST_HYPOTHESIS_run1_zipfian_heavy_pure.csv
Size computation started
Extend verification - Min:29600 Max:24045200 Avg:64000 (Expected avg per record: ~1000 bytes initially)
Generating histogram from key size log: key_sizes_postgresql_arrayjson_TOAST_HYPOTHESIS_zipfian_heavy_pure_run1.csv
Histogram written to histogram.txt (BlockSize = 100)
Appending subsequent iteration 63...
Iteration 63: Appended new size values from key_sizes_postgresql_arrayjson_TOAST_HYPOTHESIS_zipfian_heavy_pure_run1.csv to ../analysis/Data/Value_size_data/value_sizes_postgresql_arrayjson_TOAST_HYPOTHESIS_run1_zipfian_heavy_before_pure.csv
VACUUM start: 1777584556
VACUUM end: 1777584866
=== Setting parameter values for run phase ===
Checking query plan before run phase
=== Executing the run phase with extendproportion=0 and read/update proportions=0.5 ===
Arrangement completed. Output saved to ../analysis/Data/Workload_data/postgresql_arrayjson_TOAST_HYPOTHESIS_run1_zipfian_heavy_pure.csv
Running JSONB detoast probes for ycsb phase=post-run epoch=63
Arrangement completed. Output saved to ../analysis/Data/Workload_data/postgresql_arrayjson_TOAST_HYPOTHESIS_run1_zipfian_heavy_pure.csv
Backing up the database started
Backing up the database finished
Arrangement completed. Output saved to ../analysis/Data/Workload_data/postgresql_arrayjson_TOAST_HYPOTHESIS_run1_zipfian_heavy_pure.csv
Size computation started
Appending subsequent iteration 63...
Iteration 63: Appended new size values from key_sizes_postgresql_arrayjson_TOAST_HYPOTHESIS_zipfian_heavy_pure_run1.csv to ../analysis/Data/Value_size_data/value_sizes_postgresql_arrayjson_TOAST_HYPOTHESIS_run1_zipfian_heavy_after_pure.csv
Total size: 640000000, Field length average: 6400
Workload file fieldlength set to: 6400 (expected: 6400)
=== Executing the load phase for the comparison study ===
Comparison-load verification - Epoch:7 Run:3 TotalSize:640000000 ExpectedFieldLength:6400
Avg-run verification - Epoch:7 Run:3 Iteration:63 TotalSize:640000000 ExpectedFieldLength:6400
=== Executing the run phase with extendproportion=0 and read/update proportions=0.5 ===
Arrangement completed. Output saved to ../analysis/Data/Workload_data/postgresql_arrayjson_TOAST_HYPOTHESIS_run1_zipfian_heavy_pure.csv
=== Setting parameter values for extend phase ===
=== Executing the extend phase with extendproportion=1 and other proportions=0 ===
Arrangement completed. Output saved to ../analysis/Data/Workload_data/postgresql_arrayjson_TOAST_HYPOTHESIS_run1_zipfian_heavy_pure.csv
Size computation started
Extend verification - Min:30100 Max:24430800 Avg:65000 (Expected avg per record: ~1000 bytes initially)
Generating histogram from key size log: key_sizes_postgresql_arrayjson_TOAST_HYPOTHESIS_zipfian_heavy_pure_run1.csv
Histogram written to histogram.txt (BlockSize = 100)
Appending subsequent iteration 64...
Iteration 64: Appended new size values from key_sizes_postgresql_arrayjson_TOAST_HYPOTHESIS_zipfian_heavy_pure_run1.csv to ../analysis/Data/Value_size_data/value_sizes_postgresql_arrayjson_TOAST_HYPOTHESIS_run1_zipfian_heavy_before_pure.csv
VACUUM start: 1777585868
VACUUM end: 1777586178
=== Setting parameter values for run phase ===
Checking query plan before run phase
=== Executing the run phase with extendproportion=0 and read/update proportions=0.5 ===
Arrangement completed. Output saved to ../analysis/Data/Workload_data/postgresql_arrayjson_TOAST_HYPOTHESIS_run1_zipfian_heavy_pure.csv
Running JSONB detoast probes for ycsb phase=post-run epoch=64
Arrangement completed. Output saved to ../analysis/Data/Workload_data/postgresql_arrayjson_TOAST_HYPOTHESIS_run1_zipfian_heavy_pure.csv
Backing up the database started
Backing up the database finished
Arrangement completed. Output saved to ../analysis/Data/Workload_data/postgresql_arrayjson_TOAST_HYPOTHESIS_run1_zipfian_heavy_pure.csv
Size computation started
Appending subsequent iteration 64...
Iteration 64: Appended new size values from key_sizes_postgresql_arrayjson_TOAST_HYPOTHESIS_zipfian_heavy_pure_run1.csv to ../analysis/Data/Value_size_data/value_sizes_postgresql_arrayjson_TOAST_HYPOTHESIS_run1_zipfian_heavy_after_pure.csv
Total size: 650000000, Field length average: 6500
Workload file fieldlength set to: 6500 (expected: 6500)
=== Executing the load phase for the comparison study ===
Comparison-load verification - Epoch:7 Run:4 TotalSize:650000000 ExpectedFieldLength:6500
Avg-run verification - Epoch:7 Run:4 Iteration:64 TotalSize:650000000 ExpectedFieldLength:6500
=== Executing the run phase with extendproportion=0 and read/update proportions=0.5 ===
Arrangement completed. Output saved to ../analysis/Data/Workload_data/postgresql_arrayjson_TOAST_HYPOTHESIS_run1_zipfian_heavy_pure.csv
=== Setting parameter values for extend phase ===
=== Executing the extend phase with extendproportion=1 and other proportions=0 ===
Arrangement completed. Output saved to ../analysis/Data/Workload_data/postgresql_arrayjson_TOAST_HYPOTHESIS_run1_zipfian_heavy_pure.csv
Size computation started
Extend verification - Min:30600 Max:24819000 Avg:66000 (Expected avg per record: ~1000 bytes initially)
Generating histogram from key size log: key_sizes_postgresql_arrayjson_TOAST_HYPOTHESIS_zipfian_heavy_pure_run1.csv
Histogram written to histogram.txt (BlockSize = 100)
Appending subsequent iteration 65...
Iteration 65: Appended new size values from key_sizes_postgresql_arrayjson_TOAST_HYPOTHESIS_zipfian_heavy_pure_run1.csv to ../analysis/Data/Value_size_data/value_sizes_postgresql_arrayjson_TOAST_HYPOTHESIS_run1_zipfian_heavy_before_pure.csv
VACUUM start: 1777587183
VACUUM end: 1777587522
=== Setting parameter values for run phase ===
Checking query plan before run phase
=== Executing the run phase with extendproportion=0 and read/update proportions=0.5 ===
Arrangement completed. Output saved to ../analysis/Data/Workload_data/postgresql_arrayjson_TOAST_HYPOTHESIS_run1_zipfian_heavy_pure.csv
Running JSONB detoast probes for ycsb phase=post-run epoch=65
Arrangement completed. Output saved to ../analysis/Data/Workload_data/postgresql_arrayjson_TOAST_HYPOTHESIS_run1_zipfian_heavy_pure.csv
Backing up the database started
Backing up the database finished
Arrangement completed. Output saved to ../analysis/Data/Workload_data/postgresql_arrayjson_TOAST_HYPOTHESIS_run1_zipfian_heavy_pure.csv
Size computation started
Appending subsequent iteration 65...
Iteration 65: Appended new size values from key_sizes_postgresql_arrayjson_TOAST_HYPOTHESIS_zipfian_heavy_pure_run1.csv to ../analysis/Data/Value_size_data/value_sizes_postgresql_arrayjson_TOAST_HYPOTHESIS_run1_zipfian_heavy_after_pure.csv
Total size: 660000000, Field length average: 6600
Workload file fieldlength set to: 6600 (expected: 6600)
=== Executing the load phase for the comparison study ===
Comparison-load verification - Epoch:7 Run:5 TotalSize:660000000 ExpectedFieldLength:6600
Avg-run verification - Epoch:7 Run:5 Iteration:65 TotalSize:660000000 ExpectedFieldLength:6600
=== Executing the run phase with extendproportion=0 and read/update proportions=0.5 ===
Arrangement completed. Output saved to ../analysis/Data/Workload_data/postgresql_arrayjson_TOAST_HYPOTHESIS_run1_zipfian_heavy_pure.csv
=== Setting parameter values for extend phase ===
=== Executing the extend phase with extendproportion=1 and other proportions=0 ===
Arrangement completed. Output saved to ../analysis/Data/Workload_data/postgresql_arrayjson_TOAST_HYPOTHESIS_run1_zipfian_heavy_pure.csv
Size computation started
Extend verification - Min:31200 Max:25200100 Avg:67000 (Expected avg per record: ~1000 bytes initially)
Generating histogram from key size log: key_sizes_postgresql_arrayjson_TOAST_HYPOTHESIS_zipfian_heavy_pure_run1.csv
Histogram written to histogram.txt (BlockSize = 100)
Appending subsequent iteration 66...
Iteration 66: Appended new size values from key_sizes_postgresql_arrayjson_TOAST_HYPOTHESIS_zipfian_heavy_pure_run1.csv to ../analysis/Data/Value_size_data/value_sizes_postgresql_arrayjson_TOAST_HYPOTHESIS_run1_zipfian_heavy_before_pure.csv
VACUUM start: 1777588515
VACUUM end: 1777588894
=== Setting parameter values for run phase ===
Checking query plan before run phase
=== Executing the run phase with extendproportion=0 and read/update proportions=0.5 ===
Arrangement completed. Output saved to ../analysis/Data/Workload_data/postgresql_arrayjson_TOAST_HYPOTHESIS_run1_zipfian_heavy_pure.csv
Running JSONB detoast probes for ycsb phase=post-run epoch=66
Arrangement completed. Output saved to ../analysis/Data/Workload_data/postgresql_arrayjson_TOAST_HYPOTHESIS_run1_zipfian_heavy_pure.csv
Backing up the database started
Backing up the database finished
Arrangement completed. Output saved to ../analysis/Data/Workload_data/postgresql_arrayjson_TOAST_HYPOTHESIS_run1_zipfian_heavy_pure.csv
Size computation started
Appending subsequent iteration 66...
Iteration 66: Appended new size values from key_sizes_postgresql_arrayjson_TOAST_HYPOTHESIS_zipfian_heavy_pure_run1.csv to ../analysis/Data/Value_size_data/value_sizes_postgresql_arrayjson_TOAST_HYPOTHESIS_run1_zipfian_heavy_after_pure.csv
Total size: 670000000, Field length average: 6700
Workload file fieldlength set to: 6700 (expected: 6700)
=== Executing the load phase for the comparison study ===
Comparison-load verification - Epoch:7 Run:6 TotalSize:670000000 ExpectedFieldLength:6700
Avg-run verification - Epoch:7 Run:6 Iteration:66 TotalSize:670000000 ExpectedFieldLength:6700
=== Executing the run phase with extendproportion=0 and read/update proportions=0.5 ===
Arrangement completed. Output saved to ../analysis/Data/Workload_data/postgresql_arrayjson_TOAST_HYPOTHESIS_run1_zipfian_heavy_pure.csv
=== Setting parameter values for extend phase ===
=== Executing the extend phase with extendproportion=1 and other proportions=0 ===
Arrangement completed. Output saved to ../analysis/Data/Workload_data/postgresql_arrayjson_TOAST_HYPOTHESIS_run1_zipfian_heavy_pure.csv
Size computation started
Extend verification - Min:31500 Max:25586900 Avg:68000 (Expected avg per record: ~1000 bytes initially)
Generating histogram from key size log: key_sizes_postgresql_arrayjson_TOAST_HYPOTHESIS_zipfian_heavy_pure_run1.csv
Histogram written to histogram.txt (BlockSize = 100)
Appending subsequent iteration 67...
Iteration 67: Appended new size values from key_sizes_postgresql_arrayjson_TOAST_HYPOTHESIS_zipfian_heavy_pure_run1.csv to ../analysis/Data/Value_size_data/value_sizes_postgresql_arrayjson_TOAST_HYPOTHESIS_run1_zipfian_heavy_before_pure.csv
VACUUM start: 1777589901
VACUUM end: 1777590277
=== Setting parameter values for run phase ===
Checking query plan before run phase
=== Executing the run phase with extendproportion=0 and read/update proportions=0.5 ===
Arrangement completed. Output saved to ../analysis/Data/Workload_data/postgresql_arrayjson_TOAST_HYPOTHESIS_run1_zipfian_heavy_pure.csv
Running JSONB detoast probes for ycsb phase=post-run epoch=67
Arrangement completed. Output saved to ../analysis/Data/Workload_data/postgresql_arrayjson_TOAST_HYPOTHESIS_run1_zipfian_heavy_pure.csv
Backing up the database started
Backing up the database finished
Arrangement completed. Output saved to ../analysis/Data/Workload_data/postgresql_arrayjson_TOAST_HYPOTHESIS_run1_zipfian_heavy_pure.csv
Size computation started
Appending subsequent iteration 67...
Iteration 67: Appended new size values from key_sizes_postgresql_arrayjson_TOAST_HYPOTHESIS_zipfian_heavy_pure_run1.csv to ../analysis/Data/Value_size_data/value_sizes_postgresql_arrayjson_TOAST_HYPOTHESIS_run1_zipfian_heavy_after_pure.csv
Total size: 680000000, Field length average: 6800
Workload file fieldlength set to: 6800 (expected: 6800)
=== Executing the load phase for the comparison study ===
Comparison-load verification - Epoch:7 Run:7 TotalSize:680000000 ExpectedFieldLength:6800
Avg-run verification - Epoch:7 Run:7 Iteration:67 TotalSize:680000000 ExpectedFieldLength:6800
=== Executing the run phase with extendproportion=0 and read/update proportions=0.5 ===
Arrangement completed. Output saved to ../analysis/Data/Workload_data/postgresql_arrayjson_TOAST_HYPOTHESIS_run1_zipfian_heavy_pure.csv
=== Setting parameter values for extend phase ===
=== Executing the extend phase with extendproportion=1 and other proportions=0 ===
Arrangement completed. Output saved to ../analysis/Data/Workload_data/postgresql_arrayjson_TOAST_HYPOTHESIS_run1_zipfian_heavy_pure.csv
Size computation started
Extend verification - Min:32100 Max:25967800 Avg:69000 (Expected avg per record: ~1000 bytes initially)
Generating histogram from key size log: key_sizes_postgresql_arrayjson_TOAST_HYPOTHESIS_zipfian_heavy_pure_run1.csv
Histogram written to histogram.txt (BlockSize = 100)
Appending subsequent iteration 68...
Iteration 68: Appended new size values from key_sizes_postgresql_arrayjson_TOAST_HYPOTHESIS_zipfian_heavy_pure_run1.csv to ../analysis/Data/Value_size_data/value_sizes_postgresql_arrayjson_TOAST_HYPOTHESIS_run1_zipfian_heavy_before_pure.csv
VACUUM start: 1777591326
VACUUM end: 1777591674
=== Setting parameter values for run phase ===
Checking query plan before run phase
=== Executing the run phase with extendproportion=0 and read/update proportions=0.5 ===
Arrangement completed. Output saved to ../analysis/Data/Workload_data/postgresql_arrayjson_TOAST_HYPOTHESIS_run1_zipfian_heavy_pure.csv
Running JSONB detoast probes for ycsb phase=post-run epoch=68
Arrangement completed. Output saved to ../analysis/Data/Workload_data/postgresql_arrayjson_TOAST_HYPOTHESIS_run1_zipfian_heavy_pure.csv
Backing up the database started
Backing up the database finished
Arrangement completed. Output saved to ../analysis/Data/Workload_data/postgresql_arrayjson_TOAST_HYPOTHESIS_run1_zipfian_heavy_pure.csv
Size computation started
Appending subsequent iteration 68...
Iteration 68: Appended new size values from key_sizes_postgresql_arrayjson_TOAST_HYPOTHESIS_zipfian_heavy_pure_run1.csv to ../analysis/Data/Value_size_data/value_sizes_postgresql_arrayjson_TOAST_HYPOTHESIS_run1_zipfian_heavy_after_pure.csv
Total size: 690000000, Field length average: 6900
Workload file fieldlength set to: 6900 (expected: 6900)
=== Executing the load phase for the comparison study ===
Comparison-load verification - Epoch:7 Run:8 TotalSize:690000000 ExpectedFieldLength:6900
Avg-run verification - Epoch:7 Run:8 Iteration:68 TotalSize:690000000 ExpectedFieldLength:6900
=== Executing the run phase with extendproportion=0 and read/update proportions=0.5 ===
Arrangement completed. Output saved to ../analysis/Data/Workload_data/postgresql_arrayjson_TOAST_HYPOTHESIS_run1_zipfian_heavy_pure.csv
=== Setting parameter values for extend phase ===
=== Executing the extend phase with extendproportion=1 and other proportions=0 ===
Arrangement completed. Output saved to ../analysis/Data/Workload_data/postgresql_arrayjson_TOAST_HYPOTHESIS_run1_zipfian_heavy_pure.csv
Size computation started
Extend verification - Min:32400 Max:26338400 Avg:70000 (Expected avg per record: ~1000 bytes initially)
Generating histogram from key size log: key_sizes_postgresql_arrayjson_TOAST_HYPOTHESIS_zipfian_heavy_pure_run1.csv
Histogram written to histogram.txt (BlockSize = 100)
Appending subsequent iteration 69...
Iteration 69: Appended new size values from key_sizes_postgresql_arrayjson_TOAST_HYPOTHESIS_zipfian_heavy_pure_run1.csv to ../analysis/Data/Value_size_data/value_sizes_postgresql_arrayjson_TOAST_HYPOTHESIS_run1_zipfian_heavy_before_pure.csv
VACUUM start: 1777592712
VACUUM end: 1777593066
=== Setting parameter values for run phase ===
Checking query plan before run phase
=== Executing the run phase with extendproportion=0 and read/update proportions=0.5 ===
Arrangement completed. Output saved to ../analysis/Data/Workload_data/postgresql_arrayjson_TOAST_HYPOTHESIS_run1_zipfian_heavy_pure.csv
Running JSONB detoast probes for ycsb phase=post-run epoch=69
Arrangement completed. Output saved to ../analysis/Data/Workload_data/postgresql_arrayjson_TOAST_HYPOTHESIS_run1_zipfian_heavy_pure.csv
Backing up the database started
Backing up the database finished
Arrangement completed. Output saved to ../analysis/Data/Workload_data/postgresql_arrayjson_TOAST_HYPOTHESIS_run1_zipfian_heavy_pure.csv
Size computation started
Appending subsequent iteration 69...
Iteration 69: Appended new size values from key_sizes_postgresql_arrayjson_TOAST_HYPOTHESIS_zipfian_heavy_pure_run1.csv to ../analysis/Data/Value_size_data/value_sizes_postgresql_arrayjson_TOAST_HYPOTHESIS_run1_zipfian_heavy_after_pure.csv
Total size: 700000000, Field length average: 7000
Workload file fieldlength set to: 7000 (expected: 7000)
=== Executing the load phase for the comparison study ===
Comparison-load verification - Epoch:7 Run:9 TotalSize:700000000 ExpectedFieldLength:7000
Avg-run verification - Epoch:7 Run:9 Iteration:69 TotalSize:700000000 ExpectedFieldLength:7000
=== Executing the run phase with extendproportion=0 and read/update proportions=0.5 ===
Arrangement completed. Output saved to ../analysis/Data/Workload_data/postgresql_arrayjson_TOAST_HYPOTHESIS_run1_zipfian_heavy_pure.csv
=== Setting parameter values for extend phase ===
=== Executing the extend phase with extendproportion=1 and other proportions=0 ===
Arrangement completed. Output saved to ../analysis/Data/Workload_data/postgresql_arrayjson_TOAST_HYPOTHESIS_run1_zipfian_heavy_pure.csv
Size computation started
Extend verification - Min:32900 Max:26719200 Avg:71000 (Expected avg per record: ~1000 bytes initially)
Generating histogram from key size log: key_sizes_postgresql_arrayjson_TOAST_HYPOTHESIS_zipfian_heavy_pure_run1.csv
Histogram written to histogram.txt (BlockSize = 100)
Appending subsequent iteration 70...
Iteration 70: Appended new size values from key_sizes_postgresql_arrayjson_TOAST_HYPOTHESIS_zipfian_heavy_pure_run1.csv to ../analysis/Data/Value_size_data/value_sizes_postgresql_arrayjson_TOAST_HYPOTHESIS_run1_zipfian_heavy_before_pure.csv
VACUUM start: 1777594137
VACUUM end: 1777594505
=== Setting parameter values for run phase ===
Checking query plan before run phase
=== Executing the run phase with extendproportion=0 and read/update proportions=0.5 ===
Arrangement completed. Output saved to ../analysis/Data/Workload_data/postgresql_arrayjson_TOAST_HYPOTHESIS_run1_zipfian_heavy_pure.csv
Running JSONB detoast probes for ycsb phase=post-run epoch=70
Arrangement completed. Output saved to ../analysis/Data/Workload_data/postgresql_arrayjson_TOAST_HYPOTHESIS_run1_zipfian_heavy_pure.csv
Backing up the database started
Backing up the database finished
Arrangement completed. Output saved to ../analysis/Data/Workload_data/postgresql_arrayjson_TOAST_HYPOTHESIS_run1_zipfian_heavy_pure.csv
Size computation started
Appending subsequent iteration 70...
Iteration 70: Appended new size values from key_sizes_postgresql_arrayjson_TOAST_HYPOTHESIS_zipfian_heavy_pure_run1.csv to ../analysis/Data/Value_size_data/value_sizes_postgresql_arrayjson_TOAST_HYPOTHESIS_run1_zipfian_heavy_after_pure.csv
Total size: 710000000, Field length average: 7100
Workload file fieldlength set to: 7100 (expected: 7100)
=== Executing the load phase for the comparison study ===
Comparison-load verification - Epoch:7 Run:10 TotalSize:710000000 ExpectedFieldLength:7100
Avg-run verification - Epoch:7 Run:10 Iteration:70 TotalSize:710000000 ExpectedFieldLength:7100
=== Executing the run phase with extendproportion=0 and read/update proportions=0.5 ===
Arrangement completed. Output saved to ../analysis/Data/Workload_data/postgresql_arrayjson_TOAST_HYPOTHESIS_run1_zipfian_heavy_pure.csv
=== Setting parameter values for extend phase ===
=== Executing the extend phase with extendproportion=1 and other proportions=0 ===
Arrangement completed. Output saved to ../analysis/Data/Workload_data/postgresql_arrayjson_TOAST_HYPOTHESIS_run1_zipfian_heavy_pure.csv
Size computation started
Extend verification - Min:33500 Max:27105900 Avg:72000 (Expected avg per record: ~1000 bytes initially)
Generating histogram from key size log: key_sizes_postgresql_arrayjson_TOAST_HYPOTHESIS_zipfian_heavy_pure_run1.csv
Histogram written to histogram.txt (BlockSize = 100)
Appending subsequent iteration 71...
Iteration 71: Appended new size values from key_sizes_postgresql_arrayjson_TOAST_HYPOTHESIS_zipfian_heavy_pure_run1.csv to ../analysis/Data/Value_size_data/value_sizes_postgresql_arrayjson_TOAST_HYPOTHESIS_run1_zipfian_heavy_before_pure.csv
VACUUM start: 1777595583
VACUUM end: 1777596012
=== Setting parameter values for run phase ===
Checking query plan before run phase
=== Executing the run phase with extendproportion=0 and read/update proportions=0.5 ===
Arrangement completed. Output saved to ../analysis/Data/Workload_data/postgresql_arrayjson_TOAST_HYPOTHESIS_run1_zipfian_heavy_pure.csv
Running JSONB detoast probes for ycsb phase=post-run epoch=71
Arrangement completed. Output saved to ../analysis/Data/Workload_data/postgresql_arrayjson_TOAST_HYPOTHESIS_run1_zipfian_heavy_pure.csv
Backing up the database started
Backing up the database finished
Arrangement completed. Output saved to ../analysis/Data/Workload_data/postgresql_arrayjson_TOAST_HYPOTHESIS_run1_zipfian_heavy_pure.csv
Size computation started
Appending subsequent iteration 71...
Iteration 71: Appended new size values from key_sizes_postgresql_arrayjson_TOAST_HYPOTHESIS_zipfian_heavy_pure_run1.csv to ../analysis/Data/Value_size_data/value_sizes_postgresql_arrayjson_TOAST_HYPOTHESIS_run1_zipfian_heavy_after_pure.csv
Total size: 720000000, Field length average: 7200
Workload file fieldlength set to: 7200 (expected: 7200)
=== Executing the load phase for the comparison study ===
Comparison-load verification - Epoch:8 Run:1 TotalSize:720000000 ExpectedFieldLength:7200
Avg-run verification - Epoch:8 Run:1 Iteration:71 TotalSize:720000000 ExpectedFieldLength:7200
=== Executing the run phase with extendproportion=0 and read/update proportions=0.5 ===
Arrangement completed. Output saved to ../analysis/Data/Workload_data/postgresql_arrayjson_TOAST_HYPOTHESIS_run1_zipfian_heavy_pure.csv
=== Setting parameter values for extend phase ===
=== Executing the extend phase with extendproportion=1 and other proportions=0 ===
Arrangement completed. Output saved to ../analysis/Data/Workload_data/postgresql_arrayjson_TOAST_HYPOTHESIS_run1_zipfian_heavy_pure.csv
Size computation started
Extend verification - Min:34000 Max:27479500 Avg:73000 (Expected avg per record: ~1000 bytes initially)
Generating histogram from key size log: key_sizes_postgresql_arrayjson_TOAST_HYPOTHESIS_zipfian_heavy_pure_run1.csv
Histogram written to histogram.txt (BlockSize = 100)
Appending subsequent iteration 72...
Iteration 72: Appended new size values from key_sizes_postgresql_arrayjson_TOAST_HYPOTHESIS_zipfian_heavy_pure_run1.csv to ../analysis/Data/Value_size_data/value_sizes_postgresql_arrayjson_TOAST_HYPOTHESIS_run1_zipfian_heavy_before_pure.csv
VACUUM start: 1777597095
VACUUM end: 1777597496
=== Setting parameter values for run phase ===
Checking query plan before run phase
=== Executing the run phase with extendproportion=0 and read/update proportions=0.5 ===
Arrangement completed. Output saved to ../analysis/Data/Workload_data/postgresql_arrayjson_TOAST_HYPOTHESIS_run1_zipfian_heavy_pure.csv
Running JSONB detoast probes for ycsb phase=post-run epoch=72
Arrangement completed. Output saved to ../analysis/Data/Workload_data/postgresql_arrayjson_TOAST_HYPOTHESIS_run1_zipfian_heavy_pure.csv
Backing up the database started
Backing up the database finished
Arrangement completed. Output saved to ../analysis/Data/Workload_data/postgresql_arrayjson_TOAST_HYPOTHESIS_run1_zipfian_heavy_pure.csv
Size computation started
Appending subsequent iteration 72...
Iteration 72: Appended new size values from key_sizes_postgresql_arrayjson_TOAST_HYPOTHESIS_zipfian_heavy_pure_run1.csv to ../analysis/Data/Value_size_data/value_sizes_postgresql_arrayjson_TOAST_HYPOTHESIS_run1_zipfian_heavy_after_pure.csv
Total size: 730000000, Field length average: 7300
Workload file fieldlength set to: 7300 (expected: 7300)
=== Executing the load phase for the comparison study ===
Comparison-load verification - Epoch:8 Run:2 TotalSize:730000000 ExpectedFieldLength:7300
Avg-run verification - Epoch:8 Run:2 Iteration:72 TotalSize:730000000 ExpectedFieldLength:7300
=== Executing the run phase with extendproportion=0 and read/update proportions=0.5 ===
Arrangement completed. Output saved to ../analysis/Data/Workload_data/postgresql_arrayjson_TOAST_HYPOTHESIS_run1_zipfian_heavy_pure.csv
=== Setting parameter values for extend phase ===
=== Executing the extend phase with extendproportion=1 and other proportions=0 ===
Arrangement completed. Output saved to ../analysis/Data/Workload_data/postgresql_arrayjson_TOAST_HYPOTHESIS_run1_zipfian_heavy_pure.csv
Size computation started
Extend verification - Min:34100 Max:27852500 Avg:74000 (Expected avg per record: ~1000 bytes initially)
Generating histogram from key size log: key_sizes_postgresql_arrayjson_TOAST_HYPOTHESIS_zipfian_heavy_pure_run1.csv
Histogram written to histogram.txt (BlockSize = 100)
Appending subsequent iteration 73...
Iteration 73: Appended new size values from key_sizes_postgresql_arrayjson_TOAST_HYPOTHESIS_zipfian_heavy_pure_run1.csv to ../analysis/Data/Value_size_data/value_sizes_postgresql_arrayjson_TOAST_HYPOTHESIS_run1_zipfian_heavy_before_pure.csv
VACUUM start: 1777598600
VACUUM end: 1777598980
=== Setting parameter values for run phase ===
Checking query plan before run phase
=== Executing the run phase with extendproportion=0 and read/update proportions=0.5 ===
Arrangement completed. Output saved to ../analysis/Data/Workload_data/postgresql_arrayjson_TOAST_HYPOTHESIS_run1_zipfian_heavy_pure.csv
Running JSONB detoast probes for ycsb phase=post-run epoch=73
Arrangement completed. Output saved to ../analysis/Data/Workload_data/postgresql_arrayjson_TOAST_HYPOTHESIS_run1_zipfian_heavy_pure.csv
Backing up the database started
Backing up the database finished
Arrangement completed. Output saved to ../analysis/Data/Workload_data/postgresql_arrayjson_TOAST_HYPOTHESIS_run1_zipfian_heavy_pure.csv
Size computation started
Appending subsequent iteration 73...
Iteration 73: Appended new size values from key_sizes_postgresql_arrayjson_TOAST_HYPOTHESIS_zipfian_heavy_pure_run1.csv to ../analysis/Data/Value_size_data/value_sizes_postgresql_arrayjson_TOAST_HYPOTHESIS_run1_zipfian_heavy_after_pure.csv
Total size: 740000000, Field length average: 7400
Workload file fieldlength set to: 7400 (expected: 7400)
=== Executing the load phase for the comparison study ===
Comparison-load verification - Epoch:8 Run:3 TotalSize:740000000 ExpectedFieldLength:7400
Avg-run verification - Epoch:8 Run:3 Iteration:73 TotalSize:740000000 ExpectedFieldLength:7400
=== Executing the run phase with extendproportion=0 and read/update proportions=0.5 ===
Arrangement completed. Output saved to ../analysis/Data/Workload_data/postgresql_arrayjson_TOAST_HYPOTHESIS_run1_zipfian_heavy_pure.csv
=== Setting parameter values for extend phase ===
=== Executing the extend phase with extendproportion=1 and other proportions=0 ===
Arrangement completed. Output saved to ../analysis/Data/Workload_data/postgresql_arrayjson_TOAST_HYPOTHESIS_run1_zipfian_heavy_pure.csv
Size computation started
Extend verification - Min:34300 Max:28231600 Avg:75000 (Expected avg per record: ~1000 bytes initially)
Generating histogram from key size log: key_sizes_postgresql_arrayjson_TOAST_HYPOTHESIS_zipfian_heavy_pure_run1.csv
Histogram written to histogram.txt (BlockSize = 100)
Appending subsequent iteration 74...
Iteration 74: Appended new size values from key_sizes_postgresql_arrayjson_TOAST_HYPOTHESIS_zipfian_heavy_pure_run1.csv to ../analysis/Data/Value_size_data/value_sizes_postgresql_arrayjson_TOAST_HYPOTHESIS_run1_zipfian_heavy_before_pure.csv
VACUUM start: 1777600154
VACUUM end: 1777600577
=== Setting parameter values for run phase ===
Checking query plan before run phase
=== Executing the run phase with extendproportion=0 and read/update proportions=0.5 ===
Arrangement completed. Output saved to ../analysis/Data/Workload_data/postgresql_arrayjson_TOAST_HYPOTHESIS_run1_zipfian_heavy_pure.csv
Running JSONB detoast probes for ycsb phase=post-run epoch=74
Arrangement completed. Output saved to ../analysis/Data/Workload_data/postgresql_arrayjson_TOAST_HYPOTHESIS_run1_zipfian_heavy_pure.csv
Backing up the database started
Backing up the database finished
Arrangement completed. Output saved to ../analysis/Data/Workload_data/postgresql_arrayjson_TOAST_HYPOTHESIS_run1_zipfian_heavy_pure.csv
Size computation started
Appending subsequent iteration 74...
Iteration 74: Appended new size values from key_sizes_postgresql_arrayjson_TOAST_HYPOTHESIS_zipfian_heavy_pure_run1.csv to ../analysis/Data/Value_size_data/value_sizes_postgresql_arrayjson_TOAST_HYPOTHESIS_run1_zipfian_heavy_after_pure.csv
Total size: 750000000, Field length average: 7500
Workload file fieldlength set to: 7500 (expected: 7500)
=== Executing the load phase for the comparison study ===
Comparison-load verification - Epoch:8 Run:4 TotalSize:750000000 ExpectedFieldLength:7500
Avg-run verification - Epoch:8 Run:4 Iteration:74 TotalSize:750000000 ExpectedFieldLength:7500
=== Executing the run phase with extendproportion=0 and read/update proportions=0.5 ===
Arrangement completed. Output saved to ../analysis/Data/Workload_data/postgresql_arrayjson_TOAST_HYPOTHESIS_run1_zipfian_heavy_pure.csv
=== Setting parameter values for extend phase ===
=== Executing the extend phase with extendproportion=1 and other proportions=0 ===
Arrangement completed. Output saved to ../analysis/Data/Workload_data/postgresql_arrayjson_TOAST_HYPOTHESIS_run1_zipfian_heavy_pure.csv
Size computation started
Extend verification - Min:35200 Max:28609000 Avg:76000 (Expected avg per record: ~1000 bytes initially)
Generating histogram from key size log: key_sizes_postgresql_arrayjson_TOAST_HYPOTHESIS_zipfian_heavy_pure_run1.csv
Histogram written to histogram.txt (BlockSize = 100)
Appending subsequent iteration 75...
Iteration 75: Appended new size values from key_sizes_postgresql_arrayjson_TOAST_HYPOTHESIS_zipfian_heavy_pure_run1.csv to ../analysis/Data/Value_size_data/value_sizes_postgresql_arrayjson_TOAST_HYPOTHESIS_run1_zipfian_heavy_before_pure.csv
VACUUM start: 1777601724
VACUUM end: 1777602150
=== Setting parameter values for run phase ===
Checking query plan before run phase
=== Executing the run phase with extendproportion=0 and read/update proportions=0.5 ===
Arrangement completed. Output saved to ../analysis/Data/Workload_data/postgresql_arrayjson_TOAST_HYPOTHESIS_run1_zipfian_heavy_pure.csv
Running JSONB detoast probes for ycsb phase=post-run epoch=75
Arrangement completed. Output saved to ../analysis/Data/Workload_data/postgresql_arrayjson_TOAST_HYPOTHESIS_run1_zipfian_heavy_pure.csv
Backing up the database started
Backing up the database finished
Arrangement completed. Output saved to ../analysis/Data/Workload_data/postgresql_arrayjson_TOAST_HYPOTHESIS_run1_zipfian_heavy_pure.csv
Size computation started
Appending subsequent iteration 75...
Iteration 75: Appended new size values from key_sizes_postgresql_arrayjson_TOAST_HYPOTHESIS_zipfian_heavy_pure_run1.csv to ../analysis/Data/Value_size_data/value_sizes_postgresql_arrayjson_TOAST_HYPOTHESIS_run1_zipfian_heavy_after_pure.csv
Total size: 760000000, Field length average: 7600
Workload file fieldlength set to: 7600 (expected: 7600)
=== Executing the load phase for the comparison study ===
Comparison-load verification - Epoch:8 Run:5 TotalSize:760000000 ExpectedFieldLength:7600
Avg-run verification - Epoch:8 Run:5 Iteration:75 TotalSize:760000000 ExpectedFieldLength:7600
=== Executing the run phase with extendproportion=0 and read/update proportions=0.5 ===
Arrangement completed. Output saved to ../analysis/Data/Workload_data/postgresql_arrayjson_TOAST_HYPOTHESIS_run1_zipfian_heavy_pure.csv
=== Setting parameter values for extend phase ===
=== Executing the extend phase with extendproportion=1 and other proportions=0 ===
Arrangement completed. Output saved to ../analysis/Data/Workload_data/postgresql_arrayjson_TOAST_HYPOTHESIS_run1_zipfian_heavy_pure.csv
Size computation started
Extend verification - Min:35700 Max:29001700 Avg:77000 (Expected avg per record: ~1000 bytes initially)
Generating histogram from key size log: key_sizes_postgresql_arrayjson_TOAST_HYPOTHESIS_zipfian_heavy_pure_run1.csv
Histogram written to histogram.txt (BlockSize = 100)
Appending subsequent iteration 76...
Iteration 76: Appended new size values from key_sizes_postgresql_arrayjson_TOAST_HYPOTHESIS_zipfian_heavy_pure_run1.csv to ../analysis/Data/Value_size_data/value_sizes_postgresql_arrayjson_TOAST_HYPOTHESIS_run1_zipfian_heavy_before_pure.csv
VACUUM start: 1777603306
VACUUM end: 1777603746
=== Setting parameter values for run phase ===
Checking query plan before run phase
=== Executing the run phase with extendproportion=0 and read/update proportions=0.5 ===
Arrangement completed. Output saved to ../analysis/Data/Workload_data/postgresql_arrayjson_TOAST_HYPOTHESIS_run1_zipfian_heavy_pure.csv
Running JSONB detoast probes for ycsb phase=post-run epoch=76
Arrangement completed. Output saved to ../analysis/Data/Workload_data/postgresql_arrayjson_TOAST_HYPOTHESIS_run1_zipfian_heavy_pure.csv
Backing up the database started
Backing up the database finished
Arrangement completed. Output saved to ../analysis/Data/Workload_data/postgresql_arrayjson_TOAST_HYPOTHESIS_run1_zipfian_heavy_pure.csv
Size computation started
Appending subsequent iteration 76...
Iteration 76: Appended new size values from key_sizes_postgresql_arrayjson_TOAST_HYPOTHESIS_zipfian_heavy_pure_run1.csv to ../analysis/Data/Value_size_data/value_sizes_postgresql_arrayjson_TOAST_HYPOTHESIS_run1_zipfian_heavy_after_pure.csv
Total size: 770000000, Field length average: 7700
Workload file fieldlength set to: 7700 (expected: 7700)
=== Executing the load phase for the comparison study ===
Comparison-load verification - Epoch:8 Run:6 TotalSize:770000000 ExpectedFieldLength:7700
Avg-run verification - Epoch:8 Run:6 Iteration:76 TotalSize:770000000 ExpectedFieldLength:7700
=== Executing the run phase with extendproportion=0 and read/update proportions=0.5 ===
Arrangement completed. Output saved to ../analysis/Data/Workload_data/postgresql_arrayjson_TOAST_HYPOTHESIS_run1_zipfian_heavy_pure.csv
=== Setting parameter values for extend phase ===
=== Executing the extend phase with extendproportion=1 and other proportions=0 ===
Arrangement completed. Output saved to ../analysis/Data/Workload_data/postgresql_arrayjson_TOAST_HYPOTHESIS_run1_zipfian_heavy_pure.csv
Size computation started
Extend verification - Min:36200 Max:29383300 Avg:78000 (Expected avg per record: ~1000 bytes initially)
Generating histogram from key size log: key_sizes_postgresql_arrayjson_TOAST_HYPOTHESIS_zipfian_heavy_pure_run1.csv
Histogram written to histogram.txt (BlockSize = 100)
Appending subsequent iteration 77...
Iteration 77: Appended new size values from key_sizes_postgresql_arrayjson_TOAST_HYPOTHESIS_zipfian_heavy_pure_run1.csv to ../analysis/Data/Value_size_data/value_sizes_postgresql_arrayjson_TOAST_HYPOTHESIS_run1_zipfian_heavy_before_pure.csv
VACUUM start: 1777604922
VACUUM end: 1777605364
=== Setting parameter values for run phase ===
Checking query plan before run phase
=== Executing the run phase with extendproportion=0 and read/update proportions=0.5 ===
Arrangement completed. Output saved to ../analysis/Data/Workload_data/postgresql_arrayjson_TOAST_HYPOTHESIS_run1_zipfian_heavy_pure.csv
Running JSONB detoast probes for ycsb phase=post-run epoch=77
Arrangement completed. Output saved to ../analysis/Data/Workload_data/postgresql_arrayjson_TOAST_HYPOTHESIS_run1_zipfian_heavy_pure.csv
Backing up the database started
Backing up the database finished
Arrangement completed. Output saved to ../analysis/Data/Workload_data/postgresql_arrayjson_TOAST_HYPOTHESIS_run1_zipfian_heavy_pure.csv
Size computation started
Appending subsequent iteration 77...
Iteration 77: Appended new size values from key_sizes_postgresql_arrayjson_TOAST_HYPOTHESIS_zipfian_heavy_pure_run1.csv to ../analysis/Data/Value_size_data/value_sizes_postgresql_arrayjson_TOAST_HYPOTHESIS_run1_zipfian_heavy_after_pure.csv
Total size: 780000000, Field length average: 7800
Workload file fieldlength set to: 7800 (expected: 7800)
=== Executing the load phase for the comparison study ===
Comparison-load verification - Epoch:8 Run:7 TotalSize:780000000 ExpectedFieldLength:7800
Avg-run verification - Epoch:8 Run:7 Iteration:77 TotalSize:780000000 ExpectedFieldLength:7800
=== Executing the run phase with extendproportion=0 and read/update proportions=0.5 ===
Arrangement completed. Output saved to ../analysis/Data/Workload_data/postgresql_arrayjson_TOAST_HYPOTHESIS_run1_zipfian_heavy_pure.csv
=== Setting parameter values for extend phase ===
=== Executing the extend phase with extendproportion=1 and other proportions=0 ===
Arrangement completed. Output saved to ../analysis/Data/Workload_data/postgresql_arrayjson_TOAST_HYPOTHESIS_run1_zipfian_heavy_pure.csv
Size computation started
Extend verification - Min:36500 Max:29768800 Avg:79000 (Expected avg per record: ~1000 bytes initially)
Generating histogram from key size log: key_sizes_postgresql_arrayjson_TOAST_HYPOTHESIS_zipfian_heavy_pure_run1.csv
Histogram written to histogram.txt (BlockSize = 100)
Appending subsequent iteration 78...
Iteration 78: Appended new size values from key_sizes_postgresql_arrayjson_TOAST_HYPOTHESIS_zipfian_heavy_pure_run1.csv to ../analysis/Data/Value_size_data/value_sizes_postgresql_arrayjson_TOAST_HYPOTHESIS_run1_zipfian_heavy_before_pure.csv
VACUUM start: 1777606621
VACUUM end: 1777607117
=== Setting parameter values for run phase ===
Checking query plan before run phase
=== Executing the run phase with extendproportion=0 and read/update proportions=0.5 ===
Arrangement completed. Output saved to ../analysis/Data/Workload_data/postgresql_arrayjson_TOAST_HYPOTHESIS_run1_zipfian_heavy_pure.csv
Running JSONB detoast probes for ycsb phase=post-run epoch=78
Arrangement completed. Output saved to ../analysis/Data/Workload_data/postgresql_arrayjson_TOAST_HYPOTHESIS_run1_zipfian_heavy_pure.csv
Backing up the database started
Backing up the database finished
Arrangement completed. Output saved to ../analysis/Data/Workload_data/postgresql_arrayjson_TOAST_HYPOTHESIS_run1_zipfian_heavy_pure.csv
Size computation started
Appending subsequent iteration 78...
Iteration 78: Appended new size values from key_sizes_postgresql_arrayjson_TOAST_HYPOTHESIS_zipfian_heavy_pure_run1.csv to ../analysis/Data/Value_size_data/value_sizes_postgresql_arrayjson_TOAST_HYPOTHESIS_run1_zipfian_heavy_after_pure.csv
Total size: 790000000, Field length average: 7900
Workload file fieldlength set to: 7900 (expected: 7900)
=== Executing the load phase for the comparison study ===
Comparison-load verification - Epoch:8 Run:8 TotalSize:790000000 ExpectedFieldLength:7900
Avg-run verification - Epoch:8 Run:8 Iteration:78 TotalSize:790000000 ExpectedFieldLength:7900
=== Executing the run phase with extendproportion=0 and read/update proportions=0.5 ===
Arrangement completed. Output saved to ../analysis/Data/Workload_data/postgresql_arrayjson_TOAST_HYPOTHESIS_run1_zipfian_heavy_pure.csv
=== Setting parameter values for extend phase ===
=== Executing the extend phase with extendproportion=1 and other proportions=0 ===
Arrangement completed. Output saved to ../analysis/Data/Workload_data/postgresql_arrayjson_TOAST_HYPOTHESIS_run1_zipfian_heavy_pure.csv
Size computation started
Extend verification - Min:36900 Max:30149700 Avg:80000 (Expected avg per record: ~1000 bytes initially)
Generating histogram from key size log: key_sizes_postgresql_arrayjson_TOAST_HYPOTHESIS_zipfian_heavy_pure_run1.csv
Histogram written to histogram.txt (BlockSize = 100)
Appending subsequent iteration 79...
Iteration 79: Appended new size values from key_sizes_postgresql_arrayjson_TOAST_HYPOTHESIS_zipfian_heavy_pure_run1.csv to ../analysis/Data/Value_size_data/value_sizes_postgresql_arrayjson_TOAST_HYPOTHESIS_run1_zipfian_heavy_before_pure.csv
VACUUM start: 1777608402
VACUUM end: 1777608901
=== Setting parameter values for run phase ===
Checking query plan before run phase
=== Executing the run phase with extendproportion=0 and read/update proportions=0.5 ===
Arrangement completed. Output saved to ../analysis/Data/Workload_data/postgresql_arrayjson_TOAST_HYPOTHESIS_run1_zipfian_heavy_pure.csv
Running JSONB detoast probes for ycsb phase=post-run epoch=79
Arrangement completed. Output saved to ../analysis/Data/Workload_data/postgresql_arrayjson_TOAST_HYPOTHESIS_run1_zipfian_heavy_pure.csv
Backing up the database started
Backing up the database finished
Arrangement completed. Output saved to ../analysis/Data/Workload_data/postgresql_arrayjson_TOAST_HYPOTHESIS_run1_zipfian_heavy_pure.csv
Size computation started
Appending subsequent iteration 79...
Iteration 79: Appended new size values from key_sizes_postgresql_arrayjson_TOAST_HYPOTHESIS_zipfian_heavy_pure_run1.csv to ../analysis/Data/Value_size_data/value_sizes_postgresql_arrayjson_TOAST_HYPOTHESIS_run1_zipfian_heavy_after_pure.csv
Total size: 800000000, Field length average: 8000
Workload file fieldlength set to: 8000 (expected: 8000)
=== Executing the load phase for the comparison study ===
Comparison-load verification - Epoch:8 Run:9 TotalSize:800000000 ExpectedFieldLength:8000
Avg-run verification - Epoch:8 Run:9 Iteration:79 TotalSize:800000000 ExpectedFieldLength:8000
=== Executing the run phase with extendproportion=0 and read/update proportions=0.5 ===
Arrangement completed. Output saved to ../analysis/Data/Workload_data/postgresql_arrayjson_TOAST_HYPOTHESIS_run1_zipfian_heavy_pure.csv
=== Setting parameter values for extend phase ===
=== Executing the extend phase with extendproportion=1 and other proportions=0 ===
Arrangement completed. Output saved to ../analysis/Data/Workload_data/postgresql_arrayjson_TOAST_HYPOTHESIS_run1_zipfian_heavy_pure.csv
Size computation started
Extend verification - Min:37900 Max:30529200 Avg:81000 (Expected avg per record: ~1000 bytes initially)
Generating histogram from key size log: key_sizes_postgresql_arrayjson_TOAST_HYPOTHESIS_zipfian_heavy_pure_run1.csv
Histogram written to histogram.txt (BlockSize = 100)
Appending subsequent iteration 80...
Iteration 80: Appended new size values from key_sizes_postgresql_arrayjson_TOAST_HYPOTHESIS_zipfian_heavy_pure_run1.csv to ../analysis/Data/Value_size_data/value_sizes_postgresql_arrayjson_TOAST_HYPOTHESIS_run1_zipfian_heavy_before_pure.csv
VACUUM start: 1777610127
VACUUM end: 1777610579
=== Setting parameter values for run phase ===
Checking query plan before run phase
=== Executing the run phase with extendproportion=0 and read/update proportions=0.5 ===
Arrangement completed. Output saved to ../analysis/Data/Workload_data/postgresql_arrayjson_TOAST_HYPOTHESIS_run1_zipfian_heavy_pure.csv
Running JSONB detoast probes for ycsb phase=post-run epoch=80
Arrangement completed. Output saved to ../analysis/Data/Workload_data/postgresql_arrayjson_TOAST_HYPOTHESIS_run1_zipfian_heavy_pure.csv
Backing up the database started
Backing up the database finished
Arrangement completed. Output saved to ../analysis/Data/Workload_data/postgresql_arrayjson_TOAST_HYPOTHESIS_run1_zipfian_heavy_pure.csv
Size computation started
Appending subsequent iteration 80...
Iteration 80: Appended new size values from key_sizes_postgresql_arrayjson_TOAST_HYPOTHESIS_zipfian_heavy_pure_run1.csv to ../analysis/Data/Value_size_data/value_sizes_postgresql_arrayjson_TOAST_HYPOTHESIS_run1_zipfian_heavy_after_pure.csv
Total size: 810000000, Field length average: 8100
Workload file fieldlength set to: 8100 (expected: 8100)
=== Executing the load phase for the comparison study ===
Comparison-load verification - Epoch:8 Run:10 TotalSize:810000000 ExpectedFieldLength:8100
Avg-run verification - Epoch:8 Run:10 Iteration:80 TotalSize:810000000 ExpectedFieldLength:8100
=== Executing the run phase with extendproportion=0 and read/update proportions=0.5 ===
Arrangement completed. Output saved to ../analysis/Data/Workload_data/postgresql_arrayjson_TOAST_HYPOTHESIS_run1_zipfian_heavy_pure.csv
=== Setting parameter values for extend phase ===
=== Executing the extend phase with extendproportion=1 and other proportions=0 ===
Arrangement completed. Output saved to ../analysis/Data/Workload_data/postgresql_arrayjson_TOAST_HYPOTHESIS_run1_zipfian_heavy_pure.csv
Size computation started
Extend verification - Min:38400 Max:30912100 Avg:82000 (Expected avg per record: ~1000 bytes initially)
Generating histogram from key size log: key_sizes_postgresql_arrayjson_TOAST_HYPOTHESIS_zipfian_heavy_pure_run1.csv
Histogram written to histogram.txt (BlockSize = 100)
Appending subsequent iteration 81...
Iteration 81: Appended new size values from key_sizes_postgresql_arrayjson_TOAST_HYPOTHESIS_zipfian_heavy_pure_run1.csv to ../analysis/Data/Value_size_data/value_sizes_postgresql_arrayjson_TOAST_HYPOTHESIS_run1_zipfian_heavy_before_pure.csv
VACUUM start: 1777611883
VACUUM end: 1777612373
=== Setting parameter values for run phase ===
Checking query plan before run phase
=== Executing the run phase with extendproportion=0 and read/update proportions=0.5 ===
Arrangement completed. Output saved to ../analysis/Data/Workload_data/postgresql_arrayjson_TOAST_HYPOTHESIS_run1_zipfian_heavy_pure.csv
Running JSONB detoast probes for ycsb phase=post-run epoch=81
Arrangement completed. Output saved to ../analysis/Data/Workload_data/postgresql_arrayjson_TOAST_HYPOTHESIS_run1_zipfian_heavy_pure.csv
Backing up the database started
Backing up the database finished
Arrangement completed. Output saved to ../analysis/Data/Workload_data/postgresql_arrayjson_TOAST_HYPOTHESIS_run1_zipfian_heavy_pure.csv
Size computation started
Appending subsequent iteration 81...
Iteration 81: Appended new size values from key_sizes_postgresql_arrayjson_TOAST_HYPOTHESIS_zipfian_heavy_pure_run1.csv to ../analysis/Data/Value_size_data/value_sizes_postgresql_arrayjson_TOAST_HYPOTHESIS_run1_zipfian_heavy_after_pure.csv
Total size: 820000000, Field length average: 8200
Workload file fieldlength set to: 8200 (expected: 8200)
=== Executing the load phase for the comparison study ===
Comparison-load verification - Epoch:9 Run:1 TotalSize:820000000 ExpectedFieldLength:8200
Avg-run verification - Epoch:9 Run:1 Iteration:81 TotalSize:820000000 ExpectedFieldLength:8200
=== Executing the run phase with extendproportion=0 and read/update proportions=0.5 ===
Arrangement completed. Output saved to ../analysis/Data/Workload_data/postgresql_arrayjson_TOAST_HYPOTHESIS_run1_zipfian_heavy_pure.csv
=== Setting parameter values for extend phase ===
=== Executing the extend phase with extendproportion=1 and other proportions=0 ===
Arrangement completed. Output saved to ../analysis/Data/Workload_data/postgresql_arrayjson_TOAST_HYPOTHESIS_run1_zipfian_heavy_pure.csv
Size computation started
Extend verification - Min:38800 Max:31289700 Avg:83000 (Expected avg per record: ~1000 bytes initially)
Generating histogram from key size log: key_sizes_postgresql_arrayjson_TOAST_HYPOTHESIS_zipfian_heavy_pure_run1.csv
Histogram written to histogram.txt (BlockSize = 100)
Appending subsequent iteration 82...
Iteration 82: Appended new size values from key_sizes_postgresql_arrayjson_TOAST_HYPOTHESIS_zipfian_heavy_pure_run1.csv to ../analysis/Data/Value_size_data/value_sizes_postgresql_arrayjson_TOAST_HYPOTHESIS_run1_zipfian_heavy_before_pure.csv
VACUUM start: 1777613651
VACUUM end: 1777614131
=== Setting parameter values for run phase ===
Checking query plan before run phase
=== Executing the run phase with extendproportion=0 and read/update proportions=0.5 ===
Arrangement completed. Output saved to ../analysis/Data/Workload_data/postgresql_arrayjson_TOAST_HYPOTHESIS_run1_zipfian_heavy_pure.csv
Running JSONB detoast probes for ycsb phase=post-run epoch=82
Arrangement completed. Output saved to ../analysis/Data/Workload_data/postgresql_arrayjson_TOAST_HYPOTHESIS_run1_zipfian_heavy_pure.csv
Backing up the database started
Backing up the database finished
Arrangement completed. Output saved to ../analysis/Data/Workload_data/postgresql_arrayjson_TOAST_HYPOTHESIS_run1_zipfian_heavy_pure.csv
Size computation started
Appending subsequent iteration 82...
Iteration 82: Appended new size values from key_sizes_postgresql_arrayjson_TOAST_HYPOTHESIS_zipfian_heavy_pure_run1.csv to ../analysis/Data/Value_size_data/value_sizes_postgresql_arrayjson_TOAST_HYPOTHESIS_run1_zipfian_heavy_after_pure.csv
Total size: 830000000, Field length average: 8300
Workload file fieldlength set to: 8300 (expected: 8300)
=== Executing the load phase for the comparison study ===
Comparison-load verification - Epoch:9 Run:2 TotalSize:830000000 ExpectedFieldLength:8300
Avg-run verification - Epoch:9 Run:2 Iteration:82 TotalSize:830000000 ExpectedFieldLength:8300
=== Executing the run phase with extendproportion=0 and read/update proportions=0.5 ===
Arrangement completed. Output saved to ../analysis/Data/Workload_data/postgresql_arrayjson_TOAST_HYPOTHESIS_run1_zipfian_heavy_pure.csv
=== Setting parameter values for extend phase ===
=== Executing the extend phase with extendproportion=1 and other proportions=0 ===
Arrangement completed. Output saved to ../analysis/Data/Workload_data/postgresql_arrayjson_TOAST_HYPOTHESIS_run1_zipfian_heavy_pure.csv
Size computation started
Extend verification - Min:39500 Max:31669500 Avg:84000 (Expected avg per record: ~1000 bytes initially)
Generating histogram from key size log: key_sizes_postgresql_arrayjson_TOAST_HYPOTHESIS_zipfian_heavy_pure_run1.csv
Histogram written to histogram.txt (BlockSize = 100)
Appending subsequent iteration 83...
Iteration 83: Appended new size values from key_sizes_postgresql_arrayjson_TOAST_HYPOTHESIS_zipfian_heavy_pure_run1.csv to ../analysis/Data/Value_size_data/value_sizes_postgresql_arrayjson_TOAST_HYPOTHESIS_run1_zipfian_heavy_before_pure.csv
VACUUM start: 1777615437
VACUUM end: 1777615926
=== Setting parameter values for run phase ===
Checking query plan before run phase
=== Executing the run phase with extendproportion=0 and read/update proportions=0.5 ===
Arrangement completed. Output saved to ../analysis/Data/Workload_data/postgresql_arrayjson_TOAST_HYPOTHESIS_run1_zipfian_heavy_pure.csv
Running JSONB detoast probes for ycsb phase=post-run epoch=83
Arrangement completed. Output saved to ../analysis/Data/Workload_data/postgresql_arrayjson_TOAST_HYPOTHESIS_run1_zipfian_heavy_pure.csv
Backing up the database started
Backing up the database finished
Arrangement completed. Output saved to ../analysis/Data/Workload_data/postgresql_arrayjson_TOAST_HYPOTHESIS_run1_zipfian_heavy_pure.csv
Size computation started
Appending subsequent iteration 83...
Iteration 83: Appended new size values from key_sizes_postgresql_arrayjson_TOAST_HYPOTHESIS_zipfian_heavy_pure_run1.csv to ../analysis/Data/Value_size_data/value_sizes_postgresql_arrayjson_TOAST_HYPOTHESIS_run1_zipfian_heavy_after_pure.csv
Total size: 840000000, Field length average: 8400
Workload file fieldlength set to: 8400 (expected: 8400)
=== Executing the load phase for the comparison study ===
Comparison-load verification - Epoch:9 Run:3 TotalSize:840000000 ExpectedFieldLength:8400
Avg-run verification - Epoch:9 Run:3 Iteration:83 TotalSize:840000000 ExpectedFieldLength:8400
=== Executing the run phase with extendproportion=0 and read/update proportions=0.5 ===
Arrangement completed. Output saved to ../analysis/Data/Workload_data/postgresql_arrayjson_TOAST_HYPOTHESIS_run1_zipfian_heavy_pure.csv
=== Setting parameter values for extend phase ===
=== Executing the extend phase with extendproportion=1 and other proportions=0 ===
Arrangement completed. Output saved to ../analysis/Data/Workload_data/postgresql_arrayjson_TOAST_HYPOTHESIS_run1_zipfian_heavy_pure.csv
Size computation started
Extend verification - Min:40300 Max:32056000 Avg:85000 (Expected avg per record: ~1000 bytes initially)
Generating histogram from key size log: key_sizes_postgresql_arrayjson_TOAST_HYPOTHESIS_zipfian_heavy_pure_run1.csv
Histogram written to histogram.txt (BlockSize = 100)
Appending subsequent iteration 84...
Iteration 84: Appended new size values from key_sizes_postgresql_arrayjson_TOAST_HYPOTHESIS_zipfian_heavy_pure_run1.csv to ../analysis/Data/Value_size_data/value_sizes_postgresql_arrayjson_TOAST_HYPOTHESIS_run1_zipfian_heavy_before_pure.csv
VACUUM start: 1777617252
VACUUM end: 1777617814
=== Setting parameter values for run phase ===
Checking query plan before run phase
=== Executing the run phase with extendproportion=0 and read/update proportions=0.5 ===
Arrangement completed. Output saved to ../analysis/Data/Workload_data/postgresql_arrayjson_TOAST_HYPOTHESIS_run1_zipfian_heavy_pure.csv
Running JSONB detoast probes for ycsb phase=post-run epoch=84
Arrangement completed. Output saved to ../analysis/Data/Workload_data/postgresql_arrayjson_TOAST_HYPOTHESIS_run1_zipfian_heavy_pure.csv
Backing up the database started
Backing up the database finished
Arrangement completed. Output saved to ../analysis/Data/Workload_data/postgresql_arrayjson_TOAST_HYPOTHESIS_run1_zipfian_heavy_pure.csv
Size computation started
Appending subsequent iteration 84...
Iteration 84: Appended new size values from key_sizes_postgresql_arrayjson_TOAST_HYPOTHESIS_zipfian_heavy_pure_run1.csv to ../analysis/Data/Value_size_data/value_sizes_postgresql_arrayjson_TOAST_HYPOTHESIS_run1_zipfian_heavy_after_pure.csv
Total size: 850000000, Field length average: 8500
Workload file fieldlength set to: 8500 (expected: 8500)
=== Executing the load phase for the comparison study ===
Comparison-load verification - Epoch:9 Run:4 TotalSize:850000000 ExpectedFieldLength:8500
Avg-run verification - Epoch:9 Run:4 Iteration:84 TotalSize:850000000 ExpectedFieldLength:8500
=== Executing the run phase with extendproportion=0 and read/update proportions=0.5 ===
Arrangement completed. Output saved to ../analysis/Data/Workload_data/postgresql_arrayjson_TOAST_HYPOTHESIS_run1_zipfian_heavy_pure.csv
=== Setting parameter values for extend phase ===
=== Executing the extend phase with extendproportion=1 and other proportions=0 ===
Arrangement completed. Output saved to ../analysis/Data/Workload_data/postgresql_arrayjson_TOAST_HYPOTHESIS_run1_zipfian_heavy_pure.csv
Size computation started
Extend verification - Min:40900 Max:32442900 Avg:86000 (Expected avg per record: ~1000 bytes initially)
Generating histogram from key size log: key_sizes_postgresql_arrayjson_TOAST_HYPOTHESIS_zipfian_heavy_pure_run1.csv
Histogram written to histogram.txt (BlockSize = 100)
Appending subsequent iteration 85...
Iteration 85: Appended new size values from key_sizes_postgresql_arrayjson_TOAST_HYPOTHESIS_zipfian_heavy_pure_run1.csv to ../analysis/Data/Value_size_data/value_sizes_postgresql_arrayjson_TOAST_HYPOTHESIS_run1_zipfian_heavy_before_pure.csv
VACUUM start: 1777619212
VACUUM end: 1777619752
=== Setting parameter values for run phase ===
Checking query plan before run phase
=== Executing the run phase with extendproportion=0 and read/update proportions=0.5 ===
Arrangement completed. Output saved to ../analysis/Data/Workload_data/postgresql_arrayjson_TOAST_HYPOTHESIS_run1_zipfian_heavy_pure.csv
Running JSONB detoast probes for ycsb phase=post-run epoch=85
Arrangement completed. Output saved to ../analysis/Data/Workload_data/postgresql_arrayjson_TOAST_HYPOTHESIS_run1_zipfian_heavy_pure.csv
Backing up the database started
Backing up the database finished
Arrangement completed. Output saved to ../analysis/Data/Workload_data/postgresql_arrayjson_TOAST_HYPOTHESIS_run1_zipfian_heavy_pure.csv
Size computation started
Appending subsequent iteration 85...
Iteration 85: Appended new size values from key_sizes_postgresql_arrayjson_TOAST_HYPOTHESIS_zipfian_heavy_pure_run1.csv to ../analysis/Data/Value_size_data/value_sizes_postgresql_arrayjson_TOAST_HYPOTHESIS_run1_zipfian_heavy_after_pure.csv
Total size: 860000000, Field length average: 8600
Workload file fieldlength set to: 8600 (expected: 8600)
=== Executing the load phase for the comparison study ===
Comparison-load verification - Epoch:9 Run:5 TotalSize:860000000 ExpectedFieldLength:8600
Avg-run verification - Epoch:9 Run:5 Iteration:85 TotalSize:860000000 ExpectedFieldLength:8600
=== Executing the run phase with extendproportion=0 and read/update proportions=0.5 ===
Arrangement completed. Output saved to ../analysis/Data/Workload_data/postgresql_arrayjson_TOAST_HYPOTHESIS_run1_zipfian_heavy_pure.csv
=== Setting parameter values for extend phase ===
=== Executing the extend phase with extendproportion=1 and other proportions=0 ===
Arrangement completed. Output saved to ../analysis/Data/Workload_data/postgresql_arrayjson_TOAST_HYPOTHESIS_run1_zipfian_heavy_pure.csv
Size computation started
Extend verification - Min:41100 Max:32827500 Avg:87000 (Expected avg per record: ~1000 bytes initially)
Generating histogram from key size log: key_sizes_postgresql_arrayjson_TOAST_HYPOTHESIS_zipfian_heavy_pure_run1.csv
Histogram written to histogram.txt (BlockSize = 100)
Appending subsequent iteration 86...
Iteration 86: Appended new size values from key_sizes_postgresql_arrayjson_TOAST_HYPOTHESIS_zipfian_heavy_pure_run1.csv to ../analysis/Data/Value_size_data/value_sizes_postgresql_arrayjson_TOAST_HYPOTHESIS_run1_zipfian_heavy_before_pure.csv
VACUUM start: 1777621089
VACUUM end: 1777621591
=== Setting parameter values for run phase ===
Checking query plan before run phase
=== Executing the run phase with extendproportion=0 and read/update proportions=0.5 ===
Arrangement completed. Output saved to ../analysis/Data/Workload_data/postgresql_arrayjson_TOAST_HYPOTHESIS_run1_zipfian_heavy_pure.csv
Running JSONB detoast probes for ycsb phase=post-run epoch=86
Arrangement completed. Output saved to ../analysis/Data/Workload_data/postgresql_arrayjson_TOAST_HYPOTHESIS_run1_zipfian_heavy_pure.csv
Backing up the database started
Backing up the database finished
Arrangement completed. Output saved to ../analysis/Data/Workload_data/postgresql_arrayjson_TOAST_HYPOTHESIS_run1_zipfian_heavy_pure.csv
Size computation started
Appending subsequent iteration 86...
Iteration 86: Appended new size values from key_sizes_postgresql_arrayjson_TOAST_HYPOTHESIS_zipfian_heavy_pure_run1.csv to ../analysis/Data/Value_size_data/value_sizes_postgresql_arrayjson_TOAST_HYPOTHESIS_run1_zipfian_heavy_after_pure.csv
Total size: 870000000, Field length average: 8700
Workload file fieldlength set to: 8700 (expected: 8700)
=== Executing the load phase for the comparison study ===
Comparison-load verification - Epoch:9 Run:6 TotalSize:870000000 ExpectedFieldLength:8700
Avg-run verification - Epoch:9 Run:6 Iteration:86 TotalSize:870000000 ExpectedFieldLength:8700
=== Executing the run phase with extendproportion=0 and read/update proportions=0.5 ===
Arrangement completed. Output saved to ../analysis/Data/Workload_data/postgresql_arrayjson_TOAST_HYPOTHESIS_run1_zipfian_heavy_pure.csv
=== Setting parameter values for extend phase ===
=== Executing the extend phase with extendproportion=1 and other proportions=0 ===
Arrangement completed. Output saved to ../analysis/Data/Workload_data/postgresql_arrayjson_TOAST_HYPOTHESIS_run1_zipfian_heavy_pure.csv
Size computation started
Extend verification - Min:41800 Max:33202200 Avg:88000 (Expected avg per record: ~1000 bytes initially)
Generating histogram from key size log: key_sizes_postgresql_arrayjson_TOAST_HYPOTHESIS_zipfian_heavy_pure_run1.csv
Histogram written to histogram.txt (BlockSize = 100)
Appending subsequent iteration 87...
Iteration 87: Appended new size values from key_sizes_postgresql_arrayjson_TOAST_HYPOTHESIS_zipfian_heavy_pure_run1.csv to ../analysis/Data/Value_size_data/value_sizes_postgresql_arrayjson_TOAST_HYPOTHESIS_run1_zipfian_heavy_before_pure.csv
VACUUM start: 1777622933
VACUUM end: 1777623427
=== Setting parameter values for run phase ===
Checking query plan before run phase
=== Executing the run phase with extendproportion=0 and read/update proportions=0.5 ===
Arrangement completed. Output saved to ../analysis/Data/Workload_data/postgresql_arrayjson_TOAST_HYPOTHESIS_run1_zipfian_heavy_pure.csv
Running JSONB detoast probes for ycsb phase=post-run epoch=87
Arrangement completed. Output saved to ../analysis/Data/Workload_data/postgresql_arrayjson_TOAST_HYPOTHESIS_run1_zipfian_heavy_pure.csv
Backing up the database started
Backing up the database finished
Arrangement completed. Output saved to ../analysis/Data/Workload_data/postgresql_arrayjson_TOAST_HYPOTHESIS_run1_zipfian_heavy_pure.csv
Size computation started
Appending subsequent iteration 87...
Iteration 87: Appended new size values from key_sizes_postgresql_arrayjson_TOAST_HYPOTHESIS_zipfian_heavy_pure_run1.csv to ../analysis/Data/Value_size_data/value_sizes_postgresql_arrayjson_TOAST_HYPOTHESIS_run1_zipfian_heavy_after_pure.csv
Total size: 880000000, Field length average: 8800
Workload file fieldlength set to: 8800 (expected: 8800)
=== Executing the load phase for the comparison study ===
Comparison-load verification - Epoch:9 Run:7 TotalSize:880000000 ExpectedFieldLength:8800
Avg-run verification - Epoch:9 Run:7 Iteration:87 TotalSize:880000000 ExpectedFieldLength:8800
=== Executing the run phase with extendproportion=0 and read/update proportions=0.5 ===
Arrangement completed. Output saved to ../analysis/Data/Workload_data/postgresql_arrayjson_TOAST_HYPOTHESIS_run1_zipfian_heavy_pure.csv
=== Setting parameter values for extend phase ===
=== Executing the extend phase with extendproportion=1 and other proportions=0 ===
Arrangement completed. Output saved to ../analysis/Data/Workload_data/postgresql_arrayjson_TOAST_HYPOTHESIS_run1_zipfian_heavy_pure.csv
Size computation started
Extend verification - Min:42200 Max:33577500 Avg:89000 (Expected avg per record: ~1000 bytes initially)
Generating histogram from key size log: key_sizes_postgresql_arrayjson_TOAST_HYPOTHESIS_zipfian_heavy_pure_run1.csv
Histogram written to histogram.txt (BlockSize = 100)
Appending subsequent iteration 88...
Iteration 88: Appended new size values from key_sizes_postgresql_arrayjson_TOAST_HYPOTHESIS_zipfian_heavy_pure_run1.csv to ../analysis/Data/Value_size_data/value_sizes_postgresql_arrayjson_TOAST_HYPOTHESIS_run1_zipfian_heavy_before_pure.csv
VACUUM start: 1777624773
VACUUM end: 1777625287
=== Setting parameter values for run phase ===
Checking query plan before run phase
=== Executing the run phase with extendproportion=0 and read/update proportions=0.5 ===
Arrangement completed. Output saved to ../analysis/Data/Workload_data/postgresql_arrayjson_TOAST_HYPOTHESIS_run1_zipfian_heavy_pure.csv
Running JSONB detoast probes for ycsb phase=post-run epoch=88
Arrangement completed. Output saved to ../analysis/Data/Workload_data/postgresql_arrayjson_TOAST_HYPOTHESIS_run1_zipfian_heavy_pure.csv
Backing up the database started
Backing up the database finished
Arrangement completed. Output saved to ../analysis/Data/Workload_data/postgresql_arrayjson_TOAST_HYPOTHESIS_run1_zipfian_heavy_pure.csv
Size computation started
Appending subsequent iteration 88...
Iteration 88: Appended new size values from key_sizes_postgresql_arrayjson_TOAST_HYPOTHESIS_zipfian_heavy_pure_run1.csv to ../analysis/Data/Value_size_data/value_sizes_postgresql_arrayjson_TOAST_HYPOTHESIS_run1_zipfian_heavy_after_pure.csv
Total size: 890000000, Field length average: 8900
Workload file fieldlength set to: 8900 (expected: 8900)
=== Executing the load phase for the comparison study ===
Comparison-load verification - Epoch:9 Run:8 TotalSize:890000000 ExpectedFieldLength:8900
Avg-run verification - Epoch:9 Run:8 Iteration:88 TotalSize:890000000 ExpectedFieldLength:8900
=== Executing the run phase with extendproportion=0 and read/update proportions=0.5 ===
Arrangement completed. Output saved to ../analysis/Data/Workload_data/postgresql_arrayjson_TOAST_HYPOTHESIS_run1_zipfian_heavy_pure.csv
=== Setting parameter values for extend phase ===
=== Executing the extend phase with extendproportion=1 and other proportions=0 ===
Arrangement completed. Output saved to ../analysis/Data/Workload_data/postgresql_arrayjson_TOAST_HYPOTHESIS_run1_zipfian_heavy_pure.csv
Size computation started
Extend verification - Min:42400 Max:33959600 Avg:90000 (Expected avg per record: ~1000 bytes initially)
Generating histogram from key size log: key_sizes_postgresql_arrayjson_TOAST_HYPOTHESIS_zipfian_heavy_pure_run1.csv
Histogram written to histogram.txt (BlockSize = 100)
Appending subsequent iteration 89...
Iteration 89: Appended new size values from key_sizes_postgresql_arrayjson_TOAST_HYPOTHESIS_zipfian_heavy_pure_run1.csv to ../analysis/Data/Value_size_data/value_sizes_postgresql_arrayjson_TOAST_HYPOTHESIS_run1_zipfian_heavy_before_pure.csv
VACUUM start: 1777626669
VACUUM end: 1777627190
=== Setting parameter values for run phase ===
Checking query plan before run phase
=== Executing the run phase with extendproportion=0 and read/update proportions=0.5 ===
Arrangement completed. Output saved to ../analysis/Data/Workload_data/postgresql_arrayjson_TOAST_HYPOTHESIS_run1_zipfian_heavy_pure.csv
Running JSONB detoast probes for ycsb phase=post-run epoch=89
Arrangement completed. Output saved to ../analysis/Data/Workload_data/postgresql_arrayjson_TOAST_HYPOTHESIS_run1_zipfian_heavy_pure.csv
Backing up the database started
Backing up the database finished
Arrangement completed. Output saved to ../analysis/Data/Workload_data/postgresql_arrayjson_TOAST_HYPOTHESIS_run1_zipfian_heavy_pure.csv
Size computation started
Appending subsequent iteration 89...
Iteration 89: Appended new size values from key_sizes_postgresql_arrayjson_TOAST_HYPOTHESIS_zipfian_heavy_pure_run1.csv to ../analysis/Data/Value_size_data/value_sizes_postgresql_arrayjson_TOAST_HYPOTHESIS_run1_zipfian_heavy_after_pure.csv
Total size: 900000000, Field length average: 9000
Workload file fieldlength set to: 9000 (expected: 9000)
=== Executing the load phase for the comparison study ===
Comparison-load verification - Epoch:9 Run:9 TotalSize:900000000 ExpectedFieldLength:9000
Avg-run verification - Epoch:9 Run:9 Iteration:89 TotalSize:900000000 ExpectedFieldLength:9000
=== Executing the run phase with extendproportion=0 and read/update proportions=0.5 ===
Arrangement completed. Output saved to ../analysis/Data/Workload_data/postgresql_arrayjson_TOAST_HYPOTHESIS_run1_zipfian_heavy_pure.csv
=== Setting parameter values for extend phase ===
=== Executing the extend phase with extendproportion=1 and other proportions=0 ===
Arrangement completed. Output saved to ../analysis/Data/Workload_data/postgresql_arrayjson_TOAST_HYPOTHESIS_run1_zipfian_heavy_pure.csv
Size computation started
Extend verification - Min:43300 Max:34335800 Avg:91000 (Expected avg per record: ~1000 bytes initially)
Generating histogram from key size log: key_sizes_postgresql_arrayjson_TOAST_HYPOTHESIS_zipfian_heavy_pure_run1.csv
Histogram written to histogram.txt (BlockSize = 100)
Appending subsequent iteration 90...
Iteration 90: Appended new size values from key_sizes_postgresql_arrayjson_TOAST_HYPOTHESIS_zipfian_heavy_pure_run1.csv to ../analysis/Data/Value_size_data/value_sizes_postgresql_arrayjson_TOAST_HYPOTHESIS_run1_zipfian_heavy_before_pure.csv
VACUUM start: 1777628594
VACUUM end: 1777629136
=== Setting parameter values for run phase ===
Checking query plan before run phase
=== Executing the run phase with extendproportion=0 and read/update proportions=0.5 ===
Arrangement completed. Output saved to ../analysis/Data/Workload_data/postgresql_arrayjson_TOAST_HYPOTHESIS_run1_zipfian_heavy_pure.csv
Running JSONB detoast probes for ycsb phase=post-run epoch=90
Arrangement completed. Output saved to ../analysis/Data/Workload_data/postgresql_arrayjson_TOAST_HYPOTHESIS_run1_zipfian_heavy_pure.csv
Backing up the database started
Backing up the database finished
Arrangement completed. Output saved to ../analysis/Data/Workload_data/postgresql_arrayjson_TOAST_HYPOTHESIS_run1_zipfian_heavy_pure.csv
Size computation started
Appending subsequent iteration 90...
Iteration 90: Appended new size values from key_sizes_postgresql_arrayjson_TOAST_HYPOTHESIS_zipfian_heavy_pure_run1.csv to ../analysis/Data/Value_size_data/value_sizes_postgresql_arrayjson_TOAST_HYPOTHESIS_run1_zipfian_heavy_after_pure.csv
Total size: 910000000, Field length average: 9100
Workload file fieldlength set to: 9100 (expected: 9100)
=== Executing the load phase for the comparison study ===
Comparison-load verification - Epoch:9 Run:10 TotalSize:910000000 ExpectedFieldLength:9100
Avg-run verification - Epoch:9 Run:10 Iteration:90 TotalSize:910000000 ExpectedFieldLength:9100
=== Executing the run phase with extendproportion=0 and read/update proportions=0.5 ===
Arrangement completed. Output saved to ../analysis/Data/Workload_data/postgresql_arrayjson_TOAST_HYPOTHESIS_run1_zipfian_heavy_pure.csv
=== Setting parameter values for extend phase ===
=== Executing the extend phase with extendproportion=1 and other proportions=0 ===
Arrangement completed. Output saved to ../analysis/Data/Workload_data/postgresql_arrayjson_TOAST_HYPOTHESIS_run1_zipfian_heavy_pure.csv
Size computation started
Extend verification - Min:43900 Max:34722800 Avg:92000 (Expected avg per record: ~1000 bytes initially)
Generating histogram from key size log: key_sizes_postgresql_arrayjson_TOAST_HYPOTHESIS_zipfian_heavy_pure_run1.csv
Histogram written to histogram.txt (BlockSize = 100)
Appending subsequent iteration 91...
Iteration 91: Appended new size values from key_sizes_postgresql_arrayjson_TOAST_HYPOTHESIS_zipfian_heavy_pure_run1.csv to ../analysis/Data/Value_size_data/value_sizes_postgresql_arrayjson_TOAST_HYPOTHESIS_run1_zipfian_heavy_before_pure.csv
VACUUM start: 1777630596
VACUUM end: 1777631158
=== Setting parameter values for run phase ===
Checking query plan before run phase
=== Executing the run phase with extendproportion=0 and read/update proportions=0.5 ===
Arrangement completed. Output saved to ../analysis/Data/Workload_data/postgresql_arrayjson_TOAST_HYPOTHESIS_run1_zipfian_heavy_pure.csv
Running JSONB detoast probes for ycsb phase=post-run epoch=91
Arrangement completed. Output saved to ../analysis/Data/Workload_data/postgresql_arrayjson_TOAST_HYPOTHESIS_run1_zipfian_heavy_pure.csv
Backing up the database started
Backing up the database finished
Arrangement completed. Output saved to ../analysis/Data/Workload_data/postgresql_arrayjson_TOAST_HYPOTHESIS_run1_zipfian_heavy_pure.csv
Size computation started
Appending subsequent iteration 91...
Iteration 91: Appended new size values from key_sizes_postgresql_arrayjson_TOAST_HYPOTHESIS_zipfian_heavy_pure_run1.csv to ../analysis/Data/Value_size_data/value_sizes_postgresql_arrayjson_TOAST_HYPOTHESIS_run1_zipfian_heavy_after_pure.csv
Total size: 920000000, Field length average: 9200
Workload file fieldlength set to: 9200 (expected: 9200)
=== Executing the load phase for the comparison study ===
Comparison-load verification - Epoch:10 Run:1 TotalSize:920000000 ExpectedFieldLength:9200
Avg-run verification - Epoch:10 Run:1 Iteration:91 TotalSize:920000000 ExpectedFieldLength:9200
=== Executing the run phase with extendproportion=0 and read/update proportions=0.5 ===
Arrangement completed. Output saved to ../analysis/Data/Workload_data/postgresql_arrayjson_TOAST_HYPOTHESIS_run1_zipfian_heavy_pure.csv
=== Setting parameter values for extend phase ===
=== Executing the extend phase with extendproportion=1 and other proportions=0 ===
Arrangement completed. Output saved to ../analysis/Data/Workload_data/postgresql_arrayjson_TOAST_HYPOTHESIS_run1_zipfian_heavy_pure.csv
Size computation started
Extend verification - Min:44400 Max:35096700 Avg:93000 (Expected avg per record: ~1000 bytes initially)
Generating histogram from key size log: key_sizes_postgresql_arrayjson_TOAST_HYPOTHESIS_zipfian_heavy_pure_run1.csv
Histogram written to histogram.txt (BlockSize = 100)
Appending subsequent iteration 92...
Iteration 92: Appended new size values from key_sizes_postgresql_arrayjson_TOAST_HYPOTHESIS_zipfian_heavy_pure_run1.csv to ../analysis/Data/Value_size_data/value_sizes_postgresql_arrayjson_TOAST_HYPOTHESIS_run1_zipfian_heavy_before_pure.csv
VACUUM start: 1777632577
VACUUM end: 1777633119
=== Setting parameter values for run phase ===
Checking query plan before run phase
=== Executing the run phase with extendproportion=0 and read/update proportions=0.5 ===
Arrangement completed. Output saved to ../analysis/Data/Workload_data/postgresql_arrayjson_TOAST_HYPOTHESIS_run1_zipfian_heavy_pure.csv
Running JSONB detoast probes for ycsb phase=post-run epoch=92
Arrangement completed. Output saved to ../analysis/Data/Workload_data/postgresql_arrayjson_TOAST_HYPOTHESIS_run1_zipfian_heavy_pure.csv
Backing up the database started
Backing up the database finished
Arrangement completed. Output saved to ../analysis/Data/Workload_data/postgresql_arrayjson_TOAST_HYPOTHESIS_run1_zipfian_heavy_pure.csv
Size computation started
Appending subsequent iteration 92...
Iteration 92: Appended new size values from key_sizes_postgresql_arrayjson_TOAST_HYPOTHESIS_zipfian_heavy_pure_run1.csv to ../analysis/Data/Value_size_data/value_sizes_postgresql_arrayjson_TOAST_HYPOTHESIS_run1_zipfian_heavy_after_pure.csv
Total size: 930000000, Field length average: 9300
Workload file fieldlength set to: 9300 (expected: 9300)
=== Executing the load phase for the comparison study ===
Comparison-load verification - Epoch:10 Run:2 TotalSize:930000000 ExpectedFieldLength:9300
Avg-run verification - Epoch:10 Run:2 Iteration:92 TotalSize:930000000 ExpectedFieldLength:9300
=== Executing the run phase with extendproportion=0 and read/update proportions=0.5 ===
Arrangement completed. Output saved to ../analysis/Data/Workload_data/postgresql_arrayjson_TOAST_HYPOTHESIS_run1_zipfian_heavy_pure.csv
=== Setting parameter values for extend phase ===
=== Executing the extend phase with extendproportion=1 and other proportions=0 ===
Arrangement completed. Output saved to ../analysis/Data/Workload_data/postgresql_arrayjson_TOAST_HYPOTHESIS_run1_zipfian_heavy_pure.csv
Size computation started
Extend verification - Min:45200 Max:35466100 Avg:94000 (Expected avg per record: ~1000 bytes initially)
Generating histogram from key size log: key_sizes_postgresql_arrayjson_TOAST_HYPOTHESIS_zipfian_heavy_pure_run1.csv
Histogram written to histogram.txt (BlockSize = 100)
Appending subsequent iteration 93...
Iteration 93: Appended new size values from key_sizes_postgresql_arrayjson_TOAST_HYPOTHESIS_zipfian_heavy_pure_run1.csv to ../analysis/Data/Value_size_data/value_sizes_postgresql_arrayjson_TOAST_HYPOTHESIS_run1_zipfian_heavy_before_pure.csv
VACUUM start: 1777634543
VACUUM end: 1777635069
=== Setting parameter values for run phase ===
Checking query plan before run phase
=== Executing the run phase with extendproportion=0 and read/update proportions=0.5 ===
Arrangement completed. Output saved to ../analysis/Data/Workload_data/postgresql_arrayjson_TOAST_HYPOTHESIS_run1_zipfian_heavy_pure.csv
Running JSONB detoast probes for ycsb phase=post-run epoch=93
Arrangement completed. Output saved to ../analysis/Data/Workload_data/postgresql_arrayjson_TOAST_HYPOTHESIS_run1_zipfian_heavy_pure.csv
Backing up the database started
Backing up the database finished
Arrangement completed. Output saved to ../analysis/Data/Workload_data/postgresql_arrayjson_TOAST_HYPOTHESIS_run1_zipfian_heavy_pure.csv
Size computation started
Appending subsequent iteration 93...
Iteration 93: Appended new size values from key_sizes_postgresql_arrayjson_TOAST_HYPOTHESIS_zipfian_heavy_pure_run1.csv to ../analysis/Data/Value_size_data/value_sizes_postgresql_arrayjson_TOAST_HYPOTHESIS_run1_zipfian_heavy_after_pure.csv
Total size: 940000000, Field length average: 9400
Workload file fieldlength set to: 9400 (expected: 9400)
=== Executing the load phase for the comparison study ===
Comparison-load verification - Epoch:10 Run:3 TotalSize:940000000 ExpectedFieldLength:9400
Avg-run verification - Epoch:10 Run:3 Iteration:93 TotalSize:940000000 ExpectedFieldLength:9400
=== Executing the run phase with extendproportion=0 and read/update proportions=0.5 ===
Arrangement completed. Output saved to ../analysis/Data/Workload_data/postgresql_arrayjson_TOAST_HYPOTHESIS_run1_zipfian_heavy_pure.csv
=== Setting parameter values for extend phase ===
=== Executing the extend phase with extendproportion=1 and other proportions=0 ===
Arrangement completed. Output saved to ../analysis/Data/Workload_data/postgresql_arrayjson_TOAST_HYPOTHESIS_run1_zipfian_heavy_pure.csv
Size computation started
Extend verification - Min:45600 Max:35853800 Avg:95000 (Expected avg per record: ~1000 bytes initially)
Generating histogram from key size log: key_sizes_postgresql_arrayjson_TOAST_HYPOTHESIS_zipfian_heavy_pure_run1.csv
Histogram written to histogram.txt (BlockSize = 100)
Appending subsequent iteration 94...
Iteration 94: Appended new size values from key_sizes_postgresql_arrayjson_TOAST_HYPOTHESIS_zipfian_heavy_pure_run1.csv to ../analysis/Data/Value_size_data/value_sizes_postgresql_arrayjson_TOAST_HYPOTHESIS_run1_zipfian_heavy_before_pure.csv
VACUUM start: 1777636618
VACUUM end: 1777637233
=== Setting parameter values for run phase ===
Checking query plan before run phase
=== Executing the run phase with extendproportion=0 and read/update proportions=0.5 ===
Arrangement completed. Output saved to ../analysis/Data/Workload_data/postgresql_arrayjson_TOAST_HYPOTHESIS_run1_zipfian_heavy_pure.csv
Running JSONB detoast probes for ycsb phase=post-run epoch=94
Arrangement completed. Output saved to ../analysis/Data/Workload_data/postgresql_arrayjson_TOAST_HYPOTHESIS_run1_zipfian_heavy_pure.csv
Backing up the database started
Backing up the database finished
Arrangement completed. Output saved to ../analysis/Data/Workload_data/postgresql_arrayjson_TOAST_HYPOTHESIS_run1_zipfian_heavy_pure.csv
Size computation started
Appending subsequent iteration 94...
Iteration 94: Appended new size values from key_sizes_postgresql_arrayjson_TOAST_HYPOTHESIS_zipfian_heavy_pure_run1.csv to ../analysis/Data/Value_size_data/value_sizes_postgresql_arrayjson_TOAST_HYPOTHESIS_run1_zipfian_heavy_after_pure.csv
Total size: 950000000, Field length average: 9500
Workload file fieldlength set to: 9500 (expected: 9500)
=== Executing the load phase for the comparison study ===
Comparison-load verification - Epoch:10 Run:4 TotalSize:950000000 ExpectedFieldLength:9500
Avg-run verification - Epoch:10 Run:4 Iteration:94 TotalSize:950000000 ExpectedFieldLength:9500
=== Executing the run phase with extendproportion=0 and read/update proportions=0.5 ===
Arrangement completed. Output saved to ../analysis/Data/Workload_data/postgresql_arrayjson_TOAST_HYPOTHESIS_run1_zipfian_heavy_pure.csv
=== Setting parameter values for extend phase ===
=== Executing the extend phase with extendproportion=1 and other proportions=0 ===
Arrangement completed. Output saved to ../analysis/Data/Workload_data/postgresql_arrayjson_TOAST_HYPOTHESIS_run1_zipfian_heavy_pure.csv
Size computation started
Extend verification - Min:45900 Max:36227300 Avg:96000 (Expected avg per record: ~1000 bytes initially)
Generating histogram from key size log: key_sizes_postgresql_arrayjson_TOAST_HYPOTHESIS_zipfian_heavy_pure_run1.csv
Histogram written to histogram.txt (BlockSize = 100)
Appending subsequent iteration 95...
Iteration 95: Appended new size values from key_sizes_postgresql_arrayjson_TOAST_HYPOTHESIS_zipfian_heavy_pure_run1.csv to ../analysis/Data/Value_size_data/value_sizes_postgresql_arrayjson_TOAST_HYPOTHESIS_run1_zipfian_heavy_before_pure.csv
VACUUM start: 1777638672
VACUUM end: 1777639199
=== Setting parameter values for run phase ===
Checking query plan before run phase
=== Executing the run phase with extendproportion=0 and read/update proportions=0.5 ===
Arrangement completed. Output saved to ../analysis/Data/Workload_data/postgresql_arrayjson_TOAST_HYPOTHESIS_run1_zipfian_heavy_pure.csv
Running JSONB detoast probes for ycsb phase=post-run epoch=95
Arrangement completed. Output saved to ../analysis/Data/Workload_data/postgresql_arrayjson_TOAST_HYPOTHESIS_run1_zipfian_heavy_pure.csv
Backing up the database started
Backing up the database finished
Arrangement completed. Output saved to ../analysis/Data/Workload_data/postgresql_arrayjson_TOAST_HYPOTHESIS_run1_zipfian_heavy_pure.csv
Size computation started
Appending subsequent iteration 95...
Iteration 95: Appended new size values from key_sizes_postgresql_arrayjson_TOAST_HYPOTHESIS_zipfian_heavy_pure_run1.csv to ../analysis/Data/Value_size_data/value_sizes_postgresql_arrayjson_TOAST_HYPOTHESIS_run1_zipfian_heavy_after_pure.csv
Total size: 960000000, Field length average: 9600
Workload file fieldlength set to: 9600 (expected: 9600)
=== Executing the load phase for the comparison study ===
Comparison-load verification - Epoch:10 Run:5 TotalSize:960000000 ExpectedFieldLength:9600
Avg-run verification - Epoch:10 Run:5 Iteration:95 TotalSize:960000000 ExpectedFieldLength:9600
=== Executing the run phase with extendproportion=0 and read/update proportions=0.5 ===
Arrangement completed. Output saved to ../analysis/Data/Workload_data/postgresql_arrayjson_TOAST_HYPOTHESIS_run1_zipfian_heavy_pure.csv
=== Setting parameter values for extend phase ===
=== Executing the extend phase with extendproportion=1 and other proportions=0 ===
Arrangement completed. Output saved to ../analysis/Data/Workload_data/postgresql_arrayjson_TOAST_HYPOTHESIS_run1_zipfian_heavy_pure.csv
Size computation started
Extend verification - Min:46500 Max:36613200 Avg:97000 (Expected avg per record: ~1000 bytes initially)
Generating histogram from key size log: key_sizes_postgresql_arrayjson_TOAST_HYPOTHESIS_zipfian_heavy_pure_run1.csv
Histogram written to histogram.txt (BlockSize = 100)
Appending subsequent iteration 96...
Iteration 96: Appended new size values from key_sizes_postgresql_arrayjson_TOAST_HYPOTHESIS_zipfian_heavy_pure_run1.csv to ../analysis/Data/Value_size_data/value_sizes_postgresql_arrayjson_TOAST_HYPOTHESIS_run1_zipfian_heavy_before_pure.csv
VACUUM start: 1777640809
VACUUM end: 1777641462
=== Setting parameter values for run phase ===
Checking query plan before run phase
=== Executing the run phase with extendproportion=0 and read/update proportions=0.5 ===
Arrangement completed. Output saved to ../analysis/Data/Workload_data/postgresql_arrayjson_TOAST_HYPOTHESIS_run1_zipfian_heavy_pure.csv
Running JSONB detoast probes for ycsb phase=post-run epoch=96
Arrangement completed. Output saved to ../analysis/Data/Workload_data/postgresql_arrayjson_TOAST_HYPOTHESIS_run1_zipfian_heavy_pure.csv
Backing up the database started
Backing up the database finished
Arrangement completed. Output saved to ../analysis/Data/Workload_data/postgresql_arrayjson_TOAST_HYPOTHESIS_run1_zipfian_heavy_pure.csv
Size computation started
Appending subsequent iteration 96...
Iteration 96: Appended new size values from key_sizes_postgresql_arrayjson_TOAST_HYPOTHESIS_zipfian_heavy_pure_run1.csv to ../analysis/Data/Value_size_data/value_sizes_postgresql_arrayjson_TOAST_HYPOTHESIS_run1_zipfian_heavy_after_pure.csv
Total size: 970000000, Field length average: 9700
Workload file fieldlength set to: 9700 (expected: 9700)
=== Executing the load phase for the comparison study ===
Comparison-load verification - Epoch:10 Run:6 TotalSize:970000000 ExpectedFieldLength:9700
Avg-run verification - Epoch:10 Run:6 Iteration:96 TotalSize:970000000 ExpectedFieldLength:9700
=== Executing the run phase with extendproportion=0 and read/update proportions=0.5 ===
Arrangement completed. Output saved to ../analysis/Data/Workload_data/postgresql_arrayjson_TOAST_HYPOTHESIS_run1_zipfian_heavy_pure.csv
=== Setting parameter values for extend phase ===
=== Executing the extend phase with extendproportion=1 and other proportions=0 ===
Arrangement completed. Output saved to ../analysis/Data/Workload_data/postgresql_arrayjson_TOAST_HYPOTHESIS_run1_zipfian_heavy_pure.csv
Size computation started
Extend verification - Min:46700 Max:37004900 Avg:98000 (Expected avg per record: ~1000 bytes initially)
Generating histogram from key size log: key_sizes_postgresql_arrayjson_TOAST_HYPOTHESIS_zipfian_heavy_pure_run1.csv
Histogram written to histogram.txt (BlockSize = 100)
Appending subsequent iteration 97...
Iteration 97: Appended new size values from key_sizes_postgresql_arrayjson_TOAST_HYPOTHESIS_zipfian_heavy_pure_run1.csv to ../analysis/Data/Value_size_data/value_sizes_postgresql_arrayjson_TOAST_HYPOTHESIS_run1_zipfian_heavy_before_pure.csv
VACUUM start: 1777643035
VACUUM end: 1777643720
=== Setting parameter values for run phase ===
Checking query plan before run phase
=== Executing the run phase with extendproportion=0 and read/update proportions=0.5 ===
Arrangement completed. Output saved to ../analysis/Data/Workload_data/postgresql_arrayjson_TOAST_HYPOTHESIS_run1_zipfian_heavy_pure.csv
Running JSONB detoast probes for ycsb phase=post-run epoch=97
Arrangement completed. Output saved to ../analysis/Data/Workload_data/postgresql_arrayjson_TOAST_HYPOTHESIS_run1_zipfian_heavy_pure.csv
Backing up the database started
Backing up the database finished
Arrangement completed. Output saved to ../analysis/Data/Workload_data/postgresql_arrayjson_TOAST_HYPOTHESIS_run1_zipfian_heavy_pure.csv
Size computation started
Appending subsequent iteration 97...
Iteration 97: Appended new size values from key_sizes_postgresql_arrayjson_TOAST_HYPOTHESIS_zipfian_heavy_pure_run1.csv to ../analysis/Data/Value_size_data/value_sizes_postgresql_arrayjson_TOAST_HYPOTHESIS_run1_zipfian_heavy_after_pure.csv
Total size: 980000000, Field length average: 9800
Workload file fieldlength set to: 9800 (expected: 9800)
=== Executing the load phase for the comparison study ===
Comparison-load verification - Epoch:10 Run:7 TotalSize:980000000 ExpectedFieldLength:9800
Avg-run verification - Epoch:10 Run:7 Iteration:97 TotalSize:980000000 ExpectedFieldLength:9800
=== Executing the run phase with extendproportion=0 and read/update proportions=0.5 ===
Arrangement completed. Output saved to ../analysis/Data/Workload_data/postgresql_arrayjson_TOAST_HYPOTHESIS_run1_zipfian_heavy_pure.csv
=== Setting parameter values for extend phase ===
=== Executing the extend phase with extendproportion=1 and other proportions=0 ===
Arrangement completed. Output saved to ../analysis/Data/Workload_data/postgresql_arrayjson_TOAST_HYPOTHESIS_run1_zipfian_heavy_pure.csv
Size computation started
Extend verification - Min:47200 Max:37380800 Avg:99000 (Expected avg per record: ~1000 bytes initially)
Generating histogram from key size log: key_sizes_postgresql_arrayjson_TOAST_HYPOTHESIS_zipfian_heavy_pure_run1.csv
Histogram written to histogram.txt (BlockSize = 100)
Appending subsequent iteration 98...
Iteration 98: Appended new size values from key_sizes_postgresql_arrayjson_TOAST_HYPOTHESIS_zipfian_heavy_pure_run1.csv to ../analysis/Data/Value_size_data/value_sizes_postgresql_arrayjson_TOAST_HYPOTHESIS_run1_zipfian_heavy_before_pure.csv
VACUUM start: 1777645212
VACUUM end: 1777645779
=== Setting parameter values for run phase ===
Checking query plan before run phase
=== Executing the run phase with extendproportion=0 and read/update proportions=0.5 ===
Arrangement completed. Output saved to ../analysis/Data/Workload_data/postgresql_arrayjson_TOAST_HYPOTHESIS_run1_zipfian_heavy_pure.csv
Running JSONB detoast probes for ycsb phase=post-run epoch=98
Arrangement completed. Output saved to ../analysis/Data/Workload_data/postgresql_arrayjson_TOAST_HYPOTHESIS_run1_zipfian_heavy_pure.csv
Backing up the database started
Backing up the database finished
Arrangement completed. Output saved to ../analysis/Data/Workload_data/postgresql_arrayjson_TOAST_HYPOTHESIS_run1_zipfian_heavy_pure.csv
Size computation started
Appending subsequent iteration 98...
Iteration 98: Appended new size values from key_sizes_postgresql_arrayjson_TOAST_HYPOTHESIS_zipfian_heavy_pure_run1.csv to ../analysis/Data/Value_size_data/value_sizes_postgresql_arrayjson_TOAST_HYPOTHESIS_run1_zipfian_heavy_after_pure.csv
Total size: 990000000, Field length average: 9900
Workload file fieldlength set to: 9900 (expected: 9900)
=== Executing the load phase for the comparison study ===
Comparison-load verification - Epoch:10 Run:8 TotalSize:990000000 ExpectedFieldLength:9900
Avg-run verification - Epoch:10 Run:8 Iteration:98 TotalSize:990000000 ExpectedFieldLength:9900
=== Executing the run phase with extendproportion=0 and read/update proportions=0.5 ===
Arrangement completed. Output saved to ../analysis/Data/Workload_data/postgresql_arrayjson_TOAST_HYPOTHESIS_run1_zipfian_heavy_pure.csv
=== Setting parameter values for extend phase ===
=== Executing the extend phase with extendproportion=1 and other proportions=0 ===
Arrangement completed. Output saved to ../analysis/Data/Workload_data/postgresql_arrayjson_TOAST_HYPOTHESIS_run1_zipfian_heavy_pure.csv
Size computation started
Extend verification - Min:47700 Max:37760300 Avg:100000 (Expected avg per record: ~1000 bytes initially)
Generating histogram from key size log: key_sizes_postgresql_arrayjson_TOAST_HYPOTHESIS_zipfian_heavy_pure_run1.csv
Histogram written to histogram.txt (BlockSize = 100)
Appending subsequent iteration 99...
Iteration 99: Appended new size values from key_sizes_postgresql_arrayjson_TOAST_HYPOTHESIS_zipfian_heavy_pure_run1.csv to ../analysis/Data/Value_size_data/value_sizes_postgresql_arrayjson_TOAST_HYPOTHESIS_run1_zipfian_heavy_before_pure.csv
VACUUM start: 1777647318
VACUUM end: 1777647904
=== Setting parameter values for run phase ===
Checking query plan before run phase
=== Executing the run phase with extendproportion=0 and read/update proportions=0.5 ===
Arrangement completed. Output saved to ../analysis/Data/Workload_data/postgresql_arrayjson_TOAST_HYPOTHESIS_run1_zipfian_heavy_pure.csv
Running JSONB detoast probes for ycsb phase=post-run epoch=99
Arrangement completed. Output saved to ../analysis/Data/Workload_data/postgresql_arrayjson_TOAST_HYPOTHESIS_run1_zipfian_heavy_pure.csv
Backing up the database started
Backing up the database finished
Arrangement completed. Output saved to ../analysis/Data/Workload_data/postgresql_arrayjson_TOAST_HYPOTHESIS_run1_zipfian_heavy_pure.csv
Size computation started
Appending subsequent iteration 99...
Iteration 99: Appended new size values from key_sizes_postgresql_arrayjson_TOAST_HYPOTHESIS_zipfian_heavy_pure_run1.csv to ../analysis/Data/Value_size_data/value_sizes_postgresql_arrayjson_TOAST_HYPOTHESIS_run1_zipfian_heavy_after_pure.csv
Total size: 1000000000, Field length average: 10000
Workload file fieldlength set to: 10000 (expected: 10000)
=== Executing the load phase for the comparison study ===
Comparison-load verification - Epoch:10 Run:9 TotalSize:1000000000 ExpectedFieldLength:10000
Avg-run verification - Epoch:10 Run:9 Iteration:99 TotalSize:1000000000 ExpectedFieldLength:10000
=== Executing the run phase with extendproportion=0 and read/update proportions=0.5 ===
Arrangement completed. Output saved to ../analysis/Data/Workload_data/postgresql_arrayjson_TOAST_HYPOTHESIS_run1_zipfian_heavy_pure.csv
=== Setting parameter values for extend phase ===
=== Executing the extend phase with extendproportion=1 and other proportions=0 ===
Arrangement completed. Output saved to ../analysis/Data/Workload_data/postgresql_arrayjson_TOAST_HYPOTHESIS_run1_zipfian_heavy_pure.csv
Size computation started
Extend verification - Min:48400 Max:38136200 Avg:101000 (Expected avg per record: ~1000 bytes initially)
Generating histogram from key size log: key_sizes_postgresql_arrayjson_TOAST_HYPOTHESIS_zipfian_heavy_pure_run1.csv
Histogram written to histogram.txt (BlockSize = 100)
Appending subsequent iteration 100...
Iteration 100: Appended new size values from key_sizes_postgresql_arrayjson_TOAST_HYPOTHESIS_zipfian_heavy_pure_run1.csv to ../analysis/Data/Value_size_data/value_sizes_postgresql_arrayjson_TOAST_HYPOTHESIS_run1_zipfian_heavy_before_pure.csv
VACUUM start: 1777649433
VACUUM end: 1777650021
=== Setting parameter values for run phase ===
Checking query plan before run phase
=== Executing the run phase with extendproportion=0 and read/update proportions=0.5 ===
Arrangement completed. Output saved to ../analysis/Data/Workload_data/postgresql_arrayjson_TOAST_HYPOTHESIS_run1_zipfian_heavy_pure.csv
Running JSONB detoast probes for ycsb phase=post-run epoch=100
Arrangement completed. Output saved to ../analysis/Data/Workload_data/postgresql_arrayjson_TOAST_HYPOTHESIS_run1_zipfian_heavy_pure.csv
Backing up the database started
Backing up the database finished
Arrangement completed. Output saved to ../analysis/Data/Workload_data/postgresql_arrayjson_TOAST_HYPOTHESIS_run1_zipfian_heavy_pure.csv
Size computation started
Appending subsequent iteration 100...
Iteration 100: Appended new size values from key_sizes_postgresql_arrayjson_TOAST_HYPOTHESIS_zipfian_heavy_pure_run1.csv to ../analysis/Data/Value_size_data/value_sizes_postgresql_arrayjson_TOAST_HYPOTHESIS_run1_zipfian_heavy_after_pure.csv
Total size: 1010000000, Field length average: 10100
Workload file fieldlength set to: 10100 (expected: 10100)
=== Executing the load phase for the comparison study ===
Comparison-load verification - Epoch:10 Run:10 TotalSize:1010000000 ExpectedFieldLength:10100
Avg-run verification - Epoch:10 Run:10 Iteration:100 TotalSize:1010000000 ExpectedFieldLength:10100
=== Executing the run phase with extendproportion=0 and read/update proportions=0.5 ===
Arrangement completed. Output saved to ../analysis/Data/Workload_data/postgresql_arrayjson_TOAST_HYPOTHESIS_run1_zipfian_heavy_pure.csv
=== All steps completed. Results are logged in ./ycsb_postgresql_arrayjson_TOAST_HYPOTHESIS_zipfian_heavy_pure_run1_results.log ===
