Epoch,Phase,Recordcount,Readallfields,Requestdist,Operation,page_cache_hits,page_cache_faults,transaction_commits,transaction_rollbacks,nodes_created,nodes_deleted,relationships_created,relationships_deleted,properties_set,index_hits,index_misses,lock_acquisition_time,lock_wait_time,checkpoint_total_time,checkpoint_total_events,log_rotation_events,log_appended_bytes,log_rotation_total_time,transaction_started,transaction_peak_concurrent,transaction_active,transaction_terminated,Readprop,Updateprop,Scanprop,Insertprop,Extendprop,Runtime(ms),Throughput(ops/sec),RETURN=ERROR,Operations,AverageLatency(us),MinLatency(us),MaxLatency(us),95thPercentileLatency(us),99thPercentileLatency(us),Return=OK
0,load,2500,true,uniform,INSERT,0,0,0,0,0,0,[{count:2500},{count:2500,"label:""usertable""}]",[{count:0}],NULL,0,[{count:2500},{count:2500,"label:""usertable""}]",[{count:0}],NULL,0,[{count:2500},{count:2500,"label:""usertable""}]",[{count:0}],0,0,0,1,0,9909,252.295892622868,0,2500,3760.9356,1686,182399,6143,7691,2500
1,extend,2500,true,uniform,EXTEND,0,0,0,0,0,0,[{count:2500},{count:2500,"label:""usertable""}]",[{count:0}],NULL,0,[{count:2500},{count:2500,"label:""usertable""}]",[{count:0}],NULL,0,[{count:2500},{count:2500,"label:""usertable""}]",[{count:0}],0,0,0,0,1,71475,349.772647778944,0,25000,2832.3776,1267,237055,4567,5475,25000
1,run,2500,true,uniform,READ,0,0,0,0,0,0,[{count:2500},{count:2500,"label:""usertable""}]",[{count:0}],NULL,0,[{count:2500},{count:2500,"label:""usertable""}]",[{count:0}],NULL,0,[{count:2500},{count:2500,"label:""usertable""}]",[{count:0}],0.5,0.5,0,0,0,39359,635.178739297238,0,12531,467.655414571862,153,31439,991,1467,12531
1,run,2500,true,uniform,UPDATE,0,0,0,0,0,0,[{count:2500},{count:2500,"label:""usertable""}]",[{count:0}],NULL,0,[{count:2500},{count:2500,"label:""usertable""}]",[{count:0}],NULL,0,[{count:2500},{count:2500,"label:""usertable""}]",[{count:0}],0.5,0.5,0,0,0,39359,635.178739297238,0,12469,2635.57967760045,880,20143,4147,4643,12469
1,reference,2500,true,uniform,READ,0,0,0,0,0,0,[{count:2500},{count:2500,"label:""usertable""}]",[{count:0}],NULL,0,[{count:2500},{count:2500,"label:""usertable""}]",[{count:0}],NULL,0,[{count:2500},{count:2500,"label:""usertable""}]",[{count:0}],0.5,0.5,0,0,0,37648,664.045898852529,0,12594,559.273225345403,185,141055,1170,1930,12594
1,reference,2500,true,uniform,UPDATE,0,0,0,0,0,0,[{count:2500},{count:2500,"label:""usertable""}]",[{count:0}],NULL,0,[{count:2500},{count:2500,"label:""usertable""}]",[{count:0}],NULL,0,[{count:2500},{count:2500,"label:""usertable""}]",[{count:0}],0.5,0.5,0,0,0,37648,664.045898852529,0,12406,2412.83185555376,907,50815,4131,4643,12406
1,clean-run,2500,true,uniform,READ,0,0,0,0,0,0,[{count:2500},{count:2500,"label:""usertable""}]",[{count:0}],NULL,0,[{count:2500},{count:2500,"label:""usertable""}]",[{count:0}],NULL,0,[{count:2500},{count:2500,"label:""usertable""}]",[{count:0}],0.5,0.5,0,0,0,35269,708.837789560237,0,12537,644.982850761745,186,228735,1550,3015,12537
1,clean-run,2500,true,uniform,UPDATE,0,0,0,0,0,0,[{count:2500},{count:2500,"label:""usertable""}]",[{count:0}],NULL,0,[{count:2500},{count:2500,"label:""usertable""}]",[{count:0}],NULL,0,[{count:2500},{count:2500,"label:""usertable""}]",[{count:0}],0.5,0.5,0,0,0,35269,708.837789560237,0,12463,2128.76931717885,1079,167167,3299,4855,12463
1,avg-run,2500,true,uniform,READ,0,0,0,0,0,0,[{count:2500},{count:2500,"label:""usertable""}]",[{count:0}],NULL,0,[{count:2500},{count:2500,"label:""usertable""}]",[{count:0}],NULL,0,[{count:2500},{count:2500,"label:""usertable""}]",[{count:0}],0.5,0.5,0,0,0,39952,625.750901081298,0,12490,561.952522017614,175,47071,1187,1930,12490
1,avg-run,2500,true,uniform,UPDATE,0,0,0,0,0,0,[{count:2500},{count:2500,"label:""usertable""}]",[{count:0}],NULL,0,[{count:2500},{count:2500,"label:""usertable""}]",[{count:0}],NULL,0,[{count:2500},{count:2500,"label:""usertable""}]",[{count:0}],0.5,0.5,0,0,0,39952,625.750901081298,0,12510,2578.7068745004,1097,220543,4223,4819,12510
2,extend,2500,true,uniform,EXTEND,0,0,0,0,0,0,[{count:2500},{count:2500,"label:""usertable""}]",[{count:0}],NULL,0,[{count:2500},{count:2500,"label:""usertable""}]",[{count:0}],NULL,0,[{count:2500},{count:2500,"label:""usertable""}]",[{count:0}],0,0,0,0,1,91308,273.798571866649,0,25000,3623.53648,1082,973311,5323,7391,25000
2,run,2500,true,uniform,READ,0,0,0,0,0,0,[{count:2500},{count:2500,"label:""usertable""}]",[{count:0}],NULL,0,[{count:2500},{count:2500,"label:""usertable""}]",[{count:0}],NULL,0,[{count:2500},{count:2500,"label:""usertable""}]",[{count:0}],0.5,0.5,0,0,0,47158,530.132745239408,0,12354,511.130645944633,162,19279,1064,1677,12354
2,run,2500,true,uniform,UPDATE,0,0,0,0,0,0,[{count:2500},{count:2500,"label:""usertable""}]",[{count:0}],NULL,0,[{count:2500},{count:2500,"label:""usertable""}]",[{count:0}],NULL,0,[{count:2500},{count:2500,"label:""usertable""}]",[{count:0}],0.5,0.5,0,0,0,47158,530.132745239408,0,12646,3178.25913332279,1113,34207,4319,4875,12646
2,reference,2500,true,uniform,READ,0,0,0,0,0,0,[{count:2500},{count:2500,"label:""usertable""}]",[{count:0}],NULL,0,[{count:2500},{count:2500,"label:""usertable""}]",[{count:0}],NULL,0,[{count:2500},{count:2500,"label:""usertable""}]",[{count:0}],0.5,0.5,0,0,0,40600,615.76354679803,0,12550,476.458884462151,170,17311,975,1488,12550
2,reference,2500,true,uniform,UPDATE,0,0,0,0,0,0,[{count:2500},{count:2500,"label:""usertable""}]",[{count:0}],NULL,0,[{count:2500},{count:2500,"label:""usertable""}]",[{count:0}],NULL,0,[{count:2500},{count:2500,"label:""usertable""}]",[{count:0}],0.5,0.5,0,0,0,40600,615.76354679803,0,12450,2728.58979919679,1092,39135,4203,4611,12450
2,clean-run,2500,true,uniform,READ,0,0,0,0,0,0,[{count:2500},{count:2500,"label:""usertable""}]",[{count:0}],NULL,0,[{count:2500},{count:2500,"label:""usertable""}]",[{count:0}],NULL,0,[{count:2500},{count:2500,"label:""usertable""}]",[{count:0}],0.5,0.5,0,0,0,37854,660.432186823057,0,12436,648.780476037311,177,67007,1523,3019,12436
2,clean-run,2500,true,uniform,UPDATE,0,0,0,0,0,0,[{count:2500},{count:2500,"label:""usertable""}]",[{count:0}],NULL,0,[{count:2500},{count:2500,"label:""usertable""}]",[{count:0}],NULL,0,[{count:2500},{count:2500,"label:""usertable""}]",[{count:0}],0.5,0.5,0,0,0,37854,660.432186823057,0,12564,2318.62360713149,1095,331775,3411,4983,12564
2,avg-run,2500,true,uniform,READ,0,0,0,0,0,0,[{count:2500},{count:2500,"label:""usertable""}]",[{count:0}],NULL,0,[{count:2500},{count:2500,"label:""usertable""}]",[{count:0}],NULL,0,[{count:2500},{count:2500,"label:""usertable""}]",[{count:0}],0.5,0.5,0,0,0,44370,563.443768311922,0,12533,558.077874411554,164,42079,1193,1769,12533
2,avg-run,2500,true,uniform,UPDATE,0,0,0,0,0,0,[{count:2500},{count:2500,"label:""usertable""}]",[{count:0}],NULL,0,[{count:2500},{count:2500,"label:""usertable""}]",[{count:0}],NULL,0,[{count:2500},{count:2500,"label:""usertable""}]",[{count:0}],0.5,0.5,0,0,0,44370,563.443768311922,0,12467,2945.08799229967,1121,203263,4379,4983,12467
3,extend,2500,true,uniform,EXTEND,0,0,0,0,0,0,[{count:2500},{count:2500,"label:""usertable""}]",[{count:0}],NULL,0,[{count:2500},{count:2500,"label:""usertable""}]",[{count:0}],NULL,0,[{count:2500},{count:2500,"label:""usertable""}]",[{count:0}],0,0,0,0,1,102756,243.294795437736,0,25000,4081.57868,1400,958463,5639,7639,25000
3,run,2500,true,uniform,READ,0,0,0,0,0,0,[{count:2500},{count:2500,"label:""usertable""}]",[{count:0}],NULL,0,[{count:2500},{count:2500,"label:""usertable""}]",[{count:0}],NULL,0,[{count:2500},{count:2500,"label:""usertable""}]",[{count:0}],0.5,0.5,0,0,0,51477,485.653787128232,0,12553,544.601609177089,168,17423,1198,1764,12553
3,run,2500,true,uniform,UPDATE,0,0,0,0,0,0,[{count:2500},{count:2500,"label:""usertable""}]",[{count:0}],NULL,0,[{count:2500},{count:2500,"label:""usertable""}]",[{count:0}],NULL,0,[{count:2500},{count:2500,"label:""usertable""}]",[{count:0}],0.5,0.5,0,0,0,51477,485.653787128232,0,12447,3533.80557564072,705,30495,4579,5199,12447
3,reference,2500,true,uniform,READ,0,0,0,0,0,0,[{count:2500},{count:2500,"label:""usertable""}]",[{count:0}],NULL,0,[{count:2500},{count:2500,"label:""usertable""}]",[{count:0}],NULL,0,[{count:2500},{count:2500,"label:""usertable""}]",[{count:0}],0.5,0.5,0,0,0,46688,535.4694996573,0,12439,504.359594822735,154,33887,1033,1488,12439
3,reference,2500,true,uniform,UPDATE,0,0,0,0,0,0,[{count:2500},{count:2500,"label:""usertable""}]",[{count:0}],NULL,0,[{count:2500},{count:2500,"label:""usertable""}]",[{count:0}],NULL,0,[{count:2500},{count:2500,"label:""usertable""}]",[{count:0}],0.5,0.5,0,0,0,46688,535.4694996573,0,12561,3166.39702253005,1146,6871,4363,4799,12561
3,clean-run,2500,true,uniform,READ,0,0,0,0,0,0,[{count:2500},{count:2500,"label:""usertable""}]",[{count:0}],NULL,0,[{count:2500},{count:2500,"label:""usertable""}]",[{count:0}],NULL,0,[{count:2500},{count:2500,"label:""usertable""}]",[{count:0}],0.5,0.5,0,0,0,38820,643.997939206595,0,12523,667.399185498682,173,236543,1503,3115,12523
3,clean-run,2500,true,uniform,UPDATE,0,0,0,0,0,0,[{count:2500},{count:2500,"label:""usertable""}]",[{count:0}],NULL,0,[{count:2500},{count:2500,"label:""usertable""}]",[{count:0}],NULL,0,[{count:2500},{count:2500,"label:""usertable""}]",[{count:0}],0.5,0.5,0,0,0,38820,643.997939206595,0,12477,2388.28211909914,1077,179199,3471,4983,12477
3,avg-run,2500,true,uniform,READ,0,0,0,0,0,0,[{count:2500},{count:2500,"label:""usertable""}]",[{count:0}],NULL,0,[{count:2500},{count:2500,"label:""usertable""}]",[{count:0}],NULL,0,[{count:2500},{count:2500,"label:""usertable""}]",[{count:0}],0.5,0.5,0,0,0,48856,511.707876207631,0,12439,572.385400755688,167,47711,1176,1837,12439
3,avg-run,2500,true,uniform,UPDATE,0,0,0,0,0,0,[{count:2500},{count:2500,"label:""usertable""}]",[{count:0}],NULL,0,[{count:2500},{count:2500,"label:""usertable""}]",[{count:0}],NULL,0,[{count:2500},{count:2500,"label:""usertable""}]",[{count:0}],0.5,0.5,0,0,0,48856,511.707876207631,0,12561,3270.45219329671,1142,219007,4507,5071,12561
4,extend,2500,true,uniform,EXTEND,0,0,0,0,0,0,[{count:2500},{count:2500,"label:""usertable""}]",[{count:0}],NULL,0,[{count:2500},{count:2500,"label:""usertable""}]",[{count:0}],NULL,0,[{count:2500},{count:2500,"label:""usertable""}]",[{count:0}],0,0,0,0,1,107294,233.004641452458,0,25000,4262.91032,1449,995327,5827,7951,25000
4,run,2500,true,uniform,READ,0,0,0,0,0,0,[{count:2500},{count:2500,"label:""usertable""}]",[{count:0}],NULL,0,[{count:2500},{count:2500,"label:""usertable""}]",[{count:0}],NULL,0,[{count:2500},{count:2500,"label:""usertable""}]",[{count:0}],0.5,0.5,0,0,0,52606,475.230962247652,0,12432,551.999276061776,183,33567,1185,1873,12432
4,run,2500,true,uniform,UPDATE,0,0,0,0,0,0,[{count:2500},{count:2500,"label:""usertable""}]",[{count:0}],NULL,0,[{count:2500},{count:2500,"label:""usertable""}]",[{count:0}],NULL,0,[{count:2500},{count:2500,"label:""usertable""}]",[{count:0}],0.5,0.5,0,0,0,52606,475.230962247652,0,12568,3587.35280076384,1141,13543,4583,5103,12568
4,reference,2500,true,uniform,READ,0,0,0,0,0,0,[{count:2500},{count:2500,"label:""usertable""}]",[{count:0}],NULL,0,[{count:2500},{count:2500,"label:""usertable""}]",[{count:0}],NULL,0,[{count:2500},{count:2500,"label:""usertable""}]",[{count:0}],0.5,0.5,0,0,0,49701,503.007987766846,0,12558,512.154960981048,176,32255,1057,1496,12558
4,reference,2500,true,uniform,UPDATE,0,0,0,0,0,0,[{count:2500},{count:2500,"label:""usertable""}]",[{count:0}],NULL,0,[{count:2500},{count:2500,"label:""usertable""}]",[{count:0}],NULL,0,[{count:2500},{count:2500,"label:""usertable""}]",[{count:0}],0.5,0.5,0,0,0,49701,503.007987766846,0,12442,3426.17866902427,740,20367,4431,4855,12442
4,clean-run,2500,true,uniform,READ,0,0,0,0,0,0,[{count:2500},{count:2500,"label:""usertable""}]",[{count:0}],NULL,0,[{count:2500},{count:2500,"label:""usertable""}]",[{count:0}],NULL,0,[{count:2500},{count:2500,"label:""usertable""}]",[{count:0}],0.5,0.5,0,0,0,47507,526.238238575368,0,12613,681.076825497503,192,55007,1576,3121,12613
4,clean-run,2500,true,uniform,UPDATE,0,0,0,0,0,0,[{count:2500},{count:2500,"label:""usertable""}]",[{count:0}],NULL,0,[{count:2500},{count:2500,"label:""usertable""}]",[{count:0}],NULL,0,[{count:2500},{count:2500,"label:""usertable""}]",[{count:0}],0.5,0.5,0,0,0,47507,526.238238575368,0,12387,3089.29902316945,1118,340991,4439,5379,12387
4,avg-run,2500,true,uniform,READ,0,0,0,0,0,0,[{count:2500},{count:2500,"label:""usertable""}]",[{count:0}],NULL,0,[{count:2500},{count:2500,"label:""usertable""}]",[{count:0}],NULL,0,[{count:2500},{count:2500,"label:""usertable""}]",[{count:0}],0.5,0.5,0,0,0,50588,494.18834506207,0,12547,611.132541643421,179,184319,1296,1977,12547
4,avg-run,2500,true,uniform,UPDATE,0,0,0,0,0,0,[{count:2500},{count:2500,"label:""usertable""}]",[{count:0}],NULL,0,[{count:2500},{count:2500,"label:""usertable""}]",[{count:0}],NULL,0,[{count:2500},{count:2500,"label:""usertable""}]",[{count:0}],0.5,0.5,0,0,0,50588,494.18834506207,0,12453,3394.72930217618,1111,52895,4539,5143,12453
5,extend,2500,true,uniform,EXTEND,0,0,0,0,0,0,[{count:2500},{count:2500,"label:""usertable""}]",[{count:0}],NULL,0,[{count:2500},{count:2500,"label:""usertable""}]",[{count:0}],NULL,0,[{count:2500},{count:2500,"label:""usertable""}]",[{count:0}],0,0,0,0,1,107305,232.980755789572,0,25000,4263.15992,1243,968703,5807,8007,25000
5,run,2500,true,uniform,READ,0,0,0,0,0,0,[{count:2500},{count:2500,"label:""usertable""}]",[{count:0}],NULL,0,[{count:2500},{count:2500,"label:""usertable""}]",[{count:0}],NULL,0,[{count:2500},{count:2500,"label:""usertable""}]",[{count:0}],0.5,0.5,0,0,0,51856,482.104288799753,0,12479,537.699415017229,194,17695,1095,1701,12479
5,run,2500,true,uniform,UPDATE,0,0,0,0,0,0,[{count:2500},{count:2500,"label:""usertable""}]",[{count:0}],NULL,0,[{count:2500},{count:2500,"label:""usertable""}]",[{count:0}],NULL,0,[{count:2500},{count:2500,"label:""usertable""}]",[{count:0}],0.5,0.5,0,0,0,51856,482.104288799753,0,12521,3554.59987221468,1161,34975,4423,4963,12521
5,reference,2500,true,uniform,READ,0,0,0,0,0,0,[{count:2500},{count:2500,"label:""usertable""}]",[{count:0}],NULL,0,[{count:2500},{count:2500,"label:""usertable""}]",[{count:0}],NULL,0,[{count:2500},{count:2500,"label:""usertable""}]",[{count:0}],0.5,0.5,0,0,0,51902,481.67700666641,0,12477,531.768534102749,190,20383,1119,1602,12477
5,reference,2500,true,uniform,UPDATE,0,0,0,0,0,0,[{count:2500},{count:2500,"label:""usertable""}]",[{count:0}],NULL,0,[{count:2500},{count:2500,"label:""usertable""}]",[{count:0}],NULL,0,[{count:2500},{count:2500,"label:""usertable""}]",[{count:0}],0.5,0.5,0,0,0,51902,481.67700666641,0,12523,3564.10995767787,671,31183,4535,5039,12523
5,clean-run,2500,true,uniform,READ,0,0,0,0,0,0,[{count:2500},{count:2500,"label:""usertable""}]",[{count:0}],NULL,0,[{count:2500},{count:2500,"label:""usertable""}]",[{count:0}],NULL,0,[{count:2500},{count:2500,"label:""usertable""}]",[{count:0}],0.5,0.5,0,0,0,38852,643.467517759704,0,12556,646.691541892322,201,53087,1516,3045,12556
5,clean-run,2500,true,uniform,UPDATE,0,0,0,0,0,0,[{count:2500},{count:2500,"label:""usertable""}]",[{count:0}],NULL,0,[{count:2500},{count:2500,"label:""usertable""}]",[{count:0}],NULL,0,[{count:2500},{count:2500,"label:""usertable""}]",[{count:0}],0.5,0.5,0,0,0,38852,643.467517759704,0,12444,2416.18458694953,1163,348159,3319,4927,12444
5,avg-run,2500,true,uniform,READ,0,0,0,0,0,0,[{count:2500},{count:2500,"label:""usertable""}]",[{count:0}],NULL,0,[{count:2500},{count:2500,"label:""usertable""}]",[{count:0}],NULL,0,[{count:2500},{count:2500,"label:""usertable""}]",[{count:0}],0.5,0.5,0,0,0,50986,490.330679009924,0,12441,597.614661200868,191,183295,1207,1868,12441
5,avg-run,2500,true,uniform,UPDATE,0,0,0,0,0,0,[{count:2500},{count:2500,"label:""usertable""}]",[{count:0}],NULL,0,[{count:2500},{count:2500,"label:""usertable""}]",[{count:0}],NULL,0,[{count:2500},{count:2500,"label:""usertable""}]",[{count:0}],0.5,0.5,0,0,0,50986,490.330679009924,0,12559,3416.41420495262,1126,50271,4503,5139,12559
6,extend,2500,true,uniform,EXTEND,0,0,0,0,0,0,[{count:2500},{count:2500,"label:""usertable""}]",[{count:0}],NULL,0,[{count:2500},{count:2500,"label:""usertable""}]",[{count:0}],NULL,0,[{count:2500},{count:2500,"label:""usertable""}]",[{count:0}],0,0,0,0,1,108453,230.514600794814,0,25000,4309.96628,1454,978431,5843,7963,25000
6,run,2500,true,uniform,READ,0,0,0,0,0,0,[{count:2500},{count:2500,"label:""usertable""}]",[{count:0}],NULL,0,[{count:2500},{count:2500,"label:""usertable""}]",[{count:0}],NULL,0,[{count:2500},{count:2500,"label:""usertable""}]",[{count:0}],0.5,0.5,0,0,0,51789,482.727992430825,0,12512,518.422314578005,191,19679,1054,1671,12512
6,run,2500,true,uniform,UPDATE,0,0,0,0,0,0,[{count:2500},{count:2500,"label:""usertable""}]",[{count:0}],NULL,0,[{count:2500},{count:2500,"label:""usertable""}]",[{count:0}],NULL,0,[{count:2500},{count:2500,"label:""usertable""}]",[{count:0}],0.5,0.5,0,0,0,51789,482.727992430825,0,12488,3575.3019698911,1144,32767,4419,4943,12488
6,reference,2500,true,uniform,READ,0,0,0,0,0,0,[{count:2500},{count:2500,"label:""usertable""}]",[{count:0}],NULL,0,[{count:2500},{count:2500,"label:""usertable""}]",[{count:0}],NULL,0,[{count:2500},{count:2500,"label:""usertable""}]",[{count:0}],0.5,0.5,0,0,0,51942,481.306072157406,0,12499,521.316665333227,174,24095,1044,1516,12499
6,reference,2500,true,uniform,UPDATE,0,0,0,0,0,0,[{count:2500},{count:2500,"label:""usertable""}]",[{count:0}],NULL,0,[{count:2500},{count:2500,"label:""usertable""}]",[{count:0}],NULL,0,[{count:2500},{count:2500,"label:""usertable""}]",[{count:0}],0.5,0.5,0,0,0,51942,481.306072157406,0,12501,3581.92992560595,1158,34271,4471,4923,12501
6,clean-run,2500,true,uniform,READ,0,0,0,0,0,0,[{count:2500},{count:2500,"label:""usertable""}]",[{count:0}],NULL,0,[{count:2500},{count:2500,"label:""usertable""}]",[{count:0}],NULL,0,[{count:2500},{count:2500,"label:""usertable""}]",[{count:0}],0.5,0.5,0,0,0,39037,640.418064912775,0,12584,640.658931977114,188,210175,1462,3003,12584
6,clean-run,2500,true,uniform,UPDATE,0,0,0,0,0,0,[{count:2500},{count:2500,"label:""usertable""}]",[{count:0}],NULL,0,[{count:2500},{count:2500,"label:""usertable""}]",[{count:0}],NULL,0,[{count:2500},{count:2500,"label:""usertable""}]",[{count:0}],0.5,0.5,0,0,0,39037,640.418064912775,0,12416,2440.92541881443,1121,168575,3583,5107,12416
6,avg-run,2500,true,uniform,READ,0,0,0,0,0,0,[{count:2500},{count:2500,"label:""usertable""}]",[{count:0}],NULL,0,[{count:2500},{count:2500,"label:""usertable""}]",[{count:0}],NULL,0,[{count:2500},{count:2500,"label:""usertable""}]",[{count:0}],0.5,0.5,0,0,0,50707,493.028575936261,0,12605,578.550575168584,188,228095,1132,1828,12605
6,avg-run,2500,true,uniform,UPDATE,0,0,0,0,0,0,[{count:2500},{count:2500,"label:""usertable""}]",[{count:0}],NULL,0,[{count:2500},{count:2500,"label:""usertable""}]",[{count:0}],NULL,0,[{count:2500},{count:2500,"label:""usertable""}]",[{count:0}],0.5,0.5,0,0,0,50707,493.028575936261,0,12395,3450.61686163776,1126,53087,4447,5063,12395
7,extend,2500,true,uniform,EXTEND,0,0,0,0,0,0,[{count:2500},{count:2500,"label:""usertable""}]",[{count:0}],NULL,0,[{count:2500},{count:2500,"label:""usertable""}]",[{count:0}],NULL,0,[{count:2500},{count:2500,"label:""usertable""}]",[{count:0}],0,0,0,0,1,109517,228.275062319092,0,25000,4352.22584,1492,967167,5799,7899,25000
7,run,2500,true,uniform,READ,0,0,0,0,0,0,[{count:2500},{count:2500,"label:""usertable""}]",[{count:0}],NULL,0,[{count:2500},{count:2500,"label:""usertable""}]",[{count:0}],NULL,0,[{count:2500},{count:2500,"label:""usertable""}]",[{count:0}],0.5,0.5,0,0,0,53847,464.278418481995,0,12454,536.357555805364,190,33375,1145,1868,12454
7,run,2500,true,uniform,UPDATE,0,0,0,0,0,0,[{count:2500},{count:2500,"label:""usertable""}]",[{count:0}],NULL,0,[{count:2500},{count:2500,"label:""usertable""}]",[{count:0}],NULL,0,[{count:2500},{count:2500,"label:""usertable""}]",[{count:0}],0.5,0.5,0,0,0,53847,464.278418481995,0,12546,3709.34704288219,1160,22079,4575,5127,12546
7,reference,2500,true,uniform,READ,0,0,0,0,0,0,[{count:2500},{count:2500,"label:""usertable""}]",[{count:0}],NULL,0,[{count:2500},{count:2500,"label:""usertable""}]",[{count:0}],NULL,0,[{count:2500},{count:2500,"label:""usertable""}]",[{count:0}],0.5,0.5,0,0,0,52187,479.046505834786,0,12584,516.401541640178,203,6223,1057,1491,12584
7,reference,2500,true,uniform,UPDATE,0,0,0,0,0,0,[{count:2500},{count:2500,"label:""usertable""}]",[{count:0}],NULL,0,[{count:2500},{count:2500,"label:""usertable""}]",[{count:0}],NULL,0,[{count:2500},{count:2500,"label:""usertable""}]",[{count:0}],0.5,0.5,0,0,0,52187,479.046505834786,0,12416,3626.07667525773,663,32831,4515,4987,12416
7,clean-run,2500,true,uniform,READ,0,0,0,0,0,0,[{count:2500},{count:2500,"label:""usertable""}]",[{count:0}],NULL,0,[{count:2500},{count:2500,"label:""usertable""}]",[{count:0}],NULL,0,[{count:2500},{count:2500,"label:""usertable""}]",[{count:0}],0.5,0.5,0,0,0,45142,553.807983695893,0,12431,649.589413562867,201,58847,1469,2925,12431
7,clean-run,2500,true,uniform,UPDATE,0,0,0,0,0,0,[{count:2500},{count:2500,"label:""usertable""}]",[{count:0}],NULL,0,[{count:2500},{count:2500,"label:""usertable""}]",[{count:0}],NULL,0,[{count:2500},{count:2500,"label:""usertable""}]",[{count:0}],0.5,0.5,0,0,0,45142,553.807983695893,0,12569,2895.72129843265,1161,332799,4191,5155,12569
7,avg-run,2500,true,uniform,READ,0,0,0,0,0,0,[{count:2500},{count:2500,"label:""usertable""}]",[{count:0}],NULL,0,[{count:2500},{count:2500,"label:""usertable""}]",[{count:0}],NULL,0,[{count:2500},{count:2500,"label:""usertable""}]",[{count:0}],0.5,0.5,0,0,0,51312,487.215466167758,0,12519,560.080597491813,177,52255,1151,1768,12519
7,avg-run,2500,true,uniform,UPDATE,0,0,0,0,0,0,[{count:2500},{count:2500,"label:""usertable""}]",[{count:0}],NULL,0,[{count:2500},{count:2500,"label:""usertable""}]",[{count:0}],NULL,0,[{count:2500},{count:2500,"label:""usertable""}]",[{count:0}],0.5,0.5,0,0,0,51312,487.215466167758,0,12481,3496.67246214246,1149,181119,4479,5179,12481
8,extend,2500,true,uniform,EXTEND,0,0,0,0,0,0,[{count:2500},{count:2500,"label:""usertable""}]",[{count:0}],NULL,0,[{count:2500},{count:2500,"label:""usertable""}]",[{count:0}],NULL,0,[{count:2500},{count:2500,"label:""usertable""}]",[{count:0}],0,0,0,0,1,111402,224.412488106138,0,25000,4427.13172,1121,1003519,5899,8115,25000
8,run,2500,true,uniform,READ,0,0,0,0,0,0,[{count:2500},{count:2500,"label:""usertable""}]",[{count:0}],NULL,0,[{count:2500},{count:2500,"label:""usertable""}]",[{count:0}],NULL,0,[{count:2500},{count:2500,"label:""usertable""}]",[{count:0}],0.5,0.5,0,0,0,54568,458.14396716024,0,12424,533.067128139086,162,32271,1125,1767,12424
8,run,2500,true,uniform,UPDATE,0,0,0,0,0,0,[{count:2500},{count:2500,"label:""usertable""}]",[{count:0}],NULL,0,[{count:2500},{count:2500,"label:""usertable""}]",[{count:0}],NULL,0,[{count:2500},{count:2500,"label:""usertable""}]",[{count:0}],0.5,0.5,0,0,0,54568,458.14396716024,0,12576,3761.01685750636,1177,22591,4587,5087,12576
8,reference,2500,true,uniform,READ,0,0,0,0,0,0,[{count:2500},{count:2500,"label:""usertable""}]",[{count:0}],NULL,0,[{count:2500},{count:2500,"label:""usertable""}]",[{count:0}],NULL,0,[{count:2500},{count:2500,"label:""usertable""}]",[{count:0}],0.5,0.5,0,0,0,53656,465.931116743701,0,12508,517.322673488967,205,32063,1066,1541,12508
8,reference,2500,true,uniform,UPDATE,0,0,0,0,0,0,[{count:2500},{count:2500,"label:""usertable""}]",[{count:0}],NULL,0,[{count:2500},{count:2500,"label:""usertable""}]",[{count:0}],NULL,0,[{count:2500},{count:2500,"label:""usertable""}]",[{count:0}],0.5,0.5,0,0,0,53656,465.931116743701,0,12492,3725.4650976625,1179,19999,4555,5027,12492
8,clean-run,2500,true,uniform,READ,0,0,0,0,0,0,[{count:2500},{count:2500,"label:""usertable""}]",[{count:0}],NULL,0,[{count:2500},{count:2500,"label:""usertable""}]",[{count:0}],NULL,0,[{count:2500},{count:2500,"label:""usertable""}]",[{count:0}],0.5,0.5,0,0,0,56674,441.119384550235,0,12516,653.704458293385,180,65919,1488,2993,12516
8,clean-run,2500,true,uniform,UPDATE,0,0,0,0,0,0,[{count:2500},{count:2500,"label:""usertable""}]",[{count:0}],NULL,0,[{count:2500},{count:2500,"label:""usertable""}]",[{count:0}],NULL,0,[{count:2500},{count:2500,"label:""usertable""}]",[{count:0}],0.5,0.5,0,0,0,56674,441.119384550235,0,12484,3829.52899711631,1164,335359,4703,5431,12484
8,avg-run,2500,true,uniform,READ,0,0,0,0,0,0,[{count:2500},{count:2500,"label:""usertable""}]",[{count:0}],NULL,0,[{count:2500},{count:2500,"label:""usertable""}]",[{count:0}],NULL,0,[{count:2500},{count:2500,"label:""usertable""}]",[{count:0}],0.5,0.5,0,0,0,51779,482.821220958304,0,12543,586.209917882484,180,186111,1224,1875,12543
8,avg-run,2500,true,uniform,UPDATE,0,0,0,0,0,0,[{count:2500},{count:2500,"label:""usertable""}]",[{count:0}],NULL,0,[{count:2500},{count:2500,"label:""usertable""}]",[{count:0}],NULL,0,[{count:2500},{count:2500,"label:""usertable""}]",[{count:0}],0.5,0.5,0,0,0,51779,482.821220958304,0,12457,3513.51577426347,1092,56927,4571,5175,12457
9,extend,2500,true,uniform,EXTEND,0,0,0,0,0,0,[{count:2500},{count:2500,"label:""usertable""}]",[{count:0}],NULL,0,[{count:2500},{count:2500,"label:""usertable""}]",[{count:0}],NULL,0,[{count:2500},{count:2500,"label:""usertable""}]",[{count:0}],0,0,0,0,1,112707,221.814084307097,0,25000,4479.0064,1438,997887,5883,7975,25000
9,run,2500,true,uniform,READ,0,0,0,0,0,0,[{count:2500},{count:2500,"label:""usertable""}]",[{count:0}],NULL,0,[{count:2500},{count:2500,"label:""usertable""}]",[{count:0}],NULL,0,[{count:2500},{count:2500,"label:""usertable""}]",[{count:0}],0.5,0.5,0,0,0,55305,452.03869451225,0,12432,539.761502574003,186,19775,1115,1779,12432
9,run,2500,true,uniform,UPDATE,0,0,0,0,0,0,[{count:2500},{count:2500,"label:""usertable""}]",[{count:0}],NULL,0,[{count:2500},{count:2500,"label:""usertable""}]",[{count:0}],NULL,0,[{count:2500},{count:2500,"label:""usertable""}]",[{count:0}],0.5,0.5,0,0,0,55305,452.03869451225,0,12568,3814.78715786124,1122,34303,4631,5207,12568
9,reference,2500,true,uniform,READ,0,0,0,0,0,0,[{count:2500},{count:2500,"label:""usertable""}]",[{count:0}],NULL,0,[{count:2500},{count:2500,"label:""usertable""}]",[{count:0}],NULL,0,[{count:2500},{count:2500,"label:""usertable""}]",[{count:0}],0.5,0.5,0,0,0,53527,467.054010125731,0,12440,510.672829581994,196,30607,1032,1507,12440
9,reference,2500,true,uniform,UPDATE,0,0,0,0,0,0,[{count:2500},{count:2500,"label:""usertable""}]",[{count:0}],NULL,0,[{count:2500},{count:2500,"label:""usertable""}]",[{count:0}],NULL,0,[{count:2500},{count:2500,"label:""usertable""}]",[{count:0}],0.5,0.5,0,0,0,53527,467.054010125731,0,12560,3703.6701433121,664,33119,4567,4991,12560
9,clean-run,2500,true,uniform,READ,0,0,0,0,0,0,[{count:2500},{count:2500,"label:""usertable""}]",[{count:0}],NULL,0,[{count:2500},{count:2500,"label:""usertable""}]",[{count:0}],NULL,0,[{count:2500},{count:2500,"label:""usertable""}]",[{count:0}],0.5,0.5,0,0,0,40692,614.371375208886,0,12602,709.131725122996,182,256767,1474,3453,12602
9,clean-run,2500,true,uniform,UPDATE,0,0,0,0,0,0,[{count:2500},{count:2500,"label:""usertable""}]",[{count:0}],NULL,0,[{count:2500},{count:2500,"label:""usertable""}]",[{count:0}],NULL,0,[{count:2500},{count:2500,"label:""usertable""}]",[{count:0}],0.5,0.5,0,0,0,40692,614.371375208886,0,12398,2509.03274721729,1187,193535,3351,5415,12398
9,avg-run,2500,true,uniform,READ,0,0,0,0,0,0,[{count:2500},{count:2500,"label:""usertable""}]",[{count:0}],NULL,0,[{count:2500},{count:2500,"label:""usertable""}]",[{count:0}],NULL,0,[{count:2500},{count:2500,"label:""usertable""}]",[{count:0}],0.5,0.5,0,0,0,52578,475.484042755525,0,12394,577.773358076489,192,189823,1170,1913,12394
9,avg-run,2500,true,uniform,UPDATE,0,0,0,0,0,0,[{count:2500},{count:2500,"label:""usertable""}]",[{count:0}],NULL,0,[{count:2500},{count:2500,"label:""usertable""}]",[{count:0}],NULL,0,[{count:2500},{count:2500,"label:""usertable""}]",[{count:0}],0.5,0.5,0,0,0,52578,475.484042755525,0,12606,3551.10241155006,1107,53567,4547,5203,12606
10,extend,2500,true,uniform,EXTEND,0,0,0,0,0,0,[{count:2500},{count:2500,"label:""usertable""}]",[{count:0}],NULL,0,[{count:2500},{count:2500,"label:""usertable""}]",[{count:0}],NULL,0,[{count:2500},{count:2500,"label:""usertable""}]",[{count:0}],0,0,0,0,1,114356,218.615551435867,0,25000,4545.59872,1467,1006591,5927,8399,25000
10,run,2500,true,uniform,READ,0,0,0,0,0,0,[{count:2500},{count:2500,"label:""usertable""}]",[{count:0}],NULL,0,[{count:2500},{count:2500,"label:""usertable""}]",[{count:0}],NULL,0,[{count:2500},{count:2500,"label:""usertable""}]",[{count:0}],0.5,0.5,0,0,0,56283,444.183856581916,0,12400,541.639112903226,171,17071,1154,1783,12400
10,run,2500,true,uniform,UPDATE,0,0,0,0,0,0,[{count:2500},{count:2500,"label:""usertable""}]",[{count:0}],NULL,0,[{count:2500},{count:2500,"label:""usertable""}]",[{count:0}],NULL,0,[{count:2500},{count:2500,"label:""usertable""}]",[{count:0}],0.5,0.5,0,0,0,56283,444.183856581916,0,12600,3882.47023809524,1142,36895,4699,5235,12600
10,reference,2500,true,uniform,READ,0,0,0,0,0,0,[{count:2500},{count:2500,"label:""usertable""}]",[{count:0}],NULL,0,[{count:2500},{count:2500,"label:""usertable""}]",[{count:0}],NULL,0,[{count:2500},{count:2500,"label:""usertable""}]",[{count:0}],0.5,0.5,0,0,0,54942,455.025299406647,0,12425,519.101408450704,187,33375,1050,1495,12425
10,reference,2500,true,uniform,UPDATE,0,0,0,0,0,0,[{count:2500},{count:2500,"label:""usertable""}]",[{count:0}],NULL,0,[{count:2500},{count:2500,"label:""usertable""}]",[{count:0}],NULL,0,[{count:2500},{count:2500,"label:""usertable""}]",[{count:0}],0.5,0.5,0,0,0,54942,455.025299406647,0,12575,3804.43133200795,1155,18991,4603,5059,12575
10,clean-run,2500,true,uniform,READ,0,0,0,0,0,0,[{count:2500},{count:2500,"label:""usertable""}]",[{count:0}],NULL,0,[{count:2500},{count:2500,"label:""usertable""}]",[{count:0}],NULL,0,[{count:2500},{count:2500,"label:""usertable""}]",[{count:0}],0.5,0.5,0,0,0,55100,453.720508166969,0,12581,689.128050234481,216,73919,1465,3083,12581
10,clean-run,2500,true,uniform,UPDATE,0,0,0,0,0,0,[{count:2500},{count:2500,"label:""usertable""}]",[{count:0}],NULL,0,[{count:2500},{count:2500,"label:""usertable""}]",[{count:0}],NULL,0,[{count:2500},{count:2500,"label:""usertable""}]",[{count:0}],0.5,0.5,0,0,0,55100,453.720508166969,0,12419,3687.40276994927,1179,354559,4571,5419,12419
10,avg-run,2500,true,uniform,READ,0,0,0,0,0,0,[{count:2500},{count:2500,"label:""usertable""}]",[{count:0}],NULL,0,[{count:2500},{count:2500,"label:""usertable""}]",[{count:0}],NULL,0,[{count:2500},{count:2500,"label:""usertable""}]",[{count:0}],0.5,0.5,0,0,0,51845,482.206577297714,0,12528,544.561701787995,180,42655,1169,1841,12528
10,avg-run,2500,true,uniform,UPDATE,0,0,0,0,0,0,[{count:2500},{count:2500,"label:""usertable""}]",[{count:0}],NULL,0,[{count:2500},{count:2500,"label:""usertable""}]",[{count:0}],NULL,0,[{count:2500},{count:2500,"label:""usertable""}]",[{count:0}],0.5,0.5,0,0,0,51845,482.206577297714,0,12472,3556.90883579217,1135,215807,4515,5111,12472
11,extend,2500,true,uniform,EXTEND,0,0,0,0,0,0,[{count:2500},{count:2500,"label:""usertable""}]",[{count:0}],NULL,0,[{count:2500},{count:2500,"label:""usertable""}]",[{count:0}],NULL,0,[{count:2500},{count:2500,"label:""usertable""}]",[{count:0}],0,0,0,0,1,114745,217.874417185934,0,25000,4561.12652,1462,989695,5871,8191,25000
11,run,2500,true,uniform,READ,0,0,0,0,0,0,[{count:2500},{count:2500,"label:""usertable""}]",[{count:0}],NULL,0,[{count:2500},{count:2500,"label:""usertable""}]",[{count:0}],NULL,0,[{count:2500},{count:2500,"label:""usertable""}]",[{count:0}],0.5,0.5,0,0,0,55891,447.299207385805,0,12530,539.32106943336,213,17711,1072,1672,12530
11,run,2500,true,uniform,UPDATE,0,0,0,0,0,0,[{count:2500},{count:2500,"label:""usertable""}]",[{count:0}],NULL,0,[{count:2500},{count:2500,"label:""usertable""}]",[{count:0}],NULL,0,[{count:2500},{count:2500,"label:""usertable""}]",[{count:0}],0.5,0.5,0,0,0,55891,447.299207385805,0,12470,3888.67032878909,1227,38303,4607,5115,12470
11,reference,2500,true,uniform,READ,0,0,0,0,0,0,[{count:2500},{count:2500,"label:""usertable""}]",[{count:0}],NULL,0,[{count:2500},{count:2500,"label:""usertable""}]",[{count:0}],NULL,0,[{count:2500},{count:2500,"label:""usertable""}]",[{count:0}],0.5,0.5,0,0,0,54959,454.884550301134,0,12414,519.327211213147,202,30719,1032,1517,12414
11,reference,2500,true,uniform,UPDATE,0,0,0,0,0,0,[{count:2500},{count:2500,"label:""usertable""}]",[{count:0}],NULL,0,[{count:2500},{count:2500,"label:""usertable""}]",[{count:0}],NULL,0,[{count:2500},{count:2500,"label:""usertable""}]",[{count:0}],0.5,0.5,0,0,0,54959,454.884550301134,0,12586,3802.39424757667,1040,31007,4583,5063,12586
11,clean-run,2500,true,uniform,READ,0,0,0,0,0,0,[{count:2500},{count:2500,"label:""usertable""}]",[{count:0}],NULL,0,[{count:2500},{count:2500,"label:""usertable""}]",[{count:0}],NULL,0,[{count:2500},{count:2500,"label:""usertable""}]",[{count:0}],0.5,0.5,0,0,0,45793,545.934968226585,0,12434,717.609699211839,213,94143,1417,3819,12434
11,clean-run,2500,true,uniform,UPDATE,0,0,0,0,0,0,[{count:2500},{count:2500,"label:""usertable""}]",[{count:0}],NULL,0,[{count:2500},{count:2500,"label:""usertable""}]",[{count:0}],NULL,0,[{count:2500},{count:2500,"label:""usertable""}]",[{count:0}],0.5,0.5,0,0,0,45793,545.934968226585,0,12566,2882.12549737387,1228,348671,4211,5195,12566
11,avg-run,2500,true,uniform,READ,0,0,0,0,0,0,[{count:2500},{count:2500,"label:""usertable""}]",[{count:0}],NULL,0,[{count:2500},{count:2500,"label:""usertable""}]",[{count:0}],NULL,0,[{count:2500},{count:2500,"label:""usertable""}]",[{count:0}],0.5,0.5,0,0,0,53293,469.104760475109,0,12487,573.573396332185,192,216063,1152,1883,12487
11,avg-run,2500,true,uniform,UPDATE,0,0,0,0,0,0,[{count:2500},{count:2500,"label:""usertable""}]",[{count:0}],NULL,0,[{count:2500},{count:2500,"label:""usertable""}]",[{count:0}],NULL,0,[{count:2500},{count:2500,"label:""usertable""}]",[{count:0}],0.5,0.5,0,0,0,53293,469.104760475109,0,12513,3633.73787261248,1169,58431,4643,5219,12513
12,extend,2500,true,uniform,EXTEND,0,0,0,0,0,0,[{count:2500},{count:2500,"label:""usertable""}]",[{count:0}],NULL,0,[{count:2500},{count:2500,"label:""usertable""}]",[{count:0}],NULL,0,[{count:2500},{count:2500,"label:""usertable""}]",[{count:0}],0,0,0,0,1,114523,218.296761349249,0,25000,4552.12452,1517,1001983,5851,8223,25000
12,run,2500,true,uniform,READ,0,0,0,0,0,0,[{count:2500},{count:2500,"label:""usertable""}]",[{count:0}],NULL,0,[{count:2500},{count:2500,"label:""usertable""}]",[{count:0}],NULL,0,[{count:2500},{count:2500,"label:""usertable""}]",[{count:0}],0.5,0.5,0,0,0,55372,451.491728671531,0,12587,540.355366648129,205,10655,1063,1807,12587
12,run,2500,true,uniform,UPDATE,0,0,0,0,0,0,[{count:2500},{count:2500,"label:""usertable""}]",[{count:0}],NULL,0,[{count:2500},{count:2500,"label:""usertable""}]",[{count:0}],NULL,0,[{count:2500},{count:2500,"label:""usertable""}]",[{count:0}],0.5,0.5,0,0,0,55372,451.491728671531,0,12413,3860.31249496496,1211,35711,4567,5059,12413
12,reference,2500,true,uniform,READ,0,0,0,0,0,0,[{count:2500},{count:2500,"label:""usertable""}]",[{count:0}],NULL,0,[{count:2500},{count:2500,"label:""usertable""}]",[{count:0}],NULL,0,[{count:2500},{count:2500,"label:""usertable""}]",[{count:0}],0.5,0.5,0,0,0,55668,449.091039735575,0,12432,536.712596525097,223,31375,1096,1601,12432
12,reference,2500,true,uniform,UPDATE,0,0,0,0,0,0,[{count:2500},{count:2500,"label:""usertable""}]",[{count:0}],NULL,0,[{count:2500},{count:2500,"label:""usertable""}]",[{count:0}],NULL,0,[{count:2500},{count:2500,"label:""usertable""}]",[{count:0}],0.5,0.5,0,0,0,55668,449.091039735575,0,12568,3848.19748567791,1218,12639,4611,5071,12568
12,clean-run,2500,true,uniform,READ,0,0,0,0,0,0,[{count:2500},{count:2500,"label:""usertable""}]",[{count:0}],NULL,0,[{count:2500},{count:2500,"label:""usertable""}]",[{count:0}],NULL,0,[{count:2500},{count:2500,"label:""usertable""}]",[{count:0}],0.5,0.5,0,0,0,40443,618.153945058477,0,12437,668.931655543942,212,217983,1459,3075,12437
12,clean-run,2500,true,uniform,UPDATE,0,0,0,0,0,0,[{count:2500},{count:2500,"label:""usertable""}]",[{count:0}],NULL,0,[{count:2500},{count:2500,"label:""usertable""}]",[{count:0}],NULL,0,[{count:2500},{count:2500,"label:""usertable""}]",[{count:0}],0.5,0.5,0,0,0,40443,618.153945058477,0,12563,2505.25519382313,1338,179583,3385,4751,12563
12,avg-run,2500,true,uniform,READ,0,0,0,0,0,0,[{count:2500},{count:2500,"label:""usertable""}]",[{count:0}],NULL,0,[{count:2500},{count:2500,"label:""usertable""}]",[{count:0}],NULL,0,[{count:2500},{count:2500,"label:""usertable""}]",[{count:0}],0.5,0.5,0,0,0,53805,464.640832636372,0,12564,582.885148042025,165,186879,1210,1913,12564
12,avg-run,2500,true,uniform,UPDATE,0,0,0,0,0,0,[{count:2500},{count:2500,"label:""usertable""}]",[{count:0}],NULL,0,[{count:2500},{count:2500,"label:""usertable""}]",[{count:0}],NULL,0,[{count:2500},{count:2500,"label:""usertable""}]",[{count:0}],0.5,0.5,0,0,0,53805,464.640832636372,0,12436,3685.11048568672,1120,54879,4707,5323,12436
13,extend,2500,true,uniform,EXTEND,0,0,0,0,0,0,[{count:2500},{count:2500,"label:""usertable""}]",[{count:0}],NULL,0,[{count:2500},{count:2500,"label:""usertable""}]",[{count:0}],NULL,0,[{count:2500},{count:2500,"label:""usertable""}]",[{count:0}],0,0,0,0,1,116234,215.083366312783,0,25000,4621.26428,1566,992255,5947,8095,25000
13,run,2500,true,uniform,READ,0,0,0,0,0,0,[{count:2500},{count:2500,"label:""usertable""}]",[{count:0}],NULL,0,[{count:2500},{count:2500,"label:""usertable""}]",[{count:0}],NULL,0,[{count:2500},{count:2500,"label:""usertable""}]",[{count:0}],0.5,0.5,0,0,0,57383,435.669100604709,0,12391,568.792752804455,213,33599,1179,1825,12391
13,run,2500,true,uniform,UPDATE,0,0,0,0,0,0,[{count:2500},{count:2500,"label:""usertable""}]",[{count:0}],NULL,0,[{count:2500},{count:2500,"label:""usertable""}]",[{count:0}],NULL,0,[{count:2500},{count:2500,"label:""usertable""}]",[{count:0}],0.5,0.5,0,0,0,57383,435.669100604709,0,12609,3941.0798635895,1285,31535,4719,5275,12609
13,reference,2500,true,uniform,READ,0,0,0,0,0,0,[{count:2500},{count:2500,"label:""usertable""}]",[{count:0}],NULL,0,[{count:2500},{count:2500,"label:""usertable""}]",[{count:0}],NULL,0,[{count:2500},{count:2500,"label:""usertable""}]",[{count:0}],0.5,0.5,0,0,0,55329,451.842614180629,0,12555,536.10633213859,193,30495,1070,1485,12555
13,reference,2500,true,uniform,UPDATE,0,0,0,0,0,0,[{count:2500},{count:2500,"label:""usertable""}]",[{count:0}],NULL,0,[{count:2500},{count:2500,"label:""usertable""}]",[{count:0}],NULL,0,[{count:2500},{count:2500,"label:""usertable""}]",[{count:0}],0.5,0.5,0,0,0,55329,451.842614180629,0,12445,3853.46990759341,1237,30943,4555,4951,12445
13,clean-run,2500,true,uniform,READ,0,0,0,0,0,0,[{count:2500},{count:2500,"label:""usertable""}]",[{count:0}],NULL,0,[{count:2500},{count:2500,"label:""usertable""}]",[{count:0}],NULL,0,[{count:2500},{count:2500,"label:""usertable""}]",[{count:0}],0.5,0.5,0,0,0,39827,627.714866798905,0,12716,648.037983642655,229,57631,1413,2799,12716
13,clean-run,2500,true,uniform,UPDATE,0,0,0,0,0,0,[{count:2500},{count:2500,"label:""usertable""}]",[{count:0}],NULL,0,[{count:2500},{count:2500,"label:""usertable""}]",[{count:0}],NULL,0,[{count:2500},{count:2500,"label:""usertable""}]",[{count:0}],0.5,0.5,0,0,0,39827,627.714866798905,0,12284,2518.28451644416,1306,337151,3379,5207,12284
13,avg-run,2500,true,uniform,READ,0,0,0,0,0,0,[{count:2500},{count:2500,"label:""usertable""}]",[{count:0}],NULL,0,[{count:2500},{count:2500,"label:""usertable""}]",[{count:0}],NULL,0,[{count:2500},{count:2500,"label:""usertable""}]",[{count:0}],0.5,0.5,0,0,0,54483,458.858726575262,0,12473,577.4607552313,187,57503,1222,1920,12473
13,avg-run,2500,true,uniform,UPDATE,0,0,0,0,0,0,[{count:2500},{count:2500,"label:""usertable""}]",[{count:0}],NULL,0,[{count:2500},{count:2500,"label:""usertable""}]",[{count:0}],NULL,0,[{count:2500},{count:2500,"label:""usertable""}]",[{count:0}],0.5,0.5,0,0,0,54483,458.858726575262,0,12527,3720.66272850643,1144,204927,4691,5287,12527
14,extend,2500,true,uniform,EXTEND,0,0,0,0,0,0,[{count:2500},{count:2500,"label:""usertable""}]",[{count:0}],NULL,0,[{count:2500},{count:2500,"label:""usertable""}]",[{count:0}],NULL,0,[{count:2500},{count:2500,"label:""usertable""}]",[{count:0}],0,0,0,0,1,117962,211.932656279141,0,25000,4689.70208,1654,972287,6003,8207,25000
14,run,2500,true,uniform,READ,0,0,0,0,0,0,[{count:2500},{count:2500,"label:""usertable""}]",[{count:0}],NULL,0,[{count:2500},{count:2500,"label:""usertable""}]",[{count:0}],NULL,0,[{count:2500},{count:2500,"label:""usertable""}]",[{count:0}],0.5,0.5,0,0,0,56941,439.050947471945,0,12567,550.556536961884,214,9263,1083,1663,12567
14,run,2500,true,uniform,UPDATE,0,0,0,0,0,0,[{count:2500},{count:2500,"label:""usertable""}]",[{count:0}],NULL,0,[{count:2500},{count:2500,"label:""usertable""}]",[{count:0}],NULL,0,[{count:2500},{count:2500,"label:""usertable""}]",[{count:0}],0.5,0.5,0,0,0,56941,439.050947471945,0,12433,3970.78428376096,1396,36543,4663,5131,12433
14,reference,2500,true,uniform,READ,0,0,0,0,0,0,[{count:2500},{count:2500,"label:""usertable""}]",[{count:0}],NULL,0,[{count:2500},{count:2500,"label:""usertable""}]",[{count:0}],NULL,0,[{count:2500},{count:2500,"label:""usertable""}]",[{count:0}],0.5,0.5,0,0,0,56813,440.040131660007,0,12506,563.597713097713,190,8807,1201,1657,12506
14,reference,2500,true,uniform,UPDATE,0,0,0,0,0,0,[{count:2500},{count:2500,"label:""usertable""}]",[{count:0}],NULL,0,[{count:2500},{count:2500,"label:""usertable""}]",[{count:0}],NULL,0,[{count:2500},{count:2500,"label:""usertable""}]",[{count:0}],0.5,0.5,0,0,0,56813,440.040131660007,0,12494,3931.73035056827,1251,33727,4735,5191,12494
14,clean-run,2500,true,uniform,READ,0,0,0,0,0,0,[{count:2500},{count:2500,"label:""usertable""}]",[{count:0}],NULL,0,[{count:2500},{count:2500,"label:""usertable""}]",[{count:0}],NULL,0,[{count:2500},{count:2500,"label:""usertable""}]",[{count:0}],0.5,0.5,0,0,0,46035,543.065059194091,0,12492,797.100864553314,232,248575,1521,3853,12492
14,clean-run,2500,true,uniform,UPDATE,0,0,0,0,0,0,[{count:2500},{count:2500,"label:""usertable""}]",[{count:0}],NULL,0,[{count:2500},{count:2500,"label:""usertable""}]",[{count:0}],NULL,0,[{count:2500},{count:2500,"label:""usertable""}]",[{count:0}],0.5,0.5,0,0,0,46035,543.065059194091,0,12508,2832.68612088264,1699,193279,4179,5631,12508
14,avg-run,2500,true,uniform,READ,0,0,0,0,0,0,[{count:2500},{count:2500,"label:""usertable""}]",[{count:0}],NULL,0,[{count:2500},{count:2500,"label:""usertable""}]",[{count:0}],NULL,0,[{count:2500},{count:2500,"label:""usertable""}]",[{count:0}],0.5,0.5,0,0,0,53919,463.658450638921,0,12538,559.199792630404,195,52703,1184,1883,12538
14,avg-run,2500,true,uniform,UPDATE,0,0,0,0,0,0,[{count:2500},{count:2500,"label:""usertable""}]",[{count:0}],NULL,0,[{count:2500},{count:2500,"label:""usertable""}]",[{count:0}],NULL,0,[{count:2500},{count:2500,"label:""usertable""}]",[{count:0}],0.5,0.5,0,0,0,53919,463.658450638921,0,12462,3711.74458353394,1158,182399,4659,5303,12462
15,extend,2500,true,uniform,EXTEND,0,0,0,0,0,0,[{count:2500},{count:2500,"label:""usertable""}]",[{count:0}],NULL,0,[{count:2500},{count:2500,"label:""usertable""}]",[{count:0}],NULL,0,[{count:2500},{count:2500,"label:""usertable""}]",[{count:0}],0,0,0,0,1,118496,210.977585741291,0,25000,4710.72712,1729,1023487,6007,8423,25000
15,run,2500,true,uniform,READ,0,0,0,0,0,0,[{count:2500},{count:2500,"label:""usertable""}]",[{count:0}],NULL,0,[{count:2500},{count:2500,"label:""usertable""}]",[{count:0}],NULL,0,[{count:2500},{count:2500,"label:""usertable""}]",[{count:0}],0.5,0.5,0,0,0,57371,435.760227292535,0,12444,574.835181613629,214,10911,1153,1821,12444
15,run,2500,true,uniform,UPDATE,0,0,0,0,0,0,[{count:2500},{count:2500,"label:""usertable""}]",[{count:0}],NULL,0,[{count:2500},{count:2500,"label:""usertable""}]",[{count:0}],NULL,0,[{count:2500},{count:2500,"label:""usertable""}]",[{count:0}],0.5,0.5,0,0,0,57371,435.760227292535,0,12556,3946.74657534247,1726,35935,4707,5283,12556
15,reference,2500,true,uniform,READ,0,0,0,0,0,0,[{count:2500},{count:2500,"label:""usertable""}]",[{count:0}],NULL,0,[{count:2500},{count:2500,"label:""usertable""}]",[{count:0}],NULL,0,[{count:2500},{count:2500,"label:""usertable""}]",[{count:0}],0.5,0.5,0,0,0,57469,435.017139675303,0,12384,551.700096899225,227,6891,1110,1622,12384
15,reference,2500,true,uniform,UPDATE,0,0,0,0,0,0,[{count:2500},{count:2500,"label:""usertable""}]",[{count:0}],NULL,0,[{count:2500},{count:2500,"label:""usertable""}]",[{count:0}],NULL,0,[{count:2500},{count:2500,"label:""usertable""}]",[{count:0}],0.5,0.5,0,0,0,57469,435.017139675303,0,12616,3963.44895370958,1405,34911,4683,5163,12616
15,clean-run,2500,true,uniform,READ,0,0,0,0,0,0,[{count:2500},{count:2500,"label:""usertable""}]",[{count:0}],NULL,0,[{count:2500},{count:2500,"label:""usertable""}]",[{count:0}],NULL,0,[{count:2500},{count:2500,"label:""usertable""}]",[{count:0}],0.5,0.5,0,0,0,51079,489.437929481783,0,12506,712.140732448425,204,92607,1497,2937,12506
15,clean-run,2500,true,uniform,UPDATE,0,0,0,0,0,0,[{count:2500},{count:2500,"label:""usertable""}]",[{count:0}],NULL,0,[{count:2500},{count:2500,"label:""usertable""}]",[{count:0}],NULL,0,[{count:2500},{count:2500,"label:""usertable""}]",[{count:0}],0.5,0.5,0,0,0,51079,489.437929481783,0,12494,3322.63926684809,1880,347903,4443,5315,12494
15,avg-run,2500,true,uniform,READ,0,0,0,0,0,0,[{count:2500},{count:2500,"label:""usertable""}]",[{count:0}],NULL,0,[{count:2500},{count:2500,"label:""usertable""}]",[{count:0}],NULL,0,[{count:2500},{count:2500,"label:""usertable""}]",[{count:0}],0.5,0.5,0,0,0,53494,467.342131827869,0,12533,572.965530998165,189,186495,1205,1980,12533
15,avg-run,2500,true,uniform,UPDATE,0,0,0,0,0,0,[{count:2500},{count:2500,"label:""usertable""}]",[{count:0}],NULL,0,[{count:2500},{count:2500,"label:""usertable""}]",[{count:0}],NULL,0,[{count:2500},{count:2500,"label:""usertable""}]",[{count:0}],0.5,0.5,0,0,0,53494,467.342131827869,0,12467,3662.55402261972,1124,57119,4595,5223,12467
16,extend,2500,true,uniform,EXTEND,0,0,0,0,0,0,[{count:2500},{count:2500,"label:""usertable""}]",[{count:0}],NULL,0,[{count:2500},{count:2500,"label:""usertable""}]",[{count:0}],NULL,0,[{count:2500},{count:2500,"label:""usertable""}]",[{count:0}],0,0,0,0,1,119418,209.348674404194,0,25000,4748.16396,3426,985599,6051,8171,25000
16,run,2500,true,uniform,READ,0,0,0,0,0,0,[{count:2500},{count:2500,"label:""usertable""}]",[{count:0}],NULL,0,[{count:2500},{count:2500,"label:""usertable""}]",[{count:0}],NULL,0,[{count:2500},{count:2500,"label:""usertable""}]",[{count:0}],0.5,0.5,0,0,0,58109,430.225954671393,0,12419,570.371366454626,234,16479,1116,1788,12419
16,run,2500,true,uniform,UPDATE,0,0,0,0,0,0,[{count:2500},{count:2500,"label:""usertable""}]",[{count:0}],NULL,0,[{count:2500},{count:2500,"label:""usertable""}]",[{count:0}],NULL,0,[{count:2500},{count:2500,"label:""usertable""}]",[{count:0}],0.5,0.5,0,0,0,58109,430.225954671393,0,12581,4004.09649471425,1724,37855,4731,5203,12581
16,reference,2500,true,uniform,READ,0,0,0,0,0,0,[{count:2500},{count:2500,"label:""usertable""}]",[{count:0}],NULL,0,[{count:2500},{count:2500,"label:""usertable""}]",[{count:0}],NULL,0,[{count:2500},{count:2500,"label:""usertable""}]",[{count:0}],0.5,0.5,0,0,0,57280,436.45251396648,0,12518,546.423709857805,211,32479,1074,1535,12518
16,reference,2500,true,uniform,UPDATE,0,0,0,0,0,0,[{count:2500},{count:2500,"label:""usertable""}]",[{count:0}],NULL,0,[{count:2500},{count:2500,"label:""usertable""}]",[{count:0}],NULL,0,[{count:2500},{count:2500,"label:""usertable""}]",[{count:0}],0.5,0.5,0,0,0,57280,436.45251396648,0,12482,3989.44920685788,1410,33535,4711,5163,12482
16,clean-run,2500,true,uniform,READ,0,0,0,0,0,0,[{count:2500},{count:2500,"label:""usertable""}]",[{count:0}],NULL,0,[{count:2500},{count:2500,"label:""usertable""}]",[{count:0}],NULL,0,[{count:2500},{count:2500,"label:""usertable""}]",[{count:0}],0.5,0.5,0,0,0,60671,412.058479339388,0,12505,698.764734106357,230,61119,1508,2949,12505
16,clean-run,2500,true,uniform,UPDATE,0,0,0,0,0,0,[{count:2500},{count:2500,"label:""usertable""}]",[{count:0}],NULL,0,[{count:2500},{count:2500,"label:""usertable""}]",[{count:0}],NULL,0,[{count:2500},{count:2500,"label:""usertable""}]",[{count:0}],0.5,0.5,0,0,0,60671,412.058479339388,0,12495,4102.52717086835,1437,347647,4935,5687,12495
16,avg-run,2500,true,uniform,READ,0,0,0,0,0,0,[{count:2500},{count:2500,"label:""usertable""}]",[{count:0}],NULL,0,[{count:2500},{count:2500,"label:""usertable""}]",[{count:0}],NULL,0,[{count:2500},{count:2500,"label:""usertable""}]",[{count:0}],0.5,0.5,0,0,0,54118,461.953508998854,0,12588,595.753892596123,166,188415,1256,1967,12588
16,avg-run,2500,true,uniform,UPDATE,0,0,0,0,0,0,[{count:2500},{count:2500,"label:""usertable""}]",[{count:0}],NULL,0,[{count:2500},{count:2500,"label:""usertable""}]",[{count:0}],NULL,0,[{count:2500},{count:2500,"label:""usertable""}]",[{count:0}],0.5,0.5,0,0,0,54118,461.953508998854,0,12412,3703.35433451499,1146,49951,4655,5287,12412
17,extend,2500,true,uniform,EXTEND,0,0,0,0,0,0,[{count:2500},{count:2500,"label:""usertable""}]",[{count:0}],NULL,0,[{count:2500},{count:2500,"label:""usertable""}]",[{count:0}],NULL,0,[{count:2500},{count:2500,"label:""usertable""}]",[{count:0}],0,0,0,0,1,117271,213.181434455236,0,25000,4662.16232,1637,982527,5975,8223,25000
17,run,2500,true,uniform,READ,0,0,0,0,0,0,[{count:2500},{count:2500,"label:""usertable""}]",[{count:0}],NULL,0,[{count:2500},{count:2500,"label:""usertable""}]",[{count:0}],NULL,0,[{count:2500},{count:2500,"label:""usertable""}]",[{count:0}],0.5,0.5,0,0,0,58510,427.277388480602,0,12561,587.288193615158,225,8951,1180,1857,12561
17,run,2500,true,uniform,UPDATE,0,0,0,0,0,0,[{count:2500},{count:2500,"label:""usertable""}]",[{count:0}],NULL,0,[{count:2500},{count:2500,"label:""usertable""}]",[{count:0}],NULL,0,[{count:2500},{count:2500,"label:""usertable""}]",[{count:0}],0.5,0.5,0,0,0,58510,427.277388480602,0,12439,4057.39866548758,3090,35391,4791,5371,12439
17,reference,2500,true,uniform,READ,0,0,0,0,0,0,[{count:2500},{count:2500,"label:""usertable""}]",[{count:0}],NULL,0,[{count:2500},{count:2500,"label:""usertable""}]",[{count:0}],NULL,0,[{count:2500},{count:2500,"label:""usertable""}]",[{count:0}],0.5,0.5,0,0,0,57959,431.339395089632,0,12520,562.566453674121,222,29359,1121,1609,12520
17,reference,2500,true,uniform,UPDATE,0,0,0,0,0,0,[{count:2500},{count:2500,"label:""usertable""}]",[{count:0}],NULL,0,[{count:2500},{count:2500,"label:""usertable""}]",[{count:0}],NULL,0,[{count:2500},{count:2500,"label:""usertable""}]",[{count:0}],0.5,0.5,0,0,0,57959,431.339395089632,0,12480,4028.1046474359,1275,30415,4751,5219,12480
17,clean-run,2500,true,uniform,READ,0,0,0,0,0,0,[{count:2500},{count:2500,"label:""usertable""}]",[{count:0}],NULL,0,[{count:2500},{count:2500,"label:""usertable""}]",[{count:0}],NULL,0,[{count:2500},{count:2500,"label:""usertable""}]",[{count:0}],0.5,0.5,0,0,0,48922,511.017538121908,0,12520,705.645926517572,244,227967,1482,2985,12520
17,clean-run,2500,true,uniform,UPDATE,0,0,0,0,0,0,[{count:2500},{count:2500,"label:""usertable""}]",[{count:0}],NULL,0,[{count:2500},{count:2500,"label:""usertable""}]",[{count:0}],NULL,0,[{count:2500},{count:2500,"label:""usertable""}]",[{count:0}],0.5,0.5,0,0,0,48922,511.017538121908,0,12480,3159.38381410256,1625,163967,4431,5131,12480
17,avg-run,2500,true,uniform,READ,0,0,0,0,0,0,[{count:2500},{count:2500,"label:""usertable""}]",[{count:0}],NULL,0,[{count:2500},{count:2500,"label:""usertable""}]",[{count:0}],NULL,0,[{count:2500},{count:2500,"label:""usertable""}]",[{count:0}],0.5,0.5,0,0,0,54147,461.706096367296,0,12600,591.922063492063,182,198143,1197,2041,12600
17,avg-run,2500,true,uniform,UPDATE,0,0,0,0,0,0,[{count:2500},{count:2500,"label:""usertable""}]",[{count:0}],NULL,0,[{count:2500},{count:2500,"label:""usertable""}]",[{count:0}],NULL,0,[{count:2500},{count:2500,"label:""usertable""}]",[{count:0}],0.5,0.5,0,0,0,54147,461.706096367296,0,12400,3712.54016129032,1182,50015,4619,5223,12400
18,extend,2500,true,uniform,EXTEND,0,0,0,0,0,0,[{count:2500},{count:2500,"label:""usertable""}]",[{count:0}],NULL,0,[{count:2500},{count:2500,"label:""usertable""}]",[{count:0}],NULL,0,[{count:2500},{count:2500,"label:""usertable""}]",[{count:0}],0,0,0,0,1,120268,207.869092360395,0,25000,4781.63656,3474,1018879,6115,8367,25000
18,run,2500,true,uniform,READ,0,0,0,0,0,0,[{count:2500},{count:2500,"label:""usertable""}]",[{count:0}],NULL,0,[{count:2500},{count:2500,"label:""usertable""}]",[{count:0}],NULL,0,[{count:2500},{count:2500,"label:""usertable""}]",[{count:0}],0.5,0.5,0,0,0,58198,429.56802639266,0,12565,573.722801432551,178,34399,1236,1861,12565
18,run,2500,true,uniform,UPDATE,0,0,0,0,0,0,[{count:2500},{count:2500,"label:""usertable""}]",[{count:0}],NULL,0,[{count:2500},{count:2500,"label:""usertable""}]",[{count:0}],NULL,0,[{count:2500},{count:2500,"label:""usertable""}]",[{count:0}],0.5,0.5,0,0,0,58198,429.56802639266,0,12435,4048.37145154805,3086,31999,4815,5367,12435
18,reference,2500,true,uniform,READ,0,0,0,0,0,0,[{count:2500},{count:2500,"label:""usertable""}]",[{count:0}],NULL,0,[{count:2500},{count:2500,"label:""usertable""}]",[{count:0}],NULL,0,[{count:2500},{count:2500,"label:""usertable""}]",[{count:0}],0.5,0.5,0,0,0,58022,430.871048912481,0,12545,561.770904742926,213,31631,1142,1613,12545
18,reference,2500,true,uniform,UPDATE,0,0,0,0,0,0,[{count:2500},{count:2500,"label:""usertable""}]",[{count:0}],NULL,0,[{count:2500},{count:2500,"label:""usertable""}]",[{count:0}],NULL,0,[{count:2500},{count:2500,"label:""usertable""}]",[{count:0}],0.5,0.5,0,0,0,58022,430.871048912481,0,12455,4041.28205539944,1393,12319,4775,5227,12455
18,clean-run,2500,true,uniform,READ,0,0,0,0,0,0,[{count:2500},{count:2500,"label:""usertable""}]",[{count:0}],NULL,0,[{count:2500},{count:2500,"label:""usertable""}]",[{count:0}],NULL,0,[{count:2500},{count:2500,"label:""usertable""}]",[{count:0}],0.5,0.5,0,0,0,44991,555.666688893334,0,12564,800.564071951608,228,271871,1536,3913,12564
18,clean-run,2500,true,uniform,UPDATE,0,0,0,0,0,0,[{count:2500},{count:2500,"label:""usertable""}]",[{count:0}],NULL,0,[{count:2500},{count:2500,"label:""usertable""}]",[{count:0}],NULL,0,[{count:2500},{count:2500,"label:""usertable""}]",[{count:0}],0.5,0.5,0,0,0,44991,555.666688893334,0,12436,2756.33990028948,1681,184319,3971,5979,12436
18,avg-run,2500,true,uniform,READ,0,0,0,0,0,0,[{count:2500},{count:2500,"label:""usertable""}]",[{count:0}],NULL,0,[{count:2500},{count:2500,"label:""usertable""}]",[{count:0}],NULL,0,[{count:2500},{count:2500,"label:""usertable""}]",[{count:0}],0.5,0.5,0,0,0,54768,456.470931931055,0,12464,578.299903722721,206,49791,1215,1980,12464
18,avg-run,2500,true,uniform,UPDATE,0,0,0,0,0,0,[{count:2500},{count:2500,"label:""usertable""}]",[{count:0}],NULL,0,[{count:2500},{count:2500,"label:""usertable""}]",[{count:0}],NULL,0,[{count:2500},{count:2500,"label:""usertable""}]",[{count:0}],0.5,0.5,0,0,0,54768,456.470931931055,0,12536,3740.34333120613,1151,182015,4647,5343,12536
19,extend,2500,true,uniform,EXTEND,0,0,0,0,0,0,[{count:2500},{count:2500,"label:""usertable""}]",[{count:0}],NULL,0,[{count:2500},{count:2500,"label:""usertable""}]",[{count:0}],NULL,0,[{count:2500},{count:2500,"label:""usertable""}]",[{count:0}],0,0,0,0,1,118163,211.572150334707,0,25000,4698.25224,3402,997887,5851,7091,25000
19,run,2500,true,uniform,READ,0,0,0,0,0,0,[{count:2500},{count:2500,"label:""usertable""}]",[{count:0}],NULL,0,[{count:2500},{count:2500,"label:""usertable""}]",[{count:0}],NULL,0,[{count:2500},{count:2500,"label:""usertable""}]",[{count:0}],0.5,0.5,0,0,0,59347,421.251284816419,0,12493,601.500600336188,242,33439,1218,1901,12493
19,run,2500,true,uniform,UPDATE,0,0,0,0,0,0,[{count:2500},{count:2500,"label:""usertable""}]",[{count:0}],NULL,0,[{count:2500},{count:2500,"label:""usertable""}]",[{count:0}],NULL,0,[{count:2500},{count:2500,"label:""usertable""}]",[{count:0}],0.5,0.5,0,0,0,59347,421.251284816419,0,12507,4091.93803470057,1928,31023,4835,5399,12507
19,reference,2500,true,uniform,READ,0,0,0,0,0,0,[{count:2500},{count:2500,"label:""usertable""}]",[{count:0}],NULL,0,[{count:2500},{count:2500,"label:""usertable""}]",[{count:0}],NULL,0,[{count:2500},{count:2500,"label:""usertable""}]",[{count:0}],0.5,0.5,0,0,0,57990,431.108811864115,0,12570,561.097613365155,232,31935,1099,1584,12570
19,reference,2500,true,uniform,UPDATE,0,0,0,0,0,0,[{count:2500},{count:2500,"label:""usertable""}]",[{count:0}],NULL,0,[{count:2500},{count:2500,"label:""usertable""}]",[{count:0}],NULL,0,[{count:2500},{count:2500,"label:""usertable""}]",[{count:0}],0.5,0.5,0,0,0,57990,431.108811864115,0,12430,4044.72944489139,1543,29359,4779,5219,12430
19,clean-run,2500,true,uniform,READ,0,0,0,0,0,0,[{count:2500},{count:2500,"label:""usertable""}]",[{count:0}],NULL,0,[{count:2500},{count:2500,"label:""usertable""}]",[{count:0}],NULL,0,[{count:2500},{count:2500,"label:""usertable""}]",[{count:0}],0.5,0.5,0,0,0,61121,409.024721454165,0,12489,701.741692689567,235,62847,1498,3083,12489
19,clean-run,2500,true,uniform,UPDATE,0,0,0,0,0,0,[{count:2500},{count:2500,"label:""usertable""}]",[{count:0}],NULL,0,[{count:2500},{count:2500,"label:""usertable""}]",[{count:0}],NULL,0,[{count:2500},{count:2500,"label:""usertable""}]",[{count:0}],0.5,0.5,0,0,0,61121,409.024721454165,0,12511,4132.7312764767,2232,336127,4927,5607,12511
19,avg-run,2500,true,uniform,READ,0,0,0,0,0,0,[{count:2500},{count:2500,"label:""usertable""}]",[{count:0}],NULL,0,[{count:2500},{count:2500,"label:""usertable""}]",[{count:0}],NULL,0,[{count:2500},{count:2500,"label:""usertable""}]",[{count:0}],0.5,0.5,0,0,0,54768,456.470931931055,0,12622,581.197433053399,208,50495,1179,2077,12622
19,avg-run,2500,true,uniform,UPDATE,0,0,0,0,0,0,[{count:2500},{count:2500,"label:""usertable""}]",[{count:0}],NULL,0,[{count:2500},{count:2500,"label:""usertable""}]",[{count:0}],NULL,0,[{count:2500},{count:2500,"label:""usertable""}]",[{count:0}],0.5,0.5,0,0,0,54768,456.470931931055,0,12378,3779.69041848441,1188,174847,4639,5359,12378
20,extend,2500,true,uniform,EXTEND,0,0,0,0,0,0,[{count:2500},{count:2500,"label:""usertable""}]",[{count:0}],NULL,0,[{count:2500},{count:2500,"label:""usertable""}]",[{count:0}],NULL,0,[{count:2500},{count:2500,"label:""usertable""}]",[{count:0}],0,0,0,0,1,120386,207.665343146213,0,25000,4787.07908,1791,958975,6055,8327,25000
20,run,2500,true,uniform,READ,0,0,0,0,0,0,[{count:2500},{count:2500,"label:""usertable""}]",[{count:0}],NULL,0,[{count:2500},{count:2500,"label:""usertable""}]",[{count:0}],NULL,0,[{count:2500},{count:2500,"label:""usertable""}]",[{count:0}],0.5,0.5,0,0,0,60046,416.347466942011,0,12475,617.710541082164,257,33919,1273,1937,12475
20,run,2500,true,uniform,UPDATE,0,0,0,0,0,0,[{count:2500},{count:2500,"label:""usertable""}]",[{count:0}],NULL,0,[{count:2500},{count:2500,"label:""usertable""}]",[{count:0}],NULL,0,[{count:2500},{count:2500,"label:""usertable""}]",[{count:0}],0.5,0.5,0,0,0,60046,416.347466942011,0,12525,4126.90754491018,3092,32863,4899,5391,12525
20,reference,2500,true,uniform,READ,0,0,0,0,0,0,[{count:2500},{count:2500,"label:""usertable""}]",[{count:0}],NULL,0,[{count:2500},{count:2500,"label:""usertable""}]",[{count:0}],NULL,0,[{count:2500},{count:2500,"label:""usertable""}]",[{count:0}],0.5,0.5,0,0,0,59050,423.370025402202,0,12455,581.151023685267,240,31071,1165,1637,12455
20,reference,2500,true,uniform,UPDATE,0,0,0,0,0,0,[{count:2500},{count:2500,"label:""usertable""}]",[{count:0}],NULL,0,[{count:2500},{count:2500,"label:""usertable""}]",[{count:0}],NULL,0,[{count:2500},{count:2500,"label:""usertable""}]",[{count:0}],0.5,0.5,0,0,0,59050,423.370025402202,0,12545,4076.84208848147,3124,30751,4811,5263,12545
20,clean-run,2500,true,uniform,READ,0,0,0,0,0,0,[{count:2500},{count:2500,"label:""usertable""}]",[{count:0}],NULL,0,[{count:2500},{count:2500,"label:""usertable""}]",[{count:0}],NULL,0,[{count:2500},{count:2500,"label:""usertable""}]",[{count:0}],0.5,0.5,0,0,0,63209,395.51329715705,0,12522,880.35593355694,244,291327,1553,4559,12522
20,clean-run,2500,true,uniform,UPDATE,0,0,0,0,0,0,[{count:2500},{count:2500,"label:""usertable""}]",[{count:0}],NULL,0,[{count:2500},{count:2500,"label:""usertable""}]",[{count:0}],NULL,0,[{count:2500},{count:2500,"label:""usertable""}]",[{count:0}],0.5,0.5,0,0,0,63209,395.51329715705,0,12478,4129.58294598493,1494,211199,4903,6999,12478
20,avg-run,2500,true,uniform,READ,0,0,0,0,0,0,[{count:2500},{count:2500,"label:""usertable""}]",[{count:0}],NULL,0,[{count:2500},{count:2500,"label:""usertable""}]",[{count:0}],NULL,0,[{count:2500},{count:2500,"label:""usertable""}]",[{count:0}],0.5,0.5,0,0,0,56612,441.602487105207,0,12435,586.689103337354,181,199423,1203,1858,12435
20,avg-run,2500,true,uniform,UPDATE,0,0,0,0,0,0,[{count:2500},{count:2500,"label:""usertable""}]",[{count:0}],NULL,0,[{count:2500},{count:2500,"label:""usertable""}]",[{count:0}],NULL,0,[{count:2500},{count:2500,"label:""usertable""}]",[{count:0}],0.5,0.5,0,0,0,56612,441.602487105207,0,12565,3873.21846398727,1120,52447,4783,5383,12565
21,extend,2500,true,uniform,EXTEND,0,0,0,0,0,0,[{count:2500},{count:2500,"label:""usertable""}]",[{count:0}],NULL,0,[{count:2500},{count:2500,"label:""usertable""}]",[{count:0}],NULL,0,[{count:2500},{count:2500,"label:""usertable""}]",[{count:0}],0,0,0,0,1,121652,205.504225166869,0,25000,4837.88232,3510,984575,6099,8399,25000
21,run,2500,true,uniform,READ,0,0,0,0,0,0,[{count:2500},{count:2500,"label:""usertable""}]",[{count:0}],NULL,0,[{count:2500},{count:2500,"label:""usertable""}]",[{count:0}],NULL,0,[{count:2500},{count:2500,"label:""usertable""}]",[{count:0}],0.5,0.5,0,0,0,58297,428.838533715286,0,12466,586.198058719718,252,31231,1131,1799,12466
21,run,2500,true,uniform,UPDATE,0,0,0,0,0,0,[{count:2500},{count:2500,"label:""usertable""}]",[{count:0}],NULL,0,[{count:2500},{count:2500,"label:""usertable""}]",[{count:0}],NULL,0,[{count:2500},{count:2500,"label:""usertable""}]",[{count:0}],0.5,0.5,0,0,0,58297,428.838533715286,0,12534,4015.99768629328,3116,31343,4719,5263,12534
21,reference,2500,true,uniform,READ,0,0,0,0,0,0,[{count:2500},{count:2500,"label:""usertable""}]",[{count:0}],NULL,0,[{count:2500},{count:2500,"label:""usertable""}]",[{count:0}],NULL,0,[{count:2500},{count:2500,"label:""usertable""}]",[{count:0}],0.5,0.5,0,0,0,58178,429.715700092819,0,12482,568.419724403141,242,33023,1121,1609,12482
21,reference,2500,true,uniform,UPDATE,0,0,0,0,0,0,[{count:2500},{count:2500,"label:""usertable""}]",[{count:0}],NULL,0,[{count:2500},{count:2500,"label:""usertable""}]",[{count:0}],NULL,0,[{count:2500},{count:2500,"label:""usertable""}]",[{count:0}],0.5,0.5,0,0,0,58178,429.715700092819,0,12518,4029.90949033392,2598,28815,4787,5243,12518
21,clean-run,2500,true,uniform,READ,0,0,0,0,0,0,[{count:2500},{count:2500,"label:""usertable""}]",[{count:0}],NULL,0,[{count:2500},{count:2500,"label:""usertable""}]",[{count:0}],NULL,0,[{count:2500},{count:2500,"label:""usertable""}]",[{count:0}],0.5,0.5,0,0,0,62056,402.861931158953,0,12598,723.769725353231,235,56767,1595,3007,12598
21,clean-run,2500,true,uniform,UPDATE,0,0,0,0,0,0,[{count:2500},{count:2500,"label:""usertable""}]",[{count:0}],NULL,0,[{count:2500},{count:2500,"label:""usertable""}]",[{count:0}],NULL,0,[{count:2500},{count:2500,"label:""usertable""}]",[{count:0}],0.5,0.5,0,0,0,62056,402.861931158953,0,12402,4215.49822609257,2438,337407,4991,5939,12402
21,avg-run,2500,true,uniform,READ,0,0,0,0,0,0,[{count:2500},{count:2500,"label:""usertable""}]",[{count:0}],NULL,0,[{count:2500},{count:2500,"label:""usertable""}]",[{count:0}],NULL,0,[{count:2500},{count:2500,"label:""usertable""}]",[{count:0}],0.5,0.5,0,0,0,55893,447.283201832072,0,12536,590.3236279515,180,41055,1219,1918,12536
21,avg-run,2500,true,uniform,UPDATE,0,0,0,0,0,0,[{count:2500},{count:2500,"label:""usertable""}]",[{count:0}],NULL,0,[{count:2500},{count:2500,"label:""usertable""}]",[{count:0}],NULL,0,[{count:2500},{count:2500,"label:""usertable""}]",[{count:0}],0.5,0.5,0,0,0,55893,447.283201832072,0,12464,3838.13462772786,1169,244735,4675,5279,12464
22,extend,2500,true,uniform,EXTEND,0,0,0,0,0,0,[{count:2500},{count:2500,"label:""usertable""}]",[{count:0}],NULL,0,[{count:2500},{count:2500,"label:""usertable""}]",[{count:0}],NULL,0,[{count:2500},{count:2500,"label:""usertable""}]",[{count:0}],0,0,0,0,1,121670,205.473822634996,0,25000,4837.67172,2778,995327,6107,8231,25000
22,run,2500,true,uniform,READ,0,0,0,0,0,0,[{count:2500},{count:2500,"label:""usertable""}]",[{count:0}],NULL,0,[{count:2500},{count:2500,"label:""usertable""}]",[{count:0}],NULL,0,[{count:2500},{count:2500,"label:""usertable""}]",[{count:0}],0.5,0.5,0,0,0,60203,415.26169792203,0,12392,608.813831504196,263,33759,1205,1810,12392
22,run,2500,true,uniform,UPDATE,0,0,0,0,0,0,[{count:2500},{count:2500,"label:""usertable""}]",[{count:0}],NULL,0,[{count:2500},{count:2500,"label:""usertable""}]",[{count:0}],NULL,0,[{count:2500},{count:2500,"label:""usertable""}]",[{count:0}],0.5,0.5,0,0,0,60203,415.26169792203,0,12608,4126.23270939086,3138,32895,4867,5383,12608
22,reference,2500,true,uniform,READ,0,0,0,0,0,0,[{count:2500},{count:2500,"label:""usertable""}]",[{count:0}],NULL,0,[{count:2500},{count:2500,"label:""usertable""}]",[{count:0}],NULL,0,[{count:2500},{count:2500,"label:""usertable""}]",[{count:0}],0.5,0.5,0,0,0,59074,423.198022818837,0,12394,576.516217524609,239,10679,1119,1576,12394
22,reference,2500,true,uniform,UPDATE,0,0,0,0,0,0,[{count:2500},{count:2500,"label:""usertable""}]",[{count:0}],NULL,0,[{count:2500},{count:2500,"label:""usertable""}]",[{count:0}],NULL,0,[{count:2500},{count:2500,"label:""usertable""}]",[{count:0}],0.5,0.5,0,0,0,59074,423.198022818837,0,12606,4068.60883706172,3164,34751,4775,5235,12606
22,clean-run,2500,true,uniform,READ,0,0,0,0,0,0,[{count:2500},{count:2500,"label:""usertable""}]",[{count:0}],NULL,0,[{count:2500},{count:2500,"label:""usertable""}]",[{count:0}],NULL,0,[{count:2500},{count:2500,"label:""usertable""}]",[{count:0}],0.5,0.5,0,0,0,47757,523.483468392068,0,12534,732.782591351524,250,81471,1485,2919,12534
22,clean-run,2500,true,uniform,UPDATE,0,0,0,0,0,0,[{count:2500},{count:2500,"label:""usertable""}]",[{count:0}],NULL,0,[{count:2500},{count:2500,"label:""usertable""}]",[{count:0}],NULL,0,[{count:2500},{count:2500,"label:""usertable""}]",[{count:0}],0.5,0.5,0,0,0,47757,523.483468392068,0,12466,3041.64800256698,1849,369407,4383,5287,12466
22,avg-run,2500,true,uniform,READ,0,0,0,0,0,0,[{count:2500},{count:2500,"label:""usertable""}]",[{count:0}],NULL,0,[{count:2500},{count:2500,"label:""usertable""}]",[{count:0}],NULL,0,[{count:2500},{count:2500,"label:""usertable""}]",[{count:0}],0.5,0.5,0,0,0,56932,439.120354106654,0,12432,592.467261904762,199,54847,1247,2006,12432
22,avg-run,2500,true,uniform,UPDATE,0,0,0,0,0,0,[{count:2500},{count:2500,"label:""usertable""}]",[{count:0}],NULL,0,[{count:2500},{count:2500,"label:""usertable""}]",[{count:0}],NULL,0,[{count:2500},{count:2500,"label:""usertable""}]",[{count:0}],0.5,0.5,0,0,0,56932,439.120354106654,0,12568,3892.32662316996,1173,181247,4791,5439,12568
23,extend,2500,true,uniform,EXTEND,0,0,0,0,0,0,[{count:2500},{count:2500,"label:""usertable""}]",[{count:0}],NULL,0,[{count:2500},{count:2500,"label:""usertable""}]",[{count:0}],NULL,0,[{count:2500},{count:2500,"label:""usertable""}]",[{count:0}],0,0,0,0,1,122615,203.890225502589,0,25000,4875.72948,1999,942591,6175,8639,25000
23,run,2500,true,uniform,READ,0,0,0,0,0,0,[{count:2500},{count:2500,"label:""usertable""}]",[{count:0}],NULL,0,[{count:2500},{count:2500,"label:""usertable""}]",[{count:0}],NULL,0,[{count:2500},{count:2500,"label:""usertable""}]",[{count:0}],0.5,0.5,0,0,0,60172,415.475636508675,0,12447,612.413513296377,266,33663,1222,1948,12447
23,run,2500,true,uniform,UPDATE,0,0,0,0,0,0,[{count:2500},{count:2500,"label:""usertable""}]",[{count:0}],NULL,0,[{count:2500},{count:2500,"label:""usertable""}]",[{count:0}],NULL,0,[{count:2500},{count:2500,"label:""usertable""}]",[{count:0}],0.5,0.5,0,0,0,60172,415.475636508675,0,12553,4134.54425236995,3094,33823,4891,5443,12553
23,reference,2500,true,uniform,READ,0,0,0,0,0,0,[{count:2500},{count:2500,"label:""usertable""}]",[{count:0}],NULL,0,[{count:2500},{count:2500,"label:""usertable""}]",[{count:0}],NULL,0,[{count:2500},{count:2500,"label:""usertable""}]",[{count:0}],0.5,0.5,0,0,0,59435,420.627576343905,0,12392,575.848289218851,228,31919,1115,1528,12392
23,reference,2500,true,uniform,UPDATE,0,0,0,0,0,0,[{count:2500},{count:2500,"label:""usertable""}]",[{count:0}],NULL,0,[{count:2500},{count:2500,"label:""usertable""}]",[{count:0}],NULL,0,[{count:2500},{count:2500,"label:""usertable""}]",[{count:0}],0.5,0.5,0,0,0,59435,420.627576343905,0,12608,4096.98429568528,3116,33343,4803,5227,12608
23,clean-run,2500,true,uniform,READ,0,0,0,0,0,0,[{count:2500},{count:2500,"label:""usertable""}]",[{count:0}],NULL,0,[{count:2500},{count:2500,"label:""usertable""}]",[{count:0}],NULL,0,[{count:2500},{count:2500,"label:""usertable""}]",[{count:0}],0.5,0.5,0,0,0,54005,462.920099990742,0,12405,722.620153164047,270,63135,1554,3091,12405
23,clean-run,2500,true,uniform,UPDATE,0,0,0,0,0,0,[{count:2500},{count:2500,"label:""usertable""}]",[{count:0}],NULL,0,[{count:2500},{count:2500,"label:""usertable""}]",[{count:0}],NULL,0,[{count:2500},{count:2500,"label:""usertable""}]",[{count:0}],0.5,0.5,0,0,0,54005,462.920099990742,0,12595,3524.18904327114,1764,335615,4599,5451,12595
23,avg-run,2500,true,uniform,READ,0,0,0,0,0,0,[{count:2500},{count:2500,"label:""usertable""}]",[{count:0}],NULL,0,[{count:2500},{count:2500,"label:""usertable""}]",[{count:0}],NULL,0,[{count:2500},{count:2500,"label:""usertable""}]",[{count:0}],0.5,0.5,0,0,0,56143,445.291487807919,0,12665,581.880457954994,180,48735,1219,1967,12665
23,avg-run,2500,true,uniform,UPDATE,0,0,0,0,0,0,[{count:2500},{count:2500,"label:""usertable""}]",[{count:0}],NULL,0,[{count:2500},{count:2500,"label:""usertable""}]",[{count:0}],NULL,0,[{count:2500},{count:2500,"label:""usertable""}]",[{count:0}],0.5,0.5,0,0,0,56143,445.291487807919,0,12335,3901.59594649372,1168,204671,4799,5379,12335
24,extend,2500,true,uniform,EXTEND,0,0,0,0,0,0,[{count:2500},{count:2500,"label:""usertable""}]",[{count:0}],NULL,0,[{count:2500},{count:2500,"label:""usertable""}]",[{count:0}],NULL,0,[{count:2500},{count:2500,"label:""usertable""}]",[{count:0}],0,0,0,0,1,122504,204.074968980605,0,25000,4871.55612,2524,948223,6219,8335,25000
24,run,2500,true,uniform,READ,0,0,0,0,0,0,[{count:2500},{count:2500,"label:""usertable""}]",[{count:0}],NULL,0,[{count:2500},{count:2500,"label:""usertable""}]",[{count:0}],NULL,0,[{count:2500},{count:2500,"label:""usertable""}]",[{count:0}],0.5,0.5,0,0,0,60393,413.95525971553,0,12484,607.928628644665,257,17375,1182,1780,12484
24,run,2500,true,uniform,UPDATE,0,0,0,0,0,0,[{count:2500},{count:2500,"label:""usertable""}]",[{count:0}],NULL,0,[{count:2500},{count:2500,"label:""usertable""}]",[{count:0}],NULL,0,[{count:2500},{count:2500,"label:""usertable""}]",[{count:0}],0.5,0.5,0,0,0,60393,413.95525971553,0,12516,4167.02516778524,3160,35711,4887,5391,12516
24,reference,2500,true,uniform,READ,0,0,0,0,0,0,[{count:2500},{count:2500,"label:""usertable""}]",[{count:0}],NULL,0,[{count:2500},{count:2500,"label:""usertable""}]",[{count:0}],NULL,0,[{count:2500},{count:2500,"label:""usertable""}]",[{count:0}],0.5,0.5,0,0,0,57692,433.33564445677,0,12625,566.429782178218,227,7551,1072,1539,12625
24,reference,2500,true,uniform,UPDATE,0,0,0,0,0,0,[{count:2500},{count:2500,"label:""usertable""}]",[{count:0}],NULL,0,[{count:2500},{count:2500,"label:""usertable""}]",[{count:0}],NULL,0,[{count:2500},{count:2500,"label:""usertable""}]",[{count:0}],0.5,0.5,0,0,0,57692,433.33564445677,0,12375,4032.36331313131,1297,34783,4795,5207,12375
24,clean-run,2500,true,uniform,READ,0,0,0,0,0,0,[{count:2500},{count:2500,"label:""usertable""}]",[{count:0}],NULL,0,[{count:2500},{count:2500,"label:""usertable""}]",[{count:0}],NULL,0,[{count:2500},{count:2500,"label:""usertable""}]",[{count:0}],0.5,0.5,0,0,0,46452,538.189959528115,0,12447,720.653330119708,274,64159,1556,3153,12447
24,clean-run,2500,true,uniform,UPDATE,0,0,0,0,0,0,[{count:2500},{count:2500,"label:""usertable""}]",[{count:0}],NULL,0,[{count:2500},{count:2500,"label:""usertable""}]",[{count:0}],NULL,0,[{count:2500},{count:2500,"label:""usertable""}]",[{count:0}],0.5,0.5,0,0,0,46452,538.189959528115,0,12553,2933.4104994822,1544,364287,4355,5291,12553
24,avg-run,2500,true,uniform,READ,0,0,0,0,0,0,[{count:2500},{count:2500,"label:""usertable""}]",[{count:0}],NULL,0,[{count:2500},{count:2500,"label:""usertable""}]",[{count:0}],NULL,0,[{count:2500},{count:2500,"label:""usertable""}]",[{count:0}],0.5,0.5,0,0,0,56459,442.799199419047,0,12490,590.910568454764,198,46463,1224,1941,12490
24,avg-run,2500,true,uniform,UPDATE,0,0,0,0,0,0,[{count:2500},{count:2500,"label:""usertable""}]",[{count:0}],NULL,0,[{count:2500},{count:2500,"label:""usertable""}]",[{count:0}],NULL,0,[{count:2500},{count:2500,"label:""usertable""}]",[{count:0}],0.5,0.5,0,0,0,56459,442.799199419047,0,12510,3870.86466826539,1184,209535,4723,5287,12510
25,extend,2500,true,uniform,EXTEND,0,0,0,0,0,0,[{count:2500},{count:2500,"label:""usertable""}]",[{count:0}],NULL,0,[{count:2500},{count:2500,"label:""usertable""}]",[{count:0}],NULL,0,[{count:2500},{count:2500,"label:""usertable""}]",[{count:0}],0,0,0,0,1,124346,201.051903559423,0,25000,4944.62244,3552,1008639,6247,8271,25000
25,run,2500,true,uniform,READ,0,0,0,0,0,0,[{count:2500},{count:2500,"label:""usertable""}]",[{count:0}],NULL,0,[{count:2500},{count:2500,"label:""usertable""}]",[{count:0}],NULL,0,[{count:2500},{count:2500,"label:""usertable""}]",[{count:0}],0.5,0.5,0,0,0,60363,414.160992661067,0,12536,620.49226228462,278,33951,1198,1818,12536
25,run,2500,true,uniform,UPDATE,0,0,0,0,0,0,[{count:2500},{count:2500,"label:""usertable""}]",[{count:0}],NULL,0,[{count:2500},{count:2500,"label:""usertable""}]",[{count:0}],NULL,0,[{count:2500},{count:2500,"label:""usertable""}]",[{count:0}],0.5,0.5,0,0,0,60363,414.160992661067,0,12464,4167.49390243902,3116,31759,4899,5375,12464
25,reference,2500,true,uniform,READ,0,0,0,0,0,0,[{count:2500},{count:2500,"label:""usertable""}]",[{count:0}],NULL,0,[{count:2500},{count:2500,"label:""usertable""}]",[{count:0}],NULL,0,[{count:2500},{count:2500,"label:""usertable""}]",[{count:0}],0.5,0.5,0,0,0,60267,414.820714487199,0,12533,601.273597702067,241,9367,1202,1639,12533
25,reference,2500,true,uniform,UPDATE,0,0,0,0,0,0,[{count:2500},{count:2500,"label:""usertable""}]",[{count:0}],NULL,0,[{count:2500},{count:2500,"label:""usertable""}]",[{count:0}],NULL,0,[{count:2500},{count:2500,"label:""usertable""}]",[{count:0}],0.5,0.5,0,0,0,60267,414.820714487199,0,12467,4178.07997112377,3172,32959,4927,5355,12467
25,clean-run,2500,true,uniform,READ,0,0,0,0,0,0,[{count:2500},{count:2500,"label:""usertable""}]",[{count:0}],NULL,0,[{count:2500},{count:2500,"label:""usertable""}]",[{count:0}],NULL,0,[{count:2500},{count:2500,"label:""usertable""}]",[{count:0}],0.5,0.5,0,0,0,57216,436.940715883669,0,12446,749.384541218062,276,221311,1581,2943,12446
25,clean-run,2500,true,uniform,UPDATE,0,0,0,0,0,0,[{count:2500},{count:2500,"label:""usertable""}]",[{count:0}],NULL,0,[{count:2500},{count:2500,"label:""usertable""}]",[{count:0}],NULL,0,[{count:2500},{count:2500,"label:""usertable""}]",[{count:0}],0.5,0.5,0,0,0,57216,436.940715883669,0,12554,3762.47427114864,1786,171775,4703,5355,12554
25,avg-run,2500,true,uniform,READ,0,0,0,0,0,0,[{count:2500},{count:2500,"label:""usertable""}]",[{count:0}],NULL,0,[{count:2500},{count:2500,"label:""usertable""}]",[{count:0}],NULL,0,[{count:2500},{count:2500,"label:""usertable""}]",[{count:0}],0.5,0.5,0,0,0,57128,437.613779582692,0,12377,590.395572432738,192,48255,1261,1908,12377
25,avg-run,2500,true,uniform,UPDATE,0,0,0,0,0,0,[{count:2500},{count:2500,"label:""usertable""}]",[{count:0}],NULL,0,[{count:2500},{count:2500,"label:""usertable""}]",[{count:0}],NULL,0,[{count:2500},{count:2500,"label:""usertable""}]",[{count:0}],0.5,0.5,0,0,0,57128,437.613779582692,0,12623,3894.82389289392,1178,184319,4743,5439,12623
26,extend,2500,true,uniform,EXTEND,0,0,0,0,0,0,[{count:2500},{count:2500,"label:""usertable""}]",[{count:0}],NULL,0,[{count:2500},{count:2500,"label:""usertable""}]",[{count:0}],NULL,0,[{count:2500},{count:2500,"label:""usertable""}]",[{count:0}],0,0,0,0,1,124291,201.140871020428,0,25000,4943.08796,3582,971775,6195,8303,25000
26,run,2500,true,uniform,READ,0,0,0,0,0,0,[{count:2500},{count:2500,"label:""usertable""}]",[{count:0}],NULL,0,[{count:2500},{count:2500,"label:""usertable""}]",[{count:0}],NULL,0,[{count:2500},{count:2500,"label:""usertable""}]",[{count:0}],0.5,0.5,0,0,0,59984,416.777807415311,0,12573,634.699435297861,270,34751,1272,1943,12573
26,run,2500,true,uniform,UPDATE,0,0,0,0,0,0,[{count:2500},{count:2500,"label:""usertable""}]",[{count:0}],NULL,0,[{count:2500},{count:2500,"label:""usertable""}]",[{count:0}],NULL,0,[{count:2500},{count:2500,"label:""usertable""}]",[{count:0}],0.5,0.5,0,0,0,59984,416.777807415311,0,12427,4133.00056328961,1853,32511,4879,5343,12427
26,reference,2500,true,uniform,READ,0,0,0,0,0,0,[{count:2500},{count:2500,"label:""usertable""}]",[{count:0}],NULL,0,[{count:2500},{count:2500,"label:""usertable""}]",[{count:0}],NULL,0,[{count:2500},{count:2500,"label:""usertable""}]",[{count:0}],0.5,0.5,0,0,0,59675,418.935902806871,0,12587,588.367442599507,254,7867,1151,1662,12587
26,reference,2500,true,uniform,UPDATE,0,0,0,0,0,0,[{count:2500},{count:2500,"label:""usertable""}]",[{count:0}],NULL,0,[{count:2500},{count:2500,"label:""usertable""}]",[{count:0}],NULL,0,[{count:2500},{count:2500,"label:""usertable""}]",[{count:0}],0.5,0.5,0,0,0,59675,418.935902806871,0,12413,4157.82453878998,3164,31679,4883,5335,12413
26,clean-run,2500,true,uniform,READ,0,0,0,0,0,0,[{count:2500},{count:2500,"label:""usertable""}]",[{count:0}],NULL,0,[{count:2500},{count:2500,"label:""usertable""}]",[{count:0}],NULL,0,[{count:2500},{count:2500,"label:""usertable""}]",[{count:0}],0.5,0.5,0,0,0,54170,461.510060919328,0,12534,755.264719961704,292,225279,1513,3103,12534
26,clean-run,2500,true,uniform,UPDATE,0,0,0,0,0,0,[{count:2500},{count:2500,"label:""usertable""}]",[{count:0}],NULL,0,[{count:2500},{count:2500,"label:""usertable""}]",[{count:0}],NULL,0,[{count:2500},{count:2500,"label:""usertable""}]",[{count:0}],0.5,0.5,0,0,0,54170,461.510060919328,0,12466,3532.49727258142,1648,181503,4655,5435,12466
26,avg-run,2500,true,uniform,READ,0,0,0,0,0,0,[{count:2500},{count:2500,"label:""usertable""}]",[{count:0}],NULL,0,[{count:2500},{count:2500,"label:""usertable""}]",[{count:0}],NULL,0,[{count:2500},{count:2500,"label:""usertable""}]",[{count:0}],0.5,0.5,0,0,0,57778,432.690643497525,0,12527,605.93693621777,199,51967,1299,1983,12527
26,avg-run,2500,true,uniform,UPDATE,0,0,0,0,0,0,[{count:2500},{count:2500,"label:""usertable""}]",[{count:0}],NULL,0,[{count:2500},{count:2500,"label:""usertable""}]",[{count:0}],NULL,0,[{count:2500},{count:2500,"label:""usertable""}]",[{count:0}],0.5,0.5,0,0,0,57778,432.690643497525,0,12473,3971.32149442796,1169,176511,4851,5483,12473
27,extend,2500,true,uniform,EXTEND,0,0,0,0,0,0,[{count:2500},{count:2500,"label:""usertable""}]",[{count:0}],NULL,0,[{count:2500},{count:2500,"label:""usertable""}]",[{count:0}],NULL,0,[{count:2500},{count:2500,"label:""usertable""}]",[{count:0}],0,0,0,0,1,124781,200.351014978242,0,25000,4962.41728,2666,1011711,6331,8487,25000
27,run,2500,true,uniform,READ,0,0,0,0,0,0,[{count:2500},{count:2500,"label:""usertable""}]",[{count:0}],NULL,0,[{count:2500},{count:2500,"label:""usertable""}]",[{count:0}],NULL,0,[{count:2500},{count:2500,"label:""usertable""}]",[{count:0}],0.5,0.5,0,0,0,60932,410.293441869625,0,12410,639.765028203062,272,6295,1248,1866,12410
27,run,2500,true,uniform,UPDATE,0,0,0,0,0,0,[{count:2500},{count:2500,"label:""usertable""}]",[{count:0}],NULL,0,[{count:2500},{count:2500,"label:""usertable""}]",[{count:0}],NULL,0,[{count:2500},{count:2500,"label:""usertable""}]",[{count:0}],0.5,0.5,0,0,0,60932,410.293441869625,0,12590,4157.62740270056,3138,35743,4883,5387,12590
27,reference,2500,true,uniform,READ,0,0,0,0,0,0,[{count:2500},{count:2500,"label:""usertable""}]",[{count:0}],NULL,0,[{count:2500},{count:2500,"label:""usertable""}]",[{count:0}],NULL,0,[{count:2500},{count:2500,"label:""usertable""}]",[{count:0}],0.5,0.5,0,0,0,60853,410.826089099962,0,12502,607.01015837466,231,30559,1188,1633,12502
27,reference,2500,true,uniform,UPDATE,0,0,0,0,0,0,[{count:2500},{count:2500,"label:""usertable""}]",[{count:0}],NULL,0,[{count:2500},{count:2500,"label:""usertable""}]",[{count:0}],NULL,0,[{count:2500},{count:2500,"label:""usertable""}]",[{count:0}],0.5,0.5,0,0,0,60853,410.826089099962,0,12498,4208.49015842535,2916,32895,4943,5419,12498
27,clean-run,2500,true,uniform,READ,0,0,0,0,0,0,[{count:2500},{count:2500,"label:""usertable""}]",[{count:0}],NULL,0,[{count:2500},{count:2500,"label:""usertable""}]",[{count:0}],NULL,0,[{count:2500},{count:2500,"label:""usertable""}]",[{count:0}],0.5,0.5,0,0,0,53981,463.125914673682,0,12512,766.999680306905,265,253183,1562,3181,12512
27,clean-run,2500,true,uniform,UPDATE,0,0,0,0,0,0,[{count:2500},{count:2500,"label:""usertable""}]",[{count:0}],NULL,0,[{count:2500},{count:2500,"label:""usertable""}]",[{count:0}],NULL,0,[{count:2500},{count:2500,"label:""usertable""}]",[{count:0}],0.5,0.5,0,0,0,53981,463.125914673682,0,12488,3500.49519538757,1826,176511,4691,5603,12488
27,avg-run,2500,true,uniform,READ,0,0,0,0,0,0,[{count:2500},{count:2500,"label:""usertable""}]",[{count:0}],NULL,0,[{count:2500},{count:2500,"label:""usertable""}]",[{count:0}],NULL,0,[{count:2500},{count:2500,"label:""usertable""}]",[{count:0}],0.5,0.5,0,0,0,57424,435.358038450822,0,12511,602.955079530014,203,50047,1253,2001,12511
27,avg-run,2500,true,uniform,UPDATE,0,0,0,0,0,0,[{count:2500},{count:2500,"label:""usertable""}]",[{count:0}],NULL,0,[{count:2500},{count:2500,"label:""usertable""}]",[{count:0}],NULL,0,[{count:2500},{count:2500,"label:""usertable""}]",[{count:0}],0.5,0.5,0,0,0,57424,435.358038450822,0,12489,3941.88437825286,1208,183807,4807,5463,12489
28,extend,2500,true,uniform,EXTEND,0,0,0,0,0,0,[{count:2500},{count:2500,"label:""usertable""}]",[{count:0}],NULL,0,[{count:2500},{count:2500,"label:""usertable""}]",[{count:0}],NULL,0,[{count:2500},{count:2500,"label:""usertable""}]",[{count:0}],0,0,0,0,1,124407,200.953322562235,0,25000,4947.86756,1950,975871,6259,8455,25000
28,run,2500,true,uniform,READ,0,0,0,0,0,0,[{count:2500},{count:2500,"label:""usertable""}]",[{count:0}],NULL,0,[{count:2500},{count:2500,"label:""usertable""}]",[{count:0}],NULL,0,[{count:2500},{count:2500,"label:""usertable""}]",[{count:0}],0.5,0.5,0,0,0,61207,408.450013887301,0,12509,633.186665600768,290,18511,1199,1826,12509
28,run,2500,true,uniform,UPDATE,0,0,0,0,0,0,[{count:2500},{count:2500,"label:""usertable""}]",[{count:0}],NULL,0,[{count:2500},{count:2500,"label:""usertable""}]",[{count:0}],NULL,0,[{count:2500},{count:2500,"label:""usertable""}]",[{count:0}],0.5,0.5,0,0,0,61207,408.450013887301,0,12491,4214.17780802178,3128,36191,4955,5439,12491
28,reference,2500,true,uniform,READ,0,0,0,0,0,0,[{count:2500},{count:2500,"label:""usertable""}]",[{count:0}],NULL,0,[{count:2500},{count:2500,"label:""usertable""}]",[{count:0}],NULL,0,[{count:2500},{count:2500,"label:""usertable""}]",[{count:0}],0.5,0.5,0,0,0,60363,414.160992661067,0,12519,596.27078840163,266,6675,1148,1652,12519
28,reference,2500,true,uniform,UPDATE,0,0,0,0,0,0,[{count:2500},{count:2500,"label:""usertable""}]",[{count:0}],NULL,0,[{count:2500},{count:2500,"label:""usertable""}]",[{count:0}],NULL,0,[{count:2500},{count:2500,"label:""usertable""}]",[{count:0}],0.5,0.5,0,0,0,60363,414.160992661067,0,12481,4185.93534171941,3152,33855,4879,5335,12481
28,clean-run,2500,true,uniform,READ,0,0,0,0,0,0,[{count:2500},{count:2500,"label:""usertable""}]",[{count:0}],NULL,0,[{count:2500},{count:2500,"label:""usertable""}]",[{count:0}],NULL,0,[{count:2500},{count:2500,"label:""usertable""}]",[{count:0}],0.5,0.5,0,0,0,58023,430.863623046033,0,12537,904.364680545585,284,283647,1540,5167,12537
28,clean-run,2500,true,uniform,UPDATE,0,0,0,0,0,0,[{count:2500},{count:2500,"label:""usertable""}]",[{count:0}],NULL,0,[{count:2500},{count:2500,"label:""usertable""}]",[{count:0}],NULL,0,[{count:2500},{count:2500,"label:""usertable""}]",[{count:0}],0.5,0.5,0,0,0,58023,430.863623046033,0,12463,3693.66581079997,1988,201343,4731,6147,12463
28,avg-run,2500,true,uniform,READ,0,0,0,0,0,0,[{count:2500},{count:2500,"label:""usertable""}]",[{count:0}],NULL,0,[{count:2500},{count:2500,"label:""usertable""}]",[{count:0}],NULL,0,[{count:2500},{count:2500,"label:""usertable""}]",[{count:0}],0.5,0.5,0,0,0,57593,434.080530620041,0,12475,612.971142284569,212,184831,1262,2055,12475
28,avg-run,2500,true,uniform,UPDATE,0,0,0,0,0,0,[{count:2500},{count:2500,"label:""usertable""}]",[{count:0}],NULL,0,[{count:2500},{count:2500,"label:""usertable""}]",[{count:0}],NULL,0,[{count:2500},{count:2500,"label:""usertable""}]",[{count:0}],0.5,0.5,0,0,0,57593,434.080530620041,0,12525,3935.83568862275,1196,51839,4783,5371,12525
29,extend,2500,true,uniform,EXTEND,0,0,0,0,0,0,[{count:2500},{count:2500,"label:""usertable""}]",[{count:0}],NULL,0,[{count:2500},{count:2500,"label:""usertable""}]",[{count:0}],NULL,0,[{count:2500},{count:2500,"label:""usertable""}]",[{count:0}],0,0,0,0,1,127065,196.749695037973,0,25000,5054.36392,2946,961535,6351,8511,25000
29,run,2500,true,uniform,READ,0,0,0,0,0,0,[{count:2500},{count:2500,"label:""usertable""}]",[{count:0}],NULL,0,[{count:2500},{count:2500,"label:""usertable""}]",[{count:0}],NULL,0,[{count:2500},{count:2500,"label:""usertable""}]",[{count:0}],0.5,0.5,0,0,0,60996,409.862941832251,0,12669,640.784355513458,292,18959,1208,1856,12669
29,run,2500,true,uniform,UPDATE,0,0,0,0,0,0,[{count:2500},{count:2500,"label:""usertable""}]",[{count:0}],NULL,0,[{count:2500},{count:2500,"label:""usertable""}]",[{count:0}],NULL,0,[{count:2500},{count:2500,"label:""usertable""}]",[{count:0}],0.5,0.5,0,0,0,60996,409.862941832251,0,12331,4236.25780553078,3206,37343,4971,5519,12331
29,reference,2500,true,uniform,READ,0,0,0,0,0,0,[{count:2500},{count:2500,"label:""usertable""}]",[{count:0}],NULL,0,[{count:2500},{count:2500,"label:""usertable""}]",[{count:0}],NULL,0,[{count:2500},{count:2500,"label:""usertable""}]",[{count:0}],0.5,0.5,0,0,0,61156,408.790633788999,0,12431,609.533987611616,272,33759,1178,1651,12431
29,reference,2500,true,uniform,UPDATE,0,0,0,0,0,0,[{count:2500},{count:2500,"label:""usertable""}]",[{count:0}],NULL,0,[{count:2500},{count:2500,"label:""usertable""}]",[{count:0}],NULL,0,[{count:2500},{count:2500,"label:""usertable""}]",[{count:0}],0.5,0.5,0,0,0,61156,408.790633788999,0,12569,4211.36685496062,3198,34271,4955,5387,12569
29,clean-run,2500,true,uniform,READ,0,0,0,0,0,0,[{count:2500},{count:2500,"label:""usertable""}]",[{count:0}],NULL,0,[{count:2500},{count:2500,"label:""usertable""}]",[{count:0}],NULL,0,[{count:2500},{count:2500,"label:""usertable""}]",[{count:0}],0.5,0.5,0,0,0,59062,423.284006637093,0,12527,765.588728346771,306,60959,1580,2947,12527
29,clean-run,2500,true,uniform,UPDATE,0,0,0,0,0,0,[{count:2500},{count:2500,"label:""usertable""}]",[{count:0}],NULL,0,[{count:2500},{count:2500,"label:""usertable""}]",[{count:0}],NULL,0,[{count:2500},{count:2500,"label:""usertable""}]",[{count:0}],0.5,0.5,0,0,0,59062,423.284006637093,0,12473,3912.22296159705,1732,331775,4935,5807,12473
29,avg-run,2500,true,uniform,READ,0,0,0,0,0,0,[{count:2500},{count:2500,"label:""usertable""}]",[{count:0}],NULL,0,[{count:2500},{count:2500,"label:""usertable""}]",[{count:0}],NULL,0,[{count:2500},{count:2500,"label:""usertable""}]",[{count:0}],0.5,0.5,0,0,0,57006,438.550328035645,0,12621,596.612708977102,203,57055,1200,1957,12621
29,avg-run,2500,true,uniform,UPDATE,0,0,0,0,0,0,[{count:2500},{count:2500,"label:""usertable""}]",[{count:0}],NULL,0,[{count:2500},{count:2500,"label:""usertable""}]",[{count:0}],NULL,0,[{count:2500},{count:2500,"label:""usertable""}]",[{count:0}],0.5,0.5,0,0,0,57006,438.550328035645,0,12379,3944.3793521286,1169,196351,4775,5407,12379
30,extend,2500,true,uniform,EXTEND,0,0,0,0,0,0,[{count:2500},{count:2500,"label:""usertable""}]",[{count:0}],NULL,0,[{count:2500},{count:2500,"label:""usertable""}]",[{count:0}],NULL,0,[{count:2500},{count:2500,"label:""usertable""}]",[{count:0}],0,0,0,0,1,126118,198.2270572004,0,25000,5016.0302,2010,1017343,6283,8527,25000
30,run,2500,true,uniform,READ,0,0,0,0,0,0,[{count:2500},{count:2500,"label:""usertable""}]",[{count:0}],NULL,0,[{count:2500},{count:2500,"label:""usertable""}]",[{count:0}],NULL,0,[{count:2500},{count:2500,"label:""usertable""}]",[{count:0}],0.5,0.5,0,0,0,62476,400.153659005058,0,12398,654.815615421842,272,35039,1263,1845,12398
30,run,2500,true,uniform,UPDATE,0,0,0,0,0,0,[{count:2500},{count:2500,"label:""usertable""}]",[{count:0}],NULL,0,[{count:2500},{count:2500,"label:""usertable""}]",[{count:0}],NULL,0,[{count:2500},{count:2500,"label:""usertable""}]",[{count:0}],0.5,0.5,0,0,0,62476,400.153659005058,0,12602,4260.81090303127,3068,33183,4979,5451,12602
30,reference,2500,true,uniform,READ,0,0,0,0,0,0,[{count:2500},{count:2500,"label:""usertable""}]",[{count:0}],NULL,0,[{count:2500},{count:2500,"label:""usertable""}]",[{count:0}],NULL,0,[{count:2500},{count:2500,"label:""usertable""}]",[{count:0}],0.5,0.5,0,0,0,60762,411.441361377177,0,12436,610.462367320682,272,7403,1187,1662,12436
30,reference,2500,true,uniform,UPDATE,0,0,0,0,0,0,[{count:2500},{count:2500,"label:""usertable""}]",[{count:0}],NULL,0,[{count:2500},{count:2500,"label:""usertable""}]",[{count:0}],NULL,0,[{count:2500},{count:2500,"label:""usertable""}]",[{count:0}],0.5,0.5,0,0,0,60762,411.441361377177,0,12564,4179.48280802292,3204,35295,4927,5363,12564
30,clean-run,2500,true,uniform,READ,0,0,0,0,0,0,[{count:2500},{count:2500,"label:""usertable""}]",[{count:0}],NULL,0,[{count:2500},{count:2500,"label:""usertable""}]",[{count:0}],NULL,0,[{count:2500},{count:2500,"label:""usertable""}]",[{count:0}],0.5,0.5,0,0,0,64818,385.695331543707,0,12366,774.248746563157,315,61887,1618,2995,12366
30,clean-run,2500,true,uniform,UPDATE,0,0,0,0,0,0,[{count:2500},{count:2500,"label:""usertable""}]",[{count:0}],NULL,0,[{count:2500},{count:2500,"label:""usertable""}]",[{count:0}],NULL,0,[{count:2500},{count:2500,"label:""usertable""}]",[{count:0}],0.5,0.5,0,0,0,64818,385.695331543707,0,12634,4321.28961532373,2878,348415,5091,5715,12634
30,avg-run,2500,true,uniform,READ,0,0,0,0,0,0,[{count:2500},{count:2500,"label:""usertable""}]",[{count:0}],NULL,0,[{count:2500},{count:2500,"label:""usertable""}]",[{count:0}],NULL,0,[{count:2500},{count:2500,"label:""usertable""}]",[{count:0}],0.5,0.5,0,0,0,57036,438.319657760011,0,12677,605.041176934606,211,196095,1229,2034,12677
30,avg-run,2500,true,uniform,UPDATE,0,0,0,0,0,0,[{count:2500},{count:2500,"label:""usertable""}]",[{count:0}],NULL,0,[{count:2500},{count:2500,"label:""usertable""}]",[{count:0}],NULL,0,[{count:2500},{count:2500,"label:""usertable""}]",[{count:0}],0.5,0.5,0,0,0,57036,438.319657760011,0,12323,3951.79810111174,1209,52639,4779,5403,12323
31,extend,2500,true,uniform,EXTEND,0,0,0,0,0,0,[{count:2500},{count:2500,"label:""usertable""}]",[{count:0}],NULL,0,[{count:2500},{count:2500,"label:""usertable""}]",[{count:0}],NULL,0,[{count:2500},{count:2500,"label:""usertable""}]",[{count:0}],0,0,0,0,1,128024,195.275885771418,0,25000,5092.51576,1976,1016319,6419,8447,25000
31,run,2500,true,uniform,READ,0,0,0,0,0,0,[{count:2500},{count:2500,"label:""usertable""}]",[{count:0}],NULL,0,[{count:2500},{count:2500,"label:""usertable""}]",[{count:0}],NULL,0,[{count:2500},{count:2500,"label:""usertable""}]",[{count:0}],0.5,0.5,0,0,0,60966,410.064626185087,0,12589,653.202716657399,308,31151,1221,1890,12589
31,run,2500,true,uniform,UPDATE,0,0,0,0,0,0,[{count:2500},{count:2500,"label:""usertable""}]",[{count:0}],NULL,0,[{count:2500},{count:2500,"label:""usertable""}]",[{count:0}],NULL,0,[{count:2500},{count:2500,"label:""usertable""}]",[{count:0}],0.5,0.5,0,0,0,60966,410.064626185087,0,12411,4197.6150995085,3176,33151,4923,5455,12411
31,reference,2500,true,uniform,READ,0,0,0,0,0,0,[{count:2500},{count:2500,"label:""usertable""}]",[{count:0}],NULL,0,[{count:2500},{count:2500,"label:""usertable""}]",[{count:0}],NULL,0,[{count:2500},{count:2500,"label:""usertable""}]",[{count:0}],0.5,0.5,0,0,0,60639,412.275928033114,0,12528,605.964559386973,274,7051,1145,1631,12528
31,reference,2500,true,uniform,UPDATE,0,0,0,0,0,0,[{count:2500},{count:2500,"label:""usertable""}]",[{count:0}],NULL,0,[{count:2500},{count:2500,"label:""usertable""}]",[{count:0}],NULL,0,[{count:2500},{count:2500,"label:""usertable""}]",[{count:0}],0.5,0.5,0,0,0,60639,412.275928033114,0,12472,4201.06061577935,3190,36031,4915,5371,12472
31,clean-run,2500,true,uniform,READ,0,0,0,0,0,0,[{count:2500},{count:2500,"label:""usertable""}]",[{count:0}],NULL,0,[{count:2500},{count:2500,"label:""usertable""}]",[{count:0}],NULL,0,[{count:2500},{count:2500,"label:""usertable""}]",[{count:0}],0.5,0.5,0,0,0,61820,404.399870592041,0,12492,996.845180915786,315,137471,1653,5567,12492
31,clean-run,2500,true,uniform,UPDATE,0,0,0,0,0,0,[{count:2500},{count:2500,"label:""usertable""}]",[{count:0}],NULL,0,[{count:2500},{count:2500,"label:""usertable""}]",[{count:0}],NULL,0,[{count:2500},{count:2500,"label:""usertable""}]",[{count:0}],0.5,0.5,0,0,0,61820,404.399870592041,0,12508,3893.87655900224,2060,375551,4867,6411,12508
31,avg-run,2500,true,uniform,READ,0,0,0,0,0,0,[{count:2500},{count:2500,"label:""usertable""}]",[{count:0}],NULL,0,[{count:2500},{count:2500,"label:""usertable""}]",[{count:0}],NULL,0,[{count:2500},{count:2500,"label:""usertable""}]",[{count:0}],0.5,0.5,0,0,0,57471,435.002001009205,0,12545,612.734475886807,214,188799,1235,1964,12545
31,avg-run,2500,true,uniform,UPDATE,0,0,0,0,0,0,[{count:2500},{count:2500,"label:""usertable""}]",[{count:0}],NULL,0,[{count:2500},{count:2500,"label:""usertable""}]",[{count:0}],NULL,0,[{count:2500},{count:2500,"label:""usertable""}]",[{count:0}],0.5,0.5,0,0,0,57471,435.002001009205,0,12455,3945.08398233641,1180,55839,4787,5359,12455
32,extend,2500,true,uniform,EXTEND,0,0,0,0,0,0,[{count:2500},{count:2500,"label:""usertable""}]",[{count:0}],NULL,0,[{count:2500},{count:2500,"label:""usertable""}]",[{count:0}],NULL,0,[{count:2500},{count:2500,"label:""usertable""}]",[{count:0}],0,0,0,0,1,127790,195.633461147195,0,25000,5083.3702,1906,1000447,6363,8783,25000
32,run,2500,true,uniform,READ,0,0,0,0,0,0,[{count:2500},{count:2500,"label:""usertable""}]",[{count:0}],NULL,0,[{count:2500},{count:2500,"label:""usertable""}]",[{count:0}],NULL,0,[{count:2500},{count:2500,"label:""usertable""}]",[{count:0}],0.5,0.5,0,0,0,62738,398.482578341675,0,12469,668.598845135937,300,34879,1344,2014,12469
32,run,2500,true,uniform,UPDATE,0,0,0,0,0,0,[{count:2500},{count:2500,"label:""usertable""}]",[{count:0}],NULL,0,[{count:2500},{count:2500,"label:""usertable""}]",[{count:0}],NULL,0,[{count:2500},{count:2500,"label:""usertable""}]",[{count:0}],0.5,0.5,0,0,0,62738,398.482578341675,0,12531,4287.38592291118,3178,32639,5063,5583,12531
32,reference,2500,true,uniform,READ,0,0,0,0,0,0,[{count:2500},{count:2500,"label:""usertable""}]",[{count:0}],NULL,0,[{count:2500},{count:2500,"label:""usertable""}]",[{count:0}],NULL,0,[{count:2500},{count:2500,"label:""usertable""}]",[{count:0}],0.5,0.5,0,0,0,61274,408.003394588243,0,12517,615.899896141248,290,31679,1165,1600,12517
32,reference,2500,true,uniform,UPDATE,0,0,0,0,0,0,[{count:2500},{count:2500,"label:""usertable""}]",[{count:0}],NULL,0,[{count:2500},{count:2500,"label:""usertable""}]",[{count:0}],NULL,0,[{count:2500},{count:2500,"label:""usertable""}]",[{count:0}],0.5,0.5,0,0,0,61274,408.003394588243,0,12483,4239.45846351037,3264,34655,4939,5379,12483
32,clean-run,2500,true,uniform,READ,0,0,0,0,0,0,[{count:2500},{count:2500,"label:""usertable""}]",[{count:0}],NULL,0,[{count:2500},{count:2500,"label:""usertable""}]",[{count:0}],NULL,0,[{count:2500},{count:2500,"label:""usertable""}]",[{count:0}],0.5,0.5,0,0,0,55808,447.964449541284,0,12477,905.468862707382,308,286463,1500,4939,12477
32,clean-run,2500,true,uniform,UPDATE,0,0,0,0,0,0,[{count:2500},{count:2500,"label:""usertable""}]",[{count:0}],NULL,0,[{count:2500},{count:2500,"label:""usertable""}]",[{count:0}],NULL,0,[{count:2500},{count:2500,"label:""usertable""}]",[{count:0}],0.5,0.5,0,0,0,55808,447.964449541284,0,12523,3500.8351832628,1807,171391,4727,6599,12523
32,avg-run,2500,true,uniform,READ,0,0,0,0,0,0,[{count:2500},{count:2500,"label:""usertable""}]",[{count:0}],NULL,0,[{count:2500},{count:2500,"label:""usertable""}]",[{count:0}],NULL,0,[{count:2500},{count:2500,"label:""usertable""}]",[{count:0}],0.5,0.5,0,0,0,58599,426.628440758375,0,12563,631.382631537053,215,190207,1317,2147,12563
32,avg-run,2500,true,uniform,UPDATE,0,0,0,0,0,0,[{count:2500},{count:2500,"label:""usertable""}]",[{count:0}],NULL,0,[{count:2500},{count:2500,"label:""usertable""}]",[{count:0}],NULL,0,[{count:2500},{count:2500,"label:""usertable""}]",[{count:0}],0.5,0.5,0,0,0,58599,426.628440758375,0,12437,4021.3623864276,1162,61375,4923,5587,12437
33,extend,2500,true,uniform,EXTEND,0,0,0,0,0,0,[{count:2500},{count:2500,"label:""usertable""}]",[{count:0}],NULL,0,[{count:2500},{count:2500,"label:""usertable""}]",[{count:0}],NULL,0,[{count:2500},{count:2500,"label:""usertable""}]",[{count:0}],0,0,0,0,1,128071,195.204222657745,0,25000,5094.2512,3708,1000959,6415,8567,25000
33,run,2500,true,uniform,READ,0,0,0,0,0,0,[{count:2500},{count:2500,"label:""usertable""}]",[{count:0}],NULL,0,[{count:2500},{count:2500,"label:""usertable""}]",[{count:0}],NULL,0,[{count:2500},{count:2500,"label:""usertable""}]",[{count:0}],0.5,0.5,0,0,0,61069,409.373004306604,0,12620,667.301426307449,292,36095,1259,1843,12620
33,run,2500,true,uniform,UPDATE,0,0,0,0,0,0,[{count:2500},{count:2500,"label:""usertable""}]",[{count:0}],NULL,0,[{count:2500},{count:2500,"label:""usertable""}]",[{count:0}],NULL,0,[{count:2500},{count:2500,"label:""usertable""}]",[{count:0}],0.5,0.5,0,0,0,61069,409.373004306604,0,12380,4199.95815831987,1364,32223,5031,5591,12380
33,reference,2500,true,uniform,READ,0,0,0,0,0,0,[{count:2500},{count:2500,"label:""usertable""}]",[{count:0}],NULL,0,[{count:2500},{count:2500,"label:""usertable""}]",[{count:0}],NULL,0,[{count:2500},{count:2500,"label:""usertable""}]",[{count:0}],0.5,0.5,0,0,0,61420,407.03353956366,0,12602,624.243136010157,285,7739,1178,1642,12602
33,reference,2500,true,uniform,UPDATE,0,0,0,0,0,0,[{count:2500},{count:2500,"label:""usertable""}]",[{count:0}],NULL,0,[{count:2500},{count:2500,"label:""usertable""}]",[{count:0}],NULL,0,[{count:2500},{count:2500,"label:""usertable""}]",[{count:0}],0.5,0.5,0,0,0,61420,407.03353956366,0,12398,4267.69817712534,3208,39327,4995,5403,12398
33,clean-run,2500,true,uniform,READ,0,0,0,0,0,0,[{count:2500},{count:2500,"label:""usertable""}]",[{count:0}],NULL,0,[{count:2500},{count:2500,"label:""usertable""}]",[{count:0}],NULL,0,[{count:2500},{count:2500,"label:""usertable""}]",[{count:0}],0.5,0.5,0,0,0,64630,386.817267522822,0,12568,821.273392743476,283,78143,1651,2945,12568
33,clean-run,2500,true,uniform,UPDATE,0,0,0,0,0,0,[{count:2500},{count:2500,"label:""usertable""}]",[{count:0}],NULL,0,[{count:2500},{count:2500,"label:""usertable""}]",[{count:0}],NULL,0,[{count:2500},{count:2500,"label:""usertable""}]",[{count:0}],0.5,0.5,0,0,0,64630,386.817267522822,0,12432,4315.00008043758,2152,389119,5119,5843,12432
33,avg-run,2500,true,uniform,READ,0,0,0,0,0,0,[{count:2500},{count:2500,"label:""usertable""}]",[{count:0}],NULL,0,[{count:2500},{count:2500,"label:""usertable""}]",[{count:0}],NULL,0,[{count:2500},{count:2500,"label:""usertable""}]",[{count:0}],0.5,0.5,0,0,0,58545,427.021948928175,0,12378,611.417757311359,211,55839,1262,2087,12378
33,avg-run,2500,true,uniform,UPDATE,0,0,0,0,0,0,[{count:2500},{count:2500,"label:""usertable""}]",[{count:0}],NULL,0,[{count:2500},{count:2500,"label:""usertable""}]",[{count:0}],NULL,0,[{count:2500},{count:2500,"label:""usertable""}]",[{count:0}],0.5,0.5,0,0,0,58545,427.021948928175,0,12622,3987.56203454286,1166,194687,4831,5463,12622
34,extend,2500,true,uniform,EXTEND,0,0,0,0,0,0,[{count:2500},{count:2500,"label:""usertable""}]",[{count:0}],NULL,0,[{count:2500},{count:2500,"label:""usertable""}]",[{count:0}],NULL,0,[{count:2500},{count:2500,"label:""usertable""}]",[{count:0}],0,0,0,0,1,128537,194.49652629204,0,25000,5112.73904,3670,993791,6379,8375,25000
34,run,2500,true,uniform,READ,0,0,0,0,0,0,[{count:2500},{count:2500,"label:""usertable""}]",[{count:0}],NULL,0,[{count:2500},{count:2500,"label:""usertable""}]",[{count:0}],NULL,0,[{count:2500},{count:2500,"label:""usertable""}]",[{count:0}],0.5,0.5,0,0,0,63409,394.265798230535,0,12383,672.206735039974,326,31839,1258,1823,12383
34,run,2500,true,uniform,UPDATE,0,0,0,0,0,0,[{count:2500},{count:2500,"label:""usertable""}]",[{count:0}],NULL,0,[{count:2500},{count:2500,"label:""usertable""}]",[{count:0}],NULL,0,[{count:2500},{count:2500,"label:""usertable""}]",[{count:0}],0.5,0.5,0,0,0,63409,394.265798230535,0,12617,4314.0751367203,3196,32863,5035,5547,12617
34,reference,2500,true,uniform,READ,0,0,0,0,0,0,[{count:2500},{count:2500,"label:""usertable""}]",[{count:0}],NULL,0,[{count:2500},{count:2500,"label:""usertable""}]",[{count:0}],NULL,0,[{count:2500},{count:2500,"label:""usertable""}]",[{count:0}],0.5,0.5,0,0,0,61372,407.35188685394,0,12457,634.49104920928,296,6475,1237,1733,12457
34,reference,2500,true,uniform,UPDATE,0,0,0,0,0,0,[{count:2500},{count:2500,"label:""usertable""}]",[{count:0}],NULL,0,[{count:2500},{count:2500,"label:""usertable""}]",[{count:0}],NULL,0,[{count:2500},{count:2500,"label:""usertable""}]",[{count:0}],0.5,0.5,0,0,0,61372,407.35188685394,0,12543,4210.88415849478,3106,34079,4947,5435,12543
34,clean-run,2500,true,uniform,READ,0,0,0,0,0,0,[{count:2500},{count:2500,"label:""usertable""}]",[{count:0}],NULL,0,[{count:2500},{count:2500,"label:""usertable""}]",[{count:0}],NULL,0,[{count:2500},{count:2500,"label:""usertable""}]",[{count:0}],0.5,0.5,0,0,0,67480,370.480142264375,0,12593,1052.70467720162,321,336127,1573,6199,12593
34,clean-run,2500,true,uniform,UPDATE,0,0,0,0,0,0,[{count:2500},{count:2500,"label:""usertable""}]",[{count:0}],NULL,0,[{count:2500},{count:2500,"label:""usertable""}]",[{count:0}],NULL,0,[{count:2500},{count:2500,"label:""usertable""}]",[{count:0}],0.5,0.5,0,0,0,67480,370.480142264375,0,12407,4317.06568872411,2308,215167,5131,6707,12407
34,avg-run,2500,true,uniform,READ,0,0,0,0,0,0,[{count:2500},{count:2500,"label:""usertable""}]",[{count:0}],NULL,0,[{count:2500},{count:2500,"label:""usertable""}]",[{count:0}],NULL,0,[{count:2500},{count:2500,"label:""usertable""}]",[{count:0}],0.5,0.5,0,0,0,57735,433.012903784533,0,12554,607.596224310977,207,51871,1262,2001,12554
34,avg-run,2500,true,uniform,UPDATE,0,0,0,0,0,0,[{count:2500},{count:2500,"label:""usertable""}]",[{count:0}],NULL,0,[{count:2500},{count:2500,"label:""usertable""}]",[{count:0}],NULL,0,[{count:2500},{count:2500,"label:""usertable""}]",[{count:0}],0.5,0.5,0,0,0,57735,433.012903784533,0,12446,3973.33681504098,1183,190719,4879,5439,12446
35,extend,2500,true,uniform,EXTEND,0,0,0,0,0,0,[{count:2500},{count:2500,"label:""usertable""}]",[{count:0}],NULL,0,[{count:2500},{count:2500,"label:""usertable""}]",[{count:0}],NULL,0,[{count:2500},{count:2500,"label:""usertable""}]",[{count:0}],0,0,0,0,1,129281,193.377217069794,0,25000,5141.9792,1841,1008127,6511,8791,25000
35,run,2500,true,uniform,READ,0,0,0,0,0,0,[{count:2500},{count:2500,"label:""usertable""}]",[{count:0}],NULL,0,[{count:2500},{count:2500,"label:""usertable""}]",[{count:0}],NULL,0,[{count:2500},{count:2500,"label:""usertable""}]",[{count:0}],0.5,0.5,0,0,0,63846,391.567208595683,0,12395,672.619039935458,320,16415,1289,1901,12395
35,run,2500,true,uniform,UPDATE,0,0,0,0,0,0,[{count:2500},{count:2500,"label:""usertable""}]",[{count:0}],NULL,0,[{count:2500},{count:2500,"label:""usertable""}]",[{count:0}],NULL,0,[{count:2500},{count:2500,"label:""usertable""}]",[{count:0}],0.5,0.5,0,0,0,63846,391.567208595683,0,12605,4351.62245140817,3252,40607,5111,5639,12605
35,reference,2500,true,uniform,READ,0,0,0,0,0,0,[{count:2500},{count:2500,"label:""usertable""}]",[{count:0}],NULL,0,[{count:2500},{count:2500,"label:""usertable""}]",[{count:0}],NULL,0,[{count:2500},{count:2500,"label:""usertable""}]",[{count:0}],0.5,0.5,0,0,0,62615,399.265351752775,0,12411,637.909112883732,304,8519,1220,1689,12411
35,reference,2500,true,uniform,UPDATE,0,0,0,0,0,0,[{count:2500},{count:2500,"label:""usertable""}]",[{count:0}],NULL,0,[{count:2500},{count:2500,"label:""usertable""}]",[{count:0}],NULL,0,[{count:2500},{count:2500,"label:""usertable""}]",[{count:0}],0.5,0.5,0,0,0,62615,399.265351752775,0,12589,4292.09055524664,3160,34559,5015,5443,12589
35,clean-run,2500,true,uniform,READ,0,0,0,0,0,0,[{count:2500},{count:2500,"label:""usertable""}]",[{count:0}],NULL,0,[{count:2500},{count:2500,"label:""usertable""}]",[{count:0}],NULL,0,[{count:2500},{count:2500,"label:""usertable""}]",[{count:0}],0.5,0.5,0,0,0,66899,373.697663642207,0,12480,949.973878205128,321,140159,1681,4595,12480
35,clean-run,2500,true,uniform,UPDATE,0,0,0,0,0,0,[{count:2500},{count:2500,"label:""usertable""}]",[{count:0}],NULL,0,[{count:2500},{count:2500,"label:""usertable""}]",[{count:0}],NULL,0,[{count:2500},{count:2500,"label:""usertable""}]",[{count:0}],0.5,0.5,0,0,0,66899,373.697663642207,0,12520,4343.11669329073,2388,370687,5107,6623,12520
35,avg-run,2500,true,uniform,READ,0,0,0,0,0,0,[{count:2500},{count:2500,"label:""usertable""}]",[{count:0}],NULL,0,[{count:2500},{count:2500,"label:""usertable""}]",[{count:0}],NULL,0,[{count:2500},{count:2500,"label:""usertable""}]",[{count:0}],0.5,0.5,0,0,0,58011,430.952750340453,0,12539,596.138288539756,216,62655,1214,1887,12539
35,avg-run,2500,true,uniform,UPDATE,0,0,0,0,0,0,[{count:2500},{count:2500,"label:""usertable""}]",[{count:0}],NULL,0,[{count:2500},{count:2500,"label:""usertable""}]",[{count:0}],NULL,0,[{count:2500},{count:2500,"label:""usertable""}]",[{count:0}],0.5,0.5,0,0,0,58011,430.952750340453,0,12461,4003.57700024075,1202,186751,4843,5463,12461
36,extend,2500,true,uniform,EXTEND,0,0,0,0,0,0,[{count:2500},{count:2500,"label:""usertable""}]",[{count:0}],NULL,0,[{count:2500},{count:2500,"label:""usertable""}]",[{count:0}],NULL,0,[{count:2500},{count:2500,"label:""usertable""}]",[{count:0}],0,0,0,0,1,128704,194.244157135753,0,25000,5119.72576,1918,997375,6431,8583,25000
36,run,2500,true,uniform,READ,0,0,0,0,0,0,[{count:2500},{count:2500,"label:""usertable""}]",[{count:0}],NULL,0,[{count:2500},{count:2500,"label:""usertable""}]",[{count:0}],NULL,0,[{count:2500},{count:2500,"label:""usertable""}]",[{count:0}],0.5,0.5,0,0,0,64686,386.482391862227,0,12373,699.235674452437,286,8463,1353,1931,12373
36,run,2500,true,uniform,UPDATE,0,0,0,0,0,0,[{count:2500},{count:2500,"label:""usertable""}]",[{count:0}],NULL,0,[{count:2500},{count:2500,"label:""usertable""}]",[{count:0}],NULL,0,[{count:2500},{count:2500,"label:""usertable""}]",[{count:0}],0.5,0.5,0,0,0,64686,386.482391862227,0,12627,4385.15751960086,3286,35487,5163,5691,12627
36,reference,2500,true,uniform,READ,0,0,0,0,0,0,[{count:2500},{count:2500,"label:""usertable""}]",[{count:0}],NULL,0,[{count:2500},{count:2500,"label:""usertable""}]",[{count:0}],NULL,0,[{count:2500},{count:2500,"label:""usertable""}]",[{count:0}],0.5,0.5,0,0,0,62840,397.835773392744,0,12423,641.82902680512,294,31263,1199,1661,12423
36,reference,2500,true,uniform,UPDATE,0,0,0,0,0,0,[{count:2500},{count:2500,"label:""usertable""}]",[{count:0}],NULL,0,[{count:2500},{count:2500,"label:""usertable""}]",[{count:0}],NULL,0,[{count:2500},{count:2500,"label:""usertable""}]",[{count:0}],0.5,0.5,0,0,0,62840,397.835773392744,0,12577,4311.8755665103,3254,30607,5031,5479,12577
36,clean-run,2500,true,uniform,READ,0,0,0,0,0,0,[{count:2500},{count:2500,"label:""usertable""}]",[{count:0}],NULL,0,[{count:2500},{count:2500,"label:""usertable""}]",[{count:0}],NULL,0,[{count:2500},{count:2500,"label:""usertable""}]",[{count:0}],0.5,0.5,0,0,0,68674,364.038791973673,0,12537,1075.43981813831,311,282623,1632,6599,12537
36,clean-run,2500,true,uniform,UPDATE,0,0,0,0,0,0,[{count:2500},{count:2500,"label:""usertable""}]",[{count:0}],NULL,0,[{count:2500},{count:2500,"label:""usertable""}]",[{count:0}],NULL,0,[{count:2500},{count:2500,"label:""usertable""}]",[{count:0}],0.5,0.5,0,0,0,68674,364.038791973673,0,12463,4375.73272887748,1458,216191,5251,6459,12463
36,avg-run,2500,true,uniform,READ,0,0,0,0,0,0,[{count:2500},{count:2500,"label:""usertable""}]",[{count:0}],NULL,0,[{count:2500},{count:2500,"label:""usertable""}]",[{count:0}],NULL,0,[{count:2500},{count:2500,"label:""usertable""}]",[{count:0}],0.5,0.5,0,0,0,58228,429.346706052071,0,12529,623.450155638918,203,193279,1273,1946,12529
36,avg-run,2500,true,uniform,UPDATE,0,0,0,0,0,0,[{count:2500},{count:2500,"label:""usertable""}]",[{count:0}],NULL,0,[{count:2500},{count:2500,"label:""usertable""}]",[{count:0}],NULL,0,[{count:2500},{count:2500,"label:""usertable""}]",[{count:0}],0.5,0.5,0,0,0,58228,429.346706052071,0,12471,3990.59490016839,1193,50719,4923,5503,12471
37,extend,2500,true,uniform,EXTEND,0,0,0,0,0,0,[{count:2500},{count:2500,"label:""usertable""}]",[{count:0}],NULL,0,[{count:2500},{count:2500,"label:""usertable""}]",[{count:0}],NULL,0,[{count:2500},{count:2500,"label:""usertable""}]",[{count:0}],0,0,0,0,1,131448,190.189276367841,0,25000,5228.80168,2826,1046015,6511,8903,25000
37,run,2500,true,uniform,READ,0,0,0,0,0,0,[{count:2500},{count:2500,"label:""usertable""}]",[{count:0}],NULL,0,[{count:2500},{count:2500,"label:""usertable""}]",[{count:0}],NULL,0,[{count:2500},{count:2500,"label:""usertable""}]",[{count:0}],0.5,0.5,0,0,0,63787,391.929390001097,0,12473,681.277238835886,319,33919,1271,1860,12473
37,run,2500,true,uniform,UPDATE,0,0,0,0,0,0,[{count:2500},{count:2500,"label:""usertable""}]",[{count:0}],NULL,0,[{count:2500},{count:2500,"label:""usertable""}]",[{count:0}],NULL,0,[{count:2500},{count:2500,"label:""usertable""}]",[{count:0}],0.5,0.5,0,0,0,63787,391.929390001097,0,12527,4362.42492216812,3320,33439,5083,5579,12527
37,reference,2500,true,uniform,READ,0,0,0,0,0,0,[{count:2500},{count:2500,"label:""usertable""}]",[{count:0}],NULL,0,[{count:2500},{count:2500,"label:""usertable""}]",[{count:0}],NULL,0,[{count:2500},{count:2500,"label:""usertable""}]",[{count:0}],0.5,0.5,0,0,0,63394,394.359087610815,0,12441,648.102644481955,293,31407,1250,1722,12441
37,reference,2500,true,uniform,UPDATE,0,0,0,0,0,0,[{count:2500},{count:2500,"label:""usertable""}]",[{count:0}],NULL,0,[{count:2500},{count:2500,"label:""usertable""}]",[{count:0}],NULL,0,[{count:2500},{count:2500,"label:""usertable""}]",[{count:0}],0.5,0.5,0,0,0,63394,394.359087610815,0,12559,4352.84242375985,3242,33759,5103,5595,12559
37,clean-run,2500,true,uniform,READ,0,0,0,0,0,0,[{count:2500},{count:2500,"label:""usertable""}]",[{count:0}],NULL,0,[{count:2500},{count:2500,"label:""usertable""}]",[{count:0}],NULL,0,[{count:2500},{count:2500,"label:""usertable""}]",[{count:0}],0.5,0.5,0,0,0,62869,397.652261050756,0,12521,1096.70281926364,344,317183,1635,6403,12521
37,clean-run,2500,true,uniform,UPDATE,0,0,0,0,0,0,[{count:2500},{count:2500,"label:""usertable""}]",[{count:0}],NULL,0,[{count:2500},{count:2500,"label:""usertable""}]",[{count:0}],NULL,0,[{count:2500},{count:2500,"label:""usertable""}]",[{count:0}],0.5,0.5,0,0,0,62869,397.652261050756,0,12479,3885.84558057537,2092,217215,4931,6335,12479
37,avg-run,2500,true,uniform,READ,0,0,0,0,0,0,[{count:2500},{count:2500,"label:""usertable""}]",[{count:0}],NULL,0,[{count:2500},{count:2500,"label:""usertable""}]",[{count:0}],NULL,0,[{count:2500},{count:2500,"label:""usertable""}]",[{count:0}],0.5,0.5,0,0,0,58391,428.148173519892,0,12444,634.737383477981,214,187647,1274,2021,12444
37,avg-run,2500,true,uniform,UPDATE,0,0,0,0,0,0,[{count:2500},{count:2500,"label:""usertable""}]",[{count:0}],NULL,0,[{count:2500},{count:2500,"label:""usertable""}]",[{count:0}],NULL,0,[{count:2500},{count:2500,"label:""usertable""}]",[{count:0}],0.5,0.5,0,0,0,58391,428.148173519892,0,12556,3969.36643835616,1169,46559,4839,5399,12556
38,extend,2500,true,uniform,EXTEND,0,0,0,0,0,0,[{count:2500},{count:2500,"label:""usertable""}]",[{count:0}],NULL,0,[{count:2500},{count:2500,"label:""usertable""}]",[{count:0}],NULL,0,[{count:2500},{count:2500,"label:""usertable""}]",[{count:0}],0,0,0,0,1,131103,190.689763010763,0,25000,5215.36784,3634,965631,6551,8807,25000
38,run,2500,true,uniform,READ,0,0,0,0,0,0,[{count:2500},{count:2500,"label:""usertable""}]",[{count:0}],NULL,0,[{count:2500},{count:2500,"label:""usertable""}]",[{count:0}],NULL,0,[{count:2500},{count:2500,"label:""usertable""}]",[{count:0}],0.5,0.5,0,0,0,64330,388.621172081455,0,12512,700.299472506394,316,34879,1349,1981,12512
38,run,2500,true,uniform,UPDATE,0,0,0,0,0,0,[{count:2500},{count:2500,"label:""usertable""}]",[{count:0}],NULL,0,[{count:2500},{count:2500,"label:""usertable""}]",[{count:0}],NULL,0,[{count:2500},{count:2500,"label:""usertable""}]",[{count:0}],0.5,0.5,0,0,0,64330,388.621172081455,0,12488,4397.65230621397,3254,33247,5147,5647,12488
38,reference,2500,true,uniform,READ,0,0,0,0,0,0,[{count:2500},{count:2500,"label:""usertable""}]",[{count:0}],NULL,0,[{count:2500},{count:2500,"label:""usertable""}]",[{count:0}],NULL,0,[{count:2500},{count:2500,"label:""usertable""}]",[{count:0}],0.5,0.5,0,0,0,62866,397.671237234753,0,12386,640.763765541741,300,4767,1232,1679,12386
38,reference,2500,true,uniform,UPDATE,0,0,0,0,0,0,[{count:2500},{count:2500,"label:""usertable""}]",[{count:0}],NULL,0,[{count:2500},{count:2500,"label:""usertable""}]",[{count:0}],NULL,0,[{count:2500},{count:2500,"label:""usertable""}]",[{count:0}],0.5,0.5,0,0,0,62866,397.671237234753,0,12614,4301.743618202,1491,37151,5099,5575,12614
38,clean-run,2500,true,uniform,READ,0,0,0,0,0,0,[{count:2500},{count:2500,"label:""usertable""}]",[{count:0}],NULL,0,[{count:2500},{count:2500,"label:""usertable""}]",[{count:0}],NULL,0,[{count:2500},{count:2500,"label:""usertable""}]",[{count:0}],0.5,0.5,0,0,0,68700,363.901018922853,0,12545,1074.89095257075,299,129343,1732,5811,12545
38,clean-run,2500,true,uniform,UPDATE,0,0,0,0,0,0,[{count:2500},{count:2500,"label:""usertable""}]",[{count:0}],NULL,0,[{count:2500},{count:2500,"label:""usertable""}]",[{count:0}],NULL,0,[{count:2500},{count:2500,"label:""usertable""}]",[{count:0}],0.5,0.5,0,0,0,68700,363.901018922853,0,12455,4379.64038538739,2230,383743,5183,7119,12455
38,avg-run,2500,true,uniform,READ,0,0,0,0,0,0,[{count:2500},{count:2500,"label:""usertable""}]",[{count:0}],NULL,0,[{count:2500},{count:2500,"label:""usertable""}]",[{count:0}],NULL,0,[{count:2500},{count:2500,"label:""usertable""}]",[{count:0}],0.5,0.5,0,0,0,57926,431.585125850223,0,12583,628.1425733132,193,185215,1270,2061,12583
38,avg-run,2500,true,uniform,UPDATE,0,0,0,0,0,0,[{count:2500},{count:2500,"label:""usertable""}]",[{count:0}],NULL,0,[{count:2500},{count:2500,"label:""usertable""}]",[{count:0}],NULL,0,[{count:2500},{count:2500,"label:""usertable""}]",[{count:0}],0.5,0.5,0,0,0,57926,431.585125850223,0,12417,3974.892083434,1160,47167,4875,5579,12417
39,extend,2500,true,uniform,EXTEND,0,0,0,0,0,0,[{count:2500},{count:2500,"label:""usertable""}]",[{count:0}],NULL,0,[{count:2500},{count:2500,"label:""usertable""}]",[{count:0}],NULL,0,[{count:2500},{count:2500,"label:""usertable""}]",[{count:0}],0,0,0,0,1,131226,190.51102677823,0,25000,5220.45156,3726,949759,6475,8775,25000
39,run,2500,true,uniform,READ,0,0,0,0,0,0,[{count:2500},{count:2500,"label:""usertable""}]",[{count:0}],NULL,0,[{count:2500},{count:2500,"label:""usertable""}]",[{count:0}],NULL,0,[{count:2500},{count:2500,"label:""usertable""}]",[{count:0}],0.5,0.5,0,0,0,63350,394.632991318074,0,12559,679.274544151605,314,36959,1272,1867,12559
39,run,2500,true,uniform,UPDATE,0,0,0,0,0,0,[{count:2500},{count:2500,"label:""usertable""}]",[{count:0}],NULL,0,[{count:2500},{count:2500,"label:""usertable""}]",[{count:0}],NULL,0,[{count:2500},{count:2500,"label:""usertable""}]",[{count:0}],0.5,0.5,0,0,0,63350,394.632991318074,0,12441,4353.17587010691,3238,32959,5091,5599,12441
39,reference,2500,true,uniform,READ,0,0,0,0,0,0,[{count:2500},{count:2500,"label:""usertable""}]",[{count:0}],NULL,0,[{count:2500},{count:2500,"label:""usertable""}]",[{count:0}],NULL,0,[{count:2500},{count:2500,"label:""usertable""}]",[{count:0}],0.5,0.5,0,0,0,63280,395.069532237674,0,12352,636.320919689119,306,5523,1188,1648,12352
39,reference,2500,true,uniform,UPDATE,0,0,0,0,0,0,[{count:2500},{count:2500,"label:""usertable""}]",[{count:0}],NULL,0,[{count:2500},{count:2500,"label:""usertable""}]",[{count:0}],NULL,0,[{count:2500},{count:2500,"label:""usertable""}]",[{count:0}],0.5,0.5,0,0,0,63280,395.069532237674,0,12648,4330.08641682479,3258,34335,5051,5471,12648
39,clean-run,2500,true,uniform,READ,0,0,0,0,0,0,[{count:2500},{count:2500,"label:""usertable""}]",[{count:0}],NULL,0,[{count:2500},{count:2500,"label:""usertable""}]",[{count:0}],NULL,0,[{count:2500},{count:2500,"label:""usertable""}]",[{count:0}],0.5,0.5,0,0,0,63233,395.363180617715,0,12544,1011.84534438776,325,132351,1615,6451,12544
39,clean-run,2500,true,uniform,UPDATE,0,0,0,0,0,0,[{count:2500},{count:2500,"label:""usertable""}]",[{count:0}],NULL,0,[{count:2500},{count:2500,"label:""usertable""}]",[{count:0}],NULL,0,[{count:2500},{count:2500,"label:""usertable""}]",[{count:0}],0.5,0.5,0,0,0,63233,395.363180617715,0,12456,4005.34063904945,1946,384511,4931,6819,12456
39,avg-run,2500,true,uniform,READ,0,0,0,0,0,0,[{count:2500},{count:2500,"label:""usertable""}]",[{count:0}],NULL,0,[{count:2500},{count:2500,"label:""usertable""}]",[{count:0}],NULL,0,[{count:2500},{count:2500,"label:""usertable""}]",[{count:0}],0.5,0.5,0,0,0,59087,423.104913094251,0,12484,615.322572893304,184,49855,1260,2024,12484
39,avg-run,2500,true,uniform,UPDATE,0,0,0,0,0,0,[{count:2500},{count:2500,"label:""usertable""}]",[{count:0}],NULL,0,[{count:2500},{count:2500,"label:""usertable""}]",[{count:0}],NULL,0,[{count:2500},{count:2500,"label:""usertable""}]",[{count:0}],0.5,0.5,0,0,0,59087,423.104913094251,0,12516,4054.67825183765,1172,192255,4931,5543,12516
40,extend,2500,true,uniform,EXTEND,0,0,0,0,0,0,[{count:2500},{count:2500,"label:""usertable""}]",[{count:0}],NULL,0,[{count:2500},{count:2500,"label:""usertable""}]",[{count:0}],NULL,0,[{count:2500},{count:2500,"label:""usertable""}]",[{count:0}],0,0,0,0,1,129046,193.729367822327,0,25000,5130.29168,1845,995327,6447,8599,25000
40,run,2500,true,uniform,READ,0,0,0,0,0,0,[{count:2500},{count:2500,"label:""usertable""}]",[{count:0}],NULL,0,[{count:2500},{count:2500,"label:""usertable""}]",[{count:0}],NULL,0,[{count:2500},{count:2500,"label:""usertable""}]",[{count:0}],0.5,0.5,0,0,0,64161,389.644799800502,0,12483,683.922374429224,316,17039,1309,1937,12483
40,run,2500,true,uniform,UPDATE,0,0,0,0,0,0,[{count:2500},{count:2500,"label:""usertable""}]",[{count:0}],NULL,0,[{count:2500},{count:2500,"label:""usertable""}]",[{count:0}],NULL,0,[{count:2500},{count:2500,"label:""usertable""}]",[{count:0}],0.5,0.5,0,0,0,64161,389.644799800502,0,12517,4390.61084924503,3274,34719,5159,5687,12517
40,reference,2500,true,uniform,READ,0,0,0,0,0,0,[{count:2500},{count:2500,"label:""usertable""}]",[{count:0}],NULL,0,[{count:2500},{count:2500,"label:""usertable""}]",[{count:0}],NULL,0,[{count:2500},{count:2500,"label:""usertable""}]",[{count:0}],0.5,0.5,0,0,0,62643,399.086889197516,0,12508,641.051487048289,311,7051,1195,1624,12508
40,reference,2500,true,uniform,UPDATE,0,0,0,0,0,0,[{count:2500},{count:2500,"label:""usertable""}]",[{count:0}],NULL,0,[{count:2500},{count:2500,"label:""usertable""}]",[{count:0}],NULL,0,[{count:2500},{count:2500,"label:""usertable""}]",[{count:0}],0.5,0.5,0,0,0,62643,399.086889197516,0,12492,4320.45349023375,3266,36607,5027,5467,12492
40,clean-run,2500,true,uniform,READ,0,0,0,0,0,0,[{count:2500},{count:2500,"label:""usertable""}]",[{count:0}],NULL,0,[{count:2500},{count:2500,"label:""usertable""}]",[{count:0}],NULL,0,[{count:2500},{count:2500,"label:""usertable""}]",[{count:0}],0.5,0.5,0,0,0,61928,403.694613099083,0,12440,1021.4770096463,320,128511,1673,6491,12440
40,clean-run,2500,true,uniform,UPDATE,0,0,0,0,0,0,[{count:2500},{count:2500,"label:""usertable""}]",[{count:0}],NULL,0,[{count:2500},{count:2500,"label:""usertable""}]",[{count:0}],NULL,0,[{count:2500},{count:2500,"label:""usertable""}]",[{count:0}],0.5,0.5,0,0,0,61928,403.694613099083,0,12560,3866.24275477707,2017,371455,5031,6691,12560
40,avg-run,2500,true,uniform,READ,0,0,0,0,0,0,[{count:2500},{count:2500,"label:""usertable""}]",[{count:0}],NULL,0,[{count:2500},{count:2500,"label:""usertable""}]",[{count:0}],NULL,0,[{count:2500},{count:2500,"label:""usertable""}]",[{count:0}],0.5,0.5,0,0,0,57946,431.43616470507,0,12724,616.506916064131,192,58495,1300,1884,12724
40,avg-run,2500,true,uniform,UPDATE,0,0,0,0,0,0,[{count:2500},{count:2500,"label:""usertable""}]",[{count:0}],NULL,0,[{count:2500},{count:2500,"label:""usertable""}]",[{count:0}],NULL,0,[{count:2500},{count:2500,"label:""usertable""}]",[{count:0}],0.5,0.5,0,0,0,57946,431.43616470507,0,12276,4027.67782665363,1199,193407,4955,5603,12276
41,extend,2500,true,uniform,EXTEND,0,0,0,0,0,0,[{count:2500},{count:2500,"label:""usertable""}]",[{count:0}],NULL,0,[{count:2500},{count:2500,"label:""usertable""}]",[{count:0}],NULL,0,[{count:2500},{count:2500,"label:""usertable""}]",[{count:0}],0,0,0,0,1,130181,192.040313102526,0,25000,5178.73208,1866,1008127,6527,8879,25000
41,run,2500,true,uniform,READ,0,0,0,0,0,0,[{count:2500},{count:2500,"label:""usertable""}]",[{count:0}],NULL,0,[{count:2500},{count:2500,"label:""usertable""}]",[{count:0}],NULL,0,[{count:2500},{count:2500,"label:""usertable""}]",[{count:0}],0.5,0.5,0,0,0,64075,390.167772142021,0,12536,713.39438417358,304,33727,1382,1925,12536
41,run,2500,true,uniform,UPDATE,0,0,0,0,0,0,[{count:2500},{count:2500,"label:""usertable""}]",[{count:0}],NULL,0,[{count:2500},{count:2500,"label:""usertable""}]",[{count:0}],NULL,0,[{count:2500},{count:2500,"label:""usertable""}]",[{count:0}],0.5,0.5,0,0,0,64075,390.167772142021,0,12464,4370.43862323492,3080,33695,5123,5631,12464
41,reference,2500,true,uniform,READ,0,0,0,0,0,0,[{count:2500},{count:2500,"label:""usertable""}]",[{count:0}],NULL,0,[{count:2500},{count:2500,"label:""usertable""}]",[{count:0}],NULL,0,[{count:2500},{count:2500,"label:""usertable""}]",[{count:0}],0.5,0.5,0,0,0,63521,393.570630185293,0,12527,652.426119581704,274,33439,1254,1696,12527
41,reference,2500,true,uniform,UPDATE,0,0,0,0,0,0,[{count:2500},{count:2500,"label:""usertable""}]",[{count:0}],NULL,0,[{count:2500},{count:2500,"label:""usertable""}]",[{count:0}],NULL,0,[{count:2500},{count:2500,"label:""usertable""}]",[{count:0}],0.5,0.5,0,0,0,63521,393.570630185293,0,12473,4384.81199390684,3248,30959,5127,5579,12473
41,clean-run,2500,true,uniform,READ,0,0,0,0,0,0,[{count:2500},{count:2500,"label:""usertable""}]",[{count:0}],NULL,0,[{count:2500},{count:2500,"label:""usertable""}]",[{count:0}],NULL,0,[{count:2500},{count:2500,"label:""usertable""}]",[{count:0}],0.5,0.5,0,0,0,71739,348.485482094816,0,12528,1009.93542464879,338,128831,1669,6039,12528
41,clean-run,2500,true,uniform,UPDATE,0,0,0,0,0,0,[{count:2500},{count:2500,"label:""usertable""}]",[{count:0}],NULL,0,[{count:2500},{count:2500,"label:""usertable""}]",[{count:0}],NULL,0,[{count:2500},{count:2500,"label:""usertable""}]",[{count:0}],0.5,0.5,0,0,0,71739,348.485482094816,0,12472,4685.13766837717,3232,386047,5579,7519,12472
41,avg-run,2500,true,uniform,READ,0,0,0,0,0,0,[{count:2500},{count:2500,"label:""usertable""}]",[{count:0}],NULL,0,[{count:2500},{count:2500,"label:""usertable""}]",[{count:0}],NULL,0,[{count:2500},{count:2500,"label:""usertable""}]",[{count:0}],0.5,0.5,0,0,0,59709,418.697348808387,0,12482,635.931901938792,200,191999,1296,2023,12482
41,avg-run,2500,true,uniform,UPDATE,0,0,0,0,0,0,[{count:2500},{count:2500,"label:""usertable""}]",[{count:0}],NULL,0,[{count:2500},{count:2500,"label:""usertable""}]",[{count:0}],NULL,0,[{count:2500},{count:2500,"label:""usertable""}]",[{count:0}],0.5,0.5,0,0,0,59709,418.697348808387,0,12518,4084.06614475156,1146,54847,5003,5703,12518
42,extend,2500,true,uniform,EXTEND,0,0,0,0,0,0,[{count:2500},{count:2500,"label:""usertable""}]",[{count:0}],NULL,0,[{count:2500},{count:2500,"label:""usertable""}]",[{count:0}],NULL,0,[{count:2500},{count:2500,"label:""usertable""}]",[{count:0}],0,0,0,0,1,131650,189.897455374098,0,25000,5237.31764,2252,977407,6459,8695,25000
42,run,2500,true,uniform,READ,0,0,0,0,0,0,[{count:2500},{count:2500,"label:""usertable""}]",[{count:0}],NULL,0,[{count:2500},{count:2500,"label:""usertable""}]",[{count:0}],NULL,0,[{count:2500},{count:2500,"label:""usertable""}]",[{count:0}],0.5,0.5,0,0,0,64312,388.729941535017,0,12538,690.597463710321,347,33951,1268,1930,12538
42,run,2500,true,uniform,UPDATE,0,0,0,0,0,0,[{count:2500},{count:2500,"label:""usertable""}]",[{count:0}],NULL,0,[{count:2500},{count:2500,"label:""usertable""}]",[{count:0}],NULL,0,[{count:2500},{count:2500,"label:""usertable""}]",[{count:0}],0.5,0.5,0,0,0,64312,388.729941535017,0,12462,4412.95963729738,3248,34015,5187,5691,12462
42,reference,2500,true,uniform,READ,0,0,0,0,0,0,[{count:2500},{count:2500,"label:""usertable""}]",[{count:0}],NULL,0,[{count:2500},{count:2500,"label:""usertable""}]",[{count:0}],NULL,0,[{count:2500},{count:2500,"label:""usertable""}]",[{count:0}],0.5,0.5,0,0,0,63528,393.52726356882,0,12534,646.562071166427,312,6903,1223,1689,12534
42,reference,2500,true,uniform,UPDATE,0,0,0,0,0,0,[{count:2500},{count:2500,"label:""usertable""}]",[{count:0}],NULL,0,[{count:2500},{count:2500,"label:""usertable""}]",[{count:0}],NULL,0,[{count:2500},{count:2500,"label:""usertable""}]",[{count:0}],0.5,0.5,0,0,0,63528,393.52726356882,0,12466,4394.39499438473,3294,37887,5135,5575,12466
42,clean-run,2500,true,uniform,READ,0,0,0,0,0,0,[{count:2500},{count:2500,"label:""usertable""}]",[{count:0}],NULL,0,[{count:2500},{count:2500,"label:""usertable""}]",[{count:0}],NULL,0,[{count:2500},{count:2500,"label:""usertable""}]",[{count:0}],0.5,0.5,0,0,0,71786,348.257320368874,0,12447,1053.6484293404,325,301055,1631,6471,12447
42,clean-run,2500,true,uniform,UPDATE,0,0,0,0,0,0,[{count:2500},{count:2500,"label:""usertable""}]",[{count:0}],NULL,0,[{count:2500},{count:2500,"label:""usertable""}]",[{count:0}],NULL,0,[{count:2500},{count:2500,"label:""usertable""}]",[{count:0}],0.5,0.5,0,0,0,71786,348.257320368874,0,12553,4621.61730263682,3292,198271,5539,7531,12553
42,avg-run,2500,true,uniform,READ,0,0,0,0,0,0,[{count:2500},{count:2500,"label:""usertable""}]",[{count:0}],NULL,0,[{count:2500},{count:2500,"label:""usertable""}]",[{count:0}],NULL,0,[{count:2500},{count:2500,"label:""usertable""}]",[{count:0}],0.5,0.5,0,0,0,59364,421.130651573344,0,12461,635.893106492256,207,190207,1290,2281,12461
42,avg-run,2500,true,uniform,UPDATE,0,0,0,0,0,0,[{count:2500},{count:2500,"label:""usertable""}]",[{count:0}],NULL,0,[{count:2500},{count:2500,"label:""usertable""}]",[{count:0}],NULL,0,[{count:2500},{count:2500,"label:""usertable""}]",[{count:0}],0.5,0.5,0,0,0,59364,421.130651573344,0,12539,4049.25305048249,721,57343,4927,5567,12539
43,extend,2500,true,uniform,EXTEND,0,0,0,0,0,0,[{count:2500},{count:2500,"label:""usertable""}]",[{count:0}],NULL,0,[{count:2500},{count:2500,"label:""usertable""}]",[{count:0}],NULL,0,[{count:2500},{count:2500,"label:""usertable""}]",[{count:0}],0,0,0,0,1,131767,189.728839542526,0,25000,5241.77672,2003,983551,6519,8719,25000
43,run,2500,true,uniform,READ,0,0,0,0,0,0,[{count:2500},{count:2500,"label:""usertable""}]",[{count:0}],NULL,0,[{count:2500},{count:2500,"label:""usertable""}]",[{count:0}],NULL,0,[{count:2500},{count:2500,"label:""usertable""}]",[{count:0}],0.5,0.5,0,0,0,64935,385.000385000385,0,12433,689.209683905735,341,9391,1276,1867,12433
43,run,2500,true,uniform,UPDATE,0,0,0,0,0,0,[{count:2500},{count:2500,"label:""usertable""}]",[{count:0}],NULL,0,[{count:2500},{count:2500,"label:""usertable""}]",[{count:0}],NULL,0,[{count:2500},{count:2500,"label:""usertable""}]",[{count:0}],0.5,0.5,0,0,0,64935,385.000385000385,0,12567,4432.54022439723,3310,38495,5167,5675,12567
43,reference,2500,true,uniform,READ,0,0,0,0,0,0,[{count:2500},{count:2500,"label:""usertable""}]",[{count:0}],NULL,0,[{count:2500},{count:2500,"label:""usertable""}]",[{count:0}],NULL,0,[{count:2500},{count:2500,"label:""usertable""}]",[{count:0}],0.5,0.5,0,0,0,62435,400.416433090414,0,12555,636.661808044604,300,31167,1176,1639,12555
43,reference,2500,true,uniform,UPDATE,0,0,0,0,0,0,[{count:2500},{count:2500,"label:""usertable""}]",[{count:0}],NULL,0,[{count:2500},{count:2500,"label:""usertable""}]",[{count:0}],NULL,0,[{count:2500},{count:2500,"label:""usertable""}]",[{count:0}],0.5,0.5,0,0,0,62435,400.416433090414,0,12445,4322.47416633186,1408,32959,5099,5547,12445
43,clean-run,2500,true,uniform,READ,0,0,0,0,0,0,[{count:2500},{count:2500,"label:""usertable""}]",[{count:0}],NULL,0,[{count:2500},{count:2500,"label:""usertable""}]",[{count:0}],NULL,0,[{count:2500},{count:2500,"label:""usertable""}]",[{count:0}],0.5,0.5,0,0,0,64565,387.206690931619,0,12398,1027.11187288272,339,292351,1647,6699,12398
43,clean-run,2500,true,uniform,UPDATE,0,0,0,0,0,0,[{count:2500},{count:2500,"label:""usertable""}]",[{count:0}],NULL,0,[{count:2500},{count:2500,"label:""usertable""}]",[{count:0}],NULL,0,[{count:2500},{count:2500,"label:""usertable""}]",[{count:0}],0.5,0.5,0,0,0,64565,387.206690931619,0,12602,4060.86422790033,2116,215679,5163,6691,12602
43,avg-run,2500,true,uniform,READ,0,0,0,0,0,0,[{count:2500},{count:2500,"label:""usertable""}]",[{count:0}],NULL,0,[{count:2500},{count:2500,"label:""usertable""}]",[{count:0}],NULL,0,[{count:2500},{count:2500,"label:""usertable""}]",[{count:0}],0.5,0.5,0,0,0,59692,418.816591838102,0,12479,629.73603654139,220,179455,1263,2037,12479
43,avg-run,2500,true,uniform,UPDATE,0,0,0,0,0,0,[{count:2500},{count:2500,"label:""usertable""}]",[{count:0}],NULL,0,[{count:2500},{count:2500,"label:""usertable""}]",[{count:0}],NULL,0,[{count:2500},{count:2500,"label:""usertable""}]",[{count:0}],0.5,0.5,0,0,0,59692,418.816591838102,0,12521,4087.35452439901,1174,47551,5011,5651,12521
44,extend,2500,true,uniform,EXTEND,0,0,0,0,0,0,[{count:2500},{count:2500,"label:""usertable""}]",[{count:0}],NULL,0,[{count:2500},{count:2500,"label:""usertable""}]",[{count:0}],NULL,0,[{count:2500},{count:2500,"label:""usertable""}]",[{count:0}],0,0,0,0,1,131444,190.195064057698,0,25000,5228.62688,1917,1010687,6567,8863,25000
44,run,2500,true,uniform,READ,0,0,0,0,0,0,[{count:2500},{count:2500,"label:""usertable""}]",[{count:0}],NULL,0,[{count:2500},{count:2500,"label:""usertable""}]",[{count:0}],NULL,0,[{count:2500},{count:2500,"label:""usertable""}]",[{count:0}],0.5,0.5,0,0,0,65001,384.609467546653,0,12522,697.652611403929,333,18431,1322,1947,12522
44,run,2500,true,uniform,UPDATE,0,0,0,0,0,0,[{count:2500},{count:2500,"label:""usertable""}]",[{count:0}],NULL,0,[{count:2500},{count:2500,"label:""usertable""}]",[{count:0}],NULL,0,[{count:2500},{count:2500,"label:""usertable""}]",[{count:0}],0.5,0.5,0,0,0,65001,384.609467546653,0,12478,4456.59472671903,3324,35903,5215,5771,12478
44,reference,2500,true,uniform,READ,0,0,0,0,0,0,[{count:2500},{count:2500,"label:""usertable""}]",[{count:0}],NULL,0,[{count:2500},{count:2500,"label:""usertable""}]",[{count:0}],NULL,0,[{count:2500},{count:2500,"label:""usertable""}]",[{count:0}],0.5,0.5,0,0,0,63720,392.341494036409,0,12564,649.316380133715,304,4887,1225,1670,12564
44,reference,2500,true,uniform,UPDATE,0,0,0,0,0,0,[{count:2500},{count:2500,"label:""usertable""}]",[{count:0}],NULL,0,[{count:2500},{count:2500,"label:""usertable""}]",[{count:0}],NULL,0,[{count:2500},{count:2500,"label:""usertable""}]",[{count:0}],0.5,0.5,0,0,0,63720,392.341494036409,0,12436,4416.11724027018,3292,35775,5139,5555,12436
44,clean-run,2500,true,uniform,READ,0,0,0,0,0,0,[{count:2500},{count:2500,"label:""usertable""}]",[{count:0}],NULL,0,[{count:2500},{count:2500,"label:""usertable""}]",[{count:0}],NULL,0,[{count:2500},{count:2500,"label:""usertable""}]",[{count:0}],0.5,0.5,0,0,0,67156,372.267556137947,0,12464,986.754332477535,340,122943,1648,5887,12464
44,clean-run,2500,true,uniform,UPDATE,0,0,0,0,0,0,[{count:2500},{count:2500,"label:""usertable""}]",[{count:0}],NULL,0,[{count:2500},{count:2500,"label:""usertable""}]",[{count:0}],NULL,0,[{count:2500},{count:2500,"label:""usertable""}]",[{count:0}],0.5,0.5,0,0,0,67156,372.267556137947,0,12536,4322.63090299936,2138,358655,5323,7351,12536
44,avg-run,2500,true,uniform,READ,0,0,0,0,0,0,[{count:2500},{count:2500,"label:""usertable""}]",[{count:0}],NULL,0,[{count:2500},{count:2500,"label:""usertable""}]",[{count:0}],NULL,0,[{count:2500},{count:2500,"label:""usertable""}]",[{count:0}],0.5,0.5,0,0,0,59468,420.394161565884,0,12523,642.814022199154,211,47487,1328,2051,12523
44,avg-run,2500,true,uniform,UPDATE,0,0,0,0,0,0,[{count:2500},{count:2500,"label:""usertable""}]",[{count:0}],NULL,0,[{count:2500},{count:2500,"label:""usertable""}]",[{count:0}],NULL,0,[{count:2500},{count:2500,"label:""usertable""}]",[{count:0}],0.5,0.5,0,0,0,59468,420.394161565884,0,12477,4067.53859100745,1209,178175,4959,5631,12477
45,extend,2500,true,uniform,EXTEND,0,0,0,0,0,0,[{count:2500},{count:2500,"label:""usertable""}]",[{count:0}],NULL,0,[{count:2500},{count:2500,"label:""usertable""}]",[{count:0}],NULL,0,[{count:2500},{count:2500,"label:""usertable""}]",[{count:0}],0,0,0,0,1,131785,189.702925219107,0,25000,5242.83552,1851,1001983,6555,8767,25000
45,run,2500,true,uniform,READ,0,0,0,0,0,0,[{count:2500},{count:2500,"label:""usertable""}]",[{count:0}],NULL,0,[{count:2500},{count:2500,"label:""usertable""}]",[{count:0}],NULL,0,[{count:2500},{count:2500,"label:""usertable""}]",[{count:0}],0.5,0.5,0,0,0,65198,383.447345010583,0,12405,695.868037081822,336,31103,1293,1878,12405
45,run,2500,true,uniform,UPDATE,0,0,0,0,0,0,[{count:2500},{count:2500,"label:""usertable""}]",[{count:0}],NULL,0,[{count:2500},{count:2500,"label:""usertable""}]",[{count:0}],NULL,0,[{count:2500},{count:2500,"label:""usertable""}]",[{count:0}],0.5,0.5,0,0,0,65198,383.447345010583,0,12595,4439.97506947201,2730,33599,5199,5643,12595
45,reference,2500,true,uniform,READ,0,0,0,0,0,0,[{count:2500},{count:2500,"label:""usertable""}]",[{count:0}],NULL,0,[{count:2500},{count:2500,"label:""usertable""}]",[{count:0}],NULL,0,[{count:2500},{count:2500,"label:""usertable""}]",[{count:0}],0.5,0.5,0,0,0,63462,393.936528946456,0,12587,659.420513227934,309,30271,1238,1700,12587
45,reference,2500,true,uniform,UPDATE,0,0,0,0,0,0,[{count:2500},{count:2500,"label:""usertable""}]",[{count:0}],NULL,0,[{count:2500},{count:2500,"label:""usertable""}]",[{count:0}],NULL,0,[{count:2500},{count:2500,"label:""usertable""}]",[{count:0}],0.5,0.5,0,0,0,63462,393.936528946456,0,12413,4391.47401917345,2852,34751,5127,5591,12413
45,clean-run,2500,true,uniform,READ,0,0,0,0,0,0,[{count:2500},{count:2500,"label:""usertable""}]",[{count:0}],NULL,0,[{count:2500},{count:2500,"label:""usertable""}]",[{count:0}],NULL,0,[{count:2500},{count:2500,"label:""usertable""}]",[{count:0}],0.5,0.5,0,0,0,70913,352.544667409361,0,12527,1018.31188632554,335,275455,1609,6075,12527
45,clean-run,2500,true,uniform,UPDATE,0,0,0,0,0,0,[{count:2500},{count:2500,"label:""usertable""}]",[{count:0}],NULL,0,[{count:2500},{count:2500,"label:""usertable""}]",[{count:0}],NULL,0,[{count:2500},{count:2500,"label:""usertable""}]",[{count:0}],0.5,0.5,0,0,0,70913,352.544667409361,0,12473,4608.5902349074,3176,210175,5427,6747,12473
45,avg-run,2500,true,uniform,READ,0,0,0,0,0,0,[{count:2500},{count:2500,"label:""usertable""}]",[{count:0}],NULL,0,[{count:2500},{count:2500,"label:""usertable""}]",[{count:0}],NULL,0,[{count:2500},{count:2500,"label:""usertable""}]",[{count:0}],0.5,0.5,0,0,0,58993,423.779092434696,0,12534,634.05393330142,201,184703,1274,1977,12534
45,avg-run,2500,true,uniform,UPDATE,0,0,0,0,0,0,[{count:2500},{count:2500,"label:""usertable""}]",[{count:0}],NULL,0,[{count:2500},{count:2500,"label:""usertable""}]",[{count:0}],NULL,0,[{count:2500},{count:2500,"label:""usertable""}]",[{count:0}],0.5,0.5,0,0,0,58993,423.779092434696,0,12466,4042.2672870207,1192,53919,4975,5587,12466
46,extend,2500,true,uniform,EXTEND,0,0,0,0,0,0,[{count:2500},{count:2500,"label:""usertable""}]",[{count:0}],NULL,0,[{count:2500},{count:2500,"label:""usertable""}]",[{count:0}],NULL,0,[{count:2500},{count:2500,"label:""usertable""}]",[{count:0}],0,0,0,0,1,133055,187.892225019729,0,25000,5293.19824,1825,1045503,6607,8927,25000
46,run,2500,true,uniform,READ,0,0,0,0,0,0,[{count:2500},{count:2500,"label:""usertable""}]",[{count:0}],NULL,0,[{count:2500},{count:2500,"label:""usertable""}]",[{count:0}],NULL,0,[{count:2500},{count:2500,"label:""usertable""}]",[{count:0}],0.5,0.5,0,0,0,65287,382.924625116792,0,12501,692.273898088153,338,16375,1333,1960,12501
46,run,2500,true,uniform,UPDATE,0,0,0,0,0,0,[{count:2500},{count:2500,"label:""usertable""}]",[{count:0}],NULL,0,[{count:2500},{count:2500,"label:""usertable""}]",[{count:0}],NULL,0,[{count:2500},{count:2500,"label:""usertable""}]",[{count:0}],0.5,0.5,0,0,0,65287,382.924625116792,0,12499,4477.49091927354,3268,35743,5243,5775,12499
46,reference,2500,true,uniform,READ,0,0,0,0,0,0,[{count:2500},{count:2500,"label:""usertable""}]",[{count:0}],NULL,0,[{count:2500},{count:2500,"label:""usertable""}]",[{count:0}],NULL,0,[{count:2500},{count:2500,"label:""usertable""}]",[{count:0}],0.5,0.5,0,0,0,65145,383.759306163175,0,12439,675.675938580272,320,31583,1258,1724,12439
46,reference,2500,true,uniform,UPDATE,0,0,0,0,0,0,[{count:2500},{count:2500,"label:""usertable""}]",[{count:0}],NULL,0,[{count:2500},{count:2500,"label:""usertable""}]",[{count:0}],NULL,0,[{count:2500},{count:2500,"label:""usertable""}]",[{count:0}],0.5,0.5,0,0,0,65145,383.759306163175,0,12561,4464.94403311838,3276,33599,5223,5667,12561
46,clean-run,2500,true,uniform,READ,0,0,0,0,0,0,[{count:2500},{count:2500,"label:""usertable""}]",[{count:0}],NULL,0,[{count:2500},{count:2500,"label:""usertable""}]",[{count:0}],NULL,0,[{count:2500},{count:2500,"label:""usertable""}]",[{count:0}],0.5,0.5,0,0,0,68217,366.477564243517,0,12513,1033.68840405978,300,110975,1741,7099,12513
46,clean-run,2500,true,uniform,UPDATE,0,0,0,0,0,0,[{count:2500},{count:2500,"label:""usertable""}]",[{count:0}],NULL,0,[{count:2500},{count:2500,"label:""usertable""}]",[{count:0}],NULL,0,[{count:2500},{count:2500,"label:""usertable""}]",[{count:0}],0.5,0.5,0,0,0,68217,366.477564243517,0,12487,4374.56931208457,2056,346367,5375,6655,12487
46,avg-run,2500,true,uniform,READ,0,0,0,0,0,0,[{count:2500},{count:2500,"label:""usertable""}]",[{count:0}],NULL,0,[{count:2500},{count:2500,"label:""usertable""}]",[{count:0}],NULL,0,[{count:2500},{count:2500,"label:""usertable""}]",[{count:0}],0.5,0.5,0,0,0,60299,414.600573807194,0,12554,633.561175720886,223,53823,1330,2022,12554
46,avg-run,2500,true,uniform,UPDATE,0,0,0,0,0,0,[{count:2500},{count:2500,"label:""usertable""}]",[{count:0}],NULL,0,[{count:2500},{count:2500,"label:""usertable""}]",[{count:0}],NULL,0,[{count:2500},{count:2500,"label:""usertable""}]",[{count:0}],0.5,0.5,0,0,0,60299,414.600573807194,0,12446,4151.47485135787,1148,178303,5023,5643,12446
47,extend,2500,true,uniform,EXTEND,0,0,0,0,0,0,[{count:2500},{count:2500,"label:""usertable""}]",[{count:0}],NULL,0,[{count:2500},{count:2500,"label:""usertable""}]",[{count:0}],NULL,0,[{count:2500},{count:2500,"label:""usertable""}]",[{count:0}],0,0,0,0,1,132427,188.783254170222,0,25000,5268.47376,3640,1011199,6611,8831,25000
47,run,2500,true,uniform,READ,0,0,0,0,0,0,[{count:2500},{count:2500,"label:""usertable""}]",[{count:0}],NULL,0,[{count:2500},{count:2500,"label:""usertable""}]",[{count:0}],NULL,0,[{count:2500},{count:2500,"label:""usertable""}]",[{count:0}],0.5,0.5,0,0,0,65627,380.940771328874,0,12530,708.780845969673,342,31983,1370,1996,12530
47,run,2500,true,uniform,UPDATE,0,0,0,0,0,0,[{count:2500},{count:2500,"label:""usertable""}]",[{count:0}],NULL,0,[{count:2500},{count:2500,"label:""usertable""}]",[{count:0}],NULL,0,[{count:2500},{count:2500,"label:""usertable""}]",[{count:0}],0.5,0.5,0,0,0,65627,380.940771328874,0,12470,4498.63632718524,3226,34335,5267,5771,12470
47,reference,2500,true,uniform,READ,0,0,0,0,0,0,[{count:2500},{count:2500,"label:""usertable""}]",[{count:0}],NULL,0,[{count:2500},{count:2500,"label:""usertable""}]",[{count:0}],NULL,0,[{count:2500},{count:2500,"label:""usertable""}]",[{count:0}],0.5,0.5,0,0,0,65166,383.635638216248,0,12415,667.300120821587,323,6223,1285,1705,12415
47,reference,2500,true,uniform,UPDATE,0,0,0,0,0,0,[{count:2500},{count:2500,"label:""usertable""}]",[{count:0}],NULL,0,[{count:2500},{count:2500,"label:""usertable""}]",[{count:0}],NULL,0,[{count:2500},{count:2500,"label:""usertable""}]",[{count:0}],0.5,0.5,0,0,0,65166,383.635638216248,0,12585,4468.71179976162,3260,40095,5227,5631,12585
47,clean-run,2500,true,uniform,READ,0,0,0,0,0,0,[{count:2500},{count:2500,"label:""usertable""}]",[{count:0}],NULL,0,[{count:2500},{count:2500,"label:""usertable""}]",[{count:0}],NULL,0,[{count:2500},{count:2500,"label:""usertable""}]",[{count:0}],0.5,0.5,0,0,0,64639,386.763409087393,0,12679,1011.90622288824,340,267519,1646,6127,12679
47,clean-run,2500,true,uniform,UPDATE,0,0,0,0,0,0,[{count:2500},{count:2500,"label:""usertable""}]",[{count:0}],NULL,0,[{count:2500},{count:2500,"label:""usertable""}]",[{count:0}],NULL,0,[{count:2500},{count:2500,"label:""usertable""}]",[{count:0}],0.5,0.5,0,0,0,64639,386.763409087393,0,12321,4150.90073857641,2024,219647,5219,7275,12321
47,avg-run,2500,true,uniform,READ,0,0,0,0,0,0,[{count:2500},{count:2500,"label:""usertable""}]",[{count:0}],NULL,0,[{count:2500},{count:2500,"label:""usertable""}]",[{count:0}],NULL,0,[{count:2500},{count:2500,"label:""usertable""}]",[{count:0}],0.5,0.5,0,0,0,59762,418.326026572069,0,12423,634.436207035338,206,54655,1316,2159,12423
47,avg-run,2500,true,uniform,UPDATE,0,0,0,0,0,0,[{count:2500},{count:2500,"label:""usertable""}]",[{count:0}],NULL,0,[{count:2500},{count:2500,"label:""usertable""}]",[{count:0}],NULL,0,[{count:2500},{count:2500,"label:""usertable""}]",[{count:0}],0.5,0.5,0,0,0,59762,418.326026572069,0,12577,4073.39977737139,1176,191103,5035,5675,12577
48,extend,2500,true,uniform,EXTEND,0,0,0,0,0,0,[{count:2500},{count:2500,"label:""usertable""}]",[{count:0}],NULL,0,[{count:2500},{count:2500,"label:""usertable""}]",[{count:0}],NULL,0,[{count:2500},{count:2500,"label:""usertable""}]",[{count:0}],0,0,0,0,1,133969,186.610335226806,0,25000,5330.11284,2504,979967,6643,8983,25000
48,run,2500,true,uniform,READ,0,0,0,0,0,0,[{count:2500},{count:2500,"label:""usertable""}]",[{count:0}],NULL,0,[{count:2500},{count:2500,"label:""usertable""}]",[{count:0}],NULL,0,[{count:2500},{count:2500,"label:""usertable""}]",[{count:0}],0.5,0.5,0,0,0,66075,378.357926598562,0,12497,720.298071537169,326,31791,1361,2161,12497
48,run,2500,true,uniform,UPDATE,0,0,0,0,0,0,[{count:2500},{count:2500,"label:""usertable""}]",[{count:0}],NULL,0,[{count:2500},{count:2500,"label:""usertable""}]",[{count:0}],NULL,0,[{count:2500},{count:2500,"label:""usertable""}]",[{count:0}],0.5,0.5,0,0,0,66075,378.357926598562,0,12503,4513.17427817324,3314,33695,5251,5831,12503
48,reference,2500,true,uniform,READ,0,0,0,0,0,0,[{count:2500},{count:2500,"label:""usertable""}]",[{count:0}],NULL,0,[{count:2500},{count:2500,"label:""usertable""}]",[{count:0}],NULL,0,[{count:2500},{count:2500,"label:""usertable""}]",[{count:0}],0.5,0.5,0,0,0,63704,392.440035162627,0,12471,674.042017480555,324,31487,1290,1793,12471
48,reference,2500,true,uniform,UPDATE,0,0,0,0,0,0,[{count:2500},{count:2500,"label:""usertable""}]",[{count:0}],NULL,0,[{count:2500},{count:2500,"label:""usertable""}]",[{count:0}],NULL,0,[{count:2500},{count:2500,"label:""usertable""}]",[{count:0}],0.5,0.5,0,0,0,63704,392.440035162627,0,12529,4361.3017798707,1379,56223,5183,5727,12529
48,clean-run,2500,true,uniform,READ,0,0,0,0,0,0,[{count:2500},{count:2500,"label:""usertable""}]",[{count:0}],NULL,0,[{count:2500},{count:2500,"label:""usertable""}]",[{count:0}],NULL,0,[{count:2500},{count:2500,"label:""usertable""}]",[{count:0}],0.5,0.5,0,0,0,65228,383.270987919299,0,12482,1053.15390161833,355,300543,1639,7031,12482
48,clean-run,2500,true,uniform,UPDATE,0,0,0,0,0,0,[{count:2500},{count:2500,"label:""usertable""}]",[{count:0}],NULL,0,[{count:2500},{count:2500,"label:""usertable""}]",[{count:0}],NULL,0,[{count:2500},{count:2500,"label:""usertable""}]",[{count:0}],0.5,0.5,0,0,0,65228,383.270987919299,0,12518,4108.38864035788,2062,191871,5271,6991,12518
48,avg-run,2500,true,uniform,READ,0,0,0,0,0,0,[{count:2500},{count:2500,"label:""usertable""}]",[{count:0}],NULL,0,[{count:2500},{count:2500,"label:""usertable""}]",[{count:0}],NULL,0,[{count:2500},{count:2500,"label:""usertable""}]",[{count:0}],0.5,0.5,0,0,0,59440,420.592193808883,0,12466,630.089443285737,225,55807,1295,2001,12466
48,avg-run,2500,true,uniform,UPDATE,0,0,0,0,0,0,[{count:2500},{count:2500,"label:""usertable""}]",[{count:0}],NULL,0,[{count:2500},{count:2500,"label:""usertable""}]",[{count:0}],NULL,0,[{count:2500},{count:2500,"label:""usertable""}]",[{count:0}],0.5,0.5,0,0,0,59440,420.592193808883,0,12534,4063.1073879049,1162,177919,4947,5615,12534
49,extend,2500,true,uniform,EXTEND,0,0,0,0,0,0,[{count:2500},{count:2500,"label:""usertable""}]",[{count:0}],NULL,0,[{count:2500},{count:2500,"label:""usertable""}]",[{count:0}],NULL,0,[{count:2500},{count:2500,"label:""usertable""}]",[{count:0}],0,0,0,0,1,133340,187.490625468727,0,25000,5305.12764,3780,978943,6515,8831,25000
49,run,2500,true,uniform,READ,0,0,0,0,0,0,[{count:2500},{count:2500,"label:""usertable""}]",[{count:0}],NULL,0,[{count:2500},{count:2500,"label:""usertable""}]",[{count:0}],NULL,0,[{count:2500},{count:2500,"label:""usertable""}]",[{count:0}],0.5,0.5,0,0,0,66086,378.294949005841,0,12407,693.527685983719,343,16735,1298,1956,12407
49,run,2500,true,uniform,UPDATE,0,0,0,0,0,0,[{count:2500},{count:2500,"label:""usertable""}]",[{count:0}],NULL,0,[{count:2500},{count:2500,"label:""usertable""}]",[{count:0}],NULL,0,[{count:2500},{count:2500,"label:""usertable""}]",[{count:0}],0.5,0.5,0,0,0,66086,378.294949005841,0,12593,4512.40125466529,3280,37343,5259,5755,12593
49,reference,2500,true,uniform,READ,0,0,0,0,0,0,[{count:2500},{count:2500,"label:""usertable""}]",[{count:0}],NULL,0,[{count:2500},{count:2500,"label:""usertable""}]",[{count:0}],NULL,0,[{count:2500},{count:2500,"label:""usertable""}]",[{count:0}],0.5,0.5,0,0,0,64612,386.925029406302,0,12577,661.236701916196,299,5927,1248,1701,12577
49,reference,2500,true,uniform,UPDATE,0,0,0,0,0,0,[{count:2500},{count:2500,"label:""usertable""}]",[{count:0}],NULL,0,[{count:2500},{count:2500,"label:""usertable""}]",[{count:0}],NULL,0,[{count:2500},{count:2500,"label:""usertable""}]",[{count:0}],0.5,0.5,0,0,0,64612,386.925029406302,0,12423,4479.34814457056,3288,34399,5231,5691,12423
49,clean-run,2500,true,uniform,READ,0,0,0,0,0,0,[{count:2500},{count:2500,"label:""usertable""}]",[{count:0}],NULL,0,[{count:2500},{count:2500,"label:""usertable""}]",[{count:0}],NULL,0,[{count:2500},{count:2500,"label:""usertable""}]",[{count:0}],0.5,0.5,0,0,0,65182,383.541468503575,0,12535,1034.24467491025,366,261759,1659,5675,12535
49,clean-run,2500,true,uniform,UPDATE,0,0,0,0,0,0,[{count:2500},{count:2500,"label:""usertable""}]",[{count:0}],NULL,0,[{count:2500},{count:2500,"label:""usertable""}]",[{count:0}],NULL,0,[{count:2500},{count:2500,"label:""usertable""}]",[{count:0}],0.5,0.5,0,0,0,65182,383.541468503575,0,12465,4136.07332531087,2011,210815,5231,8239,12465
49,avg-run,2500,true,uniform,READ,0,0,0,0,0,0,[{count:2500},{count:2500,"label:""usertable""}]",[{count:0}],NULL,0,[{count:2500},{count:2500,"label:""usertable""}]",[{count:0}],NULL,0,[{count:2500},{count:2500,"label:""usertable""}]",[{count:0}],0.5,0.5,0,0,0,60919,410.380997718282,0,12473,639.323899623186,216,172927,1316,2018,12473
49,avg-run,2500,true,uniform,UPDATE,0,0,0,0,0,0,[{count:2500},{count:2500,"label:""usertable""}]",[{count:0}],NULL,0,[{count:2500},{count:2500,"label:""usertable""}]",[{count:0}],NULL,0,[{count:2500},{count:2500,"label:""usertable""}]",[{count:0}],0.5,0.5,0,0,0,60919,410.380997718282,0,12527,4174.16093238605,1163,56319,5143,5803,12527
50,extend,2500,true,uniform,EXTEND,0,0,0,0,0,0,[{count:2500},{count:2500,"label:""usertable""}]",[{count:0}],NULL,0,[{count:2500},{count:2500,"label:""usertable""}]",[{count:0}],NULL,0,[{count:2500},{count:2500,"label:""usertable""}]",[{count:0}],0,0,0,0,1,132889,188.126933004237,0,25000,5286.80436,1840,987647,6535,8783,25000
50,run,2500,true,uniform,READ,0,0,0,0,0,0,[{count:2500},{count:2500,"label:""usertable""}]",[{count:0}],NULL,0,[{count:2500},{count:2500,"label:""usertable""}]",[{count:0}],NULL,0,[{count:2500},{count:2500,"label:""usertable""}]",[{count:0}],0.5,0.5,0,0,0,64717,386.297263470186,0,12552,696.990200764818,350,19551,1291,1944,12552
50,run,2500,true,uniform,UPDATE,0,0,0,0,0,0,[{count:2500},{count:2500,"label:""usertable""}]",[{count:0}],NULL,0,[{count:2500},{count:2500,"label:""usertable""}]",[{count:0}],NULL,0,[{count:2500},{count:2500,"label:""usertable""}]",[{count:0}],0.5,0.5,0,0,0,64717,386.297263470186,0,12448,4442.83491323908,3222,41759,5231,5739,12448
50,reference,2500,true,uniform,READ,0,0,0,0,0,0,[{count:2500},{count:2500,"label:""usertable""}]",[{count:0}],NULL,0,[{count:2500},{count:2500,"label:""usertable""}]",[{count:0}],NULL,0,[{count:2500},{count:2500,"label:""usertable""}]",[{count:0}],0.5,0.5,0,0,0,63721,392.33533685912,0,12573,670.606140141573,316,6543,1277,1787,12573
50,reference,2500,true,uniform,UPDATE,0,0,0,0,0,0,[{count:2500},{count:2500,"label:""usertable""}]",[{count:0}],NULL,0,[{count:2500},{count:2500,"label:""usertable""}]",[{count:0}],NULL,0,[{count:2500},{count:2500,"label:""usertable""}]",[{count:0}],0.5,0.5,0,0,0,63721,392.33533685912,0,12427,4397.82328800193,3266,36927,5127,5563,12427
50,clean-run,2500,true,uniform,READ,0,0,0,0,0,0,[{count:2500},{count:2500,"label:""usertable""}]",[{count:0}],NULL,0,[{count:2500},{count:2500,"label:""usertable""}]",[{count:0}],NULL,0,[{count:2500},{count:2500,"label:""usertable""}]",[{count:0}],0.5,0.5,0,0,0,66517,375.843769261993,0,12489,1035.57818880615,352,282879,1595,6935,12489
50,clean-run,2500,true,uniform,UPDATE,0,0,0,0,0,0,[{count:2500},{count:2500,"label:""usertable""}]",[{count:0}],NULL,0,[{count:2500},{count:2500,"label:""usertable""}]",[{count:0}],NULL,0,[{count:2500},{count:2500,"label:""usertable""}]",[{count:0}],0.5,0.5,0,0,0,66517,375.843769261993,0,12511,4228.56302453841,1819,183807,5291,7475,12511
50,avg-run,2500,true,uniform,READ,0,0,0,0,0,0,[{count:2500},{count:2500,"label:""usertable""}]",[{count:0}],NULL,0,[{count:2500},{count:2500,"label:""usertable""}]",[{count:0}],NULL,0,[{count:2500},{count:2500,"label:""usertable""}]",[{count:0}],0.5,0.5,0,0,0,61125,408.997955010225,0,12457,654.053463915871,203,191743,1300,1971,12457
50,avg-run,2500,true,uniform,UPDATE,0,0,0,0,0,0,[{count:2500},{count:2500,"label:""usertable""}]",[{count:0}],NULL,0,[{count:2500},{count:2500,"label:""usertable""}]",[{count:0}],NULL,0,[{count:2500},{count:2500,"label:""usertable""}]",[{count:0}],0.5,0.5,0,0,0,61125,408.997955010225,0,12543,4170.79032129475,1138,58975,5083,5723,12543
51,extend,2500,true,uniform,EXTEND,0,0,0,0,0,0,[{count:2500},{count:2500,"label:""usertable""}]",[{count:0}],NULL,0,[{count:2500},{count:2500,"label:""usertable""}]",[{count:0}],NULL,0,[{count:2500},{count:2500,"label:""usertable""}]",[{count:0}],0,0,0,0,1,133853,186.772055912083,0,25000,5324.78048,3788,986623,6651,8871,25000
51,run,2500,true,uniform,READ,0,0,0,0,0,0,[{count:2500},{count:2500,"label:""usertable""}]",[{count:0}],NULL,0,[{count:2500},{count:2500,"label:""usertable""}]",[{count:0}],NULL,0,[{count:2500},{count:2500,"label:""usertable""}]",[{count:0}],0.5,0.5,0,0,0,65495,381.708527368501,0,12506,708.36054693747,351,35999,1324,1915,12506
51,run,2500,true,uniform,UPDATE,0,0,0,0,0,0,[{count:2500},{count:2500,"label:""usertable""}]",[{count:0}],NULL,0,[{count:2500},{count:2500,"label:""usertable""}]",[{count:0}],NULL,0,[{count:2500},{count:2500,"label:""usertable""}]",[{count:0}],0.5,0.5,0,0,0,65495,381.708527368501,0,12494,4480.99983992316,1426,33599,5267,5811,12494
51,reference,2500,true,uniform,READ,0,0,0,0,0,0,[{count:2500},{count:2500,"label:""usertable""}]",[{count:0}],NULL,0,[{count:2500},{count:2500,"label:""usertable""}]",[{count:0}],NULL,0,[{count:2500},{count:2500,"label:""usertable""}]",[{count:0}],0.5,0.5,0,0,0,65198,383.447345010583,0,12599,673.209857925232,321,31615,1263,1682,12599
51,reference,2500,true,uniform,UPDATE,0,0,0,0,0,0,[{count:2500},{count:2500,"label:""usertable""}]",[{count:0}],NULL,0,[{count:2500},{count:2500,"label:""usertable""}]",[{count:0}],NULL,0,[{count:2500},{count:2500,"label:""usertable""}]",[{count:0}],0.5,0.5,0,0,0,65198,383.447345010583,0,12401,4520.40432223208,3354,33087,5267,5663,12401
51,clean-run,2500,true,uniform,READ,0,0,0,0,0,0,[{count:2500},{count:2500,"label:""usertable""}]",[{count:0}],NULL,0,[{count:2500},{count:2500,"label:""usertable""}]",[{count:0}],NULL,0,[{count:2500},{count:2500,"label:""usertable""}]",[{count:0}],0.5,0.5,0,0,0,70083,356.719889274146,0,12590,1059.70651310564,333,305663,1672,6739,12590
51,clean-run,2500,true,uniform,UPDATE,0,0,0,0,0,0,[{count:2500},{count:2500,"label:""usertable""}]",[{count:0}],NULL,0,[{count:2500},{count:2500,"label:""usertable""}]",[{count:0}],NULL,0,[{count:2500},{count:2500,"label:""usertable""}]",[{count:0}],0.5,0.5,0,0,0,70083,356.719889274146,0,12410,4518.05108783239,1994,194175,5447,7143,12410
51,avg-run,2500,true,uniform,READ,0,0,0,0,0,0,[{count:2500},{count:2500,"label:""usertable""}]",[{count:0}],NULL,0,[{count:2500},{count:2500,"label:""usertable""}]",[{count:0}],NULL,0,[{count:2500},{count:2500,"label:""usertable""}]",[{count:0}],0.5,0.5,0,0,0,59900,417.362270450751,0,12535,625.649461507778,224,49951,1289,1957,12535
51,avg-run,2500,true,uniform,UPDATE,0,0,0,0,0,0,[{count:2500},{count:2500,"label:""usertable""}]",[{count:0}],NULL,0,[{count:2500},{count:2500,"label:""usertable""}]",[{count:0}],NULL,0,[{count:2500},{count:2500,"label:""usertable""}]",[{count:0}],0.5,0.5,0,0,0,59900,417.362270450751,0,12465,4124.44701163257,1168,184191,5063,5739,12465
52,extend,2500,true,uniform,EXTEND,0,0,0,0,0,0,[{count:2500},{count:2500,"label:""usertable""}]",[{count:0}],NULL,0,[{count:2500},{count:2500,"label:""usertable""}]",[{count:0}],NULL,0,[{count:2500},{count:2500,"label:""usertable""}]",[{count:0}],0,0,0,0,1,135574,184.401138861434,0,25000,5394.52548,3616,963071,6719,8871,25000
52,run,2500,true,uniform,READ,0,0,0,0,0,0,[{count:2500},{count:2500,"label:""usertable""}]",[{count:0}],NULL,0,[{count:2500},{count:2500,"label:""usertable""}]",[{count:0}],NULL,0,[{count:2500},{count:2500,"label:""usertable""}]",[{count:0}],0.5,0.5,0,0,0,66238,377.426854675564,0,12613,718.983429794656,359,34655,1325,1983,12613
52,run,2500,true,uniform,UPDATE,0,0,0,0,0,0,[{count:2500},{count:2500,"label:""usertable""}]",[{count:0}],NULL,0,[{count:2500},{count:2500,"label:""usertable""}]",[{count:0}],NULL,0,[{count:2500},{count:2500,"label:""usertable""}]",[{count:0}],0.5,0.5,0,0,0,66238,377.426854675564,0,12387,4562.90086380883,3356,33503,5307,5859,12387
52,reference,2500,true,uniform,READ,0,0,0,0,0,0,[{count:2500},{count:2500,"label:""usertable""}]",[{count:0}],NULL,0,[{count:2500},{count:2500,"label:""usertable""}]",[{count:0}],NULL,0,[{count:2500},{count:2500,"label:""usertable""}]",[{count:0}],0.5,0.5,0,0,0,65660,380.749314651234,0,12321,671.526661796932,300,31615,1235,1711,12321
52,reference,2500,true,uniform,UPDATE,0,0,0,0,0,0,[{count:2500},{count:2500,"label:""usertable""}]",[{count:0}],NULL,0,[{count:2500},{count:2500,"label:""usertable""}]",[{count:0}],NULL,0,[{count:2500},{count:2500,"label:""usertable""}]",[{count:0}],0.5,0.5,0,0,0,65660,380.749314651234,0,12679,4474.22178405237,3296,34175,5207,5651,12679
52,clean-run,2500,true,uniform,READ,0,0,0,0,0,0,[{count:2500},{count:2500,"label:""usertable""}]",[{count:0}],NULL,0,[{count:2500},{count:2500,"label:""usertable""}]",[{count:0}],NULL,0,[{count:2500},{count:2500,"label:""usertable""}]",[{count:0}],0.5,0.5,0,0,0,74668,334.815449724112,0,12537,1086.6572545266,367,123647,1724,6539,12537
52,clean-run,2500,true,uniform,UPDATE,0,0,0,0,0,0,[{count:2500},{count:2500,"label:""usertable""}]",[{count:0}],NULL,0,[{count:2500},{count:2500,"label:""usertable""}]",[{count:0}],NULL,0,[{count:2500},{count:2500,"label:""usertable""}]",[{count:0}],0.5,0.5,0,0,0,74668,334.815449724112,0,12463,4845.45671186713,3210,376319,5691,7503,12463
52,avg-run,2500,true,uniform,READ,0,0,0,0,0,0,[{count:2500},{count:2500,"label:""usertable""}]",[{count:0}],NULL,0,[{count:2500},{count:2500,"label:""usertable""}]",[{count:0}],NULL,0,[{count:2500},{count:2500,"label:""usertable""}]",[{count:0}],0.5,0.5,0,0,0,59017,423.606757374994,0,12655,622.198182536547,220,41663,1277,1951,12655
52,avg-run,2500,true,uniform,UPDATE,0,0,0,0,0,0,[{count:2500},{count:2500,"label:""usertable""}]",[{count:0}],NULL,0,[{count:2500},{count:2500,"label:""usertable""}]",[{count:0}],NULL,0,[{count:2500},{count:2500,"label:""usertable""}]",[{count:0}],0.5,0.5,0,0,0,59017,423.606757374994,0,12345,4089.35496152288,1166,181247,5011,5695,12345
53,extend,2500,true,uniform,EXTEND,0,0,0,0,0,0,[{count:2500},{count:2500,"label:""usertable""}]",[{count:0}],NULL,0,[{count:2500},{count:2500,"label:""usertable""}]",[{count:0}],NULL,0,[{count:2500},{count:2500,"label:""usertable""}]",[{count:0}],0,0,0,0,1,136004,183.818122996382,0,25000,5411.67856,3738,991743,6667,9031,25000
53,run,2500,true,uniform,READ,0,0,0,0,0,0,[{count:2500},{count:2500,"label:""usertable""}]",[{count:0}],NULL,0,[{count:2500},{count:2500,"label:""usertable""}]",[{count:0}],NULL,0,[{count:2500},{count:2500,"label:""usertable""}]",[{count:0}],0.5,0.5,0,0,0,66257,377.318622937954,0,12507,731.990805149117,344,16183,1390,2003,12507
53,run,2500,true,uniform,UPDATE,0,0,0,0,0,0,[{count:2500},{count:2500,"label:""usertable""}]",[{count:0}],NULL,0,[{count:2500},{count:2500,"label:""usertable""}]",[{count:0}],NULL,0,[{count:2500},{count:2500,"label:""usertable""}]",[{count:0}],0.5,0.5,0,0,0,66257,377.318622937954,0,12493,4519.75506283519,3244,36735,5287,5791,12493
53,reference,2500,true,uniform,READ,0,0,0,0,0,0,[{count:2500},{count:2500,"label:""usertable""}]",[{count:0}],NULL,0,[{count:2500},{count:2500,"label:""usertable""}]",[{count:0}],NULL,0,[{count:2500},{count:2500,"label:""usertable""}]",[{count:0}],0.5,0.5,0,0,0,64822,385.671531270248,0,12508,669.592340901823,335,30447,1259,1719,12508
53,reference,2500,true,uniform,UPDATE,0,0,0,0,0,0,[{count:2500},{count:2500,"label:""usertable""}]",[{count:0}],NULL,0,[{count:2500},{count:2500,"label:""usertable""}]",[{count:0}],NULL,0,[{count:2500},{count:2500,"label:""usertable""}]",[{count:0}],0.5,0.5,0,0,0,64822,385.671531270248,0,12492,4466.77785782901,1429,96191,5271,5675,12492
53,clean-run,2500,true,uniform,READ,0,0,0,0,0,0,[{count:2500},{count:2500,"label:""usertable""}]",[{count:0}],NULL,0,[{count:2500},{count:2500,"label:""usertable""}]",[{count:0}],NULL,0,[{count:2500},{count:2500,"label:""usertable""}]",[{count:0}],0.5,0.5,0,0,0,71665,348.845321984232,0,12587,1134.89266703742,373,313343,1758,6843,12587
53,clean-run,2500,true,uniform,UPDATE,0,0,0,0,0,0,[{count:2500},{count:2500,"label:""usertable""}]",[{count:0}],NULL,0,[{count:2500},{count:2500,"label:""usertable""}]",[{count:0}],NULL,0,[{count:2500},{count:2500,"label:""usertable""}]",[{count:0}],0.5,0.5,0,0,0,71665,348.845321984232,0,12413,4568.46346572142,2118,219135,5575,7335,12413
53,avg-run,2500,true,uniform,READ,0,0,0,0,0,0,[{count:2500},{count:2500,"label:""usertable""}]",[{count:0}],NULL,0,[{count:2500},{count:2500,"label:""usertable""}]",[{count:0}],NULL,0,[{count:2500},{count:2500,"label:""usertable""}]",[{count:0}],0.5,0.5,0,0,0,60553,412.861460208412,0,12437,645.626758864678,240,185599,1295,2049,12437
53,avg-run,2500,true,uniform,UPDATE,0,0,0,0,0,0,[{count:2500},{count:2500,"label:""usertable""}]",[{count:0}],NULL,0,[{count:2500},{count:2500,"label:""usertable""}]",[{count:0}],NULL,0,[{count:2500},{count:2500,"label:""usertable""}]",[{count:0}],0.5,0.5,0,0,0,60553,412.861460208412,0,12563,4127.64920799172,1198,51487,5055,5639,12563
54,extend,2500,true,uniform,EXTEND,0,0,0,0,0,0,[{count:2500},{count:2500,"label:""usertable""}]",[{count:0}],NULL,0,[{count:2500},{count:2500,"label:""usertable""}]",[{count:0}],NULL,0,[{count:2500},{count:2500,"label:""usertable""}]",[{count:0}],0,0,0,0,1,135659,184.285598449052,0,25000,5396.94,1834,961023,6727,9071,25000
54,run,2500,true,uniform,READ,0,0,0,0,0,0,[{count:2500},{count:2500,"label:""usertable""}]",[{count:0}],NULL,0,[{count:2500},{count:2500,"label:""usertable""}]",[{count:0}],NULL,0,[{count:2500},{count:2500,"label:""usertable""}]",[{count:0}],0.5,0.5,0,0,0,66182,377.746214982926,0,12623,734.806226728987,356,16183,1366,1890,12623
54,run,2500,true,uniform,UPDATE,0,0,0,0,0,0,[{count:2500},{count:2500,"label:""usertable""}]",[{count:0}],NULL,0,[{count:2500},{count:2500,"label:""usertable""}]",[{count:0}],NULL,0,[{count:2500},{count:2500,"label:""usertable""}]",[{count:0}],0.5,0.5,0,0,0,66182,377.746214982926,0,12377,4543.88801809809,3254,34879,5319,5779,12377
54,reference,2500,true,uniform,READ,0,0,0,0,0,0,[{count:2500},{count:2500,"label:""usertable""}]",[{count:0}],NULL,0,[{count:2500},{count:2500,"label:""usertable""}]",[{count:0}],NULL,0,[{count:2500},{count:2500,"label:""usertable""}]",[{count:0}],0.5,0.5,0,0,0,66445,376.251034690345,0,12473,679.867153050589,331,5839,1241,1682,12473
54,reference,2500,true,uniform,UPDATE,0,0,0,0,0,0,[{count:2500},{count:2500,"label:""usertable""}]",[{count:0}],NULL,0,[{count:2500},{count:2500,"label:""usertable""}]",[{count:0}],NULL,0,[{count:2500},{count:2500,"label:""usertable""}]",[{count:0}],0.5,0.5,0,0,0,66445,376.251034690345,0,12527,4574.97453500439,3308,35135,5307,5703,12527
54,clean-run,2500,true,uniform,READ,0,0,0,0,0,0,[{count:2500},{count:2500,"label:""usertable""}]",[{count:0}],NULL,0,[{count:2500},{count:2500,"label:""usertable""}]",[{count:0}],NULL,0,[{count:2500},{count:2500,"label:""usertable""}]",[{count:0}],0.5,0.5,0,0,0,68801,363.366811528902,0,12473,1099.96736951816,392,286719,1729,6139,12473
54,clean-run,2500,true,uniform,UPDATE,0,0,0,0,0,0,[{count:2500},{count:2500,"label:""usertable""}]",[{count:0}],NULL,0,[{count:2500},{count:2500,"label:""usertable""}]",[{count:0}],NULL,0,[{count:2500},{count:2500,"label:""usertable""}]",[{count:0}],0.5,0.5,0,0,0,68801,363.366811528902,0,12527,4343.08916739842,2080,186879,5427,7659,12527
54,avg-run,2500,true,uniform,READ,0,0,0,0,0,0,[{count:2500},{count:2500,"label:""usertable""}]",[{count:0}],NULL,0,[{count:2500},{count:2500,"label:""usertable""}]",[{count:0}],NULL,0,[{count:2500},{count:2500,"label:""usertable""}]",[{count:0}],0.5,0.5,0,0,0,60341,414.311993503588,0,12474,643.304152637486,233,194559,1291,2040,12474
54,avg-run,2500,true,uniform,UPDATE,0,0,0,0,0,0,[{count:2500},{count:2500,"label:""usertable""}]",[{count:0}],NULL,0,[{count:2500},{count:2500,"label:""usertable""}]",[{count:0}],NULL,0,[{count:2500},{count:2500,"label:""usertable""}]",[{count:0}],0.5,0.5,0,0,0,60341,414.311993503588,0,12526,4124.1039437969,1219,48799,4991,5535,12526
55,extend,2500,true,uniform,EXTEND,0,0,0,0,0,0,[{count:2500},{count:2500,"label:""usertable""}]",[{count:0}],NULL,0,[{count:2500},{count:2500,"label:""usertable""}]",[{count:0}],NULL,0,[{count:2500},{count:2500,"label:""usertable""}]",[{count:0}],0,0,0,0,1,136279,183.447192891054,0,25000,5422.45644,1939,995839,6779,9143,25000
55,run,2500,true,uniform,READ,0,0,0,0,0,0,[{count:2500},{count:2500,"label:""usertable""}]",[{count:0}],NULL,0,[{count:2500},{count:2500,"label:""usertable""}]",[{count:0}],NULL,0,[{count:2500},{count:2500,"label:""usertable""}]",[{count:0}],0.5,0.5,0,0,0,67036,372.933945939495,0,12511,758.33698345456,350,16495,1420,1976,12511
55,run,2500,true,uniform,UPDATE,0,0,0,0,0,0,[{count:2500},{count:2500,"label:""usertable""}]",[{count:0}],NULL,0,[{count:2500},{count:2500,"label:""usertable""}]",[{count:0}],NULL,0,[{count:2500},{count:2500,"label:""usertable""}]",[{count:0}],0.5,0.5,0,0,0,67036,372.933945939495,0,12489,4555.43702458163,2832,35871,5343,5811,12489
55,reference,2500,true,uniform,READ,0,0,0,0,0,0,[{count:2500},{count:2500,"label:""usertable""}]",[{count:0}],NULL,0,[{count:2500},{count:2500,"label:""usertable""}]",[{count:0}],NULL,0,[{count:2500},{count:2500,"label:""usertable""}]",[{count:0}],0.5,0.5,0,0,0,66517,375.843769261993,0,12368,693.075517464424,309,30623,1282,1721,12368
55,reference,2500,true,uniform,UPDATE,0,0,0,0,0,0,[{count:2500},{count:2500,"label:""usertable""}]",[{count:0}],NULL,0,[{count:2500},{count:2500,"label:""usertable""}]",[{count:0}],NULL,0,[{count:2500},{count:2500,"label:""usertable""}]",[{count:0}],0.5,0.5,0,0,0,66517,375.843769261993,0,12632,4535.44450601647,2752,31327,5303,5735,12632
55,clean-run,2500,true,uniform,READ,0,0,0,0,0,0,[{count:2500},{count:2500,"label:""usertable""}]",[{count:0}],NULL,0,[{count:2500},{count:2500,"label:""usertable""}]",[{count:0}],NULL,0,[{count:2500},{count:2500,"label:""usertable""}]",[{count:0}],0.5,0.5,0,0,0,76291,327.692650509234,0,12536,1111.16536375239,375,282367,1727,6923,12536
55,clean-run,2500,true,uniform,UPDATE,0,0,0,0,0,0,[{count:2500},{count:2500,"label:""usertable""}]",[{count:0}],NULL,0,[{count:2500},{count:2500,"label:""usertable""}]",[{count:0}],NULL,0,[{count:2500},{count:2500,"label:""usertable""}]",[{count:0}],0.5,0.5,0,0,0,76291,327.692650509234,0,12464,4948.87187098845,3312,222207,6003,9311,12464
55,avg-run,2500,true,uniform,READ,0,0,0,0,0,0,[{count:2500},{count:2500,"label:""usertable""}]",[{count:0}],NULL,0,[{count:2500},{count:2500,"label:""usertable""}]",[{count:0}],NULL,0,[{count:2500},{count:2500,"label:""usertable""}]",[{count:0}],0.5,0.5,0,0,0,60704,411.834475487612,0,12543,649.550984612932,223,52799,1354,2127,12543
55,avg-run,2500,true,uniform,UPDATE,0,0,0,0,0,0,[{count:2500},{count:2500,"label:""usertable""}]",[{count:0}],NULL,0,[{count:2500},{count:2500,"label:""usertable""}]",[{count:0}],NULL,0,[{count:2500},{count:2500,"label:""usertable""}]",[{count:0}],0.5,0.5,0,0,0,60704,411.834475487612,0,12457,4167.07313157261,1152,184447,5127,5831,12457
56,extend,2500,true,uniform,EXTEND,0,0,0,0,0,0,[{count:2500},{count:2500,"label:""usertable""}]",[{count:0}],NULL,0,[{count:2500},{count:2500,"label:""usertable""}]",[{count:0}],NULL,0,[{count:2500},{count:2500,"label:""usertable""}]",[{count:0}],0,0,0,0,1,135921,183.930371318634,0,25000,5408.14404,3776,953343,6707,9007,25000
56,run,2500,true,uniform,READ,0,0,0,0,0,0,[{count:2500},{count:2500,"label:""usertable""}]",[{count:0}],NULL,0,[{count:2500},{count:2500,"label:""usertable""}]",[{count:0}],NULL,0,[{count:2500},{count:2500,"label:""usertable""}]",[{count:0}],0.5,0.5,0,0,0,68074,367.247407233305,0,12417,744.179028750906,373,17039,1353,2040,12417
56,run,2500,true,uniform,UPDATE,0,0,0,0,0,0,[{count:2500},{count:2500,"label:""usertable""}]",[{count:0}],NULL,0,[{count:2500},{count:2500,"label:""usertable""}]",[{count:0}],NULL,0,[{count:2500},{count:2500,"label:""usertable""}]",[{count:0}],0.5,0.5,0,0,0,68074,367.247407233305,0,12583,4622.58507510133,3258,38911,5379,5863,12583
56,reference,2500,true,uniform,READ,0,0,0,0,0,0,[{count:2500},{count:2500,"label:""usertable""}]",[{count:0}],NULL,0,[{count:2500},{count:2500,"label:""usertable""}]",[{count:0}],NULL,0,[{count:2500},{count:2500,"label:""usertable""}]",[{count:0}],0.5,0.5,0,0,0,65700,380.517503805175,0,12641,680.647338027055,355,8695,1244,1706,12641
56,reference,2500,true,uniform,UPDATE,0,0,0,0,0,0,[{count:2500},{count:2500,"label:""usertable""}]",[{count:0}],NULL,0,[{count:2500},{count:2500,"label:""usertable""}]",[{count:0}],NULL,0,[{count:2500},{count:2500,"label:""usertable""}]",[{count:0}],0.5,0.5,0,0,0,65700,380.517503805175,0,12359,4567.82555222915,2974,33375,5283,5679,12359
56,clean-run,2500,true,uniform,READ,0,0,0,0,0,0,[{count:2500},{count:2500,"label:""usertable""}]",[{count:0}],NULL,0,[{count:2500},{count:2500,"label:""usertable""}]",[{count:0}],NULL,0,[{count:2500},{count:2500,"label:""usertable""}]",[{count:0}],0.5,0.5,0,0,0,76259,327.830157751872,0,12496,1132.95126440461,373,300799,1739,7191,12496
56,clean-run,2500,true,uniform,UPDATE,0,0,0,0,0,0,[{count:2500},{count:2500,"label:""usertable""}]",[{count:0}],NULL,0,[{count:2500},{count:2500,"label:""usertable""}]",[{count:0}],NULL,0,[{count:2500},{count:2500,"label:""usertable""}]",[{count:0}],0.5,0.5,0,0,0,76259,327.830157751872,0,12504,4913.61764235445,1668,204287,5983,8575,12504
56,avg-run,2500,true,uniform,READ,0,0,0,0,0,0,[{count:2500},{count:2500,"label:""usertable""}]",[{count:0}],NULL,0,[{count:2500},{count:2500,"label:""usertable""}]",[{count:0}],NULL,0,[{count:2500},{count:2500,"label:""usertable""}]",[{count:0}],0.5,0.5,0,0,0,61885,403.975115132908,0,12446,680.097782420055,227,186751,1400,2077,12446
56,avg-run,2500,true,uniform,UPDATE,0,0,0,0,0,0,[{count:2500},{count:2500,"label:""usertable""}]",[{count:0}],NULL,0,[{count:2500},{count:2500,"label:""usertable""}]",[{count:0}],NULL,0,[{count:2500},{count:2500,"label:""usertable""}]",[{count:0}],0.5,0.5,0,0,0,61885,403.975115132908,0,12554,4202.55886570018,1148,57439,5167,5815,12554
57,extend,2500,true,uniform,EXTEND,0,0,0,0,0,0,[{count:2500},{count:2500,"label:""usertable""}]",[{count:0}],NULL,0,[{count:2500},{count:2500,"label:""usertable""}]",[{count:0}],NULL,0,[{count:2500},{count:2500,"label:""usertable""}]",[{count:0}],0,0,0,0,1,137700,181.554103122731,0,25000,5479.29684,1931,969215,6671,8839,25000
57,run,2500,true,uniform,READ,0,0,0,0,0,0,[{count:2500},{count:2500,"label:""usertable""}]",[{count:0}],NULL,0,[{count:2500},{count:2500,"label:""usertable""}]",[{count:0}],NULL,0,[{count:2500},{count:2500,"label:""usertable""}]",[{count:0}],0.5,0.5,0,0,0,68101,367.101804672472,0,12453,751.455231671083,370,32863,1396,2059,12453
57,run,2500,true,uniform,UPDATE,0,0,0,0,0,0,[{count:2500},{count:2500,"label:""usertable""}]",[{count:0}],NULL,0,[{count:2500},{count:2500,"label:""usertable""}]",[{count:0}],NULL,0,[{count:2500},{count:2500,"label:""usertable""}]",[{count:0}],0.5,0.5,0,0,0,68101,367.101804672472,0,12547,4630.60094046386,3352,33791,5403,5943,12547
57,reference,2500,true,uniform,READ,0,0,0,0,0,0,[{count:2500},{count:2500,"label:""usertable""}]",[{count:0}],NULL,0,[{count:2500},{count:2500,"label:""usertable""}]",[{count:0}],NULL,0,[{count:2500},{count:2500,"label:""usertable""}]",[{count:0}],0.5,0.5,0,0,0,66820,374.139479197845,0,12416,706.849629510309,333,6427,1343,1843,12416
57,reference,2500,true,uniform,UPDATE,0,0,0,0,0,0,[{count:2500},{count:2500,"label:""usertable""}]",[{count:0}],NULL,0,[{count:2500},{count:2500,"label:""usertable""}]",[{count:0}],NULL,0,[{count:2500},{count:2500,"label:""usertable""}]",[{count:0}],0.5,0.5,0,0,0,66820,374.139479197845,0,12584,4561.37110616656,3338,34495,5327,5751,12584
57,clean-run,2500,true,uniform,READ,0,0,0,0,0,0,[{count:2500},{count:2500,"label:""usertable""}]",[{count:0}],NULL,0,[{count:2500},{count:2500,"label:""usertable""}]",[{count:0}],NULL,0,[{count:2500},{count:2500,"label:""usertable""}]",[{count:0}],0.5,0.5,0,0,0,68933,362.670999376206,0,12519,1131.42902787763,385,292607,1655,6263,12519
57,clean-run,2500,true,uniform,UPDATE,0,0,0,0,0,0,[{count:2500},{count:2500,"label:""usertable""}]",[{count:0}],NULL,0,[{count:2500},{count:2500,"label:""usertable""}]",[{count:0}],NULL,0,[{count:2500},{count:2500,"label:""usertable""}]",[{count:0}],0.5,0.5,0,0,0,68933,362.670999376206,0,12481,4335.44699943915,1980,210559,5435,7607,12481
57,avg-run,2500,true,uniform,READ,0,0,0,0,0,0,[{count:2500},{count:2500,"label:""usertable""}]",[{count:0}],NULL,0,[{count:2500},{count:2500,"label:""usertable""}]",[{count:0}],NULL,0,[{count:2500},{count:2500,"label:""usertable""}]",[{count:0}],0.5,0.5,0,0,0,61428,406.980530051442,0,12394,658.744069711151,234,185215,1318,2149,12394
57,avg-run,2500,true,uniform,UPDATE,0,0,0,0,0,0,[{count:2500},{count:2500,"label:""usertable""}]",[{count:0}],NULL,0,[{count:2500},{count:2500,"label:""usertable""}]",[{count:0}],NULL,0,[{count:2500},{count:2500,"label:""usertable""}]",[{count:0}],0.5,0.5,0,0,0,61428,406.980530051442,0,12606,4173.49500237982,1173,55871,5095,5655,12606
58,extend,2500,true,uniform,EXTEND,0,0,0,0,0,0,[{count:2500},{count:2500,"label:""usertable""}]",[{count:0}],NULL,0,[{count:2500},{count:2500,"label:""usertable""}]",[{count:0}],NULL,0,[{count:2500},{count:2500,"label:""usertable""}]",[{count:0}],0,0,0,0,1,137507,181.808926091035,0,25000,5471.7318,3818,951807,6751,8871,25000
58,run,2500,true,uniform,READ,0,0,0,0,0,0,[{count:2500},{count:2500,"label:""usertable""}]",[{count:0}],NULL,0,[{count:2500},{count:2500,"label:""usertable""}]",[{count:0}],NULL,0,[{count:2500},{count:2500,"label:""usertable""}]",[{count:0}],0.5,0.5,0,0,0,68106,367.074853904208,0,12420,751.890660225443,380,10399,1376,1946,12420
58,run,2500,true,uniform,UPDATE,0,0,0,0,0,0,[{count:2500},{count:2500,"label:""usertable""}]",[{count:0}],NULL,0,[{count:2500},{count:2500,"label:""usertable""}]",[{count:0}],NULL,0,[{count:2500},{count:2500,"label:""usertable""}]",[{count:0}],0.5,0.5,0,0,0,68106,367.074853904208,0,12580,4619.89912559619,1466,71615,5415,6003,12580
58,reference,2500,true,uniform,READ,0,0,0,0,0,0,[{count:2500},{count:2500,"label:""usertable""}]",[{count:0}],NULL,0,[{count:2500},{count:2500,"label:""usertable""}]",[{count:0}],NULL,0,[{count:2500},{count:2500,"label:""usertable""}]",[{count:0}],0.5,0.5,0,0,0,66716,374.722705198153,0,12544,711.622448979592,354,8839,1313,1777,12544
58,reference,2500,true,uniform,UPDATE,0,0,0,0,0,0,[{count:2500},{count:2500,"label:""usertable""}]",[{count:0}],NULL,0,[{count:2500},{count:2500,"label:""usertable""}]",[{count:0}],NULL,0,[{count:2500},{count:2500,"label:""usertable""}]",[{count:0}],0.5,0.5,0,0,0,66716,374.722705198153,0,12456,4586.72728002569,3192,34623,5339,5771,12456
58,clean-run,2500,true,uniform,READ,0,0,0,0,0,0,[{count:2500},{count:2500,"label:""usertable""}]",[{count:0}],NULL,0,[{count:2500},{count:2500,"label:""usertable""}]",[{count:0}],NULL,0,[{count:2500},{count:2500,"label:""usertable""}]",[{count:0}],0.5,0.5,0,0,0,73108,341.959840236363,0,12439,1136.3882144867,385,138367,1694,7987,12439
58,clean-run,2500,true,uniform,UPDATE,0,0,0,0,0,0,[{count:2500},{count:2500,"label:""usertable""}]",[{count:0}],NULL,0,[{count:2500},{count:2500,"label:""usertable""}]",[{count:0}],NULL,0,[{count:2500},{count:2500,"label:""usertable""}]",[{count:0}],0.5,0.5,0,0,0,73108,341.959840236363,0,12561,4641.47408645808,2246,388863,5611,8039,12561
58,avg-run,2500,true,uniform,READ,0,0,0,0,0,0,[{count:2500},{count:2500,"label:""usertable""}]",[{count:0}],NULL,0,[{count:2500},{count:2500,"label:""usertable""}]",[{count:0}],NULL,0,[{count:2500},{count:2500,"label:""usertable""}]",[{count:0}],0.5,0.5,0,0,0,62101,402.570006924204,0,12450,663.048514056225,229,170623,1323,2065,12450
58,avg-run,2500,true,uniform,UPDATE,0,0,0,0,0,0,[{count:2500},{count:2500,"label:""usertable""}]",[{count:0}],NULL,0,[{count:2500},{count:2500,"label:""usertable""}]",[{count:0}],NULL,0,[{count:2500},{count:2500,"label:""usertable""}]",[{count:0}],0.5,0.5,0,0,0,62101,402.570006924204,0,12550,4239.30940239044,1248,54271,5155,5823,12550
59,extend,2500,true,uniform,EXTEND,0,0,0,0,0,0,[{count:2500},{count:2500,"label:""usertable""}]",[{count:0}],NULL,0,[{count:2500},{count:2500,"label:""usertable""}]",[{count:0}],NULL,0,[{count:2500},{count:2500,"label:""usertable""}]",[{count:0}],0,0,0,0,1,138664,180.291928690936,0,25000,5515.67464,2102,988159,6871,9295,25000
59,run,2500,true,uniform,READ,0,0,0,0,0,0,[{count:2500},{count:2500,"label:""usertable""}]",[{count:0}],NULL,0,[{count:2500},{count:2500,"label:""usertable""}]",[{count:0}],NULL,0,[{count:2500},{count:2500,"label:""usertable""}]",[{count:0}],0.5,0.5,0,0,0,68758,363.594054510021,0,12532,763.405282476859,304,33599,1499,2191,12532
59,run,2500,true,uniform,UPDATE,0,0,0,0,0,0,[{count:2500},{count:2500,"label:""usertable""}]",[{count:0}],NULL,0,[{count:2500},{count:2500,"label:""usertable""}]",[{count:0}],NULL,0,[{count:2500},{count:2500,"label:""usertable""}]",[{count:0}],0.5,0.5,0,0,0,68758,363.594054510021,0,12468,4695.54916586461,3330,32767,5503,5995,12468
59,reference,2500,true,uniform,READ,0,0,0,0,0,0,[{count:2500},{count:2500,"label:""usertable""}]",[{count:0}],NULL,0,[{count:2500},{count:2500,"label:""usertable""}]",[{count:0}],NULL,0,[{count:2500},{count:2500,"label:""usertable""}]",[{count:0}],0.5,0.5,0,0,0,67787,368.802277722867,0,12468,715.075072184793,338,6315,1360,1836,12468
59,reference,2500,true,uniform,UPDATE,0,0,0,0,0,0,[{count:2500},{count:2500,"label:""usertable""}]",[{count:0}],NULL,0,[{count:2500},{count:2500,"label:""usertable""}]",[{count:0}],NULL,0,[{count:2500},{count:2500,"label:""usertable""}]",[{count:0}],0.5,0.5,0,0,0,67787,368.802277722867,0,12532,4645.99265879349,3358,34559,5419,5851,12532
59,clean-run,2500,true,uniform,READ,0,0,0,0,0,0,[{count:2500},{count:2500,"label:""usertable""}]",[{count:0}],NULL,0,[{count:2500},{count:2500,"label:""usertable""}]",[{count:0}],NULL,0,[{count:2500},{count:2500,"label:""usertable""}]",[{count:0}],0.5,0.5,0,0,0,75710,330.207370228504,0,12372,1129.79000969932,377,147327,1661,7471,12372
59,clean-run,2500,true,uniform,UPDATE,0,0,0,0,0,0,[{count:2500},{count:2500,"label:""usertable""}]",[{count:0}],NULL,0,[{count:2500},{count:2500,"label:""usertable""}]",[{count:0}],NULL,0,[{count:2500},{count:2500,"label:""usertable""}]",[{count:0}],0.5,0.5,0,0,0,75710,330.207370228504,0,12628,4836.28183401964,2748,376831,5695,7555,12628
59,avg-run,2500,true,uniform,READ,0,0,0,0,0,0,[{count:2500},{count:2500,"label:""usertable""}]",[{count:0}],NULL,0,[{count:2500},{count:2500,"label:""usertable""}]",[{count:0}],NULL,0,[{count:2500},{count:2500,"label:""usertable""}]",[{count:0}],0.5,0.5,0,0,0,59530,419.956324542248,0,12629,646.069839258849,229,52415,1312,2169,12629
59,avg-run,2500,true,uniform,UPDATE,0,0,0,0,0,0,[{count:2500},{count:2500,"label:""usertable""}]",[{count:0}],NULL,0,[{count:2500},{count:2500,"label:""usertable""}]",[{count:0}],NULL,0,[{count:2500},{count:2500,"label:""usertable""}]",[{count:0}],0.5,0.5,0,0,0,59530,419.956324542248,0,12371,4099.07347829602,638,198527,5063,5719,12371
60,extend,2500,true,uniform,EXTEND,0,0,0,0,0,0,[{count:2500},{count:2500,"label:""usertable""}]",[{count:0}],NULL,0,[{count:2500},{count:2500,"label:""usertable""}]",[{count:0}],NULL,0,[{count:2500},{count:2500,"label:""usertable""}]",[{count:0}],0,0,0,0,1,139824,178.796200938322,0,25000,5564.89988,1770,987647,6847,9055,25000
60,run,2500,true,uniform,READ,0,0,0,0,0,0,[{count:2500},{count:2500,"label:""usertable""}]",[{count:0}],NULL,0,[{count:2500},{count:2500,"label:""usertable""}]",[{count:0}],NULL,0,[{count:2500},{count:2500,"label:""usertable""}]",[{count:0}],0.5,0.5,0,0,0,68755,363.609919278598,0,12566,775.054512175712,352,35263,1420,2143,12566
60,run,2500,true,uniform,UPDATE,0,0,0,0,0,0,[{count:2500},{count:2500,"label:""usertable""}]",[{count:0}],NULL,0,[{count:2500},{count:2500,"label:""usertable""}]",[{count:0}],NULL,0,[{count:2500},{count:2500,"label:""usertable""}]",[{count:0}],0.5,0.5,0,0,0,68755,363.609919278598,0,12434,4694.20805854914,3330,33631,5475,6007,12434
60,reference,2500,true,uniform,READ,0,0,0,0,0,0,[{count:2500},{count:2500,"label:""usertable""}]",[{count:0}],NULL,0,[{count:2500},{count:2500,"label:""usertable""}]",[{count:0}],NULL,0,[{count:2500},{count:2500,"label:""usertable""}]",[{count:0}],0.5,0.5,0,0,0,66987,373.20674160658,0,12643,699.305544570118,344,7483,1296,1725,12643
60,reference,2500,true,uniform,UPDATE,0,0,0,0,0,0,[{count:2500},{count:2500,"label:""usertable""}]",[{count:0}],NULL,0,[{count:2500},{count:2500,"label:""usertable""}]",[{count:0}],NULL,0,[{count:2500},{count:2500,"label:""usertable""}]",[{count:0}],0.5,0.5,0,0,0,66987,373.20674160658,0,12357,4652.44533462815,3342,33823,5387,5839,12357
60,clean-run,2500,true,uniform,READ,0,0,0,0,0,0,[{count:2500},{count:2500,"label:""usertable""}]",[{count:0}],NULL,0,[{count:2500},{count:2500,"label:""usertable""}]",[{count:0}],NULL,0,[{count:2500},{count:2500,"label:""usertable""}]",[{count:0}],0.5,0.5,0,0,0,71692,348.713942978296,0,12599,1133.5126597349,388,141951,1699,7147,12599
60,clean-run,2500,true,uniform,UPDATE,0,0,0,0,0,0,[{count:2500},{count:2500,"label:""usertable""}]",[{count:0}],NULL,0,[{count:2500},{count:2500,"label:""usertable""}]",[{count:0}],NULL,0,[{count:2500},{count:2500,"label:""usertable""}]",[{count:0}],0.5,0.5,0,0,0,71692,348.713942978296,0,12401,4575.57019595194,2124,383743,5591,8091,12401
60,avg-run,2500,true,uniform,READ,0,0,0,0,0,0,[{count:2500},{count:2500,"label:""usertable""}]",[{count:0}],NULL,0,[{count:2500},{count:2500,"label:""usertable""}]",[{count:0}],NULL,0,[{count:2500},{count:2500,"label:""usertable""}]",[{count:0}],0.5,0.5,0,0,0,60665,412.099233495426,0,12491,644.450164118165,232,48031,1302,2139,12491
60,avg-run,2500,true,uniform,UPDATE,0,0,0,0,0,0,[{count:2500},{count:2500,"label:""usertable""}]",[{count:0}],NULL,0,[{count:2500},{count:2500,"label:""usertable""}]",[{count:0}],NULL,0,[{count:2500},{count:2500,"label:""usertable""}]",[{count:0}],0.5,0.5,0,0,0,60665,412.099233495426,0,12509,4154.87009353266,1159,192895,5087,5791,12509
61,extend,2500,true,uniform,EXTEND,0,0,0,0,0,0,[{count:2500},{count:2500,"label:""usertable""}]",[{count:0}],NULL,0,[{count:2500},{count:2500,"label:""usertable""}]",[{count:0}],NULL,0,[{count:2500},{count:2500,"label:""usertable""}]",[{count:0}],0,0,0,0,1,140606,177.801800776638,0,25000,5595.046,1854,974335,6899,9343,25000
61,run,2500,true,uniform,READ,0,0,0,0,0,0,[{count:2500},{count:2500,"label:""usertable""}]",[{count:0}],NULL,0,[{count:2500},{count:2500,"label:""usertable""}]",[{count:0}],NULL,0,[{count:2500},{count:2500,"label:""usertable""}]",[{count:0}],0.5,0.5,0,0,0,69702,358.669765573441,0,12338,767.268763170692,395,15655,1406,2019,12338
61,run,2500,true,uniform,UPDATE,0,0,0,0,0,0,[{count:2500},{count:2500,"label:""usertable""}]",[{count:0}],NULL,0,[{count:2500},{count:2500,"label:""usertable""}]",[{count:0}],NULL,0,[{count:2500},{count:2500,"label:""usertable""}]",[{count:0}],0.5,0.5,0,0,0,69702,358.669765573441,0,12662,4705.42244511136,3394,38143,5471,6011,12662
61,reference,2500,true,uniform,READ,0,0,0,0,0,0,[{count:2500},{count:2500,"label:""usertable""}]",[{count:0}],NULL,0,[{count:2500},{count:2500,"label:""usertable""}]",[{count:0}],NULL,0,[{count:2500},{count:2500,"label:""usertable""}]",[{count:0}],0.5,0.5,0,0,0,67653,369.532762774748,0,12590,716.227561556791,363,5015,1304,1762,12590
61,reference,2500,true,uniform,UPDATE,0,0,0,0,0,0,[{count:2500},{count:2500,"label:""usertable""}]",[{count:0}],NULL,0,[{count:2500},{count:2500,"label:""usertable""}]",[{count:0}],NULL,0,[{count:2500},{count:2500,"label:""usertable""}]",[{count:0}],0.5,0.5,0,0,0,67653,369.532762774748,0,12410,4672.53827558421,3406,34751,5431,5863,12410
61,clean-run,2500,true,uniform,READ,0,0,0,0,0,0,[{count:2500},{count:2500,"label:""usertable""}]",[{count:0}],NULL,0,[{count:2500},{count:2500,"label:""usertable""}]",[{count:0}],NULL,0,[{count:2500},{count:2500,"label:""usertable""}]",[{count:0}],0.5,0.5,0,0,0,79261,315.413633438892,0,12546,1231.51020245497,407,311551,1812,7267,12546
61,clean-run,2500,true,uniform,UPDATE,0,0,0,0,0,0,[{count:2500},{count:2500,"label:""usertable""}]",[{count:0}],NULL,0,[{count:2500},{count:2500,"label:""usertable""}]",[{count:0}],NULL,0,[{count:2500},{count:2500,"label:""usertable""}]",[{count:0}],0.5,0.5,0,0,0,79261,315.413633438892,0,12454,5070.81507949253,3412,212095,6147,8431,12454
61,avg-run,2500,true,uniform,READ,0,0,0,0,0,0,[{count:2500},{count:2500,"label:""usertable""}]",[{count:0}],NULL,0,[{count:2500},{count:2500,"label:""usertable""}]",[{count:0}],NULL,0,[{count:2500},{count:2500,"label:""usertable""}]",[{count:0}],0.5,0.5,0,0,0,62352,400.949448293559,0,12476,657.452789355563,225,51391,1361,2209,12476
61,avg-run,2500,true,uniform,UPDATE,0,0,0,0,0,0,[{count:2500},{count:2500,"label:""usertable""}]",[{count:0}],NULL,0,[{count:2500},{count:2500,"label:""usertable""}]",[{count:0}],NULL,0,[{count:2500},{count:2500,"label:""usertable""}]",[{count:0}],0.5,0.5,0,0,0,62352,400.949448293559,0,12524,4271.7245289045,1202,190847,5219,5819,12524
62,extend,2500,true,uniform,EXTEND,0,0,0,0,0,0,[{count:2500},{count:2500,"label:""usertable""}]",[{count:0}],NULL,0,[{count:2500},{count:2500,"label:""usertable""}]",[{count:0}],NULL,0,[{count:2500},{count:2500,"label:""usertable""}]",[{count:0}],0,0,0,0,1,138752,180.17758302583,0,25000,5521.34572,2066,983551,6787,9175,25000
62,run,2500,true,uniform,READ,0,0,0,0,0,0,[{count:2500},{count:2500,"label:""usertable""}]",[{count:0}],NULL,0,[{count:2500},{count:2500,"label:""usertable""}]",[{count:0}],NULL,0,[{count:2500},{count:2500,"label:""usertable""}]",[{count:0}],0.5,0.5,0,0,0,70198,356.135502435967,0,12391,799.112258897587,406,35903,1449,2067,12391
62,run,2500,true,uniform,UPDATE,0,0,0,0,0,0,[{count:2500},{count:2500,"label:""usertable""}]",[{count:0}],NULL,0,[{count:2500},{count:2500,"label:""usertable""}]",[{count:0}],NULL,0,[{count:2500},{count:2500,"label:""usertable""}]",[{count:0}],0.5,0.5,0,0,0,70198,356.135502435967,0,12609,4730.09477357443,2964,34047,5527,5995,12609
62,reference,2500,true,uniform,READ,0,0,0,0,0,0,[{count:2500},{count:2500,"label:""usertable""}]",[{count:0}],NULL,0,[{count:2500},{count:2500,"label:""usertable""}]",[{count:0}],NULL,0,[{count:2500},{count:2500,"label:""usertable""}]",[{count:0}],0.5,0.5,0,0,0,67767,368.911121932504,0,12644,726.795871559633,343,5539,1339,1778,12644
62,reference,2500,true,uniform,UPDATE,0,0,0,0,0,0,[{count:2500},{count:2500,"label:""usertable""}]",[{count:0}],NULL,0,[{count:2500},{count:2500,"label:""usertable""}]",[{count:0}],NULL,0,[{count:2500},{count:2500,"label:""usertable""}]",[{count:0}],0.5,0.5,0,0,0,67767,368.911121932504,0,12356,4686.346956944,3330,37311,5439,5855,12356
62,clean-run,2500,true,uniform,READ,0,0,0,0,0,0,[{count:2500},{count:2500,"label:""usertable""}]",[{count:0}],NULL,0,[{count:2500},{count:2500,"label:""usertable""}]",[{count:0}],NULL,0,[{count:2500},{count:2500,"label:""usertable""}]",[{count:0}],0.5,0.5,0,0,0,77794,321.361544592128,0,12528,1203.88705300128,401,153983,1751,7683,12528
62,clean-run,2500,true,uniform,UPDATE,0,0,0,0,0,0,[{count:2500},{count:2500,"label:""usertable""}]",[{count:0}],NULL,0,[{count:2500},{count:2500,"label:""usertable""}]",[{count:0}],NULL,0,[{count:2500},{count:2500,"label:""usertable""}]",[{count:0}],0.5,0.5,0,0,0,77794,321.361544592128,0,12472,4974.27902501604,2994,396543,5795,8447,12472
62,avg-run,2500,true,uniform,READ,0,0,0,0,0,0,[{count:2500},{count:2500,"label:""usertable""}]",[{count:0}],NULL,0,[{count:2500},{count:2500,"label:""usertable""}]",[{count:0}],NULL,0,[{count:2500},{count:2500,"label:""usertable""}]",[{count:0}],0.5,0.5,0,0,0,62453,400.301026371832,0,12336,673.79174773022,218,195199,1345,2185,12336
62,avg-run,2500,true,uniform,UPDATE,0,0,0,0,0,0,[{count:2500},{count:2500,"label:""usertable""}]",[{count:0}],NULL,0,[{count:2500},{count:2500,"label:""usertable""}]",[{count:0}],NULL,0,[{count:2500},{count:2500,"label:""usertable""}]",[{count:0}],0.5,0.5,0,0,0,62453,400.301026371832,0,12664,4222.81364497789,1175,54047,5183,5795,12664
63,extend,2500,true,uniform,EXTEND,0,0,0,0,0,0,[{count:2500},{count:2500,"label:""usertable""}]",[{count:0}],NULL,0,[{count:2500},{count:2500,"label:""usertable""}]",[{count:0}],NULL,0,[{count:2500},{count:2500,"label:""usertable""}]",[{count:0}],0,0,0,0,1,140715,177.664072771204,0,25000,5599.85724,1834,953855,6959,9511,25000
63,run,2500,true,uniform,READ,0,0,0,0,0,0,[{count:2500},{count:2500,"label:""usertable""}]",[{count:0}],NULL,0,[{count:2500},{count:2500,"label:""usertable""}]",[{count:0}],NULL,0,[{count:2500},{count:2500,"label:""usertable""}]",[{count:0}],0.5,0.5,0,0,0,69172,361.417914763199,0,12462,783.371047985877,392,45183,1419,2153,12462
63,run,2500,true,uniform,UPDATE,0,0,0,0,0,0,[{count:2500},{count:2500,"label:""usertable""}]",[{count:0}],NULL,0,[{count:2500},{count:2500,"label:""usertable""}]",[{count:0}],NULL,0,[{count:2500},{count:2500,"label:""usertable""}]",[{count:0}],0.5,0.5,0,0,0,69172,361.417914763199,0,12538,4683.78401658957,2820,33631,5467,6031,12538
63,reference,2500,true,uniform,READ,0,0,0,0,0,0,[{count:2500},{count:2500,"label:""usertable""}]",[{count:0}],NULL,0,[{count:2500},{count:2500,"label:""usertable""}]",[{count:0}],NULL,0,[{count:2500},{count:2500,"label:""usertable""}]",[{count:0}],0.5,0.5,0,0,0,68620,364.3252696007,0,12469,718.391851792445,350,5971,1315,1814,12469
63,reference,2500,true,uniform,UPDATE,0,0,0,0,0,0,[{count:2500},{count:2500,"label:""usertable""}]",[{count:0}],NULL,0,[{count:2500},{count:2500,"label:""usertable""}]",[{count:0}],NULL,0,[{count:2500},{count:2500,"label:""usertable""}]",[{count:0}],0.5,0.5,0,0,0,68620,364.3252696007,0,12531,4707.98252334211,3276,32959,5455,5875,12531
63,clean-run,2500,true,uniform,READ,0,0,0,0,0,0,[{count:2500},{count:2500,"label:""usertable""}]",[{count:0}],NULL,0,[{count:2500},{count:2500,"label:""usertable""}]",[{count:0}],NULL,0,[{count:2500},{count:2500,"label:""usertable""}]",[{count:0}],0.5,0.5,0,0,0,78163,319.844427670381,0,12438,1202.70164013507,385,326655,1742,7811,12438
63,clean-run,2500,true,uniform,UPDATE,0,0,0,0,0,0,[{count:2500},{count:2500,"label:""usertable""}]",[{count:0}],NULL,0,[{count:2500},{count:2500,"label:""usertable""}]",[{count:0}],NULL,0,[{count:2500},{count:2500,"label:""usertable""}]",[{count:0}],0.5,0.5,0,0,0,78163,319.844427670381,0,12562,4978.23141219551,2884,236799,5871,8327,12562
63,avg-run,2500,true,uniform,READ,0,0,0,0,0,0,[{count:2500},{count:2500,"label:""usertable""}]",[{count:0}],NULL,0,[{count:2500},{count:2500,"label:""usertable""}]",[{count:0}],NULL,0,[{count:2500},{count:2500,"label:""usertable""}]",[{count:0}],0.5,0.5,0,0,0,62158,402.200843012967,0,12496,666.11347631242,244,47519,1406,2133,12496
63,avg-run,2500,true,uniform,UPDATE,0,0,0,0,0,0,[{count:2500},{count:2500,"label:""usertable""}]",[{count:0}],NULL,0,[{count:2500},{count:2500,"label:""usertable""}]",[{count:0}],NULL,0,[{count:2500},{count:2500,"label:""usertable""}]",[{count:0}],0.5,0.5,0,0,0,62158,402.200843012967,0,12504,4252.84780870122,1055,199935,5271,5883,12504
64,extend,2500,true,uniform,EXTEND,0,0,0,0,0,0,[{count:2500},{count:2500,"label:""usertable""}]",[{count:0}],NULL,0,[{count:2500},{count:2500,"label:""usertable""}]",[{count:0}],NULL,0,[{count:2500},{count:2500,"label:""usertable""}]",[{count:0}],0,0,0,0,1,143033,174.78483986213,0,25000,5693.22376,2842,968191,6999,9231,25000
64,run,2500,true,uniform,READ,0,0,0,0,0,0,[{count:2500},{count:2500,"label:""usertable""}]",[{count:0}],NULL,0,[{count:2500},{count:2500,"label:""usertable""}]",[{count:0}],NULL,0,[{count:2500},{count:2500,"label:""usertable""}]",[{count:0}],0.5,0.5,0,0,0,69814,358.094365027072,0,12553,790.274834700868,413,15207,1434,2149,12553
64,run,2500,true,uniform,UPDATE,0,0,0,0,0,0,[{count:2500},{count:2500,"label:""usertable""}]",[{count:0}],NULL,0,[{count:2500},{count:2500,"label:""usertable""}]",[{count:0}],NULL,0,[{count:2500},{count:2500,"label:""usertable""}]",[{count:0}],0.5,0.5,0,0,0,69814,358.094365027072,0,12447,4758.48525749177,3408,39327,5527,6067,12447
64,reference,2500,true,uniform,READ,0,0,0,0,0,0,[{count:2500},{count:2500,"label:""usertable""}]",[{count:0}],NULL,0,[{count:2500},{count:2500,"label:""usertable""}]",[{count:0}],NULL,0,[{count:2500},{count:2500,"label:""usertable""}]",[{count:0}],0.5,0.5,0,0,0,68610,364.378370499927,0,12572,733.130448615972,328,5363,1359,1805,12572
64,reference,2500,true,uniform,UPDATE,0,0,0,0,0,0,[{count:2500},{count:2500,"label:""usertable""}]",[{count:0}],NULL,0,[{count:2500},{count:2500,"label:""usertable""}]",[{count:0}],NULL,0,[{count:2500},{count:2500,"label:""usertable""}]",[{count:0}],0.5,0.5,0,0,0,68610,364.378370499927,0,12428,4726.34068233022,3324,33311,5511,5947,12428
64,clean-run,2500,true,uniform,READ,0,0,0,0,0,0,[{count:2500},{count:2500,"label:""usertable""}]",[{count:0}],NULL,0,[{count:2500},{count:2500,"label:""usertable""}]",[{count:0}],NULL,0,[{count:2500},{count:2500,"label:""usertable""}]",[{count:0}],0.5,0.5,0,0,0,77969,320.640254460106,0,12578,1218.32668150739,408,280063,1704,7699,12578
64,clean-run,2500,true,uniform,UPDATE,0,0,0,0,0,0,[{count:2500},{count:2500,"label:""usertable""}]",[{count:0}],NULL,0,[{count:2500},{count:2500,"label:""usertable""}]",[{count:0}],NULL,0,[{count:2500},{count:2500,"label:""usertable""}]",[{count:0}],0.5,0.5,0,0,0,77969,320.640254460106,0,12422,4988.83247464177,2644,336383,5811,7327,12422
64,avg-run,2500,true,uniform,READ,0,0,0,0,0,0,[{count:2500},{count:2500,"label:""usertable""}]",[{count:0}],NULL,0,[{count:2500},{count:2500,"label:""usertable""}]",[{count:0}],NULL,0,[{count:2500},{count:2500,"label:""usertable""}]",[{count:0}],0.5,0.5,0,0,0,61310,407.763823193606,0,12521,671.268828368341,221,185727,1356,2207,12521
64,avg-run,2500,true,uniform,UPDATE,0,0,0,0,0,0,[{count:2500},{count:2500,"label:""usertable""}]",[{count:0}],NULL,0,[{count:2500},{count:2500,"label:""usertable""}]",[{count:0}],NULL,0,[{count:2500},{count:2500,"label:""usertable""}]",[{count:0}],0.5,0.5,0,0,0,61310,407.763823193606,0,12479,4187.84950717205,1182,69311,5175,5827,12479
65,extend,2500,true,uniform,EXTEND,0,0,0,0,0,0,[{count:2500},{count:2500,"label:""usertable""}]",[{count:0}],NULL,0,[{count:2500},{count:2500,"label:""usertable""}]",[{count:0}],NULL,0,[{count:2500},{count:2500,"label:""usertable""}]",[{count:0}],0,0,0,0,1,142386,175.579059739019,0,25000,5667.20084,2874,1021439,7067,9431,25000
65,run,2500,true,uniform,READ,0,0,0,0,0,0,[{count:2500},{count:2500,"label:""usertable""}]",[{count:0}],NULL,0,[{count:2500},{count:2500,"label:""usertable""}]",[{count:0}],NULL,0,[{count:2500},{count:2500,"label:""usertable""}]",[{count:0}],0.5,0.5,0,0,0,70821,353.002640459751,0,12370,798.331285367825,417,15927,1426,2093,12370
65,run,2500,true,uniform,UPDATE,0,0,0,0,0,0,[{count:2500},{count:2500,"label:""usertable""}]",[{count:0}],NULL,0,[{count:2500},{count:2500,"label:""usertable""}]",[{count:0}],NULL,0,[{count:2500},{count:2500,"label:""usertable""}]",[{count:0}],0.5,0.5,0,0,0,70821,353.002640459751,0,12630,4773.80205859066,3412,37919,5555,6027,12630
65,reference,2500,true,uniform,READ,0,0,0,0,0,0,[{count:2500},{count:2500,"label:""usertable""}]",[{count:0}],NULL,0,[{count:2500},{count:2500,"label:""usertable""}]",[{count:0}],NULL,0,[{count:2500},{count:2500,"label:""usertable""}]",[{count:0}],0.5,0.5,0,0,0,69462,359.909015001008,0,12430,756.129847144007,348,6743,1435,1903,12430
65,reference,2500,true,uniform,UPDATE,0,0,0,0,0,0,[{count:2500},{count:2500,"label:""usertable""}]",[{count:0}],NULL,0,[{count:2500},{count:2500,"label:""usertable""}]",[{count:0}],NULL,0,[{count:2500},{count:2500,"label:""usertable""}]",[{count:0}],0.5,0.5,0,0,0,69462,359.909015001008,0,12570,4727.11113762928,3342,48959,5539,5987,12570
65,clean-run,2500,true,uniform,READ,0,0,0,0,0,0,[{count:2500},{count:2500,"label:""usertable""}]",[{count:0}],NULL,0,[{count:2500},{count:2500,"label:""usertable""}]",[{count:0}],NULL,0,[{count:2500},{count:2500,"label:""usertable""}]",[{count:0}],0.5,0.5,0,0,0,72943,342.733367149692,0,12464,1165.4175224647,406,157567,1658,8031,12464
65,clean-run,2500,true,uniform,UPDATE,0,0,0,0,0,0,[{count:2500},{count:2500,"label:""usertable""}]",[{count:0}],NULL,0,[{count:2500},{count:2500,"label:""usertable""}]",[{count:0}],NULL,0,[{count:2500},{count:2500,"label:""usertable""}]",[{count:0}],0.5,0.5,0,0,0,72943,342.733367149692,0,12536,4607.25845564773,2010,387071,5591,9191,12536
65,avg-run,2500,true,uniform,READ,0,0,0,0,0,0,[{count:2500},{count:2500,"label:""usertable""}]",[{count:0}],NULL,0,[{count:2500},{count:2500,"label:""usertable""}]",[{count:0}],NULL,0,[{count:2500},{count:2500,"label:""usertable""}]",[{count:0}],0.5,0.5,0,0,0,61555,406.140849646657,0,12390,663.818401937046,255,188671,1292,2185,12390
65,avg-run,2500,true,uniform,UPDATE,0,0,0,0,0,0,[{count:2500},{count:2500,"label:""usertable""}]",[{count:0}],NULL,0,[{count:2500},{count:2500,"label:""usertable""}]",[{count:0}],NULL,0,[{count:2500},{count:2500,"label:""usertable""}]",[{count:0}],0.5,0.5,0,0,0,61555,406.140849646657,0,12610,4178.10301348136,1206,57471,5079,5703,12610
66,extend,2500,true,uniform,EXTEND,0,0,0,0,0,0,[{count:2500},{count:2500,"label:""usertable""}]",[{count:0}],NULL,0,[{count:2500},{count:2500,"label:""usertable""}]",[{count:0}],NULL,0,[{count:2500},{count:2500,"label:""usertable""}]",[{count:0}],0,0,0,0,1,142308,175.675295837198,0,25000,5663.66996,2037,995839,7023,9383,25000
66,run,2500,true,uniform,READ,0,0,0,0,0,0,[{count:2500},{count:2500,"label:""usertable""}]",[{count:0}],NULL,0,[{count:2500},{count:2500,"label:""usertable""}]",[{count:0}],NULL,0,[{count:2500},{count:2500,"label:""usertable""}]",[{count:0}],0.5,0.5,0,0,0,70183,356.211618198139,0,12601,806.043409253234,390,33311,1466,2151,12601
66,run,2500,true,uniform,UPDATE,0,0,0,0,0,0,[{count:2500},{count:2500,"label:""usertable""}]",[{count:0}],NULL,0,[{count:2500},{count:2500,"label:""usertable""}]",[{count:0}],NULL,0,[{count:2500},{count:2500,"label:""usertable""}]",[{count:0}],0.5,0.5,0,0,0,70183,356.211618198139,0,12399,4789.06113396242,3426,35167,5603,6159,12399
66,reference,2500,true,uniform,READ,0,0,0,0,0,0,[{count:2500},{count:2500,"label:""usertable""}]",[{count:0}],NULL,0,[{count:2500},{count:2500,"label:""usertable""}]",[{count:0}],NULL,0,[{count:2500},{count:2500,"label:""usertable""}]",[{count:0}],0.5,0.5,0,0,0,68804,363.350967966979,0,12591,742.037169406719,390,29407,1347,1836,12591
66,reference,2500,true,uniform,UPDATE,0,0,0,0,0,0,[{count:2500},{count:2500,"label:""usertable""}]",[{count:0}],NULL,0,[{count:2500},{count:2500,"label:""usertable""}]",[{count:0}],NULL,0,[{count:2500},{count:2500,"label:""usertable""}]",[{count:0}],0.5,0.5,0,0,0,68804,363.350967966979,0,12409,4738.69175598356,3332,34879,5495,5939,12409
66,clean-run,2500,true,uniform,READ,0,0,0,0,0,0,[{count:2500},{count:2500,"label:""usertable""}]",[{count:0}],NULL,0,[{count:2500},{count:2500,"label:""usertable""}]",[{count:0}],NULL,0,[{count:2500},{count:2500,"label:""usertable""}]",[{count:0}],0.5,0.5,0,0,0,76410,327.182305980893,0,12573,1163.92897478724,397,289791,1683,7631,12573
66,clean-run,2500,true,uniform,UPDATE,0,0,0,0,0,0,[{count:2500},{count:2500,"label:""usertable""}]",[{count:0}],NULL,0,[{count:2500},{count:2500,"label:""usertable""}]",[{count:0}],NULL,0,[{count:2500},{count:2500,"label:""usertable""}]",[{count:0}],0.5,0.5,0,0,0,76410,327.182305980893,0,12427,4916.51597328398,2284,209407,5823,8519,12427
66,avg-run,2500,true,uniform,READ,0,0,0,0,0,0,[{count:2500},{count:2500,"label:""usertable""}]",[{count:0}],NULL,0,[{count:2500},{count:2500,"label:""usertable""}]",[{count:0}],NULL,0,[{count:2500},{count:2500,"label:""usertable""}]",[{count:0}],0.5,0.5,0,0,0,63727,392.298397853343,0,12342,679.945227677848,236,194047,1380,2211,12342
66,avg-run,2500,true,uniform,UPDATE,0,0,0,0,0,0,[{count:2500},{count:2500,"label:""usertable""}]",[{count:0}],NULL,0,[{count:2500},{count:2500,"label:""usertable""}]",[{count:0}],NULL,0,[{count:2500},{count:2500,"label:""usertable""}]",[{count:0}],0.5,0.5,0,0,0,63727,392.298397853343,0,12658,4319.78796018328,1169,56735,5299,5915,12658
67,extend,2500,true,uniform,EXTEND,0,0,0,0,0,0,[{count:2500},{count:2500,"label:""usertable""}]",[{count:0}],NULL,0,[{count:2500},{count:2500,"label:""usertable""}]",[{count:0}],NULL,0,[{count:2500},{count:2500,"label:""usertable""}]",[{count:0}],0,0,0,0,1,144019,173.588207111562,0,25000,5731.96984,1986,967167,7087,9407,25000
67,run,2500,true,uniform,READ,0,0,0,0,0,0,[{count:2500},{count:2500,"label:""usertable""}]",[{count:0}],NULL,0,[{count:2500},{count:2500,"label:""usertable""}]",[{count:0}],NULL,0,[{count:2500},{count:2500,"label:""usertable""}]",[{count:0}],0.5,0.5,0,0,0,70601,354.10263310718,0,12625,812.961108910891,406,15583,1483,2215,12625
67,run,2500,true,uniform,UPDATE,0,0,0,0,0,0,[{count:2500},{count:2500,"label:""usertable""}]",[{count:0}],NULL,0,[{count:2500},{count:2500,"label:""usertable""}]",[{count:0}],NULL,0,[{count:2500},{count:2500,"label:""usertable""}]",[{count:0}],0.5,0.5,0,0,0,70601,354.10263310718,0,12375,4822.14537373737,3394,38335,5619,6143,12375
67,reference,2500,true,uniform,READ,0,0,0,0,0,0,[{count:2500},{count:2500,"label:""usertable""}]",[{count:0}],NULL,0,[{count:2500},{count:2500,"label:""usertable""}]",[{count:0}],NULL,0,[{count:2500},{count:2500,"label:""usertable""}]",[{count:0}],0.5,0.5,0,0,0,69549,359.458798832478,0,12498,750.860217634822,375,30847,1400,1884,12498
67,reference,2500,true,uniform,UPDATE,0,0,0,0,0,0,[{count:2500},{count:2500,"label:""usertable""}]",[{count:0}],NULL,0,[{count:2500},{count:2500,"label:""usertable""}]",[{count:0}],NULL,0,[{count:2500},{count:2500,"label:""usertable""}]",[{count:0}],0.5,0.5,0,0,0,69549,359.458798832478,0,12502,4759.92385218365,3020,36127,5559,5983,12502
67,clean-run,2500,true,uniform,READ,0,0,0,0,0,0,[{count:2500},{count:2500,"label:""usertable""}]",[{count:0}],NULL,0,[{count:2500},{count:2500,"label:""usertable""}]",[{count:0}],NULL,0,[{count:2500},{count:2500,"label:""usertable""}]",[{count:0}],0.5,0.5,0,0,0,74736,334.510811389424,0,12591,1279.23969502025,436,326399,1839,8287,12591
67,clean-run,2500,true,uniform,UPDATE,0,0,0,0,0,0,[{count:2500},{count:2500,"label:""usertable""}]",[{count:0}],NULL,0,[{count:2500},{count:2500,"label:""usertable""}]",[{count:0}],NULL,0,[{count:2500},{count:2500,"label:""usertable""}]",[{count:0}],0.5,0.5,0,0,0,74736,334.510811389424,0,12409,4670.10113627206,2252,219519,5787,7955,12409
67,avg-run,2500,true,uniform,READ,0,0,0,0,0,0,[{count:2500},{count:2500,"label:""usertable""}]",[{count:0}],NULL,0,[{count:2500},{count:2500,"label:""usertable""}]",[{count:0}],NULL,0,[{count:2500},{count:2500,"label:""usertable""}]",[{count:0}],0.5,0.5,0,0,0,62076,402.7321348025,0,12412,670.358040605865,241,51775,1350,2061,12412
67,avg-run,2500,true,uniform,UPDATE,0,0,0,0,0,0,[{count:2500},{count:2500,"label:""usertable""}]",[{count:0}],NULL,0,[{count:2500},{count:2500,"label:""usertable""}]",[{count:0}],NULL,0,[{count:2500},{count:2500,"label:""usertable""}]",[{count:0}],0.5,0.5,0,0,0,62076,402.7321348025,0,12588,4218.40427391166,1227,211199,5131,5743,12588
68,extend,2500,true,uniform,EXTEND,0,0,0,0,0,0,[{count:2500},{count:2500,"label:""usertable""}]",[{count:0}],NULL,0,[{count:2500},{count:2500,"label:""usertable""}]",[{count:0}],NULL,0,[{count:2500},{count:2500,"label:""usertable""}]",[{count:0}],0,0,0,0,1,143709,173.962660654517,0,25000,5719.89928,3990,1002495,7083,9503,25000
68,run,2500,true,uniform,READ,0,0,0,0,0,0,[{count:2500},{count:2500,"label:""usertable""}]",[{count:0}],NULL,0,[{count:2500},{count:2500,"label:""usertable""}]",[{count:0}],NULL,0,[{count:2500},{count:2500,"label:""usertable""}]",[{count:0}],0.5,0.5,0,0,0,69727,358.541167696875,0,12517,792.104497882879,432,36511,1397,2006,12517
68,run,2500,true,uniform,UPDATE,0,0,0,0,0,0,[{count:2500},{count:2500,"label:""usertable""}]",[{count:0}],NULL,0,[{count:2500},{count:2500,"label:""usertable""}]",[{count:0}],NULL,0,[{count:2500},{count:2500,"label:""usertable""}]",[{count:0}],0.5,0.5,0,0,0,69727,358.541167696875,0,12483,4738.68020507891,3384,34303,5535,6011,12483
68,reference,2500,true,uniform,READ,0,0,0,0,0,0,[{count:2500},{count:2500,"label:""usertable""}]",[{count:0}],NULL,0,[{count:2500},{count:2500,"label:""usertable""}]",[{count:0}],NULL,0,[{count:2500},{count:2500,"label:""usertable""}]",[{count:0}],0.5,0.5,0,0,0,69608,359.154120216067,0,12471,730.485766979392,373,7803,1317,1833,12471
68,reference,2500,true,uniform,UPDATE,0,0,0,0,0,0,[{count:2500},{count:2500,"label:""usertable""}]",[{count:0}],NULL,0,[{count:2500},{count:2500,"label:""usertable""}]",[{count:0}],NULL,0,[{count:2500},{count:2500,"label:""usertable""}]",[{count:0}],0.5,0.5,0,0,0,69608,359.154120216067,0,12529,4777.11365631734,3364,35487,5527,5959,12529
68,clean-run,2500,true,uniform,READ,0,0,0,0,0,0,[{count:2500},{count:2500,"label:""usertable""}]",[{count:0}],NULL,0,[{count:2500},{count:2500,"label:""usertable""}]",[{count:0}],NULL,0,[{count:2500},{count:2500,"label:""usertable""}]",[{count:0}],0.5,0.5,0,0,0,78504,318.455110567614,0,12460,1249.18812199037,412,327935,1819,7919,12460
68,clean-run,2500,true,uniform,UPDATE,0,0,0,0,0,0,[{count:2500},{count:2500,"label:""usertable""}]",[{count:0}],NULL,0,[{count:2500},{count:2500,"label:""usertable""}]",[{count:0}],NULL,0,[{count:2500},{count:2500,"label:""usertable""}]",[{count:0}],0.5,0.5,0,0,0,78504,318.455110567614,0,12540,4967.01012759171,2616,217343,5891,7451,12540
68,avg-run,2500,true,uniform,READ,0,0,0,0,0,0,[{count:2500},{count:2500,"label:""usertable""}]",[{count:0}],NULL,0,[{count:2500},{count:2500,"label:""usertable""}]",[{count:0}],NULL,0,[{count:2500},{count:2500,"label:""usertable""}]",[{count:0}],0.5,0.5,0,0,0,62562,399.60359323551,0,12520,676.239297124601,235,176255,1324,2027,12520
68,avg-run,2500,true,uniform,UPDATE,0,0,0,0,0,0,[{count:2500},{count:2500,"label:""usertable""}]",[{count:0}],NULL,0,[{count:2500},{count:2500,"label:""usertable""}]",[{count:0}],NULL,0,[{count:2500},{count:2500,"label:""usertable""}]",[{count:0}],0.5,0.5,0,0,0,62562,399.60359323551,0,12480,4282.03621794872,1178,56575,5203,5851,12480
69,extend,2500,true,uniform,EXTEND,0,0,0,0,0,0,[{count:2500},{count:2500,"label:""usertable""}]",[{count:0}],NULL,0,[{count:2500},{count:2500,"label:""usertable""}]",[{count:0}],NULL,0,[{count:2500},{count:2500,"label:""usertable""}]",[{count:0}],0,0,0,0,1,144142,173.440079921189,0,25000,5736.72844,3766,996351,6983,9415,25000
69,run,2500,true,uniform,READ,0,0,0,0,0,0,[{count:2500},{count:2500,"label:""usertable""}]",[{count:0}],NULL,0,[{count:2500},{count:2500,"label:""usertable""}]",[{count:0}],NULL,0,[{count:2500},{count:2500,"label:""usertable""}]",[{count:0}],0.5,0.5,0,0,0,71037,351.929276292636,0,12458,796.096564456574,395,16191,1415,2065,12458
69,run,2500,true,uniform,UPDATE,0,0,0,0,0,0,[{count:2500},{count:2500,"label:""usertable""}]",[{count:0}],NULL,0,[{count:2500},{count:2500,"label:""usertable""}]",[{count:0}],NULL,0,[{count:2500},{count:2500,"label:""usertable""}]",[{count:0}],0.5,0.5,0,0,0,71037,351.929276292636,0,12542,4820.57104130123,1427,166911,5595,6091,12542
69,reference,2500,true,uniform,READ,0,0,0,0,0,0,[{count:2500},{count:2500,"label:""usertable""}]",[{count:0}],NULL,0,[{count:2500},{count:2500,"label:""usertable""}]",[{count:0}],NULL,0,[{count:2500},{count:2500,"label:""usertable""}]",[{count:0}],0.5,0.5,0,0,0,69868,357.817598900784,0,12417,737.060078924056,370,7127,1328,1800,12417
69,reference,2500,true,uniform,UPDATE,0,0,0,0,0,0,[{count:2500},{count:2500,"label:""usertable""}]",[{count:0}],NULL,0,[{count:2500},{count:2500,"label:""usertable""}]",[{count:0}],NULL,0,[{count:2500},{count:2500,"label:""usertable""}]",[{count:0}],0.5,0.5,0,0,0,69868,357.817598900784,0,12583,4772.76698720496,2544,34751,5531,5947,12583
69,clean-run,2500,true,uniform,READ,0,0,0,0,0,0,[{count:2500},{count:2500,"label:""usertable""}]",[{count:0}],NULL,0,[{count:2500},{count:2500,"label:""usertable""}]",[{count:0}],NULL,0,[{count:2500},{count:2500,"label:""usertable""}]",[{count:0}],0.5,0.5,0,0,0,76676,326.047263811362,0,12444,1280.21970427515,418,310527,1761,8983,12444
69,clean-run,2500,true,uniform,UPDATE,0,0,0,0,0,0,[{count:2500},{count:2500,"label:""usertable""}]",[{count:0}],NULL,0,[{count:2500},{count:2500,"label:""usertable""}]",[{count:0}],NULL,0,[{count:2500},{count:2500,"label:""usertable""}]",[{count:0}],0.5,0.5,0,0,0,76676,326.047263811362,0,12556,4784.78679515769,2354,237183,5759,7427,12556
69,avg-run,2500,true,uniform,READ,0,0,0,0,0,0,[{count:2500},{count:2500,"label:""usertable""}]",[{count:0}],NULL,0,[{count:2500},{count:2500,"label:""usertable""}]",[{count:0}],NULL,0,[{count:2500},{count:2500,"label:""usertable""}]",[{count:0}],0.5,0.5,0,0,0,61897,403.896796290612,0,12326,663.141002758397,234,59519,1316,2147,12326
69,avg-run,2500,true,uniform,UPDATE,0,0,0,0,0,0,[{count:2500},{count:2500,"label:""usertable""}]",[{count:0}],NULL,0,[{count:2500},{count:2500,"label:""usertable""}]",[{count:0}],NULL,0,[{count:2500},{count:2500,"label:""usertable""}]",[{count:0}],0.5,0.5,0,0,0,61897,403.896796290612,0,12674,4187.23741518069,1158,184063,5075,5651,12674
70,extend,2500,true,uniform,EXTEND,0,0,0,0,0,0,[{count:2500},{count:2500,"label:""usertable""}]",[{count:0}],NULL,0,[{count:2500},{count:2500,"label:""usertable""}]",[{count:0}],NULL,0,[{count:2500},{count:2500,"label:""usertable""}]",[{count:0}],0,0,0,0,1,144975,172.443524745646,0,25000,5769.65724,3088,1031679,7127,9439,25000
70,run,2500,true,uniform,READ,0,0,0,0,0,0,[{count:2500},{count:2500,"label:""usertable""}]",[{count:0}],NULL,0,[{count:2500},{count:2500,"label:""usertable""}]",[{count:0}],NULL,0,[{count:2500},{count:2500,"label:""usertable""}]",[{count:0}],0.5,0.5,0,0,0,70458,354.821311987283,0,12570,814.85107398568,415,33151,1460,2131,12570
70,run,2500,true,uniform,UPDATE,0,0,0,0,0,0,[{count:2500},{count:2500,"label:""usertable""}]",[{count:0}],NULL,0,[{count:2500},{count:2500,"label:""usertable""}]",[{count:0}],NULL,0,[{count:2500},{count:2500,"label:""usertable""}]",[{count:0}],0.5,0.5,0,0,0,70458,354.821311987283,0,12430,4790.99477071601,2464,38431,5611,6167,12430
70,reference,2500,true,uniform,READ,0,0,0,0,0,0,[{count:2500},{count:2500,"label:""usertable""}]",[{count:0}],NULL,0,[{count:2500},{count:2500,"label:""usertable""}]",[{count:0}],NULL,0,[{count:2500},{count:2500,"label:""usertable""}]",[{count:0}],0.5,0.5,0,0,0,69853,357.894435457318,0,12526,770.22912342328,397,7167,1440,2002,12526
70,reference,2500,true,uniform,UPDATE,0,0,0,0,0,0,[{count:2500},{count:2500,"label:""usertable""}]",[{count:0}],NULL,0,[{count:2500},{count:2500,"label:""usertable""}]",[{count:0}],NULL,0,[{count:2500},{count:2500,"label:""usertable""}]",[{count:0}],0.5,0.5,0,0,0,69853,357.894435457318,0,12474,4773.48957832291,3100,46335,5575,6043,12474
70,clean-run,2500,true,uniform,READ,0,0,0,0,0,0,[{count:2500},{count:2500,"label:""usertable""}]",[{count:0}],NULL,0,[{count:2500},{count:2500,"label:""usertable""}]",[{count:0}],NULL,0,[{count:2500},{count:2500,"label:""usertable""}]",[{count:0}],0.5,0.5,0,0,0,77269,323.545018053812,0,12650,1257.86837944664,407,155135,1754,7487,12650
70,clean-run,2500,true,uniform,UPDATE,0,0,0,0,0,0,[{count:2500},{count:2500,"label:""usertable""}]",[{count:0}],NULL,0,[{count:2500},{count:2500,"label:""usertable""}]",[{count:0}],NULL,0,[{count:2500},{count:2500,"label:""usertable""}]",[{count:0}],0.5,0.5,0,0,0,77269,323.545018053812,0,12350,4914.20372469636,2168,376319,5919,8255,12350
70,avg-run,2500,true,uniform,READ,0,0,0,0,0,0,[{count:2500},{count:2500,"label:""usertable""}]",[{count:0}],NULL,0,[{count:2500},{count:2500,"label:""usertable""}]",[{count:0}],NULL,0,[{count:2500},{count:2500,"label:""usertable""}]",[{count:0}],0.5,0.5,0,0,0,63652,392.760635958022,0,12367,658.89447723781,271,51423,1279,2059,12367
70,avg-run,2500,true,uniform,UPDATE,0,0,0,0,0,0,[{count:2500},{count:2500,"label:""usertable""}]",[{count:0}],NULL,0,[{count:2500},{count:2500,"label:""usertable""}]",[{count:0}],NULL,0,[{count:2500},{count:2500,"label:""usertable""}]",[{count:0}],0.5,0.5,0,0,0,63652,392.760635958022,0,12633,4341.37338716061,749,260479,5303,5963,12633
71,extend,2500,true,uniform,EXTEND,0,0,0,0,0,0,[{count:2500},{count:2500,"label:""usertable""}]",[{count:0}],NULL,0,[{count:2500},{count:2500,"label:""usertable""}]",[{count:0}],NULL,0,[{count:2500},{count:2500,"label:""usertable""}]",[{count:0}],0,0,0,0,1,144128,173.456927175844,0,25000,5736.20144,3514,985087,7103,9455,25000
71,run,2500,true,uniform,READ,0,0,0,0,0,0,[{count:2500},{count:2500,"label:""usertable""}]",[{count:0}],NULL,0,[{count:2500},{count:2500,"label:""usertable""}]",[{count:0}],NULL,0,[{count:2500},{count:2500,"label:""usertable""}]",[{count:0}],0.5,0.5,0,0,0,71011,352.058131838729,0,12570,827.382338902148,434,23855,1485,2209,12570
71,run,2500,true,uniform,UPDATE,0,0,0,0,0,0,[{count:2500},{count:2500,"label:""usertable""}]",[{count:0}],NULL,0,[{count:2500},{count:2500,"label:""usertable""}]",[{count:0}],NULL,0,[{count:2500},{count:2500,"label:""usertable""}]",[{count:0}],0.5,0.5,0,0,0,71011,352.058131838729,0,12430,4822.52622687048,1699,35263,5643,6159,12430
71,reference,2500,true,uniform,READ,0,0,0,0,0,0,[{count:2500},{count:2500,"label:""usertable""}]",[{count:0}],NULL,0,[{count:2500},{count:2500,"label:""usertable""}]",[{count:0}],NULL,0,[{count:2500},{count:2500,"label:""usertable""}]",[{count:0}],0.5,0.5,0,0,0,70332,355.456975487687,0,12542,757.891325147504,378,30831,1370,1818,12542
71,reference,2500,true,uniform,UPDATE,0,0,0,0,0,0,[{count:2500},{count:2500,"label:""usertable""}]",[{count:0}],NULL,0,[{count:2500},{count:2500,"label:""usertable""}]",[{count:0}],NULL,0,[{count:2500},{count:2500,"label:""usertable""}]",[{count:0}],0.5,0.5,0,0,0,70332,355.456975487687,0,12458,4830.38689998395,3454,34943,5611,5999,12458
71,clean-run,2500,true,uniform,READ,0,0,0,0,0,0,[{count:2500},{count:2500,"label:""usertable""}]",[{count:0}],NULL,0,[{count:2500},{count:2500,"label:""usertable""}]",[{count:0}],NULL,0,[{count:2500},{count:2500,"label:""usertable""}]",[{count:0}],0.5,0.5,0,0,0,79848,313.094880272518,0,12547,1267.16657368295,409,361215,1815,7203,12547
71,clean-run,2500,true,uniform,UPDATE,0,0,0,0,0,0,[{count:2500},{count:2500,"label:""usertable""}]",[{count:0}],NULL,0,[{count:2500},{count:2500,"label:""usertable""}]",[{count:0}],NULL,0,[{count:2500},{count:2500,"label:""usertable""}]",[{count:0}],0.5,0.5,0,0,0,79848,313.094880272518,0,12453,5079.49249176905,2110,234111,6043,10271,12453
71,avg-run,2500,true,uniform,READ,0,0,0,0,0,0,[{count:2500},{count:2500,"label:""usertable""}]",[{count:0}],NULL,0,[{count:2500},{count:2500,"label:""usertable""}]",[{count:0}],NULL,0,[{count:2500},{count:2500,"label:""usertable""}]",[{count:0}],0.5,0.5,0,0,0,63054,396.485552066483,0,12680,662.922082018927,243,57343,1332,2107,12680
71,avg-run,2500,true,uniform,UPDATE,0,0,0,0,0,0,[{count:2500},{count:2500,"label:""usertable""}]",[{count:0}],NULL,0,[{count:2500},{count:2500,"label:""usertable""}]",[{count:0}],NULL,0,[{count:2500},{count:2500,"label:""usertable""}]",[{count:0}],0.5,0.5,0,0,0,63054,396.485552066483,0,12320,4382.60568181818,1185,184191,5319,5951,12320
72,extend,2500,true,uniform,EXTEND,0,0,0,0,0,0,[{count:2500},{count:2500,"label:""usertable""}]",[{count:0}],NULL,0,[{count:2500},{count:2500,"label:""usertable""}]",[{count:0}],NULL,0,[{count:2500},{count:2500,"label:""usertable""}]",[{count:0}],0,0,0,0,1,144165,173.412409392016,0,25000,5737.46928,3110,1018367,7079,9503,25000
72,run,2500,true,uniform,READ,0,0,0,0,0,0,[{count:2500},{count:2500,"label:""usertable""}]",[{count:0}],NULL,0,[{count:2500},{count:2500,"label:""usertable""}]",[{count:0}],NULL,0,[{count:2500},{count:2500,"label:""usertable""}]",[{count:0}],0.5,0.5,0,0,0,71779,348.29128296577,0,12410,796.648428686543,399,7919,1428,2103,12410
72,run,2500,true,uniform,UPDATE,0,0,0,0,0,0,[{count:2500},{count:2500,"label:""usertable""}]",[{count:0}],NULL,0,[{count:2500},{count:2500,"label:""usertable""}]",[{count:0}],NULL,0,[{count:2500},{count:2500,"label:""usertable""}]",[{count:0}],0.5,0.5,0,0,0,71779,348.29128296577,0,12590,4862.35448768864,3446,36191,5651,6123,12590
72,reference,2500,true,uniform,READ,0,0,0,0,0,0,[{count:2500},{count:2500,"label:""usertable""}]",[{count:0}],NULL,0,[{count:2500},{count:2500,"label:""usertable""}]",[{count:0}],NULL,0,[{count:2500},{count:2500,"label:""usertable""}]",[{count:0}],0.5,0.5,0,0,0,70171,356.272534237791,0,12478,738.458326654913,389,30799,1320,1771,12478
72,reference,2500,true,uniform,UPDATE,0,0,0,0,0,0,[{count:2500},{count:2500,"label:""usertable""}]",[{count:0}],NULL,0,[{count:2500},{count:2500,"label:""usertable""}]",[{count:0}],NULL,0,[{count:2500},{count:2500,"label:""usertable""}]",[{count:0}],0.5,0.5,0,0,0,70171,356.272534237791,0,12522,4815.75283501038,1551,199807,5563,6039,12522
72,clean-run,2500,true,uniform,READ,0,0,0,0,0,0,[{count:2500},{count:2500,"label:""usertable""}]",[{count:0}],NULL,0,[{count:2500},{count:2500,"label:""usertable""}]",[{count:0}],NULL,0,[{count:2500},{count:2500,"label:""usertable""}]",[{count:0}],0.5,0.5,0,0,0,79639,313.916548424767,0,12510,1213.26634692246,434,124927,1779,8271,12510
72,clean-run,2500,true,uniform,UPDATE,0,0,0,0,0,0,[{count:2500},{count:2500,"label:""usertable""}]",[{count:0}],NULL,0,[{count:2500},{count:2500,"label:""usertable""}]",[{count:0}],NULL,0,[{count:2500},{count:2500,"label:""usertable""}]",[{count:0}],0.5,0.5,0,0,0,79639,313.916548424767,0,12490,5107.67277822258,2706,392703,6023,8255,12490
72,avg-run,2500,true,uniform,READ,0,0,0,0,0,0,[{count:2500},{count:2500,"label:""usertable""}]",[{count:0}],NULL,0,[{count:2500},{count:2500,"label:""usertable""}]",[{count:0}],NULL,0,[{count:2500},{count:2500,"label:""usertable""}]",[{count:0}],0.5,0.5,0,0,0,63811,391.781981163122,0,12489,677.607654736168,232,180607,1342,2087,12489
72,avg-run,2500,true,uniform,UPDATE,0,0,0,0,0,0,[{count:2500},{count:2500,"label:""usertable""}]",[{count:0}],NULL,0,[{count:2500},{count:2500,"label:""usertable""}]",[{count:0}],NULL,0,[{count:2500},{count:2500,"label:""usertable""}]",[{count:0}],0.5,0.5,0,0,0,63811,391.781981163122,0,12511,4370.41987051395,1203,62687,5363,6007,12511
73,extend,2500,true,uniform,EXTEND,0,0,0,0,0,0,[{count:2500},{count:2500,"label:""usertable""}]",[{count:0}],NULL,0,[{count:2500},{count:2500,"label:""usertable""}]",[{count:0}],NULL,0,[{count:2500},{count:2500,"label:""usertable""}]",[{count:0}],0,0,0,0,1,146187,171.013838439807,0,25000,5818.774,3964,974847,7135,9807,25000
73,run,2500,true,uniform,READ,0,0,0,0,0,0,[{count:2500},{count:2500,"label:""usertable""}]",[{count:0}],NULL,0,[{count:2500},{count:2500,"label:""usertable""}]",[{count:0}],NULL,0,[{count:2500},{count:2500,"label:""usertable""}]",[{count:0}],0.5,0.5,0,0,0,71381,350.233255348062,0,12575,811.622902584493,418,14551,1503,2191,12575
73,run,2500,true,uniform,UPDATE,0,0,0,0,0,0,[{count:2500},{count:2500,"label:""usertable""}]",[{count:0}],NULL,0,[{count:2500},{count:2500,"label:""usertable""}]",[{count:0}],NULL,0,[{count:2500},{count:2500,"label:""usertable""}]",[{count:0}],0.5,0.5,0,0,0,71381,350.233255348062,0,12425,4870.95525150905,3446,37695,5647,6247,12425
73,reference,2500,true,uniform,READ,0,0,0,0,0,0,[{count:2500},{count:2500,"label:""usertable""}]",[{count:0}],NULL,0,[{count:2500},{count:2500,"label:""usertable""}]",[{count:0}],NULL,0,[{count:2500},{count:2500,"label:""usertable""}]",[{count:0}],0.5,0.5,0,0,0,70278,355.73010045818,0,12338,742.245582752472,393,6603,1318,1764,12338
73,reference,2500,true,uniform,UPDATE,0,0,0,0,0,0,[{count:2500},{count:2500,"label:""usertable""}]",[{count:0}],NULL,0,[{count:2500},{count:2500,"label:""usertable""}]",[{count:0}],NULL,0,[{count:2500},{count:2500,"label:""usertable""}]",[{count:0}],0.5,0.5,0,0,0,70278,355.73010045818,0,12662,4775.6720107408,3484,35007,5555,6019,12662
73,clean-run,2500,true,uniform,READ,0,0,0,0,0,0,[{count:2500},{count:2500,"label:""usertable""}]",[{count:0}],NULL,0,[{count:2500},{count:2500,"label:""usertable""}]",[{count:0}],NULL,0,[{count:2500},{count:2500,"label:""usertable""}]",[{count:0}],0.5,0.5,0,0,0,76828,325.402197115635,0,12432,1307.02332689833,445,330751,1753,8975,12432
73,clean-run,2500,true,uniform,UPDATE,0,0,0,0,0,0,[{count:2500},{count:2500,"label:""usertable""}]",[{count:0}],NULL,0,[{count:2500},{count:2500,"label:""usertable""}]",[{count:0}],NULL,0,[{count:2500},{count:2500,"label:""usertable""}]",[{count:0}],0.5,0.5,0,0,0,76828,325.402197115635,0,12568,4766.2210375557,2008,236927,5831,7827,12568
73,avg-run,2500,true,uniform,READ,0,0,0,0,0,0,[{count:2500},{count:2500,"label:""usertable""}]",[{count:0}],NULL,0,[{count:2500},{count:2500,"label:""usertable""}]",[{count:0}],NULL,0,[{count:2500},{count:2500,"label:""usertable""}]",[{count:0}],0.5,0.5,0,0,0,64472,387.76523141829,0,12463,684.058573377197,229,58879,1359,2089,12463
73,avg-run,2500,true,uniform,UPDATE,0,0,0,0,0,0,[{count:2500},{count:2500,"label:""usertable""}]",[{count:0}],NULL,0,[{count:2500},{count:2500,"label:""usertable""}]",[{count:0}],NULL,0,[{count:2500},{count:2500,"label:""usertable""}]",[{count:0}],0.5,0.5,0,0,0,64472,387.76523141829,0,12537,4410.64632687246,1179,199935,5387,6091,12537
74,extend,2500,true,uniform,EXTEND,0,0,0,0,0,0,[{count:2500},{count:2500,"label:""usertable""}]",[{count:0}],NULL,0,[{count:2500},{count:2500,"label:""usertable""}]",[{count:0}],NULL,0,[{count:2500},{count:2500,"label:""usertable""}]",[{count:0}],0,0,0,0,1,146095,171.121530510969,0,25000,5815.30808,2572,999935,7091,9559,25000
74,run,2500,true,uniform,READ,0,0,0,0,0,0,[{count:2500},{count:2500,"label:""usertable""}]",[{count:0}],NULL,0,[{count:2500},{count:2500,"label:""usertable""}]",[{count:0}],NULL,0,[{count:2500},{count:2500,"label:""usertable""}]",[{count:0}],0.5,0.5,0,0,0,71088,351.676794958362,0,12466,815.637413765442,441,39679,1449,2149,12466
74,run,2500,true,uniform,UPDATE,0,0,0,0,0,0,[{count:2500},{count:2500,"label:""usertable""}]",[{count:0}],NULL,0,[{count:2500},{count:2500,"label:""usertable""}]",[{count:0}],NULL,0,[{count:2500},{count:2500,"label:""usertable""}]",[{count:0}],0.5,0.5,0,0,0,71088,351.676794958362,0,12534,4807.52888144248,3084,34303,5631,6171,12534
74,reference,2500,true,uniform,READ,0,0,0,0,0,0,[{count:2500},{count:2500,"label:""usertable""}]",[{count:0}],NULL,0,[{count:2500},{count:2500,"label:""usertable""}]",[{count:0}],NULL,0,[{count:2500},{count:2500,"label:""usertable""}]",[{count:0}],0.5,0.5,0,0,0,70682,353.696839365043,0,12451,763.576821138864,398,7399,1423,1902,12451
74,reference,2500,true,uniform,UPDATE,0,0,0,0,0,0,[{count:2500},{count:2500,"label:""usertable""}]",[{count:0}],NULL,0,[{count:2500},{count:2500,"label:""usertable""}]",[{count:0}],NULL,0,[{count:2500},{count:2500,"label:""usertable""}]",[{count:0}],0.5,0.5,0,0,0,70682,353.696839365043,0,12549,4822.95816399713,2838,44671,5631,6119,12549
74,clean-run,2500,true,uniform,READ,0,0,0,0,0,0,[{count:2500},{count:2500,"label:""usertable""}]",[{count:0}],NULL,0,[{count:2500},{count:2500,"label:""usertable""}]",[{count:0}],NULL,0,[{count:2500},{count:2500,"label:""usertable""}]",[{count:0}],0.5,0.5,0,0,0,79791,313.318544698024,0,12584,1279.58939923713,420,303359,1775,8551,12584
74,clean-run,2500,true,uniform,UPDATE,0,0,0,0,0,0,[{count:2500},{count:2500,"label:""usertable""}]",[{count:0}],NULL,0,[{count:2500},{count:2500,"label:""usertable""}]",[{count:0}],NULL,0,[{count:2500},{count:2500,"label:""usertable""}]",[{count:0}],0.5,0.5,0,0,0,79791,313.318544698024,0,12416,5075.93298969072,1934,212479,6011,8591,12416
74,avg-run,2500,true,uniform,READ,0,0,0,0,0,0,[{count:2500},{count:2500,"label:""usertable""}]",[{count:0}],NULL,0,[{count:2500},{count:2500,"label:""usertable""}]",[{count:0}],NULL,0,[{count:2500},{count:2500,"label:""usertable""}]",[{count:0}],0.5,0.5,0,0,0,64035,390.411493714375,0,12420,692.654428341385,265,180607,1386,2201,12420
74,avg-run,2500,true,uniform,UPDATE,0,0,0,0,0,0,[{count:2500},{count:2500,"label:""usertable""}]",[{count:0}],NULL,0,[{count:2500},{count:2500,"label:""usertable""}]",[{count:0}],NULL,0,[{count:2500},{count:2500,"label:""usertable""}]",[{count:0}],0.5,0.5,0,0,0,64035,390.411493714375,0,12580,4353.91629570747,1205,48991,5287,5855,12580
75,extend,2500,true,uniform,EXTEND,0,0,0,0,0,0,[{count:2500},{count:2500,"label:""usertable""}]",[{count:0}],NULL,0,[{count:2500},{count:2500,"label:""usertable""}]",[{count:0}],NULL,0,[{count:2500},{count:2500,"label:""usertable""}]",[{count:0}],0,0,0,0,1,146468,170.685747057378,0,25000,5830.45684,1927,965631,7163,9543,25000
75,run,2500,true,uniform,READ,0,0,0,0,0,0,[{count:2500},{count:2500,"label:""usertable""}]",[{count:0}],NULL,0,[{count:2500},{count:2500,"label:""usertable""}]",[{count:0}],NULL,0,[{count:2500},{count:2500,"label:""usertable""}]",[{count:0}],0.5,0.5,0,0,0,72038,347.039062716899,0,12467,821.72736023101,445,15351,1455,2093,12467
75,run,2500,true,uniform,UPDATE,0,0,0,0,0,0,[{count:2500},{count:2500,"label:""usertable""}]",[{count:0}],NULL,0,[{count:2500},{count:2500,"label:""usertable""}]",[{count:0}],NULL,0,[{count:2500},{count:2500,"label:""usertable""}]",[{count:0}],0.5,0.5,0,0,0,72038,347.039062716899,0,12533,4877.42320274475,3342,36703,5671,6151,12533
75,reference,2500,true,uniform,READ,0,0,0,0,0,0,[{count:2500},{count:2500,"label:""usertable""}]",[{count:0}],NULL,0,[{count:2500},{count:2500,"label:""usertable""}]",[{count:0}],NULL,0,[{count:2500},{count:2500,"label:""usertable""}]",[{count:0}],0.5,0.5,0,0,0,71012,352.053174111418,0,12445,758.941341904379,386,30927,1391,1879,12445
75,reference,2500,true,uniform,UPDATE,0,0,0,0,0,0,[{count:2500},{count:2500,"label:""usertable""}]",[{count:0}],NULL,0,[{count:2500},{count:2500,"label:""usertable""}]",[{count:0}],NULL,0,[{count:2500},{count:2500,"label:""usertable""}]",[{count:0}],0.5,0.5,0,0,0,71012,352.053174111418,0,12555,4851.68896853843,3370,33887,5631,6095,12555
75,clean-run,2500,true,uniform,READ,0,0,0,0,0,0,[{count:2500},{count:2500,"label:""usertable""}]",[{count:0}],NULL,0,[{count:2500},{count:2500,"label:""usertable""}]",[{count:0}],NULL,0,[{count:2500},{count:2500,"label:""usertable""}]",[{count:0}],0.5,0.5,0,0,0,77470,322.705563443914,0,12518,1288.55024764339,444,170623,1730,9599,12518
75,clean-run,2500,true,uniform,UPDATE,0,0,0,0,0,0,[{count:2500},{count:2500,"label:""usertable""}]",[{count:0}],NULL,0,[{count:2500},{count:2500,"label:""usertable""}]",[{count:0}],NULL,0,[{count:2500},{count:2500,"label:""usertable""}]",[{count:0}],0.5,0.5,0,0,0,77470,322.705563443914,0,12482,4861.95825989425,2320,404223,5883,8003,12482
75,avg-run,2500,true,uniform,READ,0,0,0,0,0,0,[{count:2500},{count:2500,"label:""usertable""}]",[{count:0}],NULL,0,[{count:2500},{count:2500,"label:""usertable""}]",[{count:0}],NULL,0,[{count:2500},{count:2500,"label:""usertable""}]",[{count:0}],0.5,0.5,0,0,0,61859,404.144910199001,0,12473,655.119858895214,242,56095,1268,2107,12473
75,avg-run,2500,true,uniform,UPDATE,0,0,0,0,0,0,[{count:2500},{count:2500,"label:""usertable""}]",[{count:0}],NULL,0,[{count:2500},{count:2500,"label:""usertable""}]",[{count:0}],NULL,0,[{count:2500},{count:2500,"label:""usertable""}]",[{count:0}],0.5,0.5,0,0,0,61859,404.144910199001,0,12527,4233.22359703042,1165,203519,5115,5779,12527
76,extend,2500,true,uniform,EXTEND,0,0,0,0,0,0,[{count:2500},{count:2500,"label:""usertable""}]",[{count:0}],NULL,0,[{count:2500},{count:2500,"label:""usertable""}]",[{count:0}],NULL,0,[{count:2500},{count:2500,"label:""usertable""}]",[{count:0}],0,0,0,0,1,147402,169.604211611783,0,25000,5867.36172,2122,1003007,7191,9551,25000
76,run,2500,true,uniform,READ,0,0,0,0,0,0,[{count:2500},{count:2500,"label:""usertable""}]",[{count:0}],NULL,0,[{count:2500},{count:2500,"label:""usertable""}]",[{count:0}],NULL,0,[{count:2500},{count:2500,"label:""usertable""}]",[{count:0}],0.5,0.5,0,0,0,71940,347.511815401724,0,12545,825.650378636907,438,32591,1462,2209,12545
76,run,2500,true,uniform,UPDATE,0,0,0,0,0,0,[{count:2500},{count:2500,"label:""usertable""}]",[{count:0}],NULL,0,[{count:2500},{count:2500,"label:""usertable""}]",[{count:0}],NULL,0,[{count:2500},{count:2500,"label:""usertable""}]",[{count:0}],0.5,0.5,0,0,0,71940,347.511815401724,0,12455,4892.28309915697,2830,34847,5671,6147,12455
76,reference,2500,true,uniform,READ,0,0,0,0,0,0,[{count:2500},{count:2500,"label:""usertable""}]",[{count:0}],NULL,0,[{count:2500},{count:2500,"label:""usertable""}]",[{count:0}],NULL,0,[{count:2500},{count:2500,"label:""usertable""}]",[{count:0}],0.5,0.5,0,0,0,71067,351.780713974137,0,12345,746.238234102876,378,7551,1326,1783,12345
76,reference,2500,true,uniform,UPDATE,0,0,0,0,0,0,[{count:2500},{count:2500,"label:""usertable""}]",[{count:0}],NULL,0,[{count:2500},{count:2500,"label:""usertable""}]",[{count:0}],NULL,0,[{count:2500},{count:2500,"label:""usertable""}]",[{count:0}],0.5,0.5,0,0,0,71067,351.780713974137,0,12655,4835.96088502568,3438,35039,5607,6079,12655
76,clean-run,2500,true,uniform,READ,0,0,0,0,0,0,[{count:2500},{count:2500,"label:""usertable""}]",[{count:0}],NULL,0,[{count:2500},{count:2500,"label:""usertable""}]",[{count:0}],NULL,0,[{count:2500},{count:2500,"label:""usertable""}]",[{count:0}],0.5,0.5,0,0,0,83369,299.871654931689,0,12621,1314.7771967356,452,325119,1805,8391,12621
76,clean-run,2500,true,uniform,UPDATE,0,0,0,0,0,0,[{count:2500},{count:2500,"label:""usertable""}]",[{count:0}],NULL,0,[{count:2500},{count:2500,"label:""usertable""}]",[{count:0}],NULL,0,[{count:2500},{count:2500,"label:""usertable""}]",[{count:0}],0.5,0.5,0,0,0,83369,299.871654931689,0,12379,5339.79659100089,3080,208511,6395,9383,12379
76,avg-run,2500,true,uniform,READ,0,0,0,0,0,0,[{count:2500},{count:2500,"label:""usertable""}]",[{count:0}],NULL,0,[{count:2500},{count:2500,"label:""usertable""}]",[{count:0}],NULL,0,[{count:2500},{count:2500,"label:""usertable""}]",[{count:0}],0.5,0.5,0,0,0,64900,385.208012326656,0,12380,685.699676898223,250,52479,1350,2201,12380
76,avg-run,2500,true,uniform,UPDATE,0,0,0,0,0,0,[{count:2500},{count:2500,"label:""usertable""}]",[{count:0}],NULL,0,[{count:2500},{count:2500,"label:""usertable""}]",[{count:0}],NULL,0,[{count:2500},{count:2500,"label:""usertable""}]",[{count:0}],0.5,0.5,0,0,0,64900,385.208012326656,0,12620,4418.9412044374,1200,181631,5419,6047,12620
77,extend,2500,true,uniform,EXTEND,0,0,0,0,0,0,[{count:2500},{count:2500,"label:""usertable""}]",[{count:0}],NULL,0,[{count:2500},{count:2500,"label:""usertable""}]",[{count:0}],NULL,0,[{count:2500},{count:2500,"label:""usertable""}]",[{count:0}],0,0,0,0,1,145876,171.378430996189,0,25000,5806.16492,1994,980991,7111,9655,25000
77,run,2500,true,uniform,READ,0,0,0,0,0,0,[{count:2500},{count:2500,"label:""usertable""}]",[{count:0}],NULL,0,[{count:2500},{count:2500,"label:""usertable""}]",[{count:0}],NULL,0,[{count:2500},{count:2500,"label:""usertable""}]",[{count:0}],0.5,0.5,0,0,0,73847,338.537787587851,0,12388,857.303519535034,406,15439,1563,2205,12388
77,run,2500,true,uniform,UPDATE,0,0,0,0,0,0,[{count:2500},{count:2500,"label:""usertable""}]",[{count:0}],NULL,0,[{count:2500},{count:2500,"label:""usertable""}]",[{count:0}],NULL,0,[{count:2500},{count:2500,"label:""usertable""}]",[{count:0}],0.5,0.5,0,0,0,73847,338.537787587851,0,12612,4960.67213764669,2248,38207,5775,6307,12612
77,reference,2500,true,uniform,READ,0,0,0,0,0,0,[{count:2500},{count:2500,"label:""usertable""}]",[{count:0}],NULL,0,[{count:2500},{count:2500,"label:""usertable""}]",[{count:0}],NULL,0,[{count:2500},{count:2500,"label:""usertable""}]",[{count:0}],0.5,0.5,0,0,0,71275,350.754121360926,0,12470,757.761587810746,394,9967,1360,1828,12470
77,reference,2500,true,uniform,UPDATE,0,0,0,0,0,0,[{count:2500},{count:2500,"label:""usertable""}]",[{count:0}],NULL,0,[{count:2500},{count:2500,"label:""usertable""}]",[{count:0}],NULL,0,[{count:2500},{count:2500,"label:""usertable""}]",[{count:0}],0.5,0.5,0,0,0,71275,350.754121360926,0,12530,4882.54285714286,3132,34335,5655,6107,12530
77,clean-run,2500,true,uniform,READ,0,0,0,0,0,0,[{count:2500},{count:2500,"label:""usertable""}]",[{count:0}],NULL,0,[{count:2500},{count:2500,"label:""usertable""}]",[{count:0}],NULL,0,[{count:2500},{count:2500,"label:""usertable""}]",[{count:0}],0.5,0.5,0,0,0,82847,301.761077649161,0,12588,1315.99173816333,454,151295,1882,8847,12588
77,clean-run,2500,true,uniform,UPDATE,0,0,0,0,0,0,[{count:2500},{count:2500,"label:""usertable""}]",[{count:0}],NULL,0,[{count:2500},{count:2500,"label:""usertable""}]",[{count:0}],NULL,0,[{count:2500},{count:2500,"label:""usertable""}]",[{count:0}],0.5,0.5,0,0,0,82847,301.761077649161,0,12412,5285.5092652272,2944,364799,6195,8155,12412
77,avg-run,2500,true,uniform,READ,0,0,0,0,0,0,[{count:2500},{count:2500,"label:""usertable""}]",[{count:0}],NULL,0,[{count:2500},{count:2500,"label:""usertable""}]",[{count:0}],NULL,0,[{count:2500},{count:2500,"label:""usertable""}]",[{count:0}],0.5,0.5,0,0,0,64626,386.841209420357,0,12484,704.21123037488,255,52799,1434,2159,12484
77,avg-run,2500,true,uniform,UPDATE,0,0,0,0,0,0,[{count:2500},{count:2500,"label:""usertable""}]",[{count:0}],NULL,0,[{count:2500},{count:2500,"label:""usertable""}]",[{count:0}],NULL,0,[{count:2500},{count:2500,"label:""usertable""}]",[{count:0}],0.5,0.5,0,0,0,64626,386.841209420357,0,12516,4407.92329817833,1169,207743,5371,5975,12516
78,extend,2500,true,uniform,EXTEND,0,0,0,0,0,0,[{count:2500},{count:2500,"label:""usertable""}]",[{count:0}],NULL,0,[{count:2500},{count:2500,"label:""usertable""}]",[{count:0}],NULL,0,[{count:2500},{count:2500,"label:""usertable""}]",[{count:0}],0,0,0,0,1,147754,169.200157017746,0,25000,5881.34588,2186,989695,7119,9775,25000
78,run,2500,true,uniform,READ,0,0,0,0,0,0,[{count:2500},{count:2500,"label:""usertable""}]",[{count:0}],NULL,0,[{count:2500},{count:2500,"label:""usertable""}]",[{count:0}],NULL,0,[{count:2500},{count:2500,"label:""usertable""}]",[{count:0}],0.5,0.5,0,0,0,73422,340.497398599875,0,12464,845.595555198973,410,13319,1520,2129,12464
78,run,2500,true,uniform,UPDATE,0,0,0,0,0,0,[{count:2500},{count:2500,"label:""usertable""}]",[{count:0}],NULL,0,[{count:2500},{count:2500,"label:""usertable""}]",[{count:0}],NULL,0,[{count:2500},{count:2500,"label:""usertable""}]",[{count:0}],0.5,0.5,0,0,0,73422,340.497398599875,0,12536,4962.83335992342,3442,45279,5787,6351,12536
78,reference,2500,true,uniform,READ,0,0,0,0,0,0,[{count:2500},{count:2500,"label:""usertable""}]",[{count:0}],NULL,0,[{count:2500},{count:2500,"label:""usertable""}]",[{count:0}],NULL,0,[{count:2500},{count:2500,"label:""usertable""}]",[{count:0}],0.5,0.5,0,0,0,70759,353.311946183524,0,12560,762.102945859873,383,8559,1390,1895,12560
78,reference,2500,true,uniform,UPDATE,0,0,0,0,0,0,[{count:2500},{count:2500,"label:""usertable""}]",[{count:0}],NULL,0,[{count:2500},{count:2500,"label:""usertable""}]",[{count:0}],NULL,0,[{count:2500},{count:2500,"label:""usertable""}]",[{count:0}],0.5,0.5,0,0,0,70759,353.311946183524,0,12440,4867.10659163987,3474,35327,5655,6131,12440
78,clean-run,2500,true,uniform,READ,0,0,0,0,0,0,[{count:2500},{count:2500,"label:""usertable""}]",[{count:0}],NULL,0,[{count:2500},{count:2500,"label:""usertable""}]",[{count:0}],NULL,0,[{count:2500},{count:2500,"label:""usertable""}]",[{count:0}],0.5,0.5,0,0,0,83390,299.796138625735,0,12486,1317.13415024828,453,156287,1788,9263,12486
78,clean-run,2500,true,uniform,UPDATE,0,0,0,0,0,0,[{count:2500},{count:2500,"label:""usertable""}]",[{count:0}],NULL,0,[{count:2500},{count:2500,"label:""usertable""}]",[{count:0}],NULL,0,[{count:2500},{count:2500,"label:""usertable""}]",[{count:0}],0.5,0.5,0,0,0,83390,299.796138625735,0,12514,5296.19578072559,3310,389887,6307,8087,12514
78,avg-run,2500,true,uniform,READ,0,0,0,0,0,0,[{count:2500},{count:2500,"label:""usertable""}]",[{count:0}],NULL,0,[{count:2500},{count:2500,"label:""usertable""}]",[{count:0}],NULL,0,[{count:2500},{count:2500,"label:""usertable""}]",[{count:0}],0.5,0.5,0,0,0,63991,390.679939366473,0,12412,679.007251047374,249,184703,1326,2123,12412
78,avg-run,2500,true,uniform,UPDATE,0,0,0,0,0,0,[{count:2500},{count:2500,"label:""usertable""}]",[{count:0}],NULL,0,[{count:2500},{count:2500,"label:""usertable""}]",[{count:0}],NULL,0,[{count:2500},{count:2500,"label:""usertable""}]",[{count:0}],0.5,0.5,0,0,0,63991,390.679939366473,0,12588,4360.59914204004,1211,48255,5291,5935,12588
79,extend,2500,true,uniform,EXTEND,0,0,0,0,0,0,[{count:2500},{count:2500,"label:""usertable""}]",[{count:0}],NULL,0,[{count:2500},{count:2500,"label:""usertable""}]",[{count:0}],NULL,0,[{count:2500},{count:2500,"label:""usertable""}]",[{count:0}],0,0,0,0,1,148400,168.463611859838,0,25000,5907.14752,1972,972799,7139,9335,25000
79,run,2500,true,uniform,READ,0,0,0,0,0,0,[{count:2500},{count:2500,"label:""usertable""}]",[{count:0}],NULL,0,[{count:2500},{count:2500,"label:""usertable""}]",[{count:0}],NULL,0,[{count:2500},{count:2500,"label:""usertable""}]",[{count:0}],0.5,0.5,0,0,0,73006,342.437607867846,0,12479,826.222774260758,413,14663,1449,2032,12479
79,run,2500,true,uniform,UPDATE,0,0,0,0,0,0,[{count:2500},{count:2500,"label:""usertable""}]",[{count:0}],NULL,0,[{count:2500},{count:2500,"label:""usertable""}]",[{count:0}],NULL,0,[{count:2500},{count:2500,"label:""usertable""}]",[{count:0}],0.5,0.5,0,0,0,73006,342.437607867846,0,12521,4954.09591885632,3450,35935,5747,6187,12521
79,reference,2500,true,uniform,READ,0,0,0,0,0,0,[{count:2500},{count:2500,"label:""usertable""}]",[{count:0}],NULL,0,[{count:2500},{count:2500,"label:""usertable""}]",[{count:0}],NULL,0,[{count:2500},{count:2500,"label:""usertable""}]",[{count:0}],0.5,0.5,0,0,0,70630,353.957241965171,0,12684,755.690003153579,398,30815,1333,1842,12684
79,reference,2500,true,uniform,UPDATE,0,0,0,0,0,0,[{count:2500},{count:2500,"label:""usertable""}]",[{count:0}],NULL,0,[{count:2500},{count:2500,"label:""usertable""}]",[{count:0}],NULL,0,[{count:2500},{count:2500,"label:""usertable""}]",[{count:0}],0.5,0.5,0,0,0,70630,353.957241965171,0,12316,4902.93341994154,3386,35615,5667,6111,12316
79,clean-run,2500,true,uniform,READ,0,0,0,0,0,0,[{count:2500},{count:2500,"label:""usertable""}]",[{count:0}],NULL,0,[{count:2500},{count:2500,"label:""usertable""}]",[{count:0}],NULL,0,[{count:2500},{count:2500,"label:""usertable""}]",[{count:0}],0.5,0.5,0,0,0,79861,313.043913800228,0,12434,1319.45214733794,460,152447,1790,9375,12434
79,clean-run,2500,true,uniform,UPDATE,0,0,0,0,0,0,[{count:2500},{count:2500,"label:""usertable""}]",[{count:0}],NULL,0,[{count:2500},{count:2500,"label:""usertable""}]",[{count:0}],NULL,0,[{count:2500},{count:2500,"label:""usertable""}]",[{count:0}],0.5,0.5,0,0,0,79861,313.043913800228,0,12566,4997.35349355404,2128,409855,6039,8123,12566
79,avg-run,2500,true,uniform,READ,0,0,0,0,0,0,[{count:2500},{count:2500,"label:""usertable""}]",[{count:0}],NULL,0,[{count:2500},{count:2500,"label:""usertable""}]",[{count:0}],NULL,0,[{count:2500},{count:2500,"label:""usertable""}]",[{count:0}],0.5,0.5,0,0,0,64844,385.540682252791,0,12465,711.644444444444,231,53247,1472,2283,12465
79,avg-run,2500,true,uniform,UPDATE,0,0,0,0,0,0,[{count:2500},{count:2500,"label:""usertable""}]",[{count:0}],NULL,0,[{count:2500},{count:2500,"label:""usertable""}]",[{count:0}],NULL,0,[{count:2500},{count:2500,"label:""usertable""}]",[{count:0}],0.5,0.5,0,0,0,64844,385.540682252791,0,12535,4411.79481451935,1094,190975,5387,6015,12535
80,extend,2500,true,uniform,EXTEND,0,0,0,0,0,0,[{count:2500},{count:2500,"label:""usertable""}]",[{count:0}],NULL,0,[{count:2500},{count:2500,"label:""usertable""}]",[{count:0}],NULL,0,[{count:2500},{count:2500,"label:""usertable""}]",[{count:0}],0,0,0,0,1,148595,168.24253844342,0,25000,5914.6514,1944,983039,7271,9551,25000
80,run,2500,true,uniform,READ,0,0,0,0,0,0,[{count:2500},{count:2500,"label:""usertable""}]",[{count:0}],NULL,0,[{count:2500},{count:2500,"label:""usertable""}]",[{count:0}],NULL,0,[{count:2500},{count:2500,"label:""usertable""}]",[{count:0}],0.5,0.5,0,0,0,73005,342.442298472707,0,12419,836.671310089379,433,13271,1509,2193,12419
80,run,2500,true,uniform,UPDATE,0,0,0,0,0,0,[{count:2500},{count:2500,"label:""usertable""}]",[{count:0}],NULL,0,[{count:2500},{count:2500,"label:""usertable""}]",[{count:0}],NULL,0,[{count:2500},{count:2500,"label:""usertable""}]",[{count:0}],0.5,0.5,0,0,0,73005,342.442298472707,0,12581,4924.50743184167,3428,39519,5739,6263,12581
80,reference,2500,true,uniform,READ,0,0,0,0,0,0,[{count:2500},{count:2500,"label:""usertable""}]",[{count:0}],NULL,0,[{count:2500},{count:2500,"label:""usertable""}]",[{count:0}],NULL,0,[{count:2500},{count:2500,"label:""usertable""}]",[{count:0}],0.5,0.5,0,0,0,71398,350.149864141853,0,12581,765.645894602973,406,6075,1387,1854,12581
80,reference,2500,true,uniform,UPDATE,0,0,0,0,0,0,[{count:2500},{count:2500,"label:""usertable""}]",[{count:0}],NULL,0,[{count:2500},{count:2500,"label:""usertable""}]",[{count:0}],NULL,0,[{count:2500},{count:2500,"label:""usertable""}]",[{count:0}],0.5,0.5,0,0,0,71398,350.149864141853,0,12419,4921.88751107174,3168,32927,5715,6171,12419
80,clean-run,2500,true,uniform,READ,0,0,0,0,0,0,[{count:2500},{count:2500,"label:""usertable""}]",[{count:0}],NULL,0,[{count:2500},{count:2500,"label:""usertable""}]",[{count:0}],NULL,0,[{count:2500},{count:2500,"label:""usertable""}]",[{count:0}],0.5,0.5,0,0,0,80575,310.269934843314,0,12533,1343.44953323227,461,359423,1814,8543,12533
80,clean-run,2500,true,uniform,UPDATE,0,0,0,0,0,0,[{count:2500},{count:2500,"label:""usertable""}]",[{count:0}],NULL,0,[{count:2500},{count:2500,"label:""usertable""}]",[{count:0}],NULL,0,[{count:2500},{count:2500,"label:""usertable""}]",[{count:0}],0.5,0.5,0,0,0,80575,310.269934843314,0,12467,5059.65773642416,2342,237567,6023,8575,12467
80,avg-run,2500,true,uniform,READ,0,0,0,0,0,0,[{count:2500},{count:2500,"label:""usertable""}]",[{count:0}],NULL,0,[{count:2500},{count:2500,"label:""usertable""}]",[{count:0}],NULL,0,[{count:2500},{count:2500,"label:""usertable""}]",[{count:0}],0.5,0.5,0,0,0,64411,388.132461846579,0,12527,696.076873952263,248,51647,1453,2403,12527
80,avg-run,2500,true,uniform,UPDATE,0,0,0,0,0,0,[{count:2500},{count:2500,"label:""usertable""}]",[{count:0}],NULL,0,[{count:2500},{count:2500,"label:""usertable""}]",[{count:0}],NULL,0,[{count:2500},{count:2500,"label:""usertable""}]",[{count:0}],0.5,0.5,0,0,0,64411,388.132461846579,0,12473,4412.67818487934,1226,202367,5391,6031,12473
81,extend,2500,true,uniform,EXTEND,0,0,0,0,0,0,[{count:2500},{count:2500,"label:""usertable""}]",[{count:0}],NULL,0,[{count:2500},{count:2500,"label:""usertable""}]",[{count:0}],NULL,0,[{count:2500},{count:2500,"label:""usertable""}]",[{count:0}],0,0,0,0,1,148216,168.67274788147,0,25000,5899.38492,2086,979455,7283,9439,25000
81,run,2500,true,uniform,READ,0,0,0,0,0,0,[{count:2500},{count:2500,"label:""usertable""}]",[{count:0}],NULL,0,[{count:2500},{count:2500,"label:""usertable""}]",[{count:0}],NULL,0,[{count:2500},{count:2500,"label:""usertable""}]",[{count:0}],0.5,0.5,0,0,0,72818,343.321706171551,0,12432,833.893018018018,436,11503,1473,2123,12432
81,run,2500,true,uniform,UPDATE,0,0,0,0,0,0,[{count:2500},{count:2500,"label:""usertable""}]",[{count:0}],NULL,0,[{count:2500},{count:2500,"label:""usertable""}]",[{count:0}],NULL,0,[{count:2500},{count:2500,"label:""usertable""}]",[{count:0}],0.5,0.5,0,0,0,72818,343.321706171551,0,12568,4916.00747931254,3452,40863,5735,6255,12568
81,reference,2500,true,uniform,READ,0,0,0,0,0,0,[{count:2500},{count:2500,"label:""usertable""}]",[{count:0}],NULL,0,[{count:2500},{count:2500,"label:""usertable""}]",[{count:0}],NULL,0,[{count:2500},{count:2500,"label:""usertable""}]",[{count:0}],0.5,0.5,0,0,0,71785,348.262171762903,0,12499,763.019521561725,393,29071,1348,1797,12499
81,reference,2500,true,uniform,UPDATE,0,0,0,0,0,0,[{count:2500},{count:2500,"label:""usertable""}]",[{count:0}],NULL,0,[{count:2500},{count:2500,"label:""usertable""}]",[{count:0}],NULL,0,[{count:2500},{count:2500,"label:""usertable""}]",[{count:0}],0.5,0.5,0,0,0,71785,348.262171762903,0,12501,4927.53659707223,2822,32255,5695,6127,12501
81,clean-run,2500,true,uniform,READ,0,0,0,0,0,0,[{count:2500},{count:2500,"label:""usertable""}]",[{count:0}],NULL,0,[{count:2500},{count:2500,"label:""usertable""}]",[{count:0}],NULL,0,[{count:2500},{count:2500,"label:""usertable""}]",[{count:0}],0.5,0.5,0,0,0,84780,294.880868129276,0,12307,1364.14942715528,457,321791,1838,10215,12307
81,clean-run,2500,true,uniform,UPDATE,0,0,0,0,0,0,[{count:2500},{count:2500,"label:""usertable""}]",[{count:0}],NULL,0,[{count:2500},{count:2500,"label:""usertable""}]",[{count:0}],NULL,0,[{count:2500},{count:2500,"label:""usertable""}]",[{count:0}],0.5,0.5,0,0,0,84780,294.880868129276,0,12693,5304.43504293705,3440,232831,6291,8487,12693
81,avg-run,2500,true,uniform,READ,0,0,0,0,0,0,[{count:2500},{count:2500,"label:""usertable""}]",[{count:0}],NULL,0,[{count:2500},{count:2500,"label:""usertable""}]",[{count:0}],NULL,0,[{count:2500},{count:2500,"label:""usertable""}]",[{count:0}],0.5,0.5,0,0,0,63888,391.309792136238,0,12562,690.860531762458,251,186495,1365,2169,12562
81,avg-run,2500,true,uniform,UPDATE,0,0,0,0,0,0,[{count:2500},{count:2500,"label:""usertable""}]",[{count:0}],NULL,0,[{count:2500},{count:2500,"label:""usertable""}]",[{count:0}],NULL,0,[{count:2500},{count:2500,"label:""usertable""}]",[{count:0}],0.5,0.5,0,0,0,63888,391.309792136238,0,12438,4384.52789837594,1177,61983,5331,5903,12438
82,extend,2500,true,uniform,EXTEND,0,0,0,0,0,0,[{count:2500},{count:2500,"label:""usertable""}]",[{count:0}],NULL,0,[{count:2500},{count:2500,"label:""usertable""}]",[{count:0}],NULL,0,[{count:2500},{count:2500,"label:""usertable""}]",[{count:0}],0,0,0,0,1,147972,168.950882599411,0,25000,5889.83904,2740,995327,7143,9423,25000
82,run,2500,true,uniform,READ,0,0,0,0,0,0,[{count:2500},{count:2500,"label:""usertable""}]",[{count:0}],NULL,0,[{count:2500},{count:2500,"label:""usertable""}]",[{count:0}],NULL,0,[{count:2500},{count:2500,"label:""usertable""}]",[{count:0}],0.5,0.5,0,0,0,73623,339.56779810657,0,12517,851.313653431333,459,33471,1468,2165,12517
82,run,2500,true,uniform,UPDATE,0,0,0,0,0,0,[{count:2500},{count:2500,"label:""usertable""}]",[{count:0}],NULL,0,[{count:2500},{count:2500,"label:""usertable""}]",[{count:0}],NULL,0,[{count:2500},{count:2500,"label:""usertable""}]",[{count:0}],0.5,0.5,0,0,0,73623,339.56779810657,0,12483,4992.08699831771,2688,35295,5791,6295,12483
82,reference,2500,true,uniform,READ,0,0,0,0,0,0,[{count:2500},{count:2500,"label:""usertable""}]",[{count:0}],NULL,0,[{count:2500},{count:2500,"label:""usertable""}]",[{count:0}],NULL,0,[{count:2500},{count:2500,"label:""usertable""}]",[{count:0}],0.5,0.5,0,0,0,73518,340.052776190865,0,12278,780.733507085845,392,6067,1389,1856,12278
82,reference,2500,true,uniform,UPDATE,0,0,0,0,0,0,[{count:2500},{count:2500,"label:""usertable""}]",[{count:0}],NULL,0,[{count:2500},{count:2500,"label:""usertable""}]",[{count:0}],NULL,0,[{count:2500},{count:2500,"label:""usertable""}]",[{count:0}],0.5,0.5,0,0,0,73518,340.052776190865,0,12722,4974.06689199811,2744,36191,5779,6239,12722
82,clean-run,2500,true,uniform,READ,0,0,0,0,0,0,[{count:2500},{count:2500,"label:""usertable""}]",[{count:0}],NULL,0,[{count:2500},{count:2500,"label:""usertable""}]",[{count:0}],NULL,0,[{count:2500},{count:2500,"label:""usertable""}]",[{count:0}],0.5,0.5,0,0,0,82662,302.436427862863,0,12479,1337.19616956487,443,320255,1879,9087,12479
82,clean-run,2500,true,uniform,UPDATE,0,0,0,0,0,0,[{count:2500},{count:2500,"label:""usertable""}]",[{count:0}],NULL,0,[{count:2500},{count:2500,"label:""usertable""}]",[{count:0}],NULL,0,[{count:2500},{count:2500,"label:""usertable""}]",[{count:0}],0.5,0.5,0,0,0,82662,302.436427862863,0,12521,5216.54420573437,2674,232831,6235,9375,12521
82,avg-run,2500,true,uniform,READ,0,0,0,0,0,0,[{count:2500},{count:2500,"label:""usertable""}]",[{count:0}],NULL,0,[{count:2500},{count:2500,"label:""usertable""}]",[{count:0}],NULL,0,[{count:2500},{count:2500,"label:""usertable""}]",[{count:0}],0.5,0.5,0,0,0,62719,398.603294057622,0,12616,689.438966391883,253,194303,1343,2187,12616
82,avg-run,2500,true,uniform,UPDATE,0,0,0,0,0,0,[{count:2500},{count:2500,"label:""usertable""}]",[{count:0}],NULL,0,[{count:2500},{count:2500,"label:""usertable""}]",[{count:0}],NULL,0,[{count:2500},{count:2500,"label:""usertable""}]",[{count:0}],0.5,0.5,0,0,0,62719,398.603294057622,0,12384,4309.37451550388,1214,58719,5243,5847,12384
83,extend,2500,true,uniform,EXTEND,0,0,0,0,0,0,[{count:2500},{count:2500,"label:""usertable""}]",[{count:0}],NULL,0,[{count:2500},{count:2500,"label:""usertable""}]",[{count:0}],NULL,0,[{count:2500},{count:2500,"label:""usertable""}]",[{count:0}],0,0,0,0,1,149414,167.320331428113,0,25000,5947.36644,2108,1000447,7287,10015,25000
83,run,2500,true,uniform,READ,0,0,0,0,0,0,[{count:2500},{count:2500,"label:""usertable""}]",[{count:0}],NULL,0,[{count:2500},{count:2500,"label:""usertable""}]",[{count:0}],NULL,0,[{count:2500},{count:2500,"label:""usertable""}]",[{count:0}],0.5,0.5,0,0,0,73174,341.651406237188,0,12674,846.851980432381,450,10023,1485,2111,12674
83,run,2500,true,uniform,UPDATE,0,0,0,0,0,0,[{count:2500},{count:2500,"label:""usertable""}]",[{count:0}],NULL,0,[{count:2500},{count:2500,"label:""usertable""}]",[{count:0}],NULL,0,[{count:2500},{count:2500,"label:""usertable""}]",[{count:0}],0.5,0.5,0,0,0,73174,341.651406237188,0,12326,5012.97817621288,1740,37791,5823,6371,12326
83,reference,2500,true,uniform,READ,0,0,0,0,0,0,[{count:2500},{count:2500,"label:""usertable""}]",[{count:0}],NULL,0,[{count:2500},{count:2500,"label:""usertable""}]",[{count:0}],NULL,0,[{count:2500},{count:2500,"label:""usertable""}]",[{count:0}],0.5,0.5,0,0,0,72257,345.987239990589,0,12532,779.732285349505,409,13655,1426,1906,12532
83,reference,2500,true,uniform,UPDATE,0,0,0,0,0,0,[{count:2500},{count:2500,"label:""usertable""}]",[{count:0}],NULL,0,[{count:2500},{count:2500,"label:""usertable""}]",[{count:0}],NULL,0,[{count:2500},{count:2500,"label:""usertable""}]",[{count:0}],0.5,0.5,0,0,0,72257,345.987239990589,0,12468,4959.29363169714,3446,35615,5759,6167,12468
83,clean-run,2500,true,uniform,READ,0,0,0,0,0,0,[{count:2500},{count:2500,"label:""usertable""}]",[{count:0}],NULL,0,[{count:2500},{count:2500,"label:""usertable""}]",[{count:0}],NULL,0,[{count:2500},{count:2500,"label:""usertable""}]",[{count:0}],0.5,0.5,0,0,0,79261,315.413633438892,0,12532,1307.33609958506,462,153855,1788,9127,12532
83,clean-run,2500,true,uniform,UPDATE,0,0,0,0,0,0,[{count:2500},{count:2500,"label:""usertable""}]",[{count:0}],NULL,0,[{count:2500},{count:2500,"label:""usertable""}]",[{count:0}],NULL,0,[{count:2500},{count:2500,"label:""usertable""}]",[{count:0}],0.5,0.5,0,0,0,79261,315.413633438892,0,12468,4989.91345845364,2416,393727,5963,8719,12468
83,avg-run,2500,true,uniform,READ,0,0,0,0,0,0,[{count:2500},{count:2500,"label:""usertable""}]",[{count:0}],NULL,0,[{count:2500},{count:2500,"label:""usertable""}]",[{count:0}],NULL,0,[{count:2500},{count:2500,"label:""usertable""}]",[{count:0}],0.5,0.5,0,0,0,64356,388.464168065138,0,12598,696.916097793301,257,51519,1399,2283,12598
83,avg-run,2500,true,uniform,UPDATE,0,0,0,0,0,0,[{count:2500},{count:2500,"label:""usertable""}]",[{count:0}],NULL,0,[{count:2500},{count:2500,"label:""usertable""}]",[{count:0}],NULL,0,[{count:2500},{count:2500,"label:""usertable""}]",[{count:0}],0.5,0.5,0,0,0,64356,388.464168065138,0,12402,4429.45355587808,1233,178559,5427,6043,12402
84,extend,2500,true,uniform,EXTEND,0,0,0,0,0,0,[{count:2500},{count:2500,"label:""usertable""}]",[{count:0}],NULL,0,[{count:2500},{count:2500,"label:""usertable""}]",[{count:0}],NULL,0,[{count:2500},{count:2500,"label:""usertable""}]",[{count:0}],0,0,0,0,1,148043,168.869855379856,0,25000,5893.05888,2160,1012223,7287,9863,25000
84,run,2500,true,uniform,READ,0,0,0,0,0,0,[{count:2500},{count:2500,"label:""usertable""}]",[{count:0}],NULL,0,[{count:2500},{count:2500,"label:""usertable""}]",[{count:0}],NULL,0,[{count:2500},{count:2500,"label:""usertable""}]",[{count:0}],0.5,0.5,0,0,0,74077,337.486669276564,0,12450,844.775020080321,474,34271,1457,2235,12450
84,run,2500,true,uniform,UPDATE,0,0,0,0,0,0,[{count:2500},{count:2500,"label:""usertable""}]",[{count:0}],NULL,0,[{count:2500},{count:2500,"label:""usertable""}]",[{count:0}],NULL,0,[{count:2500},{count:2500,"label:""usertable""}]",[{count:0}],0.5,0.5,0,0,0,74077,337.486669276564,0,12550,5012.94557768924,3124,34783,5827,6347,12550
84,reference,2500,true,uniform,READ,0,0,0,0,0,0,[{count:2500},{count:2500,"label:""usertable""}]",[{count:0}],NULL,0,[{count:2500},{count:2500,"label:""usertable""}]",[{count:0}],NULL,0,[{count:2500},{count:2500,"label:""usertable""}]",[{count:0}],0.5,0.5,0,0,0,73249,341.301587734986,0,12420,786.488164251208,413,29247,1436,1915,12420
84,reference,2500,true,uniform,UPDATE,0,0,0,0,0,0,[{count:2500},{count:2500,"label:""usertable""}]",[{count:0}],NULL,0,[{count:2500},{count:2500,"label:""usertable""}]",[{count:0}],NULL,0,[{count:2500},{count:2500,"label:""usertable""}]",[{count:0}],0.5,0.5,0,0,0,73249,341.301587734986,0,12580,4994.65453100159,3122,33951,5783,6215,12580
84,clean-run,2500,true,uniform,READ,0,0,0,0,0,0,[{count:2500},{count:2500,"label:""usertable""}]",[{count:0}],NULL,0,[{count:2500},{count:2500,"label:""usertable""}]",[{count:0}],NULL,0,[{count:2500},{count:2500,"label:""usertable""}]",[{count:0}],0.5,0.5,0,0,0,78143,319.926288983018,0,12562,1298.95215729979,472,149375,1760,8295,12562
84,clean-run,2500,true,uniform,UPDATE,0,0,0,0,0,0,[{count:2500},{count:2500,"label:""usertable""}]",[{count:0}],NULL,0,[{count:2500},{count:2500,"label:""usertable""}]",[{count:0}],NULL,0,[{count:2500},{count:2500,"label:""usertable""}]",[{count:0}],0.5,0.5,0,0,0,78143,319.926288983018,0,12438,4916.87956263065,2332,389119,5879,8647,12438
84,avg-run,2500,true,uniform,READ,0,0,0,0,0,0,[{count:2500},{count:2500,"label:""usertable""}]",[{count:0}],NULL,0,[{count:2500},{count:2500,"label:""usertable""}]",[{count:0}],NULL,0,[{count:2500},{count:2500,"label:""usertable""}]",[{count:0}],0.5,0.5,0,0,0,63054,396.485552066483,0,12570,685.065950676213,265,55039,1355,2245,12570
84,avg-run,2500,true,uniform,UPDATE,0,0,0,0,0,0,[{count:2500},{count:2500,"label:""usertable""}]",[{count:0}],NULL,0,[{count:2500},{count:2500,"label:""usertable""}]",[{count:0}],NULL,0,[{count:2500},{count:2500,"label:""usertable""}]",[{count:0}],0.5,0.5,0,0,0,63054,396.485552066483,0,12430,4328.53596138375,1217,182271,5263,5923,12430
85,extend,2500,true,uniform,EXTEND,0,0,0,0,0,0,[{count:2500},{count:2500,"label:""usertable""}]",[{count:0}],NULL,0,[{count:2500},{count:2500,"label:""usertable""}]",[{count:0}],NULL,0,[{count:2500},{count:2500,"label:""usertable""}]",[{count:0}],0,0,0,0,1,148528,168.318431541528,0,25000,5912.22264,3060,968191,7279,9831,25000
85,run,2500,true,uniform,READ,0,0,0,0,0,0,[{count:2500},{count:2500,"label:""usertable""}]",[{count:0}],NULL,0,[{count:2500},{count:2500,"label:""usertable""}]",[{count:0}],NULL,0,[{count:2500},{count:2500,"label:""usertable""}]",[{count:0}],0.5,0.5,0,0,0,72939,342.752162766147,0,12492,837.130643611912,461,10959,1437,2203,12492
85,run,2500,true,uniform,UPDATE,0,0,0,0,0,0,[{count:2500},{count:2500,"label:""usertable""}]",[{count:0}],NULL,0,[{count:2500},{count:2500,"label:""usertable""}]",[{count:0}],NULL,0,[{count:2500},{count:2500,"label:""usertable""}]",[{count:0}],0.5,0.5,0,0,0,72939,342.752162766147,0,12508,4942.86224816118,3424,35071,5719,6271,12508
85,reference,2500,true,uniform,READ,0,0,0,0,0,0,[{count:2500},{count:2500,"label:""usertable""}]",[{count:0}],NULL,0,[{count:2500},{count:2500,"label:""usertable""}]",[{count:0}],NULL,0,[{count:2500},{count:2500,"label:""usertable""}]",[{count:0}],0.5,0.5,0,0,0,72712,343.822202662559,0,12500,771.6972,402,29135,1399,1808,12500
85,reference,2500,true,uniform,UPDATE,0,0,0,0,0,0,[{count:2500},{count:2500,"label:""usertable""}]",[{count:0}],NULL,0,[{count:2500},{count:2500,"label:""usertable""}]",[{count:0}],NULL,0,[{count:2500},{count:2500,"label:""usertable""}]",[{count:0}],0.5,0.5,0,0,0,72712,343.822202662559,0,12500,4991.7464,3176,33663,5787,6235,12500
85,clean-run,2500,true,uniform,READ,0,0,0,0,0,0,[{count:2500},{count:2500,"label:""usertable""}]",[{count:0}],NULL,0,[{count:2500},{count:2500,"label:""usertable""}]",[{count:0}],NULL,0,[{count:2500},{count:2500,"label:""usertable""}]",[{count:0}],0.5,0.5,0,0,0,81158,308.041105005052,0,12432,1387.67704311454,469,137727,1908,10503,12432
85,clean-run,2500,true,uniform,UPDATE,0,0,0,0,0,0,[{count:2500},{count:2500,"label:""usertable""}]",[{count:0}],NULL,0,[{count:2500},{count:2500,"label:""usertable""}]",[{count:0}],NULL,0,[{count:2500},{count:2500,"label:""usertable""}]",[{count:0}],0.5,0.5,0,0,0,81158,308.041105005052,0,12568,5032.05521960535,2006,377599,6083,8207,12568
85,avg-run,2500,true,uniform,READ,0,0,0,0,0,0,[{count:2500},{count:2500,"label:""usertable""}]",[{count:0}],NULL,0,[{count:2500},{count:2500,"label:""usertable""}]",[{count:0}],NULL,0,[{count:2500},{count:2500,"label:""usertable""}]",[{count:0}],0.5,0.5,0,0,0,64274,388.959766001805,0,12495,708.048979591837,259,51423,1461,2201,12495
85,avg-run,2500,true,uniform,UPDATE,0,0,0,0,0,0,[{count:2500},{count:2500,"label:""usertable""}]",[{count:0}],NULL,0,[{count:2500},{count:2500,"label:""usertable""}]",[{count:0}],NULL,0,[{count:2500},{count:2500,"label:""usertable""}]",[{count:0}],0.5,0.5,0,0,0,64274,388.959766001805,0,12505,4380.76417433027,1211,190335,5343,6015,12505
86,extend,2500,true,uniform,EXTEND,0,0,0,0,0,0,[{count:2500},{count:2500,"label:""usertable""}]",[{count:0}],NULL,0,[{count:2500},{count:2500,"label:""usertable""}]",[{count:0}],NULL,0,[{count:2500},{count:2500,"label:""usertable""}]",[{count:0}],0,0,0,0,1,152898,163.507697942419,0,25000,6087.34356,2172,1053695,7459,10175,25000
86,run,2500,true,uniform,READ,0,0,0,0,0,0,[{count:2500},{count:2500,"label:""usertable""}]",[{count:0}],NULL,0,[{count:2500},{count:2500,"label:""usertable""}]",[{count:0}],NULL,0,[{count:2500},{count:2500,"label:""usertable""}]",[{count:0}],0.5,0.5,0,0,0,73648,339.452530958071,0,12544,846.436224489796,462,12919,1478,2113,12544
86,run,2500,true,uniform,UPDATE,0,0,0,0,0,0,[{count:2500},{count:2500,"label:""usertable""}]",[{count:0}],NULL,0,[{count:2500},{count:2500,"label:""usertable""}]",[{count:0}],NULL,0,[{count:2500},{count:2500,"label:""usertable""}]",[{count:0}],0.5,0.5,0,0,0,73648,339.452530958071,0,12456,5007.72390815671,3522,36255,5823,6371,12456
86,reference,2500,true,uniform,READ,0,0,0,0,0,0,[{count:2500},{count:2500,"label:""usertable""}]",[{count:0}],NULL,0,[{count:2500},{count:2500,"label:""usertable""}]",[{count:0}],NULL,0,[{count:2500},{count:2500,"label:""usertable""}]",[{count:0}],0.5,0.5,0,0,0,74216,336.854586612051,0,12354,808.366035292213,383,32095,1481,1973,12354
86,reference,2500,true,uniform,UPDATE,0,0,0,0,0,0,[{count:2500},{count:2500,"label:""usertable""}]",[{count:0}],NULL,0,[{count:2500},{count:2500,"label:""usertable""}]",[{count:0}],NULL,0,[{count:2500},{count:2500,"label:""usertable""}]",[{count:0}],0.5,0.5,0,0,0,74216,336.854586612051,0,12646,5026.29614107228,2584,34879,5859,6327,12646
86,clean-run,2500,true,uniform,READ,0,0,0,0,0,0,[{count:2500},{count:2500,"label:""usertable""}]",[{count:0}],NULL,0,[{count:2500},{count:2500,"label:""usertable""}]",[{count:0}],NULL,0,[{count:2500},{count:2500,"label:""usertable""}]",[{count:0}],0.5,0.5,0,0,0,82479,303.107457655888,0,12449,1367.70961523014,453,140287,1828,9991,12449
86,clean-run,2500,true,uniform,UPDATE,0,0,0,0,0,0,[{count:2500},{count:2500,"label:""usertable""}]",[{count:0}],NULL,0,[{count:2500},{count:2500,"label:""usertable""}]",[{count:0}],NULL,0,[{count:2500},{count:2500,"label:""usertable""}]",[{count:0}],0.5,0.5,0,0,0,82479,303.107457655888,0,12551,5161.90423073859,2310,369919,6187,8455,12551
86,avg-run,2500,true,uniform,READ,0,0,0,0,0,0,[{count:2500},{count:2500,"label:""usertable""}]",[{count:0}],NULL,0,[{count:2500},{count:2500,"label:""usertable""}]",[{count:0}],NULL,0,[{count:2500},{count:2500,"label:""usertable""}]",[{count:0}],0.5,0.5,0,0,0,65215,383.347389404278,0,12478,710.875300528931,256,170495,1421,2209,12478
86,avg-run,2500,true,uniform,UPDATE,0,0,0,0,0,0,[{count:2500},{count:2500,"label:""usertable""}]",[{count:0}],NULL,0,[{count:2500},{count:2500,"label:""usertable""}]",[{count:0}],NULL,0,[{count:2500},{count:2500,"label:""usertable""}]",[{count:0}],0.5,0.5,0,0,0,65215,383.347389404278,0,12522,4446.87174572752,1156,62111,5495,6131,12522
87,extend,2500,true,uniform,EXTEND,0,0,0,0,0,0,[{count:2500},{count:2500,"label:""usertable""}]",[{count:0}],NULL,0,[{count:2500},{count:2500,"label:""usertable""}]",[{count:0}],NULL,0,[{count:2500},{count:2500,"label:""usertable""}]",[{count:0}],0,0,0,0,1,149704,166.996205846203,0,25000,5959.901,2336,972799,7327,9799,25000
87,run,2500,true,uniform,READ,0,0,0,0,0,0,[{count:2500},{count:2500,"label:""usertable""}]",[{count:0}],NULL,0,[{count:2500},{count:2500,"label:""usertable""}]",[{count:0}],NULL,0,[{count:2500},{count:2500,"label:""usertable""}]",[{count:0}],0.5,0.5,0,0,0,74970,333.466720021342,0,12481,860.877253425206,453,13127,1514,2253,12481
87,run,2500,true,uniform,UPDATE,0,0,0,0,0,0,[{count:2500},{count:2500,"label:""usertable""}]",[{count:0}],NULL,0,[{count:2500},{count:2500,"label:""usertable""}]",[{count:0}],NULL,0,[{count:2500},{count:2500,"label:""usertable""}]",[{count:0}],0.5,0.5,0,0,0,74970,333.466720021342,0,12519,5076.33580956946,3210,39519,5899,6467,12519
87,reference,2500,true,uniform,READ,0,0,0,0,0,0,[{count:2500},{count:2500,"label:""usertable""}]",[{count:0}],NULL,0,[{count:2500},{count:2500,"label:""usertable""}]",[{count:0}],NULL,0,[{count:2500},{count:2500,"label:""usertable""}]",[{count:0}],0.5,0.5,0,0,0,72186,346.327542736819,0,12637,778.888660283295,423,10407,1375,1827,12637
87,reference,2500,true,uniform,UPDATE,0,0,0,0,0,0,[{count:2500},{count:2500,"label:""usertable""}]",[{count:0}],NULL,0,[{count:2500},{count:2500,"label:""usertable""}]",[{count:0}],NULL,0,[{count:2500},{count:2500,"label:""usertable""}]",[{count:0}],0.5,0.5,0,0,0,72186,346.327542736819,0,12363,4987.64215805225,3588,33375,5763,6183,12363
87,clean-run,2500,true,uniform,READ,0,0,0,0,0,0,[{count:2500},{count:2500,"label:""usertable""}]",[{count:0}],NULL,0,[{count:2500},{count:2500,"label:""usertable""}]",[{count:0}],NULL,0,[{count:2500},{count:2500,"label:""usertable""}]",[{count:0}],0.5,0.5,0,0,0,85349,292.914972641742,0,12574,1451.87601399714,423,615423,1856,9223,12574
87,clean-run,2500,true,uniform,UPDATE,0,0,0,0,0,0,[{count:2500},{count:2500,"label:""usertable""}]",[{count:0}],NULL,0,[{count:2500},{count:2500,"label:""usertable""}]",[{count:0}],NULL,0,[{count:2500},{count:2500,"label:""usertable""}]",[{count:0}],0.5,0.5,0,0,0,85349,292.914972641742,0,12426,5345.66723000161,2914,368895,6307,8327,12426
87,avg-run,2500,true,uniform,READ,0,0,0,0,0,0,[{count:2500},{count:2500,"label:""usertable""}]",[{count:0}],NULL,0,[{count:2500},{count:2500,"label:""usertable""}]",[{count:0}],NULL,0,[{count:2500},{count:2500,"label:""usertable""}]",[{count:0}],0.5,0.5,0,0,0,64816,385.707232782029,0,12631,692.632649829784,262,53855,1413,2271,12631
87,avg-run,2500,true,uniform,UPDATE,0,0,0,0,0,0,[{count:2500},{count:2500,"label:""usertable""}]",[{count:0}],NULL,0,[{count:2500},{count:2500,"label:""usertable""}]",[{count:0}],NULL,0,[{count:2500},{count:2500,"label:""usertable""}]",[{count:0}],0.5,0.5,0,0,0,64816,385.707232782029,0,12369,4480.58525345622,1206,192511,5411,6003,12369
88,extend,2500,true,uniform,EXTEND,0,0,0,0,0,0,[{count:2500},{count:2500,"label:""usertable""}]",[{count:0}],NULL,0,[{count:2500},{count:2500,"label:""usertable""}]",[{count:0}],NULL,0,[{count:2500},{count:2500,"label:""usertable""}]",[{count:0}],0,0,0,0,1,151000,165.562913907285,0,25000,6011.91056,2268,973823,7339,9871,25000
88,run,2500,true,uniform,READ,0,0,0,0,0,0,[{count:2500},{count:2500,"label:""usertable""}]",[{count:0}],NULL,0,[{count:2500},{count:2500,"label:""usertable""}]",[{count:0}],NULL,0,[{count:2500},{count:2500,"label:""usertable""}]",[{count:0}],0.5,0.5,0,0,0,74174,337.045325855421,0,12416,859.101965206186,458,13175,1514,2247,12416
88,run,2500,true,uniform,UPDATE,0,0,0,0,0,0,[{count:2500},{count:2500,"label:""usertable""}]",[{count:0}],NULL,0,[{count:2500},{count:2500,"label:""usertable""}]",[{count:0}],NULL,0,[{count:2500},{count:2500,"label:""usertable""}]",[{count:0}],0.5,0.5,0,0,0,74174,337.045325855421,0,12584,4992.77344246662,3094,51487,5819,6371,12584
88,reference,2500,true,uniform,READ,0,0,0,0,0,0,[{count:2500},{count:2500,"label:""usertable""}]",[{count:0}],NULL,0,[{count:2500},{count:2500,"label:""usertable""}]",[{count:0}],NULL,0,[{count:2500},{count:2500,"label:""usertable""}]",[{count:0}],0.5,0.5,0,0,0,73274,341.185140704752,0,12511,788.898089681081,425,31583,1429,1939,12511
88,reference,2500,true,uniform,UPDATE,0,0,0,0,0,0,[{count:2500},{count:2500,"label:""usertable""}]",[{count:0}],NULL,0,[{count:2500},{count:2500,"label:""usertable""}]",[{count:0}],NULL,0,[{count:2500},{count:2500,"label:""usertable""}]",[{count:0}],0.5,0.5,0,0,0,73274,341.185140704752,0,12489,5025.02265994075,2282,34207,5831,6291,12489
88,clean-run,2500,true,uniform,READ,0,0,0,0,0,0,[{count:2500},{count:2500,"label:""usertable""}]",[{count:0}],NULL,0,[{count:2500},{count:2500,"label:""usertable""}]",[{count:0}],NULL,0,[{count:2500},{count:2500,"label:""usertable""}]",[{count:0}],0.5,0.5,0,0,0,82803,301.921427967586,0,12400,1364.39274193548,457,348159,1851,9119,12400
88,clean-run,2500,true,uniform,UPDATE,0,0,0,0,0,0,[{count:2500},{count:2500,"label:""usertable""}]",[{count:0}],NULL,0,[{count:2500},{count:2500,"label:""usertable""}]",[{count:0}],NULL,0,[{count:2500},{count:2500,"label:""usertable""}]",[{count:0}],0.5,0.5,0,0,0,82803,301.921427967586,0,12600,5176.14603174603,2378,224511,6255,9303,12600
88,avg-run,2500,true,uniform,READ,0,0,0,0,0,0,[{count:2500},{count:2500,"label:""usertable""}]",[{count:0}],NULL,0,[{count:2500},{count:2500,"label:""usertable""}]",[{count:0}],NULL,0,[{count:2500},{count:2500,"label:""usertable""}]",[{count:0}],0.5,0.5,0,0,0,64719,386.285325793044,0,12596,705.085900285805,264,187391,1391,2225,12596
88,avg-run,2500,true,uniform,UPDATE,0,0,0,0,0,0,[{count:2500},{count:2500,"label:""usertable""}]",[{count:0}],NULL,0,[{count:2500},{count:2500,"label:""usertable""}]",[{count:0}],NULL,0,[{count:2500},{count:2500,"label:""usertable""}]",[{count:0}],0.5,0.5,0,0,0,64719,386.285325793044,0,12404,4448.22823282812,1187,58239,5487,6111,12404
89,extend,2500,true,uniform,EXTEND,0,0,0,0,0,0,[{count:2500},{count:2500,"label:""usertable""}]",[{count:0}],NULL,0,[{count:2500},{count:2500,"label:""usertable""}]",[{count:0}],NULL,0,[{count:2500},{count:2500,"label:""usertable""}]",[{count:0}],0,0,0,0,1,152174,164.285620408217,0,25000,6058.04512,2082,995839,7443,10111,25000
89,run,2500,true,uniform,READ,0,0,0,0,0,0,[{count:2500},{count:2500,"label:""usertable""}]",[{count:0}],NULL,0,[{count:2500},{count:2500,"label:""usertable""}]",[{count:0}],NULL,0,[{count:2500},{count:2500,"label:""usertable""}]",[{count:0}],0.5,0.5,0,0,0,74871,333.907654499072,0,12616,864.611683576411,438,12607,1529,2181,12616
89,run,2500,true,uniform,UPDATE,0,0,0,0,0,0,[{count:2500},{count:2500,"label:""usertable""}]",[{count:0}],NULL,0,[{count:2500},{count:2500,"label:""usertable""}]",[{count:0}],NULL,0,[{count:2500},{count:2500,"label:""usertable""}]",[{count:0}],0.5,0.5,0,0,0,74871,333.907654499072,0,12384,5110.6955749354,3318,42111,5943,6451,12384
89,reference,2500,true,uniform,READ,0,0,0,0,0,0,[{count:2500},{count:2500,"label:""usertable""}]",[{count:0}],NULL,0,[{count:2500},{count:2500,"label:""usertable""}]",[{count:0}],NULL,0,[{count:2500},{count:2500,"label:""usertable""}]",[{count:0}],0.5,0.5,0,0,0,73405,340.5762550235,0,12524,789.080884701373,401,31327,1411,1855,12524
89,reference,2500,true,uniform,UPDATE,0,0,0,0,0,0,[{count:2500},{count:2500,"label:""usertable""}]",[{count:0}],NULL,0,[{count:2500},{count:2500,"label:""usertable""}]",[{count:0}],NULL,0,[{count:2500},{count:2500,"label:""usertable""}]",[{count:0}],0.5,0.5,0,0,0,73405,340.5762550235,0,12476,5038.47555306188,3328,35199,5847,6315,12476
89,clean-run,2500,true,uniform,READ,0,0,0,0,0,0,[{count:2500},{count:2500,"label:""usertable""}]",[{count:0}],NULL,0,[{count:2500},{count:2500,"label:""usertable""}]",[{count:0}],NULL,0,[{count:2500},{count:2500,"label:""usertable""}]",[{count:0}],0.5,0.5,0,0,0,85984,290.751767770748,0,12374,1365.21335057378,445,150911,1830,10039,12374
89,clean-run,2500,true,uniform,UPDATE,0,0,0,0,0,0,[{count:2500},{count:2500,"label:""usertable""}]",[{count:0}],NULL,0,[{count:2500},{count:2500,"label:""usertable""}]",[{count:0}],NULL,0,[{count:2500},{count:2500,"label:""usertable""}]",[{count:0}],0.5,0.5,0,0,0,85984,290.751767770748,0,12626,5419.86828766038,2906,376063,6319,9023,12626
89,avg-run,2500,true,uniform,READ,0,0,0,0,0,0,[{count:2500},{count:2500,"label:""usertable""}]",[{count:0}],NULL,0,[{count:2500},{count:2500,"label:""usertable""}]",[{count:0}],NULL,0,[{count:2500},{count:2500,"label:""usertable""}]",[{count:0}],0.5,0.5,0,0,0,65841,379.702616910436,0,12540,706.012759170654,253,179967,1381,2187,12540
89,avg-run,2500,true,uniform,UPDATE,0,0,0,0,0,0,[{count:2500},{count:2500,"label:""usertable""}]",[{count:0}],NULL,0,[{count:2500},{count:2500,"label:""usertable""}]",[{count:0}],NULL,0,[{count:2500},{count:2500,"label:""usertable""}]",[{count:0}],0.5,0.5,0,0,0,65841,379.702616910436,0,12460,4522.04357945425,1233,57823,5555,6163,12460
90,extend,2500,true,uniform,EXTEND,0,0,0,0,0,0,[{count:2500},{count:2500,"label:""usertable""}]",[{count:0}],NULL,0,[{count:2500},{count:2500,"label:""usertable""}]",[{count:0}],NULL,0,[{count:2500},{count:2500,"label:""usertable""}]",[{count:0}],0,0,0,0,1,150991,165.572782483724,0,25000,6011.0416,3928,971263,7379,9887,25000
90,run,2500,true,uniform,READ,0,0,0,0,0,0,[{count:2500},{count:2500,"label:""usertable""}]",[{count:0}],NULL,0,[{count:2500},{count:2500,"label:""usertable""}]",[{count:0}],NULL,0,[{count:2500},{count:2500,"label:""usertable""}]",[{count:0}],0.5,0.5,0,0,0,74982,333.413352537942,0,12531,868.175404995611,474,13223,1546,2175,12531
90,run,2500,true,uniform,UPDATE,0,0,0,0,0,0,[{count:2500},{count:2500,"label:""usertable""}]",[{count:0}],NULL,0,[{count:2500},{count:2500,"label:""usertable""}]",[{count:0}],NULL,0,[{count:2500},{count:2500,"label:""usertable""}]",[{count:0}],0.5,0.5,0,0,0,74982,333.413352537942,0,12469,5089.28903681129,2732,35679,5923,6467,12469
90,reference,2500,true,uniform,READ,0,0,0,0,0,0,[{count:2500},{count:2500,"label:""usertable""}]",[{count:0}],NULL,0,[{count:2500},{count:2500,"label:""usertable""}]",[{count:0}],NULL,0,[{count:2500},{count:2500,"label:""usertable""}]",[{count:0}],0.5,0.5,0,0,0,73309,341.022248291479,0,12532,792.264762208746,439,29887,1390,1867,12532
90,reference,2500,true,uniform,UPDATE,0,0,0,0,0,0,[{count:2500},{count:2500,"label:""usertable""}]",[{count:0}],NULL,0,[{count:2500},{count:2500,"label:""usertable""}]",[{count:0}],NULL,0,[{count:2500},{count:2500,"label:""usertable""}]",[{count:0}],0.5,0.5,0,0,0,73309,341.022248291479,0,12468,5031.57707731793,2834,36127,5831,6279,12468
90,clean-run,2500,true,uniform,READ,0,0,0,0,0,0,[{count:2500},{count:2500,"label:""usertable""}]",[{count:0}],NULL,0,[{count:2500},{count:2500,"label:""usertable""}]",[{count:0}],NULL,0,[{count:2500},{count:2500,"label:""usertable""}]",[{count:0}],0.5,0.5,0,0,0,83778,298.407696531309,0,12395,1384.25655506253,474,334591,1810,10503,12395
90,clean-run,2500,true,uniform,UPDATE,0,0,0,0,0,0,[{count:2500},{count:2500,"label:""usertable""}]",[{count:0}],NULL,0,[{count:2500},{count:2500,"label:""usertable""}]",[{count:0}],NULL,0,[{count:2500},{count:2500,"label:""usertable""}]",[{count:0}],0.5,0.5,0,0,0,83778,298.407696531309,0,12605,5232.10567235224,2510,226943,6231,7751,12605
90,avg-run,2500,true,uniform,READ,0,0,0,0,0,0,[{count:2500},{count:2500,"label:""usertable""}]",[{count:0}],NULL,0,[{count:2500},{count:2500,"label:""usertable""}]",[{count:0}],NULL,0,[{count:2500},{count:2500,"label:""usertable""}]",[{count:0}],0.5,0.5,0,0,0,65145,383.759306163175,0,12440,718.119935691318,262,48255,1437,2157,12440
90,avg-run,2500,true,uniform,UPDATE,0,0,0,0,0,0,[{count:2500},{count:2500,"label:""usertable""}]",[{count:0}],NULL,0,[{count:2500},{count:2500,"label:""usertable""}]",[{count:0}],NULL,0,[{count:2500},{count:2500,"label:""usertable""}]",[{count:0}],0.5,0.5,0,0,0,65145,383.759306163175,0,12560,4422.99179936306,1234,207487,5371,6055,12560
91,extend,2500,true,uniform,EXTEND,0,0,0,0,0,0,[{count:2500},{count:2500,"label:""usertable""}]",[{count:0}],NULL,0,[{count:2500},{count:2500,"label:""usertable""}]",[{count:0}],NULL,0,[{count:2500},{count:2500,"label:""usertable""}]",[{count:0}],0,0,0,0,1,153664,162.692628071637,0,25000,6117.8516,2136,975871,7479,9687,25000
91,run,2500,true,uniform,READ,0,0,0,0,0,0,[{count:2500},{count:2500,"label:""usertable""}]",[{count:0}],NULL,0,[{count:2500},{count:2500,"label:""usertable""}]",[{count:0}],NULL,0,[{count:2500},{count:2500,"label:""usertable""}]",[{count:0}],0.5,0.5,0,0,0,74471,335.701145412308,0,12531,875.836645120102,467,13359,1546,2247,12531
91,run,2500,true,uniform,UPDATE,0,0,0,0,0,0,[{count:2500},{count:2500,"label:""usertable""}]",[{count:0}],NULL,0,[{count:2500},{count:2500,"label:""usertable""}]",[{count:0}],NULL,0,[{count:2500},{count:2500,"label:""usertable""}]",[{count:0}],0.5,0.5,0,0,0,74471,335.701145412308,0,12469,5040.16625230572,3568,37983,5875,6319,12469
91,reference,2500,true,uniform,READ,0,0,0,0,0,0,[{count:2500},{count:2500,"label:""usertable""}]",[{count:0}],NULL,0,[{count:2500},{count:2500,"label:""usertable""}]",[{count:0}],NULL,0,[{count:2500},{count:2500,"label:""usertable""}]",[{count:0}],0.5,0.5,0,0,0,73021,342.367264211665,0,12464,790.019415917843,420,6063,1369,1799,12464
91,reference,2500,true,uniform,UPDATE,0,0,0,0,0,0,[{count:2500},{count:2500,"label:""usertable""}]",[{count:0}],NULL,0,[{count:2500},{count:2500,"label:""usertable""}]",[{count:0}],NULL,0,[{count:2500},{count:2500,"label:""usertable""}]",[{count:0}],0.5,0.5,0,0,0,73021,342.367264211665,0,12536,4987.02273452457,3560,41055,5775,6255,12536
91,clean-run,2500,true,uniform,READ,0,0,0,0,0,0,[{count:2500},{count:2500,"label:""usertable""}]",[{count:0}],NULL,0,[{count:2500},{count:2500,"label:""usertable""}]",[{count:0}],NULL,0,[{count:2500},{count:2500,"label:""usertable""}]",[{count:0}],0.5,0.5,0,0,0,83310,300.084023526587,0,12372,1371.33034270934,470,183807,1805,9519,12372
91,clean-run,2500,true,uniform,UPDATE,0,0,0,0,0,0,[{count:2500},{count:2500,"label:""usertable""}]",[{count:0}],NULL,0,[{count:2500},{count:2500,"label:""usertable""}]",[{count:0}],NULL,0,[{count:2500},{count:2500,"label:""usertable""}]",[{count:0}],0.5,0.5,0,0,0,83310,300.084023526587,0,12628,5200.57103262591,2384,370175,6227,9495,12628
91,avg-run,2500,true,uniform,READ,0,0,0,0,0,0,[{count:2500},{count:2500,"label:""usertable""}]",[{count:0}],NULL,0,[{count:2500},{count:2500,"label:""usertable""}]",[{count:0}],NULL,0,[{count:2500},{count:2500,"label:""usertable""}]",[{count:0}],0.5,0.5,0,0,0,67101,372.572688931611,0,12265,693.701916021199,264,51519,1353,2089,12265
91,avg-run,2500,true,uniform,UPDATE,0,0,0,0,0,0,[{count:2500},{count:2500,"label:""usertable""}]",[{count:0}],NULL,0,[{count:2500},{count:2500,"label:""usertable""}]",[{count:0}],NULL,0,[{count:2500},{count:2500,"label:""usertable""}]",[{count:0}],0.5,0.5,0,0,0,67101,372.572688931611,0,12735,4549.32618767177,1178,182015,5579,6211,12735
92,extend,2500,true,uniform,EXTEND,0,0,0,0,0,0,[{count:2500},{count:2500,"label:""usertable""}]",[{count:0}],NULL,0,[{count:2500},{count:2500,"label:""usertable""}]",[{count:0}],NULL,0,[{count:2500},{count:2500,"label:""usertable""}]",[{count:0}],0,0,0,0,1,154160,162.169174883238,0,25000,6137.55116,2144,1005055,7559,10359,25000
92,run,2500,true,uniform,READ,0,0,0,0,0,0,[{count:2500},{count:2500,"label:""usertable""}]",[{count:0}],NULL,0,[{count:2500},{count:2500,"label:""usertable""}]",[{count:0}],NULL,0,[{count:2500},{count:2500,"label:""usertable""}]",[{count:0}],0.5,0.5,0,0,0,74876,333.885357123778,0,12520,881.721325878594,461,36799,1542,2161,12520
92,run,2500,true,uniform,UPDATE,0,0,0,0,0,0,[{count:2500},{count:2500,"label:""usertable""}]",[{count:0}],NULL,0,[{count:2500},{count:2500,"label:""usertable""}]",[{count:0}],NULL,0,[{count:2500},{count:2500,"label:""usertable""}]",[{count:0}],0.5,0.5,0,0,0,74876,333.885357123778,0,12480,5060.91850961538,2102,49631,5887,6383,12480
92,reference,2500,true,uniform,READ,0,0,0,0,0,0,[{count:2500},{count:2500,"label:""usertable""}]",[{count:0}],NULL,0,[{count:2500},{count:2500,"label:""usertable""}]",[{count:0}],NULL,0,[{count:2500},{count:2500,"label:""usertable""}]",[{count:0}],0.5,0.5,0,0,0,73957,338.034263152913,0,12432,798.927445302445,422,30463,1426,1863,12432
92,reference,2500,true,uniform,UPDATE,0,0,0,0,0,0,[{count:2500},{count:2500,"label:""usertable""}]",[{count:0}],NULL,0,[{count:2500},{count:2500,"label:""usertable""}]",[{count:0}],NULL,0,[{count:2500},{count:2500,"label:""usertable""}]",[{count:0}],0.5,0.5,0,0,0,73957,338.034263152913,0,12568,5042.54813812858,3170,36127,5875,6303,12568
92,clean-run,2500,true,uniform,READ,0,0,0,0,0,0,[{count:2500},{count:2500,"label:""usertable""}]",[{count:0}],NULL,0,[{count:2500},{count:2500,"label:""usertable""}]",[{count:0}],NULL,0,[{count:2500},{count:2500,"label:""usertable""}]",[{count:0}],0.5,0.5,0,0,0,84368,296.320879954485,0,12378,1379.79196962353,485,143743,1894,9935,12378
92,clean-run,2500,true,uniform,UPDATE,0,0,0,0,0,0,[{count:2500},{count:2500,"label:""usertable""}]",[{count:0}],NULL,0,[{count:2500},{count:2500,"label:""usertable""}]",[{count:0}],NULL,0,[{count:2500},{count:2500,"label:""usertable""}]",[{count:0}],0.5,0.5,0,0,0,84368,296.320879954485,0,12622,5278.33465377912,2078,412671,6371,9735,12622
92,avg-run,2500,true,uniform,READ,0,0,0,0,0,0,[{count:2500},{count:2500,"label:""usertable""}]",[{count:0}],NULL,0,[{count:2500},{count:2500,"label:""usertable""}]",[{count:0}],NULL,0,[{count:2500},{count:2500,"label:""usertable""}]",[{count:0}],0.5,0.5,0,0,0,64281,388.917409498919,0,12662,713.032854209446,274,191999,1390,2173,12662
92,avg-run,2500,true,uniform,UPDATE,0,0,0,0,0,0,[{count:2500},{count:2500,"label:""usertable""}]",[{count:0}],NULL,0,[{count:2500},{count:2500,"label:""usertable""}]",[{count:0}],NULL,0,[{count:2500},{count:2500,"label:""usertable""}]",[{count:0}],0.5,0.5,0,0,0,64281,388.917409498919,0,12338,4424.77978602691,1217,58879,5495,6167,12338
93,extend,2500,true,uniform,EXTEND,0,0,0,0,0,0,[{count:2500},{count:2500,"label:""usertable""}]",[{count:0}],NULL,0,[{count:2500},{count:2500,"label:""usertable""}]",[{count:0}],NULL,0,[{count:2500},{count:2500,"label:""usertable""}]",[{count:0}],0,0,0,0,1,155766,160.497155990396,0,25000,6202.06608,4196,997375,7559,9951,25000
93,run,2500,true,uniform,READ,0,0,0,0,0,0,[{count:2500},{count:2500,"label:""usertable""}]",[{count:0}],NULL,0,[{count:2500},{count:2500,"label:""usertable""}]",[{count:0}],NULL,0,[{count:2500},{count:2500,"label:""usertable""}]",[{count:0}],0.5,0.5,0,0,0,75490,331.169691349848,0,12458,872.431770749719,486,41055,1528,2201,12458
93,run,2500,true,uniform,UPDATE,0,0,0,0,0,0,[{count:2500},{count:2500,"label:""usertable""}]",[{count:0}],NULL,0,[{count:2500},{count:2500,"label:""usertable""}]",[{count:0}],NULL,0,[{count:2500},{count:2500,"label:""usertable""}]",[{count:0}],0.5,0.5,0,0,0,75490,331.169691349848,0,12542,5099.38183702759,2620,35327,5947,6427,12542
93,reference,2500,true,uniform,READ,0,0,0,0,0,0,[{count:2500},{count:2500,"label:""usertable""}]",[{count:0}],NULL,0,[{count:2500},{count:2500,"label:""usertable""}]",[{count:0}],NULL,0,[{count:2500},{count:2500,"label:""usertable""}]",[{count:0}],0.5,0.5,0,0,0,75107,332.858455270481,0,12440,814.178536977492,438,31247,1466,1936,12440
93,reference,2500,true,uniform,UPDATE,0,0,0,0,0,0,[{count:2500},{count:2500,"label:""usertable""}]",[{count:0}],NULL,0,[{count:2500},{count:2500,"label:""usertable""}]",[{count:0}],NULL,0,[{count:2500},{count:2500,"label:""usertable""}]",[{count:0}],0.5,0.5,0,0,0,75107,332.858455270481,0,12560,5121.13821656051,3478,33887,5935,6379,12560
93,clean-run,2500,true,uniform,READ,0,0,0,0,0,0,[{count:2500},{count:2500,"label:""usertable""}]",[{count:0}],NULL,0,[{count:2500},{count:2500,"label:""usertable""}]",[{count:0}],NULL,0,[{count:2500},{count:2500,"label:""usertable""}]",[{count:0}],0.5,0.5,0,0,0,83828,298.229708450637,0,12602,1361.2839231868,462,147711,1881,10463,12602
93,clean-run,2500,true,uniform,UPDATE,0,0,0,0,0,0,[{count:2500},{count:2500,"label:""usertable""}]",[{count:0}],NULL,0,[{count:2500},{count:2500,"label:""usertable""}]",[{count:0}],NULL,0,[{count:2500},{count:2500,"label:""usertable""}]",[{count:0}],0.5,0.5,0,0,0,83828,298.229708450637,0,12398,5324.13703823197,2402,416767,6335,10007,12398
93,avg-run,2500,true,uniform,READ,0,0,0,0,0,0,[{count:2500},{count:2500,"label:""usertable""}]",[{count:0}],NULL,0,[{count:2500},{count:2500,"label:""usertable""}]",[{count:0}],NULL,0,[{count:2500},{count:2500,"label:""usertable""}]",[{count:0}],0.5,0.5,0,0,0,65089,384.089477484675,0,12631,710.802074261737,231,190335,1422,2309,12631
93,avg-run,2500,true,uniform,UPDATE,0,0,0,0,0,0,[{count:2500},{count:2500,"label:""usertable""}]",[{count:0}],NULL,0,[{count:2500},{count:2500,"label:""usertable""}]",[{count:0}],NULL,0,[{count:2500},{count:2500,"label:""usertable""}]",[{count:0}],0.5,0.5,0,0,0,65089,384.089477484675,0,12369,4483.90419597381,742,59167,5567,6215,12369
94,extend,2500,true,uniform,EXTEND,0,0,0,0,0,0,[{count:2500},{count:2500,"label:""usertable""}]",[{count:0}],NULL,0,[{count:2500},{count:2500,"label:""usertable""}]",[{count:0}],NULL,0,[{count:2500},{count:2500,"label:""usertable""}]",[{count:0}],0,0,0,0,1,154534,161.776696390438,0,25000,6151.94616,4200,983039,7399,10047,25000
94,run,2500,true,uniform,READ,0,0,0,0,0,0,[{count:2500},{count:2500,"label:""usertable""}]",[{count:0}],NULL,0,[{count:2500},{count:2500,"label:""usertable""}]",[{count:0}],NULL,0,[{count:2500},{count:2500,"label:""usertable""}]",[{count:0}],0.5,0.5,0,0,0,75627,330.569770055668,0,12541,882.914679850092,467,39583,1567,2191,12541
94,run,2500,true,uniform,UPDATE,0,0,0,0,0,0,[{count:2500},{count:2500,"label:""usertable""}]",[{count:0}],NULL,0,[{count:2500},{count:2500,"label:""usertable""}]",[{count:0}],NULL,0,[{count:2500},{count:2500,"label:""usertable""}]",[{count:0}],0.5,0.5,0,0,0,75627,330.569770055668,0,12459,5128.46592824464,3282,34879,5967,6447,12459
94,reference,2500,true,uniform,READ,0,0,0,0,0,0,[{count:2500},{count:2500,"label:""usertable""}]",[{count:0}],NULL,0,[{count:2500},{count:2500,"label:""usertable""}]",[{count:0}],NULL,0,[{count:2500},{count:2500,"label:""usertable""}]",[{count:0}],0.5,0.5,0,0,0,74348,336.256523376554,0,12453,801.356139082952,397,32047,1421,1875,12453
94,reference,2500,true,uniform,UPDATE,0,0,0,0,0,0,[{count:2500},{count:2500,"label:""usertable""}]",[{count:0}],NULL,0,[{count:2500},{count:2500,"label:""usertable""}]",[{count:0}],NULL,0,[{count:2500},{count:2500,"label:""usertable""}]",[{count:0}],0.5,0.5,0,0,0,74348,336.256523376554,0,12547,5077.29879652507,3528,35839,5907,6335,12547
94,clean-run,2500,true,uniform,READ,0,0,0,0,0,0,[{count:2500},{count:2500,"label:""usertable""}]",[{count:0}],NULL,0,[{count:2500},{count:2500,"label:""usertable""}]",[{count:0}],NULL,0,[{count:2500},{count:2500,"label:""usertable""}]",[{count:0}],0.5,0.5,0,0,0,86517,288.960551105563,0,12502,1386.86634138538,486,328447,1898,9743,12502
94,clean-run,2500,true,uniform,UPDATE,0,0,0,0,0,0,[{count:2500},{count:2500,"label:""usertable""}]",[{count:0}],NULL,0,[{count:2500},{count:2500,"label:""usertable""}]",[{count:0}],NULL,0,[{count:2500},{count:2500,"label:""usertable""}]",[{count:0}],0.5,0.5,0,0,0,86517,288.960551105563,0,12498,5481.02408385342,2830,220543,6491,9879,12498
94,avg-run,2500,true,uniform,READ,0,0,0,0,0,0,[{count:2500},{count:2500,"label:""usertable""}]",[{count:0}],NULL,0,[{count:2500},{count:2500,"label:""usertable""}]",[{count:0}],NULL,0,[{count:2500},{count:2500,"label:""usertable""}]",[{count:0}],0.5,0.5,0,0,0,66480,376.052948255114,0,12417,705.998469839736,279,182655,1343,2105,12417
94,avg-run,2500,true,uniform,UPDATE,0,0,0,0,0,0,[{count:2500},{count:2500,"label:""usertable""}]",[{count:0}],NULL,0,[{count:2500},{count:2500,"label:""usertable""}]",[{count:0}],NULL,0,[{count:2500},{count:2500,"label:""usertable""}]",[{count:0}],0.5,0.5,0,0,0,66480,376.052948255114,0,12583,4534.81506794882,1228,49983,5575,6231,12583
95,extend,2500,true,uniform,EXTEND,0,0,0,0,0,0,[{count:2500},{count:2500,"label:""usertable""}]",[{count:0}],NULL,0,[{count:2500},{count:2500,"label:""usertable""}]",[{count:0}],NULL,0,[{count:2500},{count:2500,"label:""usertable""}]",[{count:0}],0,0,0,0,1,154543,161.767275127311,0,25000,6152.52032,2278,993791,7483,10015,25000
95,run,2500,true,uniform,READ,0,0,0,0,0,0,[{count:2500},{count:2500,"label:""usertable""}]",[{count:0}],NULL,0,[{count:2500},{count:2500,"label:""usertable""}]",[{count:0}],NULL,0,[{count:2500},{count:2500,"label:""usertable""}]",[{count:0}],0.5,0.5,0,0,0,76107,328.48489626447,0,12556,883.675294679834,470,35583,1566,2277,12556
95,run,2500,true,uniform,UPDATE,0,0,0,0,0,0,[{count:2500},{count:2500,"label:""usertable""}]",[{count:0}],NULL,0,[{count:2500},{count:2500,"label:""usertable""}]",[{count:0}],NULL,0,[{count:2500},{count:2500,"label:""usertable""}]",[{count:0}],0.5,0.5,0,0,0,76107,328.48489626447,0,12444,5171.56894889103,3238,34751,5999,6575,12444
95,reference,2500,true,uniform,READ,0,0,0,0,0,0,[{count:2500},{count:2500,"label:""usertable""}]",[{count:0}],NULL,0,[{count:2500},{count:2500,"label:""usertable""}]",[{count:0}],NULL,0,[{count:2500},{count:2500,"label:""usertable""}]",[{count:0}],0.5,0.5,0,0,0,74354,336.229389138446,0,12447,793.608741062103,432,30815,1377,1844,12447
95,reference,2500,true,uniform,UPDATE,0,0,0,0,0,0,[{count:2500},{count:2500,"label:""usertable""}]",[{count:0}],NULL,0,[{count:2500},{count:2500,"label:""usertable""}]",[{count:0}],NULL,0,[{count:2500},{count:2500,"label:""usertable""}]",[{count:0}],0.5,0.5,0,0,0,74354,336.229389138446,0,12553,5084.20911335936,1730,34687,5875,6303,12553
95,clean-run,2500,true,uniform,READ,0,0,0,0,0,0,[{count:2500},{count:2500,"label:""usertable""}]",[{count:0}],NULL,0,[{count:2500},{count:2500,"label:""usertable""}]",[{count:0}],NULL,0,[{count:2500},{count:2500,"label:""usertable""}]",[{count:0}],0.5,0.5,0,0,0,88793,281.553726082011,0,12485,1434.87569082899,471,321791,1960,10951,12485
95,clean-run,2500,true,uniform,UPDATE,0,0,0,0,0,0,[{count:2500},{count:2500,"label:""usertable""}]",[{count:0}],NULL,0,[{count:2500},{count:2500,"label:""usertable""}]",[{count:0}],NULL,0,[{count:2500},{count:2500,"label:""usertable""}]",[{count:0}],0.5,0.5,0,0,0,88793,281.553726082011,0,12515,5610.36452257291,3680,196223,6823,10503,12515
95,avg-run,2500,true,uniform,READ,0,0,0,0,0,0,[{count:2500},{count:2500,"label:""usertable""}]",[{count:0}],NULL,0,[{count:2500},{count:2500,"label:""usertable""}]",[{count:0}],NULL,0,[{count:2500},{count:2500,"label:""usertable""}]",[{count:0}],0.5,0.5,0,0,0,66620,375.262683878715,0,12468,748.299486685916,212,170367,1491,2223,12468
95,avg-run,2500,true,uniform,UPDATE,0,0,0,0,0,0,[{count:2500},{count:2500,"label:""usertable""}]",[{count:0}],NULL,0,[{count:2500},{count:2500,"label:""usertable""}]",[{count:0}],NULL,0,[{count:2500},{count:2500,"label:""usertable""}]",[{count:0}],0.5,0.5,0,0,0,66620,375.262683878715,0,12532,4519.04532397064,1200,61791,5507,6127,12532
96,extend,2500,true,uniform,EXTEND,0,0,0,0,0,0,[{count:2500},{count:2500,"label:""usertable""}]",[{count:0}],NULL,0,[{count:2500},{count:2500,"label:""usertable""}]",[{count:0}],NULL,0,[{count:2500},{count:2500,"label:""usertable""}]",[{count:0}],0,0,0,0,1,155279,161.00052164169,0,25000,6181.94204,3918,1032703,7503,10135,25000
96,run,2500,true,uniform,READ,0,0,0,0,0,0,[{count:2500},{count:2500,"label:""usertable""}]",[{count:0}],NULL,0,[{count:2500},{count:2500,"label:""usertable""}]",[{count:0}],NULL,0,[{count:2500},{count:2500,"label:""usertable""}]",[{count:0}],0.5,0.5,0,0,0,76127,328.398597081193,0,12545,889.288162614588,492,32527,1552,2281,12545
96,run,2500,true,uniform,UPDATE,0,0,0,0,0,0,[{count:2500},{count:2500,"label:""usertable""}]",[{count:0}],NULL,0,[{count:2500},{count:2500,"label:""usertable""}]",[{count:0}],NULL,0,[{count:2500},{count:2500,"label:""usertable""}]",[{count:0}],0.5,0.5,0,0,0,76127,328.398597081193,0,12455,5162.96916900843,3548,49343,6019,6519,12455
96,reference,2500,true,uniform,READ,0,0,0,0,0,0,[{count:2500},{count:2500,"label:""usertable""}]",[{count:0}],NULL,0,[{count:2500},{count:2500,"label:""usertable""}]",[{count:0}],NULL,0,[{count:2500},{count:2500,"label:""usertable""}]",[{count:0}],0.5,0.5,0,0,0,75385,331.630961066525,0,12534,802.195149194192,435,6719,1405,1870,12534
96,reference,2500,true,uniform,UPDATE,0,0,0,0,0,0,[{count:2500},{count:2500,"label:""usertable""}]",[{count:0}],NULL,0,[{count:2500},{count:2500,"label:""usertable""}]",[{count:0}],NULL,0,[{count:2500},{count:2500,"label:""usertable""}]",[{count:0}],0.5,0.5,0,0,0,75385,331.630961066525,0,12466,5187.77482753088,1611,276479,5911,6367,12466
96,clean-run,2500,true,uniform,READ,0,0,0,0,0,0,[{count:2500},{count:2500,"label:""usertable""}]",[{count:0}],NULL,0,[{count:2500},{count:2500,"label:""usertable""}]",[{count:0}],NULL,0,[{count:2500},{count:2500,"label:""usertable""}]",[{count:0}],0.5,0.5,0,0,0,85602,292.04925118572,0,12412,1413.58524009024,484,304639,1909,9943,12412
96,clean-run,2500,true,uniform,UPDATE,0,0,0,0,0,0,[{count:2500},{count:2500,"label:""usertable""}]",[{count:0}],NULL,0,[{count:2500},{count:2500,"label:""usertable""}]",[{count:0}],NULL,0,[{count:2500},{count:2500,"label:""usertable""}]",[{count:0}],0.5,0.5,0,0,0,85602,292.04925118572,0,12588,5352.70471877979,2298,225279,6403,9439,12588
96,avg-run,2500,true,uniform,READ,0,0,0,0,0,0,[{count:2500},{count:2500,"label:""usertable""}]",[{count:0}],NULL,0,[{count:2500},{count:2500,"label:""usertable""}]",[{count:0}],NULL,0,[{count:2500},{count:2500,"label:""usertable""}]",[{count:0}],0.5,0.5,0,0,0,65914,379.282094850866,0,12695,697.778731784167,264,52223,1409,2155,12695
96,avg-run,2500,true,uniform,UPDATE,0,0,0,0,0,0,[{count:2500},{count:2500,"label:""usertable""}]",[{count:0}],NULL,0,[{count:2500},{count:2500,"label:""usertable""}]",[{count:0}],NULL,0,[{count:2500},{count:2500,"label:""usertable""}]",[{count:0}],0.5,0.5,0,0,0,65914,379.282094850866,0,12305,4583.13092238927,1155,204415,5611,6239,12305
97,extend,2500,true,uniform,EXTEND,0,0,0,0,0,0,[{count:2500},{count:2500,"label:""usertable""}]",[{count:0}],NULL,0,[{count:2500},{count:2500,"label:""usertable""}]",[{count:0}],NULL,0,[{count:2500},{count:2500,"label:""usertable""}]",[{count:0}],0,0,0,0,1,154338,161.982143088546,0,25000,6145.42148,2952,984063,7579,10111,25000
97,run,2500,true,uniform,READ,0,0,0,0,0,0,[{count:2500},{count:2500,"label:""usertable""}]",[{count:0}],NULL,0,[{count:2500},{count:2500,"label:""usertable""}]",[{count:0}],NULL,0,[{count:2500},{count:2500,"label:""usertable""}]",[{count:0}],0.5,0.5,0,0,0,75727,330.133241776381,0,12538,881.393842718137,480,15391,1545,2189,12538
97,run,2500,true,uniform,UPDATE,0,0,0,0,0,0,[{count:2500},{count:2500,"label:""usertable""}]",[{count:0}],NULL,0,[{count:2500},{count:2500,"label:""usertable""}]",[{count:0}],NULL,0,[{count:2500},{count:2500,"label:""usertable""}]",[{count:0}],0.5,0.5,0,0,0,75727,330.133241776381,0,12462,5135.97977852672,3548,35935,5991,6535,12462
97,reference,2500,true,uniform,READ,0,0,0,0,0,0,[{count:2500},{count:2500,"label:""usertable""}]",[{count:0}],NULL,0,[{count:2500},{count:2500,"label:""usertable""}]",[{count:0}],NULL,0,[{count:2500},{count:2500,"label:""usertable""}]",[{count:0}],0.5,0.5,0,0,0,75991,328.986327328236,0,12397,825.996128095507,425,31279,1484,1958,12397
97,reference,2500,true,uniform,UPDATE,0,0,0,0,0,0,[{count:2500},{count:2500,"label:""usertable""}]",[{count:0}],NULL,0,[{count:2500},{count:2500,"label:""usertable""}]",[{count:0}],NULL,0,[{count:2500},{count:2500,"label:""usertable""}]",[{count:0}],0.5,0.5,0,0,0,75991,328.986327328236,0,12603,5164.85241609141,2070,36831,5967,6475,12603
97,clean-run,2500,true,uniform,READ,0,0,0,0,0,0,[{count:2500},{count:2500,"label:""usertable""}]",[{count:0}],NULL,0,[{count:2500},{count:2500,"label:""usertable""}]",[{count:0}],NULL,0,[{count:2500},{count:2500,"label:""usertable""}]",[{count:0}],0.5,0.5,0,0,0,85696,291.728902165795,0,12472,1458.25601347017,501,153855,1933,12479,12472
97,clean-run,2500,true,uniform,UPDATE,0,0,0,0,0,0,[{count:2500},{count:2500,"label:""usertable""}]",[{count:0}],NULL,0,[{count:2500},{count:2500,"label:""usertable""}]",[{count:0}],NULL,0,[{count:2500},{count:2500,"label:""usertable""}]",[{count:0}],0.5,0.5,0,0,0,85696,291.728902165795,0,12528,5335.12212643678,2122,401663,6387,8751,12528
97,avg-run,2500,true,uniform,READ,0,0,0,0,0,0,[{count:2500},{count:2500,"label:""usertable""}]",[{count:0}],NULL,0,[{count:2500},{count:2500,"label:""usertable""}]",[{count:0}],NULL,0,[{count:2500},{count:2500,"label:""usertable""}]",[{count:0}],0.5,0.5,0,0,0,66644,375.127543364744,0,12352,728.942357512953,276,196351,1421,2477,12352
97,avg-run,2500,true,uniform,UPDATE,0,0,0,0,0,0,[{count:2500},{count:2500,"label:""usertable""}]",[{count:0}],NULL,0,[{count:2500},{count:2500,"label:""usertable""}]",[{count:0}],NULL,0,[{count:2500},{count:2500,"label:""usertable""}]",[{count:0}],0.5,0.5,0,0,0,66644,375.127543364744,0,12648,4505.40662555345,1061,58815,5559,6283,12648
98,extend,2500,true,uniform,EXTEND,0,0,0,0,0,0,[{count:2500},{count:2500,"label:""usertable""}]",[{count:0}],NULL,0,[{count:2500},{count:2500,"label:""usertable""}]",[{count:0}],NULL,0,[{count:2500},{count:2500,"label:""usertable""}]",[{count:0}],0,0,0,0,1,155394,160.881372511165,0,25000,6186.57244,2064,1151999,7579,10023,25000
98,run,2500,true,uniform,READ,0,0,0,0,0,0,[{count:2500},{count:2500,"label:""usertable""}]",[{count:0}],NULL,0,[{count:2500},{count:2500,"label:""usertable""}]",[{count:0}],NULL,0,[{count:2500},{count:2500,"label:""usertable""}]",[{count:0}],0.5,0.5,0,0,0,76718,325.868766130504,0,12539,880.307680038281,482,19519,1506,2075,12539
98,run,2500,true,uniform,UPDATE,0,0,0,0,0,0,[{count:2500},{count:2500,"label:""usertable""}]",[{count:0}],NULL,0,[{count:2500},{count:2500,"label:""usertable""}]",[{count:0}],NULL,0,[{count:2500},{count:2500,"label:""usertable""}]",[{count:0}],0.5,0.5,0,0,0,76718,325.868766130504,0,12461,5217.34989166199,3598,34527,6043,6519,12461
98,reference,2500,true,uniform,READ,0,0,0,0,0,0,[{count:2500},{count:2500,"label:""usertable""}]",[{count:0}],NULL,0,[{count:2500},{count:2500,"label:""usertable""}]",[{count:0}],NULL,0,[{count:2500},{count:2500,"label:""usertable""}]",[{count:0}],0.5,0.5,0,0,0,75527,331.007454287871,0,12459,826.760494421703,410,29967,1477,1966,12459
98,reference,2500,true,uniform,UPDATE,0,0,0,0,0,0,[{count:2500},{count:2500,"label:""usertable""}]",[{count:0}],NULL,0,[{count:2500},{count:2500,"label:""usertable""}]",[{count:0}],NULL,0,[{count:2500},{count:2500,"label:""usertable""}]",[{count:0}],0.5,0.5,0,0,0,75527,331.007454287871,0,12541,5149.3313132924,2426,31423,6007,6483,12541
98,clean-run,2500,true,uniform,READ,0,0,0,0,0,0,[{count:2500},{count:2500,"label:""usertable""}]",[{count:0}],NULL,0,[{count:2500},{count:2500,"label:""usertable""}]",[{count:0}],NULL,0,[{count:2500},{count:2500,"label:""usertable""}]",[{count:0}],0.5,0.5,0,0,0,90012,277.740745678354,0,12425,1397.02358148893,492,312063,1842,9271,12425
98,clean-run,2500,true,uniform,UPDATE,0,0,0,0,0,0,[{count:2500},{count:2500,"label:""usertable""}]",[{count:0}],NULL,0,[{count:2500},{count:2500,"label:""usertable""}]",[{count:0}],NULL,0,[{count:2500},{count:2500,"label:""usertable""}]",[{count:0}],0.5,0.5,0,0,0,90012,277.740745678354,0,12575,5725.25638170974,3584,225791,6807,12767,12575
98,avg-run,2500,true,uniform,READ,0,0,0,0,0,0,[{count:2500},{count:2500,"label:""usertable""}]",[{count:0}],NULL,0,[{count:2500},{count:2500,"label:""usertable""}]",[{count:0}],NULL,0,[{count:2500},{count:2500,"label:""usertable""}]",[{count:0}],0.5,0.5,0,0,0,66164,377.848981319146,0,12509,707.551762730834,268,44607,1401,2125,12509
98,avg-run,2500,true,uniform,UPDATE,0,0,0,0,0,0,[{count:2500},{count:2500,"label:""usertable""}]",[{count:0}],NULL,0,[{count:2500},{count:2500,"label:""usertable""}]",[{count:0}],NULL,0,[{count:2500},{count:2500,"label:""usertable""}]",[{count:0}],0.5,0.5,0,0,0,66164,377.848981319146,0,12491,4536.16123608998,854,193535,5499,6099,12491
99,extend,2500,true,uniform,EXTEND,0,0,0,0,0,0,[{count:2500},{count:2500,"label:""usertable""}]",[{count:0}],NULL,0,[{count:2500},{count:2500,"label:""usertable""}]",[{count:0}],NULL,0,[{count:2500},{count:2500,"label:""usertable""}]",[{count:0}],0,0,0,0,1,157041,159.194095809375,0,25000,6252.76416,2258,966655,7619,10087,25000
99,run,2500,true,uniform,READ,0,0,0,0,0,0,[{count:2500},{count:2500,"label:""usertable""}]",[{count:0}],NULL,0,[{count:2500},{count:2500,"label:""usertable""}]",[{count:0}],NULL,0,[{count:2500},{count:2500,"label:""usertable""}]",[{count:0}],0.5,0.5,0,0,0,77421,322.909804833314,0,12485,904.894753704445,507,10543,1598,2309,12485
99,run,2500,true,uniform,UPDATE,0,0,0,0,0,0,[{count:2500},{count:2500,"label:""usertable""}]",[{count:0}],NULL,0,[{count:2500},{count:2500,"label:""usertable""}]",[{count:0}],NULL,0,[{count:2500},{count:2500,"label:""usertable""}]",[{count:0}],0.5,0.5,0,0,0,77421,322.909804833314,0,12515,5229.51929684379,2330,48639,6095,6675,12515
99,reference,2500,true,uniform,READ,0,0,0,0,0,0,[{count:2500},{count:2500,"label:""usertable""}]",[{count:0}],NULL,0,[{count:2500},{count:2500,"label:""usertable""}]",[{count:0}],NULL,0,[{count:2500},{count:2500,"label:""usertable""}]",[{count:0}],0.5,0.5,0,0,0,77076,324.355181898386,0,12494,824.821194173203,410,30703,1453,1985,12494
99,reference,2500,true,uniform,UPDATE,0,0,0,0,0,0,[{count:2500},{count:2500,"label:""usertable""}]",[{count:0}],NULL,0,[{count:2500},{count:2500,"label:""usertable""}]",[{count:0}],NULL,0,[{count:2500},{count:2500,"label:""usertable""}]",[{count:0}],0.5,0.5,0,0,0,77076,324.355181898386,0,12506,5286.82648328802,1699,271871,6071,6587,12506
99,clean-run,2500,true,uniform,READ,0,0,0,0,0,0,[{count:2500},{count:2500,"label:""usertable""}]",[{count:0}],NULL,0,[{count:2500},{count:2500,"label:""usertable""}]",[{count:0}],NULL,0,[{count:2500},{count:2500,"label:""usertable""}]",[{count:0}],0.5,0.5,0,0,0,89488,279.367065975326,0,12658,1440.82761889714,502,326911,1918,10791,12658
99,clean-run,2500,true,uniform,UPDATE,0,0,0,0,0,0,[{count:2500},{count:2500,"label:""usertable""}]",[{count:0}],NULL,0,[{count:2500},{count:2500,"label:""usertable""}]",[{count:0}],NULL,0,[{count:2500},{count:2500,"label:""usertable""}]",[{count:0}],0.5,0.5,0,0,0,89488,279.367065975326,0,12342,5717.98371414682,3666,231551,6799,11071,12342
99,avg-run,2500,true,uniform,READ,0,0,0,0,0,0,[{count:2500},{count:2500,"label:""usertable""}]",[{count:0}],NULL,0,[{count:2500},{count:2500,"label:""usertable""}]",[{count:0}],NULL,0,[{count:2500},{count:2500,"label:""usertable""}]",[{count:0}],0.5,0.5,0,0,0,65888,379.431762991744,0,12504,721.643154190659,270,183551,1381,2519,12504
99,avg-run,2500,true,uniform,UPDATE,0,0,0,0,0,0,[{count:2500},{count:2500,"label:""usertable""}]",[{count:0}],NULL,0,[{count:2500},{count:2500,"label:""usertable""}]",[{count:0}],NULL,0,[{count:2500},{count:2500,"label:""usertable""}]",[{count:0}],0.5,0.5,0,0,0,65888,379.431762991744,0,12496,4498.00328104994,1185,57151,5491,6115,12496
100,extend,2500,true,uniform,EXTEND,0,0,0,0,0,0,[{count:2500},{count:2500,"label:""usertable""}]",[{count:0}],NULL,0,[{count:2500},{count:2500,"label:""usertable""}]",[{count:0}],NULL,0,[{count:2500},{count:2500,"label:""usertable""}]",[{count:0}],0,0,0,0,1,156957,159.279293054786,0,25000,6249.74548,2368,986623,7647,10079,25000
100,run,2500,true,uniform,READ,0,0,0,0,0,0,[{count:2500},{count:2500,"label:""usertable""}]",[{count:0}],NULL,0,[{count:2500},{count:2500,"label:""usertable""}]",[{count:0}],NULL,0,[{count:2500},{count:2500,"label:""usertable""}]",[{count:0}],0.5,0.5,0,0,0,77607,322.135889803755,0,12487,898.795787619124,500,11975,1575,2183,12487
100,run,2500,true,uniform,UPDATE,0,0,0,0,0,0,[{count:2500},{count:2500,"label:""usertable""}]",[{count:0}],NULL,0,[{count:2500},{count:2500,"label:""usertable""}]",[{count:0}],NULL,0,[{count:2500},{count:2500,"label:""usertable""}]",[{count:0}],0.5,0.5,0,0,0,77607,322.135889803755,0,12513,5252.31615120275,1946,36831,6099,6615,12513
100,reference,2500,true,uniform,READ,0,0,0,0,0,0,[{count:2500},{count:2500,"label:""usertable""}]",[{count:0}],NULL,0,[{count:2500},{count:2500,"label:""usertable""}]",[{count:0}],NULL,0,[{count:2500},{count:2500,"label:""usertable""}]",[{count:0}],0.5,0.5,0,0,0,75674,330.364458070143,0,12578,823.558514867229,425,6483,1464,1963,12578
100,reference,2500,true,uniform,UPDATE,0,0,0,0,0,0,[{count:2500},{count:2500,"label:""usertable""}]",[{count:0}],NULL,0,[{count:2500},{count:2500,"label:""usertable""}]",[{count:0}],NULL,0,[{count:2500},{count:2500,"label:""usertable""}]",[{count:0}],0.5,0.5,0,0,0,75674,330.364458070143,0,12422,5204.87304781839,2198,35839,6027,6459,12422
100,clean-run,2500,true,uniform,READ,0,0,0,0,0,0,[{count:2500},{count:2500,"label:""usertable""}]",[{count:0}],NULL,0,[{count:2500},{count:2500,"label:""usertable""}]",[{count:0}],NULL,0,[{count:2500},{count:2500,"label:""usertable""}]",[{count:0}],0.5,0.5,0,0,0,84391,296.240120391985,0,12508,1411.07603133994,472,349951,1840,10911,12508
100,clean-run,2500,true,uniform,UPDATE,0,0,0,0,0,0,[{count:2500},{count:2500,"label:""usertable""}]",[{count:0}],NULL,0,[{count:2500},{count:2500,"label:""usertable""}]",[{count:0}],NULL,0,[{count:2500},{count:2500,"label:""usertable""}]",[{count:0}],0.5,0.5,0,0,0,84391,296.240120391985,0,12492,5289.29875120077,2298,243327,6295,9135,12492
100,avg-run,2500,true,uniform,READ,0,0,0,0,0,0,[{count:2500},{count:2500,"label:""usertable""}]",[{count:0}],NULL,0,[{count:2500},{count:2500,"label:""usertable""}]",[{count:0}],NULL,0,[{count:2500},{count:2500,"label:""usertable""}]",[{count:0}],0.5,0.5,0,0,0,67864,368.383826476482,0,12514,719.781764423845,279,212735,1375,2233,12514
100,avg-run,2500,true,uniform,UPDATE,0,0,0,0,0,0,[{count:2500},{count:2500,"label:""usertable""}]",[{count:0}],NULL,0,[{count:2500},{count:2500,"label:""usertable""}]",[{count:0}],NULL,0,[{count:2500},{count:2500,"label:""usertable""}]",[{count:0}],0.5,0.5,0,0,0,67864,368.383826476482,0,12486,4661.4658817876,1262,223231,5591,6243,12486
