Epoch,Phase,Recordcount,Readallfields,Requestdist,Operation,page_cache_hits,page_cache_faults,transaction_commits,transaction_rollbacks,nodes_created,nodes_deleted,relationships_created,relationships_deleted,properties_set,index_hits,index_misses,lock_acquisition_time,lock_wait_time,checkpoint_total_time,checkpoint_total_events,log_rotation_events,log_appended_bytes,log_rotation_total_time,transaction_started,transaction_peak_concurrent,transaction_active,transaction_terminated,Readprop,Updateprop,Scanprop,Insertprop,Extendprop,Runtime(ms),Throughput(ops/sec),RETURN=ERROR,Operations,AverageLatency(us),MinLatency(us),MaxLatency(us),95thPercentileLatency(us),99thPercentileLatency(us),Return=OK
0,load,2500,true,uniform,INSERT,0,0,0,0,0,0,[{count:2500},{count:2500,"label:""usertable""}]",[{count:0}],NULL,0,[{count:2500},{count:2500,"label:""usertable""}]",[{count:0}],NULL,0,[{count:2500},{count:2500,"label:""usertable""}]",[{count:0}],0,0,0,1,0,10281,243.167007100477,0,2500,3865.5748,1439,212991,6335,8239,2500
1,extend,2500,true,uniform,EXTEND,0,0,0,0,0,0,[{count:2500},{count:2500,"label:""usertable""}]",[{count:0}],NULL,0,[{count:2500},{count:2500,"label:""usertable""}]",[{count:0}],NULL,0,[{count:2500},{count:2500,"label:""usertable""}]",[{count:0}],0,0,0,0,1,73707,339.180810506465,0,25000,2921.62108,1353,227967,4699,5735,25000
1,run,2500,true,uniform,READ,0,0,0,0,0,0,[{count:2500},{count:2500,"label:""usertable""}]",[{count:0}],NULL,0,[{count:2500},{count:2500,"label:""usertable""}]",[{count:0}],NULL,0,[{count:2500},{count:2500,"label:""usertable""}]",[{count:0}],1,0,0,0,0,9811,2548.16022831516,0,25000,366.68728,134,32575,712,1225,25000
1,reference,2500,true,uniform,READ,0,0,0,0,0,0,[{count:2500},{count:2500,"label:""usertable""}]",[{count:0}],NULL,0,[{count:2500},{count:2500,"label:""usertable""}]",[{count:0}],NULL,0,[{count:2500},{count:2500,"label:""usertable""}]",[{count:0}],1,0,0,0,0,13324,1876.31341939358,0,25000,508.12672,144,139391,1222,2611,25000
1,clean-run,2500,true,uniform,READ,0,0,0,0,0,0,[{count:2500},{count:2500,"label:""usertable""}]",[{count:0}],NULL,0,[{count:2500},{count:2500,"label:""usertable""}]",[{count:0}],NULL,0,[{count:2500},{count:2500,"label:""usertable""}]",[{count:0}],1,0,0,0,0,14962,1670.89961235129,0,25000,572.69484,138,227071,1560,3095,25000
1,avg-run,2500,true,uniform,READ,0,0,0,0,0,0,[{count:2500},{count:2500,"label:""usertable""}]",[{count:0}],NULL,0,[{count:2500},{count:2500,"label:""usertable""}]",[{count:0}],NULL,0,[{count:2500},{count:2500,"label:""usertable""}]",[{count:0}],1,0,0,0,0,12741,1962.1693744604,0,25000,483.24372,136,183551,1122,2235,25000
2,extend,2500,true,uniform,EXTEND,0,0,0,0,0,0,[{count:2500},{count:2500,"label:""usertable""}]",[{count:0}],NULL,0,[{count:2500},{count:2500,"label:""usertable""}]",[{count:0}],NULL,0,[{count:2500},{count:2500,"label:""usertable""}]",[{count:0}],0,0,0,0,1,91473,273.304691001716,0,25000,3630.4424,1422,1008127,5451,7519,25000
2,run,2500,true,uniform,READ,0,0,0,0,0,0,[{count:2500},{count:2500,"label:""usertable""}]",[{count:0}],NULL,0,[{count:2500},{count:2500,"label:""usertable""}]",[{count:0}],NULL,0,[{count:2500},{count:2500,"label:""usertable""}]",[{count:0}],1,0,0,0,0,11114,2249.41515206046,0,25000,418.02996,160,34143,962,2159,25000
2,reference,2500,true,uniform,READ,0,0,0,0,0,0,[{count:2500},{count:2500,"label:""usertable""}]",[{count:0}],NULL,0,[{count:2500},{count:2500,"label:""usertable""}]",[{count:0}],NULL,0,[{count:2500},{count:2500,"label:""usertable""}]",[{count:0}],1,0,0,0,0,9426,2652.23848928496,0,25000,351.6972,153,32463,670,1404,25000
2,clean-run,2500,true,uniform,READ,0,0,0,0,0,0,[{count:2500},{count:2500,"label:""usertable""}]",[{count:0}],NULL,0,[{count:2500},{count:2500,"label:""usertable""}]",[{count:0}],NULL,0,[{count:2500},{count:2500,"label:""usertable""}]",[{count:0}],1,0,0,0,0,15336,1630.1512780386,0,25000,586.916,138,239743,1545,3121,25000
2,avg-run,2500,true,uniform,READ,0,0,0,0,0,0,[{count:2500},{count:2500,"label:""usertable""}]",[{count:0}],NULL,0,[{count:2500},{count:2500,"label:""usertable""}]",[{count:0}],NULL,0,[{count:2500},{count:2500,"label:""usertable""}]",[{count:0}],1,0,0,0,0,12969,1927.67368339887,0,25000,492.49516,154,194943,1208,2439,25000
3,extend,2500,true,uniform,EXTEND,0,0,0,0,0,0,[{count:2500},{count:2500,"label:""usertable""}]",[{count:0}],NULL,0,[{count:2500},{count:2500,"label:""usertable""}]",[{count:0}],NULL,0,[{count:2500},{count:2500,"label:""usertable""}]",[{count:0}],0,0,0,0,1,101308,246.772219370632,0,25000,4022.80396,1431,1017855,5691,7895,25000
3,run,2500,true,uniform,READ,0,0,0,0,0,0,[{count:2500},{count:2500,"label:""usertable""}]",[{count:0}],NULL,0,[{count:2500},{count:2500,"label:""usertable""}]",[{count:0}],NULL,0,[{count:2500},{count:2500,"label:""usertable""}]",[{count:0}],1,0,0,0,0,11288,2214.74131821403,0,25000,425.47868,154,39871,1008,2079,25000
3,reference,2500,true,uniform,READ,0,0,0,0,0,0,[{count:2500},{count:2500,"label:""usertable""}]",[{count:0}],NULL,0,[{count:2500},{count:2500,"label:""usertable""}]",[{count:0}],NULL,0,[{count:2500},{count:2500,"label:""usertable""}]",[{count:0}],1,0,0,0,0,9321,2682.11565282695,0,25000,347.21856,119,31871,682,1100,25000
3,clean-run,2500,true,uniform,READ,0,0,0,0,0,0,[{count:2500},{count:2500,"label:""usertable""}]",[{count:0}],NULL,0,[{count:2500},{count:2500,"label:""usertable""}]",[{count:0}],NULL,0,[{count:2500},{count:2500,"label:""usertable""}]",[{count:0}],1,0,0,0,0,15489,1614.04867970818,0,25000,593.26608,144,238975,1654,3385,25000
3,avg-run,2500,true,uniform,READ,0,0,0,0,0,0,[{count:2500},{count:2500,"label:""usertable""}]",[{count:0}],NULL,0,[{count:2500},{count:2500,"label:""usertable""}]",[{count:0}],NULL,0,[{count:2500},{count:2500,"label:""usertable""}]",[{count:0}],1,0,0,0,0,12706,1967.57437431135,0,25000,482.29996,154,187519,1146,2255,25000
4,extend,2500,true,uniform,EXTEND,0,0,0,0,0,0,[{count:2500},{count:2500,"label:""usertable""}]",[{count:0}],NULL,0,[{count:2500},{count:2500,"label:""usertable""}]",[{count:0}],NULL,0,[{count:2500},{count:2500,"label:""usertable""}]",[{count:0}],0,0,0,0,1,106071,235.691187977864,0,25000,4214.1308,1423,987135,5819,7963,25000
4,run,2500,true,uniform,READ,0,0,0,0,0,0,[{count:2500},{count:2500,"label:""usertable""}]",[{count:0}],NULL,0,[{count:2500},{count:2500,"label:""usertable""}]",[{count:0}],NULL,0,[{count:2500},{count:2500,"label:""usertable""}]",[{count:0}],1,0,0,0,0,11207,2230.74863924333,0,25000,421.92352,158,31743,915,1981,25000
4,reference,2500,true,uniform,READ,0,0,0,0,0,0,[{count:2500},{count:2500,"label:""usertable""}]",[{count:0}],NULL,0,[{count:2500},{count:2500,"label:""usertable""}]",[{count:0}],NULL,0,[{count:2500},{count:2500,"label:""usertable""}]",[{count:0}],1,0,0,0,0,9037,2766.40478034746,0,25000,336.53008,149,33343,640,1025,25000
4,clean-run,2500,true,uniform,READ,0,0,0,0,0,0,[{count:2500},{count:2500,"label:""usertable""}]",[{count:0}],NULL,0,[{count:2500},{count:2500,"label:""usertable""}]",[{count:0}],NULL,0,[{count:2500},{count:2500,"label:""usertable""}]",[{count:0}],1,0,0,0,0,15533,1609.47659821026,0,25000,595.10556,163,232831,1557,3223,25000
4,avg-run,2500,true,uniform,READ,0,0,0,0,0,0,[{count:2500},{count:2500,"label:""usertable""}]",[{count:0}],NULL,0,[{count:2500},{count:2500,"label:""usertable""}]",[{count:0}],NULL,0,[{count:2500},{count:2500,"label:""usertable""}]",[{count:0}],1,0,0,0,0,13382,1868.18113884322,0,25000,509.14444,145,244863,1146,2453,25000
5,extend,2500,true,uniform,EXTEND,0,0,0,0,0,0,[{count:2500},{count:2500,"label:""usertable""}]",[{count:0}],NULL,0,[{count:2500},{count:2500,"label:""usertable""}]",[{count:0}],NULL,0,[{count:2500},{count:2500,"label:""usertable""}]",[{count:0}],0,0,0,0,1,108784,229.81320782468,0,25000,4322.21524,1464,1001983,5891,7983,25000
5,run,2500,true,uniform,READ,0,0,0,0,0,0,[{count:2500},{count:2500,"label:""usertable""}]",[{count:0}],NULL,0,[{count:2500},{count:2500,"label:""usertable""}]",[{count:0}],NULL,0,[{count:2500},{count:2500,"label:""usertable""}]",[{count:0}],1,0,0,0,0,11016,2269.42628903413,0,25000,414.39476,162,31727,874,1808,25000
5,reference,2500,true,uniform,READ,0,0,0,0,0,0,[{count:2500},{count:2500,"label:""usertable""}]",[{count:0}],NULL,0,[{count:2500},{count:2500,"label:""usertable""}]",[{count:0}],NULL,0,[{count:2500},{count:2500,"label:""usertable""}]",[{count:0}],1,0,0,0,0,8943,2795.48250027955,0,25000,332.11504,129,30559,678,1060,25000
5,clean-run,2500,true,uniform,READ,0,0,0,0,0,0,[{count:2500},{count:2500,"label:""usertable""}]",[{count:0}],NULL,0,[{count:2500},{count:2500,"label:""usertable""}]",[{count:0}],NULL,0,[{count:2500},{count:2500,"label:""usertable""}]",[{count:0}],1,0,0,0,0,15843,1577.98396768289,0,25000,607.56672,157,236799,1643,3309,25000
5,avg-run,2500,true,uniform,READ,0,0,0,0,0,0,[{count:2500},{count:2500,"label:""usertable""}]",[{count:0}],NULL,0,[{count:2500},{count:2500,"label:""usertable""}]",[{count:0}],NULL,0,[{count:2500},{count:2500,"label:""usertable""}]",[{count:0}],1,0,0,0,0,12938,1932.29247178853,0,25000,491.80512,156,171007,1162,2457,25000
6,extend,2500,true,uniform,EXTEND,0,0,0,0,0,0,[{count:2500},{count:2500,"label:""usertable""}]",[{count:0}],NULL,0,[{count:2500},{count:2500,"label:""usertable""}]",[{count:0}],NULL,0,[{count:2500},{count:2500,"label:""usertable""}]",[{count:0}],0,0,0,0,1,109491,228.329269072344,0,25000,4350.24368,1499,1025023,5899,8119,25000
6,run,2500,true,uniform,READ,0,0,0,0,0,0,[{count:2500},{count:2500,"label:""usertable""}]",[{count:0}],NULL,0,[{count:2500},{count:2500,"label:""usertable""}]",[{count:0}],NULL,0,[{count:2500},{count:2500,"label:""usertable""}]",[{count:0}],1,0,0,0,0,11409,2191.2525199404,0,25000,430.48292,175,35903,971,1972,25000
6,reference,2500,true,uniform,READ,0,0,0,0,0,0,[{count:2500},{count:2500,"label:""usertable""}]",[{count:0}],NULL,0,[{count:2500},{count:2500,"label:""usertable""}]",[{count:0}],NULL,0,[{count:2500},{count:2500,"label:""usertable""}]",[{count:0}],1,0,0,0,0,9094,2749.06531779195,0,25000,338.74152,121,38335,656,1078,25000
6,clean-run,2500,true,uniform,READ,0,0,0,0,0,0,[{count:2500},{count:2500,"label:""usertable""}]",[{count:0}],NULL,0,[{count:2500},{count:2500,"label:""usertable""}]",[{count:0}],NULL,0,[{count:2500},{count:2500,"label:""usertable""}]",[{count:0}],1,0,0,0,0,15862,1576.09380910352,0,25000,608.21012,177,244863,1637,3253,25000
6,avg-run,2500,true,uniform,READ,0,0,0,0,0,0,[{count:2500},{count:2500,"label:""usertable""}]",[{count:0}],NULL,0,[{count:2500},{count:2500,"label:""usertable""}]",[{count:0}],NULL,0,[{count:2500},{count:2500,"label:""usertable""}]",[{count:0}],1,0,0,0,0,13200,1893.93939393939,0,25000,501.39336,123,184191,1138,2265,25000
7,extend,2500,true,uniform,EXTEND,0,0,0,0,0,0,[{count:2500},{count:2500,"label:""usertable""}]",[{count:0}],NULL,0,[{count:2500},{count:2500,"label:""usertable""}]",[{count:0}],NULL,0,[{count:2500},{count:2500,"label:""usertable""}]",[{count:0}],0,0,0,0,1,109850,227.583067819754,0,25000,4364.48824,1440,1026047,5923,8171,25000
7,run,2500,true,uniform,READ,0,0,0,0,0,0,[{count:2500},{count:2500,"label:""usertable""}]",[{count:0}],NULL,0,[{count:2500},{count:2500,"label:""usertable""}]",[{count:0}],NULL,0,[{count:2500},{count:2500,"label:""usertable""}]",[{count:0}],1,0,0,0,0,11099,2252.455176142,0,25000,417.98228,155,32047,965,2123,25000
7,reference,2500,true,uniform,READ,0,0,0,0,0,0,[{count:2500},{count:2500,"label:""usertable""}]",[{count:0}],NULL,0,[{count:2500},{count:2500,"label:""usertable""}]",[{count:0}],NULL,0,[{count:2500},{count:2500,"label:""usertable""}]",[{count:0}],1,0,0,0,0,9131,2737.92574745373,0,25000,339.54256,138,30175,619,1025,25000
7,clean-run,2500,true,uniform,READ,0,0,0,0,0,0,[{count:2500},{count:2500,"label:""usertable""}]",[{count:0}],NULL,0,[{count:2500},{count:2500,"label:""usertable""}]",[{count:0}],NULL,0,[{count:2500},{count:2500,"label:""usertable""}]",[{count:0}],1,0,0,0,0,15962,1566.2197719584,0,25000,612.03196,155,227455,1551,3407,25000
7,avg-run,2500,true,uniform,READ,0,0,0,0,0,0,[{count:2500},{count:2500,"label:""usertable""}]",[{count:0}],NULL,0,[{count:2500},{count:2500,"label:""usertable""}]",[{count:0}],NULL,0,[{count:2500},{count:2500,"label:""usertable""}]",[{count:0}],1,0,0,0,0,13152,1900.85158150852,0,25000,499.9936,162,203391,1237,2427,25000
8,extend,2500,true,uniform,EXTEND,0,0,0,0,0,0,[{count:2500},{count:2500,"label:""usertable""}]",[{count:0}],NULL,0,[{count:2500},{count:2500,"label:""usertable""}]",[{count:0}],NULL,0,[{count:2500},{count:2500,"label:""usertable""}]",[{count:0}],0,0,0,0,1,109096,229.155972721273,0,25000,4334.76736,1208,981503,5815,8123,25000
8,run,2500,true,uniform,READ,0,0,0,0,0,0,[{count:2500},{count:2500,"label:""usertable""}]",[{count:0}],NULL,0,[{count:2500},{count:2500,"label:""usertable""}]",[{count:0}],NULL,0,[{count:2500},{count:2500,"label:""usertable""}]",[{count:0}],1,0,0,0,0,11373,2198.18869251737,0,25000,428.01552,169,36703,987,2073,25000
8,reference,2500,true,uniform,READ,0,0,0,0,0,0,[{count:2500},{count:2500,"label:""usertable""}]",[{count:0}],NULL,0,[{count:2500},{count:2500,"label:""usertable""}]",[{count:0}],NULL,0,[{count:2500},{count:2500,"label:""usertable""}]",[{count:0}],1,0,0,0,0,9206,2715.62024766457,0,25000,342.88352,152,33887,647,1055,25000
8,clean-run,2500,true,uniform,READ,0,0,0,0,0,0,[{count:2500},{count:2500,"label:""usertable""}]",[{count:0}],NULL,0,[{count:2500},{count:2500,"label:""usertable""}]",[{count:0}],NULL,0,[{count:2500},{count:2500,"label:""usertable""}]",[{count:0}],1,0,0,0,0,15580,1604.62130937099,0,25000,596.99976,165,207103,1578,3325,25000
8,avg-run,2500,true,uniform,READ,0,0,0,0,0,0,[{count:2500},{count:2500,"label:""usertable""}]",[{count:0}],NULL,0,[{count:2500},{count:2500,"label:""usertable""}]",[{count:0}],NULL,0,[{count:2500},{count:2500,"label:""usertable""}]",[{count:0}],1,0,0,0,0,12761,1959.09411488128,0,25000,484.6944,137,179583,1232,2353,25000
9,extend,2500,true,uniform,EXTEND,0,0,0,0,0,0,[{count:2500},{count:2500,"label:""usertable""}]",[{count:0}],NULL,0,[{count:2500},{count:2500,"label:""usertable""}]",[{count:0}],NULL,0,[{count:2500},{count:2500,"label:""usertable""}]",[{count:0}],0,0,0,0,1,110393,226.463634469577,0,25000,4386.73832,1173,961535,5839,8067,25000
9,run,2500,true,uniform,READ,0,0,0,0,0,0,[{count:2500},{count:2500,"label:""usertable""}]",[{count:0}],NULL,0,[{count:2500},{count:2500,"label:""usertable""}]",[{count:0}],NULL,0,[{count:2500},{count:2500,"label:""usertable""}]",[{count:0}],1,0,0,0,0,11494,2175.04785105272,0,25000,434.09636,172,32271,969,2217,25000
9,reference,2500,true,uniform,READ,0,0,0,0,0,0,[{count:2500},{count:2500,"label:""usertable""}]",[{count:0}],NULL,0,[{count:2500},{count:2500,"label:""usertable""}]",[{count:0}],NULL,0,[{count:2500},{count:2500,"label:""usertable""}]",[{count:0}],1,0,0,0,0,8969,2787.37874902442,0,25000,333.62168,150,33503,626,1043,25000
9,clean-run,2500,true,uniform,READ,0,0,0,0,0,0,[{count:2500},{count:2500,"label:""usertable""}]",[{count:0}],NULL,0,[{count:2500},{count:2500,"label:""usertable""}]",[{count:0}],NULL,0,[{count:2500},{count:2500,"label:""usertable""}]",[{count:0}],1,0,0,0,0,15323,1631.53429485088,0,25000,586.5638,162,237439,1635,3409,25000
9,avg-run,2500,true,uniform,READ,0,0,0,0,0,0,[{count:2500},{count:2500,"label:""usertable""}]",[{count:0}],NULL,0,[{count:2500},{count:2500,"label:""usertable""}]",[{count:0}],NULL,0,[{count:2500},{count:2500,"label:""usertable""}]",[{count:0}],1,0,0,0,0,12990,1924.55735180908,0,25000,492.6228,123,199167,1171,2531,25000
10,extend,2500,true,uniform,EXTEND,0,0,0,0,0,0,[{count:2500},{count:2500,"label:""usertable""}]",[{count:0}],NULL,0,[{count:2500},{count:2500,"label:""usertable""}]",[{count:0}],NULL,0,[{count:2500},{count:2500,"label:""usertable""}]",[{count:0}],0,0,0,0,1,112930,221.376073673957,0,25000,4487.97624,1485,1022463,5903,8207,25000
10,run,2500,true,uniform,READ,0,0,0,0,0,0,[{count:2500},{count:2500,"label:""usertable""}]",[{count:0}],NULL,0,[{count:2500},{count:2500,"label:""usertable""}]",[{count:0}],NULL,0,[{count:2500},{count:2500,"label:""usertable""}]",[{count:0}],1,0,0,0,0,11048,2262.85300506879,0,25000,416.99904,180,32719,928,1915,25000
10,reference,2500,true,uniform,READ,0,0,0,0,0,0,[{count:2500},{count:2500,"label:""usertable""}]",[{count:0}],NULL,0,[{count:2500},{count:2500,"label:""usertable""}]",[{count:0}],NULL,0,[{count:2500},{count:2500,"label:""usertable""}]",[{count:0}],1,0,0,0,0,9205,2715.91526344378,0,25000,343.09552,144,32127,629,1033,25000
10,clean-run,2500,true,uniform,READ,0,0,0,0,0,0,[{count:2500},{count:2500,"label:""usertable""}]",[{count:0}],NULL,0,[{count:2500},{count:2500,"label:""usertable""}]",[{count:0}],NULL,0,[{count:2500},{count:2500,"label:""usertable""}]",[{count:0}],1,0,0,0,0,15775,1584.78605388273,0,25000,604.28264,179,245503,1606,3303,25000
10,avg-run,2500,true,uniform,READ,0,0,0,0,0,0,[{count:2500},{count:2500,"label:""usertable""}]",[{count:0}],NULL,0,[{count:2500},{count:2500,"label:""usertable""}]",[{count:0}],NULL,0,[{count:2500},{count:2500,"label:""usertable""}]",[{count:0}],1,0,0,0,0,12758,1959.5547891519,0,25000,484.20856,132,198399,1083,2195,25000
11,extend,2500,true,uniform,EXTEND,0,0,0,0,0,0,[{count:2500},{count:2500,"label:""usertable""}]",[{count:0}],NULL,0,[{count:2500},{count:2500,"label:""usertable""}]",[{count:0}],NULL,0,[{count:2500},{count:2500,"label:""usertable""}]",[{count:0}],0,0,0,0,1,112024,223.166464329072,0,25000,4451.29812,1491,958975,5855,8247,25000
11,run,2500,true,uniform,READ,0,0,0,0,0,0,[{count:2500},{count:2500,"label:""usertable""}]",[{count:0}],NULL,0,[{count:2500},{count:2500,"label:""usertable""}]",[{count:0}],NULL,0,[{count:2500},{count:2500,"label:""usertable""}]",[{count:0}],1,0,0,0,0,11592,2156.65976535542,0,25000,437.89876,187,34847,1061,2163,25000
11,reference,2500,true,uniform,READ,0,0,0,0,0,0,[{count:2500},{count:2500,"label:""usertable""}]",[{count:0}],NULL,0,[{count:2500},{count:2500,"label:""usertable""}]",[{count:0}],NULL,0,[{count:2500},{count:2500,"label:""usertable""}]",[{count:0}],1,0,0,0,0,9067,2757.2515716334,0,25000,337.08404,154,29807,631,1043,25000
11,clean-run,2500,true,uniform,READ,0,0,0,0,0,0,[{count:2500},{count:2500,"label:""usertable""}]",[{count:0}],NULL,0,[{count:2500},{count:2500,"label:""usertable""}]",[{count:0}],NULL,0,[{count:2500},{count:2500,"label:""usertable""}]",[{count:0}],1,0,0,0,0,15392,1624.22037422037,0,25000,590.1912,177,228607,1569,3277,25000
11,avg-run,2500,true,uniform,READ,0,0,0,0,0,0,[{count:2500},{count:2500,"label:""usertable""}]",[{count:0}],NULL,0,[{count:2500},{count:2500,"label:""usertable""}]",[{count:0}],NULL,0,[{count:2500},{count:2500,"label:""usertable""}]",[{count:0}],1,0,0,0,0,13010,1921.59877017679,0,25000,493.18612,162,249215,1193,2593,25000
12,extend,2500,true,uniform,EXTEND,0,0,0,0,0,0,[{count:2500},{count:2500,"label:""usertable""}]",[{count:0}],NULL,0,[{count:2500},{count:2500,"label:""usertable""}]",[{count:0}],NULL,0,[{count:2500},{count:2500,"label:""usertable""}]",[{count:0}],0,0,0,0,1,113295,220.662871265281,0,25000,4502.26368,1527,987135,5859,8439,25000
12,run,2500,true,uniform,READ,0,0,0,0,0,0,[{count:2500},{count:2500,"label:""usertable""}]",[{count:0}],NULL,0,[{count:2500},{count:2500,"label:""usertable""}]",[{count:0}],NULL,0,[{count:2500},{count:2500,"label:""usertable""}]",[{count:0}],1,0,0,0,0,11543,2165.81477952006,0,25000,435.46412,188,32095,1011,2409,25000
12,reference,2500,true,uniform,READ,0,0,0,0,0,0,[{count:2500},{count:2500,"label:""usertable""}]",[{count:0}],NULL,0,[{count:2500},{count:2500,"label:""usertable""}]",[{count:0}],NULL,0,[{count:2500},{count:2500,"label:""usertable""}]",[{count:0}],1,0,0,0,0,8940,2796.42058165548,0,25000,332.22872,141,34303,618,1021,25000
12,clean-run,2500,true,uniform,READ,0,0,0,0,0,0,[{count:2500},{count:2500,"label:""usertable""}]",[{count:0}],NULL,0,[{count:2500},{count:2500,"label:""usertable""}]",[{count:0}],NULL,0,[{count:2500},{count:2500,"label:""usertable""}]",[{count:0}],1,0,0,0,0,16145,1548.46701765252,0,25000,619.43532,154,238975,1597,3267,25000
12,avg-run,2500,true,uniform,READ,0,0,0,0,0,0,[{count:2500},{count:2500,"label:""usertable""}]",[{count:0}],NULL,0,[{count:2500},{count:2500,"label:""usertable""}]",[{count:0}],NULL,0,[{count:2500},{count:2500,"label:""usertable""}]",[{count:0}],1,0,0,0,0,12907,1936.93344696676,0,25000,489.84956,144,197375,1188,2355,25000
13,extend,2500,true,uniform,EXTEND,0,0,0,0,0,0,[{count:2500},{count:2500,"label:""usertable""}]",[{count:0}],NULL,0,[{count:2500},{count:2500,"label:""usertable""}]",[{count:0}],NULL,0,[{count:2500},{count:2500,"label:""usertable""}]",[{count:0}],0,0,0,0,1,116633,214.347568869874,0,25000,4635.49372,1522,996351,6075,8471,25000
13,run,2500,true,uniform,READ,0,0,0,0,0,0,[{count:2500},{count:2500,"label:""usertable""}]",[{count:0}],NULL,0,[{count:2500},{count:2500,"label:""usertable""}]",[{count:0}],NULL,0,[{count:2500},{count:2500,"label:""usertable""}]",[{count:0}],1,0,0,0,0,11594,2156.28773503536,0,25000,438.012,176,34431,1015,2041,25000
13,reference,2500,true,uniform,READ,0,0,0,0,0,0,[{count:2500},{count:2500,"label:""usertable""}]",[{count:0}],NULL,0,[{count:2500},{count:2500,"label:""usertable""}]",[{count:0}],NULL,0,[{count:2500},{count:2500,"label:""usertable""}]",[{count:0}],1,0,0,0,0,9182,2722.71836201263,0,25000,341.7796,141,31439,645,995,25000
13,clean-run,2500,true,uniform,READ,0,0,0,0,0,0,[{count:2500},{count:2500,"label:""usertable""}]",[{count:0}],NULL,0,[{count:2500},{count:2500,"label:""usertable""}]",[{count:0}],NULL,0,[{count:2500},{count:2500,"label:""usertable""}]",[{count:0}],1,0,0,0,0,17317,1443.66807183692,0,25000,666.41144,163,281087,1612,3823,25000
13,avg-run,2500,true,uniform,READ,0,0,0,0,0,0,[{count:2500},{count:2500,"label:""usertable""}]",[{count:0}],NULL,0,[{count:2500},{count:2500,"label:""usertable""}]",[{count:0}],NULL,0,[{count:2500},{count:2500,"label:""usertable""}]",[{count:0}],1,0,0,0,0,13169,1898.39775229706,0,25000,499.80516,157,203647,1139,2465,25000
14,extend,2500,true,uniform,EXTEND,0,0,0,0,0,0,[{count:2500},{count:2500,"label:""usertable""}]",[{count:0}],NULL,0,[{count:2500},{count:2500,"label:""usertable""}]",[{count:0}],NULL,0,[{count:2500},{count:2500,"label:""usertable""}]",[{count:0}],0,0,0,0,1,114949,217.487755439369,0,25000,4569.064,1486,1003007,5895,8319,25000
14,run,2500,true,uniform,READ,0,0,0,0,0,0,[{count:2500},{count:2500,"label:""usertable""}]",[{count:0}],NULL,0,[{count:2500},{count:2500,"label:""usertable""}]",[{count:0}],NULL,0,[{count:2500},{count:2500,"label:""usertable""}]",[{count:0}],1,0,0,0,0,11298,2212.78102318995,0,25000,425.95288,181,33247,953,2175,25000
14,reference,2500,true,uniform,READ,0,0,0,0,0,0,[{count:2500},{count:2500,"label:""usertable""}]",[{count:0}],NULL,0,[{count:2500},{count:2500,"label:""usertable""}]",[{count:0}],NULL,0,[{count:2500},{count:2500,"label:""usertable""}]",[{count:0}],1,0,0,0,0,8885,2813.7310073157,0,25000,330.01416,137,33983,629,1019,25000
14,clean-run,2500,true,uniform,READ,0,0,0,0,0,0,[{count:2500},{count:2500,"label:""usertable""}]",[{count:0}],NULL,0,[{count:2500},{count:2500,"label:""usertable""}]",[{count:0}],NULL,0,[{count:2500},{count:2500,"label:""usertable""}]",[{count:0}],1,0,0,0,0,15463,1616.76259458061,0,25000,592.3768,184,211327,1618,3407,25000
14,avg-run,2500,true,uniform,READ,0,0,0,0,0,0,[{count:2500},{count:2500,"label:""usertable""}]",[{count:0}],NULL,0,[{count:2500},{count:2500,"label:""usertable""}]",[{count:0}],NULL,0,[{count:2500},{count:2500,"label:""usertable""}]",[{count:0}],1,0,0,0,0,13147,1901.57450368905,0,25000,499.59052,156,195583,1170,2395,25000
15,extend,2500,true,uniform,EXTEND,0,0,0,0,0,0,[{count:2500},{count:2500,"label:""usertable""}]",[{count:0}],NULL,0,[{count:2500},{count:2500,"label:""usertable""}]",[{count:0}],NULL,0,[{count:2500},{count:2500,"label:""usertable""}]",[{count:0}],0,0,0,0,1,117942,211.968594733004,0,25000,4687.94732,1593,986111,6091,8367,25000
15,run,2500,true,uniform,READ,0,0,0,0,0,0,[{count:2500},{count:2500,"label:""usertable""}]",[{count:0}],NULL,0,[{count:2500},{count:2500,"label:""usertable""}]",[{count:0}],NULL,0,[{count:2500},{count:2500,"label:""usertable""}]",[{count:0}],1,0,0,0,0,11905,2099.95800083998,0,25000,449.57332,195,38847,954,1873,25000
15,reference,2500,true,uniform,READ,0,0,0,0,0,0,[{count:2500},{count:2500,"label:""usertable""}]",[{count:0}],NULL,0,[{count:2500},{count:2500,"label:""usertable""}]",[{count:0}],NULL,0,[{count:2500},{count:2500,"label:""usertable""}]",[{count:0}],1,0,0,0,0,9110,2744.23710208562,0,25000,338.3286,155,32287,701,1053,25000
15,clean-run,2500,true,uniform,READ,0,0,0,0,0,0,[{count:2500},{count:2500,"label:""usertable""}]",[{count:0}],NULL,0,[{count:2500},{count:2500,"label:""usertable""}]",[{count:0}],NULL,0,[{count:2500},{count:2500,"label:""usertable""}]",[{count:0}],1,0,0,0,0,17862,1399.61930354943,0,25000,687.55244,216,248191,1387,3169,25000
15,avg-run,2500,true,uniform,READ,0,0,0,0,0,0,[{count:2500},{count:2500,"label:""usertable""}]",[{count:0}],NULL,0,[{count:2500},{count:2500,"label:""usertable""}]",[{count:0}],NULL,0,[{count:2500},{count:2500,"label:""usertable""}]",[{count:0}],1,0,0,0,0,13419,1863.03003204412,0,25000,510.09448,168,194687,1336,2613,25000
16,extend,2500,true,uniform,EXTEND,0,0,0,0,0,0,[{count:2500},{count:2500,"label:""usertable""}]",[{count:0}],NULL,0,[{count:2500},{count:2500,"label:""usertable""}]",[{count:0}],NULL,0,[{count:2500},{count:2500,"label:""usertable""}]",[{count:0}],0,0,0,0,1,116890,213.876293951578,0,25000,4646.39448,1608,994303,6011,8343,25000
16,run,2500,true,uniform,READ,0,0,0,0,0,0,[{count:2500},{count:2500,"label:""usertable""}]",[{count:0}],NULL,0,[{count:2500},{count:2500,"label:""usertable""}]",[{count:0}],NULL,0,[{count:2500},{count:2500,"label:""usertable""}]",[{count:0}],1,0,0,0,0,11497,2174.48029920849,0,25000,433.77224,186,32367,913,2026,25000
16,reference,2500,true,uniform,READ,0,0,0,0,0,0,[{count:2500},{count:2500,"label:""usertable""}]",[{count:0}],NULL,0,[{count:2500},{count:2500,"label:""usertable""}]",[{count:0}],NULL,0,[{count:2500},{count:2500,"label:""usertable""}]",[{count:0}],1,0,0,0,0,8995,2779.32184546971,0,25000,334.80828,156,29983,638,1037,25000
16,clean-run,2500,true,uniform,READ,0,0,0,0,0,0,[{count:2500},{count:2500,"label:""usertable""}]",[{count:0}],NULL,0,[{count:2500},{count:2500,"label:""usertable""}]",[{count:0}],NULL,0,[{count:2500},{count:2500,"label:""usertable""}]",[{count:0}],1,0,0,0,0,17976,1390.74321317312,0,25000,692.95216,167,250495,1636,3923,25000
16,avg-run,2500,true,uniform,READ,0,0,0,0,0,0,[{count:2500},{count:2500,"label:""usertable""}]",[{count:0}],NULL,0,[{count:2500},{count:2500,"label:""usertable""}]",[{count:0}],NULL,0,[{count:2500},{count:2500,"label:""usertable""}]",[{count:0}],1,0,0,0,0,13489,1853.36199866558,0,25000,513.41888,163,193791,1264,2555,25000
17,extend,2500,true,uniform,EXTEND,0,0,0,0,0,0,[{count:2500},{count:2500,"label:""usertable""}]",[{count:0}],NULL,0,[{count:2500},{count:2500,"label:""usertable""}]",[{count:0}],NULL,0,[{count:2500},{count:2500,"label:""usertable""}]",[{count:0}],0,0,0,0,1,116926,213.810444212579,0,25000,4647.48612,1581,992767,5991,8239,25000
17,run,2500,true,uniform,READ,0,0,0,0,0,0,[{count:2500},{count:2500,"label:""usertable""}]",[{count:0}],NULL,0,[{count:2500},{count:2500,"label:""usertable""}]",[{count:0}],NULL,0,[{count:2500},{count:2500,"label:""usertable""}]",[{count:0}],1,0,0,0,0,11694,2137.8484693005,0,25000,441.83456,193,33855,988,2095,25000
17,reference,2500,true,uniform,READ,0,0,0,0,0,0,[{count:2500},{count:2500,"label:""usertable""}]",[{count:0}],NULL,0,[{count:2500},{count:2500,"label:""usertable""}]",[{count:0}],NULL,0,[{count:2500},{count:2500,"label:""usertable""}]",[{count:0}],1,0,0,0,0,8878,2815.94953818428,0,25000,330.6066,156,35103,621,1015,25000
17,clean-run,2500,true,uniform,READ,0,0,0,0,0,0,[{count:2500},{count:2500,"label:""usertable""}]",[{count:0}],NULL,0,[{count:2500},{count:2500,"label:""usertable""}]",[{count:0}],NULL,0,[{count:2500},{count:2500,"label:""usertable""}]",[{count:0}],1,0,0,0,0,18147,1377.63817710916,0,25000,699.65752,222,290303,1471,3399,25000
17,avg-run,2500,true,uniform,READ,0,0,0,0,0,0,[{count:2500},{count:2500,"label:""usertable""}]",[{count:0}],NULL,0,[{count:2500},{count:2500,"label:""usertable""}]",[{count:0}],NULL,0,[{count:2500},{count:2500,"label:""usertable""}]",[{count:0}],1,0,0,0,0,13420,1862.8912071535,0,25000,510.3666,166,190719,1294,2553,25000
18,extend,2500,true,uniform,EXTEND,0,0,0,0,0,0,[{count:2500},{count:2500,"label:""usertable""}]",[{count:0}],NULL,0,[{count:2500},{count:2500,"label:""usertable""}]",[{count:0}],NULL,0,[{count:2500},{count:2500,"label:""usertable""}]",[{count:0}],0,0,0,0,1,118853,210.343870158936,0,25000,4724.30972,1605,1021439,6051,8255,25000
18,run,2500,true,uniform,READ,0,0,0,0,0,0,[{count:2500},{count:2500,"label:""usertable""}]",[{count:0}],NULL,0,[{count:2500},{count:2500,"label:""usertable""}]",[{count:0}],NULL,0,[{count:2500},{count:2500,"label:""usertable""}]",[{count:0}],1,0,0,0,0,12120,2062.70627062706,0,25000,457.88432,186,37855,1032,2233,25000
18,reference,2500,true,uniform,READ,0,0,0,0,0,0,[{count:2500},{count:2500,"label:""usertable""}]",[{count:0}],NULL,0,[{count:2500},{count:2500,"label:""usertable""}]",[{count:0}],NULL,0,[{count:2500},{count:2500,"label:""usertable""}]",[{count:0}],1,0,0,0,0,9245,2704.16441319632,0,25000,344.20364,118,30943,640,1049,25000
18,clean-run,2500,true,uniform,READ,0,0,0,0,0,0,[{count:2500},{count:2500,"label:""usertable""}]",[{count:0}],NULL,0,[{count:2500},{count:2500,"label:""usertable""}]",[{count:0}],NULL,0,[{count:2500},{count:2500,"label:""usertable""}]",[{count:0}],1,0,0,0,0,16395,1524.85513876182,0,25000,629.89208,201,234623,1638,3317,25000
18,avg-run,2500,true,uniform,READ,0,0,0,0,0,0,[{count:2500},{count:2500,"label:""usertable""}]",[{count:0}],NULL,0,[{count:2500},{count:2500,"label:""usertable""}]",[{count:0}],NULL,0,[{count:2500},{count:2500,"label:""usertable""}]",[{count:0}],1,0,0,0,0,13756,1817.38877580692,0,25000,523.9584,162,197247,1186,2381,25000
19,extend,2500,true,uniform,EXTEND,0,0,0,0,0,0,[{count:2500},{count:2500,"label:""usertable""}]",[{count:0}],NULL,0,[{count:2500},{count:2500,"label:""usertable""}]",[{count:0}],NULL,0,[{count:2500},{count:2500,"label:""usertable""}]",[{count:0}],0,0,0,0,1,119258,209.62954267219,0,25000,4741.49136,1604,980991,6155,8495,25000
19,run,2500,true,uniform,READ,0,0,0,0,0,0,[{count:2500},{count:2500,"label:""usertable""}]",[{count:0}],NULL,0,[{count:2500},{count:2500,"label:""usertable""}]",[{count:0}],NULL,0,[{count:2500},{count:2500,"label:""usertable""}]",[{count:0}],1,0,0,0,0,11754,2126.9355113153,0,25000,444.01632,171,33631,941,1960,25000
19,reference,2500,true,uniform,READ,0,0,0,0,0,0,[{count:2500},{count:2500,"label:""usertable""}]",[{count:0}],NULL,0,[{count:2500},{count:2500,"label:""usertable""}]",[{count:0}],NULL,0,[{count:2500},{count:2500,"label:""usertable""}]",[{count:0}],1,0,0,0,0,9308,2685.86162440911,0,25000,346.80816,156,30111,645,1029,25000
19,clean-run,2500,true,uniform,READ,0,0,0,0,0,0,[{count:2500},{count:2500,"label:""usertable""}]",[{count:0}],NULL,0,[{count:2500},{count:2500,"label:""usertable""}]",[{count:0}],NULL,0,[{count:2500},{count:2500,"label:""usertable""}]",[{count:0}],1,0,0,0,0,18399,1358.7694983423,0,25000,709.34792,194,297215,1600,3715,25000
19,avg-run,2500,true,uniform,READ,0,0,0,0,0,0,[{count:2500},{count:2500,"label:""usertable""}]",[{count:0}],NULL,0,[{count:2500},{count:2500,"label:""usertable""}]",[{count:0}],NULL,0,[{count:2500},{count:2500,"label:""usertable""}]",[{count:0}],1,0,0,0,0,13268,1884.2327404281,0,25000,504.35944,176,209151,1228,2321,25000
20,extend,2500,true,uniform,EXTEND,0,0,0,0,0,0,[{count:2500},{count:2500,"label:""usertable""}]",[{count:0}],NULL,0,[{count:2500},{count:2500,"label:""usertable""}]",[{count:0}],NULL,0,[{count:2500},{count:2500,"label:""usertable""}]",[{count:0}],0,0,0,0,1,119117,209.877683286181,0,25000,4735.444,1568,995839,6067,8567,25000
20,run,2500,true,uniform,READ,0,0,0,0,0,0,[{count:2500},{count:2500,"label:""usertable""}]",[{count:0}],NULL,0,[{count:2500},{count:2500,"label:""usertable""}]",[{count:0}],NULL,0,[{count:2500},{count:2500,"label:""usertable""}]",[{count:0}],1,0,0,0,0,12160,2055.92105263158,0,25000,459.871,201,37375,996,2339,25000
20,reference,2500,true,uniform,READ,0,0,0,0,0,0,[{count:2500},{count:2500,"label:""usertable""}]",[{count:0}],NULL,0,[{count:2500},{count:2500,"label:""usertable""}]",[{count:0}],NULL,0,[{count:2500},{count:2500,"label:""usertable""}]",[{count:0}],1,0,0,0,0,9094,2749.06531779195,0,25000,338.49908,157,33503,636,1036,25000
20,clean-run,2500,true,uniform,READ,0,0,0,0,0,0,[{count:2500},{count:2500,"label:""usertable""}]",[{count:0}],NULL,0,[{count:2500},{count:2500,"label:""usertable""}]",[{count:0}],NULL,0,[{count:2500},{count:2500,"label:""usertable""}]",[{count:0}],1,0,0,0,0,16112,1551.63853028798,0,25000,618.2868,196,243455,1612,3427,25000
20,avg-run,2500,true,uniform,READ,0,0,0,0,0,0,[{count:2500},{count:2500,"label:""usertable""}]",[{count:0}],NULL,0,[{count:2500},{count:2500,"label:""usertable""}]",[{count:0}],NULL,0,[{count:2500},{count:2500,"label:""usertable""}]",[{count:0}],1,0,0,0,0,13493,1852.81256948047,0,25000,512.78272,175,199807,1210,2375,25000
21,extend,2500,true,uniform,EXTEND,0,0,0,0,0,0,[{count:2500},{count:2500,"label:""usertable""}]",[{count:0}],NULL,0,[{count:2500},{count:2500,"label:""usertable""}]",[{count:0}],NULL,0,[{count:2500},{count:2500,"label:""usertable""}]",[{count:0}],0,0,0,0,1,120254,207.89329253081,0,25000,4781.54388,1622,955903,6067,8439,25000
21,run,2500,true,uniform,READ,0,0,0,0,0,0,[{count:2500},{count:2500,"label:""usertable""}]",[{count:0}],NULL,0,[{count:2500},{count:2500,"label:""usertable""}]",[{count:0}],NULL,0,[{count:2500},{count:2500,"label:""usertable""}]",[{count:0}],1,0,0,0,0,11936,2094.50402144772,0,25000,451.12968,183,36191,919,1899,25000
21,reference,2500,true,uniform,READ,0,0,0,0,0,0,[{count:2500},{count:2500,"label:""usertable""}]",[{count:0}],NULL,0,[{count:2500},{count:2500,"label:""usertable""}]",[{count:0}],NULL,0,[{count:2500},{count:2500,"label:""usertable""}]",[{count:0}],1,0,0,0,0,9204,2716.21034332899,0,25000,343.66788,135,29423,667,1028,25000
21,clean-run,2500,true,uniform,READ,0,0,0,0,0,0,[{count:2500},{count:2500,"label:""usertable""}]",[{count:0}],NULL,0,[{count:2500},{count:2500,"label:""usertable""}]",[{count:0}],NULL,0,[{count:2500},{count:2500,"label:""usertable""}]",[{count:0}],1,0,0,0,0,18589,1344.88138146216,0,25000,718.08932,206,289535,1717,3959,25000
21,avg-run,2500,true,uniform,READ,0,0,0,0,0,0,[{count:2500},{count:2500,"label:""usertable""}]",[{count:0}],NULL,0,[{count:2500},{count:2500,"label:""usertable""}]",[{count:0}],NULL,0,[{count:2500},{count:2500,"label:""usertable""}]",[{count:0}],1,0,0,0,0,13698,1825.08395386188,0,25000,521.23672,176,201087,1206,2565,25000
22,extend,2500,true,uniform,EXTEND,0,0,0,0,0,0,[{count:2500},{count:2500,"label:""usertable""}]",[{count:0}],NULL,0,[{count:2500},{count:2500,"label:""usertable""}]",[{count:0}],NULL,0,[{count:2500},{count:2500,"label:""usertable""}]",[{count:0}],0,0,0,0,1,120401,207.639471432962,0,25000,4786.72164,1590,1022975,6151,8439,25000
22,run,2500,true,uniform,READ,0,0,0,0,0,0,[{count:2500},{count:2500,"label:""usertable""}]",[{count:0}],NULL,0,[{count:2500},{count:2500,"label:""usertable""}]",[{count:0}],NULL,0,[{count:2500},{count:2500,"label:""usertable""}]",[{count:0}],1,0,0,0,0,12276,2036.49397197784,0,25000,464.52672,198,38975,976,1922,25000
22,reference,2500,true,uniform,READ,0,0,0,0,0,0,[{count:2500},{count:2500,"label:""usertable""}]",[{count:0}],NULL,0,[{count:2500},{count:2500,"label:""usertable""}]",[{count:0}],NULL,0,[{count:2500},{count:2500,"label:""usertable""}]",[{count:0}],1,0,0,0,0,9311,2684.99624100526,0,25000,347.26476,151,33439,674,1062,25000
22,clean-run,2500,true,uniform,READ,0,0,0,0,0,0,[{count:2500},{count:2500,"label:""usertable""}]",[{count:0}],NULL,0,[{count:2500},{count:2500,"label:""usertable""}]",[{count:0}],NULL,0,[{count:2500},{count:2500,"label:""usertable""}]",[{count:0}],1,0,0,0,0,16751,1492.44821204704,0,25000,643.09544,214,239999,1701,3355,25000
22,avg-run,2500,true,uniform,READ,0,0,0,0,0,0,[{count:2500},{count:2500,"label:""usertable""}]",[{count:0}],NULL,0,[{count:2500},{count:2500,"label:""usertable""}]",[{count:0}],NULL,0,[{count:2500},{count:2500,"label:""usertable""}]",[{count:0}],1,0,0,0,0,13722,1821.89185249964,0,25000,522.40848,188,249983,1255,2441,25000
23,extend,2500,true,uniform,EXTEND,0,0,0,0,0,0,[{count:2500},{count:2500,"label:""usertable""}]",[{count:0}],NULL,0,[{count:2500},{count:2500,"label:""usertable""}]",[{count:0}],NULL,0,[{count:2500},{count:2500,"label:""usertable""}]",[{count:0}],0,0,0,0,1,120602,207.293411386213,0,25000,4794.47,1761,990207,6159,8527,25000
23,run,2500,true,uniform,READ,0,0,0,0,0,0,[{count:2500},{count:2500,"label:""usertable""}]",[{count:0}],NULL,0,[{count:2500},{count:2500,"label:""usertable""}]",[{count:0}],NULL,0,[{count:2500},{count:2500,"label:""usertable""}]",[{count:0}],1,0,0,0,0,12302,2032.18988782312,0,25000,465.76332,209,34303,980,2187,25000
23,reference,2500,true,uniform,READ,0,0,0,0,0,0,[{count:2500},{count:2500,"label:""usertable""}]",[{count:0}],NULL,0,[{count:2500},{count:2500,"label:""usertable""}]",[{count:0}],NULL,0,[{count:2500},{count:2500,"label:""usertable""}]",[{count:0}],1,0,0,0,0,9318,2682.97918008156,0,25000,347.31224,153,33951,672,1045,25000
23,clean-run,2500,true,uniform,READ,0,0,0,0,0,0,[{count:2500},{count:2500,"label:""usertable""}]",[{count:0}],NULL,0,[{count:2500},{count:2500,"label:""usertable""}]",[{count:0}],NULL,0,[{count:2500},{count:2500,"label:""usertable""}]",[{count:0}],1,0,0,0,0,16618,1504.392827055,0,25000,637.45984,209,226815,1477,3185,25000
23,avg-run,2500,true,uniform,READ,0,0,0,0,0,0,[{count:2500},{count:2500,"label:""usertable""}]",[{count:0}],NULL,0,[{count:2500},{count:2500,"label:""usertable""}]",[{count:0}],NULL,0,[{count:2500},{count:2500,"label:""usertable""}]",[{count:0}],1,0,0,0,0,13701,1824.68432961098,0,25000,521.23588,189,194815,1232,2649,25000
24,extend,2500,true,uniform,EXTEND,0,0,0,0,0,0,[{count:2500},{count:2500,"label:""usertable""}]",[{count:0}],NULL,0,[{count:2500},{count:2500,"label:""usertable""}]",[{count:0}],NULL,0,[{count:2500},{count:2500,"label:""usertable""}]",[{count:0}],0,0,0,0,1,122637,203.853649388031,0,25000,4876.05696,1716,985599,6219,8543,25000
24,run,2500,true,uniform,READ,0,0,0,0,0,0,[{count:2500},{count:2500,"label:""usertable""}]",[{count:0}],NULL,0,[{count:2500},{count:2500,"label:""usertable""}]",[{count:0}],NULL,0,[{count:2500},{count:2500,"label:""usertable""}]",[{count:0}],1,0,0,0,0,12391,2017.59341457509,0,25000,469.31936,203,34783,899,2077,25000
24,reference,2500,true,uniform,READ,0,0,0,0,0,0,[{count:2500},{count:2500,"label:""usertable""}]",[{count:0}],NULL,0,[{count:2500},{count:2500,"label:""usertable""}]",[{count:0}],NULL,0,[{count:2500},{count:2500,"label:""usertable""}]",[{count:0}],1,0,0,0,0,9083,2752.39458328746,0,25000,338.24496,144,29903,656,1025,25000
24,clean-run,2500,true,uniform,READ,0,0,0,0,0,0,[{count:2500},{count:2500,"label:""usertable""}]",[{count:0}],NULL,0,[{count:2500},{count:2500,"label:""usertable""}]",[{count:0}],NULL,0,[{count:2500},{count:2500,"label:""usertable""}]",[{count:0}],1,0,0,0,0,16319,1531.95661498866,0,25000,626.29552,213,234495,1525,3119,25000
24,avg-run,2500,true,uniform,READ,0,0,0,0,0,0,[{count:2500},{count:2500,"label:""usertable""}]",[{count:0}],NULL,0,[{count:2500},{count:2500,"label:""usertable""}]",[{count:0}],NULL,0,[{count:2500},{count:2500,"label:""usertable""}]",[{count:0}],1,0,0,0,0,13699,1824.95072633039,0,25000,521.82548,175,174719,1197,2483,25000
25,extend,2500,true,uniform,EXTEND,0,0,0,0,0,0,[{count:2500},{count:2500,"label:""usertable""}]",[{count:0}],NULL,0,[{count:2500},{count:2500,"label:""usertable""}]",[{count:0}],NULL,0,[{count:2500},{count:2500,"label:""usertable""}]",[{count:0}],0,0,0,0,1,122546,204.005026683858,0,25000,4871.997,1979,1015295,6175,8479,25000
25,run,2500,true,uniform,READ,0,0,0,0,0,0,[{count:2500},{count:2500,"label:""usertable""}]",[{count:0}],NULL,0,[{count:2500},{count:2500,"label:""usertable""}]",[{count:0}],NULL,0,[{count:2500},{count:2500,"label:""usertable""}]",[{count:0}],1,0,0,0,0,12500,2000,0,25000,473.87456,211,36191,983,2255,25000
25,reference,2500,true,uniform,READ,0,0,0,0,0,0,[{count:2500},{count:2500,"label:""usertable""}]",[{count:0}],NULL,0,[{count:2500},{count:2500,"label:""usertable""}]",[{count:0}],NULL,0,[{count:2500},{count:2500,"label:""usertable""}]",[{count:0}],1,0,0,0,0,9502,2631.02504735845,0,25000,354.34032,148,30575,675,1045,25000
25,clean-run,2500,true,uniform,READ,0,0,0,0,0,0,[{count:2500},{count:2500,"label:""usertable""}]",[{count:0}],NULL,0,[{count:2500},{count:2500,"label:""usertable""}]",[{count:0}],NULL,0,[{count:2500},{count:2500,"label:""usertable""}]",[{count:0}],1,0,0,0,0,17078,1463.87164773393,0,25000,656.247,218,228223,1700,3501,25000
25,avg-run,2500,true,uniform,READ,0,0,0,0,0,0,[{count:2500},{count:2500,"label:""usertable""}]",[{count:0}],NULL,0,[{count:2500},{count:2500,"label:""usertable""}]",[{count:0}],NULL,0,[{count:2500},{count:2500,"label:""usertable""}]",[{count:0}],1,0,0,0,0,14063,1777.71457014862,0,25000,535.30384,169,187007,1255,2549,25000
26,extend,2500,true,uniform,EXTEND,0,0,0,0,0,0,[{count:2500},{count:2500,"label:""usertable""}]",[{count:0}],NULL,0,[{count:2500},{count:2500,"label:""usertable""}]",[{count:0}],NULL,0,[{count:2500},{count:2500,"label:""usertable""}]",[{count:0}],0,0,0,0,1,122818,203.553225097298,0,25000,4883.26184,2012,1027071,6223,8431,25000
26,run,2500,true,uniform,READ,0,0,0,0,0,0,[{count:2500},{count:2500,"label:""usertable""}]",[{count:0}],NULL,0,[{count:2500},{count:2500,"label:""usertable""}]",[{count:0}],NULL,0,[{count:2500},{count:2500,"label:""usertable""}]",[{count:0}],1,0,0,0,0,12806,1952.20990160862,0,25000,485.68888,213,36575,1099,2339,25000
26,reference,2500,true,uniform,READ,0,0,0,0,0,0,[{count:2500},{count:2500,"label:""usertable""}]",[{count:0}],NULL,0,[{count:2500},{count:2500,"label:""usertable""}]",[{count:0}],NULL,0,[{count:2500},{count:2500,"label:""usertable""}]",[{count:0}],1,0,0,0,0,9507,2629.64131692437,0,25000,354.6946,151,33311,661,1060,25000
26,clean-run,2500,true,uniform,READ,0,0,0,0,0,0,[{count:2500},{count:2500,"label:""usertable""}]",[{count:0}],NULL,0,[{count:2500},{count:2500,"label:""usertable""}]",[{count:0}],NULL,0,[{count:2500},{count:2500,"label:""usertable""}]",[{count:0}],1,0,0,0,0,18933,1320.44578249617,0,25000,730.07268,219,300287,1637,3333,25000
26,avg-run,2500,true,uniform,READ,0,0,0,0,0,0,[{count:2500},{count:2500,"label:""usertable""}]",[{count:0}],NULL,0,[{count:2500},{count:2500,"label:""usertable""}]",[{count:0}],NULL,0,[{count:2500},{count:2500,"label:""usertable""}]",[{count:0}],1,0,0,0,0,13560,1843.65781710914,0,25000,516.06988,177,226175,1177,2421,25000
27,extend,2500,true,uniform,EXTEND,0,0,0,0,0,0,[{count:2500},{count:2500,"label:""usertable""}]",[{count:0}],NULL,0,[{count:2500},{count:2500,"label:""usertable""}]",[{count:0}],NULL,0,[{count:2500},{count:2500,"label:""usertable""}]",[{count:0}],0,0,0,0,1,124296,201.132779815923,0,25000,4941.87176,3496,1077247,6291,8719,25000
27,run,2500,true,uniform,READ,0,0,0,0,0,0,[{count:2500},{count:2500,"label:""usertable""}]",[{count:0}],NULL,0,[{count:2500},{count:2500,"label:""usertable""}]",[{count:0}],NULL,0,[{count:2500},{count:2500,"label:""usertable""}]",[{count:0}],1,0,0,0,0,12906,1937.08352704169,0,25000,489.18716,212,35647,1057,2281,25000
27,reference,2500,true,uniform,READ,0,0,0,0,0,0,[{count:2500},{count:2500,"label:""usertable""}]",[{count:0}],NULL,0,[{count:2500},{count:2500,"label:""usertable""}]",[{count:0}],NULL,0,[{count:2500},{count:2500,"label:""usertable""}]",[{count:0}],1,0,0,0,0,9314,2684.13141507408,0,25000,347.13372,131,32463,687,1017,25000
27,clean-run,2500,true,uniform,READ,0,0,0,0,0,0,[{count:2500},{count:2500,"label:""usertable""}]",[{count:0}],NULL,0,[{count:2500},{count:2500,"label:""usertable""}]",[{count:0}],NULL,0,[{count:2500},{count:2500,"label:""usertable""}]",[{count:0}],1,0,0,0,0,16820,1486.32580261593,0,25000,647.19056,217,224127,1659,3319,25000
27,avg-run,2500,true,uniform,READ,0,0,0,0,0,0,[{count:2500},{count:2500,"label:""usertable""}]",[{count:0}],NULL,0,[{count:2500},{count:2500,"label:""usertable""}]",[{count:0}],NULL,0,[{count:2500},{count:2500,"label:""usertable""}]",[{count:0}],1,0,0,0,0,14005,1785.07675830061,0,25000,533.5632,170,182655,1190,2461,25000
28,extend,2500,true,uniform,EXTEND,0,0,0,0,0,0,[{count:2500},{count:2500,"label:""usertable""}]",[{count:0}],NULL,0,[{count:2500},{count:2500,"label:""usertable""}]",[{count:0}],NULL,0,[{count:2500},{count:2500,"label:""usertable""}]",[{count:0}],0,0,0,0,1,124650,200.561572402728,0,25000,4957.05944,3528,994815,6275,8647,25000
28,run,2500,true,uniform,READ,0,0,0,0,0,0,[{count:2500},{count:2500,"label:""usertable""}]",[{count:0}],NULL,0,[{count:2500},{count:2500,"label:""usertable""}]",[{count:0}],NULL,0,[{count:2500},{count:2500,"label:""usertable""}]",[{count:0}],1,0,0,0,0,12513,1997.92216095261,0,25000,473.68684,212,31599,927,1968,25000
28,reference,2500,true,uniform,READ,0,0,0,0,0,0,[{count:2500},{count:2500,"label:""usertable""}]",[{count:0}],NULL,0,[{count:2500},{count:2500,"label:""usertable""}]",[{count:0}],NULL,0,[{count:2500},{count:2500,"label:""usertable""}]",[{count:0}],1,0,0,0,0,9155,2730.74822501365,0,25000,341.01984,146,31135,621,1008,25000
28,clean-run,2500,true,uniform,READ,0,0,0,0,0,0,[{count:2500},{count:2500,"label:""usertable""}]",[{count:0}],NULL,0,[{count:2500},{count:2500,"label:""usertable""}]",[{count:0}],NULL,0,[{count:2500},{count:2500,"label:""usertable""}]",[{count:0}],1,0,0,0,0,20056,1246.50977263662,0,25000,776.00604,214,286975,1812,4567,25000
28,avg-run,2500,true,uniform,READ,0,0,0,0,0,0,[{count:2500},{count:2500,"label:""usertable""}]",[{count:0}],NULL,0,[{count:2500},{count:2500,"label:""usertable""}]",[{count:0}],NULL,0,[{count:2500},{count:2500,"label:""usertable""}]",[{count:0}],1,0,0,0,0,13435,1860.81131373279,0,25000,511.25844,182,193151,1165,2283,25000
29,extend,2500,true,uniform,EXTEND,0,0,0,0,0,0,[{count:2500},{count:2500,"label:""usertable""}]",[{count:0}],NULL,0,[{count:2500},{count:2500,"label:""usertable""}]",[{count:0}],NULL,0,[{count:2500},{count:2500,"label:""usertable""}]",[{count:0}],0,0,0,0,1,124730,200.432935139902,0,25000,4960.28592,1733,1013247,6291,8559,25000
29,run,2500,true,uniform,READ,0,0,0,0,0,0,[{count:2500},{count:2500,"label:""usertable""}]",[{count:0}],NULL,0,[{count:2500},{count:2500,"label:""usertable""}]",[{count:0}],NULL,0,[{count:2500},{count:2500,"label:""usertable""}]",[{count:0}],1,0,0,0,0,13000,1923.07692307692,0,25000,493.66516,233,33183,988,2377,25000
29,reference,2500,true,uniform,READ,0,0,0,0,0,0,[{count:2500},{count:2500,"label:""usertable""}]",[{count:0}],NULL,0,[{count:2500},{count:2500,"label:""usertable""}]",[{count:0}],NULL,0,[{count:2500},{count:2500,"label:""usertable""}]",[{count:0}],1,0,0,0,0,9025,2770.08310249308,0,25000,336.52356,142,31999,614,1008,25000
29,clean-run,2500,true,uniform,READ,0,0,0,0,0,0,[{count:2500},{count:2500,"label:""usertable""}]",[{count:0}],NULL,0,[{count:2500},{count:2500,"label:""usertable""}]",[{count:0}],NULL,0,[{count:2500},{count:2500,"label:""usertable""}]",[{count:0}],1,0,0,0,0,17254,1448.93937637649,0,25000,664.03592,228,236031,1642,3491,25000
29,avg-run,2500,true,uniform,READ,0,0,0,0,0,0,[{count:2500},{count:2500,"label:""usertable""}]",[{count:0}],NULL,0,[{count:2500},{count:2500,"label:""usertable""}]",[{count:0}],NULL,0,[{count:2500},{count:2500,"label:""usertable""}]",[{count:0}],1,0,0,0,0,13887,1800.24483329733,0,25000,529.4446,195,194303,1347,2781,25000
30,extend,2500,true,uniform,EXTEND,0,0,0,0,0,0,[{count:2500},{count:2500,"label:""usertable""}]",[{count:0}],NULL,0,[{count:2500},{count:2500,"label:""usertable""}]",[{count:0}],NULL,0,[{count:2500},{count:2500,"label:""usertable""}]",[{count:0}],0,0,0,0,1,123378,202.629318030767,0,25000,4906.29448,3548,990207,6239,8415,25000
30,run,2500,true,uniform,READ,0,0,0,0,0,0,[{count:2500},{count:2500,"label:""usertable""}]",[{count:0}],NULL,0,[{count:2500},{count:2500,"label:""usertable""}]",[{count:0}],NULL,0,[{count:2500},{count:2500,"label:""usertable""}]",[{count:0}],1,0,0,0,0,12604,1983.49730244367,0,25000,478.22012,204,36063,948,2105,25000
30,reference,2500,true,uniform,READ,0,0,0,0,0,0,[{count:2500},{count:2500,"label:""usertable""}]",[{count:0}],NULL,0,[{count:2500},{count:2500,"label:""usertable""}]",[{count:0}],NULL,0,[{count:2500},{count:2500,"label:""usertable""}]",[{count:0}],1,0,0,0,0,9163,2728.36407290189,0,25000,340.75956,152,33695,669,1004,25000
30,clean-run,2500,true,uniform,READ,0,0,0,0,0,0,[{count:2500},{count:2500,"label:""usertable""}]",[{count:0}],NULL,0,[{count:2500},{count:2500,"label:""usertable""}]",[{count:0}],NULL,0,[{count:2500},{count:2500,"label:""usertable""}]",[{count:0}],1,0,0,0,0,18513,1350.40241992114,0,25000,715.3968,227,281343,1642,3479,25000
30,avg-run,2500,true,uniform,READ,0,0,0,0,0,0,[{count:2500},{count:2500,"label:""usertable""}]",[{count:0}],NULL,0,[{count:2500},{count:2500,"label:""usertable""}]",[{count:0}],NULL,0,[{count:2500},{count:2500,"label:""usertable""}]",[{count:0}],1,0,0,0,0,14035,1781.26113288208,0,25000,534.38616,178,223743,1266,2673,25000
31,extend,2500,true,uniform,EXTEND,0,0,0,0,0,0,[{count:2500},{count:2500,"label:""usertable""}]",[{count:0}],NULL,0,[{count:2500},{count:2500,"label:""usertable""}]",[{count:0}],NULL,0,[{count:2500},{count:2500,"label:""usertable""}]",[{count:0}],0,0,0,0,1,125818,198.699709103626,0,25000,5003.20012,3528,1012735,6295,8615,25000
31,run,2500,true,uniform,READ,0,0,0,0,0,0,[{count:2500},{count:2500,"label:""usertable""}]",[{count:0}],NULL,0,[{count:2500},{count:2500,"label:""usertable""}]",[{count:0}],NULL,0,[{count:2500},{count:2500,"label:""usertable""}]",[{count:0}],1,0,0,0,0,12976,1926.63378545006,0,25000,492.76132,227,34879,1024,2115,25000
31,reference,2500,true,uniform,READ,0,0,0,0,0,0,[{count:2500},{count:2500,"label:""usertable""}]",[{count:0}],NULL,0,[{count:2500},{count:2500,"label:""usertable""}]",[{count:0}],NULL,0,[{count:2500},{count:2500,"label:""usertable""}]",[{count:0}],1,0,0,0,0,9166,2727.47108880646,0,25000,341.34988,156,32335,648,1035,25000
31,clean-run,2500,true,uniform,READ,0,0,0,0,0,0,[{count:2500},{count:2500,"label:""usertable""}]",[{count:0}],NULL,0,[{count:2500},{count:2500,"label:""usertable""}]",[{count:0}],NULL,0,[{count:2500},{count:2500,"label:""usertable""}]",[{count:0}],1,0,0,0,0,17331,1442.50187525244,0,25000,666.78756,235,233599,1679,3435,25000
31,avg-run,2500,true,uniform,READ,0,0,0,0,0,0,[{count:2500},{count:2500,"label:""usertable""}]",[{count:0}],NULL,0,[{count:2500},{count:2500,"label:""usertable""}]",[{count:0}],NULL,0,[{count:2500},{count:2500,"label:""usertable""}]",[{count:0}],1,0,0,0,0,13779,1814.35517816968,0,25000,524.62276,193,191231,1164,2585,25000
32,extend,2500,true,uniform,EXTEND,0,0,0,0,0,0,[{count:2500},{count:2500,"label:""usertable""}]",[{count:0}],NULL,0,[{count:2500},{count:2500,"label:""usertable""}]",[{count:0}],NULL,0,[{count:2500},{count:2500,"label:""usertable""}]",[{count:0}],0,0,0,0,1,126419,197.755084283217,0,25000,5027.18816,3544,1029119,6335,8727,25000
32,run,2500,true,uniform,READ,0,0,0,0,0,0,[{count:2500},{count:2500,"label:""usertable""}]",[{count:0}],NULL,0,[{count:2500},{count:2500,"label:""usertable""}]",[{count:0}],NULL,0,[{count:2500},{count:2500,"label:""usertable""}]",[{count:0}],1,0,0,0,0,13105,1907.66882869134,0,25000,497.13464,245,31983,944,1784,25000
32,reference,2500,true,uniform,READ,0,0,0,0,0,0,[{count:2500},{count:2500,"label:""usertable""}]",[{count:0}],NULL,0,[{count:2500},{count:2500,"label:""usertable""}]",[{count:0}],NULL,0,[{count:2500},{count:2500,"label:""usertable""}]",[{count:0}],1,0,0,0,0,9143,2734.33227605819,0,25000,341.23688,112,32543,619,1044,25000
32,clean-run,2500,true,uniform,READ,0,0,0,0,0,0,[{count:2500},{count:2500,"label:""usertable""}]",[{count:0}],NULL,0,[{count:2500},{count:2500,"label:""usertable""}]",[{count:0}],NULL,0,[{count:2500},{count:2500,"label:""usertable""}]",[{count:0}],1,0,0,0,0,16756,1492.0028646455,0,25000,643.94484,222,228095,1640,3291,25000
32,avg-run,2500,true,uniform,READ,0,0,0,0,0,0,[{count:2500},{count:2500,"label:""usertable""}]",[{count:0}],NULL,0,[{count:2500},{count:2500,"label:""usertable""}]",[{count:0}],NULL,0,[{count:2500},{count:2500,"label:""usertable""}]",[{count:0}],1,0,0,0,0,14347,1742.52456959643,0,25000,547.03284,201,195711,1266,2559,25000
33,extend,2500,true,uniform,EXTEND,0,0,0,0,0,0,[{count:2500},{count:2500,"label:""usertable""}]",[{count:0}],NULL,0,[{count:2500},{count:2500,"label:""usertable""}]",[{count:0}],NULL,0,[{count:2500},{count:2500,"label:""usertable""}]",[{count:0}],0,0,0,0,1,125751,198.805576098798,0,25000,5001.26676,3520,1003007,6335,8711,25000
33,run,2500,true,uniform,READ,0,0,0,0,0,0,[{count:2500},{count:2500,"label:""usertable""}]",[{count:0}],NULL,0,[{count:2500},{count:2500,"label:""usertable""}]",[{count:0}],NULL,0,[{count:2500},{count:2500,"label:""usertable""}]",[{count:0}],1,0,0,0,0,12983,1925.59500885774,0,25000,493.45004,202,34719,985,1940,25000
33,reference,2500,true,uniform,READ,0,0,0,0,0,0,[{count:2500},{count:2500,"label:""usertable""}]",[{count:0}],NULL,0,[{count:2500},{count:2500,"label:""usertable""}]",[{count:0}],NULL,0,[{count:2500},{count:2500,"label:""usertable""}]",[{count:0}],1,0,0,0,0,9228,2709.14607715648,0,25000,344.23208,139,32927,623,1026,25000
33,clean-run,2500,true,uniform,READ,0,0,0,0,0,0,[{count:2500},{count:2500,"label:""usertable""}]",[{count:0}],NULL,0,[{count:2500},{count:2500,"label:""usertable""}]",[{count:0}],NULL,0,[{count:2500},{count:2500,"label:""usertable""}]",[{count:0}],1,0,0,0,0,17675,1414.42715700141,0,25000,680.97632,208,228607,1760,3609,25000
33,avg-run,2500,true,uniform,READ,0,0,0,0,0,0,[{count:2500},{count:2500,"label:""usertable""}]",[{count:0}],NULL,0,[{count:2500},{count:2500,"label:""usertable""}]",[{count:0}],NULL,0,[{count:2500},{count:2500,"label:""usertable""}]",[{count:0}],1,0,0,0,0,14250,1754.38596491228,0,25000,543.60296,190,193535,1285,2683,25000
34,extend,2500,true,uniform,EXTEND,0,0,0,0,0,0,[{count:2500},{count:2500,"label:""usertable""}]",[{count:0}],NULL,0,[{count:2500},{count:2500,"label:""usertable""}]",[{count:0}],NULL,0,[{count:2500},{count:2500,"label:""usertable""}]",[{count:0}],0,0,0,0,1,125208,199.667752859242,0,25000,4978.72152,3590,1004031,6295,8719,25000
34,run,2500,true,uniform,READ,0,0,0,0,0,0,[{count:2500},{count:2500,"label:""usertable""}]",[{count:0}],NULL,0,[{count:2500},{count:2500,"label:""usertable""}]",[{count:0}],NULL,0,[{count:2500},{count:2500,"label:""usertable""}]",[{count:0}],1,0,0,0,0,13303,1879.27535142449,0,25000,505.16228,221,38719,1038,2083,25000
34,reference,2500,true,uniform,READ,0,0,0,0,0,0,[{count:2500},{count:2500,"label:""usertable""}]",[{count:0}],NULL,0,[{count:2500},{count:2500,"label:""usertable""}]",[{count:0}],NULL,0,[{count:2500},{count:2500,"label:""usertable""}]",[{count:0}],1,0,0,0,0,9205,2715.91526344378,0,25000,343.02468,142,32959,635,1038,25000
34,clean-run,2500,true,uniform,READ,0,0,0,0,0,0,[{count:2500},{count:2500,"label:""usertable""}]",[{count:0}],NULL,0,[{count:2500},{count:2500,"label:""usertable""}]",[{count:0}],NULL,0,[{count:2500},{count:2500,"label:""usertable""}]",[{count:0}],1,0,0,0,0,17445,1433.07537976498,0,25000,671.55668,234,215551,1707,3433,25000
34,avg-run,2500,true,uniform,READ,0,0,0,0,0,0,[{count:2500},{count:2500,"label:""usertable""}]",[{count:0}],NULL,0,[{count:2500},{count:2500,"label:""usertable""}]",[{count:0}],NULL,0,[{count:2500},{count:2500,"label:""usertable""}]",[{count:0}],1,0,0,0,0,14453,1729.7446896838,0,25000,551.67124,174,192127,1315,2565,25000
35,extend,2500,true,uniform,EXTEND,0,0,0,0,0,0,[{count:2500},{count:2500,"label:""usertable""}]",[{count:0}],NULL,0,[{count:2500},{count:2500,"label:""usertable""}]",[{count:0}],NULL,0,[{count:2500},{count:2500,"label:""usertable""}]",[{count:0}],0,0,0,0,1,128286,194.877071543271,0,25000,5101.284,3554,1001983,6435,8639,25000
35,run,2500,true,uniform,READ,0,0,0,0,0,0,[{count:2500},{count:2500,"label:""usertable""}]",[{count:0}],NULL,0,[{count:2500},{count:2500,"label:""usertable""}]",[{count:0}],NULL,0,[{count:2500},{count:2500,"label:""usertable""}]",[{count:0}],1,0,0,0,0,13707,1823.8856058948,0,25000,522.13908,252,35455,1136,2285,25000
35,reference,2500,true,uniform,READ,0,0,0,0,0,0,[{count:2500},{count:2500,"label:""usertable""}]",[{count:0}],NULL,0,[{count:2500},{count:2500,"label:""usertable""}]",[{count:0}],NULL,0,[{count:2500},{count:2500,"label:""usertable""}]",[{count:0}],1,0,0,0,0,9409,2657.03050271017,0,25000,351.04452,156,29951,646,1058,25000
35,clean-run,2500,true,uniform,READ,0,0,0,0,0,0,[{count:2500},{count:2500,"label:""usertable""}]",[{count:0}],NULL,0,[{count:2500},{count:2500,"label:""usertable""}]",[{count:0}],NULL,0,[{count:2500},{count:2500,"label:""usertable""}]",[{count:0}],1,0,0,0,0,19546,1279.03407346772,0,25000,755.70944,251,301567,1580,3669,25000
35,avg-run,2500,true,uniform,READ,0,0,0,0,0,0,[{count:2500},{count:2500,"label:""usertable""}]",[{count:0}],NULL,0,[{count:2500},{count:2500,"label:""usertable""}]",[{count:0}],NULL,0,[{count:2500},{count:2500,"label:""usertable""}]",[{count:0}],1,0,0,0,0,14134,1768.78449129758,0,25000,539.26824,199,188415,1226,2667,25000
36,extend,2500,true,uniform,EXTEND,0,0,0,0,0,0,[{count:2500},{count:2500,"label:""usertable""}]",[{count:0}],NULL,0,[{count:2500},{count:2500,"label:""usertable""}]",[{count:0}],NULL,0,[{count:2500},{count:2500,"label:""usertable""}]",[{count:0}],0,0,0,0,1,129139,193.589852794276,0,25000,5136.08204,3638,1034239,6511,8887,25000
36,run,2500,true,uniform,READ,0,0,0,0,0,0,[{count:2500},{count:2500,"label:""usertable""}]",[{count:0}],NULL,0,[{count:2500},{count:2500,"label:""usertable""}]",[{count:0}],NULL,0,[{count:2500},{count:2500,"label:""usertable""}]",[{count:0}],1,0,0,0,0,13488,1853.49940688019,0,25000,513.30668,259,31775,1027,2057,25000
36,reference,2500,true,uniform,READ,0,0,0,0,0,0,[{count:2500},{count:2500,"label:""usertable""}]",[{count:0}],NULL,0,[{count:2500},{count:2500,"label:""usertable""}]",[{count:0}],NULL,0,[{count:2500},{count:2500,"label:""usertable""}]",[{count:0}],1,0,0,0,0,9098,2747.856671796,0,25000,338.60348,140,30079,617,1020,25000
36,clean-run,2500,true,uniform,READ,0,0,0,0,0,0,[{count:2500},{count:2500,"label:""usertable""}]",[{count:0}],NULL,0,[{count:2500},{count:2500,"label:""usertable""}]",[{count:0}],NULL,0,[{count:2500},{count:2500,"label:""usertable""}]",[{count:0}],1,0,0,0,0,17444,1433.15753267599,0,25000,671.42452,241,230655,1668,3415,25000
36,avg-run,2500,true,uniform,READ,0,0,0,0,0,0,[{count:2500},{count:2500,"label:""usertable""}]",[{count:0}],NULL,0,[{count:2500},{count:2500,"label:""usertable""}]",[{count:0}],NULL,0,[{count:2500},{count:2500,"label:""usertable""}]",[{count:0}],1,0,0,0,0,13901,1798.43176749874,0,25000,528.99836,207,193407,1208,2587,25000
37,extend,2500,true,uniform,EXTEND,0,0,0,0,0,0,[{count:2500},{count:2500,"label:""usertable""}]",[{count:0}],NULL,0,[{count:2500},{count:2500,"label:""usertable""}]",[{count:0}],NULL,0,[{count:2500},{count:2500,"label:""usertable""}]",[{count:0}],0,0,0,0,1,126481,197.658146282841,0,25000,5030.18548,3568,1023999,6375,8599,25000
37,run,2500,true,uniform,READ,0,0,0,0,0,0,[{count:2500},{count:2500,"label:""usertable""}]",[{count:0}],NULL,0,[{count:2500},{count:2500,"label:""usertable""}]",[{count:0}],NULL,0,[{count:2500},{count:2500,"label:""usertable""}]",[{count:0}],1,0,0,0,0,13618,1835.80555147599,0,25000,518.06496,239,34271,1097,2321,25000
37,reference,2500,true,uniform,READ,0,0,0,0,0,0,[{count:2500},{count:2500,"label:""usertable""}]",[{count:0}],NULL,0,[{count:2500},{count:2500,"label:""usertable""}]",[{count:0}],NULL,0,[{count:2500},{count:2500,"label:""usertable""}]",[{count:0}],1,0,0,0,0,9177,2724.20180887,0,25000,341.53004,155,30111,615,1009,25000
37,clean-run,2500,true,uniform,READ,0,0,0,0,0,0,[{count:2500},{count:2500,"label:""usertable""}]",[{count:0}],NULL,0,[{count:2500},{count:2500,"label:""usertable""}]",[{count:0}],NULL,0,[{count:2500},{count:2500,"label:""usertable""}]",[{count:0}],1,0,0,0,0,17793,1405.04692856741,0,25000,685.15628,252,247551,1696,3397,25000
37,avg-run,2500,true,uniform,READ,0,0,0,0,0,0,[{count:2500},{count:2500,"label:""usertable""}]",[{count:0}],NULL,0,[{count:2500},{count:2500,"label:""usertable""}]",[{count:0}],NULL,0,[{count:2500},{count:2500,"label:""usertable""}]",[{count:0}],1,0,0,0,0,14285,1750.08750437522,0,25000,544.77452,199,197631,1285,2703,25000
38,extend,2500,true,uniform,EXTEND,0,0,0,0,0,0,[{count:2500},{count:2500,"label:""usertable""}]",[{count:0}],NULL,0,[{count:2500},{count:2500,"label:""usertable""}]",[{count:0}],NULL,0,[{count:2500},{count:2500,"label:""usertable""}]",[{count:0}],0,0,0,0,1,127504,196.072280085331,0,25000,5070.85392,3666,969727,6411,8783,25000
38,run,2500,true,uniform,READ,0,0,0,0,0,0,[{count:2500},{count:2500,"label:""usertable""}]",[{count:0}],NULL,0,[{count:2500},{count:2500,"label:""usertable""}]",[{count:0}],NULL,0,[{count:2500},{count:2500,"label:""usertable""}]",[{count:0}],1,0,0,0,0,13593,1839.1819318767,0,25000,517.52272,232,36351,1094,2267,25000
38,reference,2500,true,uniform,READ,0,0,0,0,0,0,[{count:2500},{count:2500,"label:""usertable""}]",[{count:0}],NULL,0,[{count:2500},{count:2500,"label:""usertable""}]",[{count:0}],NULL,0,[{count:2500},{count:2500,"label:""usertable""}]",[{count:0}],1,0,0,0,0,9158,2729.85367984276,0,25000,340.53476,153,31423,583,989,25000
38,clean-run,2500,true,uniform,READ,0,0,0,0,0,0,[{count:2500},{count:2500,"label:""usertable""}]",[{count:0}],NULL,0,[{count:2500},{count:2500,"label:""usertable""}]",[{count:0}],NULL,0,[{count:2500},{count:2500,"label:""usertable""}]",[{count:0}],1,0,0,0,0,17889,1397.50684778355,0,25000,689.46748,273,206847,1564,3291,25000
38,avg-run,2500,true,uniform,READ,0,0,0,0,0,0,[{count:2500},{count:2500,"label:""usertable""}]",[{count:0}],NULL,0,[{count:2500},{count:2500,"label:""usertable""}]",[{count:0}],NULL,0,[{count:2500},{count:2500,"label:""usertable""}]",[{count:0}],1,0,0,0,0,14567,1716.20786709686,0,25000,556.27564,214,194303,1225,2707,25000
39,extend,2500,true,uniform,EXTEND,0,0,0,0,0,0,[{count:2500},{count:2500,"label:""usertable""}]",[{count:0}],NULL,0,[{count:2500},{count:2500,"label:""usertable""}]",[{count:0}],NULL,0,[{count:2500},{count:2500,"label:""usertable""}]",[{count:0}],0,0,0,0,1,130115,192.137724320793,0,25000,5174.58384,3630,1003007,6479,8799,25000
39,run,2500,true,uniform,READ,0,0,0,0,0,0,[{count:2500},{count:2500,"label:""usertable""}]",[{count:0}],NULL,0,[{count:2500},{count:2500,"label:""usertable""}]",[{count:0}],NULL,0,[{count:2500},{count:2500,"label:""usertable""}]",[{count:0}],1,0,0,0,0,13801,1811.4629374683,0,25000,525.71404,252,36607,1006,2149,25000
39,reference,2500,true,uniform,READ,0,0,0,0,0,0,[{count:2500},{count:2500,"label:""usertable""}]",[{count:0}],NULL,0,[{count:2500},{count:2500,"label:""usertable""}]",[{count:0}],NULL,0,[{count:2500},{count:2500,"label:""usertable""}]",[{count:0}],1,0,0,0,0,9089,2750.57762130047,0,25000,338.37132,155,33567,614,1063,25000
39,clean-run,2500,true,uniform,READ,0,0,0,0,0,0,[{count:2500},{count:2500,"label:""usertable""}]",[{count:0}],NULL,0,[{count:2500},{count:2500,"label:""usertable""}]",[{count:0}],NULL,0,[{count:2500},{count:2500,"label:""usertable""}]",[{count:0}],1,0,0,0,0,17836,1401.65956492487,0,25000,686.93172,251,230271,1647,3395,25000
39,avg-run,2500,true,uniform,READ,0,0,0,0,0,0,[{count:2500},{count:2500,"label:""usertable""}]",[{count:0}],NULL,0,[{count:2500},{count:2500,"label:""usertable""}]",[{count:0}],NULL,0,[{count:2500},{count:2500,"label:""usertable""}]",[{count:0}],1,0,0,0,0,14087,1774.68588059913,0,25000,536.61916,204,204159,1278,2731,25000
40,extend,2500,true,uniform,EXTEND,0,0,0,0,0,0,[{count:2500},{count:2500,"label:""usertable""}]",[{count:0}],NULL,0,[{count:2500},{count:2500,"label:""usertable""}]",[{count:0}],NULL,0,[{count:2500},{count:2500,"label:""usertable""}]",[{count:0}],0,0,0,0,1,128260,194.916575705598,0,25000,5101.5684,3708,992255,6539,8895,25000
40,run,2500,true,uniform,READ,0,0,0,0,0,0,[{count:2500},{count:2500,"label:""usertable""}]",[{count:0}],NULL,0,[{count:2500},{count:2500,"label:""usertable""}]",[{count:0}],NULL,0,[{count:2500},{count:2500,"label:""usertable""}]",[{count:0}],1,0,0,0,0,14007,1784.8218747769,0,25000,533.6796,241,32639,1093,2053,25000
40,reference,2500,true,uniform,READ,0,0,0,0,0,0,[{count:2500},{count:2500,"label:""usertable""}]",[{count:0}],NULL,0,[{count:2500},{count:2500,"label:""usertable""}]",[{count:0}],NULL,0,[{count:2500},{count:2500,"label:""usertable""}]",[{count:0}],1,0,0,0,0,9259,2700.07560211686,0,25000,345.41308,143,30383,662,1038,25000
40,clean-run,2500,true,uniform,READ,0,0,0,0,0,0,[{count:2500},{count:2500,"label:""usertable""}]",[{count:0}],NULL,0,[{count:2500},{count:2500,"label:""usertable""}]",[{count:0}],NULL,0,[{count:2500},{count:2500,"label:""usertable""}]",[{count:0}],1,0,0,0,0,18082,1382.59042141356,0,25000,696.86796,264,239103,1575,3361,25000
40,avg-run,2500,true,uniform,READ,0,0,0,0,0,0,[{count:2500},{count:2500,"label:""usertable""}]",[{count:0}],NULL,0,[{count:2500},{count:2500,"label:""usertable""}]",[{count:0}],NULL,0,[{count:2500},{count:2500,"label:""usertable""}]",[{count:0}],1,0,0,0,0,14607,1711.50818100911,0,25000,557.92372,205,199295,1272,2763,25000
41,extend,2500,true,uniform,EXTEND,0,0,0,0,0,0,[{count:2500},{count:2500,"label:""usertable""}]",[{count:0}],NULL,0,[{count:2500},{count:2500,"label:""usertable""}]",[{count:0}],NULL,0,[{count:2500},{count:2500,"label:""usertable""}]",[{count:0}],0,0,0,0,1,129084,193.672337392706,0,25000,5134.22584,3682,1019903,6435,9119,25000
41,run,2500,true,uniform,READ,0,0,0,0,0,0,[{count:2500},{count:2500,"label:""usertable""}]",[{count:0}],NULL,0,[{count:2500},{count:2500,"label:""usertable""}]",[{count:0}],NULL,0,[{count:2500},{count:2500,"label:""usertable""}]",[{count:0}],1,0,0,0,0,14384,1738.04226918799,0,25000,548.92812,269,34463,1080,2513,25000
41,reference,2500,true,uniform,READ,0,0,0,0,0,0,[{count:2500},{count:2500,"label:""usertable""}]",[{count:0}],NULL,0,[{count:2500},{count:2500,"label:""usertable""}]",[{count:0}],NULL,0,[{count:2500},{count:2500,"label:""usertable""}]",[{count:0}],1,0,0,0,0,9057,2760.29590372088,0,25000,336.5804,130,32015,623,1007,25000
41,clean-run,2500,true,uniform,READ,0,0,0,0,0,0,[{count:2500},{count:2500,"label:""usertable""}]",[{count:0}],NULL,0,[{count:2500},{count:2500,"label:""usertable""}]",[{count:0}],NULL,0,[{count:2500},{count:2500,"label:""usertable""}]",[{count:0}],1,0,0,0,0,17609,1419.72854790164,0,25000,677.79548,263,218239,1620,3185,25000
41,avg-run,2500,true,uniform,READ,0,0,0,0,0,0,[{count:2500},{count:2500,"label:""usertable""}]",[{count:0}],NULL,0,[{count:2500},{count:2500,"label:""usertable""}]",[{count:0}],NULL,0,[{count:2500},{count:2500,"label:""usertable""}]",[{count:0}],1,0,0,0,0,14588,1713.73731834384,0,25000,556.54288,205,180351,1267,2671,25000
42,extend,2500,true,uniform,EXTEND,0,0,0,0,0,0,[{count:2500},{count:2500,"label:""usertable""}]",[{count:0}],NULL,0,[{count:2500},{count:2500,"label:""usertable""}]",[{count:0}],NULL,0,[{count:2500},{count:2500,"label:""usertable""}]",[{count:0}],0,0,0,0,1,128961,193.857057560038,0,25000,5129.55808,3702,1015295,6491,9087,25000
42,run,2500,true,uniform,READ,0,0,0,0,0,0,[{count:2500},{count:2500,"label:""usertable""}]",[{count:0}],NULL,0,[{count:2500},{count:2500,"label:""usertable""}]",[{count:0}],NULL,0,[{count:2500},{count:2500,"label:""usertable""}]",[{count:0}],1,0,0,0,0,14211,1759.20061923862,0,25000,542.12804,273,33759,1078,2377,25000
42,reference,2500,true,uniform,READ,0,0,0,0,0,0,[{count:2500},{count:2500,"label:""usertable""}]",[{count:0}],NULL,0,[{count:2500},{count:2500,"label:""usertable""}]",[{count:0}],NULL,0,[{count:2500},{count:2500,"label:""usertable""}]",[{count:0}],1,0,0,0,0,9500,2631.57894736842,0,25000,354.82048,148,30831,647,1012,25000
42,clean-run,2500,true,uniform,READ,0,0,0,0,0,0,[{count:2500},{count:2500,"label:""usertable""}]",[{count:0}],NULL,0,[{count:2500},{count:2500,"label:""usertable""}]",[{count:0}],NULL,0,[{count:2500},{count:2500,"label:""usertable""}]",[{count:0}],1,0,0,0,0,17926,1394.62233627134,0,25000,691.03764,255,237951,1546,3311,25000
42,avg-run,2500,true,uniform,READ,0,0,0,0,0,0,[{count:2500},{count:2500,"label:""usertable""}]",[{count:0}],NULL,0,[{count:2500},{count:2500,"label:""usertable""}]",[{count:0}],NULL,0,[{count:2500},{count:2500,"label:""usertable""}]",[{count:0}],1,0,0,0,0,14203,1760.19150883616,0,25000,540.7068,177,185983,1218,2607,25000
43,extend,2500,true,uniform,EXTEND,0,0,0,0,0,0,[{count:2500},{count:2500,"label:""usertable""}]",[{count:0}],NULL,0,[{count:2500},{count:2500,"label:""usertable""}]",[{count:0}],NULL,0,[{count:2500},{count:2500,"label:""usertable""}]",[{count:0}],0,0,0,0,1,129491,193.06361059842,0,25000,5149.86332,3592,1035263,6459,8735,25000
43,run,2500,true,uniform,READ,0,0,0,0,0,0,[{count:2500},{count:2500,"label:""usertable""}]",[{count:0}],NULL,0,[{count:2500},{count:2500,"label:""usertable""}]",[{count:0}],NULL,0,[{count:2500},{count:2500,"label:""usertable""}]",[{count:0}],1,0,0,0,0,14815,1687.47890651367,0,25000,566.0186,285,34015,1184,2661,25000
43,reference,2500,true,uniform,READ,0,0,0,0,0,0,[{count:2500},{count:2500,"label:""usertable""}]",[{count:0}],NULL,0,[{count:2500},{count:2500,"label:""usertable""}]",[{count:0}],NULL,0,[{count:2500},{count:2500,"label:""usertable""}]",[{count:0}],1,0,0,0,0,9250,2702.7027027027,0,25000,344.81144,160,32239,622,1014,25000
43,clean-run,2500,true,uniform,READ,0,0,0,0,0,0,[{count:2500},{count:2500,"label:""usertable""}]",[{count:0}],NULL,0,[{count:2500},{count:2500,"label:""usertable""}]",[{count:0}],NULL,0,[{count:2500},{count:2500,"label:""usertable""}]",[{count:0}],1,0,0,0,0,18480,1352.81385281385,0,25000,712.54136,285,233471,1592,3289,25000
43,avg-run,2500,true,uniform,READ,0,0,0,0,0,0,[{count:2500},{count:2500,"label:""usertable""}]",[{count:0}],NULL,0,[{count:2500},{count:2500,"label:""usertable""}]",[{count:0}],NULL,0,[{count:2500},{count:2500,"label:""usertable""}]",[{count:0}],1,0,0,0,0,14601,1712.21149236354,0,25000,557.5024,207,188031,1293,2631,25000
44,extend,2500,true,uniform,EXTEND,0,0,0,0,0,0,[{count:2500},{count:2500,"label:""usertable""}]",[{count:0}],NULL,0,[{count:2500},{count:2500,"label:""usertable""}]",[{count:0}],NULL,0,[{count:2500},{count:2500,"label:""usertable""}]",[{count:0}],0,0,0,0,1,130332,191.817819108124,0,25000,5183.52932,3702,1000959,6499,8919,25000
44,run,2500,true,uniform,READ,0,0,0,0,0,0,[{count:2500},{count:2500,"label:""usertable""}]",[{count:0}],NULL,0,[{count:2500},{count:2500,"label:""usertable""}]",[{count:0}],NULL,0,[{count:2500},{count:2500,"label:""usertable""}]",[{count:0}],1,0,0,0,0,14319,1745.93197849012,0,25000,545.62132,283,35359,1164,2381,25000
44,reference,2500,true,uniform,READ,0,0,0,0,0,0,[{count:2500},{count:2500,"label:""usertable""}]",[{count:0}],NULL,0,[{count:2500},{count:2500,"label:""usertable""}]",[{count:0}],NULL,0,[{count:2500},{count:2500,"label:""usertable""}]",[{count:0}],1,0,0,0,0,9390,2662.40681576145,0,25000,350.46004,147,31679,661,1032,25000
44,clean-run,2500,true,uniform,READ,0,0,0,0,0,0,[{count:2500},{count:2500,"label:""usertable""}]",[{count:0}],NULL,0,[{count:2500},{count:2500,"label:""usertable""}]",[{count:0}],NULL,0,[{count:2500},{count:2500,"label:""usertable""}]",[{count:0}],1,0,0,0,0,18898,1322.89131124987,0,25000,729.09572,285,232575,1793,3541,25000
44,avg-run,2500,true,uniform,READ,0,0,0,0,0,0,[{count:2500},{count:2500,"label:""usertable""}]",[{count:0}],NULL,0,[{count:2500},{count:2500,"label:""usertable""}]",[{count:0}],NULL,0,[{count:2500},{count:2500,"label:""usertable""}]",[{count:0}],1,0,0,0,0,14357,1741.31085881452,0,25000,548.18044,202,193535,1153,2527,25000
45,extend,2500,true,uniform,EXTEND,0,0,0,0,0,0,[{count:2500},{count:2500,"label:""usertable""}]",[{count:0}],NULL,0,[{count:2500},{count:2500,"label:""usertable""}]",[{count:0}],NULL,0,[{count:2500},{count:2500,"label:""usertable""}]",[{count:0}],0,0,0,0,1,132371,188.863119565464,0,25000,5265.81416,3382,1016831,6531,8735,25000
45,run,2500,true,uniform,READ,0,0,0,0,0,0,[{count:2500},{count:2500,"label:""usertable""}]",[{count:0}],NULL,0,[{count:2500},{count:2500,"label:""usertable""}]",[{count:0}],NULL,0,[{count:2500},{count:2500,"label:""usertable""}]",[{count:0}],1,0,0,0,0,14512,1722.71223814774,0,25000,554.35052,275,33023,1205,2467,25000
45,reference,2500,true,uniform,READ,0,0,0,0,0,0,[{count:2500},{count:2500,"label:""usertable""}]",[{count:0}],NULL,0,[{count:2500},{count:2500,"label:""usertable""}]",[{count:0}],NULL,0,[{count:2500},{count:2500,"label:""usertable""}]",[{count:0}],1,0,0,0,0,9335,2678.09319764328,0,25000,347.7344,157,32207,644,1018,25000
45,clean-run,2500,true,uniform,READ,0,0,0,0,0,0,[{count:2500},{count:2500,"label:""usertable""}]",[{count:0}],NULL,0,[{count:2500},{count:2500,"label:""usertable""}]",[{count:0}],NULL,0,[{count:2500},{count:2500,"label:""usertable""}]",[{count:0}],1,0,0,0,0,18184,1374.83501979762,0,25000,700.4028,274,239615,1568,3255,25000
45,avg-run,2500,true,uniform,READ,0,0,0,0,0,0,[{count:2500},{count:2500,"label:""usertable""}]",[{count:0}],NULL,0,[{count:2500},{count:2500,"label:""usertable""}]",[{count:0}],NULL,0,[{count:2500},{count:2500,"label:""usertable""}]",[{count:0}],1,0,0,0,0,14322,1745.56626169529,0,25000,545.82032,208,205439,1223,2479,25000
46,extend,2500,true,uniform,EXTEND,0,0,0,0,0,0,[{count:2500},{count:2500,"label:""usertable""}]",[{count:0}],NULL,0,[{count:2500},{count:2500,"label:""usertable""}]",[{count:0}],NULL,0,[{count:2500},{count:2500,"label:""usertable""}]",[{count:0}],0,0,0,0,1,132569,188.58104081648,0,25000,5272.48292,3766,1027583,6611,8831,25000
46,run,2500,true,uniform,READ,0,0,0,0,0,0,[{count:2500},{count:2500,"label:""usertable""}]",[{count:0}],NULL,0,[{count:2500},{count:2500,"label:""usertable""}]",[{count:0}],NULL,0,[{count:2500},{count:2500,"label:""usertable""}]",[{count:0}],1,0,0,0,0,14267,1752.29550711432,0,25000,544.75112,279,39103,1059,2185,25000
46,reference,2500,true,uniform,READ,0,0,0,0,0,0,[{count:2500},{count:2500,"label:""usertable""}]",[{count:0}],NULL,0,[{count:2500},{count:2500,"label:""usertable""}]",[{count:0}],NULL,0,[{count:2500},{count:2500,"label:""usertable""}]",[{count:0}],1,0,0,0,0,9259,2700.07560211686,0,25000,344.83592,157,34911,630,1024,25000
46,clean-run,2500,true,uniform,READ,0,0,0,0,0,0,[{count:2500},{count:2500,"label:""usertable""}]",[{count:0}],NULL,0,[{count:2500},{count:2500,"label:""usertable""}]",[{count:0}],NULL,0,[{count:2500},{count:2500,"label:""usertable""}]",[{count:0}],1,0,0,0,0,18137,1378.39775045487,0,25000,699.39316,282,213247,1500,3321,25000
46,avg-run,2500,true,uniform,READ,0,0,0,0,0,0,[{count:2500},{count:2500,"label:""usertable""}]",[{count:0}],NULL,0,[{count:2500},{count:2500,"label:""usertable""}]",[{count:0}],NULL,0,[{count:2500},{count:2500,"label:""usertable""}]",[{count:0}],1,0,0,0,0,14896,1678.30290010741,0,25000,570.071,219,188799,1296,2779,25000
47,extend,2500,true,uniform,EXTEND,0,0,0,0,0,0,[{count:2500},{count:2500,"label:""usertable""}]",[{count:0}],NULL,0,[{count:2500},{count:2500,"label:""usertable""}]",[{count:0}],NULL,0,[{count:2500},{count:2500,"label:""usertable""}]",[{count:0}],0,0,0,0,1,131753,189.74900002277,0,25000,5240.46608,3352,1015807,6655,8855,25000
47,run,2500,true,uniform,READ,0,0,0,0,0,0,[{count:2500},{count:2500,"label:""usertable""}]",[{count:0}],NULL,0,[{count:2500},{count:2500,"label:""usertable""}]",[{count:0}],NULL,0,[{count:2500},{count:2500,"label:""usertable""}]",[{count:0}],1,0,0,0,0,14419,1733.82342742215,0,25000,551.02488,276,32287,1032,2269,25000
47,reference,2500,true,uniform,READ,0,0,0,0,0,0,[{count:2500},{count:2500,"label:""usertable""}]",[{count:0}],NULL,0,[{count:2500},{count:2500,"label:""usertable""}]",[{count:0}],NULL,0,[{count:2500},{count:2500,"label:""usertable""}]",[{count:0}],1,0,0,0,0,9266,2698.03582991582,0,25000,345.40384,151,29679,631,1036,25000
47,clean-run,2500,true,uniform,READ,0,0,0,0,0,0,[{count:2500},{count:2500,"label:""usertable""}]",[{count:0}],NULL,0,[{count:2500},{count:2500,"label:""usertable""}]",[{count:0}],NULL,0,[{count:2500},{count:2500,"label:""usertable""}]",[{count:0}],1,0,0,0,0,18230,1371.3658804169,0,25000,702.63296,287,238975,1588,3455,25000
47,avg-run,2500,true,uniform,READ,0,0,0,0,0,0,[{count:2500},{count:2500,"label:""usertable""}]",[{count:0}],NULL,0,[{count:2500},{count:2500,"label:""usertable""}]",[{count:0}],NULL,0,[{count:2500},{count:2500,"label:""usertable""}]",[{count:0}],1,0,0,0,0,14717,1698.71577087722,0,25000,562.37096,225,180991,1266,2687,25000
48,extend,2500,true,uniform,EXTEND,0,0,0,0,0,0,[{count:2500},{count:2500,"label:""usertable""}]",[{count:0}],NULL,0,[{count:2500},{count:2500,"label:""usertable""}]",[{count:0}],NULL,0,[{count:2500},{count:2500,"label:""usertable""}]",[{count:0}],0,0,0,0,1,131353,190.326829231156,0,25000,5224.69572,3682,965631,6559,8911,25000
48,run,2500,true,uniform,READ,0,0,0,0,0,0,[{count:2500},{count:2500,"label:""usertable""}]",[{count:0}],NULL,0,[{count:2500},{count:2500,"label:""usertable""}]",[{count:0}],NULL,0,[{count:2500},{count:2500,"label:""usertable""}]",[{count:0}],1,0,0,0,0,14625,1709.40170940171,0,25000,558.09248,269,37183,1083,2201,25000
48,reference,2500,true,uniform,READ,0,0,0,0,0,0,[{count:2500},{count:2500,"label:""usertable""}]",[{count:0}],NULL,0,[{count:2500},{count:2500,"label:""usertable""}]",[{count:0}],NULL,0,[{count:2500},{count:2500,"label:""usertable""}]",[{count:0}],1,0,0,0,0,9190,2720.34820457019,0,25000,342.81404,155,29743,618,1035,25000
48,clean-run,2500,true,uniform,READ,0,0,0,0,0,0,[{count:2500},{count:2500,"label:""usertable""}]",[{count:0}],NULL,0,[{count:2500},{count:2500,"label:""usertable""}]",[{count:0}],NULL,0,[{count:2500},{count:2500,"label:""usertable""}]",[{count:0}],1,0,0,0,0,18826,1327.95070646978,0,25000,726.1056,290,238847,1589,3417,25000
48,avg-run,2500,true,uniform,READ,0,0,0,0,0,0,[{count:2500},{count:2500,"label:""usertable""}]",[{count:0}],NULL,0,[{count:2500},{count:2500,"label:""usertable""}]",[{count:0}],NULL,0,[{count:2500},{count:2500,"label:""usertable""}]",[{count:0}],1,0,0,0,0,14798,1689.41748884984,0,25000,565.21208,222,187775,1245,2745,25000
49,extend,2500,true,uniform,EXTEND,0,0,0,0,0,0,[{count:2500},{count:2500,"label:""usertable""}]",[{count:0}],NULL,0,[{count:2500},{count:2500,"label:""usertable""}]",[{count:0}],NULL,0,[{count:2500},{count:2500,"label:""usertable""}]",[{count:0}],0,0,0,0,1,131293,190.413807285994,0,25000,5222.55472,3760,1008127,6563,8975,25000
49,run,2500,true,uniform,READ,0,0,0,0,0,0,[{count:2500},{count:2500,"label:""usertable""}]",[{count:0}],NULL,0,[{count:2500},{count:2500,"label:""usertable""}]",[{count:0}],NULL,0,[{count:2500},{count:2500,"label:""usertable""}]",[{count:0}],1,0,0,0,0,14826,1686.22689869149,0,25000,566.5048,274,32687,1059,2495,25000
49,reference,2500,true,uniform,READ,0,0,0,0,0,0,[{count:2500},{count:2500,"label:""usertable""}]",[{count:0}],NULL,0,[{count:2500},{count:2500,"label:""usertable""}]",[{count:0}],NULL,0,[{count:2500},{count:2500,"label:""usertable""}]",[{count:0}],1,0,0,0,0,9082,2752.69764369082,0,25000,338.57976,158,32079,633,991,25000
49,clean-run,2500,true,uniform,READ,0,0,0,0,0,0,[{count:2500},{count:2500,"label:""usertable""}]",[{count:0}],NULL,0,[{count:2500},{count:2500,"label:""usertable""}]",[{count:0}],NULL,0,[{count:2500},{count:2500,"label:""usertable""}]",[{count:0}],1,0,0,0,0,18991,1316.41303775473,0,25000,732.99624,303,245759,1580,3229,25000
49,avg-run,2500,true,uniform,READ,0,0,0,0,0,0,[{count:2500},{count:2500,"label:""usertable""}]",[{count:0}],NULL,0,[{count:2500},{count:2500,"label:""usertable""}]",[{count:0}],NULL,0,[{count:2500},{count:2500,"label:""usertable""}]",[{count:0}],1,0,0,0,0,14457,1729.26609946739,0,25000,552.9416,225,193663,1260,2557,25000
50,extend,2500,true,uniform,EXTEND,0,0,0,0,0,0,[{count:2500},{count:2500,"label:""usertable""}]",[{count:0}],NULL,0,[{count:2500},{count:2500,"label:""usertable""}]",[{count:0}],NULL,0,[{count:2500},{count:2500,"label:""usertable""}]",[{count:0}],0,0,0,0,1,132056,189.31362452293,0,25000,5252.20652,3666,1036799,6611,8983,25000
50,run,2500,true,uniform,READ,0,0,0,0,0,0,[{count:2500},{count:2500,"label:""usertable""}]",[{count:0}],NULL,0,[{count:2500},{count:2500,"label:""usertable""}]",[{count:0}],NULL,0,[{count:2500},{count:2500,"label:""usertable""}]",[{count:0}],1,0,0,0,0,14536,1719.86791414419,0,25000,555.2508,267,34143,1092,2289,25000
50,reference,2500,true,uniform,READ,0,0,0,0,0,0,[{count:2500},{count:2500,"label:""usertable""}]",[{count:0}],NULL,0,[{count:2500},{count:2500,"label:""usertable""}]",[{count:0}],NULL,0,[{count:2500},{count:2500,"label:""usertable""}]",[{count:0}],1,0,0,0,0,9437,2649.14697467416,0,25000,352.41856,158,30095,642,1041,25000
50,clean-run,2500,true,uniform,READ,0,0,0,0,0,0,[{count:2500},{count:2500,"label:""usertable""}]",[{count:0}],NULL,0,[{count:2500},{count:2500,"label:""usertable""}]",[{count:0}],NULL,0,[{count:2500},{count:2500,"label:""usertable""}]",[{count:0}],1,0,0,0,0,18118,1379.84324980682,0,25000,698.155,290,240511,1574,3235,25000
50,avg-run,2500,true,uniform,READ,0,0,0,0,0,0,[{count:2500},{count:2500,"label:""usertable""}]",[{count:0}],NULL,0,[{count:2500},{count:2500,"label:""usertable""}]",[{count:0}],NULL,0,[{count:2500},{count:2500,"label:""usertable""}]",[{count:0}],1,0,0,0,0,14475,1727.11571675302,0,25000,552.05408,221,188671,1254,2515,25000
51,extend,2500,true,uniform,EXTEND,0,0,0,0,0,0,[{count:2500},{count:2500,"label:""usertable""}]",[{count:0}],NULL,0,[{count:2500},{count:2500,"label:""usertable""}]",[{count:0}],NULL,0,[{count:2500},{count:2500,"label:""usertable""}]",[{count:0}],0,0,0,0,1,132933,188.064664154123,0,25000,5287.79748,3694,1012223,6643,9031,25000
51,run,2500,true,uniform,READ,0,0,0,0,0,0,[{count:2500},{count:2500,"label:""usertable""}]",[{count:0}],NULL,0,[{count:2500},{count:2500,"label:""usertable""}]",[{count:0}],NULL,0,[{count:2500},{count:2500,"label:""usertable""}]",[{count:0}],1,0,0,0,0,14761,1693.65219158594,0,25000,563.24004,300,34399,1089,2193,25000
51,reference,2500,true,uniform,READ,0,0,0,0,0,0,[{count:2500},{count:2500,"label:""usertable""}]",[{count:0}],NULL,0,[{count:2500},{count:2500,"label:""usertable""}]",[{count:0}],NULL,0,[{count:2500},{count:2500,"label:""usertable""}]",[{count:0}],1,0,0,0,0,9395,2660.98988823842,0,25000,350.30444,158,35615,654,1019,25000
51,clean-run,2500,true,uniform,READ,0,0,0,0,0,0,[{count:2500},{count:2500,"label:""usertable""}]",[{count:0}],NULL,0,[{count:2500},{count:2500,"label:""usertable""}]",[{count:0}],NULL,0,[{count:2500},{count:2500,"label:""usertable""}]",[{count:0}],1,0,0,0,0,18680,1338.32976445396,0,25000,721.5996,317,236287,1536,3315,25000
51,avg-run,2500,true,uniform,READ,0,0,0,0,0,0,[{count:2500},{count:2500,"label:""usertable""}]",[{count:0}],NULL,0,[{count:2500},{count:2500,"label:""usertable""}]",[{count:0}],NULL,0,[{count:2500},{count:2500,"label:""usertable""}]",[{count:0}],1,0,0,0,0,14719,1698.48495142333,0,25000,562.74432,204,193919,1237,2561,25000
52,extend,2500,true,uniform,EXTEND,0,0,0,0,0,0,[{count:2500},{count:2500,"label:""usertable""}]",[{count:0}],NULL,0,[{count:2500},{count:2500,"label:""usertable""}]",[{count:0}],NULL,0,[{count:2500},{count:2500,"label:""usertable""}]",[{count:0}],0,0,0,0,1,135350,184.70631695604,0,25000,5385.03096,3756,1046527,6719,8903,25000
52,run,2500,true,uniform,READ,0,0,0,0,0,0,[{count:2500},{count:2500,"label:""usertable""}]",[{count:0}],NULL,0,[{count:2500},{count:2500,"label:""usertable""}]",[{count:0}],NULL,0,[{count:2500},{count:2500,"label:""usertable""}]",[{count:0}],1,0,0,0,0,14454,1729.62501729625,0,25000,551.12648,286,32335,1102,2279,25000
52,reference,2500,true,uniform,READ,0,0,0,0,0,0,[{count:2500},{count:2500,"label:""usertable""}]",[{count:0}],NULL,0,[{count:2500},{count:2500,"label:""usertable""}]",[{count:0}],NULL,0,[{count:2500},{count:2500,"label:""usertable""}]",[{count:0}],1,0,0,0,0,9272,2696.2899050906,0,25000,345.51036,129,34975,648,1040,25000
52,clean-run,2500,true,uniform,READ,0,0,0,0,0,0,[{count:2500},{count:2500,"label:""usertable""}]",[{count:0}],NULL,0,[{count:2500},{count:2500,"label:""usertable""}]",[{count:0}],NULL,0,[{count:2500},{count:2500,"label:""usertable""}]",[{count:0}],1,0,0,0,0,18708,1336.32670515288,0,25000,721.5216,283,248191,1540,3315,25000
52,avg-run,2500,true,uniform,READ,0,0,0,0,0,0,[{count:2500},{count:2500,"label:""usertable""}]",[{count:0}],NULL,0,[{count:2500},{count:2500,"label:""usertable""}]",[{count:0}],NULL,0,[{count:2500},{count:2500,"label:""usertable""}]",[{count:0}],1,0,0,0,0,14693,1701.49050568298,0,25000,560.81552,225,184191,1220,2433,25000
53,extend,2500,true,uniform,EXTEND,0,0,0,0,0,0,[{count:2500},{count:2500,"label:""usertable""}]",[{count:0}],NULL,0,[{count:2500},{count:2500,"label:""usertable""}]",[{count:0}],NULL,0,[{count:2500},{count:2500,"label:""usertable""}]",[{count:0}],0,0,0,0,1,131605,189.962387447285,0,25000,5235.04372,3282,975871,6583,9063,25000
53,run,2500,true,uniform,READ,0,0,0,0,0,0,[{count:2500},{count:2500,"label:""usertable""}]",[{count:0}],NULL,0,[{count:2500},{count:2500,"label:""usertable""}]",[{count:0}],NULL,0,[{count:2500},{count:2500,"label:""usertable""}]",[{count:0}],1,0,0,0,0,14728,1697.44703965236,0,25000,563.20892,301,36767,1092,2295,25000
53,reference,2500,true,uniform,READ,0,0,0,0,0,0,[{count:2500},{count:2500,"label:""usertable""}]",[{count:0}],NULL,0,[{count:2500},{count:2500,"label:""usertable""}]",[{count:0}],NULL,0,[{count:2500},{count:2500,"label:""usertable""}]",[{count:0}],1,0,0,0,0,9513,2627.98276043309,0,25000,355.37224,138,30911,676,1050,25000
53,clean-run,2500,true,uniform,READ,0,0,0,0,0,0,[{count:2500},{count:2500,"label:""usertable""}]",[{count:0}],NULL,0,[{count:2500},{count:2500,"label:""usertable""}]",[{count:0}],NULL,0,[{count:2500},{count:2500,"label:""usertable""}]",[{count:0}],1,0,0,0,0,19108,1308.35252250366,0,25000,737.52932,303,263935,1707,3459,25000
53,avg-run,2500,true,uniform,READ,0,0,0,0,0,0,[{count:2500},{count:2500,"label:""usertable""}]",[{count:0}],NULL,0,[{count:2500},{count:2500,"label:""usertable""}]",[{count:0}],NULL,0,[{count:2500},{count:2500,"label:""usertable""}]",[{count:0}],1,0,0,0,0,14748,1695.14510442094,0,25000,562.99896,224,193407,1261,2641,25000
54,extend,2500,true,uniform,EXTEND,0,0,0,0,0,0,[{count:2500},{count:2500,"label:""usertable""}]",[{count:0}],NULL,0,[{count:2500},{count:2500,"label:""usertable""}]",[{count:0}],NULL,0,[{count:2500},{count:2500,"label:""usertable""}]",[{count:0}],0,0,0,0,1,134063,186.479490985581,0,25000,5332.81504,3730,1000447,6627,8935,25000
54,run,2500,true,uniform,READ,0,0,0,0,0,0,[{count:2500},{count:2500,"label:""usertable""}]",[{count:0}],NULL,0,[{count:2500},{count:2500,"label:""usertable""}]",[{count:0}],NULL,0,[{count:2500},{count:2500,"label:""usertable""}]",[{count:0}],1,0,0,0,0,14683,1702.64932234557,0,25000,561.08752,289,34175,1093,2257,25000
54,reference,2500,true,uniform,READ,0,0,0,0,0,0,[{count:2500},{count:2500,"label:""usertable""}]",[{count:0}],NULL,0,[{count:2500},{count:2500,"label:""usertable""}]",[{count:0}],NULL,0,[{count:2500},{count:2500,"label:""usertable""}]",[{count:0}],1,0,0,0,0,9593,2606.0669237986,0,25000,358.29864,163,29471,625,1025,25000
54,clean-run,2500,true,uniform,READ,0,0,0,0,0,0,[{count:2500},{count:2500,"label:""usertable""}]",[{count:0}],NULL,0,[{count:2500},{count:2500,"label:""usertable""}]",[{count:0}],NULL,0,[{count:2500},{count:2500,"label:""usertable""}]",[{count:0}],1,0,0,0,0,18475,1353.1799729364,0,25000,712.466,286,238207,1528,3317,25000
54,avg-run,2500,true,uniform,READ,0,0,0,0,0,0,[{count:2500},{count:2500,"label:""usertable""}]",[{count:0}],NULL,0,[{count:2500},{count:2500,"label:""usertable""}]",[{count:0}],NULL,0,[{count:2500},{count:2500,"label:""usertable""}]",[{count:0}],1,0,0,0,0,14848,1683.72844827586,0,25000,566.8118,230,179711,1249,2481,25000
55,extend,2500,true,uniform,EXTEND,0,0,0,0,0,0,[{count:2500},{count:2500,"label:""usertable""}]",[{count:0}],NULL,0,[{count:2500},{count:2500,"label:""usertable""}]",[{count:0}],NULL,0,[{count:2500},{count:2500,"label:""usertable""}]",[{count:0}],0,0,0,0,1,134287,186.168430302263,0,25000,5342.66716,3794,1008127,6695,8991,25000
55,run,2500,true,uniform,READ,0,0,0,0,0,0,[{count:2500},{count:2500,"label:""usertable""}]",[{count:0}],NULL,0,[{count:2500},{count:2500,"label:""usertable""}]",[{count:0}],NULL,0,[{count:2500},{count:2500,"label:""usertable""}]",[{count:0}],1,0,0,0,0,14952,1672.01712145532,0,25000,571.1246,304,32671,1093,2097,25000
55,reference,2500,true,uniform,READ,0,0,0,0,0,0,[{count:2500},{count:2500,"label:""usertable""}]",[{count:0}],NULL,0,[{count:2500},{count:2500,"label:""usertable""}]",[{count:0}],NULL,0,[{count:2500},{count:2500,"label:""usertable""}]",[{count:0}],1,0,0,0,0,9246,2703.8719446247,0,25000,344.71036,158,31551,619,1028,25000
55,clean-run,2500,true,uniform,READ,0,0,0,0,0,0,[{count:2500},{count:2500,"label:""usertable""}]",[{count:0}],NULL,0,[{count:2500},{count:2500,"label:""usertable""}]",[{count:0}],NULL,0,[{count:2500},{count:2500,"label:""usertable""}]",[{count:0}],1,0,0,0,0,18872,1324.71386180585,0,25000,728.27156,314,246783,1592,3297,25000
55,avg-run,2500,true,uniform,READ,0,0,0,0,0,0,[{count:2500},{count:2500,"label:""usertable""}]",[{count:0}],NULL,0,[{count:2500},{count:2500,"label:""usertable""}]",[{count:0}],NULL,0,[{count:2500},{count:2500,"label:""usertable""}]",[{count:0}],1,0,0,0,0,14780,1691.4749661705,0,25000,564.74644,236,194175,1256,2773,25000
56,extend,2500,true,uniform,EXTEND,0,0,0,0,0,0,[{count:2500},{count:2500,"label:""usertable""}]",[{count:0}],NULL,0,[{count:2500},{count:2500,"label:""usertable""}]",[{count:0}],NULL,0,[{count:2500},{count:2500,"label:""usertable""}]",[{count:0}],0,0,0,0,1,135211,184.896199273728,0,25000,5379.04804,3790,984575,6783,9239,25000
56,run,2500,true,uniform,READ,0,0,0,0,0,0,[{count:2500},{count:2500,"label:""usertable""}]",[{count:0}],NULL,0,[{count:2500},{count:2500,"label:""usertable""}]",[{count:0}],NULL,0,[{count:2500},{count:2500,"label:""usertable""}]",[{count:0}],1,0,0,0,0,14711,1699.40860580518,0,25000,562.3184,250,34911,1127,1975,25000
56,reference,2500,true,uniform,READ,0,0,0,0,0,0,[{count:2500},{count:2500,"label:""usertable""}]",[{count:0}],NULL,0,[{count:2500},{count:2500,"label:""usertable""}]",[{count:0}],NULL,0,[{count:2500},{count:2500,"label:""usertable""}]",[{count:0}],1,0,0,0,0,9280,2693.96551724138,0,25000,345.60132,160,31087,635,1052,25000
56,clean-run,2500,true,uniform,READ,0,0,0,0,0,0,[{count:2500},{count:2500,"label:""usertable""}]",[{count:0}],NULL,0,[{count:2500},{count:2500,"label:""usertable""}]",[{count:0}],NULL,0,[{count:2500},{count:2500,"label:""usertable""}]",[{count:0}],1,0,0,0,0,22142,1129.07596423087,0,25000,859.5644,316,297471,1540,4839,25000
56,avg-run,2500,true,uniform,READ,0,0,0,0,0,0,[{count:2500},{count:2500,"label:""usertable""}]",[{count:0}],NULL,0,[{count:2500},{count:2500,"label:""usertable""}]",[{count:0}],NULL,0,[{count:2500},{count:2500,"label:""usertable""}]",[{count:0}],1,0,0,0,0,14537,1719.74960445759,0,25000,555.11484,208,205183,1222,2517,25000
57,extend,2500,true,uniform,EXTEND,0,0,0,0,0,0,[{count:2500},{count:2500,"label:""usertable""}]",[{count:0}],NULL,0,[{count:2500},{count:2500,"label:""usertable""}]",[{count:0}],NULL,0,[{count:2500},{count:2500,"label:""usertable""}]",[{count:0}],0,0,0,0,1,134036,186.51705511952,0,25000,5331.61748,3686,1011711,6715,9031,25000
57,run,2500,true,uniform,READ,0,0,0,0,0,0,[{count:2500},{count:2500,"label:""usertable""}]",[{count:0}],NULL,0,[{count:2500},{count:2500,"label:""usertable""}]",[{count:0}],NULL,0,[{count:2500},{count:2500,"label:""usertable""}]",[{count:0}],1,0,0,0,0,15054,1660.6881891856,0,25000,575.00012,291,33023,1084,2369,25000
57,reference,2500,true,uniform,READ,0,0,0,0,0,0,[{count:2500},{count:2500,"label:""usertable""}]",[{count:0}],NULL,0,[{count:2500},{count:2500,"label:""usertable""}]",[{count:0}],NULL,0,[{count:2500},{count:2500,"label:""usertable""}]",[{count:0}],1,0,0,0,0,9454,2644.38332980749,0,25000,352.17492,151,30639,655,1038,25000
57,clean-run,2500,true,uniform,READ,0,0,0,0,0,0,[{count:2500},{count:2500,"label:""usertable""}]",[{count:0}],NULL,0,[{count:2500},{count:2500,"label:""usertable""}]",[{count:0}],NULL,0,[{count:2500},{count:2500,"label:""usertable""}]",[{count:0}],1,0,0,0,0,18671,1338.97488083124,0,25000,719.8402,265,220159,1586,3343,25000
57,avg-run,2500,true,uniform,READ,0,0,0,0,0,0,[{count:2500},{count:2500,"label:""usertable""}]",[{count:0}],NULL,0,[{count:2500},{count:2500,"label:""usertable""}]",[{count:0}],NULL,0,[{count:2500},{count:2500,"label:""usertable""}]",[{count:0}],1,0,0,0,0,14873,1680.89827203658,0,25000,568.14044,217,191103,1248,2769,25000
58,extend,2500,true,uniform,EXTEND,0,0,0,0,0,0,[{count:2500},{count:2500,"label:""usertable""}]",[{count:0}],NULL,0,[{count:2500},{count:2500,"label:""usertable""}]",[{count:0}],NULL,0,[{count:2500},{count:2500,"label:""usertable""}]",[{count:0}],0,0,0,0,1,135417,184.614930178633,0,25000,5387.32112,3774,1044479,6715,9143,25000
58,run,2500,true,uniform,READ,0,0,0,0,0,0,[{count:2500},{count:2500,"label:""usertable""}]",[{count:0}],NULL,0,[{count:2500},{count:2500,"label:""usertable""}]",[{count:0}],NULL,0,[{count:2500},{count:2500,"label:""usertable""}]",[{count:0}],1,0,0,0,0,14905,1677.28950016773,0,25000,570.47916,256,32687,1157,2487,25000
58,reference,2500,true,uniform,READ,0,0,0,0,0,0,[{count:2500},{count:2500,"label:""usertable""}]",[{count:0}],NULL,0,[{count:2500},{count:2500,"label:""usertable""}]",[{count:0}],NULL,0,[{count:2500},{count:2500,"label:""usertable""}]",[{count:0}],1,0,0,0,0,9155,2730.74822501365,0,25000,341.14,156,29679,640,1005,25000
58,clean-run,2500,true,uniform,READ,0,0,0,0,0,0,[{count:2500},{count:2500,"label:""usertable""}]",[{count:0}],NULL,0,[{count:2500},{count:2500,"label:""usertable""}]",[{count:0}],NULL,0,[{count:2500},{count:2500,"label:""usertable""}]",[{count:0}],1,0,0,0,0,20262,1233.83673872273,0,25000,784.56412,291,317439,1569,3669,25000
58,avg-run,2500,true,uniform,READ,0,0,0,0,0,0,[{count:2500},{count:2500,"label:""usertable""}]",[{count:0}],NULL,0,[{count:2500},{count:2500,"label:""usertable""}]",[{count:0}],NULL,0,[{count:2500},{count:2500,"label:""usertable""}]",[{count:0}],1,0,0,0,0,14795,1689.76005407232,0,25000,565.65136,207,204543,1271,2645,25000
59,extend,2500,true,uniform,EXTEND,0,0,0,0,0,0,[{count:2500},{count:2500,"label:""usertable""}]",[{count:0}],NULL,0,[{count:2500},{count:2500,"label:""usertable""}]",[{count:0}],NULL,0,[{count:2500},{count:2500,"label:""usertable""}]",[{count:0}],0,0,0,0,1,134234,186.241935724183,0,25000,5340.35716,3746,996863,6727,9031,25000
59,run,2500,true,uniform,READ,0,0,0,0,0,0,[{count:2500},{count:2500,"label:""usertable""}]",[{count:0}],NULL,0,[{count:2500},{count:2500,"label:""usertable""}]",[{count:0}],NULL,0,[{count:2500},{count:2500,"label:""usertable""}]",[{count:0}],1,0,0,0,0,14981,1668.78045524331,0,25000,571.79652,309,35807,1092,2079,25000
59,reference,2500,true,uniform,READ,0,0,0,0,0,0,[{count:2500},{count:2500,"label:""usertable""}]",[{count:0}],NULL,0,[{count:2500},{count:2500,"label:""usertable""}]",[{count:0}],NULL,0,[{count:2500},{count:2500,"label:""usertable""}]",[{count:0}],1,0,0,0,0,9345,2675.22739432852,0,25000,348.46284,156,29535,630,1031,25000
59,clean-run,2500,true,uniform,READ,0,0,0,0,0,0,[{count:2500},{count:2500,"label:""usertable""}]",[{count:0}],NULL,0,[{count:2500},{count:2500,"label:""usertable""}]",[{count:0}],NULL,0,[{count:2500},{count:2500,"label:""usertable""}]",[{count:0}],1,0,0,0,0,18829,1327.73912581656,0,25000,726.44088,314,217343,1607,3151,25000
59,avg-run,2500,true,uniform,READ,0,0,0,0,0,0,[{count:2500},{count:2500,"label:""usertable""}]",[{count:0}],NULL,0,[{count:2500},{count:2500,"label:""usertable""}]",[{count:0}],NULL,0,[{count:2500},{count:2500,"label:""usertable""}]",[{count:0}],1,0,0,0,0,15085,1657.27543917799,0,25000,576.43804,230,191359,1294,2395,25000
60,extend,2500,true,uniform,EXTEND,0,0,0,0,0,0,[{count:2500},{count:2500,"label:""usertable""}]",[{count:0}],NULL,0,[{count:2500},{count:2500,"label:""usertable""}]",[{count:0}],NULL,0,[{count:2500},{count:2500,"label:""usertable""}]",[{count:0}],0,0,0,0,1,133117,187.804713147081,0,25000,5295.18072,3638,991743,6607,9103,25000
60,run,2500,true,uniform,READ,0,0,0,0,0,0,[{count:2500},{count:2500,"label:""usertable""}]",[{count:0}],NULL,0,[{count:2500},{count:2500,"label:""usertable""}]",[{count:0}],NULL,0,[{count:2500},{count:2500,"label:""usertable""}]",[{count:0}],1,0,0,0,0,15060,1660.02656042497,0,25000,575.81648,292,34879,1100,2363,25000
60,reference,2500,true,uniform,READ,0,0,0,0,0,0,[{count:2500},{count:2500,"label:""usertable""}]",[{count:0}],NULL,0,[{count:2500},{count:2500,"label:""usertable""}]",[{count:0}],NULL,0,[{count:2500},{count:2500,"label:""usertable""}]",[{count:0}],1,0,0,0,0,9171,2725.98408025297,0,25000,341.36524,152,30303,642,1040,25000
60,clean-run,2500,true,uniform,READ,0,0,0,0,0,0,[{count:2500},{count:2500,"label:""usertable""}]",[{count:0}],NULL,0,[{count:2500},{count:2500,"label:""usertable""}]",[{count:0}],NULL,0,[{count:2500},{count:2500,"label:""usertable""}]",[{count:0}],1,0,0,0,0,22234,1124.4040658451,0,25000,863.04008,330,271871,1603,4951,25000
60,avg-run,2500,true,uniform,READ,0,0,0,0,0,0,[{count:2500},{count:2500,"label:""usertable""}]",[{count:0}],NULL,0,[{count:2500},{count:2500,"label:""usertable""}]",[{count:0}],NULL,0,[{count:2500},{count:2500,"label:""usertable""}]",[{count:0}],1,0,0,0,0,14513,1722.59353682905,0,25000,553.89576,216,202879,1219,2479,25000
61,extend,2500,true,uniform,EXTEND,0,0,0,0,0,0,[{count:2500},{count:2500,"label:""usertable""}]",[{count:0}],NULL,0,[{count:2500},{count:2500,"label:""usertable""}]",[{count:0}],NULL,0,[{count:2500},{count:2500,"label:""usertable""}]",[{count:0}],0,0,0,0,1,134768,185.503977205271,0,25000,5360.93276,3448,1014783,6735,9071,25000
61,run,2500,true,uniform,READ,0,0,0,0,0,0,[{count:2500},{count:2500,"label:""usertable""}]",[{count:0}],NULL,0,[{count:2500},{count:2500,"label:""usertable""}]",[{count:0}],NULL,0,[{count:2500},{count:2500,"label:""usertable""}]",[{count:0}],1,0,0,0,0,15113,1654.20498908225,0,25000,577.81924,289,34623,1070,2273,25000
61,reference,2500,true,uniform,READ,0,0,0,0,0,0,[{count:2500},{count:2500,"label:""usertable""}]",[{count:0}],NULL,0,[{count:2500},{count:2500,"label:""usertable""}]",[{count:0}],NULL,0,[{count:2500},{count:2500,"label:""usertable""}]",[{count:0}],1,0,0,0,0,9271,2696.58073562723,0,25000,345.44928,146,32671,672,1008,25000
61,clean-run,2500,true,uniform,READ,0,0,0,0,0,0,[{count:2500},{count:2500,"label:""usertable""}]",[{count:0}],NULL,0,[{count:2500},{count:2500,"label:""usertable""}]",[{count:0}],NULL,0,[{count:2500},{count:2500,"label:""usertable""}]",[{count:0}],1,0,0,0,0,22822,1095.43423012882,0,25000,886.36996,336,299263,1511,4867,25000
61,avg-run,2500,true,uniform,READ,0,0,0,0,0,0,[{count:2500},{count:2500,"label:""usertable""}]",[{count:0}],NULL,0,[{count:2500},{count:2500,"label:""usertable""}]",[{count:0}],NULL,0,[{count:2500},{count:2500,"label:""usertable""}]",[{count:0}],1,0,0,0,0,15220,1642.57555847569,0,25000,581.98184,222,177791,1371,2679,25000
62,extend,2500,true,uniform,EXTEND,0,0,0,0,0,0,[{count:2500},{count:2500,"label:""usertable""}]",[{count:0}],NULL,0,[{count:2500},{count:2500,"label:""usertable""}]",[{count:0}],NULL,0,[{count:2500},{count:2500,"label:""usertable""}]",[{count:0}],0,0,0,0,1,136847,182.685773162729,0,25000,5443.8978,3124,984063,6799,9039,25000
62,run,2500,true,uniform,READ,0,0,0,0,0,0,[{count:2500},{count:2500,"label:""usertable""}]",[{count:0}],NULL,0,[{count:2500},{count:2500,"label:""usertable""}]",[{count:0}],NULL,0,[{count:2500},{count:2500,"label:""usertable""}]",[{count:0}],1,0,0,0,0,15184,1646.46996838778,0,25000,580.66516,302,33631,1106,2503,25000
62,reference,2500,true,uniform,READ,0,0,0,0,0,0,[{count:2500},{count:2500,"label:""usertable""}]",[{count:0}],NULL,0,[{count:2500},{count:2500,"label:""usertable""}]",[{count:0}],NULL,0,[{count:2500},{count:2500,"label:""usertable""}]",[{count:0}],1,0,0,0,0,8921,2802.37641520009,0,25000,332.24084,132,31999,643,1025,25000
62,clean-run,2500,true,uniform,READ,0,0,0,0,0,0,[{count:2500},{count:2500,"label:""usertable""}]",[{count:0}],NULL,0,[{count:2500},{count:2500,"label:""usertable""}]",[{count:0}],NULL,0,[{count:2500},{count:2500,"label:""usertable""}]",[{count:0}],1,0,0,0,0,20507,1219.09591846687,0,25000,793.78184,358,272127,1656,3257,25000
62,avg-run,2500,true,uniform,READ,0,0,0,0,0,0,[{count:2500},{count:2500,"label:""usertable""}]",[{count:0}],NULL,0,[{count:2500},{count:2500,"label:""usertable""}]",[{count:0}],NULL,0,[{count:2500},{count:2500,"label:""usertable""}]",[{count:0}],1,0,0,0,0,14845,1684.06871000337,0,25000,567.57616,214,180735,1315,2741,25000
63,extend,2500,true,uniform,EXTEND,0,0,0,0,0,0,[{count:2500},{count:2500,"label:""usertable""}]",[{count:0}],NULL,0,[{count:2500},{count:2500,"label:""usertable""}]",[{count:0}],NULL,0,[{count:2500},{count:2500,"label:""usertable""}]",[{count:0}],0,0,0,0,1,136589,183.030844357891,0,25000,5434.52272,3794,1029119,6819,9135,25000
63,run,2500,true,uniform,READ,0,0,0,0,0,0,[{count:2500},{count:2500,"label:""usertable""}]",[{count:0}],NULL,0,[{count:2500},{count:2500,"label:""usertable""}]",[{count:0}],NULL,0,[{count:2500},{count:2500,"label:""usertable""}]",[{count:0}],1,0,0,0,0,15233,1641.1737674785,0,25000,582.82624,301,39487,1077,2267,25000
63,reference,2500,true,uniform,READ,0,0,0,0,0,0,[{count:2500},{count:2500,"label:""usertable""}]",[{count:0}],NULL,0,[{count:2500},{count:2500,"label:""usertable""}]",[{count:0}],NULL,0,[{count:2500},{count:2500,"label:""usertable""}]",[{count:0}],1,0,0,0,0,8931,2799.23860709887,0,25000,332.00144,154,30687,585,986,25000
63,clean-run,2500,true,uniform,READ,0,0,0,0,0,0,[{count:2500},{count:2500,"label:""usertable""}]",[{count:0}],NULL,0,[{count:2500},{count:2500,"label:""usertable""}]",[{count:0}],NULL,0,[{count:2500},{count:2500,"label:""usertable""}]",[{count:0}],1,0,0,0,0,21851,1144.11239760194,0,25000,847.48312,304,320255,1483,3367,25000
63,avg-run,2500,true,uniform,READ,0,0,0,0,0,0,[{count:2500},{count:2500,"label:""usertable""}]",[{count:0}],NULL,0,[{count:2500},{count:2500,"label:""usertable""}]",[{count:0}],NULL,0,[{count:2500},{count:2500,"label:""usertable""}]",[{count:0}],1,0,0,0,0,14877,1680.44632654433,0,25000,568.21164,216,200575,1313,2521,25000
64,extend,2500,true,uniform,EXTEND,0,0,0,0,0,0,[{count:2500},{count:2500,"label:""usertable""}]",[{count:0}],NULL,0,[{count:2500},{count:2500,"label:""usertable""}]",[{count:0}],NULL,0,[{count:2500},{count:2500,"label:""usertable""}]",[{count:0}],0,0,0,0,1,136517,183.127376077705,0,25000,5431.19008,3766,1008639,6795,9063,25000
64,run,2500,true,uniform,READ,0,0,0,0,0,0,[{count:2500},{count:2500,"label:""usertable""}]",[{count:0}],NULL,0,[{count:2500},{count:2500,"label:""usertable""}]",[{count:0}],NULL,0,[{count:2500},{count:2500,"label:""usertable""}]",[{count:0}],1,0,0,0,0,15541,1608.64809214336,0,25000,594.89448,324,32447,1095,2181,25000
64,reference,2500,true,uniform,READ,0,0,0,0,0,0,[{count:2500},{count:2500,"label:""usertable""}]",[{count:0}],NULL,0,[{count:2500},{count:2500,"label:""usertable""}]",[{count:0}],NULL,0,[{count:2500},{count:2500,"label:""usertable""}]",[{count:0}],1,0,0,0,0,9122,2740.62705547029,0,25000,339.42584,136,31455,638,1035,25000
64,clean-run,2500,true,uniform,READ,0,0,0,0,0,0,[{count:2500},{count:2500,"label:""usertable""}]",[{count:0}],NULL,0,[{count:2500},{count:2500,"label:""usertable""}]",[{count:0}],NULL,0,[{count:2500},{count:2500,"label:""usertable""}]",[{count:0}],1,0,0,0,0,21966,1138.12255303651,0,25000,852.17352,323,285695,1607,3457,25000
64,avg-run,2500,true,uniform,READ,0,0,0,0,0,0,[{count:2500},{count:2500,"label:""usertable""}]",[{count:0}],NULL,0,[{count:2500},{count:2500,"label:""usertable""}]",[{count:0}],NULL,0,[{count:2500},{count:2500,"label:""usertable""}]",[{count:0}],1,0,0,0,0,15295,1634.521085322,0,25000,585.2292,235,201471,1293,2765,25000
65,extend,2500,true,uniform,EXTEND,0,0,0,0,0,0,[{count:2500},{count:2500,"label:""usertable""}]",[{count:0}],NULL,0,[{count:2500},{count:2500,"label:""usertable""}]",[{count:0}],NULL,0,[{count:2500},{count:2500,"label:""usertable""}]",[{count:0}],0,0,0,0,1,136982,182.505730679943,0,25000,5449.97,2852,1002495,6723,9047,25000
65,run,2500,true,uniform,READ,0,0,0,0,0,0,[{count:2500},{count:2500,"label:""usertable""}]",[{count:0}],NULL,0,[{count:2500},{count:2500,"label:""usertable""}]",[{count:0}],NULL,0,[{count:2500},{count:2500,"label:""usertable""}]",[{count:0}],1,0,0,0,0,15488,1614.15289256198,0,25000,592.93332,298,37631,1137,2161,25000
65,reference,2500,true,uniform,READ,0,0,0,0,0,0,[{count:2500},{count:2500,"label:""usertable""}]",[{count:0}],NULL,0,[{count:2500},{count:2500,"label:""usertable""}]",[{count:0}],NULL,0,[{count:2500},{count:2500,"label:""usertable""}]",[{count:0}],1,0,0,0,0,9021,2771.31138454717,0,25000,335.2984,154,31039,635,1004,25000
65,clean-run,2500,true,uniform,READ,0,0,0,0,0,0,[{count:2500},{count:2500,"label:""usertable""}]",[{count:0}],NULL,0,[{count:2500},{count:2500,"label:""usertable""}]",[{count:0}],NULL,0,[{count:2500},{count:2500,"label:""usertable""}]",[{count:0}],1,0,0,0,0,21605,1157.13955102985,0,25000,837.50652,307,308223,1566,3085,25000
65,avg-run,2500,true,uniform,READ,0,0,0,0,0,0,[{count:2500},{count:2500,"label:""usertable""}]",[{count:0}],NULL,0,[{count:2500},{count:2500,"label:""usertable""}]",[{count:0}],NULL,0,[{count:2500},{count:2500,"label:""usertable""}]",[{count:0}],1,0,0,0,0,15451,1618.01825124587,0,25000,591.21152,239,183551,1250,2591,25000
66,extend,2500,true,uniform,EXTEND,0,0,0,0,0,0,[{count:2500},{count:2500,"label:""usertable""}]",[{count:0}],NULL,0,[{count:2500},{count:2500,"label:""usertable""}]",[{count:0}],NULL,0,[{count:2500},{count:2500,"label:""usertable""}]",[{count:0}],0,0,0,0,1,138799,180.116571445039,0,25000,5522.4256,3766,1043967,6871,9255,25000
66,run,2500,true,uniform,READ,0,0,0,0,0,0,[{count:2500},{count:2500,"label:""usertable""}]",[{count:0}],NULL,0,[{count:2500},{count:2500,"label:""usertable""}]",[{count:0}],NULL,0,[{count:2500},{count:2500,"label:""usertable""}]",[{count:0}],1,0,0,0,0,15651,1597.34202287394,0,25000,600.14548,327,33887,1141,2457,25000
66,reference,2500,true,uniform,READ,0,0,0,0,0,0,[{count:2500},{count:2500,"label:""usertable""}]",[{count:0}],NULL,0,[{count:2500},{count:2500,"label:""usertable""}]",[{count:0}],NULL,0,[{count:2500},{count:2500,"label:""usertable""}]",[{count:0}],1,0,0,0,0,9055,2760.90557702927,0,25000,337.33404,156,29583,635,1015,25000
66,clean-run,2500,true,uniform,READ,0,0,0,0,0,0,[{count:2500},{count:2500,"label:""usertable""}]",[{count:0}],NULL,0,[{count:2500},{count:2500,"label:""usertable""}]",[{count:0}],NULL,0,[{count:2500},{count:2500,"label:""usertable""}]",[{count:0}],1,0,0,0,0,21109,1184.32895921171,0,25000,817.69204,340,287487,1598,3351,25000
66,avg-run,2500,true,uniform,READ,0,0,0,0,0,0,[{count:2500},{count:2500,"label:""usertable""}]",[{count:0}],NULL,0,[{count:2500},{count:2500,"label:""usertable""}]",[{count:0}],NULL,0,[{count:2500},{count:2500,"label:""usertable""}]",[{count:0}],1,0,0,0,0,15783,1583.9827662675,0,25000,604.17616,240,176383,1318,2925,25000
67,extend,2500,true,uniform,EXTEND,0,0,0,0,0,0,[{count:2500},{count:2500,"label:""usertable""}]",[{count:0}],NULL,0,[{count:2500},{count:2500,"label:""usertable""}]",[{count:0}],NULL,0,[{count:2500},{count:2500,"label:""usertable""}]",[{count:0}],0,0,0,0,1,137849,181.357862588775,0,25000,5484.11668,3880,1030143,6871,9319,25000
67,run,2500,true,uniform,READ,0,0,0,0,0,0,[{count:2500},{count:2500,"label:""usertable""}]",[{count:0}],NULL,0,[{count:2500},{count:2500,"label:""usertable""}]",[{count:0}],NULL,0,[{count:2500},{count:2500,"label:""usertable""}]",[{count:0}],1,0,0,0,0,16106,1552.21656525518,0,25000,617.91716,315,35071,1175,2295,25000
67,reference,2500,true,uniform,READ,0,0,0,0,0,0,[{count:2500},{count:2500,"label:""usertable""}]",[{count:0}],NULL,0,[{count:2500},{count:2500,"label:""usertable""}]",[{count:0}],NULL,0,[{count:2500},{count:2500,"label:""usertable""}]",[{count:0}],1,0,0,0,0,9174,2725.09265315021,0,25000,341.48236,152,28847,620,1002,25000
67,clean-run,2500,true,uniform,READ,0,0,0,0,0,0,[{count:2500},{count:2500,"label:""usertable""}]",[{count:0}],NULL,0,[{count:2500},{count:2500,"label:""usertable""}]",[{count:0}],NULL,0,[{count:2500},{count:2500,"label:""usertable""}]",[{count:0}],1,0,0,0,0,21628,1155.90900684298,0,25000,838.39252,335,336895,1593,3351,25000
67,avg-run,2500,true,uniform,READ,0,0,0,0,0,0,[{count:2500},{count:2500,"label:""usertable""}]",[{count:0}],NULL,0,[{count:2500},{count:2500,"label:""usertable""}]",[{count:0}],NULL,0,[{count:2500},{count:2500,"label:""usertable""}]",[{count:0}],1,0,0,0,0,16184,1544.73554127533,0,25000,619.64796,252,189823,1362,2595,25000
68,extend,2500,true,uniform,EXTEND,0,0,0,0,0,0,[{count:2500},{count:2500,"label:""usertable""}]",[{count:0}],NULL,0,[{count:2500},{count:2500,"label:""usertable""}]",[{count:0}],NULL,0,[{count:2500},{count:2500,"label:""usertable""}]",[{count:0}],0,0,0,0,1,139238,179.54868642181,0,25000,5539.8486,3904,997887,6851,9279,25000
68,run,2500,true,uniform,READ,0,0,0,0,0,0,[{count:2500},{count:2500,"label:""usertable""}]",[{count:0}],NULL,0,[{count:2500},{count:2500,"label:""usertable""}]",[{count:0}],NULL,0,[{count:2500},{count:2500,"label:""usertable""}]",[{count:0}],1,0,0,0,0,16141,1548.85075274147,0,25000,618.295,331,32207,1157,2361,25000
68,reference,2500,true,uniform,READ,0,0,0,0,0,0,[{count:2500},{count:2500,"label:""usertable""}]",[{count:0}],NULL,0,[{count:2500},{count:2500,"label:""usertable""}]",[{count:0}],NULL,0,[{count:2500},{count:2500,"label:""usertable""}]",[{count:0}],1,0,0,0,0,9283,2693.09490466444,0,25000,345.65192,117,29903,664,1053,25000
68,clean-run,2500,true,uniform,READ,0,0,0,0,0,0,[{count:2500},{count:2500,"label:""usertable""}]",[{count:0}],NULL,0,[{count:2500},{count:2500,"label:""usertable""}]",[{count:0}],NULL,0,[{count:2500},{count:2500,"label:""usertable""}]",[{count:0}],1,0,0,0,0,24464,1021.90974493133,0,25000,952.24816,307,318975,1707,5507,25000
68,avg-run,2500,true,uniform,READ,0,0,0,0,0,0,[{count:2500},{count:2500,"label:""usertable""}]",[{count:0}],NULL,0,[{count:2500},{count:2500,"label:""usertable""}]",[{count:0}],NULL,0,[{count:2500},{count:2500,"label:""usertable""}]",[{count:0}],1,0,0,0,0,15871,1575.2000504064,0,25000,607.94836,236,181247,1380,2601,25000
69,extend,2500,true,uniform,EXTEND,0,0,0,0,0,0,[{count:2500},{count:2500,"label:""usertable""}]",[{count:0}],NULL,0,[{count:2500},{count:2500,"label:""usertable""}]",[{count:0}],NULL,0,[{count:2500},{count:2500,"label:""usertable""}]",[{count:0}],0,0,0,0,1,140797,177.560601433269,0,25000,5602.50676,3936,1035263,6915,9295,25000
69,run,2500,true,uniform,READ,0,0,0,0,0,0,[{count:2500},{count:2500,"label:""usertable""}]",[{count:0}],NULL,0,[{count:2500},{count:2500,"label:""usertable""}]",[{count:0}],NULL,0,[{count:2500},{count:2500,"label:""usertable""}]",[{count:0}],1,0,0,0,0,16164,1546.64686958674,0,25000,619.87996,336,33023,1109,2481,25000
69,reference,2500,true,uniform,READ,0,0,0,0,0,0,[{count:2500},{count:2500,"label:""usertable""}]",[{count:0}],NULL,0,[{count:2500},{count:2500,"label:""usertable""}]",[{count:0}],NULL,0,[{count:2500},{count:2500,"label:""usertable""}]",[{count:0}],1,0,0,0,0,9142,2734.6313716911,0,25000,340.4714,154,31583,602,1021,25000
69,clean-run,2500,true,uniform,READ,0,0,0,0,0,0,[{count:2500},{count:2500,"label:""usertable""}]",[{count:0}],NULL,0,[{count:2500},{count:2500,"label:""usertable""}]",[{count:0}],NULL,0,[{count:2500},{count:2500,"label:""usertable""}]",[{count:0}],1,0,0,0,0,23263,1074.66792761037,0,25000,903.78336,339,353023,1601,3271,25000
69,avg-run,2500,true,uniform,READ,0,0,0,0,0,0,[{count:2500},{count:2500,"label:""usertable""}]",[{count:0}],NULL,0,[{count:2500},{count:2500,"label:""usertable""}]",[{count:0}],NULL,0,[{count:2500},{count:2500,"label:""usertable""}]",[{count:0}],1,0,0,0,0,15617,1600.81961964526,0,25000,596.18032,255,197247,1282,2727,25000
70,extend,2500,true,uniform,EXTEND,0,0,0,0,0,0,[{count:2500},{count:2500,"label:""usertable""}]",[{count:0}],NULL,0,[{count:2500},{count:2500,"label:""usertable""}]",[{count:0}],NULL,0,[{count:2500},{count:2500,"label:""usertable""}]",[{count:0}],0,0,0,0,1,139363,179.387642344094,0,25000,5545.40372,3300,975359,6943,9383,25000
70,run,2500,true,uniform,READ,0,0,0,0,0,0,[{count:2500},{count:2500,"label:""usertable""}]",[{count:0}],NULL,0,[{count:2500},{count:2500,"label:""usertable""}]",[{count:0}],NULL,0,[{count:2500},{count:2500,"label:""usertable""}]",[{count:0}],1,0,0,0,0,16313,1532.520076013,0,25000,626.11552,326,35103,1133,2233,25000
70,reference,2500,true,uniform,READ,0,0,0,0,0,0,[{count:2500},{count:2500,"label:""usertable""}]",[{count:0}],NULL,0,[{count:2500},{count:2500,"label:""usertable""}]",[{count:0}],NULL,0,[{count:2500},{count:2500,"label:""usertable""}]",[{count:0}],1,0,0,0,0,9338,2677.23281216535,0,25000,348.37528,152,31983,637,1033,25000
70,clean-run,2500,true,uniform,READ,0,0,0,0,0,0,[{count:2500},{count:2500,"label:""usertable""}]",[{count:0}],NULL,0,[{count:2500},{count:2500,"label:""usertable""}]",[{count:0}],NULL,0,[{count:2500},{count:2500,"label:""usertable""}]",[{count:0}],1,0,0,0,0,24639,1014.65156865133,0,25000,959.12156,341,347135,1501,4803,25000
70,avg-run,2500,true,uniform,READ,0,0,0,0,0,0,[{count:2500},{count:2500,"label:""usertable""}]",[{count:0}],NULL,0,[{count:2500},{count:2500,"label:""usertable""}]",[{count:0}],NULL,0,[{count:2500},{count:2500,"label:""usertable""}]",[{count:0}],1,0,0,0,0,15418,1621.4813853937,0,25000,589.8214,217,192767,1244,2575,25000
71,extend,2500,true,uniform,EXTEND,0,0,0,0,0,0,[{count:2500},{count:2500,"label:""usertable""}]",[{count:0}],NULL,0,[{count:2500},{count:2500,"label:""usertable""}]",[{count:0}],NULL,0,[{count:2500},{count:2500,"label:""usertable""}]",[{count:0}],0,0,0,0,1,139332,179.427554330663,0,25000,5543.95756,3870,1005055,6879,9351,25000
71,run,2500,true,uniform,READ,0,0,0,0,0,0,[{count:2500},{count:2500,"label:""usertable""}]",[{count:0}],NULL,0,[{count:2500},{count:2500,"label:""usertable""}]",[{count:0}],NULL,0,[{count:2500},{count:2500,"label:""usertable""}]",[{count:0}],1,0,0,0,0,15793,1582.97980117774,0,25000,605.54896,340,32447,1010,2219,25000
71,reference,2500,true,uniform,READ,0,0,0,0,0,0,[{count:2500},{count:2500,"label:""usertable""}]",[{count:0}],NULL,0,[{count:2500},{count:2500,"label:""usertable""}]",[{count:0}],NULL,0,[{count:2500},{count:2500,"label:""usertable""}]",[{count:0}],1,0,0,0,0,9343,2675.8000642192,0,25000,348.62864,155,30767,675,1029,25000
71,clean-run,2500,true,uniform,READ,0,0,0,0,0,0,[{count:2500},{count:2500,"label:""usertable""}]",[{count:0}],NULL,0,[{count:2500},{count:2500,"label:""usertable""}]",[{count:0}],NULL,0,[{count:2500},{count:2500,"label:""usertable""}]",[{count:0}],1,0,0,0,0,21391,1168.71581506241,0,25000,828.8662,343,270335,1623,3317,25000
71,avg-run,2500,true,uniform,READ,0,0,0,0,0,0,[{count:2500},{count:2500,"label:""usertable""}]",[{count:0}],NULL,0,[{count:2500},{count:2500,"label:""usertable""}]",[{count:0}],NULL,0,[{count:2500},{count:2500,"label:""usertable""}]",[{count:0}],1,0,0,0,0,15563,1606.37409239864,0,25000,595.99144,236,199167,1312,2801,25000
72,extend,2500,true,uniform,EXTEND,0,0,0,0,0,0,[{count:2500},{count:2500,"label:""usertable""}]",[{count:0}],NULL,0,[{count:2500},{count:2500,"label:""usertable""}]",[{count:0}],NULL,0,[{count:2500},{count:2500,"label:""usertable""}]",[{count:0}],0,0,0,0,1,139684,178.975401620801,0,25000,5558.23664,3302,1012223,6923,9343,25000
72,run,2500,true,uniform,READ,0,0,0,0,0,0,[{count:2500},{count:2500,"label:""usertable""}]",[{count:0}],NULL,0,[{count:2500},{count:2500,"label:""usertable""}]",[{count:0}],NULL,0,[{count:2500},{count:2500,"label:""usertable""}]",[{count:0}],1,0,0,0,0,16666,1500.0600024001,0,25000,640.15652,337,36287,1195,2279,25000
72,reference,2500,true,uniform,READ,0,0,0,0,0,0,[{count:2500},{count:2500,"label:""usertable""}]",[{count:0}],NULL,0,[{count:2500},{count:2500,"label:""usertable""}]",[{count:0}],NULL,0,[{count:2500},{count:2500,"label:""usertable""}]",[{count:0}],1,0,0,0,0,9156,2730.4499781564,0,25000,341.09124,144,32399,614,1024,25000
72,clean-run,2500,true,uniform,READ,0,0,0,0,0,0,[{count:2500},{count:2500,"label:""usertable""}]",[{count:0}],NULL,0,[{count:2500},{count:2500,"label:""usertable""}]",[{count:0}],NULL,0,[{count:2500},{count:2500,"label:""usertable""}]",[{count:0}],1,0,0,0,0,25013,999.480270259465,0,25000,973.43976,313,320255,1560,5207,25000
72,avg-run,2500,true,uniform,READ,0,0,0,0,0,0,[{count:2500},{count:2500,"label:""usertable""}]",[{count:0}],NULL,0,[{count:2500},{count:2500,"label:""usertable""}]",[{count:0}],NULL,0,[{count:2500},{count:2500,"label:""usertable""}]",[{count:0}],1,0,0,0,0,16096,1553.18091451292,0,25000,617.27548,234,194431,1341,3121,25000
73,extend,2500,true,uniform,EXTEND,0,0,0,0,0,0,[{count:2500},{count:2500,"label:""usertable""}]",[{count:0}],NULL,0,[{count:2500},{count:2500,"label:""usertable""}]",[{count:0}],NULL,0,[{count:2500},{count:2500,"label:""usertable""}]",[{count:0}],0,0,0,0,1,140401,178.061409819018,0,25000,5585.89792,3864,1008127,6939,9383,25000
73,run,2500,true,uniform,READ,0,0,0,0,0,0,[{count:2500},{count:2500,"label:""usertable""}]",[{count:0}],NULL,0,[{count:2500},{count:2500,"label:""usertable""}]",[{count:0}],NULL,0,[{count:2500},{count:2500,"label:""usertable""}]",[{count:0}],1,0,0,0,0,16320,1531.86274509804,0,25000,625.85796,342,32799,1133,2299,25000
73,reference,2500,true,uniform,READ,0,0,0,0,0,0,[{count:2500},{count:2500,"label:""usertable""}]",[{count:0}],NULL,0,[{count:2500},{count:2500,"label:""usertable""}]",[{count:0}],NULL,0,[{count:2500},{count:2500,"label:""usertable""}]",[{count:0}],1,0,0,0,0,9185,2721.82906913446,0,25000,342.15032,150,31423,656,998,25000
73,clean-run,2500,true,uniform,READ,0,0,0,0,0,0,[{count:2500},{count:2500,"label:""usertable""}]",[{count:0}],NULL,0,[{count:2500},{count:2500,"label:""usertable""}]",[{count:0}],NULL,0,[{count:2500},{count:2500,"label:""usertable""}]",[{count:0}],1,0,0,0,0,25718,972.081810405164,0,25000,1002.0648,302,338687,1643,5123,25000
73,avg-run,2500,true,uniform,READ,0,0,0,0,0,0,[{count:2500},{count:2500,"label:""usertable""}]",[{count:0}],NULL,0,[{count:2500},{count:2500,"label:""usertable""}]",[{count:0}],NULL,0,[{count:2500},{count:2500,"label:""usertable""}]",[{count:0}],1,0,0,0,0,15812,1581.07766253478,0,25000,605.84192,258,173311,1246,2609,25000
74,extend,2500,true,uniform,EXTEND,0,0,0,0,0,0,[{count:2500},{count:2500,"label:""usertable""}]",[{count:0}],NULL,0,[{count:2500},{count:2500,"label:""usertable""}]",[{count:0}],NULL,0,[{count:2500},{count:2500,"label:""usertable""}]",[{count:0}],0,0,0,0,1,141281,176.952314890183,0,25000,5622.0072,3856,1011199,7007,9407,25000
74,run,2500,true,uniform,READ,0,0,0,0,0,0,[{count:2500},{count:2500,"label:""usertable""}]",[{count:0}],NULL,0,[{count:2500},{count:2500,"label:""usertable""}]",[{count:0}],NULL,0,[{count:2500},{count:2500,"label:""usertable""}]",[{count:0}],1,0,0,0,0,16646,1501.86230926349,0,25000,638.7954,345,33663,1164,2359,25000
74,reference,2500,true,uniform,READ,0,0,0,0,0,0,[{count:2500},{count:2500,"label:""usertable""}]",[{count:0}],NULL,0,[{count:2500},{count:2500,"label:""usertable""}]",[{count:0}],NULL,0,[{count:2500},{count:2500,"label:""usertable""}]",[{count:0}],1,0,0,0,0,9295,2689.61807423346,0,25000,346.6654,151,30079,648,1041,25000
74,clean-run,2500,true,uniform,READ,0,0,0,0,0,0,[{count:2500},{count:2500,"label:""usertable""}]",[{count:0}],NULL,0,[{count:2500},{count:2500,"label:""usertable""}]",[{count:0}],NULL,0,[{count:2500},{count:2500,"label:""usertable""}]",[{count:0}],1,0,0,0,0,25787,969.480746112382,0,25000,1004.35964,344,348159,1559,4963,25000
74,avg-run,2500,true,uniform,READ,0,0,0,0,0,0,[{count:2500},{count:2500,"label:""usertable""}]",[{count:0}],NULL,0,[{count:2500},{count:2500,"label:""usertable""}]",[{count:0}],NULL,0,[{count:2500},{count:2500,"label:""usertable""}]",[{count:0}],1,0,0,0,0,15649,1597.54616908429,0,25000,599.48444,261,192767,1244,2707,25000
75,extend,2500,true,uniform,EXTEND,0,0,0,0,0,0,[{count:2500},{count:2500,"label:""usertable""}]",[{count:0}],NULL,0,[{count:2500},{count:2500,"label:""usertable""}]",[{count:0}],NULL,0,[{count:2500},{count:2500,"label:""usertable""}]",[{count:0}],0,0,0,0,1,141004,177.299934753624,0,25000,5610.88048,3878,992255,6975,9351,25000
75,run,2500,true,uniform,READ,0,0,0,0,0,0,[{count:2500},{count:2500,"label:""usertable""}]",[{count:0}],NULL,0,[{count:2500},{count:2500,"label:""usertable""}]",[{count:0}],NULL,0,[{count:2500},{count:2500,"label:""usertable""}]",[{count:0}],1,0,0,0,0,16366,1527.55713063669,0,25000,627.94824,322,32607,1052,2073,25000
75,reference,2500,true,uniform,READ,0,0,0,0,0,0,[{count:2500},{count:2500,"label:""usertable""}]",[{count:0}],NULL,0,[{count:2500},{count:2500,"label:""usertable""}]",[{count:0}],NULL,0,[{count:2500},{count:2500,"label:""usertable""}]",[{count:0}],1,0,0,0,0,9366,2669.22912662823,0,25000,348.9354,115,30159,664,1008,25000
75,clean-run,2500,true,uniform,READ,0,0,0,0,0,0,[{count:2500},{count:2500,"label:""usertable""}]",[{count:0}],NULL,0,[{count:2500},{count:2500,"label:""usertable""}]",[{count:0}],NULL,0,[{count:2500},{count:2500,"label:""usertable""}]",[{count:0}],1,0,0,0,0,25870,966.370313103981,0,25000,1008.86348,364,309247,1581,5371,25000
75,avg-run,2500,true,uniform,READ,0,0,0,0,0,0,[{count:2500},{count:2500,"label:""usertable""}]",[{count:0}],NULL,0,[{count:2500},{count:2500,"label:""usertable""}]",[{count:0}],NULL,0,[{count:2500},{count:2500,"label:""usertable""}]",[{count:0}],1,0,0,0,0,16174,1545.69061456659,0,25000,619.71512,230,189567,1353,2915,25000
76,extend,2500,true,uniform,EXTEND,0,0,0,0,0,0,[{count:2500},{count:2500,"label:""usertable""}]",[{count:0}],NULL,0,[{count:2500},{count:2500,"label:""usertable""}]",[{count:0}],NULL,0,[{count:2500},{count:2500,"label:""usertable""}]",[{count:0}],0,0,0,0,1,142442,175.510032153438,0,25000,5668.24796,3948,985087,7051,9463,25000
76,run,2500,true,uniform,READ,0,0,0,0,0,0,[{count:2500},{count:2500,"label:""usertable""}]",[{count:0}],NULL,0,[{count:2500},{count:2500,"label:""usertable""}]",[{count:0}],NULL,0,[{count:2500},{count:2500,"label:""usertable""}]",[{count:0}],1,0,0,0,0,16583,1507.56799131641,0,25000,637.12912,341,37503,1124,2327,25000
76,reference,2500,true,uniform,READ,0,0,0,0,0,0,[{count:2500},{count:2500,"label:""usertable""}]",[{count:0}],NULL,0,[{count:2500},{count:2500,"label:""usertable""}]",[{count:0}],NULL,0,[{count:2500},{count:2500,"label:""usertable""}]",[{count:0}],1,0,0,0,0,9223,2710.61476742925,0,25000,343.86916,142,30575,642,1029,25000
76,clean-run,2500,true,uniform,READ,0,0,0,0,0,0,[{count:2500},{count:2500,"label:""usertable""}]",[{count:0}],NULL,0,[{count:2500},{count:2500,"label:""usertable""}]",[{count:0}],NULL,0,[{count:2500},{count:2500,"label:""usertable""}]",[{count:0}],1,0,0,0,0,26202,954.125639264178,0,25000,1020.7058,332,373759,1616,5059,25000
76,avg-run,2500,true,uniform,READ,0,0,0,0,0,0,[{count:2500},{count:2500,"label:""usertable""}]",[{count:0}],NULL,0,[{count:2500},{count:2500,"label:""usertable""}]",[{count:0}],NULL,0,[{count:2500},{count:2500,"label:""usertable""}]",[{count:0}],1,0,0,0,0,15779,1584.38430825781,0,25000,603.98532,259,178943,1264,2649,25000
77,extend,2500,true,uniform,EXTEND,0,0,0,0,0,0,[{count:2500},{count:2500,"label:""usertable""}]",[{count:0}],NULL,0,[{count:2500},{count:2500,"label:""usertable""}]",[{count:0}],NULL,0,[{count:2500},{count:2500,"label:""usertable""}]",[{count:0}],0,0,0,0,1,143159,174.631004687096,0,25000,5697.49732,3906,994815,7075,9519,25000
77,run,2500,true,uniform,READ,0,0,0,0,0,0,[{count:2500},{count:2500,"label:""usertable""}]",[{count:0}],NULL,0,[{count:2500},{count:2500,"label:""usertable""}]",[{count:0}],NULL,0,[{count:2500},{count:2500,"label:""usertable""}]",[{count:0}],1,0,0,0,0,16531,1512.31020506926,0,25000,634.97596,360,32863,1158,2403,25000
77,reference,2500,true,uniform,READ,0,0,0,0,0,0,[{count:2500},{count:2500,"label:""usertable""}]",[{count:0}],NULL,0,[{count:2500},{count:2500,"label:""usertable""}]",[{count:0}],NULL,0,[{count:2500},{count:2500,"label:""usertable""}]",[{count:0}],1,0,0,0,0,9204,2716.21034332899,0,25000,343.00316,136,30543,635,1039,25000
77,clean-run,2500,true,uniform,READ,0,0,0,0,0,0,[{count:2500},{count:2500,"label:""usertable""}]",[{count:0}],NULL,0,[{count:2500},{count:2500,"label:""usertable""}]",[{count:0}],NULL,0,[{count:2500},{count:2500,"label:""usertable""}]",[{count:0}],1,0,0,0,0,26425,946.073793755913,0,25000,1030.832,369,338687,1610,5807,25000
77,avg-run,2500,true,uniform,READ,0,0,0,0,0,0,[{count:2500},{count:2500,"label:""usertable""}]",[{count:0}],NULL,0,[{count:2500},{count:2500,"label:""usertable""}]",[{count:0}],NULL,0,[{count:2500},{count:2500,"label:""usertable""}]",[{count:0}],1,0,0,0,0,16273,1536.2871013335,0,25000,623.36124,262,171647,1393,2865,25000
78,extend,2500,true,uniform,EXTEND,0,0,0,0,0,0,[{count:2500},{count:2500,"label:""usertable""}]",[{count:0}],NULL,0,[{count:2500},{count:2500,"label:""usertable""}]",[{count:0}],NULL,0,[{count:2500},{count:2500,"label:""usertable""}]",[{count:0}],0,0,0,0,1,145038,172.36862063735,0,25000,5771.82344,3906,1025535,7143,9679,25000
78,run,2500,true,uniform,READ,0,0,0,0,0,0,[{count:2500},{count:2500,"label:""usertable""}]",[{count:0}],NULL,0,[{count:2500},{count:2500,"label:""usertable""}]",[{count:0}],NULL,0,[{count:2500},{count:2500,"label:""usertable""}]",[{count:0}],1,0,0,0,0,16517,1513.59205666889,0,25000,634.89716,348,34815,1111,2281,25000
78,reference,2500,true,uniform,READ,0,0,0,0,0,0,[{count:2500},{count:2500,"label:""usertable""}]",[{count:0}],NULL,0,[{count:2500},{count:2500,"label:""usertable""}]",[{count:0}],NULL,0,[{count:2500},{count:2500,"label:""usertable""}]",[{count:0}],1,0,0,0,0,9219,2711.79086668836,0,25000,343.59548,155,31599,663,1019,25000
78,clean-run,2500,true,uniform,READ,0,0,0,0,0,0,[{count:2500},{count:2500,"label:""usertable""}]",[{count:0}],NULL,0,[{count:2500},{count:2500,"label:""usertable""}]",[{count:0}],NULL,0,[{count:2500},{count:2500,"label:""usertable""}]",[{count:0}],1,0,0,0,0,26513,942.933655188021,0,25000,1033.78124,377,354559,1562,5375,25000
78,avg-run,2500,true,uniform,READ,0,0,0,0,0,0,[{count:2500},{count:2500,"label:""usertable""}]",[{count:0}],NULL,0,[{count:2500},{count:2500,"label:""usertable""}]",[{count:0}],NULL,0,[{count:2500},{count:2500,"label:""usertable""}]",[{count:0}],1,0,0,0,0,15972,1565.23916854495,0,25000,611.74072,263,173695,1320,2807,25000
79,extend,2500,true,uniform,EXTEND,0,0,0,0,0,0,[{count:2500},{count:2500,"label:""usertable""}]",[{count:0}],NULL,0,[{count:2500},{count:2500,"label:""usertable""}]",[{count:0}],NULL,0,[{count:2500},{count:2500,"label:""usertable""}]",[{count:0}],0,0,0,0,1,143157,174.633444400204,0,25000,5696.60664,3536,1018367,6971,9559,25000
79,run,2500,true,uniform,READ,0,0,0,0,0,0,[{count:2500},{count:2500,"label:""usertable""}]",[{count:0}],NULL,0,[{count:2500},{count:2500,"label:""usertable""}]",[{count:0}],NULL,0,[{count:2500},{count:2500,"label:""usertable""}]",[{count:0}],1,0,0,0,0,17038,1467.30836952694,0,25000,655.10296,351,32831,1186,2481,25000
79,reference,2500,true,uniform,READ,0,0,0,0,0,0,[{count:2500},{count:2500,"label:""usertable""}]",[{count:0}],NULL,0,[{count:2500},{count:2500,"label:""usertable""}]",[{count:0}],NULL,0,[{count:2500},{count:2500,"label:""usertable""}]",[{count:0}],1,0,0,0,0,9037,2766.40478034746,0,25000,336.5178,134,29919,662,1081,25000
79,clean-run,2500,true,uniform,READ,0,0,0,0,0,0,[{count:2500},{count:2500,"label:""usertable""}]",[{count:0}],NULL,0,[{count:2500},{count:2500,"label:""usertable""}]",[{count:0}],NULL,0,[{count:2500},{count:2500,"label:""usertable""}]",[{count:0}],1,0,0,0,0,26692,936.610220290724,0,25000,1040.89904,348,385279,1680,5587,25000
79,avg-run,2500,true,uniform,READ,0,0,0,0,0,0,[{count:2500},{count:2500,"label:""usertable""}]",[{count:0}],NULL,0,[{count:2500},{count:2500,"label:""usertable""}]",[{count:0}],NULL,0,[{count:2500},{count:2500,"label:""usertable""}]",[{count:0}],1,0,0,0,0,15871,1575.2000504064,0,25000,607.57996,267,189695,1343,2811,25000
80,extend,2500,true,uniform,EXTEND,0,0,0,0,0,0,[{count:2500},{count:2500,"label:""usertable""}]",[{count:0}],NULL,0,[{count:2500},{count:2500,"label:""usertable""}]",[{count:0}],NULL,0,[{count:2500},{count:2500,"label:""usertable""}]",[{count:0}],0,0,0,0,1,142127,175.899019890661,0,25000,5655.33492,2854,1020927,7047,9447,25000
80,run,2500,true,uniform,READ,0,0,0,0,0,0,[{count:2500},{count:2500,"label:""usertable""}]",[{count:0}],NULL,0,[{count:2500},{count:2500,"label:""usertable""}]",[{count:0}],NULL,0,[{count:2500},{count:2500,"label:""usertable""}]",[{count:0}],1,0,0,0,0,17074,1464.21459529109,0,25000,655.8518,363,36159,1153,2595,25000
80,reference,2500,true,uniform,READ,0,0,0,0,0,0,[{count:2500},{count:2500,"label:""usertable""}]",[{count:0}],NULL,0,[{count:2500},{count:2500,"label:""usertable""}]",[{count:0}],NULL,0,[{count:2500},{count:2500,"label:""usertable""}]",[{count:0}],1,0,0,0,0,9290,2691.06566200215,0,25000,346.66184,161,31535,669,1072,25000
80,clean-run,2500,true,uniform,READ,0,0,0,0,0,0,[{count:2500},{count:2500,"label:""usertable""}]",[{count:0}],NULL,0,[{count:2500},{count:2500,"label:""usertable""}]",[{count:0}],NULL,0,[{count:2500},{count:2500,"label:""usertable""}]",[{count:0}],1,0,0,0,0,26596,939.99097608663,0,25000,1036.13264,375,337663,1656,4971,25000
80,avg-run,2500,true,uniform,READ,0,0,0,0,0,0,[{count:2500},{count:2500,"label:""usertable""}]",[{count:0}],NULL,0,[{count:2500},{count:2500,"label:""usertable""}]",[{count:0}],NULL,0,[{count:2500},{count:2500,"label:""usertable""}]",[{count:0}],1,0,0,0,0,15813,1580.97767659521,0,25000,605.95712,253,191487,1313,2661,25000
81,extend,2500,true,uniform,EXTEND,0,0,0,0,0,0,[{count:2500},{count:2500,"label:""usertable""}]",[{count:0}],NULL,0,[{count:2500},{count:2500,"label:""usertable""}]",[{count:0}],NULL,0,[{count:2500},{count:2500,"label:""usertable""}]",[{count:0}],0,0,0,0,1,143747,173.916673043611,0,25000,5720.61352,3918,1015295,7051,9511,25000
81,run,2500,true,uniform,READ,0,0,0,0,0,0,[{count:2500},{count:2500,"label:""usertable""}]",[{count:0}],NULL,0,[{count:2500},{count:2500,"label:""usertable""}]",[{count:0}],NULL,0,[{count:2500},{count:2500,"label:""usertable""}]",[{count:0}],1,0,0,0,0,16909,1478.50257259448,0,25000,650.43412,364,34719,1185,2221,25000
81,reference,2500,true,uniform,READ,0,0,0,0,0,0,[{count:2500},{count:2500,"label:""usertable""}]",[{count:0}],NULL,0,[{count:2500},{count:2500,"label:""usertable""}]",[{count:0}],NULL,0,[{count:2500},{count:2500,"label:""usertable""}]",[{count:0}],1,0,0,0,0,9210,2714.44082519001,0,25000,342.65568,150,30095,648,1068,25000
81,clean-run,2500,true,uniform,READ,0,0,0,0,0,0,[{count:2500},{count:2500,"label:""usertable""}]",[{count:0}],NULL,0,[{count:2500},{count:2500,"label:""usertable""}]",[{count:0}],NULL,0,[{count:2500},{count:2500,"label:""usertable""}]",[{count:0}],1,0,0,0,0,26771,933.846326248553,0,25000,1044.4902,382,353535,1544,5303,25000
81,avg-run,2500,true,uniform,READ,0,0,0,0,0,0,[{count:2500},{count:2500,"label:""usertable""}]",[{count:0}],NULL,0,[{count:2500},{count:2500,"label:""usertable""}]",[{count:0}],NULL,0,[{count:2500},{count:2500,"label:""usertable""}]",[{count:0}],1,0,0,0,0,16502,1514.96788268089,0,25000,633.10404,268,210815,1324,2981,25000
82,extend,2500,true,uniform,EXTEND,0,0,0,0,0,0,[{count:2500},{count:2500,"label:""usertable""}]",[{count:0}],NULL,0,[{count:2500},{count:2500,"label:""usertable""}]",[{count:0}],NULL,0,[{count:2500},{count:2500,"label:""usertable""}]",[{count:0}],0,0,0,0,1,144734,172.730664529413,0,25000,5759.26908,3300,1025535,7167,9623,25000
82,run,2500,true,uniform,READ,0,0,0,0,0,0,[{count:2500},{count:2500,"label:""usertable""}]",[{count:0}],NULL,0,[{count:2500},{count:2500,"label:""usertable""}]",[{count:0}],NULL,0,[{count:2500},{count:2500,"label:""usertable""}]",[{count:0}],1,0,0,0,0,16915,1477.97812592374,0,25000,650.19956,354,32767,1237,2391,25000
82,reference,2500,true,uniform,READ,0,0,0,0,0,0,[{count:2500},{count:2500,"label:""usertable""}]",[{count:0}],NULL,0,[{count:2500},{count:2500,"label:""usertable""}]",[{count:0}],NULL,0,[{count:2500},{count:2500,"label:""usertable""}]",[{count:0}],1,0,0,0,0,9201,2717.09596782958,0,25000,343.19736,120,30911,655,1017,25000
82,clean-run,2500,true,uniform,READ,0,0,0,0,0,0,[{count:2500},{count:2500,"label:""usertable""}]",[{count:0}],NULL,0,[{count:2500},{count:2500,"label:""usertable""}]",[{count:0}],NULL,0,[{count:2500},{count:2500,"label:""usertable""}]",[{count:0}],1,0,0,0,0,26546,941.761470654713,0,25000,1035.15864,373,391167,1534,5647,25000
82,avg-run,2500,true,uniform,READ,0,0,0,0,0,0,[{count:2500},{count:2500,"label:""usertable""}]",[{count:0}],NULL,0,[{count:2500},{count:2500,"label:""usertable""}]",[{count:0}],NULL,0,[{count:2500},{count:2500,"label:""usertable""}]",[{count:0}],1,0,0,0,0,16084,1554.33971648844,0,25000,616.83856,267,205567,1337,2769,25000
83,extend,2500,true,uniform,EXTEND,0,0,0,0,0,0,[{count:2500},{count:2500,"label:""usertable""}]",[{count:0}],NULL,0,[{count:2500},{count:2500,"label:""usertable""}]",[{count:0}],NULL,0,[{count:2500},{count:2500,"label:""usertable""}]",[{count:0}],0,0,0,0,1,142583,175.336470687249,0,25000,5673.8054,3938,979967,6975,9575,25000
83,run,2500,true,uniform,READ,0,0,0,0,0,0,[{count:2500},{count:2500,"label:""usertable""}]",[{count:0}],NULL,0,[{count:2500},{count:2500,"label:""usertable""}]",[{count:0}],NULL,0,[{count:2500},{count:2500,"label:""usertable""}]",[{count:0}],1,0,0,0,0,17334,1442.25222106842,0,25000,666.087,356,33311,1215,2591,25000
83,reference,2500,true,uniform,READ,0,0,0,0,0,0,[{count:2500},{count:2500,"label:""usertable""}]",[{count:0}],NULL,0,[{count:2500},{count:2500,"label:""usertable""}]",[{count:0}],NULL,0,[{count:2500},{count:2500,"label:""usertable""}]",[{count:0}],1,0,0,0,0,9123,2740.32664693632,0,25000,340.18936,143,30079,627,1065,25000
83,clean-run,2500,true,uniform,READ,0,0,0,0,0,0,[{count:2500},{count:2500,"label:""usertable""}]",[{count:0}],NULL,0,[{count:2500},{count:2500,"label:""usertable""}]",[{count:0}],NULL,0,[{count:2500},{count:2500,"label:""usertable""}]",[{count:0}],1,0,0,0,0,26518,942.755863941474,0,25000,1033.71744,373,353023,1542,5411,25000
83,avg-run,2500,true,uniform,READ,0,0,0,0,0,0,[{count:2500},{count:2500,"label:""usertable""}]",[{count:0}],NULL,0,[{count:2500},{count:2500,"label:""usertable""}]",[{count:0}],NULL,0,[{count:2500},{count:2500,"label:""usertable""}]",[{count:0}],1,0,0,0,0,16489,1516.16229001152,0,25000,632.69844,245,208511,1362,2961,25000
84,extend,2500,true,uniform,EXTEND,0,0,0,0,0,0,[{count:2500},{count:2500,"label:""usertable""}]",[{count:0}],NULL,0,[{count:2500},{count:2500,"label:""usertable""}]",[{count:0}],NULL,0,[{count:2500},{count:2500,"label:""usertable""}]",[{count:0}],0,0,0,0,1,146421,170.740535852098,0,25000,5826.76564,4026,1017855,7207,9463,25000
84,run,2500,true,uniform,READ,0,0,0,0,0,0,[{count:2500},{count:2500,"label:""usertable""}]",[{count:0}],NULL,0,[{count:2500},{count:2500,"label:""usertable""}]",[{count:0}],NULL,0,[{count:2500},{count:2500,"label:""usertable""}]",[{count:0}],1,0,0,0,0,17155,1457.3010784028,0,25000,659.48908,346,34879,1227,2403,25000
84,reference,2500,true,uniform,READ,0,0,0,0,0,0,[{count:2500},{count:2500,"label:""usertable""}]",[{count:0}],NULL,0,[{count:2500},{count:2500,"label:""usertable""}]",[{count:0}],NULL,0,[{count:2500},{count:2500,"label:""usertable""}]",[{count:0}],1,0,0,0,0,9299,2688.46112485213,0,25000,346.51636,154,31023,608,1017,25000
84,clean-run,2500,true,uniform,READ,0,0,0,0,0,0,[{count:2500},{count:2500,"label:""usertable""}]",[{count:0}],NULL,0,[{count:2500},{count:2500,"label:""usertable""}]",[{count:0}],NULL,0,[{count:2500},{count:2500,"label:""usertable""}]",[{count:0}],1,0,0,0,0,26581,940.521425078063,0,25000,1037.67004,331,367615,1580,5327,25000
84,avg-run,2500,true,uniform,READ,0,0,0,0,0,0,[{count:2500},{count:2500,"label:""usertable""}]",[{count:0}],NULL,0,[{count:2500},{count:2500,"label:""usertable""}]",[{count:0}],NULL,0,[{count:2500},{count:2500,"label:""usertable""}]",[{count:0}],1,0,0,0,0,16293,1534.40127662186,0,25000,624.51508,259,179455,1297,2651,25000
85,extend,2500,true,uniform,EXTEND,0,0,0,0,0,0,[{count:2500},{count:2500,"label:""usertable""}]",[{count:0}],NULL,0,[{count:2500},{count:2500,"label:""usertable""}]",[{count:0}],NULL,0,[{count:2500},{count:2500,"label:""usertable""}]",[{count:0}],0,0,0,0,1,144071,173.52555337299,0,25000,5733.16784,3976,1031679,7155,9679,25000
85,run,2500,true,uniform,READ,0,0,0,0,0,0,[{count:2500},{count:2500,"label:""usertable""}]",[{count:0}],NULL,0,[{count:2500},{count:2500,"label:""usertable""}]",[{count:0}],NULL,0,[{count:2500},{count:2500,"label:""usertable""}]",[{count:0}],1,0,0,0,0,16574,1508.38662966091,0,25000,637.03444,340,33663,1129,2151,25000
85,reference,2500,true,uniform,READ,0,0,0,0,0,0,[{count:2500},{count:2500,"label:""usertable""}]",[{count:0}],NULL,0,[{count:2500},{count:2500,"label:""usertable""}]",[{count:0}],NULL,0,[{count:2500},{count:2500,"label:""usertable""}]",[{count:0}],1,0,0,0,0,9230,2708.55904658722,0,25000,343.7378,151,30895,637,1027,25000
85,clean-run,2500,true,uniform,READ,0,0,0,0,0,0,[{count:2500},{count:2500,"label:""usertable""}]",[{count:0}],NULL,0,[{count:2500},{count:2500,"label:""usertable""}]",[{count:0}],NULL,0,[{count:2500},{count:2500,"label:""usertable""}]",[{count:0}],1,0,0,0,0,27390,912.741876597298,0,25000,1068.66808,352,366079,1617,5619,25000
85,avg-run,2500,true,uniform,READ,0,0,0,0,0,0,[{count:2500},{count:2500,"label:""usertable""}]",[{count:0}],NULL,0,[{count:2500},{count:2500,"label:""usertable""}]",[{count:0}],NULL,0,[{count:2500},{count:2500,"label:""usertable""}]",[{count:0}],1,0,0,0,0,16193,1543.87698388192,0,25000,621.29536,268,192127,1328,2921,25000
86,extend,2500,true,uniform,EXTEND,0,0,0,0,0,0,[{count:2500},{count:2500,"label:""usertable""}]",[{count:0}],NULL,0,[{count:2500},{count:2500,"label:""usertable""}]",[{count:0}],NULL,0,[{count:2500},{count:2500,"label:""usertable""}]",[{count:0}],0,0,0,0,1,145729,171.551304133014,0,25000,5799.46528,4000,1005055,7211,9775,25000
86,run,2500,true,uniform,READ,0,0,0,0,0,0,[{count:2500},{count:2500,"label:""usertable""}]",[{count:0}],NULL,0,[{count:2500},{count:2500,"label:""usertable""}]",[{count:0}],NULL,0,[{count:2500},{count:2500,"label:""usertable""}]",[{count:0}],1,0,0,0,0,17012,1469.55090524336,0,25000,653.37872,374,32383,1155,2249,25000
86,reference,2500,true,uniform,READ,0,0,0,0,0,0,[{count:2500},{count:2500,"label:""usertable""}]",[{count:0}],NULL,0,[{count:2500},{count:2500,"label:""usertable""}]",[{count:0}],NULL,0,[{count:2500},{count:2500,"label:""usertable""}]",[{count:0}],1,0,0,0,0,9098,2747.856671796,0,25000,338.71,146,32895,632,1034,25000
86,clean-run,2500,true,uniform,READ,0,0,0,0,0,0,[{count:2500},{count:2500,"label:""usertable""}]",[{count:0}],NULL,0,[{count:2500},{count:2500,"label:""usertable""}]",[{count:0}],NULL,0,[{count:2500},{count:2500,"label:""usertable""}]",[{count:0}],1,0,0,0,0,28098,889.74304220941,0,25000,1096.51656,389,318207,1543,6311,25000
86,avg-run,2500,true,uniform,READ,0,0,0,0,0,0,[{count:2500},{count:2500,"label:""usertable""}]",[{count:0}],NULL,0,[{count:2500},{count:2500,"label:""usertable""}]",[{count:0}],NULL,0,[{count:2500},{count:2500,"label:""usertable""}]",[{count:0}],1,0,0,0,0,16364,1527.74382791494,0,25000,627.37096,270,198399,1335,2875,25000
87,extend,2500,true,uniform,EXTEND,0,0,0,0,0,0,[{count:2500},{count:2500,"label:""usertable""}]",[{count:0}],NULL,0,[{count:2500},{count:2500,"label:""usertable""}]",[{count:0}],NULL,0,[{count:2500},{count:2500,"label:""usertable""}]",[{count:0}],0,0,0,0,1,144534,172.969681874161,0,25000,5751.05308,4026,1017855,7251,9615,25000
87,run,2500,true,uniform,READ,0,0,0,0,0,0,[{count:2500},{count:2500,"label:""usertable""}]",[{count:0}],NULL,0,[{count:2500},{count:2500,"label:""usertable""}]",[{count:0}],NULL,0,[{count:2500},{count:2500,"label:""usertable""}]",[{count:0}],1,0,0,0,0,17048,1466.44767714688,0,25000,655.14432,374,32319,1091,2267,25000
87,reference,2500,true,uniform,READ,0,0,0,0,0,0,[{count:2500},{count:2500,"label:""usertable""}]",[{count:0}],NULL,0,[{count:2500},{count:2500,"label:""usertable""}]",[{count:0}],NULL,0,[{count:2500},{count:2500,"label:""usertable""}]",[{count:0}],1,0,0,0,0,9260,2699.78401727862,0,25000,345.36612,143,31023,627,1010,25000
87,clean-run,2500,true,uniform,READ,0,0,0,0,0,0,[{count:2500},{count:2500,"label:""usertable""}]",[{count:0}],NULL,0,[{count:2500},{count:2500,"label:""usertable""}]",[{count:0}],NULL,0,[{count:2500},{count:2500,"label:""usertable""}]",[{count:0}],1,0,0,0,0,27163,920.369620439569,0,25000,1059.25324,380,334847,1559,5707,25000
87,avg-run,2500,true,uniform,READ,0,0,0,0,0,0,[{count:2500},{count:2500,"label:""usertable""}]",[{count:0}],NULL,0,[{count:2500},{count:2500,"label:""usertable""}]",[{count:0}],NULL,0,[{count:2500},{count:2500,"label:""usertable""}]",[{count:0}],1,0,0,0,0,16626,1503.66895224347,0,25000,637.95292,275,196607,1420,2843,25000
88,extend,2500,true,uniform,EXTEND,0,0,0,0,0,0,[{count:2500},{count:2500,"label:""usertable""}]",[{count:0}],NULL,0,[{count:2500},{count:2500,"label:""usertable""}]",[{count:0}],NULL,0,[{count:2500},{count:2500,"label:""usertable""}]",[{count:0}],0,0,0,0,1,145521,171.796510469279,0,25000,5791.6992,3898,983039,7123,9327,25000
88,run,2500,true,uniform,READ,0,0,0,0,0,0,[{count:2500},{count:2500,"label:""usertable""}]",[{count:0}],NULL,0,[{count:2500},{count:2500,"label:""usertable""}]",[{count:0}],NULL,0,[{count:2500},{count:2500,"label:""usertable""}]",[{count:0}],1,0,0,0,0,17334,1442.25222106842,0,25000,666.83996,380,33567,1183,2431,25000
88,reference,2500,true,uniform,READ,0,0,0,0,0,0,[{count:2500},{count:2500,"label:""usertable""}]",[{count:0}],NULL,0,[{count:2500},{count:2500,"label:""usertable""}]",[{count:0}],NULL,0,[{count:2500},{count:2500,"label:""usertable""}]",[{count:0}],1,0,0,0,0,8972,2786.44672313865,0,25000,334.1214,130,30543,647,1032,25000
88,clean-run,2500,true,uniform,READ,0,0,0,0,0,0,[{count:2500},{count:2500,"label:""usertable""}]",[{count:0}],NULL,0,[{count:2500},{count:2500,"label:""usertable""}]",[{count:0}],NULL,0,[{count:2500},{count:2500,"label:""usertable""}]",[{count:0}],1,0,0,0,0,27207,918.881170287059,0,25000,1061.85792,360,364543,1577,5551,25000
88,avg-run,2500,true,uniform,READ,0,0,0,0,0,0,[{count:2500},{count:2500,"label:""usertable""}]",[{count:0}],NULL,0,[{count:2500},{count:2500,"label:""usertable""}]",[{count:0}],NULL,0,[{count:2500},{count:2500,"label:""usertable""}]",[{count:0}],1,0,0,0,0,15933,1569.07048264608,0,25000,610.99376,243,190975,1398,2715,25000
89,extend,2500,true,uniform,EXTEND,0,0,0,0,0,0,[{count:2500},{count:2500,"label:""usertable""}]",[{count:0}],NULL,0,[{count:2500},{count:2500,"label:""usertable""}]",[{count:0}],NULL,0,[{count:2500},{count:2500,"label:""usertable""}]",[{count:0}],0,0,0,0,1,145733,171.546595486266,0,25000,5800.18196,3618,982527,7203,9607,25000
89,run,2500,true,uniform,READ,0,0,0,0,0,0,[{count:2500},{count:2500,"label:""usertable""}]",[{count:0}],NULL,0,[{count:2500},{count:2500,"label:""usertable""}]",[{count:0}],NULL,0,[{count:2500},{count:2500,"label:""usertable""}]",[{count:0}],1,0,0,0,0,17360,1440.09216589862,0,25000,667.71964,377,33823,1172,2409,25000
89,reference,2500,true,uniform,READ,0,0,0,0,0,0,[{count:2500},{count:2500,"label:""usertable""}]",[{count:0}],NULL,0,[{count:2500},{count:2500,"label:""usertable""}]",[{count:0}],NULL,0,[{count:2500},{count:2500,"label:""usertable""}]",[{count:0}],1,0,0,0,0,9318,2682.97918008156,0,25000,347.38256,122,30607,632,1067,25000
89,clean-run,2500,true,uniform,READ,0,0,0,0,0,0,[{count:2500},{count:2500,"label:""usertable""}]",[{count:0}],NULL,0,[{count:2500},{count:2500,"label:""usertable""}]",[{count:0}],NULL,0,[{count:2500},{count:2500,"label:""usertable""}]",[{count:0}],1,0,0,0,0,27726,901.6807328861,0,25000,1082.29472,380,363007,1558,5627,25000
89,avg-run,2500,true,uniform,READ,0,0,0,0,0,0,[{count:2500},{count:2500,"label:""usertable""}]",[{count:0}],NULL,0,[{count:2500},{count:2500,"label:""usertable""}]",[{count:0}],NULL,0,[{count:2500},{count:2500,"label:""usertable""}]",[{count:0}],1,0,0,0,0,16354,1528.67799926623,0,25000,627.36464,259,188671,1290,2659,25000
90,extend,2500,true,uniform,EXTEND,0,0,0,0,0,0,[{count:2500},{count:2500,"label:""usertable""}]",[{count:0}],NULL,0,[{count:2500},{count:2500,"label:""usertable""}]",[{count:0}],NULL,0,[{count:2500},{count:2500,"label:""usertable""}]",[{count:0}],0,0,0,0,1,145417,171.919376689108,0,25000,5787.11848,3354,1015295,7167,9623,25000
90,run,2500,true,uniform,READ,0,0,0,0,0,0,[{count:2500},{count:2500,"label:""usertable""}]",[{count:0}],NULL,0,[{count:2500},{count:2500,"label:""usertable""}]",[{count:0}],NULL,0,[{count:2500},{count:2500,"label:""usertable""}]",[{count:0}],1,0,0,0,0,17326,1442.9181576821,0,25000,666.62156,382,36287,1198,2219,25000
90,reference,2500,true,uniform,READ,0,0,0,0,0,0,[{count:2500},{count:2500,"label:""usertable""}]",[{count:0}],NULL,0,[{count:2500},{count:2500,"label:""usertable""}]",[{count:0}],NULL,0,[{count:2500},{count:2500,"label:""usertable""}]",[{count:0}],1,0,0,0,0,9165,2727.76868521549,0,25000,340.88864,150,31407,646,1033,25000
90,clean-run,2500,true,uniform,READ,0,0,0,0,0,0,[{count:2500},{count:2500,"label:""usertable""}]",[{count:0}],NULL,0,[{count:2500},{count:2500,"label:""usertable""}]",[{count:0}],NULL,0,[{count:2500},{count:2500,"label:""usertable""}]",[{count:0}],1,0,0,0,0,27858,897.408284873286,0,25000,1087.63728,378,351487,1595,5859,25000
90,avg-run,2500,true,uniform,READ,0,0,0,0,0,0,[{count:2500},{count:2500,"label:""usertable""}]",[{count:0}],NULL,0,[{count:2500},{count:2500,"label:""usertable""}]",[{count:0}],NULL,0,[{count:2500},{count:2500,"label:""usertable""}]",[{count:0}],1,0,0,0,0,16407,1523.73986712988,0,25000,629.13044,254,192639,1349,2671,25000
91,extend,2500,true,uniform,EXTEND,0,0,0,0,0,0,[{count:2500},{count:2500,"label:""usertable""}]",[{count:0}],NULL,0,[{count:2500},{count:2500,"label:""usertable""}]",[{count:0}],NULL,0,[{count:2500},{count:2500,"label:""usertable""}]",[{count:0}],0,0,0,0,1,146436,170.723046245459,0,25000,5827.30752,3894,1048575,7175,9583,25000
91,run,2500,true,uniform,READ,0,0,0,0,0,0,[{count:2500},{count:2500,"label:""usertable""}]",[{count:0}],NULL,0,[{count:2500},{count:2500,"label:""usertable""}]",[{count:0}],NULL,0,[{count:2500},{count:2500,"label:""usertable""}]",[{count:0}],1,0,0,0,0,17671,1414.74732612755,0,25000,675.27808,390,49663,1149,2285,25000
91,reference,2500,true,uniform,READ,0,0,0,0,0,0,[{count:2500},{count:2500,"label:""usertable""}]",[{count:0}],NULL,0,[{count:2500},{count:2500,"label:""usertable""}]",[{count:0}],NULL,0,[{count:2500},{count:2500,"label:""usertable""}]",[{count:0}],1,0,0,0,0,9295,2689.61807423346,0,25000,346.5226,155,32495,646,1022,25000
91,clean-run,2500,true,uniform,READ,0,0,0,0,0,0,[{count:2500},{count:2500,"label:""usertable""}]",[{count:0}],NULL,0,[{count:2500},{count:2500,"label:""usertable""}]",[{count:0}],NULL,0,[{count:2500},{count:2500,"label:""usertable""}]",[{count:0}],1,0,0,0,0,27390,912.741876597298,0,25000,1069.2944,375,322815,1626,5903,25000
91,avg-run,2500,true,uniform,READ,0,0,0,0,0,0,[{count:2500},{count:2500,"label:""usertable""}]",[{count:0}],NULL,0,[{count:2500},{count:2500,"label:""usertable""}]",[{count:0}],NULL,0,[{count:2500},{count:2500,"label:""usertable""}]",[{count:0}],1,0,0,0,0,16063,1556.37178609226,0,25000,616.28204,254,189183,1259,2615,25000
92,extend,2500,true,uniform,EXTEND,0,0,0,0,0,0,[{count:2500},{count:2500,"label:""usertable""}]",[{count:0}],NULL,0,[{count:2500},{count:2500,"label:""usertable""}]",[{count:0}],NULL,0,[{count:2500},{count:2500,"label:""usertable""}]",[{count:0}],0,0,0,0,1,146755,170.351947122756,0,25000,5841.03904,3654,1007103,7203,9575,25000
92,run,2500,true,uniform,READ,0,0,0,0,0,0,[{count:2500},{count:2500,"label:""usertable""}]",[{count:0}],NULL,0,[{count:2500},{count:2500,"label:""usertable""}]",[{count:0}],NULL,0,[{count:2500},{count:2500,"label:""usertable""}]",[{count:0}],1,0,0,0,0,17697,1412.66881392326,0,25000,680.6086,386,32959,1242,2521,25000
92,reference,2500,true,uniform,READ,0,0,0,0,0,0,[{count:2500},{count:2500,"label:""usertable""}]",[{count:0}],NULL,0,[{count:2500},{count:2500,"label:""usertable""}]",[{count:0}],NULL,0,[{count:2500},{count:2500,"label:""usertable""}]",[{count:0}],1,0,0,0,0,9113,2743.33369911116,0,25000,339.3648,141,29871,623,1059,25000
92,clean-run,2500,true,uniform,READ,0,0,0,0,0,0,[{count:2500},{count:2500,"label:""usertable""}]",[{count:0}],NULL,0,[{count:2500},{count:2500,"label:""usertable""}]",[{count:0}],NULL,0,[{count:2500},{count:2500,"label:""usertable""}]",[{count:0}],1,0,0,0,0,27864,897.215044501866,0,25000,1087.23904,374,359167,1574,6159,25000
92,avg-run,2500,true,uniform,READ,0,0,0,0,0,0,[{count:2500},{count:2500,"label:""usertable""}]",[{count:0}],NULL,0,[{count:2500},{count:2500,"label:""usertable""}]",[{count:0}],NULL,0,[{count:2500},{count:2500,"label:""usertable""}]",[{count:0}],1,0,0,0,0,16167,1546.35986886868,0,25000,620.40636,251,192383,1344,2855,25000
93,extend,2500,true,uniform,EXTEND,0,0,0,0,0,0,[{count:2500},{count:2500,"label:""usertable""}]",[{count:0}],NULL,0,[{count:2500},{count:2500,"label:""usertable""}]",[{count:0}],NULL,0,[{count:2500},{count:2500,"label:""usertable""}]",[{count:0}],0,0,0,0,1,147155,169.888892664198,0,25000,5856.25136,3980,1016319,7295,9591,25000
93,run,2500,true,uniform,READ,0,0,0,0,0,0,[{count:2500},{count:2500,"label:""usertable""}]",[{count:0}],NULL,0,[{count:2500},{count:2500,"label:""usertable""}]",[{count:0}],NULL,0,[{count:2500},{count:2500,"label:""usertable""}]",[{count:0}],1,0,0,0,0,17229,1451.0418480469,0,25000,662.05692,347,42655,1154,2457,25000
93,reference,2500,true,uniform,READ,0,0,0,0,0,0,[{count:2500},{count:2500,"label:""usertable""}]",[{count:0}],NULL,0,[{count:2500},{count:2500,"label:""usertable""}]",[{count:0}],NULL,0,[{count:2500},{count:2500,"label:""usertable""}]",[{count:0}],1,0,0,0,0,9308,2685.86162440911,0,25000,347.41596,145,34911,632,1015,25000
93,clean-run,2500,true,uniform,READ,0,0,0,0,0,0,[{count:2500},{count:2500,"label:""usertable""}]",[{count:0}],NULL,0,[{count:2500},{count:2500,"label:""usertable""}]",[{count:0}],NULL,0,[{count:2500},{count:2500,"label:""usertable""}]",[{count:0}],1,0,0,0,0,27686,902.983457343061,0,25000,1080.96904,391,355327,1543,5683,25000
93,avg-run,2500,true,uniform,READ,0,0,0,0,0,0,[{count:2500},{count:2500,"label:""usertable""}]",[{count:0}],NULL,0,[{count:2500},{count:2500,"label:""usertable""}]",[{count:0}],NULL,0,[{count:2500},{count:2500,"label:""usertable""}]",[{count:0}],1,0,0,0,0,16141,1548.85075274147,0,25000,618.60956,277,213503,1291,2689,25000
94,extend,2500,true,uniform,EXTEND,0,0,0,0,0,0,[{count:2500},{count:2500,"label:""usertable""}]",[{count:0}],NULL,0,[{count:2500},{count:2500,"label:""usertable""}]",[{count:0}],NULL,0,[{count:2500},{count:2500,"label:""usertable""}]",[{count:0}],0,0,0,0,1,146152,171.05479227106,0,25000,5816.53072,4038,1000447,7187,9631,25000
94,run,2500,true,uniform,READ,0,0,0,0,0,0,[{count:2500},{count:2500,"label:""usertable""}]",[{count:0}],NULL,0,[{count:2500},{count:2500,"label:""usertable""}]",[{count:0}],NULL,0,[{count:2500},{count:2500,"label:""usertable""}]",[{count:0}],1,0,0,0,0,17811,1403.6269720959,0,25000,685.16204,352,36127,1181,1987,25000
94,reference,2500,true,uniform,READ,0,0,0,0,0,0,[{count:2500},{count:2500,"label:""usertable""}]",[{count:0}],NULL,0,[{count:2500},{count:2500,"label:""usertable""}]",[{count:0}],NULL,0,[{count:2500},{count:2500,"label:""usertable""}]",[{count:0}],1,0,0,0,0,9196,2718.57329273597,0,25000,342.22228,144,31951,603,1009,25000
94,clean-run,2500,true,uniform,READ,0,0,0,0,0,0,[{count:2500},{count:2500,"label:""usertable""}]",[{count:0}],NULL,0,[{count:2500},{count:2500,"label:""usertable""}]",[{count:0}],NULL,0,[{count:2500},{count:2500,"label:""usertable""}]",[{count:0}],1,0,0,0,0,28041,891.551656502978,0,25000,1095.49408,393,357631,1619,6115,25000
94,avg-run,2500,true,uniform,READ,0,0,0,0,0,0,[{count:2500},{count:2500,"label:""usertable""}]",[{count:0}],NULL,0,[{count:2500},{count:2500,"label:""usertable""}]",[{count:0}],NULL,0,[{count:2500},{count:2500,"label:""usertable""}]",[{count:0}],1,0,0,0,0,16503,1514.8760831364,0,25000,632.63908,279,196607,1273,2805,25000
95,extend,2500,true,uniform,EXTEND,0,0,0,0,0,0,[{count:2500},{count:2500,"label:""usertable""}]",[{count:0}],NULL,0,[{count:2500},{count:2500,"label:""usertable""}]",[{count:0}],NULL,0,[{count:2500},{count:2500,"label:""usertable""}]",[{count:0}],0,0,0,0,1,147715,169.244829570457,0,25000,5879.26348,4036,996863,7259,9375,25000
95,run,2500,true,uniform,READ,0,0,0,0,0,0,[{count:2500},{count:2500,"label:""usertable""}]",[{count:0}],NULL,0,[{count:2500},{count:2500,"label:""usertable""}]",[{count:0}],NULL,0,[{count:2500},{count:2500,"label:""usertable""}]",[{count:0}],1,0,0,0,0,17733,1409.80093610782,0,25000,682.19416,386,37951,1208,2265,25000
95,reference,2500,true,uniform,READ,0,0,0,0,0,0,[{count:2500},{count:2500,"label:""usertable""}]",[{count:0}],NULL,0,[{count:2500},{count:2500,"label:""usertable""}]",[{count:0}],NULL,0,[{count:2500},{count:2500,"label:""usertable""}]",[{count:0}],1,0,0,0,0,9255,2701.24257158293,0,25000,345.34848,151,30847,640,1000,25000
95,clean-run,2500,true,uniform,READ,0,0,0,0,0,0,[{count:2500},{count:2500,"label:""usertable""}]",[{count:0}],NULL,0,[{count:2500},{count:2500,"label:""usertable""}]",[{count:0}],NULL,0,[{count:2500},{count:2500,"label:""usertable""}]",[{count:0}],1,0,0,0,0,27942,894.710471691361,0,25000,1090.29884,383,368639,1703,5815,25000
95,avg-run,2500,true,uniform,READ,0,0,0,0,0,0,[{count:2500},{count:2500,"label:""usertable""}]",[{count:0}],NULL,0,[{count:2500},{count:2500,"label:""usertable""}]",[{count:0}],NULL,0,[{count:2500},{count:2500,"label:""usertable""}]",[{count:0}],1,0,0,0,0,16471,1517.81919737721,0,25000,631.92512,256,184191,1313,2615,25000
96,extend,2500,true,uniform,EXTEND,0,0,0,0,0,0,[{count:2500},{count:2500,"label:""usertable""}]",[{count:0}],NULL,0,[{count:2500},{count:2500,"label:""usertable""}]",[{count:0}],NULL,0,[{count:2500},{count:2500,"label:""usertable""}]",[{count:0}],0,0,0,0,1,147195,169.842725636061,0,25000,5858.10224,3824,1000447,7235,9695,25000
96,run,2500,true,uniform,READ,0,0,0,0,0,0,[{count:2500},{count:2500,"label:""usertable""}]",[{count:0}],NULL,0,[{count:2500},{count:2500,"label:""usertable""}]",[{count:0}],NULL,0,[{count:2500},{count:2500,"label:""usertable""}]",[{count:0}],1,0,0,0,0,17209,1452.72822360393,0,25000,662.40548,389,32527,1107,2257,25000
96,reference,2500,true,uniform,READ,0,0,0,0,0,0,[{count:2500},{count:2500,"label:""usertable""}]",[{count:0}],NULL,0,[{count:2500},{count:2500,"label:""usertable""}]",[{count:0}],NULL,0,[{count:2500},{count:2500,"label:""usertable""}]",[{count:0}],1,0,0,0,0,9268,2697.45360379801,0,25000,345.33116,135,32015,620,1036,25000
96,clean-run,2500,true,uniform,READ,0,0,0,0,0,0,[{count:2500},{count:2500,"label:""usertable""}]",[{count:0}],NULL,0,[{count:2500},{count:2500,"label:""usertable""}]",[{count:0}],NULL,0,[{count:2500},{count:2500,"label:""usertable""}]",[{count:0}],1,0,0,0,0,26730,935.278713056491,0,25000,1041.77536,397,299263,1650,6095,25000
96,avg-run,2500,true,uniform,READ,0,0,0,0,0,0,[{count:2500},{count:2500,"label:""usertable""}]",[{count:0}],NULL,0,[{count:2500},{count:2500,"label:""usertable""}]",[{count:0}],NULL,0,[{count:2500},{count:2500,"label:""usertable""}]",[{count:0}],1,0,0,0,0,16671,1499.61010137364,0,25000,640.32812,280,197247,1330,2533,25000
97,extend,2500,true,uniform,EXTEND,0,0,0,0,0,0,[{count:2500},{count:2500,"label:""usertable""}]",[{count:0}],NULL,0,[{count:2500},{count:2500,"label:""usertable""}]",[{count:0}],NULL,0,[{count:2500},{count:2500,"label:""usertable""}]",[{count:0}],0,0,0,0,1,148737,168.081916402778,0,25000,5920.08124,3616,981503,7315,9543,25000
97,run,2500,true,uniform,READ,0,0,0,0,0,0,[{count:2500},{count:2500,"label:""usertable""}]",[{count:0}],NULL,0,[{count:2500},{count:2500,"label:""usertable""}]",[{count:0}],NULL,0,[{count:2500},{count:2500,"label:""usertable""}]",[{count:0}],1,0,0,0,0,17726,1410.35766670428,0,25000,682.74516,402,35487,1153,2317,25000
97,reference,2500,true,uniform,READ,0,0,0,0,0,0,[{count:2500},{count:2500,"label:""usertable""}]",[{count:0}],NULL,0,[{count:2500},{count:2500,"label:""usertable""}]",[{count:0}],NULL,0,[{count:2500},{count:2500,"label:""usertable""}]",[{count:0}],1,0,0,0,0,9053,2761.51551971722,0,25000,337.1534,145,32063,633,1035,25000
97,clean-run,2500,true,uniform,READ,0,0,0,0,0,0,[{count:2500},{count:2500,"label:""usertable""}]",[{count:0}],NULL,0,[{count:2500},{count:2500,"label:""usertable""}]",[{count:0}],NULL,0,[{count:2500},{count:2500,"label:""usertable""}]",[{count:0}],1,0,0,0,0,28244,885.143747344569,0,25000,1102.73812,377,376575,1588,6043,25000
97,avg-run,2500,true,uniform,READ,0,0,0,0,0,0,[{count:2500},{count:2500,"label:""usertable""}]",[{count:0}],NULL,0,[{count:2500},{count:2500,"label:""usertable""}]",[{count:0}],NULL,0,[{count:2500},{count:2500,"label:""usertable""}]",[{count:0}],1,0,0,0,0,17127,1459.6835406084,0,25000,658.5784,286,191999,1380,3093,25000
98,extend,2500,true,uniform,EXTEND,0,0,0,0,0,0,[{count:2500},{count:2500,"label:""usertable""}]",[{count:0}],NULL,0,[{count:2500},{count:2500,"label:""usertable""}]",[{count:0}],NULL,0,[{count:2500},{count:2500,"label:""usertable""}]",[{count:0}],0,0,0,0,1,148196,168.695511349834,0,25000,5898.8136,3836,1041407,7287,9903,25000
98,run,2500,true,uniform,READ,0,0,0,0,0,0,[{count:2500},{count:2500,"label:""usertable""}]",[{count:0}],NULL,0,[{count:2500},{count:2500,"label:""usertable""}]",[{count:0}],NULL,0,[{count:2500},{count:2500,"label:""usertable""}]",[{count:0}],1,0,0,0,0,17833,1401.89536253014,0,25000,687.0784,392,35103,1226,2361,25000
98,reference,2500,true,uniform,READ,0,0,0,0,0,0,[{count:2500},{count:2500,"label:""usertable""}]",[{count:0}],NULL,0,[{count:2500},{count:2500,"label:""usertable""}]",[{count:0}],NULL,0,[{count:2500},{count:2500,"label:""usertable""}]",[{count:0}],1,0,0,0,0,9199,2717.68670507664,0,25000,342.60468,157,30975,614,1023,25000
98,clean-run,2500,true,uniform,READ,0,0,0,0,0,0,[{count:2500},{count:2500,"label:""usertable""}]",[{count:0}],NULL,0,[{count:2500},{count:2500,"label:""usertable""}]",[{count:0}],NULL,0,[{count:2500},{count:2500,"label:""usertable""}]",[{count:0}],1,0,0,0,0,28342,882.083127513937,0,25000,1106.417,398,355327,1595,6095,25000
98,avg-run,2500,true,uniform,READ,0,0,0,0,0,0,[{count:2500},{count:2500,"label:""usertable""}]",[{count:0}],NULL,0,[{count:2500},{count:2500,"label:""usertable""}]",[{count:0}],NULL,0,[{count:2500},{count:2500,"label:""usertable""}]",[{count:0}],1,0,0,0,0,17112,1460.96306685367,0,25000,657.40404,279,204671,1367,2767,25000
99,extend,2500,true,uniform,EXTEND,0,0,0,0,0,0,[{count:2500},{count:2500,"label:""usertable""}]",[{count:0}],NULL,0,[{count:2500},{count:2500,"label:""usertable""}]",[{count:0}],NULL,0,[{count:2500},{count:2500,"label:""usertable""}]",[{count:0}],0,0,0,0,1,151086,165.468673470739,0,25000,6013.24748,3992,1034751,7383,9751,25000
99,run,2500,true,uniform,READ,0,0,0,0,0,0,[{count:2500},{count:2500,"label:""usertable""}]",[{count:0}],NULL,0,[{count:2500},{count:2500,"label:""usertable""}]",[{count:0}],NULL,0,[{count:2500},{count:2500,"label:""usertable""}]",[{count:0}],1,0,0,0,0,18836,1327.24569972393,0,25000,726.4192,387,34143,1351,2727,25000
99,reference,2500,true,uniform,READ,0,0,0,0,0,0,[{count:2500},{count:2500,"label:""usertable""}]",[{count:0}],NULL,0,[{count:2500},{count:2500,"label:""usertable""}]",[{count:0}],NULL,0,[{count:2500},{count:2500,"label:""usertable""}]",[{count:0}],1,0,0,0,0,8842,2827.41461207872,0,25000,329.17548,134,31231,608,994,25000
99,clean-run,2500,true,uniform,READ,0,0,0,0,0,0,[{count:2500},{count:2500,"label:""usertable""}]",[{count:0}],NULL,0,[{count:2500},{count:2500,"label:""usertable""}]",[{count:0}],NULL,0,[{count:2500},{count:2500,"label:""usertable""}]",[{count:0}],1,0,0,0,0,28363,881.430032084053,0,25000,1107.3022,407,347391,1773,5943,25000
99,avg-run,2500,true,uniform,READ,0,0,0,0,0,0,[{count:2500},{count:2500,"label:""usertable""}]",[{count:0}],NULL,0,[{count:2500},{count:2500,"label:""usertable""}]",[{count:0}],NULL,0,[{count:2500},{count:2500,"label:""usertable""}]",[{count:0}],1,0,0,0,0,16782,1489.69133595519,0,25000,644.66912,296,200959,1331,2725,25000
100,extend,2500,true,uniform,EXTEND,0,0,0,0,0,0,[{count:2500},{count:2500,"label:""usertable""}]",[{count:0}],NULL,0,[{count:2500},{count:2500,"label:""usertable""}]",[{count:0}],NULL,0,[{count:2500},{count:2500,"label:""usertable""}]",[{count:0}],0,0,0,0,1,148603,168.233481154485,0,25000,5914.8834,3998,975871,7319,9663,25000
100,run,2500,true,uniform,READ,0,0,0,0,0,0,[{count:2500},{count:2500,"label:""usertable""}]",[{count:0}],NULL,0,[{count:2500},{count:2500,"label:""usertable""}]",[{count:0}],NULL,0,[{count:2500},{count:2500,"label:""usertable""}]",[{count:0}],1,0,0,0,0,17965,1391.59476760367,0,25000,691.93356,379,33343,1176,2389,25000
100,reference,2500,true,uniform,READ,0,0,0,0,0,0,[{count:2500},{count:2500,"label:""usertable""}]",[{count:0}],NULL,0,[{count:2500},{count:2500,"label:""usertable""}]",[{count:0}],NULL,0,[{count:2500},{count:2500,"label:""usertable""}]",[{count:0}],1,0,0,0,0,9268,2697.45360379801,0,25000,345.26452,144,28927,640,1025,25000
100,clean-run,2500,true,uniform,READ,0,0,0,0,0,0,[{count:2500},{count:2500,"label:""usertable""}]",[{count:0}],NULL,0,[{count:2500},{count:2500,"label:""usertable""}]",[{count:0}],NULL,0,[{count:2500},{count:2500,"label:""usertable""}]",[{count:0}],1,0,0,0,0,28066,890.757500178152,0,25000,1095.66724,417,370431,1601,6051,25000
100,avg-run,2500,true,uniform,READ,0,0,0,0,0,0,[{count:2500},{count:2500,"label:""usertable""}]",[{count:0}],NULL,0,[{count:2500},{count:2500,"label:""usertable""}]",[{count:0}],NULL,0,[{count:2500},{count:2500,"label:""usertable""}]",[{count:0}],1,0,0,0,0,16651,1501.41132664705,0,25000,639.06888,300,205695,1291,2731,25000
