Epoch,Phase,Recordcount,Readallfields,Requestdist,Operation,blks_read,blks_hit,tup_returned,tup_fetched,tup_inserted,tup_updated,tup_deleted,deadlocks,temp_files,temp_bytes,checkpoints_timed,checkpoints_req,buffers_checkpoint,buffers_clean,buffers_backend,buffers_alloc,checkpoint_write_time,checkpoint_sync_time,wal_bytes,wal_records,wal_fpi,wal_buffers_full,Readprop,Updateprop,Scanprop,Insertprop,Extendprop,Runtime(ms),Throughput(ops/sec),Operations,AverageLatency(us),MinLatency(us),MaxLatency(us),95thPercentileLatency(us),99thPercentileLatency(us),Return=OK
0,load,10000,true,uniform,INSERT,1,35068,1974,1011,10046,1,0,0,0,0,133,1373,1750218,19857473,193078015,964106237,41196381,3129913,657693839301,662814532,66655494,11776734,1,0,0,0,0,12774,782.8401440425865,10000,1243.2477,793,8287,1501,1584,10000
1,extend,10000,true,uniform,EXTEND,2,1155527,243616,221548,18576,100012,1494,0,0,0,133,1373,1750218,19858223,193085457,964112309,41196381,3129913,657794924060,663206499,66655502,11776734,0,0,0,0,1,119960,833.6112037345782,100000,1193.53704,399,12335,1748,1856,100000
1,run,10000,true,uniform,READ,2,1713651,442065,399551,18689,100023,1594,0,0,0,133,1373,1750218,19858223,193085457,964112338,41196381,3129913,657796023477,663221534,66655502,11776734,1,0,0,0,0,4083,24491.795248591723,100000,37.16669,20,22367,47,71,100000
1,reference,10000,true,uniform,READ,1,340598,114217,101497,10119,1,0,0,0,0,133,1373,1750218,19858223,193085457,964112338,41196381,3129913,657796023538,663221535,66655502,11776734,1,0,0,0,0,2882,34698.126301179735,100000,25.21571,19,18207,37,61,100000
1,clean-run,10000,true,uniform,READ,510,576170,186143,175174,16869,1,0,0,4,385024,133,1374,1758019,19858223,193085919,964116261,41196435,3129919,657822994617,663242256,66656490,11778495,1,0,0,0,0,3861,25900.0259000259,100000,34.98101,20,18575,46,72,100000
1,avg-run,10000,true,uniform,READ,512,1271511,418253,377239,36869,5,0,0,4,385024,133,1374,1758019,19858223,193085919,964119202,41196435,3129919,657847072170,663292383,66656492,11778495,1,0,0,0,0,3454,28951.939779965258,100000,30.8796,22,14943,43,72,100000
2,extend,10000,true,uniform,EXTEND,2,3617684,933755,836648,57439,200045,19323,0,0,0,133,1374,1758019,19858415,193085919,964121666,41196435,3129919,657972912239,663785410,66662500,11778495,0,0,0,0,1,124152,805.4642696050004,100000,1235.24729,423,14807,1781,1886,100000
2,run,10000,true,uniform,READ,2,4876788,1363375,1245822,57600,200056,19466,0,0,0,133,1374,1758019,19858415,193085919,964121706,41196435,3129919,657974500066,663806813,66662500,11778495,1,0,0,0,0,4712,21222.410865874364,100000,43.50255,21,22447,54,79,100000
2,reference,10000,true,uniform,READ,1,643038,237241,202746,10119,1,0,0,0,0,133,1374,1758019,19858415,193085919,964121706,41196435,3129919,657974500066,663806813,66662500,11778495,1,0,0,0,0,3217,31084.861672365558,100000,28.51791,20,19823,39,62,100000
2,clean-run,10000,true,uniform,READ,620,1337056,404636,393667,36764,1,0,0,4,385024,133,1375,1766538,19858615,193092587,964127268,41196499,3129929,658014631760,663868833,66663487,11781814,1,0,0,0,0,4474,22351.363433169423,100000,41.1458,22,20447,54,81,100000
2,avg-run,10000,true,uniform,READ,695,3085225,936986,895972,86764,5,0,0,4,385024,133,1375,1766538,19858615,193092587,964131698,41196499,3129929,658053146847,663979204,66663530,11781814,1,0,0,0,0,4273,23402.761525860053,100000,39.10895,26,10783,52,81,100000
3,extend,10000,true,uniform,EXTEND,4,7775060,2135209,1957638,110166,300078,56037,0,0,0,133,1375,1766538,19859068,193100579,964134755,41196499,3129929,658209601139,664555579,66671613,11781814,0,0,0,0,1,123171,811.8794196685908,100000,1225.64199,418,12975,1787,1900,100000
3,run,10000,true,uniform,READ,75,9566417,2740693,2542676,110380,300089,56246,0,0,0,133,1375,1766538,19859770,193100579,964134809,41196499,3129929,658211123885,664574586,66671613,11781814,1,0,0,0,0,4628,21607.605877268797,100000,42.69851,25,23295,55,84,100000
3,reference,10000,true,uniform,READ,1589,943963,361155,304009,10119,1,0,0,0,0,133,1375,1766538,19861130,193100579,964136397,41196499,3129929,658211123885,664574586,66671613,11781814,1,0,0,0,0,3191,31338.138514572234,100000,28.17745,19,18319,39,69,100000
3,clean-run,10000,true,uniform,READ,1693,1933234,575399,564430,52391,1,0,0,4,385024,133,1376,1778037,19861667,193103590,964146036,41196562,3129934,658263762635,664669432,66672600,11786364,1,0,0,0,0,4373,22867.5966155957,100000,40.08635,24,24991,53,80,100000
3,avg-run,10000,true,uniform,READ,1775,4384928,1308014,1267000,122391,5,0,0,4,385024,133,1376,1778037,19861669,193111272,964152227,41196562,3129934,658315174176,664819701,66672602,11786364,1,0,0,0,0,4438,22532.672374943668,100000,40.67669,29,11975,56,85,100000
4,extend,10000,true,uniform,EXTEND,11192,13175465,3693975,3433804,171179,400111,106151,0,0,0,133,1376,1778037,19870734,193119543,964164171,41196562,3129934,658498076281,665421769,66683466,11786364,0,0,0,0,1,132707,753.539752989669,100000,1320.37246,423,15063,1827,1932,100000
4,run,10000,true,uniform,READ,11301,15938313,4419110,4137617,171441,400122,106396,0,0,0,133,1376,1778037,19870734,193119543,964164318,41196562,3129934,658500775896,665458773,66683466,11786364,1,0,0,0,0,5620,17793.59430604982,100000,52.60583,28,23039,63,99,100000
4,reference,10000,true,uniform,READ,3321,1244671,484179,405258,10119,1,0,0,0,0,133,1376,1778037,19870749,193119543,964165907,41196562,3129934,658500775946,665458774,66683466,11786364,1,0,0,0,0,3899,25647.601949217747,100000,35.30911,19,21471,43,67,100000
4,clean-run,10000,true,uniform,READ,630,2344143,692195,681226,63118,1,0,0,4,385024,133,1377,1792135,19871117,193119949,964175981,41196677,3129946,658565185476,665576616,66684453,11791732,1,0,0,0,0,4908,20374.89812550937,100000,45.5362,26,21487,59,92,100000
4,avg-run,10000,true,uniform,READ,698,5148476,1525050,1484036,143118,5,0,0,4,385024,133,1377,1792135,19871117,193127774,964183520,41196677,3129946,658628087879,665746914,66684455,11791732,1,0,0,0,0,5189,19271.53594141453,100000,48.16527,31,16607,58,88,100000
5,extend,10000,true,uniform,EXTEND,36812,20678191,5498694,5156984,238301,500144,165828,0,0,0,133,1377,1792135,19894276,193142093,964214945,41196677,3129946,658829921572,666379549,66697498,11791732,0,0,0,0,1,126181,792.5123433797481,100000,1255.52205,420,16271,1815,1944,100000
5,run,10000,true,uniform,READ,41052,23760174,6302430,5940274,238608,500155,166121,0,0,0,133,1377,1792135,19895751,193144407,964216407,41196677,3129946,658832928082,666420752,66697498,11791732,1,0,0,0,0,5068,19731.64956590371,100000,47.01983,29,19311,68,100,100000
5,reference,10000,true,uniform,READ,5165,1545340,608093,506521,10119,1,0,0,0,0,133,1377,1792135,19897239,193144407,964218147,41196677,3129946,658832928082,666420752,66697498,11791732,1,0,0,0,0,3126,31989.76327575176,100000,27.42937,18,18079,38,69,100000
5,clean-run,10000,true,uniform,READ,1832,2435732,714178,704086,70350,1,0,0,4,385024,133,1378,1804267,19897775,193153274,964233998,41196807,3129986,658907466425,666546128,66698483,11798545,1,0,0,0,0,4656,21477.66323024055,100000,42.90867,27,21743,62,92,100000
5,avg-run,10000,true,uniform,READ,1931,5310387,1567648,1526634,150673,5,0,0,4,385024,133,1378,1804267,19897775,193161330,964242841,41196807,3129986,658981245610,666720106,66698567,11798545,1,0,0,0,0,5304,18853.69532428356,100000,49.46648,31,15871,63,92,100000
6,extend,10000,true,uniform,EXTEND,107571,28871470,7466843,7044364,309762,600177,231672,0,0,0,133,1378,1804267,19921626,193188177,964297107,41196807,3129986,659202871577,667399624,66714596,11798545,0,0,0,0,1,130761,764.7540168704736,100000,1300.99976,449,15007,1834,1960,100000
6,run,10000,true,uniform,READ,127265,32158748,8326746,7883821,310102,600188,232011,0,0,0,133,1378,1804267,19923666,193188177,964309399,41196807,3129986,659205138806,667427241,66714596,11798545,1,0,0,0,0,5888,16983.695652173912,100000,55.22494,32,24687,72,102,100000
6,reference,10000,true,uniform,READ,7000,1846018,732007,607784,10119,1,0,0,0,0,133,1378,1804267,19923852,193188177,964311310,41196807,3129986,659205138856,667427242,66714596,11798545,1,0,0,0,0,3276,30525.030525030525,100000,29.18491,19,21071,40,68,100000
6,clean-run,10000,true,uniform,READ,1430,2647968,773794,763702,76263,1,0,0,4,385024,133,1379,1816475,19924544,193198648,964325400,41196900,3130004,659290544215,667564552,66715581,11806924,1,0,0,0,0,4681,21362.956633198035,100000,43.18835,29,17999,62,91,100000
6,avg-run,10000,true,uniform,READ,1530,5884333,1730544,1689530,166636,5,0,0,4,385024,133,1379,1816475,19924544,193206558,964335194,41196900,3130004,659375865475,667758799,66715585,11806924,1,0,0,0,0,5116,19546.520719311964,100000,47.47154,33,15239,65,92,100000
7,extend,10000,true,uniform,EXTEND,256720,37712292,9603332,9101662,385495,700221,303047,0,0,0,133,1379,1816475,19975944,193248217,964446912,41196900,3130004,659616725311,668470054,66733097,11806924,0,0,0,0,1,136559,732.2842141491956,100000,1358.87907,448,14847,1856,1994,100000
7,run,10000,true,uniform,READ,319153,41110907,10502180,9980064,385865,700232,303420,0,0,0,133,1379,1816475,19979106,193252707,964496374,41196900,3130004,659618405516,668486384,66733098,11806924,1,0,0,0,0,6098,16398.81928501148,100000,57.23317,33,23407,73,108,100000
7,reference,10000,true,uniform,READ,8793,2146738,855921,709047,10119,1,0,0,0,0,133,1379,1816475,19979367,193252707,964498182,41196900,3130004,659618405516,668486384,66733098,11806924,1,0,0,0,0,3435,29112.081513828238,100000,30.76962,18,22735,40,62,100000
7,clean-run,10000,true,uniform,READ,1192,2991515,872422,861453,81058,8,0,0,4,385024,133,1380,1824759,19980298,193262163,964516052,41197074,3130124,659715917739,668644401,66734086,11814863,1,0,0,0,0,5345,18709.073900841908,100000,49.84279,31,22383,68,98,100000
7,avg-run,10000,true,uniform,READ,1273,6154302,1805817,1764803,171058,12,0,0,4,385024,133,1380,1824759,19980298,193269952,964527855,41197074,3130124,659810271140,668834727,66734088,11814863,1,0,0,0,0,5409,18487.705675725643,100000,50.49601,33,15391,67,103,100000
8,extend,10000,true,uniform,EXTEND,528403,46464065,11757768,11178832,464249,800254,378065,0,0,0,133,1380,1824759,20041130,193345222,964724112,41197074,3130124,660066165984,669520287,66753509,11814863,0,0,0,0,1,132327,755.7036734755568,100000,1316.37318,431,15791,1838,1992,100000
8,run,10000,true,uniform,READ,685007,49914417,12687225,12086966,464645,800265,378454,0,0,0,133,1380,1824759,20044317,193371091,964858945,41197074,3130124,660070255240,669576829,66753539,11814863,1,0,0,0,0,6155,16246.953696181967,100000,57.80864,33,22367,78,119,100000
8,reference,10000,true,uniform,READ,10562,2447482,979835,810310,10119,1,0,0,0,0,133,1380,1824759,20044363,193371091,964862123,41197074,3130124,660070255290,669576830,66753539,11814863,1,0,0,0,0,3500,28571.428571428572,100000,31.30014,19,17839,41,63,100000
8,clean-run,10000,true,uniform,READ,1199,2943597,856799,846707,84586,1,0,0,4,385024,133,1381,1826326,20044934,193379870,964890359,41197114,3130292,660176887326,669730932,66754524,11825808,1,0,0,0,0,6118,16345.210853220007,100000,57.46091,32,22623,72,102,100000
8,avg-run,10000,true,uniform,READ,1298,6173956,1809212,1768198,175058,5,0,0,4,385024,133,1381,1826326,20044937,193395988,964903407,41197114,3130292,660282440792,669925657,66754528,11825808,1,0,0,0,0,5437,18392.495861688432,100000,50.49072,35,12591,70,102,100000
9,extend,10000,true,uniform,EXTEND,995364,55269929,13963520,13307639,545470,900287,456364,0,0,0,133,1381,1826326,20111079,193489872,965186997,41197114,3130292,660556915189,670623699,66776161,11825808,0,0,0,0,1,137037,729.7299269540343,100000,1363.29345,457,16959,1865,2004,100000
9,run,10000,true,uniform,READ,1239478,58701921,14912221,14235018,545888,900298,456774,0,0,0,133,1381,1826326,20113247,193517447,965408613,41197114,3130292,660561274096,670684393,66776200,11825808,1,0,0,0,0,7069,14146.272457207526,100000,67.06822,38,25519,85,125,100000
9,reference,10000,true,uniform,READ,12318,2748166,1102859,911559,10119,1,0,0,0,0,133,1381,1826326,20113250,193517447,965410422,41197114,3130292,660561274096,670684393,66776200,11825808,1,0,0,0,0,3054,32743.94237066143,100000,26.97451,19,18079,38,63,100000
9,clean-run,10000,true,uniform,READ,1029,3055502,890105,879139,87842,1,0,0,4,385024,133,1382,1827209,20113689,193529289,965449108,41197134,3130646,660678387003,670845114,66777185,11837742,1,0,0,0,0,5577,17930.787161556393,100000,52.13714,34,22543,70,107,100000
9,avg-run,10000,true,uniform,READ,1117,6572630,1921528,1880517,187842,5,0,0,4,385024,133,1382,1827209,20113698,193545473,965464112,41197134,3130646,660794230582,671055470,66777187,11837742,1,0,0,0,0,5541,18047.283883775493,100000,51.81415,38,11079,65,106,100000
10,extend,10000,true,uniform,EXTEND,1644924,64017246,16199155,15466778,629203,1000320,537556,0,0,0,133,1382,1827209,20180406,193675872,965842235,41197134,3130646,661089907408,671771661,66801162,11837742,0,0,0,0,1,138433,722.3711109345315,100000,1377.46196,445,15671,1874,2026,100000
10,run,10000,true,uniform,READ,1969546,67413822,17162312,16408613,629627,1000331,537975,0,0,0,133,1382,1827209,20182189,193707047,966139250,41197134,3130646,661094498005,671836460,66801187,11837742,1,0,0,0,0,7098,14088.475626937165,100000,67.41728,39,24895,86,147,100000
10,reference,10000,true,uniform,READ,14111,3048886,1226773,1012822,10119,1,0,0,0,0,133,1382,1827209,20182190,193707047,966141059,41197134,3130646,661094498005,671836460,66801187,11837742,1,0,0,0,0,3131,31938.677738741615,100000,27.64202,20,21583,38,61,100000
10,clean-run,10000,true,uniform,READ,1504,3242882,941180,930211,90827,1,0,0,4,385024,133,1383,1828065,20182892,193716453,966190067,41197151,3131122,661223772473,672018124,66802174,11850700,1,0,0,0,0,5765,17346.053772766696,100000,53.94151,35,21535,71,114,100000
10,avg-run,10000,true,uniform,READ,1586,6760869,1974845,1933831,190827,5,0,0,4,385024,133,1383,1828065,20182892,193732335,966205061,41197151,3131122,661349616056,672228480,66802176,11850700,1,0,0,0,0,5888,16983.695652173912,100000,55.01536,38,13663,71,102,100000
11,extend,10000,true,uniform,EXTEND,2435498,72707608,18459985,17651107,715779,1100353,621095,0,0,0,133,1384,1828889,20249199,193880328,966599062,41197151,3131122,661770086407,672956734,66848719,11850700,0,0,0,0,1,137189,728.9214149822508,100000,1365.19965,441,23055,1878,2057,100000
11,run,10000,true,uniform,READ,2822512,76090489,19444119,18613919,716220,1100364,621531,0,0,0,133,1384,1828891,20250902,193916061,966954595,41197151,3131122,661797443691,673029902,66854662,11850700,1,0,0,0,0,7715,12961.762799740765,100000,73.63585,43,25343,91,138,100000
11,reference,10000,true,uniform,READ,15904,3349606,1350687,1114085,10119,1,0,0,0,0,133,1384,1828891,20250902,193916061,966956404,41197151,3131122,661797443741,673029903,66854662,11850700,1,0,0,0,0,3046,32829.94090610637,100000,26.79054,19,19935,38,67,100000
11,clean-run,10000,true,uniform,READ,5019,3200452,944406,933440,93252,1,0,0,4,385024,133,1385,1829748,20254046,193931976,967016978,41237061,3131747,661935339366,673201561,66855649,11864807,1,0,0,0,0,5936,16846.361185983827,100000,55.71319,37,23567,76,119,100000
11,avg-run,10000,true,uniform,READ,15856,6712114,1975829,1934818,193252,5,0,0,4,385024,133,1385,1829748,20257725,193952778,967045115,41237061,3131747,662071182949,673411917,66855651,11864807,1,0,0,0,0,6621,15103.458692040478,100000,62.49318,39,16639,73,114,100000
12,extend,10000,true,uniform,EXTEND,3350035,81388325,20768128,19884040,807494,1200386,708682,0,0,0,133,1386,1830462,20328725,194123172,967496638,41237061,3131747,662537537501,674152949,66909873,11864807,0,0,0,0,1,144814,690.540969795738,100000,1441.29129,460,18175,1911,2101,100000
12,run,10000,true,uniform,READ,3814438,84861520,21798477,20893066,808391,1200408,709573,0,0,0,133,1386,1830462,20330520,194146053,967900088,41237061,3131747,662554755388,674239486,66913086,11864807,1,0,0,0,0,7794,12830.382345393893,100000,74.22146,41,26079,92,141,100000
12,reference,10000,true,uniform,READ,17697,3650326,1474601,1215348,10119,1,0,0,0,0,133,1386,1830462,20330522,194146053,967901897,41237061,3131747,662554755388,674239486,66913086,11864807,1,0,0,0,0,3383,29559.562518474726,100000,30.1733,18,20351,41,68,100000
12,clean-run,10000,true,uniform,READ,24100,3334571,995280,984311,97901,1,0,0,4,385024,133,1387,1831345,20334422,194176327,967987460,41295382,3132511,662705239370,674438045,66914075,11879844,1,0,0,0,0,6615,15117.157974300831,100000,62.38711,39,26543,79,126,100000
12,avg-run,10000,true,uniform,READ,35800,6845997,2029065,1988051,197901,5,0,0,4,385024,133,1387,1831345,20338313,194198604,968016572,41295382,3132511,662851082903,674648400,66914077,11879844,1,0,0,0,0,6822,14658.45793022574,100000,64.5233,42,13503,75,105,100000
13,extend,10000,true,uniform,EXTEND,4402572,90181264,23165204,22206781,905431,1300430,801314,0,0,0,133,1388,1831986,20407713,194374592,968516463,41295382,3132511,663357004873,675422542,66974527,11879844,0,0,0,0,1,141815,705.1440256672425,100000,1411.38767,476,41023,1885,2115,100000
13,run,10000,true,uniform,READ,4917076,93632992,24238871,23259258,906342,1300452,802221,0,0,0,133,1388,1831986,20409624,194408101,968970340,41295382,3132511,663363657263,675505975,66974584,11879844,1,0,0,0,0,8002,12496.875781054736,100000,76.32498,42,21471,99,157,100000
13,reference,10000,true,uniform,READ,19490,3951046,1598515,1316611,10119,1,0,0,0,0,133,1388,1831986,20409626,194408101,968972751,41295382,3132511,663363657313,675505976,66974584,11879844,1,0,0,0,0,3602,27762.3542476402,100000,32.34571,19,23535,40,64,100000
13,clean-run,10000,true,uniform,READ,41662,3344951,1040638,1030546,102988,1,0,0,4,385024,133,1389,1832880,20413626,194445465,969085325,41379898,3133372,663522922954,675697223,66975572,11896736,1,0,0,0,0,6799,14708.045300779526,100000,64.47212,40,24447,82,122,100000
13,avg-run,10000,true,uniform,READ,99691,6870351,2079883,2038869,203457,5,0,0,4,385024,133,1389,1832880,20418495,194482627,969159595,41379898,3133372,663680861757,675927400,66975576,11896736,1,0,0,0,0,6230,16051.364365971107,100000,58.50881,40,12983,79,124,100000
14,extend,10000,true,uniform,EXTEND,5560261,98981444,25664992,24633600,1009927,1400474,899582,0,0,0,133,1390,1833510,20488593,194664910,969702737,41379898,3133372,664220122404,676719326,67038931,11896736,0,0,0,0,1,144414,692.4536402287866,100000,1437.11986,437,24031,1912,2183,100000
14,run,10000,true,uniform,READ,6127298,102442172,26796024,25743532,1010854,1400496,900505,0,0,0,133,1390,1833510,20490369,194698856,970202176,41379898,3133372,664227130094,676808207,67038994,11896736,1,0,0,0,0,8074,12385.434728758979,100000,77.07106,45,22399,95,148,100000
14,reference,10000,true,uniform,READ,21283,4251766,1722429,1417874,10119,1,0,0,0,0,133,1390,1833510,20490370,194698856,970204056,41379898,3133372,664227130094,676808207,67038994,11896736,1,0,0,0,0,3420,29239.766081871345,100000,30.46836,19,21247,41,65,100000
14,clean-run,10000,true,uniform,READ,63965,3458138,1109584,1098535,109947,1,0,0,4,385024,133,1391,1834433,20494570,194744523,970340292,41480266,3134357,664399475649,677033603,67039985,11913321,1,0,0,0,0,6976,14334.862385321101,100000,66.13186,41,22191,86,133,100000
14,avg-run,10000,true,uniform,READ,128841,6923397,2143428,2102334,209947,5,0,0,4,385024,133,1391,1834433,20499145,194781993,970425494,41480266,3134357,664565319232,677243959,67039987,11913321,1,0,0,0,0,6745,14825.796886582653,100000,63.70125,41,13911,79,115,100000
15,extend,10000,true,uniform,EXTEND,6819236,107825841,28297713,27194427,1122521,1500518,1004864,0,0,0,133,1392,1835053,20568802,194982662,971007964,41480266,3134357,665122082947,678059833,67104376,11913321,0,0,0,0,1,144412,692.4632302024762,100000,1436.91698,473,41023,1907,2159,100000
15,run,10000,true,uniform,READ,7436115,111284775,29498706,28374097,1123453,1500540,1005799,0,0,0,133,1392,1835053,20570656,195016360,971546833,41480266,3134357,665129512762,678155715,67104467,11913321,1,0,0,0,0,8712,11478.42056932966,100000,83.55955,45,22783,105,189,100000
15,reference,10000,true,uniform,READ,23076,4552486,1846343,1519137,10119,1,0,0,0,0,133,1392,1835053,20570657,195016360,971548642,41480266,3134357,665129512762,678155715,67104467,11913321,1,0,0,0,0,3045,32840.72249589491,100000,26.78625,19,22463,37,65,100000
15,clean-run,10000,true,uniform,READ,84734,3503800,1183674,1172625,117498,18,0,0,4,393216,133,1393,1836012,20574701,195070668,971708584,41591701,3135477,665312952960,678397650,67105456,11931583,1,0,0,0,0,6864,14568.764568764569,100000,64.92752,42,26591,92,150,100000
15,avg-run,10000,true,uniform,READ,212724,6914811,2217538,2176444,217498,22,0,0,4,393216,133,1393,1836012,20579504,195115102,971861834,41591701,3135477,665488796543,678608006,67105458,11931583,1,0,0,0,0,7411,13493.45567399811,100000,70.567,45,17439,83,128,100000
16,extend,10000,true,uniform,EXTEND,8173631,116694509,31090717,29914823,1243750,1600562,1117818,0,0,0,133,1394,1836678,20648253,195334449,972481194,41591701,3135477,666057235454,679459406,67169726,11931583,0,0,0,0,1,142919,699.6970311854967,100000,1422.40267,442,67071,1890,2189,100000
16,run,10000,true,uniform,READ,8827858,120147969,32372627,31175410,1244692,1600584,1118759,0,0,0,133,1394,1836678,20650159,195367769,973047132,41591701,3135477,666064940623,679559755,67169802,11931583,1,0,0,0,0,8778,11392.11665527455,100000,84.10384,46,23871,104,160,100000
16,reference,10000,true,uniform,READ,24869,4853206,1970257,1620400,10119,1,0,0,0,0,133,1394,1836678,20650160,195367769,973053529,41591701,3135477,666064940623,679559755,67169802,11931583,1,0,0,0,0,3387,29524.65308532625,100000,30.29094,18,17791,39,64,100000
16,clean-run,10000,true,uniform,READ,101005,3484419,1266171,1255205,125396,1,0,0,4,385024,133,1395,1837679,20653303,195407267,973240718,41714898,3136630,666257243562,679796162,67170789,11950747,1,0,0,0,0,8157,12259.40909648155,100000,78.0164,45,20527,100,163,100000
16,avg-run,10000,true,uniform,READ,227988,6895819,2297705,2256690,225396,5,0,0,4,385024,133,1395,1837679,20657979,195458434,973393670,41714898,3136630,666443087175,680006519,67170791,11950747,1,0,0,0,0,7304,13691.128148959475,100000,69.23812,45,14415,85,125,100000
17,extend,10000,true,uniform,EXTEND,9605660,125581446,34066932,32818393,1374460,1700606,1239465,0,0,0,133,1396,1838249,20725915,195686324,974045175,41714898,3136630,667019615979,680890466,67234185,11950747,0,0,0,0,1,141402,707.2035756212783,100000,1407.33696,467,47071,1882,2215,100000
17,run,10000,true,uniform,READ,10297391,129030645,35439334,34169472,1375406,1700628,1240415,0,0,0,133,1396,1838249,20727673,195719090,974648454,41714898,3136630,667027774399,680998229,67234282,11950747,1,0,0,0,0,8877,11265.06702714881,100000,85.11709,45,24767,107,163,100000
17,reference,10000,true,uniform,READ,26662,5153926,2094171,1721663,10119,1,0,0,0,0,133,1396,1838249,20727675,195719090,974650262,41714898,3136630,667027774399,680998229,67234282,11950747,1,0,0,0,0,3238,30883.261272390366,100000,28.67077,20,19391,38,64,100000
17,clean-run,10000,true,uniform,READ,125144,3501518,1356096,1346004,134462,1,0,0,4,385024,133,1397,1839316,20730436,195766093,974866367,41842764,3137985,667231291308,681252852,67235269,11971736,1,0,0,0,0,8441,11846.937566639024,100000,80.74552,44,23599,101,180,100000
17,avg-run,10000,true,uniform,READ,252767,6913323,2388600,2347586,234475,5,0,0,4,385024,133,1397,1839316,20735181,195810742,975020040,41842764,3137985,667427165652,681463528,67235272,11971736,1,0,0,0,0,7460,13404.825737265415,100000,70.75066,45,17007,90,130,100000
18,extend,10000,true,uniform,EXTEND,11117267,134492628,37244620,35923181,1514666,1800650,1370299,0,0,0,133,1398,1839843,20804359,196062886,975707296,41842764,3137985,668014081373,682383394,67298110,11971736,0,0,0,0,1,143531,696.7136019396506,100000,1428.28949,462,57247,1886,2213,100000
18,run,10000,true,uniform,READ,11851384,137950485,38710080,37367318,1515625,1800672,1371256,0,0,0,133,1398,1839843,20806193,196090482,976338822,41842764,3137985,668022831081,682501137,67298199,11971736,1,0,0,0,0,9267,10790.978741771878,100000,88.90218,50,26639,114,179,100000
18,reference,10000,true,uniform,READ,28460,5454714,2218975,1822940,10119,1,0,0,0,0,133,1398,1839843,20806194,196090482,976346841,41842764,3137985,668022831081,682501137,67298199,11971736,1,0,0,0,0,3580,27932.96089385475,100000,32.05898,19,21871,42,70,100000
18,clean-run,10000,true,uniform,READ,148164,3519597,1449578,1439486,143797,1,0,0,4,385024,133,1399,1840924,20810651,196151770,976592131,41979807,3139405,668237596447,682774547,67299186,11993924,1,0,0,0,0,8882,11258.72551227201,100000,85.12604,47,25279,110,194,100000
18,avg-run,10000,true,uniform,READ,263127,7339130,2584622,2543608,254288,5,0,0,4,385024,133,1399,1840924,20815888,196196551,976723184,41979807,3139405,668447170135,683027160,67299190,11993924,1,0,0,0,0,7321,13659.336156262805,100000,69.48243,48,18303,85,134,100000
19,extend,10000,true,uniform,EXTEND,12776773,143528301,40632363,39236064,1665009,1900705,1511128,0,0,0,133,1400,1841437,20885711,196480233,977452406,41979807,3139405,669037274538,684070149,67359432,11993924,0,0,0,0,1,144949,689.8978261319498,100000,1442.55405,493,64255,1901,2247,100000
19,run,10000,true,uniform,READ,13486491,146915764,42189347,40772602,1665414,1900716,1511554,0,0,0,133,1400,1841497,20887042,196504083,978116292,41979807,3139405,669040506291,684112181,67359444,11993924,1,0,0,0,0,9284,10771.219302024989,100000,89.12279,51,20927,108,159,100000
19,reference,10000,true,uniform,READ,30253,5755434,2342889,1924203,10119,1,0,0,0,0,133,1400,1841534,20887043,196504083,978121951,41979807,3139405,669040506291,684112181,67359444,11993924,1,0,0,0,0,3332,30012.004801920768,100000,29.71199,19,18751,40,67,100000
19,clean-run,10000,true,uniform,READ,170945,3542044,1544836,1533870,153260,1,0,0,4,385024,133,1401,1842539,20889409,196551953,978393055,42123784,3140908,669266539126,684404654,67360431,12015982,1,0,0,0,0,9001,11109.876680368849,100000,86.47597,49,19599,108,185,100000
19,avg-run,10000,true,uniform,READ,382936,8509726,3676258,3635247,363260,5,0,0,4,385024,133,1401,1842539,20894884,196619579,978639195,42123784,3140908,669497189524,684835744,67360545,12015982,1,0,0,0,0,8998,11113.580795732385,100000,86.32446,62,13151,108,198,100000
20,extend,10000,true,uniform,EXTEND,14442485,152521402,44222745,42751801,1823310,2000738,1660339,0,0,0,133,1402,1843120,20964305,196913858,979406291,42250368,3141565,670094820998,685906800,67419815,12015982,0,0,0,0,1,144863,690.3073938824958,100000,1441.65028,468,70335,1890,2299,100000
20,run,10000,true,uniform,READ,15186629,155910984,45872335,44380945,1823546,2000749,1660603,0,0,0,133,1402,1843120,20965752,196951691,980102542,42250368,3141565,670098717468,685966071,67419833,12015982,1,0,0,0,0,9489,10538.518284329224,100000,91.12951,52,24127,110,175,100000
20,reference,10000,true,uniform,READ,32046,6056154,2466803,2025466,10119,1,0,0,0,0,133,1402,1843120,20965753,196951691,980104357,42250368,3141565,670098717468,685966071,67419833,12015982,1,0,0,0,0,2982,33534.5405767941,100000,26.13108,19,19519,36,62,100000
20,clean-run,10000,true,uniform,READ,195770,4466068,1635097,1625005,162395,1,0,0,4,385024,133,1403,1844275,20970954,197030690,980404472,42250401,3142503,670335980628,686277015,67420820,12041396,1,0,0,0,0,9406,10631.5118009781,100000,90.53774,51,23871,117,200,100000
20,avg-run,10000,true,uniform,READ,421556,9481669,3769106,3728092,372642,12,0,0,4,385024,133,1403,1844275,20976822,197090868,980652355,42250401,3142503,670578843045,686737199,67420897,12041396,1,0,0,0,0,8073,12386.968908708039,100000,76.97036,51,13447,92,132,100000
21,extend,10000,true,uniform,EXTEND,16181144,161550474,48012195,46467019,1989353,2100771,1817901,0,0,0,133,1404,1844795,21043944,197403971,981449534,42369267,3144071,671168998908,687834176,67476458,12041396,0,0,0,0,1,140943,709.5066800053922,100000,1402.55888,646,65503,1813,2211,100000
21,run,10000,true,uniform,READ,16959450,164945769,49746896,48181274,1989489,2100782,1818052,0,0,0,133,1404,1844795,21045440,197442710,982176578,42369267,3144071,671173074578,687899869,67476491,12041396,1,0,0,0,0,10641,9397.6130062964,100000,102.76028,60,25423,134,208,100000
21,reference,10000,true,uniform,READ,33839,6356874,2590717,2126729,10119,1,0,0,0,0,133,1404,1844795,21045441,197442710,982178285,42369267,3144071,671173074578,687899869,67476491,12041396,1,0,0,0,0,3385,29542.097488921714,100000,30.21712,19,18671,40,66,100000
21,clean-run,10000,true,uniform,READ,217820,4497707,1720923,1709957,170837,1,0,0,4,385024,133,1405,1845949,21047662,197502193,982505325,42369302,3144823,671421471022,688227937,67477478,12067841,1,0,0,0,0,9541,10481.081647626035,100000,91.69867,61,25903,116,203,100000
21,avg-run,10000,true,uniform,READ,429143,9466313,3852345,3811334,380837,5,0,0,4,385024,133,1405,1845949,21053189,197562374,982749723,42369302,3144823,671672101634,688658753,67477521,12067841,1,0,0,0,0,9733,10274.324463166548,100000,93.56779,71,12927,121,201,100000
22,extend,10000,true,uniform,EXTEND,17988337,170631191,51982737,50364487,2162335,2200804,1983057,0,0,0,133,1406,1846429,21121389,197879837,983578969,42483062,3146479,672270266565,689773546,67533002,12067841,0,0,0,0,1,143009,699.2566901383829,100000,1423.42344,638,73727,1839,2331,100000
22,run,10000,true,uniform,READ,18805633,174050844,53796967,52158271,2162411,2200815,1983147,0,0,0,133,1407,1848283,21123312,197927091,984331732,42483062,3146479,672357171796,689851590,67554986,12067841,1,0,0,0,0,10788,9269.558769002595,100000,104.21773,59,24143,134,210,100000
22,reference,10000,true,uniform,READ,35632,6657594,2714631,2227992,10119,1,0,0,0,0,133,1407,1848283,21123312,197927091,984341301,42483062,3146479,672357171846,689851591,67554986,12067841,1,0,0,0,0,3903,25621.316935690495,100000,35.38719,20,18047,43,67,100000
22,clean-run,10000,true,uniform,READ,251734,4599590,1797568,1786599,178673,1,0,0,4,393216,133,1408,1849455,21128572,198012833,984689530,42500043,3147399,672618646171,690226946,67555975,12094674,1,0,0,0,0,8866,11279.043537108053,100000,84.96839,50,21263,109,177,100000
22,avg-run,10000,true,uniform,READ,464495,9566875,3929492,3888478,388673,5,0,0,4,393216,133,1408,1849455,21134485,198080064,984938847,42500043,3147399,672879271176,690657698,67556002,12094674,1,0,0,0,0,9101,10987.80353807274,100000,87.23377,62,15335,108,187,100000
23,extend,10000,true,uniform,EXTEND,19874143,179791628,56122273,54432134,2342147,2300837,2155868,0,0,0,133,1410,1850256,21201818,198396891,985799962,42606051,3148926,673538294004,691786901,67621818,12094674,0,0,0,0,1,140811,710.1717905561355,100000,1401.57404,497,79999,1868,2397,100000
23,run,10000,true,uniform,READ,20742729,183232838,58006831,56296246,2342191,2300848,2155918,0,0,0,133,1410,1850264,21203537,198449883,986600300,42606051,3148926,673610256606,691884925,67641386,12094674,1,0,0,0,0,10995,9095.043201455206,100000,106.29516,60,26367,132,204,100000
23,reference,10000,true,uniform,READ,37425,6958314,2838545,2329255,10119,1,0,0,0,0,133,1410,1850264,21203538,198449957,986606713,42606051,3148926,673610290983,691885086,67641423,12094674,1,0,0,0,0,3349,29859.65959988056,100000,29.81153,19,23199,39,69,100000
23,clean-run,10000,true,uniform,READ,254464,4615712,1867846,1857754,185653,1,0,0,4,385024,133,1411,1851477,21208164,198527866,986980512,42632850,3150228,673880688522,692242821,67642410,12123025,1,0,0,0,0,9536,10486.577181208053,100000,91.78763,52,22495,118,196,100000
23,avg-run,10000,true,uniform,READ,479535,9623728,4000648,3959634,395708,5,0,0,4,385024,133,1411,1851477,21214180,198595558,987225759,42632850,3150228,674152906502,692699191,67642414,12123025,1,0,0,0,0,9585,10432.968179447053,100000,92.02547,66,18463,118,195,100000
24,extend,10000,true,uniform,EXTEND,21821719,188944969,60410824,58649406,2527550,2400870,2335259,0,0,0,133,1413,1851976,21282881,198918050,988137843,42727379,3152438,674840727384,693784340,67713826,12123025,0,0,0,0,1,144087,694.0251375904835,100000,1434.06227,482,78207,1871,2307,100000
24,run,10000,true,uniform,READ,22805407,192466450,62357292,60574551,2527599,2400892,2335319,0,0,0,133,1413,1851976,21284966,198961609,988995046,42727379,3152438,674937418196,693930340,67739758,12123025,1,0,0,0,0,11703,8544.81756814492,100000,113.39784,71,22639,140,207,100000
24,reference,10000,true,uniform,READ,39251,7259074,2963349,2430532,10119,1,0,0,0,0,133,1413,1851976,21284966,198961609,988996863,42727379,3152438,674937418246,693930341,67739758,12123025,1,0,0,0,0,3167,31575.623618566467,100000,27.9638,19,18895,39,66,100000
24,clean-run,10000,true,uniform,READ,291630,4744011,1930082,1919113,191835,1,0,0,4,385024,133,1414,1853161,21291053,199054549,989398039,42763632,3154319,675220706611,694334163,67740747,12152971,1,0,0,0,0,10189,9814.505839630974,100000,98.14136,57,26719,126,212,100000
24,avg-run,10000,true,uniform,READ,503040,9711543,4061746,4020732,401835,5,0,0,4,385024,133,1415,1853527,21296874,199120726,989643895,42763632,3154319,675501678275,694764853,67740832,12152971,1,0,0,0,0,9612,10403.662089055348,100000,92.37108,66,13911,111,189,100000
25,extend,10000,true,uniform,EXTEND,23943271,198241593,64826188,62993569,2717436,2500903,2520119,0,0,0,133,1416,1853967,21361560,199477175,990611515,42859360,3155826,676288436828,695845696,67831020,12152971,0,0,0,0,1,135306,739.0655255494952,100000,1346.59668,489,73087,1572,2311,100000
25,run,10000,true,uniform,READ,24988247,201824121,66822201,64968259,2717466,2500925,2520152,0,0,0,133,1416,1853967,21363470,199516071,991514965,42859360,3155826,676358328988,696011978,67848515,12152971,1,0,0,0,0,11963,8359.107247345983,100000,116.01713,70,21887,145,210,100000
25,reference,10000,true,uniform,READ,41044,7559794,3087263,2531795,10119,1,0,0,0,0,133,1416,1853967,21363470,199516071,991521545,42859360,3155826,676358328988,696011978,67848515,12152971,1,0,0,0,0,3871,25833.118057349522,100000,34.9751,19,20959,43,68,100000
25,clean-run,10000,true,uniform,READ,291910,4764174,1980060,1969968,196956,1,0,0,4,385024,133,1417,1855149,21367814,199594467,991947543,42913041,3157220,676650259140,696391993,67849503,12183583,1,0,0,0,0,10486,9536.524890329963,100000,101.12318,71,23743,135,212,100000
25,avg-run,10000,true,uniform,READ,516290,9764748,4112717,4071703,406982,5,0,0,4,385024,133,1418,1855672,21373754,199665333,992193662,42913041,3157220,676942559364,696845065,67849579,12183583,1,0,0,0,0,9806,10197.838058331634,100000,94.34648,66,18655,116,186,100000
26,extend,10000,true,uniform,EXTEND,26266490,207758134,69348924,67445171,2911233,2600947,2709540,0,0,0,133,1419,1856136,21439577,200042637,993216989,43003966,3158248,677825507866,698046531,67959387,12183583,0,0,0,0,1,138213,723.5209423136753,100000,1376.04474,700,71231,1572,2289,100000
26,run,10000,true,uniform,READ,27294749,211300062,71387657,69463458,2911237,2600958,2709546,0,0,0,133,1419,1856136,21441252,200089563,994174197,43003966,3158248,677829847634,698120814,67959520,12183583,1,0,0,0,0,12511,7992.966189753018,100000,121.42477,78,33375,159,235,100000
26,reference,10000,true,uniform,READ,42837,7860514,3211177,2633058,10119,1,0,0,0,0,133,1419,1856136,21441254,200089563,994178598,43003966,3158248,677829847634,698120814,67959520,12183583,1,0,0,0,0,3079,32478.07729782397,100000,27.11641,17,17023,37,65,100000
26,clean-run,10000,true,uniform,READ,311304,4823990,2025153,2015061,201449,1,0,0,4,385024,133,1420,1857292,21444672,200168286,994630424,43064809,3159539,678132379959,698509686,67960507,12215048,1,0,0,0,0,10569,9461.63307786924,100000,102.03137,68,27935,133,211,100000
26,avg-run,10000,true,uniform,READ,591085,10067890,4157755,4116741,411464,5,0,0,4,385024,133,1421,1857861,21450939,200240444,994939251,43064809,3159539,678434174111,698954941,67960564,12215048,1,0,0,0,0,10549,9479.571523367144,100000,101.78498,71,14599,126,211,100000
27,extend,10000,true,uniform,EXTEND,28617385,217294589,73961192,71987986,3108391,2700980,2903131,0,0,0,133,1422,1858329,21516853,200623284,996002509,43150527,3159614,679332849305,700161520,68071077,12215048,0,0,0,0,1,138035,724.4539428405839,100000,1373.99855,565,65727,1586,2339,100000
27,run,10000,true,uniform,READ,29692056,220858742,76035583,74041931,3108393,2700991,2903133,0,0,0,133,1422,1858484,21518599,200683346,996994752,43150527,3159614,679338410834,700256351,68071274,12215048,1,0,0,0,0,12793,7816.774798718049,100000,124.18112,79,23087,161,241,100000
27,reference,10000,true,uniform,READ,44630,8161234,3335091,2734321,10119,1,0,0,0,0,133,1422,1858511,21518602,200683346,996999027,43150527,3159614,679338410884,700256352,68071274,12215048,1,0,0,0,0,3127,31979.53309881676,100000,27.62174,19,23807,38,62,100000
27,clean-run,10000,true,uniform,READ,328198,4870184,2061868,2051781,205090,1,0,0,0,0,133,1423,1859527,21521556,200762474,997473215,43221960,3161193,679651433758,700652364,68072261,12247514,1,0,0,0,0,10496,9527.439024390244,100000,101.36044,69,21887,131,209,100000
27,avg-run,10000,true,uniform,READ,613641,10068363,4194443,4153434,415103,5,0,0,0,0,133,1424,1859866,21528151,200836263,997788239,43221960,3161193,679962980689,701093891,68072309,12247514,1,0,0,0,0,10626,9410.878976096368,100000,102.38278,73,13679,128,211,100000
28,extend,10000,true,uniform,EXTEND,30996598,226782245,78648890,76607215,3308416,2801013,3099991,0,0,0,133,1425,1860371,21594217,201190692,998887749,43297568,3164533,680882580871,702253850,68192618,12247514,0,0,0,0,1,140252,713.0023101274849,100000,1396.04679,585,86591,1615,3003,100000
28,run,10000,true,uniform,READ,32152887,230380259,80755953,78693181,3308420,2801035,3099995,0,0,0,133,1425,1860556,21596598,201260628,999918210,43297568,3164533,680890869196,702394425,68192785,12247514,1,0,0,0,0,12879,7764.577995185961,100000,125.03096,78,24927,160,233,100000
28,reference,10000,true,uniform,READ,46432,8462018,3459895,2835598,10119,1,0,0,0,0,133,1425,1860592,21596598,201260628,999920061,43297568,3164533,680890869196,702394425,68192785,12247514,1,0,0,0,0,3222,31036.623215394164,100000,28.63005,19,18095,40,66,100000
28,clean-run,10000,true,uniform,READ,344899,4899171,2094320,2084233,208327,1,0,0,0,0,133,1426,1861533,21601706,201354874,1000416778,43384063,3167031,681214329442,702796819,68193772,12281237,1,0,0,0,0,10623,9413.536665725313,100000,102.6419,70,27439,131,198,100000
28,avg-run,10000,true,uniform,READ,642544,10124786,4226895,4185886,418340,5,0,0,0,0,133,1427,1862184,21608243,201434607,1000733246,43384063,3167031,681537063836,703258355,68193821,12281237,1,0,0,0,0,10774,9281.603861147207,100000,103.99844,78,13447,136,216,100000
29,extend,10000,true,uniform,EXTEND,33495735,236331940,83403808,81294964,3511229,2901046,3299841,0,0,0,133,1428,1863215,21675454,201848882,1001869434,43457166,3170391,682473752553,704373672,68317096,12281237,0,0,0,0,1,141396,707.2335851084896,100000,1407.33669,521,82239,1673,4451,100000
29,run,10000,true,uniform,READ,34730700,240012416,85539918,83409751,3511233,2901068,3299845,0,0,0,133,1428,1863217,21677194,201887368,1002924514,43526614,3171287,682490393385,704561002,68319196,12281237,1,0,0,0,0,13137,7612.087995737231,100000,127.69923,81,23775,166,245,100000
29,reference,10000,true,uniform,READ,48221,8762742,3583809,2936861,10119,1,0,0,0,0,133,1428,1863217,21677195,201887368,1002934309,43526614,3171287,682490393385,704561002,68319196,12281237,1,0,0,0,0,3261,30665.440049064706,100000,29.00017,19,26207,40,65,100000
29,clean-run,10000,true,uniform,READ,385606,4971546,2125255,2114291,211340,1,0,0,0,0,133,1429,1864369,21683312,202011629,1003446211,43526657,3173036,682826742957,705010997,68320186,12316714,1,0,0,0,0,10967,9118.263882556761,100000,105.8761,68,22943,139,207,100000
29,avg-run,10000,true,uniform,READ,732404,9834747,4256792,4215783,421340,5,0,0,0,0,133,1430,1864701,21690447,202108658,1003847444,43526657,3173036,683157588121,705441656,68320229,12316714,1,0,0,0,0,10798,9260.974254491572,100000,104.28667,78,13087,136,216,100000
30,extend,10000,true,uniform,EXTEND,36196989,246098013,88224474,86047829,3717241,3001090,3502695,0,0,0,133,1431,1866212,21757207,202527992,1005015812,43659664,3180419,684121054112,706678456,68442844,12316714,0,0,0,0,1,143985,694.5167899433969,100000,1433.49851,550,198143,1608,3815,100000
30,run,10000,true,uniform,READ,37376506,249697331,90391154,88194063,3717243,3001101,3502697,0,0,0,133,1432,1867571,21759339,202601884,1006104375,43659664,3180419,684184829764,706787428,68461531,12316714,1,0,0,0,0,13384,7471.607890017932,100000,130.06013,82,27695,168,242,100000
30,reference,10000,true,uniform,READ,50014,9063462,3707723,3038124,10119,1,0,0,0,0,133,1432,1867571,21759339,202601884,1006106189,43659664,3180419,684184829764,706787428,68461531,12316714,1,0,0,0,0,3118,32071.84092366902,100000,27.59289,19,20367,38,65,100000
30,clean-run,10000,true,uniform,READ,371381,4924456,2155843,2145756,214514,1,0,0,0,0,133,1433,1868722,21764912,202711550,1006635130,43678134,3182256,684529127812,707202223,68462518,12353660,1,0,0,0,0,11012,9081.002542680711,100000,106.42794,70,22351,141,205,100000
30,avg-run,10000,true,uniform,READ,741830,9837450,4288418,4247409,424527,5,0,0,0,0,133,1434,1869329,21772253,202812555,1007036296,43678134,3182256,684872135607,707669277,68462564,12353660,1,0,0,0,0,10919,9158.347834050737,100000,105.55287,80,15935,139,214,100000
31,extend,10000,true,uniform,EXTEND,38797140,255699179,93115348,90872308,3927139,3101123,3709137,0,0,0,133,1436,1870355,21841353,203254680,1008235271,43807827,3188596,685903807904,708845858,68598756,12353660,0,0,0,0,1,148678,672.5944658927347,100000,1479.87278,792,81151,1727,5599,100000
31,run,10000,true,uniform,READ,40095811,259387678,95317462,93053099,3927143,3101145,3709141,0,0,0,133,1436,1870355,21843217,203307362,1009349722,43807827,3188596,686075383897,709040890,68643085,12353660,1,0,0,0,0,13819,7236.4136334032855,100000,134.39901,85,24047,169,242,100000
31,reference,10000,true,uniform,READ,51840,9364222,3832527,3139401,10119,1,0,0,0,0,133,1436,1870355,21843217,203307362,1009351531,43807827,3188596,686075383947,709040891,68643085,12353660,1,0,0,0,0,3380,29585.798816568047,100000,30.08799,19,19855,41,67,100000
31,clean-run,10000,true,uniform,READ,384245,4929084,2190749,2180662,217981,1,0,0,0,0,133,1437,1871498,21849828,203424544,1009899305,43839377,3188613,686430157358,709462841,68644072,12390666,1,0,0,0,0,11311,8840.951286358411,100000,109.40062,72,25199,142,206,100000
31,avg-run,10000,true,uniform,READ,760093,9853364,4323324,4282315,427994,5,0,0,0,0,133,1438,1872662,21857374,203528020,1010298771,43839377,3188613,686783666177,709938303,68644134,12390666,1,0,0,0,0,11046,9053.050878145936,100000,106.57369,78,17007,140,217,100000
32,extend,10000,true,uniform,EXTEND,41640003,265524021,98084405,95774355,4140876,3201167,3919016,0,0,0,133,1440,1873652,21926570,203965023,1011526590,43966477,3194505,687885262613,711201640,68792915,12390666,0,0,0,0,1,148299,674.3133804004073,100000,1476.3688,729,204287,1735,4843,100000
32,run,10000,true,uniform,READ,42880188,269128028,100325521,97994149,4140878,3201178,3919018,0,0,0,133,1440,1873652,21928744,204042606,1012666015,43966477,3194505,687949514518,711331901,68812437,12390666,1,0,0,0,0,14281,7002.310762551642,100000,139.05446,84,21999,178,255,100000
32,reference,10000,true,uniform,READ,53633,9664942,3956441,3240664,10119,1,0,0,0,0,133,1440,1873652,21928745,204042606,1012670113,43966477,3194505,687949514518,711331901,68812437,12390666,1,0,0,0,0,3102,32237.266279819472,100000,27.2206,20,23855,39,67,100000
32,clean-run,10000,true,uniform,READ,394505,4932711,2230657,2219696,221841,1,0,0,0,0,133,1441,1874802,21930828,204131119,1013233813,44005340,3194522,688314824456,711761981,68813424,12429580,1,0,0,0,0,10340,9671.17988394584,100000,99.76463,62,21439,125,201,100000
32,avg-run,10000,true,uniform,READ,741273,9795485,4362078,4321072,431841,5,0,0,0,0,133,1442,1876104,21937774,204229405,1013631514,44005340,3194522,688675631236,712192640,68813467,12429580,1,0,0,0,0,11260,8880.994671403198,100000,108.66798,82,13903,139,208,100000
33,extend,10000,true,uniform,EXTEND,44368967,275170094,103140466,100764575,4359319,3301200,4133003,0,0,0,133,1444,1877011,22008975,204699369,1014887603,44125257,3197621,689937647647,713541200,68998125,12429580,0,0,0,0,1,151213,661.3188019548584,100000,1505.34863,702,93567,1738,4579,100000
33,run,10000,true,uniform,READ,45730262,278872945,105425718,103028812,4359323,3301222,4133007,0,0,0,133,1444,1877011,22010844,204746625,1016052074,44125257,3197621,689941813490,713612209,68998292,12429580,1,0,0,0,0,14578,6859.651529702292,100000,142.02526,83,29711,180,253,100000
33,reference,10000,true,uniform,READ,55459,9965702,4081245,3341941,10119,1,0,0,0,0,133,1444,1877011,22010844,204746625,1016053905,44125257,3197621,689941813490,713612209,68998292,12429580,1,0,0,0,0,3035,32948.929159802305,100000,26.60864,19,28591,40,78,100000
33,clean-run,10000,true,uniform,READ,407000,4937082,2275183,2264222,226302,8,0,0,0,0,133,1445,1878147,22013051,204842882,1016633608,44174762,3197776,690317743025,714051672,68999279,12469472,1,0,0,0,0,12209,8190.679007289705,100000,118.30237,78,26319,153,218,100000
33,avg-run,10000,true,uniform,READ,753282,9800342,4406604,4365598,436302,12,0,0,0,0,133,1446,1879969,22020119,204935619,1017031587,44174762,3197776,690688523016,714482333,68999320,12469472,1,0,0,0,0,11311,8840.951286358411,100000,109.36171,84,14847,143,212,100000
34,extend,10000,true,uniform,EXTEND,47344111,285050195,108297324,105855464,4583046,3401244,4351753,0,0,0,133,1448,1881130,22090848,205384130,1018314238,44294259,3201582,691931382136,715778916,69176589,12469472,0,0,0,0,1,150464,664.6108039132284,100000,1497.97362,651,138367,1797,4883,100000
34,run,10000,true,uniform,READ,48645225,288652286,110632355,108169821,4583048,3401255,4351755,0,0,0,133,1448,1881130,22093011,205468927,1019501728,44294259,3201582,691963204455,715912165,69185081,12469472,1,0,0,0,0,15010,6662.225183211192,100000,146.28651,89,28671,186,258,100000
34,reference,10000,true,uniform,READ,57261,10266486,4206049,3443218,10119,1,0,0,0,0,133,1448,1881156,22093011,205468927,1019509368,44294259,3201582,691963204455,715912165,69185081,12469472,1,0,0,0,0,3436,29103.60884749709,100000,30.6091,19,22751,41,66,100000
34,clean-run,10000,true,uniform,READ,419120,4944623,2323504,2313417,231280,1,0,0,0,0,133,1449,1882269,22098917,205594348,1020106341,44349154,3201636,692349805291,716361790,69186068,12512722,1,0,0,0,0,12475,8016.032064128257,100000,121.01864,78,29471,159,217,100000
34,avg-run,10000,true,uniform,READ,791928,9855624,4456079,4415070,441293,5,0,0,0,0,133,1450,1883280,22106327,205692263,1020504854,44349154,3201636,692732756970,716829234,69186098,12512722,1,0,0,0,0,11547,8660.258075690655,100000,111.75077,83,14919,146,206,100000
35,extend,10000,true,uniform,EXTEND,50304822,294853660,113567795,111060763,4812643,3501277,4575796,0,0,0,133,1452,1884265,22177376,206171285,1021819425,44458424,3208531,694032814104,718196912,69370619,12512722,0,0,0,0,1,151989,657.9423510911973,100000,1513.09095,617,209407,1756,4691,100000
35,run,10000,true,uniform,READ,51632133,298454541,115957786,113431011,4812645,3501288,4575798,0,0,0,133,1452,1884459,22179281,206238654,1023045565,44458424,3208531,694038808850,718299041,69370845,12512722,1,0,0,0,0,15366,6507.874528179097,100000,149.86548,87,25135,188,258,100000
35,reference,10000,true,uniform,READ,59050,10567210,4329963,3544481,10119,1,0,0,0,0,133,1452,1884487,22179282,206238654,1023047304,44458424,3208531,694038808850,718299041,69370845,12512722,1,0,0,0,0,3756,26624.068157614485,100000,33.84564,19,20991,44,65,100000
35,clean-run,10000,true,uniform,READ,432322,4956975,2379026,2368939,236834,1,0,0,0,0,133,1453,1885454,22184047,206357158,1023662215,44522924,3208560,694436152360,718759815,69371832,12553970,1,0,0,0,0,13105,7630.675314765357,100000,127.05765,82,24591,163,235,100000
35,avg-run,10000,true,uniform,READ,796852,9855945,4511601,4470592,446847,5,0,0,0,0,133,1454,1887098,22191703,206455265,1024058055,44522924,3208560,694828504098,719217097,69371860,12553970,1,0,0,0,0,11850,8438.818565400843,100000,114.74291,82,13967,150,216,100000
36,extend,10000,true,uniform,EXTEND,53349960,304683540,118964200,116392174,5048632,3601321,4805640,0,0,0,133,1456,1888495,22265303,206954019,1025409659,44629212,3215821,696163348583,720612309,69559719,12553970,0,0,0,0,1,156741,637.9951639966569,100000,1560.57561,559,129087,1795,5399,100000
36,run,10000,true,uniform,READ,54702478,308280981,121414817,118822734,5048634,3601332,4805642,0,0,0,133,1456,1888685,22267061,207009797,1026656142,44698647,3215830,696168283421,720696461,69559890,12553970,1,0,0,0,0,17344,5765.682656826568,100000,169.36386,93,28735,209,288,100000
36,reference,10000,true,uniform,READ,60876,10867970,4454767,3645758,10119,1,0,0,0,0,133,1456,1888685,22267062,207009797,1026664956,44698647,3215830,696168283421,720696461,69559890,12553970,1,0,0,0,0,3642,27457.440966501923,100000,32.45064,20,25135,45,73,100000
36,clean-run,10000,true,uniform,READ,445469,4977382,2440221,2430134,242979,1,0,0,0,0,133,1457,1889664,22274973,207150239,1027297601,44698696,3215837,696576449447,721169633,69560877,12595659,1,0,0,0,0,13916,7185.972980741592,100000,135.21925,85,29615,176,260,100000
36,avg-run,10000,true,uniform,READ,828568,9908948,4572796,4531787,452992,5,0,0,0,0,133,1458,1892184,22282839,207250675,1027695283,44698696,3215837,696980281157,721652490,69560905,12595659,1,0,0,0,0,12695,7877.116975187081,100000,122.9203,86,18383,157,248,100000
37,extend,10000,true,uniform,EXTEND,56329188,314402595,124494466,121857704,5291215,3701354,5041936,0,0,0,133,1460,1893493,22356972,207711146,1029059412,44858890,3224749,698304586787,722951412,69750567,12595659,0,0,0,0,1,159584,626.6292360136355,100000,1588.57846,621,194943,1861,6495,100000
37,run,10000,true,uniform,READ,57807127,318059126,127009022,124351670,5291219,3701376,5041940,0,0,0,133,1460,1893493,22359216,207783030,1030315542,44858890,3224749,698324540711,723129080,69753733,12595659,1,0,0,0,0,17471,5723.7708202163585,100000,170.68873,93,26511,217,306,100000
37,reference,10000,true,uniform,READ,62702,11168730,4579571,3747035,10119,1,0,0,0,0,133,1460,1893493,22359216,207783030,1030323572,44858890,3224749,698324540711,723129080,69753733,12595659,1,0,0,0,0,3357,29788.50163836759,100000,29.75559,19,19903,42,71,100000
37,clean-run,10000,true,uniform,READ,459569,5003615,2503385,2493298,249266,1,0,0,0,0,133,1461,1894566,22366809,207929201,1030972738,44858940,3224758,698743532171,723614637,69754720,12638024,1,0,0,0,0,13743,7276.431637924762,100000,133.48458,86,26991,173,249,100000
37,avg-run,10000,true,uniform,READ,841381,9932119,4635960,4594951,459279,5,0,0,0,0,133,1462,1896890,22374346,208030914,1031369632,44858940,3224758,699157237132,724095338,69754748,12638024,1,0,0,0,0,12473,8017.317405596087,100000,120.75315,87,14751,155,228,100000
38,extend,10000,true,uniform,EXTEND,59474131,324194715,130165480,127463845,5539965,3801398,5284330,0,0,0,133,1464,1897939,22447581,208486773,1032755414,45017751,3232150,700495016949,725420506,69949512,12638024,0,0,0,0,1,157750,633.9144215530903,100000,1570.75172,574,200959,1847,7011,100000
38,run,10000,true,uniform,READ,60966260,327837573,132743987,130021167,5539969,3801420,5284334,0,0,0,133,1464,1897939,22449946,208574193,1034043088,45017751,3232150,700511631250,725598218,69951372,12638024,1,0,0,0,0,16657,6003.482019571351,100000,162.65619,97,23871,202,277,100000
38,reference,10000,true,uniform,READ,64528,11469490,4704375,3848312,10119,1,0,0,0,0,133,1464,1897939,22449946,208574193,1034044934,45017751,3232150,700511631250,725598218,69951372,12638024,1,0,0,0,0,3134,31908.10465858328,100000,27.68077,19,20847,39,64,100000
38,clean-run,10000,true,uniform,READ,475219,5030720,2567410,2557323,255622,1,0,0,0,0,133,1465,1899013,22455736,208708383,1034713613,45017796,3232156,700941484832,726096784,69952359,12682960,1,0,0,0,0,13685,7307.270734380709,100000,133.09541,89,27935,173,247,100000
38,avg-run,10000,true,uniform,READ,846946,9938593,4699985,4658976,465635,5,0,0,0,0,133,1466,1901705,22463342,208806064,1035111322,45017796,3232156,701364271418,726562127,69952387,12682960,1,0,0,0,0,12275,8146.639511201629,100000,118.8875,87,15135,151,221,100000
39,extend,10000,true,uniform,EXTEND,62669404,333995535,135977174,133209480,5795334,3901442,5533137,0,0,0,133,1469,1902998,22537716,209272575,1036526486,45174863,3237825,702723943163,727923276,70149655,12682960,0,0,0,0,1,159725,626.0760682422914,100000,1590.30622,680,79039,1816,7903,100000
39,run,10000,true,uniform,READ,64186296,337629788,138620559,135831833,5795338,3901464,5533141,0,0,0,133,1469,1903322,22539982,209358795,1037843072,45174863,3237825,702886321444,728118936,70203290,12682960,1,0,0,0,0,16541,6045.583701106342,100000,161.55087,98,22303,203,282,100000
39,reference,10000,true,uniform,READ,66354,11770250,4829179,3949589,10119,1,0,0,0,0,133,1469,1903322,22539983,209358795,1037844898,45174863,3237825,702886321444,728118936,70203290,12682960,1,0,0,0,0,3594,27824.15136338342,100000,32.14517,19,24959,43,73,100000
39,clean-run,10000,true,uniform,READ,489998,5061376,2633622,2623535,262184,1,0,0,0,0,133,1470,1904397,22545480,209493115,1038532664,45204197,3237843,703327048872,728630647,70204277,12728833,1,0,0,0,0,13558,7375.71913261543,100000,131.75418,88,22207,169,228,100000
39,avg-run,10000,true,uniform,READ,1078087,10342488,5766197,5725188,572197,5,0,0,0,0,133,1471,1906100,22553729,209625601,1039163530,45204197,3237843,703773007275,729294317,70204304,12728833,1,0,0,0,0,12892,7756.748371082842,100000,125.09573,89,20223,161,233,100000
40,extend,10000,true,uniform,EXTEND,65928290,343806141,141931011,139097573,6057136,4001486,5788461,0,0,0,133,1474,1907504,22628500,210122757,1040611731,45356556,3245096,705174275992,730694626,70409202,12728833,0,0,0,0,1,161974,617.3830367836813,100000,1612.95876,664,72191,1838,8231,100000
40,run,10000,true,uniform,READ,67500491,347449551,144639985,141785569,6057140,4001508,5788465,0,0,0,133,1474,1907504,22630836,210207389,1041957851,45356556,3245096,705313043817,730901263,70455636,12728833,1,0,0,0,0,16602,6023.3706782315385,100000,162.16261,100,26559,206,277,100000
40,reference,10000,true,uniform,READ,68180,12071010,4953983,4050866,10119,1,0,0,0,0,133,1474,1907504,22630836,210207389,1041959712,45356556,3245096,705313043817,730901263,70455636,12728833,1,0,0,0,0,3576,27964.20581655481,100000,31.97979,19,26207,42,70,100000
40,clean-run,10000,true,uniform,READ,503200,5094634,2697779,2687692,268662,1,0,0,0,0,133,1475,1908564,22637169,210349383,1042661095,45392994,3245123,705764634437,731425939,70456623,12777106,1,0,0,0,0,13675,7312.614259597806,100000,132.91475,88,23839,169,232,100000
40,avg-run,10000,true,uniform,READ,1098517,10387059,5830354,5789345,578675,5,0,0,0,0,133,1476,1910602,22645549,210485024,1043296698,45392994,3245123,706221146463,732098967,70456649,12777106,1,0,0,0,0,14316,6985.1913942442025,100000,139.31471,108,14495,176,243,100000
41,extend,10000,true,uniform,EXTEND,69280324,353648092,148027108,145128028,6324882,4101530,6049956,0,0,0,133,1479,1911997,22720248,210998186,1044774867,45543748,3249339,707656782431,733518094,70664833,12777106,0,0,0,0,1,160922,621.4190725941761,100000,1602.54642,585,82303,1820,7999,100000
41,run,10000,true,uniform,READ,70899045,357296732,150797922,147877984,6324886,4101552,6049960,0,0,0,133,1479,1911997,22722657,211080950,1046147405,45543748,3249339,707788105223,733736410,70711740,12777106,1,0,0,0,0,16261,6149.683291310497,100000,158.81147,101,24527,194,273,100000
41,reference,10000,true,uniform,READ,70006,12371770,5078787,4152143,10119,1,0,0,0,0,133,1479,1911997,22722659,211080950,1046152360,45543748,3249339,707788105223,733736410,70711740,12777106,1,0,0,0,0,3591,27847.3962684489,100000,32.09479,19,24895,41,66,100000
41,clean-run,10000,true,uniform,READ,523037,5123572,2760921,2750754,274913,1,0,0,0,0,133,1480,1913077,22730025,211237707,1046880171,45584290,3249370,708250528422,734273610,70712727,12826084,1,0,0,0,0,13649,7326.544069162576,100000,132.80978,93,24047,172,236,100000
41,avg-run,10000,true,uniform,READ,1125409,10426191,5894039,5852950,584926,22,0,0,0,0,133,1481,1915081,22738435,211368185,1047513133,45584290,3249370,708717515379,734954859,70712745,12826084,1,0,0,0,0,14230,7027.406886858749,100000,138.47065,106,17519,175,230,100000
42,extend,10000,true,uniform,EXTEND,72719704,363512293,154259946,151294598,6598422,4201585,6317739,0,0,0,133,1484,1916384,22812944,211856298,1049017027,45726243,3254678,710278119092,736423223,70945958,12826084,0,0,0,0,1,158626,630.4136774551461,100000,1579.68342,677,247039,1805,6915,100000
42,run,10000,true,uniform,READ,74268448,367082674,157088810,154103513,6598424,4201596,6317741,0,0,0,133,1484,1916384,22815277,211958959,1050412653,45726243,3254678,710336530805,736587314,70966771,12826084,1,0,0,0,0,16472,6070.908207867897,100000,160.9319,99,23663,199,270,100000
42,reference,10000,true,uniform,READ,71832,12672530,5203591,4253420,10119,1,0,0,0,0,133,1484,1916384,22815278,211958959,1050414486,45726243,3254678,710336530805,736587314,70966771,12826084,1,0,0,0,0,3307,30238.88720895071,100000,29.3961,19,20175,39,66,100000
42,clean-run,10000,true,uniform,READ,541101,5148858,2818050,2807963,280670,1,0,0,0,0,133,1485,1917437,22822704,212115900,1051163343,45777295,3254696,710809721534,737136041,70967758,12875008,1,0,0,0,0,13868,7210.845111047015,100000,134.80643,90,31695,172,238,100000
42,avg-run,10000,true,uniform,READ,1142778,10450750,5950625,5909616,590683,5,0,0,0,0,133,1486,1919191,22830773,212248816,1051794133,45777295,3254696,711286686306,737817111,70967776,12875008,1,0,0,0,0,14246,7019.514249613927,100000,138.75758,107,19023,171,229,100000
43,extend,10000,true,uniform,EXTEND,76232368,373477961,160617116,157587326,6877246,4301618,6591044,0,0,0,133,1489,1920873,22905180,212781517,1053323973,45920646,3262988,712743484610,739337092,71173427,12875008,0,0,0,0,1,158729,630.004599033573,100000,1580.36432,759,128511,1777,6747,100000
43,run,10000,true,uniform,READ,77829445,377072651,163501626,160451015,6877250,4301640,6591048,0,0,0,133,1489,1920873,22907890,212884594,1054744317,45920646,3262988,712837416399,739520073,71204984,12875008,1,0,0,0,0,16690,5991.611743559018,100000,163.16771,105,21951,200,286,100000
43,reference,10000,true,uniform,READ,73658,12973290,5328395,4354697,10119,1,0,0,0,0,133,1489,1920873,22907891,212884594,1054752874,45920646,3262988,712837416399,739520073,71204984,12875008,1,0,0,0,0,2883,34686.0908775581,100000,25.20535,19,20959,37,67,100000
43,clean-run,10000,true,uniform,READ,564025,5169875,2873882,2863795,286189,1,0,0,0,0,133,1490,1921924,22915645,213049252,1055530069,45963487,3263056,713321341148,740079853,71205971,12926076,1,0,0,0,0,13965,7160.759040458289,100000,135.87934,93,26047,170,233,100000
43,avg-run,10000,true,uniform,READ,1168977,10476093,6006457,5965448,596202,5,0,0,0,0,133,1491,1923154,22924093,213180352,1056163177,45963487,3263056,713808512106,740764678,71205986,12926076,1,0,0,0,0,14414,6937.6994588594425,100000,140.34987,109,15055,174,235,100000
44,extend,10000,true,uniform,EXTEND,79842635,383511779,167093893,163998793,7161160,4401662,6869851,0,0,0,133,1494,1924833,22999492,213744768,1057744432,46097326,3269078,715396949321,742296999,71427453,12926076,0,0,0,0,1,159686,626.2289743621858,100000,1590.06883,794,104383,1799,6547,100000
44,run,10000,true,uniform,READ,81500842,387117827,170028777,166912877,7161164,4401684,6869855,0,0,0,133,1494,1924982,23002352,213844975,1059217929,46097326,3269078,715452905363,742482613,71445090,12926076,1,0,0,0,0,16996,5883.737349964697,100000,166.16698,105,23887,204,280,100000
44,reference,10000,true,uniform,READ,75484,13274050,5453199,4455974,10119,1,0,0,0,0,133,1494,1925004,23002352,213844975,1059221340,46097326,3269078,715452905363,742482613,71445090,12926076,1,0,0,0,0,3703,27005.13097488523,100000,33.35464,19,19423,41,66,100000
44,clean-run,10000,true,uniform,READ,581142,5193528,2923945,2912984,291296,1,0,0,0,0,133,1495,1925868,23004896,213965741,1060021054,46157607,3269099,715947510361,743052620,71446077,12978365,1,0,0,0,0,14360,6963.788300835655,100000,139.86678,101,27535,176,241,100000
44,avg-run,10000,true,uniform,READ,1148658,10428734,6055366,6014360,601296,5,0,0,0,0,133,1496,1928086,23013128,214095520,1060656683,46157607,3269099,716441470320,743683554,71446088,12978365,1,0,0,0,0,14554,6870.96330905593,100000,141.69832,107,15367,178,245,100000
45,extend,10000,true,uniform,EXTEND,83446141,393412749,173681355,170520107,7449560,4501717,7153531,0,0,0,133,1499,1930169,23088764,214602213,1062264358,46294930,3273003,718134427206,745197133,71699573,12978365,0,0,0,0,1,163182,612.8126876738856,100000,1624.98077,678,78975,1837,7415,100000
45,run,10000,true,uniform,READ,85092270,396982261,176662837,173481702,7449562,4501728,7153533,0,0,0,133,1499,1930243,23091150,214719389,1063744107,46335417,3275150,718178200352,745388552,71711690,12978365,1,0,0,0,0,17081,5854.458169896376,100000,167.07457,109,25855,203,281,100000
45,reference,10000,true,uniform,READ,77310,13574810,5578003,4557251,10119,1,0,0,0,0,133,1499,1930243,23091150,214719389,1063746055,46335417,3275150,718178200352,745388552,71711690,12978365,1,0,0,0,0,3633,27525.461051472612,100000,32.75633,19,24607,41,63,100000
45,clean-run,10000,true,uniform,READ,597724,5214418,2971264,2961177,296016,1,0,0,0,0,133,1500,1931262,23098865,214890433,1064564563,46335457,3275184,718683418954,745967728,71712677,13031010,1,0,0,0,0,14433,6928.566479595372,100000,140.55262,100,26895,178,252,100000
45,avg-run,10000,true,uniform,READ,1201544,10519226,6103839,6062830,606029,5,0,0,0,0,133,1501,1932330,23107396,215024715,1065196539,46335457,3275184,719190508927,746651284,71712692,13031010,1,0,0,0,0,14560,6868.131868131868,100000,141.78518,110,20783,176,240,100000
46,extend,10000,true,uniform,EXTEND,87173169,403453812,180368796,177143231,7742320,4601750,7441939,0,0,0,133,1504,1933978,23183397,215612553,1066822944,46473739,3281643,720781683030,748214212,71935291,13031010,0,0,0,0,1,165148,605.5174752343353,100000,1644.85742,671,120255,1826,7683,100000
46,run,10000,true,uniform,READ,88913125,407078677,183395222,180148893,7742324,4601772,7441943,0,0,0,133,1504,1934479,23185772,215709419,1068336667,46473739,3281643,720839483061,748415485,71953979,13031010,1,0,0,0,0,17421,5740.198610871937,100000,170.37716,110,27759,210,286,100000
46,reference,10000,true,uniform,READ,79136,13875570,5702807,4658528,10119,1,0,0,0,0,133,1504,1934515,23185772,215709419,1068341918,46473739,3281643,720839483061,748415485,71953979,13031010,1,0,0,0,0,3501,28563.267637817768,100000,31.29463,19,25183,40,64,100000
46,clean-run,10000,true,uniform,READ,619341,5229833,3015151,3005064,300368,1,0,0,0,0,133,1505,1935115,23192569,215867463,1069182647,46537318,3281686,721355281618,749003378,71954966,13084349,1,0,0,0,0,14618,6840.881105486386,100000,142.50237,103,23183,181,255,100000
46,avg-run,10000,true,uniform,READ,1218947,10523971,6147963,6106954,610381,12,0,0,0,0,133,1506,1936185,23201304,216004098,1069819529,46561065,3284340,721871914126,749679306,71954979,13084349,1,0,0,0,0,14686,6809.206046574969,100000,143.04068,109,15319,183,241,100000
47,extend,10000,true,uniform,EXTEND,91052169,413583844,187153075,183862316,8039031,4701794,7734304,0,0,0,133,1509,1938296,23278810,216608289,1071504978,46696139,3290398,723571891919,751263164,72199494,13084349,0,0,0,0,1,164735,607.03554193098,100000,1640.59193,725,118463,1946,7067,100000
47,run,10000,true,uniform,READ,92822473,417195554,190222380,186910857,8039035,4701816,7734308,0,0,0,133,1510,1940802,23281669,216706384,1073065937,46696139,3290398,723774696432,751460197,72259950,13084349,1,0,0,0,0,17634,5670.863105364637,100000,172.60383,113,28031,211,300,100000
47,reference,10000,true,uniform,READ,80962,14176330,5827611,4759805,10119,1,0,0,0,0,133,1510,1940802,23281669,216706384,1073073214,46696139,3290398,723774696432,751460197,72259950,13084349,1,0,0,0,0,3546,28200.78962210942,100000,31.8033,19,17071,41,62,100000
47,clean-run,10000,true,uniform,READ,634961,5249164,3057929,3047842,304714,1,0,0,0,0,133,1511,1941796,23288110,216864669,1073939328,46722754,3290412,724301066147,752056795,72260937,13140643,1,0,0,0,0,14819,6748.09366354005,100000,144.54885,105,29199,181,252,100000
47,avg-run,10000,true,uniform,READ,1232062,10538966,6190504,6149495,614727,5,0,0,0,0,133,1512,1942693,23297894,216998570,1074568628,46741995,3293099,724827496628,752729391,72260950,13140643,1,0,0,0,0,14773,6769.105801123672,100000,143.89893,111,19695,181,260,100000
48,extend,10000,true,uniform,EXTEND,95014610,423718906,194031792,190674962,8339818,4801849,8030951,0,0,0,133,1516,1945001,23375003,217597149,1076307713,46871137,3300124,726606690969,754337776,72518639,13140643,0,0,0,0,1,163189,612.786401044188,100000,1624.86942,687,105151,1911,6579,100000
48,run,10000,true,uniform,READ,96786825,427292277,197141188,193764471,8339820,4801860,8030953,0,0,0,133,1516,1945001,23377749,217720187,1077919558,46871137,3300124,726777209309,754549704,72569348,13140643,1,0,0,0,0,17882,5592.2156358349175,100000,175.10726,111,22335,215,285,100000
48,reference,10000,true,uniform,READ,82788,14477090,5952415,4861082,10119,1,0,0,0,0,133,1516,1945001,23377749,217720187,1077924250,46871137,3300124,726777209309,754549704,72569348,13140643,1,0,0,0,0,3236,30902.348578491965,100000,28.75973,19,22127,39,67,100000
48,clean-run,10000,true,uniform,READ,652914,5265768,3099289,3089202,308854,1,0,0,0,0,133,1517,1945949,23384636,217885902,1078812299,46905517,3300149,727314130505,755154594,72570335,13196529,1,0,0,0,0,15033,6652.032195835828,100000,146.7395,107,22015,182,254,100000
48,avg-run,10000,true,uniform,READ,1252592,10559536,6231864,6190855,618867,5,0,0,0,0,133,1518,1946398,23394071,218013893,1079445168,46924557,3302753,727850745765,755830573,72570345,13196529,1,0,0,0,0,14789,6761.78240584218,100000,144.19336,110,14919,180,245,100000
49,extend,10000,true,uniform,EXTEND,99029872,433834010,200999165,197577141,8644668,4901893,8331896,0,0,0,133,1522,1948689,23472505,218626112,1081229859,47050886,3310087,729701863525,757457168,72840283,13196529,0,0,0,0,1,166050,602.2282445046673,100000,1653.66184,895,125887,1923,7035,100000
49,run,10000,true,uniform,READ,100843997,437406620,204147900,200705989,8644670,4901904,8331898,0,0,0,133,1522,1948689,23475088,218754593,1082883781,47050886,3310087,729846202974,757670968,72883093,13196529,1,0,0,0,0,17970,5564.830272676683,100000,175.90949,110,27231,213,293,100000
49,reference,10000,true,uniform,READ,84614,14777850,6077219,4962359,10119,1,0,0,0,0,133,1522,1948689,23475088,218754593,1082885627,47050886,3310087,729846202974,757670968,72883093,13196529,1,0,0,0,0,2991,33433.63423604146,100000,26.25442,19,21343,38,64,100000
49,clean-run,10000,true,uniform,READ,671440,5281175,3139753,3128792,312759,1,0,0,0,0,133,1523,1949643,23477662,218891505,1083797680,47093557,3313106,730393645103,758283678,72884080,13254861,1,0,0,0,0,15175,6589.785831960461,100000,147.98865,107,26175,182,257,100000
49,avg-run,10000,true,uniform,READ,1320074,10711570,6271174,6230168,622759,5,0,0,0,0,133,1524,1949729,23487449,219025378,1084520723,47111585,3315900,730937571749,758914613,72884087,13254861,1,0,0,0,0,15244,6559.958016268696,100000,148.57149,114,15815,182,269,100000
50,extend,10000,true,uniform,EXTEND,102989188,443798634,208054762,204567544,8953511,5001937,8636551,0,0,0,133,1528,1951052,23565380,219583884,1086305629,47235082,3321516,732825351533,760506323,73166224,13254861,0,0,0,0,1,165339,604.8179800289103,100000,1646.1686,640,73983,1871,7167,100000
50,run,10000,true,uniform,READ,104814305,447365351,211245624,207738519,8953513,5001948,8636553,0,0,0,133,1528,1951052,23568312,219725300,1087946545,47235082,3321516,732949860824,760737480,73209815,13254861,1,0,0,0,0,18086,5529.138560212319,100000,177.07708,116,26159,213,288,100000
50,reference,10000,true,uniform,READ,86440,15078610,6202023,5063636,10119,1,0,0,0,0,133,1528,1951052,23568314,219725300,1087948379,47235082,3321516,732949860824,760737480,73209815,13254861,1,0,0,0,0,3839,26048.450117218024,100000,34.80574,20,20367,42,65,100000
50,clean-run,10000,true,uniform,READ,689866,5298878,3180921,3169960,316947,1,0,0,0,0,133,1530,1952022,23570738,219865000,1088875798,47286477,3322892,733508099123,761358577,73210846,13313664,1,0,0,0,0,15445,6474.587245063127,100000,150.70118,110,25599,186,255,100000
50,avg-run,10000,true,uniform,READ,1338985,10728385,6312342,6271336,626947,5,0,0,0,0,133,1531,1952089,23579873,220001046,1089602495,47320834,3325559,734062384559,761989514,73210921,13313664,1,0,0,0,0,15292,6539.366989275438,100000,149.07276,117,15215,185,264,100000
51,extend,10000,true,uniform,EXTEND,106970752,453771608,215202106,211649694,9266604,5101981,8945350,0,0,0,133,1534,1954168,23658402,220544999,1091388770,47458015,3336068,735964917227,763577061,73499511,13313664,0,0,0,0,1,166339,601.1819236619193,100000,1656.53999,606,72383,1907,7031,100000
51,run,10000,true,uniform,READ,108829248,457335154,218436691,214863516,9266606,5101992,8945352,0,0,0,133,1534,1954168,23661640,220700837,1093055119,47458015,3336068,736108384222,763831753,73546528,13313664,1,0,0,0,0,18292,5466.870763175159,100000,179.17858,115,29087,215,301,100000
51,reference,10000,true,uniform,READ,88266,15379370,6326827,5164913,10119,1,0,0,0,0,133,1534,1954168,23661641,220700837,1093058505,47458015,3336068,736108384222,763831753,73546528,13313664,1,0,0,0,0,3011,33211.557622052474,100000,26.43644,19,21039,38,63,100000
51,clean-run,10000,true,uniform,READ,710453,5310834,3223990,3213029,321241,1,0,0,0,0,133,1536,1955125,23664518,220842830,1094011133,47511248,3337720,736677311792,764461451,73547576,13373061,1,0,0,0,0,15518,6444.129398118314,100000,151.43729,110,26255,184,257,100000
51,avg-run,10000,true,uniform,READ,1359482,10740765,6355411,6314405,631241,5,0,0,0,0,133,1537,1955192,23674223,220978276,1094737176,47544934,3340254,737241581780,765092387,73547651,13373061,1,0,0,0,0,15462,6467.4686327771315,100000,150.89672,119,20703,188,271,100000
52,extend,10000,true,uniform,EXTEND,111010402,463752618,222444820,218827215,9584555,5202014,9258874,0,0,0,133,1540,1956721,23752591,221503841,1096568973,47682871,3349385,739108039099,766658675,73807402,13373061,0,0,0,0,1,166386,601.0121043837823,100000,1656.99583,632,74815,1856,8535,100000
52,run,10000,true,uniform,READ,112903886,467306950,225723659,222085291,9584557,5202025,9258876,0,0,0,133,1540,1956757,23755672,221683256,1098256014,47682871,3349385,739311975312,766956497,73870357,13373061,1,0,0,0,0,18584,5380.972879896685,100000,182.05915,115,26511,220,307,100000
52,reference,10000,true,uniform,READ,90125,15680170,6452521,5266204,10119,1,0,0,0,0,133,1540,1956796,23755672,221683256,1098260617,47682871,3349385,739311975312,766956497,73870357,13373061,1,0,0,0,0,3509,28498.147620404674,100000,31.48597,20,21775,40,66,100000
52,clean-run,10000,true,uniform,READ,728691,5324978,3268774,3257813,325668,1,0,0,0,0,133,1542,1957658,23758513,221828177,1099235691,47739646,3352150,739891381652,767595060,73871390,13433784,1,0,0,0,0,15747,6350.415952244872,100000,153.62605,112,26367,187,253,100000
52,avg-run,10000,true,uniform,READ,1376720,10755762,6400195,6359189,635668,5,0,0,0,0,133,1543,1957725,23768286,221963562,1099960555,47773438,3354552,740465638920,768225995,73871465,13433784,1,0,0,0,0,15495,6453.694740238787,100000,151.13467,119,21583,185,269,100000
53,extend,10000,true,uniform,EXTEND,115259338,473916634,229788002,226104327,9907224,5302058,9576884,0,0,0,133,1546,1959319,23847125,222590285,1101803434,47910171,3363007,742388094911,769939187,74160918,13433784,0,0,0,0,1,166776,599.6066580323308,100000,1660.86142,684,146431,1932,6691,100000
53,run,10000,true,uniform,READ,117156522,477482482,233112724,229409162,9907226,5302069,9576886,0,0,0,133,1546,1959319,23849748,222725350,1103517928,47910171,3363007,742486713863,770154125,74192513,13433784,1,0,0,0,0,18665,5357.621216180016,100000,182.98029,123,27103,217,299,100000
53,reference,10000,true,uniform,READ,91951,15980930,6577325,5367481,10119,1,0,0,0,0,133,1546,1959319,23849748,222725350,1103521885,47910171,3363007,742486713863,770154125,74192513,13433784,1,0,0,0,0,3618,27639.579878385848,100000,32.42945,19,18431,41,67,100000
53,clean-run,10000,true,uniform,READ,746241,5336772,3313415,3303328,330327,1,0,0,0,0,133,1548,1960242,23856095,222905877,1104519378,47965439,3366388,743076711076,770802019,74193540,13496999,1,0,0,0,0,15896,6290.890790135883,100000,155.07696,116,30863,192,271,100000
53,avg-run,10000,true,uniform,READ,1417076,10736967,6445990,6404981,640340,5,0,0,0,0,133,1549,1960306,23865844,223052992,1105233834,47999993,3368781,743663468287,771475055,74193618,13496999,1,0,0,0,0,15497,6452.861844227915,100000,151.11349,119,17951,188,262,100000
54,extend,10000,true,uniform,EXTEND,119405506,483939953,237234446,233485577,10234917,5402102,9899677,0,0,0,133,1552,1961679,23946221,223632353,1107109231,48125795,3382135,745684153540,773134814,74490460,13496999,0,0,0,0,1,173632,575.9307040176926,100000,1729.1754,749,147583,1921,8671,100000
54,run,10000,true,uniform,READ,121334529,487497803,240609382,236839750,10234919,5402113,9899679,0,0,0,133,1552,1962058,23949285,223787738,1108839705,48168737,3386266,745765233886,773381637,74519314,13496999,1,0,0,0,0,18915,5286.809410520751,100000,185.3224,116,26175,222,314,100000
54,reference,10000,true,uniform,READ,93777,16281690,6702129,5468758,10119,1,0,0,0,0,133,1552,1962058,23949285,223787738,1108841451,48168737,3386266,745765233886,773381637,74519314,13496999,1,0,0,0,0,3117,32082.130253448828,100000,27.3373,19,21871,41,79,100000
54,clean-run,10000,true,uniform,READ,762814,5350214,3363740,3352779,335227,1,0,0,0,0,133,1554,1962984,23952131,223941307,1109858593,48168772,3386307,746366264810,774039342,74520399,13560597,1,0,0,0,0,16046,6232.08276205908,100000,156.73983,116,26799,194,252,100000
54,avg-run,10000,true,uniform,READ,1401000,10698038,6495161,6454155,645227,5,0,0,0,0,133,1555,1963048,23962203,224083578,1110574074,48201454,3388529,746960490551,774670279,74520459,13560597,1,0,0,0,0,15699,6369.83247340595,100000,153.17999,120,15607,190,261,100000
55,extend,10000,true,uniform,EXTEND,123591100,493970053,244789486,240975424,10567939,5502135,10227519,0,0,0,133,1558,1964505,24040407,224626573,1112467252,48329273,3401422,748919095165,776281970,74792099,13560597,0,0,0,0,1,168439,593.6867352572741,100000,1677.52927,686,143999,1849,8431,100000
55,run,10000,true,uniform,READ,125555427,497522268,248216397,244381572,10567941,5502146,10227521,0,0,0,133,1559,1967976,24043571,224812673,1114216526,48371635,3402037,749177333111,776588219,74875931,13560597,1,0,0,0,0,18956,5275.374551593163,100000,185.81287,122,26895,222,290,100000
55,reference,10000,true,uniform,READ,95636,16582490,6827823,5570049,10119,1,0,0,0,0,133,1559,1967976,24043571,224812673,1114218373,48371635,3402037,749177333111,776588219,74875931,13560597,1,0,0,0,0,3303,30275.50711474417,100000,29.37647,19,21807,40,66,100000
55,clean-run,10000,true,uniform,READ,783414,5359152,3414026,3403939,340407,1,0,0,0,0,133,1561,1968896,24050506,225011672,1115259001,48397046,3406704,749788802384,777256300,74876977,13625903,1,0,0,0,0,16250,6153.846153846154,100000,158.75993,114,26223,200,269,100000
55,avg-run,10000,true,uniform,READ,1465029,10773417,6546601,6505592,650420,5,0,0,0,0,133,1562,1968960,24060689,225158375,1115974355,48431602,3408848,750396280486,777941762,74877040,13625903,1,0,0,0,0,15829,6317.51847874155,100000,154.47135,121,16735,194,259,100000
56,extend,10000,true,uniform,EXTEND,127857501,504009572,252461811,248581679,10906462,5602179,10560779,0,0,0,133,1565,1970837,24140591,225753912,1117886593,48592876,3426681,752472426624,779649045,75192323,13625903,0,0,0,0,1,174581,572.8000183296006,100000,1738.83312,687,129343,2013,9519,100000
56,run,10000,true,uniform,READ,129834893,507564729,255938840,252038821,10906464,5602190,10560781,0,0,0,133,1566,1973457,24143279,225914841,1119655052,48592876,3426681,752695289155,779909102,75269391,13625903,1,0,0,0,0,19223,5202.101649066222,100000,188.51463,127,25183,225,304,100000
56,reference,10000,true,uniform,READ,97462,16883250,6952627,5671326,10119,1,0,0,0,0,133,1566,1973457,24143281,225914841,1119659675,48592876,3426681,752695289155,779909102,75269391,13625903,1,0,0,0,0,2988,33467.20214190094,100000,26.26468,19,22895,38,74,100000
56,clean-run,10000,true,uniform,READ,797528,5366824,3467327,3457240,345670,1,0,0,0,0,133,1568,1974368,24149018,226106311,1120722449,48623590,3427838,753317386894,780587841,75270427,13691671,1,0,0,0,0,16413,6092.731371473832,100000,160.41992,120,25007,198,260,100000
56,avg-run,10000,true,uniform,READ,1469199,10765917,6599902,6558893,655683,5,0,0,0,0,133,1569,1974432,24158958,226252924,1121432126,48657243,3429799,753934104835,781260744,75270483,13691671,1,0,0,0,0,15880,6297.229219143577,100000,155.00966,123,19743,191,263,100000
57,extend,10000,true,uniform,EXTEND,132158102,514073450,260246294,256300969,11250183,5702212,10899019,0,0,0,133,1572,1976535,24238403,226808364,1123377020,48819448,3446205,755960664829,782915987,75562643,13691671,0,0,0,0,1,173813,575.330959134242,100000,1731.3891,760,138495,1988,9063,100000
57,run,10000,true,uniform,READ,134173962,517624812,263779873,259813785,11250185,5702223,10899021,0,0,0,133,1573,1979716,24241382,226999816,1125168872,48819448,3446205,756270801869,783231828,75665145,13691671,1,0,0,0,0,19434,5145.621076463929,100000,190.487,127,29311,226,309,100000
57,reference,10000,true,uniform,READ,99321,17184050,7078321,5772617,10119,1,0,0,0,0,133,1573,1979716,24241383,226999816,1125170714,48819448,3446205,756270801869,783231828,75665145,13691671,1,0,0,0,0,2927,34164.6737273659,100000,25.40944,19,17439,37,74,100000
57,clean-run,10000,true,uniform,READ,811257,5377464,3522699,3511738,351151,1,0,0,0,0,133,1575,1980613,24244503,227161023,1126250625,48851522,3447752,756903624751,783921555,75666180,13756079,1,0,0,0,0,16613,6019.382411364594,100000,162.40173,121,31279,198,283,100000
57,avg-run,10000,true,uniform,READ,1448787,10725964,6654136,6613130,661151,5,0,0,0,0,133,1576,1980677,24254788,227305947,1126964649,48884399,3449698,757527832010,784552491,75666228,13756079,1,0,0,0,0,16060,6226.650062266501,100000,156.88845,123,16007,192,263,100000
58,extend,10000,true,uniform,EXTEND,136533586,524151139,268153472,264142077,11599455,5802256,11242821,0,0,0,133,1580,1983035,24337085,227918237,1128915214,49035460,3466646,759759681957,786309206,76019472,13756079,0,0,0,0,1,177529,563.2882514969385,100000,1768.54965,676,144511,2004,9759,100000
58,run,10000,true,uniform,READ,138547412,527702649,271741515,267710233,11599457,5802267,11242823,0,0,0,133,1580,1983035,24339755,228073325,1130708051,49035460,3466646,759893604912,786556836,76071911,13756079,1,0,0,0,0,19666,5084.918132818062,100000,192.86361,134,25679,229,302,100000
58,reference,10000,true,uniform,READ,101147,17484810,7203125,5873894,10119,1,0,0,0,0,133,1580,1983035,24339756,228073325,1130716920,49035460,3466646,759893604912,786556836,76071911,13756079,1,0,0,0,0,3550,28169.014084507042,100000,31.64804,20,18319,41,64,100000
58,clean-run,10000,true,uniform,READ,824475,5384678,3577767,3566806,356621,1,0,0,0,0,133,1582,1983912,24342921,228238070,1131812512,49081772,3466721,760537354380,787257555,76072978,13821298,1,0,0,0,0,16795,5954.153021732658,100000,164.19563,124,27615,202,272,100000
58,avg-run,10000,true,uniform,READ,1463894,10731269,6709188,6668182,666621,5,0,0,0,0,133,1583,1983976,24353202,228380126,1132526705,49113923,3468549,761171547286,787888492,76073025,13821298,1,0,0,0,0,16185,6178.560395427865,100000,157.9286,124,22607,193,271,100000
59,extend,10000,true,uniform,EXTEND,140929745,534259243,276181997,272105408,11954501,5902300,11592353,0,0,0,133,1587,1985778,24435423,228965664,1134498058,49273224,3484014,763299716090,789611840,76387340,13821298,0,0,0,0,1,179059,558.475139479166,100000,1783.78542,873,114111,1990,10703,100000
59,run,10000,true,uniform,READ,142995723,537814834,279825031,275727679,11954503,5902311,11592355,0,0,0,133,1587,1985778,24438358,229148384,1136334297,49273224,3484014,763535002323,789917685,76467229,13821298,1,0,0,0,0,18560,5387.931034482759,100000,181.6717,104,24495,213,300,100000
59,reference,10000,true,uniform,READ,103006,17785610,7328819,5975185,10119,1,0,0,0,0,133,1587,1985778,24438358,229148384,1136336146,49273224,3484014,763535002323,789917685,76467229,13821298,1,0,0,0,0,2936,34059.94550408719,100000,25.63624,19,21311,38,74,100000
59,clean-run,10000,true,uniform,READ,837487,5391590,3633976,3623015,362135,8,0,0,0,0,133,1589,1986629,24441344,229316934,1137450224,49313973,3486280,764189567503,790629487,76468308,13889569,1,0,0,0,0,15932,6276.675872457946,100000,155.5655,112,27039,187,269,100000
59,avg-run,10000,true,uniform,READ,1690825,10287822,7765413,7724407,772135,12,0,0,0,0,133,1590,1986677,24453453,229520332,1138404289,49344923,3488871,764847090179,791460703,76468353,13889569,1,0,0,0,0,16733,5976.21466563079,100000,163.41531,126,21119,201,265,100000
60,extend,10000,true,uniform,EXTEND,145426686,544382648,284330302,280187643,12315021,6002344,11947309,0,0,0,133,1594,1988176,24534743,230154414,1140407384,49492468,3500820,767135382871,793276170,76828235,13889569,0,0,0,0,1,175078,571.1739910211448,100000,1744.01479,816,140927,1990,8199,100000
60,run,10000,true,uniform,READ,147489821,547927074,288029488,283866942,12315023,6002355,11947311,0,0,0,133,1594,1988176,24537425,230316345,1142244444,49492468,3500820,767244396452,793529892,76871964,13889569,1,0,0,0,0,18967,5272.315073548795,100000,185.01814,115,37375,214,331,100000
60,reference,10000,true,uniform,READ,104832,18086370,7453623,6076462,10119,1,0,0,0,0,133,1594,1988180,24537426,230316345,1142251346,49492468,3500820,767244396452,793529892,76871964,13889569,1,0,0,0,0,3468,28835.06343713956,100000,31.0022,20,21711,40,65,100000
60,clean-run,10000,true,uniform,READ,845049,5399360,3688074,3677113,367699,1,0,0,0,0,133,1596,1989028,24540589,230488390,1143375198,49546806,3500836,767909615237,794252897,76873029,13957212,1,0,0,0,0,15753,6347.9972068812285,100000,153.80312,112,29391,183,244,100000
60,avg-run,10000,true,uniform,READ,1699113,10294866,7819511,7778505,777699,5,0,0,0,0,133,1597,1989077,24552014,230687667,1144331061,49577454,3503259,768577124473,795084113,76873072,13957212,1,0,0,0,0,16909,5914.010290377905,100000,165.1764,129,15863,201,293,100000
61,extend,10000,true,uniform,EXTEND,149922908,554521139,292604045,288396192,12681258,6102388,12307903,0,0,0,133,1601,1990787,24634244,231295931,1146342473,49734128,3517762,770765429828,796864703,77192635,13957212,0,0,0,0,1,179605,556.7773725675788,100000,1789.17771,706,152703,2073,10663,100000
61,run,10000,true,uniform,READ,152030203,558070207,296361143,292132527,12681260,6102399,12307905,0,0,0,133,1601,1990787,24637302,231487967,1148213311,49734128,3517762,770968790245,797178489,77262669,13957212,1,0,0,0,0,18748,5333.902282910177,100000,183.56355,118,27855,212,294,100000
61,reference,10000,true,uniform,READ,106691,18387170,7579317,6177753,10119,1,0,0,0,0,133,1601,1990787,24637302,231487967,1148215146,49734128,3517762,770968790245,797178489,77262669,13957212,1,0,0,0,0,3206,31191.515907673114,100000,28.22278,19,20095,39,70,100000
61,clean-run,10000,true,uniform,READ,858336,5391379,3744211,3734124,373342,1,0,0,0,0,133,1603,1991606,24643762,231702759,1149356404,49783806,3517817,771644930390,797912927,77263759,14028304,1,0,0,0,0,15919,6281.801620704819,100000,155.34904,103,29727,186,251,100000
61,avg-run,10000,true,uniform,READ,1752090,10344175,7876786,7835777,783355,5,0,0,0,0,133,1604,1991654,24654978,231898841,1150307962,49815099,3520069,772325307291,798792234,77263810,14028304,1,0,0,0,0,17029,5872.335427799636,100000,166.6034,130,21103,204,280,100000
62,extend,10000,true,uniform,EXTEND,154507297,564680240,301000116,296726193,13052334,6202432,12673693,0,0,0,133,1608,1993118,24737583,232551044,1152352454,49956934,3535316,774669403007,800637368,77628790,14028304,0,0,0,0,1,178201,561.1640787649901,100000,1775.15177,686,258175,2006,8975,100000
62,run,10000,true,uniform,READ,156618073,568224553,304806673,300512863,13052336,6202443,12673695,0,0,0,133,1608,1993643,24740251,232724715,1154230455,49995712,3541087,774767336992,800906718,77667776,14028304,1,0,0,0,0,18018,5550.00555000555,100000,176.32947,108,23311,205,282,100000
62,reference,10000,true,uniform,READ,108517,18687930,7704121,6279030,10119,1,0,0,0,0,133,1608,1993643,24740251,232724715,1154236901,49995712,3541087,774767336992,800906718,77667776,14028304,1,0,0,0,0,3507,28514.3997718848,100000,31.39533,19,18415,41,75,100000
62,clean-run,10000,true,uniform,READ,864482,5389349,3796919,3786832,378628,1,0,0,0,0,133,1610,1994294,24746840,232950854,1155388185,49995743,3541098,775454464299,801652015,77668908,14100618,1,0,0,0,0,16116,6205.013651030033,100000,157.30083,114,29599,186,250,100000
62,avg-run,10000,true,uniform,READ,1763861,10352780,7929494,7888485,788641,5,0,0,0,0,133,1611,1994342,24757874,233147339,1156342278,50026998,3543245,776145312652,802539453,77668959,14100618,1,0,0,0,0,17112,5843.85226741468,100000,167.29515,128,17071,203,292,100000
63,extend,10000,true,uniform,EXTEND,159088303,574846974,309509836,305170720,13428883,6302465,13044929,0,0,0,133,1615,1996078,24839335,233757350,1158406428,50176568,3558711,778328980237,804309964,77974746,14100618,0,0,0,0,1,176637,566.1328034330293,100000,1759.55604,655,223743,2013,9287,100000
63,run,10000,true,uniform,READ,161272667,578396194,313372498,309012618,13428887,6302487,13044933,0,0,0,133,1615,1996362,24842457,233960800,1160310826,50217850,3566711,778557436051,804667523,78054293,14100618,1,0,0,0,0,19160,5219.206680584552,100000,187.68958,122,22959,217,306,100000
63,reference,10000,true,uniform,READ,110376,18988730,7829815,6380321,10119,1,0,0,0,0,133,1615,1996362,24842457,233960800,1160312705,50217850,3566711,778557436051,804667523,78054293,14100618,1,0,0,0,0,3563,28066.236317709794,100000,32.04566,19,18431,41,70,100000
63,clean-run,10000,true,uniform,READ,877894,5385446,3850358,3840271,383941,1,0,0,0,0,133,1617,1996909,24849772,234198633,1161480626,50217882,3566718,779255057749,805423870,78055388,14174438,1,0,0,0,0,16214,6167.509559639818,100000,158.38169,110,27967,187,249,100000
63,avg-run,10000,true,uniform,READ,1787475,10356753,7982933,7941924,793954,5,0,0,0,0,133,1618,1996958,24860878,234395008,1162435848,50248736,3568733,779956436722,806320346,78055439,14174438,1,0,0,0,0,17246,5798.446016467587,100000,168.64281,130,16247,204,304,100000
64,extend,10000,true,uniform,EXTEND,163798404,585038760,318138461,313733274,13810194,6402520,13421247,0,0,0,133,1622,1998637,24942420,235060189,1164521151,50386539,3585527,782334660642,808194235,78423309,14174438,0,0,0,0,1,176964,565.0866842973712,100000,1763.05707,606,165631,1984,9655,100000
64,run,10000,true,uniform,READ,165970989,588578979,322050392,317624442,13810196,6402531,13421249,0,0,0,133,1623,2000657,24945258,235240820,1166458459,50424613,3588021,782486484561,808474669,78489495,14174438,1,0,0,0,0,19364,5164.22226812642,100000,189.77969,129,25967,220,304,100000
64,reference,10000,true,uniform,READ,112202,19289490,7954619,6481598,10119,1,0,0,0,0,133,1623,2000657,24945258,235240820,1166460301,50424613,3588021,782486484561,808474669,78489495,14174438,1,0,0,0,0,3673,27225.70106180234,100000,33.05989,20,19935,40,64,100000
64,clean-run,10000,true,uniform,READ,886652,5363937,3900534,3889573,388934,1,0,0,0,0,133,1625,2001462,24948467,235426452,1167641939,50450271,3588069,783195146868,809241570,78490643,14248486,1,0,0,0,0,16327,6124.82391131255,100000,159.53852,107,29023,188,251,100000
64,avg-run,10000,true,uniform,READ,1741661,10258501,8031972,7990966,798934,5,0,0,0,0,133,1626,2001510,24959868,235628498,1168598762,50479751,3589933,783902625941,810072787,78490687,14248486,1,0,0,0,0,17288,5784.359093012495,100000,168.9448,128,18447,205,298,100000
65,extend,10000,true,uniform,EXTEND,168497239,595237242,326874024,322403644,14196405,6502553,13802473,0,0,0,133,1630,2003061,25043109,236269305,1170718657,50630621,3604423,786108313124,811854241,78790831,14248486,0,0,0,0,1,180114,555.2039264021676,100000,1794.39045,600,247039,2059,9799,100000
65,run,10000,true,uniform,READ,170791683,598805756,330835501,326344357,14196409,6502575,13802477,0,0,0,133,1631,2003460,25046472,236454720,1172660340,50663890,3611818,786339938460,812240111,78872641,14248486,1,0,0,0,0,19611,5099.17903217582,100000,192.24119,119,23103,224,308,100000
65,reference,10000,true,uniform,READ,114061,19590290,8080313,6582889,10119,1,0,0,0,0,133,1631,2003460,25046473,236454721,1172662085,50663890,3611818,786339938460,812240111,78872641,14248486,1,0,0,0,0,3751,26659.557451346307,100000,33.83396,19,20559,42,66,100000
65,clean-run,10000,true,uniform,READ,897241,5342488,3950857,3939896,393919,1,0,0,0,0,133,1633,2003987,25049781,236643260,1173854974,50688213,3611831,787058996664,813017757,78873743,14322930,1,0,0,0,0,16601,6023.733510029516,100000,162.23496,110,28463,192,263,100000
65,avg-run,10000,true,uniform,READ,1751423,10237879,8082295,8041289,803919,5,0,0,0,0,133,1634,2004036,25061386,236841904,1174812460,50716995,3613615,787776472047,813848973,78873787,14322930,1,0,0,0,0,16123,6202.319667555666,100000,157.39224,122,17631,184,252,100000
66,extend,10000,true,uniform,EXTEND,173361024,605486288,335718864,331182413,14587525,6602608,14188775,0,0,0,133,1638,2006071,25144636,237479848,1176937892,50890221,3632737,790147018766,815726099,79235157,14322930,0,0,0,0,1,179482,557.1589351578431,100000,1787.92004,660,311807,2067,8919,100000
66,run,10000,true,uniform,READ,175591083,609026133,339729305,335172091,14587527,6602619,14188777,0,0,0,133,1639,2009914,25147667,237681724,1178914483,50890221,3632737,790474600862,816053875,79351862,14322930,1,0,0,0,0,20095,4976.3622791739235,100000,197.07173,127,30047,233,312,100000
66,reference,10000,true,uniform,READ,115920,19891090,8206007,6684180,10119,1,0,0,0,0,133,1639,2009914,25147668,237681724,1178919399,50890221,3632737,790474600862,816053875,79351862,14322930,1,0,0,0,0,3750,26666.666666666668,100000,33.86262,19,19711,41,65,100000
66,clean-run,10000,true,uniform,READ,907425,5323279,3998868,3988701,398737,1,0,0,0,0,133,1641,2010679,25155533,237926665,1180129433,50922738,3632748,791204827696,816841913,79353033,14399752,1,0,0,0,0,16983,5888.241182358829,100000,165.95563,121,26847,197,264,100000
66,avg-run,10000,true,uniform,READ,1813678,10295438,8131446,8090357,808750,5,0,0,0,0,133,1642,2010727,25166711,238123043,1181083435,50953991,3634296,791936111042,817737149,79353089,14399752,1,0,0,0,0,16252,6153.088850603002,100000,158.56719,123,22783,184,270,100000
67,extend,10000,true,uniform,EXTEND,178210958,615728712,344670211,340067690,14983234,6702652,14579746,0,0,0,133,1647,2012871,25250913,238802429,1183248240,51122801,3652886,794453353556,819659771,79738699,14399752,0,0,0,0,1,182238,548.7329755594333,100000,1815.62082,791,269311,2036,9799,100000
67,run,10000,true,uniform,READ,180453681,619263587,348727019,344103735,14983236,6702663,14579748,0,0,0,133,1647,2012871,25253905,238994774,1185244531,51122801,3652886,794655900841,819971221,79814922,14399752,1,0,0,0,0,20387,4905.086574778044,100000,199.91133,132,29679,233,312,100000
67,reference,10000,true,uniform,READ,117746,20191850,8330811,6785457,10119,1,0,0,0,0,133,1647,2012871,25253905,238994774,1185246374,51122801,3652886,794655900841,819971221,79814922,14399752,1,0,0,0,0,2913,34328.87058015791,100000,25.45318,19,17999,36,62,100000
67,clean-run,10000,true,uniform,READ,921143,5278204,4046638,4036551,403475,1,0,0,0,0,133,1649,2013628,25261824,239235791,1186473149,51165039,3652975,795396519476,820769502,79816051,14475109,1,0,0,0,0,17107,5845.560296954463,100000,167.35681,119,28943,197,257,100000
67,avg-run,10000,true,uniform,READ,1824074,10241375,8179213,8138204,813488,5,0,0,0,0,133,1650,2013677,25272856,239432295,1187426627,51195416,3654461,796137421978,821658585,79816102,14475109,1,0,0,0,0,16184,6178.9421651013345,100000,158.00093,121,17215,185,254,100000
68,extend,10000,true,uniform,EXTEND,183050149,625969281,353724641,349056927,15383605,6802685,14975392,0,0,0,133,1654,2015500,25356775,240110534,1189614855,51375274,3666657,798393646619,823479548,80115520,14475109,0,0,0,0,1,180890,552.8221571120571,100000,1802.08493,662,106495,2089,9247,100000
68,run,10000,true,uniform,READ,185428402,629546791,357829141,353140663,15383609,6802707,14975396,0,0,0,133,1655,2020230,25359575,240294923,1191594656,51375274,3666657,798817399884,823882104,80284576,14475109,1,0,0,0,0,20500,4878.048780487805,100000,201.10369,127,24159,234,317,100000
68,reference,10000,true,uniform,READ,119693,20494669,8457874,6888037,10119,18,0,0,0,0,133,1655,2020230,25359578,240294923,1191599536,51375274,3666657,798817399884,823882104,80284576,14475109,1,0,0,0,0,3467,28843.38044418806,100000,30.93964,19,18047,40,67,100000
68,clean-run,10000,true,uniform,READ,933823,5226694,4093116,4082155,408200,1,0,0,0,0,133,1657,2020977,25363105,240490541,1192837813,51406671,3666680,799569010413,824690363,80285753,14552938,1,0,0,0,0,17325,5772.005772005772,100000,169.41078,122,25407,200,273,100000
68,avg-run,10000,true,uniform,READ,1785797,10124293,8224554,8183548,818200,5,0,0,0,0,133,1658,2021032,25375771,240702254,1193790290,51436720,3668061,800316457896,825521579,80285797,14552938,1,0,0,0,0,16465,6073.489219556635,100000,160.6321,127,21247,188,278,100000
69,extend,10000,true,uniform,EXTEND,188050646,636278671,362883576,358149791,15788817,6902740,15375939,0,0,0,133,1663,2023493,25459342,241330728,1195960851,51607427,3686342,802726450872,827432131,80648213,14552938,0,0,0,0,1,181210,551.8459246178467,100000,1805.49198,745,203007,2079,9735,100000
69,run,10000,true,uniform,READ,190336449,639811458,367034751,362280203,15788819,6902751,15375941,0,0,0,133,1663,2023494,25462565,241546599,1197970265,51607427,3686342,803003128887,827790550,80748396,14552938,1,0,0,0,0,20783,4811.624885723909,100000,203.82286,131,29999,237,319,100000
69,reference,10000,true,uniform,READ,121552,20795469,8583568,6989328,10119,18,0,0,0,0,133,1663,2023494,25462566,241546599,1197982520,51607427,3686342,803003128887,827790550,80748396,14552938,1,0,0,0,0,3535,28288.543140028287,100000,31.64542,20,19791,40,63,100000
69,clean-run,10000,true,uniform,READ,953989,5174059,4140169,4129208,412865,1,0,0,0,0,133,1665,2024229,25466219,241743862,1199245603,51647765,3686424,803765324836,828608467,80749563,14633201,1,0,0,0,0,17618,5676.013168350551,100000,172.35362,127,24719,201,281,100000
69,avg-run,10000,true,uniform,READ,1806784,10070837,8271607,8230601,822865,5,0,0,0,0,133,1666,2024277,25478036,241947244,1200200262,51676116,3687725,804522764339,829439684,80749605,14633201,1,0,0,0,0,16421,6089.76310821509,100000,160.26672,121,15287,185,271,100000
70,extend,10000,true,uniform,EXTEND,193024959,646568539,372145463,367345608,16198706,7002784,15781158,0,0,0,133,1671,2026346,25564546,242619787,1202421732,51844324,3704539,807122287558,831396492,81143486,14633201,0,0,0,0,1,187585,533.0916651118159,100000,1868.92687,721,299007,2141,10935,100000
70,run,10000,true,uniform,READ,195342965,650103947,376343703,371523085,16198708,7002795,15781160,0,0,0,133,1671,2026348,25567519,242825081,1204482142,51844324,3704539,807307042871,831722356,81211898,14633201,1,0,0,0,0,21198,4717.426172280404,100000,208.02998,136,22767,241,321,100000
70,reference,10000,true,uniform,READ,123411,21096269,8709262,7090619,10119,18,0,0,0,0,133,1671,2026382,25567520,242825081,1204483994,51844324,3704539,807307042871,831722356,81211898,14633201,1,0,0,0,0,3292,30376.670716889428,100000,29.268,20,20031,40,66,100000
70,clean-run,10000,true,uniform,READ,969598,5119934,4185598,4175511,417535,1,0,0,0,0,133,1673,2027051,25576052,243075460,1205765263,51896751,3704553,808080393790,832549773,81213138,14713223,1,0,0,0,0,18000,5555.555555555556,100000,176.20782,123,24143,209,269,100000
70,avg-run,10000,true,uniform,READ,1876829,10088609,8318173,8277164,827548,5,0,0,0,0,133,1674,2027100,25587152,243271960,1206721649,51928510,3705737,808851564838,833443758,81213182,14713223,1,0,0,0,0,16506,6058.40300496789,100000,161.31259,127,22783,189,251,100000
71,extend,10000,true,uniform,EXTEND,198063367,656877026,381511290,376645365,16613405,7102828,16191165,0,0,0,133,1679,2029254,25673221,243973981,1208970700,52097823,3715074,811489500492,835439106,81619326,14713223,0,0,0,0,1,185917,537.8744278360774,100000,1852.487,667,81663,2135,8967,100000
71,run,10000,true,uniform,READ,200377044,660410182,385755786,380869098,16613407,7102839,16191167,0,0,0,133,1679,2029397,25676165,244172455,1211025749,52097823,3715074,811631576589,835748111,81676897,14713223,1,0,0,0,0,21392,4674.644727000748,100000,210.16945,134,34751,243,328,100000
71,reference,10000,true,uniform,READ,125246,21397093,8834956,7191910,10119,18,0,0,0,0,133,1679,2029435,25676165,244172455,1211027607,52097823,3715074,811631576589,835748111,81676897,14713223,1,0,0,0,0,3458,28918.44997108155,100000,30.80986,19,22847,40,68,100000
71,clean-run,10000,true,uniform,READ,993135,5078919,4233793,4222832,422227,1,0,0,0,0,133,1681,2029959,25679963,244371730,1212334863,52155675,3715159,812416648092,836585006,81678293,14795874,1,0,0,0,0,18105,5523.336095001381,100000,177.28935,128,23439,206,281,100000
71,avg-run,10000,true,uniform,READ,1846563,9975064,8365231,8324225,832227,5,0,0,0,0,133,1682,2030007,25690940,244567755,1213290093,52186245,3716267,813194071317,837416222,81678327,14795874,1,0,0,0,0,16554,6040.836051709556,100000,161.79632,124,16463,187,256,100000
72,extend,10000,true,uniform,EXTEND,203058885,667183437,390978481,386047363,17032870,7202861,16605964,0,0,0,133,1687,2031911,25777394,245286855,1215544987,52359763,3728818,815558815770,839298046,81990474,14795874,0,0,0,0,1,184945,540.7012895725757,100000,1842.70269,660,108287,2121,10335,100000
72,run,10000,true,uniform,READ,205534157,670784457,395271533,390318775,17032874,7202883,16605968,0,0,0,133,1687,2031911,25780245,245460248,1217564801,52359763,3728818,815920403657,839729319,82132767,14795874,1,0,0,0,0,21677,4613.1844812474055,100000,212.83207,139,31583,246,330,100000
72,reference,10000,true,uniform,READ,127068,21697857,8959760,7293187,10119,18,0,0,0,0,133,1687,2031911,25780245,245460248,1217572346,52359763,3728818,815920403657,839729319,82132767,14795874,1,0,0,0,0,3596,27808.676307007787,100000,32.25229,19,20271,40,61,100000
72,clean-run,10000,true,uniform,READ,1019610,5058402,4280662,4269701,426893,8,0,0,0,0,133,1689,2032601,25784057,245660156,1218903255,52410270,3728855,816714881567,840575613,82133989,14879349,1,0,0,0,0,18411,5431.53549508446,100000,180.47186,129,24031,210,289,100000
72,avg-run,10000,true,uniform,READ,1874577,9953005,8412099,8371093,836893,12,0,0,0,0,133,1690,2032676,25797335,245874324,1219860012,52462175,3733600,817502296060,841406832,82134016,14879349,1,0,0,0,0,16981,5888.934691714269,100000,165.87152,127,59935,190,277,100000
73,extend,10000,true,uniform,EXTEND,208432622,677798321,400551051,395552986,17456998,7302916,17025314,0,0,0,133,1695,2034589,25884745,246623923,1222079525,52598528,3749090,820038129502,843520439,82525398,14879349,0,0,0,0,1,188956,529.2237346260505,100000,1882.64292,785,71935,2223,11039,100000
73,run,10000,true,uniform,READ,210736709,681329213,404888938,399870986,17457000,7302927,17025316,0,0,0,133,1695,2034589,25887540,246787948,1224138788,52598528,3749090,820154186156,843774016,82572270,14879349,1,0,0,0,0,22086,4527.755139002083,100000,216.87252,133,30927,251,338,100000
73,reference,10000,true,uniform,READ,128927,21998657,9085454,7394478,10119,18,0,0,0,0,133,1695,2034589,25887540,246787948,1224141840,52598528,3749090,820154186156,843774016,82572270,14879349,1,0,0,0,0,3060,32679.738562091505,100000,26.87136,19,19551,37,69,100000
73,clean-run,10000,true,uniform,READ,1049218,5055359,4328169,4318082,431671,1,0,0,0,0,133,1697,2035283,25897578,247058360,1225500736,52650860,3749106,820959434043,844629884,82573512,14962728,1,0,0,0,0,18956,5275.374551593163,100000,185.72614,131,26431,217,297,100000
73,avg-run,10000,true,uniform,READ,1973818,10045890,8460760,8419751,841684,5,0,0,0,0,133,1698,2035355,25912071,247267683,1226462755,52695975,3753878,821761748475,845543473,82573545,14962728,1,0,0,0,0,16949,5900.053100477904,100000,165.61377,127,23423,192,278,100000
74,extend,10000,true,uniform,EXTEND,213492797,688151088,410226753,405163494,17885906,7402960,17449287,0,0,0,133,1703,2037206,25999430,247939552,1228750003,52830225,3762116,824396275083,847535629,82950962,14962728,0,0,0,0,1,187838,532.3736411162811,100000,1871.19415,944,78975,2157,9783,100000
74,run,10000,true,uniform,READ,215903495,691688530,414615645,409531622,17885910,7402982,17449291,0,0,0,133,1704,2040542,26002946,248151475,1230859236,52864496,3768997,824679361920,847890663,83059017,14962728,1,0,0,0,0,22355,4473.272198613286,100000,219.5801,145,29983,251,338,100000
74,reference,10000,true,uniform,READ,130786,22299457,9211148,7495769,10119,18,0,0,0,0,133,1704,2040542,26002946,248151475,1230868680,52864496,3768997,824679361920,847890663,83059017,14962728,1,0,0,0,0,3234,30921.459492888065,100000,28.63451,17,18463,38,65,100000
74,clean-run,10000,true,uniform,READ,1082367,5063443,4377973,4367886,436606,1,0,0,0,0,133,1706,2041084,26010591,248394427,1232267299,52893601,3769360,825494676201,848756407,83060175,15049169,1,0,0,0,0,17888,5590.3398926654745,100000,175.07265,120,26783,207,292,100000
74,avg-run,10000,true,uniform,READ,1979710,10021002,8510548,8469539,846619,5,0,0,0,0,133,1707,2041151,26021907,248584833,1233226188,52937410,3774002,826305202089,849639892,83060207,15049169,1,0,0,0,0,17035,5870.2670971529205,100000,166.39005,130,16735,192,286,100000
75,extend,10000,true,uniform,EXTEND,218723667,698531616,420012039,414882709,18319827,7503015,17878160,0,0,0,133,1712,2043337,26109123,249297279,1235568156,53096751,3786375,829053755959,851670537,83469927,15049169,0,0,0,0,1,187628,532.9694928262306,100000,1869.11833,709,73471,2177,8831,100000
75,run,10000,true,uniform,READ,221184540,702057422,424451680,419301587,18319829,7503026,17878162,0,0,0,133,1713,2046647,26112284,249519401,1237757295,53096751,3786375,829381501645,852028968,83584839,15049169,1,0,0,0,0,22706,4404.122258433894,100000,223.0411,134,31599,253,341,100000
75,reference,10000,true,uniform,READ,132645,22600257,9336842,7597060,10119,18,0,0,0,0,133,1713,2046647,26112284,249519401,1237759042,53096751,3786375,829381501645,852028968,83584839,15049169,1,0,0,0,0,3613,27677.830058123443,100000,32.55971,18,17711,41,66,100000
75,clean-run,10000,true,uniform,READ,1109915,5088106,4426788,4416701,441654,1,0,0,0,0,133,1715,2047250,26121486,249777317,1239197645,53134697,3786715,830207824855,852904822,83586044,15137153,1,0,0,0,0,19066,5244.93863421798,100000,186.91471,135,30991,216,286,100000
75,avg-run,10000,true,uniform,READ,2021249,10063299,8559379,8518370,851667,5,0,0,0,0,133,1716,2047328,26134156,249978960,1240148276,53180475,3791242,831029285602,853804110,83586077,15137153,1,0,0,0,0,17198,5814.629608093965,100000,168.10255,130,23791,194,264,100000
76,extend,10000,true,uniform,EXTEND,224081887,708932785,429909463,424714063,18758936,7603059,18312257,0,0,0,133,1722,2049566,26222116,250696992,1242563439,53326144,3818786,833866797103,855850797,84006767,15137153,0,0,0,0,1,190228,525.684967512669,100000,1895.35803,721,227711,2177,9471,100000
76,run,10000,true,uniform,READ,226604597,712457863,434398232,429182068,18758938,7603070,18312259,0,0,0,133,1722,2049566,26225455,250918413,1244803718,53326144,3818786,834170759745,856225725,84110577,15137153,1,0,0,0,0,23100,4329.004329004329,100000,226.89928,147,29151,258,349,100000
76,reference,10000,true,uniform,READ,134504,22901057,9462536,7698351,10119,18,0,0,0,0,133,1722,2049566,26225456,250918413,1244808432,53326144,3818786,834170759745,856225725,84110577,15137153,1,0,0,0,0,2896,34530.386740331494,100000,25.35512,19,20207,35,64,100000
76,clean-run,10000,true,uniform,READ,1135466,5121578,4477672,4466711,446666,1,0,0,0,0,133,1724,2050103,26229496,251119910,1246274327,53370215,3818869,835006905003,857111616,84111662,15223269,1,0,0,0,0,20203,4949.759936643073,100000,198.04565,136,33471,238,317,100000
76,avg-run,10000,true,uniform,READ,1990826,10015791,8609110,8568104,856666,5,0,0,0,0,133,1726,2050424,26245612,251345040,1247235620,53414199,3823210,835834658125,857942835,84111760,15223269,1,0,0,0,0,18085,5529.44429084877,100000,176.73711,133,25503,212,277,100000
77,extend,10000,true,uniform,EXTEND,229549598,719341516,439918382,434656912,19203674,7703092,18751726,0,0,0,133,1731,2052353,26336252,252055390,1249705781,53593780,3831636,838642041846,859979215,84512036,15223269,0,0,0,0,1,192442,519.6370854595151,100000,1917.1163,930,204415,2223,8599,100000
77,run,10000,true,uniform,READ,232162742,722883480,444460290,439178056,19203678,7703114,18751730,0,0,0,133,1731,2052353,26339325,252261832,1251962077,53593780,3831636,838969605226,860380756,84625766,15223269,1,0,0,0,0,25227,3964.006818091727,100000,248.13414,148,30159,294,375,100000
77,reference,10000,true,uniform,READ,136363,23201857,9588230,7799642,10119,18,0,0,0,0,133,1731,2052353,26339325,252261832,1251963930,53593780,3831636,838969605226,860380756,84625766,15223269,1,0,0,0,0,3357,29788.50163836759,100000,29.72313,19,22511,42,72,100000
77,clean-run,10000,true,uniform,READ,1165187,5156334,4531655,4520694,451935,1,0,0,0,0,133,1733,2052905,26343401,252464273,1253459741,53643534,3831753,839816881388,861277200,84626907,15311023,1,0,0,0,0,21036,4753.755466818787,100000,206.48109,134,35263,250,324,100000
77,avg-run,10000,true,uniform,READ,2018421,10052670,8663092,8622086,861935,5,0,0,0,0,133,1735,2053393,26360426,252699133,1254418623,53689923,3835986,840654626786,862108419,84627005,15311023,1,0,0,0,0,18400,5434.782608695652,100000,179.90465,132,22207,219,297,100000
78,extend,10000,true,uniform,EXTEND,235108981,729780914,450042017,444714477,19653449,7803136,19196274,0,0,0,133,1740,2055330,26452701,253409725,1256889299,53875522,3842579,843412197227,864151083,85019289,15311023,0,0,0,0,1,197120,507.3051948051948,100000,1964.08182,836,76287,2363,9615,100000
78,run,10000,true,uniform,READ,237754937,733341793,454635899,449287595,19653453,7803158,19196278,0,0,0,133,1740,2055330,26455730,253607717,1259129718,53875522,3842579,843773895904,864568225,85151261,15311023,1,0,0,0,0,24072,4154.204054503157,100000,236.70359,154,25471,281,371,100000
78,reference,10000,true,uniform,READ,138222,23502657,9713924,7900933,10119,18,0,0,0,0,133,1740,2055330,26455731,253607717,1259140080,53875522,3842579,843773895904,864568225,85151261,15311023,1,0,0,0,0,3165,31595.576619273303,100000,27.81601,19,22079,38,65,100000
78,clean-run,10000,true,uniform,READ,1187190,5197595,4582835,4572748,457162,1,0,0,0,0,133,1742,2055876,26464698,253870750,1260661064,53922003,3842595,844631861554,865475137,85152402,15401290,1,0,0,0,0,19393,5156.499767957511,100000,189.91499,128,35647,230,319,100000
78,avg-run,10000,true,uniform,READ,2101931,10173230,8715427,8674418,867175,5,0,0,0,0,133,1744,2056915,26478327,254077645,1261618566,53965491,3846575,845483757709,866376348,85152508,15401290,1,0,0,0,0,17926,5578.489345085351,100000,175.1885,133,21823,212,294,100000
79,extend,10000,true,uniform,EXTEND,240662259,740248217,460281908,454888298,20108405,7903180,19645936,0,0,0,133,1749,2058896,26568257,254824977,1264071809,54150020,3850832,848118708910,868389940,85511897,15401290,0,0,0,0,1,190171,525.8425311956082,100000,1894.63832,966,77567,2227,8471,100000
79,run,10000,true,uniform,READ,243319609,743832250,464930496,459515246,20108409,7903202,19645940,0,0,0,133,1749,2058900,26571508,255020792,1266269052,54150020,3850832,848545915940,868850552,85686732,15401290,1,0,0,0,0,22702,4404.898246850497,100000,222.91668,143,34015,262,353,100000
79,reference,10000,true,uniform,READ,140081,23803457,9839618,8002224,10119,18,0,0,0,0,133,1749,2058900,26571509,255020792,1266270903,54150020,3850832,848545915940,868850552,85686732,15401290,1,0,0,0,0,3448,29002.320185614848,100000,30.65506,20,20527,40,65,100000
79,clean-run,10000,true,uniform,READ,1204027,5241146,4635482,4624521,462456,1,0,0,0,0,133,1751,2059453,26575803,255226478,1267806627,54195965,3851372,849414392261,869768066,85687844,15491723,1,0,0,0,0,20603,4853.66208804543,100000,202.04078,146,30255,238,303,100000
79,avg-run,10000,true,uniform,READ,2079473,11520212,9766919,9725913,972456,5,0,0,0,0,133,1753,2060908,26593168,255477306,1268785192,54240958,3855218,850285471858,870799557,85687950,15491723,1,0,0,0,0,18512,5401.901469317199,100000,181.1601,137,21087,215,296,100000
80,extend,10000,true,uniform,EXTEND,246261138,750758963,470639000,465178443,20568208,8003235,20100628,0,0,0,133,1758,2062953,26683978,256159936,1271202376,54413364,3870703,853173217372,872951030,86139194,15491723,0,0,0,0,1,193112,517.8342101992627,100000,1923.97774,745,182271,2243,9767,100000
80,run,10000,true,uniform,READ,248791205,754278972,475336495,469855175,20568210,8003246,20100630,0,0,0,133,1758,2062953,26686973,256373819,1273447696,54413364,3870703,853353667211,873285524,86212968,15491723,1,0,0,0,0,24321,4111.6730397598785,100000,239.08384,152,31471,279,364,100000
80,reference,10000,true,uniform,READ,141940,24104257,9965312,8103515,10119,18,0,0,0,0,133,1758,2062953,26686973,256373819,1273449546,54413364,3870703,853353667211,873285524,86212968,15491723,1,0,0,0,0,3479,28743.89192296637,100000,31.07306,19,21391,42,70,100000
80,clean-run,10000,true,uniform,READ,1221869,5282006,4687900,4676939,467567,1,0,0,0,0,133,1760,2063465,26691102,256581766,1275004776,54466896,3870716,854232786691,874213275,86214076,15588354,1,0,0,0,0,20218,4946.087644673064,100000,198.27211,136,27119,234,312,100000
80,avg-run,10000,true,uniform,READ,2219762,11431508,9819337,9778331,977567,5,0,0,0,0,133,1762,2065099,26708465,256840558,1276111113,54509888,3874521,855113829171,875244765,86214177,15588354,1,0,0,0,0,19076,5242.189138184106,100000,186.70506,141,24591,221,299,100000
81,extend,10000,true,uniform,EXTEND,251783255,761233926,481106000,475579373,21033652,8103279,20560906,0,0,0,133,1767,2067093,26799493,257527718,1278573767,54680135,3889580,858058327616,877419660,86667908,15588354,0,0,0,0,1,193755,516.1157131428866,100000,1929.94605,801,207999,2229,9519,100000
81,run,10000,true,uniform,READ,254339223,764750367,485855669,480308279,21033654,8103290,20560908,0,0,0,133,1767,2067283,26802753,257746960,1280839442,54680135,3889580,858221737548,877760284,86736936,15588354,1,0,0,0,0,24562,4071.3296962788045,100000,241.62156,158,34399,281,367,100000
81,reference,10000,true,uniform,READ,143808,24405121,10091896,8204820,10119,18,0,0,0,0,133,1767,2067283,26802753,257746961,1280841301,54734757,3890569,858221737762,877760287,86736936,15588354,1,0,0,0,0,3498,28587.764436821042,100000,31.06629,19,20623,43,70,100000
81,clean-run,10000,true,uniform,READ,1230867,5325997,4737648,4727561,472733,1,0,0,0,0,133,1769,2067614,26813417,258034351,1282409188,54734779,3890575,859110908155,878698382,86737959,15681566,1,0,0,0,0,20937,4776.233462291637,100000,205.53425,146,28319,243,326,100000
81,avg-run,10000,true,uniform,READ,2398573,11475870,9870240,9829231,982746,5,0,0,0,0,133,1771,2069419,26829074,258279020,1283608623,54779089,3894313,860007282708,879819535,86738067,15681566,1,0,0,0,0,20347,4914.7294441441,100000,199.53793,150,25279,239,309,100000
82,extend,10000,true,uniform,EXTEND,257358804,771728450,491687555,486094858,21504290,8203323,21026431,0,0,0,133,1776,2071365,26919601,258986302,1286098042,54950379,3906853,862982880074,881997012,87192964,15681566,0,0,0,0,1,193733,516.1743223921583,100000,1930.38051,906,195199,2199,10511,100000
82,run,10000,true,uniform,READ,259965459,775241302,496488196,490874736,21504292,8203334,21026433,0,0,0,133,1776,2071588,26923333,259211822,1288406949,54980144,3914850,863158347017,882358414,87263531,15681566,1,0,0,0,0,24472,4086.302713305002,100000,240.79677,148,26591,284,364,100000
82,reference,10000,true,uniform,READ,145663,24705925,10217590,8306111,10119,18,0,0,0,0,133,1776,2071588,26923334,259211822,1288408730,54980144,3914850,863158347017,882358414,87263531,15681566,1,0,0,0,0,3590,27855.15320334262,100000,32.13705,20,17311,43,69,100000
82,clean-run,10000,true,uniform,READ,1243545,5367173,4789179,4778218,477846,1,0,0,0,0,133,1778,2071869,26927513,259430628,1289996288,54980164,3915510,864059144281,883306749,87264678,15775166,1,0,0,0,0,21052,4750.142504275128,100000,206.66691,149,32079,245,322,100000
82,avg-run,10000,true,uniform,READ,2357604,11382044,9920617,9879611,987846,5,0,0,0,0,133,1780,2073979,26942561,259674874,1291219966,55022951,3919208,864960149108,884338240,87264766,15775166,1,0,0,0,0,20465,4886.391399951136,100000,200.69558,153,22319,239,325,100000
83,extend,10000,true,uniform,EXTEND,263043347,782245363,502381086,496722319,21979954,8303367,21497016,0,0,0,133,1785,2075809,27032997,260395528,1293772765,55179853,3945236,867975407044,886509843,87717717,15775166,0,0,0,0,1,196249,509.55673659483614,100000,1955.53648,691,82111,2199,11879,100000
83,run,10000,true,uniform,READ,265756622,785771542,507232622,501553091,21979958,8303389,21497020,0,0,0,133,1786,2081992,27036367,260622514,1296145314,55208833,3950769,868375749636,886906422,87875842,15775166,1,0,0,0,0,24209,4130.695196001487,100000,238.09712,151,28463,268,354,100000
83,reference,10000,true,uniform,READ,147522,25006725,10343284,8407402,10119,18,0,0,0,0,133,1786,2081992,27036367,260622514,1296147158,55208833,3950769,868375749636,886906422,87875842,15775166,1,0,0,0,0,2911,34352.45620061835,100000,25.32679,19,19567,38,74,100000
83,clean-run,10000,true,uniform,READ,1251512,5412759,4840697,4829736,482925,1,0,0,0,0,133,1788,2082417,27040612,260837431,1297751971,55242568,3951822,869286733629,887864931,87876925,15870494,1,0,0,0,0,20698,4831.384674847812,100000,203.05723,148,24703,234,316,100000
83,avg-run,10000,true,uniform,READ,2391181,11394453,9972135,9931129,992925,5,0,0,0,0,133,1790,2083221,27056087,261094861,1298996181,55284962,3955601,870197707103,888896424,87877006,15870494,1,0,0,0,0,20047,4988.277547762757,100000,196.50077,150,23727,220,313,100000
84,extend,10000,true,uniform,EXTEND,268871064,792779831,513184881,507460044,22460334,8403411,21972342,0,0,0,133,1795,2085209,27147217,261847599,1301610571,55442350,3982455,873177616030,891043992,88300019,15870494,0,0,0,0,1,197221,507.0453957742837,100000,1965.45702,803,201087,2203,11695,100000
84,run,10000,true,uniform,READ,271696656,796336932,518088840,512342363,22460338,8403433,21972346,0,0,0,133,1796,2090513,27150203,262051692,1303992031,55472222,3987320,873617647967,891486223,88477328,15870494,1,0,0,0,0,24306,4114.210483008311,100000,239.14362,158,24783,269,364,100000
84,reference,10000,true,uniform,READ,149381,25307525,10468978,8508693,10119,18,0,0,0,0,133,1796,2090513,27150203,262051692,1303993881,55472222,3987320,873617647967,891486223,88477328,15870494,1,0,0,0,0,3150,31746.031746031746,100000,27.77741,18,17903,41,72,100000
84,clean-run,10000,true,uniform,READ,1258936,5455498,4890231,4879270,487979,1,0,0,0,0,133,1798,2090925,27154485,262269036,1305602020,55506848,3988274,874539156433,892454854,88478392,15966435,1,0,0,0,0,20544,4867.601246105919,100000,201.55751,144,27823,232,313,100000
84,avg-run,10000,true,uniform,READ,2410612,11412789,10021669,9980663,997979,5,0,0,0,0,133,1800,2091825,27170754,262543326,1306865811,55549744,3992115,875460147291,893486345,88478463,15966435,1,0,0,0,0,20190,4952.947003467063,100000,197.9795,153,24111,226,309,100000
85,extend,10000,true,uniform,EXTEND,274839754,803375592,524103700,518311916,22946225,8503466,22453221,0,0,0,133,1805,2094001,27263107,263270784,1309470549,55729084,4027103,878567842433,895744357,88959957,15966435,0,0,0,0,1,201830,495.4664816925135,100000,2011.06979,692,254591,2229,12543,100000
85,run,10000,true,uniform,READ,277544734,806884081,529056435,523243888,22946227,8503477,22453223,0,0,0,133,1806,2096485,27266204,263508358,1311870203,55729084,4027103,878848404843,896116777,89068482,15966435,1,0,0,0,0,24505,4080.7998367680066,100000,241.01028,154,28111,274,370,100000
85,reference,10000,true,uniform,READ,151273,25608365,10595562,8609998,10119,18,0,0,0,0,133,1806,2096485,27266205,263508358,1311872049,55729084,4027103,878848404843,896116777,89068482,15966435,1,0,0,0,0,3359,29770.765108663294,100000,29.94182,17,23871,39,66,100000
85,clean-run,10000,true,uniform,READ,1262804,5501031,4941396,4930435,492991,8,0,0,0,0,133,1808,2096884,27270643,263728018,1313493362,55769818,4027113,879780855249,897095456,89069581,16063258,1,0,0,0,0,20029,4992.760497278946,100000,196.42979,137,34207,224,305,100000
85,avg-run,10000,true,uniform,READ,2414257,11458542,10072833,10031827,1002991,12,0,0,0,0,133,1810,2098105,27288366,264006216,1314749885,55812203,4030696,880711823365,898126947,89069650,16063258,1,0,0,0,0,20101,4974.876871797423,100000,197.19422,155,17487,223,300,100000
86,extend,10000,true,uniform,EXTEND,280728654,813950330,535129523,529271669,23436549,8603510,22938690,0,0,0,133,1816,2100295,27383866,264731926,1317392486,55998466,4061001,883844767290,900358035,89538674,16063258,0,0,0,0,1,207941,480.9056415040805,100000,2072.44032,975,271615,2415,13231,100000
86,run,10000,true,uniform,READ,283552516,817482990,540130664,534252046,23436553,8603532,22938694,0,0,0,133,1816,2100295,27387197,264958887,1319836949,55998466,4061001,884176408507,900775222,89659463,16063258,1,0,0,0,0,24727,4044.1622517895416,100000,243.41298,162,24831,275,352,100000
86,reference,10000,true,uniform,READ,153132,25909165,10721256,8711289,10119,18,0,0,0,0,133,1816,2100295,27387197,264958887,1319848500,55998466,4061001,884176408507,900775222,89659463,16063258,1,0,0,0,0,3227,30988.534242330337,100000,28.5895,19,19359,38,63,100000
86,clean-run,10000,true,uniform,READ,1262285,5545585,4989708,4978747,497846,1,0,0,0,0,133,1818,2100673,27391645,265181027,1321474664,56044260,4061011,885119905397,901763614,89660616,16161873,1,0,0,0,0,21122,4734.400151500805,100000,207.33899,150,30815,234,315,100000
86,avg-run,10000,true,uniform,READ,2415326,11476485,10121145,10080139,1007846,5,0,0,0,0,133,1820,2103635,27408510,265456819,1322743987,56088854,4064542,886060841997,902795107,89660681,16161873,1,0,0,0,0,20301,4925.865720900449,100000,199.02344,152,23727,225,315,100000
87,extend,10000,true,uniform,EXTEND,286764642,824550595,546261365,540337441,23931558,8703554,23428776,0,0,0,133,1826,2105745,27502493,266246957,1325435125,56268999,4098010,889148583020,904991214,90100128,16161873,0,0,0,0,1,207238,482.53698646001214,100000,2065.50407,680,288255,2517,13359,100000
87,run,10000,true,uniform,READ,289710778,828135500,551313606,545368042,23931562,8703576,23428780,0,0,0,133,1826,2105745,27505618,266445020,1327868916,56268999,4098010,889572957336,905467706,90268076,16161873,1,0,0,0,0,24856,4023.173479240425,100000,244.73801,160,29775,275,365,100000
87,reference,10000,true,uniform,READ,155000,26210029,10847840,8812594,10119,18,0,0,0,0,133,1826,2105762,27505620,266445020,1327879950,56268999,4098010,889572957336,905467706,90268076,16161873,1,0,0,0,0,3206,31191.515907673114,100000,28.44107,17,22511,40,71,100000
87,clean-run,10000,true,uniform,READ,1266379,5586112,5039279,5028318,502769,1,0,0,0,0,133,1828,2106099,27510349,266669302,1329507840,56319902,4098025,890526696874,906465957,90269174,16260764,1,0,0,0,0,21215,4713.646005185011,100000,208.34711,150,27135,237,327,100000
87,avg-run,10000,true,uniform,READ,2417280,11519155,10170717,10129711,1012769,5,0,0,0,0,133,1830,2108030,27526878,266937229,1330777811,56362118,4101436,891477626168,907497448,90269237,16260764,1,0,0,0,0,20354,4913.039206052865,100000,199.69936,154,21583,227,323,100000
88,extend,10000,true,uniform,EXTEND,292948604,835222105,557504761,551513890,24431708,8803609,23923928,0,0,0,133,1836,2110115,27620578,267693675,1333457755,56537980,4136574,894697300942,909778155,90762096,16260764,0,0,0,0,1,204777,488.33609243225555,100000,2040.56328,760,244479,2287,12247,100000
88,run,10000,true,uniform,READ,295792277,838742037,562604694,556593059,24431712,8803631,23923932,0,0,0,133,1836,2110115,27624030,267931232,1335956828,56537980,4136574,894968734903,910184699,90863956,16260764,1,0,0,0,0,25092,3985.3339709867687,100000,246.80726,154,29007,277,365,100000
88,reference,10000,true,uniform,READ,156855,26510833,10973534,8913885,10119,18,0,0,0,0,133,1836,2110117,27624031,267931232,1335958682,56537980,4136574,894968734903,910184699,90863956,16260764,1,0,0,0,0,3055,32733.224222585926,100000,26.9319,19,21983,39,64,100000
88,clean-run,10000,true,uniform,READ,1268960,5622119,5088556,5078469,507767,1,0,0,0,0,133,1838,2110551,27633747,268228608,1337601096,56589782,4136586,895933261272,911192962,90865069,16360390,1,0,0,0,0,21275,4700.352526439483,100000,208.87337,153,31599,239,321,100000
88,avg-run,10000,true,uniform,READ,2491873,11647386,10221147,10180138,1017780,5,0,0,0,0,133,1840,2112445,27649701,268488622,1338862532,56633226,4139801,896899081410,912306162,90865144,16360390,1,0,0,0,0,20551,4865.9432631015525,100000,201.53624,157,17887,227,307,100000
89,extend,10000,true,uniform,EXTEND,299072510,845853562,568855860,562798919,24937013,8903653,24424270,0,0,0,133,1846,2114298,27744407,269311976,1341616382,56815865,4161599,900091743948,914550242,91325102,16360390,0,0,0,0,1,207096,482.8678487271604,100000,2064.26983,735,144767,2637,11311,100000
89,run,10000,true,uniform,READ,302061720,849423418,574006770,567928189,24937017,8903675,24424274,0,0,0,133,1846,2114516,27747629,269521689,1344110350,56847731,4167823,900449243424,915022137,91459062,16360390,1,0,0,0,0,25015,3997.601439136518,100000,246.1888,165,28335,276,367,100000
89,reference,10000,true,uniform,READ,158747,26811673,11100118,9015190,10119,18,0,0,0,0,133,1846,2114516,27747632,269521689,1344118836,56847731,4167823,900449243424,915022137,91459062,16360390,1,0,0,0,0,3126,31989.76327575176,100000,27.50353,17,17855,39,67,100000
89,clean-run,10000,true,uniform,READ,1269443,5658901,5137909,5126948,512730,1,0,0,0,0,133,1848,2114699,27752394,269752474,1345756240,56847744,4167855,901424451215,916040335,91460178,16459160,1,0,0,0,0,21403,4672.242209036116,100000,210.1348,156,29071,239,324,100000
89,avg-run,10000,true,uniform,READ,2428851,11508524,10269397,10228391,1022730,5,0,0,0,0,133,1850,2117834,27770372,270071961,1347047159,56889843,4171432,902395332310,917071827,91460236,16459160,1,0,0,0,0,20836,4799.385678633135,100000,204.57767,162,42463,236,327,100000
90,extend,10000,true,uniform,EXTEND,305370372,856551769,580317181,574193293,25447082,9003708,24929477,0,0,0,133,1856,2119813,27864698,270843527,1349793718,57072077,4192970,905680357589,919384689,91954912,16459160,0,0,0,0,1,204589,488.78483202909246,100000,2039.15539,806,184575,2525,11639,100000
90,run,10000,true,uniform,READ,308318134,860082308,585515077,579370425,25447086,9003730,24929481,0,0,0,133,1857,2120074,27868556,271073496,1352337482,57103842,4197513,905946276753,919814719,92054736,16459160,1,0,0,0,0,25176,3972.0368605020653,100000,247.79423,167,30495,276,358,100000
90,reference,10000,true,uniform,READ,160606,27112473,11225812,9116481,10119,18,0,0,0,0,133,1857,2120074,27868557,271073496,1352347480,57103842,4197513,905946276753,919814719,92054736,16459160,1,0,0,0,0,3194,31308.703819661867,100000,28.27283,19,18511,38,65,100000
90,clean-run,10000,true,uniform,READ,1273775,5687746,5188504,5177543,517592,1,0,0,0,0,133,1859,2120239,27873337,271305483,1353998801,57133173,4197527,906931510676,920842657,92055771,16560414,1,0,0,0,0,21195,4718.093890068412,100000,208.0746,155,26271,235,317,100000
90,avg-run,10000,true,uniform,READ,2432390,11538098,10319942,10278936,1027592,5,0,0,0,0,133,1861,2122262,27890185,271602409,1355286492,57175353,4201120,907912395680,921874148,92055831,16560414,1,0,0,0,0,20838,4798.925040790863,100000,204.40674,159,25279,234,321,100000
91,extend,10000,true,uniform,EXTEND,311678907,867233793,591882376,585691541,25961755,9103763,25439266,0,0,0,133,1867,2124102,27986256,272394646,1358073868,57353780,4226876,911286450620,924244394,92574221,16560414,0,0,0,0,1,210648,474.7256085982302,100000,2099.6305,836,258943,2661,11743,100000
91,run,10000,true,uniform,READ,314570324,870728992,597129321,590917723,25961757,9103774,25439268,0,0,0,133,1868,2126310,27989804,272647869,1360629172,57385345,4234734,911539711396,924640828,92689903,16560414,1,0,0,0,0,25488,3923.414940364093,100000,250.80005,158,26159,282,383,100000
91,reference,10000,true,uniform,READ,162498,27413313,11352396,9217786,10119,18,0,0,0,0,133,1868,2126310,27989804,272647869,1360642457,57385345,4234734,911539711396,924640828,92689903,16560414,1,0,0,0,0,3485,28694.404591104736,100000,31.23485,19,18911,41,69,100000
91,clean-run,10000,true,uniform,READ,1281698,5709226,5235935,5224974,522476,1,0,0,0,0,133,1870,2126510,27995482,272881610,1362307064,57417370,4234752,912535646820,925678547,92690944,16660271,1,0,0,0,0,21623,4624.705175045091,100000,212.32562,158,32447,244,336,100000
91,avg-run,10000,true,uniform,READ,2441491,11558400,10367373,10326367,1032476,5,0,0,0,0,133,1872,2128302,28012795,273184476,1363594143,57461165,4238253,913526519625,926710039,92691002,16660271,1,0,0,0,0,20884,4788.354721317755,100000,204.95293,162,17823,233,332,100000
92,extend,10000,true,uniform,EXTEND,317918324,877888789,603555703,597298799,26481503,9203796,25954150,0,0,0,133,1878,2130298,28108433,274023495,1366406887,57639008,4265812,916714058114,928991989,93140532,16660271,0,0,0,0,1,210483,475.0977513623428,100000,2097.76966,802,124351,2597,12543,100000
92,run,10000,true,uniform,READ,321009170,881480125,608853113,602574569,26481507,9203818,25954154,0,0,0,133,1879,2132743,28111656,274230854,1368941507,57668870,4273735,917158956786,929495375,93321527,16660271,1,0,0,0,0,25363,3942.7512518235226,100000,249.75897,169,30095,281,381,100000
92,reference,10000,true,uniform,READ,164390,27714153,11478980,9319091,10119,18,0,0,0,0,133,1879,2132743,28111656,274230854,1368952949,57668870,4273735,917158956786,929495375,93321527,16660271,1,0,0,0,0,3601,27770.063871146904,100000,32.28976,19,21039,41,63,100000
92,clean-run,10000,true,uniform,READ,1294732,5724753,5284741,5273780,527340,1,0,0,0,0,133,1881,2132927,28116807,274467790,1370625801,57701099,4273746,918165606109,930542835,93322577,16761974,1,0,0,0,0,21565,4637.143519591931,100000,211.82628,153,31023,241,315,100000
92,avg-run,10000,true,uniform,READ,2452723,11575729,10416179,10375173,1037340,5,0,0,0,0,133,1883,2136036,28133678,274771749,1371915580,57744786,4276969,919166460028,931574327,93322630,16761974,1,0,0,0,0,20959,4771.220000954244,100000,205.74581,162,25183,233,319,100000
93,extend,10000,true,uniform,EXTEND,324367886,888663370,615339505,609015654,27006404,9303851,26474049,0,0,0,133,1889,2137786,28228994,275587881,1374702481,57930754,4295699,922392202265,933914930,93793651,16761974,0,0,0,0,1,208129,480.4712461982713,100000,2074.09229,750,278527,2559,11159,100000
93,run,10000,true,uniform,READ,327422033,892216956,620686736,614341245,27006408,9303873,26474053,0,0,0,133,1890,2139821,28232695,275805525,1377280694,57962816,4301912,922743360967,934378370,93933293,16761974,1,0,0,0,0,27686,3611.933829372246,100000,272.56866,176,28559,308,418,100000
93,reference,10000,true,uniform,READ,166282,28014993,11605564,9420396,10119,18,0,0,0,0,133,1890,2139821,28232695,275805525,1377282546,57962816,4301912,922743360967,934378370,93933293,16761974,1,0,0,0,0,3880,25773.19587628866,100000,34.80779,21,20047,45,70,100000
93,clean-run,10000,true,uniform,READ,1304838,5745188,5337067,5326026,532342,18,0,0,0,0,133,1892,2140032,28237966,276044989,1378974292,57997211,4301995,923760940916,935435867,93934378,16867762,1,0,0,0,0,23368,4279.356384799726,100000,229.45344,170,34879,259,365,100000
93,avg-run,10000,true,uniform,READ,2464124,11594933,10468555,10427469,1042342,22,0,0,0,0,133,1894,2142618,28256529,276378073,1380259424,58042826,4305053,924771776634,936467358,93934432,16867762,1,0,0,0,0,21688,4610.844706750277,100000,212.4063,160,20463,242,339,100000
94,extend,10000,true,uniform,EXTEND,330837081,899417287,627232079,620841281,27536043,9403906,26998684,0,0,0,133,1900,2144626,28353549,277155616,1383094256,58244204,4329977,928165398490,938834584,94441909,16867762,0,0,0,0,1,209915,476.3832980015721,100000,2091.65393,867,166911,2565,11927,100000
94,run,10000,true,uniform,READ,333909114,902954564,632629540,626217102,27536047,9403928,26998688,0,0,0,133,1901,2147710,28356881,277385730,1385728794,58244204,4329977,928600472164,939285336,94607746,16867762,1,0,0,0,0,28520,3506.311360448808,100000,280.67772,185,38591,316,404,100000
94,reference,10000,true,uniform,READ,168141,28315793,11731258,9521687,10119,18,0,0,0,0,133,1901,2147710,28356881,277385730,1385730645,58244204,4329977,928600472164,939285336,94607746,16867762,1,0,0,0,0,3833,26089.225150013044,100000,34.23198,21,22911,45,75,100000
94,clean-run,10000,true,uniform,READ,1325649,5746120,5384780,5373819,537346,1,0,0,0,0,133,1903,2147973,28362207,277627821,1387449954,58288356,4329999,929628651507,940352836,94608822,16974505,1,0,0,0,0,23585,4239.983040067839,100000,231.57937,163,37727,261,356,100000
94,avg-run,10000,true,uniform,READ,2482750,11598059,10516268,10475262,1047346,5,0,0,0,0,133,1905,2149475,28380547,277968617,1388732238,58333637,4333034,930655867141,941491736,94608885,16974505,1,0,0,0,0,22031,4539.058599246517,100000,215.89692,158,28799,247,358,100000
95,extend,10000,true,uniform,EXTEND,337377029,910171611,639234534,632776789,28070900,9503961,27528517,0,0,0,133,1912,2151479,28476332,278732082,1391615567,58528405,4361944,934133711663,943799476,95138145,16974505,0,0,0,0,1,208298,480.0814218091388,100000,2075.54161,1090,223103,2413,11855,100000
95,run,10000,true,uniform,READ,340415377,913680780,644681195,638202686,28070904,9503983,27528521,0,0,0,133,1912,2151501,28479604,278986324,1394275229,58528405,4361944,934461729254,944240004,95263511,16974505,1,0,0,0,0,27990,3572.7045373347623,100000,275.37573,185,33503,310,418,100000
95,reference,10000,true,uniform,READ,170033,28616633,11857842,9622992,10119,18,0,0,0,0,133,1912,2151501,28479604,278986324,1394276975,58528405,4361944,934461729254,944240004,95263511,16974505,1,0,0,0,0,3822,26164.311878597593,100000,34.27882,21,20639,45,75,100000
95,clean-run,10000,true,uniform,READ,1349167,5746754,5436233,5425272,542370,1,0,0,0,0,133,1914,2151666,28485216,279231093,1396024240,58593866,4368302,935500734806,945317568,95264609,17080643,1,0,0,0,0,23592,4238.72499152255,100000,231.61618,171,36831,261,371,100000
95,avg-run,10000,true,uniform,READ,2601552,11709860,10568765,10526882,1052383,5,0,0,0,0,133,1916,2153044,28503324,279568027,1397310517,58607401,4371213,936537682951,946451967,95264672,17080643,1,0,0,0,0,22100,4524.886877828054,100000,216.6902,167,25807,249,358,100000
96,extend,10000,true,uniform,EXTEND,343875029,920906812,651347820,644824005,28610771,9604005,28063321,0,0,0,133,1922,2154742,28598024,280368476,1400221593,58775621,4397901,939786982046,948663302,95716330,17080643,0,0,0,0,1,203775,490.737332842596,100000,2030.40746,965,89855,2373,11055,100000
96,run,10000,true,uniform,READ,347075018,924499859,656845408,650299953,28610775,9604027,28063325,0,0,0,133,1923,2160373,28600755,280593924,1402837451,58801075,4406629,940308238703,949190669,95941661,17080643,1,0,0,0,0,28892,3461.165720614703,100000,284.3304,180,33087,319,484,100000
96,reference,10000,true,uniform,READ,171925,28917473,11984426,9724297,10119,18,0,0,0,0,133,1923,2160374,28600755,280593924,1402845135,58801075,4406629,940308238703,949190669,95941661,17080643,1,0,0,0,0,3311,30202.355783751133,100000,29.08713,21,19599,40,72,100000
96,clean-run,10000,true,uniform,READ,1369402,5749539,5487242,5476281,547437,1,0,0,0,0,133,1925,2160559,28606261,280841822,1404610627,58848303,4414469,941358088419,950278382,95942785,17187723,1,0,0,0,0,24203,4131.7192083626,100000,237.66782,165,29311,272,406,100000
96,avg-run,10000,true,uniform,READ,2609354,11694902,10619774,10577891,1057450,5,0,0,0,0,133,1927,2161821,28622508,281165683,1405895289,58862040,4417250,942404130495,951397709,95942845,17187723,1,0,0,0,0,22662,4412.673197422999,100000,221.93076,167,23647,251,386,100000
97,extend,10000,true,uniform,EXTEND,350519565,931736653,663572268,656981507,29155558,9704049,28603067,0,0,0,133,1933,2163479,28716408,281947103,1408764345,59035699,4440212,945641117537,953650010,96400033,17187723,0,0,0,0,1,199458,501.3586820282967,100000,1986.94449,716,191359,2351,10423,100000
97,run,10000,true,uniform,READ,353690684,935296975,669120183,662507782,29155562,9704071,28603071,0,0,0,133,1934,2169205,28719462,282169082,1411405928,59062054,4448520,946130324394,954149856,96612949,17187723,1,0,0,0,0,28352,3527.0880361173813,100000,279.10742,184,34079,314,425,100000
97,reference,10000,true,uniform,READ,173817,29218313,12111010,9825602,10119,18,0,0,0,0,133,1934,2169205,28719462,282169082,1411409388,59062054,4448520,946130324394,954149856,96612949,17187723,1,0,0,0,0,3344,29904.306220095692,100000,29.40208,21,21967,43,76,100000
97,clean-run,10000,true,uniform,READ,1389237,5749623,5536792,5525831,552478,1,0,0,0,0,133,1936,2169451,28724821,282420362,1413197659,59108292,4456709,947190160310,955247665,96613978,17296257,1,0,0,0,0,21422,4668.098216786481,100000,210.03037,145,34431,243,377,100000
97,avg-run,10000,true,uniform,READ,2548363,11599464,10668230,10627224,1062478,5,0,0,0,0,133,1938,2170606,28742920,282722251,1414484265,59121927,4459434,948240969122,956279154,96614031,17296257,1,0,0,0,0,22087,4527.55014261783,100000,216.43354,167,20175,250,360,100000
98,extend,10000,true,uniform,EXTEND,357183146,942558967,675907427,669249719,29705574,9804104,29148083,0,0,0,133,1945,2172578,28842415,283580104,1417386936,59322410,4488172,951667167586,958701312,97117961,17296257,0,0,0,0,1,215178,464.7315245982396,100000,2144.02441,868,173311,2647,12263,100000
98,run,10000,true,uniform,READ,360378410,946114845,681506475,674827127,29705578,9804126,29148087,0,0,0,133,1945,2172578,28845620,283802145,1420071544,59322410,4488172,952079399891,959191803,97283976,17296257,1,0,0,0,0,28419,3518.7726520989477,100000,279.51371,185,32639,314,460,100000
98,reference,10000,true,uniform,READ,175685,29519177,12237594,9926907,10119,18,0,0,0,0,133,1945,2172581,28845620,283802145,1420073368,59322410,4488172,952079399891,959191803,97283976,17296257,1,0,0,0,0,3863,25886.61661920787,100000,34.56271,21,20607,46,76,100000
98,clean-run,10000,true,uniform,READ,1405043,5754561,5587780,5576819,557478,8,0,0,0,0,133,1947,2172728,28851335,284056442,1421883574,59384131,4496401,953150272098,960299644,97285061,17404183,1,0,0,0,0,23457,4263.119751033806,100000,230.2711,146,31999,262,429,100000
98,avg-run,10000,true,uniform,READ,2662600,11722908,10720312,10678429,1067491,12,0,0,0,0,133,1949,2173879,28870425,284397830,1423170239,59397463,4499003,954217490014,961439243,97285119,17404183,1,0,0,0,0,22465,4451.368795904741,100000,220.22053,169,27999,251,353,100000
99,extend,10000,true,uniform,EXTEND,363926981,953404881,688353571,681628916,30260465,9904159,29697949,0,0,0,133,1956,2175743,28968725,285219178,1426118499,59584526,4537336,957750656606,963777162,97815803,17404183,0,0,0,0,1,216250,462.42774566473986,100000,2154.5438,806,197887,2533,13687,100000
99,run,10000,true,uniform,READ,367159253,956957065,694001547,687255252,30260469,9904181,29697953,0,0,0,133,1956,2175883,28972536,285437505,1428855745,59610784,4547266,958100904993,964251300,97948701,17404183,1,0,0,0,0,28651,3490.2795713936684,100000,282.22485,182,34975,316,414,100000
99,reference,10000,true,uniform,READ,177573,29820021,12364178,10028212,10119,18,0,0,0,0,133,1956,2175883,28972536,285437505,1428857923,59610784,4547266,958100904993,964251300,97948701,17404183,1,0,0,0,0,3286,30432.136335970787,100000,28.75644,21,21535,40,68,100000
99,clean-run,10000,true,uniform,READ,1416661,5761726,5635803,5625716,562503,1,0,0,0,0,133,1958,2175984,28982868,285779384,1430685465,59617971,4555551,959182550471,965369185,97949797,17516336,1,0,0,0,0,21969,4551.868542036506,100000,215.38859,151,31807,252,385,100000
99,avg-run,10000,true,uniform,READ,2880640,11757532,11768190,11727182,1172503,5,0,0,0,0,133,1960,2176738,29004069,286164505,1432213132,59645956,4561914,960272354549,966697798,97949848,17516336,1,0,0,0,0,23096,4329.754069968826,100000,226.81539,172,20367,257,353,100000
100,extend,10000,true,uniform,EXTEND,370770473,964264899,700908745,694117143,30820439,10004214,30252919,0,0,0,133,1967,2178507,29105733,287059666,1435229552,59806900,4590639,963871308054,969194898,98481595,17516336,0,0,0,0,1,222224,449.99640002879977,100000,2214.85419,800,333823,2677,13839,100000
100,run,10000,true,uniform,READ,374066057,967819398,706607213,699793971,30820443,10004236,30252923,0,0,0,133,1968,2181339,29109270,287276002,1438004087,59835560,4599806,964294112934,969680842,98647672,17516336,1,0,0,0,0,28640,3491.6201117318437,100000,281.89919,179,41535,317,436,100000
100,reference,10000,true,uniform,READ,179465,30120861,12490762,10129517,10119,18,0,0,0,0,133,1968,2181339,29109270,287276002,1438005933,59835560,4599806,964294112934,969680842,98647672,17516336,1,0,0,0,0,3388,29515.938606847696,100000,29.69667,21,23007,45,87,100000
100,clean-run,10000,true,uniform,READ,1423074,5774320,5687608,5676647,567507,1,0,0,0,0,133,1971,2181422,29115202,287537378,1439841728,59877915,4609031,965386406590,970808750,98648770,17627361,1,0,0,0,0,24374,4102.732419791581,100000,239.51132,168,42239,269,404,100000
100,avg-run,10000,true,uniform,READ,2903920,11775971,11820140,11778257,1177520,5,0,0,0,0,133,1973,2182039,29134495,287927078,1441376540,59904576,4619419,966486886146,972148472,98648828,17627361,1,0,0,0,0,23204,4309.601792794346,100000,227.6109,172,29951,255,367,100000
