Epoch,Phase,Recordcount,Readallfields,Requestdist,Operation,blks_read,blks_hit,tup_returned,tup_fetched,tup_inserted,tup_updated,tup_deleted,deadlocks,temp_files,temp_bytes,checkpoints_timed,checkpoints_req,buffers_checkpoint,buffers_clean,buffers_backend,buffers_alloc,checkpoint_write_time,checkpoint_sync_time,wal_bytes,wal_records,wal_fpi,wal_buffers_full,Readprop,Updateprop,Scanprop,Insertprop,Extendprop,Runtime(ms),Throughput(ops/sec),Operations,AverageLatency(us),MinLatency(us),MaxLatency(us),95thPercentileLatency(us),99thPercentileLatency(us),Return=OK
0,load,10000,true,uniform,INSERT,1,35726,2111,1147,10119,1,0,0,0,0,140,15253,350837893,188012224,1957249726,3879456195,386850203,54892377,8211507655262,9615473051,1272260144,14451170,0,0,0,1,0,13548,738.1163271331562,10000,1300.0505,394,8639,1588,1681,10000
1,extend,10000,true,zipfian,EXTEND,7,2276622,1056042,1035753,91016,100023,75539,0,0,0,140,15253,350837893,188013036,1957265479,3879470496,386850203,54892377,8211745795120,9616121974,1272260151,14451170,0,0,0,0,1,121749,821.3619824392808,100000,1210.32121,398,15543,1868,2163,100000
1,run,10000,true,uniform,READ,58,2735635,1234525,1202135,91016,100023,75539,0,0,0,140,15253,350837893,188013051,1957265479,3879470547,386850203,54892377,8211745911532,9616123824,1272260151,14451170,1,0,0,0,0,3584,27901.785714285714,100000,31.31199,21,11039,44,98,100000
1,reference,10000,true,uniform,READ,46,340553,114217,101497,10119,1,0,0,0,0,140,15253,350837893,188013303,1957265479,3879470593,386850203,54892377,8211745911593,9616123825,1272260151,14451170,1,0,0,0,0,3790,26385.224274406333,100000,33.38654,20,11279,44,72,100000
1,clean-run,10000,true,uniform,READ,393,470133,163568,152602,15226,1,0,0,4,385024,140,15254,350853574,188013435,1957265850,3879475815,386850317,54892385,8211772188543,9616138309,1272261136,14453119,1,0,0,0,0,3932,25432.3499491353,100000,35.0135,21,14927,48,92,100000
1,avg-run,10000,true,uniform,READ,406,1164946,395102,354087,35226,5,0,0,4,385024,140,15254,350853574,188013435,1957265850,3879478738,386850317,54892385,8211796266092,9616188436,1272261138,14453119,1,0,0,0,0,3669,27255.382938130282,100000,32.27094,22,12199,42,67,100000
2,extend,10000,true,zipfian,EXTEND,90368,6738258,3950067,3871441,327358,200045,296719,0,0,0,140,15255,350855968,188065645,1957350215,3879558016,386850317,54892385,8212396371064,9617364204,1272280892,14453119,0,0,0,0,1,137033,729.7512278064407,100000,1362.67244,405,18111,2227,3253,100000
2,run,10000,true,uniform,READ,99667,7789312,4276988,4180934,327358,200045,296719,0,0,0,140,15255,350855998,188067476,1957370584,3879564275,386850317,54892385,8212396396632,9617364622,1272280892,14453119,1,0,0,0,0,5085,19665.68338249754,100000,46.51337,22,12927,68,135,100000
2,reference,10000,true,uniform,READ,2060,641052,238131,202760,10119,1,0,0,0,0,140,15255,350856006,188069476,1957383795,3879566218,386850317,54892385,8212396396632,9617364622,1272280892,14453119,1,0,0,0,0,3685,27137.042062415196,100000,32.24806,20,12071,45,91,100000
2,clean-run,10000,true,uniform,READ,576,950730,308635,298543,29710,1,0,0,4,385024,140,15256,350866172,188070282,1957388384,3879575655,386876875,54892996,8212455031286,9617514612,1272311306,14453119,1,0,0,0,0,4591,21781.746896101067,100000,41.67165,21,209663,55,107,100000
2,avg-run,10000,true,uniform,READ,670,2731027,851505,810491,79883,29,0,0,4,385024,140,15256,350866172,188070283,1957396246,3879580180,386876875,54892996,8212493917038,9617626235,1272311310,14453119,1,0,0,0,0,4769,20968.756552736424,100000,43.14521,27,11703,53,83,100000
3,extend,10000,true,zipfian,EXTEND,429177,13515240,8563633,8415792,700671,300078,655175,0,0,0,140,15257,350868083,188139359,1957589066,3879797367,386876875,54892996,8213386954690,9619277880,1272370326,14453119,0,0,0,0,1,147918,676.0502440541381,100000,1471.5076,414,75519,2673,4487,100000
3,run,10000,true,uniform,READ,523547,15036077,9037823,8869537,700671,300078,655175,0,0,0,140,15257,350868083,188141931,1957618238,3879884827,386876875,54892996,8213387021652,9619278964,1272370326,14453119,1,0,0,0,0,5423,18439.977872026553,100000,50.14834,23,11463,76,143,100000
3,reference,10000,true,uniform,READ,3890,941735,362045,304023,10119,1,0,0,0,0,140,15257,350868083,188142582,1957628383,3879887566,386876875,54892996,8213387021652,9619278964,1272370326,14453119,1,0,0,0,0,3286,30432.136335970787,100000,28.6804,19,11375,39,75,100000
3,clean-run,10000,true,uniform,READ,699,1416014,448544,438452,43912,1,0,0,4,385024,140,15258,350874854,188143232,1957647742,3879907399,386951838,54894192,8213437601776,9619351113,1272371313,14453119,1,0,0,0,0,4781,20916.126333403055,100000,43.71507,22,11495,63,126,100000
3,avg-run,10000,true,uniform,READ,791,3970007,1211023,1170009,114095,5,0,0,4,385024,140,15258,350874854,188143483,1957655893,3879913646,386951838,54894192,8213511134564,9619641837,1272394565,14453119,1,0,0,0,0,4761,21003.990758244065,100000,43.51602,29,11071,62,91,100000
4,extend,10000,true,zipfian,EXTEND,1125056,22216086,14934089,14709189,1213257,400111,1155946,0,0,0,140,15260,350878496,188219155,1958036729,3880315281,387010467,54894345,8214791650861,9621778358,1272471169,14453119,0,0,0,0,1,156352,639.5824805566926,100000,1555.91285,434,61503,3183,5623,100000
4,run,10000,true,uniform,READ,1466835,24280747,15569861,15322830,1213457,400122,1156138,0,0,0,140,15260,350878496,188221408,1958073879,3880523855,387010467,54894345,8214820222120,9621953127,1272509303,14453119,1,0,0,0,0,6534,15304.560759106214,100000,60.88386,24,205439,83,164,100000
4,reference,10000,true,uniform,READ,5683,1242455,485959,405286,10119,1,0,0,0,0,140,15260,350878496,188221418,1958073879,3880525983,387010467,54894345,8214820222120,9621953127,1272509303,14453119,1,0,0,0,0,3449,28993.911278631487,100000,30.12962,20,12055,42,73,100000
4,clean-run,10000,true,uniform,READ,715,1792173,565303,555211,55500,1,0,0,4,393216,140,15261,350880223,188221620,1958073880,3880558997,387056582,54896150,8214882508823,9622048586,1272510290,14458922,1,0,0,0,0,5317,18807.59826970096,100000,48.78149,23,206847,59,126,100000
4,avg-run,10000,true,uniform,READ,807,4688343,1426288,1385274,135772,5,0,0,4,393216,140,15261,350880223,188221620,1958081872,3880566626,387056582,54896150,8214946164290,9622222611,1272510294,14458922,1,0,0,0,0,5007,19972.039145196726,100000,46.03477,31,11703,57,83,100000
5,extend,10000,true,zipfian,EXTEND,2423144,32787723,23103608,22798720,1868773,500155,1801880,0,0,0,140,15264,350885153,188306031,1958615565,3881177375,387154077,54903757,8216693753275,9625051931,1272699569,14458922,0,0,0,0,1,179513,557.06271969161,100000,1786.93564,467,103487,3843,8055,100000
5,run,10000,true,uniform,READ,2757454,34831440,23792029,23465016,1868773,500155,1801880,0,0,0,140,15264,350885155,188307243,1958629104,3881506457,387154077,54903757,8216694951236,9625054770,1272699960,14458922,1,0,0,0,0,7058,14168.319637291017,100000,66.18488,28,210559,84,174,100000
5,reference,10000,true,uniform,READ,7476,1543175,609873,506549,10119,1,0,0,0,0,140,15264,350885155,188307244,1958631149,3881508336,387154077,54903757,8216694951236,9625054770,1272699960,14458922,1,0,0,0,0,3116,32092.42618741977,100000,27.119,20,10759,36,63,100000
5,clean-run,10000,true,uniform,READ,7444,2082157,659552,649460,65019,1,0,0,4,385024,140,15265,350887860,188308397,1958656762,3881595237,387182907,54905736,8216768632187,9625169393,1272700947,14465433,1,0,0,0,0,5473,18271.51470856934,100000,50.21774,25,11791,64,144,100000
5,avg-run,10000,true,uniform,READ,7639,4903969,1497115,1456101,145341,5,0,0,4,385024,140,15265,350887860,188309606,1958737580,3881604261,387182907,54905736,8216842228420,9625340832,1272700950,14465433,1,0,0,0,0,5484,18234.865061998542,100000,50.38722,31,12327,63,104,100000
6,extend,10000,true,zipfian,EXTEND,4176465,44727446,32934355,32549256,2661943,600199,2587121,0,0,0,140,15269,350892183,188400158,1959396937,3882422688,387314107,54913557,8218945147243,9628829483,1272982356,14465433,0,0,0,0,1,193310,517.3038125290983,100000,1925.09103,459,168191,4539,9839,100000
6,run,10000,true,uniform,READ,4637321,46908862,33711587,33304584,2661943,600199,2587121,0,0,0,140,15269,350892205,188401313,1959409805,3882871283,387314107,54913557,8218950546794,9628831975,1272984137,14465455,1,0,0,0,0,7250,13793.103448275862,100000,68.30891,28,209535,96,197,100000
6,reference,10000,true,uniform,READ,9302,1843935,734677,607826,10119,1,0,0,0,0,140,15269,350892205,188401314,1959409805,3882879296,387314107,54913557,8218950546794,9628831975,1272984137,14465455,1,0,0,0,0,3143,31816.73560292714,100000,27.21222,20,10911,41,68,100000
6,clean-run,10000,true,uniform,READ,716,2490343,782275,771306,73103,1,0,0,4,385024,140,15270,350892777,188401585,1959417827,3882938933,387328492,54913586,8219036501166,9628972418,1272985126,14473839,1,0,0,0,0,4781,20916.126333403055,100000,43.42798,26,10807,60,140,100000
6,avg-run,10000,true,uniform,READ,9069,5640130,1715160,1674146,163103,5,0,0,4,385024,140,15270,350892777,188403527,1959456758,3883004335,387328492,54913586,8219120854597,9629162745,1272985128,14473839,1,0,0,0,0,5759,17364.125716270184,100000,53.14816,33,13895,72,133,100000
7,extend,10000,true,zipfian,EXTEND,6146822,57519543,44322904,43858491,3589974,700232,3508595,0,0,0,140,15274,350897522,188501484,1960264479,3884017277,387488001,54920371,8221601374650,9632923637,1273302822,14473839,0,0,0,0,1,211325,473.2047793682716,100000,2105.01659,465,118015,5315,11687,100000
7,run,10000,true,uniform,READ,6717544,59783599,45159923,44673738,3589974,700232,3508595,0,0,0,140,15274,350897522,188503298,1960311061,3884581925,387488001,54920371,8221601542067,9632926335,1273302822,14473839,1,0,0,0,0,7716,12960.082944530845,100000,72.77142,32,12223,100,206,100000
7,reference,10000,true,uniform,READ,11128,2144695,859481,709103,10119,1,0,0,0,0,140,15274,350897522,188503387,1960319160,3884583806,387488001,54920371,8221658804808,9633168485,1273374806,14473839,1,0,0,0,0,3966,25214.321734745336,100000,35.5963,20,10799,45,82,100000
7,clean-run,10000,true,uniform,READ,685,2686468,851957,840988,79788,1,0,0,4,385024,140,15275,350899177,188503678,1960330998,3884656043,387488078,54922691,8221755855297,9633323674,1273375795,14483670,1,0,0,0,0,5440,18382.352941176472,100000,50.05614,26,12207,67,165,100000
7,avg-run,10000,true,uniform,READ,9424,5840571,1784977,1743963,169788,5,0,0,4,385024,140,15275,350899177,188506051,1960377732,3884732064,387488078,54922691,8221850208728,9633514001,1273375797,14483670,1,0,0,0,0,5904,16937.669376693768,100000,54.77233,33,18495,75,144,100000
8,extend,10000,true,zipfian,EXTEND,8934644,71957591,57379562,56835125,4653773,800287,4566607,0,0,0,140,15280,350904069,188608885,1961320625,3885920871,387635025,54932386,8224822914479,9637968530,1273867378,14483670,0,0,0,0,1,220610,453.2886088572594,100000,2198.15998,460,202111,5947,13127,100000
8,run,10000,true,uniform,READ,9596405,74297634,58264083,57697737,4653773,800287,4566607,0,0,0,140,15280,350904069,188610537,1961340095,3886593359,387635025,54932386,8224823639521,9637971718,1273867606,14483670,1,0,0,0,0,8181,12223.44456667889,100000,77.42358,31,15311,102,214,100000
8,reference,10000,true,uniform,READ,12964,2445445,984285,810380,10119,1,0,0,0,0,140,15280,350904069,188610617,1961342169,3886629446,387635025,54932386,8224823639521,9637971718,1273867606,14483670,1,0,0,0,0,3296,30339.805825242718,100000,28.54733,16,11759,40,97,100000
8,clean-run,10000,true,uniform,READ,606,2846991,911003,900034,85616,1,0,0,4,385024,140,15281,350905054,188611088,1961361295,3886712784,387672546,54933605,8224931650462,9638139944,1273868595,14483670,1,0,0,0,0,6004,16655.562958027982,100000,55.65246,29,11927,78,177,100000
8,avg-run,10000,true,uniform,READ,680,6011841,1844148,1803134,175616,5,0,0,4,385024,140,15281,350905054,188612278,1961466627,3886726240,387672546,54933605,8225036004002,9638330273,1273868597,14483670,1,0,0,0,0,6038,16561.775422325274,100000,56.04942,36,14023,71,116,100000
9,extend,10000,true,zipfian,EXTEND,11539976,86995522,72026706,71399049,5861342,900331,5768892,0,0,0,140,15287,350910578,188718602,1962368406,3888124931,387829676,54948295,8228382947428,9642992992,1274260628,14483670,0,0,0,0,1,226193,442.1003302489467,100000,2253.68388,464,152063,6479,13711,100000
9,run,10000,true,uniform,READ,12293577,89383273,72959215,72319377,5861342,900331,5768892,0,0,0,140,15287,350910578,188719924,1962414005,3888875255,387829676,54948295,8228383556365,9642994780,1274260799,14483670,1,0,0,0,0,8439,11849.745230477545,100000,80.01343,33,16591,104,214,100000
9,reference,10000,true,uniform,READ,14879,2746189,1109979,911671,10119,1,0,0,0,0,140,15287,350910578,188719952,1962420209,3888880088,387829676,54948295,8228383556365,9642994780,1274260799,14483670,1,0,0,0,0,3140,31847.133757961783,100000,27.22876,16,15007,37,79,100000
9,clean-run,10000,true,uniform,READ,618,2802635,916001,905909,90671,1,0,0,4,393216,140,15288,350910997,188720292,1962457511,3888975247,387858679,54952957,8228500935284,9643161043,1274261786,14483670,1,0,0,0,0,5870,17035.775127768313,100000,54.28519,29,17007,74,170,100000
9,avg-run,10000,true,uniform,READ,722,6498829,1998787,1957773,191025,5,0,0,4,393216,140,15288,350910997,188722393,1962553871,3888991957,387858679,54952957,8228618308172,9643385559,1274261790,14483670,1,0,0,0,0,6254,15989.76654940838,100000,58.15158,37,14687,73,123,100000
10,extend,10000,true,zipfian,EXTEND,14592396,103027650,88403719,87713378,7217126,1000386,7120000,0,0,0,140,15295,350918231,188837703,1963657661,3890587221,388046821,54968489,8232418418088,9648793186,1274980507,14483670,0,0,0,0,1,252151,396.5877589222331,100000,2513.69065,493,226687,8095,15943,100000
10,run,10000,true,uniform,READ,15425244,105450081,89386781,88675912,7217126,1000386,7120000,0,0,0,140,15295,350918231,188840584,1963699968,3891413708,388046821,54968489,8232418759555,9648794600,1274980657,14483670,1,0,0,0,0,8706,11486.331265793706,100000,82.62486,33,24623,117,239,100000
10,reference,10000,true,uniform,READ,16738,3046989,1235673,1012962,10119,1,0,0,0,0,140,15295,350918231,188840630,1963714026,3891415480,388046821,54968489,8232418759555,9648794600,1274980657,14483670,1,0,0,0,0,3706,26983.27037236913,100000,32.69666,20,11119,44,89,100000
10,clean-run,10000,true,uniform,READ,1225,2916415,957119,947027,95473,1,0,0,4,385024,140,15296,350919761,188841508,1963750161,3891518875,388073912,54972023,8232546819042,9648970510,1274981644,14483670,1,0,0,0,0,6228,16056.518946692357,100000,57.86345,30,12071,83,189,100000
10,avg-run,10000,true,uniform,READ,14762,6592397,2036905,1995891,195845,5,0,0,4,385024,140,15296,350919761,188842714,1963863890,3891580611,388073912,54972023,8232674306156,9649196345,1274981648,14483670,1,0,0,0,0,6106,16377.333770062234,100000,56.67056,38,14503,78,146,100000
11,extend,10000,true,zipfian,EXTEND,18033825,119925670,106068733,105299702,8686282,1100441,8584521,0,0,0,140,15304,350927747,188958374,1964917250,3893230028,388261186,55002367,8236935485494,9655152520,1275864473,14483670,0,0,0,0,1,254175,393.42972361561914,100000,2532.93303,472,205183,7743,16991,100000
11,run,10000,true,uniform,READ,18939766,122379863,107099802,106310274,8686282,1100441,8584521,0,0,0,140,15304,350927757,188959731,1964965177,3894127684,388261186,55002367,8236940450085,9655154253,1275865882,14483670,1,0,0,0,0,9205,10863.661053775122,100000,87.91979,35,12775,119,257,100000
11,reference,10000,true,uniform,READ,18597,3347789,1361367,1114253,10119,1,0,0,0,0,140,15304,350927757,188959762,1964979030,3894129528,388261186,55002367,8236940450085,9655154253,1275865882,14483670,1,0,0,0,0,3173,31515.915537346358,100000,27.59076,17,13119,38,79,100000
11,clean-run,10000,true,uniform,READ,4019,3017947,1010298,999332,100160,1,0,0,4,385024,140,15305,350928367,188961913,1965030972,3894244877,388276531,55006043,8237079172986,9655339630,1275866869,14483670,1,0,0,0,0,6262,15969.338869370808,100000,58.12797,31,14967,82,186,100000
11,avg-run,10000,true,uniform,READ,53188,6491405,2041721,2000710,200160,5,0,0,4,385024,140,15305,350928367,188965360,1965142277,3894381134,388276531,55006043,8237215016569,9655549986,1275866871,14483670,1,0,0,0,0,6666,15001.500150015001,100000,62.54105,38,12071,77,145,100000
12,extend,10000,true,zipfian,EXTEND,21364273,137239234,125163108,124316067,10282516,1200496,10176402,0,0,0,140,15313,350936435,189087427,1966377443,3896091277,388465010,55037119,8241575928826,9661595730,1276562342,14483670,0,0,0,0,1,272905,366.4278778329455,100000,2720.4969,475,335103,8415,19423,100000
12,run,10000,true,uniform,READ,22327166,139727835,126256793,125388655,10282516,1200496,10176402,0,0,0,140,15313,350936435,189088552,1966428867,3897035681,388465010,55037119,8241577719750,9661598009,1276562889,14483670,1,0,0,0,0,9666,10345.541071798056,100000,92.52268,35,26351,119,260,100000
12,reference,10000,true,uniform,READ,20456,3648589,1487061,1215544,10119,1,0,0,0,0,140,15313,350936435,189088555,1966443202,3897048767,388465010,55037119,8241577719800,9661598010,1276562889,14483670,1,0,0,0,0,3704,26997.84017278618,100000,32.45151,17,14615,42,77,100000
12,clean-run,10000,true,uniform,READ,21106,3088188,1046103,1036011,104632,1,0,0,4,385024,140,15314,350936692,189092304,1966492261,3897191311,388495712,55040042,8241727068897,9661792342,1276563876,14483670,1,0,0,0,0,6432,15547.26368159204,100000,59.84978,31,12759,79,190,100000
12,avg-run,10000,true,uniform,READ,42390,6733571,2118154,2077140,205025,5,0,0,4,385024,140,15314,350936692,189098588,1966600705,3897288791,388495712,55040042,8241887423406,9662028273,1276567065,14483670,1,0,0,0,0,6358,15728.216420257942,100000,59.13155,39,13423,76,152,100000
13,extend,10000,true,zipfian,EXTEND,24988028,155855655,146335260,145406006,12060818,1300562,11950301,0,0,0,140,15323,350946761,189227269,1968046369,3899149263,388697882,55088376,8246776693760,9668677356,1277324463,14483670,0,0,0,0,1,295631,338.25951946852666,100000,2947.6646,475,213759,10887,25647,100000
13,run,10000,true,uniform,READ,26012032,158356216,147453905,146504115,12060818,1300562,11950301,0,0,0,140,15323,350946761,189228578,1968097011,3900155273,388697882,55088376,8246777639281,9668679888,1277324950,14483670,1,0,0,0,0,9960,10040.160642570281,100000,95.14984,40,14999,128,258,100000
13,reference,10000,true,uniform,READ,22348,3949429,1613645,1316849,10119,1,0,0,0,0,140,15323,350946761,189228584,1968108489,3900167561,388697882,55088376,8246777639281,9668679888,1277324950,14483670,1,0,0,0,0,3148,31766.200762388817,100000,27.3318,17,12447,38,75,100000
13,clean-run,10000,true,uniform,READ,29997,3159886,1082659,1071693,109104,1,0,0,4,385024,140,15324,350946987,189232220,1968168852,3900323725,388731467,55095607,8246937615555,9668883256,1277325937,14483670,1,0,0,0,0,6352,15743.073047858941,100000,59.16984,32,59615,79,173,100000
13,avg-run,10000,true,uniform,READ,112182,6606071,2114082,2073071,209104,5,0,0,4,385024,140,15324,350946987,189234963,1968239456,3900487188,388731467,55095607,8247406823529,9670035681,1277945359,14483670,1,0,0,0,0,6653,15030.813166992335,100000,62.04382,39,14455,85,181,100000
14,extend,10000,true,zipfian,EXTEND,29686984,175809287,168769566,167761822,13954243,1400628,13839115,0,0,0,140,15334,350957796,189366061,1969722318,3902419826,388952063,55137852,8252717322669,9677059920,1278734126,14483670,0,0,0,0,1,298868,334.59587510205176,100000,2980.41221,505,198015,10519,25871,100000
14,run,10000,true,uniform,READ,30757742,178333430,169931404,168907939,13954243,1400628,13839115,0,0,0,140,15334,350957796,189367430,1969772065,3903482569,388952063,55137852,8252718918783,9677061668,1278734963,14483670,1,0,0,0,0,10192,9811.616954474097,100000,97.52269,42,31759,124,265,100000
14,reference,10000,true,uniform,READ,24240,4250269,1740229,1418154,10119,1,0,0,0,0,140,15334,350957796,189367453,1969786097,3903489446,388952063,55137852,8252718918783,9677061668,1278734963,14483670,1,0,0,0,0,3348,29868.57825567503,100000,29.07182,17,10255,39,76,100000
14,clean-run,10000,true,uniform,READ,52485,3225679,1161959,1151867,113800,1,0,0,4,385024,140,15335,350958171,189371377,1969852948,3903675144,388972945,55141147,8252889545617,9677274484,1278735950,14483670,1,0,0,0,0,6941,14407.145944388416,100000,64.98122,33,16223,89,217,100000
14,avg-run,10000,true,uniform,READ,118227,6691421,2194494,2153480,213813,5,0,0,4,385024,140,15335,350958171,189376023,1969979222,3903762208,388972945,55141147,8253055446034,9677485447,1278735954,14483670,1,0,0,0,0,6803,14699.397324709687,100000,63.56082,38,13063,84,151,100000
15,extend,10000,true,zipfian,EXTEND,33819056,196053694,192867994,191793451,15997198,1500694,15877469,0,0,0,140,15345,350970042,189519090,1971629940,3905790150,389220136,55181550,8258765905332,9685519658,1279896379,14483670,0,0,0,0,1,319199,313.28418948680917,100000,3183.32751,496,263423,10647,24303,100000
15,run,10000,true,uniform,READ,34934894,198598946,194078617,192990936,15997198,1500694,15877469,0,0,0,140,15345,350970042,189520523,1971669347,3906902296,389220136,55181550,8258766846601,9685521865,1279896838,14483670,1,0,0,0,0,10469,9552.010698251983,100000,100.16004,40,14055,132,276,100000
15,reference,10000,true,uniform,READ,26132,4551109,1866813,1519459,10119,1,0,0,0,0,140,15345,350970042,189520535,1971677474,3906906160,389220136,55181550,8258766846601,9685521865,1279896838,14483670,1,0,0,0,0,3306,30248.03387779794,100000,28.85232,19,11607,43,93,100000
15,clean-run,10000,true,uniform,READ,65498,3277613,1184953,1174861,118538,1,0,0,4,385024,140,15346,350970316,189524317,1971759823,3907111575,389220153,55184138,8258948119127,9685744214,1279897825,14483670,1,0,0,0,0,6965,14357.501794687725,100000,65.48796,34,16543,86,202,100000
15,avg-run,10000,true,uniform,READ,192819,6706694,2217702,2176688,218551,12,0,0,4,385024,140,15346,350970316,189528966,1971894395,3907262790,389220153,55184138,8259124461293,9685962658,1279897829,14483670,1,0,0,0,0,6688,14952.153110047846,100000,62.32916,39,14327,81,133,100000
16,extend,10000,true,zipfian,EXTEND,38301189,216973757,218053790,216918646,18136946,1600760,18012384,0,0,0,140,15357,350981771,189675467,1973525928,3909347520,389470643,55220765,8265125939019,9694351198,1281095032,14483670,0,0,0,0,1,328950,303.99756801945585,100000,3280.8832,515,258047,12759,25695,100000
16,run,10000,true,uniform,READ,39459198,219530283,219308479,218160690,18136946,1600760,18012384,0,0,0,140,15357,350981771,189676989,1973562364,3910496128,389470643,55220765,8265128523758,9694353787,1281096082,14483670,1,0,0,0,0,10334,9676.795045480936,100000,98.96406,42,16927,133,287,100000
16,reference,10000,true,uniform,READ,28024,4851949,1993397,1620764,10119,1,0,0,0,0,140,15357,350981771,189677001,1973578164,3910505729,389470643,55220765,8265128523758,9694353787,1281096082,14483670,1,0,0,0,0,3774,26497.085320614733,100000,33.37217,17,12583,43,78,100000
16,clean-run,10000,true,uniform,READ,93743,3320243,1251095,1241003,123450,1,0,0,4,385024,140,15358,350982018,189680591,1973651158,3910744046,389498394,55221669,8265320475002,9694586039,1281097070,14483670,1,0,0,0,0,6972,14343.08663224326,100000,65.53602,35,34047,87,203,100000
16,avg-run,10000,true,uniform,READ,243134,6777677,2303529,2262515,223884,5,0,0,4,385024,140,15358,350982018,189686546,1973800393,3910955920,389498394,55221669,8265517836616,9694810603,1281099566,14483670,1,0,0,0,0,7383,13544.629554381687,100000,69.37461,44,15303,96,170,100000
17,extend,10000,true,zipfian,EXTEND,42994064,239220760,245627224,244433128,20491249,1700837,20361767,0,0,0,140,15370,350996492,189837353,1975470033,3913084494,389730581,55290956,8272068433899,9703964118,1282398483,14483670,0,0,0,0,1,340467,293.7142219363404,100000,3396.33487,515,241791,13671,29871,100000
17,run,10000,true,uniform,READ,44194586,241788185,246938309,245732585,20491249,1700837,20361767,0,0,0,140,15370,350996492,189838608,1975484756,3914276111,389730581,55290956,8272073093463,9703967733,1282400256,14483670,1,0,0,0,0,10634,9403.79913485048,100000,101.73398,42,19455,136,303,100000
17,reference,10000,true,uniform,READ,29925,5152780,2119981,1722069,10119,1,0,0,0,0,140,15370,350996492,189839774,1975491943,3914311059,389730581,55290956,8272073093513,9703967734,1282400256,14483670,1,0,0,0,0,3385,29542.097488921714,100000,29.23446,16,10719,40,87,100000
17,clean-run,10000,true,uniform,READ,105889,3363596,1284114,1274022,128388,1,0,0,4,385024,140,15371,350996978,189843711,1975564475,3914570772,389758237,55291228,8272275715505,9704209852,1282401243,14483685,1,0,0,0,0,7396,13520.822065981612,100000,69.67484,35,18719,99,238,100000
17,avg-run,10000,true,uniform,READ,239574,6828560,2333382,2292368,228823,5,0,0,4,385024,140,15371,350996978,189848835,1975682176,3914724252,389758237,55291228,8272472820741,9704427003,1282401247,14483685,1,0,0,0,0,6961,14365.752047119668,100000,65.44234,45,14135,84,142,100000
18,extend,10000,true,zipfian,EXTEND,46454586,260986937,273938607,272688837,22910932,1800903,22776130,0,0,0,140,15383,351010132,190003176,1977511760,3916911582,390000550,55347455,8278780951222,9712144145,1282612544,14483685,0,0,0,0,1,344953,289.8945653465834,100000,3440.98051,508,273407,12159,29215,100000
18,run,10000,true,uniform,READ,47688817,263569917,275324105,274061956,22910932,1800903,22776130,0,0,0,140,15383,351010207,190004814,1977551391,3918142582,390022501,55353896,8278783521998,9712147407,1282613757,14483685,1,0,0,0,0,12316,8119.519324455992,100000,118.72436,42,109247,140,324,100000
18,reference,10000,true,uniform,READ,31894,5453616,2247455,1823388,10119,1,0,0,0,0,140,15383,351010207,190004819,1977559575,3918146533,390022501,55353896,8278783521998,9712147407,1282613757,14483685,1,0,0,0,0,3751,26659.557451346307,100000,32.97842,20,10999,45,90,100000
18,clean-run,10000,true,uniform,READ,130918,3399367,1351136,1341044,133717,1,0,0,4,385024,140,15384,351010310,190009172,1977645400,3918434272,390022507,55353910,8278996871927,9712400291,1282614744,14483705,1,0,0,0,0,7609,13142.331449599158,100000,71.58598,38,19263,98,235,100000
18,avg-run,10000,true,uniform,READ,255663,7229030,2496985,2455971,244166,5,0,0,4,385024,140,15384,351010310,190014038,1977787482,3918602092,390022507,55353910,8279216408234,9712655452,1282617123,14483705,1,0,0,0,0,7432,13455.328310010764,100000,70.00766,47,14511,91,167,100000
19,extend,10000,true,zipfian,EXTEND,51459437,284525120,303960592,302654540,25480718,1900969,25340524,0,0,0,140,15397,351024898,190171188,1979620622,3920831564,390288269,55406714,8286403867367,9722743276,1284125048,14483705,0,0,0,0,1,352498,283.6895528485268,100000,3516.03926,486,227455,14095,34047,100000
19,run,10000,true,uniform,READ,52756601,287141171,305409323,304086216,25481158,1900980,25340967,0,0,0,140,15397,351024898,190172583,1979676327,3922115736,390288269,55406714,8286416084877,9722756641,1284128176,14483705,1,0,0,0,0,11504,8692.628650904033,100000,110.3587,46,71359,143,309,100000
19,reference,10000,true,uniform,READ,33819,5754496,2374929,1924707,10119,1,0,0,0,0,140,15397,351024898,190172587,1979691995,3922117707,390288269,55406714,8286416084877,9722756641,1284128176,14483705,1,0,0,0,0,3611,27693.159789531986,100000,31.62071,20,11599,43,88,100000
19,clean-run,10000,true,uniform,READ,148739,3436809,1396209,1386117,139164,1,0,0,4,385024,140,15398,351025190,190175227,1979790736,3922424961,390312696,55413004,8286640178404,9723020517,1284129163,14490138,1,0,0,0,0,7687,13008.976193573566,100000,72.55441,39,19551,103,249,100000
19,avg-run,10000,true,uniform,READ,362568,8404797,3528712,3487698,349177,5,0,0,4,385024,140,15398,351025190,190182086,1979955935,3922678833,390312696,55413004,8286870852702,9723452171,1284129166,14490138,1,0,0,0,0,8843,11308.37950921633,100000,84.08943,60,12335,117,207,100000
20,extend,10000,true,zipfian,EXTEND,56775953,309219289,335498086,334123323,28184388,2001046,28038404,0,0,0,140,15412,351041176,190346114,1982116294,3924982572,390579838,55481757,8294550431151,9734212222,1285824469,14490147,0,0,0,0,1,373278,267.8968489972621,100000,3723.80279,515,267519,13231,32095,100000
20,run,10000,true,uniform,READ,58076404,311814313,336970268,335582115,28184388,2001046,28038404,0,0,0,140,15412,351041176,190347590,1982171905,3926275835,390579838,55481757,8294553440465,9734214922,1285825719,14490147,1,0,0,0,0,11873,8422.4711530363,100000,113.07835,42,19999,152,318,100000
20,reference,10000,true,uniform,READ,35744,6055376,2502403,2026026,10119,1,0,0,0,0,140,15412,351041176,190347602,1982184377,3926282162,390579838,55481757,8294553440515,9734214923,1285825719,14490147,1,0,0,0,0,3767,26546.32333421821,100000,32.92295,20,12911,45,93,100000
20,clean-run,10000,true,uniform,READ,172104,3472941,1469605,1459513,144953,1,0,0,4,385024,140,15413,351041384,190350801,1982279974,3926619842,390608977,55489306,8294788305061,9734490410,1285826706,14490170,1,0,0,0,0,7994,12509.382036527395,100000,75.90685,41,32159,105,238,100000
20,avg-run,10000,true,uniform,READ,392941,8464442,3610081,3569067,355408,5,0,0,4,385024,140,15413,351041384,190357811,1982427879,3926883105,390608977,55489306,8295039215090,9734935498,1285828746,14490170,1,0,0,0,0,8097,12350.253180190193,100000,76.52862,49,15479,94,187,100000
21,extend,10000,true,zipfian,EXTEND,60414184,333499372,368729125,367295385,31040484,2101123,30888445,0,0,0,140,15428,351059044,190532566,1984502084,3929267134,390908198,55559087,8302486375318,9743966741,1286080604,14490170,0,0,0,0,1,395316,252.96218721225551,100000,3944.13026,515,413183,16767,32575,100000
21,run,10000,true,uniform,READ,61746045,336107507,370266722,368821073,31040484,2101123,30888445,0,0,0,140,15428,351059107,190534007,1984560368,3930595111,390908198,55559087,8302496273531,9743969637,1286083154,14490170,1,0,0,0,0,12495,8003.201280512205,100000,120.50494,45,25119,154,472,100000
21,reference,10000,true,uniform,READ,37669,6356256,2629877,2127345,10119,1,0,0,0,0,140,15428,351059107,190534020,1984573116,3930599154,390908198,55559087,8302496273531,9743969637,1286083154,14490170,1,0,0,0,0,3308,30229.74607013301,100000,28.57105,20,13383,42,79,100000
21,clean-run,10000,true,uniform,READ,195337,3508962,1528030,1517938,151064,1,0,0,4,385024,140,15429,351062309,190537130,1984663794,3930969801,390926911,55561995,8302749565142,9744266072,1286085888,14490276,1,0,0,0,0,8141,12283.503255128362,100000,77.54185,39,17983,107,249,100000
21,avg-run,10000,true,uniform,READ,411325,8498765,3666879,3625865,361529,5,0,0,4,385024,140,15430,351062480,190543602,1984815427,3931217872,390926911,55561995,8303001803562,9744702656,1286085966,14490276,1,0,0,0,0,8429,11863.803535413454,100000,79.94803,50,15463,105,186,100000
22,extend,10000,true,zipfian,EXTEND,66584597,360199704,403559461,402069386,34036340,2201211,33878120,0,0,0,140,15444,351081426,190716621,1986886922,3933679109,391218588,55628680,8311681778048,9757445460,1288521659,14490277,0,0,0,0,1,387877,257.8136883599698,100000,3869.91561,520,502527,17663,33215,100000
22,run,10000,true,uniform,READ,67940910,362810073,405126779,403622068,34036340,2201211,33878120,0,0,0,140,15444,351081433,190717741,1986930351,3935030740,391237252,55637302,8311684316884,9757447789,1288522770,14490277,1,0,0,0,0,13038,7669.888019634914,100000,125.72376,47,57087,151,376,100000
22,reference,10000,true,uniform,READ,39603,6657200,2758241,2228678,10119,1,0,0,0,0,140,15444,351081433,190717749,1986946711,3935033831,391237252,55637302,8311684316934,9757447790,1288522770,14490277,1,0,0,0,0,3675,27210.884353741498,100000,32.56187,19,11575,45,86,100000
22,clean-run,10000,true,uniform,READ,213064,3552161,1619106,1609014,157294,1,0,0,4,385024,140,15445,351081574,190722042,1987046642,3935419925,391237265,55638786,8311940853493,9757748049,1288523757,14490325,1,0,0,0,0,8650,11560.693641618496,100000,82.32282,40,24223,115,288,100000
22,avg-run,10000,true,uniform,READ,434897,8547848,3756673,3715659,367759,5,0,0,4,385024,140,15446,351081581,190729255,1987218223,3935678862,391237265,55638786,8312205167891,9758194406,1288523887,14490325,1,0,0,0,0,8323,12014.898474107893,100000,78.79658,51,14495,99,166,100000
23,extend,10000,true,zipfian,EXTEND,70516390,386312805,440158203,438606071,37191142,2301299,37026365,0,0,0,140,15461,351100119,190920077,1989646687,3938216452,391555535,55741457,8320442869256,9768125215,1288762005,14490325,0,0,0,0,1,441609,226.44466032168728,100000,4407.21565,572,608255,21375,39967,100000
23,run,10000,true,uniform,READ,71908269,388933858,441824350,440259015,37191142,2301299,37026365,0,0,0,140,15461,351100174,190921805,1989712215,3939604509,391555535,55741457,8320449728578,9768127479,1288763780,14490325,1,0,0,0,0,14313,6986.655488017886,100000,138.60166,48,23583,176,801,100000
23,reference,10000,true,uniform,READ,41557,6958124,2886605,2330011,10119,1,0,0,0,0,140,15461,351100174,190921817,1989728100,3939608048,391555535,55741457,8320449728578,9768127479,1288763780,14490325,1,0,0,0,0,3849,25980.77422707197,100000,33.98922,17,11415,44,82,100000
23,clean-run,10000,true,uniform,READ,230266,4478913,1665564,1655472,163919,1,0,0,4,385024,140,15462,351100308,190924049,1989833405,3940017059,391578587,55745818,8320717161375,9768441039,1288764767,14490408,1,0,0,0,0,8727,11458.691417440128,100000,83.40375,40,27711,116,251,100000
23,avg-run,10000,true,uniform,READ,443440,9452684,3797925,3756911,373919,5,0,0,4,385024,140,15463,351100614,190929136,1990006759,3940268369,391578587,55745818,8320997150392,9768883041,1288766748,14490408,1,0,0,0,0,10299,9709.680551509855,100000,98.9123,69,11767,133,226,100000
24,extend,10000,true,zipfian,EXTEND,74048016,413126614,478121545,476510781,40460418,2401387,40289102,0,0,0,140,15479,351122478,191131219,1992960047,3942891758,391919575,55848423,8329593903798,9779166604,1289013971,14490408,0,0,0,0,1,462546,216.19471360686288,100000,4616.07718,604,748543,21087,39455,100000
24,run,10000,true,uniform,READ,75477609,415757326,479829473,478199177,40460881,2401398,40289563,0,0,0,140,15479,351122478,191133597,1993028614,3944305362,391919575,55848423,8329603523317,9779178485,1289016473,14490408,1,0,0,0,0,16596,6025.548324897566,100000,161.21773,49,21599,350,1314,100000
24,reference,10000,true,uniform,READ,43548,7259084,3015859,2431358,10119,1,0,0,0,0,140,15479,351122478,191133598,1993041155,3944307448,391919575,55848423,8329603523367,9779178486,1289016473,14490408,1,0,0,0,0,3324,30084.235860409146,100000,28.74572,19,11759,40,86,100000
24,clean-run,10000,true,uniform,READ,244547,4519881,1720382,1710290,170556,1,0,0,4,385024,140,15480,351122620,191137910,1993153744,3944734125,391955911,55854900,8329881851838,9779505365,1289017460,14490418,1,0,0,0,0,8747,11432.491139819367,100000,83.21053,41,24239,114,267,100000
24,avg-run,10000,true,uniform,READ,465910,9516329,3856467,3815453,381030,5,0,0,4,385024,140,15481,351123087,191143914,1993321365,3944982071,391955911,55854900,8330164653407,9779951765,1289017535,14490418,1,0,0,0,0,8402,11901.9281123542,100000,79.86978,53,13495,102,175,100000
25,extend,10000,true,zipfian,EXTEND,82042555,443317584,518086325,516404727,43908554,2501475,43730755,0,0,0,140,15497,351146095,191341088,1995629253,3947685071,392285466,55941489,8340052544719,9795223937,1292276559,14490419,0,0,0,0,1,442356,226.06226659070975,100000,4414.52199,554,588799,21775,39743,100000
25,run,10000,true,uniform,READ,83489331,445947805,519884777,518191186,43908554,2501475,43730755,0,0,0,140,15497,351146095,191342621,1995692595,3949119318,392285466,55941489,8340056513037,9795226760,1292277981,14490419,1,0,0,0,0,13014,7684.032580298141,100000,125.3771,46,28063,160,563,100000
25,reference,10000,true,uniform,READ,45506,7560004,3144223,2532691,10119,1,0,0,0,0,140,15497,351146095,191342626,1995707351,3949131603,392285466,55941489,8340056513037,9795226760,1292277981,14490419,1,0,0,0,0,3692,27085.590465872156,100000,32.72809,20,11591,45,88,100000
25,clean-run,10000,true,uniform,READ,269565,4556224,1816559,1806467,177089,1,0,0,4,385024,140,15498,351149127,191345774,1995823761,3949588765,392319388,55949886,8340349195279,9795574113,1292279532,14490469,1,0,0,0,0,8876,11266.336187471834,100000,84.31899,41,34399,116,254,100000
25,avg-run,10000,true,uniform,READ,486239,9541634,3952256,3911242,387564,5,0,0,4,385024,140,15499,351149891,191353011,1995974281,3949836203,392319388,55949886,8340641572829,9796013555,1292279601,14490469,1,0,0,0,0,9339,10707.784559374666,100000,89.21398,54,15327,103,225,100000
26,extend,10000,true,zipfian,EXTEND,86281341,471668412,559185233,557446910,47450969,2601574,47266583,0,0,0,140,15516,351174316,191565088,1998492752,3952637636,392685568,56044956,8349922024143,9807103011,1292566919,14490469,0,0,0,0,1,478453,209.00694530079235,100000,4775.50409,582,792575,21807,42079,100000
26,run,10000,true,uniform,READ,87751437,474305115,561062032,559311998,47450969,2601574,47266583,0,0,0,140,15516,351174316,191566762,1998557409,3954103916,392685568,56044956,8349927541573,9807105852,1292568459,14490469,1,0,0,0,0,14050,7117.437722419929,100000,136.19281,47,24447,173,790,100000
26,reference,10000,true,uniform,READ,47497,7860964,3273477,2634038,10119,1,0,0,0,0,140,15516,351174316,191566771,1998566588,3954109655,392685568,56044956,8349931814959,9807113954,1292569324,14490469,1,0,0,0,0,3863,25886.61661920787,100000,34.30656,18,12263,45,85,100000
26,clean-run,10000,true,uniform,READ,270978,4585384,1813361,1803269,183704,1,0,0,4,385024,140,15517,351177509,191571512,1998681837,3954570528,392716863,56048447,8350231915304,9807467308,1292570311,14490515,1,0,0,0,0,8786,11381.743683132256,100000,83.6702,42,29231,120,241,100000
26,avg-run,10000,true,uniform,READ,557683,9838904,3948782,3907768,394184,5,0,0,4,385024,140,15518,351181154,191577637,1998849313,3954879949,392716863,56048447,8350534882960,9807918824,1292570355,14490515,1,0,0,0,0,8937,11189.437171310283,100000,84.88926,55,14727,112,209,100000
27,extend,10000,true,zipfian,EXTEND,90235122,500890233,601695284,599900968,51114145,2701673,50923125,0,0,0,140,15536,351206448,191788807,2001750302,3957729273,393079148,56144529,8360200544473,9819385198,1292842353,14490515,0,0,0,0,1,475168,210.45188228163514,100000,4742.79891,556,707583,23311,42239,100000
27,run,10000,true,uniform,READ,91715785,504466288,603574302,601767367,51114615,2701684,50923593,0,0,0,140,15536,351206448,191791604,2001820880,3959187974,393079148,56144529,8360208512562,9819396048,1292844244,14490515,1,0,0,0,0,21238,4708.5412939071475,100000,207.95369,51,56511,288,1711,100000
27,reference,10000,true,uniform,READ,49488,8161924,3402731,2735385,10119,1,0,0,0,0,140,15536,351206448,191791604,2001835744,3959197820,393079148,56144529,8360208512612,9819396049,1292844244,14490515,1,0,0,0,0,3764,26567.481402763016,100000,33.48722,20,11783,45,86,100000
27,clean-run,10000,true,uniform,READ,304418,4613790,1932601,1922509,190348,1,0,0,4,385024,140,15537,351206587,191795422,2001955461,3959696142,393122779,56148311,8360519508580,9819762775,1292845231,14490758,1,0,0,0,0,9228,10836.584308625921,100000,88.4215,43,28767,121,263,100000
27,avg-run,10000,true,uniform,READ,593646,9817903,4067809,4026795,400829,5,0,0,4,385024,140,15538,351207907,191802954,2002118988,3960015502,393122779,56148311,8362102499523,9826111113,1296814865,14490760,1,0,0,0,0,9705,10303.967027305513,100000,92.52155,56,19231,106,217,100000
28,extend,10000,true,zipfian,EXTEND,99343063,535935421,646262342,644402287,54964808,2801783,54767225,0,0,0,140,15556,351231791,192027531,2004679787,3962989176,393498764,56241656,8372235780220,9838146369,1297113910,14490760,0,0,0,0,1,501684,199.32866106951786,100000,5006.85614,598,676863,25759,47647,100000
28,run,10000,true,uniform,READ,100856347,539488986,648231735,646356624,54964808,2801783,54767225,0,0,0,140,15556,351231848,192030295,2004772398,3964492696,393539471,56249554,8372238514071,9838148308,1297114816,14490760,1,0,0,0,0,27625,3619.9095022624433,100000,268.59391,59,73599,760,2259,100000
28,reference,10000,true,uniform,READ,51512,8462924,3532875,2836746,10119,1,0,0,0,0,140,15556,351231848,192030297,2004788790,3964500579,393539471,56249554,8372238514071,9838148308,1297114816,14490760,1,0,0,0,0,3564,28058.361391694725,100000,31.37355,18,11063,41,81,100000
28,clean-run,10000,true,uniform,READ,319593,4642364,1995919,1984873,196928,25,0,0,4,385024,140,15557,351231921,192032586,2004905332,3965018015,393539485,56250899,8372560405633,9838528280,1297115804,14490881,1,0,0,0,0,9699,10310.341272296113,100000,92.60381,45,32671,128,290,100000
28,avg-run,10000,true,uniform,READ,598845,9825176,4127341,4086250,406928,29,0,0,4,385024,140,15558,351233146,192038745,2005093031,3965337116,393539485,56250899,8372883313963,9838960875,1297115978,14490881,1,0,0,0,0,11354,8807.468733485995,100000,109.71716,76,13215,153,281,100000
29,extend,10000,true,zipfian,EXTEND,103810347,569436706,692861250,690937550,58990341,2901893,58786248,0,0,0,140,15577,351258587,192283225,2008194356,3968405780,393963207,56365216,8383492878725,9851512743,1297414545,14490881,0,0,0,0,1,554915,180.20777956984404,100000,5540.10156,519,715263,26655,47903,100000
29,run,10000,true,uniform,READ,105361331,572991079,694934964,692999183,58990341,2901893,58786248,0,0,0,140,15577,351258587,192284848,2008259161,3969952222,393963207,56365216,8383498083286,9851515265,1297415907,14490881,1,0,0,0,0,14671,6816.167950378297,100000,141.96967,53,32175,181,677,100000
29,reference,10000,true,uniform,READ,53536,8763924,3663019,2938107,10119,1,0,0,0,0,140,15577,351258587,192284852,2008271859,3969955986,393963207,56365216,8383498083336,9851515266,1297415907,14490881,1,0,0,0,0,4158,24050.02405002405,100000,37.43482,16,24479,45,189,100000
29,clean-run,10000,true,uniform,READ,347668,4658623,2079716,2069624,203448,1,0,0,4,385024,140,15578,351260773,192288455,2008400164,3970507281,393997081,56371679,8383837813412,9851915812,1297418323,14490881,1,0,0,0,0,9929,10071.507704703394,100000,95.40506,46,36831,131,310,100000
29,avg-run,10000,true,uniform,READ,700855,9542672,4214750,4173736,413932,5,0,0,4,385024,140,15579,351261129,192296306,2008591680,3970904114,393997081,56371679,8384170268355,9852357642,1297418368,14490881,1,0,0,0,0,9189,10882.576994232235,100000,87.20365,55,17359,111,175,100000
30,extend,10000,true,zipfian,EXTEND,107747626,603269618,740351966,738370747,63088127,3002003,62877523,0,0,0,140,15599,351288389,192517040,2012045452,3974075343,394368544,56491755,8394993579025,9865141165,1297715622,14490881,0,0,0,0,1,505152,197.96021791460788,100000,5042.44483,638,809471,23071,45247,100000
30,run,10000,true,uniform,READ,109305328,606838505,742484877,740488621,63088127,3002003,62877523,0,0,0,140,15599,351288433,192519350,2012118011,3975628283,394368544,56491755,8394997528319,9865143309,1297716704,14490881,1,0,0,0,0,18964,5273.149124657245,100000,184.78061,51,81663,276,1370,100000
30,reference,10000,true,uniform,READ,55560,9064924,3793163,3039468,10119,1,0,0,0,0,140,15599,351288440,192519352,2012128998,3975631351,394406952,56493713,8394997528483,9865143311,1297716704,14490881,1,0,0,0,0,4068,24582.104228121927,100000,36.14844,18,103231,45,85,100000
30,clean-run,10000,true,uniform,READ,359001,4693552,2147469,2137377,209972,1,0,0,4,385024,140,15600,351288511,192522164,2012252466,3976193285,394406964,56493791,8395341156404,9865549492,1297717691,14490973,1,0,0,0,0,9751,10255.358424776947,100000,93.53607,45,36735,128,302,100000
30,avg-run,10000,true,uniform,READ,710225,9571598,4282466,4241452,420454,5,0,0,4,385024,140,15601,351289982,192530181,2012440117,3976594850,394406964,56493791,8395685391785,9865989453,1297717866,14490973,1,0,0,0,0,9482,10546.29824931449,100000,90.16051,56,15607,114,217,100000
31,extend,10000,true,zipfian,EXTEND,118394513,642352992,789658708,787613316,67344341,3102124,67127400,0,0,0,140,15622,351320317,192780859,2015978021,3979845652,394831513,56620527,8408466911942,9886772000,1303071976,14490974,0,0,0,0,1,568045,176.04239100775467,100000,5670.66447,599,832511,27199,48799,100000
31,run,10000,true,uniform,READ,119986499,645924060,791879944,789822293,67344341,3102124,67127400,0,0,0,140,15622,351320317,192783390,2015991323,3981433106,394831513,56620527,8408471761546,9886774582,1303073280,14490974,1,0,0,0,0,18820,5313.496280552604,100000,183.73455,52,30175,422,1634,100000
31,reference,10000,true,uniform,READ,57584,9365924,3923307,3140829,10119,1,0,0,0,0,140,15622,351320317,192783390,2015991323,3981436633,394831513,56620527,8408471761546,9886774582,1303073280,14490974,1,0,0,0,0,3243,30835.64600678384,100000,28.05438,20,12055,38,67,100000
31,clean-run,10000,true,uniform,READ,370334,4711776,2174322,2164230,216395,1,0,0,4,385024,140,15623,351322375,192786465,2016119566,3982016560,394872500,56620558,8408826246273,9887193608,1303074267,14491123,1,0,0,0,0,10117,9884.353069091629,100000,96.87424,47,74559,132,268,100000
31,avg-run,10000,true,uniform,READ,723676,9590581,4308820,4267806,426782,5,0,0,4,385024,140,15624,351323802,192793930,2016337291,3982414826,394872500,56620558,8409178328173,9887633162,1303074312,14491123,1,0,0,0,0,14884,6718.624025799516,100000,144.54588,56,91327,154,1870,100000
32,extend,10000,true,zipfian,EXTEND,123590849,678024447,840651774,838549845,71743922,3202212,71520740,0,0,0,140,15645,351353576,193038780,2019158331,3985767575,395299604,56720227,8420829860938,9901322232,1303424239,14491123,0,0,0,0,1,543956,183.83839869401203,100000,5429.94023,547,1085439,28111,52223,100000
32,run,10000,true,uniform,READ,125215635,681611203,842918184,840803709,71744194,3202223,71521020,0,0,0,140,15645,351353576,193042373,2019249163,3987378350,395299604,56720227,8420838765102,9901332137,1303426708,14491123,1,0,0,0,0,24691,4050.0587258515247,100000,239.0925,51,64383,627,2061,100000
32,reference,10000,true,uniform,READ,59617,9666988,4054341,3242204,10119,1,0,0,0,0,140,15645,351353576,193042373,2019266475,3987380191,395299604,56720227,8420838765102,9901332137,1303426708,14491123,1,0,0,0,0,4198,23820.867079561696,100000,37.47016,20,20975,44,183,100000
32,clean-run,10000,true,uniform,READ,382430,4736298,2211528,2201436,222698,1,0,0,4,385024,140,15646,351353699,193047182,2019410128,3987975953,395346120,56724103,8421204098881,9901763815,1303427695,14491379,1,0,0,0,0,10270,9737.09834469328,100000,98.80089,47,35551,139,438,100000
32,avg-run,10000,true,uniform,READ,745593,9638436,4345490,4304476,432981,5,0,0,4,385024,140,15647,351354427,193057087,2019611027,3988372900,395346120,56724103,8421566993578,9902220402,1303427818,14491379,1,0,0,0,0,13571,7368.65374696043,100000,131.07572,80,63039,147,287,100000
33,extend,10000,true,zipfian,EXTEND,128947771,714215860,892821802,890651805,76245797,3302355,76016502,0,0,0,140,15670,351386632,193387344,2022622496,3991863646,395952266,56817100,8433534075961,9916219132,1303811849,14491379,0,0,0,0,1,717193,139.4324819121213,100000,7160.85131,604,620031,31583,55903,100000
33,run,10000,true,uniform,READ,130567444,717791771,895080520,892892882,76245797,3302355,76016502,0,0,0,140,15670,351386676,193391795,2022734101,3993473899,395952266,56817100,8433540247414,9916220892,1303813468,14491379,1,0,0,0,0,31667,3157.861496194777,100000,308.82753,57,41695,1664,3621,100000
33,reference,10000,true,uniform,READ,61736,9968112,4187155,3343607,10119,1,0,0,0,0,140,15670,351386676,193391795,2022745092,3993480547,395952266,56817100,8433540247414,9916220892,1303813468,14491379,1,0,0,0,0,3798,26329.647182727753,100000,33.27235,20,11255,45,84,100000
33,clean-run,10000,true,uniform,READ,398982,4763437,2277808,2267716,228892,1,0,0,4,385024,140,15671,351386796,193395054,2022882595,3994093203,395991894,56817268,8433916414536,9916665070,1303814455,14491914,1,0,0,0,0,10245,9760.858955588092,100000,98.31329,48,32159,139,315,100000
33,avg-run,10000,true,uniform,READ,752219,9638697,4411371,4370357,439097,5,0,0,4,385024,140,15672,351389213,193403700,2023073876,3994496097,395991894,56817268,8434288037016,9917103135,1303814541,14491914,1,0,0,0,0,10559,9470.59380623165,100000,101.43034,60,35167,115,358,100000
34,extend,10000,true,zipfian,EXTEND,133550737,751325830,946470446,944230394,80881262,3402476,80646046,0,0,0,140,15696,351423256,193690222,2026805568,3998046089,396481874,56953659,8446721974380,9931524453,1304178557,14491914,0,0,0,0,1,637741,156.8034672382676,100000,6367.64947,593,739839,29631,52447,100000
34,run,10000,true,uniform,READ,135204951,754907303,948845321,946586621,80881262,3402476,80646046,0,0,0,140,15696,351423256,193694572,2026924306,3999684555,396481874,56953659,8446728583208,9931526717,1304180337,14491914,1,0,0,0,0,36821,2715.841503489856,100000,360.66972,57,151295,1618,3169,100000
34,reference,10000,true,uniform,READ,63826,10269192,4319079,3444996,10119,1,0,0,0,0,140,15696,351423256,193694573,2026934748,3999697359,396481874,56953659,8446728583208,9931526717,1304180337,14491914,1,0,0,0,0,3698,27041.644131963225,100000,32.4242,17,10687,44,82,100000
34,clean-run,10000,true,uniform,READ,414826,4789998,2339349,2328383,234855,1,0,0,4,385024,140,15697,351423369,193697058,2027072676,4000332316,396534903,56953796,8447115549689,9931982851,1304181324,14491967,1,0,0,0,0,10602,9432.182607055272,100000,102.22049,48,68031,140,506,100000
34,avg-run,10000,true,uniform,READ,761923,9654622,4470771,4429760,444855,5,0,0,4,385024,140,15698,351425760,193705845,2027257329,4000728594,396534903,56953796,8447496303231,9932413510,1304181349,14491967,1,0,0,0,0,11121,8991.99712256092,100000,106.66781,64,25535,119,364,100000
35,extend,10000,true,zipfian,EXTEND,138925497,789415565,1002060582,999748730,85681141,3502597,85440249,0,0,0,140,15722,351462962,193999153,2030222681,4004395391,397064159,57061810,8460282921708,9947320061,1304542513,14491967,0,0,0,0,1,641646,155.84917540201295,100000,6407.11829,598,825855,28351,53919,100000
35,run,10000,true,uniform,READ,140596819,793003345,1004450062,1002123211,85681141,3502597,85440249,0,0,0,140,15722,351462997,194003957,2030322403,4006063655,397064159,57061810,8460291304061,9947322134,1304544550,14491967,1,0,0,0,0,30453,3283.748727547368,100000,296.77497,63,80639,1399,3193,100000
35,reference,10000,true,uniform,READ,65916,10570272,4451003,3546385,10119,1,0,0,0,0,140,15722,351462997,194004034,2030323862,4006069563,397064159,57061810,8460291304061,9947322134,1304544550,14491967,1,0,0,0,0,4179,23929.169657812872,100000,32.54756,20,27855,46,102,100000
35,clean-run,10000,true,uniform,READ,442009,4812599,2436543,2425577,240530,1,0,0,4,385024,140,15723,351466875,194006948,2030444474,4006738561,397101514,57062857,8460689505027,9947790148,1304545572,14497696,1,0,0,0,0,11393,8777.319406653209,100000,110.0093,48,64095,154,602,100000
35,avg-run,10000,true,uniform,READ,788620,9677709,4567965,4526954,450530,5,0,0,4,385024,140,15724,351468893,194015410,2030644673,4007139733,397101514,57062857,8461080219055,9948220809,1304545597,14497696,1,0,0,0,0,17909,5583.784689262382,100000,174.37471,63,60863,142,1929,100000
36,extend,10000,true,zipfian,EXTEND,153684498,833742180,1059466728,1057089785,90644712,3602740,90398053,0,0,0,140,15748,351502648,194332560,2033691472,4010910922,397670318,57182673,8476458663766,9975869623,1313124046,14497711,0,0,0,0,1,693854,144.12253874734455,100000,6928.76936,592,952831,32463,58335,100000
36,run,10000,true,uniform,READ,155394914,837328311,1061939277,1059546319,90644712,3602740,90398053,0,0,0,140,15749,351502655,194336647,2033812734,4012604616,397670318,57182673,8476464957415,9975871635,1313125729,14497711,1,0,0,0,0,30090,3323.363243602526,100000,292.84208,53,104511,1284,2975,100000
36,reference,10000,true,uniform,READ,68039,10871392,4583817,3647788,10119,1,0,0,0,0,140,15749,351502655,194336648,2033826442,4012618840,397670318,57182673,8476464957415,9975871635,1313125729,14497711,1,0,0,0,0,3416,29274.00468384075,100000,29.54943,18,13615,40,76,100000
36,clean-run,10000,true,uniform,READ,443695,4843034,2441963,2431871,246318,1,0,0,4,385024,140,15750,351502751,194340866,2033985163,4013290952,397700937,57186601,8476873463356,9976350828,1313126716,14498255,1,0,0,0,0,10476,9545.628102329134,100000,100.41972,49,36511,140,292,100000
36,avg-run,10000,true,uniform,READ,804888,9733125,4574931,4533917,456406,5,0,0,4,385024,140,15751,351503743,194350387,2034182330,4013690586,397700937,57186601,8477275818148,9976800620,1313126771,14498255,1,0,0,0,0,11936,8378.016085790885,100000,114.96009,83,14551,150,270,100000
37,extend,10000,true,zipfian,EXTEND,159585856,873760431,1118827719,1116384568,95777919,3702872,95525535,0,0,0,140,15776,351540259,194659759,2037258169,4017590144,398252924,57289256,8490953154977,9992685171,1313510828,14498255,0,0,0,0,1,677551,147.5903658912761,100000,6765.58592,566,783359,31615,59999,100000
37,run,10000,true,uniform,READ,161330478,877375978,1121392387,1118936524,95777974,3702883,95525592,0,0,0,140,15776,351540259,194663816,2037335112,4019318219,398252924,57289256,8490961310729,9992693258,1313513158,14498255,1,0,0,0,0,23795,4202.563563773902,100000,229.91357,55,59807,756,1930,100000
37,reference,10000,true,uniform,READ,70163,11172511,4716631,3749191,10119,1,0,0,0,0,140,15776,351540259,194663816,2037347816,4019322410,398252924,57289256,8490961310729,9992693258,1313513158,14498255,1,0,0,0,0,3706,26983.27037236913,100000,32.48589,18,12303,42,82,100000
37,clean-run,10000,true,uniform,READ,459944,4868472,2493758,2482792,252043,1,0,0,4,385024,140,15777,351540373,194666099,2037494724,4020014709,398296832,57289617,8491380585233,9993183937,1313514145,14498326,1,0,0,0,0,10931,9148.293843198244,100000,105.3691,49,54047,145,326,100000
37,avg-run,10000,true,uniform,READ,806204,9733677,4625180,4584169,462043,5,0,0,4,385024,140,15778,351541854,194676777,2037693231,4020410896,398296832,57289617,8491791340360,9993614669,1313514191,14498326,1,0,0,0,0,11625,8602.150537634408,100000,111.75234,71,16207,144,333,100000
38,extend,10000,true,zipfian,EXTEND,165029739,914394132,1179402460,1176891615,101011023,3803015,100753183,0,0,0,140,15804,351585322,195000808,2041753197,4024439434,398854886,57431425,8505779338487,10009814197,1313908125,14498326,0,0,0,0,1,720954,138.70510462526042,100000,7199.49102,566,988159,33727,61503,100000
38,run,10000,true,uniform,READ,166792708,918012225,1182040594,1179514095,101011064,3803026,100753224,0,0,0,140,15804,351585354,195008271,2041928586,4026192508,398902895,57432783,8505785116480,10009816813,1313909599,14498326,1,0,0,0,0,57883,1727.6229635644318,100000,570.19103,59,159743,2511,4967,100000
38,reference,10000,true,uniform,READ,72319,11473671,4850335,3850608,10119,1,0,0,0,0,140,15804,351585354,195008271,2041944966,4026195345,398902895,57432783,8505785116480,10009816813,1313909599,14498326,1,0,0,0,0,3479,28743.89192296637,100000,30.5012,18,12791,42,78,100000
38,clean-run,10000,true,uniform,READ,482224,4900875,2599463,2588497,257492,1,0,0,4,385024,140,15805,351585437,195010711,2042098293,4026909356,398902908,57436540,8506215122719,10010318390,1313910586,14498415,1,0,0,0,0,11606,8616.232982939859,100000,111.9109,51,69887,155,352,100000
38,avg-run,10000,true,uniform,READ,828578,9765858,4730885,4689874,467492,5,0,0,4,385024,140,15806,351587937,195019434,2042290793,4027311131,398902908,57436540,8506635818263,10010749050,1313910610,14498415,1,0,0,0,0,12028,8313.934153641503,100000,115.64179,69,17343,145,679,100000
39,extend,10000,true,zipfian,EXTEND,170870980,955894474,1241682279,1239108305,106392617,3903136,106129379,0,0,0,140,15833,351630209,195307958,2045509194,4031404083,399409159,57573215,8521006830341,10027384062,1314311882,14498415,0,0,0,0,1,640085,156.22925080262777,100000,6390.88213,571,675327,30143,59039,100000
39,run,10000,true,uniform,READ,172651786,959527415,1244316823,1241730140,106392646,3903147,106129408,0,0,0,140,15833,351630209,195311179,2045583330,4033165208,399409159,57573215,8521020583236,10027393054,1314315930,14498415,1,0,0,0,0,19933,5016.806301108714,100000,191.33874,60,36191,404,1461,100000
39,reference,10000,true,uniform,READ,74409,11774751,4982259,3951997,10119,1,0,0,0,0,140,15833,351630209,195311179,2045594729,4033172231,399409159,57573215,8521020583236,10027393054,1314315930,14498415,1,0,0,0,0,3303,30275.50711474417,100000,28.44948,18,12919,40,78,100000
39,clean-run,10000,true,uniform,READ,501943,4926068,2653260,2642294,262923,1,0,0,4,393216,140,15834,351630315,195320629,2045795329,4033914285,399435465,57577428,8521461318584,10027905504,1314316917,14499545,1,0,0,0,0,27266,3667.5713342624513,100000,263.81862,49,89983,1304,3739,100000
39,avg-run,10000,true,uniform,READ,1067358,10165156,5784732,5743721,572923,5,0,0,4,393216,140,15835,351632436,195332910,2046034081,4034548219,399435465,57577428,8521905322243,10028536438,1314316935,14499545,1,0,0,0,0,13776,7259.001161440186,100000,132.83551,94,19855,171,275,100000
40,extend,10000,true,zipfian,EXTEND,177176042,998310901,1305630515,1302989557,111924756,4003279,111656310,0,0,0,140,15862,351672365,195669028,2049000810,4038776273,400027548,57702164,8536736407651,10045631670,1314742458,14499545,0,0,0,0,1,723064,138.3003440912561,100000,7220.27717,584,827903,33247,63839,100000
40,run,10000,true,uniform,READ,179010284,1001949173,1308410351,1305756186,111924783,4003290,111656337,0,0,0,140,15862,351672365,195672853,2049086227,4040596398,400027548,57702164,8536743434577,10045638761,1314744429,14499545,1,0,0,0,0,24727,4044.1622517895416,100000,239.69809,67,36511,795,2215,100000
40,reference,10000,true,uniform,READ,76541,12075935,5115963,4053414,10119,1,0,0,0,0,140,15862,351672365,195672853,2049102614,4040598219,400027548,57702164,8536743434627,10045638762,1314744429,14499545,1,0,0,0,0,3598,27793.218454697053,100000,31.50338,17,12671,44,83,100000
40,clean-run,10000,true,uniform,READ,503665,4961849,2660364,2650272,268147,1,0,0,4,385024,140,15863,351672466,195676680,2049267964,4041342892,400027557,57703844,8537194872387,10046161636,1314745416,14499845,1,0,0,0,0,11753,8508.465923593976,100000,113.32233,51,87231,163,588,100000
40,avg-run,10000,true,uniform,READ,1086155,10222868,5793112,5752098,578185,5,0,0,4,385024,140,15864,351673541,195687585,2049474617,4042014580,400046326,57709705,8537650035446,10046811507,1314745435,14499845,1,0,0,0,0,18879,5296.890725144341,100000,181.76388,104,120511,200,1342,100000
41,extend,10000,true,zipfian,EXTEND,182693623,1041365037,1370922314,1368213166,117566191,4103433,117292570,0,0,0,140,15893,351723429,196046178,2054230812,4046326973,400651744,57859782,8552768575792,10064254737,1315171095,14499845,0,0,0,0,1,796072,125.61677838185491,100000,7950.53358,634,748031,36959,66431,100000
41,run,10000,true,uniform,READ,184517427,1045020283,1373675165,1370951977,117566208,4103444,117292586,0,0,0,140,15893,351723466,196051384,2054376467,4048137005,400651744,57859782,8552781912648,10064261987,1315174873,14499845,1,0,0,0,0,40223,2486.1397707779133,100000,393.83036,63,83583,1966,4077,100000
41,reference,10000,true,uniform,READ,78726,12377139,5250557,4154845,10119,1,0,0,0,0,140,15893,351723466,196051384,2054391623,4048138821,400651744,57859782,8552781912698,10064261988,1315174873,14499845,1,0,0,0,0,3888,25720.1646090535,100000,34.19717,20,10823,46,91,100000
41,clean-run,10000,true,uniform,READ,535170,4989315,2775754,2765662,273346,1,0,0,4,385024,140,15894,351723572,196054336,2054554933,4048916228,400699245,57865607,8553244040601,10064795283,1315175860,14500503,1,0,0,0,0,11548,8659.508139937652,100000,111.43931,51,44543,156,337,100000
41,avg-run,10000,true,uniform,READ,1102314,10237312,5908636,5867622,583374,12,0,0,4,385024,140,15895,351725848,196065414,2054784637,4049551345,400699245,57865607,8553708377565,10065431010,1315175896,14500503,1,0,0,0,0,15055,6642.311524410495,100000,146.1004,103,22927,190,375,100000
42,extend,10000,true,zipfian,EXTEND,189060539,1084845084,1437058215,1434280623,123285763,4203576,123007041,0,0,0,140,15923,351768286,196424419,2058076315,4053967170,401339657,57991130,8569050451916,10083095457,1315613492,14500503,0,0,0,0,1,773375,129.30337805075158,100000,7723.33388,610,718847,34239,66879,100000
42,run,10000,true,uniform,READ,190928912,1088494590,1439896672,1437098798,123285771,4203587,123007049,0,0,0,140,15923,351768286,196429427,2058209823,4055811717,401339657,57991130,8569057921956,10083103040,1315615743,14500503,1,0,0,0,0,47773,2093.2325790718605,100000,469.81302,58,109183,2421,4695,100000
42,reference,10000,true,uniform,READ,80882,12678299,5384261,4256262,10119,1,0,0,0,0,140,15923,351768286,196429427,2058226180,4055822023,401339657,57991130,8569057921956,10083103040,1315615743,14500503,1,0,0,0,0,3671,27240.533914464722,100000,31.82956,20,15543,45,92,100000
42,clean-run,10000,true,uniform,READ,537357,5018742,2782883,2771922,278482,1,0,0,0,0,140,15924,351768383,196432231,2058386221,4056608198,401339669,57994693,8569530691665,10083646614,1315616730,14500503,1,0,0,0,0,12271,8149.295085975064,100000,118.74562,52,111807,162,404,100000
42,avg-run,10000,true,uniform,READ,1102915,10256812,5914320,5873314,588482,5,0,0,0,0,140,15925,351770111,196443786,2058641352,4057244693,401339669,57994693,8570004557355,10084277548,1315616745,14500503,1,0,0,0,0,26513,3771.734620752084,100000,258.88875,104,62303,368,2038,100000
43,extend,10000,true,zipfian,EXTEND,195584333,1129413851,1505174223,1502323373,129177023,4303708,128893519,0,0,0,140,15955,351813493,196740092,2062270811,4061833932,401860066,58170257,8585922593180,10102463281,1316091207,14500503,0,0,0,0,1,671378,148.9473888033269,100000,6701.94923,615,886271,29679,65919,100000
43,run,10000,true,uniform,READ,197444848,1133074064,1508010428,1505143230,129177023,4303708,128893519,0,0,0,140,15955,351813493,196742119,2062346878,4063689368,401860066,58170257,8585930785732,10102465718,1316093303,14500503,1,0,0,0,0,17101,5847.611250804047,100000,163.83116,62,74879,218,769,100000
43,reference,10000,true,uniform,READ,83005,12979419,5517075,4357665,10119,1,0,0,0,0,140,15955,351813493,196742119,2062361545,4063691675,401860066,58170257,8585930785732,10102465718,1316093303,14500503,1,0,0,0,0,3579,27940.76557697681,100000,30.97957,20,22943,38,194,100000
43,clean-run,10000,true,uniform,READ,566079,5046373,2886815,2876728,283296,1,0,0,0,0,140,15956,351813607,196746054,2062543362,4064513303,401888349,58176775,8586413859603,10103018962,1316094290,14501451,1,0,0,0,0,11711,8538.98044573478,100000,113.20656,54,36895,157,350,100000
43,avg-run,10000,true,uniform,READ,1141452,10301561,6019426,5978417,593313,5,0,0,0,0,140,15957,351815784,196757310,2062753691,4065147721,401888349,58176775,8586898206374,10103662602,1316094308,14501451,1,0,0,0,0,11194,8933.357155619082,100000,107.48231,71,18719,130,248,100000
44,extend,10000,true,zipfian,EXTEND,217382002,1181389482,1572104913,1569188461,134959893,4403829,134671880,0,0,0,140,15986,351859468,197061543,2066396033,4069704485,402420253,58329664,8605135763083,10144101431,1331573945,14501460,0,0,0,0,1,681669,146.69876435630783,100000,6806.91018,530,817663,29679,65183,100000
44,run,10000,true,uniform,READ,219281303,1185066426,1575012267,1572082930,134959897,4403840,134671884,0,0,0,140,15986,351859468,197065780,2066591133,4071589479,402420253,58329664,8605145977614,10144109447,1331577259,14501460,1,0,0,0,0,53353,1874.3088486120744,100000,528.04506,67,118271,2026,4043,100000
44,reference,10000,true,uniform,READ,85128,13280539,5649889,4459068,10119,1,0,0,0,0,140,15986,351859468,197065780,2066607657,4071591287,402420253,58329664,8605145977614,10144109447,1331577259,14501460,1,0,0,0,0,4047,24709.661477637757,100000,36.21816,20,11751,47,94,100000
44,clean-run,10000,true,uniform,READ,564606,5066800,2855929,2845842,287845,1,0,0,0,0,140,15987,351859571,197070075,2066798420,4072413511,402487279,58336511,8605639305079,10144671836,1331578246,14502232,1,0,0,0,0,12226,8179.290037624734,100000,118.11329,56,39007,162,528,100000
44,avg-run,10000,true,uniform,READ,1143160,10326323,5988530,5947521,597860,5,0,0,0,0,140,15988,351860833,197081357,2067038400,4073049348,402487279,58336511,8606133460002,10145319263,1331578260,14502232,1,0,0,0,0,18440,5422.993492407809,100000,180.01928,112,60063,192,729,100000
45,extend,10000,true,zipfian,EXTEND,223286168,1226050000,1640822870,1637841035,140898764,4503950,140606108,0,0,0,140,16018,351901803,197382260,2071137284,4077736016,403010707,58495119,8622138558609,10163621966,1332036711,14502232,0,0,0,0,1,669503,149.36452861301592,100000,6685.75624,594,721919,29887,62015,100000
45,run,10000,true,uniform,READ,225204296,1229726375,1643789457,1640788654,140898766,4503961,140606110,0,0,0,140,16018,351901803,197384417,2071214438,4079632734,403010707,58495119,8622149868145,10163631251,1332040448,14502232,1,0,0,0,0,18120,5518.763796909492,100000,176.57187,70,31983,249,1023,100000
45,reference,10000,true,uniform,READ,87227,13581683,5782703,4560471,10119,1,0,0,0,0,140,16018,351901803,197384417,2071230949,4079641448,403010707,58495119,8622149868145,10163631251,1332040448,14502232,1,0,0,0,0,4125,24242.424242424244,100000,36.71473,20,27087,43,536,100000
45,clean-run,10000,true,uniform,READ,581332,5092915,2932380,2921419,292521,1,0,0,0,0,140,16019,351901908,197386761,2071414876,4080482474,403042683,58502995,8622653448764,10164203022,1332041435,14502756,1,0,0,0,0,11933,8380.122349786307,100000,114.93782,55,45823,160,348,100000
45,avg-run,10000,true,uniform,READ,1147654,10330348,6063801,6022795,602521,5,0,0,0,0,140,16020,351902981,197397906,2071651698,4081118966,403042683,58502995,8623156194717,10164833956,1332041447,14502756,1,0,0,0,0,15482,6459.113809585325,100000,150.33746,112,17343,188,291,100000
46,extend,10000,true,zipfian,EXTEND,228783752,1271690734,1711377043,1708323193,146998488,4604093,146701199,0,0,0,140,16051,351944620,197726897,2076458354,4085891120,403619314,58657762,8639587196032,10183639971,1332511994,14502756,0,0,0,0,1,724133,138.09617846445335,100000,7231.55588,604,844287,34591,62783,100000
46,run,10000,true,uniform,READ,230708622,1275367868,1714370757,1711303222,146998488,4604093,146701199,0,0,0,140,16051,351944643,197731244,2076548006,4087810722,403619314,58657762,8639598760115,10183643006,1332514870,14502756,1,0,0,0,0,27414,3647.7712117895967,100000,269.16468,70,34399,1048,2725,100000
46,reference,10000,true,uniform,READ,89346,13882807,5915517,4661874,10119,1,0,0,0,0,140,16051,351944643,197731250,2076553582,4087813601,403619314,58657762,8639598760115,10183643006,1332514870,14502756,1,0,0,0,0,3598,27793.218454697053,100000,31.35467,17,12495,42,81,100000
46,clean-run,10000,true,uniform,READ,600619,5117004,2986412,2975451,297186,1,0,0,0,0,140,16052,351944729,197734066,2076733107,4088677315,403654472,58659109,8640115631243,10184228426,1332517293,14502860,1,0,0,0,0,12683,7884.569896712134,100000,122.92451,56,57663,173,621,100000
46,avg-run,10000,true,uniform,READ,1164228,10356672,6117850,6076844,607186,5,0,0,0,0,140,16053,351945144,197747841,2076990097,4089310181,403678322,58665609,8640627965927,10184859365,1332517302,14502860,1,0,0,0,0,19995,5001.250312578145,100000,195.24791,110,93183,199,1463,100000
47,extend,10000,true,zipfian,EXTEND,235773567,1317238807,1781928979,1778814184,153094490,4704225,152792709,0,0,0,140,16084,351988926,198073325,2080568870,4094173034,404216199,58811215,8657067528411,10203644029,1332991183,14502860,0,0,0,0,1,714670,139.9247205003708,100000,7136.96121,608,711167,32623,64735,100000
47,run,10000,true,uniform,READ,237737432,1320922993,1784966025,1781837991,153094492,4704236,152792711,0,0,0,140,16084,351988926,198077732,2080670058,4096122642,404216199,58811215,8657080259887,10203652366,1332995436,14502860,1,0,0,0,0,28010,3570.153516601214,100000,272.16706,63,84031,882,2689,100000
47,reference,10000,true,uniform,READ,91502,14183967,6049221,4763291,10119,1,0,0,0,0,140,16084,351988926,198077732,2080684531,4096124453,404216199,58811215,8657080259887,10203652366,1332995436,14502860,1,0,0,0,0,3936,25406.50406504065,100000,34.67515,17,13967,45,83,100000
47,clean-run,10000,true,uniform,READ,605640,5139063,3014960,3004873,301700,1,0,0,0,0,140,16085,351989017,198082175,2080873487,4097000103,404251870,58813527,8657604319101,10204242595,1332996423,14503309,1,0,0,0,0,13069,7651.694850409365,100000,126.42506,56,97343,172,604,100000
47,avg-run,10000,true,uniform,READ,1183150,10401785,6147535,6106526,611713,5,0,0,0,0,140,16086,351989337,198094572,2081105798,4097632576,404273210,58820575,8658127431905,10204891491,1332996432,14503309,1,0,0,0,0,19591,5104.384666428462,100000,191.22324,118,68415,209,1832,100000
48,extend,10000,true,zipfian,EXTEND,242887306,1362893902,1852827356,1849643914,159217624,4804390,158911469,0,0,0,140,16117,352035131,198490846,2084940960,4102622817,404915214,58964015,8674698072459,10223759002,1333483388,14503309,0,0,0,0,1,858379,116.49865618800087,100000,8573.70434,608,733183,38527,69631,100000
48,run,10000,true,uniform,READ,244867212,1366583963,1855899128,1852702477,159217626,4804401,158911471,0,0,0,140,16117,352035148,198496840,2085092512,4104580708,404955625,58969720,8674706563085,10223766183,1333485943,14503309,1,0,0,0,0,45531,2196.3058136214886,100000,447.05869,63,167679,2077,4655,100000
48,reference,10000,true,uniform,READ,93724,14485207,6184705,4864736,10119,1,0,0,0,0,140,16117,352035148,198496841,2085108892,4104590539,404955625,58969720,8674706563085,10223766183,1333485943,14503309,1,0,0,0,0,3713,26932.399676811205,100000,32.5132,20,13183,42,80,100000
48,clean-run,10000,true,uniform,READ,624631,5157742,3075677,3064716,306092,1,0,0,0,0,140,16118,352035197,198499770,2085296846,4105487779,404955636,58972896,8675240834958,10224365210,1333486930,14504200,1,0,0,0,0,12858,7777.259293824856,100000,124.32914,55,69823,178,583,100000
48,avg-run,10000,true,uniform,READ,1189458,10395906,6207115,6166109,616092,5,0,0,0,0,140,16119,352035471,198514698,2085546076,4106120915,404978481,58979049,8675772470074,10224996148,1333486937,14504200,1,0,0,0,0,18422,5428.292259255239,100000,179.5368,107,70911,205,1519,100000
49,extend,10000,true,zipfian,EXTEND,249356295,1409400367,1925276567,1922024825,165479006,4904555,165168336,0,0,0,140,16151,352085237,198901221,2090146818,4111155407,405612911,59136271,8692726240802,10244286275,1333982373,14504200,0,0,0,0,1,840328,119.00115193115069,100000,8393.60477,627,1123327,37311,66111,100000
49,run,10000,true,uniform,READ,251362352,1413085320,1928410431,1925145188,165479008,4904566,165168338,0,0,0,140,16151,352085237,198906635,2090268929,4113147316,405612911,59136271,8692738342879,10244293929,1333986259,14504200,1,0,0,0,0,37549,2663.18676928813,100000,367.30262,60,71423,1769,3993,100000
49,reference,10000,true,uniform,READ,95946,14786447,6320189,4966181,10119,1,0,0,0,0,140,16151,352085237,198906637,2090278159,4113149187,405612911,59136271,8692738342879,10244293929,1333986259,14504200,1,0,0,0,0,3472,28801.84331797235,100000,30.15891,20,11503,43,95,100000
49,clean-run,10000,true,uniform,READ,643265,5166777,3112407,3101446,310629,1,0,0,0,0,140,16153,352085358,198909749,2090467310,4114068255,405661757,59140007,8693283079410,10244902107,1333987289,14504205,1,0,0,0,0,13081,7644.675483525724,100000,126.62736,57,73471,179,646,100000
49,avg-run,10000,true,uniform,READ,1206893,10405997,6243845,6202839,620629,5,0,0,0,0,140,16154,352085450,198924141,2090721302,4114696193,405696528,59149173,8693824630201,10245533044,1333987357,14504205,1,0,0,0,0,18765,5329.070077271516,100000,183.12098,111,16671,208,1659,100000
50,extend,10000,true,zipfian,EXTEND,256911933,1456387382,1998814880,1995493027,171832163,5004742,171516996,0,0,0,140,16186,352129307,199356276,2094657246,4119916887,406436971,59311025,8711075382260,10265098733,1334500471,14504205,0,0,0,0,1,935569,106.88682502306084,100000,9345.11959,619,715775,40799,71423,100000
50,run,10000,true,uniform,READ,258945109,1460068167,2002057715,1998719098,171832163,5004742,171516996,0,0,0,140,16186,352129335,199361839,2094924532,4121944901,406436971,59311025,8711085505094,10265101507,1334503114,14504205,1,0,0,0,0,78082,1280.7048999769472,100000,772.03126,72,205439,3575,6963,100000
50,reference,10000,true,uniform,READ,98234,15087767,6457453,5067654,10119,1,0,0,0,0,140,16186,352129335,199361842,2094938977,4121947239,406436971,59311025,8711085505094,10265101507,1334503114,14504205,1,0,0,0,0,3648,27412.280701754386,100000,32.211,18,11471,42,80,100000
50,clean-run,10000,true,uniform,READ,640417,5183549,3097066,3086105,315137,1,0,0,0,0,140,16188,352129462,199365078,2095134199,4122867735,406523928,59314525,8711640637570,10265718772,1334504169,14505630,1,0,0,0,0,12758,7838.219156607619,100000,123.42784,57,51231,175,580,100000
50,avg-run,10000,true,uniform,READ,1290188,10612949,6228504,6187498,625137,5,0,0,0,0,140,16189,352129552,199380499,2095398277,4123590618,406557694,59322245,8712191815733,10266349709,1334504245,14505630,1,0,0,0,0,21368,4679.895170348184,100000,208.91684,114,85119,216,2059,100000
51,extend,10000,true,zipfian,EXTEND,263798672,1503261594,2072332315,2068941266,178173956,5104907,177854303,0,0,0,140,16220,352176916,199805555,2099895587,4128816613,407267287,59468760,8729432885882,10285889325,1335017540,14505630,0,0,0,0,1,915037,109.28519830345658,100000,9136.78303,604,871935,38399,68479,100000
51,run,10000,true,uniform,READ,265831379,1506953889,2075542133,2072137109,178173958,5104918,177854305,0,0,0,140,16220,352176923,199812416,2100103718,4130838470,407295967,59477167,8729443024465,10285896511,1335020341,14505630,1,0,0,0,0,67998,1470.6314891614459,100000,671.88675,74,543743,3183,6467,100000
51,reference,10000,true,uniform,READ,100498,15389111,6594717,5169127,10119,1,0,0,0,0,140,16220,352176923,199812416,2100111895,4130840242,407295967,59477167,8729443024465,10285896511,1335020341,14505630,1,0,0,0,0,3719,26888.948642108095,100000,32.57121,18,12575,41,82,100000
51,clean-run,10000,true,uniform,READ,681009,5203366,3263374,3253287,319626,1,0,0,0,0,140,16222,352177041,199817634,2100318922,4131803616,407295980,59477279,8730008447959,10286522787,1335021407,14505804,1,0,0,0,0,13643,7329.766180458843,100000,132.2595,54,48031,182,697,100000
51,avg-run,10000,true,uniform,READ,1350095,10664467,6395965,6354956,629639,5,0,0,0,0,140,16223,352177130,199833356,2100600104,4132521057,407330366,59486607,8730570726429,10287178882,1335021489,14505804,1,0,0,0,0,21745,4598.758335249483,100000,212.92538,118,19999,273,2081,100000
52,extend,10000,true,zipfian,EXTEND,271570416,1550714777,2147019702,2143557659,184624994,5205094,184300859,0,0,0,140,16255,352223329,200268211,2104898173,4137910327,408080262,59649731,8748151224283,10307046431,1335547471,14505804,0,0,0,0,1,953927,104.8298245043908,100000,9529.10163,683,784895,42111,71871,100000
52,run,10000,true,uniform,READ,273615947,1554393066,2150246834,2146770702,184624994,5205094,184300859,0,0,0,140,16255,352223329,200273047,2105020044,4139939603,408080262,59649731,8748159717836,10307049281,1335549743,14505804,1,0,0,0,0,35294,2833.3427778092596,100000,344.55918,71,104895,1345,3943,100000
52,reference,10000,true,uniform,READ,102749,15690395,6731091,5270586,10119,1,0,0,0,0,140,16255,352223329,200273050,2105035125,4139953395,408080262,59649731,8748159986366,10307051949,1335549812,14505804,1,0,0,0,0,4159,24044.241404183696,100000,36.81241,19,22383,44,193,100000
52,clean-run,10000,true,uniform,READ,679523,5227214,3295675,3285588,324112,1,0,0,0,0,140,16257,352224735,200277736,2105243408,4140919349,408140305,59650079,8748735433117,10307687304,1335550850,14506649,1,0,0,0,0,13103,7631.840036632832,100000,126.70535,56,50943,176,377,100000
52,avg-run,10000,true,uniform,READ,1352590,10691961,6428250,6387241,634125,5,0,0,0,0,140,16258,352224829,200289987,2105499853,4141637242,408175987,59655028,8749307621585,10308347226,1335550931,14506649,1,0,0,0,0,12310,8123.476848090983,100000,118.63291,81,18639,142,246,100000
53,extend,10000,true,zipfian,EXTEND,299955033,1609898528,2222931486,2219406991,191185420,5305237,190856704,0,0,0,140,16290,352267050,200620743,2109540116,4147099928,408694341,59875152,8770491125465,10358734734,1356120308,14506657,0,0,0,0,1,748466,133.6066033727651,100000,7475.1167,624,828927,37151,68415,100000
53,run,10000,true,uniform,READ,302058764,1613585512,2226338515,2222800692,191185422,5305248,190856706,0,0,0,140,16290,352267050,200624832,2109637420,4149186765,408694341,59875152,8770501356271,10358742149,1356123568,14506657,1,0,0,0,0,24843,4025.2787505534757,100000,243.74306,70,71487,606,1882,100000
53,reference,10000,true,uniform,READ,104905,15991555,6864795,5372003,10119,1,0,0,0,0,140,16290,352267050,200624832,2109653317,4149191187,408694341,59875152,8770501356321,10358742150,1356123568,14506657,1,0,0,0,0,3716,26910.656620021527,100000,32.93924,18,14991,43,86,100000
53,clean-run,10000,true,uniform,READ,705391,5227772,3334168,3324081,328700,1,0,0,0,0,140,16292,352267150,200629728,2109874371,4150184125,408735767,59881643,8771087146912,10359386759,1356124623,14507482,1,0,0,0,0,13607,7349.158521349305,100000,131.99692,63,73535,181,440,100000
53,avg-run,10000,true,uniform,READ,1363080,10605224,6466743,6425734,638713,5,0,0,0,0,140,16293,352267233,200642056,2110120762,4150898456,408769348,59889065,8771668632653,10360041755,1356124699,14507482,1,0,0,0,0,12644,7908.889591901297,100000,122.45551,81,75199,139,282,100000
54,extend,10000,true,zipfian,EXTEND,307310935,1657667336,2298654332,2295062417,197711329,5405391,197378064,0,0,0,140,16326,352314119,201009466,2114634874,4156422657,409369974,60070765,8789558961053,10380121381,1356666680,14507543,0,0,0,0,1,805865,124.0902632574935,100000,8049.19455,655,831999,37439,67391,100000
54,run,10000,true,uniform,READ,309395469,1661353747,2301967192,2298361348,197711331,5405402,197378066,0,0,0,140,16326,352314119,201014532,2114760234,4158492979,409369974,60070765,8789570577536,10380128432,1356670090,14507543,1,0,0,0,0,36497,2739.9512288681262,100000,356.72141,69,101183,1310,3741,100000
54,reference,10000,true,uniform,READ,107094,16292755,6999389,5473434,10119,1,0,0,0,0,140,16326,352314119,201014532,2114774489,4158494923,409369974,60070765,8789570577586,10380128433,1356670090,14507543,1,0,0,0,0,3840,26041.666666666668,100000,34.19915,18,11623,46,87,100000
54,clean-run,10000,true,uniform,READ,705788,5244480,3341031,3330070,333252,25,0,0,0,0,140,16328,352314227,201017431,2114988219,4159487961,409422662,60074852,8790166673913,10380782282,1356671157,14508128,1,0,0,0,0,13587,7359.9764480753665,100000,131.57053,58,38367,180,414,100000
54,avg-run,10000,true,uniform,READ,1345414,10591015,6472469,6431463,643252,29,0,0,0,0,140,16329,352314315,201031296,2115238360,4160208901,409455364,60082527,8790756303202,10381413218,1356671218,14508128,1,0,0,0,0,16932,5905.976848570754,100000,165.05982,117,64223,201,394,100000
55,extend,10000,true,zipfian,EXTEND,314611569,1706587949,2376467406,2372808220,204435558,5505545,204097557,0,0,0,140,16362,352364624,201408619,2119590925,4165869449,410085050,60231387,8809124806222,10402098242,1357219870,14508128,0,0,0,0,1,817220,122.36607033601723,100000,8162.76279,583,891391,37215,64575,100000
55,run,10000,true,uniform,READ,316724077,1710274535,2379879263,2376207111,204435560,5505556,204097559,0,0,0,140,16362,352364626,201413990,2119729778,4167967460,410104007,60235529,8809134605727,10402106120,1357222949,14508128,1,0,0,0,0,47768,2093.4516831351534,100000,469.6543,76,87935,2065,3911,100000
55,reference,10000,true,uniform,READ,109316,16593995,7134873,5574879,10119,1,0,0,0,0,140,16362,352364626,201413990,2119737965,4167969292,410104007,60235529,8809134605727,10402106120,1357222949,14508128,1,0,0,0,0,3643,27449.90392533626,100000,31.8661,17,12815,43,84,100000
55,clean-run,10000,true,uniform,READ,723802,5253634,3389856,3379769,337988,1,0,0,0,0,140,16364,352364713,201419057,2119961029,4168987108,410104019,60238868,8809740915175,10402769501,1357224010,14509037,1,0,0,0,0,14076,7104.290991759022,100000,136.42978,57,56831,186,657,100000
55,avg-run,10000,true,uniform,READ,1382408,10630477,6522431,6481422,648001,5,0,0,0,0,140,16365,352364796,201431680,2120234489,4169698226,410139420,60244741,8810341602838,10403424654,1357224072,14509037,1,0,0,0,0,17413,5742.835812324126,100000,168.54631,90,86911,178,1710,100000
56,extend,10000,true,zipfian,EXTEND,322842162,1755435725,2454453159,2450724416,211166559,5605732,210823874,0,0,0,140,16399,352407382,201856838,2124346145,4175499490,410862318,60405988,8828841820549,10424124420,1357791341,14509044,0,0,0,0,1,918354,108.890471430407,100000,9173.40887,656,973311,41407,71039,100000
56,run,10000,true,uniform,READ,324961119,1759106072,2457882700,2454136739,211166559,5605732,210823874,0,0,0,140,16399,352407382,201862639,2124602029,4177603666,410862318,60405988,8828852165728,10424127521,1357794052,14509044,1,0,0,0,0,77712,1286.8025530162652,100000,768.65533,75,265471,3453,7279,100000
56,reference,10000,true,uniform,READ,111604,16895315,7272137,5676352,10119,1,0,0,0,0,140,16399,352407382,201862639,2124617414,4177615608,410862318,60405988,8828852165728,10424127521,1357794052,14509044,1,0,0,0,0,3546,28200.78962210942,100000,30.73691,18,15303,41,78,100000
56,clean-run,10000,true,uniform,READ,765823,5262027,3544674,3533713,342672,1,0,0,0,0,140,16401,352407486,201865619,2124834533,4178680211,410957013,60407289,8829468734420,10424800373,1357795115,14509741,1,0,0,0,0,14494,6899.406651028012,100000,140.56174,58,63839,190,608,100000
56,avg-run,10000,true,uniform,READ,1403948,10609935,6676112,6635106,652672,5,0,0,0,0,140,16402,352407574,201881197,2125091674,4179394740,410993593,60412027,8830077544941,10425431309,1357795166,14509741,1,0,0,0,0,18267,5474.352657798216,100000,176.54408,90,69759,213,1838,100000
57,extend,10000,true,zipfian,EXTEND,329537331,1803760072,2531556136,2527756557,217814365,5705908,217466908,0,0,0,140,16435,352448778,202315643,2130279323,4185161301,411741092,60569826,8848400861850,10445896345,1358360251,14509741,0,0,0,0,1,933457,107.1286625950633,100000,9323.53883,666,1121279,38463,66751,100000
57,run,10000,true,uniform,READ,331682343,1807427060,2535062413,2531245876,217814367,5705919,217466910,0,0,0,140,16436,352448806,202323112,2130607131,4187296443,411772942,60572190,8848415067498,10445900206,1358363906,14509741,1,0,0,0,0,138588,721.5631945045748,100000,1376.1535,75,357119,4987,9039,100000
57,reference,10000,true,uniform,READ,113925,17196675,7410291,5777839,10119,1,0,0,0,0,140,16436,352448806,202323112,2130615318,4187298829,411772942,60572190,8848415067548,10445900207,1358363906,14509741,1,0,0,0,0,4097,24408.1034903588,100000,33.44848,17,18671,45,91,100000
57,clean-run,10000,true,uniform,READ,738445,5275348,3434701,3424614,347444,1,0,0,0,0,140,16438,352448881,202337976,2130920509,4188339593,411772952,60574534,8849041796704,10446582684,1358364951,14509741,1,0,0,0,0,35817,2791.970293436078,100000,323.62837,59,257919,926,3933,100000
57,avg-run,10000,true,uniform,READ,1434751,10705550,6567289,6526280,657457,5,0,0,0,0,140,16439,352448967,202353994,2131215323,4189054259,411831468,60579517,8849664454590,10447283447,1358365006,14509741,1,0,0,0,0,17967,5565.759447876663,100000,173.24851,121,47711,202,478,100000
58,extend,10000,true,zipfian,EXTEND,337950112,1853373811,2611170300,2607303472,224684284,5806062,224332030,0,0,0,140,16474,352493955,202719673,2135150224,4194968994,412453806,60755072,8868579127501,10468385232,1358947008,14509741,0,0,0,0,1,801984,124.69076689809273,100000,8010.20207,584,786431,38655,69183,100000
58,run,10000,true,uniform,READ,340103094,1857038908,2614670375,2610790534,224684284,5806062,224332030,0,0,0,140,16474,352493961,202721935,2135231476,4197116659,412453806,60755072,8868591790319,10468388520,1358950282,14509741,1,0,0,0,0,19264,5191.029900332226,100000,185.30152,64,37663,242,715,100000
58,reference,10000,true,uniform,READ,116114,17497875,7544885,5879270,10119,1,0,0,0,0,140,16474,352493961,202721938,2135246306,4197119812,412453806,60755072,8868591790319,10468388520,1358950282,14509741,1,0,0,0,0,3918,25523.226135783563,100000,34.99753,20,26911,42,419,100000
58,clean-run,10000,true,uniform,READ,777849,5295764,3610613,3599652,352240,1,0,0,0,0,140,16476,352495741,202724939,2135476469,4198203099,412479159,60761142,8869231059449,10469085617,1358953018,14511041,1,0,0,0,0,14051,7116.931179275496,100000,136.42599,62,50975,188,422,100000
58,avg-run,10000,true,uniform,READ,1415194,10644429,6742034,6701028,662240,5,0,0,0,0,140,16477,352495833,202736742,2135743668,4198916979,412511220,60766961,8869859150937,10469716553,1358953065,14511041,1,0,0,0,0,12658,7900.142202559646,100000,122.07943,84,17983,148,263,100000
59,extend,10000,true,zipfian,EXTEND,345738968,1902946621,2690851766,2686923833,231559506,5906216,231202306,0,0,0,140,16512,352543324,203085473,2140503568,4204951061,413069835,60977894,8888913270078,10490852199,1359551795,14511041,0,0,0,0,1,781502,127.95872563345966,100000,7805.61062,640,1065983,37599,67135,100000
59,run,10000,true,uniform,READ,347900636,1906616334,2694425927,2690482701,231559506,5906216,231202306,0,0,0,140,16512,352543324,203090290,2140622695,4207107953,413069835,60977894,8888925345791,10490855947,1359554878,14511041,1,0,0,0,0,31897,3135.091074395711,100000,313.67071,74,110463,1054,3167,100000
59,reference,10000,true,uniform,READ,118303,17799075,7679479,5980701,10119,1,0,0,0,0,140,16512,352543324,203090290,2140635721,4207110438,413069835,60977894,8888925345841,10490855948,1359554878,14511041,1,0,0,0,0,3374,29638.41138114997,100000,29.30712,18,15039,40,84,100000
59,clean-run,10000,true,uniform,READ,778754,5305946,3591520,3580559,357187,1,0,0,0,0,140,16514,352543425,203093562,2140861078,4208196777,413120931,60984458,8889572552294,10491558063,1359555918,14512042,1,0,0,0,0,13850,7220.216606498195,100000,134.37143,62,36543,183,420,100000
59,avg-run,10000,true,uniform,READ,1417958,10652775,6722958,6681952,667187,5,0,0,0,0,140,16515,352543516,203106959,2141107709,4208911317,413156089,60987048,8890210237017,10492188999,1359555964,14512042,1,0,0,0,0,12806,7808.839606434484,100000,123.31437,88,18479,143,241,100000
60,extend,10000,true,zipfian,EXTEND,353323518,1952978285,2771510480,2767515591,238517295,6006392,238155087,0,0,0,140,16550,352589838,203523361,2146289765,4214998563,413834608,61181058,8909486742192,10513581448,1360158267,14512042,0,0,0,0,1,909142,109.99381834740888,100000,9081.3714,618,888831,39167,68223,100000
60,run,10000,true,uniform,READ,355523404,1956651888,2775168025,2771159559,238517297,6006403,238155089,0,0,0,140,16550,352589841,203529053,2146552643,4217175676,413938569,61181217,8909498433165,10513589478,1360161856,14512042,1,0,0,0,0,85086,1175.2814799144396,100000,845.37422,65,200191,3451,7011,100000
60,reference,10000,true,uniform,READ,120591,18100395,7816743,6082174,10119,1,0,0,0,0,140,16550,352589841,203529053,2146569024,4217187410,413938569,61181217,8909498433215,10513589479,1360161856,14512042,1,0,0,0,0,3284,30450.669914738126,100000,28.6186,18,12023,42,84,100000
60,clean-run,10000,true,uniform,READ,807468,5311239,3676960,3666862,362195,1,0,0,0,0,140,16552,352589910,203534639,2146803169,4218300554,413938573,61181570,8910155855925,10514301646,1360162882,14512627,1,0,0,0,0,15030,6653.35994677312,100000,145.49799,65,203007,195,502,100000
60,avg-run,10000,true,uniform,READ,1688696,10248602,7809551,7768531,772208,5,0,0,0,0,140,16553,352589982,203553461,2147166105,4219260965,413972452,61186725,8910818512653,10515166946,1360162933,14512627,1,0,0,0,0,30243,3306.550276096948,100000,297.90843,125,75967,1024,2141,100000
61,extend,10000,true,zipfian,EXTEND,362117372,2003345577,2853143720,2849081564,245554633,6106546,245187272,0,0,0,140,16589,352631739,203931668,2151356516,4225538388,414605289,61395046,8930376081454,10536804077,1360780448,14512986,0,0,0,0,1,838165,119.30825076208146,100000,8372.55073,659,845823,40479,69055,100000
61,run,10000,true,uniform,READ,364329557,2007011703,2856790904,2852716000,245554635,6106557,245187274,0,0,0,140,16589,352631739,203935613,2151459818,4227735959,414605289,61395046,8930387543460,10536812773,1360784160,14512986,1,0,0,0,0,27724,3606.9831193190016,100000,272.13984,74,116223,580,2193,100000
61,reference,10000,true,uniform,READ,122813,18401635,7952227,6183619,10119,1,0,0,0,0,140,16589,352631739,203935613,2151477887,4227737700,414605289,61395046,8930387543460,10536812773,1360784160,14512986,1,0,0,0,0,4556,21949.078138718174,100000,41.02642,20,25071,45,447,100000
61,clean-run,10000,true,uniform,READ,808181,5326175,3698245,3687284,367348,1,0,0,0,0,140,16591,352631870,203939474,2151714227,4228860108,414652306,61399762,8931055254086,10537535270,1360785184,14514296,1,0,0,0,0,14224,7030.37120359955,100000,138.40133,66,116863,191,378,100000
61,avg-run,10000,true,uniform,READ,1662497,10221429,7829682,7788676,777348,5,0,0,0,0,140,16592,352631946,203956134,2152038625,4229815689,414683076,61408923,8931725458859,10538366486,1360785228,14514296,1,0,0,0,0,17104,5846.585594013096,100000,166.41667,123,15895,206,291,100000
62,extend,10000,true,zipfian,EXTEND,369674008,2053901582,2935183901,2931054772,252629889,6206700,252257528,0,0,0,140,16628,352678789,204310516,2157376042,4236142721,415259020,61618051,8951427670049,10560129439,1361408028,14514296,0,0,0,0,1,788019,126.90049351601928,100000,7870.55762,632,948735,37567,64031,100000
62,run,10000,true,uniform,READ,371897478,2057572166,2938912660,2934770612,252629891,6206711,252257530,0,0,0,140,16628,352678789,204315755,2157494668,4238342636,415259020,61618051,8951441359341,10560138366,1361412242,14514296,1,0,0,0,0,33402,2993.8327046284653,100000,328.79816,64,134655,1185,3193,100000
62,reference,10000,true,uniform,READ,125002,18702835,8086821,6285050,10119,1,0,0,0,0,140,16628,352678789,204315755,2157502800,4238353271,415259020,61618051,8951441359341,10560138366,1361412242,14514296,1,0,0,0,0,3833,26089.225150013044,100000,33.5571,20,17983,43,93,100000
62,clean-run,10000,true,uniform,READ,828844,5342764,3781728,3771641,372348,1,0,0,0,0,140,16630,352678862,204320112,2157736152,4239498360,415312011,61620269,8952119597082,10560870878,1361413303,14514497,1,0,0,0,0,14505,6894.174422612892,100000,140.99269,67,58335,200,457,100000
62,avg-run,10000,true,uniform,READ,1698865,10256644,7914303,7873294,782361,5,0,0,0,0,140,16631,352678934,204334161,2158048090,4240455366,415343469,61627543,8952800412008,10561718861,1361413353,14514497,1,0,0,0,0,15868,6301.9914292916565,100000,154.39661,109,23551,190,330,100000
63,extend,10000,true,zipfian,EXTEND,378675322,2104574243,3017678561,3013479719,259738696,6306887,259361293,0,0,0,140,16667,352724115,204775775,2162327281,4246857261,416085345,61798110,8972603641876,10583577532,1362041222,14514497,0,0,0,0,1,953140,104.91638164382987,100000,9521.23623,705,765951,40895,70015,100000
63,run,10000,true,uniform,READ,380920345,2108225144,3021415459,3017201165,259738698,6306898,259361295,0,0,0,140,16668,352724122,204789135,2162615851,4249106572,416168590,61803543,8972614545774,10583583578,1362044065,14514497,1,0,0,0,0,114339,874.5922213767831,100000,1137.13795,89,190463,4515,8823,100000
63,reference,10000,true,uniform,READ,127323,19004195,8224975,6386537,10119,1,0,0,0,0,140,16668,352724125,204789440,2162615870,4249122130,416182113,61803815,8972614545938,10583583580,1362044065,14514497,1,0,0,0,0,3378,29603.315571343992,100000,29.03888,17,14807,39,89,100000
63,clean-run,10000,true,uniform,READ,836843,5352878,3803519,3793432,377390,1,0,0,0,0,140,16670,352729765,204795404,2162817512,4250276361,416182166,61803818,8973303101845,10584326221,1362045131,14585907,1,0,0,0,0,15509,6447.86897930234,100000,151.22522,67,40767,208,835,100000
63,avg-run,10000,true,uniform,READ,1717286,10284726,7936110,7895101,787403,5,0,0,0,0,140,16671,352729844,204814464,2163180923,4251231571,416214655,61810030,8973994453667,10585188390,1362045181,14585907,1,0,0,0,0,24994,4000.960230455309,100000,245.26348,128,69951,306,2127,100000
64,extend,10000,true,zipfian,EXTEND,386962841,2155793477,3101352267,3097084236,266953882,6407030,266571370,0,0,0,140,16708,352772008,205164548,2168061765,4257789731,416790037,62025548,8994134420639,10607370175,1362683393,14585907,0,0,0,0,1,777899,128.55139291861798,100000,7769.55258,644,850431,37375,65311,100000
64,run,10000,true,uniform,READ,389210872,2159455746,3105134854,3100854008,266953884,6407041,266571372,0,0,0,140,16708,352772008,205167646,2168144476,4260015496,416790037,62025548,8994148791900,10607379381,1362687947,14585907,1,0,0,0,0,22088,4527.345164795364,100000,216.20772,78,41535,336,1483,100000
64,reference,10000,true,uniform,READ,129488,19305419,8359569,6487968,10119,1,0,0,0,0,140,16708,352772008,205167646,2168155404,4260025302,416790037,62025548,8994148791900,10607379381,1362687947,14585907,1,0,0,0,0,4032,24801.5873015873,100000,35.71092,18,21311,43,457,100000
64,clean-run,10000,true,uniform,READ,864277,5364393,3902921,3891960,382499,1,0,0,0,0,140,16710,352772094,205170972,2168388069,4261211910,416825433,62028917,8994847565723,10608132288,1362688998,14586263,1,0,0,0,0,14703,6801.333061280011,100000,143.10271,66,46207,198,445,100000
64,avg-run,10000,true,uniform,READ,1716817,10261423,8034358,7993352,792499,5,0,0,0,0,140,16711,352772164,205185342,2168703055,4262163074,416855612,62033880,8995546639434,10608963504,1362689042,14586263,1,0,0,0,0,17662,5661.872947571056,100000,172.26247,123,17391,211,328,100000
65,extend,10000,true,zipfian,EXTEND,425244105,2223414251,3186092849,3181757886,274260693,6507184,273873044,0,0,0,140,16749,352818030,205542813,2173433845,4268851218,417455717,62225616,9020749351883,10674781143,1392101918,14587384,0,0,0,0,1,786100,127.21027859051011,100000,7851.39807,608,806911,37855,66303,100000
65,run,10000,true,uniform,READ,427530183,2227066370,3189991200,3185641874,274260695,6507195,273873046,0,0,0,140,16749,352818034,205547860,2173572614,4271123326,417455717,62225616,9020764830466,10674789070,1392106853,14587384,1,0,0,0,0,37920,2637.130801687764,100000,373.76746,86,125183,1381,3759,100000
65,reference,10000,true,uniform,READ,131673,19606623,8494163,6589399,10119,1,0,0,0,0,140,16749,352818034,205547860,2173586063,4271125140,417455717,62225616,9020764830516,10674789071,1392106853,14587384,1,0,0,0,0,3544,28216.70428893905,100000,30.62802,20,10295,44,93,100000
65,clean-run,10000,true,uniform,READ,852165,5375419,3851613,3840652,387636,1,0,0,0,0,140,16751,352818110,205551632,2173827013,4272303026,417498838,62227042,9021473939418,10675552273,1392107911,14588505,1,0,0,0,0,14586,6855.8892088303855,100000,142.10088,67,38399,202,432,100000
65,avg-run,10000,true,uniform,READ,1705625,10271529,7983050,7942044,797636,5,0,0,0,0,140,16752,352818180,205566038,2174156007,4273256466,417528195,62231968,9022182609415,10676383490,1392107955,14588505,1,0,0,0,0,17680,5656.108597285068,100000,172.19233,125,19407,212,325,100000
66,extend,10000,true,zipfian,EXTEND,434690762,2275112490,3271191071,3266784997,281589041,6607371,281196216,0,0,0,140,16790,352861949,206017287,2178752645,4280074347,418268619,62441703,9042738976195,10698895680,1392768900,14588676,0,0,0,0,1,983270,101.70146551811811,100000,9822.85013,650,827903,42271,72959,100000
66,run,10000,true,uniform,READ,436985232,2278765660,3275111145,3270690817,281589043,6607382,281196218,0,0,0,140,16791,352861952,206024072,2179318741,4282354714,418351965,62448946,9042750696469,10698903671,1392772476,14588676,1,0,0,0,0,171997,581.405489630633,100000,1713.25894,88,508159,5463,12151,100000
66,reference,10000,true,uniform,READ,134027,19908023,8633207,6690900,10119,1,0,0,0,0,140,16791,352861955,206024073,2179321954,4282357236,418351965,62448946,9042750696469,10698903671,1392772476,14588676,1,0,0,0,0,3778,26469.031233456855,100000,33.04045,20,12423,45,94,100000
66,clean-run,10000,true,uniform,READ,877500,5390787,3940984,3930023,392812,1,0,0,0,0,140,16793,352862029,206028847,2179592943,4283561396,418355789,62453220,9043470340793,10699677280,1392773567,14590503,1,0,0,0,0,15654,6388.143605468251,100000,152.42603,68,36383,210,766,100000
66,avg-run,10000,true,uniform,READ,1731392,10286468,8072422,8031416,802812,5,0,0,0,0,140,16794,352862105,206049723,2179952802,4284516856,418387217,62461513,9044188598672,10700508498,1392773611,14590503,1,0,0,0,0,25919,3858.1735406458583,100000,255.1705,110,94143,204,2041,100000
67,extend,10000,true,zipfian,EXTEND,442811906,2327762558,3357988353,3353513449,289069305,6707525,288671383,0,0,0,140,16833,352907527,206420651,2185377960,4291398976,419006958,62670089,9065188971531,10723493695,1393448035,14590503,0,0,0,0,1,813757,122.88680773252949,100000,8128.31257,645,778239,36127,63167,100000
67,run,10000,true,uniform,READ,445121899,2331415163,3361978011,3357490058,289069307,6707536,288671385,0,0,0,140,16833,352907527,206424693,2185465064,4293694248,419006958,62670089,9065206045341,10723503228,1393453387,14590503,1,0,0,0,0,26415,3785.727806170736,100000,259.14301,70,40255,688,2469,100000
67,reference,10000,true,uniform,READ,136225,20209287,8768691,6792345,10119,1,0,0,0,0,140,16833,352907527,206424693,2185477337,4293696073,419006958,62670089,9065206045341,10723503228,1393453387,14590503,1,0,0,0,0,4547,21992.522542335606,100000,41.18153,18,93695,40,273,100000
67,clean-run,10000,true,uniform,READ,897314,5404208,4007438,3996477,397909,8,0,0,0,0,140,16835,352907604,206428417,2185717980,4294924366,419042443,62670234,9065935830375,10724287070,1393454457,14590589,1,0,0,0,0,14887,6717.270101430779,100000,144.62883,70,34879,200,466,100000
67,avg-run,10000,true,uniform,READ,1750387,10300705,8138875,8097869,807909,12,0,0,0,0,140,16836,352907667,206443671,2186031763,4295874300,419071721,62677811,9066663685066,10725118286,1393454501,14590589,1,0,0,0,0,15987,6255.082254331644,100000,155.2995,113,17327,188,287,100000
68,extend,10000,true,zipfian,EXTEND,452467756,2380044360,3444448988,3439906051,296512572,6807690,296109581,0,0,0,140,16874,352953089,206815697,2190082210,4302850483,419683389,62864405,9087580131900,10747983599,1394128957,14590589,0,0,0,0,1,817026,122.39512573651267,100000,8160.43874,659,998399,40095,67391,100000
68,run,10000,true,uniform,READ,454798675,2383682464,3448522666,3443961713,296512572,6807690,296109581,0,0,0,140,16874,352953089,206820024,2190184890,4305172594,419700145,62870792,9087591203786,10747987040,1394131774,14590589,1,0,0,0,0,32663,3061.5681351988487,100000,321.4392,73,180735,1222,3149,100000
68,reference,10000,true,uniform,READ,138410,20510491,8903285,6893776,10119,1,0,0,0,0,140,16874,352953089,206820024,2190201254,4305178235,419700145,62870792,9087591203836,10747987041,1394131774,14590589,1,0,0,0,0,3409,29334.11557641537,100000,29.76159,18,11487,43,89,100000
68,clean-run,10000,true,uniform,READ,914360,5415985,4056746,4046659,402978,1,0,0,0,0,140,16876,352953146,206825243,2190453222,4306427791,419700154,62872045,9088330940020,10748781045,1394132793,14590749,1,0,0,0,0,15186,6585.0125115237715,100000,147.61809,71,45759,211,474,100000
68,avg-run,10000,true,uniform,READ,1788235,10339828,8189338,8148329,812991,5,0,0,0,0,140,16877,352953209,206839732,2190769641,4307384809,419730123,62878487,9089069911389,10749635926,1394132843,14590749,1,0,0,0,0,15953,6268.413464552122,100000,154.86025,112,20239,185,273,100000
69,extend,10000,true,zipfian,EXTEND,461231945,2432395644,3531308358,3526692565,303983532,6907866,303575428,0,0,0,140,16917,352994812,207280125,2196582796,4314510439,420464082,63110033,9110193010169,10772586308,1394825764,14590785,0,0,0,0,1,972235,102.85579103817493,100000,9712.43251,649,801791,40479,72447,100000
69,run,10000,true,uniform,READ,463586749,2436042086,3535468521,3530832212,303983534,6907877,303575430,0,0,0,140,16917,352994820,207286459,2196859966,4316843988,420464082,63110033,9110210051818,10772595798,1394831197,14590785,1,0,0,0,0,83390,1199.184554502938,100000,827.81547,78,138111,3637,7263,100000
69,reference,10000,true,uniform,READ,140731,20811851,9041439,6995263,10119,1,0,0,0,0,140,16917,352994820,207286459,2196875446,4316853220,420464082,63110033,9110210051818,10772595798,1394831197,14590785,1,0,0,0,0,3922,25497.195308516064,100000,34.79464,18,12399,45,88,100000
69,clean-run,10000,true,uniform,READ,920626,5424427,4071068,4060107,408091,1,0,0,0,0,140,16919,352994907,207290592,2197130345,4318109493,420554794,63112275,9110960441806,10773400074,1394832267,14592345,1,0,0,0,0,15701,6369.021081459779,100000,152.59224,65,38367,225,567,100000
69,avg-run,10000,true,uniform,READ,1777030,10317596,8202506,8161500,818091,5,0,0,0,0,140,16920,352994985,207305583,2197471678,4319063652,420582581,63117918,9111707588318,10774231291,1394832310,14592345,1,0,0,0,0,19909,5022.853985634638,100000,194.50698,111,72127,199,1789,100000
70,extend,10000,true,zipfian,EXTEND,470684989,2485854875,3620305093,3615614246,311642093,7008031,311229021,0,0,0,140,16960,353044482,207686844,2202434317,4326294271,421206882,63348893,9133313048608,10797750202,1395533845,14592345,0,0,0,0,1,845057,118.33521289096475,100000,8440.65821,671,771071,40095,67903,100000
70,run,10000,true,uniform,READ,473071990,2489491913,3624518644,3619814799,311642095,7008042,311229023,0,0,0,140,16960,353044482,207690657,2202539593,4328667115,421206882,63348893,9133327499553,10797759266,1395538627,14592345,1,0,0,0,0,29122,3433.8300940869444,100000,286.01431,84,65151,744,2381,100000
70,reference,10000,true,uniform,READ,142953,21113091,9176923,7096708,10119,1,0,0,0,0,140,16960,353044482,207690657,2202555462,4328668968,421206882,63348893,9133327499553,10797759266,1395538627,14592345,1,0,0,0,0,4209,23758.61249703017,100000,37.86958,20,25759,44,216,100000
70,clean-run,10000,true,uniform,READ,941012,5436776,4157100,4146139,413059,1,0,0,0,0,140,16962,353044561,207694618,2202808450,4329945618,421246125,63354731,9134088282177,10798573523,1395539713,14592850,1,0,0,0,0,15324,6525.711302531976,100000,149.1467,69,68799,217,504,100000
70,avg-run,10000,true,uniform,READ,1797422,10329939,8288538,8247532,823059,5,0,0,0,0,140,16963,353044637,207708788,2203134847,4330908328,421273186,63359203,9134845007781,10799404739,1395539750,14592850,1,0,0,0,0,16291,6138.358602909582,100000,158.22371,113,21055,189,289,100000
71,extend,10000,true,zipfian,EXTEND,480232338,2539156018,3709262044,3704502336,319291021,7108207,318872924,0,0,0,140,17003,353088003,208103013,2208071795,4338235278,421913295,63576400,9156490497785,10822888223,1396250231,14592850,0,0,0,0,1,866812,115.36526951634265,100000,8658.12346,623,857087,40319,68223,100000
71,run,10000,true,uniform,READ,482609541,2542790070,3713481957,3708705400,319291023,7108218,318872926,0,0,0,140,17003,353088005,208109608,2208230251,4340596419,421933854,63584979,9156503008791,10822891939,1396253283,14592850,1,0,0,0,0,50058,1997.682688081825,100000,495.31299,83,227711,1934,4871,100000
71,reference,10000,true,uniform,READ,145175,21414331,9312407,7198153,10119,1,0,0,0,0,140,17003,353088005,208109608,2208246613,4340604656,421933854,63584979,9156503008791,10822891939,1396253283,14592850,1,0,0,0,0,3839,26048.450117218024,100000,34.12244,20,11399,46,94,100000
71,clean-run,10000,true,uniform,READ,951213,5455023,4193785,4183698,418084,1,0,0,0,0,140,17005,353088085,208116505,2208526447,4341898877,421933865,63591056,9157273764216,10823716294,1396254321,14595323,1,0,0,0,0,15427,6482.141699617554,100000,150.5175,74,47231,214,463,100000
71,avg-run,10000,true,uniform,READ,1833276,10388638,8326377,8285368,828097,5,0,0,0,0,140,17006,353088157,208131686,2208844491,4342855801,421964820,63596894,9158042027326,10824580156,1396254357,14595323,1,0,0,0,0,16411,6093.473889464383,100000,159.58878,119,19055,197,297,100000
72,extend,10000,true,zipfian,EXTEND,489208985,2593106119,3799537105,3794706876,327058136,7208405,326635058,0,0,0,140,17047,353136939,208600390,2214762439,4350324860,422752793,63807773,9180062812778,10848443689,1396980832,14595323,0,0,0,0,1,1015536,98.47016747806084,100000,10145.49588,674,922623,39999,70335,100000
72,run,10000,true,uniform,READ,491598716,2596732192,3803767999,3798922164,327058138,7208416,326635060,0,0,0,140,17047,353136939,208606592,2215029661,4352704921,422752793,63807773,9180077229547,10848447486,1396984399,14595323,1,0,0,0,0,91099,1097.7068903061504,100000,905.21381,89,127743,3859,7519,100000
72,reference,10000,true,uniform,READ,147529,21715731,9451451,7299654,10119,1,0,0,0,0,140,17047,353136939,208606594,2215035428,4352707488,422752793,63807773,9180077229547,10848447486,1396984399,14595323,1,0,0,0,0,3736,26766.59528907923,100000,32.92805,20,16543,44,93,100000
72,clean-run,10000,true,uniform,READ,988201,5460136,4315590,4305503,423065,1,0,0,0,0,140,17049,353137015,208613158,2215304715,4354041520,422856057,63807838,9180858606390,10849281851,1396985489,14595797,1,0,0,0,0,16409,6094.216588457553,100000,160.1282,72,36127,218,677,100000
72,avg-run,10000,true,uniform,READ,1872778,10395458,8448182,8407173,833078,5,0,0,0,0,140,17050,353137083,208632918,2215656877,4354998715,422885772,63813765,9181636610636,10850147821,1396985524,14595797,1,0,0,0,0,25697,3891.504844923532,100000,252.37282,118,69887,230,1766,100000
73,extend,10000,true,zipfian,EXTEND,499558017,2646985005,3890019840,3885123748,334842111,7308570,334414087,0,0,0,140,17091,353179057,209023280,2219990838,4362612267,423537770,64022669,9203754282097,10874030479,1397717780,14596092,0,0,0,0,1,855795,116.85041394259139,100000,8548.07825,660,857087,41791,69119,100000
73,run,10000,true,uniform,READ,501965085,2650620033,3894306644,3889397339,334842113,7308581,334414089,0,0,0,140,17091,353179057,209027531,2220114170,4365004884,423537770,64022669,9203767247689,10874038720,1397721666,14596092,1,0,0,0,0,34791,2874.3065735391338,100000,342.67092,79,100031,844,3047,100000
73,reference,10000,true,uniform,READ,149751,22016971,9586935,7401099,10119,1,0,0,0,0,140,17091,353179057,209027533,2220131471,4365006725,423537770,64022669,9203767247689,10874038720,1397721666,14596092,1,0,0,0,0,4295,23282.88707799767,100000,38.25568,20,22815,42,207,100000
73,clean-run,10000,true,uniform,READ,995820,5470293,4334559,4323598,428011,1,0,0,0,0,140,17093,353179135,209031700,2220403587,4366350854,423590645,64029476,9204558625030,10874883032,1397722715,14598081,1,0,0,0,0,15758,6345.982992765579,100000,153.34559,74,36895,215,480,100000
73,avg-run,10000,true,uniform,READ,1849156,10366530,8465997,8424991,838011,5,0,0,0,0,140,17094,353179226,209048359,2220718537,4367306152,423635251,64044160,9205344229007,10875714252,1397722739,14598081,1,0,0,0,0,14549,6873.324627122139,100000,140.9298,100,19343,166,292,100000
74,extend,10000,true,zipfian,EXTEND,508395404,2701436919,3981564967,3976599791,342717370,7408746,342284449,0,0,0,140,17135,353224316,209450192,2226777598,4374975870,424240065,64279337,9227722750120,10899895435,1398463450,14598081,0,0,0,0,1,883907,113.13407405982755,100000,8829.13897,603,860159,38815,65663,100000
74,run,10000,true,uniform,READ,510806302,2705067439,3985917067,3980936001,342717372,7408757,342284451,0,0,0,140,17135,353224317,209456595,2226919960,4377367691,424258217,64284766,9227736420891,10899899366,1398466668,14598081,1,0,0,0,0,47500,2105.2631578947367,100000,469.68106,85,116991,2177,5071,100000
74,reference,10000,true,uniform,READ,151978,22318279,9723309,7502558,10119,1,0,0,0,0,140,17135,353224317,209456595,2226936321,4377379889,424258217,64284766,9227736420941,10899899367,1398466668,14598081,1,0,0,0,0,4009,24943.87627837366,100000,35.31358,20,11263,46,87,100000
74,clean-run,10000,true,uniform,READ,993582,5492772,4360138,4349177,432908,1,0,0,0,0,140,17137,353224472,209460846,2227212867,4378723816,424258222,64289508,9228538115503,10900753513,1398467725,14598499,1,0,0,0,0,16248,6154.603643525357,100000,158.37793,67,98623,218,546,100000
74,avg-run,10000,true,uniform,READ,1848421,10387506,8491576,8450570,842908,5,0,0,0,0,140,17138,353224565,209477732,2227521584,4379680672,424301927,64304434,9229333318801,10901584732,1398467750,14598499,1,0,0,0,0,14484,6904.1701187517265,100000,140.40008,102,43615,170,277,100000
75,extend,10000,true,zipfian,EXTEND,518844862,2756210144,4074005329,4068971550,350667563,7508944,350229880,0,0,0,140,17180,353274396,209956574,2232360490,4387479436,425076573,64503312,9251954899609,10925979574,1399218857,14598499,0,0,0,0,1,1031171,96.97712600528914,100000,10302.17234,621,811007,43551,71807,100000
75,run,10000,true,uniform,READ,521277227,2759838364,4078371589,4073322618,350667565,7508955,350229882,0,0,0,140,17180,353274396,209963074,2232841797,4389897579,425076573,64503312,9251969465449,10925987249,1399223263,14598499,1,0,0,0,0,181583,550.7123464200944,100000,1809.03848,88,262015,5807,11335,100000
75,reference,10000,true,uniform,READ,154370,22619787,9864133,7604087,10119,1,0,0,0,0,140,17180,353274396,209963074,2232853390,4389900440,425076573,64503312,9251969465499,10925987250,1399223263,14598499,1,0,0,0,0,3649,27404.768429706768,100000,31.93736,18,13623,40,76,100000
75,clean-run,10000,true,uniform,READ,1021570,5497819,4425470,4414509,437670,1,0,0,0,0,140,17182,353274468,209967532,2233131885,4391275499,425269802,64506392,9252781381908,10926850964,1399224315,14598504,1,0,0,0,0,24898,4016.3868583821995,100000,244.60313,73,416255,270,1593,100000
75,avg-run,10000,true,uniform,READ,1875076,10393950,8556958,8515952,847670,5,0,0,0,0,140,17183,353274560,209987853,2233488826,4392231170,425321409,64522902,9253586188246,10927682183,1399224340,14598504,1,0,0,0,0,20050,4987.5311720698255,100000,196.02322,117,87871,195,423,100000
76,extend,10000,true,zipfian,EXTEND,528733855,2811024641,4166652290,4161542604,358634103,7609175,358191641,0,0,0,140,17226,353319867,210543710,2240153537,4400184562,426222134,64754856,9276400784281,10952131668,1399994877,14598633,0,0,0,0,1,1208684,82.73461053509436,100000,12076.95846,699,910335,44287,90943,100000
76,run,10000,true,uniform,READ,531180578,2814642762,4171074352,4165947996,358634105,7609186,358191643,0,0,0,140,17226,353319867,210551057,2240675248,4402621309,426222134,64754856,9276413867812,10952135370,1399998113,14598633,1,0,0,0,0,149812,667.5032707660267,100000,1488.71206,81,209535,6075,10527,100000
76,reference,10000,true,uniform,READ,156856,22921347,10006737,7705644,10119,1,0,0,0,0,140,17226,353319867,210551057,2240691379,4402623894,426222134,64754856,9276413867862,10952135371,1399998113,14598633,1,0,0,0,0,3716,26910.656620021527,100000,29.5745,20,17615,42,83,100000
76,clean-run,10000,true,uniform,READ,1024479,5513197,4452581,4441620,442449,1,0,0,0,0,140,17228,353319937,210568279,2241188947,4404004886,426397159,64763669,9277235888491,10953008715,1399999142,14602602,1,0,0,0,0,79835,1252.583453372581,100000,790.68898,72,198911,4419,7595,100000
76,avg-run,10000,true,uniform,READ,1928690,10472159,8585169,8543286,852462,5,0,0,0,0,140,17230,353320702,210589689,2241532565,4404962208,426510215,64775953,9278053994061,10953896327,1399999247,14602602,1,0,0,0,0,18676,5354.465624330692,100000,182.04213,117,24575,200,1038,100000
77,extend,10000,true,zipfian,EXTEND,539777706,2866744373,4261287416,4256104477,366776691,7709395,366329400,0,0,0,140,17273,353367666,211145505,2246938676,4413147328,427435646,65000436,9301374393621,10978875969,1400786212,14602631,0,0,0,0,1,1203534,83.08863729649515,100000,12024.91316,655,961535,45439,86911,100000
77,run,10000,true,uniform,READ,542254837,2870371312,4265817917,4260619193,366776693,7709406,366329402,0,0,0,141,17273,353367672,211155401,2247901237,4415612821,427709278,65004758,9301388484011,10978883632,1400790346,14602631,1,0,0,0,0,297138,336.54396273785244,100000,2961.17526,94,454399,8607,23663,100000
77,reference,10000,true,uniform,READ,159474,23223067,10152901,7807257,10119,1,0,0,0,0,141,17273,353367672,211155402,2247917617,4415614643,427709278,65004758,9301388484061,10978883633,1400790346,14602631,1,0,0,0,0,4183,23906.28735357399,100000,34.31602,20,17759,45,87,100000
77,clean-run,10000,true,uniform,READ,1031245,5516285,4435352,4424391,447278,1,0,0,0,0,141,17275,353367752,211168725,2248336908,4417005611,427709288,65005633,9302220753811,10979766698,1400791373,14604365,1,0,0,0,0,56319,1775.5997088016477,100000,546.03025,77,126015,3731,6575,100000
77,avg-run,10000,true,uniform,READ,1899391,10431257,8567944,8526061,857291,5,0,0,0,0,141,17277,353368829,211185569,2248669979,4417956562,427800578,65015465,9303046079373,10980614281,1400791477,14604365,1,0,0,0,0,17300,5780.346820809248,100000,167.02271,122,21871,200,293,100000
78,extend,10000,true,zipfian,EXTEND,550819963,2921763665,4354924439,4349669803,374818449,7809560,374366455,0,0,0,141,17319,353412806,211591255,2253135504,4426128059,428463561,65225585,9326089768595,11005286697,1401568424,14604365,0,0,0,0,1,882998,113.25053963882138,100000,8819.98629,622,823295,43263,70271,100000
78,run,10000,true,uniform,READ,553301460,2925379481,4359436827,4354161996,374818451,7809571,374366457,0,0,0,141,17319,353412806,211593815,2253217548,4428584056,428463561,65225585,9326105748168,11005296561,1401573782,14604365,1,0,0,0,0,23040,4340.277777777777,100000,225.82413,78,42815,335,1164,100000
78,reference,10000,true,uniform,READ,161762,23524387,10290165,7908730,10119,1,0,0,0,0,141,17319,353412806,211593815,2253227747,4428595913,428463561,65225585,9326105748168,11005296561,1401573782,14604365,1,0,0,0,0,3975,25157.232704402515,100000,35.46994,20,21551,44,274,100000
78,clean-run,10000,true,uniform,READ,1045196,5524269,4465734,4455647,451981,1,0,0,0,0,141,17321,353412907,211599954,2253514665,4430003371,428495603,65230074,9326948352338,11006189078,1401574819,14604966,1,0,0,0,0,16224,6163.70808678501,100000,158.23858,78,34271,229,494,100000
78,avg-run,10000,true,uniform,READ,1927731,10454782,8598326,8557317,861994,5,0,0,0,0,141,17323,353413794,211618133,2253832188,4430960471,428539406,65240161,9327784157698,11007051623,1401574923,14604966,1,0,0,0,0,17148,5831.583858175881,100000,167.33776,125,16975,196,336,100000
79,extend,10000,true,zipfian,EXTEND,561229147,2977328109,4449669321,4444339205,382961815,7909736,382505079,0,0,0,141,17366,353458604,212024338,2259260130,4439253251,429193116,65479803,9351166423098,11032019115,1402367093,14605303,0,0,0,0,1,899678,111.1508784253922,100000,8986.80049,659,795647,42207,69631,100000
79,run,10000,true,uniform,READ,563735885,2980952673,4454303961,4448960405,382961817,7909747,382505081,0,0,0,141,17366,353458604,212029236,2259392364,4441738904,429193116,65479803,9351183118723,11032028025,1402372074,14605303,1,0,0,0,0,34989,2858.0410986309985,100000,344.77685,86,112831,1107,2819,100000
79,reference,10000,true,uniform,READ,164017,23825667,10426539,8010189,10119,1,0,0,0,0,141,17366,353458604,212029237,2259407885,4441747438,429193116,65479803,9351183118723,11032028025,1402372074,14605303,1,0,0,0,0,3854,25947.067981318112,100000,34.2229,20,11519,45,88,100000
79,clean-run,10000,true,uniform,READ,1087344,5529600,4609875,4598914,456723,1,0,0,0,0,141,17368,353458690,212034209,2259695971,4443198936,429238741,65487171,9352036051321,11032930111,1402373125,14607538,1,0,0,0,0,17611,5678.269263528477,100000,171.7754,72,43775,241,670,100000
79,avg-run,10000,true,uniform,READ,1942232,10424358,8741363,8700357,866723,5,0,0,0,0,141,17370,353459871,212054751,2260024072,4444154962,429284366,65498851,9352879675636,11033761329,1402373223,14607538,1,0,0,0,0,17724,5642.067253441661,100000,172.63453,123,21855,199,375,100000
80,extend,10000,true,zipfian,EXTEND,571169581,3033614534,4546046127,4540645372,391242647,8009923,390781188,0,0,0,141,17413,353503904,212509223,2265926570,4452634482,430032892,65693946,9376685944457,11059145975,1403181638,14607538,0,0,0,0,1,979671,102.07508439057602,100000,9786.58506,680,1064959,41759,68159,100000
80,run,10000,true,uniform,READ,573649849,3037227595,4550580674,4545164172,391242649,8009934,390781190,0,0,0,141,17413,353503904,212515215,2266121301,4455104627,430032892,65693946,9376699492471,11059149716,1403184937,14607538,1,0,0,0,0,71273,1403.0558556536137,100000,706.81763,89,163967,3171,6031,100000
80,reference,10000,true,uniform,READ,166338,24127027,10564693,8111676,10119,1,0,0,0,0,141,17413,353503904,212515215,2266134187,4455107258,430032892,65693946,9376699492471,11059149716,1403184937,14607538,1,0,0,0,0,3742,26723.67717797969,100000,32.7416,20,14383,45,84,100000
80,clean-run,10000,true,uniform,READ,1072651,5542237,4540573,4529532,461446,25,0,0,0,0,141,17415,353503973,212519868,2266419853,4456546761,430123853,65696519,9377562688839,11060061337,1403185992,14607641,1,0,0,0,0,17688,5653.550429669833,100000,171.271,74,115327,241,685,100000
80,avg-run,10000,true,uniform,READ,1925699,10438759,8672010,8630924,871446,29,0,0,0,0,141,17417,353504771,212540681,2266746286,4457501880,430169988,65707214,9378415906419,11060892557,1403186089,14607641,1,0,0,0,0,18330,5455.537370430988,100000,178.76953,126,39807,201,458,100000
81,extend,10000,true,zipfian,EXTEND,582677754,3090138563,4642987494,4637515791,399582638,8110143,399116554,0,0,0,141,17461,353548189,213080831,2271803277,4466122522,431072297,65907914,9402460497713,11086460468,1404009499,14607791,0,0,0,0,1,1158766,86.29870051416766,100000,11576.22395,716,838655,46047,80383,100000
81,run,10000,true,uniform,READ,585196773,3093744602,4647671024,4642181812,399582638,8110143,399116554,0,0,0,141,17461,353548192,213088613,2272471031,4468633385,431276391,65908427,9402473655376,11086464175,1404012761,14607791,1,0,0,0,0,204921,487.99293386231767,100000,2039.48796,91,209535,6775,14847,100000
81,reference,10000,true,uniform,READ,168824,24428587,10707297,8213233,10119,1,0,0,0,0,141,17461,353548192,213088613,2272487416,4468639270,431276391,65908427,9402473655376,11086464175,1404012761,14607791,1,0,0,0,0,4132,24201.35527589545,100000,33.66619,20,18927,44,85,100000
81,clean-run,10000,true,uniform,READ,1096700,5555221,4643112,4633025,466071,1,0,0,0,0,141,17463,353548277,213096256,2272804026,4470105904,431276402,65913557,9403347842539,11087385058,1404013921,14609039,1,0,0,0,0,19632,5093.724531377343,100000,192.21578,75,92479,286,1313,100000
81,avg-run,10000,true,uniform,READ,2072167,11816344,9775687,9734678,976084,5,0,0,0,0,141,17465,353550091,213116797,2273166382,4471148746,431321782,65927263,9404226538459,11088459148,1404014030,14609039,1,0,0,0,0,19801,5050.249987374375,100000,192.05218,131,30911,213,537,100000
82,extend,10000,true,zipfian,EXTEND,640256404,3172135438,4741451403,4735904389,408046739,8210374,407576078,0,0,0,141,17510,353597763,213708076,2279926590,4479781150,432308458,66191188,9436024592961,11181378825,1449240653,14609085,0,0,0,0,1,1291495,77.42964548836814,100000,12904.81955,753,748031,47647,96767,100000
82,run,10000,true,uniform,READ,642810371,3175740671,4746194736,4740632740,408046741,8210385,407576080,0,0,0,141,17510,353597967,213720552,2280287179,4482351937,432308458,66191188,9436040733052,11181386551,1449245355,14609085,1,0,0,0,0,123138,812.0969968653056,100000,1222.4778,87,149375,5975,9799,100000
82,reference,10000,true,uniform,READ,171343,24730187,10850791,8314804,10119,1,0,0,0,0,141,17510,353597967,213720552,2280303765,4482353759,432308458,66191188,9436040733052,11181386551,1449245355,14609085,1,0,0,0,0,4014,24912.805181863478,100000,33.13765,18,31343,41,225,100000
82,clean-run,10000,true,uniform,READ,1166265,5553661,4884372,4873411,470648,1,0,0,0,0,141,17512,353598056,213725555,2280609158,4483892676,432443459,66196308,9436924754406,11182316667,1449246465,14610497,1,0,0,0,0,18007,5553.395901593824,100000,175.75431,77,47423,236,536,100000
82,avg-run,10000,true,uniform,READ,2224683,11637605,10015860,9974854,980648,5,0,0,0,0,141,17514,353599798,213745423,2280970122,4485054559,432485777,66209027,9437810468714,11183348157,1449246560,14610497,1,0,0,0,0,18776,5325.948018747337,100000,183.05992,131,17887,213,307,100000
83,extend,10000,true,zipfian,EXTEND,651013229,3229530105,4840390830,4834772521,416549287,8310550,416074068,0,0,0,141,17559,353644076,214147130,2286778725,4493867871,433117084,66484358,9462374991215,11209405781,1450089137,14610497,0,0,0,0,1,894639,111.77692901829677,100000,8936.29989,659,931327,42655,69631,100000
83,run,10000,true,uniform,READ,653547464,3233131434,4845119929,4839483709,416549287,8310550,416074068,0,0,0,141,17559,353644076,214150630,2286874425,4496391383,433117084,66484358,9462391670063,11209409848,1450093052,14610497,1,0,0,0,0,26977,3706.861400452237,100000,264.80088,88,64415,498,1794,100000
83,reference,10000,true,uniform,READ,173598,25031467,10987165,8416263,10119,1,0,0,0,0,141,17559,353644076,214150630,2286887059,4496399404,433117084,66484358,9462391670063,11209409848,1450093052,14610497,1,0,0,0,0,3534,28296.54782116582,100000,30.73272,20,14927,43,88,100000
83,clean-run,10000,true,uniform,READ,1129197,5567735,4733615,4722654,475206,1,0,0,0,0,141,17561,353644152,214155416,2287180504,4497903035,433151246,66488088,9463285668328,11210349126,1450094145,14611282,1,0,0,0,0,17578,5688.929343497553,100000,171.73511,83,36863,250,570,100000
83,avg-run,10000,true,uniform,READ,2238961,11591969,9865103,9824097,985206,5,0,0,0,0,141,17563,353645983,214175385,2287542486,4499117249,433194902,66500964,9464180873678,11211380618,1450094231,14611282,1,0,0,0,0,19994,5001.50045013504,100000,195.15237,145,17519,226,327,100000
84,extend,10000,true,zipfian,EXTEND,662829416,3286855088,4939346489,4933653322,425053518,8410748,424573750,0,0,0,141,17608,353689480,214693953,2292748428,4507971514,434058778,66719231,9488787030004,11237433555,1450942363,14611282,0,0,0,0,1,1115644,89.63432779632213,100000,11146.05228,668,924159,45887,79231,100000
84,run,10000,true,uniform,READ,665421043,3290455397,4944211476,4938502084,425053520,8410759,424573752,0,0,0,141,17609,353689486,214710343,2293484211,4510581747,434193598,66722944,9488802284805,11237441179,1450946709,14611289,1,0,0,0,0,264508,378.06039892933296,100000,2637.49392,111,281343,7559,15439,100000
84,reference,10000,true,uniform,READ,176093,25333091,11130659,8517834,10119,1,0,0,0,0,141,17609,353689486,214710343,2293492407,4510584200,434193598,66722944,9488802284855,11237441180,1450946709,14611289,1,0,0,0,0,3414,29291.154071470417,100000,29.63127,18,11391,42,92,100000
84,clean-run,10000,true,uniform,READ,1146879,5569860,4776793,4765832,479755,1,0,0,0,0,141,17611,353689560,214717006,2293872714,4512108802,434193651,66728231,9489706278675,11238389617,1450947797,14612765,1,0,0,0,0,32021,3122.950563692577,100000,315.56079,80,146815,766,4607,100000
84,avg-run,10000,true,uniform,READ,2300286,11634037,9909325,9867442,989768,5,0,0,0,0,141,17613,353692442,214732786,2294246463,4513321190,434251414,66742635,9490613819472,11239465019,1450947919,14612765,1,0,0,0,0,19211,5205.351100931758,100000,187.22795,131,17359,224,328,100000
85,extend,10000,true,zipfian,EXTEND,673541194,3343335714,5037241209,5031474610,433448202,8510935,432963862,0,0,0,141,17658,353734638,215171886,2300507640,4522279647,434959588,67005659,9515028475571,11265087050,1451802658,14612765,0,0,0,0,1,969927,103.1005426181558,100000,9688.5109,690,830975,43263,71743,100000
85,run,10000,true,uniform,READ,676101171,3346953669,5042081306,5036299269,433448204,8510946,432963864,0,0,0,141,17658,353734654,215177935,2300748200,4524821801,434959588,67005659,9515045618992,11265094253,1451807338,14612765,1,0,0,0,0,73985,1351.625329458674,100000,733.90555,83,128127,3023,5819,100000
85,reference,10000,true,uniform,READ,178410,25634455,11268813,8619321,10119,1,0,0,0,0,141,17658,353734654,215177935,2300763069,4524827803,434959588,67005659,9515045618992,11265094253,1451807338,14612765,1,0,0,0,0,3936,25406.50406504065,100000,34.96619,19,12775,43,111,100000
85,clean-run,10000,true,uniform,READ,1152222,5583987,4811306,4800345,484327,1,0,0,0,0,141,17660,353734726,215183314,2301076283,4526358788,435042751,67009005,9515959762533,11266051918,1451808441,14616487,1,0,0,0,0,21702,4607.870242373975,100000,212.32523,82,114943,336,1680,100000
85,avg-run,10000,true,uniform,READ,2292361,11565275,9942794,9901788,994327,5,0,0,0,0,141,17662,353737283,215202599,2301442834,4527607809,435090229,67021193,9516873739377,11267083410,1451808512,14616487,1,0,0,0,0,19678,5081.817257851408,100000,192.02471,138,21663,223,312,100000
86,extend,10000,true,zipfian,EXTEND,685641486,3400093663,5135819814,5129978816,441907125,8611144,441418299,0,0,0,141,17707,353782123,215708344,2306298796,4536755328,435953359,67220765,9541515190685,11292986712,1452673540,14616737,0,0,0,0,1,1084826,92.18068151021454,100000,10837.46611,716,781823,46463,75071,100000
86,run,10000,true,uniform,READ,688196005,3403697325,5140601800,5134743854,441907127,8611155,441418301,0,0,0,141,17708,353782128,215715529,2306638251,4539299894,435958775,67224011,9541529121485,11292990484,1452676944,14616737,1,0,0,0,0,104625,955.7945041816009,100000,1037.19704,95,519679,5067,8871,100000
86,reference,10000,true,uniform,READ,180797,25935895,11408747,8720836,10119,1,0,0,0,0,141,17708,353782128,215715529,2306654633,4539302399,435958775,67224011,9541529121485,11292990484,1452676944,14616737,1,0,0,0,0,3508,28506.271379703536,100000,30.02132,18,24831,43,96,100000
86,clean-run,10000,true,uniform,READ,1195333,5579746,4912220,4902133,488813,1,0,0,0,0,141,17710,353782202,215723465,2306975996,4540874259,435958786,67225535,9542453527478,11293957167,1452678078,14618533,1,0,0,0,0,18542,5393.16147125445,100000,178.5913,80,46591,256,603,100000
86,avg-run,10000,true,uniform,READ,2380755,11588547,10044812,10003803,998826,5,0,0,0,0,141,17712,353784433,215741245,2307320873,4542139292,436004403,67236592,9543379492332,11295030877,1452678150,14618533,1,0,0,0,0,17046,5866.478939340608,100000,165.94782,114,24943,190,285,100000
87,extend,10000,true,zipfian,EXTEND,696321412,3458163437,5236734400,5230824896,450584016,8711320,450090661,0,0,0,141,17758,353827890,216143690,2313161875,4551424095,436663559,67455636,9568594906616,11321632754,1453555345,14618533,0,0,0,0,1,878154,113.87524283895536,100000,8770.93737,708,834047,41823,68159,100000
87,run,10000,true,uniform,READ,698900814,3461763216,5241640278,5235716040,450584016,8711320,450090661,0,0,0,141,17758,353827890,216147694,2313238537,4553994671,436663559,67455636,9568611084833,11321636826,1453559140,14618533,1,0,0,0,0,29754,3360.89265308866,100000,292.25068,96,106175,633,2257,100000
87,reference,10000,true,uniform,READ,183052,26237175,11545121,8822295,10119,1,0,0,0,0,141,17758,353827890,216147696,2313251501,4554000891,436663559,67455636,9568611084833,11321636826,1453559140,14618533,1,0,0,0,0,4592,21777.003484320558,100000,41.67971,21,12359,48,126,100000
87,clean-run,10000,true,uniform,READ,1207312,5587694,4955628,4944667,493342,1,0,0,0,0,141,17760,353827968,216152960,2313553431,4555592096,436705151,67457793,9569545678570,11322612642,1453560299,14618540,1,0,0,0,0,18492,5407.743889249406,100000,180.87072,87,35583,263,606,100000
87,avg-run,10000,true,uniform,READ,2357040,11546997,10087115,10046109,1003342,5,0,0,0,0,141,17762,353830576,216171875,2313935209,4556851611,436748724,67469628,9570478517978,11323644133,1453560364,14618540,1,0,0,0,0,19941,5014.793641241663,100000,194.67706,137,23071,228,357,100000
88,extend,10000,true,zipfian,EXTEND,707985486,3516458826,5338351847,5332373421,459312189,8811529,458814185,0,0,0,141,17808,353883824,216681696,2319852099,4566205224,437574414,67714087,9595863521567,11350357667,1454444912,14618540,0,0,0,0,1,1105137,90.48651886598675,100000,11040.75596,685,1006079,45663,74687,100000
88,run,10000,true,uniform,READ,710603940,3520057952,5343327420,5337334318,459312191,8811540,458814187,0,0,0,141,17808,353883826,216688311,2320205351,4568802329,437639133,67714148,9595877579403,11350365102,1454448686,14618540,1,0,0,0,0,122352,817.3139793383026,100000,1217.43933,101,177151,4811,8935,100000
88,reference,10000,true,uniform,READ,185472,26538655,11685945,8923824,10119,1,0,0,0,0,141,17808,353883826,216688311,2320213543,4568811512,437639133,67714148,9595877579403,11350365102,1454448686,14618540,1,0,0,0,0,3843,26021.337496747332,100000,33.60607,18,13519,44,83,100000
88,clean-run,10000,true,uniform,READ,1227422,5596693,5033141,5022180,497991,1,0,0,0,0,141,17810,353883897,216693827,2320540113,4570426306,437639182,67719191,9596821931857,11351350267,1454449802,14618975,1,0,0,0,0,21875,4571.428571428572,100000,214.12541,88,116287,339,1682,100000
88,avg-run,10000,true,uniform,READ,2379725,11528411,10164628,10123622,1007991,5,0,0,0,0,141,17812,353885217,216713454,2320936337,4571693748,437687145,67731196,9597764148162,11352381759,1454449863,14618975,1,0,0,0,0,22981,4351.420738871241,100000,225.04416,146,27455,245,856,100000
89,extend,10000,true,zipfian,EXTEND,719600175,3574897546,5440490504,5434438441,468081181,8911738,467578743,0,0,0,141,17860,353929112,217202569,2327452958,4581236089,438482924,68017246,9623376330385,11379229132,1455352908,14619798,0,0,0,0,1,1081686,92.44827057020244,100000,10806.02732,714,946175,45439,78399,100000
89,run,10000,true,uniform,READ,722236072,3578493712,5445565059,5439497477,468081183,8911749,467578745,0,0,0,141,17860,353929112,217208387,2327619644,4583860829,438482924,68017246,9623393829152,11379233304,1455357015,14619798,1,0,0,0,0,45937,2176.8944423884886,100000,454.18647,93,124479,1916,4495,100000
89,reference,10000,true,uniform,READ,187835,26840119,11825879,9025339,10119,1,0,0,0,0,141,17860,353929112,217208387,2327634689,4583864428,438482924,68017246,9623393829152,11379233304,1455357015,14619798,1,0,0,0,0,3823,26157.46795710175,100000,33.46137,20,23743,46,106,100000
89,clean-run,10000,true,uniform,READ,1247373,5604786,5113617,5103530,502425,1,0,0,0,0,141,17862,353929198,217215987,2327969585,4585501462,438535189,68023450,9624347890808,11380227409,1455358086,14623289,1,0,0,0,0,19796,5051.525560719338,100000,193.75462,80,53119,263,880,100000
89,avg-run,10000,true,uniform,READ,2434745,11586224,10246188,10205179,1012438,5,0,0,0,0,141,17864,353932649,217236591,2328355029,4586767327,438580021,68033624,9625302053506,11381300945,1455358160,14623289,1,0,0,0,0,23765,4207.868714496108,100000,232.59426,150,128191,242,747,100000
90,extend,10000,true,zipfian,EXTEND,731855921,3632730858,5541732484,5535609470,476758924,9011969,476251826,0,0,0,141,17910,353975096,217815010,2334072469,4596307537,439566899,68254196,9650668846851,11407919381,1456255515,14623289,0,0,0,0,1,1238464,80.7451811275903,100000,12373.23594,713,871423,44671,80895,100000
90,run,10000,true,uniform,READ,734521286,3636321507,5546868067,5540726664,476758926,9011980,476251828,0,0,0,142,17911,353975113,217834697,2335243033,4598992406,439579934,68257293,9650683091907,11407925799,1456259053,14623293,1,0,0,0,0,459528,217.6145958461726,100000,4584.23485,121,685567,10199,26623,100000
90,reference,10000,true,uniform,READ,190515,27141923,11973823,9126980,10119,1,0,0,0,0,142,17911,353975113,217834697,2335259419,4598994153,439579934,68257293,9650683091907,11407925799,1456259053,14623293,1,0,0,0,0,4396,22747.952684258416,100000,36.50656,21,31583,47,91,100000
90,clean-run,10000,true,uniform,READ,1269306,5607546,5164921,5153960,507085,1,0,0,0,0,142,17913,353975177,217840183,2335676240,4600654889,439579944,68257513,9651647755814,11408929278,1456260205,14624260,1,0,0,0,0,20732,4823.461315840247,100000,197.65516,82,242559,272,733,100000
90,avg-run,10000,true,uniform,READ,2419450,11541410,10296408,10255402,1017085,5,0,0,0,0,142,17915,353977603,217859350,2336071184,4601920565,439622196,68271315,9652608865779,11409960770,1456260269,14624260,1,0,0,0,0,23447,4264.9379451528985,100000,227.97717,154,30479,247,852,100000
91,extend,10000,true,zipfian,EXTEND,744722645,3689855958,5642168224,5635959971,485357473,9112277,484845689,0,0,0,142,17962,354018672,218613573,2342547873,4611670354,440933910,68488233,9677905362916,11436317379,1457170300,14624260,0,0,0,0,1,1607981,62.189789555971124,100000,16067.31868,762,926207,49471,106431,100000
91,run,10000,true,uniform,READ,747377691,3693441024,5647303057,5641074876,485357473,9112277,484845689,0,0,0,142,17962,354018672,218623319,2343239582,4614320704,440933910,68488233,9677920194911,11436321189,1457173918,14624260,1,0,0,0,0,244214,409.47693416429854,100000,2432.38641,95,580607,10103,14855,100000
91,reference,10000,true,uniform,READ,193298,27443843,12124437,9228663,10119,1,0,0,0,0,142,17962,354018672,218623319,2343260117,4614322709,440933910,68488233,9677920194911,11436321189,1457173918,14624260,1,0,0,0,0,6150,16260.162601626016,100000,37.99995,18,28703,43,267,100000
91,clean-run,10000,true,uniform,READ,1274674,5623223,5198309,5187348,511771,1,0,0,0,0,142,17964,354018741,218628933,2343576139,4615992022,441197565,68488567,9678894142189,11437334097,1457174955,14626482,1,0,0,0,0,19073,5243.013684265716,100000,186.55857,86,55615,267,621,100000
91,avg-run,10000,true,uniform,READ,2435931,11470997,10329797,10288791,1021771,5,0,0,0,0,142,17966,354021939,218649085,2343922491,4617312190,441265314,68505412,9679864605825,11438365592,1457175013,14626482,1,0,0,0,0,22836,4379.0506218251885,100000,223.76359,150,368895,259,416,100000
92,extend,10000,true,zipfian,EXTEND,757187507,3749333459,5746853917,5740571239,494343137,9212442,493826623,0,0,0,142,18015,354067233,219078764,2349460867,4627187734,441936120,68760119,9706116507114,11465900010,1458096338,14626482,0,0,0,0,1,945321,105.78417278363646,100000,9443.2892,695,995327,45215,73087,100000
92,run,10000,true,uniform,READ,759872510,3752921950,5752044786,5745748379,494343139,9212453,493826625,0,0,0,142,18015,354067233,219083196,2349567521,4629858774,441936120,68760119,9706136081473,11465909367,1458102147,14626482,1,0,0,0,0,30610,3266.906239790918,100000,300.27664,92,40447,757,2053,100000
92,reference,10000,true,uniform,READ,195586,27745163,12261701,9330136,10119,1,0,0,0,0,142,18015,354067233,219083196,2349579734,4629860596,441936120,68760119,9706136081523,11465909368,1458102147,14626482,1,0,0,0,0,3776,26483.050847457627,100000,33.142,19,83007,42,88,100000
92,clean-run,10000,true,uniform,READ,1281064,5629823,5214444,5203483,516501,1,0,0,0,0,142,18017,354067310,219088699,2349906366,4631539262,441972928,68763682,9707120950824,11466931778,1458103310,14627967,1,0,0,0,0,19474,5135.051864023827,100000,190.80856,89,58943,269,622,100000
92,avg-run,10000,true,uniform,READ,2442928,11476990,10345932,10304926,1026501,5,0,0,0,0,142,18019,354070156,219107142,2350297559,4632826236,442016650,68773941,9708100823601,11467963270,1458103366,14627967,1,0,0,0,0,18362,5446.029844243547,100000,178.75936,126,21631,212,310,100000
93,extend,10000,true,zipfian,EXTEND,769716358,3807477806,5849479832,5843122710,503134371,9312673,502613109,0,0,0,142,18067,354111539,219666911,2356720996,4642739223,442939047,69038523,9733979830811,11494902662,1459032942,14627967,0,0,0,0,1,1213787,82.38677791078665,100000,12126.66503,707,879103,47615,87359,100000
93,run,10000,true,uniform,READ,772424335,3811048676,5854770387,5848391857,503134371,9312673,502613109,0,0,0,143,18067,354111551,219682763,2358028587,4645474707,443212765,69049752,9733995901506,11494906664,1459036879,14627974,1,0,0,0,0,478529,208.9737508071611,100000,4777.2023,89,313855,10535,28015,100000
93,reference,10000,true,uniform,READ,198246,28046987,12409645,9431777,10119,1,0,0,0,0,143,18067,354111551,219682763,2358044971,4645476735,443212765,69049752,9733995901506,11494906664,1459036879,14627974,1,0,0,0,0,3985,25094.10288582183,100000,34.65982,18,23119,45,86,100000
93,clean-run,10000,true,uniform,READ,1269226,5629196,5141635,5130674,521249,1,0,0,0,0,143,18069,354111671,219688525,2358477839,4647145878,443212775,69053164,9734990549508,11495938642,1459038003,14629489,1,0,0,0,0,19791,5052.801778586226,100000,193.77895,83,38431,280,788,100000
93,avg-run,10000,true,uniform,READ,2429931,11477533,10273122,10232116,1031249,5,0,0,0,0,143,18071,354114399,219707373,2358874898,4648434121,443254490,69065830,9735979890256,11496970133,1459038057,14629489,1,0,0,0,0,17813,5613.877505192837,100000,173.44198,124,23471,203,298,100000
94,extend,10000,true,zipfian,EXTEND,782656759,3867047471,5954926782,5948491480,512172898,9412871,511646999,0,0,0,143,18120,354162368,220212899,2364572615,4658569328,444077117,69322083,9762546535671,11524658119,1459985219,14629489,0,0,0,0,1,1093235,91.47164150434261,100000,10921.63101,684,806911,47231,76863,100000
94,run,10000,true,uniform,READ,785372272,3870639192,5960259530,5953808910,512172900,9412882,511647001,0,0,0,143,18120,354162368,220218674,2364711562,4661271002,444077117,69322083,9762562271879,11524665065,1459989521,14629489,1,0,0,0,0,44978,2223.309173373649,100000,444.55863,95,127807,1751,4899,100000
94,reference,10000,true,uniform,READ,200605,28348455,12549579,9533292,10119,1,0,0,0,0,143,18120,354162368,220218674,2364725971,4661272824,444077117,69322083,9762562271879,11524665065,1459989521,14629489,1,0,0,0,0,4194,23843.58607534573,100000,37.61009,19,23119,46,190,100000
94,clean-run,10000,true,uniform,READ,1308610,5632592,5284805,5273844,525886,1,0,0,0,0,143,18122,354162437,220224628,2365062727,4662984227,444134997,69326911,9763566975728,11525706391,1459990645,14630105,1,0,0,0,0,20153,4962.0403910087825,100000,196.62828,89,41247,289,740,100000
94,avg-run,10000,true,uniform,READ,2466794,11483450,10416293,10375287,1035886,5,0,0,0,0,143,18124,354163884,220244678,2365487401,4664270017,444177802,69338323,9764565711205,11526737883,1459990697,14630105,1,0,0,0,0,20299,4926.35105177595,100000,198.00952,143,24687,229,376,100000
95,extend,10000,true,zipfian,EXTEND,795754574,3926137110,6059748059,6053240232,521151081,9513058,520620435,0,0,0,143,18173,354212675,220710212,2370900550,4674486597,444933242,69605303,9791054221787,11554196003,1460944215,14630993,0,0,0,0,1,1020006,98.0386389883981,100000,10189.07734,675,930815,46911,76415,100000
95,run,10000,true,uniform,READ,798497237,3929728325,6065183147,6058662371,521151083,9513069,520620437,0,0,0,143,18173,354212675,220713618,2371011293,4677212981,444933242,69605303,9791071869444,11554205762,1460949524,14630993,1,0,0,0,0,30288,3301.637612255679,100000,297.88776,99,77567,565,1966,100000
95,reference,10000,true,uniform,READ,202922,28649819,12687733,9634779,10119,1,0,0,0,0,143,18173,354212675,220713618,2371027461,4677217825,444933242,69605303,9791071869494,11554205763,1460949524,14630993,1,0,0,0,0,4016,24900.3984063745,100000,35.48179,18,22863,44,210,100000
95,clean-run,10000,true,uniform,READ,1310348,5649930,5326077,5315116,530633,1,0,0,0,0,143,18175,354212760,220719536,2371364164,4678930595,444976092,69608275,9792086630913,11555256633,1460950649,14632088,1,0,0,0,0,19619,5097.099750242112,100000,191.95602,87,38367,275,595,100000
95,avg-run,10000,true,uniform,READ,2468936,11500373,10457565,10416559,1040633,5,0,0,0,0,143,18177,354214259,220739310,2371778795,4680219185,445018653,69618631,9793094761632,11556288124,1460950703,14632088,1,0,0,0,0,20077,4980.823828261195,100000,195.90048,135,22751,228,350,100000
96,extend,10000,true,zipfian,EXTEND,807460677,3985003113,6164408127,6157828850,530105287,9613256,529569921,0,0,0,143,18226,354261945,221223019,2378828405,4690519081,445813559,69875002,9819626608218,11583726006,1461915408,14632088,0,0,0,0,1,1053770,94.8973684959716,100000,10527.06545,725,881663,44255,72575,100000
96,run,10000,true,uniform,READ,810150764,3988599761,6169707413,6163113182,530105289,9613267,529569923,0,0,0,143,18226,354261945,221229850,2379180969,4693193510,445813559,69875002,9819644158754,11583734046,1461920257,14632088,1,0,0,0,0,122310,817.594636579184,100000,1213.77108,89,288511,4551,8175,100000
96,reference,10000,true,uniform,READ,205309,28951259,12827667,9736294,10119,1,0,0,0,0,143,18226,354261945,221229850,2379194713,4693197046,445813559,69875002,9819644158804,11583734047,1461920257,14632088,1,0,0,0,0,4079,24515.812699190978,100000,35.9222,20,24623,47,99,100000
96,clean-run,10000,true,uniform,READ,1307889,5649093,5261685,5250724,535353,1,0,0,0,0,143,18228,354262037,221236439,2379538838,4694910755,445948677,69878743,9820668692860,11584794418,1461921337,14635592,1,0,0,0,0,23077,4333.318888937037,100000,226.54867,92,124095,341,1867,100000
96,avg-run,10000,true,uniform,READ,2466102,11499911,10393173,10352167,1045353,5,0,0,0,0,143,18230,354264554,221257363,2379952257,4696193479,445995905,69888452,9821686209662,11585825909,1461921392,14635592,1,0,0,0,0,21606,4628.343978524484,100000,210.68138,124,91775,213,1256,100000
97,extend,10000,true,zipfian,EXTEND,821054426,4044754361,6270747651,6264091828,539222879,9713498,538682655,0,0,0,143,18280,354311209,221868838,2385217721,4706664302,447028032,70102797,9848664279314,11613718669,1462899743,14635934,0,0,0,0,1,1298113,77.03489603755605,100000,12968.74541,738,1037823,48863,81151,100000
97,run,10000,true,uniform,READ,823800577,4048338529,6276216960,6269538866,539222881,9713509,538682657,0,0,0,143,18280,354311212,221877460,2385922382,4709396782,447297350,70105028,9848680214188,11613726812,1462904260,14635934,1,0,0,0,0,261450,382.4823101931536,100000,2603.54673,116,211967,8027,14975,100000
97,reference,10000,true,uniform,READ,207927,29252979,12973831,9837907,10119,1,0,0,0,0,143,18280,354311212,221877461,2385938761,4709398634,447297350,70105028,9848680214238,11613726813,1462904260,14635934,1,0,0,0,0,4414,22655.188038060714,100000,36.22879,18,32447,45,80,100000
97,clean-run,10000,true,uniform,READ,1468793,5803354,5458986,5445813,540224,1,0,0,0,0,143,18283,354311510,221901045,2386726832,4711165255,447330229,70119541,9849722219730,11614923478,1462905329,14637137,1,0,0,0,0,183135,546.0452671526469,100000,1824.0995,93,378367,6879,11943,100000
97,avg-run,10000,true,uniform,READ,2628489,11652737,10590539,10547321,1050224,5,0,0,0,0,143,18284,354311606,221920822,2387126241,4712450536,447346465,70131339,9850749194756,11615954969,1462905377,14637137,1,0,0,0,0,29301,3412.852803658578,100000,288.68576,127,148479,256,1773,100000
98,extend,10000,true,zipfian,EXTEND,833859710,4104797092,6377725537,6370980966,548382709,9813784,547837720,0,0,0,143,18334,354355371,222630745,2394162663,4722955547,448503364,70377208,9877812731037,11644041961,1463882396,14637137,0,0,0,0,1,1510718,66.19369068217894,100000,15094.65719,758,916479,49471,98431,100000
98,run,10000,true,uniform,READ,836597122,4108368225,6383170268,6376403020,548382709,9813784,547837720,0,0,0,145,18334,354355383,222651029,2395664304,4725720866,448708406,70388497,9877827481765,11644045876,1463885921,14637137,1,0,0,0,0,596211,167.72585544379422,100000,5950.7568,128,242175,12615,31471,100000
98,reference,10000,true,uniform,READ,210908,29555139,13129785,9939674,10119,1,0,0,0,0,145,18334,354355383,222651029,2395680691,4725722928,448708406,70388497,9877827481815,11644045877,1463885921,14637137,1,0,0,0,0,4181,23917.72303276728,100000,33.98832,18,36095,44,86,100000
98,clean-run,10000,true,uniform,READ,1326382,5663915,5325639,5314678,544976,1,0,0,0,0,145,18336,354355502,222658534,2396161543,4727461923,448712564,70401929,9878872744914,11645125598,1463887090,14638595,1,0,0,0,0,36182,2763.80520700901,100000,357.07872,89,421631,383,4231,100000
98,avg-run,10000,true,uniform,READ,2550902,11581464,10458156,10416273,1054989,5,0,0,0,0,145,18338,354355798,222678534,2396586604,4728748745,448726597,70411719,9879913107457,11646223336,1463887150,14638595,1,0,0,0,0,20320,4921.259842519685,100000,198.54727,138,19839,235,333,100000
99,extend,10000,true,zipfian,EXTEND,847496810,4164123856,6483753379,6476929008,557458580,9913982,556908790,0,0,0,145,18388,354402759,223164721,2402088528,4739361107,449528890,70665898,9906856723262,11673919063,1464872974,14638595,0,0,0,0,1,1058203,94.4998265928182,100000,10571.04347,720,991231,47007,76287,100000
99,run,10000,true,uniform,READ,850246712,4167701126,6489262639,6482420623,557458580,9913982,556908790,0,0,0,145,18388,354402759,223169152,2402202743,4742103209,449528890,70665898,9906871768882,11673922880,1464876625,14638595,1,0,0,0,0,35587,2810.0148930789333,100000,350.65029,93,50655,899,3375,100000
99,reference,10000,true,uniform,READ,213267,29856607,13269719,10041189,10119,1,0,0,0,0,145,18388,354402759,223169152,2402217844,4742107765,449528890,70665898,9906871768932,11673922881,1464876625,14638595,1,0,0,0,0,6365,15710.919088766694,100000,59.21871,18,217983,46,432,100000
99,clean-run,10000,true,uniform,READ,1385952,5665947,5541051,5530090,549777,1,0,0,0,0,145,18390,354402832,223176455,2402593934,4743908589,449585126,70676462,9907926949777,11675012267,1464877769,14641401,1,0,0,0,0,38921,2569.307057886488,100000,384.3763,85,415999,480,4571,100000
99,avg-run,10000,true,uniform,READ,2598471,11570493,10673583,10631700,1059790,5,0,0,0,0,145,18392,354404423,223194072,2403019340,4745194963,449599264,70683548,9908975960990,11676097515,1464877831,14641401,1,0,0,0,0,20128,4968.203497615263,100000,196.77207,140,19375,235,366,100000
100,extend,10000,true,zipfian,EXTEND,861343290,4224248881,6591352396,6584452822,566670938,10014191,566116320,0,0,0,145,18443,354453658,223706561,2408781250,4755920947,450430690,70976816,9936313065605,11704194519,1465875629,14641739,0,0,0,0,1,1122749,89.0671022641748,100000,11216.34079,711,887807,47135,85631,100000
100,run,10000,true,uniform,READ,864112835,4227813639,6596866823,6589951914,566670938,10014191,566116320,0,0,0,145,18443,354453658,223711047,2408910128,4758685238,450430690,70976816,9936327998226,11704198350,1465879283,14641739,1,0,0,0,0,37550,2663.115845539281,100000,370.11585,98,123583,1015,3329,100000
100,reference,10000,true,uniform,READ,215654,30158047,13409653,10142704,10119,1,0,0,0,0,145,18443,354453658,223711048,2408927119,4758687852,450430690,70976816,9936328027700,11704198372,1465879289,14641739,1,0,0,0,0,4309,23207.240659085634,100000,38.6638,20,20671,44,228,100000
100,clean-run,10000,true,uniform,READ,1407982,5672752,5617835,5606874,554605,1,0,0,0,0,145,18445,354453757,223717339,2409263593,4760513714,450486738,70992498,9937392987697,11705297492,1465880391,14645264,1,0,0,0,0,19653,5088.281687274208,100000,192.21306,91,81279,274,600,100000
100,avg-run,10000,true,uniform,READ,2568902,11520863,10749323,10708317,1064605,5,0,0,0,0,145,18447,354454501,223737535,2409657308,4761799549,450519714,71000380,9938448169586,11706328984,1465880440,14645264,1,0,0,0,0,17710,5646.527385657821,100000,172.47873,125,23791,196,332,100000
