Epoch,Phase,Recordcount,Readallfields,Requestdist,Operation,blks_read,blks_hit,tup_returned,tup_fetched,tup_inserted,tup_updated,tup_deleted,deadlocks,temp_files,temp_bytes,checkpoints_timed,checkpoints_req,buffers_checkpoint,buffers_clean,buffers_backend,buffers_alloc,checkpoint_write_time,checkpoint_sync_time,wal_bytes,wal_records,wal_fpi,wal_buffers_full,Readprop,Updateprop,Scanprop,Insertprop,Extendprop,Runtime(ms),Throughput(ops/sec),Operations,AverageLatency(us),MinLatency(us),MaxLatency(us),95thPercentileLatency(us),99thPercentileLatency(us),Return=OK
0,load,10000,true,uniform,INSERT,1,39227,2141,1177,10119,1,0,0,0,0,200,1975,2183141,29134495,287929904,1441381136,59921330,4619435,966508175786,972182791,98650705,17627408,1,0,0,0,0,13088,764.0586797066014,10000,1270.9199,849,8199,1599,1715,10000
1,extend,10000,true,zipfian,EXTEND,29,2311685,1087560,1067358,93938,100023,78451,0,0,0,200,1975,2183141,29137049,287945475,1441397162,59921330,4619435,966752481713,972847898,98650711,17627408,0,0,0,0,1,123019,812.8825628561442,100000,1223.30237,382,14415,1883,2217,100000
1,run,10000,true,uniform,READ,134,2813499,1267208,1226560,94038,100034,78545,0,0,0,200,1975,2183141,29137049,287945475,1441397271,59921330,4619435,966754402904,972876675,98650711,17627408,1,0,0,0,0,3817,26198.585276395075,100000,34.15472,22,11983,49,98,100000
1,reference,10000,true,uniform,READ,1580,340757,114543,101822,10181,12,62,0,0,0,200,1975,2183141,29138224,287945475,1441398854,59921330,4619435,966754402904,972876675,98650711,17627408,1,0,0,0,0,3511,28481.913984619765,100000,31.07252,21,13039,41,73,100000
1,clean-run,10000,true,uniform,READ,468,471664,163220,153128,15229,1,0,0,4,385024,200,1976,2196756,29138662,287948885,1441404202,59921456,4619456,966780676162,972891153,98651696,17628849,1,0,0,0,0,3922,25497.195308516064,100000,35.02777,22,13935,47,87,100000
1,avg-run,10000,true,uniform,READ,550,1175131,398082,357068,35352,5,0,0,4,385024,200,1976,2196756,29138662,287948885,1441407237,59921456,4619456,966805031494,972942119,98651700,17628849,1,0,0,0,0,4048,24703.557312252964,100000,36.31165,24,17007,49,79,100000
2,extend,10000,true,zipfian,EXTEND,82484,6828326,4006067,3909351,332514,200056,301865,0,0,0,200,1977,2199096,29184853,288010177,1441477481,59921456,4619456,967404039782,974110824,98667253,17628849,0,0,0,0,1,137810,725.6367462448299,100000,1370.67252,382,23247,2277,3393,100000
2,run,10000,true,uniform,READ,129946,8014037,4350895,4232857,332651,200067,301986,0,0,0,200,1977,2199236,29187519,288052936,1441488233,59921456,4619456,967419741452,974211236,98686538,17628849,1,0,0,0,0,4574,21862.702229995626,100000,41.71377,22,13247,62,115,100000
2,reference,10000,true,uniform,READ,3910,640867,237567,203071,10181,12,62,0,0,0,200,1977,2199239,29188879,288053176,1441490471,59921456,4619456,967419741452,974211236,98686538,17628849,1,0,0,0,0,3218,31075.20198881293,100000,28.09425,20,12263,39,74,100000
2,clean-run,10000,true,uniform,READ,517,950201,307064,296972,29747,1,0,0,4,385024,200,1978,2203930,29189822,288053177,1441501442,59946614,4619482,967458217721,974254953,98687525,17632270,1,0,0,0,0,4563,21915.406530791148,100000,41.51288,22,207871,54,103,100000
2,avg-run,10000,true,uniform,READ,534,2761019,857064,816050,79895,5,0,0,4,385024,200,1978,2203930,29189826,288053177,1441505854,59946614,4619482,967497235069,974369646,98687529,17632270,1,0,0,0,0,4405,22701.475595913733,100000,39.91474,27,14751,55,84,100000
3,extend,10000,true,zipfian,EXTEND,420952,13651439,8664803,8492868,709897,300089,664477,0,0,0,200,1979,2206139,29258628,288247760,1441713679,59946614,4619482,968409335555,976058119,98743564,17632270,0,0,0,0,1,147375,678.5411365564038,100000,1466.66341,418,73471,2765,4691,100000
3,run,10000,true,uniform,READ,582733,15368679,9169426,8976169,710075,300100,664642,0,0,0,200,1979,2206172,29261159,288320509,1441805934,59946614,4619482,968417652565,976188905,98743588,17632270,1,0,0,0,0,5249,19051.247856734615,100000,48.42926,24,13503,68,131,100000
3,reference,10000,true,uniform,READ,5719,941571,361481,304334,10181,12,62,0,0,0,200,1979,2206182,29261169,288320509,1441807742,59946614,4619482,968417652565,976188905,98743588,17632270,1,0,0,0,0,3274,30543.677458766037,100000,28.64083,21,11703,41,74,100000
3,clean-run,10000,true,uniform,READ,731,1416728,447153,437061,43890,1,0,0,4,385024,200,1980,2208720,29261277,288320510,1441827137,60025551,4621168,968468225532,976260991,98744575,17636858,1,0,0,0,0,4588,21795.989537925023,100000,41.79487,23,11799,57,113,100000
3,avg-run,10000,true,uniform,READ,823,3937380,1201147,1160133,114113,5,0,0,4,385024,200,1980,2208720,29261277,288328595,1441833364,60025551,4621168,968520225897,976413924,98744579,17636858,1,0,0,0,0,5227,19131.43294432753,100000,48.29666,31,15863,64,92,100000
4,extend,10000,true,zipfian,EXTEND,1114539,22455585,15158076,14909802,1233450,400122,1176097,0,0,0,200,1982,2212052,29340492,288681865,1442241280,60085964,4624161,969838486227,978605776,98824332,17636858,0,0,0,0,1,167153,598.254293970195,100000,1663.86639,427,82751,3529,6027,100000
4,run,10000,true,uniform,READ,1519808,24706337,15835170,15565573,1233873,400144,1176505,0,0,0,200,1982,2212052,29342810,288759332,1442461560,60085964,4624161,969861140205,978810372,98850921,17636858,1,0,0,0,0,5581,17917.935853789644,100000,51.67451,24,17903,76,146,100000
4,reference,10000,true,uniform,READ,7495,1242381,486285,405611,10181,12,62,0,0,0,200,1982,2212052,29342818,288759332,1442463799,60085964,4624161,969861140205,978810372,98850921,17636858,1,0,0,0,0,3572,27995.52071668533,100000,31.70871,21,16767,43,74,100000
4,clean-run,10000,true,uniform,READ,716,1924239,603124,592155,55787,1,0,0,4,385024,200,1983,2214015,29342959,288759333,1442495924,60137024,4627124,969924299103,978913314,98851910,17642645,1,0,0,0,0,4854,20601.565718994643,100000,44.40533,24,11599,62,120,100000
4,avg-run,10000,true,uniform,READ,791,4728495,1435739,1394725,135787,5,0,0,4,385024,200,1983,2214015,29342959,288767384,1442503531,60137024,4627124,969987201566,979083614,98851912,17642645,1,0,0,0,0,5151,19413.70607649,100000,47.33828,33,13039,66,97,100000
5,extend,10000,true,zipfian,EXTEND,2440808,33190161,23373140,23046519,1889225,500177,1822277,0,0,0,200,1986,2218696,29428521,289264083,1443113416,60235735,4634244,971709479503,981862744,99029591,17642645,0,0,0,0,1,180454,554.1578463209461,100000,1796.87067,441,121215,4091,7539,100000
5,run,10000,true,uniform,READ,2900660,35494102,24106384,23759317,1889472,500188,1822517,0,0,0,200,1986,2218699,29429830,289356063,1443466004,60235735,4634244,971732345553,982018996,99056541,17642645,1,0,0,0,0,6572,15216.068167985393,100000,61.66443,27,17279,84,160,100000
5,reference,10000,true,uniform,READ,9284,1543105,610199,506874,10181,12,62,0,0,0,200,1986,2218699,29429833,289356213,1443470544,60235735,4634244,971732361690,982019247,99056543,17642645,1,0,0,0,0,3820,26178.01047120419,100000,34.21545,21,12215,45,77,100000
5,clean-run,10000,true,uniform,READ,699,2090283,662435,652343,65004,1,0,0,4,385024,200,1987,2220041,29430033,289356214,1443516042,60268318,4637492,971806034745,982133826,99057530,17649682,1,0,0,0,0,5561,17982.37727027513,100000,51.53799,26,210943,65,131,100000
5,avg-run,10000,true,uniform,READ,791,5052368,1540931,1499917,145262,5,0,0,4,385024,200,1987,2220041,29430033,289364206,1443524826,60268318,4637492,971879952604,982312876,99057534,17649682,1,0,0,0,0,5861,17061.934823408974,100000,54.712,34,15135,65,96,100000
6,extend,10000,true,zipfian,EXTEND,4137124,45161273,33243219,32837498,2685901,600221,2611091,0,0,0,200,1991,2223288,29522786,289998919,1444346209,60405235,4642001,973961818193,985631961,99296429,17649682,0,0,0,0,1,197118,507.3103420286326,100000,1963.2732,435,175743,5027,9247,100000
6,run,10000,true,uniform,READ,4753597,47617435,34058540,33631497,2686173,600232,2611354,0,0,0,200,1991,2223464,29523799,290111300,1444833899,60405235,4642001,974017039005,985819785,99354862,17649704,1,0,0,0,0,7587,13180.440226703571,100000,71.78418,30,18159,97,193,100000
6,reference,10000,true,uniform,READ,11110,1843865,735003,608151,10181,12,62,0,0,0,200,1991,2223464,29523800,290111300,1444835707,60405235,4642001,974017039005,985819785,99354862,17649704,1,0,0,0,0,3459,28910.089621277824,100000,30.42609,21,15303,41,75,100000
6,clean-run,10000,true,uniform,READ,684,2495892,789585,778616,73131,1,0,0,4,385024,200,1992,2224400,29524031,290119264,1444895308,60425230,4642120,974103003239,985960297,99355851,17656985,1,0,0,0,0,5437,18392.495861688432,100000,50.22375,28,17967,72,155,100000
6,avg-run,10000,true,uniform,READ,759,5653898,1722490,1681476,163131,5,0,0,4,385024,200,1992,2224400,29524031,290127456,1444905019,60425230,4642120,974187356670,986150624,99355853,17656985,1,0,0,0,0,5875,17021.27659574468,100000,54.74401,36,19503,71,105,100000
7,extend,10000,true,zipfian,EXTEND,6251958,58316525,44716441,44231854,3618207,700265,3536792,0,0,0,200,1996,2229477,29623114,290871179,1445980369,60585493,4649200,976702266050,989916987,99696695,17656985,0,0,0,0,1,211434,472.9608293841104,100000,2106.79263,457,120319,5939,12231,100000
7,run,10000,true,uniform,READ,7099858,61050034,45665204,45159294,3618794,700287,3537371,0,0,0,200,1996,2229477,29625177,291016764,1446585391,60585493,4649200,976729405084,990173428,99724844,17656985,1,0,0,0,0,7461,13403.029084573114,100000,70.55819,30,13895,98,198,100000
7,reference,10000,true,uniform,READ,12945,2144689,860697,709442,10181,12,62,0,0,0,200,1996,2229477,29625178,291016764,1446587208,60585493,4649200,976729405084,990173428,99724844,17656985,1,0,0,0,0,3545,28208.744710860366,100000,31.44129,21,15735,41,74,100000
7,clean-run,10000,true,uniform,READ,686,2692272,866510,855541,79759,1,0,0,4,385024,200,1997,2230367,29625478,291025112,1446659014,60585539,4653589,976826455351,990328563,99725833,17666239,1,0,0,0,0,5823,17173.278378842522,100000,54.20623,28,14495,74,169,100000
7,avg-run,10000,true,uniform,READ,761,5855044,1799540,1758526,169759,5,0,0,4,385024,200,1997,2230367,29625478,291033204,1446670842,60585539,4653589,976920808858,990518892,99725835,17666239,1,0,0,0,0,6098,16398.81928501148,100000,56.8652,37,12735,69,102,100000
8,extend,10000,true,zipfian,EXTEND,8787204,72672608,57856236,57292325,4688610,800320,4601415,0,0,0,200,2002,2235990,29730882,291927282,1447919291,60734292,4663180,979823066553,994704285,100108336,17666239,0,0,0,0,1,226520,441.46212254988524,100000,2256.95957,459,418815,6659,13943,100000
8,run,10000,true,uniform,READ,9895569,75574933,58851523,58266289,4689245,800342,4602036,0,0,0,200,2002,2235990,29732343,292070819,1448627737,60734292,4663180,979899798706,995092781,100191629,17666239,1,0,0,0,0,8086,12367.054167697255,100000,76.82721,33,14335,103,215,100000
8,reference,10000,true,uniform,READ,14767,2445453,985501,810719,10181,12,62,0,0,0,200,2002,2235990,29732343,292070819,1448629546,60734292,4663180,979899798706,995092781,100191629,17666239,1,0,0,0,0,3611,27693.159789531986,100000,31.97873,21,14415,42,72,100000
8,clean-run,10000,true,uniform,READ,622,2855414,925695,914726,85725,1,0,0,4,385024,200,2003,2236453,29732743,292078814,1448712761,60782928,4663328,980007816166,995261218,100192618,17677471,1,0,0,0,0,6370,15698.587127158557,100000,59.6636,31,13911,78,203,100000
8,avg-run,10000,true,uniform,READ,697,6020310,1858845,1817831,175725,5,0,0,4,385024,200,2003,2236453,29732743,292095000,1448725753,60782928,4663328,980112232523,995451873,100192707,17677471,1,0,0,0,0,6138,16291.951775822743,100000,57.24623,38,17935,70,109,100000
9,extend,10000,true,zipfian,EXTEND,11697471,88012505,72578763,71933592,5897744,900375,5805350,0,0,0,200,2009,2242128,29841100,292908663,1450059584,60950621,4674252,983453604571,1000031964,100601464,17677471,0,0,0,0,1,233495,428.2746953896229,100000,2326.52678,454,162559,6927,13735,100000
9,run,10000,true,uniform,READ,12818788,90743304,73569028,72902535,5898081,900386,5805689,0,0,0,200,2009,2242144,29844162,293223138,1450857571,60950621,4674252,983544079180,1000525219,100739163,17677471,1,0,0,0,0,8260,12106.537530266343,100000,78.48319,36,35327,106,211,100000
9,reference,10000,true,uniform,READ,16626,2746253,1111195,912010,10181,12,62,0,0,0,200,2009,2242144,29844162,293223138,1450867123,60950621,4674252,983544079180,1000525219,100739163,17677471,1,0,0,0,0,3821,26171.159382360638,100000,34.05124,21,14199,45,77,100000
9,clean-run,10000,true,uniform,READ,617,2805156,917449,907357,90662,1,0,0,4,393216,200,2010,2242427,29844569,293231131,1450960661,60997657,4683771,983661439560,1000691414,100740150,17688804,1,0,0,0,0,5759,17364.125716270184,100000,53.3936,32,12855,75,181,100000
9,avg-run,10000,true,uniform,READ,716,6353615,1959682,1918668,191185,12,0,0,4,393216,200,2010,2242427,29844578,293247308,1450975826,60997657,4683771,983778511946,1000904657,100740242,17688804,1,0,0,0,0,6071,16471.750947125678,100000,56.45448,41,14319,76,120,100000
10,extend,10000,true,zipfian,EXTEND,14522807,103907110,88905992,88180701,7253019,1000419,7155818,0,0,0,200,2017,2249157,29960403,294263315,1452586209,61175567,4715202,987431393915,1005683833,101076422,17688804,0,0,0,0,1,253096,395.106994974239,100000,2522.81767,493,198783,8303,16591,100000
10,run,10000,true,uniform,READ,16178639,106991964,90002538,89255924,7253734,1000441,7156527,0,0,0,200,2017,2249170,29964241,294579101,1453456149,61175567,4715202,987635205727,1006532992,101490188,17688804,1,0,0,0,0,8982,11133.377866844801,100000,85.677,34,16623,113,235,100000
10,reference,10000,true,uniform,READ,18485,3047053,1236889,1013301,10181,12,62,0,0,0,200,2017,2249170,29964243,294579101,1453465609,61175567,4715202,987635205727,1006532992,101490188,17688804,1,0,0,0,0,3901,25634.45270443476,100000,34.95417,21,11071,44,73,100000
10,clean-run,10000,true,uniform,READ,1223,2921674,972589,962497,95487,1,0,0,4,385024,200,2018,2249451,29965086,294587415,1453568608,61221825,4719178,987763275519,1006709311,101491175,17701460,1,0,0,0,0,6531,15311.590874291838,100000,61.27517,32,207231,82,188,100000
10,avg-run,10000,true,uniform,READ,1323,6611284,2052447,2011433,195860,5,0,0,4,385024,200,2018,2249451,29965092,294603106,1453583655,61221825,4719178,987890763653,1006935137,101491179,17701460,1,0,0,0,0,6078,16452.780519907865,100000,56.62515,42,14023,73,104,100000
11,extend,10000,true,zipfian,EXTEND,18590472,121430884,106699926,105894707,8728777,1100485,8627081,0,0,0,200,2025,2256826,30086468,295622770,1455198231,61421335,4742008,992033557758,1012542474,102101998,17701460,0,0,0,0,1,260408,384.0127799453166,100000,2595.90708,514,174463,9071,18207,100000
11,run,10000,true,uniform,READ,19881038,124232857,107786937,106960396,8729146,1100496,8627449,0,0,0,200,2026,2259403,30090128,295956187,1456142383,61421335,4742008,992163273925,1013066942,102280911,17701460,1,0,0,0,0,8813,11346.873936230568,100000,83.94,37,22719,112,238,100000
11,reference,10000,true,uniform,READ,20377,3347893,1363473,1114606,10181,12,62,0,0,0,200,2026,2259403,30090128,295956187,1456146215,61421335,4742008,992163273925,1013066942,102280911,17701460,1,0,0,0,0,3662,27307.482250136538,100000,32.50928,21,14895,45,75,100000
11,clean-run,10000,true,uniform,READ,3492,3018289,1000345,990253,100183,1,0,0,4,385024,200,2027,2259628,30091949,295972174,1456260220,61455849,4751326,992301985146,1013252346,102281898,17715539,1,0,0,0,0,6225,16064.25702811245,100000,58.11479,33,13015,81,187,100000
11,avg-run,10000,true,uniform,READ,14780,6645545,2069030,2028016,200183,5,0,0,4,385024,200,2027,2259628,30095768,295993735,1456288725,61455849,4751326,992437969895,1013464953,102281901,17715539,1,0,0,0,0,6621,15103.458692040478,100000,62.03584,41,14671,76,121,100000
12,extend,10000,true,zipfian,EXTEND,21917584,139039156,126007535,125124776,10347290,1200529,10241247,0,0,0,200,2035,2268208,30220945,297128319,1458000212,61652318,4772587,996827290000,1019101185,102696181,17715539,0,0,0,0,1,271795,367.92435475266285,100000,2709.69792,530,234495,10543,19935,100000
12,run,10000,true,uniform,READ,23866025,142242704,127165634,126260676,10348062,1200551,10242008,0,0,0,200,2035,2268332,30225664,297539220,1458992253,61700317,4784391,997056335521,1020100647,103154896,17715539,1,0,0,0,0,9404,10633.772862611655,100000,89.88745,38,13247,119,254,100000
12,reference,10000,true,uniform,READ,22269,3648733,1490057,1215911,10181,12,62,0,0,0,200,2035,2268332,30225664,297539220,1458998581,61700317,4784391,997056335521,1020100647,103154896,17715539,1,0,0,0,0,3768,26539.27813163482,100000,33.56054,21,11815,45,72,100000
12,clean-run,10000,true,uniform,READ,17499,3096172,1056326,1046234,104588,1,0,0,4,385024,200,2036,2268493,30229372,297564322,1459134049,61700330,4786759,997205666990,1020294934,103155883,17730650,1,0,0,0,0,6837,14626.298083954951,100000,64.2588,34,15727,87,216,100000
12,avg-run,10000,true,uniform,READ,31201,6756707,2128412,2087398,204984,5,0,0,4,385024,200,2036,2268493,30233566,297585692,1459162945,61700330,4786759,997353407179,1020523774,103155991,17730650,1,0,0,0,0,6635,15071.590052750566,100000,62.27792,43,15895,81,120,100000
13,extend,10000,true,zipfian,EXTEND,26061805,157792314,146695958,145735713,12086552,1300584,11976052,0,0,0,200,2045,2278526,30362367,298770762,1460956947,61908160,4819149,1002081833478,1026534583,103590905,17730650,0,0,0,0,1,282116,354.46412114165804,100000,2813.02497,518,177663,11335,21103,100000
13,run,10000,true,uniform,READ,28142213,161070775,147889740,146907296,12087351,1300606,11976835,0,0,0,200,2045,2278677,30366480,299225613,1462010391,61908160,4819149,1002382913032,1027636251,104108787,17730650,1,0,0,0,0,9809,10194.719135487818,100000,93.84148,38,33759,123,263,100000
13,reference,10000,true,uniform,READ,24161,3949573,1616641,1317216,10181,12,62,0,0,0,200,2045,2278677,30366480,299225613,1462014223,61908160,4819149,1002382913032,1027636251,104108787,17730650,1,0,0,0,0,3614,27670.17155506364,100000,31.94726,21,11735,42,70,100000
13,clean-run,10000,true,uniform,READ,32977,3165055,1103377,1093285,109163,1,0,0,4,385024,200,2046,2278837,30370777,299254404,1462172206,61958421,4829572,1002542880823,1027839726,104109774,17745960,1,0,0,0,0,7360,13586.95652173913,100000,69.4498,36,14423,89,212,100000
13,avg-run,10000,true,uniform,READ,86251,6642645,2135881,2094867,209176,5,0,0,4,385024,200,2046,2278837,30375670,299284269,1462245963,61958421,4829572,1002698794938,1028051076,104109777,17745960,1,0,0,0,0,7193,13902.405116085083,100000,67.98537,42,16447,83,130,100000
14,extend,10000,true,zipfian,EXTEND,30473023,177644033,169208907,168172888,13989707,1400639,13874644,0,0,0,200,2056,2290970,30512037,300613386,1464142318,62166521,4886931,1007891758896,1034593258,104592743,17745960,0,0,0,0,1,305028,327.83875578635406,100000,3041.84377,469,220927,12207,23039,100000
14,run,10000,true,uniform,READ,32682989,180988945,170440144,169382105,13990520,1400661,13875450,0,0,0,200,2056,2290970,30515896,301066137,1465240631,62166521,4886931,1008221658723,1035784836,105165734,17745960,1,0,0,0,0,9978,10022.048506714773,100000,95.45773,40,17455,125,265,100000
14,reference,10000,true,uniform,READ,26053,4250413,1743225,1418521,10181,12,62,0,0,0,200,2056,2290970,30515896,301066137,1465251973,62166521,4886931,1008221658723,1035784836,105165734,17745960,1,0,0,0,0,3715,26917.900403768504,100000,33.02132,21,15575,44,77,100000
14,clean-run,10000,true,uniform,READ,47276,3222520,1129838,1119746,113757,1,0,0,4,385024,200,2057,2291199,30520125,301103381,1465432529,62215568,4895859,1008392262156,1035997538,105166721,17764788,1,0,0,0,0,7219,13852.334118298933,100000,67.94522,37,28399,93,213,100000
14,avg-run,10000,true,uniform,READ,117841,6806463,2192106,2151092,214178,5,0,0,4,385024,200,2057,2291199,30525332,301140345,1465517957,62215568,4895859,1008560151197,1036227890,105166833,17764788,1,0,0,0,0,6728,14863.258026159334,100000,63.20863,44,15303,84,126,100000
15,extend,10000,true,zipfian,EXTEND,35024064,198310806,193133591,192022335,16017018,1500705,15897399,0,0,0,200,2067,2301733,30664582,302552116,1467514900,62423166,4947913,1014014073989,1043041155,105555594,17764788,0,0,0,0,1,309488,323.11430491650725,100000,3086.86787,539,489983,11543,23679,100000
15,run,10000,true,uniform,READ,37475289,201733095,194382096,193248641,16017844,1500727,15898216,0,0,0,200,2068,2304605,30669527,303168092,1468651403,62450942,4954893,1014369660043,1044442092,106374200,17764788,1,0,0,0,0,10255,9751.340809361287,100000,98.46737,42,18255,130,275,100000
15,reference,10000,true,uniform,READ,27978,4551293,1870699,1519840,10181,12,62,0,0,0,200,2068,2304605,30669527,303168092,1468657011,62450942,4954893,1014369660043,1044442092,106374200,17764788,1,0,0,0,0,3526,28360.748723766308,100000,31.00218,20,15751,41,72,100000
15,clean-run,10000,true,uniform,READ,71713,3273224,1187387,1176421,118448,1,0,0,4,385024,200,2069,2304750,30673638,303206128,1468866597,62482807,4963732,1014550914248,1044664248,106375187,17782601,1,0,0,0,0,7729,12938.284383490749,100000,73.17902,36,17759,95,237,100000
15,avg-run,10000,true,uniform,READ,199476,6684356,2218921,2177906,218448,5,0,0,4,385024,200,2069,2304750,30678372,303250214,1469019677,62482807,4963732,1014726822714,1044875026,106375300,17782601,1,0,0,0,0,6819,14664.906877841326,100000,64.20229,44,17087,84,139,100000
16,extend,10000,true,zipfian,EXTEND,40013949,220041037,218830497,217644876,18205173,1600771,18080666,0,0,0,200,2080,2317178,30824461,304703968,1471088338,62714687,5007735,1020647783887,1052230741,106830490,17782601,0,0,0,0,1,322032,310.528146271178,100000,3212.37105,493,386047,13879,26063,100000
16,run,10000,true,uniform,READ,42528917,223516823,220144991,218937171,18206012,1600793,18081505,0,0,0,200,2081,2318103,30830748,305341644,1472273705,62754480,5018729,1021003490563,1053704699,107579204,17782601,1,0,0,0,0,10816,9245.562130177515,100000,103.91345,39,55807,133,275,100000
16,reference,10000,true,uniform,READ,29903,4852173,1998173,1621159,10181,12,62,0,0,0,200,2081,2318103,30830748,305341644,1472275679,62754480,5018729,1021003490563,1053704699,107579204,17782601,1,0,0,0,0,3945,25348.542458808617,100000,35.19343,21,12791,46,75,100000
16,clean-run,10000,true,uniform,READ,91367,3321925,1240742,1230570,123403,1,0,0,4,385024,200,2082,2318248,30835135,305386421,1472513162,62784812,5026473,1021195427870,1053936851,107580191,17802339,1,0,0,0,0,7888,12677.484787018255,100000,74.66272,37,18543,97,250,100000
16,avg-run,10000,true,uniform,READ,224382,6810466,2293987,2252893,223835,5,0,0,4,385024,200,2082,2318248,30840579,305431178,1472666270,62784812,5026473,1021382929798,1054159928,107580310,17802339,1,0,0,0,0,8018,12471.93813918683,100000,75.96586,49,20687,94,144,100000
17,extend,10000,true,zipfian,EXTEND,45105061,242483288,245792279,244532567,20504009,1700837,20374571,0,0,0,200,2094,2332463,30990673,306978048,1474794131,63022933,5085234,1027617898126,1061823562,108027751,17802339,0,0,0,0,1,334167,299.25157181888096,100000,3333.10706,513,714751,14679,27711,100000
17,run,10000,true,uniform,READ,47804383,246014658,247145647,245863736,20504871,1700859,20375424,0,0,0,200,2094,2332502,30997124,307715698,1476000817,63022933,5085234,1027979987328,1063414441,108736447,17802339,1,0,0,0,0,11334,8823.010411152285,100000,109.02862,44,19791,139,310,100000
17,reference,10000,true,uniform,READ,31828,5153053,2125647,1722478,10181,12,62,0,0,0,200,2094,2332502,30997124,307715698,1476013532,63022933,5085234,1027979987328,1063414441,108736447,17802339,1,0,0,0,0,3294,30358.227079538556,100000,28.64468,21,15487,42,75,100000
17,clean-run,10000,true,uniform,READ,105007,3360869,1269166,1258994,128356,1,0,0,4,385024,200,2095,2332693,31001592,307761586,1476270471,63093401,5094991,1028182636237,1063657000,108737438,17822971,1,0,0,0,0,8096,12351.778656126482,100000,76.77844,39,21103,106,253,100000
17,avg-run,10000,true,uniform,READ,239420,6843981,2318838,2277744,228799,22,0,0,4,385024,200,2095,2332693,31006652,307813772,1476423540,63093401,5094991,1028380315510,1063883560,108737442,17822971,1,0,0,0,0,7914,12635.835228708618,100000,75.04366,50,15407,95,150,100000
18,extend,10000,true,zipfian,EXTEND,50754457,265946573,274173289,272838995,22928267,1800914,22793472,0,0,0,200,2107,2346019,31162966,309447751,1478641555,63362476,5137612,1034996520773,1072137782,109297255,17822971,0,0,0,0,1,341948,292.4421257033233,100000,3411.25311,543,223743,15535,28927,100000
18,run,10000,true,uniform,READ,53448336,269413032,275552282,274195789,22929142,1800936,22794339,0,0,0,200,2108,2349156,31168411,310193044,1479883177,63362476,5137612,1035335789491,1073627626,110064315,17822971,1,0,0,0,0,11490,8703.220191470844,100000,110.64186,45,17871,146,318,100000
18,reference,10000,true,uniform,READ,33762,5453997,2254011,1823811,10181,12,62,0,0,0,200,2108,2349156,31168411,310193044,1479888857,63362476,5137612,1035335789491,1073627626,110064315,17822971,1,0,0,0,0,3734,26780.93197643278,100000,33.15619,21,11271,43,70,100000
18,clean-run,10000,true,uniform,READ,124382,3402483,1327517,1317425,133731,1,0,0,4,385024,200,2109,2349320,31171946,310240314,1480168774,63421978,5147778,1035549128622,1073880529,110065302,17844467,1,0,0,0,0,7889,12675.877804537964,100000,74.66567,42,18703,102,254,100000
18,avg-run,10000,true,uniform,READ,237635,7232835,2473342,2432328,244179,5,0,0,4,385024,200,2109,2349320,31177320,310291340,1480302061,63421978,5147778,1035757990898,1074121746,110065424,17844467,1,0,0,0,0,7765,12878.3000643915,100000,73.58592,52,14911,95,143,100000
19,extend,10000,true,zipfian,EXTEND,56250060,290224357,304452304,303044449,25525132,1900980,25384775,0,0,0,200,2122,2364775,31339410,311904502,1482564242,63678616,5196309,1042830254546,1082762348,110593933,17844467,0,0,0,0,1,351540,284.4626500540479,100000,3507.07308,533,310527,16463,30751,100000
19,run,10000,true,uniform,READ,59067158,293540654,305881909,304450979,25526015,1901002,25385651,0,0,0,200,2123,2370222,31343333,312710327,1483842970,63718108,5201003,1043215880958,1084480418,111659678,17844467,1,0,0,0,0,11433,8746.610688358262,100000,110.08084,49,18639,146,301,100000
19,reference,10000,true,uniform,READ,35716,5754921,2382375,1925144,10181,12,62,0,0,0,200,2123,2370222,31343333,312710327,1483844779,63718108,5201003,1043215880958,1084480418,111659678,17844467,1,0,0,0,0,3707,26975.991367682764,100000,32.95023,21,16719,43,75,100000
19,clean-run,10000,true,uniform,READ,152747,3438773,1413422,1403330,139308,1,0,0,4,385024,200,2124,2370378,31346598,312757909,1484159067,63766826,5209043,1043439982408,1084744573,111660665,17867823,1,0,0,0,0,8285,12070.006035003018,100000,78.72761,43,38719,109,270,100000
19,avg-run,10000,true,uniform,READ,371337,8447649,3556360,3515346,349763,5,0,0,4,385024,200,2124,2370378,31352448,312824843,1484404462,63766826,5209043,1043672162146,1085186156,111660785,17867823,1,0,0,0,0,8756,11420.740063956144,100000,83.48432,55,16335,102,150,100000
20,extend,10000,true,zipfian,EXTEND,62007031,315457200,336780609,335297684,28303596,2001057,28157519,0,0,0,200,2138,2386905,31521588,314502439,1486761383,64035807,5257903,1051214589049,1094383114,112197166,17867823,0,0,0,0,1,366163,273.1024161370756,100000,3653.61091,501,433151,17855,31999,100000
20,run,10000,true,uniform,READ,64981025,318832877,338271718,336766594,28304491,2001079,28158412,0,0,0,200,2139,2391116,31527174,315380744,1488068320,64079014,5270238,1051611128399,1096242739,113354884,17867823,1,0,0,0,0,11728,8526.603001364256,100000,112.91801,46,26159,146,315,100000
20,reference,10000,true,uniform,READ,37657,6055858,2510739,2026477,10181,12,62,0,0,0,200,2139,2391116,31527174,315380744,1488072866,64079014,5270238,1051611128449,1096242740,113354884,17867823,1,0,0,0,0,3753,26645.35038635758,100000,33.31667,21,14719,45,73,100000
20,clean-run,10000,true,uniform,READ,171027,3477107,1470040,1459948,145067,1,0,0,4,385024,200,2140,2391282,31529699,315428588,1488407385,64124525,5281003,1051846009679,1096518438,113355871,17891872,1,0,0,0,0,8400,11904.761904761905,100000,79.79208,42,56703,107,262,100000
20,avg-run,10000,true,uniform,READ,382195,8445467,3602459,3561445,355067,5,0,0,4,385024,200,2140,2391282,31535721,315495594,1488651818,64124525,5281003,1052086677165,1096949558,113355992,17891872,1,0,0,0,0,10405,9610.764055742431,100000,99.96978,73,14407,129,223,100000
21,extend,10000,true,zipfian,EXTEND,68658746,341590659,369899651,368342110,31148634,2101145,30996584,0,0,0,200,2155,2410669,31707164,317313753,1491061019,64411319,5335235,1060072344815,1106982420,114322653,17891872,0,0,0,0,1,375050,266.6311158512198,100000,3742.30625,505,297471,18463,33887,100000
21,run,10000,true,uniform,READ,70964920,344791294,371447767,369868904,31149084,2101156,30997036,0,0,0,200,2155,2410848,31710530,318173560,1492406882,64411319,5335235,1060277513312,1108293232,114745895,17891872,1,0,0,0,0,12098,8265.829062654984,100000,116.78339,49,27519,152,346,100000
21,reference,10000,true,uniform,READ,39615,6356778,2639103,2127810,10181,12,62,0,0,0,200,2155,2410848,31710530,318173560,1492408696,64411319,5335235,1060277513312,1108293232,114745895,17891872,1,0,0,0,0,3930,25445.29262086514,100000,35.15172,21,14279,46,71,100000
21,clean-run,10000,true,uniform,READ,178285,3510283,1481974,1471882,151093,1,0,0,4,385024,200,2156,2411055,31715699,318250640,1492758380,64490708,5344190,1060523211491,1108581058,114746882,17919603,1,0,0,0,0,8810,11350.737797956866,100000,83.9565,45,19007,117,282,100000
21,avg-run,10000,true,uniform,READ,404135,8538336,3620797,3579783,361554,5,0,0,4,385024,200,2156,2411055,31721947,318310382,1493003957,64490708,5344190,1060776575493,1109042191,114747009,17919603,1,0,0,0,0,9111,10975.743606629349,100000,86.9853,57,15823,104,172,100000
22,extend,10000,true,zipfian,EXTEND,73962500,367894115,404655223,403024835,34138017,2201211,33979647,0,0,0,200,2171,2429982,31898497,320261573,1495493218,64785907,5415239,1068840165147,1118783154,115235879,17919603,0,0,0,0,1,391860,255.19318123819733,100000,3910.30795,527,254207,19007,35775,100000
22,run,10000,true,uniform,READ,77262064,371733257,406293413,404639950,34138920,2201233,33980554,0,0,0,200,2172,2434126,31903489,321266104,1496863063,64785907,5415239,1069328233335,1120927671,116239326,17919603,1,0,0,0,0,12583,7947.2303902090125,100000,121.68206,50,26575,155,351,100000
22,reference,10000,true,uniform,READ,41606,6657738,2768357,2229157,10181,12,62,0,0,0,200,2172,2434126,31903489,321266104,1496870148,64785907,5415239,1069328233335,1120927671,116239326,17919603,1,0,0,0,0,3408,29342.723004694835,100000,29.86607,21,15327,41,72,100000
22,clean-run,10000,true,uniform,READ,214122,3544362,1598166,1588074,157471,1,0,0,4,385024,200,2173,2434353,31906950,321328837,1497257082,64862874,5423032,1069584792886,1121228320,116240313,17946569,1,0,0,0,0,8999,11112.3458162018,100000,85.88326,43,24079,117,290,100000
22,avg-run,10000,true,uniform,READ,432557,8548061,3735965,3694951,367934,12,0,0,4,385024,200,2173,2434353,31913026,321396305,1497504064,64862874,5423032,1069847336585,1121675464,116240441,17946569,1,0,0,0,0,8819,11339.154099104207,100000,84.09064,57,18175,104,168,100000
23,extend,10000,true,zipfian,EXTEND,80470149,396035194,441549805,439844954,37313430,2301288,37148709,0,0,0,200,2189,2454570,32097830,323324966,1500083335,65160432,5484624,1078434370392,1132075171,116808945,17946569,0,0,0,0,1,404716,247.08684608466183,100000,4038.86339,538,475647,21039,38079,100000
23,run,10000,true,uniform,READ,83867452,399647256,443215734,441487808,37314347,2301310,37149625,0,0,0,200,2190,2459917,32104886,324398338,1501480055,65199426,5495002,1078912468354,1134242268,118174347,17946569,1,0,0,0,0,12710,7867.820613690008,100000,122.9348,56,29791,158,342,100000
23,reference,10000,true,uniform,READ,43580,6958715,2897611,2330504,10181,12,62,0,0,0,200,2190,2459919,32104886,324398338,1501484285,65199426,5495002,1078912468354,1134242268,118174347,17946569,1,0,0,0,0,3426,29188.55808523059,100000,30.16716,21,11879,40,76,100000
23,clean-run,10000,true,uniform,READ,228313,4539027,1608206,1597237,164368,1,0,0,4,385024,200,2191,2460065,32110272,324484117,1501873460,65262257,5505264,1079182749626,1134588522,118175336,17973713,1,0,0,0,0,9359,10684.902233144567,100000,89.34836,45,26319,122,268,100000
23,avg-run,10000,true,uniform,READ,439265,9508011,3742045,3701031,374368,5,0,0,4,385024,200,2191,2460065,32116002,324551563,1502120140,65262257,5505264,1079453418620,1135019654,118175461,17973713,1,0,0,0,0,8911,11222.08506340478,100000,84.94584,58,21535,105,178,100000
24,extend,10000,true,zipfian,EXTEND,87895059,425063363,479647929,477868017,40596241,2401376,40424955,0,0,0,200,2208,2482348,32304896,326552617,1504782489,65573326,5570911,1088610063680,1146459477,119236253,17973713,0,0,0,0,1,417900,239.29169657812875,100000,4170.43306,437,255103,21983,39391,100000
24,run,10000,true,uniform,READ,90457124,428343182,481358133,479556022,40597171,2401398,40425884,0,0,0,200,2209,2484870,32309838,327537999,1506195647,65617420,5583041,1088900445803,1148022769,119951855,17973713,1,0,0,0,0,12855,7779.074290159471,100000,124.23424,52,23599,162,356,100000
24,reference,10000,true,uniform,READ,45552,7259694,3026865,2431851,10181,12,62,0,0,0,200,2209,2484870,32309838,327537999,1506197489,65617420,5583041,1088900445853,1148022770,119951855,17973713,1,0,0,0,0,4136,24177.949709864602,100000,37.12787,21,11431,47,74,100000
24,clean-run,10000,true,uniform,READ,247384,4515825,1725354,1714388,170507,1,0,0,4,385024,200,2210,2485077,32312126,327601931,1506626549,65651123,5590162,1089178760747,1148349609,119952842,18002919,1,0,0,0,0,9601,10415.581710238517,100000,91.85895,48,34015,125,296,100000
24,avg-run,10000,true,uniform,READ,458556,9483686,3856776,3815765,380507,5,0,0,4,385024,200,2211,2485221,32318185,327666358,1506872169,65651123,5590162,1089459814479,1148780750,119953043,18002919,1,0,0,0,0,10839,9225.943352707814,100000,104.35386,79,16895,137,228,100000
25,extend,10000,true,zipfian,EXTEND,93792894,454185902,519472445,517618406,44031385,2501464,43853511,0,0,0,200,2228,2507794,32510520,329765807,1509622655,65987539,5660694,1098750429415,1159917111,120509361,18002919,0,0,0,0,1,425562,234.9833866745621,100000,4246.99224,471,256767,21695,40735,100000
25,run,10000,true,uniform,READ,97487514,457963390,521278239,519402001,44032316,2501486,43854442,0,0,0,200,2228,2508589,32521242,330988060,1511072014,65987539,5660694,1099212843627,1162336170,121677049,18002919,1,0,0,0,0,12716,7864.108210128971,100000,122.91342,55,67391,161,340,100000
25,reference,10000,true,uniform,READ,47543,7560654,3156119,2533198,10181,12,62,0,0,0,200,2228,2508589,32521242,330988416,1511073867,65987539,5660694,1099212843627,1162336170,121677049,18002919,1,0,0,0,0,3748,26680.896478121664,100000,33.28868,21,11663,44,77,100000
25,clean-run,10000,true,uniform,READ,261796,4550859,1772431,1762339,177167,1,0,0,4,385024,200,2229,2508799,32524667,331059535,1511521571,66091898,5669471,1099502057822,1162676403,121678036,18032251,1,0,0,0,0,9407,10630.381630700542,100000,89.73489,46,36959,123,287,100000
25,avg-run,10000,true,uniform,READ,483124,9546064,3908103,3867089,387643,5,0,0,4,385024,200,2230,2508987,32530677,331129893,1511766677,66091898,5669471,1099794890587,1163123133,121678112,18032251,1,0,0,0,0,9648,10364.842454394693,100000,92.49573,62,21519,112,164,100000
26,extend,10000,true,zipfian,EXTEND,101181290,484745574,560831974,558904052,47597640,2601541,47413190,0,0,0,200,2247,2532404,32724886,333116785,1514605735,66428118,5743309,1109540445794,1174803690,122360462,18032251,0,0,0,0,1,425096,235.2409808607938,100000,4242.50059,470,501759,22191,40319,100000
26,run,10000,true,uniform,READ,104599207,488284737,562663965,560712967,47598581,2601563,47414124,0,0,0,200,2248,2535120,32733721,334337165,1516074036,66428118,5743309,1110002764876,1177165276,123564984,18032251,1,0,0,0,0,13297,7520.49334436339,100000,128.77114,55,29327,170,366,100000
26,reference,10000,true,uniform,READ,49535,7861686,3286263,2634559,10181,12,62,0,0,0,200,2248,2535120,32733721,334337165,1516075845,66428118,5743309,1110002764876,1177165276,123564984,18032251,1,0,0,0,0,3527,28352.707683583783,100000,31.07358,21,11439,42,73,100000
26,clean-run,10000,true,uniform,READ,275173,4585908,1840004,1829912,183762,1,0,0,4,385024,200,2249,2535336,32739254,334430246,1516538517,66517873,5753082,1110302870087,1177518796,123565971,18063474,1,0,0,0,0,9650,10362.694300518135,100000,92.20523,48,34495,130,297,100000
26,avg-run,10000,true,uniform,READ,567291,9861604,3975399,3934385,394243,5,0,0,4,385024,200,2250,2535995,32745713,334504297,1516850955,66517873,5753082,1110606838362,1177984818,123566151,18063474,1,0,0,0,0,9984,10016.02564102564,100000,95.83804,63,17743,120,189,100000
27,extend,10000,true,zipfian,EXTEND,108062153,515485528,603422437,601419980,51272962,2701629,51081801,0,0,0,200,2268,2561145,32945441,336830167,1519773951,66855409,5829437,1120555303991,1189784937,124105469,18063474,0,0,0,0,1,438028,228.29590802414458,100000,4371.9875,497,408831,22719,42431,100000
27,run,10000,true,uniform,READ,111998991,519676197,605370692,603345160,51273900,2701651,51082738,0,0,0,200,2269,2565165,32951762,338163656,1521272484,66910626,5840486,1121146221058,1192468167,125636172,18063474,1,0,0,0,0,13256,7543.753771876886,100000,128.3223,53,39263,166,381,100000
27,reference,10000,true,uniform,READ,51542,8162703,3416407,2735920,10181,12,62,0,0,0,200,2269,2565165,32951762,338163656,1521274294,66910626,5840486,1121146221108,1192468168,125636172,18063474,1,0,0,0,0,3557,28113.5788585887,100000,31.41359,21,14607,44,74,100000
27,clean-run,10000,true,uniform,READ,299353,4612898,1925210,1915118,190484,1,0,0,4,385024,200,2270,2565384,32957715,338264910,1521767409,66956989,5847782,1121460434121,1192873247,125637162,18094558,1,0,0,0,0,10181,9822.217856792064,100000,97.7457,50,60831,132,314,100000
27,avg-run,10000,true,uniform,READ,600044,9854246,4060452,4019438,400966,5,0,0,4,385024,200,2271,2566279,32963991,338339971,1522085021,66956989,5847782,1121771401218,1193304387,125637333,18094558,1,0,0,0,0,9828,10175.010175010175,100000,94.16738,63,16495,116,185,100000
28,extend,10000,true,zipfian,EXTEND,115571093,547816476,647848250,645770446,55103998,2801728,54906275,0,0,0,200,2290,2595203,33172356,340774694,1525112885,67322672,5919110,1132149372498,1205578137,126185331,18094558,0,0,0,0,1,459319,217.71361515635104,100000,4584.82814,474,496383,23551,45951,100000
28,run,10000,true,uniform,READ,119586410,552072502,649828757,647728954,55104944,2801750,54907219,0,0,0,200,2290,2595370,33179892,342131371,1526628490,67404477,5929890,1132692416774,1208382696,127363597,18094558,1,0,0,0,0,13658,7321.716210279689,100000,132.34518,59,26623,175,399,100000
28,reference,10000,true,uniform,READ,53549,8463720,3546551,2837281,10181,12,62,0,0,0,200,2290,2595370,33179893,342131371,1526634341,67404477,5929890,1132692416774,1208382696,127363597,18094558,1,0,0,0,0,3832,26096.033402922756,100000,34.06892,21,11727,45,72,100000
28,clean-run,10000,true,uniform,READ,311267,4638011,1958395,1947429,197070,1,0,0,4,385024,200,2291,2595656,33182188,342206009,1527143227,67404491,5938885,1133014335684,1208763379,127364584,18127807,1,0,0,0,0,10296,9712.509712509713,100000,98.65505,49,59167,136,312,100000
28,avg-run,10000,true,uniform,READ,591220,9820171,4089817,4048806,407070,5,0,0,4,385024,200,2292,2596902,33188558,342279501,1527461640,67404491,5938885,1133335211862,1209194038,127364629,18127807,1,0,0,0,0,11488,8704.735376044568,100000,110.67296,83,16111,140,236,100000
29,extend,10000,true,zipfian,EXTEND,123573224,580994684,693386066,691234474,59033049,2901816,58828803,0,0,0,200,2311,2624440,33403822,344479122,1530577061,67770912,6010543,1144072494289,1221975673,128074299,18127807,0,0,0,0,1,470584,212.50191251721265,100000,4697.40673,505,504575,26415,47583,100000
29,run,10000,true,uniform,READ,127399165,584624975,695465295,693290628,59033997,2901838,58829751,0,0,0,200,2312,2626307,33413088,345745687,1532134016,67789178,6015015,1144601923430,1224623147,129555098,18127807,1,0,0,0,0,14021,7132.158904500392,100000,135.93962,56,69311,172,351,100000
29,reference,10000,true,uniform,READ,55606,8764760,3677585,2938656,10181,12,62,0,0,0,200,2312,2626307,33413088,345745687,1532135755,67789178,6015015,1144601923430,1224623147,129555098,18127807,1,0,0,0,0,3831,26102.845210127904,100000,33.97597,21,14143,44,76,100000
29,clean-run,10000,true,uniform,READ,336789,4665458,2054144,2044052,203588,1,0,0,4,385024,200,2313,2626518,33417037,345832607,1532674504,67886562,6024358,1144934692229,1225016486,129556085,18163062,1,0,0,0,0,10438,9580.379383023568,100000,100.17686,50,45983,139,325,100000
29,avg-run,10000,true,uniform,READ,696920,9560055,4189193,4148179,414073,5,0,0,4,385024,200,2314,2626615,33424555,345934462,1533072794,67886562,6024358,1145267763564,1225467528,129556258,18163062,1,0,0,0,0,9669,10342.33116144379,100000,92.54677,62,18911,117,178,100000
30,extend,10000,true,zipfian,EXTEND,132201084,616100846,741380084,739153635,63175439,3001915,62964817,0,0,0,200,2335,2656601,33651352,348433857,1536324045,68282427,6103746,1156835379928,1239501605,130692214,18163062,0,0,0,0,1,496004,201.61127732840865,100000,4950.99676,518,330239,27647,50239,100000
30,run,10000,true,uniform,READ,135433644,620545896,743533548,741284024,63176384,3001937,62965764,0,0,0,200,2335,2656917,33661677,349790316,1537902865,68381144,6112083,1157208598303,1241743102,131526546,18163062,1,0,0,0,0,14005,7140.307033202428,100000,135.58664,56,31343,180,381,100000
30,reference,10000,true,uniform,READ,57663,9065800,3808619,3040031,10181,12,62,0,0,0,200,2335,2656917,33661677,349790316,1537904603,68381144,6112083,1157208598303,1241743102,131526546,18163062,1,0,0,0,0,3807,26267.402153926978,100000,33.8159,21,11871,45,76,100000
30,clean-run,10000,true,uniform,READ,343564,4691940,2084668,2074576,209988,1,0,0,4,385024,200,2336,2657132,33665870,349884805,1538450465,68381161,6112088,1157552223139,1242149263,131527533,18198432,1,0,0,0,0,10286,9721.952167995334,100000,98.45923,50,33183,137,313,100000
30,avg-run,10000,true,uniform,READ,704764,9593019,4219660,4178646,420471,5,0,0,4,385024,200,2337,2657685,33673336,349984861,1538851214,68381161,6112088,1157895479395,1242604310,131527703,18198432,1,0,0,0,0,9921,10079.629069650236,100000,95.26743,63,16703,116,175,100000
31,extend,10000,true,zipfian,EXTEND,139460000,652589703,790620487,788319340,67424401,3102014,67207415,0,0,0,200,2358,2686866,33902076,352642122,1542181356,68764941,6206641,1169495242087,1256234881,132178730,18198432,0,0,0,0,1,504520,198.20819789106477,100000,5036.58942,474,526335,28399,50815,100000
31,run,10000,true,uniform,READ,143937366,657738465,792824375,790500153,67425212,3102036,67208248,0,0,0,200,2359,2691585,33911006,354247692,1543787292,68825974,6217666,1170118071539,1259255509,134056746,18198432,1,0,0,0,0,14362,6962.818548948614,100000,139.3453,56,30191,180,373,100000
31,reference,10000,true,uniform,READ,59716,9366844,3939653,3141406,10181,12,62,0,0,0,200,2359,2691585,33911006,354247692,1543788998,68825974,6217666,1170118071539,1259255509,134056746,18198432,1,0,0,0,0,4070,24570.02457002457,100000,36.37692,21,14903,46,74,100000
31,clean-run,10000,true,uniform,READ,373123,4710582,2179937,2169845,216427,1,0,0,4,385024,200,2360,2691711,33916077,354350040,1544369229,68898157,6225962,1170472598685,1259675015,134057737,18235772,1,0,0,0,0,10809,9251.54963456379,100000,103.87072,53,31551,144,363,100000
31,avg-run,10000,true,uniform,READ,740490,9619503,4314409,4273395,426809,5,0,0,4,385024,200,2361,2692628,33923300,354451065,1544767963,68898157,6225962,1170825994152,1260136636,134057782,18235772,1,0,0,0,0,9992,10008.006405124099,100000,95.69766,64,17023,116,167,100000
32,extend,10000,true,zipfian,EXTEND,148330533,690476833,840961641,838584960,71767007,3202124,71543989,0,0,0,200,2383,2725419,34159444,357157879,1548186580,69295628,6330497,1182750054863,1274213131,134817309,18235772,0,0,0,0,1,519499,192.4931520561156,100000,5185.98773,507,586751,29135,53087,100000
32,run,10000,true,uniform,READ,152701924,695625482,843237452,840837696,71767623,3202146,71544618,0,0,0,200,2384,2726055,34166639,358661985,1549803114,69381294,6341060,1183338725624,1277169767,136195003,18235772,1,0,0,0,0,14398,6945.409084595082,100000,139.62396,58,31343,178,410,100000
32,reference,10000,true,uniform,READ,61806,9667924,4071577,3242795,10181,12,62,0,0,0,200,2384,2726055,34166639,358661985,1549809979,69381294,6341060,1183338725674,1277169768,136195003,18235772,1,0,0,0,0,3925,25477.707006369426,100000,34.9519,21,15743,46,75,100000
32,clean-run,10000,true,uniform,READ,394589,4741197,2277708,2266742,222515,1,0,0,4,385024,200,2385,2726196,34168778,358742372,1550413669,69402534,6350663,1183704034163,1277601122,136195990,18273810,1,0,0,0,0,10883,9188.642837452908,100000,104.52412,52,41087,139,328,100000
32,avg-run,10000,true,uniform,READ,740985,9606650,4409130,4368119,432515,5,0,0,4,385024,200,2386,2727608,34176294,358842703,1550815130,69402534,6350663,1184064897147,1278032085,136196115,18273810,1,0,0,0,0,11965,8357.709987463435,100000,115.42301,84,21215,146,219,100000
33,extend,10000,true,zipfian,EXTEND,156871650,729749351,894270911,891819631,76371427,3302223,76142369,0,0,0,200,2409,2760089,34411369,361625674,1554369252,69805482,6449286,1196596350428,1292664632,136828874,18273810,0,0,0,0,1,517204,193.3473058986396,100000,5163.26523,511,515327,28527,53119,100000
33,run,10000,true,uniform,READ,161670116,735048179,896557581,894082350,76371863,3302245,76142820,0,0,0,200,2410,2763634,34419599,363417025,1556014189,69889664,6461032,1197246172855,1296019004,138818513,18273810,1,0,0,0,0,14624,6838.074398249453,100000,142.01981,63,41759,184,381,100000
33,reference,10000,true,uniform,READ,63863,9969037,4203501,3344184,10181,12,62,0,0,0,200,2410,2763637,34419599,363417025,1556015998,69889664,6461032,1197246172855,1296019004,138818513,18273810,1,0,0,0,0,3453,28960.324355632783,100000,30.30697,21,16375,43,73,100000
33,clean-run,10000,true,uniform,READ,410483,4762441,2319558,2309466,228627,1,0,0,4,385024,200,2411,2763737,34426259,363541737,1556643773,69941959,6471031,1197622300317,1296462642,138819500,18313097,1,0,0,0,0,11043,9055.510278004165,100000,106.00961,52,86079,147,321,100000
33,avg-run,10000,true,uniform,READ,787010,9691661,4453164,4412150,438840,5,0,0,4,385024,200,2412,2765449,34433482,363639542,1557039212,69941959,6471031,1197996261788,1296939321,138819606,18313097,1,0,0,0,0,10630,9407.33772342427,100000,102.17189,69,22111,124,190,100000
34,extend,10000,true,zipfian,EXTEND,166043034,769383442,947992193,945465527,81011697,3402322,80776564,0,0,0,200,2435,2799986,34669096,366360575,1560656264,70339793,6572961,1210660450221,1311700256,139476208,18313097,0,0,0,0,1,519765,192.3946398853328,100000,5189.27312,457,593919,29071,54207,100000
34,run,10000,true,uniform,READ,170880883,774711523,950379983,947829366,81012035,3402344,80776908,0,0,0,200,2436,2807935,34678522,368158474,1562325043,70405836,6584834,1211350161516,1315060229,141638780,18313097,1,0,0,0,0,15421,6484.663770183516,100000,149.7971,68,34335,192,405,100000
34,reference,10000,true,uniform,READ,65920,10270150,4335425,3445573,10181,12,62,0,0,0,200,2436,2807935,34678522,368158474,1562332840,70405836,6584834,1211350161516,1315060229,141638780,18313097,1,0,0,0,0,4228,23651.844843897823,100000,37.97769,21,16735,48,79,100000
34,clean-run,10000,true,uniform,READ,414270,4789105,2337429,2326463,234730,1,0,0,4,385024,200,2437,2808002,34680781,368246858,1562965084,70493980,6594338,1211737110731,1315516133,141639767,18353531,1,0,0,0,0,11199,8929.36869363336,100000,107.43779,54,31583,150,361,100000
34,avg-run,10000,true,uniform,READ,761278,9653818,4468851,4427840,444730,5,0,0,4,385024,200,2438,2809457,34688503,368344436,1563364689,70493980,6594338,1212117916573,1315946959,141639845,18353531,1,0,0,0,0,12529,7981.4829595338815,100000,121.02297,89,20863,156,233,100000
35,extend,10000,true,zipfian,EXTEND,176437100,810863912,1003704817,1001102152,85821879,3502432,85580941,0,0,0,200,2462,2844996,34931034,371199125,1567120883,70900345,6702331,1225562036643,1332082829,142888045,18353531,0,0,0,0,1,537736,185.96486008003927,100000,5368.72824,450,675839,29871,56223,100000
35,run,10000,true,uniform,READ,180032163,815499907,1006146235,1003520495,85822111,3502454,85581179,0,0,0,200,2463,2848177,34940340,372897160,1568818401,70925006,6708018,1226027470694,1334748887,144158681,18353531,1,0,0,0,0,15184,6585.879873551106,100000,147.42578,66,32287,191,413,100000
35,reference,10000,true,uniform,READ,68006,10571234,4467349,3546962,10181,12,62,0,0,0,200,2463,2848177,34940340,372897160,1568821156,70925006,6708018,1226027470694,1334748887,144158681,18353531,1,0,0,0,0,3321,30111.412225233362,100000,28.88279,21,14135,39,70,100000
35,clean-run,10000,true,uniform,READ,435769,4810743,2404239,2394147,240568,1,0,0,4,385024,200,2464,2848414,34947028,373022392,1569479040,71034592,6716194,1226425201043,1335216500,144159668,18396328,1,0,0,0,0,11444,8738.203425375743,100000,110.0939,54,45375,155,334,100000
35,avg-run,10000,true,uniform,READ,813786,9736923,4537616,4496602,450694,12,0,0,4,385024,200,2465,2849410,34954574,373125218,1569880331,71034592,6716194,1226818917185,1335692439,144159733,18396328,1,0,0,0,0,10820,9242.144177449169,100000,104.09503,69,16719,124,180,100000
36,extend,10000,true,zipfian,EXTEND,184648753,851645788,1060826276,1058148545,90754482,3602542,90507816,0,0,0,200,2490,2885948,35200558,376142195,1573728982,71452603,6837689,1240337750027,1351360828,144858613,18396328,0,0,0,0,1,552381,181.0344671522011,100000,5515.02595,517,415487,30879,57823,100000
36,run,10000,true,uniform,READ,189744782,857157259,1063293501,1060591819,90754665,3602564,90508004,0,0,0,200,2491,2888912,35207845,378090688,1575441803,71551836,6849304,1240972978059,1354929691,146680343,18396328,1,0,0,0,0,15102,6621.639517944643,100000,146.34003,58,36223,188,406,100000
36,reference,10000,true,uniform,READ,70096,10872314,4599273,3648351,10181,12,62,0,0,0,200,2491,2888914,35207845,378090688,1575443612,71551836,6849304,1240972978109,1354929692,146680343,18396328,1,0,0,0,0,3406,29359.953024075163,100000,29.83291,21,12239,43,75,100000
36,clean-run,10000,true,uniform,READ,433654,4841376,2401256,2391164,246303,1,0,0,4,385024,200,2492,2889052,35214933,378231203,1576105954,71589733,6858793,1241381479686,1355408814,146681330,18437977,1,0,0,0,0,11597,8622.919720617401,100000,111.49762,57,37855,155,334,100000
36,avg-run,10000,true,uniform,READ,815418,9772907,4534256,4493242,456397,5,0,0,4,385024,200,2493,2891128,35222523,378324824,1576504819,71589733,6858793,1241785328477,1355889246,146681358,18437977,1,0,0,0,0,12025,8316.008316008316,100000,116.01045,83,15703,147,221,100000
37,extend,10000,true,zipfian,EXTEND,194616849,894224723,1119602676,1116849159,95834996,3702652,95582735,0,0,0,200,2519,2927400,35474250,381188718,1580478101,72018884,6975655,1255741729252,1372071515,147442927,18438074,0,0,0,0,1,556578,179.66933655300784,100000,5557.07838,459,484863,32399,58943,100000
37,run,10000,true,uniform,READ,199562781,899378798,1122176911,1119400319,95835123,3702674,95582866,0,0,0,200,2519,2928879,35480824,383012930,1582219127,72129435,6987085,1256371114897,1375684102,149204714,18438074,1,0,0,0,0,15598,6411.078343377356,100000,151.43485,65,36895,197,430,100000
37,reference,10000,true,uniform,READ,72174,11173479,4732087,3749754,10181,12,62,0,0,0,200,2519,2928879,35480824,383012930,1582232761,72129435,6987085,1256371114897,1375684102,149204714,18438074,1,0,0,0,0,3915,25542.784163473818,100000,34.91479,21,11839,44,69,100000
37,clean-run,10000,true,uniform,READ,479490,4866024,2562687,2552595,251904,1,0,0,4,385024,200,2520,2929121,35488059,383154019,1582945336,72129453,6996154,1256790373172,1376174446,149205702,18483056,1,0,0,0,0,11934,8379.420144126027,100000,115.0569,56,49503,159,369,100000
37,avg-run,10000,true,uniform,READ,860978,9800447,4695566,4654552,461974,5,0,0,4,385024,200,2521,2931465,35495568,383251050,1583341970,72129453,6996154,1257204252804,1376656297,149205730,18483056,1,0,0,0,0,12264,8153.9465101108935,100000,118.57984,89,20895,148,230,100000
38,extend,10000,true,zipfian,EXTEND,204769422,937142522,1179516661,1176687389,101008411,3802762,100750647,0,0,0,200,2547,2970761,35746990,386092627,1587439893,72560509,7093733,1271526926168,1393250135,150075813,18483056,0,0,0,0,1,550136,181.77323425480245,100000,5492.20794,506,665599,33151,59167,100000
38,run,10000,true,uniform,READ,209458277,942101234,1182080165,1179228031,101008510,3802784,100750747,0,0,0,200,2548,2971748,35754041,387906447,1589200098,72599397,7105364,1272225037357,1396798502,152287216,18483056,1,0,0,0,0,15432,6480.041472265422,100000,149.87072,59,32335,198,427,100000
38,reference,10000,true,uniform,READ,74297,11474599,4864901,3851157,10181,12,62,0,0,0,200,2548,2971748,35754041,387906447,1589201931,72599397,7105364,1272225037357,1396798502,152287216,18483056,1,0,0,0,0,3553,28145.229383619477,100000,31.26071,21,14359,43,69,100000
38,clean-run,10000,true,uniform,READ,483948,4895548,2581749,2571657,257398,1,0,0,4,385024,200,2549,2972026,35759223,388032467,1589922461,72707419,7113021,1272655027332,1397299884,152288203,18528463,1,0,0,0,0,12271,8149.295085975064,100000,118.27337,58,53439,163,356,100000
38,avg-run,10000,true,uniform,READ,851146,9801781,4714571,4673557,467457,5,0,0,4,385024,200,2550,2973531,35766932,388128882,1590316741,72707419,7113021,1273077635659,1397760648,152288245,18528463,1,0,0,0,0,12227,8178.621084485156,100000,118.04964,88,21103,152,222,100000
39,extend,10000,true,zipfian,EXTEND,215532438,981377789,1241117133,1238212881,106335013,3902883,106071866,0,0,0,200,2577,3014402,36029805,391340289,1594518459,73156832,7225238,1288033177725,1415435972,153585509,18528463,0,0,0,0,1,581457,171.98176305384578,100000,5805.71898,483,404479,34207,62783,100000
39,run,10000,true,uniform,READ,219630432,986318844,1243796143,1240869221,106335076,3902905,106071930,0,0,0,200,2578,3016933,36039863,393292096,1596314791,73187510,7236459,1288595759015,1418515941,155215203,18528463,1,0,0,0,0,15942,6272.738677706687,100000,155.08212,69,49183,200,416,100000
39,reference,10000,true,uniform,READ,76368,11775771,4997715,3952560,10181,12,62,0,0,0,200,2578,3016933,36039863,393292096,1596316552,73187510,7236459,1288595759015,1418515941,155215203,18528463,1,0,0,0,0,3631,27540.622418066647,100000,32.09642,21,13255,43,74,100000
39,clean-run,10000,true,uniform,READ,487856,4923114,2593446,2583354,262816,1,0,0,4,385024,200,2579,3017229,36046385,393433236,1597041080,73301653,7245137,1289036478615,1419028186,155216190,18575202,1,0,0,0,0,11959,8361.903169161302,100000,115.3102,59,34687,159,358,100000
39,avg-run,10000,true,uniform,READ,1086012,10220071,5726183,5685169,572858,5,0,0,4,385024,200,2580,3019918,36054983,393562569,1597680133,73301653,7245137,1289483179602,1419703448,155216217,18575202,1,0,0,0,0,13372,7478.312892611427,100000,129.61788,93,15511,163,240,100000
40,extend,10000,true,zipfian,EXTEND,224506940,1025402824,1304189448,1301210829,111784810,4003004,111516346,0,0,0,200,2607,3058954,36323384,396884244,1601978255,73759871,7370912,1304410018212,1436820645,155880014,18575202,0,0,0,0,1,592357,168.8171153544231,100000,5914.98578,470,821759,35103,65439,100000
40,run,10000,true,uniform,READ,230226970,1031257512,1306911661,1303909091,111784865,4003026,111516402,0,0,0,200,2608,3063247,36331629,399135359,1603788636,73893849,7382391,1305101024785,1440907427,157681819,18575202,1,0,0,0,0,16424,6088.650754992694,100000,159.97233,65,36319,204,446,100000
40,reference,10000,true,uniform,READ,78520,12076935,5131419,4053977,10181,12,62,0,0,0,200,2608,3063247,36331629,399135359,1603797662,73893849,7382391,1305101024785,1440907427,157681819,18575202,1,0,0,0,0,3798,26329.647182727753,100000,33.64269,21,13911,44,72,100000
40,clean-run,10000,true,uniform,READ,506311,4949387,2649131,2639039,268155,1,0,0,4,385024,200,2609,3063443,36335775,399260175,1604546507,73893865,7391201,1305552462635,1441430360,157682806,18626849,1,0,0,0,0,12258,8157.937673356176,100000,118.20299,59,35295,167,370,100000
40,avg-run,10000,true,uniform,READ,1087332,10218340,5781843,5740829,578192,5,0,0,4,385024,200,2610,3065635,36344678,399394248,1605181245,73893865,7391201,1306007817339,1442083279,157682826,18626849,1,0,0,0,0,15083,6629.980773055758,100000,146.61793,108,15719,188,262,100000
41,extend,10000,true,zipfian,EXTEND,235360040,1070922099,1368534302,1365479670,117344917,4103125,117071380,0,0,0,200,2638,3107542,36612107,402642895,1609596625,74349817,7511176,1321265355137,1459566470,158382471,18626849,0,0,0,0,1,589929,169.51192431631603,100000,5890.32943,484,578559,35487,64799,100000
41,run,10000,true,uniform,READ,241136886,1076832724,1371253701,1368175681,117344952,4103147,117071416,0,0,0,200,2639,3108570,36618300,404941042,1611421546,74411554,7522220,1322079613771,1463696507,161059011,18626849,1,0,0,0,0,16237,6158.773172384061,100000,158.05192,70,32895,208,451,100000
41,reference,10000,true,uniform,READ,80676,12378095,5265123,4155394,10181,12,62,0,0,0,200,2639,3108572,36618300,404941042,1611430277,74411554,7522220,1322079613771,1463696507,161059011,18626849,1,0,0,0,0,3781,26448.029621793175,100000,33.42591,21,14303,43,77,100000
41,clean-run,10000,true,uniform,READ,534735,4985737,2776071,2765105,273265,1,0,0,4,385024,200,2640,3108802,36620845,405053545,1612212789,74524790,7529511,1322541737872,1464229692,161059998,18675069,1,0,0,0,0,12619,7924.558205880022,100000,121.8332,58,40607,168,388,100000
41,avg-run,10000,true,uniform,READ,1099693,10224931,5907493,5866482,583265,5,0,0,4,385024,200,2641,3111766,36629087,405179004,1612845654,74524790,7529511,1323005736473,1464860626,161060014,18675069,1,0,0,0,0,15462,6467.4686327771315,100000,150.28491,114,22095,191,260,100000
42,extend,10000,true,zipfian,EXTEND,247610610,1118828171,1435421589,1432292292,123135390,4203246,122856810,0,0,0,200,2671,3155887,36906092,408464801,1617417609,74993444,7665514,1339245857840,1483949513,162400256,18675069,0,0,0,0,1,609057,164.18824510677982,100000,6081.96436,562,602623,36383,65919,100000
42,run,10000,true,uniform,READ,251904878,1123780461,1438220184,1435066936,123135412,4203268,122856834,0,0,0,200,2672,3159982,36914043,410623691,1619279275,75094170,7675346,1339812090734,1487383036,163961011,18675069,1,0,0,0,0,16461,6074.9650689508535,100000,160.17264,61,37471,206,439,100000
42,reference,10000,true,uniform,READ,82832,12679255,5398827,4256811,10181,12,62,0,0,0,200,2672,3159984,36914043,410623691,1619283119,75094170,7675346,1339812090734,1487383036,163961011,18675069,1,0,0,0,0,3654,27367.26874657909,100000,32.24858,21,12287,44,72,100000
42,clean-run,10000,true,uniform,READ,545270,5007290,2783464,2772503,278346,1,0,0,0,0,200,2673,3160124,36916498,410736399,1620080915,75137893,7684781,1340284835800,1487926381,163961998,18724490,1,0,0,0,0,12390,8071.0250201775625,100000,119.43085,56,53791,168,366,100000
42,avg-run,10000,true,uniform,READ,1110060,10246307,5914885,5873879,588346,5,0,0,0,0,200,2674,3161965,36925095,410865351,1620713721,75137893,7684781,1340758715058,1488557315,163962014,18724490,1,0,0,0,0,15594,6412.722842118764,100000,151.69299,114,20031,196,287,100000
43,extend,10000,true,zipfian,EXTEND,257292653,1165203295,1502999959,1499794921,128981332,4303367,128697990,0,0,0,200,2704,3205504,37205521,414397180,1625374720,75613757,7825130,1356866985358,1506913579,164702948,18724665,0,0,0,0,1,622359,160.67896503465042,100000,6214.8131,507,875007,37055,67455,100000
43,run,10000,true,uniform,READ,263359320,1171278548,1505841256,1502612267,128981346,4303389,128698005,0,0,0,200,2705,3212989,37212342,416816047,1627257201,75708556,7836745,1357689604229,1511258496,167457537,18724665,1,0,0,0,0,16637,6010.699044298852,100000,161.92291,70,35647,211,423,100000
43,reference,10000,true,uniform,READ,84955,12980448,5532531,4358228,10181,12,62,0,0,0,200,2705,3212989,37212342,416816047,1627266807,75708556,7836745,1357689604229,1511258496,167457537,18724665,1,0,0,0,0,3629,27555.80049600441,100000,32.06322,21,15783,42,65,100000
43,clean-run,10000,true,uniform,READ,549544,5041067,2815378,2805211,283147,1,0,0,0,0,200,2706,3213058,37217955,416958519,1628072809,75790581,7846585,1358172676282,1511811432,167458524,18780009,1,0,0,0,0,12729,7856.076675308351,100000,122.88405,59,47007,174,398,100000
43,avg-run,10000,true,uniform,READ,1139878,10328704,5948527,5907438,593163,22,0,0,0,0,200,2707,3215761,37226512,417090536,1628703174,75790581,7846585,1358658408542,1512478396,167458543,18780009,1,0,0,0,0,15855,6307.158625039419,100000,154.35088,114,17023,199,286,100000
44,extend,10000,true,zipfian,EXTEND,269073754,1213162649,1571276455,1567994834,134886540,4403488,134598558,0,0,0,200,2737,3260079,37509577,420489667,1633442868,76272769,7972740,1375010116507,1531154524,168308945,18780009,0,0,0,0,1,627242,159.42809952139683,100000,6263.80175,462,743935,38207,67007,100000
44,run,10000,true,uniform,READ,274855205,1218831175,1574177691,1570872119,134886549,4403510,134598567,0,0,0,200,2738,3261366,37516773,422719543,1635354993,76419047,7995126,1375824419824,1535408499,170924378,18780009,1,0,0,0,0,17035,5870.2670971529205,100000,165.89663,72,36095,215,439,100000
44,reference,10000,true,uniform,READ,87083,13281709,5667125,4459659,10181,12,62,0,0,0,200,2738,3261366,37516773,422719543,1635361640,76419047,7995126,1375824419824,1535408499,170924378,18780009,1,0,0,0,0,3587,27878.449958182326,100000,31.41357,21,12823,41,77,100000
44,clean-run,10000,true,uniform,READ,573155,5066628,2912306,2901345,287831,1,0,0,0,0,200,2739,3261595,37519298,422844908,1636190707,76419064,8001950,1376317744939,1535970877,170925365,18832034,1,0,0,0,0,13183,7585.526814837291,100000,127.32691,61,165887,174,357,100000
44,avg-run,10000,true,uniform,READ,1135718,10307815,6043727,6002721,597831,5,0,0,0,0,200,2740,3263161,37528115,422971289,1636825494,76419064,8001950,1376810905184,1536601811,170925377,18832034,1,0,0,0,0,16338,6120.700208103807,100000,158.98774,120,18767,203,273,100000
45,extend,10000,true,zipfian,EXTEND,280303990,1260209009,1639268184,1635910999,140759193,4503609,140466681,0,0,0,200,2770,3304792,37788861,426547907,1641625054,76873607,8126008,1393010985235,1554939104,171610452,18832034,0,0,0,0,1,582274,171.74045208956608,100000,5813.71465,495,829439,30991,62687,100000
45,run,10000,true,uniform,READ,286637777,1266675616,1642261954,1638881253,140759201,4503631,140466689,0,0,0,200,2771,3307438,37795567,429175302,1643558450,76948676,8136084,1393909934603,1559412625,174520159,18832034,1,0,0,0,0,17668,5659.950192438307,100000,172.17513,62,35583,225,526,100000
45,reference,10000,true,uniform,READ,89206,13582902,5800829,4561076,10181,12,62,0,0,0,200,2771,3307438,37795567,429175302,1643560328,76948676,8136084,1393909934603,1559412625,174520159,18832034,1,0,0,0,0,3545,28208.744710860366,100000,31.05203,21,13711,41,72,100000
45,clean-run,10000,true,uniform,READ,591130,5085930,2952134,2941173,292396,1,0,0,0,0,200,2772,3307609,37797980,429296173,1644414279,77068839,8145234,1394413498616,1559984152,174521146,18883947,1,0,0,0,0,13192,7580.351728320194,100000,127.87861,61,38399,176,392,100000
45,avg-run,10000,true,uniform,READ,1157580,10322971,6083555,6042549,602396,5,0,0,0,0,200,2773,3308574,37806683,429425996,1645048742,77068839,8145234,1394916254995,1560615085,174521158,18883947,1,0,0,0,0,15994,6252.344629235963,100000,155.75531,118,20703,196,287,100000
46,extend,10000,true,zipfian,EXTEND,293638584,1310484838,1709782785,1706350152,146852358,4603741,146555239,0,0,0,200,2804,3354587,38100815,432942002,1649990879,77578622,8277399,1412040979679,1580534925,175845101,18883947,0,0,0,0,1,644968,155.04645191699433,100000,6440.55639,528,800767,38431,67007,100000
46,run,10000,true,uniform,READ,298218287,1315588530,1712786378,1709330141,146852362,4603763,146555243,0,0,0,200,2805,3360595,38108370,435337250,1651952618,77727984,8288460,1412588819566,1584276924,177200930,18883947,1,0,0,0,0,17122,5840.439201027917,100000,166.8549,72,36703,215,426,100000
46,reference,10000,true,uniform,READ,91362,13884135,5935423,4662507,10181,12,62,0,0,0,200,2805,3360595,38108370,435337250,1651954491,77727984,8288460,1412588819566,1584276924,177200930,18883947,1,0,0,0,0,3836,26068.821689259647,100000,34.14021,21,11791,44,73,100000
46,clean-run,10000,true,uniform,READ,602939,5110623,2986652,2975691,297034,1,0,0,0,0,200,2806,3360875,38110881,435465803,1652824649,77728002,8294997,1413102619387,1584857754,177201917,18938259,1,0,0,0,0,13323,7505.8170081813405,100000,129.12924,62,36223,175,395,100000
46,avg-run,10000,true,uniform,READ,1167775,10348978,6118073,6077067,607034,5,0,0,0,0,200,2807,3361669,38119847,435598431,1653457498,77751043,8297644,1413614962854,1585488690,177201927,18938259,1,0,0,0,0,16016,6243.756243756244,100000,155.96246,119,19679,195,289,100000
47,extend,10000,true,zipfian,EXTEND,305369608,1359946667,1781210129,1777701906,153027971,4703873,152726396,0,0,0,200,2839,3410496,38414313,439218299,1658504148,78225029,8419364,1431045606875,1605640205,178531325,18938259,0,0,0,0,1,644937,155.0539044898959,100000,6440.34421,507,615935,38399,68287,100000
47,run,10000,true,uniform,READ,310026315,1365085343,1784233629,1780701792,153027975,4703895,152726400,0,0,0,200,2840,3411257,38423129,441665636,1660470875,78288159,8431048,1431751088505,1609468633,180954958,18938259,1,0,0,0,0,17311,5776.673791231009,100000,168.6171,70,39103,220,468,100000
47,reference,10000,true,uniform,READ,93518,14185368,6070017,4763938,10181,12,62,0,0,0,200,2840,3411257,38423129,441665636,1660480965,78288159,8431048,1431751088505,1609468633,180954958,18938259,1,0,0,0,0,3533,28304.557033682424,100000,30.89044,21,11719,44,73,100000
47,clean-run,10000,true,uniform,READ,612707,5133369,3031217,3020256,301502,1,0,0,0,0,200,2841,3411549,38425642,441794660,1661361578,78400728,8439147,1432275101388,1610058460,180955945,18992787,1,0,0,0,0,13349,7491.197842535022,100000,129.61289,63,38847,177,389,100000
47,avg-run,10000,true,uniform,READ,1178355,10370969,6162638,6121632,611502,5,0,0,0,0,200,2842,3412486,38434545,441921117,1661994980,78419565,8441884,1432797039141,1610689395,180955955,18992787,1,0,0,0,0,16246,6155.361319709467,100000,158.38095,118,23359,201,281,100000
48,extend,10000,true,zipfian,EXTEND,315841775,1408633111,1853405307,1849822351,159271027,4803994,158964967,0,0,0,200,2874,3456469,38706158,445568602,1667157475,78847447,8575554,1450059084447,1630121109,181669031,18992787,0,0,0,0,1,602699,165.92030184221312,100000,6018.21132,533,616447,31007,63711,100000
48,run,10000,true,uniform,READ,322275353,1414804955,1856516435,1852909072,159271031,4804016,158964971,0,0,0,200,2875,3466943,38717337,448212724,1669167109,78938452,8587753,1450956208852,1634879169,184762927,18992787,1,0,0,0,0,18308,5462.093074065982,100000,179.20585,77,105151,230,782,100000
48,reference,10000,true,uniform,READ,95657,14486618,6204611,4865369,10181,12,62,0,0,0,200,2875,3466944,38717337,448212724,1669168948,78938452,8587753,1450956208852,1634879169,184762927,18992787,1,0,0,0,0,3380,29585.798816568047,100000,29.66094,21,12575,43,83,100000
48,clean-run,10000,true,uniform,READ,631179,5150440,3091261,3081174,306004,1,0,0,0,0,200,2876,3466994,38722940,448371459,1670074009,79062665,8597273,1451490434202,1635478045,184763914,19048661,1,0,0,0,0,13758,7268.498328245384,100000,133.95009,63,40671,185,442,100000
48,avg-run,10000,true,uniform,READ,1224073,10436940,6224073,6183064,616017,12,0,0,0,0,200,2877,3467303,38732208,448498964,1670707059,79081999,8599878,1452024215445,1636146345,184763925,19048661,1,0,0,0,0,16260,6150.0615006150065,100000,158.58999,122,17215,202,299,100000
49,extend,10000,true,zipfian,EXTEND,329702368,1459810188,1926313170,1922653973,165570342,4904126,165259779,0,0,0,200,2910,3515838,39032369,452265786,1675958244,79554281,8746051,1469865339531,1656710046,186139433,19048661,0,0,0,0,1,663592,150.6950053647422,100000,6626.92654,519,694783,39071,69183,100000
49,run,10000,true,uniform,READ,334510613,1465072841,1929361918,1925679088,165570346,4904148,165259783,0,0,0,200,2911,3525088,39042216,454727814,1677962845,79635812,8758004,1470556570566,1660600751,188561522,19048661,1,0,0,0,0,17462,5726.720879624327,100000,170.23641,78,52255,224,440,100000
49,reference,10000,true,uniform,READ,97813,14787851,6339205,4966800,10181,12,62,0,0,0,200,2911,3525090,39042216,454727814,1677964710,79635812,8758004,1470556570566,1660600751,188561522,19048661,1,0,0,0,0,3564,28058.361391694725,100000,31.47372,21,12007,43,73,100000
49,clean-run,10000,true,uniform,READ,631158,5174581,3101769,3091682,310521,1,0,0,0,0,200,2912,3525195,39048060,454886819,1678871365,79731788,8766787,1471101004439,1661208716,188562509,19105353,1,0,0,0,0,13975,7155.6350626118065,100000,135.90827,62,37183,195,459,100000
49,avg-run,10000,true,uniform,READ,1225533,10463238,6234344,6193335,620534,5,0,0,0,0,200,2913,3525384,39058024,455022157,1679504348,79751023,8769317,1471644601290,1661879287,188562519,19105353,1,0,0,0,0,16286,6140.243153628884,100000,158.6107,122,23567,195,297,100000
50,extend,10000,true,zipfian,EXTEND,340974490,1509239009,1999332979,1995597368,171885075,5004258,171570022,0,0,0,200,2946,3568928,39356804,458792932,1684847055,80236528,8901574,1489308068881,1681858680,189520951,19105353,0,0,0,0,1,660090,151.4944931751731,100000,6591.69912,545,889855,39103,69183,100000
50,run,10000,true,uniform,READ,347147399,1515156317,2002516471,1998757169,171885079,5004280,171570026,0,0,0,200,2947,3576815,39364905,461190209,1686896291,80335249,8912846,1490141963615,1686362765,192301765,19105353,1,0,0,0,0,18360,5446.623093681917,100000,179.30048,80,111295,232,486,100000
50,reference,10000,true,uniform,READ,99978,15089148,6474689,5068245,10181,12,62,0,0,0,200,2947,3576815,39364905,461190209,1686898023,80335249,8912846,1490141963615,1686362765,192301765,19105353,1,0,0,0,0,3723,26860.059092130003,100000,33.02114,21,15879,45,75,100000
50,clean-run,10000,true,uniform,READ,649351,5179521,3130266,3120179,315024,1,0,0,0,0,200,2949,3576912,39371690,461363265,1687827432,80426047,8922392,1490696851105,1686979831,192302795,19167472,1,0,0,0,0,14454,6918.500069185001,100000,140.90928,65,62431,199,764,100000
50,avg-run,10000,true,uniform,READ,1331363,10668062,6262841,6221832,625037,5,0,0,0,0,200,2950,3576979,39381540,461502816,1688547755,80461002,8925033,1491250746902,1687656068,192302879,19167472,1,0,0,0,0,16824,5943.889681407513,100000,163.99765,123,19567,204,300,100000
51,extend,10000,true,zipfian,EXTEND,353318788,1559216181,2072955005,2069143762,178242667,5104390,177923100,0,0,0,200,2982,3619939,39684948,465301264,1693953495,80961127,9068214,1508945733156,1707543616,193109133,19167472,0,0,0,0,1,670011,149.25128094911875,100000,6691.0911,529,685567,38655,69247,100000
51,run,10000,true,uniform,READ,360014074,1565650911,2076156777,2072321100,178242671,5104412,177923104,0,0,0,200,2983,3630978,39692700,467986014,1696010575,81050813,9079840,1509850440040,1712298764,196196968,19167472,1,0,0,0,0,18747,5334.186803221849,100000,183.78603,79,77183,240,847,100000
51,reference,10000,true,uniform,READ,102139,15390449,6610173,5169690,10181,12,62,0,0,0,200,2983,3630979,39692700,467986014,1696012419,81050813,9079840,1509850440040,1712298764,196196968,19167472,1,0,0,0,0,3489,28661.507595299514,100000,30.72979,21,16575,44,77,100000
51,clean-run,10000,true,uniform,READ,657926,5204343,3193058,3182971,319542,1,0,0,0,0,200,2985,3631045,39699333,468161282,1696953158,81169399,9088444,1510415590894,1712924894,196198003,19225601,1,0,0,0,0,14376,6956.037840845855,100000,139.99122,64,48287,199,562,100000
51,avg-run,10000,true,uniform,READ,1339635,10691699,6325633,6284624,629555,5,0,0,0,0,200,2986,3631112,39709532,468300501,1697674881,81204467,9090908,1510979040056,1713600480,196198087,19225601,1,0,0,0,0,16841,5937.889674009857,100000,164.21646,125,20415,200,286,100000
52,extend,10000,true,zipfian,EXTEND,366260839,1609858660,2146999055,2143111607,184635960,5204522,184311890,0,0,0,200,3018,3674430,40012238,472129773,1703163877,81706827,9227958,1528825034981,1733598533,197017506,19225601,0,0,0,0,1,668174,149.66161508828537,100000,6673.00211,532,649215,39007,69567,100000
52,run,10000,true,uniform,READ,372982363,1616300122,2150233769,2146321989,184635964,5204544,184311894,0,0,0,200,3020,3677763,40022348,474834079,1705233495,81859455,9249670,1529728724902,1738377163,200042949,19225601,1,0,0,0,0,18773,5326.799126404943,100000,183.78622,79,105983,241,809,100000
52,reference,10000,true,uniform,READ,104324,15691726,6745657,5271135,10181,12,62,0,0,0,200,3020,3677765,40022348,474834079,1705235332,81859455,9249670,1529728724902,1738377163,200042949,19225601,1,0,0,0,0,3731,26802.46582685607,100000,32.98731,21,15791,43,75,100000
52,clean-run,10000,true,uniform,READ,686810,5203008,3242622,3231661,324048,1,0,0,0,0,200,3022,3677969,40025415,474977023,1706208742,81899717,9259807,1530304074811,1739012397,200043981,19289195,1,0,0,0,0,15442,6475.845097785261,100000,150.32763,64,46271,211,891,100000
52,avg-run,10000,true,uniform,READ,1333849,10634982,6374043,6333037,634048,5,0,0,0,0,200,3023,3678036,40035429,475112170,1706924821,81933686,9262273,1530874454136,1739643333,200044058,19289195,1,0,0,0,0,16903,5916.109566349169,100000,164.85491,129,17631,200,301,100000
53,extend,10000,true,zipfian,EXTEND,380959876,1663254647,2223729146,2219764854,191269409,5304665,190940755,0,0,0,200,3057,3723419,40345283,479039842,1712586530,82445437,9416052,1549780858408,1761284796,201503125,19289195,0,0,0,0,1,686054,145.76112084471484,100000,6851.01962,543,710655,38623,68991,100000
53,run,10000,true,uniform,READ,385853181,1668493739,2227127221,2223139874,191269411,5304676,190940757,0,0,0,200,3058,3733111,40355924,481730681,1714707217,82541054,9426761,1550468840262,1765366053,203911120,19289195,1,0,0,0,0,18906,5289.326139849783,100000,184.92434,74,65023,234,735,100000
53,reference,10000,true,uniform,READ,106496,15993016,6881141,5372580,10181,12,62,0,0,0,200,3058,3733112,40355924,481730681,1714709072,82541054,9426761,1550468840262,1765366053,203911120,19289195,1,0,0,0,0,4214,23730.422401518746,100000,37.8103,21,28799,43,409,100000
53,clean-run,10000,true,uniform,READ,688475,5225826,3281867,3271780,328632,1,0,0,0,0,200,3060,3733257,40363783,481929335,1715685287,82638333,9436915,1551054459740,1766010527,203912158,19351525,1,0,0,0,0,14664,6819.421713038734,100000,142.3653,66,37471,197,541,100000
53,avg-run,10000,true,uniform,READ,1375084,10654509,6414442,6373433,638645,5,0,0,0,0,200,3061,3733321,40374162,482075854,1716401318,82672791,9439400,1551638243205,1766705598,203912240,19351525,1,0,0,0,0,16980,5889.2815076560655,100000,165.66908,126,21695,204,299,100000
54,extend,10000,true,zipfian,EXTEND,393723819,1714673585,2299601992,2295563466,197810177,5404786,197476859,0,0,0,200,3095,3782360,40686519,485968399,1722123598,83190299,9589142,1570331086221,1788030281,205338977,19351525,0,0,0,0,1,686890,145.58371791698818,100000,6860.02961,523,774143,39007,69183,100000
54,run,10000,true,uniform,READ,398773652,1719900015,2302981198,2298918784,197810181,5404808,197476863,0,0,0,200,3096,3789363,40695457,488472537,1724250300,83306936,9600733,1571002133636,1792083980,207320996,19351525,1,0,0,0,0,18800,5319.148936170212,100000,183.47926,78,47871,240,508,100000
54,reference,10000,true,uniform,READ,108668,16294306,7016625,5474025,10181,12,62,0,0,0,200,3096,3789363,40695457,488472537,1724252059,83306936,9600733,1571002133636,1792083980,207320996,19351525,1,0,0,0,0,3543,28224.668360146767,100000,31.17001,21,14287,43,75,100000
54,clean-run,10000,true,uniform,READ,714914,5234505,3361533,3351446,333299,1,0,0,0,0,200,3098,3789538,40703626,488668968,1725259176,83362797,9609149,1571598121376,1792737873,207322052,19414620,1,0,0,0,0,16247,6154.982458299994,100000,158.8046,70,43327,220,875,100000
54,avg-run,10000,true,uniform,READ,1396992,10658501,6494108,6453099,643312,5,0,0,0,0,200,3099,3789602,40713735,488815681,1725971311,83398576,9611437,1572191225711,1793428336,207322131,19414620,1,0,0,0,0,17036,5869.9225170227755,100000,166.11886,127,24463,201,302,100000
55,extend,10000,true,zipfian,EXTEND,406824750,1766394389,2376127665,2372013264,204411670,5504929,204073751,0,0,0,200,3133,3833894,41030645,492850832,1731832663,83912256,9771565,1591170744802,1814957977,208787240,19414620,0,0,0,0,1,700565,142.741929728148,100000,6997.08666,568,705535,40095,70015,100000
55,run,10000,true,uniform,READ,411958011,1771791890,2379517536,2375379736,204411674,5504951,204073755,0,0,0,200,3134,3836209,41039043,495485308,1733966456,84074879,9794625,1591889979794,1819048822,211067033,19414620,1,0,0,0,0,18735,5337.603416066187,100000,183.22212,72,42719,241,498,100000
55,reference,10000,true,uniform,READ,110853,16595583,7152109,5575470,10181,12,62,0,0,0,200,3134,3836209,41039043,495485308,1733973421,84074879,9794625,1591889979794,1819048822,211067033,19414620,1,0,0,0,0,3554,28137.310073157005,100000,31.32417,21,11743,44,72,100000
55,clean-run,10000,true,uniform,READ,702738,5249734,3304905,3293944,337904,1,0,0,0,0,200,3136,3836509,41042188,495641761,1734972244,84074916,9802566,1592496198640,1819712038,211068089,19477946,1,0,0,0,0,15069,6636.140420731303,100000,146.58914,65,215039,200,492,100000
55,avg-run,10000,true,uniform,READ,1338922,10599711,6436343,6395337,647904,5,0,0,0,0,200,3137,3836573,41052724,495787767,1735686427,84107502,9804833,1593095428900,1820342974,211068153,19477946,1,0,0,0,0,17145,5832.604257801108,100000,167.40178,131,17071,208,278,100000
56,extend,10000,true,zipfian,EXTEND,419181421,1818410408,2454194216,2450004037,211151730,5605072,210809107,0,0,0,200,3172,3883287,41378491,499997016,1741626368,84650481,9959168,1612234823553,1841680979,212126929,19477959,0,0,0,0,1,718303,139.2170156605221,100000,7174.03288,532,626687,40319,71743,100000
56,run,10000,true,uniform,READ,425818361,1824540856,2457640577,2453426441,211151734,5605094,210809111,0,0,0,200,3173,3891063,41388220,502581514,1743776196,84755539,9969750,1613132821735,1846470995,215139046,19477959,1,0,0,0,0,19147,5222.750300308142,100000,187.56933,81,74751,242,801,100000
56,reference,10000,true,uniform,READ,113075,16896896,7288483,5676929,10181,12,62,0,0,0,200,3173,3891066,41388220,502581514,1743786142,84755539,9969750,1613132821735,1846470995,215139046,19477959,1,0,0,0,0,3833,26089.225150013044,100000,34.13165,20,11735,45,75,100000
56,clean-run,10000,true,uniform,READ,817576,5358378,3522763,3510925,342622,1,0,0,0,0,200,3175,3891138,41405133,502797717,1744844519,84850126,9978141,1613753725363,1847220582,215140088,19545798,1,0,0,0,0,78807,1268.922811425381,100000,782.11086,72,131199,3811,5823,100000
56,avg-run,10000,true,uniform,READ,1456457,10705695,6654317,6612434,652622,5,0,0,0,0,200,3176,3891202,41418561,502966075,1745559939,84948556,9980235,1614362550998,1847851518,215140140,19545798,1,0,0,0,0,17094,5850.00585000585,100000,166.7425,128,23855,204,284,100000
57,extend,10000,true,zipfian,EXTEND,433161149,1870836945,2531789701,2527522628,217843261,5705215,217495847,0,0,0,200,3211,3934153,41735491,506907541,1751544112,85474457,10131641,1633490604774,1869116097,216267413,19545798,0,0,0,0,1,697813,143.30486820967795,100000,6969.54612,517,843263,39487,69183,100000
57,run,10000,true,uniform,READ,439453195,1876465280,2535351247,2531061266,217843265,5705237,217495851,0,0,0,200,3212,3942461,41744011,509267702,1753729853,85560838,10143153,1634385809049,1873799863,219292324,19545798,1,0,0,0,0,19713,5072.794602546543,100000,193.39447,78,102719,246,769,100000
57,reference,10000,true,uniform,READ,115297,17198209,7424857,5778388,10181,12,62,0,0,0,200,3212,3942462,41744011,509267702,1753741897,85560838,10143153,1634385809049,1873799863,219292324,19545798,1,0,0,0,0,3497,28595.939376608523,100000,30.82521,20,11767,42,74,100000
57,clean-run,10000,true,uniform,READ,759570,5286611,3558719,3548632,347400,1,0,0,0,0,200,3214,3942536,41750896,509460837,1754801246,85656002,10151519,1635012781787,1874482264,219293414,19611253,1,0,0,0,0,16142,6195.019204559534,100000,157.44269,70,41727,212,836,100000
57,avg-run,10000,true,uniform,READ,1433451,10693385,6691294,6650285,657413,5,0,0,0,0,200,3215,3942600,41761343,509607294,1755518736,85689980,10153431,1635633989609,1875160104,219293471,19611253,1,0,0,0,0,17558,5695.409499943046,100000,171.24127,128,24127,211,315,100000
58,extend,10000,true,zipfian,EXTEND,447814921,1924305368,2611197755,2606855908,224689298,5805358,224336988,0,0,0,200,3251,3986780,42081668,513601407,1761669239,86235340,10292699,1655428187747,1897399033,220782793,19611253,0,0,0,0,1,703442,142.15813101861988,100000,7025.86514,525,754175,39423,68991,100000
58,run,10000,true,uniform,READ,452985454,1929607849,2614727437,2610361863,224689302,5805380,224336992,0,0,0,200,3252,3996495,42089639,516368742,1763855753,86332188,10304489,1656176390374,1901704309,223350080,19611253,1,0,0,0,0,19130,5227.391531625719,100000,187.59887,74,37919,248,493,100000
58,reference,10000,true,uniform,READ,117486,17499482,7560341,5879833,10181,12,62,0,0,0,200,3252,3996496,42089639,516368742,1763857573,86332188,10304489,1656176390374,1901704309,223350080,19611253,1,0,0,0,0,3736,26766.59528907923,100000,33.26362,21,12207,44,76,100000
58,clean-run,10000,true,uniform,READ,762806,5292037,3532947,3521986,352295,1,0,0,0,0,200,3254,3996590,42092836,516527503,1764927159,86430522,10313205,1656813685572,1902396558,223351179,19679203,1,0,0,0,0,15998,6250.781347668459,100000,156.30579,69,42271,214,836,100000
58,avg-run,10000,true,uniform,READ,1399790,10641086,6664385,6623379,662295,5,0,0,0,0,200,3255,3996654,42104291,516679691,1765640667,86462377,10315019,1657441690130,1903027494,223351226,19679203,1,0,0,0,0,17551,5697.681043815167,100000,171.33836,129,23967,212,325,100000
59,extend,10000,true,zipfian,EXTEND,460135760,1976624233,2691099444,2686680329,231582395,5905501,231225199,0,0,0,200,3291,4040211,42435993,520920513,1771891270,87010816,10475601,1677056424290,1924651084,224333012,19679203,0,0,0,0,1,726438,137.65799696601775,100000,7255.16073,514,739327,39711,71231,100000
59,run,10000,true,uniform,READ,467126768,1982950241,2694711696,2690268062,231582399,5905523,231225203,0,0,0,200,3292,4048696,42445001,523681127,1774102925,87116654,10487441,1678004902576,1929720377,227613705,19679203,1,0,0,0,0,24280,4118.616144975288,100000,235.55103,88,110207,446,1469,100000
59,reference,10000,true,uniform,READ,119675,17800828,7696715,5981292,10181,12,62,0,0,0,200,3292,4048696,42445001,523681127,1774107099,87116654,10487441,1678004902576,1929720377,227613705,19679203,1,0,0,0,0,3632,27533.039647577094,100000,32.05086,20,13655,42,73,100000
59,clean-run,10000,true,uniform,READ,763254,5311456,3562754,3551793,357183,1,0,0,0,0,200,3294,4048755,42448187,523842230,1775179386,87232138,10496958,1678652360118,1930422451,227614789,19746192,1,0,0,0,0,15962,6264.879087833605,100000,155.71832,73,40447,213,725,100000
59,avg-run,10000,true,uniform,READ,1401428,10659292,6694175,6653169,667183,5,0,0,0,0,200,3295,4048819,42458665,523984087,1775893828,87263920,10498683,1679289950969,1931053386,227614835,19746192,1,0,0,0,0,17309,5777.341267548674,100000,168.93915,130,17455,204,293,100000
60,extend,10000,true,zipfian,EXTEND,474263595,2030047547,2771724862,2767228635,238533406,6005644,238171190,0,0,0,200,3331,4092670,42793380,528349934,1782263372,87820409,10662972,1699061107550,1952759678,228541970,19746192,0,0,0,0,1,740720,135.00378010584296,100000,7397.96587,528,756223,39871,70655,100000
60,run,10000,true,uniform,READ,481663944,2036838600,2775324580,2770803955,238533410,6005666,238171194,0,0,0,200,3333,4095619,42801083,531324541,1784477045,87992300,10685687,1700103825826,1957974771,231960983,19746192,1,0,0,0,0,22130,4518.752824220515,100000,216.9123,73,113023,316,1192,100000
60,reference,10000,true,uniform,READ,121852,18102259,7833979,6082765,10181,12,62,0,0,0,200,3333,4095625,42801083,531324541,1784478781,87992300,10685687,1700103825826,1957974771,231960983,19746192,1,0,0,0,0,3780,26455.026455026455,100000,33.51574,21,16671,43,70,100000
60,clean-run,10000,true,uniform,READ,802268,5314054,3674478,3663517,362203,1,0,0,0,0,200,3335,4095783,42809316,531483265,1785593226,88038865,10694097,1700761521443,1958686952,231962061,19812372,1,0,0,0,0,24869,4021.0704089428605,100000,242.13284,73,100159,336,3767,100000
60,avg-run,10000,true,uniform,READ,1655716,10210176,7805915,7764909,772203,5,0,0,0,0,200,3336,4095831,42826184,531732613,1786547517,88078936,10696672,1701422144477,1959518169,231962106,19812372,1,0,0,0,0,17994,5557.408024897188,100000,175.78724,131,17311,218,303,100000
61,extend,10000,true,zipfian,EXTEND,490420028,2085977342,2853923049,2849349084,245628749,6105787,245261558,0,0,0,200,3373,4139060,43166803,536062549,1793109522,88632061,10866499,1722057153336,1982578010,233524165,19812679,0,0,0,0,1,749113,133.4912089364355,100000,7482.24202,543,842239,40255,71039,100000
61,run,10000,true,uniform,READ,496059783,2091513947,2857673166,2853074885,245628753,6105809,245261562,0,0,0,200,3375,4148029,43173690,538845566,1795373512,88777524,10883675,1722840379014,1987036471,235773143,19812679,1,0,0,0,0,21209,4714.979489839219,100000,205.27591,87,123455,260,702,100000
61,reference,10000,true,uniform,READ,124107,18403612,7971243,6184238,10181,12,62,0,0,0,200,3375,4148030,43173690,538845566,1795375348,88777524,10883675,1722840379014,1987036471,235773143,19812679,1,0,0,0,0,3309,30220.61045633122,100000,28.84263,19,17743,39,72,100000
61,clean-run,10000,true,uniform,READ,883833,5430663,3742965,3731127,367191,8,0,0,0,0,200,3377,4148179,43190853,539081008,1796509185,88836194,10892182,1723513085208,1987841975,235774194,19886417,1,0,0,0,0,85974,1163.1423453602251,100000,853.84349,73,163455,4435,6763,100000
61,avg-run,10000,true,uniform,READ,1739541,10324650,7874518,7832635,777191,12,0,0,0,0,200,3378,4148228,43207413,539321975,1797467342,88939160,10894500,1724183301900,1988673191,235774239,19886417,1,0,0,0,0,18334,5454.347114650376,100000,179.60368,138,17775,222,298,100000
62,extend,10000,true,zipfian,EXTEND,503966357,2140215197,2936984265,2932331853,252787257,6205930,252414967,0,0,0,200,3415,4193428,43538485,543609483,1804075716,89472704,11081440,1744756900097,2011291285,236915684,19886417,0,0,0,0,1,736844,135.71393673559126,100000,7359.53735,542,707071,36799,68223,100000
62,run,10000,true,uniform,READ,510804829,2146160732,2940727523,2936050869,252787261,6205952,252414971,0,0,0,200,3417,4201296,43549686,546249085,1806336759,89618907,11095935,1745700265084,2016400634,240146356,19886417,1,0,0,0,0,23964,4172.926055750292,100000,232.39423,79,102335,384,1478,100000
62,reference,10000,true,uniform,READ,126395,18705005,8109397,6285725,10181,12,62,0,0,0,200,3417,4201297,43549686,546249085,1806345880,89618907,11095935,1745700265084,2016400634,240146356,19886417,1,0,0,0,0,4459,22426.553038797938,100000,40.30973,19,26927,43,543,100000
62,clean-run,10000,true,uniform,READ,824082,5344131,3778328,3767367,372277,1,0,0,0,0,200,3419,4201385,43552933,546417951,1807488554,89702218,11105358,1746378230904,2017133035,240147389,19958200,1,0,0,0,0,17453,5729.67398155045,100000,167.6925,74,43775,230,934,100000
62,avg-run,10000,true,uniform,READ,1676304,10241479,7909765,7868759,782277,5,0,0,0,0,200,3420,4201433,43566081,546625559,1808439006,89734071,11107595,1747058040438,2017964252,240147434,19958200,1,0,0,0,0,18862,5301.664722722935,100000,184.40935,134,19055,218,356,100000
63,extend,10000,true,zipfian,EXTEND,519780480,2195014432,3019161322,3014432370,259866366,6306073,259488939,0,0,0,200,3458,4248416,43899891,550890825,1815158852,90303573,11263695,1767726693558,2040941962,241692187,19958200,0,0,0,0,1,735078,136.03998487235367,100000,7341.53039,518,828927,39743,70335,100000
63,run,10000,true,uniform,READ,525282470,2200398267,3023012726,3018259556,259866370,6306095,259488943,0,0,0,200,3459,4256669,43911951,553714749,1817464934,90437901,11275092,1768457628882,2045420818,243830555,19958200,1,0,0,0,0,20578,4859.558752065313,100000,201.75695,89,84415,267,762,100000
63,reference,10000,true,uniform,READ,128584,19006351,8245771,6387184,10181,12,62,0,0,0,200,3459,4256669,43911951,553714749,1817466705,90437901,11275092,1768457628882,2045420818,243830555,19958200,1,0,0,0,0,4365,22909.50744558992,100000,39.46819,20,29439,44,185,100000
63,clean-run,10000,true,uniform,READ,817264,5355549,3738059,3727972,377414,1,0,0,0,0,200,3461,4257068,43919422,553933129,1818601336,90501283,11284087,1769145836666,2046163515,243831578,20029752,1,0,0,0,0,16394,6099.79260705136,100000,159.88768,73,45247,219,780,100000
63,avg-run,10000,true,uniform,READ,1720657,10317679,7870651,7829642,787427,5,0,0,0,0,200,3462,4257116,43931428,554129643,1819562188,90532897,11286089,1769838666565,2047052293,243831630,20029752,1,0,0,0,0,19726,5069.451485349286,100000,192.84661,139,36927,221,483,100000
64,extend,10000,true,zipfian,EXTEND,534348052,2249618127,3102156802,3097350472,267009571,6406227,266627039,0,0,0,200,3500,4301500,44271055,558498248,1826367500,91107172,11443137,1790750627081,2070168222,245348974,20029752,0,0,0,0,1,745928,134.06119625486642,100000,7449.74741,575,1096703,39455,69887,100000
64,run,10000,true,uniform,READ,539980594,2255119249,3106050862,3101220346,267009575,6406249,266627043,0,0,0,200,3502,4302566,44281918,561417794,1828677662,91276848,11465599,1791592480109,2074751496,248240928,20029752,1,0,0,0,0,21929,4560.171462446988,100000,211.94406,83,42687,297,998,100000
64,reference,10000,true,uniform,READ,130806,19307664,8382145,6488643,10181,12,62,0,0,0,200,3502,4302575,44281918,561417794,1828679508,91276848,11465599,1791592480109,2074751496,248240928,20029752,1,0,0,0,0,4357,22951.572182694516,100000,39.27663,21,28479,43,195,100000
64,clean-run,10000,true,uniform,READ,912184,5477369,3845438,3833600,382532,1,0,0,0,0,200,3504,4302874,44300528,561663075,1829844114,91305851,11473915,1792296169397,2075591517,248241959,20098935,1,0,0,0,0,82267,1215.5542319520584,100000,816.75717,74,219007,4559,6815,100000
64,avg-run,10000,true,uniform,READ,1765553,10373692,7976992,7935109,792532,5,0,0,0,0,200,3505,4302924,44318983,561917870,1830794918,91406333,11475863,1792995160173,2076422733,248242004,20098935,1,0,0,0,0,18807,5317.169139150316,100000,183.89512,138,18911,225,319,100000
65,extend,10000,true,zipfian,EXTEND,549049595,2305047966,3186840335,3181955823,274301619,6506381,273913992,0,0,0,200,3544,4348561,44667292,566295775,1837806746,91989171,11655811,1814437682565,2100054194,249827459,20099522,0,0,0,0,1,766992,130.3794563698187,100000,7660.88261,545,827391,39935,70335,100000
65,run,10000,true,uniform,READ,554954188,2310643826,3190803979,3185895292,274301623,6506403,273913996,0,0,0,200,3546,4349414,44675879,569130971,1840139171,92162912,11679047,1815356397662,2104698772,252839059,20099522,1,0,0,0,0,20588,4857.198367981348,100000,201.86186,82,71423,265,682,100000
65,reference,10000,true,uniform,READ,133099,19609125,8521189,6590144,10181,12,62,0,0,0,200,3546,4349422,44675879,569130971,1840145268,92162912,11679047,1815356397662,2104698772,252839059,20099522,1,0,0,0,0,4387,22794.62046956918,100000,39.70036,20,27263,44,438,100000
65,clean-run,10000,true,uniform,READ,864869,5373097,3886811,3876724,387614,1,0,0,0,0,200,3548,4349617,44684082,569360062,1841337198,92193934,11689164,1816065235541,2105461947,252840088,20173576,1,0,0,0,0,17514,5709.717939933767,100000,171.16713,76,38815,237,837,100000
65,avg-run,10000,true,uniform,READ,1768764,10346339,8019403,7978394,797627,5,0,0,0,0,200,3549,4349666,44696075,569560699,1842292876,92226012,11691001,1816777599370,2106356536,252840140,20173576,1,0,0,0,0,19327,5174.10875976613,100000,189.06451,140,64191,220,378,100000
66,extend,10000,true,zipfian,EXTEND,564459479,2361255034,3272291536,3267329736,281656512,6606535,281263793,0,0,0,200,3588,4394931,45039373,574210590,1849342141,92788893,11862263,1838441325320,2130207688,254447801,20173576,0,0,0,0,1,755360,132.38720610040247,100000,7544.57505,537,722943,39839,70719,100000
66,run,10000,true,uniform,READ,570194472,2366896123,3276252559,3271266618,281656516,6606557,281263797,0,0,0,200,3590,4403741,45050537,577234087,1851680809,92943249,11877451,1839216118542,2134874219,256746748,20173576,1,0,0,0,0,22354,4473.472309206406,100000,219.39586,90,54815,339,1322,100000
66,reference,10000,true,uniform,READ,135321,19910511,8658453,6691617,10181,12,62,0,0,0,200,3590,4403742,45050537,577234087,1851682651,92943249,11877451,1839216118542,2134874219,256746748,20173576,1,0,0,0,0,4061,24624.47672986949,100000,36.3582,21,27295,41,521,100000
66,clean-run,10000,true,uniform,READ,869622,5386163,3903569,3892608,392706,1,0,0,0,0,200,3592,4403857,45054201,577412833,1852883405,93013907,11887071,1839935446139,2135647586,256747805,20247563,1,0,0,0,0,16806,5950.255861002023,100000,164.41434,80,38367,237,665,100000
66,avg-run,10000,true,uniform,READ,1723824,10281531,8035006,7994000,802706,5,0,0,0,0,200,3593,4403913,45067450,577622791,1853838521,93043656,11888717,1840653621159,2136478802,256747850,20247563,1,0,0,0,0,17254,5795.75750550597,100000,168.32816,126,22095,198,296,100000
67,extend,10000,true,zipfian,EXTEND,579677812,2417680978,3358383650,3353344636,289069766,6706689,288672046,0,0,0,200,3633,4448899,45413973,582295345,1861065760,93615335,12063472,1862599984939,2160474360,258372425,20247563,0,0,0,0,1,762755,131.10369646872195,100000,7618.5895,588,750591,39903,71423,100000
67,run,10000,true,uniform,READ,585652385,2423331417,3362375963,3357312823,289069770,6706711,288672050,0,0,0,200,3635,4451775,45423799,585219879,1863410693,93782452,12085359,1863533550262,2165216030,261467040,20247563,1,0,0,0,0,21214,4713.868200245121,100000,208.15512,78,135295,274,765,100000
67,reference,10000,true,uniform,READ,137576,20211864,8795717,6793090,10181,12,62,0,0,0,200,3635,4451777,45423800,585219879,1863412571,93782452,12085359,1863533550262,2165216030,261467040,20247563,1,0,0,0,0,4488,22281.63992869875,100000,40.52706,20,27247,43,421,100000
67,clean-run,10000,true,uniform,READ,944715,5509079,3900112,3888274,397720,1,0,0,0,0,200,3637,4451987,45442719,585476517,1864612179,93827694,12093168,1864268427504,2166090342,261468085,20320706,1,0,0,0,0,86906,1150.6685384208224,100000,864.33266,74,236927,4851,7463,100000
67,avg-run,10000,true,uniform,READ,1798747,10404735,8031666,7989783,807720,5,0,0,0,0,200,3638,4452035,45459625,585720560,1865569758,93930977,12094776,1864996290710,2166921559,261468130,20320706,1,0,0,0,0,17444,5732.630130703967,100000,170.25683,126,22607,201,282,100000
68,extend,10000,true,zipfian,EXTEND,594310622,2473669015,3445378887,3440261812,296561448,6806843,296158591,0,0,0,200,3678,4497562,45819085,590383440,1872852690,94529225,12270324,1886851676313,2190619400,262715635,20321013,0,0,0,0,1,788523,126.81938256715404,100000,7875.69701,583,841727,40223,70399,100000
68,run,10000,true,uniform,READ,601512713,2479836892,3449416437,3444274368,296561452,6806865,296158595,0,0,0,200,3680,4499817,45830384,593164276,1875198129,94702864,12295065,1887860753024,2195929902,266155062,20321013,1,0,0,0,0,27002,3703.4293756018074,100000,262.75783,88,123519,713,1973,100000
68,reference,10000,true,uniform,READ,139864,20513330,8934761,6894591,10181,12,62,0,0,0,200,3680,4499820,45830384,593164276,1875208998,94702864,12295065,1887860753024,2195929902,266155062,20321013,1,0,0,0,0,3886,25733.401955738547,100000,34.6648,21,24223,39,299,100000
68,clean-run,10000,true,uniform,READ,912496,5411227,4047204,4036163,402844,1,0,0,0,0,200,3682,4499964,45834048,593348115,1876455559,94763262,12302780,1888600687028,2196723665,266156121,20398589,1,0,0,0,0,17625,5673.758865248227,100000,172.55617,81,69695,240,737,100000
68,avg-run,10000,true,uniform,READ,1764851,10308445,8178642,8137556,812844,5,0,0,0,0,200,3683,4500012,45848119,593566229,1877411302,94793134,12304332,1889338154466,2197554882,266156166,20398589,1,0,0,0,0,18744,5335.0405463081515,100000,183.22742,131,39423,206,489,100000
69,extend,10000,true,zipfian,EXTEND,611338271,2531629632,3533746046,3528550927,304173780,6906997,303765743,0,0,0,200,3724,4545812,46203969,598303754,1884899799,95383291,12490044,1911878963763,2222159549,267806329,20399068,0,0,0,0,1,781537,127.95299518768785,100000,7805.46892,537,760319,40159,68479,100000
69,run,10000,true,uniform,READ,617362525,2537319649,3537815650,3532595537,304173784,6907019,303765747,0,0,0,200,3726,4548788,46220225,601363184,1887315332,95554831,12511327,1912823488627,2227035072,270967508,20399068,1,0,0,0,0,24922,4012.5190594655323,100000,241.74565,92,105343,455,1424,100000
69,reference,10000,true,uniform,READ,142086,20814716,9072025,6996064,10181,12,62,0,0,0,200,3726,4548790,46220225,601363184,1887317183,95554831,12511327,1912823488627,2227035072,270967508,20399068,1,0,0,0,0,4244,23562.6767200754,100000,38.28163,20,27823,43,158,100000
69,clean-run,10000,true,uniform,READ,908481,5433213,4053056,4042889,408024,1,0,0,0,0,200,3728,4548939,46228838,601614644,1888564844,95608144,12520026,1913573738564,2227839214,270968570,20478333,1,0,0,0,0,16844,5936.832106388031,100000,161.63666,82,64543,234,514,100000
69,avg-run,10000,true,uniform,READ,1828782,10416117,8186196,8145107,818037,22,0,0,0,0,200,3729,4548988,46241212,601819990,1889522051,95639800,12521386,1914325332752,2228746534,270968623,20478333,1,0,0,0,0,17818,5612.302166348636,100000,173.84791,130,24767,198,301,100000
70,extend,10000,true,zipfian,EXTEND,625710736,2587478090,3621655802,3616381762,311740485,7007162,311327438,0,0,0,200,3770,4592917,46622266,606841126,1897083495,96280091,12723320,1936330596867,2252321755,272001286,20478333,0,0,0,0,1,843344,118.5755753286915,100000,8424.35334,587,688127,41887,71935,100000
70,run,10000,true,uniform,READ,633346264,2594510928,3625742067,3620443033,311740489,7007184,311327442,0,0,0,200,3771,4603493,46631494,609844512,1899455223,96437976,12735192,1937463315132,2258061999,275601155,20478333,1,0,0,0,0,37404,2673.510854454069,100000,365.91363,92,130367,1488,3199,100000
70,reference,10000,true,uniform,READ,144346,21116283,9211959,7097579,10181,12,62,0,0,0,200,3771,4603495,46631494,609844512,1899457087,96437976,12735192,1937463315132,2258061999,275601155,20478333,1,0,0,0,0,9129,10954.102311315588,100000,87.02563,20,204927,41,498,100000
70,clean-run,10000,true,uniform,READ,948759,5438960,4192614,4182527,413034,1,0,0,0,0,200,3773,4603564,46640041,610094966,1900744488,96594543,12735200,1938223816586,2258876195,275602213,20557307,1,0,0,0,0,17726,5641.430666817105,100000,173.12406,78,39551,236,745,100000
70,avg-run,10000,true,uniform,READ,1864851,10418115,8325205,8284196,823047,5,0,0,0,0,200,3774,4603616,46651602,610296241,1901704853,96626604,12736453,1938984780476,2259779841,275602264,20557307,1,0,0,0,0,17612,5677.946854417442,100000,171.74199,131,19631,197,294,100000
71,extend,10000,true,zipfian,EXTEND,641952609,2645930950,3711843233,3706490272,319512391,7107316,319094403,0,0,0,200,3815,4645811,47023962,615165651,1909331169,97232905,12940551,1961520117935,2284087710,276720771,20557307,0,0,0,0,1,821553,121.72069239598663,100000,8206.06307,614,749055,40895,69567,100000
71,run,10000,true,uniform,READ,649895926,2652747757,3716058667,3710679845,319512395,7107338,319094407,0,0,0,200,3817,4656835,47034937,618351976,1911747216,97398622,12958989,1962589991470,2289831852,280473059,20557307,1,0,0,0,0,43331,2307.8165747386397,100000,427.95309,94,361983,1338,3877,100000
71,reference,10000,true,uniform,READ,146634,21417822,9351893,7199094,10181,12,62,0,0,0,200,3817,4656836,47034937,618351976,1911749071,97398622,12958989,1962589991470,2289831852,280473059,20557307,1,0,0,0,0,4465,22396.416573348266,100000,37.51426,20,31919,43,546,100000
71,clean-run,10000,true,uniform,READ,1045747,5558662,4239556,4227718,417988,1,0,0,0,0,200,3819,4656906,47053266,618624071,1913058535,97535411,12959086,1963366488551,2290751741,280474130,20635945,1,0,0,0,0,78691,1270.7933562923333,100000,770.19636,79,130495,4203,6711,100000
71,avg-run,10000,true,uniform,READ,1900494,10453600,8371109,8329226,827988,5,0,0,0,0,200,3820,4656957,47071503,618879152,1914015179,97631842,12960329,1964132722923,2291582959,280474167,20635945,1,0,0,0,0,19764,5059.704513256426,100000,193.55519,133,33567,214,733,100000
72,extend,10000,true,zipfian,EXTEND,658936723,2703706495,3801213989,3795780373,327197676,7207470,326774584,0,0,0,200,3861,4702419,47455215,623716925,1921773298,98278312,13145330,1986633231241,2315811076,281730099,20635945,0,0,0,0,1,842754,118.65858838996908,100000,8417.86378,620,676863,40927,67391,100000
72,run,10000,true,uniform,READ,666542296,2710129087,3805464652,3800005184,327197680,7207492,326774588,0,0,0,200,3863,4710148,47466228,626622708,1924202128,98475994,13165364,1987673840528,2321316317,285322995,20635945,1,0,0,0,0,63396,1577.3865859044736,100000,625.19422,96,271871,2203,4355,100000
72,reference,10000,true,uniform,READ,148955,21719401,9492717,7300623,10181,12,62,0,0,0,200,3863,4710150,47466228,626622708,1924204018,98475994,13165364,1987673840528,2321316317,285322995,20635945,1,0,0,0,0,4380,22831.0502283105,100000,36.4286,21,33023,43,573,100000
72,clean-run,10000,true,uniform,READ,955830,5457655,4189858,4178897,423079,1,0,0,0,0,200,3865,4710228,47474740,626811458,1925507313,98603169,13165372,1988455488442,2322150692,285324138,20717528,1,0,0,0,0,34706,2881.3461649282544,100000,319.90201,80,310015,698,4875,100000
72,avg-run,10000,true,uniform,READ,1874577,10435044,8322390,8280507,833092,5,0,0,0,0,200,3866,4710276,47490218,627071733,1926458261,98653747,13166459,1989235768315,2323054855,285324182,20717528,1,0,0,0,0,19680,5081.30081300813,100000,192.71988,146,19135,235,350,100000
73,extend,10000,true,zipfian,EXTEND,675422704,2761057022,3891116599,3885602346,334927531,7307635,334499571,0,0,0,200,3907,4754494,47870290,631876780,1934323093,99287609,13356448,2011764695228,2347140586,286454702,20717616,0,0,0,0,1,837509,119.40170195185962,100000,8366.10465,653,824319,42495,72511,100000
73,run,10000,true,uniform,READ,683440077,2767928197,3895448221,3889908992,334927535,7307657,334499575,0,0,0,200,3909,4766909,47881718,635047568,1936770369,99447474,13369912,2012837173392,2352855018,290167847,20717616,1,0,0,0,0,40694,2457.36472207205,100000,398.8766,93,93055,1762,3753,100000
73,reference,10000,true,uniform,READ,151243,22020940,9632651,7402138,10181,12,62,0,0,0,200,3909,4766910,47881718,635047568,1936772230,99447474,13369912,2012837173392,2352855018,290167847,20717616,1,0,0,0,0,4069,24576.06291472106,100000,36.34969,21,27599,43,328,100000
73,clean-run,10000,true,uniform,READ,974825,5473822,4269730,4258769,427947,1,0,0,0,0,200,3911,4767124,47885704,635243020,1938092054,99586393,13379188,2013628498302,2353699202,290168898,20799800,1,0,0,0,0,17689,5653.230821414439,100000,172.52126,85,40863,247,552,100000
73,avg-run,10000,true,uniform,READ,1828703,10369517,8401168,8360162,837947,5,0,0,0,0,200,3912,4767173,47900583,635469452,1939052685,99615774,13380203,2014414014068,2354530418,290168929,20799800,1,0,0,0,0,18137,5513.591001819485,100000,177.15062,134,17695,205,292,100000
74,extend,10000,true,zipfian,EXTEND,692673560,2820101223,3982934132,3977340118,342823904,7407800,342391079,0,0,0,200,3955,4814829,48290493,640419711,1947015460,100283400,13566632,2037557412631,2379363444,291423976,20799868,0,0,0,0,1,855834,116.84508911774947,100000,8548.00713,524,840191,42271,70847,100000
74,run,10000,true,uniform,READ,700502061,2826616469,3987321441,3981701575,342823908,7407822,342391083,0,0,0,200,3956,4826826,48301718,643437674,1949488159,100435474,13577388,2038611324883,2385067174,295069683,20799868,1,0,0,0,0,91433,1093.6970240503977,100000,905.2335,93,319743,2929,5119,100000
74,reference,10000,true,uniform,READ,153593,22322490,9773475,7503667,10181,12,62,0,0,0,200,3956,4826827,48301718,643437674,1949490864,100435474,13577388,2038611324883,2385067174,295069683,20799868,1,0,0,0,0,4246,23551.577955723034,100000,35.32203,20,33343,41,518,100000
74,clean-run,10000,true,uniform,READ,1077524,5598478,4326664,4314826,432825,8,0,0,0,0,200,3958,4826862,48322106,643718434,1950836599,100647723,13577396,2039419042157,2386020500,295070778,20879254,1,0,0,0,0,85700,1166.8611435239206,100000,850.97289,83,130879,4391,6999,100000
74,avg-run,10000,true,uniform,READ,1930439,10495234,8458214,8416331,842825,12,0,0,0,0,200,3959,4826930,48343644,643989470,1951789702,100764633,13582161,2040214158042,2386851720,295070804,20879254,1,0,0,0,0,21747,4598.335402584265,100000,211.35631,153,49215,243,506,100000
75,extend,10000,true,zipfian,EXTEND,709582895,2878471105,4074934076,4069257672,350731406,7507976,350293670,0,0,0,200,4002,4868306,48752124,649071936,1959902720,101426949,13777544,2063350286679,2411571898,296227757,20879406,0,0,0,0,1,895882,111.62184305522379,100000,8949.69809,626,877567,42783,69759,100000
75,run,10000,true,uniform,READ,717882981,2885596063,4079356372,4073654116,350731410,7507998,350293674,0,0,0,200,4004,4882698,48761893,652315980,1962367258,101774805,13801367,2064500404297,2417444718,300052673,20879406,1,0,0,0,0,61759,1619.1972020272349,100000,609.41454,100,262399,2719,5775,100000
75,reference,10000,true,uniform,READ,155928,22624201,9916079,7605224,10181,12,62,0,0,0,200,4004,4882698,48761893,652315980,1962371621,101774805,13801367,2064500404297,2417444718,300052673,20879406,1,0,0,0,0,4596,21758.05047867711,100000,38.83768,21,33855,44,245,100000
75,clean-run,10000,true,uniform,READ,1103990,5607097,4392069,4380231,437736,1,0,0,0,0,200,4006,4882719,48780750,652601986,1963742511,101774810,13801372,2065318704715,2418409134,300053801,20962617,1,0,0,0,0,86896,1150.8009574663965,100000,840.21035,83,267007,4967,7703,100000
75,avg-run,10000,true,uniform,READ,1956951,10503801,8523606,8481723,847736,5,0,0,0,0,200,4007,4882788,48801462,652862933,1964697242,101892915,13806041,2066123418580,2419240354,300053827,20962617,1,0,0,0,0,20572,4860.976083997667,100000,201.40777,155,22047,241,340,100000
76,extend,10000,true,zipfian,EXTEND,727326703,2937545592,4167252342,4161494425,358663851,7608141,358221354,0,0,0,200,4050,4923484,49200415,658010876,1973001296,102530477,14010503,2089425620856,2444073544,301251810,20962617,0,0,0,0,1,880328,113.59402404558301,100000,8793.50752,604,822271,43231,71231,100000
76,run,10000,true,uniform,READ,735447737,2944585086,4171726824,4165943055,358663855,7608163,358221358,0,0,0,200,4052,4930045,49209721,661194878,1975490452,102757217,14034545,2090583517211,2449931190,305085024,20962617,1,0,0,0,0,44897,2227.3203109339156,100000,440.65038,97,390143,1858,4155,100000
76,reference,10000,true,uniform,READ,158230,22925872,10057793,7706767,10181,12,62,0,0,0,200,4052,4930047,49209721,661194878,1975492307,102757217,14034545,2090583517211,2449931190,305085024,20962617,1,0,0,0,0,4520,22123.893805309734,100000,38.06486,20,30671,42,179,100000
76,clean-run,10000,true,uniform,READ,1032465,5511438,4488906,4477945,442484,1,0,0,0,0,200,4054,4930197,49231372,661471319,1976881960,102863254,14034553,2091405837970,2450804602,305086107,21042558,1,0,0,0,0,70792,1412.5889931065658,100000,699.97906,86,83711,3789,6119,100000
76,avg-run,10000,true,uniform,READ,1969374,10519472,8621497,8579614,852497,5,0,0,0,0,200,4055,4930266,49251434,661724230,1977838389,102966126,14039082,2092225926500,2451733097,305086141,21042558,1,0,0,0,0,21435,4665.267086540704,100000,210.23535,140,38431,219,1871,100000
77,extend,10000,true,zipfian,EXTEND,745889122,2997791062,4260512473,4254672166,366676920,7708317,366229681,0,0,0,200,4099,4973058,49661104,666911652,1986204281,103634986,14230526,2116077535565,2477542840,306788954,21042615,0,0,0,0,1,900590,111.0383193239987,100000,8996.11943,593,816639,43807,72319,100000
77,run,10000,true,uniform,READ,752930997,3003638217,4265106057,4259240774,366676924,7708339,366229685,0,0,0,200,4101,4976228,49675394,669609204,1988742238,103857423,14253533,2117054707486,2482742139,310160873,21042615,1,0,0,0,0,37213,2687.232956224975,100000,363.9031,94,310015,1132,2349,100000
77,reference,10000,true,uniform,READ,160593,23227482,10199507,7808310,10181,12,62,0,0,0,200,4101,4976234,49675394,669609204,1988743991,103857423,14253533,2117054707486,2482742139,310160873,21042615,1,0,0,0,0,6050,16528.92561983471,100000,38.53009,21,35359,44,551,100000
77,clean-run,10000,true,uniform,READ,1140252,5628337,4502178,4490340,447239,1,0,0,0,0,200,4103,4976336,49696420,669900248,1990158122,103908929,14253541,2117893212137,2483728037,310161935,21127006,1,0,0,0,0,81740,1223.391240518718,100000,784.86567,81,153727,4811,7523,100000
77,avg-run,10000,true,uniform,READ,2077071,10626698,8634787,8592027,857241,16,2,0,0,0,200,4105,4976543,49716417,670175384,1991114714,104025505,14258796,2118723080591,2484651671,310162042,21127006,1,0,0,0,0,21403,4672.242209036116,100000,209.72795,150,34879,242,510,100000
78,extend,10000,true,zipfian,EXTEND,762668111,3056732381,4355440358,4349518537,374829535,7808493,374377549,0,0,0,200,4148,5023586,50138918,675450685,1999721425,104719561,14466958,2142740540206,2510144103,311448044,21127006,0,0,0,0,1,928826,107.66279152392374,100000,9277.1768,587,947199,44191,73535,100000
78,run,10000,true,uniform,READ,771048597,3063940828,4359913673,4353966876,374829539,7808515,374377553,0,0,0,200,4150,5037632,50149396,678805825,2002212275,104887159,14483231,2143881381710,2516078458,315294596,21127006,1,0,0,0,0,36946,2706.6529529583718,100000,361.29472,96,133375,1407,3221,100000
78,reference,10000,true,uniform,READ,162943,23529105,10341221,7909853,10181,12,62,0,0,0,200,4150,5037632,50149396,678805825,2002220405,104887159,14483231,2143881381710,2516078458,315294596,21127006,1,0,0,0,0,4340,23041.474654377882,100000,39.13465,21,26991,44,517,100000
78,clean-run,10000,true,uniform,READ,1072303,5524631,4591838,4580877,451973,1,0,0,0,0,200,4152,5037664,50153834,679013159,2003655871,105030581,14483239,2144724105128,2516970951,315295663,21215415,1,0,0,0,0,18466,5415.357955160836,100000,178.81786,87,35999,244,540,100000
78,avg-run,10000,true,uniform,READ,1925595,10420909,8723275,8682269,861973,5,0,0,0,0,200,4154,5037920,50171045,679242983,2004608058,105075889,14487577,2145558069179,2517802171,315295761,21215415,1,0,0,0,0,19013,5259.559248934939,100000,185.86853,145,21727,216,313,100000
79,extend,10000,true,zipfian,EXTEND,780460024,3116575126,4449951069,4443948610,382955348,7908669,382498620,0,0,0,200,4197,5079750,50573090,684514435,2013223757,105747603,14698921,2169467745885,2543066829,316418543,21215415,0,0,0,0,1,890996,112.23394942289303,100000,8901.0005,557,659967,45343,76799,100000
79,run,10000,true,uniform,READ,788471965,3123764392,4454606225,4448577914,382955352,7908691,382498624,0,0,0,200,4199,5091104,50583241,687707192,2015764365,105943132,14710434,2170597959720,2549221470,319699078,21215415,1,0,0,0,0,61809,1617.8873626818101,100000,611.85151,99,575999,2069,4607,100000
79,reference,10000,true,uniform,READ,165264,23830684,10482045,8011382,10181,12,62,0,0,0,200,4199,5091104,50583241,687707192,2015766112,105943132,14710434,2170597959720,2549221470,319699078,21215415,1,0,0,0,0,3958,25265.285497726123,100000,35.33169,20,27519,41,285,100000
79,clean-run,10000,true,uniform,READ,1088755,5529960,4623931,4612970,456715,1,0,0,0,0,200,4201,5091232,50587342,687917227,2017217552,106080831,14710443,2171450904891,2550123504,319700138,21304403,1,0,0,0,0,19222,5202.372281760483,100000,188.52157,90,36223,266,781,100000
79,avg-run,10000,true,uniform,READ,1944443,10423842,8755368,8714362,866715,5,0,0,0,0,200,4203,5092044,50605297,688152750,2018178549,106123934,14714542,2172294442925,2550954723,319700237,21304403,1,0,0,0,0,18986,5267.038870746866,100000,185.53857,142,18223,220,311,100000
80,extend,10000,true,zipfian,EXTEND,799473057,3178361458,4546309509,4540225535,391232586,8008856,390771306,0,0,0,200,4248,5136853,51032067,693575426,2027002314,106842539,14916095,2197025632060,2577572675,321448275,21304404,0,0,0,0,1,937226,106.69785089188734,100000,9362.79514,592,1718271,45407,74559,100000
80,run,10000,true,uniform,READ,806703212,3184169908,4550993878,4544884928,391232590,8008878,390771310,0,0,0,200,4249,5146489,51043027,696226226,2029566307,106982611,14927432,2197989197076,2582957845,324684609,21304404,1,0,0,0,0,37477,2668.3032259786,100000,366.76037,100,58111,1449,3365,100000
80,reference,10000,true,uniform,READ,167594,24132327,10623759,8112925,10181,12,62,0,0,0,200,4249,5146493,51043027,696226226,2029568056,106982611,14927432,2197989197076,2582957845,324684609,21304404,1,0,0,0,0,8983,11132.138483802739,100000,85.38664,20,172799,42,595,100000
80,clean-run,10000,true,uniform,READ,1091880,5536473,4608371,4597410,461267,1,0,0,0,0,200,4251,5146537,51047420,696438361,2031026791,107145317,14927439,2198852059367,2583869070,324685626,21394990,1,0,0,0,0,19073,5243.013684265716,100000,183.99863,82,43295,261,607,100000
80,avg-run,10000,true,uniform,READ,1946363,10431560,8739808,8698802,871267,5,0,0,0,0,200,4253,5147431,51064749,696667328,2031985302,107190521,14931473,2199705207762,2584700289,324685725,21394990,1,0,0,0,0,18951,5276.766397551581,100000,185.19373,140,26351,214,312,100000
81,extend,10000,true,zipfian,EXTEND,818000168,3239613345,4644181171,4638016558,399644404,8109043,399178459,0,0,0,200,4299,5191198,51488139,701987028,2041003659,107888947,15158430,2224984434242,2611752164,326478479,21395080,0,0,0,0,1,935113,106.93894748549106,100000,9341.01352,650,880639,46303,77695,100000
81,run,10000,true,uniform,READ,824969557,3245461503,4648841960,4642652371,399644408,8109065,399178463,0,0,0,200,4300,5201878,51499776,705062341,2043566535,108039829,15169425,2225977505717,2617223644,329867779,21395080,1,0,0,0,0,55100,1814.8820326678765,100000,542.44072,103,422143,1910,4543,100000
81,reference,10000,true,uniform,READ,169911,24433910,10764583,8214454,10181,12,62,0,0,0,200,4300,5201878,51499776,705062341,2043568384,108039829,15169425,2225977505717,2617223644,329867779,21395080,1,0,0,0,0,4307,23218.017181332714,100000,35.81681,20,33535,40,559,100000
81,clean-run,10000,true,uniform,READ,1203236,5678167,4710254,4698416,465945,1,0,0,0,0,200,4302,5201966,51523189,705365240,2045051921,108202949,15169450,2226857497481,2618251918,329868877,21479007,1,0,0,0,0,79705,1254.6264349789851,100000,788.79774,86,204799,4771,7527,100000
81,avg-run,10000,true,uniform,READ,2219273,11981817,9842863,9800103,975947,16,2,0,0,0,200,4304,5203440,51540797,705636596,2046094439,108314627,15174196,2227738582488,2619367577,329868993,21479007,1,0,0,0,0,25941,3854.9015072664893,100000,255.12345,161,137215,249,508,100000
82,extend,10000,true,zipfian,EXTEND,835177903,3300117452,4742437066,4736190939,408093142,8209219,407622613,0,0,0,200,4350,5249724,51972102,711165866,2055140214,109036718,15400228,2252742830566,2645698309,331165036,21479007,0,0,0,0,1,948106,105.47343862395132,100000,9469.28055,634,745983,44895,74431,100000
82,run,10000,true,uniform,READ,843556979,3307304278,4747207929,4740935950,408093146,8209241,407622617,0,0,0,200,4351,5262571,51983476,714455530,2057722234,109221503,15411861,2253905308541,2651922512,334856531,21479007,1,0,0,0,0,42310,2363.5074450484517,100000,415.02035,100,110463,1648,3759,100000
82,reference,10000,true,uniform,READ,172298,24735569,10907187,8316011,10181,12,62,0,0,0,200,4351,5262572,51983476,714455530,2057724039,109221503,15411861,2253905308541,2651922512,334856531,21479007,1,0,0,0,0,4446,22492.12775528565,100000,40.34965,21,24591,45,317,100000
82,clean-run,10000,true,uniform,READ,1134261,5563807,4800065,4789104,470516,1,0,0,0,0,200,4353,5262668,51987670,714672720,2059226825,109365591,15411871,2254788807426,2652852373,334857581,21573329,1,0,0,0,0,19134,5226.298735235706,100000,187.39668,86,42335,261,605,100000
82,avg-run,10000,true,uniform,READ,2188406,11651957,9931502,9890496,980516,5,0,0,0,0,200,4355,5263863,52003877,714913339,2060386021,109409673,15415722,2255674440502,2653883865,334857682,21573329,1,0,0,0,0,20567,4862.15782564302,100000,201.29931,150,27359,230,347,100000
83,extend,10000,true,zipfian,EXTEND,853811279,3362014599,4841401944,4835074303,416594868,8309395,416119808,0,0,0,200,4401,5309173,52439647,720424442,2069590878,110132011,15639741,2280910744604,2680453982,336152607,21573329,0,0,0,0,1,956179,104.58292851024756,100000,9552.42013,540,863743,47583,78527,100000
83,run,10000,true,uniform,READ,862590553,3369347190,4846160890,4839806521,416594872,8309417,416119812,0,0,0,200,4403,5322854,52448510,723972632,2072174474,110472775,15673181,2282043296678,2686714091,340223211,21573329,1,0,0,0,0,51465,1943.068104537064,100000,506.69644,95,568831,2517,4823,100000
83,reference,10000,true,uniform,READ,174652,25037261,11049791,8417568,10181,12,62,0,0,0,200,4403,5322854,52448510,723972632,2072179720,110472775,15673181,2282043296678,2686714091,340223211,21573329,1,0,0,0,0,4061,24624.47672986949,100000,36.06494,20,29295,42,571,100000
83,clean-run,10000,true,uniform,READ,1130865,5560110,4738027,4727066,475047,1,0,0,0,0,200,4405,5322984,52456709,724188076,2073686844,110472779,15673186,2282937088350,2687653074,340224287,21661085,1,0,0,0,0,18963,5273.427200337499,100000,182.81463,91,36607,253,554,100000
83,avg-run,10000,true,uniform,READ,2318163,11671561,9870544,9828661,985060,5,0,0,0,0,200,4407,5324981,52472331,724464353,2074900560,110521285,15676932,2283837115923,2688766633,340224396,21661085,1,0,0,0,0,21747,4598.335402584265,100000,213.15847,163,20079,245,355,100000
84,extend,10000,true,zipfian,EXTEND,873005080,3423650421,4939694255,4933284224,425035572,8409571,424555959,0,0,0,200,4453,5365914,52898132,729990013,2084178771,111218436,15917783,2308943213944,2715082937,341539837,21661085,0,0,0,0,1,939156,106.47858289783593,100000,9382.36581,666,956415,47999,78591,100000
84,run,10000,true,uniform,READ,881780642,3431027501,4944506425,4938069666,425035576,8409593,424555963,0,0,0,200,4454,5381893,52908151,733498886,2086784578,111418164,15929317,2310044225087,2721270619,345475691,21661085,1,0,0,0,0,45734,2186.5570472733634,100000,450.29114,100,184319,1560,3093,100000
84,reference,10000,true,uniform,READ,177006,25338953,11192395,8519125,10181,12,62,0,0,0,200,4454,5381893,52908151,733498886,2086786431,111418164,15929317,2310044225087,2721270619,345475691,21661085,1,0,0,0,0,4428,22583.55916892502,100000,38.09299,20,30383,43,284,100000
84,clean-run,10000,true,uniform,READ,1247963,5701924,4833744,4821906,479613,1,0,0,0,0,200,4456,5381932,52931006,733813075,2088317988,111592488,15929325,2310954786013,2722329931,345476792,21747816,1,0,0,0,0,80386,1243.9977110442117,100000,796.86437,85,157695,4563,7647,100000
84,avg-run,10000,true,uniform,READ,2434540,11799606,9966353,9923593,989615,16,2,0,0,0,200,4458,5382659,52947376,734086789,2089533684,111699247,15933408,2311863896625,2723438726,345476883,21747816,1,0,0,0,0,27779,3599.8416069692935,100000,273.3372,164,103807,248,1115,100000
85,extend,10000,true,zipfian,EXTEND,892242127,3485497063,5038576691,5032082517,433525283,8509758,433041159,0,0,0,200,4504,5424852,53384699,739597952,2098911399,112427042,16156648,2337181446789,2749903818,346803904,21747816,0,0,0,0,1,963103,103.83105441474069,100000,9621.19561,650,750591,45663,76351,100000
85,run,10000,true,uniform,READ,901035698,3492877157,5043352356,5036831454,433525287,8509780,433041163,0,0,0,200,4506,5432369,53396169,743095944,2101500213,112692299,16181320,2338385188058,2756150230,350892286,21747816,1,0,0,0,0,62703,1594.8200245602284,100000,618.73758,99,126335,2477,4939,100000
85,reference,10000,true,uniform,READ,179374,25640777,11336779,8620710,10181,12,62,0,0,0,200,4506,5432370,53396169,743095944,2101502062,112692299,16181320,2338385188058,2756150230,350892286,21747816,1,0,0,0,0,3959,25258.90376357666,100000,35.38189,20,27999,40,570,100000
85,clean-run,10000,true,uniform,READ,1265935,5696282,4838608,4826770,484124,1,0,0,0,0,200,4508,5432475,53418563,743414212,2103052790,112833150,16181330,2339305786712,2757219818,350893377,21834194,1,0,0,0,0,80722,1238.8196526349693,100000,791.464,90,187775,5395,8615,100000
85,avg-run,10000,true,uniform,READ,2481062,11760109,9971201,9928441,994125,16,2,0,0,0,200,4510,5435201,53433988,743690539,2104299482,112943872,16184879,2340224483431,2758329746,350893460,21834194,1,0,0,0,0,21849,4576.868506567806,100000,214.21531,162,30063,241,346,100000
86,extend,10000,true,zipfian,EXTEND,911722029,3547921084,5138593064,5132014747,442121184,8609945,441632500,0,0,0,200,4557,5475193,53872093,749361615,2113874578,113679499,16398491,2365897004810,2785067804,352207571,21834194,0,0,0,0,1,960943,104.06444502951788,100000,9599.6122,614,862207,45887,75583,100000
86,run,10000,true,uniform,READ,920417556,3555293882,5143462611,5136858442,442121188,8609967,441632504,0,0,0,200,4559,5478194,53882634,752811665,2116489429,113977650,16423045,2367107791781,2791439004,356355253,21834194,1,0,0,0,0,43513,2298.163767150047,100000,427.05692,105,114367,1626,3217,100000
86,reference,10000,true,uniform,READ,181728,25942542,11480273,8722281,10181,12,62,0,0,0,200,4559,5478204,53882634,752811665,2116491288,113977650,16423045,2367107791781,2791439004,356355253,21834194,1,0,0,0,0,7097,14090.460758066789,100000,66.72572,21,189951,44,500,100000
86,clean-run,10000,true,uniform,READ,1173198,5587683,4881255,4870294,488671,1,0,0,0,0,200,4561,5478331,53887428,753037498,2118044921,114056066,16423055,2368031709231,2792405433,356356329,21929341,1,0,0,0,0,20047,4988.277547762757,100000,196.33656,94,54623,286,695,100000
86,avg-run,10000,true,uniform,READ,2324440,11545405,10012692,9971686,998671,5,0,0,0,0,200,4563,5481042,53905529,753311849,2119308858,114099761,16426549,2368955083419,2793436925,356356400,21929341,1,0,0,0,0,21764,4594.7436133063775,100000,213.26515,161,27599,244,341,100000
87,extend,10000,true,zipfian,EXTEND,932544055,3611852922,5239401866,5232741158,450779576,8710132,450286330,0,0,0,200,4610,5530818,54344542,759036891,2128988570,114821775,16651255,2395160027784,2821230045,358183686,21929656,0,0,0,0,1,965695,103.55236384158559,100000,9647.19201,588,752127,46719,76607,100000
87,run,10000,true,uniform,READ,939871870,3617856014,5244360120,5237673560,450779580,8710154,450286334,0,0,0,200,4612,5542026,54354849,762185024,2131639456,114983492,16669356,2396187149641,2826905313,361881601,21929656,1,0,0,0,0,62359,1603.6177616703283,100000,615.09943,103,133631,2123,4907,100000
87,reference,10000,true,uniform,READ,184115,26244201,11622877,8823838,10181,12,62,0,0,0,200,4612,5542026,54354849,762185024,2131644487,114983492,16669356,2396187149641,2826905313,361881601,21929656,1,0,0,0,0,4006,24962.55616575137,100000,35.76383,20,27919,42,319,100000
87,clean-run,10000,true,uniform,READ,1288991,5719433,4905937,4894099,493246,8,0,0,0,0,200,4614,5542093,54378705,762508419,2133221585,115146552,16669365,2397128164849,2827995507,361882723,22019446,1,0,0,0,0,83471,1198.0208695235472,100000,826.49873,91,115391,4995,7935,100000
87,avg-run,10000,true,uniform,READ,2512613,11759941,10038546,9995786,1003248,23,2,0,0,0,200,4616,5543934,54395879,762786813,2134483596,115260493,16672850,2398065540284,2829104220,361882800,22019446,1,0,0,0,0,28664,3488.696622941669,100000,279.98509,165,103743,251,1016,100000
88,extend,10000,true,zipfian,EXTEND,950640841,3673278975,5340549892,5333805917,459460697,8810319,458962773,0,0,0,200,4663,5587042,54837684,768474871,2144176258,115987552,16918490,2424007871832,2856106689,363210981,22019446,0,0,0,0,1,977627,102.2885006244713,100000,9766.67308,632,770559,45791,76415,100000
88,run,10000,true,uniform,READ,959695424,3680787067,5345521679,5338750976,459460701,8810341,458962777,0,0,0,200,4665,5596490,54849095,772157292,2146839470,116215398,16941623,2425152428790,2862518945,367395405,22019446,1,0,0,0,0,62572,1598.1589209230965,100000,617.43596,102,339711,2211,4795,100000
88,reference,10000,true,uniform,READ,186535,26545973,11767261,8925423,10181,12,62,0,0,0,200,4665,5596490,54849095,772157292,2146841351,116215398,16941623,2425152428790,2862518945,367395405,22019446,1,0,0,0,0,4454,22451.7287831163,100000,40.33707,21,24703,44,567,100000
88,clean-run,10000,true,uniform,READ,1223034,5597351,5034379,5023418,497911,1,0,0,0,0,200,4667,5596558,54854000,772387711,2148450700,116372705,16941632,2426096368725,2863503950,367396474,22118936,1,0,0,0,0,19015,5259.006047856955,100000,185.92665,86,59391,259,594,100000
88,avg-run,10000,true,uniform,READ,2375646,11528683,10165817,10124811,1007911,5,0,0,0,0,200,4669,5598721,54871284,772659720,2149718628,116415317,16945260,2427038517712,2864535442,367396540,22118936,1,0,0,0,0,20781,4812.087964968,100000,203.76759,158,22543,229,340,100000
89,extend,10000,true,zipfian,EXTEND,970714515,3735975377,5441158972,5434332607,468091835,8910495,467589262,0,0,0,200,4716,5642871,55306772,778242504,2159463780,117118153,17186054,2452990912781,2891611447,368812822,22118936,0,0,0,0,1,961250,104.03120936280884,100000,9595.69043,631,922111,46111,78143,100000
89,run,10000,true,uniform,READ,979398273,3742970912,5446177733,5439324640,468091839,8910517,467589266,0,0,0,200,4718,5652544,55317694,781645740,2162129427,117335458,17209535,2454122260251,2897875146,372898130,22118936,1,0,0,0,0,53588,1866.0894230051504,100000,527.75842,100,149247,2105,4751,100000
89,reference,10000,true,uniform,READ,188889,26847665,11909865,9026980,10181,12,62,0,0,0,200,4718,5652544,55317694,781645740,2162131307,117335458,17209535,2454122260251,2897875146,372898130,22118936,1,0,0,0,0,4336,23062.73062730627,100000,39.47251,19,26895,41,183,100000
89,clean-run,10000,true,uniform,READ,1206936,5608123,4968210,4957249,502560,1,0,0,0,0,200,4720,5652608,55323155,781878056,2163730599,117483811,17209542,2455076465721,2898869506,372899228,22216461,1,0,0,0,0,24009,4165.104752384523,100000,235.79106,87,113407,334,2923,100000
89,avg-run,10000,true,uniform,READ,2359218,11539785,10099648,10058642,1012560,5,0,0,0,0,200,4722,5654117,55342403,782171516,2164995916,117531697,17212927,2456028100200,2899900997,372899292,22216461,1,0,0,0,0,24166,4138.045187453447,100000,237.63075,159,157439,237,417,100000
90,extend,10000,true,zipfian,EXTEND,990827631,3798961938,5543298675,5536389920,476856838,9010671,476349659,0,0,0,200,4770,5698358,55762558,787588025,2174995588,118212334,17465101,2482450394070,2927371975,374331171,22216476,0,0,0,0,1,931732,107.32699960932972,100000,9308.29534,611,760831,44415,72831,100000
90,run,10000,true,uniform,READ,999244354,3805489864,5548370917,5541436310,476856842,9010693,476349663,0,0,0,200,4772,5702706,55773235,790932221,2177684452,118447133,17489931,2483586627691,2933745221,378469919,22216476,1,0,0,0,0,59441,1682.3404720647366,100000,589.61826,105,150655,2057,4655,100000
90,reference,10000,true,uniform,READ,191243,27149284,12051579,9128523,10181,12,62,0,0,0,200,4772,5702707,55773235,790932221,2177688720,118447133,17489931,2483586627691,2933745221,378469919,22216476,1,0,0,0,0,4323,23132.084200786492,100000,39.29106,19,25999,41,502,100000
90,clean-run,10000,true,uniform,READ,1229110,5613945,5029969,5019008,507166,1,0,0,0,0,200,4774,5702799,55778713,791166906,2179312752,118563276,17489940,2484551159104,2934748844,378471058,22316529,1,0,0,0,0,21302,4694.394892498357,100000,209.17683,87,103231,302,1368,100000
90,avg-run,10000,true,uniform,READ,2380260,11546803,10161457,10120451,1017166,5,0,0,0,0,200,4776,5704756,55797361,791468307,2180577141,118608256,17493253,2485512177468,2935780335,378471120,22316529,1,0,0,0,0,21530,4644.681839294009,100000,210.81077,164,32959,238,352,100000
91,extend,10000,true,zipfian,EXTEND,1010473156,3861348699,5645829574,5638838428,485652093,9110858,485140195,0,0,0,200,4824,5743936,56242557,797302420,2190657358,119342528,17717413,2511953572745,2963255163,379842017,22316609,0,0,0,0,1,977842,102.26601025523551,100000,9769.05948,668,754175,45055,78079,100000
91,run,10000,true,uniform,READ,1019633771,3868867340,5650972941,5643955067,485652097,9110880,485140199,0,0,0,200,4826,5753081,56252770,800996759,2193367001,119565778,17741555,2513095824253,2969733365,384058519,22316609,1,0,0,0,0,56159,1780.6584875086808,100000,553.94154,105,118975,2337,5291,100000
91,reference,10000,true,uniform,READ,193630,27451016,12195073,9230094,10181,12,62,0,0,0,200,4826,5753081,56252770,800996759,2193368791,119565778,17741555,2513095824253,2969733365,384058519,22316609,1,0,0,0,0,3627,27570.995312930798,100000,32.32296,19,24271,37,163,100000
91,clean-run,10000,true,uniform,READ,1237582,5617783,5065666,5054705,511885,1,0,0,0,0,200,4828,5753237,56257546,801234557,2195000004,119717275,17741563,2514070168572,2970746523,384059623,22417059,1,0,0,0,0,18661,5358.769626493757,100000,182.66639,91,55231,261,531,100000
91,avg-run,10000,true,uniform,READ,2396849,11467480,10197103,10156097,1021885,5,0,0,0,0,200,4830,5756203,56274095,801529947,2196285502,119757944,17745183,2515040556004,2971778016,384059684,22417059,1,0,0,0,0,20980,4766.444232602478,100000,205.90532,159,20303,232,329,100000
92,extend,10000,true,zipfian,EXTEND,1031122277,3924329124,5747868987,5740794574,494395305,9211045,493878709,0,0,0,200,4878,5802735,56721600,807228554,2206495049,120487434,17983942,2541450397606,2999212016,385505488,22417294,0,0,0,0,1,983995,101.62653265514561,100000,9830.12918,609,751615,46879,82175,100000
92,run,10000,true,uniform,READ,1039976492,3931391740,5753111414,5746010273,494395309,9211067,493878713,0,0,0,200,4880,5810006,56734295,810689156,2209231523,120707612,18008534,2542582990767,3005553494,389641489,22417294,1,0,0,0,0,64003,1562.4267612455667,100000,631.89834,106,140031,3137,6163,100000
92,reference,10000,true,uniform,READ,196026,27752739,12338567,9331665,10181,12,62,0,0,0,200,4880,5810007,56734295,810689156,2209233386,120707612,18008534,2542582990767,3005553494,389641489,22417294,1,0,0,0,0,4054,24666.9955599408,100000,36.51782,19,24687,41,313,100000
92,clean-run,10000,true,uniform,READ,1278170,5620192,5180416,5169455,516583,1,0,0,0,0,200,4882,5810066,56739209,810929234,2210911111,120860896,18008543,2543567052770,3006576076,389642544,22517769,1,0,0,0,0,19225,5201.560468140442,100000,188.58391,91,45727,264,556,100000
92,avg-run,10000,true,uniform,READ,2437095,11470234,10311854,10270848,1026583,5,0,0,0,0,200,4884,5811525,56755457,811217986,2212197303,120903376,18012115,2544546834231,3007607567,389642604,22517769,1,0,0,0,0,21230,4710.3155911446065,100000,208.24812,163,23871,238,318,100000
93,extend,10000,true,zipfian,EXTEND,1052686050,3988425957,5851282373,5844125569,503254200,9311232,502732851,0,0,0,200,4933,5860591,57200042,816973772,2222576744,121626562,18245944,2571585310884,3035996806,391511647,22518488,0,0,0,0,1,976537,102.40267393862189,100000,9755.50067,604,1097727,45311,76927,100000
93,run,10000,true,uniform,READ,1060242895,3994420215,5856560830,5849377298,503254204,9311254,502732855,0,0,0,200,4935,5869498,57213667,820174841,2225320605,121830996,18268662,2572630665635,3041847828,395326167,22518488,1,0,0,0,0,76242,1311.6130216940794,100000,754.51235,104,1002495,3835,7047,100000
93,reference,10000,true,uniform,READ,198376,28054435,12481171,9433222,10181,12,62,0,0,0,200,4935,5869501,57213667,820174841,2225322386,121830996,18268662,2572630665635,3041847828,395326167,22518488,1,0,0,0,0,4050,24691.35802469136,100000,36.50673,17,25743,41,584,100000
93,clean-run,10000,true,uniform,READ,1273105,5631247,5182214,5171253,521336,1,0,0,0,0,200,4937,5869568,57219998,820415935,2226995190,121997880,18268670,2573625194330,3042879961,395327281,22619916,1,0,0,0,0,24484,4084.2999509884007,100000,241.10548,93,140415,342,2307,100000
93,avg-run,10000,true,uniform,READ,2433447,11479869,10313651,10272645,1031336,5,0,0,0,0,200,4939,5872086,57238287,820729343,2228285609,122043906,18272127,2574614481783,3043911453,395327341,22619916,1,0,0,0,0,22069,4531.242919932937,100000,216.61826,160,64095,240,338,100000
94,extend,10000,true,zipfian,EXTEND,1072015769,4050575475,5954761104,5947520156,512115734,9411430,511589708,0,0,0,200,4988,5912964,57711177,826647413,2238685475,122822286,18509565,2601496815391,3071679756,396782380,22619959,0,0,0,0,1,1036108,96.51503511216977,100000,10351.29649,668,865279,47135,81151,100000
94,run,10000,true,uniform,READ,1081064587,4057835063,5960047878,5952780202,512115738,9411452,511589712,0,0,0,200,4990,5920694,57722138,830201158,2241419872,123061901,18532557,2602631800709,3078141784,400994553,22619959,1,0,0,0,0,47145,2121.1157068618095,100000,463.48472,104,136063,1969,4527,100000
94,reference,10000,true,uniform,READ,200763,28356240,12625555,9534807,10181,12,62,0,0,0,200,4990,5920695,57722138,830201158,2241429950,123061901,18532557,2602631800709,3078141784,400994553,22619959,1,0,0,0,0,3958,25265.285497726123,100000,35.62129,19,24527,39,179,100000
94,clean-run,10000,true,uniform,READ,1307775,5634507,5278502,5267541,526013,1,0,0,0,0,200,4992,5920831,57730941,830442172,2243142064,123198054,18532566,2603636218243,3079183372,400995642,22713612,1,0,0,0,0,19399,5154.904892004743,100000,189.77175,92,144255,266,555,100000
94,avg-run,10000,true,uniform,READ,2549688,11582977,10411034,10369151,1036026,5,0,0,0,0,200,4994,5923637,57747388,830766834,2244427090,123241604,18535792,2604640250186,3080305233,400995705,22713612,1,0,0,0,0,21327,4688.892014816899,100000,209.28687,160,19439,237,343,100000
95,extend,10000,true,zipfian,EXTEND,1092996783,4114546738,6059340472,6052016257,521076549,9511617,520545709,0,0,0,200,5044,5965761,58197802,836591121,2254949193,123991077,18766425,2631842751859,3108327153,402518751,22713612,0,0,0,0,1,988591,101.15406674752248,100000,9876.40966,658,891903,46879,80639,100000
95,run,10000,true,uniform,READ,1101881559,4121637231,6064622403,6057271460,521076553,9511639,520545713,0,0,0,200,5045,5979898,58207815,840124057,2257696811,124357079,18790094,2632948695290,3114783046,406567078,22713612,1,0,0,0,0,51930,1925.6691700365877,100000,511.14317,114,99263,2425,5223,100000
95,reference,10000,true,uniform,READ,203131,28657991,12769049,9636378,10181,12,62,0,0,0,200,5045,5979898,58207815,840124057,2257698674,124357079,18790094,2632948695290,3114783046,406567078,22713612,1,0,0,0,0,4163,24021.138601969735,100000,37.48676,21,24415,42,568,100000
95,clean-run,10000,true,uniform,READ,1313538,5645976,5310874,5299833,530827,18,0,0,0,0,200,5047,5979913,58213817,840376629,2259419887,124357083,18790099,2633963052382,3115834286,406568149,22820699,1,0,0,0,0,24213,4130.012803039689,100000,238.34046,99,124287,347,1858,100000
95,avg-run,10000,true,uniform,READ,2471672,11496873,10442361,10401275,1040827,22,0,0,0,0,200,5049,5982091,58232776,840708451,2260705496,124403373,18793360,2634971097031,3116865777,406568203,22820699,1,0,0,0,0,21842,4578.335317278637,100000,214.08375,164,27391,248,347,100000
96,extend,10000,true,zipfian,EXTEND,1114895112,4179403645,6164491301,6157082942,530089176,9611815,529553592,0,0,0,200,5099,6029447,58709079,846600597,2271372163,125203235,19028793,2662587347077,3145722502,408474776,22821583,0,0,0,0,1,1042079,95.9620143962214,100000,10411.42832,631,1766399,49183,80255,100000
96,run,10000,true,uniform,READ,1122697024,4185473204,6169828478,6162393391,530089180,9611837,529553596,0,0,0,200,5101,6041160,58721016,849755062,2274131674,125397898,19039462,2663614986984,3151690305,412160465,22821583,1,0,0,0,0,48463,2063.4298330685265,100000,476.57379,113,135807,1913,4375,100000
96,reference,10000,true,uniform,READ,205518,28959723,12912543,9737949,10181,12,62,0,0,0,200,5101,6041160,58721016,849755062,2274133566,125397898,19039462,2663614986984,3151690305,412160465,22821583,1,0,0,0,0,4140,24154.589371980677,100000,37.00844,21,25711,43,214,100000
96,clean-run,10000,true,uniform,READ,1339200,5641315,5357586,5346625,535571,1,0,0,0,0,200,5103,6041226,58726393,850004576,2275883300,125557122,19039471,2664639103694,3152751091,412161492,22927639,1,0,0,0,0,21126,4733.503739467954,100000,206.93297,96,54143,299,713,100000
96,avg-run,10000,true,uniform,READ,2497174,11492308,10489024,10448018,1045571,5,0,0,0,0,200,5105,6043688,58745627,850324762,2277168522,125601118,19042460,2665656643688,3153782583,412161547,22927639,1,0,0,0,0,22147,4515.284237142728,100000,216.95316,160,28671,249,365,100000
97,extend,10000,true,zipfian,EXTEND,1135947086,4243919668,6271078325,6263585821,539226923,9712024,538686599,0,0,0,200,5156,6090438,59230943,856403536,2288037340,126393939,19290603,2693737462349,3183047034,414103505,22927734,0,0,0,0,1,1059960,94.34318276161365,100000,10583.35756,660,666623,49663,81855,100000
97,run,10000,true,uniform,READ,1143915570,4250002384,6276541280,6269022924,539226927,9712046,538686603,0,0,0,200,5158,6102436,59241511,859541508,2290837894,126573224,19307718,2694809967986,3189092524,418038009,22927734,1,0,0,0,0,56691,1763.9484221481364,100000,558.72416,112,124671,2579,5215,100000
97,reference,10000,true,uniform,READ,207938,29261495,13056927,9839534,10181,12,62,0,0,0,200,5158,6102436,59241511,859541508,2290839693,126573224,19307718,2694809967986,3189092524,418038009,22927734,1,0,0,0,0,4133,24195.499637067507,100000,37.01524,19,27807,42,533,100000
97,clean-run,10000,true,uniform,READ,1335024,5657173,5371788,5360827,540311,1,0,0,0,0,200,5160,6102497,59247219,859793111,2292587604,126750991,19314093,2695844649752,3190162862,418039109,23037568,1,0,0,0,0,21415,4669.624095260331,100000,207.21419,102,196863,294,581,100000
97,avg-run,10000,true,uniform,READ,2492423,11508799,10503261,10462255,1050311,5,0,0,0,0,200,5162,6105083,59267459,860129296,2293870138,126764733,19316941,2696871565077,3191194351,418039163,23037568,1,0,0,0,0,22008,4543.802253725918,100000,215.70195,165,35775,248,340,100000
98,extend,10000,true,zipfian,EXTEND,1155935743,4307172395,6377569896,6369994124,548343398,9812222,547798284,0,0,0,200,5213,6152462,59758301,866337078,2304767264,127585139,19552094,2724627051143,3219683530,419506491,23037568,0,0,0,0,1,1076319,92.9092583146818,100000,10752.98616,709,781823,49503,87359,100000
98,run,10000,true,uniform,READ,1165213414,4314832597,6383054370,6375450994,548343402,9812244,547798288,0,0,0,200,5215,6160362,59773586,869986350,2307565293,127831425,19575645,2725883510869,3226413554,423899774,23037568,1,0,0,0,0,70776,1412.9083305075167,100000,699.47738,109,148479,3445,6715,100000
98,reference,10000,true,uniform,READ,210339,29563359,13202201,9941133,10181,12,62,0,0,0,200,5215,6160366,59773586,869986350,2307567185,127831425,19575645,2725883510869,3226413554,423899774,23037568,1,0,0,0,0,4214,23730.422401518746,100000,37.95186,21,24767,43,236,100000
98,clean-run,10000,true,uniform,READ,1376165,5660752,5512926,5501965,545101,1,0,0,0,0,200,5217,6160463,59779402,870240222,2309353955,128004380,19583376,2726927983502,3227493551,423900836,23144447,1,0,0,0,0,21632,4622.781065088758,100000,211.6742,100,61727,300,688,100000
98,avg-run,10000,true,uniform,READ,2535566,11510318,10644364,10603358,1055101,5,0,0,0,0,200,5219,6161790,59798783,870560288,2310644894,128018020,19586203,2727964290769,3228525040,423900888,23144447,1,0,0,0,0,22379,4468.474909513383,100000,219.47037,167,24063,252,366,100000
99,extend,10000,true,zipfian,EXTEND,1177473296,4373349835,6486547212,6478885543,557683405,9912431,557133533,0,0,0,200,5271,6207220,60307711,876829078,2321700568,128869109,19830019,2756285398690,3257699098,425381731,23144447,0,0,0,0,1,1111018,90.00754263207257,100000,11099.91157,621,791551,51103,88447,100000
99,run,10000,true,uniform,READ,1187099644,4380970108,6492041402,6484352129,557683409,9912453,557133537,0,0,0,200,5273,6211848,60319329,880648984,2324500625,129161933,19854894,2757465984384,3264562617,429845020,23144447,1,0,0,0,0,76655,1304.5463440088708,100000,758.58181,105,121535,3589,6527,100000
99,reference,10000,true,uniform,READ,212825,29865211,13348365,10042746,10181,12,62,0,0,0,200,5273,6211850,60319329,880648984,2324502478,129161933,19854894,2757465984384,3264562617,429845020,23144447,1,0,0,0,0,4243,23568.23002592505,100000,37.9678,21,24943,44,422,100000
99,clean-run,10000,true,uniform,READ,1386013,5662589,5523534,5512573,549859,1,0,0,0,0,200,5275,6211915,60325389,880905090,2326302865,129316914,19863259,2758521089415,3265652153,429846169,23253391,1,0,0,0,0,21663,4616.165812675991,100000,212.46407,102,43359,305,708,100000
99,avg-run,10000,true,uniform,READ,2543518,11514048,10654971,10613965,1059859,5,0,0,0,0,200,5277,6214010,60344409,881224405,2327590806,129330450,19865998,2759566788918,3266683644,429846221,23253391,1,0,0,0,0,22393,4465.681239673112,100000,219.66786,165,21583,251,358,100000
100,extend,10000,true,zipfian,EXTEND,1199445869,4438123508,6593497416,6585749850,566838119,10012640,566283453,0,0,0,200,5328,6260662,60838334,887472749,2338726620,130145066,20115110,2787459409158,3295315610,431335322,23253391,0,0,0,0,1,1086073,92.07484211466448,100000,10850.27285,630,837119,50975,87679,100000
100,run,10000,true,uniform,READ,1208596166,4445776256,6599045272,6591270978,566838123,10012662,566283457,0,0,0,200,5330,6271176,60852580,891057364,2341533393,130362313,20137365,2788679671773,3302043410,435487157,23253391,1,0,0,0,0,75366,1326.8582650001326,100000,745.16099,116,118015,3805,7267,100000
100,reference,10000,true,uniform,READ,215226,30167075,13493639,10144345,10181,12,62,0,0,0,200,5330,6271177,60852580,891057364,2341535284,130362313,20137365,2788679671773,3302043410,435487157,23253391,1,0,0,0,0,4139,24160.425223483933,100000,36.98031,21,28431,42,462,100000
100,clean-run,10000,true,uniform,READ,1392740,5678297,5587648,5576687,554653,8,0,0,0,0,200,5332,6271525,60858854,891315370,2343347712,130557948,20146027,2789744720625,3303142629,435488286,23362417,1,0,0,0,0,22152,4514.265077645359,100000,217.28976,104,59615,314,697,100000
100,avg-run,10000,true,uniform,READ,2551321,11528747,10719136,10678130,1064653,12,0,0,0,0,200,5334,6273018,60878325,891654772,2344633629,130571583,20148650,2790799821352,3304174118,435488339,23362417,1,0,0,0,0,22782,4389.430251953297,100000,223.33537,170,23391,254,371,100000
