Epoch,Phase,Recordcount,Readallfields,Requestdist,Operation,blks_read,blks_hit,tup_returned,tup_fetched,tup_inserted,tup_updated,tup_deleted,deadlocks,temp_files,temp_bytes,checkpoints_timed,checkpoints_req,buffers_checkpoint,buffers_clean,buffers_backend,buffers_alloc,checkpoint_write_time,checkpoint_sync_time,wal_bytes,wal_records,wal_fpi,wal_buffers_full,Readprop,Updateprop,Scanprop,Insertprop,Extendprop,Runtime(ms),Throughput(ops/sec),Operations,AverageLatency(us),MinLatency(us),MaxLatency(us),95thPercentileLatency(us),99thPercentileLatency(us),Return=OK
0,load,10000,true,uniform,INSERT,1,38716,2141,1177,10119,1,0,0,0,0,330,12435,1068042211,22412552,642326458,553107107,309523290,7764594,6593281784687,7841558012,1047928824,18997847,1,0,0,0,0,13322,750.6380423359856,10000,1289.1198,765,8735,1608,1720,10000
1,extend,10000,true,uniform,EXTEND,2,1163241,243519,221171,18690,100023,1600,0,0,0,330,12435,1068042211,22412552,642326458,553113052,309523290,7764594,6593384079347,7841951432,1047928830,18997847,0,0,0,0,1,148147,675.0052312905425,100000,1473.0502,368,17855,1989,2109,100000
1,run,10000,true,uniform,READ,2548,2032764,490338,411908,29953,150048,6794,0,2,376832,330,12435,1068042211,22412552,642326458,553118615,309523290,7764594,6593458349269,7842210420,1047931398,18998524,0.5,0.5,0,0,0,80540,1241.6190712689347,50017,271.30833516604355,24,4895,486,564,50017
1,run,10000,true,uniform,UPDATE,2548,2032764,490338,411908,29953,150048,6794,0,2,376832,330,12435,1068042211,22412552,642326458,553118615,309523290,7764594,6593458349269,7842210420,1047931398,18998524,0.5,0.5,0,0,0,80540,1241.6190712689347,49983,1324.9665686333353,317,8639,1619,1720,49983
1,reference,10000,true,uniform,READ,2,580810,133065,104724,11590,50014,303,0,0,0,331,12435,1068043393,22412552,642339965,553121333,309523290,7764594,6593522421540,7842384192,1047934597,18998524,0.5,0.5,0,0,0,74477,1342.6964029163366,50020,204.2498400639744,22,4543,461,549,50020
1,reference,10000,true,uniform,UPDATE,2,580810,133065,104724,11590,50014,303,0,0,0,331,12435,1068043393,22412552,642339965,553121333,309523290,7764594,6593522421540,7842384192,1047934597,18998524,0.5,0.5,0,0,0,74477,1342.6964029163366,49980,1270.0317326930772,319,9831,1596,1711,49980
1,clean-run,10000,true,uniform,READ,565,995277,246511,214599,35367,50113,7592,0,4,385024,331,12436,1068053149,22412552,642339966,553127583,309555901,7764615,6593608650914,7842671348,1047938428,18998975,0.5,0.5,0,0,0,72226,1384.5429623681223,49899,196.5501312651556,24,10831,456,542,49899
1,clean-run,10000,true,uniform,UPDATE,565,995277,246511,214599,35367,50113,7592,0,4,385024,331,12436,1068053149,22412552,642339966,553127583,309555901,7764615,6593608650914,7842671348,1047938428,18998975,0.5,0.5,0,0,0,72226,1384.5429623681223,50101,1230.7616215245205,310,4991,1576,1694,50101
1,avg-run,10000,true,uniform,READ,567,2048110,514237,447063,75578,100308,17797,0,4,385024,331,12436,1068053149,22412552,642339966,553131987,309555901,7764615,6593670980143,7842989976,1047938432,18998975,0.5,0.5,0,0,0,75103,1331.5047334993276,49820,218.22713769570453,27,4335,470,559,49820
1,avg-run,10000,true,uniform,UPDATE,567,2048110,514237,447063,75578,100308,17797,0,4,385024,331,12436,1068053149,22412552,642339966,553131987,309555901,7764615,6593670980143,7842989976,1047938432,18998975,0.5,0.5,0,0,0,75103,1331.5047334993276,50180,1265.36946990833,343,10391,1586,1698,50180
2,extend,10000,true,uniform,EXTEND,2548,4309649,1094848,965938,75842,250081,31379,0,2,376832,332,12436,1068054428,22412552,642350380,553134416,309555901,7764615,6593832613280,7843529515,1047949526,18998975,0,0,0,0,1,146078,684.5657799257931,100000,1452.45657,348,13623,2002,2143,100000
2,run,10000,true,uniform,READ,5100,5936415,1559457,1370432,103210,300342,50233,0,4,745472,332,12436,1068057760,22412552,642356276,553142845,309555901,7764615,6593939054471,7843894135,1047952629,18999745,0.5,0.5,0,0,0,75585,1323.0138254944764,49770,224.11693791440626,31,12351,483,571,49770
2,run,10000,true,uniform,UPDATE,5100,5936415,1559457,1370432,103210,300342,50233,0,4,745472,332,12436,1068057760,22412552,642356276,553142845,309555901,7764615,6593939054471,7843894135,1047952629,18999745,0.5,0.5,0,0,0,75585,1323.0138254944764,50230,1268.0777822018713,310,6847,1612,1721,50230
2,reference,10000,true,uniform,READ,2,1424246,330988,273255,33287,100155,5200,0,0,0,332,12436,1068057762,22412552,642358751,553145311,309555901,7764615,6594022983747,7844159536,1047956826,18999745,0.5,0.5,0,0,0,81469,1227.4607519424567,49881,268.7929071189431,24,12495,483,564,49881
2,reference,10000,true,uniform,UPDATE,2,1424246,330988,273255,33287,100155,5200,0,0,0,332,12436,1068057762,22412552,642358751,553145311,309555901,7764615,6594022983747,7844159536,1047956826,18999745,0.5,0.5,0,0,0,81469,1227.4607519424567,50119,1343.1695963606617,362,5171,1633,1747,50119
2,clean-run,10000,true,uniform,READ,517,1912825,459156,422950,76745,49703,21312,0,4,385024,332,12437,1068072984,22412552,642358752,553155969,309723961,7764643,6594160361565,7844567288,1047964004,19001739,0.5,0.5,0,0,0,73111,1367.783233713121,50309,207.2420640442068,32,6727,471,561,50309
2,clean-run,10000,true,uniform,UPDATE,517,1912825,459156,422950,76745,49703,21312,0,4,385024,332,12437,1068072984,22412552,642358752,553155969,309723961,7764643,6594160361565,7844567288,1047964004,19001739,0.5,0.5,0,0,0,73111,1367.783233713121,49691,1246.4487935441025,308,11367,1612,1764,49691
2,avg-run,10000,true,uniform,READ,519,3822114,923608,851519,162071,99679,46634,0,4,385024,332,12437,1068072984,22412552,642358752,553162842,309723961,7764643,6594250624139,7845002692,1047964008,19001739,0.5,0.5,0,0,0,78745,1269.9218998031622,50039,255.19376886028897,31,5259,491,573,50039
2,avg-run,10000,true,uniform,UPDATE,519,3822114,923608,851519,162071,99679,46634,0,4,385024,332,12437,1068072984,22412552,642358752,553162842,309723961,7764643,6594250624139,7845002692,1047964008,19001739,0.5,0.5,0,0,0,78745,1269.9218998031622,49961,1305.5106983447088,321,9719,1617,1727,49961
3,extend,10000,true,uniform,EXTEND,5100,9536225,2531846,2276816,164173,400375,98331,0,4,745472,333,12437,1068076693,22412552,642376994,553166227,309723961,7764643,6594474678986,7845629459,1047982340,19001739,0,0,0,0,1,153862,649.9330568951398,100000,1530.66566,407,14615,2061,2199,100000
3,run,10000,true,uniform,READ,7652,11723786,3158022,2838078,197948,450142,125762,0,6,1114112,333,12437,1068080871,22412552,642386152,553177912,309723961,7764643,6594607364114,7846057704,1047985022,19005713,0.5,0.5,0,0,0,78802,1269.0033247887109,50264,258.42539392010184,32,14071,500,579,50264
3,run,10000,true,uniform,UPDATE,7652,11723786,3158022,2838078,197948,450142,125762,0,6,1114112,333,12437,1068080871,22412552,642386152,553177912,309723961,7764643,6594607364114,7846057704,1047985022,19005713,0.5,0.5,0,0,0,78802,1269.0033247887109,49736,1307.4422551069647,332,14263,1631,1737,49736
3,reference,10000,true,uniform,READ,2,2790827,672935,578619,67442,150210,19773,0,0,0,333,12437,1068080872,22412552,642388303,553180068,309723961,7764643,6594705045711,7846379896,1047991609,19005713,0.5,0.5,0,0,0,72361,1381.9598955238318,49967,194.53055016310765,27,12815,467,555,49967
3,reference,10000,true,uniform,UPDATE,2,2790827,672935,578619,67442,150210,19773,0,0,0,333,12437,1068080872,22412552,642388303,553180068,309723961,7764643,6594705045711,7846379896,1047991609,19005713,0.5,0.5,0,0,0,72361,1381.9598955238318,50033,1237.7304778845962,289,40415,1596,1716,50033
3,clean-run,10000,true,uniform,READ,501,2430195,572610,539088,99503,49978,29269,0,4,393216,333,12438,1068101561,22412552,642388304,553193387,309898678,7764692,6594880638506,7846868479,1048000728,19009027,0.5,0.5,0,0,0,79085,1264.4622874122779,50034,263.4124795139305,30,5731,499,578,50034
3,clean-run,10000,true,uniform,UPDATE,501,2430195,572610,539088,99503,49978,29269,0,4,393216,333,12438,1068101561,22412552,642388304,553193387,309898678,7764692,6594880638506,7846868479,1048000728,19009027,0.5,0.5,0,0,0,79085,1264.4622874122779,49966,1303.9214866108955,318,7511,1646,1826,49966
3,avg-run,10000,true,uniform,READ,503,5030970,1179752,1097458,214656,100030,64421,0,4,393216,333,12438,1068101561,22412552,642388304,553206248,309898678,7764692,6595016859472,7847375238,1048000732,19009027,0.5,0.5,0,0,0,78566,1272.815212687422,49963,250.16566259031683,33,12431,500,581,49963
3,avg-run,10000,true,uniform,UPDATE,503,5030970,1179752,1097458,214656,100030,64421,0,4,393216,333,12438,1068101561,22412552,642388304,553206248,309898678,7764692,6595016859472,7847375238,1048000732,19009027,0.5,0.5,0,0,0,78566,1272.815212687422,50037,1304.7244239262945,318,11695,1631,1745,50037
4,extend,10000,true,uniform,EXTEND,7652,16183157,4339445,3954142,267281,550175,187707,0,6,1114112,334,12438,1068108363,22412552,642414094,553208523,309898678,7764692,6595279064757,7848063453,1048024805,19009027,0,0,0,0,1,161064,620.8712064769285,100000,1602.49434,412,17647,2089,2231,100000
4,run,10000,true,uniform,READ,10191,18747257,5055077,4607048,305267,600079,220881,0,8,1482752,334,12438,1068113412,22412552,642425722,553222668,309898678,7764692,6595431428496,7848532960,1048027457,19012507,0.5,0.5,0,0,0,77367,1292.54074734706,50127,247.22863925628903,38,5783,501,584,50127
4,run,10000,true,uniform,UPDATE,10191,18747257,5055077,4607048,305267,600079,220881,0,8,1482752,334,12438,1068113412,22412552,642425722,553222668,309898678,7764692,6595431428496,7848532960,1048027457,19012507,0.5,0.5,0,0,0,77367,1292.54074734706,49873,1288.3828524452108,317,25215,1629,1738,49873
4,reference,10000,true,uniform,READ,2,4612615,1148012,1024716,106044,200227,43203,0,0,0,334,12438,1068116360,22412552,642428349,553225298,309898678,7764692,6595548096359,7848883431,1048036084,19012507,0.5,0.5,0,0,0,78893,1267.5395789233519,50005,254.15892410758923,31,12471,500,577,50005
4,reference,10000,true,uniform,UPDATE,2,4612615,1148012,1024716,106044,200227,43203,0,0,0,334,12438,1068116360,22412552,642428349,553225298,309898678,7764692,6595548096359,7848883431,1048036084,19012507,0.5,0.5,0,0,0,78893,1267.5395789233519,49995,1308.4834683468346,308,27663,1638,1756,49995
4,clean-run,10000,true,uniform,READ,470,2733063,648322,612224,112994,49710,33850,0,4,385024,334,12439,1068142193,22412552,642428350,553240868,310093758,7764750,6595754384985,7849418287,1048047790,19016823,0.5,0.5,0,0,0,74061,1350.2383170629616,50319,216.14100041733738,36,4703,488,572,50319
4,clean-run,10000,true,uniform,UPDATE,470,2733063,648322,612224,112994,49710,33850,0,4,385024,334,12439,1068142193,22412552,642428350,553240868,310093758,7764750,6595754384985,7849418287,1048047790,19016823,0.5,0.5,0,0,0,74061,1350.2383170629616,49681,1257.3648678569273,307,8551,1643,1850,49681
4,avg-run,10000,true,uniform,READ,472,5226971,1243410,1170546,228380,99864,69235,0,4,385024,334,12439,1068142193,22412552,642428350,553252015,310093758,7764750,6595888101657,7849938297,1048047794,19016823,0.5,0.5,0,0,0,72155,1385.905342665096,49861,184.76681173662783,37,13639,471,562,49861
4,avg-run,10000,true,uniform,UPDATE,472,5226971,1243410,1170546,228380,99864,69235,0,4,385024,334,12439,1068142193,22412552,642428350,553252015,310093758,7764750,6595888101657,7849938297,1048047794,19016823,0.5,0.5,0,0,0,72155,1385.905342665096,50139,1240.7112228006142,303,7495,1597,1716,50139
5,extend,10000,true,uniform,EXTEND,10191,24304757,6429872,5920751,380822,700123,291777,0,8,1482752,334,12440,1068149562,22412552,642454349,553253962,310093758,7764750,6596177517718,7850655443,1048075014,19016823,0,0,0,0,1,164179,609.0912966944616,100000,1634.09522,430,14687,2117,2259,100000
5,run,10000,true,uniform,READ,12713,27058166,7201072,6630708,421955,750148,328517,0,10,1851392,334,12440,1068156030,22412552,642467249,553269366,310093758,7764750,6596346394693,7851157582,1048077678,19021261,0.5,0.5,0,0,0,74504,1342.2098142381617,50006,224.91700995880495,36,14935,500,583,50006
5,run,10000,true,uniform,UPDATE,12713,27058166,7201072,6630708,421955,750148,328517,0,10,1851392,334,12440,1068156030,22412552,642467249,553269366,310093758,7764750,6596346394693,7851157582,1048077678,19021261,0.5,0.5,0,0,0,74504,1342.2098142381617,49994,1250.433051966236,326,11487,1618,1734,49994
5,reference,10000,true,uniform,READ,2,6755949,1720853,1571148,146718,250229,72902,0,0,0,334,12440,1068158951,22412552,642469240,553271356,310093758,7764750,6596477521109,7851526442,1048088865,19021261,0.5,0.5,0,0,0,75107,1331.433821081923,50020,217.1828268692523,33,6471,496,578,50020
5,reference,10000,true,uniform,UPDATE,2,6755949,1720853,1571148,146718,250229,72902,0,0,0,334,12440,1068158951,22412552,642469240,553271356,310093758,7764750,6596477521109,7851526442,1048088865,19021261,0.5,0.5,0,0,0,75107,1331.433821081923,49980,1270.2880952380951,322,32591,1630,1749,49980
5,clean-run,10000,true,uniform,READ,405,2925707,693714,659611,123725,49867,37390,0,4,385024,334,12441,1068187770,22412552,642469241,553288377,310273897,7764797,6596708148552,7852096204,1048101851,19025427,0.5,0.5,0,0,0,78335,1276.5685836471564,50145,253.1388373716223,34,4555,505,588,50145
5,clean-run,10000,true,uniform,UPDATE,405,2925707,693714,659611,123725,49867,37390,0,4,385024,334,12441,1068187770,22412552,642469241,553288377,310273897,7764797,6596708148552,7852096204,1048101851,19025427,0.5,0.5,0,0,0,78335,1276.5685836471564,49855,1301.4331561528431,321,8767,1657,1870,49855
5,avg-run,10000,true,uniform,READ,407,5831304,1366663,1283706,254159,99957,77820,0,4,385024,334,12441,1068187770,22412552,642469241,553305778,310273897,7764797,6596885012786,7852652950,1048101855,19025427,0.5,0.5,0,0,0,81705,1223.9153050608898,49925,273.0495943915874,38,4859,510,591,49925
5,avg-run,10000,true,uniform,UPDATE,407,5831304,1366663,1283706,254159,99957,77820,0,4,385024,334,12441,1068187770,22412552,642469241,553305778,310273897,7764797,6596885012786,7852652950,1048101855,19025427,0.5,0.5,0,0,0,81705,1223.9153050608898,50075,1343.6276585122316,369,9671,1650,1767,50075
6,extend,10000,true,uniform,EXTEND,12713,32925643,8597402,7966890,502210,850181,405210,0,10,1851392,334,12442,1068207314,22412552,642503080,553307863,310273897,7764797,6597209142801,7853416515,1048132754,19025427,0,0,0,0,1,163990,609.7932800780535,100000,1631.86996,388,15735,2095,2241,100000
6,run,10000,true,uniform,READ,15029,36087321,9486410,8792137,545064,900528,445485,0,12,2220032,334,12442,1068222159,22412552,642519015,553326097,310273897,7764797,6597397706625,7853978426,1048135105,19028212,0.5,0.5,0,0,0,74594,1340.590396010403,49761,234.71851449930668,43,14191,503,587,49761
6,run,10000,true,uniform,UPDATE,15029,36087321,9486410,8792137,545064,900528,445485,0,12,2220032,334,12442,1068222159,22412552,642519015,553326097,310273897,7764797,6597397706625,7853978426,1048135105,19028212,0.5,0.5,0,0,0,74594,1340.590396010403,50239,1237.3113517386892,318,6711,1611,1734,50239
6,reference,10000,true,uniform,READ,2,9348573,2363011,2187906,189054,300168,107369,0,0,0,334,12442,1068232772,22412552,642520638,553329697,310510129,7764824,6597541481585,7854295332,1048147787,19028212,0.5,0.5,0,0,0,80060,1249.0632025980515,50083,268.42032226504006,33,6423,512,599,50083
6,reference,10000,true,uniform,UPDATE,2,9348573,2363011,2187906,189054,300168,107369,0,0,0,334,12442,1068232772,22412552,642520638,553329697,310510129,7764824,6597541481585,7854295332,1048147787,19028212,0.5,0.5,0,0,0,80060,1249.0632025980515,49917,1319.170282669231,324,31007,1662,1782,49917
6,clean-run,10000,true,uniform,READ,245,3069708,720112,687224,130034,50255,40105,0,4,385024,334,12443,1068267872,22412552,642522656,553349550,310511416,7764861,6597799903092,7854917525,1048161299,19034659,0.5,0.5,0,0,0,72477,1379.7480580046083,49757,220.31247864622063,40,12183,481,569,49757
6,clean-run,10000,true,uniform,UPDATE,245,3069708,720112,687224,130034,50255,40105,0,4,385024,334,12443,1068267872,22412552,642522656,553349550,310511416,7764861,6597799903092,7854917525,1048161299,19034659,0.5,0.5,0,0,0,72477,1379.7480580046083,50243,1209.6963358079734,318,10239,1595,1726,50243
6,avg-run,10000,true,uniform,READ,247,5865387,1381922,1311927,260640,100347,80705,0,4,385024,334,12443,1068267872,22412552,642522656,553364981,310511416,7764861,6597973175274,7855485680,1048161303,19034659,0.5,0.5,0,0,0,71706,1394.5834379270912,49923,208.6633014842858,39,5967,479,567,49923
6,avg-run,10000,true,uniform,UPDATE,247,5865387,1381922,1311927,260640,100347,80705,0,4,385024,334,12443,1068267872,22412552,642522656,553364981,310511416,7764861,6597973175274,7855485680,1048161303,19034659,0.5,0.5,0,0,0,71706,1394.5834379270912,50077,1209.45837410388,306,13727,1578,1698,50077
7,extend,10000,true,uniform,EXTEND,15029,42148500,10916381,10161018,627295,1000561,526200,0,12,2220032,334,12444,1068295464,22412552,642558059,553367809,310511416,7764861,6598388297624,7856261056,1048202761,19034659,0,0,0,0,1,142336,702.5629496402878,100000,1416.06563,394,19567,1980,2161,100000
7,run,10000,true,uniform,READ,17414,45059477,11729103,10909563,670197,1050524,567425,0,14,2588672,334,12444,1068311753,22412552,642574380,553386525,310680547,7764884,6598594397874,7856803285,1048205172,19040868,0.5,0.5,0,0,0,73283,1364.5729568931404,50068,235.23176479987217,40,13311,499,582,50068
7,run,10000,true,uniform,UPDATE,17414,45059477,11729103,10909563,670197,1050524,567425,0,14,2588672,334,12444,1068311753,22412552,642574380,553386525,310680547,7764884,6598594397874,7856803285,1048205172,19040868,0.5,0.5,0,0,0,73283,1364.5729568931404,49932,1217.6921212849475,335,14127,1599,1726,49932
7,reference,10000,true,uniform,READ,2,12464689,3054810,2848685,232756,350124,145238,0,0,0,334,12445,1068324124,22412552,642575112,553387229,310680547,7764884,6598872322203,7857209249,1048242156,19040868,0.5,0.5,0,0,0,74278,1346.293653571717,50066,197.7953900850877,34,6875,490,576,50066
7,reference,10000,true,uniform,UPDATE,2,12464689,3054810,2848685,232756,350124,145238,0,0,0,334,12445,1068324124,22412552,642575112,553387229,310680547,7764884,6598872322203,7857209249,1048242156,19040868,0.5,0.5,0,0,0,74278,1346.293653571717,49934,1274.7006248247687,366,10903,1643,1830,49934
7,clean-run,10000,true,uniform,READ,438,3069926,707536,677837,133378,50234,40993,0,4,385024,334,12446,1068354271,22412552,642575113,553409321,310750630,7764927,6599161624810,7857836746,1048257891,19045827,0.5,0.5,0,0,0,73367,1363.010617852713,49778,232.38368355498412,38,4919,482,568,49778
7,clean-run,10000,true,uniform,UPDATE,438,3069926,707536,677837,133378,50234,40993,0,4,385024,334,12446,1068354271,22412552,642575113,553409321,310750630,7764927,6599161624810,7857836746,1048257891,19045827,0.5,0.5,0,0,0,73367,1363.010617852713,50222,1216.2615785910557,316,9271,1627,1886,50222
7,avg-run,10000,true,uniform,READ,440,6233320,1443181,1368144,278862,100279,86469,0,4,385024,334,12446,1068354271,22412552,642575113,553427693,310750630,7764927,6599363690296,7858431544,1048257895,19045827,0.5,0.5,0,0,0,74822,1336.5053059260645,49970,242.44338603161899,43,5767,493,579,49970
7,avg-run,10000,true,uniform,UPDATE,440,6233320,1443181,1368144,278862,100279,86469,0,4,385024,334,12446,1068354271,22412552,642575113,553427693,310750630,7764927,6599363690296,7858431544,1048257895,19045827,0.5,0.5,0,0,0,74822,1336.5053059260645,50030,1239.4501299220467,317,10167,1595,1718,50030
8,extend,10000,true,uniform,EXTEND,17414,51198481,13153143,12274175,756612,1150557,651177,0,14,2588672,334,12447,1068387653,22412552,642616933,553431714,310750630,7764927,6599784103878,7859227399,1048299069,19045827,0,0,0,0,1,144176,693.5967151259572,100000,1434.13518,381,18815,1975,2155,100000
8,run,10000,true,uniform,READ,19825,54176101,13958073,13014436,804177,1200800,694770,0,16,2957312,334,12448,1068404568,22412552,642637094,553454269,310889945,7765439,6600124849779,7859822331,1048319420,19052639,0.5,0.5,0,0,0,75308,1327.8801720932704,49799,233.32028755597503,40,17071,504,588,49799
8,run,10000,true,uniform,UPDATE,19825,54176101,13958073,13014436,804177,1200800,694770,0,16,2957312,334,12448,1068404568,22412552,642637094,553454269,310889945,7765439,6600124849779,7859822331,1048319420,19052639,0.5,0.5,0,0,0,75308,1327.8801720932704,50201,1254.0995996095696,323,15367,1637,1799,50201
8,reference,10000,true,uniform,READ,2,15932859,3830965,3591685,278927,400060,186375,0,0,0,334,12448,1068411667,22412552,642640703,553457878,310889945,7765439,6600306971415,7860200612,1048336515,19052639,0.5,0.5,0,0,0,78306,1277.0413505989325,50097,258.92095335050004,46,8215,515,599,50097
8,reference,10000,true,uniform,UPDATE,2,15932859,3830965,3591685,278927,400060,186375,0,0,0,334,12448,1068411667,22412552,642640703,553457878,310889945,7765439,6600306971415,7860200612,1048336515,19052639,0.5,0.5,0,0,0,78306,1277.0413505989325,49903,1293.7263090395368,350,11855,1642,1779,49903
8,clean-run,10000,true,uniform,READ,181,2791600,624220,594486,140170,49898,42656,0,4,385024,334,12449,1068447833,22412552,642640704,553481949,311011860,7765505,6600546941302,7860753031,1048341636,19059482,0.5,0.5,0,0,0,65573,1525.0179189605478,50103,167.16651697503144,45,5439,461,551,50103
8,clean-run,10000,true,uniform,UPDATE,181,2791600,624220,594486,140170,49898,42656,0,4,385024,334,12449,1068447833,22412552,642640704,553481949,311011860,7765505,6600546941302,7860753031,1048341636,19059482,0.5,0.5,0,0,0,65573,1525.0179189605478,49897,1132.7689039421207,304,16343,1540,1690,49897
8,avg-run,10000,true,uniform,READ,183,5704814,1276775,1212951,285610,99885,88576,0,4,385024,334,12449,1068447833,22412552,642640704,553501198,311011860,7765505,6600755407545,7861423779,1048341640,19059482,0.5,0.5,0,0,0,72591,1377.5812428537972,50039,221.4643977697396,40,15879,489,575,50039
8,avg-run,10000,true,uniform,UPDATE,183,5704814,1276775,1212951,285610,99885,88576,0,4,385024,334,12449,1068447833,22412552,642640704,553501198,311011860,7765505,6600755407545,7861423779,1048341640,19059482,0.5,0.5,0,0,0,72591,1377.5812428537972,49961,1216.8089910129902,304,12287,1593,1722,49961
9,extend,10000,true,uniform,EXTEND,19825,60308393,15318984,14326316,894566,1300833,783074,0,16,2957312,334,12450,1068478100,22412552,642684026,553503870,311011860,7765505,6601226277395,7862226406,1048391363,19059482,0,0,0,0,1,146887,680.7954413937244,100000,1461.22102,385,16543,1991,2163,100000
9,run,10000,true,uniform,READ,21804,63102399,16072787,15021100,941151,1350529,827778,0,18,3325952,334,12451,1068495549,22412552,642705160,553526967,311139960,7766210,6601580092877,7862791200,1048412777,19068204,0.5,0.5,0,0,0,75043,1332.569326919233,50335,237.66373298897386,46,14439,505,591,50335
9,run,10000,true,uniform,UPDATE,21804,63102399,16072787,15021100,941151,1350529,827778,0,18,3325952,334,12451,1068495549,22412552,642705160,553526967,311139960,7766210,6601580092877,7862791200,1048412777,19068204,0.5,0.5,0,0,0,75043,1332.569326919233,49665,1255.3839726165309,322,6723,1636,1765,49665
9,reference,10000,true,uniform,READ,2,19026319,4519544,4257464,325167,449957,229220,0,0,0,334,12451,1068504423,22412552,642707466,553529264,311139960,7766210,6601786397769,7863209515,1048433767,19068204,0.5,0.5,0,0,0,70834,1411.751418810176,50125,188.74992518703243,49,13599,482,582,50125
9,reference,10000,true,uniform,UPDATE,2,19026319,4519544,4257464,325167,449957,229220,0,0,0,334,12451,1068504423,22412552,642707466,553529264,311139960,7766210,6601786397769,7863209515,1048433767,19068204,0.5,0.5,0,0,0,70834,1411.751418810176,49875,1217.1670175438596,341,5387,1584,1746,49875
9,clean-run,10000,true,uniform,READ,53,2883921,622556,596048,144866,50241,45095,0,4,385024,334,12452,1068544385,22412552,642707467,553554817,311262261,7766287,6602122243809,7863892118,1048454029,19075552,0.5,0.5,0,0,0,75148,1330.7074040559962,49771,249.9745233167909,41,6939,499,585,49771
9,clean-run,10000,true,uniform,UPDATE,53,2883921,622556,596048,144866,50241,45095,0,4,385024,334,12452,1068544385,22412552,642707467,553554817,311262261,7766287,6602122243809,7863892118,1048454029,19075552,0.5,0.5,0,0,0,75148,1330.7074040559962,50229,1233.9360528778195,305,11143,1654,1937,50229
9,avg-run,10000,true,uniform,READ,55,5821808,1268627,1195307,290015,100366,90723,0,4,385024,334,12453,1068558453,22412552,642754311,553578535,311262261,7766287,6602480907194,7864502144,1048473348,19075552,0.5,0.5,0,0,0,75304,1327.950706469776,49890,233.80244537983563,45,13527,493,580,49890
9,avg-run,10000,true,uniform,UPDATE,55,5821808,1268627,1195307,290015,100366,90723,0,4,385024,334,12453,1068558453,22412552,642754311,553578535,311262261,7766287,6602480907194,7864502144,1048473348,19075552,0.5,0.5,0,0,0,75304,1327.950706469776,50110,1255.644941129515,314,61535,1646,1791,50110
10,extend,10000,true,uniform,EXTEND,21804,69273898,17425191,16327203,1033081,1450573,918804,0,18,3325952,334,12453,1068591206,22412552,642757736,553581960,311262261,7766287,6602823285828,7865345703,1048498172,19075552,0,0,0,0,1,148718,672.413561236703,100000,1479.59704,396,17471,1973,2119,100000
10,run,10000,true,uniform,READ,23608,72065254,18174062,17017416,1079332,1500661,964628,0,20,3694592,334,12454,1068596629,22412552,642780501,553606512,311437551,7766321,6603144103812,7865927232,1048509122,19084292,0.5,0.5,0,0,0,68502,1459.811392368106,49943,181.44358568768396,48,7439,460,548,49943
10,run,10000,true,uniform,UPDATE,23608,72065254,18174062,17017416,1079332,1500661,964628,0,20,3694592,334,12454,1068596629,22412552,642780501,553606512,311437551,7766321,6603144103812,7865927232,1048509122,19084292,0.5,0.5,0,0,0,68502,1459.811392368106,50057,1173.654174241365,315,60895,1551,1688,50057
10,reference,10000,true,uniform,READ,2,22089721,5182623,4897850,371384,499962,273354,0,0,0,334,12454,1068604489,22412552,642783015,553609026,311437551,7766321,6603362277184,7866359739,1048531544,19084292,0.5,0.5,0,0,0,71255,1403.4102869974038,50017,192.3158726033149,46,6183,470,556,50017
10,reference,10000,true,uniform,UPDATE,2,22089721,5182623,4897850,371384,499962,273354,0,0,0,334,12454,1068604489,22412552,642783015,553609026,311437551,7766321,6603362277184,7866359739,1048531544,19084292,0.5,0.5,0,0,0,71255,1403.4102869974038,49983,1219.8177980513374,359,9423,1573,1715,49983
10,clean-run,10000,true,uniform,READ,53,2907516,630070,597237,145881,50161,45450,0,4,393216,334,12455,1068647839,22412552,642783016,553637381,311580644,7766361,6603637403404,7866981073,1048536710,19093608,0.5,0.5,0,0,0,71930,1390.2405116085083,49851,229.3564421977493,47,14383,471,554,49851
10,clean-run,10000,true,uniform,UPDATE,53,2907516,630070,597237,145881,50161,45450,0,4,393216,334,12455,1068647839,22412552,642783016,553637381,311580644,7766361,6603637403404,7866981073,1048536710,19093608,0.5,0.5,0,0,0,71930,1390.2405116085083,50149,1191.8535165207682,311,69439,1575,1709,50149
10,avg-run,10000,true,uniform,READ,55,5743307,1265192,1198706,290637,99995,90683,0,4,393216,334,12455,1068647839,22412552,642783016,553663245,311580644,7766361,6603878280199,7867583093,1048536714,19093608,0.5,0.5,0,0,0,71668,1395.322877713903,50181,208.5177656882087,42,5175,471,559,50181
10,avg-run,10000,true,uniform,UPDATE,55,5743307,1265192,1198706,290637,99995,90683,0,4,393216,334,12455,1068647839,22412552,642783016,553663245,311580644,7766361,6603878280199,7867583093,1048536714,19093608,0.5,0.5,0,0,0,71668,1395.322877713903,49819,1214.3945281920553,299,61663,1562,1685,49819
11,extend,10000,true,uniform,EXTEND,23608,78231752,19522150,18319003,1171354,1600694,1056132,0,20,3694592,334,12456,1068678354,22412552,642839241,553667670,311580644,7766361,6604330756212,7868439615,1048579902,19093608,0,0,0,0,1,151242,661.1919969320692,100000,1504.52583,374,19663,1970,2129,100000
11,run,10000,true,uniform,READ,25511,81131258,20277096,19014776,1217865,1650626,1102711,0,22,4063232,334,12457,1068684546,22412552,642866802,553697117,311730338,7766444,6604721906037,7869076412,1048597262,19103369,0.5,0.5,0,0,0,72493,1379.443532478998,50110,213.63496308122131,50,6755,475,568,50110
11,run,10000,true,uniform,UPDATE,25511,81131258,20277096,19014776,1217865,1650626,1102711,0,22,4063232,334,12457,1068684546,22412552,642866802,553697117,311730338,7766444,6604721906037,7869076412,1048597262,19103369,0.5,0.5,0,0,0,72493,1379.443532478998,49890,1223.9380036079374,296,9223,1592,1720,49890
11,reference,10000,true,uniform,READ,2,25133843,5850799,5543073,418134,550155,318911,0,0,0,334,12457,1068701427,22412552,642872298,553702670,311874542,7766469,6604966932202,7869485265,1048621940,19103369,0.5,0.5,0,0,0,78677,1271.019484728701,49840,258.13097913322633,43,7167,498,586,49840
11,reference,10000,true,uniform,UPDATE,2,25133843,5850799,5543073,418134,550155,318911,0,0,0,334,12457,1068701427,22412552,642872298,553702670,311874542,7766469,6604966932202,7869485265,1048621940,19103369,0.5,0.5,0,0,0,78677,1271.019484728701,50160,1297.542105263158,336,14527,1624,1754,50160
11,clean-run,10000,true,uniform,READ,53,2920462,622377,599915,146120,49977,45482,0,4,385024,334,12458,1068746678,22412552,642872354,553732528,311876355,7766504,6605260278383,7870130211,1048625998,19114303,0.5,0.5,0,0,0,76289,1310.8049653292087,50035,261.70066953132806,48,6247,486,570,50035
11,clean-run,10000,true,uniform,UPDATE,53,2920462,622377,599915,146120,49977,45482,0,4,385024,334,12458,1068746678,22412552,642872354,553732528,311876355,7766504,6605260278383,7870130211,1048625998,19114303,0.5,0.5,0,0,0,76289,1310.8049653292087,49965,1249.2006404483138,297,65727,1596,1724,49965
11,avg-run,10000,true,uniform,READ,55,5910609,1272531,1201663,290818,99745,90620,0,4,385024,334,12459,1068757957,22412552,642928461,553761319,311876355,7766504,6605674624313,7870751554,1048648601,19114303,0.5,0.5,0,0,0,74421,1343.7067494390024,50247,218.270404203236,45,6611,476,566,50247
11,avg-run,10000,true,uniform,UPDATE,55,5910609,1272531,1201663,290818,99745,90620,0,4,385024,334,12459,1068757957,22412552,642928461,553761319,311876355,7766504,6605674624313,7870751554,1048648601,19114303,0.5,0.5,0,0,0,74421,1343.7067494390024,49753,1261.0946475589412,329,67327,1631,1776,49753
12,extend,10000,true,uniform,EXTEND,25511,87242827,21628427,20316237,1311070,1750659,1194728,0,22,4063232,334,12460,1068787385,22412552,642928947,553761808,312012355,7766531,6606134877265,7871618700,1048691019,19114303,0,0,0,0,1,154946,645.3861345242859,100000,1541.62833,402,16895,1991,2149,100000
12,run,10000,true,uniform,READ,27549,90146540,22389674,21017342,1356962,1800564,1241409,0,24,4431872,334,12460,1068807993,22412552,642959442,553794324,312012355,7766531,6606435003482,7872266961,1048693729,19116178,0.5,0.5,0,0,0,71220,1404.0999719180006,50137,205.87943036081137,48,13183,473,566,50137
12,run,10000,true,uniform,UPDATE,27549,90146540,22389674,21017342,1356962,1800564,1241409,0,24,4431872,334,12460,1068807993,22412552,642959442,553794324,312012355,7766531,6606435003482,7872266961,1048693729,19116178,0.5,0.5,0,0,0,71220,1404.0999719180006,49863,1207.9914164811585,306,63903,1566,1688,49863
12,reference,10000,true,uniform,READ,2,28167757,6509627,6175809,464502,600041,364628,0,0,0,334,12461,1068844363,22412552,642962136,553797018,312117835,7766548,6606829168026,7872685542,1048746942,19116178,0.5,0.5,0,0,0,74929,1334.5967515915065,50147,210.12780425548885,42,6463,479,575,50147
12,reference,10000,true,uniform,UPDATE,2,28167757,6509627,6175809,464502,600041,364628,0,0,0,334,12461,1068844363,22412552,642962136,553797018,312117835,7766548,6606829168026,7872685542,1048746942,19116178,0.5,0.5,0,0,0,74929,1334.5967515915065,49853,1277.8397689206267,332,9535,1653,1816,49853
12,clean-run,10000,true,uniform,READ,53,2965608,635223,601550,146298,49988,45561,0,4,385024,334,12462,1068908778,22412552,642962137,553830335,312159173,7766641,6607140278181,7873322786,1048750246,19128367,0.5,0.5,0,0,0,71329,1401.9543243281134,50024,208.8380777226931,42,12735,467,559,50024
12,clean-run,10000,true,uniform,UPDATE,53,2965608,635223,601550,146298,49988,45561,0,4,385024,334,12462,1068908778,22412552,642962137,553830335,312159173,7766641,6607140278181,7873322786,1048750246,19128367,0.5,0.5,0,0,0,71329,1401.9543243281134,49976,1204.1717224267647,316,48543,1568,1705,49976
12,avg-run,10000,true,uniform,READ,55,5957448,1283409,1200971,291255,99831,90686,0,4,385024,334,12463,1068923299,22412552,643021999,553859530,312159173,7766641,6607603434148,7873952254,1048775591,19128367,0.5,0.5,0,0,0,74067,1350.1289373135135,50172,217.24087140237583,44,6007,474,567,50172
12,avg-run,10000,true,uniform,UPDATE,55,5957448,1283409,1200971,291255,99831,90686,0,4,385024,334,12463,1068923299,22412552,643021999,553859530,312159173,7766641,6607603434148,7873952254,1048775591,19128367,0.5,0.5,0,0,0,74067,1350.1289373135135,49828,1253.8348920285782,310,69503,1614,1797,49828
13,extend,10000,true,uniform,EXTEND,27549,96358683,23762708,22333580,1453844,1900597,1334540,0,24,4431872,334,12464,1068969226,22412552,643025741,553863292,312266541,7766665,6608198809155,7874849545,1048838951,19128367,0,0,0,0,1,149232,670.0975662056395,100000,1484.50391,407,18591,1980,2159,100000
13,run,10000,true,uniform,READ,29765,99292449,24537858,23048218,1499208,1950731,1381703,0,26,4800512,334,12465,1069001330,22412552,643058232,553897967,312343304,7767322,6608621390635,7875440698,1048857437,19138557,0.5,0.5,0,0,0,77224,1294.934217341759,49956,258.56719913523904,52,14887,493,578,49956
13,run,10000,true,uniform,UPDATE,29765,99292449,24537858,23048218,1499208,1950731,1381703,0,26,4800512,334,12465,1069001330,22412552,643058232,553897967,312343304,7767322,6608621390635,7875440698,1048857437,19138557,0.5,0.5,0,0,0,77224,1294.934217341759,50044,1269.679901686516,294,111551,1624,1758,50044
13,reference,10000,true,uniform,READ,2,31064296,7152985,6790235,510553,650223,410356,0,0,0,334,12465,1069020546,22412552,643060758,553900504,312343304,7767322,6608935060729,7875864915,1048895641,19138557,0.5,0.5,0,0,0,77497,1290.3725305495698,49840,243.49737158908508,48,14743,499,596,49840
13,reference,10000,true,uniform,UPDATE,2,31064296,7152985,6790235,510553,650223,410356,0,0,0,334,12465,1069020546,22412552,643060758,553900504,312343304,7767322,6608935060729,7875864915,1048895641,19138557,0.5,0.5,0,0,0,77497,1290.3725305495698,50160,1289.0815390749601,350,7095,1636,1796,50160
13,clean-run,10000,true,uniform,READ,309,3022997,638386,610308,148129,49949,46256,0,4,385024,334,12466,1069074589,22412552,643060759,553938093,312452894,7767386,6609377466680,7876599076,1048922257,19156188,0.5,0.5,0,0,0,75072,1332.0545609548167,50063,242.06511795138127,50,12999,478,568,50063
13,clean-run,10000,true,uniform,UPDATE,309,3022997,638386,610308,148129,49949,46256,0,4,385024,334,12466,1069074589,22412552,643060759,553938093,312452894,7767386,6609377466680,7876599076,1048922257,19156188,0.5,0.5,0,0,0,75072,1332.0545609548167,49937,1245.727636822396,295,68031,1597,1721,49937
13,avg-run,10000,true,uniform,READ,311,5897576,1269277,1206544,293238,100070,91413,0,4,385024,334,12467,1069098117,22412552,643128410,553970828,312452894,7767386,6609768869153,7877211258,1048935434,19156188,0.5,0.5,0,0,0,77705,1286.9184737146902,49894,246.91888804265042,51,16175,481,573,49894
13,avg-run,10000,true,uniform,UPDATE,311,5897576,1269277,1206544,293238,100070,91413,0,4,385024,334,12467,1069098117,22412552,643128410,553970828,312452894,7767386,6609768869153,7877211258,1048935434,19156188,0.5,0.5,0,0,0,77705,1286.9184737146902,50106,1289.693529717,323,48991,1615,1754,50106
14,extend,10000,true,uniform,EXTEND,29765,105647294,25969723,24420863,1608629,2050764,1479645,0,26,4800512,334,12468,1069155060,22412552,643130137,553972555,312576294,7767391,6610381463593,7878132710,1049002189,19156188,0,0,0,0,1,161571,618.9229502819194,100000,1607.49071,427,17343,2024,2179,100000
14,run,10000,true,uniform,READ,32252,108938381,26800172,25186773,1655927,2101099,1531153,0,28,5169152,334,12469,1069187575,22412552,643164646,554009537,312680739,7769196,6610886587888,7878815406,1049028192,19167603,0.5,0.5,0,0,0,79957,1250.6722363270258,49707,263.3900054318305,48,7927,496,584,49707
14,run,10000,true,uniform,UPDATE,32252,108938381,26800172,25186773,1655927,2101099,1531153,0,28,5169152,334,12469,1069187575,22412552,643164646,554009537,312680739,7769196,6610886587888,7878815406,1049028192,19167603,0.5,0.5,0,0,0,79957,1250.6722363270258,50293,1314.248980971507,328,9975,1650,1806,50293
14,reference,10000,true,uniform,READ,2,34126596,7796062,7401753,558284,700213,456495,0,0,0,334,12470,1069217539,22412552,643165268,554010159,312796055,7769201,6611306703048,7879249398,1049091060,19167603,0.5,0.5,0,0,0,75040,1332.6226012793177,50032,208.4693596098497,57,13631,483,577,50032
14,reference,10000,true,uniform,UPDATE,2,34126596,7796062,7401753,558284,700213,456495,0,0,0,334,12470,1069217539,22412552,643165268,554010159,312796055,7769201,6611306703048,7879249398,1049091060,19167603,0.5,0.5,0,0,0,75040,1332.6226012793177,49968,1278.7043507845021,365,7695,1628,1811,49968
14,clean-run,10000,true,uniform,READ,502,3032223,679066,643121,156322,49948,49102,0,4,385024,334,12471,1069269455,22412552,643165269,554050186,312815580,7769290,6611667448831,7879938692,1049096664,19178401,0.5,0.5,0,0,0,62870,1590.583744234134,50071,171.13862315511972,53,6611,380,469,50071
14,clean-run,10000,true,uniform,UPDATE,502,3032223,679066,643121,156322,49948,49102,0,4,385024,334,12471,1069269455,22412552,643165269,554050186,312815580,7769290,6611667448831,7879938692,1049096664,19178401,0.5,0.5,0,0,0,62870,1590.583744234134,49929,1074.3866290131987,317,66111,1305,1552,49929
14,avg-run,10000,true,uniform,READ,504,5905731,1308344,1237851,301643,100237,94442,0,4,385024,334,12472,1069287548,22412552,643235213,554082766,312815580,7769290,6612143179953,7880574888,1049117487,19178401,0.5,0.5,0,0,0,79172,1263.0728035163947,49726,249.2452439367735,51,13823,505,593,49726
14,avg-run,10000,true,uniform,UPDATE,504,5905731,1308344,1237851,301643,100237,94442,0,4,385024,334,12472,1069287548,22412552,643235213,554082766,312815580,7769290,6612143179953,7880574888,1049117487,19178401,0.5,0.5,0,0,0,79172,1263.0728035163947,50274,1313.6547718502607,316,66239,1653,1806,50274
15,extend,10000,true,uniform,EXTEND,32252,115326834,28414858,26754964,1798116,2201132,1645298,0,28,5169152,334,12473,1069346631,22412552,643238138,554085691,312931436,7769297,6612781576684,7881604521,1049187013,19178401,0,0,0,0,1,140608,711.1970869367319,100000,1398.10514,434,17295,1930,2181,100000
15,run,10000,true,uniform,READ,34773,118767025,29433171,27714198,1875268,2251196,1711805,0,30,5537792,334,12474,1069364242,22412552,643271518,554121568,313021345,7770438,6613287433864,7882359289,1049210223,19193443,0.5,0.5,0,0,0,65897,1517.519765694948,49967,189.59961574639263,60,13199,391,468,49967
15,run,10000,true,uniform,UPDATE,34773,118767025,29433171,27714198,1875268,2251196,1711805,0,30,5537792,334,12474,1069364242,22412552,643271518,554121568,313021345,7770438,6613287433864,7882359289,1049210223,19193443,0.5,0.5,0,0,0,65897,1517.519765694948,50033,1113.944876381588,317,6175,1336,1496,50033
15,reference,10000,true,uniform,READ,2,37212171,8509696,8094986,635901,750223,509652,0,0,0,334,12475,1069416009,22412552,643272591,554122650,313118861,7770444,6613739792548,7882893325,1049273939,19193443,0.5,0.5,0,0,0,85301,1172.3191990715231,50012,296.51253699112215,59,9175,537,623,50012
15,reference,10000,true,uniform,UPDATE,2,37212171,8509696,8094986,635901,750223,509652,0,0,0,334,12475,1069416009,22412552,643272591,554122650,313118861,7770444,6613739792548,7882893325,1049273939,19193443,0.5,0.5,0,0,0,85301,1172.3191990715231,49988,1394.8993358406017,377,12903,1726,1876,49988
15,clean-run,10000,true,uniform,READ,373,3581384,883034,862527,221684,50132,69565,0,4,385024,334,12476,1069479376,22412552,643272592,554163071,313166694,7770502,6614203492729,7883728883,1049298970,19208719,0.5,0.5,0,0,0,63846,1566.2688343827335,49869,178.52736168762158,56,14295,384,451,49869
15,clean-run,10000,true,uniform,UPDATE,373,3581384,883034,862527,221684,50132,69565,0,4,385024,334,12476,1069479376,22412552,643272592,554163071,313166694,7770502,6614203492729,7883728883,1049298970,19208719,0.5,0.5,0,0,0,63846,1566.2688343827335,50131,1082.4254054377532,308,66559,1372,1655,50131
15,avg-run,10000,true,uniform,READ,375,6687900,1566657,1514026,381739,100209,119624,0,4,385024,334,12477,1069507231,22412552,643344829,554197554,313166694,7770502,6614602680312,7884407638,1049307228,19208719,0.5,0.5,0,0,0,65707,1521.9078636979318,49949,190.28228793369237,58,8023,393,462,49949
15,avg-run,10000,true,uniform,UPDATE,375,6687900,1566657,1514026,381739,100209,119624,0,4,385024,334,12477,1069507231,22412552,643344829,554197554,313166694,7770502,6614602680312,7884407638,1049307228,19208719,0.5,0.5,0,0,0,65707,1521.9078636979318,50051,1108.808075762722,327,68095,1297,1445,50051
16,extend,10000,true,uniform,EXTEND,34773,125547893,31493798,29730237,2052475,2351229,1863049,0,30,5537792,334,12478,1069568885,22412552,643353613,554206338,313266796,7770509,6615255121547,7885441673,1049371469,19208719,0,0,0,0,1,132092,757.0481179783787,100000,1313.95762,402,15975,1674,1827,100000
16,run,10000,true,uniform,READ,36812,129077162,32745448,30925689,2151865,2401234,1947783,0,32,5906432,334,12479,1069588457,22412552,643398287,554253038,313365636,7770825,6615740147599,7886291784,1049388806,19222047,0.5,0.5,0,0,0,64826,1542.5909357356616,50026,184.54233798424818,65,7835,388,465,50026
16,run,10000,true,uniform,UPDATE,36812,129077162,32745448,30925689,2151865,2401234,1947783,0,32,5906432,334,12479,1069588457,22412552,643398287,554253038,313365636,7770825,6615740147599,7886291784,1049388806,19222047,0.5,0.5,0,0,0,64826,1542.5909357356616,49974,1099.0285348381158,325,45119,1314,1469,49974
16,reference,10000,true,uniform,READ,2,40509683,9381059,8947260,735940,800159,576963,0,0,0,334,12480,1069638014,22412552,643401818,554256547,313455203,7770852,6616188326857,7886893962,1049448228,19222047,0.5,0.5,0,0,0,85284,1172.5528821349842,50086,302.4242103581839,63,14039,544,632,50086
16,reference,10000,true,uniform,UPDATE,2,40509683,9381059,8947260,735940,800159,576963,0,0,0,334,12480,1069638014,22412552,643401818,554256547,313455203,7770852,6616188326857,7886893962,1049448228,19222047,0.5,0.5,0,0,0,85284,1172.5528821349842,49914,1389.5244821092278,344,14231,1720,1875,49914
16,clean-run,10000,true,uniform,READ,53,3961452,1116852,1093285,283954,49874,89683,0,4,385024,334,12481,1069700169,22412552,643401819,554305814,313512163,7771134,6616690706246,7887918759,1049477084,19239785,0.5,0.5,0,0,0,65263,1532.2617716010602,50127,193.25840365471703,59,12919,396,467,50127
16,clean-run,10000,true,uniform,UPDATE,53,3961452,1116852,1093285,283954,49874,89683,0,4,385024,334,12481,1069700169,22412552,643401819,554305814,313512163,7771134,6616690706246,7887918759,1049477084,19239785,0.5,0.5,0,0,0,65263,1532.2617716010602,49873,1100.7950995528643,308,64959,1374,1630,49873
16,avg-run,10000,true,uniform,READ,55,8084376,2346628,2291826,594310,100066,190039,0,4,385024,334,12482,1069732222,22412552,643492164,554349143,313512163,7771134,6617094209909,7888935497,1049481592,19239785,0.5,0.5,0,0,0,65847,1518.672073139247,49823,183.75210244264696,66,13247,373,450,49823
16,avg-run,10000,true,uniform,UPDATE,55,8084376,2346628,2291826,594310,100066,190039,0,4,385024,334,12482,1069732222,22412552,643492164,554349143,313512163,7771134,6617094209909,7888935497,1049481592,19239785,0.5,0.5,0,0,0,65847,1518.672073139247,50177,1115.9423042429798,316,84607,1280,1418,50177
17,extend,10000,true,uniform,EXTEND,36812,135951609,35176795,33303554,2344002,2501267,2129656,0,32,5906432,334,12484,1069816853,22412552,643499248,554356228,313690503,7771162,6617885384682,7890065266,1049584182,19239785,0,0,0,0,1,134164,745.3564294445604,100000,1334.53829,403,16063,1658,1884,100000
17,run,10000,true,uniform,READ,38033,139552683,36562702,34630247,2443872,2551219,2223929,0,34,6275072,334,12484,1069845089,22412552,643548892,554407081,313690503,7771162,6618283026217,7891018367,1049585708,19246191,0.5,0.5,0,0,0,62753,1593.5493123834717,50079,158.61337087401904,67,13279,356,436,50079
17,run,10000,true,uniform,UPDATE,38033,139552683,36562702,34630247,2443872,2551219,2223929,0,34,6275072,334,12484,1069845089,22412552,643548892,554407081,313690503,7771162,6618283026217,7891018367,1049585708,19246191,0.5,0.5,0,0,0,62753,1593.5493123834717,49921,1085.6416337813746,342,69695,1247,1353,49921
17,reference,10000,true,uniform,READ,2,43768288,10388964,9937048,837142,850388,657812,0,0,0,334,12485,1069890914,22412552,643557890,554416070,313767216,7771185,6618688230538,7891486960,1049636960,19246191,0.5,0.5,0,0,0,77605,1288.5767669608917,49793,241.11698431506437,61,8179,497,585,49793
17,reference,10000,true,uniform,UPDATE,2,43768288,10388964,9937048,837142,850388,657812,0,0,0,334,12485,1069890914,22412552,643557890,554416070,313767216,7771185,6618688230538,7891486960,1049636960,19246191,0.5,0.5,0,0,0,77605,1288.5767669608917,50207,1292.0984723245763,335,10199,1636,1793,50207
17,clean-run,10000,true,uniform,READ,53,3997875,1175776,1162236,300928,49977,96356,0,0,0,334,12486,1069959959,22412552,643557891,554466355,313837598,7771317,6619225804603,7892526081,1049675444,19267871,0.5,0.5,0,0,0,65995,1515.2663080536404,50024,198.7911602430833,64,7375,379,456,50024
17,clean-run,10000,true,uniform,UPDATE,53,3997875,1175776,1162236,300928,49977,96356,0,0,0,334,12486,1069959959,22412552,643557891,554466355,313837598,7771317,6619225804603,7892526081,1049675444,19267871,0.5,0.5,0,0,0,65995,1515.2663080536404,49976,1107.3266567952617,326,66047,1316,1637,49976
17,avg-run,10000,true,uniform,READ,55,8123150,2413676,2368012,610500,99787,195927,0,0,0,334,12487,1069998741,22412552,643652163,554511886,313837598,7771317,6619620395650,7893549140,1049675811,19267871,0.5,0.5,0,0,0,67226,1487.5197096361526,50216,202.4918551855982,63,7011,375,449,50216
17,avg-run,10000,true,uniform,UPDATE,55,8123150,2413676,2368012,610500,99787,195927,0,0,0,334,12487,1069998741,22412552,643652163,554511886,313837598,7771317,6619620395650,7893549140,1049675811,19267871,0.5,0.5,0,0,0,67226,1487.5197096361526,49784,1131.6407882050457,309,68927,1278,1411,49784
18,extend,10000,true,uniform,EXTEND,38033,146387580,39134591,37160663,2640924,2651252,2417066,0,34,6275072,334,12488,1070078278,22412552,643657142,554516885,314040258,7771332,6620283830965,7894596121,1049747974,19267871,0,0,0,0,1,131224,762.0557215143572,100000,1305.02868,418,19951,1643,1806,100000
18,run,10000,true,uniform,READ,38714,150019954,40569755,38540366,2740590,2701103,2514729,0,34,6275072,334,12489,1070104818,22412552,643705734,554566127,314040258,7771332,6620730985294,7895562092,1049753928,19280060,0.5,0.5,0,0,0,68195,1466.383165921255,50187,211.72895371311296,65,6251,380,457,50187
18,run,10000,true,uniform,UPDATE,38714,150019954,40569755,38540366,2740590,2701103,2514729,0,34,6275072,334,12489,1070104818,22412552,643705734,554566127,314040258,7771332,6620730985294,7895562092,1049753928,19280060,0.5,0.5,0,0,0,68195,1466.383165921255,49813,1141.6373035151466,337,69631,1285,1394,49813
18,reference,10000,true,uniform,READ,2,47239791,11490469,11020044,937058,900145,745777,0,0,0,334,12490,1070155144,22412552,643708559,554568953,314124477,7771348,6621198885786,7896128026,1049823125,19280060,0.5,0.5,0,0,0,69709,1434.5349954812148,50265,202.59055008455186,64,6815,417,520,50265
18,reference,10000,true,uniform,UPDATE,2,47239791,11490469,11020044,937058,900145,745777,0,0,0,334,12490,1070155144,22412552,643708559,554568953,314124477,7771348,6621198885786,7896128026,1049823125,19280060,0.5,0.5,0,0,0,69709,1434.5349954812148,49735,1183.7514426460239,336,10455,1489,1757,49735
18,clean-run,10000,true,uniform,READ,53,4031184,1199097,1186967,307067,50060,98882,0,0,0,334,12491,1070229576,22412552,643708560,554618865,314177048,7771483,6621617678052,7897074677,1049827323,19298666,0.5,0.5,0,0,0,66725,1498.6886474334956,49941,206.15145872129114,74,8455,375,452,49941
18,clean-run,10000,true,uniform,UPDATE,53,4031184,1199097,1186967,307067,50060,98882,0,0,0,334,12491,1070229576,22412552,643708560,554618865,314177048,7771483,6621617678052,7897074677,1049827323,19298666,0.5,0.5,0,0,0,66725,1498.6886474334956,50059,1112.967797998362,314,66495,1269,1387,50059
18,avg-run,10000,true,uniform,READ,55,8151986,2435355,2391108,616821,99961,198636,0,0,0,334,12492,1070245419,22412552,643803060,554664611,314177048,7771483,6622120351036,7898097845,1049840236,19298666,0.5,0.5,0,0,0,66562,1502.3587031639674,50125,192.9591620947631,65,13639,375,448,50125
18,avg-run,10000,true,uniform,UPDATE,55,8151986,2435355,2391108,616821,99961,198636,0,0,0,334,12492,1070245419,22412552,643803060,554664611,314177048,7771483,6622120351036,7898097845,1049840236,19298666,0.5,0.5,0,0,0,66562,1502.3587031639674,49875,1126.9105764411026,318,69439,1304,1447,49875
19,extend,10000,true,uniform,EXTEND,38714,156877574,43194418,41126843,2939657,2801136,2712408,0,34,6275072,334,12493,1070313721,22412552,643811320,554672921,314366900,7771501,6622818748808,7899170131,1049911184,19298666,0,0,0,0,1,133606,748.4693801176594,100000,1328.53242,421,16351,1643,1811,100000
19,run,10000,true,uniform,READ,39173,160659628,44626386,42514822,3040259,2851461,2812358,0,34,6275072,334,12494,1070343299,22412552,643859153,554721153,314366900,7771501,6623278253740,7900274348,1049914844,19312773,0.5,0.5,0,0,0,68228,1465.6739168669753,49717,210.20998853510872,70,13743,382,458,49717
19,run,10000,true,uniform,UPDATE,39173,160659628,44626386,42514822,3040259,2851461,2812358,0,34,6275072,334,12494,1070343299,22412552,643859153,554721153,314366900,7771501,6623278253740,7900274348,1049914844,19312773,0.5,0.5,0,0,0,68228,1465.6739168669753,50283,1134.6562854244974,317,70463,1288,1409,50283
19,reference,10000,true,uniform,READ,2,50599535,12636760,12146667,1037566,950275,838908,0,0,0,334,12495,1070392722,22412552,643862359,554724359,314447975,7771517,6623743069590,7900852897,1049981327,19312773,0.5,0.5,0,0,0,68417,1461.6250347135947,49892,182.51142467730298,60,13831,409,518,49892
19,reference,10000,true,uniform,UPDATE,2,50599535,12636760,12146667,1037566,950275,838908,0,0,0,334,12495,1070392722,22412552,643862359,554724359,314447975,7771517,6623743069590,7900852897,1049981327,19312773,0.5,0.5,0,0,0,68417,1461.6250347135947,50108,1170.6953779835555,346,16143,1479,1775,50108
19,clean-run,10000,true,uniform,READ,53,4040813,1207228,1195725,309130,50068,99707,0,0,0,334,12496,1070464216,22412552,643862360,554774536,314505102,7771765,6624189946903,7901831376,1049987685,19332312,0.5,0.5,0,0,0,63152,1583.481124904991,49933,177.81905753709972,74,6383,365,440,49933
19,clean-run,10000,true,uniform,UPDATE,53,4040813,1207228,1195725,309130,50068,99707,0,0,0,334,12496,1070464216,22412552,643862360,554774536,314505102,7771765,6624189946903,7901831376,1049987685,19332312,0.5,0.5,0,0,0,63152,1583.481124904991,50067,1070.484291049993,321,68095,1258,1371,50067
19,avg-run,10000,true,uniform,READ,55,8162355,2437040,2393413,619603,100329,200180,0,0,0,334,12497,1070479831,22412552,643958058,554821090,314505102,7771765,6624695714367,7902879751,1049997655,19332312,0.5,0.5,0,0,0,64624,1547.412725922258,49765,167.6753742590174,70,6491,362,439,49765
19,avg-run,10000,true,uniform,UPDATE,55,8162355,2437040,2393413,619603,100329,200180,0,0,0,334,12497,1070479831,22412552,643958058,554821090,314505102,7771765,6624695714367,7902879751,1049997655,19332312,0.5,0.5,0,0,0,64624,1547.412725922258,50235,1108.2828705086094,310,70079,1287,1430,50235
20,extend,10000,true,uniform,EXTEND,39173,167695784,47268853,45120000,3239939,2951494,3011565,0,34,6275072,334,12498,1070547880,22412552,643960588,554823688,314689834,7771791,6625379772421,7904057025,1050063649,19332312,0,0,0,0,1,133002,751.8683929564969,100000,1322.95072,426,16591,1639,1940,100000
20,run,10000,true,uniform,READ,39558,171373966,48713210,46519813,3340060,3001630,3111474,0,34,6275072,334,12499,1070577437,22412552,644010629,554874036,314689834,7771791,6625860127783,7905082838,1050069385,19339624,0.5,0.5,0,0,0,66485,1504.098668872678,49954,188.5460623773872,74,7147,368,448,49954
20,run,10000,true,uniform,UPDATE,39558,171373966,48713210,46519813,3340060,3001630,3111474,0,34,6275072,334,12499,1070577437,22412552,644010629,554874036,314689834,7771791,6625860127783,7905082838,1050069385,19339624,0.5,0.5,0,0,0,66485,1504.098668872678,50046,1127.4578587699316,334,68351,1276,1414,50046
20,reference,10000,true,uniform,READ,2,54003747,13819328,13310516,1137601,1000176,934537,0,0,0,334,12500,1070626969,22412552,644010782,554874188,314764818,7771806,6626312252773,7905663428,1050133322,19339624,0.5,0.5,0,0,0,83088,1203.5432312728674,50132,283.7962379318599,61,13671,516,606,50132
20,reference,10000,true,uniform,UPDATE,2,54003747,13819328,13310516,1137601,1000176,934537,0,0,0,334,12500,1070626969,22412552,644010782,554874188,314764818,7771806,6626312252773,7905663428,1050133322,19339624,0.5,0.5,0,0,0,83088,1203.5432312728674,49868,1365.1348560198926,357,5275,1683,1830,49868
20,clean-run,10000,true,uniform,READ,53,4089466,1211608,1199345,309731,50026,99903,0,0,0,334,12501,1070694912,22412552,644010783,554924967,314840064,7771847,6626778590351,7906706303,1050140015,19361928,0.5,0.5,0,0,0,65001,1538.4378701866126,49975,187.23417708854427,75,13807,368,443,49975
20,clean-run,10000,true,uniform,UPDATE,53,4089466,1211608,1199345,309731,50026,99903,0,0,0,334,12501,1070694912,22412552,644010783,554924967,314840064,7771847,6626778590351,7906706303,1050140015,19361928,0.5,0.5,0,0,0,65001,1538.4378701866126,50025,1099.2899350324838,323,63807,1266,1388,50025
20,avg-run,10000,true,uniform,READ,55,8212878,2446575,2403051,619513,99931,199685,0,0,0,334,12502,1070708707,22412552,644104099,554968473,314840064,7771847,6627282678182,7907738778,1050147240,19361928,0.5,0.5,0,0,0,66867,1495.5060044566078,50110,193.78728796647377,72,16799,371,448,50110
20,avg-run,10000,true,uniform,UPDATE,55,8212878,2446575,2403051,619513,99931,199685,0,0,0,334,12502,1070708707,22412552,644104099,554968473,314840064,7771847,6627282678182,7907738778,1050147240,19361928,0.5,0.5,0,0,0,66867,1495.5060044566078,49890,1132.2526558428542,323,68031,1291,1426,49890
21,extend,10000,true,uniform,EXTEND,39558,178589092,51362856,49121624,3539945,3101674,3311216,0,34,6275072,334,12504,1070811993,22412552,644108463,554972836,314984754,7771898,6628332070334,7909064504,1050278335,19361928,0,0,0,0,1,134675,742.5283088917765,100000,1339.26261,425,17135,1685,2002,100000
21,run,10000,true,uniform,READ,39919,182380513,52806876,50523429,3639867,3151651,3411079,0,34,6275072,334,12505,1070851864,22412552,644157632,555022356,315032419,7773363,6628944822796,7910084532,1050298386,19374101,0.5,0.5,0,0,0,66205,1510.4599350502228,50054,188.12548447676508,75,8583,372,451,50054
21,run,10000,true,uniform,UPDATE,39919,182380513,52806876,50523429,3639867,3151651,3411079,0,34,6275072,334,12505,1070851864,22412552,644157632,555022356,315032419,7773363,6628944822796,7910084532,1050298386,19374101,0.5,0.5,0,0,0,66205,1510.4599350502228,49946,1123.46310014816,318,53983,1326,1484,49946
21,reference,10000,true,uniform,READ,2,57415042,15018223,14492176,1237603,1050138,1031799,0,0,0,334,12506,1070904031,22412552,644158924,555023648,315109559,7773373,6629455808181,7910673119,1050369466,19374101,0.5,0.5,0,0,0,71400,1400.5602240896358,50060,208.09848182181383,63,14279,453,554,50060
21,reference,10000,true,uniform,UPDATE,2,57415042,15018223,14492176,1237603,1050138,1031799,0,0,0,334,12506,1070904031,22412552,644158924,555023648,315109559,7773373,6629455808181,7910673119,1050369466,19374101,0.5,0.5,0,0,0,71400,1400.5602240896358,49940,1207.8349219062875,344,13423,1543,1787,49940
21,clean-run,10000,true,uniform,READ,53,4216291,1216729,1205527,309353,49731,99395,0,0,0,334,12507,1070971154,22412552,644158925,555076184,315169134,7773414,6629945281207,7911673402,1050377999,19397959,0.5,0.5,0,0,0,66483,1504.1439164899298,50270,202.37097672568132,71,7583,388,467,50270
21,clean-run,10000,true,uniform,UPDATE,53,4216291,1216729,1205527,309353,49731,99395,0,0,0,334,12507,1070971154,22412552,644158925,555076184,315169134,7773414,6629945281207,7911673402,1050377999,19397959,0.5,0.5,0,0,0,66483,1504.1439164899298,49730,1119.0337623165092,324,66047,1283,1416,49730
21,avg-run,10000,true,uniform,READ,55,8570936,2453778,2410459,619019,99588,199061,0,0,0,334,12508,1070985813,22412552,644259685,555125378,315169134,7773414,6630457680397,7912726959,1050384084,19397959,0.5,0.5,0,0,0,66881,1495.1929546507977,50169,200.84614004664235,73,6995,391,468,50169
21,avg-run,10000,true,uniform,UPDATE,55,8570936,2453778,2410459,619019,99588,199061,0,0,0,334,12508,1070985813,22412552,644259685,555125378,315169134,7773414,6630457680397,7912726959,1050384084,19397959,0.5,0.5,0,0,0,66881,1495.1929546507977,49831,1126.2357969938391,323,68799,1309,1472,49831
22,extend,10000,true,uniform,EXTEND,39919,189763807,55458196,53126971,3839803,3251684,3610964,0,34,6275072,334,12510,1071083087,22412552,644270288,555135982,315335294,7773447,6631409014925,7914027869,1050493349,19397959,0,0,0,0,1,137903,725.1473862062464,100000,1371.25336,441,16199,1736,2046,100000
22,run,10000,true,uniform,READ,40272,193588460,56901335,54528070,3939877,3301733,3710991,0,34,6275072,334,12511,1071136193,22412552,644320646,555186684,315366751,7775866,6632104547446,7915042651,1050522825,19405403,0.5,0.5,0,0,0,66674,1499.8350181480037,49982,196.0421351686607,72,7179,383,465,49982
22,run,10000,true,uniform,UPDATE,40272,193588460,56901335,54528070,3939877,3301733,3710991,0,34,6275072,334,12511,1071136193,22412552,644320646,555186684,315366751,7775866,6632104547446,7915042651,1050522825,19405403,0.5,0.5,0,0,0,66674,1499.8350181480037,50018,1124.271882122436,328,33215,1343,1487,50018
22,reference,10000,true,uniform,READ,2,60898003,16224291,15681431,1338091,1100366,1130605,0,0,0,334,12512,1071197402,22412552,644321231,555187272,315498411,7775882,6632739616165,7915724319,1050618538,19405403,0.5,0.5,0,0,0,75677,1321.4054468332517,49794,227.96172229585895,58,9519,484,584,49794
22,reference,10000,true,uniform,UPDATE,2,60898003,16224291,15681431,1338091,1100366,1130605,0,0,0,334,12512,1071197402,22412552,644321231,555187272,315498411,7775882,6632739616165,7915724319,1050618538,19405403,0.5,0.5,0,0,0,75677,1321.4054468332517,50206,1266.9831892602479,349,25535,1651,2024,50206
22,clean-run,10000,true,uniform,READ,53,4403899,1214910,1202851,309813,49924,99801,0,0,0,334,12514,1071314261,22412552,644374825,555241849,315501895,7775927,6633532186077,7916916562,1050684861,19429376,0.5,0.5,0,0,0,69298,1443.0430892666454,50088,206.15915987861365,79,13535,388,466,50088
22,clean-run,10000,true,uniform,UPDATE,53,4403899,1214910,1202851,309813,49924,99801,0,0,0,334,12514,1071314261,22412552,644374825,555241849,315501895,7775927,6633532186077,7916916562,1050684861,19429376,0.5,0.5,0,0,0,69298,1443.0430892666454,49912,1168.3715539349255,331,125887,1415,2169,49912
22,avg-run,10000,true,uniform,READ,55,8731465,2447843,2404541,619819,99941,199807,0,0,0,334,12515,1071346205,22412552,644424530,555291536,315534799,7776900,6634252635904,7917967109,1050715780,19429376,0.5,0.5,0,0,0,68077,1468.9248938701764,49998,208.18408736349454,73,8279,389,463,49998
22,avg-run,10000,true,uniform,UPDATE,55,8731465,2447843,2404541,619819,99941,199807,0,0,0,334,12515,1071346205,22412552,644424530,555291536,315534799,7776900,6634252635904,7917967109,1050715780,19429376,0.5,0.5,0,0,0,68077,1468.9248938701764,50002,1139.1771129154833,330,9415,1367,1522,50002
23,extend,10000,true,uniform,EXTEND,40272,201103126,59553498,57132485,4139845,3401766,3910936,0,34,6275072,334,12517,1071461982,22412552,644432781,555299787,315661613,7776918,6635370060023,7919305435,1050849966,19429376,0,0,0,0,1,136152,734.4732357952876,100000,1354.29202,421,18543,1733,2187,100000
23,run,10000,true,uniform,READ,40620,204926943,60995918,58533018,4240015,3451865,4011106,0,34,6275072,334,12518,1071509098,22412552,644487143,555354457,315720693,7777275,6635982164730,7920306228,1050865940,19442278,0.5,0.5,0,0,0,67831,1474.252185578865,49932,196.2447528638949,79,8583,382,462,49932
23,run,10000,true,uniform,UPDATE,40620,204926943,60995918,58533018,4240015,3451865,4011106,0,34,6275072,334,12518,1071509098,22412552,644487143,555354457,315720693,7777275,6635982164730,7920306228,1050865940,19442278,0.5,0.5,0,0,0,67831,1474.252185578865,50068,1145.697191819126,367,69503,1316,1466,50068
23,reference,10000,true,uniform,READ,2,64414623,17441167,16882170,1438139,1150394,1229656,0,0,0,334,12520,1071570583,22412552,644492972,555360316,315840716,7777313,6636625320006,7920908869,1050962877,19442278,0.5,0.5,0,0,0,68866,1452.0953736241397,49994,193.2028043365204,72,8727,381,464,49994
23,reference,10000,true,uniform,UPDATE,2,64414623,17441167,16882170,1438139,1150394,1229656,0,0,0,334,12520,1071570583,22412552,644492972,555360316,315840716,7777313,6636625320006,7920908869,1050962877,19442278,0.5,0.5,0,0,0,68866,1452.0953736241397,50006,1170.4015718113826,347,15111,1442,1990,50006
23,clean-run,10000,true,uniform,READ,53,4418303,1212640,1200593,310120,50075,100101,0,0,0,334,12522,1071721875,22412552,644548278,555416608,315845869,7777395,6637579458402,7922153102,1051057832,19467478,0.5,0.5,0,0,0,72241,1384.2554781910549,49944,205.8371576165305,73,7911,392,473,49944
23,clean-run,10000,true,uniform,UPDATE,53,4418303,1212640,1200593,310120,50075,100101,0,0,0,334,12522,1071721875,22412552,644548278,555416608,315845869,7777395,6637579458402,7922153102,1051057832,19467478,0.5,0.5,0,0,0,72241,1384.2554781910549,50056,1223.3564407863194,331,278015,1478,1949,50056
23,avg-run,10000,true,uniform,READ,55,8754631,2450681,2407395,619558,99808,199539,0,0,0,334,12523,1071744959,22412552,644597517,555465829,315892773,7777512,6638192721615,7923201052,1051071808,19467478,0.5,0.5,0,0,0,66736,1498.441620714457,50282,195.20130464182014,73,18543,385,459,50282
23,avg-run,10000,true,uniform,UPDATE,55,8754631,2450681,2407395,619558,99808,199539,0,0,0,334,12523,1071744959,22412552,644597517,555465829,315892773,7777512,6638192721615,7923201052,1051071808,19467478,0.5,0.5,0,0,0,66736,1498.441620714457,49718,1130.9312924896417,330,68095,1331,1492,49718
24,extend,10000,true,uniform,EXTEND,40620,212469497,63649309,61137780,4439985,3551909,4211065,0,34,6275072,334,12525,1071875229,22412552,644609956,555478268,316022048,7777554,6639306756504,7924602113,1051211396,19467478,0,0,0,0,1,139756,715.5327857122413,100000,1390.32029,441,17487,1748,2237,100000
24,run,10000,true,uniform,READ,40968,216240009,65090147,62536890,4540317,3602092,4311397,0,34,6275072,334,12526,1071922831,22412552,644674525,555543182,316161773,7777603,6639888738080,7925637485,1051220445,19485129,0.5,0.5,0,0,0,68591,1457.917219460279,49848,200.11502969025838,77,16431,388,471,49848
24,run,10000,true,uniform,UPDATE,40968,216240009,65090147,62536890,4540317,3602092,4311397,0,34,6275072,334,12526,1071922831,22412552,644674525,555543182,316161773,7777603,6639888738080,7925637485,1051220445,19485129,0.5,0.5,0,0,0,68591,1457.917219460279,50152,1155.1971606316797,328,70975,1311,1500,50152
24,reference,10000,true,uniform,READ,2,67990364,18669914,18094611,1537335,1199998,1328233,0,0,0,334,12527,1071985548,22412552,644678378,555547030,316161773,7777603,6640370008772,7926115688,1051284210,19485129,0.5,0.5,0,0,0,69710,1434.5144168698896,50418,210.0813399976199,71,15903,393,480,50418
24,reference,10000,true,uniform,UPDATE,2,67990364,18669914,18094611,1537335,1199998,1328233,0,0,0,334,12527,1071985548,22412552,644678378,555547030,316161773,7777603,6640370008772,7926115688,1051284210,19485129,0.5,0.5,0,0,0,69710,1434.5144168698896,49582,1177.4768867734258,349,13023,1389,1560,49582
24,clean-run,10000,true,uniform,READ,53,4356685,1220056,1208111,309273,49640,99240,0,0,0,334,12529,1072089022,22412552,644746693,555616332,316230148,7777671,6641172340694,7927345557,1051346461,19515006,0.5,0.5,0,0,0,69241,1444.2310191938302,50372,198.43954974986104,74,15839,387,466,50372
24,clean-run,10000,true,uniform,UPDATE,53,4356685,1220056,1208111,309273,49640,99240,0,0,0,334,12529,1072089022,22412552,644746693,555616332,316230148,7777671,6641172340694,7927345557,1051346461,19515006,0.5,0.5,0,0,0,69241,1444.2310191938302,49628,1180.008926412509,341,92799,1363,1927,49628
24,avg-run,10000,true,uniform,READ,55,8570523,2454262,2411043,619141,99588,199108,0,0,0,334,12530,1072126607,22412552,644811892,555681513,316267405,7779058,6641876195370,7928378858,1051375806,19515006,0.5,0.5,0,0,0,66563,1502.3361326863273,50067,200.10144406495297,75,6463,393,469,50067
24,avg-run,10000,true,uniform,UPDATE,55,8570523,2454262,2411043,619141,99588,199108,0,0,0,334,12530,1072126607,22412552,644811892,555681513,316267405,7779058,6641876195370,7928378858,1051375806,19515006,0.5,0.5,0,0,0,66563,1502.3361326863273,49933,1118.5760318827229,326,10311,1339,1501,49933
25,extend,10000,true,uniform,EXTEND,40968,223540950,67742625,65141615,4740314,3702125,4511373,0,34,6275072,334,12532,1072271311,22412552,644822228,555691848,316403317,7779111,6642989983283,7929788249,1051529529,19515006,0,0,0,0,1,141967,704.3890481590793,100000,1412.04672,413,20175,1737,2119,100000
25,run,10000,true,uniform,READ,41315,227293192,69185111,66542330,4840560,3752264,4611628,0,34,6275072,334,12533,1072326049,22412552,644884270,555754230,316459153,7780198,6643628976421,7930798849,1051544791,19531318,0.5,0.5,0,0,0,69914,1430.3286895328547,49892,213.01176541329272,72,10719,394,477,49892
25,run,10000,true,uniform,UPDATE,41315,227293192,69185111,66542330,4840560,3752264,4611628,0,34,6275072,334,12533,1072326049,22412552,644884270,555754230,316459153,7780198,6643628976421,7930798849,1051544791,19531318,0.5,0.5,0,0,0,69914,1430.3286895328547,50108,1169.0645405923206,334,67519,1326,1467,50108
25,reference,10000,true,uniform,READ,2,71766511,19896676,19301961,1637149,1249926,1427686,0,0,0,334,12534,1072384288,22412552,644884270,555754258,316589842,7780216,6644221711286,7931476016,1051638308,19531318,0.5,0.5,0,0,0,70541,1417.615287563261,50105,207.48492166450455,76,9807,392,473,50105
25,reference,10000,true,uniform,UPDATE,2,71766511,19896676,19301961,1637149,1249926,1427686,0,0,0,334,12534,1072384288,22412552,644884270,555754258,316589842,7780216,6644221711286,7931476016,1051638308,19531318,0.5,0.5,0,0,0,70541,1417.615287563261,49895,1191.7690950997094,350,13711,1452,1827,49895
25,clean-run,10000,true,uniform,READ,53,4145604,1212309,1201158,310055,50010,100009,0,0,0,334,12536,1072539524,22412552,644956697,555827620,316594125,7780240,6645079178659,7932566281,1051711925,19557258,0.5,0.5,0,0,0,68467,1460.5576409072985,49991,179.71034786261527,79,8415,375,450,49991
25,clean-run,10000,true,uniform,UPDATE,53,4145604,1212309,1201158,310055,50010,100009,0,0,0,334,12536,1072539524,22412552,644956697,555827620,316594125,7780240,6645079178659,7932566281,1051711925,19557258,0.5,0.5,0,0,0,68467,1460.5576409072985,50009,1176.2652122617928,327,147455,1394,2309,50009
25,avg-run,10000,true,uniform,READ,55,8458596,2443174,2399913,620407,100210,200361,0,0,0,334,12537,1072578448,22412552,645022793,555893723,316632823,7780419,6645777748387,7933670607,1051744743,19557258,0.5,0.5,0,0,0,67089,1490.5573193817168,49826,185.37183398225827,75,8527,383,463,49826
25,avg-run,10000,true,uniform,UPDATE,55,8458596,2443174,2399913,620407,100210,200361,0,0,0,334,12537,1072578448,22412552,645022793,555893723,316632823,7780419,6645777748387,7933670607,1051744743,19557258,0.5,0.5,0,0,0,67089,1490.5573193817168,50174,1140.0321481245267,330,69759,1319,1471,50174
26,extend,10000,true,uniform,EXTEND,41315,234662098,71837886,69147377,5040626,3852297,4811635,0,34,6275072,334,12539,1072716726,22412552,645035867,555906797,316772035,7780455,6646823953236,7935024217,1051878328,19557258,0,0,0,0,1,135217,739.551979410873,100000,1344.9398,430,20383,1698,2000,100000
26,run,10000,true,uniform,READ,41662,238363768,73280145,70547977,5140840,3902419,4911881,0,34,6275072,334,12540,1072772447,22412552,645103386,555975124,316896965,7781521,6647473458320,7936014891,1051892832,19575465,0.5,0.5,0,0,0,69255,1443.9390657714243,49909,206.55224508605662,85,16023,394,468,49909
26,run,10000,true,uniform,UPDATE,41662,238363768,73280145,70547977,5140840,3902419,4911881,0,34,6275072,334,12540,1072772447,22412552,645103386,555975124,316896965,7781521,6647473458320,7936014891,1051892832,19575465,0.5,0.5,0,0,0,69255,1443.9390657714243,50091,1163.2638797388752,316,69567,1320,1473,50091
26,reference,10000,true,uniform,READ,2,75345647,21124524,20513932,1736861,1299805,1527175,0,0,0,334,12542,1072834142,22412552,645111030,555982283,316950407,7781540,6648081021021,7936626120,1051988018,19575465,0.5,0.5,0,0,0,72103,1386.9048444586217,50143,223.27997925931834,70,9623,397,482,50143
26,reference,10000,true,uniform,UPDATE,2,75345647,21124524,20513932,1736861,1299805,1527175,0,0,0,334,12542,1072834142,22412552,645111030,555982283,316950407,7781540,6648081021021,7936626120,1051988018,19575465,0.5,0.5,0,0,0,72103,1386.9048444586217,49857,1206.8370940890948,343,12111,1443,1838,49857
26,clean-run,10000,true,uniform,READ,53,4306397,1214448,1202494,309974,49965,99908,0,0,0,334,12544,1073026842,22412552,645183595,556055858,317005084,7781619,6649126065115,7937886824,1052108636,19603295,0.5,0.5,0,0,0,76494,1307.2920751954402,50047,223.62517233800227,78,12455,398,473,50047
26,clean-run,10000,true,uniform,UPDATE,53,4306397,1214448,1202494,309974,49965,99908,0,0,0,334,12544,1073026842,22412552,645183595,556055858,317005084,7781619,6649126065115,7937886824,1052108636,19603295,0.5,0.5,0,0,0,76494,1307.2920751954402,49953,1292.94084439373,327,171775,1455,2265,49953
26,avg-run,10000,true,uniform,READ,55,8505649,2448118,2404940,619896,99940,199830,0,0,0,334,12545,1073054222,22412552,645246360,556123638,317079805,7781647,6649711937714,7938907901,1052113065,19603295,0.5,0.5,0,0,0,71353,1401.482768769358,50040,227.6281175059952,75,13759,404,477,50040
26,avg-run,10000,true,uniform,UPDATE,55,8505649,2448118,2404940,619896,99940,199830,0,0,0,334,12545,1073054222,22412552,645246360,556123638,317079805,7781647,6649711937714,7938907901,1052113065,19603295,0.5,0.5,0,0,0,71353,1401.482768769358,49960,1185.6756605284227,331,71359,1309,1453,49960
27,extend,10000,true,uniform,EXTEND,41662,245718992,75934784,73153980,5341091,4002463,5111952,0,34,6275072,334,12547,1073197356,22412552,645258683,556130923,317141739,7781679,6650756001667,7940297946,1052249692,19603295,0,0,0,0,1,142759,700.4812306054259,100000,1420.19581,472,20127,1859,2135,100000
27,run,10000,true,uniform,READ,42009,249438072,77382253,74559688,5440994,4052489,5211943,0,34,6275072,334,12548,1073243950,22412552,645321982,556195581,317271465,7781774,6651382821764,7941304750,1052257831,19623866,0.5,0.5,0,0,0,68295,1464.2360348488176,50064,196.28223873441993,89,9727,386,466,50064
27,run,10000,true,uniform,UPDATE,42009,249438072,77382253,74559688,5440994,4052489,5211943,0,34,6275072,334,12548,1073243950,22412552,645321982,556195581,317271465,7781774,6651382821764,7941304750,1052257831,19623866,0.5,0.5,0,0,0,68295,1464.2360348488176,49936,1157.2627563281,329,69375,1304,1434,49936
27,reference,10000,true,uniform,READ,2,79155014,22351734,21724664,1836849,1349823,1627031,0,0,0,334,12550,1073304748,22412552,645323032,556195613,317329594,7781780,6651956310898,7941999779,1052346282,19623866,0.5,0.5,0,0,0,73146,1367.1287561862575,50004,235.15762738980882,73,9607,406,482,50004
27,reference,10000,true,uniform,UPDATE,2,79155014,22351734,21724664,1836849,1349823,1627031,0,0,0,334,12550,1073304748,22412552,645323032,556195613,317329594,7781780,6651956310898,7941999779,1052346282,19623866,0.5,0.5,0,0,0,73146,1367.1287561862575,49996,1212.8619689575166,361,10303,1453,1710,49996
27,clean-run,10000,true,uniform,READ,53,4310809,1213163,1201098,310262,50067,100148,0,0,0,334,12552,1073424776,22412552,645396407,556269975,317335620,7781802,6652696117557,7943124264,1052389812,19652353,0.5,0.5,0,0,0,70746,1413.5074774545558,49945,215.31684853338672,86,7271,395,473,49945
27,clean-run,10000,true,uniform,UPDATE,53,4310809,1213163,1201098,310262,50067,100148,0,0,0,334,12552,1073424776,22412552,645396407,556269975,317335620,7781802,6652696117557,7943124264,1052389812,19652353,0.5,0.5,0,0,0,70746,1413.5074774545558,50055,1184.0790730196784,305,90111,1345,1728,50055
27,avg-run,10000,true,uniform,READ,55,8528095,2450388,2407090,619790,99845,199676,0,0,0,334,12553,1073467128,22412552,645461564,556335114,317367612,7783346,6653480868370,7944155742,1052420110,19652353,0.5,0.5,0,0,0,68930,1450.7471347744088,50237,211.78207297410276,79,14311,396,469,50237
27,avg-run,10000,true,uniform,UPDATE,55,8528095,2450388,2407090,619790,99845,199676,0,0,0,334,12553,1073467128,22412552,645461564,556335114,317367612,7783346,6653480868370,7944155742,1052420110,19652353,0.5,0.5,0,0,0,68930,1450.7471347744088,49763,1157.7179832405602,324,5099,1361,1508,49763
28,extend,10000,true,uniform,EXTEND,42009,256729190,80038779,77168429,5641950,4152522,5412282,0,34,6275072,334,12555,1073598010,22412552,645471753,556345303,317504575,7783362,6654576883713,7945495442,1052560080,19652353,0,0,0,0,1,141708,705.6764614559517,100000,1409.58683,460,22143,1733,2237,100000
28,run,10000,true,uniform,READ,42356,260395477,81488626,78576517,5741904,4202541,5512526,0,34,6275072,334,12556,1073647547,22412552,645540108,556418788,317623830,7783551,6655252285504,7946471344,1052572861,19667333,0.5,0.5,0,0,0,71087,1406.7269683627105,50044,232.3935936375989,80,15735,405,480,50044
28,run,10000,true,uniform,UPDATE,42356,260395477,81488626,78576517,5741904,4202541,5512526,0,34,6275072,334,12556,1073647547,22412552,645540108,556418788,317623830,7783551,6655252285504,7946471344,1052572861,19667333,0.5,0.5,0,0,0,71087,1406.7269683627105,49956,1176.5228400992874,331,70207,1330,1477,49956
28,reference,10000,true,uniform,READ,2,82776589,23579567,22936488,1936731,1399789,1726843,0,0,0,334,12558,1073716318,22412552,645547578,556421469,317679435,7783556,6655818859379,7947153765,1052652023,19667333,0.5,0.5,0,0,0,68869,1452.0321189504712,50056,195.83622342975866,74,16895,386,470,50056
28,reference,10000,true,uniform,UPDATE,2,82776589,23579567,22936488,1936731,1399789,1726843,0,0,0,334,12558,1073716318,22412552,645547578,556421469,317679435,7783556,6655818859379,7947153765,1052652023,19667333,0.5,0.5,0,0,0,68869,1452.0321189504712,49944,1169.24307224091,344,10519,1457,1706,49944
28,clean-run,10000,true,uniform,READ,53,4309809,1217928,1205955,310215,49875,99921,0,0,0,334,12560,1073909788,22412552,645619778,556496402,317741156,7783624,6656934600279,7948419797,1052770845,19696895,0.5,0.5,0,0,0,71639,1395.8877147922221,50137,200.25887069429763,89,7347,391,470,50137
28,clean-run,10000,true,uniform,UPDATE,53,4309809,1217928,1205955,310215,49875,99921,0,0,0,334,12560,1073909788,22412552,645619778,556496402,317741156,7783624,6656934600279,7948419797,1052770845,19696895,0.5,0.5,0,0,0,71639,1395.8877147922221,49863,1221.3317690471893,337,188543,1427,2551,49863
28,avg-run,10000,true,uniform,READ,55,8517733,2448373,2405179,620495,100029,200201,0,0,0,334,12562,1073933957,22412552,645687075,556561935,317799589,7783682,6657609207634,7949452948,1052783647,19696895,0.5,0.5,0,0,0,70546,1417.5148130297962,49861,215.28677724072924,81,9407,396,468,49861
28,avg-run,10000,true,uniform,UPDATE,55,8517733,2448373,2405179,620495,100029,200201,0,0,0,334,12562,1073933957,22412552,645687075,556561935,317799589,7783682,6657609207634,7949452948,1052783647,19696895,0.5,0.5,0,0,0,70546,1417.5148130297962,50139,1179.0600729970681,326,68159,1326,1483,50139
29,extend,10000,true,uniform,EXTEND,42356,267811068,84157101,81196272,5945261,4302585,5713722,0,34,6275072,334,12564,1074082857,22412552,645688316,556563175,317921081,7783709,6658723084016,7950852372,1052921744,19696895,0,0,0,0,1,140934,709.5519888742248,100000,1401.73175,472,19007,1736,2075,100000
29,run,10000,true,uniform,READ,42703,271579228,85615812,82613303,6045179,4352557,5814658,0,34,6275072,334,12565,1074172816,22412552,645754610,556629810,317939757,7786912,6659580638572,7951878304,1052958819,19707521,0.5,0.5,0,0,0,72882,1372.0808978897396,50059,231.54104157094628,98,7783,406,486,50059
29,run,10000,true,uniform,UPDATE,42703,271579228,85615812,82613303,6045179,4352557,5814658,0,34,6275072,334,12565,1074172816,22412552,645754610,556629810,317939757,7786912,6659580638572,7951878304,1052958819,19707521,0.5,0.5,0,0,0,72882,1372.0808978897396,49941,1212.9210268116378,327,152575,1392,1594,49941
29,reference,10000,true,uniform,READ,2,86417903,24809111,24149675,2036539,1449717,1826589,0,0,0,334,12567,1074250919,22412552,645759219,556634416,318053493,7786947,6660296921425,7952457125,1053071790,19707521,0.5,0.5,0,0,0,72750,1374.570446735395,50094,221.7637241985068,96,15439,399,482,50094
29,reference,10000,true,uniform,UPDATE,2,86417903,24809111,24149675,2036539,1449717,1826589,0,0,0,334,12567,1074250919,22412552,645759219,556634416,318053493,7786947,6660296921425,7952457125,1053071790,19707521,0.5,0.5,0,0,0,72750,1374.570446735395,49906,1221.2271069610867,343,7979,1463,2000,49906
29,clean-run,10000,true,uniform,READ,53,4141207,1218284,1207119,311738,50059,100725,0,0,0,334,12569,1074411414,22412552,645831711,556708928,318107181,7787192,6661341836139,7953650380,1053174170,19737291,0.5,0.5,0,0,0,74348,1345.026093506214,49942,214.87651675944096,86,15855,401,478,49942
29,clean-run,10000,true,uniform,UPDATE,53,4141207,1218284,1207119,311738,50059,100725,0,0,0,334,12569,1074411414,22412552,645831711,556708928,318107181,7787192,6661341836139,7953650380,1053174170,19737291,0.5,0.5,0,0,0,74348,1345.026093506214,50058,1257.0158616005433,318,128447,1563,1890,50058
29,avg-run,10000,true,uniform,READ,55,8525343,2450073,2406794,621988,100208,200975,0,0,0,334,12571,1074497203,22412552,645898099,556774236,318163742,7787264,6662108830353,7954803791,1053203548,19737291,0.5,0.5,0,0,0,72994,1369.9756144340631,49877,236.65693606271427,90,9143,417,493,49877
29,avg-run,10000,true,uniform,UPDATE,55,8525343,2450073,2406794,621988,100208,200975,0,0,0,334,12571,1074497203,22412552,645898099,556774236,318163742,7787264,6662108830353,7954803791,1053203548,19737291,0.5,0.5,0,0,0,72994,1369.9756144340631,50123,1206.3738004508907,343,70207,1379,1583,50123
30,extend,10000,true,uniform,EXTEND,42703,279135942,88317658,85266501,6256282,4452601,6018917,0,34,6275072,334,12573,1074666806,22412552,645910090,556786259,318279688,7787296,6663364486008,7956220669,1053362838,19737291,0,0,0,0,1,142849,700.0399022744297,100000,1421.13309,464,17599,1757,2079,100000
30,run,10000,true,uniform,READ,43050,282991005,89804836,86711990,6356472,4502709,6122414,0,34,6275072,334,12575,1074741292,22412552,645976396,556852906,318372526,7790047,6664208454968,7957279628,1053392022,19749091,0.5,0.5,0,0,0,71475,1399.0905911157747,49923,239.41624101115718,90,16415,404,481,49923
30,run,10000,true,uniform,UPDATE,43050,282991005,89804836,86711990,6356472,4502709,6122414,0,34,6275072,334,12575,1074741292,22412552,645976396,556852906,318372526,7790047,6664208454968,7957279628,1053392022,19749091,0.5,0.5,0,0,0,71475,1399.0905911157747,50077,1174.1563592068214,328,63455,1385,1569,50077
30,reference,10000,true,uniform,READ,2,90303380,26038993,25363186,2136347,1499645,1926360,0,0,0,334,12576,1074836794,22412552,645976396,556852906,318422938,7790050,6664934039674,7957965129,1053505615,19749091,0.5,0.5,0,0,0,75149,1330.6896964696803,50094,246.78664111470437,81,15471,407,482,50094
30,reference,10000,true,uniform,UPDATE,2,90303380,26038993,25363186,2136347,1499645,1926360,0,0,0,334,12576,1074836794,22412552,645976396,556852906,318422938,7790050,6664934039674,7957965129,1053505615,19749091,0.5,0.5,0,0,0,75149,1330.6896964696803,49906,1243.3139502264257,349,10303,1488,1794,49906
30,clean-run,10000,true,uniform,READ,53,4331409,1238371,1226348,314975,49940,101938,0,0,0,334,12578,1074956136,22412552,646050082,556927579,318444485,7790090,6665766847142,7959081854,1053549700,19780162,0.5,0.5,0,0,0,71201,1404.4746562548278,50089,212.50897402623332,83,9959,392,470,50089
30,clean-run,10000,true,uniform,UPDATE,53,4331409,1238371,1226348,314975,49940,101938,0,0,0,334,12578,1074956136,22412552,646050082,556927579,318444485,7790090,6665766847142,7959081854,1053549700,19780162,0.5,0.5,0,0,0,71201,1404.4746562548278,49911,1199.3741660155076,333,70015,1389,1747,49911
30,avg-run,10000,true,uniform,READ,55,8550893,2477803,2434554,624257,99595,201220,0,0,0,334,12579,1074989261,22412552,646113924,556992577,318554022,7790760,6666556673607,7960128549,1053570658,19780162,0.5,0.5,0,0,0,69182,1445.4626926079038,50360,215.06211278792694,89,9479,396,474,50360
30,avg-run,10000,true,uniform,UPDATE,55,8550893,2477803,2434554,624257,99595,201220,0,0,0,334,12579,1074989261,22412552,646113924,556992577,318554022,7790760,6666556673607,7960128549,1053570658,19780162,0.5,0.5,0,0,0,69182,1445.4626926079038,49640,1161.527840451249,325,69823,1356,1544,49640
31,extend,10000,true,uniform,EXTEND,43050,290740925,92611501,89470878,6588738,4602742,6335783,0,34,6275072,334,12582,1075150807,22412552,646125544,557003023,318662212,7790794,6667861115733,7961553849,1053724587,19780162,0,0,0,0,1,146234,683.835496532954,100000,1454.32977,460,19087,1791,2117,100000
31,run,10000,true,uniform,READ,43397,294750920,94203532,91020339,6697167,4652795,6447216,0,34,6275072,334,12583,1075239122,22412552,646202283,557080114,318748525,7794249,6668800443676,7962734332,1053763401,19783152,0.5,0.5,0,0,0,70852,1411.3927623779146,49978,214.8383688823082,93,17855,393,480,49978
31,run,10000,true,uniform,UPDATE,43397,294750920,94203532,91020339,6697167,4652795,6447216,0,34,6275072,334,12583,1075239122,22412552,646202283,557080114,318748525,7794249,6668800443676,7962734332,1053763401,19783152,0.5,0.5,0,0,0,70852,1411.3927623779146,50022,1188.5957978489464,331,168831,1386,1545,50022
31,reference,10000,true,uniform,READ,2,93988109,27289703,26597080,2244361,1549512,2027794,0,0,0,334,12585,1075310261,22412552,646210726,557088546,318808930,7794301,6669420899842,7963409297,1053842912,19783152,0.5,0.5,0,0,0,71369,1401.168574591209,50155,223.2416907586482,87,17839,400,486,50155
31,reference,10000,true,uniform,UPDATE,2,93988109,27289703,26597080,2244361,1549512,2027794,0,0,0,334,12585,1075310261,22412552,646210726,557088546,318808930,7794301,6669420899842,7963409297,1053842912,19783152,0.5,0.5,0,0,0,71369,1401.168574591209,49845,1192.9773096599458,345,6395,1434,1679,49845
31,clean-run,10000,true,uniform,READ,53,4446812,1324186,1312077,339620,50043,110116,0,0,0,334,12587,1075438248,22412552,646285669,557164475,318816676,7794343,6670320013357,7964593001,1053888472,19816062,0.5,0.5,0,0,0,73618,1358.3634437230025,49969,225.93017670955993,92,18191,404,479,49969
31,clean-run,10000,true,uniform,UPDATE,53,4446812,1324186,1312077,339620,50043,110116,0,0,0,334,12587,1075438248,22412552,646285669,557164475,318816676,7794343,6670320013357,7964593001,1053888472,19816062,0.5,0.5,0,0,0,73618,1358.3634437230025,50031,1231.329375787012,345,66751,1408,1772,50031
31,avg-run,10000,true,uniform,READ,55,8661525,2558604,2515261,649460,99977,209956,0,0,0,334,12589,1075473202,22412552,646350545,557229305,318925926,7794524,6671128694474,7965643810,1053911184,19816062,0.5,0.5,0,0,0,70243,1423.6294007943852,50081,218.23076615882272,91,10239,398,479,50081
31,avg-run,10000,true,uniform,UPDATE,55,8661525,2558604,2515261,649460,99977,209956,0,0,0,334,12589,1075473202,22412552,646350545,557229305,318925926,7794524,6671128694474,7965643810,1053911184,19816062,0.5,0.5,0,0,0,70243,1423.6294007943852,49919,1174.3359442296521,340,69311,1359,1566,49919
32,extend,10000,true,uniform,EXTEND,43397,302528625,97297177,94066204,6967166,4752828,6685104,0,34,6275072,334,12591,1075660831,22412552,646353654,557232442,319030156,7794550,6672501593036,7967204877,1054087804,19816062,0,0,0,0,1,146516,682.519315296623,100000,1457.49626,495,57599,1766,2171,100000
32,run,10000,true,uniform,READ,43744,306558345,99135043,95862383,7111044,4802567,6814885,0,34,6275072,334,12593,1075742079,22412552,646439385,557318520,319120619,7797203,6673414709211,7968430801,1054123094,19822459,0.5,0.5,0,0,0,71855,1391.6916011411872,50292,245.39445637477132,99,7119,412,488,50292
32,run,10000,true,uniform,UPDATE,43744,306558345,99135043,95862383,7111044,4802567,6814885,0,34,6275072,334,12593,1075742079,22412552,646439385,557318520,319120619,7797203,6673414709211,7968430801,1054123094,19822459,0.5,0.5,0,0,0,71855,1391.6916011411872,49708,1183.3635833266276,344,69951,1400,1582,49708
32,reference,10000,true,uniform,READ,2,97570319,28644379,27934216,2389939,1599835,2140631,0,0,0,334,12594,1075865180,22412552,646439517,557318649,319162623,7797212,6674244031751,7969188390,1054256299,19822459,0.5,0.5,0,0,0,76158,1313.0596916935845,49699,251.74399887321675,94,15359,418,500,49699
32,reference,10000,true,uniform,UPDATE,2,97570319,28644379,27934216,2389939,1599835,2140631,0,0,0,334,12594,1075865180,22412552,646439517,557318649,319162623,7797212,6674244031751,7969188390,1054256299,19822459,0.5,0.5,0,0,0,76158,1313.0596916935845,50301,1250.7722709290074,374,9591,1559,1994,50301
32,clean-run,10000,true,uniform,READ,53,4685585,1610863,1598710,421780,49941,135734,0,0,0,334,12597,1076082500,22412552,646528379,557408497,319262252,7797351,6675584025007,7970710907,1054407583,19857855,0.5,0.5,0,0,0,75771,1319.7661374404456,50067,232.9745141510376,99,20303,414,498,50067
32,clean-run,10000,true,uniform,UPDATE,53,4685585,1610863,1598710,421780,49941,135734,0,0,0,334,12597,1076082500,22412552,646528379,557408497,319262252,7797351,6675584025007,7970710907,1054407583,19857855,0.5,0.5,0,0,0,75771,1319.7661374404456,49933,1268.8790178839645,355,81471,1531,2211,49933
32,avg-run,10000,true,uniform,READ,55,9541071,3396469,3353109,881485,99857,285439,0,0,0,334,12599,1076135527,22412552,646621117,557501205,319352010,7799007,6676479130918,7972097239,1054440763,19857855,0.5,0.5,0,0,0,70248,1423.5280719735792,50099,227.42859138904967,94,7687,408,490,50099
32,avg-run,10000,true,uniform,UPDATE,55,9541071,3396469,3353109,881485,99857,285439,0,0,0,334,12599,1076135527,22412552,646621117,557501205,319352010,7799007,6676479130918,7972097239,1054440763,19857855,0.5,0.5,0,0,0,70248,1423.5280719735792,49901,1165.5756197270596,344,69183,1385,1543,49901
33,extend,10000,true,uniform,EXTEND,43744,314832750,102682293,99360971,7400745,4902600,7090148,0,34,6275072,334,12601,1076362344,22412552,646625912,557506013,319448791,7799029,6677912853677,7973857220,1054649901,19857855,0,0,0,0,1,144702,691.0754516178076,100000,1439.23532,506,19455,1789,2257,100000
33,run,10000,true,uniform,READ,44091,318931692,104674488,101311482,7551144,4952804,7233321,0,34,6275072,334,12603,1076460620,22412552,646717705,557598134,319537573,7801257,6678849376866,7975166020,1054685670,19871249,0.5,0.5,0,0,0,73373,1362.8991590912187,49848,243.5237522067084,116,17775,414,502,49848
33,run,10000,true,uniform,UPDATE,44091,318931692,104674488,101311482,7551144,4952804,7233321,0,34,6275072,334,12603,1076460620,22412552,646717705,557598134,319537573,7801257,6678849376866,7975166020,1054685670,19871249,0.5,0.5,0,0,0,73373,1362.8991590912187,50152,1206.8940421119796,353,70143,1397,1580,50152
33,reference,10000,true,uniform,READ,2,101489189,30163057,29432052,2539428,1649740,2266284,0,0,0,334,12604,1076591940,22412552,646722732,557603144,319578450,7801268,6679681554083,7975950459,1054816684,19871249,0.5,0.5,0,0,0,74796,1336.969891438045,50128,238.76717602936483,97,9143,411,503,50128
33,reference,10000,true,uniform,UPDATE,2,101489189,30163057,29432052,2539428,1649740,2266284,0,0,0,334,12604,1076591940,22412552,646722732,557603144,319578450,7801268,6679681554083,7975950459,1054816684,19871249,0.5,0.5,0,0,0,74796,1336.969891438045,49872,1245.2520853384665,361,13823,1562,1974,49872
33,clean-run,10000,true,uniform,READ,53,4811769,1720992,1708839,448165,49785,144907,0,0,0,334,12607,1076817203,22412552,646816289,557697721,319686415,7801435,6681048056879,7977552060,1054975904,19905727,0.5,0.5,0,0,0,78501,1273.8691226863352,50216,258.0990520949498,103,14559,424,503,50216
33,clean-run,10000,true,uniform,UPDATE,53,4811769,1720992,1708839,448165,49785,144907,0,0,0,334,12607,1076817203,22412552,646816289,557697721,319686415,7801435,6681048056879,7977552060,1054975904,19905727,0.5,0.5,0,0,0,78501,1273.8691226863352,49784,1301.0572071348224,345,118911,1531,2221,49784
33,avg-run,10000,true,uniform,READ,55,9654466,3503946,3460619,908161,99798,294903,0,0,0,334,12609,1076874289,22412552,646910982,557792397,319775174,7802891,6681976748022,7978931284,1055010527,19905727,0.5,0.5,0,0,0,72494,1379.4245040968908,50002,234.27380904763808,111,8511,411,496,50002
33,avg-run,10000,true,uniform,UPDATE,55,9654466,3503946,3460619,908161,99798,294903,0,0,0,334,12609,1076874289,22412552,646910982,557792397,319775174,7802891,6681976748022,7978931284,1055010527,19905727,0.5,0.5,0,0,0,72494,1379.4245040968908,49998,1202.388235529421,340,69951,1399,1575,49998
34,extend,10000,true,uniform,EXTEND,44091,327306623,108425670,105013913,7847726,5052837,7524940,0,34,6275072,334,12611,1077103686,22412552,646915388,557796804,319873620,7802913,6683430720160,7980691896,1055226831,19905727,0,0,0,0,1,147676,677.158102873859,100000,1469.15826,524,67391,1789,2229,100000
34,run,10000,true,uniform,READ,44438,331635820,110486260,107031857,7998044,5103051,7672883,0,34,6275072,334,12613,1077217757,22412552,647012419,557894180,319960219,7804008,6684459651555,7982182768,1055288743,19935421,0.5,0.5,0,0,0,76830,1301.5749056358193,49887,255.49441738328622,103,16831,421,506,49887
34,run,10000,true,uniform,UPDATE,44438,331635820,110486260,107031857,7998044,5103051,7672883,0,34,6275072,334,12613,1077217757,22412552,647012419,557894180,319960219,7804008,6684459651555,7982182768,1055288743,19935421,0.5,0.5,0,0,0,76830,1301.5749056358193,50113,1264.176501107497,355,72511,1451,1798,50113
34,reference,10000,true,uniform,READ,2,105709133,31782244,31029194,2689423,1699791,2401742,0,0,0,334,12614,1077326731,22412552,647014613,557896601,320051031,7804042,6685217949768,7982963818,1055398909,19935421,0.5,0.5,0,0,0,74426,1343.6164781124876,49982,240.8210355728062,96,10151,417,504,49982
34,reference,10000,true,uniform,UPDATE,2,105709133,31782244,31029194,2689423,1699791,2401742,0,0,0,334,12614,1077326731,22412552,647014613,557896601,320051031,7804042,6685217949768,7982963818,1055398909,19935421,0.5,0.5,0,0,0,74426,1343.6164781124876,50018,1232.883601903315,371,10471,1480,1763,50018
34,clean-run,10000,true,uniform,READ,53,4828367,1752462,1740312,455602,49799,147905,0,0,0,334,12616,1077487470,22412552,647114036,557996785,320055489,7804078,6686226942658,7984405955,1055452671,19971438,0.5,0.5,0,0,0,76451,1308.0273639324535,50202,242.59192860842197,102,8351,412,493,50202
34,clean-run,10000,true,uniform,UPDATE,53,4828367,1752462,1740312,455602,49799,147905,0,0,0,334,12616,1077487470,22412552,647114036,557996785,320055489,7804078,6686226942658,7984405955,1055452671,19971438,0.5,0.5,0,0,0,76451,1308.0273639324535,49798,1276.6125948833287,343,76159,1440,1674,49798
34,avg-run,10000,true,uniform,READ,55,9702209,3534938,3491579,915655,99831,297958,0,0,0,334,12618,1077553329,22412552,647206890,558089602,320156381,7804203,6687175635897,7985795729,1055488861,19971438,0.5,0.5,0,0,0,74259,1346.6381179385664,49983,239.42882580077227,109,19375,411,493,49983
34,avg-run,10000,true,uniform,UPDATE,55,9702209,3534938,3491579,915655,99831,297958,0,0,0,334,12618,1077553329,22412552,647206890,558089602,320156381,7804203,6687175635897,7985795729,1055488861,19971438,0.5,0.5,0,0,0,74259,1346.6381179385664,50017,1231.259671711618,326,71999,1401,1556,50017
35,extend,10000,true,uniform,EXTEND,44438,339799604,114303282,110801080,8296782,5203084,7969980,0,34,6275072,334,12621,1077780023,22412552,647211472,558094203,320304673,7804250,6688657664046,7987596507,1055690604,19971438,0,0,0,0,1,146809,681.1571497660225,100000,1460.42556,491,18191,1800,2059,100000
35,run,10000,true,uniform,READ,44785,343891570,116381645,112837759,8447186,5253249,8119534,0,34,6275072,334,12623,1077917442,22412552,647310618,558193674,320385375,7809076,6689703612184,7988923997,1055736414,19990479,0.5,0.5,0,0,0,73573,1359.1942696369592,49866,246.40953756066259,105,10367,414,502,49866
35,run,10000,true,uniform,UPDATE,44785,343891570,116381645,112837759,8447186,5253249,8119534,0,34,6275072,334,12623,1077917442,22412552,647310618,558193674,320385375,7809076,6689703612184,7988923997,1055736414,19990479,0.5,0.5,0,0,0,73573,1359.1942696369592,50134,1208.6303506602305,335,95999,1459,1791,50134
35,reference,10000,true,uniform,READ,2,109439715,33456746,32687020,2840152,1750064,2543672,0,0,0,334,12624,1078045392,22412552,647322167,558205244,320419596,7809080,6690601418234,7989708271,1055884885,19990479,0.5,0.5,0,0,0,75417,1325.9609902276675,49749,243.4164304810147,113,16943,412,505,49749
35,reference,10000,true,uniform,UPDATE,2,109439715,33456746,32687020,2840152,1750064,2543672,0,0,0,334,12624,1078045392,22412552,647322167,558205244,320419596,7809080,6690601418234,7989708271,1055884885,19990479,0.5,0.5,0,0,0,75417,1325.9609902276675,50251,1245.7268711070426,350,7479,1495,1929,50251
35,clean-run,10000,true,uniform,READ,53,5019861,1759534,1747441,458550,49955,149298,0,0,0,334,12627,1078289724,22412552,647418676,558302741,320514824,7809167,6692072817180,7991448104,1056066120,20024157,0.5,0.5,0,0,0,78363,1276.1124510291847,50057,235.02315360489044,99,8091,408,492,50057
35,clean-run,10000,true,uniform,UPDATE,53,5019861,1759534,1747441,458550,49955,149298,0,0,0,334,12627,1078289724,22412552,647418676,558302741,320514824,7809167,6692072817180,7991448104,1056066120,20024157,0.5,0.5,0,0,0,78363,1276.1124510291847,49943,1319.1295677071862,334,94975,1573,2185,49943
35,avg-run,10000,true,uniform,READ,55,9879413,3546953,3503649,918054,99804,298802,0,0,0,334,12629,1078353444,22412552,647510882,558394929,320600175,7810078,6693052431820,7992835634,1056101159,20024157,0.5,0.5,0,0,0,74518,1341.957647816635,50166,255.429673484033,110,17071,418,500,50166
35,avg-run,10000,true,uniform,UPDATE,55,9879413,3546953,3503649,918054,99804,298802,0,0,0,334,12629,1078353444,22412552,647510882,558394929,320600175,7810078,6693052431820,7992835634,1056101159,20024157,0.5,0.5,0,0,0,74518,1341.957647816635,49834,1223.5574708030663,341,70719,1417,1584,49834
36,extend,10000,true,uniform,EXTEND,44785,352289968,120223373,116630820,8746817,5353293,8418606,0,34,6275072,334,12632,1078592621,22412552,647513086,558397133,320740817,7810111,6694580510380,7994647352,1056317650,20024157,0,0,0,0,1,148607,672.9158115028229,100000,1478.43649,516,22527,1816,2161,100000
36,run,10000,true,uniform,READ,45132,356622940,122313127,118678034,8896983,5403376,8568481,0,34,6275072,334,12634,1078724348,22412552,647612145,558496537,320811671,7814420,6695710686897,7996137423,1056383019,20043955,0.5,0.5,0,0,0,75998,1315.8241006342273,49959,253.1809483776697,113,8351,412,498,49959
36,run,10000,true,uniform,UPDATE,45132,356622940,122313127,118678034,8896983,5403376,8568481,0,34,6275072,334,12634,1078724348,22412552,647612145,558496537,320811671,7814420,6695710686897,7996137423,1056383019,20043955,0.5,0.5,0,0,0,75998,1315.8241006342273,50041,1251.7852361063929,331,113855,1438,1687,50041
36,reference,10000,true,uniform,READ,2,113471353,35180247,34392239,2989720,1799956,2687928,0,0,0,334,12635,1078845555,22412552,647612507,558496899,320857980,7814425,6696458275570,7996741289,1056488008,20043955,0.5,0.5,0,0,0,74563,1341.1477542480854,50141,236.6922678047905,101,9607,406,499,50141
36,reference,10000,true,uniform,UPDATE,2,113471353,35180247,34392239,2989720,1799956,2687928,0,0,0,334,12635,1078845555,22412552,647612507,558496899,320857980,7814425,6696458275570,7996741289,1056488008,20043955,0.5,0.5,0,0,0,74563,1341.1477542480854,49859,1243.669848974107,383,10279,1493,1826,49859
36,clean-run,10000,true,uniform,READ,53,5021693,1765764,1753617,459141,49864,149381,0,0,0,334,12638,1079079155,22412552,647709605,558594982,320938817,7814591,6697980378995,7998482068,1056676467,20080050,0.5,0.5,0,0,0,77917,1283.4169693391686,50148,230.74712849964106,106,15631,407,490,50148
36,clean-run,10000,true,uniform,UPDATE,53,5021693,1765764,1753617,459141,49864,149381,0,0,0,334,12638,1079079155,22412552,647709605,558594982,320938817,7814591,6697980378995,7998482068,1056676467,20080050,0.5,0.5,0,0,0,77917,1283.4169693391686,49852,1316.455648720212,347,71743,1553,2221,49852
36,avg-run,10000,true,uniform,READ,55,9884395,3554786,3511391,918471,99655,298711,0,0,0,334,12640,1079146309,22412552,647801542,558686902,321020200,7815437,6698989903297,7999870301,1056712338,20080050,0.5,0.5,0,0,0,73256,1365.075898219941,50224,236.5213642879898,114,15279,403,486,50224
36,avg-run,10000,true,uniform,UPDATE,55,9884395,3554786,3511391,918471,99655,298711,0,0,0,334,12640,1079146309,22412552,647801542,558686902,321020200,7815437,6698989903297,7999870301,1056712338,20080050,0.5,0.5,0,0,0,73256,1365.075898219941,49776,1218.9247227579556,349,70527,1409,1562,49776
37,extend,10000,true,uniform,EXTEND,45132,364774121,126161678,122478791,9196850,5503409,8868171,0,34,6275072,334,12643,1079394175,22412552,647805009,558690370,321158049,7815469,6700582300785,8001682750,1056932023,20080050,0,0,0,0,1,150361,665.0660743144831,100000,1495.66923,533,18911,1830,2145,100000
37,run,10000,true,uniform,READ,45479,368866091,128257987,124533441,9346435,5553302,9017660,0,34,6275072,334,12645,1079539878,22412552,647905778,558791484,321234735,7819806,6701690933487,8003018470,1056980137,20097109,0.5,0.5,0,0,0,75667,1321.580081145017,50145,253.56484195832087,114,18719,416,509,50145
37,run,10000,true,uniform,UPDATE,45479,368866091,128257987,124533441,9346435,5553302,9017660,0,34,6275072,334,12645,1079539878,22412552,647905778,558791484,321234735,7819806,6701690933487,8003018470,1056980137,20097109,0.5,0.5,0,0,0,75667,1321.580081145017,49855,1248.5385818874736,346,123007,1538,1960,49855
37,reference,10000,true,uniform,READ,2,117795829,36919888,36112779,3140227,1850162,2835155,0,0,0,334,12646,1079666905,22412552,647905885,558791865,321309728,7819819,6702714983609,8004011656,1057163418,20097109,0.5,0.5,0,0,0,76182,1312.6460318710456,49827,250.61667369097077,107,17279,415,500,49827
37,reference,10000,true,uniform,UPDATE,2,117795829,36919888,36112779,3140227,1850162,2835155,0,0,0,334,12646,1079666905,22412552,647905885,558791865,321309728,7819819,6702714983609,8004011656,1057163418,20097109,0.5,0.5,0,0,0,76182,1312.6460318710456,50173,1255.1485260996951,389,12415,1497,1801,50173
37,clean-run,10000,true,uniform,READ,53,4834297,1763987,1751837,459739,49956,149795,0,0,0,334,12649,1079841340,22412552,648007369,558894062,321373579,7819972,6703813349245,8005465959,1057215746,20137924,0.5,0.5,0,0,0,73701,1356.833692894262,50045,226.6923169147767,120,7023,402,494,50045
37,clean-run,10000,true,uniform,UPDATE,53,4834297,1763987,1751837,459739,49956,149795,0,0,0,334,12649,1079841340,22412552,648007369,558894062,321373579,7819972,6703813349245,8005465959,1057215746,20137924,0.5,0.5,0,0,0,73701,1356.833692894262,49955,1235.0528275447903,334,74367,1427,1746,49955
37,avg-run,10000,true,uniform,READ,55,9703301,3548440,3505075,919573,99915,299629,0,0,0,334,12650,1079917878,22412552,648097140,558986068,321452259,7823262,6704889209043,8006879842,1057262377,20137924,0.5,0.5,0,0,0,73725,1356.391997287216,50056,256.2661419210484,113,17183,420,500,50056
37,avg-run,10000,true,uniform,UPDATE,55,9703301,3548440,3505075,919573,99915,299629,0,0,0,334,12650,1079917878,22412552,648097140,558986068,321452259,7823262,6704889209043,8006879842,1057262377,20137924,0.5,0.5,0,0,0,73725,1356.391997287216,49944,1204.694137433926,342,8727,1448,1718,49944
38,extend,10000,true,uniform,EXTEND,45479,377269381,132110129,128336899,9646378,5653346,9317534,0,34,6275072,334,12653,1080139053,22412552,648100210,558986904,321583621,7823287,6706529196235,8008683906,1057510749,20137924,0,0,0,0,1,150633,663.8651557095723,100000,1498.5342,575,20767,1853,2501,100000
38,run,10000,true,uniform,READ,45826,381361200,134200253,130385355,9796737,5703488,9467858,0,34,6275072,334,12655,1080256369,22412552,648199423,559087720,321646808,7826290,6707628558319,8010034633,1057555845,20151991,0.5,0.5,0,0,0,73736,1356.1896495605945,49889,228.0118262542845,107,8911,396,487,49889
38,run,10000,true,uniform,UPDATE,45826,381361200,134200253,130385355,9796737,5703488,9467858,0,34,6275072,334,12655,1080256369,22412552,648199423,559087720,321646808,7826290,6707628558319,8010034633,1057555845,20151991,0.5,0.5,0,0,0,73736,1356.1896495605945,50111,1231.294825487418,336,224511,1430,1645,50111
38,reference,10000,true,uniform,READ,2,121552059,38672638,37848739,3290636,1900320,2983638,0,0,0,334,12657,1080393394,22412552,648204040,559091062,321695749,7826293,6708423448258,8010805703,1057664209,20151991,0.5,0.5,0,0,0,76902,1300.3562976255494,49864,254.03635889619767,129,16119,418,508,49864
38,reference,10000,true,uniform,UPDATE,2,121552059,38672638,37848739,3290636,1900320,2983638,0,0,0,334,12657,1080393394,22412552,648204040,559091062,321695749,7826293,6708423448258,8010805703,1057664209,20151991,0.5,0.5,0,0,0,76902,1300.3562976255494,50136,1267.3001037178874,447,16623,1543,2073,50136
38,clean-run,10000,true,uniform,READ,53,4840722,1763826,1751677,459906,49977,149899,0,0,0,334,12660,1080612673,22412552,648303314,559191323,321780552,7826629,6709935627629,8012496663,1057834651,20194047,0.5,0.5,0,0,0,77512,1290.1228196924346,50024,238.48360786822326,117,8447,407,502,50024
38,clean-run,10000,true,uniform,UPDATE,53,4840722,1763826,1751677,459906,49977,149899,0,0,0,334,12660,1080612673,22412552,648303314,559191323,321780552,7826629,6709935627629,8012496663,1057834651,20194047,0.5,0.5,0,0,0,77512,1290.1228196924346,49976,1297.6278413638547,340,95423,1493,2305,49976
38,avg-run,10000,true,uniform,READ,55,9694754,3546208,3502863,919968,100012,299961,0,0,0,334,12662,1080689492,22412552,648397086,559285028,321855120,7827845,6711031221564,8013898086,1057877719,20194047,0.5,0.5,0,0,0,75936,1316.898440792246,49980,256.3000400160064,108,9215,417,499,49980
38,avg-run,10000,true,uniform,UPDATE,55,9694754,3546208,3502863,919968,100012,299961,0,0,0,334,12662,1080689492,22412552,648397086,559285028,321855120,7827845,6711031221564,8013898086,1057877719,20194047,0.5,0.5,0,0,0,75936,1316.898440792246,50020,1247.5308076769293,341,68863,1443,1676,50020
39,extend,10000,true,uniform,EXTEND,45826,389779243,138054924,134191184,10096708,5803532,9767809,0,34,6275072,334,12665,1080938390,22412552,648398319,559286310,321988010,7827889,6712707267926,8015683999,1058103355,20194047,0,0,0,0,1,150347,665.1280038843475,100000,1495.63242,521,21775,1841,2175,100000
39,run,10000,true,uniform,READ,46173,393948138,140150634,136244372,10246578,5853510,9917669,0,34,6275072,334,12667,1081079110,22412552,648499440,559387776,322068904,7832380,6714008017178,8017141174,1058196586,20208099,0.5,0.5,0,0,0,75326,1327.5628601014257,50053,258.8383113899267,127,16591,415,509,50053
39,run,10000,true,uniform,UPDATE,46173,393948138,140150634,136244372,10246578,5853510,9917669,0,34,6275072,334,12667,1081079110,22412552,648499440,559387776,322068904,7832380,6714008017178,8017141174,1058196586,20208099,0.5,0.5,0,0,0,75326,1327.5628601014257,49947,1234.173103489699,329,69183,1523,1928,49947
39,reference,10000,true,uniform,READ,2,125908907,40444460,39601571,3440036,1950157,3131856,0,0,0,334,12669,1081212976,22412552,648499440,559387777,322144499,7832390,6714879189450,8017946587,1058327662,20208099,0.5,0.5,0,0,0,78359,1276.1775928738243,50196,277.6644752569926,136,19471,431,519,50196
39,reference,10000,true,uniform,UPDATE,2,125908907,40444460,39601571,3440036,1950157,3131856,0,0,0,334,12669,1081212976,22412552,648499440,559387777,322144499,7832390,6714879189450,8017946587,1058327662,20208099,0.5,0.5,0,0,0,78359,1276.1775928738243,49804,1278.9832342783711,360,5519,1529,1850,49804
39,clean-run,10000,true,uniform,READ,53,5036048,1760482,1748358,460334,50121,150323,0,0,0,334,12672,1081395626,22412552,648596005,559485327,322212418,7832445,6716105128339,8019441963,1058392497,20243984,0.5,0.5,0,0,0,78402,1275.4776663860616,49891,260.3997314144836,112,19519,425,500,49891
39,clean-run,10000,true,uniform,UPDATE,53,5036048,1760482,1748358,460334,50121,150323,0,0,0,334,12672,1081395626,22412552,648596005,559485327,322212418,7832445,6716105128339,8019441963,1058392497,20243984,0.5,0.5,0,0,0,78402,1275.4776663860616,50109,1290.4503382625876,346,70079,1459,1693,50109
39,avg-run,10000,true,uniform,READ,55,9896726,3546818,3503485,919958,100010,299947,0,0,0,334,12674,1081476115,22412552,648689156,559578390,322291462,7834465,6717255316493,8020842846,1058439285,20243984,0.5,0.5,0,0,0,72332,1382.5139633910303,50126,232.5896540717392,110,7047,402,494,50126
39,avg-run,10000,true,uniform,UPDATE,55,9896726,3546818,3503485,919958,100010,299947,0,0,0,334,12674,1081476115,22412552,648689156,559578390,322291462,7834465,6717255316493,8020842846,1058439285,20243984,0.5,0.5,0,0,0,72332,1382.5139633910303,49874,1202.7788226330354,335,81791,1429,1637,49874
40,extend,10000,true,uniform,EXTEND,46173,402214483,144003038,140048967,10546562,5953543,10217641,0,34,6275072,334,12677,1081740122,22412552,648689971,559579276,322416992,7834501,6719044613555,8022636064,1058688340,20243984,0,0,0,0,1,155711,642.2153861962225,100000,1549.40305,618,18895,1878,2255,100000
40,run,10000,true,uniform,READ,46520,406450741,146091813,142095209,10697212,6003781,10368304,0,34,6275072,334,12679,1081869861,22412552,648794154,559683805,322494560,7838256,6720341568062,8024099791,1058772446,20252310,0.5,0.5,0,0,0,76274,1311.0627474630935,49793,257.1887012230635,114,7091,421,512,49793
40,run,10000,true,uniform,UPDATE,46520,406450741,146091813,142095209,10697212,6003781,10368304,0,34,6275072,334,12679,1081869861,22412552,648794154,559683805,322494560,7838256,6720341568062,8024099791,1058772446,20252310,0.5,0.5,0,0,0,76274,1311.0627474630935,50207,1250.1235285916307,342,71615,1496,1796,50207
40,reference,10000,true,uniform,READ,2,129987758,42210985,41351170,3590484,2000330,3281600,0,0,0,334,12681,1082060836,22412552,648794251,559683902,322577394,7838320,6721398891608,8024929976,1058949039,20252310,0.5,0.5,0,0,0,80211,1246.711797633741,49849,268.10800617865954,111,10087,424,520,49849
40,reference,10000,true,uniform,UPDATE,2,129987758,42210985,41351170,3590484,2000330,3281600,0,0,0,334,12681,1082060836,22412552,648794251,559683902,322577394,7838320,6721398891608,8024929976,1058949039,20252310,0.5,0.5,0,0,0,80211,1246.711797633741,50151,1317.8639508683775,345,170111,1550,2237,50151
40,clean-run,10000,true,uniform,READ,53,4989213,1763104,1750953,460025,50010,150003,0,0,0,334,12684,1082243863,22412552,648892422,559783060,322660994,7838427,6722797176871,8026391606,1059052292,20296372,0.5,0.5,0,0,0,80216,1246.6340879625013,49991,258.87537756796223,115,10759,425,510,49991
40,clean-run,10000,true,uniform,UPDATE,53,4989213,1763104,1750953,460025,50010,150003,0,0,0,334,12684,1082243863,22412552,648892422,559783060,322660994,7838427,6722797176871,8026391606,1059052292,20296372,0.5,0.5,0,0,0,80216,1246.6340879625013,50009,1330.0414125457419,346,72191,1521,2339,50009
40,avg-run,10000,true,uniform,READ,55,9838679,3552397,3509078,919316,99788,299294,0,0,0,334,12686,1082327165,22412552,648987854,559878442,322728074,7839075,6723935858223,8027782362,1059094787,20296372,0.5,0.5,0,0,0,74455,1343.0931435095024,50237,243.2586738857814,121,8847,415,500,50237
40,avg-run,10000,true,uniform,UPDATE,55,9838679,3552397,3509078,919316,99788,299294,0,0,0,334,12686,1082327165,22412552,648987854,559878442,322728074,7839075,6723935858223,8027782362,1059094787,20296372,0.5,0.5,0,0,0,74455,1343.0931435095024,49763,1236.130398086932,336,69439,1441,1657,49763
41,extend,10000,true,uniform,EXTEND,46520,414873113,149944178,145899764,10997202,6103814,10668284,0,34,6275072,334,12689,1082606256,22412552,648990443,559881202,322894419,7839121,6725746525855,8029582363,1059338848,20296372,0,0,0,0,1,154943,645.3986304641062,100000,1541.43137,577,20719,1872,2231,100000
41,run,10000,true,uniform,READ,46867,419336831,152046055,147959029,11146616,6153705,10817687,0,34,6275072,334,12692,1082765487,22412552,649088250,559979216,322954528,7843582,6727073781872,8031061721,1059418151,20320465,0.5,0.5,0,0,0,80079,1248.7668427427916,50210,269.32027484564827,128,18335,435,529,50210
41,run,10000,true,uniform,UPDATE,46867,419336831,152046055,147959029,11146616,6153705,10817687,0,34,6275072,334,12692,1082765487,22412552,649088250,559979216,322954528,7843582,6727073781872,8031061721,1059418151,20320465,0.5,0.5,0,0,0,80079,1248.7668427427916,49790,1322.3179754970877,343,125247,1500,1741,49790
41,reference,10000,true,uniform,READ,2,134123359,43981722,43105163,3740800,2050461,3431469,0,0,0,334,12694,1082990968,22412552,649088255,559979221,323015595,7843591,6728327041913,8032010509,1059641646,20320465,0.5,0.5,0,0,0,82283,1215.3178663879537,49891,277.28145356877997,125,20783,435,531,49891
41,reference,10000,true,uniform,UPDATE,2,134123359,43981722,43105163,3740800,2050461,3431469,0,0,0,334,12694,1082990968,22412552,649088255,559979221,323015595,7843591,6728327041913,8032010509,1059641646,20320465,0.5,0.5,0,0,0,82283,1215.3178663879537,50109,1350.476680835778,453,5707,1700,2195,50109
41,clean-run,10000,true,uniform,READ,53,5238859,1771595,1759546,459145,49714,149101,0,0,0,334,12697,1083241520,22412552,649188513,560080466,323081306,7843677,6729884063780,8033708582,1059781277,20364034,0.5,0.5,0,0,0,78628,1271.811568398026,50298,239.21382559942742,111,19279,411,496,50298
41,clean-run,10000,true,uniform,UPDATE,53,5238859,1771595,1759546,459145,49714,149101,0,0,0,334,12697,1083241520,22412552,649188513,560080466,323081306,7843677,6729884063780,8033708582,1059781277,20364034,0.5,0.5,0,0,0,78628,1271.811568398026,49702,1325.2485614260995,366,137727,1658,2063,49702
41,avg-run,10000,true,uniform,READ,55,10312343,3544886,3501633,920218,100086,300174,0,0,0,334,12700,1083330114,22412552,649288746,560180659,323193202,7846810,6731113571118,8035134032,1059840579,20364034,0.5,0.5,0,0,0,77514,1290.0895322135357,49643,257.2851963015934,126,11943,426,512,49643
41,avg-run,10000,true,uniform,UPDATE,55,10312343,3544886,3501633,920218,100086,300174,0,0,0,334,12700,1083330114,22412552,649288746,560180659,323193202,7846810,6731113571118,8035134032,1059840579,20364034,0.5,0.5,0,0,0,77514,1290.0895322135357,50357,1271.1004825545604,344,114303,1488,2018,50357
42,extend,10000,true,uniform,EXTEND,46867,428038323,155899666,151763945,11446643,6253738,11117678,0,34,6275072,334,12703,1083640002,22412552,649300559,560192495,323304546,7846867,6733108210120,8037001129,1060123908,20364034,0,0,0,0,1,153639,650.8764050794395,100000,1528.54393,528,23295,1882,2365,100000
42,run,10000,true,uniform,READ,47214,432607849,157993709,153815443,11596752,6303808,11267820,0,34,6275072,334,12706,1083812131,22412552,649405569,560297852,323409092,7851243,6734538443307,8038528709,1060230548,20373494,0.5,0.5,0,0,0,77682,1287.2995031023918,49972,255.47472584647403,114,15815,419,510,49972
42,run,10000,true,uniform,UPDATE,47214,432607849,157993709,153815443,11596752,6303808,11267820,0,34,6275072,334,12706,1083812131,22412552,649405569,560297852,323409092,7851243,6734538443307,8038528709,1060230548,20373494,0.5,0.5,0,0,0,77682,1287.2995031023918,50028,1283.2005476932918,353,119103,1527,2317,50028
42,reference,10000,true,uniform,READ,2,138294938,45761994,44869050,3890267,2100309,3580653,0,0,0,334,12707,1083929711,22412552,649407369,560300255,323483682,7851277,6735424966445,8039160066,1060346343,20373494,0.5,0.5,0,0,0,77687,1287.216651434603,50174,273.35012157691233,118,9471,430,519,50174
42,reference,10000,true,uniform,UPDATE,2,138294938,45761994,44869050,3890267,2100309,3580653,0,0,0,334,12707,1083929711,22412552,649407369,560300255,323483682,7851277,6735424966445,8039160066,1060346343,20373494,0.5,0.5,0,0,0,77687,1287.216651434603,49826,1270.389274675872,354,10703,1510,1800,49826
42,clean-run,10000,true,uniform,READ,53,5047238,1766252,1754105,459728,49901,149691,0,0,0,334,12710,1084214846,22412552,649512341,560405652,323555856,7851601,6737117576560,8040859705,1060522985,20414299,0.5,0.5,0,0,0,77769,1285.8594041327522,50100,240.21882235528943,118,10143,410,495,50100
42,clean-run,10000,true,uniform,UPDATE,53,5047238,1766252,1754105,459728,49901,149691,0,0,0,334,12710,1084214846,22412552,649512341,560405652,323555856,7851601,6737117576560,8040859705,1060522985,20414299,0.5,0.5,0,0,0,77769,1285.8594041327522,49900,1302.8619438877756,339,135551,1665,2107,49900
42,avg-run,10000,true,uniform,READ,55,10111890,3548077,3504763,919862,99960,299825,0,0,0,334,12713,1084318608,22412552,649614217,560507469,323625690,7854696,6738436818878,8042288705,1060587336,20414299,0.5,0.5,0,0,0,75223,1329.3806415590975,49956,261.96895267835697,119,15679,428,513,49956
42,avg-run,10000,true,uniform,UPDATE,55,10111890,3548077,3504763,919862,99960,299825,0,0,0,334,12713,1084318608,22412552,649614217,560507469,323625690,7854696,6738436818878,8042288705,1060587336,20414299,0.5,0.5,0,0,0,75223,1329.3806415590975,50044,1227.189053632803,330,13839,1501,1732,50044
43,extend,10000,true,uniform,EXTEND,47214,441116241,161846944,157620855,11896928,6403841,11567873,0,34,6275072,334,12716,1084619297,22412552,649618945,560512198,323740014,7854775,6740358416180,8044103062,1060848600,20414299,0,0,0,0,1,155201,644.3257453238059,100000,1544.09642,513,23119,1879,2249,100000
43,run,10000,true,uniform,READ,47561,445450619,163947444,159678808,12046380,6453690,11717368,0,34,6275072,334,12719,1084777285,22412552,649725838,560619438,323842523,7859009,6741709071705,8045556836,1060924599,20433093,0.5,0.5,0,0,0,79758,1253.7927229870359,50193,272.40517602056065,140,17823,433,517,50193
43,run,10000,true,uniform,UPDATE,47561,445450619,163947444,159678808,12046380,6453690,11717368,0,34,6275072,334,12719,1084777285,22412552,649725838,560619438,323842523,7859009,6741709071705,8045556836,1060924599,20433093,0.5,0.5,0,0,0,79758,1253.7927229870359,49807,1311.8813419800429,349,121023,1495,1719,49807
43,reference,10000,true,uniform,READ,2,142807629,47539018,46623967,4040408,2150396,3730637,0,0,0,334,12721,1084922153,22412552,649725838,560619438,323920267,7859017,6742661077726,8046350972,1061064262,20433093,0.5,0.5,0,0,0,77800,1285.3470437017995,49946,260.42906338845955,116,8951,427,523,49946
43,reference,10000,true,uniform,UPDATE,2,142807629,47539018,46623967,4040408,2150396,3730637,0,0,0,334,12721,1084922153,22412552,649725838,560619438,323920267,7859017,6742661077726,8046350972,1061064262,20433093,0.5,0.5,0,0,0,77800,1285.3470437017995,50054,1280.301953889799,454,16399,1566,1913,50054
43,clean-run,10000,true,uniform,READ,53,5216490,1763005,1750948,460212,50046,150119,0,0,0,334,12724,1085134054,22412552,649832339,560726926,323979131,7859085,6744123294609,8047890956,1061172304,20477566,0.5,0.5,0,0,0,80401,1243.7656248056617,49966,260.8804587119241,122,16927,429,514,49966
43,clean-run,10000,true,uniform,UPDATE,53,5216490,1763005,1750948,460212,50046,150119,0,0,0,334,12724,1085134054,22412552,649832339,560726926,323979131,7859085,6744123294609,8047890956,1061172304,20477566,0.5,0.5,0,0,0,80401,1243.7656248056617,50034,1331.2525082943598,355,99519,1569,2161,50034
43,avg-run,10000,true,uniform,READ,55,10204991,3533233,3489903,921633,100534,301540,0,0,0,334,12726,1085246780,22412552,649937762,560833206,324090568,7859302,6745372501352,8049316485,1061229359,20477566,0.5,0.5,0,0,0,77072,1297.4880631098194,49527,242.59953156863932,116,8927,417,513,49527
43,avg-run,10000,true,uniform,UPDATE,55,10204991,3533233,3489903,921633,100534,301540,0,0,0,334,12726,1085246780,22412552,649937762,560833206,324090568,7859302,6745372501352,8049316485,1061229359,20477566,0.5,0.5,0,0,0,77072,1297.4880631098194,50473,1275.209696273255,338,71935,1475,1716,50473
44,extend,10000,true,uniform,EXTEND,47561,454194679,167803521,163486184,12346940,6553734,12017564,0,34,6275072,334,12730,1085557663,22412552,649941254,560835824,324194759,7859340,6747527566185,8051306345,1061567276,20477566,0,0,0,0,1,157791,633.7497068907605,100000,1570.23211,530,61599,1956,2521,100000
44,run,10000,true,uniform,READ,47908,458509654,169901756,165542748,12496720,6603679,12167532,0,34,6275072,334,12733,1085705278,22412552,650042408,560937304,324281636,7863487,6748895817071,8052719220,1061637998,20491926,0.5,0.5,0,0,0,79903,1251.517464926223,50086,265.9278640737931,144,17295,430,517,50086
44,run,10000,true,uniform,UPDATE,47908,458509654,169901756,165542748,12496720,6603679,12167532,0,34,6275072,334,12733,1085705278,22412552,650042408,560937304,324281636,7863487,6748895817071,8052719220,1061637998,20491926,0.5,0.5,0,0,0,79903,1251.517464926223,49914,1319.6007933645872,366,118719,1502,1798,49914
44,reference,10000,true,uniform,READ,2,147029850,49315564,48383976,4190514,2200454,3880633,0,0,0,334,12735,1085934341,22412552,650042411,560937328,324345703,7863504,6750137289678,8053688910,1061844992,20491926,0.5,0.5,0,0,0,81795,1222.5686166636103,49964,285.0722520214554,118,11479,444,542,49964
44,reference,10000,true,uniform,UPDATE,2,147029850,49315564,48383976,4190514,2200454,3880633,0,0,0,334,12735,1085934341,22412552,650042411,560937328,324345703,7863504,6750137289678,8053688910,1061844992,20491926,0.5,0.5,0,0,0,81795,1222.5686166636103,50036,1335.10032776401,410,12351,1693,2083,50036
44,clean-run,10000,true,uniform,READ,53,4997717,1762052,1749905,460551,50093,150376,0,0,0,334,12738,1086200639,22412552,650152360,561048295,324442520,7863900,6751809705326,8055363138,1062001093,20529686,0.5,0.5,0,0,0,79324,1260.6525137411124,49908,259.8043600224413,131,7951,427,517,49908
44,clean-run,10000,true,uniform,UPDATE,53,4997717,1762052,1749905,460551,50093,150376,0,0,0,334,12738,1086200639,22412552,650152360,561048295,324442520,7863900,6751809705326,8055363138,1062001093,20529686,0.5,0.5,0,0,0,79324,1260.6525137411124,50092,1310.194661822247,346,106047,1700,2099,50092
44,avg-run,10000,true,uniform,READ,55,9992285,3547574,3504251,920265,100012,300090,0,0,0,334,12741,1086309015,22412552,650259450,561155326,324510618,7866990,6753148175017,8056776093,1062062298,20529686,0.5,0.5,0,0,0,76344,1309.8606308288797,50096,260.84318109230276,112,19631,426,511,50096
44,avg-run,10000,true,uniform,UPDATE,55,9992285,3547574,3504251,920265,100012,300090,0,0,0,334,12741,1086309015,22412552,650259450,561155326,324510618,7866990,6753148175017,8056776093,1062062298,20529686,0.5,0.5,0,0,0,76344,1309.8606308288797,49904,1253.8352236293683,353,7287,1507,1734,49904
45,extend,10000,true,uniform,EXTEND,47908,467281725,173762980,169355266,12798559,6703712,12468150,0,34,6275072,334,12744,1086597658,22412552,650269120,561165029,324666181,7867053,6755110668325,8058584988,1062318526,20529686,0,0,0,0,1,155766,641.9886239615834,100000,1549.75262,532,30207,1881,2279,100000
45,run,10000,true,uniform,READ,48255,471736146,175868670,171418410,12948212,6753632,12618412,0,34,6275072,334,12747,1086799902,22412552,650373812,561270046,324725545,7871752,6756594810944,8060075803,1062413317,20549888,0.5,0.5,0,0,0,81698,1224.0201718524322,50122,282.7873787957384,141,8391,437,521,50122
45,run,10000,true,uniform,UPDATE,48255,471736146,175868670,171418410,12948212,6753632,12618412,0,34,6275072,334,12747,1086799902,22412552,650373812,561270046,324725545,7871752,6756594810944,8060075803,1062413317,20549888,0.5,0.5,0,0,0,81698,1224.0201718524322,49878,1338.6175468142267,349,124927,1532,1948,49878
45,reference,10000,true,uniform,READ,2,151575195,51092423,50138776,4340731,2250550,4030775,0,0,0,334,12749,1086945873,22412552,650373812,561270046,324797707,7871760,6757643340771,8060851277,1062562823,20549888,0.5,0.5,0,0,0,79118,1263.9348820748755,49926,270.06882185634737,114,17887,430,524,49926
45,reference,10000,true,uniform,UPDATE,2,151575195,51092423,50138776,4340731,2250550,4030775,0,0,0,334,12749,1086945873,22412552,650373812,561270046,324797707,7871760,6757643340771,8060851277,1062562823,20549888,0.5,0.5,0,0,0,79118,1263.9348820748755,50074,1296.457762511483,429,13407,1558,1897,50074
45,clean-run,10000,true,uniform,READ,53,5003461,1763034,1750879,461352,50157,150798,0,0,0,334,12752,1087190054,22412552,650477988,561375232,324899551,7871915,6759275500938,8062492584,1062701748,20591267,0.5,0.5,0,0,0,86319,1158.4934950590252,49844,273.3969384479576,132,17087,433,519,49844
45,clean-run,10000,true,uniform,UPDATE,53,5003461,1763034,1750879,461352,50157,150798,0,0,0,334,12752,1087190054,22412552,650477988,561375232,324899551,7871915,6759275500938,8062492584,1062701748,20591267,0.5,0.5,0,0,0,86319,1158.4934950590252,50156,1434.50532339102,332,75007,1651,2209,50156
45,avg-run,10000,true,uniform,READ,55,10221165,3542359,3498294,921857,100350,301303,0,0,0,334,12755,1087309954,22412552,650589061,561486264,324966555,7874924,6760760980643,8064050789,1062799044,20591267,0.5,0.5,0,0,0,78409,1275.3637975232434,49833,275.38319988762464,131,17855,426,514,49833
45,avg-run,10000,true,uniform,UPDATE,55,10221165,3542359,3498294,921857,100350,301303,0,0,0,334,12755,1087309954,22412552,650589061,561486264,324966555,7874924,6760760980643,8064050789,1062799044,20591267,0.5,0.5,0,0,0,78409,1275.3637975232434,50167,1274.6981282516394,347,16031,1576,1971,50167
46,extend,10000,true,uniform,EXTEND,48255,480266304,179749229,175250261,13254613,6853665,12920811,0,34,6275072,334,12759,1087590362,22412552,650609513,561506717,325114411,7875016,6762723436261,8065818456,1063075510,20591267,0,0,0,0,1,153614,650.9823323395003,100000,1528.21052,513,21679,1894,2473,100000
46,run,10000,true,uniform,READ,48602,484553030,181875723,177335079,13403904,6903451,13071928,0,34,6275072,334,12761,1087755473,22412552,650719016,561616568,325178773,7879934,6764159615531,8067223922,1063147693,20596423,0.5,0.5,0,0,0,80461,1242.8381451883522,50245,281.10914518857595,142,16495,436,528,50245
46,run,10000,true,uniform,UPDATE,48602,484553030,181875723,177335079,13403904,6903451,13071928,0,34,6275072,334,12761,1087755473,22412552,650719016,561616568,325178773,7879934,6764159615531,8067223922,1063147693,20596423,0.5,0.5,0,0,0,80461,1242.8381451883522,49755,1319.10901416943,340,115967,1535,1776,49755
46,reference,10000,true,uniform,READ,2,156141235,52880490,51909544,4489738,2300256,4179760,0,0,0,334,12763,1087938425,22412552,650722688,561620240,325252657,7879949,6765428319769,8068218501,1063353893,20596423,0.5,0.5,0,0,0,81300,1230.0123001230013,50327,286.8874759075645,120,18191,438,534,50327
46,reference,10000,true,uniform,UPDATE,2,156141235,52880490,51909544,4489738,2300256,4179760,0,0,0,334,12763,1087938425,22412552,650722688,561620240,325252657,7879949,6765428319769,8068218501,1063353893,20596423,0.5,0.5,0,0,0,81300,1230.0123001230013,49673,1330.9936987900871,415,9223,1674,2109,49673
46,clean-run,10000,true,uniform,READ,53,5008410,1773987,1761831,463354,50094,151445,0,0,0,334,12766,1088161806,22412552,650828957,561727496,325332627,7880062,6766935196212,8069702765,1063455895,20638057,0.5,0.5,0,0,0,83239,1201.359939451459,49907,265.8544092011141,133,10695,431,523,49907
46,clean-run,10000,true,uniform,UPDATE,53,5008410,1773987,1761831,463354,50094,151445,0,0,0,334,12766,1088161806,22412552,650828957,561727496,325332627,7880062,6766935196212,8069702765,1063455895,20638057,0.5,0.5,0,0,0,83239,1201.359939451459,50093,1381.950991156449,364,77759,1588,2193,50093
46,avg-run,10000,true,uniform,READ,55,10239767,3559923,3515820,923127,100043,301218,0,0,0,334,12769,1088293485,22412552,650939241,561837762,325434729,7883035,6768447918888,8071259315,1063562761,20638057,0.5,0.5,0,0,0,79544,1257.1658453183145,50077,260.6842063222637,118,10959,422,508,50077
46,avg-run,10000,true,uniform,UPDATE,55,10239767,3559923,3515820,923127,100043,301218,0,0,0,334,12769,1088293485,22412552,650939241,561837762,325434729,7883035,6768447918888,8071259315,1063562761,20638057,0.5,0.5,0,0,0,79544,1257.1658453183145,49923,1317.5832982793502,344,172927,1592,2169,49923
47,extend,10000,true,uniform,EXTEND,48602,493432148,185818900,181228664,13723411,7003506,13379620,0,34,6275072,334,12773,1088569053,22412552,650952158,561850679,325571633,7883102,6770498221433,8073049072,1063839574,20638057,0,0,0,0,1,156698,638.170238292767,100000,1559.1022,495,23135,1899,2321,100000
47,run,10000,true,uniform,READ,48949,497774243,187998049,183366145,13874354,7053415,13535273,0,34,6275072,334,12775,1088746342,22412552,651056557,561955417,325634640,7888130,6771992499661,8074506318,1063918453,20647881,0.5,0.5,0,0,0,80368,1244.2763288871192,50122,272.72953992258886,129,12495,432,526,50122
47,run,10000,true,uniform,UPDATE,48949,497774243,187998049,183366145,13874354,7053415,13535273,0,34,6275072,334,12775,1088746342,22412552,651056557,561955417,325634640,7888130,6771992499661,8074506318,1063918453,20647881,0.5,0.5,0,0,0,80368,1244.2763288871192,49878,1322.378583744336,355,149375,1529,1775,49878
47,reference,10000,true,uniform,READ,2,160105092,54662843,53674367,4640904,2350236,4329879,0,0,0,334,12777,1088935213,22412552,651065931,561964779,325700290,7888144,6773195407374,8075316534,1064101942,20647881,0.5,0.5,0,0,0,81275,1230.3906490310674,50042,277.7377203149355,115,16911,434,530,50042
47,reference,10000,true,uniform,UPDATE,2,160105092,54662843,53674367,4640904,2350236,4329879,0,0,0,334,12777,1088935213,22412552,651065931,561964779,325700290,7888144,6773195407374,8075316534,1064101942,20647881,0.5,0.5,0,0,0,81275,1230.3906490310674,49958,1333.8905680771848,389,7483,1691,2197,49958
47,clean-run,10000,true,uniform,READ,53,5050175,1806363,1794131,471919,50167,154778,0,0,0,334,12781,1089269850,22412552,651174217,562074073,325802600,7888484,6775095493600,8077056523,1064305415,20690257,0.5,0.5,0,0,0,83060,1203.9489525644112,49834,267.4497933138018,133,16623,428,517,49834
47,clean-run,10000,true,uniform,UPDATE,53,5050175,1806363,1794131,471919,50167,154778,0,0,0,334,12781,1089269850,22412552,651174217,562074073,325802600,7888484,6775095493600,8077056523,1064305415,20690257,0.5,0.5,0,0,0,83060,1203.9489525644112,50166,1374.8632938643702,355,174335,1744,2229,50166
47,avg-run,10000,true,uniform,READ,55,10281122,3589785,3545572,931974,100210,304833,0,0,0,334,12783,1089393398,22412552,651283456,562183792,325907504,7889791,6776500068020,8078608193,1064372464,20690257,0.5,0.5,0,0,0,78775,1269.4382735639479,49983,272.9849548846608,132,12255,431,516,49983
47,avg-run,10000,true,uniform,UPDATE,55,10281122,3589785,3545572,931974,100210,304833,0,0,0,334,12783,1089393398,22412552,651283456,562183792,325907504,7889791,6776500068020,8078608193,1064372464,20690257,0.5,0.5,0,0,0,78775,1269.4382735639479,50017,1287.3728132434971,324,104575,1534,1834,50017
48,extend,10000,true,uniform,EXTEND,48949,506467198,192126240,187445618,14226213,7153448,13859258,0,34,6275072,334,12787,1089680424,22412552,651311762,562211602,326019075,7889905,6778497609099,8080330122,1064633658,20690257,0,0,0,0,1,153666,650.7620423515937,100000,1528.8104,524,21471,1897,2415,100000
48,run,10000,true,uniform,READ,49296,511120822,194491913,189768658,14405331,7203573,14030577,0,34,6275072,334,12790,1089858508,22412552,651426731,562326919,326106868,7894752,6779982673475,8081996597,1064731296,20721781,0.5,0.5,0,0,0,80284,1245.5781973992327,49976,271.0070433808228,120,18543,425,518,49976
48,run,10000,true,uniform,UPDATE,49296,511120822,194491913,189768658,14405331,7203573,14030577,0,34,6275072,334,12790,1089858508,22412552,651426731,562326919,326106868,7894752,6779982673475,8081996597,1064731296,20721781,0.5,0.5,0,0,0,80284,1245.5781973992327,50024,1319.347713097713,362,114623,1517,1817,50024
48,reference,10000,true,uniform,READ,2,164806440,56514175,55503649,4819832,2400297,4486468,0,0,0,334,12792,1090092375,22412552,651426733,562326922,326169586,7894765,6781244696542,8082969474,1064951843,20721781,0.5,0.5,0,0,0,81380,1228.803145736053,49972,269.7461578483951,130,16639,429,527,49972
48,reference,10000,true,uniform,UPDATE,2,164806440,56514175,55503649,4819832,2400297,4486468,0,0,0,334,12792,1090092375,22412552,651426733,562326922,326169586,7894765,6781244696542,8082969474,1064951843,20721781,0.5,0.5,0,0,0,81380,1228.803145736053,50028,1343.5942871991685,424,4711,1729,2171,50028
48,clean-run,10000,true,uniform,READ,53,5329988,2036244,2024094,534124,49790,173388,0,0,0,334,12796,1090368398,22412552,651546584,562447760,326263971,7894988,6782974351928,8084798410,1065098521,20765817,0.5,0.5,0,0,0,83359,1199.630513801749,50211,259.2827866403776,124,17887,422,513,50211
48,clean-run,10000,true,uniform,UPDATE,53,5329988,2036244,2024094,534124,49790,173388,0,0,0,334,12796,1090368398,22412552,651546584,562447760,326263971,7894988,6782974351928,8084798410,1065098521,20765817,0.5,0.5,0,0,0,83359,1199.630513801749,49789,1398.2783747414087,346,137727,1683,2069,49789
48,avg-run,10000,true,uniform,READ,55,10294157,3817667,3774429,994282,99857,323546,0,0,0,334,12798,1090496141,22412552,651657486,562558644,326325674,7897402,6784393848339,8086212287,1065158776,20765817,0.5,0.5,0,0,0,76466,1307.770773938744,49948,255.9667654360535,132,16927,429,517,49948
48,avg-run,10000,true,uniform,UPDATE,55,10294157,3817667,3774429,994282,99857,323546,0,0,0,334,12798,1090496141,22412552,651657486,562558644,326325674,7897402,6784393848339,8086212287,1065158776,20765817,0.5,0.5,0,0,0,76466,1307.770773938744,50052,1258.1028530328458,355,103487,1561,1860,50052
49,extend,10000,true,uniform,EXTEND,49296,520310704,199040142,194268166,14788239,7303606,14389625,0,34,6275072,334,12802,1090760929,22412552,651675606,562576763,326478972,7897499,6786446783202,8088248125,1065427959,20765817,0,0,0,0,1,155358,643.6746096113493,100000,1545.71927,533,22815,1890,2277,100000
49,run,10000,true,uniform,READ,49643,524854315,201613637,196799127,14988634,7353876,14578570,0,34,6275072,334,12804,1090965940,22412552,651812038,562713547,326553211,7904066,6787986061477,8089999635,1065533174,20777326,0.5,0.5,0,0,0,78174,1279.1976872105815,49761,277.29740157955024,137,13247,429,524,49761
49,run,10000,true,uniform,UPDATE,49643,524854315,201613637,196799127,14988634,7353876,14578570,0,34,6275072,334,12804,1090965940,22412552,651812038,562713547,326553211,7904066,6787986061477,8089999635,1065533174,20777326,0.5,0.5,0,0,0,78174,1279.1976872105815,50239,1266.7404207886304,356,71039,1560,1882,50239
49,reference,10000,true,uniform,READ,2,169604954,58505261,57477491,5019872,2450477,4656700,0,0,0,334,12806,1091169272,22412552,651812038,562713547,326624864,7904095,6789202498680,8090935516,1065716084,20777326,0.5,0.5,0,0,0,82056,1218.6799259042605,49842,284.10511215440795,133,16151,438,535,49842
49,reference,10000,true,uniform,UPDATE,2,169604954,58505261,57477491,5019872,2450477,4656700,0,0,0,334,12806,1091169272,22412552,651812038,562713547,326624864,7904095,6789202498680,8090935516,1065716084,20777326,0.5,0.5,0,0,0,82056,1218.6799259042605,50158,1338.7430120818215,362,118015,1612,2205,50158
49,clean-run,10000,true,uniform,READ,53,5500596,2230958,2218805,590477,49995,192388,0,0,0,334,12809,1091377011,22412552,651952275,562854771,326702937,7904195,6790718599856,8092746222,1065822167,20821828,0.5,0.5,0,0,0,84165,1188.1423394522665,50013,265.958830704017,122,11415,420,511,50013
49,clean-run,10000,true,uniform,UPDATE,53,5500596,2230958,2218805,590477,49995,192388,0,0,0,334,12809,1091377011,22412552,651952275,562854771,326702937,7904195,6790718599856,8092746222,1065822167,20821828,0.5,0.5,0,0,0,84165,1188.1423394522665,49987,1402.5176145797907,352,78143,1540,2035,49987
49,avg-run,10000,true,uniform,READ,55,10976723,4557550,4513494,1201285,100222,393196,0,0,0,334,12812,1091496380,22412552,652099169,563001646,326813863,7908232,6792026313348,8094641665,1065907746,20821828,0.5,0.5,0,0,0,75967,1316.361051509208,49799,275.0793991847226,138,12767,427,519,49799
49,avg-run,10000,true,uniform,UPDATE,55,10976723,4557550,4513494,1201285,100222,393196,0,0,0,334,12812,1091496380,22412552,652099169,563001646,326813863,7908232,6792026313348,8094641665,1065907746,20821828,0.5,0.5,0,0,0,75967,1316.361051509208,50201,1226.0696201270891,348,12807,1450,1666,50201
50,extend,10000,true,uniform,EXTEND,49643,533942182,206492166,201628934,15382750,7453909,14964235,0,34,6275072,334,12815,1091863918,22412552,652130102,563032580,326936344,7908341,6794015193066,8096719091,1066231031,20821828,0,0,0,0,1,156932,637.2186679580965,100000,1561.35233,540,40415,1898,2471,100000
50,run,10000,true,uniform,READ,51192,538498517,209186721,204281840,15581967,7503746,15159452,0,34,6275072,334,12818,1092076561,22414178,652274201,563177824,327022779,7914150,6795487027051,8098413937,1066300228,20851735,0.5,0.5,0,0,0,83035,1204.3114349370746,50194,270.1046539427023,125,11935,417,517,50194
50,run,10000,true,uniform,UPDATE,51192,538498517,209186721,204281840,15581967,7503746,15159452,0,34,6275072,334,12818,1092076561,22414178,652274201,563177824,327022779,7914150,6795487027051,8098413937,1066300228,20851735,0.5,0.5,0,0,0,83035,1204.3114349370746,49806,1380.6082399710879,371,114431,1554,2003,49806
50,reference,10000,true,uniform,READ,8436,173710876,60635298,59590822,5219331,2500373,4837782,0,0,0,334,12820,1092279539,22414178,652301912,563213938,327094191,7914294,6796610901954,8099398439,1066465097,20851735,0.5,0.5,0,0,0,79665,1255.2563861168644,50115,279.9744188366756,136,10063,437,531,50115
50,reference,10000,true,uniform,UPDATE,8436,173710876,60635298,59590822,5219331,2500373,4837782,0,0,0,334,12820,1092279539,22414178,652301912,563213938,327094191,7914294,6796610901954,8099398439,1066465097,20851735,0.5,0.5,0,0,0,79665,1255.2563861168644,49885,1301.1065049614112,362,11927,1633,1996,49885
50,clean-run,10000,true,uniform,READ,53,5210635,2289464,2278186,602992,49864,196902,0,0,0,334,12823,1092561658,22414178,652450296,563365754,327206980,7915507,6798334035408,8101298756,1066644195,20902790,0.5,0.5,0,0,0,84292,1186.3522042423954,50137,268.7502842212338,121,17407,437,522,50137
50,clean-run,10000,true,uniform,UPDATE,53,5210635,2289464,2278186,602992,49864,196902,0,0,0,334,12823,1092561658,22414178,652450296,563365754,327206980,7915507,6798334035408,8101298756,1066644195,20902790,0.5,0.5,0,0,0,84292,1186.3522042423954,49863,1406.1691835629624,358,81535,1521,2373,49863
50,avg-run,10000,true,uniform,READ,55,11006164,4622464,4578367,1213221,99943,397118,0,0,0,334,12826,1092684779,22414178,652599215,563513461,327278262,7919310,6799727130795,8103427127,1066746890,20902790,0.5,0.5,0,0,0,75747,1320.1842977279628,49947,272.5548080965824,127,10255,457,537,49947
50,avg-run,10000,true,uniform,UPDATE,55,11006164,4622464,4578367,1213221,99943,397118,0,0,0,334,12826,1092684779,22414178,652599215,563513461,327278262,7919310,6799727130795,8103427127,1066746890,20902790,0.5,0.5,0,0,0,75747,1320.1842977279628,50053,1226.4196351867022,342,124287,1462,1682,50053
51,extend,10000,true,uniform,EXTEND,51617,548042302,214182047,209227509,15979972,7603790,15554616,0,34,6275072,334,12829,1093014488,22414178,652609534,563523828,327438298,7919393,6801736842123,8105494915,1067061267,20902790,0,0,0,0,1,161237,620.2050397861533,100000,1603.83716,558,107007,1937,2477,100000
51,run,10000,true,uniform,READ,57205,552917116,216919905,211922748,16178690,7653516,15751979,0,34,6275072,334,12832,1093223804,22421922,652758352,563674440,327498025,7925549,6803325410016,8107405318,1067172610,20923566,0.5,0.5,0,0,0,86626,1154.3878281347402,50316,309.27486286668255,136,9975,469,569,50316
51,run,10000,true,uniform,UPDATE,57205,552917116,216919905,211922748,16178690,7653516,15751979,0,34,6275072,334,12832,1093223804,22421922,652758352,563674440,327498025,7925549,6803325410016,8107405318,1067172610,20923566,0.5,0.5,0,0,0,86626,1154.3878281347402,49684,1413.1254931164963,347,152703,1602,2071,49684
51,reference,10000,true,uniform,READ,39968,178662426,62846198,61782493,5418835,2550294,5026071,0,0,0,334,12834,1093434131,22421922,652758807,563697623,327572865,7925567,6804539154633,8108433367,1067381513,20923566,0.5,0.5,0,0,0,82382,1213.8573960331141,50112,297.5634977650064,129,18511,464,572,50112
51,reference,10000,true,uniform,UPDATE,39968,178662426,62846198,61782493,5418835,2550294,5026071,0,0,0,334,12834,1093434131,22421922,652758807,563697623,327572865,7925567,6804539154633,8108433367,1067381513,20923566,0.5,0.5,0,0,0,82382,1213.8573960331141,49888,1336.957184092367,419,9423,1687,2185,49888
51,clean-run,10000,true,uniform,READ,53,5565511,2294491,2282332,608770,50256,200119,0,0,0,334,12837,1093677363,22421922,652904111,563845108,327652076,7925662,6806082803865,8110286575,1067485555,20972030,0.5,0.5,0,0,0,86576,1155.0545185732767,49745,285.1374208463162,128,13679,455,546,49745
51,clean-run,10000,true,uniform,UPDATE,53,5565511,2294491,2282332,608770,50256,200119,0,0,0,334,12837,1093677363,22421922,652904111,563845108,327652076,7925662,6806082803865,8110286575,1067485555,20972030,0.5,0.5,0,0,0,86576,1155.0545185732767,50255,1425.9575564620436,364,72831,1554,2005,50255
51,avg-run,10000,true,uniform,READ,55,11030160,4621534,4577236,1219550,100476,400899,0,0,0,334,12840,1093798881,22421922,653051127,563992105,327761807,7929460,6807427719372,8112173038,1067568593,20972030,0.5,0.5,0,0,0,74133,1348.9269286282763,49806,259.6158093402401,137,17327,435,523,49806
51,avg-run,10000,true,uniform,UPDATE,55,11030160,4621534,4577236,1219550,100476,400899,0,0,0,334,12840,1093798881,22421922,653051127,563992105,327761807,7929460,6807427719372,8112173038,1067568593,20972030,0.5,0.5,0,0,0,74133,1348.9269286282763,50194,1205.3935530143044,364,42751,1450,1680,50194
52,extend,10000,true,uniform,EXTEND,57548,562061721,221952448,216906558,16577911,7753549,16150242,0,34,6275072,334,12843,1094148525,22421922,653063551,564004535,327886653,7929582,6809402190544,8114235935,1067862359,20972030,0,0,0,0,1,158857,629.4969689720944,100000,1580.7509,569,21023,1918,2325,100000
52,run,10000,true,uniform,READ,71007,566929748,224693257,219604837,16777512,7803493,16349379,0,34,6275072,334,12846,1094368247,22424724,653224868,564163416,327980387,7935345,6811025019502,8116159921,1067977296,20999375,0.5,0.5,0,0,0,82635,1210.140981424336,50087,263.55691097490364,101,18447,469,612,50087
52,run,10000,true,uniform,UPDATE,71007,566929748,224693257,219604837,16777512,7803493,16349379,0,34,6275072,334,12846,1094368247,22424724,653224868,564163416,327980387,7935345,6811025019502,8116159921,1067977296,20999375,0.5,0.5,0,0,0,82635,1210.140981424336,49913,1376.3708252359104,361,116479,1673,2089,49913
52,reference,10000,true,uniform,READ,69875,182835100,65102674,64022123,5618393,2600213,5218932,0,0,0,334,12848,1094574996,22424724,653231364,564199073,328076727,7935431,6812068732577,8116922950,1068112319,20999375,0.5,0.5,0,0,0,82144,1217.3743669653293,50092,296.198973888046,144,14103,455,555,50092
52,reference,10000,true,uniform,UPDATE,69875,182835100,65102674,64022123,5618393,2600213,5218932,0,0,0,334,12848,1094574996,22424724,653231364,564199073,328076727,7935431,6812068732577,8116922950,1068112319,20999375,0.5,0.5,0,0,0,82144,1217.3743669653293,49908,1333.3855894846517,378,15447,1652,2046,49908
52,clean-run,10000,true,uniform,READ,53,5565038,2306476,2294325,609527,50093,200016,0,0,0,334,12851,1094864151,22424724,653378429,564346280,328130634,7935515,6813859153710,8119063154,1068293861,21045287,0.5,0.5,0,0,0,85926,1163.792100179224,49908,264.6233669952713,94,11895,469,570,49908
52,clean-run,10000,true,uniform,UPDATE,53,5565038,2306476,2294325,609527,50093,200016,0,0,0,334,12851,1094864151,22424724,653378429,564346280,328130634,7935515,6813859153710,8119063154,1068293861,21045287,0.5,0.5,0,0,0,85926,1163.792100179224,50092,1437.317056615827,368,72383,1638,1957,50092
52,avg-run,10000,true,uniform,READ,55,11003479,4636541,4592253,1219971,100229,400460,0,0,0,334,12854,1094988099,22424724,653522796,564490629,328239292,7939171,6815219149089,8120937349,1068372720,21045287,0.5,0.5,0,0,0,75350,1327.1400132714002,49890,270.09979955902986,125,18735,435,517,49890
52,avg-run,10000,true,uniform,UPDATE,55,11003479,4636541,4592253,1219971,100229,400460,0,0,0,334,12854,1094988099,22424724,653522796,564490629,328239292,7939171,6815219149089,8120937349,1068372720,21045287,0.5,0.5,0,0,0,75350,1327.1400132714002,50110,1220.2386749151865,369,68223,1447,1731,50110
53,extend,10000,true,uniform,EXTEND,71378,576111989,229739251,224602093,17177236,7903526,16748774,0,34,6275072,334,12858,1095312150,22424724,653529882,564497743,328394499,7939227,6817237333024,8123005639,1068673380,21045287,0,0,0,0,1,156080,640.6970784213224,100000,1553.14356,557,21103,1889,2299,100000
53,run,10000,true,uniform,READ,99187,580974193,232479046,227299333,17377477,7953616,16948841,0,34,6275072,334,12860,1095519865,22429137,653706457,564664233,328452386,7945623,6818892686769,8124932772,1068787663,21074880,0.5,0.5,0,0,0,82876,1206.621941213379,49941,269.97503053603253,123,9815,436,531,49941
53,run,10000,true,uniform,UPDATE,99187,580974193,232479046,227299333,17377477,7953616,16948841,0,34,6275072,334,12860,1095519865,22429137,653706457,564664233,328452386,7945623,6818892686769,8124932772,1068787663,21074880,0.5,0.5,0,0,0,82876,1206.621941213379,50059,1371.9577898080265,363,171263,1575,1878,50059
53,reference,10000,true,uniform,READ,108435,187835268,67379263,66280115,5819330,2650484,5415709,0,0,0,334,12863,1095733749,22429137,653707956,564692025,328547701,7945669,6820162374339,8126000688,1069004041,21074880,0.5,0.5,0,0,0,83372,1199.4434582353788,49762,306.35179454202,141,16719,457,566,49762
53,reference,10000,true,uniform,UPDATE,108435,187835268,67379263,66280115,5819330,2650484,5415709,0,0,0,334,12863,1095733749,22429137,653707956,564692025,328547701,7945669,6820162374339,8126000688,1069004041,21074880,0.5,0.5,0,0,0,83372,1199.4434582353788,50238,1340.8042318563637,421,7707,1675,2117,50238
53,clean-run,10000,true,uniform,READ,53,5874485,2309922,2297770,609974,50079,200136,0,0,0,334,12866,1096037036,22429137,653851658,564837960,328638757,7945868,6821770638311,8127927922,1069107049,21121041,0.5,0.5,0,0,0,85138,1174.563649604172,49933,262.9120221096269,121,34527,431,529,49933
53,clean-run,10000,true,uniform,UPDATE,53,5874485,2309922,2297770,609974,50079,200136,0,0,0,334,12866,1096037036,22429137,653851658,564837960,328638757,7945868,6821770638311,8127927922,1069107049,21121041,0.5,0.5,0,0,0,85138,1174.563649604172,50067,1423.9588551341203,357,132223,1560,1914,50067
53,avg-run,10000,true,uniform,READ,55,11358143,4651752,4607615,1219098,99885,399260,0,0,0,334,12869,1096169468,22429137,653999157,564985432,328704406,7949396,6823152914745,8129819364,1069178505,21121041,0.5,0.5,0,0,0,75876,1317.9397965100954,50220,263.37560732775785,126,13207,428,517,50220
53,avg-run,10000,true,uniform,UPDATE,55,11358143,4651752,4607615,1219098,99885,399260,0,0,0,334,12869,1096169468,22429137,653999157,564985432,328704406,7949396,6823152914745,8129819364,1069178505,21121041,0.5,0.5,0,0,0,75876,1317.9397965100954,49780,1243.9133186018482,370,103167,1451,1688,49780
54,extend,10000,true,uniform,EXTEND,99572,590138690,237530103,232301649,17777378,8053660,17348624,0,34,6275072,334,12873,1096527651,22429137,654016134,565002412,328858507,7949509,6825221149837,8131925332,1069490267,21121041,0,0,0,0,1,155740,642.0958006934635,100000,1549.32149,525,23199,1912,2291,100000
54,run,10000,true,uniform,READ,104725,594708140,240270388,235000266,17977715,8103799,17548917,0,34,6275072,334,12875,1096777958,22431356,654169387,565155177,328922277,7956096,6826808427527,8133644845,1069560256,21144347,0.5,0.5,0,0,0,80386,1243.9977110442117,49918,263.5225770263232,118,19039,425,519,49918
54,run,10000,true,uniform,UPDATE,104725,594708140,240270388,235000266,17977715,8103799,17548917,0,34,6275072,334,12875,1096777958,22431356,654169387,565155177,328922277,7956096,6826808427527,8133644845,1069560256,21144347,0.5,0.5,0,0,0,80386,1243.9977110442117,50082,1328.3518629447706,357,132735,1537,1779,50082
54,reference,10000,true,uniform,READ,156026,192029970,69681887,68565946,6019064,2700447,5612932,0,0,0,334,12878,1097032879,22431356,654173577,565202608,329015843,7956257,6828190446943,8134650861,1069816482,21144347,0.5,0.5,0,0,0,84415,1184.6235858555945,50059,285.18761861004015,132,22943,453,544,50059
54,reference,10000,true,uniform,UPDATE,156026,192029970,69681887,68565946,6019064,2700447,5612932,0,0,0,334,12878,1097032879,22431356,654173577,565202608,329015843,7956257,6828190446943,8134650861,1069816482,21144347,0.5,0.5,0,0,0,84415,1184.6235858555945,49941,1389.6080575078593,427,39967,1724,2397,49941
54,clean-run,10000,true,uniform,READ,53,5555037,2308691,2296540,610329,50116,200402,0,0,0,334,12882,1097407359,22431356,654323375,565353757,329105594,7956721,6830287286433,8136809874,1070086957,21196252,0.5,0.5,0,0,0,86139,1160.914336131137,49885,252.78069559987972,132,19583,431,519,49885
54,clean-run,10000,true,uniform,UPDATE,53,5555037,2308691,2296540,610329,50116,200402,0,0,0,334,12882,1097407359,22431356,654323375,565353757,329105594,7956721,6830287286433,8136809874,1070086957,21196252,0.5,0.5,0,0,0,86139,1160.914336131137,50115,1452.5445275865509,357,151551,1563,4231,50115
54,avg-run,10000,true,uniform,READ,55,11027075,4639680,4595620,1220649,100221,400722,0,0,0,334,12884,1097564003,22431356,654469759,565500135,329209255,7958274,6831671008223,8138694579,1070136106,21196252,0.5,0.5,0,0,0,77609,1288.5103531806878,49921,258.92263776767294,119,23727,424,512,49921
54,avg-run,10000,true,uniform,UPDATE,55,11027075,4639680,4595620,1220649,100221,400722,0,0,0,334,12884,1097564003,22431356,654469759,565500135,329209255,7958274,6831671008223,8138694579,1070136106,21196252,0.5,0.5,0,0,0,77609,1288.5103531806878,50079,1276.8604405040037,356,142719,1462,1714,50079
55,extend,10000,true,uniform,EXTEND,105046,604160822,245324353,240004530,18377635,8203843,17948792,0,34,6275072,334,12888,1097905498,22431356,654477745,565508109,329324163,7958349,6833769475139,8140740390,1070446232,21196252,0,0,0,0,1,158651,630.3143377602411,100000,1578.96983,555,81023,1890,2301,100000
55,run,10000,true,uniform,READ,105697,609018040,248069996,242707562,18577653,8253918,18148791,0,34,6275072,334,12891,1098150217,22431383,654627830,565658862,329405206,7964869,6835468380875,8142663068,1070556440,21235704,0.5,0.5,0,0,0,82294,1215.1554183780106,50000,269.14842,128,12111,426,524,50000
55,run,10000,true,uniform,UPDATE,105697,609018040,248069996,242707562,18577653,8253918,18148791,0,34,6275072,334,12891,1098150217,22431383,654627830,565658862,329405206,7964869,6835468380875,8142663068,1070556440,21235704,0.5,0.5,0,0,0,82294,1215.1554183780106,50000,1362.94918,377,120959,1570,1998,50000
55,reference,10000,true,uniform,READ,203254,196637393,71992308,70858156,6219276,2750528,5811594,0,0,0,334,12894,1098380977,22431383,654629362,565700712,329501551,7964919,6836578905102,8143437173,1070704345,21235704,0.5,0.5,0,0,0,81982,1219.7799516967139,49941,281.9262129312589,124,17887,444,549,49941
55,reference,10000,true,uniform,UPDATE,203254,196637393,71992308,70858156,6219276,2750528,5811594,0,0,0,334,12894,1098380977,22431383,654629362,565700712,329501551,7964919,6836578905102,8143437173,1070704345,21235704,0.5,0.5,0,0,0,81982,1219.7799516967139,50059,1342.2320062326455,429,10183,1692,2129,50059
55,clean-run,10000,true,uniform,READ,53,5588941,2312236,2300082,610029,50024,200049,0,0,0,334,12897,1098644556,22431383,654779511,565853837,329589151,7965165,6838480785543,8145576534,1070898484,21290611,0.5,0.5,0,0,0,81021,1234.2479110354107,49977,257.73317726154033,130,21359,418,510,49977
55,clean-run,10000,true,uniform,UPDATE,53,5588941,2312236,2300082,610029,50024,200049,0,0,0,334,12897,1098644556,22431383,654779511,565853837,329589151,7965165,6838480785543,8145576534,1070898484,21290611,0.5,0.5,0,0,0,81021,1234.2479110354107,50023,1347.6420646502609,366,76159,1547,1843,50023
55,avg-run,10000,true,uniform,READ,55,11063200,4649171,4604991,1219701,99967,399721,0,0,0,334,12900,1098784345,22431383,654929463,566002935,329650787,7968528,6839899000609,8147459024,1070969250,21290611,0.5,0.5,0,0,0,76746,1302.9995048601882,50083,267.8727911666633,136,9967,431,518,50083
55,avg-run,10000,true,uniform,UPDATE,55,11063200,4649171,4604991,1219701,99967,399721,0,0,0,334,12900,1098784345,22431383,654929463,566002935,329650787,7968528,6839899000609,8147459024,1070969250,21290611,0.5,0.5,0,0,0,76746,1302.9995048601882,49917,1254.789670853617,382,102463,1454,1707,49917
56,extend,10000,true,uniform,EXTEND,106038,618091880,253122796,247711612,18977603,8353951,18548723,0,34,6275072,334,12904,1099121619,22431383,654942168,566015642,329804979,7968588,6841973469897,8149524532,1071265322,21290611,0,0,0,0,1,156921,637.263336328471,100000,1561.62195,567,21535,1909,2345,100000
56,run,10000,true,uniform,READ,106504,622619928,255872103,250419255,19177031,8403870,18748154,0,34,6275072,334,12906,1099353793,22431450,655092740,566166697,329867235,7975472,6843586930673,8151232103,1071332101,21313921,0.5,0.5,0,0,0,75186,1330.0348469129892,50151,272.4495025024426,125,13063,430,526,50151
56,run,10000,true,uniform,UPDATE,106504,622619928,255872103,250419255,19177031,8403870,18748154,0,34,6275072,334,12906,1099353793,22431450,655092740,566166697,329867235,7975472,6843586930673,8151232103,1071332101,21313921,0.5,0.5,0,0,0,75186,1330.0348469129892,49849,1219.5058877810989,350,48415,1582,1897,49849
56,reference,10000,true,uniform,READ,243736,201248483,74314856,73162909,6418892,2800458,6010286,0,0,0,334,12909,1099584297,22431450,655093548,566198888,329966352,7975501,6844840952517,8152236980,1071524434,21313921,0.5,0.5,0,0,0,81854,1221.6873946294622,50092,281.3599976044079,126,19439,430,528,50092
56,reference,10000,true,uniform,UPDATE,243736,201248483,74314856,73162909,6418892,2800458,6010286,0,0,0,334,12909,1099584297,22431450,655093548,566198888,329966352,7975501,6844840952517,8152236980,1071524434,21313921,0.5,0.5,0,0,0,81854,1221.6873946294622,49908,1343.0968181453875,416,8559,1650,2023,49908
56,clean-run,10000,true,uniform,READ,53,5436143,2309206,2296980,610588,50170,200590,0,0,0,334,12913,1099945099,22431450,655240028,566347011,330054570,7975768,6846836612163,8154358116,1071741185,21365094,0.5,0.5,0,0,0,85965,1163.2641191182458,49848,273.0610255175734,129,11303,440,528,49848
56,clean-run,10000,true,uniform,UPDATE,53,5436143,2309206,2296980,610588,50170,200590,0,0,0,334,12913,1099945099,22431450,655240028,566347011,330054570,7975768,6846836612163,8154358116,1071741185,21365094,0.5,0.5,0,0,0,85965,1163.2641191182458,50152,1428.1760448237358,348,163583,1534,2223,50152
56,avg-run,10000,true,uniform,READ,55,10879387,4629073,4584720,1222164,100589,402166,0,0,0,334,12915,1100099551,22431450,655384998,566491962,330113612,7978257,6848269014238,8156234603,1071800550,21365094,0.5,0.5,0,0,0,76381,1309.2261164425709,49607,250.07363880097566,132,22719,422,508,49607
56,avg-run,10000,true,uniform,UPDATE,55,10879387,4629073,4584720,1222164,100589,402166,0,0,0,334,12915,1100099551,22431450,655384998,566491962,330113612,7978257,6848269014238,8156234603,1071800550,21365094,0.5,0.5,0,0,0,76381,1309.2261164425709,50393,1255.2479114162682,371,134783,1444,1689,50393
57,extend,10000,true,uniform,EXTEND,106827,631975452,260926871,255424309,19576984,8503914,19148098,0,34,6275072,334,12919,1100401242,22431450,655386695,566493664,330276630,7978306,6850298880223,8158269711,1072070739,21365094,0,0,0,0,1,159753,625.9663355304751,100000,1589.40344,570,23327,1901,2407,100000
57,run,10000,true,uniform,READ,107204,636238741,263673614,258129396,19776622,8553836,19347725,0,34,6275072,334,12921,1100607421,22431796,655537610,566646441,330378025,7983521,6851858116885,8159878004,1072127682,21384024,0.5,0.5,0,0,0,79104,1264.1585760517798,50098,285.7912691125394,138,16111,441,533,50098
57,run,10000,true,uniform,UPDATE,107204,636238741,263673614,258129396,19776622,8553836,19347725,0,34,6275072,334,12921,1100607421,22431796,655537610,566646441,330378025,7983521,6851858116885,8159878004,1072127682,21384024,0.5,0.5,0,0,0,79104,1264.1585760517798,49902,1283.9570758687028,372,70271,1517,1788,49902
57,reference,10000,true,uniform,READ,279023,206309875,76637155,75466319,6619098,2850548,6209949,0,0,0,334,12924,1100936210,22431796,655540315,566667351,330434935,7983548,6853489430072,8161141821,1072462383,21384024,0.5,0.5,0,0,0,86242,1159.5278402634447,49943,292.80409667020405,152,11735,440,544,49943
57,reference,10000,true,uniform,UPDATE,279023,206309875,76637155,75466319,6619098,2850548,6209949,0,0,0,334,12924,1100936210,22431796,655540315,566667351,330434935,7983548,6853489430072,8161141821,1072462383,21384024,0.5,0.5,0,0,0,86242,1159.5278402634447,50057,1416.032842559482,454,151295,1755,2381,50057
57,clean-run,10000,true,uniform,READ,53,5613850,2311943,2299795,610144,50039,200131,0,0,0,334,12928,1101209574,22431796,655689404,566818620,330535965,7983872,6855300010790,8163002053,1072595895,21430814,0.5,0.5,0,0,0,85228,1173.3233209743278,49962,277.2951643248869,130,10959,434,524,49962
57,clean-run,10000,true,uniform,UPDATE,53,5613850,2311943,2299795,610144,50039,200131,0,0,0,334,12928,1101209574,22431796,655689404,566818620,330535965,7983872,6855300010790,8163002053,1072595895,21430814,0.5,0.5,0,0,0,85228,1173.3233209743278,50038,1411.5118509932452,379,285183,1561,2012,50038
57,avg-run,10000,true,uniform,READ,55,11080628,4640121,4595992,1220784,100224,400771,0,0,0,334,12930,1101372129,22431796,655836325,566965544,330635625,7985797,6856751979357,8164881393,1072648749,21430814,0.5,0.5,0,0,0,78348,1276.35676724358,49841,277.37932625749886,125,8147,433,513,49841
57,avg-run,10000,true,uniform,UPDATE,55,11080628,4640121,4595992,1220784,100224,400771,0,0,0,334,12930,1101372129,22431796,655836325,566965544,330635625,7985797,6856751979357,8164881393,1072648749,21430814,0.5,0.5,0,0,0,78348,1276.35676724358,50159,1271.843138818557,375,103551,1464,1716,50159
58,extend,10000,true,uniform,EXTEND,107567,645750100,268727908,263134055,20176611,8653880,19747687,0,34,6275072,334,12934,1101739273,22431796,655849301,566978510,330775649,7985967,6858942662054,8166975211,1072965335,21430814,0,0,0,0,1,158372,631.4247467986766,100000,1575.7165,564,22079,1922,2413,100000
58,run,10000,true,uniform,READ,108115,650449458,271479200,265842803,20375911,8703733,19946985,0,34,6275072,334,12937,1101929669,22431972,655999143,567128897,330833922,7991930,6860589820584,8168862792,1073065028,21450205,0.5,0.5,0,0,0,82007,1219.4080993085956,50185,280.9777622795656,134,8959,431,524,50185
58,run,10000,true,uniform,UPDATE,108115,650449458,271479200,265842803,20375911,8703733,19946985,0,34,6275072,334,12937,1101929669,22431972,655999143,567128897,330833922,7991930,6860589820584,8168862792,1073065028,21450205,0.5,0.5,0,0,0,82007,1219.4080993085956,49815,1349.2011843822143,377,127871,1521,1939,49815
58,reference,10000,true,uniform,READ,324614,210935475,78960599,77772283,6819314,2900629,6409819,0,0,0,334,12940,1102190550,22431972,656010312,567177215,330928828,7992022,6862142821271,8169962646,1073342944,21450205,0.5,0.5,0,0,0,86352,1158.0507689457106,49941,295.95370537233936,152,9999,448,551,49941
58,reference,10000,true,uniform,UPDATE,324614,210935475,78960599,77772283,6819314,2900629,6409819,0,0,0,334,12940,1102190550,22431972,656010312,567177215,330928828,7992022,6862142821271,8169962646,1073342944,21450205,0.5,0.5,0,0,0,86352,1158.0507689457106,50059,1415.4697057472183,390,43167,1761,2483,50059
58,clean-run,10000,true,uniform,READ,53,5218236,2305293,2293140,610925,50227,200890,0,0,0,334,12943,1102423414,22431972,656160848,567329960,330986183,7992166,6863659724865,8171792087,1073418353,21504601,0.5,0.5,0,0,0,83623,1195.8432488669384,49774,262.5755012657211,139,18527,418,506,49774
58,clean-run,10000,true,uniform,UPDATE,53,5218236,2305293,2293140,610925,50227,200890,0,0,0,334,12943,1102423414,22431972,656160848,567329960,330986183,7992166,6863659724865,8171792087,1073418353,21504601,0.5,0.5,0,0,0,83623,1195.8432488669384,50226,1390.586090869271,367,75263,1456,1863,50226
58,avg-run,10000,true,uniform,READ,55,10696778,4640122,4596037,1220821,100226,400786,0,0,0,334,12946,1102568399,22431972,656309019,567478112,331091723,7995454,6865175132807,8173684711,1073492738,21504601,0.5,0.5,0,0,0,75078,1331.9481073017396,50027,259.3780558498411,129,12607,423,514,50027
58,avg-run,10000,true,uniform,UPDATE,55,10696778,4640122,4596037,1220821,100226,400786,0,0,0,334,12946,1102568399,22431972,656309019,567478112,331091723,7995454,6865175132807,8173684711,1073492738,21504601,0.5,0.5,0,0,0,75078,1331.9481073017396,49973,1228.5224221079384,363,40383,1464,1728,49973
59,extend,10000,true,uniform,EXTEND,108467,659237890,276532968,270847808,20775997,8803766,20347008,0,34,6275072,334,12949,1102866484,22431972,656319954,567489077,331255761,7995534,6867091447995,8175711435,1073763090,21504601,0,0,0,0,1,157445,635.1424306900823,100000,1566.90773,555,20575,1891,2451,100000
59,run,10000,true,uniform,READ,109447,663793254,279277548,273549850,20976055,8853817,20547103,0,34,6275072,334,12952,1103072542,22431982,656468324,567638412,331317045,8001763,6868695862905,8177590131,1073851034,21534123,0.5,0.5,0,0,0,82969,1205.269437982861,49991,294.31561681102596,127,10015,447,529,49991
59,run,10000,true,uniform,UPDATE,109447,663793254,279277548,273549850,20976055,8853817,20547103,0,34,6275072,334,12952,1103072542,22431982,656468324,567638412,331317045,8001763,6868695862905,8177590131,1073851034,21534123,0.5,0.5,0,0,0,82969,1205.269437982861,50009,1349.2225999320121,371,142335,1513,1811,50009
59,reference,10000,true,uniform,READ,373417,215167403,81284065,80078954,7019572,2950710,6609883,0,0,0,334,12954,1103280598,22431982,656469668,567685309,331412948,8001822,6869912349418,8178381713,1074012182,21534123,0.5,0.5,0,0,0,83139,1202.8049411226982,49930,288.8372922090927,128,21167,445,549,49930
59,reference,10000,true,uniform,UPDATE,373417,215167403,81284065,80078954,7019572,2950710,6609883,0,0,0,334,12954,1103280598,22431982,656469668,567685309,331412948,8001822,6869912349418,8178381713,1074012182,21534123,0.5,0.5,0,0,0,83139,1202.8049411226982,50070,1357.869462752147,381,8463,1665,2034,50070
59,clean-run,10000,true,uniform,READ,53,5210267,2311659,2299506,610251,50053,200206,0,0,0,334,12958,1103591411,22431982,656616059,567832842,331492268,8002146,6871840328830,8180497410,1074209037,21589725,0.5,0.5,0,0,0,86247,1159.4606189200783,49948,290.2406302554657,136,9727,454,540,49948
59,clean-run,10000,true,uniform,UPDATE,53,5210267,2311659,2299506,610251,50053,200206,0,0,0,334,12958,1103591411,22431982,656616059,567832842,331492268,8002146,6871840328830,8180497410,1074209037,21589725,0.5,0.5,0,0,0,86247,1159.4606189200783,50052,1418.0997962119395,374,108927,1495,2081,50052
59,avg-run,10000,true,uniform,READ,55,10665628,4647620,4603337,1220039,100025,399994,0,0,0,334,12960,1103755350,22431982,656760338,567977119,331597941,8004390,6873338295971,8182365374,1074263540,21589725,0.5,0.5,0,0,0,77867,1284.2410777351124,50054,274.463519399049,124,19871,443,525,50054
59,avg-run,10000,true,uniform,UPDATE,55,10665628,4647620,4603337,1220039,100025,399994,0,0,0,334,12960,1103755350,22431982,656760338,567977119,331597941,8004390,6873338295971,8182365374,1074263540,21589725,0.5,0.5,0,0,0,77867,1284.2410777351124,49946,1269.3923837744765,371,102271,1469,1713,49946
60,extend,10000,true,uniform,EXTEND,109800,672340908,284332172,278555705,21376322,8953850,20947178,0,34,6275072,334,12964,1103979476,22431982,656761447,567978212,331730447,8004417,6875087286020,8184319024,1074476007,21589725,0,0,0,0,1,158869,629.4494205918083,100000,1580.44222,628,21215,1869,2355,100000
60,run,10000,true,uniform,READ,110312,676271707,287070593,281252457,21577016,9004039,21147981,0,34,6275072,334,12966,1104170331,22432057,656914116,568131407,331793883,8011680,6876669101511,8185933196,1074525801,21622510,0.5,0.5,0,0,0,77206,1295.2361215449575,49831,294.75575445004114,127,10223,464,557,49831
60,run,10000,true,uniform,UPDATE,110312,676271707,287070593,281252457,21577016,9004039,21147981,0,34,6275072,334,12966,1104170331,22432057,656914116,568131407,331793883,8011680,6876669101511,8185933196,1074525801,21622510,0.5,0.5,0,0,0,77206,1295.2361215449575,50169,1230.961789152664,370,136575,1491,1789,50169
60,reference,10000,true,uniform,READ,425498,220325381,83619253,82395270,7218878,3000572,6809054,0,0,0,334,12969,1104474312,22432057,656915718,568164692,331886884,8011725,6878127796373,8187193771,1074802224,21622510,0.5,0.5,0,0,0,84700,1180.637544273908,50171,295.9839150106635,134,20271,463,561,50171
60,reference,10000,true,uniform,UPDATE,425498,220325381,83619253,82395270,7218878,3000572,6809054,0,0,0,334,12969,1104474312,22432057,656915718,568164692,331886884,8011725,6878127796373,8187193771,1074802224,21622510,0.5,0.5,0,0,0,84700,1180.637544273908,49829,1386.8704770314475,412,30207,1750,2203,49829
60,clean-run,10000,true,uniform,READ,53,5186553,2319481,2307333,609522,49848,199413,0,0,0,334,12972,1104722773,22432057,657064632,568315781,331936782,8011925,6879660717260,8189005261,1074870631,21668607,0.5,0.5,0,0,0,83440,1198.4659635666346,50153,267.9405818196319,133,10111,445,528,50153
60,clean-run,10000,true,uniform,UPDATE,53,5186553,2319481,2307333,609522,49848,199413,0,0,0,334,12972,1104722773,22432057,657064632,568315781,331936782,8011925,6879660717260,8189005261,1074870631,21668607,0.5,0.5,0,0,0,83440,1198.4659635666346,49847,1389.47852428431,382,78719,1468,1814,49847
60,avg-run,10000,true,uniform,READ,55,10660946,4659185,4615014,1218886,99714,398777,0,0,0,334,12975,1104874578,22432057,657213741,568464871,332041217,8015076,6881204542091,8190885353,1074942591,21668607,0.5,0.5,0,0,0,77479,1290.6723112069076,50160,279.0382177033493,124,17311,449,534,50160
60,avg-run,10000,true,uniform,UPDATE,55,10660946,4659185,4615014,1218886,99714,398777,0,0,0,334,12975,1104874578,22432057,657213741,568464871,332041217,8015076,6881204542091,8190885353,1074942591,21668607,0.5,0.5,0,0,0,77479,1290.6723112069076,49840,1259.9098113964687,381,104511,1485,1725,49840
61,extend,10000,true,uniform,EXTEND,110664,684977433,292129034,286261251,21978008,9104083,21548304,0,34,6275072,334,12978,1105159714,22432057,657223108,568474239,332186672,8015173,6882871267799,8192847974,1075098983,21668607,0,0,0,0,1,158578,630.604497471276,100000,1577.65444,580,22847,1868,2245,100000
61,run,10000,true,uniform,READ,111142,689644415,294873967,288963550,22178615,9154295,21749224,0,34,6275072,334,12981,1105399731,22433079,657370793,568622411,332282295,8021158,6884602221067,8194741467,1075205952,21696852,0.5,0.5,0,0,0,82442,1212.973969578613,49856,277.13920089858794,152,17903,447,547,49856
61,run,10000,true,uniform,UPDATE,111142,689644415,294873967,288963550,22178615,9154295,21749224,0,34,6275072,334,12981,1105399731,22433079,657370793,568622411,332282295,8021158,6884602221067,8194741467,1075205952,21696852,0.5,0.5,0,0,0,82442,1212.973969578613,50144,1353.9761287492022,376,172159,1560,2011,50144
61,reference,10000,true,uniform,READ,471388,225041015,85950808,84709269,7418550,3050515,7008644,0,0,0,334,12984,1105642274,22433079,657372673,568657493,332366347,8021212,6886153395170,8195838486,1075468537,21696852,0.5,0.5,0,0,0,85555,1168.8387586932383,50079,300.48072046167056,160,9871,466,571,50079
61,reference,10000,true,uniform,UPDATE,471388,225041015,85950808,84709269,7418550,3050515,7008644,0,0,0,334,12984,1105642274,22433079,657372673,568657493,332366347,8021212,6886153395170,8195838486,1075468537,21696852,0.5,0.5,0,0,0,85555,1168.8387586932383,49921,1397.4012539812904,421,11991,1770,2195,49921
61,clean-run,10000,true,uniform,READ,53,4885027,2314360,2303085,610481,50004,200171,0,0,0,334,12987,1105891638,22433079,657524673,568811650,332412815,8021339,6887705262820,8197470109,1075516620,21749514,0.5,0.5,0,0,0,82214,1216.3378500012163,49997,280.76084565073904,141,17663,454,535,49997
61,clean-run,10000,true,uniform,UPDATE,53,4885027,2314360,2303085,610481,50004,200171,0,0,0,334,12987,1105891638,22433079,657524673,568811650,332412815,8021339,6887705262820,8197470109,1075516620,21749514,0.5,0.5,0,0,0,82214,1216.3378500012163,50003,1348.962542247465,362,80127,1472,1752,50003
61,avg-run,10000,true,uniform,READ,55,10665859,4649890,4605822,1220426,100012,400103,0,0,0,334,12990,1106056235,22433079,657671993,568958950,332517885,8024465,6889292002725,8199553369,1075601405,21749514,0.5,0.5,0,0,0,78607,1272.1513351228261,50018,284.5076572433924,144,20511,461,539,50018
61,avg-run,10000,true,uniform,UPDATE,55,10665859,4649890,4605822,1220426,100012,400103,0,0,0,334,12990,1106056235,22433079,657671993,568958950,332517885,8024465,6889292002725,8199553369,1075601405,21749514,0.5,0.5,0,0,0,78607,1272.1513351228261,49982,1273.221859869553,374,70911,1491,1755,49982
62,extend,10000,true,uniform,EXTEND,111455,698575252,299941800,293982596,22582060,9254328,22150454,0,34,6275072,334,12994,1106373541,22433079,657683309,568970268,332677256,8024521,6891394413036,8201595099,1075860072,21749514,0,0,0,0,1,161653,618.608995812017,100000,1609.10666,535,21263,1951,2399,100000
62,run,10000,true,uniform,READ,112327,703375458,302708589,296706835,22781272,9304191,22350775,0,34,6275072,334,12997,1106645820,22434214,657830942,569118781,332766465,8030780,6893235049468,8203487891,1075983411,21770924,0.5,0.5,0,0,0,83794,1193.402868940497,50201,299.1230254377403,152,11591,469,551,50201
62,run,10000,true,uniform,UPDATE,112327,703375458,302708589,296706835,22781272,9304191,22350775,0,34,6275072,334,12997,1106645820,22434214,657830942,569118781,332766465,8030780,6893235049468,8203487891,1075983411,21770924,0.5,0.5,0,0,0,83794,1193.402868940497,49799,1366.0051808269243,379,228351,1613,2121,49799
62,reference,10000,true,uniform,READ,528111,229748690,88277178,87017996,7618814,3100605,7208867,0,0,0,334,13000,1106878856,22434214,657833906,569163167,332849574,8030854,6894746144000,8204560110,1076234887,21770924,0.5,0.5,0,0,0,86496,1156.1228264890863,49932,312.9215132580309,156,21055,472,577,49932
62,reference,10000,true,uniform,UPDATE,528111,229748690,88277178,87017996,7618814,3100605,7208867,0,0,0,334,13000,1106878856,22434214,657833906,569163167,332849574,8030854,6894746144000,8204560110,1076234887,21770924,0.5,0.5,0,0,0,86496,1156.1228264890863,50068,1400.2610250059918,435,12831,1743,2181,50068
62,clean-run,10000,true,uniform,READ,53,5198864,2322552,2310399,611340,49937,200378,0,0,0,334,13003,1107125058,22434214,657981436,569312894,332948445,8031107,6896352464679,8206380194,1076306172,21824457,0.5,0.5,0,0,0,83262,1201.0280800365113,50064,280.3540468200703,144,18367,458,536,50064
62,clean-run,10000,true,uniform,UPDATE,53,5198864,2322552,2310399,611340,49937,200378,0,0,0,334,13003,1107125058,22434214,657981436,569312894,332948445,8031107,6896352464679,8206380194,1076306172,21824457,0.5,0.5,0,0,0,83262,1201.0280800365113,49936,1371.6160084908684,371,105023,1484,1797,49936
62,avg-run,10000,true,uniform,READ,55,10667259,4658155,4613908,1221168,99919,400206,0,0,0,334,13006,1107288577,22434214,658128519,569459958,333001954,8034164,6897932053524,8208255582,1076370467,21824457,0.5,0.5,0,0,0,77874,1284.1256388525053,50044,279.6466509471665,129,22063,458,539,50044
62,avg-run,10000,true,uniform,UPDATE,55,10667259,4658155,4613908,1221168,99919,400206,0,0,0,334,13006,1107288577,22434214,658128519,569459958,333001954,8034164,6897932053524,8208255582,1076370467,21824457,0.5,0.5,0,0,0,77874,1284.1256388525053,49956,1264.5216590599728,366,99455,1490,1759,49956
63,extend,10000,true,uniform,EXTEND,112679,712531627,307811057,301760520,23192777,9404224,22755181,0,34,6275072,334,13010,1107641203,22434214,658140394,569471861,333188574,8034312,6900245480728,8210340578,1076677177,21824457,0,0,0,0,1,165518,604.1638975821361,100000,1646.72725,594,23391,2002,2515,100000
63,run,10000,true,uniform,READ,113379,717045744,310605942,304512865,23392305,9454130,22958088,0,34,6275072,334,13013,1107840722,22439876,658294402,569626650,333240475,8040816,6902114445250,8212202157,1076787666,21834502,0.5,0.5,0,0,0,82510,1211.9743061447098,50125,292.52997506234414,147,12103,465,559,50125
63,run,10000,true,uniform,UPDATE,113379,717045744,310605942,304512865,23392305,9454130,22958088,0,34,6275072,334,13013,1107840722,22439876,658294402,569626650,333240475,8040816,6902114445250,8212202157,1076787666,21834502,0.5,0.5,0,0,0,82510,1211.9743061447098,49875,1345.8170025062657,387,135551,1580,1934,49875
63,reference,10000,true,uniform,READ,600598,234454112,90605031,89328365,7818934,3150660,7408954,0,0,0,334,13016,1108174254,22439876,658298106,569685052,333332508,8040902,6903695632702,8213276634,1077049835,21834502,0.5,0.5,0,0,0,88812,1125.9739674818718,49967,319.17941841615465,149,9375,481,593,49967
63,reference,10000,true,uniform,UPDATE,600598,234454112,90605031,89328365,7818934,3150660,7408954,0,0,0,334,13016,1108174254,22439876,658298106,569685052,333332508,8040902,6903695632702,8213276634,1077049835,21834502,0.5,0.5,0,0,0,88812,1125.9739674818718,50033,1440.7715108028701,456,11823,1805,2269,50033
63,clean-run,10000,true,uniform,READ,53,5230048,2335355,2323207,615412,50025,202159,0,0,0,334,13019,1108391338,22439876,658448172,569837345,333440530,8041226,6905323878201,8215109273,1077118596,21888232,0.5,0.5,0,0,0,84971,1176.8721093078816,49976,290.4155394589403,146,11503,463,545,49976
63,clean-run,10000,true,uniform,UPDATE,53,5230048,2335355,2323207,615412,50025,202159,0,0,0,334,13019,1108391338,22439876,658448172,569837345,333440530,8041226,6905323878201,8215109273,1077118596,21888232,0.5,0.5,0,0,0,84971,1176.8721093078816,50024,1393.3930913161682,381,74623,1498,1909,50024
63,avg-run,10000,true,uniform,READ,55,10703261,4672198,4628044,1225092,99970,401839,0,0,0,334,13022,1108565278,22439876,658596869,569986003,333491411,8044167,6906923349244,8216989970,1077179952,21888232,0.5,0.5,0,0,0,78771,1269.5027357783956,50081,279.24498312733374,145,12503,455,533,50081
63,avg-run,10000,true,uniform,UPDATE,55,10703261,4672198,4628044,1225092,99970,401839,0,0,0,334,13022,1108565278,22439876,658596869,569986003,333491411,8044167,6906923349244,8216989970,1077179952,21888232,0.5,0.5,0,0,0,78771,1269.5027357783956,49919,1283.5878923856649,373,102783,1491,1762,49919
64,extend,10000,true,uniform,EXTEND,113778,726117388,315820042,309678185,23825996,9554163,23372212,0,34,6275072,334,13026,1108884701,22439876,658598046,569987185,333648410,8044207,6909106861341,8219065277,1077432055,21888232,0,0,0,0,1,164851,606.6083918204924,100000,1640.41052,738,24559,1961,2347,100000
64,run,10000,true,uniform,READ,116796,730992393,318722043,312537569,24035103,9604150,23583814,0,34,6275072,334,13029,1109158163,22450137,658751097,570131473,333734495,8050598,6911023029022,8221008170,1077550025,21922657,0.5,0.5,0,0,0,82952,1205.516443244286,50055,301.81316551793026,152,9431,467,562,50055
64,run,10000,true,uniform,UPDATE,116796,730992393,318722043,312537569,24035103,9604150,23583814,0,34,6275072,334,13029,1109158163,22450137,658751097,570131473,333734495,8050598,6911023029022,8221008170,1077550025,21922657,0.5,0.5,0,0,0,82952,1205.516443244286,49945,1343.3771748923816,384,153471,1581,1981,49945
64,reference,10000,true,uniform,READ,652984,239224061,92947118,91653094,8029382,3200941,7611990,0,0,0,334,13033,1109511269,22450137,658755149,570167876,333841222,8050690,6912840763285,8222266591,1077881385,21922657,0.5,0.5,0,0,0,89599,1116.0838848647863,49741,310.3352767334794,155,20079,476,587,49741
64,reference,10000,true,uniform,UPDATE,652984,239224061,92947118,91653094,8029382,3200941,7611990,0,0,0,334,13033,1109511269,22450137,658755149,570167876,333841222,8050690,6912840763285,8222266591,1077881385,21922657,0.5,0.5,0,0,0,89599,1116.0838848647863,50259,1460.420740563879,437,43647,1892,2543,50259
64,clean-run,10000,true,uniform,READ,53,5447448,2425902,2413749,642407,50160,211555,0,0,0,334,13037,1109838345,22450137,658902245,570317159,333913106,8050836,6914876141890,8224380825,1078068756,21977657,0.5,0.5,0,0,0,88964,1124.050177599928,49841,286.5768744607853,136,9279,461,546,49841
64,clean-run,10000,true,uniform,UPDATE,53,5447448,2425902,2413749,642407,50160,211555,0,0,0,334,13037,1109838345,22450137,658902245,570317159,333913106,8050836,6914876141890,8224380825,1078068756,21977657,0.5,0.5,0,0,0,88964,1124.050177599928,50159,1474.181104088997,366,146175,1749,2379,50159
64,avg-run,10000,true,uniform,READ,55,10908137,4764636,4720353,1251887,100055,411035,0,0,0,334,13040,1109998505,22450137,659047444,570462339,334004329,8053747,6916514618123,8226250952,1078138646,21977657,0.5,0.5,0,0,0,77736,1286.4052691159823,50131,279.8174782070974,139,11359,454,537,50131
64,avg-run,10000,true,uniform,UPDATE,55,10908137,4764636,4720353,1251887,100055,411035,0,0,0,334,13040,1109998505,22450137,659047444,570462339,334004329,8053747,6916514618123,8226250952,1078138646,21977657,0.5,0.5,0,0,0,77736,1286.4052691159823,49869,1262.8103029938438,382,98303,1492,1762,49869
65,extend,10000,true,uniform,EXTEND,117142,740830436,324230829,317996690,24505881,9704194,24022964,0,34,6275072,334,13045,1110351604,22450137,659073927,570488823,334181669,8053830,6918924774033,8228506655,1078462416,21977657,0,0,0,0,1,167310,597.6929053852131,100000,1664.75856,587,29279,2024,2523,100000
65,run,10000,true,uniform,READ,175649,745702153,327366210,321090414,24751206,9754282,24253994,0,34,6275072,334,13047,1110619441,22456850,659283154,570693766,334270431,8061441,6920830936081,8230490185,1078546767,21995635,0.5,0.5,0,0,0,84264,1186.7464160258237,49943,319.63628536531644,143,15263,475,569,49943
65,run,10000,true,uniform,UPDATE,175649,745702153,327366210,321090414,24751206,9754282,24253994,0,34,6275072,334,13047,1110619441,22456850,659283154,570693766,334270431,8061441,6920830936081,8230490185,1078546767,21995635,0.5,0.5,0,0,0,84264,1186.7464160258237,50057,1349.3993247697624,368,145279,1602,2014,50057
65,reference,10000,true,uniform,READ,690278,244555030,95421605,94109418,8273497,3250771,7823651,0,0,0,334,13051,1110922390,22456850,659283730,570714771,334342623,8061463,6922577572963,8231841015,1078871011,21995635,0.5,0.5,0,0,0,86849,1151.4237354488826,50192,308.2066464775263,156,18399,473,576,50192
65,reference,10000,true,uniform,UPDATE,690278,244555030,95421605,94109418,8273497,3250771,7823651,0,0,0,334,13051,1110922390,22456850,659283730,570714771,334342623,8061463,6922577572963,8231841015,1078871011,21995635,0.5,0.5,0,0,0,86849,1151.4237354488826,49808,1419.1427481529072,442,16311,1818,2195,49808
65,clean-run,10000,true,uniform,READ,53,6083937,2709405,2697251,723985,50128,237001,0,0,0,334,13055,1111241179,22456850,659430673,570863979,334419333,8061682,6924468977823,8233954442,1078987856,22047015,0.5,0.5,0,0,0,84262,1186.7745840355083,49873,298.3799250095242,140,13855,462,548,49873
65,clean-run,10000,true,uniform,UPDATE,53,6083937,2709405,2697251,723985,50128,237001,0,0,0,334,13055,1111241179,22456850,659430673,570863979,334419333,8061682,6924468977823,8233954442,1078987856,22047015,0.5,0.5,0,0,0,84262,1186.7745840355083,50127,1369.7031938875257,381,73279,1581,2275,50127
65,avg-run,10000,true,uniform,READ,55,12737368,5591391,5547099,1484214,100199,487230,0,0,0,334,13058,1111405627,22456850,659575021,571008321,334501299,8065472,6926226928043,8236212386,1079071230,22047015,0.5,0.5,0,0,0,79609,1256.1393812257409,49955,297.29826844159743,152,8575,464,553,49955
65,avg-run,10000,true,uniform,UPDATE,55,12737368,5591391,5547099,1484214,100199,487230,0,0,0,334,13058,1111405627,22456850,659575021,571008321,334501299,8065472,6926226928043,8236212386,1079071230,22047015,0.5,0.5,0,0,0,79609,1256.1393812257409,50045,1279.6243780597463,378,39135,1543,1853,50045
66,extend,10000,true,uniform,EXTEND,176248,755958033,333324958,326999495,25241286,9854326,24729891,0,34,6275072,334,13063,1111774164,22456850,659586004,571019303,334674520,8065569,6928658607145,8238549163,1079403874,22047015,0,0,0,0,1,168390,593.8594928439932,100000,1675.52348,591,23663,2017,2459,100000
66,run,10000,true,uniform,READ,188743,760668335,336618464,330251342,25491894,9904489,24973664,0,34,6275072,334,13065,1112012135,22459295,659770378,571206246,334762121,8074656,6930544946986,8240481516,1079483690,22065738,0.5,0.5,0,0,0,79478,1258.209819069428,49857,318.0676334316144,157,24559,478,580,49857
66,run,10000,true,uniform,UPDATE,188743,760668335,336618464,330251342,25491894,9904489,24973664,0,34,6275072,334,13065,1112012135,22459295,659770378,571206246,334762121,8074656,6930544946986,8240481516,1079483690,22065738,0.5,0.5,0,0,0,79478,1258.209819069428,50143,1253.5543146600721,386,77567,1593,1935,50143
66,reference,10000,true,uniform,READ,725838,249569636,98039649,96709568,8523416,3300803,8050083,0,0,0,334,13069,1112404953,22459295,659776280,571237385,334831835,8074725,6932453860144,8241911584,1079855298,22065738,0.5,0.5,0,0,0,91152,1097.0686326136563,49990,329.1392678535707,175,21871,489,594,49990
66,reference,10000,true,uniform,UPDATE,725838,249569636,98039649,96709568,8523416,3300803,8050083,0,0,0,334,13069,1112404953,22459295,659776280,571237385,334831835,8074725,6932453860144,8241911584,1079855298,22065738,0.5,0.5,0,0,0,91152,1097.0686326136563,50010,1478.923675264947,382,216959,1842,2323,50010
66,clean-run,10000,true,uniform,READ,53,6298367,2829735,2817582,747716,49719,244349,0,0,0,334,13073,1112689657,22459295,659927225,571390561,334909687,8076901,6934352465409,8244085939,1079969229,22126566,0.5,0.5,0,0,0,83313,1200.2928714606364,50289,302.90188709260474,145,24767,465,553,50289
66,clean-run,10000,true,uniform,UPDATE,53,6298367,2829735,2817582,747716,49719,244349,0,0,0,334,13073,1112689657,22459295,659927225,571390561,334909687,8076901,6934352465409,8244085939,1079969229,22126566,0.5,0.5,0,0,0,83313,1200.2928714606364,49711,1354.3499225523526,373,95423,1588,2133,49711
66,avg-run,10000,true,uniform,READ,55,12988823,5698582,5654309,1509405,100082,496038,0,0,0,334,13076,1112884288,22459295,660076392,571539709,334985886,8080457,6936217407898,8246373718,1080058378,22126566,0.5,0.5,0,0,0,79694,1254.7996085025222,49663,283.22864104061375,137,10623,457,543,49663
66,avg-run,10000,true,uniform,UPDATE,55,12988823,5698582,5654309,1509405,100082,496038,0,0,0,334,13076,1112884288,22459295,660076392,571539709,334985886,8080457,6936217407898,8246373718,1080058378,22126566,0.5,0.5,0,0,0,79694,1254.7996085025222,50337,1290.4001827681427,376,34079,1565,1887,50337
67,extend,10000,true,uniform,EXTEND,189395,771060267,342773440,336356907,25988461,10004533,25465504,0,34,6275072,334,13081,1113290953,22459295,660080014,571543290,335158736,8080519,6938617996846,8248704007,1080363963,22126566,0,0,0,0,1,170956,584.9458340157702,100000,1701.28253,660,24831,2030,2427,100000
67,run,10000,true,uniform,READ,189943,776535101,346143000,339683911,26237668,10054450,25712521,0,34,6275072,334,13084,1113633815,22459720,660249157,571712991,335229947,8088273,6940749693906,8250983316,1080533849,22162309,0.5,0.5,0,0,0,88086,1135.254183411666,50146,310.7903920551988,159,19151,475,574,50146
67,run,10000,true,uniform,UPDATE,189943,776535101,346143000,339683911,26237668,10054450,25712521,0,34,6275072,334,13084,1113633815,22459720,660249157,571712991,335229947,8088273,6940749693906,8250983316,1080533849,22162309,0.5,0.5,0,0,0,88086,1135.254183411666,49854,1439.1477313756168,391,125183,1627,2091,49854
67,reference,10000,true,uniform,READ,760778,254167410,100749886,99402503,8774510,3351061,8286950,0,0,0,334,13087,1113900006,22459720,660276866,571770977,335314462,8088419,6942362600618,8252151190,1080806067,22162309,0.5,0.5,0,0,0,88816,1125.923257070798,49764,327.81922675026124,141,15159,488,606,49764
67,reference,10000,true,uniform,UPDATE,760778,254167410,100749886,99402503,8774510,3351061,8286950,0,0,0,334,13087,1113900006,22459720,660276866,571770977,335314462,8088419,6942362600618,8252151190,1080806067,22162309,0.5,0.5,0,0,0,88816,1125.923257070798,50236,1428.2422963611752,393,57119,1750,2381,50236
67,clean-run,10000,true,uniform,READ,53,6344109,2849049,2836903,755950,49959,248309,0,0,0,334,13092,1114380211,22459720,660427553,571920990,335430121,8088911,6944848079284,8254747513,1081107403,22223501,0.5,0.5,0,0,0,95413,1048.0752098770608,50042,299.2338835378282,159,10791,466,571,50042
67,clean-run,10000,true,uniform,UPDATE,53,6344109,2849049,2836903,755950,49959,248309,0,0,0,334,13092,1114380211,22459720,660427553,571920990,335430121,8088911,6944848079284,8254747513,1081107403,22223501,0.5,0.5,0,0,0,95413,1048.0752098770608,49958,1595.0429160494816,380,442879,1756,2447,49958
67,avg-run,10000,true,uniform,READ,55,12941401,5729096,5684819,1516399,100074,498758,0,0,0,334,13095,1114584848,22459720,660576635,572070082,335505699,8093281,6946803647033,8257010609,1081211642,22223501,0.5,0.5,0,0,0,82224,1216.1899202179413,49911,275.964176233696,159,12471,456,548,49911
67,avg-run,10000,true,uniform,UPDATE,55,12941401,5729096,5684819,1516399,100074,498758,0,0,0,334,13095,1114584848,22459720,660576635,572070082,335505699,8093281,6946803647033,8257010609,1081211642,22223501,0.5,0.5,0,0,0,82224,1216.1899202179413,50089,1352.4724989518656,381,227455,1616,2011,50089
68,extend,10000,true,uniform,EXTEND,190298,786963292,352361645,345853145,26736386,10154494,26209625,0,34,6275072,334,13100,1115015394,22459720,660585407,572078856,335673366,8093375,6949319870180,8259347248,1081570439,22223501,0,0,0,0,1,172154,580.8752628460564,100000,1713.26591,602,64159,2049,2623,100000
68,run,10000,true,uniform,READ,190724,792347935,355752844,349201810,26985492,10204391,26457995,0,34,6275072,334,13104,1115359673,22459723,660749544,572243433,335780275,8101728,6951453210471,8261592961,1081727672,22269841,0.5,0.5,0,0,0,93171,1073.295338678344,50171,341.66917143369676,173,19583,495,596,50171
68,run,10000,true,uniform,UPDATE,190724,792347935,355752844,349201810,26985492,10204391,26457995,0,34,6275072,334,13104,1115359673,22459723,660749544,572243433,335780275,8101728,6951453210471,8261592961,1081727672,22269841,0.5,0.5,0,0,0,93171,1073.295338678344,49829,1510.3187902626985,396,141311,1646,2023,49829
68,reference,10000,true,uniform,READ,900086,259195174,103545197,102178170,9023110,3400832,8526854,0,0,0,334,13106,1115636123,22459723,660750714,572372242,335862594,8101770,6952940389784,8262760847,1081964652,22269841,0.5,0.5,0,0,0,88477,1130.2372367960036,50262,328.7518005650392,175,21935,490,600,50262
68,reference,10000,true,uniform,UPDATE,900086,259195174,103545197,102178170,9023110,3400832,8526854,0,0,0,334,13106,1115636123,22459723,660750714,572372242,335862594,8101770,6952940389784,8262760847,1081964652,22269841,0.5,0.5,0,0,0,88477,1130.2372367960036,49738,1430.976195263179,457,11991,1811,2269,49738
68,clean-run,10000,true,uniform,READ,53,6357078,2856294,2844144,758573,50018,249475,0,0,0,334,13111,1116055279,22459723,660903284,572524235,335960017,8102294,6955360707099,8265289941,1082230140,22338219,0.5,0.5,0,0,0,92500,1081.081081081081,49983,304.2090510773663,155,23295,472,570,49983
68,clean-run,10000,true,uniform,UPDATE,53,6357078,2856294,2844144,758573,50018,249475,0,0,0,334,13111,1116055279,22459723,660903284,572524235,335960017,8102294,6955360707099,8265289941,1082230140,22338219,0.5,0.5,0,0,0,92500,1081.081081081081,50017,1529.4870344083013,379,435455,1709,2645,50017
68,avg-run,10000,true,uniform,READ,55,12916933,5738870,5694622,1518736,100076,499638,0,0,0,334,13114,1116298674,22459723,661053849,572674781,336038782,8104729,6957396979492,8267539928,1082347614,22338219,0.5,0.5,0,0,0,87020,1149.1611123879568,49968,313.8444204290746,164,10575,474,566,49968
68,avg-run,10000,true,uniform,UPDATE,55,12916933,5738870,5694622,1518736,100076,499638,0,0,0,334,13114,1116298674,22459723,661053849,572674781,336038782,8104729,6957396979492,8267539928,1082347614,22338219,0.5,0.5,0,0,0,87020,1149.1611123879568,50032,1411.4201910777103,370,103679,1684,2159,50032
69,extend,10000,true,uniform,EXTEND,191072,802464355,361995016,355393613,27484928,10304435,26956882,0,34,6275072,334,13119,1116745695,22465638,661104910,572725842,336195930,8105040,6959992218736,8269795513,1082724600,22338219,0,0,0,0,1,166551,600.4166891822925,100000,1657.48822,590,25695,2029,2455,100000
69,run,10000,true,uniform,READ,191529,807590164,365381217,358738146,27735274,10354575,27206933,0,34,6275072,334,13122,1117134025,22465638,661271623,572893056,336308996,8112924,6962059775316,8271942787,1082835857,22373000,0.5,0.5,0,0,0,90295,1107.4810343872862,49924,319.8419597788639,168,18511,481,579,49924
69,run,10000,true,uniform,UPDATE,191529,807590164,365381217,358738146,27735274,10354575,27206933,0,34,6275072,334,13122,1117134025,22465638,661271623,572893056,336308996,8112924,6962059775316,8271942787,1082835857,22373000,0.5,0.5,0,0,0,90295,1107.4810343872862,50076,1468.8689791516895,385,530943,1656,2081,50076
69,reference,10000,true,uniform,READ,1002447,264266128,106356153,104969702,9274158,3451094,8772483,0,0,0,334,13125,1117416266,22465638,661272060,572978663,336385020,8112952,6963635229014,8273112184,1083090795,22373000,0.5,0.5,0,0,0,88697,1127.4338478189793,49771,325.57925297864216,156,20687,490,598,49771
69,reference,10000,true,uniform,UPDATE,1002447,264266128,106356153,104969702,9274158,3451094,8772483,0,0,0,334,13125,1117416266,22465638,661272060,572978663,336385020,8112952,6963635229014,8273112184,1083090795,22373000,0.5,0.5,0,0,0,88697,1127.4338478189793,50229,1428.5499213601704,422,4575,1773,2145,50229
69,clean-run,10000,true,uniform,READ,53,6356075,2857673,2845510,759700,50069,250068,0,0,0,334,13130,1117853795,22465638,661425798,573132875,336475793,8117783,6966187731127,8275657318,1083372120,22449433,0.5,0.5,0,0,0,93470,1069.8619878035734,49932,303.04349915885604,155,16287,473,569,49932
69,clean-run,10000,true,uniform,UPDATE,53,6356075,2857673,2845510,759700,50069,250068,0,0,0,334,13130,1117853795,22465638,661425798,573132875,336475793,8117783,6966187731127,8275657318,1083372120,22449433,0.5,0.5,0,0,0,93470,1069.8619878035734,50068,1549.6194974834225,386,943103,1700,2381,50068
69,avg-run,10000,true,uniform,READ,55,12897818,5749719,5705441,1518814,99917,499182,0,0,0,334,13133,1118074378,22465638,661578895,573285977,336581111,8119878,6968263980477,8277901193,1083488900,22449433,0.5,0.5,0,0,0,84584,1182.2566915728744,50178,292.6193152377536,143,21327,463,556,50178
69,avg-run,10000,true,uniform,UPDATE,55,12897818,5749719,5705441,1518814,99917,499182,0,0,0,334,13133,1118074378,22465638,661578895,573285977,336581111,8119878,6968263980477,8277901193,1083488900,22449433,0.5,0.5,0,0,0,84584,1182.2566915728744,49822,1388.4868531973827,389,75775,1671,2127,49822
70,extend,10000,true,uniform,EXTEND,191881,818013607,371630555,364937988,28234993,10454619,27706438,0,34,6275072,334,13138,1118498459,22465641,661596091,573303151,336708336,8119977,6970846745951,8280204921,1083835970,22449433,0,0,0,0,1,169420,590.2490851139181,100000,1685.76694,583,24543,2028,2535,100000
70,run,10000,true,uniform,READ,192247,823391498,375023607,368288418,28484930,10504662,27956284,0,34,6275072,334,13142,1118858692,22465642,661764528,573471931,336817411,8127552,6973036040570,8282440493,1083987550,22490478,0.5,0.5,0,0,0,86293,1158.8425480629946,49999,302.3019460389208,167,13551,467,569,49999
70,run,10000,true,uniform,UPDATE,192247,823391498,375023607,368288418,28484930,10504662,27956284,0,34,6275072,334,13142,1118858692,22465642,661764528,573471931,336817411,8127552,6973036040570,8282440493,1083987550,22490478,0.5,0.5,0,0,0,86293,1158.8425480629946,50001,1408.5083898322034,387,114303,1616,2115,50001
70,reference,10000,true,uniform,READ,1102249,269346233,109198142,107792623,9524371,3501184,9019427,0,0,0,334,13145,1119199174,22465642,661765936,573555716,336891572,8127592,6974747459403,8283633060,1084298516,22490478,0.5,0.5,0,0,0,92004,1086.9092648145734,49943,323.8139479006067,181,12943,489,602,49943
70,reference,10000,true,uniform,UPDATE,1102249,269346233,109198142,107792623,9524371,3501184,9019427,0,0,0,334,13145,1119199174,22465642,661765936,573555716,336891572,8127592,6974747459403,8283633060,1084298516,22490478,0.5,0.5,0,0,0,92004,1086.9092648145734,50057,1500.0294863855206,430,79423,1848,3263,50057
70,clean-run,10000,true,uniform,READ,54,6353709,2863215,2851069,759544,49974,249715,0,0,0,334,13150,1119612948,22465642,661924942,573714550,336997683,8128388,6977381010097,8286211965,1084597448,22559482,0.5,0.5,0,0,0,89912,1112.198594180977,50027,293.56881284106584,154,19343,464,563,50027
70,clean-run,10000,true,uniform,UPDATE,54,6353709,2863215,2851069,759544,49974,249715,0,0,0,334,13150,1119612948,22465642,661924942,573714550,336997683,8128388,6977381010097,8286211965,1084597448,22559482,0.5,0.5,0,0,0,89912,1112.198594180977,49973,1490.7460828847577,383,828927,1687,2449,49973
70,avg-run,10000,true,uniform,READ,130,12922415,5749065,5704790,1519348,99960,499519,0,0,0,334,13154,1119838317,22465642,662077443,573867085,337097597,8133018,6979511038930,8288478440,1084714572,22559482,0.5,0.5,0,0,0,82935,1205.7635497678905,50040,303.81141087130294,155,18575,474,565,50040
70,avg-run,10000,true,uniform,UPDATE,130,12922415,5749065,5704790,1519348,99960,499519,0,0,0,334,13154,1119838317,22465642,662077443,573867085,337097597,8133018,6979511038930,8288478440,1084714572,22559482,0.5,0.5,0,0,0,82935,1205.7635497678905,49960,1341.3282826261009,400,42559,1688,2081,49960
71,extend,10000,true,uniform,EXTEND,192579,833837655,381275001,374490389,28984760,10604695,28456025,0,34,6275072,334,13158,1120260301,22465642,662092576,573882223,337253963,8133098,6982113943576,8290797162,1085058541,22559482,0,0,0,0,1,169924,588.4983875144183,100000,1690.94279,627,25119,2053,2493,100000
71,run,10000,true,uniform,READ,192971,839171974,384674335,377847174,29234084,10654606,28705316,0,34,6275072,334,13162,1120614299,22465643,662260585,574050624,337337993,8140841,6984312452490,8293022327,1085199835,22591996,0.5,0.5,0,0,0,88659,1127.9170755366065,50131,322.45143723444573,141,10439,477,578,50131
71,run,10000,true,uniform,UPDATE,192971,839171974,384674335,377847174,29234084,10654606,28705316,0,34,6275072,334,13162,1120614299,22465643,662260585,574050624,337337993,8140841,6984312452490,8293022327,1085199835,22591996,0.5,0.5,0,0,0,88659,1127.9170755366065,49869,1438.2892779081192,371,150527,1647,2171,49869
71,reference,10000,true,uniform,READ,1257543,274388812,112058525,110633686,9774110,3551173,9267179,0,0,0,334,13165,1120960890,22465643,662262701,574191213,337413778,8140887,6986040113891,8294211562,1085510446,22591996,0.5,0.5,0,0,0,92896,1076.4726145366863,50044,326.7228838622013,166,27615,489,604,50044
71,reference,10000,true,uniform,UPDATE,1257543,274388812,112058525,110633686,9774110,3551173,9267179,0,0,0,334,13165,1120960890,22465643,662262701,574191213,337413778,8140887,6986040113891,8294211562,1085510446,22591996,0.5,0.5,0,0,0,92896,1076.4726145366863,49956,1517.2851309152054,399,72575,1849,3377,49956
71,clean-run,10000,true,uniform,READ,54,6348872,2880532,2868383,757809,49603,247922,0,0,0,334,13170,1121372630,22465643,662423123,574351985,337522226,8141741,6988686132336,8296762073,1085803183,22668931,0.5,0.5,0,0,0,89790,1113.7097672346586,50398,304.0782372316362,160,10687,467,563,50398
71,clean-run,10000,true,uniform,UPDATE,54,6348872,2880532,2868383,757809,49603,247922,0,0,0,334,13170,1121372630,22465643,662423123,574351985,337522226,8141741,6988686132336,8296762073,1085803183,22668931,0.5,0.5,0,0,0,89790,1113.7097672346586,49602,1486.2756340470141,390,731647,1696,2833,49602
71,avg-run,10000,true,uniform,READ,56,12878906,5765602,5721339,1517698,99606,497811,0,0,0,334,13174,1121618751,22465643,662581017,574509860,337622395,8146345,6990875079628,8299027063,1085929424,22668931,0.5,0.5,0,0,0,83301,1200.4657807229205,50023,302.3067788817144,145,12431,464,555,50023
71,avg-run,10000,true,uniform,UPDATE,56,12878906,5765602,5721339,1517698,99606,497811,0,0,0,334,13174,1121618751,22465643,662581017,574509860,337622395,8146345,6990875079628,8299027063,1085929424,22668931,0.5,0.5,0,0,0,83301,1200.4657807229205,49977,1349.4935470316345,394,59935,1673,2071,49977
72,extend,10000,true,uniform,EXTEND,193345,849323346,390926979,384050394,29734003,10754639,29205183,0,34,6275072,334,13179,1122081608,22465643,662619475,574548323,337776188,8146433,6993581910643,8301288728,1086278109,22668931,0,0,0,0,1,169799,588.9316191497005,100000,1690.28182,624,29231,2055,2485,100000
72,run,10000,true,uniform,READ,193771,854824739,394317253,387398134,29984414,10804763,29455579,0,34,6275072,334,13182,1122451703,22465645,662788706,574717952,337850888,8152846,6995863897719,8303566741,1086444737,22707205,0.5,0.5,0,0,0,85436,1170.4667821527225,49918,308.433691253656,174,20831,472,575,49918
72,run,10000,true,uniform,UPDATE,193771,854824739,394317253,387398134,29984414,10804763,29455579,0,34,6275072,334,13182,1122451703,22465645,662788706,574717952,337850888,8152846,6995863897719,8303566741,1086444737,22707205,0.5,0.5,0,0,0,85436,1170.4667821527225,50082,1383.4953875643944,391,74495,1663,2161,50082
72,reference,10000,true,uniform,READ,1445986,279387709,114921299,113477338,10024561,3601301,9516404,0,0,0,334,13186,1122773627,22466907,662791854,574888470,337953822,8152987,6997553604517,8304754147,1086720737,22707205,0.5,0.5,0,0,0,89970,1111.4816049794376,49905,338.4046688708546,175,19695,498,611,49905
72,reference,10000,true,uniform,UPDATE,1445986,279387709,114921299,113477338,10024561,3601301,9516404,0,0,0,334,13186,1122773627,22466907,662791854,574888470,337953822,8152987,6997553604517,8304754147,1086720737,22707205,0.5,0.5,0,0,0,89970,1111.4816049794376,50095,1444.5492963369597,447,9951,1830,2231,50095
72,clean-run,10000,true,uniform,READ,53,6335154,2855890,2843724,760711,50160,250757,0,0,0,334,13191,1123255897,22466907,662955890,575046665,338045063,8153706,7000271692479,8307309520,1087021618,22758067,0.5,0.5,0,0,0,90833,1100.9214712714543,49841,310.0589675167031,157,13463,475,567,49841
72,clean-run,10000,true,uniform,UPDATE,53,6335154,2855890,2843724,760711,50160,250757,0,0,0,334,13191,1123255897,22466907,662955890,575046665,338045063,8153706,7000271692479,8307309520,1087021618,22758067,0.5,0.5,0,0,0,90833,1100.9214712714543,50159,1487.7192527761717,407,579583,1750,2405,50159
72,avg-run,10000,true,uniform,READ,55,12807619,5739507,5695195,1520765,100196,500811,0,0,0,334,13195,1123491143,22466907,663111928,575202683,338145654,8157464,7002481391041,8309551928,1087143769,22758067,0.5,0.5,0,0,0,84380,1185.1149561507466,49990,306.0519903980796,169,21311,469,564,49990
72,avg-run,10000,true,uniform,UPDATE,55,12807619,5739507,5695195,1520765,100196,500811,0,0,0,334,13195,1123491143,22466907,663111928,575202683,338145654,8157464,7002481391041,8309551928,1087143769,22758067,0.5,0.5,0,0,0,84380,1185.1149561507466,50010,1366.8801639672065,406,76287,1681,2075,50010
73,extend,10000,true,uniform,EXTEND,194152,865449980,400571574,393602144,30484335,10904818,29955482,0,34,6275072,334,13200,1123948586,22467384,663145317,575236078,338297630,8157667,7005380384296,8312033047,1087560912,22758067,0,0,0,0,1,173714,575.6588415441473,100000,1729.03983,610,22943,2185,2597,100000
73,run,10000,true,uniform,READ,194560,870589548,403961610,396950506,30734699,10954918,30205848,0,34,6275072,334,13204,1124330374,22467385,663322479,575413641,338401850,8166493,7007623401830,8314141136,1087670569,22796172,0.5,0.5,0,0,0,91164,1096.9242244745733,49931,314.67024493801443,165,20175,477,578,49931
73,run,10000,true,uniform,UPDATE,194560,870589548,403961610,396950506,30734699,10954918,30205848,0,34,6275072,334,13204,1124330374,22467385,663322479,575413641,338401850,8166493,7007623401830,8314141136,1087670569,22796172,0.5,0.5,0,0,0,91164,1096.9242244745733,50069,1492.663724060796,380,122559,1695,2199,50069
73,reference,10000,true,uniform,READ,1628097,284385643,117795028,116332059,10274370,3651287,9765472,0,0,0,334,13207,1124662797,22468180,663330525,575578483,338478666,8166616,7009266786157,8315313930,1087928227,22796172,0.5,0.5,0,0,0,89503,1117.2809849949165,50036,327.6056039651451,168,10183,493,599,50036
73,reference,10000,true,uniform,UPDATE,1628097,284385643,117795028,116332059,10274370,3651287,9765472,0,0,0,334,13207,1124662797,22468180,663330525,575578483,338478666,8166616,7009266786157,8315313930,1087928227,22796172,0.5,0.5,0,0,0,89503,1117.2809849949165,49964,1447.85873829157,431,13343,1832,2201,49964
73,clean-run,10000,true,uniform,READ,54,6321789,2872276,2860116,758912,49798,248951,0,0,0,334,13212,1125054237,22468180,663497782,575744636,338587909,8168376,7011949499869,8317832610,1088207844,22830371,0.5,0.5,0,0,0,90731,1102.159129735151,50203,302.2735493894787,151,20447,466,568,50203
73,clean-run,10000,true,uniform,UPDATE,54,6321789,2872276,2860116,758912,49798,248951,0,0,0,334,13212,1125054237,22468180,663497782,575744636,338587909,8168376,7011949499869,8317832610,1088207844,22830371,0.5,0.5,0,0,0,90731,1102.159129735151,49797,1502.296523886981,391,162175,1728,3149,49797
73,avg-run,10000,true,uniform,READ,163,12829683,5763102,5718832,1518161,99673,498200,0,0,0,334,13216,1125302299,22468180,663655592,575902535,338684683,8172508,7014203602095,8320085985,1088332541,22830371,0.5,0.5,0,0,0,84443,1184.2307828949706,50151,311.54615062511215,169,19727,471,563,50151
73,avg-run,10000,true,uniform,UPDATE,163,12829683,5763102,5718832,1518161,99673,498200,0,0,0,334,13216,1125302299,22468180,663655592,575902535,338684683,8172508,7014203602095,8320085985,1088332541,22830371,0.5,0.5,0,0,0,84443,1184.2307828949706,49849,1366.4887159220848,387,71039,1686,2059,49849
74,extend,10000,true,uniform,EXTEND,194941,881615726,410216246,403154828,31234667,11054973,30705800,0,34,6275072,334,13221,1125772668,22468180,663660766,575907717,338832804,8172575,7017189655313,8322687282,1088754932,22830371,0,0,0,0,1,174078,574.4551293098496,100000,1732.51112,634,28447,2093,2505,100000
74,run,10000,true,uniform,READ,195352,886733819,413604144,406501051,31485301,11105124,30956403,0,34,6275072,334,13225,1126145524,22468181,663838406,576085781,338932654,8180332,7019447799129,8324815994,1088872910,22864186,0.5,0.5,0,0,0,88179,1134.056861611041,49880,315.4892943063352,154,21343,474,576,49880
74,run,10000,true,uniform,UPDATE,195352,886733819,413604144,406501051,31485301,11105124,30956403,0,34,6275072,334,13225,1126145524,22468181,663838406,576085781,338932654,8180332,7019447799129,8324815994,1088872910,22864186,0.5,0.5,0,0,0,88179,1134.056861611041,50120,1430.470530726257,401,120383,1681,2281,50120
74,reference,10000,true,uniform,READ,1805462,289393839,120672252,119190787,10524146,3701281,10014817,0,0,0,334,13228,1126490438,22471042,663856175,576242035,339028370,8180478,7021188279703,8326007755,1089162753,22864186,0.5,0.5,0,0,0,93239,1072.5125752099443,50039,331.7822898139451,187,22335,497,609,50039
74,reference,10000,true,uniform,UPDATE,1805462,289393839,120672252,119190787,10524146,3701281,10014817,0,0,0,334,13228,1126490438,22471042,663856175,576242035,339028370,8180478,7021188279703,8326007755,1089162753,22864186,0.5,0.5,0,0,0,93239,1072.5125752099443,49961,1519.005644402634,410,26031,1924,2639,49961
74,clean-run,10000,true,uniform,READ,67,6273371,2854870,2842723,760929,50188,250905,0,0,0,334,13233,1126903151,22471045,664043631,576422788,339124048,8181898,7023934730178,8328603823,1089473613,22865705,0.5,0.5,0,0,0,92761,1078.0392621899289,49813,321.86537650814046,159,21599,483,587,49813
74,clean-run,10000,true,uniform,UPDATE,67,6273371,2854870,2842723,760929,50188,250905,0,0,0,334,13233,1126903151,22471045,664043631,576422788,339124048,8181898,7023934730178,8328603823,1089473613,22865705,0.5,0.5,0,0,0,92761,1078.0392621899289,50187,1513.4749636360013,394,397567,1694,2743,50187
74,avg-run,10000,true,uniform,READ,158,12722151,5735395,5691134,1521323,100292,501299,0,0,0,334,13237,1127191246,22471045,664221451,576600679,339225887,8186973,7026174627169,8330873039,1089604814,22865705,0.5,0.5,0,0,0,84047,1189.8104631932133,49922,311.2349064540683,174,8575,478,570,49922
74,avg-run,10000,true,uniform,UPDATE,158,12722151,5735395,5691134,1521323,100292,501299,0,0,0,334,13237,1127191246,22471045,664221451,576600679,339225887,8186973,7026174627169,8330873039,1089604814,22865705,0.5,0.5,0,0,0,84047,1189.8104631932133,50078,1352.7640880226845,392,32047,1654,2033,50078
75,extend,10000,true,uniform,EXTEND,203045,897832817,419859314,412705907,31985305,11205179,31456374,0,34,6275072,334,13242,1127677819,22471076,664227171,576612053,339394997,8187068,7029212167421,8333454046,1090031303,22865705,0,0,0,0,1,175340,570.3205201323144,100000,1745.4502,643,28719,2117,2535,100000
75,run,10000,true,uniform,READ,203566,902923773,423241772,416046694,32236625,11255505,31707719,0,34,6275072,334,13246,1128047409,22471077,664406653,576792027,339473241,8194958,7031472754671,8335602207,1090148949,22891199,0.5,0.5,0,0,0,87133,1147.6708021071236,49738,323.9509027303068,171,21887,482,581,49738
75,run,10000,true,uniform,UPDATE,203566,902923773,423241772,416046694,32236625,11255505,31707719,0,34,6275072,334,13246,1128047409,22471077,664406653,576792027,339473241,8194958,7031472754671,8335602207,1090148949,22891199,0.5,0.5,0,0,0,87133,1147.6708021071236,50262,1397.5829055747881,411,114239,1657,2287,50262
75,reference,10000,true,uniform,READ,2034542,294388871,123555840,122055764,10773467,3751180,10263881,0,0,0,334,13249,1128373593,22474889,664418337,576990355,339550335,8195054,7033143636262,8336778217,1090406887,22891199,0.5,0.5,0,0,0,90392,1106.2925922648021,50134,333.98316511748516,185,11647,493,615,50134
75,reference,10000,true,uniform,UPDATE,2034542,294388871,123555840,122055764,10773467,3751180,10263881,0,0,0,334,13249,1128373593,22474889,664418337,576990355,339550335,8195054,7033143636262,8336778217,1090406887,22891199,0.5,0.5,0,0,0,90392,1106.2925922648021,49866,1462.7949304135082,437,11743,1836,2237,49866
75,clean-run,10000,true,uniform,READ,95,6272191,2868635,2856472,759412,49883,249400,0,0,0,334,13254,1128818945,22474895,664607168,577173423,339662139,8199022,7035921626663,8339364077,1090723030,22906526,0.5,0.5,0,0,0,91598,1091.726893600297,50118,313.3443672931881,168,13503,476,574,50118
75,clean-run,10000,true,uniform,UPDATE,95,6272191,2868635,2856472,759412,49883,249400,0,0,0,334,13254,1128818945,22474895,664607168,577173423,339662139,8199022,7035921626663,8339364077,1090723030,22906526,0.5,0.5,0,0,0,91598,1091.726893600297,49882,1506.7090734132553,397,477183,1697,3025,49882
75,avg-run,10000,true,uniform,READ,186,12764528,5761619,5717348,1518421,99710,498409,0,0,0,334,13258,1129108306,22474895,664783970,577350295,339759669,8204047,7038183490786,8341645664,1090855898,22906526,0.5,0.5,0,0,0,84166,1188.1282227978043,50199,305.97625450706187,164,13319,467,561,50199
75,avg-run,10000,true,uniform,UPDATE,186,12764528,5761619,5717348,1518421,99710,498409,0,0,0,334,13258,1129108306,22474895,664783970,577350295,339759669,8204047,7038183490786,8341645664,1090855898,22906526,0.5,0.5,0,0,0,84166,1188.1282227978043,49801,1366.8955241862614,402,97471,1673,2051,49801
76,extend,10000,true,uniform,EXTEND,243250,914018118,429498088,422252632,32736736,11355560,32207726,0,34,6275072,334,13264,1129589393,22475248,664794200,577381610,339929319,8204192,7041282816080,8344216475,1091289790,22906526,0,0,0,0,1,177182,564.3914167353342,100000,1763.55752,638,26255,2097,2531,100000
76,run,10000,true,uniform,READ,243727,919106655,432887272,425600077,32987515,11405771,32458524,0,34,6275072,334,13267,1129974689,22475248,664974025,577561923,340009766,8212578,7043573251077,8346373146,1091409851,22932282,0.5,0.5,0,0,0,85626,1167.8695723261626,49853,332.53699877640264,176,22399,490,587,49853
76,run,10000,true,uniform,UPDATE,243727,919106655,432887272,425600077,32987515,11405771,32458524,0,34,6275072,334,13267,1129974689,22475248,664974025,577561923,340009766,8212578,7043573251077,8346373146,1091409851,22932282,0.5,0.5,0,0,0,85626,1167.8695723261626,50147,1361.5056334376932,403,121151,1663,2347,50147
76,reference,10000,true,uniform,READ,2269962,299406476,126432287,124913505,11023663,3801258,10513945,0,0,0,334,13270,1130305145,22481646,664986275,577769020,340086169,8212673,7045280230743,8347549192,1091673848,22932282,0.5,0.5,0,0,0,90855,1100.6548896593474,49955,340.27360624562107,180,11951,502,612,49955
76,reference,10000,true,uniform,UPDATE,2269962,299406476,126432287,124913505,11023663,3801258,10513945,0,0,0,334,13270,1130305145,22481646,664986275,577769020,340086169,8212673,7045280230743,8347549192,1091673848,22932282,0.5,0.5,0,0,0,90855,1100.6548896593474,50045,1461.6131281846338,420,10639,1852,2259,50045
76,clean-run,10000,true,uniform,READ,83,6273610,2871679,2859528,759182,49823,249114,0,0,0,334,13275,1130734372,22481648,665174430,577952238,340197037,8217111,7048052292300,8350120594,1091979953,22934934,0.5,0.5,0,0,0,87508,1142.752662613704,50178,303.292478775559,147,25375,469,564,50178
76,clean-run,10000,true,uniform,UPDATE,83,6273610,2871679,2859528,759182,49823,249114,0,0,0,334,13275,1130734372,22481648,665174430,577952238,340197037,8217111,7048052292300,8350120594,1091979953,22934934,0.5,0.5,0,0,0,87508,1142.752662613704,49822,1435.9720806069608,412,244607,1700,3263,49822
76,avg-run,10000,true,uniform,READ,174,12751635,5758633,5714374,1518861,99784,498793,0,0,0,334,13279,1131030471,22481648,665349027,578126904,340295490,8221857,7050353050976,8352395738,1092114158,22934934,0.5,0.5,0,0,0,86260,1159.2858798979828,50065,327.10052931189455,165,24415,480,573,50065
76,avg-run,10000,true,uniform,UPDATE,174,12751635,5758633,5714374,1518861,99784,498793,0,0,0,334,13279,1131030471,22481648,665349027,578126904,340295490,8221857,7050353050976,8352395738,1092114158,22934934,0.5,0.5,0,0,0,86260,1159.2858798979828,49935,1384.2995093621707,404,88703,1703,2107,49935
77,extend,10000,true,uniform,EXTEND,280275,929801032,439144938,431807422,33488110,11505826,32958736,0,34,6275072,334,13284,1131499198,22482812,665394058,578197310,340469138,8222526,7053339663481,8354911105,1092556608,22934934,0,0,0,0,1,174233,573.9440863671061,100000,1734.1895,611,198143,2119,2561,100000
77,run,10000,true,uniform,READ,280738,934882270,442535293,435156116,33738749,11555980,33209561,0,34,6275072,334,13288,1131879969,22482812,665573159,578376869,340545300,8230697,7055676151861,8357073970,1092681335,22956431,0.5,0.5,0,0,0,86463,1156.564079432821,49877,326.3818794233815,178,12335,488,593,49877
77,run,10000,true,uniform,UPDATE,280738,934882270,442535293,435156116,33738749,11555980,33209561,0,34,6275072,334,13288,1131879969,22482812,665573159,578376869,340545300,8230697,7055676151861,8357073970,1092681335,22956431,0.5,0.5,0,0,0,86463,1156.564079432821,50123,1385.6819424216428,401,117695,1684,2303,50123
77,reference,10000,true,uniform,READ,2526580,304411172,129298786,127761294,11275022,3851558,10765220,0,0,0,334,13291,1132217484,22489320,665586193,578606620,340643311,8232964,7057402936357,8358251652,1092944600,22956431,0.5,0.5,0,0,0,94652,1056.5017115327728,49722,347.2259160934797,177,10527,508,621,49722
77,reference,10000,true,uniform,UPDATE,2526580,304411172,129298786,127761294,11275022,3851558,10765220,0,0,0,334,13291,1132217484,22489320,665586193,578606620,340643311,8232964,7057402936357,8358251652,1092944600,22956431,0.5,0.5,0,0,0,94652,1056.5017115327728,50278,1524.0077767612077,421,167551,1895,2311,50278
77,clean-run,10000,true,uniform,READ,93,6264887,2857881,2845723,760989,50147,250830,0,0,0,334,13296,1132643824,22489329,665773360,578790402,340737332,8233876,7060200725160,8360820692,1093244379,22978980,0.5,0.5,0,0,0,92702,1078.7253780932451,49854,301.8076784209893,158,19679,468,571,49854
77,clean-run,10000,true,uniform,UPDATE,93,6264887,2857881,2845723,760989,50147,250830,0,0,0,334,13296,1132643824,22489329,665773360,578790402,340737332,8233876,7060200725160,8360820692,1093244379,22978980,0.5,0.5,0,0,0,92702,1078.7253780932451,50146,1533.6788577354125,393,409087,1721,3555,50146
77,avg-run,10000,true,uniform,READ,184,12731697,5741912,5697644,1520993,100173,500834,0,0,0,334,13300,1132955597,22489329,665950978,578968090,340834086,8238055,7062555136755,8363101183,1093398062,22978980,0.5,0.5,0,0,0,82812,1207.554460706178,50000,300.6444,172,21631,470,563,50000
77,avg-run,10000,true,uniform,UPDATE,184,12731697,5741912,5697644,1520993,100173,500834,0,0,0,334,13300,1132955597,22489329,665950978,578968090,340834086,8238055,7062555136755,8363101183,1093398062,22978980,0.5,0.5,0,0,0,82812,1207.554460706178,50000,1341.4799,393,73087,1701,2335,50000
78,extend,10000,true,uniform,EXTEND,322851,945549871,448798605,441369898,34240651,11656024,33710266,0,34,6275072,334,13306,1133440775,22489633,665965363,579004558,340995953,8238221,7065638072975,8365461526,1093808591,22978980,0,0,0,0,1,173790,575.4071005236204,100000,1729.8084,584,25679,2129,2579,100000
78,run,10000,true,uniform,READ,323283,950998760,452195796,444724563,34491242,11706179,33961443,0,34,6275072,334,13310,1133826553,22489636,666146546,579186115,341092377,8247466,7068102396062,8367762945,1093979815,23002883,0.5,0.5,0,0,0,91867,1088.53015772802,49887,316.87599975945636,174,11015,478,585,49887
78,run,10000,true,uniform,UPDATE,323283,950998760,452195796,444724563,34491242,11706179,33961443,0,34,6275072,334,13310,1133826553,22489636,666146546,579186115,341092377,8247466,7068102396062,8367762945,1093979815,23002883,0.5,0.5,0,0,0,91867,1088.53015772802,50113,1503.299283619021,400,132607,1673,2275,50113
78,reference,10000,true,uniform,READ,2769448,309451778,132170640,130614592,11525826,3901745,11015931,0,0,0,334,13314,1134185230,22497354,666164343,579401925,341184861,8249915,7069880245417,8368924328,1094256719,23002883,0.5,0.5,0,0,0,95568,1046.375355767621,49835,340.79141165847295,180,9255,506,620,49835
78,reference,10000,true,uniform,UPDATE,2769448,309451778,132170640,130614592,11525826,3901745,11015931,0,0,0,334,13314,1134185230,22497354,666164343,579401925,341184861,8249915,7069880245417,8368924328,1094256719,23002883,0.5,0.5,0,0,0,95568,1046.375355767621,50165,1551.356583275192,466,755711,1949,2363,50165
78,clean-run,10000,true,uniform,READ,83,6271715,2871612,2859469,760415,49905,249850,0,0,0,334,13319,1134585433,22497354,666351624,579587867,341280454,8250745,7072714123455,8371484407,1094561572,23067863,0.5,0.5,0,0,0,94418,1059.1200830350144,50096,303.2607393803897,158,22191,467,577,50096
78,clean-run,10000,true,uniform,UPDATE,83,6271715,2871612,2859469,760415,49905,249850,0,0,0,334,13319,1134585433,22497354,666351624,579587867,341280454,8250745,7072714123455,8371484407,1094561572,23067863,0.5,0.5,0,0,0,94418,1059.1200830350144,49904,1572.821577428663,399,483071,1688,2317,49904
78,avg-run,10000,true,uniform,READ,174,12765330,5749254,5704999,1521129,100073,500564,0,0,0,334,13323,1134895215,22497354,666527945,579764258,341375935,8255316,7075095606110,8373773466,1094705654,23067863,0.5,0.5,0,0,0,85253,1172.9792499970677,49858,316.8148140719644,174,23183,476,567,49858
78,avg-run,10000,true,uniform,UPDATE,174,12765330,5749254,5704999,1521129,100073,500564,0,0,0,334,13323,1134895215,22497354,666527945,579764258,341375935,8255316,7075095606110,8373773466,1094705654,23067863,0.5,0.5,0,0,0,85253,1172.9792499970677,50142,1370.315882892585,395,69823,1686,2141,50142
79,extend,10000,true,uniform,EXTEND,367337,961193482,458478493,450956927,34997599,11806234,34463781,0,34,6275072,334,13329,1135358972,22501394,666565079,579825468,341555559,8255991,7078134759165,8376050291,1095107227,23067863,0,0,0,0,1,191156,523.1329385423423,100000,1903.53504,663,24287,2417,2761,100000
79,run,10000,true,uniform,READ,367789,966367526,461902983,454338880,35247220,11856193,34715334,0,34,6275072,334,13332,1135734497,22501397,666743777,580004664,341635088,8264650,7080603207210,8378296708,1095279521,23085419,0.5,0.5,0,0,0,80950,1235.3304508956146,50083,317.90755346125434,171,13567,480,579,50083
79,run,10000,true,uniform,UPDATE,367789,966367526,461902983,454338880,35247220,11856193,34715334,0,34,6275072,334,13332,1135734497,22501397,666743777,580004664,341635088,8264650,7080603207210,8378296708,1095279521,23085419,0.5,0.5,0,0,0,80950,1235.3304508956146,49917,1287.6378989121943,382,130495,1662,2323,49917
79,reference,10000,true,uniform,READ,3078786,314992544,135056587,133480377,11775344,3951697,11265406,0,0,0,334,13336,1136032736,22508557,666778066,580221804,341731729,8268790,7082521232400,8379550982,1095598626,23085419,0.5,0.5,0,0,0,97171,1029.113624435274,50092,356.1289028188134,170,21951,516,636,50092
79,reference,10000,true,uniform,UPDATE,3078786,314992544,135056587,133480377,11775344,3951697,11265406,0,0,0,334,13336,1136032736,22508557,666778066,580221804,341731729,8268790,7082521232400,8379550982,1095598626,23085419,0.5,0.5,0,0,0,97171,1029.113624435274,49908,1574.1994469824476,481,636415,1905,2463,49908
79,clean-run,10000,true,uniform,READ,67,6295522,2888829,2876676,761547,49721,249763,0,0,0,334,13341,1136395204,22508557,666951711,580397712,341821731,8273251,7084978875879,8381775396,1095749896,23153511,0.5,0.5,0,0,0,94428,1059.007921379252,50280,318.29079156722355,163,11391,479,572,50280
79,clean-run,10000,true,uniform,UPDATE,67,6295522,2888829,2876676,761547,49721,249763,0,0,0,334,13341,1136395204,22508557,666951711,580397712,341821731,8273251,7084978875879,8381775396,1095749896,23153511,0.5,0.5,0,0,0,94428,1059.007921379252,49720,1561.4036202735317,394,116287,1712,2197,49720
79,avg-run,10000,true,uniform,READ,174,12683860,5775048,5730787,1521306,99698,499522,0,0,0,334,13345,1136692349,22508557,667124357,580570443,341917596,8277253,7087375403021,8384020932,1095887227,23153511,0.5,0.5,0,0,0,85859,1164.70026438696,50049,306.9611580650962,156,24591,474,564,50049
79,avg-run,10000,true,uniform,UPDATE,174,12683860,5775048,5730787,1521306,99698,499522,0,0,0,334,13345,1136692349,22508557,667124357,580570443,341917596,8277253,7087375403021,8384020932,1095887227,23153511,0.5,0.5,0,0,0,85859,1164.70026438696,49951,1396.477267722368,382,69695,1697,2155,49951
80,extend,10000,true,uniform,EXTEND,425030,976177846,468246667,460633108,35767013,11956226,35223015,0,34,6275072,334,13351,1137147578,22508994,667204274,580633071,342099478,8281213,7090362897461,8386364872,1096269900,23153511,0,0,0,0,1,189831,526.7843502905216,100000,1890.56945,610,312575,2403,2793,100000
80,run,10000,true,uniform,READ,425541,981697431,471728068,464071972,36017939,12006200,35478790,0,34,6275072,334,13354,1137540972,22509220,667385336,580814230,342185074,8291308,7092892076871,8388701319,1096461272,23172802,0.5,0.5,0,0,0,84258,1186.8309240665574,50068,331.84017735879206,162,12103,486,581,50068
80,run,10000,true,uniform,UPDATE,425541,981697431,471728068,464071972,36017939,12006200,35478790,0,34,6275072,334,13354,1137540972,22509220,667385336,580814230,342185074,8291308,7092892076871,8388701319,1096461272,23172802,0.5,0.5,0,0,0,84258,1186.8309240665574,49932,1340.1423736281342,394,95423,1756,2323,49932
80,reference,10000,true,uniform,READ,3279752,319434020,137925256,136327293,12028127,4001989,11517080,0,0,0,334,13357,1137854955,22510477,667426157,581040661,342284427,8292121,7094580786522,8389886583,1096700229,23172802,0.5,0.5,0,0,0,91158,1096.9964237916583,49708,340.73418765591055,176,24927,507,621,49708
80,reference,10000,true,uniform,UPDATE,3279752,319434020,137925256,136327293,12028127,4001989,11517080,0,0,0,334,13357,1137854955,22510477,667426157,581040661,342284427,8292121,7094580786522,8389886583,1096700229,23172802,0.5,0.5,0,0,0,91158,1096.9964237916583,50292,1461.3498966038337,429,63583,1894,2341,50292
80,clean-run,10000,true,uniform,READ,447,6329905,2907163,2895026,771939,50077,254726,0,0,0,334,13362,1138332964,22513105,667611586,581216776,342377930,8294031,7097517138521,8392520021,1097031249,23189678,0.5,0.5,0,0,0,89999,1111.1234569272992,49924,317.779504847368,152,22895,482,583,49924
80,clean-run,10000,true,uniform,UPDATE,447,6329905,2907163,2895026,771939,50077,254726,0,0,0,334,13362,1138332964,22513105,667611586,581216776,342377930,8294031,7097517138521,8392520021,1097031249,23189678,0.5,0.5,0,0,0,89999,1111.1234569272992,50076,1464.6028037383178,395,369663,1754,2917,50076
80,avg-run,10000,true,uniform,READ,543,12713663,5777105,5732817,1533513,100417,506300,0,0,0,334,13366,1138639744,22513105,667782429,581387704,342503752,8297623,7099940516312,8394768371,1097170835,23189678,0.5,0.5,0,0,0,89118,1122.1077672299648,49686,332.76582940868656,170,11559,488,583,49686
80,avg-run,10000,true,uniform,UPDATE,543,12713663,5777105,5732817,1533513,100417,506300,0,0,0,334,13366,1138639744,22513105,667782429,581387704,342503752,8297623,7099940516312,8394768371,1097170835,23189678,0.5,0.5,0,0,0,89118,1122.1077672299648,50314,1427.6497396350917,401,80511,1715,2283,50314
81,extend,10000,true,uniform,EXTEND,442428,992110747,478259640,470553204,36569910,12106255,36002820,0,34,6275072,334,13372,1139205257,22514547,667831410,581443569,342636745,8298039,7103193373398,8397368133,1097638335,23189678,0,0,0,0,1,176903,565.2815384702351,100000,1760.85598,604,24207,2155,2599,100000
81,run,10000,true,uniform,READ,442931,997334249,481918768,474170663,36849890,12156393,36274869,0,34,6275072,334,13376,1139522829,22514631,668034179,581646885,342740047,8306528,7105558135199,8399651857,1097744122,23202626,0.5,0.5,0,0,0,91127,1097.3696050566791,49882,338.15875466099993,169,24463,493,598,49882
81,run,10000,true,uniform,UPDATE,442931,997334249,481918768,474170663,36849890,12156393,36274869,0,34,6275072,334,13376,1139522829,22514631,668034179,581646885,342740047,8306528,7105558135199,8399651857,1097744122,23202626,0.5,0.5,0,0,0,91127,1097.3696050566791,50118,1466.2876212139352,389,235519,1704,2245,50118
81,reference,10000,true,uniform,READ,3531299,324552928,140883574,139267159,12307097,4051916,11773323,0,0,0,334,13380,1139914246,22515818,668055484,581869066,342831963,8309093,7107672577008,8401197882,1098183420,23202626,0.5,0.5,0,0,0,94022,1063.580864053094,50095,336.08226369897193,167,16783,501,619,50095
81,reference,10000,true,uniform,UPDATE,3531299,324552928,140883574,139267159,12307097,4051916,11773323,0,0,0,334,13380,1139914246,22515818,668055484,581869066,342831963,8309093,7107672577008,8401197882,1098183420,23202626,0.5,0.5,0,0,0,94022,1063.580864053094,49905,1531.2930367698627,451,40255,1929,2371,49905
81,clean-run,10000,true,uniform,READ,397,6577928,3132146,3119986,835607,50004,274421,0,0,0,334,13385,1140318082,22515882,668234361,582050501,342924258,8309928,7110141771982,8403599830,1098326795,23265288,0.5,0.5,0,0,0,92793,1077.667496470639,49997,325.6978018681121,172,19375,487,586,49997
81,clean-run,10000,true,uniform,UPDATE,397,6577928,3132146,3119986,835607,50004,274421,0,0,0,334,13385,1140318082,22515882,668234361,582050501,342924258,8309928,7110141771982,8403599830,1098326795,23265288,0.5,0.5,0,0,0,92793,1077.667496470639,50003,1514.4425934443934,409,117631,1717,2227,50003
81,avg-run,10000,true,uniform,READ,480,12975107,6009185,5964932,1596386,100185,525200,0,0,0,334,13389,1140624262,22515882,668406740,582222951,343044490,8313960,7112592018825,8405851675,1098470981,23265288,0.5,0.5,0,0,0,84951,1177.149180115596,49845,322.4592637175243,173,22415,477,573,49845
81,avg-run,10000,true,uniform,UPDATE,480,12975107,6009185,5964932,1596386,100185,525200,0,0,0,334,13389,1140624262,22515882,668406740,582222951,343044490,8313960,7112592018825,8405851675,1098470981,23265288,0.5,0.5,0,0,0,84951,1177.149180115596,50155,1358.2869305154022,391,106111,1706,2337,50155
82,extend,10000,true,uniform,EXTEND,549531,1007882938,488869835,481071389,37432866,12256437,36834265,0,34,6275072,334,13395,1141091346,22515883,668458919,582338989,343191129,8316007,7115625029690,8408344939,1098865080,23265288,0,0,0,0,1,182736,547.2375448734787,100000,1819.1019,653,42911,2281,2643,100000
82,run,10000,true,uniform,READ,550256,1013346449,492761181,484920117,37731181,12306341,37121166,0,34,6275072,334,13399,1141491941,22515894,668657525,582538325,343287930,8325932,7118119056935,8410831151,1099023526,23300303,0.5,0.5,0,0,0,88908,1124.7581769919468,50164,323.0609600510326,177,9935,487,596,50164
82,run,10000,true,uniform,UPDATE,550256,1013346449,492761181,484920117,37731181,12306341,37121166,0,34,6275072,334,13399,1141491941,22515894,668657525,582538325,343287930,8325932,7118119056935,8410831151,1099023526,23300303,0.5,0.5,0,0,0,88908,1124.7581769919468,49836,1443.1085961955214,351,149631,1686,2223,49836
82,reference,10000,true,uniform,READ,3804905,329772909,143980090,142344540,12606627,4101999,12043337,0,0,0,334,13403,1141891079,22515991,668667045,582772063,343387554,8326013,7120077932127,8412194202,1099371588,23300303,0.5,0.5,0,0,0,101289,987.2740376546318,49950,371.46724724724726,156,18431,663,768,49950
82,reference,10000,true,uniform,UPDATE,3804905,329772909,143980090,142344540,12606627,4101999,12043337,0,0,0,334,13403,1141891079,22515991,668667045,582772063,343387554,8326013,7120077932127,8412194202,1099371588,23300303,0.5,0.5,0,0,0,101289,987.2740376546318,50050,1636.9915884115885,527,14495,2113,2603,50050
82,clean-run,10000,true,uniform,READ,4764,6686205,3319538,3307326,891724,50235,293807,0,0,0,334,13409,1142466780,22519534,668934427,582981450,343494619,8331746,7122995554287,8415136631,1099726642,23338916,0.5,0.5,0,0,0,97376,1026.9470916858363,49783,309.7915352630416,165,10175,479,585,49783
82,clean-run,10000,true,uniform,UPDATE,4764,6686205,3319538,3307326,891724,50235,293807,0,0,0,334,13409,1142466780,22519534,668934427,582981450,343494619,8331746,7122995554287,8415136631,1099726642,23338916,0.5,0.5,0,0,0,97376,1026.9470916858363,50217,1616.8741063783182,390,254335,1900,9615,50217
82,avg-run,10000,true,uniform,READ,4846,13453647,6748366,6704070,1802296,100345,594379,0,0,0,334,13413,1142770692,22519534,669141716,583188754,343592418,8338206,7125300689356,8417685801,1099842085,23338916,0.5,0.5,0,0,0,85231,1173.28202179958,49905,314.255224927362,176,19247,477,578,49905
82,avg-run,10000,true,uniform,UPDATE,4846,13453647,6748366,6704070,1802296,100345,594379,0,0,0,334,13413,1142770692,22519534,669141716,583188754,343592418,8338206,7125300689356,8417685801,1099842085,23338916,0.5,0.5,0,0,0,85231,1173.28202179958,50095,1374.0261702764747,414,101951,1637,2089,50095
83,extend,10000,true,uniform,EXTEND,648227,1023995459,500040484,492149076,38325365,12406385,37706942,0,34,6275072,334,13418,1143448970,22521262,669206587,583351016,343758256,8338625,7128424501642,8420498109,1100386947,23338916,0,0,0,0,1,174246,573.9012660261928,100000,1734.73295,614,25567,2121,2679,100000
83,run,10000,true,uniform,READ,649320,1029349444,504022693,496089622,38626024,12456563,38003515,0,34,6275072,334,13422,1143878082,22521306,669429111,583574682,343832789,8349461,7130794071471,8422928913,1100492031,23372694,0.5,0.5,0,0,0,86272,1159.1246290801187,49886,343.8528845768352,186,19567,495,597,49886
83,run,10000,true,uniform,UPDATE,649320,1029349444,504022693,496089622,38626024,12456563,38003515,0,34,6275072,334,13422,1143878082,22521306,669429111,583574682,343832789,8349461,7130794071471,8422928913,1100492031,23372694,0.5,0.5,0,0,0,86272,1159.1246290801187,50114,1364.7315919703076,408,149631,1745,2301,50114
83,reference,10000,true,uniform,READ,4136870,335610092,147202004,145545332,12907392,4152168,12325843,0,0,0,334,13426,1144262006,22521306,669437390,583804325,343930421,8349644,7132829956669,8424551656,1100892490,23372694,0.5,0.5,0,0,0,92702,1078.7253780932451,49864,347.6611984598107,185,12159,504,613,49864
83,reference,10000,true,uniform,UPDATE,4136870,335610092,147202004,145545332,12907392,4152168,12325843,0,0,0,334,13426,1144262006,22521306,669437390,583804325,343930421,8349644,7132829956669,8424551656,1100892490,23372694,0.5,0.5,0,0,0,92702,1078.7253780932451,50136,1487.775590394128,479,42975,1862,2267,50136
83,clean-run,10000,true,uniform,READ,45078,6691648,3393810,3381666,902673,49859,296428,0,0,0,334,13431,1144672987,22526028,669670791,584068173,344028112,8351202,7135257777320,8427128396,1101068688,23440911,0.5,0.5,0,0,0,91905,1088.0800826940863,50149,329.9057608327185,164,24719,488,580,50149
83,clean-run,10000,true,uniform,UPDATE,45078,6691648,3393810,3381666,902673,49859,296428,0,0,0,334,13431,1144672987,22526028,669670791,584068173,344028112,8351202,7135257777320,8427128396,1101068688,23440911,0.5,0.5,0,0,0,91905,1088.0800826940863,49851,1496.3505245631984,399,499199,1669,2311,49851
83,avg-run,10000,true,uniform,READ,45163,13617311,6842522,6798275,1811045,99613,594800,0,0,0,334,13435,1145037471,22526028,669883500,584280925,344122654,8357539,7137611629836,8429736052,1101221030,23440911,0.5,0.5,0,0,0,88759,1126.6463119232978,50272,333.55840229153404,179,16831,491,586,50272
83,avg-run,10000,true,uniform,UPDATE,45163,13617311,6842522,6798275,1811045,99613,594800,0,0,0,334,13435,1145037471,22526028,669883500,584280925,344122654,8357539,7137611629836,8429736052,1101221030,23440911,0.5,0.5,0,0,0,88759,1126.6463119232978,49728,1432.6002453346202,419,103743,1675,2139,49728
84,extend,10000,true,uniform,EXTEND,747678,1040046051,511418493,503434991,39223939,12556607,38598593,0,34,6275072,334,13440,1145558955,22527216,669937145,584395950,344299765,8359781,7140533920125,8432275570,1101622865,23440911,0,0,0,0,1,177911,562.0787922050913,100000,1771.39564,670,39135,2095,2583,100000
84,run,10000,true,uniform,READ,758536,1045474807,515442281,507416166,39524196,12606720,38897477,0,34,6275072,334,13444,1145965113,22529325,670161735,584631407,344370745,8370649,7143056928791,8434849271,1101799567,23474699,0.5,0.5,0,0,0,82099,1218.0416326630045,49950,327.3947947947948,159,23663,496,594,49950
84,run,10000,true,uniform,UPDATE,758536,1045474807,515442281,507416166,39524196,12606720,38897477,0,34,6275072,334,13444,1145965113,22529325,670161735,584631407,344370745,8370649,7143056928791,8434849271,1101799567,23474699,0.5,0.5,0,0,0,82099,1218.0416326630045,50050,1298.6213786213787,384,118463,1680,2337,50050
84,reference,10000,true,uniform,READ,4415961,340956786,150509677,148833845,13207288,4202199,12614588,0,0,0,334,13448,1146355902,22529430,670189557,584861034,344462559,8373683,7145101041553,8436287560,1102162195,23474699,0.5,0.5,0,0,0,97267,1028.0979160455242,50002,353.72945082196713,184,19951,517,637,50002
84,reference,10000,true,uniform,UPDATE,4415961,340956786,150509677,148833845,13207288,4202199,12614588,0,0,0,334,13448,1146355902,22529430,670189557,584861034,344462559,8373683,7145101041553,8436287560,1102162195,23474699,0.5,0.5,0,0,0,97267,1028.0979160455242,49998,1576.7021880875236,481,414207,1965,2527,49998
84,clean-run,10000,true,uniform,READ,63167,6673584,3388588,3376439,909395,50282,300776,0,0,0,334,13453,1146710870,22532271,670435257,585136680,344560450,8380199,7147508938085,8438850457,1102294437,23547586,0.5,0.5,0,0,0,91537,1092.4544173394365,49719,333.8131901285223,152,17519,495,592,49719
84,clean-run,10000,true,uniform,UPDATE,63167,6673584,3388588,3376439,909395,50282,300776,0,0,0,334,13453,1146710870,22532271,670435257,585136680,344560450,8380199,7147508938085,8438850457,1102294437,23547586,0.5,0.5,0,0,0,91537,1092.4544173394365,50281,1474.470495813528,410,190463,1665,2147,50281
84,avg-run,10000,true,uniform,READ,63252,13538200,6818394,6774148,1819867,100386,601248,0,0,0,334,13457,1147045109,22532271,670643323,585344789,344656417,8386693,7149893385677,8441441202,1102436859,23547586,0.5,0.5,0,0,0,88905,1124.7961307013104,49922,331.4396658787709,166,14591,489,582,49922
84,avg-run,10000,true,uniform,UPDATE,63252,13538200,6818394,6774148,1819867,100386,601248,0,0,0,334,13457,1147045109,22532271,670643323,585344789,344656417,8386693,7149893385677,8441441202,1102436859,23547586,0.5,0.5,0,0,0,88905,1124.7961307013104,50078,1429.8803666280603,408,111679,1664,2289,50078
85,extend,10000,true,uniform,EXTEND,803459,1055696411,522875714,514800110,40123445,12706753,39495778,0,34,6275072,334,13463,1147725233,22542135,670706966,585424253,344825819,8388666,7152964822394,8444258292,1102944867,23547586,0,0,0,0,1,180208,554.9143212288022,100000,1793.89224,656,147199,2237,2661,100000
85,run,10000,true,uniform,READ,806966,1061334865,526913050,518794898,40423423,12756800,39795302,0,34,6275072,334,13467,1148193158,22544639,670935724,585650223,344923474,8399679,7155515348495,8446867047,1103126544,23580108,0.5,0.5,0,0,0,92256,1083.9403399236905,49995,322.6126612661266,187,24399,487,592,49995
85,run,10000,true,uniform,UPDATE,806966,1061334865,526913050,518794898,40423423,12756800,39795302,0,34,6275072,334,13467,1148193158,22544639,670935724,585650223,344923474,8399679,7155515348495,8446867047,1103126544,23580108,0.5,0.5,0,0,0,92256,1083.9403399236905,50005,1507.196200379962,391,730623,1715,2401,50005
85,reference,10000,true,uniform,READ,4642207,345641863,153869471,152169880,13506566,4252094,12907162,0,0,0,334,13470,1148563811,22544639,670982135,585904923,345021977,8400253,7157261744741,8448234658,1103396021,23580108,0.5,0.5,0,0,0,94358,1059.7935522160283,50105,352.38572996706915,183,19855,518,632,50105
85,reference,10000,true,uniform,UPDATE,4642207,345641863,153869471,152169880,13506566,4252094,12907162,0,0,0,334,13470,1148563811,22544639,670982135,585904923,345021977,8400253,7157261744741,8448234658,1103396021,23580108,0.5,0.5,0,0,0,94358,1059.7935522160283,49895,1522.5976550756588,437,40095,1886,2471,49895
85,clean-run,10000,true,uniform,READ,47398,6694765,3409996,3397848,909093,49998,299583,0,0,0,334,13475,1149039972,22551289,671286694,586171349,345116200,8404162,7160254288373,8451275160,1103792171,23581035,0.5,0.5,0,0,0,89579,1116.333069134507,50003,323.7758134511929,175,10495,489,591,50003
85,clean-run,10000,true,uniform,UPDATE,47398,6694765,3409996,3397848,909093,49998,299583,0,0,0,334,13475,1149039972,22551289,671286694,586171349,345116200,8404162,7160254288373,8451275160,1103792171,23581035,0.5,0.5,0,0,0,89579,1116.333069134507,49997,1452.5289717383043,370,338687,1779,3731,49997
85,avg-run,10000,true,uniform,READ,47484,13607894,6858398,6814133,1817501,99758,597991,0,0,0,334,13479,1149375486,22551289,671501854,586386574,345206396,8409489,7162641619442,8453882310,1103932085,23581035,0.5,0.5,0,0,0,85944,1163.5483570697197,50266,316.9379699996021,181,8011,485,579,50266
85,avg-run,10000,true,uniform,UPDATE,47484,13607894,6858398,6814133,1817501,99758,597991,0,0,0,334,13479,1149375486,22551289,671501854,586386574,345206396,8409489,7162641619442,8453882310,1103932085,23581035,0.5,0.5,0,0,0,85944,1163.5483570697197,49734,1393.7704990549726,399,94271,1661,2181,49734
86,extend,10000,true,uniform,EXTEND,856448,1072105468,534360731,526192216,41023081,12856844,40394626,0,34,6275072,334,13485,1149885631,22554410,671544496,586456487,345394109,8410036,7165566240080,8456414268,1104303914,23581035,0,0,0,0,1,187115,534.4306976992758,100000,1863.03956,606,34815,2383,2709,100000
86,run,10000,true,uniform,READ,858899,1077610810,538400889,530189826,41323253,12906920,40694669,0,34,6275072,334,13489,1150326695,22555449,671755360,586669433,345491823,8418212,7168098261625,8458972389,1104458104,23625533,0.5,0.5,0,0,0,94031,1063.4790654145972,49966,343.42110635231955,187,16047,503,611,49966
86,run,10000,true,uniform,UPDATE,858899,1077610810,538400889,530189826,41323253,12906920,40694669,0,34,6275072,334,13489,1150326695,22555449,671755360,586669433,345491823,8418212,7168098261625,8458972389,1104458104,23625533,0.5,0.5,0,0,0,94031,1063.4790654145972,50034,1521.3183635128114,396,118527,1718,2251,50034
86,reference,10000,true,uniform,READ,4950147,350950611,157253613,155534786,13806630,4302150,13203079,0,0,0,334,13492,1150694116,22555449,671758385,586920759,345586307,8418358,7170020640481,8460343672,1104805560,23625533,0.5,0.5,0,0,0,93476,1069.793315931362,49977,347.5497929047362,187,22303,515,630,49977
86,reference,10000,true,uniform,UPDATE,4950147,350950611,157253613,155534786,13806630,4302150,13203079,0,0,0,334,13492,1150694116,22555449,671758385,586920759,345586307,8418358,7170020640481,8460343672,1104805560,23625533,0.5,0.5,0,0,0,93476,1069.793315931362,50023,1506.1718209623573,425,38495,1843,2509,50023
86,clean-run,10000,true,uniform,READ,53567,6679868,3417670,3405485,909001,49895,299208,0,0,0,334,13498,1151232933,22561961,672101198,587191931,345690708,8429769,7173035521925,8463389315,1105194372,23651879,0.5,0.5,0,0,0,103915,962.3249771447818,50106,321.03490599928153,157,20703,488,610,50106
86,clean-run,10000,true,uniform,UPDATE,53567,6679868,3417670,3405485,909001,49895,299208,0,0,0,334,13498,1151232933,22561961,672101198,587191931,345690708,8429769,7173035521925,8463389315,1105194372,23651879,0.5,0.5,0,0,0,103915,962.3249771447818,49894,1745.6384134364853,402,710143,1932,7527,49894
86,avg-run,10000,true,uniform,READ,53653,13486568,6842299,6798019,1820043,100094,600250,0,0,0,334,13502,1151542112,22561961,672306494,587397304,345784965,8435960,7175464385601,8465955765,1105316053,23651879,0.5,0.5,0,0,0,87186,1146.9731378891106,49827,315.4357276175567,182,22415,482,581,49827
86,avg-run,10000,true,uniform,UPDATE,53653,13486568,6842299,6798019,1820043,100094,600250,0,0,0,334,13502,1151542112,22561961,672306494,587397304,345784965,8435960,7175464385601,8465955765,1105316053,23651879,0.5,0.5,0,0,0,87186,1146.9731378891106,50173,1409.549100113607,410,87423,1667,2079,50173
87,extend,10000,true,uniform,EXTEND,990943,1088862359,545852800,537591367,41923024,13006975,41294345,0,34,6275072,334,13508,1152193293,22562484,672351488,587559230,345948678,8436268,7178699281904,8469022739,1105866938,23651879,0,0,0,0,1,178501,560.2209511431308,100000,1776.90295,618,34623,2145,2619,100000
87,run,10000,true,uniform,READ,992442,1093866268,549896576,541593395,42222816,13056972,41594122,0,34,6275072,334,13512,1152593580,22562543,672580068,587789272,346050059,8444265,7181112277741,8471327163,1105960391,23682823,0.5,0.5,0,0,0,85630,1167.8150181011329,50023,316.1423944985307,182,27119,482,591,50023
87,run,10000,true,uniform,UPDATE,992442,1093866268,549896576,541593395,42222816,13056972,41594122,0,34,6275072,334,13512,1152593580,22562543,672580068,587789272,346050059,8444265,7181112277741,8471327163,1105960391,23682823,0.5,0.5,0,0,0,85630,1167.8150181011329,49977,1381.9007143285912,407,125631,1690,2125,49977
87,reference,10000,true,uniform,READ,5356990,356852754,160662055,158922675,14106110,4352105,13500031,0,0,0,334,13515,1152998680,22562543,672596571,588021625,346120562,8444832,7183129674692,8472924463,1106347079,23682823,0.5,0.5,0,0,0,92442,1081.7593734449708,50078,346.0669156116458,190,22959,509,625,50078
87,reference,10000,true,uniform,UPDATE,5356990,356852754,160662055,158922675,14106110,4352105,13500031,0,0,0,334,13515,1152998680,22562543,672596571,588021625,346120562,8444832,7183129674692,8472924463,1106347079,23682823,0.5,0.5,0,0,0,92442,1081.7593734449708,49922,1489.4837546572653,486,149375,1885,2441,49922
87,clean-run,10000,true,uniform,READ,44664,6697374,3406534,3394401,910355,50108,300509,0,0,0,334,13520,1153557074,22570410,672847591,588267069,346223185,8448067,7185950595276,8475772577,1106617313,23737959,0.5,0.5,0,0,0,98231,1018.0085716321731,49893,304.3828994047261,183,11815,477,593,49893
87,clean-run,10000,true,uniform,UPDATE,44664,6697374,3406534,3394401,910355,50108,300509,0,0,0,334,13520,1153557074,22570410,672847591,588267069,346223185,8448067,7185950595276,8475772577,1106617313,23737959,0.5,0.5,0,0,0,98231,1018.0085716321731,50107,1642.5940287784142,403,464639,1876,4915,50107
87,avg-run,10000,true,uniform,READ,44749,13476919,6834373,6790135,1821043,100248,601197,0,0,0,334,13525,1153876178,22570410,673052967,588472562,346340361,8454604,7188409086351,8478330702,1106740879,23737959,0.5,0.5,0,0,0,87673,1140.602009740741,49886,328.0959988774406,163,10543,496,598,49886
87,avg-run,10000,true,uniform,UPDATE,44749,13476919,6834373,6790135,1821043,100248,601197,0,0,0,334,13525,1153876178,22570410,673052967,588472562,346340361,8454604,7188409086351,8478330702,1106740879,23737959,0.5,0.5,0,0,0,87673,1140.602009740741,50114,1408.776230195155,417,150655,1679,2109,50114
88,extend,10000,true,uniform,EXTEND,1205173,1104361077,557349297,548995741,42822611,13157016,42193879,0,34,6275072,334,13531,1154493661,22570604,673150293,588675153,346505986,8457748,7191562676319,8481133483,1107222577,23737959,0,0,0,0,1,185662,538.6131787872586,100000,1848.2235,660,41343,2165,3005,100000
88,run,10000,true,uniform,READ,1206748,1109977385,561394012,552997916,43122338,13207016,42493643,0,34,6275072,334,13534,1154974295,22572275,673380665,588905316,346585438,8469752,7194147662001,8483733632,1107402036,23762557,0.5,0.5,0,0,0,85811,1165.3517614291875,50031,334.7035038276269,161,29231,503,612,50031
88,run,10000,true,uniform,UPDATE,1206748,1109977385,561394012,552997916,43122338,13207016,42493643,0,34,6275072,334,13534,1154974295,22572275,673380665,588905316,346585438,8469752,7194147662001,8483733632,1107402036,23762557,0.5,0.5,0,0,0,85811,1165.3517614291875,49969,1366.7387580299785,413,156927,1747,2387,49969
88,reference,10000,true,uniform,READ,5690958,362695393,164080234,162318124,14405578,4402061,13798019,0,0,0,334,13538,1155370336,22572275,673381972,589131271,346683347,8470147,7196210997534,8485334029,1107768095,23762557,0.5,0.5,0,0,0,93557,1068.8671077524932,50077,364.62491762685465,202,13959,530,655,50077
88,reference,10000,true,uniform,UPDATE,5690958,362695393,164080234,162318124,14405578,4402061,13798019,0,0,0,334,13538,1155370336,22572275,673381972,589131271,346683347,8470147,7196210997534,8485334029,1107768095,23762557,0.5,0.5,0,0,0,93557,1068.8671077524932,49923,1492.3519019289706,446,94847,1868,2293,49923
88,clean-run,10000,true,uniform,READ,59603,6681934,3424535,3412379,908312,49771,298503,0,0,0,334,13543,1155766203,22578240,673616727,589406933,346784265,8471734,7198747727670,8487906215,1107933412,23832277,0.5,0.5,0,0,0,89113,1122.170727054414,50230,330.79345012940473,190,10487,499,611,50230
88,clean-run,10000,true,uniform,UPDATE,59603,6681934,3424535,3412379,908312,49771,298503,0,0,0,334,13543,1155766203,22578240,673616727,589406933,346784265,8471734,7198747727670,8487906215,1107933412,23832277,0.5,0.5,0,0,0,89113,1122.170727054414,49770,1440.8436608398633,427,116287,1692,2293,49770
88,avg-run,10000,true,uniform,READ,59688,13566462,6869613,6825313,1817091,99593,597282,0,0,0,334,13547,1156087918,22578240,673828988,589619286,346902514,8476804,7201212552045,8490503482,1108069450,23832277,0.5,0.5,0,0,0,84756,1179.8574732172353,50204,325.4218588160306,176,14551,498,599,50204
88,avg-run,10000,true,uniform,UPDATE,59688,13566462,6869613,6825313,1817091,99593,597282,0,0,0,334,13547,1156087918,22578240,673828988,589619286,346902514,8476804,7201212552045,8490503482,1108069450,23832277,0.5,0.5,0,0,0,84756,1179.8574732172353,49796,1359.8133384207567,393,111871,1677,2042,49796
89,extend,10000,true,uniform,EXTEND,1236234,1121345051,568846898,560400422,43722169,13307060,43093444,0,34,6275072,334,13553,1156690797,22578555,673858923,589672336,347038281,8476929,7204366053414,8493322238,1108543065,23832277,0,0,0,0,1,177263,564.1335191213057,100000,1764.54398,650,51903,2127,2565,100000
89,run,10000,true,uniform,READ,1253067,1126758199,572893703,564404592,44021857,13357078,43393127,0,34,6275072,334,13557,1157113359,22579896,674084536,589914762,347131299,8488419,7207023242703,8495898159,1108716418,23872137,0.5,0.5,0,0,0,81760,1223.091976516634,50039,349.5544275465137,180,12007,512,624,50039
89,run,10000,true,uniform,UPDATE,1253067,1126758199,572893703,564404592,44021857,13357078,43393127,0,34,6275072,334,13557,1157113359,22579896,674084536,589914762,347131299,8488419,7207023242703,8495898159,1108716418,23872137,0.5,0.5,0,0,0,81760,1223.091976516634,49961,1270.6772882848622,417,148095,1692,2419,49961
89,reference,10000,true,uniform,READ,5997963,367995434,167507017,165726663,14704628,4451946,14096206,0,0,0,334,13561,1157536109,22580436,674116907,590165557,347224869,8491868,7209074342435,8497341633,1109075846,23872137,0.5,0.5,0,0,0,95254,1049.8246792785606,50137,349.12491772543234,192,20383,525,642,50137
89,reference,10000,true,uniform,UPDATE,5997963,367995434,167507017,165726663,14704628,4451946,14096206,0,0,0,334,13561,1157536109,22580436,674116907,590165557,347224869,8491868,7209074342435,8497341633,1109075846,23872137,0.5,0.5,0,0,0,95254,1049.8246792785606,49863,1543.746104325853,441,53247,1916,2455,49863
89,clean-run,10000,true,uniform,READ,48915,6690525,3407126,3394979,910296,50099,300490,0,0,0,334,13566,1157951027,22583134,674352931,590427043,347327678,8494640,7211630304644,8499908025,1109219576,23943021,0.5,0.5,0,0,0,89381,1118.806010225887,49902,340.3639934271171,187,10607,505,607,49902
89,clean-run,10000,true,uniform,UPDATE,48915,6690525,3407126,3394979,910296,50099,300490,0,0,0,334,13566,1157951027,22583134,674352931,590427043,347327678,8494640,7211630304644,8499908025,1109219576,23943021,0.5,0.5,0,0,0,89381,1118.806010225887,50098,1428.9996407042197,407,136831,1697,2271,50098
89,avg-run,10000,true,uniform,READ,49000,13519705,6837693,6793441,1820683,100189,600877,0,0,0,334,13571,1158278434,22583134,674561148,590635325,347446341,8499639,7214129537459,8502484702,1109350825,23943021,0.5,0.5,0,0,0,85995,1162.8583057154485,49936,334.47833226529957,178,23071,498,601,49936
89,avg-run,10000,true,uniform,UPDATE,49000,13519705,6837693,6793441,1820683,100189,600877,0,0,0,334,13571,1158278434,22583134,674561148,590635325,347446341,8499639,7214129537459,8502484702,1109350825,23943021,0.5,0.5,0,0,0,85995,1162.8583057154485,50064,1368.9891938318951,409,117951,1678,2131,50064
90,extend,10000,true,uniform,EXTEND,1426033,1136858374,580345959,571807338,44621732,13457111,43992941,0,34,6275072,334,13577,1158934476,22584741,674665291,590795247,347612405,8505649,7217406078572,8505315489,1109878107,23943021,0,0,0,0,1,198817,502.9750977029127,100000,1979.75188,656,53855,2437,3315,100000
90,run,10000,true,uniform,READ,1428219,1142267085,584387134,575805980,44922013,13507188,44293200,0,34,6275072,334,13581,1159345231,22586225,674899298,591026333,347703829,8516817,7220105786171,8507835088,1110087182,23963126,0.5,0.5,0,0,0,84229,1187.239549323867,49954,347.56099611642713,169,13351,511,616,49954
90,run,10000,true,uniform,UPDATE,1428219,1142267085,584387134,575805980,44922013,13507188,44293200,0,34,6275072,334,13581,1159345231,22586225,674899298,591026333,347703829,8516817,7220105786171,8507835088,1110087182,23963126,0.5,0.5,0,0,0,84229,1187.239549323867,50046,1320.9008312352635,413,121279,1697,2207,50046
90,reference,10000,true,uniform,READ,6314982,373312772,170934241,169128274,15004382,4501945,14395359,0,0,0,334,13585,1159845830,22586225,674943017,591276976,347793453,8522035,7222463639422,8509612526,1110584522,23963126,0.5,0.5,0,0,0,100746,992.5952395132313,50034,369.40300595594994,203,15271,533,656,50034
90,reference,10000,true,uniform,UPDATE,6314982,373312772,170934241,169128274,15004382,4501945,14395359,0,0,0,334,13585,1159845830,22586225,674943017,591276976,347793453,8522035,7222463639422,8509612526,1110584522,23963126,0.5,0.5,0,0,0,100746,992.5952395132313,49966,1630.3878237201297,459,366847,2015,2647,49966
90,clean-run,10000,true,uniform,READ,42176,6273936,3415716,3404444,909457,49930,299518,0,0,0,334,13590,1160227365,22588705,675197884,591548987,347894966,8528706,7224928272940,8511934161,1110676364,24032339,0.5,0.5,0,0,0,87866,1138.0966471672775,50071,341.712907671107,192,10807,509,616,50071
90,clean-run,10000,true,uniform,UPDATE,42176,6273936,3415716,3404444,909457,49930,299518,0,0,0,334,13590,1160227365,22588705,675197884,591548987,347894966,8528706,7224928272940,8511934161,1110676364,24032339,0.5,0.5,0,0,0,87866,1138.0966471672775,49929,1401.412786156342,421,141567,1677,2267,49929
90,avg-run,10000,true,uniform,READ,44720,13654728,6855814,6811533,1818915,99863,598963,0,0,0,334,13595,1160543967,22588705,675410885,591762174,348006949,8533133,7227608659899,8514825288,1110894402,24032339,0.5,0.5,0,0,0,86089,1161.5885885537061,50093,340.6145768869902,176,22895,504,598,50093
90,avg-run,10000,true,uniform,UPDATE,44720,13654728,6855814,6811533,1818915,99863,598963,0,0,0,334,13595,1160543967,22588705,675410885,591762174,348006949,8533133,7227608659899,8514825288,1110894402,24032339,0.5,0.5,0,0,0,86089,1161.5885885537061,49907,1367.918147754824,392,59487,1693,2095,49907
91,extend,10000,true,uniform,EXTEND,1517331,1152976586,591842194,583210655,45521921,13607265,44893066,0,34,6275072,334,13601,1161076950,22589683,675467862,591859267,348173825,8536322,7230778250630,8517424951,1111315836,24032339,0,0,0,0,1,182557,547.7741198639329,100000,1817.38842,648,46655,2141,2633,100000
91,run,10000,true,uniform,READ,1531152,1158548159,595883775,587209606,45822326,13657370,45193445,0,34,6275072,334,13604,1161536300,22591585,675682177,592084752,348254399,8543975,7233518536877,8520028426,1111490292,24072031,0.5,0.5,0,0,0,90313,1107.2603058252964,49937,339.47507859903476,170,9615,504,620,49937
91,run,10000,true,uniform,UPDATE,1531152,1158548159,595883775,587209606,45822326,13657370,45193445,0,34,6275072,334,13604,1161536300,22591585,675682177,592084752,348254399,8543975,7233518536877,8520028426,1111490292,24072031,0.5,0.5,0,0,0,90313,1107.2603058252964,50063,1450.3016998581786,401,146943,1747,2321,50063
91,reference,10000,true,uniform,READ,6574865,378002255,174339632,172511677,15306546,4552334,14697152,0,0,0,334,13608,1161969696,22591585,675710020,592345655,348347802,8544907,7235483285311,8521388914,1111811153,24072031,0.5,0.5,0,0,0,98185,1018.4855120435911,49633,376.6520661656559,187,15431,537,658,49633
91,reference,10000,true,uniform,UPDATE,6574865,378002255,174339632,172511677,15306546,4552334,14697152,0,0,0,334,13608,1161969696,22591585,675710020,592345655,348347802,8544907,7235483285311,8521388914,1111811153,24072031,0.5,0.5,0,0,0,98185,1018.4855120435911,50367,1561.8609009867573,502,37791,1933,2335,50367
91,clean-run,10000,true,uniform,READ,56304,6684179,3411288,3399140,910164,50036,300176,0,0,0,334,13613,1162535604,22598814,676015763,592603820,348469352,8561005,7238652886263,8524422049,1112198709,24072844,0.5,0.5,0,0,0,99270,1007.3536818777072,49965,333.5190433303312,181,30719,503,613,49965
91,clean-run,10000,true,uniform,UPDATE,56304,6684179,3411288,3399140,910164,50036,300176,0,0,0,334,13613,1162535604,22598814,676015763,592603820,348469352,8561005,7238652886263,8524422049,1112198709,24072844,0.5,0.5,0,0,0,99270,1007.3536818777072,50035,1635.1123013890276,409,592383,1873,4039,50035
91,avg-run,10000,true,uniform,READ,56544,13580452,6862850,6818659,1818212,99736,598224,0,0,0,334,13618,1162869905,22598814,676228446,592816390,348556821,8567125,7241193134790,8526978333,1112318955,24072844,0.5,0.5,0,0,0,86101,1161.4266965540469,50326,327.86819934030126,187,23295,494,596,50326
91,avg-run,10000,true,uniform,UPDATE,56544,13580452,6862850,6818659,1818212,99736,598224,0,0,0,334,13618,1162869905,22598814,676228446,592816390,348556821,8567125,7241193134790,8526978333,1112318955,24072844,0.5,0.5,0,0,0,86101,1161.4266965540469,49674,1386.1054877803278,410,94271,1687,2171,49674
92,extend,10000,true,uniform,EXTEND,1637404,1169927184,603339716,594615075,46422385,13757425,45793429,0,34,6275072,334,13625,1163520040,22598814,676259151,592936264,348742095,8567316,7244762877363,8530017340,1112900091,24072844,0,0,0,0,1,190855,523.9579785701187,100000,1900.21936,688,40543,2423,2885,100000
92,run,10000,true,uniform,READ,1638777,1175596917,607402401,598635214,46720397,13807134,46091483,0,34,6275072,334,13628,1163985166,22598948,676470550,593149118,348815224,8578205,7247558034414,8532635968,1113083301,24102720,0.5,0.5,0,0,0,82709,1209.0582645177672,50333,352.7829654501023,195,26751,513,617,50333
92,run,10000,true,uniform,UPDATE,1638777,1175596917,607402401,598635214,46720397,13807134,46091483,0,34,6275072,334,13628,1163985166,22598948,676470550,593149118,348815224,8578205,7247558034414,8532635968,1113083301,24102720,0.5,0.5,0,0,0,82709,1209.0582645177672,49667,1292.5259226448145,407,78911,1733,2383,49667
92,reference,10000,true,uniform,READ,6905321,383383037,177771921,175924558,15606120,4602298,14996473,0,0,0,334,13632,1164367131,22598948,676479312,593404639,348911954,8578294,7249473705925,8533981222,1113386386,24102720,0.5,0.5,0,0,0,95128,1051.215204776722,50069,367.4509976232799,180,13935,529,650,50069
92,reference,10000,true,uniform,UPDATE,6905321,383383037,177771921,175924558,15606120,4602298,14996473,0,0,0,334,13632,1164367131,22598948,676479312,593404639,348911954,8578294,7249473705925,8533981222,1113386386,24102720,0.5,0.5,0,0,0,95128,1051.215204776722,49931,1521.7704632392702,507,12319,1896,2281,49931
92,clean-run,10000,true,uniform,READ,58334,6687755,3411481,3399360,910193,50035,300178,0,0,0,334,13637,1164918278,22605909,676781122,593664194,349029148,8593184,7252565760920,8536962493,1113742267,24125686,0.5,0.5,0,0,0,101007,990.0303939330937,49966,340.15218348476964,194,11415,505,619,49966
92,clean-run,10000,true,uniform,UPDATE,58334,6687755,3411481,3399360,910193,50035,300178,0,0,0,334,13637,1164918278,22605909,676781122,593664194,349029148,8593184,7252565760920,8536962493,1113742267,24125686,0.5,0.5,0,0,0,101007,990.0303939330937,50034,1663.6814366230963,393,718847,1904,7907,50034
92,avg-run,10000,true,uniform,READ,58675,13625814,6866083,6821903,1817905,99679,597890,0,0,0,334,13642,1165255892,22605909,676992557,593874577,349114628,8599239,7255158685848,8539551127,1113873899,24125686,0.5,0.5,0,0,0,87057,1148.6727086851145,50382,339.5024413481005,194,22959,501,603,50382
92,avg-run,10000,true,uniform,UPDATE,58675,13625814,6866083,6821903,1817905,99679,597890,0,0,0,334,13642,1165255892,22605909,676992557,593874577,349114628,8599239,7255158685848,8539551127,1113873899,24125686,0.5,0.5,0,0,0,87057,1148.6727086851145,49618,1394.8999556612519,418,134655,1698,2231,49618
93,extend,10000,true,uniform,EXTEND,1733279,1187025215,614858506,606040924,47320684,13907178,46691564,0,34,6275072,334,13649,1165910483,22605909,677011072,593984922,349292062,8599317,7258753486472,8542541825,1114435014,24125686,0,0,0,0,1,182156,548.9799951689761,100000,1813.34223,670,30079,2201,2677,100000
93,run,10000,true,uniform,READ,1734645,1192492892,618911161,610051029,47619882,13957074,46990858,0,34,6275072,334,13653,1166338170,22606008,677229026,594204333,349385466,8610041,7261537031182,8545130697,1114609042,24145615,0.5,0.5,0,0,0,86082,1161.683046397621,50135,346.46316944250526,195,20175,505,618,50135
93,run,10000,true,uniform,UPDATE,1734645,1192492892,618911161,610051029,47619882,13957074,46990858,0,34,6275072,334,13653,1166338170,22606008,677229026,594204333,349385466,8610041,7261537031182,8545130697,1114609042,24145615,0.5,0.5,0,0,0,86082,1161.683046397621,49865,1362.540058157024,409,110079,1740,2365,49865
93,reference,10000,true,uniform,READ,7233928,388813625,181199103,179331682,15906462,4652391,15296689,0,0,0,334,13656,1166623674,22606008,677231591,594456186,349462053,8610053,7263331370089,8546252791,1114833157,24145615,0.5,0.5,0,0,0,93904,1064.9173624126768,49940,370.91455746896276,214,13271,525,654,49940
93,reference,10000,true,uniform,UPDATE,7233928,388813625,181199103,179331682,15906462,4652391,15296689,0,0,0,334,13656,1166623674,22606008,677231591,594456186,349462053,8610053,7263331370089,8546252791,1114833157,24145615,0.5,0.5,0,0,0,93904,1064.9173624126768,50060,1489.825469436676,553,11751,1815,2203,50060
93,clean-run,10000,true,uniform,READ,52535,6706652,3417221,3405035,909721,49938,299650,0,0,0,334,13662,1167193113,22612892,677539496,594718193,349573984,8624256,7266516183834,8549256193,1115202693,24182282,0.5,0.5,0,0,0,104828,953.9436028541993,50063,339.0302618700437,191,24975,506,622,50063
93,clean-run,10000,true,uniform,UPDATE,52535,6706652,3417221,3405035,909721,49938,299650,0,0,0,334,13662,1167193113,22612892,677539496,594718193,349573984,8624256,7266516183834,8549256193,1115202693,24182282,0.5,0.5,0,0,0,104828,953.9436028541993,49937,1743.5278651100386,410,1279999,1971,9055,49937
93,avg-run,10000,true,uniform,READ,52621,13505837,6846291,6802012,1820271,100055,600200,0,0,0,334,13667,1167549611,22612892,677748405,594927167,349684141,8630375,7269135847500,8551840285,1115342094,24182282,0.5,0.5,0,0,0,84459,1184.006440995039,49909,346.8499669398305,189,24175,511,605,49909
93,avg-run,10000,true,uniform,UPDATE,52621,13505837,6846291,6802012,1820271,100055,600200,0,0,0,334,13667,1167549611,22612892,677748405,594927167,349684141,8630375,7269135847500,8551840285,1115342094,24182282,0.5,0.5,0,0,0,84459,1184.006440995039,50091,1324.952945638937,425,108607,1667,2231,50091
94,extend,10000,true,uniform,EXTEND,1944112,1203215628,626370268,617459737,48220898,14057118,47591187,0,34,6275072,334,13673,1168265701,22614995,677876845,595121442,349841208,8633780,7272773962597,8554968899,1116040606,24182282,0,0,0,0,1,190518,524.8847877890803,100000,1897.33415,647,39999,2241,3029,100000
94,run,10000,true,uniform,READ,1945851,1208685238,630431149,621478072,48519568,14106932,47890178,0,34,6275072,334,13677,1168752251,22616363,678093744,595339472,349937814,8644122,7275592325058,8557553968,1116219841,24209460,0.5,0.5,0,0,0,92676,1079.0280115671803,50224,350.0207868748009,181,9999,513,623,50224
94,run,10000,true,uniform,UPDATE,1945851,1208685238,630431149,621478072,48519568,14106932,47890178,0,34,6275072,334,13677,1168752251,22616363,678093744,595339472,349937814,8644122,7275592325058,8557553968,1116219841,24209460,0.5,0.5,0,0,0,92676,1079.0280115671803,49776,1493.3233084217293,414,141439,1786,2423,49776
94,reference,10000,true,uniform,READ,7574820,394257032,184614990,182726866,16208058,4702692,15598162,0,0,0,334,13681,1169020045,22616497,678095594,595587771,350035732,8644172,7277444557413,8558685679,1116452787,24209460,0.5,0.5,0,0,0,94536,1057.7980875010578,49732,368.9429341269203,186,25471,531,651,49732
94,reference,10000,true,uniform,UPDATE,7574820,394257032,184614990,182726866,16208058,4702692,15598162,0,0,0,334,13681,1169020045,22616497,678095594,595587771,350035732,8644172,7277444557413,8558685679,1116452787,24209460,0.5,0.5,0,0,0,94536,1057.7980875010578,50268,1500.6123975491366,667,11567,1821,2205,50268
94,clean-run,10000,true,uniform,READ,58056,6698864,3414269,3402116,910591,50022,300301,0,0,0,334,13686,1169565711,22623997,678383991,595849183,350147438,8657128,7280606904945,8561639112,1116793384,24250793,0.5,0.5,0,0,0,97725,1023.2796111537477,49979,350.57940334940673,196,23423,510,613,49979
94,clean-run,10000,true,uniform,UPDATE,58056,6698864,3414269,3402116,910591,50022,300301,0,0,0,334,13686,1169565711,22623997,678383991,595849183,350147438,8657128,7280606904945,8561639112,1116793384,24250793,0.5,0.5,0,0,0,97725,1023.2796111537477,50021,1587.2651086543651,405,765951,1891,5059,50021
94,avg-run,10000,true,uniform,READ,58142,13501070,6852926,6808679,1820079,99962,599789,0,0,0,334,13691,1169930122,22623997,678589565,596054788,350232006,8663011,7283272697434,8564215083,1116923674,24250793,0.5,0.5,0,0,0,90572,1104.0939804796185,50086,354.3100067883241,199,12567,507,611,50086
94,avg-run,10000,true,uniform,UPDATE,58142,13501070,6852926,6808679,1820079,99962,599789,0,0,0,334,13691,1169930122,22623997,678589565,596054788,350232006,8663011,7283272697434,8564215083,1116923674,24250793,0.5,0.5,0,0,0,90572,1104.0939804796185,49914,1443.6508194093842,417,98367,1721,2241,49914
95,extend,10000,true,uniform,EXTEND,2020342,1219558414,637900974,628897496,49123155,14206976,48491458,0,34,6275072,334,13698,1170670371,22628458,678695629,596173179,350411599,8663959,7286936202246,8567332029,1117608866,24250793,0,0,0,0,1,183217,545.8008809226218,100000,1824.00472,689,36991,2221,2751,100000
95,run,10000,true,uniform,READ,2022550,1225048714,641962775,632916761,49422899,14256959,48792261,0,34,6275072,334,13702,1171176493,22631053,678905193,596381179,350505304,8675120,7289815417241,8569910288,1117775240,24270683,0.5,0.5,0,0,0,95181,1050.6298525966317,50048,359.6110533887468,198,20159,516,620,50048
95,run,10000,true,uniform,UPDATE,2022550,1225048714,641962775,632916761,49422899,14256959,48792261,0,34,6275072,334,13702,1171176493,22631053,678905193,596381179,350505304,8675120,7289815417241,8569910288,1117775240,24270683,0.5,0.5,0,0,0,95181,1050.6298525966317,49952,1530.0243233504164,425,153087,1763,2413,49952
95,reference,10000,true,uniform,READ,7889786,399738220,188049944,186141527,16507578,4752648,15897639,0,0,0,334,13706,1171565576,22631085,678910224,596629235,350615842,8675251,7291894559291,8571282549,1118108466,24270683,0.5,0.5,0,0,0,97322,1027.5169026530486,50077,376.3840485652096,184,25999,541,659,50077
95,reference,10000,true,uniform,UPDATE,7889786,399738220,188049944,186141527,16507578,4752648,15897639,0,0,0,334,13706,1171565576,22631085,678910224,596629235,350615842,8675251,7291894559291,8571282549,1118108466,24270683,0.5,0.5,0,0,0,97322,1027.5169026530486,49923,1556.0278228471846,444,14951,1955,2367,49923
95,clean-run,10000,true,uniform,READ,60051,6713808,3420968,3408839,911707,49997,300659,0,0,0,334,13711,1172088765,22637995,679172719,596889475,350701039,8683491,7295058565225,8574206633,1118419109,24311821,0.5,0.5,0,0,0,95330,1048.987726843596,50004,352.2596592272618,191,16607,514,619,50004
95,clean-run,10000,true,uniform,UPDATE,60051,6713808,3420968,3408839,911707,49997,300659,0,0,0,334,13711,1172088765,22637995,679172719,596889475,350701039,8683491,7295058565225,8574206633,1118419109,24311821,0.5,0.5,0,0,0,95330,1048.987726843596,49996,1539.022501800144,431,754687,1774,2511,49996
95,avg-run,10000,true,uniform,READ,60289,13558627,6854295,6810106,1821783,100035,600735,0,0,0,334,13716,1172439613,22637995,679382875,597099696,350814873,8689417,7297752974188,8576785065,1118548462,24311821,0.5,0.5,0,0,0,90364,1106.6353857730955,49988,359.5856405537329,198,14599,521,623,49988
95,avg-run,10000,true,uniform,UPDATE,60289,13558627,6854295,6810106,1821783,100035,600735,0,0,0,334,13716,1172439613,22637995,679382875,597099696,350814873,8689417,7297752974188,8576785065,1118548462,24311821,0.5,0.5,0,0,0,90364,1106.6353857730955,50012,1432.033491961929,407,93375,1732,2233,50012
96,extend,10000,true,uniform,EXTEND,2101547,1236581516,649469288,640372873,50034716,14356992,49396828,0,34,6275072,334,13723,1173105730,22637998,679403284,597197512,350987526,8689524,7301570445015,8579795194,1119130534,24311821,0,0,0,0,1,188695,529.955748694984,100000,1879.19827,681,24447,2431,2819,100000
96,run,10000,true,uniform,READ,2110187,1242217554,653570078,644431135,50333899,14406919,49699571,0,34,6275072,334,13727,1173590003,22640942,679611595,597414389,351104021,8699573,7304492776534,8582417800,1119307868,24345639,0.5,0.5,0,0,0,91630,1091.3456291607552,50141,360.6392174069125,204,24223,521,628,50141
96,run,10000,true,uniform,UPDATE,2110187,1242217554,653570078,644431135,50333899,14406919,49699571,0,34,6275072,334,13727,1173590003,22640942,679611595,597414389,351104021,8699573,7304492776534,8582417800,1119307868,24345639,0.5,0.5,0,0,0,91630,1091.3456291607552,49859,1459.3098337311217,425,127359,1769,2457,49859
96,reference,10000,true,uniform,READ,8187634,405227937,191496050,189567936,16805886,4802401,16195919,0,0,0,334,13732,1173989237,22640942,679619659,597665828,351188950,8700063,7306603201970,8583789365,1119649648,24345639,0.5,0.5,0,0,0,98369,1016.5804267604632,50280,380.5107796340493,183,10783,548,667,50280
96,reference,10000,true,uniform,UPDATE,8187634,405227937,191496050,189567936,16805886,4802401,16195919,0,0,0,334,13732,1173989237,22640942,679619659,597665828,351188950,8700063,7306603201970,8583789365,1119649648,24345639,0.5,0.5,0,0,0,98369,1016.5804267604632,49720,1577.854283990346,542,37631,1997,2393,49720
96,clean-run,10000,true,uniform,READ,60856,6737830,3442777,3430626,914737,49893,301447,0,0,0,334,13737,1174514987,22646849,679883443,597937392,351280384,8708394,7309819044101,8586749959,1119987156,24368803,0.5,0.5,0,0,0,96566,1035.5611705983472,50108,354.2029216891514,196,18463,517,621,50108
96,clean-run,10000,true,uniform,UPDATE,60856,6737830,3442777,3430626,914737,49893,301447,0,0,0,334,13737,1174514987,22646849,679883443,597937392,351280384,8708394,7309819044101,8586749959,1119987156,24368803,0.5,0.5,0,0,0,96566,1035.5611705983472,49892,1563.8521406237473,413,496383,1769,2337,49892
96,avg-run,10000,true,uniform,READ,60942,13554546,6885634,6841400,1823757,99755,600467,0,0,0,334,13742,1174863343,22646849,680088764,598142742,351392107,8714179,7312557335811,8589325876,1120119579,24368803,0.5,0.5,0,0,0,91661,1090.9765330947732,50164,362.2495415038673,198,21727,515,618,50164
96,avg-run,10000,true,uniform,UPDATE,60942,13554546,6885634,6841400,1823757,99755,600467,0,0,0,334,13742,1174863343,22646849,680088764,598142742,351392107,8714179,7312557335811,8589325876,1120119579,24368803,0.5,0.5,0,0,0,91661,1090.9765330947732,49836,1459.7662131792279,399,123455,1746,2175,49836
97,extend,10000,true,uniform,EXTEND,2171048,1253879970,661188828,651998517,50967533,14506985,50313680,0,34,6275072,334,13749,1175594823,22647055,680117522,598227767,351559893,8714386,7316446906434,8592395824,1120742625,24368803,0,0,0,0,1,187665,532.8644126502012,100000,1868.50076,671,25727,2307,2751,100000
97,run,10000,true,uniform,READ,2173063,1259469887,665376349,656144305,51278662,14557283,50627062,0,34,6275072,334,13753,1176058076,22647256,680342916,598455216,351678317,8724806,7319381680240,8595080660,1120932117,24392638,0.5,0.5,0,0,0,92071,1086.1183217299692,49766,354.65799943736687,203,32127,513,623,49766
97,run,10000,true,uniform,UPDATE,2173063,1259469887,665376349,656144305,51278662,14557283,50627062,0,34,6275072,334,13753,1176058076,22647256,680342916,598455216,351678317,8724806,7319381680240,8595080660,1120932117,24392638,0.5,0.5,0,0,0,92071,1086.1183217299692,50234,1466.1575825138352,417,145151,1766,2491,50234
97,reference,10000,true,uniform,READ,8478331,410766285,194938231,192990573,17117062,4852652,16499318,0,0,0,334,13757,1176350981,22647742,680348785,598709789,351749333,8724831,7321369306349,8596251337,1121184207,24392638,0.5,0.5,0,0,0,97168,1029.1453976617815,49782,390.1071270740428,185,17663,547,666,49782
97,reference,10000,true,uniform,UPDATE,8478331,410766285,194938231,192990573,17117062,4852652,16499318,0,0,0,334,13757,1176350981,22647742,680348785,598709789,351749333,8724831,7321369306349,8596251337,1121184207,24392638,0.5,0.5,0,0,0,97168,1029.1453976617815,50218,1532.215838942212,523,10631,1885,2271,50218
97,clean-run,10000,true,uniform,READ,46540,6937434,3537971,3525840,942017,49932,310563,0,0,0,334,13763,1176909810,22655249,680641780,598962162,351873215,8731986,7324739216513,8599307098,1121551082,24417764,0.5,0.5,0,0,0,98820,1011.9409026512851,50069,351.310451576824,205,13495,517,633,50069
97,clean-run,10000,true,uniform,UPDATE,46540,6937434,3537971,3525840,942017,49932,310563,0,0,0,334,13763,1176909810,22655249,680641780,598962162,351873215,8731986,7324739216513,8599307098,1121551082,24417764,0.5,0.5,0,0,0,98820,1011.9409026512851,49931,1611.8589653722136,406,462335,1956,7507,49931
97,avg-run,10000,true,uniform,READ,46792,13776449,6974485,6930293,1851739,99911,610285,0,0,0,334,13768,1177293447,22655249,680852633,599173006,351978120,8738115,7327474333398,8601885162,1121692961,24417764,0.5,0.5,0,0,0,83803,1193.274703769555,50047,358.6690710731912,203,10599,521,624,50047
97,avg-run,10000,true,uniform,UPDATE,46792,13776449,6974485,6930293,1851739,99911,610285,0,0,0,334,13768,1177293447,22655249,680852633,599173006,351978120,8738115,7327474333398,8601885162,1121692961,24417764,0.5,0.5,0,0,0,83803,1193.274703769555,49953,1304.021800492463,422,93631,1713,2371,49953
98,extend,10000,true,uniform,EXTEND,2299919,1270798073,673291903,664008572,51949977,14657338,51266826,0,34,6275072,334,13775,1178034293,22663319,680968155,599317514,352149927,8739616,7331392856465,8605216542,1122412698,24417764,0,0,0,0,1,193441,516.9534896945322,100000,1925.98394,680,71743,2331,3285,100000
98,run,10000,true,uniform,READ,2302148,1276593760,677735491,668410509,52294590,14707284,51597325,0,34,6275072,334,13779,1178527720,22663810,681202765,599553576,352238275,8751085,7334276176428,8607979435,1122561671,24454091,0.5,0.5,0,0,0,94938,1053.319008194822,50085,372.49372067485274,223,25199,529,636,50085
98,run,10000,true,uniform,UPDATE,2302148,1276593760,677735491,668410509,52294590,14707284,51597325,0,34,6275072,334,13779,1178527720,22663810,681202765,599553576,352238275,8751085,7334276176428,8607979435,1122561671,24454091,0.5,0.5,0,0,0,94938,1053.319008194822,49915,1512.427186216568,428,150527,1771,2319,49915
98,reference,10000,true,uniform,READ,8784756,416465806,198515580,196547753,17461307,4902546,16811109,0,0,0,334,13784,1179064300,22663882,681211694,599809037,352344602,8751757,7336537360986,8609473810,1122947899,24454091,0.5,0.5,0,0,0,100695,993.0979691146532,50128,388.39943744015324,204,18767,551,678,50128
98,reference,10000,true,uniform,UPDATE,8784756,416465806,198515580,196547753,17461307,4902546,16811109,0,0,0,334,13784,1179064300,22663882,681211694,599809037,352344602,8751757,7336537360986,8609473810,1122947899,24454091,0.5,0.5,0,0,0,100695,993.0979691146532,49872,1613.616558389477,516,55935,2101,2539,49872
98,clean-run,10000,true,uniform,READ,34324,7396150,3828052,3815877,1021946,49786,335105,0,0,0,334,13789,1179548330,22667459,681484012,600087127,352452618,8762094,7339900426767,8612667912,1123293729,24519318,0.5,0.5,0,0,0,83239,1201.359939451459,50215,358.2468585084138,195,23935,518,627,50215
98,clean-run,10000,true,uniform,UPDATE,34324,7396150,3828052,3815877,1021946,49786,335105,0,0,0,334,13789,1179548330,22667459,681484012,600087127,352452618,8762094,7339900426767,8612667912,1123293729,24519318,0.5,0.5,0,0,0,83239,1201.359939451459,49785,1295.044531485387,423,220415,1754,2421,49785
98,avg-run,10000,true,uniform,READ,34410,15217754,7806597,7762316,2082559,99899,685718,0,0,0,334,13795,1179953363,22667459,681716872,600320062,352553403,8770217,7342845752094,8615643546,1123481878,24519318,0.5,0.5,0,0,0,92200,1084.5986984815618,49913,353.49650391681524,193,16975,510,627,49913
98,avg-run,10000,true,uniform,UPDATE,34410,15217754,7806597,7762316,2082559,99899,685718,0,0,0,334,13795,1179953363,22667459,681716872,600320062,352553403,8770217,7342845752094,8615643546,1123481878,24519318,0.5,0.5,0,0,0,92200,1084.5986984815618,50087,1473.2442949268273,414,115839,1776,2279,50087
99,extend,10000,true,uniform,EXTEND,2385066,1288182282,686094736,676719339,52984570,14807328,52273278,0,34,6275072,334,13802,1180707319,22672829,681786735,600452960,352720275,8770757,7346653422095,8618731874,1124057032,24519318,0,0,0,0,1,185998,537.6401896794589,100000,1851.71908,673,29407,2261,2759,100000
99,run,10000,true,uniform,READ,2389060,1294217625,690687071,681269142,53335410,14857498,52617183,0,34,6275072,334,13806,1181245953,22673629,682043738,600710521,352836601,8782922,7349556986299,8621632767,1124242203,24561347,0.5,0.5,0,0,0,95683,1045.1177325125675,49872,371.1464749759384,199,21647,533,649,49872
99,run,10000,true,uniform,UPDATE,2389060,1294217625,690687071,681269142,53335410,14857498,52617183,0,34,6275072,334,13806,1181245953,22673629,682043738,600710521,352836601,8782922,7349556986299,8621632767,1124242203,24561347,0.5,0.5,0,0,0,95683,1045.1177325125675,50128,1524.2199968081711,411,151935,1769,2489,50128
99,reference,10000,true,uniform,READ,9084057,422183839,202244909,200257743,17810490,4952470,17136838,0,0,0,334,13811,1181776009,22677629,682065385,600986617,352918609,8783848,7351830386678,8623179954,1124646440,24561347,0.5,0.5,0,0,0,99363,1006.4108370318932,50098,391.03702742624455,225,21375,562,682,50098
99,reference,10000,true,uniform,UPDATE,9084057,422183839,202244909,200257743,17810490,4952470,17136838,0,0,0,334,13811,1181776009,22677629,682065385,600986617,352918609,8783848,7351830386678,8623179954,1124646440,24561347,0.5,0.5,0,0,0,99363,1006.4108370318932,49902,1583.744479179191,464,39583,2016,2457,49902
99,clean-run,10000,true,uniform,READ,173,7589539,3902107,3889880,1050978,50253,347500,0,0,0,334,13817,1182346532,22684833,682346897,601232601,353028434,8794396,7355334825918,8626537281,1125043352,24561736,0.5,0.5,0,0,0,97230,1028.4891494394735,49748,361.02888558334,190,23359,521,628,49748
99,clean-run,10000,true,uniform,UPDATE,173,7589539,3902107,3889880,1050978,50253,347500,0,0,0,334,13817,1182346532,22684833,682346897,601232601,353028434,8794396,7355334825918,8626537281,1125043352,24561736,0.5,0.5,0,0,0,97230,1028.4891494394735,50252,1561.523581150999,406,481279,1836,2867,50252
99,avg-run,10000,true,uniform,READ,255,15326660,7889202,7844886,2110639,100230,697161,0,0,0,334,13822,1182763862,22684833,682578535,601464278,353128359,8802117,7358293493178,8629475294,1125217542,24561736,0.5,0.5,0,0,0,91153,1097.056597149847,50049,354.30570041359465,190,19311,512,625,50049
99,avg-run,10000,true,uniform,UPDATE,255,15326660,7889202,7844886,2110639,100230,697161,0,0,0,334,13822,1182763862,22684833,682578535,601464278,353128359,8802117,7358293493178,8629475294,1125217542,24561736,0.5,0.5,0,0,0,91153,1097.056597149847,49951,1454.8405837720966,418,114303,1777,2287,49951
100,extend,10000,true,uniform,EXTEND,2514951,1305880697,699242368,689774021,54031997,14957542,53309010,0,34,6275072,334,13829,1183515725,22689466,682658824,601611008,353297771,8804335,7362060146345,8632599264,1125789349,24561736,0,0,0,0,1,190726,524.3123643341758,100000,1898.9032,680,109247,2289,2827,100000
100,run,10000,true,uniform,READ,2519695,1312525056,703898986,694387155,54382861,15007709,53657616,0,34,6275072,334,13834,1184115648,22689466,682916728,601870488,353423417,8814870,7365173525056,8635835022,1126088820,24603445,0.5,0.5,0,0,0,97964,1020.7831448287126,49875,369.6002807017544,219,11247,526,632,49875
100,run,10000,true,uniform,UPDATE,2519695,1312525056,703898986,694387155,54382861,15007709,53657616,0,34,6275072,334,13834,1184115648,22689466,682916728,601870488,353423417,8814870,7365173525056,8635835022,1126088820,24603445,0.5,0.5,0,0,0,97964,1020.7831448287126,50125,1571.2063042394016,416,274175,1816,2529,50125
100,reference,10000,true,uniform,READ,9459171,428612836,206065449,204058100,18160905,5002570,17472917,0,0,0,334,13838,1184588999,22699366,682947683,602147151,353508153,8817498,7367601106323,8637455405,1126528364,24603445,0.5,0.5,0,0,0,102258,977.9185980558979,49933,391.7035627741173,210,21263,562,687,49933
100,reference,10000,true,uniform,UPDATE,9459171,428612836,206065449,204058100,18160905,5002570,17472917,0,0,0,334,13838,1184588999,22699366,682947683,602147151,353508153,8817498,7367601106323,8637455405,1126528364,24603445,0.5,0.5,0,0,0,102258,977.9185980558979,50067,1636.8463858429704,505,56479,2063,2537,50067
100,clean-run,10000,true,uniform,READ,167,7633258,3960109,3947949,1054852,49802,347116,0,0,0,334,13844,1185088979,22701350,683195406,602396999,353622245,8822573,7370610534193,8640401834,1126722859,24669154,0.5,0.5,0,0,0,85906,1164.0630456545528,50206,346.4996613950524,210,16991,501,613,50206
100,clean-run,10000,true,uniform,UPDATE,167,7633258,3960109,3947949,1054852,49802,347116,0,0,0,334,13844,1185088979,22701350,683195406,602396999,353622245,8822573,7370610534193,8640401834,1126722859,24669154,0.5,0.5,0,0,0,85906,1164.0630456545528,49794,1360.3300799293088,405,358143,1760,2453,49794
100,avg-run,10000,true,uniform,READ,247,15397887,7947921,7903677,2114436,99768,696700,0,0,0,334,13849,1185508287,22701350,683425172,602626808,353722173,8830910,7373614799066,8643345741,1126901620,24669154,0.5,0.5,0,0,0,92763,1078.016019318047,50060,363.475469436676,205,23007,518,627,50060
100,avg-run,10000,true,uniform,UPDATE,247,15397887,7947921,7903677,2114436,99768,696700,0,0,0,334,13849,1185508287,22701350,683425172,602626808,353722173,8830910,7373614799066,8643345741,1126901620,24669154,0.5,0.5,0,0,0,92763,1078.016019318047,49940,1477.950841009211,416,127231,1801,2335,49940
