Epoch,Phase,Recordcount,Readallfields,Requestdist,Operation,blks_read,blks_hit,tup_returned,tup_fetched,tup_inserted,tup_updated,tup_deleted,deadlocks,temp_files,temp_bytes,checkpoints_timed,checkpoints_req,buffers_checkpoint,buffers_clean,buffers_backend,buffers_alloc,checkpoint_write_time,checkpoint_sync_time,wal_bytes,wal_records,wal_fpi,wal_buffers_full,Readprop,Updateprop,Scanprop,Insertprop,Extendprop,Runtime(ms),Throughput(ops/sec),Operations,AverageLatency(us),MinLatency(us),MaxLatency(us),95thPercentileLatency(us),99thPercentileLatency(us),Return=OK
0,load,10000,true,uniform,INSERT,1,37895,2141,1177,10119,1,0,0,0,0,25,315,1864036,7972554,25723773,21752387,13463290,64885,116685955513,255151531,7294704,330279,1,0,0,0,0,13060,765.6967840735069,10000,1242.3381,824,11727,1560,1689,10000
1,extend,10000,true,uniform,EXTEND,2,1159515,243083,220953,18700,100023,1610,0,0,0,25,315,1864036,7972554,25723773,21758366,13463290,64885,116788030076,255544534,7294710,330279,0,0,0,0,1,149172,670.3670930201379,100000,1483.1729,412,32799,1968,2077,100000
1,run,10000,true,uniform,READ,2,1719439,441902,399326,18812,100034,1708,0,0,0,25,315,1864036,7972554,25723773,21758369,13463290,64885,116789170381,255560416,7294710,330279,1,0,0,0,0,4229,23646.252069047056,100000,37.63039,22,11255,51,85,100000
1,reference,10000,true,uniform,READ,1,341997,114543,101822,10181,12,62,0,0,0,25,315,1864036,7972554,25723773,21758369,13463290,64885,116789170381,255560416,7294710,330279,1,0,0,0,0,3688,27114.967462039047,100000,32.50916,18,11911,41,73,100000
1,clean-run,10000,true,uniform,READ,510,575848,186019,175050,16877,1,0,0,4,385024,25,316,1872478,7972554,25731563,21762293,13463392,64895,116816124207,255581142,7295697,330409,1,0,0,0,0,4117,24289.53121204761,100000,36.70787,22,12807,47,77,100000
1,avg-run,10000,true,uniform,READ,512,1271189,418124,377110,36877,5,0,0,4,385024,25,316,1872478,7972554,25731563,21765233,13463392,64895,116840250474,255631389,7295730,330409,1,0,0,0,0,4162,24026.910139356078,100000,36.96433,21,13455,46,71,100000
2,extend,10000,true,uniform,EXTEND,2,3646866,940911,843054,57667,200056,19557,0,0,0,25,316,1872478,7972554,25731563,21767132,13463392,64895,116966846407,256130834,7301564,330409,0,0,0,0,1,153152,652.9460927705809,100000,1523.43282,427,31279,1996,2109,100000
2,run,10000,true,uniform,READ,2,4902294,1370540,1252237,57828,200067,19706,0,0,0,25,316,1872478,7972554,25731563,21767132,13463392,64895,116968284409,256149865,7301564,330409,1,0,0,0,0,4848,20627.062706270626,100000,43.78244,23,15367,61,133,100000
2,reference,10000,true,uniform,READ,1,644510,238457,203085,10181,12,62,0,0,0,25,316,1872478,7972554,25731563,21767132,13463392,64895,116968284409,256149865,7301564,330409,1,0,0,0,0,3793,26364.35539151068,100000,33.59454,21,11983,45,77,100000
2,clean-run,10000,true,uniform,READ,533,1247554,377612,367520,36637,1,0,0,4,385024,25,317,1880296,7972554,25737626,21772395,13463474,64901,117007812136,256207412,7302549,331833,1,0,0,0,0,4700,21276.59574468085,100000,42.39297,23,11167,54,84,100000
2,avg-run,10000,true,uniform,READ,535,3027531,919986,878972,86810,5,0,0,4,385024,25,317,1880296,7972554,25737626,21776846,13463474,64901,117046729541,256319170,7302595,331833,1,0,0,0,0,4974,20104.54362685967,100000,44.99894,27,15639,56,114,100000
3,extend,10000,true,uniform,EXTEND,2,7790962,2137864,1959747,110688,300089,56606,0,0,0,25,317,1880296,7972554,25737626,21779519,13463474,64901,117204694812,256894763,7310140,331833,0,0,0,0,1,156830,637.633105910859,100000,1559.50706,448,33535,2022,2135,100000
3,run,10000,true,uniform,READ,2,9580396,2742477,2543914,110901,300100,56806,0,0,0,25,317,1880296,7972554,25737626,21779519,13463474,64901,117206668426,256921270,7310140,331833,1,0,0,0,0,5126,19508.388607101053,100000,46.53717,27,12551,63,242,100000
3,reference,10000,true,uniform,READ,1,947023,362371,304348,10181,12,62,0,0,0,25,317,1880296,7972554,25737626,21779519,13463474,64901,117206668426,256921270,7310140,331833,1,0,0,0,0,3760,26595.744680851065,100000,32.87077,22,13599,45,78,100000
3,clean-run,10000,true,uniform,READ,517,1790645,531616,521524,52071,1,0,0,4,385024,25,318,1890685,7972554,25747346,21786283,13463596,64912,117258492934,257009852,7311125,332559,1,0,0,0,0,5470,18281.535648994515,100000,49.87392,27,14295,67,157,100000
3,avg-run,10000,true,uniform,READ,519,4281511,1276724,1235710,122294,5,0,0,4,385024,25,318,1890685,7972554,25747346,21792414,13463596,64912,117310438109,257161565,7311183,332559,1,0,0,0,0,5177,19316.206297083252,100000,46.96736,31,12863,58,102,100000
4,extend,10000,true,uniform,EXTEND,2,13242950,3699705,3438396,171660,400122,106776,0,0,0,25,318,1890685,7972554,25747346,21794972,13463596,64912,117496280324,257783135,7321159,332559,0,0,0,0,1,164856,606.5899936914641,100000,1639.50819,453,31375,2049,2167,100000
4,run,10000,true,uniform,READ,2,15994750,4422813,4141058,171921,400133,107024,0,0,0,25,318,1890685,7972554,25747346,21794972,13463596,64912,117498684147,257815478,7321159,332559,1,0,0,0,0,5897,16957.775139901645,100000,54.52484,31,13551,74,106,100000
4,reference,10000,true,uniform,READ,1,1249536,486285,405611,10181,12,62,0,0,0,25,318,1890685,7972554,25747346,21794975,13463596,64912,117498700888,257815747,7321159,332559,1,0,0,0,0,3636,27502.7502750275,100000,31.87391,22,12447,46,81,100000
4,clean-run,10000,true,uniform,READ,501,2170422,639091,628999,62824,1,0,0,4,385024,25,319,1903396,7972554,25760136,21803147,13463717,64919,117562119031,257925969,7322144,335197,1,0,0,0,0,5133,19481.784531463083,100000,46.85073,29,12743,71,150,100000
4,avg-run,10000,true,uniform,READ,503,5057161,1497165,1456151,143097,5,0,0,4,385024,25,319,1903396,7972554,25760136,21810654,13463717,64919,117625755399,258099669,7322148,335197,1,0,0,0,0,5835,17137.96058269066,100000,53.97242,34,12655,72,103,100000
5,extend,10000,true,uniform,EXTEND,2,20788170,5502311,5158874,238448,500155,166017,0,0,0,25,319,1903396,7972554,25760136,21813399,13463717,64919,117830377217,258747683,7334361,335197,0,0,0,0,1,149284,669.8641515500657,100000,1484.40573,461,30623,2012,2141,100000
5,run,10000,true,uniform,READ,2,23868501,6306522,5941763,238754,500166,166306,0,0,0,25,319,1903396,7972554,25760136,21813400,13463717,64919,117833307515,258787234,7334362,335197,1,0,0,0,0,6253,15992.323684631378,100000,57.76829,32,12271,79,138,100000
5,reference,10000,true,uniform,READ,1,1552049,610199,506874,10181,12,62,0,0,0,25,319,1903396,7972554,25760136,21813400,13463717,64919,117833307515,258787234,7334362,335197,1,0,0,0,0,3602,27762.3542476402,100000,31.30508,22,11239,40,75,100000
5,clean-run,10000,true,uniform,READ,534,2631307,773066,762097,70708,1,0,0,4,385024,25,320,1918657,7972554,25775894,21823043,13463880,64927,117908993652,258921698,7335349,338804,1,0,0,0,0,6311,15845.349389954048,100000,58.18291,31,15655,88,163,100000
5,avg-run,10000,true,uniform,READ,536,5438154,1606141,1565127,150708,5,0,0,4,385024,25,320,1918657,7972554,25775894,21831650,13463880,64927,117981896085,259091997,7335351,338804,1,0,0,0,0,5661,17664.72354707649,100000,51.63792,34,16767,74,152,100000
6,extend,10000,true,uniform,EXTEND,2,29295497,7529038,7105742,310362,600199,232287,0,0,0,25,320,1918657,7972554,25775894,21834291,13463880,64927,118204467608,259787211,7349954,338804,0,0,0,0,1,155569,642.8015864343154,100000,1547.44609,454,26719,2033,2155,100000
6,run,10000,true,uniform,READ,2,32595982,8388930,7945188,310708,600210,232628,0,0,0,25,320,1918657,7972554,25775894,21834376,13463880,64927,118206229079,259805943,7349955,338804,1,0,0,0,0,6589,15176.809834572772,100000,61.03219,34,16655,74,115,100000
6,reference,10000,true,uniform,READ,1,1854562,734113,608137,10181,12,62,0,0,0,25,320,1918657,7972554,25775894,21834376,13463880,64927,118206229079,259805943,7349955,338804,1,0,0,0,0,3655,27359.781121751024,100000,31.76086,21,11463,41,68,100000
6,clean-run,10000,true,uniform,READ,470,2645869,773733,762767,76193,1,0,0,4,385024,25,321,1936256,7972554,25794207,21845259,13464066,64932,118291621621,259943114,7350940,341725,1,0,0,0,0,5754,17379.21445950643,100000,52.8327,33,13159,77,161,100000
6,avg-run,10000,true,uniform,READ,472,5803335,1705156,1664145,166193,5,0,0,4,385024,25,321,1936256,7972554,25794207,21854832,13464066,64932,118375975082,260133442,7350942,341725,1,0,0,0,0,5950,16806.722689075632,100000,54.83901,36,15479,66,200,100000
7,extend,10000,true,uniform,EXTEND,2,38273863,9664129,9162805,386301,700243,303859,0,0,0,25,321,1936256,7972554,25794207,21857221,13464066,64932,118617256001,260851182,7367855,341725,0,0,0,0,1,152059,657.6394688903649,100000,1512.11211,444,24991,2015,2139,100000
7,run,10000,true,uniform,READ,2,41734841,10563104,10041334,386674,700254,304222,0,0,0,25,321,1936256,7972554,25794207,21857316,13464066,64932,118619296690,260873778,7367855,341725,1,0,0,0,0,6614,15119.443604475355,100000,61.35793,35,14119,74,121,100000
7,reference,10000,true,uniform,READ,1,2157075,858027,709400,10181,12,62,0,0,0,25,321,1936256,7972554,25794207,21857316,13464066,64932,118619296690,260873778,7367855,341725,1,0,0,0,0,4171,23975.065931431312,100000,36.77192,23,12943,47,78,100000
7,clean-run,10000,true,uniform,READ,405,2803270,816971,806879,80600,1,0,0,4,385024,25,322,1955830,7972554,25814482,21869475,13464262,64975,118715343362,261019915,7368840,346998,1,0,0,0,0,5996,16677.78519012675,100000,55.03819,36,16263,79,139,100000
7,avg-run,10000,true,uniform,READ,407,6052145,1775621,1734607,171023,5,0,0,4,385024,25,322,1955830,7972554,25814482,21881272,13464262,64975,118810831980,261215258,7368844,346998,1,0,0,0,0,5871,17032.873445750298,100000,53.82205,38,14319,68,162,100000
8,extend,10000,true,uniform,EXTEND,2,47564746,11867682,11289667,465537,800287,379330,0,0,0,25,322,1955830,7972554,25814482,21883610,13464262,64975,119070120424,261948983,7387847,346998,0,0,0,0,1,155416,643.4343954290421,100000,1545.89179,498,25311,1994,2135,100000
8,run,10000,true,uniform,READ,2,51148258,12796533,12198072,465932,800298,379724,0,0,0,25,322,1955830,7972554,25814482,21883614,13464262,64975,119072522568,261977105,7387849,346998,1,0,0,0,0,6912,14467.592592592593,100000,64.31664,38,16623,88,160,100000
8,reference,10000,true,uniform,READ,1,2459661,982831,810677,10181,12,62,0,0,0,25,322,1955830,7972554,25814482,21883614,13464262,64975,119072522568,261977105,7387849,346998,1,0,0,0,0,3926,25471.21752419766,100000,34.28038,22,12847,43,69,100000
8,clean-run,10000,true,uniform,READ,309,2942282,856184,846092,84546,1,0,0,4,385024,25,323,1977180,7972554,25838113,21897059,13464582,65007,119179145867,262131127,7388834,351961,1,0,0,0,0,6339,15775.358889414734,100000,58.9963,35,12503,80,150,100000
8,avg-run,10000,true,uniform,READ,311,6252158,1834880,1793861,174549,5,0,0,4,385024,25,323,1977180,7972554,25838113,21909860,13464582,65007,119283645885,262323761,7388837,351961,1,0,0,0,0,6220,16077.170418006432,100000,57.28969,38,14895,83,147,100000
9,extend,10000,true,uniform,EXTEND,2,57054725,14115064,13460351,547208,900331,458027,0,0,0,25,323,1977180,7972554,25838113,21912573,13464582,65007,119562950047,263080440,7409648,351961,0,0,0,0,1,140398,712.2608584167866,100000,1395.88547,456,33535,1904,2057,100000
9,run,10000,true,uniform,READ,2,60710207,15063601,14388442,547621,900342,458438,0,0,0,25,323,1977180,7972554,25838113,21912575,13464582,65007,119565020015,263102016,7409653,351961,1,0,0,0,0,7294,13709.898546750754,100000,68.19146,41,16255,96,181,100000
9,reference,10000,true,uniform,READ,1,2762174,1106745,911940,10181,12,62,0,0,0,25,323,1977180,7972554,25838113,21912575,13464582,65007,119565020015,263102016,7409653,351961,1,0,0,0,0,3798,26329.647182727753,100000,33.05873,22,12799,42,73,100000
9,clean-run,10000,true,uniform,READ,245,3198225,928024,917055,88372,1,0,0,4,385024,25,324,2000758,7972554,25864407,21927473,13465029,65049,119683835717,263277371,7410640,357127,1,0,0,0,0,6329,15800.284405119291,100000,58.81913,36,15231,89,155,100000
9,avg-run,10000,true,uniform,READ,247,6716292,1961634,1920620,188372,5,0,0,4,385024,25,324,2000758,7972554,25864407,21942327,13465029,65049,119799679250,263487726,7410642,357127,1,0,0,0,0,6174,16196.954972465177,100000,56.76906,40,15887,84,153,100000
10,extend,10000,true,uniform,EXTEND,2,66650804,16384681,15653995,631525,1000375,539786,0,0,0,25,324,2000758,7972554,25864407,21944356,13465029,65049,120099618510,264258469,7433691,357127,0,0,0,0,1,149623,668.3464440627444,100000,1487.98399,466,33215,1930,2067,100000
10,run,10000,true,uniform,READ,2,70353976,17347853,16596721,631946,1000386,540209,0,0,0,25,324,2000758,7972554,25864407,21944357,13465029,65049,120102790534,264299133,7433703,357127,1,0,0,0,0,6774,14762.326542663124,100000,62.90249,42,13687,83,145,100000
10,reference,10000,true,uniform,READ,1,3064687,1230659,1013203,10181,12,62,0,0,0,25,324,2000758,7972554,25864407,21944357,13465029,65049,120102790534,264299133,7433703,357127,1,0,0,0,0,3371,29664.78789676654,100000,28.91868,22,12631,38,68,100000
10,clean-run,10000,true,uniform,READ,245,3243573,942090,931121,90925,1,0,0,4,393216,25,325,2025847,7972554,25893522,21960573,13465578,65085,120232077775,264481033,7434691,364390,1,0,0,0,0,6959,14369.880729989942,100000,65.14284,40,13431,99,152,100000
10,avg-run,10000,true,uniform,READ,247,6761645,1975740,1934726,190925,5,0,0,4,393216,25,325,2025847,7972554,25893522,21975427,13465578,65085,120357921304,264691388,7434693,364390,1,0,0,0,0,6423,15569.048731122528,100000,59.45667,41,15071,71,131,100000
11,extend,10000,true,uniform,EXTEND,2,76293544,18669739,17863050,718734,1100419,623971,0,0,0,25,326,2039337,7972554,25924246,21977749,13465578,65085,120801199598,265490243,7484386,364390,0,0,0,0,1,148995,671.1634618611363,100000,1481.96277,477,26735,1927,2077,100000
11,run,10000,true,uniform,READ,2,80043441,19653974,18826839,719170,1100430,624409,0,0,0,25,326,2039698,7972554,25924248,21977751,13465578,65085,120804350764,265529916,7484438,364390,1,0,0,0,0,7329,13644.426251876108,100000,68.4987,45,17023,88,154,100000
11,reference,10000,true,uniform,READ,1,3367200,1354573,1114466,10181,12,62,0,0,0,25,326,2039740,7972554,25924248,21977751,13465578,65085,120804350764,265529916,7484438,364390,1,0,0,0,0,3813,26226.068712300028,100000,33.53343,22,12551,42,72,100000
11,clean-run,10000,true,uniform,READ,246,3206346,945697,934731,93384,1,0,0,4,385024,25,327,2064950,7972554,25924249,21995214,13501135,65094,120942263573,265701859,7485425,370988,1,0,0,0,0,6935,14419.610670511896,100000,64.46154,42,15983,79,119,100000
11,avg-run,10000,true,uniform,READ,248,6728843,1977120,1936109,193384,5,0,0,4,385024,25,327,2064950,7972554,25924249,22012543,13501135,65094,121078107136,265912215,7485427,370988,1,0,0,0,0,6665,15003.750937734434,100000,61.72775,41,13551,89,148,100000
12,extend,10000,true,uniform,EXTEND,2,86020849,20993532,20111328,810796,1200463,711950,0,0,0,25,328,2086141,7972554,25958950,22015121,13501135,65094,121566438291,266720688,7539617,370988,0,0,0,0,1,143812,695.3522654576809,100000,1430.02253,467,28159,1931,2083,100000
12,run,10000,true,uniform,READ,2,89834379,22011136,21108486,811247,1200474,712399,0,0,0,25,328,2086536,7972554,25958951,22015122,13501135,65094,121569559948,266759279,7539658,370988,1,0,0,0,0,8009,12485.953302534648,100000,75.51044,46,14791,102,204,100000
12,reference,10000,true,uniform,READ,1,3669713,1478487,1215729,10181,12,62,0,0,0,25,328,2086580,7972554,25958951,22015122,13501135,65094,121569559948,266759279,7539658,370988,1,0,0,0,0,4007,24956.32642874969,100000,35.22646,22,11239,47,75,100000
12,clean-run,10000,true,uniform,READ,117,3358357,995381,984412,97932,1,0,0,4,385024,25,329,2113627,7972554,25958952,22033891,13563473,65108,121720050914,266957919,7540647,380398,1,0,0,0,0,6927,14436.263894904,100000,64.44793,44,13695,84,125,100000
12,avg-run,10000,true,uniform,READ,119,6881486,2029181,1988167,197932,5,0,0,4,385024,25,329,2113627,7972554,25958952,22051335,13563473,65108,121865894446,267168274,7540649,380398,1,0,0,0,0,6514,15351.550506601166,100000,60.24371,42,15967,77,119,100000
13,extend,10000,true,uniform,EXTEND,2,95875601,23387462,22430908,908957,1300507,804817,0,0,0,25,330,2139190,7972554,25995475,22054315,13563473,65108,122368117301,267999923,7599223,380398,0,0,0,0,1,140198,713.2769369035221,100000,1394.18496,493,33215,1912,2065,100000
13,run,10000,true,uniform,READ,2,99758281,24453740,23476740,909413,1300518,805273,0,0,0,25,330,2139565,7972554,25995477,22054317,13563473,65108,122370976711,268033890,7599256,380398,1,0,0,0,0,7565,13218.770654329148,100000,71.23183,45,13943,93,183,100000
13,reference,10000,true,uniform,READ,1,3972226,1602401,1316992,10181,12,62,0,0,0,25,330,2139607,7972554,25995477,22054317,13563473,65108,122370976711,268033890,7599256,380398,1,0,0,0,0,3826,26136.957658128595,100000,33.77877,22,11791,46,73,100000
13,clean-run,10000,true,uniform,READ,53,3386421,1040991,1030899,102994,1,0,0,4,385024,25,331,2169551,7972554,25995478,22074451,13644645,65136,122530234280,268225146,7600243,390855,1,0,0,0,0,6853,14592.149423610097,100000,63.87751,40,12687,92,165,100000
13,avg-run,10000,true,uniform,READ,55,6916159,2073495,2032481,203007,5,0,0,4,385024,25,331,2169551,7972554,25995478,22094782,13644645,65136,122686127656,268436145,7600246,390855,1,0,0,0,0,6790,14727.540500736377,100000,63.54674,40,12671,80,120,100000
14,extend,10000,true,uniform,EXTEND,2,105876427,25886951,24857013,1013951,1400551,903436,0,0,0,25,332,2202035,7972554,26036222,22097671,13644645,65136,123225832021,269308332,7660538,390855,0,0,0,0,1,140536,711.5614504468606,100000,1397.67427,470,45727,1911,2095,100000
14,run,10000,true,uniform,READ,2,109812574,27014353,25963969,1014415,1400562,903896,0,0,0,25,332,2202339,7972554,26036223,22097672,13644645,65136,123227953155,269329171,7660540,390855,1,0,0,0,0,7598,13161.358252171623,100000,71.712,44,13879,87,182,100000
14,reference,10000,true,uniform,READ,1,4274739,1726315,1418255,10181,12,62,0,0,0,25,332,2202378,7972554,26036223,22097672,13644645,65136,123227953155,269329171,7660540,390855,1,0,0,0,0,3607,27723.87025228722,100000,31.53042,21,10855,41,67,100000
14,clean-run,10000,true,uniform,READ,53,3520195,1110752,1099783,110127,1,0,0,4,385024,25,333,2236497,7972554,26036224,22119293,13744563,65186,123400315641,269554879,7661530,401305,1,0,0,0,0,7123,14039.028499227854,100000,66.97265,42,12543,91,144,100000
14,avg-run,10000,true,uniform,READ,55,7050341,2144617,2103603,210127,5,0,0,4,385024,25,333,2236497,7972554,26036224,22140123,13744563,65186,123566159204,269765235,7661532,401305,1,0,0,0,0,6849,14600.671630895022,100000,63.76409,41,17839,82,152,100000
15,extend,10000,true,uniform,EXTEND,2,116017570,28522458,27419803,1126435,1500595,1008679,0,0,0,25,334,2272454,7972554,26077629,22141558,13744563,65186,124123833757,270655668,7724015,401305,0,0,0,0,1,147118,679.7264780652265,100000,1463.10984,483,76095,1929,2089,100000
15,run,10000,true,uniform,READ,2,120005150,29720914,28597813,1126905,1500606,1009149,0,0,0,25,334,2272945,7972554,26077631,22141560,13744563,65186,124127620814,270705318,7724034,401305,1,0,0,0,0,7545,13253.810470510272,100000,71.02343,47,16191,85,150,100000
15,reference,10000,true,uniform,READ,1,4577252,1850229,1519518,10181,12,62,0,0,0,25,334,2272989,7972554,26077631,22141560,13744563,65186,124127620814,270705318,7724034,401305,1,0,0,0,0,3978,25138.26043237808,100000,35.16068,21,10519,45,76,100000
15,clean-run,10000,true,uniform,READ,53,3533464,1182162,1171196,117082,1,0,0,4,385024,25,335,2308123,7972554,26077632,22164431,13858894,65223,124308796607,270924804,7725021,412338,1,0,0,0,0,7378,13553.808620222282,100000,69.52131,44,13359,93,144,100000
15,avg-run,10000,true,uniform,READ,55,7071717,2213696,2172681,217082,5,0,0,4,385024,25,335,2308123,7972554,26077632,22189762,13858894,65223,124484640188,271135160,7725023,412338,1,0,0,0,0,7033,14218.683349921797,100000,65.46861,42,17311,90,136,100000
16,extend,10000,true,uniform,EXTEND,2,126270895,31317837,30142473,1247876,1600639,1121981,0,0,0,25,336,2349127,7972554,26125570,22191918,13858894,65223,125055085453,272056805,7786172,412338,0,0,0,0,1,154152,648.7103637967721,100000,1533.2476,502,70335,1943,2099,100000
16,run,10000,true,uniform,READ,2,130289877,32596665,31400855,1248345,1600650,1122453,0,0,0,25,336,2349698,7972554,26125571,22191919,13858894,65223,125059386261,272115323,7786184,412338,1,0,0,0,0,7747,12908.22253775655,100000,72.94781,48,15303,87,159,100000
16,reference,10000,true,uniform,READ,1,4879765,1974143,1620781,10181,12,62,0,0,0,25,336,2349737,7972554,26125571,22191919,13858894,65223,125059386261,272115323,7786184,412338,1,0,0,0,0,3622,27609.055770292656,100000,31.52615,21,10775,42,71,100000
16,clean-run,10000,true,uniform,READ,53,3634524,1265959,1254990,125825,1,0,0,4,385024,25,337,2386610,7972554,26125572,22216399,13989251,65265,125254053786,272375572,7787174,424026,1,0,0,0,0,7169,13948.946854512484,100000,67.00674,43,14663,83,137,100000
16,avg-run,10000,true,uniform,READ,55,7173674,2299849,2258835,225825,5,0,0,4,385024,25,337,2386610,7972554,26125572,22241730,13989251,65265,125439957921,272586411,7787301,424026,1,0,0,0,0,7425,13468.013468013469,100000,69.73154,47,14959,91,196,100000
17,extend,10000,true,uniform,EXTEND,2,136608147,34290756,33042729,1377988,1700672,1243225,0,0,0,25,338,2429349,7972554,26174918,22243747,13989251,65265,126022146446,273543359,7847586,424026,0,0,0,0,1,143929,694.7870130411522,100000,1431.61177,478,70271,1860,2024,100000
17,run,10000,true,uniform,READ,2,140656531,35657981,34389508,1378464,1700683,1243699,0,0,0,25,338,2429915,7972554,26174918,22243747,13989251,65265,126026566085,273603582,7847609,424026,1,0,0,0,0,8115,12322.858903265558,100000,76.56046,46,15335,106,261,100000
17,reference,10000,true,uniform,READ,1,5182278,2098057,1722044,10181,12,62,0,0,0,25,338,2429956,7972554,26174918,22243747,13989251,65265,126026566135,273603583,7847609,424026,1,0,0,0,0,3748,26680.896478121664,100000,33.13191,21,11487,42,68,100000
17,clean-run,10000,true,uniform,READ,53,3625966,1353998,1343032,134238,1,0,0,4,385024,25,339,2468801,7972554,26174919,22269522,14122178,65307,126230064342,273857777,7848597,437986,1,0,0,0,0,9189,10882.576994232235,100000,87.22571,46,13175,140,331,100000
17,avg-run,10000,true,uniform,READ,55,7164475,2385532,2344517,234238,5,0,0,4,385024,25,339,2468801,7972554,26174919,22294905,14122178,65307,126425977121,274068625,7848726,437986,1,0,0,0,0,6977,14332.807797047442,100000,65.50651,47,12823,77,151,100000
18,extend,10000,true,uniform,EXTEND,2,147060092,37462581,36141238,1517774,1800705,1373471,0,0,0,25,340,2511832,7972554,26225245,22296619,14122178,65307,127016588782,275060375,7907794,437986,0,0,0,0,1,144190,693.5293709688606,100000,1433.95254,478,70271,1882,2045,100000
18,run,10000,true,uniform,READ,2,151141152,38925123,37583334,1518249,1800716,1373951,0,0,0,25,340,2512426,7972554,26225245,22296619,14122178,65307,127021529062,275129365,7907839,437986,1,0,0,0,0,8356,11967.448539971278,100000,78.96396,48,16015,97,225,100000
18,reference,10000,true,uniform,READ,1,5484791,2221971,1823307,10181,12,62,0,0,0,25,340,2512466,7972554,26225245,22296619,14122178,65307,127021529062,275129365,7907839,437986,1,0,0,0,0,3576,27964.20581655481,100000,31.15906,21,10783,45,73,100000
18,clean-run,10000,true,uniform,READ,53,3724973,1451186,1440137,144218,18,0,0,4,385024,25,341,2552718,7972554,26225246,22323952,14260128,65351,127238839228,275429488,7908828,451834,1,0,0,0,0,10483,9539.254030334829,100000,100.25119,48,13527,273,367,100000
18,avg-run,10000,true,uniform,READ,55,7612785,2585099,2544005,254218,22,0,0,4,385024,25,341,2552718,7972554,26225246,22349607,14260128,65351,127446197593,275660372,7908959,451834,1,0,0,0,0,7499,13335.111348179757,100000,70.58477,49,15919,90,176,100000
19,extend,10000,true,uniform,EXTEND,2,157635176,40845443,39450028,1667495,1900738,1513654,0,0,0,25,342,2594908,7972554,26278405,22352387,14260128,65351,128035155955,276689438,7964774,451834,0,0,0,0,1,145911,685.3492882647641,100000,1451.42555,510,70015,1890,2044,100000
19,run,10000,true,uniform,READ,2,161748953,42403278,40987417,1667925,1900749,1514131,0,0,0,25,342,2595490,7972554,26278406,22352387,14260128,65351,128040403229,276765270,7964820,451834,1,0,0,0,0,8634,11582.117211026176,100000,81.76276,51,14791,111,253,100000
19,reference,10000,true,uniform,READ,1,5787304,2345885,1924570,10181,12,62,0,0,0,25,342,2595535,7972554,26278406,22352387,14260128,65351,128040403229,276765270,7964820,451834,1,0,0,0,0,4086,24473.813020068526,100000,36.33878,21,13031,45,77,100000
19,clean-run,10000,true,uniform,READ,117,3770244,1544207,1533238,153618,1,0,0,4,385024,25,343,2638369,7972554,26278407,22381184,14408489,65393,128268957574,277085709,7965809,466930,1,0,0,0,0,11715,8536.064874093043,100000,112.16348,50,15983,299,383,100000
19,avg-run,10000,true,uniform,READ,119,8950783,3677901,3636887,363618,5,0,0,4,385024,25,343,2638369,7972554,26278407,22415450,14408489,65393,128499616310,277516851,7965938,466930,1,0,0,0,0,7792,12833.675564681726,100000,73.2654,52,17295,89,169,100000
20,extend,10000,true,uniform,EXTEND,2,168319956,44436608,42966478,1826071,2000771,1663257,0,0,0,25,344,2687731,7972554,26340633,22418162,14545795,65406,129093203161,278572199,8021340,466930,0,0,0,0,1,153018,653.5178867845613,100000,1522.22525,528,48511,1931,2085,100000
20,run,10000,true,uniform,READ,2,172468825,46085637,44594185,1826312,2000782,1663570,0,0,0,25,344,2687731,7972554,26340633,22418178,14545795,65406,129099242215,278667254,8021410,466930,1,0,0,0,0,8337,11994.722322178242,100000,78.75699,52,14383,105,205,100000
20,reference,10000,true,uniform,READ,1,6089817,2469799,2025833,10181,12,62,0,0,0,25,344,2687731,7972554,26340633,22418178,14545795,65406,129099242215,278667254,8021410,466930,1,0,0,0,0,3457,28926.81515765114,100000,29.88941,21,10919,42,73,100000
20,clean-run,10000,true,uniform,READ,181,4721989,1633539,1622570,162440,1,0,0,4,385024,25,345,2732875,7972554,26341531,22448373,14547598,65440,129338692802,279006947,8022399,481596,1,0,0,0,0,11837,8448.086508405846,100000,113.59394,52,13719,303,378,100000
20,avg-run,10000,true,uniform,READ,183,9902361,3766288,3725274,372440,5,0,0,4,385024,25,345,2732875,7972554,26341531,22482639,14547598,65440,129579296569,279437607,8022401,481596,1,0,0,0,0,8082,12373.174956693887,100000,76.43421,53,13951,92,187,100000
21,extend,10000,true,uniform,EXTEND,2,179141473,48223722,46678824,1992390,2100815,1821194,0,0,0,25,346,2777660,7972554,26405311,22484626,14684951,65449,130165487844,280547617,8076044,481596,0,0,0,0,1,160296,623.8458851125419,100000,1594.37299,534,70143,1987,2141,100000
21,run,10000,true,uniform,READ,2,183317990,49955149,48389805,1992527,2100826,1821347,0,0,0,25,346,2777660,7972554,26405311,22484659,14684951,65449,130169787153,280617113,8076077,481596,1,0,0,0,0,9577,10441.683199331732,100000,90.90132,54,15159,104,334,100000
21,reference,10000,true,uniform,READ,1,6392403,2594603,2127110,10181,12,62,0,0,0,25,346,2777660,7972554,26405311,22484659,14684951,65449,130169787153,280617113,8076077,481596,1,0,0,0,0,4046,24715.768660405338,100000,35.64342,23,13039,48,78,100000
21,clean-run,10000,true,uniform,READ,245,4778036,1717297,1706328,170714,1,0,0,4,385024,25,347,2824528,7972554,26405345,22516353,14686862,65485,130420238742,280975106,8077066,498395,1,0,0,0,0,13719,7289.161017566878,100000,131.71039,60,14767,332,392,100000
21,avg-run,10000,true,uniform,READ,247,9958416,3849526,3808512,380714,5,0,0,4,385024,25,347,2824528,7972554,26405345,22550619,14686862,65485,130670891827,281405919,8077112,498395,1,0,0,0,0,8507,11755.025273304338,100000,80.11697,57,17231,96,182,100000
22,extend,10000,true,uniform,EXTEND,2,190044795,52188699,50570696,2165444,2200848,1986485,0,0,0,25,349,2865475,7972554,26470218,22552200,14812233,65496,131253606096,282514378,8128072,498395,0,0,0,0,1,152949,653.8127088114338,100000,1520.84421,520,66623,1932,2093,100000
22,run,10000,true,uniform,READ,2,194288492,54000414,52361089,2165521,2200859,1986581,0,0,0,25,349,2882014,7972554,26470219,22552200,14812233,65496,131395446483,282630940,8161402,508241,1,0,0,0,0,13236,7555.152614082805,100000,126.84683,67,16359,313,387,100000
22,reference,10000,true,uniform,READ,1,6694989,2719407,2228387,10181,12,62,0,0,0,25,349,2882054,7972554,26470219,22552200,14812233,65496,131395446483,282630940,8161402,508241,1,0,0,0,0,3598,27793.218454697053,100000,31.21374,20,13551,41,72,100000
22,clean-run,10000,true,uniform,READ,117,4847322,1794264,1783295,178363,1,0,0,4,385024,25,350,2918474,7972554,26470220,22585180,14832427,65539,131656893419,283005671,8162391,524026,1,0,0,0,0,13762,7266.385699752943,100000,132.55762,60,14439,325,391,100000
22,avg-run,10000,true,uniform,READ,119,10027366,3926193,3885179,388363,5,0,0,4,385024,25,350,2918474,7972554,26470220,22619446,14832427,65539,131917497186,283436331,8162393,524026,1,0,0,0,0,12835,7791.195948578107,100000,123.30729,75,14567,320,383,100000
23,extend,10000,true,uniform,EXTEND,2,201122334,56321024,54630242,2344804,2300881,2158966,0,0,0,25,352,2968414,7972554,26537571,22622221,14946432,65555,132581830855,284590132,8227053,524026,0,0,0,0,1,149427,669.2230989044817,100000,1485.55702,507,70399,1909,2073,100000
23,run,10000,true,uniform,READ,2,205429927,58201307,56490079,2344844,2300892,2159013,0,0,0,25,352,2974734,7972554,26537571,22622221,14946432,65555,132633551117,284668984,8240427,525930,1,0,0,0,0,13068,7652.280379553107,100000,125.43533,69,15623,314,385,100000
23,reference,10000,true,uniform,READ,1,6997502,2843321,2329650,10181,12,62,0,0,0,25,352,2974776,7972554,26537571,22622221,14946432,65555,132633551117,284668984,8240427,525930,1,0,0,0,0,3875,25806.451612903227,100000,34.32282,22,12055,47,76,100000
23,clean-run,10000,true,uniform,READ,53,4930693,1863333,1852364,185239,1,0,0,4,385024,25,353,3019654,7972554,26537572,22656404,14975893,65602,132905913250,285058526,8241416,546249,1,0,0,0,0,13541,7384.978952809985,100000,130.04335,71,16247,322,389,100000
23,avg-run,10000,true,uniform,READ,55,10110308,3995077,3954063,395239,5,0,0,4,385024,25,354,3021100,7972554,26603475,22690670,14975893,65602,133176907733,285489242,8241506,546249,1,0,0,0,0,9968,10032.102728731943,100000,94.84317,68,14175,149,334,100000
24,extend,10000,true,uniform,EXTEND,2,212379510,60600261,58838262,2529884,2400914,2338023,0,0,0,25,355,3078550,7972554,26607498,22694691,15083811,65639,133895174117,286644910,8315205,546249,0,0,0,0,1,135087,740.2636819235012,100000,1343.38727,520,69887,1652,1797,100000
24,run,10000,true,uniform,READ,2,216776284,62539316,60756871,2529904,2400925,2338049,0,0,0,25,355,3085203,7972554,26607504,22694696,15083811,65639,133941665705,286743234,8327187,547767,1,0,0,0,0,15573,6421.370320426379,100000,150.29201,74,14039,342,407,100000
24,reference,10000,true,uniform,READ,1,7300015,2967235,2430913,10181,12,62,0,0,0,25,355,3085248,7972554,26607504,22694696,15083811,65639,133941694756,286743319,8327207,547767,1,0,0,0,0,4062,24618.41457410143,100000,36.04429,22,12311,48,80,100000
24,clean-run,10000,true,uniform,READ,53,5026374,1925226,1914257,191351,1,0,0,4,385024,25,356,3133712,7972554,26607505,22730139,15125557,65680,134224932905,287146214,8328197,568040,1,0,0,0,0,13863,7213.4458630887975,100000,133.24516,72,16335,330,390,100000
24,avg-run,10000,true,uniform,READ,55,10205427,4056870,4015856,401351,5,0,0,4,385024,25,357,3135236,7972554,26674919,22764405,15125557,65680,134505894968,287576873,8328273,568040,1,0,0,0,0,10725,9324.009324009325,100000,102.19387,71,15559,172,344,100000
25,extend,10000,true,uniform,EXTEND,2,223886638,65005470,63171776,2719682,2500958,2522747,0,0,0,25,358,3209263,7972554,26676980,22766464,15238376,65686,135340633762,288794437,8427555,568040,0,0,0,0,1,155449,643.2978018514111,100000,1546.06163,539,70271,2015,2243,100000
25,run,10000,true,uniform,READ,2,228360964,66995834,65141694,2719694,2500969,2522760,0,0,0,25,358,3209951,7972554,26676980,22766464,15238376,65686,135344192899,288855139,8427665,568040,1,0,0,0,0,14803,6755.387421468621,100000,142.48606,76,15391,333,397,100000
25,reference,10000,true,uniform,READ,1,7602601,3092039,2532190,10181,12,62,0,0,0,25,358,3209993,7972554,26676980,22766464,15238376,65686,135344192899,288855139,8427665,568040,1,0,0,0,0,3802,26301.946344029457,100000,33.20716,22,13223,42,75,100000
25,clean-run,10000,true,uniform,READ,53,5120076,1978423,1967454,196604,1,0,0,4,385024,25,359,3254898,7972554,26676981,22803191,15295049,65696,135638195866,289269739,8428655,588882,1,0,0,0,0,14385,6951.685783802572,100000,138.36579,73,18159,335,394,100000
25,avg-run,10000,true,uniform,READ,55,10298454,4110027,4069013,406604,5,0,0,4,385024,25,360,3257574,7972554,26745995,22837457,15295049,65696,135929165524,289700469,8428750,588882,1,0,0,0,0,10931,9148.293843198244,100000,104.3079,69,16735,189,349,100000
26,extend,10000,true,uniform,EXTEND,2,235574671,69517752,67613488,2913133,2600991,2711866,0,0,0,25,361,3340689,7972554,26748924,22840384,15387734,65699,136792524369,290908665,8534057,588882,0,0,0,0,1,136576,732.1930646672914,100000,1357.90175,535,70207,1663,1899,100000
26,run,10000,true,uniform,READ,2,240140170,71552052,69627342,2913141,2601002,2711876,0,0,0,25,361,3341806,7972554,26748924,22840384,15387734,65699,136798203934,291005352,8534233,588882,1,0,0,0,0,16277,6143.638262579099,100000,157.41123,84,15775,338,408,100000
26,reference,10000,true,uniform,READ,1,7905114,3215953,2633453,10181,12,62,0,0,0,25,361,3341847,7972554,26748924,22840384,15387734,65699,136798203934,291005352,8534233,588882,1,0,0,0,0,3717,26903.41673392521,100000,32.20246,22,14439,47,81,100000
26,clean-run,10000,true,uniform,READ,53,5200561,2021767,2010798,201013,1,0,0,4,385024,25,362,3387217,7972554,26748925,22878674,15452434,65711,137102879319,291430037,8535223,613268,1,0,0,0,0,13317,7509.198768491402,100000,127.83801,75,16703,313,388,100000
26,avg-run,10000,true,uniform,READ,55,10693821,4153351,4112337,411013,5,0,0,4,385024,25,363,3391399,7972554,26822721,22915971,15452434,65711,137403788486,291860697,8535275,613268,1,0,0,0,0,14996,6668.444918644972,100000,144.39133,79,16607,336,402,100000
27,extend,10000,true,uniform,EXTEND,2,247485792,74122943,72148167,3109873,2701035,2904949,0,0,0,25,364,3488140,7972554,26826127,22919375,15539599,65739,138310030957,293101067,8645495,613268,0,0,0,0,1,139960,714.4898542440698,100000,1391.62285,540,77759,1687,1848,100000
27,run,10000,true,uniform,READ,2,252103584,76193006,74197784,3109877,2701046,2904953,0,0,0,25,364,3488774,7972554,26826127,22919375,15539599,65739,138312658795,293145942,8645584,613268,1,0,0,0,0,15703,6368.209896198178,100000,151.35326,82,14495,341,409,100000
27,reference,10000,true,uniform,READ,1,8207700,3340757,2734730,10181,12,62,0,0,0,25,364,3488818,7972554,26826127,22919375,15539599,65739,138312658795,293145942,8645584,613268,1,0,0,0,0,3974,25163.563160543534,100000,34.92706,22,11327,47,75,100000
27,clean-run,10000,true,uniform,READ,53,5266503,2058954,2047990,204767,1,0,0,0,0,25,365,3548209,7972554,26826128,22959218,15620735,65773,138627930102,293579592,8646574,635455,1,0,0,0,0,15673,6380.399413003254,100000,151.33874,74,14631,344,403,100000
27,avg-run,10000,true,uniform,READ,55,10727237,4190517,4149508,414767,5,0,0,0,0,25,366,3553288,7972554,26902867,22997652,15620735,65773,138938853983,294010303,8646638,635455,1,0,0,0,0,14760,6775.067750677506,100000,142.20043,81,14815,335,396,100000
28,extend,10000,true,uniform,EXTEND,2,259520418,78802944,76759534,3309616,2801068,3101374,0,0,0,25,367,3651162,7972554,26905978,23000761,15704483,65777,139859407547,295231909,8756472,635455,0,0,0,0,1,141672,705.8557795471229,100000,1409.0195,534,18527,1701,1880,100000
28,run,10000,true,uniform,READ,2,264215623,80907010,78843154,3309620,2801079,3101378,0,0,0,25,367,3652370,7972554,26905978,23000761,15704483,65777,139865365026,295333541,8756645,635455,1,0,0,0,0,16319,6127.826459954654,100000,157.53133,84,15471,344,415,100000
28,reference,10000,true,uniform,READ,1,8510213,3464671,2835993,10181,12,62,0,0,0,25,367,3652409,7972554,26905978,23000761,15704483,65777,139865365026,295333541,8756645,635455,1,0,0,0,0,3484,28702.64064293915,100000,30.26455,22,12631,40,71,100000
28,clean-run,10000,true,uniform,READ,53,5317117,2093494,2082530,208150,1,0,0,0,0,25,368,3714984,7972554,26905979,23042267,15792641,65804,140191190432,295775507,8757635,659222,1,0,0,0,0,15141,6604.583581005218,100000,145.94741,80,15607,336,397,100000
28,avg-run,10000,true,uniform,READ,55,10777824,4225057,4184048,418150,5,0,0,0,0,25,369,3720885,7972554,26984569,23080701,15792641,65804,140512050110,296206167,8757678,659222,1,0,0,0,0,14726,6790.710308298248,100000,141.75169,81,15103,336,397,100000
29,extend,10000,true,uniform,EXTEND,2,271726539,83555594,81443537,3512501,2901101,3301083,0,0,0,25,370,3828201,7972554,26985649,23081779,15943221,65821,141452725877,297461877,8875861,659222,0,0,0,0,1,139616,716.2502865001146,100000,1388.45229,539,69887,1684,1817,100000
29,run,10000,true,uniform,READ,2,276461845,85690996,83558493,3512503,2901112,3301085,0,0,0,25,370,3828201,7972554,26985649,23081779,15943221,65821,141456449957,297525494,8876000,659222,1,0,0,0,0,17403,5746.135723725794,100000,168.65028,87,18431,352,421,100000
29,reference,10000,true,uniform,READ,1,8812799,3589475,2937270,10181,12,62,0,0,0,25,370,3828201,7972554,26985649,23081779,15943221,65821,141456449957,297525494,8876000,659222,1,0,0,0,0,4179,23929.169657812872,100000,36.76258,22,15407,48,83,100000
29,clean-run,10000,true,uniform,READ,53,5357691,2125617,2114653,211367,1,0,0,0,0,25,371,3891552,7972554,26985650,23124930,15946169,65851,141792801407,297975457,8876990,697518,1,0,0,0,0,16237,6158.773172384061,100000,157.06603,82,15055,346,408,100000
29,avg-run,10000,true,uniform,READ,55,10567702,4257154,4216145,421367,5,0,0,0,0,25,372,3899754,7972554,27078514,23175866,15946169,65851,142123651896,298406116,8877033,697518,1,0,0,0,0,15697,6370.6440721156905,100000,151.46463,85,15511,341,406,100000
30,extend,10000,true,uniform,EXTEND,2,284019351,88376430,86197425,3718749,3001134,3504037,0,0,0,25,373,4012512,7972554,27082732,23180082,16088279,65858,143081697655,299648667,8989975,697518,0,0,0,0,1,138230,723.4319612240469,100000,1374.41243,539,70335,1677,1851,100000
30,run,10000,true,uniform,READ,2,288802901,90544875,88344548,3718751,3001145,3504039,0,0,0,25,373,4012512,7972554,27082732,23180082,16088279,65858,143088673795,299767255,8990176,697518,1,0,0,0,0,17295,5782.017924255565,100000,167.37435,86,15599,349,428,100000
30,reference,10000,true,uniform,READ,1,9115312,3713389,3038533,10181,12,62,0,0,0,25,373,4012512,7972554,27082732,23180082,16088279,65858,143088673795,299767255,8990176,697518,1,0,0,0,0,4089,24455.85717779408,100000,36.33154,22,12447,47,77,100000
30,clean-run,10000,true,uniform,READ,53,5381736,2158092,2147128,214678,1,0,0,0,0,25,374,4081704,7972554,27082733,23225002,16091590,65889,143435580837,300225713,8991166,722141,1,0,0,0,0,15937,6274.706657463764,100000,153.96158,81,17679,346,409,100000
30,avg-run,10000,true,uniform,READ,55,10591569,4289629,4248620,424678,5,0,0,0,0,25,375,4090564,7972554,27177492,23275939,16091590,65889,143776421077,300656372,8991209,722141,1,0,0,0,0,15958,6266.449429753102,100000,154.17843,81,15711,345,408,100000
31,extend,10000,true,uniform,EXTEND,2,296451018,93270062,91023771,3928620,3101167,3710419,0,0,0,25,377,4215146,7972554,27178194,23276639,16225504,65915,144768978211,301946589,9117117,722141,0,0,0,0,1,136795,731.0208706458569,100000,1360.04152,528,155903,1684,1914,100000
31,run,10000,true,uniform,READ,2,301261755,95473221,93206484,3928622,3101178,3710421,0,0,0,25,377,4225964,7972554,27178194,23276639,16225504,65915,144846228613,302041031,9140041,726910,1,0,0,0,0,18029,5546.6193355150035,100000,174.60486,88,16591,358,428,100000
31,reference,10000,true,uniform,READ,1,9417898,3838193,3139810,10181,12,62,0,0,0,25,377,4226006,7972554,27178194,23276639,16225504,65915,144846228613,302041031,9140041,726910,1,0,0,0,0,3795,26350.461133069828,100000,33.50373,22,11791,43,73,100000
31,clean-run,10000,true,uniform,READ,53,5404202,2193971,2183007,218188,1,0,0,0,0,25,378,4286164,7972554,27178195,23323197,16253820,65950,145203714203,302508360,9141031,752452,1,0,0,0,0,15202,6578.081831337982,100000,146.7945,79,15223,336,404,100000
31,avg-run,10000,true,uniform,READ,55,10613907,4325508,4284499,428188,5,0,0,0,0,25,379,4295599,7972554,27274655,23374134,16253820,65950,145554524139,302939019,9141074,752452,1,0,0,0,0,13976,7155.123068116772,100000,134.58577,82,16255,322,390,100000
32,extend,10000,true,uniform,EXTEND,2,308727732,98242120,95929817,4142653,3201200,3920515,0,0,0,25,381,4444299,7972554,27287266,23386743,16376151,66022,146683467967,304159167,9287030,752452,0,0,0,0,1,140176,713.3888825476544,100000,1393.72355,535,17919,1719,1920,100000
32,run,10000,true,uniform,READ,2,313552398,100484953,98151328,4142655,3201211,3920517,0,0,0,25,381,4455930,7972554,27287266,23386743,16376151,66022,146751737566,304302679,9308840,754782,1,0,0,0,0,19177,5214.579965583772,100000,186.13114,89,17695,363,431,100000
32,reference,10000,true,uniform,READ,1,9720484,3962997,3241087,10181,12,62,0,0,0,25,381,4455970,7972554,27287266,23386743,16376151,66022,146751737566,304302679,9308840,754782,1,0,0,0,0,3636,27502.7502750275,100000,31.7907,22,12383,41,73,100000
32,clean-run,10000,true,uniform,READ,53,5422780,2233522,2222558,222132,1,0,0,0,0,25,382,4529735,7972554,27287267,23435010,16422300,66058,147119870662,304780009,9309830,783038,1,0,0,0,0,16952,5899.0089664936295,100000,164.05324,85,18591,352,415,100000
32,avg-run,10000,true,uniform,READ,55,10632417,4365059,4324050,432132,5,0,0,0,0,25,383,4539512,7972554,27385436,23485946,16422300,66058,147480657730,305210668,9309873,783038,1,0,0,0,0,15147,6601.967386281111,100000,146.10532,85,18687,336,397,100000
33,extend,10000,true,uniform,EXTEND,2,321296871,103304339,100925359,4361311,3301233,4134707,0,0,0,25,385,4676216,7972554,27385442,23485950,16553452,66079,148572854635,306509768,9458744,783038,0,0,0,0,1,143471,697.0049696454336,100000,1426.73609,564,72639,1704,1899,100000
33,run,10000,true,uniform,READ,2,326165549,105591671,103192776,4361313,3301244,4134709,0,0,0,25,385,4684382,7972554,27385442,23485950,16553452,66079,148628640087,306628725,9475143,784700,1,0,0,0,0,19048,5249.895002099958,100000,184.8077,83,17295,362,426,100000
33,reference,10000,true,uniform,READ,1,10022997,4086911,3342350,10181,12,62,0,0,0,25,385,4684427,7972554,27385442,23485950,16553452,66079,148628640137,306628726,9475143,784700,1,0,0,0,0,4103,24372.410431391665,100000,36.51827,22,12119,47,75,100000
33,clean-run,10000,true,uniform,READ,53,5445079,2278301,2267337,226601,1,0,0,0,0,25,386,4749235,7972554,27385443,23535826,16597719,66104,149007482559,307116968,9476133,811284,1,0,0,0,0,15767,6342.36062662523,100000,152.33672,80,15159,341,407,100000
33,avg-run,10000,true,uniform,READ,55,10654672,4409838,4368829,436601,5,0,0,0,0,25,387,4759220,7972554,27485221,23586762,16597719,66104,149378269617,307547628,9476176,811284,1,0,0,0,0,14715,6795.786612300374,100000,141.76529,84,19135,334,398,100000
34,extend,10000,true,uniform,EXTEND,2,333989675,108467935,106023488,4585094,3401266,4353537,0,0,0,25,389,4922141,7972554,27485309,23586848,16717581,66121,150641755892,308918684,9652836,811284,0,0,0,0,1,144329,692.8614484961442,100000,1434.95461,532,21503,1748,2075,100000
34,run,10000,true,uniform,READ,2,338886162,110804468,108339575,4585096,3401277,4353539,0,0,0,25,389,4923195,7972554,27485309,23586848,16717581,66121,150646974629,309005910,9653022,811284,1,0,0,0,0,20083,4979.3357566100685,100000,194.99053,87,16447,369,442,100000
34,reference,10000,true,uniform,READ,1,10325583,4211715,3443627,10181,12,62,0,0,0,25,389,4923237,7972554,27485309,23586848,16717581,66121,150646974629,309005910,9653022,811284,1,0,0,0,0,3813,26226.068712300028,100000,33.17192,21,12375,47,77,100000
34,clean-run,10000,true,uniform,READ,53,5466376,2327016,2316052,231555,1,0,0,0,0,25,390,4981663,7972554,27485310,23638224,16773928,66129,151036579439,309505838,9654012,841556,1,0,0,0,0,17320,5773.6720554272515,100000,167.64387,87,18751,351,418,100000
34,avg-run,10000,true,uniform,READ,55,10675953,4458553,4417544,441555,5,0,0,0,0,25,391,4991757,7972554,27586650,23689160,16773928,66129,151417345292,309936498,9654044,841556,1,0,0,0,0,15799,6329.514526235837,100000,152.49898,87,18783,345,405,100000
35,extend,10000,true,uniform,EXTEND,2,346540777,113741595,111231502,4814740,3501299,4577749,0,0,0,25,393,5164054,7972554,27589127,23691635,16885277,66166,152674079179,311196689,9819997,841556,0,0,0,0,1,146260,683.7139340899768,100000,1454.79534,577,18863,1752,1981,100000
35,run,10000,true,uniform,READ,2,351598474,116134211,113602803,4814744,3501321,4577753,0,0,0,25,393,5166910,7972554,27589128,23691635,16885277,66166,152717669786,311372353,9832522,841556,1,0,0,0,0,20306,4924.652811976755,100000,197.37814,99,21471,369,436,100000
35,reference,10000,true,uniform,READ,1,10628169,4336519,3544904,10181,12,62,0,0,0,25,393,5166953,7972554,27589128,23691635,16885277,66166,152717669836,311372354,9832522,841556,1,0,0,0,0,3901,25634.45270443476,100000,34.1344,22,12087,47,77,100000
35,clean-run,10000,true,uniform,READ,53,5497344,2383131,2372167,236997,1,0,0,0,0,25,394,5240961,7972554,27589129,23744522,16957412,66176,153118093173,311884734,9833512,869582,1,0,0,0,0,17557,5695.733895312411,100000,169.87989,81,17311,354,418,100000
35,avg-run,10000,true,uniform,READ,55,10706921,4514668,4473659,446997,5,0,0,0,0,25,395,5250970,7972554,27691981,23795459,16957412,66176,153508843264,312315393,9833537,869582,1,0,0,0,0,15617,6403.278478581034,100000,150.80267,91,16319,344,405,100000
36,extend,10000,true,uniform,EXTEND,2,359304888,119140607,116564119,5050781,3601343,4807671,0,0,0,25,397,5427247,7972554,27696375,23799851,17068373,66222,154780205029,313607137,10006488,869582,0,0,0,0,1,141761,705.4126311185728,100000,1410.11005,565,22831,1735,1912,100000
36,run,10000,true,uniform,READ,2,364267177,121593378,118996171,5050783,3601354,4807673,0,0,0,25,397,5431481,7972554,27696375,23799851,17068373,66222,154802571131,313762507,10013175,869582,1,0,0,0,0,19601,5101.780521401969,100000,190.53931,100,15727,361,436,100000
36,reference,10000,true,uniform,READ,1,10930755,4461323,3646181,10181,12,62,0,0,0,25,397,5431522,7972554,27696375,23799851,17068373,66222,154802571131,313762507,10013175,869582,1,0,0,0,0,3715,26917.900403768504,100000,32.34934,22,11447,41,69,100000
36,clean-run,10000,true,uniform,READ,53,5530510,2442340,2431376,243109,1,0,0,0,0,25,398,5503029,7972554,27696376,23854248,17142456,66232,155213894711,314288617,10014165,900378,1,0,0,0,0,18673,5355.325871579285,100000,180.9902,92,20047,359,432,100000
36,avg-run,10000,true,uniform,READ,55,10740087,4573877,4532868,453109,5,0,0,0,0,25,399,5512896,7972554,27800737,23905184,17142456,66232,155614632563,314719277,10014190,900378,1,0,0,0,0,16277,6143.638262579099,100000,157.0821,94,20287,345,412,100000
37,extend,10000,true,uniform,EXTEND,2,372290365,124674107,122032470,5293143,3701376,5043763,0,0,0,25,401,5683982,7972554,27800802,23905247,17254869,66248,156896001600,316104042,10191885,900378,0,0,0,0,1,146455,682.8035915468915,100000,1456.3965,589,23887,1746,1930,100000
37,run,10000,true,uniform,READ,2,377306420,127189562,124526683,5293145,3701387,5043765,0,0,0,25,401,5686409,7972554,27800802,23905247,17254869,66248,156909215732,316243719,10195417,900378,1,0,0,0,0,20396,4902.922141596391,100000,198.19661,99,18687,374,447,100000
37,reference,10000,true,uniform,READ,1,11233341,4586127,3747458,10181,12,62,0,0,0,25,401,5686447,7972554,27800802,23905247,17254869,66248,156909215732,316243719,10195417,900378,1,0,0,0,0,3466,28851.702250432776,100000,29.79685,22,11463,39,68,100000
37,clean-run,10000,true,uniform,READ,53,5464196,2505690,2494729,249367,1,0,0,0,0,25,402,5754156,7972554,27800803,23961082,17332218,66257,157328239615,316729753,10196404,930302,1,0,0,0,0,19603,5101.260011222772,100000,190.29292,93,16799,369,441,100000
37,avg-run,10000,true,uniform,READ,55,10673608,4637111,4596105,459367,5,0,0,0,0,25,403,5763696,7972554,27906600,24012018,17332218,66257,157738959609,317160412,10196429,930302,1,0,0,0,0,17342,5766.347595433052,100000,167.66747,92,21055,356,420,100000
38,extend,10000,true,uniform,EXTEND,2,385420109,130346673,127638855,5542290,3801409,5286296,0,0,0,25,405,5930063,7972554,27906652,24012068,17483293,66284,159078446779,318592176,10373549,930302,0,0,0,0,1,141848,704.9799785686087,100000,1410.6799,567,21007,1754,2069,100000
38,run,10000,true,uniform,READ,2,390471180,132929264,130200446,5542292,3801420,5286298,0,0,0,25,405,5930063,7972554,27906652,24012068,17483293,66284,159086495940,318728740,10373826,930302,1,0,0,0,0,19315,5177.323323841574,100000,187.68093,103,17919,362,438,100000
38,reference,10000,true,uniform,READ,1,11535854,4710041,3848721,10181,12,62,0,0,0,25,405,5930063,7972554,27906652,24012068,17483293,66284,159086495940,318728740,10373826,930302,1,0,0,0,0,3638,27487.63056624519,100000,31.99988,22,13383,45,75,100000
38,clean-run,10000,true,uniform,READ,53,5619997,2572496,2561532,255994,1,0,0,0,0,25,406,5998061,7972554,27906653,24069310,17486543,66301,159519694018,319283331,10374816,964870,1,0,0,0,0,19236,5198.585984612186,100000,186.57905,87,19647,368,435,100000
38,avg-run,10000,true,uniform,READ,55,10829528,4704033,4663024,465994,5,0,0,0,0,25,407,6007441,7972554,28013860,24120246,17486543,66301,159940412848,319713990,10374841,964870,1,0,0,0,0,15923,6280.223575959304,100000,153.85886,92,19311,345,410,100000
39,extend,10000,true,uniform,EXTEND,2,398653187,136165272,133391757,5797844,3901442,5535532,0,0,0,25,410,6187794,7972554,28014004,24120388,17630430,66327,161365612125,321176087,10564198,964870,0,0,0,0,1,145611,686.7613023741338,100000,1448.16831,581,20639,1777,1997,100000
39,run,10000,true,uniform,READ,2,403728108,138810602,136016236,5797846,3901453,5535534,0,0,0,25,410,6203575,7972554,28014004,24120388,17630430,66327,161468290181,321314715,10595216,970239,1,0,0,0,0,21193,4718.539140282169,100000,206.07485,107,17615,377,445,100000
39,reference,10000,true,uniform,READ,1,11838440,4834845,3949998,10181,12,62,0,0,0,25,410,6203615,7972554,28014004,24120388,17630430,66327,161468290181,321314715,10595216,970239,1,0,0,0,0,3645,27434.842249657064,100000,31.99693,22,12815,44,75,100000
39,clean-run,10000,true,uniform,READ,53,5551968,2634417,2623456,262299,1,0,0,0,0,25,411,6272252,7972554,28014005,24178971,17665782,66351,161909023847,321826650,10596203,1021627,1,0,0,0,0,20252,4937.783922575548,100000,196.75969,97,20079,377,444,100000
39,avg-run,10000,true,uniform,READ,55,11354713,5765838,5724832,572299,5,0,0,0,0,25,412,6283425,7972554,28139495,24246852,17665782,66351,162353031395,322457585,10596228,1021627,1,0,0,0,0,16640,6009.615384615385,100000,161.21309,98,15935,353,418,100000
40,extend,10000,true,uniform,EXTEND,2,411967519,142121298,139282395,6059205,4001475,5790490,0,0,0,25,415,6487753,7972554,28141482,24248837,17806657,66393,163829763269,323956552,10795175,1021627,0,0,0,0,1,146172,684.1255507210683,100000,1454.30068,574,18239,1776,2011,100000
40,run,10000,true,uniform,READ,2,417070019,144831133,141972353,6059207,4001486,5790492,0,0,0,25,415,6498506,7972554,28141482,24248837,17806657,66393,163894317675,324087715,10815404,1023927,1,0,0,0,0,21096,4740.235115661737,100000,205.47612,99,16263,378,452,100000
40,reference,10000,true,uniform,READ,1,12141026,4959649,4051275,10181,12,62,0,0,0,25,415,6498548,7972554,28141482,24248837,17806657,66393,163894317725,324087716,10815404,1023927,1,0,0,0,0,3802,26301.946344029457,100000,33.32663,22,10967,46,82,100000
40,clean-run,10000,true,uniform,READ,53,5597000,2698038,2687077,268702,1,0,0,0,0,25,416,6574467,7972554,28141483,24308703,17850100,66420,164345890817,324612193,10816391,1058788,1,0,0,0,0,18810,5316.32110579479,100000,182.59914,94,19855,363,441,100000
40,avg-run,10000,true,uniform,READ,55,11399821,5829459,5788453,578702,5,0,0,0,0,25,417,6585639,7972554,28268256,24376584,17850100,66420,164799890227,325243126,10816414,1058788,1,0,0,0,0,18923,5284.574327537917,100000,183.6879,115,32591,360,435,100000
41,extend,10000,true,uniform,EXTEND,2,425380120,148220121,145316036,6326922,4101508,6052009,0,0,0,25,420,6799406,7972554,28269431,24377757,17989324,66456,166321946008,326765889,11023163,1058788,0,0,0,0,1,147300,678.8866259334691,100000,1464.99445,582,22367,1776,2028,100000
41,run,10000,true,uniform,READ,2,430515474,150991054,148067129,6326924,4101519,6052011,0,0,0,25,420,6808230,7972554,28269431,24377757,17989324,66456,166373521020,326898733,11039112,1060950,1,0,0,0,0,18960,5274.261603375528,100000,184.1093,104,18927,354,446,100000
41,reference,10000,true,uniform,READ,1,12443612,5084453,4152552,10181,12,62,0,0,0,25,420,6808269,7972554,28269431,24377757,17989324,66456,166373521070,326898734,11039112,1060950,1,0,0,0,0,3589,27862.914460852604,100000,31.48003,22,12479,46,76,100000
41,clean-run,10000,true,uniform,READ,53,5763006,2761324,2750360,274913,1,0,0,0,0,25,421,6884883,7972554,28269432,24438851,18036049,66482,166839463184,327495256,11040102,1094869,1,0,0,0,0,18017,5550.313592717988,100000,174.70687,98,18191,357,432,100000
41,avg-run,10000,true,uniform,READ,55,11566015,5892861,5851852,584913,5,0,0,0,0,25,422,6894093,7972554,28397436,24506732,18036049,66482,167303451007,328126189,11040118,1094869,1,0,0,0,0,20063,4984.299456711359,100000,194.9333,116,19439,370,442,100000
42,extend,10000,true,uniform,EXTEND,2,438889651,154451752,151482567,6600494,4201541,6319683,0,0,0,25,425,7115775,7972554,28400176,24509470,18177779,66516,168855509329,329666709,11250383,1094869,0,0,0,0,1,147648,677.2865192891201,100000,1468.50344,600,21999,1785,2021,100000
42,run,10000,true,uniform,READ,2,444055162,157281411,154291538,6600496,4201552,6319685,0,0,0,25,425,7123403,7972554,28400176,24509470,18177779,66516,168896993723,329806459,11263141,1095939,1,0,0,0,0,20597,4855.075981939117,100000,200.59261,110,15935,375,452,100000
42,reference,10000,true,uniform,READ,1,12746198,5209257,4253829,10181,12,62,0,0,0,25,425,7123447,7972554,28400176,24509470,18177779,66516,168896993723,329806459,11263141,1095939,1,0,0,0,0,4045,24721.878862793572,100000,35.50753,22,15095,46,75,100000
42,clean-run,10000,true,uniform,READ,53,5689035,2819241,2808280,280798,1,0,0,0,0,25,426,7197612,7972554,28400177,24571688,18230779,66543,169370177173,330355159,11264128,1132306,1,0,0,0,0,19400,5154.639175257732,100000,188.68975,105,21471,368,439,100000
42,avg-run,10000,true,uniform,READ,55,11491894,5950679,5909673,590798,5,0,0,0,0,25,427,7207331,7972554,28529306,24639571,18230779,66543,169844157905,330986094,11264143,1132306,1,0,0,0,0,19044,5250.997689561016,100000,184.90932,117,18527,363,436,100000
43,extend,10000,true,uniform,EXTEND,2,452494320,160810837,157776607,6879620,4301574,6593364,0,0,0,25,430,7442608,7972554,28531830,24642095,18366133,66566,171472339895,332552917,11492474,1132306,0,0,0,0,1,143974,694.5698528901052,100000,1432.44167,618,26591,1781,2117,100000
43,run,10000,true,uniform,READ,2,457682544,163695137,160641102,6879622,4301585,6593366,0,0,0,25,430,7447833,7972554,28531830,24642095,18366133,66566,171500350053,332688173,11500426,1132813,1,0,0,0,0,20137,4965.983016338084,100000,195.55258,111,19407,368,462,100000
43,reference,10000,true,uniform,READ,1,13048784,5334061,4355106,10181,12,62,0,0,0,25,430,7447871,7972554,28531830,24642095,18366133,66566,171500350053,332688173,11500426,1132813,1,0,0,0,0,3490,28653.29512893983,100000,30.13848,22,14895,45,76,100000
43,clean-run,10000,true,uniform,READ,53,5857554,2874895,2863931,286256,1,0,0,0,0,25,431,7516507,7972554,28531831,24705401,18421230,66577,171987932550,333309607,11501416,1172733,1,0,0,0,0,19375,5161.290322580645,100000,188.13678,106,19087,366,447,100000
43,avg-run,10000,true,uniform,READ,55,11660009,6006449,5965440,596256,5,0,0,0,0,25,432,7524913,7972554,28662052,24773285,18421230,66577,172471902284,333940541,11501431,1172733,1,0,0,0,0,19934,5016.554630279924,100000,193.67627,118,18079,367,442,100000
44,extend,10000,true,uniform,EXTEND,2,466179651,167288166,164188904,7163498,4401607,6872308,0,0,0,25,435,7765906,7972554,28663167,24774399,18557019,66598,174138096637,335523426,11738789,1172733,0,0,0,0,1,149718,667.9223607047917,100000,1489.66261,637,19695,1800,2303,100000
44,run,10000,true,uniform,READ,2,471399490,170221924,167102006,7163500,4401618,6872310,0,0,0,25,435,7770207,7972554,28663167,24774399,18557019,66598,174161509090,335663949,11745048,1173037,1,0,0,0,0,22045,4536.176003628941,100000,214.54349,113,21231,384,458,100000
44,reference,10000,true,uniform,READ,1,13351370,5458865,4456383,10181,12,62,0,0,0,25,435,7770245,7972554,28663167,24774399,18557019,66598,174161509090,335663949,11745048,1173037,1,0,0,0,0,3380,29585.798816568047,100000,29.03772,19,11551,38,68,100000
44,clean-run,10000,true,uniform,READ,53,5902734,2924979,2913935,291190,18,0,0,0,0,25,436,7837183,7972554,28663168,24838830,18620011,66610,174659819358,336296395,11746038,1231019,1,0,0,0,0,19642,5091.131249363609,100000,190.87854,109,18239,371,443,100000
44,avg-run,10000,true,uniform,READ,55,11705568,6056511,6015422,601190,22,0,0,0,0,25,437,7843547,7972554,28794509,24906711,18620011,66610,175153777532,336927327,11746050,1231019,1,0,0,0,0,20107,4973.392350922564,100000,195.2175,117,19967,368,444,100000
45,extend,10000,true,uniform,EXTEND,2,479966606,173873114,170708873,7451768,4501640,7155751,0,0,0,25,440,8079217,7972554,28794801,24907001,18758409,66626,176825984619,338535559,11983500,1231019,0,0,0,0,1,153130,653.0399007379351,100000,1522.89571,615,61087,1817,2263,100000
45,run,10000,true,uniform,READ,2,485220335,176855161,173670264,7451770,4501651,7155753,0,0,0,25,440,8081465,7972554,28794801,24907001,18758409,66626,176838752324,338673955,11985066,1231019,1,0,0,0,0,21485,4654.410053525716,100000,208.95101,113,16319,378,456,100000
45,reference,10000,true,uniform,READ,1,13654174,5583765,4557756,10181,12,62,0,0,0,25,440,8081513,7972554,28794801,24907001,18758409,66626,176838752324,338673955,11985066,1231019,1,0,0,0,0,4341,23036.1667818475,100000,38.93083,22,11647,48,77,100000
45,clean-run,10000,true,uniform,READ,53,5940726,2972632,2961668,296017,1,0,0,0,0,25,441,8150491,7972554,28794802,24972600,18825558,66656,177347754273,339316925,11986056,1267479,1,0,0,0,0,18814,5315.190815350271,100000,182.68265,110,18399,358,432,100000
45,avg-run,10000,true,uniform,READ,55,11743491,6104169,6063160,606017,5,0,0,0,0,25,442,8156734,7972554,28927311,25040481,18825558,66656,177851705695,339947859,11986067,1267479,1,0,0,0,0,19768,5058.680696074463,100000,192.16355,117,19999,359,443,100000
46,extend,10000,true,uniform,EXTEND,2,493845536,180560585,177331365,7744126,4601673,7443665,0,0,0,25,445,8392333,7972554,28930263,25043431,18994193,66693,179564493319,341605873,12230994,1267479,0,0,0,0,1,152221,656.9395812667109,100000,1514.62741,628,166143,1819,2379,100000
46,run,10000,true,uniform,READ,2,499123517,183586946,180337946,7744128,4601684,7443667,0,0,0,25,445,8392333,7972554,28930263,25043431,18994193,66693,179572008322,341733571,12231284,1267479,1,0,0,0,0,21775,4592.422502870264,100000,212.11665,114,17087,383,469,100000
46,reference,10000,true,uniform,READ,1,13956760,5708569,4659033,10181,12,62,0,0,0,25,445,8392333,7972554,28930263,25043431,18994193,66693,179572008322,341733571,12231284,1267479,1,0,0,0,0,3529,28336.639274582034,100000,30.7765,22,12535,40,77,100000
46,clean-run,10000,true,uniform,READ,53,5979595,3017066,3006022,300461,1,0,0,0,0,25,446,8468188,7972554,28930264,25110179,18997920,66723,180091678359,342386586,12232275,1308691,1,0,0,0,0,21170,4723.665564478035,100000,205.87219,107,18399,383,463,100000
46,avg-run,10000,true,uniform,READ,55,11916651,6149673,6107707,610463,16,2,0,0,0,25,447,8471376,7972554,29063922,25178065,19017586,69835,180609612028,343084509,12232293,1308691,1,0,0,0,0,21642,4620.6450420478695,100000,210.41792,117,18927,382,462,100000
47,extend,10000,true,uniform,EXTEND,2,507793810,187345836,184051637,8040798,4701706,7736115,0,0,0,25,450,8694636,7972554,29067282,25181418,19145756,69846,182294508453,344652110,12465578,1308691,0,0,0,0,1,151881,658.4102027245015,100000,1511.19593,589,19311,1840,2229,100000
47,run,10000,true,uniform,READ,2,513104441,190414430,187099575,8040800,4701717,7736117,0,0,0,25,450,8694636,7972554,29067282,25181419,19145756,69846,182307665778,344809858,12466944,1308691,1,0,0,0,0,21446,4662.874195654202,100000,208.72175,122,18543,380,457,100000
47,reference,10000,true,uniform,READ,1,14259564,5833469,4760406,10181,12,62,0,0,0,25,450,8694636,7972554,29067282,25181419,19145756,69846,182307665778,344809858,12466944,1308691,1,0,0,0,0,3404,29377.20329024677,100000,29.24398,20,12807,38,68,100000
47,clean-run,10000,true,uniform,READ,53,5884010,3058255,3047294,304670,1,0,0,0,0,25,451,8777480,7972554,29067284,25249333,19149925,69872,182834024467,345406365,12467931,1347834,1,0,0,0,0,21095,4740.459824602986,100000,205.50454,111,22431,380,456,100000
47,avg-run,10000,true,uniform,READ,55,11821201,6190737,6148854,614683,5,0,0,0,0,25,452,8779898,7972554,29200587,25317218,19169585,73075,183361948614,346104296,12467947,1347834,1,0,0,0,0,20603,4853.66208804543,100000,200.18207,114,20799,375,449,100000
48,extend,10000,true,uniform,EXTEND,2,521839508,194222513,190863335,8341556,4801739,8032790,0,0,0,25,456,9014059,7972554,29202155,25317262,19297769,73090,185079054172,347672948,12705348,1347834,0,0,0,0,1,155003,645.1488035715438,100000,1542.01355,687,42111,1840,2381,100000
48,run,10000,true,uniform,READ,2,527184676,197332184,193952350,8341558,4801750,8032792,0,0,0,25,456,9039983,7972554,29202155,25317262,19297769,73090,185261369960,347873561,12758526,1360890,1,0,0,0,0,20299,4926.35105177595,100000,197.39461,113,21983,364,444,100000
48,reference,10000,true,uniform,READ,1,14562150,5958273,4861683,10181,12,62,0,0,0,25,456,9040024,7972554,29202155,25317262,19297769,73090,185261369960,347873561,12758526,1360890,1,0,0,0,0,3693,27078.256160303277,100000,32.27297,22,10903,41,82,100000
48,clean-run,10000,true,uniform,READ,53,6055606,3099818,3088854,308773,1,0,0,0,0,25,458,9109711,7972554,29270282,25386375,19329030,73114,185802295014,348545560,12759520,1401193,1,0,0,0,0,20262,4935.346954890929,100000,197.09158,110,17551,373,446,100000
48,avg-run,10000,true,uniform,READ,55,11858227,6231355,6190346,618773,5,0,0,0,0,25,458,9109793,7972554,29333635,25454256,19363248,76090,186336222236,349176496,12759525,1401193,1,0,0,0,0,20578,4859.558752065313,100000,199.96351,122,18815,375,452,100000
49,extend,10000,true,uniform,EXTEND,2,535971934,201189378,197765221,8646501,4901772,8333689,0,0,0,25,462,9349785,7972554,29341069,25457144,19486414,76107,188128440886,350823136,13006635,1401193,0,0,0,0,1,153579,651.1306884404769,100000,1527.59273,620,25231,1858,2383,100000
49,run,10000,true,uniform,READ,2,541353553,204339252,200894439,8646503,4901783,8333691,0,0,0,25,462,9372460,7972554,29341069,25457144,19486414,76107,188285292979,351026680,13052100,1410356,1,0,0,0,0,21225,4711.425206124853,100000,206.89824,129,17183,371,458,100000
49,reference,10000,true,uniform,READ,1,14864809,6083967,4962974,10181,12,62,0,0,0,25,462,9372503,7972554,29341069,25457144,19486414,76107,188285292979,351026680,13052100,1410356,1,0,0,0,0,3915,25542.784163473818,100000,34.73549,22,15247,46,74,100000
49,clean-run,10000,true,uniform,READ,53,6091166,3139976,3129012,312812,1,0,0,0,0,25,464,9451935,7972554,29410414,25527475,19525602,76130,188836825087,351707968,13053094,1454623,1,0,0,0,0,21572,4635.638791025403,100000,209.97657,113,41311,387,465,100000
49,avg-run,10000,true,uniform,READ,55,12314611,6272589,6230703,622814,16,2,0,0,0,25,464,9452019,7972554,29477415,25600125,19564595,79338,189385029899,352410654,13053106,1454623,1,0,0,0,0,22413,4461.696336947307,100000,218.19606,119,18335,392,470,100000
50,extend,10000,true,uniform,EXTEND,2,549874085,208244817,204755681,8955389,5001805,8638383,0,0,0,25,468,9742027,7972554,29501433,25618476,19681760,79374,191256331494,353938786,13330773,1454623,0,0,0,0,1,153485,651.5294654200736,100000,1526.52864,614,24207,1877,2223,100000
50,run,10000,true,uniform,READ,2,555337500,211437578,207927785,8955393,5001827,8638387,0,0,0,25,468,9759043,7972554,29501433,25618476,19681760,79374,191378276751,354160597,13372453,1459184,1,0,0,0,0,23952,4175.016700066801,100000,233.83949,121,17279,401,475,100000
50,reference,10000,true,uniform,READ,1,15167395,6208771,5064251,10181,12,62,0,0,0,25,468,9759087,7972554,29501433,25618476,19681760,79374,191378276751,354160597,13372453,1459184,1,0,0,0,0,3939,25387.154100025386,100000,34.56022,22,12695,47,78,100000
50,clean-run,10000,true,uniform,READ,53,6129716,3182267,3171303,317006,1,0,0,0,0,25,470,9859898,7972554,29572063,25690092,19733319,79415,191940557350,354851569,13373475,1501622,1,0,0,0,0,21704,4607.445632141541,100000,211.07572,107,16247,387,461,100000
50,avg-run,10000,true,uniform,READ,55,12352716,6314880,6272994,627008,16,2,0,0,0,25,471,9865863,7972554,29644731,25762742,19775306,82506,192499118756,355554256,13373559,1501622,1,0,0,0,0,21662,4616.378912381128,100000,211.28875,120,16159,380,466,100000
51,extend,10000,true,uniform,EXTEND,2,564231345,215394933,211839940,9268681,5101860,8947480,0,0,0,25,474,10172771,7972554,29644765,25762776,19920678,82522,194472472720,357266328,13687169,1501622,0,0,0,0,1,153014,653.5349706562798,100000,1521.9063,662,24079,1867,2279,100000
51,run,10000,true,uniform,READ,2,569557404,218628236,215053463,9268683,5101871,8947482,0,0,0,25,474,10174105,7972554,29644765,25762776,19920678,82522,194479923736,357342877,13688300,1501622,1,0,0,0,0,22166,4511.413877109086,100000,215.92579,123,15991,382,462,100000
51,reference,10000,true,uniform,READ,1,15469981,6333575,5165528,10181,12,62,0,0,0,25,474,10174149,7972554,29644765,25762776,19920678,82522,194479923736,357342877,13688300,1501622,1,0,0,0,0,4026,24838.549428713362,100000,35.57072,22,13191,47,75,100000
51,clean-run,10000,true,uniform,READ,53,6164368,3224412,3213448,321201,1,0,0,0,0,25,476,10255850,7972554,29716736,25835733,19968001,82542,195052923362,358043571,13689334,1545617,1,0,0,0,0,20649,4842.84953266502,100000,201.02095,116,17055,375,466,100000
51,avg-run,10000,true,uniform,READ,55,12387455,6357025,6315139,631203,16,2,0,0,0,25,477,10261851,7972554,29789404,25908383,20008748,85650,195621478893,358746256,13689417,1545617,1,0,0,0,0,21200,4716.981132075472,100000,206.4979,119,17231,378,453,100000
52,extend,10000,true,uniform,EXTEND,2,578512830,222637583,219017610,9586566,5201904,9260784,0,0,0,25,480,10575625,7972554,29789404,25908383,20147478,85663,197649439904,360464595,14001461,1545617,0,0,0,0,1,152699,654.8831361043622,100000,1519.40399,632,20111,1874,2289,100000
52,run,10000,true,uniform,READ,2,583900557,225916707,222276954,9586568,5201915,9260786,0,0,0,25,480,10577335,7972554,29789404,25908383,20147478,85663,197659298662,360565454,14002929,1545617,1,0,0,0,0,22958,4355.780120219531,100000,223.67954,118,22511,390,470,100000
52,reference,10000,true,uniform,READ,1,15772567,6458379,5266805,10181,12,62,0,0,0,25,480,10577380,7972554,29789404,25908383,20147478,85663,197659298662,360565454,14002929,1545617,1,0,0,0,0,4114,24307.243558580456,100000,36.54973,22,12903,46,72,100000
52,clean-run,10000,true,uniform,READ,53,6050318,3269136,3258175,325769,1,0,0,0,0,25,482,10656095,7972554,29862816,25982784,20201329,85712,198239075841,361204218,14004017,1592468,1,0,0,0,0,21203,4716.313729189265,100000,206.40627,121,18655,382,457,100000
52,avg-run,10000,true,uniform,READ,55,12273292,6401618,6359735,635782,5,0,0,0,0,25,483,10665023,7972554,29935483,26055433,20241692,88384,198817621042,361906910,14004102,1592468,1,0,0,0,0,21845,4577.706569008927,100000,212.95368,122,16479,386,460,100000
53,extend,10000,true,uniform,EXTEND,2,592899510,229981243,226296291,9909221,5301937,9578723,0,0,0,25,486,10984721,7972554,29935483,26055433,20375388,88399,200889102454,363617209,14315256,1592468,0,0,0,0,1,155258,644.089193471512,100000,1544.48357,681,21167,1880,2275,100000
53,run,10000,true,uniform,READ,2,598348821,233307277,229602545,9909223,5301948,9578725,0,0,0,25,486,10986153,7972554,29935483,26055433,20406844,88402,200901835460,363751951,14316967,1592468,1,0,0,0,0,22117,4521.408871004205,100000,215.71193,123,16927,380,467,100000
53,reference,10000,true,uniform,READ,1,16075153,6583183,5368082,10181,12,62,0,0,0,25,486,10986153,7972554,29935483,26055433,20406844,88402,200901835460,363751951,14316967,1592468,1,0,0,0,0,3437,29095.14111143439,100000,29.72736,18,10999,39,70,100000
53,clean-run,10000,true,uniform,READ,53,6082348,3316571,3305610,330485,1,0,0,0,0,25,488,11068612,7972554,30010432,26131371,20410623,88421,201491806928,364400159,14317989,1638757,1,0,0,0,0,21200,4716.981132075472,100000,206.357,122,19071,379,457,100000
53,avg-run,10000,true,uniform,READ,55,12219692,6449053,6407170,640498,5,0,0,0,0,25,489,11078916,7972554,30086670,26207591,20450783,91214,202080544150,365106423,14318071,1638757,1,0,0,0,0,21226,4711.2032413078305,100000,206.47197,116,18495,380,457,100000
54,extend,10000,true,uniform,EXTEND,2,607403782,237429680,233679749,10236992,5401970,9901665,0,0,0,25,492,11387898,7972554,30086670,26207591,20577877,91226,204111742238,366813833,14606302,1638757,0,0,0,0,1,155478,643.1778129381648,100000,1546.62425,693,22479,1880,2357,100000
54,run,10000,true,uniform,READ,2,612901807,240805109,237034522,10236994,5401981,9901667,0,0,0,25,492,11396237,7972554,30086670,26207591,20612317,91229,204161311089,367005511,14621313,1640579,1,0,0,0,0,22518,4440.891731059597,100000,219.38004,134,20191,383,477,100000
54,reference,10000,true,uniform,READ,1,16377739,6707987,5469359,10181,12,62,0,0,0,25,492,11396237,7972554,30086670,26207591,20612317,91229,204161311139,367005512,14621313,1640579,1,0,0,0,0,3805,26281.208935611037,100000,33.40422,22,12583,46,77,100000
54,clean-run,10000,true,uniform,READ,53,6265978,3365094,3354130,335327,1,0,0,0,0,25,494,11488450,7972554,30163199,26285106,20616622,91237,204766477890,367739011,14622351,1687388,1,0,0,0,0,20534,4869.971754163826,100000,199.94782,121,18559,370,450,100000
54,avg-run,10000,true,uniform,READ,55,12403430,6497707,6455821,645329,16,2,0,0,0,25,495,11501935,7972554,30239438,26361327,20655878,93872,205365197818,368445266,14622425,1687388,1,0,0,0,0,21810,4585.052728106373,100000,212.34867,124,18943,386,465,100000
55,extend,10000,true,uniform,EXTEND,2,621671171,244987157,241172247,10570217,5502003,10229736,0,0,0,25,498,11832726,7972554,30251479,26373368,20819069,93973,207394422438,370080058,14912507,1687388,0,0,0,0,1,155770,641.972138409193,100000,1550.08244,616,23967,1898,2213,100000
55,run,10000,true,uniform,READ,2,627389535,248413697,244578130,10570221,5502025,10229740,0,0,0,25,498,11832726,7972554,30251479,26373369,20819069,93973,207450278929,370309203,14932591,1688434,1,0,0,0,0,24089,4151.272364979866,100000,234.94289,135,19935,403,480,100000
55,reference,10000,true,uniform,READ,1,16680398,6833681,5570650,10181,12,62,0,0,0,25,498,11832726,7972554,30251479,26373369,20819069,93973,207450278929,370309203,14932591,1688434,1,0,0,0,0,3497,28595.939376608523,100000,30.1124,22,14559,39,62,100000
55,clean-run,10000,true,uniform,READ,53,6139154,3416945,3405984,340468,1,0,0,0,0,25,500,11938055,7972554,30329673,26452551,20824192,93995,208061866938,370977405,14933657,1733048,1,0,0,0,0,21303,4694.174529409003,100000,207.30904,127,21967,383,460,100000
55,avg-run,10000,true,uniform,READ,55,12276498,6549427,6507544,650481,5,0,0,0,0,25,501,11951658,7972554,30405911,26528771,20864097,96718,208670584280,371683669,14933733,1733048,1,0,0,0,0,21891,4568.087341829976,100000,213.02202,123,19263,387,461,100000
56,extend,10000,true,uniform,EXTEND,2,636566018,252658175,248777408,10908435,5602058,10562748,0,0,0,25,505,12270995,7972554,30405955,26528815,21021858,96741,210810742372,373481971,15268913,1733048,0,0,0,0,1,158575,630.6164275579379,100000,1577.29295,687,77695,1891,2505,100000
56,run,10000,true,uniform,READ,2,642045877,256136544,252235997,10908437,5602069,10562750,0,0,0,25,505,12289837,7972554,30405955,26528815,21021858,96741,210897133780,373606216,15299280,1737607,1,0,0,0,0,23895,4184.975936388366,100000,233.46206,130,17423,397,473,100000
56,reference,10000,true,uniform,READ,1,16982984,6958485,5671927,10181,12,62,0,0,0,25,505,12289877,7972554,30405955,26528815,21021858,96741,210897133830,373606217,15299280,1737607,1,0,0,0,0,3663,27300.0273000273,100000,32.20358,22,11527,46,77,100000
56,clean-run,10000,true,uniform,READ,53,6322726,3468566,3457602,345687,1,0,0,0,0,25,507,12392996,7972554,30485860,26609706,21058170,96766,211524172883,374363870,15300363,1783476,1,0,0,0,0,20937,4776.233462291637,100000,203.73037,127,21839,376,455,100000
56,avg-run,10000,true,uniform,READ,55,12308869,6600119,6559110,655687,5,0,0,0,0,25,508,12409352,7972554,30562097,26685925,21096976,99248,212138398779,374994807,15300415,1783476,1,0,0,0,0,20412,4899.078973153048,100000,198.71171,132,21007,368,453,100000
57,extend,10000,true,uniform,EXTEND,2,651277137,260445171,256499425,11252298,5702091,10901153,0,0,0,25,512,12751316,7972554,30562099,26685927,21249704,99272,214340656798,376819698,15625462,1783476,0,0,0,0,1,158436,631.1696836577546,100000,1576.25094,645,27887,1925,2525,100000
57,run,10000,true,uniform,READ,2,656851318,263978364,260011962,11252300,5702102,10901155,0,0,0,25,512,12773307,7972554,30562099,26685927,21249704,99272,214491815523,377028862,15672239,1792182,1,0,0,0,0,24070,4154.549231408392,100000,234.788,141,19663,399,481,100000
57,reference,10000,true,uniform,READ,1,17285643,7084179,5773218,10181,12,62,0,0,0,25,512,12773350,7972554,30562099,26685927,21249704,99272,214491815573,377028863,15672239,1792182,1,0,0,0,0,3974,25163.563160543534,100000,35.04992,21,11103,47,80,100000
57,clean-run,10000,true,uniform,READ,53,6351730,3523351,3512387,351145,1,0,0,0,0,25,514,12864900,7972554,30643781,26768595,21292067,99290,215129610095,377799316,15673308,1838444,1,0,0,0,0,21993,4546.901286773064,100000,214.29334,127,21615,384,467,100000
57,avg-run,10000,true,uniform,READ,55,12489182,6655964,6614078,661147,16,2,0,0,0,25,515,12882601,7972554,30720020,26844816,21331684,101721,215758310439,378505571,15673367,1838444,1,0,0,0,0,22086,4527.755139002083,100000,215.18213,126,16511,386,462,100000
58,extend,10000,true,uniform,EXTEND,2,666147943,268352816,264341214,11601713,5802135,11245053,0,0,0,25,519,13259628,7972554,30724097,26848893,21491407,101757,218103967147,380388082,16049667,1838444,0,0,0,0,1,161202,620.339698018635,100000,1603.64429,667,26111,1956,2423,100000
58,run,10000,true,uniform,READ,2,671578991,271940536,267909154,11601715,5802146,11245055,0,0,0,25,519,13262106,7972554,30724097,26848893,21491407,101757,218117790429,380453670,16053396,1838444,1,0,0,0,0,24425,4094.1658137154554,100000,238.24817,134,17871,403,485,100000
58,reference,10000,true,uniform,READ,1,17588229,7208983,5874495,10181,12,62,0,0,0,25,519,13262144,7972554,30724097,26848893,21491407,101757,218117790429,380453670,16053396,1838444,1,0,0,0,0,3387,29524.65308532625,100000,29.20221,21,14047,39,73,100000
58,clean-run,10000,true,uniform,READ,53,6375948,3578413,3567449,356660,1,0,0,0,0,25,521,13353320,7972554,30807584,26933366,21534364,101772,218766284632,381236919,16054445,1883597,1,0,0,0,0,21839,4578.964238289299,100000,212.61199,127,19551,388,467,100000
58,avg-run,10000,true,uniform,READ,55,12362094,6709967,6668958,666660,5,0,0,0,0,25,522,13372824,7972554,30883822,27009586,21573352,103906,219400478793,381867855,16054491,1883597,1,0,0,0,0,21520,4646.840148698885,100000,209.54196,131,20975,389,463,100000
59,extend,10000,true,uniform,EXTEND,2,680914618,276381798,272305216,11956595,5902179,11594301,0,0,0,25,526,13752438,7972554,30883823,27009587,21726746,103927,221766758718,383792892,16432466,1883597,0,0,0,0,1,158278,631.7997447529032,100000,1575.04684,680,20463,1981,2467,100000
59,run,10000,true,uniform,READ,2,686483119,280026450,275930088,11956597,5902190,11594303,0,0,0,25,526,13762599,7972554,30883823,27009587,21726746,103927,221812785526,383928601,16446917,1884465,1,0,0,0,0,21931,4559.755597099996,100000,213.76246,113,22559,378,471,100000
59,reference,10000,true,uniform,READ,1,17890815,7333787,5975772,10181,12,62,0,0,0,25,526,13762636,7972554,30883823,27009587,21726746,103927,221812785576,383928602,16446917,1884465,1,0,0,0,0,3310,30211.480362537764,100000,28.71476,22,12391,39,68,100000
59,clean-run,10000,true,uniform,READ,53,6396888,3634179,3623215,362294,1,0,0,0,0,25,528,13857809,7972554,30969160,27095910,21772241,103950,222472129523,384725035,16447965,1936067,1,0,0,0,0,19271,5189.144310103264,100000,187.04537,110,19295,371,449,100000
59,avg-run,10000,true,uniform,READ,55,12146574,7765733,7724724,772294,5,0,0,0,0,25,529,13888399,7972554,31070683,27197415,21808161,106718,223129643942,385556253,16448009,1936067,1,0,0,0,0,21576,4634.7793845012975,100000,210.48805,134,17007,382,465,100000
60,extend,10000,true,uniform,EXTEND,2,695874485,284534610,280393049,12317171,6002212,11949350,0,0,0,25,533,14261310,7972554,31070686,27197418,21954006,106740,225440175381,387473368,16782689,1936067,0,0,0,0,1,159403,627.3407652302654,100000,1585.8475,662,25263,1945,2309,100000
60,run,10000,true,uniform,READ,2,701518372,288234835,284072618,12317173,6002223,11949352,0,0,0,25,533,14281649,7972554,31070686,27197418,21954006,106740,225536602479,387687393,16813637,1940108,1,0,0,0,0,20723,4825.556145345751,100000,201.93542,115,17391,373,459,100000
60,reference,10000,true,uniform,READ,1,18193474,7459481,6077063,10181,12,62,0,0,0,25,533,14281693,7972554,31070686,27197418,21954006,106740,225536602479,387687393,16813637,1940108,1,0,0,0,0,4027,24832.381425378695,100000,35.47585,21,11743,47,75,100000
60,clean-run,10000,true,uniform,READ,53,6239769,3689924,3678963,367808,1,0,0,0,0,25,535,14390010,7972554,31157818,27285539,22007037,106752,226202157055,388410625,16814752,1986020,1,0,0,0,0,18543,5392.870625033705,100000,180.2827,111,19295,365,438,100000
60,avg-run,10000,true,uniform,READ,55,12190658,7822405,7780522,777821,5,0,0,0,0,25,536,14421531,7972554,31259343,27387046,22042113,109620,226875651654,389342168,16814806,1986020,1,0,0,0,0,22189,4506.737572671143,100000,216.02377,130,21279,386,468,100000
61,extend,10000,true,uniform,EXTEND,2,710607926,292807399,288600859,12683350,6102245,12309990,0,0,0,25,540,14827332,7972554,31265510,27393213,22188311,109667,229214280023,391077739,17167569,1986020,0,0,0,0,1,162091,616.9373993620867,100000,1612.37245,657,52255,1957,2587,100000
61,run,10000,true,uniform,READ,2,716507604,296563763,292336566,12683354,6102267,12309994,0,0,0,25,540,14830215,7972554,31265510,27393213,22188311,109667,229336472787,391361090,17210513,1986020,1,0,0,0,0,22168,4511.006856730422,100000,215.97496,118,20415,388,467,100000
61,reference,10000,true,uniform,READ,1,18496060,7584285,6178340,10181,12,62,0,0,0,25,540,14830260,7972554,31265510,27393213,22188311,109667,229336472837,391361091,17210513,1986020,1,0,0,0,0,4125,24242.424242424244,100000,36.44272,22,13375,48,75,100000
61,clean-run,10000,true,uniform,READ,53,6428838,3745760,3734796,373367,1,0,0,0,0,25,542,14959151,7972554,31354451,27483140,22250549,109695,230017668549,392183482,17211584,2033910,1,0,0,0,0,20807,4806.074878646609,100000,202.38281,118,19935,386,466,100000
61,avg-run,10000,true,uniform,READ,55,12379838,7878373,7836487,783369,16,2,0,0,0,25,543,14992091,7972554,31455977,27584648,22287222,112428,230701155475,393115018,17211637,2033910,1,0,0,0,0,23973,4171.359446043465,100000,233.63777,139,22703,402,480,100000
62,extend,10000,true,uniform,EXTEND,2,726018282,301203300,296930904,13054464,6202289,12675831,0,0,0,25,547,15405715,7972554,31455977,27584648,22439006,112451,233120326887,395003790,17589225,2033910,0,0,0,0,1,163374,612.0924994185121,100000,1625.14254,652,23679,1973,2483,100000
62,run,10000,true,uniform,READ,2,731690689,305011482,300718430,13054466,6202300,12675833,0,0,0,25,547,15412057,7972554,31455977,27584648,22467213,112455,233160727183,395174281,17601405,2034082,1,0,0,0,0,21967,4552.28296990941,100000,213.97295,118,23103,389,470,100000
62,reference,10000,true,uniform,READ,1,18798646,7709089,6279617,10181,12,62,0,0,0,25,547,15412057,7972554,31455977,27584648,22467213,112455,233160727183,395174281,17601405,2034082,1,0,0,0,0,3490,28653.29512893983,100000,30.37671,22,12551,40,72,100000
62,clean-run,10000,true,uniform,READ,53,6256775,3798177,3787216,378620,1,0,0,0,0,25,549,15513728,7972554,31546605,27676265,22471380,112460,233847367962,395919568,17602462,2081314,1,0,0,0,0,20536,4869.497467861317,100000,199.61483,119,17199,386,456,100000
62,avg-run,10000,true,uniform,READ,55,12207664,7930658,7888775,788633,5,0,0,0,0,25,550,15547821,7972554,31648130,27777772,22508263,114934,234540843718,396851112,17602516,2081314,1,0,0,0,0,22419,4460.502252553638,100000,218.28071,136,21775,394,467,100000
63,extend,10000,true,uniform,EXTEND,2,740840411,309712238,305374863,13430812,6302322,13046961,0,0,0,25,554,15991748,7972554,31659420,27789062,22681814,115043,236917717751,398615130,17960320,2081314,0,0,0,0,1,160413,623.3908723108476,100000,1596.17107,623,21471,1975,2333,100000
63,run,10000,true,uniform,READ,2,746796442,313573125,309215093,13430816,6302344,13046965,0,0,0,25,554,15991748,7972554,31659420,27789062,22681814,115043,237015428429,398903013,17998254,2081314,1,0,0,0,0,23082,4332.380209687202,100000,224.98494,127,22127,398,480,100000
63,reference,10000,true,uniform,READ,1,19101305,7834783,6380908,10181,12,62,0,0,0,25,554,15991748,7972554,31659420,27789062,22681814,115043,237015428429,398903013,17998254,2081314,1,0,0,0,0,3825,26143.7908496732,100000,33.62161,22,12799,44,71,100000
63,clean-run,10000,true,uniform,READ,53,6247758,3849978,3839017,383838,1,0,0,0,0,25,556,16129870,7972554,31751698,27882329,22688039,115069,237713291541,399659153,17999388,2128884,1,0,0,0,0,20436,4893.325504012527,100000,199.05715,120,18671,384,463,100000
63,avg-run,10000,true,uniform,READ,55,12198647,7982459,7940576,793851,5,0,0,0,0,25,557,16165640,7972554,31853223,27983836,22724109,117322,238416753506,400590695,17999442,2128884,1,0,0,0,0,22234,4497.616263380409,100000,216.76455,127,18815,392,466,100000
64,extend,10000,true,uniform,EXTEND,2,756381502,318337100,313933869,13812245,6402366,13423301,0,0,0,25,561,16570384,7972554,31853223,27983836,22870783,117344,240811711680,402540962,18375428,2128884,0,0,0,0,1,159641,626.4054973346446,100000,1588.76818,663,21615,1983,2515,100000
64,run,10000,true,uniform,READ,2,762054103,322247696,317823809,13812247,6402377,13423303,0,0,0,25,561,16570564,7972554,31853223,27983836,22897153,117350,240837100265,402699088,18381503,2129418,1,0,0,0,0,23487,4257.674458210925,100000,229.0164,124,24335,400,472,100000
64,reference,10000,true,uniform,READ,1,19403891,7959587,6482185,10181,12,62,0,0,0,25,561,16570564,7972554,31853223,27983836,22897153,117350,240837100265,402699088,18381503,2129418,1,0,0,0,0,3599,27785.495971103082,100000,31.41316,22,12663,41,74,100000
64,clean-run,10000,true,uniform,READ,53,6440413,3900762,3889798,388944,1,0,0,0,0,25,563,16685666,7972554,31947076,28078675,22901807,117364,241550701093,403558791,18382571,2182214,1,0,0,0,0,20737,4822.298307373294,100000,201.51383,122,24047,386,460,100000
64,avg-run,10000,true,uniform,READ,55,12190099,8032316,7991307,798944,5,0,0,0,0,25,564,16721946,7972554,32048600,28180181,22938049,119440,242258181302,404390008,18382615,2182214,1,0,0,0,0,23414,4270.949004868882,100000,228.34682,141,22351,401,488,100000
65,extend,10000,true,uniform,EXTEND,2,771275996,327071444,322603234,14198384,6502399,13804474,0,0,0,25,568,17149339,7972554,32054047,28185628,23110475,119509,244632330626,406301614,18735555,2182214,0,0,0,0,1,158422,631.2254611101994,100000,1575.91663,640,28607,1953,2333,100000
65,run,10000,true,uniform,READ,2,777240733,331033168,326544301,14198388,6502421,13804478,0,0,0,25,569,17159473,7972554,32054047,28185628,23110475,119509,244723553842,406571977,18772745,2185537,1,0,0,0,0,23437,4266.757690830737,100000,228.85315,125,18191,403,491,100000
65,reference,10000,true,uniform,READ,1,19706550,8085281,6583476,10181,12,62,0,0,0,25,569,17161295,7972554,32054047,28185628,23110475,119509,244723553842,406571977,18772745,2185537,1,0,0,0,0,3952,25303.643724696358,100000,34.7945,22,11527,47,77,100000
65,clean-run,10000,true,uniform,READ,53,6240375,3951266,3940312,393897,1,0,0,0,0,25,571,17287195,7972554,32149374,28281944,23144223,119528,245442316923,407349568,18773801,2240057,1,0,0,0,0,20867,4792.2557147649395,100000,203.0638,121,18815,385,460,100000
65,avg-run,10000,true,uniform,READ,55,12191267,8083748,8041872,803910,5,0,0,0,0,25,572,17324315,7972554,32250899,28383451,23181228,121623,246165773107,408281111,18773855,2240057,1,0,0,0,0,20942,4775.0931143157295,100000,203.87493,125,17551,390,471,100000
66,extend,10000,true,uniform,EXTEND,2,786920239,335918090,331384023,14589605,6602454,14190850,0,0,0,25,576,17737642,7972554,32251024,28383576,23353279,121653,248580265755,410272507,19147527,2240057,0,0,0,0,1,161786,618.100453685733,100000,1610.1411,700,21647,1982,2367,100000
66,run,10000,true,uniform,READ,2,792620434,339927620,335372897,14589607,6602465,14190852,0,0,0,25,576,17737642,7972554,32251024,28383576,23353279,121653,248592175393,410419389,19149185,2240057,1,0,0,0,0,24845,4024.954719259408,100000,242.40873,133,20015,417,488,100000
66,reference,10000,true,uniform,READ,1,20009136,8210085,6684753,10181,12,62,0,0,0,25,576,17737642,7972554,32251024,28383576,23353279,121653,248592175393,410419389,19149185,2240057,1,0,0,0,0,3940,25380.710659898476,100000,34.6796,20,13271,44,73,100000
66,clean-run,10000,true,uniform,READ,53,6414518,3999378,3988414,398755,1,0,0,0,0,25,578,17858108,7972554,32347741,28481279,23358098,121677,249327401584,411303070,19150261,2291805,1,0,0,0,0,21132,4732.159757713421,100000,205.58652,123,22479,388,467,100000
66,avg-run,10000,true,uniform,READ,55,12164201,8130931,8089922,808755,5,0,0,0,0,25,579,17895620,7972554,32449264,28582784,23394044,123469,250054869111,412134286,19150305,2291805,1,0,0,0,0,20149,4963.025460320611,100000,195.91645,118,17503,382,466,100000
67,extend,10000,true,uniform,EXTEND,2,801922514,344868171,340269125,14985383,6702487,14581927,0,0,0,25,584,18330365,7972554,32453079,28586599,23566504,123514,252450672392,414087803,19499187,2291805,0,0,0,0,1,163934,610.0015860041236,100000,1630.80045,689,20687,1983,2353,100000
67,run,10000,true,uniform,READ,2,807931255,348925802,344306099,14985387,6702509,14581931,0,0,0,25,584,18368268,7972554,32453079,28586599,23566504,123514,252690358114,414369059,19593946,2303652,1,0,0,0,0,25108,3982.7943285008764,100000,244.87138,129,21967,415,483,100000
67,reference,10000,true,uniform,READ,1,20311795,8335779,6786044,10181,12,62,0,0,0,25,584,18368312,7972554,32453079,28586599,23566504,123514,252690358114,414369059,19593946,2303652,1,0,0,0,0,4027,24832.381425378695,100000,35.36241,22,13615,48,74,100000
67,clean-run,10000,true,uniform,READ,53,6392317,4046927,4035963,403456,1,0,0,0,0,25,586,18477129,7972554,32551039,28685545,23605492,123525,253436127745,415264130,19594994,2358011,1,0,0,0,0,21235,4709.206498704968,100000,206.4621,121,24975,389,465,100000
67,avg-run,10000,true,uniform,READ,55,12142003,8178481,8137472,813456,5,0,0,0,0,25,587,18515410,7972554,32652564,28787052,23641844,125398,254173589096,416095348,19595038,2358011,1,0,0,0,0,21034,4754.2074736141485,100000,204.90292,125,18879,388,463,100000
68,extend,10000,true,uniform,EXTEND,2,817680883,353922471,349257569,15385894,6802531,14977731,0,0,0,25,592,18936894,7972554,32652565,28787053,23810074,125425,256662497199,418211688,19974550,2358011,0,0,0,0,1,163379,612.0737671304146,100000,1625.46576,698,28447,1990,2371,100000
68,run,10000,true,uniform,READ,2,823425599,358025917,353340359,15385896,6802542,14977733,0,0,0,25,592,18959067,7972554,32652565,28787053,23810074,125425,256780274363,418392428,20015824,2363934,1,0,0,0,0,24162,4138.730237563115,100000,235.71385,118,21983,406,486,100000
68,reference,10000,true,uniform,READ,1,20614381,8460583,6887321,10181,12,62,0,0,0,25,592,18959107,7972554,32652565,28787053,23810074,125425,256780274363,418392428,20015824,2363934,1,0,0,0,0,3646,27427.317608337904,100000,31.99731,22,12559,42,70,100000
68,clean-run,10000,true,uniform,READ,53,6165509,4091913,4080952,408150,1,0,0,0,0,25,594,19075073,7972554,32751624,28887101,23850125,125452,257530751774,419200573,20016836,2418243,1,0,0,0,0,21729,4602.144599383312,100000,211.64119,125,21855,393,484,100000
68,avg-run,10000,true,uniform,READ,55,12116401,8224395,8182512,818163,5,0,0,0,0,25,595,19114060,7972554,32853149,28988608,23886543,127265,258284179088,420132114,20016890,2418243,1,0,0,0,0,20586,4857.67026134266,100000,200.13116,124,21391,386,466,100000
69,extend,10000,true,uniform,EXTEND,2,833226286,363077923,358347165,15790498,6902575,15377743,0,0,0,25,600,19590660,7972554,32853244,28988703,24053144,127301,260969080692,422210549,20460707,2418243,0,0,0,0,1,164982,606.1267289764944,100000,1641.66534,720,25199,2026,2465,100000
69,run,10000,true,uniform,READ,2,838876135,367226110,362475572,15790500,6902586,15377745,0,0,0,25,600,19596167,7972554,32853244,28988703,24053144,127301,260995818306,422309230,20468987,2418381,1,0,0,0,0,24877,4019.7773043373395,100000,242.70774,125,23743,414,490,100000
69,reference,10000,true,uniform,READ,1,20917040,8586277,6988612,10181,12,62,0,0,0,25,600,19596214,7972554,32853244,28988703,24053144,127301,260995818306,422309230,20468987,2418381,1,0,0,0,0,4317,23164.234422052352,100000,38.19896,22,11543,48,84,100000
69,clean-run,10000,true,uniform,READ,53,6127014,4139452,4128491,412742,1,0,0,0,0,25,602,19720156,7972554,32953200,29089648,24099265,127320,261757646773,423126881,20470105,2471832,1,0,0,0,0,23608,4235.852253473399,100000,230.39448,122,22287,409,481,100000
69,avg-run,10000,true,uniform,READ,55,12077906,8271934,8230051,822755,5,0,0,0,0,25,603,19759410,7972554,33054725,29191155,24138781,128793,262521063357,424058424,20470159,2471832,1,0,0,0,0,21422,4668.098216786481,100000,208.50355,127,22223,397,467,100000
70,extend,10000,true,uniform,EXTEND,2,848705216,372335087,367539350,16200152,7002608,15782635,0,0,0,25,608,20179098,7972554,33054725,29191155,24304093,128824,265072599971,426071004,20857721,2471832,0,0,0,0,1,166307,601.2976002212775,100000,1654.60238,709,23487,2034,2499,100000
70,run,10000,true,uniform,READ,2,854508884,376532155,371715762,16200154,7002619,15782637,0,0,0,25,608,20201210,7972554,33054725,29191155,24304093,128824,265194863671,426294222,20901529,2479527,1,0,0,0,0,24256,4122.691292875989,100000,236.73872,130,21999,406,480,100000
70,reference,10000,true,uniform,READ,1,21219699,8711971,7089903,10181,12,62,0,0,0,25,608,20201252,7972554,33054725,29191155,24304093,128824,265194863671,426294222,20901529,2479527,1,0,0,0,0,3890,25706.94087403599,100000,33.98375,22,12591,43,72,100000
70,clean-run,10000,true,uniform,READ,53,6093220,4187999,4176958,417504,18,0,0,0,0,25,610,20334431,7972554,33155338,29292757,24352423,128838,265967951471,427121609,20902732,2534897,1,0,0,0,0,21522,4646.408326363721,100000,209.65657,129,19007,387,463,100000
70,avg-run,10000,true,uniform,READ,55,12044109,8320480,8278517,827517,22,0,0,0,0,25,611,20373518,7972554,33256863,29394264,24388200,130191,266741351745,428053153,20902779,2534897,1,0,0,0,0,21562,4637.788702346721,100000,209.956,126,22943,397,466,100000
71,extend,10000,true,uniform,EXTEND,2,864430784,381697936,376836343,16614650,7102652,16192348,0,0,0,25,616,20877782,7972554,33257024,29394425,24545667,130225,269521733570,430126391,21353395,2534897,0,0,0,0,1,168036,595.1105715441929,100000,1672.10923,661,81791,2037,2617,100000
71,run,10000,true,uniform,READ,2,870253036,385942744,381060495,16614652,7102663,16192350,0,0,0,25,616,20882569,7972554,33257024,29394425,24571584,130228,269558152622,430290134,21364296,2534949,1,0,0,0,0,23671,4224.578598284821,100000,230.9724,143,23807,393,478,100000
71,reference,10000,true,uniform,READ,1,21522285,8836775,7191180,10181,12,62,0,0,0,25,616,20882569,7972554,33257024,29394425,24571584,130228,269558152622,430290134,21364296,2534949,1,0,0,0,0,3657,27344.818156959256,100000,31.98077,22,12615,41,82,100000
71,clean-run,10000,true,uniform,READ,53,6072072,4234529,4223568,422289,1,0,0,0,0,25,618,21002065,7972554,33358085,29496474,24575838,130255,270341854884,431127153,21365497,2590244,1,0,0,0,0,22092,4526.525439072968,100000,215.4005,134,18399,393,478,100000
71,avg-run,10000,true,uniform,READ,55,12022964,8367011,8325128,832302,5,0,0,0,0,25,619,21040802,7972554,33459610,29597981,24612188,131424,271125251569,432058696,21365540,2590244,1,0,0,0,0,21547,4641.01731099457,100000,209.72845,130,21071,395,467,100000
72,extend,10000,true,uniform,EXTEND,2,880213629,391167074,386239625,17034131,7202696,16607118,0,0,0,25,624,21499629,7972554,33464806,29603177,24776646,131471,273833988320,434208579,21795542,2590244,0,0,0,0,1,167231,597.9752557839157,100000,1664.52133,656,23183,2057,2441,100000
72,run,10000,true,uniform,READ,2,885936260,395458420,390511191,17034133,7202707,16607120,0,0,0,25,624,21501261,7972554,33464806,29603177,24776646,131471,273842835038,434313878,21797005,2590244,1,0,0,0,0,25614,3904.1149371437496,100000,250.20318,146,24015,416,487,100000
72,reference,10000,true,uniform,READ,1,21824944,8962469,7292471,10181,12,62,0,0,0,25,624,21501303,7972554,33464806,29603177,24776646,131471,273842835088,434313879,21797005,2590244,1,0,0,0,0,3766,26553.37227827934,100000,33.15646,22,12239,47,79,100000
72,clean-run,10000,true,uniform,READ,53,6282524,4281715,4270751,427013,1,0,0,0,0,25,626,21637081,7972554,33566161,29705518,24833663,131498,274644853829,435260555,21798457,2648774,1,0,0,0,0,23066,4335.385415763461,100000,225.03643,132,69567,402,483,100000
72,avg-run,10000,true,uniform,READ,55,12032207,8413268,8372259,837013,5,0,0,0,0,25,627,21676010,7972554,33667685,29807024,24870090,132761,275432267170,436091771,21798489,2648774,1,0,0,0,0,20614,4851.072086931212,100000,200.58705,129,19023,386,470,100000
73,extend,10000,true,uniform,EXTEND,2,895905325,400739365,395746937,17458372,7302729,17026506,0,0,0,25,632,22113893,7972554,33667687,29807026,25033242,132794,278055584795,438211256,22185852,2648774,0,0,0,0,1,168328,594.0782282210921,100000,1674.73729,723,31359,2028,2635,100000
73,run,10000,true,uniform,READ,2,901962871,405079607,400066522,17458376,7302751,17026510,0,0,0,25,632,22126078,7972554,33667687,29807026,25033242,132794,278185402415,438480201,22230197,2653163,1,0,0,0,0,24929,4011.3923542861726,100000,243.26503,141,22639,408,482,100000
73,reference,10000,true,uniform,READ,1,22127603,9088163,7393762,10181,12,62,0,0,0,25,632,22126124,7972554,33667687,29807026,25033242,132794,278185402415,438480201,22230197,2653163,1,0,0,0,0,4223,23679.848448969926,100000,37.44886,22,10783,48,78,100000
73,clean-run,10000,true,uniform,READ,53,6304940,4329679,4318715,431866,1,0,0,0,0,25,634,22274685,7972554,33769237,29909562,25092054,132818,278995342573,439436787,22231261,2710400,1,0,0,0,0,22855,4375.410194705753,100000,222.74381,132,20607,400,486,100000
73,avg-run,10000,true,uniform,READ,55,12255940,8462292,8420406,841868,16,2,0,0,0,25,635,22311302,7972554,33869751,30011070,25143439,136800,279798728007,440368325,22231295,2710400,1,0,0,0,0,21872,4572.05559619605,100000,212.86284,130,21407,398,473,100000
74,extend,10000,true,uniform,EXTEND,2,912049374,410419494,405361210,17887698,7402773,17450917,0,0,0,25,641,22799476,7972554,33870904,30011211,25282014,136827,282716343541,442474105,22690303,2710400,0,0,0,0,1,169439,590.182897679991,100000,1686.47609,699,30415,2095,2871,100000
74,run,10000,true,uniform,READ,2,917971861,414810137,409731197,17887700,7402784,17450919,0,0,0,25,641,22820718,7972554,33870904,30011211,25282014,136827,282859547259,442691797,22739538,2716948,1,0,0,0,0,26336,3797.0838396111785,100000,257.3957,156,19295,420,512,100000
74,reference,10000,true,uniform,READ,1,22430262,9213857,7495053,10181,12,62,0,0,0,25,641,22820760,7972554,33870904,30011211,25282014,136827,282859547259,442691797,22739538,2716948,1,0,0,0,0,3880,25773.19587628866,100000,34.10382,22,12863,44,74,100000
74,clean-run,10000,true,uniform,READ,53,6148842,4380360,4369399,436775,1,0,0,0,0,25,643,22947456,7972554,33972616,30113912,25327000,136844,283675209175,443557880,22740743,2772738,1,0,0,0,0,24199,4132.402165378735,100000,236.23473,131,22735,410,489,100000
74,avg-run,10000,true,uniform,READ,55,12099734,8512842,8470959,846788,5,0,0,0,0,25,644,22983053,7972554,34070666,30215419,25380567,140661,284488594892,444489425,22740778,2772738,1,0,0,0,0,22419,4460.502252553638,100000,218.46728,131,20751,407,480,100000
75,extend,10000,true,uniform,EXTEND,2,928122404,420208650,415084511,18321991,7502806,17880226,0,0,0,25,650,23494773,7972554,34074141,30215419,25518079,140682,287465651164,446618574,23208703,2772738,0,0,0,0,1,172279,580.4537987798861,100000,1715.02789,797,21887,2105,2551,100000
75,run,10000,true,uniform,READ,2,934091880,424648645,419503850,18321993,7502817,17880228,0,0,0,25,650,23515587,7972554,34074141,30215419,25518079,140682,287590052130,446831808,23250568,2778956,1,0,0,0,0,25253,3959.925553399596,100000,246.61695,148,20399,408,482,100000
75,reference,10000,true,uniform,READ,1,22732921,9339551,7596344,10181,12,62,0,0,0,25,650,23515628,7972554,34074141,30215419,25518079,140682,287590052180,446831809,23250568,2778956,1,0,0,0,0,3729,26816.84097613301,100000,32.53007,22,12439,41,79,100000
75,clean-run,10000,true,uniform,READ,53,6198754,4429092,4418131,441752,1,0,0,0,0,25,652,23653093,7972554,34176039,30318306,25565435,140706,288416554681,447707858,23251790,2839387,1,0,0,0,0,24001,4166.493062789051,100000,234.64082,141,19487,405,478,100000
75,avg-run,10000,true,uniform,READ,55,12149646,8561574,8519691,851765,5,0,0,0,0,25,654,23691308,7972554,34277564,30419813,25617860,144340,289239935778,448639404,23251827,2839387,1,0,0,0,0,22035,4538.234626730202,100000,214.84156,132,19295,404,485,100000
76,extend,10000,true,uniform,EXTEND,2,944332614,430108690,424918695,18761564,7602850,18314734,0,0,0,25,659,24196089,7972554,34277565,30419813,25774935,144364,292242847244,450806049,23716911,2839387,0,0,0,0,1,171956,581.544115936635,100000,1711.61281,724,21951,2091,2473,100000
76,run,10000,true,uniform,READ,2,950329977,434599034,429388383,18761566,7602861,18314736,0,0,0,25,659,24216610,7972554,34277565,30419813,25774935,144364,292346674782,451010939,23752277,2845486,1,0,0,0,0,27674,3613.5000361350003,100000,270.48152,149,19391,429,515,100000
76,reference,10000,true,uniform,READ,1,23035580,9465245,7697635,10181,12,62,0,0,0,25,659,24216647,7972554,34277565,30419813,25774935,144364,292346674782,451010939,23752277,2845486,1,0,0,0,0,3397,29437.73918163085,100000,29.13705,22,12751,39,69,100000
76,clean-run,10000,true,uniform,READ,53,6259194,4479331,4468370,446817,1,0,0,0,0,25,661,24359805,7972554,34379775,30523012,25826574,144381,293183609346,451897143,23753470,2907889,1,0,0,0,0,24403,4097.856820882678,100000,238.16502,142,21567,410,483,100000
76,avg-run,10000,true,uniform,READ,55,12210086,8611813,8569930,856830,5,0,0,0,0,25,663,24397403,7972554,34481300,30624519,25879251,147930,294017343345,452828689,23753577,2907889,1,0,0,0,0,22125,4519.774011299435,100000,215.88465,130,18767,403,476,100000
77,extend,10000,true,uniform,EXTEND,2,960634281,440118720,434862869,19205844,7702894,18753905,0,0,0,25,668,24910753,7972554,34481312,30624531,26037849,147955,297048088514,455020897,24219679,2907889,0,0,0,0,1,171585,582.8015269400006,100000,1707.73893,743,23487,2091,2443,100000
77,run,10000,true,uniform,READ,2,966661104,444660465,439383958,19205846,7702905,18753907,0,0,0,25,668,24930368,7972554,34481313,30624531,26037849,147955,297140381715,455226141,24251461,2912232,1,0,0,0,0,27341,3657.510698218792,100000,267.57915,157,19343,429,523,100000
77,reference,10000,true,uniform,READ,1,23338239,9590939,7798926,10181,12,62,0,0,0,25,668,24930411,7972554,34481313,30624531,26037849,147955,297140381715,455226141,24251461,2912232,1,0,0,0,0,3911,25568.908207619534,100000,34.24118,22,11647,47,91,100000
77,clean-run,10000,true,uniform,READ,53,6321521,4529496,4518535,451926,1,0,0,0,0,25,670,25076843,7972554,34584080,30728287,26093004,147961,297987165699,456122568,24252534,2972449,1,0,0,0,0,23806,4200.621692010418,100000,232.27739,141,18143,403,489,100000
77,avg-run,10000,true,uniform,READ,55,12272413,8661978,8620095,861939,5,0,0,0,0,25,672,25113174,7972554,34685605,30829794,26145026,151313,298830879766,457054112,24252642,2972449,1,0,0,0,0,22059,4533.297066956798,100000,215.16042,139,19215,394,469,100000
78,extend,10000,true,uniform,EXTEND,2,977026847,450242589,444920882,19655527,7802938,19198393,0,0,0,25,677,25635270,7972554,34685676,30829862,26302127,151335,301887406368,459279454,24719447,2972449,0,0,0,0,1,173270,577.1339527904427,100000,1724.82303,764,22111,2105,2535,100000
78,run,10000,true,uniform,READ,2,983081348,454836414,449494051,19655529,7802949,19198395,0,0,0,25,677,25654112,7972554,34685676,30829862,26302127,151335,301970154409,459486181,24748126,2976687,1,0,0,0,0,26125,3827.751196172249,100000,255.33686,159,25951,415,494,100000
78,reference,10000,true,uniform,READ,1,23640898,9716633,7900217,10181,12,62,0,0,0,25,677,25654152,7972554,34685676,30829862,26302127,151335,301970154409,459486181,24748126,2976687,1,0,0,0,0,3629,27555.80049600441,100000,31.58872,22,11599,42,77,100000
78,clean-run,10000,true,uniform,READ,53,6385316,4582504,4571543,457121,1,0,0,0,0,25,679,25800218,7972554,34789181,30934356,26358245,151344,302827598554,460393011,24749197,3036539,1,0,0,0,0,26243,3810.5399535114125,100000,256.38997,137,23599,426,499,100000
78,avg-run,10000,true,uniform,READ,55,12336208,8714986,8673103,867134,5,0,0,0,0,25,681,25837696,7972554,34890706,31035863,26411556,154538,303681305708,461324556,24749305,3036539,1,0,0,0,0,22128,4519.161243673174,100000,215.61814,137,22991,398,492,100000
79,extend,10000,true,uniform,EXTEND,2,993499546,460481529,455093966,20110746,7902982,19648423,0,0,0,25,686,26375812,7972554,34890779,31035936,26566610,154567,306790113114,463567601,25221887,3036539,0,0,0,0,1,173757,575.5163820738157,100000,1729.20915,784,28287,2111,2523,100000
79,run,10000,true,uniform,READ,2,999590730,465127911,459719692,20110748,7902993,19648425,0,0,0,25,686,26393033,7972554,34890779,31035936,26591422,154581,306862674831,463781183,25246579,3038701,1,0,0,0,0,28073,3562.1415595055746,100000,274.58226,156,23535,430,503,100000
79,reference,10000,true,uniform,READ,1,23943557,9842327,8001508,10181,12,62,0,0,0,25,686,26393033,7972554,34890779,31035936,26591422,154581,306862674831,463781183,25246579,3038701,1,0,0,0,0,3557,28113.5788585887,100000,30.60753,22,13887,40,77,100000
79,clean-run,10000,true,uniform,READ,53,6445505,4634382,4623421,462310,1,0,0,0,0,25,688,26533351,7972554,34995262,31141408,26596493,154588,307731614518,464698403,25247755,3097864,1,0,0,0,0,24962,4006.0892556686163,100000,243.78933,144,23551,415,497,100000
79,avg-run,10000,true,uniform,READ,55,13802842,9766872,9724989,972323,5,0,0,0,0,25,690,26573242,7972554,35097802,31243930,26648440,157822,308608711488,465830963,25247872,3097864,1,0,0,0,0,24282,4118.276912939626,100000,236.85363,141,21871,418,495,100000
80,extend,10000,true,uniform,EXTEND,2,1010072161,470834595,465381177,20570781,8003015,20103214,0,0,0,25,695,27127336,7972554,35097890,31244017,26830434,157851,311773647434,468076651,25727060,3097864,0,0,0,0,1,174624,572.6589701301082,100000,1737.85675,794,26863,2115,2525,100000
80,run,10000,true,uniform,READ,2,1016207827,475532254,470058180,20570783,8003026,20103216,0,0,0,25,696,27139933,7972554,35097890,31244017,26830434,157851,311893264169,468307539,25772319,3108920,1,0,0,0,0,28699,3484.441966619046,100000,280.88182,157,21247,436,517,100000
80,reference,10000,true,uniform,READ,1,24246216,9968021,8102799,10181,12,62,0,0,0,25,696,27140686,7972554,35097890,31244017,26830434,157851,311893264169,468307539,25772319,3108920,1,0,0,0,0,3464,28868.36027713626,100000,29.77783,21,15239,40,73,100000
80,clean-run,10000,true,uniform,READ,53,6713603,4687397,4676433,467567,1,0,0,0,0,25,698,27281992,7972554,35203427,31350540,26868620,157872,312779094502,469339523,25773501,3172355,1,0,0,0,0,25418,3934.2198442048943,100000,248.28008,147,26095,418,491,100000
80,avg-run,10000,true,uniform,READ,55,14066287,9820010,9778124,977569,16,2,0,0,0,25,700,27323148,7972554,35307155,31454250,26921362,160937,313666243311,470473261,25773616,3172355,1,0,0,0,0,23631,4231.729507849858,100000,230.73779,143,19343,412,488,100000
81,extend,10000,true,uniform,EXTEND,2,1026774098,481302506,475783232,21036086,8103059,20563309,0,0,0,25,706,27893328,7972554,35311934,31459029,27098323,160993,316983980677,472752934,26304529,3172355,0,0,0,0,1,178626,559.8289162831838,100000,1777.96755,697,57695,2125,3043,100000
81,run,10000,true,uniform,READ,2,1032932015,486053159,480513229,21036088,8103070,20563311,0,0,0,25,706,27915476,7972554,35311934,31459029,27098323,160993,317145434052,472978816,26357780,3183914,1,0,0,0,0,26969,3707.9609922503614,100000,263.92992,155,19951,426,497,100000
81,reference,10000,true,uniform,READ,1,24548875,10093715,8204090,10181,12,62,0,0,0,25,706,27915522,7972554,35311934,31459029,27098323,160993,317145434052,472978816,26357780,3183914,1,0,0,0,0,4248,23540.48964218456,100000,37.55049,22,15495,47,76,100000
81,clean-run,10000,true,uniform,READ,53,6558295,4738361,4727400,472764,1,0,0,0,0,25,708,28051669,7972554,35418563,31566647,27144269,161010,318035412958,473916975,26358907,3248832,1,0,0,0,0,25131,3979.149257888663,100000,245.58862,149,21759,412,493,100000
81,avg-run,10000,true,uniform,READ,55,13876745,9870893,9829010,982777,5,0,0,0,0,25,710,28094746,7972554,35523950,31672016,27196880,164005,318931824066,475038615,26359016,3248832,1,0,0,0,0,24266,4120.992334954257,100000,236.87429,152,20943,410,488,100000
82,extend,10000,true,uniform,EXTEND,2,1043553140,491885142,486300013,21506561,8203092,21028722,0,0,0,25,716,28660785,7972554,35523951,31672017,27372018,164036,322233664881,477322881,26860634,3248832,0,0,0,0,1,174848,571.9253294289897,100000,1740.0806,788,21231,2133,2547,100000
82,run,10000,true,uniform,READ,2,1049757586,496686022,491080237,21506563,8203103,21028724,0,0,0,25,716,28687686,7972554,35523951,31672017,27372018,164036,322421136180,477583382,26922052,3260387,1,0,0,0,0,28264,3538.069629210303,100000,276.34271,153,21775,434,508,100000
82,reference,10000,true,uniform,READ,1,24851534,10219409,8305381,10181,12,62,0,0,0,25,716,28687728,7972554,35523951,31672017,27372018,164036,322421136180,477583382,26922052,3260387,1,0,0,0,0,3785,26420.07926023778,100000,33.17912,22,13431,46,78,100000
82,clean-run,10000,true,uniform,READ,53,6612658,4789452,4778491,477826,1,0,0,0,0,25,718,28837384,7972554,35631755,31780810,27419255,164051,323321434237,478531679,26923134,3324545,1,0,0,0,0,25958,3852.376916557516,100000,253.91596,151,20319,420,497,100000
82,avg-run,10000,true,uniform,READ,55,13938344,9921984,9880101,987839,5,0,0,0,0,25,720,28881998,7972554,35738559,31887596,27471618,166936,324228273449,479661179,26923236,3324545,1,0,0,0,0,24197,4132.743728561392,100000,236.50673,155,19407,407,490,100000
83,extend,10000,true,uniform,EXTEND,2,1060458920,502578257,496927273,21981893,8303125,21498916,0,0,0,25,726,29476615,7972554,35738624,31887661,27642238,166963,327694713254,481960376,27466483,3324545,0,0,0,0,1,178528,560.1362251299516,100000,1777.47647,754,51551,2135,2753,100000
83,run,10000,true,uniform,READ,2,1066757920,507429308,501757667,21981897,8303147,21498920,0,0,0,25,726,29493664,7972554,35738624,31887661,27642238,166963,327829704386,482214614,27510033,3330144,1,0,0,0,0,28502,3508.525717493509,100000,278.88484,163,25551,434,507,100000
83,reference,10000,true,uniform,READ,1,25154193,10345103,8406672,10181,12,62,0,0,0,25,726,29493707,7972554,35738624,31887661,27642238,166963,327829704386,482214614,27510033,3330144,1,0,0,0,0,3938,25393.600812595225,100000,34.58161,22,11479,43,88,100000
83,clean-run,10000,true,uniform,READ,53,6665597,4841987,4831026,482964,1,0,0,0,0,25,728,29655404,7972554,35847628,31997654,27699644,166986,328741034882,483173201,27511162,3390302,1,0,0,0,0,24216,4129.501156260324,100000,236.3873,147,23711,402,489,100000
83,avg-run,10000,true,uniform,READ,55,13965345,9974518,9932635,992976,5,0,0,0,0,25,730,29701480,7972554,35955694,32105702,27751937,169886,329657316760,484293528,27511251,3390302,1,0,0,0,0,24528,4076.9732550554468,100000,239.69956,155,27279,409,492,100000
84,extend,10000,true,uniform,EXTEND,2,1077541756,513381731,507664891,22462230,8403169,21974206,0,0,0,25,736,30307771,7972554,35955695,32105703,27920270,169914,333190216927,486607212,28058763,3390302,0,0,0,0,1,180168,555.0375205363882,100000,1793.7533,795,42943,2157,2795,100000
84,run,10000,true,uniform,READ,2,1083951599,518283941,512546444,22462234,8403191,21974210,0,0,0,25,736,30315688,7972554,35955695,32105703,27943046,169917,333320159689,486880403,28099977,3394115,1,0,0,0,0,26881,3720.099698671924,100000,262.82207,161,23679,422,506,100000
84,reference,10000,true,uniform,READ,1,25456852,10470797,8507963,10181,12,62,0,0,0,25,736,30315688,7972554,35955695,32105703,27943046,169917,333320159689,486880403,28099977,3394115,1,0,0,0,0,3904,25614.754098360656,100000,34.16965,22,12423,47,73,100000
84,clean-run,10000,true,uniform,READ,53,6715357,4891967,4881006,488011,1,0,0,0,0,25,738,30489625,7972554,36065900,32216897,27949742,169922,334242380550,487849097,28101132,3460167,1,0,0,0,0,25291,3953.9757225890635,100000,247.37091,142,19711,414,487,100000
84,avg-run,10000,true,uniform,READ,55,13988582,10024483,9982600,998023,5,0,0,0,0,25,740,30541625,7972554,36176032,32327011,28000959,172800,335168281919,488962378,28101228,3460167,1,0,0,0,0,25616,3903.8101186758277,100000,250.15897,155,23375,423,501,100000
85,extend,10000,true,uniform,EXTEND,2,1094806044,524297303,518514607,22947483,8503213,22454507,0,0,0,25,746,31130558,7972554,36178254,32329233,28170739,172838,338700603268,491287078,28636755,3460167,0,0,0,0,1,180338,554.5143009238208,100000,1794.73942,742,26607,2195,2605,100000
85,run,10000,true,uniform,READ,2,1101344760,529249688,523446335,22947487,8503235,22454511,0,0,0,25,747,31150330,7972554,36178254,32329233,28194249,172840,338848629684,491585396,28684157,3464704,1,0,0,0,0,29073,3439.617514532384,100000,284.94271,164,19967,438,507,100000
85,reference,10000,true,uniform,READ,1,25759511,10596491,8609254,10181,12,62,0,0,0,25,747,31152177,7972554,36178254,32329233,28194249,172840,338848629684,491585396,28684157,3464704,1,0,0,0,0,3425,29197.080291970804,100000,29.28521,23,11399,39,70,100000
85,clean-run,10000,true,uniform,READ,53,6761914,4940141,4929180,492963,1,0,0,0,0,25,749,31317781,7972554,36289677,32441645,28233820,172853,339781546348,492564011,28685316,3529669,1,0,0,0,0,25155,3975.352812562115,100000,245.8381,149,18623,416,496,100000
85,avg-run,10000,true,uniform,READ,55,14072393,10072672,10030789,1002975,5,0,0,0,0,25,751,31366661,7972554,36399810,32551760,28285170,175705,340718489036,493695890,28685396,3529669,1,0,0,0,0,24757,4039.2616229753203,100000,241.7884,154,22863,414,486,100000
86,extend,10000,true,uniform,EXTEND,2,1112256055,535322376,529473824,23437775,8603257,22939825,0,0,0,25,757,31960064,7972554,36402063,32554013,28473327,175752,344255581175,496028983,29220352,3529669,0,0,0,0,1,178068,561.5832154008581,100000,1772.2546,757,26527,2175,2611,100000
86,run,10000,true,uniform,READ,2,1118877148,540324226,534455017,23437779,8603279,22939829,0,0,0,25,758,32003847,7972554,36402063,32554013,28473327,175752,344537500082,496341554,29314615,3546769,1,0,0,0,0,28168,3550.1278046009656,100000,275.50506,158,23887,433,508,100000
86,reference,10000,true,uniform,READ,1,26062170,10722185,8710545,10181,12,62,0,0,0,25,758,32003887,7972554,36402063,32554013,28473327,175752,344537500082,496341554,29314615,3546769,1,0,0,0,0,3615,27662.517289073305,100000,31.71349,22,12095,46,72,100000
86,clean-run,10000,true,uniform,READ,53,6810291,4991294,4980333,497937,1,0,0,0,0,25,760,32151536,7972554,36514762,32667701,28512627,175770,345480114608,497330128,29315649,3610033,1,0,0,0,0,23801,4201.504138481577,100000,232.46733,154,23743,394,474,100000
86,avg-run,10000,true,uniform,READ,55,14074583,10123825,10081942,1007949,5,0,0,0,0,25,762,32203037,7972554,36629066,32781987,28563788,178733,346426409157,498451444,29315724,3610033,1,0,0,0,0,24328,4110.489970404472,100000,237.84342,160,19871,405,481,100000
87,extend,10000,true,uniform,EXTEND,2,1129828971,546456851,540542443,23933062,8703301,23430133,0,0,0,25,768,32793268,7972554,36630550,32783471,28751887,178778,349938203190,500782260,29840338,3610033,0,0,0,0,1,178011,561.7630371156839,100000,1771.73196,744,26255,2177,2631,100000
87,run,10000,true,uniform,READ,2,1136487439,551507573,545572508,23933066,8703323,23430137,0,0,0,25,769,32843016,7972554,36630550,32783471,28751887,178778,350250224976,501111750,29943805,3629529,1,0,0,0,0,28988,3449.703325514006,100000,283.7844,167,21391,436,520,100000
87,reference,10000,true,uniform,READ,1,26364829,10847879,8811836,10181,12,62,0,0,0,25,769,32843057,7972554,36630550,32783471,28751887,178778,350250224976,501111750,29943805,3629529,1,0,0,0,0,3770,26525.19893899204,100000,32.87051,22,11719,46,76,100000
87,clean-run,10000,true,uniform,READ,53,6851602,5041342,5030381,502916,1,0,0,0,0,25,771,32991935,7972554,36744500,32898410,28792673,178800,351204743023,502110313,29945001,3695467,1,0,0,0,0,24526,4077.3057163826143,100000,239.70032,150,24831,405,497,100000
87,avg-run,10000,true,uniform,READ,55,14161878,10173824,10131941,1012929,5,0,0,0,0,25,773,33044306,7972554,36858805,33012697,28844056,181747,352162414649,503254635,29945078,3695467,1,0,0,0,0,25344,3945.7070707070707,100000,247.47763,157,24175,422,497,100000
88,extend,10000,true,uniform,EXTEND,2,1146944211,557699766,551718625,24433360,8803356,23925557,0,0,0,25,779,33660938,7972554,36887328,33041220,29017772,181991,355562945148,505488801,30462541,3695467,0,0,0,0,1,176885,565.339062102496,100000,1760.46168,715,26095,2151,2555,100000
88,run,10000,true,uniform,READ,2,1153286833,562799614,556797817,24433362,8803367,23925559,0,0,0,25,779,33686421,7972554,36887329,33041221,29037202,181998,355758087664,505850002,30537312,3707829,1,0,0,0,0,28947,3454.5894220471896,100000,283.24144,172,20943,439,514,100000
88,reference,10000,true,uniform,READ,1,26667488,10973573,8913127,10181,12,62,0,0,0,25,779,33686421,7972554,36887329,33041221,29037202,181998,355758087664,505850002,30537312,3707829,1,0,0,0,0,4041,24746.349913387774,100000,35.86094,22,12135,47,78,100000
88,clean-run,10000,true,uniform,READ,53,6889637,5089643,5078682,507783,1,0,0,0,0,25,781,33894455,7972554,37002562,33157443,29045647,182048,356721869491,506858295,30538327,3774522,1,0,0,0,0,24674,4052.849152954527,100000,241.16919,152,23359,405,487,100000
88,avg-run,10000,true,uniform,READ,55,14161352,10222175,10180292,1017796,5,0,0,0,0,25,783,33947798,7972554,37116866,33271729,29097664,184898,357688381564,507983312,30538402,3774522,1,0,0,0,0,24846,4024.7927231747567,100000,243.01956,167,24927,416,499,100000
89,extend,10000,true,uniform,EXTEND,2,1164281814,569051132,563004135,24938360,8903400,24425532,0,0,0,25,789,34598368,7972554,37116947,33271810,29272251,184933,361214063104,510442965,31126489,3774522,0,0,0,0,1,182517,547.8941687623619,100000,1816.89288,791,82943,2187,2803,100000
89,run,10000,true,uniform,READ,2,1170573542,574202488,568134835,24938362,8903411,24425534,0,0,0,25,790,34610809,7972554,37116947,33271810,29294376,184940,361275284614,510640098,31147363,3778059,1,0,0,0,0,29951,3338.7866849187008,100000,293.32896,169,21503,446,537,100000
89,reference,10000,true,uniform,READ,1,26970147,11099267,9014418,10181,12,62,0,0,0,25,790,34612314,7972554,37116947,33271810,29294376,184940,361275284614,510640098,31147363,3778059,1,0,0,0,0,3663,27300.0273000273,100000,32.00096,22,14039,46,75,100000
89,clean-run,10000,true,uniform,READ,53,6927450,5139230,5128269,512808,1,0,0,0,0,25,792,34757590,7972554,37233488,33389340,29333676,184951,362250262110,511658457,31148447,3847282,1,0,0,0,0,25553,3913.434821743044,100000,249.67059,155,25839,413,489,100000
89,avg-run,10000,true,uniform,READ,55,14177993,10271762,10229879,1022821,5,0,0,0,0,25,794,34818068,7972554,37360291,33516125,29384735,188161,363228317729,512810361,31148517,3847282,1,0,0,0,0,24990,4001.6006402561025,100000,244.1073,162,22175,414,496,100000
90,extend,10000,true,uniform,EXTEND,2,1181080704,580512976,574400123,25448224,9003444,24930483,0,0,0,25,800,35395347,7972554,37360291,33516125,29558409,188190,366565475763,515024094,31631797,3847282,0,0,0,0,1,177908,562.0882703419745,100000,1770.81651,789,23663,2143,2557,100000
90,run,10000,true,uniform,READ,2,1187448733,585712821,579579312,25448226,9003455,24930485,0,0,0,25,801,35418508,7972554,37360291,33516125,29580527,188194,366821198392,515436134,31722022,3865201,1,0,0,0,0,27857,3589.761998779481,100000,272.54151,165,25183,431,529,100000
90,reference,10000,true,uniform,READ,1,27272879,11225851,9115723,10181,12,62,0,0,0,25,801,35418508,7972554,37360291,33516125,29580527,188194,366821198392,515436134,31722022,3865201,1,0,0,0,0,4038,24764.735017335315,100000,35.71071,22,10935,47,72,100000
90,clean-run,10000,true,uniform,READ,53,6961126,5190013,5179052,517721,1,0,0,0,0,25,803,35654560,7972554,37478112,33634935,29590409,188232,367806762982,516464329,31723098,3930233,1,0,0,0,0,25039,3993.7697192379887,100000,244.74247,153,23839,410,489,100000
90,avg-run,10000,true,uniform,READ,55,14201256,10322545,10280662,1027734,5,0,0,0,0,25,805,35715943,7972554,37604915,33761720,29642781,191404,368794493807,517611033,31723168,3930233,1,0,0,0,0,24318,4112.180277983387,100000,237.8186,157,20639,405,479,100000
91,extend,10000,true,uniform,EXTEND,2,1198504928,592083638,585904053,25963113,9103488,25440477,0,0,0,25,812,36383082,7972554,37605004,33761809,29832072,191446,372358021866,520032931,32293052,3930233,0,0,0,0,1,179607,556.7711726157667,100000,1787.44955,758,26415,2183,2629,100000
91,run,10000,true,uniform,READ,2,1204890225,597331255,591131890,25963115,9103499,25440479,0,0,0,25,812,36416251,7972554,37605004,33761809,29832072,191446,372591661869,520321938,32372210,3945605,1,0,0,0,0,29395,3401.9391052900155,100000,287.63413,174,25119,440,518,100000
91,reference,10000,true,uniform,READ,1,27575538,11351545,9217014,10181,12,62,0,0,0,25,812,36416298,7972554,37605004,33761809,29832072,191446,372591661869,520321938,32372210,3945605,1,0,0,0,0,4283,23348.120476301658,100000,37.95623,22,11943,48,78,100000
91,clean-run,10000,true,uniform,READ,53,6991354,5237627,5226666,522616,1,0,0,0,0,25,814,36581184,7972554,37724171,33881965,29877178,191460,373587627910,521359938,32373253,4009791,1,0,0,0,0,26435,3782.863627766219,100000,258.44019,162,24319,423,495,100000
91,avg-run,10000,true,uniform,READ,55,14223079,10370159,10328276,1032629,5,0,0,0,0,25,816,36643421,7972554,37850974,34008750,29930508,194607,374585104418,522502446,32373321,4009791,1,0,0,0,0,25086,3986.2871721278802,100000,245.1059,165,26015,412,509,100000
92,extend,10000,true,uniform,EXTEND,2,1216001607,603758943,597514379,26483141,9203521,25955666,0,0,0,25,823,37258903,7972554,37850976,34008751,30116846,194635,378145970524,524923265,32915411,4009791,0,0,0,0,1,181731,550.2638515168023,100000,1809.38586,838,32479,2187,2823,100000
92,run,10000,true,uniform,READ,2,1222748412,609056378,602791157,26483145,9203543,25955670,0,0,0,25,823,37309173,7972554,37850977,34008751,30116846,194635,378465283252,525269447,33025826,4025406,1,0,0,0,0,28852,3465.9642312491337,100000,282.73663,169,21983,440,521,100000
92,reference,10000,true,uniform,READ,1,27878197,11477239,9318305,10181,12,62,0,0,0,25,823,37309215,7972554,37850977,34008751,30116846,194635,378465283302,525269448,33025826,4025406,1,0,0,0,0,3898,25654.181631605952,100000,34.20182,21,11095,47,79,100000
92,clean-run,10000,true,uniform,READ,53,7019796,5286648,5275687,527455,1,0,0,0,0,25,825,37468284,7972554,37971453,34130216,30163950,194650,379472393100,526317140,33026936,4088491,1,0,0,0,0,27630,3619.254433586681,100000,270.31417,161,22863,434,499,100000
92,avg-run,10000,true,uniform,READ,55,14191236,10419180,10377297,1037468,5,0,0,0,0,25,827,37532071,7972554,38098255,34257000,30220083,197727,380478090024,527429541,33027004,4088491,1,0,0,0,0,26091,3832.7392587482273,100000,254.97489,168,25695,420,491,100000
93,extend,10000,true,uniform,EXTEND,2,1233419462,615543504,609232207,27007732,9303576,26475267,0,0,0,25,833,38114105,7972554,38098256,34258044,30414224,197763,383962103682,529713645,33533584,4088491,0,0,0,0,1,178897,558.980866084954,100000,1780.52334,748,31007,2173,2639,100000
93,run,10000,true,uniform,READ,2,1239878718,620890517,614558564,27007734,9303587,26475269,0,0,0,25,834,38187379,7972554,38099307,34258052,30414224,197763,384364294150,530139337,33677138,4119495,1,0,0,0,0,28493,3509.633945179518,100000,278.69055,176,25103,438,523,100000
93,reference,10000,true,uniform,READ,1,28180856,11602933,9419596,10181,12,62,0,0,0,25,834,38187418,7972554,38099307,34258052,30414224,197763,384364294150,530139337,33677138,4119495,1,0,0,0,0,3548,28184.89289740699,100000,30.75649,22,12175,40,68,100000
93,clean-run,10000,true,uniform,READ,53,7046683,5336394,5325433,532445,1,0,0,0,0,25,836,38372658,7972554,38221130,34380864,30456939,197780,385381827854,531197023,33678218,4187659,1,0,0,0,0,26289,3803.872342044201,100000,257.27226,158,24015,424,497,100000
93,avg-run,10000,true,uniform,READ,55,14198815,10468911,10427028,1042458,5,0,0,0,0,25,838,38443478,7972554,38347932,34507648,30509822,200779,386396925822,532299787,33678283,4187659,1,0,0,0,0,24923,4012.358062833527,100000,243.72555,149,19903,423,496,100000
94,extend,10000,true,uniform,EXTEND,2,1250536005,627436145,621058993,27537412,9403609,27000091,0,0,0,25,844,39004266,7972554,38359496,34519204,30678139,200817,389770999856,534589743,34153473,4187659,0,0,0,0,1,180336,554.5204507142223,100000,1795.53248,907,24511,2155,2555,100000
94,run,10000,true,uniform,READ,2,1257044346,632832024,626434215,27537416,9403631,27000095,0,0,0,25,845,39121143,7972554,38359496,34519212,30707218,200820,390251033610,535049897,34347007,4224160,1,0,0,0,0,29916,3342.692873378794,100000,293.03565,178,27791,447,524,100000
94,reference,10000,true,uniform,READ,1,28483588,11729517,9520901,10181,12,62,0,0,0,25,845,39121188,7972554,38359496,34519212,30707218,200820,390251033610,535049897,34347007,4224160,1,0,0,0,0,4118,24283.632831471587,100000,36.44114,22,11927,47,72,100000
94,clean-run,10000,true,uniform,READ,53,7070961,5384174,5373213,537301,1,0,0,0,0,25,847,39275014,7972554,38482673,34643378,30753777,200828,391279360088,536117308,34348107,4291716,1,0,0,0,0,26669,3749.6719037084254,100000,260.92185,162,26447,429,504,100000
94,avg-run,10000,true,uniform,READ,55,14242705,10516704,10474821,1047313,5,0,0,0,0,25,849,39339884,7972554,38609474,34770162,30808647,203806,392305026823,537229870,34348171,4291716,1,0,0,0,0,24792,4033.5592126492415,100000,242.37516,160,19551,425,508,100000
95,extend,10000,true,uniform,EXTEND,2,1267745384,639437556,632993671,28072253,9503664,27530025,0,0,0,25,856,39951833,7972554,38617238,34777926,31001287,203884,395801063005,539603287,34901410,4291716,0,0,0,0,1,178267,560.9563183314915,100000,1774.36556,723,29263,2197,2635,100000
95,run,10000,true,uniform,READ,2,1274196185,644881695,638418030,28072255,9503675,27530027,0,0,0,25,856,39991037,7972554,38617238,34777926,31001287,203884,396063164473,539970792,35003636,4306315,1,0,0,0,0,29408,3400.4352557127313,100000,287.69298,178,20943,442,517,100000
95,reference,10000,true,uniform,READ,1,28786247,11855211,9622192,10181,12,62,0,0,0,25,856,39991076,7972554,38617238,34777926,31001287,203884,396063188344,539970803,35003640,4306315,1,0,0,0,0,3545,28208.744710860366,100000,30.52196,22,13319,40,75,100000
95,clean-run,10000,true,uniform,READ,53,7094182,5434768,5423807,542208,1,0,0,0,0,25,858,40189595,7972554,38741866,34903543,31047717,203901,397102416570,541048041,35004773,4374272,1,0,0,0,0,26420,3785.011355034065,100000,258.29157,158,23183,425,502,100000
95,avg-run,10000,true,uniform,READ,55,14242440,10567300,10525417,1052221,5,0,0,0,0,25,860,40262383,7972554,38868668,35030327,31100752,206850,398137396514,542148864,35004836,4374272,1,0,0,0,0,24202,4131.88992645236,100000,236.65782,149,20399,411,490,100000
96,extend,10000,true,uniform,EXTEND,2,1285491686,651546892,645037151,28611972,9603708,28064667,0,0,0,25,867,40939472,7972554,38868670,35030329,31283065,206891,401857667455,544755748,35613855,4374272,0,0,0,0,1,181904,549.7405224733925,100000,1810.68483,764,27039,2207,2627,100000
96,run,10000,true,uniform,READ,2,1291911471,657042180,650511783,28611974,9603719,28064669,0,0,0,25,867,40968169,7972554,38868670,35030329,31283065,206891,401980849403,545007723,35661583,4380474,1,0,0,0,0,29835,3351.768057650411,100000,292.21123,159,25183,445,522,100000
96,reference,10000,true,uniform,READ,1,29088979,11981795,9723497,10181,12,62,0,0,0,25,867,40968212,7972554,38868670,35030329,31283065,206891,401980849403,545007723,35661583,4380474,1,0,0,0,0,3925,25477.707006369426,100000,34.67646,22,12127,44,75,100000
96,clean-run,10000,true,uniform,READ,53,7119352,5487055,5476014,547285,18,0,0,0,0,25,869,41150536,7972554,38994783,35157431,31359280,207028,403030448096,546095153,35662676,4452615,1,0,0,0,0,26306,3801.414126054892,100000,257.39102,163,27503,428,517,100000
96,avg-run,10000,true,uniform,READ,55,14321353,10619587,10577624,1057298,22,0,0,0,0,25,871,41217301,7972554,39121585,35284215,31372942,209886,404076971613,547222811,35662738,4452615,1,0,0,0,0,24959,4006.570776072759,100000,243.90925,152,27071,425,501,100000
97,extend,10000,true,uniform,EXTEND,2,1302634071,663767420,657191824,29157029,9703741,28604734,0,0,0,25,877,41785979,7972554,39124219,35288878,31566888,209939,407441314783,549486568,36118639,4452615,0,0,0,0,1,179128,558.2600151846724,100000,1782.98231,718,29903,2161,2597,100000
97,run,10000,true,uniform,READ,2,1309220610,669312921,662716668,29157033,9703763,28604738,0,0,0,25,878,41859283,7972554,39126248,35288878,31566888,209939,407859092393,549982893,36287222,4480311,1,0,0,0,0,31145,3210.7882485150103,100000,305.06956,168,24783,452,522,100000
97,reference,10000,true,uniform,READ,1,29391638,12107489,9824788,10181,12,62,0,0,0,25,878,41859324,7972554,39126248,35288878,31566888,209939,407859092393,549982893,36287222,4480311,1,0,0,0,0,3688,27114.967462039047,100000,31.96151,22,12719,42,82,100000
97,clean-run,10000,true,uniform,READ,53,7139333,5535632,5524591,552275,1,0,0,0,0,25,880,42078749,7972554,39253979,35417598,31634841,210061,408919183457,551080304,36288291,4548576,1,0,0,0,0,27235,3671.7459151826693,100000,266.34856,160,24895,433,522,100000
97,avg-run,10000,true,uniform,READ,55,14276698,10668164,10626201,1062288,5,0,0,0,0,25,882,42151111,7972554,39380780,35544381,31648100,212924,409973792936,552175686,36288350,4548576,1,0,0,0,0,25577,3909.7626774054816,100000,249.78406,151,21503,425,507,100000
98,extend,10000,true,uniform,EXTEND,2,1320001732,676099309,669456980,29706870,9803796,29149643,0,0,0,25,889,42755073,7972554,39380981,35544582,31839800,212979,413513295314,554633529,36841221,4548576,0,0,0,0,1,181071,552.2695517228049,100000,1802.20996,778,28975,2191,2671,100000
98,run,10000,true,uniform,READ,2,1326504178,681693061,675030076,29706872,9803807,29149645,0,0,0,25,889,42793934,7972554,39380981,35544582,31839800,212979,413773857851,555028995,36942974,4563722,1,0,0,0,0,30665,3261.046796021523,100000,300.45259,171,21599,454,539,100000
98,reference,10000,true,uniform,READ,1,29694297,12233183,9926079,10181,12,62,0,0,0,25,889,42793980,7972554,39380981,35544582,31839800,212979,413773857851,555028995,36942974,4563722,1,0,0,0,0,4185,23894.862604540023,100000,36.97756,22,13263,48,82,100000
98,clean-run,10000,true,uniform,READ,53,7157064,5583496,5572535,557207,1,0,0,0,0,25,891,43005584,7972554,39510380,35674970,31912745,213092,414844229834,556136274,36943991,4631086,1,0,0,0,0,26729,3741.2548168655767,100000,261.50552,168,21871,426,498,100000
98,avg-run,10000,true,uniform,READ,55,14287280,10716028,10674145,1067220,5,0,0,0,0,25,893,43075888,7972554,39637181,35801753,31926290,215913,415908621654,557228087,36944049,4631086,1,0,0,0,0,25220,3965.107057890563,100000,246.5945,154,25023,423,499,100000
99,extend,10000,true,uniform,EXTEND,2,1337928678,688537782,681829598,30261817,9903829,29699478,0,0,0,25,900,43768870,7972554,39637184,35801756,32107482,215944,419645479060,559846610,37521406,4631086,0,0,0,0,1,183143,546.0214149598947,100000,1822.96799,797,27775,2217,2671,100000
99,run,10000,true,uniform,READ,2,1344658932,694184337,687455496,30261821,9903851,29699482,0,0,0,25,900,43779765,7972554,39637184,35801756,32128309,215946,419809799332,560171051,37580408,4639449,1,0,0,0,0,29799,3355.817309305681,100000,292.24956,167,20255,446,517,100000
99,reference,10000,true,uniform,READ,1,29997029,12359767,10027384,10181,12,62,0,0,0,25,900,43779765,7972554,39637184,35801756,32128309,215946,419809799332,560171051,37580408,4639449,1,0,0,0,0,3965,25220.680958385878,100000,34.87604,22,12599,47,92,100000
99,clean-run,10000,true,uniform,READ,53,7177524,5635689,5624728,562319,1,0,0,0,0,25,902,43995215,7972554,39768343,35933904,32155259,216055,420891390373,561288566,37581503,4705192,1,0,0,0,0,27682,3612.4557474170942,100000,270.68723,166,28735,438,524,100000
99,avg-run,10000,true,uniform,READ,55,14557114,11768221,11726338,1172332,5,0,0,0,0,25,904,44081485,7972554,39920390,36085964,32184015,220333,421978849516,562576887,37581562,4705192,1,0,0,0,0,25308,3951.319740793425,100000,247.46647,157,21711,426,513,100000
100,extend,10000,true,uniform,EXTEND,2,1355615536,701091957,694317040,30821819,10003884,30254351,0,0,0,25,911,44761413,7972554,39920425,36085968,32329464,220360,425650282017,565095651,38132037,4705192,0,0,0,0,1,182423,548.1764909030111,100000,1815.75118,733,26735,2209,2677,100000
100,run,10000,true,uniform,READ,2,1362200208,706788266,699992693,30821821,10003895,30254353,0,0,0,25,912,44788256,7972554,39920425,36085968,32348164,220366,425887390878,565513147,38224138,4719131,1,0,0,0,0,29676,3369.7263782180885,100000,290.4283,170,26063,446,533,100000
100,reference,10000,true,uniform,READ,1,30299761,12486351,10128689,10181,12,62,0,0,0,25,912,44788256,7972554,39920425,36085968,32348164,220366,425887390878,565513147,38224138,4719131,1,0,0,0,0,4212,23741.690408357073,100000,37.29336,23,13455,47,75,100000
100,clean-run,10000,true,uniform,READ,53,7197144,5686126,5675165,567455,1,0,0,0,0,25,914,45032951,7972554,40053386,36219918,32377722,220471,426979549091,566640953,38225217,4807489,1,0,0,0,0,27143,3684.191135836127,100000,265.68043,161,27407,433,513,100000
100,avg-run,10000,true,uniform,READ,55,14608979,11818643,11776760,1177468,5,0,0,0,0,25,916,45116654,7972554,40202883,36371979,32403890,227307,428077951081,567945384,38225276,4807489,1,0,0,0,0,24546,4073.9835411064937,100000,239.74381,160,20911,408,493,100000
