Epoch,Phase,Recordcount,Readallfields,Requestdist,Operation,blks_read,blks_hit,tup_returned,tup_fetched,tup_inserted,tup_updated,tup_deleted,deadlocks,temp_files,temp_bytes,checkpoints_timed,checkpoints_req,buffers_checkpoint,buffers_clean,buffers_backend,buffers_alloc,checkpoint_write_time,checkpoint_sync_time,wal_bytes,wal_records,wal_fpi,wal_buffers_full,Readprop,Updateprop,Scanprop,Insertprop,Extendprop,Runtime(ms),Throughput(ops/sec),Operations,AverageLatency(us),MinLatency(us),MaxLatency(us),95thPercentileLatency(us),99thPercentileLatency(us),Return=OK
0,load,10000,true,uniform,INSERT,1,38912,2172,1208,10119,1,0,0,0,0,36,918,45196130,7972554,40205772,36375352,32673240,227323,428103875207,568057165,38227164,4807489,1,0,0,0,0,13449,743.549706297866,10000,1297.5051,829,14183,1582,1690,10000
1,extend,10000,true,uniform,EXTEND,2,1159993,242972,220525,18635,100023,1588,0,0,0,36,918,45196130,7972554,40205772,36381438,32673240,227323,428206246106,568450210,38227170,4807489,0,0,0,0,1,154102,648.9208446353714,100000,1532.27066,428,18095,1991,2095,100000
1,run,10000,true,uniform,READ,2,1718816,441149,398256,18746,100034,1680,0,0,0,36,918,45196130,7972554,40205772,36381438,32673240,227323,428207411845,568466606,38227170,4807489,1,0,0,0,0,4549,21982.853374367995,100000,40.6462,24,14167,51,88,100000
1,reference,10000,true,uniform,READ,1,342254,114543,101822,10181,12,62,0,0,0,36,918,45196130,7972554,40205772,36381438,32673240,227323,428207418818,568466716,38227170,4807489,1,0,0,0,0,3948,25329.280648429583,100000,34.63955,22,11879,47,78,100000
1,clean-run,10000,true,uniform,READ,509,546441,178220,168128,16721,1,0,0,4,385024,36,919,45204658,7972554,40213674,36385321,32673326,227330,428233951279,568484244,38228155,4807564,1,0,0,0,0,4101,24384.2965130456,100000,35.94385,23,15143,46,105,100000
1,avg-run,10000,true,uniform,READ,511,1258733,415309,374295,36843,5,0,0,4,385024,36,919,45204658,7972554,40213674,36388262,32673326,227330,428258343235,568535831,38228159,4807564,1,0,0,0,0,4011,24931.438544003988,100000,35.09483,24,12399,46,84,100000
2,extend,10000,true,uniform,EXTEND,2,3629855,935749,837764,57673,200056,19593,0,0,0,36,919,45204658,7972554,40213674,36390321,32673326,227330,428384327526,569030448,38234110,4807564,0,0,0,0,1,155090,644.7868979302341,100000,1541.78077,476,18559,2011,2121,100000
2,run,10000,true,uniform,READ,2,4885689,1365747,1246440,57834,200067,19731,0,0,0,36,919,45204658,7972554,40213674,36390322,32673326,227330,428385890006,569051463,38234110,4807564,1,0,0,0,0,4738,21105.951878429718,100000,42.66618,24,11495,55,117,100000
2,reference,10000,true,uniform,READ,1,644767,238457,203085,10181,12,62,0,0,0,36,919,45204658,7972554,40213674,36390322,32673326,227330,428385890006,569051463,38234110,4807564,1,0,0,0,0,3917,25529.742149604288,100000,34.39203,22,12431,47,76,100000
2,clean-run,10000,true,uniform,READ,533,1336343,404373,393404,36766,1,0,0,4,385024,36,920,45212749,7972554,40219890,36395675,32673441,227336,428426010000,569113483,38235097,4807919,1,0,0,0,0,4896,20424.83660130719,100000,44.23762,24,13111,55,89,100000
2,avg-run,10000,true,uniform,READ,535,3084590,936723,895709,86766,5,0,0,4,385024,36,920,45212749,7972554,40219890,36400032,32673441,227336,428464480471,569223697,38235099,4807919,1,0,0,0,0,4927,20296.326364927947,100000,44.69204,29,12599,63,112,100000
3,extend,10000,true,uniform,EXTEND,2,7911033,2169272,1991428,110682,300100,56508,0,0,0,36,920,45212749,7972554,40219890,36402689,32673441,227336,428622062156,569817193,38242950,4807919,0,0,0,0,1,159689,626.217209701357,100000,1588.01017,467,15391,2035,2145,100000
3,run,10000,true,uniform,READ,2,9700994,2775411,2577121,110896,300111,56713,0,0,0,36,920,45212749,7972554,40219890,36402696,32673441,227336,428623441224,569833699,38242950,4807919,1,0,0,0,0,4830,20703.933747412008,100000,43.77169,27,12815,56,143,100000
3,reference,10000,true,uniform,READ,1,947280,362371,304348,10181,12,62,0,0,0,36,920,45212749,7972554,40219890,36402696,32673441,227336,428623441224,569833699,38242950,4807919,1,0,0,0,0,3572,27995.52071668533,100000,30.87604,22,12719,41,68,100000
3,clean-run,10000,true,uniform,READ,565,1791205,532620,521654,52089,1,0,0,4,385024,36,921,45223405,7972554,40229600,36409504,32673516,227342,428675274042,569922294,38243936,4808556,1,0,0,0,0,4625,21621.62162162162,100000,41.5646,27,13975,54,102,100000
3,avg-run,10000,true,uniform,READ,567,4242585,1264154,1223139,122089,5,0,0,4,385024,36,921,45223405,7972554,40229600,36415582,32673516,227342,428726685583,570072563,38243938,4808556,1,0,0,0,0,5455,18331.805682859762,100000,49.69124,31,12335,70,164,100000
4,extend,10000,true,uniform,EXTEND,2,13591326,3783954,3523614,172190,400144,107232,0,0,0,36,921,45223405,7972554,40229600,36418706,32673516,227342,428912398707,570710411,38254167,4808556,0,0,0,0,1,148021,675.5798163774059,100000,1471.94508,477,18879,2011,2135,100000
4,run,10000,true,uniform,READ,2,16337424,4507287,4226501,172453,400155,107489,0,0,0,36,921,45223405,7972554,40229600,36418714,32673516,227342,428913569622,570721653,38254167,4808556,1,0,0,0,0,5734,17439.832577607256,100000,52.51145,29,17391,69,172,100000
4,reference,10000,true,uniform,READ,1,1249793,486285,405611,10181,12,62,0,0,0,36,921,45223405,7972554,40229600,36418714,32673516,227342,428913569622,570721653,38254167,4808556,1,0,0,0,0,3646,27427.317608337904,100000,31.46055,22,15159,46,75,100000
4,clean-run,10000,true,uniform,READ,501,2172318,639623,629531,62891,1,0,0,4,385024,36,922,45237041,7972554,40242952,36426884,32673620,227350,428977003241,570832000,38255153,4811556,1,0,0,0,0,5558,17992.08348326736,100000,50.97716,29,14631,70,119,100000
4,avg-run,10000,true,uniform,READ,503,4990508,1472097,1431079,142891,5,0,0,4,385024,36,922,45237041,7972554,40242952,36434326,32673620,227350,429040337478,571009334,38255157,4811556,1,0,0,0,0,5210,19193.857965451054,100000,47.35531,33,15239,59,176,100000
5,extend,10000,true,uniform,EXTEND,2,21387722,5646165,5304955,239575,500188,167133,0,0,0,36,922,45237041,7972554,40242952,36436849,32673620,227350,429244753114,571680134,38268097,4811556,0,0,0,0,1,153269,652.4476573866862,100000,1523.85859,457,15967,2036,2159,100000
5,run,10000,true,uniform,READ,2,24454589,6449388,6087732,239883,500199,167440,0,0,0,36,922,45237041,7972554,40242952,36436854,32673620,227350,429245925518,571689863,38268097,4811556,1,0,0,0,0,6048,16534.391534391536,100000,55.59584,33,16359,69,277,100000
5,reference,10000,true,uniform,READ,1,1552306,610199,506874,10181,12,62,0,0,0,36,922,45237041,7972554,40242952,36436854,32673620,227350,429245925518,571689863,38268097,4811556,1,0,0,0,0,3719,26888.948642108095,100000,32.69781,22,12359,42,71,100000
5,clean-run,10000,true,uniform,READ,533,2437987,714508,704416,70350,1,0,0,4,385024,36,923,45253013,7972554,40258428,36446361,32673770,227357,429320455707,571815261,38269082,4813921,1,0,0,0,0,5563,17975.912277548086,100000,50.89381,31,15327,74,167,100000
5,avg-run,10000,true,uniform,READ,535,5244569,1547039,1506021,150350,5,0,0,4,385024,36,923,45253013,7972554,40258428,36455020,32673770,227357,429393358928,571985565,38269084,4813921,1,0,0,0,0,6363,15715.857300015716,100000,58.79497,34,16159,75,136,100000
6,extend,10000,true,uniform,EXTEND,2,29885311,7672848,7252217,311612,600232,233525,0,0,0,36,923,45253013,7972554,40258428,36457491,32673770,227357,429615940522,572682584,38284293,4813921,0,0,0,0,1,152996,653.6118591335721,100000,1521.40575,470,20975,2043,2175,100000
6,run,10000,true,uniform,READ,2,33181590,8532777,8091700,311950,600243,233863,0,0,0,36,923,45253013,7972554,40258428,36457494,32673770,227357,429617183095,572692537,38284293,4813921,1,0,0,0,0,6445,15515.903801396431,100000,59.94522,35,14119,77,142,100000
6,reference,10000,true,uniform,READ,1,1854819,734113,608137,10181,12,62,0,0,0,36,923,45253013,7972554,40258428,36457494,32673770,227357,429617183095,572692537,38284293,4813921,1,0,0,0,0,4063,24612.35540241201,100000,35.7126,22,14615,47,75,100000
6,clean-run,10000,true,uniform,READ,469,2642977,771946,761854,76141,1,0,0,4,385024,36,924,45271024,7972554,40276402,36468378,32673923,227364,429702567586,572829599,38285278,4817587,1,0,0,0,0,5559,17988.846914912756,100000,51.08476,33,12575,68,115,100000
6,avg-run,10000,true,uniform,READ,471,5949696,1751583,1710569,166141,5,0,0,4,385024,36,924,45271024,7972554,40276402,36477951,32673923,227364,429787072681,573022355,38285281,4817587,1,0,0,0,0,6487,15415.446277169724,100000,60.15044,36,14935,78,122,100000
7,extend,10000,true,uniform,EXTEND,2,38856664,9807103,9308931,387353,700276,304882,0,0,0,36,924,45271024,7972554,40276402,36480525,32673923,227364,430027760439,573739208,38302504,4817587,0,0,0,0,1,155446,643.3102170528672,100000,1545.77132,470,18223,2043,2167,100000
7,run,10000,true,uniform,READ,2,42320946,10706434,10187816,387725,700287,305253,0,0,0,36,924,45271024,7972554,40276402,36480530,32673923,227364,430029789797,573761583,38302505,4817587,1,0,0,0,0,6644,15051.173991571342,100000,61.72998,36,15999,86,147,100000
7,reference,10000,true,uniform,READ,1,2157332,858027,709400,10181,12,62,0,0,0,36,924,45271024,7972554,40276402,36480530,32673923,227364,430029789797,573761583,38302505,4817587,1,0,0,0,0,3563,28066.236317709794,100000,30.9291,22,15463,46,74,100000
7,clean-run,10000,true,uniform,READ,390,2804611,818186,807220,80628,1,0,0,4,385024,36,925,45290978,7972554,40296773,36492675,32674146,227404,430125837560,573907731,38303490,4821024,1,0,0,0,0,6009,16641.704110500916,100000,55.41528,34,17071,75,154,100000
7,avg-run,10000,true,uniform,READ,392,5966802,1749720,1708705,170628,5,0,0,4,385024,36,925,45290978,7972554,40296773,36504365,32674146,227404,430220190961,574098057,38303492,4821024,1,0,0,0,0,6339,15775.358889414734,100000,58.45288,36,15151,80,159,100000
8,extend,10000,true,uniform,EXTEND,2,48146198,12009904,11435344,466606,800320,380459,0,0,0,36,925,45290978,7972554,40296773,36506737,32674146,227404,430479581148,574836413,38322803,4821024,0,0,0,0,1,153976,649.451862627942,100000,1531.72605,479,17679,2001,2145,100000
8,run,10000,true,uniform,READ,2,51728532,12938221,12343215,466999,800331,380846,0,0,0,36,925,45290978,7972554,40296773,36506739,32674146,227404,430481874954,574862673,38322810,4821024,1,0,0,0,0,6981,14324.595330181923,100000,65.02575,39,15223,88,146,100000
8,reference,10000,true,uniform,READ,1,2459918,982831,810677,10181,12,62,0,0,0,36,925,45290978,7972554,40296773,36506739,32674146,227404,430481874954,574862673,38322810,4821024,1,0,0,0,0,4171,23975.065931431312,100000,37.25039,22,11959,48,75,100000
8,clean-run,10000,true,uniform,READ,310,2940935,855774,845682,84502,1,0,0,4,385024,36,926,45312723,7972554,40320316,36520186,32674491,227436,430588501420,575016657,38323796,4826666,1,0,0,0,0,6574,15211.439002129602,100000,61.03599,35,13919,87,147,100000
8,avg-run,10000,true,uniform,READ,312,6110522,1790246,1749232,174975,5,0,0,4,385024,36,926,45312723,7972554,40320316,36533105,32674491,227436,430693853649,575208112,38323799,4826666,1,0,0,0,0,6248,16005.121638924456,100000,57.32996,38,15567,95,150,100000
9,extend,10000,true,uniform,EXTEND,2,57629935,14254499,13603630,548460,900364,459369,0,0,0,36,926,45312723,7972554,40320316,36535621,32674491,227436,430973158422,575966814,38344929,4826666,0,0,0,0,1,143188,698.3825460234098,100000,1423.97681,476,18783,1922,2067,100000
9,run,10000,true,uniform,READ,2,61281606,15201727,14530412,548867,900375,459781,0,0,0,36,926,45312723,7972554,40320316,36535622,32674491,227436,430975240981,575988975,38344929,4826666,1,0,0,0,0,6948,14392.630972941854,100000,64.95403,41,14119,82,167,100000
9,reference,10000,true,uniform,READ,1,2762431,1106745,911940,10181,12,62,0,0,0,36,926,45312723,7972554,40320316,36535622,32674491,227436,430975240981,575988975,38344929,4826666,1,0,0,0,0,4170,23980.815347721822,100000,36.79312,22,11271,48,77,100000
9,clean-run,10000,true,uniform,READ,247,3193618,926439,915470,88234,1,0,0,4,385024,36,927,45336450,7972554,40346532,36550512,32674961,227469,431094021102,576164051,38345916,4831638,1,0,0,0,0,6886,14522.218995062445,100000,64.05746,38,15015,89,170,100000
9,avg-run,10000,true,uniform,READ,249,6711665,1960019,1919005,188234,5,0,0,4,385024,36,927,45336450,7972554,40346532,36565366,32674961,227469,431209864635,576374406,38345918,4831638,1,0,0,0,0,6451,15501.47263990079,100000,59.73617,43,14519,76,123,100000
10,extend,10000,true,uniform,EXTEND,2,67216864,16521103,15793992,632375,1000408,540762,0,0,0,36,927,45336450,7972554,40346532,36567194,32674961,227469,431509670369,577144292,38369081,4831638,0,0,0,0,1,145447,687.5356659126692,100000,1446.86065,455,17711,1925,2065,100000
10,run,10000,true,uniform,READ,2,70916769,17483084,16735527,632803,1000419,541181,0,0,0,36,928,45337583,7972554,40375441,36567197,32674961,227469,431513592253,577182658,38369204,4831638,1,0,0,0,0,7044,14196.479273140261,100000,65.65602,42,16087,87,148,100000
10,reference,10000,true,uniform,READ,1,3064944,1230659,1013203,10181,12,62,0,0,0,36,928,45338177,7972554,40375441,36567197,32674961,227469,431513592253,577182658,38369204,4831638,1,0,0,0,0,3488,28669.724770642202,100000,29.97084,19,13551,41,75,100000
10,clean-run,10000,true,uniform,READ,245,3241984,941262,930293,90828,1,0,0,4,385024,36,929,45362639,7972554,40375442,36583419,32687043,227507,431642877944,577364349,38370194,4838191,1,0,0,0,0,6434,15542.430836182779,100000,59.61936,38,13263,89,157,100000
10,avg-run,10000,true,uniform,READ,247,6760066,1974947,1933933,190828,5,0,0,4,385024,36,929,45362639,7972554,40375442,36598273,32687043,227507,431768721507,577574705,38370196,4838191,1,0,0,0,0,6538,15295.197308045274,100000,60.39964,41,14727,88,144,100000
11,extend,10000,true,uniform,EXTEND,2,76855946,18804024,18000411,719916,1100452,625162,0,0,0,36,930,45376271,7972554,40406833,36601256,32687043,227507,432217776419,578376603,38420003,4838191,0,0,0,0,1,140887,709.788695905229,100000,1400.77592,476,18079,1927,2105,100000
11,run,10000,true,uniform,READ,2,80603676,19788103,18964044,720351,1100463,625603,0,0,0,36,930,45376568,7972554,40406834,36601257,32687043,227507,432220219051,578404052,38420016,4838191,1,0,0,0,0,7420,13477.088948787063,100000,69.75661,46,14383,95,135,100000
11,reference,10000,true,uniform,READ,1,3367457,1354573,1114466,10181,12,62,0,0,0,36,930,45376607,7972554,40406834,36601257,32687043,227507,432220219051,578404052,38420016,4838191,1,0,0,0,0,3473,28793.550244745176,100000,29.81514,22,11871,39,75,100000
11,clean-run,10000,true,uniform,READ,246,3203570,943528,933436,93302,1,0,0,4,385024,36,931,45401145,7972554,40406835,36618722,32717120,227531,432358120400,578575844,38421003,4845828,1,0,0,0,0,6803,14699.397324709687,100000,63.53563,42,13215,85,165,100000
11,avg-run,10000,true,uniform,READ,248,6741135,1976270,1935256,193322,5,0,0,4,385024,36,931,45401145,7972554,40406835,36636053,32717120,227531,432494387173,578792999,38421007,4845828,1,0,0,0,0,6571,15218.383807639628,100000,60.79504,42,13583,79,142,100000
12,extend,10000,true,uniform,EXTEND,2,86566905,21125471,20246975,812065,1200496,713205,0,0,0,36,932,45422268,7972554,40441924,36639015,32717120,227531,432974792663,579602462,38476653,4845828,0,0,0,0,1,146576,682.2399301386312,100000,1457.58056,472,16959,1961,2115,100000
12,run,10000,true,uniform,READ,2,90372932,22143074,21244132,812515,1200507,713649,0,0,0,36,932,45422553,7972554,40441926,36639017,32717120,227531,432976854782,579622739,38476668,4845828,1,0,0,0,0,7395,13522.650439486139,100000,69.14478,44,16375,83,169,100000
12,reference,10000,true,uniform,READ,1,3669970,1478487,1215729,10181,12,62,0,0,0,36,932,45422594,7972554,40441926,36639017,32717120,227531,432976854782,579622739,38476668,4845828,1,0,0,0,0,3635,27510.31636863824,100000,31.85719,22,11919,46,74,100000
12,clean-run,10000,true,uniform,READ,117,3357438,996100,985131,97971,1,0,0,4,385024,36,933,45451595,7972554,40441927,36657916,32781381,227551,433127347443,579821416,38477657,4853618,1,0,0,0,0,6646,15046.644598254588,100000,61.58293,43,14999,95,175,100000
12,avg-run,10000,true,uniform,READ,119,6880577,2029895,1988881,197971,5,0,0,4,385024,36,933,45451595,7972554,40441927,36675245,32781381,227551,433273190976,580031771,38477659,4853618,1,0,0,0,0,6806,14692.918013517485,100000,63.03269,41,14607,79,164,100000
13,extend,10000,true,uniform,EXTEND,2,96414247,23519576,22567042,910000,1300540,805841,0,0,0,36,934,45476953,7972554,40477140,36676899,32781381,227551,433780612376,580859622,38537242,4853618,0,0,0,0,1,143592,696.417627722993,100000,1427.95861,476,25215,1952,2107,100000
13,run,10000,true,uniform,READ,2,100298929,24586667,23613687,910451,1300551,806292,0,0,0,36,934,45477363,7972554,40477141,36676900,32781381,227551,433783807540,580899531,38537297,4853618,1,0,0,0,0,7311,13678.01942278758,100000,68.44618,45,14359,83,139,100000
13,reference,10000,true,uniform,READ,1,3972483,1602401,1316992,10181,12,62,0,0,0,36,934,45477401,7972554,40477141,36676900,32781381,227551,433783807540,580899531,38537297,4853618,1,0,0,0,0,3382,29568.30277942046,100000,29.03563,22,14023,38,71,100000
13,clean-run,10000,true,uniform,READ,53,3439808,1046599,1035630,103458,1,0,0,4,385024,36,935,45506631,7972554,40477142,36697160,32860311,227571,433945144590,581110566,38538286,4862413,1,0,0,0,0,7064,14156.285390713478,100000,66.20354,43,13327,95,163,100000
13,avg-run,10000,true,uniform,READ,55,6968685,2080399,2039385,203458,5,0,0,4,385024,36,935,45506631,7972554,40477142,36717490,32860311,227571,434100988123,581320921,38538288,4862413,1,0,0,0,0,6536,15299.877600979193,100000,60.30749,42,18143,80,157,100000
14,extend,10000,true,uniform,EXTEND,2,106426693,26020481,24995023,1014772,1400584,904410,0,0,0,36,936,45538381,7972554,40517322,36719688,32860311,227571,434634052425,582186696,38598315,4862413,0,0,0,0,1,149778,667.6547957643979,100000,1489.53809,482,61471,1969,2157,100000
14,run,10000,true,uniform,READ,2,110371004,27146098,26100194,1015232,1400595,904871,0,0,0,36,936,45538857,7972554,40517323,36719689,32860311,227571,434637655289,582233400,38598333,4862413,1,0,0,0,0,8236,12141.816415735793,100000,77.60392,46,17231,110,230,100000
14,reference,10000,true,uniform,READ,1,4274996,1726315,1418255,10181,12,62,0,0,0,36,936,45538898,7972554,40517323,36719689,32860311,227571,434637655289,582233400,38598333,4862413,1,0,0,0,0,3714,26925.148088314487,100000,32.24843,22,11047,42,73,100000
14,clean-run,10000,true,uniform,READ,53,3467605,1106515,1095549,109461,1,0,0,4,385024,36,937,45570964,7972554,40517324,36741187,32964944,227621,434807800995,582437667,38599320,4872058,1,0,0,0,0,6907,14478.065730418417,100000,64.29851,44,13655,86,152,100000
14,avg-run,10000,true,uniform,READ,55,6996987,2138049,2097034,209461,5,0,0,4,385024,36,937,45570964,7972554,40517324,36762017,32964944,227621,434973644528,582648022,38599322,4872058,1,0,0,0,0,6621,15103.458692040478,100000,61.53576,42,13903,74,145,100000
15,extend,10000,true,uniform,EXTEND,2,116563026,28653189,27554859,1127328,1500628,1009654,0,0,0,36,938,45606309,7972554,40559326,36764175,32964944,227621,435526678489,583530888,38659349,4872058,0,0,0,0,1,152040,657.7216521967903,100000,1512.02979,485,62079,1989,2163,100000
15,run,10000,true,uniform,READ,2,120549816,29850420,28731644,1127798,1500639,1010119,0,0,0,36,938,45606827,7972554,40559327,36764176,32964944,227621,435530756395,583585537,38659367,4872058,1,0,0,0,0,8241,12134.449702705982,100000,77.69634,47,15935,92,260,100000
15,reference,10000,true,uniform,READ,1,4577509,1850229,1519518,10181,12,62,0,0,0,36,938,45606871,7972554,40559327,36764176,32964944,227621,435530756395,583585537,38659367,4872058,1,0,0,0,0,3989,25068.939583855605,100000,35.20466,22,13855,47,74,100000
15,clean-run,10000,true,uniform,READ,53,3581721,1182503,1171534,117481,1,0,0,4,385024,36,939,45641686,7972554,40559328,36787228,33090378,227664,435714209360,583827446,38660357,4884078,1,0,0,0,0,8283,12072.920439454305,100000,77.88666,46,14207,118,271,100000
15,avg-run,10000,true,uniform,READ,55,7120871,2216398,2175384,217481,5,0,0,4,385024,36,939,45641686,7972554,40559328,36812559,33090378,227664,435890108856,584038282,38660482,4884078,1,0,0,0,0,7076,14132.278123233466,100000,65.70716,44,17967,82,135,100000
16,extend,10000,true,uniform,EXTEND,2,126795473,31442664,30271755,1248130,1600661,1122107,0,0,0,36,940,45682525,7972554,40607375,36814704,33090378,227664,436456705748,584956452,38720662,4884078,0,0,0,0,1,144562,691.744718529074,100000,1437.36231,456,67071,1909,2093,100000
16,run,10000,true,uniform,READ,2,130814516,32722844,31531489,1248598,1600672,1122574,0,0,0,36,940,45683102,7972554,40607375,36814704,33090378,227664,436461052139,585015692,38720688,4884078,1,0,0,0,0,8423,11872.254541137361,100000,79.32564,47,17071,99,230,100000
16,reference,10000,true,uniform,READ,1,4880022,1974143,1620781,10181,12,62,0,0,0,36,940,45683145,7972554,40607375,36814704,33090378,227664,436461052189,585015693,38720688,4884078,1,0,0,0,0,3896,25667.35112936345,100000,34.09675,22,12855,47,81,100000
16,clean-run,10000,true,uniform,READ,53,3634708,1266223,1255254,125941,1,0,0,4,385024,36,941,45719962,7972554,40607376,36839183,33219030,227706,436655728732,585276186,38721677,4897519,1,0,0,0,0,7849,12740.476493820868,100000,73.66725,47,14775,103,168,100000
16,avg-run,10000,true,uniform,READ,55,7173848,2300108,2259094,225941,5,0,0,4,385024,36,941,45719962,7972554,40607376,36864514,33219030,227706,436841645482,585487025,38721804,4897519,1,0,0,0,0,7586,13182.17769575534,100000,70.95043,48,14879,83,165,100000
17,extend,10000,true,uniform,EXTEND,2,137132762,34419401,33175892,1378377,1700694,1243348,0,0,0,36,942,45761599,7972554,40656294,36866103,33219030,227706,437415916503,586434635,38781314,4897519,0,0,0,0,1,158757,629.8934850116846,100000,1579.35326,493,63551,2002,2169,100000
17,run,10000,true,uniform,READ,2,141186351,35788554,34524599,1378851,1700705,1243821,0,0,0,36,942,45762253,7972554,40656294,36866103,33219030,227706,437421204276,586509688,38781357,4897519,1,0,0,0,0,8218,12168.410805548796,100000,77.41174,50,15127,105,243,100000
17,reference,10000,true,uniform,READ,1,5182535,2098057,1722044,10181,12,62,0,0,0,36,942,45762294,7972554,40656294,36866103,33219030,227706,437421204276,586509688,38781357,4897519,1,0,0,0,0,3666,27277.686852154937,100000,31.88408,22,11903,47,78,100000
17,clean-run,10000,true,uniform,READ,53,3679330,1357193,1346224,134979,1,0,0,4,385024,36,943,45800003,7972554,40656296,36892052,33362453,227748,437627220738,586790319,38782346,4909986,1,0,0,0,0,9871,10130.68584743187,100000,93.60248,46,17551,250,357,100000
17,avg-run,10000,true,uniform,READ,55,7218608,2391108,2350094,234979,5,0,0,4,385024,36,943,45800003,7972554,40656296,36917383,33362453,227748,437823064267,587000674,38782348,4909986,1,0,0,0,0,7556,13234.515616728428,100000,71.06348,49,15239,84,164,100000
18,extend,10000,true,uniform,EXTEND,2,147609125,37596985,36280021,1518857,1800738,1374462,0,0,0,36,944,45841728,7972554,40709760,36922111,33362453,227748,438403069984,588015548,38839146,4909986,0,0,0,0,1,160275,623.9276243955701,100000,1594.3624,504,68095,1994,2145,100000
18,run,10000,true,uniform,READ,2,151680142,39060233,37722823,1519334,1800749,1374939,0,0,0,36,944,45842169,7972554,40709879,36922230,33362453,227748,438406629436,588060650,38839167,4909986,1,0,0,0,0,8897,11239.743733842868,100000,84.30644,52,20063,109,288,100000
18,reference,10000,true,uniform,READ,1,5485121,2222861,1823321,10181,12,62,0,0,0,36,944,45842212,7972554,40709879,36922230,33362453,227748,438406629436,588060650,38839167,4909986,1,0,0,0,0,3902,25627.883136852895,100000,34.56413,22,13407,46,82,100000
18,clean-run,10000,true,uniform,READ,53,3723032,1450481,1439512,144313,1,0,0,4,385024,36,945,45884580,7972554,40709880,36949573,33517827,227789,438623951074,588360943,38840156,4924104,1,0,0,0,0,11270,8873.114463176575,100000,107.43905,49,17887,293,374,100000
18,avg-run,10000,true,uniform,READ,55,7610832,2584410,2543396,254313,5,0,0,4,385024,36,945,45884580,7972554,40709880,36975228,33517827,227789,438831310581,588591816,38840285,4924104,1,0,0,0,0,7810,12804.097311139565,100000,73.62561,51,14871,84,188,100000
19,extend,10000,true,uniform,EXTEND,2,158170550,40981680,39590555,1668515,1900771,1514649,0,0,0,36,946,45928329,7972554,40760630,36975587,33517827,227789,439428649612,589620235,38899558,4924104,0,0,0,0,1,157822,633.6252233528912,100000,1569.20762,495,46143,2004,2181,100000
19,run,10000,true,uniform,READ,2,162281579,42538536,41126965,1668949,1900782,1515123,0,0,0,36,946,45928940,7972554,40760630,36975587,33517827,227789,439433976986,589697152,38899600,4924104,1,0,0,0,0,8674,11528.706479133041,100000,82.22446,53,15391,112,291,100000
19,reference,10000,true,uniform,READ,1,5787634,2346775,1924584,10181,12,62,0,0,0,36,946,45928983,7972554,40760630,36975587,33517827,227789,439433976986,589697152,38899600,4924104,1,0,0,0,0,3875,25806.451612903227,100000,33.98196,22,11287,43,70,100000
19,clean-run,10000,true,uniform,READ,117,3769962,1544498,1533529,153655,1,0,0,4,385024,36,947,45971760,7972554,40760631,37004357,33672517,227823,439662543422,590017635,38900589,4938025,1,0,0,0,0,12405,8061.265618702137,100000,119.01883,52,17631,322,387,100000
19,avg-run,10000,true,uniform,READ,119,8950506,3678212,3637198,363655,5,0,0,4,385024,36,947,45971760,7972554,40760631,37038623,33672517,227823,439893216109,590448776,38900718,4938025,1,0,0,0,0,8434,11856.770215793218,100000,79.49349,53,15999,110,192,100000
20,extend,10000,true,uniform,EXTEND,2,168969172,44572431,43105930,1826599,2000815,1663798,0,0,0,36,948,46019488,7972554,40823359,37041620,33813725,227836,440481257333,591589456,38954559,4938025,0,0,0,0,1,157048,636.748000611278,100000,1562.14563,518,70271,1988,2159,100000
20,run,10000,true,uniform,READ,2,173036628,46220963,44734163,1826851,2000826,1664052,0,0,0,36,948,46019488,7972554,40823359,37041681,33813725,227836,440482300238,591598961,38954563,4938025,1,0,0,0,0,8930,11198.208286674133,100000,84.56753,54,15839,101,286,100000
20,reference,10000,true,uniform,READ,1,6090220,2471579,2025861,10181,12,62,0,0,0,36,948,46019488,7972554,40823359,37041681,33813725,227836,440482300238,591598961,38954563,4938025,1,0,0,0,0,3413,29299.73630237328,100000,29.61404,22,14695,39,74,100000
20,clean-run,10000,true,uniform,READ,181,4724620,1635670,1624621,162479,18,0,0,4,385024,36,949,46064970,7972554,40824059,37071874,33815553,227868,440721782369,591938806,38955552,4953238,1,0,0,0,0,12600,7936.507936507936,100000,120.73813,56,13935,322,384,100000
20,avg-run,10000,true,uniform,READ,183,9905004,3768468,3727374,372479,22,0,0,4,385024,36,949,46064970,7972554,40824059,37106140,33815553,227868,440962386106,592369465,38955554,4953238,1,0,0,0,0,8330,12004.801920768306,100000,78.45269,54,19023,112,261,100000
21,extend,10000,true,uniform,EXTEND,2,179682409,48358203,46818077,1992558,2100848,1821237,0,0,0,36,950,46109911,7972554,40888110,37108401,33939685,227880,441550010620,593477738,39009550,4953238,0,0,0,0,1,146549,682.3656251492674,100000,1457.11888,490,77823,1902,2085,100000
21,run,10000,true,uniform,READ,2,183856293,50092447,48531875,1992707,2100859,1821396,0,0,0,36,950,46109911,7972554,40888110,37108401,33939685,227880,441553981503,593541266,39009582,4953238,1,0,0,0,0,9777,10228.086325048584,100000,92.76864,55,18879,120,313,100000
21,reference,10000,true,uniform,READ,1,6392733,2595493,2127124,10181,12,62,0,0,0,36,950,46109911,7972554,40888110,37108401,33939685,227880,441553981503,593541266,39009582,4953238,1,0,0,0,0,3690,27100.271002710026,100000,31.99822,22,12351,45,77,100000
21,clean-run,10000,true,uniform,READ,245,4778133,1718885,1707916,170839,1,0,0,4,385024,36,951,46157631,7972554,40888111,37140110,33941647,227921,441804467404,593899486,39010571,4970271,1,0,0,0,0,11903,8401.243384020836,100000,113.93761,58,16271,292,377,100000
21,avg-run,10000,true,uniform,READ,247,9958523,3851174,3810160,380839,5,0,0,4,385024,36,951,46157631,7972554,40888111,37174376,33941647,227921,442055102572,594330313,39010619,4970271,1,0,0,0,0,9244,10817.82778018174,100000,87.63142,60,14727,108,299,100000
22,extend,10000,true,uniform,EXTEND,2,190587583,52328243,50715162,2165846,2200881,1986745,0,0,0,36,952,46200733,7972554,40953197,37176154,34057673,227944,442651792613,595452133,39064301,4970271,0,0,0,0,1,143468,697.0195444280257,100000,1427.09182,527,70399,1884,2075,100000
22,run,10000,true,uniform,READ,2,194822777,54139988,52506461,2165928,2200892,1986842,0,0,0,36,953,46211714,7972554,40953197,37176154,34057673,227944,442753780744,595549773,39088489,4975604,1,0,0,0,0,15475,6462.035541195477,100000,149.19672,72,14343,337,407,100000
22,reference,10000,true,uniform,READ,1,6695246,2719407,2228387,10181,12,62,0,0,0,36,953,46211759,7972554,40953197,37176154,34057673,227944,442753780744,595549773,39088489,4975604,1,0,0,0,0,4113,24313.153415998055,100000,36.33097,22,11631,47,81,100000
22,clean-run,10000,true,uniform,READ,117,4849913,1796496,1785527,178528,1,0,0,4,385024,36,954,46250043,7972554,40953199,37209163,34080003,227981,443015273764,595924927,39089480,4992156,1,0,0,0,0,14690,6807.351940095303,100000,141.38762,71,16295,338,400,100000
22,avg-run,10000,true,uniform,READ,119,10029952,3928450,3887436,388528,5,0,0,4,385024,36,954,46250043,7972554,40953199,37243429,34080003,227981,443275877536,596355587,39089482,4992156,1,0,0,0,0,14068,7108.330963889679,100000,135.24511,71,15847,335,395,100000
23,extend,10000,true,uniform,EXTEND,2,201669201,56464558,54779067,2345559,2300925,2159651,0,0,0,36,956,46300153,7972554,41020630,37246254,34199362,227985,443940398234,597520530,39154789,4992156,0,0,0,0,1,157071,636.6547612226318,100000,1562.05411,534,75583,2004,2167,100000
23,run,10000,true,uniform,READ,2,205966470,58345102,56639165,2345600,2300936,2159697,0,0,0,36,956,46304752,7972554,41020639,37246263,34199362,227985,443978397125,597586370,39165127,4992879,1,0,0,0,0,12210,8190.00819000819,100000,117.1155,68,16703,294,379,100000
23,reference,10000,true,uniform,READ,1,6997832,2844211,2329664,10181,12,62,0,0,0,36,956,46304796,7972554,41020639,37246263,34199362,227985,443978397125,597586370,39165127,4992879,1,0,0,0,0,3965,25220.680958385878,100000,34.80908,22,14511,47,77,100000
23,clean-run,10000,true,uniform,READ,53,4933960,1865248,1854279,185349,1,0,0,4,385024,36,957,46351704,7972554,41020640,37280429,34229295,228023,444250781762,597976186,39166116,5011438,1,0,0,0,0,12756,7839.448102853559,100000,122.58183,69,16087,321,386,100000
23,avg-run,10000,true,uniform,READ,55,10113437,3996997,3955983,395349,5,0,0,4,385024,36,958,46353344,7972554,41086588,37314695,34229295,228023,444521693582,598406901,39166186,5011438,1,0,0,0,0,12114,8254.911672445105,100000,116.30516,68,14831,314,384,100000
24,extend,10000,true,uniform,EXTEND,2,212912231,60744613,58987878,2530598,2400958,2338570,0,0,0,36,959,46409858,7972554,41089516,37317621,34341418,228053,445235330835,599564008,39239671,5011438,0,0,0,0,1,141621,706.1099695666603,100000,1407.94867,497,70271,1850,2085,100000
24,run,10000,true,uniform,READ,2,217308094,62687842,60909785,2530624,2400969,2338599,0,0,0,36,959,46416704,7972554,41089522,37317627,34341418,228053,445283357025,599661231,39251995,5013126,1,0,0,0,0,15184,6585.879873551106,100000,146.65106,70,15135,343,405,100000
24,reference,10000,true,uniform,READ,1,7300345,2968125,2430927,10181,12,62,0,0,0,36,959,46416743,7972554,41089522,37317627,34341418,228053,445283357025,599661231,39251995,5013126,1,0,0,0,0,3547,28192.8390188892,100000,30.94058,21,12511,41,73,100000
24,clean-run,10000,true,uniform,READ,53,5030553,1927368,1916399,191559,1,0,0,4,385024,36,960,46464465,7972554,41089523,37353018,34382977,228101,445566623241,600064542,39252984,5033881,1,0,0,0,0,14203,7040.766035344645,100000,136.95908,72,14727,336,398,100000
24,avg-run,10000,true,uniform,READ,55,10209493,4059042,4018028,401559,5,0,0,4,385024,36,961,46466406,7972554,41156948,37387284,34382977,228101,445847571135,600495202,39253059,5033881,1,0,0,0,0,10754,9298.865538404314,100000,102.39461,67,17967,177,355,100000
25,extend,10000,true,uniform,EXTEND,2,224419087,65156163,63327830,2720630,2501002,2523533,0,0,0,36,962,46541101,7972554,41158711,37389045,34494392,228104,446684980657,601705858,39352607,5033881,0,0,0,0,1,154541,647.0774745860322,100000,1536.96029,524,47583,2011,2237,100000
25,run,10000,true,uniform,READ,2,228896454,67148047,65299268,2720645,2501013,2523550,0,0,0,36,962,46541868,7972554,41158711,37389045,34494392,228104,446689062214,601775306,39352764,5033881,1,0,0,0,0,14221,7031.854299978904,100000,137.15838,71,15959,333,396,100000
25,reference,10000,true,uniform,READ,1,7602931,3092929,2532204,10181,12,62,0,0,0,36,962,46541912,7972554,41158711,37389045,34494392,228104,446689062264,601775307,39352764,5033881,1,0,0,0,0,4072,24557.95677799607,100000,35.84064,22,11623,48,84,100000
25,clean-run,10000,true,uniform,READ,53,5119156,1979317,1968348,196750,1,0,0,4,385024,36,963,46585025,7972554,41158712,37425773,34551829,228118,446983096982,602190179,39353754,5055497,1,0,0,0,0,13806,7243.227582210633,100000,132.6891,73,16495,326,389,100000
25,avg-run,10000,true,uniform,READ,55,10297549,4110936,4069922,406750,5,0,0,4,385024,36,964,46587502,7972554,41227727,37460039,34551829,228118,447274067647,602620919,39353853,5055497,1,0,0,0,0,11059,9042.408897730355,100000,105.46821,73,15855,235,364,100000
26,extend,10000,true,uniform,EXTEND,2,236109505,69672272,67773476,2914280,2601035,2712748,0,0,0,36,965,46669922,7972554,41231587,37463897,34643712,228123,448133369301,603831236,39459306,5055497,0,0,0,0,1,136689,731.5877649262194,100000,1358.98663,551,70143,1665,1927,100000
26,run,10000,true,uniform,READ,2,240674516,71709132,69789889,2914286,2601046,2712754,0,0,0,36,965,46671034,7972554,41231587,37463897,34643712,228123,448139021320,603927608,39459484,5055497,1,0,0,0,0,16574,6033.546518643659,100000,160.1366,80,15991,350,415,100000
26,reference,10000,true,uniform,READ,1,7905444,3216843,2633467,10181,12,62,0,0,0,36,965,46671076,7972554,41231587,37463897,34643712,228123,448139021320,603927608,39459484,5055497,1,0,0,0,0,3823,26157.46795710175,100000,33.63872,22,12287,43,79,100000
26,clean-run,10000,true,uniform,READ,53,5203830,2025009,2014040,201280,1,0,0,4,385024,36,966,46716144,7972554,41231588,37502102,34708716,228136,448443748583,604352841,39460475,5076763,1,0,0,0,0,15542,6434.178355424013,100000,150.07666,78,15279,346,406,100000
26,avg-run,10000,true,uniform,READ,55,10696935,4156583,4115569,411280,5,0,0,4,385024,36,967,46719968,7972554,41305362,37539399,34708716,228136,448744663798,604783500,39460531,5076763,1,0,0,0,0,15452,6471.654154801968,100000,148.88497,79,14335,346,405,100000
27,extend,10000,true,uniform,EXTEND,2,247999634,74281929,72312426,3111194,2701068,2906064,0,0,0,36,968,46813521,7972554,41309151,37543186,34796095,228156,449654306566,606018308,39570147,5076763,0,0,0,0,1,138504,722.0008086409057,100000,1376.95447,543,52959,1688,1841,100000
27,run,10000,true,uniform,READ,2,252616939,76354786,74364837,3111196,2701079,2906068,0,0,0,36,968,46814216,7972554,41309151,37543186,34796095,228156,449657397938,606071274,39570249,5076763,1,0,0,0,0,16513,6055.834796826743,100000,159.70615,82,16175,345,413,100000
27,reference,10000,true,uniform,READ,1,8208030,3341647,2734744,10181,12,62,0,0,0,36,968,46814258,7972554,41309151,37543186,34796095,228156,449657397938,606071274,39570249,5076763,1,0,0,0,0,3744,26709.40170940171,100000,32.57472,22,12935,41,70,100000
27,clean-run,10000,true,uniform,READ,53,5268698,2061949,2050985,204997,1,0,0,0,0,36,969,46874475,7972554,41309152,37583022,34874606,228186,449972697238,606505358,39571239,5100444,1,0,0,0,0,14739,6784.720808738721,100000,142.28767,79,15007,337,397,100000
27,avg-run,10000,true,uniform,READ,55,10729225,4193486,4152477,414997,5,0,0,0,0,36,970,46879390,7972554,41385883,37621456,34874606,228186,450283596127,606936018,39571287,5100444,1,0,0,0,0,13959,7163.836951070994,100000,134.61687,80,14719,333,393,100000
28,extend,10000,true,uniform,EXTEND,2,260028079,78966533,76928374,3311169,2801101,3102927,0,0,0,36,971,46976913,7972554,41388884,37624455,34958078,228189,451206163557,608159104,39682514,5100444,0,0,0,0,1,139358,717.5763142410195,100000,1385.66911,531,68991,1677,1868,100000
28,run,10000,true,uniform,READ,2,264716296,81070223,79011618,3311171,2801112,3102929,0,0,0,36,971,46978124,7972554,41388884,37624455,34958078,228189,451212085543,608260257,39682682,5100444,1,0,0,0,0,18112,5521.201413427561,100000,175.2692,82,15311,361,424,100000
28,reference,10000,true,uniform,READ,1,8510543,3465561,2836007,10181,12,62,0,0,0,36,971,46978165,7972554,41388884,37624455,34958078,228189,451212085593,608260258,39682682,5100444,1,0,0,0,0,3727,26831.23155352831,100000,32.50348,21,13991,42,77,100000
28,clean-run,10000,true,uniform,READ,53,5317569,2093598,2082634,208165,1,0,0,0,0,36,972,47041219,7972554,41388885,37665914,35045365,228215,451537907441,608702251,39683672,5124546,1,0,0,0,0,15847,6310.342651605983,100000,153.15385,78,15079,352,411,100000
28,avg-run,10000,true,uniform,READ,55,10777750,4225135,4184126,418165,5,0,0,0,0,36,973,47047075,7972554,41467428,37704348,35045365,228215,451858779015,609132911,39683717,5124546,1,0,0,0,0,15892,6292.474200855777,100000,153.35175,80,15375,347,410,100000
29,extend,10000,true,uniform,EXTEND,2,272217288,83718640,81611755,3513910,2901134,3302549,0,0,0,36,974,47152332,7972554,41469046,37705963,35195675,228228,452801377816,610387428,39800349,5124546,0,0,0,0,1,139010,719.3727069994965,100000,1382.35281,540,19263,1800,2069,100000
29,run,10000,true,uniform,READ,2,276939352,85853334,83726003,3513912,2901145,3302551,0,0,0,36,974,47152332,7972554,41469046,37705963,35195675,228228,452805213748,610452955,39800493,5124546,1,0,0,0,0,16510,6056.935190793459,100000,159.91077,86,16463,349,414,100000
29,reference,10000,true,uniform,READ,1,8813129,3590365,2937284,10181,12,62,0,0,0,36,974,47152332,7972554,41469046,37705963,35195675,228228,452805213748,610452955,39800493,5124546,1,0,0,0,0,3375,29629.62962962963,100000,29.10513,22,13743,39,70,100000
29,clean-run,10000,true,uniform,READ,53,5354865,2124877,2113913,211319,1,0,0,0,0,36,975,47217168,7972554,41469047,37749145,35198714,228261,453141561068,610902880,39801483,5149834,1,0,0,0,0,15723,6360.109393881575,100000,151.49721,81,17551,348,408,100000
29,avg-run,10000,true,uniform,READ,55,10564954,4256414,4215405,421319,5,0,0,0,0,36,976,47225357,7972554,41561941,37800081,35198714,228261,453472412224,611333539,39801526,5149834,1,0,0,0,0,15016,6659.563132658498,100000,144.79372,82,17391,338,401,100000
30,extend,10000,true,uniform,EXTEND,2,284482826,88536980,86363043,3719888,3001167,3505369,0,0,0,36,977,47338897,7972554,41564705,37802843,35344368,228273,454431661556,612570126,39916064,5149834,0,0,0,0,1,143131,698.6606675004017,100000,1423.29083,515,72127,1827,2077,100000
30,run,10000,true,uniform,READ,2,289265701,90703846,88508587,3719890,3001178,3505371,0,0,0,36,977,47338897,7972554,41564705,37802843,35344368,228273,454438921736,612693481,39916304,5149834,1,0,0,0,0,17298,5781.015146259683,100000,167.37452,84,17983,355,427,100000
30,reference,10000,true,uniform,READ,1,9115642,3714279,3038547,10181,12,62,0,0,0,36,977,47338897,7972554,41564705,37802843,35344368,228273,454438921736,612693481,39916304,5149834,1,0,0,0,0,3437,29095.14111143439,100000,29.66445,18,11399,39,70,100000
30,clean-run,10000,true,uniform,READ,53,5380099,2157076,2146112,214487,1,0,0,0,0,36,978,47407893,7972554,41564706,37847743,35347671,228305,454785803286,613151569,39917294,5174475,1,0,0,0,0,14698,6803.646754660498,100000,141.56337,79,14575,334,403,100000
30,avg-run,10000,true,uniform,READ,55,10589932,4288613,4247604,424487,5,0,0,0,0,36,979,47416767,7972554,41659445,37898680,35347671,228305,455126639326,613582230,39917337,5174475,1,0,0,0,0,13505,7404.664938911515,100000,130.11793,81,15279,317,387,100000
31,extend,10000,true,uniform,EXTEND,2,296914712,93426673,91185329,3929588,3101200,3711636,0,0,0,36,981,47544794,7972554,41659616,37898849,35483424,228322,456133492489,614865644,40047346,5174475,0,0,0,0,1,142827,700.1477311712771,100000,1420.1941,559,185471,1699,1884,100000
31,run,10000,true,uniform,READ,2,301727469,95626928,93365138,3929590,3101211,3711638,0,0,0,36,981,47556582,7972554,41659616,37898849,35483424,228322,456219133863,614971448,40071848,5178837,1,0,0,0,0,17940,5574.136008918617,100000,174.01871,86,19679,357,425,100000
31,reference,10000,true,uniform,READ,1,9418228,3839083,3139824,10181,12,62,0,0,0,36,981,47556623,7972554,41659616,37898849,35483424,228322,456219133863,614971448,40071848,5178837,1,0,0,0,0,3728,26824.03433476395,100000,32.5105,21,12207,43,71,100000
31,clean-run,10000,true,uniform,READ,53,5310236,2191332,2180371,217925,1,0,0,0,0,36,982,47614019,7972554,41659617,37945478,35512678,228357,456573901973,615393277,40072835,5206316,1,0,0,0,0,16614,6019.020103527146,100000,160.80575,86,15327,351,415,100000
31,avg-run,10000,true,uniform,READ,55,10519904,4322753,4281747,427925,5,0,0,0,0,36,983,47623513,7972554,41756082,37996414,35512678,228357,456924710453,615823936,40072878,5206316,1,0,0,0,0,16385,6103.1431187061335,100000,158.20951,87,17103,348,411,100000
32,extend,10000,true,uniform,EXTEND,2,309204685,98393662,96086116,4143298,3201233,3921437,0,0,0,36,985,47769656,7972554,41765625,38005955,35639218,228383,458057900348,617030489,40218219,5206316,0,0,0,0,1,142445,702.0253431148865,100000,1416.3265,549,21887,1755,1976,100000
32,run,10000,true,uniform,READ,2,314157357,100635240,98306445,4143302,3201255,3921441,0,0,0,36,985,47780051,7972554,41765626,38005955,35639218,228383,458151849739,617200149,40245457,5208249,1,0,0,0,0,20837,4799.155348658636,100000,202.5306,91,19007,379,443,100000
32,reference,10000,true,uniform,READ,1,9720814,3963887,3241101,10181,12,62,0,0,0,36,985,47780097,7972554,41765626,38005955,35639218,228383,458151849739,617200149,40245457,5208249,1,0,0,0,0,4196,23832.221163012393,100000,37.35633,22,12663,49,80,100000
32,clean-run,10000,true,uniform,READ,53,5421613,2230150,2219186,221858,1,0,0,0,0,36,986,47852438,7972554,41765627,38054223,35690186,228409,458519944638,617676909,40246447,5234099,1,0,0,0,0,17606,5679.881858457344,100000,170.30369,90,18863,360,430,100000
32,avg-run,10000,true,uniform,READ,55,10631252,4361687,4320678,431858,5,0,0,0,0,36,987,47862218,7972554,41863797,38105159,35690186,228409,458880741199,618107569,40246491,5234099,1,0,0,0,0,15672,6380.806533945891,100000,151.05309,88,17631,344,408,100000
33,extend,10000,true,uniform,EXTEND,2,321684870,103451924,101077770,4361881,3301277,4135515,0,0,0,36,989,48019054,7972554,41867824,38109184,35810855,228468,460067385294,619336711,40406167,5234099,0,0,0,0,1,145498,687.2946707171233,100000,1446.82676,551,71167,1744,1930,100000
33,run,10000,true,uniform,READ,2,326556085,105737659,103342183,4361883,3301288,4135517,0,0,0,36,989,48028726,7972554,41867824,38109184,35810855,228468,460124120141,619490074,40423460,5236690,1,0,0,0,0,20484,4881.859011911736,100000,198.82594,90,16023,374,441,100000
33,reference,10000,true,uniform,READ,1,10023400,4088691,3342378,10181,12,62,0,0,0,36,989,48028766,7972554,41867824,38109184,35810855,228468,460124120141,619490074,40423460,5236690,1,0,0,0,0,3629,27555.80049600441,100000,31.77895,22,12655,46,77,100000
33,clean-run,10000,true,uniform,READ,53,5440595,2275384,2264420,226364,1,0,0,0,0,36,990,48102348,7972554,41867825,38159087,35869681,228497,460502933349,619977897,40424450,5267221,1,0,0,0,0,17358,5761.032377001959,100000,167.91616,88,18431,354,421,100000
33,avg-run,10000,true,uniform,READ,55,10650194,4406921,4365912,436364,5,0,0,0,0,36,991,48112228,7972554,41967630,38210023,35869681,228497,460873691700,620408557,40424484,5267221,1,0,0,0,0,16105,6209.251785159889,100000,155.38805,89,17487,346,410,100000
34,extend,10000,true,uniform,EXTEND,2,334366241,108610952,106170159,4585671,3401310,4354170,0,0,0,36,993,48259225,7972554,41967636,38210027,35992532,228514,462038057414,621709113,40577604,5267221,0,0,0,0,1,141617,706.1299137815375,100000,1408.28405,570,21743,1729,1893,100000
34,run,10000,true,uniform,READ,2,339278503,110948992,108487464,4585673,3401321,4354172,0,0,0,36,993,48266432,7972554,41967636,38210027,35992532,228514,462085183930,621846207,40590981,5268555,1,0,0,0,0,19709,5073.824141255264,100000,191.4709,84,19039,371,438,100000
34,reference,10000,true,uniform,READ,1,10325986,4213495,3443655,10181,12,62,0,0,0,36,993,48266473,7972554,41967636,38210027,35992532,228514,462085183980,621846208,40590981,5268555,1,0,0,0,0,3677,27196.083763937993,100000,32.22577,22,11895,46,79,100000
34,clean-run,10000,true,uniform,READ,53,5464111,2326338,2315374,231499,1,0,0,0,0,36,994,48335818,7972554,41967637,38261456,36047762,228538,462474784710,622346087,40591971,5297358,1,0,0,0,0,16117,6204.62865297512,100000,155.67916,86,15887,346,413,100000
34,avg-run,10000,true,uniform,READ,55,10673688,4457875,4416866,441499,5,0,0,0,0,36,995,48345824,7972554,42069030,38312392,36047762,228538,462855553638,622776745,40592004,5297358,1,0,0,0,0,15656,6387.327542156362,100000,151.00356,85,16975,348,413,100000
35,extend,10000,true,uniform,EXTEND,2,347188517,113886773,111380676,4815560,3501343,4578634,0,0,0,36,997,48511647,7972554,42069036,38312396,36161063,228554,464139359454,624161374,40769928,5297358,0,0,0,0,1,143625,696.2576153176675,100000,1428.11437,584,20623,1746,2109,100000
35,run,10000,true,uniform,READ,2,352135411,116277347,113750804,4815562,3501354,4578636,0,0,0,36,997,48512916,7972554,42069036,38312396,36161063,228554,464145940907,624271996,40770154,5297358,1,0,0,0,0,20200,4950.495049504951,100000,195.93047,95,20927,374,445,100000
35,reference,10000,true,uniform,READ,1,10628499,4337409,3544918,10181,12,62,0,0,0,36,997,48512959,7972554,42069036,38312396,36161063,228554,464145940957,624271997,40770154,5297358,1,0,0,0,0,3913,25555.83950932788,100000,34.24259,21,11927,43,72,100000
35,clean-run,10000,true,uniform,READ,53,5494646,2381353,2370389,236925,1,0,0,0,0,36,998,48571908,7972554,42069037,38365275,36227462,228567,464546351714,624784231,40771144,5328829,1,0,0,0,0,18549,5391.126206264488,100000,180.08229,89,16215,364,433,100000
35,avg-run,10000,true,uniform,READ,55,10704223,4512890,4471881,446925,5,0,0,0,0,36,999,48582041,7972554,42171880,38416211,36227462,228567,464937109263,625214889,40771170,5328829,1,0,0,0,0,16985,5887.54783632617,100000,164.26472,88,19151,356,420,100000
36,extend,10000,true,uniform,EXTEND,2,360107153,119283410,116710884,5051420,3601376,4808418,0,0,0,36,1001,48755997,7972554,42171886,38416215,36334727,228583,466279104475,626617481,40950929,5328829,0,0,0,0,1,141968,704.3840865547165,100000,1411.90135,569,20815,1757,1991,100000
36,run,10000,true,uniform,READ,2,365083206,121734577,119142194,5051422,3601387,4808420,0,0,0,36,1001,48757107,7972554,42171886,38416215,36334727,228583,466284595787,626711113,40951120,5328829,1,0,0,0,0,20053,4986.785019697801,100000,195.05554,87,16415,372,445,100000
36,reference,10000,true,uniform,READ,1,10931085,4462213,3646195,10181,12,62,0,0,0,36,1001,48757149,7972554,42171886,38416215,36334727,228583,466284595787,626711113,40951120,5328829,1,0,0,0,0,3826,26136.957658128595,100000,33.32686,22,11647,46,82,100000
36,clean-run,10000,true,uniform,READ,53,5424747,2441629,2430668,242989,1,0,0,0,0,36,1002,48824996,7972554,42171887,38470598,36409091,228595,466692764804,627184288,40952107,5360393,1,0,0,0,0,19329,5173.573387138496,100000,187.75097,90,15999,375,442,100000
36,avg-run,10000,true,uniform,READ,55,10634159,4573050,4532044,452989,5,0,0,0,0,36,1003,48835003,7972554,42276232,38521534,36409091,228595,467093509926,627614947,40952132,5360393,1,0,0,0,0,17976,5562.972852692479,100000,174.24362,95,20735,366,432,100000
37,extend,10000,true,uniform,EXTEND,2,373131243,124816286,122178573,5293956,3701420,5044472,0,0,0,36,1005,49011423,7972554,42278721,38524021,36564451,228636,468451448221,629063064,41136461,5360393,0,0,0,0,1,147049,680.0454270345259,100000,1462.74693,581,19295,1779,1988,100000
37,run,10000,true,uniform,READ,2,378110286,127331755,124673596,5293958,3701431,5044474,0,0,0,36,1005,49011423,7972554,42278721,38524021,36564451,228636,468454958420,629121011,41136592,5360393,1,0,0,0,0,21666,4615.526631588665,100000,210.58025,102,16943,384,454,100000
37,reference,10000,true,uniform,READ,1,11233671,4587017,3747472,10181,12,62,0,0,0,36,1005,49011423,7972554,42278721,38524021,36564451,228636,468454958420,629121011,41136592,5360393,1,0,0,0,0,3842,26028.110359187922,100000,33.5426,22,11383,42,76,100000
37,clean-run,10000,true,uniform,READ,53,5465462,2507386,2496425,249478,1,0,0,0,0,36,1006,49088409,7972554,42278722,38579865,36568273,228645,468874020556,629607140,41137596,5390710,1,0,0,0,0,18654,5360.780529645116,100000,180.82826,88,18095,366,435,100000
37,avg-run,10000,true,uniform,READ,55,10674874,4638807,4597801,459478,5,0,0,0,0,36,1007,49098133,7972554,42384529,38630801,36568273,228645,469284747880,630037800,41137621,5390710,1,0,0,0,0,17516,5709.065996802923,100000,169.4311,96,18271,363,429,100000
38,extend,10000,true,uniform,EXTEND,2,386229280,130491343,127787283,5543107,3801464,5287211,0,0,0,36,1009,49273994,7972554,42387489,38633759,36723501,228685,470644054314,631513541,41321473,5390710,0,0,0,0,1,146798,681.2081908472868,100000,1459.86844,574,24431,1767,1962,100000
38,run,10000,true,uniform,READ,2,391238495,133071533,130347270,5543109,3801475,5287213,0,0,0,36,1009,49273994,7972554,42387489,38633759,36723501,228685,470647497190,631572238,41321572,5390710,1,0,0,0,0,21295,4695.93801361822,100000,206.87553,106,22015,381,453,100000
38,reference,10000,true,uniform,READ,1,11536257,4711821,3848749,10181,12,62,0,0,0,36,1009,49273994,7972554,42387489,38633759,36723501,228685,470647497190,631572238,41321572,5390710,1,0,0,0,0,3909,25581.990278843696,100000,34.31329,22,13639,43,69,100000
38,clean-run,10000,true,uniform,READ,53,5505989,2569753,2558792,255883,1,0,0,0,0,36,1010,49352645,7972554,42387490,38691008,36727424,228702,471077382456,632071226,41322559,5420826,1,0,0,0,0,19213,5204.809243741217,100000,186.55201,93,16847,368,440,100000
38,avg-run,10000,true,uniform,READ,55,10715401,4701174,4660168,465883,5,0,0,0,0,36,1011,49361720,7972554,42494701,38741944,36727424,228702,471498095272,632501886,41322584,5420826,1,0,0,0,0,16950,5899.705014749263,100000,163.85,95,17647,358,422,100000
39,extend,10000,true,uniform,EXTEND,2,399423446,136308729,133538822,5798868,3901508,5536512,0,0,0,36,1014,49544391,7972554,42497187,38744428,36882568,228733,472893418994,634008684,41514066,5420826,0,0,0,0,1,145710,686.294694942008,100000,1449.03401,587,24015,1761,1952,100000
39,run,10000,true,uniform,READ,2,404435550,138953661,136163660,5798870,3901519,5536514,0,0,0,36,1014,49549285,7972554,42497187,38744428,36882568,228733,472922354762,634064023,41524053,5420826,1,0,0,0,0,20762,4816.491667469415,100000,201.7975,101,19839,377,446,100000
39,reference,10000,true,uniform,READ,1,11838843,4836625,3950026,10181,12,62,0,0,0,36,1014,49549327,7972554,42497187,38744428,36882568,228733,472922354762,634064023,41524053,5420826,1,0,0,0,0,3728,26824.03433476395,100000,32.71561,21,12631,47,78,100000
39,clean-run,10000,true,uniform,READ,53,5666059,2635483,2624519,262356,1,0,0,0,0,36,1015,49623546,7972554,42497188,38803049,36916504,228759,473366470655,634632792,41525043,5452117,1,0,0,0,0,18159,5506.911173522771,100000,175.79606,91,18975,362,435,100000
39,avg-run,10000,true,uniform,READ,55,11468911,5767020,5726011,572356,5,0,0,0,0,36,1016,49635383,7972554,42622719,38870930,36916504,228759,473810482436,635263725,41525069,5452117,1,0,0,0,0,17930,5577.244841048522,100000,173.40325,100,21727,363,432,100000
40,extend,10000,true,uniform,EXTEND,2,412679635,142267907,139432388,6060880,4001552,5792138,0,0,0,36,1019,49859741,7972554,42625461,38873670,37065081,228783,475391767219,636830755,41773002,5452117,0,0,0,0,1,147277,678.9926465096383,100000,1465.14451,605,207487,1796,2331,100000
40,run,10000,true,uniform,READ,2,417703904,144977179,142121594,6060882,4001563,5792140,0,0,0,36,1019,49860476,7972554,42625461,38873670,37065081,228783,475395355796,636875228,41773412,5452117,1,0,0,0,0,21661,4616.592031762153,100000,210.66423,110,18479,382,453,100000
40,reference,10000,true,uniform,READ,1,12141429,4961429,4051303,10181,12,62,0,0,0,36,1019,49860515,7972554,42625461,38873670,37065081,228783,475395355796,636875228,41773412,5452117,1,0,0,0,0,3568,28026.905829596413,100000,31.18077,22,12511,46,73,100000
40,clean-run,10000,true,uniform,READ,53,5714914,2698659,2687695,268742,1,0,0,0,0,36,1020,49925342,7972554,42625462,38933544,37105264,228813,475850401232,637458115,41774402,5485257,1,0,0,0,0,18873,5298.574683410163,100000,183.3759,98,16623,367,443,100000
40,avg-run,10000,true,uniform,READ,55,11517567,5830196,5789187,578742,5,0,0,0,0,36,1021,49936141,7972554,42752246,39001425,37105264,228813,476304394471,638089049,41774418,5485257,1,0,0,0,0,20165,4959.087527894867,100000,195.91683,116,19263,375,442,100000
41,extend,10000,true,uniform,EXTEND,2,426023094,148366222,145465148,6328809,4101596,6053912,0,0,0,36,1024,50161367,7972554,42752948,39002125,37255275,228842,477910340147,639666239,42023693,5485257,0,0,0,0,1,152730,654.7502127938192,100000,1519.2099,624,170879,1811,2365,100000
41,run,10000,true,uniform,READ,2,431121751,151136736,148215622,6328811,4101607,6053914,0,0,0,36,1024,50162332,7972554,42752948,39002125,37255275,228842,477915377019,639736766,42024136,5485257,1,0,0,0,0,22038,4537.616843633724,100000,214.74651,99,16767,385,456,100000
41,reference,10000,true,uniform,READ,1,12444015,5086233,4152580,10181,12,62,0,0,0,36,1024,50162375,7972554,42752948,39002125,37255275,228842,477915377019,639736766,42024136,5485257,1,0,0,0,0,3916,25536.26149131767,100000,34.18517,22,15759,43,72,100000
41,clean-run,10000,true,uniform,READ,53,5762957,2761659,2750695,274897,1,0,0,0,0,36,1025,50222889,7972554,42752949,39063188,37303369,228874,478381314993,640333239,42025126,5518380,1,0,0,0,0,19538,5118.231139318252,100000,189.60046,101,51711,372,440,100000
41,avg-run,10000,true,uniform,READ,55,11565953,5893196,5852187,584897,5,0,0,0,0,36,1026,50232801,7972554,42880922,39131069,37303369,228874,478845305858,640964173,42025142,5518380,1,0,0,0,0,20488,4880.905896134323,100000,199.2255,115,15671,378,447,100000
42,extend,10000,true,uniform,EXTEND,2,439487595,154598190,151631615,6602573,4201640,6321921,0,0,0,36,1029,50456805,7972554,42887012,39137157,37444108,228899,480481330801,642611947,42274456,5518380,0,0,0,0,1,149476,669.0037196606813,100000,1486.50327,589,21407,1845,2435,100000
42,run,10000,true,uniform,READ,2,444569356,157426727,154440111,6602575,4201651,6321923,0,0,0,36,1029,50457466,7972554,42887012,39137157,37444108,228899,480484273773,642662203,42274562,5518380,1,0,0,0,0,20876,4790.189691511784,100000,202.89875,112,20015,375,455,100000
42,reference,10000,true,uniform,READ,1,12746601,5211037,4253857,10181,12,62,0,0,0,36,1029,50457513,7972554,42887012,39137157,37444108,228899,480484273773,642662203,42274562,5518380,1,0,0,0,0,4288,23320.89552238806,100000,38.16709,22,11887,48,79,100000
42,clean-run,10000,true,uniform,READ,53,5688924,2818260,2807299,280639,1,0,0,0,0,36,1030,50534682,7972554,42887013,39199344,37496500,228920,480957450326,643210870,42275549,5555661,1,0,0,0,0,19549,5115.351168857742,100000,189.79728,99,19903,370,452,100000
42,avg-run,10000,true,uniform,READ,55,11491636,5949698,5908692,590639,5,0,0,0,0,36,1031,50544089,7972554,43016111,39267227,37496500,228920,481431437181,643841805,42275565,5555661,1,0,0,0,0,20158,4960.809604127394,100000,195.68457,117,18687,375,445,100000
43,extend,10000,true,uniform,EXTEND,2,453002429,160954933,157922854,6881228,4301684,6595077,0,0,0,36,1034,50771545,7972554,43016162,39267278,37632814,228939,483095187688,645489242,42530448,5555661,0,0,0,0,1,146400,683.0601092896175,100000,1456.52928,634,22111,1827,2391,100000
43,run,10000,true,uniform,READ,2,458143144,163837125,160785020,6881230,4301695,6595079,0,0,0,36,1034,50772365,7972554,43016162,39267278,37632814,228939,483099078670,645555628,42530578,5555661,1,0,0,0,0,23302,4291.477126426917,100000,227.1773,116,17599,393,462,100000
43,reference,10000,true,uniform,READ,1,13049187,5335841,4355134,10181,12,62,0,0,0,36,1034,50772409,7972554,43016162,39267278,37632814,228939,483099078670,645555628,42530578,5555661,1,0,0,0,0,4018,24888.003982080638,100000,35.51345,22,12495,47,78,100000
43,clean-run,10000,true,uniform,READ,53,5857692,2874056,2863092,286151,1,0,0,0,0,36,1035,50851750,7972554,43016163,39330590,37691514,228952,483586647834,646176864,42531568,5592221,1,0,0,0,0,19281,5186.452984803693,100000,187.10162,106,17503,365,438,100000
43,avg-run,10000,true,uniform,READ,55,11660598,6005593,5964584,596151,5,0,0,0,0,36,1036,50860304,7972554,43146385,39398471,37691514,228952,484070616370,646807797,42531583,5592221,1,0,0,0,0,21212,4714.312653215161,100000,206.18264,121,20687,384,453,100000
44,extend,10000,true,uniform,EXTEND,2,466633091,167429331,164331779,7165031,4401728,6873865,0,0,0,36,1039,51102320,7972554,43150196,39402280,37824937,228978,485772775284,648469904,42784543,5592221,0,0,0,0,1,151650,659.4131223211342,100000,1508.18048,606,21695,1838,2251,100000
44,run,10000,true,uniform,READ,2,471794651,170362274,167244703,7165033,4401739,6873867,0,0,0,36,1039,51103217,7972554,43150196,39402280,37824937,228978,485776642820,648535946,42784681,5592221,1,0,0,0,0,22295,4485.310607759588,100000,216.8848,116,18639,383,459,100000
44,reference,10000,true,uniform,READ,1,13351773,5460645,4456411,10181,12,62,0,0,0,36,1039,51103256,7972554,43150196,39402280,37824937,228978,485776642820,648535946,42784681,5592221,1,0,0,0,0,3515,28449.50213371266,100000,30.54623,22,12487,40,68,100000
44,clean-run,10000,true,uniform,READ,53,5898499,2923616,2912652,291166,1,0,0,0,0,36,1040,51191636,7972554,43150197,39466726,37892237,228996,486274970282,649168354,42785676,5633254,1,0,0,0,0,19381,5159.692482328053,100000,188.05697,110,78783,363,440,100000
44,avg-run,10000,true,uniform,READ,55,11701468,6055153,6014144,601166,5,0,0,0,0,36,1041,51198252,7972554,43281553,39534607,37892237,228996,486768926821,649799289,42785688,5633254,1,0,0,0,0,20801,4807.461179750973,100000,201.99692,123,22351,377,452,100000
45,extend,10000,true,uniform,EXTEND,2,480344617,174014064,170851054,7453431,4501772,7157420,0,0,0,36,1044,51450059,7972554,43285015,39538067,38060652,229025,488484321486,651476457,43038487,5633254,0,0,0,0,1,151660,659.3696426216537,100000,1508.31443,616,23439,1838,2195,100000
45,run,10000,true,uniform,READ,2,485526682,176995989,173812960,7453433,4501783,7157422,0,0,0,36,1044,51450059,7972554,43285015,39538067,38060652,229025,488488159538,651541855,43038650,5633254,1,0,0,0,0,21487,4653.97682319542,100000,209.01929,116,20511,373,456,100000
45,reference,10000,true,uniform,READ,1,13654359,5585449,4557688,10181,12,62,0,0,0,36,1044,51450059,7972554,43285015,39538067,38060652,229025,488488159588,651541856,43038650,5633254,1,0,0,0,0,3884,25746.652935118436,100000,34.07137,22,13807,47,77,100000
45,clean-run,10000,true,uniform,READ,53,5940365,2971712,2960748,296011,1,0,0,0,0,36,1045,51539340,7972554,43285016,39603656,38065232,229049,488997159091,652184802,43039640,5673896,1,0,0,0,0,21141,4730.145215458115,100000,205.45373,114,18927,378,451,100000
45,avg-run,10000,true,uniform,READ,55,11742992,6103249,6062240,606011,5,0,0,0,0,36,1046,51543819,7972554,43417515,39671537,38100951,229053,489501103672,652815738,43039650,5673896,1,0,0,0,0,20752,4818.812644564379,100000,202.0775,119,17487,375,450,100000
46,extend,10000,true,uniform,EXTEND,2,494126186,180703054,177474586,7746155,4601816,7445654,0,0,0,36,1049,51804606,7972554,43422699,39676719,38225649,229081,491212530490,654510088,43289721,5673896,0,0,0,0,1,152481,655.8194135662804,100000,1516.37483,615,21583,1838,2167,100000
46,run,10000,true,uniform,READ,2,499313625,183728774,180480287,7746157,4601827,7445656,0,0,0,36,1049,51804606,7972554,43422699,39676719,38225649,229081,491216146874,654571688,43289876,5673896,1,0,0,0,0,22491,4446.222933617892,100000,219.0993,124,16527,386,461,100000
46,reference,10000,true,uniform,READ,1,13956945,5710253,4658965,10181,12,62,0,0,0,36,1049,51804606,7972554,43422699,39676719,38225649,229081,491216146924,654571689,43289876,5673896,1,0,0,0,0,3900,25641.02564102564,100000,34.41339,22,12263,44,73,100000
46,clean-run,10000,true,uniform,READ,53,5981437,3018609,3007565,300501,18,0,0,0,0,36,1050,51895326,7972554,43422700,39743482,38230321,229103,491735826641,655224817,43290867,5712510,1,0,0,0,0,20154,4961.794184777215,100000,196.06095,112,17199,374,450,100000
46,avg-run,10000,true,uniform,READ,55,11784057,6150140,6109051,610501,22,0,0,0,0,36,1051,51899401,7972554,43556373,39811363,38254999,232165,492249766946,655855752,43290877,5712510,1,0,0,0,0,21460,4659.832246039143,100000,208.75957,123,18879,383,454,100000
47,extend,10000,true,uniform,EXTEND,2,507960556,187488375,184194449,8042939,4701860,7738279,0,0,0,36,1055,52167140,7972554,43557631,39812619,38380879,232193,493990165079,657566914,43545368,5712510,0,0,0,0,1,153006,653.5691410794348,100000,1521.82837,639,22383,1847,2139,100000
47,run,10000,true,uniform,READ,2,513164014,190556327,187242382,8042941,4701871,7738281,0,0,0,36,1055,52176091,7972554,43557631,39812619,38380879,232193,494036529769,657636529,43562214,5714065,1,0,0,0,0,22490,4446.420631391729,100000,218.89258,122,16575,385,460,100000
47,reference,10000,true,uniform,READ,1,14259531,5835057,4760242,10181,12,62,0,0,0,36,1055,52176131,7972554,43557631,39812619,38380879,232193,494036529769,657636529,43562214,5714065,1,0,0,0,0,3633,27525.461051472612,100000,31.54407,22,13847,46,77,100000
47,clean-run,10000,true,uniform,READ,53,5884755,3057989,3047028,304647,1,0,0,0,0,36,1056,52260491,7972554,43557632,39880531,38414647,232223,494562883997,658232992,43563201,5758273,1,0,0,0,0,20445,4891.1714355588165,100000,198.62186,111,16263,374,450,100000
47,avg-run,10000,true,uniform,READ,55,11822106,6190471,6148588,614660,5,0,0,0,0,36,1057,52263718,7972554,43691698,39948416,38434215,235424,495090820666,658930923,43563220,5758273,1,0,0,0,0,21445,4663.091629750525,100000,208.56158,118,18527,385,457,100000
48,extend,10000,true,uniform,EXTEND,2,521870502,194365064,191005681,8343681,4801893,8034980,0,0,0,36,1061,52497076,7972554,43692457,39948416,38557196,235437,496839853377,660577762,43819946,5758273,0,0,0,0,1,153933,649.6332820123041,100000,1531.46475,652,20383,1865,2371,100000
48,run,10000,true,uniform,READ,2,527164612,197473427,194094025,8343683,4801904,8034982,0,0,0,36,1061,52514883,7972554,43692457,39948416,38557196,235437,496935450607,660709699,43851392,5763680,1,0,0,0,0,22298,4484.707148623195,100000,217.04123,132,19487,381,459,100000
48,reference,10000,true,uniform,READ,1,14562117,5959861,4861519,10181,12,62,0,0,0,36,1061,52514926,7972554,43692457,39948416,38557196,235437,496935450607,660709699,43851392,5763680,1,0,0,0,0,3899,25647.601949217747,100000,34.02983,22,11703,43,76,100000
48,clean-run,10000,true,uniform,READ,53,6053530,3099395,3088431,308701,1,0,0,0,0,36,1062,52595890,7972554,43692458,40017524,38592915,235458,497476349693,661381545,43852383,5802979,1,0,0,0,0,22055,4534.119247336205,100000,214.73543,117,21471,390,459,100000
48,avg-run,10000,true,uniform,READ,55,11991024,6232008,6190122,618703,16,2,0,0,0,36,1063,52597786,7972554,43825172,40085410,38612577,238449,498014284792,662079467,43852398,5802979,1,0,0,0,0,21060,4748.338081671415,100000,204.62135,122,19231,379,450,100000
49,extend,10000,true,uniform,EXTEND,2,535921816,201329770,197904930,8648228,4901926,8335466,0,0,0,36,1067,52832111,7972554,43828483,40085410,38740014,238462,499749059291,663660263,44092827,5802979,0,0,0,0,1,154366,647.8110464739644,100000,1535.40677,666,23199,1872,2351,100000
49,run,10000,true,uniform,READ,2,541274956,204479393,201033658,8648230,4901937,8335468,0,0,0,36,1067,52856493,7972554,43828483,40085410,38740014,238462,499915841026,663858603,44142813,5812562,1,0,0,0,0,23361,4280.6386712897565,100000,227.90204,124,16975,388,471,100000
49,reference,10000,true,uniform,READ,1,14864776,6085555,4962810,10181,12,62,0,0,0,36,1067,52856538,7972554,43828483,40085410,38740014,238462,499915841026,663858603,44142813,5812562,1,0,0,0,0,4153,24078.979051288225,100000,36.53123,22,11927,46,79,100000
49,clean-run,10000,true,uniform,READ,53,6089140,3138634,3127670,312762,1,0,0,0,0,36,1069,52932659,7972554,43897820,40155733,38777193,238488,500467589729,664539784,44143851,5857549,1,0,0,0,0,21354,4682.963379226375,100000,207.94915,118,30015,381,456,100000
49,avg-run,10000,true,uniform,READ,55,12312226,6271247,6229361,622764,16,2,0,0,0,36,1070,52938576,7972554,43970488,40228383,38818682,241564,501016102007,665242471,44143922,5857549,1,0,0,0,0,21239,4708.319600734498,100000,206.56617,128,19327,383,454,100000
50,extend,10000,true,uniform,EXTEND,2,549774941,208384532,204894235,8957064,5001959,8640109,0,0,0,36,1073,53224671,7972554,43983156,40241051,38961147,241601,502877908336,666770326,44419846,5857549,0,0,0,0,1,156063,640.7668697897644,100000,1552.13944,612,20399,1904,2237,100000
50,run,10000,true,uniform,READ,2,555230065,211576778,208065585,8957068,5001981,8640113,0,0,0,36,1073,53240942,7972554,43983156,40241051,38961147,241601,502999026416,666991865,44461071,5861462,1,0,0,0,0,23956,4174.319585907497,100000,233.42236,119,21183,398,475,100000
50,reference,10000,true,uniform,READ,1,15167362,6210359,5064087,10181,12,62,0,0,0,36,1073,53240985,7972554,43983156,40241051,38961147,241601,502999026416,666991865,44461071,5861462,1,0,0,0,0,3873,25819.777949909632,100000,33.76957,22,12031,47,77,100000
50,clean-run,10000,true,uniform,READ,53,5986068,3180768,3169807,316949,1,0,0,0,0,36,1075,53338866,7972554,44053783,40312667,39013021,241647,503557249065,667612970,44462100,5903021,1,0,0,0,0,21373,4678.800355588827,100000,207.88022,123,21631,383,456,100000
50,avg-run,10000,true,uniform,READ,55,12209177,6313249,6271366,626962,5,0,0,0,0,36,1076,53344875,7972554,44126450,40385316,39054676,244741,504115824514,668315664,44462185,5903021,1,0,0,0,0,21462,4659.398005777653,100000,209.03135,124,22319,383,455,100000
51,extend,10000,true,uniform,EXTEND,2,564115108,215533448,211976816,9270314,5102014,8949038,0,0,0,36,1079,53659998,7972554,44126476,40385342,39202949,244758,506080181031,670015669,44771519,5903021,0,0,0,0,1,158716,630.0562010131304,100000,1578.46585,689,66751,1868,2251,100000
51,run,10000,true,uniform,READ,2,569457544,218767898,215191247,9270316,5102025,8949040,0,0,0,36,1079,53662877,7972554,44126476,40385342,39202949,244758,506095305719,670106999,44774935,5903021,1,0,0,0,0,24255,4122.8612657184085,100000,236.50094,132,21471,401,475,100000
51,reference,10000,true,uniform,READ,1,15469948,6335163,5165364,10181,12,62,0,0,0,36,1079,53662921,7972554,44126476,40385342,39202949,244758,506095305719,670106999,44774935,5903021,1,0,0,0,0,4006,24962.55616575137,100000,35.48101,20,14599,45,72,100000
51,clean-run,10000,true,uniform,READ,53,6020864,3224564,3213603,321263,1,0,0,0,0,36,1081,53736971,7972554,44198440,40458295,39253505,244773,506664263380,670736739,44775989,5947728,1,0,0,0,0,20943,4774.865110060641,100000,203.60292,121,17135,377,452,100000
51,avg-run,10000,true,uniform,READ,55,12243872,6357046,6315163,631276,5,0,0,0,0,36,1082,53744087,7972554,44271107,40530944,39294310,247676,507232818694,671439431,44776075,5947728,1,0,0,0,0,20473,4884.482000683827,100000,198.93,122,19375,372,448,100000
52,extend,10000,true,uniform,EXTEND,2,578398886,222777131,219155042,9587993,5202047,9262256,0,0,0,36,1085,54064521,7972554,44271107,40530944,39426679,247689,509277035784,673135242,45087312,5947728,0,0,0,0,1,154214,648.4495571089525,100000,1534.16779,670,25727,1875,2333,100000
52,run,10000,true,uniform,READ,2,583805381,226055644,222413536,9587995,5202058,9262258,0,0,0,36,1085,54067146,7972554,44271107,40530944,39426679,247689,509291227807,673258036,45089630,5947728,1,0,0,0,0,23816,4198.857910648304,100000,232.23191,131,20479,387,470,100000
52,reference,10000,true,uniform,READ,1,15772534,6459967,5266641,10181,12,62,0,0,0,36,1085,54067186,7972554,44271107,40530944,39426679,247689,509291227807,673258036,45089630,5947728,1,0,0,0,0,3558,28105.677346824057,100000,30.63638,22,11551,45,73,100000
52,clean-run,10000,true,uniform,READ,53,6053057,3269500,3258539,325724,1,0,0,0,0,36,1087,54145673,7972554,44344512,40605338,39485927,247724,509870823482,673896721,45090692,5992619,1,0,0,0,0,21369,4679.676166409285,100000,208.15966,124,17439,372,451,100000
52,avg-run,10000,true,uniform,READ,55,12276189,6401982,6360099,635737,5,0,0,0,0,36,1088,54152180,7972554,44417179,40677987,39527691,250551,510449380966,674599415,45090778,5992619,1,0,0,0,0,21630,4623.208506703652,100000,210.55563,125,21807,383,467,100000
53,extend,10000,true,uniform,EXTEND,2,592790997,230119351,226431805,9910481,5302080,9580110,0,0,0,36,1091,54433078,7972554,44417179,40677987,39662867,250565,512417564922,676267506,45364968,5992619,0,0,0,0,1,155636,642.524865712303,100000,1548.28663,666,20895,1882,2219,100000
53,run,10000,true,uniform,READ,2,598257303,233444419,229735978,9910483,5302091,9580112,0,0,0,36,1091,54447431,7972554,44417179,40677987,39662867,250565,512495007166,676464318,45388207,5995980,1,0,0,0,0,23683,4222.438035721826,100000,230.7802,137,21183,387,477,100000
53,reference,10000,true,uniform,READ,1,16075193,6585661,5367932,10181,12,62,0,0,0,36,1091,54447471,7972554,44417179,40677987,39662867,250565,512495007166,676464318,45388207,5995980,1,0,0,0,0,3623,27601.43527463428,100000,31.33115,22,11767,41,72,100000
53,clean-run,10000,true,uniform,READ,53,6082139,3314172,3303211,330358,1,0,0,0,0,36,1093,54540692,7972554,44492077,40753874,39722199,250579,513085577188,677112275,45389323,6036099,1,0,0,0,0,21676,4613.397305775973,100000,210.95974,125,18447,377,458,100000
53,avg-run,10000,true,uniform,READ,55,12219483,6446654,6404771,640371,5,0,0,0,0,36,1094,54551908,7972554,44568315,40830094,39762390,253304,513674310819,677818538,45389403,6036099,1,0,0,0,0,21879,4570.592805886923,100000,213.00906,125,19391,391,468,100000
54,extend,10000,true,uniform,EXTEND,2,607321451,237564847,233810967,10238025,5402124,9902824,0,0,0,36,1097,54874692,7972554,44574459,40836238,39928481,253375,515754479591,679613150,45706990,6036099,0,0,0,0,1,160101,624.6057176407393,100000,1592.53776,611,22719,1930,2251,100000
54,run,10000,true,uniform,READ,2,612687665,240938212,237164313,10238027,5402135,9902826,0,0,0,36,1097,54874692,7972554,44574459,40836238,39928481,253375,515758299787,679678202,45707159,6036099,1,0,0,0,0,24088,4151.444702756559,100000,234.75008,139,19823,396,483,100000
54,reference,10000,true,uniform,READ,1,16377779,6710465,5469209,10181,12,62,0,0,0,36,1097,54874692,7972554,44574459,40836238,39928481,253375,515758299837,679678203,45707159,6036099,1,0,0,0,0,4194,23843.58607534573,100000,37.08552,23,13631,48,77,100000
54,clean-run,10000,true,uniform,READ,53,6261093,3363500,3352536,335201,1,0,0,0,0,36,1099,54980029,7972554,44650944,40913709,39933571,253396,516363454064,680411407,45708198,6077676,1,0,0,0,0,21284,4698.364968990792,100000,207.41061,130,18079,382,463,100000
54,avg-run,10000,true,uniform,READ,55,12398545,6496113,6454227,645203,16,2,0,0,0,36,1100,54992986,7972554,44727183,40989930,39973767,256010,516962179984,681117662,45708275,6077676,1,0,0,0,0,22468,4450.774434751646,100000,219.13692,136,18223,393,467,100000
55,extend,10000,true,uniform,EXTEND,2,621811516,245118558,241299220,10570954,5502168,10230619,0,0,0,36,1103,55311255,7972554,44727183,40989930,40143407,256030,519031969943,682878955,46017479,6077676,0,0,0,0,1,160640,622.5099601593625,100000,1597.95169,705,24207,1928,2361,100000
55,run,10000,true,uniform,READ,2,627303690,248544938,244704705,10570956,5502179,10230621,0,0,0,36,1103,55311255,7972554,44727183,40989930,40143407,256030,519041151130,683016140,46018175,6077676,1,0,0,0,0,25342,3946.018467366427,100000,247.26786,133,18415,407,490,100000
55,reference,10000,true,uniform,READ,1,16680365,6835269,5570486,10181,12,62,0,0,0,36,1103,55311255,7972554,44727183,40989930,40143407,256030,519041151180,683016141,46018175,6077676,1,0,0,0,0,3668,27262.813522355507,100000,32.15429,22,12391,41,87,100000
55,clean-run,10000,true,uniform,READ,53,6291249,3414973,3404009,340335,1,0,0,0,0,36,1105,55401244,7972554,44805333,41069066,40147496,256048,519657323541,683761356,46019250,6122280,1,0,0,0,0,21236,4708.984742889433,100000,206.62437,127,20447,371,460,100000
55,avg-run,10000,true,uniform,READ,55,12277392,6546526,6505517,650335,5,0,0,0,0,36,1106,55415657,7972554,44881571,41145286,40187149,258692,520261552169,684392293,46019311,6122280,1,0,0,0,0,22063,4532.475184698364,100000,214.6079,132,23647,378,464,100000
56,extend,10000,true,uniform,EXTEND,2,636099944,252787514,248902719,10909346,5602201,10563585,0,0,0,36,1109,55749359,7972554,44891107,41154822,40354559,258780,522309870530,686121524,46311279,6122280,0,0,0,0,1,157576,634.6144082855258,100000,1567.7379,618,25023,1900,2241,100000
56,run,10000,true,uniform,READ,2,641616605,256267340,252361650,10909348,5602212,10563587,0,0,0,36,1110,55758904,7972554,44891108,41154823,40354559,258780,522357901768,686341628,46328907,6125641,1,0,0,0,0,24841,4025.602834024395,100000,242.47993,139,24015,401,481,100000
56,reference,10000,true,uniform,READ,1,16983024,6960963,5671777,10181,12,62,0,0,0,36,1110,55760524,7972554,44891108,41154823,40354559,258780,522357901768,686341628,46328907,6125641,1,0,0,0,0,3986,25087.80732563974,100000,34.95692,23,12039,44,79,100000
56,clean-run,10000,true,uniform,READ,53,6165902,3469532,3458571,345748,1,0,0,0,0,36,1112,55857447,7972554,44971020,41235724,40388785,258805,522980267330,687020512,46329983,6169323,1,0,0,0,0,22355,4473.272198613286,100000,217.77239,130,23871,389,471,100000
56,avg-run,10000,true,uniform,READ,55,12303243,6602013,6560130,655761,5,0,0,0,0,36,1113,55873145,7972554,45047258,41311944,40429107,261245,523598982018,687726774,46330048,6169323,1,0,0,0,0,21920,4562.043795620438,100000,213.30038,131,19887,389,465,100000
57,extend,10000,true,uniform,EXTEND,2,650811358,260576406,256625277,11253165,5702245,10901863,0,0,0,36,1117,56205415,7972554,45047443,41312129,40593907,261272,525735395951,689587891,46669612,6169323,0,0,0,0,1,160826,621.7900090781342,100000,1600.4012,709,21599,1950,2385,100000
57,run,10000,true,uniform,READ,2,656216942,264110347,260139199,11253167,5702256,10901865,0,0,0,36,1117,56216675,7972554,45047443,41312129,40593907,261272,525787896735,689664908,46688780,6170302,1,0,0,0,0,25288,3954.4447959506483,100000,246.66009,125,18143,401,485,100000
57,reference,10000,true,uniform,READ,1,17285610,7085767,5773054,10181,12,62,0,0,0,36,1117,56216714,7972554,45047443,41312129,40593907,261272,525787896735,689664908,46688780,6170302,1,0,0,0,0,3544,28216.70428893905,100000,30.59836,22,13095,46,77,100000
57,clean-run,10000,true,uniform,READ,53,6347253,3525430,3514466,351302,1,0,0,0,0,36,1119,56318314,7972554,45129168,41394840,40630142,261310,526425421500,690435624,46689806,6216539,1,0,0,0,0,21797,4587.7873101803,100000,212.05565,129,24383,375,456,100000
57,avg-run,10000,true,uniform,READ,55,12484705,6658043,6616157,661304,16,2,0,0,0,36,1120,56336877,7972554,45205407,41471061,40669472,263505,527054115950,691141880,46689862,6216539,1,0,0,0,0,21512,4648.568240981777,100000,209.41987,139,21775,375,454,100000
58,extend,10000,true,uniform,EXTEND,2,665489187,268487165,264470578,11602721,5802289,11245866,0,0,0,36,1124,56684501,7972554,45205407,41471061,40823637,263531,529312411425,692955655,47035448,6216539,0,0,0,0,1,161625,618.7161639597834,100000,1607.54675,687,90687,1929,2461,100000
58,run,10000,true,uniform,READ,2,671038589,272078246,268040764,11602723,5802300,11245868,0,0,0,36,1124,56700141,7972554,45205407,41471061,40823637,263531,529383519303,693111574,47059630,6218402,1,0,0,0,0,23930,4178.8549937317175,100000,233.38042,132,23295,393,476,100000
58,reference,10000,true,uniform,READ,1,17588196,7210571,5874331,10181,12,62,0,0,0,36,1124,56700183,7972554,45205407,41471061,40823637,263531,529383519303,693111574,47059630,6218402,1,0,0,0,0,3863,25886.61661920787,100000,33.80032,22,12287,47,79,100000
58,clean-run,10000,true,uniform,READ,53,6375526,3580290,3569326,356855,1,0,0,0,0,36,1126,56802292,7972554,45288967,41555607,40871553,263560,530032311090,693895288,47060720,6264641,1,0,0,0,0,22411,4462.094507161662,100000,218.66443,130,18367,384,469,100000
58,avg-run,10000,true,uniform,READ,55,12512978,6712903,6671017,666857,16,2,0,0,0,36,1127,56821762,7972554,45365206,41631828,40910877,265847,530670989137,694601544,47060773,6264641,1,0,0,0,0,22245,4495.392222971454,100000,216.56161,142,17535,385,464,100000
59,extend,10000,true,uniform,EXTEND,2,680363071,276522486,272439565,11958066,5902333,11595600,0,0,0,36,1131,57196640,7972554,45368880,41635502,41074225,265893,533021094082,696502139,47438100,6264641,0,0,0,0,1,165252,605.1363977440515,100000,1644.26986,604,27135,2105,2443,100000
59,run,10000,true,uniform,READ,2,685815720,280168175,276065235,11958068,5902344,11595602,0,0,0,36,1131,57198365,7972554,45368880,41635502,41074225,265893,533030658277,696573161,47440272,6264641,1,0,0,0,0,21618,4625.774817281895,100000,210.5256,116,22943,380,472,100000
59,reference,10000,true,uniform,READ,1,17890855,7336265,5975622,10181,12,62,0,0,0,36,1131,57198411,7972554,45368880,41635502,41074225,265893,533030658277,696573161,47440272,6264641,1,0,0,0,0,4200,23809.52380952381,100000,37.15147,22,13671,48,98,100000
59,clean-run,10000,true,uniform,READ,53,6391831,3635942,3624978,362466,1,0,0,0,0,36,1133,57300585,7972554,45454266,41721874,41119352,265914,533690732478,697369983,47441429,6316177,1,0,0,0,0,19343,5169.828878664116,100000,187.84343,116,44639,366,447,100000
59,avg-run,10000,true,uniform,READ,55,12141514,7767495,7726486,772466,5,0,0,0,0,36,1134,57330092,7972554,45555789,41823379,41155706,268921,534348260378,698201199,47441474,6316177,1,0,0,0,0,23298,4292.213923941969,100000,226.97495,132,17327,394,478,100000
60,extend,10000,true,uniform,EXTEND,2,695193333,284677991,280529612,12318508,6002377,11950484,0,0,0,36,1138,57740018,7972554,45555792,41823382,41309791,268949,536739690207,700168460,47824579,6316177,0,0,0,0,1,159405,627.3328942003074,100000,1585.62993,660,50271,1967,2515,100000
60,run,10000,true,uniform,READ,2,700773517,288379160,284210762,12318510,6002388,11950486,0,0,0,36,1138,57748574,7972554,45555792,41823382,41309791,268949,536778236097,700306985,47836246,6316702,1,0,0,0,0,22183,4507.956543298923,100000,216.36896,120,18351,388,477,100000
60,reference,10000,true,uniform,READ,1,18193441,7461069,6076899,10181,12,62,0,0,0,36,1138,57748612,7972554,45555792,41823382,41309791,268949,536778236147,700306986,47836246,6316702,1,0,0,0,0,3463,28876.696505919725,100000,30.07773,22,11983,39,73,100000
60,clean-run,10000,true,uniform,READ,53,6239651,3692626,3681665,368011,1,0,0,0,0,36,1140,57838210,7972554,45642986,41911565,41359296,268959,537443324439,701030624,47837284,6366284,1,0,0,0,0,18944,5278.716216216216,100000,183.89323,113,19455,363,444,100000
60,avg-run,10000,true,uniform,READ,55,12190543,7825108,7783225,778024,5,0,0,0,0,36,1141,57869072,7972554,45744511,42013072,41395518,271919,538116815406,701962168,47837339,6366284,1,0,0,0,0,22675,4410.143329658214,100000,221.08778,133,18687,389,469,100000
61,extend,10000,true,uniform,EXTEND,2,710188968,292955574,288741738,12684683,6102410,12311296,0,0,0,36,1145,58257460,7972554,45744511,42013072,41542494,271944,540436769320,703778701,48176680,6366284,0,0,0,0,1,158971,629.0455491882167,100000,1581.31857,649,24895,1972,2323,100000
61,run,10000,true,uniform,READ,2,715904102,296711407,292476675,12684687,6102432,12311300,0,0,0,36,1145,58275269,7972554,45744511,42013072,41542494,271944,540540380413,704008092,48210598,6370870,1,0,0,0,0,23868,4189.710072063013,100000,232.70846,125,24735,408,482,100000
61,reference,10000,true,uniform,READ,1,18496100,7586763,6178190,10181,12,62,0,0,0,36,1145,58275314,7972554,45744511,42013072,41542494,271944,540540380413,704008092,48210598,6370870,1,0,0,0,0,4052,24679.170779861797,100000,35.86208,23,12535,45,74,100000
61,clean-run,10000,true,uniform,READ,53,6431125,3745278,3734314,373387,1,0,0,0,0,36,1147,58391615,7972554,45833479,42103026,41600647,271953,541221773984,704830561,48211699,6420960,1,0,0,0,0,20675,4836.759371221282,100000,200.91343,117,53023,387,461,100000
61,avg-run,10000,true,uniform,READ,55,12382122,7877890,7836004,783389,16,2,0,0,0,36,1148,58424737,7972554,45935005,42204534,41637705,274664,541905252361,705762096,48211752,6420960,1,0,0,0,0,24435,4092.4902803355844,100000,238.52745,146,19007,413,484,100000
62,extend,10000,true,uniform,EXTEND,2,725422445,301351864,297071693,13056081,6202465,12677492,0,0,0,36,1152,58835890,7972554,45935278,42204807,41787670,274697,544339857219,707702070,48589644,6420960,0,0,0,0,1,160136,624.4692011789979,100000,1593.2771,652,27423,1983,2373,100000
62,run,10000,true,uniform,READ,2,731058118,305159304,300859114,13056083,6202476,12677494,0,0,0,36,1152,58837277,7972554,45935279,42204807,41816132,274702,544349160916,707826724,48590677,6420960,1,0,0,0,0,22451,4454.144581533116,100000,218.63459,118,20687,397,481,100000
62,reference,10000,true,uniform,READ,1,18798686,7711567,6279467,10181,12,62,0,0,0,36,1152,58837277,7972554,45935279,42204807,41816132,274702,544349160916,707826724,48590677,6420960,1,0,0,0,0,3742,26723.67717797969,100000,32.66372,22,11703,42,92,100000
62,clean-run,10000,true,uniform,READ,53,6430337,3797331,3786367,378589,1,0,0,0,0,36,1154,58946248,7972554,46025889,42296403,41820653,274731,545041516916,708661488,48591803,6471904,1,0,0,0,0,20637,4845.665552163589,100000,201.05341,118,72319,387,458,100000
62,avg-run,10000,true,uniform,READ,55,12180020,7928884,7887875,788589,5,0,0,0,0,36,1155,58980744,7972554,46127414,42397910,41857235,277247,545729022063,709492704,48591847,6471904,1,0,0,0,0,23506,4254.232961796988,100000,229.14444,138,18527,404,481,100000
63,extend,10000,true,uniform,EXTEND,2,740597612,309860445,305514817,13432161,6302498,13048456,0,0,0,36,1159,59370926,7972554,46127415,42397911,42001946,277276,548091296274,711462747,48930716,6471904,0,0,0,0,1,161856,617.8331356267299,100000,1610.73032,696,20607,1971,2323,100000
63,run,10000,true,uniform,READ,2,746381936,313719771,309353247,13432165,6302520,13048460,0,0,0,36,1159,59382068,7972554,46127415,42397911,42032953,277293,548173551413,711692962,48957405,6475983,1,0,0,0,0,21943,4557.261996992207,100000,213.69533,124,21471,388,473,100000
63,reference,10000,true,uniform,READ,1,19101345,7837261,6380758,10181,12,62,0,0,0,36,1159,59382068,7972554,46127415,42397911,42032953,277293,548173551413,711692962,48957405,6475983,1,0,0,0,0,3411,29316.91586045148,100000,29.37869,22,13015,39,73,100000
63,clean-run,10000,true,uniform,READ,53,6443563,3848558,3837594,383712,1,0,0,0,0,36,1161,59504898,7972554,46219646,42491127,42038206,277299,548877058097,712540009,48958585,6527999,1,0,0,0,0,20609,4852.249017419574,100000,200.50934,122,41151,378,465,100000
63,avg-run,10000,true,uniform,READ,55,12193249,7980112,7939103,793712,5,0,0,0,0,36,1162,59540890,7972554,46321171,42592634,42074397,279471,549574540258,713371226,48958629,6527999,1,0,0,0,0,23647,4228.866240960799,100000,230.58939,139,21999,398,481,100000
64,extend,10000,true,uniform,EXTEND,2,756005524,318482849,314070886,13813576,6402553,13424813,0,0,0,36,1167,59971264,7972554,46324858,42596321,42241026,279518,552163025707,715449722,49368227,6527999,0,0,0,0,1,162094,616.9259812207731,100000,1612.69515,570,198783,1969,2577,100000
64,run,10000,true,uniform,READ,2,761679634,322391762,317959780,13813578,6402564,13424815,0,0,0,36,1167,59986589,7972554,46324858,42596321,42241026,279518,552226874475,715580875,49391451,6529801,1,0,0,0,0,21659,4617.0183295627685,100000,210.96428,122,18991,385,477,100000
64,reference,10000,true,uniform,READ,1,19403931,7962065,6482035,10181,12,62,0,0,0,36,1167,59986632,7972554,46324858,42596321,42241026,279518,552226874475,715580875,49391451,6529801,1,0,0,0,0,3873,25819.777949909632,100000,34.28588,22,13151,43,80,100000
64,clean-run,10000,true,uniform,READ,53,6431825,3899664,3888700,388763,1,0,0,0,0,36,1169,60103416,7972554,46418647,42691096,42280899,279559,552940394382,716440156,49392511,6580961,1,0,0,0,0,20250,4938.271604938272,100000,196.98098,121,48287,376,464,100000
64,avg-run,10000,true,uniform,READ,55,12181508,8031217,7990208,798763,5,0,0,0,0,36,1170,60139888,7972554,46520172,42792603,42316696,281804,553647876105,717271372,49392555,6580961,1,0,0,0,0,24321,4111.6730397598785,100000,237.52798,144,18479,406,487,100000
65,extend,10000,true,uniform,EXTEND,2,771338611,327215272,322737852,14199977,6502586,13806285,0,0,0,36,1174,60540021,7972554,46520173,42792604,42488774,281834,556074036413,719278913,49738478,6580961,0,0,0,0,1,160336,623.6902504740046,100000,1595.7752,620,20975,1964,2309,100000
65,run,10000,true,uniform,READ,2,777205311,331174068,326675752,14199981,6502608,13806289,0,0,0,36,1175,60583136,7972554,46520173,42792604,42488774,281834,556325656664,719511506,49820472,6601851,1,0,0,0,0,24268,4120.6527113894845,100000,236.68079,125,20655,406,481,100000
65,reference,10000,true,uniform,READ,1,19706590,8087759,6583326,10181,12,62,0,0,0,36,1175,60583176,7972554,46520173,42792604,42488774,281834,556325656664,719511506,49820472,6601851,1,0,0,0,0,3694,27070.92582566324,100000,32.33117,22,12335,41,74,100000
65,clean-run,10000,true,uniform,READ,53,6433158,3949083,3938119,393692,1,0,0,0,0,36,1177,60671339,7972554,46615448,42888865,42522580,281848,557049872674,720382853,49821519,6654290,1,0,0,0,0,21213,4714.090416254184,100000,206.29678,124,55167,385,459,100000
65,avg-run,10000,true,uniform,READ,55,12182841,8080636,8039627,803692,5,0,0,0,0,36,1178,60708301,7972554,46716973,42990372,42560042,284024,557767354381,721214069,49821563,6654290,1,0,0,0,0,21002,4761.4512903533,100000,204.1594,121,21951,386,457,100000
66,extend,10000,true,uniform,EXTEND,2,786947416,336054893,331511138,14591028,6602641,14192399,0,0,0,36,1183,61182596,7972554,46719090,42992489,42723061,284072,560548660738,723329160,50279252,6654290,0,0,0,0,1,165806,603.1144831911994,100000,1649.59476,563,73215,2017,2983,100000
66,run,10000,true,uniform,READ,2,792681830,340062512,335498738,14591030,6602652,14192401,0,0,0,36,1183,61194037,7972554,46719090,42992489,42723061,284072,560597002714,723463479,50294370,6655684,1,0,0,0,0,24549,4073.485681697829,100000,239.70892,124,19471,411,487,100000
66,reference,10000,true,uniform,READ,1,20009176,8212563,6684603,10181,12,62,0,0,0,36,1183,61194078,7972554,46719090,42992489,42723061,284072,560597021442,723463488,50294373,6655684,1,0,0,0,0,3701,27019.724398811133,100000,32.57543,22,12719,42,69,100000
66,clean-run,10000,true,uniform,READ,53,6222677,3997065,3986104,398616,1,0,0,0,0,36,1185,61303317,7972554,46815744,43090132,42771264,284104,561326275768,724251291,50295403,6706751,1,0,0,0,0,22390,4466.279589102278,100000,218.45088,125,23375,401,471,100000
66,avg-run,10000,true,uniform,READ,55,12173569,8129547,8087664,808629,5,0,0,0,0,36,1186,61341328,7972554,46917269,43191639,42808777,286033,562059711506,725182835,50295457,6706751,1,0,0,0,0,20480,4882.8125,100000,199.1432,124,20207,390,472,100000
67,extend,10000,true,uniform,EXTEND,2,802002857,345002462,340393250,14986713,6702674,14583292,0,0,0,36,1191,61773328,7972554,46938583,43212953,42978308,286114,564516088900,727055532,50663254,6706751,0,0,0,0,1,161976,617.3754136415272,100000,1611.82007,553,25551,1993,2415,100000
67,run,10000,true,uniform,READ,2,808015715,349059076,344428968,14986717,6702696,14583296,0,0,0,36,1191,61793152,7972554,46938584,43212954,42978308,286114,564699962917,727317321,50734602,6717281,1,0,0,0,0,24854,4023.4972237869156,100000,242.46604,131,21295,409,496,100000
67,reference,10000,true,uniform,READ,1,20311835,8338257,6785894,10181,12,62,0,0,0,36,1191,61793192,7972554,46938584,43212954,42978308,286114,564699962917,727317321,50734602,6717281,1,0,0,0,0,3692,27085.590465872156,100000,32.33857,22,12167,41,73,100000
67,clean-run,10000,true,uniform,READ,53,6199652,4045522,4034561,403408,1,0,0,0,0,36,1193,61912004,7972554,47036512,43311871,43021796,286132,565440389036,728115421,50735704,6770056,1,0,0,0,0,21434,4665.484743864888,100000,209.0065,128,19135,383,465,100000
67,avg-run,10000,true,uniform,READ,55,12150541,8178003,8136120,813421,5,0,0,0,0,36,1194,61950450,7972554,47138037,43413378,43058169,287840,566183817209,729046963,50735758,6770056,1,0,0,0,0,20389,4904.6054244935995,100000,198.57437,126,19071,384,465,100000
68,extend,10000,true,uniform,EXTEND,2,817800419,354055975,349380428,15387001,6802729,14978835,0,0,0,36,1199,62373953,7972554,47138037,43413378,43229334,287868,568658788452,731065066,51115746,6770056,0,0,0,0,1,166905,599.1432251879812,100000,1660.54301,628,27407,2004,2423,100000
68,run,10000,true,uniform,READ,2,823556068,358160846,353464404,15387003,6802740,14978837,0,0,0,36,1199,62395688,7972554,47138037,43413378,43229334,287868,568775150275,731246460,51156299,6774767,1,0,0,0,0,24141,4142.330475125305,100000,235.41132,130,19951,404,485,100000
68,reference,10000,true,uniform,READ,1,20614421,8463061,6887171,10181,12,62,0,0,0,36,1199,62395731,7972554,47138037,43413378,43229334,287868,568775150325,731246461,51156299,6774767,1,0,0,0,0,3841,26034.886748242647,100000,33.67866,22,11335,42,75,100000
68,clean-run,10000,true,uniform,READ,53,6174580,4093581,4082620,408153,1,0,0,0,0,36,1201,62514547,7972554,47237112,43513442,43270456,287900,569526233982,732054588,51157399,6828830,1,0,0,0,0,21973,4551.039912620034,100000,214.34413,120,20815,395,476,100000
68,avg-run,10000,true,uniform,READ,55,12125472,8226063,8184180,818166,5,0,0,0,0,36,1202,62553452,7972554,47338637,43614949,43306985,289635,570279657934,732986131,51157453,6828830,1,0,0,0,0,20181,4955.155839651157,100000,196.15685,125,24191,379,459,100000
69,extend,10000,true,uniform,EXTEND,2,833370672,363215143,358473262,15792216,6902773,15379406,0,0,0,36,1207,63028543,7972554,47338663,43614975,43473403,289667,572955469124,735067849,51598016,6828830,0,0,0,0,1,165584,603.9230843559765,100000,1647.93849,647,22543,2023,2545,100000
69,run,10000,true,uniform,READ,2,839017950,367364614,362602714,15792218,6902784,15379408,0,0,0,36,1207,63034010,7972554,47338663,43614975,43473403,289667,572981804032,735167064,51606105,6828830,1,0,0,0,0,25726,3887.118090647594,100000,251.22832,128,19903,417,496,100000
69,reference,10000,true,uniform,READ,1,20917080,8588755,6988462,10181,12,62,0,0,0,36,1207,63034052,7972554,47338663,43614975,43473403,289667,572981804032,735167064,51606105,6828830,1,0,0,0,0,3865,25873.2212160414,100000,33.93626,22,10831,46,72,100000
69,clean-run,10000,true,uniform,READ,53,6126960,4139945,4128984,412797,1,0,0,0,0,36,1209,63153818,7972554,47438599,43715900,43520489,289690,573743874889,735984850,51607255,6883906,1,0,0,0,0,21750,4597.701149425287,100000,211.84822,126,18767,385,473,100000
69,avg-run,10000,true,uniform,READ,55,12077852,8272427,8230544,822810,5,0,0,0,0,36,1210,63193044,7972554,47540124,43817407,43556526,291298,574507295518,736916394,51607309,6883906,1,0,0,0,0,20462,4887.107809598279,100000,199.12405,123,20031,381,457,100000
70,extend,10000,true,uniform,EXTEND,2,848851639,372474173,367666835,16201682,7002806,15784228,0,0,0,36,1215,63611051,7972554,47540124,43817407,43720393,291330,577074008111,738938267,51993708,6883906,0,0,0,0,1,166659,600.0276012696584,100000,1658.74583,700,25519,2034,2433,100000
70,run,10000,true,uniform,READ,2,854651342,376670747,371842514,16201684,7002817,15784230,0,0,0,36,1215,63632798,7972554,47540124,43817407,43720393,291330,577184503171,739150729,52033180,6889969,1,0,0,0,0,25944,3854.45575084798,100000,253.32665,135,24303,414,506,100000
70,reference,10000,true,uniform,READ,1,21219739,8714449,7089753,10181,12,62,0,0,0,36,1215,63632843,7972554,47540124,43817407,43720393,291330,577184503171,739150729,52033180,6889969,1,0,0,0,0,4048,24703.557312252964,100000,36.02987,21,12591,47,94,100000
70,clean-run,10000,true,uniform,READ,53,6093500,4187091,4176130,417441,1,0,0,0,0,36,1217,63769040,7972554,47640714,43918986,43771755,291347,577958195028,739977982,52034471,6943778,1,0,0,0,0,21948,4556.22380171314,100000,213.84911,124,18879,390,474,100000
70,avg-run,10000,true,uniform,READ,55,12044392,8319573,8277690,827454,5,0,0,0,0,36,1218,63807992,7972554,47742239,44020493,43808521,292657,578731591610,740909523,52034515,6943778,1,0,0,0,0,20611,4851.778176701761,100000,200.41427,126,21855,384,464,100000
71,extend,10000,true,uniform,EXTEND,2,864592292,381835735,376962063,16616184,7102850,16193976,0,0,0,36,1223,64295726,7972554,47742272,44020526,43992228,292700,581535632654,742978795,52482673,6943778,0,0,0,0,1,169284,590.7232815859738,100000,1685.04787,590,59167,2051,2827,100000
71,run,10000,true,uniform,READ,2,870433129,386079636,381185069,16616186,7102861,16193978,0,0,0,36,1223,64295726,7972554,47742272,44020526,43992228,292700,581577830546,743155090,52495871,6945448,1,0,0,0,0,25538,3915.7334168689795,100000,249.54313,142,18111,413,491,100000
71,reference,10000,true,uniform,READ,1,21522398,8840143,7191044,10181,12,62,0,0,0,36,1223,64295726,7972554,47742272,44020526,43992228,292700,581577830546,743155090,52495871,6945448,1,0,0,0,0,3813,26226.068712300028,100000,33.6257,22,12391,46,72,100000
71,clean-run,10000,true,uniform,READ,53,6074826,4233814,4222853,422195,1,0,0,0,0,36,1225,64422531,7972554,47843343,44122586,43996880,292710,582361428500,743991930,52497058,6999952,1,0,0,0,0,22052,4534.73607836024,100000,214.81141,133,22591,387,477,100000
71,avg-run,10000,true,uniform,READ,55,12025715,8366295,8324412,832208,5,0,0,0,0,36,1226,64461316,7972554,47944868,44224093,44034031,293873,583144823041,744923473,52497101,6999952,1,0,0,0,0,21109,4737.315836846843,100000,205.65095,126,24255,388,469,100000
72,extend,10000,true,uniform,EXTEND,2,880422414,391303355,386363349,17035691,7202894,16608704,0,0,0,36,1231,64939047,7972554,47944946,44224171,44196748,293908,585913857011,747046015,52936139,6999952,0,0,0,0,1,170956,584.9458340157702,100000,1701.03634,714,23887,2065,2523,100000
72,run,10000,true,uniform,READ,2,886237654,395594775,390634750,17035693,7202905,16608706,0,0,0,36,1231,64940189,7972554,47944946,44224171,44222246,293916,585932697968,747188238,52940620,6999952,1,0,0,0,0,25411,3935.303608673409,100000,248.2573,141,19183,415,496,100000
72,reference,10000,true,uniform,READ,1,21824984,8964947,7292321,10181,12,62,0,0,0,36,1231,64940189,7972554,47944946,44224171,44222246,293916,585932697968,747188238,52940620,6999952,1,0,0,0,0,3761,26588.67322520606,100000,32.86509,22,10751,46,77,100000
72,clean-run,10000,true,uniform,READ,53,6083272,4283182,4272141,426974,18,0,0,0,0,36,1233,65068920,7972554,48046309,44326522,44227056,293932,586728324204,748034697,52942002,7055747,1,0,0,0,0,23777,4205.745047735206,100000,232.08468,127,24527,407,485,100000
72,avg-run,10000,true,uniform,READ,55,12022362,8415714,8373751,836987,22,0,0,0,0,36,1234,65108403,7972554,48147833,44428028,44266901,295079,587521357496,748960303,52942045,7055747,1,0,0,0,0,22521,4440.300164291106,100000,219.44755,125,21903,406,481,100000
73,extend,10000,true,uniform,EXTEND,2,896240687,400876815,395870475,17459642,7302938,17027765,0,0,0,36,1239,65567002,7972554,48149104,44429299,44431412,295107,590242075077,751128137,53370285,7055747,0,0,0,0,1,168154,594.6929600247393,100000,1673.32735,601,28847,2053,2445,100000
73,run,10000,true,uniform,READ,2,902002266,405217172,400190813,17459644,7302949,17027767,0,0,0,36,1239,65568825,7972554,48149104,44429299,44431412,295107,590252326773,751237431,53372176,7055747,1,0,0,0,0,25161,3974.404832876277,100000,246.0463,142,22143,408,489,100000
73,reference,10000,true,uniform,READ,1,22127643,9090641,7393612,10181,12,62,0,0,0,36,1239,65568864,7972554,48149104,44429299,44431412,295107,590252326773,751237431,53372176,7055747,1,0,0,0,0,3422,29222.676797194625,100000,29.63939,22,12039,39,76,100000
73,clean-run,10000,true,uniform,READ,53,6108489,4330126,4319165,431864,1,0,0,0,0,36,1241,65706878,7972554,48250664,44531848,44488516,295131,591057122775,752093681,53373350,7112564,1,0,0,0,0,24447,4090.481449666626,100000,238.91742,137,19007,410,491,100000
73,avg-run,10000,true,uniform,READ,55,12059381,8462608,8420725,841877,5,0,0,0,0,36,1242,65746408,7972554,48352189,44633355,44528519,296216,591860499067,753025224,53373389,7112564,1,0,0,0,0,21012,4759.185227489053,100000,204.6479,126,23007,390,470,100000
74,extend,10000,true,uniform,EXTEND,2,911578841,410556339,405484542,17888819,7402971,17452065,0,0,0,36,1247,66208689,7972554,48360651,44641817,44688725,296270,594510146099,754996004,53780144,7112564,0,0,0,0,1,172280,580.4504295333179,100000,1715.04643,559,46399,2037,2677,100000
74,run,10000,true,uniform,READ,2,917714059,414946628,409853935,17888823,7402993,17452069,0,0,0,36,1247,66209760,7972554,48360651,44641817,44717611,296278,594626195834,755299441,53827932,7112564,1,0,0,0,0,25673,3895.1427569820435,100000,251.05017,154,18991,416,503,100000
74,reference,10000,true,uniform,READ,1,22430302,9216335,7494903,10181,12,62,0,0,0,36,1247,66209760,7972554,48360651,44641817,44717611,296278,594626195884,755299442,53827932,7112564,1,0,0,0,0,3842,26028.110359187922,100000,33.61558,22,11383,47,78,100000
74,clean-run,10000,true,uniform,READ,53,6347887,4378493,4367529,436754,1,0,0,0,0,36,1249,66369117,7972554,48462379,44744531,44724228,296302,595446804074,756265986,53828997,7172156,1,0,0,0,0,23854,4192.169028255219,100000,232.76063,133,68095,405,494,100000
74,avg-run,10000,true,uniform,READ,55,12298887,8511106,8469220,846756,16,2,0,0,0,36,1250,66404440,7972554,48560824,44846039,44777733,300164,596260185994,757197523,53829031,7172156,1,0,0,0,0,21654,4618.084418583172,100000,210.95291,130,20735,401,468,100000
75,extend,10000,true,uniform,EXTEND,2,927287757,420346670,415207662,18322968,7503026,17881215,0,0,0,36,1255,66903179,7972554,48577383,44859517,44898066,300299,598913202116,759188950,54241375,7172156,0,0,0,0,1,168092,594.912309925517,100000,1672.61117,572,26831,2041,2405,100000
75,run,10000,true,uniform,READ,2,933122825,424785551,419626524,18322970,7503037,17881217,0,0,0,36,1255,66919877,7972554,48577383,44859517,44927977,300318,598998556626,759460573,54280925,7176098,1,0,0,0,0,27702,3609.847664428561,100000,270.84921,155,21455,427,508,100000
75,reference,10000,true,uniform,READ,1,22732961,9342029,7596194,10181,12,62,0,0,0,36,1255,66919877,7972554,48577383,44859517,44927977,300318,598998556676,759460574,54280925,7176098,1,0,0,0,0,3643,27449.90392533626,100000,31.69366,22,11391,46,78,100000
75,clean-run,10000,true,uniform,READ,53,6198801,4428339,4417378,441740,1,0,0,0,0,36,1257,67077509,7972554,48679295,44962418,44934419,300324,599823760281,760336598,54281969,7233660,1,0,0,0,0,25072,3988.51308232291,100000,245.25826,141,18559,414,484,100000
75,avg-run,10000,true,uniform,READ,55,12144211,8560856,8518973,851753,5,0,0,0,0,36,1258,67114148,7972554,48778200,45063924,44989955,304149,600646971638,761265384,54282003,7233660,1,0,0,0,0,22254,4493.574188909859,100000,216.64394,137,21295,397,495,100000
76,extend,10000,true,uniform,EXTEND,2,943186378,430244467,425040002,18762403,7603059,18315523,0,0,0,36,1263,67540586,7972554,48780819,45063924,45118019,304172,603214089700,763360589,54665246,7233660,0,0,0,0,1,171372,583.5258968793036,100000,1704.90796,644,29071,2063,2493,100000
76,run,10000,true,uniform,READ,2,949175903,434735633,429510272,18762407,7603081,18315527,0,0,0,36,1263,67556062,7972554,48780819,45063924,45118019,304172,603321109133,763612090,54705755,7237488,1,0,0,0,0,26723,3742.0948246828575,100000,261.24097,143,22639,424,497,100000
76,reference,10000,true,uniform,READ,1,23035620,9467723,7697485,10181,12,62,0,0,0,36,1263,67556105,7972554,48780819,45063924,45118019,304172,603321109133,763612090,54705755,7237488,1,0,0,0,0,3846,26001.040041601664,100000,33.48936,22,15455,47,81,100000
76,clean-run,10000,true,uniform,READ,53,6259906,4481328,4470367,446874,1,0,0,0,0,36,1265,67707788,7972554,48883058,45167152,45178317,304186,604157079925,764498402,54706810,7293565,1,0,0,0,0,24539,4075.145686458291,100000,239.48148,147,23711,405,491,100000
76,avg-run,10000,true,uniform,READ,55,12192370,8613845,8571962,856887,5,0,0,0,0,36,1267,67745815,7972554,48984582,45268658,45231426,307608,604990270931,765420709,54706919,7293565,1,0,0,0,0,22961,4355.211009973434,100000,223.74922,134,25311,407,485,100000
77,extend,10000,true,uniform,EXTEND,2,959355528,440257208,434986409,19206974,7703103,18754911,0,0,0,36,1272,68241460,7972554,48984621,45268697,45400658,307645,607800452577,767550094,55110436,7293565,0,0,0,0,1,171451,583.25702387271,100000,1706.37167,656,28543,2077,2483,100000
77,run,10000,true,uniform,READ,2,965568013,444800897,439509202,19206978,7703125,18754915,0,0,0,36,1272,68256361,7972554,48984621,45268697,45400658,307645,608007526636,767823536,55178269,7299153,1,0,0,0,0,26489,3775.1519498659823,100000,259.22466,154,19871,418,497,100000
77,reference,10000,true,uniform,READ,1,23338279,9593417,7798776,10181,12,62,0,0,0,36,1272,68256406,7972554,48984621,45268697,45400658,307645,608007526636,767823536,55178269,7299153,1,0,0,0,0,3999,25006.251562890724,100000,35.00916,20,12735,44,72,100000
77,clean-run,10000,true,uniform,READ,53,6322754,4532183,4521222,452050,1,0,0,0,0,36,1274,68393968,7972554,49087398,45372463,45445050,307665,608854157632,768720210,55179320,7358987,1,0,0,0,0,23869,4189.534542712305,100000,232.95262,145,18959,405,485,100000
77,avg-run,10000,true,uniform,READ,55,12252382,8664700,8622817,862063,5,0,0,0,0,36,1276,68430902,7972554,49188922,45473969,45496971,311002,609697248396,769641104,55179429,7358987,1,0,0,0,0,22148,4515.080368430558,100000,215.81204,137,22959,404,489,100000
78,extend,10000,true,uniform,EXTEND,2,975859427,450383692,445046559,19656786,7803147,19199588,0,0,0,36,1281,68945988,7972554,49188997,45474044,45659499,311035,612722102846,771795223,55628547,7358987,0,0,0,0,1,172740,578.904712284358,100000,1718.74703,701,27167,2085,2491,100000
78,run,10000,true,uniform,READ,2,982009327,454978306,449620277,19656790,7803169,19199592,0,0,0,36,1281,68962636,7972554,49188997,45474044,45659499,311035,612863879300,772063595,55675763,7364649,1,0,0,0,0,26688,3747.002398081535,100000,261.19573,154,23423,422,514,100000
78,reference,10000,true,uniform,READ,1,23640938,9719111,7900067,10181,12,62,0,0,0,36,1281,68962677,7972554,49188997,45474044,45659499,311035,612863879300,772063595,55675763,7364649,1,0,0,0,0,3788,26399.155227032734,100000,33.06419,22,12951,43,75,100000
78,clean-run,10000,true,uniform,READ,53,6384602,4583908,4572947,457185,1,0,0,0,0,36,1283,69117744,7972554,49292522,45578558,45716157,311057,613722193554,772970562,55676948,7425443,1,0,0,0,0,25358,3943.528669453427,100000,247.56923,143,22783,413,493,100000
78,avg-run,10000,true,uniform,READ,55,12307708,8716440,8674557,867198,5,0,0,0,0,36,1285,69156933,7972554,49394046,45680064,45770372,314514,614575090188,773888195,55677057,7425443,1,0,0,0,0,22435,4457.321149988857,100000,218.6923,135,21343,402,470,100000
79,extend,10000,true,uniform,EXTEND,2,992413289,460623346,455219879,20111747,7903191,19649268,0,0,0,36,1290,69688033,7972554,49394117,45680135,45927903,314549,617709391826,776058877,56142118,7425443,0,0,0,0,1,174389,573.430663631307,100000,1735.88752,638,21407,2099,2549,100000
79,run,10000,true,uniform,READ,2,998757173,465269743,459845380,20111751,7903213,19649272,0,0,0,36,1291,69703709,7972554,49394117,45680135,45954055,314552,617840369345,776346490,56184479,7428687,1,0,0,0,0,27351,3656.173448868414,100000,267.33911,153,25887,430,506,100000
79,reference,10000,true,uniform,READ,1,23943597,9844805,8001358,10181,12,62,0,0,0,36,1291,69705826,7972554,49394117,45680135,45954055,314552,617840369345,776346490,56184479,7428687,1,0,0,0,0,4134,24189.646831156264,100000,36.61731,22,13351,47,79,100000
79,clean-run,10000,true,uniform,READ,53,6446160,4636333,4625372,462466,1,0,0,0,0,36,1293,69859863,7972554,49498572,45785579,45992409,314572,618709476892,777264025,56185673,7491559,1,0,0,0,0,24761,4038.609103024918,100000,241.86389,146,23647,417,504,100000
79,avg-run,10000,true,uniform,READ,55,13803497,9768823,9726940,972479,5,0,0,0,0,36,1295,69899863,7972554,49601112,45888101,46045516,317721,619586550038,778396582,56185787,7491559,1,0,0,0,0,23256,4299.965600275198,100000,226.74817,143,25599,404,480,100000
80,extend,10000,true,uniform,EXTEND,2,1009273896,470979281,465508603,20572042,8003246,20104390,0,0,0,36,1301,70443965,7972554,49601193,45888181,46226221,317758,622793060978,780598219,56673730,7491559,0,0,0,0,1,177220,564.2703983749012,100000,1763.68784,694,70079,2117,2723,100000
80,run,10000,true,uniform,READ,2,1015438515,475677827,470187130,20572044,8003257,20104392,0,0,0,36,1301,70480712,7972554,49601194,45888181,46226221,317758,623061774070,780894934,56759244,7510716,1,0,0,0,0,27128,3686.2282512533175,100000,265.05772,157,21135,427,511,100000
80,reference,10000,true,uniform,READ,1,24246256,9970499,8102649,10181,12,62,0,0,0,36,1301,70480754,7972554,49601194,45888181,46226221,317758,623061774070,780894934,56759244,7510716,1,0,0,0,0,3792,26371.308016877636,100000,32.99121,22,13735,42,69,100000
80,clean-run,10000,true,uniform,READ,53,6503916,4688160,4677199,467639,1,0,0,0,0,36,1303,70626445,7972554,49706717,45994693,46266154,317773,623940453736,781822837,56760295,7574641,1,0,0,0,0,24525,4077.471967380224,100000,239.64735,146,23887,408,495,100000
80,avg-run,10000,true,uniform,READ,55,13856492,9820642,9778759,977652,5,0,0,0,0,36,1305,70667802,7972554,49810444,46098402,46318283,320774,624827587004,782956583,56760410,7574641,1,0,0,0,0,24220,4128.819157720892,100000,236.68217,137,19791,418,494,100000
81,extend,10000,true,uniform,EXTEND,2,1026037526,481448428,475911416,21037203,8103290,20564463,0,0,0,36,1311,71220750,7972554,49810538,46098496,46496334,320808,628106416146,785187716,57259865,7574641,0,0,0,0,1,177261,564.1398841256678,100000,1764.70658,654,23887,2153,2605,100000
81,run,10000,true,uniform,READ,2,1032239082,486196314,480639283,21037205,8103301,20564465,0,0,0,36,1311,71253133,7972554,49810538,46098496,46496334,320808,628340031638,785472108,57332914,7587488,1,0,0,0,0,27088,3691.671588895452,100000,264.91411,157,21055,427,519,100000
81,reference,10000,true,uniform,READ,1,24548915,10096193,8203940,10181,12,62,0,0,0,36,1311,71253175,7972554,49810538,46098496,46496334,320808,628340031638,785472108,57332914,7587488,1,0,0,0,0,3768,26539.27813163482,100000,32.95462,22,13903,46,76,100000
81,clean-run,10000,true,uniform,READ,53,6769505,4738958,4727994,472740,1,0,0,0,0,36,1313,71401827,7972554,49917193,46206137,46540060,320826,629236533508,786515555,57334084,7651763,1,0,0,0,0,24114,4146.96856597827,100000,235.63773,147,28367,399,488,100000
81,avg-run,10000,true,uniform,READ,55,14115545,9871571,9829685,982742,16,2,0,0,0,36,1315,71444919,7972554,50022582,46311508,46590530,323786,630133760065,787650952,57334193,7651763,1,0,0,0,0,24520,4078.3034257748777,100000,239.45984,150,21199,413,483,100000
82,extend,10000,true,uniform,EXTEND,2,1042898209,492027924,486425455,21507824,8203323,21029982,0,0,0,36,1321,72024352,7972554,50022605,46311531,46764544,323821,633510038531,789936773,57852896,7651763,0,0,0,0,1,176996,564.9845194241677,100000,1761.5776,650,25583,2157,2585,100000
82,run,10000,true,uniform,READ,2,1049173373,496829596,491206231,21507828,8203345,21029986,0,0,0,36,1321,72048209,7972554,50022605,46311531,46764544,323821,633680880847,790202127,57908537,7662376,1,0,0,0,0,27364,3654.436485893875,100000,267.3739,149,26959,428,511,100000
82,reference,10000,true,uniform,READ,1,24851574,10221887,8305231,10181,12,62,0,0,0,36,1321,72048251,7972554,50022605,46311531,46764544,323821,633680880847,790202127,57908537,7662376,1,0,0,0,0,3849,25980.77422707197,100000,33.68489,22,12519,42,68,100000
82,clean-run,10000,true,uniform,READ,53,6612545,4789990,4779029,477829,1,0,0,0,0,36,1323,72206762,7972554,50130400,46420315,46815589,323848,634581956380,791150430,57909720,7727565,1,0,0,0,0,24792,4033.5592126492415,100000,242.09159,146,22271,414,500,100000
82,avg-run,10000,true,uniform,READ,55,13925870,9922522,9880639,987842,5,0,0,0,0,36,1325,72250977,7972554,50237204,46527101,46867622,326828,635488436448,792273764,57909826,7727565,1,0,0,0,0,24130,4144.218814753419,100000,235.49663,153,23023,413,509,100000
83,extend,10000,true,uniform,EXTEND,2,1059902480,502722452,497053649,21983405,8303367,21500366,0,0,0,36,1331,72841006,7972554,50237328,46527223,47039290,326870,638936123873,794577098,58440738,7727565,0,0,0,0,1,178146,561.3373300551233,100000,1773.01968,786,25791,2167,2591,100000
83,run,10000,true,uniform,READ,2,1066226487,507575976,501886277,21983409,8303389,21500370,0,0,0,36,1331,72862451,7972554,50237328,46527223,47039290,326870,639090393621,794845201,58491160,7733423,1,0,0,0,0,28288,3535.0678733031673,100000,276.62878,156,22191,435,511,100000
83,reference,10000,true,uniform,READ,1,25154233,10347581,8406522,10181,12,62,0,0,0,36,1331,72862490,7972554,50237328,46527223,47039290,326870,639090393671,794845202,58491160,7733423,1,0,0,0,0,3553,28145.229383619477,100000,31.07629,22,13159,41,71,100000
83,clean-run,10000,true,uniform,READ,53,6666698,4842802,4831841,483026,1,0,0,0,0,36,1333,73029150,7972554,50346289,46637173,47094778,326891,640001037149,795803913,58492197,7792739,1,0,0,0,0,25683,3893.6261340186115,100000,251.13127,142,20271,421,500,100000
83,avg-run,10000,true,uniform,READ,55,13950852,9975319,9933436,993039,5,0,0,0,0,36,1335,73079157,7972554,50454355,46745221,47150518,329741,640916882420,796916462,58492296,7792739,1,0,0,0,0,24921,4012.680069018097,100000,243.31436,155,22735,419,509,100000
84,extend,10000,true,uniform,EXTEND,2,1076497889,513531471,507795457,22464238,8403422,21976194,0,0,0,36,1341,73641960,7972554,50474195,46765061,47333546,329877,644084588697,799106203,58981742,7792739,0,0,0,0,1,175471,569.8947404414405,100000,1746.10658,594,26975,2127,2531,100000
84,run,10000,true,uniform,READ,2,1082689331,518434234,512678201,22464240,8403433,21976196,0,0,0,36,1341,73680358,7972554,50474196,46765062,47333546,329877,644310909844,799429911,59073542,7806154,1,0,0,0,0,28654,3489.9141481119564,100000,280.36046,152,21215,436,516,100000
84,reference,10000,true,uniform,READ,1,25456892,10473275,8507813,10181,12,62,0,0,0,36,1341,73680400,7972554,50474196,46765062,47333546,329877,644310909894,799429912,59073542,7806154,1,0,0,0,0,3852,25960.53997923157,100000,33.81451,22,11903,43,80,100000
84,clean-run,10000,true,uniform,READ,53,6715476,4892508,4881547,488031,1,0,0,0,0,36,1343,73855124,7972554,50584406,46876261,47378621,329928,645232855719,800398648,59074661,7866443,1,0,0,0,0,25595,3907.0130884938467,100000,250.21196,146,20831,419,492,100000
84,avg-run,10000,true,uniform,READ,55,14009637,10025040,9983157,998044,5,0,0,0,0,36,1345,73902836,7972554,50694538,46986375,47434598,332805,646159330698,801522382,59074749,7866443,1,0,0,0,0,25100,3984.06374501992,100000,245.29921,158,19999,418,503,100000
85,extend,10000,true,uniform,EXTEND,2,1092915224,524449930,518647582,22949832,8503466,22456802,0,0,0,36,1350,74450755,7972554,50694539,46986376,47595937,332834,649217079718,803664565,59530074,7866443,0,0,0,0,1,174477,573.141445577354,100000,1736.49274,707,23871,2095,2473,100000
85,run,10000,true,uniform,READ,2,1099167116,529403027,523579784,22949834,8503477,22456804,0,0,0,36,1351,74533062,7972554,50694539,46986376,47623149,332838,649597094825,804025135,59676379,7896261,1,0,0,0,0,29484,3391.670058336725,100000,288.54274,166,25599,440,519,100000
85,reference,10000,true,uniform,READ,1,25759551,10598969,8609104,10181,12,62,0,0,0,36,1351,74533105,7972554,50694539,46986376,47623149,332838,649597094825,804025135,59676379,7896261,1,0,0,0,0,3869,25846.471956577927,100000,33.80307,22,11511,46,77,100000
85,clean-run,10000,true,uniform,READ,53,6764880,4943007,4932046,493017,1,0,0,0,0,36,1353,74663392,7972554,50805969,47098795,47667282,332854,650529013718,805003856,59677408,7960603,1,0,0,0,0,25634,3901.068892876648,100000,250.38188,152,24111,411,511,100000
85,avg-run,10000,true,uniform,READ,55,14030750,10075523,10033640,1003029,5,0,0,0,0,36,1355,74716134,7972554,50916101,47208909,47720319,335682,651464638160,806113476,59677487,7960603,1,0,0,0,0,26122,3828.190797029324,100000,255.22081,160,19743,423,504,100000
86,extend,10000,true,uniform,EXTEND,2,1109475568,535477238,529608556,23439998,8603510,22941992,0,0,0,36,1361,75258977,7972554,50916193,47209001,47903947,335720,654651554553,808262230,60146678,7960603,0,0,0,0,1,176842,565.4765270693614,100000,1760.34962,646,23711,2115,2521,100000
86,run,10000,true,uniform,READ,2,1115774499,540479969,534590392,23440000,8603521,22941994,0,0,0,36,1361,75303116,7972554,50916193,47209001,47903947,335720,654962765299,808664086,60255684,7984930,1,0,0,0,0,29742,3362.2486719117746,100000,291.32046,168,22687,438,507,100000
86,reference,10000,true,uniform,READ,1,26062210,10724663,8710395,10181,12,62,0,0,0,36,1361,75303163,7972554,50916193,47209001,47903947,335720,654962765299,808664086,60255684,7984930,1,0,0,0,0,4327,23110.700254217703,100000,38.5278,23,15743,48,77,100000
86,clean-run,10000,true,uniform,READ,53,6808872,4991797,4980836,497993,1,0,0,0,0,36,1363,75496965,7972554,51028900,47322697,47954863,335760,655906301340,809652773,60256837,8048513,1,0,0,0,0,24920,4012.8410914927767,100000,243.42989,152,23871,400,477,100000
86,avg-run,10000,true,uniform,READ,55,14073437,10124329,10082446,1008006,5,0,0,0,0,36,1365,75548378,7972554,51143204,47436983,48006450,338752,656852610974,810774226,60256913,8048513,1,0,0,0,0,25700,3891.0505836575876,100000,251.01166,158,25407,416,499,100000
87,extend,10000,true,uniform,EXTEND,2,1126115383,546613724,540678708,23935114,8703554,23432200,0,0,0,36,1371,76118678,7972554,51143212,47436991,48185185,338793,660093608860,812909865,60736738,8048513,0,0,0,0,1,177136,564.5379821154368,100000,1763.27523,665,25519,2137,2535,100000
87,run,10000,true,uniform,READ,2,1132426383,551665510,545709599,23935116,8703565,23432202,0,0,0,36,1371,76163470,7972554,51143212,47436991,48185185,338793,660406733053,813331745,60847109,8071392,1,0,0,0,0,29622,3375.869286341233,100000,290.16412,170,21503,439,523,100000
87,reference,10000,true,uniform,READ,1,26364942,10851247,8811700,10181,12,62,0,0,0,36,1371,76163513,7972554,51143212,47436991,48185185,338793,660406733053,813331745,60847109,8071392,1,0,0,0,0,3899,25647.601949217747,100000,34.36818,23,12151,43,70,100000
87,clean-run,10000,true,uniform,READ,53,6851867,5041473,5030512,502901,1,0,0,0,0,36,1373,76371291,7972554,51257165,47551933,48240570,338819,661360814535,814330262,60848247,8133940,1,0,0,0,0,24767,4037.6307182945047,100000,242.04481,158,20175,400,479,100000
87,avg-run,10000,true,uniform,READ,55,14110421,10174005,10132122,1012914,5,0,0,0,0,36,1375,76423613,7972554,51371469,47666219,48294261,341698,662316932513,815448714,60848321,8133940,1,0,0,0,0,24366,4104.079454978249,100000,238.00014,161,23087,396,479,100000
88,extend,10000,true,uniform,EXTEND,2,1143304389,557857746,551856397,24435649,8803587,23927846,0,0,0,36,1381,77006936,7972554,51371470,47666220,48470466,341741,665622288022,817824550,61360953,8133940,0,0,0,0,1,178204,561.1546317703306,100000,1773.77263,670,23151,2141,2599,100000
88,run,10000,true,uniform,READ,2,1149686214,562958791,556936546,24435653,8803609,23927850,0,0,0,36,1381,77027864,7972554,51371471,47666220,48470466,341741,665785945901,818111788,61419744,8142815,1,0,0,0,0,29835,3351.768057650411,100000,292.04616,166,19983,441,534,100000
88,reference,10000,true,uniform,READ,1,26667601,10976941,8912991,10181,12,62,0,0,0,36,1381,77027906,7972554,51371471,47666220,48470466,341741,665785945901,818111788,61419744,8142815,1,0,0,0,0,3766,26553.37227827934,100000,32.77497,23,11471,42,77,100000
88,clean-run,10000,true,uniform,READ,53,6891394,5089137,5078176,507790,1,0,0,0,0,36,1383,77210715,7972554,51486721,47782459,48526550,341763,666750436471,819120096,61420851,8208729,1,0,0,0,0,25354,3944.150824327522,100000,247.69801,158,25055,408,494,100000
88,avg-run,10000,true,uniform,READ,55,14159774,10221668,10179785,1017802,5,0,0,0,0,36,1385,77264009,7972554,51601025,47896745,48581866,344598,667716823207,820243454,61420921,8208729,1,0,0,0,0,25194,3969.199015638644,100000,246.37046,171,20927,406,487,100000
89,extend,10000,true,uniform,EXTEND,2,1160607270,569208641,563140081,24940368,8903642,24427761,0,0,0,36,1391,77846456,7972554,51601026,47896746,48756658,344629,671097499686,822583582,61924524,8208729,0,0,0,0,1,180429,554.2346296881321,100000,1795.88252,654,79807,2163,2661,100000
89,run,10000,true,uniform,READ,2,1166950873,574356510,568267931,24940370,8903653,24427763,0,0,0,36,1391,77867697,7972554,51601026,47896746,48776854,344635,671281019040,822907943,61986525,8218332,1,0,0,0,0,30154,3316.3096106652515,100000,295.44942,173,20399,441,510,100000
89,reference,10000,true,uniform,READ,1,26970260,11102635,9014282,10181,12,62,0,0,0,36,1391,77867697,7972554,51601026,47896746,48776854,344635,671281019040,822907943,61986525,8218332,1,0,0,0,0,3846,26001.040041601664,100000,33.88604,23,12391,43,69,100000
89,clean-run,10000,true,uniform,READ,53,6926877,5137705,5126744,512601,1,0,0,0,0,36,1393,78065361,7972554,51717561,48014270,48784633,344644,672256095290,823925889,61987627,8287169,1,0,0,0,0,26181,3819.563805813376,100000,255.76638,164,21615,415,485,100000
89,avg-run,10000,true,uniform,READ,55,14126759,10270237,10228354,1022614,5,0,0,0,0,36,1395,78125746,7972554,51844363,48141054,48837652,347854,673232651623,825052497,61987696,8287169,1,0,0,0,0,24216,4129.501156260324,100000,236.7192,160,20527,395,467,100000
90,extend,10000,true,uniform,EXTEND,2,1177483378,580666821,574531927,25450574,9003686,24933006,0,0,0,36,1401,78703209,7972554,51844487,48141178,49010517,347890,676635758672,827301053,62490489,8287169,0,0,0,0,1,180370,554.4159228253036,100000,1795.18012,788,29679,2167,2629,100000
90,run,10000,true,uniform,READ,2,1183874104,585864030,579708241,25450576,9003697,24933008,0,0,0,36,1402,78736022,7972554,51844488,48141178,49034157,347895,676858288644,827695268,62568193,8301506,1,0,0,0,0,29742,3362.2486719117746,100000,291.28732,181,20447,438,515,100000
90,reference,10000,true,uniform,READ,1,27272919,11228329,9115573,10181,12,62,0,0,0,36,1402,78738671,7972554,51844488,48141178,49034157,347895,676858288644,827695268,62568193,8301506,1,0,0,0,0,3678,27188.68950516585,100000,31.92565,23,11559,45,76,100000
90,clean-run,10000,true,uniform,READ,53,6960292,5186963,5176002,517555,1,0,0,0,0,36,1404,78950018,7972554,51962316,48259995,49076941,347914,677843849782,828723133,62569271,8385040,1,0,0,0,0,26887,3719.269535463235,100000,262.93382,161,25487,420,496,100000
90,avg-run,10000,true,uniform,READ,55,14119038,10319495,10277612,1027568,5,0,0,0,0,36,1406,79020635,7972554,52089118,48386779,49133411,351108,678829174864,829829194,62569339,8385040,1,0,0,0,0,25000,4000.0,100000,244.21975,166,23567,407,480,100000
91,extend,10000,true,uniform,EXTEND,2,1194964510,592232845,586030741,25965423,9103730,25442856,0,0,0,36,1413,79658593,7972554,52089256,48386917,49321025,351167,682491571178,832308246,63160197,8385040,0,0,0,0,1,181712,550.3213876904113,100000,1808.42734,658,30639,2191,2669,100000
91,run,10000,true,uniform,READ,2,1201372361,597478906,591256783,25965425,9103741,25442858,0,0,0,36,1413,79689458,7972554,52089256,48386917,49321025,351167,682707758508,832598976,63232281,8398941,1,0,0,0,0,28843,3467.045730333183,100000,282.1992,176,25391,431,501,100000
91,reference,10000,true,uniform,READ,1,27575651,11354913,9216878,10181,12,62,0,0,0,36,1413,79689498,7972554,52089256,48386917,49321025,351167,682707758508,832598976,63232281,8398941,1,0,0,0,0,3550,28169.014084507042,100000,30.85842,23,11991,40,78,100000
91,clean-run,10000,true,uniform,READ,53,6991226,5237712,5226751,522554,1,0,0,0,0,36,1415,79860915,7972554,52208392,48507042,49368040,351188,683703967799,833636852,63233359,8463722,1,0,0,0,0,25248,3960.7097591888464,100000,246.69075,161,23951,403,480,100000
91,avg-run,10000,true,uniform,READ,55,14201179,10370243,10328360,1032566,5,0,0,0,0,36,1417,79923294,7972554,52335195,48633827,49421655,354271,684700789396,834768483,63233423,8463722,1,0,0,0,0,25148,3976.4593605853347,100000,245.79743,168,23471,413,494,100000
92,extend,10000,true,uniform,EXTEND,2,1212491814,603906835,597639274,26484952,9203763,25957518,0,0,0,36,1424,80557415,7972554,52335196,48633828,49607230,354316,688302038171,837177438,63779516,8463722,0,0,0,0,1,182807,547.0250045129563,100000,1819.61874,759,29391,2209,2761,100000
92,run,10000,true,uniform,READ,2,1219250232,609203494,602915037,26484956,9203785,25957522,0,0,0,36,1424,80597483,7972554,52335196,48633828,49607230,354316,688622894337,837540002,63888528,8474383,1,0,0,0,0,29528,3386.616093199675,100000,289.01511,162,22223,441,530,100000
92,reference,10000,true,uniform,READ,1,27878310,11480607,9318169,10181,12,62,0,0,0,36,1424,80597523,7972554,52335196,48633828,49607230,354316,688622894337,837540002,63888528,8474383,1,0,0,0,0,3634,27517.8866263071,100000,31.40955,23,12031,46,74,100000
92,clean-run,10000,true,uniform,READ,53,7019573,5285647,5274686,527421,1,0,0,0,0,36,1426,80761523,7972554,52455674,48755295,49657835,354342,689629887316,838587626,63889623,8537815,1,0,0,0,0,26042,3839.9508486291375,100000,254.5669,161,25519,416,489,100000
92,avg-run,10000,true,uniform,READ,55,14183145,10418164,10376281,1037434,5,0,0,0,0,36,1428,80831556,7972554,52582476,48882079,49712527,357404,690635361352,839696103,63889691,8537815,1,0,0,0,0,25579,3909.4569764259745,100000,249.99519,164,26239,411,484,100000
93,extend,10000,true,uniform,EXTEND,2,1229931600,615690011,609355239,27009566,9303818,26477266,0,0,0,36,1434,81364821,7972554,52582478,48882491,49907875,357449,694121298222,842023798,64391000,8537815,0,0,0,0,1,179968,555.6543385490754,100000,1791.39974,707,24767,2169,2597,100000
93,run,10000,true,uniform,READ,2,1236395577,621034532,614678865,27009568,9303829,26477268,0,0,0,36,1435,81441891,7972554,52582947,48882550,49907875,357449,694535980202,842455291,64540173,8571614,1,0,0,0,0,30041,3328.783995206551,100000,293.98732,173,30879,442,511,100000
93,reference,10000,true,uniform,READ,1,28181042,11607191,9419474,10181,12,62,0,0,0,36,1435,81441932,7972554,52582947,48882550,49907875,357449,694535980202,842455291,64540173,8571614,1,0,0,0,0,3721,26874.496103198064,100000,32.69481,23,11655,46,75,100000
93,clean-run,10000,true,uniform,READ,53,7045384,5334068,5323107,532287,1,0,0,0,0,36,1437,81621291,7972554,52704753,49005345,49952302,357474,695553863126,843512660,64541301,8641250,1,0,0,0,0,25994,3847.0416249903824,100000,254.09734,161,22447,414,487,100000
93,avg-run,10000,true,uniform,READ,55,14280179,10466600,10424717,1042300,5,0,0,0,0,36,1439,81685207,7972554,52831556,49132130,50004196,360491,696571416915,844656697,64541365,8641250,1,0,0,0,0,24821,4028.8465412352443,100000,242.27799,156,27343,414,513,100000
94,extend,10000,true,uniform,EXTEND,2,1247620310,627578559,621177454,27538894,9403851,27001624,0,0,0,36,1446,82374984,7972554,52831713,49132287,50190623,360538,700266773336,847124783,65131460,8641250,0,0,0,0,1,182513,547.9061765463282,100000,1816.50516,729,29039,2207,2659,100000
94,run,10000,true,uniform,READ,2,1254222314,632973616,626551615,27538898,9403873,27001628,0,0,0,36,1446,82398480,7972554,52831713,49132287,50190623,360538,700465278882,847435004,65200864,8650306,1,0,0,0,0,30429,3286.338690065398,100000,297.94941,174,26767,444,511,100000
94,reference,10000,true,uniform,READ,1,28483701,11732885,9520765,10181,12,62,0,0,0,36,1446,82398522,7972554,52831713,49132287,50190623,360538,700465278882,847435004,65200864,8650306,1,0,0,0,0,3791,26378.26431020839,100000,33.00079,23,13863,42,71,100000
94,clean-run,10000,true,uniform,READ,53,7070469,5383988,5373027,537257,1,0,0,0,0,36,1448,82586571,7972554,52954896,49256459,50245078,360568,701493403788,848502335,65201938,8721743,1,0,0,0,0,26262,3807.78310867413,100000,256.58371,162,25119,414,510,100000
94,avg-run,10000,true,uniform,READ,55,14257191,10516520,10474637,1047270,5,0,0,0,0,36,1450,82651427,7972554,53081698,49383243,50296640,363523,702519520824,849622366,65202001,8721743,1,0,0,0,0,23414,4270.949004868882,100000,228.7528,156,21311,395,472,100000
95,extend,10000,true,uniform,EXTEND,2,1265497044,639578120,633110681,28073689,9503895,27531469,0,0,0,36,1457,83294176,7972554,53081699,49383244,50477985,363568,706171131469,852087196,65751457,8721743,0,0,0,0,1,183799,544.0726010478838,100000,1829.55744,718,54399,2227,2863,100000
95,run,10000,true,uniform,READ,2,1272342410,645023040,638534705,28073693,9503917,27531473,0,0,0,36,1457,83318750,7972554,53081699,49383244,50477985,363568,706465463506,852462631,65849789,8727439,1,0,0,0,0,30207,3310.4909458072634,100000,295.59297,175,28591,443,535,100000
95,reference,10000,true,uniform,READ,1,28786360,11858579,9622056,10181,12,62,0,0,0,36,1457,83318791,7972554,53081699,49383244,50477985,363568,706465463506,852462631,65849789,8727439,1,0,0,0,0,3758,26609.89888238425,100000,33.04675,23,11687,47,75,100000
95,clean-run,10000,true,uniform,READ,53,7092648,5432675,5421714,542207,1,0,0,0,0,36,1459,83503887,7972554,53206335,49508869,50534666,363591,707504172025,853539868,65850852,8792997,1,0,0,0,0,26764,3736.3622776864445,100000,261.70462,165,20271,421,492,100000
95,avg-run,10000,true,uniform,READ,55,14231080,10565206,10523323,1052219,5,0,0,0,0,36,1461,83575290,7972554,53333136,49635652,50588599,366537,708538838238,854635789,65850915,8792997,1,0,0,0,0,25373,3941.197335750601,100000,247.95365,155,25807,419,506,100000
96,extend,10000,true,uniform,EXTEND,2,1283686510,651689419,645154769,28613600,9603950,28066274,0,0,0,36,1468,84283326,7972554,53333139,49635655,50766949,366574,712451778839,857252989,66478237,8792997,0,0,0,0,1,184264,542.6996049146876,100000,1833.99087,694,29423,2229,2669,100000
96,run,10000,true,uniform,READ,2,1290190197,657185457,650629912,28613602,9603961,28066276,0,0,0,36,1469,84307798,7972554,53333139,49635655,50790792,366584,712619810758,857520747,66544183,8808552,1,0,0,0,0,30395,3290.014805066623,100000,297.5527,176,28223,447,533,100000
96,reference,10000,true,uniform,READ,1,29089092,11985163,9723361,10181,12,62,0,0,0,36,1469,84307845,7972554,53333139,49635655,50790792,366584,712619810758,857520747,66544183,8808552,1,0,0,0,0,4329,23100.0231000231,100000,38.45315,23,13503,48,77,100000
96,clean-run,10000,true,uniform,READ,53,7116453,5485054,5474093,547313,1,0,0,0,0,36,1471,84484070,7972554,53459256,49762761,50851994,366683,713669209388,858608211,66545247,8875963,1,0,0,0,0,27785,3599.064243296743,100000,271.84865,167,20639,438,525,100000
96,avg-run,10000,true,uniform,READ,55,14247961,10617586,10575703,1057326,5,0,0,0,0,36,1473,84555992,7972554,53586057,49889544,50865660,369563,714713657849,859700674,66545310,8875963,1,0,0,0,0,24831,4027.2240344730376,100000,242.4609,157,24527,413,481,100000
97,extend,10000,true,uniform,EXTEND,2,1300974656,663912913,657311053,29158666,9703994,28606314,0,0,0,36,1480,85207937,7972554,53620264,49923751,51057568,369748,718260173603,862190386,67094561,8875963,0,0,0,0,1,180088,555.2840833370352,100000,1792.45407,619,26863,2177,2619,100000
97,run,10000,true,uniform,READ,2,1307432149,669457156,662835277,29158668,9704005,28606316,0,0,0,36,1480,85247661,7972554,53620265,49923752,51057568,369748,718468932648,862547558,67186917,8887655,1,0,0,0,0,28810,3471.017007983339,100000,282.00587,168,23615,436,530,100000
97,reference,10000,true,uniform,READ,1,29391751,12110857,9824652,10181,12,62,0,0,0,36,1480,85247703,7972554,53620265,49923752,51057568,369748,718468932648,862547558,67186917,8887655,1,0,0,0,0,3841,26034.886748242647,100000,33.80958,23,13263,45,85,100000
97,clean-run,10000,true,uniform,READ,53,7139320,5535926,5524885,552339,1,0,0,0,0,36,1482,85473642,7972554,53747991,50052467,51149252,369779,719529401107,863645097,67188036,8955123,1,0,0,0,0,27832,3592.986490370796,100000,272.27572,168,22783,433,507,100000
97,avg-run,10000,true,uniform,READ,55,14255811,10668458,10626495,1062352,5,0,0,0,0,36,1484,85545897,7972554,53874792,50179250,51162713,372579,720583408318,864730056,67188097,8955123,1,0,0,0,0,24493,4082.79916710897,100000,239.47329,160,20431,411,500,100000
98,extend,10000,true,uniform,EXTEND,2,1318794609,676244061,669575867,29708668,9804038,29151181,0,0,0,36,1491,86213564,7972554,53874795,50179253,51350476,372629,724162686260,867376349,67759198,8955123,0,0,0,0,1,180392,554.3483081289636,100000,1795.5053,673,31903,2193,2641,100000
98,run,10000,true,uniform,READ,2,1325257942,681841088,675151999,29708670,9804049,29151183,0,0,0,36,1491,86239512,7972554,53874795,50179253,51350476,372629,724325632292,867649010,67821468,8965222,1,0,0,0,0,31513,3173.2935613873638,100000,308.94205,172,23071,450,541,100000
98,reference,10000,true,uniform,READ,1,29694701,12237537,9926053,10181,12,62,0,0,0,36,1491,86239553,7972554,53874795,50179253,51350476,372629,724325632292,867649010,67821468,8965222,1,0,0,0,0,3697,27048.958615093317,100000,32.4009,23,12719,46,70,100000
98,clean-run,10000,true,uniform,READ,53,7160766,5588246,5577205,557474,18,0,0,0,0,36,1493,86427760,7972554,54004179,50309626,51422141,372748,725396625182,868756845,67822566,9033338,1,0,0,0,0,27604,3622.6633821185337,100000,270.18431,166,20559,428,502,100000
98,avg-run,10000,true,uniform,READ,55,14283428,10720778,10678815,1067487,22,0,0,0,0,36,1495,86499308,7972554,54130980,50436409,51435597,375527,726460796508,869844887,67822626,9033338,1,0,0,0,0,25635,3900.916715428126,100000,250.65283,155,19855,424,507,100000
99,extend,10000,true,uniform,EXTEND,2,1336087079,688689829,681954425,30263724,9904082,29701219,0,0,0,36,1502,87153466,7972554,54138016,50443445,51632589,375657,729943135099,872352545,68361408,9033338,0,0,0,0,1,181538,550.8488580903172,100000,1807.36928,653,25183,2177,2593,100000
99,run,10000,true,uniform,READ,2,1342549726,694336145,687580722,30263726,9904093,29701221,0,0,0,36,1502,87189734,7972554,54138016,50443445,51632589,375657,730158735374,872723375,68458924,9044297,1,0,0,0,0,29725,3364.17157275021,100000,291.06161,174,22687,443,518,100000
99,reference,10000,true,uniform,READ,1,29997360,12363231,10027344,10181,12,62,0,0,0,36,1502,87189782,7972554,54138016,50443445,51632589,375657,730158735374,872723375,68458924,9044297,1,0,0,0,0,4354,22967.38631143776,100000,38.66682,23,13119,49,79,100000
99,clean-run,10000,true,uniform,READ,53,7177869,5636083,5625122,562492,1,0,0,0,0,36,1504,87404640,7972554,54269203,50575621,51702108,375781,731240767088,873841239,68460077,9108950,1,0,0,0,0,28940,3455.425017277125,100000,283.5072,163,21391,448,521,100000
99,avg-run,10000,true,uniform,READ,55,14600613,11768615,11726732,1172505,5,0,0,0,0,36,1506,87485786,7972554,54419610,50727682,51728474,382650,732329492058,875151111,68460136,9108950,1,0,0,0,0,25744,3884.400248601616,100000,251.55968,159,25039,426,504,100000
100,extend,10000,true,uniform,EXTEND,2,1353960402,701245252,694442638,30823562,10004126,30256026,0,0,0,36,1513,88170834,7972554,54421283,50727683,51879512,382692,735844619080,877709426,69001906,9108950,0,0,0,0,1,182611,547.6121372754105,100000,1817.76069,670,25711,2189,2605,100000
100,run,10000,true,uniform,READ,2,1360461643,706941180,700118547,30823564,10004137,30256028,0,0,0,36,1513,88199084,7972554,54421283,50727683,51879512,382692,736037956585,878027111,69076148,9122222,1,0,0,0,0,30497,3279.0110502672396,100000,298.71568,175,26223,450,518,100000
100,reference,10000,true,uniform,READ,1,30300092,12489815,10128649,10181,12,62,0,0,0,36,1513,88199126,7972554,54421283,50727683,51879512,382692,736037956585,878027111,69076148,9122222,1,0,0,0,0,3796,26343.519494204425,100000,33.31836,23,12607,45,90,100000
100,clean-run,10000,true,uniform,READ,53,7196909,5687960,5676999,567523,1,0,0,0,0,36,1515,88397876,7972554,54554365,50861754,51951658,382814,737130413013,879155052,69077270,9190326,1,0,0,0,0,27786,3598.934715324264,100000,271.866,169,26607,439,514,100000
100,avg-run,10000,true,uniform,READ,55,14565185,11820492,11778609,1177536,5,0,0,0,0,36,1517,88480228,7972554,54703496,51013814,51978532,389601,738227528016,880437722,69077326,9190326,1,0,0,0,0,25161,3974.404832876277,100000,246.19263,157,21599,418,500,100000
